;FLAVOR:Marlin
;TIME:1983
;Filament used: 0.44578m
;Layer height: 0.12
;MINX:84.001
;MINY:96
;MINZ:0.12
;MAXX:135.999
;MAXY:124
;MAXZ:18
;TARGET_MACHINE.NAME:Creality Ender-3 Pro
;Generated with Cura_SteamEngine 5.10.0
START_PRINT BED_TEMP=50 EXTRUDER_TEMP=205
M82 ;absolute extrusion mode
G92 E0
G92 E0
G1 F1500 E-6.5
;LAYER_COUNT:150
;LAYER:0
M107
G0 F6000 X87.469 Y99.001 Z0.12
;TYPE:SKIRT
G1 F1500 E0
G1 F1200 X88.179 Y98.387 E0.01873
G1 X88.998 Y97.797 E0.03888
G1 X89.837 Y97.301 E0.05833
G1 X90.651 Y96.91 E0.07635
G1 X91.628 Y96.542 E0.09718
G1 X92.532 Y96.292 E0.1159
G1 X93.534 Y96.109 E0.13623
G1 X94.705 Y96.013 E0.15967
G1 X95.312 Y96 E0.17179
G1 X124.304 Y96 E0.75036
G1 X125.184 Y96.013 E0.76792
G1 X126.156 Y96.072 E0.78735
G1 X127.119 Y96.218 E0.80679
G1 X128.066 Y96.449 E0.82624
G1 X128.954 Y96.749 E0.84495
G1 X129.846 Y97.139 E0.86437
G1 X130.729 Y97.626 E0.8845
G1 X131.48 Y98.128 E0.90252
G1 X132.295 Y98.786 E0.92343
G1 X132.993 Y99.464 E0.94285
G1 X133.629 Y100.201 E0.96227
G1 X134.199 Y100.991 E0.98171
G1 X134.661 Y101.767 E0.99974
G1 X135.115 Y102.709 E1.0206
G1 X135.444 Y103.587 E1.03932
G1 X135.713 Y104.559 E1.05944
G1 X135.89 Y105.525 E1.07904
G1 X135.985 Y106.644 E1.10145
G1 X135.999 Y107.481 E1.11816
G1 X135.988 Y108.176 E1.13203
G1 X135.928 Y109.166 E1.15182
G1 X135.781 Y110.129 E1.17126
G1 X135.549 Y111.074 E1.19068
G1 X135.249 Y111.962 E1.20939
G1 X134.843 Y112.887 E1.22954
G1 X134.408 Y113.679 E1.24758
G1 X133.825 Y114.545 E1.26841
G1 X133.211 Y115.302 E1.28786
G1 X132.533 Y116.001 E1.30729
G1 X131.823 Y116.615 E1.32603
G1 X131.01 Y117.201 E1.34603
G1 X130.354 Y117.598 E1.36133
G1 X129.528 Y118.06 E1.38022
G1 X127.268 Y119.365 E1.43229
G1 X125.159 Y120.667 E1.48176
G1 X122.727 Y122.26 E1.53977
G1 X121.916 Y122.73 E1.55848
G1 X121 Y123.158 E1.57866
G1 X120.086 Y123.488 E1.59805
G1 X119.178 Y123.73 E1.6168
G1 X118.176 Y123.903 E1.63709
G1 X117.027 Y123.987 E1.66008
G1 X116.262 Y124 E1.67535
G1 X103.742 Y123.999 E1.9252
G1 X103.02 Y123.988 E1.93961
G1 X102.032 Y123.928 E1.95937
G1 X101.068 Y123.782 E1.97882
G1 X100.121 Y123.551 E1.99828
G1 X99.232 Y123.25 E2.01701
G1 X98.296 Y122.837 E2.03742
G1 X97.128 Y122.167 E2.06429
G1 X95.772 Y121.271 E2.09673
G1 X93.603 Y119.895 E2.14799
G1 X91.428 Y118.601 E2.19849
G1 X89.584 Y117.562 E2.24073
G1 X88.76 Y117.045 E2.26014
G1 X87.982 Y116.456 E2.27962
G1 X87.263 Y115.802 E2.29901
G1 X86.601 Y115.087 E2.31846
G1 X86.027 Y114.344 E2.3372
G1 X85.484 Y113.494 E2.35732
G1 X85.034 Y112.629 E2.37678
G1 X84.664 Y111.729 E2.3962
G1 X84.373 Y110.799 E2.41565
G1 X84.167 Y109.848 E2.43507
G1 X84.051 Y108.953 E2.45308
G1 X84.013 Y108.293 E2.46627
G1 X84.001 Y107.509 E2.48192
G1 X84.013 Y106.808 E2.49591
G1 X84.073 Y105.835 E2.51536
G1 X84.22 Y104.874 E2.53476
G1 X84.451 Y103.926 E2.55423
G1 X84.753 Y103.037 E2.57297
G1 X85.16 Y102.115 E2.59308
G1 X85.631 Y101.263 E2.61251
G1 X86.176 Y100.454 E2.63198
G1 X86.767 Y99.726 E2.65069
G1 X87.469 Y99.001 E2.67083
G0 F6000 X87.731 Y99.304
G1 F1200 X88.441 Y98.69 E2.68956
G1 X89.202 Y98.141 E2.70829
G1 X90.01 Y97.662 E2.72703
G1 X90.824 Y97.271 E2.74505
G1 X91.735 Y96.928 E2.76448
G1 X92.639 Y96.678 E2.7832
G1 X93.567 Y96.508 E2.80202
G1 X94.714 Y96.413 E2.82499
G1 X95.321 Y96.4 E2.83711
G1 X124.298 Y96.4 E3.41538
G1 X125.16 Y96.412 E3.43258
G1 X126.097 Y96.468 E3.45131
G1 X127.025 Y96.607 E3.47004
G1 X127.938 Y96.828 E3.48878
G1 X128.794 Y97.116 E3.50681
G1 X129.686 Y97.506 E3.52624
G1 X130.507 Y97.959 E3.54495
G1 X131.258 Y98.461 E3.56297
G1 X132.017 Y99.073 E3.58243
G1 X132.691 Y99.726 E3.60116
G1 X133.305 Y100.435 E3.61988
G1 X133.855 Y101.196 E3.63861
G1 X134.317 Y101.972 E3.65664
G1 X134.74 Y102.849 E3.67607
G1 X135.069 Y103.727 E3.69478
G1 X135.32 Y104.632 E3.71352
G1 X135.491 Y105.559 E3.73233
G1 X135.586 Y106.678 E3.75474
G1 X135.599 Y107.475 E3.77065
G1 X135.589 Y108.152 E3.78416
G1 X135.532 Y109.106 E3.80323
G1 X135.392 Y110.034 E3.82196
G1 X135.17 Y110.946 E3.84069
G1 X134.882 Y111.802 E3.85872
G1 X134.492 Y112.694 E3.87815
G1 X134.057 Y113.486 E3.89618
G1 X133.514 Y114.294 E3.91561
G1 X132.924 Y115.024 E3.93434
G1 X132.271 Y115.698 E3.95306
G1 X131.561 Y116.312 E3.9718
G1 X130.803 Y116.859 E3.99045
G1 X130.159 Y117.249 E4.00548
G1 X129.333 Y117.711 E4.02436
G1 X127.068 Y119.019 E4.07656
G1 X124.94 Y120.332 E4.12646
G1 X122.526 Y121.914 E4.18405
G1 X121.715 Y122.384 E4.20276
G1 X120.864 Y122.782 E4.22151
G1 X119.983 Y123.101 E4.24021
G1 X119.075 Y123.343 E4.25896
G1 X118.147 Y123.504 E4.27776
G1 X117.02 Y123.587 E4.30031
G1 X116.262 Y123.6 E4.31544
G1 X103.748 Y123.599 E4.56517
G1 X103.044 Y123.589 E4.57922
G1 X102.091 Y123.532 E4.59827
G1 X101.162 Y123.393 E4.61701
G1 X100.249 Y123.172 E4.63576
G1 X99.393 Y122.884 E4.65378
G1 X98.495 Y122.49 E4.67335
G1 X97.349 Y121.833 E4.69972
G1 X95.993 Y120.937 E4.73215
G1 X93.808 Y119.551 E4.78379
G1 X91.633 Y118.257 E4.83429
G1 X89.796 Y117.223 E4.87636
G1 X89.001 Y116.726 E4.89507
G1 X88.251 Y116.16 E4.91382
G1 X87.556 Y115.53 E4.93254
G1 X86.918 Y114.842 E4.95126
G1 X86.344 Y114.099 E4.97
G1 X85.839 Y113.309 E4.98871
G1 X85.404 Y112.476 E5.00747
G1 X85.046 Y111.609 E5.02618
G1 X84.764 Y110.714 E5.04491
G1 X84.564 Y109.797 E5.06364
G1 X84.448 Y108.902 E5.08165
G1 X84.413 Y108.287 E5.09394
G1 X84.401 Y107.515 E5.10935
G1 X84.412 Y106.832 E5.12298
G1 X84.469 Y105.895 E5.14172
G1 X84.609 Y104.968 E5.16043
G1 X84.83 Y104.055 E5.17917
G1 X85.132 Y103.166 E5.19791
G1 X85.51 Y102.308 E5.21662
G1 X85.963 Y101.486 E5.23535
G1 X86.487 Y100.706 E5.2541
G1 X87.078 Y99.978 E5.27281
G1 X87.731 Y99.304 E5.29154
G0 F6000 X87.993 Y99.606
G1 F1200 X88.675 Y99.014 E5.30956
G1 X89.407 Y98.485 E5.32759
G1 X90.183 Y98.023 E5.34561
G1 X90.997 Y97.632 E5.36363
G1 X91.842 Y97.313 E5.38166
G1 X92.712 Y97.071 E5.39968
G1 X93.6 Y96.907 E5.4177
G1 X94.723 Y96.813 E5.44019
G1 X95.33 Y96.8 E5.4523
G1 X124.293 Y96.8 E6.03029
G1 X125.137 Y96.811 E6.04713
G1 X126.039 Y96.864 E6.06517
G1 X126.932 Y96.996 E6.08318
G1 X127.81 Y97.207 E6.1012
G1 X128.666 Y97.495 E6.11922
G1 X129.493 Y97.857 E6.13724
G1 X130.285 Y98.292 E6.15527
G1 X131.036 Y98.794 E6.1733
G1 X131.739 Y99.361 E6.19132
G1 X132.389 Y99.988 E6.20934
G1 X132.981 Y100.67 E6.22737
G1 X133.511 Y101.401 E6.24539
G1 X133.973 Y102.177 E6.26341
G1 X134.366 Y102.99 E6.28143
G1 X134.684 Y103.835 E6.29945
G1 X134.927 Y104.705 E6.31747
G1 X135.092 Y105.593 E6.3355
G1 X135.187 Y106.712 E6.35791
G1 X135.199 Y107.469 E6.37302
G1 X135.189 Y108.146 E6.38653
G1 X135.136 Y109.047 E6.40454
G1 X135.003 Y109.94 E6.42256
G1 X134.791 Y110.818 E6.44058
G1 X134.503 Y111.674 E6.45861
G1 X134.141 Y112.501 E6.47662
G1 X133.706 Y113.293 E6.49465
G1 X133.203 Y114.043 E6.51268
G1 X132.636 Y114.746 E6.5307
G1 X132.009 Y115.396 E6.54872
G1 X131.327 Y115.988 E6.56674
G1 X130.595 Y116.517 E6.58477
G1 X129.964 Y116.9 E6.5995
G1 X129.138 Y117.362 E6.61838
G1 X126.868 Y118.673 E6.6707
G1 X124.721 Y119.997 E6.72103
G1 X122.325 Y121.568 E6.77821
G1 X121.545 Y122.022 E6.79622
G1 X120.727 Y122.406 E6.81425
G1 X119.879 Y122.715 E6.83227
G1 X119.006 Y122.949 E6.8503
G1 X118.117 Y123.105 E6.86831
G1 X117.013 Y123.187 E6.89041
G1 X116.262 Y123.2 E6.9054
G1 X103.754 Y123.199 E7.15501
G1 X103.05 Y123.189 E7.16906
G1 X102.149 Y123.136 E7.18707
G1 X101.255 Y123.004 E7.2051
G1 X100.377 Y122.793 E7.22312
G1 X99.521 Y122.505 E7.24115
G1 X98.694 Y122.143 E7.25916
G1 X97.57 Y121.499 E7.28501
G1 X96.214 Y120.603 E7.31745
G1 X94.013 Y119.207 E7.36946
G1 X91.838 Y117.913 E7.41997
G1 X90.008 Y116.884 E7.46186
G1 X89.241 Y116.406 E7.4799
G1 X88.519 Y115.863 E7.49793
G1 X87.849 Y115.258 E7.51594
G1 X87.234 Y114.597 E7.53396
G1 X86.681 Y113.883 E7.55198
G1 X86.193 Y113.123 E7.57001
G1 X85.773 Y112.323 E7.58804
G1 X85.427 Y111.489 E7.60606
G1 X85.155 Y110.628 E7.62408
G1 X84.961 Y109.746 E7.6421
G1 X84.845 Y108.851 E7.66011
G1 X84.813 Y108.281 E7.6715
G1 X84.801 Y107.521 E7.68667
G1 X84.811 Y106.856 E7.69994
G1 X84.865 Y105.954 E7.71797
G1 X84.998 Y105.061 E7.73599
G1 X85.209 Y104.183 E7.75401
G1 X85.498 Y103.327 E7.77204
G1 X85.861 Y102.5 E7.79006
G1 X86.295 Y101.709 E7.80807
G1 X86.798 Y100.958 E7.82611
G1 X87.366 Y100.256 E7.84413
G1 X87.993 Y99.606 E7.86215
G1 F1500 E1.36215
;MESH:9VBatteryHolder_v1.stl
G0 F6000 X125.553 Y106.447
G0 X125.553 Y108.553
G0 X124.7 Y108.565
G0 X124.7 Y107.7
;TYPE:WALL-OUTER
G1 F1500 E7.86215
G1 F1200 X95.3 Y107.7 E8.44886
G1 X95.3 Y107.3 E8.45684
G1 X124.7 Y107.3 E9.04355
G1 X124.7 Y107.7 E9.05153
M104 S205
G1 F1500 E2.55153
;MESH:NONMESH
G0 F300 X124.7 Y107.7 Z0.24
G0 F6000 X124.7 Y108.565
G0 X125.553 Y108.553
G0 X125.553 Y106.447
G0 X87.993 Y99.606
;TIME_ELAPSED:29.897147
;LAYER:1
;note -- min layer time used
M140 S65
M106 S85
;TYPE:SKIRT
G1 F1500 E9.05153
G1 F1200 X88.675 Y99.014 E9.06956
G1 X89.407 Y98.485 E9.08758
G1 X90.183 Y98.023 E9.1056
G1 X90.997 Y97.632 E9.12362
G1 X91.842 Y97.313 E9.14165
G1 X92.712 Y97.071 E9.15967
G1 X93.6 Y96.907 E9.17769
G1 X94.723 Y96.813 E9.20018
G1 X95.33 Y96.8 E9.21229
G1 X124.293 Y96.8 E9.79028
G1 X125.137 Y96.811 E9.80713
G1 X126.039 Y96.864 E9.82516
G1 X126.932 Y96.996 E9.84317
G1 X127.81 Y97.207 E9.86119
G1 X128.666 Y97.495 E9.87922
G1 X129.493 Y97.857 E9.89723
G1 X130.285 Y98.292 E9.91526
G1 X131.036 Y98.794 E9.93329
G1 X131.739 Y99.361 E9.95131
G1 X132.389 Y99.988 E9.96934
G1 X132.981 Y100.67 E9.98736
G1 X133.511 Y101.401 E10.00538
G1 X133.973 Y102.177 E10.0234
G1 X134.366 Y102.99 E10.04142
G1 X134.684 Y103.835 E10.05944
G1 X134.927 Y104.705 E10.07746
G1 X135.092 Y105.593 E10.09549
G1 X135.187 Y106.712 E10.1179
G1 X135.199 Y107.469 E10.13301
G1 X135.189 Y108.146 E10.14652
G1 X135.136 Y109.047 E10.16453
G1 X135.003 Y109.94 E10.18255
G1 X134.791 Y110.818 E10.20057
G1 X134.503 Y111.674 E10.2186
G1 X134.141 Y112.501 E10.23661
G1 X133.706 Y113.293 E10.25465
G1 X133.203 Y114.043 E10.27267
G1 X132.636 Y114.746 E10.29069
G1 X132.009 Y115.396 E10.30871
G1 X131.327 Y115.988 E10.32674
G1 X130.595 Y116.517 E10.34476
G1 X129.964 Y116.9 E10.35949
G1 X129.138 Y117.362 E10.37838
G1 X126.868 Y118.673 E10.43069
G1 X124.721 Y119.997 E10.48103
G1 X122.325 Y121.568 E10.5382
G1 X121.545 Y122.022 E10.55621
G1 X120.727 Y122.406 E10.57425
G1 X119.879 Y122.715 E10.59226
G1 X119.006 Y122.949 E10.61029
G1 X118.117 Y123.105 E10.62831
G1 X117.013 Y123.187 E10.6504
G1 X116.262 Y123.2 E10.66539
G1 X103.754 Y123.199 E10.915
G1 X103.05 Y123.189 E10.92905
G1 X102.149 Y123.136 E10.94706
G1 X101.255 Y123.004 E10.96509
G1 X100.377 Y122.793 E10.98311
G1 X99.521 Y122.505 E11.00114
G1 X98.694 Y122.143 E11.01915
G1 X97.57 Y121.499 E11.045
G1 X96.214 Y120.603 E11.07744
G1 X94.013 Y119.207 E11.12945
G1 X91.838 Y117.913 E11.17996
G1 X90.008 Y116.884 E11.22185
G1 X89.241 Y116.406 E11.23989
G1 X88.519 Y115.863 E11.25792
G1 X87.849 Y115.258 E11.27593
G1 X87.234 Y114.597 E11.29395
G1 X86.681 Y113.883 E11.31197
G1 X86.193 Y113.123 E11.33
G1 X85.773 Y112.323 E11.34803
G1 X85.427 Y111.489 E11.36605
G1 X85.155 Y110.628 E11.38407
G1 X84.961 Y109.746 E11.40209
G1 X84.845 Y108.851 E11.4201
G1 X84.813 Y108.281 E11.43149
G1 X84.801 Y107.521 E11.44666
G1 X84.811 Y106.856 E11.45993
G1 X84.865 Y105.954 E11.47797
G1 X84.998 Y105.061 E11.49598
G1 X85.209 Y104.183 E11.514
G1 X85.498 Y103.327 E11.53203
G1 X85.861 Y102.5 E11.55006
G1 X86.295 Y101.709 E11.56806
G1 X86.798 Y100.958 E11.5861
G1 X87.366 Y100.256 E11.60412
G1 X87.993 Y99.606 E11.62214
G1 F1500 E5.12214
;MESH:9VBatteryHolder_v1.stl
G0 F9000 X95.424 Y106.335
G0 X124.75 Y107.75
;TYPE:WALL-OUTER
G1 F1500 E11.62214
G1 F1053.9 X95.25 Y107.75 E12.35802
G1 X95.25 Y107.25 E12.3705
G1 X124.75 Y107.25 E13.10638
G1 X124.75 Y107.75 E13.11885
G1 F1500 E6.61885
;MESH:NONMESH
G0 F300 X124.75 Y107.75 Z0.36
G0 F9000 X124.52 Y107.52
G0 X95.424 Y107.424
G0 X95.424 Y106.335
G0 X87.993 Y99.606
;TIME_ELAPSED:42.551449
;LAYER:2
M106 S170
;TYPE:SKIRT
G1 F1500 E13.11885
G1 F1200 X88.675 Y99.014 E13.13687
G1 X89.407 Y98.485 E13.15489
G1 X90.183 Y98.023 E13.17292
G1 X90.997 Y97.632 E13.19094
G1 X91.842 Y97.313 E13.20896
G1 X92.712 Y97.071 E13.22698
G1 X93.6 Y96.907 E13.245
G1 X94.723 Y96.813 E13.26749
G1 X95.33 Y96.8 E13.27961
G1 X124.293 Y96.8 E13.8576
G1 X125.137 Y96.811 E13.87444
G1 X126.039 Y96.864 E13.89247
G1 X126.932 Y96.996 E13.91049
G1 X127.81 Y97.207 E13.92851
G1 X128.666 Y97.495 E13.94653
G1 X129.493 Y97.857 E13.96455
G1 X130.285 Y98.292 E13.98258
G1 X131.036 Y98.794 E14.00061
G1 X131.739 Y99.361 E14.01863
G1 X132.389 Y99.988 E14.03665
G1 X132.981 Y100.67 E14.05467
G1 X133.511 Y101.401 E14.07269
G1 X133.973 Y102.177 E14.09072
G1 X134.366 Y102.99 E14.10874
G1 X134.684 Y103.835 E14.12675
G1 X134.927 Y104.705 E14.14478
G1 X135.092 Y105.593 E14.1628
G1 X135.187 Y106.712 E14.18522
G1 X135.199 Y107.469 E14.20032
G1 X135.189 Y108.146 E14.21384
G1 X135.136 Y109.047 E14.23185
G1 X135.003 Y109.94 E14.24986
G1 X134.791 Y110.818 E14.26789
G1 X134.503 Y111.674 E14.28591
G1 X134.141 Y112.501 E14.30393
G1 X133.706 Y113.293 E14.32196
G1 X133.203 Y114.043 E14.33998
G1 X132.636 Y114.746 E14.35801
G1 X132.009 Y115.396 E14.37603
G1 X131.327 Y115.988 E14.39405
G1 X130.595 Y116.517 E14.41207
G1 X129.964 Y116.9 E14.4268
G1 X129.138 Y117.362 E14.44569
G1 X126.868 Y118.673 E14.498
G1 X124.721 Y119.997 E14.54834
G1 X122.325 Y121.568 E14.60552
G1 X121.545 Y122.022 E14.62353
G1 X120.727 Y122.406 E14.64156
G1 X119.879 Y122.715 E14.65957
G1 X119.006 Y122.949 E14.67761
G1 X118.117 Y123.105 E14.69562
G1 X117.013 Y123.187 E14.71771
G1 X116.262 Y123.2 E14.7327
G1 X103.754 Y123.199 E14.98231
G1 X103.05 Y123.189 E14.99636
G1 X102.149 Y123.136 E15.01438
G1 X101.255 Y123.004 E15.03241
G1 X100.377 Y122.793 E15.05043
G1 X99.521 Y122.505 E15.06845
G1 X98.694 Y122.143 E15.08647
G1 X97.57 Y121.499 E15.11232
G1 X96.214 Y120.603 E15.14475
G1 X94.013 Y119.207 E15.19677
G1 X91.838 Y117.913 E15.24727
G1 X90.008 Y116.884 E15.28917
G1 X89.241 Y116.406 E15.30721
G1 X88.519 Y115.863 E15.32523
G1 X87.849 Y115.258 E15.34325
G1 X87.234 Y114.597 E15.36127
G1 X86.681 Y113.883 E15.37929
G1 X86.193 Y113.123 E15.39731
G1 X85.773 Y112.323 E15.41534
G1 X85.427 Y111.489 E15.43336
G1 X85.155 Y110.628 E15.45138
G1 X84.961 Y109.746 E15.4694
G1 X84.845 Y108.851 E15.48741
G1 X84.813 Y108.281 E15.49881
G1 X84.801 Y107.521 E15.51398
G1 X84.811 Y106.856 E15.52725
G1 X84.865 Y105.954 E15.54528
G1 X84.998 Y105.061 E15.5633
G1 X85.209 Y104.183 E15.58132
G1 X85.498 Y103.327 E15.59935
G1 X85.861 Y102.5 E15.61737
G1 X86.295 Y101.709 E15.63538
G1 X86.798 Y100.958 E15.65341
G1 X87.366 Y100.256 E15.67144
G1 X87.993 Y99.606 E15.68946
G1 F1500 E9.18946
;MESH:9VBatteryHolder_v1.stl
G0 F12000 X95.424 Y106.335
G0 X95.424 Y107.424
G0 X103.659 Y107.562
G0 X104.361 Y111.828
G0 X115.802 Y112
;TYPE:WALL-INNER
G1 F1500 E15.68946
G1 F2400 X115.78 Y107.999 E15.7693
G1 X104.216 Y108 E16.00008
G1 X104.189 Y112 E16.0799
G1 X115.802 Y112 E16.31165
G0 F12000 X115.902 Y107.88
G0 X116.519 Y107.599
G1 F2400 X103.415 Y107.6 E16.57316
G1 X103.816 Y108.005 E16.58453
G1 X103.788 Y111.736 E16.65899
G1 X103.791 Y112.4 E16.67224
G1 X116.204 Y112.4 E16.91995
G1 X116.18 Y108.004 E17.00768
G1 X116.519 Y107.599 E17.01822
G0 F12000 X116.736 Y107.751
;TYPE:WALL-OUTER
G1 F1912.4 X124.75 Y107.75 E17.21893
G1 F1920 X124.75 Y107.25 E17.2314
G1 F1912.4 X116.693 Y107.252 E17.43319
G1 F2123.9 X115.774 Y107.2 E17.45395
G1 F2400 X104.224 Y107.2 E17.68444
G1 F2133.3 X103.216 Y107.25 E17.7071
G1 F1920 X95.25 Y107.25 E17.90581
G1 X95.25 Y107.75 E17.91828
G1 X103.216 Y107.75 E18.117
G1 F2133.3 X103.416 Y108.002 E18.12422
G1 F2400 X103.388 Y111.737 E18.19876
G1 X103.392 Y112.8 E18.21997
G1 X116.606 Y112.8 E18.48367
G1 X116.58 Y108.002 E18.57942
G1 F2123.9 X116.736 Y107.751 E18.58609
G0 F12000 X116.736 Y107.49
G0 X116.343 Y107.562
G0 X115.884 Y112.082
G0 X115.438 Y111.9
G0 X115.438 Y111.64
;TYPE:SKIN
G1 F2400 X104.55 Y111.64 E18.80337
G1 X104.571 Y108.36 E18.86882
G1 X115.421 Y108.356 E19.08535
G1 X115.438 Y111.64 E19.15088
G0 F12000 X115.438 Y111.9
G0 X115.61 Y108.171
G0 X114.779 Y108.099
G0 X114.779 Y108.556
G1 F2400 X115.225 Y109.003 E19.16349
G0 F12000 X115.228 Y109.571
G1 F2400 X114.213 Y108.556 E19.19213
G0 F12000 X113.648 Y108.556
G1 F2400 X115.231 Y110.14 E19.23682
G0 F12000 X115.234 Y110.708
G1 F2400 X113.083 Y108.557 E19.29753
G0 F12000 X112.517 Y108.557
G1 F2400 X115.236 Y111.277 E19.37428
G0 F12000 X114.834 Y111.44
G1 F2400 X111.951 Y108.557 E19.45564
G0 F12000 X111.386 Y108.558
G1 F2400 X114.268 Y111.44 E19.53698
G0 F12000 X113.703 Y111.44
G1 F2400 X110.821 Y108.558 E19.61831
G0 F12000 X110.255 Y108.558
G1 F2400 X113.137 Y111.44 E19.69965
G0 F12000 X112.571 Y111.44
G1 F2400 X109.69 Y108.559 E19.78096
G0 F12000 X109.124 Y108.559
G1 F2400 X112.006 Y111.44 E19.86228
G0 F12000 X111.44 Y111.44
G1 F2400 X108.559 Y108.559 E19.94359
G0 F12000 X107.994 Y108.559
G1 F2400 X110.874 Y111.44 E20.02488
G0 F12000 X110.309 Y111.44
G1 F2400 X107.428 Y108.559 E20.10619
G0 F12000 X106.862 Y108.559
G1 F2400 X109.743 Y111.44 E20.1875
G0 F12000 X109.177 Y111.44
G1 F2400 X106.297 Y108.56 E20.26878
G0 F12000 X105.732 Y108.56
G1 F2400 X108.612 Y111.44 E20.35006
G0 F12000 X108.046 Y111.44
G1 F2400 X105.166 Y108.56 E20.43134
G0 F12000 X104.768 Y108.728
G1 F2400 X107.48 Y111.44 E20.50788
G0 F12000 X106.915 Y111.44
G1 F2400 X104.765 Y109.29 E20.56855
G0 F12000 X104.761 Y109.852
G1 F2400 X106.349 Y111.44 E20.61337
G0 F12000 X105.783 Y111.44
G1 F2400 X104.757 Y110.414 E20.64233
G0 F12000 X104.754 Y110.976
G1 F2400 X105.217 Y111.44 E20.65541
;MESH:NONMESH
G0 F300 X105.217 Y111.44 Z0.48
G0 F12000 X105.217 Y111.9
G0 X104.106 Y112.081
G0 X103.709 Y110.518
G0 X103.364 Y110.516
;TIME_ELAPSED:61.555176
;LAYER:3
;note -- min layer time used
M106 S255
;TYPE:WALL-INNER
;MESH:9VBatteryHolder_v1.stl
G1 F1604.7 X103.369 Y112 E20.68502
G1 X116.627 Y112 E20.9496
G1 X116.623 Y108.001 E21.02941
G1 X103.375 Y108.003 E21.29378
G1 X103.364 Y110.516 E21.34393
G0 F12000 X103.544 Y108.172
G0 X116.745 Y107.88
G0 X117.362 Y107.599
G1 F1604.7 X102.572 Y107.6 E21.63908
G1 X102.972 Y108.002 E21.6504
G1 X102.964 Y110.518 E21.70061
G1 X102.971 Y112.4 E21.73817
G1 X117.027 Y112.4 E22.01867
G1 X117.024 Y108.001 E22.10646
G1 X117.362 Y107.599 E22.11694
G0 F12000 X117.58 Y107.751
;TYPE:WALL-OUTER
G1 F1278.6 X124.75 Y107.75 E22.29651
G1 F1283.7 X124.75 Y107.25 E22.30898
G1 F1278.6 X117.537 Y107.252 E22.48963
G1 F1420.1 X116.623 Y107.2 E22.51028
G1 F1604.7 X103.375 Y107.2 E22.77465
G1 F1426.4 X102.372 Y107.25 E22.7972
G1 F1283.7 X95.25 Y107.25 E22.97486
G1 X95.25 Y107.75 E22.98733
G1 X102.372 Y107.75 E23.16499
G1 F1426.4 X102.572 Y108.001 E23.1722
G1 F1604.7 X102.564 Y110.519 E23.22245
G1 X102.572 Y112.8 E23.26797
G1 X117.427 Y112.8 E23.56441
G1 X117.424 Y108.001 E23.66018
G1 F1420.1 X117.58 Y107.751 E23.66683
G0 F12000 X117.58 Y107.49
G0 X117.187 Y107.562
G0 X116.709 Y112.082
G0 X116.264 Y111.9
G0 X116.264 Y111.64
;TYPE:SKIN
G1 F1604.7 X103.728 Y111.64 E23.917
G1 X103.728 Y108.36 E23.98245
G1 X116.264 Y108.36 E24.23262
G1 X116.264 Y111.64 E24.29808
G0 F12000 X116.064 Y111.342
G1 F1604.7 X115.966 Y111.44 E24.30084
G0 F12000 X115.4 Y111.44
G1 F1604.7 X116.064 Y110.776 E24.31958
G0 F12000 X116.064 Y110.21
G1 F1604.7 X114.834 Y111.44 E24.3543
G0 F12000 X114.268 Y111.44
G1 F1604.7 X116.064 Y109.645 E24.40497
G0 F12000 X116.064 Y109.079
G1 F1604.7 X113.703 Y111.44 E24.4716
G0 F12000 X113.137 Y111.44
G1 F1604.7 X116.017 Y108.56 E24.55288
G0 F12000 X115.451 Y108.56
G1 F1604.7 X112.571 Y111.44 E24.63416
G0 F12000 X112.006 Y111.44
G1 F1604.7 X114.886 Y108.56 E24.71544
G0 F12000 X114.32 Y108.56
G1 F1604.7 X111.44 Y111.44 E24.79672
G0 F12000 X110.874 Y111.44
G1 F1604.7 X113.754 Y108.56 E24.878
G0 F12000 X113.189 Y108.56
G1 F1604.7 X110.309 Y111.44 E24.95928
G0 F12000 X109.743 Y111.44
G1 F1604.7 X112.623 Y108.56 E25.04056
G0 F12000 X112.057 Y108.56
G1 F1604.7 X109.177 Y111.44 E25.12184
G0 F12000 X108.612 Y111.44
G1 F1604.7 X111.492 Y108.56 E25.20312
G0 F12000 X110.926 Y108.56
G1 F1604.7 X108.046 Y111.44 E25.2844
G0 F12000 X107.48 Y111.44
G1 F1604.7 X110.36 Y108.56 E25.36568
G0 F12000 X109.795 Y108.56
G1 F1604.7 X106.915 Y111.44 E25.44696
G0 F12000 X106.349 Y111.44
G1 F1604.7 X109.229 Y108.56 E25.52824
G0 F12000 X108.663 Y108.56
G1 F1604.7 X105.783 Y111.44 E25.60952
G0 F12000 X105.217 Y111.44
G1 F1604.7 X108.098 Y108.56 E25.69081
G0 F12000 X107.532 Y108.56
G1 F1604.7 X104.652 Y111.44 E25.77209
G0 F12000 X104.086 Y111.44
G1 F1604.7 X106.966 Y108.56 E25.85337
G0 F12000 X106.4 Y108.56
G1 F1604.7 X103.928 Y111.032 E25.92314
G0 F12000 X103.928 Y110.466
G1 F1604.7 X105.835 Y108.56 E25.97694
G0 F12000 X105.269 Y108.56
G1 F1604.7 X103.928 Y109.901 E26.01479
G0 F12000 X103.928 Y109.335
G1 F1604.7 X104.703 Y108.56 E26.03666
G0 F12000 X104.138 Y108.56
G1 F1604.7 X103.928 Y108.769 E26.04258
;MESH:NONMESH
G0 F300 X103.928 Y108.769 Z0.6
G0 F12000 X103.471 Y108.767
G0 X103.541 Y111.828
G0 X116.718 Y112
G0 X117.218 Y112
;TIME_ELAPSED:75.787651
;LAYER:4
;note -- min layer time used
;TYPE:WALL-INNER
;MESH:9VBatteryHolder_v1.stl
G1 F1705.2 X117.227 Y108 E26.1224
G1 X102.773 Y108 E26.41084
G1 X102.782 Y112 E26.49067
G1 X117.218 Y112 E26.77876
G0 F12000 X117.351 Y107.88
G0 X117.965 Y107.599
G1 F1705.2 X101.973 Y107.6 E27.09789
G1 X102.372 Y107.998 E27.10914
G1 X102.383 Y112.4 E27.19699
G1 X117.617 Y112.4 E27.501
G1 X117.628 Y107.998 E27.58884
G1 X117.965 Y107.599 E27.59927
G0 F12000 X118.184 Y107.751
;TYPE:WALL-OUTER
G1 F1358.7 X124.75 Y107.75 E27.76371
G1 F1364.2 X124.75 Y107.25 E27.77618
G1 F1358.7 X118.141 Y107.252 E27.94171
G1 F1509 X117.23 Y107.2 E27.96228
G1 F1705.2 X102.77 Y107.2 E28.25085
G1 F1515.8 X101.772 Y107.25 E28.27328
G1 F1364.2 X95.25 Y107.25 E28.43597
G1 X95.25 Y107.75 E28.44845
G1 X101.772 Y107.75 E28.61114
G1 F1515.8 X101.972 Y107.999 E28.61831
G1 F1705.2 X101.984 Y112.8 E28.71412
G1 X118.016 Y112.8 E29.03405
G1 X118.028 Y107.999 E29.12986
G1 F1509 X118.184 Y107.751 E29.13647
G0 F12000 X118.184 Y107.49
G0 X117.793 Y107.562
G0 X117.3 Y112.083
G0 X116.856 Y111.9
G0 X116.856 Y111.639
;TYPE:SKIN
G1 F1705.2 X103.14 Y111.64 E29.41019
G1 X103.133 Y108.36 E29.47564
G1 X116.867 Y108.361 E29.74972
G1 X116.856 Y111.639 E29.81514
G0 F12000 X116.856 Y111.9
G0 X117.055 Y108.172
G0 X116.481 Y108.1
G0 X116.481 Y108.561
G1 F1705.2 X116.666 Y108.747 E29.82037
G0 F12000 X116.664 Y109.31
G1 F1705.2 X115.915 Y108.561 E29.84151
G0 F12000 X115.35 Y108.561
G1 F1705.2 X116.663 Y109.874 E29.87857
G0 F12000 X116.661 Y110.438
G1 F1705.2 X114.784 Y108.561 E29.93154
G0 F12000 X114.218 Y108.561
G1 F1705.2 X116.658 Y111.002 E30.00042
G0 F12000 X116.53 Y111.439
G1 F1705.2 X113.653 Y108.561 E30.08162
G0 F12000 X113.087 Y108.561
G1 F1705.2 X115.964 Y111.439 E30.16283
G0 F12000 X115.398 Y111.439
G1 F1705.2 X112.521 Y108.561 E30.24404
G0 F12000 X111.956 Y108.561
G1 F1705.2 X114.833 Y111.439 E30.32525
G0 F12000 X114.267 Y111.439
G1 F1705.2 X111.39 Y108.561 E30.40646
G0 F12000 X110.824 Y108.561
G1 F1705.2 X113.701 Y111.439 E30.48767
G0 F12000 X113.136 Y111.439
G1 F1705.2 X110.258 Y108.561 E30.56889
G0 F12000 X109.692 Y108.561
G1 F1705.2 X112.57 Y111.439 E30.65012
G0 F12000 X112.004 Y111.439
G1 F1705.2 X109.126 Y108.561 E30.73134
G0 F12000 X108.561 Y108.561
G1 F1705.2 X111.439 Y111.439 E30.81256
G0 F12000 X110.873 Y111.439
G1 F1705.2 X107.995 Y108.561 E30.89379
G0 F12000 X107.429 Y108.561
G1 F1705.2 X110.307 Y111.439 E30.97501
G0 F12000 X109.742 Y111.439
G1 F1705.2 X106.864 Y108.561 E31.05623
G0 F12000 X106.298 Y108.561
G1 F1705.2 X109.177 Y111.439 E31.13747
G0 F12000 X108.611 Y111.439
G1 F1705.2 X105.732 Y108.561 E31.21871
G0 F12000 X105.167 Y108.561
G1 F1705.2 X108.045 Y111.439 E31.29993
G0 F12000 X107.48 Y111.439
G1 F1705.2 X104.601 Y108.561 E31.38117
G0 F12000 X104.035 Y108.561
G1 F1705.2 X106.914 Y111.439 E31.46241
G0 F12000 X106.348 Y111.439
G1 F1705.2 X103.47 Y108.561 E31.54363
G0 F12000 X103.334 Y108.991
G1 F1705.2 X105.782 Y111.439 E31.61272
G0 F12000 X105.217 Y111.439
G1 F1705.2 X103.335 Y109.558 E31.66582
G0 F12000 X103.336 Y110.124
G1 F1705.2 X104.651 Y111.439 E31.70293
G0 F12000 X104.085 Y111.439
G1 F1705.2 X103.337 Y110.691 E31.72404
G0 F12000 X103.339 Y111.258
G1 F1705.2 X103.52 Y111.439 E31.72915
;MESH:NONMESH
G0 F300 X103.52 Y111.439 Z0.72
G0 F12000 X103.52 Y111.9
G0 X117.046 Y111.828
G0 X117.316 Y109.992
G0 X117.6 Y109.993
;TIME_ELAPSED:90.203367
;LAYER:5
;note -- min layer time used
;TYPE:WALL-INNER
;MESH:9VBatteryHolder_v1.stl
G1 F1808.9 X117.588 Y108.004 E31.76884
G1 X102.403 Y108 E32.07188
G1 X102.396 Y110.03 E32.11239
G1 X102.404 Y112 E32.1517
G1 X117.594 Y111.999 E32.45483
G1 X117.6 Y109.993 E32.49487
G0 F12000 X118 Y109.992
G1 F1808.9 X117.992 Y108.003 E32.53456
G1 X118.33 Y107.599 E32.54507
G1 X101.607 Y107.6 E32.8788
G1 X102.008 Y108.004 E32.89016
G1 X101.996 Y110.031 E32.93061
G1 X102.006 Y112.4 E32.97788
G1 X117.993 Y112.399 E33.29692
G1 X118 Y109.992 E33.34496
G1 F1500 E26.84496
G0 F12000 X117.689 Y109.992
G0 X118.154 Y107.562
G0 X118.548 Y107.49
G0 X118.548 Y107.751
;TYPE:WALL-OUTER
G1 F1500 E33.34496
G1 F1441.3 X124.75 Y107.75 E33.50028
G1 F1447.1 X124.75 Y107.25 E33.51276
G1 F1441.3 X118.505 Y107.252 E33.66916
G1 F1600.8 X117.588 Y107.2 E33.68987
G1 F1808.9 X102.414 Y107.2 E33.99269
G1 F1607.9 X101.408 Y107.25 E34.0153
G1 F1447.1 X95.25 Y107.25 E34.16891
G1 X95.25 Y107.75 E34.18139
G1 X101.408 Y107.75 E34.335
G1 F1607.9 X101.608 Y108.002 E34.34222
G1 F1808.9 X101.596 Y110.033 E34.38275
G1 X101.608 Y112.8 E34.43797
G1 X118.392 Y112.799 E34.77291
G1 X118.4 Y109.99 E34.82897
G1 X118.392 Y108.001 E34.86866
G1 F1600.8 X118.548 Y107.751 E34.87531
G0 F12000 X118.548 Y107.49
G0 X118.154 Y107.562
G0 X117.5 Y109.985
G0 X117.239 Y109.985
;TYPE:SKIN
G1 F1808.9 X117.232 Y111.635 E34.90824
G1 X102.76 Y111.64 E35.19704
G1 X102.764 Y108.36 E35.2625
G1 X117.232 Y108.361 E35.55122
G1 X117.239 Y109.985 E35.58363
G0 F12000 X117.5 Y109.985
G0 X117.422 Y111.827
G0 X116.535 Y111.9
G0 X116.535 Y111.436
G1 F1808.9 X117.035 Y110.937 E35.59773
G0 F12000 X117.037 Y110.368
G1 F1808.9 X115.97 Y111.436 E35.62785
G0 F12000 X115.404 Y111.436
G1 F1808.9 X117.038 Y109.802 E35.67397
G0 F12000 X117.036 Y109.238
G1 F1808.9 X114.838 Y111.436 E35.736
G0 F12000 X114.272 Y111.436
G1 F1808.9 X117.033 Y108.675 E35.81392
G0 F12000 X116.583 Y108.56
G1 F1808.9 X113.706 Y111.436 E35.8951
G0 F12000 X113.141 Y111.436
G1 F1808.9 X116.017 Y108.56 E35.97627
G0 F12000 X115.451 Y108.56
G1 F1808.9 X112.574 Y111.437 E36.05747
G0 F12000 X112.009 Y111.437
G1 F1808.9 X114.886 Y108.56 E36.13866
G0 F12000 X114.32 Y108.56
G1 F1808.9 X111.443 Y111.437 E36.21986
G0 F12000 X110.876 Y111.438
G1 F1808.9 X113.754 Y108.56 E36.30108
G0 F12000 X113.189 Y108.56
G1 F1808.9 X110.311 Y111.438 E36.3823
G0 F12000 X109.745 Y111.438
G1 F1808.9 X112.623 Y108.56 E36.46353
G0 F12000 X112.057 Y108.56
G1 F1808.9 X109.179 Y111.438 E36.54475
G0 F12000 X108.613 Y111.439
G1 F1808.9 X111.492 Y108.56 E36.626
G0 F12000 X110.926 Y108.56
G1 F1808.9 X108.047 Y111.439 E36.70725
G0 F12000 X107.482 Y111.439
G1 F1808.9 X110.36 Y108.56 E36.78849
G0 F12000 X109.795 Y108.56
G1 F1808.9 X106.915 Y111.439 E36.86976
G0 F12000 X106.35 Y111.439
G1 F1808.9 X109.229 Y108.56 E36.95101
G0 F12000 X108.663 Y108.56
G1 F1808.9 X105.784 Y111.439 E37.03226
G0 F12000 X105.218 Y111.439
G1 F1808.9 X108.098 Y108.56 E37.11353
G0 F12000 X107.532 Y108.56
G1 F1808.9 X104.652 Y111.44 E37.19481
G0 F12000 X104.086 Y111.44
G1 F1808.9 X106.966 Y108.56 E37.27608
G0 F12000 X106.4 Y108.56
G1 F1808.9 X103.52 Y111.44 E37.35736
G0 F12000 X102.961 Y111.434
G1 F1808.9 X105.835 Y108.56 E37.43848
G0 F12000 X105.269 Y108.56
G1 F1808.9 X102.961 Y110.868 E37.50361
G0 F12000 X102.962 Y110.302
G1 F1808.9 X104.703 Y108.56 E37.55276
G0 F12000 X104.138 Y108.56
G1 F1808.9 X102.962 Y109.736 E37.58595
G0 F12000 X102.963 Y109.17
G1 F1808.9 X103.572 Y108.56 E37.60315
;MESH:NONMESH
G0 F300 X103.572 Y108.56 Z0.84
G0 F12000 X103.572 Y108.1
G0 X117.42 Y108.172
G0 X117.686 Y111.999
G0 X117.965 Y112
;TIME_ELAPSED:105.168766
;LAYER:6
;note -- min layer time used
;TYPE:WALL-INNER
;MESH:9VBatteryHolder_v1.stl
G1 F1825.5 X117.954 Y108.002 E37.68294
G1 X102.046 Y108.002 E38.0004
G1 X102.035 Y111.999 E38.08016
G1 X117.965 Y112 E38.39806
G0 F12000 X118.046 Y108.002
G0 X118.356 Y108.002
G1 F1825.5 X118.694 Y107.599 E38.40856
G1 X101.244 Y107.6 E38.75679
G1 X101.644 Y108.002 E38.76811
G1 X101.634 Y112.399 E38.85586
G1 X118.366 Y112.4 E39.18976
G1 X118.356 Y108.002 E39.27753
G0 F12000 X118.912 Y107.751
;TYPE:WALL-OUTER
G1 F1454.6 X124.75 Y107.75 E39.42374
G1 F1460.4 X124.75 Y107.25 E39.43621
G1 F1454.6 X118.869 Y107.252 E39.5835
G1 F1615.5 X117.954 Y107.2 E39.60417
G1 F1825.5 X102.046 Y107.2 E39.92163
G1 F1622.7 X101.044 Y107.25 E39.94415
G1 F1460.4 X95.25 Y107.25 E40.08869
G1 X95.25 Y107.75 E40.10116
G1 X101.044 Y107.75 E40.24569
G1 F1622.7 X101.244 Y108.001 E40.2529
G1 F1825.5 X101.233 Y112.799 E40.34865
G1 X118.767 Y112.8 E40.69856
G1 X118.756 Y108.001 E40.79433
G1 F1615.5 X118.912 Y107.751 E40.80097
G0 F12000 X118.912 Y107.49
G0 X118.518 Y107.562
G0 X118.048 Y112.082
G0 X117.602 Y111.899
G0 X117.603 Y111.64
;TYPE:SKIN
G1 F1825.5 X102.393 Y111.636 E41.1045
G1 X102.404 Y108.36 E41.16988
G1 X117.592 Y108.36 E41.47297
G1 X117.603 Y111.64 E41.53843
G0 F12000 X117.602 Y111.899
G0 X117.858 Y108.909
G0 X117.395 Y108.909
G1 F1825.5 X117.045 Y108.56 E41.54829
G0 F12000 X116.48 Y108.56
G1 F1825.5 X117.397 Y109.477 E41.57417
G0 F12000 X117.398 Y110.044
G1 F1825.5 X115.914 Y108.56 E41.61605
G0 F12000 X115.348 Y108.56
G1 F1825.5 X117.4 Y110.612 E41.67396
G0 F12000 X117.402 Y111.179
G1 F1825.5 X114.783 Y108.56 E41.74788
G0 F12000 X114.217 Y108.56
G1 F1825.5 X117.096 Y111.439 E41.82913
G0 F12000 X116.53 Y111.439
G1 F1825.5 X113.651 Y108.56 E41.91038
G0 F12000 X113.085 Y108.56
G1 F1825.5 X115.965 Y111.439 E41.99165
G0 F12000 X115.399 Y111.439
G1 F1825.5 X112.52 Y108.56 E42.0729
G0 F12000 X111.954 Y108.56
G1 F1825.5 X114.833 Y111.439 E42.15415
G0 F12000 X114.267 Y111.439
G1 F1825.5 X111.388 Y108.56 E42.2354
G0 F12000 X110.823 Y108.56
G1 F1825.5 X113.701 Y111.439 E42.31664
G0 F12000 X113.136 Y111.439
G1 F1825.5 X110.257 Y108.56 E42.39789
G0 F12000 X109.691 Y108.56
G1 F1825.5 X112.57 Y111.439 E42.47914
G0 F12000 X112.004 Y111.438
G1 F1825.5 X109.126 Y108.56 E42.56037
G0 F12000 X108.56 Y108.56
G1 F1825.5 X111.438 Y111.438 E42.64159
G0 F12000 X110.872 Y111.438
G1 F1825.5 X107.994 Y108.56 E42.72281
G0 F12000 X107.429 Y108.56
G1 F1825.5 X110.307 Y111.438 E42.80404
G0 F12000 X109.74 Y111.437
G1 F1825.5 X106.863 Y108.56 E42.88523
G0 F12000 X106.297 Y108.56
G1 F1825.5 X109.174 Y111.437 E42.96643
G0 F12000 X108.609 Y111.437
G1 F1825.5 X105.732 Y108.56 E43.04762
G0 F12000 X105.166 Y108.56
G1 F1825.5 X108.043 Y111.437 E43.12882
G0 F12000 X107.477 Y111.436
G1 F1825.5 X104.6 Y108.56 E43.21
G0 F12000 X104.034 Y108.56
G1 F1825.5 X106.911 Y111.436 E43.29118
G0 F12000 X106.345 Y111.436
G1 F1825.5 X103.469 Y108.56 E43.37235
G0 F12000 X102.903 Y108.56
G1 F1825.5 X105.78 Y111.436 E43.45353
G0 F12000 X105.214 Y111.436
G1 F1825.5 X102.602 Y108.824 E43.52724
G0 F12000 X102.6 Y109.389
G1 F1825.5 X104.648 Y111.436 E43.58503
G0 F12000 X104.082 Y111.436
G1 F1825.5 X102.598 Y109.952 E43.62691
G0 F12000 X102.597 Y110.517
G1 F1825.5 X103.516 Y111.436 E43.65285
G0 F12000 X102.951 Y111.436
G1 F1825.5 X102.595 Y111.08 E43.66289
;MESH:NONMESH
G0 F300 X102.595 Y111.08 Z0.96
G0 F12000 X102.138 Y111.079
G0 X102.208 Y111.827
G0 X118.055 Y111.999
G0 X118.293 Y111.999
;TIME_ELAPSED:119.835322
;LAYER:7
;note -- min layer time used
;TYPE:WALL-INNER
;MESH:9VBatteryHolder_v1.stl
G1 F1877.9 X118.299 Y108.001 E43.74268
G1 X101.697 Y108 E44.07399
G1 X101.706 Y112 E44.15381
G1 X118.293 Y111.999 E44.48482
G0 F12000 X118.393 Y107.997
G0 X118.7 Y107.998
G1 F1877.9 X119.037 Y107.599 E44.49525
G1 X100.897 Y107.6 E44.85725
G1 X101.296 Y107.998 E44.8685
G1 X101.307 Y112.4 E44.95634
G1 X118.692 Y112.399 E45.30328
G1 X118.7 Y107.998 E45.39111
G0 F12000 X119.256 Y107.751
;TYPE:WALL-OUTER
G1 F1496.4 X124.75 Y107.75 E45.5287
G1 F1502.3 X124.75 Y107.25 E45.54118
G1 F1496.4 X119.213 Y107.252 E45.67985
G1 F1661.9 X118.302 Y107.2 E45.70043
G1 F1877.9 X101.694 Y107.2 E46.03186
G1 F1669.3 X100.696 Y107.25 E46.05429
G1 F1502.3 X95.25 Y107.25 E46.19014
G1 X95.25 Y107.75 E46.20261
G1 X100.696 Y107.75 E46.33847
G1 F1669.3 X100.896 Y107.999 E46.34564
G1 F1877.9 X100.908 Y112.8 E46.44145
G1 X119.092 Y112.799 E46.80433
G1 X119.1 Y107.999 E46.90012
G1 F1661.9 X119.256 Y107.751 E46.90672
G0 F12000 X119.256 Y107.49
G0 X118.866 Y107.562
G0 X118.193 Y111.636
G0 X117.932 Y111.635
;TYPE:SKIN
G1 F1877.9 X102.064 Y111.64 E47.22339
G1 X102.057 Y108.36 E47.28884
G1 X117.939 Y108.361 E47.60578
G1 X117.932 Y111.635 E47.67112
G0 F12000 X117.667 Y111.436
G1 F1877.9 X117.733 Y111.37 E47.67298
G0 F12000 X117.733 Y110.804
G1 F1877.9 X117.101 Y111.436 E47.69082
G0 F12000 X116.535 Y111.436
G1 F1877.9 X117.735 Y110.237 E47.72467
G0 F12000 X117.735 Y109.67
G1 F1877.9 X115.97 Y111.436 E47.7745
G0 F12000 X115.403 Y111.436
G1 F1877.9 X117.737 Y109.103 E47.84036
G0 F12000 X117.713 Y108.561
G1 F1877.9 X114.838 Y111.436 E47.92149
G0 F12000 X114.272 Y111.436
G1 F1877.9 X117.148 Y108.561 E48.00265
G0 F12000 X116.582 Y108.561
G1 F1877.9 X113.706 Y111.436 E48.0838
G0 F12000 X113.14 Y111.437
G1 F1877.9 X116.016 Y108.561 E48.16497
G0 F12000 X115.451 Y108.561
G1 F1877.9 X112.574 Y111.437 E48.24615
G0 F12000 X112.009 Y111.437
G1 F1877.9 X114.885 Y108.561 E48.32731
G0 F12000 X114.319 Y108.561
G1 F1877.9 X111.443 Y111.437 E48.40848
G0 F12000 X110.876 Y111.438
G1 F1877.9 X113.754 Y108.561 E48.48969
G0 F12000 X113.188 Y108.561
G1 F1877.9 X110.311 Y111.438 E48.57089
G0 F12000 X109.745 Y111.438
G1 F1877.9 X112.622 Y108.561 E48.65208
G0 F12000 X112.057 Y108.561
G1 F1877.9 X109.179 Y111.438 E48.73329
G0 F12000 X108.613 Y111.439
G1 F1877.9 X111.491 Y108.561 E48.81451
G0 F12000 X110.925 Y108.561
G1 F1877.9 X108.047 Y111.439 E48.89574
G0 F12000 X107.482 Y111.439
G1 F1877.9 X110.36 Y108.561 E48.97696
G0 F12000 X109.795 Y108.56
G1 F1877.9 X106.916 Y111.439 E49.05821
G0 F12000 X106.35 Y111.439
G1 F1877.9 X109.229 Y108.56 E49.13946
G0 F12000 X108.663 Y108.56
G1 F1877.9 X105.784 Y111.439 E49.22072
G0 F12000 X105.218 Y111.439
G1 F1877.9 X108.098 Y108.56 E49.30198
G0 F12000 X107.532 Y108.56
G1 F1877.9 X104.653 Y111.439 E49.38323
G0 F12000 X104.086 Y111.44
G1 F1877.9 X106.966 Y108.56 E49.46451
G0 F12000 X106.4 Y108.56
G1 F1877.9 X103.52 Y111.44 E49.54579
G0 F12000 X102.955 Y111.44
G1 F1877.9 X105.835 Y108.56 E49.62707
G0 F12000 X105.269 Y108.56
G1 F1877.9 X102.389 Y111.44 E49.70835
G0 F12000 X102.264 Y111
G1 F1877.9 X104.703 Y108.56 E49.7772
G0 F12000 X104.138 Y108.56
G1 F1877.9 X102.262 Y110.435 E49.83013
G0 F12000 X102.261 Y109.871
G1 F1877.9 X103.572 Y108.56 E49.86713
G0 F12000 X103.006 Y108.56
G1 F1877.9 X102.259 Y109.307 E49.88821
G0 F12000 X102.258 Y108.743
G1 F1877.9 X102.441 Y108.56 E49.89338
;MESH:NONMESH
G0 F300 X102.441 Y108.56 Z1.08
G0 F12000 X102.442 Y108.101
G0 X118.127 Y108.173
G0 X118.386 Y111.999
G0 X118.552 Y112
;TIME_ELAPSED:134.603808
;LAYER:8
;note -- min layer time used
;TYPE:WALL-INNER
;MESH:9VBatteryHolder_v1.stl
G1 F1925 X118.552 Y108 E49.9732
G1 X101.446 Y108.002 E50.31457
G1 X101.446 Y112 E50.39435
G1 X118.552 Y112 E50.73572
G0 F12000 X118.644 Y107.999
G0 X118.952 Y108
G1 F1925 X119.289 Y107.599 E50.74618
G1 X100.644 Y107.6 E51.11826
G1 X101.044 Y108.002 E51.12957
G1 X101.047 Y112.4 E51.21734
G1 X118.952 Y112.4 E51.57465
G1 X118.952 Y108 E51.66246
G0 F12000 X119.508 Y107.751
;TYPE:WALL-OUTER
G1 F1533.8 X124.75 Y107.75 E51.79375
G1 F1540 X124.75 Y107.25 E51.80622
G1 F1533.8 X119.465 Y107.252 E51.93858
G1 F1703.5 X118.552 Y107.2 E51.9592
G1 F1925 X101.446 Y107.2 E52.30057
G1 F1711.1 X100.444 Y107.25 E52.3231
G1 F1540 X95.25 Y107.25 E52.45266
G1 X95.25 Y107.75 E52.46513
G1 X100.444 Y107.75 E52.5947
G1 F1711.1 X100.644 Y108.001 E52.6019
G1 F1925 X100.648 Y112.8 E52.69767
G1 X119.352 Y112.8 E53.07093
G1 X119.352 Y108 E53.16672
G1 F1703.5 X119.508 Y107.751 E53.17335
G0 F12000 X119.508 Y107.49
G0 X119.116 Y107.562
G0 X118.452 Y111.64
G0 X118.192 Y111.64
;TYPE:SKIN
G1 F1925 X101.804 Y111.64 E53.50039
G1 X101.804 Y108.36 E53.56584
G1 X118.192 Y108.36 E53.89288
G1 X118.192 Y111.64 E53.95834
G0 F12000 X118.452 Y111.64
G0 X118.38 Y108.172
G0 X117.611 Y108.1
G0 X117.611 Y108.56
G1 F1925 X117.992 Y108.941 E53.96909
G0 F12000 X117.992 Y109.507
G1 F1925 X117.045 Y108.56 E53.99582
G0 F12000 X116.48 Y108.56
G1 F1925 X117.992 Y110.072 E54.03849
G0 F12000 X117.992 Y110.638
G1 F1925 X115.914 Y108.56 E54.09713
G0 F12000 X115.348 Y108.56
G1 F1925 X117.992 Y111.204 E54.17175
G0 F12000 X117.663 Y111.44
G1 F1925 X114.783 Y108.56 E54.25303
G0 F12000 X114.217 Y108.56
G1 F1925 X117.097 Y111.44 E54.33431
G0 F12000 X116.531 Y111.44
G1 F1925 X113.651 Y108.56 E54.41559
G0 F12000 X113.085 Y108.56
G1 F1925 X115.966 Y111.44 E54.49689
G0 F12000 X115.4 Y111.44
G1 F1925 X112.52 Y108.56 E54.57817
G0 F12000 X111.954 Y108.56
G1 F1925 X114.834 Y111.44 E54.65945
G0 F12000 X114.268 Y111.44
G1 F1925 X111.388 Y108.56 E54.74073
G0 F12000 X110.823 Y108.56
G1 F1925 X113.703 Y111.44 E54.82201
G0 F12000 X113.137 Y111.44
G1 F1925 X110.257 Y108.56 E54.90329
G0 F12000 X109.691 Y108.56
G1 F1925 X112.571 Y111.44 E54.98457
G0 F12000 X112.006 Y111.44
G1 F1925 X109.126 Y108.56 E55.06585
G0 F12000 X108.56 Y108.56
G1 F1925 X111.44 Y111.44 E55.14713
G0 F12000 X110.874 Y111.44
G1 F1925 X107.994 Y108.56 E55.22841
G0 F12000 X107.429 Y108.56
G1 F1925 X110.309 Y111.44 E55.30969
G0 F12000 X109.743 Y111.44
G1 F1925 X106.863 Y108.56 E55.39097
G0 F12000 X106.297 Y108.56
G1 F1925 X109.177 Y111.44 E55.47225
G0 F12000 X108.612 Y111.44
G1 F1925 X105.732 Y108.56 E55.55353
G0 F12000 X105.166 Y108.56
G1 F1925 X108.046 Y111.44 E55.63481
G0 F12000 X107.48 Y111.44
G1 F1925 X104.6 Y108.56 E55.71608
G0 F12000 X104.034 Y108.56
G1 F1925 X106.915 Y111.44 E55.79738
G0 F12000 X106.349 Y111.44
G1 F1925 X103.469 Y108.56 E55.87866
G0 F12000 X102.903 Y108.56
G1 F1925 X105.783 Y111.44 E55.95994
G0 F12000 X105.217 Y111.44
G1 F1925 X102.337 Y108.56 E56.04122
G0 F12000 X102.004 Y108.792
G1 F1925 X104.652 Y111.44 E56.11595
G0 F12000 X104.086 Y111.44
G1 F1925 X102.004 Y109.358 E56.17471
G0 F12000 X102.004 Y109.923
G1 F1925 X103.52 Y111.44 E56.21751
G0 F12000 X102.955 Y111.44
G1 F1925 X102.004 Y110.489 E56.24435
G0 F12000 X102.004 Y111.055
G1 F1925 X102.389 Y111.44 E56.25521
;MESH:NONMESH
G0 F300 X102.389 Y111.44 Z1.2
G0 F12000 X102.389 Y111.9
G0 X118.643 Y111.999
G0 X118.807 Y112
;TIME_ELAPSED:149.498939
;LAYER:9
;note -- min layer time used
;TYPE:WALL-INNER
;MESH:9VBatteryHolder_v1.stl
G1 F2056.3 X118.803 Y108.001 E56.33502
G1 X101.195 Y108.003 E56.6864
G1 X101.188 Y112 E56.76617
G1 X118.807 Y112 E57.11777
G0 F12000 X101.36 Y111.828
G0 X101.096 Y111.051
G0 X100.784 Y111.052
G1 F2056.3 X100.79 Y112.4 E57.14468
G1 X119.207 Y112.4 E57.51221
G1 X119.204 Y108.001 E57.59999
G1 X119.542 Y107.599 E57.61047
G1 X100.392 Y107.6 E57.99263
G1 X100.792 Y108.002 E58.00395
G1 X100.784 Y111.052 E58.06482
G1 F1500 E51.56482
G0 F12000 X101.096 Y111.051
G0 X101.11 Y107.918
G0 X119.76 Y107.49
G0 X119.76 Y107.751
;TYPE:WALL-OUTER
G1 F1500 E58.06482
G1 F1638.5 X124.75 Y107.75 E58.18979
G1 F1645 X124.75 Y107.25 E58.20226
G1 F1638.5 X119.717 Y107.252 E58.32831
G1 F1819.7 X118.803 Y107.2 E58.34896
G1 F2056.3 X101.195 Y107.2 E58.70035
G1 F1827.8 X100.192 Y107.25 E58.72289
G1 F1645 X95.25 Y107.25 E58.84617
G1 X95.25 Y107.75 E58.85864
G1 X100.192 Y107.75 E58.98192
G1 F1827.8 X100.392 Y108.001 E58.98913
G1 F2056.3 X100.384 Y111.054 E59.05005
G1 X100.392 Y112.8 E59.0849
G1 X119.607 Y112.8 E59.46835
G1 X119.604 Y108.001 E59.56412
G1 F1819.7 X119.76 Y107.751 E59.57077
G0 F12000 X119.76 Y107.49
G0 X119.367 Y107.562
G0 X118.889 Y112.082
G0 X118.444 Y111.9
G0 X118.444 Y111.64
;TYPE:SKIN
G1 F2056.3 X101.549 Y111.64 E59.90793
G1 X101.552 Y108.36 E59.97338
G1 X118.444 Y108.36 E60.31048
G1 X118.444 Y111.64 E60.37594
G0 F12000 X118.244 Y110.859
G1 F2056.3 X117.663 Y111.44 E60.39233
G0 F12000 X117.097 Y111.44
G1 F2056.3 X118.244 Y110.293 E60.4247
G0 F12000 X118.244 Y109.727
G1 F2056.3 X116.531 Y111.44 E60.47305
G0 F12000 X115.966 Y111.44
G1 F2056.3 X118.244 Y109.162 E60.53734
G0 F12000 X118.244 Y108.596
G1 F2056.3 X115.4 Y111.44 E60.6176
G0 F12000 X114.834 Y111.44
G1 F2056.3 X117.714 Y108.56 E60.69888
G0 F12000 X117.149 Y108.56
G1 F2056.3 X114.268 Y111.44 E60.78018
G0 F12000 X113.703 Y111.44
G1 F2056.3 X116.583 Y108.56 E60.86146
G0 F12000 X116.017 Y108.56
G1 F2056.3 X113.137 Y111.44 E60.94273
G0 F12000 X112.571 Y111.44
G1 F2056.3 X115.451 Y108.56 E61.02401
G0 F12000 X114.886 Y108.56
G1 F2056.3 X112.006 Y111.44 E61.10529
G0 F12000 X111.44 Y111.44
G1 F2056.3 X114.32 Y108.56 E61.18657
G0 F12000 X113.754 Y108.56
G1 F2056.3 X110.874 Y111.44 E61.26785
G0 F12000 X110.309 Y111.44
G1 F2056.3 X113.189 Y108.56 E61.34913
G0 F12000 X112.623 Y108.56
G1 F2056.3 X109.743 Y111.44 E61.43041
G0 F12000 X109.177 Y111.44
G1 F2056.3 X112.057 Y108.56 E61.51169
G0 F12000 X111.492 Y108.56
G1 F2056.3 X108.612 Y111.44 E61.59297
G0 F12000 X108.046 Y111.44
G1 F2056.3 X110.926 Y108.56 E61.67425
G0 F12000 X110.36 Y108.56
G1 F2056.3 X107.48 Y111.44 E61.75553
G0 F12000 X106.915 Y111.44
G1 F2056.3 X109.795 Y108.56 E61.83681
G0 F12000 X109.229 Y108.56
G1 F2056.3 X106.349 Y111.44 E61.91809
G0 F12000 X105.783 Y111.44
G1 F2056.3 X108.663 Y108.56 E61.99937
G0 F12000 X108.098 Y108.56
G1 F2056.3 X105.217 Y111.44 E62.08067
G0 F12000 X104.652 Y111.44
G1 F2056.3 X107.532 Y108.56 E62.16195
G0 F12000 X106.966 Y108.56
G1 F2056.3 X104.086 Y111.44 E62.24323
G0 F12000 X103.52 Y111.44
G1 F2056.3 X106.4 Y108.56 E62.32451
G0 F12000 X105.835 Y108.56
G1 F2056.3 X102.955 Y111.44 E62.40579
G0 F12000 X102.389 Y111.44
G1 F2056.3 X105.269 Y108.56 E62.48707
G0 F12000 X104.703 Y108.56
G1 F2056.3 X101.823 Y111.44 E62.56835
G0 F12000 X101.749 Y110.949
G1 F2056.3 X104.138 Y108.56 E62.63577
G0 F12000 X103.572 Y108.56
G1 F2056.3 X101.75 Y110.382 E62.68719
G0 F12000 X101.751 Y109.816
G1 F2056.3 X103.006 Y108.56 E62.72262
G0 F12000 X102.441 Y108.56
G1 F2056.3 X101.751 Y109.249 E62.74208
G0 F12000 X101.752 Y108.683
G1 F2056.3 X101.875 Y108.56 E62.74555
;MESH:NONMESH
G0 F300 X101.875 Y108.56 Z1.32
G0 F12000 X101.875 Y108.1
G0 X118.633 Y108.172
G0 X118.898 Y112
G0 X119.065 Y112
;TIME_ELAPSED:165.611285
;LAYER:10
;note -- min layer time used
;TYPE:WALL-INNER
;MESH:9VBatteryHolder_v1.stl
G1 F2009.7 X119.054 Y108.002 E62.82534
G1 X100.947 Y108.003 E63.18668
G1 X100.932 Y112 E63.26645
G1 X119.065 Y112 E63.62831
G0 F12000 X119.146 Y108.002
G0 X119.456 Y108.002
G1 F2009.7 X119.794 Y107.599 E63.63881
G1 X100.144 Y107.6 E64.03094
G1 X100.544 Y108.002 E64.04226
G1 X100.53 Y112.4 E64.13003
G1 X119.466 Y112.4 E64.50792
G1 X119.456 Y108.002 E64.59568
G0 F12000 X120.012 Y107.751
;TYPE:WALL-OUTER
G1 F1601.4 X124.75 Y107.75 E64.71435
G1 F1607.8 X124.75 Y107.25 E64.72682
G1 F1601.4 X119.969 Y107.252 E64.84656
G1 F1778.5 X119.054 Y107.2 E64.86723
G1 F2009.7 X100.947 Y107.2 E65.22857
G1 F1786.4 X99.944 Y107.25 E65.25112
G1 F1607.8 X95.25 Y107.25 E65.36821
G1 X95.25 Y107.75 E65.38068
G1 X99.944 Y107.75 E65.49777
G1 F1786.4 X100.144 Y108.001 E65.50498
G1 F2009.7 X100.129 Y112.8 E65.60075
G1 X119.867 Y112.8 E65.99464
G1 X119.856 Y108.001 E66.09041
G1 F1778.5 X120.012 Y107.751 E66.09706
G0 F12000 X120.012 Y107.49
G0 X119.617 Y107.562
G0 X119.148 Y112.082
G0 X118.703 Y111.9
G0 X118.703 Y111.64
;TYPE:SKIN
G1 F2009.7 X101.293 Y111.64 E66.44449
G1 X101.304 Y108.36 E66.50995
G1 X118.692 Y108.36 E66.85694
G1 X118.703 Y111.64 E66.9224
G0 F12000 X118.703 Y111.9
G0 X118.958 Y108.878
G0 X118.495 Y108.878
G1 F2009.7 X118.177 Y108.56 E66.93138
G0 F12000 X117.611 Y108.56
G1 F2009.7 X118.496 Y109.445 E66.95635
G0 F12000 X118.498 Y110.013
G1 F2009.7 X117.045 Y108.56 E66.99736
G0 F12000 X116.48 Y108.56
G1 F2009.7 X118.5 Y110.581 E67.05438
G0 F12000 X118.502 Y111.148
G1 F2009.7 X115.914 Y108.56 E67.12742
G0 F12000 X115.348 Y108.56
G1 F2009.7 X118.228 Y111.44 E67.2087
G0 F12000 X117.663 Y111.44
G1 F2009.7 X114.783 Y108.56 E67.28998
G0 F12000 X114.217 Y108.56
G1 F2009.7 X117.097 Y111.44 E67.37126
G0 F12000 X116.531 Y111.44
G1 F2009.7 X113.651 Y108.56 E67.45254
G0 F12000 X113.085 Y108.56
G1 F2009.7 X115.966 Y111.44 E67.53383
G0 F12000 X115.4 Y111.44
G1 F2009.7 X112.52 Y108.56 E67.61511
G0 F12000 X111.954 Y108.56
G1 F2009.7 X114.834 Y111.44 E67.69639
G0 F12000 X114.268 Y111.44
G1 F2009.7 X111.388 Y108.56 E67.77767
G0 F12000 X110.823 Y108.56
G1 F2009.7 X113.703 Y111.44 E67.85895
G0 F12000 X113.137 Y111.44
G1 F2009.7 X110.257 Y108.56 E67.94023
G0 F12000 X109.691 Y108.56
G1 F2009.7 X112.571 Y111.44 E68.02151
G0 F12000 X112.006 Y111.44
G1 F2009.7 X109.126 Y108.56 E68.10279
G0 F12000 X108.56 Y108.56
G1 F2009.7 X111.44 Y111.44 E68.18407
G0 F12000 X110.874 Y111.44
G1 F2009.7 X107.994 Y108.56 E68.26535
G0 F12000 X107.429 Y108.56
G1 F2009.7 X110.309 Y111.44 E68.34663
G0 F12000 X109.743 Y111.44
G1 F2009.7 X106.863 Y108.56 E68.42791
G0 F12000 X106.297 Y108.56
G1 F2009.7 X109.177 Y111.44 E68.50919
G0 F12000 X108.612 Y111.44
G1 F2009.7 X105.732 Y108.56 E68.59047
G0 F12000 X105.166 Y108.56
G1 F2009.7 X108.046 Y111.44 E68.67175
G0 F12000 X107.48 Y111.44
G1 F2009.7 X104.6 Y108.56 E68.75303
G0 F12000 X104.034 Y108.56
G1 F2009.7 X106.915 Y111.44 E68.83432
G0 F12000 X106.349 Y111.44
G1 F2009.7 X103.469 Y108.56 E68.9156
G0 F12000 X102.903 Y108.56
G1 F2009.7 X105.783 Y111.44 E68.99688
G0 F12000 X105.217 Y111.44
G1 F2009.7 X102.337 Y108.56 E69.07816
G0 F12000 X101.772 Y108.56
G1 F2009.7 X104.652 Y111.44 E69.15944
G0 F12000 X104.086 Y111.44
G1 F2009.7 X101.502 Y108.856 E69.23237
G0 F12000 X101.5 Y109.42
G1 F2009.7 X103.52 Y111.44 E69.28938
G0 F12000 X102.955 Y111.44
G1 F2009.7 X101.498 Y109.983 E69.3305
G0 F12000 X101.497 Y110.548
G1 F2009.7 X102.389 Y111.44 E69.35567
G0 F12000 X101.823 Y111.44
G1 F2009.7 X101.495 Y111.111 E69.36494
;MESH:NONMESH
G0 F300 X101.495 Y111.111 Z1.44
G0 F12000 X101.035 Y111.109
G0 X101.104 Y111.828
G0 X119.156 Y112
G0 X119.286 Y112
;TIME_ELAPSED:180.860690
;LAYER:11
;note -- min layer time used
;TYPE:WALL-INNER
;MESH:9VBatteryHolder_v1.stl
G1 F2043.5 X119.295 Y108 E69.44477
G1 X100.705 Y108 E69.81575
G1 X100.714 Y112 E69.89558
G1 X119.286 Y112 E70.2662
G0 F12000 X119.388 Y107.997
G0 X119.696 Y107.998
G1 F2043.5 X120.033 Y107.599 E70.27662
G1 X99.905 Y107.6 E70.6783
G1 X100.304 Y107.998 E70.68955
G1 X100.315 Y112.4 E70.77739
G1 X119.685 Y112.4 E71.16394
G1 X119.696 Y107.998 E71.25179
G0 F12000 X120.252 Y107.751
;TYPE:WALL-OUTER
G1 F1628.3 X124.75 Y107.75 E71.36444
G1 F1634.8 X124.75 Y107.25 E71.37691
G1 F1628.3 X120.209 Y107.252 E71.49064
G1 F1808.4 X119.298 Y107.2 E71.51122
G1 F2043.5 X100.702 Y107.2 E71.88232
G1 F1816.5 X99.704 Y107.25 E71.90476
G1 F1634.8 X95.25 Y107.25 E72.01586
G1 X95.25 Y107.75 E72.02833
G1 X99.704 Y107.75 E72.13944
G1 F1816.5 X99.904 Y107.999 E72.14661
G1 F2043.5 X99.916 Y112.8 E72.24242
G1 X120.084 Y112.8 E72.64489
G1 X120.096 Y107.999 E72.7407
G1 F1808.4 X120.252 Y107.751 E72.74731
G0 F12000 X120.252 Y107.49
G0 X119.86 Y107.562
G0 X119.368 Y112.083
G0 X118.924 Y111.9
G0 X118.924 Y111.639
;TYPE:SKIN
G1 F2043.5 X101.072 Y111.64 E73.10357
G1 X101.065 Y108.36 E73.16902
G1 X118.935 Y108.361 E73.52564
G1 X118.924 Y111.639 E73.59105
G0 F12000 X118.727 Y110.942
G1 F2043.5 X118.228 Y111.44 E73.60512
G0 F12000 X117.663 Y111.44
G1 F2043.5 X118.728 Y110.374 E73.63519
G0 F12000 X118.73 Y109.807
G1 F2043.5 X117.097 Y111.44 E73.68128
G0 F12000 X116.531 Y111.44
G1 F2043.5 X118.732 Y109.24 E73.74338
G0 F12000 X118.733 Y108.672
G1 F2043.5 X115.966 Y111.44 E73.82149
G0 F12000 X115.4 Y111.44
G1 F2043.5 X118.279 Y108.561 E73.90274
G0 F12000 X117.713 Y108.561
G1 F2043.5 X114.834 Y111.44 E73.98399
G0 F12000 X114.268 Y111.44
G1 F2043.5 X117.148 Y108.561 E74.06526
G0 F12000 X116.582 Y108.561
G1 F2043.5 X113.703 Y111.44 E74.14651
G0 F12000 X113.137 Y111.44
G1 F2043.5 X116.016 Y108.561 E74.22776
G0 F12000 X115.451 Y108.561
G1 F2043.5 X112.571 Y111.44 E74.30903
G0 F12000 X112.006 Y111.44
G1 F2043.5 X114.885 Y108.561 E74.39028
G0 F12000 X114.319 Y108.561
G1 F2043.5 X111.44 Y111.44 E74.47153
G0 F12000 X110.874 Y111.44
G1 F2043.5 X113.754 Y108.561 E74.55279
G0 F12000 X113.188 Y108.561
G1 F2043.5 X110.309 Y111.44 E74.63405
G0 F12000 X109.743 Y111.44
G1 F2043.5 X112.622 Y108.561 E74.7153
G0 F12000 X112.057 Y108.561
G1 F2043.5 X109.177 Y111.44 E74.79656
G0 F12000 X108.612 Y111.44
G1 F2043.5 X111.491 Y108.561 E74.87781
G0 F12000 X110.925 Y108.561
G1 F2043.5 X108.046 Y111.44 E74.95907
G0 F12000 X107.48 Y111.44
G1 F2043.5 X110.36 Y108.561 E75.04033
G0 F12000 X109.795 Y108.56
G1 F2043.5 X106.915 Y111.44 E75.12161
G0 F12000 X106.349 Y111.44
G1 F2043.5 X109.229 Y108.56 E75.20289
G0 F12000 X108.663 Y108.56
G1 F2043.5 X105.783 Y111.44 E75.28417
G0 F12000 X105.217 Y111.44
G1 F2043.5 X108.098 Y108.56 E75.36547
G0 F12000 X107.532 Y108.56
G1 F2043.5 X104.652 Y111.44 E75.44675
G0 F12000 X104.086 Y111.44
G1 F2043.5 X106.966 Y108.56 E75.52802
G0 F12000 X106.4 Y108.56
G1 F2043.5 X103.52 Y111.44 E75.6093
G0 F12000 X102.955 Y111.44
G1 F2043.5 X105.835 Y108.56 E75.69058
G0 F12000 X105.269 Y108.56
G1 F2043.5 X102.389 Y111.44 E75.77186
G0 F12000 X101.823 Y111.44
G1 F2043.5 X104.703 Y108.56 E75.85314
G0 F12000 X104.138 Y108.56
G1 F2043.5 X101.272 Y111.426 E75.93403
G0 F12000 X101.271 Y110.861
G1 F2043.5 X103.572 Y108.56 E75.99897
G0 F12000 X103.006 Y108.56
G1 F2043.5 X101.27 Y110.297 E76.04798
G0 F12000 X101.268 Y109.732
G1 F2043.5 X102.441 Y108.56 E76.08107
G0 F12000 X101.875 Y108.56
G1 F2043.5 X101.267 Y109.168 E76.09823
;MESH:NONMESH
G0 F300 X101.267 Y109.168 Z1.56
G0 F12000 X100.513 Y109.34
;TIME_ELAPSED:195.653276
;LAYER:12
;note -- min layer time used
;TYPE:WALL-INNER
;MESH:9VBatteryHolder_v1.stl
G1 F2078.5 X100.521 Y112 E76.15131
G1 X119.476 Y112 E76.52958
G1 X119.481 Y107.999 E76.60942
G1 X100.519 Y108.003 E76.98783
G1 X100.513 Y109.34 E77.01451
G0 F12000 X100.688 Y108.173
G0 X119.573 Y107.998
G0 X119.88 Y107.999
G1 F2078.5 X120.217 Y107.599 E77.02495
G1 X99.716 Y107.6 E77.43407
G1 X100.116 Y108.002 E77.44538
G1 X100.122 Y112.4 E77.53315
G1 X119.876 Y112.4 E77.92736
G1 X119.88 Y107.999 E78.01519
G0 F12000 X120.436 Y107.751
;TYPE:WALL-OUTER
G1 F1656.2 X124.75 Y107.75 E78.12323
G1 F1662.8 X124.75 Y107.25 E78.13571
G1 F1656.2 X120.393 Y107.252 E78.24483
G1 F1839.4 X119.481 Y107.2 E78.26543
G1 F2078.5 X100.519 Y107.2 E78.64383
G1 F1847.5 X99.516 Y107.25 E78.66638
G1 F1662.8 X95.25 Y107.25 E78.7728
G1 X95.25 Y107.75 E78.78527
G1 X99.516 Y107.75 E78.89168
G1 F1847.5 X99.716 Y108.001 E78.89889
G1 F2078.5 X99.724 Y112.8 E78.99466
G1 X120.276 Y112.8 E79.4048
G1 X120.28 Y107.999 E79.5006
G1 F1839.4 X120.436 Y107.751 E79.50721
G0 F12000 X120.436 Y107.49
G0 X120.045 Y107.562
G0 X119.558 Y112.082
G0 X119.116 Y111.9
G0 X119.116 Y111.64
;TYPE:SKIN
G1 F2078.5 X100.88 Y111.64 E79.87113
G1 X100.877 Y108.36 E79.93659
G1 X119.116 Y108.36 E80.30057
G1 X119.116 Y111.64 E80.36602
G0 F12000 X119.116 Y111.9
G0 X119.378 Y108.735
G0 X118.916 Y108.734
G1 F2078.5 X118.742 Y108.56 E80.37093
G0 F12000 X118.177 Y108.56
G1 F2078.5 X118.916 Y109.3 E80.3918
G0 F12000 X118.916 Y109.865
G1 F2078.5 X117.611 Y108.56 E80.42863
G0 F12000 X117.045 Y108.56
G1 F2078.5 X118.916 Y110.431 E80.48144
G0 F12000 X118.916 Y110.997
G1 F2078.5 X116.48 Y108.56 E80.5502
G0 F12000 X115.914 Y108.56
G1 F2078.5 X118.794 Y111.44 E80.63148
G0 F12000 X118.228 Y111.44
G1 F2078.5 X115.348 Y108.56 E80.71276
G0 F12000 X114.783 Y108.56
G1 F2078.5 X117.663 Y111.44 E80.79404
G0 F12000 X117.097 Y111.44
G1 F2078.5 X114.217 Y108.56 E80.87532
G0 F12000 X113.651 Y108.56
G1 F2078.5 X116.531 Y111.44 E80.9566
G0 F12000 X115.966 Y111.44
G1 F2078.5 X113.085 Y108.56 E81.03789
G0 F12000 X112.52 Y108.56
G1 F2078.5 X115.4 Y111.44 E81.11917
G0 F12000 X114.834 Y111.44
G1 F2078.5 X111.954 Y108.56 E81.20045
G0 F12000 X111.388 Y108.56
G1 F2078.5 X114.268 Y111.44 E81.28173
G0 F12000 X113.703 Y111.44
G1 F2078.5 X110.823 Y108.56 E81.36301
G0 F12000 X110.257 Y108.56
G1 F2078.5 X113.137 Y111.44 E81.44429
G0 F12000 X112.571 Y111.44
G1 F2078.5 X109.691 Y108.56 E81.52557
G0 F12000 X109.126 Y108.56
G1 F2078.5 X112.006 Y111.44 E81.60685
G0 F12000 X111.44 Y111.44
G1 F2078.5 X108.56 Y108.56 E81.68813
G0 F12000 X107.994 Y108.56
G1 F2078.5 X110.874 Y111.44 E81.76941
G0 F12000 X110.309 Y111.44
G1 F2078.5 X107.429 Y108.56 E81.85069
G0 F12000 X106.863 Y108.56
G1 F2078.5 X109.743 Y111.44 E81.93197
G0 F12000 X109.177 Y111.44
G1 F2078.5 X106.297 Y108.56 E82.01325
G0 F12000 X105.732 Y108.56
G1 F2078.5 X108.612 Y111.44 E82.09453
G0 F12000 X108.046 Y111.44
G1 F2078.5 X105.166 Y108.56 E82.17581
G0 F12000 X104.6 Y108.56
G1 F2078.5 X107.48 Y111.44 E82.25709
G0 F12000 X106.915 Y111.44
G1 F2078.5 X104.034 Y108.56 E82.33838
G0 F12000 X103.469 Y108.56
G1 F2078.5 X106.349 Y111.44 E82.41966
G0 F12000 X105.783 Y111.44
G1 F2078.5 X102.903 Y108.56 E82.50094
G0 F12000 X102.337 Y108.56
G1 F2078.5 X105.217 Y111.44 E82.58222
G0 F12000 X104.652 Y111.44
G1 F2078.5 X101.772 Y108.56 E82.6635
G0 F12000 X101.206 Y108.56
G1 F2078.5 X104.086 Y111.44 E82.74478
G0 F12000 X103.52 Y111.44
G1 F2078.5 X101.077 Y108.997 E82.81373
G0 F12000 X101.078 Y109.563
G1 F2078.5 X102.955 Y111.44 E82.8667
G0 F12000 X102.389 Y111.44
G1 F2078.5 X101.078 Y110.129 E82.9037
G0 F12000 X101.079 Y110.695
G1 F2078.5 X101.823 Y111.44 E82.92471
G0 F12000 X101.258 Y111.44
G1 F2078.5 X101.079 Y111.261 E82.92976
;MESH:NONMESH
G0 F300 X101.079 Y111.261 Z1.68
G0 F12000 X100.619 Y111.261
G0 X100.692 Y111.828
G0 X119.57 Y112
G0 X119.668 Y112
;TIME_ELAPSED:211.463057
;LAYER:13
;note -- min layer time used
;TYPE:WALL-INNER
;MESH:9VBatteryHolder_v1.stl
G1 F2106.2 X119.668 Y108 E83.00959
G1 X100.33 Y108.002 E83.3955
G1 X100.329 Y112 E83.47528
G1 X119.668 Y112 E83.86122
G0 F12000 X119.759 Y108
G0 X120.068 Y108
G1 F2106.2 X120.405 Y107.599 E83.87167
G1 X99.528 Y107.6 E84.28829
G1 X99.928 Y108.002 E84.29961
G1 X99.931 Y112.4 E84.38738
G1 X120.068 Y112.4 E84.78923
G1 X120.068 Y108 E84.87704
G0 F12000 X120.624 Y107.751
;TYPE:WALL-OUTER
G1 F1678.2 X124.75 Y107.75 E84.98037
G1 F1684.9 X124.75 Y107.25 E84.99285
G1 F1678.2 X120.581 Y107.252 E85.09726
G1 F1863.9 X119.668 Y107.2 E85.11788
G1 F2106.2 X100.33 Y107.2 E85.50379
G1 F1872.2 X99.328 Y107.25 E85.52631
G1 F1684.9 X95.25 Y107.25 E85.62804
G1 X95.25 Y107.75 E85.64051
G1 X99.328 Y107.75 E85.74224
G1 F1872.2 X99.528 Y108.001 E85.74944
G1 F2106.2 X99.524 Y110.493 E85.79917
G1 X99.532 Y112.8 E85.84521
G1 X120.468 Y112.8 E86.26301
G1 X120.468 Y108 E86.3588
G1 F1863.9 X120.624 Y107.751 E86.36543
G0 F12000 X120.624 Y107.49
G0 X120.231 Y107.562
G0 X119.568 Y111.64
G0 X119.308 Y111.64
;TYPE:SKIN
G1 F2106.2 X100.688 Y111.64 E86.73701
G1 X100.688 Y108.36 E86.80247
G1 X119.308 Y108.36 E87.17405
G1 X119.308 Y111.64 E87.23951
G0 F12000 X118.794 Y111.44
G1 F2106.2 X119.108 Y111.126 E87.24837
G0 F12000 X119.108 Y110.56
G1 F2106.2 X118.228 Y111.44 E87.2732
G0 F12000 X117.663 Y111.44
G1 F2106.2 X119.108 Y109.995 E87.31398
G0 F12000 X119.108 Y109.429
G1 F2106.2 X117.097 Y111.44 E87.37074
G0 F12000 X116.531 Y111.44
G1 F2106.2 X119.108 Y108.863 E87.44347
G0 F12000 X118.846 Y108.56
G1 F2106.2 X115.966 Y111.44 E87.52475
G0 F12000 X115.4 Y111.44
G1 F2106.2 X118.28 Y108.56 E87.60603
G0 F12000 X117.714 Y108.56
G1 F2106.2 X114.834 Y111.44 E87.68731
G0 F12000 X114.268 Y111.44
G1 F2106.2 X117.149 Y108.56 E87.7686
G0 F12000 X116.583 Y108.56
G1 F2106.2 X113.703 Y111.44 E87.84988
G0 F12000 X113.137 Y111.44
G1 F2106.2 X116.017 Y108.56 E87.93116
G0 F12000 X115.451 Y108.56
G1 F2106.2 X112.571 Y111.44 E88.01244
G0 F12000 X112.006 Y111.44
G1 F2106.2 X114.886 Y108.56 E88.09372
G0 F12000 X114.32 Y108.56
G1 F2106.2 X111.44 Y111.44 E88.175
G0 F12000 X110.874 Y111.44
G1 F2106.2 X113.754 Y108.56 E88.25628
G0 F12000 X113.189 Y108.56
G1 F2106.2 X110.309 Y111.44 E88.33756
G0 F12000 X109.743 Y111.44
G1 F2106.2 X112.623 Y108.56 E88.41884
G0 F12000 X112.057 Y108.56
G1 F2106.2 X109.177 Y111.44 E88.50012
G0 F12000 X108.612 Y111.44
G1 F2106.2 X111.492 Y108.56 E88.5814
G0 F12000 X110.926 Y108.56
G1 F2106.2 X108.046 Y111.44 E88.66268
G0 F12000 X107.48 Y111.44
G1 F2106.2 X110.36 Y108.56 E88.74396
G0 F12000 X109.795 Y108.56
G1 F2106.2 X106.915 Y111.44 E88.82524
G0 F12000 X106.349 Y111.44
G1 F2106.2 X109.229 Y108.56 E88.90652
G0 F12000 X108.663 Y108.56
G1 F2106.2 X105.783 Y111.44 E88.9878
G0 F12000 X105.217 Y111.44
G1 F2106.2 X108.098 Y108.56 E89.06909
G0 F12000 X107.532 Y108.56
G1 F2106.2 X104.652 Y111.44 E89.15037
G0 F12000 X104.086 Y111.44
G1 F2106.2 X106.966 Y108.56 E89.23165
G0 F12000 X106.4 Y108.56
G1 F2106.2 X103.52 Y111.44 E89.31293
G0 F12000 X102.955 Y111.44
G1 F2106.2 X105.835 Y108.56 E89.39421
G0 F12000 X105.269 Y108.56
G1 F2106.2 X102.389 Y111.44 E89.47549
G0 F12000 X101.823 Y111.44
G1 F2106.2 X104.703 Y108.56 E89.55677
G0 F12000 X104.138 Y108.56
G1 F2106.2 X101.258 Y111.44 E89.63805
G0 F12000 X100.889 Y111.243
G1 F2106.2 X103.572 Y108.56 E89.71377
G0 F12000 X103.006 Y108.56
G1 F2106.2 X100.889 Y110.678 E89.77353
G0 F12000 X100.889 Y110.112
G1 F2106.2 X102.441 Y108.56 E89.81733
G0 F12000 X101.875 Y108.56
G1 F2106.2 X100.889 Y109.546 E89.84516
G0 F12000 X100.889 Y108.981
G1 F2106.2 X101.309 Y108.56 E89.85703
;MESH:NONMESH
G0 F300 X101.309 Y108.56 Z1.8
G0 F12000 X101.309 Y108.1
G0 X119.496 Y108.172
G0 X119.759 Y111.999
G0 X119.858 Y112
;TIME_ELAPSED:226.927388
;LAYER:14
;note -- min layer time used
;TYPE:WALL-INNER
;MESH:9VBatteryHolder_v1.stl
G1 F2141.8 X119.85 Y108.002 E89.93681
G1 X100.146 Y108.002 E90.33003
G1 X100.138 Y112 E90.40981
G1 X119.858 Y112 E90.80334
G0 F12000 X119.945 Y108.002
G0 X120.252 Y108.002
G1 F2141.8 X120.59 Y107.599 E90.81384
G1 X99.344 Y107.6 E91.23783
G1 X99.744 Y108.002 E91.24914
G1 X99.737 Y112.4 E91.33691
G1 X120.259 Y112.4 E91.74645
G1 X120.252 Y108.002 E91.83422
G0 F12000 X120.808 Y107.751
;TYPE:WALL-OUTER
G1 F1706.6 X124.75 Y107.75 E91.93294
G1 F1713.4 X124.75 Y107.25 E91.94542
G1 F1706.6 X120.765 Y107.252 E92.04522
G1 F1895.4 X119.85 Y107.2 E92.06589
G1 F2141.8 X100.146 Y107.2 E92.4591
G1 F1903.8 X99.144 Y107.25 E92.48162
G1 F1713.4 X95.25 Y107.25 E92.57876
G1 X95.25 Y107.75 E92.59123
G1 X99.144 Y107.75 E92.68837
G1 F1903.8 X99.344 Y108.001 E92.69558
G1 F2141.8 X99.337 Y112.8 E92.79134
G1 X120.659 Y112.8 E93.21685
G1 X120.652 Y108.001 E93.31262
G1 F1895.4 X120.808 Y107.751 E93.31926
G0 F12000 X120.808 Y107.49
G0 X120.416 Y107.562
G0 X119.941 Y112.082
G0 X119.495 Y111.9
G0 X119.495 Y111.64
;TYPE:SKIN
G1 F2141.8 X100.497 Y111.64 E93.69839
G1 X100.504 Y108.36 E93.76384
G1 X119.492 Y108.356 E94.14277
G1 X119.495 Y111.64 E94.20831
G0 F12000 X119.495 Y111.9
G0 X119.755 Y109.11
G0 X119.292 Y109.11
G1 F2141.8 X118.739 Y108.556 E94.22393
G0 F12000 X118.173 Y108.556
G1 F2141.8 X119.293 Y109.677 E94.25555
G0 F12000 X119.294 Y110.243
G1 F2141.8 X117.607 Y108.556 E94.30316
G0 F12000 X117.042 Y108.556
G1 F2141.8 X119.295 Y110.809 E94.36675
G0 F12000 X119.295 Y111.375
G1 F2141.8 X116.476 Y108.556 E94.4463
G0 F12000 X115.911 Y108.557
G1 F2141.8 X118.794 Y111.44 E94.52767
G0 F12000 X118.228 Y111.44
G1 F2141.8 X115.345 Y108.557 E94.60903
G0 F12000 X114.78 Y108.557
G1 F2141.8 X117.663 Y111.44 E94.6904
G0 F12000 X117.097 Y111.44
G1 F2141.8 X114.214 Y108.557 E94.77176
G0 F12000 X113.648 Y108.557
G1 F2141.8 X116.531 Y111.44 E94.85313
G0 F12000 X115.966 Y111.44
G1 F2141.8 X113.083 Y108.558 E94.93448
G0 F12000 X112.518 Y108.558
G1 F2141.8 X115.4 Y111.44 E95.01581
G0 F12000 X114.834 Y111.44
G1 F2141.8 X111.952 Y108.558 E95.09715
G0 F12000 X111.386 Y108.558
G1 F2141.8 X114.268 Y111.44 E95.17849
G0 F12000 X113.703 Y111.44
G1 F2141.8 X110.821 Y108.558 E95.25982
G0 F12000 X110.255 Y108.558
G1 F2141.8 X113.137 Y111.44 E95.34116
G0 F12000 X112.571 Y111.44
G1 F2141.8 X109.69 Y108.559 E95.42247
G0 F12000 X109.124 Y108.559
G1 F2141.8 X112.006 Y111.44 E95.50379
G0 F12000 X111.44 Y111.44
G1 F2141.8 X108.559 Y108.559 E95.5851
G0 F12000 X107.993 Y108.559
G1 F2141.8 X110.874 Y111.44 E95.6664
G0 F12000 X110.309 Y111.44
G1 F2141.8 X107.427 Y108.559 E95.74773
G0 F12000 X106.862 Y108.559
G1 F2141.8 X109.743 Y111.44 E95.82903
G0 F12000 X109.177 Y111.44
G1 F2141.8 X106.297 Y108.559 E95.91033
G0 F12000 X105.731 Y108.559
G1 F2141.8 X108.612 Y111.44 E95.99164
G0 F12000 X108.046 Y111.44
G1 F2141.8 X105.165 Y108.559 E96.07294
G0 F12000 X104.599 Y108.559
G1 F2141.8 X107.48 Y111.44 E96.15425
G0 F12000 X106.915 Y111.44
G1 F2141.8 X104.034 Y108.559 E96.23556
G0 F12000 X103.469 Y108.56
G1 F2141.8 X106.349 Y111.44 E96.31684
G0 F12000 X105.783 Y111.44
G1 F2141.8 X102.903 Y108.56 E96.39812
G0 F12000 X102.337 Y108.56
G1 F2141.8 X105.217 Y111.44 E96.4794
G0 F12000 X104.652 Y111.44
G1 F2141.8 X101.772 Y108.56 E96.56068
G0 F12000 X101.206 Y108.56
G1 F2141.8 X104.086 Y111.44 E96.64196
G0 F12000 X103.52 Y111.44
G1 F2141.8 X100.702 Y108.622 E96.72149
G0 F12000 X100.701 Y109.186
G1 F2141.8 X102.955 Y111.44 E96.7851
G0 F12000 X102.389 Y111.44
G1 F2141.8 X100.7 Y109.751 E96.83277
G0 F12000 X100.699 Y110.316
G1 F2141.8 X101.823 Y111.44 E96.86449
G0 F12000 X101.258 Y111.44
G1 F2141.8 X100.698 Y110.881 E96.88028
;MESH:NONMESH
G0 F300 X100.698 Y110.881 Z1.92
G0 F12000 X100.24 Y110.88
G0 X100.31 Y111.828
G0 X101.812 Y112
;TIME_ELAPSED:242.286771
;LAYER:15
;note -- min layer time used
;TYPE:WALL-INNER
;MESH:9VBatteryHolder_v1.stl
G1 F1229 X101.812 Y108 E96.96011
G1 X99.958 Y108.002 E96.9971
G1 X99.947 Y112 E97.07689
G1 X101.812 Y112 E97.11411
G0 F12000 X102.212 Y112
G1 F1229 X102.212 Y108 E97.19393
G1 X102.549 Y107.599 E97.20438
G1 X99.156 Y107.6 E97.2721
G1 X99.556 Y108.002 E97.28341
G1 X99.546 Y112.4 E97.37118
G1 X102.612 Y112.4 E97.43237
G1 X102.212 Y112 E97.44365
G0 F12000 X101.903 Y112
G0 X102.375 Y112.438
G0 X117.625 Y112.438
G0 X120.049 Y112
G1 F1229 X120.038 Y108.002 E97.52344
G1 X118.184 Y108 E97.56044
G1 X118.184 Y112 E97.64026
G1 X120.049 Y112 E97.67748
G0 F12000 X118.097 Y112
G0 X117.784 Y112
G1 F1229 X117.447 Y112.401 E97.68793
G1 X120.45 Y112.4 E97.74786
G1 X120.44 Y108.002 E97.83563
G1 X120.778 Y107.599 E97.84612
G1 X117.384 Y107.6 E97.91386
G1 X117.784 Y108 E97.92514
G1 X117.784 Y112 E98.00497
G0 F12000 X117.228 Y112.249
;TYPE:WALL-OUTER
G1 F979.3 X102.812 Y112.25 E98.36602
G1 F1092.5 X102.612 Y112 E98.3732
G1 F1229 X102.612 Y108 E98.45303
G1 F1087.6 X102.768 Y107.751 E98.45965
G1 F979.3 X117.184 Y107.75 E98.8207
G1 F1092.5 X117.384 Y108 E98.82789
G1 F1229 X117.384 Y112 E98.90771
G1 F1087.6 X117.228 Y112.249 E98.91434
G1 F1500 E92.41434
G0 F12000 X117.228 Y112.51
G0 X117.625 Y112.438
G0 X118.102 Y107.918
G0 X120.996 Y107.49
G0 X120.996 Y107.751
G1 F1500 E98.91434
G1 F979.3 X124.75 Y107.75 E99.00836
G1 F983.2 X124.75 Y107.25 E99.02083
G1 F979.3 X120.953 Y107.252 E99.11593
G1 F1087.6 X120.038 Y107.2 E99.13659
G1 F1229 X118.184 Y107.2 E99.17359
G1 F1092.5 X117.184 Y107.25 E99.19607
G1 F979.3 X102.725 Y107.252 E99.55819
G1 F1087.6 X101.812 Y107.2 E99.57882
G1 F1229 X99.958 Y107.2 E99.61581
G1 F1092.5 X98.956 Y107.25 E99.63834
G1 F983.2 X95.25 Y107.25 E99.73078
G1 X95.25 Y107.75 E99.74326
G1 X98.956 Y107.75 E99.8357
G1 F1092.5 X99.156 Y108.001 E99.84291
G1 F1229 X99.145 Y112.8 E99.93868
G1 X101.812 Y112.8 E99.9919
G1 F1092.5 X102.812 Y112.75 E100.01438
G1 F979.3 X117.271 Y112.748 E100.3765
G1 F1087.6 X118.184 Y112.8 E100.39712
G1 F1229 X120.851 Y112.8 E100.45035
G1 X120.84 Y108.001 E100.54612
G1 F1087.6 X120.996 Y107.751 E100.55276
G0 F12000 X120.996 Y107.49
G0 X120.602 Y107.562
G0 X120.132 Y112.082
G0 X119.687 Y111.9
G0 X119.687 Y111.64
;TYPE:SKIN
G1 F1229 X118.544 Y111.64 E100.57557
G1 X118.544 Y108.36 E100.64103
G1 X119.676 Y108.36 E100.66362
G1 X119.687 Y111.64 E100.72907
G0 F12000 X119.298 Y111.255
G1 F1328.7 X118.929 Y111.255 E100.73589
G1 F1335.9 X118.927 Y108.743 E100.78201
G1 F1339.5 X119.293 Y108.743 E100.78871
G1 F1335.9 X119.298 Y111.255 E100.83483
G0 F12000 X119.298 Y111.9
G0 X117.625 Y112.438
G0 X102.375 Y112.438
G0 X101.712 Y111.254
G0 X101.066 Y111.254
G1 F1318 X100.691 Y111.254 E100.8418
G1 F1321.5 X100.697 Y108.745 E100.88837
G1 F1325.1 X101.067 Y108.745 E100.89522
G1 F1321.5 X101.066 Y111.254 E100.94178
G0 F12000 X101.452 Y111.64
G1 F1229 X100.305 Y111.64 E100.96467
G1 X100.316 Y108.36 E101.03013
G1 X101.452 Y108.36 E101.0528
G1 X101.452 Y111.64 E101.11825
;MESH:NONMESH
G0 F300 X101.452 Y111.64 Z2.04
G0 F12000 X101.208 Y112
;TIME_ELAPSED:256.096448
;LAYER:16
;note -- min layer time used
;TYPE:WALL-INNER
;MESH:9VBatteryHolder_v1.stl
G1 F1128.8 X101.208 Y108 E101.19808
G1 X99.781 Y108 E101.22656
G1 X99.79 Y112 E101.30638
G1 X101.208 Y112 E101.33468
G0 F12000 X101.608 Y112
G1 F1128.8 X101.608 Y108 E101.4145
G1 X101.945 Y107.599 E101.42496
G1 X98.981 Y107.6 E101.48411
G1 X99.38 Y107.998 E101.49535
G1 X99.391 Y112.4 E101.5832
G1 X102.008 Y112.4 E101.63542
G1 X101.608 Y112 E101.64671
G0 F12000 X101.3 Y112
G0 X101.772 Y112.438
G0 X118.228 Y112.438
G0 X120.21 Y112
G1 F1128.8 X120.219 Y108 E101.72654
G1 X118.788 Y108 E101.7551
G1 X118.788 Y112 E101.83492
G1 X120.21 Y112 E101.8633
G0 F12000 X118.7 Y112
G0 X118.388 Y112
G1 F1128.8 X118.051 Y112.401 E101.87375
G1 X120.609 Y112.4 E101.9248
G1 X120.62 Y107.998 E102.01264
G1 X120.957 Y107.599 E102.02307
G1 X117.988 Y107.6 E102.08232
G1 X118.388 Y108 E102.09361
G1 X118.388 Y112 E102.17343
G0 F12000 X117.832 Y112.249
;TYPE:WALL-OUTER
G1 F899.4 X102.208 Y112.25 E102.56473
G1 F1003.4 X102.008 Y112 E102.57192
G1 F1128.8 X102.008 Y108 E102.65174
G1 F998.9 X102.164 Y107.751 E102.65837
G1 F899.4 X117.788 Y107.75 E103.04967
G1 F1003.4 X117.988 Y108 E103.05686
G1 F1128.8 X117.988 Y112 E103.13668
G1 F998.9 X117.832 Y112.249 E103.14331
G1 F1500 E96.64331
G0 F12000 X117.832 Y112.51
G0 X118.228 Y112.438
G0 X120.292 Y112.083
G0 X120.785 Y107.562
G0 X121.176 Y107.49
G0 X121.176 Y107.751
G1 F1500 E103.14331
G1 F899.4 X124.75 Y107.75 E103.23282
G1 F903 X124.75 Y107.25 E103.24529
G1 F899.4 X121.133 Y107.252 E103.33588
G1 F998.9 X120.222 Y107.2 E103.35646
G1 F1128.8 X118.788 Y107.2 E103.38507
G1 F1003.4 X117.788 Y107.25 E103.40755
G1 F899.4 X102.121 Y107.252 E103.79993
G1 F998.9 X101.208 Y107.2 E103.82055
G1 F1128.8 X99.778 Y107.2 E103.84909
G1 F1003.4 X98.78 Y107.25 E103.87152
G1 F903 X95.25 Y107.25 E103.95958
G1 X95.25 Y107.75 E103.97205
G1 X98.78 Y107.75 E104.06011
G1 F1003.4 X98.98 Y107.999 E104.06728
G1 F1128.8 X98.992 Y112.8 E104.16309
G1 X101.208 Y112.8 E104.20731
G1 F1003.4 X102.208 Y112.75 E104.22979
G1 F899.4 X117.875 Y112.748 E104.62217
G1 F998.9 X118.788 Y112.8 E104.64279
G1 F1128.8 X121.008 Y112.8 E104.68709
G1 X121.02 Y107.999 E104.7829
G1 F998.9 X121.176 Y107.751 E104.78951
G0 F12000 X121.176 Y107.49
G0 X120.785 Y107.562
G0 X120.292 Y112.083
G0 X119.773 Y111.9
G0 X119.773 Y111.564
;TYPE:SKIN
G1 F820.9 X119.224 Y111.564 E104.80457
G1 F818 X119.225 Y108.437 E104.89069
G1 F813.6 X119.782 Y108.437 E104.90611
G1 F818 X119.773 Y111.564 E104.99223
G0 F12000 X119.773 Y111.9
G0 X118.228 Y112.438
G0 X101.772 Y112.438
G0 X101.108 Y111.565
G0 X100.773 Y111.565
G1 F819.5 X100.223 Y111.565 E105.00735
G1 F818 X100.217 Y108.436 E105.09352
G1 F816.5 X100.772 Y108.436 E105.10883
G1 F818 X100.773 Y111.565 E105.195
;MESH:NONMESH
G0 F300 X100.773 Y111.565 Z2.16
G0 F12000 X100.82 Y112
;TIME_ELAPSED:269.920413
;LAYER:17
;note -- min layer time used
;TYPE:WALL-INNER
;MESH:9VBatteryHolder_v1.stl
G1 F1126.5 X100.82 Y108 E105.27482
G1 X99.636 Y108 E105.29845
G1 X99.643 Y112 E105.37828
G1 X100.82 Y112 E105.40176
G0 F12000 X101.22 Y112
G1 F1126.5 X101.22 Y108 E105.48159
G1 X101.557 Y107.599 E105.49204
G1 X98.837 Y107.6 E105.54632
G1 X99.236 Y107.998 E105.55757
G1 X99.244 Y112.4 E105.64542
G1 X101.62 Y112.4 E105.69283
G1 X101.22 Y112 E105.70412
G0 F12000 X100.91 Y112
G0 X101.383 Y112.438
G0 X118.617 Y112.438
G0 X120.357 Y111.999
G1 F1126.5 X120.363 Y108 E105.78392
G1 X119.181 Y108.001 E105.80751
G1 X119.175 Y112.001 E105.88734
G1 X120.357 Y111.999 E105.91092
G0 F12000 X119.089 Y112.002
G0 X118.776 Y112.001
G1 F1126.5 X118.439 Y112.401 E105.92136
G1 X120.756 Y112.399 E105.9676
G1 X120.764 Y107.998 E106.05543
G1 X121.101 Y107.599 E106.06585
G1 X118.38 Y107.6 E106.12015
G1 X118.78 Y108.001 E106.13145
G1 X118.776 Y112.001 E106.21128
G0 F12000 X118.22 Y112.249
;TYPE:WALL-OUTER
G1 F897.6 X101.82 Y112.25 E106.62201
G1 F1001.3 X101.62 Y112 E106.6292
G1 F1126.5 X101.62 Y108 E106.70903
G1 F996.9 X101.776 Y107.751 E106.71565
G1 F897.6 X118.18 Y107.75 E107.12649
G1 F1001.3 X118.38 Y108.001 E107.13369
G1 F1126.5 X118.376 Y112.001 E107.21352
G1 F996.9 X118.22 Y112.249 E107.22013
G1 F1500 E100.72013
G0 F12000 X118.22 Y112.51
G0 X118.617 Y112.438
G0 X120.439 Y112.082
G0 X120.927 Y107.562
G0 X121.32 Y107.49
G0 X121.32 Y107.751
G1 F1500 E107.22013
G1 F897.6 X124.75 Y107.75 E107.30603
G1 F901.2 X124.75 Y107.25 E107.3185
G1 F897.6 X121.277 Y107.252 E107.40548
G1 F996.9 X120.366 Y107.2 E107.42606
G1 F1126.5 X119.181 Y107.2 E107.44971
G1 F1001.3 X118.18 Y107.25 E107.47221
G1 F897.6 X101.733 Y107.252 E107.88412
G1 F996.9 X100.82 Y107.2 E107.90474
G1 F1126.5 X99.634 Y107.2 E107.92841
G1 F1001.3 X98.636 Y107.25 E107.95085
G1 F901.2 X95.25 Y107.25 E108.03531
G1 X95.25 Y107.75 E108.04778
G1 X98.636 Y107.75 E108.13225
G1 F1001.3 X98.836 Y107.999 E108.13942
G1 F1126.5 X98.844 Y112.8 E108.23523
G1 X100.82 Y112.8 E108.27466
G1 F1001.3 X101.82 Y112.75 E108.29714
G1 F897.6 X118.263 Y112.748 E108.70895
G1 F996.9 X119.175 Y112.8 E108.72955
G1 F1126.5 X121.156 Y112.799 E108.76908
G1 X121.164 Y107.999 E108.86487
G1 F996.9 X121.32 Y107.751 E108.87148
G0 F12000 X121.32 Y107.49
G0 X120.927 Y107.562
G0 X120.257 Y111.622
G0 X119.982 Y111.621
;TYPE:SKIN
G1 F1050.4 X119.551 Y111.621 E108.8807
G1 F1047.9 X119.556 Y108.376 E108.95032
G1 F1043.1 X119.987 Y108.376 E108.95961
G1 F1047.9 X119.982 Y111.621 E109.02922
G0 F12000 X120.257 Y111.622
G0 X120.439 Y112.082
G0 X118.617 Y112.438
G0 X101.383 Y112.438
G0 X100.72 Y111.626
G0 X100.446 Y111.626
G1 F1050.4 X100.018 Y111.626 E109.03838
G1 F1045.5 X100.009 Y108.376 E109.10827
G1 F1040.7 X100.444 Y108.376 E109.11766
G1 F1045.5 X100.446 Y111.626 E109.18755
;MESH:NONMESH
G0 F300 X100.446 Y111.626 Z2.28
G0 F12000 X100.72 Y111.626
G0 X99.815 Y111.828
G0 X99.551 Y110.131
G0 X99.488 Y110.13
;TIME_ELAPSED:283.700300
;LAYER:18
;note -- min layer time used
;TYPE:WALL-INNER
;MESH:9VBatteryHolder_v1.stl
G1 F1076.3 X99.494 Y112 E109.22486
G1 X100.469 Y112.001 E109.24432
G1 X100.463 Y108.001 E109.32415
G1 X99.5 Y108.004 E109.34336
G1 X99.488 Y110.13 E109.38579
G0 F12000 X99.665 Y111.828
G0 X100.557 Y112.001
G0 X100.868 Y112.001
G1 F1076.3 X100.864 Y108.001 E109.46562
G1 X101.201 Y107.599 E109.47608
G1 X98.696 Y107.6 E109.52607
G1 X99.096 Y108.003 E109.53741
G1 X99.088 Y110.131 E109.57987
G1 X99.095 Y112.4 E109.62515
G1 X101.267 Y112.4 E109.6685
G1 X100.868 Y112.001 E109.67976
G0 F12000 X100.557 Y112.001
G0 X101.03 Y112.438
G0 X118.97 Y112.438
G0 X120.504 Y112
G1 F1076.3 X120.504 Y108 E109.75958
G1 X119.532 Y108 E109.77898
G1 X119.532 Y112 E109.8588
G1 X120.504 Y112 E109.8782
G0 F12000 X119.442 Y112.001
G0 X119.132 Y112
G1 F1076.3 X118.795 Y112.401 E109.88865
G1 X120.904 Y112.4 E109.93074
G1 X120.904 Y108 E110.01855
G1 X121.241 Y107.599 E110.029
G1 X118.732 Y107.6 E110.07907
G1 X119.132 Y108 E110.09036
G1 X119.132 Y112 E110.17018
G0 F12000 X118.576 Y112.249
;TYPE:WALL-OUTER
G1 F857.6 X101.468 Y112.25 E110.59865
G1 F956.7 X101.268 Y112.001 E110.60582
G1 F1076.3 X101.264 Y108.001 E110.68565
G1 F952.5 X101.42 Y107.751 E110.69229
G1 F857.6 X118.532 Y107.75 E111.12086
G1 F956.7 X118.732 Y108 E111.12805
G1 F1076.3 X118.732 Y112 E111.20787
G1 F952.5 X118.576 Y112.249 E111.2145
G1 F1500 E104.7145
G0 F12000 X118.576 Y112.51
G0 X118.97 Y112.438
G0 X119.45 Y107.918
G0 X120.932 Y107.623
G0 X121.46 Y107.49
G0 X121.46 Y107.751
G1 F1500 E111.2145
G1 F857.6 X124.75 Y107.75 E111.2969
G1 F861.1 X124.75 Y107.25 E111.30937
G1 F857.6 X121.417 Y107.252 E111.39284
G1 F952.5 X120.504 Y107.2 E111.41346
G1 F1076.3 X119.532 Y107.2 E111.43286
G1 F956.7 X118.532 Y107.25 E111.45534
G1 F857.6 X101.377 Y107.252 E111.88499
G1 F952.5 X100.463 Y107.2 E111.90563
G1 F1076.3 X99.5 Y107.2 E111.92485
G1 F956.7 X98.496 Y107.25 E111.94742
G1 F861.1 X95.25 Y107.25 E112.02839
G1 X95.25 Y107.75 E112.04086
G1 X98.496 Y107.75 E112.12183
G1 F956.7 X98.696 Y108.001 E112.12904
G1 F1076.3 X98.688 Y110.132 E112.17156
G1 X98.696 Y112.8 E112.22481
G1 X100.469 Y112.8 E112.26019
G1 F956.7 X101.468 Y112.75 E112.28265
G1 F857.6 X118.619 Y112.748 E112.71219
G1 F952.5 X119.532 Y112.8 E112.73281
G1 F1076.3 X121.304 Y112.8 E112.76817
G1 X121.304 Y108 E112.86396
G1 F952.5 X121.46 Y107.751 E112.87059
G0 F12000 X121.46 Y107.49
G0 X121.068 Y107.562
G0 X120.586 Y112.082
G0 X119.45 Y112.082
G0 X119.632 Y111.514
G0 X120.018 Y111.514
;TYPE:SKIN
G1 F660.3 X120.018 Y108.486 E112.96909
G0 F12000 X120.018 Y108.1
G0 X118.971 Y107.562
G0 X101.029 Y107.562
G0 X100.551 Y112.082
G0 X99.411 Y112.082
G0 X99.594 Y111.511
G0 X99.98 Y111.512
G1 F657.3 X99.978 Y108.486 E113.06797
;MESH:NONMESH
G0 F300 X99.978 Y108.486 Z2.4
G0 F12000 X99.595 Y108.485
G0 X99.401 Y111.126
G0 X99.34 Y111.125
;TIME_ELAPSED:297.995357
;LAYER:19
;note -- min layer time used
;TYPE:WALL-INNER
;MESH:9VBatteryHolder_v1.stl
G1 F1077.8 X99.344 Y112 E113.08543
G1 X100.148 Y112 E113.10148
G1 X100.148 Y108 E113.1813
G1 X99.356 Y108.004 E113.19711
G1 X99.34 Y111.125 E113.25939
G0 F12000 X99.515 Y111.828
G0 X100.238 Y112
G0 X100.548 Y112
G1 F1077.8 X100.548 Y108 E113.33921
G1 X100.885 Y107.599 E113.34967
G1 X98.552 Y107.6 E113.39622
G1 X98.952 Y108.003 E113.40756
G1 X98.94 Y111.126 E113.46988
G1 X98.946 Y112.4 E113.4953
G1 X100.948 Y112.4 E113.53526
G1 X100.548 Y112 E113.54654
G0 F12000 X100.238 Y112
G0 X100.711 Y112.438
G0 X119.289 Y112.438
G0 X120.651 Y112
G1 F1077.8 X120.647 Y108.001 E113.62635
G1 X119.848 Y108 E113.64229
G1 X119.848 Y112 E113.72212
G1 X120.651 Y112 E113.73814
G0 F12000 X119.761 Y112
G0 X119.448 Y112
G1 F1077.8 X119.111 Y112.401 E113.7486
G1 X121.051 Y112.4 E113.78731
G1 X121.048 Y108.001 E113.8751
G1 X121.386 Y107.599 E113.88558
G1 X119.048 Y107.6 E113.93224
G1 X119.448 Y108 E113.94352
G1 X119.448 Y112 E114.02335
G0 F12000 X118.892 Y112.249
;TYPE:WALL-OUTER
G1 F858.8 X101.148 Y112.25 E114.46775
G1 F958.1 X100.948 Y112 E114.47493
G1 F1077.8 X100.948 Y108 E114.55476
G1 F953.8 X101.104 Y107.751 E114.56138
G1 F858.8 X118.848 Y107.75 E115.00578
G1 F958.1 X119.048 Y108 E115.01297
G1 F1077.8 X119.048 Y112 E115.09279
G1 F953.8 X118.892 Y112.249 E115.09942
G1 F1500 E108.59942
G0 F12000 X118.892 Y112.51
G0 X119.289 Y112.438
G0 X119.765 Y107.918
G0 X121.091 Y107.623
G0 X121.604 Y107.49
G0 X121.604 Y107.751
G1 F1500 E115.09942
G1 F858.8 X124.75 Y107.75 E115.17821
G1 F862.2 X124.75 Y107.25 E115.19068
G1 F858.8 X121.561 Y107.252 E115.27055
G1 F953.8 X120.647 Y107.2 E115.29119
G1 F1077.8 X119.848 Y107.2 E115.30714
G1 F958.1 X118.848 Y107.25 E115.32962
G1 F858.8 X101.061 Y107.252 E115.77509
G1 F953.8 X100.148 Y107.2 E115.79571
G1 F1077.8 X99.356 Y107.2 E115.81152
G1 F958.1 X98.352 Y107.25 E115.83409
G1 F862.2 X95.25 Y107.25 E115.91147
G1 X95.25 Y107.75 E115.92394
G1 X98.352 Y107.75 E116.00132
G1 F958.1 X98.552 Y108.001 E116.00852
G1 F1077.8 X98.54 Y111.128 E116.07093
G1 X98.548 Y112.8 E116.10429
G1 X100.148 Y112.8 E116.13622
G1 F958.1 X101.148 Y112.75 E116.1587
G1 F858.8 X118.935 Y112.748 E116.60418
G1 F953.8 X119.848 Y112.8 E116.6248
G1 F1077.8 X121.451 Y112.8 E116.65679
G1 X121.448 Y108.001 E116.75256
G1 F953.8 X121.604 Y107.751 E116.7592
G0 F12000 X121.604 Y107.49
G0 X121.21 Y107.562
G0 X120.733 Y112.082
G0 X119.766 Y112.082
G0 X119.948 Y111.6
G0 X120.248 Y111.6
;TYPE:SKIN
G1 F898.2 X120.248 Y108.398 E116.83588
G0 F12000 X120.248 Y108.099
G0 X119.289 Y107.562
G0 X100.71 Y107.562
G0 X100.23 Y112.082
G0 X99.26 Y112.082
G0 X99.444 Y111.595
G0 X99.744 Y111.596
G1 F894.4 X99.75 Y108.398 E116.91278
;MESH:NONMESH
G0 F300 X99.75 Y108.398 Z2.52
G0 F12000 X99.75 Y108.1
G0 X99.976 Y111.828
G0 X99.829 Y111.925
;TIME_ELAPSED:312.137546
;LAYER:20
;note -- min layer time used
;TYPE:WALL-INNER
;MESH:9VBatteryHolder_v1.stl
G1 F736.5 X99.83 Y108.074 E117.01845
G1 F739.2 X99.282 Y108.074 E117.03344
G1 F736.5 X99.277 Y111.925 E117.13911
G1 F735.1 X99.829 Y111.925 E117.15428
G0 F12000 X100.304 Y112
G1 F1012.7 X100.304 Y108 E117.2341
G1 X100.641 Y107.599 E117.24456
G1 X98.408 Y107.6 E117.28912
G1 X98.808 Y108.002 E117.30044
G1 X98.801 Y112.4 E117.3882
G1 X100.704 Y112.4 E117.42618
G1 X100.304 Y112 E117.43747
G0 F12000 X99.994 Y112
G0 X100.467 Y112.438
G0 X119.533 Y112.438
G0 X120.721 Y111.924
G1 F735.1 X120.714 Y108.074 E117.5433
G1 F737.8 X120.166 Y108.074 E117.55831
G1 F735.1 X120.168 Y111.924 E117.66415
G1 F732.5 X120.721 Y111.924 E117.6794
G0 F12000 X120.005 Y112
G0 X119.692 Y112
G1 F1012.7 X119.355 Y112.401 E117.68986
G1 X121.198 Y112.4 E117.72664
G1 X121.188 Y108.002 E117.8144
G1 X121.526 Y107.599 E117.8249
G1 X119.292 Y107.6 E117.86948
G1 X119.692 Y108 E117.88077
G1 X119.692 Y112 E117.96059
G0 F12000 X119.136 Y112.249
;TYPE:WALL-OUTER
G1 F806.9 X100.904 Y112.25 E118.41721
G1 F900.1 X100.704 Y112 E118.4244
G1 F1012.7 X100.704 Y108 E118.50422
G1 F896.2 X100.86 Y107.751 E118.51085
G1 F806.9 X119.092 Y107.75 E118.96747
G1 F900.1 X119.292 Y108 E118.97466
G1 F1012.7 X119.292 Y112 E119.05448
G1 F896.2 X119.136 Y112.249 E119.06111
G1 F1500 E112.56111
G0 F12000 X119.136 Y112.51
G0 X119.533 Y112.438
G0 X121.351 Y107.562
G0 X121.744 Y107.49
G0 X121.744 Y107.751
G1 F1500 E119.06111
G1 F806.9 X124.75 Y107.75 E119.13639
G1 F810.1 X124.75 Y107.25 E119.14886
G1 F806.9 X121.701 Y107.252 E119.22523
G1 F896.2 X120.786 Y107.2 E119.24589
G1 F1012.7 X120.092 Y107.2 E119.25974
G1 F900.1 X119.092 Y107.25 E119.28222
G1 F806.9 X100.817 Y107.252 E119.73992
G1 F896.2 X99.904 Y107.2 E119.76054
G1 F1012.7 X99.21 Y107.2 E119.77439
G1 F900.1 X98.208 Y107.25 E119.79691
G1 F810.1 X95.25 Y107.25 E119.8707
G1 X95.25 Y107.75 E119.88317
G1 X98.208 Y107.75 E119.95696
G1 F900.1 X98.408 Y108.001 E119.96416
G1 F1012.7 X98.401 Y112.8 E120.05993
G1 X99.904 Y112.8 E120.08993
G1 F900.1 X100.904 Y112.75 E120.11241
G1 F806.9 X119.179 Y112.748 E120.5701
G1 F896.2 X120.092 Y112.8 E120.59072
G1 F1012.7 X121.599 Y112.8 E120.6208
G1 X121.588 Y108.001 E120.71657
G1 F896.2 X121.744 Y107.751 E120.72321
G0 F12000 X120.579 Y108.092
;MESH:NONMESH
G0 F300 X120.579 Y108.092 Z2.64
G0 F12000 X119.533 Y112.438
G0 X100.467 Y112.438
G0 X99.61 Y111.95
;TIME_ELAPSED:325.953263
;LAYER:21
;note -- min layer time used
;TYPE:WALL-INNER
;MESH:9VBatteryHolder_v1.stl
G1 F820.8 X99.611 Y108.049 E120.82052
G1 F824.1 X99.113 Y108.049 E120.8329
G1 F820.8 X99.108 Y111.95 E120.93021
G1 F819.1 X99.61 Y111.95 E120.94275
G0 F12000 X100.06 Y112
G1 F1026 X100.06 Y108 E121.02258
G1 X100.397 Y107.599 E121.03303
G1 X98.264 Y107.6 E121.0756
G1 X98.664 Y108.002 E121.08692
G1 X98.657 Y112.4 E121.17468
G1 X100.46 Y112.4 E121.21066
G1 X100.06 Y112 E121.22195
G0 F12000 X99.751 Y112
G0 X100.224 Y112.438
G0 X119.776 Y112.438
G0 X120.89 Y111.949
G1 F819.1 X120.883 Y108.049 E121.31943
G1 F822.4 X120.385 Y108.049 E121.33183
G1 F819.1 X120.387 Y111.949 E121.42931
G1 F815.9 X120.89 Y111.949 E121.44193
G0 F12000 X119.936 Y112
G1 F1026 X119.599 Y112.401 E121.45239
G1 X121.342 Y112.4 E121.48717
G1 X121.332 Y108.002 E121.57494
G1 X121.67 Y107.599 E121.58543
G1 X119.536 Y107.6 E121.62802
G1 X119.936 Y108 E121.63931
G1 X119.936 Y112 E121.71913
G0 F12000 X119.38 Y112.249
;TYPE:WALL-OUTER
G1 F817.5 X100.66 Y112.25 E122.18797
G1 F912 X100.46 Y112 E122.19516
G1 F1026 X100.46 Y108 E122.27499
G1 F907.9 X100.616 Y107.751 E122.28161
G1 F817.5 X119.336 Y107.75 E122.75045
G1 F912 X119.536 Y108 E122.75764
G1 F1026 X119.536 Y112 E122.83746
G1 F907.9 X119.38 Y112.249 E122.84409
G1 F1500 E116.34409
G0 F12000 X119.38 Y112.51
G0 X119.776 Y112.438
G0 X121.494 Y107.562
G0 X121.888 Y107.49
G0 X121.888 Y107.751
G1 F1500 E122.84409
G1 F817.5 X124.75 Y107.75 E122.91577
G1 F820.8 X124.75 Y107.25 E122.92824
G1 F817.5 X121.845 Y107.252 E123.001
G1 F907.9 X120.93 Y107.2 E123.02166
G1 F1026 X120.336 Y107.2 E123.03352
G1 F912 X119.336 Y107.25 E123.056
G1 F817.5 X100.573 Y107.252 E123.52591
G1 F907.9 X99.66 Y107.2 E123.54653
G1 F1026 X99.066 Y107.2 E123.55839
G1 F912 X98.064 Y107.25 E123.58091
G1 F820.8 X95.25 Y107.25 E123.65111
G1 X95.25 Y107.75 E123.66358
G1 X98.064 Y107.75 E123.73378
G1 F912 X98.264 Y108.001 E123.74098
G1 F1026 X98.257 Y112.8 E123.83675
G1 X99.66 Y112.8 E123.86475
G1 F912 X100.66 Y112.75 E123.88723
G1 F817.5 X119.423 Y112.748 E124.35714
G1 F907.9 X120.336 Y112.8 E124.37777
G1 F1026 X121.743 Y112.8 E124.40584
G1 X121.732 Y108.001 E124.50161
G1 F907.9 X121.888 Y107.751 E124.50826
G0 F12000 X120.722 Y108.092
;MESH:NONMESH
G0 F300 X120.722 Y108.092 Z2.76
G0 F12000 X119.776 Y112.438
G0 X100.224 Y112.438
G0 X99.397 Y111.981
;TIME_ELAPSED:339.570516
;LAYER:22
;note -- min layer time used
;TYPE:WALL-INNER
;MESH:9VBatteryHolder_v1.stl
G1 F935.6 X99.395 Y108.021 E124.59519
G1 F931.4 X98.953 Y108.021 E124.60493
G1 F935.6 X98.958 Y111.981 E124.69186
G1 F937.7 X99.397 Y111.981 E124.70148
G0 F12000 X99.816 Y112
G1 F1029.1 X99.816 Y108 E124.7813
G1 X100.153 Y107.599 E124.79175
G1 X98.133 Y107.6 E124.83207
G1 X98.532 Y107.998 E124.84331
G1 X98.54 Y112.4 E124.93116
G1 X100.216 Y112.4 E124.96461
G1 X99.816 Y112 E124.97589
G0 F12000 X99.507 Y112
G0 X99.98 Y112.438
G0 X120.02 Y112.438
G0 X121.038 Y111.981
G1 F933.5 X121.046 Y108.022 E125.063
G1 F929.2 X120.602 Y108.022 E125.07281
G1 F933.5 X120.599 Y111.981 E125.15992
G1 F937.7 X121.038 Y111.981 E125.16953
G0 F12000 X120.18 Y112
G1 F1029.1 X119.843 Y112.401 E125.17998
G1 X121.456 Y112.4 E125.21217
G1 X121.468 Y107.998 E125.30002
G1 X121.805 Y107.599 E125.31044
G1 X119.78 Y107.6 E125.35085
G1 X120.18 Y108 E125.36214
G1 X120.18 Y112 E125.44197
G0 F12000 X119.624 Y112.249
;TYPE:WALL-OUTER
G1 F820 X100.416 Y112.25 E125.92303
G1 F914.8 X100.216 Y112 E125.93022
G1 F1029.1 X100.216 Y108 E126.01004
G1 F910.7 X100.372 Y107.751 E126.01667
G1 F820 X119.58 Y107.75 E126.49773
G1 F914.8 X119.78 Y108 E126.50492
G1 F1029.1 X119.78 Y112 E126.58474
G1 F910.7 X119.624 Y112.249 E126.59137
G1 F1500 E120.09137
G0 F12000 X119.624 Y112.51
G0 X120.02 Y112.438
G0 X121.633 Y107.562
G0 X122.024 Y107.49
G0 X122.024 Y107.751
G1 F1500 E126.59137
G1 F820 X124.75 Y107.75 E126.65964
G1 F823.3 X124.75 Y107.25 E126.67211
G1 F820 X121.981 Y107.252 E126.74146
G1 F910.7 X121.07 Y107.2 E126.76204
G1 F1029.1 X120.58 Y107.2 E126.77182
G1 F914.8 X119.58 Y107.25 E126.7943
G1 F820 X100.329 Y107.252 E127.27643
G1 F910.7 X99.416 Y107.2 E127.29706
G1 F1029.1 X98.93 Y107.2 E127.30676
G1 F914.8 X97.932 Y107.25 E127.32919
G1 F823.3 X95.25 Y107.25 E127.39609
G1 X95.25 Y107.75 E127.40856
G1 X97.932 Y107.75 E127.47547
G1 F914.8 X98.132 Y107.999 E127.48264
G1 F1029.1 X98.14 Y112.8 E127.57845
G1 X99.416 Y112.8 E127.60391
G1 F914.8 X100.416 Y112.75 E127.62639
G1 F820 X119.667 Y112.748 E128.10853
G1 F910.7 X120.58 Y112.8 E128.12915
G1 F1029.1 X121.856 Y112.8 E128.15461
G1 X121.868 Y107.999 E128.25042
G1 F910.7 X122.024 Y107.751 E128.25703
G0 F12000 X120.978 Y108.21
;MESH:NONMESH
G0 F300 X120.978 Y108.21 Z2.88
G0 F12000 X120.02 Y112.438
G0 X99.98 Y112.438
G0 X99.224 Y112
;TIME_ELAPSED:353.065761
;LAYER:23
;note -- min layer time used
;TYPE:WALL-INNER
;MESH:9VBatteryHolder_v1.stl
G1 F1029.9 X99.224 Y108 E128.33705
G1 F1027.3 X98.821 Y108.001 E128.34514
G1 F1029.9 X98.824 Y112 E128.42514
G1 F1032.4 X99.224 Y112 E128.43312
G0 F12000 X99.624 Y112
G1 F1032.4 X99.624 Y108 E128.51295
G1 X99.961 Y107.599 E128.5234
G1 X98.021 Y107.6 E128.56212
G1 X98.42 Y107.999 E128.57338
G1 X98.424 Y112.4 E128.6612
G1 X100.024 Y112.4 E128.69313
G1 X99.624 Y112 E128.70442
G0 F12000 X99.317 Y112
G0 X99.789 Y112.438
G0 X120.211 Y112.438
G0 X121.172 Y111.999
G1 F1027.3 X121.178 Y108.002 E128.78458
G1 F1024.7 X120.772 Y108 E128.79275
G1 F1027.3 X120.772 Y112 E128.87297
G1 F1032.4 X121.172 Y111.999 E128.88095
G0 F12000 X120.372 Y112
G1 F1032.4 X120.035 Y112.401 E128.89141
G1 X121.572 Y112.399 E128.92208
G1 X121.58 Y107.998 E129.00991
G1 X121.917 Y107.599 E129.02033
G1 X119.972 Y107.6 E129.05914
G1 X120.372 Y108 E129.07043
G1 X120.372 Y112 E129.15026
G0 F12000 X119.816 Y112.249
;TYPE:WALL-OUTER
G1 F822.7 X100.224 Y112.25 E129.64094
G1 F917.7 X100.024 Y112 E129.64812
G1 F1032.4 X100.024 Y108 E129.72795
G1 F913.7 X100.18 Y107.751 E129.73457
G1 F822.7 X119.772 Y107.75 E130.22525
G1 F917.7 X119.972 Y108 E130.23244
G1 F1032.4 X119.972 Y112 E130.31227
G1 F913.7 X119.816 Y112.249 E130.31889
G1 F1500 E123.81889
G0 F12000 X119.816 Y112.51
G0 X120.211 Y112.438
G0 X121.744 Y107.562
G0 X122.136 Y107.49
G0 X122.136 Y107.751
G1 F1500 E130.31889
G1 F822.7 X124.75 Y107.75 E130.38436
G1 F825.9 X124.75 Y107.25 E130.39683
G1 F822.7 X122.093 Y107.252 E130.46338
G1 F913.7 X121.182 Y107.2 E130.48395
G1 F1032.4 X120.772 Y107.2 E130.49213
G1 F917.7 X119.772 Y107.25 E130.51461
G1 F822.7 X100.137 Y107.252 E131.00637
G1 F913.7 X99.224 Y107.2 E131.02699
G1 F1032.4 X98.819 Y107.2 E131.03507
G1 F917.7 X97.82 Y107.25 E131.05753
G1 F825.9 X95.25 Y107.25 E131.12164
G1 X95.25 Y107.75 E131.13411
G1 X97.82 Y107.75 E131.19822
G1 F917.7 X98.02 Y107.999 E131.20539
G1 F1032.4 X98.024 Y112.8 E131.3012
G1 X99.224 Y112.8 E131.32515
G1 F917.7 X100.224 Y112.75 E131.34763
G1 F822.7 X119.859 Y112.748 E131.83938
G1 F913.7 X120.772 Y112.8 E131.86
G1 F1032.4 X121.972 Y112.799 E131.88395
G1 X121.98 Y107.999 E131.97974
G1 F913.7 X122.136 Y107.751 E131.98635
G0 F12000 X121.088 Y108.21
;MESH:NONMESH
G0 F300 X121.088 Y108.21 Z3
G0 F12000 X120.211 Y112.438
G0 X99.789 Y112.438
G0 X99.06 Y112.016
;TIME_ELAPSED:366.491800
;LAYER:24
;note -- min layer time used
;TYPE:WALL-INNER
;MESH:9VBatteryHolder_v1.stl
G1 F1125.7 X99.06 Y107.984 E132.06037
G1 X98.692 Y107.984 E132.06713
G1 X98.693 Y112.016 E132.14115
G1 X99.06 Y112.016 E132.14789
G0 F12000 X99.444 Y112
G1 F1035.6 X99.444 Y108 E132.22772
G1 X99.781 Y107.599 E132.23817
G1 X97.908 Y107.6 E132.27555
G1 X98.308 Y108.002 E132.28687
G1 X98.31 Y112.4 E132.37463
G1 X99.844 Y112.4 E132.40524
G1 X99.444 Y112 E132.41653
G0 F12000 X99.137 Y112
G0 X99.609 Y112.438
G0 X120.391 Y112.438
G0 X121.304 Y112.016
G1 F1125.7 X121.304 Y107.984 E132.49056
G1 X120.936 Y107.984 E132.49732
G1 X120.936 Y112.016 E132.57134
G1 X121.304 Y112.016 E132.5781
G0 F12000 X120.552 Y112
G1 F1035.6 X120.215 Y112.401 E132.58855
G1 X121.688 Y112.4 E132.61795
G1 X121.688 Y108 E132.70575
G1 X122.025 Y107.599 E132.71621
G1 X120.152 Y107.6 E132.75358
G1 X120.552 Y108 E132.76487
G1 X120.552 Y112 E132.8447
G0 F12000 X119.996 Y112.249
;TYPE:WALL-OUTER
G1 F825.2 X100.044 Y112.25 E133.34439
G1 F920.5 X99.844 Y112 E133.35158
G1 F1035.6 X99.844 Y108 E133.4314
G1 F916.5 X100 Y107.751 E133.43803
G1 F825.2 X119.952 Y107.75 E133.93773
G1 F920.5 X120.152 Y108 E133.94491
G1 F1035.6 X120.152 Y112 E134.02474
G1 F916.5 X119.996 Y112.249 E134.03136
G1 F1500 E127.53136
G0 F12000 X119.996 Y112.51
G0 X120.391 Y112.438
G0 X121.853 Y107.562
G0 X122.244 Y107.49
G0 X122.244 Y107.751
G1 F1500 E134.03136
G1 F825.2 X124.75 Y107.75 E134.09413
G1 F828.5 X124.75 Y107.25 E134.1066
G1 F825.2 X122.201 Y107.252 E134.17044
G1 F916.5 X121.288 Y107.2 E134.19106
G1 F1035.6 X120.952 Y107.2 E134.19777
G1 F920.5 X119.952 Y107.25 E134.22024
G1 F825.2 X99.957 Y107.252 E134.72102
G1 F916.5 X99.044 Y107.2 E134.74164
G1 F1035.6 X98.71 Y107.2 E134.7483
G1 F920.5 X97.708 Y107.25 E134.77083
G1 F828.5 X95.25 Y107.25 E134.83214
G1 X95.25 Y107.75 E134.84461
G1 X97.708 Y107.75 E134.90593
G1 F920.5 X97.908 Y108.001 E134.91314
G1 F1035.6 X97.912 Y112.8 E135.0089
G1 X99.044 Y112.8 E135.03149
G1 F920.5 X100.044 Y112.75 E135.05397
G1 F825.2 X120.039 Y112.748 E135.55475
G1 F916.5 X120.952 Y112.8 E135.57537
G1 F1035.6 X122.088 Y112.8 E135.59804
G1 X122.088 Y108 E135.69383
G1 F916.5 X122.244 Y107.751 E135.70045
G0 F12000 X121.081 Y108.092
;MESH:NONMESH
G0 F300 X121.081 Y108.092 Z3.12
G0 F12000 X120.391 Y107.562
G0 X99.609 Y107.562
G0 X98.732 Y108.136
;TIME_ELAPSED:379.755650
;LAYER:25
;note -- min layer time used
;TYPE:WALL-INNER
;MESH:9VBatteryHolder_v1.stl
G1 F579.4 X98.73 Y111.862 E135.82574
G0 F12000 X99.268 Y112
G1 F976.2 X99.268 Y108 E135.90557
G1 X99.605 Y107.599 E135.91602
G1 X97.796 Y107.6 E135.95212
G1 X98.196 Y108.002 E135.96344
G1 X98.188 Y110.829 E136.01985
G1 X98.194 Y112.4 E136.05121
G1 X99.668 Y112.4 E136.08062
G1 X99.268 Y112 E136.09191
G0 F12000 X98.958 Y112
G0 X99.43 Y112.438
G0 X120.57 Y112.438
G0 X121.268 Y111.864
G1 F582 X121.266 Y108.134 E136.21678
G0 F12000 X121.042 Y112
G0 X120.732 Y112
G1 F976.2 X120.395 Y112.401 E136.22723
G1 X121.804 Y112.4 E136.25535
G1 X121.8 Y108.001 E136.34313
G1 X122.138 Y107.599 E136.35362
G1 X120.332 Y107.6 E136.38966
G1 X120.732 Y108 E136.40095
G1 X120.732 Y112 E136.48077
G0 F12000 X120.176 Y112.249
;TYPE:WALL-OUTER
G1 F777.9 X99.868 Y112.25 E136.98938
G1 F867.8 X99.668 Y112 E136.99657
G1 F976.2 X99.668 Y108 E137.07639
G1 F863.9 X99.824 Y107.751 E137.08302
G1 F777.9 X120.132 Y107.75 E137.59163
G1 F867.8 X120.332 Y108 E137.59882
G1 F976.2 X120.332 Y112 E137.67864
G1 F863.9 X120.176 Y112.249 E137.68527
G1 F1500 E131.18527
G0 F12000 X120.176 Y112.51
G0 X120.57 Y112.438
G0 X121.963 Y107.562
G0 X122.356 Y107.49
G0 X122.356 Y107.751
G1 F1500 E137.68527
G1 F777.9 X124.75 Y107.75 E137.74523
G1 F781 X124.75 Y107.25 E137.7577
G1 F777.9 X122.313 Y107.252 E137.81873
G1 F863.9 X121.399 Y107.2 E137.83938
G1 F976.2 X121.132 Y107.2 E137.84471
G1 F867.8 X120.132 Y107.25 E137.86718
G1 F777.9 X99.781 Y107.252 E138.37687
G1 F863.9 X98.868 Y107.2 E138.39749
G1 F976.2 X98.599 Y107.2 E138.40286
G1 F867.8 X97.596 Y107.25 E138.42541
G1 F781 X95.25 Y107.25 E138.48393
G1 X95.25 Y107.75 E138.4964
G1 X97.596 Y107.75 E138.55492
G1 F867.8 X97.796 Y108.001 E138.56213
G1 F976.2 X97.788 Y110.831 E138.6186
G1 X97.796 Y112.8 E138.6579
G1 X98.868 Y112.8 E138.67929
G1 F867.8 X99.868 Y112.75 E138.70177
G1 F777.9 X120.219 Y112.748 E139.21146
G1 F863.9 X121.132 Y112.8 E139.23208
G1 F976.2 X122.204 Y112.8 E139.25347
G1 X122.2 Y108.001 E139.34924
G1 F863.9 X122.356 Y107.751 E139.35589
G0 F12000 X121.309 Y108.21
;MESH:NONMESH
G0 F300 X121.309 Y108.21 Z3.24
G0 F12000 X120.57 Y107.562
G0 X99.43 Y107.562
G0 X98.588 Y108.1
;TIME_ELAPSED:393.513758
;LAYER:26
;note -- min layer time used
;TYPE:WALL-INNER
;MESH:9VBatteryHolder_v1.stl
G1 F650.3 X98.585 Y111.897 E139.47012
G0 F12000 X99.088 Y112
G1 F980.3 X99.088 Y108 E139.54994
G1 X99.425 Y107.599 E139.56039
G1 X97.688 Y107.6 E139.59506
G1 X98.088 Y108.002 E139.60637
G1 X98.082 Y112.4 E139.69414
G1 X99.488 Y112.4 E139.7222
G1 X99.088 Y112 E139.73349
G0 F12000 X98.778 Y112
G0 X99.25 Y112.438
G0 X120.75 Y112.438
G0 X121.414 Y111.898
G1 F650.3 X121.412 Y108.1 E139.84775
G0 F12000 X121.222 Y112
G0 X120.912 Y112
G1 F980.3 X120.575 Y112.401 E139.8582
G1 X121.916 Y112.4 E139.88496
G1 X121.912 Y108.001 E139.97275
G1 X122.25 Y107.599 E139.98323
G1 X120.512 Y107.6 E140.01791
G1 X120.912 Y108 E140.0292
G1 X120.912 Y112 E140.10903
G0 F12000 X120.356 Y112.249
;TYPE:WALL-OUTER
G1 F781.2 X99.688 Y112.25 E140.62665
G1 F871.4 X99.488 Y112 E140.63384
G1 F980.3 X99.488 Y108 E140.71367
G1 F867.6 X99.644 Y107.751 E140.72029
G1 F781.2 X120.312 Y107.75 E141.23792
G1 F871.4 X120.512 Y108 E141.24511
G1 F980.3 X120.512 Y112 E141.32493
G1 F867.6 X120.356 Y112.249 E141.33156
G1 F1500 E134.83156
G0 F12000 X120.356 Y112.51
G0 X120.75 Y112.438
G0 X122.073 Y107.562
G0 X122.468 Y107.49
G0 X122.468 Y107.751
G1 F1500 E141.33156
G1 F781.2 X124.75 Y107.75 E141.38871
G1 F784.3 X124.75 Y107.25 E141.40118
G1 F781.2 X122.425 Y107.252 E141.45941
G1 F820.4 X121.418 Y107.195 E141.48346
G1 F825.6 X120.312 Y107.25 E141.50971
G1 F781.2 X99.601 Y107.252 E142.02841
G1 F820.4 X98.596 Y107.195 E142.05242
G1 F825.6 X97.488 Y107.25 E142.07871
G1 F784.3 X95.25 Y107.25 E142.13453
G1 X95.25 Y107.75 E142.14701
G1 X97.488 Y107.75 E142.20283
G1 F871.4 X97.688 Y108.001 E142.21004
G1 F980.3 X97.681 Y112.8 E142.30581
G1 X98.688 Y112.8 E142.3259
G1 F871.4 X99.688 Y112.75 E142.34838
G1 F781.2 X120.399 Y112.748 E142.86709
G1 F867.6 X121.312 Y112.8 E142.88771
G1 F980.3 X122.316 Y112.8 E142.90774
G1 X122.312 Y108.001 E143.00351
G1 F867.6 X122.468 Y107.751 E143.01016
G0 F12000 X121.302 Y108.092
;MESH:NONMESH
G0 F300 X121.302 Y108.092 Z3.36
G0 F12000 X120.75 Y107.562
G0 X99.25 Y107.562
G0 X98.45 Y108.074
;TIME_ELAPSED:407.220356
;LAYER:27
;note -- min layer time used
;TYPE:WALL-INNER
;MESH:9VBatteryHolder_v1.stl
G1 F711.7 X98.445 Y111.921 E143.11629
G0 F12000 X98.924 Y112
G1 F984 X98.924 Y108 E143.19612
G1 X99.261 Y107.599 E143.20657
G1 X97.576 Y107.6 E143.2402
G1 X97.976 Y108.002 E143.25151
G1 X97.966 Y112.4 E143.33928
G1 X99.324 Y112.4 E143.36638
G1 X98.924 Y112 E143.37767
G0 F12000 X98.617 Y112
G0 X99.089 Y112.438
G0 X120.911 Y112.438
G0 X121.551 Y111.921
G1 F710.5 X121.546 Y108.074 E143.484
G0 F12000 X121.383 Y112
G0 X121.072 Y112
G1 F984 X120.735 Y112.401 E143.49445
G1 X122.03 Y112.4 E143.5203
G1 X122.02 Y108.002 E143.60806
G1 X122.358 Y107.599 E143.61856
G1 X120.672 Y107.6 E143.6522
G1 X121.072 Y108 E143.66349
G1 X121.072 Y112 E143.74332
G0 F12000 X120.516 Y112.249
;TYPE:WALL-OUTER
G1 F784 X99.524 Y112.25 E144.26906
G1 F874.6 X99.324 Y112 E144.27625
G1 F984 X99.324 Y108 E144.35607
G1 F870.8 X99.48 Y107.751 E144.3627
G1 F784 X120.472 Y107.75 E144.88844
G1 F874.6 X120.672 Y108 E144.89563
G1 F984 X120.672 Y112 E144.97545
G1 F870.8 X120.516 Y112.249 E144.98208
G1 F1500 E138.48208
G0 F12000 X120.516 Y112.51
G0 X120.911 Y112.438
G0 X122.183 Y107.562
G0 X122.576 Y107.49
G0 X122.576 Y107.751
G1 F1500 E144.98208
G1 F784 X124.75 Y107.75 E145.03653
G1 F787.2 X124.75 Y107.25 E145.049
G1 F784 X122.533 Y107.252 E145.10452
G1 F823.4 X121.55 Y107.196 E145.128
G1 F828.6 X120.472 Y107.25 E145.15358
G1 F784 X99.437 Y107.252 E145.6804
G1 F823.4 X98.456 Y107.196 E145.70383
G1 F828.6 X97.376 Y107.25 E145.72946
G1 F787.2 X95.25 Y107.25 E145.78249
G1 X95.25 Y107.75 E145.79496
G1 X97.376 Y107.75 E145.848
G1 F874.6 X97.576 Y108.001 E145.8552
G1 F984 X97.565 Y112.8 E145.95097
G1 X98.524 Y112.8 E145.97011
G1 F874.6 X99.524 Y112.75 E145.99259
G1 F784 X120.559 Y112.748 E146.51941
G1 F870.8 X121.472 Y112.8 E146.54003
G1 F984 X122.431 Y112.8 E146.55917
G1 X122.42 Y108.001 E146.65494
G1 F870.8 X122.576 Y107.751 E146.66158
G0 F12000 X121.683 Y108.093
;MESH:NONMESH
G0 F300 X121.683 Y108.093 Z3.48
G0 F12000 X120.911 Y107.562
G0 X99.089 Y107.562
G0 X98.326 Y108.062
;TIME_ELAPSED:420.872028
;LAYER:28
;note -- min layer time used
;TYPE:WALL-INNER
;MESH:9VBatteryHolder_v1.stl
G1 F753.6 X98.326 Y111.938 E146.76291
G0 F12000 X98.788 Y112
G1 F987.2 X98.788 Y108 E146.84273
G1 X99.125 Y107.599 E146.85319
G1 X97.464 Y107.6 E146.88634
G1 X97.864 Y108.001 E146.89764
G1 X97.866 Y112.4 E146.98542
G1 X99.188 Y112.4 E147.01181
G1 X98.788 Y112 E147.0231
G0 F12000 X98.48 Y112
G0 X98.952 Y112.438
G0 X121.048 Y112.438
G0 X121.672 Y111.936
G1 F750.8 X121.67 Y108.062 E147.12476
G0 F12000 X121.52 Y112
G0 X121.208 Y112
G1 F987.2 X120.871 Y112.401 E147.13521
G1 X122.133 Y112.399 E147.1604
G1 X122.139 Y110.691 E147.19448
G1 X122.132 Y108.002 E147.24814
G1 X122.47 Y107.599 E147.25864
G1 X120.808 Y107.6 E147.29181
G1 X121.208 Y108 E147.3031
G1 X121.208 Y112 E147.38292
G0 F12000 X120.652 Y112.249
;TYPE:WALL-OUTER
G1 F786.6 X99.388 Y112.25 E147.91547
G1 F877.6 X99.188 Y112 E147.92266
G1 F987.2 X99.188 Y108 E148.00249
G1 F873.7 X99.344 Y107.751 E148.00911
G1 F786.6 X120.608 Y107.75 E148.54167
G1 F877.6 X120.808 Y108 E148.54885
G1 F987.2 X120.808 Y112 E148.62868
G1 F873.7 X120.652 Y112.249 E148.6353
G1 F1500 E142.1353
G0 F12000 X120.652 Y112.51
G0 X121.048 Y112.438
G0 X122.293 Y107.562
G0 X122.688 Y107.49
G0 X122.688 Y107.751
G1 F1500 E148.6353
G1 F786.6 X124.75 Y107.75 E148.68695
G1 F789.8 X124.75 Y107.25 E148.69942
G1 F786.6 X122.645 Y107.252 E148.75214
G1 F873.7 X121.729 Y107.2 E148.77283
G1 F877.6 X120.608 Y107.25 E148.79802
G1 F786.6 X99.301 Y107.252 E149.33165
G1 F873.7 X98.388 Y107.2 E149.35227
G1 F877.6 X97.264 Y107.25 E149.37753
G1 F789.8 X95.25 Y107.25 E149.42777
G1 X95.25 Y107.75 E149.44025
G1 X97.264 Y107.75 E149.49048
G1 F877.6 X97.464 Y108.001 E149.49769
G1 F987.2 X97.46 Y110.693 E149.55141
G1 X97.468 Y112.8 E149.59346
G1 X98.388 Y112.8 E149.61182
G1 F877.6 X99.388 Y112.75 E149.6343
G1 F786.6 X120.695 Y112.748 E150.16793
G1 F873.7 X121.608 Y112.8 E150.18855
G1 F987.2 X122.532 Y112.799 E150.20699
G1 X122.539 Y110.69 E150.24908
G1 X122.532 Y108.001 E150.30274
G1 F873.7 X122.688 Y107.751 E150.30939
G0 F12000 X121.82 Y108.093
;MESH:NONMESH
G0 F300 X121.82 Y108.093 Z3.6
G0 F12000 X121.048 Y107.562
G0 X98.952 Y107.562
G0 X98.208 Y108.044
;TIME_ELAPSED:434.480632
;LAYER:29
;note -- min layer time used
;TYPE:WALL-INNER
;MESH:9VBatteryHolder_v1.stl
G1 F820.1 X98.213 Y111.961 E150.40377
G0 F12000 X98.652 Y112
G1 F990.3 X98.652 Y108 E150.4836
G1 X98.989 Y107.599 E150.49405
G1 X97.365 Y107.6 E150.52646
G1 X97.764 Y107.998 E150.53771
G1 X97.775 Y112.4 E150.62555
G1 X99.052 Y112.4 E150.65104
G1 X98.652 Y112 E150.66233
G0 F12000 X98.343 Y112
G0 X98.815 Y112.438
G0 X121.185 Y112.438
G0 X121.783 Y111.961
G1 F821.8 X121.788 Y108.044 E150.75652
G0 F12000 X121.657 Y112
G0 X121.344 Y112
G1 F990.3 X121.007 Y112.401 E150.76697
G1 X122.221 Y112.4 E150.7912
G1 X122.232 Y107.998 E150.87904
G1 X122.569 Y107.599 E150.88947
G1 X120.944 Y107.6 E150.9219
G1 X121.344 Y108 E150.93318
G1 X121.344 Y112 E151.01301
G0 F12000 X120.788 Y112.249
;TYPE:WALL-OUTER
G1 F789.1 X99.252 Y112.25 E151.55238
G1 F880.3 X99.052 Y112 E151.55956
G1 F990.3 X99.052 Y108 E151.63939
G1 F876.4 X99.208 Y107.751 E151.64601
G1 F789.1 X120.744 Y107.75 E152.18538
G1 F880.3 X120.944 Y108 E152.19257
G1 F990.3 X120.944 Y112 E152.27239
G1 F876.4 X120.788 Y112.249 E152.27902
G1 F1500 E145.77902
G0 F12000 X120.788 Y112.51
G0 X121.185 Y112.438
G0 X122.398 Y107.562
G0 X122.788 Y107.49
G0 X122.788 Y107.751
G1 F1500 E152.27902
G1 F789.1 X124.75 Y107.75 E152.32816
G1 F792.2 X124.75 Y107.25 E152.34063
G1 F789.1 X122.745 Y107.252 E152.39084
G1 F876.4 X121.744 Y107.2 E152.41345
G1 F880.3 X120.744 Y107.25 E152.43593
G1 F789.1 X99.165 Y107.252 E152.97637
G1 F876.4 X98.162 Y107.2 E152.99902
G1 F880.3 X97.164 Y107.25 E153.02145
G1 F792.2 X95.25 Y107.25 E153.0692
G1 X95.25 Y107.75 E153.08167
G1 X97.164 Y107.75 E153.12941
G1 F880.3 X97.364 Y107.999 E153.13658
G1 F990.3 X97.376 Y112.8 E153.23239
G1 X98.252 Y112.8 E153.24987
G1 F880.3 X99.252 Y112.75 E153.27235
G1 F789.1 X120.831 Y112.748 E153.8128
G1 F876.4 X121.744 Y112.8 E153.83342
G1 F990.3 X122.62 Y112.8 E153.8509
G1 X122.632 Y107.999 E153.94671
G1 F876.4 X122.788 Y107.751 E153.95332
G0 F12000 X121.957 Y108.092
;MESH:NONMESH
G0 F300 X121.957 Y108.092 Z3.72
G0 F12000 X121.926 Y108.092
G0 X121.185 Y107.562
G0 X98.815 Y107.562
G0 X98.098 Y108.018
;TIME_ELAPSED:448.047777
;LAYER:30
;note -- min layer time used
;TYPE:WALL-INNER
;MESH:9VBatteryHolder_v1.stl
G1 F917.7 X98.101 Y111.985 E154.03901
G0 F12000 X98.516 Y112
G1 F993.4 X98.516 Y108 E154.11884
G1 X98.853 Y107.599 E154.12929
G1 X97.281 Y107.6 E154.16066
G1 X97.68 Y107.998 E154.17191
G1 X97.687 Y112.4 E154.25976
G1 X98.916 Y112.4 E154.28428
G1 X98.516 Y112 E154.29557
G0 F12000 X98.206 Y112
G0 X98.678 Y112.438
G0 X121.322 Y112.438
G0 X121.897 Y111.987
G1 F930.6 X121.9 Y108.016 E154.38017
G0 F12000 X121.794 Y112
G0 X121.484 Y112
G1 F993.4 X121.147 Y112.401 E154.39062
G1 X122.308 Y112.399 E154.41379
G1 X122.316 Y107.998 E154.50161
G1 X122.653 Y107.599 E154.51204
G1 X121.084 Y107.6 E154.54335
G1 X121.484 Y108 E154.55464
G1 X121.484 Y112 E154.63446
G0 F12000 X120.928 Y112.249
;TYPE:WALL-OUTER
G1 F791.6 X99.116 Y112.25 E155.18074
G1 F883 X98.916 Y112 E155.18793
G1 F993.4 X98.916 Y108 E155.26775
G1 F879.1 X99.072 Y107.751 E155.27438
G1 F791.6 X120.884 Y107.75 E155.82066
G1 F883 X121.084 Y108 E155.82784
G1 F993.4 X121.084 Y112 E155.90767
G1 F879.1 X120.928 Y112.249 E155.91429
G1 F1500 E149.41429
G0 F12000 X120.928 Y112.51
G0 X121.322 Y112.438
G0 X122.483 Y107.562
G0 X122.872 Y107.49
G0 X122.872 Y107.751
G1 F1500 E155.91429
G1 F791.6 X124.75 Y107.75 E155.96133
G1 F794.7 X124.75 Y107.25 E155.9738
G1 F791.6 X122.829 Y107.252 E156.02191
G1 F879.1 X121.884 Y107.2 E156.04326
G1 F883 X120.884 Y107.25 E156.06573
G1 F791.6 X99.029 Y107.252 E156.61309
G1 F879.1 X98.116 Y107.2 E156.63371
G1 F883 X97.08 Y107.25 E156.657
G1 F794.7 X95.25 Y107.25 E156.70265
G1 X95.25 Y107.75 E156.71512
G1 X97.08 Y107.75 E156.76077
G1 F883 X97.28 Y107.999 E156.76794
G1 F993.4 X97.288 Y112.8 E156.86375
G1 X98.116 Y112.8 E156.88027
G1 F883 X99.116 Y112.75 E156.90275
G1 F791.6 X120.971 Y112.748 E157.45011
G1 F879.1 X121.884 Y112.8 E157.47073
G1 F993.4 X122.708 Y112.799 E157.48717
G1 X122.716 Y107.999 E157.58296
G1 F879.1 X122.872 Y107.751 E157.58957
G0 F12000 X122.094 Y108.092
;MESH:NONMESH
G0 F300 X122.094 Y108.092 Z3.84
G0 F12000 X122.01 Y108.092
G0 X121.322 Y107.562
G0 X98.678 Y107.562
G0 X97.992 Y107.993
G0 X97.984 Y107.992
;TIME_ELAPSED:461.564324
;LAYER:31
;note -- min layer time used
;TYPE:WALL-INNER
;MESH:9VBatteryHolder_v1.stl
G1 F1043.1 X97.986 Y112.01 E157.66614
G0 F12000 X98.376 Y112.007
G1 F996.1 X98.376 Y107.995 E157.74621
G1 X98.712 Y107.599 E157.75657
G1 X97.194 Y107.6 E157.78687
G1 X97.592 Y107.995 E157.79806
G1 X97.596 Y112.4 E157.88596
G1 X98.773 Y112.4 E157.90945
G1 X98.376 Y112.007 E157.9206
G0 F12000 X98.069 Y112.007
G0 X98.541 Y112.438
G0 X121.459 Y112.438
G0 X122.01 Y112.01
G1 F1043.1 X122.012 Y107.992 E157.99717
G0 F12000 X121.931 Y112.007
G0 X121.62 Y112.007
G1 F996.1 X121.284 Y112.401 E158.00751
G1 X122.4 Y112.4 E158.02978
G1 X122.404 Y107.995 E158.11768
G1 X122.74 Y107.599 E158.12805
G1 X121.222 Y107.6 E158.15834
G1 X121.62 Y107.995 E158.16953
G1 X121.62 Y112.007 E158.2496
G0 F12000 X121.064 Y112.249
;TYPE:WALL-OUTER
G1 F793.7 X98.976 Y112.25 E158.80279
G1 F885.5 X98.776 Y112.003 E158.80992
G1 F996.1 X98.776 Y107.998 E158.88985
G1 F881.5 X98.932 Y107.751 E158.89643
G1 F793.7 X121.02 Y107.75 E159.44963
G1 F885.5 X121.221 Y108 E159.45683
G1 F996.1 X121.22 Y112.003 E159.53671
G1 F881.5 X121.064 Y112.249 E159.54328
G1 F1500 E153.04328
G0 F12000 X121.064 Y112.51
G0 X121.459 Y112.438
G0 X122.567 Y107.562
G0 X122.96 Y107.49
G0 X122.96 Y107.751
G1 F1500 E159.54328
G1 F793.7 X124.75 Y107.75 E159.58811
G1 F796.9 X124.75 Y107.25 E159.60058
G1 F793.7 X122.917 Y107.252 E159.64649
G1 F881.5 X122.012 Y107.2 E159.66693
G1 F885.5 X121.02 Y107.25 E159.68923
G1 F793.7 X98.889 Y107.252 E160.2435
G1 F881.5 X97.984 Y107.2 E160.26394
G1 F885.5 X96.992 Y107.25 E160.28624
G1 F796.9 X95.25 Y107.25 E160.3297
G1 X95.25 Y107.75 E160.34217
G1 X96.992 Y107.75 E160.38562
G1 F885.5 X97.192 Y107.998 E160.39277
G1 F996.1 X97.196 Y112.8 E160.4886
G1 X97.986 Y112.8 E160.50437
G1 F885.5 X98.976 Y112.75 E160.52662
G1 F793.7 X121.107 Y112.748 E161.08089
G1 F881.5 X122.01 Y112.8 E161.10129
G1 F996.1 X122.8 Y112.8 E161.11705
G1 X122.804 Y107.998 E161.21288
G1 F881.5 X122.96 Y107.751 E161.21947
;MESH:NONMESH
G0 F300 X122.96 Y107.751 Z3.96
G0 F12000 X122.96 Y107.49
G0 X98.541 Y107.562
G0 X97.906 Y107.97
G0 X97.878 Y107.97
;TIME_ELAPSED:474.982417
;LAYER:32
;note -- min layer time used
;TYPE:WALL-INNER
;MESH:9VBatteryHolder_v1.stl
G1 F1169 X97.876 Y112.028 E161.28871
G0 F12000 X98.248 Y112.018
G1 F999.5 X98.248 Y107.981 E161.36927
G1 X98.58 Y107.599 E161.37937
G1 X97.115 Y107.6 E161.40861
G1 X97.508 Y107.981 E161.41953
G1 X97.5 Y110.773 E161.47525
G1 X97.506 Y112.4 E161.50772
G1 X98.642 Y112.4 E161.53039
G1 X98.248 Y112.018 E161.54134
G0 F12000 X97.939 Y112.018
G0 X98.411 Y112.438
G0 X121.588 Y112.438
G0 X122.118 Y112.03
G1 F1175.8 X122.118 Y107.97 E161.61021
G0 F12000 X122.06 Y112.02
G0 X121.748 Y112.019
G1 F999.5 X121.416 Y112.401 E161.62031
G1 X122.488 Y112.4 E161.6417
G1 X122.488 Y107.981 E161.72989
G1 X122.82 Y107.599 E161.73999
G1 X121.355 Y107.6 E161.76922
G1 X121.748 Y107.981 E161.78015
G1 X121.748 Y112.019 E161.86073
G0 F12000 X121.192 Y112.249
;TYPE:WALL-OUTER
G1 F796.4 X98.848 Y112.25 E162.42033
G1 F888.4 X98.648 Y112.006 E162.42741
G1 F999.5 X98.648 Y107.993 E162.5075
G1 F884.5 X98.804 Y107.751 E162.51399
G1 F796.4 X121.148 Y107.75 E163.07359
G1 F888.4 X121.348 Y107.993 E163.08066
G1 F999.5 X121.348 Y112.007 E163.16076
G1 F884.5 X121.192 Y112.249 E163.16726
G1 F1500 E156.66726
G0 F12000 X121.192 Y112.51
G0 X121.588 Y112.438
G0 X122.652 Y107.562
G0 X123.044 Y107.49
G0 X123.044 Y107.751
G1 F1500 E163.16726
G1 F796.4 X124.75 Y107.75 E163.20998
G1 F799.6 X124.75 Y107.25 E163.22246
G1 F796.4 X123.001 Y107.252 E163.26626
G1 F884.5 X122.118 Y107.2 E163.28621
G1 F888.4 X121.148 Y107.25 E163.30801
G1 F796.4 X98.761 Y107.252 E163.86869
G1 F884.5 X97.878 Y107.2 E163.88864
G1 F888.4 X96.908 Y107.25 E163.91044
G1 F799.6 X95.25 Y107.25 E163.9518
G1 X95.25 Y107.75 E163.96427
G1 X96.908 Y107.75 E164.00563
G1 F888.4 X97.108 Y107.993 E164.0127
G1 F999.5 X97.1 Y110.774 E164.0682
G1 X97.108 Y112.8 E164.10863
G1 X97.876 Y112.8 E164.12396
G1 F888.4 X98.848 Y112.75 E164.14581
G1 F796.4 X121.235 Y112.748 E164.70649
G1 F884.5 X122.118 Y112.8 E164.72643
G1 F999.5 X122.888 Y112.8 E164.7418
G1 X122.888 Y107.993 E164.83773
G1 F884.5 X123.044 Y107.751 E164.84422
;MESH:NONMESH
G0 F300 X123.044 Y107.751 Z4.08
G0 F12000 X123.044 Y107.49
G0 X98.411 Y107.562
G0 X97.939 Y112.029
G0 X98.06 Y112.029
;TIME_ELAPSED:488.506246
;LAYER:33
;note -- min layer time used
;TYPE:WALL-INNER
;MESH:9VBatteryHolder_v1.stl
G1 F668.3 X98.061 Y107.97 E164.95762
G1 F669.5 X98.319 Y107.678 E164.96849
G1 X97.198 Y107.679 E164.99975
G1 X97.503 Y107.97 E165.01151
G1 F668.3 X97.501 Y112.32 E165.13304
G1 X98.364 Y112.32 E165.15715
G1 X98.06 Y112.029 E165.16891
G0 F12000 X97.833 Y112.029
G0 X98.305 Y112.438
G0 X121.694 Y112.438
G0 X122.166 Y112.028
G0 X121.937 Y112.027
G1 F665.9 X121.68 Y112.32 E165.17984
G1 X122.498 Y112.319 E165.20277
G1 F668.3 X122.493 Y107.97 E165.32428
G1 F669.5 X122.751 Y107.678 E165.33514
G1 X121.63 Y107.679 E165.36641
G1 X121.935 Y107.97 E165.37816
G1 F668.3 X121.937 Y112.027 E165.49151
G0 F12000 X121.3 Y112.249
;TYPE:WALL-OUTER
G1 F745.5 X98.74 Y112.25 E166.05652
G1 F831.7 X98.54 Y112.009 E166.06355
G1 F935.6 X98.54 Y107.991 E166.14374
G1 F828 X98.696 Y107.751 E166.15019
G1 F745.5 X121.256 Y107.75 E166.71521
G1 F831.7 X121.456 Y107.991 E166.72224
G1 F935.6 X121.456 Y112.008 E166.8024
G1 F828 X121.3 Y112.249 E166.80887
G1 F1500 E160.30887
G0 F12000 X121.3 Y112.51
G0 X121.694 Y112.438
G0 X122.735 Y107.562
G0 X123.128 Y107.49
G0 X123.128 Y107.751
G1 F1500 E166.80887
G1 F745.5 X124.75 Y107.75 E166.8495
G1 F748.5 X124.75 Y107.25 E166.86197
G1 F745.5 X123.085 Y107.252 E166.90367
G1 F828 X122.214 Y107.2 E166.92335
G1 F831.7 X121.256 Y107.25 E166.94488
G1 F745.5 X98.653 Y107.252 E167.51097
G1 F828 X97.782 Y107.2 E167.53065
G1 F831.7 X96.824 Y107.25 E167.55218
G1 F748.5 X95.25 Y107.25 E167.59145
G1 X95.25 Y107.75 E167.60392
G1 X96.824 Y107.75 E167.64318
G1 F831.7 X97.024 Y107.991 E167.65022
G1 F935.6 X97.021 Y112.8 E167.74618
G1 X97.781 Y112.8 E167.76135
G1 F831.7 X98.74 Y112.75 E167.78291
G1 F745.5 X121.343 Y112.748 E168.349
G1 F828 X122.217 Y112.8 E168.36874
G1 F935.6 X122.979 Y112.8 E168.38395
G1 X122.972 Y107.991 E168.47992
G1 F828 X123.128 Y107.751 E168.48637
;MESH:NONMESH
G0 F300 X123.128 Y107.751 Z4.2
G0 F12000 X123.128 Y107.49
G0 X98.305 Y107.562
G0 X97.833 Y112.034
G0 X97.96 Y112.034
;TIME_ELAPSED:502.481213
;LAYER:34
;note -- min layer time used
;TYPE:WALL-INNER
;MESH:9VBatteryHolder_v1.stl
G1 F681.4 X97.962 Y107.963 E168.59828
G1 F683.9 X98.221 Y107.673 E168.60893
G1 X97.108 Y107.674 E168.63942
G1 X97.414 Y107.963 E168.65095
G1 F681.4 X97.407 Y112.324 E168.77083
G1 F678.9 X98.266 Y112.324 E168.79453
G1 X97.96 Y112.034 E168.80616
G0 F12000 X97.728 Y112.034
G0 X98.2 Y112.438
G0 X121.799 Y112.438
G0 X122.271 Y112.034
G0 X122.037 Y112.033
G1 F677.7 X121.779 Y112.324 E168.81691
G1 X122.59 Y112.323 E168.83932
G1 F680.2 X122.585 Y107.965 E168.95934
G1 F681.4 X122.844 Y107.674 E168.97005
G1 X121.729 Y107.675 E169.0007
G1 X122.035 Y107.965 E169.01229
G1 F680.2 X122.037 Y112.033 E169.12432
G0 F12000 X121.404 Y112.249
;TYPE:WALL-OUTER
G1 F747.9 X98.636 Y112.25 E169.69454
G1 F834.3 X98.436 Y112.01 E169.70156
G1 F938.6 X98.436 Y107.989 E169.7818
G1 F830.6 X98.592 Y107.751 E169.78822
G1 F747.9 X121.36 Y107.75 E170.35844
G1 F834.3 X121.56 Y107.989 E170.36543
G1 F938.6 X121.56 Y112.01 E170.44568
G1 F830.6 X121.404 Y112.249 E170.45211
G1 F1500 E163.95211
G0 F12000 X121.404 Y112.51
G0 X121.799 Y112.438
G0 X122.82 Y107.562
G0 X123.216 Y107.49
G0 X123.216 Y107.751
G1 F1500 E170.45211
G1 F747.9 X124.75 Y107.75 E170.49053
G1 F750.9 X124.75 Y107.25 E170.503
G1 F747.9 X123.173 Y107.252 E170.5425
G1 F830.6 X122.31 Y107.2 E170.562
G1 F834.3 X121.36 Y107.25 E170.58335
G1 F747.9 X98.549 Y107.252 E171.15465
G1 F830.6 X97.688 Y107.2 E171.1741
G1 F834.3 X96.74 Y107.25 E171.19542
G1 F750.9 X95.25 Y107.25 E171.23259
G1 X95.25 Y107.75 E171.24506
G1 X96.74 Y107.75 E171.28223
G1 F834.3 X96.94 Y107.989 E171.28922
G1 F938.6 X96.929 Y112.8 E171.38523
G1 X97.684 Y112.8 E171.4003
G1 F834.3 X98.636 Y112.75 E171.4217
G1 F747.9 X121.447 Y112.748 E171.993
G1 F830.6 X122.313 Y112.8 E172.01256
G1 F938.6 X123.067 Y112.8 E172.02761
G1 X123.06 Y107.989 E172.12362
G1 F830.6 X123.216 Y107.751 E172.13004
;MESH:NONMESH
G0 F300 X123.216 Y107.751 Z4.32
G0 F12000 X123.216 Y107.49
G0 X98.2 Y107.562
G0 X97.728 Y112.042
G0 X97.862 Y112.042
;TIME_ELAPSED:516.431436
;LAYER:35
;note -- min layer time used
;TYPE:WALL-INNER
;MESH:9VBatteryHolder_v1.stl
G1 F696.1 X97.863 Y107.957 E172.24029
G1 F697.4 X98.122 Y107.669 E172.25073
G1 X97.019 Y107.67 E172.28044
G1 X97.325 Y107.957 E172.29175
G1 F696.1 X97.321 Y112.329 E172.40975
G1 F694.8 X98.168 Y112.329 E172.43265
G1 X97.862 Y112.042 E172.444
G0 F12000 X97.623 Y112.042
G0 X98.095 Y112.438
G0 X121.904 Y112.438
G0 X122.376 Y112.042
G0 X122.134 Y112.041
G1 F693.5 X121.875 Y112.33 E172.45451
G1 X122.677 Y112.329 E172.47624
G1 F694.8 X122.674 Y107.958 E172.59443
G1 X122.932 Y107.67 E172.60489
G1 X121.828 Y107.671 E172.63474
G1 X122.134 Y107.958 E172.64608
G1 X122.134 Y112.041 E172.75649
G0 F12000 X121.508 Y112.249
;TYPE:WALL-OUTER
G1 F750.1 X98.532 Y112.25 E173.33192
G1 F836.8 X98.332 Y112.013 E173.33888
G1 F941.4 X98.332 Y107.987 E173.41923
G1 F833.1 X98.488 Y107.751 E173.42561
G1 F750.1 X121.464 Y107.75 E174.00104
G1 F836.8 X121.664 Y107.987 E174.008
G1 F941.4 X121.664 Y112.013 E174.08834
G1 F833.1 X121.508 Y112.249 E174.09472
G1 F1500 E167.59472
G0 F12000 X121.508 Y112.51
G0 X121.904 Y112.438
G0 X122.905 Y107.562
G0 X123.3 Y107.49
G0 X123.3 Y107.751
G1 F1500 E174.09472
G1 F750.1 X124.75 Y107.75 E174.13104
G1 F753.1 X124.75 Y107.25 E174.14351
G1 F750.1 X123.257 Y107.252 E174.1809
G1 F833.1 X122.404 Y107.2 E174.20017
G1 F836.8 X121.464 Y107.25 E174.22131
G1 F750.1 X98.445 Y107.252 E174.79781
G1 F833.1 X97.594 Y107.2 E174.81704
G1 F836.8 X96.656 Y107.25 E174.83813
G1 F753.1 X95.25 Y107.25 E174.8732
G1 X95.25 Y107.75 E174.88567
G1 X96.656 Y107.75 E174.92075
G1 F836.8 X96.856 Y107.987 E174.92771
G1 F941.4 X96.849 Y112.8 E175.02376
G1 X97.592 Y112.8 E175.03858
G1 F836.8 X98.532 Y112.75 E175.05972
G1 F750.1 X121.551 Y112.748 E175.63623
G1 F833.1 X122.405 Y112.8 E175.65552
G1 F941.4 X123.148 Y112.8 E175.67035
G1 X123.144 Y107.987 E175.7664
G1 F833.1 X123.3 Y107.751 E175.77278
G1 F1500 E169.27278
;MESH:NONMESH
G0 F300 X123.3 Y107.751 Z4.44
G0 F12000 X123.3 Y107.49
G0 X98.095 Y107.562
G0 X97.623 Y112.053
G0 X97.767 Y112.053
;TIME_ELAPSED:530.644994
;LAYER:36
;note -- min layer time used
;TYPE:WALL-INNER
;MESH:9VBatteryHolder_v1.stl
G1 F1500 E175.77278
G1 F715.3 X97.765 Y107.95 E175.88086
G1 F711.3 X98.025 Y107.664 E175.8911
G1 X96.928 Y107.665 E175.92016
G1 X97.235 Y107.95 E175.93126
G1 F715.3 X97.243 Y112.337 E176.04682
G1 F718 X98.074 Y112.337 E176.06862
G1 X97.767 Y112.053 E176.0796
G0 F12000 X97.518 Y112.053
G0 X97.99 Y112.438
G0 X122.009 Y112.438
G0 X122.481 Y112.054
G0 X122.23 Y112.053
G1 F718 X121.97 Y112.337 E176.0897
G1 X122.754 Y112.336 E176.11028
G1 F715.3 X122.765 Y107.95 E176.22581
G1 F711.3 X123.025 Y107.664 E176.23605
G1 X121.928 Y107.665 E176.26512
G1 X122.235 Y107.95 E176.27621
G1 F715.3 X122.23 Y112.053 E176.38429
G0 F12000 X121.612 Y112.249
;TYPE:WALL-OUTER
G1 F752.3 X98.428 Y112.25 E176.96493
G1 F839.3 X98.228 Y112.016 E176.97185
G1 F944.2 X98.228 Y107.985 E177.05229
G1 F835.6 X98.384 Y107.751 E177.05863
G1 F752.3 X121.572 Y107.75 E177.63937
G1 F839.3 X121.772 Y107.985 E177.6463
G1 F944.2 X121.768 Y112.016 E177.72674
G1 F835.6 X121.612 Y112.249 E177.73307
G1 F1500 E171.23307
G0 F12000 X121.612 Y112.51
G0 X122.009 Y112.438
G0 X122.992 Y107.562
G0 X123.384 Y107.49
G0 X123.384 Y107.751
G1 F1500 E177.73307
G1 F752.3 X124.75 Y107.75 E177.76728
G1 F755.4 X124.75 Y107.25 E177.77975
G1 F752.3 X123.341 Y107.252 E177.81504
G1 F835.6 X122.5 Y107.2 E177.83404
G1 F839.3 X121.572 Y107.25 E177.8549
G1 F752.3 X98.341 Y107.252 E178.43672
G1 F835.6 X97.5 Y107.2 E178.45572
G1 F839.3 X96.572 Y107.25 E178.47659
G1 F755.4 X95.25 Y107.25 E178.50956
G1 X95.25 Y107.75 E178.52204
G1 X96.572 Y107.75 E178.55501
G1 F839.3 X96.772 Y107.985 E178.56194
G1 F944.2 X96.78 Y112.8 E178.65803
G1 X97.505 Y112.8 E178.6725
G1 F839.3 X98.428 Y112.75 E178.69325
G1 F752.3 X121.655 Y112.748 E179.27497
G1 F835.6 X122.492 Y112.799 E179.29388
G1 F944.2 X123.216 Y112.799 E179.30833
G1 X123.228 Y107.985 E179.40439
G1 F835.6 X123.384 Y107.751 E179.41074
G1 F1500 E172.91074
;MESH:NONMESH
G0 F300 X123.384 Y107.751 Z4.56
G0 F12000 X123.384 Y107.49
G0 X97.99 Y107.562
G0 X97.518 Y112.067
G0 X97.67 Y112.067
;TIME_ELAPSED:545.122018
;LAYER:37
;note -- min layer time used
;TYPE:WALL-INNER
;MESH:9VBatteryHolder_v1.stl
G1 F1500 E179.41074
G1 F743 X97.666 Y107.936 E179.51585
G1 F740.1 X97.928 Y107.655 E179.52566
G1 X96.848 Y107.656 E179.55325
G1 X97.158 Y107.936 E179.56392
G1 F743 X97.165 Y112.347 E179.67615
G1 F747.4 X97.98 Y112.347 E179.69677
G1 X97.67 Y112.067 E179.70733
G0 F12000 X97.413 Y112.067
G0 X97.885 Y112.438
G0 X122.114 Y112.438
G0 X122.586 Y112.068
G0 X122.327 Y112.067
G1 F747.4 X122.064 Y112.348 E179.71707
G1 X122.832 Y112.347 E179.73649
G1 F743 X122.841 Y107.938 E179.84868
G1 F737.2 X123.103 Y107.656 E179.85855
G1 X122.022 Y107.657 E179.88627
G1 X122.331 Y107.938 E179.89698
G1 F743 X122.327 Y112.067 E180.00204
G0 F12000 X121.72 Y112.249
;TYPE:WALL-OUTER
G1 F754.8 X98.32 Y112.25 E180.58809
G1 F842.1 X98.121 Y112.021 E180.5949
G1 F947.3 X98.12 Y107.98 E180.67554
G1 F838.3 X98.276 Y107.751 E180.68179
G1 F754.8 X121.676 Y107.75 E181.26784
G1 F842.1 X121.876 Y107.981 E181.2747
G1 F947.3 X121.876 Y112.021 E181.35532
G1 F838.3 X121.72 Y112.249 E181.36155
G1 F1500 E174.86155
G0 F12000 X121.72 Y112.51
G0 X122.114 Y112.438
G0 X123.061 Y107.562
G0 X123.452 Y107.49
G0 X123.452 Y107.751
G1 F1500 E181.36155
G1 F754.8 X124.75 Y107.75 E181.39406
G1 F757.9 X124.75 Y107.25 E181.40653
G1 F754.8 X123.409 Y107.252 E181.44012
G1 F838.3 X122.586 Y107.2 E181.45871
G1 F842.1 X121.676 Y107.25 E181.47917
G1 F754.8 X98.233 Y107.252 E182.0663
G1 F838.3 X97.412 Y107.2 E182.08485
G1 F842.1 X96.504 Y107.25 E182.10527
G1 F757.9 X95.25 Y107.25 E182.13655
G1 X95.25 Y107.75 E182.14902
G1 X96.504 Y107.75 E182.1803
G1 F842.1 X96.704 Y107.98 E182.18715
G1 F947.3 X96.712 Y112.8 E182.28333
G1 X97.418 Y112.8 E182.29742
G1 F842.1 X98.32 Y112.75 E182.3177
G1 F754.8 X121.763 Y112.748 E182.90483
G1 F838.3 X122.579 Y112.8 E182.92327
G1 F947.3 X123.284 Y112.8 E182.93734
G1 X123.296 Y107.981 E183.03351
G1 F838.3 X123.452 Y107.751 E183.03978
;MESH:NONMESH
G0 F300 X123.452 Y107.751 Z4.68
G0 F12000 X123.452 Y107.49
G0 X97.885 Y107.562
G0 X97.416 Y109.389
G0 X97.08 Y109.389
;TIME_ELAPSED:559.191169
;LAYER:38
;note -- min layer time used
;TYPE:WALL-INNER
;MESH:9VBatteryHolder_v1.stl
G1 F768.8 X97.09 Y112.352 E183.11295
G1 F770.4 X97.892 Y112.352 E183.13271
G1 X97.581 Y112.076 E183.14296
G1 F767.3 X97.579 Y107.926 E183.24566
G1 F764.2 X97.842 Y107.648 E183.25516
G1 X96.774 Y107.649 E183.2817
G1 X97.085 Y107.926 E183.29205
G1 F765.7 X97.08 Y109.389 E183.32832
G0 F12000 X97.344 Y109.389
G0 X97.787 Y112.438
G0 X122.212 Y112.438
G0 X122.684 Y112.076
G0 X122.415 Y112.076
G1 F768.8 X122.152 Y112.354 E183.33777
G1 X122.909 Y112.353 E183.35647
G1 F764.2 X122.914 Y107.927 E183.46643
G1 F761.1 X123.176 Y107.649 E183.47596
G1 X122.108 Y107.65 E183.5026
G1 X122.418 Y107.927 E183.51297
G1 F764.2 X122.415 Y112.076 E183.61606
G0 F12000 X121.816 Y112.249
;TYPE:WALL-OUTER
G1 F758.1 X98.224 Y112.25 E184.20692
G1 F845.7 X98.025 Y112.024 E184.21368
G1 F951.4 X98.025 Y107.977 E184.29444
G1 F842 X98.18 Y107.751 E184.30062
G1 F758.1 X121.772 Y107.75 E184.89148
G1 F845.7 X121.971 Y107.977 E184.89826
G1 F951.4 X121.971 Y112.024 E184.97902
G1 F842 X121.816 Y112.249 E184.98518
G1 F1500 E178.48518
G0 F12000 X121.816 Y112.51
G0 X122.212 Y112.438
G0 X123.124 Y107.562
G0 X123.516 Y107.49
G0 X123.516 Y107.751
G1 F1500 E184.98518
G1 F758.1 X124.75 Y107.75 E185.01608
G1 F761.1 X124.75 Y107.25 E185.02856
G1 F758.1 X123.473 Y107.252 E185.06054
G1 F842 X122.666 Y107.2 E185.07878
G1 F845.7 X121.772 Y107.25 E185.09888
G1 F758.1 X98.137 Y107.252 E185.69081
G1 F842 X97.332 Y107.2 E185.709
G1 F845.7 X96.44 Y107.25 E185.72906
G1 F761.1 X95.25 Y107.25 E185.75875
G1 X95.25 Y107.75 E185.77122
G1 X96.44 Y107.75 E185.8009
G1 F845.7 X96.639 Y107.977 E185.80768
G1 F951.4 X96.632 Y109.39 E185.83588
G1 X96.644 Y112.799 E185.90391
G1 X97.336 Y112.799 E185.91772
G1 F845.7 X98.224 Y112.75 E185.93769
G1 F758.1 X121.859 Y112.748 E186.52962
G1 F842 X122.661 Y112.8 E186.54774
G1 F951.4 X123.356 Y112.8 E186.56161
G1 X123.361 Y107.977 E186.65786
G1 F842 X123.516 Y107.751 E186.66404
G1 F1500 E180.16404
;MESH:NONMESH
G0 F300 X123.516 Y107.751 Z4.8
G0 F12000 X123.516 Y107.49
G0 X97.787 Y107.562
G0 X97.315 Y112.081
G0 X97.505 Y112.081
;TIME_ELAPSED:573.354584
;LAYER:39
;note -- min layer time used
;TYPE:WALL-INNER
;MESH:9VBatteryHolder_v1.stl
G1 F1500 E186.66404
G1 F775.9 X97.503 Y107.921 E186.76595
G1 F772.8 X97.766 Y107.645 E186.77532
G1 X96.702 Y107.646 E186.80149
G1 X97.013 Y107.921 E186.8117
G1 F775.9 X97.018 Y112.356 E186.92034
G1 F779.1 X97.817 Y112.356 E186.93984
G1 X97.505 Y112.081 E186.94998
G0 F12000 X97.234 Y112.081
G0 X97.706 Y112.438
G0 X122.293 Y112.438
G0 X122.765 Y112.081
G0 X122.492 Y112.081
G1 F779.1 X122.228 Y112.357 E186.9593
G1 X122.98 Y112.356 E186.97765
G1 F775.9 X122.983 Y107.921 E187.08629
G1 F772.8 X123.246 Y107.645 E187.09566
G1 X122.182 Y107.646 E187.12183
G1 X122.493 Y107.921 E187.13204
G1 F775.9 X122.492 Y112.081 E187.23395
G0 F12000 X121.896 Y112.249
;TYPE:WALL-OUTER
G1 F758.9 X98.144 Y112.25 E187.82881
G1 F846.6 X97.945 Y112.025 E187.83556
G1 F952.4 X97.945 Y107.975 E187.91638
G1 F842.9 X98.1 Y107.751 E187.92252
G1 F758.9 X121.852 Y107.75 E188.51739
G1 F846.6 X122.051 Y107.975 E188.52413
G1 F952.4 X122.051 Y112.025 E188.60495
G1 F842.9 X121.896 Y112.249 E188.6111
G1 F1500 E182.1111
G0 F12000 X121.896 Y112.51
G0 X122.293 Y112.438
G0 X123.188 Y107.562
G0 X123.58 Y107.49
G0 X123.58 Y107.751
G1 F1500 E188.6111
G1 F758.9 X124.75 Y107.75 E188.6404
G1 F761.9 X124.75 Y107.25 E188.65287
G1 F758.9 X123.537 Y107.252 E188.68325
G1 F842.9 X122.738 Y107.2 E188.70131
G1 F846.6 X121.852 Y107.25 E188.72123
G1 F758.9 X98.057 Y107.252 E189.31717
G1 F842.9 X97.258 Y107.2 E189.33523
G1 F846.6 X96.372 Y107.25 E189.35515
G1 F761.9 X95.25 Y107.25 E189.38314
G1 X95.25 Y107.75 E189.39561
G1 X96.372 Y107.75 E189.4236
G1 F846.6 X96.571 Y107.975 E189.43035
G1 F952.4 X96.576 Y112.8 E189.52663
G1 X97.262 Y112.8 E189.54032
G1 F846.6 X98.144 Y112.75 E189.56016
G1 F758.9 X121.939 Y112.748 E190.1561
G1 F842.9 X122.735 Y112.8 E190.17409
G1 F952.4 X123.424 Y112.8 E190.18784
G1 X123.425 Y107.975 E190.28413
G1 F842.9 X123.58 Y107.751 E190.29027
;MESH:NONMESH
G0 F300 X123.58 Y107.751 Z4.92
G0 F12000 X123.58 Y107.49
G0 X97.706 Y107.562
G0 X97.281 Y110.979
G0 X96.941 Y110.979
;TIME_ELAPSED:587.413381
;LAYER:40
;note -- min layer time used
;TYPE:WALL-INNER
;MESH:9VBatteryHolder_v1.stl
G1 F791.2 X96.948 Y112.358 E190.3235
G1 F789.5 X97.74 Y112.358 E190.34262
G1 X97.427 Y112.085 E190.35265
G1 X97.427 Y107.916 E190.45332
G1 F787.9 X97.691 Y107.641 E190.46254
G1 X96.632 Y107.642 E190.48817
G1 X96.945 Y107.916 E190.49823
G1 F789.5 X96.941 Y110.979 E190.5722
G0 F12000 X97.212 Y110.98
G0 X97.626 Y112.438
G0 X122.373 Y112.438
G0 X122.845 Y112.085
G0 X122.569 Y112.085
G1 F789.5 X122.305 Y112.359 E190.58138
G1 X123.05 Y112.358 E190.59937
G1 X123.051 Y107.916 E190.70663
G1 F787.9 X123.315 Y107.641 E190.71586
G1 X122.256 Y107.642 E190.74148
G1 X122.569 Y107.916 E190.75155
G1 F789.5 X122.569 Y112.085 E190.85222
G0 F12000 X121.976 Y112.249
;TYPE:WALL-OUTER
G1 F761.2 X98.064 Y112.25 E191.45109
G1 F849.2 X97.865 Y112.027 E191.4578
G1 F955.4 X97.865 Y107.974 E191.53868
G1 F845.4 X98.02 Y107.751 E191.54481
G1 F761.2 X121.932 Y107.75 E192.14368
G1 F849.2 X122.131 Y107.974 E192.15041
G1 F955.4 X122.131 Y112.027 E192.23129
G1 F845.4 X121.976 Y112.249 E192.23739
G1 F1500 E185.73739
G0 F12000 X121.976 Y112.51
G0 X122.373 Y112.438
G0 X123.252 Y107.562
G0 X123.644 Y107.49
G0 X123.644 Y107.751
G1 F1500 E192.23739
G1 F761.2 X124.75 Y107.75 E192.26509
G1 F764.3 X124.75 Y107.25 E192.27757
G1 F761.2 X123.601 Y107.252 E192.30634
G1 F845.4 X122.81 Y107.2 E192.32422
G1 F849.2 X121.932 Y107.25 E192.34396
G1 F761.2 X97.977 Y107.252 E192.94391
G1 F845.4 X97.186 Y107.2 E192.96179
G1 F849.2 X96.308 Y107.25 E192.98153
G1 F764.3 X95.25 Y107.25 E193.00792
G1 X95.25 Y107.75 E193.0204
G1 X96.308 Y107.75 E193.04679
G1 F849.2 X96.507 Y107.974 E193.05351
G1 F955.4 X96.5 Y110.981 E193.11352
G1 X96.508 Y112.8 E193.14982
G1 X97.188 Y112.8 E193.16339
G1 F849.2 X98.064 Y112.75 E193.18309
G1 F761.2 X122.019 Y112.748 E193.78304
G1 F845.4 X122.808 Y112.8 E193.80087
G1 F955.4 X123.492 Y112.8 E193.81452
G1 X123.489 Y107.974 E193.91083
G1 F845.4 X123.644 Y107.751 E193.91695
G1 F1500 E187.41695
;MESH:NONMESH
G0 F300 X123.644 Y107.751 Z5.04
G0 F12000 X123.644 Y107.49
G0 X97.626 Y107.562
G0 X97.154 Y112.089
G0 X97.351 Y112.089
;TIME_ELAPSED:601.501100
;LAYER:41
;note -- min layer time used
;TYPE:WALL-INNER
;MESH:9VBatteryHolder_v1.stl
G1 F1500 E193.91695
G1 F800.8 X97.351 Y107.911 E194.01659
G1 F799.2 X97.616 Y107.638 E194.02568
G1 X96.564 Y107.639 E194.05082
G1 X96.877 Y107.911 E194.06073
G1 F800.8 X96.876 Y112.361 E194.16685
G1 X97.664 Y112.361 E194.18564
G1 X97.351 Y112.089 E194.19553
G0 F12000 X97.074 Y112.089
G0 X97.546 Y112.438
G0 X122.453 Y112.438
G0 X122.925 Y112.089
G0 X122.645 Y112.089
G1 F800.8 X122.38 Y112.362 E194.20461
G1 X123.12 Y112.361 E194.22225
G1 X123.119 Y107.911 E194.32838
G1 F799.2 X123.384 Y107.638 E194.33747
G1 X122.332 Y107.639 E194.36261
G1 X122.645 Y107.911 E194.37252
G1 F800.8 X122.645 Y112.089 E194.47215
G0 F12000 X122.056 Y112.249
;TYPE:WALL-OUTER
G1 F762.5 X97.984 Y112.25 E195.07503
G1 F850.7 X97.786 Y112.028 E195.08171
G1 F957 X97.786 Y107.972 E195.16265
G1 F846.9 X97.94 Y107.751 E195.16873
G1 F762.5 X122.012 Y107.75 E195.77161
G1 F850.7 X122.21 Y107.972 E195.77829
G1 F957 X122.21 Y112.028 E195.85923
G1 F846.9 X122.056 Y112.249 E195.8653
G1 F1500 E189.3653
G0 F12000 X122.056 Y112.51
G0 X122.453 Y112.438
G0 X123.314 Y107.562
G0 X123.708 Y107.49
G0 X123.708 Y107.751
G1 F1500 E195.8653
G1 F762.5 X124.75 Y107.75 E195.8914
G1 F765.6 X124.75 Y107.25 E195.90387
G1 F762.5 X123.665 Y107.252 E195.93104
G1 F846.9 X122.882 Y107.2 E195.94874
G1 F850.7 X122.012 Y107.25 E195.9683
G1 F762.5 X97.897 Y107.252 E196.57226
G1 F846.9 X97.114 Y107.2 E196.58996
G1 F850.7 X96.244 Y107.25 E196.60952
G1 F765.6 X95.25 Y107.25 E196.63432
G1 X95.25 Y107.75 E196.64679
G1 X96.244 Y107.75 E196.67159
G1 F850.7 X96.442 Y107.972 E196.67826
G1 F957 X96.437 Y112.8 E196.77461
G1 X97.115 Y112.8 E196.78814
G1 F850.7 X97.984 Y112.75 E196.80768
G1 F762.5 X122.099 Y112.748 E197.41164
G1 F846.9 X122.881 Y112.8 E197.42931
G1 F957 X123.559 Y112.8 E197.44284
G1 X123.554 Y107.972 E197.53919
G1 F846.9 X123.708 Y107.751 E197.54527
G1 F1500 E191.04527
;MESH:NONMESH
G0 F300 X123.708 Y107.751 Z5.16
G0 F12000 X123.708 Y107.49
G0 X97.546 Y107.562
G0 X97.074 Y112.094
G0 X97.275 Y112.094
;TIME_ELAPSED:615.832504
;LAYER:42
;note -- min layer time used
;TYPE:WALL-INNER
;MESH:9VBatteryHolder_v1.stl
G1 F1500 E197.54527
G1 F814.7 X97.275 Y107.906 E197.64368
G1 X97.541 Y107.635 E197.6526
G1 X96.494 Y107.636 E197.6772
G1 X96.809 Y107.906 E197.68695
G1 X96.806 Y112.364 E197.79171
G1 X97.59 Y112.364 E197.81013
G1 X97.275 Y112.094 E197.81988
G0 F12000 X96.994 Y112.094
G0 X97.466 Y112.438
G0 X122.533 Y112.438
G0 X123.005 Y112.094
G0 X122.721 Y112.094
G1 F813 X122.456 Y112.365 E197.82881
G1 X123.19 Y112.364 E197.84609
G1 X123.187 Y107.906 E197.95107
G1 F814.7 X123.453 Y107.635 E197.95999
G1 X122.406 Y107.636 E197.98459
G1 X122.721 Y107.906 E197.99434
G1 F813 X122.721 Y112.094 E198.09296
G0 F12000 X122.136 Y112.249
;TYPE:WALL-OUTER
G1 F764.4 X97.904 Y112.25 E198.69985
G1 F852.7 X97.706 Y112.03 E198.70649
G1 F959.3 X97.706 Y107.97 E198.78752
G1 F849 X97.86 Y107.751 E198.79355
G1 F764.4 X122.092 Y107.75 E199.40044
G1 F852.7 X122.29 Y107.97 E199.40709
G1 F959.3 X122.29 Y112.03 E199.48811
G1 F849 X122.136 Y112.249 E199.49414
G1 F1500 E192.99414
G0 F12000 X122.136 Y112.51
G0 X122.533 Y112.438
G0 X123.378 Y107.562
G0 X123.772 Y107.49
G0 X123.772 Y107.751
G1 F1500 E199.49414
G1 F764.4 X124.75 Y107.75 E199.51864
G1 F767.5 X124.75 Y107.25 E199.53111
G1 F764.4 X123.729 Y107.252 E199.55668
G1 F849 X122.954 Y107.201 E199.5742
G1 F852.7 X122.092 Y107.25 E199.59358
G1 F764.4 X97.817 Y107.252 E200.20154
G1 F849 X97.042 Y107.201 E200.21906
G1 F852.7 X96.18 Y107.25 E200.23844
G1 F767.5 X95.25 Y107.25 E200.26164
G1 X95.25 Y107.75 E200.27411
G1 X96.18 Y107.75 E200.29731
G1 F852.7 X96.378 Y107.97 E200.30396
G1 F959.3 X96.369 Y112.799 E200.40033
G1 X97.042 Y112.799 E200.41376
G1 F852.7 X97.904 Y112.75 E200.43314
G1 F764.4 X122.179 Y112.748 E201.0411
G1 F849 X122.954 Y112.8 E201.05862
G1 F959.3 X123.627 Y112.8 E201.07205
G1 X123.618 Y107.97 E201.16844
G1 F849 X123.772 Y107.751 E201.17448
G1 F1500 E194.67448
;MESH:NONMESH
G0 F300 X123.772 Y107.751 Z5.28
G0 F12000 X123.772 Y107.49
G0 X97.466 Y107.562
G0 X96.994 Y112.102
G0 X97.202 Y112.102
;TIME_ELAPSED:630.146191
;LAYER:43
;note -- min layer time used
;TYPE:WALL-INNER
;MESH:9VBatteryHolder_v1.stl
G1 F1500 E201.17448
G1 F830.6 X97.2 Y107.901 E201.27152
G1 F827 X97.466 Y107.631 E201.28031
G1 X96.425 Y107.632 E201.30446
G1 X96.74 Y107.901 E201.31407
G1 F830.6 X96.743 Y112.37 E201.4173
G1 F834.2 X97.517 Y112.37 E201.4351
G1 X97.202 Y112.102 E201.44461
G0 F12000 X96.974 Y112.103
G0 X97.386 Y112.438
G0 X122.613 Y112.438
G0 X123.031 Y112.1
G0 X122.795 Y112.101
G1 F830.6 X122.529 Y112.37 E201.45335
G1 X123.256 Y112.369 E201.47014
G1 F828.8 X123.256 Y107.901 E201.57357
G1 F827 X123.522 Y107.631 E201.58237
G1 X122.481 Y107.632 E201.60652
G1 X122.796 Y107.901 E201.61613
G1 F828.8 X122.795 Y112.101 E201.71335
G0 F12000 X122.216 Y112.249
;TYPE:WALL-OUTER
G1 F766.1 X97.824 Y112.25 E202.32425
G1 F854.6 X97.626 Y112.033 E202.33084
G1 F961.4 X97.626 Y107.968 E202.41196
G1 F850.8 X97.78 Y107.751 E202.41796
G1 F766.1 X122.172 Y107.75 E203.02886
G1 F854.6 X122.37 Y107.968 E203.03547
G1 F961.4 X122.37 Y112.032 E203.11657
G1 F850.8 X122.216 Y112.249 E203.12257
G1 F1500 E196.62257
G0 F12000 X122.216 Y112.51
G0 X122.613 Y112.438
G0 X123.442 Y107.562
G0 X123.836 Y107.49
G0 X123.836 Y107.751
G1 F1500 E203.12257
G1 F766.1 X124.75 Y107.75 E203.14546
G1 F769.1 X124.75 Y107.25 E203.15794
G1 F766.1 X123.793 Y107.252 E203.1819
G1 F850.8 X123.026 Y107.2 E203.19924
G1 F854.6 X122.172 Y107.25 E203.21845
G1 F766.1 X97.737 Y107.252 E203.83042
G1 F850.8 X96.97 Y107.2 E203.84775
G1 F854.6 X96.116 Y107.25 E203.86696
G1 F769.1 X95.25 Y107.25 E203.88856
G1 X95.25 Y107.75 E203.90103
G1 X96.116 Y107.75 E203.92264
G1 F854.6 X96.314 Y107.968 E203.92925
G1 F961.4 X96.313 Y112.8 E204.02568
G1 X96.974 Y112.8 E204.03887
G1 F854.6 X97.824 Y112.75 E204.05798
G1 F766.1 X122.259 Y112.748 E204.66995
G1 F850.8 X123.024 Y112.8 E204.68725
G1 F961.4 X123.687 Y112.8 E204.70048
G1 X123.682 Y107.968 E204.7969
G1 F850.8 X123.836 Y107.751 E204.8029
G1 F1500 E198.3029
;MESH:NONMESH
G0 F300 X123.836 Y107.751 Z5.4
G0 F12000 X123.836 Y107.49
G0 X97.386 Y107.562
G0 X96.974 Y112.113
G0 X97.13 Y112.112
;TIME_ELAPSED:644.426908
;LAYER:44
;note -- min layer time used
;TYPE:WALL-INNER
;MESH:9VBatteryHolder_v1.stl
G1 F1500 E204.8029
G1 F852.6 X97.124 Y107.894 E204.89802
G1 F845.1 X97.391 Y107.627 E204.90661
G1 X96.36 Y107.628 E204.93007
G1 X96.676 Y107.894 E204.93946
G1 F852.6 X96.687 Y112.376 E205.04054
G1 F860.2 X97.446 Y112.376 E205.0575
G1 X97.13 Y112.112 E205.0667
G0 F12000 X96.922 Y112.112
G0 X97.306 Y112.438
G0 X122.693 Y112.438
G0 X123.079 Y112.103
G0 X122.874 Y112.104
G1 F854.5 X122.599 Y112.377 E205.07542
G1 F858.3 X123.312 Y112.376 E205.09139
G1 F848.9 X123.323 Y107.895 E205.19289
G1 F841.4 X123.59 Y107.628 E205.20152
G1 X122.557 Y107.629 E205.22512
G1 X122.873 Y107.895 E205.23456
G1 F845.1 X122.874 Y112.104 E205.33031
G0 F12000 X122.296 Y112.249
;TYPE:WALL-OUTER
G1 F767.7 X97.744 Y112.25 E205.94522
G1 F856.4 X97.547 Y112.035 E205.95176
G1 F963.5 X97.546 Y107.966 E206.03296
G1 F852.6 X97.7 Y107.751 E206.03893
G1 F767.7 X122.252 Y107.75 E206.65383
G1 F856.4 X122.45 Y107.966 E206.66041
G1 F963.5 X122.449 Y112.036 E206.74163
G1 F852.6 X122.296 Y112.249 E206.74754
G1 F1500 E200.24754
G0 F12000 X122.296 Y112.51
G0 X122.693 Y112.438
G0 X123.508 Y107.562
G0 X123.9 Y107.49
G0 X123.9 Y107.751
G1 F1500 E206.74754
G1 F767.7 X124.75 Y107.75 E206.76883
G1 F770.8 X124.75 Y107.25 E206.7813
G1 F767.7 X123.857 Y107.252 E206.80367
G1 F852.6 X123.098 Y107.2 E206.82082
G1 F856.4 X122.252 Y107.25 E206.83985
G1 F767.7 X97.657 Y107.252 E207.45583
G1 F852.6 X96.9 Y107.2 E207.47294
G1 F856.4 X96.056 Y107.25 E207.49192
G1 F770.8 X95.25 Y107.25 E207.51203
G1 X95.25 Y107.75 E207.5245
G1 X96.056 Y107.75 E207.54461
G1 F856.4 X96.254 Y107.966 E207.55118
G1 F963.5 X96.264 Y112.8 E207.64765
G1 X96.91 Y112.8 E207.66054
G1 F856.4 X97.744 Y112.75 E207.6793
G1 F767.7 X122.339 Y112.748 E208.29528
G1 F852.6 X123.088 Y112.8 E208.31221
G1 F963.5 X123.736 Y112.8 E208.32514
G1 X123.746 Y107.966 E208.42161
G1 F852.6 X123.9 Y107.751 E208.42757
G1 F1500 E201.92757
;MESH:NONMESH
G0 F300 X123.9 Y107.751 Z5.52
G0 F12000 X123.9 Y107.49
G0 X97.306 Y107.562
G0 X96.922 Y112.113
G0 X97.06 Y112.113
;TIME_ELAPSED:658.674280
;LAYER:45
;note -- min layer time used
;TYPE:WALL-INNER
;MESH:9VBatteryHolder_v1.stl
G1 F1500 E208.42757
G1 F861.9 X97.061 Y107.888 E208.52201
G1 F858.1 X97.328 Y107.624 E208.53044
G1 X96.303 Y107.625 E208.55345
G1 X96.619 Y107.888 E208.56268
G1 F867.7 X96.632 Y112.38 E208.66241
G1 F877.6 X97.384 Y112.38 E208.67891
G1 F873.6 X97.06 Y112.113 E208.68817
G0 F12000 X96.872 Y112.113
G0 X97.241 Y112.438
G0 X122.759 Y112.438
G0 X123.13 Y112.11
G0 X122.936 Y112.111
G1 F869.7 X122.66 Y112.381 E208.69672
G1 F875.6 X123.365 Y112.38 E208.71224
G1 F865.8 X123.38 Y107.89 E208.81214
G1 F856.2 X123.648 Y107.624 E208.82064
G1 X122.619 Y107.625 E208.84379
G1 X122.936 Y107.89 E208.85309
G1 F861.9 X122.936 Y112.111 E208.94743
G0 F12000 X122.364 Y112.249
;TYPE:WALL-OUTER
G1 F769.2 X97.676 Y112.25 E209.56574
G1 F858.1 X97.479 Y112.039 E209.57222
G1 F965.4 X97.479 Y107.964 E209.65354
G1 F854.3 X97.632 Y107.751 E209.65946
G1 F769.2 X122.32 Y107.75 E210.27776
G1 F858.1 X122.517 Y107.964 E210.28429
G1 F965.4 X122.517 Y112.038 E210.3656
G1 F854.3 X122.364 Y112.249 E210.37147
G1 F1500 E203.87147
G0 F12000 X122.364 Y112.51
G0 X122.759 Y112.438
G0 X123.561 Y107.562
G0 X123.952 Y107.49
G0 X123.952 Y107.751
G1 F1500 E210.37147
G1 F769.2 X124.75 Y107.75 E210.39146
G1 F772.3 X124.75 Y107.25 E210.40393
G1 F769.2 X123.909 Y107.252 E210.42499
G1 F854.3 X123.158 Y107.2 E210.44197
G1 F858.1 X122.32 Y107.25 E210.46082
G1 F769.2 X97.589 Y107.252 E211.0802
G1 F854.3 X96.84 Y107.2 E211.09713
G1 F858.1 X96.004 Y107.25 E211.11594
G1 F772.3 X95.25 Y107.25 E211.13474
G1 X95.25 Y107.75 E211.14722
G1 X96.004 Y107.75 E211.16602
G1 F858.1 X96.201 Y107.964 E211.17255
G1 F965.4 X96.212 Y112.8 E211.26906
G1 X96.851 Y112.8 E211.28181
G1 F858.1 X97.676 Y112.75 E211.30037
G1 F769.2 X122.407 Y112.748 E211.91976
G1 F854.3 X123.145 Y112.8 E211.93644
G1 F965.4 X123.784 Y112.8 E211.94919
G1 X123.799 Y107.964 E212.0457
G1 F854.3 X123.952 Y107.751 E212.05161
G1 F1500 E205.55161
;MESH:NONMESH
G0 F300 X123.952 Y107.751 Z5.64
G0 F12000 X123.952 Y107.49
G0 X97.24 Y107.562
G0 X96.872 Y112.115
G0 X97.006 Y112.115
;TIME_ELAPSED:672.900404
;LAYER:46
;note -- min layer time used
;TYPE:WALL-INNER
;MESH:9VBatteryHolder_v1.stl
G1 F1500 E212.05161
G1 F719.3 X97.005 Y107.885 E212.1451
G1 F716.1 X97.273 Y107.621 E212.15345
G1 X96.25 Y107.622 E212.17617
G1 X96.567 Y107.885 E212.18531
G1 F722.6 X96.581 Y112.382 E212.28425
G1 F729.2 X97.332 Y112.382 E212.30062
G1 F725.9 X97.006 Y112.115 E212.30985
G1 F1500 E205.80985
G0 F12000 X96.823 Y112.115
G0 X97.181 Y107.562
G0 X122.818 Y107.562
G0 X123.179 Y112.112
G0 X122.995 Y112.113
G1 F1500 E212.30985
G1 F727.5 X122.718 Y112.382 E212.31829
G1 F730.9 X123.418 Y112.381 E212.33352
G1 F722.6 X123.431 Y107.886 E212.43242
G1 F714.5 X123.699 Y107.622 E212.44079
G1 X122.676 Y107.623 E212.46355
G1 X122.993 Y107.886 E212.47271
G1 F717.7 X122.995 Y112.113 E212.56635
G0 F12000 X122.577 Y112.039
;TYPE:WALL-OUTER
G1 F705 X122.424 Y112.249 E212.57221
G1 F634.8 X116.974 Y112.25 E212.7087
G1 F637.3 X116.974 Y112.75 E212.72117
G1 F634.8 X122.467 Y112.748 E212.85875
G1 F705 X123.201 Y112.799 E212.87534
G1 F796.7 X123.836 Y112.799 E212.88801
G1 X123.847 Y107.963 E212.98452
G1 F705 X124 Y107.751 E212.99041
G1 F634.8 X124.75 Y107.75 E213.0092
G1 F637.3 X124.75 Y107.25 E213.02167
G1 F634.8 X123.957 Y107.252 E213.04153
G1 F705 X123.212 Y107.2 E213.05837
G1 F708.1 X122.38 Y107.25 E213.07708
G1 F634.8 X97.529 Y107.252 E213.69947
G1 F705 X96.786 Y107.2 E213.71627
G1 F708.1 X95.956 Y107.25 E213.73494
G1 F637.3 X95.25 Y107.25 E213.75255
G1 X95.25 Y107.75 E213.76502
G1 X95.956 Y107.75 E213.78263
G1 F708.1 X96.153 Y107.963 E213.78915
G1 F796.7 X96.164 Y112.8 E213.88567
G1 X96.799 Y112.8 E213.89835
G1 F708.1 X97.62 Y112.75 E213.91681
G1 F637.3 X103.022 Y112.75 E214.05157
G1 X103.022 Y112.25 E214.06404
G1 X97.62 Y112.25 E214.19879
G1 F708.1 X97.423 Y112.039 E214.20527
G1 F796.7 X97.419 Y107.963 E214.28661
G1 F705 X97.572 Y107.751 E214.29251
G1 F634.8 X122.38 Y107.75 E214.91382
G1 F708.1 X122.577 Y107.963 E214.92034
G1 F796.7 X122.577 Y112.039 E215.00168
G1 F1500 E208.50168
;MESH:NONMESH
G0 F300 X122.577 Y112.039 Z5.76
G0 F12000 X122.89 Y112.039
G0 X122.818 Y107.562
G0 X97.181 Y107.562
G0 X96.823 Y112.117
G0 X96.948 Y112.117
;TIME_ELAPSED:687.039652
;LAYER:47
;note -- min layer time used
;TYPE:WALL-INNER
;MESH:9VBatteryHolder_v1.stl
G1 F1500 E215.00168
G1 F717.6 X96.951 Y107.882 E215.09443
G1 F714.3 X97.22 Y107.619 E215.10271
G1 X96.199 Y107.62 E215.12517
G1 X96.517 Y107.882 E215.13424
G1 F720.8 X96.528 Y112.384 E215.23239
G1 F727.5 X97.275 Y112.384 E215.24853
G1 F724.2 X96.948 Y112.117 E215.25769
G1 F1500 E208.75769
G0 F12000 X96.773 Y112.117
G0 X97.122 Y107.562
G0 X122.877 Y107.562
G0 X123.227 Y112.116
G0 X123.048 Y112.117
G1 F1500 E215.25769
G1 F725.8 X122.771 Y112.384 E215.26602
G1 F729.2 X123.468 Y112.383 E215.28104
G1 F722.5 X123.479 Y107.882 E215.37895
G1 F714.3 X123.748 Y107.619 E215.38722
G1 X122.727 Y107.62 E215.40969
G1 X123.045 Y107.882 E215.41875
G1 F719.2 X123.048 Y112.117 E215.5113
G0 F12000 X122.633 Y112.041
;TYPE:WALL-OUTER
G1 F696.9 X122.48 Y112.249 E215.51712
G1 F627.5 X117.37 Y112.25 E215.6451
G1 F630 X117.37 Y112.75 E215.65757
G1 F627.5 X122.523 Y112.748 E215.78663
G1 F696.9 X123.252 Y112.799 E215.80311
G1 F787.5 X123.884 Y112.799 E215.81572
G1 X123.891 Y107.962 E215.91225
G1 F696.9 X124.044 Y107.751 E215.91812
G1 F627.5 X124.75 Y107.75 E215.93581
G1 F630 X124.75 Y107.25 E215.94828
G1 F627.5 X124.001 Y107.252 E215.96704
G1 F696.9 X123.262 Y107.2 E215.98374
G1 F700 X122.436 Y107.25 E216.00232
G1 F627.5 X97.473 Y107.252 E216.62752
G1 F696.9 X96.734 Y107.2 E216.64422
G1 F700 X95.908 Y107.25 E216.6628
G1 F630 X95.25 Y107.25 E216.67921
G1 X95.25 Y107.75 E216.69169
G1 X95.908 Y107.75 E216.7081
G1 F700 X96.105 Y107.962 E216.7146
G1 F787.5 X96.112 Y112.8 E216.81115
G1 X96.744 Y112.8 E216.82376
G1 F700 X97.56 Y112.75 E216.84211
G1 F630 X102.626 Y112.75 E216.96848
G1 X102.626 Y112.25 E216.98096
G1 X97.56 Y112.25 E217.10733
G1 F700 X97.364 Y112.041 E217.11376
G1 F787.5 X97.363 Y107.962 E217.19516
G1 F696.9 X97.516 Y107.751 E217.20104
G1 F627.5 X122.436 Y107.75 E217.82516
G1 F700 X122.633 Y107.962 E217.83166
G1 F787.5 X122.633 Y112.041 E217.91306
G1 F1500 E211.41306
;MESH:NONMESH
G0 F300 X122.633 Y112.041 Z5.88
G0 F12000 X122.949 Y112.041
G0 X122.877 Y107.562
G0 X97.122 Y107.562
G0 X96.773 Y112.121
G0 X96.89 Y112.121
;TIME_ELAPSED:701.158777
;LAYER:48
;note -- min layer time used
;TYPE:WALL-INNER
;MESH:9VBatteryHolder_v1.stl
G1 F1500 E217.91306
G1 F723.3 X96.896 Y107.876 E218.00455
G1 F721.6 X97.166 Y107.615 E218.01266
G1 X96.153 Y107.616 E218.03454
G1 X96.472 Y107.876 E218.04343
G1 F733.5 X96.47 Y112 E218.13108
G1 F736.9 X96.477 Y112.386 E218.13925
G1 F730 X97.218 Y112.386 E218.15507
G1 F728.3 X96.89 Y112.121 E218.1641
G1 F1500 E211.6641
G0 F12000 X96.722 Y112.121
G0 X97.063 Y107.562
G0 X122.936 Y107.562
G0 X123.275 Y112.118
G0 X123.106 Y112.118
G1 F1500 E218.1641
G1 F726.7 X122.827 Y112.387 E218.17241
G1 F728.3 X123.522 Y112.386 E218.18728
G1 F723.3 X123.526 Y107.877 E218.28446
G1 F720 X123.796 Y107.617 E218.29258
G1 X122.783 Y107.618 E218.31451
G1 X123.102 Y107.877 E218.32341
G1 F723.3 X123.106 Y112.118 E218.41482
G0 F12000 X122.692 Y112.042
;TYPE:WALL-OUTER
G1 F691.3 X122.54 Y112.249 E218.42061
G1 F622.4 X117.69 Y112.25 E218.54208
G1 F624.9 X117.69 Y112.75 E218.55455
G1 F622.4 X122.583 Y112.748 E218.67709
G1 F691.3 X123.307 Y112.8 E218.69346
G1 F781.2 X123.936 Y112.8 E218.70601
G1 X123.935 Y107.96 E218.8026
G1 F691.3 X124.088 Y107.751 E218.80844
G1 F622.4 X124.75 Y107.75 E218.82502
G1 F624.9 X124.75 Y107.25 E218.83749
G1 F622.4 X124.045 Y107.252 E218.85515
G1 F691.3 X123.314 Y107.201 E218.87167
G1 F694.4 X122.496 Y107.25 E218.89007
G1 F622.4 X97.413 Y107.252 E219.51827
G1 F691.3 X96.684 Y107.2 E219.53475
G1 F694.4 X95.868 Y107.25 E219.55311
G1 F624.9 X95.25 Y107.25 E219.56852
G1 X95.25 Y107.75 E219.581
G1 X95.868 Y107.75 E219.59641
G1 F694.4 X96.064 Y107.959 E219.60285
G1 F781.2 X96.056 Y110.757 E219.65868
G1 X96.064 Y112.8 E219.69945
G1 X96.69 Y112.8 E219.71195
G1 F694.4 X97.5 Y112.75 E219.73017
G1 F624.9 X102.306 Y112.75 E219.85005
G1 X102.306 Y112.25 E219.86252
G1 X97.5 Y112.25 E219.98241
G1 F694.4 X97.304 Y112.042 E219.98883
G1 F781.2 X97.304 Y107.959 E220.07031
G1 F691.3 X97.456 Y107.751 E220.07612
G1 F622.4 X122.496 Y107.75 E220.70324
G1 F694.4 X122.693 Y107.96 E220.70971
G1 F781.2 X122.692 Y112.042 E220.79117
G1 F1500 E214.29117
;MESH:NONMESH
G0 F300 X122.692 Y112.042 Z6
G0 F12000 X123.008 Y112.042
G0 X122.936 Y107.562
G0 X97.063 Y107.562
G0 X96.722 Y112.123
G0 X96.833 Y112.123
;TIME_ELAPSED:715.240463
;LAYER:49
;note -- min layer time used
;TYPE:WALL-INNER
;MESH:9VBatteryHolder_v1.stl
G1 F1500 E220.79117
G1 F728 X96.839 Y107.872 E220.88173
G1 F726.3 X97.109 Y107.613 E220.88971
G1 X96.102 Y107.614 E220.91122
G1 X96.421 Y107.872 E220.91998
G1 F729.7 X96.422 Y112.388 E221.01596
G1 F731.5 X97.162 Y112.388 E221.03165
G1 F729.7 X96.833 Y112.123 E221.04063
G1 F1500 E214.54063
G0 F12000 X96.673 Y112.123
G0 X97.004 Y107.562
G0 X122.995 Y107.562
G0 X123.323 Y112.122
G0 X123.163 Y112.122
G1 F1500 E221.04063
G1 F733.2 X122.882 Y112.39 E221.04884
G1 F734.9 X123.572 Y112.389 E221.0634
G1 F729.7 X123.575 Y107.872 E221.1594
G1 F726.3 X123.845 Y107.613 E221.16739
G1 X122.838 Y107.614 E221.18889
G1 X123.157 Y107.872 E221.19765
G1 F729.7 X123.163 Y112.122 E221.28798
G0 F12000 X122.752 Y112.044
;TYPE:WALL-OUTER
G1 F687.8 X122.6 Y112.249 E221.29374
G1 F619.3 X117.914 Y112.25 E221.4111
G1 F621.7 X117.914 Y112.75 E221.42357
G1 F619.3 X122.643 Y112.748 E221.54201
G1 F687.8 X123.36 Y112.8 E221.55822
G1 F777.2 X123.983 Y112.8 E221.57065
G1 X123.98 Y107.958 E221.66728
G1 F687.8 X124.132 Y107.751 E221.67307
G1 F619.3 X124.75 Y107.75 E221.68855
G1 F621.7 X124.75 Y107.25 E221.70102
G1 F619.3 X124.089 Y107.252 E221.71757
G1 F687.8 X123.366 Y107.2 E221.73392
G1 F690.8 X122.556 Y107.25 E221.75214
G1 F619.3 X97.353 Y107.252 E222.38335
G1 F687.8 X96.63 Y107.2 E222.39969
G1 F690.8 X95.82 Y107.25 E222.41791
G1 F621.7 X95.25 Y107.25 E222.43213
G1 X95.25 Y107.75 E222.4446
G1 X95.82 Y107.75 E222.45882
G1 F690.8 X96.016 Y107.958 E222.46524
G1 F777.2 X96.012 Y112.8 E222.56186
G1 X96.634 Y112.8 E222.57428
G1 F690.8 X97.44 Y112.75 E222.59241
G1 F621.7 X102.082 Y112.75 E222.7082
G1 X102.082 Y112.25 E222.72067
G1 X97.44 Y112.25 E222.83647
G1 F690.8 X97.244 Y112.043 E222.84287
G1 F777.2 X97.244 Y107.958 E222.92439
G1 F687.8 X97.396 Y107.751 E222.93018
G1 F619.3 X122.556 Y107.75 E223.56031
G1 F690.8 X122.752 Y107.958 E223.56673
G1 F777.2 X122.752 Y112.044 E223.64827
G1 F1500 E217.14827
;MESH:NONMESH
G0 F300 X122.752 Y112.044 Z6.12
G0 F12000 X123.067 Y112.044
G0 X122.995 Y107.562
G0 X97.004 Y107.562
G0 X96.673 Y112.128
G0 X96.78 Y112.128
;TIME_ELAPSED:729.298100
;LAYER:50
;note -- min layer time used
;TYPE:WALL-INNER
;MESH:9VBatteryHolder_v1.stl
G1 F1500 E223.64827
G1 F732.7 X96.783 Y107.868 E223.73796
G1 F731 X97.054 Y107.61 E223.74585
G1 X96.049 Y107.611 E223.76706
G1 X96.369 Y107.868 E223.77572
G1 F734.5 X96.375 Y112.391 E223.87072
G1 F738 X97.11 Y112.391 E223.88609
G1 F736.2 X96.78 Y112.128 E223.89493
G1 F1500 E217.39493
G0 F12000 X96.945 Y107.562
G0 X123.054 Y107.562
G0 X123.22 Y112.126
G1 F1500 E223.89493
G1 F736.2 X122.941 Y112.391 E223.90299
G1 X123.625 Y112.39 E223.91733
G1 F732.7 X123.627 Y107.868 E224.01253
G1 F731 X123.898 Y107.61 E224.02043
G1 X122.893 Y107.611 E224.04164
G1 X123.213 Y107.868 E224.0503
G1 F732.7 X123.22 Y112.126 E224.13994
G0 F12000 X122.811 Y112.045
;TYPE:WALL-OUTER
G1 F684.1 X122.66 Y112.249 E224.14567
G1 F616 X118.138 Y112.25 E224.25892
G1 F618.4 X118.138 Y112.75 E224.27139
G1 F616 X122.703 Y112.748 E224.38572
G1 F684.1 X123.415 Y112.8 E224.40182
G1 F773 X124.035 Y112.8 E224.41419
G1 X124.028 Y107.956 E224.51086
G1 F684.1 X124.18 Y107.751 E224.51662
G1 F616 X124.75 Y107.75 E224.53089
G1 F618.4 X124.75 Y107.25 E224.54336
G1 F616 X124.137 Y107.252 E224.55872
G1 F684.1 X123.42 Y107.2 E224.57493
G1 F687.1 X122.616 Y107.25 E224.59301
G1 F616 X97.293 Y107.252 E225.22722
G1 F684.1 X96.576 Y107.2 E225.24344
G1 F687.1 X95.772 Y107.25 E225.26152
G1 F618.4 X95.25 Y107.25 E225.27454
G1 X95.25 Y107.75 E225.28701
G1 X95.772 Y107.75 E225.30004
G1 F687.1 X95.968 Y107.956 E225.30642
G1 F773 X95.965 Y112.8 E225.40309
G1 X96.585 Y112.8 E225.41546
G1 F687.1 X97.384 Y112.75 E225.43343
G1 F618.4 X101.858 Y112.75 E225.54504
G1 X101.858 Y112.25 E225.55751
G1 X97.384 Y112.25 E225.66911
G1 F687.1 X97.188 Y112.045 E225.67548
G1 F773 X97.184 Y107.956 E225.75708
G1 F684.1 X97.336 Y107.751 E225.76284
G1 F616 X122.616 Y107.75 E226.39597
G1 F687.1 X122.812 Y107.956 E226.40236
G1 F773 X122.811 Y112.045 E226.48396
G1 F1500 E219.98396
;MESH:NONMESH
G0 F300 X122.811 Y112.045 Z6.24
G0 F12000 X123.126 Y112.045
G0 X123.054 Y107.562
G0 X96.945 Y107.562
G0 X96.723 Y112.131
;TIME_ELAPSED:743.290809
;LAYER:51
;note -- min layer time used
;TYPE:WALL-INNER
;MESH:9VBatteryHolder_v1.stl
G1 F1500 E226.48396
G1 F739 X96.729 Y107.864 E226.57273
G1 F737.3 X97 Y107.608 E226.5805
G1 X96.002 Y107.609 E226.60131
G1 X96.323 Y107.864 E226.60986
G1 F740.8 X96.325 Y112.393 E226.70386
G1 F744.4 X97.054 Y112.393 E226.71892
G1 F742.6 X96.723 Y112.131 E226.72766
G1 F1500 E220.22766
G0 F12000 X96.886 Y107.562
G0 X123.113 Y107.562
G0 X123.273 Y112.128
G1 F1500 E226.72766
G1 F740.8 X122.991 Y112.394 E226.7357
G1 F742.6 X123.672 Y112.393 E226.7498
G1 F740.8 X123.673 Y107.864 E226.8438
G1 F737.3 X123.944 Y107.608 E226.85157
G1 X122.946 Y107.609 E226.87239
G1 X123.267 Y107.864 E226.88094
G1 F739 X123.273 Y112.128 E226.96964
G0 F12000 X122.867 Y112.046
;TYPE:WALL-OUTER
G1 F681.8 X122.716 Y112.249 E226.97535
G1 F613.9 X118.302 Y112.25 E227.0859
G1 F616.4 X118.302 Y112.75 E227.09837
G1 F613.9 X122.759 Y112.748 E227.21
G1 F681.8 X123.464 Y112.8 E227.22594
G1 F770.5 X124.079 Y112.8 E227.23821
G1 X124.072 Y107.955 E227.3349
G1 F681.8 X124.224 Y107.751 E227.34063
G1 F613.9 X124.75 Y107.75 E227.35381
G1 F616.4 X124.75 Y107.25 E227.36628
G1 F613.9 X124.181 Y107.252 E227.38053
G1 F681.8 X123.47 Y107.2 E227.39661
G1 F684.8 X122.672 Y107.25 E227.41456
G1 F613.9 X97.237 Y107.252 E228.05157
G1 F681.8 X96.526 Y107.2 E228.06765
G1 F684.8 X95.728 Y107.25 E228.0856
G1 F616.4 X95.25 Y107.25 E228.09752
G1 X95.25 Y107.75 E228.11
G1 X95.728 Y107.75 E228.12192
G1 F684.8 X95.924 Y107.955 E228.12829
G1 F770.5 X95.917 Y112.8 E228.22498
G1 X96.532 Y112.8 E228.23725
G1 F684.8 X97.324 Y112.75 E228.25506
G1 F616.4 X101.694 Y112.75 E228.36408
G1 X101.694 Y112.25 E228.37655
G1 X97.324 Y112.25 E228.48556
G1 F684.8 X97.129 Y112.046 E228.49189
G1 F770.5 X97.128 Y107.955 E228.57353
G1 F681.8 X97.28 Y107.751 E228.57927
G1 F613.9 X122.672 Y107.75 E229.21521
G1 F684.8 X122.868 Y107.955 E229.22158
G1 F770.5 X122.867 Y112.046 E229.30322
G1 F1500 E222.80322
;MESH:NONMESH
G0 F300 X122.867 Y112.046 Z6.36
G0 F12000 X123.185 Y112.046
G0 X123.113 Y107.562
G0 X96.886 Y107.562
G0 X96.678 Y112.134
;TIME_ELAPSED:757.259811
;LAYER:52
;note -- min layer time used
;TYPE:WALL-INNER
;MESH:9VBatteryHolder_v1.stl
G1 F1500 E229.30322
G1 F742 X96.683 Y107.863 E229.39143
G1 F736.6 X96.954 Y107.607 E229.39919
G1 X95.956 Y107.608 E229.41995
G1 X96.277 Y107.863 E229.42848
G1 F745.6 X96.288 Y112.396 E229.52166
G1 F754.7 X97.012 Y112.396 E229.53636
G1 F749.2 X96.678 Y112.134 E229.54504
G1 F1500 E223.04504
G0 F12000 X96.839 Y107.562
G0 X123.161 Y107.562
G0 X123.717 Y112
G1 F1500 E229.54504
G1 F752.9 X123.721 Y107.864 E229.62923
G1 F734.9 X123.992 Y107.608 E229.637
G1 X122.994 Y107.609 E229.65782
G1 X123.315 Y107.864 E229.66637
G1 F738.4 X123.315 Y112.136 E229.75503
G1 F749.2 X123.036 Y112.397 E229.76284
G1 F752.9 X123.709 Y112.395 E229.77654
G1 F764.1 X123.717 Y112 E229.78447
G0 F12000 X122.915 Y112.048
;TYPE:WALL-OUTER
G1 F679.6 X122.764 Y112.249 E229.79013
G1 F611.9 X118.45 Y112.25 E229.89818
G1 F614.3 X118.45 Y112.75 E229.91065
G1 F611.9 X122.807 Y112.748 E230.01977
G1 F679.6 X123.506 Y112.799 E230.03558
G1 F767.9 X124.112 Y112.799 E230.04767
G1 X124.12 Y107.955 E230.14434
G1 F679.6 X124.272 Y107.751 E230.15007
G1 F611.9 X124.75 Y107.75 E230.16204
G1 F614.3 X124.75 Y107.25 E230.17452
G1 F611.9 X124.229 Y107.252 E230.18757
G1 F679.6 X123.518 Y107.2 E230.20364
G1 F682.6 X122.72 Y107.25 E230.22159
G1 F611.9 X97.189 Y107.252 E230.86101
G1 F679.6 X96.48 Y107.2 E230.87704
G1 F682.6 X95.684 Y107.25 E230.89495
G1 F614.3 X95.25 Y107.25 E230.90578
G1 X95.25 Y107.75 E230.91825
G1 X95.684 Y107.75 E230.92908
G1 F682.6 X95.879 Y107.955 E230.93543
G1 F767.9 X95.885 Y112.799 E231.03209
G1 X96.492 Y112.799 E231.04421
G1 F682.6 X97.276 Y112.75 E231.06184
G1 F614.3 X101.546 Y112.75 E231.16836
G1 X101.546 Y112.25 E231.18083
G1 X97.276 Y112.25 E231.28735
G1 F682.6 X97.081 Y112.048 E231.29365
G1 F767.9 X97.081 Y107.955 E231.37533
G1 F679.6 X97.232 Y107.751 E231.38105
G1 F611.9 X122.72 Y107.75 E232.0194
G1 F682.6 X122.916 Y107.955 E232.02577
G1 F767.9 X122.915 Y112.048 E232.10745
G1 F1500 E225.60745
;MESH:NONMESH
G0 F300 X122.915 Y112.048 Z6.48
G0 F12000 X123.233 Y112.048
G0 X123.161 Y107.562
G0 X96.839 Y107.562
G0 X96.64 Y112.137
;TIME_ELAPSED:771.225814
;LAYER:53
;note -- min layer time used
;TYPE:WALL-INNER
;MESH:9VBatteryHolder_v1.stl
G1 F1500 E232.10745
G1 F739.3 X96.641 Y107.864 E232.1957
G1 F732.2 X96.912 Y107.608 E232.20348
G1 X95.914 Y107.609 E232.22429
G1 X96.235 Y107.864 E232.23284
G1 F742.9 X96.253 Y112.398 E232.32604
G1 F755.8 X96.974 Y112.398 E232.3406
G1 F750.2 X96.64 Y112.137 E232.34923
G1 F1500 E225.84923
G0 F12000 X96.798 Y107.562
G0 X123.202 Y107.562
G0 X123.355 Y112.142
G1 F1500 E232.34923
G1 F753.9 X123.075 Y112.4 E232.35694
G1 F761.4 X123.743 Y112.398 E232.37034
G1 F746.5 X123.763 Y107.863 E232.46311
G1 F734 X124.034 Y107.607 E232.47086
G1 X123.036 Y107.608 E232.49162
G1 X123.357 Y107.863 E232.50015
G1 F741.1 X123.355 Y112.142 E232.58832
G0 F12000 X122.959 Y112.05
;TYPE:WALL-OUTER
G1 F677.2 X122.808 Y112.249 E232.59395
G1 F609.7 X118.595 Y112.25 E232.69947
G1 F612.2 X118.597 Y112.75 E232.71194
G1 F609.7 X122.851 Y112.748 E232.81848
G1 F677.2 X123.543 Y112.799 E232.83413
G1 F765.2 X124.144 Y112.799 E232.84612
G1 X124.161 Y107.955 E232.94279
G1 F677.2 X124.312 Y107.751 E232.94851
G1 F609.7 X124.75 Y107.75 E232.95948
G1 F612.2 X124.75 Y107.25 E232.97196
G1 F609.7 X124.269 Y107.252 E232.984
G1 F677.2 X123.56 Y107.2 E233.00003
G1 F680.2 X122.764 Y107.25 E233.01794
G1 F609.7 X97.149 Y107.252 E233.65946
G1 F677.2 X96.438 Y107.2 E233.67554
G1 F680.2 X95.64 Y107.25 E233.69349
G1 F612.2 X95.25 Y107.25 E233.70322
G1 X95.25 Y107.75 E233.71569
G1 X95.64 Y107.75 E233.72542
G1 F680.2 X95.836 Y107.955 E233.73179
G1 F765.2 X95.852 Y112.8 E233.82848
G1 X96.455 Y112.8 E233.84051
G1 F680.2 X97.236 Y112.75 E233.85808
G1 F612.2 X101.402 Y112.75 E233.962
G1 X101.402 Y112.25 E233.97447
G1 X97.236 Y112.25 E234.07839
G1 F680.2 X97.041 Y112.049 E234.08468
G1 F765.2 X97.04 Y107.955 E234.16638
G1 F677.2 X97.192 Y107.751 E234.17212
G1 F609.7 X122.764 Y107.75 E234.81257
G1 F680.2 X122.965 Y107.961 E234.81911
G1 F765.2 X122.959 Y112.05 E234.90071
G1 F1500 E228.40071
;MESH:NONMESH
G0 F300 X122.959 Y112.05 Z6.6
G0 F12000 X123.274 Y112.05
G0 X123.202 Y107.562
G0 X96.798 Y107.562
G0 X96.602 Y112.141
;TIME_ELAPSED:785.171127
;LAYER:54
;note -- min layer time used
;TYPE:WALL-INNER
;MESH:9VBatteryHolder_v1.stl
G1 F1500 E234.90071
G1 F740.6 X96.604 Y107.862 E234.98866
G1 F735.2 X96.876 Y107.606 E234.9964
G1 X95.878 Y107.607 E235.01706
G1 X96.2 Y107.862 E235.02556
G1 F759 X96.212 Y112 E235.10855
G1 F772.5 X96.22 Y112.4 E235.11644
G1 F760.9 X96.938 Y112.4 E235.1308
G1 F755.3 X96.602 Y112.141 E235.13935
G1 F1500 E228.63935
G0 F12000 X96.758 Y107.562
G0 X123.242 Y107.562
G0 X123.399 Y112.138
G1 F1500 E235.13935
G1 F755.3 X123.113 Y112.401 E235.14719
G1 F760.9 X123.78 Y112.4 E235.16053
G1 F747.9 X123.797 Y107.861 E235.25292
G1 F737 X124.068 Y107.606 E235.26061
G1 X123.074 Y107.607 E235.28114
G1 X123.395 Y107.861 E235.28959
G1 F744.2 X123.399 Y112.138 E235.37708
G0 F12000 X123.005 Y112.041
;TYPE:WALL-OUTER
G1 F675.1 X122.848 Y112.249 E235.38296
G1 F607.8 X118.735 Y112.25 E235.48597
G1 F610.3 X118.737 Y112.75 E235.49844
G1 F607.8 X122.891 Y112.748 E235.60247
G1 F675.1 X123.58 Y112.8 E235.61806
G1 F762.8 X124.18 Y112.8 E235.63003
G1 X124.193 Y107.954 E235.72674
G1 F675.1 X124.344 Y107.751 E235.73244
G1 F607.8 X124.75 Y107.75 E235.74261
G1 F610.3 X124.75 Y107.25 E235.75508
G1 F607.8 X124.301 Y107.252 E235.76633
G1 F675.1 X123.596 Y107.2 E235.78227
G1 F678.1 X122.804 Y107.25 E235.80009
G1 F607.8 X97.109 Y107.252 E236.44361
G1 F675.1 X96.402 Y107.2 E236.4596
G1 F678.1 X95.608 Y107.25 E236.47746
G1 F610.3 X95.25 Y107.25 E236.48639
G1 X95.25 Y107.75 E236.49886
G1 X95.608 Y107.75 E236.50779
G1 F678.1 X95.803 Y107.954 E236.51413
G1 F762.8 X95.82 Y112.8 E236.61084
G1 X96.42 Y112.8 E236.62281
G1 F678.1 X97.196 Y112.75 E236.64027
G1 F610.3 X101.262 Y112.75 E236.7417
G1 X101.262 Y112.25 E236.75417
G1 X97.196 Y112.25 E236.8556
G1 F678.1 X97.002 Y112.05 E236.86185
G1 F762.8 X97.001 Y107.954 E236.94359
G1 F675.1 X97.152 Y107.751 E236.9493
G1 F607.8 X122.804 Y107.75 E237.59175
G1 F678.1 X122.999 Y107.954 E237.59808
G1 F762.8 X123.005 Y112.041 E237.67964
G1 F1500 E231.17964
;MESH:NONMESH
G0 F300 X123.005 Y112.041 Z6.72
G0 F12000 X123.314 Y112.041
G0 X123.242 Y107.562
G0 X96.758 Y107.562
G0 X96.56 Y112.143
;TIME_ELAPSED:799.095680
;LAYER:55
;note -- min layer time used
;TYPE:WALL-INNER
;MESH:9VBatteryHolder_v1.stl
G1 F1500 E237.67964
G1 F750.2 X96.565 Y107.857 E237.76646
G1 F744.7 X96.837 Y107.603 E237.77405
G1 X95.845 Y107.604 E237.79429
G1 X96.167 Y107.857 E237.80265
G1 F767.3 X96.174 Y112 E237.88471
G1 F777 X96.182 Y112.401 E237.89255
G1 F765.3 X96.895 Y112.401 E237.90671
G1 F761.5 X96.56 Y112.143 E237.91515
G1 F1500 E231.41515
G0 F12000 X96.717 Y107.562
G0 X123.283 Y107.562
G0 X123.437 Y112.14
G1 F1500 E237.91515
G1 F761.5 X123.15 Y112.403 E237.92292
G1 F767.3 X123.814 Y112.401 E237.93607
G1 F754 X123.832 Y107.858 E238.02764
G1 F741.1 X124.103 Y107.604 E238.03525
G1 X123.111 Y107.605 E238.05559
G1 X123.432 Y107.858 E238.06397
G1 F746.6 X123.437 Y112.14 E238.15113
G0 F12000 X123.045 Y112.042
;TYPE:WALL-OUTER
G1 F673.9 X122.888 Y112.249 E238.15699
G1 F606.8 X118.834 Y112.25 E238.25853
G1 F609.2 X118.834 Y112.75 E238.271
G1 F606.8 X122.931 Y112.748 E238.37361
G1 F673.9 X123.616 Y112.799 E238.3891
G1 F761.5 X124.212 Y112.799 E238.40099
G1 X124.225 Y107.953 E238.4977
G1 F673.9 X124.376 Y107.751 E238.50339
G1 F606.8 X124.75 Y107.75 E238.51275
G1 F609.2 X124.75 Y107.25 E238.52522
G1 F606.8 X124.333 Y107.252 E238.53567
G1 F673.9 X123.632 Y107.2 E238.55152
G1 F676.9 X122.844 Y107.25 E238.56925
G1 F606.8 X97.065 Y107.252 E239.21488
G1 F673.9 X96.366 Y107.2 E239.23068
G1 F676.9 X95.58 Y107.25 E239.24837
G1 F609.2 X95.25 Y107.25 E239.2566
G1 X95.25 Y107.75 E239.26907
G1 X95.58 Y107.75 E239.2773
G1 F676.9 X95.775 Y107.952 E239.28361
G1 F761.5 X95.784 Y112.8 E239.38035
G1 X96.38 Y112.8 E239.39225
G1 F676.9 X97.152 Y112.75 E239.40962
G1 F609.2 X101.162 Y112.75 E239.50965
G1 X101.162 Y112.25 E239.52212
G1 X97.152 Y112.25 E239.62215
G1 F676.9 X96.958 Y112.051 E239.62839
G1 F761.5 X96.957 Y107.952 E239.71019
G1 F673.9 X97.108 Y107.751 E239.71586
G1 F606.8 X122.844 Y107.75 E240.36041
G1 F676.9 X123.039 Y107.953 E240.36673
G1 F761.5 X123.045 Y112.042 E240.44833
G1 F1500 E233.94833
;MESH:NONMESH
G0 F300 X123.045 Y112.042 Z6.84
G0 F12000 X123.355 Y112.042
G0 X123.283 Y107.562
G0 X96.717 Y107.562
G0 X96.522 Y112.144
;TIME_ELAPSED:813.001555
;LAYER:56
;note -- min layer time used
;TYPE:WALL-INNER
;MESH:9VBatteryHolder_v1.stl
G1 F1500 E240.44833
G1 F756.3 X96.527 Y107.853 E240.53439
G1 F752.6 X96.8 Y107.601 E240.54188
G1 X95.814 Y107.602 E240.56175
G1 X96.137 Y107.853 E240.57
G1 F775.6 X96.14 Y112 E240.6511
G1 F783.6 X96.147 Y112.403 E240.6589
G1 F769.7 X96.859 Y112.403 E240.67293
G1 F765.9 X96.522 Y112.144 E240.68135
G1 F1500 E234.18135
G0 F12000 X96.676 Y107.562
G0 X123.324 Y107.562
G0 X123.47 Y112.148
G1 F1500 E240.68135
G1 F765.9 X123.188 Y112.404 E240.6889
G1 F771.7 X123.848 Y112.402 E240.70187
G1 F760.1 X123.862 Y107.854 E240.79263
G1 F748.9 X124.134 Y107.602 E240.80014
G1 X123.148 Y107.603 E240.82011
G1 X123.47 Y107.854 E240.82838
G1 F754.5 X123.47 Y112.148 E240.91472
G0 F12000 X123.078 Y112.052
;TYPE:WALL-OUTER
G1 F672.7 X122.928 Y112.249 E240.9203
G1 F605.7 X118.934 Y112.25 E241.02033
G1 F608.1 X118.934 Y112.75 E241.0328
G1 F605.7 X122.971 Y112.748 E241.13391
G1 F672.7 X123.652 Y112.799 E241.14931
G1 F760.1 X124.244 Y112.799 E241.16112
G1 X124.253 Y107.951 E241.25787
G1 F672.7 X124.404 Y107.751 E241.26352
G1 F605.7 X124.75 Y107.75 E241.27219
G1 F608.1 X124.75 Y107.25 E241.28466
G1 F605.7 X124.361 Y107.252 E241.2944
G1 F672.7 X123.666 Y107.2 E241.31012
G1 F675.7 X122.884 Y107.25 E241.32771
G1 F605.7 X97.025 Y107.252 E241.97534
G1 F672.7 X96.332 Y107.2 E241.99102
G1 F675.7 X95.552 Y107.25 E242.00856
G1 F608.1 X95.25 Y107.25 E242.0161
G1 X95.25 Y107.75 E242.02857
G1 X95.552 Y107.75 E242.0361
G1 F675.7 X95.747 Y107.951 E242.04239
G1 F760.1 X95.752 Y112.8 E242.13916
G1 X96.344 Y112.8 E242.15097
G1 F675.7 X97.112 Y112.75 E242.16825
G1 F608.1 X101.062 Y112.75 E242.26678
G1 X101.062 Y112.25 E242.27926
G1 X97.112 Y112.25 E242.37779
G1 F675.7 X96.918 Y112.052 E242.38401
G1 F760.1 X96.917 Y107.951 E242.46585
G1 F672.7 X97.068 Y107.751 E242.4715
G1 F605.7 X122.884 Y107.75 E243.11806
G1 F675.7 X123.079 Y107.951 E243.12435
G1 F760.1 X123.078 Y112.052 E243.20619
G1 F1500 E236.70619
;MESH:NONMESH
G0 F300 X123.078 Y112.052 Z6.96
G0 F12000 X123.396 Y112.052
G0 X123.324 Y107.562
G0 X96.676 Y107.562
G0 X96.483 Y112.146
;TIME_ELAPSED:826.888559
;LAYER:57
;note -- min layer time used
;TYPE:WALL-INNER
;MESH:9VBatteryHolder_v1.stl
G1 F1500 E243.20619
G1 F764.8 X96.491 Y107.85 E243.29128
G1 F761 X96.765 Y107.598 E243.29869
G1 X95.781 Y107.6 E243.31828
G1 F770.6 X96.111 Y107.855 E243.32647
G1 F792.8 X96.105 Y112 E243.40568
G1 F788.6 X96.113 Y112.404 E243.41344
G1 F774.6 X96.82 Y112.404 E243.42726
G1 F770.6 X96.483 Y112.146 E243.43561
G1 F1500 E236.93561
G0 F12000 X96.635 Y107.562
G0 X123.365 Y107.562
G0 X123.891 Y112
G1 F1500 E243.43561
G1 F780.5 X123.894 Y107.85 E243.51615
G1 F757.2 X124.167 Y107.599 E243.52357
G1 X123.182 Y107.6 E243.54327
G1 X123.506 Y107.85 E243.55146
G1 F762.9 X123.513 Y112.144 E243.63672
G1 F770.6 X123.225 Y112.406 E243.64438
G1 F776.5 X123.883 Y112.404 E243.65721
G1 F790.7 X123.891 Y112 E243.66495
G0 F12000 X123.125 Y112.044
;TYPE:WALL-OUTER
G1 F671.7 X122.968 Y112.249 E243.67078
G1 F604.8 X119.03 Y112.25 E243.7694
G1 F607.3 X119.03 Y112.75 E243.78187
G1 F604.8 X123.011 Y112.748 E243.88158
G1 F671.7 X123.688 Y112.799 E243.89689
G1 F759.1 X124.276 Y112.799 E243.90862
G1 X124.283 Y110.982 E243.94488
G1 X124.276 Y107.958 E244.00523
G1 F671.7 X124.432 Y107.751 E244.01107
G1 F604.8 X124.75 Y107.75 E244.01904
G1 F607.3 X124.75 Y107.25 E244.03151
G1 F604.8 X124.389 Y107.252 E244.04055
G1 F671.7 X123.7 Y107.2 E244.05613
G1 F674.7 X122.924 Y107.25 E244.07359
G1 F604.8 X96.985 Y107.252 E244.72323
G1 F671.7 X96.298 Y107.201 E244.73877
G1 F674.7 X95.524 Y107.25 E244.75618
G1 F607.3 X95.25 Y107.25 E244.76301
G1 X95.25 Y107.75 E244.77549
G1 X95.524 Y107.75 E244.78232
G1 F674.7 X95.724 Y107.955 E244.78875
G1 F759.1 X95.712 Y110.99 E244.84932
G1 X95.719 Y112.8 E244.88544
G1 X96.308 Y112.8 E244.89719
G1 F674.7 X97.072 Y112.75 E244.91438
G1 F607.3 X100.966 Y112.75 E245.01152
G1 X100.966 Y112.25 E245.02399
G1 X97.072 Y112.25 E245.12113
G1 F674.7 X96.872 Y112.046 E245.12754
G1 F759.1 X96.878 Y107.949 E245.2093
G1 F671.7 X97.028 Y107.751 E245.2149
G1 F604.8 X122.924 Y107.75 E245.86346
G1 F674.7 X123.118 Y107.95 E245.86972
G1 F759.1 X123.125 Y112.044 E245.95142
G1 F1500 E239.45142
;MESH:NONMESH
G0 F300 X123.125 Y112.044 Z7.08
G0 F12000 X123.437 Y112.044
G0 X123.365 Y107.562
G0 X96.635 Y107.562
G0 X96.446 Y112.151
;TIME_ELAPSED:840.759421
;LAYER:58
;note -- min layer time used
;TYPE:WALL-INNER
;MESH:9VBatteryHolder_v1.stl
G1 F1500 E245.95142
G1 F790.4 X96.447 Y107.852 E246.03378
G1 F778.2 X96.727 Y107.597 E246.04115
G1 F764.5 X95.752 Y107.598 E246.06046
G1 F770.3 X96.077 Y107.851 E246.06856
G1 F778.2 X96.081 Y112.407 E246.1572
G1 F784.2 X96.786 Y112.407 E246.17081
G1 F786.3 X96.446 Y112.151 E246.17901
G1 F1500 E239.67901
G0 F12000 X96.595 Y107.562
G0 X123.405 Y107.562
G0 X123.924 Y112
G1 F1500 E246.17901
G1 F798.7 X123.919 Y107.853 E246.25763
G1 F776.2 X124.199 Y107.597 E246.26503
G1 F764.5 X123.219 Y107.598 E246.28444
G1 F776.2 X123.549 Y107.851 E246.29255
G1 F786.3 X123.551 Y112.147 E246.37528
G1 F784.2 X123.263 Y112.407 E246.38277
G1 F782.2 X123.917 Y112.406 E246.39543
G1 F796.6 X123.924 Y112 E246.40315
G0 F12000 X123.157 Y112.054
;TYPE:WALL-OUTER
G1 F671.5 X123.008 Y112.249 E246.40869
G1 F604.6 X119.13 Y112.25 E246.50581
G1 F607 X119.13 Y112.75 E246.51828
G1 F604.6 X123.051 Y112.748 E246.61648
G1 F671.5 X123.723 Y112.8 E246.63168
G1 F758.8 X124.311 Y112.8 E246.64342
G1 X124.304 Y107.956 E246.74009
G1 F671.5 X124.46 Y107.751 E246.74589
G1 F604.6 X124.75 Y107.75 E246.75316
G1 F607 X124.75 Y107.25 E246.76563
G1 F604.6 X124.417 Y107.252 E246.77397
G1 F671.5 X123.734 Y107.2 E246.78942
G1 F674.4 X122.964 Y107.25 E246.80674
G1 F604.6 X96.945 Y107.252 E247.45838
G1 F671.5 X96.262 Y107.2 E247.47383
G1 F758.8 X95.2 Y107.2 E247.49502
G1 X95.2 Y107.8 E247.507
G1 X95.496 Y107.8 E247.5129
G1 X95.686 Y107.948 E247.51771
G1 X95.688 Y112.8 E247.61454
G1 X96.275 Y112.8 E247.62625
G1 F674.4 X97.032 Y112.75 E247.64328
G1 F607 X100.866 Y112.75 E247.73892
G1 X100.866 Y112.25 E247.75139
G1 X97.032 Y112.25 E247.84703
G1 F674.4 X96.832 Y112.048 E247.85342
G1 F758.8 X96.838 Y107.948 E247.93524
G1 F671.5 X96.988 Y107.751 E247.94082
G1 F604.6 X122.964 Y107.75 E248.59139
G1 F674.4 X123.164 Y107.954 E248.5978
G1 F758.8 X123.157 Y112.054 E248.67962
G1 F1500 E242.17962
;MESH:NONMESH
G0 F300 X123.157 Y112.054 Z7.2
G0 F12000 X123.477 Y112.054
G0 X123.405 Y107.562
G0 X96.595 Y107.562
G0 X96.408 Y112.153
;TIME_ELAPSED:854.578736
;LAYER:59
;note -- min layer time used
;TYPE:WALL-INNER
;MESH:9VBatteryHolder_v1.stl
G1 F1500 E248.67962
G1 F795.6 X96.41 Y107.849 E248.76143
G1 F785.3 X96.69 Y107.595 E248.76871
G1 F773.3 X95.741 Y107.597 E248.78727
G1 F777.2 X96.046 Y107.849 E248.79497
G1 F785.3 X96.046 Y112.408 E248.88276
G1 F789.4 X96.747 Y112.408 E248.89619
G1 F791.4 X96.408 Y112.153 E248.9043
G1 F1500 E242.4043
G0 F12000 X96.555 Y107.562
G0 X123.444 Y107.562
G0 X123.958 Y112
G1 F1500 E248.9043
G1 F810.5 X123.95 Y107.85 E248.98173
G1 F785.3 X124.23 Y107.595 E248.98903
G1 F773.3 X123.256 Y107.596 E249.00808
G1 F781.2 X123.586 Y107.848 E249.01611
G1 F789.4 X123.584 Y112.153 E249.09859
G1 X123.299 Y112.409 E249.10593
G1 F787.3 X123.951 Y112.408 E249.11845
G1 F804 X123.958 Y112 E249.12613
G0 F12000 X123.197 Y112.056
;TYPE:WALL-OUTER
G1 F670.6 X123.048 Y112.249 E249.13162
G1 F603.8 X119.203 Y112.25 E249.22792
G1 F606.2 X119.205 Y112.75 E249.24039
G1 F603.8 X123.091 Y112.748 E249.33772
G1 F670.6 X123.758 Y112.8 E249.3528
G1 F757.8 X124.343 Y112.8 E249.36448
G1 X124.332 Y107.956 E249.46115
G1 F670.6 X124.488 Y107.751 E249.46696
G1 F602.6 X124.75 Y107.75 E249.47353
G1 F605 X124.75 Y107.25 E249.48603
G1 F602.6 X124.445 Y107.252 E249.49368
G1 F670.6 X123.768 Y107.2 E249.50899
G1 F673.6 X123.004 Y107.25 E249.52618
G1 F603.8 X96.905 Y107.252 E250.17983
G1 F670.6 X96.228 Y107.2 E250.19514
G1 F757.8 X95.201 Y107.201 E250.21564
G1 X95.2 Y107.8 E250.22759
G1 X95.479 Y107.8 E250.23316
G1 X95.664 Y107.953 E250.23795
G1 X95.653 Y112.8 E250.33468
G1 X96.238 Y112.8 E250.34635
G1 F673.6 X96.992 Y112.75 E250.36331
G1 F606.2 X100.794 Y112.75 E250.45816
G1 X100.794 Y112.25 E250.47063
G1 X96.992 Y112.25 E250.56547
G1 F673.6 X96.799 Y112.056 E250.57161
G1 F757.8 X96.792 Y107.956 E250.65343
G1 F670.6 X96.948 Y107.751 E250.65924
G1 F603.8 X123.004 Y107.75 E251.31181
G1 F673.6 X123.204 Y107.954 E251.31823
G1 F757.8 X123.197 Y112.056 E251.40009
G1 F1500 E244.90009
;MESH:NONMESH
G0 F300 X123.197 Y112.056 Z7.32
G0 F12000 X123.516 Y112.056
G0 X123.444 Y107.562
G0 X96.555 Y107.562
G0 X96.383 Y112.151
;TIME_ELAPSED:868.383426
;LAYER:60
;note -- min layer time used
;TYPE:WALL-INNER
;MESH:9VBatteryHolder_v1.stl
G1 F1500 E251.40009
G1 F791.3 X96.385 Y107.85 E251.48227
G1 F781.1 X96.666 Y107.595 E251.48961
G1 F771.2 X95.729 Y107.596 E251.50799
G1 F775.1 X96.019 Y107.85 E251.51551
G1 F781.1 X96.019 Y112.407 E251.60372
G1 F785.2 X96.722 Y112.407 E251.61726
G1 F787.2 X96.383 Y112.151 E251.62542
G1 F1500 E245.12542
G0 F12000 X96.531 Y107.562
G0 X123.468 Y107.562
G0 X123.985 Y112
G1 F1500 E251.62542
G1 F801.8 X123.98 Y107.853 E251.70362
G1 F779.1 X124.26 Y107.596 E251.711
G1 F767.3 X123.281 Y107.597 E251.73029
G1 F779.1 X123.612 Y107.851 E251.73839
G1 F789.3 X123.614 Y112.149 E251.82073
G1 F787.2 X123.325 Y112.408 E251.82818
G1 F785.2 X123.978 Y112.407 E251.84076
G1 F799.7 X123.985 Y112 E251.84845
G0 F12000 X123.221 Y112.055
;TYPE:WALL-OUTER
G1 F670.5 X123.072 Y112.249 E251.85397
G1 F603.7 X119.267 Y112.25 E251.94927
G1 F606.2 X119.269 Y112.75 E251.96174
G1 F603.7 X123.115 Y112.748 E252.05806
G1 F670.5 X123.785 Y112.8 E252.07322
G1 F757.7 X124.371 Y112.8 E252.08491
G1 X124.364 Y107.954 E252.18162
G1 X124.529 Y107.803 E252.18608
G1 X124.8 Y107.8 E252.19149
G1 X124.8 Y107.2 E252.20346
G1 X123.796 Y107.2 E252.2235
G1 F673.5 X123.028 Y107.25 E252.24078
G1 F603.7 X96.881 Y107.252 E252.89563
G1 F670.5 X96.202 Y107.2 E252.91098
G1 F757.7 X95.2 Y107.2 E252.93098
G1 X95.2 Y107.8 E252.94295
G1 X95.463 Y107.801 E252.9482
G1 X95.636 Y107.952 E252.95278
G1 X95.625 Y112.8 E253.04953
G1 X96.212 Y112.8 E253.06124
G1 F673.5 X96.968 Y112.75 E253.07825
G1 F606.2 X100.73 Y112.75 E253.1721
G1 X100.73 Y112.25 E253.18457
G1 X96.968 Y112.25 E253.27841
G1 F673.5 X96.775 Y112.055 E253.28457
G1 F757.7 X96.768 Y107.955 E253.36639
G1 F670.5 X96.924 Y107.751 E253.37218
G1 F603.7 X123.028 Y107.75 E254.02596
G1 F673.5 X123.228 Y107.954 E254.03237
G1 F757.7 X123.221 Y112.055 E254.11421
G1 F1500 E247.61421
;MESH:NONMESH
G0 F300 X123.221 Y112.055 Z7.44
G0 F12000 X123.54 Y112.055
G0 X123.468 Y107.562
G0 X96.531 Y107.562
G0 X96.36 Y112.153
;TIME_ELAPSED:882.169783
;LAYER:61
;note -- min layer time used
;TYPE:WALL-INNER
;MESH:9VBatteryHolder_v1.stl
G1 F1500 E254.11421
G1 F814.3 X96.359 Y107.852 E254.19618
G1 F797.6 X96.639 Y107.597 E254.20355
G1 F783.5 X95.719 Y107.598 E254.22177
G1 F789.5 X95.989 Y107.852 E254.22906
G1 F805.8 X95.999 Y112.408 E254.31679
G1 F812.1 X96.701 Y112.408 E254.33021
G1 F814.3 X96.36 Y112.153 E254.33832
G1 F1500 E247.83832
G0 F12000 X96.507 Y107.562
G0 X123.492 Y107.562
G0 X124.01 Y110.276
G1 F1500 E254.33832
G1 F825.1 X124.004 Y107.853 E254.3839
G1 F799.6 X124.279 Y107.597 E254.39119
G1 F787.5 X123.305 Y107.597 E254.41038
G1 F797.6 X123.636 Y107.851 E254.4185
G1 F810 X123.632 Y112.155 E254.50095
G1 X123.347 Y112.409 E254.50827
G1 X123.997 Y112.408 E254.52072
G1 F822.9 X124.01 Y110.276 E254.56093
G1 F1500 E248.06093
G0 F12000 X123.564 Y112.056
G0 X123.245 Y112.056
;TYPE:WALL-OUTER
G1 F1500 E254.56093
G1 F688.2 X123.096 Y112.249 E254.56643
G1 F619.6 X119.331 Y112.25 E254.66072
G1 F622.1 X119.333 Y112.75 E254.67319
G1 F619.6 X123.139 Y112.748 E254.76851
G1 F688.2 X123.806 Y112.8 E254.7836
G1 F777.6 X124.388 Y112.8 E254.79522
G1 X124.395 Y110.275 E254.8456
G1 X124.388 Y107.954 E254.89192
G1 X124.551 Y107.803 E254.89636
G1 X124.8 Y107.8 E254.90133
G1 X124.8 Y107.2 E254.9133
G1 X123.82 Y107.2 E254.93286
G1 F691.2 X123.052 Y107.25 E254.95014
G1 F619.6 X96.857 Y107.252 E255.60619
G1 F688.2 X96.174 Y107.2 E255.62163
G1 F777.6 X95.2 Y107.2 E255.64107
G1 X95.2 Y107.8 E255.65304
G1 X95.444 Y107.803 E255.65791
G1 X95.598 Y107.948 E255.66213
G1 X95.608 Y112.799 E255.75894
G1 X96.191 Y112.799 E255.77058
G1 F691.2 X96.944 Y112.75 E255.78752
G1 F622.1 X100.666 Y112.75 E255.88036
G1 X100.666 Y112.25 E255.89284
G1 X96.944 Y112.25 E255.98568
G1 F691.2 X96.744 Y112.049 E255.99205
G1 F777.6 X96.75 Y107.948 E256.07389
G1 F688.2 X96.9 Y107.751 E256.07947
G1 F619.6 X123.052 Y107.75 E256.73444
G1 F691.2 X123.252 Y107.954 E256.74086
G1 F777.6 X123.245 Y112.056 E256.82272
G1 F1500 E250.32272
;MESH:NONMESH
G0 F300 X123.245 Y112.056 Z7.56
G0 F12000 X123.564 Y112.056
G0 X123.492 Y107.562
G0 X96.507 Y107.562
G0 X96.338 Y112.155
;TIME_ELAPSED:896.283075
;LAYER:62
;note -- min layer time used
;TYPE:WALL-INNER
;MESH:9VBatteryHolder_v1.stl
G1 F1500 E256.82272
G1 F794.4 X96.335 Y107.852 E256.9043
G1 F776 X96.615 Y107.597 E256.91165
G1 F760.4 X95.708 Y107.598 E256.92961
G1 F770.1 X95.964 Y107.852 E256.93666
G1 F786.1 X95.982 Y112.409 E257.02397
G1 F794.4 X96.679 Y112.409 E257.03718
G1 X96.338 Y112.155 E257.04524
G1 F1500 E250.54524
G0 F12000 X96.483 Y107.562
G0 X123.516 Y107.562
G0 X123.654 Y112.156
G1 F1500 E257.04524
G1 F794.4 X123.368 Y112.411 E257.0525
G1 X124.014 Y112.409 E257.06475
G1 F807.1 X124.022 Y112.134 E257.06989
G1 F802.8 X124.031 Y107.853 E257.15019
G1 F774 X124.29 Y107.598 E257.15726
G1 F760.4 X123.331 Y107.598 E257.17626
G1 F774 X123.661 Y107.852 E257.18436
G1 F790.2 X123.654 Y112.156 E257.26639
G0 F12000 X123.269 Y112.057
;TYPE:WALL-OUTER
G1 F667.9 X123.12 Y112.249 E257.27187
G1 F601.3 X119.398 Y112.25 E257.36508
G1 F603.7 X119.398 Y112.75 E257.37756
G1 F601.3 X123.163 Y112.748 E257.47185
G1 F667.9 X123.825 Y112.799 E257.48682
G1 F754.7 X124.404 Y112.799 E257.49838
G1 X124.415 Y107.955 E257.59504
G1 X124.567 Y107.806 E257.59929
G1 X124.8 Y107.8 E257.60394
G1 X124.8 Y107.2 E257.61592
G1 X123.846 Y107.2 E257.63496
G1 F670.8 X123.076 Y107.25 E257.65228
G1 F601.3 X96.833 Y107.252 E258.30953
G1 F667.9 X96.15 Y107.2 E258.32498
G1 F754.7 X95.2 Y107.2 E258.34394
G1 X95.2 Y107.8 E258.35591
G1 X95.431 Y107.806 E258.36052
G1 X95.574 Y107.948 E258.36454
G1 X95.592 Y112.799 E258.46135
G1 X96.171 Y112.799 E258.47291
G1 F670.8 X96.92 Y112.75 E258.48976
G1 F603.7 X100.598 Y112.75 E258.58151
G1 X100.598 Y112.25 E258.59398
G1 X96.92 Y112.25 E258.68573
G1 F670.8 X96.72 Y112.05 E258.69208
G1 F754.7 X96.726 Y107.948 E258.77394
G1 F667.9 X96.876 Y107.751 E258.77952
G1 F601.3 X123.076 Y107.75 E259.4357
G1 F670.8 X123.277 Y107.955 E259.44214
G1 F754.7 X123.269 Y112.057 E259.524
G1 F1500 E253.024
;MESH:NONMESH
G0 F300 X123.269 Y112.057 Z7.68
G0 F12000 X123.588 Y112.057
G0 X123.516 Y107.562
G0 X96.483 Y107.562
G0 X96.316 Y112.158
;TIME_ELAPSED:910.045568
;LAYER:63
;note -- min layer time used
;TYPE:WALL-INNER
;MESH:9VBatteryHolder_v1.stl
G1 F1500 E259.524
G1 F799.6 X96.313 Y107.85 E259.60503
G1 F783 X96.594 Y107.595 E259.61232
G1 F767.1 X95.698 Y107.596 E259.62988
G1 F774.9 X95.946 Y107.851 E259.63679
G1 F789.1 X95.963 Y112.411 E259.72369
G1 F797.5 X96.657 Y112.411 E259.73678
G1 X96.316 Y112.158 E259.74479
G1 F1500 E253.24479
G0 F12000 X96.46 Y107.562
G0 X123.539 Y107.562
G0 X123.677 Y112.158
G1 F1500 E259.74479
G1 F797.5 X123.391 Y112.412 E259.752
G1 X124.035 Y112.41 E259.76415
G1 F810.4 X124.042 Y112.133 E259.76929
G1 F806 X124.049 Y107.851 E259.84919
G1 F781 X124.3 Y107.596 E259.85608
G1 F767.1 X123.351 Y107.596 E259.87468
G1 F781 X123.683 Y107.85 E259.88273
G1 F793.3 X123.677 Y112.158 E259.96441
G0 F12000 X123.301 Y112.047
;TYPE:WALL-OUTER
G1 F666.9 X123.144 Y112.249 E259.97018
G1 F600.5 X119.462 Y112.25 E260.06239
G1 F602.9 X119.462 Y112.75 E260.07486
G1 F600.5 X123.187 Y112.748 E260.16816
G1 F666.9 X123.847 Y112.799 E260.18308
G1 F753.6 X124.424 Y112.799 E260.1946
G1 X124.431 Y107.954 E260.29129
G1 X124.576 Y107.807 E260.29541
G1 X124.8 Y107.8 E260.29988
G1 X124.8 Y107.2 E260.31185
G1 X123.866 Y107.2 E260.33049
G1 F669.9 X123.1 Y107.25 E260.34772
G1 F600.5 X96.809 Y107.252 E261.00618
G1 F666.9 X96.13 Y107.2 E261.02154
G1 F753.6 X95.2 Y107.2 E261.0401
G1 X95.2 Y107.8 E261.05207
G1 X95.422 Y107.808 E261.0565
G1 X95.558 Y107.947 E261.06038
G1 X95.576 Y112.8 E261.15723
G1 X96.151 Y112.8 E261.16871
G1 F669.9 X96.896 Y112.75 E261.18547
G1 F602.9 X100.534 Y112.75 E261.27622
G1 X100.534 Y112.25 E261.28869
G1 X96.896 Y112.25 E261.37944
G1 F669.9 X96.696 Y112.05 E261.38579
G1 F753.6 X96.702 Y107.947 E261.46767
G1 F666.9 X96.852 Y107.751 E261.47324
G1 F600.5 X123.1 Y107.75 E262.13062
G1 F669.9 X123.301 Y107.954 E262.13704
G1 F753.6 X123.301 Y112.047 E262.21873
G1 F1500 E255.71873
;MESH:NONMESH
G0 F300 X123.301 Y112.047 Z7.8
G0 F12000 X123.611 Y112.047
G0 X123.539 Y107.562
G0 X96.46 Y107.562
G0 X95.926 Y109.433
;TIME_ELAPSED:923.727202
;LAYER:64
;note -- min layer time used
;TYPE:WALL-INNER
;MESH:9VBatteryHolder_v1.stl
G1 F1500 E262.21873
G1 F831.2 X95.932 Y112 E262.26509
G1 F817.7 X95.942 Y112.412 E262.27265
G1 F800.3 X96.635 Y112.412 E262.28565
G1 X96.292 Y112.157 E262.29367
G1 F804.6 X96.292 Y107.847 E262.37409
G1 F787.7 X96.574 Y107.593 E262.38132
G1 F773.5 X95.689 Y107.594 E262.3985
G1 F787.7 X95.933 Y107.849 E262.40522
G1 F813.3 X95.926 Y109.433 E262.43446
G1 F1500 E255.93446
G0 F12000 X96.436 Y107.562
G0 X123.563 Y107.562
G0 X123.699 Y112.161
G1 F1500 E262.43446
G1 F802.4 X123.41 Y112.414 E262.44165
G1 X124.053 Y112.413 E262.45368
G1 F815.5 X124.06 Y112.133 E262.45884
G1 F813.3 X124.067 Y107.848 E262.53793
G1 F785.7 X124.309 Y107.595 E262.54462
G1 F771.5 X123.374 Y107.595 E262.56282
G1 F785.7 X123.705 Y107.846 E262.57075
G1 F800.3 X123.699 Y112.161 E262.6517
G0 F12000 X123.316 Y112.059
;TYPE:WALL-OUTER
G1 F665.7 X123.168 Y112.249 E262.65713
G1 F599.4 X119.506 Y112.25 E262.74884
G1 F601.8 X119.506 Y112.75 E262.76132
G1 F599.4 X123.211 Y112.748 E262.85411
G1 F665.7 X123.866 Y112.8 E262.86892
G1 F752.3 X124.44 Y112.8 E262.88038
G1 X124.447 Y107.954 E262.97709
G1 X124.585 Y107.81 E262.98107
G1 X124.8 Y107.8 E262.98536
G1 X124.8 Y107.2 E262.99734
G1 X123.886 Y107.2 E263.01558
G1 F668.7 X123.124 Y107.25 E263.03272
G1 F599.4 X96.785 Y107.252 E263.69238
G1 F665.7 X96.112 Y107.2 E263.7076
G1 F752.3 X95.2 Y107.2 E263.7258
G1 X95.2 Y107.8 E263.73777
G1 X95.415 Y107.81 E263.74207
G1 X95.552 Y107.954 E263.74603
G1 X95.544 Y109.434 E263.77557
G1 X95.556 Y112.8 E263.84274
G1 X96.129 Y112.8 E263.85418
G1 F668.7 X96.872 Y112.75 E263.8709
G1 F601.8 X100.49 Y112.75 E263.96115
G1 X100.49 Y112.25 E263.97362
G1 X96.872 Y112.25 E264.06387
G1 F668.7 X96.672 Y112.05 E264.07022
G1 F752.3 X96.672 Y107.955 E264.15194
G1 F665.7 X96.828 Y107.751 E264.15773
G1 F599.4 X123.124 Y107.75 E264.81631
G1 F668.7 X123.325 Y107.954 E264.82274
G1 F752.3 X123.316 Y112.059 E264.90466
G1 F1500 E258.40466
;MESH:NONMESH
G0 F300 X123.316 Y112.059 Z7.92
G0 F12000 X123.635 Y112.059
G0 X123.563 Y107.562
G0 X96.436 Y107.562
G0 X95.911 Y110.216
;TIME_ELAPSED:937.351924
;LAYER:65
;note -- min layer time used
;TYPE:WALL-INNER
;MESH:9VBatteryHolder_v1.stl
G1 F1500 E264.90466
G1 F824.3 X95.925 Y112.414 E264.94469
G1 F808.8 X96.614 Y112.414 E264.95748
G1 F811 X96.271 Y112.162 E264.96535
G1 F813.2 X96.271 Y107.842 E265.0451
G1 F800.2 X96.553 Y107.591 E265.05218
G1 F783.5 X95.68 Y107.592 E265.0689
G1 F796 X95.917 Y107.844 E265.07543
G1 F826.6 X95.911 Y110.216 E265.1185
G1 F1500 E258.6185
G0 F12000 X96.412 Y107.562
G0 X123.587 Y107.562
G0 X123.721 Y112.164
G1 F1500 E265.1185
G1 F808.8 X123.433 Y112.415 E265.12559
G1 X124.071 Y112.414 E265.13743
G1 F822.1 X124.079 Y112.133 E265.14257
G1 X124.082 Y107.845 E265.22087
G1 F793.9 X124.317 Y107.593 E265.22738
G1 F779.5 X123.394 Y107.593 E265.24516
G1 F793.9 X123.726 Y107.843 E265.25301
G1 F808.8 X123.721 Y112.164 E265.33321
G0 F12000 X123.34 Y112.06
;TYPE:WALL-OUTER
G1 F665.6 X123.192 Y112.249 E265.33862
G1 F599.3 X119.542 Y112.25 E265.43004
G1 F601.7 X119.542 Y112.75 E265.44251
G1 F599.3 X123.235 Y112.748 E265.535
G1 F665.6 X123.886 Y112.8 E265.54973
G1 F752.2 X124.456 Y112.8 E265.5611
G1 X124.46 Y107.952 E265.65785
G1 X124.592 Y107.811 E265.6617
G1 X124.8 Y107.8 E265.66586
G1 X124.8 Y107.2 E265.67783
G1 X123.904 Y107.2 E265.69571
G1 F668.6 X123.148 Y107.25 E265.71272
G1 F599.3 X96.761 Y107.252 E266.37358
G1 F665.6 X96.094 Y107.2 E266.38867
G1 F752.2 X95.2 Y107.2 E266.40651
G1 X95.2 Y107.8 E266.41848
G1 X95.408 Y107.812 E266.42264
G1 X95.54 Y107.952 E266.42648
G1 X95.532 Y110.217 E266.47168
G1 X95.54 Y112.8 E266.52323
G1 X96.11 Y112.8 E266.5346
G1 F668.6 X96.848 Y112.75 E266.55121
G1 F601.7 X100.454 Y112.75 E266.64116
G1 X100.454 Y112.25 E266.65363
G1 X96.848 Y112.25 E266.74359
G1 F668.6 X96.648 Y112.052 E266.74991
G1 F752.2 X96.648 Y107.953 E266.83171
G1 F665.6 X96.804 Y107.751 E266.83746
G1 F599.3 X123.148 Y107.75 E267.49724
G1 F668.6 X123.348 Y107.952 E267.50362
G1 F752.2 X123.34 Y112.06 E267.5856
G1 F1500 E261.0856
;MESH:NONMESH
G0 F300 X123.34 Y112.06 Z8.04
G0 F12000 X123.659 Y112.06
G0 X123.587 Y107.562
G0 X96.412 Y107.562
G0 X96.248 Y112.162
;TIME_ELAPSED:951.030851
;LAYER:66
;note -- min layer time used
;TYPE:WALL-INNER
;MESH:9VBatteryHolder_v1.stl
G1 F1500 E267.5856
G1 F820.2 X96.25 Y107.84 E267.66474
G1 F807 X96.532 Y107.589 E267.67176
G1 F792.1 X95.672 Y107.59 E267.68807
G1 F807 X95.902 Y107.842 E267.69442
G1 F836.1 X95.894 Y112 E267.7691
G1 F831.5 X95.905 Y112.415 E267.7766
G1 F813.5 X96.592 Y112.415 E267.78928
G1 F815.7 X96.248 Y112.162 E267.79714
G1 F1500 E261.29714
G0 F12000 X96.388 Y107.562
G0 X123.611 Y107.562
G0 X123.744 Y112.164
G1 F1500 E267.79714
G1 F813.5 X123.455 Y112.416 E267.80422
G1 X124.091 Y112.415 E267.81596
G1 F826.9 X124.099 Y112.132 E267.8211
G1 F829.2 X124.097 Y107.843 E267.89877
G1 F802.7 X124.328 Y107.59 E267.90518
G1 F790 X123.413 Y107.59 E267.92257
G1 F802.7 X123.747 Y107.84 E267.93038
G1 F815.7 X123.744 Y112.164 E268.00998
G0 F12000 X123.37 Y112.051
;TYPE:WALL-OUTER
G1 F665.9 X123.216 Y112.249 E268.01564
G1 F599.6 X119.579 Y112.25 E268.10673
G1 F602 X119.581 Y112.75 E268.1192
G1 F599.6 X123.259 Y112.748 E268.21131
G1 F665.9 X123.907 Y112.8 E268.22597
G1 F752.5 X124.476 Y112.8 E268.23733
G1 X124.472 Y107.951 E268.3341
G1 X124.598 Y107.813 E268.33783
G1 X124.8 Y107.8 E268.34186
G1 X124.8 Y107.2 E268.35384
G1 X123.922 Y107.2 E268.37136
G1 F668.9 X123.172 Y107.25 E268.38823
G1 F599.6 X96.737 Y107.252 E269.0503
G1 F665.9 X96.076 Y107.2 E269.06525
G1 F752.5 X95.2 Y107.2 E269.08273
G1 X95.2 Y107.8 E269.0947
G1 X95.402 Y107.813 E269.09874
G1 X95.528 Y107.952 E269.10249
G1 X95.516 Y111.001 E269.16333
G1 X95.52 Y112.8 E269.19923
G1 X96.089 Y112.8 E269.21059
G1 F668.9 X96.824 Y112.75 E269.22713
G1 F602 X100.418 Y112.75 E269.31678
G1 X100.418 Y112.25 E269.32925
G1 X96.824 Y112.25 E269.41891
G1 F668.9 X96.624 Y112.051 E269.42524
G1 F752.5 X96.624 Y107.953 E269.50702
G1 F665.9 X96.78 Y107.751 E269.51278
G1 F599.6 X123.172 Y107.75 E270.17376
G1 F668.9 X123.372 Y107.95 E270.18011
G1 F752.5 X123.37 Y112.051 E270.26195
G1 F1500 E263.76195
;MESH:NONMESH
G0 F300 X123.37 Y112.051 Z8.16
G0 F12000 X123.683 Y112.051
G0 X123.611 Y107.562
G0 X96.388 Y107.562
G0 X96.231 Y112.161
;TIME_ELAPSED:964.733472
;LAYER:67
;note -- min layer time used
;TYPE:WALL-INNER
;MESH:9VBatteryHolder_v1.stl
G1 F1500 E270.26195
G1 F819.7 X96.235 Y107.838 E270.3411
G1 F808.7 X96.518 Y107.588 E270.34811
G1 F795.8 X95.665 Y107.589 E270.3642
G1 F804.4 X95.889 Y107.84 E270.37048
G1 F824.2 X95.879 Y112.133 E270.44865
G1 F821.9 X95.887 Y112.415 E270.4538
G1 F810.9 X96.577 Y112.415 E270.46657
G1 F813 X96.231 Y112.161 E270.4745
G1 F1500 E263.9745
G0 F12000 X96.37 Y107.562
G0 X123.629 Y107.562
G0 X124.118 Y112
G1 F1500 E270.4745
G1 F835.6 X124.11 Y107.842 E270.54918
G1 F806.5 X124.334 Y107.59 E270.55545
G1 F791.7 X123.429 Y107.59 E270.57261
G1 F804.4 X123.762 Y107.839 E270.58037
G1 F813 X123.76 Y112.163 E270.66018
G1 X123.471 Y112.416 E270.66727
G1 F810.9 X124.11 Y112.415 E270.6791
G1 F831 X124.118 Y112 E270.6866
G0 F12000 X123.386 Y112.051
;TYPE:WALL-OUTER
G1 F665.5 X123.232 Y112.249 E270.69226
G1 F599.3 X119.615 Y112.25 E270.78284
G1 F601.7 X119.617 Y112.75 E270.79532
G1 F599.3 X123.275 Y112.748 E270.88693
G1 F665.5 X123.924 Y112.8 E270.90161
G1 F752.1 X124.495 Y112.8 E270.91301
G1 X124.484 Y107.952 E271.00975
G1 X124.605 Y107.816 E271.01339
G1 X124.8 Y107.8 E271.01729
G1 X124.8 Y107.2 E271.02926
G1 X123.936 Y107.2 E271.04651
G1 F668.5 X123.188 Y107.25 E271.06334
G1 F599.3 X96.721 Y107.252 E271.7262
G1 F665.5 X96.062 Y107.2 E271.74111
G1 F752.1 X95.2 Y107.2 E271.75831
G1 X95.2 Y107.8 E271.77028
G1 X95.395 Y107.816 E271.77419
G1 X95.516 Y107.951 E271.77781
G1 X95.504 Y112.8 E271.87457
G1 X96.072 Y112.8 E271.88591
G1 F668.5 X96.808 Y112.75 E271.90247
G1 F601.7 X100.382 Y112.75 E271.99162
G1 X100.382 Y112.25 E272.0041
G1 X96.808 Y112.25 E272.09325
G1 F668.5 X96.608 Y112.051 E272.09958
G1 F752.1 X96.608 Y107.952 E272.18138
G1 F665.5 X96.764 Y107.751 E272.18712
G1 F599.3 X123.188 Y107.75 E272.84891
G1 F668.5 X123.388 Y107.951 E272.85527
G1 F752.1 X123.386 Y112.051 E272.93709
G1 F1500 E266.43709
;MESH:NONMESH
G0 F300 X123.386 Y112.051 Z8.28
G0 F12000 X123.701 Y112.051
G0 X123.629 Y107.562
G0 X96.37 Y107.562
G0 X96.223 Y112.162
;TIME_ELAPSED:978.453110
;LAYER:68
;note -- min layer time used
;TYPE:WALL-INNER
;MESH:9VBatteryHolder_v1.stl
G1 F1500 E272.93709
G1 F814.3 X96.225 Y107.841 E273.01664
G1 F803.4 X96.508 Y107.589 E273.02371
G1 F788.7 X95.657 Y107.59 E273.03989
G1 F794.9 X95.875 Y107.843 E273.04618
G1 F803.4 X95.876 Y112.414 E273.13147
G1 F807.7 X96.566 Y112.414 E273.14428
G1 F809.9 X96.223 Y112.162 E273.15216
G1 F1500 E266.65216
G0 F12000 X96.362 Y107.562
G0 X123.637 Y107.562
G0 X124.132 Y112
G1 F1500 E273.15216
G1 F825.5 X124.124 Y107.846 E273.2276
G1 F799.1 X124.34 Y107.591 E273.23386
G1 F784.5 X123.438 Y107.591 E273.2511
G1 F794.9 X123.772 Y107.842 E273.25898
G1 F807.7 X123.77 Y112.161 E273.33914
G1 F803.4 X123.482 Y112.414 E273.34629
G1 F801.3 X124.124 Y112.413 E273.3583
G1 F821 X124.132 Y112 E273.36584
G0 F12000 X123.394 Y112.05
;TYPE:WALL-OUTER
G1 F664.8 X123.24 Y112.249 E273.37152
G1 F598.6 X119.651 Y112.25 E273.4614
G1 F601 X119.653 Y112.75 E273.47388
G1 F598.6 X123.283 Y112.748 E273.56479
G1 F664.8 X123.936 Y112.8 E273.57956
G1 F751.2 X124.511 Y112.8 E273.59104
G1 X124.5 Y107.952 E273.68778
G1 X124.614 Y107.819 E273.69128
G1 X124.8 Y107.8 E273.69501
G1 X124.8 Y107.2 E273.70698
G1 X123.948 Y107.2 E273.72399
G1 F667.7 X123.196 Y107.25 E273.74091
G1 F598.6 X96.713 Y107.252 E274.40417
G1 F664.8 X96.05 Y107.2 E274.41917
G1 F751.2 X95.2 Y107.2 E274.43613
G1 X95.2 Y107.8 E274.4481
G1 X95.386 Y107.819 E274.45183
G1 X95.5 Y107.951 E274.45531
G1 X95.489 Y112.8 E274.55208
G1 X96.062 Y112.8 E274.56352
G1 F667.7 X96.8 Y112.75 E274.58012
G1 F601 X100.346 Y112.75 E274.66858
G1 X100.346 Y112.25 E274.68105
G1 X96.8 Y112.25 E274.76951
G1 F667.7 X96.608 Y112.06 E274.77557
G1 F751.2 X96.6 Y107.952 E274.85755
G1 F664.8 X96.756 Y107.751 E274.86329
G1 F598.6 X123.196 Y107.75 E275.52547
G1 F667.7 X123.396 Y107.951 E275.53184
G1 F751.2 X123.394 Y112.05 E275.61364
G1 F1500 E269.11364
;MESH:NONMESH
G0 F300 X123.394 Y112.05 Z8.4
G0 F12000 X123.709 Y112.05
G0 X123.637 Y107.562
G0 X96.362 Y107.562
G0 X96.218 Y112.163
;TIME_ELAPSED:992.188882
;LAYER:69
;note -- min layer time used
;TYPE:WALL-INNER
;MESH:9VBatteryHolder_v1.stl
G1 F1500 E275.61364
G1 F802.5 X96.215 Y107.842 E275.69427
G1 F791.9 X96.497 Y107.591 E275.7014
G1 F781.6 X95.654 Y107.592 E275.71755
G1 F785.7 X95.861 Y107.844 E275.72377
G1 F796.1 X95.863 Y112.413 E275.80971
G1 F800.4 X96.557 Y112.413 E275.82269
G1 F802.5 X96.218 Y112.163 E275.83055
G1 F1500 E269.33055
G0 F12000 X96.355 Y107.562
G0 X123.644 Y107.562
G0 X124.14 Y112
G1 F1500 E275.83055
G1 F824.5 X124.135 Y107.845 E275.906
G1 F794 X124.344 Y107.592 E275.91219
G1 F781.6 X123.449 Y107.592 E275.92934
G1 F794 X123.781 Y107.841 E275.93717
G1 F806.8 X123.783 Y112.157 E276.01727
G1 F804.6 X123.491 Y112.414 E276.02451
G1 F802.5 X124.132 Y112.413 E276.03647
G1 F820 X124.14 Y112 E276.04401
G0 F12000 X123.396 Y112.059
;TYPE:WALL-OUTER
G1 F664 X123.248 Y112.249 E276.04944
G1 F597.9 X119.683 Y112.25 E276.13872
G1 F600.3 X119.685 Y112.75 E276.1512
G1 F597.9 X123.291 Y112.748 E276.24151
G1 F664 X123.945 Y112.8 E276.2563
G1 F750.3 X124.519 Y112.8 E276.26776
G1 X124.512 Y107.953 E276.36449
G1 X124.62 Y107.821 E276.36789
G1 X124.8 Y107.8 E276.37151
G1 X124.8 Y107.2 E276.38348
G1 X123.958 Y107.2 E276.40028
G1 F667 X123.204 Y107.25 E276.41725
G1 F597.9 X96.705 Y107.252 E277.08091
G1 F664 X96.038 Y107.2 E277.096
G1 F750.3 X95.2 Y107.2 E277.11272
G1 X95.2 Y107.8 E277.12469
G1 X95.377 Y107.822 E277.12825
G1 X95.484 Y107.953 E277.13163
G1 X95.476 Y112.8 E277.22836
G1 X96.051 Y112.8 E277.23983
G1 F667 X96.792 Y112.75 E277.25651
G1 F600.3 X100.314 Y112.75 E277.34436
G1 X100.314 Y112.25 E277.35683
G1 X96.792 Y112.25 E277.44469
G1 F667 X96.6 Y112.059 E277.45077
G1 F750.3 X96.592 Y107.953 E277.53271
G1 F664 X96.748 Y107.751 E277.53847
G1 F597.9 X123.204 Y107.75 E278.20105
G1 F667 X123.404 Y107.951 E278.20742
G1 F750.3 X123.396 Y112.059 E278.2894
G1 F1500 E271.7894
;MESH:NONMESH
G0 F300 X123.396 Y112.059 Z8.52
G0 F12000 X123.716 Y112.059
G0 X123.644 Y107.562
G0 X96.355 Y107.562
G0 X96.206 Y112.162
;TIME_ELAPSED:1005.933085
;LAYER:70
;note -- min layer time used
;TYPE:WALL-INNER
;MESH:9VBatteryHolder_v1.stl
G1 F1500 E278.2894
G1 F808.6 X96.206 Y107.844 E278.36932
G1 F793.6 X96.487 Y107.592 E278.37644
G1 F777.2 X95.649 Y107.593 E278.39258
G1 F789.4 X95.85 Y107.847 E278.39872
G1 F815.2 X95.852 Y112.133 E278.47741
G1 X95.861 Y112.414 E278.48257
G1 F806.4 X96.55 Y112.414 E278.49536
G1 X96.206 Y112.162 E278.50327
G1 F1500 E272.00327
G0 F12000 X96.347 Y107.562
G0 X123.652 Y107.562
G0 X124.149 Y112
G1 F1500 E278.50327
G1 F824.1 X124.146 Y107.847 E278.57869
G1 F793.6 X124.348 Y107.593 E278.58481
G1 F777.2 X123.458 Y107.593 E278.60195
G1 F789.4 X123.79 Y107.843 E278.60983
G1 F804.2 X123.786 Y112.161 E278.69018
G1 F802.1 X123.499 Y112.414 E278.69732
G1 X124.138 Y112.413 E278.70924
G1 F819.6 X124.149 Y112 E278.71679
G0 F12000 X123.404 Y112.059
;TYPE:WALL-OUTER
G1 F663.7 X123.256 Y112.249 E278.72222
G1 F597.6 X119.695 Y112.25 E278.8114
G1 F600 X119.697 Y112.75 E278.82388
G1 F597.6 X123.299 Y112.748 E278.91409
G1 F663.7 X123.952 Y112.8 E278.92886
G1 F750 X124.524 Y112.8 E278.94028
G1 X124.531 Y110.451 E278.98715
G1 X124.524 Y107.954 E279.03698
G1 X124.627 Y107.824 E279.04029
G1 X124.8 Y107.8 E279.04378
G1 X124.8 Y107.2 E279.05575
G1 X123.968 Y107.2 E279.07236
G1 F666.6 X123.212 Y107.25 E279.08937
G1 F597.6 X96.697 Y107.252 E279.75343
G1 F663.7 X96.028 Y107.2 E279.76856
G1 F750 X95.2 Y107.2 E279.78509
G1 X95.2 Y107.8 E279.79706
G1 X95.37 Y107.825 E279.80049
G1 X95.472 Y107.954 E279.80377
G1 X95.468 Y110.456 E279.8537
G1 X95.476 Y112.8 E279.90048
G1 X96.046 Y112.8 E279.91185
G1 F666.6 X96.784 Y112.75 E279.92846
G1 F600 X100.302 Y112.75 E280.01622
G1 X100.302 Y112.25 E280.02869
G1 X96.784 Y112.25 E280.11645
G1 F666.6 X96.584 Y112.052 E280.12276
G1 F750 X96.584 Y107.954 E280.20454
G1 F663.7 X96.74 Y107.751 E280.21032
G1 F597.6 X123.212 Y107.75 E280.87331
G1 F666.6 X123.412 Y107.952 E280.87969
G1 F750 X123.404 Y112.059 E280.96165
G1 F1500 E274.46165
;MESH:NONMESH
G0 F300 X123.404 Y112.059 Z8.64
G0 F12000 X123.724 Y112.059
G0 X123.652 Y107.562
G0 X96.347 Y107.562
G0 X96.2 Y112.163
;TIME_ELAPSED:1019.668369
;LAYER:71
;note -- min layer time used
;TYPE:WALL-INNER
;MESH:9VBatteryHolder_v1.stl
G1 F1500 E280.96165
G1 F810.4 X96.197 Y107.845 E281.04135
G1 F793.2 X96.479 Y107.592 E281.0485
G1 F774.8 X95.644 Y107.593 E281.06462
G1 F789.1 X95.839 Y107.848 E281.07071
G1 F819.3 X95.849 Y112.133 E281.14895
G1 F821.5 X95.857 Y112.415 E281.15409
G1 F810.4 X96.544 Y112.415 E281.16677
G1 X96.2 Y112.163 E281.17464
G1 F1500 E274.67464
G0 F12000 X96.339 Y107.562
G0 X123.66 Y107.562
G0 X123.792 Y112.164
G1 F1500 E281.17464
G1 F810.4 X123.503 Y112.416 E281.18172
G1 X124.139 Y112.415 E281.19346
G1 F823.8 X124.148 Y112.132 E281.1986
G1 X124.157 Y107.848 E281.2764
G1 F789.1 X124.354 Y107.593 E281.28251
G1 F774.8 X123.466 Y107.593 E281.29965
G1 F789.1 X123.799 Y107.844 E281.30756
G1 F806 X123.792 Y112.164 E281.38773
G0 F12000 X123.418 Y112.051
;TYPE:WALL-OUTER
G1 F663.4 X123.264 Y112.249 E281.39339
G1 F597.3 X119.707 Y112.25 E281.48248
G1 F599.7 X119.709 Y112.75 E281.49495
G1 F597.3 X123.307 Y112.748 E281.58506
G1 F663.4 X123.955 Y112.8 E281.59972
G1 F749.6 X124.524 Y112.8 E281.61107
G1 X124.535 Y107.955 E281.70776
G1 X124.634 Y107.827 E281.71099
G1 X124.8 Y107.8 E281.71435
G1 X124.8 Y107.2 E281.72632
G1 X123.978 Y107.2 E281.74272
G1 F666.3 X123.22 Y107.25 E281.75978
G1 F597.3 X96.689 Y107.252 E282.42424
G1 F663.4 X96.018 Y107.2 E282.43942
G1 F749.6 X95.2 Y107.2 E282.45575
G1 X95.2 Y107.8 E282.46772
G1 X95.364 Y107.828 E282.47104
G1 X95.46 Y107.954 E282.4742
G1 X95.472 Y112.8 E282.57091
G1 X96.041 Y112.8 E282.58226
G1 F666.3 X96.776 Y112.75 E282.5988
G1 F599.7 X100.29 Y112.75 E282.68646
G1 X100.29 Y112.25 E282.69893
G1 X96.776 Y112.25 E282.78659
G1 F666.3 X96.576 Y112.051 E282.79292
G1 F749.6 X96.576 Y107.954 E282.87468
G1 F663.4 X96.732 Y107.751 E282.88046
G1 F597.3 X123.22 Y107.75 E283.54385
G1 F666.3 X123.421 Y107.953 E283.55026
G1 F749.6 X123.418 Y112.051 E283.63204
G1 F1500 E277.13204
;MESH:NONMESH
G0 F300 X123.418 Y112.051 Z8.76
G0 F12000 X123.732 Y112.051
G0 X123.66 Y107.562
G0 X96.339 Y107.562
G0 X96.199 Y112.169
;TIME_ELAPSED:1033.385072
;LAYER:72
;note -- min layer time used
;TYPE:WALL-INNER
;MESH:9VBatteryHolder_v1.stl
G1 F1500 E283.63204
G1 F812.5 X96.191 Y107.843 E283.71168
G1 F795.2 X96.473 Y107.591 E283.71879
G1 F780.7 X95.642 Y107.592 E283.73471
G1 F788.9 X95.836 Y107.844 E283.74074
G1 F808.1 X95.854 Y112.417 E283.82538
G1 F816.9 X96.54 Y112.417 E283.83794
G1 F814.7 X96.199 Y112.169 E283.84569
G1 F1500 E277.34569
G0 F12000 X96.331 Y107.562
G0 X123.668 Y107.562
G0 X123.799 Y112.165
G1 F1500 E283.84569
G1 F814.7 X123.51 Y112.417 E283.85273
G1 X124.144 Y112.415 E283.86437
G1 F828.2 X124.153 Y112.131 E283.8695
G1 X124.162 Y107.847 E283.94687
G1 F793.1 X124.356 Y107.593 E283.9529
G1 F776.7 X123.474 Y107.593 E283.96988
G1 F793.1 X123.806 Y107.843 E283.97772
G1 F810.3 X123.799 Y112.165 E284.0575
G0 F12000 X123.426 Y112.052
;TYPE:WALL-OUTER
G1 F663.3 X123.272 Y112.249 E284.06314
G1 F597.2 X119.718 Y112.25 E284.15215
G1 F599.6 X119.718 Y112.75 E284.16462
G1 F597.2 X123.315 Y112.748 E284.25471
G1 F663.3 X123.961 Y112.799 E284.26932
G1 F749.5 X124.528 Y112.799 E284.28063
G1 X124.539 Y107.955 E284.3773
G1 X124.636 Y107.828 E284.38049
G1 X124.8 Y107.8 E284.38381
G1 X124.8 Y107.2 E284.39579
G1 X123.984 Y107.2 E284.41207
G1 F666.2 X123.228 Y107.25 E284.42908
G1 F597.2 X96.681 Y107.252 E285.09395
G1 F663.3 X96.014 Y107.2 E285.10903
G1 F749.5 X95.2 Y107.2 E285.12528
G1 X95.2 Y107.8 E285.13725
G1 X95.364 Y107.828 E285.14057
G1 X95.46 Y107.953 E285.14372
G1 X95.472 Y112.8 E285.24044
G1 X96.037 Y112.8 E285.25172
G1 F666.2 X96.768 Y112.75 E285.26817
G1 F599.6 X100.278 Y112.75 E285.35573
G1 X100.278 Y112.25 E285.3682
G1 X96.768 Y112.25 E285.45576
G1 F666.2 X96.568 Y112.052 E285.46207
G1 F749.5 X96.568 Y107.953 E285.54387
G1 F663.3 X96.724 Y107.751 E285.54963
G1 F597.2 X123.228 Y107.75 E286.21342
G1 F666.2 X123.429 Y107.953 E286.21983
G1 F749.5 X123.426 Y112.052 E286.30163
G1 F1500 E279.80163
;MESH:NONMESH
G0 F300 X123.426 Y112.052 Z8.88
G0 F12000 X123.74 Y112.052
G0 X123.668 Y107.562
G0 X96.331 Y107.562
G0 X96.192 Y112.169
;TIME_ELAPSED:1047.101414
;LAYER:73
;note -- min layer time used
;TYPE:WALL-INNER
;MESH:9VBatteryHolder_v1.stl
G1 F1500 E286.30163
G1 F819.2 X96.185 Y107.841 E286.38066
G1 F801.7 X96.468 Y107.589 E286.38773
G1 F787 X95.639 Y107.59 E286.40349
G1 F801.7 X95.835 Y107.844 E286.40948
G1 F832.9 X95.842 Y112.13 E286.48645
G1 F835.2 X95.85 Y112.418 E286.49161
G1 F821.5 X96.534 Y112.418 E286.50407
G1 F819.2 X96.192 Y112.169 E286.51179
G1 F1500 E280.01179
G0 F12000 X96.323 Y107.562
G0 X123.676 Y107.562
G0 X123.806 Y112.166
G1 F1500 E286.51179
G1 F819.2 X123.516 Y112.418 E286.51881
G1 X124.149 Y112.416 E286.53037
G1 F835.2 X124.156 Y112.13 E286.53549
G1 X124.161 Y107.844 E286.61226
G1 F801.7 X124.359 Y107.59 E286.61827
G1 F787 X123.477 Y107.59 E286.63503
G1 F801.7 X123.811 Y107.84 E286.64282
G1 F819.2 X123.806 Y112.166 E286.72181
G0 F12000 X123.434 Y112.052
;TYPE:WALL-OUTER
G1 F663.4 X123.28 Y112.249 E286.72745
G1 F597.3 X119.73 Y112.25 E286.81636
G1 F599.7 X119.73 Y112.75 E286.82883
G1 F597.3 X123.323 Y112.748 E286.91882
G1 F663.4 X123.966 Y112.799 E286.93336
G1 F749.6 X124.532 Y112.799 E286.94466
G1 X124.535 Y107.953 E287.04136
G1 X124.634 Y107.827 E287.04456
G1 X124.8 Y107.8 E287.04792
G1 X124.8 Y107.2 E287.05989
G1 X123.986 Y107.2 E287.07613
G1 F666.3 X123.236 Y107.25 E287.09301
G1 F597.3 X96.673 Y107.252 E287.75828
G1 F663.4 X96.01 Y107.2 E287.77327
G1 F749.6 X95.2 Y107.2 E287.78944
G1 X95.2 Y107.8 E287.80141
G1 X95.364 Y107.828 E287.80473
G1 X95.46 Y107.952 E287.80786
G1 X95.468 Y112.8 E287.90461
G1 X96.032 Y112.8 E287.91586
G1 F666.3 X96.76 Y112.75 E287.93225
G1 F599.7 X100.266 Y112.75 E288.0197
G1 X100.266 Y112.25 E288.03218
G1 X96.76 Y112.25 E288.11963
G1 F666.3 X96.562 Y112.055 E288.12587
G1 F749.6 X96.56 Y107.952 E288.20775
G1 F663.4 X96.716 Y107.751 E288.21349
G1 F597.3 X123.236 Y107.75 E288.87768
G1 F666.3 X123.437 Y107.951 E288.88406
G1 F749.6 X123.434 Y112.052 E288.9659
G1 F1500 E282.4659
;MESH:NONMESH
G0 F300 X123.434 Y112.052 Z9
G0 F12000 X123.748 Y112.052
G0 X123.676 Y107.562
G0 X96.323 Y107.562
G0 X96.185 Y112.17
;TIME_ELAPSED:1060.797613
;LAYER:74
;note -- min layer time used
;TYPE:WALL-INNER
;MESH:9VBatteryHolder_v1.stl
G1 F1500 E288.9659
G1 F823.6 X96.179 Y107.838 E289.04457
G1 F805.9 X96.462 Y107.588 E289.05158
G1 F793.1 X95.637 Y107.589 E289.06714
G1 F805.9 X95.833 Y107.841 E289.07306
G1 F837.5 X95.837 Y112.131 E289.14969
G1 X95.845 Y112.418 E289.15481
G1 F825.9 X96.528 Y112.418 E289.16718
G1 F823.6 X96.185 Y112.17 E289.17487
G1 F1500 E282.67487
G0 F12000 X96.315 Y107.562
G0 X123.684 Y107.562
G0 X123.812 Y112.168
G1 F1500 E289.17487
G1 F823.6 X123.521 Y112.419 E289.18185
G1 X124.151 Y112.418 E289.19329
G1 F842.2 X124.16 Y112.131 E289.19839
G1 X124.163 Y107.841 E289.27458
G1 F810.3 X124.36 Y107.589 E289.28049
G1 F793.1 X123.483 Y107.589 E289.29703
G1 F810.3 X123.817 Y107.837 E289.30471
G1 F825.9 X123.812 Y112.168 E289.38314
G0 F12000 X123.442 Y112.053
;TYPE:WALL-OUTER
G1 F663.3 X123.288 Y112.249 E289.38876
G1 F597.2 X119.742 Y112.25 E289.47757
G1 F599.6 X119.742 Y112.75 E289.49004
G1 F597.2 X123.331 Y112.748 E289.57993
G1 F663.3 X123.97 Y112.8 E289.59439
G1 F749.5 X124.532 Y112.8 E289.6056
G1 X124.536 Y107.952 E289.70235
G1 X124.634 Y107.827 E289.70552
G1 X124.8 Y107.8 E289.70888
G1 X124.8 Y107.2 E289.72085
G1 X123.99 Y107.2 E289.73701
G1 F666.2 X123.244 Y107.25 E289.7538
G1 F597.2 X96.665 Y107.252 E290.41947
G1 F663.3 X96.006 Y107.2 E290.43437
G1 F749.5 X95.2 Y107.2 E290.45046
G1 X95.2 Y107.8 E290.46243
G1 X95.364 Y107.828 E290.46575
G1 X95.46 Y107.952 E290.46888
G1 X95.464 Y112.799 E290.56561
G1 X96.026 Y112.799 E290.57682
G1 F666.2 X96.752 Y112.75 E290.59316
G1 F599.6 X100.254 Y112.75 E290.68052
G1 X100.254 Y112.25 E290.69299
G1 X96.752 Y112.25 E290.78035
G1 F666.2 X96.552 Y112.053 E290.78665
G1 F749.5 X96.552 Y107.952 E290.86849
G1 F663.3 X96.708 Y107.751 E290.87423
G1 F597.2 X123.244 Y107.75 E291.53882
G1 F666.2 X123.444 Y107.95 E291.54517
G1 F749.5 X123.442 Y112.053 E291.62705
G1 F1500 E285.12705
;MESH:NONMESH
G0 F300 X123.442 Y112.053 Z9.12
G0 F12000 X123.756 Y112.053
G0 X123.684 Y107.562
G0 X96.315 Y107.562
G0 X95.829 Y110.908
;TIME_ELAPSED:1074.455035
;LAYER:75
;note -- min layer time used
;TYPE:WALL-INNER
;MESH:9VBatteryHolder_v1.stl
G1 F1500 E291.62705
G1 F861.3 X95.835 Y112.132 E291.6483
G1 F842 X95.844 Y112.419 E291.6534
G1 F828 X96.524 Y112.419 E291.66568
G1 F830.3 X96.176 Y112.168 E291.67341
G1 F832.6 X96.177 Y107.836 E291.75121
G1 F816.7 X96.462 Y107.586 E291.75816
G1 F799.3 X95.636 Y107.587 E291.77361
G1 F814.5 X95.835 Y107.84 E291.77952
G1 F849.1 X95.829 Y110.908 E291.83355
G1 F1500 E285.33355
G0 F12000 X96.312 Y107.562
G0 X123.688 Y107.562
G0 X123.816 Y112.167
G1 F1500 E291.83355
G1 F828 X123.524 Y112.42 E291.84053
G1 F825.7 X124.155 Y112.418 E291.85196
G1 F842 X124.163 Y112.13 E291.85707
G1 X124.161 Y107.839 E291.93328
G1 F814.5 X124.362 Y107.587 E291.9392
G1 F799.3 X123.483 Y107.587 E291.95565
G1 F814.5 X123.819 Y107.835 E291.96331
G1 F828 X123.816 Y112.167 E292.04155
G0 F12000 X123.446 Y112.053
;TYPE:WALL-OUTER
G1 F663.1 X123.292 Y112.249 E292.04717
G1 F597.1 X119.75 Y112.25 E292.13588
G1 F599.5 X119.75 Y112.75 E292.14835
G1 F597.1 X123.335 Y112.748 E292.23814
G1 F663.1 X123.974 Y112.799 E292.2526
G1 F749.4 X124.536 Y112.799 E292.26381
G1 X124.532 Y107.951 E292.36056
G1 X124.632 Y107.826 E292.36375
G1 X124.8 Y107.8 E292.36715
G1 X124.8 Y107.2 E292.37912
G1 X123.99 Y107.2 E292.39528
G1 F666.1 X123.248 Y107.25 E292.41198
G1 F597.1 X96.661 Y107.252 E293.07785
G1 F663.1 X96.006 Y107.2 E293.09266
G1 F749.4 X95.2 Y107.2 E293.10875
G1 X95.2 Y107.8 E293.12072
G1 X95.366 Y107.827 E293.12408
G1 X95.464 Y107.951 E293.12723
G1 X95.456 Y110.909 E293.18626
G1 X95.464 Y112.8 E293.224
G1 X96.024 Y112.8 E293.23518
G1 F666.1 X96.748 Y112.75 E293.25147
G1 F599.5 X100.25 Y112.75 E293.33883
G1 X100.25 Y112.25 E293.3513
G1 X96.748 Y112.25 E293.43866
G1 F666.1 X96.548 Y112.054 E293.44494
G1 F749.4 X96.548 Y107.951 E293.52682
G1 F663.1 X96.704 Y107.751 E293.53254
G1 F597.1 X123.248 Y107.75 E294.19734
G1 F666.1 X123.448 Y107.949 E294.20367
G1 F749.4 X123.446 Y112.053 E294.28557
G1 F1500 E287.78557
;MESH:NONMESH
G0 F300 X123.446 Y112.053 Z9.24
G0 F12000 X123.76 Y112.053
G0 X123.688 Y107.562
G0 X96.312 Y107.562
G0 X96.181 Y112.172
;TIME_ELAPSED:1088.107779
;LAYER:76
;note -- min layer time used
;TYPE:WALL-INNER
;MESH:9VBatteryHolder_v1.stl
G1 F1500 E294.28557
G1 F828.5 X96.178 Y107.835 E294.3639
G1 F815 X96.461 Y107.586 E294.37082
G1 F801.9 X95.638 Y107.587 E294.38617
G1 F815 X95.838 Y107.838 E294.39207
G1 F842.5 X95.835 Y112.128 E294.46826
G1 X95.843 Y112.419 E294.47343
G1 F828.5 X96.524 Y112.419 E294.48573
G1 X96.181 Y112.172 E294.49336
G1 F1500 E287.99336
G0 F12000 X96.312 Y107.562
G0 X123.688 Y107.562
G0 X124.166 Y112
G1 F1500 E294.49336
G1 F849.6 X124.161 Y107.839 E294.56664
G1 F815 X124.362 Y107.587 E294.57256
G1 F799.8 X123.483 Y107.587 E294.58901
G1 F815 X123.819 Y107.835 E294.59667
G1 F830.8 X123.821 Y112.163 E294.67462
G1 F826.2 X123.526 Y112.419 E294.6817
G1 F824 X124.157 Y112.418 E294.69316
G1 F844.9 X124.166 Y112 E294.70056
G0 F12000 X123.446 Y112.053
;TYPE:WALL-OUTER
G1 F663.6 X123.292 Y112.249 E294.70618
G1 F597.5 X119.75 Y112.25 E294.79489
G1 F599.9 X119.75 Y112.75 E294.80736
G1 F597.5 X123.335 Y112.748 E294.89715
G1 F663.6 X123.975 Y112.8 E294.91163
G1 F749.8 X124.539 Y112.8 E294.92288
G1 X124.532 Y107.951 E295.01965
G1 X124.632 Y107.826 E295.02285
G1 X124.8 Y107.8 E295.02624
G1 X124.8 Y107.2 E295.03821
G1 X123.99 Y107.2 E295.05438
G1 F666.5 X123.248 Y107.25 E295.07107
G1 F597.5 X96.661 Y107.252 E295.73694
G1 F663.6 X96.008 Y107.2 E295.75171
G1 F749.8 X95.2 Y107.2 E295.76784
G1 X95.2 Y107.8 E295.77981
G1 X95.368 Y107.826 E295.7832
G1 X95.468 Y107.951 E295.7864
G1 X95.461 Y112.8 E295.88316
G1 X96.024 Y112.8 E295.8944
G1 F666.5 X96.748 Y112.75 E295.91069
G1 F599.9 X100.25 Y112.75 E295.99805
G1 X100.25 Y112.25 E296.01052
G1 X96.748 Y112.25 E296.09788
G1 F666.5 X96.55 Y112.056 E296.1041
G1 F749.8 X96.548 Y107.951 E296.18602
G1 F663.6 X96.704 Y107.751 E296.19174
G1 F597.5 X123.248 Y107.75 E296.85654
G1 F666.5 X123.448 Y107.949 E296.86287
G1 F749.8 X123.446 Y112.053 E296.94477
G1 F1500 E290.44477
;MESH:NONMESH
G0 F300 X123.446 Y112.053 Z9.36
G0 F12000 X123.76 Y112.053
G0 X123.688 Y107.562
G0 X96.312 Y107.562
G0 X96.181 Y112.17
;TIME_ELAPSED:1101.799170
;LAYER:77
;note -- min layer time used
;TYPE:WALL-INNER
;MESH:9VBatteryHolder_v1.stl
G1 F1500 E296.94477
G1 F828.6 X96.178 Y107.835 E297.02306
G1 F815 X96.461 Y107.586 E297.02998
G1 F802 X95.638 Y107.587 E297.04534
G1 F815 X95.838 Y107.838 E297.05123
G1 F842.5 X95.833 Y112.128 E297.12742
G1 F840.2 X95.84 Y112.418 E297.13259
G1 F826.3 X96.524 Y112.418 E297.14498
G1 F828.6 X96.181 Y112.17 E297.15262
G1 F1500 E290.65262
G0 F12000 X96.312 Y107.562
G0 X123.688 Y107.562
G0 X124.166 Y112
G1 F1500 E297.15262
G1 F852.1 X124.158 Y107.838 E297.22571
G1 F819.5 X124.36 Y107.587 E297.2316
G1 F802 X123.483 Y107.587 E297.24796
G1 F815 X123.818 Y107.834 E297.2556
G1 F828.6 X123.816 Y112.167 E297.33386
G1 F824 X123.525 Y112.419 E297.34085
G1 F821.7 X124.157 Y112.418 E297.35236
G1 F844.9 X124.166 Y112 E297.35976
G0 F12000 X123.446 Y112.052
;TYPE:WALL-OUTER
G1 F663.6 X123.292 Y112.249 E297.3654
G1 F597.5 X119.75 Y112.25 E297.45411
G1 F599.9 X119.75 Y112.75 E297.46658
G1 F597.5 X123.335 Y112.748 E297.55637
G1 F663.6 X123.974 Y112.8 E297.57082
G1 F749.8 X124.539 Y112.8 E297.5821
G1 X124.528 Y107.951 E297.67887
G1 X124.629 Y107.825 E297.68209
G1 X124.8 Y107.8 E297.68554
G1 X124.8 Y107.2 E297.69751
G1 X123.988 Y107.2 E297.71372
G1 F666.5 X123.248 Y107.25 E297.73037
G1 F597.5 X96.661 Y107.252 E298.39624
G1 F663.6 X96.008 Y107.2 E298.41101
G1 F749.8 X95.2 Y107.2 E298.42713
G1 X95.2 Y107.8 E298.43911
G1 X95.368 Y107.826 E298.4425
G1 X95.468 Y107.951 E298.44569
G1 X95.457 Y112.799 E298.54244
G1 X96.022 Y112.799 E298.55371
G1 F666.5 X96.748 Y112.75 E298.57005
G1 F599.9 X100.25 Y112.75 E298.65741
G1 X100.25 Y112.25 E298.66988
G1 X96.748 Y112.25 E298.75724
G1 F666.5 X96.55 Y112.055 E298.76348
G1 F749.8 X96.548 Y107.951 E298.84538
G1 F663.6 X96.704 Y107.751 E298.8511
G1 F597.5 X123.248 Y107.75 E299.51589
G1 F666.5 X123.448 Y107.949 E299.52222
G1 F749.8 X123.446 Y112.052 E299.6041
G1 F1500 E293.1041
;MESH:NONMESH
G0 F300 X123.446 Y112.052 Z9.48
G0 F12000 X123.76 Y112.052
G0 X123.688 Y107.562
G0 X96.312 Y107.562
G0 X96.01 Y107.772
;TIME_ELAPSED:1115.333277
;LAYER:78
;note -- min layer time used
;TYPE:WALL-INNER
;MESH:9VBatteryHolder_v1.stl
G1 F1500 E299.6041
G1 F415.7 X96.009 Y109.481 E299.66472
G0 F12000 X96.177 Y112.169
G1 F854.2 X96.178 Y109.881 E299.70422
G1 F580.6 X96.009 Y109.481 E299.71525
G1 X95.839 Y109.881 E299.72628
G1 F859.1 X95.836 Y112.128 E299.76485
G1 F830.2 X95.843 Y112.419 E299.77002
G1 F816.4 X96.524 Y112.419 E299.78232
G1 F830.2 X96.177 Y112.169 E299.78991
G1 F1500 E293.28991
G0 F12000 X96.312 Y107.562
G0 X123.688 Y107.562
G0 X124.163 Y112
G1 F1500 E299.78991
G1 F864.2 X124.158 Y109.281 E299.83631
G1 F579.5 X123.987 Y108.881 E299.84737
G1 X123.817 Y109.281 E299.85843
G1 F854.2 X123.815 Y112.169 E299.90829
G1 F825.5 X123.523 Y112.42 E299.91516
G1 F814.2 X124.154 Y112.419 E299.92659
G1 F837.2 X124.163 Y112 E299.93397
G0 F12000 X123.987 Y108.881
G1 F415.1 X123.986 Y107.772 E299.97336
G1 F1500 E293.47336
G0 F12000 X123.76 Y112.053
G0 X123.446 Y112.053
;TYPE:WALL-OUTER
G1 F1500 E299.97336
G1 F653.9 X123.292 Y112.249 E299.97899
G1 F588.7 X119.75 Y112.25 E300.06769
G1 F591.1 X119.75 Y112.75 E300.08017
G1 F588.7 X123.335 Y112.748 E300.16995
G1 F653.9 X123.972 Y112.8 E300.18437
G1 F738.9 X124.535 Y112.8 E300.1956
G1 X124.524 Y107.95 E300.29239
G1 X124.627 Y107.824 E300.29564
G1 X124.8 Y107.8 E300.29912
G1 X124.8 Y107.2 E300.31109
G1 X123.986 Y107.2 E300.32734
G1 F656.8 X123.248 Y107.25 E300.34395
G1 F588.7 X96.661 Y107.252 E301.00981
G1 F653.9 X96.01 Y107.2 E301.02454
G1 F738.9 X95.2 Y107.2 E301.04071
G1 X95.2 Y107.8 E301.05268
G1 X95.37 Y107.825 E301.05611
G1 X95.472 Y107.95 E301.05933
G1 X95.461 Y112.8 E301.15611
G1 X96.024 Y112.8 E301.16735
G1 F656.8 X96.748 Y112.75 E301.18364
G1 F591.1 X100.25 Y112.75 E301.271
G1 X100.25 Y112.25 E301.28347
G1 X96.748 Y112.25 E301.37083
G1 F656.8 X96.55 Y112.056 E301.37705
G1 F738.9 X96.548 Y107.95 E301.45899
G1 F653.9 X96.704 Y107.751 E301.4647
G1 F588.7 X123.248 Y107.75 E302.12949
G1 F656.8 X123.448 Y107.948 E302.13581
G1 F738.9 X123.446 Y112.053 E302.21773
G1 F1500 E295.71773
;MESH:NONMESH
G0 F300 X123.446 Y112.053 Z9.6
G0 F12000 X123.76 Y112.053
G0 X123.688 Y107.562
G0 X96.312 Y107.562
G0 X96.012 Y107.771
;TIME_ELAPSED:1129.816457
;LAYER:79
;note -- min layer time used
;TYPE:WALL-INNER
;MESH:9VBatteryHolder_v1.stl
G1 F1500 E302.21773
G1 F382.6 X96.008 Y110.716 E302.32219
G1 F397.1 X96.014 Y112.129 E302.37048
G1 F386.4 X96.029 Y112.242 E302.37448
G1 F1500 E295.87448
G0 F12000 X96.312 Y107.562
G0 X123.688 Y107.562
G0 X123.967 Y112.242
G1 F1500 E302.37448
G1 F388.1 X123.982 Y112.129 E302.37847
G1 F398.9 X123.988 Y110.712 E302.42668
G1 F382.6 X123.986 Y107.772 E302.53097
G1 F1500 E296.03097
G0 F12000 X123.76 Y112.054
G0 X123.446 Y112.054
;TYPE:WALL-OUTER
G1 F1500 E302.53097
G1 F601.8 X123.292 Y112.249 E302.53657
G1 F541.9 X119.75 Y112.25 E302.62528
G1 F544.1 X119.75 Y112.75 E302.63776
G1 F541.9 X123.335 Y112.748 E302.72754
G1 F601.8 X123.967 Y112.8 E302.74184
G1 F680.1 X124.524 Y112.8 E302.75296
G1 X124.524 Y107.95 E302.84974
G1 X124.627 Y107.824 E302.85299
G1 X124.8 Y107.8 E302.85648
G1 X124.8 Y107.2 E302.86845
G1 X123.986 Y107.2 E302.8847
G1 F604.5 X123.248 Y107.25 E302.9013
G1 F541.9 X96.661 Y107.252 E303.56717
G1 F601.8 X96.012 Y107.2 E303.58185
G1 F680.1 X95.2 Y107.2 E303.59806
G1 X95.2 Y107.8 E303.61003
G1 X95.373 Y107.824 E303.61352
G1 X95.476 Y107.951 E303.61678
G1 X95.472 Y112.8 E303.71355
G1 X96.029 Y112.8 E303.72466
G1 F604.5 X96.748 Y112.75 E303.74084
G1 F544.1 X100.25 Y112.75 E303.8282
G1 X100.25 Y112.25 E303.84067
G1 X96.748 Y112.25 E303.92803
G1 F604.5 X96.55 Y112.056 E303.93425
G1 F680.1 X96.548 Y107.952 E304.01615
G1 F601.8 X96.704 Y107.751 E304.02189
G1 F541.9 X123.248 Y107.75 E304.68668
G1 F604.5 X123.448 Y107.948 E304.693
G1 F680.1 X123.446 Y112.054 E304.77494
G1 F1500 E298.27494
;MESH:NONMESH
G0 F300 X123.446 Y112.054 Z9.72
G0 F12000 X123.76 Y112.054
G0 X123.688 Y107.562
G0 X96.312 Y107.562
G0 X96.014 Y107.769
;TIME_ELAPSED:1144.617830
;LAYER:80
;note -- min layer time used
;TYPE:WALL-INNER
;MESH:9VBatteryHolder_v1.stl
G1 F1500 E304.77494
G1 F376.8 X96.018 Y109.949 E304.85347
G1 F394.2 X96.022 Y112.129 E304.92851
G1 F394.8 X96.038 Y112.248 E304.93264
G1 F1500 E298.43264
G0 F12000 X96.312 Y107.562
G0 X123.688 Y107.562
G0 X123.958 Y112.248
G1 F1500 E304.93264
G1 F396.5 X123.975 Y112.128 E304.93679
G1 F395.4 X123.98 Y109.949 E305.01158
G1 F375.7 X123.984 Y107.77 E305.09029
G1 F1500 E298.59029
G0 F12000 X123.76 Y112.057
G0 X123.446 Y112.057
;TYPE:WALL-OUTER
G1 F1500 E305.09029
G1 F601.8 X123.292 Y112.249 E305.09584
G1 F541.9 X119.75 Y112.25 E305.18455
G1 F544 X119.75 Y112.75 E305.19702
G1 F541.9 X123.335 Y112.748 E305.2868
G1 F601.8 X123.958 Y112.799 E305.3009
G1 F680 X124.508 Y112.799 E305.31188
G1 X124.519 Y107.952 E305.4086
G1 X124.625 Y107.824 E305.41192
G1 X124.8 Y107.8 E305.41545
G1 X124.8 Y107.2 E305.42742
G1 X123.984 Y107.2 E305.4437
G1 F604.5 X123.248 Y107.25 E305.46026
G1 F541.9 X96.661 Y107.252 E306.12613
G1 F601.8 X96.014 Y107.2 E306.14077
G1 F680 X95.2 Y107.2 E306.15701
G1 X95.2 Y107.8 E306.16899
G1 X95.375 Y107.824 E306.17251
G1 X95.48 Y107.95 E306.17579
G1 X95.488 Y112.8 E306.27257
G1 X96.038 Y112.8 E306.28355
G1 F604.5 X96.748 Y112.75 E306.29953
G1 F544 X100.25 Y112.75 E306.38689
G1 X100.25 Y112.25 E306.39936
G1 X96.748 Y112.25 E306.48672
G1 F604.5 X96.55 Y112.057 E306.49292
G1 F680 X96.548 Y107.951 E306.57486
G1 F601.8 X96.704 Y107.751 E306.58058
G1 F541.9 X123.248 Y107.75 E307.24537
G1 F604.5 X123.449 Y107.95 E307.25174
G1 F680 X123.446 Y112.057 E307.3337
G1 F1500 E300.8337
;MESH:NONMESH
G0 F300 X123.446 Y112.057 Z9.84
G0 F12000 X123.76 Y112.057
G0 X123.688 Y107.562
G0 X96.312 Y107.562
G0 X96.018 Y107.766
;TIME_ELAPSED:1159.427025
;LAYER:81
;note -- min layer time used
;TYPE:WALL-INNER
;MESH:9VBatteryHolder_v1.stl
G1 F1500 E307.3337
G1 F380 X96.023 Y109.947 E307.41161
G1 F400.1 X96.028 Y112.128 E307.4856
G1 F401.3 X96.045 Y112.253 E307.48987
G1 F1500 E300.98987
G0 F12000 X96.312 Y107.562
G0 X123.688 Y107.562
G0 X123.951 Y112.253
G1 F1500 E307.48987
G1 F402.4 X123.969 Y112.128 E307.49413
G1 F401.3 X123.974 Y109.948 E307.56787
G1 F380 X123.98 Y107.768 E307.64574
G1 F1500 E301.14574
G0 F12000 X123.76 Y112.057
G0 X123.446 Y112.057
;TYPE:WALL-OUTER
G1 F1500 E307.64574
G1 F601.9 X123.292 Y112.249 E307.65129
G1 F541.9 X119.75 Y112.25 E307.74
G1 F544.1 X119.75 Y112.75 E307.75247
G1 F541.9 X123.335 Y112.748 E307.84226
G1 F601.9 X123.951 Y112.8 E307.8562
G1 F680.1 X124.496 Y112.8 E307.86707
G1 X124.511 Y107.951 E307.96384
G1 X124.62 Y107.821 E307.96723
G1 X124.8 Y107.8 E307.97084
G1 X124.8 Y107.2 E307.98282
G1 X123.98 Y107.2 E307.99918
G1 F604.6 X123.248 Y107.25 E308.01565
G1 F541.9 X96.661 Y107.252 E308.68152
G1 F601.9 X96.018 Y107.2 E308.69607
G1 F680.1 X95.2 Y107.2 E308.71239
G1 X95.2 Y107.8 E308.72437
G1 X95.38 Y107.821 E308.72798
G1 X95.488 Y107.948 E308.73131
G1 X95.5 Y112.8 E308.82814
G1 X96.045 Y112.8 E308.83901
G1 F604.6 X96.748 Y112.75 E308.85484
G1 F544.1 X100.25 Y112.75 E308.94219
G1 X100.25 Y112.25 E308.95467
G1 X96.748 Y112.25 E309.04202
G1 F604.6 X96.548 Y112.057 E309.04826
G1 F680.1 X96.548 Y107.949 E309.13024
G1 F601.9 X96.704 Y107.751 E309.13593
G1 F541.9 X123.248 Y107.75 E309.80072
G1 F604.6 X123.449 Y107.949 E309.80707
G1 F680.1 X123.446 Y112.057 E309.88905
G1 F1500 E303.38905
;MESH:NONMESH
G0 F300 X123.446 Y112.057 Z9.96
G0 F12000 X123.76 Y112.057
G0 X123.688 Y107.562
G0 X96.312 Y107.562
G0 X96.026 Y107.761
;TIME_ELAPSED:1174.219857
;LAYER:82
;note -- min layer time used
;TYPE:WALL-INNER
;MESH:9VBatteryHolder_v1.stl
G1 F1500 E309.88905
G1 F386.6 X96.03 Y109.944 E309.96572
G1 F407.4 X96.034 Y112.127 E310.03847
G1 F408.6 X96.053 Y112.258 E310.04287
G1 F1500 E303.54287
G0 F12000 X96.312 Y107.562
G0 X123.688 Y107.562
G0 X123.944 Y112.258
G1 F1500 E310.04287
G1 F409.2 X123.963 Y112.127 E310.04726
G1 F420.6 X123.972 Y109.116 E310.14446
G1 F397.3 X123.97 Y107.761 E310.19076
G1 F1500 E303.69076
G0 F12000 X123.76 Y112.058
G0 X123.446 Y112.058
;TYPE:WALL-OUTER
G1 F1500 E310.19076
G1 F602.1 X123.292 Y112.249 E310.1963
G1 F542.1 X119.75 Y112.25 E310.285
G1 F544.3 X119.75 Y112.75 E310.29748
G1 F542.1 X123.335 Y112.748 E310.38726
G1 F602.1 X123.944 Y112.8 E310.40105
G1 F680.3 X124.484 Y112.8 E310.41182
G1 X124.492 Y107.948 E310.50865
G1 X124.609 Y107.817 E310.51215
G1 X124.8 Y107.8 E310.51598
G1 X124.8 Y107.2 E310.52795
G1 X123.97 Y107.2 E310.54452
G1 F604.7 X123.248 Y107.25 E310.56077
G1 F542.1 X96.661 Y107.252 E311.22663
G1 F602.1 X96.026 Y107.2 E311.241
G1 F680.3 X95.2 Y107.2 E311.25749
G1 X95.2 Y107.8 E311.26946
G1 X95.388 Y107.818 E311.27323
G1 X95.504 Y107.948 E311.27671
G1 X95.512 Y112.799 E311.37351
G1 X96.053 Y112.799 E311.38431
G1 F604.7 X96.748 Y112.75 E311.39995
G1 F544.3 X100.25 Y112.75 E311.48731
G1 X100.25 Y112.25 E311.49978
G1 X96.748 Y112.25 E311.58714
G1 F604.7 X96.548 Y112.059 E311.59335
G1 F680.3 X96.548 Y107.95 E311.67535
G1 F602.1 X96.704 Y107.751 E311.68105
G1 F542.1 X123.248 Y107.75 E312.34584
G1 F604.7 X123.448 Y107.947 E312.35214
G1 F680.3 X123.446 Y112.058 E312.43418
G1 F1500 E305.93418
;MESH:NONMESH
G0 F300 X123.446 Y112.058 Z10.08
G0 F12000 X123.76 Y112.058
G0 X123.688 Y107.562
G0 X96.312 Y107.562
G0 X96.036 Y107.753
;TIME_ELAPSED:1188.964104
;LAYER:83
;note -- min layer time used
;TYPE:WALL-INNER
;MESH:9VBatteryHolder_v1.stl
G1 F1500 E312.43418
G1 F406.3 X96.032 Y109.969 E312.50826
G1 F428.7 X96.04 Y112.126 E312.57659
G1 F415 X96.059 Y112.263 E312.58112
G1 F1500 E306.08112
G0 F12000 X96.312 Y107.562
G0 X123.688 Y107.562
G0 X123.937 Y112.262
G1 F1500 E312.58112
G1 F415.6 X123.957 Y112.126 E312.58561
G1 F428 X123.966 Y109.964 E312.65421
G1 F404.5 X123.962 Y107.755 E312.72838
G1 F1500 E306.22838
G0 F12000 X123.76 Y112.058
G0 X123.446 Y112.058
;TYPE:WALL-OUTER
G1 F1500 E312.72838
G1 F602.3 X123.292 Y112.249 E312.73391
G1 F542.3 X119.75 Y112.25 E312.82262
G1 F544.5 X119.75 Y112.75 E312.83509
G1 F542.3 X123.335 Y112.748 E312.92488
G1 F602.3 X123.937 Y112.799 E312.9385
G1 F680.6 X124.472 Y112.799 E312.94918
G1 X124.484 Y109.963 E313.00578
G1 X124.476 Y107.946 E313.04603
G1 X124.6 Y107.814 E313.04964
G1 X124.8 Y107.8 E313.05364
G1 X124.8 Y107.2 E313.06562
G1 X123.962 Y107.2 E313.08234
G1 F605 X123.248 Y107.25 E313.09841
G1 F542.3 X96.661 Y107.252 E313.76428
G1 F602.3 X96.036 Y107.2 E313.77842
G1 F680.6 X95.2 Y107.2 E313.7951
G1 X95.2 Y107.8 E313.80708
G1 X95.4 Y107.814 E313.81108
G1 X95.524 Y107.946 E313.81469
G1 X95.516 Y109.969 E313.85506
G1 X95.524 Y112.8 E313.91156
G1 X96.059 Y112.8 E313.92224
G1 F605 X96.748 Y112.75 E313.93775
G1 F544.5 X100.25 Y112.75 E314.0251
G1 X100.25 Y112.25 E314.03758
G1 X96.748 Y112.25 E314.12493
G1 F605 X96.551 Y112.063 E314.13103
G1 F680.6 X96.548 Y107.948 E314.21315
G1 F602.3 X96.704 Y107.751 E314.21882
G1 F542.3 X123.248 Y107.75 E314.88361
G1 F605 X123.448 Y107.945 E314.88988
G1 F680.6 X123.446 Y112.058 E314.97196
G1 F1500 E308.47196
;MESH:NONMESH
G0 F300 X123.446 Y112.058 Z10.2
G0 F12000 X123.76 Y112.058
G0 X123.688 Y107.562
G0 X96.312 Y107.562
G0 X96.042 Y107.749
;TIME_ELAPSED:1203.672358
;LAYER:84
;note -- min layer time used
;TYPE:WALL-INNER
;MESH:9VBatteryHolder_v1.stl
G1 F1500 E314.97196
G1 F401.6 X96.041 Y109.281 E315.02378
G1 F428.2 X96.04 Y110.813 E315.07239
G1 F438.5 X96.046 Y112.123 E315.11298
G1 F422.2 X96.067 Y112.268 E315.11769
G1 F1500 E308.61769
G0 F12000 X96.312 Y107.562
G0 X123.688 Y107.562
G0 X123.93 Y112.267
G1 F1500 E315.11769
G1 F422.9 X123.951 Y112.125 E315.1223
G1 F438.5 X123.958 Y110.812 E315.16298
G1 F426.8 X123.955 Y109.28 E315.21175
G1 F402.8 X123.952 Y107.748 E315.26341
G1 F1500 E308.76341
G0 F12000 X123.76 Y112.059
G0 X123.446 Y112.059
;TYPE:WALL-OUTER
G1 F1500 E315.26341
G1 F602.5 X123.292 Y112.249 E315.26893
G1 F542.5 X119.75 Y112.25 E315.35764
G1 F544.6 X119.75 Y112.75 E315.37011
G1 F542.5 X123.335 Y112.748 E315.4599
G1 F602.5 X123.93 Y112.799 E315.47336
G1 F680.8 X124.46 Y112.799 E315.48394
G1 X124.467 Y110.81 E315.52363
G1 X124.456 Y107.943 E315.58085
G1 X124.589 Y107.811 E315.58459
G1 X124.8 Y107.8 E315.5888
G1 X124.8 Y107.2 E315.60078
G1 X123.952 Y107.2 E315.6177
G1 F605.1 X123.248 Y107.25 E315.63355
G1 F542.5 X96.661 Y107.252 E316.29941
G1 F602.5 X96.042 Y107.2 E316.31342
G1 F680.8 X95.2 Y107.2 E316.33022
G1 X95.2 Y107.8 E316.3422
G1 X95.406 Y107.812 E316.34632
G1 X95.536 Y107.943 E316.35
G1 X95.536 Y112.8 E316.44693
G1 X96.067 Y112.8 E316.45752
G1 F605.1 X96.748 Y112.75 E316.47285
G1 F544.6 X100.25 Y112.75 E316.56021
G1 X100.25 Y112.25 E316.57268
G1 X96.748 Y112.25 E316.66004
G1 F605.1 X96.551 Y112.065 E316.66611
G1 F680.8 X96.548 Y107.946 E316.74831
G1 F602.5 X96.704 Y107.751 E316.75394
G1 F542.5 X123.248 Y107.75 E317.41873
G1 F605.1 X123.448 Y107.943 E317.42497
G1 F680.8 X123.446 Y112.059 E317.50711
G1 F1500 E311.00711
;MESH:NONMESH
G0 F300 X123.446 Y112.059 Z10.32
G0 F12000 X123.76 Y112.059
G0 X123.688 Y107.562
G0 X96.312 Y107.562
G0 X96.052 Y107.742
;TIME_ELAPSED:1218.365550
;LAYER:85
;note -- min layer time used
;TYPE:WALL-INNER
;MESH:9VBatteryHolder_v1.stl
G1 F1500 E317.50711
G1 F410.3 X96.054 Y109.932 E317.57966
G1 F435.2 X96.055 Y112.122 E317.64805
G1 F433.8 X96.077 Y112.275 E317.6529
G1 F1500 E311.1529
G0 F12000 X96.312 Y107.562
G0 X123.688 Y107.562
G0 X123.921 Y112.274
G1 F1500 E317.6529
G1 F431.7 X123.942 Y112.12 E317.65779
G1 F433.8 X123.943 Y109.931 E317.72637
G1 F409 X123.944 Y107.742 E317.79911
G1 F1500 E311.29911
G0 F12000 X123.76 Y112.063
G0 X123.445 Y112.063
;TYPE:WALL-OUTER
G1 F1500 E317.79911
G1 F602.7 X123.292 Y112.249 E317.80454
G1 F542.7 X119.75 Y112.25 E317.89325
G1 F544.8 X119.75 Y112.75 E317.90572
G1 F542.7 X123.335 Y112.748 E317.99551
G1 F602.7 X123.921 Y112.8 E318.00877
G1 F681 X124.447 Y112.8 E318.01927
G1 X124.44 Y107.942 E318.11622
G1 X124.58 Y107.808 E318.12008
G1 X124.8 Y107.8 E318.12448
G1 X124.8 Y107.2 E318.13645
G1 X123.944 Y107.2 E318.15353
G1 F605.4 X123.248 Y107.25 E318.1692
G1 F542.7 X96.661 Y107.252 E318.83507
G1 F602.7 X96.052 Y107.2 E318.84885
G1 F681 X95.2 Y107.2 E318.86585
G1 X95.2 Y107.8 E318.87783
G1 X95.417 Y107.809 E318.88216
G1 X95.556 Y107.941 E318.88599
G1 X95.552 Y112.8 E318.98295
G1 X96.077 Y112.8 E318.99343
G1 F605.4 X96.748 Y112.75 E319.00854
G1 F544.8 X100.25 Y112.75 E319.09589
G1 X100.25 Y112.25 E319.10837
G1 X96.748 Y112.25 E319.19572
G1 F605.4 X96.55 Y112.065 E319.20181
G1 F681 X96.548 Y107.945 E319.28403
G1 F602.7 X96.704 Y107.751 E319.28964
G1 F542.7 X123.248 Y107.75 E319.95443
G1 F605.4 X123.448 Y107.942 E319.96066
G1 F681 X123.445 Y112.063 E320.04289
G1 F1500 E313.54289
;MESH:NONMESH
G0 F300 X123.445 Y112.063 Z10.44
G0 F12000 X123.76 Y112.063
G0 X123.688 Y107.562
G0 X96.312 Y107.562
G0 X96.06 Y107.737
;TIME_ELAPSED:1233.058216
;LAYER:86
;note -- min layer time used
;TYPE:WALL-INNER
;MESH:9VBatteryHolder_v1.stl
G1 F1500 E320.04289
G1 F416.7 X96.06 Y109.928 E320.11438
G1 F442.4 X96.06 Y112.119 E320.18172
G1 F440.2 X96.083 Y112.279 E320.18671
G1 F1500 E313.68671
G0 F12000 X96.312 Y107.562
G0 X123.688 Y107.562
G0 X123.913 Y112.279
G1 F1500 E320.18671
G1 F439.5 X123.936 Y112.118 E320.19174
G1 F442.4 X123.936 Y109.927 E320.25907
G1 F416.7 X123.936 Y107.736 E320.33056
G1 F1500 E313.83056
G0 F12000 X123.76 Y112.062
G0 X123.446 Y112.062
;TYPE:WALL-OUTER
G1 F1500 E320.33056
G1 F602.9 X123.292 Y112.249 E320.33603
G1 F542.8 X119.75 Y112.25 E320.42473
G1 F545 X119.75 Y112.75 E320.43721
G1 F542.8 X123.335 Y112.748 E320.52699
G1 F602.9 X123.913 Y112.8 E320.54008
G1 F681.3 X124.435 Y112.8 E320.5505
G1 X124.424 Y107.94 E320.64748
G1 X124.571 Y107.807 E320.65144
G1 X124.8 Y107.8 E320.65601
G1 X124.8 Y107.2 E320.66799
G1 X123.936 Y107.2 E320.68523
G1 F605.6 X123.248 Y107.25 E320.70071
G1 F542.8 X96.661 Y107.252 E321.36658
G1 F602.9 X96.06 Y107.2 E321.38019
G1 F681.3 X95.2 Y107.2 E321.39735
G1 X95.2 Y107.8 E321.40932
G1 X95.426 Y107.807 E321.41383
G1 X95.572 Y107.94 E321.41778
G1 X95.561 Y112.8 E321.51476
G1 X96.083 Y112.8 E321.52518
G1 F605.6 X96.748 Y112.75 E321.54015
G1 F545 X100.25 Y112.75 E321.62751
G1 X100.25 Y112.25 E321.63998
G1 X96.748 Y112.25 E321.72734
G1 F605.6 X96.55 Y112.066 E321.73341
G1 F681.3 X96.548 Y107.944 E321.81567
G1 F602.9 X96.704 Y107.751 E321.82126
G1 F542.8 X123.248 Y107.75 E322.48605
G1 F605.6 X123.448 Y107.94 E322.49225
G1 F681.3 X123.446 Y112.062 E322.57451
G1 F1500 E316.07451
;MESH:NONMESH
G0 F300 X123.446 Y112.062 Z10.56
G0 F12000 X123.76 Y112.062
G0 X123.688 Y107.562
G0 X96.312 Y107.562
G0 X96.07 Y107.73
;TIME_ELAPSED:1247.728732
;LAYER:87
;note -- min layer time used
;TYPE:WALL-INNER
;MESH:9VBatteryHolder_v1.stl
G1 F1500 E322.57451
G1 F426.6 X96.07 Y109.924 E322.64445
G1 F456.6 X96.07 Y112.118 E322.7098
G1 F453.5 X96.095 Y112.287 E322.71492
G1 F1500 E316.21492
G0 F12000 X96.312 Y107.562
G0 X123.688 Y107.562
G0 X123.901 Y112.287
G1 F1500 E322.71492
G1 F452.8 X123.926 Y112.116 E322.72011
G1 F456.6 X123.926 Y109.923 E322.78543
G1 F426.6 X123.926 Y107.73 E322.85534
G1 F1500 E316.35534
G0 F12000 X123.76 Y112.063
G0 X123.446 Y112.063
;TYPE:WALL-OUTER
G1 F1500 E322.85534
G1 F603.1 X123.292 Y112.249 E322.86079
G1 F543 X119.75 Y112.25 E322.94949
G1 F545.2 X119.75 Y112.75 E322.96197
G1 F543 X123.335 Y112.748 E323.05175
G1 F603.1 X123.901 Y112.8 E323.06457
G1 F681.5 X124.415 Y112.8 E323.07483
G1 X124.404 Y107.938 E323.17185
G1 X124.56 Y107.804 E323.17596
G1 X124.8 Y107.8 E323.18075
G1 X124.8 Y107.2 E323.19272
G1 X123.926 Y107.2 E323.21016
G1 F605.7 X123.248 Y107.25 E323.22543
G1 F543 X96.661 Y107.252 E323.89129
G1 F603.1 X96.07 Y107.2 E323.90467
G1 F681.5 X95.201 Y107.201 E323.92202
G1 X95.2 Y107.8 E323.93397
G1 X95.438 Y107.805 E323.93872
G1 X95.592 Y107.938 E323.94278
G1 X95.581 Y112.8 E324.03981
G1 X96.095 Y112.8 E324.05006
G1 F605.7 X96.748 Y112.75 E324.06477
G1 F545.2 X100.25 Y112.75 E324.15213
G1 X100.25 Y112.25 E324.1646
G1 X96.748 Y112.25 E324.25196
G1 F605.7 X96.55 Y112.068 E324.25799
G1 F681.5 X96.548 Y107.943 E324.34031
G1 F603.1 X96.704 Y107.751 E324.34589
G1 F543 X123.248 Y107.75 E325.01068
G1 F605.7 X123.448 Y107.939 E325.01686
G1 F681.5 X123.446 Y112.063 E325.09916
G1 F1500 E318.59916
;MESH:NONMESH
G0 F300 X123.446 Y112.063 Z10.68
G0 F12000 X123.76 Y112.063
G0 X123.688 Y107.562
G0 X96.312 Y107.562
G0 X96.08 Y107.723
;TIME_ELAPSED:1262.365626
;LAYER:88
;note -- min layer time used
;TYPE:WALL-INNER
;MESH:9VBatteryHolder_v1.stl
G1 F1500 E325.09916
G1 F438.3 X96.077 Y109.28 E325.14748
G1 F476.6 X96.074 Y110.837 E325.19191
G1 F494.8 X96.081 Y112.118 E325.22712
G1 F469.2 X96.109 Y112.296 E325.23235
G1 F1500 E318.73235
G0 F12000 X96.312 Y107.562
G0 X123.688 Y107.562
G0 X123.887 Y112.296
G1 F1500 E325.23235
G1 F470.9 X123.915 Y112.118 E325.23755
G1 F496.6 X123.922 Y110.836 E325.27266
G1 F476.6 X123.92 Y109.28 E325.31707
G1 F436.9 X123.918 Y107.724 E325.36551
G1 F1500 E318.86551
G0 F12000 X123.76 Y112.066
G0 X123.446 Y112.066
;TYPE:WALL-OUTER
G1 F1500 E325.36551
G1 F603.2 X123.292 Y112.249 E325.3709
G1 F543.1 X119.75 Y112.25 E325.45961
G1 F545.3 X119.75 Y112.75 E325.47208
G1 F543.1 X123.335 Y112.748 E325.56187
G1 F603.2 X123.887 Y112.799 E325.57437
G1 F681.6 X124.388 Y112.799 E325.58437
G1 X124.395 Y110.836 E325.62354
G1 X124.388 Y107.935 E325.68144
G1 X124.551 Y107.803 E325.68562
G1 X124.8 Y107.8 E325.69059
G1 X124.8 Y107.2 E325.70256
G1 X123.918 Y107.2 E325.72017
G1 F605.8 X123.248 Y107.25 E325.73525
G1 F543.1 X96.661 Y107.252 E326.40112
G1 F603.2 X96.08 Y107.2 E326.41427
G1 F681.6 X95.2 Y107.2 E326.43183
G1 X95.2 Y107.8 E326.44381
G1 X95.449 Y107.803 E326.44878
G1 X95.612 Y107.935 E326.45296
G1 X95.6 Y110.837 E326.51088
G1 X95.608 Y112.8 E326.55005
G1 X96.109 Y112.8 E326.56005
G1 F605.8 X96.748 Y112.75 E326.57444
G1 F545.3 X100.25 Y112.75 E326.66179
G1 X100.25 Y112.25 E326.67427
G1 X96.748 Y112.25 E326.76163
G1 F605.8 X96.55 Y112.071 E326.76762
G1 F681.6 X96.548 Y107.941 E326.85004
G1 F603.2 X96.704 Y107.751 E326.85558
G1 F543.1 X123.248 Y107.75 E327.52037
G1 F605.8 X123.448 Y107.937 E327.52652
G1 F681.6 X123.446 Y112.066 E327.60892
G1 F1500 E321.10892
;MESH:NONMESH
G0 F300 X123.446 Y112.066 Z10.8
G0 F12000 X123.76 Y112.066
G0 X123.688 Y107.562
G0 X96.312 Y107.562
G0 X96.09 Y107.716
;TIME_ELAPSED:1276.935773
;LAYER:89
;note -- min layer time used
;TYPE:WALL-INNER
;MESH:9VBatteryHolder_v1.stl
G1 F1500 E327.60892
G1 F471.1 X96.086 Y109.313 E327.65505
G1 F518.6 X96.094 Y112.116 E327.72861
G1 F489.7 X96.127 Y112.307 E327.73399
G1 F1500 E321.23399
G0 F12000 X96.312 Y107.562
G0 X123.688 Y107.562
G0 X123.869 Y112.307
G1 F1500 E327.73399
G1 F494.2 X123.901 Y112.115 E327.73935
G1 F506.1 X123.903 Y110.649 E327.77877
G1 F471.9 X123.906 Y109.183 E327.82105
G1 F442.1 X123.908 Y107.717 E327.86618
G1 F1500 E321.36618
G0 F12000 X123.688 Y112.438
G0 X123.292 Y112.51
G0 X123.292 Y112.249
;TYPE:WALL-OUTER
G1 F1500 E327.86618
G1 F543.4 X119.75 Y112.25 E327.95489
G1 F545.6 X119.75 Y112.75 E327.96736
G1 F543.4 X123.335 Y112.748 E328.05714
G1 F603.5 X123.869 Y112.799 E328.06924
G1 F682 X124.36 Y112.799 E328.07904
G1 X124.367 Y107.934 E328.17613
G1 X124.533 Y107.803 E328.18035
G1 X124.8 Y107.8 E328.18567
G1 X124.8 Y107.2 E328.19765
G1 X123.908 Y107.2 E328.21545
G1 F606.2 X123.248 Y107.25 E328.23031
G1 F543.4 X96.661 Y107.252 E328.89618
G1 F603.5 X96.09 Y107.2 E328.90911
G1 F682 X95.2 Y107.2 E328.92687
G1 X95.2 Y107.8 E328.93884
G1 X95.46 Y107.801 E328.94403
G1 X95.632 Y107.933 E328.94836
G1 X95.624 Y109.314 E328.97592
G1 X95.636 Y112.8 E329.04548
G1 X96.127 Y112.8 E329.05528
G1 F606.2 X96.748 Y112.75 E329.06927
G1 F545.6 X100.25 Y112.75 E329.15663
G1 X100.25 Y112.25 E329.1691
G1 X96.748 Y112.25 E329.25646
G1 F606.2 X96.551 Y112.074 E329.26239
G1 F682 X96.548 Y107.939 E329.34491
G1 F603.5 X96.704 Y107.751 E329.35041
G1 F543.4 X123.248 Y107.75 E330.01521
G1 F606.2 X123.449 Y107.937 E330.02137
G1 F682 X123.446 Y112.035 E330.10315
G1 F603.5 X123.292 Y112.249 E330.10909
G1 F1500 E323.60909
;MESH:NONMESH
G0 F300 X123.292 Y112.249 Z10.92
G0 F12000 X123.292 Y112.51
G0 X123.688 Y112.438
G0 X123.688 Y107.562
G0 X96.312 Y107.562
G0 X96.098 Y107.711
;TIME_ELAPSED:1291.532960
;LAYER:90
;note -- min layer time used
;TYPE:WALL-INNER
;MESH:9VBatteryHolder_v1.stl
G1 F1500 E330.10909
G1 F453.2 X96.101 Y109.179 E330.15318
G1 F486.3 X96.105 Y110.647 E330.19427
G1 F524.7 X96.108 Y112.115 E330.23236
G1 F511.9 X96.144 Y112.318 E330.23784
G1 F1500 E323.73784
G0 F12000 X96.312 Y107.562
G0 X123.688 Y107.562
G0 X123.852 Y112.318
G1 F1500 E330.23784
G1 F516.7 X123.888 Y112.114 E330.2433
G1 F530.8 X123.891 Y110.646 E330.28094
G1 F489.8 X123.895 Y109.178 E330.32173
G1 F454.7 X123.898 Y107.71 E330.36568
G1 F1500 E323.86568
G0 F12000 X123.688 Y112.438
G0 X123.292 Y112.51
G0 X123.292 Y112.249
;TYPE:WALL-OUTER
G1 F1500 E330.36568
G1 F543.5 X119.75 Y112.25 E330.45439
G1 F545.6 X119.75 Y112.75 E330.46686
G1 F543.5 X123.335 Y112.748 E330.55664
G1 F603.6 X123.852 Y112.8 E330.56836
G1 F682.1 X124.332 Y112.8 E330.57794
G1 X124.347 Y107.932 E330.67509
G1 X124.513 Y107.803 E330.67928
G1 X124.8 Y107.8 E330.68501
G1 X124.8 Y107.2 E330.69698
G1 X123.898 Y107.2 E330.71498
G1 F606.3 X123.248 Y107.25 E330.72962
G1 F543.5 X96.661 Y107.252 E331.39549
G1 F603.6 X96.098 Y107.2 E331.40824
G1 F682.1 X95.2 Y107.2 E331.42616
G1 X95.2 Y107.8 E331.43813
G1 X95.47 Y107.801 E331.44352
G1 X95.648 Y107.93 E331.44791
G1 X95.664 Y112.8 E331.5451
G1 X96.144 Y112.8 E331.55467
G1 F606.3 X96.748 Y112.75 E331.56828
G1 F545.6 X100.25 Y112.75 E331.65564
G1 X100.25 Y112.25 E331.66811
G1 X96.748 Y112.25 E331.75547
G1 F606.3 X96.551 Y112.076 E331.76137
G1 F682.1 X96.548 Y107.938 E331.84395
G1 F603.6 X96.704 Y107.751 E331.84944
G1 F543.5 X123.248 Y107.75 E332.51423
G1 F606.3 X123.449 Y107.935 E332.52036
G1 F682.1 X123.447 Y112.036 E332.6022
G1 F603.6 X123.292 Y112.249 E332.60814
G1 F1500 E326.10814
;MESH:NONMESH
G0 F300 X123.292 Y112.249 Z11.04
G0 F12000 X123.292 Y112.51
G0 X123.688 Y112.438
G0 X123.688 Y107.562
G0 X96.312 Y107.562
G0 X96.116 Y107.7
;TIME_ELAPSED:1306.124672
;LAYER:91
;note -- min layer time used
;TYPE:WALL-INNER
;MESH:9VBatteryHolder_v1.stl
G1 F1500 E332.60814
G1 F471.5 X96.119 Y109.17 E332.65053
G1 F511.4 X96.122 Y110.64 E332.68962
G1 F558.5 X96.125 Y112.11 E332.72541
G1 F541.9 X96.165 Y112.33 E332.73102
G1 F1500 E326.23102
G0 F12000 X96.312 Y107.562
G0 X123.688 Y107.562
G0 X123.834 Y112.328
G1 F1500 E332.73102
G1 F540.8 X123.874 Y112.11 E332.7366
G1 F584.9 X123.882 Y109.028 E332.80825
G1 F510.4 X123.88 Y107.7 E332.84363
G1 F1500 E326.34363
G0 F12000 X123.688 Y112.438
G0 X123.292 Y112.51
G0 X123.292 Y112.249
;TYPE:WALL-OUTER
G1 F1500 E332.84363
G1 F542.9 X119.75 Y112.25 E332.93234
G1 F545.1 X119.75 Y112.75 E332.94481
G1 F542.9 X123.335 Y112.748 E333.0346
G1 F603 X123.834 Y112.8 E333.04591
G1 F681.4 X124.304 Y112.8 E333.05529
G1 X124.312 Y107.936 E333.15236
G1 F603 X124.468 Y107.751 E333.15781
G1 F542.9 X124.75 Y107.75 E333.16488
G1 F545.1 X124.75 Y107.25 E333.17735
G1 F542.9 X124.425 Y107.252 E333.18549
G1 F603 X123.88 Y107.2 E333.19783
G1 F605.7 X123.248 Y107.25 E333.21207
G1 F542.9 X96.661 Y107.252 E333.87794
G1 F603 X96.116 Y107.2 E333.89028
G1 F681.4 X95.2 Y107.2 E333.90856
G1 X95.2 Y107.8 E333.92054
G1 X95.491 Y107.8 E333.92634
G1 X95.684 Y107.926 E333.93094
G1 X95.696 Y112.8 E334.02821
G1 X96.165 Y112.8 E334.03757
G1 F605.7 X96.748 Y112.75 E334.0507
G1 F545.1 X100.25 Y112.75 E334.13806
G1 X100.25 Y112.25 E334.15053
G1 X96.748 Y112.25 E334.23789
G1 F605.7 X96.551 Y112.08 E334.24373
G1 F681.4 X96.548 Y107.937 E334.32641
G1 F603 X96.704 Y107.751 E334.33189
G1 F542.9 X123.248 Y107.75 E334.99668
G1 F605.7 X123.448 Y107.931 E335.00273
G1 F681.4 X123.447 Y112.035 E335.08463
G1 F603 X123.292 Y112.249 E335.09059
G1 F1500 E328.59059
;MESH:NONMESH
G0 F300 X123.292 Y112.249 Z11.16
G0 F12000 X123.292 Y112.51
G0 X123.688 Y112.438
G0 X123.688 Y107.562
G0 X96.312 Y107.562
G0 X96.134 Y107.688
;TIME_ELAPSED:1320.651393
;LAYER:92
;note -- min layer time used
;TYPE:WALL-INNER
;MESH:9VBatteryHolder_v1.stl
G1 F1500 E335.09059
G1 F502.3 X96.132 Y108.812 E335.12099
G1 F576.8 X96.13 Y109.936 E335.14745
G1 F620.2 X96.137 Y112.109 E335.19505
G1 F564.9 X96.18 Y112.339 E335.20067
G1 F1500 E328.70067
G0 F12000 X96.312 Y107.562
G0 X123.688 Y107.562
G0 X123.817 Y112.338
G1 F1500 E335.20067
G1 F567.2 X123.86 Y112.109 E335.20625
G1 F620.2 X123.868 Y109.932 E335.25393
G1 F573.2 X123.866 Y108.811 E335.2805
G1 F499.6 X123.864 Y107.69 E335.31098
G1 F1500 E328.81098
G0 F12000 X123.688 Y112.438
G0 X123.292 Y112.51
G0 X123.292 Y112.249
;TYPE:WALL-OUTER
G1 F1500 E335.31098
G1 F542.4 X119.75 Y112.25 E335.39969
G1 F544.5 X119.75 Y112.75 E335.41216
G1 F542.4 X123.335 Y112.748 E335.50195
G1 F602.4 X123.817 Y112.799 E335.51288
G1 F680.7 X124.276 Y112.799 E335.52204
G1 X124.288 Y109.931 E335.57927
G1 X124.28 Y107.935 E335.6191
G1 F602.4 X124.436 Y107.751 E335.62454
G1 F542.4 X124.75 Y107.75 E335.63241
G1 F544.5 X124.75 Y107.25 E335.64488
G1 F542.4 X124.393 Y107.252 E335.65382
G1 F602.4 X123.864 Y107.2 E335.66581
G1 F605 X123.248 Y107.25 E335.67968
G1 F542.4 X96.661 Y107.252 E336.34555
G1 F602.4 X96.134 Y107.2 E336.35749
G1 F605 X95.52 Y107.25 E336.37132
G1 F544.5 X95.25 Y107.25 E336.37806
G1 X95.25 Y107.75 E336.39053
G1 X95.52 Y107.75 E336.39727
G1 F605 X95.72 Y107.928 E336.40328
G1 F680.7 X95.712 Y109.936 E336.44335
G1 X95.72 Y112.8 E336.5005
G1 X96.18 Y112.8 E336.50968
G1 F605 X96.748 Y112.75 E336.52249
G1 F544.5 X100.25 Y112.75 E336.60984
G1 X100.25 Y112.25 E336.62232
G1 X96.748 Y112.25 E336.70967
G1 F605 X96.551 Y112.082 E336.71549
G1 F680.7 X96.548 Y107.934 E336.79826
G1 F602.4 X96.704 Y107.751 E336.80369
G1 F542.4 X123.248 Y107.75 E337.46848
G1 F605 X123.448 Y107.929 E337.4745
G1 F680.7 X123.446 Y112.036 E337.55646
G1 F602.4 X123.292 Y112.249 E337.56239
G1 F1500 E331.06239
;MESH:NONMESH
G0 F300 X123.292 Y112.249 Z11.28
G0 F12000 X123.292 Y112.51
G0 X123.688 Y112.438
G0 X123.688 Y107.562
G0 X96.312 Y107.562
G0 X96.15 Y107.679
;TIME_ELAPSED:1335.139166
;LAYER:93
;note -- min layer time used
;TYPE:WALL-INNER
;MESH:9VBatteryHolder_v1.stl
G1 F1500 E337.56239
G1 F512 X96.149 Y108.733 E337.59036
G1 F566.3 X96.147 Y109.787 E337.61566
G1 F633.5 X96.146 Y110.841 E337.63827
G1 F667.6 X96.151 Y112.105 E337.664
G1 F596 X96.198 Y112.349 E337.66966
G1 F1500 E331.16966
G0 F12000 X96.312 Y107.562
G0 X123.688 Y107.562
G0 X123.799 Y112.348
G1 F1500 E337.66966
G1 F597.4 X123.846 Y112.106 E337.67527
G1 F667.6 X123.852 Y110.836 E337.70112
G1 F632 X123.85 Y109.784 E337.72374
G1 F565.1 X123.848 Y108.732 E337.74904
G1 F511.1 X123.846 Y107.68 E337.77702
G1 F1500 E331.27702
G0 F12000 X123.688 Y112.438
G0 X123.292 Y112.51
G0 X123.292 Y112.249
;TYPE:WALL-OUTER
G1 F1500 E337.77702
G1 F542.6 X119.75 Y112.25 E337.86573
G1 F544.8 X119.75 Y112.75 E337.8782
G1 F542.6 X123.335 Y112.748 E337.96798
G1 F602.6 X123.799 Y112.799 E337.97851
G1 F681 X124.248 Y112.799 E337.98747
G1 X124.255 Y110.835 E338.02666
G1 X124.244 Y107.932 E338.0846
G1 F602.6 X124.4 Y107.751 E338.08999
G1 F542.6 X124.75 Y107.75 E338.09875
G1 F544.8 X124.75 Y107.25 E338.11122
G1 F542.6 X124.357 Y107.252 E338.12107
G1 F602.6 X123.846 Y107.2 E338.13265
G1 F605.3 X123.248 Y107.25 E338.14612
G1 F542.6 X96.661 Y107.252 E338.81199
G1 F602.6 X96.15 Y107.2 E338.82357
G1 F605.3 X95.552 Y107.25 E338.83705
G1 F544.8 X95.25 Y107.25 E338.84458
G1 X95.25 Y107.75 E338.85705
G1 X95.552 Y107.75 E338.86458
G1 F605.3 X95.752 Y107.925 E338.87055
G1 F681 X95.748 Y112.8 E338.96784
G1 X96.198 Y112.8 E338.97682
G1 F605.3 X96.748 Y112.75 E338.98922
G1 F544.8 X100.25 Y112.75 E339.07657
G1 X100.25 Y112.25 E339.08905
G1 X96.748 Y112.25 E339.1764
G1 F605.3 X96.579 Y112.108 E339.18136
G1 F681 X96.55 Y112.035 E339.18293
G1 X96.548 Y107.932 E339.26481
G1 F602.6 X96.704 Y107.751 E339.2702
G1 F542.6 X123.248 Y107.75 E339.93499
G1 F605.3 X123.448 Y107.925 E339.94095
G1 F681 X123.446 Y112.036 E340.02299
G1 F602.6 X123.292 Y112.249 E340.02892
G1 F1500 E333.52892
;MESH:NONMESH
G0 F300 X123.292 Y112.249 Z11.4
G0 F12000 X123.292 Y112.51
G0 X123.688 Y112.438
G0 X123.688 Y107.562
G0 X96.312 Y107.562
G0 X96.168 Y107.668
;TIME_ELAPSED:1349.599827
;LAYER:94
;note -- min layer time used
;TYPE:WALL-INNER
;MESH:9VBatteryHolder_v1.stl
G1 F1500 E340.02892
G1 F527.2 X96.167 Y108.777 E340.05752
G1 F567.8 X96.166 Y109.886 E340.08408
G1 F616.6 X96.165 Y110.995 E340.10854
G1 F673 X96.164 Y112.104 E340.13094
G1 F628 X96.216 Y112.358 E340.13656
G1 F1500 E333.63656
G0 F12000 X96.312 Y107.562
G0 X123.688 Y107.562
G0 X123.78 Y112.358
G1 F1500 E340.13656
G1 F630.9 X123.832 Y112.103 E340.14217
G1 F681.4 X123.831 Y110.994 E340.1643
G1 F619.4 X123.831 Y109.885 E340.18864
G1 F567.8 X123.83 Y108.776 E340.2152
G1 F524.1 X123.83 Y107.667 E340.24397
G1 F1500 E333.74397
G0 F12000 X123.688 Y112.438
G0 X123.292 Y112.51
G0 X123.292 Y112.249
;TYPE:WALL-OUTER
G1 F1500 E340.24397
G1 F542.9 X119.75 Y112.25 E340.33268
G1 F545.1 X119.75 Y112.75 E340.34515
G1 F542.9 X123.335 Y112.748 E340.43494
G1 F603 X123.78 Y112.8 E340.44504
G1 F681.4 X124.22 Y112.8 E340.45382
G1 X124.212 Y107.931 E340.55099
G1 F603 X124.368 Y107.751 E340.55636
G1 F542.9 X124.75 Y107.75 E340.56593
G1 F545.1 X124.75 Y107.25 E340.5784
G1 F542.9 X124.325 Y107.252 E340.58904
G1 F603 X123.83 Y107.2 E340.60027
G1 F605.7 X123.248 Y107.25 E340.61338
G1 F542.9 X96.661 Y107.252 E341.27925
G1 F603 X96.168 Y107.2 E341.29043
G1 F605.7 X95.588 Y107.25 E341.3035
G1 F545.1 X95.25 Y107.25 E341.31193
G1 X95.25 Y107.75 E341.3244
G1 X95.588 Y107.75 E341.33284
G1 F605.7 X95.788 Y107.923 E341.33877
G1 F681.4 X95.772 Y111.744 E341.41502
G1 X95.776 Y112.799 E341.43608
G1 X96.216 Y112.799 E341.44486
G1 F605.7 X96.748 Y112.75 E341.45685
G1 F545.1 X100.25 Y112.75 E341.54421
G1 X100.25 Y112.25 E341.55668
G1 X96.748 Y112.25 E341.64404
G1 F605.7 X96.582 Y112.112 E341.64889
G1 F681.4 X96.551 Y112.036 E341.65053
G1 X96.548 Y107.93 E341.73247
G1 F603 X96.704 Y107.751 E341.73782
G1 F542.9 X123.248 Y107.75 E342.40261
G1 F605.7 X123.448 Y107.924 E342.40856
G1 F681.4 X123.446 Y112.035 E342.4906
G1 F603 X123.292 Y112.249 E342.49655
;MESH:NONMESH
G0 F300 X123.292 Y112.249 Z11.52
G0 F12000 X123.818 Y111.54
;TIME_ELAPSED:1363.153186
;LAYER:95
;note -- min layer time used
;TYPE:WALL-INNER
;MESH:9VBatteryHolder_v1.stl
G1 F693.6 X123.815 Y112.098 E342.50618
G1 F591.1 X123.76 Y112.369 E342.51178
G0 F12000 X123.292 Y112.249
;TYPE:WALL-OUTER
G1 F478.1 X119.75 Y112.25 E342.60049
G1 F480 X119.75 Y112.75 E342.61296
G1 F478.1 X123.335 Y112.748 E342.70275
G1 F531 X123.76 Y112.8 E342.7124
G1 F600 X124.191 Y112.8 E342.72101
G1 X124.189 Y111.54 E342.74615
G1 F493.8 X124.103 Y111.14 E342.75607
G1 F404.7 X124.1 Y109.485 E342.80503
G1 F376.2 X124.097 Y107.83 E342.85771
G1 F412.4 X124.336 Y107.751 E342.86502
G1 F478.1 X124.75 Y107.75 E342.87539
G1 F480 X124.75 Y107.25 E342.88786
G1 F478.1 X124.293 Y107.252 E342.89931
G1 F412.4 X123.814 Y107.33 E342.9134
G1 F413.8 X123.248 Y107.25 E342.92994
G1 F478.1 X96.661 Y107.252 E343.59581
G1 F412.4 X96.184 Y107.329 E343.60984
G1 F413.8 X95.62 Y107.25 E343.62632
G1 F480 X95.25 Y107.25 E343.63555
G1 X95.25 Y107.75 E343.64802
G1 X95.62 Y107.75 E343.65725
G1 F413.8 X95.902 Y107.829 E343.66572
G1 F377.4 X95.898 Y109.884 E343.73093
G1 F405.4 X95.894 Y111.939 E343.79162
G1 F495.9 X95.809 Y112.334 E343.80138
G1 F600 X95.805 Y112.799 E343.81066
G1 X96.237 Y112.799 E343.81928
G1 F533.3 X96.748 Y112.75 E343.83081
G1 F480 X100.25 Y112.75 E343.91816
G1 X100.25 Y112.25 E343.93064
G1 X96.748 Y112.25 E344.01799
G1 F478.1 X96.499 Y112.043 E344.0261
G1 F446.9 X96.464 Y111.94 E344.02902
G1 F405.4 X96.465 Y109.884 E344.08974
G1 F377.4 X96.466 Y107.828 E344.15498
G1 F412.4 X96.704 Y107.751 E344.16224
G1 F478.1 X123.248 Y107.75 E344.82703
G1 F413.8 X123.531 Y107.83 E344.83554
G1 F376.2 X123.532 Y109.485 E344.88822
G1 F404.7 X123.533 Y111.14 E344.93718
G1 F493.8 X123.448 Y111.54 E344.9471
G1 F600 X123.446 Y112.035 E344.95698
G1 F531 X123.292 Y112.249 E344.96292
;MESH:NONMESH
G0 F300 X123.292 Y112.249 Z11.64
G0 F12000 X123.523 Y112.048
;TIME_ELAPSED:1375.674766
;LAYER:96
;note -- min layer time used
;TYPE:WALL-OUTER
;MESH:9VBatteryHolder_v1.stl
G1 F413.8 X123.522 Y109.936 E345.02404
G1 F382.8 X123.522 Y107.824 E345.0901
G1 F417.4 X123.248 Y107.75 E345.09825
G1 F478.1 X96.704 Y107.751 E345.76304
G1 F415.2 X96.474 Y107.825 E345.77
G1 F383.4 X96.474 Y109.937 E345.83596
G1 F413.8 X96.474 Y112.049 E345.89708
G1 F409.6 X96.505 Y112.191 E345.90133
G1 F430.1 X96.748 Y112.25 E345.90829
G1 F480 X100.25 Y112.25 E345.99565
G1 X100.25 Y112.75 E346.00812
G1 X96.748 Y112.75 E346.09548
G1 F430.1 X96.263 Y112.691 E346.10908
G1 F389 X95.953 Y112.691 E346.11862
G1 X95.954 Y112.382 E346.12813
G1 F409.6 X95.923 Y112.096 E346.13654
G1 F419.6 X95.924 Y110.672 E346.17718
G1 F398 X95.925 Y109.248 E346.22002
G1 F378.5 X95.926 Y107.824 E346.26506
G1 F417.4 X95.652 Y107.75 E346.2732
G1 F480 X95.25 Y107.75 E346.28323
G1 X95.25 Y107.25 E346.2957
G1 X95.652 Y107.25 E346.30573
G1 F417.4 X96.2 Y107.325 E346.3216
G1 F415.2 X96.661 Y107.252 E346.33506
G1 F478.1 X123.248 Y107.25 E347.00092
G1 F417.4 X123.796 Y107.325 E347.01679
G1 F415.2 X124.257 Y107.252 E347.03025
G1 F478.1 X124.75 Y107.25 E347.0426
G1 F480 X124.75 Y107.75 E347.05507
G1 F478.1 X124.3 Y107.751 E347.06634
G1 F415.2 X124.07 Y107.825 E347.07331
G1 F382.8 X124.073 Y109.96 E347.14009
G1 F413.8 X124.076 Y112.095 E347.20187
G1 F408.2 X124.046 Y112.381 E347.21031
G1 F387.7 X124.046 Y112.691 E347.21988
G1 X123.736 Y112.691 E347.22946
G1 F427 X123.335 Y112.748 E347.24081
G1 F478.1 X119.75 Y112.75 E347.3306
G1 F480 X119.75 Y112.25 E347.34307
G1 F478.1 X123.292 Y112.249 E347.43178
G1 F427 X123.492 Y112.191 E347.43762
G1 F408.2 X123.523 Y112.048 E347.44191
;MESH:NONMESH
G0 F300 X123.523 Y112.048 Z11.76
G0 F12000 X123.513 Y112.046
;TIME_ELAPSED:1388.160447
;LAYER:97
;note -- min layer time used
;TYPE:WALL-OUTER
;MESH:9VBatteryHolder_v1.stl
G1 F449.4 X123.515 Y110.628 E347.47969
G1 F428.6 X123.514 Y109.224 E347.51891
G1 F390.9 X123.513 Y107.82 E347.56192
G1 F421.1 X123.248 Y107.75 E347.56972
G1 F478.1 X96.704 Y107.751 E348.23451
G1 F418.8 X96.483 Y107.82 E348.24113
G1 F390.9 X96.482 Y109.224 E348.28413
G1 F427.8 X96.481 Y110.628 E348.32343
G1 F447.8 X96.483 Y112.047 E348.36138
G1 F421.1 X96.519 Y112.198 E348.36579
G1 F434.8 X96.748 Y112.25 E348.37226
G1 F480 X100.25 Y112.25 E348.45961
G1 X100.25 Y112.75 E348.47209
G1 X96.748 Y112.75 E348.55945
G1 F434.8 X96.291 Y112.697 E348.57212
G1 F397.4 X95.99 Y112.697 E348.58119
G1 X95.988 Y112.396 E348.59026
G1 F421.1 X95.952 Y112.094 E348.5989
G1 F447.8 X95.947 Y110.628 E348.63811
G1 F427.8 X95.95 Y109.224 E348.6774
G1 F390.9 X95.953 Y107.82 E348.72041
G1 F421.1 X95.688 Y107.75 E348.72821
G1 F480 X95.25 Y107.75 E348.73913
G1 X95.25 Y107.25 E348.7516
G1 X95.688 Y107.25 E348.76253
G1 F421.1 X96.218 Y107.32 E348.77773
G1 F418.8 X96.661 Y107.252 E348.79055
G1 F478.1 X123.248 Y107.25 E349.45641
G1 F421.1 X123.778 Y107.32 E349.47162
G1 F418.8 X124.221 Y107.252 E349.48443
G1 F478.1 X124.75 Y107.25 E349.49768
G1 F480 X124.75 Y107.75 E349.51015
G1 F478.1 X124.264 Y107.751 E349.52232
G1 F418.8 X124.043 Y107.82 E349.52894
G1 F390.9 X124.046 Y109.224 E349.57195
G1 F428.6 X124.049 Y110.628 E349.61117
G1 F449.4 X124.046 Y112.092 E349.65018
G1 F421.1 X124.01 Y112.395 E349.65885
G1 F396 X124.009 Y112.697 E349.66799
G1 X123.707 Y112.697 E349.67712
G1 F431.7 X123.335 Y112.748 E349.68753
G1 F478.1 X119.75 Y112.75 E349.77732
G1 F480 X119.75 Y112.25 E349.78979
G1 F478.1 X123.292 Y112.249 E349.8785
G1 F431.7 X123.478 Y112.197 E349.88386
G1 F421.1 X123.513 Y112.046 E349.88826
;MESH:NONMESH
G0 F300 X123.513 Y112.046 Z11.88
G0 F12000 X123.502 Y112.045
;TIME_ELAPSED:1400.483034
;LAYER:98
;note -- min layer time used
;TYPE:WALL-OUTER
;MESH:9VBatteryHolder_v1.stl
G1 F452 X123.503 Y110.635 E349.92562
G1 F419.6 X123.504 Y109.225 E349.96585
G1 F392.2 X123.505 Y107.815 E350.00891
G1 F424 X123.248 Y107.75 E350.01639
G1 F478.1 X96.704 Y107.751 E350.68118
G1 F422.5 X96.492 Y107.815 E350.68746
G1 F418.1 X96.49 Y109.157 E350.72589
G1 F465.1 X96.494 Y112.045 E350.80024
G1 F434 X96.534 Y112.205 E350.80479
G1 F439.6 X96.748 Y112.25 E350.81074
G1 F480 X100.25 Y112.25 E350.8981
G1 X100.25 Y112.75 E350.91057
G1 X96.748 Y112.75 E350.99793
G1 F439.6 X96.321 Y112.705 E351.00963
G1 F406.1 X96.027 Y112.705 E351.0183
G1 X96.025 Y112.41 E351.02699
G1 F434 X95.985 Y112.091 E351.03586
G1 F465.1 X95.974 Y109.158 E351.11137
G1 F418.1 X95.98 Y107.815 E351.14983
G1 F424 X95.724 Y107.75 E351.15729
G1 F480 X95.25 Y107.75 E351.16911
G1 X95.25 Y107.25 E351.18158
G1 X95.724 Y107.25 E351.19341
G1 F424 X96.236 Y107.315 E351.20798
G1 F422.5 X96.661 Y107.252 E351.22016
G1 F478.1 X123.248 Y107.25 E351.88603
G1 F424 X123.762 Y107.316 E351.90066
G1 F422.5 X124.189 Y107.252 E351.91289
G1 F478.1 X124.75 Y107.25 E351.92694
G1 F480 X124.75 Y107.75 E351.93942
G1 F478.1 X124.232 Y107.751 E351.95239
G1 F422.5 X124.019 Y107.816 E351.9587
G1 F392.2 X124.016 Y109.241 E352.00221
G1 F419.6 X124.014 Y110.666 E352.04288
G1 F452 X124.011 Y112.091 E352.08063
G1 F435.6 X123.97 Y112.41 E352.08947
G1 F406.1 X123.969 Y112.705 E352.09817
G1 X123.674 Y112.705 E352.10686
G1 F438 X123.335 Y112.748 E352.11621
G1 F478.1 X119.75 Y112.75 E352.20599
G1 F480 X119.75 Y112.25 E352.21846
G1 F478.1 X123.292 Y112.249 E352.30717
G1 F438 X123.461 Y112.205 E352.31195
G1 F435.6 X123.502 Y112.045 E352.31649
;MESH:NONMESH
G0 F300 X123.502 Y112.045 Z12
G0 F12000 X123.492 Y112.043
;TIME_ELAPSED:1412.714838
;LAYER:99
;note -- min layer time used
;TYPE:WALL-OUTER
;MESH:9VBatteryHolder_v1.stl
G1 F467.8 X123.493 Y110.632 E352.3526
G1 F430.9 X123.495 Y109.221 E352.39181
G1 F399.3 X123.496 Y107.81 E352.43412
G1 F427 X123.248 Y107.75 E352.44127
G1 F478.1 X96.704 Y107.751 E353.10606
G1 F425.5 X96.501 Y107.811 E353.11202
G1 F400 X96.502 Y109.222 E353.15426
G1 F430.1 X96.504 Y110.633 E353.19354
G1 F466.9 X96.505 Y112.044 E353.22972
G1 F447.8 X96.55 Y112.211 E353.23435
G1 F444.4 X96.748 Y112.25 E353.23978
G1 F480 X100.25 Y112.25 E353.32714
G1 X100.25 Y112.75 E353.33961
G1 X96.748 Y112.75 E353.42697
G1 F444.4 X96.352 Y112.711 E353.43769
G1 F414.5 X96.064 Y112.711 E353.44601
G1 X96.063 Y112.422 E353.45436
G1 F447.8 X96.018 Y112.086 E353.46342
G1 F466.9 X96.014 Y110.661 E353.49997
G1 F430.1 X96.011 Y109.236 E353.53964
G1 F400 X96.007 Y107.811 E353.58229
G1 F427.8 X95.76 Y107.75 E353.58941
G1 F480 X95.25 Y107.75 E353.60214
G1 X95.25 Y107.25 E353.61461
G1 X95.76 Y107.25 E353.62733
G1 F427.8 X96.254 Y107.311 E353.64126
G1 F425.5 X96.661 Y107.252 E353.65283
G1 F478.1 X123.248 Y107.25 E354.3187
G1 F427 X123.744 Y107.311 E354.33271
G1 F425.5 X124.153 Y107.252 E354.34434
G1 F478.1 X124.75 Y107.25 E354.35929
G1 F480 X124.75 Y107.75 E354.37177
G1 F478.1 X124.196 Y107.751 E354.38564
G1 F425.5 X123.992 Y107.811 E354.39162
G1 F399.3 X123.988 Y109.236 E354.43435
G1 F430.9 X123.985 Y110.661 E354.47395
G1 F467.8 X123.981 Y112.086 E354.51042
G1 F448.6 X123.936 Y112.422 E354.51947
G1 F414.5 X123.935 Y112.711 E354.52782
G1 X123.646 Y112.711 E354.53617
G1 F442.8 X123.335 Y112.748 E354.54464
G1 F478.1 X119.75 Y112.75 E354.63442
G1 F480 X119.75 Y112.25 E354.64689
G1 F478.1 X123.292 Y112.249 E354.7356
G1 F442.8 X123.447 Y112.211 E354.73992
G1 F448.6 X123.492 Y112.043 E354.74456
;MESH:NONMESH
G0 F300 X123.492 Y112.043 Z12.12
G0 F12000 X123.481 Y112.041
;TIME_ELAPSED:1424.946112
;LAYER:100
;note -- min layer time used
;TYPE:WALL-OUTER
;MESH:9VBatteryHolder_v1.stl
G1 F510.6 X123.484 Y109.189 E354.81144
G1 F444.4 X123.482 Y107.805 E354.84872
G1 F433.2 X123.248 Y107.75 E354.85536
G1 F478.1 X96.704 Y107.751 E355.52016
G1 F430.9 X96.514 Y107.805 E355.52565
G1 F444.4 X96.513 Y109.196 E355.56312
G1 F510.6 X96.516 Y112.041 E355.62983
G1 F463.3 X96.566 Y112.217 E355.63456
G1 F450.3 X96.748 Y112.25 E355.63948
G1 F480 X100.25 Y112.25 E355.72684
G1 X100.25 Y112.75 E355.73931
G1 X96.748 Y112.75 E355.82667
G1 F450.3 X96.384 Y112.717 E355.83638
G1 F424 X96.102 Y112.717 E355.84435
G1 X96.101 Y112.434 E355.85234
G1 F463.3 X96.051 Y112.082 E355.86153
G1 F510.6 X96.043 Y109.196 E355.9292
G1 F444.4 X96.046 Y107.805 E355.96667
G1 F433.2 X95.812 Y107.75 E355.97332
G1 F480 X95.25 Y107.75 E355.98734
G1 X95.25 Y107.25 E355.99981
G1 X95.812 Y107.25 E356.01383
G1 F433.2 X96.28 Y107.305 E356.02685
G1 F430.9 X96.661 Y107.252 E356.03754
G1 F478.1 X123.248 Y107.25 E356.70341
G1 F433.2 X123.716 Y107.305 E356.71643
G1 F430.9 X124.097 Y107.252 E356.72712
G1 F478.1 X124.75 Y107.25 E356.74348
G1 F480 X124.75 Y107.75 E356.75595
G1 F478.1 X124.14 Y107.751 E356.77123
G1 F430.9 X123.95 Y107.805 E356.77672
G1 F444.4 X123.956 Y109.188 E356.81398
G1 F510.6 X123.948 Y112.083 E356.88186
G1 F463.3 X123.898 Y112.434 E356.89102
G1 F424 X123.897 Y112.716 E356.89899
G1 X123.615 Y112.716 E356.90695
G1 F447.8 X123.335 Y112.748 E356.91449
G1 F478.1 X119.75 Y112.75 E357.00427
G1 F480 X119.75 Y112.25 E357.01674
G1 F478.1 X123.292 Y112.249 E357.10545
G1 F447.8 X123.432 Y112.217 E357.10929
G1 F463.3 X123.481 Y112.041 E357.11401
;MESH:NONMESH
G0 F300 X123.481 Y112.041 Z12.24
G0 F12000 X123.47 Y112.039
;TIME_ELAPSED:1436.884486
;LAYER:101
;note -- min layer time used
;TYPE:WALL-OUTER
;MESH:9VBatteryHolder_v1.stl
G1 F515 X123.47 Y110.979 E357.13866
G1 F476.2 X123.47 Y109.919 E357.16531
G1 F443.6 X123.47 Y108.859 E357.19392
G1 F414.5 X123.47 Y107.799 E357.22454
G1 F437.2 X123.248 Y107.75 E357.23077
G1 F478.1 X96.704 Y107.751 E357.89556
G1 F435.6 X96.527 Y107.799 E357.9006
G1 F415.2 X96.527 Y108.859 E357.93117
G1 F443.6 X96.528 Y109.919 E357.95978
G1 F477.1 X96.528 Y110.979 E357.98638
G1 F515 X96.528 Y112.039 E358.01102
G1 F479 X96.582 Y112.223 E358.01581
G1 F454.5 X96.748 Y112.25 E358.02024
G1 F480 X100.25 Y112.25 E358.1076
G1 X100.25 Y112.75 E358.12008
G1 X96.748 Y112.75 E358.20743
G1 F454.5 X96.417 Y112.723 E358.21618
G1 F432.4 X96.141 Y112.723 E358.22382
G1 X96.139 Y112.445 E358.23152
G1 F479 X96.084 Y112.078 E358.2408
G1 F515 X96.084 Y111.008 E358.26567
G1 F477.1 X96.085 Y109.938 E358.29252
G1 F443.6 X96.085 Y108.868 E358.3214
G1 F415.2 X96.085 Y107.798 E358.35226
G1 F438 X95.864 Y107.75 E358.35844
G1 F480 X95.25 Y107.75 E358.37376
G1 X95.25 Y107.25 E358.38623
G1 X95.864 Y107.25 E358.40155
G1 F438 X96.306 Y107.299 E358.41371
G1 F435.6 X96.661 Y107.252 E358.42355
G1 F478.1 X123.248 Y107.25 E359.08942
G1 F437.2 X123.692 Y107.3 E359.10166
G1 F434.8 X124.049 Y107.252 E359.11158
G1 F478.1 X124.75 Y107.25 E359.12913
G1 F480 X124.75 Y107.75 E359.1416
G1 F478.1 X124.092 Y107.751 E359.15808
G1 F434.8 X123.914 Y107.799 E359.16316
G1 F414.5 X123.914 Y108.869 E359.19407
G1 F443.6 X123.914 Y109.939 E359.22295
G1 F476.2 X123.915 Y111.009 E359.24985
G1 F515 X123.915 Y112.079 E359.27473
G1 F479 X123.86 Y112.445 E359.28398
G1 F432.4 X123.859 Y112.722 E359.29165
G1 X123.582 Y112.722 E359.29932
G1 F452.8 X123.335 Y112.748 E359.30589
G1 F478.1 X119.75 Y112.75 E359.39567
G1 F480 X119.75 Y112.25 E359.40815
G1 F478.1 X123.292 Y112.249 E359.49686
G1 F452.8 X123.415 Y112.222 E359.50019
G1 F479 X123.47 Y112.039 E359.50496
;MESH:NONMESH
G0 F300 X123.47 Y112.039 Z12.36
G0 F12000 X123.458 Y112.037
;TIME_ELAPSED:1448.930657
;LAYER:102
;note -- min layer time used
;TYPE:WALL-OUTER
;MESH:9VBatteryHolder_v1.stl
G1 F540.5 X123.458 Y110.976 E359.52846
G1 F494.8 X123.458 Y109.915 E359.55414
G1 F456.3 X123.457 Y108.854 E359.58198
G1 F423.3 X123.457 Y107.793 E359.61199
G1 F441.2 X123.248 Y107.75 E359.61779
G1 F478.1 X96.704 Y107.751 E360.28258
G1 F439.6 X96.539 Y107.793 E360.28721
G1 F422.5 X96.539 Y108.854 E360.31728
G1 F455.4 X96.539 Y109.915 E360.34518
G1 F492.8 X96.538 Y110.976 E360.37096
G1 F538.1 X96.538 Y112.037 E360.39456
G1 F506.3 X96.606 Y112.25 E360.39985
G1 F469.7 X100.25 Y112.25 E360.49275
G1 F480 X100.25 Y112.75 E360.50522
G1 X96.748 Y112.75 E360.59258
G1 F459.8 X96.45 Y112.728 E360.60036
G1 F440.4 X96.179 Y112.728 E360.60773
G1 X96.177 Y112.457 E360.6151
G1 F493.8 X96.116 Y112.075 E360.62448
G1 F538.1 X96.117 Y111.004 E360.64831
G1 F492.8 X96.119 Y109.933 E360.67433
G1 F455.4 X96.12 Y108.862 E360.70249
G1 F422.5 X96.121 Y107.791 E360.73284
G1 F441.2 X95.912 Y107.75 E360.73862
G1 F480 X95.25 Y107.75 E360.75513
G1 X95.25 Y107.25 E360.76761
G1 X95.912 Y107.25 E360.78412
G1 F441.2 X96.33 Y107.294 E360.79553
G1 F439.6 X96.661 Y107.252 E360.80462
G1 F478.1 X123.248 Y107.25 E361.47049
G1 F441.2 X123.666 Y107.294 E361.48189
G1 F439.6 X123.997 Y107.252 E361.49098
G1 F478.1 X124.75 Y107.25 E361.50984
G1 F480 X124.75 Y107.75 E361.52231
G1 F478.1 X124.04 Y107.751 E361.54009
G1 F439.6 X123.875 Y107.793 E361.54473
G1 F423.3 X123.876 Y108.864 E361.57503
G1 F456.3 X123.878 Y109.935 E361.60313
G1 F494.8 X123.879 Y111.006 E361.62905
G1 F540.5 X123.88 Y112.077 E361.65277
G1 F495.9 X123.818 Y112.457 E361.66207
G1 F441.2 X123.817 Y112.728 E361.66943
G1 X123.546 Y112.728 E361.67678
G1 F458 X123.335 Y112.748 E361.68232
G1 F478.1 X119.75 Y112.75 E361.77211
G1 F480 X119.75 Y112.25 E361.78458
G1 F469.7 X123.39 Y112.249 E361.87738
G1 F508.5 X123.458 Y112.037 E361.88262
;MESH:NONMESH
G0 F300 X123.458 Y112.037 Z12.48
G0 F12000 X123.374 Y112.249
;TIME_ELAPSED:1460.937955
;LAYER:103
;note -- min layer time used
;TYPE:WALL-OUTER
;MESH:9VBatteryHolder_v1.stl
G1 F524 X123.446 Y112.034 E361.8878
G1 F568.7 X123.446 Y110.973 E361.91014
G1 F515 X123.446 Y109.912 E361.93481
G1 F469.7 X123.445 Y108.851 E361.96185
G1 F432.4 X123.445 Y107.79 E361.99123
G1 F446.1 X123.248 Y107.75 E361.99663
G1 F478.1 X96.704 Y107.751 E362.66142
G1 F443.6 X96.552 Y107.788 E362.66564
G1 F432.4 X96.551 Y108.85 E362.69505
G1 F469.7 X96.551 Y109.912 E362.72212
G1 F513.9 X96.55 Y110.974 E362.74687
G1 F567.4 X96.55 Y112.036 E362.76928
G1 F522.9 X96.623 Y112.25 E362.77446
G1 F472.4 X100.25 Y112.25 E362.86638
G1 F480 X100.25 Y112.75 E362.87885
G1 X96.748 Y112.75 E362.96621
G1 F464.2 X96.487 Y112.733 E362.97296
G1 F449.4 X96.22 Y112.733 E362.98007
G1 X96.221 Y112.465 E362.98721
G1 F512.8 X96.154 Y112.069 E362.99659
G1 F567.4 X96.155 Y110.999 E363.01917
G1 F513.9 X96.157 Y109.929 E363.0441
G1 F469.7 X96.158 Y108.859 E363.07138
G1 F432.4 X96.16 Y107.789 E363.101
G1 F446.1 X95.964 Y107.75 E363.10637
G1 F480 X95.25 Y107.75 E363.12418
G1 X95.25 Y107.25 E363.13665
G1 X95.964 Y107.25 E363.15446
G1 F446.1 X96.356 Y107.288 E363.16503
G1 F443.6 X96.661 Y107.252 E363.17332
G1 F478.1 X123.248 Y107.25 E363.83919
G1 F446.1 X123.642 Y107.289 E363.84982
G1 F443.6 X123.949 Y107.252 E363.85816
G1 F478.1 X124.75 Y107.25 E363.87822
G1 F480 X124.75 Y107.75 E363.8907
G1 F478.1 X123.992 Y107.751 E363.90968
G1 F443.6 X123.839 Y107.789 E363.91393
G1 F432.4 X123.84 Y108.859 E363.94356
G1 F469.7 X123.841 Y109.929 E363.97084
G1 F515 X123.842 Y110.999 E363.99572
G1 F568.7 X123.843 Y112.069 E364.01824
G1 F512.8 X123.777 Y112.466 E364.02764
G1 F448.6 X123.777 Y112.733 E364.03477
G1 X123.509 Y112.733 E364.04192
G1 F461.5 X123.335 Y112.748 E364.04645
G1 F478.1 X119.75 Y112.75 E364.13624
G1 F480 X119.75 Y112.25 E364.14871
G1 F472.4 X123.374 Y112.249 E364.24056
;MESH:NONMESH
G0 F300 X123.374 Y112.249 Z12.6
G0 F12000 X123.357 Y112.249
;TIME_ELAPSED:1472.819479
;LAYER:104
;note -- min layer time used
;TYPE:WALL-OUTER
;MESH:9VBatteryHolder_v1.stl
G1 F540.5 X123.434 Y112.032 E364.24566
G1 F606.1 X123.433 Y111.182 E364.26245
G1 F553 X123.433 Y110.332 E364.28086
G1 F508.5 X123.432 Y109.482 E364.30087
G1 F470.6 X123.432 Y108.632 E364.3225
G1 F438 X123.431 Y107.782 E364.34574
G1 F449.4 X123.248 Y107.75 E364.35069
G1 F478.1 X96.704 Y107.751 E365.01548
G1 F447.8 X96.565 Y107.783 E365.01929
G1 F438 X96.564 Y108.633 E365.04253
G1 F470.6 X96.564 Y109.483 E365.06416
G1 F508.5 X96.563 Y110.333 E365.08417
G1 F554.3 X96.563 Y111.183 E365.10254
G1 F607.6 X96.562 Y112.033 E365.11929
G1 F540.5 X96.641 Y112.25 E365.1244
G1 F474.3 X100.25 Y112.25 E365.21551
G1 F480 X100.25 Y112.75 E365.22798
G1 X96.748 Y112.75 E365.31534
G1 F468.8 X96.526 Y112.737 E365.32102
G1 F458 X96.263 Y112.737 E365.3279
G1 X96.264 Y112.474 E365.33477
G1 F533.3 X96.191 Y112.062 E365.34417
G1 F607.6 X96.193 Y111.206 E365.36103
G1 F554.3 X96.194 Y110.35 E365.37953
G1 F508.5 X96.196 Y109.494 E365.39968
G1 F470.6 X96.197 Y108.638 E365.42146
G1 F438 X96.199 Y107.782 E365.44487
G1 F449.4 X96.016 Y107.75 E365.44982
G1 F480 X95.25 Y107.75 E365.46892
G1 X95.25 Y107.25 E365.4814
G1 X96.016 Y107.25 E365.5005
G1 F449.4 X96.382 Y107.283 E365.51029
G1 F447.8 X96.661 Y107.252 E365.5178
G1 F478.1 X123.248 Y107.25 E366.18367
G1 F449.4 X123.614 Y107.283 E366.19346
G1 F447.8 X123.893 Y107.252 E366.20097
G1 F478.1 X124.75 Y107.25 E366.22243
G1 F480 X124.75 Y107.75 E366.2349
G1 F478.1 X123.936 Y107.751 E366.25529
G1 F447.8 X123.797 Y107.783 E366.2591
G1 F438 X123.799 Y108.639 E366.28251
G1 F470.6 X123.802 Y109.495 E366.30429
G1 F508.5 X123.804 Y110.351 E366.32444
G1 F553 X123.807 Y111.207 E366.34298
G1 F606.1 X123.809 Y112.063 E366.35989
G1 F532.2 X123.736 Y112.474 E366.36928
G1 F457.1 X123.737 Y112.738 E366.3762
G1 X123.473 Y112.738 E366.38311
G1 F466 X123.335 Y112.748 E366.38667
G1 F478.1 X119.75 Y112.75 E366.47645
G1 F480 X119.75 Y112.25 E366.48893
G1 F474.3 X123.357 Y112.249 E366.57998
;MESH:NONMESH
G0 F300 X123.357 Y112.249 Z12.72
G0 F12000 X123.336 Y112.243
;TIME_ELAPSED:1484.609729
;LAYER:105
;note -- min layer time used
;TYPE:WALL-OUTER
;MESH:9VBatteryHolder_v1.stl
G1 F556.8 X123.421 Y112.031 E366.58489
G1 F691.6 X123.422 Y111.372 E366.5963
G1 F641.7 X123.421 Y110.474 E366.61306
G1 F563.4 X123.421 Y109.576 E366.63214
G1 F500 X123.42 Y108.678 E366.65365
G1 F451.1 X123.419 Y107.78 E366.67748
G1 F452.8 X123.248 Y107.75 E366.68207
G1 F478.1 X96.704 Y107.751 E367.34686
G1 F451.1 X96.578 Y107.779 E367.35029
G1 F446.9 X96.578 Y108.629 E367.37306
G1 F483.9 X96.577 Y109.479 E367.3941
G1 F528.6 X96.577 Y110.329 E367.41335
G1 F582.5 X96.576 Y111.179 E367.43082
G1 F646.9 X96.576 Y112.029 E367.44655
G1 F559.4 X96.663 Y112.25 E367.45164
G1 F476.2 X100.25 Y112.25 E367.54183
G1 F480 X100.25 Y112.75 E367.5543
G1 X96.748 Y112.75 E367.64166
G1 F472.4 X96.317 Y112.742 E367.65259
G1 F465.1 X96.315 Y112.486 E367.65918
G1 F554.3 X96.23 Y112.062 E367.66852
G1 F646.9 X96.232 Y111.205 E367.68438
G1 F582.5 X96.233 Y110.348 E367.702
G1 F528.6 X96.235 Y109.491 E367.72141
G1 F483.9 X96.236 Y108.634 E367.74261
G1 F446.9 X96.238 Y107.777 E367.76557
G1 F453.7 X96.068 Y107.75 E367.77012
G1 F480 X95.25 Y107.75 E367.79052
G1 X95.25 Y107.25 E367.803
G1 X96.068 Y107.25 E367.8234
G1 F453.7 X96.408 Y107.279 E367.83241
G1 F451.1 X96.661 Y107.252 E367.83916
G1 F478.1 X123.248 Y107.25 E368.50503
G1 F452.8 X123.59 Y107.279 E368.5141
G1 F451.1 X123.845 Y107.252 E368.52091
G1 F478.1 X124.75 Y107.25 E368.54357
G1 F480 X124.75 Y107.75 E368.55605
G1 F478.1 X123.888 Y107.751 E368.57764
G1 F451.1 X123.761 Y107.779 E368.58109
G1 X123.763 Y108.677 E368.60492
G1 F500 X123.765 Y109.575 E368.62643
G1 F563.4 X123.768 Y110.473 E368.64551
G1 F641.7 X123.77 Y111.371 E368.66227
G1 F691.6 X123.767 Y112.062 E368.67423
G1 F556.8 X123.681 Y112.486 E368.68353
G1 F466 X123.679 Y112.743 E368.69014
G1 F472.4 X119.75 Y112.75 E368.78971
G1 F480 X119.75 Y112.25 E368.80219
G1 F472.4 X123.336 Y112.243 E368.89307
G1 F1500 E362.39307
;MESH:NONMESH
G0 F300 X123.336 Y112.243 Z12.84
G0 F12000 X123.336 Y112.51
G0 X124.606 Y112.427
G0 X124.59 Y113.653
G0 X118.847 Y113.653
G0 X118.847 Y111.347
G0 X122.597 Y108.653
G0 X123.836 Y107.751
;TIME_ELAPSED:1497.229800
;LAYER:106
;note -- min layer time used
;TYPE:WALL-OUTER
;MESH:9VBatteryHolder_v1.stl
G1 F1500 E368.89307
G1 F440.4 X123.642 Y107.83 E368.89877
G1 F394.7 X123.564 Y108.001 E368.90447
G1 X123.486 Y107.83 E368.91017
G1 F431.7 X123.37 Y107.75 E368.91408
G1 F458.9 X114.481 Y107.75 E369.14601
G1 F465.1 X105.592 Y107.751 E369.37485
G1 F471.5 X96.703 Y107.751 E369.60058
G1 F441.2 X96.511 Y107.83 E369.60621
G1 F396 X96.434 Y108.002 E369.61191
G1 X96.357 Y107.83 E369.61761
G1 F433.2 X96.243 Y107.75 E369.62145
G1 F468.8 X95.25 Y107.75 E369.64682
G1 F480 X95.25 Y107.25 E369.65929
G1 X96.12 Y107.25 E369.68099
G1 F457.1 X96.434 Y107.275 E369.68924
G1 F454.5 X96.661 Y107.252 E369.69526
G1 F478.1 X123.248 Y107.25 E370.36112
G1 F457.1 X123.564 Y107.275 E370.36943
G1 F454.5 X123.793 Y107.252 E370.37549
G1 F478.1 X124.75 Y107.25 E370.39946
G1 F480 X124.75 Y107.75 E370.41193
G1 F478.1 X123.836 Y107.751 E370.43482
G0 F12000 X123.564 Y108.001
G1 F379.1 X123.562 Y112.056 E370.56288
G0 F12000 X123.309 Y112.247
G1 F421.1 X123.562 Y112.056 E370.57189
G1 X123.624 Y112.494 E370.58447
G1 F473.4 X123.623 Y112.747 E370.59087
G1 F476.2 X119.75 Y112.75 E370.68826
G1 F480 X119.75 Y112.25 E370.70073
G1 F476.2 X123.309 Y112.247 E370.79022
G1 F1500 E364.29022
G0 F12000 X123.309 Y112.51
G0 X119.93 Y112.51
G0 X118.835 Y112.51
G0 X101.165 Y112.51
G0 X96.687 Y112.247
G1 F1500 E370.79022
G1 F476.2 X100.25 Y112.25 E370.87981
G1 F480 X100.25 Y112.75 E370.89228
G1 F476.2 X96.373 Y112.746 E370.98977
G1 F472.4 X96.372 Y112.494 E370.99616
G1 F418.8 X96.434 Y112.055 E371.00883
G1 X96.687 Y112.247 E371.01791
G0 F12000 X96.434 Y112.055
G1 F375.6 X96.428 Y109.92 E371.08597
G1 F378.5 X96.434 Y108.002 E371.14664
;MESH:NONMESH
G0 F300 X96.434 Y108.002 Z12.96
G0 F12000 X96.434 Y107.49
G0 X123.709 Y107.49
G0 X123.709 Y107.751
;TIME_ELAPSED:1510.608198
;LAYER:107
;note -- min layer time used
;TYPE:WALL-OUTER
;MESH:9VBatteryHolder_v1.stl
G1 F445.3 X123.61 Y107.827 E371.15
G1 F422.5 X123.538 Y108 E371.15531
G1 X123.466 Y107.827 E371.16062
G1 F441.2 X123.366 Y107.75 E371.16404
G1 F454.5 X109.997 Y107.751 E371.51621
G1 F458 X96.628 Y107.751 E371.86571
G1 F446.1 X96.531 Y107.826 E371.869
G1 F424 X96.46 Y108 E371.87431
G1 X96.389 Y107.826 E371.87961
G1 F446.1 X96.29 Y107.75 E371.88296
G1 F470.6 X95.25 Y107.75 E371.90942
G1 F480 X95.25 Y107.25 E371.9219
G1 X96.172 Y107.25 E371.9449
G1 F460.7 X96.46 Y107.271 E371.9524
G1 F458 X96.661 Y107.252 E371.95768
G1 F478.1 X123.248 Y107.25 E372.62355
G1 F460.7 X123.538 Y107.271 E372.63111
G1 F458 X123.741 Y107.252 E372.63644
G1 F478.1 X124.75 Y107.25 E372.66171
G1 F480 X124.75 Y107.75 E372.67418
G1 F470.6 X123.709 Y107.751 E372.70067
G0 F12000 X123.538 Y108
G1 F418.1 X123.53 Y112.049 E372.81662
G0 F12000 X123.28 Y112.249
G1 F447.8 X123.53 Y112.049 E372.82518
G1 X123.563 Y112.499 E372.83724
G1 F479 X123.562 Y112.749 E372.84349
G1 F480 X119.75 Y112.75 E372.93858
G1 X119.75 Y112.25 E372.95106
G1 X123.28 Y112.249 E373.03911
G1 F1500 E366.53911
G0 F12000 X123.28 Y112.51
G0 X119.93 Y112.51
G0 X118.835 Y112.51
G0 X101.165 Y112.51
G0 X96.716 Y112.249
G1 F1500 E373.03911
G1 F479 X100.25 Y112.25 E373.12745
G1 F480 X100.25 Y112.75 E373.13992
G1 F479 X96.435 Y112.749 E373.23527
G1 F478.1 X96.434 Y112.498 E373.24156
G1 F447.8 X96.467 Y112.05 E373.25357
G1 X96.716 Y112.249 E373.2621
G0 F12000 X96.467 Y112.05
G1 F418.8 X96.46 Y108 E373.37787
;MESH:NONMESH
G0 F300 X96.46 Y108 Z13.08
G0 F12000 X96.46 Y107.49
G0 X123.652 Y107.49
G0 X123.652 Y107.751
;TIME_ELAPSED:1523.565070
;LAYER:108
;note -- min layer time used
;TYPE:WALL-OUTER
;MESH:9VBatteryHolder_v1.stl
G1 F460.7 X123.569 Y107.823 E373.38073
G1 F461.5 X123.506 Y108 E373.3856
G1 X123.443 Y107.823 E373.39048
G1 F457.1 X123.358 Y107.75 E373.39341
G1 F458.9 X109.997 Y107.75 E373.74204
G1 F462.4 X96.636 Y107.751 E374.08799
G1 F459.8 X96.553 Y107.823 E374.09085
G1 F460.7 X96.49 Y108 E374.09574
G1 X96.427 Y107.823 E374.10062
G1 F459.8 X96.342 Y107.75 E374.10354
G1 F472.4 X95.25 Y107.75 E374.13122
G1 F480 X95.25 Y107.25 E374.14369
G1 X96.232 Y107.25 E374.16818
G1 F464.2 X96.49 Y107.267 E374.17485
G1 F461.5 X96.661 Y107.252 E374.17931
G1 F478.1 X123.248 Y107.25 E374.84517
G1 F464.2 X123.506 Y107.267 E374.85184
G1 F461.5 X123.677 Y107.252 E374.8563
G1 F478.1 X124.75 Y107.25 E374.88317
G1 F480 X124.75 Y107.75 E374.89564
G1 F472.4 X123.652 Y107.751 E374.92347
G0 F12000 X123.506 Y108
G1 F471.5 X123.499 Y112.043 E375.02614
G0 F12000 X123.249 Y112.25
G1 F478.1 X123.499 Y112.043 E375.03427
G1 X123.499 Y112.75 E375.05197
G1 F480 X119.75 Y112.75 E375.14549
G1 X119.75 Y112.25 E375.15797
G1 X123.249 Y112.25 E375.24525
G1 F1500 E368.74525
G0 F12000 X123.249 Y112.51
G0 X119.93 Y112.51
G0 X118.835 Y112.51
G0 X101.165 Y112.51
G0 X96.748 Y112.25
G1 F1500 E375.24525
G1 F480 X100.25 Y112.25 E375.33261
G1 X100.25 Y112.75 E375.34508
G1 X96.498 Y112.75 E375.43867
G1 F475.2 X96.497 Y112.044 E375.45646
G1 X96.748 Y112.25 E375.46464
G0 F12000 X96.497 Y112.044
G1 F467.8 X96.49 Y108 E375.56814
;MESH:NONMESH
G0 F300 X96.49 Y108 Z13.2
G0 F12000 X96.49 Y107.49
G0 X123.592 Y107.49
G0 X123.592 Y107.751
;TIME_ELAPSED:1536.318948
;LAYER:109
;note -- min layer time used
;TYPE:WALL-OUTER
;MESH:9VBatteryHolder_v1.stl
G1 F478.1 X123.524 Y107.82 E375.57057
G1 F512.8 X123.47 Y108.001 E375.57498
G1 X123.416 Y107.82 E375.57939
G1 F476.2 X123.347 Y107.75 E375.58186
G1 F466 X96.648 Y107.751 E376.26785
G1 F478.1 X96.58 Y107.82 E376.27028
G1 F512.8 X96.526 Y108.001 E376.27469
G1 X96.472 Y107.82 E376.2791
G1 F478.1 X96.403 Y107.75 E376.28156
G1 F474.3 X95.25 Y107.75 E376.31067
G1 F480 X95.25 Y107.25 E376.32314
G1 X124.75 Y107.25 E377.05902
G1 X124.75 Y107.75 E377.07149
G1 F474.3 X123.592 Y107.751 E377.10072
G0 F12000 X123.47 Y108.001
G1 F540.5 X123.469 Y112.038 E377.19015
G0 F12000 X123.248 Y112.249
G1 F508.5 X123.469 Y112.038 E377.19734
G1 X123.441 Y112.442 E377.20688
G1 F481 X123.439 Y112.75 E377.21455
G1 F480 X119.75 Y112.75 E377.30657
G1 X119.75 Y112.25 E377.31904
G1 X123.248 Y112.249 E377.4063
G1 F1500 E370.9063
G0 F12000 X123.248 Y112.51
G0 X119.93 Y112.51
G0 X118.835 Y112.51
G0 X101.165 Y112.51
G0 X96.748 Y112.25
G1 F1500 E377.4063
G1 F480 X100.25 Y112.25 E377.49366
G1 X100.25 Y112.75 E377.50613
G1 X96.557 Y112.75 E377.59825
G1 X96.556 Y112.442 E377.60594
G1 F506.3 X96.527 Y112.039 E377.61549
G1 X96.748 Y112.25 E377.62272
G0 F12000 X96.527 Y112.039
G1 F538.1 X96.526 Y108.001 E377.71257
;MESH:NONMESH
G0 F300 X96.526 Y108.001 Z13.32
G0 F12000 X96.526 Y107.49
G0 X123.536 Y107.49
G0 X123.536 Y107.751
;TIME_ELAPSED:1548.845158
;LAYER:110
;note -- min layer time used
;TYPE:WALL-OUTER
;MESH:9VBatteryHolder_v1.stl
G1 F541.8 X123.436 Y108.001 E377.71852
G1 F538.1 X123.335 Y107.75 E377.72454
G1 F469.7 X96.661 Y107.751 E378.40456
G1 F545.5 X96.562 Y108.001 E378.41046
G1 F576.9 X96.517 Y107.817 E378.4144
G1 F495.9 X96.462 Y107.75 E378.41649
G1 F476.2 X95.25 Y107.75 E378.44696
G1 F480 X95.25 Y107.25 E378.45944
G1 X124.75 Y107.25 E379.19532
G1 X124.75 Y107.75 E379.20779
G1 F476.2 X123.536 Y107.751 E379.23832
G0 F12000 X123.436 Y108.001
G1 F629.9 X123.439 Y112.033 E379.31496
G0 F12000 X123.248 Y112.248
G1 F544.2 X123.439 Y112.033 E379.32128
G1 X123.382 Y112.382 E379.32906
G1 F481.9 X123.379 Y112.75 E379.33821
G1 F480 X119.75 Y112.75 E379.42873
G1 X119.75 Y112.25 E379.44121
G1 F481 X123.248 Y112.248 E379.52829
G1 F1500 E373.02829
G0 F12000 X123.151 Y112.48
G0 X119.93 Y112.48
G0 X118.835 Y112.48
G0 X101.165 Y112.48
G0 X96.748 Y112.249
G1 F1500 E379.52829
G1 F481 X100.25 Y112.25 E379.61547
G1 F480 X100.25 Y112.75 E379.62795
G1 X96.618 Y112.75 E379.71855
G1 F481 X96.616 Y112.381 E379.72773
G1 F543 X96.558 Y112.033 E379.73551
G1 X96.748 Y112.249 E379.74186
G0 F12000 X96.558 Y112.033
G1 F633.2 X96.562 Y108.001 E379.81809
;MESH:NONMESH
G0 F300 X96.562 Y108.001 Z13.44
G0 F12000 X96.562 Y107.49
G0 X124.52 Y107.52
G0 X124.75 Y107.75
;TIME_ELAPSED:1561.172068
;LAYER:111
;note -- min layer time used
;TYPE:WALL-OUTER
;MESH:9VBatteryHolder_v1.stl
G1 F480 X95.25 Y107.75 E380.55397
G1 X95.25 Y107.25 E380.56645
G1 X124.75 Y107.25 E381.30233
G1 X124.75 Y107.75 E381.3148
G1 F1500 E374.8148
G0 F12000 X124.52 Y107.52
G0 X123.088 Y107.57
G0 X122.597 Y108.653
G0 X122.597 Y111.347
G0 X123.315 Y112.75
G1 F1500 E381.3148
G1 F480 X119.75 Y112.75 E381.40373
G1 X119.75 Y112.25 E381.4162
G1 X123.317 Y112.25 E381.50518
G1 F481 X123.315 Y112.75 E381.51763
G1 F1500 E375.01763
G0 F12000 X123.088 Y112.52
G0 X119.93 Y112.52
G0 X118.835 Y112.52
G0 X101.165 Y112.52
G0 X100.25 Y112.75
G1 F1500 E381.51763
G1 F480 X96.681 Y112.75 E381.60666
G1 X96.679 Y112.25 E381.61913
G1 X100.25 Y112.25 E381.70821
G1 X100.25 Y112.75 E381.72068
G1 F1500 E375.22068
;MESH:NONMESH
G0 F300 X100.25 Y112.75 Z13.56
G0 F12000 X100.02 Y112.52
G0 X100.076 Y111.335
G0 X100.076 Y108.665
G0 X124.75 Y107.75
;TIME_ELAPSED:1573.585826
;LAYER:112
;note -- min layer time used
;TYPE:WALL-OUTER
;MESH:9VBatteryHolder_v1.stl
G1 F1500 E381.72068
G1 F480 X95.25 Y107.75 E382.45656
G1 X95.25 Y107.25 E382.46904
G1 X124.75 Y107.25 E383.20492
G1 X124.75 Y107.75 E383.21739
G1 F1500 E376.71739
G0 F12000 X124.52 Y107.52
G0 X123.02 Y107.57
G0 X122.597 Y108.653
G0 X122.597 Y111.347
G0 X123.249 Y112.75
G1 F1500 E383.21739
G1 F480 X119.75 Y112.75 E383.30467
G1 X119.75 Y112.25 E383.31714
G1 X123.247 Y112.25 E383.40438
G1 X123.249 Y112.75 E383.41685
G1 F1500 E376.91685
G0 F12000 X123.02 Y112.52
G0 X119.93 Y112.52
G0 X118.835 Y112.52
G0 X101.165 Y112.52
G0 X100.25 Y112.75
G1 F1500 E383.41685
G1 F480 X96.748 Y112.75 E383.50421
G1 X96.752 Y112.25 E383.51668
G1 X100.25 Y112.25 E383.60394
G1 X100.25 Y112.75 E383.61641
G1 F1500 E377.11641
;MESH:NONMESH
G0 F300 X100.25 Y112.75 Z13.68
G0 F12000 X100.02 Y112.52
G0 X100.076 Y111.335
G0 X100.076 Y108.665
G0 X124.75 Y107.75
;TIME_ELAPSED:1586.265280
;LAYER:113
;note -- min layer time used
;TYPE:WALL-OUTER
;MESH:9VBatteryHolder_v1.stl
G1 F1500 E383.61641
G1 F480 X95.25 Y107.75 E384.35229
G1 X95.25 Y107.25 E384.36476
G1 X124.75 Y107.25 E385.10064
G1 X124.75 Y107.75 E385.11312
G1 F1500 E378.61312
G0 F12000 X124.52 Y107.52
G0 X122.946 Y107.57
G0 X122.597 Y108.653
G0 X122.597 Y111.347
G0 X123.172 Y112.749
G1 F1500 E385.11312
G1 F480 X119.75 Y112.75 E385.19848
G1 X119.75 Y112.25 E385.21095
G1 X123.171 Y112.25 E385.29629
G1 X123.172 Y112.749 E385.30874
G1 F1500 E378.80874
G0 F12000 X122.946 Y112.52
G0 X119.93 Y112.52
G0 X118.835 Y112.52
G0 X101.165 Y112.52
G0 X100.25 Y112.75
G1 F1500 E385.30874
G1 F480 X96.824 Y112.75 E385.3942
G1 X96.825 Y112.25 E385.40667
G1 X100.25 Y112.25 E385.49211
G1 X100.25 Y112.75 E385.50458
G1 F1500 E379.00458
;MESH:NONMESH
G0 F300 X100.25 Y112.75 Z13.8
G0 F12000 X100.02 Y112.52
G0 X100.076 Y111.335
G0 X100.076 Y108.665
G0 X124.75 Y107.75
;TIME_ELAPSED:1598.899614
;LAYER:114
;note -- min layer time used
;TYPE:WALL-OUTER
;MESH:9VBatteryHolder_v1.stl
G1 F1500 E385.50458
G1 F480 X95.25 Y107.75 E386.24046
G1 X95.25 Y107.25 E386.25293
G1 X124.75 Y107.25 E386.98881
G1 X124.75 Y107.75 E387.00129
G1 F1500 E380.50129
G0 F12000 X124.52 Y107.52
G0 X122.866 Y107.57
G0 X122.597 Y108.653
G0 X122.597 Y111.347
G0 X123.089 Y112.75
G1 F1500 E387.00129
G1 F480 X119.75 Y112.75 E387.08458
G1 X119.75 Y112.25 E387.09705
G1 X123.095 Y112.25 E387.18049
G1 F481 X123.089 Y112.75 E387.19294
G1 F1500 E380.69294
G0 F12000 X122.866 Y112.519
G0 X119.93 Y112.52
G0 X118.835 Y112.52
G0 X101.165 Y112.52
G0 X100.25 Y112.75
G1 F1500 E387.19294
G1 F480 X96.905 Y112.75 E387.27638
G1 X96.9 Y112.25 E387.28886
G1 X100.25 Y112.25 E387.37242
G1 X100.25 Y112.75 E387.38489
G1 F1500 E380.88489
;MESH:NONMESH
G0 F300 X100.25 Y112.75 Z13.92
G0 F12000 X100.02 Y112.52
G0 X100.076 Y111.335
G0 X100.076 Y108.665
G0 X124.75 Y107.75
;TIME_ELAPSED:1611.490406
;LAYER:115
;note -- min layer time used
;TYPE:WALL-OUTER
;MESH:9VBatteryHolder_v1.stl
G1 F1500 E387.38489
G1 F480 X95.25 Y107.75 E388.12077
G1 X95.25 Y107.25 E388.13325
G1 X124.75 Y107.25 E388.86913
G1 X124.75 Y107.75 E388.8816
G1 F1500 E382.3816
G0 F12000 X124.52 Y107.52
G0 X122.785 Y107.57
G0 X122.597 Y108.653
G0 X122.597 Y111.347
G0 X123.011 Y112.75
G1 F1500 E388.8816
G1 F480 X119.75 Y112.75 E388.96295
G1 X119.75 Y112.25 E388.97542
G1 X123.021 Y112.25 E389.05701
G1 F481 X123.011 Y112.75 E389.06946
G1 F1500 E382.56946
G0 F12000 X122.785 Y112.519
G0 X119.93 Y112.52
G0 X118.835 Y112.52
G0 X101.165 Y112.52
G0 X100.25 Y112.75
G1 F1500 E389.06946
G1 F480 X96.989 Y112.75 E389.15081
G1 X96.979 Y112.25 E389.16328
G1 X100.25 Y112.25 E389.24488
G1 X100.25 Y112.75 E389.25735
;TIME_ELAPSED:1623.100203
;LAYER:116
;note -- min layer time used
;MESH:9VBatteryHolder_v1.stl
G0 F12000 X100.25 Y112.75 Z14.04
;TYPE:WALL-OUTER
G1 F480 X97.071 Y112.75 E389.33665
G1 X97.065 Y112.25 E389.34913
G1 X100.25 Y112.25 E389.42858
G1 X100.25 Y112.75 E389.44105
G1 F1500 E382.94105
G0 F12000 X100.02 Y112.52
G0 X101.165 Y112.519
G0 X118.835 Y112.519
G0 X122.926 Y112.75
G1 F1500 E389.44105
G1 F480 X119.75 Y112.75 E389.52028
G1 X119.75 Y112.25 E389.53275
G1 X122.934 Y112.25 E389.61217
G1 F481 X122.926 Y112.75 E389.62462
G1 F1500 E383.12462
G0 F12000 X122.7 Y112.519
G0 X122.759 Y111.335
G0 X122.759 Y108.665
G0 X124.75 Y107.75
G1 F1500 E389.62462
G1 F480 X95.25 Y107.75 E390.3605
G1 X95.25 Y107.25 E390.37298
G1 X124.75 Y107.25 E391.10886
G1 X124.75 Y107.75 E391.12133
G1 F1500 E384.62133
;MESH:NONMESH
G0 F300 X124.75 Y107.75 Z14.16
G0 F12000 X124.52 Y107.52
G0 X100.02 Y107.57
G0 X100.02 Y108.665
G0 X100.02 Y111.335
G0 X100.25 Y112.75
;TIME_ELAPSED:1635.395217
;LAYER:117
;note -- min layer time used
;TYPE:WALL-OUTER
;MESH:9VBatteryHolder_v1.stl
G1 F1500 E391.12133
G1 F480 X97.153 Y112.75 E391.19858
G1 X97.148 Y112.25 E391.21106
G1 X100.25 Y112.25 E391.28844
G1 X100.25 Y112.75 E391.30091
G1 F1500 E384.80091
G0 F12000 X100.02 Y112.52
G0 X101.165 Y112.519
G0 X118.835 Y112.519
G0 X122.844 Y112.75
G1 F1500 E391.30091
G1 F480 X119.75 Y112.75 E391.37809
G1 X119.75 Y112.25 E391.39056
G1 X122.85 Y112.25 E391.46789
G1 X122.844 Y112.75 E391.48036
G1 F1500 E384.98036
G0 F12000 X122.621 Y112.519
G0 X122.68 Y111.335
G0 X122.68 Y108.665
G0 X124.75 Y107.75
G1 F1500 E391.48036
G1 F480 X95.25 Y107.75 E392.21625
G1 X95.25 Y107.25 E392.22872
G1 X124.75 Y107.25 E392.9646
G1 X124.75 Y107.75 E392.97707
G1 F1500 E386.47707
;MESH:NONMESH
G0 F300 X124.75 Y107.75 Z14.28
G0 F12000 X124.52 Y107.52
G0 X100.02 Y107.57
G0 X100.02 Y108.665
G0 X100.02 Y111.335
G0 X100.25 Y112.75
;TIME_ELAPSED:1647.885883
;LAYER:118
;note -- min layer time used
;TYPE:WALL-OUTER
;MESH:9VBatteryHolder_v1.stl
G1 F1500 E392.97707
G1 F480 X97.237 Y112.75 E393.05223
G1 X97.239 Y112.25 E393.0647
G1 X100.25 Y112.25 E393.13981
G1 X100.25 Y112.75 E393.15229
G1 F1500 E386.65229
G0 F12000 X100.02 Y112.52
G0 X101.165 Y112.52
G0 X118.835 Y112.52
G0 X122.763 Y112.749
G1 F1500 E393.15229
G1 F480 X119.75 Y112.75 E393.22744
G1 X119.75 Y112.25 E393.23992
G1 X122.758 Y112.25 E393.31495
G1 F479 X122.763 Y112.749 E393.32743
G1 F1500 E386.82743
G0 F12000 X122.535 Y112.52
G0 X122.589 Y111.335
G0 X122.589 Y108.665
G0 X124.75 Y107.75
G1 F1500 E393.32743
G1 F480 X95.25 Y107.75 E394.06331
G1 X95.25 Y107.25 E394.07578
G1 X124.75 Y107.25 E394.81166
G1 X124.75 Y107.75 E394.82413
G1 F1500 E388.32413
;MESH:NONMESH
G0 F300 X124.75 Y107.75 Z14.4
G0 F12000 X124.52 Y107.52
G0 X100.02 Y107.57
G0 X100.02 Y108.665
G0 X100.02 Y111.335
G0 X100.25 Y112.75
;TIME_ELAPSED:1660.335449
;LAYER:119
;note -- min layer time used
;TYPE:WALL-OUTER
;MESH:9VBatteryHolder_v1.stl
G1 F1500 E394.82413
G1 F480 X97.325 Y112.75 E394.8971
G1 X97.331 Y112.25 E394.90957
G1 X100.25 Y112.25 E394.98238
G1 X100.25 Y112.75 E394.99486
G1 F1500 E388.49486
G0 F12000 X100.02 Y112.52
G0 X101.165 Y112.52
G0 X118.835 Y112.52
G0 X122.671 Y112.75
G1 F1500 E394.99486
G1 F480 X119.75 Y112.75 E395.06772
G1 X119.75 Y112.25 E395.08019
G1 X122.665 Y112.25 E395.15291
G1 X122.671 Y112.75 E395.16538
G1 F1500 E388.66538
G0 F12000 X122.441 Y112.52
G0 X122.495 Y111.335
G0 X122.495 Y108.665
G0 X124.75 Y107.75
G1 F1500 E395.16538
G1 F480 X95.25 Y107.75 E395.90126
G1 X95.25 Y107.25 E395.91374
G1 X124.75 Y107.25 E396.64962
G1 X124.75 Y107.75 E396.66209
G1 F1500 E390.16209
;MESH:NONMESH
G0 F300 X124.75 Y107.75 Z14.52
G0 F12000 X124.52 Y107.52
G0 X100.02 Y107.57
G0 X100.02 Y108.665
G0 X100.02 Y111.335
G0 X100.25 Y112.75
;TIME_ELAPSED:1672.741511
;LAYER:120
;note -- min layer time used
;TYPE:WALL-OUTER
;MESH:9VBatteryHolder_v1.stl
G1 F1500 E396.66209
G1 F480 X97.414 Y112.75 E396.73283
G1 X97.422 Y112.25 E396.74531
G1 X100.25 Y112.25 E396.81585
G1 X100.25 Y112.75 E396.82832
G1 F1500 E390.32832
G0 F12000 X100.02 Y112.52
G0 X101.165 Y112.52
G0 X118.835 Y112.52
G0 X122.584 Y112.749
G1 F1500 E396.82832
G1 F480 X119.75 Y112.75 E396.89902
G1 X119.75 Y112.25 E396.91149
G1 X122.575 Y112.25 E396.98196
G1 X122.584 Y112.749 E396.99441
G1 F1500 E390.49441
G0 F12000 X122.352 Y112.52
G0 X122.406 Y111.335
G0 X122.406 Y108.665
G0 X124.75 Y107.75
G1 F1500 E396.99441
G1 F480 X95.25 Y107.75 E397.73029
G1 X95.25 Y107.25 E397.74276
G1 X124.75 Y107.25 E398.47864
G1 X124.75 Y107.75 E398.49112
G1 F1500 E391.99112
;MESH:NONMESH
G0 F300 X124.75 Y107.75 Z14.64
G0 F12000 X124.52 Y107.52
G0 X100.02 Y107.57
G0 X100.02 Y108.665
G0 X100.02 Y111.335
G0 X100.25 Y112.75
;TIME_ELAPSED:1685.104815
;LAYER:121
;note -- min layer time used
;TYPE:WALL-OUTER
;MESH:9VBatteryHolder_v1.stl
G1 F1500 E398.49112
G1 F480 X97.52 Y112.75 E398.55922
G1 X97.513 Y112.25 E398.57169
G1 X100.25 Y112.25 E398.63997
G1 X100.25 Y112.75 E398.65244
G1 F1500 E392.15244
G0 F12000 X100.02 Y112.52
G0 X101.165 Y112.519
G0 X118.835 Y112.519
G0 X122.476 Y112.75
G1 F1500 E398.65244
G1 F480 X119.75 Y112.75 E398.72044
G1 X119.75 Y112.25 E398.73291
G1 X122.484 Y112.249 E398.80111
G1 F481 X122.476 Y112.75 E398.81358
G1 F1500 E392.31358
G0 F12000 X122.253 Y112.519
G0 X122.312 Y111.335
G0 X122.312 Y108.665
G0 X124.75 Y107.75
G1 F1500 E398.81358
G1 F480 X95.25 Y107.75 E399.54947
G1 X95.25 Y107.25 E399.56194
G1 X124.75 Y107.25 E400.29782
G1 X124.75 Y107.75 E400.31029
G1 F1500 E393.81029
;MESH:NONMESH
G0 F300 X124.75 Y107.75 Z14.76
G0 F12000 X124.52 Y107.52
G0 X100.02 Y107.57
G0 X100.02 Y108.665
G0 X100.02 Y111.335
G0 X100.25 Y112.75
;TIME_ELAPSED:1697.419603
;LAYER:122
;note -- min layer time used
;TYPE:WALL-OUTER
;MESH:9VBatteryHolder_v1.stl
G1 F1500 E400.31029
G1 F480 X97.628 Y112.75 E400.3757
G1 X97.616 Y112.25 E400.38817
G1 X100.25 Y112.25 E400.45388
G1 X100.25 Y112.75 E400.46635
G1 F1500 E393.96635
G0 F12000 X100.02 Y112.52
G0 X101.165 Y112.519
G0 X118.835 Y112.519
G0 X122.371 Y112.75
G1 F1500 E400.46635
G1 F480 X119.75 Y112.75 E400.53173
G1 X119.75 Y112.25 E400.5442
G1 X122.381 Y112.25 E400.60984
G1 F481 X122.371 Y112.75 E400.62229
G1 F1500 E394.12229
G0 F12000 X122.146 Y112.519
G0 X122.205 Y111.335
G0 X122.205 Y108.665
G0 X124.75 Y107.75
G1 F1500 E400.62229
G1 F480 X95.25 Y107.75 E401.35817
G1 X95.25 Y107.25 E401.37064
G1 X124.75 Y107.25 E402.10652
G1 X124.75 Y107.75 E402.11899
G1 F1500 E395.61899
;MESH:NONMESH
G0 F300 X124.75 Y107.75 Z14.88
G0 F12000 X124.52 Y107.52
G0 X100.02 Y107.57
G0 X100.02 Y108.665
G0 X100.02 Y111.335
G0 X100.25 Y112.75
;TIME_ELAPSED:1709.684126
;LAYER:123
;note -- min layer time used
;TYPE:WALL-OUTER
;MESH:9VBatteryHolder_v1.stl
G1 F1500 E402.11899
G1 F480 X97.735 Y112.75 E402.18173
G1 X97.729 Y112.25 E402.1942
G1 X100.25 Y112.25 E402.25709
G1 X100.25 Y112.75 E402.26956
G1 F1500 E395.76956
G0 F12000 X100.02 Y112.52
G0 X101.165 Y112.519
G0 X118.835 Y112.519
G0 X122.263 Y112.75
G1 F1500 E402.26956
G1 F480 X119.75 Y112.75 E402.33225
G1 X119.75 Y112.25 E402.34472
G1 X122.274 Y112.249 E402.40768
G1 F481 X122.263 Y112.75 E402.42016
G1 F1500 E395.92016
G0 F12000 X122.04 Y112.519
G0 X122.099 Y111.335
G0 X122.099 Y108.665
G0 X124.75 Y107.75
G1 F1500 E402.42016
G1 F480 X95.25 Y107.75 E403.15604
G1 X95.25 Y107.25 E403.16851
G1 X124.75 Y107.25 E403.90439
G1 X124.75 Y107.75 E403.91686
G1 F1500 E397.41686
;MESH:NONMESH
G0 F300 X124.75 Y107.75 Z15
G0 F12000 X124.52 Y107.52
G0 X100.02 Y107.57
G0 X100.02 Y108.665
G0 X100.02 Y111.335
G0 X100.25 Y112.75
;TIME_ELAPSED:1721.896065
;LAYER:124
;note -- min layer time used
;TYPE:WALL-OUTER
;MESH:9VBatteryHolder_v1.stl
G1 F1500 E403.91686
G1 F481 X97.839 Y112.751 E403.97689
G1 F481.9 X97.837 Y112.251 E403.98931
G1 F481 X100.25 Y112.25 E404.04938
G1 F480 X100.25 Y112.75 E404.06185
G1 F1500 E397.56185
G0 F12000 X100.02 Y112.52
G0 X101.165 Y112.519
G0 X118.835 Y112.519
G0 X122.158 Y112.75
G1 F1500 E404.06185
G1 F480 X119.75 Y112.75 E404.12192
G1 X119.75 Y112.25 E404.13439
G1 X122.158 Y112.25 E404.19446
G1 F481 X122.158 Y112.75 E404.20691
G1 F1500 E397.70691
G0 F12000 X121.933 Y112.519
G0 X121.99 Y111.335
G0 X121.99 Y108.665
G0 X124.75 Y107.75
G1 F1500 E404.20691
G1 F480 X95.25 Y107.75 E404.94279
G1 X95.25 Y107.25 E404.95526
G1 X124.75 Y107.25 E405.69114
G1 X124.75 Y107.75 E405.70362
G1 F1500 E399.20362
;MESH:NONMESH
G0 F300 X124.75 Y107.75 Z15.12
G0 F12000 X124.52 Y107.52
G0 X100.02 Y107.57
G0 X100.02 Y108.665
G0 X100.02 Y111.335
G0 X100.25 Y112.75
;TIME_ELAPSED:1734.054370
;LAYER:125
;note -- min layer time used
;TYPE:WALL-OUTER
;MESH:9VBatteryHolder_v1.stl
G1 F1500 E405.70362
G1 F480 X97.947 Y112.75 E405.76106
G1 X97.954 Y112.25 E405.77354
G1 X100.25 Y112.25 E405.83081
G1 X100.25 Y112.75 E405.84328
G1 F1500 E399.34328
G0 F12000 X100.02 Y112.52
G0 X101.165 Y112.52
G0 X118.835 Y112.52
G0 X122.052 Y112.749
G1 F1500 E405.84328
G1 F480 X119.75 Y112.75 E405.90071
G1 X119.75 Y112.25 E405.91318
G1 X122.046 Y112.25 E405.97045
G1 F479 X122.052 Y112.749 E405.98293
G1 F1500 E399.48293
G0 F12000 X121.821 Y112.52
G0 X121.875 Y111.335
G0 X121.875 Y108.665
G0 X124.75 Y107.75
G1 F1500 E405.98293
G1 F480 X95.25 Y107.75 E406.71881
G1 X95.25 Y107.25 E406.73128
G1 X124.75 Y107.25 E407.46716
G1 X124.75 Y107.75 E407.47963
G1 F1500 E400.97963
;MESH:NONMESH
G0 F300 X124.75 Y107.75 Z15.24
G0 F12000 X124.52 Y107.52
G0 X100.02 Y107.57
G0 X100.02 Y108.665
G0 X100.02 Y111.335
G0 X100.25 Y112.75
;TIME_ELAPSED:1746.161450
;LAYER:126
;note -- min layer time used
;TYPE:WALL-OUTER
;MESH:9VBatteryHolder_v1.stl
G1 F1500 E407.47963
G1 F480 X98.061 Y112.75 E407.53424
G1 X98.067 Y112.25 E407.54671
G1 X100.25 Y112.25 E407.60117
G1 X100.25 Y112.75 E407.61364
G1 F1500 E401.11364
G0 F12000 X100.02 Y112.52
G0 X101.165 Y112.52
G0 X118.835 Y112.52
G0 X121.935 Y112.75
G1 F1500 E407.61364
G1 F480 X119.75 Y112.75 E407.66814
G1 X119.75 Y112.25 E407.68062
G1 X121.929 Y112.25 E407.73497
G1 X121.935 Y112.75 E407.74745
G1 F1500 E401.24745
G0 F12000 X121.705 Y112.52
G0 X121.759 Y111.335
G0 X121.759 Y108.665
G0 X124.75 Y107.75
G1 F1500 E407.74745
G1 F480 X95.25 Y107.75 E408.48333
G1 X95.25 Y107.25 E408.4958
G1 X124.75 Y107.25 E409.23168
G1 X124.75 Y107.75 E409.24415
G1 F1500 E402.74415
;MESH:NONMESH
G0 F300 X124.75 Y107.75 Z15.36
G0 F12000 X124.52 Y107.52
G0 X100.02 Y107.57
G0 X100.02 Y108.665
G0 X100.02 Y111.335
G0 X100.25 Y112.75
;TIME_ELAPSED:1758.212679
;LAYER:127
;note -- min layer time used
;TYPE:WALL-OUTER
;MESH:9VBatteryHolder_v1.stl
G1 F1500 E409.24415
G1 F480 X98.184 Y112.75 E409.29569
G1 X98.182 Y112.25 E409.30816
G1 X100.25 Y112.25 E409.35975
G1 X100.25 Y112.75 E409.37222
G1 F1500 E402.87222
G0 F12000 X100.02 Y112.52
G0 X101.165 Y112.519
G0 X118.835 Y112.519
G0 X121.814 Y112.75
G1 F1500 E409.37222
G1 F480 X119.75 Y112.75 E409.42371
G1 X119.75 Y112.25 E409.43618
G1 X121.814 Y112.25 E409.48767
G1 F481 X121.814 Y112.75 E409.50011
G1 F1500 E403.00011
G0 F12000 X121.589 Y112.519
G0 X121.646 Y111.335
G0 X121.646 Y108.665
G0 X124.75 Y107.75
G1 F1500 E409.50011
G1 F480 X95.25 Y107.75 E410.23599
G1 X95.25 Y107.25 E410.24847
G1 X124.75 Y107.25 E410.98435
G1 X124.75 Y107.75 E410.99682
G1 F1500 E404.49682
;MESH:NONMESH
G0 F300 X124.75 Y107.75 Z15.48
G0 F12000 X124.52 Y107.52
G0 X100.02 Y107.57
G0 X100.02 Y108.665
G0 X100.02 Y111.335
G0 X100.25 Y112.75
;TIME_ELAPSED:1770.205784
;LAYER:128
;note -- min layer time used
;TYPE:WALL-OUTER
;MESH:9VBatteryHolder_v1.stl
G1 F1500 E410.99682
G1 F480 X98.321 Y112.75 E411.04494
G1 X98.311 Y112.25 E411.05741
G1 X100.25 Y112.25 E411.10578
G1 X100.25 Y112.75 E411.11826
G1 F1500 E404.61826
G0 F12000 X100.02 Y112.52
G0 X101.165 Y112.519
G0 X118.835 Y112.519
G0 X121.675 Y112.75
G1 F1500 E411.11826
G1 F480 X119.75 Y112.75 E411.16627
G1 X119.75 Y112.25 E411.17875
G1 X121.685 Y112.25 E411.22702
G1 F481 X121.675 Y112.75 E411.23947
G1 F1500 E404.73947
G0 F12000 X121.451 Y112.519
G0 X121.51 Y111.335
G0 X121.51 Y108.665
G0 X124.75 Y107.75
G1 F1500 E411.23947
G1 F480 X95.25 Y107.75 E411.97535
G1 X95.25 Y107.25 E411.98782
G1 X124.75 Y107.25 E412.7237
G1 X124.75 Y107.75 E412.73617
G1 F1500 E406.23617
;MESH:NONMESH
G0 F300 X124.75 Y107.75 Z15.6
G0 F12000 X124.52 Y107.52
G0 X100.02 Y107.57
G0 X100.02 Y108.665
G0 X100.02 Y111.335
G0 X100.25 Y112.75
;TIME_ELAPSED:1782.134202
;LAYER:129
;note -- min layer time used
;TYPE:WALL-OUTER
;MESH:9VBatteryHolder_v1.stl
G1 F1500 E412.73617
G1 F480 X98.457 Y112.75 E412.7809
G1 X98.447 Y112.25 E412.79337
G1 X100.25 Y112.25 E412.83835
G1 X100.25 Y112.75 E412.85082
G1 F1500 E406.35082
G0 F12000 X100.02 Y112.52
G0 X101.165 Y112.519
G0 X118.835 Y112.519
G0 X121.539 Y112.75
G1 F1500 E412.85082
G1 F480 X119.75 Y112.75 E412.89545
G1 X119.75 Y112.25 E412.90792
G1 X121.55 Y112.249 E412.95282
G1 F481 X121.539 Y112.75 E412.9653
G1 F1500 E406.4653
G0 F12000 X121.317 Y112.519
G0 X121.376 Y111.335
G0 X121.376 Y108.665
G0 X124.75 Y107.75
G1 F1500 E412.9653
G1 F480 X95.25 Y107.75 E413.70118
G1 X95.25 Y107.25 E413.71365
G1 X124.75 Y107.25 E414.44953
G1 X124.75 Y107.75 E414.462
G1 F1500 E407.962
;MESH:NONMESH
G0 F300 X124.75 Y107.75 Z15.72
G0 F12000 X124.52 Y107.52
G0 X100.02 Y107.57
G0 X100.02 Y108.665
G0 X100.02 Y111.335
G0 X100.25 Y112.75
;TIME_ELAPSED:1793.996633
;LAYER:130
;note -- min layer time used
;TYPE:WALL-OUTER
;MESH:9VBatteryHolder_v1.stl
G1 F1500 E414.462
G1 F480 X98.592 Y112.75 E414.50336
G1 X98.59 Y112.25 E414.51584
G1 X100.25 Y112.25 E414.55724
G1 X100.25 Y112.75 E414.56972
G1 F1500 E408.06972
G0 F12000 X100.02 Y112.52
G0 X101.165 Y112.519
G0 X118.835 Y112.519
G0 X121.404 Y112.75
G1 F1500 E414.56972
G1 F480 X119.75 Y112.75 E414.61098
G1 X119.75 Y112.25 E414.62345
G1 X121.406 Y112.25 E414.66476
G1 F481 X121.404 Y112.75 E414.67721
G1 F1500 E408.17721
G0 F12000 X121.181 Y112.519
G0 X121.237 Y111.335
G0 X121.237 Y108.665
G0 X124.75 Y107.75
G1 F1500 E414.67721
G1 F480 X95.25 Y107.75 E415.41309
G1 X95.25 Y107.25 E415.42556
G1 X124.75 Y107.25 E416.16144
G1 X124.75 Y107.75 E416.17391
G1 F1500 E409.67391
;MESH:NONMESH
G0 F300 X124.75 Y107.75 Z15.84
G0 F12000 X124.52 Y107.52
G0 X100.02 Y107.57
G0 X100.02 Y108.665
G0 X100.02 Y111.335
G0 X100.25 Y112.75
;TIME_ELAPSED:1805.791315
;LAYER:131
;note -- min layer time used
;TYPE:WALL-OUTER
;MESH:9VBatteryHolder_v1.stl
G1 F1500 E416.17391
G1 F480 X98.731 Y112.75 E416.2118
G1 X98.736 Y112.25 E416.22428
G1 X100.25 Y112.25 E416.26204
G1 X100.25 Y112.75 E416.27452
G1 F1500 E409.77452
G0 F12000 X100.02 Y112.52
G0 X101.165 Y112.52
G0 X118.835 Y112.52
G0 X121.268 Y112.749
G1 F1500 E416.27452
G1 F480 X119.75 Y112.75 E416.31238
G1 X119.75 Y112.25 E416.32486
G1 X121.262 Y112.25 E416.36257
G1 F479 X121.268 Y112.749 E416.37505
G1 F1500 E409.87505
G0 F12000 X121.037 Y112.52
G0 X121.092 Y111.335
G0 X121.092 Y108.665
G0 X124.75 Y107.75
G1 F1500 E416.37505
G1 F480 X95.25 Y107.75 E417.11093
G1 X95.25 Y107.25 E417.1234
G1 X124.75 Y107.25 E417.85928
G1 X124.75 Y107.75 E417.87175
G1 F1500 E411.37175
;MESH:NONMESH
G0 F300 X124.75 Y107.75 Z15.96
G0 F12000 X124.52 Y107.52
G0 X100.02 Y107.57
G0 X100.02 Y108.665
G0 X100.02 Y111.335
G0 X100.25 Y112.75
;TIME_ELAPSED:1817.518414
;LAYER:132
;note -- min layer time used
;TYPE:WALL-OUTER
;MESH:9VBatteryHolder_v1.stl
G1 F1500 E417.87175
G1 F480 X98.873 Y112.75 E417.9061
G1 X98.879 Y112.25 E417.91857
G1 X100.25 Y112.25 E417.95277
G1 X100.25 Y112.75 E417.96525
G1 F1500 E411.46525
G0 F12000 X100.02 Y112.52
G0 X101.165 Y112.52
G0 X118.835 Y112.52
G0 X121.123 Y112.75
G1 F1500 E417.96525
G1 F480 X119.75 Y112.75 E417.9995
G1 X119.75 Y112.25 E418.01197
G1 X121.117 Y112.25 E418.04607
G1 X121.123 Y112.75 E418.05854
G1 F1500 E411.55854
G0 F12000 X120.892 Y112.52
G0 X120.946 Y111.335
G0 X120.946 Y108.665
G0 X124.75 Y107.75
G1 F1500 E418.05854
G1 F480 X95.25 Y107.75 E418.79442
G1 X95.25 Y107.25 E418.8069
G1 X124.75 Y107.25 E419.54278
G1 X124.75 Y107.75 E419.55525
G1 F1500 E413.05525
;MESH:NONMESH
G0 F300 X124.75 Y107.75 Z16.08
G0 F12000 X124.52 Y107.52
G0 X100.02 Y107.57
G0 X100.02 Y108.665
G0 X100.02 Y111.335
G0 X100.25 Y112.75
;TIME_ELAPSED:1829.175565
;LAYER:133
;note -- min layer time used
;TYPE:WALL-OUTER
;MESH:9VBatteryHolder_v1.stl
G1 F1500 E419.55525
G1 F480 X99.039 Y112.75 E419.58546
G1 X99.033 Y112.25 E419.59793
G1 X100.25 Y112.25 E419.62829
G1 X100.25 Y112.75 E419.64076
G1 F1500 E413.14076
G0 F12000 X100.02 Y112.52
G0 X101.165 Y112.519
G0 X118.835 Y112.519
G0 X120.961 Y112.75
G1 F1500 E419.64076
G1 F480 X119.75 Y112.75 E419.67097
G1 X119.75 Y112.25 E419.68344
G1 X120.967 Y112.25 E419.7138
G1 F481 X120.961 Y112.75 E419.72625
G1 F1500 E413.22625
G0 F12000 X120.733 Y112.519
G0 X120.791 Y111.335
G0 X120.791 Y108.665
G0 X124.75 Y107.75
G1 F1500 E419.72625
G1 F480 X95.25 Y107.75 E420.46213
G1 X95.25 Y107.25 E420.4746
G1 X124.75 Y107.25 E421.21048
G1 X124.75 Y107.75 E421.22296
G1 F1500 E414.72296
;MESH:NONMESH
G0 F300 X124.75 Y107.75 Z16.2
G0 F12000 X124.52 Y107.52
G0 X100.02 Y107.57
G0 X100.02 Y108.665
G0 X100.02 Y111.335
G0 X100.25 Y112.75
;TIME_ELAPSED:1840.755320
;LAYER:134
;note -- min layer time used
;TYPE:WALL-OUTER
;MESH:9VBatteryHolder_v1.stl
G1 F1500 E421.22296
G1 F480 X99.215 Y112.75 E421.24877
G1 X99.209 Y112.25 E421.26125
G1 X100.25 Y112.25 E421.28721
G1 X100.25 Y112.75 E421.29969
G1 F1500 E414.79969
G0 F12000 X100.02 Y112.52
G0 X101.165 Y112.519
G0 X118.835 Y112.519
G0 X120.783 Y112.75
G1 F1500 E421.29969
G1 F480 X119.75 Y112.75 E421.32546
G1 X119.75 Y112.25 E421.33793
G1 X120.793 Y112.25 E421.36395
G1 F481 X120.783 Y112.75 E421.3764
G1 F1500 E414.8764
G0 F12000 X120.558 Y112.519
G0 X120.617 Y111.335
G0 X120.617 Y108.665
G0 X124.75 Y107.75
G1 F1500 E421.3764
G1 F480 X95.25 Y107.75 E422.11228
G1 X95.25 Y107.25 E422.12475
G1 X124.75 Y107.25 E422.86063
G1 X124.75 Y107.75 E422.8731
G1 F1500 E416.3731
;MESH:NONMESH
G0 F300 X124.75 Y107.75 Z16.32
G0 F12000 X124.52 Y107.52
G0 X100.02 Y107.57
G0 X100.02 Y108.665
G0 X100.02 Y111.335
G0 X100.25 Y112.75
;TIME_ELAPSED:1852.248931
;LAYER:135
;note -- min layer time used
;TYPE:WALL-OUTER
;MESH:9VBatteryHolder_v1.stl
G1 F1500 E422.8731
G1 F480 X99.393 Y112.75 E422.89448
G1 X99.391 Y112.25 E422.90695
G1 X100.25 Y112.25 E422.92838
G1 X100.25 Y112.75 E422.94085
G1 F1500 E416.44085
G0 F12000 X100.02 Y112.52
G0 X101.165 Y112.519
G0 X118.835 Y112.519
G0 X120.607 Y112.75
G1 F1500 E422.94085
G1 F480 X119.75 Y112.75 E422.96223
G1 X119.75 Y112.25 E422.9747
G1 X120.613 Y112.249 E422.99623
G1 F481 X120.607 Y112.75 E423.0087
G1 F1500 E416.5087
G0 F12000 X120.382 Y112.519
G0 X120.44 Y111.335
G0 X120.44 Y108.665
G0 X124.75 Y107.75
G1 F1500 E423.0087
G1 F480 X95.25 Y107.75 E423.74458
G1 X95.25 Y107.25 E423.75706
G1 X124.75 Y107.25 E424.49294
G1 X124.75 Y107.75 E424.50541
G1 F1500 E418.00541
;MESH:NONMESH
G0 F300 X124.75 Y107.75 Z16.44
G0 F12000 X124.52 Y107.52
G0 X100.02 Y107.57
G0 X100.02 Y108.665
G0 X100.02 Y111.335
G0 X100.25 Y112.75
;TIME_ELAPSED:1863.655237
;LAYER:136
;note -- min layer time used
;TYPE:WALL-OUTER
;MESH:9VBatteryHolder_v1.stl
G1 F1500 E424.50541
G1 F480 X99.57 Y112.75 E424.52237
G1 X99.57 Y112.25 E424.53485
G1 X100.25 Y112.25 E424.55181
G1 X100.25 Y112.75 E424.56428
G1 F1500 E418.06428
G0 F12000 X100.02 Y112.52
G0 X101.165 Y112.52
G0 X118.835 Y112.52
G0 X120.431 Y112.749
G1 F1500 E424.56428
G1 F480 X119.75 Y112.75 E424.58127
G1 X119.75 Y112.25 E424.59374
G1 X120.429 Y112.25 E424.61068
G1 X120.431 Y112.749 E424.62313
G1 F1500 E418.12313
G0 F12000 X120.202 Y112.52
G0 X120.257 Y111.335
G0 X120.257 Y108.665
G0 X124.75 Y107.75
G1 F1500 E424.62313
G1 F480 X95.25 Y107.75 E425.35901
G1 X95.25 Y107.25 E425.37148
G1 X124.75 Y107.25 E426.10736
G1 X124.75 Y107.75 E426.11983
G1 F1500 E419.61983
;MESH:NONMESH
G0 F300 X124.75 Y107.75 Z16.56
G0 F12000 X124.52 Y107.52
G0 X99.748 Y107.57
G0 X99.748 Y108.665
G0 X99.748 Y111.335
G0 X99.748 Y112.75
;TIME_ELAPSED:1874.976520
;LAYER:137
;note -- min layer time used
;TYPE:WALL-OUTER
;MESH:9VBatteryHolder_v1.stl
G1 F1500 E426.11983
G1 F480 X99.752 Y112.25 E426.13231
G1 X100.25 Y112.25 E426.14473
G1 X100.25 Y112.75 E426.1572
G1 X99.748 Y112.75 E426.16972
G1 F1500 E419.66972
G0 F12000 X99.981 Y112.52
G0 X101.165 Y112.52
G0 X118.835 Y112.52
G0 X120.249 Y112.751
G1 F1500 E426.16972
G1 F481.9 X119.749 Y112.751 E426.18215
G1 X119.749 Y112.251 E426.19457
G1 X120.245 Y112.251 E426.20689
G1 X120.249 Y112.751 E426.21931
G1 F1500 E419.71931
G0 F12000 X120.018 Y112.52
G0 X120.073 Y111.335
G0 X120.073 Y108.665
G0 X124.75 Y107.75
G1 F1500 E426.21931
G1 F480 X95.25 Y107.75 E426.9552
G1 X95.25 Y107.25 E426.96767
G1 X124.75 Y107.25 E427.70355
G1 X124.75 Y107.75 E427.71602
G1 F1500 E421.21602
;MESH:NONMESH
G0 F300 X124.75 Y107.75 Z16.68
G0 F12000 X124.52 Y107.52
G0 X100.02 Y107.57
G0 X100.02 Y108.665
G0 X100.02 Y111.335
G0 X100.303 Y112.803
;TIME_ELAPSED:1886.187632
;LAYER:138
;note -- min layer time used
;TYPE:WALL-OUTER
;MESH:9VBatteryHolder_v1.stl
G1 F1500 E427.71602
G1 F609.1 X99.911 Y112.803 E427.72373
G1 X99.907 Y112.197 E427.73564
G1 X100.303 Y112.197 E427.74342
G1 X100.303 Y112.803 E427.75533
G1 F1500 E421.25533
G0 F12000 X101.165 Y112.803
G0 X117.079 Y113.568
G0 X120.086 Y113.665
G0 X120.086 Y112.804
G1 F1500 E427.75533
G1 F613.8 X119.696 Y112.804 E427.76294
G1 F612.2 X119.696 Y112.196 E427.77483
G1 X120.09 Y112.196 E427.78254
G1 X120.086 Y112.804 E427.79443
G1 F1500 E421.29443
G0 F12000 X120.948 Y112.813
G0 X120.951 Y111.347
G0 X120.086 Y108.665
G0 X124.75 Y107.75
G1 F1500 E427.79443
G1 F480 X95.25 Y107.75 E428.53031
G1 X95.25 Y107.25 E428.54278
G1 X124.75 Y107.25 E429.27866
G1 X124.75 Y107.75 E429.29114
G1 F1500 E422.79114
;MESH:NONMESH
G0 F300 X124.75 Y107.75 Z16.8
G0 F12000 X124.52 Y107.52
G0 X100.225 Y107.57
G0 X100.225 Y108.665
G0 X101.153 Y111.347
G0 X101.165 Y112.725
G0 X100.225 Y112.725
;TIME_ELAPSED:1897.469734
;LAYER:139
;note -- min layer time used
;TYPE:WALL-OUTER
;MESH:9VBatteryHolder_v1.stl
G1 F1500 E429.29114
G1 F434.8 X100.223 Y112.277 E429.30347
G1 F1500 E422.80347
G0 F12000 X101.165 Y112.277
G0 X118.835 Y112.727
G0 X119.773 Y112.727
G1 F1500 E429.30347
G1 F438.8 X119.775 Y112.275 E429.31581
G1 F1500 E422.81581
G0 F12000 X119.775 Y111.335
G0 X119.775 Y108.665
G0 X124.75 Y107.75
G1 F1500 E429.31581
G1 F480 X95.25 Y107.75 E430.05169
G1 X95.25 Y107.25 E430.06416
G1 X124.75 Y107.25 E430.80004
G1 X124.75 Y107.75 E430.81251
;TIME_ELAPSED:1907.295861
;LAYER:140
;note -- min layer time used
;MESH:9VBatteryHolder_v1.stl
G0 F12000 X124.75 Y107.75 Z16.92
;TYPE:WALL-OUTER
G1 F480 X95.25 Y107.75 E431.54839
G1 X95.25 Y107.25 E431.56087
G1 X124.75 Y107.25 E432.29675
G1 X124.75 Y107.75 E432.30922
;TIME_ELAPSED:1914.876068
;LAYER:141
;note -- min layer time used
;MESH:9VBatteryHolder_v1.stl
G0 F12000 X124.75 Y107.75 Z17.04
;TYPE:WALL-OUTER
G1 F480 X95.25 Y107.75 E433.0451
G1 X95.25 Y107.25 E433.05757
G1 X124.75 Y107.25 E433.79345
G1 X124.75 Y107.75 E433.80593
;TIME_ELAPSED:1922.456276
;LAYER:142
;note -- min layer time used
;MESH:9VBatteryHolder_v1.stl
G0 F12000 X124.75 Y107.75 Z17.16
;TYPE:WALL-OUTER
G1 F480 X95.25 Y107.75 E434.54181
G1 X95.25 Y107.25 E434.55428
G1 X124.75 Y107.25 E435.29016
G1 X124.75 Y107.75 E435.30263
;TIME_ELAPSED:1930.036483
;LAYER:143
;note -- min layer time used
;MESH:9VBatteryHolder_v1.stl
G0 F12000 X124.75 Y107.75 Z17.28
;TYPE:WALL-OUTER
G1 F480 X95.25 Y107.75 E436.03851
G1 X95.25 Y107.25 E436.05099
G1 X124.75 Y107.25 E436.78687
G1 X124.75 Y107.75 E436.79934
;TIME_ELAPSED:1937.616691
;LAYER:144
;note -- min layer time used
;MESH:9VBatteryHolder_v1.stl
G0 F12000 X124.75 Y107.75 Z17.4
;TYPE:WALL-OUTER
G1 F480 X95.25 Y107.75 E437.53522
G1 X95.25 Y107.25 E437.54769
G1 X124.75 Y107.25 E438.28357
G1 X124.75 Y107.75 E438.29604
;TIME_ELAPSED:1945.196899
;LAYER:145
;note -- min layer time used
;MESH:9VBatteryHolder_v1.stl
G0 F12000 X124.75 Y107.75 Z17.52
;TYPE:WALL-OUTER
G1 F480 X95.25 Y107.75 E439.03193
G1 X95.25 Y107.25 E439.0444
G1 X124.75 Y107.25 E439.78028
G1 X124.75 Y107.75 E439.79275
;TIME_ELAPSED:1952.777106
;LAYER:146
;note -- min layer time used
;MESH:9VBatteryHolder_v1.stl
G0 F12000 X124.75 Y107.75 Z17.64
;TYPE:WALL-OUTER
G1 F480 X95.25 Y107.75 E440.52863
G1 X95.25 Y107.25 E440.5411
G1 X124.75 Y107.25 E441.27698
G1 X124.75 Y107.75 E441.28946
;TIME_ELAPSED:1960.357314
;LAYER:147
;note -- min layer time used
;MESH:9VBatteryHolder_v1.stl
G0 F12000 X124.75 Y107.75 Z17.76
;TYPE:WALL-OUTER
G1 F480 X95.25 Y107.75 E442.02534
G1 X95.25 Y107.25 E442.03781
G1 X124.75 Y107.25 E442.77369
G1 X124.75 Y107.75 E442.78616
;TIME_ELAPSED:1967.937521
;LAYER:148
;note -- min layer time used
;MESH:9VBatteryHolder_v1.stl
G0 F12000 X124.75 Y107.75 Z17.88
;TYPE:WALL-OUTER
G1 F480 X95.25 Y107.75 E443.52204
G1 X95.25 Y107.25 E443.53452
G1 X124.75 Y107.25 E444.2704
G1 X124.75 Y107.75 E444.28287
;TIME_ELAPSED:1975.517729
;LAYER:149
;note -- min layer time used
;MESH:9VBatteryHolder_v1.stl
G0 F12000 X124.75 Y107.75 Z18
;TYPE:WALL-OUTER
G1 F480 X95.25 Y107.75 E445.01875
G1 X95.25 Y107.25 E445.03122
G1 X124.75 Y107.25 E445.7671
G1 X124.75 Y107.75 E445.77958
;TIME_ELAPSED:1983.097936
G1 F1500 E439.27958
M140 S0
M107
G91 ;Relative positioning
G1 E-2 F2700 ;Retract a bit
G1 E-2 Z0.2 F2400 ;Retract and raise Z
G1 X5 Y5 F3000 ;Wipe out
G1 Z10 ;Raise Z more
G90 ;Absolute positioning

G1 X0 Y220 ;Present print
M106 S0 ;Turn-off fan
M104 S0 ;Turn-off hotend
M140 S0 ;Turn-off bed

M84 X Y E ;Disable all steppers but Z

M82 ;absolute extrusion mode
M104 S0
;End of Gcode
;SETTING_3 {"global_quality": "[general]\\nversion = 4\\nname = SuperQualityCust
;SETTING_3 om\\ndefinition = creality_ender3pro\\n\\n[metadata]\\ntype = quality
;SETTING_3 _changes\\nquality_type = super\\nsetting_version = 25\\n\\n[values]\
;SETTING_3 \nadhesion_type = skirt\\nmaterial_bed_temperature = 65\\nmaterial_be
;SETTING_3 d_temperature_layer_0 = 50\\nsupport_enable = False\\nsupport_structu
;SETTING_3 re = tree\\nsupport_type = everywhere\\n\\n", "extruder_quality": ["[
;SETTING_3 general]\\nversion = 4\\nname = SuperQualityCustom\\ndefinition = cre
;SETTING_3 ality_ender3pro\\n\\n[metadata]\\ntype = quality_changes\\nquality_ty
;SETTING_3 pe = super\\nintent_category = default\\nposition = 0\\nsetting_versi
;SETTING_3 on = 25\\n\\n[values]\\ninfill_sparse_density = 10\\nmaterial_print_t
;SETTING_3 emperature = 205\\nspeed_print = 80\\nsupport_angle = 55\\nxy_offset_
;SETTING_3 layer_0 = -0.1\\nz_seam_corner = z_seam_corner_inner\\nz_seam_type = 
;SETTING_3 sharpest_corner\\n\\n"]}
