;FLAVOR:Marlin
;TIME:5566
;Filament used: 2.79504m
;Layer height: 0.12
;MINX:129.673
;MINY:92.556
;MINZ:0.12
;MAXX:181.673
;MAXY:169.556
;MAXZ:19.56
;TARGET_MACHINE.NAME:Creality Ender-3 Pro
;Generated with Cura_SteamEngine 5.10.0
START_PRINT BED_TEMP=50 EXTRUDER_TEMP=205
M82 ;absolute extrusion mode
G92 E0
G92 E0
G1 F1500 E-6.5
;LAYER_COUNT:163
;LAYER:0
M107
G0 F6000 X131.837 Y97.025 Z0.12
;TYPE:SKIRT
G1 F1500 E0
G1 F1200 X132.404 Y96.321 E0.01804
G1 X133.129 Y95.569 E0.03888
G1 X133.865 Y94.932 E0.05831
G1 X134.597 Y94.402 E0.07634
G1 X135.494 Y93.867 E0.09719
G1 X136.372 Y93.446 E0.11662
G1 X137.285 Y93.104 E0.13607
G1 X138.222 Y92.845 E0.15547
G1 X139.189 Y92.667 E0.1751
G1 X140.328 Y92.571 E0.19791
G1 X140.985 Y92.556 E0.21102
G1 X169.977 Y92.556 E0.78959
G1 X170.857 Y92.569 E0.80715
G1 X171.829 Y92.628 E0.82658
G1 X172.792 Y92.774 E0.84602
G1 X173.739 Y93.005 E0.86547
G1 X174.627 Y93.305 E0.88418
G1 X175.519 Y93.695 E0.90361
G1 X176.402 Y94.182 E0.92373
G1 X177.153 Y94.684 E0.94176
G1 X177.968 Y95.342 E0.96266
G1 X178.666 Y96.02 E0.98208
G1 X179.302 Y96.757 E1.00151
G1 X179.872 Y97.547 E1.02095
G1 X180.334 Y98.323 E1.03897
G1 X180.788 Y99.265 E1.05984
G1 X181.117 Y100.143 E1.07855
G1 X181.386 Y101.115 E1.09868
G1 X181.563 Y102.081 E1.11827
G1 X181.658 Y103.211 E1.1409
G1 X181.673 Y103.886 E1.15438
G1 X181.672 Y157.956 E2.2334
G1 X181.661 Y158.719 E2.24863
G1 X181.604 Y159.692 E2.26808
G1 X181.459 Y160.655 E2.28752
G1 X181.23 Y161.601 E2.30694
G1 X180.919 Y162.525 E2.3264
G1 X180.527 Y163.416 E2.34582
G1 X180.059 Y164.268 E2.36522
G1 X179.537 Y165.049 E2.38397
G1 X178.904 Y165.834 E2.40409
G1 X178.279 Y166.485 E2.4221
G1 X177.49 Y167.173 E2.44299
G1 X176.73 Y167.723 E2.46171
G1 X175.863 Y168.24 E2.48186
G1 X174.985 Y168.662 E2.5013
G1 X174.074 Y169.004 E2.52072
G1 X173.135 Y169.265 E2.54017
G1 X172.169 Y169.443 E2.55977
G1 X171.018 Y169.541 E2.58282
G1 X170.343 Y169.556 E2.59629
G1 X141.237 Y169.555 E3.17714
G1 X140.504 Y169.544 E3.19176
G1 X139.532 Y169.487 E3.2112
G1 X138.569 Y169.341 E3.23063
G1 X137.623 Y169.112 E3.25006
G1 X136.699 Y168.8 E3.26952
G1 X135.809 Y168.408 E3.28893
G1 X134.986 Y167.957 E3.30765
G1 X134.147 Y167.396 E3.3278
G1 X133.443 Y166.83 E3.34582
G1 X132.69 Y166.105 E3.36668
G1 X132.053 Y165.369 E3.38611
G1 X131.523 Y164.638 E3.40413
G1 X130.987 Y163.741 E3.42498
G1 X130.565 Y162.863 E3.44442
G1 X130.223 Y161.951 E3.46386
G1 X129.963 Y161.013 E3.48328
G1 X129.785 Y160.044 E3.50294
G1 X129.687 Y158.865 E3.52655
G1 X129.673 Y158.214 E3.53955
G1 X129.674 Y104.081 E4.61983
G1 X129.685 Y103.381 E4.6338
G1 X129.743 Y102.408 E4.65325
G1 X129.889 Y101.445 E4.67269
G1 X130.119 Y100.499 E4.69212
G1 X130.432 Y99.576 E4.71157
G1 X130.824 Y98.686 E4.73097
G1 X131.294 Y97.833 E4.75041
G1 X131.837 Y97.025 E4.76984
G0 F6000 X132.149 Y97.276
G1 F1200 X132.716 Y96.572 E4.78788
G1 X133.391 Y95.871 E4.8073
G1 X134.1 Y95.256 E4.82603
G1 X134.832 Y94.726 E4.84406
G1 X135.668 Y94.227 E4.86349
G1 X136.513 Y93.82 E4.88221
G1 X137.392 Y93.489 E4.90095
G1 X138.295 Y93.238 E4.91965
G1 X139.223 Y93.066 E4.93849
G1 X140.362 Y92.97 E4.9613
G1 X140.994 Y92.956 E4.97392
G1 X169.971 Y92.956 E5.55218
G1 X170.833 Y92.968 E5.56939
G1 X171.77 Y93.024 E5.58812
G1 X172.698 Y93.163 E5.60684
G1 X173.611 Y93.384 E5.62559
G1 X174.467 Y93.672 E5.64361
G1 X175.359 Y94.062 E5.66304
G1 X176.18 Y94.515 E5.68175
G1 X176.931 Y95.017 E5.69978
G1 X177.69 Y95.629 E5.71924
G1 X178.364 Y96.282 E5.73797
G1 X178.978 Y96.991 E5.75668
G1 X179.528 Y97.752 E5.77542
G1 X179.99 Y98.528 E5.79344
G1 X180.413 Y99.405 E5.81287
G1 X180.742 Y100.283 E5.83159
G1 X180.993 Y101.188 E5.85033
G1 X181.164 Y102.115 E5.86914
G1 X181.259 Y103.245 E5.89177
G1 X181.273 Y103.886 E5.90456
G1 X181.272 Y157.951 E6.98349
G1 X181.262 Y158.696 E6.99836
G1 X181.208 Y159.633 E7.01709
G1 X181.07 Y160.562 E7.03583
G1 X180.851 Y161.474 E7.05455
G1 X180.553 Y162.364 E7.07328
G1 X180.176 Y163.224 E7.09202
G1 X179.726 Y164.046 E7.11072
G1 X179.204 Y164.827 E7.12946
G1 X178.615 Y165.557 E7.14818
G1 X177.99 Y166.208 E7.16619
G1 X177.255 Y166.849 E7.18565
G1 X176.495 Y167.399 E7.20438
G1 X175.689 Y167.88 E7.22311
G1 X174.844 Y168.288 E7.24183
G1 X173.966 Y168.619 E7.26056
G1 X173.062 Y168.872 E7.27929
G1 X172.135 Y169.044 E7.29811
G1 X170.984 Y169.142 E7.32116
G1 X170.343 Y169.156 E7.33395
G1 X141.243 Y169.155 E7.91468
G1 X140.527 Y169.145 E7.92897
G1 X139.591 Y169.091 E7.94768
G1 X138.662 Y168.952 E7.96642
G1 X137.75 Y168.733 E7.98514
G1 X136.86 Y168.434 E8.00387
G1 X136.001 Y168.057 E8.0226
G1 X135.178 Y167.606 E8.04132
G1 X134.398 Y167.084 E8.06005
G1 X133.694 Y166.518 E8.07808
G1 X132.992 Y165.843 E8.09751
G1 X132.377 Y165.134 E8.11624
G1 X131.847 Y164.403 E8.13426
G1 X131.347 Y163.567 E8.1537
G1 X130.939 Y162.722 E8.17243
G1 X130.608 Y161.844 E8.19115
G1 X130.356 Y160.94 E8.20988
G1 X130.184 Y160.011 E8.22874
G1 X130.086 Y158.832 E8.25235
G1 X130.073 Y158.214 E8.26468
G1 X130.074 Y104.087 E9.34484
G1 X130.084 Y103.404 E9.35848
G1 X130.139 Y102.467 E9.37721
G1 X130.278 Y101.539 E9.39593
G1 X130.498 Y100.627 E9.41465
G1 X130.798 Y99.737 E9.4334
G1 X131.175 Y98.878 E9.45212
G1 X131.626 Y98.056 E9.47083
G1 X132.149 Y97.276 E9.48957
G0 F6000 X132.461 Y97.527
G1 F1200 X133.028 Y96.823 E9.50761
G1 X133.654 Y96.173 E9.52562
G1 X134.335 Y95.58 E9.54364
G1 X135.067 Y95.05 E9.56167
G1 X135.842 Y94.587 E9.57969
G1 X136.655 Y94.194 E9.59771
G1 X137.5 Y93.874 E9.61574
G1 X138.369 Y93.631 E9.63375
G1 X139.257 Y93.465 E9.65178
G1 X140.396 Y93.369 E9.67459
G1 X141.003 Y93.356 E9.6867
G1 X169.966 Y93.356 E10.26469
G1 X170.81 Y93.367 E10.28153
G1 X171.712 Y93.42 E10.29957
G1 X172.605 Y93.552 E10.31758
G1 X173.483 Y93.763 E10.3356
G1 X174.339 Y94.051 E10.35362
G1 X175.166 Y94.413 E10.37164
G1 X175.958 Y94.848 E10.38967
G1 X176.709 Y95.35 E10.4077
G1 X177.412 Y95.917 E10.42572
G1 X178.062 Y96.544 E10.44375
G1 X178.654 Y97.226 E10.46177
G1 X179.184 Y97.957 E10.47979
G1 X179.646 Y98.733 E10.49781
G1 X180.039 Y99.546 E10.51583
G1 X180.357 Y100.391 E10.53385
G1 X180.6 Y101.261 E10.55187
G1 X180.765 Y102.149 E10.5699
G1 X180.86 Y103.279 E10.59253
G1 X180.873 Y103.886 E10.60464
G1 X180.872 Y157.946 E11.68347
G1 X180.863 Y158.673 E11.69798
G1 X180.812 Y159.575 E11.71601
G1 X180.681 Y160.469 E11.73404
G1 X180.472 Y161.347 E11.75205
G1 X180.186 Y162.204 E11.77008
G1 X179.825 Y163.032 E11.78811
G1 X179.393 Y163.824 E11.80611
G1 X178.892 Y164.576 E11.82414
G1 X178.326 Y165.28 E11.84217
G1 X177.701 Y165.931 E11.86018
G1 X177.02 Y166.525 E11.87821
G1 X176.289 Y167.056 E11.89624
G1 X175.515 Y167.52 E11.91425
G1 X174.702 Y167.914 E11.93228
G1 X173.858 Y168.234 E11.95029
G1 X172.988 Y168.479 E11.96833
G1 X172.101 Y168.645 E11.98634
G1 X170.95 Y168.743 E12.00939
G1 X170.343 Y168.756 E12.02151
G1 X141.248 Y168.755 E12.60213
G1 X140.55 Y168.746 E12.61606
G1 X139.649 Y168.695 E12.63407
G1 X138.755 Y168.563 E12.6521
G1 X137.877 Y168.354 E12.67011
G1 X137.02 Y168.067 E12.68815
G1 X136.193 Y167.706 E12.70616
G1 X135.4 Y167.273 E12.72419
G1 X134.649 Y166.772 E12.7422
G1 X133.945 Y166.206 E12.76023
G1 X133.294 Y165.58 E12.77825
G1 X132.701 Y164.899 E12.79627
G1 X132.171 Y164.168 E12.81429
G1 X131.707 Y163.393 E12.83232
G1 X131.313 Y162.58 E12.85035
G1 X130.993 Y161.736 E12.86836
G1 X130.749 Y160.866 E12.88639
G1 X130.583 Y159.978 E12.90442
G1 X130.486 Y158.823 E12.92755
G1 X130.473 Y158.214 E12.93971
G1 X130.474 Y104.092 E14.01977
G1 X130.483 Y103.427 E14.03304
G1 X130.535 Y102.525 E14.05107
G1 X130.667 Y101.632 E14.06909
G1 X130.877 Y100.754 E14.0871
G1 X131.164 Y99.897 E14.10514
G1 X131.526 Y99.07 E14.12315
G1 X131.959 Y98.278 E14.14117
G1 X132.461 Y97.527 E14.15919
G1 F1500 E7.65919
;MESH:9VBatteryHolder_v2.stl
G0 F6000 X140.108 Y104.086
G0 X141.203 Y104.086
G0 X141.944 Y157.284
G0 X169.572 Y157.456
;TYPE:WALL-INNER
G1 F1500 E14.15919
G1 F1200 X169.572 Y104.656 E15.21287
G1 X141.772 Y104.656 E15.76765
G1 X141.772 Y157.456 E16.82133
G1 X169.572 Y157.456 E17.37611
G0 F6000 X169.972 Y157.856
G1 F1200 X169.972 Y104.256 E18.44576
G1 X141.372 Y104.256 E19.0165
G1 X141.372 Y157.856 E20.08615
G1 X169.972 Y157.856 E20.65689
G0 F6000 X170.372 Y158.256
;TYPE:WALL-OUTER
G1 F1200 X170.372 Y103.856 E21.7425
G1 X140.972 Y103.856 E22.32921
G1 X140.972 Y158.256 E23.41482
G1 X170.372 Y158.256 E24.00153
G0 F6000 X170.093 Y157.976
G0 X169.472 Y157.096
G0 X169.212 Y157.096
;TYPE:SKIN
G1 F1200 X142.132 Y157.096 E24.54194
G1 X142.132 Y105.016 E25.58126
G1 X169.212 Y105.016 E26.12167
G1 X169.212 Y157.096 E27.16098
G0 F6000 X169.472 Y157.096
G0 X141.944 Y157.284
G0 X141.872 Y156.474
G0 X142.332 Y156.474
G1 F1200 X142.754 Y156.896 E27.17289
G0 F6000 X143.319 Y156.896
G1 F1200 X142.332 Y155.909 E27.20074
G0 F6000 X142.332 Y155.343
G1 F1200 X143.885 Y156.896 E27.24457
G0 F6000 X144.451 Y156.896
G1 F1200 X142.332 Y154.777 E27.30438
G0 F6000 X142.332 Y154.212
G1 F1200 X145.016 Y156.896 E27.38012
G0 F6000 X145.582 Y156.896
G1 F1200 X142.332 Y153.646 E27.47185
G0 F6000 X142.332 Y153.08
G1 F1200 X146.148 Y156.896 E27.57954
G0 F6000 X146.713 Y156.896
G1 F1200 X142.332 Y152.514 E27.7032
G0 F6000 X142.332 Y151.949
G1 F1200 X147.279 Y156.896 E27.84281
G0 F6000 X147.845 Y156.896
G1 F1200 X142.332 Y151.383 E27.9984
G0 F6000 X142.332 Y150.817
G1 F1200 X148.41 Y156.896 E28.16995
G0 F6000 X148.976 Y156.896
G1 F1200 X142.332 Y150.252 E28.35746
G0 F6000 X142.332 Y149.686
G1 F1200 X149.542 Y156.896 E28.56094
G0 F6000 X150.107 Y156.896
G1 F1200 X142.332 Y149.12 E28.78038
G0 F6000 X142.332 Y148.555
G1 F1200 X150.673 Y156.896 E29.01578
G0 F6000 X151.239 Y156.896
G1 F1200 X142.332 Y147.989 E29.26716
G0 F6000 X142.332 Y147.423
G1 F1200 X151.805 Y156.896 E29.5345
G0 F6000 X152.37 Y156.896
G1 F1200 X142.332 Y146.858 E29.8178
G0 F6000 X142.332 Y146.292
G1 F1200 X152.936 Y156.896 E30.11707
G0 F6000 X153.502 Y156.896
G1 F1200 X142.332 Y145.726 E30.43231
G0 F6000 X142.332 Y145.161
G1 F1200 X154.067 Y156.896 E30.7635
G0 F6000 X154.633 Y156.896
G1 F1200 X142.332 Y144.595 E31.11066
G0 F6000 X142.332 Y144.029
G1 F1200 X155.199 Y156.896 E31.47379
G0 F6000 X155.764 Y156.896
G1 F1200 X142.332 Y143.463 E31.85288
G0 F6000 X142.332 Y142.898
G1 F1200 X156.33 Y156.896 E32.24794
G0 F6000 X156.896 Y156.896
G1 F1200 X142.332 Y142.332 E32.65897
G0 F6000 X142.332 Y141.766
G1 F1200 X157.461 Y156.896 E33.08595
G0 F6000 X158.027 Y156.896
G1 F1200 X142.332 Y141.201 E33.5289
G0 F6000 X142.332 Y140.635
G1 F1200 X158.593 Y156.896 E33.98782
G0 F6000 X159.158 Y156.896
G1 F1200 X142.332 Y140.069 E34.4627
G0 F6000 X142.332 Y139.504
G1 F1200 X159.724 Y156.896 E34.95354
G0 F6000 X160.29 Y156.896
G1 F1200 X142.332 Y138.938 E35.46035
G0 F6000 X142.332 Y138.372
G1 F1200 X160.855 Y156.896 E35.98313
G0 F6000 X161.421 Y156.896
G1 F1200 X142.332 Y137.807 E36.52186
G0 F6000 X142.332 Y137.241
G1 F1200 X161.987 Y156.896 E37.07657
G0 F6000 X162.553 Y156.896
G1 F1200 X142.332 Y136.675 E37.64725
G0 F6000 X142.332 Y136.11
G1 F1200 X163.118 Y156.896 E38.23387
G0 F6000 X163.684 Y156.896
G1 F1200 X142.332 Y135.544 E38.83647
G0 F6000 X142.332 Y134.978
G1 F1200 X164.25 Y156.896 E39.45505
G0 F6000 X164.815 Y156.896
G1 F1200 X142.332 Y134.413 E40.08956
G0 F6000 X142.332 Y133.847
G1 F1200 X165.381 Y156.896 E40.74006
G0 F6000 X165.947 Y156.896
G1 F1200 X142.332 Y133.281 E41.40652
G0 F6000 X142.332 Y132.715
G1 F1200 X166.512 Y156.896 E42.08895
G0 F6000 X167.078 Y156.896
G1 F1200 X142.332 Y132.15 E42.78733
G0 F6000 X142.332 Y131.584
G1 F1200 X167.644 Y156.896 E43.50169
G0 F6000 X168.209 Y156.896
G1 F1200 X142.332 Y131.018 E44.23201
G0 F6000 X142.332 Y130.453
G1 F1200 X168.775 Y156.896 E44.97829
G0 F6000 X169.012 Y156.567
G1 F1200 X142.332 Y129.887 E45.73126
G0 F6000 X142.332 Y129.321
G1 F1200 X169.012 Y156.001 E46.48423
G0 F6000 X169.012 Y155.436
G1 F1200 X142.332 Y128.756 E47.23719
G0 F6000 X142.332 Y128.19
G1 F1200 X169.012 Y154.87 E47.99016
G0 F6000 X169.012 Y154.304
G1 F1200 X142.332 Y127.624 E48.74313
G0 F6000 X142.332 Y127.059
G1 F1200 X169.012 Y153.738 E49.49608
G0 F6000 X169.012 Y153.173
G1 F1200 X142.332 Y126.493 E50.24905
G0 F6000 X142.332 Y125.927
G1 F1200 X169.012 Y152.607 E51.00202
G0 F6000 X169.012 Y152.041
G1 F1200 X142.332 Y125.362 E51.75497
G0 F6000 X142.332 Y124.796
G1 F1200 X169.012 Y151.476 E52.50794
G0 F6000 X169.012 Y150.91
G1 F1200 X142.332 Y124.23 E53.2609
G0 F6000 X142.332 Y123.664
G1 F1200 X169.012 Y150.344 E54.01387
G0 F6000 X169.012 Y149.779
G1 F1200 X142.332 Y123.099 E54.76684
G0 F6000 X142.332 Y122.533
G1 F1200 X169.012 Y149.213 E55.5198
G0 F6000 X169.012 Y148.647
G1 F1200 X142.332 Y121.967 E56.27277
G0 F6000 X142.332 Y121.402
G1 F1200 X169.012 Y148.082 E57.02574
G0 F6000 X169.012 Y147.516
G1 F1200 X142.332 Y120.836 E57.77871
G0 F6000 X142.332 Y120.27
G1 F1200 X169.012 Y146.95 E58.53167
G0 F6000 X169.012 Y146.385
G1 F1200 X142.332 Y119.705 E59.28464
G0 F6000 X142.332 Y119.139
G1 F1200 X169.012 Y145.819 E60.03761
G0 F6000 X169.012 Y145.253
G1 F1200 X142.332 Y118.573 E60.79058
G0 F6000 X142.332 Y118.008
G1 F1200 X169.012 Y144.687 E61.54353
G0 F6000 X169.012 Y144.122
G1 F1200 X142.332 Y117.442 E62.2965
G0 F6000 X142.332 Y116.876
G1 F1200 X169.012 Y143.556 E63.04946
G0 F6000 X169.012 Y142.99
G1 F1200 X142.332 Y116.311 E63.80242
G0 F6000 X142.332 Y115.745
G1 F1200 X169.012 Y142.425 E64.55538
G0 F6000 X169.012 Y141.859
G1 F1200 X142.332 Y115.179 E65.30835
G0 F6000 X142.332 Y114.614
G1 F1200 X169.012 Y141.293 E66.0613
G0 F6000 X169.012 Y140.728
G1 F1200 X142.332 Y114.048 E66.81427
G0 F6000 X142.332 Y113.482
G1 F1200 X169.012 Y140.162 E67.56724
G0 F6000 X169.012 Y139.596
G1 F1200 X142.332 Y112.916 E68.32021
G0 F6000 X142.332 Y112.351
G1 F1200 X169.012 Y139.031 E69.07317
G0 F6000 X169.012 Y138.465
G1 F1200 X142.332 Y111.785 E69.82614
G0 F6000 X142.332 Y111.219
G1 F1200 X169.012 Y137.899 E70.57911
G0 F6000 X169.012 Y137.334
G1 F1200 X142.332 Y110.654 E71.33207
G0 F6000 X142.332 Y110.088
G1 F1200 X169.012 Y136.768 E72.08504
G0 F6000 X169.012 Y136.202
G1 F1200 X142.332 Y109.522 E72.83801
G0 F6000 X142.332 Y108.957
G1 F1200 X169.012 Y135.637 E73.59098
G0 F6000 X169.012 Y135.071
G1 F1200 X142.332 Y108.391 E74.34394
G0 F6000 X142.332 Y107.825
G1 F1200 X169.012 Y134.505 E75.09691
G0 F6000 X169.012 Y133.939
G1 F1200 X142.332 Y107.26 E75.84986
G0 F6000 X142.332 Y106.694
G1 F1200 X169.012 Y133.374 E76.60283
G0 F6000 X169.012 Y132.808
G1 F1200 X142.332 Y106.128 E77.3558
G0 F6000 X142.332 Y105.563
G1 F1200 X169.012 Y132.242 E78.10875
G0 F6000 X169.012 Y131.677
G1 F1200 X142.551 Y105.216 E78.85554
G0 F6000 X143.117 Y105.216
G1 F1200 X169.012 Y131.111 E79.58635
G0 F6000 X169.012 Y130.545
G1 F1200 X143.683 Y105.216 E80.30119
G0 F6000 X144.248 Y105.216
G1 F1200 X169.012 Y129.98 E81.00008
G0 F6000 X169.012 Y129.414
G1 F1200 X144.814 Y105.216 E81.683
G0 F6000 X145.38 Y105.216
G1 F1200 X169.012 Y128.848 E82.34995
G0 F6000 X169.012 Y128.283
G1 F1200 X145.945 Y105.216 E83.00095
G0 F6000 X146.511 Y105.216
G1 F1200 X169.012 Y127.717 E83.63598
G0 F6000 X169.012 Y127.151
G1 F1200 X147.077 Y105.216 E84.25503
G0 F6000 X147.642 Y105.216
G1 F1200 X169.012 Y126.586 E84.85814
G0 F6000 X169.012 Y126.02
G1 F1200 X148.208 Y105.216 E85.44527
G0 F6000 X148.774 Y105.216
G1 F1200 X169.012 Y125.454 E86.01643
G0 F6000 X169.012 Y124.888
G1 F1200 X149.34 Y105.216 E86.57162
G0 F6000 X149.905 Y105.216
G1 F1200 X169.012 Y124.323 E87.11086
G0 F6000 X169.012 Y123.757
G1 F1200 X150.471 Y105.216 E87.63413
G0 F6000 X151.037 Y105.216
G1 F1200 X169.012 Y123.191 E88.14142
G0 F6000 X169.012 Y122.626
G1 F1200 X151.602 Y105.216 E88.63277
G0 F6000 X152.168 Y105.216
G1 F1200 X169.012 Y122.06 E89.10814
G0 F6000 X169.012 Y121.494
G1 F1200 X152.734 Y105.216 E89.56754
G0 F6000 X153.299 Y105.216
G1 F1200 X169.012 Y120.929 E90.011
G0 F6000 X169.012 Y120.363
G1 F1200 X153.865 Y105.216 E90.43848
G0 F6000 X154.431 Y105.216
G1 F1200 X169.012 Y119.797 E90.84998
G0 F6000 X169.012 Y119.232
G1 F1200 X154.996 Y105.216 E91.24555
G0 F6000 X155.562 Y105.216
G1 F1200 X169.012 Y118.666 E91.62513
G0 F6000 X169.012 Y118.1
G1 F1200 X156.128 Y105.216 E91.98875
G0 F6000 X156.693 Y105.216
G1 F1200 X169.012 Y117.535 E92.33642
G0 F6000 X169.012 Y116.969
G1 F1200 X157.259 Y105.216 E92.66811
G0 F6000 X157.825 Y105.216
G1 F1200 X169.012 Y116.403 E92.98383
G0 F6000 X169.012 Y115.838
G1 F1200 X158.391 Y105.216 E93.2836
G0 F6000 X158.956 Y105.216
G1 F1200 X169.012 Y115.272 E93.5674
G0 F6000 X169.012 Y114.706
G1 F1200 X159.522 Y105.216 E93.83523
G0 F6000 X160.088 Y105.216
G1 F1200 X169.012 Y114.14 E94.08708
G0 F6000 X169.012 Y113.575
G1 F1200 X160.653 Y105.216 E94.32299
G0 F6000 X161.219 Y105.216
G1 F1200 X169.012 Y113.009 E94.54292
G0 F6000 X169.012 Y112.443
G1 F1200 X161.785 Y105.216 E94.74689
G0 F6000 X162.35 Y105.216
G1 F1200 X169.012 Y111.878 E94.9349
G0 F6000 X169.012 Y111.312
G1 F1200 X162.916 Y105.216 E95.10694
G0 F6000 X163.482 Y105.216
G1 F1200 X169.012 Y110.746 E95.26301
G0 F6000 X169.012 Y110.181
G1 F1200 X164.047 Y105.216 E95.40314
G0 F6000 X164.613 Y105.216
G1 F1200 X169.012 Y109.615 E95.52729
G0 F6000 X169.012 Y109.049
G1 F1200 X165.179 Y105.216 E95.63546
G0 F6000 X165.744 Y105.216
G1 F1200 X169.012 Y108.484 E95.72769
G0 F6000 X169.012 Y107.918
G1 F1200 X166.31 Y105.216 E95.80395
G0 F6000 X166.876 Y105.216
G1 F1200 X169.012 Y107.352 E95.86423
G0 F6000 X169.012 Y106.787
G1 F1200 X167.441 Y105.216 E95.90857
G0 F6000 X168.007 Y105.216
G1 F1200 X169.012 Y106.221 E95.93693
G0 F6000 X169.012 Y105.655
G1 F1200 X168.573 Y105.216 E95.94932
M104 S205
G1 F1500 E89.44932
;MESH:NONMESH
G0 F300 X168.573 Y105.216 Z0.24
G0 F6000 X168.573 Y104.756
G0 X141.197 Y104.08
G0 X140.108 Y104.08
G0 X132.461 Y97.527
;TIME_ELAPSED:258.932761
;LAYER:1
M140 S65
M106 S85
;TYPE:SKIRT
G1 F1500 E95.94932
G1 F1200 X133.028 Y96.823 E95.96736
G1 X133.654 Y96.173 E95.98537
G1 X134.335 Y95.58 E96.00339
G1 X135.067 Y95.05 E96.02142
G1 X135.842 Y94.587 E96.03944
G1 X136.655 Y94.194 E96.05746
G1 X137.5 Y93.874 E96.07549
G1 X138.369 Y93.631 E96.0935
G1 X139.257 Y93.465 E96.11153
G1 X140.396 Y93.369 E96.13434
G1 X141.003 Y93.356 E96.14645
G1 X169.966 Y93.356 E96.72444
G1 X170.81 Y93.367 E96.74128
G1 X171.712 Y93.42 E96.75932
G1 X172.605 Y93.552 E96.77733
G1 X173.483 Y93.763 E96.79535
G1 X174.339 Y94.051 E96.81337
G1 X175.166 Y94.413 E96.83139
G1 X175.958 Y94.848 E96.84942
G1 X176.709 Y95.35 E96.86745
G1 X177.412 Y95.917 E96.88547
G1 X178.062 Y96.544 E96.9035
G1 X178.654 Y97.226 E96.92152
G1 X179.184 Y97.957 E96.93954
G1 X179.646 Y98.733 E96.95756
G1 X180.039 Y99.546 E96.97558
G1 X180.357 Y100.391 E96.9936
G1 X180.6 Y101.261 E97.01162
G1 X180.765 Y102.149 E97.02965
G1 X180.86 Y103.279 E97.05228
G1 X180.873 Y103.886 E97.06439
G1 X180.872 Y157.946 E98.14322
G1 X180.863 Y158.673 E98.15773
G1 X180.812 Y159.575 E98.17576
G1 X180.681 Y160.469 E98.19379
G1 X180.472 Y161.347 E98.2118
G1 X180.186 Y162.204 E98.22983
G1 X179.825 Y163.032 E98.24786
G1 X179.393 Y163.824 E98.26586
G1 X178.892 Y164.576 E98.28389
G1 X178.326 Y165.28 E98.30192
G1 X177.701 Y165.931 E98.31993
G1 X177.02 Y166.525 E98.33796
G1 X176.289 Y167.056 E98.35599
G1 X175.515 Y167.52 E98.374
G1 X174.702 Y167.914 E98.39203
G1 X173.858 Y168.234 E98.41004
G1 X172.988 Y168.479 E98.42808
G1 X172.101 Y168.645 E98.44609
G1 X170.95 Y168.743 E98.46914
G1 X170.343 Y168.756 E98.48126
G1 X141.248 Y168.755 E99.06188
G1 X140.55 Y168.746 E99.07581
G1 X139.649 Y168.695 E99.09382
G1 X138.755 Y168.563 E99.11185
G1 X137.877 Y168.354 E99.12986
G1 X137.02 Y168.067 E99.1479
G1 X136.193 Y167.706 E99.16591
G1 X135.4 Y167.273 E99.18394
G1 X134.649 Y166.772 E99.20195
G1 X133.945 Y166.206 E99.21998
G1 X133.294 Y165.58 E99.238
G1 X132.701 Y164.899 E99.25602
G1 X132.171 Y164.168 E99.27404
G1 X131.707 Y163.393 E99.29207
G1 X131.313 Y162.58 E99.3101
G1 X130.993 Y161.736 E99.32811
G1 X130.749 Y160.866 E99.34614
G1 X130.583 Y159.978 E99.36417
G1 X130.486 Y158.823 E99.3873
G1 X130.473 Y158.214 E99.39946
G1 X130.474 Y104.092 E100.47952
G1 X130.483 Y103.427 E100.49279
G1 X130.535 Y102.525 E100.51082
G1 X130.667 Y101.632 E100.52884
G1 X130.877 Y100.754 E100.54685
G1 X131.164 Y99.897 E100.56489
G1 X131.526 Y99.07 E100.5829
G1 X131.959 Y98.278 E100.60092
G1 X132.461 Y97.527 E100.61894
G1 F1500 E94.11894
;MESH:9VBatteryHolder_v2.stl
G0 F9000 X140.008 Y103.986
G0 X141.103 Y103.986
G0 X141.844 Y157.384
G0 X169.672 Y157.556
;TYPE:WALL-INNER
G1 F1500 E100.61894
G1 F1800 X169.672 Y104.556 E101.67662
G1 X141.672 Y104.556 E102.23539
G1 X141.672 Y157.556 E103.29306
G1 X169.672 Y157.556 E103.85183
G0 F9000 X170.072 Y157.956
G1 F1800 X170.072 Y104.156 E104.92547
G1 X141.272 Y104.156 E105.5002
G1 X141.272 Y157.956 E106.57384
G1 X170.072 Y157.956 E107.14857
G0 F9000 X170.472 Y158.356
;TYPE:WALL-OUTER
G1 F1800 X170.472 Y103.756 E108.23817
G1 X140.872 Y103.756 E108.82887
G1 X140.872 Y158.356 E109.91848
G1 X170.472 Y158.356 E110.50918
G0 F9000 X170.193 Y158.076
G0 X169.572 Y157.196
G0 X169.312 Y157.196
;TYPE:SKIN
G1 F1800 X142.032 Y157.196 E111.05358
G1 X142.032 Y104.916 E112.09688
G1 X169.312 Y104.916 E112.64128
G1 X169.312 Y157.196 E113.68459
G0 F9000 X168.839 Y156.996
G1 F1800 X169.112 Y156.723 E113.69229
G0 F9000 X169.112 Y156.157
G1 F1800 X168.273 Y156.996 E113.71597
G0 F9000 X167.707 Y156.996
G1 F1800 X169.112 Y155.592 E113.75561
G0 F9000 X169.112 Y155.026
G1 F1800 X167.142 Y156.996 E113.81121
G0 F9000 X166.576 Y156.996
G1 F1800 X169.112 Y154.46 E113.88278
G0 F9000 X169.112 Y153.895
G1 F1800 X166.01 Y156.996 E113.97031
G0 F9000 X165.445 Y156.996
G1 F1800 X169.112 Y153.329 E114.0738
G0 F9000 X169.112 Y152.763
G1 F1800 X164.879 Y156.996 E114.19326
G0 F9000 X164.313 Y156.996
G1 F1800 X169.112 Y152.198 E114.32869
G0 F9000 X169.112 Y151.632
G1 F1800 X163.748 Y156.996 E114.48007
G0 F9000 X163.182 Y156.996
G1 F1800 X169.112 Y151.066 E114.64743
G0 F9000 X169.112 Y150.501
G1 F1800 X162.616 Y156.996 E114.83075
G0 F9000 X162.05 Y156.996
G1 F1800 X169.112 Y149.935 E115.03004
G0 F9000 X169.112 Y149.369
G1 F1800 X161.485 Y156.996 E115.24529
G0 F9000 X160.919 Y156.996
G1 F1800 X169.112 Y148.804 E115.4765
G0 F9000 X169.112 Y148.238
G1 F1800 X160.353 Y156.996 E115.72368
G0 F9000 X159.788 Y156.996
G1 F1800 X169.112 Y147.672 E115.98683
G0 F9000 X169.112 Y147.106
G1 F1800 X159.222 Y156.996 E116.26594
G0 F9000 X158.656 Y156.996
G1 F1800 X169.112 Y146.541 E116.56102
G0 F9000 X169.112 Y145.975
G1 F1800 X158.091 Y156.996 E116.87206
G0 F9000 X157.525 Y156.996
G1 F1800 X169.112 Y145.409 E117.19907
G0 F9000 X169.112 Y144.844
G1 F1800 X156.959 Y156.996 E117.54204
G0 F9000 X156.394 Y156.996
G1 F1800 X169.112 Y144.278 E117.90097
G0 F9000 X169.112 Y143.712
G1 F1800 X155.828 Y156.996 E118.27587
G0 F9000 X155.262 Y156.996
G1 F1800 X169.112 Y143.147 E118.66673
G0 F9000 X169.112 Y142.581
G1 F1800 X154.697 Y156.996 E119.07355
G0 F9000 X154.131 Y156.996
G1 F1800 X169.112 Y142.015 E119.49635
G0 F9000 X169.112 Y141.45
G1 F1800 X153.565 Y156.996 E119.93511
G0 F9000 X153 Y156.996
G1 F1800 X169.112 Y140.884 E120.38982
G0 F9000 X169.112 Y140.318
G1 F1800 X152.434 Y156.996 E120.86051
G0 F9000 X151.868 Y156.996
G1 F1800 X169.112 Y139.753 E121.34716
G0 F9000 X169.112 Y139.187
G1 F1800 X151.302 Y156.996 E121.84978
G0 F9000 X150.737 Y156.996
G1 F1800 X169.112 Y138.621 E122.36836
G0 F9000 X169.112 Y138.056
G1 F1800 X150.171 Y156.996 E122.90291
G0 F9000 X149.605 Y156.996
G1 F1800 X169.112 Y137.49 E123.45342
G0 F9000 X169.112 Y136.924
G1 F1800 X149.04 Y156.996 E124.0199
G0 F9000 X148.474 Y156.996
G1 F1800 X169.112 Y136.358 E124.60235
G0 F9000 X169.112 Y135.793
G1 F1800 X147.908 Y156.996 E125.20075
G0 F9000 X147.343 Y156.996
G1 F1800 X169.112 Y135.227 E125.81512
G0 F9000 X169.112 Y134.661
G1 F1800 X146.777 Y156.996 E126.44546
G0 F9000 X146.211 Y156.996
G1 F1800 X169.112 Y134.096 E127.09177
G0 F9000 X169.112 Y133.53
G1 F1800 X145.646 Y156.996 E127.75403
G0 F9000 X145.08 Y156.996
G1 F1800 X169.112 Y132.964 E128.43226
G0 F9000 X169.112 Y132.399
G1 F1800 X144.514 Y156.996 E129.12646
G0 F9000 X143.949 Y156.996
G1 F1800 X169.112 Y131.833 E129.83661
G0 F9000 X169.112 Y131.267
G1 F1800 X143.383 Y156.996 E130.56274
G0 F9000 X142.817 Y156.996
G1 F1800 X169.112 Y130.702 E131.30483
G0 F9000 X169.112 Y130.136
G1 F1800 X142.251 Y156.996 E132.06289
G0 F9000 X142.232 Y156.45
G1 F1800 X169.112 Y129.57 E132.8215
G0 F9000 X169.112 Y129.005
G1 F1800 X142.232 Y155.885 E133.58011
G0 F9000 X142.232 Y155.319
G1 F1800 X169.112 Y128.439 E134.33872
G0 F9000 X169.112 Y127.873
G1 F1800 X142.232 Y154.753 E135.09733
G0 F9000 X142.232 Y154.187
G1 F1800 X169.112 Y127.308 E135.85593
G0 F9000 X169.112 Y126.742
G1 F1800 X142.232 Y153.622 E136.61454
G0 F9000 X142.232 Y153.056
G1 F1800 X169.112 Y126.176 E137.37316
G0 F9000 X169.112 Y125.61
G1 F1800 X142.232 Y152.49 E138.13177
G0 F9000 X142.232 Y151.925
G1 F1800 X169.112 Y125.045 E138.89038
G0 F9000 X169.112 Y124.479
G1 F1800 X142.232 Y151.359 E139.64899
G0 F9000 X142.232 Y150.793
G1 F1800 X169.112 Y123.913 E140.4076
G0 F9000 X169.112 Y123.348
G1 F1800 X142.232 Y150.228 E141.16621
G0 F9000 X142.232 Y149.662
G1 F1800 X169.112 Y122.782 E141.92483
G0 F9000 X169.112 Y122.216
G1 F1800 X142.232 Y149.096 E142.68344
G0 F9000 X142.232 Y148.531
G1 F1800 X169.112 Y121.651 E143.44205
G0 F9000 X169.112 Y121.085
G1 F1800 X142.232 Y147.965 E144.20066
G0 F9000 X142.232 Y147.399
G1 F1800 X169.112 Y120.519 E144.95927
G0 F9000 X169.112 Y119.954
G1 F1800 X142.232 Y146.834 E145.71788
G0 F9000 X142.232 Y146.268
G1 F1800 X169.112 Y119.388 E146.4765
G0 F9000 X169.112 Y118.822
G1 F1800 X142.232 Y145.702 E147.23511
G0 F9000 X142.232 Y145.136
G1 F1800 X169.112 Y118.257 E147.9937
G0 F9000 X169.112 Y117.691
G1 F1800 X142.232 Y144.571 E148.75232
G0 F9000 X142.232 Y144.005
G1 F1800 X169.112 Y117.125 E149.51093
G0 F9000 X169.112 Y116.559
G1 F1800 X142.232 Y143.439 E150.26954
G0 F9000 X142.232 Y142.874
G1 F1800 X169.112 Y115.994 E151.02815
G0 F9000 X169.112 Y115.428
G1 F1800 X142.232 Y142.308 E151.78676
G0 F9000 X142.232 Y141.742
G1 F1800 X169.112 Y114.862 E152.54537
G0 F9000 X169.112 Y114.297
G1 F1800 X142.232 Y141.177 E153.30399
G0 F9000 X142.232 Y140.611
G1 F1800 X169.112 Y113.731 E154.0626
G0 F9000 X169.112 Y113.165
G1 F1800 X142.232 Y140.045 E154.82121
G0 F9000 X142.232 Y139.48
G1 F1800 X169.112 Y112.6 E155.57982
G0 F9000 X169.112 Y112.034
G1 F1800 X142.232 Y138.914 E156.33843
G0 F9000 X142.232 Y138.348
G1 F1800 X169.112 Y111.468 E157.09704
G0 F9000 X169.112 Y110.903
G1 F1800 X142.232 Y137.783 E157.85566
G0 F9000 X142.232 Y137.217
G1 F1800 X169.112 Y110.337 E158.61427
G0 F9000 X169.112 Y109.771
G1 F1800 X142.232 Y136.651 E159.37288
G0 F9000 X142.232 Y136.086
G1 F1800 X169.112 Y109.206 E160.13149
G0 F9000 X169.112 Y108.64
G1 F1800 X142.232 Y135.52 E160.8901
G0 F9000 X142.232 Y134.954
G1 F1800 X169.112 Y108.074 E161.64871
G0 F9000 X169.112 Y107.509
G1 F1800 X142.232 Y134.388 E162.40731
G0 F9000 X142.232 Y133.823
G1 F1800 X169.112 Y106.943 E163.16592
G0 F9000 X169.112 Y106.377
G1 F1800 X142.232 Y133.257 E163.92454
G0 F9000 X142.232 Y132.691
G1 F1800 X169.112 Y105.811 E164.68315
G0 F9000 X169.112 Y105.246
G1 F1800 X142.232 Y132.126 E165.44176
G0 F9000 X142.232 Y131.56
G1 F1800 X168.676 Y105.116 E166.18807
G0 F9000 X168.11 Y105.116
G1 F1800 X142.232 Y130.994 E166.9184
G0 F9000 X142.232 Y130.429
G1 F1800 X167.545 Y105.116 E167.63279
G0 F9000 X166.979 Y105.116
G1 F1800 X142.232 Y129.863 E168.3312
G0 F9000 X142.232 Y129.297
G1 F1800 X166.413 Y105.116 E169.01364
G0 F9000 X165.848 Y105.116
G1 F1800 X142.232 Y128.732 E169.68013
G0 F9000 X142.232 Y128.166
G1 F1800 X165.282 Y105.116 E170.33066
G0 F9000 X164.716 Y105.116
G1 F1800 X142.232 Y127.6 E170.9652
G0 F9000 X142.232 Y127.035
G1 F1800 X164.151 Y105.116 E171.5838
G0 F9000 X163.585 Y105.116
G1 F1800 X142.232 Y126.469 E172.18643
G0 F9000 X142.232 Y125.903
G1 F1800 X163.019 Y105.116 E172.77309
G0 F9000 X162.454 Y105.116
G1 F1800 X142.232 Y125.338 E173.34379
G0 F9000 X142.232 Y124.772
G1 F1800 X161.888 Y105.116 E173.89853
G0 F9000 X161.322 Y105.116
G1 F1800 X142.232 Y124.206 E174.43729
G0 F9000 X142.232 Y123.64
G1 F1800 X160.756 Y105.116 E174.96008
G0 F9000 X160.191 Y105.116
G1 F1800 X142.232 Y123.075 E175.46692
G0 F9000 X142.232 Y122.509
G1 F1800 X159.625 Y105.116 E175.95779
G0 F9000 X159.059 Y105.116
G1 F1800 X142.232 Y121.943 E176.43268
G0 F9000 X142.232 Y121.378
G1 F1800 X158.494 Y105.116 E176.89163
G0 F9000 X157.928 Y105.116
G1 F1800 X142.232 Y120.812 E177.33461
G0 F9000 X142.232 Y120.246
G1 F1800 X157.362 Y105.116 E177.76161
G0 F9000 X156.797 Y105.116
G1 F1800 X142.232 Y119.681 E178.17266
G0 F9000 X142.232 Y119.115
G1 F1800 X156.231 Y105.116 E178.56774
G0 F9000 X155.665 Y105.116
G1 F1800 X142.232 Y118.549 E178.94685
G0 F9000 X142.232 Y117.984
G1 F1800 X155.1 Y105.116 E179.31002
G0 F9000 X154.534 Y105.116
G1 F1800 X142.232 Y117.418 E179.6572
G0 F9000 X142.232 Y116.852
G1 F1800 X153.968 Y105.116 E179.98842
G0 F9000 X153.403 Y105.116
G1 F1800 X142.232 Y116.287 E180.30369
G0 F9000 X142.232 Y115.721
G1 F1800 X152.837 Y105.116 E180.60299
G0 F9000 X152.271 Y105.116
G1 F1800 X142.232 Y115.155 E180.88631
G0 F9000 X142.232 Y114.589
G1 F1800 X151.706 Y105.116 E181.15367
G0 F9000 X151.14 Y105.116
G1 F1800 X142.232 Y114.024 E181.40507
G0 F9000 X142.232 Y113.458
G1 F1800 X150.574 Y105.116 E181.6405
G0 F9000 X150.008 Y105.116
G1 F1800 X142.232 Y112.892 E181.85996
G0 F9000 X142.232 Y112.327
G1 F1800 X149.443 Y105.116 E182.06347
G0 F9000 X148.877 Y105.116
G1 F1800 X142.232 Y111.761 E182.251
G0 F9000 X142.232 Y111.195
G1 F1800 X148.311 Y105.116 E182.42257
G0 F9000 X147.746 Y105.116
G1 F1800 X142.232 Y110.63 E182.57818
G0 F9000 X142.232 Y110.064
G1 F1800 X147.18 Y105.116 E182.71783
G0 F9000 X146.614 Y105.116
G1 F1800 X142.232 Y109.498 E182.8415
G0 F9000 X142.232 Y108.933
G1 F1800 X146.049 Y105.116 E182.94922
G0 F9000 X145.483 Y105.116
G1 F1800 X142.232 Y108.367 E183.04097
G0 F9000 X142.232 Y107.801
G1 F1800 X144.917 Y105.116 E183.11675
G0 F9000 X144.352 Y105.116
G1 F1800 X142.232 Y107.236 E183.17658
G0 F9000 X142.232 Y106.67
G1 F1800 X143.786 Y105.116 E183.22044
G0 F9000 X143.22 Y105.116
G1 F1800 X142.232 Y106.104 E183.24832
G0 F9000 X142.232 Y105.539
G1 F1800 X142.655 Y105.116 E183.26026
G1 F1500 E176.76026
;MESH:NONMESH
G0 F300 X142.655 Y105.116 Z0.36
G0 F9000 X142.655 Y104.656
G0 X141.097 Y103.98
G0 X140.008 Y103.98
G0 X132.461 Y97.527
;TIME_ELAPSED:424.773332
;LAYER:2
M106 S170
;TYPE:SKIRT
G1 F1500 E183.26026
G1 F1200 X133.028 Y96.823 E183.2783
G1 X133.654 Y96.173 E183.29631
G1 X134.335 Y95.58 E183.31433
G1 X135.067 Y95.05 E183.33236
G1 X135.842 Y94.587 E183.35038
G1 X136.655 Y94.194 E183.3684
G1 X137.5 Y93.874 E183.38643
G1 X138.369 Y93.631 E183.40444
G1 X139.257 Y93.465 E183.42246
G1 X140.396 Y93.369 E183.44527
G1 X141.003 Y93.356 E183.45739
G1 X169.966 Y93.356 E184.03538
G1 X170.81 Y93.367 E184.05222
G1 X171.712 Y93.42 E184.07025
G1 X172.605 Y93.552 E184.08827
G1 X173.483 Y93.763 E184.10629
G1 X174.339 Y94.051 E184.12431
G1 X175.166 Y94.413 E184.14233
G1 X175.958 Y94.848 E184.16036
G1 X176.709 Y95.35 E184.17839
G1 X177.412 Y95.917 E184.19641
G1 X178.062 Y96.544 E184.21443
G1 X178.654 Y97.226 E184.23246
G1 X179.184 Y97.957 E184.25047
G1 X179.646 Y98.733 E184.2685
G1 X180.039 Y99.546 E184.28652
G1 X180.357 Y100.391 E184.30453
G1 X180.6 Y101.261 E184.32256
G1 X180.765 Y102.149 E184.34059
G1 X180.86 Y103.279 E184.36321
G1 X180.873 Y103.886 E184.37533
G1 X180.872 Y157.946 E185.45416
G1 X180.863 Y158.673 E185.46867
G1 X180.812 Y159.575 E185.4867
G1 X180.681 Y160.469 E185.50473
G1 X180.472 Y161.347 E185.52274
G1 X180.186 Y162.204 E185.54077
G1 X179.825 Y163.032 E185.55879
G1 X179.393 Y163.824 E185.5768
G1 X178.892 Y164.576 E185.59483
G1 X178.326 Y165.28 E185.61286
G1 X177.701 Y165.931 E185.63086
G1 X177.02 Y166.525 E185.6489
G1 X176.289 Y167.056 E185.66693
G1 X175.515 Y167.52 E185.68494
G1 X174.702 Y167.914 E185.70297
G1 X173.858 Y168.234 E185.72098
G1 X172.988 Y168.479 E185.73902
G1 X172.101 Y168.645 E185.75703
G1 X170.95 Y168.743 E185.78008
G1 X170.343 Y168.756 E185.79219
G1 X141.248 Y168.755 E186.37282
G1 X140.55 Y168.746 E186.38675
G1 X139.649 Y168.695 E186.40476
G1 X138.755 Y168.563 E186.42279
G1 X137.877 Y168.354 E186.4408
G1 X137.02 Y168.067 E186.45884
G1 X136.193 Y167.706 E186.47684
G1 X135.4 Y167.273 E186.49487
G1 X134.649 Y166.772 E186.51289
G1 X133.945 Y166.206 E186.53092
G1 X133.294 Y165.58 E186.54894
G1 X132.701 Y164.899 E186.56696
G1 X132.171 Y164.168 E186.58498
G1 X131.707 Y163.393 E186.60301
G1 X131.313 Y162.58 E186.62103
G1 X130.993 Y161.736 E186.63905
G1 X130.749 Y160.866 E186.65708
G1 X130.583 Y159.978 E186.67511
G1 X130.486 Y158.823 E186.69824
G1 X130.473 Y158.214 E186.71039
G1 X130.474 Y104.092 E187.79046
G1 X130.483 Y103.427 E187.80373
G1 X130.535 Y102.525 E187.82176
G1 X130.667 Y101.632 E187.83977
G1 X130.877 Y100.754 E187.85779
G1 X131.164 Y99.897 E187.87583
G1 X131.526 Y99.07 E187.89384
G1 X131.959 Y98.278 E187.91185
G1 X132.461 Y97.527 E187.92988
G1 F1500 E181.42988
;MESH:9VBatteryHolder_v2.stl
G0 F12000 X140.008 Y103.986
G0 X141.103 Y103.986
G0 X141.844 Y157.384
G0 X169.672 Y157.556
;TYPE:WALL-INNER
G1 F1500 E187.92988
G1 F2400 X169.672 Y104.556 E188.98755
G1 X141.672 Y104.556 E189.54632
G1 X141.672 Y157.556 E190.604
G1 X169.672 Y157.556 E191.16277
G0 F12000 X170.072 Y157.956
G1 F2400 X170.072 Y104.156 E192.2364
G1 X141.272 Y104.156 E192.81114
G1 X141.272 Y157.956 E193.88478
G1 X170.072 Y157.956 E194.45951
G0 F12000 X170.472 Y158.356
;TYPE:WALL-OUTER
G1 F2400 X170.472 Y103.756 E195.54911
G1 X140.872 Y103.756 E196.13981
G1 X140.872 Y158.356 E197.22941
G1 X170.472 Y158.356 E197.82011
G0 F12000 X170.193 Y158.076
G0 X169.572 Y157.196
G0 X169.312 Y157.196
;TYPE:SKIN
G1 F2400 X142.032 Y157.196 E198.36452
G1 X142.032 Y104.916 E199.40782
G1 X169.312 Y104.916 E199.95222
G1 X169.312 Y157.196 E200.99553
G0 F12000 X169.572 Y157.196
G0 X141.844 Y157.384
G0 X141.772 Y156.94
G0 X142.232 Y156.94
G1 F2400 X142.288 Y156.996 E200.99711
G0 F12000 X142.854 Y156.996
G1 F2400 X142.232 Y156.374 E201.01466
G0 F12000 X142.232 Y155.808
G1 F2400 X143.42 Y156.996 E201.04819
G0 F12000 X143.985 Y156.996
G1 F2400 X142.232 Y155.242 E201.09768
G0 F12000 X142.232 Y154.677
G1 F2400 X144.551 Y156.996 E201.16312
G0 F12000 X145.117 Y156.996
G1 F2400 X142.232 Y154.111 E201.24454
G0 F12000 X142.232 Y153.545
G1 F2400 X145.682 Y156.996 E201.34192
G0 F12000 X146.248 Y156.996
G1 F2400 X142.232 Y152.98 E201.45526
G0 F12000 X142.232 Y152.414
G1 F2400 X146.814 Y156.996 E201.58458
G0 F12000 X147.379 Y156.996
G1 F2400 X142.232 Y151.848 E201.72985
G0 F12000 X142.232 Y151.283
G1 F2400 X147.945 Y156.996 E201.89109
G0 F12000 X148.511 Y156.996
G1 F2400 X142.232 Y150.717 E202.06829
G0 F12000 X142.232 Y150.151
G1 F2400 X149.076 Y156.996 E202.26146
G0 F12000 X149.642 Y156.996
G1 F2400 X142.232 Y149.586 E202.47059
G0 F12000 X142.232 Y149.02
G1 F2400 X150.208 Y156.996 E202.69569
G0 F12000 X150.774 Y156.996
G1 F2400 X142.232 Y148.454 E202.93676
G0 F12000 X142.232 Y147.889
G1 F2400 X151.339 Y156.996 E203.19378
G0 F12000 X151.905 Y156.996
G1 F2400 X142.232 Y147.323 E203.46677
G0 F12000 X142.232 Y146.757
G1 F2400 X152.471 Y156.996 E203.75574
G0 F12000 X153.036 Y156.996
G1 F2400 X142.232 Y146.191 E204.06066
G0 F12000 X142.232 Y145.626
G1 F2400 X153.602 Y156.996 E204.38155
G0 F12000 X154.168 Y156.996
G1 F2400 X142.232 Y145.06 E204.71841
G0 F12000 X142.232 Y144.494
G1 F2400 X154.733 Y156.996 E205.07123
G0 F12000 X155.299 Y156.996
G1 F2400 X142.232 Y143.929 E205.44001
G0 F12000 X142.232 Y143.363
G1 F2400 X155.865 Y156.996 E205.82476
G0 F12000 X156.43 Y156.996
G1 F2400 X142.232 Y142.797 E206.22547
G0 F12000 X142.232 Y142.232
G1 F2400 X156.996 Y156.996 E206.64215
G0 F12000 X157.562 Y156.996
G1 F2400 X142.232 Y141.666 E207.07479
G0 F12000 X142.232 Y141.1
G1 F2400 X158.127 Y156.996 E207.5234
G0 F12000 X158.693 Y156.996
G1 F2400 X142.232 Y140.535 E207.98796
G0 F12000 X142.232 Y139.969
G1 F2400 X159.259 Y156.996 E208.4685
G0 F12000 X159.825 Y156.996
G1 F2400 X142.232 Y139.403 E208.96501
G0 F12000 X142.232 Y138.838
G1 F2400 X160.39 Y156.996 E209.47747
G0 F12000 X160.956 Y156.996
G1 F2400 X142.232 Y138.272 E210.0059
G0 F12000 X142.232 Y137.706
G1 F2400 X161.522 Y156.996 E210.55031
G0 F12000 X162.087 Y156.996
G1 F2400 X142.232 Y137.141 E211.11066
G0 F12000 X142.232 Y136.575
G1 F2400 X162.653 Y156.996 E211.68698
G0 F12000 X163.219 Y156.996
G1 F2400 X142.232 Y136.009 E212.27928
G0 F12000 X142.232 Y135.443
G1 F2400 X163.784 Y156.996 E212.88754
G0 F12000 X164.35 Y156.996
G1 F2400 X142.232 Y134.878 E213.51176
G0 F12000 X142.232 Y134.312
G1 F2400 X164.916 Y156.996 E214.15195
G0 F12000 X165.481 Y156.996
G1 F2400 X142.232 Y133.746 E214.8081
G0 F12000 X142.232 Y133.181
G1 F2400 X166.047 Y156.996 E215.48021
G0 F12000 X166.613 Y156.996
G1 F2400 X142.232 Y132.615 E216.1683
G0 F12000 X142.232 Y132.049
G1 F2400 X167.178 Y156.996 E216.87234
G0 F12000 X167.744 Y156.996
G1 F2400 X142.232 Y131.484 E217.59234
G0 F12000 X142.232 Y130.918
G1 F2400 X168.31 Y156.996 E218.32832
G0 F12000 X168.875 Y156.996
G1 F2400 X142.232 Y130.352 E219.08026
G0 F12000 X142.232 Y129.787
G1 F2400 X169.112 Y156.667 E219.83887
G0 F12000 X169.112 Y156.101
G1 F2400 X142.232 Y129.221 E220.59748
G0 F12000 X142.232 Y128.655
G1 F2400 X169.112 Y155.535 E221.35609
G0 F12000 X169.112 Y154.97
G1 F2400 X142.232 Y128.09 E222.1147
G0 F12000 X142.232 Y127.524
G1 F2400 X169.112 Y154.404 E222.87332
G0 F12000 X169.112 Y153.838
G1 F2400 X142.232 Y126.958 E223.63193
G0 F12000 X142.232 Y126.393
G1 F2400 X169.112 Y153.272 E224.39053
G0 F12000 X169.112 Y152.707
G1 F2400 X142.232 Y125.827 E225.14914
G0 F12000 X142.232 Y125.261
G1 F2400 X169.112 Y152.141 E225.90775
G0 F12000 X169.112 Y151.575
G1 F2400 X142.232 Y124.695 E226.66636
G0 F12000 X142.232 Y124.13
G1 F2400 X169.112 Y151.01 E227.42497
G0 F12000 X169.112 Y150.444
G1 F2400 X142.232 Y123.564 E228.18358
G0 F12000 X142.232 Y122.998
G1 F2400 X169.112 Y149.878 E228.9422
G0 F12000 X169.112 Y149.313
G1 F2400 X142.232 Y122.433 E229.70081
G0 F12000 X142.232 Y121.867
G1 F2400 X169.112 Y148.747 E230.45942
G0 F12000 X169.112 Y148.181
G1 F2400 X142.232 Y121.301 E231.21803
G0 F12000 X142.232 Y120.736
G1 F2400 X169.112 Y147.616 E231.97664
G0 F12000 X169.112 Y147.05
G1 F2400 X142.232 Y120.17 E232.73525
G0 F12000 X142.232 Y119.604
G1 F2400 X169.112 Y146.484 E233.49387
G0 F12000 X169.112 Y145.919
G1 F2400 X142.232 Y119.039 E234.25248
G0 F12000 X142.232 Y118.473
G1 F2400 X169.112 Y145.353 E235.01109
G0 F12000 X169.112 Y144.787
G1 F2400 X142.232 Y117.907 E235.7697
G0 F12000 X142.232 Y117.342
G1 F2400 X169.112 Y144.221 E236.5283
G0 F12000 X169.112 Y143.656
G1 F2400 X142.232 Y116.776 E237.28691
G0 F12000 X142.232 Y116.21
G1 F2400 X169.112 Y143.09 E238.04552
G0 F12000 X169.112 Y142.524
G1 F2400 X142.232 Y115.644 E238.80413
G0 F12000 X142.232 Y115.079
G1 F2400 X169.112 Y141.959 E239.56275
G0 F12000 X169.112 Y141.393
G1 F2400 X142.232 Y114.513 E240.32136
G0 F12000 X142.232 Y113.947
G1 F2400 X169.112 Y140.827 E241.07997
G0 F12000 X169.112 Y140.262
G1 F2400 X142.232 Y113.382 E241.83858
G0 F12000 X142.232 Y112.816
G1 F2400 X169.112 Y139.696 E242.59719
G0 F12000 X169.112 Y139.13
G1 F2400 X142.232 Y112.25 E243.3558
G0 F12000 X142.232 Y111.685
G1 F2400 X169.112 Y138.565 E244.11442
G0 F12000 X169.112 Y137.999
G1 F2400 X142.232 Y111.119 E244.87303
G0 F12000 X142.232 Y110.553
G1 F2400 X169.112 Y137.433 E245.63164
G0 F12000 X169.112 Y136.868
G1 F2400 X142.232 Y109.988 E246.39025
G0 F12000 X142.232 Y109.422
G1 F2400 X169.112 Y136.302 E247.14886
G0 F12000 X169.112 Y135.736
G1 F2400 X142.232 Y108.856 E247.90747
G0 F12000 X142.232 Y108.291
G1 F2400 X169.112 Y135.171 E248.66609
G0 F12000 X169.112 Y134.605
G1 F2400 X142.232 Y107.725 E249.4247
G0 F12000 X142.232 Y107.159
G1 F2400 X169.112 Y134.039 E250.18331
G0 F12000 X169.112 Y133.473
G1 F2400 X142.232 Y106.594 E250.94191
G0 F12000 X142.232 Y106.028
G1 F2400 X169.112 Y132.908 E251.70052
G0 F12000 X169.112 Y132.342
G1 F2400 X142.232 Y105.462 E252.45913
G0 F12000 X142.451 Y105.116
G1 F2400 X169.112 Y131.776 E253.21155
G0 F12000 X169.112 Y131.211
G1 F2400 X143.017 Y105.116 E253.948
G0 F12000 X143.582 Y105.116
G1 F2400 X169.112 Y130.645 E254.6685
G0 F12000 X169.112 Y130.079
G1 F2400 X144.148 Y105.116 E255.37303
G0 F12000 X144.714 Y105.116
G1 F2400 X169.112 Y129.514 E256.06159
G0 F12000 X169.112 Y128.948
G1 F2400 X145.279 Y105.116 E256.73419
G0 F12000 X145.845 Y105.116
G1 F2400 X169.112 Y128.382 E257.39082
G0 F12000 X169.112 Y127.817
G1 F2400 X146.411 Y105.116 E258.0315
G0 F12000 X146.976 Y105.116
G1 F2400 X169.112 Y127.251 E258.65621
G0 F12000 X169.112 Y126.685
G1 F2400 X147.542 Y105.116 E259.26495
G0 F12000 X148.108 Y105.116
G1 F2400 X169.112 Y126.12 E259.85772
G0 F12000 X169.112 Y125.554
G1 F2400 X148.673 Y105.116 E260.43454
G0 F12000 X149.239 Y105.116
G1 F2400 X169.112 Y124.988 E260.99539
G0 F12000 X169.112 Y124.423
G1 F2400 X149.805 Y105.116 E261.54027
G0 F12000 X150.37 Y105.116
G1 F2400 X169.112 Y123.857 E262.0692
G0 F12000 X169.112 Y123.291
G1 F2400 X150.936 Y105.116 E262.58215
G0 F12000 X151.502 Y105.116
G1 F2400 X169.112 Y122.725 E263.07913
G0 F12000 X169.112 Y122.16
G1 F2400 X152.068 Y105.116 E263.56015
G0 F12000 X152.633 Y105.116
G1 F2400 X169.112 Y121.594 E264.02521
G0 F12000 X169.112 Y121.028
G1 F2400 X153.199 Y105.116 E264.47429
G0 F12000 X153.765 Y105.116
G1 F2400 X169.112 Y120.463 E264.90742
G0 F12000 X169.112 Y119.897
G1 F2400 X154.33 Y105.116 E265.32458
G0 F12000 X154.896 Y105.116
G1 F2400 X169.112 Y119.331 E265.72577
G0 F12000 X169.112 Y118.766
G1 F2400 X155.462 Y105.116 E266.11101
G0 F12000 X156.027 Y105.116
G1 F2400 X169.112 Y118.2 E266.48028
G0 F12000 X169.112 Y117.634
G1 F2400 X156.593 Y105.116 E266.83358
G0 F12000 X157.159 Y105.116
G1 F2400 X169.112 Y117.069 E267.17092
G0 F12000 X169.112 Y116.503
G1 F2400 X157.724 Y105.116 E267.4923
G0 F12000 X158.29 Y105.116
G1 F2400 X169.112 Y115.937 E267.7977
G0 F12000 X169.112 Y115.372
G1 F2400 X158.856 Y105.116 E268.08715
G0 F12000 X159.421 Y105.116
G1 F2400 X169.112 Y114.806 E268.36064
G0 F12000 X169.112 Y114.24
G1 F2400 X159.987 Y105.116 E268.61815
G0 F12000 X160.553 Y105.116
G1 F2400 X169.112 Y113.674 E268.85969
G0 F12000 X169.112 Y113.109
G1 F2400 X161.119 Y105.116 E269.08527
G0 F12000 X161.684 Y105.116
G1 F2400 X169.112 Y112.543 E269.29489
G0 F12000 X169.112 Y111.977
G1 F2400 X162.25 Y105.116 E269.48854
G0 F12000 X162.816 Y105.116
G1 F2400 X169.112 Y111.412 E269.66622
G0 F12000 X169.112 Y110.846
G1 F2400 X163.381 Y105.116 E269.82795
G0 F12000 X163.947 Y105.116
G1 F2400 X169.112 Y110.28 E269.9737
G0 F12000 X169.112 Y109.715
G1 F2400 X164.513 Y105.116 E270.1035
G0 F12000 X165.078 Y105.116
G1 F2400 X169.112 Y109.149 E270.21733
G0 F12000 X169.112 Y108.583
G1 F2400 X165.644 Y105.116 E270.31519
G0 F12000 X166.21 Y105.116
G1 F2400 X169.112 Y108.018 E270.39709
G0 F12000 X169.112 Y107.452
G1 F2400 X166.775 Y105.116 E270.46303
G0 F12000 X167.341 Y105.116
G1 F2400 X169.112 Y106.886 E270.513
G0 F12000 X169.112 Y106.321
G1 F2400 X167.907 Y105.116 E270.54701
G0 F12000 X168.472 Y105.116
G1 F2400 X169.112 Y105.755 E270.56506
G0 F12000 X169.112 Y105.189
G1 F2400 X169.038 Y105.116 E270.56713
G1 F1500 E264.06713
;MESH:NONMESH
G0 F300 X169.038 Y105.116 Z0.48
G0 F12000 X169.038 Y104.656
G0 X169.5 Y104.728
G0 X169.672 Y157.556
;TIME_ELAPSED:559.853542
;LAYER:3
M106 S255
;TYPE:WALL-INNER
;MESH:9VBatteryHolder_v2.stl
G1 F1500 E270.56713
G1 F2400 X169.672 Y104.556 E271.6248
G1 X141.672 Y104.556 E272.18357
G1 X141.672 Y157.556 E273.24125
G1 X169.672 Y157.556 E273.80002
G0 F12000 X170.072 Y157.956
G1 F2400 X170.072 Y104.156 E274.87365
G1 X141.272 Y104.156 E275.44839
G1 X141.272 Y157.956 E276.52203
G1 X170.072 Y157.956 E277.09676
G0 F12000 X170.472 Y158.356
;TYPE:WALL-OUTER
G1 F2400 X170.472 Y103.756 E278.18636
G1 X140.872 Y103.756 E278.77706
G1 X140.872 Y158.356 E279.86666
G1 X170.472 Y158.356 E280.45736
G0 F12000 X170.193 Y158.076
G0 X169.572 Y157.196
G0 X169.312 Y157.196
;TYPE:SKIN
G1 F2400 X142.032 Y157.196 E281.00177
G1 X142.032 Y104.916 E282.04507
G1 X169.312 Y104.916 E282.58947
G1 X169.312 Y157.196 E283.63278
G0 F12000 X168.839 Y156.996
G1 F2400 X169.112 Y156.723 E283.64048
G0 F12000 X169.112 Y156.157
G1 F2400 X168.273 Y156.996 E283.66416
G0 F12000 X167.707 Y156.996
G1 F2400 X169.112 Y155.592 E283.7038
G0 F12000 X169.112 Y155.026
G1 F2400 X167.142 Y156.996 E283.75939
G0 F12000 X166.576 Y156.996
G1 F2400 X169.112 Y154.46 E283.83097
G0 F12000 X169.112 Y153.895
G1 F2400 X166.01 Y156.996 E283.9185
G0 F12000 X165.445 Y156.996
G1 F2400 X169.112 Y153.329 E284.02199
G0 F12000 X169.112 Y152.763
G1 F2400 X164.879 Y156.996 E284.14145
G0 F12000 X164.313 Y156.996
G1 F2400 X169.112 Y152.198 E284.27688
G0 F12000 X169.112 Y151.632
G1 F2400 X163.748 Y156.996 E284.42826
G0 F12000 X163.182 Y156.996
G1 F2400 X169.112 Y151.066 E284.59562
G0 F12000 X169.112 Y150.501
G1 F2400 X162.616 Y156.996 E284.77893
G0 F12000 X162.05 Y156.996
G1 F2400 X169.112 Y149.935 E284.97823
G0 F12000 X169.112 Y149.369
G1 F2400 X161.485 Y156.996 E285.19348
G0 F12000 X160.919 Y156.996
G1 F2400 X169.112 Y148.804 E285.42469
G0 F12000 X169.112 Y148.238
G1 F2400 X160.353 Y156.996 E285.67187
G0 F12000 X159.788 Y156.996
G1 F2400 X169.112 Y147.672 E285.93501
G0 F12000 X169.112 Y147.106
G1 F2400 X159.222 Y156.996 E286.21413
G0 F12000 X158.656 Y156.996
G1 F2400 X169.112 Y146.541 E286.50921
G0 F12000 X169.112 Y145.975
G1 F2400 X158.091 Y156.996 E286.82024
G0 F12000 X157.525 Y156.996
G1 F2400 X169.112 Y145.409 E287.14725
G0 F12000 X169.112 Y144.844
G1 F2400 X156.959 Y156.996 E287.49022
G0 F12000 X156.394 Y156.996
G1 F2400 X169.112 Y144.278 E287.84915
G0 F12000 X169.112 Y143.712
G1 F2400 X155.828 Y156.996 E288.22406
G0 F12000 X155.262 Y156.996
G1 F2400 X169.112 Y143.147 E288.61492
G0 F12000 X169.112 Y142.581
G1 F2400 X154.697 Y156.996 E289.02174
G0 F12000 X154.131 Y156.996
G1 F2400 X169.112 Y142.015 E289.44454
G0 F12000 X169.112 Y141.45
G1 F2400 X153.565 Y156.996 E289.88329
G0 F12000 X153 Y156.996
G1 F2400 X169.112 Y140.884 E290.33801
G0 F12000 X169.112 Y140.318
G1 F2400 X152.434 Y156.996 E290.8087
G0 F12000 X151.868 Y156.996
G1 F2400 X169.112 Y139.753 E291.29535
G0 F12000 X169.112 Y139.187
G1 F2400 X151.302 Y156.996 E291.79797
G0 F12000 X150.737 Y156.996
G1 F2400 X169.112 Y138.621 E292.31655
G0 F12000 X169.112 Y138.056
G1 F2400 X150.171 Y156.996 E292.85109
G0 F12000 X149.605 Y156.996
G1 F2400 X169.112 Y137.49 E293.40161
G0 F12000 X169.112 Y136.924
G1 F2400 X149.04 Y156.996 E293.96808
G0 F12000 X148.474 Y156.996
G1 F2400 X169.112 Y136.358 E294.55053
G0 F12000 X169.112 Y135.793
G1 F2400 X147.908 Y156.996 E295.14894
G0 F12000 X147.343 Y156.996
G1 F2400 X169.112 Y135.227 E295.76331
G0 F12000 X169.112 Y134.661
G1 F2400 X146.777 Y156.996 E296.39365
G0 F12000 X146.211 Y156.996
G1 F2400 X169.112 Y134.096 E297.03995
G0 F12000 X169.112 Y133.53
G1 F2400 X145.646 Y156.996 E297.70221
G0 F12000 X145.08 Y156.996
G1 F2400 X169.112 Y132.964 E298.38045
G0 F12000 X169.112 Y132.399
G1 F2400 X144.514 Y156.996 E299.07464
G0 F12000 X143.949 Y156.996
G1 F2400 X169.112 Y131.833 E299.7848
G0 F12000 X169.112 Y131.267
G1 F2400 X143.383 Y156.996 E300.51093
G0 F12000 X142.817 Y156.996
G1 F2400 X169.112 Y130.702 E301.25301
G0 F12000 X169.112 Y130.136
G1 F2400 X142.251 Y156.996 E302.01108
G0 F12000 X142.232 Y156.45
G1 F2400 X169.112 Y129.57 E302.76969
G0 F12000 X169.112 Y129.005
G1 F2400 X142.232 Y155.885 E303.5283
G0 F12000 X142.232 Y155.319
G1 F2400 X169.112 Y128.439 E304.28691
G0 F12000 X169.112 Y127.873
G1 F2400 X142.232 Y154.753 E305.04552
G0 F12000 X142.232 Y154.187
G1 F2400 X169.112 Y127.308 E305.80412
G0 F12000 X169.112 Y126.742
G1 F2400 X142.232 Y153.622 E306.56273
G0 F12000 X142.232 Y153.056
G1 F2400 X169.112 Y126.176 E307.32134
G0 F12000 X169.112 Y125.61
G1 F2400 X142.232 Y152.49 E308.07995
G0 F12000 X142.232 Y151.925
G1 F2400 X169.112 Y125.045 E308.83857
G0 F12000 X169.112 Y124.479
G1 F2400 X142.232 Y151.359 E309.59718
G0 F12000 X142.232 Y150.793
G1 F2400 X169.112 Y123.913 E310.35579
G0 F12000 X169.112 Y123.348
G1 F2400 X142.232 Y150.228 E311.1144
G0 F12000 X142.232 Y149.662
G1 F2400 X169.112 Y122.782 E311.87301
G0 F12000 X169.112 Y122.216
G1 F2400 X142.232 Y149.096 E312.63162
G0 F12000 X142.232 Y148.531
G1 F2400 X169.112 Y121.651 E313.39024
G0 F12000 X169.112 Y121.085
G1 F2400 X142.232 Y147.965 E314.14885
G0 F12000 X142.232 Y147.399
G1 F2400 X169.112 Y120.519 E314.90746
G0 F12000 X169.112 Y119.954
G1 F2400 X142.232 Y146.834 E315.66607
G0 F12000 X142.232 Y146.268
G1 F2400 X169.112 Y119.388 E316.42468
G0 F12000 X169.112 Y118.822
G1 F2400 X142.232 Y145.702 E317.18329
G0 F12000 X142.232 Y145.136
G1 F2400 X169.112 Y118.257 E317.94189
G0 F12000 X169.112 Y117.691
G1 F2400 X142.232 Y144.571 E318.7005
G0 F12000 X142.232 Y144.005
G1 F2400 X169.112 Y117.125 E319.45912
G0 F12000 X169.112 Y116.559
G1 F2400 X142.232 Y143.439 E320.21773
G0 F12000 X142.232 Y142.874
G1 F2400 X169.112 Y115.994 E320.97634
G0 F12000 X169.112 Y115.428
G1 F2400 X142.232 Y142.308 E321.73495
G0 F12000 X142.232 Y141.742
G1 F2400 X169.112 Y114.862 E322.49356
G0 F12000 X169.112 Y114.297
G1 F2400 X142.232 Y141.177 E323.25217
G0 F12000 X142.232 Y140.611
G1 F2400 X169.112 Y113.731 E324.01079
G0 F12000 X169.112 Y113.165
G1 F2400 X142.232 Y140.045 E324.7694
G0 F12000 X142.232 Y139.48
G1 F2400 X169.112 Y112.6 E325.52801
G0 F12000 X169.112 Y112.034
G1 F2400 X142.232 Y138.914 E326.28662
G0 F12000 X142.232 Y138.348
G1 F2400 X169.112 Y111.468 E327.04523
G0 F12000 X169.112 Y110.903
G1 F2400 X142.232 Y137.783 E327.80384
G0 F12000 X142.232 Y137.217
G1 F2400 X169.112 Y110.337 E328.56246
G0 F12000 X169.112 Y109.771
G1 F2400 X142.232 Y136.651 E329.32107
G0 F12000 X142.232 Y136.086
G1 F2400 X169.112 Y109.206 E330.07968
G0 F12000 X169.112 Y108.64
G1 F2400 X142.232 Y135.52 E330.83829
G0 F12000 X142.232 Y134.954
G1 F2400 X169.112 Y108.074 E331.5969
G0 F12000 X169.112 Y107.509
G1 F2400 X142.232 Y134.388 E332.3555
G0 F12000 X142.232 Y133.823
G1 F2400 X169.112 Y106.943 E333.11411
G0 F12000 X169.112 Y106.377
G1 F2400 X142.232 Y133.257 E333.87272
G0 F12000 X142.232 Y132.691
G1 F2400 X169.112 Y105.811 E334.63133
G0 F12000 X169.112 Y105.246
G1 F2400 X142.232 Y132.126 E335.38995
G0 F12000 X142.232 Y131.56
G1 F2400 X168.676 Y105.116 E336.13625
G0 F12000 X168.11 Y105.116
G1 F2400 X142.232 Y130.994 E336.86659
G0 F12000 X142.232 Y130.429
G1 F2400 X167.545 Y105.116 E337.58097
G0 F12000 X166.979 Y105.116
G1 F2400 X142.232 Y129.863 E338.27939
G0 F12000 X142.232 Y129.297
G1 F2400 X166.413 Y105.116 E338.96183
G0 F12000 X165.848 Y105.116
G1 F2400 X142.232 Y128.732 E339.62832
G0 F12000 X142.232 Y128.166
G1 F2400 X165.282 Y105.116 E340.27884
G0 F12000 X164.716 Y105.116
G1 F2400 X142.232 Y127.6 E340.91339
G0 F12000 X142.232 Y127.035
G1 F2400 X164.151 Y105.116 E341.53199
G0 F12000 X163.585 Y105.116
G1 F2400 X142.232 Y126.469 E342.13462
G0 F12000 X142.232 Y125.903
G1 F2400 X163.019 Y105.116 E342.72127
G0 F12000 X162.454 Y105.116
G1 F2400 X142.232 Y125.338 E343.29198
G0 F12000 X142.232 Y124.772
G1 F2400 X161.888 Y105.116 E343.84672
G0 F12000 X161.322 Y105.116
G1 F2400 X142.232 Y124.206 E344.38548
G0 F12000 X142.232 Y123.64
G1 F2400 X160.756 Y105.116 E344.90827
G0 F12000 X160.191 Y105.116
G1 F2400 X142.232 Y123.075 E345.41511
G0 F12000 X142.232 Y122.509
G1 F2400 X159.625 Y105.116 E345.90598
G0 F12000 X159.059 Y105.116
G1 F2400 X142.232 Y121.943 E346.38087
G0 F12000 X142.232 Y121.378
G1 F2400 X158.494 Y105.116 E346.83982
G0 F12000 X157.928 Y105.116
G1 F2400 X142.232 Y120.812 E347.28279
G0 F12000 X142.232 Y120.246
G1 F2400 X157.362 Y105.116 E347.70979
G0 F12000 X156.797 Y105.116
G1 F2400 X142.232 Y119.681 E348.12085
G0 F12000 X142.232 Y119.115
G1 F2400 X156.231 Y105.116 E348.51593
G0 F12000 X155.665 Y105.116
G1 F2400 X142.232 Y118.549 E348.89504
G0 F12000 X142.232 Y117.984
G1 F2400 X155.1 Y105.116 E349.2582
G0 F12000 X154.534 Y105.116
G1 F2400 X142.232 Y117.418 E349.60539
G0 F12000 X142.232 Y116.852
G1 F2400 X153.968 Y105.116 E349.93661
G0 F12000 X153.403 Y105.116
G1 F2400 X142.232 Y116.287 E350.25188
G0 F12000 X142.232 Y115.721
G1 F2400 X152.837 Y105.116 E350.55117
G0 F12000 X152.271 Y105.116
G1 F2400 X142.232 Y115.155 E350.8345
G0 F12000 X142.232 Y114.589
G1 F2400 X151.706 Y105.116 E351.10186
G0 F12000 X151.14 Y105.116
G1 F2400 X142.232 Y114.024 E351.35326
G0 F12000 X142.232 Y113.458
G1 F2400 X150.574 Y105.116 E351.58869
G0 F12000 X150.008 Y105.116
G1 F2400 X142.232 Y112.892 E351.80815
G0 F12000 X142.232 Y112.327
G1 F2400 X149.443 Y105.116 E352.01166
G0 F12000 X148.877 Y105.116
G1 F2400 X142.232 Y111.761 E352.19919
G0 F12000 X142.232 Y111.195
G1 F2400 X148.311 Y105.116 E352.37075
G0 F12000 X147.746 Y105.116
G1 F2400 X142.232 Y110.63 E352.52637
G0 F12000 X142.232 Y110.064
G1 F2400 X147.18 Y105.116 E352.66602
G0 F12000 X146.614 Y105.116
G1 F2400 X142.232 Y109.498 E352.78968
G0 F12000 X142.232 Y108.933
G1 F2400 X146.049 Y105.116 E352.89741
G0 F12000 X145.483 Y105.116
G1 F2400 X142.232 Y108.367 E352.98916
G0 F12000 X142.232 Y107.801
G1 F2400 X144.917 Y105.116 E353.06494
G0 F12000 X144.352 Y105.116
G1 F2400 X142.232 Y107.236 E353.12477
G0 F12000 X142.232 Y106.67
G1 F2400 X143.786 Y105.116 E353.16862
G0 F12000 X143.22 Y105.116
G1 F2400 X142.232 Y106.104 E353.19651
G0 F12000 X142.232 Y105.539
G1 F2400 X142.655 Y105.116 E353.20844
G1 F1500 E346.70844
;MESH:NONMESH
G0 F300 X142.655 Y105.116 Z0.6
G0 F12000 X142.655 Y104.656
G0 X169.5 Y104.728
G0 X169.672 Y157.556
;TIME_ELAPSED:681.100605
;LAYER:4
;TYPE:WALL-INNER
;MESH:9VBatteryHolder_v2.stl
G1 F1500 E353.20844
G1 F2400 X169.672 Y104.556 E354.26612
G1 X141.672 Y104.556 E354.82489
G1 X141.672 Y157.556 E355.88256
G1 X169.672 Y157.556 E356.44133
G0 F12000 X170.072 Y157.956
G1 F2400 X170.072 Y104.156 E357.51497
G1 X141.272 Y104.156 E358.0897
G1 X141.272 Y157.956 E359.16334
G1 X170.072 Y157.956 E359.73807
G0 F12000 X170.472 Y158.356
;TYPE:WALL-OUTER
G1 F2400 X170.472 Y103.756 E360.82768
G1 X140.872 Y103.756 E361.41838
G1 X140.872 Y158.356 E362.50798
G1 X170.472 Y158.356 E363.09868
G0 F12000 X170.193 Y158.076
G0 X169.572 Y157.196
G0 X169.312 Y157.196
;TYPE:SKIN
G1 F2400 X142.032 Y157.196 E363.64308
G1 X142.032 Y104.916 E364.68638
G1 X169.312 Y104.916 E365.23079
G1 X169.312 Y157.196 E366.27409
G0 F12000 X169.572 Y157.196
G0 X141.844 Y157.384
G0 X141.772 Y156.94
G0 X142.232 Y156.94
G1 F2400 X142.288 Y156.996 E366.27567
G0 F12000 X142.854 Y156.996
G1 F2400 X142.232 Y156.374 E366.29322
G0 F12000 X142.232 Y155.808
G1 F2400 X143.42 Y156.996 E366.32675
G0 F12000 X143.985 Y156.996
G1 F2400 X142.232 Y155.242 E366.37624
G0 F12000 X142.232 Y154.677
G1 F2400 X144.551 Y156.996 E366.44169
G0 F12000 X145.117 Y156.996
G1 F2400 X142.232 Y154.111 E366.52311
G0 F12000 X142.232 Y153.545
G1 F2400 X145.682 Y156.996 E366.62049
G0 F12000 X146.248 Y156.996
G1 F2400 X142.232 Y152.98 E366.73383
G0 F12000 X142.232 Y152.414
G1 F2400 X146.814 Y156.996 E366.86314
G0 F12000 X147.379 Y156.996
G1 F2400 X142.232 Y151.848 E367.00842
G0 F12000 X142.232 Y151.283
G1 F2400 X147.945 Y156.996 E367.16965
G0 F12000 X148.511 Y156.996
G1 F2400 X142.232 Y150.717 E367.34686
G0 F12000 X142.232 Y150.151
G1 F2400 X149.076 Y156.996 E367.54002
G0 F12000 X149.642 Y156.996
G1 F2400 X142.232 Y149.586 E367.74915
G0 F12000 X142.232 Y149.02
G1 F2400 X150.208 Y156.996 E367.97425
G0 F12000 X150.774 Y156.996
G1 F2400 X142.232 Y148.454 E368.21532
G0 F12000 X142.232 Y147.889
G1 F2400 X151.339 Y156.996 E368.47234
G0 F12000 X151.905 Y156.996
G1 F2400 X142.232 Y147.323 E368.74534
G0 F12000 X142.232 Y146.757
G1 F2400 X152.471 Y156.996 E369.0343
G0 F12000 X153.036 Y156.996
G1 F2400 X142.232 Y146.191 E369.33923
G0 F12000 X142.232 Y145.626
G1 F2400 X153.602 Y156.996 E369.66011
G0 F12000 X154.168 Y156.996
G1 F2400 X142.232 Y145.06 E369.99697
G0 F12000 X142.232 Y144.494
G1 F2400 X154.733 Y156.996 E370.34979
G0 F12000 X155.299 Y156.996
G1 F2400 X142.232 Y143.929 E370.71857
G0 F12000 X142.232 Y143.363
G1 F2400 X155.865 Y156.996 E371.10333
G0 F12000 X156.43 Y156.996
G1 F2400 X142.232 Y142.797 E371.50404
G0 F12000 X142.232 Y142.232
G1 F2400 X156.996 Y156.996 E371.92071
G0 F12000 X157.562 Y156.996
G1 F2400 X142.232 Y141.666 E372.35336
G0 F12000 X142.232 Y141.1
G1 F2400 X158.127 Y156.996 E372.80196
G0 F12000 X158.693 Y156.996
G1 F2400 X142.232 Y140.535 E373.26653
G0 F12000 X142.232 Y139.969
G1 F2400 X159.259 Y156.996 E373.74706
G0 F12000 X159.825 Y156.996
G1 F2400 X142.232 Y139.403 E374.24358
G0 F12000 X142.232 Y138.838
G1 F2400 X160.39 Y156.996 E374.75603
G0 F12000 X160.956 Y156.996
G1 F2400 X142.232 Y138.272 E375.28447
G0 F12000 X142.232 Y137.706
G1 F2400 X161.522 Y156.996 E375.82887
G0 F12000 X162.087 Y156.996
G1 F2400 X142.232 Y137.141 E376.38922
G0 F12000 X142.232 Y136.575
G1 F2400 X162.653 Y156.996 E376.96555
G0 F12000 X163.219 Y156.996
G1 F2400 X142.232 Y136.009 E377.55785
G0 F12000 X142.232 Y135.443
G1 F2400 X163.784 Y156.996 E378.1661
G0 F12000 X164.35 Y156.996
G1 F2400 X142.232 Y134.878 E378.79032
G0 F12000 X142.232 Y134.312
G1 F2400 X164.916 Y156.996 E379.43051
G0 F12000 X165.481 Y156.996
G1 F2400 X142.232 Y133.746 E380.08666
G0 F12000 X142.232 Y133.181
G1 F2400 X166.047 Y156.996 E380.75878
G0 F12000 X166.613 Y156.996
G1 F2400 X142.232 Y132.615 E381.44686
G0 F12000 X142.232 Y132.049
G1 F2400 X167.178 Y156.996 E382.1509
G0 F12000 X167.744 Y156.996
G1 F2400 X142.232 Y131.484 E382.87091
G0 F12000 X142.232 Y130.918
G1 F2400 X168.31 Y156.996 E383.60689
G0 F12000 X168.875 Y156.996
G1 F2400 X142.232 Y130.352 E384.35882
G0 F12000 X142.232 Y129.787
G1 F2400 X169.112 Y156.667 E385.11743
G0 F12000 X169.112 Y156.101
G1 F2400 X142.232 Y129.221 E385.87605
G0 F12000 X142.232 Y128.655
G1 F2400 X169.112 Y155.535 E386.63466
G0 F12000 X169.112 Y154.97
G1 F2400 X142.232 Y128.09 E387.39327
G0 F12000 X142.232 Y127.524
G1 F2400 X169.112 Y154.404 E388.15188
G0 F12000 X169.112 Y153.838
G1 F2400 X142.232 Y126.958 E388.91049
G0 F12000 X142.232 Y126.393
G1 F2400 X169.112 Y153.272 E389.66909
G0 F12000 X169.112 Y152.707
G1 F2400 X142.232 Y125.827 E390.4277
G0 F12000 X142.232 Y125.261
G1 F2400 X169.112 Y152.141 E391.18631
G0 F12000 X169.112 Y151.575
G1 F2400 X142.232 Y124.695 E391.94493
G0 F12000 X142.232 Y124.13
G1 F2400 X169.112 Y151.01 E392.70354
G0 F12000 X169.112 Y150.444
G1 F2400 X142.232 Y123.564 E393.46215
G0 F12000 X142.232 Y122.998
G1 F2400 X169.112 Y149.878 E394.22076
G0 F12000 X169.112 Y149.313
G1 F2400 X142.232 Y122.433 E394.97937
G0 F12000 X142.232 Y121.867
G1 F2400 X169.112 Y148.747 E395.73798
G0 F12000 X169.112 Y148.181
G1 F2400 X142.232 Y121.301 E396.4966
G0 F12000 X142.232 Y120.736
G1 F2400 X169.112 Y147.616 E397.25521
G0 F12000 X169.112 Y147.05
G1 F2400 X142.232 Y120.17 E398.01382
G0 F12000 X142.232 Y119.604
G1 F2400 X169.112 Y146.484 E398.77243
G0 F12000 X169.112 Y145.919
G1 F2400 X142.232 Y119.039 E399.53104
G0 F12000 X142.232 Y118.473
G1 F2400 X169.112 Y145.353 E400.28965
G0 F12000 X169.112 Y144.787
G1 F2400 X142.232 Y117.907 E401.04827
G0 F12000 X142.232 Y117.342
G1 F2400 X169.112 Y144.221 E401.80686
G0 F12000 X169.112 Y143.656
G1 F2400 X142.232 Y116.776 E402.56547
G0 F12000 X142.232 Y116.21
G1 F2400 X169.112 Y143.09 E403.32409
G0 F12000 X169.112 Y142.524
G1 F2400 X142.232 Y115.644 E404.0827
G0 F12000 X142.232 Y115.079
G1 F2400 X169.112 Y141.959 E404.84131
G0 F12000 X169.112 Y141.393
G1 F2400 X142.232 Y114.513 E405.59992
G0 F12000 X142.232 Y113.947
G1 F2400 X169.112 Y140.827 E406.35853
G0 F12000 X169.112 Y140.262
G1 F2400 X142.232 Y113.382 E407.11714
G0 F12000 X142.232 Y112.816
G1 F2400 X169.112 Y139.696 E407.87576
G0 F12000 X169.112 Y139.13
G1 F2400 X142.232 Y112.25 E408.63437
G0 F12000 X142.232 Y111.685
G1 F2400 X169.112 Y138.565 E409.39298
G0 F12000 X169.112 Y137.999
G1 F2400 X142.232 Y111.119 E410.15159
G0 F12000 X142.232 Y110.553
G1 F2400 X169.112 Y137.433 E410.9102
G0 F12000 X169.112 Y136.868
G1 F2400 X142.232 Y109.988 E411.66881
G0 F12000 X142.232 Y109.422
G1 F2400 X169.112 Y136.302 E412.42743
G0 F12000 X169.112 Y135.736
G1 F2400 X142.232 Y108.856 E413.18604
G0 F12000 X142.232 Y108.291
G1 F2400 X169.112 Y135.171 E413.94465
G0 F12000 X169.112 Y134.605
G1 F2400 X142.232 Y107.725 E414.70326
G0 F12000 X142.232 Y107.159
G1 F2400 X169.112 Y134.039 E415.46187
G0 F12000 X169.112 Y133.473
G1 F2400 X142.232 Y106.594 E416.22047
G0 F12000 X142.232 Y106.028
G1 F2400 X169.112 Y132.908 E416.97908
G0 F12000 X169.112 Y132.342
G1 F2400 X142.232 Y105.462 E417.73769
G0 F12000 X142.451 Y105.116
G1 F2400 X169.112 Y131.776 E418.49011
G0 F12000 X169.112 Y131.211
G1 F2400 X143.017 Y105.116 E419.22657
G0 F12000 X143.582 Y105.116
G1 F2400 X169.112 Y130.645 E419.94707
G0 F12000 X169.112 Y130.079
G1 F2400 X144.148 Y105.116 E420.65159
G0 F12000 X144.714 Y105.116
G1 F2400 X169.112 Y129.514 E421.34015
G0 F12000 X169.112 Y128.948
G1 F2400 X145.279 Y105.116 E422.01276
G0 F12000 X145.845 Y105.116
G1 F2400 X169.112 Y128.382 E422.66939
G0 F12000 X169.112 Y127.817
G1 F2400 X146.411 Y105.116 E423.31006
G0 F12000 X146.976 Y105.116
G1 F2400 X169.112 Y127.251 E423.93477
G0 F12000 X169.112 Y126.685
G1 F2400 X147.542 Y105.116 E424.54351
G0 F12000 X148.108 Y105.116
G1 F2400 X169.112 Y126.12 E425.13629
G0 F12000 X169.112 Y125.554
G1 F2400 X148.673 Y105.116 E425.71311
G0 F12000 X149.239 Y105.116
G1 F2400 X169.112 Y124.988 E426.27395
G0 F12000 X169.112 Y124.423
G1 F2400 X149.805 Y105.116 E426.81884
G0 F12000 X150.37 Y105.116
G1 F2400 X169.112 Y123.857 E427.34776
G0 F12000 X169.112 Y123.291
G1 F2400 X150.936 Y105.116 E427.86071
G0 F12000 X151.502 Y105.116
G1 F2400 X169.112 Y122.725 E428.35769
G0 F12000 X169.112 Y122.16
G1 F2400 X152.068 Y105.116 E428.83871
G0 F12000 X152.633 Y105.116
G1 F2400 X169.112 Y121.594 E429.30377
G0 F12000 X169.112 Y121.028
G1 F2400 X153.199 Y105.116 E429.75286
G0 F12000 X153.765 Y105.116
G1 F2400 X169.112 Y120.463 E430.18598
G0 F12000 X169.112 Y119.897
G1 F2400 X154.33 Y105.116 E430.60315
G0 F12000 X154.896 Y105.116
G1 F2400 X169.112 Y119.331 E431.00434
G0 F12000 X169.112 Y118.766
G1 F2400 X155.462 Y105.116 E431.38957
G0 F12000 X156.027 Y105.116
G1 F2400 X169.112 Y118.2 E431.75884
G0 F12000 X169.112 Y117.634
G1 F2400 X156.593 Y105.116 E432.11214
G0 F12000 X157.159 Y105.116
G1 F2400 X169.112 Y117.069 E432.44948
G0 F12000 X169.112 Y116.503
G1 F2400 X157.724 Y105.116 E432.77086
G0 F12000 X158.29 Y105.116
G1 F2400 X169.112 Y115.937 E433.07627
G0 F12000 X169.112 Y115.372
G1 F2400 X158.856 Y105.116 E433.36572
G0 F12000 X159.421 Y105.116
G1 F2400 X169.112 Y114.806 E433.6392
G0 F12000 X169.112 Y114.24
G1 F2400 X159.987 Y105.116 E433.89672
G0 F12000 X160.553 Y105.116
G1 F2400 X169.112 Y113.674 E434.13825
G0 F12000 X169.112 Y113.109
G1 F2400 X161.119 Y105.116 E434.36383
G0 F12000 X161.684 Y105.116
G1 F2400 X169.112 Y112.543 E434.57345
G0 F12000 X169.112 Y111.977
G1 F2400 X162.25 Y105.116 E434.7671
G0 F12000 X162.816 Y105.116
G1 F2400 X169.112 Y111.412 E434.94479
G0 F12000 X169.112 Y110.846
G1 F2400 X163.381 Y105.116 E435.10651
G0 F12000 X163.947 Y105.116
G1 F2400 X169.112 Y110.28 E435.25227
G0 F12000 X169.112 Y109.715
G1 F2400 X164.513 Y105.116 E435.38206
G0 F12000 X165.078 Y105.116
G1 F2400 X169.112 Y109.149 E435.4959
G0 F12000 X169.112 Y108.583
G1 F2400 X165.644 Y105.116 E435.59376
G0 F12000 X166.21 Y105.116
G1 F2400 X169.112 Y108.018 E435.67566
G0 F12000 X169.112 Y107.452
G1 F2400 X166.775 Y105.116 E435.7416
G0 F12000 X167.341 Y105.116
G1 F2400 X169.112 Y106.886 E435.79157
G0 F12000 X169.112 Y106.321
G1 F2400 X167.907 Y105.116 E435.82557
G0 F12000 X168.472 Y105.116
G1 F2400 X169.112 Y105.755 E435.84362
G0 F12000 X169.112 Y105.189
G1 F2400 X169.038 Y105.116 E435.8457
G1 F1500 E429.3457
;MESH:NONMESH
G0 F300 X169.038 Y105.116 Z0.72
G0 F12000 X169.038 Y104.656
G0 X169.5 Y104.728
G0 X169.672 Y157.556
;TIME_ELAPSED:802.492202
;LAYER:5
;TYPE:WALL-INNER
;MESH:9VBatteryHolder_v2.stl
G1 F1500 E435.8457
G1 F2400 X169.672 Y104.556 E436.90337
G1 X141.672 Y104.556 E437.46214
G1 X141.672 Y157.556 E438.51981
G1 X169.672 Y157.556 E439.07858
G0 F12000 X170.072 Y157.956
G1 F2400 X170.072 Y104.156 E440.15222
G1 X141.272 Y104.156 E440.72695
G1 X141.272 Y157.956 E441.80059
G1 X170.072 Y157.956 E442.37532
G0 F12000 X170.472 Y158.356
;TYPE:WALL-OUTER
G1 F2400 X170.472 Y103.756 E443.46493
G1 X140.872 Y103.756 E444.05563
G1 X140.872 Y158.356 E445.14523
G1 X170.472 Y158.356 E445.73593
G0 F12000 X170.193 Y158.076
G0 X169.572 Y157.196
G0 X169.312 Y157.196
;TYPE:SKIN
G1 F2400 X142.032 Y157.196 E446.28033
G1 X142.032 Y104.916 E447.32363
G1 X169.312 Y104.916 E447.86804
G1 X169.312 Y157.196 E448.91134
G0 F12000 X168.839 Y156.996
G1 F2400 X169.112 Y156.723 E448.91905
G0 F12000 X169.112 Y156.157
G1 F2400 X168.273 Y156.996 E448.94272
G0 F12000 X167.707 Y156.996
G1 F2400 X169.112 Y155.592 E448.98236
G0 F12000 X169.112 Y155.026
G1 F2400 X167.142 Y156.996 E449.03796
G0 F12000 X166.576 Y156.996
G1 F2400 X169.112 Y154.46 E449.10953
G0 F12000 X169.112 Y153.895
G1 F2400 X166.01 Y156.996 E449.19706
G0 F12000 X165.445 Y156.996
G1 F2400 X169.112 Y153.329 E449.30055
G0 F12000 X169.112 Y152.763
G1 F2400 X164.879 Y156.996 E449.42002
G0 F12000 X164.313 Y156.996
G1 F2400 X169.112 Y152.198 E449.55544
G0 F12000 X169.112 Y151.632
G1 F2400 X163.748 Y156.996 E449.70682
G0 F12000 X163.182 Y156.996
G1 F2400 X169.112 Y151.066 E449.87418
G0 F12000 X169.112 Y150.501
G1 F2400 X162.616 Y156.996 E450.0575
G0 F12000 X162.05 Y156.996
G1 F2400 X169.112 Y149.935 E450.25679
G0 F12000 X169.112 Y149.369
G1 F2400 X161.485 Y156.996 E450.47204
G0 F12000 X160.919 Y156.996
G1 F2400 X169.112 Y148.804 E450.70325
G0 F12000 X169.112 Y148.238
G1 F2400 X160.353 Y156.996 E450.95043
G0 F12000 X159.788 Y156.996
G1 F2400 X169.112 Y147.672 E451.21358
G0 F12000 X169.112 Y147.106
G1 F2400 X159.222 Y156.996 E451.49269
G0 F12000 X158.656 Y156.996
G1 F2400 X169.112 Y146.541 E451.78777
G0 F12000 X169.112 Y145.975
G1 F2400 X158.091 Y156.996 E452.09881
G0 F12000 X157.525 Y156.996
G1 F2400 X169.112 Y145.409 E452.42582
G0 F12000 X169.112 Y144.844
G1 F2400 X156.959 Y156.996 E452.76879
G0 F12000 X156.394 Y156.996
G1 F2400 X169.112 Y144.278 E453.12772
G0 F12000 X169.112 Y143.712
G1 F2400 X155.828 Y156.996 E453.50262
G0 F12000 X155.262 Y156.996
G1 F2400 X169.112 Y143.147 E453.89348
G0 F12000 X169.112 Y142.581
G1 F2400 X154.697 Y156.996 E454.30031
G0 F12000 X154.131 Y156.996
G1 F2400 X169.112 Y142.015 E454.7231
G0 F12000 X169.112 Y141.45
G1 F2400 X153.565 Y156.996 E455.16186
G0 F12000 X153 Y156.996
G1 F2400 X169.112 Y140.884 E455.61657
G0 F12000 X169.112 Y140.318
G1 F2400 X152.434 Y156.996 E456.08726
G0 F12000 X151.868 Y156.996
G1 F2400 X169.112 Y139.753 E456.57391
G0 F12000 X169.112 Y139.187
G1 F2400 X151.302 Y156.996 E457.07653
G0 F12000 X150.737 Y156.996
G1 F2400 X169.112 Y138.621 E457.59512
G0 F12000 X169.112 Y138.056
G1 F2400 X150.171 Y156.996 E458.12966
G0 F12000 X149.605 Y156.996
G1 F2400 X169.112 Y137.49 E458.68017
G0 F12000 X169.112 Y136.924
G1 F2400 X149.04 Y156.996 E459.24665
G0 F12000 X148.474 Y156.996
G1 F2400 X169.112 Y136.358 E459.8291
G0 F12000 X169.112 Y135.793
G1 F2400 X147.908 Y156.996 E460.42751
G0 F12000 X147.343 Y156.996
G1 F2400 X169.112 Y135.227 E461.04187
G0 F12000 X169.112 Y134.661
G1 F2400 X146.777 Y156.996 E461.67222
G0 F12000 X146.211 Y156.996
G1 F2400 X169.112 Y134.096 E462.31852
G0 F12000 X169.112 Y133.53
G1 F2400 X145.646 Y156.996 E462.98078
G0 F12000 X145.08 Y156.996
G1 F2400 X169.112 Y132.964 E463.65901
G0 F12000 X169.112 Y132.399
G1 F2400 X144.514 Y156.996 E464.35321
G0 F12000 X143.949 Y156.996
G1 F2400 X169.112 Y131.833 E465.06336
G0 F12000 X169.112 Y131.267
G1 F2400 X143.383 Y156.996 E465.78949
G0 F12000 X142.817 Y156.996
G1 F2400 X169.112 Y130.702 E466.53158
G0 F12000 X169.112 Y130.136
G1 F2400 X142.251 Y156.996 E467.28964
G0 F12000 X142.232 Y156.45
G1 F2400 X169.112 Y129.57 E468.04825
G0 F12000 X169.112 Y129.005
G1 F2400 X142.232 Y155.885 E468.80686
G0 F12000 X142.232 Y155.319
G1 F2400 X169.112 Y128.439 E469.56547
G0 F12000 X169.112 Y127.873
G1 F2400 X142.232 Y154.753 E470.32409
G0 F12000 X142.232 Y154.187
G1 F2400 X169.112 Y127.308 E471.08268
G0 F12000 X169.112 Y126.742
G1 F2400 X142.232 Y153.622 E471.8413
G0 F12000 X142.232 Y153.056
G1 F2400 X169.112 Y126.176 E472.59991
G0 F12000 X169.112 Y125.61
G1 F2400 X142.232 Y152.49 E473.35852
G0 F12000 X142.232 Y151.925
G1 F2400 X169.112 Y125.045 E474.11713
G0 F12000 X169.112 Y124.479
G1 F2400 X142.232 Y151.359 E474.87574
G0 F12000 X142.232 Y150.793
G1 F2400 X169.112 Y123.913 E475.63435
G0 F12000 X169.112 Y123.348
G1 F2400 X142.232 Y150.228 E476.39297
G0 F12000 X142.232 Y149.662
G1 F2400 X169.112 Y122.782 E477.15158
G0 F12000 X169.112 Y122.216
G1 F2400 X142.232 Y149.096 E477.91019
G0 F12000 X142.232 Y148.531
G1 F2400 X169.112 Y121.651 E478.6688
G0 F12000 X169.112 Y121.085
G1 F2400 X142.232 Y147.965 E479.42741
G0 F12000 X142.232 Y147.399
G1 F2400 X169.112 Y120.519 E480.18602
G0 F12000 X169.112 Y119.954
G1 F2400 X142.232 Y146.834 E480.94464
G0 F12000 X142.232 Y146.268
G1 F2400 X169.112 Y119.388 E481.70325
G0 F12000 X169.112 Y118.822
G1 F2400 X142.232 Y145.702 E482.46186
G0 F12000 X142.232 Y145.136
G1 F2400 X169.112 Y118.257 E483.22046
G0 F12000 X169.112 Y117.691
G1 F2400 X142.232 Y144.571 E483.97907
G0 F12000 X142.232 Y144.005
G1 F2400 X169.112 Y117.125 E484.73768
G0 F12000 X169.112 Y116.559
G1 F2400 X142.232 Y143.439 E485.49629
G0 F12000 X142.232 Y142.874
G1 F2400 X169.112 Y115.994 E486.2549
G0 F12000 X169.112 Y115.428
G1 F2400 X142.232 Y142.308 E487.01351
G0 F12000 X142.232 Y141.742
G1 F2400 X169.112 Y114.862 E487.77213
G0 F12000 X169.112 Y114.297
G1 F2400 X142.232 Y141.177 E488.53074
G0 F12000 X142.232 Y140.611
G1 F2400 X169.112 Y113.731 E489.28935
G0 F12000 X169.112 Y113.165
G1 F2400 X142.232 Y140.045 E490.04796
G0 F12000 X142.232 Y139.48
G1 F2400 X169.112 Y112.6 E490.80657
G0 F12000 X169.112 Y112.034
G1 F2400 X142.232 Y138.914 E491.56519
G0 F12000 X142.232 Y138.348
G1 F2400 X169.112 Y111.468 E492.3238
G0 F12000 X169.112 Y110.903
G1 F2400 X142.232 Y137.783 E493.08241
G0 F12000 X142.232 Y137.217
G1 F2400 X169.112 Y110.337 E493.84102
G0 F12000 X169.112 Y109.771
G1 F2400 X142.232 Y136.651 E494.59963
G0 F12000 X142.232 Y136.086
G1 F2400 X169.112 Y109.206 E495.35824
G0 F12000 X169.112 Y108.64
G1 F2400 X142.232 Y135.52 E496.11686
G0 F12000 X142.232 Y134.954
G1 F2400 X169.112 Y108.074 E496.87547
G0 F12000 X169.112 Y107.509
G1 F2400 X142.232 Y134.388 E497.63406
G0 F12000 X142.232 Y133.823
G1 F2400 X169.112 Y106.943 E498.39268
G0 F12000 X169.112 Y106.377
G1 F2400 X142.232 Y133.257 E499.15129
G0 F12000 X142.232 Y132.691
G1 F2400 X169.112 Y105.811 E499.9099
G0 F12000 X169.112 Y105.246
G1 F2400 X142.232 Y132.126 E500.66851
G0 F12000 X142.232 Y131.56
G1 F2400 X168.676 Y105.116 E501.41482
G0 F12000 X168.11 Y105.116
G1 F2400 X142.232 Y130.994 E502.14515
G0 F12000 X142.232 Y130.429
G1 F2400 X167.545 Y105.116 E502.85954
G0 F12000 X166.979 Y105.116
G1 F2400 X142.232 Y129.863 E503.55795
G0 F12000 X142.232 Y129.297
G1 F2400 X166.413 Y105.116 E504.24039
G0 F12000 X165.848 Y105.116
G1 F2400 X142.232 Y128.732 E504.90689
G0 F12000 X142.232 Y128.166
G1 F2400 X165.282 Y105.116 E505.55741
G0 F12000 X164.716 Y105.116
G1 F2400 X142.232 Y127.6 E506.19195
G0 F12000 X142.232 Y127.035
G1 F2400 X164.151 Y105.116 E506.81056
G0 F12000 X163.585 Y105.116
G1 F2400 X142.232 Y126.469 E507.41318
G0 F12000 X142.232 Y125.903
G1 F2400 X163.019 Y105.116 E507.99984
G0 F12000 X162.454 Y105.116
G1 F2400 X142.232 Y125.338 E508.57055
G0 F12000 X142.232 Y124.772
G1 F2400 X161.888 Y105.116 E509.12528
G0 F12000 X161.322 Y105.116
G1 F2400 X142.232 Y124.206 E509.66404
G0 F12000 X142.232 Y123.64
G1 F2400 X160.756 Y105.116 E510.18683
G0 F12000 X160.191 Y105.116
G1 F2400 X142.232 Y123.075 E510.69367
G0 F12000 X142.232 Y122.509
G1 F2400 X159.625 Y105.116 E511.18454
G0 F12000 X159.059 Y105.116
G1 F2400 X142.232 Y121.943 E511.65943
G0 F12000 X142.232 Y121.378
G1 F2400 X158.494 Y105.116 E512.11838
G0 F12000 X157.928 Y105.116
G1 F2400 X142.232 Y120.812 E512.56136
G0 F12000 X142.232 Y120.246
G1 F2400 X157.362 Y105.116 E512.98836
G0 F12000 X156.797 Y105.116
G1 F2400 X142.232 Y119.681 E513.39941
G0 F12000 X142.232 Y119.115
G1 F2400 X156.231 Y105.116 E513.7945
G0 F12000 X155.665 Y105.116
G1 F2400 X142.232 Y118.549 E514.1736
G0 F12000 X142.232 Y117.984
G1 F2400 X155.1 Y105.116 E514.53677
G0 F12000 X154.534 Y105.116
G1 F2400 X142.232 Y117.418 E514.88396
G0 F12000 X142.232 Y116.852
G1 F2400 X153.968 Y105.116 E515.21517
G0 F12000 X153.403 Y105.116
G1 F2400 X142.232 Y116.287 E515.53044
G0 F12000 X142.232 Y115.721
G1 F2400 X152.837 Y105.116 E515.82974
G0 F12000 X152.271 Y105.116
G1 F2400 X142.232 Y115.155 E516.11306
G0 F12000 X142.232 Y114.589
G1 F2400 X151.706 Y105.116 E516.38042
G0 F12000 X151.14 Y105.116
G1 F2400 X142.232 Y114.024 E516.63183
G0 F12000 X142.232 Y113.458
G1 F2400 X150.574 Y105.116 E516.86725
G0 F12000 X150.008 Y105.116
G1 F2400 X142.232 Y112.892 E517.08671
G0 F12000 X142.232 Y112.327
G1 F2400 X149.443 Y105.116 E517.29022
G0 F12000 X148.877 Y105.116
G1 F2400 X142.232 Y111.761 E517.47776
G0 F12000 X142.232 Y111.195
G1 F2400 X148.311 Y105.116 E517.64932
G0 F12000 X147.746 Y105.116
G1 F2400 X142.232 Y110.63 E517.80494
G0 F12000 X142.232 Y110.064
G1 F2400 X147.18 Y105.116 E517.94458
G0 F12000 X146.614 Y105.116
G1 F2400 X142.232 Y109.498 E518.06825
G0 F12000 X142.232 Y108.933
G1 F2400 X146.049 Y105.116 E518.17597
G0 F12000 X145.483 Y105.116
G1 F2400 X142.232 Y108.367 E518.26772
G0 F12000 X142.232 Y107.801
G1 F2400 X144.917 Y105.116 E518.3435
G0 F12000 X144.352 Y105.116
G1 F2400 X142.232 Y107.236 E518.40333
G0 F12000 X142.232 Y106.67
G1 F2400 X143.786 Y105.116 E518.44719
G0 F12000 X143.22 Y105.116
G1 F2400 X142.232 Y106.104 E518.47507
G0 F12000 X142.232 Y105.539
G1 F2400 X142.655 Y105.116 E518.48701
G1 F1500 E511.98701
;MESH:NONMESH
G0 F300 X142.655 Y105.116 Z0.84
G0 F12000 X142.655 Y104.656
G0 X169.5 Y104.728
G0 X169.672 Y157.556
;TIME_ELAPSED:923.739265
;LAYER:6
;TYPE:WALL-INNER
;MESH:9VBatteryHolder_v2.stl
G1 F1500 E518.48701
G1 F2400 X169.672 Y104.556 E519.54468
G1 X141.672 Y104.556 E520.10345
G1 X141.672 Y157.556 E521.16112
G1 X169.672 Y157.556 E521.71989
G0 F12000 X170.072 Y157.956
G1 F2400 X170.072 Y104.156 E522.79353
G1 X141.272 Y104.156 E523.36827
G1 X141.272 Y157.956 E524.4419
G1 X170.072 Y157.956 E525.01664
G0 F12000 X170.472 Y158.356
;TYPE:WALL-OUTER
G1 F2400 X170.472 Y103.756 E526.10624
G1 X140.872 Y103.756 E526.69694
G1 X140.872 Y158.356 E527.78654
G1 X170.472 Y158.356 E528.37724
G0 F12000 X170.193 Y158.076
G0 X169.572 Y157.196
G0 X169.312 Y157.196
;TYPE:SKIN
G1 F2400 X142.032 Y157.196 E528.92165
G1 X142.032 Y104.916 E529.96495
G1 X169.312 Y104.916 E530.50935
G1 X169.312 Y157.196 E531.55265
G0 F12000 X169.572 Y157.196
G0 X141.844 Y157.384
G0 X141.772 Y156.94
G0 X142.232 Y156.94
G1 F2400 X142.288 Y156.996 E531.55424
G0 F12000 X142.854 Y156.996
G1 F2400 X142.232 Y156.374 E531.57179
G0 F12000 X142.232 Y155.808
G1 F2400 X143.42 Y156.996 E531.60532
G0 F12000 X143.985 Y156.996
G1 F2400 X142.232 Y155.242 E531.6548
G0 F12000 X142.232 Y154.677
G1 F2400 X144.551 Y156.996 E531.72025
G0 F12000 X145.117 Y156.996
G1 F2400 X142.232 Y154.111 E531.80167
G0 F12000 X142.232 Y153.545
G1 F2400 X145.682 Y156.996 E531.89905
G0 F12000 X146.248 Y156.996
G1 F2400 X142.232 Y152.98 E532.01239
G0 F12000 X142.232 Y152.414
G1 F2400 X146.814 Y156.996 E532.14171
G0 F12000 X147.379 Y156.996
G1 F2400 X142.232 Y151.848 E532.28698
G0 F12000 X142.232 Y151.283
G1 F2400 X147.945 Y156.996 E532.44821
G0 F12000 X148.511 Y156.996
G1 F2400 X142.232 Y150.717 E532.62542
G0 F12000 X142.232 Y150.151
G1 F2400 X149.076 Y156.996 E532.81859
G0 F12000 X149.642 Y156.996
G1 F2400 X142.232 Y149.586 E533.02771
G0 F12000 X142.232 Y149.02
G1 F2400 X150.208 Y156.996 E533.25281
G0 F12000 X150.774 Y156.996
G1 F2400 X142.232 Y148.454 E533.49389
G0 F12000 X142.232 Y147.889
G1 F2400 X151.339 Y156.996 E533.75091
G0 F12000 X151.905 Y156.996
G1 F2400 X142.232 Y147.323 E534.0239
G0 F12000 X142.232 Y146.757
G1 F2400 X152.471 Y156.996 E534.31287
G0 F12000 X153.036 Y156.996
G1 F2400 X142.232 Y146.191 E534.61779
G0 F12000 X142.232 Y145.626
G1 F2400 X153.602 Y156.996 E534.93868
G0 F12000 X154.168 Y156.996
G1 F2400 X142.232 Y145.06 E535.27554
G0 F12000 X142.232 Y144.494
G1 F2400 X154.733 Y156.996 E535.62836
G0 F12000 X155.299 Y156.996
G1 F2400 X142.232 Y143.929 E535.99714
G0 F12000 X142.232 Y143.363
G1 F2400 X155.865 Y156.996 E536.38189
G0 F12000 X156.43 Y156.996
G1 F2400 X142.232 Y142.797 E536.7826
G0 F12000 X142.232 Y142.232
G1 F2400 X156.996 Y156.996 E537.19927
G0 F12000 X157.562 Y156.996
G1 F2400 X142.232 Y141.666 E537.63192
G0 F12000 X142.232 Y141.1
G1 F2400 X158.127 Y156.996 E538.08053
G0 F12000 X158.693 Y156.996
G1 F2400 X142.232 Y140.535 E538.54509
G0 F12000 X142.232 Y139.969
G1 F2400 X159.259 Y156.996 E539.02563
G0 F12000 X159.825 Y156.996
G1 F2400 X142.232 Y139.403 E539.52214
G0 F12000 X142.232 Y138.838
G1 F2400 X160.39 Y156.996 E540.0346
G0 F12000 X160.956 Y156.996
G1 F2400 X142.232 Y138.272 E540.56303
G0 F12000 X142.232 Y137.706
G1 F2400 X161.522 Y156.996 E541.10744
G0 F12000 X162.087 Y156.996
G1 F2400 X142.232 Y137.141 E541.66779
G0 F12000 X142.232 Y136.575
G1 F2400 X162.653 Y156.996 E542.24411
G0 F12000 X163.219 Y156.996
G1 F2400 X142.232 Y136.009 E542.83641
G0 F12000 X142.232 Y135.443
G1 F2400 X163.784 Y156.996 E543.44467
G0 F12000 X164.35 Y156.996
G1 F2400 X142.232 Y134.878 E544.06889
G0 F12000 X142.232 Y134.312
G1 F2400 X164.916 Y156.996 E544.70908
G0 F12000 X165.481 Y156.996
G1 F2400 X142.232 Y133.746 E545.36523
G0 F12000 X142.232 Y133.181
G1 F2400 X166.047 Y156.996 E546.03734
G0 F12000 X166.613 Y156.996
G1 F2400 X142.232 Y132.615 E546.72542
G0 F12000 X142.232 Y132.049
G1 F2400 X167.178 Y156.996 E547.42947
G0 F12000 X167.744 Y156.996
G1 F2400 X142.232 Y131.484 E548.14947
G0 F12000 X142.232 Y130.918
G1 F2400 X168.31 Y156.996 E548.88545
G0 F12000 X168.875 Y156.996
G1 F2400 X142.232 Y130.352 E549.63739
G0 F12000 X142.232 Y129.787
G1 F2400 X169.112 Y156.667 E550.396
G0 F12000 X169.112 Y156.101
G1 F2400 X142.232 Y129.221 E551.15461
G0 F12000 X142.232 Y128.655
G1 F2400 X169.112 Y155.535 E551.91322
G0 F12000 X169.112 Y154.97
G1 F2400 X142.232 Y128.09 E552.67183
G0 F12000 X142.232 Y127.524
G1 F2400 X169.112 Y154.404 E553.43045
G0 F12000 X169.112 Y153.838
G1 F2400 X142.232 Y126.958 E554.18906
G0 F12000 X142.232 Y126.393
G1 F2400 X169.112 Y153.272 E554.94765
G0 F12000 X169.112 Y152.707
G1 F2400 X142.232 Y125.827 E555.70627
G0 F12000 X142.232 Y125.261
G1 F2400 X169.112 Y152.141 E556.46488
G0 F12000 X169.112 Y151.575
G1 F2400 X142.232 Y124.695 E557.22349
G0 F12000 X142.232 Y124.13
G1 F2400 X169.112 Y151.01 E557.9821
G0 F12000 X169.112 Y150.444
G1 F2400 X142.232 Y123.564 E558.74071
G0 F12000 X142.232 Y122.998
G1 F2400 X169.112 Y149.878 E559.49932
G0 F12000 X169.112 Y149.313
G1 F2400 X142.232 Y122.433 E560.25794
G0 F12000 X142.232 Y121.867
G1 F2400 X169.112 Y148.747 E561.01655
G0 F12000 X169.112 Y148.181
G1 F2400 X142.232 Y121.301 E561.77516
G0 F12000 X142.232 Y120.736
G1 F2400 X169.112 Y147.616 E562.53377
G0 F12000 X169.112 Y147.05
G1 F2400 X142.232 Y120.17 E563.29238
G0 F12000 X142.232 Y119.604
G1 F2400 X169.112 Y146.484 E564.05099
G0 F12000 X169.112 Y145.919
G1 F2400 X142.232 Y119.039 E564.80961
G0 F12000 X142.232 Y118.473
G1 F2400 X169.112 Y145.353 E565.56822
G0 F12000 X169.112 Y144.787
G1 F2400 X142.232 Y117.907 E566.32683
G0 F12000 X142.232 Y117.342
G1 F2400 X169.112 Y144.221 E567.08543
G0 F12000 X169.112 Y143.656
G1 F2400 X142.232 Y116.776 E567.84404
G0 F12000 X142.232 Y116.21
G1 F2400 X169.112 Y143.09 E568.60265
G0 F12000 X169.112 Y142.524
G1 F2400 X142.232 Y115.644 E569.36126
G0 F12000 X142.232 Y115.079
G1 F2400 X169.112 Y141.959 E570.11987
G0 F12000 X169.112 Y141.393
G1 F2400 X142.232 Y114.513 E570.87849
G0 F12000 X142.232 Y113.947
G1 F2400 X169.112 Y140.827 E571.6371
G0 F12000 X169.112 Y140.262
G1 F2400 X142.232 Y113.382 E572.39571
G0 F12000 X142.232 Y112.816
G1 F2400 X169.112 Y139.696 E573.15432
G0 F12000 X169.112 Y139.13
G1 F2400 X142.232 Y112.25 E573.91293
G0 F12000 X142.232 Y111.685
G1 F2400 X169.112 Y138.565 E574.67154
G0 F12000 X169.112 Y137.999
G1 F2400 X142.232 Y111.119 E575.43016
G0 F12000 X142.232 Y110.553
G1 F2400 X169.112 Y137.433 E576.18877
G0 F12000 X169.112 Y136.868
G1 F2400 X142.232 Y109.988 E576.94738
G0 F12000 X142.232 Y109.422
G1 F2400 X169.112 Y136.302 E577.70599
G0 F12000 X169.112 Y135.736
G1 F2400 X142.232 Y108.856 E578.4646
G0 F12000 X142.232 Y108.291
G1 F2400 X169.112 Y135.171 E579.22321
G0 F12000 X169.112 Y134.605
G1 F2400 X142.232 Y107.725 E579.98183
G0 F12000 X142.232 Y107.159
G1 F2400 X169.112 Y134.039 E580.74044
G0 F12000 X169.112 Y133.473
G1 F2400 X142.232 Y106.594 E581.49903
G0 F12000 X142.232 Y106.028
G1 F2400 X169.112 Y132.908 E582.25765
G0 F12000 X169.112 Y132.342
G1 F2400 X142.232 Y105.462 E583.01626
G0 F12000 X142.451 Y105.116
G1 F2400 X169.112 Y131.776 E583.76868
G0 F12000 X169.112 Y131.211
G1 F2400 X143.017 Y105.116 E584.50513
G0 F12000 X143.582 Y105.116
G1 F2400 X169.112 Y130.645 E585.22563
G0 F12000 X169.112 Y130.079
G1 F2400 X144.148 Y105.116 E585.93015
G0 F12000 X144.714 Y105.116
G1 F2400 X169.112 Y129.514 E586.61872
G0 F12000 X169.112 Y128.948
G1 F2400 X145.279 Y105.116 E587.29132
G0 F12000 X145.845 Y105.116
G1 F2400 X169.112 Y128.382 E587.94795
G0 F12000 X169.112 Y127.817
G1 F2400 X146.411 Y105.116 E588.58863
G0 F12000 X146.976 Y105.116
G1 F2400 X169.112 Y127.251 E589.21334
G0 F12000 X169.112 Y126.685
G1 F2400 X147.542 Y105.116 E589.82207
G0 F12000 X148.108 Y105.116
G1 F2400 X169.112 Y126.12 E590.41485
G0 F12000 X169.112 Y125.554
G1 F2400 X148.673 Y105.116 E590.99167
G0 F12000 X149.239 Y105.116
G1 F2400 X169.112 Y124.988 E591.55252
G0 F12000 X169.112 Y124.423
G1 F2400 X149.805 Y105.116 E592.0974
G0 F12000 X150.37 Y105.116
G1 F2400 X169.112 Y123.857 E592.62633
G0 F12000 X169.112 Y123.291
G1 F2400 X150.936 Y105.116 E593.13928
G0 F12000 X151.502 Y105.116
G1 F2400 X169.112 Y122.725 E593.63626
G0 F12000 X169.112 Y122.16
G1 F2400 X152.068 Y105.116 E594.11728
G0 F12000 X152.633 Y105.116
G1 F2400 X169.112 Y121.594 E594.58233
G0 F12000 X169.112 Y121.028
G1 F2400 X153.199 Y105.116 E595.03142
G0 F12000 X153.765 Y105.116
G1 F2400 X169.112 Y120.463 E595.46455
G0 F12000 X169.112 Y119.897
G1 F2400 X154.33 Y105.116 E595.88171
G0 F12000 X154.896 Y105.116
G1 F2400 X169.112 Y119.331 E596.2829
G0 F12000 X169.112 Y118.766
G1 F2400 X155.462 Y105.116 E596.66814
G0 F12000 X156.027 Y105.116
G1 F2400 X169.112 Y118.2 E597.03741
G0 F12000 X169.112 Y117.634
G1 F2400 X156.593 Y105.116 E597.39071
G0 F12000 X157.159 Y105.116
G1 F2400 X169.112 Y117.069 E597.72805
G0 F12000 X169.112 Y116.503
G1 F2400 X157.724 Y105.116 E598.04943
G0 F12000 X158.29 Y105.116
G1 F2400 X169.112 Y115.937 E598.35483
G0 F12000 X169.112 Y115.372
G1 F2400 X158.856 Y105.116 E598.64428
G0 F12000 X159.421 Y105.116
G1 F2400 X169.112 Y114.806 E598.91777
G0 F12000 X169.112 Y114.24
G1 F2400 X159.987 Y105.116 E599.17528
G0 F12000 X160.553 Y105.116
G1 F2400 X169.112 Y113.674 E599.41682
G0 F12000 X169.112 Y113.109
G1 F2400 X161.119 Y105.116 E599.6424
G0 F12000 X161.684 Y105.116
G1 F2400 X169.112 Y112.543 E599.85202
G0 F12000 X169.112 Y111.977
G1 F2400 X162.25 Y105.116 E600.04567
G0 F12000 X162.816 Y105.116
G1 F2400 X169.112 Y111.412 E600.22335
G0 F12000 X169.112 Y110.846
G1 F2400 X163.381 Y105.116 E600.38508
G0 F12000 X163.947 Y105.116
G1 F2400 X169.112 Y110.28 E600.53083
G0 F12000 X169.112 Y109.715
G1 F2400 X164.513 Y105.116 E600.66063
G0 F12000 X165.078 Y105.116
G1 F2400 X169.112 Y109.149 E600.77446
G0 F12000 X169.112 Y108.583
G1 F2400 X165.644 Y105.116 E600.87232
G0 F12000 X166.21 Y105.116
G1 F2400 X169.112 Y108.018 E600.95422
G0 F12000 X169.112 Y107.452
G1 F2400 X166.775 Y105.116 E601.02016
G0 F12000 X167.341 Y105.116
G1 F2400 X169.112 Y106.886 E601.07013
G0 F12000 X169.112 Y106.321
G1 F2400 X167.907 Y105.116 E601.10414
G0 F12000 X168.472 Y105.116
G1 F2400 X169.112 Y105.755 E601.12219
G0 F12000 X169.112 Y105.189
G1 F2400 X169.038 Y105.116 E601.12426
G1 F1500 E594.62426
;MESH:NONMESH
G0 F300 X169.038 Y105.116 Z0.96
G0 F12000 X169.038 Y104.656
G0 X169.5 Y104.728
G0 X169.672 Y157.556
;TIME_ELAPSED:1045.130862
;LAYER:7
;TYPE:WALL-INNER
;MESH:9VBatteryHolder_v2.stl
G1 F1500 E601.12426
G1 F2400 X169.672 Y104.556 E602.18193
G1 X141.672 Y104.556 E602.7407
G1 X141.672 Y157.556 E603.79837
G1 X169.672 Y157.556 E604.35714
G0 F12000 X170.072 Y157.956
G1 F2400 X170.072 Y104.156 E605.43078
G1 X141.272 Y104.156 E606.00552
G1 X141.272 Y157.956 E607.07915
G1 X170.072 Y157.956 E607.65389
G0 F12000 X170.472 Y158.356
;TYPE:WALL-OUTER
G1 F2400 X170.472 Y103.756 E608.74349
G1 X140.872 Y103.756 E609.33419
G1 X140.872 Y158.356 E610.42379
G1 X170.472 Y158.356 E611.01449
G1 F1500 E604.51449
G0 F12000 X170.193 Y158.076
G0 X169.754 Y104.474
G0 X160.431 Y104.474
G0 X151.021 Y108.256
G0 X151.021 Y108.476
;TYPE:FILL
G1 F1500 E611.01449
G1 F4800 X150.517 Y107.972 E611.02872
G0 F12000 X150.519 Y108.292
G1 F4800 X160.833 Y105.528 E611.24181
G0 F12000 X160.613 Y105.528
G0 X160.644 Y108.286
G0 X160.869 Y108.355
;TYPE:SKIN
G1 F2400 X160.872 Y104.916 E611.31044
G1 X169.312 Y104.916 E611.47887
G1 X169.312 Y157.196 E612.52217
G1 X142.032 Y157.196 E613.06657
G1 X142.032 Y104.916 E614.10988
G1 X150.472 Y104.916 E614.2783
G1 X150.479 Y108.355 E614.34693
G1 X150.568 Y108.485 E614.35008
G1 X150.657 Y108.516 E614.35196
G1 X160.737 Y108.516 E614.55312
G1 X160.869 Y108.355 E614.55727
G0 F12000 X160.644 Y108.286
G0 X150.662 Y104.728
G0 X141.844 Y104.728
G0 X141.772 Y105.539
G0 X142.232 Y105.539
G1 F2400 X142.655 Y105.116 E614.56921
G0 F12000 X143.22 Y105.116
G1 F2400 X142.232 Y106.104 E614.59709
G0 F12000 X142.232 Y106.67
G1 F2400 X143.786 Y105.116 E614.64095
G0 F12000 X144.352 Y105.116
G1 F2400 X142.232 Y107.236 E614.70078
G0 F12000 X142.232 Y107.801
G1 F2400 X144.917 Y105.116 E614.77656
G0 F12000 X145.483 Y105.116
G1 F2400 X142.232 Y108.367 E614.86831
G0 F12000 X142.232 Y108.933
G1 F2400 X146.049 Y105.116 E614.97603
G0 F12000 X146.614 Y105.116
G1 F2400 X142.232 Y109.498 E615.0997
G0 F12000 X142.232 Y110.064
G1 F2400 X147.18 Y105.116 E615.23934
G0 F12000 X147.746 Y105.116
G1 F2400 X142.232 Y110.63 E615.39496
G0 F12000 X142.232 Y111.195
G1 F2400 X148.311 Y105.116 E615.56652
G0 F12000 X148.877 Y105.116
G1 F2400 X142.232 Y111.761 E615.75406
G0 F12000 X142.232 Y112.327
G1 F2400 X149.443 Y105.116 E615.95757
G0 F12000 X150.008 Y105.116
G1 F2400 X142.232 Y112.892 E616.17702
G0 F12000 X142.232 Y113.458
G1 F2400 X150.272 Y105.418 E616.40393
G0 F12000 X150.273 Y105.983
G1 F2400 X142.232 Y114.024 E616.63087
G0 F12000 X142.232 Y114.589
G1 F2400 X150.274 Y106.548 E616.85781
G0 F12000 X150.274 Y107.113
G1 F2400 X142.232 Y115.155 E617.08478
G0 F12000 X142.232 Y115.721
G1 F2400 X150.275 Y107.678 E617.31177
G0 F12000 X150.276 Y108.242
G1 F2400 X142.232 Y116.287 E617.5388
G0 F12000 X142.232 Y116.852
G1 F2400 X150.453 Y108.631 E617.77081
G0 F12000 X150.935 Y108.715
G1 F2400 X142.232 Y117.418 E618.01643
G0 F12000 X142.232 Y117.984
G1 F2400 X151.5 Y108.715 E618.27801
G0 F12000 X152.066 Y108.715
G1 F2400 X142.232 Y118.549 E618.55555
G0 F12000 X142.232 Y119.115
G1 F2400 X152.632 Y108.715 E618.84906
G0 F12000 X153.198 Y108.715
G1 F2400 X142.232 Y119.681 E619.15854
G0 F12000 X142.232 Y120.246
G1 F2400 X153.763 Y108.715 E619.48397
G0 F12000 X154.329 Y108.715
G1 F2400 X142.232 Y120.812 E619.82537
G0 F12000 X142.232 Y121.378
G1 F2400 X154.895 Y108.715 E620.18275
G0 F12000 X155.46 Y108.715
G1 F2400 X142.232 Y121.943 E620.55607
G0 F12000 X142.232 Y122.509
G1 F2400 X156.026 Y108.715 E620.94537
G0 F12000 X156.592 Y108.715
G1 F2400 X142.232 Y123.075 E621.35064
G0 F12000 X142.232 Y123.64
G1 F2400 X157.157 Y108.715 E621.77186
G0 F12000 X157.723 Y108.715
G1 F2400 X142.232 Y124.206 E622.20905
G0 F12000 X142.232 Y124.772
G1 F2400 X158.289 Y108.715 E622.66221
G0 F12000 X158.854 Y108.715
G1 F2400 X142.232 Y125.338 E623.13133
G0 F12000 X142.232 Y125.903
G1 F2400 X159.42 Y108.715 E623.61641
G0 F12000 X159.986 Y108.715
G1 F2400 X142.232 Y126.469 E624.11747
G0 F12000 X142.232 Y127.035
G1 F2400 X160.551 Y108.715 E624.63449
G0 F12000 X161.073 Y108.194
G1 F2400 X164.151 Y105.116 E624.72135
G0 F12000 X164.716 Y105.116
G1 F2400 X142.232 Y127.6 E625.3559
G0 F12000 X142.232 Y128.166
G1 F2400 X165.282 Y105.116 E626.00642
G0 F12000 X165.848 Y105.116
G1 F2400 X142.232 Y128.732 E626.67292
G0 F12000 X142.232 Y129.297
G1 F2400 X166.413 Y105.116 E627.35536
G0 F12000 X166.979 Y105.116
G1 F2400 X142.232 Y129.863 E628.05377
G0 F12000 X142.232 Y130.429
G1 F2400 X167.545 Y105.116 E628.76816
G0 F12000 X168.11 Y105.116
G1 F2400 X142.232 Y130.994 E629.49849
G0 F12000 X142.232 Y131.56
G1 F2400 X168.676 Y105.116 E630.2448
G0 F12000 X169.112 Y105.246
G1 F2400 X142.232 Y132.126 E631.00341
G0 F12000 X142.232 Y132.691
G1 F2400 X169.112 Y105.811 E631.76202
G0 F12000 X169.112 Y106.377
G1 F2400 X142.232 Y133.257 E632.52063
G0 F12000 X142.232 Y133.823
G1 F2400 X169.112 Y106.943 E633.27924
G0 F12000 X169.112 Y107.509
G1 F2400 X142.232 Y134.388 E634.03784
G0 F12000 X142.232 Y134.954
G1 F2400 X169.112 Y108.074 E634.79645
G0 F12000 X169.112 Y108.64
G1 F2400 X142.232 Y135.52 E635.55507
G0 F12000 X142.232 Y136.086
G1 F2400 X169.112 Y109.206 E636.31368
G0 F12000 X169.112 Y109.771
G1 F2400 X142.232 Y136.651 E637.07229
G0 F12000 X142.232 Y137.217
G1 F2400 X169.112 Y110.337 E637.8309
G0 F12000 X169.112 Y110.903
G1 F2400 X142.232 Y137.783 E638.58951
G0 F12000 X142.232 Y138.348
G1 F2400 X169.112 Y111.468 E639.34812
G0 F12000 X169.112 Y112.034
G1 F2400 X142.232 Y138.914 E640.10674
G0 F12000 X142.232 Y139.48
G1 F2400 X169.112 Y112.6 E640.86535
G0 F12000 X169.112 Y113.165
G1 F2400 X142.232 Y140.045 E641.62396
G0 F12000 X142.232 Y140.611
G1 F2400 X169.112 Y113.731 E642.38257
G0 F12000 X169.112 Y114.297
G1 F2400 X142.232 Y141.177 E643.14118
G0 F12000 X142.232 Y141.742
G1 F2400 X169.112 Y114.862 E643.89979
G0 F12000 X169.112 Y115.428
G1 F2400 X142.232 Y142.308 E644.65841
G0 F12000 X142.232 Y142.874
G1 F2400 X169.112 Y115.994 E645.41702
G0 F12000 X169.112 Y116.559
G1 F2400 X142.232 Y143.439 E646.17563
G0 F12000 X142.232 Y144.005
G1 F2400 X169.112 Y117.125 E646.93424
G0 F12000 X169.112 Y117.691
G1 F2400 X142.232 Y144.571 E647.69285
G0 F12000 X142.232 Y145.136
G1 F2400 X169.112 Y118.257 E648.45145
G0 F12000 X169.112 Y118.822
G1 F2400 X142.232 Y145.702 E649.21006
G0 F12000 X142.232 Y146.268
G1 F2400 X169.112 Y119.388 E649.96867
G0 F12000 X169.112 Y119.954
G1 F2400 X142.232 Y146.834 E650.72729
G0 F12000 X142.232 Y147.399
G1 F2400 X169.112 Y120.519 E651.4859
G0 F12000 X169.112 Y121.085
G1 F2400 X142.232 Y147.965 E652.24451
G0 F12000 X142.232 Y148.531
G1 F2400 X169.112 Y121.651 E653.00312
G0 F12000 X169.112 Y122.216
G1 F2400 X142.232 Y149.096 E653.76173
G0 F12000 X142.232 Y149.662
G1 F2400 X169.112 Y122.782 E654.52034
G0 F12000 X169.112 Y123.348
G1 F2400 X142.232 Y150.228 E655.27896
G0 F12000 X142.232 Y150.793
G1 F2400 X169.112 Y123.913 E656.03757
G0 F12000 X169.112 Y124.479
G1 F2400 X142.232 Y151.359 E656.79618
G0 F12000 X142.232 Y151.925
G1 F2400 X169.112 Y125.045 E657.55479
G0 F12000 X169.112 Y125.61
G1 F2400 X142.232 Y152.49 E658.3134
G0 F12000 X142.232 Y153.056
G1 F2400 X169.112 Y126.176 E659.07201
G0 F12000 X169.112 Y126.742
G1 F2400 X142.232 Y153.622 E659.83063
G0 F12000 X142.232 Y154.187
G1 F2400 X169.112 Y127.308 E660.58922
G0 F12000 X169.112 Y127.873
G1 F2400 X142.232 Y154.753 E661.34783
G0 F12000 X142.232 Y155.319
G1 F2400 X169.112 Y128.439 E662.10645
G0 F12000 X169.112 Y129.005
G1 F2400 X142.232 Y155.885 E662.86506
G0 F12000 X142.232 Y156.45
G1 F2400 X169.112 Y129.57 E663.62367
G0 F12000 X169.112 Y130.136
G1 F2400 X142.251 Y156.996 E664.38173
G0 F12000 X142.817 Y156.996
G1 F2400 X169.112 Y130.702 E665.12382
G0 F12000 X169.112 Y131.267
G1 F2400 X143.383 Y156.996 E665.84995
G0 F12000 X143.949 Y156.996
G1 F2400 X169.112 Y131.833 E666.5601
G0 F12000 X169.112 Y132.399
G1 F2400 X144.514 Y156.996 E667.2543
G0 F12000 X145.08 Y156.996
G1 F2400 X169.112 Y132.964 E667.93253
G0 F12000 X169.112 Y133.53
G1 F2400 X145.646 Y156.996 E668.59479
G0 F12000 X146.211 Y156.996
G1 F2400 X169.112 Y134.096 E669.24109
G0 F12000 X169.112 Y134.661
G1 F2400 X146.777 Y156.996 E669.87143
G0 F12000 X147.343 Y156.996
G1 F2400 X169.112 Y135.227 E670.4858
G0 F12000 X169.112 Y135.793
G1 F2400 X147.908 Y156.996 E671.08421
G0 F12000 X148.474 Y156.996
G1 F2400 X169.112 Y136.358 E671.66666
G0 F12000 X169.112 Y136.924
G1 F2400 X149.04 Y156.996 E672.23314
G0 F12000 X149.605 Y156.996
G1 F2400 X169.112 Y137.49 E672.78365
G0 F12000 X169.112 Y138.056
G1 F2400 X150.171 Y156.996 E673.31819
G0 F12000 X150.737 Y156.996
G1 F2400 X169.112 Y138.621 E673.83678
G0 F12000 X169.112 Y139.187
G1 F2400 X151.302 Y156.996 E674.3394
G0 F12000 X151.868 Y156.996
G1 F2400 X169.112 Y139.753 E674.82605
G0 F12000 X169.112 Y140.318
G1 F2400 X152.434 Y156.996 E675.29674
G0 F12000 X153 Y156.996
G1 F2400 X169.112 Y140.884 E675.75145
G0 F12000 X169.112 Y141.45
G1 F2400 X153.565 Y156.996 E676.19021
G0 F12000 X154.131 Y156.996
G1 F2400 X169.112 Y142.015 E676.613
G0 F12000 X169.112 Y142.581
G1 F2400 X154.697 Y156.996 E677.01983
G0 F12000 X155.262 Y156.996
G1 F2400 X169.112 Y143.147 E677.41069
G0 F12000 X169.112 Y143.712
G1 F2400 X155.828 Y156.996 E677.78559
G0 F12000 X156.394 Y156.996
G1 F2400 X169.112 Y144.278 E678.14452
G0 F12000 X169.112 Y144.844
G1 F2400 X156.959 Y156.996 E678.48749
G0 F12000 X157.525 Y156.996
G1 F2400 X169.112 Y145.409 E678.8145
G0 F12000 X169.112 Y145.975
G1 F2400 X158.091 Y156.996 E679.12554
G0 F12000 X158.656 Y156.996
G1 F2400 X169.112 Y146.541 E679.42061
G0 F12000 X169.112 Y147.106
G1 F2400 X159.222 Y156.996 E679.69973
G0 F12000 X159.788 Y156.996
G1 F2400 X169.112 Y147.672 E679.96288
G0 F12000 X169.112 Y148.238
G1 F2400 X160.353 Y156.996 E680.21006
G0 F12000 X160.919 Y156.996
G1 F2400 X169.112 Y148.804 E680.44127
G0 F12000 X169.112 Y149.369
G1 F2400 X161.485 Y156.996 E680.65652
G0 F12000 X162.05 Y156.996
G1 F2400 X169.112 Y149.935 E680.85581
G0 F12000 X169.112 Y150.501
G1 F2400 X162.616 Y156.996 E681.03913
G0 F12000 X163.182 Y156.996
G1 F2400 X169.112 Y151.066 E681.20648
G0 F12000 X169.112 Y151.632
G1 F2400 X163.748 Y156.996 E681.35787
G0 F12000 X164.313 Y156.996
G1 F2400 X169.112 Y152.198 E681.49329
G0 F12000 X169.112 Y152.763
G1 F2400 X164.879 Y156.996 E681.61276
G0 F12000 X165.445 Y156.996
G1 F2400 X169.112 Y153.329 E681.71625
G0 F12000 X169.112 Y153.895
G1 F2400 X166.01 Y156.996 E681.80378
G0 F12000 X166.576 Y156.996
G1 F2400 X169.112 Y154.46 E681.87535
G0 F12000 X169.112 Y155.026
G1 F2400 X167.142 Y156.996 E681.93095
G0 F12000 X167.707 Y156.996
G1 F2400 X169.112 Y155.592 E681.97059
G0 F12000 X169.112 Y156.157
G1 F2400 X168.273 Y156.996 E681.99426
G0 F12000 X168.839 Y156.996
G1 F2400 X169.112 Y156.723 E682.00197
G1 F1500 E675.50197
G0 F12000 X169.572 Y156.723
G0 X169.5 Y104.728
G0 X160.685 Y104.728
G0 X160.613 Y107.628
G0 X161.073 Y107.628
G1 F1500 E682.00197
G1 F2400 X163.585 Y105.116 E682.07286
G0 F12000 X163.019 Y105.116
G1 F2400 X161.073 Y107.062 E682.12778
G0 F12000 X161.073 Y106.497
G1 F2400 X162.454 Y105.116 E682.16676
G0 F12000 X161.888 Y105.116
G1 F2400 X161.073 Y105.931 E682.18976
G0 F12000 X161.073 Y105.365
G1 F2400 X161.322 Y105.116 E682.19679
;MESH:NONMESH
G0 F300 X161.322 Y105.116 Z1.08
G0 F12000 X161.322 Y104.656
G0 X160.685 Y104.728
G0 X160.644 Y108.286
G0 X160.912 Y108.556
;TIME_ELAPSED:1168.001372
;LAYER:8
;TYPE:WALL-INNER
;MESH:9VBatteryHolder_v2.stl
G1 F2400 X160.912 Y104.556 E682.27661
G1 X150.433 Y104.556 E682.48573
G1 X150.436 Y108.556 E682.56555
G1 X160.912 Y108.556 E682.77461
G0 F12000 X161.309 Y108.956
G1 F2400 X161.312 Y104.156 E682.8704
G1 X150.033 Y104.156 E683.09549
G1 X150.036 Y108.956 E683.19128
G1 X161.309 Y108.956 E683.41624
G0 F12000 X161.712 Y108.724
;TYPE:WALL-OUTER
G1 F2400 X161.712 Y103.756 E683.51538
G1 X149.633 Y103.756 E683.75643
G1 X149.636 Y109.356 E683.86819
G1 X161.705 Y109.356 E684.10904
G1 X161.712 Y108.724 E684.12165
G0 F12000 X161.404 Y108.726
G0 X160.832 Y105.616
;TYPE:FILL
G1 F4800 X150.517 Y108.38 E684.33476
G0 F12000 X150.515 Y107.85
G1 F4800 X151.141 Y108.476 E684.35243
G0 F12000 X151.141 Y108.346
G1 F1500 E677.85243
G0 F12000 X149.863 Y109.132
G0 X148.774 Y109.134
G0 X143.338 Y111.98
G0 X142.249 Y111.98
G0 X141.672 Y112.556
;TYPE:WALL-INNER
G1 F1500 E684.35243
G1 F2400 X141.672 Y156.556 E685.23049
G1 F2352.9 X141.679 Y156.73 E685.23404
G0 F12000 X141.975 Y157.253
G1 F2436.5 X141.679 Y156.73 E685.24585
G1 X141.658 Y157.57 E685.26237
G1 F2487 X142.672 Y157.556 E685.2819
G1 X141.975 Y157.253 E685.29653
G0 F12000 X142.672 Y157.556
G1 F2400 X168.672 Y157.556 E685.81539
G1 F2352.9 X168.846 Y157.549 E685.81894
G0 F12000 X169.369 Y157.253
G1 F2436.5 X168.846 Y157.549 E685.83075
G1 X169.686 Y157.57 E685.84727
G1 F2442.7 X169.665 Y156.73 E685.86374
G1 X169.369 Y157.253 E685.87552
G0 F12000 X169.665 Y156.73
G1 F2358.7 X169.672 Y156.556 E685.87906
G1 F2400 X169.672 Y112.556 E686.75713
G1 F1500 E680.25713
G0 F12000 X169.511 Y157.394
G0 X169.096 Y157.466
G0 X169.096 Y156.98
G1 F1500 E686.75713
G1 F2400 X168.761 Y157.156 E686.76468
G1 X142.672 Y157.156 E687.28531
G1 X142.247 Y156.981 E687.29449
G1 X142.072 Y156.645 E687.30205
G1 X142.072 Y112.156 E688.18987
G1 X141.272 Y112.156 E688.20584
G1 X141.273 Y157.955 E689.11981
G1 X170.072 Y157.956 E689.69452
G1 X170.072 Y112.156 E690.60851
G1 X169.272 Y112.156 E690.62447
G1 X169.272 Y156.645 E691.5123
G1 X169.096 Y156.98 E691.51985
G0 F12000 X168.87 Y156.591
;TYPE:WALL-OUTER
G1 F2400 X168.814 Y156.698 E691.52226
G1 X168.707 Y156.754 E691.52467
G1 X142.672 Y156.756 E692.04423
G1 X142.53 Y156.698 E692.04729
G1 X142.474 Y156.591 E692.0497
G1 X142.472 Y111.756 E692.94443
G1 X140.872 Y111.756 E692.97636
G1 X140.873 Y158.355 E693.90629
G1 X170.472 Y158.356 E694.49697
G1 X170.472 Y111.756 E695.42693
G1 X168.872 Y111.756 E695.45886
G1 X168.87 Y156.591 E696.35359
G1 F1500 E689.85359
;MESH:NONMESH
G0 F300 X168.87 Y156.591 Z1.2
G0 F12000 X169.183 Y156.591
G0 X169.097 Y111.98
G0 X168.008 Y111.98
G0 X162.579 Y108.732
G0 X162.205 Y108.556
;TIME_ELAPSED:1191.716645
;LAYER:9
;TYPE:WALL-INNER
;MESH:9VBatteryHolder_v2.stl
G1 F1500 E696.35359
G1 F2400 X162.194 Y104.558 E696.43337
G1 X149.148 Y104.557 E696.69372
G1 X149.139 Y108.555 E696.7735
G1 X162.205 Y108.556 E697.03425
G0 F12000 X162.29 Y104.534
G0 X162.596 Y104.541
G1 F2400 X162.605 Y104.157 E697.04192
G1 X148.739 Y104.157 E697.31863
G1 X148.748 Y104.554 E697.32655
G1 X148.738 Y108.955 E697.41438
G1 X162.606 Y108.956 E697.69113
G1 X162.596 Y104.541 E697.77924
G0 F12000 X162.996 Y104.551
;TYPE:WALL-OUTER
G1 F2400 X163.015 Y103.757 E697.79508
G1 X148.329 Y103.757 E698.08816
G1 X148.348 Y104.553 E698.10405
G1 X148.337 Y109.355 E698.19988
G1 X163.007 Y109.356 E698.49263
G1 X162.996 Y104.551 E698.58852
G0 F12000 X162.69 Y104.544
G0 X160.431 Y104.474
G0 X160.613 Y105.704
G0 X160.833 Y105.704
;TYPE:FILL
G1 F4800 X150.518 Y108.468 E698.80163
G0 F12000 X150.517 Y107.731
G1 F4800 X151.261 Y108.475 E698.82263
G1 F1500 E692.32263
G0 F12000 X150.635 Y105.399
G0 X149.986 Y105.399
;TYPE:SKIN
G1 F1500 E698.82263
G1 F1675.4 X149.986 Y107.703 E698.88849
G0 F12000 X150.476 Y108.192
G1 F2400 X149.497 Y108.192 E698.90803
G1 X149.508 Y104.916 E698.97341
G1 X150.472 Y104.916 E698.99265
G1 X150.476 Y108.192 E699.05802
G0 F12000 X150.738 Y108.192
G0 X161.843 Y108.456
G0 X161.843 Y108.196
G1 F2400 X160.872 Y108.196 E699.0774
G1 X160.872 Y104.916 E699.14286
G1 X161.832 Y104.916 E699.16201
G1 X161.843 Y108.196 E699.22747
G1 F1500 E692.72747
G0 F12000 X161.843 Y108.456
G0 X161.998 Y105.395
G0 X161.352 Y105.396
G1 F1500 E699.22747
G1 F1699.1 X161.356 Y107.712 E699.29275
G0 F12000 X160.313 Y107.712
G1 F1500 E692.79275
G0 F12000 X160.686 Y108.384
G0 X162.783 Y109.132
G0 X163.872 Y109.13
G0 X168.008 Y111.98
G0 X169.097 Y111.98
G0 X169.672 Y112.556
;TYPE:WALL-INNER
G1 F1500 E699.29275
G1 F2400 X169.672 Y156.556 E700.17082
G1 F2358.7 X169.665 Y156.73 E700.17436
G0 F12000 X169.369 Y157.253
G1 F2436.5 X168.846 Y157.549 E700.18617
G1 X169.686 Y157.57 E700.20269
G1 F2442.7 X169.665 Y156.73 E700.21916
G1 X169.369 Y157.253 E700.23094
G0 F12000 X168.846 Y157.549
G1 F2352.9 X168.672 Y157.556 E700.23449
G1 F2400 X142.672 Y157.556 E700.75335
G0 F12000 X141.975 Y157.253
G1 F2436.5 X141.679 Y156.73 E700.76516
G1 X141.658 Y157.57 E700.78168
G1 F2487 X142.672 Y157.556 E700.80121
G1 X141.975 Y157.253 E700.81584
G0 F12000 X141.679 Y156.73
G1 F2352.9 X141.672 Y156.556 E700.81939
G1 F2400 X141.672 Y112.556 E701.69745
G1 F1500 E695.19745
G0 F12000 X141.835 Y157.394
G0 X169.096 Y157.466
G0 X169.096 Y156.98
G1 F1500 E701.69745
G1 F2400 X168.761 Y157.156 E701.70501
G1 X142.672 Y157.156 E702.22564
G1 X142.247 Y156.981 E702.23481
G1 X142.072 Y156.645 E702.24237
G1 X142.072 Y112.156 E703.1302
G1 X141.272 Y112.156 E703.14616
G1 X141.273 Y157.955 E704.06013
G1 X170.072 Y157.956 E704.63485
G1 X170.072 Y112.156 E705.54883
G1 X169.272 Y112.156 E705.5648
G1 X169.272 Y156.645 E706.45263
G1 X169.096 Y156.98 E706.46018
G0 F12000 X168.87 Y156.591
;TYPE:WALL-OUTER
G1 F2400 X168.814 Y156.698 E706.46259
G1 X168.707 Y156.754 E706.465
G1 X142.672 Y156.756 E706.98455
G1 X142.53 Y156.698 E706.98762
G1 X142.474 Y156.591 E706.99003
G1 X142.472 Y111.756 E707.88476
G1 X140.872 Y111.756 E707.91669
G1 X140.873 Y158.355 E708.84662
G1 X170.472 Y158.356 E709.4373
G1 X170.472 Y111.756 E710.36725
G1 X168.872 Y111.756 E710.39918
G1 X168.87 Y156.591 E711.29391
G1 F1500 E704.79391
;MESH:NONMESH
G0 F300 X168.87 Y156.591 Z1.32
G0 F12000 X169.183 Y156.591
G0 X169.097 Y111.98
G0 X168.008 Y111.98
G0 X147.484 Y110.209
G0 X144.274 Y103.277
;TIME_ELAPSED:1220.152780
;LAYER:10
;TYPE:SUPPORT
G1 F1500 E711.29391
G1 F1804.5 X144.241 Y103.334 E711.29566
G1 X144.175 Y103.334 E711.29741
G1 X144.142 Y103.277 E711.29916
G1 X144.175 Y103.22 E711.30091
G1 X144.241 Y103.22 E711.30266
G1 X144.274 Y103.277 E711.30441
G0 F12000 X144.285 Y103.556
;TYPE:SUPPORT-INTERFACE
G1 F2400 X144.626 Y103.897 E711.31403
G0 F12000 X144.214 Y103.556
G1 F2400 X143.84 Y103.931 E711.3246
G1 F1500 E704.8246
G0 F12000 X143.142 Y105.807
G1 F1500 E711.3246
G1 F2400 X145.031 Y107.696 E711.37791
G1 F1500 E704.87791
G0 F12000 X143.532 Y107.632
G1 F1500 E711.37791
G1 F2400 X145.343 Y105.821 E711.42902
G1 F1500 E704.92902
G0 F12000 X145.963 Y106.067
G0 X146.157 Y106.732
G0 X145.583 Y109.474
G0 X144.883 Y109.676
G1 F1500 E711.42902
G1 F2400 X144.479 Y110.08 E711.44043
G1 F1500 E704.94043
G0 F12000 X145.006 Y110.606
G0 X164.316 Y110.209
G0 X166.26 Y108.585
G0 X166.763 Y109.063
G1 F1500 E711.44043
G1 F2400 X167.48 Y109.78 E711.46066
G1 F1500 E704.96066
G0 F12000 X166.913 Y108.011
G1 F1500 E711.46066
G1 F2400 X167.648 Y107.275 E711.48142
G1 F1500 E704.98142
G0 F12000 X168.286 Y107.091
G0 X168.409 Y107.524
G0 X168.231 Y109.553
G0 X155.966 Y145.644
G0 X155.786 Y146.29
G1 F1500 E711.48142
G1 F2400 X150.112 Y151.964 E711.64155
G1 F1500 E705.14155
G0 F12000 X151.891 Y153.579
G1 F1500 E711.64155
G1 F2400 X157.357 Y148.113 E711.79581
G1 F1500 E705.29581
G0 F12000 X157.995 Y147.926
G0 X158.567 Y149.888
G0 X158.255 Y151.005
G0 X157.616 Y150.827
G1 F1500 E711.79581
G1 F2400 X152.741 Y145.952 E711.9334
G1 X152.725 Y145.957
G1 X149.749 Y148.933 E712.01739
G0 F12000 X149.563 Y149.563
G1 F2400 X154.004 Y154.004 E712.14272
G0 F12000 X155.192 Y153.672
G1 F2400 X157.45 Y151.414 E712.20645
G1 F1500 E705.70645
G0 F12000 X156.338 Y152.944
G1 F1500 E712.20645
G1 F2400 X150.648 Y147.254 E712.36703
G1 F1500 E705.86703
;MESH:9VBatteryHolder_v2.stl
G0 F12000 X150.165 Y146.798
G0 X149.467 Y147.538
G0 X148.776 Y149.894
G0 X148.972 Y150.564
G0 X150.648 Y155.891
G0 X150.648 Y156.986
G0 X142.672 Y157.556
;TYPE:WALL-INNER
G1 F1500 E712.36703
G1 F2400 X168.672 Y157.556 E712.88589
G1 F2352.9 X168.846 Y157.549 E712.88943
G0 F12000 X169.369 Y157.253
G1 F2436.5 X168.846 Y157.549 E712.90125
G1 X169.686 Y157.57 E712.91776
G1 F2442.7 X169.665 Y156.73 E712.93424
G1 X169.369 Y157.253 E712.94602
G0 F12000 X169.665 Y156.73
G1 F2358.7 X169.672 Y156.556 E712.94956
G1 F2400 X169.672 Y112.556 E713.82762
G1 F1500 E707.32762
G0 F12000 X169.511 Y157.394
G0 X141.835 Y157.394
G0 X141.672 Y112.556
G1 F1500 E713.82762
G1 F2400 X141.672 Y156.556 E714.70569
G1 F2352.9 X141.679 Y156.73 E714.70924
G0 F12000 X141.975 Y157.253
G1 F2436.5 X141.679 Y156.73 E714.72105
G1 X141.658 Y157.57 E714.73757
G1 F2487 X142.672 Y157.556 E714.75709
G1 X141.975 Y157.253 E714.77173
G0 F12000 X141.763 Y157.253
G0 X169.096 Y157.466
G0 X169.096 Y156.98
G1 F2400 X168.761 Y157.156 E714.77928
G1 X142.672 Y157.156 E715.29992
G1 X142.247 Y156.981 E715.30909
G1 X142.072 Y156.645 E715.31665
G1 X142.072 Y112.156 E716.20448
G1 X141.272 Y112.156 E716.22044
G1 X141.273 Y157.955 E717.13441
G1 X170.072 Y157.956 E717.70912
G1 X170.072 Y112.156 E718.62311
G1 X169.272 Y112.156 E718.63908
G1 X169.272 Y156.645 E719.5269
G1 X169.096 Y156.98 E719.53446
G0 F12000 X168.87 Y156.591
;TYPE:WALL-OUTER
G1 F2400 X168.814 Y156.698 E719.53687
G1 X168.707 Y156.754 E719.53928
G1 X142.672 Y156.756 E720.05883
G1 X142.53 Y156.698 E720.06189
G1 X142.474 Y156.591 E720.0643
G1 X142.472 Y111.756 E720.95903
G1 X140.872 Y111.756 E720.99096
G1 X140.873 Y158.355 E721.9209
G1 X170.472 Y158.356 E722.51158
G1 X170.472 Y111.756 E723.44153
G1 X168.872 Y111.756 E723.47346
G1 X168.87 Y156.591 E724.36819
G1 F1500 E717.86819
G0 F12000 X169.183 Y156.591
G0 X169.097 Y111.98
G0 X168.008 Y111.98
G0 X164.334 Y109.137
G0 X163.244 Y109.132
G0 X162.676 Y107.667
;TYPE:WALL-INNER
G1 F1500 E724.36819
G1 F2400 X162.668 Y104.556 E724.43027
G1 X148.676 Y104.556 E724.7095
G1 X148.668 Y107.677 E724.77178
G1 X148.674 Y108.556 E724.78933
G1 X162.67 Y108.556 E725.06863
G1 X162.676 Y107.667 E725.08637
G0 F12000 X163.076 Y107.666
G1 F2400 X163.068 Y104.549 E725.14858
G1 X163.074 Y104.157 E725.1564
G1 X148.266 Y104.156 E725.45191
G1 X148.276 Y104.55 E725.45977
G1 X148.268 Y107.68 E725.52224
G1 X148.277 Y108.956 E725.5477
G1 X163.067 Y108.956 E725.84285
G1 X163.076 Y107.666 E725.8686
G1 F1500 E719.3686
G0 F12000 X162.766 Y107.673
G0 X162.753 Y108.638
G0 X160.432 Y108.638
G0 X160.313 Y107.386
G0 X148.145 Y104.035
G0 X147.855 Y103.756
;TYPE:WALL-OUTER
G1 F1500 E725.8686
G1 F2400 X147.876 Y104.549 E725.88443
G1 X147.868 Y107.682 E725.94695
G1 X147.879 Y109.356 E725.98036
G1 X163.465 Y109.356 E726.29139
G1 X163.476 Y107.665 E726.32514
G1 X163.468 Y104.556 E726.38718
G1 X163.482 Y103.757 E726.40313
G1 X147.855 Y103.756 E726.71498
G0 F12000 X148.145 Y104.035
G0 X150.916 Y104.474
G0 X150.738 Y107.61
G0 X150.516 Y107.61
;TYPE:FILL
G1 F4800 X151.382 Y108.476 E726.73942
G0 F12000 X150.816 Y108.476
G1 F4800 X160.832 Y105.792 E726.94636
G0 F12000 X160.613 Y105.792
G0 X160.613 Y108.191
G0 X160.833 Y108.191
G1 F4800 X160.757 Y108.476 E726.95224
G0 F12000 X162.308 Y108.456
G0 X162.308 Y108.196
;TYPE:SKIN
G1 F2400 X160.872 Y108.196 E726.9809
G1 X160.872 Y104.912 E727.04643
G1 X162.308 Y104.912 E727.07509
G1 X162.308 Y108.196 E727.14063
G0 F12000 X162.308 Y108.456
G0 X161.17 Y108.456
G0 X161.17 Y107.996
G1 F2400 X161.072 Y107.897 E727.14341
G0 F12000 X161.072 Y107.332
G1 F2400 X161.736 Y107.996 E727.16215
G0 F12000 X162.108 Y107.802
G1 F2400 X161.072 Y106.766 E727.19138
G0 F12000 X161.072 Y106.2
G1 F2400 X162.108 Y107.236 E727.22062
G0 F12000 X162.108 Y106.671
G1 F2400 X161.072 Y105.635 E727.24986
G0 F12000 X161.115 Y105.112
G1 F2400 X162.108 Y106.105 E727.27789
G0 F12000 X162.108 Y105.539
G1 F2400 X161.681 Y105.112 E727.28994
G0 F12000 X161.681 Y104.655
G0 X160.785 Y104.72
G0 X150.475 Y108.456
G0 X150.475 Y108.196
G1 F2400 X149.033 Y108.196 E727.31871
G1 X149.036 Y104.916 E727.38417
G1 X150.472 Y104.916 E727.41283
G1 X150.475 Y108.196 E727.47828
G0 F12000 X150.475 Y108.456
G0 X148.845 Y108.384
G0 X148.774 Y107.937
G0 X149.233 Y107.938
G1 F2400 X149.291 Y107.996 E727.47992
G0 F12000 X149.856 Y107.996
G1 F2400 X149.233 Y107.373 E727.4975
G0 F12000 X149.234 Y106.808
G1 F2400 X150.275 Y107.849 E727.52688
G0 F12000 X150.275 Y107.283
G1 F2400 X149.235 Y106.243 E727.55623
G0 F12000 X149.236 Y105.678
G1 F2400 X150.274 Y106.717 E727.58554
G0 F12000 X150.274 Y106.15
G1 F2400 X149.24 Y105.116 E727.61472
G0 F12000 X149.806 Y105.116
G1 F2400 X150.273 Y105.584 E727.62792
G0 F12000 X151.035 Y105.584
G1 F1500 E721.12792
;MESH:NONMESH
G0 F300 X151.035 Y105.584 Z1.44
G0 F12000 X150.662 Y104.728
G0 X148.088 Y103.979
G0 X146.999 Y103.914
G0 X145.617 Y102.907
G0 X145.228 Y102.895
G0 X144.261 Y103.328
;TIME_ELAPSED:1261.758403
;LAYER:11
;TYPE:SUPPORT
G1 F1500 E727.62792
G1 F2232.6 X144.235 Y103.374 E727.62905
G1 X144.182 Y103.374 E727.63019
G1 X144.155 Y103.328 E727.63133
G1 X144.181 Y103.282 E727.63246
G1 X144.234 Y103.282 E727.6336
G1 X144.261 Y103.328 E727.63475
G0 F12000 X144.369 Y103.64
;TYPE:SUPPORT-INTERFACE
G1 F2400 X146.366 Y105.637 E727.6911
G0 F12000 X146.368 Y104.796
G1 F2400 X144.35 Y106.814 E727.74806
G0 F12000 X144.35 Y107.015
G1 F2400 X146.361 Y109.026 E727.80481
G0 F12000 X146.359 Y108.199
G1 F2400 X145.002 Y109.556 E727.84311
G1 F1500 E721.34311
G0 F12000 X145.249 Y110.217
G0 X164.98 Y110.221
G0 X164.98 Y107.28
G1 F1500 E727.84311
G1 F2400 X166.988 Y109.288 E727.89978
G0 F12000 X166.992 Y107.931
G1 F2400 X165.367 Y109.556 E727.94564
G1 F1500 E721.44564
G0 F12000 X164.98 Y106.549
G1 F1500 E727.94564
G1 F2400 X167.004 Y104.525 E728.00276
G0 F12000 X167 Y105.906
G1 F2400 X164.976 Y103.882 E728.05988
G1 F1500 E721.55988
G0 F12000 X164.976 Y102.891
G0 X145.092 Y102.895
G0 X144.205 Y103.768
G1 F1500 E728.05988
G1 F2274.9 X144.179 Y103.813 E728.06098
G1 X144.127 Y103.813 E728.06207
G1 X144.101 Y103.768 E728.06317
G1 X144.127 Y103.723 E728.06426
G1 X144.179 Y103.723 E728.06536
G1 X144.205 Y103.768 E728.06645
G1 F1500 E721.56645
G0 F12000 X143.194 Y104.186
G0 X142.719 Y104.653
G0 X142.47 Y105.508
G0 X142.527 Y106.811
G0 X142.783 Y107.679
G0 X143.122 Y108.26
G0 X143.605 Y108.787
G0 X144.162 Y109.652
G1 F1500 E728.06645
G1 F2191.8 X144.26 Y109.75 E728.06948
G1 F2186.8 X144.36 Y109.777 E728.07175
G1 F2162.2 X144.164 Y109.511 E728.07907
G1 F2152.5 X144.109 Y109.511 E728.08029
G1 X144.082 Y109.559 E728.08152
G1 X144.11 Y109.607 E728.08275
G1 X144.165 Y109.607 E728.08398
G1 X144.192 Y109.559 E728.0852
G1 F1500 E721.5852
G0 F12000 X145.249 Y110.217
G0 X166.107 Y110.217
G0 X166.981 Y109.777
G1 F1500 E728.0852
G1 F2171.9 X167.096 Y109.745 E728.08783
G1 F2181.8 X167.176 Y109.665 E728.09032
G1 F2176.9 X167.206 Y109.556 E728.0928
G1 F1500 E721.5928
G0 F12000 X167.374 Y107.531
G1 F1500 E728.0928
G1 F1573.8 X167.336 Y107.597 E728.09512
G1 X167.26 Y107.597 E728.09744
G1 X167.222 Y107.531 E728.09975
G1 X167.26 Y107.465 E728.10207
G1 X167.336 Y107.465 E728.10438
G1 X167.374 Y107.531 E728.1067
G1 F1500 E721.6067
G0 F12000 X167.653 Y106.532
G0 X168.145 Y106.966
G0 X168.305 Y107.527
G0 X168.127 Y109.556
G0 X167.968 Y110.128
G0 X167.558 Y110.535
G0 X166.979 Y110.699
G0 X144.353 Y110.699
G0 X143.792 Y110.531
G0 X143.382 Y110.121
G0 X143.249 Y109.664
G0 X143.079 Y107.976
G0 X144.351 Y107.016
G1 F1500 E728.1067
G1 F2400 X143.292 Y105.957 E728.13659
G0 F12000 X144.349 Y106.815
G1 F2400 X143.603 Y107.562 E728.15766
G1 F1500 E721.65766
G0 F12000 X143.079 Y107.976
G0 X143.203 Y109.398
G0 X152.573 Y145.325
G0 X152.753 Y145.965
G1 F1500 E728.15766
G1 F2400 X157.603 Y150.815 E728.29453
G0 F12000 X157.43 Y151.435
G1 F2400 X155.213 Y153.651 E728.35709
G0 F12000 X153.992 Y153.992
G1 F2400 X149.574 Y149.574 E728.48177
G0 F12000 X149.769 Y148.913
G1 F2400 X152.704 Y145.978 E728.56461
G1 F1500 E722.06461
G0 F12000 X150.658 Y147.264
G1 F1500 E728.56461
G1 F2400 X156.328 Y152.934 E728.72463
G1 F1500 E722.22463
G0 F12000 X156.798 Y153.403
G0 X156.111 Y154.088
G0 X153.667 Y154.772
G0 X151.719 Y154.205
G0 X151.904 Y153.567
G1 F1500 E728.72463
G1 F2400 X157.346 Y148.124 E728.87822
G1 F1500 E722.37822
G0 F12000 X155.774 Y146.303
G1 F1500 E728.87822
G1 F2400 X150.122 Y151.954 E729.03772
G1 F1500 E722.53772
;MESH:9VBatteryHolder_v2.stl
G0 F12000 X149.652 Y152.424
G0 X150.122 Y155.891
G0 X150.122 Y156.986
G0 X142.672 Y157.556
;TYPE:WALL-INNER
G1 F1500 E729.03772
G1 F2400 X168.672 Y157.556 E729.55658
G1 F2352.9 X168.846 Y157.549 E729.56012
G0 F12000 X169.369 Y157.253
G1 F2436.5 X168.846 Y157.549 E729.57194
G1 X169.686 Y157.57 E729.58845
G1 F2442.7 X169.665 Y156.73 E729.60493
G1 X169.369 Y157.253 E729.61671
G0 F12000 X169.665 Y156.73
G1 F2358.7 X169.672 Y156.556 E729.62025
G1 F2400 X169.672 Y112.556 E730.49832
G1 F1500 E723.99832
G0 F12000 X169.511 Y157.394
G0 X141.835 Y157.394
G0 X141.672 Y112.556
G1 F1500 E730.49832
G1 F2400 X141.672 Y156.556 E731.37638
G1 F2352.9 X141.679 Y156.73 E731.37993
G0 F12000 X141.975 Y157.253
G1 F2436.5 X141.679 Y156.73 E731.39174
G1 X141.658 Y157.57 E731.40826
G1 F2487 X142.672 Y157.556 E731.42779
G1 X141.975 Y157.253 E731.44242
G0 F12000 X141.763 Y157.253
G0 X169.096 Y157.466
G0 X169.096 Y156.98
G1 F2400 X168.761 Y157.156 E731.44997
G1 X142.672 Y157.156 E731.97061
G1 X142.247 Y156.981 E731.97978
G1 X142.072 Y156.645 E731.98734
G1 X142.072 Y112.156 E732.87517
G1 X141.272 Y112.156 E732.89113
G1 X141.273 Y157.955 E733.8051
G1 X170.072 Y157.956 E734.37982
G1 X170.072 Y112.156 E735.2938
G1 X169.272 Y112.156 E735.30977
G1 X169.272 Y156.645 E736.1976
G1 X169.096 Y156.98 E736.20515
G0 F12000 X168.87 Y156.591
;TYPE:WALL-OUTER
G1 F2400 X168.814 Y156.698 E736.20756
G1 X168.707 Y156.754 E736.20997
G1 X142.672 Y156.756 E736.72952
G1 X142.53 Y156.698 E736.73258
G1 X142.474 Y156.591 E736.73499
G1 X142.472 Y111.756 E737.62973
G1 X140.872 Y111.756 E737.66166
G1 X140.873 Y158.355 E738.59159
G1 X170.472 Y158.356 E739.18227
G1 X170.472 Y111.756 E740.11222
G1 X168.872 Y111.756 E740.14415
G1 X168.87 Y156.591 E741.03888
G1 F1500 E734.53888
G0 F12000 X169.183 Y156.591
G0 X169.097 Y111.98
G0 X168.008 Y111.98
G0 X163.702 Y110.221
G0 X163.702 Y109.132
G0 X163.127 Y108.556
;TYPE:WALL-INNER
G1 F1500 E741.03888
G1 F2400 X163.141 Y104.557 E741.11869
G1 X148.202 Y104.556 E741.41681
G1 X148.217 Y108.556 E741.49664
G1 X163.127 Y108.556 E741.79418
G0 F12000 X163.526 Y108.956
G1 F2400 X163.538 Y104.157 E741.88995
G1 X147.8 Y104.156 E742.20402
G1 X147.818 Y108.956 E742.29981
G1 X163.526 Y108.956 E742.61328
G1 F1500 E736.11328
G0 F12000 X163.247 Y108.676
G0 X163.633 Y104.262
G0 X163.943 Y104.249
;TYPE:WALL-OUTER
G1 F1500 E742.61328
G1 F2400 X163.92 Y103.757 E742.62311
G1 X147.424 Y103.756 E742.9523
G1 X147.4 Y104.277 E742.96271
G1 X147.42 Y109.356 E743.06407
G1 X163.924 Y109.356 E743.39343
G1 X163.943 Y104.249 E743.49534
G0 F12000 X163.633 Y104.262
G0 X160.431 Y104.475
G0 X160.613 Y105.88
G0 X160.833 Y105.88
;TYPE:FILL
G1 F4800 X151.144 Y108.476 E743.69552
G0 F12000 X151.502 Y108.476
G1 F4800 X150.516 Y107.49 E743.72334
G0 F12000 X150.738 Y107.49
G0 X160.669 Y108.476
G1 F4800 X160.834 Y107.862 E743.73603
G0 F12000 X160.613 Y107.862
G0 X160.686 Y108.384
G0 X162.956 Y108.384
G0 X162.768 Y108.195
;TYPE:SKIN
G1 F2400 X160.873 Y108.195 E743.77385
G1 X160.872 Y104.916 E743.83928
G1 X162.779 Y104.916 E743.87734
G1 X162.768 Y108.195 E743.94278
G0 F12000 X162.403 Y107.995
G1 F2400 X162.57 Y107.828 E743.94749
G0 F12000 X162.572 Y107.26
G1 F2400 X161.837 Y107.995 E743.96823
G0 F12000 X161.271 Y107.995
G1 F2400 X162.573 Y106.693 E744.00498
G0 F12000 X162.574 Y106.126
G1 F2400 X161.073 Y107.627 E744.04734
G0 F12000 X161.073 Y107.062
G1 F2400 X162.577 Y105.558 E744.08979
G0 F12000 X162.454 Y105.116
G1 F2400 X161.073 Y106.497 E744.12876
G0 F12000 X161.073 Y105.931
G1 F2400 X161.888 Y105.116 E744.15176
G0 F12000 X161.322 Y105.116
G1 F2400 X161.073 Y105.365 E744.15879
G0 F12000 X160.613 Y105.365
G0 X150.475 Y108.456
G0 X150.475 Y108.196
G1 F2400 X148.572 Y108.196 E744.19677
G1 X148.561 Y104.916 E744.26222
G1 X150.472 Y104.916 E744.30036
G1 X150.475 Y108.196 E744.36581
G0 F12000 X150.274 Y107.678
G1 F2400 X149.956 Y107.996 E744.37479
G0 F12000 X149.39 Y107.996
G1 F2400 X150.274 Y107.113 E744.39972
G0 F12000 X150.273 Y106.548
G1 F2400 X148.825 Y107.996 E744.44059
G0 F12000 X148.77 Y107.486
G1 F2400 X150.273 Y105.983 E744.48301
G0 F12000 X150.272 Y105.418
G1 F2400 X148.768 Y106.922 E744.52545
G0 F12000 X148.766 Y106.358
G1 F2400 X150.008 Y105.116 E744.5605
G0 F12000 X149.442 Y105.116
G1 F2400 X148.765 Y105.794 E744.57962
G0 F12000 X148.763 Y105.23
G1 F2400 X148.876 Y105.116 E744.58283
G1 F1500 E738.08283
;MESH:NONMESH
G0 F300 X148.876 Y105.116 Z1.56
G0 F12000 X148.876 Y104.656
G0 X147.638 Y103.98
G0 X147.638 Y102.891
G0 X145.092 Y102.895
G0 X144.286 Y103.556
;TIME_ELAPSED:1307.352518
;LAYER:12
;TYPE:SUPPORT-INTERFACE
G1 F1500 E744.58283
G1 F2400 X145.967 Y105.238 E744.63028
G1 X145.967 Y105.198
G1 X144.35 Y106.814 E744.6759
G0 F12000 X144.35 Y107.015
G1 F2400 X145.789 Y108.454 E744.71652
G0 F12000 X145.79 Y108.769
G1 F2400 X145.002 Y109.556 E744.73874
G1 F1500 E738.23874
G0 F12000 X145.002 Y110.221
G0 X165.38 Y110.221
G0 X165.38 Y107.68
G1 F1500 E744.73874
G1 F2400 X167.164 Y109.464 E744.78909
G1 F1500 E738.28909
G0 F12000 X165.549 Y109.375
G1 F1500 E744.78909
G1 F2400 X167.164 Y107.76 E744.83467
G1 F1500 E738.33467
G0 F12000 X166.999 Y105.905
G1 F1500 E744.83467
G1 F2400 X165.384 Y104.29 E744.88025
G1 F1500 E738.38025
G0 F12000 X167.003 Y104.526
G1 F1500 E744.88025
G1 F2400 X165.379 Y106.15 E744.92608
G1 F1500 E738.42608
G0 F12000 X167.663 Y106.158
G0 X167.819 Y104.845
G0 X167.776 Y102.903
G0 X143.569 Y102.903
G0 X142.774 Y104.568
G0 X142.554 Y105.439
G0 X142.794 Y106.256
G0 X144.35 Y106.814
G1 F1500 E744.92608
G1 F2400 X143.562 Y107.603 E744.94833
G0 F12000 X144.352 Y107.016
G1 F2400 X143.566 Y106.231 E744.9705
G1 F1500 E738.4705
G0 F12000 X142.794 Y106.256
G0 X142.589 Y106.91
G0 X152.584 Y145.336
G0 X152.763 Y145.975
G1 F1500 E744.9705
G1 F2400 X157.592 Y150.804 E745.10679
G0 F12000 X157.409 Y151.455
G1 F2400 X155.233 Y153.631 E745.1682
G0 F12000 X156.318 Y152.924
G1 F2400 X150.667 Y147.273 E745.32768
G1 F1500 E738.82768
G0 F12000 X149.789 Y148.893
G1 F1500 E745.32768
G1 F2400 X152.685 Y145.997 E745.40941
G1 F1500 E738.90941
G0 F12000 X152.506 Y145.358
G0 X153.673 Y145.031
G0 X155.944 Y145.667
G0 X155.764 Y146.312
G1 F1500 E745.40941
G1 F2400 X150.131 Y151.945 E745.56839
G1 F1500 E739.06839
G0 F12000 X151.914 Y153.556
G1 F1500 E745.56839
G1 F2400 X157.335 Y148.135 E745.72138
G1 F1500 E739.22138
G0 F12000 X157.973 Y147.949
G0 X158.537 Y149.889
G0 X157.855 Y152.325
G0 X156.104 Y154.076
G0 X154.16 Y154.621
G0 X153.981 Y153.981
G1 F1500 E745.72138
G1 F2400 X149.586 Y149.586 E745.84542
G1 F1500 E739.34542
;MESH:9VBatteryHolder_v2.stl
G0 F12000 X148.948 Y149.4
G0 X148.832 Y149.8
G0 X149.586 Y155.891
G0 X149.586 Y156.986
G0 X142.672 Y157.556
;TYPE:WALL-INNER
G1 F1500 E745.84542
G1 F2400 X168.672 Y157.556 E746.36428
G1 F2352.9 X168.846 Y157.549 E746.36782
G0 F12000 X169.369 Y157.253
G1 F2436.5 X168.846 Y157.549 E746.37963
G1 X169.686 Y157.57 E746.39615
G1 F2442.7 X169.665 Y156.73 E746.41262
G1 X169.369 Y157.253 E746.42441
G0 F12000 X169.665 Y156.73
G1 F2358.7 X169.672 Y156.556 E746.42794
G1 F2400 X169.672 Y112.556 E747.30601
G1 F1500 E740.80601
G0 F12000 X169.511 Y157.394
G0 X141.835 Y157.394
G0 X141.672 Y112.556
G1 F1500 E747.30601
G1 F2400 X141.672 Y156.556 E748.18408
G1 F2352.9 X141.679 Y156.73 E748.18762
G0 F12000 X141.975 Y157.253
G1 F2436.5 X141.679 Y156.73 E748.19944
G1 X141.658 Y157.57 E748.21595
G1 F2487 X142.672 Y157.556 E748.23548
G1 X141.975 Y157.253 E748.25012
G0 F12000 X141.763 Y157.253
G0 X169.096 Y157.466
G0 X169.096 Y156.98
G1 F2400 X168.761 Y157.156 E748.25767
G1 X142.672 Y157.156 E748.7783
G1 X142.247 Y156.981 E748.78748
G1 X142.072 Y156.645 E748.79504
G1 X142.072 Y112.156 E749.68286
G1 X141.272 Y112.156 E749.69883
G1 X141.273 Y157.955 E750.6128
G1 X170.072 Y157.956 E751.18751
G1 X170.072 Y112.156 E752.1015
G1 X169.272 Y112.156 E752.11746
G1 X169.272 Y156.645 E753.00529
G1 X169.096 Y156.98 E753.01284
G0 F12000 X168.87 Y156.591
;TYPE:WALL-OUTER
G1 F2400 X168.814 Y156.698 E753.01525
G1 X168.707 Y156.754 E753.01766
G1 X142.672 Y156.756 E753.53722
G1 X142.53 Y156.698 E753.54028
G1 X142.474 Y156.591 E753.54269
G1 X142.472 Y111.756 E754.43742
G1 X140.872 Y111.756 E754.46935
G1 X140.873 Y158.355 E755.39928
G1 X170.472 Y158.356 E755.98996
G1 X170.472 Y111.756 E756.91992
G1 X168.872 Y111.756 E756.95185
G1 X168.87 Y156.591 E757.84658
G1 F1500 E751.34658
G0 F12000 X169.183 Y156.591
G0 X169.097 Y111.98
G0 X168.008 Y111.98
G0 X164.159 Y110.221
G0 X164.159 Y109.132
G0 X163.579 Y108.556
;TYPE:WALL-INNER
G1 F1500 E757.84658
G1 F2400 X163.576 Y104.556 E757.9264
G1 X147.768 Y104.556 E758.24187
G1 X147.757 Y108.556 E758.32169
G1 X163.579 Y108.556 E758.63744
G0 F12000 X163.668 Y104.534
G0 X163.976 Y104.542
G1 F2400 X163.986 Y104.157 E758.64512
G1 X147.357 Y104.156 E758.97697
G1 X147.368 Y104.55 E758.98484
G1 X147.36 Y108.956 E759.07277
G1 X163.979 Y108.956 E759.40442
G1 X163.976 Y104.542 E759.4925
G1 F1500 E752.9925
G0 F12000 X163.668 Y104.534
G0 X160.431 Y104.474
G0 X150.921 Y108.638
G0 X147.268 Y108.516
G0 X146.956 Y108.516
;TYPE:WALL-OUTER
G1 F1500 E759.4925
G1 F2400 X146.963 Y109.356 E759.50927
G1 X164.379 Y109.356 E759.85682
G1 X164.376 Y104.554 E759.95265
G1 X164.387 Y104.139 E759.96093
G1 X164.368 Y103.756 E759.96859
G1 X146.975 Y103.756 E760.31568
G1 X146.956 Y104.162 E760.32379
G1 X146.968 Y104.549 E760.33152
G1 X146.956 Y108.516 E760.41069
G0 F12000 X147.268 Y108.516
G0 X150.921 Y108.638
G0 X150.737 Y107.37
G0 X150.516 Y107.37
;TYPE:FILL
G1 F4800 X151.622 Y108.476 E760.4419
G1 X151.472 Y108.476
G1 X160.833 Y105.968 E760.6353
G0 F12000 X160.613 Y105.968
G0 X160.613 Y107.534
G0 X160.833 Y107.534
G1 F4800 X160.581 Y108.477 E760.65478
G0 F12000 X163.216 Y108.456
G0 X163.216 Y108.196
;TYPE:SKIN
G1 F2400 X160.872 Y108.196 E760.70155
G1 X160.872 Y104.916 E760.76701
G1 X163.216 Y104.916 E760.81379
G1 X163.216 Y108.196 E760.87924
G0 F12000 X163.216 Y108.456
G0 X161.17 Y108.456
G0 X161.17 Y107.996
G1 F2400 X161.072 Y107.897 E760.88202
G0 F12000 X161.072 Y107.332
G1 F2400 X161.736 Y107.996 E760.90076
G0 F12000 X162.302 Y107.996
G1 F2400 X161.072 Y106.766 E760.93548
G0 F12000 X161.072 Y106.2
G1 F2400 X162.867 Y107.996 E760.98615
G0 F12000 X163.016 Y107.579
G1 F2400 X161.072 Y105.635 E761.04101
G0 F12000 X161.119 Y105.116
G1 F2400 X163.016 Y107.013 E761.09455
G0 F12000 X163.016 Y106.447
G1 F2400 X161.685 Y105.116 E761.13211
G0 F12000 X162.251 Y105.116
G1 F2400 X163.016 Y105.881 E761.1537
G0 F12000 X163.016 Y105.316
G1 F2400 X162.816 Y105.116 E761.15935
G0 F12000 X162.816 Y104.656
G0 X160.685 Y104.728
G0 X150.475 Y108.456
G0 X150.475 Y108.196
G1 F2400 X148.117 Y108.196 E761.2064
G1 X148.128 Y104.916 E761.27186
G1 X150.472 Y104.916 E761.31864
G1 X150.475 Y108.196 E761.38409
G0 F12000 X150.475 Y108.456
G0 X148.725 Y108.456
G0 X148.725 Y107.996
G1 F2400 X148.318 Y107.588 E761.39559
G0 F12000 X148.32 Y107.025
G1 F2400 X149.291 Y107.996 E761.423
G0 F12000 X149.856 Y107.996
G1 F2400 X148.322 Y106.461 E761.4663
G0 F12000 X148.324 Y105.898
G1 F2400 X150.275 Y107.849 E761.52137
G0 F12000 X150.275 Y107.283
G1 F2400 X148.326 Y105.333 E761.57639
G0 F12000 X148.674 Y105.116
G1 F2400 X150.274 Y106.717 E761.62155
G0 F12000 X150.274 Y106.15
G1 F2400 X149.24 Y105.116 E761.65074
G0 F12000 X149.806 Y105.116
G1 F2400 X150.273 Y105.584 E761.66393
G0 F12000 X151.035 Y105.584
G1 F1500 E755.16393
;MESH:NONMESH
G0 F300 X151.035 Y105.584 Z1.68
G0 F12000 X150.662 Y104.728
G0 X147.191 Y103.98
G0 X147.191 Y102.891
G0 X144.286 Y102.891
G0 X144.286 Y103.556
;TIME_ELAPSED:1352.172531
;LAYER:13
;TYPE:SUPPORT-INTERFACE
G1 F1500 E761.66393
G1 F2400 X145.697 Y104.968 E761.70377
G0 F12000 X145.696 Y105.469
G1 F2400 X144.35 Y106.814 E761.74174
G0 F12000 X144.35 Y107.015
G1 F2400 X145.524 Y108.189 E761.77487
G0 F12000 X145.527 Y109.032
G1 F2400 X145.003 Y109.556 E761.78966
G1 F1500 E755.28966
G0 F12000 X145.003 Y110.221
G0 X165.819 Y110.221
G0 X165.819 Y109.104
G1 F1500 E761.78966
G1 F2400 X167.164 Y107.76 E761.8276
G0 F12000 X165.822 Y108.122
G1 F2400 X167.164 Y109.464 E761.86548
G1 F1500 E755.36548
G0 F12000 X167.829 Y109.466
G0 X167.815 Y106.874
G0 X167.664 Y105.907
G0 X166.999 Y105.905
G1 F1500 E761.86548
G1 F2400 X165.649 Y104.555 E761.90358
G0 F12000 X165.652 Y105.877
G1 F2400 X167.003 Y104.526 E761.94171
G1 F1500 E755.44171
G0 F12000 X167.656 Y104.845
G0 X167.776 Y102.903
G0 X143.57 Y102.903
G0 X142.816 Y104.424
G0 X142.63 Y105.185
G0 X142.889 Y106.226
G0 X144.349 Y106.815
G1 F1500 E761.94171
G1 F2400 X143.533 Y107.631 E761.96474
G0 F12000 X144.35 Y107.015
G1 F2400 X143.655 Y106.32 E761.98435
G1 F1500 E755.48435
G0 F12000 X142.889 Y106.226
G0 X142.652 Y107.043
G0 X152.596 Y145.348
G0 X152.775 Y145.987
G1 F1500 E761.98435
G1 F2400 X157.581 Y150.793 E762.11999
G0 F12000 X157.389 Y151.476
G1 F2400 X155.254 Y153.61 E762.18023
G0 F12000 X156.308 Y152.914
G1 F2400 X150.677 Y147.283 E762.33915
G1 F1500 E755.83915
G0 F12000 X149.811 Y148.871
G1 F1500 E762.33915
G1 F2400 X152.664 Y146.018 E762.41966
G1 F1500 E755.91966
G0 F12000 X152.485 Y145.379
G0 X153.673 Y145.046
G0 X155.934 Y145.679
G0 X155.755 Y146.321
G1 F1500 E762.41966
G1 F2400 X150.141 Y151.935 E762.5781
G1 F1500 E756.0781
G0 F12000 X149.597 Y149.597
G1 F1500 E762.5781
G1 F2400 X153.969 Y153.969 E762.70149
G1 F1500 E756.20149
G0 F12000 X151.926 Y153.544
G1 F1500 E762.70149
G1 F2400 X157.322 Y148.148 E762.85378
G1 F1500 E756.35378
;MESH:9VBatteryHolder_v2.stl
G0 F12000 X157.961 Y147.961
G0 X158.522 Y149.888
G0 X157.322 Y155.891
G0 X157.322 Y156.986
G0 X168.846 Y157.549
;TYPE:WALL-INNER
G1 F1500 E762.85378
G1 F2352.9 X168.672 Y157.556 E762.85732
G1 F2400 X142.672 Y157.556 E763.37618
G0 F12000 X141.975 Y157.253
G1 F2436.5 X141.679 Y156.73 E763.38799
G1 X141.658 Y157.57 E763.40451
G1 F2487 X142.672 Y157.556 E763.42404
G1 X141.975 Y157.253 E763.43867
G0 F12000 X141.679 Y156.73
G1 F2352.9 X141.672 Y156.556 E763.44222
G1 F2400 X141.672 Y112.556 E764.32029
G1 F1500 E757.82029
G0 F12000 X141.835 Y157.394
G0 X169.511 Y157.394
G0 X169.672 Y112.556
G1 F1500 E764.32029
G1 F2400 X169.672 Y156.556 E765.19835
G1 F2358.7 X169.665 Y156.73 E765.20189
G0 F12000 X169.369 Y157.253
G1 F2436.5 X168.846 Y157.549 E765.2137
G1 X169.686 Y157.57 E765.23022
G1 F2442.7 X169.665 Y156.73 E765.24669
G1 X169.369 Y157.253 E765.25848
G0 F12000 X169.096 Y156.98
G1 F2400 X168.761 Y157.156 E765.26603
G1 X142.672 Y157.156 E765.78666
G1 X142.247 Y156.981 E765.79584
G1 X142.072 Y156.645 E765.8034
G1 X142.072 Y112.156 E766.69122
G1 X141.272 Y112.156 E766.70719
G1 X141.273 Y157.955 E767.62116
G1 X170.072 Y157.956 E768.19587
G1 X170.072 Y112.156 E769.10986
G1 X169.272 Y112.156 E769.12582
G1 X169.272 Y156.645 E770.01365
G1 X169.096 Y156.98 E770.0212
G0 F12000 X168.87 Y156.591
;TYPE:WALL-OUTER
G1 F2400 X168.814 Y156.698 E770.02361
G1 X168.707 Y156.754 E770.02602
G1 X142.672 Y156.756 E770.54558
G1 X142.53 Y156.698 E770.54864
G1 X142.474 Y156.591 E770.55105
G1 X142.472 Y111.756 E771.44578
G1 X140.872 Y111.756 E771.47771
G1 X140.873 Y158.355 E772.40764
G1 X170.472 Y158.356 E772.99832
G1 X170.472 Y111.756 E773.92828
G1 X168.872 Y111.756 E773.96021
G1 X168.87 Y156.591 E774.85494
G1 F1500 E768.35494
G0 F12000 X169.183 Y156.591
G0 X169.097 Y111.98
G0 X168.008 Y111.98
G0 X164.432 Y110.221
G0 X164.432 Y109.132
G0 X163.854 Y108.555
;TYPE:WALL-INNER
G1 F1500 E774.85494
G1 F2400 X163.848 Y104.557 E774.93472
G1 X147.496 Y104.557 E775.26104
G1 X147.494 Y108.555 E775.34083
G1 X163.854 Y108.555 E775.66731
G0 F12000 X163.94 Y104.538
G0 X164.248 Y104.545
G1 F2400 X164.257 Y104.157 E775.67505
G1 X147.087 Y104.157 E776.0177
G1 X147.096 Y104.553 E776.02561
G1 X147.093 Y108.955 E776.11345
G1 X164.253 Y108.955 E776.4559
G1 X164.248 Y104.545 E776.5439
G0 F12000 X164.648 Y104.555
;TYPE:WALL-OUTER
G1 F2400 X164.667 Y103.757 E776.55983
G1 X146.677 Y103.757 E776.91884
G1 X146.696 Y104.553 E776.93473
G1 X146.693 Y109.355 E777.03056
G1 X164.652 Y109.355 E777.38895
G1 X164.648 Y104.555 E777.48474
G0 F12000 X164.34 Y104.548
G0 X160.431 Y104.474
G0 X160.613 Y105.199
G0 X160.713 Y105.2
;TYPE:FILL
G1 F4800 X150.634 Y105.2 E777.68588
G0 F12000 X150.735 Y105.2
G0 X150.737 Y107.252
G0 X150.517 Y107.252
G1 F4800 X151.266 Y108 E777.707
G1 X153.573 Y108 E777.75304
G1 X151.8 Y108.475 E777.78967
G1 X151.74 Y108.475
G1 X151.266 Y108 E777.80306
G0 F12000 X153.573 Y108
G1 F4800 X153.578 Y108 E777.80316
G1 X160.621 Y108 E777.94372
G1 X160.494 Y108.475 E777.95353
G0 F12000 X160.621 Y108
G1 F4800 X160.834 Y107.209 E777.96987
G0 F12000 X160.613 Y107.209
G0 X160.613 Y106.055
G0 X160.832 Y106.055
G1 F4800 X153.578 Y108 E778.11975
G0 F12000 X150.738 Y108.192
G0 X150.475 Y108.192
;TYPE:SKIN
G1 F2400 X147.853 Y108.192 E778.17207
G1 X147.856 Y104.916 E778.23745
G1 X150.472 Y104.916 E778.28966
G1 X150.475 Y108.192 E778.35503
G0 F12000 X150.274 Y107.678
G1 F2400 X149.96 Y107.992 E778.36389
G0 F12000 X149.395 Y107.992
G1 F2400 X150.274 Y107.113 E778.3887
G0 F12000 X150.273 Y106.548
G1 F2400 X148.829 Y107.992 E778.42945
G0 F12000 X148.263 Y107.992
G1 F2400 X150.273 Y105.983 E778.48617
G0 F12000 X150.272 Y105.418
G1 F2400 X148.053 Y107.637 E778.54879
G0 F12000 X148.054 Y107.07
G1 F2400 X150.008 Y105.116 E778.60394
G0 F12000 X149.442 Y105.116
G1 F2400 X148.055 Y106.504 E778.6431
G0 F12000 X148.055 Y105.937
G1 F2400 X148.876 Y105.116 E778.66627
G0 F12000 X148.311 Y105.116
G1 F2400 X148.056 Y105.371 E778.67346
G0 F12000 X147.596 Y105.37
G0 X147.668 Y104.729
G0 X150.662 Y104.729
G0 X160.686 Y108.383
G0 X163.682 Y108.383
G0 X163.491 Y108.192
G1 F2400 X160.872 Y108.192 E778.72573
G1 X160.872 Y104.916 E778.7911
G1 X163.484 Y104.916 E778.84323
G1 X163.491 Y108.192 E778.90861
G0 F12000 X163.29 Y107.673
G1 F2400 X162.971 Y107.992 E778.91761
G0 F12000 X162.405 Y107.992
G1 F2400 X163.289 Y107.109 E778.94254
G0 F12000 X163.287 Y106.545
G1 F2400 X161.84 Y107.992 E778.98338
G0 F12000 X161.274 Y107.992
G1 F2400 X163.287 Y105.98 E779.04018
G0 F12000 X163.285 Y105.415
G1 F2400 X161.072 Y107.629 E779.10265
G0 F12000 X161.072 Y107.063
G1 F2400 X163.019 Y105.116 E779.1576
G0 F12000 X162.454 Y105.116
G1 F2400 X161.072 Y106.497 E779.19658
G0 F12000 X161.072 Y105.932
G1 F2400 X161.888 Y105.116 E779.21961
G0 F12000 X161.322 Y105.116
G1 F2400 X161.072 Y105.366 E779.22667
G0 F12000 X160.313 Y105.366
G1 F1500 E772.72667
;MESH:NONMESH
G0 F300 X160.313 Y105.366 Z1.8
G0 F12000 X146.906 Y103.979
G0 X146.906 Y102.891
G0 X144.286 Y102.891
G0 X144.286 Y103.556
;TIME_ELAPSED:1395.342586
;LAYER:14
;TYPE:SUPPORT-INTERFACE
G1 F1500 E779.22667
G1 F2400 X145.264 Y104.535 E779.25428
G0 F12000 X145.26 Y105.904
G1 F2400 X144.35 Y106.814 E779.27997
G0 F12000 X144.35 Y107.015
G1 F2400 X145.258 Y107.923 E779.30559
G0 F12000 X145.264 Y109.295
G1 F2400 X145.002 Y109.556 E779.31297
G1 F1500 E772.81297
G0 F12000 X145.002 Y110.221
G0 X166.085 Y110.221
G0 X166.085 Y108.838
G1 F1500 E779.31297
G1 F2400 X167.164 Y107.76 E779.34341
G0 F12000 X166.086 Y108.386
G1 F2400 X167.164 Y109.464 E779.37383
G1 F1500 E772.87383
G0 F12000 X167.829 Y109.466
G0 X167.815 Y106.874
G0 X167.664 Y105.907
G0 X166.999 Y105.905
G1 F1500 E779.37383
G1 F2400 X166.082 Y104.988 E779.39971
G0 F12000 X166.084 Y105.445
G1 F2400 X167.003 Y104.526 E779.42565
G1 F1500 E772.92565
G0 F12000 X167.656 Y104.845
G0 X167.776 Y102.903
G0 X143.57 Y102.903
G0 X142.926 Y104.311
G0 X142.712 Y105.118
G0 X142.943 Y106.435
G0 X144.35 Y106.814
G1 F1500 E779.42565
G1 F2400 X143.531 Y107.634 E779.44878
G0 F12000 X144.352 Y107.016
G1 F2400 X143.736 Y106.401 E779.46615
G1 F1500 E772.96615
G0 F12000 X142.996 Y106.259
G0 X142.796 Y106.981
G0 X142.777 Y107.277
G0 X152.608 Y145.359
G0 X152.787 Y145.998
G1 F1500 E779.46615
G1 F2400 X157.57 Y150.782 E779.60115
G0 F12000 X157.37 Y151.494
G1 F2400 X155.273 Y153.591 E779.66033
G0 F12000 X156.299 Y152.905
G1 F2400 X150.687 Y147.292 E779.81873
G1 F1500 E773.31873
G0 F12000 X149.83 Y148.852
G1 F1500 E779.81873
G1 F2400 X152.645 Y146.037 E779.89817
G1 F1500 E773.39817
G0 F12000 X152.466 Y145.398
G0 X153.673 Y145.06
G0 X155.923 Y145.691
G0 X155.745 Y146.331
G1 F1500 E779.89817
G1 F2400 X150.151 Y151.925 E780.05605
G1 F1500 E773.55605
G0 F12000 X149.608 Y149.608
G1 F1500 E780.05605
G1 F2400 X153.958 Y153.958 E780.17881
G1 F1500 E773.67881
G0 F12000 X151.937 Y153.533
G1 F1500 E780.17881
G1 F2400 X157.312 Y148.158 E780.33051
G1 F1500 E773.83051
;MESH:9VBatteryHolder_v2.stl
G0 F12000 X157.951 Y147.972
G0 X158.508 Y149.889
G0 X157.312 Y155.891
G0 X157.312 Y156.986
G0 X168.846 Y157.549
;TYPE:WALL-INNER
G1 F1500 E780.33051
G1 F2352.9 X168.672 Y157.556 E780.33405
G1 F2400 X142.672 Y157.556 E780.85291
G0 F12000 X141.975 Y157.253
G1 F2436.5 X141.679 Y156.73 E780.86472
G1 X141.658 Y157.57 E780.88124
G1 F2487 X142.672 Y157.556 E780.90077
G1 X141.975 Y157.253 E780.91541
G0 F12000 X141.679 Y156.73
G1 F2352.9 X141.672 Y156.556 E780.91895
G1 F2400 X141.672 Y112.556 E781.79702
G1 F1500 E775.29702
G0 F12000 X141.835 Y157.394
G0 X169.511 Y157.394
G0 X169.672 Y112.556
G1 F1500 E781.79702
G1 F2400 X169.672 Y156.556 E782.67509
G1 F2358.7 X169.665 Y156.73 E782.67862
G0 F12000 X169.369 Y157.253
G1 F2436.5 X168.846 Y157.549 E782.69043
G1 X169.686 Y157.57 E782.70695
G1 F2442.7 X169.665 Y156.73 E782.72343
G1 X169.369 Y157.253 E782.73521
G0 F12000 X169.096 Y156.98
G1 F2400 X168.761 Y157.156 E782.74276
G1 X142.672 Y157.156 E783.26339
G1 X142.247 Y156.981 E783.27257
G1 X142.072 Y156.645 E783.28013
G1 X142.072 Y112.156 E784.16795
G1 X141.272 Y112.156 E784.18392
G1 X141.273 Y157.955 E785.09789
G1 X170.072 Y157.956 E785.6726
G1 X170.072 Y112.156 E786.58659
G1 X169.272 Y112.156 E786.60256
G1 X169.272 Y156.645 E787.49038
G1 X169.096 Y156.98 E787.49793
G0 F12000 X168.87 Y156.591
;TYPE:WALL-OUTER
G1 F2400 X168.814 Y156.698 E787.50034
G1 X168.707 Y156.754 E787.50275
G1 X142.672 Y156.756 E788.02231
G1 X142.53 Y156.698 E788.02537
G1 X142.474 Y156.591 E788.02778
G1 X142.472 Y111.756 E788.92251
G1 X140.872 Y111.756 E788.95444
G1 X140.873 Y158.355 E789.88437
G1 X170.472 Y158.356 E790.47505
G1 X170.472 Y111.756 E791.40501
G1 X168.872 Y111.756 E791.43694
G1 X168.87 Y156.591 E792.33167
G1 F1500 E785.83167
G0 F12000 X169.183 Y156.591
G0 X169.097 Y111.98
G0 X168.008 Y111.98
G0 X164.696 Y110.221
G0 X164.696 Y109.132
G0 X164.119 Y108.556
;TYPE:WALL-INNER
G1 F1500 E792.33167
G1 F2400 X164.12 Y104.556 E792.41149
G1 X147.224 Y104.556 E792.74867
G1 X147.223 Y108.556 E792.8285
G1 X164.119 Y108.556 E793.16567
G0 F12000 X164.211 Y104.541
G0 X164.52 Y104.548
G1 F2400 X164.527 Y104.157 E793.17348
G1 X146.814 Y104.156 E793.52696
G1 X146.824 Y104.549 E793.5348
G1 X146.823 Y108.956 E793.62275
G1 X164.518 Y108.956 E793.97587
G1 X164.52 Y104.548 E794.06384
G1 F1500 E787.56384
G0 F12000 X164.211 Y104.541
G0 X146.692 Y104.035
G0 X146.403 Y103.756
;TYPE:WALL-OUTER
G1 F1500 E794.06384
G1 F2400 X146.424 Y104.549 E794.07967
G1 X146.424 Y109.356 E794.1756
G1 X164.916 Y109.356 E794.54463
G1 X164.924 Y107.468 E794.58231
G1 X164.92 Y104.556 E794.64042
G1 X164.934 Y103.757 E794.65637
G1 X146.403 Y103.756 E795.02617
G0 F12000 X146.692 Y104.035
G0 X164.202 Y104.474
G0 X164.02 Y108.196
G0 X163.76 Y108.196
;TYPE:SKIN
G1 F2400 X147.581 Y108.196 E795.34904
G1 X147.584 Y104.916 E795.4145
G1 X163.76 Y104.916 E795.73731
G1 X163.76 Y108.196 E795.80276
G0 F12000 X164.02 Y108.196
G0 X163.948 Y104.728
G0 X163.382 Y104.656
G0 X163.382 Y105.116
G1 F2400 X163.56 Y105.295 E795.8078
G0 F12000 X163.56 Y105.86
G1 F2400 X162.816 Y105.116 E795.8288
G0 F12000 X162.251 Y105.116
G1 F2400 X163.56 Y106.426 E795.86575
G0 F12000 X163.56 Y106.992
G1 F2400 X161.685 Y105.116 E795.91868
G0 F12000 X161.119 Y105.116
G1 F2400 X163.56 Y107.557 E795.98757
G0 F12000 X163.433 Y107.996
G1 F2400 X160.554 Y105.116 E796.06884
G0 F12000 X159.988 Y105.116
G1 F2400 X162.867 Y107.996 E796.15011
G0 F12000 X162.302 Y107.996
G1 F2400 X159.422 Y105.116 E796.23139
G0 F12000 X158.856 Y105.116
G1 F2400 X161.736 Y107.996 E796.31267
G0 F12000 X161.17 Y107.996
G1 F2400 X158.291 Y105.116 E796.39393
G0 F12000 X157.725 Y105.116
G1 F2400 X160.604 Y107.996 E796.4752
G0 F12000 X160.039 Y107.996
G1 F2400 X157.159 Y105.116 E796.55648
G0 F12000 X156.594 Y105.116
G1 F2400 X159.473 Y107.996 E796.63774
G0 F12000 X158.907 Y107.996
G1 F2400 X156.028 Y105.116 E796.71901
G0 F12000 X155.462 Y105.116
G1 F2400 X158.342 Y107.996 E796.80029
G0 F12000 X157.776 Y107.996
G1 F2400 X154.897 Y105.116 E796.88155
G0 F12000 X154.331 Y105.116
G1 F2400 X157.21 Y107.996 E796.96282
G0 F12000 X156.645 Y107.996
G1 F2400 X153.765 Y105.116 E797.0441
G0 F12000 X153.2 Y105.116
G1 F2400 X156.079 Y107.996 E797.12537
G0 F12000 X155.513 Y107.996
G1 F2400 X152.634 Y105.116 E797.20663
G0 F12000 X152.068 Y105.116
G1 F2400 X154.948 Y107.996 E797.28791
G0 F12000 X154.382 Y107.996
G1 F2400 X151.503 Y105.116 E797.36918
G0 F12000 X150.937 Y105.116
G1 F2400 X153.816 Y107.996 E797.45044
G0 F12000 X153.251 Y107.996
G1 F2400 X150.371 Y105.116 E797.53172
G0 F12000 X149.806 Y105.116
G1 F2400 X152.685 Y107.996 E797.61299
G0 F12000 X152.119 Y107.996
G1 F2400 X149.24 Y105.116 E797.69425
G0 F12000 X148.674 Y105.116
G1 F2400 X151.553 Y107.996 E797.77552
G0 F12000 X150.988 Y107.996
G1 F2400 X148.108 Y105.116 E797.8568
G0 F12000 X147.783 Y105.357
G1 F2400 X150.422 Y107.996 E797.93128
G0 F12000 X149.856 Y107.996
G1 F2400 X147.782 Y105.922 E797.98981
G0 F12000 X147.782 Y106.487
G1 F2400 X149.291 Y107.996 E798.0324
G0 F12000 X148.725 Y107.996
G1 F2400 X147.782 Y107.052 E798.05903
G0 F12000 X147.781 Y107.617
G1 F2400 X148.159 Y107.996 E798.06971
G1 F1500 E791.56971
;MESH:NONMESH
G0 F300 X148.159 Y107.996 Z1.92
G0 F12000 X148.159 Y108.456
G0 X147.394 Y108.384
G0 X146.655 Y104.551
G0 X146.655 Y102.891
G0 X144.286 Y102.891
G0 X144.286 Y103.556
;TIME_ELAPSED:1441.398256
;LAYER:15
;TYPE:SUPPORT-INTERFACE
G1 F1500 E798.06971
G1 F2400 X145.078 Y104.348 E798.09206
G1 F1500 E791.59206
G0 F12000 X145.079 Y106.086
G1 F1500 E798.09206
G1 F2400 X144.35 Y106.814 E798.11262
G0 F12000 X144.35 Y107.015
G1 F2400 X145.076 Y107.741 E798.13311
G1 F1500 E791.63311
G0 F12000 X145.072 Y109.486
G1 F1500 E798.13311
G1 F2400 X145.003 Y109.556 E798.13507
G1 F1500 E791.63507
G0 F12000 X145.003 Y110.221
G0 X166.273 Y110.221
G0 X166.273 Y108.65
G1 F1500 E798.13507
G1 F2400 X167.164 Y107.76 E798.1602
G0 F12000 X166.272 Y108.572
G1 F2400 X167.164 Y109.464 E798.18538
G1 F1500 E791.68538
G0 F12000 X167.829 Y109.466
G0 X167.815 Y106.874
G0 X167.664 Y105.907
G0 X166.999 Y105.905
G1 F1500 E798.18538
G1 F2400 X166.264 Y105.17 E798.20612
G1 X166.266 Y105.263
G1 X167.003 Y104.526 E798.22692
G1 F1500 E791.72692
G0 F12000 X167.656 Y104.845
G0 X167.776 Y102.903
G0 X143.57 Y102.903
G0 X142.999 Y104.153
G0 X142.864 Y104.732
G0 X142.857 Y105.351
G0 X143.062 Y106.435
G0 X144.35 Y106.814
G1 F1500 E798.22692
G1 F2400 X143.584 Y107.581 E798.24855
G0 F12000 X144.352 Y107.016
G1 F2400 X143.799 Y106.464 E798.26414
G1 F1500 E791.76414
G0 F12000 X143.113 Y106.263
G0 X142.84 Y107.369
G0 X143.036 Y108.174
G0 X152.619 Y145.37
G0 X152.798 Y146.01
G1 F1500 E798.26414
G1 F2400 X157.558 Y150.769 E798.39847
G0 F12000 X157.348 Y151.516
G1 F2400 X155.294 Y153.57 E798.45644
G0 F12000 X156.288 Y152.894
G1 F2400 X150.697 Y147.303 E798.61423
G1 F1500 E792.11423
G0 F12000 X149.853 Y148.829
G1 F1500 E798.61423
G1 F2400 X152.624 Y146.058 E798.69243
G1 F1500 E792.19243
G0 F12000 X152.445 Y145.419
G0 X153.673 Y145.075
G0 X155.912 Y145.702
G0 X155.734 Y146.342
G1 F1500 E798.69243
G1 F2400 X150.161 Y151.915 E798.84971
G1 F1500 E792.34971
G0 F12000 X149.62 Y149.62
G1 F1500 E798.84971
G1 F2400 X153.946 Y153.946 E798.9718
G1 F1500 E792.4718
G0 F12000 X151.949 Y153.521
G1 F1500 E798.9718
G1 F2400 X157.3 Y148.17 E799.12282
G1 F1500 E792.62282
;MESH:9VBatteryHolder_v2.stl
G0 F12000 X157.938 Y147.983
G0 X158.493 Y149.888
G0 X157.3 Y155.891
G0 X157.3 Y156.986
G0 X168.846 Y157.549
;TYPE:WALL-INNER
G1 F1500 E799.12282
G1 F2352.9 X168.672 Y157.556 E799.12636
G1 F2400 X142.672 Y157.556 E799.64522
G0 F12000 X141.975 Y157.253
G1 F2436.5 X141.679 Y156.73 E799.65703
G1 X141.658 Y157.57 E799.67355
G1 F2487 X142.672 Y157.556 E799.69308
G1 X141.975 Y157.253 E799.70771
G0 F12000 X141.679 Y156.73
G1 F2352.9 X141.672 Y156.556 E799.71126
G1 F2400 X141.672 Y112.556 E800.58933
G1 F1500 E794.08933
G0 F12000 X141.835 Y157.394
G0 X169.511 Y157.394
G0 X169.672 Y112.556
G1 F1500 E800.58933
G1 F2400 X169.672 Y156.556 E801.46739
G1 F2358.7 X169.665 Y156.73 E801.47093
G0 F12000 X169.369 Y157.253
G1 F2436.5 X168.846 Y157.549 E801.48274
G1 X169.686 Y157.57 E801.49926
G1 F2442.7 X169.665 Y156.73 E801.51573
G1 X169.369 Y157.253 E801.52752
G0 F12000 X169.096 Y156.98
G1 F2400 X168.761 Y157.156 E801.53507
G1 X142.672 Y157.156 E802.0557
G1 X142.247 Y156.981 E802.06488
G1 X142.072 Y156.645 E802.07244
G1 X142.072 Y112.156 E802.96026
G1 X141.272 Y112.156 E802.97623
G1 X141.273 Y157.955 E803.8902
G1 X170.072 Y157.956 E804.46491
G1 X170.072 Y112.156 E805.3789
G1 X169.272 Y112.156 E805.39486
G1 X169.272 Y156.645 E806.28269
G1 X169.096 Y156.98 E806.29024
G0 F12000 X168.87 Y156.591
;TYPE:WALL-OUTER
G1 F2400 X168.814 Y156.698 E806.29265
G1 X168.707 Y156.754 E806.29506
G1 X142.672 Y156.756 E806.81462
G1 X142.53 Y156.698 E806.81768
G1 X142.474 Y156.591 E806.82009
G1 X142.472 Y111.756 E807.71482
G1 X140.872 Y111.756 E807.74675
G1 X140.873 Y158.355 E808.67668
G1 X170.472 Y158.356 E809.26736
G1 X170.472 Y111.756 E810.19732
G1 X168.872 Y111.756 E810.22925
G1 X168.87 Y156.591 E811.12398
G1 F1500 E804.62398
G0 F12000 X169.183 Y156.591
G0 X169.097 Y111.98
G0 X168.008 Y111.98
G0 X164.96 Y110.221
G0 X164.96 Y109.132
G0 X164.396 Y106.404
;TYPE:WALL-INNER
G1 F1500 E811.12398
G1 F2400 X164.388 Y104.556 E811.16086
G1 X146.952 Y104.556 E811.50881
G1 X146.948 Y106.416 E811.54593
G1 X146.957 Y108.556 E811.58864
G1 X164.385 Y108.556 E811.93643
G1 X164.396 Y106.404 E811.97938
G0 F12000 X164.796 Y106.402
G1 F2400 X164.788 Y104.542 E812.0165
G1 X164.797 Y104.159 E812.02414
G1 X146.546 Y104.156 E812.38836
G1 X146.558 Y108.956 E812.48415
G1 X164.783 Y108.956 E812.84785
G1 X164.796 Y106.402 E812.89882
G0 F12000 X165.196 Y106.4
;TYPE:WALL-OUTER
G1 F2400 X165.188 Y104.554 E812.93566
G1 X165.199 Y104.143 E812.94386
G1 X165.183 Y103.757 E812.95157
G1 X146.161 Y103.756 E813.33118
G1 X146.145 Y104.178 E813.3396
G1 X146.152 Y104.549 E813.34701
G1 X146.148 Y106.419 E813.38433
G1 X146.16 Y109.356 E813.44294
G1 X165.181 Y109.356 E813.82252
G1 X165.196 Y106.4 E813.88151
G0 F12000 X164.886 Y106.412
G0 X164.296 Y106.393
G0 X164.036 Y106.393
;TYPE:SKIN
G1 F2400 X164.025 Y108.195 E813.91747
G1 X147.316 Y108.196 E814.25092
G1 X147.313 Y104.916 E814.31638
G1 X164.028 Y104.916 E814.64994
G1 X164.036 Y106.393 E814.67942
G0 F12000 X164.296 Y106.393
G0 X164.214 Y108.384
G0 X163.534 Y108.456
G0 X163.534 Y107.995
G1 F2400 X163.827 Y107.702 E814.68769
G0 F12000 X163.831 Y107.132
G1 F2400 X162.968 Y107.995 E814.71204
G0 F12000 X162.403 Y107.995
G1 F2400 X163.835 Y106.563 E814.75246
G0 F12000 X163.833 Y105.999
G1 F2400 X161.837 Y107.995 E814.80879
G0 F12000 X161.271 Y107.995
G1 F2400 X163.83 Y105.436 E814.88101
G0 F12000 X163.584 Y105.116
G1 F2400 X160.706 Y107.995 E814.96225
G0 F12000 X160.14 Y107.995
G1 F2400 X163.019 Y105.116 E815.0435
G0 F12000 X162.453 Y105.116
G1 F2400 X159.573 Y107.996 E815.12478
G0 F12000 X159.008 Y107.996
G1 F2400 X161.887 Y105.116 E815.20604
G0 F12000 X161.321 Y105.116
G1 F2400 X158.442 Y107.996 E815.28731
G0 F12000 X157.876 Y107.996
G1 F2400 X160.756 Y105.116 E815.36859
G0 F12000 X160.19 Y105.116
G1 F2400 X157.311 Y107.996 E815.44985
G0 F12000 X156.745 Y107.996
G1 F2400 X159.624 Y105.116 E815.53112
G0 F12000 X159.059 Y105.116
G1 F2400 X156.179 Y107.996 E815.6124
G0 F12000 X155.614 Y107.996
G1 F2400 X158.493 Y105.116 E815.69367
G0 F12000 X157.927 Y105.116
G1 F2400 X155.048 Y107.996 E815.77493
G0 F12000 X154.482 Y107.996
G1 F2400 X157.362 Y105.116 E815.85621
G0 F12000 X156.796 Y105.116
G1 F2400 X153.917 Y107.996 E815.93748
G0 F12000 X153.351 Y107.996
G1 F2400 X156.23 Y105.116 E816.01874
G0 F12000 X155.665 Y105.116
G1 F2400 X152.785 Y107.996 E816.10002
G0 F12000 X152.22 Y107.996
G1 F2400 X155.099 Y105.116 E816.18129
G0 F12000 X154.533 Y105.116
G1 F2400 X151.654 Y107.996 E816.26255
G0 F12000 X151.088 Y107.996
G1 F2400 X153.968 Y105.116 E816.34383
G0 F12000 X153.402 Y105.116
G1 F2400 X150.523 Y107.996 E816.4251
G0 F12000 X149.957 Y107.996
G1 F2400 X152.836 Y105.116 E816.50637
G0 F12000 X152.27 Y105.116
G1 F2400 X149.391 Y107.996 E816.58763
G0 F12000 X148.825 Y107.996
G1 F2400 X151.705 Y105.116 E816.66891
G0 F12000 X151.139 Y105.116
G1 F2400 X148.26 Y107.996 E816.75018
G0 F12000 X147.694 Y107.996
G1 F2400 X150.573 Y105.116 E816.83144
G0 F12000 X150.008 Y105.116
G1 F2400 X147.516 Y107.608 E816.90177
G0 F12000 X147.515 Y107.043
G1 F2400 X149.442 Y105.116 E816.95616
G0 F12000 X148.876 Y105.116
G1 F2400 X147.514 Y106.478 E816.99459
G0 F12000 X147.514 Y105.913
G1 F2400 X148.311 Y105.116 E817.01709
G0 F12000 X147.745 Y105.116
G1 F2400 X147.514 Y105.348 E817.02362
G1 F1500 E810.52362
;MESH:NONMESH
G0 F300 X147.514 Y105.348 Z2.04
G0 F12000 X147.052 Y105.348
G0 X147.124 Y104.728
G0 X164.971 Y104.173
G0 X166.742 Y104.082
;TIME_ELAPSED:1487.503555
;LAYER:16
;TYPE:SUPPORT-INTERFACE
G1 F1500 E817.02362
G1 F1711.2 X166.733 Y104.135 E817.02513
G1 F1860.5 X166.759 Y105.765 E817.06709
G1 F1893.5 X166.729 Y105.894 E817.07044
G1 F1794.4 X166.725 Y107.256 E817.1068
G1 F1500 E810.6068
G0 F12000 X167.648 Y106.874
G0 X167.814 Y110.209
G0 X143.534 Y110.209
G0 X142.946 Y107.597
G0 X143.088 Y106.998
G0 X143.224 Y106.735
G0 X144.617 Y107.21
G1 F1500 E817.1068
G1 F1771.2 X144.614 Y106.067 E817.1377
G1 F1864.1 X144.584 Y105.938 E817.14111
G1 F1842.6 X144.611 Y104.124 E817.18826
G1 F1720.4 X144.605 Y104.079 E817.18953
G1 F1500 E810.68953
G0 F12000 X145.041 Y103.149
G0 X143.569 Y102.903
G0 X143.124 Y104.007
G0 X142.923 Y104.748
G0 X142.945 Y105.38
G0 X143.224 Y106.735
G0 X144.817 Y107.482
G1 F1500 E817.18953
G1 F2400 X144.89 Y107.554 E817.19157
G1 F1500 E810.69157
G0 F12000 X143.523 Y108.829
G0 X143.534 Y110.209
G0 X167.814 Y110.209
G0 X167.832 Y108.473
G0 X166.454 Y108.469
G1 F1500 E817.19157
G1 F2400 X167.164 Y107.76 E817.2116
G0 F12000 X166.452 Y108.752
G1 F2400 X167.164 Y109.464 E817.23169
G1 F1500 E810.73169
G0 F12000 X167.164 Y110.221
G0 X143.534 Y110.209
G0 X142.946 Y107.597
G0 X142.95 Y105.735
G0 X143.048 Y105.196
G0 X143.982 Y104.743
G1 F1500 E817.23169
G1 F1383.3 X144.045 Y105.198 E817.24759
G1 F1407.6 X143.997 Y105.547 E817.25958
G1 F1500 E810.75958
G0 F12000 X143.905 Y107.609
G1 F1500 E817.25958
G1 F1742.3 X143.987 Y107.281 E817.26888
G1 F1684.2 X144.059 Y107.214 E817.27167
G1 F1955.2 X144.152 Y106.909 E817.27948
G1 F2280.3 X144.127 Y106.678 E817.28436
G1 F2689.1 X144.214 Y106.355 E817.29032
G1 F1500 E810.79032
G0 F12000 X143.284 Y106.427
G0 X142.946 Y107.597
G0 X143.422 Y109.713
G0 X152.631 Y145.382
G0 X152.81 Y146.022
G1 F1500 E817.29032
G1 F2400 X157.547 Y150.759 E817.42401
G0 F12000 X157.328 Y151.536
G1 F2400 X155.314 Y153.55 E817.48085
G0 F12000 X156.278 Y152.884
G1 F2400 X150.707 Y147.313 E817.63807
G1 F1500 E811.13807
G0 F12000 X149.873 Y148.809
G1 F1500 E817.63807
G1 F2400 X152.604 Y146.078 E817.71515
G1 F1500 E811.21515
G0 F12000 X152.425 Y145.439
G0 X153.673 Y145.09
G0 X155.901 Y145.713
G0 X155.723 Y146.353
G1 F1500 E817.71515
G1 F2400 X150.17 Y151.906 E817.87187
G1 F1500 E811.37187
G0 F12000 X149.632 Y149.632
G1 F1500 E817.87187
G1 F2400 X153.936 Y153.936 E817.99334
G1 F1500 E811.49334
G0 F12000 X151.959 Y153.511
G1 F1500 E817.99334
G1 F2400 X157.289 Y148.181 E818.14376
G1 F1500 E811.64376
;MESH:9VBatteryHolder_v2.stl
G0 F12000 X157.927 Y147.994
G0 X158.479 Y149.888
G0 X157.289 Y155.891
G0 X157.289 Y156.986
G0 X168.846 Y157.549
;TYPE:WALL-INNER
G1 F1500 E818.14376
G1 F2352.9 X168.672 Y157.556 E818.1473
G1 F2400 X142.672 Y157.556 E818.66616
G0 F12000 X141.975 Y157.253
G1 F2436.5 X141.679 Y156.73 E818.67797
G1 X141.658 Y157.57 E818.69449
G1 F2487 X142.672 Y157.556 E818.71402
G1 X141.975 Y157.253 E818.72866
G0 F12000 X141.679 Y156.73
G1 F2352.9 X141.672 Y156.556 E818.7322
G1 F2400 X141.672 Y112.556 E819.61027
G1 F1500 E813.11027
G0 F12000 X141.835 Y157.394
G0 X169.511 Y157.394
G0 X169.672 Y112.556
G1 F1500 E819.61027
G1 F2400 X169.672 Y156.556 E820.48834
G1 F2358.7 X169.665 Y156.73 E820.49187
G0 F12000 X169.369 Y157.253
G1 F2436.5 X168.846 Y157.549 E820.50369
G1 X169.686 Y157.57 E820.5202
G1 F2442.7 X169.665 Y156.73 E820.53668
G1 X169.369 Y157.253 E820.54846
G0 F12000 X169.096 Y156.98
G1 F2400 X168.761 Y157.156 E820.55601
G1 X142.672 Y157.156 E821.07665
G1 X142.247 Y156.981 E821.08582
G1 X142.072 Y156.645 E821.09338
G1 X142.072 Y112.156 E821.9812
G1 X141.272 Y112.156 E821.99717
G1 X141.273 Y157.955 E822.91114
G1 X170.072 Y157.956 E823.48585
G1 X170.072 Y112.156 E824.39984
G1 X169.272 Y112.156 E824.41581
G1 X169.272 Y156.645 E825.30363
G1 X169.096 Y156.98 E825.31118
G0 F12000 X168.87 Y156.591
;TYPE:WALL-OUTER
G1 F2400 X168.814 Y156.698 E825.31359
G1 X168.707 Y156.754 E825.316
G1 X142.672 Y156.756 E825.83556
G1 X142.53 Y156.698 E825.83862
G1 X142.474 Y156.591 E825.84103
G1 X142.472 Y111.756 E826.73576
G1 X140.872 Y111.756 E826.76769
G1 X140.873 Y158.355 E827.69763
G1 X170.472 Y158.356 E828.28831
G1 X170.472 Y111.756 E829.21826
G1 X168.872 Y111.756 E829.25019
G1 X168.87 Y156.591 E830.14492
G1 F1500 E823.64492
G0 F12000 X169.183 Y156.591
G0 X169.097 Y111.98
G0 X168.008 Y111.98
G0 X165.224 Y110.221
G0 X165.224 Y109.132
G0 X164.647 Y108.555
;TYPE:WALL-INNER
G1 F1500 E830.14492
G1 F2400 X164.662 Y104.557 E830.2247
G1 X146.677 Y104.556 E830.58362
G1 X146.692 Y108.556 E830.66344
G1 X164.647 Y108.555 E831.02175
G0 F12000 X165.046 Y108.955
G1 F2400 X165.064 Y104.157 E831.1175
G1 X146.286 Y104.156 E831.49224
G1 X146.276 Y104.407 E831.49725
G1 X146.294 Y108.956 E831.58803
G1 X165.046 Y108.955 E831.96225
G1 F1500 E825.46225
G0 F12000 X164.769 Y108.676
G0 X165.155 Y104.382
G0 X165.463 Y104.372
;TYPE:WALL-OUTER
G1 F1500 E831.96225
G1 F2400 X165.442 Y103.757 E831.97453
G1 X145.901 Y103.756 E832.36449
G1 X145.876 Y104.4 E832.37735
G1 X145.896 Y109.356 E832.47625
G1 X165.444 Y109.355 E832.86635
G1 X165.463 Y104.372 E832.9658
G0 F12000 X165.155 Y104.382
G0 X164.548 Y108.192
G0 X164.288 Y108.191
;TYPE:SKIN
G1 F2400 X147.048 Y108.196 E833.30984
G1 X147.037 Y104.916 E833.3753
G1 X164.299 Y104.917 E833.71978
G1 X164.288 Y108.191 E833.78511
G0 F12000 X164.548 Y108.192
G0 X164.559 Y105.269
G0 X164.098 Y105.267
G1 F2400 X163.948 Y105.117 E833.78935
G0 F12000 X163.383 Y105.117
G1 F2400 X164.096 Y105.831 E833.80948
G0 F12000 X164.095 Y106.395
G1 F2400 X162.817 Y105.117 E833.84555
G0 F12000 X162.251 Y105.117
G1 F2400 X164.093 Y106.958 E833.89752
G0 F12000 X164.091 Y107.523
G1 F2400 X161.686 Y105.117 E833.96541
G0 F12000 X161.12 Y105.117
G1 F2400 X163.994 Y107.991 E834.04652
G0 F12000 X163.429 Y107.991
G1 F2400 X160.554 Y105.117 E834.12765
G0 F12000 X159.989 Y105.117
G1 F2400 X162.863 Y107.991 E834.20876
G0 F12000 X162.297 Y107.991
G1 F2400 X159.423 Y105.117 E834.28987
G0 F12000 X158.857 Y105.117
G1 F2400 X161.732 Y107.991 E834.37099
G0 F12000 X161.167 Y107.992
G1 F2400 X158.292 Y105.117 E834.45213
G0 F12000 X157.726 Y105.117
G1 F2400 X160.601 Y107.992 E834.53327
G0 F12000 X160.035 Y107.992
G1 F2400 X157.16 Y105.117 E834.61441
G0 F12000 X156.594 Y105.117
G1 F2400 X159.47 Y107.992 E834.69556
G0 F12000 X158.904 Y107.992
G1 F2400 X156.029 Y105.117 E834.7767
G0 F12000 X155.462 Y105.116
G1 F2400 X158.339 Y107.993 E834.8579
G0 F12000 X157.773 Y107.993
G1 F2400 X154.897 Y105.116 E834.93908
G0 F12000 X154.331 Y105.116
G1 F2400 X157.208 Y107.993 E835.02027
G0 F12000 X156.642 Y107.993
G1 F2400 X153.765 Y105.116 E835.10147
G0 F12000 X153.2 Y105.116
G1 F2400 X156.076 Y107.993 E835.18265
G0 F12000 X155.511 Y107.994
G1 F2400 X152.634 Y105.116 E835.26386
G0 F12000 X152.068 Y105.116
G1 F2400 X154.945 Y107.994 E835.34507
G0 F12000 X154.38 Y107.994
G1 F2400 X151.503 Y105.116 E835.42628
G0 F12000 X150.937 Y105.116
G1 F2400 X153.814 Y107.994 E835.50748
G0 F12000 X153.248 Y107.994
G1 F2400 X150.371 Y105.116 E835.58869
G0 F12000 X149.806 Y105.116
G1 F2400 X152.683 Y107.994 E835.6699
G0 F12000 X152.118 Y107.994
G1 F2400 X149.24 Y105.116 E835.75113
G0 F12000 X148.674 Y105.116
G1 F2400 X151.552 Y107.994 E835.83235
G0 F12000 X150.986 Y107.994
G1 F2400 X148.108 Y105.116 E835.91357
G0 F12000 X147.543 Y105.116
G1 F2400 X150.421 Y107.994 E835.9948
G0 F12000 X149.856 Y107.995
G1 F2400 X147.239 Y105.378 E836.06865
G0 F12000 X147.24 Y105.945
G1 F2400 X149.29 Y107.995 E836.12651
G0 F12000 X148.724 Y107.995
G1 F2400 X147.242 Y106.513 E836.16833
G0 F12000 X147.244 Y107.08
G1 F2400 X148.159 Y107.995 E836.19416
G0 F12000 X147.593 Y107.995
G1 F2400 X147.246 Y107.648 E836.20395
G1 F1500 E829.70395
;MESH:NONMESH
G0 F300 X147.246 Y107.648 Z2.16
G0 F12000 X146.789 Y107.649
G0 X146.864 Y108.384
G0 X164.476 Y108.383
G0 X165.224 Y107.694
G0 X166.986 Y107.702
;TIME_ELAPSED:1535.577633
;LAYER:17
;TYPE:SUPPORT-INTERFACE
G1 F1500 E836.20395
G1 F2704.2 X166.982 Y109.378 E836.23363
G1 F1500 E829.73363
G0 F12000 X166.982 Y110.221
G0 X144.361 Y110.221
G0 X144.361 Y109.378
G1 F1500 E836.23363
G1 F2704.2 X144.357 Y107.656 E836.26413
G1 F1500 E829.76413
G0 F12000 X143.694 Y106.801
G0 X143.248 Y106.313
G0 X143.083 Y105.748
G0 X143.216 Y105.293
G0 X144.133 Y104.489
G1 F1500 E836.26413
G1 F1739.1 X144.099 Y104.549 E836.26603
G1 X144.03 Y104.549 E836.26793
G1 X143.995 Y104.489 E836.26985
G1 X144.029 Y104.429 E836.27174
G1 X144.098 Y104.429 E836.27365
G1 X144.133 Y104.489 E836.27556
G0 F12000 X144.135 Y105.747
G1 F1708.2 X144.1 Y105.808 E836.27753
G1 X144.03 Y105.808 E836.27949
G1 X143.995 Y105.747 E836.28146
G1 X144.03 Y105.686 E836.28344
G1 X144.1 Y105.686 E836.2854
G1 X144.135 Y105.747 E836.28737
G1 F1500 E829.78737
G0 F12000 X144.012 Y107.797
G1 F1500 E836.28737
G1 F2152.5 X143.985 Y107.845 E836.2886
G1 X143.93 Y107.845 E836.28982
G1 X143.902 Y107.797 E836.29106
G1 X143.929 Y107.749 E836.29228
G1 X143.984 Y107.749 E836.29351
G1 X144.012 Y107.797 E836.29474
G1 F1500 E829.79474
G0 F12000 X143.518 Y108.676
G0 X143.534 Y110.209
G0 X152.642 Y145.393
G0 X152.821 Y146.032
G1 F1500 E836.29474
G1 F2400 X157.536 Y150.747 E836.42781
G0 F12000 X157.309 Y151.555
G1 F2400 X155.333 Y153.531 E836.48358
G0 F12000 X156.269 Y152.875
G1 F2400 X150.716 Y147.322 E836.64029
G1 F1500 E830.14029
G0 F12000 X149.891 Y148.791
G1 F1500 E836.64029
G1 F2400 X152.584 Y146.098 E836.7163
G1 F1500 E830.2163
G0 F12000 X152.405 Y145.459
G0 X153.673 Y145.104
G0 X155.89 Y145.724
G0 X155.712 Y146.364
G1 F1500 E836.7163
G1 F2400 X150.18 Y151.896 E836.87242
G1 F1500 E830.37242
G0 F12000 X149.642 Y149.642
G1 F1500 E836.87242
G1 F2400 X153.924 Y153.924 E836.99327
G1 F1500 E830.49327
G0 F12000 X151.971 Y153.499
G1 F1500 E836.99327
G1 F2400 X157.279 Y148.191 E837.14307
G1 F1500 E830.64307
;MESH:9VBatteryHolder_v2.stl
G0 F12000 X157.918 Y148.005
G0 X158.465 Y149.889
G0 X157.279 Y155.891
G0 X157.279 Y156.986
G0 X168.846 Y157.549
;TYPE:WALL-INNER
G1 F1500 E837.14307
G1 F2352.9 X168.672 Y157.556 E837.14662
G1 F2400 X142.672 Y157.556 E837.66548
G0 F12000 X141.975 Y157.253
G1 F2436.5 X141.679 Y156.73 E837.67729
G1 X141.658 Y157.57 E837.6938
G1 F2487 X142.672 Y157.556 E837.71333
G1 X141.975 Y157.253 E837.72797
G0 F12000 X141.679 Y156.73
G1 F2352.9 X141.672 Y156.556 E837.73151
G1 F2400 X141.672 Y112.556 E838.60958
G1 F1500 E832.10958
G0 F12000 X141.835 Y157.394
G0 X169.511 Y157.394
G0 X169.672 Y112.556
G1 F1500 E838.60958
G1 F2400 X169.672 Y156.556 E839.48765
G1 F2358.7 X169.665 Y156.73 E839.49119
G0 F12000 X169.369 Y157.253
G1 F2436.5 X168.846 Y157.549 E839.503
G1 X169.686 Y157.57 E839.51952
G1 F2442.7 X169.665 Y156.73 E839.53599
G1 X169.369 Y157.253 E839.54777
G0 F12000 X169.096 Y156.98
G1 F2400 X168.761 Y157.156 E839.55532
G1 X142.672 Y157.156 E840.07596
G1 X142.247 Y156.981 E840.08513
G1 X142.072 Y156.645 E840.09269
G1 X142.072 Y112.156 E840.98052
G1 X141.272 Y112.156 E840.99648
G1 X141.273 Y157.955 E841.91045
G1 X170.072 Y157.956 E842.48517
G1 X170.072 Y112.156 E843.39915
G1 X169.272 Y112.156 E843.41512
G1 X169.272 Y156.645 E844.30295
G1 X169.096 Y156.98 E844.3105
G0 F12000 X168.87 Y156.591
;TYPE:WALL-OUTER
G1 F2400 X168.814 Y156.698 E844.31291
G1 X168.707 Y156.754 E844.31532
G1 X142.672 Y156.756 E844.83487
G1 X142.53 Y156.698 E844.83793
G1 X142.474 Y156.591 E844.84034
G1 X142.472 Y111.756 E845.73508
G1 X140.872 Y111.756 E845.76701
G1 X140.873 Y158.355 E846.69694
G1 X170.472 Y158.356 E847.28762
G1 X170.472 Y111.756 E848.21757
G1 X168.872 Y111.756 E848.2495
G1 X168.87 Y156.591 E849.14423
G1 F1500 E842.64423
G0 F12000 X169.183 Y156.591
G0 X169.097 Y111.98
G0 X168.008 Y111.98
G0 X165.489 Y110.221
G0 X165.489 Y109.132
G0 X146.602 Y108.384
G0 X146.424 Y107.444
;TYPE:WALL-INNER
G1 F1500 E849.14423
G1 F2400 X146.431 Y108.556 E849.16642
G1 X164.913 Y108.555 E849.53525
G1 X164.909 Y104.556 E849.61506
G1 X146.436 Y104.556 E849.98371
G1 X146.424 Y107.444 E850.04134
G0 F12000 X146.024 Y107.446
G1 F2400 X146.033 Y108.956 E850.07147
G1 X165.312 Y108.955 E850.45621
G1 X165.308 Y104.537 E850.54437
G1 X165.315 Y104.157 E850.55196
G1 X146.02 Y104.156 E850.93701
G1 X146.036 Y104.522 E850.94432
G1 X146.024 Y107.446 E851.00267
G0 F12000 X145.624 Y107.448
;TYPE:WALL-OUTER
G1 F2400 X145.635 Y109.356 E851.04075
G1 X165.712 Y109.355 E851.44141
G1 X165.708 Y104.552 E851.53726
G1 X165.719 Y104.23 E851.54369
G1 X165.699 Y103.757 E851.55313
G1 X145.645 Y103.756 E851.95333
G1 X145.625 Y104.271 E851.96362
G1 X145.636 Y104.549 E851.96917
G1 X145.624 Y107.448 E852.02702
G0 F12000 X145.936 Y107.442
G0 X146.349 Y108.639
G0 X164.996 Y108.637
G0 X164.813 Y108.192
G0 X164.551 Y108.192
;TYPE:SKIN
G1 F2400 X146.787 Y108.196 E852.38152
G1 X146.792 Y104.916 E852.44698
G1 X164.548 Y104.916 E852.80132
G1 X164.551 Y108.192 E852.8667
G0 F12000 X164.102 Y107.993
G1 F2400 X164.351 Y107.744 E852.87372
G0 F12000 X164.35 Y107.179
G1 F2400 X163.536 Y107.993 E852.8967
G0 F12000 X162.97 Y107.993
G1 F2400 X164.349 Y106.614 E852.93562
G0 F12000 X164.349 Y106.049
G1 F2400 X162.405 Y107.993 E852.99048
G0 F12000 X161.839 Y107.993
G1 F2400 X164.348 Y105.484 E853.06129
G0 F12000 X164.15 Y105.116
G1 F2400 X161.273 Y107.994 E853.1425
G0 F12000 X160.707 Y107.994
G1 F2400 X163.584 Y105.116 E853.22371
G0 F12000 X163.019 Y105.116
G1 F2400 X160.141 Y107.994 E853.30493
G0 F12000 X159.576 Y107.994
G1 F2400 X162.453 Y105.116 E853.38614
G0 F12000 X161.887 Y105.116
G1 F2400 X159.01 Y107.994 E853.46735
G0 F12000 X158.444 Y107.994
G1 F2400 X161.321 Y105.116 E853.54856
G0 F12000 X160.756 Y105.116
G1 F2400 X157.878 Y107.994 E853.62978
G0 F12000 X157.312 Y107.994
G1 F2400 X160.19 Y105.116 E853.711
G0 F12000 X159.624 Y105.116
G1 F2400 X156.746 Y107.994 E853.79223
G0 F12000 X156.181 Y107.994
G1 F2400 X159.059 Y105.116 E853.87345
G0 F12000 X158.493 Y105.116
G1 F2400 X155.614 Y107.995 E853.9547
G0 F12000 X155.049 Y107.995
G1 F2400 X157.927 Y105.116 E854.03594
G0 F12000 X157.362 Y105.116
G1 F2400 X154.483 Y107.995 E854.11719
G0 F12000 X153.917 Y107.995
G1 F2400 X156.796 Y105.116 E854.19844
G0 F12000 X156.23 Y105.116
G1 F2400 X153.352 Y107.995 E854.27968
G0 F12000 X152.786 Y107.995
G1 F2400 X155.665 Y105.116 E854.36093
G0 F12000 X155.099 Y105.116
G1 F2400 X152.22 Y107.996 E854.4422
G0 F12000 X151.654 Y107.996
G1 F2400 X154.533 Y105.116 E854.52346
G0 F12000 X153.968 Y105.116
G1 F2400 X151.088 Y107.996 E854.60474
G0 F12000 X150.523 Y107.996
G1 F2400 X153.402 Y105.116 E854.68601
G0 F12000 X152.836 Y105.116
G1 F2400 X149.957 Y107.996 E854.76728
G0 F12000 X149.39 Y107.996
G1 F2400 X152.27 Y105.116 E854.84856
G0 F12000 X151.705 Y105.116
G1 F2400 X148.825 Y107.996 E854.92984
G0 F12000 X148.259 Y107.996
G1 F2400 X151.139 Y105.116 E855.01112
G0 F12000 X150.573 Y105.116
G1 F2400 X147.693 Y107.996 E855.09239
G0 F12000 X147.128 Y107.996
G1 F2400 X150.008 Y105.116 E855.17367
G0 F12000 X149.442 Y105.116
G1 F2400 X146.988 Y107.571 E855.24295
G0 F12000 X146.988 Y107.004
G1 F2400 X148.876 Y105.116 E855.29623
G0 F12000 X148.311 Y105.116
G1 F2400 X146.989 Y106.438 E855.33354
G0 F12000 X146.991 Y105.871
G1 F2400 X147.745 Y105.116 E855.35483
G0 F12000 X147.179 Y105.116
G1 F2400 X146.991 Y105.304 E855.36014
G1 F1500 E848.86014
;MESH:NONMESH
G0 F300 X146.991 Y105.304 Z2.28
G0 F12000 X146.534 Y105.302
G0 X146.602 Y108.384
G0 X151.736 Y109.126
G0 X151.736 Y110.221
G0 X151.499 Y145.713
G0 X151.736 Y146.558
;TIME_ELAPSED:1580.619941
;LAYER:18
;TYPE:SUPPORT
G1 F1500 E855.36014
G1 F2400 X153.671 Y146.016 E855.40024
G1 X155.605 Y146.558 E855.44032
G1 X157.013 Y148.039 E855.4811
G1 X157.552 Y149.89 E855.51957
G1 X157.009 Y151.827 E855.55972
G1 X155.607 Y153.229 E855.59929
G1 X153.67 Y153.771 E855.63943
G1 X151.818 Y153.23 E855.67793
G1 X150.334 Y151.746 E855.71981
G1 X149.789 Y149.891 E855.7584
G1 X150.331 Y148.039 E855.7969
G1 X151.736 Y146.558 E855.83764
G1 F1500 E849.33764
;MESH:9VBatteryHolder_v2.stl
G0 F12000 X151.109 Y145.965
G0 X149.564 Y147.596
G0 X148.893 Y149.894
G0 X149.569 Y152.203
G0 X151.736 Y155.891
G0 X151.736 Y156.986
G0 X142.672 Y157.556
;TYPE:WALL-INNER
G1 F1500 E855.83764
G1 F2400 X168.672 Y157.556 E856.3565
G1 F2352.9 X168.846 Y157.549 E856.36005
G0 F12000 X169.369 Y157.253
G1 F2436.5 X168.846 Y157.549 E856.37186
G1 X169.686 Y157.57 E856.38837
G1 F2442.7 X169.665 Y156.73 E856.40485
G1 X169.369 Y157.253 E856.41663
G0 F12000 X169.665 Y156.73
G1 F2358.7 X169.672 Y156.556 E856.42017
G1 F2400 X169.672 Y112.556 E857.29824
G1 F1500 E850.79824
G0 F12000 X169.511 Y157.394
G0 X141.835 Y157.394
G0 X141.672 Y112.556
G1 F1500 E857.29824
G1 F2400 X141.672 Y156.556 E858.1763
G1 F2352.9 X141.679 Y156.73 E858.17985
G0 F12000 X141.975 Y157.253
G1 F2436.5 X141.679 Y156.73 E858.19166
G1 X141.658 Y157.57 E858.20818
G1 F2487 X142.672 Y157.556 E858.22771
G1 X141.975 Y157.253 E858.24234
G0 F12000 X141.763 Y157.253
G0 X169.096 Y157.466
G0 X169.096 Y156.98
G1 F2400 X168.761 Y157.156 E858.24989
G1 X142.672 Y157.156 E858.77053
G1 X142.247 Y156.981 E858.7797
G1 X142.072 Y156.645 E858.78726
G1 X142.072 Y112.156 E859.67509
G1 X141.272 Y112.156 E859.69105
G1 X141.273 Y157.955 E860.60502
G1 X170.072 Y157.956 E861.17974
G1 X170.072 Y112.156 E862.09372
G1 X169.272 Y112.156 E862.10969
G1 X169.272 Y156.645 E862.99752
G1 X169.096 Y156.98 E863.00507
G0 F12000 X168.87 Y156.591
;TYPE:WALL-OUTER
G1 F2400 X168.814 Y156.698 E863.00748
G1 X168.707 Y156.754 E863.00989
G1 X142.672 Y156.756 E863.52944
G1 X142.53 Y156.698 E863.53251
G1 X142.474 Y156.591 E863.53492
G1 X142.472 Y111.756 E864.42965
G1 X140.872 Y111.756 E864.46158
G1 X140.873 Y158.355 E865.39151
G1 X170.472 Y158.356 E865.98219
G1 X170.472 Y111.756 E866.91214
G1 X168.872 Y111.756 E866.94407
G1 X168.87 Y156.591 E867.8388
G1 F1500 E861.3388
G0 F12000 X169.183 Y156.591
G0 X169.097 Y111.98
G0 X168.008 Y111.98
G0 X165.678 Y110.221
G0 X165.678 Y109.132
G0 X165.101 Y108.556
;TYPE:WALL-INNER
G1 F1500 E867.8388
G1 F2400 X165.092 Y104.557 E867.91861
G1 X146.252 Y104.557 E868.29458
G1 X146.243 Y108.555 E868.37437
G1 X165.101 Y108.556 E868.7507
G0 F12000 X165.184 Y104.538
G0 X165.492 Y104.545
G1 F2400 X165.501 Y104.157 E868.75844
G1 X145.843 Y104.157 E869.15074
G1 X145.852 Y104.55 E869.15858
G1 X145.842 Y108.955 E869.24649
G1 X165.502 Y108.956 E869.63883
G1 X165.492 Y104.545 E869.72685
G0 F12000 X165.892 Y104.555
;TYPE:WALL-OUTER
G1 F2400 X165.911 Y103.757 E869.74278
G1 X145.433 Y103.757 E870.15144
G1 X145.452 Y104.549 E870.16725
G1 X145.441 Y109.355 E870.26316
G1 X165.903 Y109.356 E870.6715
G1 X165.892 Y104.555 E870.76731
G0 F12000 X165.584 Y104.548
G0 X165.184 Y108.638
G0 X164.738 Y108.455
G0 X164.739 Y108.196
;TYPE:SKIN
G1 F2400 X146.601 Y108.192 E871.12928
G1 X146.612 Y104.916 E871.19465
G1 X164.728 Y104.916 E871.55618
G1 X164.739 Y108.196 E871.62163
G0 F12000 X164.738 Y108.455
G0 X164.92 Y104.728
G0 X163.948 Y104.656
G0 X163.948 Y105.116
G1 F2400 X164.531 Y105.7 E871.6381
G0 F12000 X164.533 Y106.268
G1 F2400 X163.382 Y105.116 E871.6706
G0 F12000 X162.816 Y105.116
G1 F2400 X164.535 Y106.835 E871.71911
G0 F12000 X164.537 Y107.402
G1 F2400 X162.251 Y105.116 E871.78363
G0 F12000 X161.685 Y105.116
G1 F2400 X164.538 Y107.97 E871.86416
G0 F12000 X163.999 Y107.996
G1 F2400 X161.119 Y105.116 E871.94544
G0 F12000 X160.554 Y105.116
G1 F2400 X163.433 Y107.996 E872.02671
G0 F12000 X162.867 Y107.996
G1 F2400 X159.988 Y105.116 E872.10797
G0 F12000 X159.422 Y105.116
G1 F2400 X162.302 Y107.996 E872.18925
G0 F12000 X161.736 Y107.996
G1 F2400 X158.856 Y105.116 E872.27053
G0 F12000 X158.291 Y105.116
G1 F2400 X161.169 Y107.995 E872.35177
G0 F12000 X160.604 Y107.995
G1 F2400 X157.725 Y105.116 E872.43302
G0 F12000 X157.159 Y105.116
G1 F2400 X160.038 Y107.995 E872.51427
G0 F12000 X159.472 Y107.995
G1 F2400 X156.594 Y105.116 E872.59551
G0 F12000 X156.028 Y105.116
G1 F2400 X158.907 Y107.995 E872.67676
G0 F12000 X158.34 Y107.994
G1 F2400 X155.462 Y105.116 E872.75798
G0 F12000 X154.897 Y105.116
G1 F2400 X157.775 Y107.994 E872.83921
G0 F12000 X157.209 Y107.994
G1 F2400 X154.331 Y105.116 E872.92043
G0 F12000 X153.765 Y105.116
G1 F2400 X156.643 Y107.994 E873.00165
G0 F12000 X156.078 Y107.994
G1 F2400 X153.2 Y105.116 E873.08288
G0 F12000 X152.634 Y105.116
G1 F2400 X155.511 Y107.994 E873.16409
G0 F12000 X154.945 Y107.994
G1 F2400 X152.068 Y105.116 E873.2453
G0 F12000 X151.503 Y105.116
G1 F2400 X154.38 Y107.994 E873.32651
G0 F12000 X153.814 Y107.994
G1 F2400 X150.937 Y105.116 E873.40772
G0 F12000 X150.371 Y105.116
G1 F2400 X153.248 Y107.994 E873.48892
G0 F12000 X152.682 Y107.993
G1 F2400 X149.806 Y105.116 E873.57011
G0 F12000 X149.24 Y105.116
G1 F2400 X152.116 Y107.993 E873.65129
G0 F12000 X151.551 Y107.993
G1 F2400 X148.674 Y105.116 E873.73248
G0 F12000 X148.108 Y105.116
G1 F2400 X150.985 Y107.993 E873.81368
G0 F12000 X150.419 Y107.993
G1 F2400 X147.543 Y105.116 E873.89486
G0 F12000 X146.977 Y105.116
G1 F2400 X149.854 Y107.993 E873.97605
G0 F12000 X149.287 Y107.992
G1 F2400 X146.81 Y105.514 E874.04597
G0 F12000 X146.807 Y106.078
G1 F2400 X148.722 Y107.992 E874.1
G0 F12000 X148.156 Y107.992
G1 F2400 X146.806 Y106.642 E874.1381
G0 F12000 X146.805 Y107.207
G1 F2400 X147.59 Y107.992 E874.16026
G0 F12000 X147.024 Y107.992
G1 F2400 X146.802 Y107.77 E874.16652
G1 F1500 E867.66652
;MESH:NONMESH
G0 F300 X146.802 Y107.77 Z2.4
G0 F12000 X146.346 Y107.769
G0 X146.416 Y108.383
G0 X151.74 Y109.126
G0 X151.74 Y110.221
G0 X151.504 Y145.727
G0 X151.74 Y146.57
;TIME_ELAPSED:1618.256980
;LAYER:19
;TYPE:SUPPORT
G1 F1500 E874.16652
G1 F2400 X153.671 Y146.032 E874.20653
G1 X155.604 Y146.57 E874.24657
G1 X156.993 Y148.043 E874.28697
G1 X157.535 Y149.89 E874.32539
G1 X156.993 Y151.819 E874.36537
G1 X155.599 Y153.217 E874.40477
G1 X153.67 Y153.756 E874.44474
G1 X151.826 Y153.218 E874.48307
G1 X150.346 Y151.738 E874.52484
G1 X149.805 Y149.892 E874.56323
G1 X150.347 Y148.043 E874.60168
G1 X151.74 Y146.57 E874.64214
G1 F1500 E868.14214
;MESH:9VBatteryHolder_v2.stl
G0 F12000 X151.114 Y145.978
G0 X149.58 Y147.601
G0 X148.908 Y149.894
G0 X149.582 Y152.196
G0 X151.74 Y155.891
G0 X151.74 Y156.986
G0 X142.672 Y157.556
;TYPE:WALL-INNER
G1 F1500 E874.64214
G1 F2400 X168.672 Y157.556 E875.161
G1 F2352.9 X168.846 Y157.549 E875.16454
G0 F12000 X169.369 Y157.253
G1 F2436.5 X168.846 Y157.549 E875.17635
G1 X169.686 Y157.57 E875.19287
G1 F2442.7 X169.665 Y156.73 E875.20935
G1 X169.369 Y157.253 E875.22113
G0 F12000 X169.665 Y156.73
G1 F2358.7 X169.672 Y156.556 E875.22467
G1 F2400 X169.672 Y112.556 E876.10273
G1 F1500 E869.60273
G0 F12000 X169.511 Y157.394
G0 X141.835 Y157.394
G0 X141.672 Y112.556
G1 F1500 E876.10273
G1 F2400 X141.672 Y156.556 E876.9808
G1 F2352.9 X141.679 Y156.73 E876.98434
G0 F12000 X141.975 Y157.253
G1 F2436.5 X141.679 Y156.73 E876.99616
G1 X141.658 Y157.57 E877.01267
G1 F2487 X142.672 Y157.556 E877.0322
G1 X141.975 Y157.253 E877.04684
G0 F12000 X141.763 Y157.253
G0 X169.096 Y157.466
G0 X169.096 Y156.98
G1 F2400 X168.761 Y157.156 E877.05439
G1 X142.672 Y157.156 E877.57503
G1 X142.247 Y156.981 E877.5842
G1 X142.072 Y156.645 E877.59176
G1 X142.072 Y112.156 E878.47958
G1 X141.272 Y112.156 E878.49555
G1 X141.273 Y157.955 E879.40952
G1 X170.072 Y157.956 E879.98423
G1 X170.072 Y112.156 E880.89822
G1 X169.272 Y112.156 E880.91419
G1 X169.272 Y156.645 E881.80201
G1 X169.096 Y156.98 E881.80956
G0 F12000 X168.87 Y156.591
;TYPE:WALL-OUTER
G1 F2400 X168.814 Y156.698 E881.81197
G1 X168.707 Y156.754 E881.81438
G1 X142.672 Y156.756 E882.33394
G1 X142.53 Y156.698 E882.337
G1 X142.474 Y156.591 E882.33941
G1 X142.472 Y111.756 E883.23414
G1 X140.872 Y111.756 E883.26607
G1 X140.873 Y158.355 E884.19601
G1 X170.472 Y158.356 E884.78669
G1 X170.472 Y111.756 E885.71664
G1 X168.872 Y111.756 E885.74857
G1 X168.87 Y156.591 E886.6433
G1 F1500 E880.1433
G0 F12000 X169.183 Y156.591
G0 X169.097 Y111.98
G0 X168.008 Y111.98
G0 X165.858 Y110.221
G0 X165.858 Y109.132
G0 X165.282 Y108.555
;TYPE:WALL-INNER
G1 F1500 E886.6433
G1 F2400 X165.272 Y104.557 E886.72308
G1 X146.068 Y104.557 E887.10632
G1 X146.066 Y108.555 E887.18611
G1 X165.282 Y108.555 E887.56958
G0 F12000 X165.366 Y104.535
G0 X165.672 Y104.543
G1 F2400 X165.682 Y104.157 E887.57729
G1 X145.658 Y104.157 E887.97689
G1 X145.668 Y104.549 E887.98471
G1 X145.665 Y108.955 E888.07264
G1 X165.681 Y108.955 E888.47208
G1 X165.672 Y104.543 E888.56013
G1 F1500 E882.06013
G0 F12000 X165.366 Y104.535
G0 X165.802 Y109.076
G0 X166.08 Y109.355
;TYPE:WALL-OUTER
G1 F1500 E888.56013
G1 F2400 X166.072 Y104.554 E888.65594
G1 X166.094 Y103.757 E888.67185
G1 X145.246 Y103.757 E889.08789
G1 X145.268 Y104.549 E889.1037
G1 X145.265 Y109.355 E889.19961
G1 X166.08 Y109.355 E889.615
G0 F12000 X165.802 Y109.076
G0 X165.182 Y108.192
G0 X164.919 Y108.192
;TYPE:SKIN
G1 F2400 X146.425 Y108.192 E889.98407
G1 X146.428 Y104.916 E890.04944
G1 X164.908 Y104.916 E890.41823
G1 X164.919 Y108.192 E890.48361
G0 F12000 X164.716 Y107.379
G1 F2400 X164.103 Y107.992 E890.50091
G0 F12000 X163.537 Y107.992
G1 F2400 X164.714 Y106.815 E890.53412
G0 F12000 X164.712 Y106.251
G1 F2400 X162.971 Y107.992 E890.58326
G0 F12000 X162.405 Y107.992
G1 F2400 X164.711 Y105.687 E890.64832
G0 F12000 X164.709 Y105.123
G1 F2400 X161.84 Y107.992 E890.72929
G0 F12000 X161.274 Y107.992
G1 F2400 X164.151 Y105.116 E890.81048
G0 F12000 X163.585 Y105.116
G1 F2400 X160.708 Y107.992 E890.89166
G0 F12000 X160.143 Y107.992
G1 F2400 X163.019 Y105.116 E890.97282
G0 F12000 X162.454 Y105.116
G1 F2400 X159.577 Y107.992 E891.054
G0 F12000 X159.011 Y107.992
G1 F2400 X161.888 Y105.116 E891.13519
G0 F12000 X161.322 Y105.116
G1 F2400 X158.446 Y107.992 E891.21635
G0 F12000 X157.88 Y107.992
G1 F2400 X160.756 Y105.116 E891.29752
G0 F12000 X160.191 Y105.116
G1 F2400 X157.314 Y107.992 E891.3787
G0 F12000 X156.749 Y107.992
G1 F2400 X159.625 Y105.116 E891.45987
G0 F12000 X159.059 Y105.116
G1 F2400 X156.183 Y107.992 E891.54103
G0 F12000 X155.617 Y107.992
G1 F2400 X158.494 Y105.116 E891.62222
G0 F12000 X157.928 Y105.116
G1 F2400 X155.052 Y107.992 E891.70338
G0 F12000 X154.486 Y107.992
G1 F2400 X157.362 Y105.116 E891.78455
G0 F12000 X156.797 Y105.116
G1 F2400 X153.92 Y107.992 E891.86573
G0 F12000 X153.354 Y107.992
G1 F2400 X156.231 Y105.116 E891.94691
G0 F12000 X155.665 Y105.116
G1 F2400 X152.789 Y107.992 E892.02808
G0 F12000 X152.223 Y107.992
G1 F2400 X155.1 Y105.116 E892.10926
G0 F12000 X154.534 Y105.116
G1 F2400 X151.657 Y107.992 E892.19044
G0 F12000 X151.092 Y107.992
G1 F2400 X153.968 Y105.116 E892.27161
G0 F12000 X153.403 Y105.116
G1 F2400 X150.526 Y107.992 E892.35279
G0 F12000 X149.96 Y107.992
G1 F2400 X152.837 Y105.116 E892.43397
G0 F12000 X152.271 Y105.116
G1 F2400 X149.395 Y107.992 E892.51514
G0 F12000 X148.829 Y107.992
G1 F2400 X151.706 Y105.116 E892.59632
G0 F12000 X151.14 Y105.116
G1 F2400 X148.263 Y107.992 E892.6775
G0 F12000 X147.698 Y107.992
G1 F2400 X150.574 Y105.116 E892.75867
G0 F12000 X150.008 Y105.116
G1 F2400 X147.132 Y107.992 E892.83983
G0 F12000 X146.626 Y107.933
G1 F2400 X149.443 Y105.116 E892.91933
G0 F12000 X148.877 Y105.116
G1 F2400 X146.626 Y107.367 E892.98286
G0 F12000 X146.626 Y106.801
G1 F2400 X148.311 Y105.116 E893.03042
G0 F12000 X147.746 Y105.116
G1 F2400 X146.627 Y106.234 E893.06198
G0 F12000 X146.628 Y105.668
G1 F2400 X147.18 Y105.116 E893.07756
G1 F1500 E886.57756
;MESH:NONMESH
G0 F300 X147.18 Y105.116 Z2.52
G0 F12000 X147.18 Y104.656
G0 X146.24 Y104.729
G0 X146.238 Y108.383
G0 X151.748 Y109.126
G0 X151.748 Y110.221
G0 X151.512 Y145.739
G0 X151.748 Y146.582
;TIME_ELAPSED:1656.565635
;LAYER:20
;TYPE:SUPPORT
G1 F1500 E893.07756
G1 F2400 X153.671 Y146.044 E893.11741
G1 X155.596 Y146.582 E893.1573
G1 X156.981 Y148.051 E893.19759
G1 X157.519 Y149.89 E893.23583
G1 X156.981 Y151.811 E893.27564
G1 X155.591 Y153.205 E893.31492
G1 X153.67 Y153.743 E893.35473
G1 X151.834 Y153.206 E893.39291
G1 X150.358 Y151.73 E893.43456
G1 X149.817 Y149.892 E893.4728
G1 X150.359 Y148.051 E893.5111
G1 X151.748 Y146.582 E893.55144
G1 F1500 E887.05144
;MESH:9VBatteryHolder_v2.stl
G0 F12000 X151.121 Y145.99
G0 X149.592 Y147.608
G0 X148.922 Y149.894
G0 X149.594 Y152.189
G0 X151.748 Y155.891
G0 X151.748 Y156.986
G0 X142.672 Y157.556
;TYPE:WALL-INNER
G1 F1500 E893.55144
G1 F2400 X168.672 Y157.556 E894.0703
G1 F2352.9 X168.846 Y157.549 E894.07384
G0 F12000 X169.369 Y157.253
G1 F2436.5 X168.846 Y157.549 E894.08566
G1 X169.686 Y157.57 E894.10217
G1 F2442.7 X169.665 Y156.73 E894.11865
G1 X169.369 Y157.253 E894.13043
G0 F12000 X169.665 Y156.73
G1 F2358.7 X169.672 Y156.556 E894.13397
G1 F2400 X169.672 Y112.556 E895.01204
G1 F1500 E888.51204
G0 F12000 X169.511 Y157.394
G0 X141.835 Y157.394
G0 X141.672 Y112.556
G1 F1500 E895.01204
G1 F2400 X141.672 Y156.556 E895.8901
G1 F2352.9 X141.679 Y156.73 E895.89365
G0 F12000 X141.975 Y157.253
G1 F2436.5 X141.679 Y156.73 E895.90546
G1 X141.658 Y157.57 E895.92198
G1 F2487 X142.672 Y157.556 E895.94151
G1 X141.975 Y157.253 E895.95614
G0 F12000 X141.763 Y157.253
G0 X169.096 Y157.466
G0 X169.096 Y156.98
G1 F2400 X168.761 Y157.156 E895.96369
G1 X142.672 Y157.156 E896.48433
G1 X142.247 Y156.981 E896.4935
G1 X142.072 Y156.645 E896.50106
G1 X142.072 Y112.156 E897.38889
G1 X141.272 Y112.156 E897.40485
G1 X141.273 Y157.955 E898.31882
G1 X170.072 Y157.956 E898.89354
G1 X170.072 Y112.156 E899.80752
G1 X169.272 Y112.156 E899.82349
G1 X169.272 Y156.645 E900.71131
G1 X169.096 Y156.98 E900.71887
G0 F12000 X168.87 Y156.591
;TYPE:WALL-OUTER
G1 F2400 X168.814 Y156.698 E900.72128
G1 X168.707 Y156.754 E900.72369
G1 X142.672 Y156.756 E901.24324
G1 X142.53 Y156.698 E901.2463
G1 X142.474 Y156.591 E901.24871
G1 X142.472 Y111.756 E902.14345
G1 X140.872 Y111.756 E902.17538
G1 X140.873 Y158.355 E903.10531
G1 X170.472 Y158.356 E903.69599
G1 X170.472 Y111.756 E904.62594
G1 X168.872 Y111.756 E904.65787
G1 X168.87 Y156.591 E905.5526
G1 F1500 E899.0526
G0 F12000 X169.183 Y156.591
G0 X169.097 Y111.98
G0 X168.008 Y111.98
G0 X166.034 Y110.221
G0 X166.034 Y109.132
G0 X165.459 Y108.555
;TYPE:WALL-INNER
G1 F1500 E905.5526
G1 F2400 X165.456 Y104.556 E905.63241
G1 X145.888 Y104.556 E906.02291
G1 X145.885 Y108.556 E906.10273
G1 X165.459 Y108.555 E906.49335
G0 F12000 X165.556 Y107.295
G0 X165.863 Y107.291
G1 F2400 X165.856 Y104.544 E906.54817
G1 X165.865 Y104.157 E906.5559
G1 X145.478 Y104.157 E906.96274
G1 X145.488 Y104.55 E906.97059
G1 X145.48 Y107.304 E907.02555
G1 X145.486 Y108.956 E907.05851
G1 X165.857 Y108.955 E907.46504
G1 X165.863 Y107.291 E907.49825
G1 F1500 E900.99825
G0 F12000 X165.556 Y107.295
G0 X165.978 Y109.076
G0 X166.256 Y109.355
;TYPE:WALL-OUTER
G1 F1500 E907.49825
G1 F2400 X166.263 Y107.29 E907.53946
G1 X166.256 Y104.554 E907.59406
G1 X166.276 Y103.757 E907.60997
G1 X145.066 Y103.756 E908.03323
G1 X145.088 Y104.549 E908.04907
G1 X145.08 Y107.306 E908.10408
G1 X145.088 Y109.356 E908.14499
G1 X166.256 Y109.355 E908.56743
G0 F12000 X165.978 Y109.076
G0 X165.359 Y108.192
G0 X165.096 Y108.192
;TYPE:SKIN
G1 F2400 X146.245 Y108.196 E908.94362
G1 X146.248 Y104.916 E909.00907
G1 X165.096 Y104.916 E909.38521
G1 X165.096 Y108.192 E909.45058
G0 F12000 X165.359 Y108.192
G0 X165.358 Y105.499
G0 X164.896 Y105.499
G1 F2400 X164.513 Y105.116 E909.46139
G0 F12000 X163.948 Y105.116
G1 F2400 X164.896 Y106.065 E909.48816
G0 F12000 X164.896 Y106.63
G1 F2400 X163.382 Y105.116 E909.53089
G0 F12000 X162.816 Y105.116
G1 F2400 X164.896 Y107.196 E909.58959
G0 F12000 X164.896 Y107.762
G1 F2400 X162.251 Y105.116 E909.66425
G0 F12000 X161.685 Y105.116
G1 F2400 X164.561 Y107.992 E909.74542
G0 F12000 X163.995 Y107.992
G1 F2400 X161.119 Y105.116 E909.82659
G0 F12000 X160.554 Y105.116
G1 F2400 X163.429 Y107.992 E909.90774
G0 F12000 X162.864 Y107.992
G1 F2400 X159.988 Y105.116 E909.98891
G0 F12000 X159.422 Y105.116
G1 F2400 X162.298 Y107.992 E910.07007
G0 F12000 X161.732 Y107.992
G1 F2400 X158.856 Y105.116 E910.15124
G0 F12000 X158.291 Y105.116
G1 F2400 X161.167 Y107.993 E910.23242
G0 F12000 X160.602 Y107.993
G1 F2400 X157.725 Y105.116 E910.31362
G0 F12000 X157.159 Y105.116
G1 F2400 X160.036 Y107.993 E910.39481
G0 F12000 X159.47 Y107.993
G1 F2400 X156.594 Y105.116 E910.47599
G0 F12000 X156.028 Y105.116
G1 F2400 X158.905 Y107.993 E910.55719
G0 F12000 X158.339 Y107.993
G1 F2400 X155.462 Y105.116 E910.63838
G0 F12000 X154.897 Y105.116
G1 F2400 X157.773 Y107.993 E910.71956
G0 F12000 X157.208 Y107.994
G1 F2400 X154.331 Y105.116 E910.80077
G0 F12000 X153.765 Y105.116
G1 F2400 X156.643 Y107.994 E910.882
G0 F12000 X156.077 Y107.994
G1 F2400 X153.2 Y105.116 E910.9632
G0 F12000 X152.634 Y105.116
G1 F2400 X155.511 Y107.994 E911.04441
G0 F12000 X154.945 Y107.994
G1 F2400 X152.068 Y105.116 E911.12562
G0 F12000 X151.503 Y105.116
G1 F2400 X154.38 Y107.994 E911.20683
G0 F12000 X153.815 Y107.994
G1 F2400 X150.937 Y105.116 E911.28806
G0 F12000 X150.371 Y105.116
G1 F2400 X153.249 Y107.994 E911.36928
G0 F12000 X152.683 Y107.994
G1 F2400 X149.806 Y105.116 E911.45049
G0 F12000 X149.24 Y105.116
G1 F2400 X152.118 Y107.994 E911.53171
G0 F12000 X151.552 Y107.994
G1 F2400 X148.674 Y105.116 E911.61294
G0 F12000 X148.108 Y105.116
G1 F2400 X150.986 Y107.994 E911.69416
G0 F12000 X150.421 Y107.994
G1 F2400 X147.543 Y105.116 E911.77538
G0 F12000 X146.977 Y105.116
G1 F2400 X149.856 Y107.995 E911.85663
G0 F12000 X149.29 Y107.995
G1 F2400 X146.447 Y105.152 E911.93687
G0 F12000 X146.447 Y105.718
G1 F2400 X148.724 Y107.995 E912.00113
G0 F12000 X148.159 Y107.995
G1 F2400 X146.447 Y106.283 E912.04945
G0 F12000 X146.446 Y106.848
G1 F2400 X147.593 Y107.995 E912.08182
G0 F12000 X147.027 Y107.995
G1 F2400 X146.445 Y107.413 E912.09824
G1 F1500 E905.59824
;MESH:NONMESH
G0 F300 X146.445 Y107.413 Z2.64
G0 F12000 X145.986 Y107.412
G0 X146.056 Y108.384
G0 X151.76 Y109.126
G0 X151.76 Y110.221
G0 X151.522 Y145.75
G0 X151.76 Y146.598
;TIME_ELAPSED:1694.969950
;LAYER:21
;TYPE:SUPPORT
G1 F1500 E912.09824
G1 F2400 X153.672 Y146.06 E912.13788
G1 X155.584 Y146.598 E912.17752
G1 X156.973 Y148.059 E912.21775
G1 X157.507 Y149.89 E912.25581
G1 X156.969 Y151.803 E912.29547
G1 X155.583 Y153.189 E912.33458
G1 X153.67 Y153.727 E912.37424
G1 X151.842 Y153.194 E912.41224
G1 X150.37 Y151.722 E912.45378
G1 X149.833 Y149.892 E912.49184
G1 X150.371 Y148.059 E912.52996
G1 X151.76 Y146.598 E912.57019
G1 F1500 E906.07019
;MESH:9VBatteryHolder_v2.stl
G0 F12000 X151.131 Y146.003
G0 X149.602 Y147.617
G0 X148.937 Y149.894
G0 X149.607 Y152.182
G0 X151.76 Y155.891
G0 X151.76 Y156.986
G0 X142.672 Y157.556
;TYPE:WALL-INNER
G1 F1500 E912.57019
G1 F2400 X168.672 Y157.556 E913.08905
G1 F2352.9 X168.846 Y157.549 E913.0926
G0 F12000 X169.369 Y157.253
G1 F2436.5 X168.846 Y157.549 E913.10441
G1 X169.686 Y157.57 E913.12093
G1 F2442.7 X169.665 Y156.73 E913.1374
G1 X169.369 Y157.253 E913.14918
G0 F12000 X169.665 Y156.73
G1 F2358.7 X169.672 Y156.556 E913.15272
G1 F2400 X169.672 Y112.556 E914.03079
G1 F1500 E907.53079
G0 F12000 X169.511 Y157.394
G0 X141.835 Y157.394
G0 X141.672 Y112.556
G1 F1500 E914.03079
G1 F2400 X141.672 Y156.556 E914.90885
G1 F2352.9 X141.679 Y156.73 E914.9124
G0 F12000 X141.975 Y157.253
G1 F2436.5 X141.679 Y156.73 E914.92421
G1 X141.658 Y157.57 E914.94073
G1 F2487 X142.672 Y157.556 E914.96026
G1 X141.975 Y157.253 E914.97489
G0 F12000 X141.763 Y157.253
G0 X169.096 Y157.466
G0 X169.096 Y156.98
G1 F2400 X168.761 Y157.156 E914.98245
G1 X142.672 Y157.156 E915.50308
G1 X142.247 Y156.981 E915.51225
G1 X142.072 Y156.645 E915.51981
G1 X142.072 Y112.156 E916.40764
G1 X141.272 Y112.156 E916.4236
G1 X141.273 Y157.955 E917.33757
G1 X170.072 Y157.956 E917.91229
G1 X170.072 Y112.156 E918.82628
G1 X169.272 Y112.156 E918.84224
G1 X169.272 Y156.645 E919.73007
G1 X169.096 Y156.98 E919.73762
G0 F12000 X168.87 Y156.591
;TYPE:WALL-OUTER
G1 F2400 X168.814 Y156.698 E919.74003
G1 X168.707 Y156.754 E919.74244
G1 X142.672 Y156.756 E920.26199
G1 X142.53 Y156.698 E920.26506
G1 X142.474 Y156.591 E920.26747
G1 X142.472 Y111.756 E921.1622
G1 X140.872 Y111.756 E921.19413
G1 X140.873 Y158.355 E922.12406
G1 X170.472 Y158.356 E922.71474
G1 X170.472 Y111.756 E923.64469
G1 X168.872 Y111.756 E923.67662
G1 X168.87 Y156.591 E924.57135
G1 F1500 E918.07135
G0 F12000 X169.183 Y156.591
G0 X169.097 Y111.98
G0 X168.008 Y111.98
G0 X166.211 Y110.221
G0 X166.211 Y109.132
G0 X165.644 Y106.492
;TYPE:WALL-INNER
G1 F1500 E924.57135
G1 F2400 X165.636 Y104.557 E924.60997
G1 X163.588 Y104.556 E924.65084
G1 X163.588 Y108.556 E924.73066
G1 X165.635 Y108.555 E924.77151
G1 X165.644 Y106.492 E924.81268
G0 F12000 X165.464 Y108.383
G0 X163.498 Y108.556
G0 X163.188 Y108.556
G1 F2400 X162.851 Y108.957 E924.82314
G1 X166.034 Y108.955 E924.88666
G1 X166.044 Y106.491 E924.93583
G1 X166.036 Y104.543 E924.9747
G1 X166.046 Y104.157 E924.98241
G1 X162.788 Y104.156 E925.04743
G1 X163.188 Y104.556 E925.05872
G1 X163.188 Y108.556 E925.13854
G0 F12000 X163.498 Y108.556
G0 X163.026 Y108.994
G0 X148.32 Y108.994
G0 X145.626 Y108.638
G0 X145.7 Y106.497
G1 F2400 X145.709 Y108.556 E925.17963
G1 X147.756 Y108.556 E925.22048
G1 X147.756 Y104.556 E925.3003
G1 X145.704 Y104.556 E925.34125
G1 X145.7 Y106.497 E925.37999
G0 F12000 X145.88 Y108.384
G0 X147.848 Y108.556
G0 X148.156 Y108.556
G1 F2400 X148.156 Y104.556 E925.45981
G1 X148.493 Y104.155 E925.47027
G1 X145.293 Y104.156 E925.53413
G1 X145.304 Y104.55 E925.54199
G1 X145.3 Y106.498 E925.58087
G1 X145.31 Y108.956 E925.62992
G1 X148.556 Y108.956 E925.6947
G1 X148.156 Y108.556 E925.70598
G1 F1500 E919.20598
G0 F12000 X147.848 Y108.556
G0 X148.32 Y108.994
G0 X162.632 Y109.066
G0 X162.632 Y108.805
;TYPE:WALL-OUTER
G1 F1500 E925.70598
G1 F1912.4 X148.756 Y108.806 E926.05351
G1 F2133.3 X148.556 Y108.556 E926.0607
G1 F2400 X148.556 Y104.556 E926.14052
G1 F2123.9 X148.712 Y104.307 E926.14715
G1 F1912.4 X162.588 Y104.306 E926.49467
G1 F2133.3 X162.788 Y104.556 E926.50186
G1 F2400 X162.788 Y108.556 E926.58168
G1 F2123.9 X162.632 Y108.805 E926.58831
G0 F12000 X162.632 Y109.066
G0 X163.588 Y109.046
G0 X163.588 Y109.356
G1 F2400 X166.432 Y109.355 E926.64506
G1 X166.444 Y106.489 E926.70226
G1 X166.436 Y104.554 E926.74087
G1 X166.447 Y104.117 E926.7496
G1 X166.434 Y103.757 E926.75678
G1 X163.588 Y103.756 E926.81358
G1 F2133.3 X162.588 Y103.806 E926.83606
G1 F1912.4 X148.669 Y103.808 E927.18466
G1 F2123.9 X147.756 Y103.756 E927.20528
G1 F2400 X144.908 Y103.756 E927.26211
G1 X144.892 Y104.15 E927.26998
G1 X144.904 Y104.549 E927.27795
G1 X144.9 Y106.5 E927.31688
G1 X144.912 Y109.356 E927.37388
G1 X147.756 Y109.356 E927.43063
G1 F2133.3 X148.756 Y109.306 E927.45311
G1 F1912.4 X162.675 Y109.304 E927.80171
G1 F2123.9 X163.588 Y109.356 E927.82233
G0 F12000 X163.588 Y109.046
G0 X165.718 Y108.638
G0 X165.544 Y106.486
G0 X165.283 Y106.486
;TYPE:SKIN
G1 F2400 X165.276 Y108.191 E927.85636
G1 X163.949 Y108.191 E927.88284
G1 X163.948 Y104.916 E927.9482
G1 X165.276 Y104.916 E927.9747
G1 X165.283 Y106.486 E928.00603
G0 F12000 X165.544 Y106.486
G0 X165.464 Y108.383
G0 X164.67 Y108.455
G0 X164.67 Y107.991
G1 F2400 X165.078 Y107.582 E928.01756
G0 F12000 X165.08 Y107.014
G1 F2400 X164.149 Y107.946 E928.04385
G0 F12000 X164.149 Y107.38
G1 F2400 X165.083 Y106.446 E928.07021
G0 F12000 X165.08 Y105.883
G1 F2400 X164.149 Y106.814 E928.09648
G0 F12000 X164.148 Y106.249
G1 F2400 X165.078 Y105.32 E928.12271
G0 F12000 X164.716 Y105.116
G1 F2400 X164.148 Y105.683 E928.13873
G0 F12000 X163.688 Y105.683
G0 X163.026 Y108.994
G0 X148.32 Y108.994
G0 X147.656 Y108.196
G0 X147.396 Y108.196
G1 F2400 X146.068 Y108.196 E928.16523
G1 X146.064 Y104.916 E928.23069
G1 X147.396 Y104.916 E928.25727
G1 X147.396 Y108.196 E928.32273
G0 F12000 X147.128 Y107.996
G1 F2400 X147.196 Y107.928 E928.32465
G0 F12000 X147.196 Y107.362
G1 F2400 X146.562 Y107.996 E928.34254
G0 F12000 X146.268 Y107.725
G1 F2400 X147.196 Y106.796 E928.36874
G0 F12000 X147.196 Y106.231
G1 F2400 X146.267 Y107.16 E928.39496
G0 F12000 X146.266 Y106.595
G1 F2400 X147.196 Y105.665 E928.42121
G0 F12000 X147.179 Y105.116
G1 F2400 X146.266 Y106.03 E928.44699
G0 F12000 X146.265 Y105.465
G1 F2400 X146.614 Y105.116 E928.45684
G1 F1500 E921.95684
;MESH:NONMESH
G0 F300 X146.614 Y105.116 Z2.76
G0 F12000 X146.614 Y104.656
G0 X147.584 Y104.728
G0 X148.32 Y108.994
G0 X151.764 Y109.126
G0 X151.764 Y110.221
G0 X151.527 Y145.765
G0 X151.764 Y146.61
;TIME_ELAPSED:1730.431371
;LAYER:22
;TYPE:SUPPORT
G1 F1500 E928.45684
G1 F2400 X153.672 Y146.072 E928.4964
G1 X155.58 Y146.61 E928.53596
G1 X156.957 Y148.063 E928.57591
G1 X157.491 Y149.89 E928.61389
G1 X156.957 Y151.799 E928.65345
G1 X155.575 Y153.177 E928.6924
G1 X153.669 Y153.712 E928.73191
G1 X151.846 Y153.182 E928.76979
G1 X150.382 Y151.718 E928.81111
G1 X149.849 Y149.893 E928.84905
G1 X150.387 Y148.063 E928.88711
G1 X151.764 Y146.61 E928.92706
G1 F1500 E922.42706
;MESH:9VBatteryHolder_v2.stl
G0 F12000 X151.135 Y146.016
G0 X149.617 Y147.622
G0 X148.951 Y149.894
G0 X149.619 Y152.175
G0 X151.764 Y155.891
G0 X151.764 Y156.986
G0 X142.672 Y157.556
;TYPE:WALL-INNER
G1 F1500 E928.92706
G1 F2400 X168.672 Y157.556 E929.44592
G1 F2352.9 X168.846 Y157.549 E929.44947
G0 F12000 X169.369 Y157.253
G1 F2436.5 X168.846 Y157.549 E929.46128
G1 X169.686 Y157.57 E929.4778
G1 F2442.7 X169.665 Y156.73 E929.49427
G1 X169.369 Y157.253 E929.50605
G0 F12000 X169.665 Y156.73
G1 F2358.7 X169.672 Y156.556 E929.50959
G1 F2400 X169.672 Y112.556 E930.38766
G1 F1500 E923.88766
G0 F12000 X169.511 Y157.394
G0 X141.835 Y157.394
G0 X141.672 Y112.556
G1 F1500 E930.38766
G1 F2400 X141.672 Y156.556 E931.26572
G1 F2352.9 X141.679 Y156.73 E931.26927
G0 F12000 X141.975 Y157.253
G1 F2436.5 X141.679 Y156.73 E931.28108
G1 X141.658 Y157.57 E931.2976
G1 F2487 X142.672 Y157.556 E931.31713
G1 X141.975 Y157.253 E931.33176
G0 F12000 X141.763 Y157.253
G0 X169.096 Y157.466
G0 X169.096 Y156.98
G1 F2400 X168.761 Y157.156 E931.33932
G1 X142.672 Y157.156 E931.85995
G1 X142.247 Y156.981 E931.86912
G1 X142.072 Y156.645 E931.87668
G1 X142.072 Y112.156 E932.76451
G1 X141.272 Y112.156 E932.78047
G1 X141.273 Y157.955 E933.69444
G1 X170.072 Y157.956 E934.26916
G1 X170.072 Y112.156 E935.18315
G1 X169.272 Y112.156 E935.19911
G1 X169.272 Y156.645 E936.08694
G1 X169.096 Y156.98 E936.09449
G0 F12000 X168.87 Y156.591
;TYPE:WALL-OUTER
G1 F2400 X168.814 Y156.698 E936.0969
G1 X168.707 Y156.754 E936.09931
G1 X142.672 Y156.756 E936.61887
G1 X142.53 Y156.698 E936.62193
G1 X142.474 Y156.591 E936.62434
G1 X142.472 Y111.756 E937.51907
G1 X140.872 Y111.756 E937.551
G1 X140.873 Y158.355 E938.48093
G1 X170.472 Y158.356 E939.07161
G1 X170.472 Y111.756 E940.00156
G1 X168.872 Y111.756 E940.03349
G1 X168.87 Y156.591 E940.92822
G1 F1500 E934.42822
G0 F12000 X169.183 Y156.591
G0 X169.097 Y111.98
G0 X169.097 Y110.891
G0 X167.476 Y109.135
G0 X166.386 Y109.132
G0 X165.81 Y108.555
;TYPE:WALL-INNER
G1 F1500 E940.92822
G1 F2400 X165.822 Y104.557 E941.00801
G1 X164.268 Y104.556 E941.03902
G1 X164.268 Y108.556 E941.11885
G1 X165.81 Y108.555 E941.14962
G0 F12000 X164.178 Y108.556
G0 X163.868 Y108.556
G1 F2400 X163.531 Y108.957 E941.16007
G1 X166.209 Y108.955 E941.21351
G1 X166.218 Y104.157 E941.30926
G1 X163.468 Y104.156 E941.36414
G1 X163.868 Y104.556 E941.37543
G1 X163.868 Y108.556 E941.45525
G0 F12000 X164.178 Y108.556
G0 X163.706 Y108.994
G0 X147.64 Y108.994
G0 X147.076 Y108.556
G1 F2400 X147.076 Y104.556 E941.53508
G1 X145.525 Y104.556 E941.56603
G1 X145.534 Y108.556 E941.64586
G1 X147.076 Y108.556 E941.67663
G0 F12000 X147.476 Y108.556
G1 F2400 X147.476 Y104.556 E941.75645
G1 X147.813 Y104.155 E941.76691
G1 X145.123 Y104.156 E941.82059
G1 X145.135 Y108.956 E941.91638
G1 X147.876 Y108.956 E941.97108
G1 X147.476 Y108.556 E941.98237
G1 F1500 E935.48237
G0 F12000 X147.168 Y108.556
G0 X147.64 Y108.994
G0 X163.312 Y109.066
G0 X163.312 Y108.805
;TYPE:WALL-OUTER
G1 F1500 E941.98237
G1 F1912.4 X148.076 Y108.806 E942.36395
G1 F2133.3 X147.876 Y108.556 E942.37114
G1 F2400 X147.876 Y104.556 E942.45096
G1 F2123.9 X148.032 Y104.307 E942.45759
G1 F1912.4 X163.268 Y104.306 E942.83917
G1 F2133.3 X163.468 Y104.556 E942.84636
G1 F2400 X163.468 Y108.556 E942.92618
G1 F2123.9 X163.312 Y108.805 E942.93281
G0 F12000 X163.312 Y109.066
G0 X164.268 Y109.046
G0 X164.268 Y109.356
G1 F2400 X166.608 Y109.355 E942.97951
G1 X166.623 Y104.298 E943.08042
G1 X166.606 Y103.757 E943.09123
G1 X164.268 Y103.756 E943.13788
G1 F2133.3 X163.268 Y103.806 E943.16036
G1 F1912.4 X147.989 Y103.808 E943.54302
G1 F2123.9 X147.076 Y103.756 E943.56364
G1 F2400 X144.737 Y103.756 E943.61032
G1 X144.716 Y104.321 E943.6216
G1 X144.724 Y104.547 E943.62612
G1 X144.736 Y109.356 E943.72209
G1 X147.076 Y109.356 E943.76878
G1 F2133.3 X148.076 Y109.306 E943.79126
G1 F1912.4 X163.355 Y109.304 E944.17392
G1 F2123.9 X164.268 Y109.356 E944.19455
G0 F12000 X164.268 Y109.046
G0 X164.186 Y104.474
G0 X165.043 Y104.657
G0 X165.042 Y105.33
;TYPE:SKIN
G1 F2269.5 X165.038 Y107.778 E944.24621
G0 F12000 X165.448 Y108.191
G1 F2400 X164.629 Y108.191 E944.26255
G1 X164.629 Y104.917 E944.32789
G1 X165.459 Y104.917 E944.34445
G1 X165.448 Y108.191 E944.40979
G0 F12000 X165.711 Y108.192
G0 X165.893 Y108.638
G0 X163.706 Y108.994
G0 X147.64 Y108.994
G0 X147.158 Y104.474
G0 X145.442 Y104.474
G0 X145.626 Y105.333
G0 X146.3 Y105.332
G1 F2243 X146.304 Y107.784 E944.46214
G0 F12000 X146.716 Y108.196
G1 F2400 X145.892 Y108.196 E944.47859
G1 X145.885 Y104.916 E944.54404
G1 X146.716 Y104.916 E944.56063
G1 X146.716 Y108.196 E944.62608
G1 F1500 E938.12608
;MESH:NONMESH
G0 F300 X146.716 Y108.196 Z2.88
G0 F12000 X146.976 Y108.196
G0 X147.64 Y108.994
G0 X151.768 Y109.126
G0 X151.768 Y110.221
G0 X151.531 Y145.777
G0 X151.768 Y146.622
;TIME_ELAPSED:1763.940414
;LAYER:23
;TYPE:SUPPORT
G1 F1500 E944.62608
G1 F2400 X153.671 Y146.088 E944.66553
G1 X155.572 Y146.622 E944.70493
G1 X156.945 Y148.071 E944.74477
G1 X157.476 Y149.89 E944.78258
G1 X156.945 Y151.791 E944.82197
G1 X155.571 Y153.165 E944.86075
G1 X153.67 Y153.699 E944.90015
G1 X151.854 Y153.166 E944.93792
G1 X150.398 Y151.71 E944.97901
G1 X149.861 Y149.892 E945.01684
G1 X150.399 Y148.071 E945.05474
G1 X151.768 Y146.622 E945.09452
G1 F1500 E938.59452
;MESH:9VBatteryHolder_v2.stl
G0 F12000 X151.141 Y146.03
G0 X149.63 Y147.629
G0 X148.966 Y149.894
G0 X149.632 Y152.168
G0 X151.768 Y155.891
G0 X151.768 Y156.986
G0 X142.672 Y157.556
;TYPE:WALL-INNER
G1 F1500 E945.09452
G1 F2400 X168.672 Y157.556 E945.61338
G1 F2352.9 X168.846 Y157.549 E945.61692
G0 F12000 X169.369 Y157.253
G1 F2436.5 X168.846 Y157.549 E945.62873
G1 X169.686 Y157.57 E945.64525
G1 F2442.7 X169.665 Y156.73 E945.66173
G1 X169.369 Y157.253 E945.67351
G0 F12000 X169.665 Y156.73
G1 F2358.7 X169.672 Y156.556 E945.67704
G1 F2400 X169.672 Y112.556 E946.55511
G1 F1500 E940.05511
G0 F12000 X169.511 Y157.394
G0 X141.835 Y157.394
G0 X141.672 Y112.556
G1 F1500 E946.55511
G1 F2400 X141.672 Y156.556 E947.43318
G1 F2352.9 X141.679 Y156.73 E947.43672
G0 F12000 X141.975 Y157.253
G1 F2436.5 X141.679 Y156.73 E947.44854
G1 X141.658 Y157.57 E947.46505
G1 F2487 X142.672 Y157.556 E947.48458
G1 X141.975 Y157.253 E947.49922
G0 F12000 X141.763 Y157.253
G0 X169.096 Y157.466
G0 X169.096 Y156.98
G1 F2400 X168.761 Y157.156 E947.50677
G1 X142.672 Y157.156 E948.0274
G1 X142.247 Y156.981 E948.03658
G1 X142.072 Y156.645 E948.04414
G1 X142.072 Y112.156 E948.93196
G1 X141.272 Y112.156 E948.94793
G1 X141.273 Y157.955 E949.8619
G1 X170.072 Y157.956 E950.43661
G1 X170.072 Y112.156 E951.3506
G1 X169.272 Y112.156 E951.36657
G1 X169.272 Y156.645 E952.25439
G1 X169.096 Y156.98 E952.26194
G0 F12000 X168.87 Y156.591
;TYPE:WALL-OUTER
G1 F2400 X168.814 Y156.698 E952.26435
G1 X168.707 Y156.754 E952.26676
G1 X142.672 Y156.756 E952.78632
G1 X142.53 Y156.698 E952.78938
G1 X142.474 Y156.591 E952.79179
G1 X142.472 Y111.756 E953.68652
G1 X140.872 Y111.756 E953.71845
G1 X140.873 Y158.355 E954.64838
G1 X170.472 Y158.356 E955.23906
G1 X170.472 Y111.756 E956.16902
G1 X168.872 Y111.756 E956.20095
G1 X168.87 Y156.591 E957.09568
G1 F1500 E950.59568
G0 F12000 X169.183 Y156.591
G0 X169.097 Y111.98
G0 X169.097 Y110.891
G0 X167.653 Y109.135
G0 X166.563 Y109.132
G0 X165.987 Y108.556
;TYPE:WALL-INNER
G1 F1500 E957.09568
G1 F2400 X166.002 Y104.557 E957.17548
G1 X164.716 Y104.556 E957.20115
G1 X164.716 Y108.556 E957.28097
G1 X165.987 Y108.556 E957.30634
G0 F12000 X164.626 Y108.556
G0 X164.316 Y108.556
G1 F2400 X163.979 Y108.957 E957.31679
G1 X166.386 Y108.956 E957.36482
G1 X166.403 Y104.479 E957.45417
G1 X166.391 Y104.157 E957.4606
G1 X163.916 Y104.156 E957.50999
G1 X164.316 Y104.556 E957.52128
G1 X164.316 Y108.556 E957.6011
G0 F12000 X164.626 Y108.556
G0 X164.154 Y108.994
G0 X147.192 Y108.994
G0 X146.628 Y108.556
G1 F2400 X146.628 Y104.556 E957.68093
G1 X145.341 Y104.556 E957.70661
G1 X145.353 Y108.556 E957.78643
G1 X146.628 Y108.556 E957.81188
G0 F12000 X147.028 Y108.556
G1 F2400 X147.028 Y104.556 E957.8917
G1 X147.365 Y104.155 E957.90216
G1 X144.952 Y104.156 E957.95031
G1 X144.94 Y104.498 E957.95714
G1 X144.954 Y108.956 E958.0461
G1 X147.428 Y108.956 E958.09548
G1 X147.028 Y108.556 E958.10676
G1 F1500 E951.60676
G0 F12000 X146.72 Y108.556
G0 X147.192 Y108.994
G0 X163.76 Y109.066
G0 X163.76 Y108.805
;TYPE:WALL-OUTER
G1 F1500 E958.10676
G1 F1912.4 X147.628 Y108.806 E958.51079
G1 F2133.3 X147.428 Y108.556 E958.51798
G1 F2400 X147.428 Y104.556 E958.5978
G1 F2123.9 X147.584 Y104.307 E958.60443
G1 F1912.4 X163.716 Y104.306 E959.00845
G1 F2133.3 X163.916 Y104.556 E959.01564
G1 F2400 X163.916 Y108.556 E959.09546
G1 F2123.9 X163.76 Y108.805 E959.10209
G0 F12000 X163.76 Y109.066
G0 X164.716 Y109.046
G0 X164.716 Y109.356
G1 F2400 X166.784 Y109.356 E959.14336
G1 X166.803 Y104.466 E959.24094
G1 X166.778 Y103.757 E959.2551
G1 X164.716 Y103.756 E959.29625
G1 F2133.3 X163.716 Y103.806 E959.31873
G1 F1912.4 X147.541 Y103.808 E959.72383
G1 F2123.9 X146.628 Y103.756 E959.74445
G1 F2400 X144.566 Y103.756 E959.7856
G1 X144.54 Y104.492 E959.8003
G1 X144.556 Y109.356 E959.89737
G1 X146.628 Y109.356 E959.93871
G1 F2133.3 X147.628 Y109.306 E959.96119
G1 F1912.4 X163.803 Y109.304 E960.36629
G1 F2123.9 X164.716 Y109.356 E960.38692
G0 F12000 X164.716 Y109.046
G0 X166.07 Y108.639
G0 X165.888 Y108.158
G0 X165.59 Y108.157
;TYPE:SKIN
G1 F2016.8 X165.115 Y108.157 E960.3982
G1 F2008.4 X165.116 Y104.956 E960.47453
G1 F1995.8 X165.599 Y104.956 E960.48612
G1 F2008.4 X165.59 Y108.157 E960.56246
G0 F12000 X165.888 Y108.158
G0 X166.07 Y108.639
G0 X164.154 Y108.994
G0 X147.192 Y108.994
G0 X146.528 Y108.157
G0 X146.229 Y108.157
G1 F2004.2 X145.751 Y108.157 E960.57388
G1 F1995.8 X145.742 Y104.957 E960.65067
G1 F1987.6 X146.227 Y104.957 E960.66236
G1 F1995.8 X146.229 Y108.157 E960.73915
G1 F1500 E954.23915
;MESH:NONMESH
G0 F300 X146.229 Y108.157 Z3
G0 F12000 X146.528 Y108.157
G0 X147.192 Y108.994
G0 X151.78 Y109.126
G0 X151.78 Y110.221
G0 X151.543 Y145.789
G0 X151.78 Y146.634
;TIME_ELAPSED:1796.694081
;LAYER:24
;TYPE:SUPPORT
G1 F1500 E960.73915
G1 F2400 X153.671 Y146.104 E960.77834
G1 X155.56 Y146.634 E960.81749
G1 X156.937 Y148.083 E960.85739
G1 X157.464 Y149.89 E960.89495
G1 X156.933 Y151.783 E960.93418
G1 X155.563 Y153.153 E960.97285
G1 X153.67 Y153.684 E961.01208
G1 X151.862 Y153.154 E961.04968
G1 X150.41 Y151.702 E961.09066
G1 X149.877 Y149.891 E961.12833
G1 X150.407 Y148.083 E961.16593
G1 X151.78 Y146.634 E961.20577
G1 F1500 E954.70577
;MESH:9VBatteryHolder_v2.stl
G0 F12000 X151.153 Y146.041
G0 X149.64 Y147.638
G0 X148.981 Y149.894
G0 X149.645 Y152.161
G0 X151.78 Y155.891
G0 X151.78 Y156.986
G0 X142.672 Y157.556
;TYPE:WALL-INNER
G1 F1500 E961.20577
G1 F2400 X168.672 Y157.556 E961.72463
G1 F2352.9 X168.846 Y157.549 E961.72817
G0 F12000 X169.369 Y157.253
G1 F2436.5 X168.846 Y157.549 E961.73998
G1 X169.686 Y157.57 E961.7565
G1 F2442.7 X169.665 Y156.73 E961.77298
G1 X169.369 Y157.253 E961.78476
G0 F12000 X169.665 Y156.73
G1 F2358.7 X169.672 Y156.556 E961.78829
G1 F2400 X169.672 Y112.556 E962.66636
G1 F1500 E956.16636
G0 F12000 X169.511 Y157.394
G0 X141.835 Y157.394
G0 X141.672 Y112.556
G1 F1500 E962.66636
G1 F2400 X141.672 Y156.556 E963.54443
G1 F2352.9 X141.679 Y156.73 E963.54797
G0 F12000 X141.975 Y157.253
G1 F2436.5 X141.679 Y156.73 E963.55979
G1 X141.658 Y157.57 E963.5763
G1 F2487 X142.672 Y157.556 E963.59583
G1 X141.975 Y157.253 E963.61047
G0 F12000 X141.763 Y157.253
G0 X169.096 Y157.466
G0 X169.096 Y156.98
G1 F2400 X168.761 Y157.156 E963.61802
G1 X142.672 Y157.156 E964.13865
G1 X142.247 Y156.981 E964.14783
G1 X142.072 Y156.645 E964.15539
G1 X142.072 Y112.156 E965.04321
G1 X141.272 Y112.156 E965.05918
G1 X141.273 Y157.955 E965.97315
G1 X170.072 Y157.956 E966.54786
G1 X170.072 Y112.156 E967.46185
G1 X169.272 Y112.156 E967.47782
G1 X169.272 Y156.645 E968.36564
G1 X169.096 Y156.98 E968.37319
G0 F12000 X168.87 Y156.591
;TYPE:WALL-OUTER
G1 F2400 X168.814 Y156.698 E968.3756
G1 X168.707 Y156.754 E968.37801
G1 X142.672 Y156.756 E968.89757
G1 X142.53 Y156.698 E968.90063
G1 X142.474 Y156.591 E968.90304
G1 X142.472 Y111.756 E969.79777
G1 X140.872 Y111.756 E969.8297
G1 X140.873 Y158.355 E970.75963
G1 X170.472 Y158.356 E971.35031
G1 X170.472 Y111.756 E972.28027
G1 X168.872 Y111.756 E972.3122
G1 X168.87 Y156.591 E973.20693
G1 F1500 E966.70693
G0 F12000 X169.183 Y156.591
G0 X169.097 Y111.98
G0 X169.097 Y110.891
G0 X167.83 Y109.135
G0 X166.74 Y109.132
G0 X166.162 Y108.556
;TYPE:WALL-INNER
G1 F1500 E973.20693
G1 F2400 X166.152 Y104.556 E973.28675
G1 X165.156 Y104.556 E973.30663
G1 X165.156 Y108.556 E973.38645
G1 X166.162 Y108.556 E973.40653
G0 F12000 X165.069 Y108.556
G0 X164.756 Y108.556
G1 F2400 X164.419 Y108.957 E973.41698
G1 X166.562 Y108.956 E973.45975
G1 X166.552 Y104.542 E973.54784
G1 X166.562 Y104.156 E973.55554
G1 X164.356 Y104.156 E973.59956
G1 X164.756 Y104.556 E973.61085
G1 X164.756 Y108.556 E973.69068
G0 F12000 X165.069 Y108.556
G0 X164.597 Y108.994
G0 X146.749 Y108.994
G0 X146.184 Y108.556
G1 F2400 X146.184 Y104.556 E973.7705
G1 X145.192 Y104.556 E973.7903
G1 X145.177 Y108.556 E973.87012
G1 X146.184 Y108.556 E973.89022
G0 F12000 X146.584 Y108.556
G1 F2400 X146.584 Y104.556 E973.97004
G1 X146.921 Y104.155 E973.9805
G1 X144.781 Y104.156 E974.0232
G1 X144.792 Y104.551 E974.03109
G1 X144.78 Y108.956 E974.11899
G1 X146.984 Y108.956 E974.16298
G1 X146.584 Y108.556 E974.17427
G1 F1500 E967.67427
G0 F12000 X146.276 Y108.556
G0 X146.749 Y108.994
G0 X164.2 Y109.066
G0 X164.2 Y108.805
;TYPE:WALL-OUTER
G1 F1500 E974.17427
G1 F1912.4 X147.184 Y108.806 E974.60043
G1 F2133.3 X146.984 Y108.556 E974.60762
G1 F2400 X146.984 Y104.556 E974.68744
G1 F2123.9 X147.14 Y104.307 E974.69407
G1 F1912.4 X164.156 Y104.306 E975.12023
G1 F2133.3 X164.356 Y104.556 E975.12742
G1 F2400 X164.356 Y108.556 E975.20724
G1 F2123.9 X164.2 Y108.805 E975.21387
G0 F12000 X164.2 Y109.066
G0 X165.156 Y109.046
G0 X165.156 Y109.356
G1 F2400 X166.963 Y109.356 E975.24993
G1 X166.952 Y104.554 E975.34576
G1 X166.963 Y104.14 E975.35402
G1 X166.95 Y103.756 E975.36169
G1 X165.156 Y103.756 E975.39749
G1 F2133.3 X164.156 Y103.806 E975.41997
G1 F1912.4 X147.097 Y103.808 E975.84721
G1 F2123.9 X146.184 Y103.756 E975.86783
G1 F2400 X144.394 Y103.756 E975.90356
G1 X144.38 Y104.184 E975.9121
G1 X144.392 Y104.549 E975.91939
G1 X144.376 Y108.431 E975.99686
G1 X144.383 Y109.356 E976.01532
G1 X146.184 Y109.356 E976.05126
G1 F2133.3 X147.184 Y109.306 E976.07374
G1 F1912.4 X164.243 Y109.304 E976.50098
G1 F2123.9 X165.156 Y109.356 E976.5216
G0 F12000 X165.156 Y109.046
G0 X165.074 Y104.474
G0 X165.653 Y104.656
G0 X165.653 Y105.053
;TYPE:SKIN
G1 F1415.9 X165.655 Y106.734 E976.57846
G0 F12000 X165.826 Y107.134
G1 F2807 X165.828 Y108.225 E976.59708
G1 X165.487 Y108.225 E976.6029
G1 X165.486 Y107.134 E976.62151
G1 F1875 X165.655 Y106.734 E976.6326
G1 X165.826 Y107.134 E976.64372
G0 F12000 X166.058 Y107.134
G0 X166.244 Y108.638
G0 X165.074 Y108.638
G0 X164.597 Y104.118
G0 X146.748 Y104.118
G0 X145.11 Y104.473
G0 X145.291 Y105.053
G0 X145.685 Y105.055
G1 F1415.9 X145.685 Y105.684 E976.66499
G0 F12000 X145.854 Y106.084
G1 F2807 X145.853 Y108.225 E976.70152
G1 F2798.8 X145.508 Y108.225 E976.70743
G1 F2807 X145.515 Y106.083 E976.74397
G1 F1886.1 X145.685 Y105.684 E976.75499
G1 X145.854 Y106.084 E976.76601
G1 F1500 E970.26601
;MESH:NONMESH
G0 F300 X145.854 Y106.084 Z3.12
G0 F12000 X146.084 Y106.084
G0 X146.749 Y108.994
G0 X151.788 Y109.126
G0 X151.788 Y110.221
G0 X151.551 Y145.802
G0 X151.788 Y146.646
;TIME_ELAPSED:1829.963218
;LAYER:25
;TYPE:SUPPORT
G1 F1500 E976.76601
G1 F2400 X153.672 Y146.116 E976.80507
G1 X155.556 Y146.646 E976.84413
G1 X156.925 Y148.087 E976.88379
G1 X157.448 Y149.89 E976.92126
G1 X156.921 Y151.775 E976.96032
G1 X155.555 Y153.141 E976.99887
G1 X153.67 Y153.668 E977.03793
G1 X151.87 Y153.142 E977.07535
G1 X150.422 Y151.694 E977.11622
G1 X149.893 Y149.891 E977.15371
G1 X150.419 Y148.087 E977.19121
G1 X151.788 Y146.646 E977.23088
G1 F1500 E970.73088
;MESH:9VBatteryHolder_v2.stl
G0 F12000 X151.16 Y146.052
G0 X149.652 Y147.645
G0 X148.995 Y149.894
G0 X149.657 Y152.154
G0 X151.788 Y155.891
G0 X151.788 Y156.986
G0 X142.672 Y157.556
;TYPE:WALL-INNER
G1 F1500 E977.23088
G1 F2400 X168.672 Y157.556 E977.74974
G1 F2352.9 X168.846 Y157.549 E977.75328
G0 F12000 X169.369 Y157.253
G1 F2436.5 X168.846 Y157.549 E977.76509
G1 X169.686 Y157.57 E977.78161
G1 F2442.7 X169.665 Y156.73 E977.79809
G1 X169.369 Y157.253 E977.80987
G0 F12000 X169.665 Y156.73
G1 F2358.7 X169.672 Y156.556 E977.81341
G1 F2400 X169.672 Y112.556 E978.69147
G1 F1500 E972.19147
G0 F12000 X169.511 Y157.394
G0 X141.835 Y157.394
G0 X141.672 Y112.556
G1 F1500 E978.69147
G1 F2400 X141.672 Y156.556 E979.56954
G1 F2352.9 X141.679 Y156.73 E979.57309
G0 F12000 X141.975 Y157.253
G1 F2436.5 X141.679 Y156.73 E979.5849
G1 X141.658 Y157.57 E979.60141
G1 F2487 X142.672 Y157.556 E979.62094
G1 X141.975 Y157.253 E979.63558
G0 F12000 X141.763 Y157.253
G0 X169.096 Y157.466
G0 X169.096 Y156.98
G1 F2400 X168.761 Y157.156 E979.64313
G1 X142.672 Y157.156 E980.16377
G1 X142.247 Y156.981 E980.17294
G1 X142.072 Y156.645 E980.1805
G1 X142.072 Y112.156 E981.06832
G1 X141.272 Y112.156 E981.08429
G1 X141.273 Y157.955 E981.99826
G1 X170.072 Y157.956 E982.57297
G1 X170.072 Y112.156 E983.48696
G1 X169.272 Y112.156 E983.50293
G1 X169.272 Y156.645 E984.39075
G1 X169.096 Y156.98 E984.3983
G0 F12000 X168.87 Y156.591
;TYPE:WALL-OUTER
G1 F2400 X168.814 Y156.698 E984.40071
G1 X168.707 Y156.754 E984.40312
G1 X142.672 Y156.756 E984.92268
G1 X142.53 Y156.698 E984.92574
G1 X142.474 Y156.591 E984.92815
G1 X142.472 Y111.756 E985.82288
G1 X140.872 Y111.756 E985.85481
G1 X140.873 Y158.355 E986.78475
G1 X170.472 Y158.356 E987.37543
G1 X170.472 Y111.756 E988.30538
G1 X168.872 Y111.756 E988.33731
G1 X168.87 Y156.591 E989.23204
G1 F1500 E982.73204
G0 F12000 X169.183 Y156.591
G0 X169.097 Y111.98
G0 X169.097 Y110.891
G0 X167.958 Y109.129
G0 X166.87 Y109.132
G0 X166.293 Y108.556
;TYPE:WALL-INNER
G1 F1500 E989.23204
G1 F2400 X166.284 Y104.557 E989.31184
G1 X165.416 Y104.556 E989.32917
G1 X165.416 Y108.556 E989.40899
G1 X166.293 Y108.556 E989.42649
G0 F12000 X165.326 Y108.556
G0 X165.016 Y108.556
G1 F2400 X164.679 Y108.957 E989.43695
G1 X166.694 Y108.956 E989.47716
G1 X166.684 Y104.545 E989.56518
G1 X166.693 Y104.157 E989.57293
G1 X164.616 Y104.156 E989.61438
G1 X165.016 Y104.556 E989.62567
G1 X165.016 Y108.556 E989.70549
G0 F12000 X165.326 Y108.556
G0 X164.854 Y108.994
G0 X146.492 Y108.994
G0 X145.928 Y108.556
G1 F2400 X145.928 Y104.556 E989.78531
G1 X145.06 Y104.556 E989.80264
G1 X145.051 Y108.556 E989.88246
G1 X145.928 Y108.556 E989.89996
G0 F12000 X146.328 Y108.556
G1 F2400 X146.328 Y104.556 E989.97979
G1 X146.665 Y104.155 E989.99024
G1 X144.651 Y104.157 E990.03043
G1 X144.66 Y104.55 E990.03828
G1 X144.65 Y108.956 E990.1262
G1 X146.728 Y108.956 E990.16767
G1 X146.328 Y108.556 E990.17896
G1 F1500 E983.67896
G0 F12000 X146.019 Y108.556
G0 X146.492 Y108.994
G0 X164.46 Y109.066
G0 X164.46 Y108.805
;TYPE:WALL-OUTER
G1 F1500 E990.17896
G1 F1912.4 X146.928 Y108.806 E990.61805
G1 F2133.3 X146.728 Y108.556 E990.62524
G1 F2400 X146.728 Y104.556 E990.70506
G1 F2123.9 X146.884 Y104.307 E990.71169
G1 F1912.4 X164.416 Y104.306 E991.15077
G1 F2133.3 X164.616 Y104.556 E991.15796
G1 F2400 X164.616 Y108.556 E991.23778
G1 F2123.9 X164.46 Y108.805 E991.24441
G0 F12000 X164.46 Y109.066
G0 X165.416 Y109.046
G0 X165.416 Y109.356
G1 F2400 X167.095 Y109.356 E991.27792
G1 X167.084 Y104.555 E991.37373
G1 X167.103 Y103.757 E991.38966
G1 X165.416 Y103.756 E991.42332
G1 F2133.3 X164.416 Y103.806 E991.4458
G1 F1912.4 X146.841 Y103.808 E991.88596
G1 F2123.9 X145.928 Y103.756 E991.90659
G1 F2400 X144.241 Y103.757 E991.94025
G1 X144.26 Y104.549 E991.95606
G1 X144.249 Y109.356 E992.05199
G1 X145.928 Y109.356 E992.0855
G1 F2133.3 X146.928 Y109.306 E992.10798
G1 F1912.4 X164.503 Y109.304 E992.54814
G1 F2123.9 X165.416 Y109.356 E992.56876
G0 F12000 X165.416 Y109.046
G0 X165.334 Y104.474
G0 X165.848 Y104.656
G0 X165.848 Y104.988
;TYPE:SKIN
G1 F1742.3 X165.854 Y108.118 E992.6548
G0 F12000 X165.516 Y108.118
G0 X164.854 Y104.118
G0 X146.491 Y104.118
G0 X145.494 Y104.656
G0 X145.494 Y104.99
G1 F1732.9 X145.488 Y108.116 E992.7412
G1 F1500 E986.2412
;MESH:NONMESH
G0 F300 X145.488 Y108.116 Z3.24
G0 F12000 X145.153 Y108.115
G0 X145.224 Y108.384
G0 X146.492 Y108.994
G0 X151.792 Y109.126
G0 X151.792 Y110.221
G0 X151.555 Y145.815
G0 X151.792 Y146.658
;TIME_ELAPSED:1862.511085
;LAYER:26
;TYPE:SUPPORT
G1 F1500 E992.7412
G1 F2400 X153.671 Y146.132 E992.78014
G1 X155.552 Y146.658 E992.81912
G1 X156.905 Y148.091 E992.85845
G1 X157.431 Y149.89 E992.89585
G1 X156.905 Y151.767 E992.93475
G1 X155.547 Y153.129 E992.97314
G1 X153.67 Y153.655 E993.01204
G1 X151.874 Y153.13 E993.04938
G1 X150.434 Y151.69 E993.09002
G1 X149.909 Y149.892 E993.1274
G1 X150.435 Y148.091 E993.16484
G1 X151.792 Y146.658 E993.20422
G1 F1500 E986.70422
;MESH:9VBatteryHolder_v2.stl
G0 F12000 X151.165 Y146.066
G0 X149.668 Y147.65
G0 X149.01 Y149.894
G0 X149.67 Y152.147
G0 X151.792 Y155.891
G0 X151.792 Y156.986
G0 X142.672 Y157.556
;TYPE:WALL-INNER
G1 F1500 E993.20422
G1 F2400 X168.672 Y157.556 E993.72308
G1 F2352.9 X168.846 Y157.549 E993.72663
G0 F12000 X169.369 Y157.253
G1 F2436.5 X168.846 Y157.549 E993.73844
G1 X169.686 Y157.57 E993.75496
G1 F2442.7 X169.665 Y156.73 E993.77143
G1 X169.369 Y157.253 E993.78321
G0 F12000 X169.665 Y156.73
G1 F2358.7 X169.672 Y156.556 E993.78675
G1 F2400 X169.672 Y112.556 E994.66482
G1 F1500 E988.16482
G0 F12000 X169.511 Y157.394
G0 X141.835 Y157.394
G0 X141.672 Y112.556
G1 F1500 E994.66482
G1 F2400 X141.672 Y156.556 E995.54289
G1 F2352.9 X141.679 Y156.73 E995.54643
G0 F12000 X141.975 Y157.253
G1 F2436.5 X141.679 Y156.73 E995.55824
G1 X141.658 Y157.57 E995.57476
G1 F2487 X142.672 Y157.556 E995.59429
G1 X141.975 Y157.253 E995.60892
G0 F12000 X141.763 Y157.253
G0 X169.096 Y157.466
G0 X169.096 Y156.98
G1 F2400 X168.761 Y157.156 E995.61648
G1 X142.672 Y157.156 E996.13711
G1 X142.247 Y156.981 E996.14628
G1 X142.072 Y156.645 E996.15384
G1 X142.072 Y112.156 E997.04167
G1 X141.272 Y112.156 E997.05763
G1 X141.273 Y157.955 E997.9716
G1 X170.072 Y157.956 E998.54632
G1 X170.072 Y112.156 E999.46031
G1 X169.272 Y112.156 E999.47627
G1 X169.272 Y156.645 E1000.3641
G1 X169.096 Y156.98 E1000.37165
G0 F12000 X168.87 Y156.591
;TYPE:WALL-OUTER
G1 F2400 X168.814 Y156.698 E1000.37406
G1 X168.707 Y156.754 E1000.37647
G1 X142.672 Y156.756 E1000.89603
G1 X142.53 Y156.698 E1000.89909
G1 X142.474 Y156.591 E1000.9015
G1 X142.472 Y111.756 E1001.79623
G1 X140.872 Y111.756 E1001.82816
G1 X140.873 Y158.355 E1002.75809
G1 X170.472 Y158.356 E1003.34877
G1 X170.472 Y111.756 E1004.27872
G1 X168.872 Y111.756 E1004.31065
G1 X168.87 Y156.591 E1005.20538
G1 F1500 E998.70538
G0 F12000 X169.183 Y156.591
G0 X169.097 Y111.98
G0 X169.097 Y110.891
G0 X168.087 Y109.136
G0 X166.998 Y109.132
G0 X166.332 Y108.47
;TYPE:WALL-INNER
G1 F1500 E1005.20538
G1 F1678.3 X166.328 Y104.64 E1005.31468
G1 F1681.3 X165.757 Y104.641 E1005.33095
G1 F1678.3 X165.758 Y108.47 E1005.44022
G1 F1675.4 X166.332 Y108.47 E1005.45663
G0 F12000 X165.584 Y108.556
G0 X165.272 Y108.556
G1 F2400 X164.935 Y108.957 E1005.46708
G1 X166.819 Y108.956 E1005.50468
G1 X166.812 Y104.543 E1005.59274
G1 X166.822 Y104.157 E1005.60045
G1 X164.872 Y104.156 E1005.63936
G1 X165.272 Y104.556 E1005.65065
G1 X165.272 Y108.556 E1005.73048
G0 F12000 X165.584 Y108.556
G0 X165.112 Y108.994
G0 X146.234 Y108.994
G0 X145.586 Y108.47
G1 F1681.3 X145.584 Y104.64 E1005.83958
G1 F1687.2 X145.016 Y104.64 E1005.85571
G1 F1681.3 X145.012 Y108.47 E1005.96481
G1 F1675.4 X145.586 Y108.47 E1005.98122
G0 F12000 X146.072 Y108.557
G1 F2400 X146.068 Y104.557 E1006.06105
G1 X146.405 Y104.155 E1006.07152
G1 X144.522 Y104.157 E1006.10909
G1 X144.532 Y104.554 E1006.11702
G1 X144.525 Y108.956 E1006.20486
G1 X146.471 Y108.956 E1006.2437
G1 X146.072 Y108.557 E1006.25496
G1 F1500 E999.75496
G0 F12000 X145.761 Y108.557
G0 X146.234 Y108.994
G0 X164.716 Y109.066
G0 X164.716 Y108.805
;TYPE:WALL-OUTER
G1 F1500 E1006.25496
G1 F1912.4 X146.672 Y108.806 E1006.70687
G1 F2133.3 X146.472 Y108.557 E1006.71404
G1 F2400 X146.468 Y104.557 E1006.79386
G1 F2123.9 X146.624 Y104.307 E1006.80051
G1 F1912.4 X164.672 Y104.306 E1007.25252
G1 F2133.3 X164.872 Y104.556 E1007.25971
G1 F2400 X164.872 Y108.556 E1007.33953
G1 F2123.9 X164.716 Y108.805 E1007.34616
G0 F12000 X164.716 Y109.066
G0 X165.672 Y109.046
G0 X165.672 Y109.356
G1 F2400 X167.219 Y109.356 E1007.37703
G1 X167.212 Y104.554 E1007.47286
G1 X167.234 Y103.757 E1007.48877
G1 X165.672 Y103.756 E1007.51994
G1 F2133.3 X164.672 Y103.806 E1007.54242
G1 F1912.4 X146.581 Y103.808 E1007.99551
G1 F2123.9 X145.667 Y103.756 E1008.01615
G1 F2400 X144.11 Y103.757 E1008.04722
G1 X144.132 Y104.553 E1008.06311
G1 X144.125 Y109.356 E1008.15896
G1 X145.673 Y109.356 E1008.18985
G1 F2133.3 X146.672 Y109.306 E1008.21231
G1 F1912.4 X164.759 Y109.304 E1008.6653
G1 F2123.9 X165.672 Y109.356 E1008.68592
G0 F12000 X165.884 Y108.346
G1 F1500 E1002.18592
;MESH:NONMESH
G0 F300 X165.884 Y108.346 Z3.36
G0 F12000 X165.112 Y108.994
G0 X151.804 Y109.126
G0 X151.804 Y110.221
G0 X151.566 Y145.826
G0 X151.804 Y146.674
;TIME_ELAPSED:1894.111834
;LAYER:27
;TYPE:SUPPORT
G1 F1500 E1008.68592
G1 F2400 X153.672 Y146.148 E1008.72465
G1 X155.54 Y146.674 E1008.76337
G1 X156.897 Y148.103 E1008.8027
G1 X157.419 Y149.89 E1008.83985
G1 X156.893 Y151.759 E1008.8786
G1 X155.539 Y153.113 E1008.91681
G1 X153.669 Y153.639 E1008.95558
G1 X151.882 Y153.118 E1008.99273
G1 X150.446 Y151.682 E1009.03325
G1 X149.921 Y149.893 E1009.07046
G1 X150.447 Y148.103 E1009.10769
G1 X151.804 Y146.674 E1009.14702
G1 F1500 E1002.64702
;MESH:9VBatteryHolder_v2.stl
G0 F12000 X151.175 Y146.079
G0 X149.679 Y147.659
G0 X149.025 Y149.894
G0 X149.683 Y152.14
G0 X151.804 Y155.891
G0 X151.804 Y156.986
G0 X142.672 Y157.556
;TYPE:WALL-INNER
G1 F1500 E1009.14702
G1 F2400 X168.672 Y157.556 E1009.66588
G1 F2352.9 X168.846 Y157.549 E1009.66942
G0 F12000 X169.369 Y157.253
G1 F2436.5 X168.846 Y157.549 E1009.68123
G1 X169.686 Y157.57 E1009.69775
G1 F2442.7 X169.665 Y156.73 E1009.71422
G1 X169.369 Y157.253 E1009.72601
G0 F12000 X169.665 Y156.73
G1 F2358.7 X169.672 Y156.556 E1009.72954
G1 F2400 X169.672 Y112.556 E1010.60761
G1 F1500 E1004.10761
G0 F12000 X169.511 Y157.394
G0 X141.835 Y157.394
G0 X141.672 Y112.556
G1 F1500 E1010.60761
G1 F2400 X141.672 Y156.556 E1011.48568
G1 F2352.9 X141.679 Y156.73 E1011.48922
G0 F12000 X141.975 Y157.253
G1 F2436.5 X141.679 Y156.73 E1011.50104
G1 X141.658 Y157.57 E1011.51755
G1 F2487 X142.672 Y157.556 E1011.53708
G1 X141.975 Y157.253 E1011.55172
G0 F12000 X141.763 Y157.253
G0 X169.096 Y157.466
G0 X169.096 Y156.98
G1 F2400 X168.761 Y157.156 E1011.55927
G1 X142.672 Y157.156 E1012.0799
G1 X142.247 Y156.981 E1012.08908
G1 X142.072 Y156.645 E1012.09664
G1 X142.072 Y112.156 E1012.98446
G1 X141.272 Y112.156 E1013.00043
G1 X141.273 Y157.955 E1013.9144
G1 X170.072 Y157.956 E1014.48911
G1 X170.072 Y112.156 E1015.4031
G1 X169.272 Y112.156 E1015.41906
G1 X169.272 Y156.645 E1016.30689
G1 X169.096 Y156.98 E1016.31444
G0 F12000 X168.87 Y156.591
;TYPE:WALL-OUTER
G1 F2400 X168.814 Y156.698 E1016.31685
G1 X168.707 Y156.754 E1016.31926
G1 X142.672 Y156.756 E1016.83882
G1 X142.53 Y156.698 E1016.84188
G1 X142.474 Y156.591 E1016.84429
G1 X142.472 Y111.756 E1017.73902
G1 X140.872 Y111.756 E1017.77095
G1 X140.873 Y158.355 E1018.70088
G1 X170.472 Y158.356 E1019.29156
G1 X170.472 Y111.756 E1020.22152
G1 X168.872 Y111.756 E1020.25345
G1 X168.87 Y156.591 E1021.14818
G1 F1500 E1014.64818
G0 F12000 X169.183 Y156.591
G0 X169.097 Y111.98
G0 X169.097 Y110.891
G0 X168.211 Y109.136
G0 X167.122 Y109.132
G0 X166.493 Y108.5
;TYPE:WALL-INNER
G1 F1500 E1021.14818
G1 F1889.8 X166.488 Y104.609 E1021.24679
G1 F1893.5 X165.981 Y104.609 E1021.25962
G1 F1889.8 X165.984 Y108.5 E1021.35823
G1 F1882.4 X166.493 Y108.5 E1021.37118
G0 F12000 X165.528 Y108.556
G1 F2400 X165.191 Y108.957 E1021.38164
G1 X166.946 Y108.955 E1021.41666
G1 X166.951 Y107.666 E1021.44238
G1 X166.94 Y104.542 E1021.50473
G1 X166.951 Y104.156 E1021.51243
G1 X165.128 Y104.156 E1021.54881
G1 X165.528 Y104.556 E1021.5601
G1 X165.528 Y108.556 E1021.63992
G0 F12000 X165.841 Y108.556
G0 X165.369 Y108.994
G0 X145.977 Y108.994
G0 X145.358 Y108.502
G1 F1893.5 X145.36 Y104.608 E1021.73842
G1 F1901 X144.856 Y104.608 E1021.75112
G1 F1893.5 X144.85 Y108.502 E1021.84961
G1 F1886.1 X145.358 Y108.502 E1021.86252
G0 F12000 X145.812 Y108.556
G1 F2400 X145.812 Y104.556 E1021.94234
G1 X146.149 Y104.155 E1021.95279
G1 X144.393 Y104.156 E1021.98784
G1 X144.404 Y104.551 E1021.99572
G1 X144.392 Y107.674 E1022.05804
G1 X144.398 Y108.956 E1022.08363
G1 X146.212 Y108.956 E1022.11983
G1 X145.812 Y108.556 E1022.13112
G1 F1500 E1015.63112
G0 F12000 X145.504 Y108.556
G0 X145.977 Y108.994
G0 X164.972 Y109.066
G0 X164.972 Y108.805
;TYPE:WALL-OUTER
G1 F1500 E1022.13112
G1 F1912.4 X146.412 Y108.806 E1022.59595
G1 F2133.3 X146.212 Y108.556 E1022.60314
G1 F2400 X146.212 Y104.556 E1022.68296
G1 F2123.9 X146.368 Y104.307 E1022.68959
G1 F1912.4 X164.928 Y104.306 E1023.15442
G1 F2133.3 X165.128 Y104.556 E1023.16161
G1 F2400 X165.128 Y108.556 E1023.24143
G1 F2123.9 X164.972 Y108.805 E1023.24806
G0 F12000 X164.972 Y109.066
G0 X165.928 Y109.046
G0 X165.928 Y109.356
G1 F2400 X167.344 Y109.355 E1023.27632
G1 X167.351 Y107.664 E1023.31006
G1 X167.34 Y104.554 E1023.37213
G1 X167.363 Y103.756 E1023.38806
G1 X165.928 Y103.756 E1023.4167
G1 F2133.3 X164.928 Y103.806 E1023.43917
G1 F1912.4 X146.325 Y103.808 E1023.90508
G1 F2123.9 X145.412 Y103.756 E1023.92571
G1 F2400 X143.98 Y103.756 E1023.95428
G1 X144.004 Y104.549 E1023.97012
G1 X143.992 Y107.676 E1024.03252
G1 X144 Y109.356 E1024.06605
G1 X145.412 Y109.356 E1024.09422
G1 F2133.3 X146.412 Y109.306 E1024.1167
G1 F1912.4 X165.015 Y109.304 E1024.58261
G1 F2123.9 X165.928 Y109.356 E1024.60323
G0 F12000 X166.141 Y108.346
G1 F1500 E1018.10323
;MESH:NONMESH
G0 F300 X166.141 Y108.346 Z3.48
G0 F12000 X165.369 Y108.994
G0 X151.812 Y109.126
G0 X151.812 Y110.221
G0 X151.574 Y145.84
G0 X151.812 Y146.686
;TIME_ELAPSED:1925.695773
;LAYER:28
;TYPE:SUPPORT
G1 F1500 E1024.60323
G1 F2400 X153.672 Y146.16 E1024.64181
G1 X155.532 Y146.686 E1024.68038
G1 X156.885 Y148.111 E1024.7196
G1 X157.404 Y149.89 E1024.75658
G1 X156.881 Y151.755 E1024.79523
G1 X155.531 Y153.101 E1024.83327
G1 X153.669 Y153.624 E1024.87187
G1 X151.89 Y153.106 E1024.90885
G1 X150.458 Y151.674 E1024.94926
G1 X149.937 Y149.893 E1024.98629
G1 X150.459 Y148.111 E1025.02335
G1 X151.812 Y146.686 E1025.06256
G1 F1500 E1018.56256
;MESH:9VBatteryHolder_v2.stl
G0 F12000 X151.182 Y146.09
G0 X149.69 Y147.666
G0 X149.039 Y149.894
G0 X149.695 Y152.133
G0 X151.812 Y155.891
G0 X151.812 Y156.986
G0 X142.672 Y157.556
;TYPE:WALL-INNER
G1 F1500 E1025.06256
G1 F2400 X168.672 Y157.556 E1025.58142
G1 F2352.9 X168.846 Y157.549 E1025.58497
G0 F12000 X169.369 Y157.253
G1 F2436.5 X168.846 Y157.549 E1025.59678
G1 X169.686 Y157.57 E1025.61329
G1 F2442.7 X169.665 Y156.73 E1025.62977
G1 X169.369 Y157.253 E1025.64155
G0 F12000 X169.665 Y156.73
G1 F2358.7 X169.672 Y156.556 E1025.64509
G1 F2400 X169.672 Y112.556 E1026.52316
G1 F1500 E1020.02316
G0 F12000 X169.511 Y157.394
G0 X141.835 Y157.394
G0 X141.672 Y112.556
G1 F1500 E1026.52316
G1 F2400 X141.672 Y156.556 E1027.40122
G1 F2352.9 X141.679 Y156.73 E1027.40477
G0 F12000 X141.975 Y157.253
G1 F2436.5 X141.679 Y156.73 E1027.41658
G1 X141.658 Y157.57 E1027.4331
G1 F2487 X142.672 Y157.556 E1027.45263
G1 X141.975 Y157.253 E1027.46726
G0 F12000 X141.763 Y157.253
G0 X169.096 Y157.466
G0 X169.096 Y156.98
G1 F2400 X168.761 Y157.156 E1027.47481
G1 X142.672 Y157.156 E1027.99545
G1 X142.247 Y156.981 E1028.00462
G1 X142.072 Y156.645 E1028.01218
G1 X142.072 Y112.156 E1028.90001
G1 X141.272 Y112.156 E1028.91597
G1 X141.273 Y157.955 E1029.82994
G1 X170.072 Y157.956 E1030.40466
G1 X170.072 Y112.156 E1031.31864
G1 X169.272 Y112.156 E1031.33461
G1 X169.272 Y156.645 E1032.22244
G1 X169.096 Y156.98 E1032.22999
G0 F12000 X168.87 Y156.591
;TYPE:WALL-OUTER
G1 F2400 X168.814 Y156.698 E1032.2324
G1 X168.707 Y156.754 E1032.23481
G1 X142.672 Y156.756 E1032.75436
G1 X142.53 Y156.698 E1032.75743
G1 X142.474 Y156.591 E1032.75984
G1 X142.472 Y111.756 E1033.65457
G1 X140.872 Y111.756 E1033.6865
G1 X140.873 Y158.355 E1034.61643
G1 X170.472 Y158.356 E1035.20711
G1 X170.472 Y111.756 E1036.13706
G1 X168.872 Y111.756 E1036.16899
G1 X168.87 Y156.591 E1037.06372
G1 F1500 E1030.56372
G0 F12000 X169.183 Y156.591
G0 X169.097 Y111.98
G0 X169.097 Y110.891
G0 X168.335 Y109.136
G0 X167.246 Y109.132
G0 X166.65 Y108.535
;TYPE:WALL-INNER
G1 F1500 E1037.06372
G1 F2176.9 X166.648 Y104.576 E1037.15083
G1 X166.208 Y104.576 E1037.16051
G1 X166.209 Y108.535 E1037.24761
G1 X166.65 Y108.535 E1037.25732
G0 F12000 X165.788 Y108.556
G1 F2400 X165.451 Y108.957 E1037.26777
G1 X167.069 Y108.955 E1037.30006
G1 X167.075 Y106.998 E1037.33911
G1 X167.068 Y104.542 E1037.38812
G1 X167.078 Y104.157 E1037.39581
G1 X165.388 Y104.156 E1037.42954
G1 X165.788 Y104.556 E1037.44082
G1 X165.788 Y108.556 E1037.52065
G0 F12000 X166.098 Y108.556
G0 X165.626 Y108.994
G0 X145.72 Y108.994
G0 X145.135 Y108.535
G1 F2171.9 X145.135 Y104.577 E1037.60793
G1 X144.693 Y104.577 E1037.61767
G1 X144.694 Y108.535 E1037.70495
G1 X145.135 Y108.535 E1037.71468
G0 F12000 X145.556 Y108.556
G1 F2400 X145.556 Y104.556 E1037.7945
G1 X145.893 Y104.155 E1037.80496
G1 X144.264 Y104.156 E1037.83747
G1 X144.272 Y104.55 E1037.84533
G1 X144.275 Y108.956 E1037.93326
G1 X145.956 Y108.956 E1037.9668
G1 X145.556 Y108.556 E1037.97809
G1 F1500 E1031.47809
G0 F12000 X145.247 Y108.556
G0 X145.72 Y108.994
G0 X165.232 Y109.066
G0 X165.232 Y108.805
;TYPE:WALL-OUTER
G1 F1500 E1037.97809
G1 F1912.4 X146.156 Y108.806 E1038.45585
G1 F2133.3 X145.956 Y108.556 E1038.46303
G1 F2400 X145.956 Y104.556 E1038.54286
G1 F2123.9 X146.112 Y104.307 E1038.54949
G1 F1912.4 X165.188 Y104.306 E1039.02724
G1 F2133.3 X165.388 Y104.556 E1039.03443
G1 F2400 X165.388 Y108.556 E1039.11425
G1 F2123.9 X165.232 Y108.805 E1039.12088
G0 F12000 X165.232 Y109.066
G0 X166.188 Y109.046
G0 X166.188 Y109.356
G1 F2400 X167.468 Y109.355 E1039.14642
G1 X167.475 Y106.997 E1039.19348
G1 X167.468 Y104.554 E1039.24223
G1 X167.49 Y103.757 E1039.25814
G1 X166.188 Y103.756 E1039.28413
G1 F2133.3 X165.188 Y103.806 E1039.30661
G1 F1912.4 X146.069 Y103.808 E1039.78544
G1 F2123.9 X145.156 Y103.756 E1039.80606
G1 F2400 X143.87 Y103.756 E1039.83172
G1 X143.86 Y104.026 E1039.83712
G1 X143.872 Y104.549 E1039.84756
G1 X143.868 Y107.005 E1039.89657
G1 X143.876 Y109.356 E1039.94348
G1 X145.156 Y109.356 E1039.96903
G1 F2133.3 X146.156 Y109.306 E1039.99151
G1 F1912.4 X165.275 Y109.304 E1040.47034
G1 F2123.9 X166.188 Y109.356 E1040.49096
G0 F12000 X166.398 Y108.346
G1 F1500 E1033.99096
;MESH:NONMESH
G0 F300 X166.398 Y108.346 Z3.6
G0 F12000 X166.43 Y108.414
G0 X165.626 Y108.994
G0 X151.812 Y109.126
G0 X151.812 Y110.221
G0 X151.575 Y145.853
G0 X151.812 Y146.698
;TIME_ELAPSED:1957.262300
;LAYER:29
;TYPE:SUPPORT
G1 F1500 E1040.49096
G1 F2400 X153.671 Y146.176 E1040.5295
G1 X155.528 Y146.698 E1040.56799
G1 X156.869 Y148.111 E1040.60686
G1 X157.388 Y149.89 E1040.64385
G1 X156.869 Y151.747 E1040.68233
G1 X155.527 Y153.089 E1040.7202
G1 X153.67 Y153.611 E1040.75869
G1 X151.898 Y153.09 E1040.79555
G1 X150.474 Y151.666 E1040.83574
G1 X149.953 Y149.891 E1040.87266
G1 X150.475 Y148.111 E1040.90968
G1 X151.812 Y146.698 E1040.9485
G1 F1500 E1034.4485
;MESH:9VBatteryHolder_v2.stl
G0 F12000 X151.185 Y146.106
G0 X149.706 Y147.671
G0 X149.054 Y149.894
G0 X149.708 Y152.126
G0 X151.812 Y155.891
G0 X151.812 Y156.986
G0 X142.672 Y157.556
;TYPE:WALL-INNER
G1 F1500 E1040.9485
G1 F2400 X168.672 Y157.556 E1041.46735
G1 F2352.9 X168.846 Y157.549 E1041.4709
G0 F12000 X169.369 Y157.253
G1 F2436.5 X168.846 Y157.549 E1041.48271
G1 X169.686 Y157.57 E1041.49923
G1 F2442.7 X169.665 Y156.73 E1041.5157
G1 X169.369 Y157.253 E1041.52749
G0 F12000 X169.665 Y156.73
G1 F2358.7 X169.672 Y156.556 E1041.53102
G1 F2400 X169.672 Y112.556 E1042.40909
G1 F1500 E1035.90909
G0 F12000 X169.511 Y157.394
G0 X141.835 Y157.394
G0 X141.672 Y112.556
G1 F1500 E1042.40909
G1 F2400 X141.672 Y156.556 E1043.28716
G1 F2352.9 X141.679 Y156.73 E1043.2907
G0 F12000 X141.975 Y157.253
G1 F2436.5 X141.679 Y156.73 E1043.30251
G1 X141.658 Y157.57 E1043.31903
G1 F2487 X142.672 Y157.556 E1043.33856
G1 X141.975 Y157.253 E1043.3532
G0 F12000 X141.763 Y157.253
G0 X169.096 Y157.466
G0 X169.096 Y156.98
G1 F2400 X168.761 Y157.156 E1043.36075
G1 X142.672 Y157.156 E1043.88138
G1 X142.247 Y156.981 E1043.89055
G1 X142.072 Y156.645 E1043.89811
G1 X142.072 Y112.156 E1044.78594
G1 X141.272 Y112.156 E1044.80191
G1 X141.273 Y157.955 E1045.71587
G1 X170.072 Y157.956 E1046.29059
G1 X170.072 Y112.156 E1047.20458
G1 X169.272 Y112.156 E1047.22054
G1 X169.272 Y156.645 E1048.10837
G1 X169.096 Y156.98 E1048.11592
G0 F12000 X168.87 Y156.591
;TYPE:WALL-OUTER
G1 F2400 X168.814 Y156.698 E1048.11833
G1 X168.707 Y156.754 E1048.12074
G1 X142.672 Y156.756 E1048.6403
G1 X142.53 Y156.698 E1048.64336
G1 X142.474 Y156.591 E1048.64577
G1 X142.472 Y111.756 E1049.5405
G1 X140.872 Y111.756 E1049.57243
G1 X140.873 Y158.355 E1050.50236
G1 X170.472 Y158.356 E1051.09304
G1 X170.472 Y111.756 E1052.023
G1 X168.872 Y111.756 E1052.05493
G1 X168.87 Y156.591 E1052.94966
G1 F1500 E1046.44966
G0 F12000 X169.183 Y156.591
G0 X169.097 Y111.98
G0 X169.097 Y110.891
G0 X167.37 Y110.221
G0 X167.37 Y109.132
G0 X166.795 Y108.556
;TYPE:WALL-INNER
G1 F1500 E1052.94966
G1 F2388.1 X166.799 Y104.557 E1053.02986
G1 F2382.1 X166.396 Y104.556 E1053.03796
G1 F2388.1 X166.396 Y108.556 E1053.11819
G1 F2400 X166.795 Y108.556 E1053.12615
G0 F12000 X165.996 Y108.556
G1 F2400 X165.659 Y108.957 E1053.1366
G1 X167.194 Y108.956 E1053.16723
G1 X167.204 Y106.334 E1053.21956
G1 X167.2 Y104.548 E1053.2552
G1 X167.208 Y104.156 E1053.26303
G1 X165.596 Y104.156 E1053.29519
G1 X165.996 Y104.556 E1053.30648
G1 X165.996 Y108.556 E1053.38631
G0 F12000 X166.306 Y108.557
G0 X165.834 Y108.994
G0 X145.512 Y108.994
G0 X144.948 Y108.556
G1 F2394 X144.948 Y104.556 E1053.46633
G1 F2388.1 X144.545 Y104.557 E1053.47441
G1 F2394 X144.549 Y108.556 E1053.55442
G1 F2400 X144.948 Y108.556 E1053.56238
G0 F12000 X145.348 Y108.556
G1 F2400 X145.348 Y104.556 E1053.64221
G1 X145.685 Y104.155 E1053.65266
G1 X144.134 Y104.156 E1053.68361
G1 X144.144 Y104.55 E1053.69148
G1 X144.14 Y106.341 E1053.72722
G1 X144.15 Y108.956 E1053.7794
G1 X145.748 Y108.956 E1053.81129
G1 X145.348 Y108.556 E1053.82258
G1 F1500 E1047.32258
G0 F12000 X145.04 Y108.556
G0 X145.512 Y108.994
G0 X165.44 Y109.066
G0 X165.44 Y108.805
;TYPE:WALL-OUTER
G1 F1500 E1053.82258
G1 F1912.4 X145.948 Y108.806 E1054.31076
G1 F2133.3 X145.748 Y108.556 E1054.31794
G1 F2400 X145.748 Y104.556 E1054.39777
G1 F2123.9 X145.904 Y104.307 E1054.40439
G1 F1912.4 X165.396 Y104.306 E1054.89257
G1 F2133.3 X165.596 Y104.556 E1054.89976
G1 F2400 X165.596 Y108.556 E1054.97958
G1 F2123.9 X165.44 Y108.805 E1054.98621
G0 F12000 X165.44 Y109.066
G0 X166.396 Y109.046
G0 X166.396 Y109.356
G1 F2400 X167.592 Y109.356 E1055.01007
G1 X167.604 Y106.334 E1055.07038
G1 X167.6 Y104.556 E1055.10586
G1 X167.607 Y104.143 E1055.11411
G1 X167.594 Y103.757 E1055.12181
G1 X166.396 Y103.756 E1055.14572
G1 F2133.3 X165.396 Y103.806 E1055.1682
G1 F1912.4 X145.861 Y103.808 E1055.65745
G1 F2123.9 X144.948 Y103.756 E1055.67807
G1 F2400 X143.749 Y103.756 E1055.702
G1 X143.733 Y104.173 E1055.71033
G1 X143.744 Y104.549 E1055.71784
G1 X143.74 Y106.342 E1055.75362
G1 X143.752 Y109.356 E1055.81377
G1 X144.948 Y109.356 E1055.83763
G1 F2133.3 X145.948 Y109.306 E1055.86011
G1 F1912.4 X165.483 Y109.304 E1056.34936
G1 F2123.9 X166.396 Y109.356 E1056.36999
G0 F12000 X166.606 Y108.346
G1 F1500 E1049.86999
;MESH:NONMESH
G0 F300 X166.606 Y108.346 Z3.72
G0 F12000 X166.696 Y108.346
G0 X165.834 Y108.994
G0 X151.82 Y109.126
G0 X151.82 Y110.221
G0 X151.583 Y145.866
G0 X151.82 Y146.71
;TIME_ELAPSED:1988.891316
;LAYER:30
;TYPE:SUPPORT
G1 F1500 E1056.36999
G1 F2400 X153.672 Y146.192 E1056.40836
G1 X155.524 Y146.71 E1056.44674
G1 X156.857 Y148.119 E1056.48545
G1 X157.375 Y149.89 E1056.52227
G1 X156.857 Y151.739 E1056.56059
G1 X155.519 Y153.077 E1056.59835
G1 X153.67 Y153.595 E1056.63667
G1 X151.902 Y153.078 E1056.67343
G1 X150.486 Y151.662 E1056.71339
G1 X149.965 Y149.892 E1056.75021
G1 X150.487 Y148.119 E1056.7871
G1 X151.82 Y146.71 E1056.8258
G1 F1500 E1050.3258
;MESH:9VBatteryHolder_v2.stl
G0 F12000 X151.192 Y146.117
G0 X149.718 Y147.678
G0 X149.068 Y149.894
G0 X149.72 Y152.119
G0 X151.82 Y155.891
G0 X151.82 Y156.986
G0 X142.672 Y157.556
;TYPE:WALL-INNER
G1 F1500 E1056.8258
G1 F2400 X168.672 Y157.556 E1057.34466
G1 F2352.9 X168.846 Y157.549 E1057.34821
G0 F12000 X169.369 Y157.253
G1 F2436.5 X168.846 Y157.549 E1057.36002
G1 X169.686 Y157.57 E1057.37654
G1 F2442.7 X169.665 Y156.73 E1057.39301
G1 X169.369 Y157.253 E1057.40479
G0 F12000 X169.665 Y156.73
G1 F2358.7 X169.672 Y156.556 E1057.40833
G1 F2400 X169.672 Y112.556 E1058.2864
G1 F1500 E1051.7864
G0 F12000 X169.511 Y157.394
G0 X141.835 Y157.394
G0 X141.672 Y112.556
G1 F1500 E1058.2864
G1 F2400 X141.672 Y156.556 E1059.16447
G1 F2352.9 X141.679 Y156.73 E1059.16801
G0 F12000 X141.975 Y157.253
G1 F2436.5 X141.679 Y156.73 E1059.17982
G1 X141.658 Y157.57 E1059.19634
G1 F2487 X142.672 Y157.556 E1059.21587
G1 X141.975 Y157.253 E1059.2305
G0 F12000 X141.763 Y157.253
G0 X169.096 Y157.466
G0 X169.096 Y156.98
G1 F2400 X168.761 Y157.156 E1059.23806
G1 X142.672 Y157.156 E1059.75869
G1 X142.247 Y156.981 E1059.76786
G1 X142.072 Y156.645 E1059.77542
G1 X142.072 Y112.156 E1060.66325
G1 X141.272 Y112.156 E1060.67921
G1 X141.273 Y157.955 E1061.59318
G1 X170.072 Y157.956 E1062.1679
G1 X170.072 Y112.156 E1063.08189
G1 X169.272 Y112.156 E1063.09785
G1 X169.272 Y156.645 E1063.98568
G1 X169.096 Y156.98 E1063.99323
G0 F12000 X168.87 Y156.591
;TYPE:WALL-OUTER
G1 F2400 X168.814 Y156.698 E1063.99564
G1 X168.707 Y156.754 E1063.99805
G1 X142.672 Y156.756 E1064.51761
G1 X142.53 Y156.698 E1064.52067
G1 X142.474 Y156.591 E1064.52308
G1 X142.472 Y111.756 E1065.41781
G1 X140.872 Y111.756 E1065.44974
G1 X140.873 Y158.355 E1066.37967
G1 X170.472 Y158.356 E1066.97035
G1 X170.472 Y111.756 E1067.9003
G1 X168.872 Y111.756 E1067.93223
G1 X168.87 Y156.591 E1068.82696
G1 F1500 E1062.32696
G0 F12000 X169.183 Y156.591
G0 X169.097 Y111.98
G0 X169.097 Y110.891
G0 X167.495 Y110.221
G0 X167.495 Y109.132
G0 X166.931 Y108.568
;TYPE:WALL-INNER
G1 F1500 E1068.82696
G1 F2539.7 X166.938 Y104.546 E1068.90281
G1 F2526.3 X166.558 Y104.546 E1068.91002
G1 F2539.7 X166.556 Y108.568 E1068.98587
G1 F2553.2 X166.931 Y108.568 E1068.9929
G0 F12000 X166.168 Y108.556
G1 F2400 X165.831 Y108.957 E1069.00335
G1 X167.318 Y108.956 E1069.03303
G1 X167.332 Y105.671 E1069.09859
G1 X167.329 Y104.157 E1069.1288
G1 X165.768 Y104.156 E1069.15995
G1 X166.168 Y104.556 E1069.17124
G1 X166.168 Y108.556 E1069.25106
G0 F12000 X166.478 Y108.557
G0 X166.006 Y108.994
G0 X145.34 Y108.994
G0 X144.789 Y108.569
G1 F2553.2 X144.786 Y104.546 E1069.32653
G1 F2539.7 X144.406 Y104.546 E1069.3337
G1 X144.414 Y108.569 E1069.40956
G1 F2553.2 X144.789 Y108.569 E1069.4166
G0 F12000 X145.176 Y108.556
G1 F2400 X145.176 Y104.556 E1069.49642
G1 X145.513 Y104.155 E1069.50688
G1 X144.015 Y104.156 E1069.53677
G1 X144.027 Y108.956 E1069.63256
G1 X145.576 Y108.956 E1069.66347
G1 X145.176 Y108.556 E1069.67476
G1 F1500 E1063.17476
G0 F12000 X144.868 Y108.556
G0 X145.34 Y108.994
G0 X165.612 Y109.066
G0 X165.612 Y108.805
;TYPE:WALL-OUTER
G1 F1500 E1069.67476
G1 F1912.4 X145.776 Y108.806 E1070.17155
G1 F2133.3 X145.576 Y108.556 E1070.17874
G1 F2400 X145.576 Y104.556 E1070.25856
G1 F2123.9 X145.732 Y104.307 E1070.26519
G1 F1912.4 X165.568 Y104.306 E1070.76198
G1 F2133.3 X165.768 Y104.556 E1070.76917
G1 F2400 X165.768 Y108.556 E1070.84899
G1 F2123.9 X165.612 Y108.805 E1070.85562
G0 F12000 X165.612 Y109.066
G0 X166.568 Y109.046
G0 X166.568 Y109.356
G1 F2400 X167.716 Y109.356 E1070.87853
G1 X167.732 Y105.669 E1070.95211
G1 X167.728 Y104.553 E1070.97438
G1 X167.735 Y104.28 E1070.97983
G1 X167.715 Y103.757 E1070.99027
G1 X166.568 Y103.756 E1071.01316
G1 F2133.3 X165.568 Y103.806 E1071.03564
G1 F1912.4 X145.689 Y103.808 E1071.53351
G1 F2123.9 X144.776 Y103.756 E1071.55413
G1 F2400 X143.629 Y103.756 E1071.57702
G1 X143.608 Y104.321 E1071.5883
G1 X143.616 Y104.547 E1071.59281
G1 X143.628 Y109.356 E1071.68878
G1 X144.776 Y109.356 E1071.71169
G1 F2133.3 X145.776 Y109.306 E1071.73417
G1 F1912.4 X165.655 Y109.304 E1072.23204
G1 F2123.9 X166.568 Y109.356 E1072.25266
G1 F1500 E1065.75266
;MESH:NONMESH
G0 F300 X166.568 Y109.356 Z3.84
G0 F12000 X166.568 Y109.046
G0 X151.832 Y109.126
G0 X151.832 Y110.221
G0 X151.595 Y145.876
G0 X151.832 Y146.722
;TIME_ELAPSED:2020.443942
;LAYER:31
;TYPE:SUPPORT
G1 F1500 E1072.25266
G1 F2400 X153.672 Y146.204 E1072.29081
G1 X155.512 Y146.722 E1072.32895
G1 X156.849 Y148.131 E1072.36772
G1 X157.36 Y149.89 E1072.40427
G1 X156.845 Y151.731 E1072.44242
G1 X155.511 Y153.065 E1072.48007
G1 X153.67 Y153.58 E1072.51822
G1 X151.91 Y153.066 E1072.55481
G1 X150.498 Y151.654 E1072.59466
G1 X149.981 Y149.891 E1072.63132
G1 X150.495 Y148.131 E1072.66791
G1 X151.832 Y146.722 E1072.70667
G1 F1500 E1066.20667
;MESH:9VBatteryHolder_v2.stl
G0 F12000 X151.204 Y146.128
G0 X149.729 Y147.687
G0 X149.083 Y149.894
G0 X149.733 Y152.112
G0 X151.832 Y155.891
G0 X151.832 Y156.986
G0 X142.672 Y157.556
;TYPE:WALL-INNER
G1 F1500 E1072.70667
G1 F2400 X168.672 Y157.556 E1073.22553
G1 F2352.9 X168.846 Y157.549 E1073.22908
G0 F12000 X169.369 Y157.253
G1 F2436.5 X168.846 Y157.549 E1073.24089
G1 X169.686 Y157.57 E1073.25741
G1 F2442.7 X169.665 Y156.73 E1073.27388
G1 X169.369 Y157.253 E1073.28566
G0 F12000 X169.665 Y156.73
G1 F2358.7 X169.672 Y156.556 E1073.2892
G1 F2400 X169.672 Y112.556 E1074.16727
G1 F1500 E1067.66727
G0 F12000 X169.511 Y157.394
G0 X141.835 Y157.394
G0 X141.672 Y112.556
G1 F1500 E1074.16727
G1 F2400 X141.672 Y156.556 E1075.04533
G1 F2352.9 X141.679 Y156.73 E1075.04888
G0 F12000 X141.975 Y157.253
G1 F2436.5 X141.679 Y156.73 E1075.06069
G1 X141.658 Y157.57 E1075.07721
G1 F2487 X142.672 Y157.556 E1075.09674
G1 X141.975 Y157.253 E1075.11137
G0 F12000 X141.763 Y157.253
G0 X169.096 Y157.466
G0 X169.096 Y156.98
G1 F2400 X168.761 Y157.156 E1075.11893
G1 X142.672 Y157.156 E1075.63956
G1 X142.247 Y156.981 E1075.64873
G1 X142.072 Y156.645 E1075.65629
G1 X142.072 Y112.156 E1076.54412
G1 X141.272 Y112.156 E1076.56008
G1 X141.273 Y157.955 E1077.47405
G1 X170.072 Y157.956 E1078.04877
G1 X170.072 Y112.156 E1078.96276
G1 X169.272 Y112.156 E1078.97872
G1 X169.272 Y156.645 E1079.86655
G1 X169.096 Y156.98 E1079.8741
G0 F12000 X168.87 Y156.591
;TYPE:WALL-OUTER
G1 F2400 X168.814 Y156.698 E1079.87651
G1 X168.707 Y156.754 E1079.87892
G1 X142.672 Y156.756 E1080.39847
G1 X142.53 Y156.698 E1080.40154
G1 X142.474 Y156.591 E1080.40395
G1 X142.472 Y111.756 E1081.29868
G1 X140.872 Y111.756 E1081.33061
G1 X140.873 Y158.355 E1082.26054
G1 X170.472 Y158.356 E1082.85122
G1 X170.472 Y111.756 E1083.78117
G1 X168.872 Y111.756 E1083.8131
G1 X168.87 Y156.591 E1084.70783
G1 F1500 E1078.20783
G0 F12000 X169.183 Y156.591
G0 X169.097 Y111.98
G0 X169.097 Y110.891
G0 X167.619 Y110.221
G0 X167.619 Y109.132
G0 X167.066 Y108.579
;TYPE:WALL-INNER
G1 F1500 E1084.70783
G1 F2696.6 X167.079 Y104.536 E1084.77964
G1 F2681.6 X166.719 Y104.535 E1084.78607
G1 F2696.6 X166.713 Y108.579 E1084.8579
G1 F2704.2 X167.066 Y108.579 E1084.86415
G0 F12000 X166.336 Y108.557
G1 F2400 X165.999 Y108.957 E1084.87459
G1 X167.442 Y108.956 E1084.90338
G1 X167.459 Y104.452 E1084.99327
G1 X167.448 Y104.156 E1084.99918
G1 X165.94 Y104.156 E1085.02927
G1 X166.34 Y104.557 E1085.04057
G1 X166.336 Y108.557 E1085.1204
G0 F12000 X166.649 Y108.558
G0 X166.177 Y108.994
G0 X145.169 Y108.994
G0 X144.628 Y108.58
G1 F2711.9 X144.625 Y104.535 E1085.19184
G1 F2689.1 X144.265 Y104.535 E1085.19825
G1 F2696.6 X144.277 Y108.58 E1085.27009
G1 F2727.3 X144.628 Y108.58 E1085.27626
G0 F12000 X145.004 Y108.556
G1 F2400 X145.004 Y104.556 E1085.35608
G1 X145.341 Y104.155 E1085.36653
G1 X143.896 Y104.156 E1085.39537
G1 X143.885 Y104.47 E1085.40164
G1 X143.902 Y108.956 E1085.49116
G1 X145.404 Y108.956 E1085.52114
G1 X145.004 Y108.556 E1085.53243
G1 F1500 E1079.03243
G0 F12000 X144.697 Y108.556
G0 X145.169 Y108.994
G0 X165.78 Y109.066
G0 X165.78 Y108.805
;TYPE:WALL-OUTER
G1 F1500 E1085.53243
G1 F1912.4 X145.604 Y108.806 E1086.03773
G1 F2133.3 X145.404 Y108.556 E1086.04492
G1 F2400 X145.404 Y104.556 E1086.12474
G1 F2123.9 X145.56 Y104.307 E1086.13137
G1 F1912.4 X165.74 Y104.306 E1086.63678
G1 F2133.3 X165.94 Y104.557 E1086.64398
G1 F2400 X165.936 Y108.557 E1086.72381
G1 F2123.9 X165.78 Y108.805 E1086.73041
G0 F12000 X165.78 Y109.066
G0 X166.735 Y109.046
G0 X166.735 Y109.356
G1 F2400 X167.84 Y109.356 E1086.75246
G1 X167.859 Y104.438 E1086.85061
G1 X167.834 Y103.756 E1086.86423
G1 X166.741 Y103.756 E1086.88604
G1 F2133.3 X165.74 Y103.806 E1086.90854
G1 F1912.4 X145.517 Y103.808 E1087.41502
G1 F2123.9 X144.604 Y103.756 E1087.43565
G1 F2400 X143.51 Y103.756 E1087.45748
G1 X143.485 Y104.464 E1087.47162
G1 X143.504 Y109.356 E1087.56924
G1 X144.604 Y109.356 E1087.59119
G1 F2133.3 X145.604 Y109.306 E1087.61367
G1 F1912.4 X165.823 Y109.304 E1088.12005
G1 F2123.9 X166.735 Y109.356 E1088.14065
G0 F12000 X166.949 Y108.346
G1 F1500 E1081.64065
;MESH:NONMESH
G0 F300 X166.949 Y108.346 Z3.96
G0 F12000 X166.177 Y108.994
G0 X151.84 Y109.126
G0 X151.84 Y110.221
G0 X151.603 Y145.89
G0 X151.84 Y146.734
;TIME_ELAPSED:2052.095484
;LAYER:32
;TYPE:SUPPORT
G1 F1500 E1088.14065
G1 F2400 X153.671 Y146.22 E1088.17861
G1 X155.504 Y146.734 E1088.2166
G1 X156.833 Y148.139 E1088.25519
G1 X157.344 Y149.89 E1088.29159
G1 X156.829 Y151.723 E1088.32959
G1 X155.503 Y153.053 E1088.36707
G1 X153.67 Y153.564 E1088.40504
G1 X151.918 Y153.054 E1088.44145
G1 X150.51 Y151.646 E1088.48119
G1 X149.993 Y149.891 E1088.5177
G1 X150.507 Y148.139 E1088.55414
G1 X151.84 Y146.734 E1088.59279
G1 F1500 E1082.09279
;MESH:9VBatteryHolder_v2.stl
G0 F12000 X151.212 Y146.14
G0 X149.742 Y147.694
G0 X149.098 Y149.894
G0 X149.746 Y152.105
G0 X151.84 Y155.891
G0 X151.84 Y156.986
G0 X142.672 Y157.556
;TYPE:WALL-INNER
G1 F1500 E1088.59279
G1 F2400 X168.672 Y157.556 E1089.11165
G1 F2352.9 X168.846 Y157.549 E1089.11519
G0 F12000 X169.369 Y157.253
G1 F2436.5 X168.846 Y157.549 E1089.127
G1 X169.686 Y157.57 E1089.14352
G1 F2442.7 X169.665 Y156.73 E1089.16
G1 X169.369 Y157.253 E1089.17178
G0 F12000 X169.665 Y156.73
G1 F2358.7 X169.672 Y156.556 E1089.17531
G1 F2400 X169.672 Y112.556 E1090.05338
G1 F1500 E1083.55338
G0 F12000 X169.511 Y157.394
G0 X141.835 Y157.394
G0 X141.672 Y112.556
G1 F1500 E1090.05338
G1 F2400 X141.672 Y156.556 E1090.93145
G1 F2352.9 X141.679 Y156.73 E1090.93499
G0 F12000 X141.975 Y157.253
G1 F2436.5 X141.679 Y156.73 E1090.94681
G1 X141.658 Y157.57 E1090.96332
G1 F2487 X142.672 Y157.556 E1090.98285
G1 X141.975 Y157.253 E1090.99749
G0 F12000 X141.763 Y157.253
G0 X169.096 Y157.466
G0 X169.096 Y156.98
G1 F2400 X168.761 Y157.156 E1091.00504
G1 X142.672 Y157.156 E1091.52568
G1 X142.247 Y156.981 E1091.53485
G1 X142.072 Y156.645 E1091.54241
G1 X142.072 Y112.156 E1092.43023
G1 X141.272 Y112.156 E1092.4462
G1 X141.273 Y157.955 E1093.36017
G1 X170.072 Y157.956 E1093.93488
G1 X170.072 Y112.156 E1094.84887
G1 X169.272 Y112.156 E1094.86484
G1 X169.272 Y156.645 E1095.75266
G1 X169.096 Y156.98 E1095.76021
G0 F12000 X168.87 Y156.591
;TYPE:WALL-OUTER
G1 F2400 X168.814 Y156.698 E1095.76262
G1 X168.707 Y156.754 E1095.76503
G1 X142.672 Y156.756 E1096.28459
G1 X142.53 Y156.698 E1096.28765
G1 X142.474 Y156.591 E1096.29006
G1 X142.472 Y111.756 E1097.18479
G1 X140.872 Y111.756 E1097.21672
G1 X140.873 Y158.355 E1098.14666
G1 X170.472 Y158.356 E1098.73734
G1 X170.472 Y111.756 E1099.66729
G1 X168.872 Y111.756 E1099.69922
G1 X168.87 Y156.591 E1100.59395
G1 F1500 E1094.09395
G0 F12000 X169.183 Y156.591
G0 X169.097 Y111.98
G0 X169.097 Y110.891
G0 X167.743 Y110.221
G0 X167.743 Y109.132
G0 X167.038 Y108.426
;TYPE:WALL-INNER
G1 F1500 E1100.59395
G1 F1445.8 X167.044 Y104.692 E1100.71765
G0 F12000 X166.82 Y108.557
G0 X166.508 Y108.556
G1 F2400 X166.171 Y108.957 E1100.7281
G1 X167.565 Y108.955 E1100.75592
G1 X167.579 Y104.41 E1100.84662
G1 X167.569 Y104.157 E1100.85167
G1 X166.108 Y104.156 E1100.88083
G1 X166.508 Y104.556 E1100.89212
G1 X166.508 Y108.556 E1100.97194
G0 F12000 X166.82 Y108.557
G0 X166.348 Y108.994
G0 X144.998 Y108.994
G0 X144.306 Y108.426
G1 F1441.4 X144.3 Y104.692 E1101.09601
G0 F12000 X144.526 Y108.556
G0 X144.836 Y108.556
G1 F2400 X144.836 Y104.556 E1101.17583
G1 X145.173 Y104.155 E1101.18629
G1 X143.775 Y104.156 E1101.21419
G1 X143.764 Y104.431 E1101.21968
G1 X143.778 Y108.956 E1101.30998
G1 X145.236 Y108.956 E1101.33908
G1 X144.836 Y108.556 E1101.35036
G1 F1500 E1094.85036
G0 F12000 X144.526 Y108.556
G0 X144.998 Y108.994
G0 X165.952 Y109.066
G0 X165.952 Y108.805
;TYPE:WALL-OUTER
G1 F1500 E1101.35036
G1 F1912.4 X145.436 Y108.806 E1101.86419
G1 F2133.3 X145.236 Y108.556 E1101.87137
G1 F2400 X145.236 Y104.556 E1101.9512
G1 F2123.9 X145.392 Y104.307 E1101.95782
G1 F1912.4 X165.908 Y104.306 E1102.47164
G1 F2133.3 X166.108 Y104.556 E1102.47883
G1 F2400 X166.108 Y108.556 E1102.55866
G1 F2123.9 X165.952 Y108.805 E1102.56528
G0 F12000 X165.952 Y109.066
G0 X166.908 Y109.046
G0 X166.908 Y109.356
G1 F2400 X167.964 Y109.355 E1102.58636
G1 X167.979 Y104.396 E1102.68532
G1 X167.955 Y103.757 E1102.69808
G1 X166.908 Y103.756 E1102.71897
G1 F2133.3 X165.908 Y103.806 E1102.74145
G1 F1912.4 X145.349 Y103.808 E1103.25635
G1 F2123.9 X144.436 Y103.756 E1103.27697
G1 F2400 X143.389 Y103.756 E1103.29787
G1 X143.364 Y104.432 E1103.31137
G1 X143.38 Y109.356 E1103.40963
G1 X144.436 Y109.356 E1103.4307
G1 F2133.3 X145.436 Y109.306 E1103.45318
G1 F1912.4 X165.995 Y109.304 E1103.96808
G1 F2123.9 X166.908 Y109.356 E1103.9887
G0 F12000 X167.12 Y108.346
G1 F1500 E1097.4887
;MESH:NONMESH
G0 F300 X167.12 Y108.346 Z4.08
G0 F12000 X166.348 Y108.994
G0 X151.844 Y109.126
G0 X151.844 Y110.221
G0 X151.607 Y145.903
G0 X151.844 Y146.746
;TIME_ELAPSED:2083.697831
;LAYER:33
;TYPE:SUPPORT
G1 F1500 E1103.9887
G1 F2400 X153.671 Y146.236 E1104.02656
G1 X155.5 Y146.746 E1104.06445
G1 X156.817 Y148.139 E1104.1027
G1 X157.331 Y149.89 E1104.13912
G1 X156.817 Y151.719 E1104.17703
G1 X155.495 Y153.041 E1104.21434
G1 X153.67 Y153.552 E1104.25216
G1 X151.926 Y153.042 E1104.28843
G1 X150.522 Y151.638 E1104.32805
G1 X150.009 Y149.891 E1104.36438
G1 X150.523 Y148.139 E1104.40082
G1 X151.844 Y146.746 E1104.43913
G1 F1500 E1097.93913
;MESH:9VBatteryHolder_v2.stl
G0 F12000 X151.216 Y146.153
G0 X149.756 Y147.699
G0 X149.112 Y149.894
G0 X149.758 Y152.098
G0 X151.844 Y155.891
G0 X151.844 Y156.986
G0 X142.672 Y157.556
;TYPE:WALL-INNER
G1 F1500 E1104.43913
G1 F2400 X168.672 Y157.556 E1104.95799
G1 F2352.9 X168.846 Y157.549 E1104.96154
G0 F12000 X169.369 Y157.253
G1 F2436.5 X168.846 Y157.549 E1104.97335
G1 X169.686 Y157.57 E1104.98986
G1 F2442.7 X169.665 Y156.73 E1105.00634
G1 X169.369 Y157.253 E1105.01812
G0 F12000 X169.665 Y156.73
G1 F2358.7 X169.672 Y156.556 E1105.02166
G1 F2400 X169.672 Y112.556 E1105.89973
G1 F1500 E1099.39973
G0 F12000 X169.511 Y157.394
G0 X141.835 Y157.394
G0 X141.672 Y112.556
G1 F1500 E1105.89973
G1 F2400 X141.672 Y156.556 E1106.77779
G1 F2352.9 X141.679 Y156.73 E1106.78134
G0 F12000 X141.975 Y157.253
G1 F2436.5 X141.679 Y156.73 E1106.79315
G1 X141.658 Y157.57 E1106.80967
G1 F2487 X142.672 Y157.556 E1106.8292
G1 X141.975 Y157.253 E1106.84383
G0 F12000 X141.763 Y157.253
G0 X169.096 Y157.466
G0 X169.096 Y156.98
G1 F2400 X168.761 Y157.156 E1106.85138
G1 X142.672 Y157.156 E1107.37202
G1 X142.247 Y156.981 E1107.38119
G1 X142.072 Y156.645 E1107.38875
G1 X142.072 Y112.156 E1108.27658
G1 X141.272 Y112.156 E1108.29254
G1 X141.273 Y157.955 E1109.20651
G1 X170.072 Y157.956 E1109.78123
G1 X170.072 Y112.156 E1110.69521
G1 X169.272 Y112.156 E1110.71118
G1 X169.272 Y156.645 E1111.59901
G1 X169.096 Y156.98 E1111.60656
G0 F12000 X168.87 Y156.591
;TYPE:WALL-OUTER
G1 F2400 X168.814 Y156.698 E1111.60897
G1 X168.707 Y156.754 E1111.61138
G1 X142.672 Y156.756 E1112.13093
G1 X142.53 Y156.698 E1112.134
G1 X142.474 Y156.591 E1112.13641
G1 X142.472 Y111.756 E1113.03114
G1 X140.872 Y111.756 E1113.06307
G1 X140.873 Y158.355 E1113.993
G1 X170.472 Y158.356 E1114.58368
G1 X170.472 Y111.756 E1115.51363
G1 X168.872 Y111.756 E1115.54556
G1 X168.87 Y156.591 E1116.44029
G1 F1500 E1109.94029
G0 F12000 X169.183 Y156.591
G0 X169.097 Y111.98
G0 X169.097 Y110.891
G0 X167.857 Y110.221
G0 X167.857 Y109.132
G0 X167.178 Y108.458
;TYPE:WALL-INNER
G1 F1500 E1116.44029
G1 F1621.6 X167.172 Y104.648 E1116.55282
G0 F12000 X166.991 Y108.557
G0 X166.68 Y108.556
G1 F2400 X166.343 Y108.957 E1116.56327
G1 X167.678 Y108.956 E1116.58992
G1 X167.664 Y104.54 E1116.67804
G1 X167.677 Y104.156 E1116.68571
G1 X166.28 Y104.156 E1116.71359
G1 X166.68 Y104.556 E1116.72488
G1 X166.68 Y108.556 E1116.8047
G0 F12000 X166.991 Y108.557
G0 X166.519 Y108.994
G0 X144.827 Y108.994
G0 X144.164 Y108.456
G1 F1616.2 X144.17 Y104.65 E1116.91749
G0 F12000 X144.355 Y108.556
G0 X144.664 Y108.556
G1 F2400 X144.664 Y104.556 E1116.99732
G1 X145.001 Y104.155 E1117.00777
G1 X143.667 Y104.157 E1117.03439
G1 X143.676 Y104.55 E1117.04224
G1 X143.663 Y108.956 E1117.13016
G1 X145.064 Y108.956 E1117.15812
G1 X144.664 Y108.556 E1117.16941
G1 F1500 E1110.66941
G0 F12000 X144.355 Y108.556
G0 X144.827 Y108.994
G0 X166.124 Y109.066
G0 X166.124 Y108.805
;TYPE:WALL-OUTER
G1 F1500 E1117.16941
G1 F1912.4 X145.264 Y108.806 E1117.69185
G1 F2133.3 X145.064 Y108.556 E1117.69903
G1 F2400 X145.064 Y104.556 E1117.77886
G1 F2123.9 X145.22 Y104.307 E1117.78548
G1 F1912.4 X166.08 Y104.306 E1118.30792
G1 F2133.3 X166.28 Y104.556 E1118.31511
G1 F2400 X166.28 Y108.556 E1118.39493
G1 F2123.9 X166.124 Y108.805 E1118.40156
G0 F12000 X166.124 Y109.066
G0 X167.08 Y109.046
G0 X167.08 Y109.356
G1 F2400 X168.079 Y109.356 E1118.42149
G1 X168.064 Y104.553 E1118.51734
G1 X168.09 Y103.756 E1118.53326
G1 X167.08 Y103.756 E1118.55341
G1 F2133.3 X166.08 Y103.806 E1118.57589
G1 F1912.4 X145.177 Y103.808 E1119.09941
G1 F2123.9 X144.264 Y103.756 E1119.12003
G1 F2400 X143.256 Y103.756 E1119.14014
G1 X143.276 Y104.549 E1119.15597
G1 X143.261 Y109.356 E1119.2519
G1 X144.264 Y109.356 E1119.27192
G1 F2133.3 X145.264 Y109.306 E1119.2944
G1 F1912.4 X166.167 Y109.304 E1119.81791
G1 F2123.9 X167.08 Y109.356 E1119.83853
G0 F12000 X167.291 Y108.346
G1 F1500 E1113.33853
;MESH:NONMESH
G0 F300 X167.291 Y108.346 Z4.2
G0 F12000 X166.519 Y108.994
G0 X151.856 Y109.126
G0 X151.856 Y110.221
G0 X151.618 Y145.914
G0 X151.856 Y146.762
;TIME_ELAPSED:2115.310468
;LAYER:34
;TYPE:SUPPORT
G1 F1500 E1119.83853
G1 F2400 X153.672 Y146.248 E1119.8762
G1 X155.488 Y146.762 E1119.91386
G1 X156.809 Y148.151 E1119.95211
G1 X157.316 Y149.89 E1119.98826
G1 X156.805 Y151.711 E1120.026
G1 X155.487 Y153.025 E1120.06315
G1 X153.669 Y153.536 E1120.10083
G1 X151.93 Y153.03 E1120.13697
G1 X150.534 Y151.634 E1120.17637
G1 X150.025 Y149.893 E1120.21257
G1 X150.535 Y148.151 E1120.24879
G1 X151.856 Y146.762 E1120.28705
G1 F1500 E1113.78705
;MESH:9VBatteryHolder_v2.stl
G0 F12000 X151.226 Y146.166
G0 X149.767 Y147.708
G0 X149.127 Y149.894
G0 X149.771 Y152.091
G0 X151.856 Y155.891
G0 X151.856 Y156.986
G0 X142.672 Y157.556
;TYPE:WALL-INNER
G1 F1500 E1120.28705
G1 F2400 X168.672 Y157.556 E1120.8059
G1 F2352.9 X168.846 Y157.549 E1120.80945
G0 F12000 X169.369 Y157.253
G1 F2436.5 X168.846 Y157.549 E1120.82126
G1 X169.686 Y157.57 E1120.83778
G1 F2442.7 X169.665 Y156.73 E1120.85425
G1 X169.369 Y157.253 E1120.86604
G0 F12000 X169.665 Y156.73
G1 F2358.7 X169.672 Y156.556 E1120.86957
G1 F2400 X169.672 Y112.556 E1121.74764
G1 F1500 E1115.24764
G0 F12000 X169.511 Y157.394
G0 X141.835 Y157.394
G0 X141.672 Y112.556
G1 F1500 E1121.74764
G1 F2400 X141.672 Y156.556 E1122.62571
G1 F2352.9 X141.679 Y156.73 E1122.62925
G0 F12000 X141.975 Y157.253
G1 F2436.5 X141.679 Y156.73 E1122.64106
G1 X141.658 Y157.57 E1122.65758
G1 F2487 X142.672 Y157.556 E1122.67711
G1 X141.975 Y157.253 E1122.69175
G0 F12000 X141.763 Y157.253
G0 X169.096 Y157.466
G0 X169.096 Y156.98
G1 F2400 X168.761 Y157.156 E1122.6993
G1 X142.672 Y157.156 E1123.21993
G1 X142.247 Y156.981 E1123.2291
G1 X142.072 Y156.645 E1123.23667
G1 X142.072 Y112.156 E1124.12449
G1 X141.272 Y112.156 E1124.14046
G1 X141.273 Y157.955 E1125.05442
G1 X170.072 Y157.956 E1125.62914
G1 X170.072 Y112.156 E1126.54313
G1 X169.272 Y112.156 E1126.55909
G1 X169.272 Y156.645 E1127.44692
G1 X169.096 Y156.98 E1127.45447
G0 F12000 X168.87 Y156.591
;TYPE:WALL-OUTER
G1 F2400 X168.814 Y156.698 E1127.45688
G1 X168.707 Y156.754 E1127.45929
G1 X142.672 Y156.756 E1127.97885
G1 X142.53 Y156.698 E1127.98191
G1 X142.474 Y156.591 E1127.98432
G1 X142.472 Y111.756 E1128.87905
G1 X140.872 Y111.756 E1128.91098
G1 X140.873 Y158.355 E1129.84091
G1 X170.472 Y158.356 E1130.43159
G1 X170.472 Y111.756 E1131.36155
G1 X168.872 Y111.756 E1131.39348
G1 X168.87 Y156.591 E1132.28821
G1 F1500 E1125.78821
G0 F12000 X169.183 Y156.591
G0 X169.097 Y111.98
G0 X169.097 Y110.891
G0 X167.945 Y110.221
G0 X167.945 Y109.132
G0 X167.309 Y108.499
;TYPE:WALL-INNER
G1 F1500 E1132.28821
G1 F1871.3 X167.306 Y104.61 E1132.38774
G0 F12000 X167.163 Y108.557
G0 X166.852 Y108.556
G1 F2400 X166.515 Y108.957 E1132.39819
G1 X167.767 Y108.956 E1132.42318
G1 X167.76 Y104.545 E1132.51121
G1 X167.769 Y104.157 E1132.51895
G1 X166.452 Y104.156 E1132.54523
G1 X166.852 Y104.556 E1132.55652
G1 X166.852 Y108.556 E1132.63635
G0 F12000 X167.163 Y108.557
G0 X166.691 Y108.994
G0 X144.655 Y108.994
G0 X144.033 Y108.497
G1 F1871.3 X144.038 Y104.61 E1132.73583
G0 F12000 X144.183 Y108.556
G0 X144.492 Y108.556
G1 F2400 X144.492 Y104.556 E1132.81565
G1 X144.829 Y104.155 E1132.82611
G1 X143.575 Y104.157 E1132.85113
G1 X143.584 Y104.55 E1132.85898
G1 X143.574 Y108.956 E1132.9469
G1 X144.892 Y108.956 E1132.9732
G1 X144.492 Y108.556 E1132.98449
G1 F1500 E1126.48449
G0 F12000 X144.183 Y108.556
G0 X144.655 Y108.994
G0 X166.296 Y109.066
G0 X166.296 Y108.805
;TYPE:WALL-OUTER
G1 F1500 E1132.98449
G1 F1912.4 X145.092 Y108.806 E1133.51554
G1 F2133.3 X144.892 Y108.556 E1133.52273
G1 F2400 X144.892 Y104.556 E1133.60256
G1 F2123.9 X145.048 Y104.307 E1133.60918
G1 F1912.4 X166.252 Y104.306 E1134.14023
G1 F2133.3 X166.452 Y104.556 E1134.14742
G1 F2400 X166.452 Y108.556 E1134.22725
G1 F2123.9 X166.296 Y108.805 E1134.23387
G0 F12000 X166.296 Y109.066
G0 X167.252 Y109.046
G0 X167.252 Y109.356
G1 F2400 X168.167 Y109.356 E1134.25213
G1 X168.16 Y104.555 E1134.34794
G1 X168.179 Y103.757 E1134.36387
G1 X167.252 Y103.756 E1134.38237
G1 F2133.3 X166.252 Y103.806 E1134.40485
G1 F1912.4 X145.005 Y103.808 E1134.93698
G1 F2123.9 X144.092 Y103.756 E1134.9576
G1 F2400 X143.165 Y103.757 E1134.9761
G1 X143.184 Y104.549 E1134.99191
G1 X143.173 Y109.356 E1135.08784
G1 X144.092 Y109.356 E1135.10618
G1 F2133.3 X145.092 Y109.306 E1135.12866
G1 F1912.4 X166.339 Y109.304 E1135.66078
G1 F2123.9 X167.252 Y109.356 E1135.68141
G0 F12000 X167.463 Y108.346
G1 F1500 E1129.18141
;MESH:NONMESH
G0 F300 X167.463 Y108.346 Z4.32
G0 F12000 X167.457 Y108.345
G0 X166.691 Y108.994
G0 X151.86 Y109.126
G0 X151.86 Y110.221
G0 X151.623 Y145.928
G0 X151.86 Y146.774
;TIME_ELAPSED:2146.921716
;LAYER:35
;TYPE:SUPPORT
G1 F1500 E1135.68141
G1 F2400 X153.671 Y146.264 E1135.71895
G1 X155.48 Y146.774 E1135.75646
G1 X156.797 Y148.159 E1135.7946
G1 X157.3 Y149.89 E1135.83057
G1 X156.793 Y151.703 E1135.86814
G1 X155.483 Y153.013 E1135.90511
G1 X153.67 Y153.52 E1135.94268
G1 X151.938 Y153.014 E1135.97869
G1 X150.55 Y151.626 E1136.01786
G1 X150.037 Y149.891 E1136.05397
G1 X150.547 Y148.159 E1136.09
G1 X151.86 Y146.774 E1136.12808
G1 F1500 E1129.62808
;MESH:9VBatteryHolder_v2.stl
G0 F12000 X151.232 Y146.18
G0 X149.78 Y147.715
G0 X149.142 Y149.894
G0 X149.784 Y152.084
G0 X151.86 Y155.891
G0 X151.86 Y156.986
G0 X142.672 Y157.556
;TYPE:WALL-INNER
G1 F1500 E1136.12808
G1 F2400 X168.672 Y157.556 E1136.64694
G1 F2352.9 X168.846 Y157.549 E1136.65049
G0 F12000 X169.369 Y157.253
G1 F2436.5 X168.846 Y157.549 E1136.6623
G1 X169.686 Y157.57 E1136.67882
G1 F2442.7 X169.665 Y156.73 E1136.69529
G1 X169.369 Y157.253 E1136.70707
G0 F12000 X169.665 Y156.73
G1 F2358.7 X169.672 Y156.556 E1136.71061
G1 F2400 X169.672 Y112.556 E1137.58868
G1 F1500 E1131.08868
G0 F12000 X169.511 Y157.394
G0 X141.835 Y157.394
G0 X141.672 Y112.556
G1 F1500 E1137.58868
G1 F2400 X141.672 Y156.556 E1138.46675
G1 F2352.9 X141.679 Y156.73 E1138.47029
G0 F12000 X141.975 Y157.253
G1 F2436.5 X141.679 Y156.73 E1138.4821
G1 X141.658 Y157.57 E1138.49862
G1 F2487 X142.672 Y157.556 E1138.51815
G1 X141.975 Y157.253 E1138.53278
G0 F12000 X141.763 Y157.253
G0 X169.096 Y157.466
G0 X169.096 Y156.98
G1 F2400 X168.761 Y157.156 E1138.54034
G1 X142.672 Y157.156 E1139.06097
G1 X142.247 Y156.981 E1139.07014
G1 X142.072 Y156.645 E1139.0777
G1 X142.072 Y112.156 E1139.96553
G1 X141.272 Y112.156 E1139.98149
G1 X141.273 Y157.955 E1140.89546
G1 X170.072 Y157.956 E1141.47018
G1 X170.072 Y112.156 E1142.38417
G1 X169.272 Y112.156 E1142.40013
G1 X169.272 Y156.645 E1143.28796
G1 X169.096 Y156.98 E1143.29551
G0 F12000 X168.87 Y156.591
;TYPE:WALL-OUTER
G1 F2400 X168.814 Y156.698 E1143.29792
G1 X168.707 Y156.754 E1143.30033
G1 X142.672 Y156.756 E1143.81989
G1 X142.53 Y156.698 E1143.82295
G1 X142.474 Y156.591 E1143.82536
G1 X142.472 Y111.756 E1144.72009
G1 X140.872 Y111.756 E1144.75202
G1 X140.873 Y158.355 E1145.68195
G1 X170.472 Y158.356 E1146.27263
G1 X170.472 Y111.756 E1147.20258
G1 X168.872 Y111.756 E1147.23451
G1 X168.87 Y156.591 E1148.12925
G1 F1500 E1141.62925
G0 F12000 X169.183 Y156.591
G0 X169.097 Y111.98
G0 X169.097 Y110.891
G0 X168.036 Y110.221
G0 X168.036 Y109.132
G0 X167.429 Y108.523
;TYPE:WALL-INNER
G1 F1500 E1148.12925
G1 F2077.9 X167.424 Y104.584 E1148.22004
G0 F12000 X167.307 Y108.556
G0 X166.996 Y108.556
G1 F2400 X166.659 Y108.957 E1148.23049
G1 X167.859 Y108.956 E1148.25444
G1 X167.852 Y104.545 E1148.34246
G1 X167.861 Y104.157 E1148.35021
G1 X166.596 Y104.156 E1148.37545
G1 X166.996 Y104.556 E1148.38674
G1 X166.996 Y108.556 E1148.46657
G0 F12000 X167.307 Y108.556
G0 X166.835 Y108.994
G0 X144.511 Y108.994
G0 X143.917 Y108.525
G1 F2091.5 X143.92 Y104.584 E1148.55681
G0 F12000 X144.039 Y108.556
G0 X144.348 Y108.556
G1 F2400 X144.348 Y104.556 E1148.63664
G1 X144.685 Y104.155 E1148.64709
G1 X143.483 Y104.157 E1148.67108
G1 X143.492 Y104.584 E1148.6796
G1 X143.486 Y108.956 E1148.76685
G1 X144.748 Y108.956 E1148.79203
G1 X144.348 Y108.556 E1148.80332
G1 F1500 E1142.30332
G0 F12000 X144.039 Y108.556
G0 X144.511 Y108.994
G0 X166.44 Y109.066
G0 X166.44 Y108.805
;TYPE:WALL-OUTER
G1 F1500 E1148.80332
G1 F1912.4 X144.948 Y108.806 E1149.34159
G1 F2133.3 X144.748 Y108.556 E1149.34877
G1 F2400 X144.748 Y104.556 E1149.4286
G1 F2123.9 X144.904 Y104.307 E1149.43522
G1 F1912.4 X166.396 Y104.306 E1149.97349
G1 F2133.3 X166.596 Y104.556 E1149.98068
G1 F2400 X166.596 Y108.556 E1150.0605
G1 F2123.9 X166.44 Y108.805 E1150.06713
G0 F12000 X166.44 Y109.066
G0 X167.396 Y109.046
G0 X167.396 Y109.356
G1 F2400 X168.257 Y109.356 E1150.08431
G1 X168.263 Y108.256 E1150.10626
G1 X168.252 Y104.555 E1150.18012
G1 X168.271 Y103.757 E1150.19605
G1 X167.396 Y103.756 E1150.21351
G1 F2133.3 X166.396 Y103.806 E1150.23599
G1 F1912.4 X144.861 Y103.808 E1150.77533
G1 F2123.9 X143.948 Y103.756 E1150.79595
G1 F2400 X143.073 Y103.757 E1150.81341
G1 X143.092 Y104.583 E1150.8299
G1 X143.085 Y109.356 E1150.92515
G1 X143.948 Y109.356 E1150.94237
G1 F2133.3 X144.948 Y109.306 E1150.96485
G1 F1912.4 X166.483 Y109.304 E1151.5042
G1 F2123.9 X167.396 Y109.356 E1151.52482
G0 F12000 X167.607 Y108.346
G1 F1500 E1145.02482
;MESH:NONMESH
G0 F300 X167.607 Y108.346 Z4.44
G0 F12000 X167.554 Y108.346
G0 X166.835 Y108.994
G0 X151.864 Y109.126
G0 X151.864 Y110.221
G0 X151.627 Y145.942
G0 X151.864 Y146.786
;TIME_ELAPSED:2178.540655
;LAYER:36
;TYPE:SUPPORT
G1 F1500 E1151.52482
G1 F2400 X153.671 Y146.28 E1151.56226
G1 X155.48 Y146.786 E1151.59975
G1 X156.781 Y148.163 E1151.63756
G1 X157.287 Y149.89 E1151.67347
G1 X156.781 Y151.695 E1151.71088
G1 X155.475 Y153.001 E1151.74774
G1 X153.67 Y153.507 E1151.78515
G1 X151.946 Y153.002 E1151.821
G1 X150.562 Y151.618 E1151.86005
G1 X150.053 Y149.891 E1151.89598
G1 X150.563 Y148.159 E1151.93202
G1 X151.864 Y146.786 E1151.96976
G1 F1500 E1145.46976
;MESH:9VBatteryHolder_v2.stl
G0 F12000 X151.236 Y146.193
G0 X149.794 Y147.72
G0 X149.156 Y149.894
G0 X149.796 Y152.077
G0 X151.864 Y155.891
G0 X151.864 Y156.986
G0 X142.672 Y157.556
;TYPE:WALL-INNER
G1 F1500 E1151.96976
G1 F2400 X168.672 Y157.556 E1152.48862
G1 F2352.9 X168.846 Y157.549 E1152.49217
G0 F12000 X169.369 Y157.253
G1 F2436.5 X168.846 Y157.549 E1152.50398
G1 X169.686 Y157.57 E1152.52049
G1 F2442.7 X169.665 Y156.73 E1152.53697
G1 X169.369 Y157.253 E1152.54875
G0 F12000 X169.665 Y156.73
G1 F2358.7 X169.672 Y156.556 E1152.55229
G1 F2400 X169.672 Y112.556 E1153.43036
G1 F1500 E1146.93036
G0 F12000 X169.511 Y157.394
G0 X141.835 Y157.394
G0 X141.672 Y112.556
G1 F1500 E1153.43036
G1 F2400 X141.672 Y156.556 E1154.30842
G1 F2352.9 X141.679 Y156.73 E1154.31197
G0 F12000 X141.975 Y157.253
G1 F2436.5 X141.679 Y156.73 E1154.32378
G1 X141.658 Y157.57 E1154.3403
G1 F2487 X142.672 Y157.556 E1154.35983
G1 X141.975 Y157.253 E1154.37446
G0 F12000 X141.763 Y157.253
G0 X169.096 Y157.466
G0 X169.096 Y156.98
G1 F2400 X168.761 Y157.156 E1154.38201
G1 X142.672 Y157.156 E1154.90265
G1 X142.247 Y156.981 E1154.91182
G1 X142.072 Y156.645 E1154.91938
G1 X142.072 Y112.156 E1155.80721
G1 X141.272 Y112.156 E1155.82317
G1 X141.273 Y157.955 E1156.73714
G1 X170.072 Y157.956 E1157.31186
G1 X170.072 Y112.156 E1158.22584
G1 X169.272 Y112.156 E1158.24181
G1 X169.272 Y156.645 E1159.12964
G1 X169.096 Y156.98 E1159.13719
G0 F12000 X168.87 Y156.591
;TYPE:WALL-OUTER
G1 F2400 X168.814 Y156.698 E1159.1396
G1 X168.707 Y156.754 E1159.14201
G1 X142.672 Y156.756 E1159.66156
G1 X142.53 Y156.698 E1159.66463
G1 X142.474 Y156.591 E1159.66704
G1 X142.472 Y111.756 E1160.56177
G1 X140.872 Y111.756 E1160.5937
G1 X140.873 Y158.355 E1161.52363
G1 X170.472 Y158.356 E1162.11431
G1 X170.472 Y111.756 E1163.04426
G1 X168.872 Y111.756 E1163.07619
G1 X168.87 Y156.591 E1163.97092
G1 F1500 E1157.47092
G0 F12000 X169.183 Y156.591
G0 X169.097 Y111.98
G0 X169.097 Y110.891
G0 X168.124 Y110.221
G0 X168.124 Y109.132
G0 X167.532 Y108.54
;TYPE:WALL-INNER
G1 F1500 E1163.97092
G1 F2227.4 X167.53 Y104.57 E1164.05629
G0 F12000 X167.427 Y108.556
G0 X167.116 Y108.556
G1 F2400 X166.779 Y108.957 E1164.06674
G1 X167.946 Y108.956 E1164.09003
G1 X167.944 Y104.543 E1164.1781
G1 X167.954 Y104.156 E1164.18582
G1 X166.716 Y104.156 E1164.21053
G1 X167.116 Y104.556 E1164.22182
G1 X167.116 Y108.556 E1164.30164
G0 F12000 X167.427 Y108.556
G0 X166.955 Y108.994
G0 X144.391 Y108.994
G0 X143.811 Y108.539
G1 F2227.4 X143.814 Y104.57 E1164.38699
G0 F12000 X143.919 Y108.556
G0 X144.228 Y108.556
G1 F2400 X144.228 Y104.556 E1164.46681
G1 X144.565 Y104.155 E1164.47726
G1 X143.39 Y104.156 E1164.50071
G1 X143.4 Y104.569 E1164.50896
G1 X143.395 Y108.956 E1164.5965
G1 X144.628 Y108.956 E1164.62111
G1 X144.228 Y108.556 E1164.6324
G1 F1500 E1158.1324
G0 F12000 X143.919 Y108.556
G0 X144.391 Y108.994
G0 X166.56 Y109.066
G0 X166.56 Y108.805
;TYPE:WALL-OUTER
G1 F1500 E1164.6324
G1 F1912.4 X144.828 Y108.806 E1165.17667
G1 F2133.3 X144.628 Y108.556 E1165.18386
G1 F2400 X144.628 Y104.556 E1165.26369
G1 F2123.9 X144.784 Y104.307 E1165.27031
G1 F1912.4 X166.516 Y104.306 E1165.81459
G1 F2133.3 X166.716 Y104.556 E1165.82177
G1 F2400 X166.716 Y108.556 E1165.9016
G1 F2123.9 X166.56 Y108.805 E1165.90822
G0 F12000 X166.603 Y109.304
G1 F2123.9 X167.532 Y109.356 E1165.92921
G1 F2400 X168.344 Y109.356 E1165.94541
G1 X168.351 Y107.67 E1165.97906
G1 X168.344 Y104.554 E1166.04124
G1 X168.36 Y103.756 E1166.05717
G1 X167.516 Y103.756 E1166.07401
G1 F2133.3 X166.516 Y103.806 E1166.09649
G1 F1912.4 X144.741 Y103.808 E1166.64184
G1 F2123.9 X143.814 Y103.756 E1166.66278
G1 F2400 X142.983 Y103.756 E1166.67936
G1 X143 Y104.568 E1166.69557
G1 X142.996 Y109.356 E1166.79112
G1 X143.828 Y109.356 E1166.80772
G1 F2133.3 X144.828 Y109.306 E1166.8302
G1 F1912.4 X166.603 Y109.304 E1167.37556
G0 F12000 X167.341 Y108.463
G1 F1500 E1160.87556
;MESH:NONMESH
G0 F300 X167.341 Y108.463 Z4.56
G0 F12000 X167.427 Y108.463
G0 X166.955 Y108.994
G0 X151.876 Y109.126
G0 X151.876 Y110.221
G0 X151.639 Y145.952
G0 X151.876 Y146.798
;TIME_ELAPSED:2210.106041
;LAYER:37
;TYPE:SUPPORT
G1 F1500 E1167.37556
G1 F2400 X153.672 Y146.292 E1167.41279
G1 X155.468 Y146.798 E1167.45003
G1 X156.773 Y148.171 E1167.48783
G1 X157.272 Y149.89 E1167.52355
G1 X156.769 Y151.687 E1167.56079
G1 X155.467 Y152.989 E1167.59753
G1 X153.67 Y153.492 E1167.63477
G1 X151.954 Y152.99 E1167.67045
G1 X150.574 Y151.61 E1167.7094
G1 X150.069 Y149.891 E1167.74515
G1 X150.571 Y148.171 E1167.78091
G1 X151.876 Y146.798 E1167.81871
G1 F1500 E1161.31871
;MESH:9VBatteryHolder_v2.stl
G0 F12000 X151.248 Y146.204
G0 X149.803 Y147.729
G0 X149.171 Y149.894
G0 X149.808 Y152.07
G0 X151.876 Y155.891
G0 X151.876 Y156.986
G0 X142.672 Y157.556
;TYPE:WALL-INNER
G1 F1500 E1167.81871
G1 F2400 X168.672 Y157.556 E1168.33757
G1 F2352.9 X168.846 Y157.549 E1168.34112
G0 F12000 X169.369 Y157.253
G1 F2436.5 X168.846 Y157.549 E1168.35293
G1 X169.686 Y157.57 E1168.36945
G1 F2442.7 X169.665 Y156.73 E1168.38592
G1 X169.369 Y157.253 E1168.3977
G0 F12000 X169.665 Y156.73
G1 F2358.7 X169.672 Y156.556 E1168.40124
G1 F2400 X169.672 Y112.556 E1169.27931
G1 F1500 E1162.77931
G0 F12000 X169.511 Y157.394
G0 X141.835 Y157.394
G0 X141.672 Y112.556
G1 F1500 E1169.27931
G1 F2400 X141.672 Y156.556 E1170.15737
G1 F2352.9 X141.679 Y156.73 E1170.16092
G0 F12000 X141.975 Y157.253
G1 F2436.5 X141.679 Y156.73 E1170.17273
G1 X141.658 Y157.57 E1170.18925
G1 F2487 X142.672 Y157.556 E1170.20878
G1 X141.975 Y157.253 E1170.22341
G0 F12000 X141.763 Y157.253
G0 X169.096 Y157.466
G0 X169.096 Y156.98
G1 F2400 X168.761 Y157.156 E1170.23097
G1 X142.672 Y157.156 E1170.7516
G1 X142.247 Y156.981 E1170.76077
G1 X142.072 Y156.645 E1170.76833
G1 X142.072 Y112.156 E1171.65616
G1 X141.272 Y112.156 E1171.67212
G1 X141.273 Y157.955 E1172.58609
G1 X170.072 Y157.956 E1173.16081
G1 X170.072 Y112.156 E1174.0748
G1 X169.272 Y112.156 E1174.09076
G1 X169.272 Y156.645 E1174.97859
G1 X169.096 Y156.98 E1174.98614
G0 F12000 X168.87 Y156.591
;TYPE:WALL-OUTER
G1 F2400 X168.814 Y156.698 E1174.98855
G1 X168.707 Y156.754 E1174.99096
G1 X142.672 Y156.756 E1175.51051
G1 X142.53 Y156.698 E1175.51358
G1 X142.474 Y156.591 E1175.51599
G1 X142.472 Y111.756 E1176.41072
G1 X140.872 Y111.756 E1176.44265
G1 X140.873 Y158.355 E1177.37258
G1 X170.472 Y158.356 E1177.96326
G1 X170.472 Y111.756 E1178.89321
G1 X168.872 Y111.756 E1178.92514
G1 X168.87 Y156.591 E1179.81987
G1 F1500 E1173.31987
G0 F12000 X169.183 Y156.591
G0 X169.097 Y111.98
G0 X169.097 Y110.891
G0 X168.212 Y110.221
G0 X168.212 Y109.132
G0 X167.636 Y108.556
;TYPE:WALL-INNER
G1 F1500 E1179.81987
G1 F2400 X167.636 Y104.556 E1179.8997
G0 F12000 X167.547 Y108.556
G0 X167.236 Y108.556
G1 F2400 X166.899 Y108.957 E1179.91015
G1 X168.034 Y108.956 E1179.9328
G1 X168.044 Y107.082 E1179.9702
G1 X168.036 Y104.544 E1180.02085
G1 X168.045 Y104.157 E1180.02857
G1 X166.836 Y104.156 E1180.0527
G1 X167.236 Y104.556 E1180.06399
G1 X167.236 Y108.556 E1180.14381
G0 F12000 X167.547 Y108.556
G0 X167.075 Y108.994
G0 X144.271 Y108.994
G0 X143.708 Y108.556
G1 F2400 X143.708 Y104.556 E1180.22364
G0 F12000 X143.799 Y108.556
G0 X144.108 Y108.556
G1 F2400 X144.108 Y104.556 E1180.30346
G1 X144.445 Y104.155 E1180.31392
G1 X143.297 Y104.156 E1180.33682
G1 X143.308 Y104.555 E1180.34479
G1 X143.3 Y107.089 E1180.39536
G1 X143.308 Y108.956 E1180.43262
G1 X144.508 Y108.956 E1180.45656
G1 X144.108 Y108.556 E1180.46785
G1 F1500 E1173.96785
G0 F12000 X143.799 Y108.556
G0 X144.271 Y108.994
G0 X166.68 Y109.066
G0 X166.68 Y108.805
;TYPE:WALL-OUTER
G1 F1500 E1180.46785
G1 F1912.4 X144.708 Y108.806 E1181.01814
G1 F2133.3 X144.508 Y108.555 E1181.02535
G1 F2400 X144.508 Y104.556 E1181.10515
G1 F2123.9 X144.664 Y104.307 E1181.11178
G1 F1912.4 X166.636 Y104.306 E1181.66206
G1 F2133.3 X166.836 Y104.556 E1181.66925
G1 F2400 X166.836 Y108.556 E1181.74907
G1 F2123.9 X166.68 Y108.805 E1181.7557
G0 F12000 X166.723 Y109.304
G1 F2123.9 X167.636 Y109.356 E1181.77632
G1 F2400 X168.432 Y109.356 E1181.79221
G1 X168.444 Y107.081 E1181.83761
G1 X168.436 Y104.554 E1181.88804
G1 X168.456 Y103.757 E1181.90395
G1 X167.636 Y103.756 E1181.92031
G1 F2133.3 X166.636 Y103.806 E1181.94279
G1 F1912.4 X144.621 Y103.808 E1182.49415
G1 F2123.9 X143.703 Y103.756 E1182.51489
G1 F2400 X142.886 Y103.756 E1182.53119
G1 X142.908 Y104.553 E1182.5471
G1 X142.9 Y107.09 E1182.59773
G1 X142.908 Y109.356 E1182.64295
G1 X143.708 Y109.356 E1182.65892
G1 F2133.3 X144.708 Y109.306 E1182.6814
G1 F1912.4 X166.723 Y109.304 E1183.23276
G1 F1500 E1176.73276
;MESH:NONMESH
G0 F300 X166.723 Y109.304 Z4.68
G0 F12000 X166.723 Y109.046
G0 X151.884 Y109.126
G0 X151.884 Y110.221
G0 X151.647 Y145.965
G0 X151.884 Y146.81
;TIME_ELAPSED:2241.584785
;LAYER:38
;TYPE:SUPPORT
G1 F1500 E1183.23276
G1 F2400 X153.672 Y146.308 E1183.26982
G1 X155.46 Y146.81 E1183.30688
G1 X156.761 Y148.179 E1183.34457
G1 X157.256 Y149.89 E1183.38011
G1 X156.757 Y151.679 E1183.41718
G1 X155.459 Y152.977 E1183.45381
G1 X153.67 Y153.479 E1183.49089
G1 X151.958 Y152.978 E1183.52649
G1 X150.586 Y151.606 E1183.56521
G1 X150.081 Y149.891 E1183.60089
G1 X150.583 Y148.179 E1183.63649
G1 X151.884 Y146.81 E1183.67418
G1 F1500 E1177.17418
;MESH:9VBatteryHolder_v2.stl
G0 F12000 X151.256 Y146.216
G0 X149.817 Y147.735
G0 X149.185 Y149.894
G0 X149.821 Y152.063
G0 X151.884 Y155.891
G0 X151.884 Y156.986
G0 X142.672 Y157.556
;TYPE:WALL-INNER
G1 F1500 E1183.67418
G1 F2400 X168.672 Y157.556 E1184.19304
G1 F2352.9 X168.846 Y157.549 E1184.19658
G0 F12000 X169.369 Y157.253
G1 F2436.5 X168.846 Y157.549 E1184.20839
G1 X169.686 Y157.57 E1184.22491
G1 F2442.7 X169.665 Y156.73 E1184.24139
G1 X169.369 Y157.253 E1184.25317
G0 F12000 X169.665 Y156.73
G1 F2358.7 X169.672 Y156.556 E1184.25671
G1 F2400 X169.672 Y112.556 E1185.13477
G1 F1500 E1178.63477
G0 F12000 X169.511 Y157.394
G0 X141.835 Y157.394
G0 X141.672 Y112.556
G1 F1500 E1185.13477
G1 F2400 X141.672 Y156.556 E1186.01284
G1 F2352.9 X141.679 Y156.73 E1186.01639
G0 F12000 X141.975 Y157.253
G1 F2436.5 X141.679 Y156.73 E1186.0282
G1 X141.658 Y157.57 E1186.04471
G1 F2487 X142.672 Y157.556 E1186.06424
G1 X141.975 Y157.253 E1186.07888
G0 F12000 X141.763 Y157.253
G0 X169.096 Y157.466
G0 X169.096 Y156.98
G1 F2400 X168.761 Y157.156 E1186.08643
G1 X142.672 Y157.156 E1186.60707
G1 X142.247 Y156.981 E1186.61624
G1 X142.072 Y156.645 E1186.6238
G1 X142.072 Y112.156 E1187.51162
G1 X141.272 Y112.156 E1187.52759
G1 X141.273 Y157.955 E1188.44156
G1 X170.072 Y157.956 E1189.01627
G1 X170.072 Y112.156 E1189.93026
G1 X169.272 Y112.156 E1189.94623
G1 X169.272 Y156.645 E1190.83405
G1 X169.096 Y156.98 E1190.8416
G0 F12000 X168.87 Y156.591
;TYPE:WALL-OUTER
G1 F2400 X168.814 Y156.698 E1190.84401
G1 X168.707 Y156.754 E1190.84642
G1 X142.672 Y156.756 E1191.36598
G1 X142.53 Y156.698 E1191.36904
G1 X142.474 Y156.591 E1191.37145
G1 X142.472 Y111.756 E1192.26618
G1 X140.872 Y111.756 E1192.29811
G1 X140.873 Y158.355 E1193.22805
G1 X170.472 Y158.356 E1193.81873
G1 X170.472 Y111.756 E1194.74868
G1 X168.872 Y111.756 E1194.78061
G1 X168.87 Y156.591 E1195.67534
G1 F1500 E1189.17534
G0 F12000 X169.183 Y156.591
G0 X169.097 Y111.98
G0 X169.097 Y110.891
G0 X168.3 Y110.221
G0 X168.3 Y109.132
G0 X167.74 Y108.572
;TYPE:WALL-INNER
G1 F1500 E1195.67534
G1 F2601.6 X167.742 Y104.542 E1195.74953
G0 F12000 X167.667 Y108.566
G0 X167.357 Y108.566
G1 F2400 X167.022 Y108.957 E1195.75981
G1 X168.121 Y108.955 E1195.78174
G1 X168.132 Y106.495 E1195.83083
G1 X168.128 Y104.544 E1195.86976
G1 X168.137 Y104.157 E1195.87749
G1 X166.959 Y104.156 E1195.901
G1 X167.356 Y104.547 E1195.91212
G1 X167.357 Y108.566 E1195.99232
G0 F12000 X167.667 Y108.566
G0 X167.195 Y108.994
G0 X144.151 Y108.994
G0 X143.603 Y108.571
G1 F2587.6 X143.602 Y104.542 E1196.06689
G0 F12000 X143.679 Y108.566
G0 X143.988 Y108.566
G1 F2400 X143.988 Y104.547 E1196.1471
G1 X144.323 Y104.155 E1196.15739
G1 X143.206 Y104.156 E1196.17968
G1 X143.216 Y104.555 E1196.18764
G1 X143.219 Y108.956 E1196.27547
G1 X144.384 Y108.956 E1196.29872
G1 X143.988 Y108.566 E1196.30981
G1 F1500 E1189.80981
G0 F12000 X143.679 Y108.566
G0 X144.151 Y108.994
G0 X166.8 Y109.066
G0 X166.8 Y108.805
;TYPE:WALL-OUTER
G1 F1500 E1196.30981
G1 F1912.4 X144.588 Y108.806 E1196.86611
G1 F2133.3 X144.388 Y108.56 E1196.87323
G1 F2400 X144.388 Y104.553 E1196.95319
G1 F2123.9 X144.544 Y104.307 E1196.95976
G1 F1912.4 X166.756 Y104.306 E1197.51606
G1 F2133.3 X166.956 Y104.553 E1197.52319
G1 F2400 X166.957 Y108.56 E1197.60316
G1 F2123.9 X166.8 Y108.805 E1197.60972
G0 F12000 X166.843 Y109.304
G1 F2123.9 X167.74 Y109.355 E1197.62998
G1 F2400 X168.52 Y109.355 E1197.64554
G1 X168.532 Y106.494 E1197.70264
G1 X168.528 Y104.554 E1197.74135
G1 X168.539 Y104.091 E1197.7506
G1 X168.526 Y103.757 E1197.75727
G1 X167.742 Y103.756 E1197.77291
G1 F2133.3 X166.756 Y103.806 E1197.79508
G1 F1912.4 X144.501 Y103.808 E1198.35245
G1 F2123.9 X143.602 Y103.756 E1198.37276
G1 F2400 X142.817 Y103.756 E1198.38842
G1 X142.804 Y104.121 E1198.39571
G1 X142.816 Y104.554 E1198.40435
G1 X142.82 Y109.356 E1198.50018
G1 X143.603 Y109.356 E1198.51581
G1 F2133.3 X144.588 Y109.306 E1198.53795
G1 F1912.4 X166.843 Y109.304 E1199.09533
G1 F1500 E1192.59533
;MESH:NONMESH
G0 F300 X166.843 Y109.304 Z4.8
G0 F12000 X166.843 Y109.046
G0 X151.891 Y109.126
G0 X151.891 Y110.221
G0 X151.654 Y145.978
G0 X151.891 Y146.822
;TIME_ELAPSED:2273.073014
;LAYER:39
;TYPE:SUPPORT
G1 F1500 E1199.09533
G1 F2400 X153.672 Y146.324 E1199.13223
G1 X155.453 Y146.822 E1199.16914
G1 X156.749 Y148.187 E1199.2067
G1 X157.244 Y149.89 E1199.24209
G1 X156.745 Y151.675 E1199.27908
G1 X155.451 Y152.965 E1199.31554
G1 X153.67 Y153.464 E1199.35245
G1 X151.966 Y152.966 E1199.38788
G1 X150.598 Y151.598 E1199.42649
G1 X150.097 Y149.891 E1199.46199
G1 X150.595 Y148.187 E1199.49742
G1 X151.891 Y146.822 E1199.53498
G1 F1500 E1193.03498
;MESH:9VBatteryHolder_v2.stl
G0 F12000 X151.263 Y146.228
G0 X149.828 Y147.743
G0 X149.2 Y149.894
G0 X149.833 Y152.056
G0 X151.891 Y155.891
G0 X151.891 Y156.986
G0 X142.672 Y157.556
;TYPE:WALL-INNER
G1 F1500 E1199.53498
G1 F2400 X168.672 Y157.556 E1200.05384
G1 F2352.9 X168.846 Y157.549 E1200.05738
G0 F12000 X169.369 Y157.253
G1 F2436.5 X168.846 Y157.549 E1200.06919
G1 X169.686 Y157.57 E1200.08571
G1 F2442.7 X169.665 Y156.73 E1200.10219
G1 X169.369 Y157.253 E1200.11397
G0 F12000 X169.665 Y156.73
G1 F2358.7 X169.672 Y156.556 E1200.1175
G1 F2400 X169.672 Y112.556 E1200.99557
G1 F1500 E1194.49557
G0 F12000 X169.511 Y157.394
G0 X141.835 Y157.394
G0 X141.672 Y112.556
G1 F1500 E1200.99557
G1 F2400 X141.672 Y156.556 E1201.87364
G1 F2352.9 X141.679 Y156.73 E1201.87718
G0 F12000 X141.975 Y157.253
G1 F2436.5 X141.679 Y156.73 E1201.889
G1 X141.658 Y157.57 E1201.90551
G1 F2487 X142.672 Y157.556 E1201.92504
G1 X141.975 Y157.253 E1201.93968
G0 F12000 X141.763 Y157.253
G0 X169.096 Y157.466
G0 X169.096 Y156.98
G1 F2400 X168.761 Y157.156 E1201.94723
G1 X142.672 Y157.156 E1202.46786
G1 X142.247 Y156.981 E1202.47704
G1 X142.072 Y156.645 E1202.4846
G1 X142.072 Y112.156 E1203.37242
G1 X141.272 Y112.156 E1203.38839
G1 X141.273 Y157.955 E1204.30236
G1 X170.072 Y157.956 E1204.87707
G1 X170.072 Y112.156 E1205.79106
G1 X169.272 Y112.156 E1205.80702
G1 X169.272 Y156.645 E1206.69485
G1 X169.096 Y156.98 E1206.7024
G0 F12000 X168.87 Y156.591
;TYPE:WALL-OUTER
G1 F2400 X168.814 Y156.698 E1206.70481
G1 X168.707 Y156.754 E1206.70722
G1 X142.672 Y156.756 E1207.22678
G1 X142.53 Y156.698 E1207.22984
G1 X142.474 Y156.591 E1207.23225
G1 X142.472 Y111.756 E1208.12698
G1 X140.872 Y111.756 E1208.15891
G1 X140.873 Y158.355 E1209.08884
G1 X170.472 Y158.356 E1209.67952
G1 X170.472 Y111.756 E1210.60948
G1 X168.872 Y111.756 E1210.64141
G1 X168.87 Y156.591 E1211.53614
G1 F1500 E1205.03614
G0 F12000 X169.183 Y156.591
G0 X169.097 Y111.98
G0 X169.097 Y110.891
G0 X168.388 Y110.221
G0 X168.388 Y109.132
G0 X167.847 Y107.333
;TYPE:WALL-INNER
G1 F1500 E1211.53614
G1 F2807 X167.848 Y104.528 E1211.584
G0 F12000 X167.908 Y107.733
G0 X168.131 Y107.734
G1 F1983.5 X168.217 Y107.334 E1211.59388
G1 F2400 X168.224 Y104.157 E1211.65728
G1 X167.082 Y104.156 E1211.68007
G1 X167.476 Y104.538 E1211.69102
G1 X167.477 Y107.333 E1211.7468
G1 F1983.5 X167.561 Y107.733 E1211.75667
G1 F1690.1 X167.56 Y108.579 E1211.78064
G1 X167.304 Y108.873 E1211.79169
G1 X168.126 Y108.872 E1211.81498
G1 X168.131 Y107.734 E1211.84723
G0 F12000 X167.908 Y107.733
G0 X167.315 Y108.994
G0 X144.031 Y108.994
G0 X143.499 Y108.586
G1 F2815.2 X143.496 Y104.528 E1211.91627
G0 F12000 X143.559 Y108.575
G0 X143.868 Y108.575
G1 F2400 X143.868 Y104.538 E1211.99683
G1 X144.2 Y104.155 E1212.00694
G1 X143.121 Y104.156 E1212.02848
G1 X143.131 Y108.955 E1212.12425
G1 X144.261 Y108.955 E1212.1468
G1 X143.868 Y108.575 E1212.15771
G1 F1500 E1205.65771
G0 F12000 X143.559 Y108.575
G0 X144.031 Y108.994
G0 X166.92 Y109.066
G0 X166.92 Y108.805
;TYPE:WALL-OUTER
G1 F1500 E1212.15771
G1 F1912.4 X144.468 Y108.806 E1212.72001
G1 F2133.3 X144.268 Y108.563 E1212.72708
G1 F2400 X144.268 Y104.55 E1212.80716
G1 F2123.9 X144.424 Y104.307 E1212.81367
G1 F1912.4 X166.876 Y104.306 E1213.37598
G1 F2133.3 X167.076 Y104.551 E1213.38308
G1 F2400 X167.076 Y108.563 E1213.46315
G1 F2123.9 X166.92 Y108.805 E1213.46964
G0 F12000 X166.963 Y109.304
G1 F2123.9 X167.844 Y109.356 E1213.48954
G1 F2400 X168.608 Y109.356 E1213.50479
G1 X168.624 Y105.906 E1213.57364
G1 X168.62 Y104.547 E1213.60076
G1 X168.627 Y104.22 E1213.60728
G1 X168.61 Y103.757 E1213.61653
G1 X167.848 Y103.756 E1213.63174
G1 F2133.3 X166.876 Y103.806 E1213.65359
G1 F1912.4 X144.381 Y103.808 E1214.21697
G1 F2123.9 X143.489 Y103.756 E1214.23712
G1 F2400 X142.734 Y103.756 E1214.25219
G1 X142.717 Y104.271 E1214.26247
G1 X142.724 Y104.554 E1214.26812
G1 X142.72 Y105.914 E1214.29526
G1 X142.732 Y109.355 E1214.36393
G1 X143.499 Y109.355 E1214.37924
G1 F2133.3 X144.468 Y109.306 E1214.40102
G1 F1912.4 X166.963 Y109.304 E1214.9644
G1 F1500 E1208.4644
;MESH:NONMESH
G0 F300 X166.963 Y109.304 Z4.92
G0 F12000 X166.963 Y109.046
G0 X151.9 Y109.126
G0 X151.9 Y110.221
G0 X151.663 Y145.989
G0 X151.9 Y146.834
;TIME_ELAPSED:2304.578568
;LAYER:40
;TYPE:SUPPORT
G1 F1500 E1214.9644
G1 F2400 X153.671 Y146.336 E1215.00112
G1 X155.444 Y146.834 E1215.03787
G1 X156.733 Y148.195 E1215.07528
G1 X157.228 Y149.89 E1215.11051
G1 X156.729 Y151.667 E1215.14735
G1 X155.443 Y152.953 E1215.18364
G1 X153.67 Y153.448 E1215.22038
G1 X151.974 Y152.954 E1215.25563
G1 X150.61 Y151.59 E1215.29412
G1 X150.113 Y149.891 E1215.32945
G1 X150.607 Y148.195 E1215.3647
G1 X151.9 Y146.834 E1215.40217
G1 F1500 E1208.90217
;MESH:9VBatteryHolder_v2.stl
G0 F12000 X151.272 Y146.239
G0 X149.841 Y147.75
G0 X149.215 Y149.894
G0 X149.846 Y152.049
G0 X151.9 Y155.891
G0 X151.9 Y156.986
G0 X142.672 Y157.556
;TYPE:WALL-INNER
G1 F1500 E1215.40217
G1 F2400 X168.672 Y157.556 E1215.92102
G1 F2352.9 X168.846 Y157.549 E1215.92457
G0 F12000 X169.369 Y157.253
G1 F2436.5 X168.846 Y157.549 E1215.93638
G1 X169.686 Y157.57 E1215.9529
G1 F2442.7 X169.665 Y156.73 E1215.96937
G1 X169.369 Y157.253 E1215.98116
G0 F12000 X169.665 Y156.73
G1 F2358.7 X169.672 Y156.556 E1215.98469
G1 F2400 X169.672 Y112.556 E1216.86276
G1 F1500 E1210.36276
G0 F12000 X169.511 Y157.394
G0 X141.835 Y157.394
G0 X141.672 Y112.556
G1 F1500 E1216.86276
G1 F2400 X141.672 Y156.556 E1217.74083
G1 F2352.9 X141.679 Y156.73 E1217.74437
G0 F12000 X141.975 Y157.253
G1 F2436.5 X141.679 Y156.73 E1217.75618
G1 X141.658 Y157.57 E1217.7727
G1 F2487 X142.672 Y157.556 E1217.79223
G1 X141.975 Y157.253 E1217.80687
G0 F12000 X141.763 Y157.253
G0 X169.096 Y157.466
G0 X169.096 Y156.98
G1 F2400 X168.761 Y157.156 E1217.81442
G1 X142.672 Y157.156 E1218.33505
G1 X142.247 Y156.981 E1218.34422
G1 X142.072 Y156.645 E1218.35178
G1 X142.072 Y112.156 E1219.23961
G1 X141.272 Y112.156 E1219.25558
G1 X141.273 Y157.955 E1220.16954
G1 X170.072 Y157.956 E1220.74426
G1 X170.072 Y112.156 E1221.65825
G1 X169.272 Y112.156 E1221.67421
G1 X169.272 Y156.645 E1222.56204
G1 X169.096 Y156.98 E1222.56959
G0 F12000 X168.87 Y156.591
;TYPE:WALL-OUTER
G1 F2400 X168.814 Y156.698 E1222.572
G1 X168.707 Y156.754 E1222.57441
G1 X142.672 Y156.756 E1223.09397
G1 X142.53 Y156.698 E1223.09703
G1 X142.474 Y156.591 E1223.09944
G1 X142.472 Y111.756 E1223.99417
G1 X140.872 Y111.756 E1224.0261
G1 X140.873 Y158.355 E1224.95603
G1 X170.472 Y158.356 E1225.54671
G1 X170.472 Y111.756 E1226.47667
G1 X168.872 Y111.756 E1226.5086
G1 X168.87 Y156.591 E1227.40333
G1 F1500 E1220.90333
G0 F12000 X169.183 Y156.591
G0 X169.097 Y111.98
G0 X169.097 Y110.891
G0 X168.475 Y110.221
G0 X168.475 Y109.132
G0 X167.907 Y108.591
G0 X167.672 Y108.591
;TYPE:WALL-INNER
G1 F1500 E1227.40333
G1 F1739.1 X167.414 Y108.881 E1227.41402
G1 X168.222 Y108.88 E1227.43627
G1 F1726.6 X168.23 Y104.237 E1227.56506
G1 F1714.3 X167.372 Y104.236 E1227.58903
G1 X167.676 Y104.527 E1227.60079
G1 F1726.6 X167.672 Y108.591 E1227.71352
G0 F12000 X167.907 Y108.591
G0 X167.435 Y108.994
G0 X143.911 Y108.994
G0 X143.439 Y108.591
G0 X143.672 Y108.591
G1 F1726.6 X143.668 Y104.527 E1227.82625
G1 F1714.3 X143.925 Y104.235 E1227.83712
G1 F1720.4 X143.108 Y104.236 E1227.85986
G1 F1732.9 X143.122 Y108.88 E1227.98822
G1 F1739.1 X143.977 Y108.88 E1228.01177
G1 X143.672 Y108.591 E1228.02334
G1 F1500 E1221.52334
G0 F12000 X143.439 Y108.591
G0 X143.911 Y108.994
G0 X167.04 Y109.066
G0 X167.04 Y108.805
;TYPE:WALL-OUTER
G1 F1500 E1228.02334
G1 F1912.4 X144.348 Y108.806 E1228.59166
G1 F2133.3 X144.148 Y108.567 E1228.59865
G1 F2400 X144.148 Y104.547 E1228.67888
G1 F2123.9 X144.304 Y104.307 E1228.68533
G1 F1912.4 X166.996 Y104.306 E1229.25365
G1 F2133.3 X167.196 Y104.547 E1229.26068
G1 F2400 X167.196 Y108.567 E1229.3409
G1 F2123.9 X167.04 Y108.805 E1229.34732
G0 F12000 X167.083 Y109.304
G1 F2123.9 X167.947 Y109.356 E1229.36684
G1 F2400 X168.696 Y109.356 E1229.38179
G1 X168.715 Y104.364 E1229.48141
G1 X168.694 Y103.757 E1229.49353
G1 X167.955 Y103.756 E1229.50828
G1 F2133.3 X166.996 Y103.806 E1229.52984
G1 F1912.4 X144.261 Y103.808 E1230.09923
G1 F2123.9 X143.389 Y103.756 E1230.11893
G1 F2400 X142.65 Y103.756 E1230.13368
G1 X142.628 Y104.388 E1230.1463
G1 X142.648 Y109.356 E1230.24544
G1 X143.397 Y109.356 E1230.26039
G1 F2133.3 X144.348 Y109.306 E1230.28177
G1 F1912.4 X167.083 Y109.304 E1230.85116
G1 F1500 E1224.35116
;MESH:NONMESH
G0 F300 X167.083 Y109.304 Z5.04
G0 F12000 X167.083 Y109.046
G0 X151.904 Y109.126
G0 X151.904 Y110.221
G0 X151.668 Y146.003
G0 X151.904 Y146.846
;TIME_ELAPSED:2335.449475
;LAYER:41
;TYPE:SUPPORT
G1 F1500 E1230.85116
G1 F2400 X153.671 Y146.352 E1230.88778
G1 X155.436 Y146.846 E1230.92435
G1 X156.721 Y148.199 E1230.96159
G1 X157.215 Y149.89 E1230.99675
G1 X156.717 Y151.659 E1231.03342
G1 X155.439 Y152.941 E1231.06955
G1 X153.67 Y153.436 E1231.1062
G1 X151.982 Y152.942 E1231.1413
G1 X150.622 Y151.582 E1231.17968
G1 X150.125 Y149.891 E1231.21486
G1 X150.619 Y148.199 E1231.25003
G1 X151.904 Y146.846 E1231.28727
G1 F1500 E1224.78727
;MESH:9VBatteryHolder_v2.stl
G0 F12000 X151.277 Y146.253
G0 X149.853 Y147.757
G0 X149.229 Y149.894
G0 X149.858 Y152.042
G0 X151.904 Y155.891
G0 X151.904 Y156.986
G0 X142.672 Y157.556
;TYPE:WALL-INNER
G1 F1500 E1231.28727
G1 F2400 X168.672 Y157.556 E1231.80613
G1 F2352.9 X168.846 Y157.549 E1231.80967
G0 F12000 X169.369 Y157.253
G1 F2436.5 X168.846 Y157.549 E1231.82149
G1 X169.686 Y157.57 E1231.838
G1 F2442.7 X169.665 Y156.73 E1231.85448
G1 X169.369 Y157.253 E1231.86626
G0 F12000 X169.665 Y156.73
G1 F2358.7 X169.672 Y156.556 E1231.8698
G1 F2400 X169.672 Y112.556 E1232.74786
G1 F1500 E1226.24786
G0 F12000 X169.511 Y157.394
G0 X141.835 Y157.394
G0 X141.672 Y112.556
G1 F1500 E1232.74786
G1 F2400 X141.672 Y156.556 E1233.62593
G1 F2352.9 X141.679 Y156.73 E1233.62948
G0 F12000 X141.975 Y157.253
G1 F2436.5 X141.679 Y156.73 E1233.64129
G1 X141.658 Y157.57 E1233.65781
G1 F2487 X142.672 Y157.556 E1233.67733
G1 X141.975 Y157.253 E1233.69197
G0 F12000 X141.763 Y157.253
G0 X169.096 Y157.466
G0 X169.096 Y156.98
G1 F2400 X168.761 Y157.156 E1233.69952
G1 X142.672 Y157.156 E1234.22016
G1 X142.247 Y156.981 E1234.22933
G1 X142.072 Y156.645 E1234.23689
G1 X142.072 Y112.156 E1235.12472
G1 X141.272 Y112.156 E1235.14068
G1 X141.273 Y157.955 E1236.05465
G1 X170.072 Y157.956 E1236.62936
G1 X170.072 Y112.156 E1237.54335
G1 X169.272 Y112.156 E1237.55932
G1 X169.272 Y156.645 E1238.44714
G1 X169.096 Y156.98 E1238.4547
G0 F12000 X168.87 Y156.591
;TYPE:WALL-OUTER
G1 F2400 X168.814 Y156.698 E1238.45711
G1 X168.707 Y156.754 E1238.45952
G1 X142.672 Y156.756 E1238.97907
G1 X142.53 Y156.698 E1238.98213
G1 X142.474 Y156.591 E1238.98454
G1 X142.472 Y111.756 E1239.87927
G1 X140.872 Y111.756 E1239.9112
G1 X140.873 Y158.355 E1240.84114
G1 X170.472 Y158.356 E1241.43182
G1 X170.472 Y111.756 E1242.36177
G1 X168.872 Y111.756 E1242.3937
G1 X168.87 Y156.591 E1243.28843
G1 F1500 E1236.78843
G0 F12000 X169.183 Y156.591
G0 X169.097 Y111.98
G0 X169.097 Y110.891
G0 X168.563 Y110.221
G0 X168.563 Y109.132
G0 X168.027 Y108.601
G0 X167.784 Y108.601
;TYPE:WALL-INNER
G1 F1500 E1243.28843
G1 F1791 X167.524 Y108.888 E1243.29879
G1 X168.318 Y108.887 E1243.32002
G1 F1777.8 X168.332 Y104.514 E1243.43783
G1 F1764.7 X168.322 Y104.228 E1243.4456
G1 X167.482 Y104.228 E1243.4684
G1 X167.788 Y104.516 E1243.4798
G1 F1777.8 X167.784 Y108.601 E1243.58985
G0 F12000 X168.027 Y108.601
G0 X167.555 Y108.994
G0 X143.791 Y108.994
G0 X143.319 Y108.601
G0 X143.561 Y108.601
G1 F1774.5 X143.557 Y104.516 E1243.70011
G1 F1761.5 X143.816 Y104.227 E1243.71066
G1 X143.022 Y104.228 E1243.73225
G1 F1764.7 X143.012 Y104.53 E1243.74045
G1 F1777.8 X143.026 Y108.888 E1243.85786
G1 F1787.7 X143.868 Y108.888 E1243.88042
G1 X143.561 Y108.601 E1243.89168
G1 F1500 E1237.39168
G0 F12000 X143.319 Y108.601
G0 X143.791 Y108.994
G0 X167.16 Y109.066
G0 X167.16 Y108.805
;TYPE:WALL-OUTER
G1 F1500 E1243.89168
G1 F1912.4 X144.228 Y108.806 E1244.46601
G1 F2133.3 X144.028 Y108.57 E1244.47295
G1 F2400 X144.028 Y104.544 E1244.5533
G1 F2123.9 X144.184 Y104.307 E1244.55969
G1 F1912.4 X167.116 Y104.306 E1245.13402
G1 F2133.3 X167.316 Y104.544 E1245.141
G1 F2400 X167.316 Y108.57 E1245.22135
G1 F2123.9 X167.16 Y108.805 E1245.22771
G0 F12000 X167.203 Y109.304
G1 F2123.9 X168.051 Y109.355 E1245.24686
G1 F2400 X168.784 Y109.355 E1245.26149
G1 X168.803 Y104.477 E1245.35884
G1 X168.778 Y103.756 E1245.37323
G1 X168.059 Y103.756 E1245.38758
G1 F2133.3 X167.116 Y103.806 E1245.40878
G1 F1912.4 X144.141 Y103.808 E1245.98419
G1 F2123.9 X143.285 Y103.756 E1246.00353
G1 F2400 X142.566 Y103.756 E1246.01788
G1 X142.54 Y104.523 E1246.03319
G1 X142.56 Y109.356 E1246.12964
G1 X143.293 Y109.356 E1246.14427
G1 F2133.3 X144.228 Y109.306 E1246.16529
G1 F1912.4 X167.203 Y109.304 E1246.7407
G1 F1500 E1240.2407
;MESH:NONMESH
G0 F300 X167.203 Y109.304 Z5.16
G0 F12000 X167.203 Y109.046
G0 X151.912 Y109.126
G0 X151.912 Y110.221
G0 X151.674 Y146.015
G0 X151.912 Y146.862
;TIME_ELAPSED:2366.326313
;LAYER:42
;TYPE:SUPPORT
G1 F1500 E1246.7407
G1 F2400 X153.672 Y146.368 E1246.77718
G1 X155.432 Y146.862 E1246.81366
G1 X156.709 Y148.207 E1246.85067
G1 X157.199 Y149.89 E1246.88565
G1 X156.705 Y151.651 E1246.92215
G1 X155.431 Y152.925 E1246.9581
G1 X153.669 Y153.42 E1246.99463
G1 X151.986 Y152.93 E1247.02961
G1 X150.634 Y151.578 E1247.06776
G1 X150.141 Y149.893 E1247.1028
G1 X150.635 Y148.207 E1247.13786
G1 X151.912 Y146.862 E1247.17487
G1 F1500 E1240.67487
;MESH:9VBatteryHolder_v2.stl
G0 F12000 X151.283 Y146.267
G0 X149.866 Y147.764
G0 X149.244 Y149.894
G0 X149.871 Y152.035
G0 X151.912 Y155.891
G0 X151.912 Y156.986
G0 X142.672 Y157.556
;TYPE:WALL-INNER
G1 F1500 E1247.17487
G1 F2400 X168.672 Y157.556 E1247.69373
G1 F2352.9 X168.846 Y157.549 E1247.69727
G0 F12000 X169.369 Y157.253
G1 F2436.5 X168.846 Y157.549 E1247.70909
G1 X169.686 Y157.57 E1247.7256
G1 F2442.7 X169.665 Y156.73 E1247.74208
G1 X169.369 Y157.253 E1247.75386
G0 F12000 X169.665 Y156.73
G1 F2358.7 X169.672 Y156.556 E1247.7574
G1 F2400 X169.672 Y112.556 E1248.63546
G1 F1500 E1242.13546
G0 F12000 X169.511 Y157.394
G0 X141.835 Y157.394
G0 X141.672 Y112.556
G1 F1500 E1248.63546
G1 F2400 X141.672 Y156.556 E1249.51353
G1 F2352.9 X141.679 Y156.73 E1249.51708
G0 F12000 X141.975 Y157.253
G1 F2436.5 X141.679 Y156.73 E1249.52889
G1 X141.658 Y157.57 E1249.54541
G1 F2487 X142.672 Y157.556 E1249.56494
G1 X141.975 Y157.253 E1249.57957
G0 F12000 X141.763 Y157.253
G0 X169.096 Y157.466
G0 X169.096 Y156.98
G1 F2400 X168.761 Y157.156 E1249.58712
G1 X142.672 Y157.156 E1250.10776
G1 X142.247 Y156.981 E1250.11693
G1 X142.072 Y156.645 E1250.12449
G1 X142.072 Y112.156 E1251.01232
G1 X141.272 Y112.156 E1251.02828
G1 X141.273 Y157.955 E1251.94225
G1 X170.072 Y157.956 E1252.51696
G1 X170.072 Y112.156 E1253.43095
G1 X169.272 Y112.156 E1253.44692
G1 X169.272 Y156.645 E1254.33474
G1 X169.096 Y156.98 E1254.3423
G0 F12000 X168.87 Y156.591
;TYPE:WALL-OUTER
G1 F2400 X168.814 Y156.698 E1254.34471
G1 X168.707 Y156.754 E1254.34712
G1 X142.672 Y156.756 E1254.86667
G1 X142.53 Y156.698 E1254.86973
G1 X142.474 Y156.591 E1254.87214
G1 X142.472 Y111.756 E1255.76687
G1 X140.872 Y111.756 E1255.7988
G1 X140.873 Y158.355 E1256.72874
G1 X170.472 Y158.356 E1257.31942
G1 X170.472 Y111.756 E1258.24937
G1 X168.872 Y111.756 E1258.2813
G1 X168.87 Y156.591 E1259.17603
G1 F1500 E1252.67603
G0 F12000 X169.183 Y156.591
G0 X169.097 Y111.98
G0 X169.097 Y110.891
G0 X168.652 Y110.221
G0 X168.652 Y109.132
G0 X168.174 Y106.833
G0 X168.421 Y106.832
;TYPE:WALL-INNER
G1 F1500 E1259.17603
G1 F1828.6 X168.417 Y104.219 E1259.24447
G1 F1832.1 X167.584 Y104.219 E1259.26625
G1 X167.892 Y104.502 E1259.27718
G1 X167.892 Y108.611 E1259.3846
G1 X167.632 Y108.895 E1259.39467
G1 X168.412 Y108.894 E1259.41506
G1 F1828.6 X168.421 Y106.832 E1259.46907
G0 F12000 X168.174 Y106.833
G0 X167.672 Y108.994
G0 X143.674 Y108.994
G0 X143.201 Y108.611
G0 X143.453 Y108.611
G1 F1839.1 X143.449 Y104.5 E1259.57613
G1 X143.709 Y104.217 E1259.58614
G1 X142.925 Y104.217 E1259.60656
G1 X142.931 Y108.894 E1259.72836
G1 F1835.6 X143.761 Y108.894 E1259.75002
G1 X143.453 Y108.611 E1259.76093
G1 F1500 E1253.26093
G0 F12000 X143.201 Y108.611
G0 X143.674 Y108.994
G0 X167.276 Y109.066
G0 X167.276 Y108.805
;TYPE:WALL-OUTER
G1 F1500 E1259.76093
G1 F1912.4 X144.112 Y108.806 E1260.34107
G1 F2133.3 X143.912 Y108.573 E1260.34796
G1 F2400 X143.908 Y104.539 E1260.42847
G1 F2123.9 X144.064 Y104.307 E1260.43477
G1 F1912.4 X167.232 Y104.306 E1261.01501
G1 F2133.3 X167.432 Y104.539 E1261.0219
G1 F2400 X167.432 Y108.573 E1261.10241
G1 F2123.9 X167.276 Y108.805 E1261.10871
G0 F12000 X167.319 Y109.304
G1 F2123.9 X168.152 Y109.356 E1261.12753
G1 F2400 X168.872 Y109.356 E1261.1419
G1 X168.884 Y106.83 E1261.19231
G1 X168.876 Y104.553 E1261.23775
G1 X168.883 Y104.295 E1261.2429
G1 X168.863 Y103.757 E1261.25364
G1 X168.153 Y103.757 E1261.26781
G1 F2133.3 X167.232 Y103.806 E1261.28852
G1 F1912.4 X144.021 Y103.808 E1261.86984
G1 F2123.9 X143.189 Y103.757 E1261.88863
G1 F2400 X142.478 Y103.756 E1261.90282
G1 X142.46 Y104.331 E1261.9143
G1 X142.468 Y104.554 E1261.91876
G1 X142.46 Y106.839 E1261.96436
G1 X142.472 Y109.355 E1262.01457
G1 X143.192 Y109.355 E1262.02893
G1 F2133.3 X144.112 Y109.306 E1262.04962
G1 F1912.4 X167.319 Y109.304 E1262.63083
G1 F1500 E1256.13083
;MESH:NONMESH
G0 F300 X167.319 Y109.304 Z5.28
G0 F12000 X167.319 Y109.046
G0 X151.92 Y109.126
G0 X151.92 Y110.221
G0 X151.683 Y146.028
G0 X151.92 Y146.874
;TIME_ELAPSED:2397.341542
;LAYER:43
;TYPE:SUPPORT
G1 F1500 E1262.63083
G1 F2400 X153.672 Y146.38 E1262.66716
G1 X155.424 Y146.874 E1262.70349
G1 X156.697 Y148.215 E1262.74039
G1 X157.184 Y149.89 E1262.7752
G1 X156.693 Y151.643 E1262.81153
G1 X155.423 Y152.913 E1262.84737
G1 X153.67 Y153.403 E1262.88369
G1 X151.994 Y152.914 E1262.91853
G1 X150.65 Y151.57 E1262.95646
G1 X150.157 Y149.891 E1262.99138
G1 X150.647 Y148.215 E1263.02623
G1 X151.92 Y146.874 E1263.06313
G1 F1500 E1256.56313
;MESH:9VBatteryHolder_v2.stl
G0 F12000 X151.292 Y146.279
G0 X149.879 Y147.771
G0 X149.259 Y149.894
G0 X149.884 Y152.028
G0 X151.92 Y155.891
G0 X151.92 Y156.986
G0 X142.672 Y157.556
;TYPE:WALL-INNER
G1 F1500 E1263.06313
G1 F2400 X168.672 Y157.556 E1263.58199
G1 F2352.9 X168.846 Y157.549 E1263.58553
G0 F12000 X169.369 Y157.253
G1 F2436.5 X168.846 Y157.549 E1263.59734
G1 X169.686 Y157.57 E1263.61386
G1 F2442.7 X169.665 Y156.73 E1263.63034
G1 X169.369 Y157.253 E1263.64212
G0 F12000 X169.665 Y156.73
G1 F2358.7 X169.672 Y156.556 E1263.64566
G1 F2400 X169.672 Y112.556 E1264.52372
G1 F1500 E1258.02372
G0 F12000 X169.511 Y157.394
G0 X141.835 Y157.394
G0 X141.672 Y112.556
G1 F1500 E1264.52372
G1 F2400 X141.672 Y156.556 E1265.40179
G1 F2352.9 X141.679 Y156.73 E1265.40534
G0 F12000 X141.975 Y157.253
G1 F2436.5 X141.679 Y156.73 E1265.41715
G1 X141.658 Y157.57 E1265.43366
G1 F2487 X142.672 Y157.556 E1265.45319
G1 X141.975 Y157.253 E1265.46783
G0 F12000 X141.763 Y157.253
G0 X169.096 Y157.466
G0 X169.096 Y156.98
G1 F2400 X168.761 Y157.156 E1265.47538
G1 X142.672 Y157.156 E1265.99602
G1 X142.247 Y156.981 E1266.00519
G1 X142.072 Y156.645 E1266.01275
G1 X142.072 Y112.156 E1266.90057
G1 X141.272 Y112.156 E1266.91654
G1 X141.273 Y157.955 E1267.83051
G1 X170.072 Y157.956 E1268.40522
G1 X170.072 Y112.156 E1269.31921
G1 X169.272 Y112.156 E1269.33518
G1 X169.272 Y156.645 E1270.223
G1 X169.096 Y156.98 E1270.23055
G0 F12000 X168.87 Y156.591
;TYPE:WALL-OUTER
G1 F2400 X168.814 Y156.698 E1270.23296
G1 X168.707 Y156.754 E1270.23537
G1 X142.672 Y156.756 E1270.75493
G1 X142.53 Y156.698 E1270.75799
G1 X142.474 Y156.591 E1270.7604
G1 X142.472 Y111.756 E1271.65513
G1 X140.872 Y111.756 E1271.68706
G1 X140.873 Y158.355 E1272.617
G1 X170.472 Y158.356 E1273.20768
G1 X170.472 Y111.756 E1274.13763
G1 X168.872 Y111.756 E1274.16956
G1 X168.87 Y156.591 E1275.06429
G1 F1500 E1268.56429
G0 F12000 X169.183 Y156.591
G0 X169.097 Y111.98
G0 X169.097 Y110.891
G0 X168.731 Y110.221
G0 X168.731 Y109.132
G0 X168.228 Y108.615
G0 X167.973 Y108.615
;TYPE:WALL-INNER
G1 F1500 E1275.06429
G1 F1849.7 X167.711 Y108.898 E1275.07428
G1 X168.491 Y108.897 E1275.09447
G1 F1860.5 X168.484 Y104.478 E1275.20823
G1 F1867.7 X168.491 Y104.214 E1275.215
G1 X167.662 Y104.214 E1275.23626
G1 X167.971 Y104.494 E1275.24696
G1 F1860.5 X167.973 Y108.615 E1275.35304
G0 F12000 X168.228 Y108.615
G0 X167.756 Y108.994
G0 X143.59 Y108.994
G0 X143.117 Y108.614
G0 X143.37 Y108.614
G1 F1860.5 X143.37 Y104.493 E1275.45913
G1 F1871.3 X143.632 Y104.211 E1275.46898
G1 X142.851 Y104.212 E1275.48897
G1 F1875 X142.859 Y104.557 E1275.49779
G1 F1860.5 X142.851 Y108.896 E1275.60949
G1 F1846.2 X143.678 Y108.896 E1275.63094
G1 X143.37 Y108.614 E1275.64178
G1 F1500 E1269.14178
G0 F12000 X143.117 Y108.614
G0 X143.59 Y108.994
G0 X167.36 Y109.066
G0 X167.36 Y108.805
;TYPE:WALL-OUTER
G1 F1500 E1275.64178
G1 F1912.4 X144.028 Y108.806 E1276.22612
G1 F2133.3 X143.828 Y108.574 E1276.233
G1 F2400 X143.824 Y104.536 E1276.31358
G1 F2123.9 X143.98 Y104.307 E1276.31983
G1 F1912.4 X167.316 Y104.306 E1276.90428
G1 F2133.3 X167.516 Y104.537 E1276.91114
G1 F2400 X167.516 Y108.574 E1276.9917
G1 F2123.9 X167.36 Y108.805 E1276.99799
G0 F12000 X167.403 Y109.304
G1 F2123.9 X168.231 Y109.356 E1277.0167
G1 F2400 X168.951 Y109.356 E1277.03106
G1 X168.94 Y104.554 E1277.12689
G1 X168.96 Y103.757 E1277.1428
G1 X168.227 Y103.757 E1277.15743
G1 F2133.3 X167.316 Y103.806 E1277.17791
G1 F1912.4 X143.937 Y103.808 E1277.76344
G1 F2123.9 X143.115 Y103.756 E1277.78201
G1 F2400 X142.381 Y103.756 E1277.79666
G1 X142.404 Y104.555 E1277.81261
G1 X142.389 Y109.356 E1277.90842
G1 X143.111 Y109.356 E1277.92283
G1 F2133.3 X144.028 Y109.306 E1277.94345
G1 F1912.4 X167.403 Y109.304 E1278.52887
G1 F1500 E1272.02887
;MESH:NONMESH
G0 F300 X167.403 Y109.304 Z5.4
G0 F12000 X167.403 Y109.046
G0 X151.928 Y109.126
G0 X151.928 Y110.221
G0 X151.691 Y146.041
G0 X151.928 Y146.886
;TIME_ELAPSED:2428.231792
;LAYER:44
;TYPE:SUPPORT
G1 F1500 E1278.52887
G1 F2400 X153.672 Y146.396 E1278.56502
G1 X155.416 Y146.886 E1278.60117
G1 X156.685 Y148.223 E1278.63796
G1 X157.171 Y149.89 E1278.67261
G1 X156.681 Y151.635 E1278.70878
G1 X155.415 Y152.905 E1278.74457
G1 X153.67 Y153.392 E1278.78072
G1 X152.002 Y152.902 E1278.81541
G1 X150.662 Y151.562 E1278.85323
G1 X150.169 Y149.891 E1278.888
G1 X150.659 Y148.223 E1278.92269
G1 X151.928 Y146.886 E1278.95948
G1 F1500 E1272.45948
;MESH:9VBatteryHolder_v2.stl
G0 F12000 X151.299 Y146.291
G0 X149.891 Y147.778
G0 X149.273 Y149.894
G0 X149.896 Y152.021
G0 X151.928 Y155.891
G0 X151.928 Y156.986
G0 X142.672 Y157.556
;TYPE:WALL-INNER
G1 F1500 E1278.95948
G1 F2400 X168.672 Y157.556 E1279.47834
G1 F2352.9 X168.846 Y157.549 E1279.48188
G0 F12000 X169.369 Y157.253
G1 F2436.5 X168.846 Y157.549 E1279.49369
G1 X169.686 Y157.57 E1279.51021
G1 F2442.7 X169.665 Y156.73 E1279.52669
G1 X169.369 Y157.253 E1279.53847
G0 F12000 X169.665 Y156.73
G1 F2358.7 X169.672 Y156.556 E1279.542
G1 F2400 X169.672 Y112.556 E1280.42007
G1 F1500 E1273.92007
G0 F12000 X169.511 Y157.394
G0 X141.835 Y157.394
G0 X141.672 Y112.556
G1 F1500 E1280.42007
G1 F2400 X141.672 Y156.556 E1281.29814
G1 F2352.9 X141.679 Y156.73 E1281.30168
G0 F12000 X141.975 Y157.253
G1 F2436.5 X141.679 Y156.73 E1281.3135
G1 X141.658 Y157.57 E1281.33001
G1 F2487 X142.672 Y157.556 E1281.34954
G1 X141.975 Y157.253 E1281.36418
G0 F12000 X141.763 Y157.253
G0 X169.096 Y157.466
G0 X169.096 Y156.98
G1 F2400 X168.761 Y157.156 E1281.37173
G1 X142.672 Y157.156 E1281.89237
G1 X142.247 Y156.981 E1281.90154
G1 X142.072 Y156.645 E1281.9091
G1 X142.072 Y112.156 E1282.79692
G1 X141.272 Y112.156 E1282.81289
G1 X141.273 Y157.955 E1283.72686
G1 X170.072 Y157.956 E1284.30157
G1 X170.072 Y112.156 E1285.21556
G1 X169.272 Y112.156 E1285.23153
G1 X169.272 Y156.645 E1286.11935
G1 X169.096 Y156.98 E1286.1269
G0 F12000 X168.87 Y156.591
;TYPE:WALL-OUTER
G1 F2400 X168.814 Y156.698 E1286.12931
G1 X168.707 Y156.754 E1286.13172
G1 X142.672 Y156.756 E1286.65128
G1 X142.53 Y156.698 E1286.65434
G1 X142.474 Y156.591 E1286.65675
G1 X142.472 Y111.756 E1287.55148
G1 X140.872 Y111.756 E1287.58341
G1 X140.873 Y158.355 E1288.51335
G1 X170.472 Y158.356 E1289.10403
G1 X170.472 Y111.756 E1290.03398
G1 X168.872 Y111.756 E1290.06591
G1 X168.87 Y156.591 E1290.96064
G1 F1500 E1284.46064
G0 F12000 X169.183 Y156.591
G0 X169.097 Y111.98
G0 X169.097 Y110.891
G0 X168.791 Y110.221
G0 X168.791 Y109.132
G0 X168.312 Y108.622
G0 X168.051 Y108.622
;TYPE:WALL-INNER
G1 F1500 E1290.96064
G1 F1882.4 X167.79 Y108.902 E1290.97038
G1 X168.559 Y108.901 E1290.98995
G1 F1901 X168.55 Y104.539 E1291.09984
G1 F1912.4 X168.559 Y104.208 E1291.10814
G1 F1908.5 X167.737 Y104.208 E1291.12877
G1 X168.049 Y104.486 E1291.13925
G1 F1897.2 X168.051 Y108.622 E1291.24366
G0 F12000 X168.312 Y108.622
G0 X167.84 Y108.994
G0 X143.506 Y108.994
G0 X143.033 Y108.622
G0 X143.292 Y108.622
G1 F1897.2 X143.292 Y104.486 E1291.34807
G1 F1908.5 X143.555 Y104.207 E1291.3577
G1 X142.784 Y104.208 E1291.37704
G1 X142.79 Y104.466 E1291.38352
G1 F1897.2 X142.784 Y108.901 E1291.49548
G1 F1882.4 X143.601 Y108.901 E1291.51627
G1 X143.292 Y108.622 E1291.52686
G1 F1500 E1285.02686
G0 F12000 X143.033 Y108.622
G0 X143.506 Y108.994
G0 X167.444 Y109.066
G0 X167.444 Y108.805
;TYPE:WALL-OUTER
G1 F1500 E1291.52686
G1 F1912.4 X143.944 Y108.806 E1292.11541
G1 F2133.3 X143.745 Y108.576 E1292.12224
G1 F2400 X143.741 Y104.534 E1292.20291
G1 F2123.9 X143.896 Y104.307 E1292.2091
G1 F1912.4 X167.4 Y104.306 E1292.79776
G1 F2133.3 X167.6 Y104.534 E1292.80457
G1 F2400 X167.599 Y108.576 E1292.88523
G1 F2123.9 X167.444 Y108.805 E1292.89147
G0 F12000 X167.487 Y109.304
G1 F2123.9 X168.304 Y109.356 E1292.90993
G1 F2400 X169.015 Y109.356 E1292.92412
G1 X169 Y104.553 E1293.01996
G1 X169.025 Y103.757 E1293.03586
G1 X168.299 Y103.757 E1293.05035
G1 F2133.3 X167.4 Y103.806 E1293.07056
G1 F1912.4 X143.853 Y103.808 E1293.66029
G1 F2123.9 X143.042 Y103.757 E1293.67862
G1 F2400 X142.322 Y103.757 E1293.69298
G1 X142.34 Y104.555 E1293.70891
G1 X142.329 Y109.356 E1293.80472
G1 X143.039 Y109.356 E1293.81889
G1 F2133.3 X143.944 Y109.306 E1293.83924
G1 F1912.4 X167.487 Y109.304 E1294.42887
G1 F1500 E1287.92887
;MESH:NONMESH
G0 F300 X167.487 Y109.304 Z5.52
G0 F12000 X167.487 Y109.046
G0 X151.935 Y109.126
G0 X151.935 Y110.221
G0 X151.698 Y146.053
G0 X151.935 Y146.898
;TIME_ELAPSED:2459.120985
;LAYER:45
;TYPE:SUPPORT
G1 F1500 E1294.42887
G1 F2400 X153.672 Y146.412 E1294.46487
G1 X155.409 Y146.898 E1294.50086
G1 X156.673 Y148.227 E1294.53746
G1 X157.156 Y149.89 E1294.57202
G1 X156.669 Y151.631 E1294.6081
G1 X155.407 Y152.889 E1294.64366
G1 X153.67 Y153.375 E1294.67965
G1 X152.01 Y152.89 E1294.71417
G1 X150.674 Y151.554 E1294.75187
G1 X150.185 Y149.891 E1294.78646
G1 X150.671 Y148.227 E1294.82106
G1 X151.935 Y146.898 E1294.85766
G1 F1500 E1288.35766
;MESH:9VBatteryHolder_v2.stl
G0 F12000 X151.307 Y146.304
G0 X149.904 Y147.785
G0 X149.288 Y149.894
G0 X149.909 Y152.014
G0 X151.935 Y155.891
G0 X151.935 Y156.986
G0 X142.672 Y157.556
;TYPE:WALL-INNER
G1 F1500 E1294.85766
G1 F2400 X168.672 Y157.556 E1295.37652
G1 F2352.9 X168.846 Y157.549 E1295.38006
G0 F12000 X169.369 Y157.253
G1 F2436.5 X168.846 Y157.549 E1295.39187
G1 X169.686 Y157.57 E1295.40839
G1 F2442.7 X169.665 Y156.73 E1295.42487
G1 X169.369 Y157.253 E1295.43665
G0 F12000 X169.665 Y156.73
G1 F2358.7 X169.672 Y156.556 E1295.44018
G1 F2400 X169.672 Y112.556 E1296.31825
G1 F1500 E1289.81825
G0 F12000 X169.511 Y157.394
G0 X141.835 Y157.394
G0 X141.672 Y112.556
G1 F1500 E1296.31825
G1 F2400 X141.672 Y156.556 E1297.19632
G1 F2352.9 X141.679 Y156.73 E1297.19986
G0 F12000 X141.975 Y157.253
G1 F2436.5 X141.679 Y156.73 E1297.21168
G1 X141.658 Y157.57 E1297.22819
G1 F2487 X142.672 Y157.556 E1297.24772
G1 X141.975 Y157.253 E1297.26236
G0 F12000 X141.763 Y157.253
G0 X169.096 Y157.466
G0 X169.096 Y156.98
G1 F2400 X168.761 Y157.156 E1297.26991
G1 X142.672 Y157.156 E1297.79054
G1 X142.247 Y156.981 E1297.79972
G1 X142.072 Y156.645 E1297.80728
G1 X142.072 Y112.156 E1298.6951
G1 X141.272 Y112.156 E1298.71107
G1 X141.273 Y157.955 E1299.62504
G1 X170.072 Y157.956 E1300.19975
G1 X170.072 Y112.156 E1301.11374
G1 X169.272 Y112.156 E1301.1297
G1 X169.272 Y156.645 E1302.01753
G1 X169.096 Y156.98 E1302.02508
G0 F12000 X168.87 Y156.591
;TYPE:WALL-OUTER
G1 F2400 X168.814 Y156.698 E1302.02749
G1 X168.707 Y156.754 E1302.0299
G1 X142.672 Y156.756 E1302.54946
G1 X142.53 Y156.698 E1302.55252
G1 X142.474 Y156.591 E1302.55493
G1 X142.472 Y111.756 E1303.44966
G1 X140.872 Y111.756 E1303.48159
G1 X140.873 Y158.355 E1304.41152
G1 X170.472 Y158.356 E1305.0022
G1 X170.472 Y111.756 E1305.93216
G1 X168.872 Y111.756 E1305.96409
G1 X168.87 Y156.591 E1306.85882
G1 F1500 E1300.35882
G0 F12000 X169.183 Y156.591
G0 X169.097 Y111.98
G0 X169.097 Y110.891
G0 X168.854 Y110.221
G0 X168.854 Y109.132
G0 X168.396 Y108.629
G0 X168.131 Y108.629
;TYPE:WALL-INNER
G1 F1500 E1306.85882
G1 F1920 X167.868 Y108.907 E1306.86836
G1 X168.628 Y108.906 E1306.88732
G1 F1927.7 X168.627 Y104.204 E1307.00415
G1 F1939.4 X167.816 Y104.204 E1307.02417
G1 X168.128 Y104.48 E1307.03446
G1 F1927.7 X168.131 Y108.629 E1307.13754
G0 F12000 X168.396 Y108.629
G0 X167.924 Y108.994
G0 X143.422 Y108.994
G0 X142.949 Y108.63
G0 X143.215 Y108.63
G1 F1935.5 X143.213 Y104.479 E1307.24026
G1 F1943.3 X143.476 Y104.202 E1307.24968
G1 X142.714 Y104.203 E1307.26846
G1 X142.721 Y104.456 E1307.27469
G1 F1935.5 X142.719 Y108.907 E1307.38484
G1 F1927.7 X143.526 Y108.907 E1307.40489
G1 X143.215 Y108.63 E1307.41523
G1 F1500 E1300.91523
G0 F12000 X142.949 Y108.63
G0 X143.422 Y108.994
G0 X167.528 Y109.066
G0 X167.528 Y108.805
;TYPE:WALL-OUTER
G1 F1500 E1307.41523
G1 F1912.4 X143.86 Y108.806 E1308.008
G1 F2133.3 X143.661 Y108.579 E1308.01477
G1 F2400 X143.657 Y104.532 E1308.09554
G1 F2123.9 X143.812 Y104.307 E1308.1017
G1 F1912.4 X167.484 Y104.306 E1308.69456
G1 F2133.3 X167.683 Y104.532 E1308.70132
G1 F2400 X167.683 Y108.579 E1308.78208
G1 F2123.9 X167.528 Y108.805 E1308.78826
G0 F12000 X167.571 Y109.304
G1 F2123.9 X168.379 Y109.356 E1308.80652
G1 F2400 X169.076 Y109.356 E1308.82043
G1 X169.068 Y104.555 E1308.91624
G1 X169.083 Y103.757 E1308.93217
G1 X168.374 Y103.757 E1308.94632
G1 F2133.3 X167.484 Y103.806 E1308.96633
G1 F1912.4 X143.769 Y103.808 E1309.56027
G1 F2123.9 X142.968 Y103.756 E1309.57837
G1 F2400 X142.254 Y103.756 E1309.59262
G1 X142.276 Y104.556 E1309.60859
G1 X142.269 Y109.356 E1309.70438
G1 X142.968 Y109.356 E1309.71833
G1 F2133.3 X143.86 Y109.306 E1309.73838
G1 F1912.4 X167.571 Y109.304 E1310.33222
G1 F1500 E1303.83222
;MESH:NONMESH
G0 F300 X167.571 Y109.304 Z5.64
G0 F12000 X167.571 Y109.046
G0 X151.936 Y109.126
G0 X151.936 Y110.221
G0 X151.7 Y146.067
G0 X151.936 Y146.91
;TIME_ELAPSED:2490.005919
;LAYER:46
;TYPE:SUPPORT
G1 F1500 E1310.33222
G1 F2400 X153.671 Y146.424 E1310.36818
G1 X155.404 Y146.91 E1310.4041
G1 X156.657 Y148.231 E1310.44043
G1 X157.14 Y149.89 E1310.47491
G1 X156.657 Y151.623 E1310.51082
G1 X155.403 Y152.877 E1310.54621
G1 X153.67 Y153.363 E1310.58212
G1 X152.014 Y152.878 E1310.61656
G1 X150.686 Y151.55 E1310.65404
G1 X150.201 Y149.892 E1310.68851
G1 X150.687 Y148.231 E1310.72305
G1 X151.936 Y146.91 E1310.75933
G1 F1500 E1304.25933
;MESH:9VBatteryHolder_v2.stl
G0 F12000 X151.31 Y146.318
G0 X149.919 Y147.79
G0 X149.302 Y149.894
G0 X149.921 Y152.007
G0 X151.936 Y155.891
G0 X151.936 Y156.986
G0 X142.672 Y157.556
;TYPE:WALL-INNER
G1 F1500 E1310.75933
G1 F2400 X168.672 Y157.556 E1311.27819
G1 F2352.9 X168.846 Y157.549 E1311.28173
G0 F12000 X169.369 Y157.253
G1 F2436.5 X168.846 Y157.549 E1311.29354
G1 X169.686 Y157.57 E1311.31006
G1 F2442.7 X169.665 Y156.73 E1311.32654
G1 X169.369 Y157.253 E1311.33832
G0 F12000 X169.665 Y156.73
G1 F2358.7 X169.672 Y156.556 E1311.34186
G1 F2400 X169.672 Y112.556 E1312.21992
G1 F1500 E1305.71992
G0 F12000 X169.511 Y157.394
G0 X141.835 Y157.394
G0 X141.672 Y112.556
G1 F1500 E1312.21992
G1 F2400 X141.672 Y156.556 E1313.09799
G1 F2352.9 X141.679 Y156.73 E1313.10153
G0 F12000 X141.975 Y157.253
G1 F2436.5 X141.679 Y156.73 E1313.11335
G1 X141.658 Y157.57 E1313.12986
G1 F2487 X142.672 Y157.556 E1313.14939
G1 X141.975 Y157.253 E1313.16403
G0 F12000 X141.763 Y157.253
G0 X169.096 Y157.466
G0 X169.096 Y156.98
G1 F2400 X168.761 Y157.156 E1313.17158
G1 X142.672 Y157.156 E1313.69222
G1 X142.247 Y156.981 E1313.70139
G1 X142.072 Y156.645 E1313.70895
G1 X142.072 Y112.156 E1314.59677
G1 X141.272 Y112.156 E1314.61274
G1 X141.273 Y157.955 E1315.52671
G1 X170.072 Y157.956 E1316.10142
G1 X170.072 Y112.156 E1317.01541
G1 X169.272 Y112.156 E1317.03138
G1 X169.272 Y156.645 E1317.9192
G1 X169.096 Y156.98 E1317.92675
G0 F12000 X168.87 Y156.591
;TYPE:WALL-OUTER
G1 F2400 X168.814 Y156.698 E1317.92916
G1 X168.707 Y156.754 E1317.93157
G1 X142.672 Y156.756 E1318.45113
G1 X142.53 Y156.698 E1318.45419
G1 X142.474 Y156.591 E1318.4566
G1 X142.472 Y111.756 E1319.35133
G1 X140.872 Y111.756 E1319.38326
G1 X140.873 Y158.355 E1320.3132
G1 X170.472 Y158.356 E1320.90388
G1 X170.472 Y111.756 E1321.83383
G1 X168.872 Y111.756 E1321.86576
G1 X168.87 Y156.591 E1322.76049
G1 F1500 E1316.26049
G0 F12000 X169.183 Y156.591
G0 X169.097 Y111.98
G0 X169.097 Y110.891
G0 X168.914 Y110.221
G0 X168.914 Y109.132
G0 X168.48 Y108.637
G0 X168.208 Y108.637
;TYPE:WALL-INNER
G1 F1500 E1322.76049
G1 F1967.2 X167.944 Y108.912 E1322.76977
G1 X168.693 Y108.911 E1322.78801
G1 F1971.3 X168.697 Y104.2 E1322.90247
G1 F1975.3 X167.895 Y104.2 E1322.92191
G1 X168.207 Y104.473 E1322.93197
G1 F1971.3 X168.208 Y108.637 E1323.03314
G0 F12000 X168.48 Y108.637
G0 X168.008 Y108.994
G0 X143.338 Y108.994
G0 X142.865 Y108.637
G0 X143.137 Y108.637
G1 F1971.3 X143.135 Y104.472 E1323.13433
G1 F1979.4 X143.399 Y104.197 E1323.14356
G1 X142.645 Y104.198 E1323.1618
G1 F1987.6 X142.652 Y104.557 E1323.17045
G1 F1979.4 X142.65 Y108.912 E1323.27583
G1 F1963.2 X143.449 Y108.912 E1323.29532
G1 X143.137 Y108.637 E1323.30547
G1 F1500 E1316.80547
G0 F12000 X142.865 Y108.637
G0 X143.338 Y108.994
G0 X167.612 Y109.066
G0 X167.612 Y108.805
;TYPE:WALL-OUTER
G1 F1500 E1323.30547
G1 F1912.4 X143.776 Y108.806 E1323.90244
G1 F2133.3 X143.577 Y108.581 E1323.90918
G1 F2400 X143.573 Y104.53 E1323.99002
G1 F2123.9 X143.728 Y104.307 E1323.99615
G1 F1912.4 X167.568 Y104.306 E1324.59322
G1 F2133.3 X167.767 Y104.53 E1324.59994
G1 F2400 X167.767 Y108.581 E1324.68079
G1 F2123.9 X167.612 Y108.805 E1324.68693
G0 F12000 X167.655 Y109.304
G1 F2123.9 X168.45 Y109.355 E1324.70489
G1 F2400 X169.136 Y109.355 E1324.71858
G1 X169.132 Y104.555 E1324.81437
G1 X169.151 Y103.757 E1324.8303
G1 X168.448 Y103.757 E1324.84433
G1 F2133.3 X167.568 Y103.806 E1324.86412
G1 F1912.4 X143.685 Y103.808 E1325.46227
G1 F2123.9 X142.894 Y103.756 E1325.48014
G1 F2400 X142.19 Y103.756 E1325.49419
G1 X142.212 Y104.555 E1325.51014
G1 X142.208 Y109.356 E1325.60595
G1 X142.894 Y109.356 E1325.61964
G1 F2133.3 X143.776 Y109.306 E1325.63947
G1 F1912.4 X167.655 Y109.304 E1326.23752
G1 F1500 E1319.73752
;MESH:NONMESH
G0 F300 X167.655 Y109.304 Z5.76
G0 F12000 X167.655 Y109.046
G0 X151.948 Y109.126
G0 X151.948 Y110.221
G0 X151.711 Y146.077
G0 X151.948 Y146.922
;TIME_ELAPSED:2520.881991
;LAYER:47
;TYPE:SUPPORT
G1 F1500 E1326.23752
G1 F2400 X153.671 Y146.44 E1326.27322
G1 X155.393 Y146.922 E1326.30891
G1 X156.649 Y148.243 E1326.34529
G1 X157.127 Y149.889 E1326.37949
G1 X156.641 Y151.615 E1326.41527
G1 X155.395 Y152.865 E1326.4505
G1 X153.67 Y153.347 E1326.48624
G1 X152.022 Y152.866 E1326.5205
G1 X150.698 Y151.542 E1326.55786
G1 X150.213 Y149.891 E1326.5922
G1 X150.695 Y148.243 E1326.62647
G1 X151.948 Y146.922 E1326.6628
G1 F1500 E1320.1628
;MESH:9VBatteryHolder_v2.stl
G0 F12000 X151.321 Y146.329
G0 X149.929 Y147.799
G0 X149.318 Y149.894
G0 X149.934 Y152
G0 X151.948 Y155.891
G0 X151.948 Y156.986
G0 X142.672 Y157.556
;TYPE:WALL-INNER
G1 F1500 E1326.6628
G1 F2400 X168.672 Y157.556 E1327.18166
G1 F2352.9 X168.846 Y157.549 E1327.18521
G0 F12000 X169.369 Y157.253
G1 F2436.5 X168.846 Y157.549 E1327.19702
G1 X169.686 Y157.57 E1327.21354
G1 F2442.7 X169.665 Y156.73 E1327.23001
G1 X169.369 Y157.253 E1327.24179
G0 F12000 X169.665 Y156.73
G1 F2358.7 X169.672 Y156.556 E1327.24533
G1 F2400 X169.672 Y112.556 E1328.1234
G1 F1500 E1321.6234
G0 F12000 X169.511 Y157.394
G0 X141.835 Y157.394
G0 X141.672 Y112.556
G1 F1500 E1328.1234
G1 F2400 X141.672 Y156.556 E1329.00146
G1 F2352.9 X141.679 Y156.73 E1329.00501
G0 F12000 X141.975 Y157.253
G1 F2436.5 X141.679 Y156.73 E1329.01682
G1 X141.658 Y157.57 E1329.03334
G1 F2487 X142.672 Y157.556 E1329.05287
G1 X141.975 Y157.253 E1329.0675
G0 F12000 X141.763 Y157.253
G0 X169.096 Y157.466
G0 X169.096 Y156.98
G1 F2400 X168.761 Y157.156 E1329.07506
G1 X142.672 Y157.156 E1329.59569
G1 X142.247 Y156.981 E1329.60486
G1 X142.072 Y156.645 E1329.61242
G1 X142.072 Y112.156 E1330.50025
G1 X141.272 Y112.156 E1330.51621
G1 X141.273 Y157.955 E1331.43018
G1 X170.072 Y157.956 E1332.0049
G1 X170.072 Y112.156 E1332.91889
G1 X169.272 Y112.156 E1332.93485
G1 X169.272 Y156.645 E1333.82268
G1 X169.096 Y156.98 E1333.83023
G0 F12000 X168.87 Y156.591
;TYPE:WALL-OUTER
G1 F2400 X168.814 Y156.698 E1333.83264
G1 X168.707 Y156.754 E1333.83505
G1 X142.672 Y156.756 E1334.35461
G1 X142.53 Y156.698 E1334.35767
G1 X142.474 Y156.591 E1334.36008
G1 X142.472 Y111.756 E1335.25481
G1 X140.872 Y111.756 E1335.28674
G1 X140.873 Y158.355 E1336.21667
G1 X170.472 Y158.356 E1336.80735
G1 X170.472 Y111.756 E1337.7373
G1 X168.872 Y111.756 E1337.76923
G1 X168.87 Y156.591 E1338.66396
G1 F1500 E1332.16396
G0 F12000 X169.183 Y156.591
G0 X169.097 Y111.98
G0 X169.097 Y110.891
G0 X168.973 Y110.221
G0 X168.973 Y109.132
G0 X168.495 Y107.28
G0 X168.766 Y107.28
;TYPE:WALL-INNER
G1 F1500 E1338.66396
G1 F2016.8 X168.759 Y104.195 E1338.73723
G1 X167.971 Y104.195 E1338.75594
G1 F2012.6 X168.285 Y104.467 E1338.76583
G1 F2008.4 X168.285 Y108.645 E1338.86546
G1 X168.02 Y108.918 E1338.87453
G1 X168.759 Y108.917 E1338.89216
G1 F2016.8 X168.766 Y107.28 E1338.93103
G0 F12000 X168.495 Y107.28
G0 X168.092 Y108.994
G0 X143.254 Y108.994
G0 X142.781 Y108.645
G0 X143.059 Y108.645
G1 F2012.6 X143.056 Y104.465 E1339.03051
G1 F2016.8 X143.321 Y104.193 E1339.03952
G1 X142.578 Y104.194 E1339.05717
G1 F2012.6 X142.585 Y108.917 E1339.16957
G1 F2008.4 X143.372 Y108.917 E1339.18833
G1 X143.059 Y108.645 E1339.19822
G1 F1500 E1332.69822
G0 F12000 X142.781 Y108.645
G0 X143.254 Y108.994
G0 X167.696 Y109.066
G0 X167.696 Y108.805
;TYPE:WALL-OUTER
G1 F1500 E1339.19822
G1 F1912.4 X143.692 Y108.806 E1339.7994
G1 F2133.3 X143.494 Y108.584 E1339.80608
G1 F2400 X143.49 Y104.527 E1339.88704
G1 F2123.9 X143.644 Y104.307 E1339.8931
G1 F1912.4 X167.652 Y104.306 E1340.49437
G1 F2133.3 X167.851 Y104.528 E1340.50107
G1 F2400 X167.85 Y108.584 E1340.58201
G1 F2123.9 X167.696 Y108.805 E1340.58808
G0 F12000 X167.739 Y109.304
G1 F2123.9 X168.521 Y109.356 E1340.60576
G1 F2400 X169.196 Y109.356 E1340.61923
G1 X169.203 Y107.279 E1340.66068
G1 X169.196 Y104.555 E1340.71504
G1 X169.215 Y103.756 E1340.73099
G1 X168.521 Y103.757 E1340.74484
G1 F2133.3 X167.652 Y103.806 E1340.76438
G1 F1912.4 X143.601 Y103.808 E1341.36673
G1 F2123.9 X142.821 Y103.756 E1341.38436
G1 F2400 X142.129 Y103.756 E1341.39817
G1 X142.148 Y104.555 E1341.41412
G1 X142.14 Y107.286 E1341.46862
G1 X142.148 Y109.356 E1341.50993
G1 X142.823 Y109.356 E1341.5234
G1 F2133.3 X143.692 Y109.306 E1341.54294
G1 F1912.4 X167.739 Y109.304 E1342.14519
G1 F1500 E1335.64519
;MESH:NONMESH
G0 F300 X167.739 Y109.304 Z5.88
G0 F12000 X167.739 Y109.046
G0 X151.956 Y109.126
G0 X151.956 Y110.221
G0 X151.718 Y146.09
G0 X151.956 Y146.938
;TIME_ELAPSED:2551.851469
;LAYER:48
;TYPE:SUPPORT
G1 F1500 E1342.14519
G1 F2400 X153.671 Y146.456 E1342.18074
G1 X155.384 Y146.938 E1342.21626
G1 X156.633 Y148.251 E1342.25242
G1 X157.112 Y149.89 E1342.2865
G1 X156.629 Y151.607 E1342.32209
G1 X155.387 Y152.849 E1342.35714
G1 X153.67 Y153.331 E1342.39273
G1 X152.03 Y152.854 E1342.42682
G1 X150.71 Y151.534 E1342.46407
G1 X150.229 Y149.893 E1342.4982
G1 X150.711 Y148.251 E1342.53235
G1 X151.956 Y146.938 E1342.56845
G1 F1500 E1336.06845
;MESH:9VBatteryHolder_v2.stl
G0 F12000 X151.328 Y146.343
G0 X149.942 Y147.806
G0 X149.333 Y149.894
G0 X149.947 Y151.993
G0 X151.956 Y155.891
G0 X151.956 Y156.986
G0 X142.672 Y157.556
;TYPE:WALL-INNER
G1 F1500 E1342.56845
G1 F2400 X168.672 Y157.556 E1343.08731
G1 F2352.9 X168.846 Y157.549 E1343.09086
G0 F12000 X169.369 Y157.253
G1 F2436.5 X168.846 Y157.549 E1343.10267
G1 X169.686 Y157.57 E1343.11919
G1 F2442.7 X169.665 Y156.73 E1343.13566
G1 X169.369 Y157.253 E1343.14744
G0 F12000 X169.665 Y156.73
G1 F2358.7 X169.672 Y156.556 E1343.15098
G1 F2400 X169.672 Y112.556 E1344.02905
G1 F1500 E1337.52905
G0 F12000 X169.511 Y157.394
G0 X141.835 Y157.394
G0 X141.672 Y112.556
G1 F1500 E1344.02905
G1 F2400 X141.672 Y156.556 E1344.90712
G1 F2352.9 X141.679 Y156.73 E1344.91066
G0 F12000 X141.975 Y157.253
G1 F2436.5 X141.679 Y156.73 E1344.92247
G1 X141.658 Y157.57 E1344.93899
G1 F2487 X142.672 Y157.556 E1344.95852
G1 X141.975 Y157.253 E1344.97316
G0 F12000 X141.763 Y157.253
G0 X169.096 Y157.466
G0 X169.096 Y156.98
G1 F2400 X168.761 Y157.156 E1344.98071
G1 X142.672 Y157.156 E1345.50134
G1 X142.247 Y156.981 E1345.51051
G1 X142.072 Y156.645 E1345.51807
G1 X142.072 Y112.156 E1346.4059
G1 X141.272 Y112.156 E1346.42186
G1 X141.273 Y157.955 E1347.33583
G1 X170.072 Y157.956 E1347.91055
G1 X170.072 Y112.156 E1348.82454
G1 X169.272 Y112.156 E1348.8405
G1 X169.272 Y156.645 E1349.72833
G1 X169.096 Y156.98 E1349.73588
G0 F12000 X168.87 Y156.591
;TYPE:WALL-OUTER
G1 F2400 X168.814 Y156.698 E1349.73829
G1 X168.707 Y156.754 E1349.7407
G1 X142.672 Y156.756 E1350.26026
G1 X142.53 Y156.698 E1350.26332
G1 X142.474 Y156.591 E1350.26573
G1 X142.472 Y111.756 E1351.16046
G1 X140.872 Y111.756 E1351.19239
G1 X140.873 Y158.355 E1352.12232
G1 X170.472 Y158.356 E1352.713
G1 X170.472 Y111.756 E1353.64295
G1 X168.872 Y111.756 E1353.67488
G1 X168.87 Y156.591 E1354.56962
G1 F1500 E1348.06962
G0 F12000 X169.183 Y156.591
G0 X169.097 Y111.98
G0 X169.097 Y110.891
G0 X169.033 Y110.221
G0 X169.033 Y109.132
G0 X168.648 Y108.654
G0 X168.362 Y108.654
;TYPE:WALL-INNER
G1 F1500 E1354.56962
G1 F2060.1 X168.096 Y108.924 E1354.57843
G1 X168.824 Y108.923 E1354.59535
G1 F2055.7 X168.833 Y104.191 E1354.7056
G1 F2051.3 X168.049 Y104.19 E1354.72391
G1 X168.363 Y104.459 E1354.73356
G1 F2055.7 X168.362 Y108.654 E1354.8313
G0 F12000 X168.648 Y108.654
G0 X168.176 Y108.994
G0 X143.17 Y108.994
G0 X142.748 Y108.654
G0 X142.982 Y108.654
G1 F2060.1 X142.978 Y104.458 E1354.92885
G1 X143.244 Y104.189 E1354.93765
G1 X142.509 Y104.19 E1354.95473
G1 X142.52 Y108.923 E1355.06477
G1 X143.296 Y108.923 E1355.08281
G1 X142.982 Y108.654 E1355.09243
G1 F1500 E1348.59243
G0 F12000 X142.748 Y108.654
G0 X143.17 Y108.994
G0 X167.78 Y109.066
G0 X167.78 Y108.805
;TYPE:WALL-OUTER
G1 F1500 E1355.09243
G1 F1912.4 X143.608 Y108.806 E1355.69781
G1 F2133.3 X143.41 Y108.587 E1355.70444
G1 F2400 X143.406 Y104.525 E1355.7855
G1 F2123.9 X143.56 Y104.307 E1355.79152
G1 F1912.4 X167.736 Y104.306 E1356.397
G1 F2133.3 X167.934 Y104.525 E1356.40363
G1 F2400 X167.934 Y108.587 E1356.48469
G1 F2123.9 X167.78 Y108.805 E1356.49071
G0 F12000 X167.823 Y109.304
G1 F2123.9 X168.592 Y109.356 E1356.50809
G1 F2400 X169.256 Y109.356 E1356.52134
G1 X169.26 Y104.555 E1356.61715
G1 X169.271 Y104.022 E1356.62779
G1 X169.262 Y103.757 E1356.63308
G1 X168.594 Y103.756 E1356.64641
G1 F2133.3 X167.736 Y103.806 E1356.66571
G1 F1912.4 X143.517 Y103.808 E1357.27227
G1 F2123.9 X142.748 Y103.757 E1357.28965
G1 F2400 X142.082 Y103.756 E1357.30294
G1 X142.072 Y104.045 E1357.30871
G1 X142.084 Y104.556 E1357.31891
G1 X142.088 Y109.356 E1357.4147
G1 X142.752 Y109.356 E1357.42795
G1 F2133.3 X143.608 Y109.306 E1357.4472
G1 F1912.4 X167.823 Y109.304 E1358.05367
G1 F1500 E1351.55367
;MESH:NONMESH
G0 F300 X167.823 Y109.304 Z6
G0 F12000 X167.823 Y109.046
G0 X151.964 Y109.126
G0 X151.964 Y110.221
G0 X151.727 Y146.104
G0 X151.964 Y146.95
;TIME_ELAPSED:2582.728530
;LAYER:49
;TYPE:SUPPORT
G1 F1500 E1358.05367
G1 F2400 X153.672 Y146.468 E1358.08908
G1 X155.38 Y146.95 E1358.1245
G1 X156.621 Y148.255 E1358.16044
G1 X157.096 Y149.889 E1358.19439
G1 X156.617 Y151.599 E1358.22983
G1 X155.379 Y152.837 E1358.26477
G1 X153.67 Y153.319 E1358.30021
G1 X152.038 Y152.842 E1358.33414
G1 X150.722 Y151.526 E1358.37128
G1 X150.241 Y149.892 E1358.40527
G1 X150.723 Y148.255 E1358.43932
G1 X151.964 Y146.95 E1358.47526
G1 F1500 E1351.97526
;MESH:9VBatteryHolder_v2.stl
G0 F12000 X151.335 Y146.355
G0 X149.954 Y147.813
G0 X149.346 Y149.894
G0 X149.959 Y151.986
G0 X151.964 Y155.891
G0 X151.964 Y156.986
G0 X142.672 Y157.556
;TYPE:WALL-INNER
G1 F1500 E1358.47526
G1 F2400 X168.672 Y157.556 E1358.99412
G1 F2352.9 X168.846 Y157.549 E1358.99767
G0 F12000 X169.369 Y157.253
G1 F2436.5 X168.846 Y157.549 E1359.00948
G1 X169.686 Y157.57 E1359.026
G1 F2442.7 X169.665 Y156.73 E1359.04247
G1 X169.369 Y157.253 E1359.05425
G0 F12000 X169.665 Y156.73
G1 F2358.7 X169.672 Y156.556 E1359.05779
G1 F2400 X169.672 Y112.556 E1359.93586
G1 F1500 E1353.43586
G0 F12000 X169.511 Y157.394
G0 X141.835 Y157.394
G0 X141.672 Y112.556
G1 F1500 E1359.93586
G1 F2400 X141.672 Y156.556 E1360.81392
G1 F2352.9 X141.679 Y156.73 E1360.81747
G0 F12000 X141.975 Y157.253
G1 F2436.5 X141.679 Y156.73 E1360.82928
G1 X141.658 Y157.57 E1360.8458
G1 F2487 X142.672 Y157.556 E1360.86533
G1 X141.975 Y157.253 E1360.87996
G0 F12000 X141.763 Y157.253
G0 X169.096 Y157.466
G0 X169.096 Y156.98
G1 F2400 X168.761 Y157.156 E1360.88752
G1 X142.672 Y157.156 E1361.40815
G1 X142.247 Y156.981 E1361.41732
G1 X142.072 Y156.645 E1361.42488
G1 X142.072 Y112.156 E1362.31271
G1 X141.272 Y112.156 E1362.32867
G1 X141.273 Y157.955 E1363.24264
G1 X170.072 Y157.956 E1363.81736
G1 X170.072 Y112.156 E1364.73135
G1 X169.272 Y112.156 E1364.74731
G1 X169.272 Y156.645 E1365.63514
G1 X169.096 Y156.98 E1365.64269
G0 F12000 X168.87 Y156.591
;TYPE:WALL-OUTER
G1 F2400 X168.814 Y156.698 E1365.6451
G1 X168.707 Y156.754 E1365.64751
G1 X142.672 Y156.756 E1366.16706
G1 X142.53 Y156.698 E1366.17013
G1 X142.474 Y156.591 E1366.17254
G1 X142.472 Y111.756 E1367.06727
G1 X140.872 Y111.756 E1367.0992
G1 X140.873 Y158.355 E1368.02913
G1 X170.472 Y158.356 E1368.61981
G1 X170.472 Y111.756 E1369.54976
G1 X168.872 Y111.756 E1369.58169
G1 X168.87 Y156.591 E1370.47642
G1 F1500 E1363.97642
G0 F12000 X169.183 Y156.591
G0 X169.097 Y111.98
G0 X169.097 Y110.891
G0 X169.097 Y110.221
G0 X169.097 Y109.126
G0 X168.682 Y106.193
G0 X168.901 Y106.192
;TYPE:WALL-INNER
G1 F1500 E1370.47642
G1 F2114.5 X168.894 Y104.185 E1370.52188
G1 F2105.3 X168.124 Y104.185 E1370.5394
G1 F2100.7 X168.44 Y104.451 E1370.54882
G1 F2105.3 X168.439 Y108.662 E1370.64462
G1 X168.172 Y108.929 E1370.65321
G1 X168.89 Y108.928 E1370.66954
G1 F2109.9 X168.901 Y106.192 E1370.73165
G0 F12000 X168.682 Y106.193
G0 X168.26 Y104.118
G0 X143.085 Y104.118
G0 X142.663 Y106.197
G0 X142.442 Y106.196
G1 F2114.5 X142.454 Y108.928 E1370.79353
G1 F2109.9 X143.222 Y108.928 E1370.81096
G1 X142.905 Y108.662 E1370.82036
G1 F2105.3 X142.899 Y104.451 E1370.91616
G1 F2096.1 X143.166 Y104.184 E1370.92479
G1 F2105.3 X142.445 Y104.185 E1370.94119
G1 F2114.5 X142.442 Y106.196 E1370.98674
G1 F1500 E1364.48674
G0 F12000 X142.663 Y106.197
G0 X143.086 Y108.994
G0 X167.864 Y109.066
G0 X167.864 Y108.805
;TYPE:WALL-OUTER
G1 F1500 E1370.98674
G1 F1912.4 X143.524 Y108.806 E1371.59633
G1 F2133.3 X143.326 Y108.59 E1371.60291
G1 F2400 X143.322 Y104.522 E1371.68409
G1 F2123.9 X143.476 Y104.307 E1371.69005
G1 F1912.4 X167.82 Y104.306 E1372.29975
G1 F2133.3 X168.018 Y104.522 E1372.30633
G1 F2400 X168.017 Y108.59 E1372.38751
G1 F2123.9 X167.864 Y108.805 E1372.39346
G0 F12000 X167.907 Y109.304
G1 F2123.9 X168.663 Y109.356 E1372.41055
G1 F2400 X169.316 Y109.356 E1372.42358
G1 X169.328 Y106.19 E1372.48676
G1 X169.32 Y104.554 E1372.51941
G1 X169.331 Y104.14 E1372.52767
G1 X169.318 Y103.756 E1372.53534
G1 X168.666 Y103.757 E1372.54835
G1 F2133.3 X167.82 Y103.806 E1372.56738
G1 F1912.4 X143.433 Y103.808 E1373.17815
G1 F2123.9 X142.674 Y103.756 E1373.1953
G1 F2400 X142.025 Y103.756 E1373.20825
G1 X142.008 Y104.191 E1373.21694
G1 X142.02 Y104.555 E1373.22421
G1 X142.016 Y106.198 E1373.257
G1 X142.028 Y109.355 E1373.32
G1 X142.681 Y109.355 E1373.33303
G1 F2133.3 X143.524 Y109.306 E1373.35199
G1 F1912.4 X167.907 Y109.304 E1373.96266
G1 F1500 E1367.46266
;MESH:NONMESH
G0 F300 X167.907 Y109.304 Z6.12
G0 F12000 X167.907 Y109.046
G0 X151.972 Y109.126
G0 X151.972 Y110.221
G0 X151.734 Y146.116
G0 X151.972 Y146.962
;TIME_ELAPSED:2613.916184
;LAYER:50
;TYPE:SUPPORT
G1 F1500 E1373.96266
G1 F2400 X153.672 Y146.484 E1373.9979
G1 X155.372 Y146.962 E1374.03314
G1 X156.609 Y148.263 E1374.06896
G1 X157.084 Y149.889 E1374.10277
G1 X156.605 Y151.591 E1374.13805
G1 X155.371 Y152.825 E1374.17288
G1 X153.67 Y153.303 E1374.20814
G1 X152.042 Y152.826 E1374.24199
G1 X150.738 Y151.522 E1374.2788
G1 X150.257 Y149.891 E1374.31273
G1 X150.735 Y148.263 E1374.34659
G1 X151.972 Y146.962 E1374.38242
G1 F1500 E1367.88242
;MESH:9VBatteryHolder_v2.stl
G0 F12000 X151.343 Y146.367
G0 X149.968 Y147.819
G0 X149.361 Y149.894
G0 X149.911 Y151.77
G0 X151.972 Y155.891
G0 X151.972 Y156.986
G0 X142.672 Y157.556
;TYPE:WALL-INNER
G1 F1500 E1374.38242
G1 F2400 X168.672 Y157.556 E1374.90127
G1 F2352.9 X168.846 Y157.549 E1374.90482
G0 F12000 X169.369 Y157.253
G1 F2436.5 X168.846 Y157.549 E1374.91663
G1 X169.686 Y157.57 E1374.93315
G1 F2442.7 X169.665 Y156.73 E1374.94962
G1 X169.369 Y157.253 E1374.96141
G0 F12000 X169.665 Y156.73
G1 F2358.7 X169.672 Y156.556 E1374.96494
G1 F2400 X169.672 Y112.556 E1375.84301
G1 F1500 E1369.34301
G0 F12000 X169.511 Y157.394
G0 X141.835 Y157.394
G0 X141.672 Y112.556
G1 F1500 E1375.84301
G1 F2400 X141.672 Y156.556 E1376.72108
G1 F2352.9 X141.679 Y156.73 E1376.72462
G0 F12000 X141.975 Y157.253
G1 F2436.5 X141.679 Y156.73 E1376.73643
G1 X141.658 Y157.57 E1376.75295
G1 F2487 X142.672 Y157.556 E1376.77248
G1 X141.975 Y157.253 E1376.78712
G0 F12000 X141.763 Y157.253
G0 X169.096 Y157.466
G0 X169.096 Y156.98
G1 F2400 X168.761 Y157.156 E1376.79467
G1 X142.672 Y157.156 E1377.3153
G1 X142.247 Y156.981 E1377.32447
G1 X142.072 Y156.645 E1377.33203
G1 X142.072 Y112.156 E1378.21986
G1 X141.272 Y112.156 E1378.23583
G1 X141.273 Y157.955 E1379.14979
G1 X170.072 Y157.956 E1379.72451
G1 X170.072 Y112.156 E1380.6385
G1 X169.272 Y112.156 E1380.65446
G1 X169.272 Y156.645 E1381.54229
G1 X169.096 Y156.98 E1381.54984
G0 F12000 X168.87 Y156.591
;TYPE:WALL-OUTER
G1 F2400 X168.814 Y156.698 E1381.55225
G1 X168.707 Y156.754 E1381.55466
G1 X142.672 Y156.756 E1382.07422
G1 X142.53 Y156.698 E1382.07728
G1 X142.474 Y156.591 E1382.07969
G1 X142.472 Y111.756 E1382.97442
G1 X140.872 Y111.756 E1383.00635
G1 X140.873 Y158.355 E1383.93628
G1 X170.472 Y158.356 E1384.52696
G1 X170.472 Y111.756 E1385.45692
G1 X168.872 Y111.756 E1385.48884
G1 X168.87 Y156.591 E1386.38358
G1 F1500 E1379.88358
G0 F12000 X169.183 Y156.591
G0 X169.097 Y111.98
G0 X169.097 Y110.891
G0 X169.097 Y110.221
G0 X169.097 Y109.126
G0 X168.766 Y105.649
G0 X168.967 Y105.648
;TYPE:WALL-INNER
G1 F1500 E1386.38358
G1 F2157.3 X168.963 Y104.18 E1386.41617
G1 F2142.9 X168.202 Y104.181 E1386.43318
G1 X168.519 Y104.444 E1386.44238
G1 F2147.7 X168.523 Y108.664 E1386.53649
G1 F2157.3 X168.248 Y108.934 E1386.54505
G1 F2162.2 X168.955 Y108.933 E1386.56071
G1 F2167 X168.967 Y105.648 E1386.63331
G0 F12000 X168.766 Y105.649
G0 X168.344 Y108.994
G0 X143.002 Y108.994
G0 X142.63 Y108.665
G0 X142.822 Y108.665
G1 F2171.9 X142.816 Y104.451 E1386.72624
G1 F2152.5 X143.09 Y104.179 E1386.73483
G1 F2138.1 X142.378 Y104.18 E1386.75078
G1 F2152.5 X142.391 Y108.935 E1386.85658
G1 F2167 X143.147 Y108.935 E1386.87329
G1 F2171.9 X142.822 Y108.665 E1386.88261
G1 F1500 E1380.38261
G0 F12000 X142.63 Y108.665
G0 X143.002 Y108.994
G0 X167.948 Y109.066
G0 X167.948 Y108.805
;TYPE:WALL-OUTER
G1 F1500 E1386.88261
G1 F1912.4 X143.44 Y108.806 E1387.49641
G1 F2133.3 X143.243 Y108.594 E1387.5029
G1 F2400 X143.239 Y104.52 E1387.58421
G1 F2123.9 X143.392 Y104.307 E1387.59012
G1 F1912.4 X167.904 Y104.306 E1388.20402
G1 F2133.3 X168.101 Y104.52 E1388.21055
G1 F2400 X168.101 Y108.593 E1388.29183
G1 F2123.9 X167.948 Y108.805 E1388.29773
G0 F12000 X167.991 Y109.304
G1 F2123.9 X168.734 Y109.355 E1388.31452
G1 F2400 X169.376 Y109.355 E1388.32733
G1 X169.384 Y104.554 E1388.42314
G1 X169.391 Y104.268 E1388.42885
G1 X169.374 Y103.756 E1388.43907
G1 X168.739 Y103.757 E1388.45175
G1 F2133.3 X167.904 Y103.806 E1388.47053
G1 F1912.4 X143.349 Y103.808 E1389.0855
G1 F2123.9 X142.601 Y103.756 E1389.10241
G1 F2400 X141.969 Y103.756 E1389.11502
G1 X141.949 Y104.309 E1389.12607
G1 X141.972 Y109.356 E1389.22679
G1 X142.612 Y109.356 E1389.23956
G1 F2133.3 X143.44 Y109.306 E1389.25818
G1 F1912.4 X167.991 Y109.304 E1389.87306
G1 F1500 E1383.37306
;MESH:NONMESH
G0 F300 X167.991 Y109.304 Z6.24
G0 F12000 X167.991 Y109.046
G0 X151.976 Y109.126
G0 X151.976 Y110.221
G0 X151.739 Y146.13
G0 X151.976 Y146.974
;TIME_ELAPSED:2644.941740
;LAYER:51
;TYPE:SUPPORT
G1 F1500 E1389.87306
G1 F2400 X153.672 Y146.5 E1389.9082
G1 X155.368 Y146.974 E1389.94334
G1 X156.593 Y148.267 E1389.97889
G1 X157.067 Y149.89 E1390.01263
G1 X156.593 Y151.587 E1390.04779
G1 X155.363 Y152.813 E1390.08245
G1 X153.67 Y153.288 E1390.11754
G1 X152.05 Y152.814 E1390.15122
G1 X150.75 Y151.514 E1390.18791
G1 X150.273 Y149.892 E1390.22165
G1 X150.751 Y148.267 E1390.25545
G1 X151.976 Y146.974 E1390.291
G1 F1500 E1383.791
;MESH:9VBatteryHolder_v2.stl
G0 F12000 X151.348 Y146.381
G0 X149.983 Y147.826
G0 X149.376 Y149.894
G0 X149.924 Y151.763
G0 X151.976 Y155.891
G0 X151.976 Y156.986
G0 X142.672 Y157.556
;TYPE:WALL-INNER
G1 F1500 E1390.291
G1 F2400 X168.672 Y157.556 E1390.80986
G1 F2352.9 X168.846 Y157.549 E1390.8134
G0 F12000 X169.369 Y157.253
G1 F2436.5 X168.846 Y157.549 E1390.82521
G1 X169.686 Y157.57 E1390.84173
G1 F2442.7 X169.665 Y156.73 E1390.8582
G1 X169.369 Y157.253 E1390.86999
G0 F12000 X169.665 Y156.73
G1 F2358.7 X169.672 Y156.556 E1390.87352
G1 F2400 X169.672 Y112.556 E1391.75159
G1 F1500 E1385.25159
G0 F12000 X169.511 Y157.394
G0 X141.835 Y157.394
G0 X141.672 Y112.556
G1 F1500 E1391.75159
G1 F2400 X141.672 Y156.556 E1392.62966
G1 F2352.9 X141.679 Y156.73 E1392.6332
G0 F12000 X141.975 Y157.253
G1 F2436.5 X141.679 Y156.73 E1392.64502
G1 X141.658 Y157.57 E1392.66153
G1 F2487 X142.672 Y157.556 E1392.68106
G1 X141.975 Y157.253 E1392.6957
G0 F12000 X141.763 Y157.253
G0 X169.096 Y157.466
G0 X169.096 Y156.98
G1 F2400 X168.761 Y157.156 E1392.70325
G1 X142.672 Y157.156 E1393.22388
G1 X142.247 Y156.981 E1393.23306
G1 X142.072 Y156.645 E1393.24062
G1 X142.072 Y112.156 E1394.12844
G1 X141.272 Y112.156 E1394.14441
G1 X141.273 Y157.955 E1395.05838
G1 X170.072 Y157.956 E1395.63309
G1 X170.072 Y112.156 E1396.54708
G1 X169.272 Y112.156 E1396.56304
G1 X169.272 Y156.645 E1397.45087
G1 X169.096 Y156.98 E1397.45842
G0 F12000 X168.87 Y156.591
;TYPE:WALL-OUTER
G1 F2400 X168.814 Y156.698 E1397.46083
G1 X168.707 Y156.754 E1397.46324
G1 X142.672 Y156.756 E1397.9828
G1 X142.53 Y156.698 E1397.98586
G1 X142.474 Y156.591 E1397.98827
G1 X142.472 Y111.756 E1398.883
G1 X140.872 Y111.756 E1398.91493
G1 X140.873 Y158.355 E1399.84486
G1 X170.472 Y158.356 E1400.43554
G1 X170.472 Y111.756 E1401.3655
G1 X168.872 Y111.756 E1401.39743
G1 X168.87 Y156.591 E1402.29216
G1 F1500 E1395.79216
G0 F12000 X169.183 Y156.591
G0 X169.097 Y111.98
G0 X169.097 Y110.891
G0 X169.097 Y110.221
G0 X168.591 Y108.668
;TYPE:WALL-INNER
G1 F1500 E1402.29216
G1 F2196.8 X168.314 Y108.938 E1402.30059
G1 X169.016 Y108.937 E1402.3159
G1 X169.033 Y104.557 E1402.41139
G1 F2176.9 X169.021 Y104.178 E1402.41973
G1 F2157.3 X168.27 Y104.178 E1402.43641
G1 F2176.9 X168.595 Y104.448 E1402.4457
G1 F2196.8 X168.591 Y108.668 E1402.53771
G0 F12000 X168.778 Y108.667
G0 X168.415 Y108.994
G0 X142.931 Y108.994
G0 X142.569 Y108.669
G0 X142.752 Y108.669
G1 F2171.9 X142.748 Y104.449 E1402.63076
G1 F2162.2 X143.023 Y104.178 E1402.63932
G1 F2152.5 X142.321 Y104.179 E1402.65494
G1 F2162.2 X142.31 Y104.443 E1402.66079
G1 F2171.9 X142.326 Y108.936 E1402.75987
G1 F2181.8 X143.077 Y108.936 E1402.77635
G1 X142.752 Y108.669 E1402.78559
G1 F1500 E1396.28559
G0 F12000 X142.569 Y108.669
G0 X142.931 Y108.994
G0 X168.02 Y109.066
G0 X168.02 Y108.805
;TYPE:WALL-OUTER
G1 F1500 E1402.78559
G1 F1912.4 X143.368 Y108.806 E1403.40299
G1 F2133.3 X143.171 Y108.595 E1403.40947
G1 F2400 X143.171 Y104.519 E1403.49081
G1 F2123.9 X143.324 Y104.307 E1403.49671
G1 F1912.4 X167.976 Y104.306 E1404.11412
G1 F2133.3 X168.173 Y104.519 E1404.12063
G1 F2400 X168.173 Y108.595 E1404.20197
G1 F2123.9 X168.02 Y108.805 E1404.20783
G0 F12000 X168.063 Y109.304
G1 F2123.9 X168.798 Y109.355 E1404.22444
G1 F2400 X169.432 Y109.355 E1404.2371
G1 X169.451 Y104.381 E1404.33636
G1 X169.43 Y103.756 E1404.34884
G1 X168.806 Y103.756 E1404.36129
G1 F2133.3 X167.976 Y103.806 E1404.37996
G1 F1912.4 X143.281 Y103.808 E1404.99844
G1 F2123.9 X142.536 Y103.756 E1405.01528
G1 F2400 X141.913 Y103.756 E1405.02772
G1 X141.889 Y104.436 E1405.04129
G1 X141.908 Y109.356 E1405.13948
G1 X142.544 Y109.356 E1405.15217
G1 F2133.3 X143.368 Y109.306 E1405.1707
G1 F1912.4 X168.063 Y109.304 E1405.78919
G1 F1500 E1399.28919
;MESH:NONMESH
G0 F300 X168.063 Y109.304 Z6.36
G0 F12000 X168.063 Y109.046
G0 X151.984 Y109.126
G0 X151.984 Y110.221
G0 X151.747 Y146.142
G0 X151.984 Y146.986
;TIME_ELAPSED:2675.814345
;LAYER:52
;TYPE:SUPPORT
G1 F1500 E1405.78919
G1 F2400 X153.671 Y146.512 E1405.82416
G1 X155.356 Y146.986 E1405.85909
G1 X156.585 Y148.279 E1405.89469
G1 X157.052 Y149.89 E1405.92816
G1 X156.581 Y151.579 E1405.96315
G1 X155.359 Y152.801 E1405.99764
G1 X153.67 Y153.275 E1406.03265
G1 X152.058 Y152.802 E1406.06617
G1 X150.762 Y151.506 E1406.10275
G1 X150.285 Y149.891 E1406.13635
G1 X150.759 Y148.279 E1406.16989
G1 X151.984 Y146.986 E1406.20543
G1 F1500 E1399.70543
;MESH:9VBatteryHolder_v2.stl
G0 F12000 X151.357 Y146.393
G0 X149.993 Y147.834
G0 X149.39 Y149.894
G0 X149.936 Y151.758
G0 X151.984 Y155.891
G0 X151.984 Y156.986
G0 X142.672 Y157.556
;TYPE:WALL-INNER
G1 F1500 E1406.20543
G1 F2400 X168.672 Y157.556 E1406.72429
G1 F2352.9 X168.846 Y157.549 E1406.72783
G0 F12000 X169.369 Y157.253
G1 F2436.5 X168.846 Y157.549 E1406.73965
G1 X169.686 Y157.57 E1406.75616
G1 F2442.7 X169.665 Y156.73 E1406.77264
G1 X169.369 Y157.253 E1406.78442
G0 F12000 X169.665 Y156.73
G1 F2358.7 X169.672 Y156.556 E1406.78796
G1 F2400 X169.672 Y112.556 E1407.66602
G1 F1500 E1401.16602
G0 F12000 X169.511 Y157.394
G0 X141.835 Y157.394
G0 X141.672 Y112.556
G1 F1500 E1407.66602
G1 F2400 X141.672 Y156.556 E1408.54409
G1 F2352.9 X141.679 Y156.73 E1408.54764
G0 F12000 X141.975 Y157.253
G1 F2436.5 X141.679 Y156.73 E1408.55945
G1 X141.658 Y157.57 E1408.57597
G1 F2487 X142.672 Y157.556 E1408.5955
G1 X141.975 Y157.253 E1408.61013
G0 F12000 X141.763 Y157.253
G0 X169.096 Y157.466
G0 X169.096 Y156.98
G1 F2400 X168.761 Y157.156 E1408.61768
G1 X142.672 Y157.156 E1409.13832
G1 X142.247 Y156.981 E1409.14749
G1 X142.072 Y156.645 E1409.15505
G1 X142.072 Y112.156 E1410.04288
G1 X141.272 Y112.156 E1410.05884
G1 X141.273 Y157.955 E1410.97281
G1 X170.072 Y157.956 E1411.54752
G1 X170.072 Y112.156 E1412.46151
G1 X169.272 Y112.156 E1412.47748
G1 X169.272 Y156.645 E1413.3653
G1 X169.096 Y156.98 E1413.37286
G0 F12000 X168.87 Y156.591
;TYPE:WALL-OUTER
G1 F2400 X168.814 Y156.698 E1413.37527
G1 X168.707 Y156.754 E1413.37768
G1 X142.672 Y156.756 E1413.89723
G1 X142.53 Y156.698 E1413.90029
G1 X142.474 Y156.591 E1413.9027
G1 X142.472 Y111.756 E1414.79743
G1 X140.872 Y111.756 E1414.82936
G1 X140.873 Y158.355 E1415.7593
G1 X170.472 Y158.356 E1416.34998
G1 X170.472 Y111.756 E1417.27993
G1 X168.872 Y111.756 E1417.31186
G1 X168.87 Y156.591 E1418.20659
G1 F1500 E1411.70659
G0 F12000 X169.183 Y156.591
G0 X169.097 Y111.98
G0 X168.008 Y111.98
G0 X160.729 Y110.221
G0 X160.902 Y109.306
G1 F1500 E1418.20659
G1 F1920 X150.442 Y109.306 E1418.46752
G1 X150.442 Y108.806 E1418.47999
G1 X160.902 Y108.806 E1418.74092
G1 X160.902 Y109.306 E1418.75339
G1 F1500 E1412.25339
G0 F12000 X160.673 Y109.076
G0 X162.617 Y108.98
G0 X168.648 Y108.667
;TYPE:WALL-INNER
G1 F1500 E1418.75339
G1 F2186.8 X168.371 Y108.938 E1418.76188
G1 X169.075 Y108.937 E1418.77729
G1 F2181.8 X169.092 Y104.55 E1418.8736
G1 F2171.9 X169.077 Y104.178 E1418.88181
G1 F2157.3 X168.326 Y104.178 E1418.89848
G1 F2162.2 X168.652 Y104.449 E1418.90787
G1 F2181.8 X168.648 Y108.667 E1419.00046
G1 F1500 E1412.50046
G0 F12000 X168.838 Y108.666
G0 X168.471 Y104.118
G0 X142.874 Y104.118
G0 X142.509 Y108.669
G0 X142.696 Y108.669
G1 F1500 E1419.00046
G1 F2171.9 X142.691 Y104.45 E1419.0935
G1 F2162.2 X142.967 Y104.178 E1419.10208
G1 F2152.5 X142.265 Y104.179 E1419.1177
G1 F2162.2 X142.249 Y104.57 E1419.12637
G1 F2181.8 X142.269 Y108.936 E1419.22221
G1 F2186.8 X143.022 Y108.936 E1419.2387
G1 F2181.8 X142.696 Y108.669 E1419.24795
G1 F1500 E1412.74795
G0 F12000 X142.509 Y108.669
G0 X142.874 Y104.118
G0 X168.471 Y104.118
G0 X168.543 Y108.595
G0 X168.229 Y108.595
;TYPE:WALL-OUTER
G1 F1500 E1419.24795
G1 F2123.9 X168.076 Y108.805 E1419.25381
G1 F1912.4 X162.442 Y108.806 E1419.39492
G1 F1920 X162.442 Y109.306 E1419.40739
G1 F1912.4 X168.119 Y109.304 E1419.54957
G1 F2123.9 X168.856 Y109.356 E1419.56623
G1 F2400 X169.492 Y109.356 E1419.57892
G1 X169.512 Y104.537 E1419.67509
G1 X169.486 Y103.756 E1419.69069
G1 X168.862 Y103.756 E1419.70314
G1 F2133.3 X168.032 Y103.806 E1419.72181
G1 F1912.4 X143.225 Y103.808 E1420.34309
G1 F2123.9 X142.48 Y103.756 E1420.35994
G1 F2400 X141.857 Y103.756 E1420.37237
G1 X141.828 Y104.564 E1420.3885
G1 X141.852 Y109.355 E1420.48411
G1 X142.488 Y109.355 E1420.49681
G1 F2133.3 X143.312 Y109.306 E1420.51534
G1 F1920 X148.902 Y109.306 E1420.65478
G1 X148.902 Y108.806 E1420.66725
G1 X143.312 Y108.806 E1420.8067
G1 F2133.3 X143.115 Y108.595 E1420.81318
G1 F2400 X143.115 Y104.519 E1420.89452
G1 F2123.9 X143.268 Y104.307 E1420.90041
G1 F1912.4 X168.032 Y104.306 E1421.52063
G1 F2133.3 X168.229 Y104.519 E1421.52714
G1 F2400 X168.229 Y108.595 E1421.60848
G1 F1500 E1415.10848
;MESH:NONMESH
G0 F300 X168.229 Y108.595 Z6.48
G0 F12000 X168.543 Y108.595
G0 X168.471 Y108.994
G0 X162.618 Y109.132
G0 X162.618 Y110.221
G0 X151.755 Y146.154
G0 X151.992 Y146.998
;TIME_ELAPSED:2708.951891
;LAYER:53
;TYPE:SUPPORT
G1 F1500 E1421.60848
G1 F2400 X153.671 Y146.528 E1421.64327
G1 X155.348 Y146.998 E1421.67803
G1 X156.569 Y148.283 E1421.7134
G1 X157.036 Y149.89 E1421.7468
G1 X156.565 Y151.571 E1421.78164
G1 X155.351 Y152.789 E1421.81596
G1 X153.67 Y153.26 E1421.85079
G1 X152.066 Y152.79 E1421.88415
G1 X150.774 Y151.498 E1421.92061
G1 X150.301 Y149.891 E1421.95404
G1 X150.771 Y148.283 E1421.98747
G1 X151.992 Y146.998 E1422.02285
G1 F1500 E1415.52285
;MESH:9VBatteryHolder_v2.stl
G0 F12000 X151.365 Y146.405
G0 X150.006 Y147.84
G0 X149.405 Y149.894
G0 X149.949 Y151.752
G0 X151.992 Y155.891
G0 X151.992 Y156.986
G0 X142.672 Y157.556
;TYPE:WALL-INNER
G1 F1500 E1422.02285
G1 F2400 X168.672 Y157.556 E1422.54171
G1 F2352.9 X168.846 Y157.549 E1422.54525
G0 F12000 X169.369 Y157.253
G1 F2436.5 X168.846 Y157.549 E1422.55706
G1 X169.686 Y157.57 E1422.57358
G1 F2442.7 X169.665 Y156.73 E1422.59006
G1 X169.369 Y157.253 E1422.60184
G0 F12000 X169.665 Y156.73
G1 F2358.7 X169.672 Y156.556 E1422.60537
G1 F2400 X169.672 Y112.556 E1423.48344
G1 F1500 E1416.98344
G0 F12000 X169.511 Y157.394
G0 X141.835 Y157.394
G0 X141.672 Y112.556
G1 F1500 E1423.48344
G1 F2400 X141.672 Y156.556 E1424.36151
G1 F2352.9 X141.679 Y156.73 E1424.36505
G0 F12000 X141.975 Y157.253
G1 F2436.5 X141.679 Y156.73 E1424.37687
G1 X141.658 Y157.57 E1424.39338
G1 F2487 X142.672 Y157.556 E1424.41291
G1 X141.975 Y157.253 E1424.42755
G0 F12000 X141.763 Y157.253
G0 X169.096 Y157.466
G0 X169.096 Y156.98
G1 F2400 X168.761 Y157.156 E1424.4351
G1 X142.672 Y157.156 E1424.95573
G1 X142.247 Y156.981 E1424.96491
G1 X142.072 Y156.645 E1424.97247
G1 X142.072 Y112.156 E1425.86029
G1 X141.272 Y112.156 E1425.87626
G1 X141.273 Y157.955 E1426.79023
G1 X170.072 Y157.956 E1427.36494
G1 X170.072 Y112.156 E1428.27893
G1 X169.272 Y112.156 E1428.2949
G1 X169.272 Y156.645 E1429.18272
G1 X169.096 Y156.98 E1429.19027
G0 F12000 X168.87 Y156.591
;TYPE:WALL-OUTER
G1 F2400 X168.814 Y156.698 E1429.19268
G1 X168.707 Y156.754 E1429.19509
G1 X142.672 Y156.756 E1429.71465
G1 X142.53 Y156.698 E1429.71771
G1 X142.474 Y156.591 E1429.72012
G1 X142.472 Y111.756 E1430.61485
G1 X140.872 Y111.756 E1430.64678
G1 X140.873 Y158.355 E1431.57672
G1 X170.472 Y158.356 E1432.1674
G1 X170.472 Y111.756 E1433.09735
G1 X168.872 Y111.756 E1433.12928
G1 X168.87 Y156.591 E1434.02401
G1 F1500 E1427.52401
G0 F12000 X169.183 Y156.591
G0 X169.097 Y111.98
G0 X168.008 Y111.98
G0 X162.03 Y110.209
G0 X161.329 Y109.13
G0 X160.414 Y109.306
G1 F1500 E1434.02401
G1 F1920 X150.93 Y109.306 E1434.26059
G1 X150.93 Y108.806 E1434.27306
G1 X160.414 Y108.806 E1434.50964
G1 X160.414 Y109.306 E1434.52211
G1 F1500 E1428.02211
G0 F12000 X160.185 Y109.076
G0 X161.329 Y108.978
G0 X162.03 Y110.209
G0 X168.513 Y110.221
G0 X168.513 Y108.98
G0 X168.949 Y107.096
G0 X169.145 Y107.097
;TYPE:WALL-INNER
G1 F1500 E1434.52211
G1 F2191.8 X169.135 Y104.176 E1434.58594
G1 F2181.8 X168.38 Y104.177 E1434.60252
G1 X168.699 Y104.439 E1434.61158
G1 X168.706 Y108.665 E1434.70435
G1 F2171.9 X168.431 Y108.935 E1434.71284
G1 X169.136 Y108.934 E1434.72839
G1 F2181.8 X169.145 Y107.097 E1434.76872
G1 F1500 E1428.26872
G0 F12000 X168.949 Y107.096
G0 X168.527 Y104.118
G0 X142.818 Y104.118
G0 X142.396 Y107.102
G0 X142.199 Y107.101
G1 F1500 E1434.76872
G1 F2181.8 X142.21 Y108.935 E1434.80898
G1 F2171.9 X142.963 Y108.935 E1434.82558
G1 X142.639 Y108.667 E1434.83485
G1 X142.646 Y104.439 E1434.92809
G1 X142.914 Y104.176 E1434.93637
G1 X142.209 Y104.177 E1434.95191
G1 F2181.8 X142.199 Y107.101 E1435.0161
G1 F1500 E1428.5161
G0 F12000 X142.396 Y107.102
G0 X142.818 Y104.118
G0 X168.527 Y104.118
G0 X168.599 Y108.594
G0 X168.285 Y108.594
;TYPE:WALL-OUTER
G1 F1500 E1435.0161
G1 F2123.9 X168.132 Y108.805 E1435.02198
G1 F1912.4 X162.93 Y108.806 E1435.15226
G1 F1920 X162.93 Y109.306 E1435.16473
G1 F1912.4 X168.175 Y109.304 E1435.29609
G1 F2123.9 X168.916 Y109.355 E1435.31284
G1 F2400 X169.556 Y109.355 E1435.32562
G1 X169.563 Y107.095 E1435.37072
G1 X169.552 Y104.554 E1435.42143
G1 X169.559 Y104.268 E1435.42713
G1 X169.542 Y103.756 E1435.43736
G1 X168.915 Y103.757 E1435.44987
G1 F2133.3 X168.088 Y103.806 E1435.46847
G1 F1912.4 X143.169 Y103.808 E1436.09256
G1 F2123.9 X142.429 Y103.756 E1436.10929
G1 F2400 X141.799 Y103.756 E1436.12186
G1 X141.784 Y104.319 E1436.1331
G1 X141.792 Y104.553 E1436.13778
G1 X141.78 Y107.103 E1436.18866
G1 X141.791 Y109.356 E1436.23363
G1 X142.429 Y109.356 E1436.24636
G1 F2133.3 X143.256 Y109.306 E1436.26496
G1 F1920 X148.414 Y109.306 E1436.39362
G1 X148.414 Y108.806 E1436.4061
G1 X143.256 Y108.806 E1436.53476
G1 F2133.3 X143.059 Y108.594 E1436.54126
G1 F2400 X143.059 Y104.518 E1436.6226
G1 F2123.9 X143.212 Y104.307 E1436.62848
G1 F1912.4 X168.088 Y104.306 E1437.2515
G1 F2133.3 X168.285 Y104.518 E1437.25799
G1 F2400 X168.285 Y108.594 E1437.33933
G1 F1500 E1430.83933
;MESH:NONMESH
G0 F300 X168.285 Y108.594 Z6.6
G0 F12000 X168.599 Y108.594
G0 X168.527 Y108.994
G0 X163.106 Y109.132
G0 X163.106 Y110.221
G0 X151.763 Y146.167
G0 X152 Y147.01
;TIME_ELAPSED:2742.224800
;LAYER:54
;TYPE:SUPPORT
G1 F1500 E1437.33933
G1 F2400 X153.671 Y146.54 E1437.37398
G1 X155.344 Y147.01 E1437.40865
G1 X156.557 Y148.291 E1437.44386
G1 X157.024 Y149.89 E1437.4771
G1 X156.553 Y151.563 E1437.51179
G1 X155.343 Y152.777 E1437.54599
G1 X153.67 Y153.244 E1437.58066
G1 X152.07 Y152.778 E1437.61391
G1 X150.786 Y151.494 E1437.65015
G1 X150.317 Y149.891 E1437.68348
G1 X150.783 Y148.291 E1437.71674
G1 X152 Y147.01 E1437.752
G1 F1500 E1431.252
;MESH:9VBatteryHolder_v2.stl
G0 F12000 X151.373 Y146.416
G0 X150.018 Y147.847
G0 X149.419 Y149.894
G0 X149.962 Y151.745
G0 X152 Y155.891
G0 X152 Y156.986
G0 X142.672 Y157.556
;TYPE:WALL-INNER
G1 F1500 E1437.752
G1 F2400 X168.672 Y157.556 E1438.27086
G1 F2352.9 X168.846 Y157.549 E1438.2744
G0 F12000 X169.369 Y157.253
G1 F2436.5 X168.846 Y157.549 E1438.28621
G1 X169.686 Y157.57 E1438.30273
G1 F2442.7 X169.665 Y156.73 E1438.3192
G1 X169.369 Y157.253 E1438.33099
G0 F12000 X169.665 Y156.73
G1 F2358.7 X169.672 Y156.556 E1438.33452
G1 F2400 X169.672 Y112.556 E1439.21259
G1 F1500 E1432.71259
G0 F12000 X169.511 Y157.394
G0 X141.835 Y157.394
G0 X141.672 Y112.556
G1 F1500 E1439.21259
G1 F2400 X141.672 Y156.556 E1440.09066
G1 F2352.9 X141.679 Y156.73 E1440.0942
G0 F12000 X141.975 Y157.253
G1 F2436.5 X141.679 Y156.73 E1440.10602
G1 X141.658 Y157.57 E1440.12253
G1 F2487 X142.672 Y157.556 E1440.14206
G1 X141.975 Y157.253 E1440.1567
G0 F12000 X141.763 Y157.253
G0 X169.096 Y157.466
G0 X169.096 Y156.98
G1 F2400 X168.761 Y157.156 E1440.16425
G1 X142.672 Y157.156 E1440.68488
G1 X142.247 Y156.981 E1440.69406
G1 X142.072 Y156.645 E1440.70162
G1 X142.072 Y112.156 E1441.58944
G1 X141.272 Y112.156 E1441.60541
G1 X141.273 Y157.955 E1442.51938
G1 X170.072 Y157.956 E1443.09409
G1 X170.072 Y112.156 E1444.00808
G1 X169.272 Y112.156 E1444.02404
G1 X169.272 Y156.645 E1444.91187
G1 X169.096 Y156.98 E1444.91942
G0 F12000 X168.87 Y156.591
;TYPE:WALL-OUTER
G1 F2400 X168.814 Y156.698 E1444.92183
G1 X168.707 Y156.754 E1444.92424
G1 X142.672 Y156.756 E1445.4438
G1 X142.53 Y156.698 E1445.44686
G1 X142.474 Y156.591 E1445.44927
G1 X142.472 Y111.756 E1446.344
G1 X140.872 Y111.756 E1446.37593
G1 X140.873 Y158.355 E1447.30586
G1 X170.472 Y158.356 E1447.89654
G1 X170.472 Y111.756 E1448.8265
G1 X168.872 Y111.756 E1448.85843
G1 X168.87 Y156.591 E1449.75316
G1 F1500 E1443.25316
G0 F12000 X169.183 Y156.591
G0 X169.097 Y111.98
G0 X168.008 Y111.98
G0 X162.382 Y110.209
G0 X160.977 Y109.13
G0 X160.062 Y109.306
G1 F1500 E1449.75316
G1 F1920 X151.282 Y109.306 E1449.97218
G1 X151.282 Y108.806 E1449.98465
G1 X160.062 Y108.806 E1450.20367
G1 X160.062 Y109.306 E1450.21614
G1 F1500 E1443.71614
G0 F12000 X159.833 Y109.076
G0 X160.977 Y108.978
G0 X162.369 Y108.982
G0 X168.76 Y108.668
;TYPE:WALL-INNER
G1 F1500 E1450.21614
G1 F2191.8 X168.485 Y108.937 E1450.22455
G1 F2181.8 X169.189 Y108.936 E1450.24
G1 F2191.8 X169.179 Y104.174 E1450.34406
G1 F2201.8 X168.431 Y104.174 E1450.36033
G1 F2212 X168.75 Y104.433 E1450.36923
G1 F2201.8 X168.76 Y108.668 E1450.46135
G1 F1500 E1443.96135
G0 F12000 X168.949 Y108.668
G0 X168.583 Y104.118
G0 X142.762 Y104.118
G0 X142.397 Y108.67
G0 X142.584 Y108.669
G1 F1500 E1450.46135
G1 F2196.8 X142.593 Y104.434 E1450.55368
G1 F2201.8 X142.862 Y104.173 E1450.56183
G1 X142.158 Y104.174 E1450.57714
G1 F2191.8 X142.155 Y108.936 E1450.6812
G1 F2181.8 X142.908 Y108.936 E1450.69773
G1 F2186.8 X142.584 Y108.669 E1450.70693
G1 F1500 E1444.20693
G0 F12000 X142.397 Y108.67
G0 X142.762 Y104.118
G0 X168.583 Y104.118
G0 X168.655 Y108.595
G0 X168.341 Y108.595
;TYPE:WALL-OUTER
G1 F1500 E1450.70693
G1 F2123.9 X168.188 Y108.805 E1450.71279
G1 F1912.4 X163.282 Y108.806 E1450.83566
G1 F1920 X163.282 Y109.306 E1450.84813
G1 F1912.4 X168.231 Y109.304 E1450.97208
G1 F2123.9 X168.969 Y109.356 E1450.98876
G1 F2400 X169.611 Y109.356 E1451.00157
G1 X169.592 Y104.554 E1451.0974
G1 X169.607 Y104.012 E1451.10822
G1 X169.598 Y103.757 E1451.11331
G1 X168.962 Y103.757 E1451.12601
G1 F2133.3 X168.144 Y103.806 E1451.1444
G1 F1912.4 X143.113 Y103.808 E1451.7713
G1 F2123.9 X142.38 Y103.756 E1451.78787
G1 F2400 X141.744 Y103.756 E1451.80057
G1 X141.736 Y104.046 E1451.80636
G1 X141.748 Y104.554 E1451.8165
G1 X141.733 Y109.356 E1451.91233
G1 X142.375 Y109.356 E1451.92514
G1 F2133.3 X143.2 Y109.306 E1451.94369
G1 F1920 X148.062 Y109.306 E1452.06498
G1 X148.062 Y108.806 E1452.07745
G1 X143.2 Y108.806 E1452.19873
G1 F2133.3 X143.003 Y108.595 E1452.20521
G1 F2400 X143.003 Y104.516 E1452.28661
G1 F2123.9 X143.156 Y104.307 E1452.29245
G1 F1912.4 X168.144 Y104.306 E1452.91828
G1 F2133.3 X168.341 Y104.516 E1452.92474
G1 F2400 X168.341 Y108.595 E1453.00614
G1 F1500 E1446.50614
;MESH:NONMESH
G0 F300 X168.341 Y108.595 Z6.72
G0 F12000 X168.655 Y108.595
G0 X168.583 Y108.994
G0 X163.458 Y109.132
G0 X163.458 Y110.221
G0 X151.77 Y146.179
G0 X152.008 Y147.026
;TIME_ELAPSED:2775.190767
;LAYER:55
;TYPE:SUPPORT
G1 F1500 E1453.00614
G1 F2400 X153.672 Y146.556 E1453.04065
G1 X155.336 Y147.026 E1453.07515
G1 X156.545 Y148.299 E1453.11019
G1 X157.008 Y149.89 E1453.14326
G1 X156.541 Y151.555 E1453.17776
G1 X155.335 Y152.761 E1453.2118
G1 X153.669 Y153.228 E1453.24633
G1 X152.078 Y152.766 E1453.27939
G1 X150.798 Y151.486 E1453.31552
G1 X150.333 Y149.893 E1453.34863
G1 X150.799 Y148.299 E1453.38177
G1 X152.008 Y147.026 E1453.41681
G1 F1500 E1446.91681
;MESH:9VBatteryHolder_v2.stl
G0 F12000 X151.379 Y146.431
G0 X150.031 Y147.855
G0 X149.434 Y149.894
G0 X149.975 Y151.739
G0 X152.008 Y155.891
G0 X152.008 Y156.986
G0 X142.672 Y157.556
;TYPE:WALL-INNER
G1 F1500 E1453.41681
G1 F2400 X168.672 Y157.556 E1453.93567
G1 F2352.9 X168.846 Y157.549 E1453.93921
G0 F12000 X169.369 Y157.253
G1 F2436.5 X168.846 Y157.549 E1453.95102
G1 X169.686 Y157.57 E1453.96754
G1 F2442.7 X169.665 Y156.73 E1453.98402
G1 X169.369 Y157.253 E1453.9958
G0 F12000 X169.665 Y156.73
G1 F2358.7 X169.672 Y156.556 E1453.99933
G1 F2400 X169.672 Y112.556 E1454.8774
G1 F1500 E1448.3774
G0 F12000 X169.511 Y157.394
G0 X141.835 Y157.394
G0 X141.672 Y112.556
G1 F1500 E1454.8774
G1 F2400 X141.672 Y156.556 E1455.75547
G1 F2352.9 X141.679 Y156.73 E1455.75901
G0 F12000 X141.975 Y157.253
G1 F2436.5 X141.679 Y156.73 E1455.77083
G1 X141.658 Y157.57 E1455.78734
G1 F2487 X142.672 Y157.556 E1455.80687
G1 X141.975 Y157.253 E1455.82151
G0 F12000 X141.763 Y157.253
G0 X169.096 Y157.466
G0 X169.096 Y156.98
G1 F2400 X168.761 Y157.156 E1455.82906
G1 X142.672 Y157.156 E1456.3497
G1 X142.247 Y156.981 E1456.35887
G1 X142.072 Y156.645 E1456.36643
G1 X142.072 Y112.156 E1457.25425
G1 X141.272 Y112.156 E1457.27022
G1 X141.273 Y157.955 E1458.18419
G1 X170.072 Y157.956 E1458.7589
G1 X170.072 Y112.156 E1459.67289
G1 X169.272 Y112.156 E1459.68886
G1 X169.272 Y156.645 E1460.57668
G1 X169.096 Y156.98 E1460.58423
G0 F12000 X168.87 Y156.591
;TYPE:WALL-OUTER
G1 F2400 X168.814 Y156.698 E1460.58664
G1 X168.707 Y156.754 E1460.58905
G1 X142.672 Y156.756 E1461.10861
G1 X142.53 Y156.698 E1461.11167
G1 X142.474 Y156.591 E1461.11408
G1 X142.472 Y111.756 E1462.00881
G1 X140.872 Y111.756 E1462.04074
G1 X140.873 Y158.355 E1462.97068
G1 X170.472 Y158.356 E1463.56136
G1 X170.472 Y111.756 E1464.49131
G1 X168.872 Y111.756 E1464.52324
G1 X168.87 Y156.591 E1465.41797
G1 F1500 E1458.91797
G0 F12000 X169.183 Y156.591
G0 X169.097 Y111.98
G0 X168.008 Y111.98
G0 X162.611 Y110.209
G0 X160.748 Y109.13
G0 X159.833 Y109.306
G1 F1500 E1465.41797
G1 F1920 X151.51 Y109.306 E1465.62559
G1 X151.51 Y108.806 E1465.63806
G1 X159.831 Y108.806 E1465.84563
G1 X159.833 Y109.306 E1465.8581
G1 F1500 E1459.3581
G0 F12000 X159.604 Y109.076
G0 X160.748 Y108.978
G0 X162.598 Y108.982
G0 X168.811 Y108.674
;TYPE:WALL-INNER
G1 F1500 E1465.8581
G1 F2232.6 X168.534 Y108.941 E1465.86635
G1 F2222.2 X169.23 Y108.94 E1465.88136
G1 F2232.6 X169.223 Y104.169 E1465.98371
G1 F2243 X168.48 Y104.169 E1465.99957
G1 F2253.5 X168.808 Y104.433 E1466.00852
G1 X168.811 Y108.674 E1466.09866
G1 F1500 E1459.59866
G0 F12000 X168.986 Y108.674
G0 X168.639 Y104.118
G0 X142.706 Y104.118
G0 X142.36 Y108.675
G0 X142.533 Y108.674
G1 F1500 E1466.09866
G1 F2258.8 X142.535 Y104.437 E1466.18849
G1 F2243 X142.813 Y104.169 E1466.19674
G1 F2237.8 X142.113 Y104.17 E1466.21172
G1 F2232.6 X142.114 Y108.94 E1466.31405
G1 F2227.4 X142.861 Y108.94 E1466.33011
G1 F2243 X142.533 Y108.674 E1466.33913
G1 F1500 E1459.83913
G0 F12000 X142.36 Y108.675
G0 X142.706 Y104.118
G0 X168.639 Y104.118
G0 X168.711 Y108.597
G0 X168.396 Y108.597
;TYPE:WALL-OUTER
G1 F1500 E1466.33913
G1 F2123.9 X168.244 Y108.805 E1466.34494
G1 F1912.4 X163.51 Y108.806 E1466.4635
G1 F1920 X163.51 Y109.306 E1466.47598
G1 F1912.4 X168.287 Y109.304 E1466.59561
G1 F2123.9 X169.014 Y109.356 E1466.61205
G1 F2400 X169.647 Y109.356 E1466.62468
G1 X169.632 Y104.554 E1466.72051
G1 X169.654 Y103.756 E1466.73644
G1 X169.009 Y103.756 E1466.74932
G1 F2133.3 X168.2 Y103.806 E1466.76751
G1 F1912.4 X143.057 Y103.808 E1467.39722
G1 F2123.9 X142.333 Y103.756 E1467.41358
G1 F2400 X141.689 Y103.756 E1467.42644
G1 X141.708 Y104.555 E1467.44239
G1 X141.697 Y109.355 E1467.53818
G1 X142.33 Y109.355 E1467.55081
G1 F2133.3 X143.144 Y109.306 E1467.56912
G1 F1920 X147.833 Y109.306 E1467.68608
G1 X147.831 Y108.806 E1467.69856
G1 X143.144 Y108.806 E1467.81547
G1 F2133.3 X142.948 Y108.597 E1467.82191
G1 F2400 X142.948 Y104.514 E1467.90339
G1 F2123.9 X143.1 Y104.307 E1467.90918
G1 F1912.4 X168.2 Y104.306 E1468.5378
G1 F2133.3 X168.396 Y104.514 E1468.54422
G1 F2400 X168.396 Y108.597 E1468.6257
G1 F1500 E1462.1257
;MESH:NONMESH
G0 F300 X168.396 Y108.597 Z6.84
G0 F12000 X168.711 Y108.597
G0 X168.639 Y108.994
G0 X163.687 Y109.132
G0 X163.687 Y110.221
G0 X151.778 Y146.192
G0 X152.016 Y147.038
;TIME_ELAPSED:2808.089619
;LAYER:56
;TYPE:SUPPORT
G1 F1500 E1468.6257
G1 F2400 X153.672 Y146.572 E1468.66003
G1 X155.328 Y147.038 E1468.69436
G1 X156.533 Y148.307 E1468.72929
G1 X156.992 Y149.89 E1468.76218
G1 X156.529 Y151.547 E1468.79651
G1 X155.327 Y152.749 E1468.83043
G1 X153.67 Y153.215 E1468.86478
G1 X152.086 Y152.75 E1468.89773
G1 X150.814 Y151.478 E1468.93363
G1 X150.345 Y149.891 E1468.96665
G1 X150.811 Y148.307 E1468.9996
G1 X152.016 Y147.038 E1469.03452
G1 F1500 E1462.53452
;MESH:9VBatteryHolder_v2.stl
G0 F12000 X151.387 Y146.443
G0 X150.044 Y147.862
G0 X149.449 Y149.894
G0 X149.988 Y151.732
G0 X152.016 Y155.891
G0 X152.016 Y156.986
G0 X142.672 Y157.556
;TYPE:WALL-INNER
G1 F1500 E1469.03452
G1 F2400 X168.672 Y157.556 E1469.55338
G1 F2352.9 X168.846 Y157.549 E1469.55693
G0 F12000 X169.369 Y157.253
G1 F2436.5 X168.846 Y157.549 E1469.56874
G1 X169.686 Y157.57 E1469.58526
G1 F2442.7 X169.665 Y156.73 E1469.60173
G1 X169.369 Y157.253 E1469.61351
G0 F12000 X169.665 Y156.73
G1 F2358.7 X169.672 Y156.556 E1469.61705
G1 F2400 X169.672 Y112.556 E1470.49512
G1 F1500 E1463.99512
G0 F12000 X169.511 Y157.394
G0 X141.835 Y157.394
G0 X141.672 Y112.556
G1 F1500 E1470.49512
G1 F2400 X141.672 Y156.556 E1471.37318
G1 F2352.9 X141.679 Y156.73 E1471.37673
G0 F12000 X141.975 Y157.253
G1 F2436.5 X141.679 Y156.73 E1471.38854
G1 X141.658 Y157.57 E1471.40506
G1 F2487 X142.672 Y157.556 E1471.42459
G1 X141.975 Y157.253 E1471.43922
G0 F12000 X141.763 Y157.253
G0 X169.096 Y157.466
G0 X169.096 Y156.98
G1 F2400 X168.761 Y157.156 E1471.44678
G1 X142.672 Y157.156 E1471.96741
G1 X142.247 Y156.981 E1471.97658
G1 X142.072 Y156.645 E1471.98414
G1 X142.072 Y112.156 E1472.87197
G1 X141.272 Y112.156 E1472.88793
G1 X141.273 Y157.955 E1473.8019
G1 X170.072 Y157.956 E1474.37662
G1 X170.072 Y112.156 E1475.29061
G1 X169.272 Y112.156 E1475.30657
G1 X169.272 Y156.645 E1476.1944
G1 X169.096 Y156.98 E1476.20195
G0 F12000 X168.87 Y156.591
;TYPE:WALL-OUTER
G1 F2400 X168.814 Y156.698 E1476.20436
G1 X168.707 Y156.754 E1476.20677
G1 X142.672 Y156.756 E1476.72633
G1 X142.53 Y156.698 E1476.72939
G1 X142.474 Y156.591 E1476.7318
G1 X142.472 Y111.756 E1477.62653
G1 X140.872 Y111.756 E1477.65846
G1 X140.873 Y158.355 E1478.58839
G1 X170.472 Y158.356 E1479.17907
G1 X170.472 Y111.756 E1480.10902
G1 X168.872 Y111.756 E1480.14095
G1 X168.87 Y156.591 E1481.03568
G1 F1500 E1474.53568
G0 F12000 X169.183 Y156.591
G0 X169.097 Y111.98
G0 X168.008 Y111.98
G0 X162.839 Y110.209
G0 X160.52 Y109.13
G0 X159.605 Y109.306
G1 F1500 E1481.03568
G1 F1920 X151.738 Y109.306 E1481.23193
G1 X151.738 Y108.806 E1481.2444
G1 X159.603 Y108.806 E1481.44059
G1 X159.605 Y109.306 E1481.45307
G1 F1500 E1474.95307
G0 F12000 X159.376 Y109.076
G0 X160.52 Y108.978
G0 X162.826 Y108.982
G0 X169.28 Y108.557
;TYPE:WALL-INNER
G1 F1500 E1481.45307
G1 F2307.7 X169.265 Y104.166 E1481.5442
G1 F2296.7 X168.531 Y104.166 E1481.55951
G1 X168.86 Y104.428 E1481.56828
G1 F2291.2 X168.864 Y108.676 E1481.65708
G1 F2269.5 X168.584 Y108.945 E1481.66527
G1 F2258.8 X169.274 Y108.944 E1481.6799
G1 F2285.7 X169.28 Y108.557 E1481.68801
G1 F1500 E1475.18801
G0 F12000 X169.117 Y108.556
G0 X168.695 Y104.118
G0 X142.65 Y104.118
G0 X142.319 Y108.681
G0 X142.482 Y108.681
G1 F1500 E1481.68801
G1 F2296.7 X142.483 Y104.431 E1481.77664
G1 F2285.7 X142.761 Y104.166 E1481.78469
G1 F2274.9 X142.07 Y104.167 E1481.79924
G1 X142.072 Y108.945 E1481.89983
G1 F2269.5 X142.811 Y108.945 E1481.91543
G1 F2274.9 X142.482 Y108.681 E1481.92431
G1 F1500 E1475.42431
G0 F12000 X142.319 Y108.681
G0 X142.65 Y104.118
G0 X168.695 Y104.118
G0 X168.767 Y108.599
G0 X168.452 Y108.599
;TYPE:WALL-OUTER
G1 F1500 E1481.92431
G1 F2123.9 X168.3 Y108.805 E1481.93008
G1 F1912.4 X163.738 Y108.806 E1482.04434
G1 F1920 X163.738 Y109.306 E1482.05681
G1 F1912.4 X168.343 Y109.304 E1482.17214
G1 F2123.9 X169.062 Y109.356 E1482.1884
G1 F2400 X169.684 Y109.356 E1482.20081
G1 X169.672 Y104.554 E1482.29664
G1 X169.694 Y103.756 E1482.31257
G1 X169.056 Y103.756 E1482.3253
G1 F2133.3 X168.256 Y103.806 E1482.3433
G1 F1912.4 X143.001 Y103.808 E1482.9758
G1 F2123.9 X142.286 Y103.756 E1482.99197
G1 F2400 X141.649 Y103.756 E1483.00468
G1 X141.668 Y104.555 E1483.02063
G1 X141.661 Y109.356 E1483.11644
G1 X142.284 Y109.356 E1483.12887
G1 F2133.3 X143.088 Y109.306 E1483.14696
G1 F1920 X147.605 Y109.306 E1483.25964
G1 X147.603 Y108.806 E1483.27211
G1 X143.088 Y108.806 E1483.38474
G1 F2133.3 X142.892 Y108.6 E1483.39112
G1 F2400 X142.892 Y104.512 E1483.4727
G1 F2123.9 X143.044 Y104.307 E1483.47846
G1 F1912.4 X168.256 Y104.306 E1484.10989
G1 F2133.3 X168.452 Y104.512 E1484.11627
G1 F2400 X168.452 Y108.599 E1484.19783
G1 F1500 E1477.69783
;MESH:NONMESH
G0 F300 X168.452 Y108.599 Z6.96
G0 F12000 X168.767 Y108.599
G0 X168.695 Y108.994
G0 X163.915 Y109.132
G0 X163.915 Y110.221
G0 X151.786 Y146.205
G0 X152.023 Y147.05
;TIME_ELAPSED:2840.947403
;LAYER:57
;TYPE:SUPPORT
G1 F1500 E1484.19783
G1 F2400 X153.672 Y146.588 E1484.23201
G1 X155.321 Y147.05 E1484.26618
G1 X156.521 Y148.311 E1484.30092
G1 X156.98 Y149.89 E1484.33373
G1 X156.517 Y151.543 E1484.36799
G1 X155.319 Y152.737 E1484.40174
G1 X153.67 Y153.199 E1484.43592
G1 X152.094 Y152.738 E1484.46869
G1 X150.826 Y151.47 E1484.50447
G1 X150.361 Y149.891 E1484.53732
G1 X150.823 Y148.311 E1484.57017
G1 X152.023 Y147.05 E1484.60491
G1 F1500 E1478.10491
;MESH:9VBatteryHolder_v2.stl
G0 F12000 X151.394 Y146.455
G0 X150.055 Y147.869
G0 X149.464 Y149.894
G0 X150 Y151.726
G0 X152.023 Y155.891
G0 X152.023 Y156.986
G0 X142.672 Y157.556
;TYPE:WALL-INNER
G1 F1500 E1484.60491
G1 F2400 X168.672 Y157.556 E1485.12377
G1 F2352.9 X168.846 Y157.549 E1485.12731
G0 F12000 X169.369 Y157.253
G1 F2436.5 X168.846 Y157.549 E1485.13913
G1 X169.686 Y157.57 E1485.15564
G1 F2442.7 X169.665 Y156.73 E1485.17212
G1 X169.369 Y157.253 E1485.1839
G0 F12000 X169.665 Y156.73
G1 F2358.7 X169.672 Y156.556 E1485.18744
G1 F2400 X169.672 Y112.556 E1486.0655
G1 F1500 E1479.5655
G0 F12000 X169.511 Y157.394
G0 X141.835 Y157.394
G0 X141.672 Y112.556
G1 F1500 E1486.0655
G1 F2400 X141.672 Y156.556 E1486.94357
G1 F2352.9 X141.679 Y156.73 E1486.94712
G0 F12000 X141.975 Y157.253
G1 F2436.5 X141.679 Y156.73 E1486.95893
G1 X141.658 Y157.57 E1486.97545
G1 F2487 X142.672 Y157.556 E1486.99498
G1 X141.975 Y157.253 E1487.00961
G0 F12000 X141.763 Y157.253
G0 X169.096 Y157.466
G0 X169.096 Y156.98
G1 F2400 X168.761 Y157.156 E1487.01716
G1 X142.672 Y157.156 E1487.5378
G1 X142.247 Y156.981 E1487.54697
G1 X142.072 Y156.645 E1487.55453
G1 X142.072 Y112.156 E1488.44236
G1 X141.272 Y112.156 E1488.45832
G1 X141.273 Y157.955 E1489.37229
G1 X170.072 Y157.956 E1489.947
G1 X170.072 Y112.156 E1490.86099
G1 X169.272 Y112.156 E1490.87696
G1 X169.272 Y156.645 E1491.76478
G1 X169.096 Y156.98 E1491.77234
G0 F12000 X168.87 Y156.591
;TYPE:WALL-OUTER
G1 F2400 X168.814 Y156.698 E1491.77475
G1 X168.707 Y156.754 E1491.77716
G1 X142.672 Y156.756 E1492.29671
G1 X142.53 Y156.698 E1492.29977
G1 X142.474 Y156.591 E1492.30218
G1 X142.472 Y111.756 E1493.19691
G1 X140.872 Y111.756 E1493.22884
G1 X140.873 Y158.355 E1494.15878
G1 X170.472 Y158.356 E1494.74946
G1 X170.472 Y111.756 E1495.67941
G1 X168.872 Y111.756 E1495.71134
G1 X168.87 Y156.591 E1496.60607
G1 F1500 E1490.10607
G0 F12000 X169.183 Y156.591
G0 X169.097 Y111.98
G0 X168.008 Y111.98
G0 X163.987 Y110.545
G0 X160.315 Y109.13
G0 X159.398 Y109.306
G1 F1500 E1496.60607
G1 F1920 X151.942 Y109.306 E1496.79206
G1 X151.942 Y108.806 E1496.80453
G1 X159.398 Y108.806 E1496.99053
G1 X159.398 Y109.306 E1497.003
G1 F1500 E1490.503
G0 F12000 X159.171 Y109.076
G0 X160.315 Y108.978
G0 X163.031 Y108.982
G0 X169.322 Y108.557
;TYPE:WALL-INNER
G1 F1500 E1497.003
G1 F2364.5 X169.309 Y104.163 E1497.092
G1 F2341.5 X168.582 Y104.163 E1497.10687
G1 X168.912 Y104.422 E1497.11545
G1 X168.916 Y108.685 E1497.20265
G1 F2318.8 X168.634 Y108.949 E1497.21063
G1 F2307.7 X169.314 Y108.948 E1497.22474
G1 F2341.5 X169.322 Y108.557 E1497.23274
G1 F1500 E1490.73274
G0 F12000 X168.751 Y104.118
G0 X142.594 Y104.118
G0 X142.43 Y108.686
G1 F1500 E1497.23274
G1 F2341.5 X142.431 Y104.426 E1497.31988
G1 F2330.1 X142.711 Y104.162 E1497.32779
G1 F2318.8 X142.027 Y104.164 E1497.34192
G1 F2341.5 X142.024 Y108.556 E1497.43176
G1 X142.031 Y108.948 E1497.43978
G1 F2313.3 X142.762 Y108.948 E1497.45491
G1 F2318.8 X142.43 Y108.686 E1497.46365
G1 F1500 E1490.96365
G0 F12000 X142.594 Y104.118
G0 X168.751 Y104.118
G0 X168.823 Y108.602
G0 X168.508 Y108.602
;TYPE:WALL-OUTER
G1 F1500 E1497.46365
G1 F2123.9 X168.356 Y108.805 E1497.46937
G1 F1912.4 X163.943 Y108.806 E1497.57989
G1 F1920 X163.945 Y109.306 E1497.59236
G1 F1912.4 X168.399 Y109.304 E1497.70391
G1 F2123.9 X169.108 Y109.356 E1497.71994
G1 F2400 X169.72 Y109.356 E1497.73216
G1 X169.727 Y107.958 E1497.76006
G1 X169.712 Y104.554 E1497.82799
G1 X169.734 Y103.757 E1497.8439
G1 X169.104 Y103.757 E1497.85647
G1 F2133.3 X168.312 Y103.806 E1497.87428
G1 F1912.4 X142.945 Y103.808 E1498.5096
G1 F2123.9 X142.239 Y103.757 E1498.52556
G1 F2400 X141.61 Y103.757 E1498.53811
G1 X141.628 Y104.555 E1498.55404
G1 X141.624 Y109.355 E1498.64983
G1 X142.238 Y109.355 E1498.66208
G1 F2133.3 X143.032 Y109.306 E1498.67994
G1 F1920 X147.398 Y109.306 E1498.78885
G1 X147.398 Y108.806 E1498.80133
G1 X143.032 Y108.806 E1498.91024
G1 F2133.3 X142.837 Y108.602 E1498.91657
G1 F2400 X142.837 Y104.51 E1498.99823
G1 F2123.9 X142.988 Y104.307 E1499.00394
G1 F1912.4 X168.312 Y104.306 E1499.63817
G1 F2133.3 X168.508 Y104.509 E1499.64451
G1 F2400 X168.508 Y108.602 E1499.72619
G1 F1500 E1493.22619
;MESH:NONMESH
G0 F300 X168.508 Y108.602 Z7.08
G0 F12000 X168.823 Y108.602
G0 X168.751 Y108.994
G0 X164.12 Y109.132
G0 X164.12 Y110.221
G0 X151.795 Y146.216
G0 X152.032 Y147.062
;TIME_ELAPSED:2873.705958
;LAYER:58
;TYPE:SUPPORT
G1 F1500 E1499.72619
G1 F2400 X153.672 Y146.6 E1499.76019
G1 X155.312 Y147.062 E1499.79419
G1 X156.509 Y148.319 E1499.82883
G1 X156.964 Y149.89 E1499.86147
G1 X156.505 Y151.535 E1499.89555
G1 X155.311 Y152.725 E1499.92919
G1 X153.67 Y153.184 E1499.9632
G1 X152.102 Y152.726 E1499.9958
G1 X150.838 Y151.462 E1500.03147
G1 X150.377 Y149.891 E1500.06414
G1 X150.835 Y148.319 E1500.09682
G1 X152.032 Y147.062 E1500.13146
G1 F1500 E1493.63146
;MESH:9VBatteryHolder_v2.stl
G0 F12000 X151.403 Y146.467
G0 X150.068 Y147.877
G0 X149.479 Y149.894
G0 X150.014 Y151.719
G0 X152.032 Y155.891
G0 X152.032 Y156.986
G0 X142.672 Y157.556
;TYPE:WALL-INNER
G1 F1500 E1500.13146
G1 F2400 X168.672 Y157.556 E1500.65032
G1 F2352.9 X168.846 Y157.549 E1500.65386
G0 F12000 X169.369 Y157.253
G1 F2436.5 X168.846 Y157.549 E1500.66567
G1 X169.686 Y157.57 E1500.68219
G1 F2442.7 X169.665 Y156.73 E1500.69867
G1 X169.369 Y157.253 E1500.71045
G0 F12000 X169.665 Y156.73
G1 F2358.7 X169.672 Y156.556 E1500.71398
G1 F2400 X169.672 Y112.556 E1501.59205
G1 F1500 E1495.09205
G0 F12000 X169.511 Y157.394
G0 X141.835 Y157.394
G0 X141.672 Y112.556
G1 F1500 E1501.59205
G1 F2400 X141.672 Y156.556 E1502.47012
G1 F2352.9 X141.679 Y156.73 E1502.47366
G0 F12000 X141.975 Y157.253
G1 F2436.5 X141.679 Y156.73 E1502.48548
G1 X141.658 Y157.57 E1502.50199
G1 F2487 X142.672 Y157.556 E1502.52152
G1 X141.975 Y157.253 E1502.53616
G0 F12000 X141.763 Y157.253
G0 X169.096 Y157.466
G0 X169.096 Y156.98
G1 F2400 X168.761 Y157.156 E1502.54371
G1 X142.672 Y157.156 E1503.06434
G1 X142.247 Y156.981 E1503.07352
G1 X142.072 Y156.645 E1503.08108
G1 X142.072 Y112.156 E1503.9689
G1 X141.272 Y112.156 E1503.98487
G1 X141.273 Y157.955 E1504.89884
G1 X170.072 Y157.956 E1505.47355
G1 X170.072 Y112.156 E1506.38754
G1 X169.272 Y112.156 E1506.40351
G1 X169.272 Y156.645 E1507.29133
G1 X169.096 Y156.98 E1507.29888
G0 F12000 X168.87 Y156.591
;TYPE:WALL-OUTER
G1 F2400 X168.814 Y156.698 E1507.30129
G1 X168.707 Y156.754 E1507.3037
G1 X142.672 Y156.756 E1507.82326
G1 X142.53 Y156.698 E1507.82632
G1 X142.474 Y156.591 E1507.82873
G1 X142.472 Y111.756 E1508.72346
G1 X140.872 Y111.756 E1508.75539
G1 X140.873 Y158.355 E1509.68532
G1 X170.472 Y158.356 E1510.276
G1 X170.472 Y111.756 E1511.20596
G1 X168.872 Y111.756 E1511.23789
G1 X168.87 Y156.591 E1512.13262
G1 F1500 E1505.63262
G0 F12000 X169.183 Y156.591
G0 X169.097 Y111.98
G0 X168.008 Y111.98
G0 X160.18 Y109.13
G0 X159.265 Y109.306
G1 F1500 E1512.13262
G1 F1920 X152.078 Y109.306 E1512.3119
G1 X152.078 Y108.806 E1512.32437
G1 X159.263 Y108.806 E1512.5036
G1 X159.265 Y109.306 E1512.51607
G1 F1500 E1506.01607
G0 F12000 X159.036 Y109.076
G0 X160.18 Y108.978
G0 X163.179 Y110.209
G0 X168.793 Y110.221
G0 X169.365 Y107.436
;TYPE:WALL-INNER
G1 F1500 E1512.51607
G1 F2406 X169.353 Y104.159 E1512.58131
G1 F2382.1 X168.63 Y104.159 E1512.59584
G1 F2388.1 X168.964 Y104.418 E1512.60432
G1 X168.966 Y108.69 E1512.69
G1 F2370.4 X168.682 Y108.954 E1512.69783
G1 F2358.7 X169.355 Y108.953 E1512.7115
G1 F2388.1 X169.365 Y107.436 E1512.74193
G1 F1500 E1506.24193
G0 F12000 X168.807 Y104.118
G0 X142.538 Y104.118
G0 X142.378 Y108.692
G1 F1500 E1512.74193
G1 F2382.1 X142.379 Y104.421 E1512.8278
G1 F2370.4 X142.66 Y104.159 E1512.83556
G1 F2352.9 X141.982 Y104.16 E1512.84936
G1 F2388.1 X141.982 Y108.556 E1512.93753
G1 X141.989 Y108.953 E1512.94549
G1 F2358.7 X142.712 Y108.953 E1512.96017
G1 F2364.5 X142.378 Y108.692 E1512.96876
G1 F1500 E1506.46876
G0 F12000 X142.538 Y104.118
G0 X168.807 Y104.118
G0 X168.879 Y108.596
G0 X168.569 Y108.596
;TYPE:WALL-OUTER
G1 F1500 E1512.96876
G1 F2123.9 X168.412 Y108.805 E1512.97465
G1 F1912.4 X164.078 Y108.806 E1513.0832
G1 F1920 X164.078 Y109.306 E1513.09567
G1 F1912.4 X168.455 Y109.304 E1513.20529
G1 F2123.9 X169.152 Y109.356 E1513.22105
G1 F2400 X169.756 Y109.356 E1513.2331
G1 X169.763 Y107.434 E1513.27146
G1 X169.752 Y104.554 E1513.32893
G1 X169.769 Y103.756 E1513.34486
G1 X169.151 Y103.757 E1513.3572
G1 F2133.3 X168.368 Y103.806 E1513.37481
G1 F1912.4 X142.889 Y103.808 E1514.01293
G1 F2123.9 X142.191 Y103.756 E1514.02871
G1 F2400 X141.572 Y103.756 E1514.04106
G1 X141.588 Y104.554 E1514.05699
G1 X141.58 Y107.442 E1514.11463
G1 X141.588 Y109.356 E1514.15282
G1 X142.192 Y109.356 E1514.16488
G1 F2133.3 X142.976 Y109.306 E1514.18251
G1 F1920 X147.265 Y109.306 E1514.2895
G1 X147.263 Y108.806 E1514.30197
G1 X142.976 Y108.806 E1514.40891
G1 F2133.3 X142.781 Y108.604 E1514.41522
G1 F2400 X142.781 Y104.508 E1514.49696
G1 F2123.9 X142.932 Y104.307 E1514.50263
G1 F1912.4 X168.368 Y104.306 E1515.13967
G1 F2133.3 X168.563 Y104.507 E1515.14596
G1 F2400 X168.569 Y108.596 E1515.22756
G1 F1500 E1508.72756
;MESH:NONMESH
G0 F300 X168.569 Y108.596 Z7.2
G0 F12000 X168.879 Y108.596
G0 X168.807 Y108.994
G0 X164.255 Y109.132
G0 X164.255 Y110.221
G0 X151.799 Y146.23
G0 X152.036 Y147.074
;TIME_ELAPSED:2906.610593
;LAYER:59
;TYPE:SUPPORT
G1 F1500 E1515.22756
G1 F2400 X153.671 Y146.616 E1515.26144
G1 X155.305 Y147.074 E1515.29531
G1 X156.497 Y148.327 E1515.32982
G1 X156.952 Y149.89 E1515.3623
G1 X156.493 Y151.527 E1515.39623
G1 X155.307 Y152.713 E1515.4297
G1 X153.67 Y153.172 E1515.46363
G1 X152.106 Y152.714 E1515.49615
G1 X150.85 Y151.458 E1515.5316
G1 X150.389 Y149.891 E1515.5642
G1 X150.847 Y148.327 E1515.59672
G1 X152.036 Y147.074 E1515.63119
G1 F1500 E1509.13119
;MESH:9VBatteryHolder_v2.stl
G0 F12000 X151.409 Y146.481
G0 X150.08 Y147.884
G0 X149.493 Y149.894
G0 X150.026 Y151.713
G0 X152.036 Y155.891
G0 X152.036 Y156.986
G0 X142.672 Y157.556
;TYPE:WALL-INNER
G1 F1500 E1515.63119
G1 F2400 X168.672 Y157.556 E1516.15005
G1 F2352.9 X168.846 Y157.549 E1516.15359
G0 F12000 X169.369 Y157.253
G1 F2436.5 X168.846 Y157.549 E1516.16541
G1 X169.686 Y157.57 E1516.18192
G1 F2442.7 X169.665 Y156.73 E1516.1984
G1 X169.369 Y157.253 E1516.21018
G0 F12000 X169.665 Y156.73
G1 F2358.7 X169.672 Y156.556 E1516.21372
G1 F2400 X169.672 Y112.556 E1517.09178
G1 F1500 E1510.59178
G0 F12000 X169.511 Y157.394
G0 X141.835 Y157.394
G0 X141.672 Y112.556
G1 F1500 E1517.09178
G1 F2400 X141.672 Y156.556 E1517.96985
G1 F2352.9 X141.679 Y156.73 E1517.9734
G0 F12000 X141.975 Y157.253
G1 F2436.5 X141.679 Y156.73 E1517.98521
G1 X141.658 Y157.57 E1518.00173
G1 F2487 X142.672 Y157.556 E1518.02125
G1 X141.975 Y157.253 E1518.03589
G0 F12000 X141.763 Y157.253
G0 X169.096 Y157.466
G0 X169.096 Y156.98
G1 F2400 X168.761 Y157.156 E1518.04344
G1 X142.672 Y157.156 E1518.56408
G1 X142.247 Y156.981 E1518.57325
G1 X142.072 Y156.645 E1518.58081
G1 X142.072 Y112.156 E1519.46863
G1 X141.272 Y112.156 E1519.4846
G1 X141.273 Y157.955 E1520.39857
G1 X170.072 Y157.956 E1520.97328
G1 X170.072 Y112.156 E1521.88727
G1 X169.272 Y112.156 E1521.90324
G1 X169.272 Y156.645 E1522.79106
G1 X169.096 Y156.98 E1522.79861
G0 F12000 X168.87 Y156.591
;TYPE:WALL-OUTER
G1 F2400 X168.814 Y156.698 E1522.80102
G1 X168.707 Y156.754 E1522.80343
G1 X142.672 Y156.756 E1523.32299
G1 X142.53 Y156.698 E1523.32605
G1 X142.474 Y156.591 E1523.32846
G1 X142.472 Y111.756 E1524.22319
G1 X140.872 Y111.756 E1524.25512
G1 X140.873 Y158.355 E1525.18506
G1 X170.472 Y158.356 E1525.77574
G1 X170.472 Y111.756 E1526.70569
G1 X168.872 Y111.756 E1526.73762
G1 X168.87 Y156.591 E1527.63235
G1 F1500 E1521.13235
G0 F12000 X169.183 Y156.591
G0 X169.097 Y111.98
G0 X168.008 Y111.98
G0 X160.044 Y109.13
G0 X159.129 Y109.306
G1 F1500 E1527.63235
G1 F1920 X152.214 Y109.306 E1527.80485
G1 X152.214 Y108.806 E1527.81732
G1 X159.127 Y108.806 E1527.98976
G1 X159.129 Y109.306 E1528.00224
G1 F1500 E1521.50224
G0 F12000 X158.9 Y109.076
G0 X160.044 Y108.978
G0 X163.315 Y110.209
G0 X168.849 Y110.221
G0 X169.409 Y106.916
;TYPE:WALL-INNER
G1 F1500 E1528.00224
G1 F2449 X169.397 Y104.155 E1528.05623
G1 F2424.2 X168.681 Y104.156 E1528.07038
G1 F2418.1 X169.016 Y104.415 E1528.07877
G1 F2442.7 X169.013 Y108.7 E1528.16278
G1 F2436.5 X168.732 Y108.958 E1528.17028
G1 F2412.1 X169.395 Y108.956 E1528.18345
G1 F2436.5 X169.409 Y106.916 E1528.22355
G1 F1500 E1521.72355
G0 F12000 X168.863 Y104.118
G0 X142.482 Y104.118
G0 X142.327 Y108.698
G1 F1500 E1528.22355
G1 F2436.5 X142.327 Y104.416 E1528.30772
G1 F2418.1 X142.611 Y104.155 E1528.31536
G1 F2394 X141.938 Y104.156 E1528.32882
G1 F2418.1 X141.943 Y108.694 E1528.4187
G1 F2424.2 X141.95 Y108.957 E1528.4239
G1 F2412.1 X142.663 Y108.957 E1528.43806
G1 F2424.2 X142.327 Y108.698 E1528.44644
G1 F1500 E1521.94644
G0 F12000 X142.482 Y104.118
G0 X168.863 Y104.118
G0 X168.935 Y108.607
G0 X168.618 Y108.607
;TYPE:WALL-OUTER
G1 F1500 E1528.44644
G1 F2123.9 X168.468 Y108.805 E1528.45204
G1 F1912.4 X164.214 Y108.806 E1528.55858
G1 F1920 X164.214 Y109.306 E1528.57105
G1 F1912.4 X168.511 Y109.304 E1528.67867
G1 F2123.9 X169.197 Y109.355 E1528.69418
G1 F2400 X169.792 Y109.355 E1528.70606
G1 X169.803 Y106.914 E1528.75477
G1 X169.792 Y104.553 E1528.80189
G1 X169.818 Y103.756 E1528.8178
G1 X169.198 Y103.757 E1528.83017
G1 F2133.3 X168.424 Y103.806 E1528.84758
G1 F1912.4 X142.833 Y103.808 E1529.48851
G1 F2123.9 X142.144 Y103.756 E1529.50409
G1 F2400 X141.526 Y103.756 E1529.51642
G1 X141.548 Y104.555 E1529.53237
G1 X141.552 Y109.356 E1529.62818
G1 X142.148 Y109.356 E1529.64008
G1 F2133.3 X142.92 Y109.306 E1529.65744
G1 F1920 X147.129 Y109.306 E1529.76244
G1 X147.127 Y108.806 E1529.77491
G1 X142.92 Y108.806 E1529.87986
G1 F2133.3 X142.726 Y108.607 E1529.88609
G1 F2400 X142.72 Y104.514 E1529.96778
G1 F2123.9 X142.876 Y104.307 E1529.97362
G1 F1912.4 X168.424 Y104.306 E1530.61347
G1 F2133.3 X168.624 Y104.511 E1530.6199
G1 F2400 X168.618 Y108.607 E1530.70164
G1 F1500 E1524.20164
;MESH:NONMESH
G0 F300 X168.618 Y108.607 Z7.32
G0 F12000 X168.935 Y108.607
G0 X168.863 Y108.994
G0 X164.391 Y109.132
G0 X164.391 Y110.221
G0 X151.807 Y146.242
G0 X152.044 Y147.086
;TIME_ELAPSED:2939.491629
;LAYER:60
;TYPE:SUPPORT
G1 F1500 E1530.70164
G1 F2400 X153.672 Y146.628 E1530.73539
G1 X155.3 Y147.086 E1530.76914
G1 X156.485 Y148.335 E1530.80349
G1 X156.936 Y149.89 E1530.8358
G1 X156.481 Y151.519 E1530.86956
G1 X155.299 Y152.701 E1530.90292
G1 X153.67 Y153.156 E1530.93667
G1 X152.114 Y152.702 E1530.96902
G1 X150.862 Y151.45 E1531.00435
G1 X150.405 Y149.891 E1531.03677
G1 X150.859 Y148.335 E1531.06912
G1 X152.044 Y147.086 E1531.10347
G1 F1500 E1524.60347
;MESH:9VBatteryHolder_v2.stl
G0 F12000 X151.416 Y146.492
G0 X150.092 Y147.89
G0 X149.507 Y149.894
G0 X150.038 Y151.708
G0 X152.044 Y155.891
G0 X152.044 Y156.986
G0 X142.672 Y157.556
;TYPE:WALL-INNER
G1 F1500 E1531.10347
G1 F2400 X168.672 Y157.556 E1531.62233
G1 F2352.9 X168.846 Y157.549 E1531.62588
G0 F12000 X169.369 Y157.253
G1 F2436.5 X168.846 Y157.549 E1531.63769
G1 X169.686 Y157.57 E1531.65421
G1 F2442.7 X169.665 Y156.73 E1531.67068
G1 X169.369 Y157.253 E1531.68247
G0 F12000 X169.665 Y156.73
G1 F2358.7 X169.672 Y156.556 E1531.686
G1 F2400 X169.672 Y112.556 E1532.56407
G1 F1500 E1526.06407
G0 F12000 X169.511 Y157.394
G0 X141.835 Y157.394
G0 X141.672 Y112.556
G1 F1500 E1532.56407
G1 F2400 X141.672 Y156.556 E1533.44214
G1 F2352.9 X141.679 Y156.73 E1533.44568
G0 F12000 X141.975 Y157.253
G1 F2436.5 X141.679 Y156.73 E1533.45749
G1 X141.658 Y157.57 E1533.47401
G1 F2487 X142.672 Y157.556 E1533.49354
G1 X141.975 Y157.253 E1533.50818
G0 F12000 X141.763 Y157.253
G0 X169.096 Y157.466
G0 X169.096 Y156.98
G1 F2400 X168.761 Y157.156 E1533.51573
G1 X142.672 Y157.156 E1534.03636
G1 X142.247 Y156.981 E1534.04553
G1 X142.072 Y156.645 E1534.05309
G1 X142.072 Y112.156 E1534.94092
G1 X141.272 Y112.156 E1534.95688
G1 X141.273 Y157.955 E1535.87085
G1 X170.072 Y157.956 E1536.44557
G1 X170.072 Y112.156 E1537.35956
G1 X169.272 Y112.156 E1537.37552
G1 X169.272 Y156.645 E1538.26335
G1 X169.096 Y156.98 E1538.2709
G0 F12000 X168.87 Y156.591
;TYPE:WALL-OUTER
G1 F2400 X168.814 Y156.698 E1538.27331
G1 X168.707 Y156.754 E1538.27572
G1 X142.672 Y156.756 E1538.79528
G1 X142.53 Y156.698 E1538.79834
G1 X142.474 Y156.591 E1538.80075
G1 X142.472 Y111.756 E1539.69548
G1 X140.872 Y111.756 E1539.72741
G1 X140.873 Y158.355 E1540.65734
G1 X170.472 Y158.356 E1541.24802
G1 X170.472 Y111.756 E1542.17798
G1 X168.872 Y111.756 E1542.2099
G1 X168.87 Y156.591 E1543.10464
G1 F1500 E1536.60464
G0 F12000 X169.183 Y156.591
G0 X169.097 Y111.98
G0 X168.008 Y111.98
G0 X159.908 Y109.13
G0 X158.993 Y109.306
G1 F1500 E1543.10464
G1 F1920 X152.35 Y109.306 E1543.27035
G1 X152.35 Y108.806 E1543.28282
G1 X158.991 Y108.806 E1543.44848
G1 X158.993 Y109.306 E1543.46095
G1 F1500 E1536.96095
G0 F12000 X158.764 Y109.076
G0 X159.908 Y108.978
G0 X163.451 Y110.209
G0 X168.905 Y110.221
G0 X169.45 Y106.392
;TYPE:WALL-INNER
G1 F1500 E1543.46095
G1 F2506.5 X169.441 Y104.153 E1543.50373
G1 F2467.9 X168.732 Y104.153 E1543.51749
G1 X169.068 Y104.408 E1543.52568
G1 F2487 X169.064 Y108.705 E1543.60843
G1 F2474.2 X168.779 Y108.963 E1543.61587
G1 F2467.9 X169.435 Y108.961 E1543.6286
G1 F2513.1 X169.444 Y108.556 E1543.63632
G1 F2539.7 X169.45 Y106.392 E1543.67713
G1 F1500 E1537.17713
G0 F12000 X168.919 Y104.118
G0 X142.426 Y104.118
G0 X141.894 Y106.395
G1 F1500 E1543.67713
G1 F2500 X141.909 Y108.961 E1543.72629
G1 F2467.9 X142.616 Y108.961 E1543.74001
G1 F2474.2 X142.276 Y108.704 E1543.74826
G1 F2487 X142.275 Y104.412 E1543.83092
G1 F2461.5 X142.56 Y104.152 E1543.83842
G1 F2436.5 X141.896 Y104.153 E1543.85148
G1 F2480.6 X141.894 Y106.395 E1543.89476
G1 F1500 E1537.39476
G0 F12000 X142.426 Y104.118
G0 X168.919 Y104.118
G0 X168.991 Y108.61
G0 X168.673 Y108.61
;TYPE:WALL-OUTER
G1 F1500 E1543.89476
G1 F2123.9 X168.524 Y108.805 E1543.9003
G1 F1912.4 X164.35 Y108.806 E1544.00484
G1 F1920 X164.35 Y109.306 E1544.01731
G1 F1912.4 X168.567 Y109.304 E1544.12292
G1 F2123.9 X169.241 Y109.355 E1544.13816
G1 F2400 X169.828 Y109.355 E1544.14988
G1 X169.84 Y106.39 E1544.20905
G1 X169.832 Y104.553 E1544.24571
G1 X169.847 Y104.077 E1544.25521
G1 X169.835 Y103.757 E1544.2616
G1 X169.246 Y103.757 E1544.27336
G1 F2133.3 X168.48 Y103.806 E1544.29059
G1 F1912.4 X142.777 Y103.808 E1544.93432
G1 F2123.9 X142.097 Y103.756 E1544.9497
G1 F2400 X141.51 Y103.756 E1544.96141
G1 X141.497 Y104.109 E1544.96846
G1 X141.508 Y104.555 E1544.97736
G1 X141.504 Y106.396 E1545.0141
G1 X141.516 Y109.355 E1545.07315
G1 X142.103 Y109.355 E1545.08487
G1 F2133.3 X142.864 Y109.306 E1545.10199
G1 F1920 X146.993 Y109.306 E1545.20499
G1 X146.991 Y108.806 E1545.21746
G1 X142.864 Y108.806 E1545.32041
G1 F2133.3 X142.664 Y108.603 E1545.32681
G1 F2400 X142.67 Y104.504 E1545.40861
G1 F2123.9 X142.82 Y104.307 E1545.41419
G1 F1912.4 X168.48 Y104.306 E1546.05684
G1 F2133.3 X168.68 Y104.509 E1546.06324
G1 F2400 X168.673 Y108.61 E1546.14508
G1 F1500 E1539.64508
;MESH:NONMESH
G0 F300 X168.673 Y108.61 Z7.44
G0 F12000 X168.991 Y108.61
G0 X168.919 Y108.994
G0 X164.527 Y109.132
G0 X164.527 Y110.221
G0 X151.811 Y146.255
G0 X152.048 Y147.098
;TIME_ELAPSED:2972.270481
;LAYER:61
;TYPE:SUPPORT
G1 F1500 E1546.14508
G1 F2400 X153.672 Y146.644 E1546.17873
G1 X155.296 Y147.098 E1546.21238
G1 X156.465 Y148.339 E1546.2464
G1 X156.919 Y149.89 E1546.27865
G1 X156.465 Y151.511 E1546.31225
G1 X155.291 Y152.689 E1546.34544
G1 X153.67 Y153.143 E1546.37903
G1 X152.122 Y152.69 E1546.41122
G1 X150.874 Y151.442 E1546.44644
G1 X150.421 Y149.891 E1546.47868
G1 X150.875 Y148.335 E1546.51103
G1 X152.048 Y147.098 E1546.54505
G1 F1500 E1540.04505
;MESH:9VBatteryHolder_v2.stl
G0 F12000 X151.421 Y146.506
G0 X150.108 Y147.896
G0 X149.522 Y149.894
G0 X150.051 Y151.7
G0 X152.048 Y155.891
G0 X152.048 Y156.986
G0 X142.672 Y157.556
;TYPE:WALL-INNER
G1 F1500 E1546.54505
G1 F2400 X168.672 Y157.556 E1547.06391
G1 F2352.9 X168.846 Y157.549 E1547.06745
G0 F12000 X169.369 Y157.253
G1 F2436.5 X168.846 Y157.549 E1547.07927
G1 X169.686 Y157.57 E1547.09578
G1 F2442.7 X169.665 Y156.73 E1547.11226
G1 X169.369 Y157.253 E1547.12404
G0 F12000 X169.665 Y156.73
G1 F2358.7 X169.672 Y156.556 E1547.12758
G1 F2400 X169.672 Y112.556 E1548.00564
G1 F1500 E1541.50564
G0 F12000 X169.511 Y157.394
G0 X141.835 Y157.394
G0 X141.672 Y112.556
G1 F1500 E1548.00564
G1 F2400 X141.672 Y156.556 E1548.88371
G1 F2352.9 X141.679 Y156.73 E1548.88726
G0 F12000 X141.975 Y157.253
G1 F2436.5 X141.679 Y156.73 E1548.89907
G1 X141.658 Y157.57 E1548.91559
G1 F2487 X142.672 Y157.556 E1548.93512
G1 X141.975 Y157.253 E1548.94975
G0 F12000 X141.763 Y157.253
G0 X169.096 Y157.466
G0 X169.096 Y156.98
G1 F2400 X168.761 Y157.156 E1548.9573
G1 X142.672 Y157.156 E1549.47794
G1 X142.247 Y156.981 E1549.48711
G1 X142.072 Y156.645 E1549.49467
G1 X142.072 Y112.156 E1550.3825
G1 X141.272 Y112.156 E1550.39846
G1 X141.273 Y157.955 E1551.31243
G1 X170.072 Y157.956 E1551.88714
G1 X170.072 Y112.156 E1552.80113
G1 X169.272 Y112.156 E1552.8171
G1 X169.272 Y156.645 E1553.70492
G1 X169.096 Y156.98 E1553.71248
G0 F12000 X168.87 Y156.591
;TYPE:WALL-OUTER
G1 F2400 X168.814 Y156.698 E1553.71489
G1 X168.707 Y156.754 E1553.7173
G1 X142.672 Y156.756 E1554.23685
G1 X142.53 Y156.698 E1554.23991
G1 X142.474 Y156.591 E1554.24232
G1 X142.472 Y111.756 E1555.13705
G1 X140.872 Y111.756 E1555.16898
G1 X140.873 Y158.355 E1556.09892
G1 X170.472 Y158.356 E1556.6896
G1 X170.472 Y111.756 E1557.61955
G1 X168.872 Y111.756 E1557.65148
G1 X168.87 Y156.591 E1558.54621
G1 F1500 E1552.04621
G0 F12000 X169.183 Y156.591
G0 X169.097 Y111.98
G0 X168.008 Y111.98
G0 X159.773 Y109.13
G0 X158.858 Y109.306
G1 F1500 E1558.54621
G1 F1920 X152.486 Y109.306 E1558.70516
G1 X152.486 Y108.806 E1558.71763
G1 X158.858 Y108.806 E1558.87658
G1 X158.858 Y109.306 E1558.88906
G1 F1500 E1552.38906
G0 F12000 X158.629 Y109.076
G0 X159.773 Y108.978
G0 X163.586 Y110.209
G0 X168.939 Y110.221
G0 X169.488 Y105.873
;TYPE:WALL-INNER
G1 F1500 E1558.88906
G1 F2461.5 X169.482 Y104.154 E1558.9225
G1 F2424.2 X168.767 Y104.155 E1558.93663
G1 F2436.5 X169.102 Y104.412 E1558.94493
G1 F2474.2 X169.097 Y108.704 E1559.02801
G1 X168.813 Y108.962 E1559.03544
G1 F2455.2 X169.471 Y108.96 E1559.04827
G1 F2474.2 X169.488 Y105.873 E1559.10803
G1 F1500 E1552.60803
G0 F12000 X168.953 Y104.118
G0 X142.393 Y104.118
G0 X142.241 Y108.705
G1 F1500 E1559.10803
G1 F2487 X142.238 Y104.413 E1559.19069
G1 F2461.5 X142.523 Y104.153 E1559.19819
G1 F2424.2 X141.862 Y104.154 E1559.21125
G1 F2442.7 X141.873 Y108.961 E1559.3055
G1 F2461.5 X142.578 Y108.961 E1559.31922
G1 F2474.2 X142.241 Y108.705 E1559.32741
G1 F1500 E1552.82741
G0 F12000 X142.393 Y104.118
G0 X168.953 Y104.118
G0 X169.025 Y108.609
G0 X168.706 Y108.609
;TYPE:WALL-OUTER
G1 F1500 E1559.32741
G1 F2123.9 X168.556 Y108.805 E1559.33298
G1 F1912.4 X164.486 Y108.806 E1559.43491
G1 F1920 X164.486 Y109.306 E1559.44738
G1 F1912.4 X168.599 Y109.304 E1559.55039
G1 F2123.9 X169.276 Y109.355 E1559.5657
G1 F2400 X169.864 Y109.355 E1559.57744
G1 X169.88 Y105.871 E1559.64696
G1 X169.872 Y104.552 E1559.67329
G1 X169.883 Y104.204 E1559.68023
G1 X169.866 Y103.756 E1559.68918
G1 X169.282 Y103.757 E1559.70083
G1 F2133.3 X168.512 Y103.806 E1559.71816
G1 F1912.4 X142.741 Y103.808 E1560.36359
G1 F2123.9 X142.059 Y103.756 E1560.37901
G1 F2400 X141.478 Y103.756 E1560.39061
G1 X141.461 Y104.237 E1560.40021
G1 X141.48 Y109.356 E1560.50237
G1 X142.067 Y109.356 E1560.51408
G1 F2133.3 X142.828 Y109.306 E1560.5312
G1 F1920 X146.858 Y109.306 E1560.63173
G1 X146.858 Y108.806 E1560.64421
G1 X142.828 Y108.806 E1560.74473
G1 F2133.3 X142.628 Y108.603 E1560.75113
G1 F2400 X142.634 Y104.504 E1560.83293
G1 F2123.9 X142.784 Y104.307 E1560.83852
G1 F1912.4 X168.512 Y104.306 E1561.48287
G1 F2133.3 X168.712 Y104.51 E1561.48928
G1 F2400 X168.706 Y108.609 E1561.57108
G1 F1500 E1555.07108
;MESH:NONMESH
G0 F300 X168.706 Y108.609 Z7.56
G0 F12000 X169.025 Y108.609
G0 X168.953 Y108.994
G0 X164.662 Y109.132
G0 X164.662 Y110.221
G0 X151.823 Y146.266
G0 X152.059 Y147.11
;TIME_ELAPSED:3005.082824
;LAYER:62
;TYPE:SUPPORT
G1 F1500 E1561.57108
G1 F2400 X153.671 Y146.66 E1561.60448
G1 X155.284 Y147.11 E1561.6379
G1 X156.457 Y148.347 E1561.67192
G1 X156.907 Y149.89 E1561.704
G1 X156.453 Y151.507 E1561.73751
G1 X155.283 Y152.677 E1561.77053
G1 X153.67 Y153.128 E1561.80396
G1 X152.126 Y152.678 E1561.83605
G1 X150.886 Y151.438 E1561.87105
G1 X150.433 Y149.891 E1561.90321
G1 X150.883 Y148.347 E1561.93531
G1 X152.059 Y147.11 E1561.96937
G1 F1500 E1555.46937
;MESH:9VBatteryHolder_v2.stl
G0 F12000 X151.431 Y146.516
G0 X150.117 Y147.904
G0 X149.536 Y149.894
G0 X150.063 Y151.695
G0 X152.059 Y155.891
G0 X152.059 Y156.986
G0 X142.672 Y157.556
;TYPE:WALL-INNER
G1 F1500 E1561.96937
G1 F2400 X168.672 Y157.556 E1562.48823
G1 F2352.9 X168.846 Y157.549 E1562.49177
G0 F12000 X169.369 Y157.253
G1 F2436.5 X168.846 Y157.549 E1562.50359
G1 X169.686 Y157.57 E1562.5201
G1 F2442.7 X169.665 Y156.73 E1562.53658
G1 X169.369 Y157.253 E1562.54836
G0 F12000 X169.665 Y156.73
G1 F2358.7 X169.672 Y156.556 E1562.5519
G1 F2400 X169.672 Y112.556 E1563.42996
G1 F1500 E1556.92996
G0 F12000 X169.511 Y157.394
G0 X141.835 Y157.394
G0 X141.672 Y112.556
G1 F1500 E1563.42996
G1 F2400 X141.672 Y156.556 E1564.30803
G1 F2352.9 X141.679 Y156.73 E1564.31158
G0 F12000 X141.975 Y157.253
G1 F2436.5 X141.679 Y156.73 E1564.32339
G1 X141.658 Y157.57 E1564.33991
G1 F2487 X142.672 Y157.556 E1564.35943
G1 X141.975 Y157.253 E1564.37407
G0 F12000 X141.763 Y157.253
G0 X169.096 Y157.466
G0 X169.096 Y156.98
G1 F2400 X168.761 Y157.156 E1564.38162
G1 X142.672 Y157.156 E1564.90226
G1 X142.247 Y156.981 E1564.91143
G1 X142.072 Y156.645 E1564.91899
G1 X142.072 Y112.156 E1565.80681
G1 X141.272 Y112.156 E1565.82278
G1 X141.273 Y157.955 E1566.73675
G1 X170.072 Y157.956 E1567.31146
G1 X170.072 Y112.156 E1568.22545
G1 X169.272 Y112.156 E1568.24142
G1 X169.272 Y156.645 E1569.12924
G1 X169.096 Y156.98 E1569.13679
G0 F12000 X168.87 Y156.591
;TYPE:WALL-OUTER
G1 F2400 X168.814 Y156.698 E1569.1392
G1 X168.707 Y156.754 E1569.14161
G1 X142.672 Y156.756 E1569.66117
G1 X142.53 Y156.698 E1569.66423
G1 X142.474 Y156.591 E1569.66664
G1 X142.472 Y111.756 E1570.56137
G1 X140.872 Y111.756 E1570.5933
G1 X140.873 Y158.355 E1571.52324
G1 X170.472 Y158.356 E1572.11392
G1 X170.472 Y111.756 E1573.04387
G1 X168.872 Y111.756 E1573.0758
G1 X168.87 Y156.591 E1573.97053
G1 F1500 E1567.47053
G0 F12000 X169.183 Y156.591
G0 X169.097 Y111.98
G0 X168.008 Y111.98
G0 X159.668 Y109.132
G0 X158.75 Y109.306
G1 F1500 E1573.97053
G1 F1920 X152.59 Y109.306 E1574.12419
G1 X152.59 Y108.806 E1574.13666
G1 X158.75 Y108.806 E1574.29033
G1 X158.75 Y109.306 E1574.3028
G1 F1500 E1567.8028
G0 F12000 X158.523 Y109.076
G0 X159.668 Y108.98
G0 X163.678 Y108.982
G0 X169.514 Y108.556
;TYPE:WALL-INNER
G1 F1500 E1574.3028
G1 F2506.5 X169.526 Y104.556 E1574.37923
G1 F2436.5 X169.512 Y104.156 E1574.3871
G1 F2394 X168.802 Y104.156 E1574.4013
G1 F2424.2 X169.138 Y104.416 E1574.4097
G1 F2461.5 X169.134 Y108.699 E1574.49303
G1 F2449 X168.846 Y108.961 E1574.50065
G1 F2442.7 X169.506 Y108.96 E1574.51359
G1 F2487 X169.514 Y108.556 E1574.52137
G1 F1500 E1568.02137
G0 F12000 X168.985 Y104.118
G0 X142.361 Y104.118
G0 X142.207 Y108.703
G1 F1500 E1574.52137
G1 F2467.9 X142.203 Y104.417 E1574.60455
G1 F2436.5 X142.489 Y104.154 E1574.61219
G1 F2406 X141.831 Y104.155 E1574.62528
G1 F2449 X141.817 Y104.556 E1574.63313
G1 F2513.1 X141.829 Y108.556 E1574.70936
G1 F2493.5 X141.837 Y108.96 E1574.71712
G1 F2449 X142.544 Y108.96 E1574.73095
G1 F2455.2 X142.207 Y108.703 E1574.73922
G1 F1500 E1568.23922
G0 F12000 X142.361 Y104.118
G0 X168.985 Y104.118
G0 X169.057 Y108.6
G0 X168.745 Y108.6
;TYPE:WALL-OUTER
G1 F1500 E1574.73922
G1 F2123.9 X168.588 Y108.805 E1574.74504
G1 F1912.4 X164.59 Y108.806 E1574.84517
G1 F1920 X164.59 Y109.306 E1574.85764
G1 F1912.4 X168.631 Y109.304 E1574.95885
G1 F2123.9 X169.31 Y109.356 E1574.97421
G1 F2400 X169.9 Y109.356 E1574.98598
G1 X169.92 Y104.335 E1575.08618
G1 X169.898 Y103.756 E1575.09774
G1 X169.319 Y103.756 E1575.1093
G1 F2133.3 X168.544 Y103.806 E1575.12673
G1 F1912.4 X142.709 Y103.808 E1575.77377
G1 F2123.9 X142.023 Y103.756 E1575.78928
G1 F2400 X141.445 Y103.756 E1575.80082
G1 X141.424 Y104.368 E1575.81304
G1 X141.443 Y109.356 E1575.91258
G1 X142.032 Y109.356 E1575.92433
G1 F2133.3 X142.796 Y109.306 E1575.94152
G1 F1920 X146.753 Y109.306 E1576.04023
G1 X146.751 Y108.806 E1576.0527
G1 X142.796 Y108.806 E1576.15136
G1 F2133.3 X142.596 Y108.602 E1576.15777
G1 F2400 X142.602 Y104.505 E1576.23953
G1 F2123.9 X142.752 Y104.307 E1576.24514
G1 F1912.4 X168.544 Y104.306 E1576.89109
G1 F2133.3 X168.739 Y104.508 E1576.8974
G1 F2400 X168.745 Y108.6 E1576.97906
G1 F1500 E1570.47906
;MESH:NONMESH
G0 F300 X168.745 Y108.6 Z7.68
G0 F12000 X169.057 Y108.6
G0 X168.985 Y108.994
G0 X164.767 Y109.132
G0 X164.767 Y110.221
G0 X151.83 Y146.278
G0 X152.068 Y147.126
;TIME_ELAPSED:3037.723849
;LAYER:63
;TYPE:SUPPORT
G1 F1500 E1576.97906
G1 F2400 X153.672 Y146.672 E1577.01232
G1 X155.276 Y147.126 E1577.04559
G1 X156.445 Y148.355 E1577.07944
G1 X156.892 Y149.89 E1577.11134
G1 X156.441 Y151.499 E1577.14469
G1 X155.275 Y152.661 E1577.17754
G1 X153.669 Y153.112 E1577.21083
G1 X152.134 Y152.666 E1577.24273
G1 X150.898 Y151.43 E1577.27761
G1 X150.449 Y149.893 E1577.30957
G1 X150.899 Y148.355 E1577.34155
G1 X152.068 Y147.126 E1577.3754
G1 F1500 E1570.8754
;MESH:9VBatteryHolder_v2.stl
G0 F12000 X151.438 Y146.53
G0 X150.13 Y147.912
G0 X149.551 Y149.894
G0 X150.077 Y151.688
G0 X152.068 Y155.891
G0 X152.068 Y156.986
G0 X142.672 Y157.556
;TYPE:WALL-INNER
G1 F1500 E1577.3754
G1 F2400 X168.672 Y157.556 E1577.89425
G1 F2352.9 X168.846 Y157.549 E1577.8978
G0 F12000 X169.369 Y157.253
G1 F2436.5 X168.846 Y157.549 E1577.90961
G1 X169.686 Y157.57 E1577.92613
G1 F2442.7 X169.665 Y156.73 E1577.9426
G1 X169.369 Y157.253 E1577.95439
G0 F12000 X169.665 Y156.73
G1 F2358.7 X169.672 Y156.556 E1577.95792
G1 F2400 X169.672 Y112.556 E1578.83599
G1 F1500 E1572.33599
G0 F12000 X169.511 Y157.394
G0 X141.835 Y157.394
G0 X141.672 Y112.556
G1 F1500 E1578.83599
G1 F2400 X141.672 Y156.556 E1579.71406
G1 F2352.9 X141.679 Y156.73 E1579.7176
G0 F12000 X141.975 Y157.253
G1 F2436.5 X141.679 Y156.73 E1579.72942
G1 X141.658 Y157.57 E1579.74593
G1 F2487 X142.672 Y157.556 E1579.76546
G1 X141.975 Y157.253 E1579.7801
G0 F12000 X141.763 Y157.253
G0 X169.096 Y157.466
G0 X169.096 Y156.98
G1 F2400 X168.761 Y157.156 E1579.78765
G1 X142.672 Y157.156 E1580.30828
G1 X142.247 Y156.981 E1580.31746
G1 X142.072 Y156.645 E1580.32502
G1 X142.072 Y112.156 E1581.21284
G1 X141.272 Y112.156 E1581.22881
G1 X141.273 Y157.955 E1582.14277
G1 X170.072 Y157.956 E1582.71749
G1 X170.072 Y112.156 E1583.63148
G1 X169.272 Y112.156 E1583.64744
G1 X169.272 Y156.645 E1584.53527
G1 X169.096 Y156.98 E1584.54282
G0 F12000 X168.87 Y156.591
;TYPE:WALL-OUTER
G1 F2400 X168.814 Y156.698 E1584.54523
G1 X168.707 Y156.754 E1584.54764
G1 X142.672 Y156.756 E1585.0672
G1 X142.53 Y156.698 E1585.07026
G1 X142.474 Y156.591 E1585.07267
G1 X142.472 Y111.756 E1585.9674
G1 X140.872 Y111.756 E1585.99933
G1 X140.873 Y158.355 E1586.92926
G1 X170.472 Y158.356 E1587.51994
G1 X170.472 Y111.756 E1588.4499
G1 X168.872 Y111.756 E1588.48183
G1 X168.87 Y156.591 E1589.37656
G1 F1500 E1582.87656
G0 F12000 X169.183 Y156.591
G0 X169.097 Y111.98
G0 X168.008 Y111.98
G0 X159.585 Y109.132
G0 X158.67 Y109.306
G1 F1500 E1589.37656
G1 F1920 X152.674 Y109.306 E1589.52613
G1 X152.674 Y108.806 E1589.5386
G1 X158.67 Y108.806 E1589.68817
G1 X158.67 Y109.306 E1589.70064
G1 F1500 E1583.20064
G0 F12000 X158.44 Y109.076
G0 X159.585 Y108.98
G0 X163.761 Y108.982
G0 X169.549 Y108.556
;TYPE:WALL-INNER
G1 F1500 E1589.70064
G1 F2487 X169.56 Y104.486 E1589.77902
G1 F2430.4 X169.544 Y104.156 E1589.78553
G1 F2400 X168.835 Y104.156 E1589.79968
G1 F2430.4 X169.171 Y104.416 E1589.80805
G1 F2455.2 X169.167 Y108.697 E1589.89156
G1 F2436.5 X168.88 Y108.96 E1589.89922
G1 F2430.4 X169.541 Y108.959 E1589.91224
G1 F2474.2 X169.549 Y108.556 E1589.92005
G1 F1500 E1583.42005
G0 F12000 X169.017 Y104.118
G0 X142.329 Y104.118
G0 X142.174 Y108.701
G1 F1500 E1589.92005
G1 F2461.5 X142.171 Y104.416 E1590.00342
G1 F2436.5 X142.457 Y104.154 E1590.01104
G1 F2412.1 X141.8 Y104.155 E1590.02409
G1 F2436.5 X141.782 Y104.502 E1590.03092
G1 F2500 X141.794 Y108.556 E1590.10859
G1 F2487 X141.802 Y108.96 E1590.11637
G1 F2442.7 X142.513 Y108.96 E1590.13031
G1 F2449 X142.174 Y108.701 E1590.13865
G1 F1500 E1583.63865
G0 F12000 X142.329 Y104.118
G0 X169.017 Y104.118
G0 X169.089 Y108.599
G0 X168.777 Y108.599
;TYPE:WALL-OUTER
G1 F1500 E1590.13865
G1 F2123.9 X168.62 Y108.805 E1590.14449
G1 F1912.4 X164.674 Y108.806 E1590.24332
G1 F1920 X164.674 Y109.306 E1590.25579
G1 F1912.4 X168.663 Y109.304 E1590.3557
G1 F2123.9 X169.344 Y109.356 E1590.3711
G1 F2400 X169.936 Y109.356 E1590.38291
G1 X169.955 Y104.473 E1590.48036
G1 X169.93 Y103.756 E1590.49467
G1 X169.351 Y103.756 E1590.50623
G1 F2133.3 X168.576 Y103.806 E1590.52366
G1 F1912.4 X142.677 Y103.808 E1591.1723
G1 F2123.9 X141.992 Y103.756 E1591.18779
G1 F2400 X141.414 Y103.756 E1591.19933
G1 X141.388 Y104.496 E1591.2141
G1 X141.408 Y109.356 E1591.31109
G1 X141.998 Y109.356 E1591.32287
G1 F2133.3 X142.764 Y109.306 E1591.3401
G1 F1920 X146.67 Y109.306 E1591.43753
G1 X146.67 Y108.806 E1591.45001
G1 X142.764 Y108.806 E1591.54744
G1 F2133.3 X142.57 Y108.609 E1591.55365
G1 F2400 X142.564 Y104.513 E1591.63539
G1 F2123.9 X142.72 Y104.307 E1591.64122
G1 F1912.4 X168.576 Y104.306 E1592.28878
G1 F2133.3 X168.77 Y104.506 E1592.29503
G1 F2400 X168.777 Y108.599 E1592.37671
G1 F1500 E1585.87671
;MESH:NONMESH
G0 F300 X168.777 Y108.599 Z7.8
G0 F12000 X169.089 Y108.599
G0 X169.017 Y108.994
G0 X164.85 Y109.132
G0 X164.85 Y110.221
G0 X151.831 Y146.293
G0 X152.068 Y147.138
;TIME_ELAPSED:3070.352883
;LAYER:64
;TYPE:SUPPORT
G1 F1500 E1592.37671
G1 F2400 X153.671 Y146.688 E1592.40994
G1 X155.272 Y147.138 E1592.44313
G1 X156.429 Y148.359 E1592.4767
G1 X156.876 Y149.89 E1592.50852
G1 X156.429 Y151.491 E1592.5417
G1 X155.271 Y152.649 E1592.57438
G1 X153.67 Y153.099 E1592.60756
G1 X152.142 Y152.65 E1592.63935
G1 X150.914 Y151.422 E1592.674
G1 X150.465 Y149.892 E1592.70582
G1 X150.915 Y148.359 E1592.73771
G1 X152.068 Y147.138 E1592.77122
G1 F1500 E1586.27122
;MESH:9VBatteryHolder_v2.stl
G0 F12000 X151.441 Y146.546
G0 X150.146 Y147.917
G0 X149.566 Y149.894
G0 X150.09 Y151.681
G0 X152.068 Y155.891
G0 X152.068 Y156.986
G0 X142.672 Y157.556
;TYPE:WALL-INNER
G1 F1500 E1592.77122
G1 F2400 X168.672 Y157.556 E1593.29008
G1 F2352.9 X168.846 Y157.549 E1593.29362
G0 F12000 X169.369 Y157.253
G1 F2436.5 X168.846 Y157.549 E1593.30544
G1 X169.686 Y157.57 E1593.32195
G1 F2442.7 X169.665 Y156.73 E1593.33843
G1 X169.369 Y157.253 E1593.35021
G0 F12000 X169.665 Y156.73
G1 F2358.7 X169.672 Y156.556 E1593.35375
G1 F2400 X169.672 Y112.556 E1594.23181
G1 F1500 E1587.73181
G0 F12000 X169.511 Y157.394
G0 X141.835 Y157.394
G0 X141.672 Y112.556
G1 F1500 E1594.23181
G1 F2400 X141.672 Y156.556 E1595.10988
G1 F2352.9 X141.679 Y156.73 E1595.11343
G0 F12000 X141.975 Y157.253
G1 F2436.5 X141.679 Y156.73 E1595.12524
G1 X141.658 Y157.57 E1595.14176
G1 F2487 X142.672 Y157.556 E1595.16129
G1 X141.975 Y157.253 E1595.17592
G0 F12000 X141.763 Y157.253
G0 X169.096 Y157.466
G0 X169.096 Y156.98
G1 F2400 X168.761 Y157.156 E1595.18347
G1 X142.672 Y157.156 E1595.70411
G1 X142.247 Y156.981 E1595.71328
G1 X142.072 Y156.645 E1595.72084
G1 X142.072 Y112.156 E1596.60867
G1 X141.272 Y112.156 E1596.62463
G1 X141.273 Y157.955 E1597.5386
G1 X170.072 Y157.956 E1598.11331
G1 X170.072 Y112.156 E1599.0273
G1 X169.272 Y112.156 E1599.04327
G1 X169.272 Y156.645 E1599.93109
G1 X169.096 Y156.98 E1599.93865
G0 F12000 X168.87 Y156.591
;TYPE:WALL-OUTER
G1 F2400 X168.814 Y156.698 E1599.94106
G1 X168.707 Y156.754 E1599.94347
G1 X142.672 Y156.756 E1600.46302
G1 X142.53 Y156.698 E1600.46608
G1 X142.474 Y156.591 E1600.46849
G1 X142.472 Y111.756 E1601.36322
G1 X140.872 Y111.756 E1601.39515
G1 X140.873 Y158.355 E1602.32509
G1 X170.472 Y158.356 E1602.91577
G1 X170.472 Y111.756 E1603.84572
G1 X168.872 Y111.756 E1603.87765
G1 X168.87 Y156.591 E1604.77238
G1 F1500 E1598.27238
G0 F12000 X169.183 Y156.591
G0 X169.097 Y111.98
G0 X168.008 Y111.98
G0 X159.503 Y109.132
G0 X158.586 Y109.306
G1 F1500 E1604.77238
G1 F1920 X152.754 Y109.306 E1604.91786
G1 X152.754 Y108.806 E1604.93033
G1 X158.586 Y108.806 E1605.07581
G1 X158.586 Y109.306 E1605.08829
G1 F1500 E1598.58829
G0 F12000 X158.358 Y109.076
G0 X159.503 Y108.98
G0 X163.843 Y108.982
G0 X169.585 Y108.556
;TYPE:WALL-INNER
G1 F1500 E1605.08829
G1 F2487 X169.592 Y104.451 E1605.16734
G1 F2436.5 X169.577 Y104.155 E1605.17317
G1 F2406 X168.868 Y104.155 E1605.18728
G1 F2436.5 X169.204 Y104.414 E1605.19562
G1 F2455.2 X169.203 Y108.699 E1605.27921
G1 F2442.7 X168.916 Y108.96 E1605.28681
G1 F2436.5 X169.576 Y108.958 E1605.29979
G1 F2474.2 X169.585 Y108.556 E1605.30757
G1 F1500 E1598.80757
G0 F12000 X169.05 Y104.118
G0 X142.296 Y104.118
G0 X142.141 Y108.699
G1 F1500 E1605.30757
G1 F2455.2 X142.14 Y104.416 E1605.39112
G1 F2436.5 X142.425 Y104.154 E1605.39873
G1 F2406 X141.766 Y104.155 E1605.41185
G1 F2436.5 X141.75 Y104.556 E1605.41973
G1 F2449 X141.767 Y108.959 E1605.50584
G1 F2430.4 X142.479 Y108.959 E1605.51988
G1 F2436.5 X142.141 Y108.699 E1605.52826
G1 F1500 E1599.02826
G0 F12000 X142.296 Y104.118
G0 X169.05 Y104.118
G0 X169.122 Y108.599
G0 X168.813 Y108.599
;TYPE:WALL-OUTER
G1 F1500 E1605.52826
G1 F2123.9 X168.656 Y108.805 E1605.5341
G1 F1912.4 X164.755 Y108.806 E1605.6318
G1 F1920 X164.757 Y109.306 E1605.64427
G1 F1912.4 X168.699 Y109.304 E1605.743
G1 F2123.9 X169.38 Y109.355 E1605.7584
G1 F2400 X169.972 Y109.355 E1605.77021
G1 X169.987 Y104.437 E1605.86836
G1 X169.963 Y103.756 E1605.88195
G1 X169.385 Y103.756 E1605.89349
G1 F2133.3 X168.612 Y103.806 E1605.91088
G1 F1912.4 X142.645 Y103.808 E1606.56122
G1 F2123.9 X141.959 Y103.756 E1606.57673
G1 F2400 X141.378 Y103.756 E1606.58833
G1 X141.357 Y104.459 E1606.60236
G1 X141.372 Y109.356 E1606.70009
G1 X141.964 Y109.356 E1606.7119
G1 F2133.3 X142.732 Y109.306 E1606.72918
G1 F1920 X146.586 Y109.306 E1606.82532
G1 X146.586 Y108.806 E1606.83779
G1 X142.732 Y108.806 E1606.93393
G1 F2133.3 X142.532 Y108.602 E1606.94035
G1 F2400 X142.538 Y104.505 E1607.02211
G1 F2123.9 X142.688 Y104.307 E1607.02771
G1 F1912.4 X168.612 Y104.306 E1607.67697
G1 F2133.3 X168.813 Y104.512 E1607.68343
G1 F2400 X168.813 Y108.599 E1607.76499
G1 F1500 E1601.26499
;MESH:NONMESH
G0 F300 X168.813 Y108.599 Z7.92
G0 F12000 X169.122 Y108.599
G0 X169.05 Y108.994
G0 X164.932 Y109.132
G0 X164.932 Y110.221
G0 X151.843 Y146.305
G0 X152.08 Y147.15
;TIME_ELAPSED:3102.969176
;LAYER:65
;TYPE:SUPPORT
G1 F1500 E1607.76499
G1 F2400 X153.672 Y146.704 E1607.79799
G1 X155.264 Y147.15 E1607.83098
G1 X156.421 Y148.367 E1607.86449
G1 X156.864 Y149.889 E1607.89612
G1 X156.417 Y151.483 E1607.92916
G1 X155.263 Y152.637 E1607.96173
G1 X153.67 Y153.083 E1607.99474
G1 X152.15 Y152.638 E1608.02635
G1 X150.926 Y151.414 E1608.06089
G1 X150.477 Y149.891 E1608.09258
G1 X150.923 Y148.367 E1608.12427
G1 X152.08 Y147.15 E1608.15778
G1 F1500 E1601.65778
;MESH:9VBatteryHolder_v2.stl
G0 F12000 X151.452 Y146.556
G0 X150.155 Y147.925
G0 X149.58 Y149.894
G0 X150.102 Y151.676
G0 X152.08 Y155.891
G0 X152.08 Y156.986
G0 X142.672 Y157.556
;TYPE:WALL-INNER
G1 F1500 E1608.15778
G1 F2400 X168.672 Y157.556 E1608.67663
G1 F2352.9 X168.846 Y157.549 E1608.68018
G0 F12000 X169.369 Y157.253
G1 F2436.5 X168.846 Y157.549 E1608.69199
G1 X169.686 Y157.57 E1608.70851
G1 F2442.7 X169.665 Y156.73 E1608.72498
G1 X169.369 Y157.253 E1608.73677
G0 F12000 X169.665 Y156.73
G1 F2358.7 X169.672 Y156.556 E1608.7403
G1 F2400 X169.672 Y112.556 E1609.61837
G1 F1500 E1603.11837
G0 F12000 X169.511 Y157.394
G0 X141.835 Y157.394
G0 X141.672 Y112.556
G1 F1500 E1609.61837
G1 F2400 X141.672 Y156.556 E1610.49644
G1 F2352.9 X141.679 Y156.73 E1610.49998
G0 F12000 X141.975 Y157.253
G1 F2436.5 X141.679 Y156.73 E1610.5118
G1 X141.658 Y157.57 E1610.52831
G1 F2487 X142.672 Y157.556 E1610.54784
G1 X141.975 Y157.253 E1610.56248
G0 F12000 X141.763 Y157.253
G0 X169.096 Y157.466
G0 X169.096 Y156.98
G1 F2400 X168.761 Y157.156 E1610.57003
G1 X142.672 Y157.156 E1611.09066
G1 X142.247 Y156.981 E1611.09984
G1 X142.072 Y156.645 E1611.1074
G1 X142.072 Y112.156 E1611.99522
G1 X141.272 Y112.156 E1612.01119
G1 X141.273 Y157.955 E1612.92516
G1 X170.072 Y157.956 E1613.49987
G1 X170.072 Y112.156 E1614.41386
G1 X169.272 Y112.156 E1614.42982
G1 X169.272 Y156.645 E1615.31765
G1 X169.096 Y156.98 E1615.3252
G0 F12000 X168.87 Y156.591
;TYPE:WALL-OUTER
G1 F2400 X168.814 Y156.698 E1615.32761
G1 X168.707 Y156.754 E1615.33002
G1 X142.672 Y156.756 E1615.84958
G1 X142.53 Y156.698 E1615.85264
G1 X142.474 Y156.591 E1615.85505
G1 X142.472 Y111.756 E1616.74978
G1 X140.872 Y111.756 E1616.78171
G1 X140.873 Y158.355 E1617.71164
G1 X170.472 Y158.356 E1618.30232
G1 X170.472 Y111.756 E1619.23228
G1 X168.872 Y111.756 E1619.26421
G1 X168.87 Y156.591 E1620.15894
G1 F1500 E1613.65894
G0 F12000 X169.183 Y156.591
G0 X169.097 Y111.98
G0 X168.008 Y111.98
G0 X159.42 Y109.132
G0 X158.502 Y109.306
G1 F1500 E1620.15894
G1 F1920 X152.838 Y109.306 E1620.30023
G1 X152.838 Y108.806 E1620.3127
G1 X158.502 Y108.806 E1620.45399
G1 X158.502 Y109.306 E1620.46646
G1 F1500 E1613.96646
G0 F12000 X158.275 Y109.076
G0 X159.42 Y108.98
G0 X163.926 Y108.982
G0 X169.619 Y108.556
;TYPE:WALL-INNER
G1 F1500 E1620.46646
G1 F2474.2 X169.611 Y104.153 E1620.55169
G1 F2436.5 X168.898 Y104.154 E1620.56571
G1 F2449 X169.233 Y104.409 E1620.57394
G1 F2474.2 X169.232 Y108.702 E1620.65704
G1 F2461.5 X168.948 Y108.96 E1620.66451
G1 F2430.4 X169.611 Y108.958 E1620.67757
G1 F2467.9 X169.619 Y108.556 E1620.68538
G1 F1500 E1614.18538
G0 F12000 X169.082 Y104.118
G0 X142.264 Y104.118
G0 X141.721 Y107.728
G1 F1500 E1620.68538
G1 F2449 X141.731 Y108.958 E1620.70943
G1 F2418.1 X142.445 Y108.958 E1620.72357
G1 F2430.4 X142.108 Y108.699 E1620.73195
G1 F2455.2 X142.111 Y104.413 E1620.81556
G1 F2449 X142.396 Y104.152 E1620.82311
G1 F2430.4 X141.732 Y104.153 E1620.8362
G1 F2461.5 X141.721 Y107.728 E1620.90576
G1 F1500 E1614.40576
G0 F12000 X142.264 Y104.118
G0 X169.082 Y104.118
G0 X169.154 Y108.608
G0 X168.838 Y108.608
;TYPE:WALL-OUTER
G1 F1500 E1620.90576
G1 F2123.9 X168.688 Y108.805 E1620.91134
G1 F1912.4 X164.838 Y108.806 E1621.00777
G1 F1920 X164.838 Y109.306 E1621.02024
G1 F1912.4 X168.731 Y109.304 E1621.11774
G1 F2123.9 X169.414 Y109.355 E1621.13318
G1 F2400 X170.008 Y109.355 E1621.14504
G1 X170 Y104.553 E1621.24087
G1 X170.011 Y104.204 E1621.24783
G1 X169.994 Y103.756 E1621.25678
G1 X169.412 Y103.757 E1621.2684
G1 F2133.3 X168.644 Y103.806 E1621.28567
G1 F1912.4 X142.613 Y103.808 E1621.93762
G1 F2123.9 X141.932 Y103.756 E1621.95302
G1 F2400 X141.347 Y103.756 E1621.96469
G1 X141.332 Y104.255 E1621.97465
G1 X141.344 Y104.554 E1621.98063
G1 X141.328 Y107.73 E1622.04401
G1 X141.335 Y109.356 E1622.07646
G1 X141.929 Y109.356 E1622.08831
G1 F2133.3 X142.7 Y109.306 E1622.10566
G1 F1920 X146.505 Y109.306 E1622.20057
G1 X146.503 Y108.806 E1622.21305
G1 X142.7 Y108.806 E1622.30791
G1 F2133.3 X142.506 Y108.607 E1622.31415
G1 F2400 X142.5 Y104.512 E1622.39587
G1 F2123.9 X142.656 Y104.307 E1622.40168
G1 F1912.4 X168.644 Y104.306 E1623.05255
G1 F2133.3 X168.844 Y104.51 E1623.05896
G1 F2400 X168.838 Y108.608 E1623.14074
G1 F1500 E1616.64074
;MESH:NONMESH
G0 F300 X168.838 Y108.608 Z8.04
G0 F12000 X169.154 Y108.608
G0 X169.082 Y108.994
G0 X165.015 Y109.132
G0 X165.015 Y110.221
G0 X151.851 Y146.317
G0 X152.088 Y147.162
;TIME_ELAPSED:3135.566849
;LAYER:66
;TYPE:SUPPORT
G1 F1500 E1623.14074
G1 F2400 X153.672 Y146.716 E1623.17358
G1 X155.256 Y147.162 E1623.20642
G1 X156.409 Y148.375 E1623.23982
G1 X156.848 Y149.89 E1623.27129
G1 X156.405 Y151.475 E1623.30414
G1 X155.255 Y152.625 E1623.33659
G1 X153.67 Y153.068 E1623.36943
G1 X152.158 Y152.626 E1623.40087
G1 X150.938 Y151.406 E1623.4353
G1 X150.493 Y149.891 E1623.46681
G1 X150.935 Y148.375 E1623.49833
G1 X152.088 Y147.162 E1623.53172
G1 F1500 E1617.03172
;MESH:9VBatteryHolder_v2.stl
G0 F12000 X151.46 Y146.568
G0 X150.169 Y147.933
G0 X149.595 Y149.894
G0 X150.115 Y151.669
G0 X152.088 Y155.891
G0 X152.088 Y156.986
G0 X142.672 Y157.556
;TYPE:WALL-INNER
G1 F1500 E1623.53172
G1 F2400 X168.672 Y157.556 E1624.05058
G1 F2352.9 X168.846 Y157.549 E1624.05413
G0 F12000 X169.369 Y157.253
G1 F2436.5 X168.846 Y157.549 E1624.06594
G1 X169.686 Y157.57 E1624.08246
G1 F2442.7 X169.665 Y156.73 E1624.09893
G1 X169.369 Y157.253 E1624.11071
G0 F12000 X169.665 Y156.73
G1 F2358.7 X169.672 Y156.556 E1624.11425
G1 F2400 X169.672 Y112.556 E1624.99232
G1 F1500 E1618.49232
G0 F12000 X169.511 Y157.394
G0 X141.835 Y157.394
G0 X141.672 Y112.556
G1 F1500 E1624.99232
G1 F2400 X141.672 Y156.556 E1625.87038
G1 F2352.9 X141.679 Y156.73 E1625.87393
G0 F12000 X141.975 Y157.253
G1 F2436.5 X141.679 Y156.73 E1625.88574
G1 X141.658 Y157.57 E1625.90226
G1 F2487 X142.672 Y157.556 E1625.92179
G1 X141.975 Y157.253 E1625.93642
G0 F12000 X141.763 Y157.253
G0 X169.096 Y157.466
G0 X169.096 Y156.98
G1 F2400 X168.761 Y157.156 E1625.94398
G1 X142.672 Y157.156 E1626.46461
G1 X142.247 Y156.981 E1626.47378
G1 X142.072 Y156.645 E1626.48134
G1 X142.072 Y112.156 E1627.36917
G1 X141.272 Y112.156 E1627.38513
G1 X141.273 Y157.955 E1628.2991
G1 X170.072 Y157.956 E1628.87382
G1 X170.072 Y112.156 E1629.78781
G1 X169.272 Y112.156 E1629.80377
G1 X169.272 Y156.645 E1630.6916
G1 X169.096 Y156.98 E1630.69915
G0 F12000 X168.87 Y156.591
;TYPE:WALL-OUTER
G1 F2400 X168.814 Y156.698 E1630.70156
G1 X168.707 Y156.754 E1630.70397
G1 X142.672 Y156.756 E1631.22353
G1 X142.53 Y156.698 E1631.22659
G1 X142.474 Y156.591 E1631.229
G1 X142.472 Y111.756 E1632.12373
G1 X140.872 Y111.756 E1632.15566
G1 X140.873 Y158.355 E1633.08559
G1 X170.472 Y158.356 E1633.67627
G1 X170.472 Y111.756 E1634.60622
G1 X168.872 Y111.756 E1634.63815
G1 X168.87 Y156.591 E1635.53288
G1 F1500 E1629.03288
G0 F12000 X169.183 Y156.591
G0 X169.097 Y111.98
G0 X168.008 Y111.98
G0 X159.337 Y109.132
G0 X158.422 Y109.306
G1 F1500 E1635.53288
G1 F1920 X152.922 Y109.306 E1635.67008
G1 X152.922 Y108.806 E1635.68255
G1 X158.422 Y108.806 E1635.81975
G1 X158.422 Y109.306 E1635.83223
G1 F1500 E1629.33223
G0 F12000 X158.192 Y109.076
G0 X159.337 Y108.98
G0 X164.009 Y108.982
G0 X169.262 Y108.703
;TYPE:WALL-INNER
G1 F1500 E1635.83223
G1 F2474.2 X168.98 Y108.96 E1635.83961
G1 F2436.5 X169.64 Y108.959 E1635.85258
G1 F2455.2 X169.636 Y104.151 E1635.94637
G1 F2474.2 X168.925 Y104.151 E1635.96014
G1 F2487 X169.262 Y104.405 E1635.96826
G1 F2500 X169.262 Y108.703 E1636.0506
G1 F1500 E1629.5506
G0 F12000 X169.114 Y104.118
G0 X142.232 Y104.118
G0 X142.078 Y108.701
G1 F1500 E1636.0506
G1 F2480.6 X142.082 Y104.408 E1636.13349
G1 F2474.2 X142.368 Y104.15 E1636.14095
G1 F2467.9 X141.714 Y104.151 E1636.15364
G1 F2455.2 X141.704 Y108.959 E1636.24743
G1 F2436.5 X142.414 Y108.959 E1636.26139
G1 F2449 X142.078 Y108.701 E1636.26967
G1 F1500 E1629.76967
G0 F12000 X142.232 Y104.118
G0 X169.114 Y104.118
G0 X169.186 Y108.608
G0 X168.87 Y108.608
;TYPE:WALL-OUTER
G1 F1500 E1636.26967
G1 F2123.9 X168.72 Y108.805 E1636.27526
G1 F1912.4 X164.922 Y108.806 E1636.37038
G1 F1920 X164.922 Y109.306 E1636.38285
G1 F1912.4 X168.763 Y109.304 E1636.47905
G1 F2123.9 X169.443 Y109.356 E1636.49442
G1 F2400 X170.039 Y109.356 E1636.50632
G1 X170.02 Y104.554 E1636.60215
G1 X170.041 Y103.757 E1636.61806
G1 X169.437 Y103.757 E1636.63011
G1 F2133.3 X168.676 Y103.806 E1636.64723
G1 F1912.4 X142.581 Y103.808 E1637.30078
G1 F2123.9 X141.907 Y103.756 E1637.31602
G1 F2400 X141.315 Y103.756 E1637.32784
G1 X141.308 Y104.031 E1637.33333
G1 X141.324 Y104.554 E1637.34377
G1 X141.305 Y109.356 E1637.4396
G1 X141.901 Y109.356 E1637.45149
G1 F2133.3 X142.668 Y109.306 E1637.46875
G1 F1920 X146.422 Y109.306 E1637.56239
G1 X146.422 Y108.806 E1637.57486
G1 X142.668 Y108.806 E1637.66851
G1 F2133.3 X142.474 Y108.608 E1637.67473
G1 F2400 X142.468 Y104.511 E1637.75649
G1 F2123.9 X142.624 Y104.307 E1637.76228
G1 F1912.4 X168.676 Y104.306 E1638.41475
G1 F2133.3 X168.876 Y104.508 E1638.42113
G1 F2400 X168.87 Y108.608 E1638.50295
G1 F1500 E1632.00295
;MESH:NONMESH
G0 F300 X168.87 Y108.608 Z8.16
G0 F12000 X169.186 Y108.608
G0 X169.114 Y108.994
G0 X165.098 Y109.132
G0 X165.098 Y110.221
G0 X151.855 Y146.331
G0 X152.092 Y147.174
;TIME_ELAPSED:3168.147615
;LAYER:67
;TYPE:SUPPORT
G1 F1500 E1638.50295
G1 F2400 X153.671 Y146.732 E1638.53568
G1 X155.252 Y147.174 E1638.56844
G1 X156.389 Y148.379 E1638.6015
G1 X156.835 Y149.89 E1638.63294
G1 X156.393 Y151.467 E1638.66562
G1 X155.247 Y152.613 E1638.69796
G1 X153.67 Y153.055 E1638.73065
G1 X152.162 Y152.614 E1638.762
G1 X150.95 Y151.402 E1638.79621
G1 X150.509 Y149.892 E1638.8276
G1 X150.951 Y148.379 E1638.85906
G1 X152.092 Y147.174 E1638.89217
G1 F1500 E1632.39217
;MESH:9VBatteryHolder_v2.stl
G0 F12000 X151.465 Y146.582
G0 X150.184 Y147.938
G0 X149.61 Y149.894
G0 X150.128 Y151.662
G0 X152.092 Y155.891
G0 X152.092 Y156.986
G0 X142.672 Y157.556
;TYPE:WALL-INNER
G1 F1500 E1638.89217
G1 F2400 X168.672 Y157.556 E1639.41103
G1 F2352.9 X168.846 Y157.549 E1639.41458
G0 F12000 X169.369 Y157.253
G1 F2436.5 X168.846 Y157.549 E1639.42639
G1 X169.686 Y157.57 E1639.44291
G1 F2442.7 X169.665 Y156.73 E1639.45938
G1 X169.369 Y157.253 E1639.47116
G0 F12000 X169.665 Y156.73
G1 F2358.7 X169.672 Y156.556 E1639.4747
G1 F2400 X169.672 Y112.556 E1640.35277
G1 F1500 E1633.85277
G0 F12000 X169.511 Y157.394
G0 X141.835 Y157.394
G0 X141.672 Y112.556
G1 F1500 E1640.35277
G1 F2400 X141.672 Y156.556 E1641.23083
G1 F2352.9 X141.679 Y156.73 E1641.23438
G0 F12000 X141.975 Y157.253
G1 F2436.5 X141.679 Y156.73 E1641.24619
G1 X141.658 Y157.57 E1641.26271
G1 F2487 X142.672 Y157.556 E1641.28224
G1 X141.975 Y157.253 E1641.29687
G0 F12000 X141.763 Y157.253
G0 X169.096 Y157.466
G0 X169.096 Y156.98
G1 F2400 X168.761 Y157.156 E1641.30443
G1 X142.672 Y157.156 E1641.82506
G1 X142.247 Y156.981 E1641.83423
G1 X142.072 Y156.645 E1641.84179
G1 X142.072 Y112.156 E1642.72962
G1 X141.272 Y112.156 E1642.74558
G1 X141.273 Y157.955 E1643.65955
G1 X170.072 Y157.956 E1644.23427
G1 X170.072 Y112.156 E1645.14825
G1 X169.272 Y112.156 E1645.16422
G1 X169.272 Y156.645 E1646.05205
G1 X169.096 Y156.98 E1646.0596
G0 F12000 X168.87 Y156.591
;TYPE:WALL-OUTER
G1 F2400 X168.814 Y156.698 E1646.06201
G1 X168.707 Y156.754 E1646.06442
G1 X142.672 Y156.756 E1646.58397
G1 X142.53 Y156.698 E1646.58704
G1 X142.474 Y156.591 E1646.58945
G1 X142.472 Y111.756 E1647.48418
G1 X140.872 Y111.756 E1647.51611
G1 X140.873 Y158.355 E1648.44604
G1 X170.472 Y158.356 E1649.03672
G1 X170.472 Y111.756 E1649.96667
G1 X168.872 Y111.756 E1649.9986
G1 X168.87 Y156.591 E1650.89333
G1 F1500 E1644.39333
G0 F12000 X169.183 Y156.591
G0 X169.097 Y111.98
G0 X168.008 Y111.98
G0 X159.254 Y109.132
G0 X158.338 Y109.306
G1 F1500 E1650.89333
G1 F1920 X153.006 Y109.306 E1651.02634
G1 X153.006 Y108.806 E1651.03881
G1 X158.338 Y108.806 E1651.17182
G1 X158.338 Y109.306 E1651.18429
G1 F1500 E1644.68429
G0 F12000 X158.109 Y109.076
G0 X159.254 Y108.98
G0 X164.092 Y108.982
G0 X169.665 Y108.556
;TYPE:WALL-INNER
G1 F1500 E1651.18429
G1 F2546.4 X169.659 Y104.148 E1651.2672
G1 F2506.5 X168.951 Y104.148 E1651.28073
G1 F2519.7 X169.291 Y104.402 E1651.2888
G1 F2539.7 X169.289 Y108.708 E1651.37
G1 F2513.1 X169.004 Y108.964 E1651.3773
G1 F2480.6 X169.658 Y108.963 E1651.38993
G1 F2533 X169.665 Y108.556 E1651.39763
G1 F1500 E1644.89763
G0 F12000 X169.146 Y104.118
G0 X142.2 Y104.118
G0 X142.05 Y108.706
G1 F1500 E1651.39763
G1 F2526.3 X142.053 Y104.403 E1651.4792
G1 F2519.7 X142.341 Y104.147 E1651.48653
G1 F2500 X141.685 Y104.148 E1651.4991
G1 F2487 X141.684 Y108.963 E1651.59182
G1 F2480.6 X142.39 Y108.963 E1651.60545
G1 F2500 X142.05 Y108.706 E1651.61362
G1 F1500 E1645.11362
G0 F12000 X142.2 Y104.118
G0 X169.146 Y104.118
G0 X169.218 Y108.611
G0 X168.901 Y108.611
;TYPE:WALL-OUTER
G1 F1500 E1651.61362
G1 F2123.9 X168.752 Y108.805 E1651.61913
G1 F1912.4 X165.006 Y108.806 E1651.71295
G1 F1920 X165.006 Y109.306 E1651.72542
G1 F1912.4 X168.795 Y109.304 E1651.82032
G1 F2123.9 X169.464 Y109.356 E1651.83545
G1 F2400 X170.051 Y109.356 E1651.84717
G1 X170.04 Y104.554 E1651.943
G1 X170.062 Y103.757 E1651.95891
G1 X169.462 Y103.757 E1651.97088
G1 F2133.3 X168.708 Y103.806 E1651.98784
G1 F1912.4 X142.549 Y103.808 E1652.64299
G1 F2123.9 X141.882 Y103.756 E1652.65808
G1 F2400 X141.282 Y103.756 E1652.67005
G1 X141.304 Y104.554 E1652.68598
G1 X141.289 Y109.356 E1652.78181
G1 X141.878 Y109.356 E1652.79357
G1 F2133.3 X142.636 Y109.306 E1652.81062
G1 F1920 X146.338 Y109.306 E1652.90297
G1 X146.338 Y108.806 E1652.91544
G1 X142.636 Y108.806 E1653.00779
G1 F2133.3 X142.443 Y108.611 E1653.01395
G1 F2400 X142.436 Y104.509 E1653.09581
G1 F2123.9 X142.592 Y104.307 E1653.10156
G1 F1912.4 X168.708 Y104.306 E1653.75564
G1 F2133.3 X168.908 Y104.507 E1653.762
G1 F2400 X168.901 Y108.611 E1653.8439
G1 F1500 E1647.3439
;MESH:NONMESH
G0 F300 X168.901 Y108.611 Z8.28
G0 F12000 X169.218 Y108.611
G0 X169.146 Y108.994
G0 X165.181 Y109.132
G0 X165.181 Y110.221
G0 X151.864 Y146.343
G0 X152.1 Y147.186
;TIME_ELAPSED:3200.723802
;LAYER:68
;TYPE:SUPPORT
G1 F1500 E1653.8439
G1 F2400 X153.671 Y146.748 E1653.87645
G1 X155.244 Y147.186 E1653.90903
G1 X156.377 Y148.387 E1653.94198
G1 X156.819 Y149.89 E1653.97325
G1 X156.381 Y151.463 E1654.00583
G1 X155.239 Y152.601 E1654.038
G1 X153.67 Y153.04 E1654.07052
G1 X152.17 Y152.602 E1654.1017
G1 X150.962 Y151.394 E1654.13579
G1 X150.521 Y149.892 E1654.16703
G1 X150.963 Y148.387 E1654.19834
G1 X152.1 Y147.186 E1654.23134
G1 F1500 E1647.73134
;MESH:9VBatteryHolder_v2.stl
G0 F12000 X151.472 Y146.593
G0 X150.196 Y147.945
G0 X149.624 Y149.894
G0 X150.141 Y151.656
G0 X152.1 Y155.891
G0 X152.1 Y156.986
G0 X142.672 Y157.556
;TYPE:WALL-INNER
G1 F1500 E1654.23134
G1 F2400 X168.672 Y157.556 E1654.7502
G1 F2352.9 X168.846 Y157.549 E1654.75374
G0 F12000 X169.369 Y157.253
G1 F2436.5 X168.846 Y157.549 E1654.76556
G1 X169.686 Y157.57 E1654.78207
G1 F2442.7 X169.665 Y156.73 E1654.79855
G1 X169.369 Y157.253 E1654.81033
G0 F12000 X169.665 Y156.73
G1 F2358.7 X169.672 Y156.556 E1654.81387
G1 F2400 X169.672 Y112.556 E1655.69193
G1 F1500 E1649.19193
G0 F12000 X169.511 Y157.394
G0 X141.835 Y157.394
G0 X141.672 Y112.556
G1 F1500 E1655.69193
G1 F2400 X141.672 Y156.556 E1656.57
G1 F2352.9 X141.679 Y156.73 E1656.57355
G0 F12000 X141.975 Y157.253
G1 F2436.5 X141.679 Y156.73 E1656.58536
G1 X141.658 Y157.57 E1656.60188
G1 F2487 X142.672 Y157.556 E1656.6214
G1 X141.975 Y157.253 E1656.63604
G0 F12000 X141.763 Y157.253
G0 X169.096 Y157.466
G0 X169.096 Y156.98
G1 F2400 X168.761 Y157.156 E1656.64359
G1 X142.672 Y157.156 E1657.16423
G1 X142.247 Y156.981 E1657.1734
G1 X142.072 Y156.645 E1657.18096
G1 X142.072 Y112.156 E1658.06879
G1 X141.272 Y112.156 E1658.08475
G1 X141.273 Y157.955 E1658.99872
G1 X170.072 Y157.956 E1659.57343
G1 X170.072 Y112.156 E1660.48742
G1 X169.272 Y112.156 E1660.50339
G1 X169.272 Y156.645 E1661.39121
G1 X169.096 Y156.98 E1661.39877
G0 F12000 X168.87 Y156.591
;TYPE:WALL-OUTER
G1 F2400 X168.814 Y156.698 E1661.40118
G1 X168.707 Y156.754 E1661.40359
G1 X142.672 Y156.756 E1661.92314
G1 X142.53 Y156.698 E1661.9262
G1 X142.474 Y156.591 E1661.92861
G1 X142.472 Y111.756 E1662.82334
G1 X140.872 Y111.756 E1662.85527
G1 X140.873 Y158.355 E1663.78521
G1 X170.472 Y158.356 E1664.37589
G1 X170.472 Y111.756 E1665.30584
G1 X168.872 Y111.756 E1665.33777
G1 X168.87 Y156.591 E1666.2325
G1 F1500 E1659.7325
G0 F12000 X169.183 Y156.591
G0 X169.097 Y111.98
G0 X168.008 Y111.98
G0 X159.201 Y109.13
G0 X158.286 Y109.306
G1 F1500 E1666.2325
G1 F1920 X153.058 Y109.306 E1666.36291
G1 X153.058 Y108.806 E1666.37539
G1 X158.286 Y108.806 E1666.5058
G1 X158.286 Y109.306 E1666.51827
G1 F1500 E1660.01827
G0 F12000 X158.057 Y109.076
G0 X159.201 Y108.978
G0 X164.145 Y108.982
G0 X169.692 Y108.557
;TYPE:WALL-INNER
G1 F1500 E1666.51827
G1 F2594.6 X169.673 Y104.145 E1666.59972
G1 F2566.8 X168.977 Y104.145 E1666.6127
G1 F2560 X169.319 Y104.399 E1666.62067
G1 F2580.6 X169.319 Y108.711 E1666.7007
G1 F2553.2 X169.034 Y108.966 E1666.70787
G1 F2513.1 X169.68 Y108.965 E1666.72018
G1 F2566.8 X169.692 Y108.557 E1666.7278
G1 F1500 E1660.2278
G0 F12000 X169.178 Y104.118
G0 X142.168 Y104.118
G0 X142.021 Y108.71
G1 F1500 E1666.7278
G1 F2566.8 X142.024 Y104.401 E1666.8082
G1 F2553.2 X142.314 Y104.144 E1666.81547
G1 F2533 X141.662 Y104.145 E1666.8278
G1 F2580.6 X141.655 Y108.556 E1666.90966
G1 F2566.8 X141.664 Y108.966 E1666.91732
G1 F2519.7 X142.363 Y108.966 E1666.9306
G1 F2539.7 X142.021 Y108.71 E1666.93866
G1 F1500 E1660.43866
G0 F12000 X142.168 Y104.118
G0 X169.178 Y104.118
G0 X169.25 Y108.612
G0 X168.933 Y108.612
;TYPE:WALL-OUTER
G1 F1500 E1666.93866
G1 F2123.9 X168.784 Y108.805 E1666.94416
G1 F1912.4 X165.058 Y108.806 E1667.03747
G1 F1920 X165.058 Y109.306 E1667.04995
G1 F1912.4 X168.827 Y109.304 E1667.14434
G1 F2123.9 X169.491 Y109.356 E1667.15936
G1 F2400 X170.069 Y109.356 E1667.1709
G1 X170.075 Y108.437 E1667.18924
G1 X170.056 Y104.553 E1667.26675
G1 X170.081 Y103.757 E1667.28264
G1 X169.485 Y103.757 E1667.29453
G1 F2133.3 X168.74 Y103.806 E1667.31129
G1 F1912.4 X142.517 Y103.808 E1667.96805
G1 F2123.9 X141.857 Y103.756 E1667.98298
G1 F2400 X141.262 Y103.756 E1667.99485
G1 X141.284 Y104.554 E1668.01078
G1 X141.276 Y109.356 E1668.10661
G1 X141.854 Y109.356 E1668.11814
G1 F2133.3 X142.604 Y109.306 E1668.13502
G1 F1920 X146.286 Y109.306 E1668.22687
G1 X146.286 Y108.806 E1668.23934
G1 X142.604 Y108.806 E1668.33119
G1 F2133.3 X142.404 Y108.606 E1668.33754
G1 F2400 X142.404 Y104.509 E1668.4193
G1 F2123.9 X142.56 Y104.307 E1668.42505
G1 F1912.4 X168.74 Y104.306 E1669.08073
G1 F2133.3 X168.94 Y104.506 E1669.08708
G1 F2400 X168.933 Y108.612 E1669.16902
G1 F1500 E1662.66902
;MESH:NONMESH
G0 F300 X168.933 Y108.612 Z8.4
G0 F12000 X169.25 Y108.612
G0 X169.178 Y108.994
G0 X165.234 Y109.132
G0 X165.234 Y110.221
G0 X151.874 Y146.354
G0 X152.112 Y147.202
;TIME_ELAPSED:3233.289348
;LAYER:69
;TYPE:SUPPORT
G1 F1500 E1669.16902
G1 F2400 X153.672 Y146.76 E1669.20137
G1 X155.232 Y147.202 E1669.23373
G1 X156.369 Y148.399 E1669.26668
G1 X156.803 Y149.89 E1669.29767
G1 X156.365 Y151.455 E1669.3301
G1 X155.231 Y152.585 E1669.36205
G1 X153.669 Y153.024 E1669.39443
G1 X152.178 Y152.59 E1669.42541
G1 X150.974 Y151.386 E1669.45939
G1 X150.537 Y149.893 E1669.49044
G1 X150.975 Y148.399 E1669.52151
G1 X152.112 Y147.202 E1669.55445
G1 F1500 E1663.05445
;MESH:9VBatteryHolder_v2.stl
G0 F12000 X151.482 Y146.606
G0 X150.207 Y147.954
G0 X149.639 Y149.894
G0 X150.154 Y151.65
G0 X152.112 Y155.891
G0 X152.112 Y156.986
G0 X142.672 Y157.556
;TYPE:WALL-INNER
G1 F1500 E1669.55445
G1 F2400 X168.672 Y157.556 E1670.07331
G1 F2352.9 X168.846 Y157.549 E1670.07686
G0 F12000 X169.369 Y157.253
G1 F2436.5 X168.846 Y157.549 E1670.08867
G1 X169.686 Y157.57 E1670.10519
G1 F2442.7 X169.665 Y156.73 E1670.12166
G1 X169.369 Y157.253 E1670.13344
G0 F12000 X169.665 Y156.73
G1 F2358.7 X169.672 Y156.556 E1670.13698
G1 F2400 X169.672 Y112.556 E1671.01505
G1 F1500 E1664.51505
G0 F12000 X169.511 Y157.394
G0 X141.835 Y157.394
G0 X141.672 Y112.556
G1 F1500 E1671.01505
G1 F2400 X141.672 Y156.556 E1671.89312
G1 F2352.9 X141.679 Y156.73 E1671.89666
G0 F12000 X141.975 Y157.253
G1 F2436.5 X141.679 Y156.73 E1671.90847
G1 X141.658 Y157.57 E1671.92499
G1 F2487 X142.672 Y157.556 E1671.94452
G1 X141.975 Y157.253 E1671.95915
G0 F12000 X141.763 Y157.253
G0 X169.096 Y157.466
G0 X169.096 Y156.98
G1 F2400 X168.761 Y157.156 E1671.96671
G1 X142.672 Y157.156 E1672.48734
G1 X142.247 Y156.981 E1672.49651
G1 X142.072 Y156.645 E1672.50407
G1 X142.072 Y112.156 E1673.3919
G1 X141.272 Y112.156 E1673.40786
G1 X141.273 Y157.955 E1674.32183
G1 X170.072 Y157.956 E1674.89655
G1 X170.072 Y112.156 E1675.81054
G1 X169.272 Y112.156 E1675.8265
G1 X169.272 Y156.645 E1676.71433
G1 X169.096 Y156.98 E1676.72188
G0 F12000 X168.87 Y156.591
;TYPE:WALL-OUTER
G1 F2400 X168.814 Y156.698 E1676.72429
G1 X168.707 Y156.754 E1676.7267
G1 X142.672 Y156.756 E1677.24626
G1 X142.53 Y156.698 E1677.24932
G1 X142.474 Y156.591 E1677.25173
G1 X142.472 Y111.756 E1678.14646
G1 X140.872 Y111.756 E1678.17839
G1 X140.873 Y158.355 E1679.10832
G1 X170.472 Y158.356 E1679.699
G1 X170.472 Y111.756 E1680.62895
G1 X168.872 Y111.756 E1680.66088
G1 X168.87 Y156.591 E1681.55561
G1 F1500 E1675.05561
G0 F12000 X169.183 Y156.591
G0 X169.097 Y111.98
G0 X168.008 Y111.98
G0 X159.156 Y109.13
G0 X158.241 Y109.306
G1 F1500 E1681.55561
G1 F1920 X153.102 Y109.306 E1681.68381
G1 X153.102 Y108.806 E1681.69628
G1 X158.239 Y108.806 E1681.82442
G1 X158.241 Y109.306 E1681.8369
G1 F1500 E1675.3369
G0 F12000 X158.012 Y109.076
G0 X159.156 Y108.978
G0 X164.203 Y110.209
G0 X169.196 Y110.221
G0 X169.712 Y107.92
;TYPE:WALL-INNER
G1 F1500 E1681.8369
G1 F2651.9 X169.695 Y104.143 E1681.90511
G1 F2608.7 X169.006 Y104.143 E1681.91776
G1 F2594.6 X169.348 Y104.394 E1681.92559
G1 F2630.1 X169.346 Y108.716 E1682.00429
G1 F2608.7 X169.059 Y108.97 E1682.01133
G1 F2566.8 X169.699 Y108.968 E1682.02327
G1 F2623 X169.712 Y107.92 E1682.04241
G1 F1500 E1675.54241
G0 F12000 X169.21 Y104.118
G0 X142.136 Y104.118
G0 X141.632 Y107.927
G1 F1500 E1682.04241
G1 F2615.8 X141.645 Y108.968 E1682.06147
G1 F2566.8 X142.336 Y108.968 E1682.07437
G1 F2580.6 X141.993 Y108.714 E1682.08229
G1 F2608.7 X141.995 Y104.397 E1682.16154
G1 F2594.6 X142.285 Y104.142 E1682.16867
G1 F2566.8 X141.64 Y104.143 E1682.18071
G1 F2615.8 X141.632 Y107.927 E1682.24999
G1 F1500 E1675.74999
G0 F12000 X142.136 Y104.118
G0 X169.21 Y104.118
G0 X169.282 Y108.615
G0 X168.964 Y108.615
;TYPE:WALL-OUTER
G1 F1500 E1682.24999
G1 F2123.9 X168.816 Y108.805 E1682.25542
G1 F1912.4 X165.102 Y108.806 E1682.34844
G1 F1920 X165.102 Y109.306 E1682.36091
G1 F1912.4 X168.859 Y109.304 E1682.45501
G1 F2123.9 X169.513 Y109.355 E1682.4698
G1 F2400 X170.084 Y109.355 E1682.48119
G1 X170.091 Y107.918 E1682.50987
G1 X170.076 Y104.553 E1682.57702
G1 X170.101 Y103.757 E1682.59292
G1 X169.51 Y103.757 E1682.60471
G1 F2133.3 X168.772 Y103.806 E1682.62132
G1 F1912.4 X142.485 Y103.808 E1683.27967
G1 F2123.9 X141.832 Y103.756 E1683.29444
G1 F2400 X141.242 Y103.756 E1683.30622
G1 X141.264 Y104.554 E1683.32215
G1 X141.252 Y107.929 E1683.3895
G1 X141.26 Y109.355 E1683.41796
G1 X141.831 Y109.355 E1683.42935
G1 F2133.3 X142.572 Y109.306 E1683.44603
G1 F1920 X146.241 Y109.306 E1683.53755
G1 X146.239 Y108.806 E1683.55002
G1 X142.572 Y108.806 E1683.64149
G1 F2133.3 X142.372 Y108.607 E1683.64783
G1 F2400 X142.372 Y104.507 E1683.72965
G1 F2123.9 X142.528 Y104.307 E1683.73537
G1 F1912.4 X168.772 Y104.306 E1684.39265
G1 F2133.3 X168.972 Y104.505 E1684.39898
G1 F2400 X168.964 Y108.615 E1684.481
G1 F1500 E1677.981
;MESH:NONMESH
G0 F300 X168.964 Y108.615 Z8.52
G0 F12000 X169.282 Y108.615
G0 X169.21 Y108.994
G0 X165.279 Y109.132
G0 X165.279 Y110.221
G0 X151.879 Y146.368
G0 X152.116 Y147.214
;TIME_ELAPSED:3265.974853
;LAYER:70
;TYPE:SUPPORT
G1 F1500 E1684.481
G1 F2400 X153.671 Y146.776 E1684.51324
G1 X155.224 Y147.214 E1684.54544
G1 X156.357 Y148.403 E1684.57822
G1 X156.791 Y149.89 E1684.60913
G1 X156.353 Y151.447 E1684.64141
G1 X155.227 Y152.573 E1684.67318
G1 X153.669 Y153.012 E1684.70549
G1 X152.182 Y152.578 E1684.7364
G1 X150.986 Y151.382 E1684.77015
G1 X150.549 Y149.893 E1684.80112
G1 X150.987 Y148.403 E1684.83211
G1 X152.116 Y147.214 E1684.86483
G1 F1500 E1678.36483
;MESH:9VBatteryHolder_v2.stl
G0 F12000 X151.488 Y146.619
G0 X150.219 Y147.959
G0 X149.653 Y149.894
G0 X150.166 Y151.644
G0 X152.116 Y155.891
G0 X152.116 Y156.986
G0 X142.672 Y157.556
;TYPE:WALL-INNER
G1 F1500 E1684.86483
G1 F2400 X168.672 Y157.556 E1685.38369
G1 F2352.9 X168.846 Y157.549 E1685.38724
G0 F12000 X169.369 Y157.253
G1 F2436.5 X168.846 Y157.549 E1685.39905
G1 X169.686 Y157.57 E1685.41557
G1 F2442.7 X169.665 Y156.73 E1685.43204
G1 X169.369 Y157.253 E1685.44382
G0 F12000 X169.665 Y156.73
G1 F2358.7 X169.672 Y156.556 E1685.44736
G1 F2400 X169.672 Y112.556 E1686.32543
G1 F1500 E1679.82543
G0 F12000 X169.511 Y157.394
G0 X141.835 Y157.394
G0 X141.672 Y112.556
G1 F1500 E1686.32543
G1 F2400 X141.672 Y156.556 E1687.2035
G1 F2352.9 X141.679 Y156.73 E1687.20704
G0 F12000 X141.975 Y157.253
G1 F2436.5 X141.679 Y156.73 E1687.21885
G1 X141.658 Y157.57 E1687.23537
G1 F2487 X142.672 Y157.556 E1687.2549
G1 X141.975 Y157.253 E1687.26953
G0 F12000 X141.763 Y157.253
G0 X169.096 Y157.466
G0 X169.096 Y156.98
G1 F2400 X168.761 Y157.156 E1687.27709
G1 X142.672 Y157.156 E1687.79772
G1 X142.247 Y156.981 E1687.80689
G1 X142.072 Y156.645 E1687.81445
G1 X142.072 Y112.156 E1688.70228
G1 X141.272 Y112.156 E1688.71824
G1 X141.273 Y157.955 E1689.63221
G1 X170.072 Y157.956 E1690.20693
G1 X170.072 Y112.156 E1691.12092
G1 X169.272 Y112.156 E1691.13688
G1 X169.272 Y156.645 E1692.02471
G1 X169.096 Y156.98 E1692.03226
G0 F12000 X168.87 Y156.591
;TYPE:WALL-OUTER
G1 F2400 X168.814 Y156.698 E1692.03467
G1 X168.707 Y156.754 E1692.03708
G1 X142.672 Y156.756 E1692.55664
G1 X142.53 Y156.698 E1692.5597
G1 X142.474 Y156.591 E1692.56211
G1 X142.472 Y111.756 E1693.45684
G1 X140.872 Y111.756 E1693.48877
G1 X140.873 Y158.355 E1694.4187
G1 X170.472 Y158.356 E1695.00938
G1 X170.472 Y111.756 E1695.93933
G1 X168.872 Y111.756 E1695.97126
G1 X168.87 Y156.591 E1696.86599
G1 F1500 E1690.36599
G0 F12000 X169.183 Y156.591
G0 X169.097 Y111.98
G0 X168.008 Y111.98
G0 X159.111 Y109.13
G0 X158.194 Y109.306
G1 F1500 E1696.86599
G1 F1920 X153.146 Y109.306 E1696.99192
G1 X153.146 Y108.806 E1697.00439
G1 X158.194 Y108.806 E1697.13031
G1 X158.194 Y109.306 E1697.14279
G1 F1500 E1690.64279
G0 F12000 X157.967 Y109.076
G0 X159.111 Y108.978
G0 X164.235 Y108.982
G0 X169.729 Y108.556
;TYPE:WALL-INNER
G1 F1500 E1697.14279
G1 F2681.6 X169.723 Y104.14 E1697.22166
G1 F2623 X169.033 Y104.14 E1697.23426
G1 F2637.4 X169.377 Y104.39 E1697.24198
G1 F2681.6 X169.375 Y108.721 E1697.31934
G1 F2651.9 X169.083 Y108.974 E1697.32631
G1 F2615.8 X169.718 Y108.973 E1697.33794
G1 F2681.6 X169.729 Y108.556 E1697.34539
G1 F1500 E1690.84539
G0 F12000 X169.242 Y104.118
G0 X142.104 Y104.118
G0 X141.612 Y107.408
G1 F1500 E1697.34539
G1 F2666.7 X141.626 Y108.973 E1697.3735
G1 F2615.8 X142.312 Y108.973 E1697.38606
G1 F2637.4 X141.965 Y108.72 E1697.39386
G1 F2666.7 X141.967 Y104.394 E1697.47156
G1 F2651.9 X142.261 Y104.138 E1697.4786
G1 F2644.6 X141.626 Y104.14 E1697.4901
G1 F2696.6 X141.612 Y107.408 E1697.54814
G1 F1500 E1691.04814
G0 F12000 X142.104 Y104.118
G0 X169.242 Y104.118
G0 X169.314 Y108.608
G0 X169.002 Y108.608
;TYPE:WALL-OUTER
G1 F1500 E1697.54814
G1 F2123.9 X168.848 Y108.805 E1697.55378
G1 F1912.4 X165.147 Y108.806 E1697.64647
G1 F1920 X165.149 Y109.306 E1697.65894
G1 F1912.4 X168.891 Y109.304 E1697.75266
G1 F2123.9 X169.535 Y109.356 E1697.76723
G1 F2400 X170.1 Y109.356 E1697.7785
G1 X170.107 Y107.402 E1697.8175
G1 X170.096 Y104.554 E1697.87433
G1 X170.117 Y103.757 E1697.89024
G1 X169.535 Y103.757 E1697.90186
G1 F2133.3 X168.804 Y103.806 E1697.91831
G1 F1912.4 X142.453 Y103.808 E1698.57827
G1 F2123.9 X141.809 Y103.757 E1698.59283
G1 F2400 X141.227 Y103.756 E1698.60445
G1 X141.248 Y104.554 E1698.62038
G1 X141.236 Y107.409 E1698.67735
G1 X141.244 Y109.356 E1698.71621
G1 X141.809 Y109.356 E1698.72748
G1 F2133.3 X142.54 Y109.306 E1698.74393
G1 F1920 X146.194 Y109.306 E1698.83508
G1 X146.194 Y108.806 E1698.84755
G1 X142.54 Y108.806 E1698.9387
G1 F2133.3 X142.34 Y108.608 E1698.94502
G1 F2400 X142.34 Y104.507 E1699.02686
G1 F2123.9 X142.496 Y104.307 E1699.03258
G1 F1912.4 X168.804 Y104.306 E1699.69146
G1 F2133.3 X169.004 Y104.504 E1699.69778
G1 F2400 X169.002 Y108.608 E1699.77968
G1 F1500 E1693.27968
;MESH:NONMESH
G0 F300 X169.002 Y108.608 Z8.64
G0 F12000 X169.314 Y108.608
G0 X169.242 Y108.994
G0 X165.324 Y109.132
G0 X165.324 Y110.221
G0 X151.883 Y146.381
G0 X152.12 Y147.226
;TIME_ELAPSED:3298.507808
;LAYER:71
;TYPE:SUPPORT
G1 F1500 E1699.77968
G1 F2400 X153.672 Y146.792 E1699.81184
G1 X155.224 Y147.226 E1699.844
G1 X156.341 Y148.407 E1699.87644
G1 X156.775 Y149.89 E1699.90728
G1 X156.341 Y151.439 E1699.93938
G1 X155.219 Y152.561 E1699.97104
G1 X153.67 Y152.995 E1700.00315
G1 X152.19 Y152.562 E1700.03392
G1 X151.002 Y151.374 E1700.06745
G1 X150.565 Y149.892 E1700.09828
G1 X151.003 Y148.407 E1700.12918
G1 X152.12 Y147.226 E1700.16162
G1 F1500 E1693.66162
;MESH:9VBatteryHolder_v2.stl
G0 F12000 X151.492 Y146.634
G0 X150.234 Y147.966
G0 X149.668 Y149.894
G0 X150.179 Y151.637
G0 X152.12 Y155.891
G0 X152.12 Y156.986
G0 X142.672 Y157.556
;TYPE:WALL-INNER
G1 F1500 E1700.16162
G1 F2400 X168.672 Y157.556 E1700.68048
G1 F2352.9 X168.846 Y157.549 E1700.68402
G0 F12000 X169.369 Y157.253
G1 F2436.5 X168.846 Y157.549 E1700.69583
G1 X169.686 Y157.57 E1700.71235
G1 F2442.7 X169.665 Y156.73 E1700.72883
G1 X169.369 Y157.253 E1700.74061
G0 F12000 X169.665 Y156.73
G1 F2358.7 X169.672 Y156.556 E1700.74414
G1 F2400 X169.672 Y112.556 E1701.62221
G1 F1500 E1695.12221
G0 F12000 X169.511 Y157.394
G0 X141.835 Y157.394
G0 X141.672 Y112.556
G1 F1500 E1701.62221
G1 F2400 X141.672 Y156.556 E1702.50028
G1 F2352.9 X141.679 Y156.73 E1702.50382
G0 F12000 X141.975 Y157.253
G1 F2436.5 X141.679 Y156.73 E1702.51564
G1 X141.658 Y157.57 E1702.53215
G1 F2487 X142.672 Y157.556 E1702.55168
G1 X141.975 Y157.253 E1702.56632
G0 F12000 X141.763 Y157.253
G0 X169.096 Y157.466
G0 X169.096 Y156.98
G1 F2400 X168.761 Y157.156 E1702.57387
G1 X142.672 Y157.156 E1703.09451
G1 X142.247 Y156.981 E1703.10368
G1 X142.072 Y156.645 E1703.11124
G1 X142.072 Y112.156 E1703.99906
G1 X141.272 Y112.156 E1704.01503
G1 X141.273 Y157.955 E1704.929
G1 X170.072 Y157.956 E1705.50371
G1 X170.072 Y112.156 E1706.4177
G1 X169.272 Y112.156 E1706.43367
G1 X169.272 Y156.645 E1707.32149
G1 X169.096 Y156.98 E1707.32904
G0 F12000 X168.87 Y156.591
;TYPE:WALL-OUTER
G1 F2400 X168.814 Y156.698 E1707.33145
G1 X168.707 Y156.754 E1707.33386
G1 X142.672 Y156.756 E1707.85342
G1 X142.53 Y156.698 E1707.85648
G1 X142.474 Y156.591 E1707.85889
G1 X142.472 Y111.756 E1708.75362
G1 X140.872 Y111.756 E1708.78555
G1 X140.873 Y158.355 E1709.71549
G1 X170.472 Y158.356 E1710.30617
G1 X170.472 Y111.756 E1711.23612
G1 X168.872 Y111.756 E1711.26805
G1 X168.87 Y156.591 E1712.16278
G1 F1500 E1705.66278
G0 F12000 X169.183 Y156.591
G0 X169.097 Y111.98
G0 X168.008 Y111.98
G0 X159.065 Y109.13
G0 X158.15 Y109.306
G1 F1500 E1712.16278
G1 F1920 X153.194 Y109.306 E1712.28641
G1 X153.194 Y108.806 E1712.29888
G1 X158.15 Y108.806 E1712.42251
G1 X158.15 Y109.306 E1712.43498
G1 F1500 E1705.93498
G0 F12000 X157.921 Y109.076
G0 X159.065 Y108.978
G0 X164.294 Y110.209
G0 X169.245 Y110.221
G0 X169.748 Y106.884
;TYPE:WALL-INNER
G1 F1500 E1712.43498
G1 F2666.7 X169.742 Y104.141 E1712.48425
G1 F2608.7 X169.05 Y104.141 E1712.49695
G1 F2630.1 X169.394 Y104.392 E1712.50471
G1 F2666.7 X169.39 Y108.722 E1712.58247
G1 F2651.9 X169.099 Y108.974 E1712.58943
G1 F2623 X169.731 Y108.973 E1712.60097
G1 F2689.1 X169.742 Y108.556 E1712.6084
G1 F2742.9 X169.748 Y106.884 E1712.63759
G1 F1500 E1706.13759
G0 F12000 X169.259 Y104.118
G0 X142.086 Y104.118
G0 X141.596 Y106.892
G1 F1500 E1712.63759
G1 F2674.1 X141.613 Y108.973 E1712.67487
G1 F2623 X142.296 Y108.973 E1712.68734
G1 F2637.4 X141.95 Y108.721 E1712.69511
G1 F2666.7 X141.95 Y104.395 E1712.77281
G1 F2637.4 X142.243 Y104.139 E1712.77987
G1 F2601.6 X141.601 Y104.14 E1712.79169
G1 F2666.7 X141.596 Y106.892 E1712.84112
G1 F1500 E1706.34112
G0 F12000 X142.086 Y104.118
G0 X169.259 Y104.118
G0 X169.331 Y108.609
G0 X169.018 Y108.609
;TYPE:WALL-OUTER
G1 F1500 E1712.84112
G1 F2123.9 X168.864 Y108.805 E1712.84674
G1 F1912.4 X165.194 Y108.806 E1712.93865
G1 F1920 X165.194 Y109.306 E1712.95113
G1 F1912.4 X168.907 Y109.304 E1713.04412
G1 F2123.9 X169.549 Y109.356 E1713.05864
G1 F2400 X170.112 Y109.356 E1713.06988
G1 X170.124 Y106.883 E1713.11923
G1 X170.116 Y104.554 E1713.16571
G1 X170.137 Y103.756 E1713.18164
G1 X169.553 Y103.757 E1713.19329
G1 F2133.3 X168.82 Y103.806 E1713.20979
G1 F1912.4 X142.437 Y103.808 E1713.87055
G1 F2123.9 X141.791 Y103.756 E1713.88516
G1 F2400 X141.206 Y103.756 E1713.89683
G1 X141.228 Y104.554 E1713.91277
G1 X141.22 Y106.894 E1713.95946
G1 X141.232 Y109.356 E1714.0086
G1 X141.795 Y109.356 E1714.01983
G1 F2133.3 X142.524 Y109.306 E1714.03624
G1 F1920 X146.15 Y109.306 E1714.12669
G1 X146.15 Y108.806 E1714.13916
G1 X142.524 Y108.806 E1714.22961
G1 F2133.3 X142.324 Y108.609 E1714.23591
G1 F2400 X142.324 Y104.507 E1714.31777
G1 F2123.9 X142.48 Y104.307 E1714.32349
G1 F1912.4 X168.82 Y104.306 E1714.98317
G1 F2133.3 X169.02 Y104.504 E1714.98949
G1 F2400 X169.018 Y108.609 E1715.07141
G1 F1500 E1708.57141
;MESH:NONMESH
G0 F300 X169.018 Y108.609 Z8.76
G0 F12000 X169.331 Y108.609
G0 X169.259 Y108.994
G0 X165.37 Y109.132
G0 X165.37 Y110.221
G0 X151.895 Y146.392
G0 X152.132 Y147.238
;TIME_ELAPSED:3331.148080
;LAYER:72
;TYPE:SUPPORT
G1 F1500 E1715.07141
G1 F2400 X153.672 Y146.804 E1715.10334
G1 X155.212 Y147.238 E1715.13527
G1 X156.333 Y148.419 E1715.16777
G1 X156.76 Y149.89 E1715.19833
G1 X156.329 Y151.431 E1715.23027
G1 X155.211 Y152.549 E1715.26182
G1 X153.67 Y152.98 E1715.29375
G1 X152.198 Y152.55 E1715.32435
G1 X151.014 Y151.366 E1715.35777
G1 X150.581 Y149.891 E1715.38845
G1 X151.011 Y148.419 E1715.41905
G1 X152.132 Y147.238 E1715.45154
G1 F1500 E1708.95154
;MESH:9VBatteryHolder_v2.stl
G0 F12000 X151.504 Y146.644
G0 X150.245 Y147.974
G0 X149.683 Y149.894
G0 X150.192 Y151.631
G0 X152.132 Y155.891
G0 X152.132 Y156.986
G0 X142.672 Y157.556
;TYPE:WALL-INNER
G1 F1500 E1715.45154
G1 F2400 X168.672 Y157.556 E1715.9704
G1 F2352.9 X168.846 Y157.549 E1715.97395
G0 F12000 X169.369 Y157.253
G1 F2436.5 X168.846 Y157.549 E1715.98576
G1 X169.686 Y157.57 E1716.00228
G1 F2442.7 X169.665 Y156.73 E1716.01875
G1 X169.369 Y157.253 E1716.03053
G0 F12000 X169.665 Y156.73
G1 F2358.7 X169.672 Y156.556 E1716.03407
G1 F2400 X169.672 Y112.556 E1716.91214
G1 F1500 E1710.41214
G0 F12000 X169.511 Y157.394
G0 X141.835 Y157.394
G0 X141.672 Y112.556
G1 F1500 E1716.91214
G1 F2400 X141.672 Y156.556 E1717.79021
G1 F2352.9 X141.679 Y156.73 E1717.79375
G0 F12000 X141.975 Y157.253
G1 F2436.5 X141.679 Y156.73 E1717.80556
G1 X141.658 Y157.57 E1717.82208
G1 F2487 X142.672 Y157.556 E1717.84161
G1 X141.975 Y157.253 E1717.85624
G0 F12000 X141.763 Y157.253
G0 X169.096 Y157.466
G0 X169.096 Y156.98
G1 F2400 X168.761 Y157.156 E1717.8638
G1 X142.672 Y157.156 E1718.38443
G1 X142.247 Y156.981 E1718.3936
G1 X142.072 Y156.645 E1718.40116
G1 X142.072 Y112.156 E1719.28899
G1 X141.272 Y112.156 E1719.30495
G1 X141.273 Y157.955 E1720.21892
G1 X170.072 Y157.956 E1720.79364
G1 X170.072 Y112.156 E1721.70763
G1 X169.272 Y112.156 E1721.72359
G1 X169.272 Y156.645 E1722.61142
G1 X169.096 Y156.98 E1722.61897
G0 F12000 X168.87 Y156.591
;TYPE:WALL-OUTER
G1 F2400 X168.814 Y156.698 E1722.62138
G1 X168.707 Y156.754 E1722.62379
G1 X142.672 Y156.756 E1723.14335
G1 X142.53 Y156.698 E1723.14641
G1 X142.474 Y156.591 E1723.14882
G1 X142.472 Y111.756 E1724.04355
G1 X140.872 Y111.756 E1724.07548
G1 X140.873 Y158.355 E1725.00541
G1 X170.472 Y158.356 E1725.59609
G1 X170.472 Y111.756 E1726.52604
G1 X168.872 Y111.756 E1726.55797
G1 X168.87 Y156.591 E1727.45271
G1 F1500 E1720.95271
G0 F12000 X169.183 Y156.591
G0 X169.097 Y111.98
G0 X168.008 Y111.98
G0 X159.02 Y109.13
G0 X158.105 Y109.306
G1 F1500 E1727.45271
G1 F1920 X153.238 Y109.306 E1727.57411
G1 X153.238 Y108.806 E1727.58659
G1 X158.103 Y108.806 E1727.70794
G1 X158.105 Y109.306 E1727.72042
G1 F1500 E1721.22042
G0 F12000 X157.876 Y109.076
G0 X159.02 Y108.978
G0 X164.339 Y110.209
G0 X169.255 Y110.221
G0 X169.762 Y106.368
;TYPE:WALL-INNER
G1 F1500 E1727.72042
G1 F2666.7 X169.751 Y104.143 E1727.76038
G1 F2608.7 X169.062 Y104.143 E1727.77303
G1 F2601.6 X169.404 Y104.394 E1727.78084
G1 F2644.6 X169.4 Y108.721 E1727.8592
G1 F2637.4 X169.11 Y108.973 E1727.86618
G1 F2608.7 X169.745 Y108.971 E1727.87784
G1 F2666.7 X169.756 Y108.556 E1727.88529
G1 F2711.9 X169.762 Y106.368 E1727.92393
G1 F1500 E1721.42393
G0 F12000 X169.269 Y104.118
G0 X142.076 Y104.118
G0 X141.937 Y108.72
G1 F1500 E1727.92393
G1 F2651.9 X141.936 Y104.395 E1728.00205
G1 F2623 X142.227 Y104.141 E1728.0091
G1 F2580.6 X141.584 Y104.142 E1728.02103
G1 F2637.4 X141.59 Y108.689 E1728.10361
G1 F2651.9 X141.598 Y108.973 E1728.10874
G1 F2615.8 X142.284 Y108.973 E1728.1213
G1 F2623 X141.937 Y108.72 E1728.12914
G1 F1500 E1721.62914
G0 F12000 X142.076 Y104.118
G0 X169.269 Y104.118
G0 X169.341 Y108.617
G0 X169.02 Y108.617
;TYPE:WALL-OUTER
G1 F1500 E1728.12914
G1 F2123.9 X168.872 Y108.805 E1728.13453
G1 F1912.4 X165.238 Y108.806 E1728.22555
G1 F1920 X165.238 Y109.306 E1728.23802
G1 F1912.4 X168.915 Y109.304 E1728.33011
G1 F2123.9 X169.562 Y109.355 E1728.34475
G1 F2400 X170.128 Y109.355 E1728.35604
G1 X170.14 Y106.366 E1728.41569
G1 X170.132 Y104.553 E1728.45187
G1 X170.147 Y104.062 E1728.46167
G1 X170.135 Y103.757 E1728.46776
G1 X169.566 Y103.757 E1728.47912
G1 F2133.3 X168.828 Y103.806 E1728.49572
G1 F1912.4 X142.425 Y103.808 E1729.15698
G1 F2123.9 X141.774 Y103.756 E1729.17171
G1 F2400 X141.209 Y103.756 E1729.18299
G1 X141.196 Y104.094 E1729.18974
G1 X141.208 Y104.555 E1729.19894
G1 X141.204 Y106.372 E1729.2352
G1 X141.216 Y109.356 E1729.29475
G1 X141.781 Y109.356 E1729.30603
G1 F2133.3 X142.512 Y109.306 E1729.32247
G1 F1920 X146.105 Y109.306 E1729.4121
G1 X146.103 Y108.806 E1729.42458
G1 X142.512 Y108.806 E1729.51415
G1 F2133.3 X142.312 Y108.608 E1729.52047
G1 F2400 X142.312 Y104.506 E1729.60233
G1 F2123.9 X142.468 Y104.307 E1729.60803
G1 F1912.4 X168.828 Y104.306 E1730.26822
G1 F2133.3 X169.028 Y104.505 E1730.27455
G1 F2400 X169.02 Y108.617 E1730.35661
G1 F1500 E1723.85661
;MESH:NONMESH
G0 F300 X169.02 Y108.617 Z8.88
G0 F12000 X169.341 Y108.617
G0 X169.269 Y108.994
G0 X165.415 Y109.132
G0 X165.415 Y110.221
G0 X151.903 Y146.406
G0 X152.14 Y147.25
;TIME_ELAPSED:3363.814088
;LAYER:73
;TYPE:SUPPORT
G1 F1500 E1730.35661
G1 F2400 X153.672 Y146.82 E1730.38836
G1 X155.204 Y147.25 E1730.42012
G1 X156.321 Y148.427 E1730.4525
G1 X156.744 Y149.89 E1730.48289
G1 X156.317 Y151.423 E1730.51465
G1 X155.203 Y152.537 E1730.54609
G1 X153.67 Y152.967 E1730.57786
G1 X152.206 Y152.538 E1730.60831
G1 X151.026 Y151.358 E1730.64161
G1 X150.593 Y149.891 E1730.67213
G1 X151.023 Y148.427 E1730.70258
G1 X152.14 Y147.25 E1730.73496
G1 F1500 E1724.23496
;MESH:9VBatteryHolder_v2.stl
G0 F12000 X151.512 Y146.656
G0 X150.257 Y147.981
G0 X149.697 Y149.894
G0 X150.205 Y151.625
G0 X152.14 Y155.891
G0 X152.14 Y156.986
G0 X142.672 Y157.556
;TYPE:WALL-INNER
G1 F1500 E1730.73496
G1 F2400 X168.672 Y157.556 E1731.25382
G1 F2352.9 X168.846 Y157.549 E1731.25737
G0 F12000 X169.369 Y157.253
G1 F2436.5 X168.846 Y157.549 E1731.26918
G1 X169.686 Y157.57 E1731.2857
G1 F2442.7 X169.665 Y156.73 E1731.30217
G1 X169.369 Y157.253 E1731.31395
G0 F12000 X169.665 Y156.73
G1 F2358.7 X169.672 Y156.556 E1731.31749
G1 F2400 X169.672 Y112.556 E1732.19556
G1 F1500 E1725.69556
G0 F12000 X169.511 Y157.394
G0 X141.835 Y157.394
G0 X141.672 Y112.556
G1 F1500 E1732.19556
G1 F2400 X141.672 Y156.556 E1733.07363
G1 F2352.9 X141.679 Y156.73 E1733.07717
G0 F12000 X141.975 Y157.253
G1 F2436.5 X141.679 Y156.73 E1733.08898
G1 X141.658 Y157.57 E1733.1055
G1 F2487 X142.672 Y157.556 E1733.12503
G1 X141.975 Y157.253 E1733.13966
G0 F12000 X141.763 Y157.253
G0 X169.096 Y157.466
G0 X169.096 Y156.98
G1 F2400 X168.761 Y157.156 E1733.14722
G1 X142.672 Y157.156 E1733.66785
G1 X142.247 Y156.981 E1733.67702
G1 X142.072 Y156.645 E1733.68458
G1 X142.072 Y112.156 E1734.57241
G1 X141.272 Y112.156 E1734.58837
G1 X141.273 Y157.955 E1735.50234
G1 X170.072 Y157.956 E1736.07706
G1 X170.072 Y112.156 E1736.99105
G1 X169.272 Y112.156 E1737.00701
G1 X169.272 Y156.645 E1737.89484
G1 X169.096 Y156.98 E1737.90239
G0 F12000 X168.87 Y156.591
;TYPE:WALL-OUTER
G1 F2400 X168.814 Y156.698 E1737.9048
G1 X168.707 Y156.754 E1737.90721
G1 X142.672 Y156.756 E1738.42677
G1 X142.53 Y156.698 E1738.42983
G1 X142.474 Y156.591 E1738.43224
G1 X142.472 Y111.756 E1739.32697
G1 X140.872 Y111.756 E1739.3589
G1 X140.873 Y158.355 E1740.28883
G1 X170.472 Y158.356 E1740.87951
G1 X170.472 Y111.756 E1741.80946
G1 X168.872 Y111.756 E1741.84139
G1 X168.87 Y156.591 E1742.73612
G1 F1500 E1736.23612
G0 F12000 X169.183 Y156.591
G0 X169.097 Y111.98
G0 X168.008 Y111.98
G0 X158.974 Y109.13
G0 X158.058 Y109.306
G1 F1500 E1742.73612
G1 F1920 X153.286 Y109.306 E1742.85516
G1 X153.286 Y108.806 E1742.86764
G1 X158.058 Y108.806 E1742.98667
G1 X158.058 Y109.306 E1742.99915
G1 F1500 E1736.49915
G0 F12000 X157.83 Y109.076
G0 X158.974 Y108.978
G0 X164.372 Y108.982
G0 X169.768 Y108.556
;TYPE:WALL-INNER
G1 F1500 E1742.99915
G1 F2637.4 X169.773 Y104.144 E1743.07927
G1 F2560 X169.076 Y104.144 E1743.09231
G1 F2580.6 X169.418 Y104.397 E1743.1002
G1 F2630.1 X169.412 Y108.72 E1743.17893
G1 F2623 X169.121 Y108.973 E1743.18597
G1 F2601.6 X169.758 Y108.972 E1743.19769
G1 F2666.7 X169.768 Y108.556 E1743.20517
G1 F1500 E1736.70517
G0 F12000 X169.279 Y104.118
G0 X142.066 Y104.118
G0 X141.567 Y105.856
G1 F1500 E1743.20517
G1 F2666.7 X141.575 Y108.689 E1743.25605
G1 F2623 X141.583 Y108.971 E1743.2612
G1 F2587.6 X142.273 Y108.971 E1743.27397
G1 F2594.6 X141.927 Y108.717 E1743.28189
G1 F2623 X141.926 Y104.399 E1743.36074
G1 F2594.6 X142.216 Y104.143 E1743.36788
G1 F2553.2 X141.572 Y104.144 E1743.37996
G1 F2615.8 X141.567 Y105.856 E1743.41131
G1 F1500 E1736.91131
G0 F12000 X142.066 Y104.118
G0 X169.279 Y104.118
G0 X169.351 Y108.608
G0 X169.038 Y108.608
;TYPE:WALL-OUTER
G1 F1500 E1743.41131
G1 F2123.9 X168.884 Y108.805 E1743.41695
G1 F1912.4 X165.286 Y108.806 E1743.50706
G1 F1920 X165.286 Y109.306 E1743.51953
G1 F1912.4 X168.927 Y109.304 E1743.61072
G1 F2123.9 X169.574 Y109.356 E1743.62536
G1 F2400 X170.14 Y109.356 E1743.63665
G1 X170.156 Y105.851 E1743.7066
G1 X170.152 Y104.553 E1743.7325
G1 X170.163 Y104.193 E1743.73969
G1 X170.147 Y103.757 E1743.7484
G1 X169.583 Y103.757 E1743.75965
G1 F2133.3 X168.84 Y103.806 E1743.77637
G1 F1912.4 X142.417 Y103.808 E1744.43813
G1 F2123.9 X141.761 Y103.756 E1744.45297
G1 F2400 X141.198 Y103.756 E1744.4642
G1 X141.181 Y104.227 E1744.47361
G1 X141.192 Y104.554 E1744.48014
G1 X141.188 Y105.857 E1744.50614
G1 X141.2 Y109.356 E1744.57597
G1 X141.768 Y109.356 E1744.5873
G1 F2133.3 X142.504 Y109.306 E1744.60386
G1 F1920 X146.058 Y109.306 E1744.69252
G1 X146.058 Y108.806 E1744.70499
G1 X142.504 Y108.806 E1744.79365
G1 F2133.3 X142.304 Y108.607 E1744.79998
G1 F2400 X142.304 Y104.508 E1744.88178
G1 F2123.9 X142.46 Y104.307 E1744.88752
G1 F1912.4 X168.84 Y104.306 E1745.5482
G1 F2133.3 X169.04 Y104.506 E1745.55455
G1 F2400 X169.038 Y108.608 E1745.63641
G1 F1500 E1739.13641
;MESH:NONMESH
G0 F300 X169.038 Y108.608 Z9
G0 F12000 X169.351 Y108.608
G0 X169.279 Y108.994
G0 X165.461 Y109.132
G0 X165.461 Y110.221
G0 X151.907 Y146.419
G0 X152.144 Y147.262
;TIME_ELAPSED:3396.227317
;LAYER:74
;TYPE:SUPPORT
G1 F1500 E1745.63641
G1 F2400 X153.671 Y146.836 E1745.66805
G1 X155.2 Y147.262 E1745.69972
G1 X156.301 Y148.427 E1745.73171
G1 X156.731 Y149.89 E1745.76214
G1 X156.301 Y151.419 E1745.79384
G1 X155.195 Y152.525 E1745.82505
G1 X153.67 Y152.952 E1745.85666
G1 X152.214 Y152.526 E1745.88693
G1 X151.038 Y151.35 E1745.92012
G1 X150.609 Y149.891 E1745.95047
G1 X151.039 Y148.427 E1745.98092
G1 X152.144 Y147.262 E1746.01296
G1 F1500 E1739.51296
;MESH:9VBatteryHolder_v2.stl
G0 F12000 X151.516 Y146.669
G0 X150.272 Y147.987
G0 X149.712 Y149.894
G0 X150.218 Y151.618
G0 X152.144 Y155.891
G0 X152.144 Y156.986
G0 X142.672 Y157.556
;TYPE:WALL-INNER
G1 F1500 E1746.01296
G1 F2400 X168.672 Y157.556 E1746.53182
G1 F2352.9 X168.846 Y157.549 E1746.53537
G0 F12000 X169.369 Y157.253
G1 F2436.5 X168.846 Y157.549 E1746.54718
G1 X169.686 Y157.57 E1746.56369
G1 F2442.7 X169.665 Y156.73 E1746.58017
G1 X169.369 Y157.253 E1746.59195
G0 F12000 X169.665 Y156.73
G1 F2358.7 X169.672 Y156.556 E1746.59549
G1 F2400 X169.672 Y112.556 E1747.47356
G1 F1500 E1740.97356
G0 F12000 X169.511 Y157.394
G0 X141.835 Y157.394
G0 X141.672 Y112.556
G1 F1500 E1747.47356
G1 F2400 X141.672 Y156.556 E1748.35162
G1 F2352.9 X141.679 Y156.73 E1748.35517
G0 F12000 X141.975 Y157.253
G1 F2436.5 X141.679 Y156.73 E1748.36698
G1 X141.658 Y157.57 E1748.3835
G1 F2487 X142.672 Y157.556 E1748.40303
G1 X141.975 Y157.253 E1748.41766
G0 F12000 X141.763 Y157.253
G0 X169.096 Y157.466
G0 X169.096 Y156.98
G1 F2400 X168.761 Y157.156 E1748.42521
G1 X142.672 Y157.156 E1748.94585
G1 X142.247 Y156.981 E1748.95502
G1 X142.072 Y156.645 E1748.96258
G1 X142.072 Y112.156 E1749.85041
G1 X141.272 Y112.156 E1749.86637
G1 X141.273 Y157.955 E1750.78034
G1 X170.072 Y157.956 E1751.35506
G1 X170.072 Y112.156 E1752.26904
G1 X169.272 Y112.156 E1752.28501
G1 X169.272 Y156.645 E1753.17284
G1 X169.096 Y156.98 E1753.18039
G0 F12000 X168.87 Y156.591
;TYPE:WALL-OUTER
G1 F2400 X168.814 Y156.698 E1753.1828
G1 X168.707 Y156.754 E1753.18521
G1 X142.672 Y156.756 E1753.70476
G1 X142.53 Y156.698 E1753.70782
G1 X142.474 Y156.591 E1753.71023
G1 X142.472 Y111.756 E1754.60497
G1 X140.872 Y111.756 E1754.6369
G1 X140.873 Y158.355 E1755.56683
G1 X170.472 Y158.356 E1756.15751
G1 X170.472 Y111.756 E1757.08746
G1 X168.872 Y111.756 E1757.11939
G1 X168.87 Y156.591 E1758.01412
G1 F1500 E1751.51412
G0 F12000 X169.183 Y156.591
G0 X169.097 Y111.98
G0 X168.008 Y111.98
G0 X158.936 Y109.13
G0 X158.021 Y109.306
G1 F1500 E1758.01412
G1 F1920 X153.322 Y109.306 E1758.13134
G1 X153.322 Y108.806 E1758.14381
G1 X158.019 Y108.806 E1758.26098
G1 X158.021 Y109.306 E1758.27345
G1 F1500 E1751.77345
G0 F12000 X157.792 Y109.076
G0 X158.936 Y108.978
G0 X164.41 Y108.982
G0 X169.783 Y108.556
;TYPE:WALL-INNER
G1 F1500 E1758.27345
G1 F2689.1 X169.795 Y104.556 E1758.3447
G1 F2594.6 X169.779 Y104.145 E1758.35229
G1 F2539.7 X169.091 Y104.145 E1758.36526
G1 F2566.8 X169.433 Y104.399 E1758.37321
G1 F2608.7 X169.425 Y108.719 E1758.45253
G1 X169.135 Y108.972 E1758.45959
G1 F2594.6 X169.772 Y108.97 E1758.47135
G1 F2651.9 X169.783 Y108.556 E1758.47883
G1 F1500 E1751.97883
G0 F12000 X169.29 Y104.118
G0 X142.055 Y104.118
G0 X141.915 Y108.717
G1 F1500 E1758.47883
G1 F2623 X141.911 Y104.403 E1758.5576
G1 F2587.6 X142.204 Y104.143 E1758.56485
G1 F2546.4 X141.564 Y104.145 E1758.57689
G1 F2594.6 X141.549 Y104.556 E1758.58448
G1 F2623 X141.571 Y108.971 E1758.6651
G1 F2587.6 X142.261 Y108.971 E1758.67787
G1 F2594.6 X141.915 Y108.717 E1758.68579
G1 F1500 E1752.18579
G0 F12000 X142.055 Y104.118
G0 X169.29 Y104.118
G0 X169.362 Y108.616
G0 X169.044 Y108.616
;TYPE:WALL-OUTER
G1 F1500 E1758.68579
G1 F2123.9 X168.896 Y108.805 E1758.69121
G1 F1912.4 X165.322 Y108.806 E1758.78072
G1 F1920 X165.322 Y109.306 E1758.79319
G1 F1912.4 X168.939 Y109.304 E1758.88378
G1 F2123.9 X169.588 Y109.355 E1758.89846
G1 F2400 X170.156 Y109.355 E1758.90979
G1 X170.175 Y104.314 E1759.01039
G1 X170.154 Y103.756 E1759.02154
G1 X169.597 Y103.756 E1759.03265
G1 F2133.3 X168.852 Y103.806 E1759.04942
G1 F1912.4 X142.405 Y103.808 E1759.71178
G1 F2123.9 X141.747 Y103.757 E1759.72666
G1 F2400 X141.187 Y103.757 E1759.73784
G1 X141.168 Y104.359 E1759.74986
G1 X141.188 Y109.356 E1759.84958
G1 X141.756 Y109.356 E1759.86091
G1 F2133.3 X142.492 Y109.306 E1759.87747
G1 F1920 X146.021 Y109.306 E1759.9655
G1 X146.019 Y108.806 E1759.97798
G1 X142.492 Y108.806 E1760.06596
G1 F2133.3 X142.292 Y108.607 E1760.07229
G1 F2400 X142.292 Y104.508 E1760.15409
G1 F2123.9 X142.448 Y104.307 E1760.15983
G1 F1912.4 X168.852 Y104.306 E1760.82112
G1 F2133.3 X169.053 Y104.507 E1760.8275
G1 F2400 X169.044 Y108.616 E1760.9095
G1 F1500 E1754.4095
;MESH:NONMESH
G0 F300 X169.044 Y108.616 Z9.12
G0 F12000 X169.362 Y108.616
G0 X169.29 Y108.994
G0 X165.499 Y109.132
G0 X165.499 Y110.221
G0 X151.918 Y146.43
G0 X152.156 Y147.278
;TIME_ELAPSED:3428.735090
;LAYER:75
;TYPE:SUPPORT
G1 F1500 E1760.9095
G1 F2400 X153.672 Y146.848 E1760.94094
G1 X155.188 Y147.278 E1760.97239
G1 X156.293 Y148.439 E1761.00438
G1 X156.716 Y149.89 E1761.03454
G1 X156.289 Y151.411 E1761.06606
G1 X155.187 Y152.509 E1761.09711
G1 X153.669 Y152.936 E1761.12858
G1 X152.218 Y152.514 E1761.15873
G1 X151.05 Y151.346 E1761.1917
G1 X150.625 Y149.893 E1761.22191
G1 X151.051 Y148.439 E1761.25214
G1 X152.156 Y147.278 E1761.28413
G1 F1500 E1754.78413
;MESH:9VBatteryHolder_v2.stl
G0 F12000 X151.526 Y146.682
G0 X150.283 Y147.995
G0 X149.727 Y149.894
G0 X150.231 Y151.612
G0 X152.156 Y155.891
G0 X152.156 Y156.986
G0 X142.672 Y157.556
;TYPE:WALL-INNER
G1 F1500 E1761.28413
G1 F2400 X168.672 Y157.556 E1761.80299
G1 F2352.9 X168.846 Y157.549 E1761.80653
G0 F12000 X169.369 Y157.253
G1 F2436.5 X168.846 Y157.549 E1761.81835
G1 X169.686 Y157.57 E1761.83486
G1 F2442.7 X169.665 Y156.73 E1761.85134
G1 X169.369 Y157.253 E1761.86312
G0 F12000 X169.665 Y156.73
G1 F2358.7 X169.672 Y156.556 E1761.86666
G1 F2400 X169.672 Y112.556 E1762.74472
G1 F1500 E1756.24472
G0 F12000 X169.511 Y157.394
G0 X141.835 Y157.394
G0 X141.672 Y112.556
G1 F1500 E1762.74472
G1 F2400 X141.672 Y156.556 E1763.62279
G1 F2352.9 X141.679 Y156.73 E1763.62634
G0 F12000 X141.975 Y157.253
G1 F2436.5 X141.679 Y156.73 E1763.63815
G1 X141.658 Y157.57 E1763.65467
G1 F2487 X142.672 Y157.556 E1763.67419
G1 X141.975 Y157.253 E1763.68883
G0 F12000 X141.763 Y157.253
G0 X169.096 Y157.466
G0 X169.096 Y156.98
G1 F2400 X168.761 Y157.156 E1763.69638
G1 X142.672 Y157.156 E1764.21702
G1 X142.247 Y156.981 E1764.22619
G1 X142.072 Y156.645 E1764.23375
G1 X142.072 Y112.156 E1765.12157
G1 X141.272 Y112.156 E1765.13754
G1 X141.273 Y157.955 E1766.05151
G1 X170.072 Y157.956 E1766.62622
G1 X170.072 Y112.156 E1767.54021
G1 X169.272 Y112.156 E1767.55618
G1 X169.272 Y156.645 E1768.444
G1 X169.096 Y156.98 E1768.45155
G0 F12000 X168.87 Y156.591
;TYPE:WALL-OUTER
G1 F2400 X168.814 Y156.698 E1768.45396
G1 X168.707 Y156.754 E1768.45637
G1 X142.672 Y156.756 E1768.97593
G1 X142.53 Y156.698 E1768.97899
G1 X142.474 Y156.591 E1768.9814
G1 X142.472 Y111.756 E1769.87613
G1 X140.872 Y111.756 E1769.90806
G1 X140.873 Y158.355 E1770.838
G1 X170.472 Y158.356 E1771.42868
G1 X170.472 Y111.756 E1772.35863
G1 X168.872 Y111.756 E1772.39056
G1 X168.87 Y156.591 E1773.28529
G1 F1500 E1766.78529
G0 F12000 X169.183 Y156.591
G0 X169.097 Y111.98
G0 X168.008 Y111.98
G0 X158.921 Y109.13
G0 X158.006 Y109.306
G1 F1500 E1773.28529
G1 F1920 X153.338 Y109.306 E1773.40173
G1 X153.338 Y108.806 E1773.41421
G1 X158.006 Y108.806 E1773.53065
G1 X158.006 Y109.306 E1773.54312
G1 F1500 E1767.04312
G0 F12000 X157.777 Y109.076
G0 X158.921 Y108.978
G0 X164.425 Y108.982
G0 X169.797 Y108.556
;TYPE:WALL-INNER
G1 F1500 E1773.54312
G1 F2651.9 X169.808 Y104.487 E1773.61661
G1 F2573.7 X169.79 Y104.146 E1773.62296
G1 F2526.3 X169.101 Y104.146 E1773.63603
G1 F2566.8 X169.443 Y104.401 E1773.64399
G1 F2594.6 X169.439 Y108.713 E1773.72358
G1 F2580.6 X169.147 Y108.97 E1773.7308
G1 F2566.8 X169.787 Y108.969 E1773.74274
G1 F2623 X169.797 Y108.556 E1773.75029
G1 F1500 E1767.25029
G0 F12000 X169.3 Y104.118
G0 X142.045 Y104.118
G0 X141.905 Y108.716
G1 F1500 E1773.75029
G1 F2594.6 X141.899 Y104.401 E1773.82994
G1 F2573.7 X142.19 Y104.144 E1773.83717
G1 F2539.7 X141.553 Y104.145 E1773.84918
G1 F2580.6 X141.534 Y104.502 E1773.85581
G1 F2651.9 X141.547 Y108.557 E1773.92905
G1 F2623 X141.556 Y108.969 E1773.93657
G1 F2560 X142.249 Y108.969 E1773.94954
G1 F2573.7 X141.905 Y108.716 E1773.95748
G1 F1500 E1767.45748
G0 F12000 X142.045 Y104.118
G0 X169.3 Y104.118
G0 X169.372 Y108.615
G0 X169.052 Y108.615
;TYPE:WALL-OUTER
G1 F1500 E1773.95748
G1 F2123.9 X168.904 Y108.805 E1773.96292
G1 F1912.4 X165.338 Y108.806 E1774.05223
G1 F1920 X165.338 Y109.306 E1774.0647
G1 F1912.4 X168.947 Y109.304 E1774.15509
G1 F2123.9 X169.601 Y109.356 E1774.16988
G1 F2400 X170.172 Y109.356 E1774.18127
G1 X170.191 Y104.474 E1774.2787
G1 X170.166 Y103.756 E1774.29304
G1 X169.607 Y103.756 E1774.30419
G1 F2133.3 X168.86 Y103.806 E1774.321
G1 F1912.4 X142.393 Y103.808 E1774.98386
G1 F2123.9 X141.735 Y103.756 E1774.99875
G1 F2400 X141.178 Y103.756 E1775.00986
G1 X141.152 Y104.496 E1775.02464
G1 X141.171 Y109.356 E1775.12163
G1 X141.743 Y109.356 E1775.13304
G1 F2133.3 X142.484 Y109.306 E1775.14972
G1 F1920 X146.006 Y109.306 E1775.23757
G1 X146.006 Y108.806 E1775.25005
G1 X142.484 Y108.806 E1775.3379
G1 F2133.3 X142.284 Y108.607 E1775.34424
G1 F2400 X142.28 Y104.508 E1775.42604
G1 F2123.9 X142.436 Y104.307 E1775.43177
G1 F1912.4 X168.86 Y104.306 E1776.09356
G1 F2133.3 X169.06 Y104.507 E1776.09993
G1 F2400 X169.052 Y108.615 E1776.18191
G1 F1500 E1769.68191
;MESH:NONMESH
G0 F300 X169.052 Y108.615 Z9.24
G0 F12000 X169.372 Y108.615
G0 X169.3 Y108.994
G0 X165.514 Y109.132
G0 X165.514 Y110.221
G0 X151.922 Y146.444
G0 X152.16 Y147.29
;TIME_ELAPSED:3461.240846
;LAYER:76
;TYPE:SUPPORT
G1 F1500 E1776.18191
G1 F2400 X153.671 Y146.864 E1776.21324
G1 X155.18 Y147.29 E1776.24453
G1 X156.281 Y148.447 E1776.2764
G1 X156.7 Y149.89 E1776.30638
G1 X156.277 Y151.403 E1776.33774
G1 X155.183 Y152.497 E1776.36861
G1 X153.67 Y152.923 E1776.39998
G1 X152.226 Y152.502 E1776.42999
G1 X151.062 Y151.338 E1776.46285
G1 X150.637 Y149.893 E1776.4929
G1 X151.063 Y148.447 E1776.52299
G1 X152.16 Y147.29 E1776.5548
G1 F1500 E1770.0548
;MESH:9VBatteryHolder_v2.stl
G0 F12000 X151.532 Y146.696
G0 X150.295 Y148.002
G0 X149.741 Y149.894
G0 X150.243 Y151.606
G0 X152.16 Y155.891
G0 X152.16 Y156.986
G0 X142.672 Y157.556
;TYPE:WALL-INNER
G1 F1500 E1776.5548
G1 F2400 X168.672 Y157.556 E1777.07366
G1 F2352.9 X168.846 Y157.549 E1777.07721
G0 F12000 X169.369 Y157.253
G1 F2436.5 X168.846 Y157.549 E1777.08902
G1 X169.686 Y157.57 E1777.10554
G1 F2442.7 X169.665 Y156.73 E1777.12201
G1 X169.369 Y157.253 E1777.13379
G0 F12000 X169.665 Y156.73
G1 F2358.7 X169.672 Y156.556 E1777.13733
G1 F2400 X169.672 Y112.556 E1778.0154
G1 F1500 E1771.5154
G0 F12000 X169.511 Y157.394
G0 X141.835 Y157.394
G0 X141.672 Y112.556
G1 F1500 E1778.0154
G1 F2400 X141.672 Y156.556 E1778.89346
G1 F2352.9 X141.679 Y156.73 E1778.89701
G0 F12000 X141.975 Y157.253
G1 F2436.5 X141.679 Y156.73 E1778.90882
G1 X141.658 Y157.57 E1778.92534
G1 F2487 X142.672 Y157.556 E1778.94487
G1 X141.975 Y157.253 E1778.9595
G0 F12000 X141.763 Y157.253
G0 X169.096 Y157.466
G0 X169.096 Y156.98
G1 F2400 X168.761 Y157.156 E1778.96706
G1 X142.672 Y157.156 E1779.48769
G1 X142.247 Y156.981 E1779.49686
G1 X142.072 Y156.645 E1779.50442
G1 X142.072 Y112.156 E1780.39225
G1 X141.272 Y112.156 E1780.40821
G1 X141.273 Y157.955 E1781.32218
G1 X170.072 Y157.956 E1781.8969
G1 X170.072 Y112.156 E1782.81089
G1 X169.272 Y112.156 E1782.82685
G1 X169.272 Y156.645 E1783.71468
G1 X169.096 Y156.98 E1783.72223
G0 F12000 X168.87 Y156.591
;TYPE:WALL-OUTER
G1 F2400 X168.814 Y156.698 E1783.72464
G1 X168.707 Y156.754 E1783.72705
G1 X142.672 Y156.756 E1784.24661
G1 X142.53 Y156.698 E1784.24967
G1 X142.474 Y156.591 E1784.25208
G1 X142.472 Y111.756 E1785.14681
G1 X140.872 Y111.756 E1785.17874
G1 X140.873 Y158.355 E1786.10867
G1 X170.472 Y158.356 E1786.69935
G1 X170.472 Y111.756 E1787.6293
G1 X168.872 Y111.756 E1787.66123
G1 X168.87 Y156.591 E1788.55596
G1 F1500 E1782.05596
G0 F12000 X169.183 Y156.591
G0 X169.097 Y111.98
G0 X168.008 Y111.98
G0 X158.907 Y109.13
G0 X157.99 Y109.306
G1 F1500 E1788.55596
G1 F1920 X153.35 Y109.306 E1788.67171
G1 X153.35 Y108.806 E1788.68418
G1 X157.99 Y108.806 E1788.79993
G1 X157.99 Y109.306 E1788.8124
G1 F1500 E1782.3124
G0 F12000 X157.763 Y109.076
G0 X158.907 Y108.978
G0 X164.439 Y108.982
G0 X169.809 Y108.556
;TYPE:WALL-INNER
G1 F1500 E1788.8124
G1 F2651.9 X169.816 Y104.458 E1788.88641
G1 F2580.6 X169.801 Y104.145 E1788.89223
G1 F2539.7 X169.111 Y104.145 E1788.90524
G1 F2553.2 X169.452 Y104.398 E1788.9132
G1 F2580.6 X169.446 Y108.718 E1788.99338
G1 X169.159 Y108.97 E1789.00047
G1 F2566.8 X169.798 Y108.969 E1789.01239
G1 F2623 X169.809 Y108.556 E1789.01994
G1 F1500 E1782.51994
G0 F12000 X169.311 Y104.118
G0 X142.034 Y104.118
G0 X141.893 Y108.715
G1 F1500 E1789.01994
G1 F2594.6 X141.892 Y104.4 E1789.09959
G1 F2573.7 X142.182 Y104.144 E1789.10679
G1 F2539.7 X141.543 Y104.145 E1789.11884
G1 F2580.6 X141.527 Y104.475 E1789.12497
G1 F2623 X141.537 Y108.689 E1789.20192
G1 F2594.6 X141.546 Y108.969 E1789.20709
G1 F2566.8 X142.237 Y108.969 E1789.21998
G1 F2580.6 X141.893 Y108.715 E1789.22792
G1 F1500 E1782.72792
G0 F12000 X142.034 Y104.118
G0 X169.311 Y104.118
G0 X169.383 Y108.615
G0 X169.064 Y108.615
;TYPE:WALL-OUTER
G1 F1500 E1789.22792
G1 F2123.9 X168.916 Y108.805 E1789.23335
G1 F1912.4 X165.351 Y108.806 E1789.32263
G1 F1920 X165.353 Y109.306 E1789.3351
G1 F1912.4 X168.959 Y109.304 E1789.42542
G1 F2123.9 X169.612 Y109.356 E1789.44019
G1 F2400 X170.184 Y109.356 E1789.4516
G1 X170.199 Y104.447 E1789.54957
G1 X170.178 Y103.756 E1789.56336
G1 X169.618 Y103.756 E1789.57454
G1 F2133.3 X168.872 Y103.806 E1789.59133
G1 F1912.4 X142.385 Y103.808 E1790.25469
G1 F2123.9 X141.726 Y103.756 E1790.2696
G1 F2400 X141.166 Y103.756 E1790.28077
G1 X141.144 Y104.476 E1790.29515
G1 X141.16 Y109.356 E1790.39253
G1 X141.732 Y109.356 E1790.40395
G1 F2133.3 X142.472 Y109.306 E1790.4206
G1 F1920 X145.99 Y109.306 E1790.50836
G1 X145.99 Y108.806 E1790.52083
G1 X142.472 Y108.806 E1790.60859
G1 F2133.3 X142.272 Y108.607 E1790.61492
G1 F2400 X142.273 Y104.507 E1790.69674
G1 F2123.9 X142.428 Y104.307 E1790.70245
G1 F1912.4 X168.872 Y104.306 E1791.36473
G1 F2133.3 X169.073 Y104.507 E1791.37111
G1 F2400 X169.064 Y108.615 E1791.45309
G1 F1500 E1784.95309
;MESH:NONMESH
G0 F300 X169.064 Y108.615 Z9.36
G0 F12000 X169.383 Y108.615
G0 X169.311 Y108.994
G0 X165.528 Y109.132
G0 X165.528 Y110.221
G0 X151.927 Y146.457
G0 X152.164 Y147.302
;TIME_ELAPSED:3493.742725
;LAYER:77
;TYPE:SUPPORT
G1 F1500 E1791.45309
G1 F2400 X153.672 Y146.88 E1791.48434
G1 X155.18 Y147.302 E1791.51559
G1 X156.265 Y148.451 E1791.54713
G1 X156.687 Y149.89 E1791.57706
G1 X156.265 Y151.395 E1791.60825
G1 X155.175 Y152.485 E1791.63901
G1 X153.67 Y152.907 E1791.6702
G1 X152.234 Y152.486 E1791.70007
G1 X151.078 Y151.33 E1791.73269
G1 X150.653 Y149.892 E1791.76262
G1 X151.079 Y148.451 E1791.7926
G1 X152.164 Y147.302 E1791.82414
G1 F1500 E1785.32414
;MESH:9VBatteryHolder_v2.stl
G0 F12000 X151.536 Y146.709
G0 X150.31 Y148.008
G0 X149.756 Y149.894
G0 X150.256 Y151.6
G0 X152.164 Y155.891
G0 X152.164 Y156.986
G0 X142.672 Y157.556
;TYPE:WALL-INNER
G1 F1500 E1791.82414
G1 F2400 X168.672 Y157.556 E1792.343
G1 F2352.9 X168.846 Y157.549 E1792.34654
G0 F12000 X169.369 Y157.253
G1 F2436.5 X168.846 Y157.549 E1792.35835
G1 X169.686 Y157.57 E1792.37487
G1 F2442.7 X169.665 Y156.73 E1792.39135
G1 X169.369 Y157.253 E1792.40313
G0 F12000 X169.665 Y156.73
G1 F2358.7 X169.672 Y156.556 E1792.40667
G1 F2400 X169.672 Y112.556 E1793.28473
G1 F1500 E1786.78473
G0 F12000 X169.511 Y157.394
G0 X141.835 Y157.394
G0 X141.672 Y112.556
G1 F1500 E1793.28473
G1 F2400 X141.672 Y156.556 E1794.1628
G1 F2352.9 X141.679 Y156.73 E1794.16635
G0 F12000 X141.975 Y157.253
G1 F2436.5 X141.679 Y156.73 E1794.17816
G1 X141.658 Y157.57 E1794.19467
G1 F2487 X142.672 Y157.556 E1794.2142
G1 X141.975 Y157.253 E1794.22884
G0 F12000 X141.763 Y157.253
G0 X169.096 Y157.466
G0 X169.096 Y156.98
G1 F2400 X168.761 Y157.156 E1794.23639
G1 X142.672 Y157.156 E1794.75703
G1 X142.247 Y156.981 E1794.7662
G1 X142.072 Y156.645 E1794.77376
G1 X142.072 Y112.156 E1795.66158
G1 X141.272 Y112.156 E1795.67755
G1 X141.273 Y157.955 E1796.59152
G1 X170.072 Y157.956 E1797.16623
G1 X170.072 Y112.156 E1798.08022
G1 X169.272 Y112.156 E1798.09619
G1 X169.272 Y156.645 E1798.98401
G1 X169.096 Y156.98 E1798.99156
G0 F12000 X168.87 Y156.591
;TYPE:WALL-OUTER
G1 F2400 X168.814 Y156.698 E1798.99397
G1 X168.707 Y156.754 E1798.99638
G1 X142.672 Y156.756 E1799.51594
G1 X142.53 Y156.698 E1799.519
G1 X142.474 Y156.591 E1799.52141
G1 X142.472 Y111.756 E1800.41614
G1 X140.872 Y111.756 E1800.44807
G1 X140.873 Y158.355 E1801.37801
G1 X170.472 Y158.356 E1801.96869
G1 X170.472 Y111.756 E1802.89864
G1 X168.872 Y111.756 E1802.93057
G1 X168.87 Y156.591 E1803.8253
G1 F1500 E1797.3253
G0 F12000 X169.183 Y156.591
G0 X169.097 Y111.98
G0 X168.008 Y111.98
G0 X158.892 Y109.13
G0 X157.977 Y109.306
G1 F1500 E1803.8253
G1 F1920 X153.366 Y109.306 E1803.94032
G1 X153.366 Y108.806 E1803.95279
G1 X157.975 Y108.806 E1804.06777
G1 X157.977 Y109.306 E1804.08024
G1 F1500 E1797.58024
G0 F12000 X157.748 Y109.076
G0 X158.892 Y108.978
G0 X164.454 Y108.982
G0 X169.823 Y108.556
;TYPE:WALL-INNER
G1 F1500 E1804.08024
G1 F2608.7 X169.811 Y104.145 E1804.16122
G1 F2553.2 X169.118 Y104.145 E1804.17422
G1 F2566.8 X169.459 Y104.397 E1804.18213
G1 F2601.6 X169.457 Y108.712 E1804.26157
G1 F2580.6 X169.168 Y108.969 E1804.26875
G1 F2546.4 X169.813 Y108.967 E1804.28088
G1 F2601.6 X169.823 Y108.556 E1804.28845
G1 F1500 E1797.78845
G0 F12000 X169.321 Y104.118
G0 X142.024 Y104.118
G0 X141.514 Y107.336
G1 F1500 E1804.28845
G1 F2651.9 X141.518 Y108.556 E1804.31048
G1 F2601.6 X141.529 Y108.968 E1804.31807
G1 F2546.4 X142.223 Y108.968 E1804.33112
G1 F2566.8 X141.88 Y108.713 E1804.3391
G1 F2594.6 X141.882 Y104.399 E1804.41873
G1 F2580.6 X142.174 Y104.142 E1804.42595
G1 F2560 X141.531 Y104.143 E1804.43798
G1 F2594.6 X141.514 Y107.336 E1804.49692
G1 F1500 E1797.99692
G0 F12000 X142.024 Y104.118
G0 X169.321 Y104.118
G0 X169.393 Y108.614
G0 X169.072 Y108.614
;TYPE:WALL-OUTER
G1 F1500 E1804.49692
G1 F2123.9 X168.924 Y108.805 E1804.50237
G1 F1912.4 X165.366 Y108.806 E1804.59148
G1 F1920 X165.366 Y109.306 E1804.60395
G1 F1912.4 X168.967 Y109.304 E1804.69414
G1 F2123.9 X169.625 Y109.355 E1804.70902
G1 F2400 X170.2 Y109.355 E1804.7205
G1 X170.207 Y107.33 E1804.76091
G1 X170.196 Y104.554 E1804.81631
G1 X170.203 Y104.246 E1804.82246
G1 X170.186 Y103.757 E1804.83222
G1 X169.625 Y103.757 E1804.84342
G1 F2133.3 X168.88 Y103.806 E1804.86018
G1 F1912.4 X142.373 Y103.808 E1805.52404
G1 F2123.9 X141.718 Y103.757 E1805.53886
G1 F2400 X141.155 Y103.756 E1805.55009
G1 X141.14 Y104.294 E1805.56083
G1 X141.148 Y104.553 E1805.566
G1 X141.132 Y107.338 E1805.62158
G1 X141.143 Y109.356 E1805.66186
G1 X141.716 Y109.356 E1805.67329
G1 F2133.3 X142.46 Y109.306 E1805.69003
G1 F1920 X145.977 Y109.306 E1805.77776
G1 X145.975 Y108.806 E1805.79024
G1 X142.46 Y108.806 E1805.87792
G1 F2133.3 X142.26 Y108.606 E1805.88427
G1 F2400 X142.26 Y104.508 E1805.96605
G1 F2123.9 X142.416 Y104.307 E1805.97179
G1 F1912.4 X168.88 Y104.306 E1806.63457
G1 F2133.3 X169.08 Y104.505 E1806.64091
G1 F2400 X169.072 Y108.614 E1806.72291
G1 F1500 E1800.22291
;MESH:NONMESH
G0 F300 X169.072 Y108.614 Z9.48
G0 F12000 X169.393 Y108.614
G0 X169.321 Y108.994
G0 X165.543 Y109.132
G0 X165.543 Y110.221
G0 X151.935 Y146.469
G0 X152.172 Y147.314
;TIME_ELAPSED:3526.222397
;LAYER:78
;TYPE:SUPPORT
G1 F1500 E1806.72291
G1 F2400 X153.672 Y146.892 E1806.754
G1 X155.172 Y147.314 E1806.7851
G1 X156.253 Y148.455 E1806.81647
G1 X156.671 Y149.89 E1806.84629
G1 X156.253 Y151.387 E1806.87731
G1 X155.167 Y152.473 E1806.90796
G1 X153.67 Y152.892 E1806.93898
G1 X152.242 Y152.474 E1806.96867
G1 X151.09 Y151.322 E1807.00119
G1 X150.669 Y149.891 E1807.03095
G1 X151.091 Y148.455 E1807.06082
G1 X152.172 Y147.314 E1807.09219
G1 F1500 E1800.59219
;MESH:9VBatteryHolder_v2.stl
G0 F12000 X151.544 Y146.721
G0 X150.322 Y148.015
G0 X149.77 Y149.894
G0 X150.269 Y151.593
G0 X152.172 Y155.891
G0 X152.172 Y156.986
G0 X142.672 Y157.556
;TYPE:WALL-INNER
G1 F1500 E1807.09219
G1 F2400 X168.672 Y157.556 E1807.61105
G1 F2352.9 X168.846 Y157.549 E1807.61459
G0 F12000 X169.369 Y157.253
G1 F2436.5 X168.846 Y157.549 E1807.6264
G1 X169.686 Y157.57 E1807.64292
G1 F2442.7 X169.665 Y156.73 E1807.6594
G1 X169.369 Y157.253 E1807.67118
G0 F12000 X169.665 Y156.73
G1 F2358.7 X169.672 Y156.556 E1807.67471
G1 F2400 X169.672 Y112.556 E1808.55278
G1 F1500 E1802.05278
G0 F12000 X169.511 Y157.394
G0 X141.835 Y157.394
G0 X141.672 Y112.556
G1 F1500 E1808.55278
G1 F2400 X141.672 Y156.556 E1809.43085
G1 F2352.9 X141.679 Y156.73 E1809.43439
G0 F12000 X141.975 Y157.253
G1 F2436.5 X141.679 Y156.73 E1809.44621
G1 X141.658 Y157.57 E1809.46272
G1 F2487 X142.672 Y157.556 E1809.48225
G1 X141.975 Y157.253 E1809.49689
G0 F12000 X141.763 Y157.253
G0 X169.096 Y157.466
G0 X169.096 Y156.98
G1 F2400 X168.761 Y157.156 E1809.50444
G1 X142.672 Y157.156 E1810.02508
G1 X142.247 Y156.981 E1810.03425
G1 X142.072 Y156.645 E1810.04181
G1 X142.072 Y112.156 E1810.92963
G1 X141.272 Y112.156 E1810.9456
G1 X141.273 Y157.955 E1811.85957
G1 X170.072 Y157.956 E1812.43428
G1 X170.072 Y112.156 E1813.34827
G1 X169.272 Y112.156 E1813.36424
G1 X169.272 Y156.645 E1814.25206
G1 X169.096 Y156.98 E1814.25961
G0 F12000 X168.87 Y156.591
;TYPE:WALL-OUTER
G1 F2400 X168.814 Y156.698 E1814.26202
G1 X168.707 Y156.754 E1814.26443
G1 X142.672 Y156.756 E1814.78399
G1 X142.53 Y156.698 E1814.78705
G1 X142.474 Y156.591 E1814.78946
G1 X142.472 Y111.756 E1815.68419
G1 X140.872 Y111.756 E1815.71612
G1 X140.873 Y158.355 E1816.64606
G1 X170.472 Y158.356 E1817.23674
G1 X170.472 Y111.756 E1818.16669
G1 X168.872 Y111.756 E1818.19862
G1 X168.87 Y156.591 E1819.09335
G1 F1500 E1812.59335
G0 F12000 X169.183 Y156.591
G0 X169.097 Y111.98
G0 X168.008 Y111.98
G0 X158.877 Y109.13
G0 X157.962 Y109.306
G1 F1500 E1819.09335
G1 F1920 X153.382 Y109.306 E1819.2076
G1 X153.382 Y108.806 E1819.22007
G1 X157.962 Y108.806 E1819.33432
G1 X157.962 Y109.306 E1819.34679
G1 F1500 E1812.84679
G0 F12000 X157.733 Y109.076
G0 X158.877 Y108.978
G0 X164.469 Y108.982
G0 X169.83 Y108.556
;TYPE:WALL-INNER
G1 F1500 E1819.34679
G1 F2651.9 X169.815 Y104.143 E1819.42649
G1 F2608.7 X169.126 Y104.143 E1819.43914
G1 X169.468 Y104.394 E1819.44693
G1 X169.471 Y108.713 E1819.52623
G1 F2573.7 X169.18 Y108.969 E1819.53344
G1 F2553.2 X169.822 Y108.968 E1819.54548
G1 F2608.7 X169.83 Y108.556 E1819.55305
G1 F1500 E1813.05305
G0 F12000 X169.332 Y104.118
G0 X142.013 Y104.118
G0 X141.873 Y108.715
G1 F1500 E1819.55305
G1 F2630.1 X141.873 Y104.396 E1819.6317
G1 F2601.6 X142.165 Y104.14 E1819.63884
G1 F2594.6 X141.526 Y104.141 E1819.65064
G1 F2623 X141.516 Y108.686 E1819.73363
G1 F2594.6 X141.522 Y108.969 E1819.73886
G1 F2560 X142.217 Y108.969 E1819.75186
G1 F2601.6 X141.873 Y108.715 E1819.75973
G1 F1500 E1813.25973
G0 F12000 X142.013 Y104.118
G0 X169.332 Y104.118
G0 X169.404 Y108.604
G0 X169.092 Y108.604
;TYPE:WALL-OUTER
G1 F1500 E1819.75973
G1 F2123.9 X168.936 Y108.805 E1819.76547
G1 F1912.4 X165.382 Y108.806 E1819.85448
G1 F1920 X165.382 Y109.306 E1819.86695
G1 F1912.4 X168.979 Y109.304 E1819.95704
G1 F2123.9 X169.634 Y109.356 E1819.97185
G1 F2400 X170.211 Y109.356 E1819.98337
G1 X170.196 Y104.553 E1820.07922
G1 X170.211 Y104.058 E1820.0891
G1 X170.199 Y103.757 E1820.09511
G1 X169.63 Y103.757 E1820.10647
G1 F2133.3 X168.892 Y103.806 E1820.12307
G1 F1912.4 X142.361 Y103.808 E1820.78754
G1 F2123.9 X141.712 Y103.756 E1820.80222
G1 F2400 X141.142 Y103.756 E1820.8136
G1 X141.132 Y104.098 E1820.82042
G1 X141.148 Y104.555 E1820.82955
G1 X141.133 Y109.356 E1820.92536
G1 X141.71 Y109.356 E1820.93687
G1 F2133.3 X142.452 Y109.306 E1820.95357
G1 F1920 X145.962 Y109.306 E1821.04113
G1 X145.962 Y108.806 E1821.0536
G1 X142.452 Y108.806 E1821.14116
G1 F2133.3 X142.26 Y108.615 E1821.14724
G1 F2400 X142.248 Y104.508 E1821.2292
G1 F2123.9 X142.404 Y104.307 E1821.23493
G1 F1912.4 X168.892 Y104.306 E1821.89832
G1 F2133.3 X169.092 Y104.505 E1821.90466
G1 F2400 X169.092 Y108.604 E1821.98646
G1 F1500 E1815.48646
;MESH:NONMESH
G0 F300 X169.092 Y108.604 Z9.6
G0 F12000 X169.404 Y108.604
G0 X169.332 Y108.994
G0 X165.558 Y109.132
G0 X165.558 Y110.221
G0 X151.947 Y146.48
G0 X152.184 Y147.326
;TIME_ELAPSED:3558.718926
;LAYER:79
;TYPE:SUPPORT
G1 F1500 E1821.98646
G1 F2400 X153.672 Y146.908 E1822.0173
G1 X155.16 Y147.326 E1822.04814
G1 X156.245 Y148.467 E1822.07957
G1 X156.656 Y149.889 E1822.10911
G1 X156.241 Y151.379 E1822.13997
G1 X155.159 Y152.461 E1822.17051
G1 X153.67 Y152.879 E1822.20137
G1 X152.246 Y152.462 E1822.23098
G1 X151.102 Y151.318 E1822.26327
G1 X150.681 Y149.891 E1822.29296
G1 X151.099 Y148.467 E1822.32258
G1 X152.184 Y147.326 E1822.354
G1 F1500 E1815.854
;MESH:9VBatteryHolder_v2.stl
G0 F12000 X151.556 Y146.731
G0 X150.333 Y148.023
G0 X149.785 Y149.894
G0 X150.282 Y151.587
G0 X152.184 Y155.891
G0 X152.184 Y156.986
G0 X142.672 Y157.556
;TYPE:WALL-INNER
G1 F1500 E1822.354
G1 F2400 X168.672 Y157.556 E1822.87285
G1 F2352.9 X168.846 Y157.549 E1822.8764
G0 F12000 X169.369 Y157.253
G1 F2436.5 X168.846 Y157.549 E1822.88821
G1 X169.686 Y157.57 E1822.90473
G1 F2442.7 X169.665 Y156.73 E1822.9212
G1 X169.369 Y157.253 E1822.93299
G0 F12000 X169.665 Y156.73
G1 F2358.7 X169.672 Y156.556 E1822.93652
G1 F2400 X169.672 Y112.556 E1823.81459
G1 F1500 E1817.31459
G0 F12000 X169.511 Y157.394
G0 X141.835 Y157.394
G0 X141.672 Y112.556
G1 F1500 E1823.81459
G1 F2400 X141.672 Y156.556 E1824.69266
G1 F2352.9 X141.679 Y156.73 E1824.6962
G0 F12000 X141.975 Y157.253
G1 F2436.5 X141.679 Y156.73 E1824.70802
G1 X141.658 Y157.57 E1824.72453
G1 F2487 X142.672 Y157.556 E1824.74406
G1 X141.975 Y157.253 E1824.7587
G0 F12000 X141.763 Y157.253
G0 X169.096 Y157.466
G0 X169.096 Y156.98
G1 F2400 X168.761 Y157.156 E1824.76625
G1 X142.672 Y157.156 E1825.28688
G1 X142.247 Y156.981 E1825.29606
G1 X142.072 Y156.645 E1825.30362
G1 X142.072 Y112.156 E1826.19144
G1 X141.272 Y112.156 E1826.20741
G1 X141.273 Y157.955 E1827.12137
G1 X170.072 Y157.956 E1827.69609
G1 X170.072 Y112.156 E1828.61008
G1 X169.272 Y112.156 E1828.62604
G1 X169.272 Y156.645 E1829.51387
G1 X169.096 Y156.98 E1829.52142
G0 F12000 X168.87 Y156.591
;TYPE:WALL-OUTER
G1 F2400 X168.814 Y156.698 E1829.52383
G1 X168.707 Y156.754 E1829.52624
G1 X142.672 Y156.756 E1830.0458
G1 X142.53 Y156.698 E1830.04886
G1 X142.474 Y156.591 E1830.05127
G1 X142.472 Y111.756 E1830.946
G1 X140.872 Y111.756 E1830.97793
G1 X140.873 Y158.355 E1831.90786
G1 X170.472 Y158.356 E1832.49854
G1 X170.472 Y111.756 E1833.4285
G1 X168.872 Y111.756 E1833.46043
G1 X168.87 Y156.591 E1834.35516
G1 F1500 E1827.85516
G0 F12000 X169.183 Y156.591
G0 X169.097 Y111.98
G0 X168.008 Y111.98
G0 X158.863 Y109.13
G0 X157.946 Y109.306
G1 F1500 E1834.35516
G1 F1920 X153.394 Y109.306 E1834.46871
G1 X153.394 Y108.806 E1834.48118
G1 X157.946 Y108.806 E1834.59473
G1 X157.946 Y109.306 E1834.6072
G1 F1500 E1828.1072
G0 F12000 X157.719 Y109.076
G0 X158.863 Y108.978
G0 X164.483 Y108.982
G0 X169.833 Y108.556
;TYPE:WALL-INNER
G1 F1500 E1834.6072
G1 F2666.7 X169.824 Y104.139 E1834.68653
G1 F2615.8 X169.132 Y104.139 E1834.6992
G1 F2637.4 X169.477 Y104.39 E1834.70695
G1 F2651.9 X169.48 Y108.715 E1834.78506
G1 F2608.7 X169.186 Y108.972 E1834.79223
G1 F2587.6 X169.825 Y108.971 E1834.80406
G1 F2651.9 X169.833 Y108.556 E1834.81156
G1 F1500 E1828.31156
G0 F12000 X169.342 Y104.118
G0 X142.003 Y104.118
G0 X141.864 Y108.718
G1 F1500 E1834.81156
G1 F2666.7 X141.867 Y104.393 E1834.88924
G1 F2637.4 X142.161 Y104.138 E1834.8963
G1 F2630.1 X141.526 Y104.139 E1834.90787
G1 F2659.3 X141.513 Y108.685 E1834.98974
G1 F2637.4 X141.52 Y108.971 E1834.99494
G1 F2594.6 X142.208 Y108.971 E1835.00764
G1 F2637.4 X141.864 Y108.718 E1835.01539
G1 F1500 E1828.51539
G0 F12000 X142.003 Y104.118
G0 X169.342 Y104.118
G0 X169.414 Y108.616
G0 X169.095 Y108.616
;TYPE:WALL-OUTER
G1 F1500 E1835.01539
G1 F2123.9 X168.948 Y108.805 E1835.02079
G1 F1912.4 X165.395 Y108.806 E1835.10978
G1 F1920 X165.397 Y109.306 E1835.12225
G1 F1912.4 X168.991 Y109.304 E1835.21226
G1 F2123.9 X169.639 Y109.356 E1835.22692
G1 F2400 X170.211 Y109.356 E1835.23833
G1 X170.196 Y104.554 E1835.33416
G1 X170.219 Y103.756 E1835.35009
G1 X169.635 Y103.756 E1835.36175
G1 F2133.3 X168.904 Y103.806 E1835.3782
G1 F1912.4 X142.353 Y103.808 E1836.04317
G1 F2123.9 X141.709 Y103.756 E1836.05774
G1 F2400 X141.123 Y103.756 E1836.06943
G1 X141.148 Y104.554 E1836.08536
G1 X141.133 Y109.356 E1836.18119
G1 X141.705 Y109.356 E1836.19261
G1 F2133.3 X142.44 Y109.306 E1836.20915
G1 F1920 X145.946 Y109.306 E1836.2966
G1 X145.946 Y108.806 E1836.30908
G1 X142.44 Y108.806 E1836.39653
G1 F2133.3 X142.242 Y108.609 E1836.4028
G1 F2400 X142.24 Y104.507 E1836.48466
G1 F2123.9 X142.396 Y104.307 E1836.49038
G1 F1912.4 X168.904 Y104.306 E1837.15427
G1 F2133.3 X169.104 Y104.504 E1837.16059
G1 F2400 X169.095 Y108.616 E1837.24265
G1 F1500 E1830.74265
;MESH:NONMESH
G0 F300 X169.095 Y108.616 Z9.72
G0 F12000 X169.414 Y108.616
G0 X169.342 Y108.994
G0 X165.572 Y109.132
G0 X165.572 Y110.221
G0 X151.954 Y146.494
G0 X152.191 Y147.338
;TIME_ELAPSED:3591.213487
;LAYER:80
;TYPE:SUPPORT
G1 F1500 E1837.24265
G1 F2400 X153.672 Y146.924 E1837.27334
G1 X155.153 Y147.338 E1837.30403
G1 X156.233 Y148.475 E1837.33532
G1 X156.644 Y149.89 E1837.36473
G1 X156.229 Y151.375 E1837.3955
G1 X155.151 Y152.449 E1837.42586
G1 X153.67 Y152.864 E1837.45656
G1 X152.254 Y152.45 E1837.486
G1 X151.114 Y151.31 E1837.51817
G1 X150.697 Y149.891 E1837.54769
G1 X151.111 Y148.475 E1837.57713
G1 X152.191 Y147.338 E1837.60842
G1 F1500 E1831.10842
;MESH:9VBatteryHolder_v2.stl
G0 F12000 X151.563 Y146.744
G0 X150.344 Y148.031
G0 X149.8 Y149.894
G0 X150.294 Y151.581
G0 X152.191 Y155.891
G0 X152.191 Y156.986
G0 X142.672 Y157.556
;TYPE:WALL-INNER
G1 F1500 E1837.60842
G1 F2400 X168.672 Y157.556 E1838.12728
G1 F2352.9 X168.846 Y157.549 E1838.13083
G0 F12000 X169.369 Y157.253
G1 F2436.5 X168.846 Y157.549 E1838.14264
G1 X169.686 Y157.57 E1838.15915
G1 F2442.7 X169.665 Y156.73 E1838.17563
G1 X169.369 Y157.253 E1838.18741
G0 F12000 X169.665 Y156.73
G1 F2358.7 X169.672 Y156.556 E1838.19095
G1 F2400 X169.672 Y112.556 E1839.06902
G1 F1500 E1832.56902
G0 F12000 X169.511 Y157.394
G0 X141.835 Y157.394
G0 X141.672 Y112.556
G1 F1500 E1839.06902
G1 F2400 X141.672 Y156.556 E1839.94708
G1 F2352.9 X141.679 Y156.73 E1839.95063
G0 F12000 X141.975 Y157.253
G1 F2436.5 X141.679 Y156.73 E1839.96244
G1 X141.658 Y157.57 E1839.97896
G1 F2487 X142.672 Y157.556 E1839.99849
G1 X141.975 Y157.253 E1840.01312
G0 F12000 X141.763 Y157.253
G0 X169.096 Y157.466
G0 X169.096 Y156.98
G1 F2400 X168.761 Y157.156 E1840.02067
G1 X142.672 Y157.156 E1840.54131
G1 X142.247 Y156.981 E1840.55048
G1 X142.072 Y156.645 E1840.55804
G1 X142.072 Y112.156 E1841.44587
G1 X141.272 Y112.156 E1841.46183
G1 X141.273 Y157.955 E1842.3758
G1 X170.072 Y157.956 E1842.95052
G1 X170.072 Y112.156 E1843.8645
G1 X169.272 Y112.156 E1843.88047
G1 X169.272 Y156.645 E1844.7683
G1 X169.096 Y156.98 E1844.77585
G0 F12000 X168.87 Y156.591
;TYPE:WALL-OUTER
G1 F2400 X168.814 Y156.698 E1844.77826
G1 X168.707 Y156.754 E1844.78067
G1 X142.672 Y156.756 E1845.30022
G1 X142.53 Y156.698 E1845.30329
G1 X142.474 Y156.591 E1845.3057
G1 X142.472 Y111.756 E1846.20043
G1 X140.872 Y111.756 E1846.23236
G1 X140.873 Y158.355 E1847.16229
G1 X170.472 Y158.356 E1847.75297
G1 X170.472 Y111.756 E1848.68292
G1 X168.872 Y111.756 E1848.71485
G1 X168.87 Y156.591 E1849.60958
G1 F1500 E1843.10958
G0 F12000 X169.183 Y156.591
G0 X169.097 Y111.98
G0 X168.008 Y111.98
G0 X158.848 Y109.13
G0 X157.933 Y109.306
G1 F1500 E1849.60958
G1 F1920 X153.41 Y109.306 E1849.72241
G1 X153.41 Y108.806 E1849.73488
G1 X157.931 Y108.806 E1849.84766
G1 X157.933 Y109.306 E1849.86013
G1 F1500 E1843.36013
G0 F12000 X157.704 Y109.076
G0 X158.848 Y108.978
G0 X164.498 Y108.982
G0 X169.832 Y108.556
;TYPE:WALL-INNER
G1 F1500 E1849.86013
G1 F2742.9 X169.817 Y104.138 E1849.93728
G1 F2681.6 X169.135 Y104.137 E1849.94946
G1 X169.482 Y104.387 E1849.9571
G1 F2689.1 X169.485 Y108.719 E1850.03425
G1 F2644.6 X169.191 Y108.974 E1850.0413
G1 F2623 X169.823 Y108.973 E1850.05284
G1 F2696.6 X169.832 Y108.556 E1850.06025
G1 F1500 E1843.56025
G0 F12000 X169.353 Y104.118
G0 X141.992 Y104.118
G0 X141.854 Y108.721
G1 F1500 E1850.06025
G1 F2774.6 X141.858 Y105.636 E1850.1135
G1 F1886.1 X141.689 Y105.236 E1850.12453
G1 X141.518 Y105.636 E1850.13558
G1 F2766.6 X141.509 Y108.689 E1850.18843
G1 F2666.7 X141.517 Y108.973 E1850.19353
G1 F2623 X142.2 Y108.973 E1850.206
G1 F2666.7 X141.854 Y108.721 E1850.21369
G0 F12000 X141.689 Y105.236
G1 F1415.9 X141.69 Y104.524 E1850.23778
G1 F1371.4 X141.706 Y104.317 E1850.24503
G1 F1500 E1843.74503
G0 F12000 X141.992 Y104.118
G0 X169.353 Y104.118
G0 X169.425 Y108.607
G0 X169.112 Y108.607
;TYPE:WALL-OUTER
G1 F1500 E1850.24503
G1 F2123.9 X168.956 Y108.805 E1850.25071
G1 F1912.4 X165.41 Y108.806 E1850.33952
G1 F1920 X165.41 Y109.306 E1850.35199
G1 F1912.4 X168.999 Y109.304 E1850.44188
G1 F2123.9 X169.64 Y109.356 E1850.45638
G1 F2400 X170.207 Y109.356 E1850.4677
G1 X170.192 Y104.553 E1850.56355
G1 X170.217 Y103.757 E1850.57944
G1 X169.637 Y103.757 E1850.59101
G1 F2133.3 X168.912 Y103.806 E1850.60733
G1 F1912.4 X142.341 Y103.808 E1851.2728
G1 F2123.9 X141.706 Y103.756 E1851.28716
G1 F2400 X141.127 Y103.756 E1851.29872
G1 X141.152 Y104.554 E1851.31465
G1 X141.132 Y108.691 E1851.39721
G1 X141.136 Y109.356 E1851.41048
G1 X141.699 Y109.356 E1851.42172
G1 F2133.3 X142.428 Y109.306 E1851.43812
G1 F1920 X145.933 Y109.306 E1851.52555
G1 X145.931 Y108.806 E1851.53803
G1 X142.428 Y108.806 E1851.62541
G1 F2133.3 X142.228 Y108.609 E1851.63171
G1 F2400 X142.228 Y104.506 E1851.71359
G1 F2123.9 X142.384 Y104.307 E1851.71929
G1 F1912.4 X168.912 Y104.306 E1852.38368
G1 F2133.3 X169.112 Y104.502 E1852.38997
G1 F2400 X169.112 Y108.607 E1852.47189
G1 F1500 E1845.97189
;MESH:NONMESH
G0 F300 X169.112 Y108.607 Z9.84
G0 F12000 X169.425 Y108.607
G0 X169.353 Y108.994
G0 X165.587 Y109.132
G0 X165.587 Y110.221
G0 X151.956 Y146.507
G0 X152.192 Y147.35
;TIME_ELAPSED:3623.654797
;LAYER:81
;TYPE:SUPPORT
G1 F1500 E1852.47189
G1 F2400 X153.671 Y146.936 E1852.50254
G1 X155.148 Y147.35 E1852.53315
G1 X156.217 Y148.479 E1852.56418
G1 X156.628 Y149.89 E1852.59351
G1 X156.217 Y151.367 E1852.6241
G1 X155.147 Y152.437 E1852.6543
G1 X153.67 Y152.851 E1852.68491
G1 X152.262 Y152.438 E1852.71419
G1 X151.126 Y151.302 E1852.74625
G1 X150.713 Y149.891 E1852.77559
G1 X151.127 Y148.475 E1852.80503
G1 X152.192 Y147.35 E1852.83595
G1 F1500 E1846.33595
;MESH:9VBatteryHolder_v2.stl
G0 F12000 X151.565 Y146.758
G0 X150.359 Y148.036
G0 X149.814 Y149.894
G0 X150.306 Y151.574
G0 X152.192 Y155.891
G0 X152.192 Y156.986
G0 X142.672 Y157.556
;TYPE:WALL-INNER
G1 F1500 E1852.83595
G1 F2400 X168.672 Y157.556 E1853.35481
G1 F2352.9 X168.846 Y157.549 E1853.35835
G0 F12000 X169.369 Y157.253
G1 F2436.5 X168.846 Y157.549 E1853.37016
G1 X169.686 Y157.57 E1853.38668
G1 F2442.7 X169.665 Y156.73 E1853.40316
G1 X169.369 Y157.253 E1853.41494
G0 F12000 X169.665 Y156.73
G1 F2358.7 X169.672 Y156.556 E1853.41847
G1 F2400 X169.672 Y112.556 E1854.29654
G1 F1500 E1847.79654
G0 F12000 X169.511 Y157.394
G0 X141.835 Y157.394
G0 X141.672 Y112.556
G1 F1500 E1854.29654
G1 F2400 X141.672 Y156.556 E1855.17461
G1 F2352.9 X141.679 Y156.73 E1855.17815
G0 F12000 X141.975 Y157.253
G1 F2436.5 X141.679 Y156.73 E1855.18997
G1 X141.658 Y157.57 E1855.20648
G1 F2487 X142.672 Y157.556 E1855.22601
G1 X141.975 Y157.253 E1855.24065
G0 F12000 X141.763 Y157.253
G0 X169.096 Y157.466
G0 X169.096 Y156.98
G1 F2400 X168.761 Y157.156 E1855.2482
G1 X142.672 Y157.156 E1855.76883
G1 X142.247 Y156.981 E1855.77801
G1 X142.072 Y156.645 E1855.78557
G1 X142.072 Y112.156 E1856.67339
G1 X141.272 Y112.156 E1856.68936
G1 X141.273 Y157.955 E1857.60333
G1 X170.072 Y157.956 E1858.17804
G1 X170.072 Y112.156 E1859.09203
G1 X169.272 Y112.156 E1859.10799
G1 X169.272 Y156.645 E1859.99582
G1 X169.096 Y156.98 E1860.00337
G0 F12000 X168.87 Y156.591
;TYPE:WALL-OUTER
G1 F2400 X168.814 Y156.698 E1860.00578
G1 X168.707 Y156.754 E1860.00819
G1 X142.672 Y156.756 E1860.52775
G1 X142.53 Y156.698 E1860.53081
G1 X142.474 Y156.591 E1860.53322
G1 X142.472 Y111.756 E1861.42795
G1 X140.872 Y111.756 E1861.45988
G1 X140.873 Y158.355 E1862.38981
G1 X170.472 Y158.356 E1862.98049
G1 X170.472 Y111.756 E1863.91045
G1 X168.872 Y111.756 E1863.94238
G1 X168.87 Y156.591 E1864.83711
G1 F1500 E1858.33711
G0 F12000 X169.183 Y156.591
G0 X169.83 Y111.986
G0 X169.83 Y110.891
G0 X169.83 Y110.221
G0 X169.83 Y108.686
;TYPE:WALL-INNER
G1 F1500 E1864.83711
G1 F2790.7 X169.832 Y107.468 E1864.85801
G1 F1875 X169.66 Y107.068 E1864.86913
G1 X169.489 Y107.468 E1864.88025
G1 F2766.6 X169.486 Y108.727 E1864.90204
G1 F2696.6 X169.194 Y108.977 E1864.90887
G1 F2666.7 X169.821 Y108.976 E1864.92013
G1 F2727.3 X169.83 Y108.686 E1864.92523
G0 F12000 X169.66 Y107.068
G1 F1418 X169.656 Y104.542 E1865.01054
G1 F1383.3 X169.639 Y104.315 E1865.01842
G0 F12000 X169.361 Y104.118
G0 X141.985 Y104.118
G0 X141.703 Y104.313
G1 F1387.3 X141.686 Y104.527 E1865.02584
G1 F1424.3 X141.681 Y107.073 E1865.11145
G0 F12000 X141.85 Y108.726
G1 F2782.6 X141.85 Y107.473 E1865.13301
G1 F1886.1 X141.681 Y107.073 E1865.14404
G1 X141.51 Y107.473 E1865.15509
G1 F2823.5 X141.508 Y108.556 E1865.17346
G1 F2742.9 X141.521 Y108.976 E1865.1808
G1 F2666.7 X142.198 Y108.976 E1865.19296
G1 F2704.2 X141.85 Y108.726 E1865.20055
G1 F1500 E1858.70055
G0 F12000 X141.985 Y104.118
G0 X169.361 Y104.118
G0 X169.433 Y108.61
G0 X169.118 Y108.61
;TYPE:WALL-OUTER
G1 F1500 E1865.20055
G1 F2123.9 X168.964 Y108.805 E1865.20615
G1 F1912.4 X165.422 Y108.806 E1865.29486
G1 F1920 X165.422 Y109.306 E1865.30733
G1 F1912.4 X169.007 Y109.304 E1865.39712
G1 F2123.9 X169.642 Y109.356 E1865.41148
G1 F2400 X170.2 Y109.356 E1865.42262
G1 X170.203 Y107.467 E1865.46032
G1 X170.192 Y104.555 E1865.51843
G1 X170.21 Y103.757 E1865.53436
G1 X169.639 Y103.757 E1865.54575
G1 F2133.3 X168.92 Y103.806 E1865.56193
G1 F1912.4 X142.333 Y103.808 E1866.2278
G1 F2123.9 X141.703 Y103.756 E1866.24205
G1 F2400 X141.13 Y103.756 E1866.25349
G1 X141.152 Y104.554 E1866.26942
G1 X141.136 Y108.074 E1866.33967
G1 X141.143 Y109.356 E1866.36525
G1 X141.699 Y109.356 E1866.37635
G1 F2133.3 X142.42 Y109.306 E1866.39257
G1 F1920 X145.922 Y109.306 E1866.47993
G1 X145.922 Y108.806 E1866.4924
G1 X142.42 Y108.806 E1866.57976
G1 F2133.3 X142.22 Y108.61 E1866.58605
G1 F2400 X142.22 Y104.504 E1866.66799
G1 F2123.9 X142.376 Y104.307 E1866.67365
G1 F1912.4 X168.92 Y104.306 E1867.33844
G1 F2133.3 X169.12 Y104.502 E1867.34473
G1 F2400 X169.118 Y108.61 E1867.42671
G1 F1500 E1860.92671
;MESH:NONMESH
G0 F300 X169.118 Y108.61 Z9.96
G0 F12000 X169.433 Y108.61
G0 X169.361 Y108.994
G0 X165.597 Y109.132
G0 X165.597 Y110.221
G0 X151.966 Y146.518
G0 X152.203 Y147.362
;TIME_ELAPSED:3653.677607
;LAYER:82
;TYPE:SUPPORT
G1 F1500 E1867.42671
G1 F2400 X153.671 Y146.952 E1867.45713
G1 X155.137 Y147.362 E1867.48751
G1 X156.205 Y148.487 E1867.51846
G1 X156.615 Y149.89 E1867.54763
G1 X156.201 Y151.359 E1867.57809
G1 X155.139 Y152.425 E1867.60812
G1 X153.67 Y152.835 E1867.63855
G1 X152.27 Y152.426 E1867.66766
G1 X151.138 Y151.294 E1867.69961
G1 X150.725 Y149.891 E1867.72879
G1 X151.135 Y148.487 E1867.75798
G1 X152.203 Y147.362 E1867.78894
G1 F1500 E1861.28894
;MESH:9VBatteryHolder_v2.stl
G0 F12000 X151.577 Y146.769
G0 X150.369 Y148.045
G0 X149.829 Y149.894
G0 X150.319 Y151.568
G0 X152.203 Y155.891
G0 X152.203 Y156.986
G0 X142.672 Y157.556
;TYPE:WALL-INNER
G1 F1500 E1867.78894
G1 F2400 X168.672 Y157.556 E1868.3078
G1 F2352.9 X168.846 Y157.549 E1868.31134
G0 F12000 X169.369 Y157.253
G1 F2436.5 X168.846 Y157.549 E1868.32315
G1 X169.686 Y157.57 E1868.33967
G1 F2442.7 X169.665 Y156.73 E1868.35615
G1 X169.369 Y157.253 E1868.36793
G0 F12000 X169.665 Y156.73
G1 F2358.7 X169.672 Y156.556 E1868.37146
G1 F2400 X169.672 Y112.556 E1869.24953
G1 F1500 E1862.74953
G0 F12000 X169.511 Y157.394
G0 X141.835 Y157.394
G0 X141.672 Y112.556
G1 F1500 E1869.24953
G1 F2400 X141.672 Y156.556 E1870.1276
G1 F2352.9 X141.679 Y156.73 E1870.13114
G0 F12000 X141.975 Y157.253
G1 F2436.5 X141.679 Y156.73 E1870.14296
G1 X141.658 Y157.57 E1870.15947
G1 F2487 X142.672 Y157.556 E1870.179
G1 X141.975 Y157.253 E1870.19364
G0 F12000 X141.763 Y157.253
G0 X169.096 Y157.466
G0 X169.096 Y156.98
G1 F2400 X168.761 Y157.156 E1870.20119
G1 X142.672 Y157.156 E1870.72182
G1 X142.247 Y156.981 E1870.731
G1 X142.072 Y156.645 E1870.73856
G1 X142.072 Y112.156 E1871.62638
G1 X141.272 Y112.156 E1871.64235
G1 X141.273 Y157.955 E1872.55632
G1 X170.072 Y157.956 E1873.13103
G1 X170.072 Y112.156 E1874.04502
G1 X169.272 Y112.156 E1874.06098
G1 X169.272 Y156.645 E1874.94881
G1 X169.096 Y156.98 E1874.95636
G0 F12000 X168.87 Y156.591
;TYPE:WALL-OUTER
G1 F2400 X168.814 Y156.698 E1874.95877
G1 X168.707 Y156.754 E1874.96118
G1 X142.672 Y156.756 E1875.48074
G1 X142.53 Y156.698 E1875.4838
G1 X142.474 Y156.591 E1875.48621
G1 X142.472 Y111.756 E1876.38094
G1 X140.872 Y111.756 E1876.41287
G1 X140.873 Y158.355 E1877.3428
G1 X170.472 Y158.356 E1877.93348
G1 X170.472 Y111.756 E1878.86344
G1 X168.872 Y111.756 E1878.89537
G1 X168.87 Y156.591 E1879.7901
G1 F1500 E1873.2901
G0 F12000 X169.183 Y156.591
G0 X169.64 Y111.986
G0 X169.64 Y110.891
G0 X169.64 Y110.221
G0 X169.64 Y108.797
;TYPE:WALL-INNER
G1 F1500 E1879.7901
G1 F1377.3 X169.66 Y108.556 E1879.79851
G1 F1426.4 X169.654 Y104.537 E1879.93345
G1 F1389.3 X169.638 Y104.314 E1879.94116
G0 F12000 X169.361 Y104.118
G0 X141.985 Y104.118
G0 X141.703 Y104.313
G1 F1387.3 X141.686 Y104.527 E1879.94857
G1 F1428.6 X141.683 Y108.556 E1880.08365
G1 F1385.3 X141.704 Y108.8 E1880.09211
G1 F1500 E1873.59211
G0 F12000 X141.985 Y104.118
G0 X169.361 Y104.118
G0 X169.433 Y108.61
G0 X169.118 Y108.61
;TYPE:WALL-OUTER
G1 F1500 E1880.09211
G1 F2123.9 X168.964 Y108.805 E1880.09772
G1 F1912.4 X165.422 Y108.806 E1880.18643
G1 F1920 X165.422 Y109.306 E1880.1989
G1 F1912.4 X169.007 Y109.304 E1880.28868
G1 F2123.9 X169.64 Y109.355 E1880.30301
G1 F2400 X170.196 Y109.355 E1880.3141
G1 X170.203 Y107.535 E1880.35042
G1 X170.188 Y104.553 E1880.40993
G1 X170.213 Y103.757 E1880.42582
G1 X169.638 Y103.757 E1880.4373
G1 F2133.3 X168.92 Y103.806 E1880.45346
G1 F1912.4 X142.333 Y103.808 E1881.11932
G1 F2123.9 X141.703 Y103.756 E1881.13358
G1 F2400 X141.13 Y103.756 E1881.14501
G1 X141.152 Y104.554 E1881.16094
G1 X141.14 Y107.541 E1881.22055
G1 X141.151 Y109.356 E1881.25677
G1 X141.704 Y109.356 E1881.26781
G1 F2133.3 X142.42 Y109.306 E1881.28392
G1 F1920 X145.922 Y109.306 E1881.37128
G1 X145.922 Y108.806 E1881.38375
G1 X142.42 Y108.806 E1881.47111
G1 F2133.3 X142.22 Y108.611 E1881.47738
G1 F2400 X142.22 Y104.504 E1881.55934
G1 F2123.9 X142.376 Y104.307 E1881.56501
G1 F1912.4 X168.92 Y104.306 E1882.2298
G1 F2133.3 X169.12 Y104.502 E1882.23609
G1 F2400 X169.118 Y108.61 E1882.31807
G1 F1500 E1875.81807
;MESH:NONMESH
G0 F300 X169.118 Y108.61 Z10.08
G0 F12000 X169.433 Y108.61
G0 X169.361 Y108.994
G0 X165.597 Y109.132
G0 X165.597 Y110.221
G0 X151.974 Y146.531
G0 X152.212 Y147.378
;TIME_ELAPSED:3683.072749
;LAYER:83
;TYPE:SUPPORT
G1 F1500 E1882.31807
G1 F2400 X153.672 Y146.968 E1882.34833
G1 X155.132 Y147.378 E1882.37859
G1 X156.193 Y148.495 E1882.40934
G1 X156.599 Y149.89 E1882.43833
G1 X156.189 Y151.351 E1882.46861
G1 X155.131 Y152.409 E1882.49847
G1 X153.669 Y152.82 E1882.52878
G1 X152.274 Y152.414 E1882.55777
G1 X151.15 Y151.29 E1882.58949
G1 X150.741 Y149.893 E1882.61854
G1 X151.151 Y148.495 E1882.64762
G1 X152.212 Y147.378 E1882.67836
G1 F1500 E1876.17836
;MESH:9VBatteryHolder_v2.stl
G0 F12000 X151.583 Y146.783
G0 X150.382 Y148.052
G0 X149.844 Y149.894
G0 X150.333 Y151.562
G0 X152.212 Y155.891
G0 X152.212 Y156.986
G0 X142.672 Y157.556
;TYPE:WALL-INNER
G1 F1500 E1882.67836
G1 F2400 X168.672 Y157.556 E1883.19722
G1 F2352.9 X168.846 Y157.549 E1883.20076
G0 F12000 X169.369 Y157.253
G1 F2436.5 X168.846 Y157.549 E1883.21258
G1 X169.686 Y157.57 E1883.22909
G1 F2442.7 X169.665 Y156.73 E1883.24557
G1 X169.369 Y157.253 E1883.25735
G0 F12000 X169.665 Y156.73
G1 F2358.7 X169.672 Y156.556 E1883.26089
G1 F2400 X169.672 Y112.556 E1884.13895
G1 F1500 E1877.63895
G0 F12000 X169.511 Y157.394
G0 X141.835 Y157.394
G0 X141.672 Y112.556
G1 F1500 E1884.13895
G1 F2400 X141.672 Y156.556 E1885.01702
G1 F2352.9 X141.679 Y156.73 E1885.02057
G0 F12000 X141.975 Y157.253
G1 F2436.5 X141.679 Y156.73 E1885.03238
G1 X141.658 Y157.57 E1885.0489
G1 F2487 X142.672 Y157.556 E1885.06843
G1 X141.975 Y157.253 E1885.08306
G0 F12000 X141.763 Y157.253
G0 X169.096 Y157.466
G0 X169.096 Y156.98
G1 F2400 X168.761 Y157.156 E1885.09061
G1 X142.672 Y157.156 E1885.61125
G1 X142.247 Y156.981 E1885.62042
G1 X142.072 Y156.645 E1885.62798
G1 X142.072 Y112.156 E1886.51581
G1 X141.272 Y112.156 E1886.53177
G1 X141.273 Y157.955 E1887.44574
G1 X170.072 Y157.956 E1888.02045
G1 X170.072 Y112.156 E1888.93444
G1 X169.272 Y112.156 E1888.95041
G1 X169.272 Y156.645 E1889.83823
G1 X169.096 Y156.98 E1889.84579
G0 F12000 X168.87 Y156.591
;TYPE:WALL-OUTER
G1 F2400 X168.814 Y156.698 E1889.8482
G1 X168.707 Y156.754 E1889.85061
G1 X142.672 Y156.756 E1890.37016
G1 X142.53 Y156.698 E1890.37322
G1 X142.474 Y156.591 E1890.37563
G1 X142.472 Y111.756 E1891.27036
G1 X140.872 Y111.756 E1891.30229
G1 X140.873 Y158.355 E1892.23223
G1 X170.472 Y158.356 E1892.82291
G1 X170.472 Y111.756 E1893.75286
G1 X168.872 Y111.756 E1893.78479
G1 X168.87 Y156.591 E1894.67952
G1 F1500 E1888.17952
G0 F12000 X169.183 Y156.591
G0 X169.636 Y111.986
G0 X169.636 Y110.891
G0 X169.636 Y110.221
G0 X169.636 Y108.8
;TYPE:WALL-INNER
G1 F1500 E1894.67952
G1 F1379.3 X169.651 Y108.687 E1894.68348
G1 F1411.8 X169.66 Y107.008 E1894.74044
G1 F1426.4 X169.654 Y104.539 E1894.82334
G1 F1389.3 X169.637 Y104.313 E1894.83115
G0 F12000 X169.361 Y104.118
G0 X141.985 Y104.118
G0 X141.705 Y104.312
G1 F1395.3 X141.688 Y104.526 E1894.83852
G1 F1439.3 X141.686 Y108.556 E1894.97263
G1 F1395.3 X141.707 Y108.802 E1894.9811
G1 F1500 E1888.4811
G0 F12000 X141.985 Y104.118
G0 X169.361 Y104.118
G0 X169.433 Y108.611
G0 X169.118 Y108.611
;TYPE:WALL-OUTER
G1 F1500 E1894.9811
G1 F2123.9 X168.964 Y108.805 E1894.98669
G1 F1912.4 X165.422 Y108.806 E1895.0754
G1 F1920 X165.422 Y109.306 E1895.08787
G1 F1912.4 X169.007 Y109.304 E1895.17766
G1 F2123.9 X169.636 Y109.355 E1895.19189
G1 F2400 X170.188 Y109.355 E1895.2029
G1 X170.199 Y107.006 E1895.24978
G1 X170.188 Y104.554 E1895.29871
G1 X170.211 Y103.756 E1895.31464
G1 X169.637 Y103.756 E1895.3261
G1 F2133.3 X168.92 Y103.806 E1895.34224
G1 F1912.4 X142.333 Y103.808 E1896.0081
G1 F2123.9 X141.705 Y103.757 E1896.02231
G1 F2400 X141.132 Y103.756 E1896.03375
G1 X141.156 Y104.554 E1896.04968
G1 X141.144 Y107.014 E1896.09877
G1 X141.156 Y109.356 E1896.14551
G1 X141.707 Y109.356 E1896.1565
G1 F2133.3 X142.42 Y109.306 E1896.17255
G1 F1920 X145.922 Y109.306 E1896.25991
G1 X145.922 Y108.806 E1896.27238
G1 X142.42 Y108.806 E1896.35974
G1 F2133.3 X142.22 Y108.612 E1896.36599
G1 F2400 X142.22 Y104.504 E1896.44797
G1 F2123.9 X142.376 Y104.307 E1896.45364
G1 F1912.4 X168.92 Y104.306 E1897.11843
G1 F2133.3 X169.12 Y104.501 E1897.1247
G1 F2400 X169.118 Y108.611 E1897.20672
G1 F1500 E1890.70672
;MESH:NONMESH
G0 F300 X169.118 Y108.611 Z10.2
G0 F12000 X169.433 Y108.611
G0 X169.361 Y108.994
G0 X165.597 Y109.132
G0 X165.597 Y110.221
G0 X151.979 Y146.545
G0 X152.216 Y147.39
;TIME_ELAPSED:3712.463616
;LAYER:84
;TYPE:SUPPORT
G1 F1500 E1897.20672
G1 F2400 X153.672 Y146.98 E1897.23691
G1 X155.128 Y147.39 E1897.2671
G1 X156.177 Y148.499 E1897.29756
G1 X156.583 Y149.89 E1897.32648
G1 X156.177 Y151.343 E1897.35658
G1 X155.123 Y152.397 E1897.38633
G1 X153.669 Y152.807 E1897.41648
G1 X152.282 Y152.402 E1897.44531
G1 X151.162 Y151.282 E1897.47692
G1 X150.757 Y149.893 E1897.50579
G1 X151.167 Y148.499 E1897.53479
G1 X152.216 Y147.39 E1897.56525
G1 F1500 E1891.06525
;MESH:9VBatteryHolder_v2.stl
G0 F12000 X151.587 Y146.797
G0 X150.397 Y148.057
G0 X149.858 Y149.894
G0 X150.345 Y151.555
G0 X152.216 Y155.891
G0 X152.216 Y156.986
G0 X142.672 Y157.556
;TYPE:WALL-INNER
G1 F1500 E1897.56525
G1 F2400 X168.672 Y157.556 E1898.08411
G1 F2352.9 X168.846 Y157.549 E1898.08766
G0 F12000 X169.369 Y157.253
G1 F2436.5 X168.846 Y157.549 E1898.09947
G1 X169.686 Y157.57 E1898.11599
G1 F2442.7 X169.665 Y156.73 E1898.13246
G1 X169.369 Y157.253 E1898.14424
G0 F12000 X169.665 Y156.73
G1 F2358.7 X169.672 Y156.556 E1898.14778
G1 F2400 X169.672 Y112.556 E1899.02585
G1 F1500 E1892.52585
G0 F12000 X169.511 Y157.394
G0 X141.835 Y157.394
G0 X141.672 Y112.556
G1 F1500 E1899.02585
G1 F2400 X141.672 Y156.556 E1899.90392
G1 F2352.9 X141.679 Y156.73 E1899.90746
G0 F12000 X141.975 Y157.253
G1 F2436.5 X141.679 Y156.73 E1899.91927
G1 X141.658 Y157.57 E1899.93579
G1 F2487 X142.672 Y157.556 E1899.95532
G1 X141.975 Y157.253 E1899.96995
G0 F12000 X141.763 Y157.253
G0 X169.096 Y157.466
G0 X169.096 Y156.98
G1 F2400 X168.761 Y157.156 E1899.97751
G1 X142.672 Y157.156 E1900.49814
G1 X142.247 Y156.981 E1900.50731
G1 X142.072 Y156.645 E1900.51487
G1 X142.072 Y112.156 E1901.4027
G1 X141.272 Y112.156 E1901.41866
G1 X141.273 Y157.955 E1902.33263
G1 X170.072 Y157.956 E1902.90735
G1 X170.072 Y112.156 E1903.82134
G1 X169.272 Y112.156 E1903.8373
G1 X169.272 Y156.645 E1904.72513
G1 X169.096 Y156.98 E1904.73268
G0 F12000 X168.87 Y156.591
;TYPE:WALL-OUTER
G1 F2400 X168.814 Y156.698 E1904.73509
G1 X168.707 Y156.754 E1904.7375
G1 X142.672 Y156.756 E1905.25706
G1 X142.53 Y156.698 E1905.26012
G1 X142.474 Y156.591 E1905.26253
G1 X142.472 Y111.756 E1906.15726
G1 X140.872 Y111.756 E1906.18919
G1 X140.873 Y158.355 E1907.11912
G1 X170.472 Y158.356 E1907.7098
G1 X170.472 Y111.756 E1908.63975
G1 X168.872 Y111.756 E1908.67168
G1 X168.87 Y156.591 E1909.56641
G1 F1500 E1903.06641
G0 F12000 X169.183 Y156.591
G0 X169.633 Y111.986
G0 X169.633 Y110.891
G0 X169.633 Y110.221
G0 X169.633 Y108.802
;TYPE:WALL-INNER
G1 F1500 E1909.56641
G1 F1389.3 X169.649 Y108.685 E1909.57049
G1 F1420.1 X169.658 Y106.48 E1909.64485
G1 F1428.6 X169.654 Y104.538 E1909.70996
G1 F1391.3 X169.638 Y104.313 E1909.71772
G0 F12000 X169.361 Y104.118
G0 X141.985 Y104.118
G0 X141.705 Y104.312
G1 F1395.3 X141.688 Y104.525 E1909.72506
G1 F1445.8 X141.689 Y108.556 E1909.85859
G1 F1407.6 X141.711 Y108.805 E1909.8671
G1 F1500 E1903.3671
G0 F12000 X141.985 Y104.118
G0 X169.361 Y104.118
G0 X169.433 Y108.612
G0 X169.118 Y108.612
;TYPE:WALL-OUTER
G1 F1500 E1909.8671
G1 F2123.9 X168.964 Y108.805 E1909.87267
G1 F1912.4 X165.422 Y108.806 E1909.96138
G1 F1920 X165.422 Y109.306 E1909.97385
G1 F1912.4 X169.007 Y109.304 E1910.06363
G1 F2123.9 X169.633 Y109.355 E1910.0778
G1 F2400 X170.184 Y109.355 E1910.08879
G1 X170.196 Y106.478 E1910.14621
G1 X170.188 Y104.554 E1910.1846
G1 X170.203 Y104.008 E1910.1955
G1 X170.194 Y103.757 E1910.20052
G1 X169.638 Y103.757 E1910.21161
G1 F2133.3 X168.92 Y103.806 E1910.22777
G1 F1912.4 X142.333 Y103.808 E1910.89364
G1 F2123.9 X141.705 Y103.757 E1910.90785
G1 F2400 X141.15 Y103.756 E1910.91892
G1 X141.14 Y104.037 E1910.92453
G1 X141.156 Y104.554 E1910.93485
G1 X141.148 Y106.486 E1910.97341
G1 X141.163 Y109.356 E1911.03068
G1 X141.711 Y109.356 E1911.04162
G1 F2133.3 X142.42 Y109.306 E1911.05758
G1 F1920 X145.922 Y109.306 E1911.14494
G1 X145.922 Y108.806 E1911.15741
G1 X142.42 Y108.806 E1911.24477
G1 F2133.3 X142.22 Y108.612 E1911.25102
G1 F2400 X142.22 Y104.504 E1911.333
G1 F2123.9 X142.376 Y104.307 E1911.33867
G1 F1912.4 X168.92 Y104.306 E1912.00346
G1 F2133.3 X169.12 Y104.501 E1912.00973
G1 F2400 X169.118 Y108.612 E1912.09177
G1 F1500 E1905.59177
;MESH:NONMESH
G0 F300 X169.118 Y108.612 Z10.32
G0 F12000 X169.433 Y108.612
G0 X169.361 Y108.994
G0 X165.597 Y109.132
G0 X165.597 Y110.221
G0 X151.991 Y146.555
G0 X152.228 Y147.402
;TIME_ELAPSED:3741.847017
;LAYER:85
;TYPE:SUPPORT
G1 F1500 E1912.09177
G1 F2400 X153.672 Y146.996 E1912.1217
G1 X155.116 Y147.402 E1912.15164
G1 X156.169 Y148.511 E1912.18216
G1 X156.571 Y149.89 E1912.21082
G1 X156.165 Y151.335 E1912.24077
G1 X155.115 Y152.389 E1912.27046
G1 X153.67 Y152.792 E1912.3004
G1 X152.29 Y152.386 E1912.32911
G1 X151.178 Y151.274 E1912.36049
G1 X150.769 Y149.891 E1912.38927
G1 X151.175 Y148.511 E1912.41798
G1 X152.228 Y147.402 E1912.4485
G1 F1500 E1905.9485
;MESH:9VBatteryHolder_v2.stl
G0 F12000 X151.599 Y146.807
G0 X150.408 Y148.065
G0 X149.873 Y149.894
G0 X150.358 Y151.549
G0 X152.228 Y155.891
G0 X152.228 Y156.986
G0 X142.672 Y157.556
;TYPE:WALL-INNER
G1 F1500 E1912.4485
G1 F2400 X168.672 Y157.556 E1912.96735
G1 F2352.9 X168.846 Y157.549 E1912.9709
G0 F12000 X169.369 Y157.253
G1 F2436.5 X168.846 Y157.549 E1912.98271
G1 X169.686 Y157.57 E1912.99923
G1 F2442.7 X169.665 Y156.73 E1913.0157
G1 X169.369 Y157.253 E1913.02749
G0 F12000 X169.665 Y156.73
G1 F2358.7 X169.672 Y156.556 E1913.03102
G1 F2400 X169.672 Y112.556 E1913.90909
G1 F1500 E1907.40909
G0 F12000 X169.511 Y157.394
G0 X141.835 Y157.394
G0 X141.672 Y112.556
G1 F1500 E1913.90909
G1 F2400 X141.672 Y156.556 E1914.78716
G1 F2352.9 X141.679 Y156.73 E1914.7907
G0 F12000 X141.975 Y157.253
G1 F2436.5 X141.679 Y156.73 E1914.80251
G1 X141.658 Y157.57 E1914.81903
G1 F2487 X142.672 Y157.556 E1914.83856
G1 X141.975 Y157.253 E1914.8532
G0 F12000 X141.763 Y157.253
G0 X169.096 Y157.466
G0 X169.096 Y156.98
G1 F2400 X168.761 Y157.156 E1914.86075
G1 X142.672 Y157.156 E1915.38138
G1 X142.247 Y156.981 E1915.39055
G1 X142.072 Y156.645 E1915.39811
G1 X142.072 Y112.156 E1916.28594
G1 X141.272 Y112.156 E1916.30191
G1 X141.273 Y157.955 E1917.21587
G1 X170.072 Y157.956 E1917.79059
G1 X170.072 Y112.156 E1918.70458
G1 X169.272 Y112.156 E1918.72054
G1 X169.272 Y156.645 E1919.60837
G1 X169.096 Y156.98 E1919.61592
G0 F12000 X168.87 Y156.591
;TYPE:WALL-OUTER
G1 F2400 X168.814 Y156.698 E1919.61833
G1 X168.707 Y156.754 E1919.62074
G1 X142.672 Y156.756 E1920.1403
G1 X142.53 Y156.698 E1920.14336
G1 X142.474 Y156.591 E1920.14577
G1 X142.472 Y111.756 E1921.0405
G1 X140.872 Y111.756 E1921.07243
G1 X140.873 Y158.355 E1922.00236
G1 X170.472 Y158.356 E1922.59304
G1 X170.472 Y111.756 E1923.523
G1 X168.872 Y111.756 E1923.55493
G1 X168.87 Y156.591 E1924.44966
G1 F1500 E1917.94966
G0 F12000 X169.183 Y156.591
G0 X169.628 Y111.986
G0 X169.628 Y110.891
G0 X169.628 Y110.221
G0 X169.628 Y108.805
;TYPE:WALL-INNER
G1 F1500 E1924.44966
G1 F1401.5 X169.645 Y108.686 E1924.45376
G1 F1432.8 X169.656 Y105.948 E1924.54529
G1 F1437.1 X169.652 Y104.538 E1924.59228
G1 F1397.4 X169.635 Y104.312 E1924.60005
G0 F12000 X169.361 Y104.118
G0 X141.985 Y104.118
G0 X141.706 Y104.311
G1 F1397.4 X141.688 Y104.532 E1924.60765
G1 F1454.5 X141.692 Y108.556 E1924.74015
G1 F1418 X141.714 Y108.807 E1924.74866
G1 F1500 E1918.24866
G0 F12000 X141.985 Y104.118
G0 X169.361 Y104.118
G0 X169.433 Y108.612
G0 X169.118 Y108.612
;TYPE:WALL-OUTER
G1 F1500 E1924.74866
G1 F2123.9 X168.964 Y108.805 E1924.75422
G1 F1912.4 X165.422 Y108.806 E1924.84293
G1 F1920 X165.422 Y109.306 E1924.85541
G1 F1912.4 X169.007 Y109.304 E1924.94519
G1 F2123.9 X169.628 Y109.356 E1924.95924
G1 F2400 X170.176 Y109.356 E1924.97018
G1 X170.192 Y105.946 E1925.03823
G1 X170.184 Y104.553 E1925.06603
G1 X170.195 Y104.148 E1925.07412
G1 X170.182 Y103.757 E1925.08192
G1 X169.635 Y103.757 E1925.09284
G1 F2133.3 X168.92 Y103.806 E1925.10893
G1 F1912.4 X142.333 Y103.808 E1925.7748
G1 F2123.9 X141.706 Y103.756 E1925.78898
G1 F2400 X141.159 Y103.756 E1925.7999
G1 X141.148 Y104.181 E1925.80838
G1 X141.156 Y104.554 E1925.81583
G1 X141.152 Y105.957 E1925.84383
G1 X141.168 Y109.356 E1925.91166
G1 X141.714 Y109.356 E1925.92256
G1 F2133.3 X142.42 Y109.306 E1925.93845
G1 F1920 X145.922 Y109.306 E1926.0258
G1 X145.922 Y108.806 E1926.03828
G1 X142.42 Y108.806 E1926.12563
G1 F2133.3 X142.22 Y108.613 E1926.13187
G1 F2400 X142.22 Y104.504 E1926.21387
G1 F2123.9 X142.376 Y104.307 E1926.21954
G1 F1912.4 X168.92 Y104.306 E1926.88433
G1 F2133.3 X169.12 Y104.501 E1926.8906
G1 F2400 X169.118 Y108.612 E1926.97264
G1 F1500 E1920.47264
;MESH:NONMESH
G0 F300 X169.118 Y108.612 Z10.44
G0 F12000 X169.433 Y108.612
G0 X169.361 Y108.994
G0 X165.597 Y109.132
G0 X165.597 Y110.221
G0 X151.999 Y146.569
G0 X152.236 Y147.414
;TIME_ELAPSED:3771.224985
;LAYER:86
;TYPE:SUPPORT
G1 F1500 E1926.97264
G1 F2400 X153.672 Y147.008 E1927.00242
G1 X155.108 Y147.414 E1927.0322
G1 X156.157 Y148.515 E1927.06255
G1 X156.556 Y149.89 E1927.09112
G1 X156.153 Y151.331 E1927.12098
G1 X155.107 Y152.377 E1927.1505
G1 X153.67 Y152.779 E1927.18028
G1 X152.298 Y152.374 E1927.20883
G1 X151.19 Y151.266 E1927.2401
G1 X150.785 Y149.891 E1927.2687
G1 X151.187 Y148.515 E1927.29731
G1 X152.236 Y147.414 E1927.32766
G1 F1500 E1920.82766
;MESH:9VBatteryHolder_v2.stl
G0 F12000 X151.607 Y146.819
G0 X150.42 Y148.073
G0 X149.887 Y149.894
G0 X150.37 Y151.543
G0 X152.236 Y155.891
G0 X152.236 Y156.986
G0 X142.672 Y157.556
;TYPE:WALL-INNER
G1 F1500 E1927.32766
G1 F2400 X168.672 Y157.556 E1927.84652
G1 F2352.9 X168.846 Y157.549 E1927.85006
G0 F12000 X169.369 Y157.253
G1 F2436.5 X168.846 Y157.549 E1927.86187
G1 X169.686 Y157.57 E1927.87839
G1 F2442.7 X169.665 Y156.73 E1927.89487
G1 X169.369 Y157.253 E1927.90665
G0 F12000 X169.665 Y156.73
G1 F2358.7 X169.672 Y156.556 E1927.91018
G1 F2400 X169.672 Y112.556 E1928.78825
G1 F1500 E1922.28825
G0 F12000 X169.511 Y157.394
G0 X141.835 Y157.394
G0 X141.672 Y112.556
G1 F1500 E1928.78825
G1 F2400 X141.672 Y156.556 E1929.66632
G1 F2352.9 X141.679 Y156.73 E1929.66986
G0 F12000 X141.975 Y157.253
G1 F2436.5 X141.679 Y156.73 E1929.68168
G1 X141.658 Y157.57 E1929.69819
G1 F2487 X142.672 Y157.556 E1929.71772
G1 X141.975 Y157.253 E1929.73236
G0 F12000 X141.763 Y157.253
G0 X169.096 Y157.466
G0 X169.096 Y156.98
G1 F2400 X168.761 Y157.156 E1929.73991
G1 X142.672 Y157.156 E1930.26054
G1 X142.247 Y156.981 E1930.26972
G1 X142.072 Y156.645 E1930.27728
G1 X142.072 Y112.156 E1931.1651
G1 X141.272 Y112.156 E1931.18107
G1 X141.273 Y157.955 E1932.09504
G1 X170.072 Y157.956 E1932.66975
G1 X170.072 Y112.156 E1933.58374
G1 X169.272 Y112.156 E1933.5997
G1 X169.272 Y156.645 E1934.48753
G1 X169.096 Y156.98 E1934.49508
G0 F12000 X168.87 Y156.591
;TYPE:WALL-OUTER
G1 F2400 X168.814 Y156.698 E1934.49749
G1 X168.707 Y156.754 E1934.4999
G1 X142.672 Y156.756 E1935.01946
G1 X142.53 Y156.698 E1935.02252
G1 X142.474 Y156.591 E1935.02493
G1 X142.472 Y111.756 E1935.91966
G1 X140.872 Y111.756 E1935.95159
G1 X140.873 Y158.355 E1936.88152
G1 X170.472 Y158.356 E1937.4722
G1 X170.472 Y111.756 E1938.40216
G1 X168.872 Y111.756 E1938.43409
G1 X168.87 Y156.591 E1939.32882
G1 F1500 E1932.82882
G0 F12000 X169.183 Y156.591
G0 X169.626 Y111.986
G0 X169.626 Y110.891
G0 X169.626 Y110.221
G0 X169.626 Y108.807
;TYPE:WALL-INNER
G1 F1500 E1939.32882
G1 F1411.8 X169.643 Y108.684 E1939.33303
G1 F1445.8 X169.652 Y104.537 E1939.47041
G1 F1395.3 X169.635 Y104.312 E1939.47815
G0 F12000 X169.361 Y104.118
G0 X141.985 Y104.118
G0 X141.707 Y104.31
G1 F1401.5 X141.69 Y104.521 E1939.48539
G1 F1465.6 X141.696 Y108.556 E1939.61725
G1 F1430.7 X141.718 Y108.81 E1939.62578
G1 F1500 E1933.12578
G0 F12000 X141.985 Y104.118
G0 X169.361 Y104.118
G0 X169.433 Y108.613
G0 X169.118 Y108.613
;TYPE:WALL-OUTER
G1 F1500 E1939.62578
G1 F2123.9 X168.964 Y108.805 E1939.63133
G1 F1912.4 X165.422 Y108.806 E1939.72004
G1 F1920 X165.422 Y109.306 E1939.73251
G1 F1912.4 X169.007 Y109.304 E1939.8223
G1 F2123.9 X169.626 Y109.355 E1939.8363
G1 F2400 X170.172 Y109.355 E1939.8472
G1 X170.188 Y105.418 E1939.92577
G1 X170.184 Y104.553 E1939.94303
G1 X170.191 Y104.287 E1939.94834
G1 X170.171 Y103.756 E1939.95894
G1 X169.635 Y103.756 E1939.96964
G1 F2133.3 X168.92 Y103.806 E1939.98573
G1 F1912.4 X142.333 Y103.808 E1940.6516
G1 F2123.9 X141.707 Y103.756 E1940.66577
G1 F2400 X141.17 Y103.756 E1940.67648
G1 X141.152 Y104.327 E1940.68788
G1 X141.16 Y104.554 E1940.69242
G1 X141.156 Y105.426 E1940.70982
G1 X141.175 Y109.356 E1940.78825
G1 X141.718 Y109.356 E1940.79908
G1 F2133.3 X142.42 Y109.306 E1940.81488
G1 F1920 X145.922 Y109.306 E1940.90224
G1 X145.922 Y108.806 E1940.91471
G1 X142.42 Y108.806 E1941.00207
G1 F2133.3 X142.223 Y108.616 E1941.00821
G1 F2400 X142.22 Y104.503 E1941.09029
G1 F2123.9 X142.376 Y104.307 E1941.09594
G1 F1912.4 X168.92 Y104.306 E1941.76073
G1 F2133.3 X169.12 Y104.501 E1941.76701
G1 F2400 X169.118 Y108.613 E1941.84906
G1 F1500 E1935.34906
;MESH:NONMESH
G0 F300 X169.118 Y108.613 Z10.56
G0 F12000 X169.433 Y108.613
G0 X169.361 Y108.994
G0 X165.597 Y109.132
G0 X165.597 Y110.221
G0 X152.003 Y146.581
G0 X152.24 Y147.426
;TIME_ELAPSED:3800.596630
;LAYER:87
;TYPE:SUPPORT
G1 F1500 E1941.84906
G1 F2400 X153.671 Y147.024 E1941.87873
G1 X155.101 Y147.426 E1941.90837
G1 X156.145 Y148.523 E1941.93859
G1 X156.54 Y149.89 E1941.96699
G1 X156.141 Y151.323 E1941.99667
G1 X155.103 Y152.361 E1942.02597
G1 X153.67 Y152.763 E1942.05567
G1 X152.302 Y152.362 E1942.08412
G1 X151.202 Y151.262 E1942.11516
G1 X150.801 Y149.891 E1942.14367
G1 X151.199 Y148.523 E1942.1721
G1 X152.24 Y147.426 E1942.20228
G1 F1500 E1935.70228
;MESH:9VBatteryHolder_v2.stl
G0 F12000 X151.613 Y146.833
G0 X150.433 Y148.08
G0 X149.902 Y149.894
G0 X150.384 Y151.536
G0 X152.24 Y155.891
G0 X152.24 Y156.986
G0 X142.672 Y157.556
;TYPE:WALL-INNER
G1 F1500 E1942.20228
G1 F2400 X168.672 Y157.556 E1942.72114
G1 F2352.9 X168.846 Y157.549 E1942.72468
G0 F12000 X169.369 Y157.253
G1 F2436.5 X168.846 Y157.549 E1942.73649
G1 X169.686 Y157.57 E1942.75301
G1 F2442.7 X169.665 Y156.73 E1942.76949
G1 X169.369 Y157.253 E1942.78127
G0 F12000 X169.665 Y156.73
G1 F2358.7 X169.672 Y156.556 E1942.7848
G1 F2400 X169.672 Y112.556 E1943.66287
G1 F1500 E1937.16287
G0 F12000 X169.511 Y157.394
G0 X141.835 Y157.394
G0 X141.672 Y112.556
G1 F1500 E1943.66287
G1 F2400 X141.672 Y156.556 E1944.54094
G1 F2352.9 X141.679 Y156.73 E1944.54448
G0 F12000 X141.975 Y157.253
G1 F2436.5 X141.679 Y156.73 E1944.5563
G1 X141.658 Y157.57 E1944.57281
G1 F2487 X142.672 Y157.556 E1944.59234
G1 X141.975 Y157.253 E1944.60698
G0 F12000 X141.763 Y157.253
G0 X169.096 Y157.466
G0 X169.096 Y156.98
G1 F2400 X168.761 Y157.156 E1944.61453
G1 X142.672 Y157.156 E1945.13517
G1 X142.247 Y156.981 E1945.14434
G1 X142.072 Y156.645 E1945.1519
G1 X142.072 Y112.156 E1946.03972
G1 X141.272 Y112.156 E1946.05569
G1 X141.273 Y157.955 E1946.96966
G1 X170.072 Y157.956 E1947.54437
G1 X170.072 Y112.156 E1948.45836
G1 X169.272 Y112.156 E1948.47433
G1 X169.272 Y156.645 E1949.36215
G1 X169.096 Y156.98 E1949.3697
G0 F12000 X168.87 Y156.591
;TYPE:WALL-OUTER
G1 F2400 X168.814 Y156.698 E1949.37211
G1 X168.707 Y156.754 E1949.37452
G1 X142.672 Y156.756 E1949.89408
G1 X142.53 Y156.698 E1949.89714
G1 X142.474 Y156.591 E1949.89955
G1 X142.472 Y111.756 E1950.79428
G1 X140.872 Y111.756 E1950.82621
G1 X140.873 Y158.355 E1951.75615
G1 X170.472 Y158.356 E1952.34683
G1 X170.472 Y111.756 E1953.27678
G1 X168.872 Y111.756 E1953.30871
G1 X168.87 Y156.591 E1954.20344
G1 F1500 E1947.70344
G0 F12000 X169.183 Y156.591
G0 X169.621 Y111.986
G0 X169.621 Y110.891
G0 X169.621 Y110.221
G0 X169.621 Y108.81
;TYPE:WALL-INNER
G1 F1500 E1954.20344
G1 F1422.2 X169.639 Y108.685 E1954.20769
G1 F1443.6 X169.651 Y104.467 E1954.34763
G1 F1395.3 X169.63 Y104.308 E1954.35314
G0 F12000 X169.361 Y104.118
G0 X141.985 Y104.118
G0 X141.712 Y104.306
G1 F1401.5 X141.69 Y104.479 E1954.3591
G1 F1463.4 X141.698 Y108.556 E1954.49253
G1 F1441.4 X141.721 Y108.812 E1954.50107
G1 F1500 E1948.00107
G0 F12000 X141.985 Y104.118
G0 X169.361 Y104.118
G0 X169.433 Y108.613
G0 X169.118 Y108.613
;TYPE:WALL-OUTER
G1 F1500 E1954.50107
G1 F2123.9 X168.964 Y108.805 E1954.50662
G1 F1912.4 X165.422 Y108.806 E1954.59533
G1 F1920 X165.422 Y109.306 E1954.6078
G1 F1912.4 X169.007 Y109.304 E1954.69759
G1 F2123.9 X169.621 Y109.356 E1954.71148
G1 F2400 X170.164 Y109.356 E1954.72232
G1 X170.187 Y104.449 E1954.82025
G1 X170.162 Y103.756 E1954.83408
G1 X169.63 Y103.756 E1954.8447
G1 F2133.3 X168.92 Y103.806 E1954.86068
G1 F1912.4 X142.333 Y103.808 E1955.52655
G1 F2123.9 X141.712 Y103.756 E1955.5406
G1 F2400 X141.181 Y103.756 E1955.5512
G1 X141.156 Y104.481 E1955.56567
G1 X141.18 Y109.356 E1955.66296
G1 X141.721 Y109.356 E1955.67376
G1 F2133.3 X142.42 Y109.306 E1955.68949
G1 F1920 X145.922 Y109.306 E1955.77685
G1 X145.922 Y108.806 E1955.78932
G1 X142.42 Y108.806 E1955.87668
G1 F2133.3 X142.223 Y108.616 E1955.88282
G1 F2400 X142.221 Y104.502 E1955.96492
G1 F2123.9 X142.376 Y104.307 E1955.97054
G1 F1912.4 X168.92 Y104.306 E1956.63533
G1 F2133.3 X169.119 Y104.5 E1956.64157
G1 F2400 X169.118 Y108.613 E1956.72365
G1 F1500 E1950.22365
;MESH:NONMESH
G0 F300 X169.118 Y108.613 Z10.68
G0 F12000 X169.433 Y108.613
G0 X169.361 Y108.994
G0 X165.597 Y109.132
G0 X165.597 Y110.221
G0 X152.011 Y146.594
G0 X152.248 Y147.438
;TIME_ELAPSED:3829.963402
;LAYER:88
;TYPE:SUPPORT
G1 F1500 E1956.72365
G1 F2400 X153.671 Y147.04 E1956.75314
G1 X155.093 Y147.438 E1956.78261
G1 X156.133 Y148.531 E1956.81271
G1 X156.527 Y149.889 E1956.84093
G1 X156.125 Y151.315 E1956.8705
G1 X155.095 Y152.349 E1956.89962
G1 X153.67 Y152.748 E1956.92916
G1 X152.31 Y152.35 E1956.95743
G1 X151.214 Y151.254 E1956.98837
G1 X150.813 Y149.891 E1957.01672
G1 X151.211 Y148.531 E1957.045
G1 X152.248 Y147.438 E1957.07506
G1 F1500 E1950.57506
;MESH:9VBatteryHolder_v2.stl
G0 F12000 X151.622 Y146.845
G0 X150.446 Y148.086
G0 X149.917 Y149.894
G0 X150.397 Y151.53
G0 X152.248 Y155.891
G0 X152.248 Y156.986
G0 X142.672 Y157.556
;TYPE:WALL-INNER
G1 F1500 E1957.07506
G1 F2400 X168.672 Y157.556 E1957.59392
G1 F2352.9 X168.846 Y157.549 E1957.59747
G0 F12000 X169.369 Y157.253
G1 F2436.5 X168.846 Y157.549 E1957.60928
G1 X169.686 Y157.57 E1957.6258
G1 F2442.7 X169.665 Y156.73 E1957.64227
G1 X169.369 Y157.253 E1957.65405
G0 F12000 X169.665 Y156.73
G1 F2358.7 X169.672 Y156.556 E1957.65759
G1 F2400 X169.672 Y112.556 E1958.53566
G1 F1500 E1952.03566
G0 F12000 X169.511 Y157.394
G0 X141.835 Y157.394
G0 X141.672 Y112.556
G1 F1500 E1958.53566
G1 F2400 X141.672 Y156.556 E1959.41372
G1 F2352.9 X141.679 Y156.73 E1959.41727
G0 F12000 X141.975 Y157.253
G1 F2436.5 X141.679 Y156.73 E1959.42908
G1 X141.658 Y157.57 E1959.4456
G1 F2487 X142.672 Y157.556 E1959.46513
G1 X141.975 Y157.253 E1959.47976
G0 F12000 X141.763 Y157.253
G0 X169.096 Y157.466
G0 X169.096 Y156.98
G1 F2400 X168.761 Y157.156 E1959.48732
G1 X142.672 Y157.156 E1960.00795
G1 X142.247 Y156.981 E1960.01712
G1 X142.072 Y156.645 E1960.02468
G1 X142.072 Y112.156 E1960.91251
G1 X141.272 Y112.156 E1960.92847
G1 X141.273 Y157.955 E1961.84244
G1 X170.072 Y157.956 E1962.41716
G1 X170.072 Y112.156 E1963.33115
G1 X169.272 Y112.156 E1963.34711
G1 X169.272 Y156.645 E1964.23494
G1 X169.096 Y156.98 E1964.24249
G0 F12000 X168.87 Y156.591
;TYPE:WALL-OUTER
G1 F2400 X168.814 Y156.698 E1964.2449
G1 X168.707 Y156.754 E1964.24731
G1 X142.672 Y156.756 E1964.76687
G1 X142.53 Y156.698 E1964.76993
G1 X142.474 Y156.591 E1964.77234
G1 X142.472 Y111.756 E1965.66707
G1 X140.872 Y111.756 E1965.699
G1 X140.873 Y158.355 E1966.62893
G1 X170.472 Y158.356 E1967.21961
G1 X170.472 Y111.756 E1968.14956
G1 X168.872 Y111.756 E1968.18149
G1 X168.87 Y156.591 E1969.07622
G1 F1500 E1962.57622
G0 F12000 X169.183 Y156.591
G0 X169.616 Y111.986
G0 X169.616 Y110.891
G0 X169.616 Y110.221
G0 X169.616 Y108.813
;TYPE:WALL-INNER
G1 F1500 E1969.07622
G1 F1441.4 X169.635 Y108.683 E1969.08059
G1 F1472.4 X169.647 Y104.495 E1969.21682
G1 F1424.3 X169.623 Y104.303 E1969.22333
G0 F12000 X169.361 Y104.118
G0 X141.985 Y104.118
G0 X141.72 Y104.301
G1 F1430.7 X141.695 Y104.511 E1969.23041
G1 F1472.4 X141.705 Y108.683 E1969.36611
G1 F1437.1 X141.724 Y108.814 E1969.37053
G1 F1500 E1962.87053
G0 F12000 X141.985 Y104.118
G0 X169.361 Y104.118
G0 X169.433 Y108.614
G0 X169.118 Y108.614
;TYPE:WALL-OUTER
G1 F1500 E1969.37053
G1 F2123.9 X168.964 Y108.805 E1969.37606
G1 F1912.4 X165.422 Y108.806 E1969.46477
G1 F1920 X165.422 Y109.306 E1969.47724
G1 F1912.4 X169.007 Y109.304 E1969.56703
G1 F2123.9 X169.616 Y109.355 E1969.58081
G1 F2400 X170.156 Y109.355 E1969.59158
G1 X170.175 Y104.478 E1969.68891
G1 X170.15 Y103.757 E1969.70331
G1 X169.623 Y103.757 E1969.71382
G1 F2133.3 X168.92 Y103.806 E1969.72964
G1 F1912.4 X142.333 Y103.808 E1970.39551
G1 F2123.9 X141.72 Y103.756 E1970.40939
G1 F2400 X141.194 Y103.756 E1970.41988
G1 X141.168 Y104.557 E1970.43588
G1 X141.184 Y109.356 E1970.53165
G1 X141.724 Y109.356 E1970.54242
G1 F2133.3 X142.42 Y109.306 E1970.55809
G1 F1920 X145.922 Y109.306 E1970.64545
G1 X145.922 Y108.806 E1970.65792
G1 X142.42 Y108.806 E1970.74528
G1 F2133.3 X142.22 Y108.615 E1970.75149
G1 F2400 X142.22 Y104.502 E1970.83356
G1 F2123.9 X142.376 Y104.307 E1970.8392
G1 F1912.4 X168.92 Y104.306 E1971.50399
G1 F2133.3 X169.12 Y104.499 E1971.51023
G1 F2400 X169.118 Y108.614 E1971.59235
G1 F1500 E1965.09235
;MESH:NONMESH
G0 F300 X169.118 Y108.614 Z10.8
G0 F12000 X169.433 Y108.614
G0 X169.361 Y108.994
G0 X165.597 Y109.132
G0 X165.597 Y110.221
G0 X152.019 Y146.607
G0 X152.256 Y147.45
;TIME_ELAPSED:3859.321648
;LAYER:89
;TYPE:SUPPORT
G1 F1500 E1971.59235
G1 F2400 X153.672 Y147.052 E1971.6217
G1 X155.088 Y147.45 E1971.65105
G1 X156.121 Y148.539 E1971.68101
G1 X156.512 Y149.889 E1971.70905
G1 X156.113 Y151.307 E1971.73845
G1 X155.087 Y152.337 E1971.76746
G1 X153.67 Y152.732 E1971.79682
G1 X152.318 Y152.338 E1971.82492
G1 X151.226 Y151.246 E1971.85574
G1 X150.829 Y149.891 E1971.88392
G1 X151.223 Y148.539 E1971.91202
G1 X152.256 Y147.45 E1971.94197
G1 F1500 E1965.44197
;MESH:9VBatteryHolder_v2.stl
G0 F12000 X151.629 Y146.856
G0 X150.458 Y148.093
G0 X149.931 Y149.894
G0 X150.409 Y151.524
G0 X152.256 Y155.891
G0 X152.256 Y156.986
G0 X142.672 Y157.556
;TYPE:WALL-INNER
G1 F1500 E1971.94197
G1 F2400 X168.672 Y157.556 E1972.46083
G1 F2352.9 X168.846 Y157.549 E1972.46438
G0 F12000 X169.369 Y157.253
G1 F2436.5 X168.846 Y157.549 E1972.47619
G1 X169.686 Y157.57 E1972.49271
G1 F2442.7 X169.665 Y156.73 E1972.50918
G1 X169.369 Y157.253 E1972.52096
G0 F12000 X169.665 Y156.73
G1 F2358.7 X169.672 Y156.556 E1972.5245
G1 F2400 X169.672 Y112.556 E1973.40257
G1 F1500 E1966.90257
G0 F12000 X169.511 Y157.394
G0 X141.835 Y157.394
G0 X141.672 Y112.556
G1 F1500 E1973.40257
G1 F2400 X141.672 Y156.556 E1974.28064
G1 F2352.9 X141.679 Y156.73 E1974.28418
G0 F12000 X141.975 Y157.253
G1 F2436.5 X141.679 Y156.73 E1974.29599
G1 X141.658 Y157.57 E1974.31251
G1 F2487 X142.672 Y157.556 E1974.33204
G1 X141.975 Y157.253 E1974.34668
G0 F12000 X141.763 Y157.253
G0 X169.096 Y157.466
G0 X169.096 Y156.98
G1 F2400 X168.761 Y157.156 E1974.35423
G1 X142.672 Y157.156 E1974.87486
G1 X142.247 Y156.981 E1974.88403
G1 X142.072 Y156.645 E1974.89159
G1 X142.072 Y112.156 E1975.77942
G1 X141.272 Y112.156 E1975.79538
G1 X141.273 Y157.955 E1976.70935
G1 X170.072 Y157.956 E1977.28407
G1 X170.072 Y112.156 E1978.19806
G1 X169.272 Y112.156 E1978.21402
G1 X169.272 Y156.645 E1979.10185
G1 X169.096 Y156.98 E1979.1094
G0 F12000 X168.87 Y156.591
;TYPE:WALL-OUTER
G1 F2400 X168.814 Y156.698 E1979.11181
G1 X168.707 Y156.754 E1979.11422
G1 X142.672 Y156.756 E1979.63378
G1 X142.53 Y156.698 E1979.63684
G1 X142.474 Y156.591 E1979.63925
G1 X142.472 Y111.756 E1980.53398
G1 X140.872 Y111.756 E1980.56591
G1 X140.873 Y158.355 E1981.49584
G1 X170.472 Y158.356 E1982.08652
G1 X170.472 Y111.756 E1983.01647
G1 X168.872 Y111.756 E1983.0484
G1 X168.87 Y156.591 E1983.94314
G1 F1500 E1977.44314
G0 F12000 X169.183 Y156.591
G0 X169.614 Y111.986
G0 X169.614 Y110.891
G0 X169.614 Y110.221
G0 X169.614 Y108.815
;TYPE:WALL-INNER
G1 F1500 E1983.94314
G1 F1448 X169.633 Y108.684 E1983.94751
G1 F1493 X169.642 Y106.848 E1984.00641
G1 F1507.1 X169.636 Y104.537 E1984.07986
G1 F1459 X169.617 Y104.299 E1984.08769
G0 F12000 X169.361 Y104.118
G0 X141.985 Y104.118
G0 X141.726 Y104.297
G1 F1461.2 X141.704 Y104.535 E1984.09553
G1 F1519 X141.704 Y108.556 E1984.22231
G1 F1463.4 X141.728 Y108.817 E1984.23089
G1 F1500 E1977.73089
G0 F12000 X141.985 Y104.118
G0 X169.361 Y104.118
G0 X169.433 Y108.614
G0 X169.118 Y108.614
;TYPE:WALL-OUTER
G1 F1500 E1984.23089
G1 F2123.9 X168.964 Y108.805 E1984.23642
G1 F1912.4 X165.422 Y108.806 E1984.32513
G1 F1920 X165.422 Y109.306 E1984.33761
G1 F1912.4 X169.007 Y109.304 E1984.42739
G1 F2123.9 X169.614 Y109.356 E1984.44113
G1 F2400 X170.152 Y109.356 E1984.45187
G1 X170.163 Y106.846 E1984.50196
G1 X170.152 Y104.553 E1984.54772
G1 X170.159 Y104.283 E1984.55311
G1 X170.142 Y103.757 E1984.56361
G1 X169.617 Y103.757 E1984.57409
G1 F2133.3 X168.92 Y103.806 E1984.58977
G1 F1912.4 X142.333 Y103.808 E1985.25564
G1 F2123.9 X141.726 Y103.756 E1985.26938
G1 F2400 X141.202 Y103.756 E1985.27984
G1 X141.185 Y104.346 E1985.29161
G1 X141.18 Y106.854 E1985.34166
G1 X141.191 Y109.356 E1985.3916
G1 X141.728 Y109.356 E1985.40231
G1 F2133.3 X142.42 Y109.306 E1985.41789
G1 F1920 X145.922 Y109.306 E1985.50525
G1 X145.922 Y108.806 E1985.51772
G1 X142.42 Y108.806 E1985.60508
G1 F2133.3 X142.223 Y108.618 E1985.61119
G1 F2400 X142.22 Y104.501 E1985.69335
G1 F2123.9 X142.376 Y104.307 E1985.69896
G1 F1912.4 X168.92 Y104.306 E1986.36375
G1 F2133.3 X169.12 Y104.498 E1986.36998
G1 F2400 X169.118 Y108.614 E1986.45212
G1 F1500 E1979.95212
;MESH:NONMESH
G0 F300 X169.118 Y108.614 Z10.92
G0 F12000 X169.433 Y108.614
G0 X169.361 Y108.994
G0 X165.597 Y109.132
G0 X165.597 Y110.221
G0 X152.026 Y146.619
G0 X152.264 Y147.466
;TIME_ELAPSED:3888.668969
;LAYER:90
;TYPE:SUPPORT
G1 F1500 E1986.45212
G1 F2400 X153.672 Y147.068 E1986.48132
G1 X155.08 Y147.466 E1986.51052
G1 X156.105 Y148.543 E1986.54019
G1 X156.499 Y149.89 E1986.56819
G1 X156.105 Y151.299 E1986.59739
G1 X155.079 Y152.325 E1986.62635
G1 X153.67 Y152.72 E1986.65555
G1 X152.326 Y152.326 E1986.6835
G1 X151.238 Y151.238 E1986.7142
G1 X150.845 Y149.892 E1986.74219
G1 X151.239 Y148.543 E1986.77023
G1 X152.264 Y147.466 E1986.7999
G1 F1500 E1980.2999
;MESH:9VBatteryHolder_v2.stl
G0 F12000 X151.635 Y146.871
G0 X150.471 Y148.101
G0 X149.946 Y149.894
G0 X150.374 Y151.356
G0 X152.264 Y155.891
G0 X152.264 Y156.986
G0 X142.672 Y157.556
;TYPE:WALL-INNER
G1 F1500 E1986.7999
G1 F2400 X168.672 Y157.556 E1987.31876
G1 F2352.9 X168.846 Y157.549 E1987.3223
G0 F12000 X169.369 Y157.253
G1 F2436.5 X168.846 Y157.549 E1987.33412
G1 X169.686 Y157.57 E1987.35063
G1 F2442.7 X169.665 Y156.73 E1987.36711
G1 X169.369 Y157.253 E1987.37889
G0 F12000 X169.665 Y156.73
G1 F2358.7 X169.672 Y156.556 E1987.38243
G1 F2400 X169.672 Y112.556 E1988.2605
G1 F1500 E1981.7605
G0 F12000 X169.511 Y157.394
G0 X141.835 Y157.394
G0 X141.672 Y112.556
G1 F1500 E1988.2605
G1 F2400 X141.672 Y156.556 E1989.13856
G1 F2352.9 X141.679 Y156.73 E1989.14211
G0 F12000 X141.975 Y157.253
G1 F2436.5 X141.679 Y156.73 E1989.15392
G1 X141.658 Y157.57 E1989.17044
G1 F2487 X142.672 Y157.556 E1989.18997
G1 X141.975 Y157.253 E1989.2046
G0 F12000 X141.763 Y157.253
G0 X169.096 Y157.466
G0 X169.096 Y156.98
G1 F2400 X168.761 Y157.156 E1989.21215
G1 X142.672 Y157.156 E1989.73279
G1 X142.247 Y156.981 E1989.74196
G1 X142.072 Y156.645 E1989.74952
G1 X142.072 Y112.156 E1990.63735
G1 X141.272 Y112.156 E1990.65331
G1 X141.273 Y157.955 E1991.56728
G1 X170.072 Y157.956 E1992.142
G1 X170.072 Y112.156 E1993.05598
G1 X169.272 Y112.156 E1993.07195
G1 X169.272 Y156.645 E1993.95977
G1 X169.096 Y156.98 E1993.96733
G0 F12000 X168.87 Y156.591
;TYPE:WALL-OUTER
G1 F2400 X168.814 Y156.698 E1993.96974
G1 X168.707 Y156.754 E1993.97215
G1 X142.672 Y156.756 E1994.4917
G1 X142.53 Y156.698 E1994.49476
G1 X142.474 Y156.591 E1994.49717
G1 X142.472 Y111.756 E1995.39191
G1 X140.872 Y111.756 E1995.42384
G1 X140.873 Y158.355 E1996.35377
G1 X170.472 Y158.356 E1996.94445
G1 X170.472 Y111.756 E1997.8744
G1 X168.872 Y111.756 E1997.90633
G1 X168.87 Y156.591 E1998.80106
G1 F1500 E1992.30106
G0 F12000 X169.183 Y156.591
G0 X169.611 Y111.986
G0 X169.611 Y110.891
G0 X169.611 Y110.221
G0 X169.611 Y108.817
;TYPE:WALL-INNER
G1 F1500 E1998.80106
G1 F1474.7 X169.636 Y108.642 E1998.8068
G1 F1550.9 X169.626 Y104.54 E1998.93348
G1 F1500 X169.605 Y104.29 E1998.94149
G0 F12000 X169.361 Y104.118
G0 X141.985 Y104.118
G0 X141.737 Y104.289
G1 F1504.7 X141.716 Y104.526 E1998.94907
G1 F1550.9 X141.706 Y108.543 E1999.07312
G1 F1474.7 X141.731 Y108.819 E1999.08212
G1 F1500 E1992.58212
G0 F12000 X141.985 Y104.118
G0 X169.361 Y104.118
G0 X169.433 Y108.615
G0 X169.118 Y108.615
;TYPE:WALL-OUTER
G1 F1500 E1999.08212
G1 F2123.9 X168.964 Y108.805 E1999.08764
G1 F1912.4 X165.422 Y108.806 E1999.17634
G1 F1920 X165.422 Y109.306 E1999.18882
G1 F1912.4 X169.007 Y109.304 E1999.2786
G1 F2123.9 X169.611 Y109.355 E1999.29227
G1 F2400 X170.145 Y109.355 E1999.30293
G1 X170.151 Y108.537 E1999.31925
G1 X170.132 Y104.554 E1999.39874
G1 X170.143 Y104.125 E1999.4073
G1 X170.13 Y103.757 E1999.41465
G1 X169.605 Y103.756 E1999.42513
G1 F2133.3 X168.92 Y103.806 E1999.44055
G1 F1912.4 X142.333 Y103.808 E2000.10642
G1 F2123.9 X141.737 Y103.756 E2000.11991
G1 F2400 X141.214 Y103.756 E2000.13034
G1 X141.2 Y104.169 E2000.13859
G1 X141.212 Y104.554 E2000.14628
G1 X141.192 Y108.546 E2000.22594
G1 X141.199 Y109.356 E2000.24211
G1 X141.731 Y109.356 E2000.25273
G1 F2133.3 X142.42 Y109.306 E2000.26823
G1 F1920 X145.922 Y109.306 E2000.35559
G1 X145.922 Y108.806 E2000.36806
G1 X142.42 Y108.806 E2000.45542
G1 F2133.3 X142.223 Y108.618 E2000.46154
G1 F2400 X142.22 Y104.499 E2000.54374
G1 F2123.9 X142.376 Y104.307 E2000.54931
G1 F1912.4 X168.92 Y104.306 E2001.21411
G1 F2133.3 X169.12 Y104.495 E2001.22028
G1 F2400 X169.118 Y108.615 E2001.3025
G1 F1500 E1994.8025
;MESH:NONMESH
G0 F300 X169.118 Y108.615 Z11.04
G0 F12000 X169.433 Y108.615
G0 X169.361 Y108.994
G0 X165.597 Y109.132
G0 X165.597 Y110.221
G0 X152.034 Y146.632
G0 X152.272 Y147.478
;TIME_ELAPSED:3918.002873
;LAYER:91
;TYPE:SUPPORT
G1 F1500 E2001.3025
G1 F2400 X153.672 Y147.084 E2001.33153
G1 X155.072 Y147.478 E2001.36055
G1 X156.093 Y148.551 E2001.39011
G1 X156.483 Y149.889 E2001.41792
G1 X156.089 Y151.291 E2001.44698
G1 X155.071 Y152.309 E2001.47571
G1 X153.67 Y152.703 E2001.50476
G1 X152.33 Y152.31 E2001.53262
G1 X151.254 Y151.234 E2001.56299
G1 X150.857 Y149.891 E2001.59094
G1 X151.251 Y148.551 E2001.61881
G1 X152.272 Y147.478 E2001.64837
G1 F1500 E1995.14837
;MESH:9VBatteryHolder_v2.stl
G0 F12000 X151.643 Y146.883
G0 X150.484 Y148.107
G0 X149.961 Y149.894
G0 X150.435 Y151.511
G0 X152.272 Y155.891
G0 X152.272 Y156.986
G0 X142.672 Y157.556
;TYPE:WALL-INNER
G1 F1500 E2001.64837
G1 F2400 X168.672 Y157.556 E2002.16723
G1 F2352.9 X168.846 Y157.549 E2002.17077
G0 F12000 X169.369 Y157.253
G1 F2436.5 X168.846 Y157.549 E2002.18258
G1 X169.686 Y157.57 E2002.1991
G1 F2442.7 X169.665 Y156.73 E2002.21558
G1 X169.369 Y157.253 E2002.22736
G0 F12000 X169.665 Y156.73
G1 F2358.7 X169.672 Y156.556 E2002.23089
G1 F2400 X169.672 Y112.556 E2003.10896
G1 F1500 E1996.60896
G0 F12000 X169.511 Y157.394
G0 X141.835 Y157.394
G0 X141.672 Y112.556
G1 F1500 E2003.10896
G1 F2400 X141.672 Y156.556 E2003.98703
G1 F2352.9 X141.679 Y156.73 E2003.99057
G0 F12000 X141.975 Y157.253
G1 F2436.5 X141.679 Y156.73 E2004.00239
G1 X141.658 Y157.57 E2004.0189
G1 F2487 X142.672 Y157.556 E2004.03843
G1 X141.975 Y157.253 E2004.05307
G0 F12000 X141.763 Y157.253
G0 X169.096 Y157.466
G0 X169.096 Y156.98
G1 F2400 X168.761 Y157.156 E2004.06062
G1 X142.672 Y157.156 E2004.58125
G1 X142.247 Y156.981 E2004.59043
G1 X142.072 Y156.645 E2004.59799
G1 X142.072 Y112.156 E2005.48581
G1 X141.272 Y112.156 E2005.50178
G1 X141.273 Y157.955 E2006.41575
G1 X170.072 Y157.956 E2006.99046
G1 X170.072 Y112.156 E2007.90445
G1 X169.272 Y112.156 E2007.92042
G1 X169.272 Y156.645 E2008.80824
G1 X169.096 Y156.98 E2008.81579
G0 F12000 X168.87 Y156.591
;TYPE:WALL-OUTER
G1 F2400 X168.814 Y156.698 E2008.8182
G1 X168.707 Y156.754 E2008.82061
G1 X142.672 Y156.756 E2009.34017
G1 X142.53 Y156.698 E2009.34323
G1 X142.474 Y156.591 E2009.34564
G1 X142.472 Y111.756 E2010.24037
G1 X140.872 Y111.756 E2010.2723
G1 X140.873 Y158.355 E2011.20223
G1 X170.472 Y158.356 E2011.79291
G1 X170.472 Y111.756 E2012.72287
G1 X168.872 Y111.756 E2012.7548
G1 X168.87 Y156.591 E2013.64953
G1 F1500 E2007.14953
G0 F12000 X169.183 Y156.591
G0 X169.597 Y111.986
G0 X169.597 Y110.891
G0 X169.597 Y110.221
G0 X169.597 Y108.827
;TYPE:WALL-INNER
G1 F1500 E2013.64953
G1 F1504.7 X169.617 Y108.676 E2013.65438
G1 F1586.8 X169.616 Y104.541 E2013.77919
G1 F1545.9 X169.593 Y104.282 E2013.78724
G0 F12000 X169.361 Y104.118
G0 X141.985 Y104.118
G0 X141.749 Y104.281
G1 F1548.4 X141.726 Y104.528 E2013.79492
G1 F1597.3 X141.724 Y108.675 E2013.91926
G1 F1516.6 X141.746 Y108.829 E2013.92417
G1 F1500 E2007.42417
G0 F12000 X141.985 Y104.118
G0 X169.361 Y104.118
G0 X169.433 Y108.618
G0 X169.117 Y108.618
;TYPE:WALL-OUTER
G1 F1500 E2013.92417
G1 F2123.9 X168.964 Y108.805 E2013.92962
G1 F1912.4 X165.422 Y108.806 E2014.01833
G1 F1920 X165.422 Y109.306 E2014.0308
G1 F1912.4 X169.007 Y109.304 E2014.12059
G1 F2123.9 X169.597 Y109.356 E2014.13394
G1 F2400 X170.127 Y109.356 E2014.14452
G1 X170.112 Y104.554 E2014.24035
G1 X170.132 Y103.757 E2014.25626
G1 X169.593 Y103.757 E2014.26702
G1 F2133.3 X168.92 Y103.806 E2014.28217
G1 F1912.4 X142.333 Y103.808 E2014.94803
G1 F2123.9 X141.749 Y103.756 E2014.96126
G1 F2400 X141.21 Y103.756 E2014.97201
G1 X141.232 Y104.554 E2014.98794
G1 X141.217 Y109.356 E2015.08377
G1 X141.746 Y109.356 E2015.09433
G1 F2133.3 X142.42 Y109.306 E2015.1095
G1 F1920 X145.922 Y109.306 E2015.19686
G1 X145.922 Y108.806 E2015.20933
G1 X142.42 Y108.806 E2015.29669
G1 F2133.3 X142.222 Y108.621 E2015.30277
G1 F2400 X142.22 Y104.497 E2015.38507
G1 F2123.9 X142.376 Y104.307 E2015.39062
G1 F1912.4 X168.92 Y104.306 E2016.05541
G1 F2133.3 X169.12 Y104.493 E2016.06156
G1 F2400 X169.117 Y108.618 E2016.14387
G1 F1500 E2009.64387
;MESH:NONMESH
G0 F300 X169.117 Y108.618 Z11.16
G0 F12000 X169.433 Y108.618
G0 X169.361 Y108.994
G0 X165.597 Y109.132
G0 X165.597 Y110.221
G0 X152.043 Y146.645
G0 X152.28 Y147.49
;TIME_ELAPSED:3947.327152
;LAYER:92
;TYPE:SUPPORT
G1 F1500 E2016.14387
G1 F2400 X153.672 Y147.096 E2016.17274
G1 X155.064 Y147.49 E2016.20161
G1 X156.081 Y148.559 E2016.23106
G1 X156.468 Y149.89 E2016.25872
G1 X156.077 Y151.287 E2016.28767
G1 X155.063 Y152.297 E2016.31623
G1 X153.67 Y152.688 E2016.3451
G1 X152.338 Y152.298 E2016.3728
G1 X151.266 Y151.226 E2016.40306
G1 X150.873 Y149.891 E2016.43083
G1 X151.263 Y148.559 E2016.45853
G1 X152.28 Y147.49 E2016.48797
G1 F1500 E2009.98797
;MESH:9VBatteryHolder_v2.stl
G0 F12000 X151.651 Y146.894
G0 X150.496 Y148.114
G0 X149.975 Y149.894
G0 X150.4 Y151.344
G0 X152.28 Y155.891
G0 X152.28 Y156.986
G0 X142.672 Y157.556
;TYPE:WALL-INNER
G1 F1500 E2016.48797
G1 F2400 X168.672 Y157.556 E2017.00683
G1 F2352.9 X168.846 Y157.549 E2017.01037
G0 F12000 X169.369 Y157.253
G1 F2436.5 X168.846 Y157.549 E2017.02219
G1 X169.686 Y157.57 E2017.0387
G1 F2442.7 X169.665 Y156.73 E2017.05518
G1 X169.369 Y157.253 E2017.06696
G0 F12000 X169.665 Y156.73
G1 F2358.7 X169.672 Y156.556 E2017.0705
G1 F2400 X169.672 Y112.556 E2017.94856
G1 F1500 E2011.44856
G0 F12000 X169.511 Y157.394
G0 X141.835 Y157.394
G0 X141.672 Y112.556
G1 F1500 E2017.94856
G1 F2400 X141.672 Y156.556 E2018.82663
G1 F2352.9 X141.679 Y156.73 E2018.83018
G0 F12000 X141.975 Y157.253
G1 F2436.5 X141.679 Y156.73 E2018.84199
G1 X141.658 Y157.57 E2018.85851
G1 F2487 X142.672 Y157.556 E2018.87804
G1 X141.975 Y157.253 E2018.89267
G0 F12000 X141.763 Y157.253
G0 X169.096 Y157.466
G0 X169.096 Y156.98
G1 F2400 X168.761 Y157.156 E2018.90022
G1 X142.672 Y157.156 E2019.42086
G1 X142.247 Y156.981 E2019.43003
G1 X142.072 Y156.645 E2019.43759
G1 X142.072 Y112.156 E2020.32542
G1 X141.272 Y112.156 E2020.34138
G1 X141.273 Y157.955 E2021.25535
G1 X170.072 Y157.956 E2021.83006
G1 X170.072 Y112.156 E2022.74405
G1 X169.272 Y112.156 E2022.76002
G1 X169.272 Y156.645 E2023.64784
G1 X169.096 Y156.98 E2023.6554
G0 F12000 X168.87 Y156.591
;TYPE:WALL-OUTER
G1 F2400 X168.814 Y156.698 E2023.65781
G1 X168.707 Y156.754 E2023.66022
G1 X142.672 Y156.756 E2024.17977
G1 X142.53 Y156.698 E2024.18283
G1 X142.474 Y156.591 E2024.18524
G1 X142.472 Y111.756 E2025.07997
G1 X140.872 Y111.756 E2025.1119
G1 X140.873 Y158.355 E2026.04184
G1 X170.472 Y158.356 E2026.63252
G1 X170.472 Y111.756 E2027.56247
G1 X168.872 Y111.756 E2027.5944
G1 X168.87 Y156.591 E2028.48913
G1 F1500 E2021.98913
G0 F12000 X169.183 Y156.591
G0 X169.582 Y111.986
G0 X169.582 Y110.891
G0 X169.582 Y110.221
G0 X169.582 Y108.837
;TYPE:WALL-INNER
G1 F1500 E2028.48913
G1 F1555.9 X169.605 Y108.674 E2028.4942
G1 F1652.3 X169.604 Y104.538 E2028.61409
G1 F1597.3 X169.579 Y104.273 E2028.62207
G0 F12000 X169.361 Y104.118
G0 X141.985 Y104.118
G0 X141.763 Y104.272
G1 F1602.7 X141.738 Y104.526 E2028.62969
G1 F1652.3 X141.732 Y108.673 E2028.7499
G1 F1550.9 X141.756 Y108.836 E2028.75499
G1 F1500 E2022.25499
G0 F12000 X141.985 Y104.118
G0 X169.361 Y104.118
G0 X169.433 Y108.619
G0 X169.117 Y108.619
;TYPE:WALL-OUTER
G1 F1500 E2028.75499
G1 F2123.9 X168.964 Y108.805 E2028.76042
G1 F1912.4 X165.422 Y108.806 E2028.84913
G1 F1920 X165.422 Y109.306 E2028.8616
G1 F1912.4 X169.007 Y109.304 E2028.95139
G1 F2123.9 X169.582 Y109.356 E2028.96441
G1 F2400 X170.103 Y109.356 E2028.9748
G1 X170.088 Y104.553 E2029.07065
G1 X170.113 Y103.756 E2029.08657
G1 X169.579 Y103.756 E2029.09722
G1 F2133.3 X168.92 Y103.806 E2029.11206
G1 F1912.4 X142.333 Y103.808 E2029.77793
G1 F2123.9 X141.763 Y103.756 E2029.79083
G1 F2400 X141.231 Y103.756 E2029.80145
G1 X141.256 Y104.554 E2029.81738
G1 X141.239 Y109.356 E2029.91321
G1 X141.756 Y109.356 E2029.92353
G1 F2133.3 X142.42 Y109.306 E2029.93848
G1 F1920 X145.922 Y109.306 E2030.02584
G1 X145.922 Y108.806 E2030.03831
G1 X142.42 Y108.806 E2030.12567
G1 F2133.3 X142.222 Y108.622 E2030.13174
G1 F2400 X142.22 Y104.495 E2030.2141
G1 F2123.9 X142.376 Y104.307 E2030.2196
G1 F1912.4 X168.92 Y104.306 E2030.8844
G1 F2133.3 X169.12 Y104.492 E2030.89053
G1 F2400 X169.117 Y108.619 E2030.97289
G1 F1500 E2024.47289
;MESH:NONMESH
G0 F300 X169.117 Y108.619 Z11.28
G0 F12000 X169.433 Y108.619
G0 X169.361 Y108.994
G0 X165.597 Y109.132
G0 X165.597 Y110.221
G0 X152.047 Y146.657
G0 X152.284 Y147.502
;TIME_ELAPSED:3976.636064
;LAYER:93
;TYPE:SUPPORT
G1 F1500 E2030.97289
G1 F2400 X153.671 Y147.112 E2031.00164
G1 X155.056 Y147.502 E2031.03035
G1 X156.069 Y148.567 E2031.05968
G1 X156.452 Y149.89 E2031.08717
G1 X156.065 Y151.279 E2031.11595
G1 X155.059 Y152.285 E2031.14434
G1 X153.67 Y152.675 E2031.17313
G1 X152.346 Y152.286 E2031.20067
G1 X151.278 Y151.218 E2031.23081
G1 X150.889 Y149.891 E2031.2584
G1 X151.275 Y148.567 E2031.28593
G1 X152.284 Y147.502 E2031.3152
G1 F1500 E2024.8152
;MESH:9VBatteryHolder_v2.stl
G0 F12000 X151.657 Y146.908
G0 X150.509 Y148.121
G0 X149.99 Y149.894
G0 X150.414 Y151.338
G0 X152.284 Y155.891
G0 X152.284 Y156.986
G0 X142.672 Y157.556
;TYPE:WALL-INNER
G1 F1500 E2031.3152
G1 F2400 X168.672 Y157.556 E2031.83406
G1 F2352.9 X168.846 Y157.549 E2031.83761
G0 F12000 X169.369 Y157.253
G1 F2436.5 X168.846 Y157.549 E2031.84942
G1 X169.686 Y157.57 E2031.86594
G1 F2442.7 X169.665 Y156.73 E2031.88241
G1 X169.369 Y157.253 E2031.89419
G0 F12000 X169.665 Y156.73
G1 F2358.7 X169.672 Y156.556 E2031.89773
G1 F2400 X169.672 Y112.556 E2032.7758
G1 F1500 E2026.2758
G0 F12000 X169.511 Y157.394
G0 X141.835 Y157.394
G0 X141.672 Y112.556
G1 F1500 E2032.7758
G1 F2400 X141.672 Y156.556 E2033.65386
G1 F2352.9 X141.679 Y156.73 E2033.65741
G0 F12000 X141.975 Y157.253
G1 F2436.5 X141.679 Y156.73 E2033.66922
G1 X141.658 Y157.57 E2033.68574
G1 F2487 X142.672 Y157.556 E2033.70527
G1 X141.975 Y157.253 E2033.7199
G0 F12000 X141.763 Y157.253
G0 X169.096 Y157.466
G0 X169.096 Y156.98
G1 F2400 X168.761 Y157.156 E2033.72746
G1 X142.672 Y157.156 E2034.24809
G1 X142.247 Y156.981 E2034.25726
G1 X142.072 Y156.645 E2034.26482
G1 X142.072 Y112.156 E2035.15265
G1 X141.272 Y112.156 E2035.16861
G1 X141.273 Y157.955 E2036.08258
G1 X170.072 Y157.956 E2036.6573
G1 X170.072 Y112.156 E2037.57128
G1 X169.272 Y112.156 E2037.58725
G1 X169.272 Y156.645 E2038.47508
G1 X169.096 Y156.98 E2038.48263
G0 F12000 X168.87 Y156.591
;TYPE:WALL-OUTER
G1 F2400 X168.814 Y156.698 E2038.48504
G1 X168.707 Y156.754 E2038.48745
G1 X142.672 Y156.756 E2039.007
G1 X142.53 Y156.698 E2039.01007
G1 X142.474 Y156.591 E2039.01248
G1 X142.472 Y111.756 E2039.90721
G1 X140.872 Y111.756 E2039.93914
G1 X140.873 Y158.355 E2040.86907
G1 X170.472 Y158.356 E2041.45975
G1 X170.472 Y111.756 E2042.3897
G1 X168.872 Y111.756 E2042.42163
G1 X168.87 Y156.591 E2043.31636
G1 F1500 E2036.81636
G0 F12000 X169.183 Y156.591
G0 X169.571 Y111.986
G0 X169.571 Y110.891
G0 X169.571 Y110.221
G0 X169.571 Y108.844
;TYPE:WALL-INNER
G1 F1500 E2043.31636
G1 F1610.7 X169.597 Y108.676 E2043.32142
G1 F1717.4 X169.594 Y104.544 E2043.43665
G1 F1649.5 X169.566 Y104.265 E2043.4448
G0 F12000 X169.361 Y104.118
G0 X141.985 Y104.118
G0 X141.776 Y104.263
G1 F1655.2 X141.748 Y104.532 E2043.45262
G1 F1745.5 X141.741 Y108.638 E2043.56529
G1 F1635.4 X141.773 Y108.847 E2043.57148
G1 F1500 E2037.07148
G0 F12000 X141.985 Y104.118
G0 X169.361 Y104.118
G0 X169.433 Y108.621
G0 X169.118 Y108.621
;TYPE:WALL-OUTER
G1 F1500 E2043.57148
G1 F2123.9 X168.964 Y108.805 E2043.57689
G1 F1912.4 X165.422 Y108.806 E2043.6656
G1 F1920 X165.422 Y109.306 E2043.67807
G1 F1912.4 X169.007 Y109.304 E2043.76786
G1 F2123.9 X169.571 Y109.355 E2043.78063
G1 F2400 X170.08 Y109.355 E2043.79079
G1 X170.068 Y104.555 E2043.88658
G1 X170.086 Y103.757 E2043.90251
G1 X169.566 Y103.757 E2043.91288
G1 F2133.3 X168.92 Y103.806 E2043.92743
G1 F1912.4 X142.333 Y103.808 E2044.5933
G1 F2123.9 X141.776 Y103.756 E2044.60591
G1 F2400 X141.257 Y103.756 E2044.61627
G1 X141.276 Y104.554 E2044.6322
G1 X141.26 Y108.221 E2044.70538
G1 X141.267 Y109.356 E2044.72803
G1 X141.773 Y109.356 E2044.73813
G1 F2133.3 X142.42 Y109.306 E2044.75269
G1 F1920 X145.922 Y109.306 E2044.84005
G1 X145.922 Y108.806 E2044.85252
G1 X142.42 Y108.806 E2044.93988
G1 F2133.3 X142.223 Y108.626 E2044.94587
G1 F2400 X142.22 Y104.495 E2045.02831
G1 F2123.9 X142.376 Y104.307 E2045.03382
G1 F1912.4 X168.92 Y104.306 E2045.69861
G1 F2133.3 X169.12 Y104.489 E2045.7047
G1 F2400 X169.118 Y108.621 E2045.78716
G1 F1500 E2039.28716
;MESH:NONMESH
G0 F300 X169.118 Y108.621 Z11.4
G0 F12000 X169.433 Y108.621
G0 X169.361 Y108.994
G0 X165.597 Y109.132
G0 X165.597 Y110.221
G0 X152.054 Y146.67
G0 X152.291 Y147.514
;TIME_ELAPSED:4005.926860
;LAYER:94
;TYPE:SUPPORT
G1 F1500 E2045.78716
G1 F2400 X153.672 Y147.128 E2045.81577
G1 X155.053 Y147.514 E2045.84439
G1 X156.057 Y148.571 E2045.87348
G1 X156.44 Y149.89 E2045.90089
G1 X156.053 Y151.271 E2045.92951
G1 X155.051 Y152.273 E2045.95779
G1 X153.67 Y152.66 E2045.98641
G1 X152.354 Y152.274 E2046.01378
G1 X151.29 Y151.21 E2046.04381
G1 X150.901 Y149.891 E2046.07125
G1 X151.287 Y148.571 E2046.0987
G1 X152.291 Y147.514 E2046.12779
G1 F1500 E2039.62779
;MESH:9VBatteryHolder_v2.stl
G0 F12000 X151.664 Y146.921
G0 X150.521 Y148.128
G0 X150.004 Y149.894
G0 X150.426 Y151.332
G0 X152.291 Y155.891
G0 X152.291 Y156.986
G0 X142.672 Y157.556
;TYPE:WALL-INNER
G1 F1500 E2046.12779
G1 F2400 X168.672 Y157.556 E2046.64665
G1 F2352.9 X168.846 Y157.549 E2046.65019
G0 F12000 X169.369 Y157.253
G1 F2436.5 X168.846 Y157.549 E2046.662
G1 X169.686 Y157.57 E2046.67852
G1 F2442.7 X169.665 Y156.73 E2046.695
G1 X169.369 Y157.253 E2046.70678
G0 F12000 X169.665 Y156.73
G1 F2358.7 X169.672 Y156.556 E2046.71031
G1 F2400 X169.672 Y112.556 E2047.58838
G1 F1500 E2041.08838
G0 F12000 X169.511 Y157.394
G0 X141.835 Y157.394
G0 X141.672 Y112.556
G1 F1500 E2047.58838
G1 F2400 X141.672 Y156.556 E2048.46645
G1 F2352.9 X141.679 Y156.73 E2048.46999
G0 F12000 X141.975 Y157.253
G1 F2436.5 X141.679 Y156.73 E2048.48181
G1 X141.658 Y157.57 E2048.49832
G1 F2487 X142.672 Y157.556 E2048.51785
G1 X141.975 Y157.253 E2048.53249
G0 F12000 X141.763 Y157.253
G0 X169.096 Y157.466
G0 X169.096 Y156.98
G1 F2400 X168.761 Y157.156 E2048.54004
G1 X142.672 Y157.156 E2049.06068
G1 X142.247 Y156.981 E2049.06985
G1 X142.072 Y156.645 E2049.07741
G1 X142.072 Y112.156 E2049.96523
G1 X141.272 Y112.156 E2049.9812
G1 X141.273 Y157.955 E2050.89517
G1 X170.072 Y157.956 E2051.46988
G1 X170.072 Y112.156 E2052.38387
G1 X169.272 Y112.156 E2052.39984
G1 X169.272 Y156.645 E2053.28766
G1 X169.096 Y156.98 E2053.29521
G0 F12000 X168.87 Y156.591
;TYPE:WALL-OUTER
G1 F2400 X168.814 Y156.698 E2053.29762
G1 X168.707 Y156.754 E2053.30003
G1 X142.672 Y156.756 E2053.81959
G1 X142.53 Y156.698 E2053.82265
G1 X142.474 Y156.591 E2053.82506
G1 X142.472 Y111.756 E2054.71979
G1 X140.872 Y111.756 E2054.75172
G1 X140.873 Y158.355 E2055.68166
G1 X170.472 Y158.356 E2056.27234
G1 X170.472 Y111.756 E2057.20229
G1 X168.872 Y111.756 E2057.23422
G1 X168.87 Y156.591 E2058.12895
G1 F1500 E2051.62895
G0 F12000 X169.183 Y156.591
G0 X169.554 Y111.986
G0 X169.554 Y110.891
G0 X169.554 Y110.221
G0 X169.554 Y108.855
;TYPE:WALL-INNER
G1 F1500 E2058.12895
G1 F1681.3 X169.584 Y108.674 E2058.13418
G1 F1777.8 X169.59 Y107.656 E2058.1616
G1 F1807.9 X169.582 Y104.539 E2058.24418
G1 F1711.2 X169.553 Y104.256 E2058.25214
G0 F12000 X141.985 Y104.118
G0 X141.79 Y104.254
G1 F1714.3 X141.76 Y104.529 E2058.25987
G1 F1804.5 X141.759 Y108.674 E2058.36988
G1 F1681.3 X141.788 Y108.857 E2058.37516
G1 F1500 E2051.87516
G0 F12000 X141.985 Y104.118
G0 X169.361 Y104.118
G0 X169.433 Y108.623
G0 X169.118 Y108.623
;TYPE:WALL-OUTER
G1 F1500 E2058.37516
G1 F2123.9 X168.964 Y108.805 E2058.38054
G1 F1912.4 X165.422 Y108.806 E2058.46925
G1 F1920 X165.422 Y109.306 E2058.48172
G1 F1912.4 X169.007 Y109.304 E2058.5715
G1 F2123.9 X169.554 Y109.355 E2058.58389
G1 F2400 X170.052 Y109.355 E2058.59383
G1 X170.059 Y107.654 E2058.62778
G1 X170.044 Y104.553 E2058.68966
G1 X170.069 Y103.757 E2058.70555
G1 X169.553 Y103.757 E2058.71585
G1 F2133.3 X168.92 Y103.806 E2058.73011
G1 F1912.4 X142.333 Y103.808 E2059.39597
G1 F2123.9 X141.79 Y103.756 E2059.40827
G1 F2400 X141.278 Y103.756 E2059.41849
G1 X141.3 Y104.554 E2059.43442
G1 X141.284 Y107.665 E2059.49651
G1 X141.291 Y109.356 E2059.53025
G1 X141.788 Y109.356 E2059.54017
G1 F2133.3 X142.42 Y109.306 E2059.5544
G1 F1920 X145.922 Y109.306 E2059.64176
G1 X145.922 Y108.806 E2059.65423
G1 X142.42 Y108.806 E2059.74159
G1 F2133.3 X142.222 Y108.627 E2059.74758
G1 F2400 X142.22 Y104.491 E2059.83012
G1 F2123.9 X142.376 Y104.307 E2059.83556
G1 F1912.4 X168.92 Y104.306 E2060.50035
G1 F2133.3 X169.12 Y104.486 E2060.5064
G1 F2400 X169.118 Y108.623 E2060.58895
G1 F1500 E2054.08895
;MESH:NONMESH
G0 F300 X169.118 Y108.623 Z11.52
G0 F12000 X169.433 Y108.623
G0 X169.361 Y108.994
G0 X165.597 Y109.132
G0 X165.597 Y110.221
G0 X152.063 Y146.682
G0 X152.3 Y147.526
;TIME_ELAPSED:4035.200632
;LAYER:95
;TYPE:SUPPORT
G1 F1500 E2060.58895
G1 F2400 X153.671 Y147.14 E2060.61738
G1 X155.044 Y147.526 E2060.64584
G1 X156.041 Y148.579 E2060.67478
G1 X156.423 Y149.89 E2060.70203
G1 X156.037 Y151.263 E2060.73049
G1 X155.043 Y152.261 E2060.7586
G1 X153.67 Y152.644 E2060.78704
G1 X152.358 Y152.262 E2060.81431
G1 X151.302 Y151.206 E2060.84412
G1 X150.917 Y149.891 E2060.87146
G1 X151.299 Y148.579 E2060.89873
G1 X152.3 Y147.526 E2060.92772
G1 F1500 E2054.42772
;MESH:9VBatteryHolder_v2.stl
G0 F12000 X151.673 Y146.932
G0 X150.534 Y148.135
G0 X150.019 Y149.894
G0 X150.439 Y151.327
G0 X152.3 Y155.891
G0 X152.3 Y156.986
G0 X142.672 Y157.556
;TYPE:WALL-INNER
G1 F1500 E2060.92772
G1 F2400 X168.672 Y157.556 E2061.44658
G1 F2352.9 X168.846 Y157.549 E2061.45013
G0 F12000 X169.369 Y157.253
G1 F2436.5 X168.846 Y157.549 E2061.46194
G1 X169.686 Y157.57 E2061.47846
G1 F2442.7 X169.665 Y156.73 E2061.49493
G1 X169.369 Y157.253 E2061.50671
G0 F12000 X169.665 Y156.73
G1 F2358.7 X169.672 Y156.556 E2061.51025
G1 F2400 X169.672 Y112.556 E2062.38832
G1 F1500 E2055.88832
G0 F12000 X169.511 Y157.394
G0 X141.835 Y157.394
G0 X141.672 Y112.556
G1 F1500 E2062.38832
G1 F2400 X141.672 Y156.556 E2063.26639
G1 F2352.9 X141.679 Y156.73 E2063.26993
G0 F12000 X141.975 Y157.253
G1 F2436.5 X141.679 Y156.73 E2063.28174
G1 X141.658 Y157.57 E2063.29826
G1 F2487 X142.672 Y157.556 E2063.31779
G1 X141.975 Y157.253 E2063.33242
G0 F12000 X141.763 Y157.253
G0 X169.096 Y157.466
G0 X169.096 Y156.98
G1 F2400 X168.761 Y157.156 E2063.33998
G1 X142.672 Y157.156 E2063.86061
G1 X142.247 Y156.981 E2063.86978
G1 X142.072 Y156.645 E2063.87734
G1 X142.072 Y112.156 E2064.76517
G1 X141.272 Y112.156 E2064.78113
G1 X141.273 Y157.955 E2065.6951
G1 X170.072 Y157.956 E2066.26982
G1 X170.072 Y112.156 E2067.18381
G1 X169.272 Y112.156 E2067.19977
G1 X169.272 Y156.645 E2068.0876
G1 X169.096 Y156.98 E2068.09515
G0 F12000 X168.87 Y156.591
;TYPE:WALL-OUTER
G1 F2400 X168.814 Y156.698 E2068.09756
G1 X168.707 Y156.754 E2068.09997
G1 X142.672 Y156.756 E2068.61953
G1 X142.53 Y156.698 E2068.62259
G1 X142.474 Y156.591 E2068.625
G1 X142.472 Y111.756 E2069.51973
G1 X140.872 Y111.756 E2069.55166
G1 X140.873 Y158.355 E2070.48159
G1 X170.472 Y158.356 E2071.07227
G1 X170.472 Y111.756 E2072.00222
G1 X168.872 Y111.756 E2072.03415
G1 X168.87 Y156.591 E2072.92888
G1 F1500 E2066.42888
G0 F12000 X169.183 Y156.591
G0 X169.537 Y111.986
G0 X169.537 Y110.891
G0 X169.537 Y110.221
G0 X169.537 Y108.866
;TYPE:WALL-INNER
G1 F1500 E2072.92888
G1 F1751.8 X169.57 Y108.672 E2072.93426
G1 F1864.1 X169.578 Y107.1 E2072.97466
G1 F1886.1 X169.572 Y104.539 E2073.03969
G1 F1764.7 X169.541 Y104.249 E2073.04761
G0 F12000 X141.985 Y104.118
G0 X141.802 Y104.247
G1 F1771.2 X141.77 Y104.526 E2073.0552
G1 F1893.5 X141.764 Y107.104 E2073.12041
G1 F1871.3 X141.773 Y108.672 E2073.16054
G1 F1758.2 X141.805 Y108.867 E2073.16592
G1 F1500 E2066.66592
G0 F12000 X141.985 Y104.118
G0 X169.361 Y104.118
G0 X169.361 Y108.994
G0 X168.964 Y109.066
G0 X168.964 Y108.805
;TYPE:WALL-OUTER
G1 F1500 E2073.16592
G1 F1912.4 X165.422 Y108.806 E2073.25463
G1 F1920 X165.422 Y109.306 E2073.2671
G1 F1912.4 X169.007 Y109.304 E2073.35689
G1 F2123.9 X169.537 Y109.356 E2073.3689
G1 F2400 X170.024 Y109.356 E2073.37862
G1 X170.035 Y107.098 E2073.42368
G1 X170.024 Y104.553 E2073.47447
G1 X170.049 Y103.757 E2073.49036
G1 X169.541 Y103.757 E2073.5005
G1 F2133.3 X168.92 Y103.806 E2073.51448
G1 F1912.4 X142.333 Y103.808 E2074.18035
G1 F2123.9 X141.802 Y103.756 E2074.19238
G1 F2400 X141.299 Y103.756 E2074.20242
G1 X141.32 Y104.554 E2074.21835
G1 X141.308 Y107.106 E2074.26928
G1 X141.319 Y109.356 E2074.31418
G1 X141.805 Y109.356 E2074.32388
G1 F2133.3 X142.42 Y109.306 E2074.33773
G1 F1920 X145.922 Y109.306 E2074.42509
G1 X145.922 Y108.806 E2074.43756
G1 X142.42 Y108.806 E2074.52492
G1 F2133.3 X142.223 Y108.631 E2074.53084
G1 F2400 X142.22 Y104.491 E2074.61346
G1 F2123.9 X142.376 Y104.307 E2074.6189
G1 F1912.4 X168.92 Y104.306 E2075.28369
G1 F2133.3 X169.12 Y104.485 E2075.28971
G1 F2400 X169.118 Y108.592 E2075.37167
G1 F2123.9 X168.964 Y108.805 E2075.3776
G1 F1500 E2068.8776
;MESH:NONMESH
G0 F300 X168.964 Y108.805 Z11.64
G0 F12000 X168.964 Y109.066
G0 X165.597 Y109.132
G0 X165.597 Y110.221
G0 X152.07 Y146.695
G0 X152.308 Y147.542
;TIME_ELAPSED:4064.448139
;LAYER:96
;TYPE:SUPPORT
G1 F1500 E2075.3776
G1 F2400 X153.672 Y147.156 E2075.40589
G1 X155.036 Y147.542 E2075.43418
G1 X156.029 Y148.587 E2075.46294
G1 X156.408 Y149.89 E2075.49003
G1 X156.025 Y151.255 E2075.51832
G1 X155.035 Y152.245 E2075.54626
G1 X153.669 Y152.628 E2075.57457
G1 X152.366 Y152.25 E2075.60164
G1 X151.314 Y151.198 E2075.63133
G1 X150.933 Y149.893 E2075.65846
G1 X151.315 Y148.587 E2075.68562
G1 X152.308 Y147.542 E2075.71439
G1 F1500 E2069.21439
;MESH:9VBatteryHolder_v2.stl
G0 F12000 X151.679 Y146.946
G0 X150.547 Y148.142
G0 X150.034 Y149.894
G0 X150.452 Y151.321
G0 X152.308 Y155.891
G0 X152.308 Y156.986
G0 X142.672 Y157.556
;TYPE:WALL-INNER
G1 F1500 E2075.71439
G1 F2400 X168.672 Y157.556 E2076.23324
G1 F2352.9 X168.846 Y157.549 E2076.23679
G0 F12000 X169.369 Y157.253
G1 F2436.5 X168.846 Y157.549 E2076.2486
G1 X169.686 Y157.57 E2076.26512
G1 F2442.7 X169.665 Y156.73 E2076.28159
G1 X169.369 Y157.253 E2076.29338
G0 F12000 X169.665 Y156.73
G1 F2358.7 X169.672 Y156.556 E2076.29691
G1 F2400 X169.672 Y112.556 E2077.17498
G1 F1500 E2070.67498
G0 F12000 X169.511 Y157.394
G0 X141.835 Y157.394
G0 X141.672 Y112.556
G1 F1500 E2077.17498
G1 F2400 X141.672 Y156.556 E2078.05305
G1 F2352.9 X141.679 Y156.73 E2078.05659
G0 F12000 X141.975 Y157.253
G1 F2436.5 X141.679 Y156.73 E2078.0684
G1 X141.658 Y157.57 E2078.08492
G1 F2487 X142.672 Y157.556 E2078.10445
G1 X141.975 Y157.253 E2078.11909
G0 F12000 X141.763 Y157.253
G0 X169.096 Y157.466
G0 X169.096 Y156.98
G1 F2400 X168.761 Y157.156 E2078.12664
G1 X142.672 Y157.156 E2078.64727
G1 X142.247 Y156.981 E2078.65644
G1 X142.072 Y156.645 E2078.664
G1 X142.072 Y112.156 E2079.55183
G1 X141.272 Y112.156 E2079.5678
G1 X141.273 Y157.955 E2080.48176
G1 X170.072 Y157.956 E2081.05648
G1 X170.072 Y112.156 E2081.97047
G1 X169.272 Y112.156 E2081.98643
G1 X169.272 Y156.645 E2082.87426
G1 X169.096 Y156.98 E2082.88181
G0 F12000 X168.87 Y156.591
;TYPE:WALL-OUTER
G1 F2400 X168.814 Y156.698 E2082.88422
G1 X168.707 Y156.754 E2082.88663
G1 X142.672 Y156.756 E2083.40619
G1 X142.53 Y156.698 E2083.40925
G1 X142.474 Y156.591 E2083.41166
G1 X142.472 Y111.756 E2084.30639
G1 X140.872 Y111.756 E2084.33832
G1 X140.873 Y158.355 E2085.26825
G1 X170.472 Y158.356 E2085.85893
G1 X170.472 Y111.756 E2086.78889
G1 X168.872 Y111.756 E2086.82082
G1 X168.87 Y156.591 E2087.71555
G1 F1500 E2081.21555
G0 F12000 X169.183 Y156.591
G0 X169.52 Y111.986
G0 X169.52 Y110.891
G0 X169.52 Y110.221
G0 X169.52 Y108.876
;TYPE:WALL-INNER
G1 F1500 E2087.71555
G1 F1835.6 X169.556 Y108.67 E2087.721
G1 F1959.2 X169.566 Y106.544 E2087.77298
G1 F1975.3 X169.56 Y104.539 E2087.82159
G1 F1835.6 X169.526 Y104.24 E2087.82944
G0 F12000 X141.985 Y104.118
G0 X141.815 Y104.239
G1 F1832.1 X141.78 Y104.53 E2087.8371
G1 F1979.4 X141.776 Y106.548 E2087.88593
G1 F1967.2 X141.786 Y108.67 E2087.9376
G1 F1839.1 X141.823 Y108.878 E2087.9431
G1 F1500 E2081.4431
G0 F12000 X141.985 Y104.118
G0 X169.361 Y104.118
G0 X169.361 Y108.994
G0 X168.964 Y109.066
G0 X168.964 Y108.805
;TYPE:WALL-OUTER
G1 F1500 E2087.9431
G1 F1912.4 X165.422 Y108.806 E2088.03181
G1 F1920 X165.422 Y109.306 E2088.04428
G1 F1912.4 X169.007 Y109.304 E2088.13407
G1 F2123.9 X169.52 Y109.355 E2088.14569
G1 F2400 X169.996 Y109.355 E2088.15519
G1 X170.012 Y106.542 E2088.21133
G1 X170 Y104.553 E2088.25102
G1 X170.027 Y103.756 E2088.26694
G1 X169.526 Y103.757 E2088.27693
G1 F2133.3 X168.92 Y103.806 E2088.29058
G1 F1912.4 X142.333 Y103.808 E2088.95645
G1 F2123.9 X141.815 Y103.756 E2088.96819
G1 F2400 X141.318 Y103.756 E2088.97811
G1 X141.34 Y104.554 E2088.99404
G1 X141.332 Y106.55 E2089.03387
G1 X141.348 Y109.356 E2089.08987
G1 X141.823 Y109.356 E2089.09935
G1 F2133.3 X142.42 Y109.306 E2089.1128
G1 F1920 X145.922 Y109.306 E2089.20016
G1 X145.922 Y108.806 E2089.21263
G1 X142.42 Y108.806 E2089.29999
G1 F2133.3 X142.223 Y108.634 E2089.30586
G1 F2400 X142.22 Y104.489 E2089.38858
G1 F2123.9 X142.376 Y104.307 E2089.39398
G1 F1912.4 X168.92 Y104.306 E2090.05877
G1 F2133.3 X169.12 Y104.482 E2090.06476
G1 F2400 X169.118 Y108.592 E2090.14678
G1 F2123.9 X168.964 Y108.805 E2090.1527
G1 F1500 E2083.6527
;MESH:NONMESH
G0 F300 X168.964 Y108.805 Z11.76
G0 F12000 X168.964 Y109.066
G0 X165.597 Y109.132
G0 X165.597 Y110.221
G0 X152.078 Y146.708
G0 X152.316 Y147.554
;TIME_ELAPSED:4093.681650
;LAYER:97
;TYPE:SUPPORT
G1 F1500 E2090.1527
G1 F2400 X153.672 Y147.172 E2090.18082
G1 X155.028 Y147.554 E2090.20893
G1 X156.017 Y148.595 E2090.23758
G1 X156.395 Y149.89 E2090.26451
G1 X156.013 Y151.251 E2090.29272
G1 X155.027 Y152.233 E2090.32049
G1 X153.669 Y152.615 E2090.34864
G1 X152.374 Y152.238 E2090.37555
G1 X151.326 Y151.19 E2090.40513
G1 X150.945 Y149.893 E2090.43211
G1 X151.327 Y148.595 E2090.45911
G1 X152.316 Y147.554 E2090.48776
G1 F1500 E2083.98776
;MESH:9VBatteryHolder_v2.stl
G0 F12000 X151.686 Y146.958
G0 X150.559 Y148.149
G0 X150.048 Y149.894
G0 X150.466 Y151.316
G0 X152.316 Y155.891
G0 X152.316 Y156.986
G0 X142.672 Y157.556
;TYPE:WALL-INNER
G1 F1500 E2090.48776
G1 F2400 X168.672 Y157.556 E2091.00662
G1 F2352.9 X168.846 Y157.549 E2091.01017
G0 F12000 X169.369 Y157.253
G1 F2436.5 X168.846 Y157.549 E2091.02198
G1 X169.686 Y157.57 E2091.0385
G1 F2442.7 X169.665 Y156.73 E2091.05497
G1 X169.369 Y157.253 E2091.06675
G0 F12000 X169.665 Y156.73
G1 F2358.7 X169.672 Y156.556 E2091.07029
G1 F2400 X169.672 Y112.556 E2091.94836
G1 F1500 E2085.44836
G0 F12000 X169.511 Y157.394
G0 X141.835 Y157.394
G0 X141.672 Y112.556
G1 F1500 E2091.94836
G1 F2400 X141.672 Y156.556 E2092.82643
G1 F2352.9 X141.679 Y156.73 E2092.82997
G0 F12000 X141.975 Y157.253
G1 F2436.5 X141.679 Y156.73 E2092.84178
G1 X141.658 Y157.57 E2092.8583
G1 F2487 X142.672 Y157.556 E2092.87783
G1 X141.975 Y157.253 E2092.89247
G0 F12000 X141.763 Y157.253
G0 X169.096 Y157.466
G0 X169.096 Y156.98
G1 F2400 X168.761 Y157.156 E2092.90002
G1 X142.672 Y157.156 E2093.42065
G1 X142.247 Y156.981 E2093.42982
G1 X142.072 Y156.645 E2093.43738
G1 X142.072 Y112.156 E2094.32521
G1 X141.272 Y112.156 E2094.34117
G1 X141.273 Y157.955 E2095.25514
G1 X170.072 Y157.956 E2095.82986
G1 X170.072 Y112.156 E2096.74385
G1 X169.272 Y112.156 E2096.75981
G1 X169.272 Y156.645 E2097.64764
G1 X169.096 Y156.98 E2097.65519
G0 F12000 X168.87 Y156.591
;TYPE:WALL-OUTER
G1 F2400 X168.814 Y156.698 E2097.6576
G1 X168.707 Y156.754 E2097.66001
G1 X142.672 Y156.756 E2098.17957
G1 X142.53 Y156.698 E2098.18263
G1 X142.474 Y156.591 E2098.18504
G1 X142.472 Y111.756 E2099.07977
G1 X140.872 Y111.756 E2099.1117
G1 X140.873 Y158.355 E2100.04163
G1 X170.472 Y158.356 E2100.63231
G1 X170.472 Y111.756 E2101.56226
G1 X168.872 Y111.756 E2101.59419
G1 X168.87 Y156.591 E2102.48893
G1 F1500 E2095.98893
G0 F12000 X169.183 Y156.591
G0 X169.502 Y111.986
G0 X169.502 Y110.891
G0 X169.502 Y110.221
G0 X169.502 Y108.886
;TYPE:WALL-INNER
G1 F1500 E2102.48893
G1 F1923.8 X169.542 Y108.668 E2102.49444
G1 F2069 X169.554 Y105.988 E2102.55648
G1 X169.55 Y104.543 E2102.58993
G1 F1901 X169.513 Y104.232 E2102.59782
G0 F12000 X141.985 Y104.118
G0 X141.829 Y104.23
G1 F1904.8 X141.792 Y104.529 E2102.6054
G1 F2082.4 X141.788 Y105.992 E2102.63905
G1 F2077.9 X141.8 Y108.667 E2102.70071
G1 F1927.7 X141.84 Y108.888 E2102.70629
G1 F1500 E2096.20629
G0 F12000 X141.985 Y104.118
G0 X169.361 Y104.118
G0 X169.361 Y108.994
G0 X168.964 Y109.066
G0 X168.964 Y108.805
;TYPE:WALL-OUTER
G1 F1500 E2102.70629
G1 F1912.4 X165.422 Y108.806 E2102.79499
G1 F1920 X165.422 Y109.306 E2102.80747
G1 F1912.4 X169.007 Y109.304 E2102.89725
G1 F2123.9 X169.502 Y109.355 E2102.90847
G1 F2400 X169.968 Y109.355 E2102.91777
G1 X169.988 Y105.986 E2102.98501
G1 X169.98 Y104.554 E2103.01359
G1 X169.991 Y104.114 E2103.02237
G1 X169.978 Y103.757 E2103.0295
G1 X169.513 Y103.757 E2103.03878
G1 F2133.3 X168.92 Y103.806 E2103.05214
G1 F1912.4 X142.333 Y103.808 E2103.718
G1 F2123.9 X141.829 Y103.756 E2103.72943
G1 F2400 X141.366 Y103.756 E2103.73867
G1 X141.352 Y104.149 E2103.74652
G1 X141.364 Y104.554 E2103.7546
G1 X141.356 Y105.994 E2103.78334
G1 X141.375 Y109.356 E2103.85043
G1 X141.84 Y109.356 E2103.85971
G1 F2133.3 X142.42 Y109.306 E2103.87278
G1 F1920 X145.922 Y109.306 E2103.96014
G1 X145.922 Y108.806 E2103.97261
G1 X142.42 Y108.806 E2104.05997
G1 F2133.3 X142.223 Y108.636 E2104.06581
G1 F2400 X142.22 Y104.487 E2104.14861
G1 F2123.9 X142.376 Y104.307 E2104.15398
G1 F1912.4 X168.92 Y104.306 E2104.81877
G1 F2133.3 X169.12 Y104.481 E2104.82474
G1 F2400 X169.118 Y108.592 E2104.90678
G1 F2123.9 X168.964 Y108.805 E2104.91271
G1 F1500 E2098.41271
;MESH:NONMESH
G0 F300 X168.964 Y108.805 Z11.88
G0 F12000 X168.964 Y109.066
G0 X165.597 Y109.132
G0 X165.597 Y110.221
G0 X152.085 Y146.72
G0 X152.323 Y147.566
;TIME_ELAPSED:4122.897997
;LAYER:98
;TYPE:SUPPORT
G1 F1500 E2104.91271
G1 F2400 X153.672 Y147.188 E2104.94066
G1 X155.021 Y147.566 E2104.96862
G1 X156.005 Y148.599 E2104.99709
G1 X156.38 Y149.89 E2105.02392
G1 X156.001 Y151.243 E2105.05196
G1 X155.019 Y152.221 E2105.07962
G1 X153.67 Y152.6 E2105.10758
G1 X152.382 Y152.222 E2105.13437
G1 X151.342 Y151.182 E2105.16372
G1 X150.961 Y149.891 E2105.19058
G1 X151.339 Y148.599 E2105.21744
G1 X152.323 Y147.566 E2105.24592
G1 F1500 E2098.74592
;MESH:9VBatteryHolder_v2.stl
G0 F12000 X151.694 Y146.971
G0 X150.571 Y148.157
G0 X150.064 Y149.894
G0 X150.479 Y151.31
G0 X152.323 Y155.891
G0 X152.323 Y156.986
G0 X142.672 Y157.556
;TYPE:WALL-INNER
G1 F1500 E2105.24592
G1 F2400 X168.672 Y157.556 E2105.76477
G1 F2352.9 X168.846 Y157.549 E2105.76832
G0 F12000 X169.369 Y157.253
G1 F2436.5 X168.846 Y157.549 E2105.78013
G1 X169.686 Y157.57 E2105.79665
G1 F2442.7 X169.665 Y156.73 E2105.81312
G1 X169.369 Y157.253 E2105.82491
G0 F12000 X169.665 Y156.73
G1 F2358.7 X169.672 Y156.556 E2105.82844
G1 F2400 X169.672 Y112.556 E2106.70651
G1 F1500 E2100.20651
G0 F12000 X169.511 Y157.394
G0 X141.835 Y157.394
G0 X141.672 Y112.556
G1 F1500 E2106.70651
G1 F2400 X141.672 Y156.556 E2107.58458
G1 F2352.9 X141.679 Y156.73 E2107.58812
G0 F12000 X141.975 Y157.253
G1 F2436.5 X141.679 Y156.73 E2107.59993
G1 X141.658 Y157.57 E2107.61645
G1 F2487 X142.672 Y157.556 E2107.63598
G1 X141.975 Y157.253 E2107.65062
G0 F12000 X141.763 Y157.253
G0 X169.096 Y157.466
G0 X169.096 Y156.98
G1 F2400 X168.761 Y157.156 E2107.65817
G1 X142.672 Y157.156 E2108.1788
G1 X142.247 Y156.981 E2108.18797
G1 X142.072 Y156.645 E2108.19553
G1 X142.072 Y112.156 E2109.08336
G1 X141.272 Y112.156 E2109.09933
G1 X141.273 Y157.955 E2110.01329
G1 X170.072 Y157.956 E2110.58801
G1 X170.072 Y112.156 E2111.502
G1 X169.272 Y112.156 E2111.51796
G1 X169.272 Y156.645 E2112.40579
G1 X169.096 Y156.98 E2112.41334
G0 F12000 X168.87 Y156.591
;TYPE:WALL-OUTER
G1 F2400 X168.814 Y156.698 E2112.41575
G1 X168.707 Y156.754 E2112.41816
G1 X142.672 Y156.756 E2112.93772
G1 X142.53 Y156.698 E2112.94078
G1 X142.474 Y156.591 E2112.94319
G1 X142.472 Y111.756 E2113.83792
G1 X140.872 Y111.756 E2113.86985
G1 X140.873 Y158.355 E2114.79978
G1 X170.472 Y158.356 E2115.39046
G1 X170.472 Y111.756 E2116.32042
G1 X168.872 Y111.756 E2116.35235
G1 X168.87 Y156.591 E2117.24708
G1 F1500 E2110.74708
G0 F12000 X169.183 Y156.591
G0 X169.486 Y111.986
G0 X169.486 Y110.891
G0 X169.486 Y110.221
G0 X169.486 Y108.896
;TYPE:WALL-INNER
G1 F1500 E2117.24708
G1 F2012.6 X169.53 Y108.664 E2117.2527
G1 F2201.8 X169.538 Y104.533 E2117.34255
G1 F1975.3 X169.498 Y104.223 E2117.35013
G0 F12000 X141.985 Y104.118
G0 X141.845 Y104.221
G1 F1983.5 X141.802 Y104.527 E2117.35759
G1 F2201.8 X141.813 Y108.665 E2117.4476
G1 F2016.8 X141.856 Y108.897 E2117.45321
G1 F1500 E2110.95321
G0 F12000 X141.985 Y104.118
G0 X169.361 Y104.118
G0 X169.361 Y108.994
G0 X168.964 Y109.066
G0 X168.964 Y108.805
;TYPE:WALL-OUTER
G1 F1500 E2117.45321
G1 F1912.4 X165.422 Y108.806 E2117.54192
G1 F1920 X165.422 Y109.306 E2117.55439
G1 F1912.4 X169.007 Y109.304 E2117.64418
G1 F2123.9 X169.486 Y109.356 E2117.65504
G1 F2400 X169.944 Y109.356 E2117.66418
G1 X169.96 Y105.427 E2117.74259
G1 X169.956 Y104.551 E2117.76007
G1 X169.967 Y104.271 E2117.76566
G1 X169.947 Y103.756 E2117.77595
G1 X169.498 Y103.756 E2117.78491
G1 F2133.3 X168.92 Y103.806 E2117.79793
G1 F1912.4 X142.333 Y103.808 E2118.4638
G1 F2123.9 X141.845 Y103.756 E2118.47487
G1 F2400 X141.397 Y103.756 E2118.48381
G1 X141.377 Y104.309 E2118.49485
G1 X141.384 Y104.554 E2118.49974
G1 X141.38 Y105.438 E2118.51738
G1 X141.4 Y109.356 E2118.59557
G1 X141.856 Y109.356 E2118.60467
G1 F2133.3 X142.42 Y109.306 E2118.61738
G1 F1920 X145.922 Y109.306 E2118.70474
G1 X145.922 Y108.806 E2118.71721
G1 X142.42 Y108.806 E2118.80457
G1 F2133.3 X142.223 Y108.639 E2118.81037
G1 F2400 X142.22 Y104.546 E2118.89205
G1 X142.247 Y104.455 E2118.89394
G1 F2123.9 X142.376 Y104.307 E2118.89837
G1 F1912.4 X168.92 Y104.306 E2119.56316
G1 F2133.3 X169.12 Y104.478 E2119.56909
G1 F2400 X169.118 Y108.592 E2119.65119
G1 F2123.9 X168.964 Y108.805 E2119.65711
G1 F1500 E2113.15711
;MESH:NONMESH
G0 F300 X168.964 Y108.805 Z12
G0 F12000 X168.964 Y109.066
G0 X165.597 Y109.132
G0 X165.597 Y110.221
G0 X152.095 Y146.732
G0 X152.331 Y147.574
;TIME_ELAPSED:4152.090935
;LAYER:99
;TYPE:SUPPORT
G1 F1500 E2119.65711
G1 F2400 X153.671 Y147.2 E2119.68488
G1 X155.013 Y147.574 E2119.71268
G1 X155.993 Y148.607 E2119.74109
G1 X156.368 Y149.89 E2119.76777
G1 X155.989 Y151.235 E2119.79565
G1 X155.011 Y152.213 E2119.82325
G1 X153.67 Y152.587 E2119.85104
G1 X152.39 Y152.21 E2119.87767
G1 X151.354 Y151.174 E2119.9069
G1 X150.977 Y149.891 E2119.93359
G1 X151.347 Y148.607 E2119.96026
G1 X152.331 Y147.574 E2119.98873
G1 F1500 E2113.48873
;MESH:9VBatteryHolder_v2.stl
G0 F12000 X151.703 Y146.98
G0 X150.582 Y148.165
G0 X150.079 Y149.895
G0 X150.491 Y151.303
G0 X152.331 Y155.891
G0 X152.331 Y156.986
G0 X142.672 Y157.556
;TYPE:WALL-INNER
G1 F1500 E2119.98873
G1 F2400 X168.672 Y157.556 E2120.50758
G1 F2352.9 X168.846 Y157.549 E2120.51113
G0 F12000 X169.369 Y157.253
G1 F2436.5 X168.846 Y157.549 E2120.52294
G1 X169.686 Y157.57 E2120.53946
G1 F2442.7 X169.665 Y156.73 E2120.55593
G1 X169.369 Y157.253 E2120.56772
G0 F12000 X169.665 Y156.73
G1 F2358.7 X169.672 Y156.556 E2120.57125
G1 F2400 X169.672 Y112.556 E2121.44932
G1 F1500 E2114.94932
G0 F12000 X169.511 Y157.394
G0 X141.835 Y157.394
G0 X141.672 Y112.556
G1 F1500 E2121.44932
G1 F2400 X141.672 Y156.556 E2122.32739
G1 F2352.9 X141.679 Y156.73 E2122.33093
G0 F12000 X141.975 Y157.253
G1 F2436.5 X141.679 Y156.73 E2122.34275
G1 X141.658 Y157.57 E2122.35926
G1 F2487 X142.672 Y157.556 E2122.37879
G1 X141.975 Y157.253 E2122.39343
G0 F12000 X141.763 Y157.253
G0 X169.096 Y157.466
G0 X169.096 Y156.98
G1 F2400 X168.761 Y157.156 E2122.40098
G1 X142.672 Y157.156 E2122.92161
G1 X142.247 Y156.981 E2122.93079
G1 X142.072 Y156.645 E2122.93835
G1 X142.072 Y112.156 E2123.82617
G1 X141.272 Y112.156 E2123.84214
G1 X141.273 Y157.955 E2124.75611
G1 X170.072 Y157.956 E2125.33082
G1 X170.072 Y112.156 E2126.24481
G1 X169.272 Y112.156 E2126.26077
G1 X169.272 Y156.645 E2127.1486
G1 X169.096 Y156.98 E2127.15615
G0 F12000 X168.87 Y156.591
;TYPE:WALL-OUTER
G1 F2400 X168.814 Y156.698 E2127.15856
G1 X168.707 Y156.754 E2127.16097
G1 X142.672 Y156.756 E2127.68053
G1 X142.53 Y156.698 E2127.68359
G1 X142.474 Y156.591 E2127.686
G1 X142.472 Y111.756 E2128.58073
G1 X140.872 Y111.756 E2128.61266
G1 X140.873 Y158.355 E2129.54259
G1 X170.472 Y158.356 E2130.13327
G1 X170.472 Y111.756 E2131.06323
G1 X168.872 Y111.756 E2131.09516
G1 X168.87 Y156.591 E2131.98989
G1 F1500 E2125.48989
G0 F12000 X169.183 Y156.591
G0 X169.469 Y111.986
G0 X169.469 Y110.891
G0 X169.469 Y110.221
G0 X169.469 Y108.906
;TYPE:WALL-INNER
G1 F1500 E2131.98989
G1 F2119.2 X169.517 Y108.662 E2131.99551
G1 F2313.3 X169.527 Y104.465 E2132.0824
G1 F2055.7 X169.476 Y104.211 E2132.08844
G0 F12000 X141.985 Y104.118
G0 X141.867 Y104.209
G1 F2073.4 X141.815 Y104.477 E2132.09475
G1 F2324.5 X141.827 Y108.663 E2132.181
G1 F2123.9 X141.874 Y108.907 E2132.1866
G1 F1500 E2125.6866
G0 F12000 X141.985 Y104.118
G0 X169.361 Y104.118
G0 X169.361 Y108.994
G0 X168.964 Y109.066
G0 X168.964 Y108.805
;TYPE:WALL-OUTER
G1 F1500 E2132.1866
G1 F1912.4 X165.422 Y108.806 E2132.27531
G1 F1920 X165.422 Y109.306 E2132.28778
G1 F1912.4 X169.007 Y109.304 E2132.37757
G1 F2123.9 X169.469 Y109.356 E2132.38805
G1 F2400 X169.916 Y109.356 E2132.39697
G1 X169.939 Y104.452 E2132.49484
G1 X169.915 Y103.756 E2132.50874
G1 X169.476 Y103.756 E2132.5175
G1 F2133.3 X168.92 Y103.806 E2132.53003
G1 F1912.4 X142.333 Y103.808 E2133.1959
G1 F2123.9 X141.867 Y103.756 E2133.20647
G1 F2400 X141.43 Y103.756 E2133.21519
G1 X141.405 Y104.471 E2133.22947
G1 X141.428 Y109.356 E2133.32696
G1 X141.874 Y109.356 E2133.33586
G1 F2133.3 X142.42 Y109.306 E2133.34817
G1 F1920 X145.922 Y109.306 E2133.43552
G1 X145.922 Y108.806 E2133.448
G1 X142.42 Y108.806 E2133.53535
G1 F2133.3 X142.251 Y108.665 E2133.5403
G1 F2400 X142.223 Y108.592 E2133.54186
G1 X142.221 Y104.53 E2133.62292
G1 F2123.9 X142.376 Y104.307 E2133.62904
G1 F1912.4 X168.92 Y104.306 E2134.29383
G1 F2133.3 X169.09 Y104.45 E2134.29884
G1 F2400 X169.119 Y104.526 E2134.30046
G1 X169.119 Y108.592 E2134.3816
G1 F2123.9 X168.964 Y108.805 E2134.38754
G1 F1500 E2127.88754
;MESH:NONMESH
G0 F300 X168.964 Y108.805 Z12.12
G0 F12000 X168.964 Y109.066
G0 X165.597 Y109.132
G0 X165.597 Y110.221
G0 X152.099 Y146.743
G0 X152.336 Y147.59
;TIME_ELAPSED:4181.252890
;LAYER:100
;TYPE:SUPPORT
G1 F1500 E2134.38754
G1 F2400 X153.672 Y147.216 E2134.41523
G1 X155.008 Y147.59 E2134.44291
G1 X155.981 Y148.615 E2134.47112
G1 X156.352 Y149.89 E2134.49762
G1 X155.977 Y151.227 E2134.52533
G1 X155.007 Y152.197 E2134.5527
G1 X153.67 Y152.572 E2134.58041
G1 X152.394 Y152.198 E2134.60695
G1 X151.366 Y151.17 E2134.63596
G1 X150.989 Y149.891 E2134.66257
G1 X151.363 Y148.615 E2134.68911
G1 X152.336 Y147.59 E2134.71731
G1 F1500 E2128.21731
;MESH:9VBatteryHolder_v2.stl
G0 F12000 X151.708 Y146.996
G0 X150.597 Y148.17
G0 X150.092 Y149.894
G0 X150.504 Y151.299
G0 X152.336 Y155.891
G0 X152.336 Y156.986
G0 X142.672 Y157.556
;TYPE:WALL-INNER
G1 F1500 E2134.71731
G1 F2400 X168.672 Y157.556 E2135.23617
G1 F2352.9 X168.846 Y157.549 E2135.23971
G0 F12000 X169.369 Y157.253
G1 F2436.5 X168.846 Y157.549 E2135.25152
G1 X169.686 Y157.57 E2135.26804
G1 F2442.7 X169.665 Y156.73 E2135.28452
G1 X169.369 Y157.253 E2135.2963
G0 F12000 X169.665 Y156.73
G1 F2358.7 X169.672 Y156.556 E2135.29983
G1 F2400 X169.672 Y112.556 E2136.1779
G1 F1500 E2129.6779
G0 F12000 X169.511 Y157.394
G0 X141.835 Y157.394
G0 X141.672 Y112.556
G1 F1500 E2136.1779
G1 F2400 X141.672 Y156.556 E2137.05597
G1 F2352.9 X141.679 Y156.73 E2137.05951
G0 F12000 X141.975 Y157.253
G1 F2436.5 X141.679 Y156.73 E2137.07133
G1 X141.658 Y157.57 E2137.08784
G1 F2487 X142.672 Y157.556 E2137.10737
G1 X141.975 Y157.253 E2137.12201
G0 F12000 X141.763 Y157.253
G0 X169.096 Y157.466
G0 X169.096 Y156.98
G1 F2400 X168.761 Y157.156 E2137.12956
G1 X142.672 Y157.156 E2137.6502
G1 X142.247 Y156.981 E2137.65937
G1 X142.072 Y156.645 E2137.66693
G1 X142.072 Y112.156 E2138.55475
G1 X141.272 Y112.156 E2138.57072
G1 X141.273 Y157.955 E2139.48469
G1 X170.072 Y157.956 E2140.0594
G1 X170.072 Y112.156 E2140.97339
G1 X169.272 Y112.156 E2140.98936
G1 X169.272 Y156.645 E2141.87718
G1 X169.096 Y156.98 E2141.88473
G0 F12000 X168.87 Y156.591
;TYPE:WALL-OUTER
G1 F2400 X168.814 Y156.698 E2141.88714
G1 X168.707 Y156.754 E2141.88955
G1 X142.672 Y156.756 E2142.40911
G1 X142.53 Y156.698 E2142.41217
G1 X142.474 Y156.591 E2142.41458
G1 X142.472 Y111.756 E2143.30931
G1 X140.872 Y111.756 E2143.34124
G1 X140.873 Y158.355 E2144.27118
G1 X170.472 Y158.356 E2144.86186
G1 X170.472 Y111.756 E2145.79181
G1 X168.872 Y111.756 E2145.82374
G1 X168.87 Y156.591 E2146.71847
G1 F1500 E2140.21847
G0 F12000 X169.183 Y156.591
G0 X169.45 Y111.986
G0 X169.45 Y110.891
G0 X169.45 Y110.221
G0 X169.45 Y108.916
;TYPE:WALL-INNER
G1 F1500 E2146.71847
G1 F2237.8 X169.502 Y108.66 E2146.72406
G1 F2500 X169.512 Y104.489 E2146.80397
G1 F2191.8 X169.455 Y104.199 E2146.81043
G0 F12000 X141.985 Y104.118
G0 X141.888 Y104.198
G1 F2206.9 X141.829 Y104.501 E2146.81713
G1 F2506.5 X141.84 Y108.659 E2146.89658
G1 F2243 X141.893 Y108.917 E2146.9022
G1 F1500 E2140.4022
G0 F12000 X141.985 Y104.118
G0 X169.361 Y104.118
G0 X169.361 Y108.994
G0 X168.964 Y109.066
G0 X168.964 Y108.805
;TYPE:WALL-OUTER
G1 F1500 E2146.9022
G1 F1912.4 X165.422 Y108.806 E2146.99091
G1 F1920 X165.422 Y109.306 E2147.00338
G1 F1912.4 X169.007 Y109.304 E2147.09317
G1 F2123.9 X169.45 Y109.356 E2147.10323
G1 F2400 X169.888 Y109.356 E2147.11197
G1 X169.907 Y104.477 E2147.20933
G1 X169.882 Y103.756 E2147.22373
G1 X169.455 Y103.756 E2147.23225
G1 F2133.3 X168.92 Y103.806 E2147.24432
G1 F1912.4 X142.333 Y103.808 E2147.91018
G1 F2123.9 X141.888 Y103.757 E2147.92028
G1 F2400 X141.462 Y103.757 E2147.92879
G1 X141.436 Y104.502 E2147.94366
G1 X141.456 Y109.356 E2148.04053
G1 X141.893 Y109.356 E2148.04925
G1 F2133.3 X142.42 Y109.306 E2148.06114
G1 F1920 X145.922 Y109.306 E2148.14849
G1 X145.922 Y108.806 E2148.16097
G1 X142.42 Y108.806 E2148.24832
G1 F2133.3 X142.255 Y108.669 E2148.25314
G1 F2400 X142.223 Y108.591 E2148.25482
G1 X142.221 Y104.537 E2148.33572
G1 F2123.9 X142.376 Y104.307 E2148.34198
G1 F1912.4 X168.92 Y104.306 E2149.00677
G1 F2133.3 X169.087 Y104.444 E2149.01163
G1 F2400 X169.119 Y104.533 E2149.01352
G1 X169.118 Y108.592 E2149.09452
G1 F2123.9 X168.964 Y108.805 E2149.10045
G1 F1500 E2142.60045
;MESH:NONMESH
G0 F300 X168.964 Y108.805 Z12.24
G0 F12000 X168.964 Y109.066
G0 X165.597 Y109.132
G0 X165.597 Y110.221
G0 X152.107 Y146.758
G0 X152.344 Y147.602
;TIME_ELAPSED:4210.400054
;LAYER:101
;TYPE:SUPPORT
G1 F1500 E2149.10045
G1 F2400 X153.672 Y147.228 E2149.12798
G1 X155 Y147.602 E2149.15551
G1 X155.969 Y148.623 E2149.1836
G1 X156.336 Y149.89 E2149.20993
G1 X155.965 Y151.219 E2149.23746
G1 X154.999 Y152.185 E2149.26473
G1 X153.67 Y152.556 E2149.29226
G1 X152.402 Y152.186 E2149.31862
G1 X151.378 Y151.162 E2149.34752
G1 X151.005 Y149.891 E2149.37395
G1 X151.375 Y148.623 E2149.40031
G1 X152.344 Y147.602 E2149.4284
G1 F1500 E2142.9284
;MESH:9VBatteryHolder_v2.stl
G0 F12000 X151.718 Y147.007
G0 X150.608 Y148.177
G0 X150.107 Y149.894
G0 X150.517 Y151.293
G0 X152.344 Y155.891
G0 X152.344 Y156.986
G0 X142.672 Y157.556
;TYPE:WALL-INNER
G1 F1500 E2149.4284
G1 F2400 X168.672 Y157.556 E2149.94726
G1 F2352.9 X168.846 Y157.549 E2149.95081
G0 F12000 X169.369 Y157.253
G1 F2436.5 X168.846 Y157.549 E2149.96262
G1 X169.686 Y157.57 E2149.97914
G1 F2442.7 X169.665 Y156.73 E2149.99561
G1 X169.369 Y157.253 E2150.00739
G0 F12000 X169.665 Y156.73
G1 F2358.7 X169.672 Y156.556 E2150.01093
G1 F2400 X169.672 Y112.556 E2150.889
G1 F1500 E2144.389
G0 F12000 X169.511 Y157.394
G0 X141.835 Y157.394
G0 X141.672 Y112.556
G1 F1500 E2150.889
G1 F2400 X141.672 Y156.556 E2151.76707
G1 F2352.9 X141.679 Y156.73 E2151.77061
G0 F12000 X141.975 Y157.253
G1 F2436.5 X141.679 Y156.73 E2151.78242
G1 X141.658 Y157.57 E2151.79894
G1 F2487 X142.672 Y157.556 E2151.81847
G1 X141.975 Y157.253 E2151.83311
G0 F12000 X141.763 Y157.253
G0 X169.096 Y157.466
G0 X169.096 Y156.98
G1 F2400 X168.761 Y157.156 E2151.84066
G1 X142.672 Y157.156 E2152.36129
G1 X142.247 Y156.981 E2152.37046
G1 X142.072 Y156.645 E2152.37802
G1 X142.072 Y112.156 E2153.26585
G1 X141.272 Y112.156 E2153.28181
G1 X141.273 Y157.955 E2154.19578
G1 X170.072 Y157.956 E2154.7705
G1 X170.072 Y112.156 E2155.68449
G1 X169.272 Y112.156 E2155.70045
G1 X169.272 Y156.645 E2156.58828
G1 X169.096 Y156.98 E2156.59583
G0 F12000 X168.87 Y156.591
;TYPE:WALL-OUTER
G1 F2400 X168.814 Y156.698 E2156.59824
G1 X168.707 Y156.754 E2156.60065
G1 X142.672 Y156.756 E2157.12021
G1 X142.53 Y156.698 E2157.12327
G1 X142.474 Y156.591 E2157.12568
G1 X142.472 Y111.756 E2158.02041
G1 X140.872 Y111.756 E2158.05234
G1 X140.873 Y158.355 E2158.98227
G1 X170.472 Y158.356 E2159.57295
G1 X170.472 Y111.756 E2160.5029
G1 X168.872 Y111.756 E2160.53483
G1 X168.87 Y156.591 E2161.42957
G1 F1500 E2154.92957
G0 F12000 X169.183 Y156.591
G0 X169.433 Y111.986
G0 X169.433 Y110.891
G0 X169.433 Y110.221
G0 X169.432 Y108.925
;TYPE:WALL-INNER
G1 F1500 E2161.42957
G1 F2352.9 X169.488 Y108.658 E2161.43512
G1 F2704.2 X169.498 Y106.816 E2161.46774
G1 F2742.9 X169.492 Y104.542 E2161.50745
G1 F2376.2 X169.435 Y104.188 E2161.51468
G0 F12000 X141.985 Y104.118
G0 X141.908 Y104.187
G1 F2388.1 X141.85 Y104.527 E2161.5216
G1 F2766.6 X141.844 Y106.82 E2161.56129
G1 F2735 X141.854 Y108.658 E2161.59348
G1 F2370.4 X141.91 Y108.926 E2161.59901
G1 F1500 E2155.09901
G0 F12000 X141.985 Y104.118
G0 X169.361 Y104.118
G0 X169.361 Y108.994
G0 X168.964 Y109.066
G0 X168.964 Y108.805
;TYPE:WALL-OUTER
G1 F1500 E2161.59901
G1 F1912.4 X165.422 Y108.806 E2161.68772
G1 F1920 X165.422 Y109.306 E2161.70019
G1 F1912.4 X169.007 Y109.304 E2161.78998
G1 F2123.9 X169.432 Y109.356 E2161.79963
G1 F2400 X169.86 Y109.356 E2161.80817
G1 X169.876 Y106.815 E2161.85888
G1 X169.864 Y104.553 E2161.90402
G1 X169.871 Y104.299 E2161.9091
G1 X169.851 Y103.756 E2161.91994
G1 X169.435 Y103.756 E2161.92824
G1 F2133.3 X168.92 Y103.806 E2161.93986
G1 F1912.4 X142.333 Y103.808 E2162.60573
G1 F2123.9 X141.908 Y103.756 E2162.61538
G1 F2400 X141.493 Y103.756 E2162.62366
G1 X141.472 Y104.346 E2162.63544
G1 X141.48 Y104.554 E2162.6396
G1 X141.468 Y106.821 E2162.68484
G1 X141.483 Y109.356 E2162.73543
G1 X141.91 Y109.356 E2162.74395
G1 F2133.3 X142.42 Y109.306 E2162.75545
G1 F1920 X145.922 Y109.306 E2162.84281
G1 X145.922 Y108.806 E2162.85528
G1 X142.42 Y108.806 E2162.94264
G1 F2133.3 X142.258 Y108.674 E2162.94733
G1 F2400 X142.223 Y108.592 E2162.94911
G1 X142.22 Y104.545 E2163.02988
G1 X142.257 Y104.439 E2163.03212
G1 F2123.9 X142.376 Y104.307 E2163.03612
G1 F1912.4 X168.92 Y104.306 E2163.70092
G1 F2133.3 X169.083 Y104.439 E2163.70564
G1 F2400 X169.12 Y104.556 E2163.70809
G1 X169.117 Y108.592 E2163.78863
G1 F2123.9 X168.964 Y108.805 E2163.79454
G1 F1500 E2157.29454
;MESH:NONMESH
G0 F300 X168.964 Y108.805 Z12.36
G0 F12000 X168.964 Y109.066
G0 X165.597 Y109.132
G0 X165.597 Y110.221
G0 X152.114 Y146.77
G0 X152.351 Y147.614
;TIME_ELAPSED:4239.527101
;LAYER:102
;TYPE:SUPPORT
G1 F1500 E2163.79454
G1 F2400 X153.672 Y147.244 E2163.82192
G1 X154.993 Y147.614 E2163.8493
G1 X155.957 Y148.627 E2163.8772
G1 X156.324 Y149.889 E2163.90343
G1 X155.953 Y151.211 E2163.93083
G1 X154.991 Y152.173 E2163.95798
G1 X153.67 Y152.543 E2163.98536
G1 X152.41 Y152.174 E2164.01156
G1 X151.39 Y151.154 E2164.04035
G1 X151.017 Y149.891 E2164.06663
G1 X151.387 Y148.627 E2164.09291
G1 X152.351 Y147.614 E2164.12082
G1 F1500 E2157.62082
;MESH:9VBatteryHolder_v2.stl
G0 F12000 X151.724 Y147.02
G0 X150.62 Y148.184
G0 X150.121 Y149.894
G0 X150.53 Y151.287
G0 X152.351 Y155.891
G0 X152.351 Y156.986
G0 X142.672 Y157.556
;TYPE:WALL-INNER
G1 F1500 E2164.12082
G1 F2400 X168.672 Y157.556 E2164.63967
G1 F2352.9 X168.846 Y157.549 E2164.64322
G0 F12000 X169.369 Y157.253
G1 F2436.5 X168.846 Y157.549 E2164.65503
G1 X169.686 Y157.57 E2164.67155
G1 F2442.7 X169.665 Y156.73 E2164.68802
G1 X169.369 Y157.253 E2164.69981
G0 F12000 X169.665 Y156.73
G1 F2358.7 X169.672 Y156.556 E2164.70334
G1 F2400 X169.672 Y112.556 E2165.58141
G1 F1500 E2159.08141
G0 F12000 X169.511 Y157.394
G0 X141.835 Y157.394
G0 X141.672 Y112.556
G1 F1500 E2165.58141
G1 F2400 X141.672 Y156.556 E2166.45948
G1 F2352.9 X141.679 Y156.73 E2166.46302
G0 F12000 X141.975 Y157.253
G1 F2436.5 X141.679 Y156.73 E2166.47483
G1 X141.658 Y157.57 E2166.49135
G1 F2487 X142.672 Y157.556 E2166.51088
G1 X141.975 Y157.253 E2166.52552
G0 F12000 X141.763 Y157.253
G0 X169.096 Y157.466
G0 X169.096 Y156.98
G1 F2400 X168.761 Y157.156 E2166.53307
G1 X142.672 Y157.156 E2167.0537
G1 X142.247 Y156.981 E2167.06287
G1 X142.072 Y156.645 E2167.07043
G1 X142.072 Y112.156 E2167.95826
G1 X141.272 Y112.156 E2167.97423
G1 X141.273 Y157.955 E2168.88819
G1 X170.072 Y157.956 E2169.46291
G1 X170.072 Y112.156 E2170.3769
G1 X169.272 Y112.156 E2170.39286
G1 X169.272 Y156.645 E2171.28069
G1 X169.096 Y156.98 E2171.28824
G0 F12000 X168.87 Y156.591
;TYPE:WALL-OUTER
G1 F2400 X168.814 Y156.698 E2171.29065
G1 X168.707 Y156.754 E2171.29306
G1 X142.672 Y156.756 E2171.81262
G1 X142.53 Y156.698 E2171.81568
G1 X142.474 Y156.591 E2171.81809
G1 X142.472 Y111.756 E2172.71282
G1 X140.872 Y111.756 E2172.74475
G1 X140.873 Y158.355 E2173.67468
G1 X170.472 Y158.356 E2174.26536
G1 X170.472 Y111.756 E2175.19532
G1 X168.872 Y111.756 E2175.22725
G1 X168.87 Y156.591 E2176.12198
G1 F1500 E2169.62198
G0 F12000 X169.183 Y156.591
G0 X169.433 Y111.986
G0 X169.433 Y110.891
G0 X169.433 Y110.221
G0 X169.198 Y108.606
G1 F1500 E2176.12198
G1 F1726.6 X169.195 Y104.556 E2176.23432
G1 F1643.8 X169.166 Y104.366 E2176.23992
G1 F1714.3 X168.92 Y104.306 E2176.24699
G1 F1912.4 X142.376 Y104.307 E2176.91178
G1 F1705.2 X142.174 Y104.366 E2176.9177
G1 F1641 X142.146 Y104.54 E2176.92284
G1 F1726.6 X142.143 Y108.606 E2177.03563
G1 F1621.6 X142.173 Y108.746 E2177.03985
G1 F1711.2 X142.42 Y108.806 E2177.04697
G1 F1920 X145.922 Y108.806 E2177.13433
G1 X145.922 Y109.306 E2177.1468
G1 X142.42 Y109.306 E2177.23416
G1 F1711.2 X141.927 Y109.245 E2177.24806
G1 F1543.4 X141.618 Y109.245 E2177.25765
G1 X141.616 Y108.936 E2177.26724
G1 F1621.6 X141.585 Y108.655 E2177.27559
G1 F1726.6 X141.598 Y104.536 E2177.38985
G1 F1641 X141.63 Y103.866 E2177.40942
G1 F1545.9 X141.923 Y103.866 E2177.4185
G1 F1705.2 X142.333 Y103.808 E2177.43013
G1 F1912.4 X168.92 Y103.806 E2178.096
G1 F1714.3 X169.411 Y103.866 E2178.10982
G1 F1550.9 X169.712 Y103.865 E2178.11911
G1 X169.721 Y104.185 E2178.129
G1 F1643.8 X169.745 Y104.552 E2178.13972
G1 F1726.6 X169.757 Y108.658 E2178.25361
G1 F1621.6 X169.725 Y108.936 E2178.26188
G1 F1543.4 X169.723 Y109.245 E2178.27147
G1 X169.414 Y109.245 E2178.28106
G1 F1702.1 X169.007 Y109.304 E2178.29263
G1 F1912.4 X165.422 Y109.306 E2178.38241
G1 F1920 X165.422 Y108.806 E2178.39489
G1 F1912.4 X168.964 Y108.805 E2178.48359
G1 F1702.1 X169.167 Y108.745 E2178.48955
G1 F1621.6 X169.198 Y108.606 E2178.49376
G1 F1500 E2171.99376
;MESH:NONMESH
G0 F300 X169.198 Y108.606 Z12.48
G0 F12000 X169.433 Y108.606
G0 X169.361 Y108.994
G0 X165.597 Y109.132
G0 X165.597 Y110.221
G0 X152.117 Y146.783
G0 X152.356 Y147.634
;TIME_ELAPSED:4266.615205
;LAYER:103
;TYPE:SUPPORT
G1 F1500 E2178.49376
G1 F2400 X153.675 Y147.264 E2178.5211
G1 X154.992 Y147.634 E2178.54839
G1 X155.942 Y148.639 E2178.57599
G1 X156.343 Y149.979 E2178.60391
G1 X155.984 Y151.3 E2178.63122
G1 X155.043 Y152.245 E2178.65784
G1 X153.731 Y152.607 E2178.685
G1 X152.466 Y152.23 E2178.71134
G1 X151.414 Y151.17 E2178.74114
G1 X151.037 Y149.899 E2178.7676
G1 X151.407 Y148.639 E2178.79381
G1 X152.356 Y147.634 E2178.82139
G1 F1500 E2172.32139
;MESH:9VBatteryHolder_v2.stl
G0 F12000 X151.729 Y147.042
G0 X150.638 Y148.196
G0 X150.141 Y149.902
G0 X150.551 Y151.299
G0 X152.356 Y155.891
G0 X152.356 Y156.986
G0 X142.672 Y157.556
;TYPE:WALL-INNER
G1 F1500 E2178.82139
G1 F2400 X168.672 Y157.556 E2179.34025
G1 F2352.9 X168.846 Y157.549 E2179.34379
G0 F12000 X169.369 Y157.253
G1 F2436.5 X168.846 Y157.549 E2179.35561
G1 X169.686 Y157.57 E2179.37212
G1 F2442.7 X169.665 Y156.73 E2179.3886
G1 X169.369 Y157.253 E2179.40038
G0 F12000 X169.665 Y156.73
G1 F2358.7 X169.672 Y156.556 E2179.40392
G1 F2400 X169.672 Y112.556 E2180.28198
G1 F1500 E2173.78198
G0 F12000 X169.511 Y157.394
G0 X141.835 Y157.394
G0 X141.672 Y112.556
G1 F1500 E2180.28198
G1 F2400 X141.672 Y156.556 E2181.16005
G1 F2352.9 X141.679 Y156.73 E2181.1636
G0 F12000 X141.975 Y157.253
G1 F2436.5 X141.679 Y156.73 E2181.17541
G1 X141.658 Y157.57 E2181.19193
G1 F2487 X142.672 Y157.556 E2181.21145
G1 X141.975 Y157.253 E2181.22609
G0 F12000 X141.763 Y157.253
G0 X169.096 Y157.466
G0 X169.096 Y156.98
G1 F2400 X168.761 Y157.156 E2181.23364
G1 X142.672 Y157.156 E2181.75428
G1 X142.247 Y156.981 E2181.76345
G1 X142.072 Y156.645 E2181.77101
G1 X142.072 Y112.156 E2182.65883
G1 X141.272 Y112.156 E2182.6748
G1 X141.273 Y157.955 E2183.58877
G1 X170.072 Y157.956 E2184.16348
G1 X170.072 Y112.156 E2185.07747
G1 X169.272 Y112.156 E2185.09344
G1 X169.272 Y156.645 E2185.98126
G1 X169.096 Y156.98 E2185.98881
G0 F12000 X168.87 Y156.591
;TYPE:WALL-OUTER
G1 F2400 X168.814 Y156.698 E2185.99122
G1 X168.707 Y156.754 E2185.99363
G1 X142.672 Y156.756 E2186.51319
G1 X142.53 Y156.698 E2186.51625
G1 X142.474 Y156.591 E2186.51866
G1 X142.472 Y111.756 E2187.41339
G1 X140.872 Y111.756 E2187.44532
G1 X140.873 Y158.355 E2188.37526
G1 X170.472 Y158.356 E2188.96594
G1 X170.472 Y111.756 E2189.89589
G1 X168.872 Y111.756 E2189.92782
G1 X168.87 Y156.591 E2190.82255
G1 F1500 E2184.32255
G0 F12000 X169.183 Y156.591
G0 X169.433 Y111.986
G0 X169.433 Y110.891
G0 X169.433 Y110.221
G0 X169.188 Y108.601
G1 F1500 E2190.82255
G1 F1797.8 X169.184 Y104.549 E2190.9305
G1 F1690.1 X169.151 Y104.359 E2190.93597
G1 F1732.9 X168.92 Y104.306 E2190.94252
G1 F1912.4 X142.376 Y104.307 E2191.60731
G1 F1726.6 X142.19 Y104.359 E2191.61267
G1 F1696.1 X142.157 Y104.542 E2191.61792
G1 F1797.8 X142.154 Y108.602 E2191.72608
G1 F1672.5 X142.187 Y108.752 E2191.73048
G1 F1732.9 X142.42 Y108.806 E2191.73709
G1 F1920 X145.922 Y108.806 E2191.82445
G1 X145.922 Y109.306 E2191.83692
G1 X142.42 Y109.306 E2191.92428
G1 F1732.9 X141.955 Y109.252 E2191.93722
G1 F1578.9 X141.65 Y109.252 E2191.94647
G1 X141.651 Y108.947 E2191.95572
G1 F1672.5 X141.619 Y108.646 E2191.96439
G1 F1797.8 X141.631 Y104.538 E2192.07383
G1 F1696.1 X141.657 Y104.173 E2192.08416
G1 F1584.2 X141.657 Y103.859 E2192.09366
G1 X141.96 Y103.859 E2192.10282
G1 F1726.6 X142.333 Y103.808 E2192.11326
G1 F1912.4 X168.92 Y103.806 E2192.77913
G1 F1732.9 X169.382 Y103.859 E2192.79198
G1 F1581.5 X169.688 Y103.859 E2192.80125
G1 X169.686 Y104.173 E2192.81076
G1 F1690.1 X169.712 Y104.551 E2192.82149
G1 F1797.8 X169.726 Y108.645 E2192.93056
G1 F1666.7 X169.693 Y108.946 E2192.93927
G1 F1573.8 X169.694 Y109.251 E2192.94855
G1 X169.388 Y109.251 E2192.95786
G1 F1720.4 X169.007 Y109.304 E2192.96857
G1 F1912.4 X165.422 Y109.306 E2193.05836
G1 F1920 X165.422 Y108.806 E2193.07083
G1 F1912.4 X168.964 Y108.805 E2193.15954
G1 F1720.4 X169.154 Y108.752 E2193.16503
G1 F1666.7 X169.188 Y108.601 E2193.16948
G1 F1500 E2186.66948
;MESH:NONMESH
G0 F300 X169.188 Y108.601 Z12.6
G0 F12000 X169.433 Y108.601
G0 X169.361 Y108.994
G0 X165.597 Y109.132
G0 X165.597 Y110.221
G0 X152.137 Y146.799
G0 X152.38 Y147.666
;TIME_ELAPSED:4293.684123
;LAYER:104
;TYPE:SUPPORT
G1 F1500 E2193.16948
G1 F2400 X153.686 Y147.308 E2193.1965
G1 X155.011 Y147.69 E2193.22402
G1 X155.985 Y148.727 E2193.25241
G1 X156.387 Y150.071 E2193.28041
G1 X156.028 Y151.388 E2193.30765
G1 X155.091 Y152.325 E2193.33409
G1 X153.787 Y152.684 E2193.36108
G1 X152.53 Y152.31 E2193.38725
G1 X151.462 Y151.238 E2193.41745
G1 X151.081 Y149.942 E2193.44441
G1 X151.44 Y148.67 E2193.47078
G1 X152.38 Y147.666 E2193.49823
G1 F1500 E2186.99823
;MESH:9VBatteryHolder_v2.stl
G0 F12000 X151.75 Y147.076
G0 X150.666 Y148.233
G0 X150.181 Y149.946
G0 X150.599 Y151.36
G0 X152.38 Y155.891
G0 X152.38 Y156.986
G0 X142.672 Y157.556
;TYPE:WALL-INNER
G1 F1500 E2193.49823
G1 F2400 X168.672 Y157.556 E2194.01709
G1 F2352.9 X168.846 Y157.549 E2194.02063
G0 F12000 X169.369 Y157.253
G1 F2436.5 X168.846 Y157.549 E2194.03245
G1 X169.686 Y157.57 E2194.04896
G1 F2442.7 X169.665 Y156.73 E2194.06544
G1 X169.369 Y157.253 E2194.07722
G0 F12000 X169.665 Y156.73
G1 F2358.7 X169.672 Y156.556 E2194.08076
G1 F2400 X169.672 Y112.556 E2194.95882
G1 F1500 E2188.45882
G0 F12000 X169.511 Y157.394
G0 X141.835 Y157.394
G0 X141.672 Y112.556
G1 F1500 E2194.95882
G1 F2400 X141.672 Y156.556 E2195.83689
G1 F2352.9 X141.679 Y156.73 E2195.84044
G0 F12000 X141.975 Y157.253
G1 F2436.5 X141.679 Y156.73 E2195.85225
G1 X141.658 Y157.57 E2195.86877
G1 F2487 X142.672 Y157.556 E2195.8883
G1 X141.975 Y157.253 E2195.90293
G0 F12000 X141.763 Y157.253
G0 X169.096 Y157.466
G0 X169.096 Y156.98
G1 F2400 X168.761 Y157.156 E2195.91048
G1 X142.672 Y157.156 E2196.43112
G1 X142.247 Y156.981 E2196.44029
G1 X142.072 Y156.645 E2196.44785
G1 X142.072 Y112.156 E2197.33568
G1 X141.272 Y112.156 E2197.35164
G1 X141.273 Y157.955 E2198.26561
G1 X170.072 Y157.956 E2198.84032
G1 X170.072 Y112.156 E2199.75431
G1 X169.272 Y112.156 E2199.77028
G1 X169.272 Y156.645 E2200.6581
G1 X169.096 Y156.98 E2200.66566
G0 F12000 X168.87 Y156.591
;TYPE:WALL-OUTER
G1 F2400 X168.814 Y156.698 E2200.66807
G1 X168.707 Y156.754 E2200.67048
G1 X142.672 Y156.756 E2201.19003
G1 X142.53 Y156.698 E2201.19309
G1 X142.474 Y156.591 E2201.1955
G1 X142.472 Y111.756 E2202.09023
G1 X140.872 Y111.756 E2202.12216
G1 X140.873 Y158.355 E2203.0521
G1 X170.472 Y158.356 E2203.64278
G1 X170.472 Y111.756 E2204.57273
G1 X168.872 Y111.756 E2204.60466
G1 X168.87 Y156.591 E2205.49939
G1 F1500 E2198.99939
G0 F12000 X169.183 Y156.591
G0 X169.433 Y111.986
G0 X169.433 Y110.891
G0 X169.433 Y110.221
G0 X169.401 Y104.15
;TYPE:WALL-INNER
G1 F1500 E2205.49939
G1 F2487 X169.329 Y104.108 E2205.501
G1 X169.329 Y104.192 E2205.50261
G1 X169.401 Y104.15 E2205.50422
G1 F1500 E2199.00422
G0 F12000 X169.433 Y104.15
G0 X169.433 Y108.6
G0 X169.176 Y108.6
;TYPE:WALL-OUTER
G1 F1500 E2205.50422
G1 F1720.4 X169.138 Y108.759 E2205.50877
G1 F1745.5 X168.964 Y108.805 E2205.51371
G1 F1912.4 X165.422 Y108.806 E2205.60242
G1 F1920 X165.422 Y109.306 E2205.61489
G1 F1912.4 X169.007 Y109.304 E2205.70468
G1 F1745.5 X169.355 Y109.258 E2205.71431
G1 F1610.7 X169.653 Y109.258 E2205.72317
G1 X169.653 Y108.961 E2205.732
G1 F1720.4 X169.691 Y108.643 E2205.74092
G1 F1867.7 X169.682 Y104.553 E2205.8458
G1 F2114.5 X169.746 Y104.16 E2205.85482
G1 F2400 X169.754 Y103.756 E2205.86288
G1 X169.353 Y103.757 E2205.87088
G1 F2133.3 X168.92 Y103.806 E2205.88067
G1 F1912.4 X142.333 Y103.808 E2206.54654
G1 F1745.5 X141.988 Y103.853 E2206.55608
G1 F1616.2 X141.682 Y103.853 E2206.56515
G1 X141.692 Y104.159 E2206.57422
G1 F1745.5 X141.661 Y104.555 E2206.58512
G1 F1871.3 X141.648 Y108.642 E2206.68973
G1 F1720.4 X141.686 Y108.962 E2206.6987
G1 F1613.4 X141.688 Y109.259 E2206.70751
G1 X141.984 Y109.259 E2206.7163
G1 F1751.8 X142.42 Y109.306 E2206.72829
G1 F1920 X145.922 Y109.306 E2206.81565
G1 X145.922 Y108.806 E2206.82812
G1 X142.42 Y108.806 E2206.91548
G1 F1751.8 X142.202 Y108.759 E2206.92157
G1 F1720.4 X142.163 Y108.6 E2206.92613
G1 F1867.7 X142.167 Y104.543 E2207.03017
G1 F1745.5 X142.204 Y104.352 E2207.03551
G1 X142.376 Y104.307 E2207.04038
G1 F1912.4 X168.92 Y104.306 E2207.70518
G1 F1904.8 X169.174 Y104.551 E2207.71405
G1 F1867.7 X169.176 Y108.6 E2207.81788
G1 F1500 E2201.31788
;MESH:NONMESH
G0 F300 X169.176 Y108.6 Z12.72
G0 F12000 X169.433 Y108.6
G0 X169.361 Y108.994
G0 X165.597 Y109.132
G0 X165.597 Y110.221
G0 X152.184 Y146.826
G0 X152.444 Y147.771
;TIME_ELAPSED:4321.585917
;LAYER:105
;TYPE:SUPPORT
G1 F1500 E2207.81788
G1 F2400 X153.742 Y147.416 E2207.84473
G1 X155.06 Y147.794 E2207.8721
G1 X156.033 Y148.823 E2207.90036
G1 X156.428 Y150.163 E2207.92824
G1 X156.072 Y151.472 E2207.95531
G1 X155.139 Y152.409 E2207.9817
G1 X153.843 Y152.763 E2208.00851
G1 X152.594 Y152.39 E2208.03452
G1 X151.53 Y151.322 E2208.0646
G1 X151.153 Y150.034 E2208.09139
G1 X151.508 Y148.766 E2208.11766
G1 X152.444 Y147.771 E2208.14492
G1 F1500 E2201.64492
;MESH:9VBatteryHolder_v2.stl
G0 F12000 X151.814 Y147.181
G0 X150.735 Y148.332
G0 X150.252 Y150.039
G0 X150.669 Y151.447
G0 X152.444 Y155.891
G0 X152.444 Y156.986
G0 X142.672 Y157.556
;TYPE:WALL-INNER
G1 F1500 E2208.14492
G1 F2400 X168.672 Y157.556 E2208.66378
G1 F2352.9 X168.846 Y157.549 E2208.66733
G0 F12000 X169.369 Y157.253
G1 F2436.5 X168.846 Y157.549 E2208.67914
G1 X169.686 Y157.57 E2208.69566
G1 F2442.7 X169.665 Y156.73 E2208.71213
G1 X169.369 Y157.253 E2208.72391
G0 F12000 X169.665 Y156.73
G1 F2358.7 X169.672 Y156.556 E2208.72745
G1 F2400 X169.672 Y112.556 E2209.60552
G1 F1500 E2203.10552
G0 F12000 X169.511 Y157.394
G0 X141.835 Y157.394
G0 X141.672 Y112.556
G1 F1500 E2209.60552
G1 F2400 X141.672 Y156.556 E2210.48359
G1 F2352.9 X141.679 Y156.73 E2210.48713
G0 F12000 X141.975 Y157.253
G1 F2436.5 X141.679 Y156.73 E2210.49894
G1 X141.658 Y157.57 E2210.51546
G1 F2487 X142.672 Y157.556 E2210.53499
G1 X141.975 Y157.253 E2210.54963
G0 F12000 X141.763 Y157.253
G0 X169.096 Y157.466
G0 X169.096 Y156.98
G1 F2400 X168.761 Y157.156 E2210.55718
G1 X142.672 Y157.156 E2211.07781
G1 X142.247 Y156.981 E2211.08698
G1 X142.072 Y156.645 E2211.09454
G1 X142.072 Y112.156 E2211.98237
G1 X141.272 Y112.156 E2211.99833
G1 X141.273 Y157.955 E2212.9123
G1 X170.072 Y157.956 E2213.48702
G1 X170.072 Y112.156 E2214.40101
G1 X169.272 Y112.156 E2214.41697
G1 X169.272 Y156.645 E2215.3048
G1 X169.096 Y156.98 E2215.31235
G0 F12000 X168.87 Y156.591
;TYPE:WALL-OUTER
G1 F2400 X168.814 Y156.698 E2215.31476
G1 X168.707 Y156.754 E2215.31717
G1 X142.672 Y156.756 E2215.83673
G1 X142.53 Y156.698 E2215.83979
G1 X142.474 Y156.591 E2215.8422
G1 X142.472 Y111.756 E2216.73693
G1 X140.872 Y111.756 E2216.76886
G1 X140.873 Y158.355 E2217.69879
G1 X170.472 Y158.356 E2218.28947
G1 X170.472 Y111.756 E2219.21942
G1 X168.872 Y111.756 E2219.25135
G1 X168.87 Y156.591 E2220.14609
G1 F1500 E2213.64609
G0 F12000 X169.183 Y156.591
G0 X169.403 Y111.986
G0 X169.403 Y110.891
G0 X169.403 Y110.221
G0 X169.369 Y104.137
;TYPE:WALL-INNER
G1 F1500 E2220.14609
G1 F2666.7 X169.301 Y104.098 E2220.14749
G1 X169.302 Y104.176 E2220.14889
G1 X169.369 Y104.137 E2220.15029
G1 F1500 E2213.65029
G0 F12000 X169.403 Y104.076
G0 X169.433 Y108.599
G0 X169.166 Y108.599
;TYPE:WALL-OUTER
G1 F1500 E2220.15029
G1 F1784.4 X169.122 Y108.765 E2220.1549
G1 F1768 X168.964 Y108.805 E2220.15931
G1 F1912.4 X165.422 Y108.806 E2220.24802
G1 F1920 X165.422 Y109.306 E2220.26049
G1 F1912.4 X169.007 Y109.304 E2220.35028
G1 F1768 X169.324 Y109.265 E2220.35893
G1 F1652.3 X169.614 Y109.265 E2220.36734
G1 X169.615 Y108.975 E2220.37574
G1 F1784.4 X169.659 Y108.643 E2220.38473
G1 F1959.2 X169.649 Y104.552 E2220.48474
G1 F2167 X169.704 Y104.15 E2220.49371
G1 F2400 X169.717 Y103.757 E2220.50156
G1 X169.324 Y103.757 E2220.5094
G1 F2133.3 X168.92 Y103.806 E2220.51854
G1 F1912.4 X142.333 Y103.808 E2221.1844
G1 F1768 X142.019 Y103.846 E2221.19297
G1 F1652.3 X141.719 Y103.846 E2221.20167
G1 X141.729 Y104.144 E2221.21031
G1 F1801.1 X141.694 Y104.54 E2221.22088
G1 F1955.2 X141.682 Y108.645 E2221.32144
G1 F1781.1 X141.727 Y108.976 E2221.33042
G1 F1652.3 X141.729 Y109.266 E2221.33883
G1 X142.018 Y109.266 E2221.34721
G1 F1777.8 X142.42 Y109.306 E2221.35809
G1 F1920 X145.922 Y109.306 E2221.44545
G1 X145.922 Y108.806 E2221.45792
G1 X142.42 Y108.806 E2221.54528
G1 F1777.8 X142.219 Y108.766 E2221.5508
G1 F1781.1 X142.175 Y108.6 E2221.55542
G1 F1955.2 X142.178 Y104.544 E2221.65477
G1 F1801.1 X142.219 Y104.346 E2221.66015
G1 F1768 X142.376 Y104.307 E2221.66453
G1 F1912.4 X168.92 Y104.306 E2222.32932
G1 F1947.3 X169.163 Y104.55 E2222.33779
G1 F1959.2 X169.166 Y108.599 E2222.43678
G1 F1500 E2215.93678
;MESH:NONMESH
G0 F300 X169.166 Y108.599 Z12.84
G0 F12000 X169.433 Y108.599
G0 X169.361 Y108.994
G0 X165.597 Y109.132
G0 X165.597 Y110.221
G0 X152.247 Y146.931
G0 X152.508 Y147.879
;TIME_ELAPSED:4349.469726
;LAYER:106
;TYPE:SUPPORT
G1 F1500 E2222.43678
G1 F2400 X153.798 Y147.524 E2222.46348
G1 X155.112 Y147.902 E2222.49076
G1 X156.077 Y148.923 E2222.5188
G1 X156.472 Y150.259 E2222.5466
G1 X156.116 Y151.56 E2222.57352
G1 X155.191 Y152.489 E2222.59968
G1 X153.903 Y152.843 E2222.62634
G1 X152.658 Y152.47 E2222.65227
G1 X151.602 Y151.41 E2222.68213
G1 X151.225 Y150.126 E2222.70884
G1 X151.576 Y148.87 E2222.73486
G1 X152.508 Y147.879 E2222.76201
G1 F1500 E2216.26201
;MESH:9VBatteryHolder_v2.stl
G0 F12000 X151.878 Y147.288
G0 X150.805 Y148.433
G0 X150.324 Y150.132
G0 X150.739 Y151.535
G0 X152.508 Y155.891
G0 X152.508 Y156.986
G0 X142.672 Y157.556
;TYPE:WALL-INNER
G1 F1500 E2222.76201
G1 F2400 X168.672 Y157.556 E2223.28087
G1 F2352.9 X168.846 Y157.549 E2223.28441
G0 F12000 X169.369 Y157.253
G1 F2436.5 X168.846 Y157.549 E2223.29623
G1 X169.686 Y157.57 E2223.31274
G1 F2442.7 X169.665 Y156.73 E2223.32922
G1 X169.369 Y157.253 E2223.341
G0 F12000 X169.665 Y156.73
G1 F2358.7 X169.672 Y156.556 E2223.34454
G1 F2400 X169.672 Y112.556 E2224.2226
G1 F1500 E2217.7226
G0 F12000 X169.511 Y157.394
G0 X141.835 Y157.394
G0 X141.672 Y112.556
G1 F1500 E2224.2226
G1 F2400 X141.672 Y156.556 E2225.10067
G1 F2352.9 X141.679 Y156.73 E2225.10422
G0 F12000 X141.975 Y157.253
G1 F2436.5 X141.679 Y156.73 E2225.11603
G1 X141.658 Y157.57 E2225.13255
G1 F2487 X142.672 Y157.556 E2225.15207
G1 X141.975 Y157.253 E2225.16671
G0 F12000 X141.763 Y157.253
G0 X169.096 Y157.466
G0 X169.096 Y156.98
G1 F2400 X168.761 Y157.156 E2225.17426
G1 X142.672 Y157.156 E2225.6949
G1 X142.247 Y156.981 E2225.70407
G1 X142.072 Y156.645 E2225.71163
G1 X142.072 Y112.156 E2226.59945
G1 X141.272 Y112.156 E2226.61542
G1 X141.273 Y157.955 E2227.52939
G1 X170.072 Y157.956 E2228.1041
G1 X170.072 Y112.156 E2229.01809
G1 X169.272 Y112.156 E2229.03406
G1 X169.272 Y156.645 E2229.92188
G1 X169.096 Y156.98 E2229.92943
G0 F12000 X168.87 Y156.591
;TYPE:WALL-OUTER
G1 F2400 X168.814 Y156.698 E2229.93184
G1 X168.707 Y156.754 E2229.93425
G1 X142.672 Y156.756 E2230.45381
G1 X142.53 Y156.698 E2230.45687
G1 X142.474 Y156.591 E2230.45928
G1 X142.472 Y111.756 E2231.35401
G1 X140.872 Y111.756 E2231.38594
G1 X140.873 Y158.355 E2232.31588
G1 X170.472 Y158.356 E2232.90656
G1 X170.472 Y111.756 E2233.83651
G1 X168.872 Y111.756 E2233.86844
G1 X168.87 Y156.591 E2234.76317
G1 F1500 E2228.26317
G0 F12000 X169.183 Y156.591
G0 X169.433 Y111.986
G0 X169.433 Y110.891
G0 X169.433 Y110.221
G0 X169.154 Y108.598
G1 F1500 E2234.76317
G1 F2055.7 X169.152 Y104.551 E2234.85746
G1 F1860.5 X169.106 Y104.34 E2234.86302
G1 F1797.8 X168.92 Y104.306 E2234.86806
G1 F1912.4 X142.376 Y104.307 E2235.53285
G1 F1791 X142.236 Y104.34 E2235.5367
G1 F1867.7 X142.189 Y104.545 E2235.54209
G1 F2060.1 X142.188 Y108.598 E2235.63632
G1 F1853.3 X142.237 Y108.773 E2235.64101
G1 F1801.1 X142.42 Y108.806 E2235.64596
G1 F1920 X145.922 Y108.806 E2235.73331
G1 X145.922 Y109.306 E2235.74579
G1 X142.42 Y109.306 E2235.83315
G1 F1801.1 X142.055 Y109.272 E2235.84289
G1 F1696.1 X141.774 Y109.272 E2235.85083
G1 X141.772 Y108.99 E2235.85879
G1 F1853.3 X141.721 Y108.641 E2235.86791
G1 F2042.6 X141.715 Y107.577 E2235.89286
G1 F2060.1 X141.727 Y104.555 E2235.96311
G1 F1867.7 X141.768 Y104.132 E2235.97401
G1 F1693.1 X141.76 Y103.84 E2235.98228
G1 X142.052 Y103.84 E2235.99054
G1 F1791 X142.333 Y103.808 E2235.9981
G1 F1912.4 X168.92 Y103.806 E2236.66397
G1 F1797.8 X169.291 Y103.841 E2236.67389
G1 F1690.1 X169.583 Y103.841 E2236.68217
G1 X169.575 Y104.133 E2236.69045
G1 F1860.5 X169.616 Y104.553 E2236.70131
G1 F2051.3 X169.628 Y107.571 E2236.77178
G1 F2042.6 X169.622 Y108.64 E2236.79684
G1 F1853.3 X169.572 Y108.99 E2236.80598
G1 F1693.1 X169.57 Y109.272 E2236.81396
G1 X169.288 Y109.272 E2236.82194
G1 F1791 X169.007 Y109.304 E2236.8295
G1 F1912.4 X165.422 Y109.306 E2236.91928
G1 F1920 X165.422 Y108.806 E2236.93176
G1 F1912.4 X168.964 Y108.805 E2237.02047
G1 F1791 X169.104 Y108.772 E2237.02431
G1 F1853.3 X169.154 Y108.598 E2237.02899
G1 F1500 E2230.52899
;MESH:NONMESH
G0 F300 X169.154 Y108.598 Z12.96
G0 F12000 X169.433 Y108.598
G0 X169.361 Y108.994
G0 X165.597 Y109.132
G0 X165.597 Y110.221
G0 X152.311 Y147.038
G0 X152.572 Y147.986
;TIME_ELAPSED:4376.472730
;LAYER:107
;TYPE:SUPPORT
G1 F1500 E2237.02899
G1 F2400 X153.858 Y147.628 E2237.05563
G1 X155.159 Y148.005 E2237.08266
G1 X156.117 Y149.023 E2237.11056
G1 X156.512 Y150.351 E2237.13821
G1 X156.16 Y151.644 E2237.16495
G1 X155.239 Y152.569 E2237.191
G1 X153.959 Y152.92 E2237.21748
G1 X152.722 Y152.55 E2237.24325
G1 X151.67 Y151.494 E2237.273
G1 X151.297 Y150.218 E2237.29953
G1 X151.648 Y148.966 E2237.32547
G1 X152.572 Y147.986 E2237.35235
G1 F1500 E2230.85235
;MESH:9VBatteryHolder_v2.stl
G0 F12000 X151.942 Y147.395
G0 X150.875 Y148.532
G0 X150.396 Y150.225
G0 X150.809 Y151.623
G0 X152.572 Y155.891
G0 X152.572 Y156.986
G0 X142.672 Y157.556
;TYPE:WALL-INNER
G1 F1500 E2237.35235
G1 F2400 X168.672 Y157.556 E2237.87121
G1 F2352.9 X168.846 Y157.549 E2237.87476
G0 F12000 X169.369 Y157.253
G1 F2436.5 X168.846 Y157.549 E2237.88657
G1 X169.686 Y157.57 E2237.90309
G1 F2442.7 X169.665 Y156.73 E2237.91956
G1 X169.369 Y157.253 E2237.93134
G0 F12000 X169.665 Y156.73
G1 F2358.7 X169.672 Y156.556 E2237.93488
G1 F2400 X169.672 Y112.556 E2238.81295
G1 F1500 E2232.31295
G0 F12000 X169.511 Y157.394
G0 X141.835 Y157.394
G0 X141.672 Y112.556
G1 F1500 E2238.81295
G1 F2400 X141.672 Y156.556 E2239.69102
G1 F2352.9 X141.679 Y156.73 E2239.69456
G0 F12000 X141.975 Y157.253
G1 F2436.5 X141.679 Y156.73 E2239.70637
G1 X141.658 Y157.57 E2239.72289
G1 F2487 X142.672 Y157.556 E2239.74242
G1 X141.975 Y157.253 E2239.75705
G0 F12000 X141.763 Y157.253
G0 X169.096 Y157.466
G0 X169.096 Y156.98
G1 F2400 X168.761 Y157.156 E2239.76461
G1 X142.672 Y157.156 E2240.28524
G1 X142.247 Y156.981 E2240.29441
G1 X142.072 Y156.645 E2240.30197
G1 X142.072 Y112.156 E2241.1898
G1 X141.272 Y112.156 E2241.20576
G1 X141.273 Y157.955 E2242.11973
G1 X170.072 Y157.956 E2242.69445
G1 X170.072 Y112.156 E2243.60844
G1 X169.272 Y112.156 E2243.6244
G1 X169.272 Y156.645 E2244.51223
G1 X169.096 Y156.98 E2244.51978
G0 F12000 X168.87 Y156.591
;TYPE:WALL-OUTER
G1 F2400 X168.814 Y156.698 E2244.52219
G1 X168.707 Y156.754 E2244.5246
G1 X142.672 Y156.756 E2245.04416
G1 X142.53 Y156.698 E2245.04722
G1 X142.474 Y156.591 E2245.04963
G1 X142.472 Y111.756 E2245.94436
G1 X140.872 Y111.756 E2245.97629
G1 X140.873 Y158.355 E2246.90622
G1 X170.472 Y158.356 E2247.4969
G1 X170.472 Y111.756 E2248.42685
G1 X168.872 Y111.756 E2248.45878
G1 X168.87 Y156.591 E2249.35351
G1 F1500 E2242.85351
G0 F12000 X169.183 Y156.591
G0 X169.35 Y111.986
G0 X169.35 Y110.891
G0 X169.35 Y110.221
G0 X169.141 Y108.596
G1 F1500 E2249.35351
G1 F2162.2 X169.141 Y104.551 E2249.44312
G1 F1920 X169.09 Y104.335 E2249.44865
G1 F1818.2 X168.92 Y104.306 E2249.4532
G1 F1912.4 X142.376 Y104.307 E2250.11799
G1 F1807.9 X142.251 Y104.334 E2250.12137
G1 F1923.8 X142.2 Y104.545 E2250.12678
G1 F2162.2 X142.2 Y108.596 E2250.21651
G1 F1920 X142.255 Y108.779 E2250.22128
G1 F1821.6 X142.42 Y108.806 E2250.22568
G1 F1920 X145.922 Y108.806 E2250.31303
G1 X145.922 Y109.306 E2250.32551
G1 X142.42 Y109.306 E2250.41286
G1 F1821.6 X142.091 Y109.279 E2250.42154
G1 F1732.9 X141.816 Y109.279 E2250.42914
G1 X141.814 Y109.003 E2250.43677
G1 F1920 X141.758 Y108.637 E2250.44601
G1 F2147.7 X141.748 Y106.973 E2250.48312
G1 F2162.2 X141.76 Y104.541 E2250.53699
G1 F1923.8 X141.804 Y104.121 E2250.5475
G1 F1723.5 X141.795 Y103.834 E2250.55548
G1 X142.083 Y103.834 E2250.56349
G1 F1807.9 X142.333 Y103.808 E2250.57015
G1 F1912.4 X168.92 Y103.806 E2251.23601
G1 F1818.2 X169.26 Y103.835 E2251.245
G1 F1723.5 X169.548 Y103.835 E2251.25301
G1 X169.539 Y104.123 E2251.26101
G1 F1920 X169.583 Y104.553 E2251.2718
G1 F2162.2 X169.592 Y106.967 E2251.32527
G1 F2152.5 X169.585 Y108.636 E2251.36241
G1 F1920 X169.529 Y109.002 E2251.37164
G1 F1732.9 X169.528 Y109.278 E2251.37927
G1 X169.252 Y109.278 E2251.3869
G1 F1811.3 X169.007 Y109.304 E2251.39341
G1 F1912.4 X165.422 Y109.306 E2251.4832
G1 F1920 X165.422 Y108.806 E2251.49567
G1 F1867.7 X169.078 Y108.805 E2251.58942
G1 F1975.3 X169.141 Y108.596 E2251.59472
G1 F1500 E2245.09472
;MESH:NONMESH
G0 F300 X169.141 Y108.596 Z13.08
G0 F12000 X169.35 Y108.595
G0 X169.361 Y108.994
G0 X165.597 Y109.132
G0 X165.597 Y110.221
G0 X152.372 Y147.145
G0 X152.631 Y148.082
;TIME_ELAPSED:4403.453531
;LAYER:108
;TYPE:SUPPORT
G1 F1500 E2251.59472
G1 F2400 X153.908 Y147.724 E2251.62118
G1 X155.185 Y148.082 E2251.64765
G1 X156.161 Y149.104 E2251.67585
G1 X156.556 Y150.443 E2251.70371
G1 X156.204 Y151.732 E2251.73038
G1 X155.291 Y152.649 E2251.7562
G1 X154.015 Y153 E2251.78261
G1 X152.786 Y152.631 E2251.80822
G1 X151.718 Y151.558 E2251.83843
G1 X151.345 Y150.283 E2251.86494
G1 X151.699 Y149.063 E2251.89029
G1 X152.631 Y148.082 E2251.91729
G1 F1500 E2245.41729
;MESH:9VBatteryHolder_v2.stl
G0 F12000 X152.005 Y147.488
G0 X150.933 Y148.618
G0 X150.448 Y150.286
G0 X150.903 Y151.841
G0 X152.631 Y155.891
G0 X152.631 Y156.986
G0 X142.672 Y157.556
;TYPE:WALL-INNER
G1 F1500 E2251.91729
G1 F2400 X168.672 Y157.556 E2252.43615
G1 F2352.9 X168.846 Y157.549 E2252.4397
G0 F12000 X169.369 Y157.253
G1 F2436.5 X168.846 Y157.549 E2252.45151
G1 X169.686 Y157.57 E2252.46803
G1 F2442.7 X169.665 Y156.73 E2252.4845
G1 X169.369 Y157.253 E2252.49628
G0 F12000 X169.665 Y156.73
G1 F2358.7 X169.672 Y156.556 E2252.49982
G1 F2400 X169.672 Y112.556 E2253.37789
G1 F1500 E2246.87789
G0 F12000 X169.511 Y157.394
G0 X141.835 Y157.394
G0 X141.672 Y112.556
G1 F1500 E2253.37789
G1 F2400 X141.672 Y156.556 E2254.25596
G1 F2352.9 X141.679 Y156.73 E2254.2595
G0 F12000 X141.975 Y157.253
G1 F2436.5 X141.679 Y156.73 E2254.27131
G1 X141.658 Y157.57 E2254.28783
G1 F2487 X142.672 Y157.556 E2254.30736
G1 X141.975 Y157.253 E2254.32199
G0 F12000 X141.763 Y157.253
G0 X169.096 Y157.466
G0 X169.096 Y156.98
G1 F2400 X168.761 Y157.156 E2254.32955
G1 X142.672 Y157.156 E2254.85018
G1 X142.247 Y156.981 E2254.85935
G1 X142.072 Y156.645 E2254.86691
G1 X142.072 Y112.156 E2255.75474
G1 X141.272 Y112.156 E2255.7707
G1 X141.273 Y157.955 E2256.68467
G1 X170.072 Y157.956 E2257.25939
G1 X170.072 Y112.156 E2258.17338
G1 X169.272 Y112.156 E2258.18934
G1 X169.272 Y156.645 E2259.07717
G1 X169.096 Y156.98 E2259.08472
G0 F12000 X168.87 Y156.591
;TYPE:WALL-OUTER
G1 F2400 X168.814 Y156.698 E2259.08713
G1 X168.707 Y156.754 E2259.08954
G1 X142.672 Y156.756 E2259.6091
G1 X142.53 Y156.698 E2259.61216
G1 X142.474 Y156.591 E2259.61457
G1 X142.472 Y111.756 E2260.5093
G1 X140.872 Y111.756 E2260.54123
G1 X140.873 Y158.355 E2261.47116
G1 X170.472 Y158.356 E2262.06184
G1 X170.472 Y111.756 E2262.99179
G1 X168.872 Y111.756 E2263.02372
G1 X168.87 Y156.591 E2263.91845
G1 F1500 E2257.41845
G0 F12000 X169.183 Y156.591
G0 X169.298 Y111.986
G0 X169.298 Y110.891
G0 X169.298 Y110.221
G0 X169.129 Y108.594
G1 F1500 E2263.91845
G1 F2285.7 X169.13 Y104.551 E2264.00317
G1 F2008.4 X169.068 Y104.306 E2264.0092
G1 F1804.5 X155.67 Y104.307 E2264.3648
G1 F1825.1 X142.272 Y104.307 E2264.7164
G1 F2033.9 X142.21 Y104.546 E2264.72221
G1 F2285.7 X142.213 Y108.594 E2264.80703
G1 F2042.6 X142.282 Y108.806 E2264.81226
G1 F1882.4 X145.922 Y108.806 E2264.90488
G1 F1920 X145.922 Y109.306 E2264.91735
G1 X142.42 Y109.306 E2265.00471
G1 F1842.6 X142.131 Y109.285 E2265.01224
G1 F1771.2 X141.862 Y109.285 E2265.01951
G1 X141.86 Y109.015 E2265.02681
G1 F1995.8 X141.797 Y108.632 E2265.03613
G1 F2274.9 X141.784 Y106.369 E2265.08377
G1 X141.79 Y104.555 E2265.12196
G1 F1983.5 X141.84 Y104.111 E2265.13275
G1 F1755 X141.844 Y103.829 E2265.14045
G1 X142.114 Y103.829 E2265.14782
G1 F1825.1 X142.333 Y103.808 E2265.15359
G1 F1912.4 X168.92 Y103.806 E2265.81946
G1 F1832.1 X169.228 Y103.829 E2265.82753
G1 F1755 X169.501 Y103.829 E2265.83498
G1 X169.502 Y104.112 E2265.84271
G1 F1983.5 X169.55 Y104.553 E2265.85342
G1 F2269.5 X169.559 Y106.359 E2265.89153
G1 X169.547 Y108.632 E2265.9395
G1 F1995.8 X169.484 Y109.015 E2265.94882
G1 F1771.2 X169.482 Y109.284 E2265.95609
G1 X169.213 Y109.284 E2265.96336
G1 F1832.1 X169.007 Y109.304 E2265.96877
G1 F1912.4 X165.422 Y109.306 E2266.05856
G1 F1920 X165.422 Y108.806 E2266.07103
G1 F1882.4 X169.061 Y108.805 E2266.16362
G1 F2042.6 X169.129 Y108.594 E2266.16882
G1 F1500 E2259.66882
;MESH:NONMESH
G0 F300 X169.129 Y108.594 Z13.2
G0 F12000 X169.298 Y109.016
G0 X165.597 Y109.132
G0 X165.597 Y110.221
G0 X152.403 Y147.248
G0 X152.64 Y148.094
;TIME_ELAPSED:4430.445495
;LAYER:109
;TYPE:SUPPORT
G1 F1500 E2266.16882
G1 F2400 X153.909 Y147.74 E2266.19511
G1 X155.177 Y148.094 E2266.22138
G1 X156.123 Y149.089 E2266.24878
G1 X156.207 Y149.233 E2266.25211
G1 X156.595 Y150.535 E2266.27922
G1 X156.248 Y151.812 E2266.30563
G1 X155.339 Y152.725 E2266.33134
G1 X154.071 Y153.075 E2266.35759
G1 X152.847 Y152.71 E2266.38308
G1 X151.814 Y151.67 E2266.41233
G1 X151.721 Y151.521 E2266.41584
G1 X151.361 Y150.285 E2266.44153
G1 X151.715 Y149.071 E2266.46676
G1 X152.64 Y148.094 E2266.49361
G1 F1500 E2259.99361
;MESH:9VBatteryHolder_v2.stl
G0 F12000 X152.013 Y147.5
G0 X150.947 Y148.626
G0 X150.463 Y150.285
G0 X150.839 Y151.576
G0 X152.64 Y155.891
G0 X152.64 Y156.986
G0 X142.672 Y157.556
;TYPE:WALL-INNER
G1 F1500 E2266.49361
G1 F2400 X168.672 Y157.556 E2267.01247
G1 F2352.9 X168.846 Y157.549 E2267.01602
G0 F12000 X169.369 Y157.253
G1 F2436.5 X168.846 Y157.549 E2267.02783
G1 X169.686 Y157.57 E2267.04435
G1 F2442.7 X169.665 Y156.73 E2267.06082
G1 X169.369 Y157.253 E2267.0726
G0 F12000 X169.665 Y156.73
G1 F2358.7 X169.672 Y156.556 E2267.07614
G1 F2400 X169.672 Y112.556 E2267.95421
G1 F1500 E2261.45421
G0 F12000 X169.511 Y157.394
G0 X141.835 Y157.394
G0 X141.672 Y112.556
G1 F1500 E2267.95421
G1 F2400 X141.672 Y156.556 E2268.83227
G1 F2352.9 X141.679 Y156.73 E2268.83582
G0 F12000 X141.975 Y157.253
G1 F2436.5 X141.679 Y156.73 E2268.84763
G1 X141.658 Y157.57 E2268.86415
G1 F2487 X142.672 Y157.556 E2268.88368
G1 X141.975 Y157.253 E2268.89831
G0 F12000 X141.763 Y157.253
G0 X169.096 Y157.466
G0 X169.096 Y156.98
G1 F2400 X168.761 Y157.156 E2268.90587
G1 X142.672 Y157.156 E2269.4265
G1 X142.247 Y156.981 E2269.43567
G1 X142.072 Y156.645 E2269.44323
G1 X142.072 Y112.156 E2270.33106
G1 X141.272 Y112.156 E2270.34702
G1 X141.273 Y157.955 E2271.26099
G1 X170.072 Y157.956 E2271.83571
G1 X170.072 Y112.156 E2272.7497
G1 X169.272 Y112.156 E2272.76566
G1 X169.272 Y156.645 E2273.65349
G1 X169.096 Y156.98 E2273.66104
G0 F12000 X168.87 Y156.591
;TYPE:WALL-OUTER
G1 F2400 X168.814 Y156.698 E2273.66345
G1 X168.707 Y156.754 E2273.66586
G1 X142.672 Y156.756 E2274.18541
G1 X142.53 Y156.698 E2274.18848
G1 X142.474 Y156.591 E2274.19089
G1 X142.472 Y111.756 E2275.08562
G1 X140.872 Y111.756 E2275.11755
G1 X140.873 Y158.355 E2276.04748
G1 X170.472 Y158.356 E2276.63816
G1 X170.472 Y111.756 E2277.56811
G1 X168.872 Y111.756 E2277.60004
G1 X168.87 Y156.591 E2278.49477
G1 F1500 E2271.99477
G0 F12000 X169.183 Y156.591
G0 X169.097 Y111.98
G0 X169.097 Y110.891
G0 X169.097 Y110.221
G0 X169.042 Y108.805
G1 F1500 E2278.49477
G1 F2105.3 X169.117 Y108.591 E2278.49993
G1 F2412.1 X169.12 Y104.552 E2278.58013
G1 F2069 X169.051 Y104.306 E2278.58605
G1 F1828.6 X155.671 Y104.306 E2278.9365
G1 F1846.2 X142.291 Y104.307 E2279.28362
G1 F2096.1 X142.221 Y104.545 E2279.28928
G1 F2412.1 X142.224 Y108.591 E2279.36962
G1 F2105.3 X142.3 Y108.806 E2279.37481
G1 F1889.8 X145.922 Y108.806 E2279.46661
G1 F1920 X145.922 Y109.306 E2279.47908
G1 X142.42 Y109.306 E2279.56644
G1 F1860.5 X142.168 Y109.29 E2279.57294
G1 F1804.5 X141.904 Y109.29 E2279.57995
G1 X141.902 Y109.025 E2279.58698
G1 F2069 X141.832 Y108.627 E2279.59633
G1 F2400 X141.817 Y105.761 E2279.65353
G1 X141.823 Y104.541 E2279.67788
G1 F2171.9 X141.855 Y104.184 E2279.68578
G1 F1882.4 X141.885 Y104.082 E2279.68849
G1 F1791 X141.894 Y103.824 E2279.69539
G1 X142.152 Y103.824 E2279.70229
G1 F1846.2 X142.333 Y103.808 E2279.707
G1 F1912.4 X168.92 Y103.806 E2280.37287
G1 F1853.3 X169.192 Y103.824 E2280.37991
G1 F1787.7 X169.45 Y103.824 E2280.38683
G1 X169.461 Y104.083 E2280.39377
G1 F1856.9 X169.483 Y104.161 E2280.39586
G1 F2142.9 X169.52 Y104.554 E2280.40468
G1 F2412.1 X169.511 Y108.627 E2280.48556
G1 F2069 X169.44 Y109.025 E2280.49492
G1 F1804.5 X169.439 Y109.29 E2280.50195
G1 X169.174 Y109.29 E2280.50899
G1 F1853.3 X169.007 Y109.304 E2280.51332
G1 F1912.4 X165.422 Y109.306 E2280.6031
G1 F1920 X165.422 Y108.806 E2280.61558
G1 F1889.8 X169.042 Y108.805 E2280.70732
G1 F1500 E2274.20732
;MESH:NONMESH
G0 F300 X169.042 Y108.805 Z13.32
G0 F12000 X169.042 Y109.066
G0 X165.597 Y109.132
G0 X165.597 Y110.221
G0 X152.411 Y147.262
G0 X152.648 Y148.106
;TIME_ELAPSED:4457.347197
;LAYER:110
;TYPE:SUPPORT
G1 F1500 E2280.70732
G1 F2400 X153.909 Y147.752 E2280.73346
G1 X155.172 Y148.106 E2280.75963
G1 X156.09 Y149.076 E2280.78629
G1 X156.256 Y149.342 E2280.79254
G1 X156.636 Y150.623 E2280.81921
G1 X156.288 Y151.896 E2280.84554
G1 X155.383 Y152.805 E2280.87114
G1 X154.123 Y153.151 E2280.89722
G1 X152.91 Y152.786 E2280.9225
G1 X151.893 Y151.77 E2280.95118
G1 X151.829 Y151.603 E2280.95475
G1 X151.73 Y151.494 E2280.95769
G1 X151.373 Y150.283 E2280.98289
G1 X151.727 Y149.075 E2281.00801
G1 X152.648 Y148.106 E2281.03469
G1 F1500 E2274.53469
;MESH:9VBatteryHolder_v2.stl
G0 F12000 X152.02 Y147.511
G0 X150.96 Y148.631
G0 X150.476 Y150.285
G0 X150.871 Y151.632
G0 X152.648 Y155.891
G0 X152.648 Y156.986
G0 X142.672 Y157.556
;TYPE:WALL-INNER
G1 F1500 E2281.03469
G1 F2400 X168.672 Y157.556 E2281.55354
G1 F2352.9 X168.846 Y157.549 E2281.55709
G0 F12000 X169.369 Y157.253
G1 F2436.5 X168.846 Y157.549 E2281.5689
G1 X169.686 Y157.57 E2281.58542
G1 F2442.7 X169.665 Y156.73 E2281.60189
G1 X169.369 Y157.253 E2281.61368
G0 F12000 X169.665 Y156.73
G1 F2358.7 X169.672 Y156.556 E2281.61721
G1 F2400 X169.672 Y112.556 E2282.49528
G1 F1500 E2275.99528
G0 F12000 X169.511 Y157.394
G0 X141.835 Y157.394
G0 X141.672 Y112.556
G1 F1500 E2282.49528
G1 F2400 X141.672 Y156.556 E2283.37335
G1 F2352.9 X141.679 Y156.73 E2283.37689
G0 F12000 X141.975 Y157.253
G1 F2436.5 X141.679 Y156.73 E2283.3887
G1 X141.658 Y157.57 E2283.40522
G1 F2487 X142.672 Y157.556 E2283.42475
G1 X141.975 Y157.253 E2283.43939
G0 F12000 X141.763 Y157.253
G0 X169.096 Y157.466
G0 X169.096 Y156.98
G1 F2400 X168.761 Y157.156 E2283.44694
G1 X142.672 Y157.156 E2283.96757
G1 X142.247 Y156.981 E2283.97674
G1 X142.072 Y156.645 E2283.98431
G1 X142.072 Y112.156 E2284.87213
G1 X141.272 Y112.156 E2284.8881
G1 X141.273 Y157.955 E2285.80206
G1 X170.072 Y157.956 E2286.37678
G1 X170.072 Y112.156 E2287.29077
G1 X169.272 Y112.156 E2287.30673
G1 X169.272 Y156.645 E2288.19456
G1 X169.096 Y156.98 E2288.20211
G0 F12000 X168.87 Y156.591
;TYPE:WALL-OUTER
G1 F2400 X168.814 Y156.698 E2288.20452
G1 X168.707 Y156.754 E2288.20693
G1 X142.672 Y156.756 E2288.72649
G1 X142.53 Y156.698 E2288.72955
G1 X142.474 Y156.591 E2288.73196
G1 X142.472 Y111.756 E2289.62669
G1 X140.872 Y111.756 E2289.65862
G1 X140.873 Y158.355 E2290.58855
G1 X170.472 Y158.356 E2291.17923
G1 X170.472 Y111.756 E2292.10919
G1 X168.872 Y111.756 E2292.14112
G1 X168.87 Y156.591 E2293.03585
G1 F1500 E2286.53585
G0 F12000 X169.183 Y156.591
G0 X169.097 Y111.98
G0 X169.097 Y110.891
G0 X169.097 Y110.221
G0 X169.024 Y108.805
G1 F1500 E2293.03585
G1 F2171.9 X169.105 Y108.589 E2293.04093
G1 F2526.3 X169.11 Y104.483 E2293.11878
G1 F2114.5 X169.028 Y104.306 E2293.1232
G1 F1860.5 X142.313 Y104.307 E2293.81093
G1 F2138.1 X142.23 Y104.491 E2293.81545
G1 F2526.3 X142.236 Y108.589 E2293.89314
G1 F2171.9 X142.318 Y108.806 E2293.89826
G1 F1897.2 X145.922 Y108.806 E2293.98924
G1 F1920 X145.922 Y109.306 E2294.00171
G1 X142.42 Y109.306 E2294.08907
G1 F1878.7 X142.208 Y109.294 E2294.09448
G1 F1839.1 X141.948 Y109.294 E2294.10125
G1 X141.947 Y109.034 E2294.10802
G1 F2142.9 X141.868 Y108.623 E2294.11738
G1 F2526.3 X141.849 Y104.424 E2294.19698
G1 F2105.3 X141.933 Y104.072 E2294.20522
G1 F1828.6 X141.942 Y103.818 E2294.21187
G1 X142.196 Y103.818 E2294.21853
G1 F1864.1 X142.333 Y103.808 E2294.22206
G1 F1912.4 X168.92 Y103.806 E2294.88792
G1 F1871.3 X169.147 Y103.819 E2294.89374
G1 F1825.1 X169.399 Y103.819 E2294.90036
G1 X169.41 Y104.072 E2294.907
G1 F2100.7 X169.493 Y104.407 E2294.91487
G1 F2526.3 X169.475 Y108.623 E2294.9948
G1 F2147.7 X169.397 Y109.034 E2295.00413
G1 F1839.1 X169.396 Y109.294 E2295.0109
G1 X169.136 Y109.294 E2295.01767
G1 F1867.7 X169.007 Y109.304 E2295.02099
G1 F1912.4 X165.422 Y109.306 E2295.11078
G1 F1920 X165.422 Y108.806 E2295.12325
G1 F1897.2 X169.024 Y108.805 E2295.21418
G1 F1500 E2288.71418
;MESH:NONMESH
G0 F300 X169.024 Y108.805 Z13.44
G0 F12000 X169.024 Y109.066
G0 X165.597 Y109.132
G0 X165.597 Y110.221
G0 X152.418 Y147.274
G0 X152.655 Y148.118
;TIME_ELAPSED:4484.233914
;LAYER:111
;TYPE:SUPPORT
G1 F1500 E2295.21418
G1 F2400 X153.909 Y147.768 E2295.24016
G1 X155.165 Y148.118 E2295.26618
G1 X156.077 Y149.079 E2295.29262
G1 X156.129 Y149.239 E2295.29598
G1 X156.296 Y149.442 E2295.30122
G1 X156.675 Y150.715 E2295.32773
G1 X156.332 Y151.976 E2295.35381
G1 X155.431 Y152.881 E2295.37929
G1 X154.179 Y153.224 E2295.4052
G1 X152.97 Y152.862 E2295.43038
G1 X151.962 Y151.85 E2295.45889
G1 X151.883 Y151.637 E2295.46342
G1 X151.742 Y151.486 E2295.46754
G1 X151.389 Y150.283 E2295.49256
G1 X151.739 Y149.083 E2295.51751
G1 X152.655 Y148.118 E2295.54406
G1 F1500 E2289.04406
;MESH:9VBatteryHolder_v2.stl
G0 F12000 X152.028 Y147.524
G0 X150.973 Y148.638
G0 X150.491 Y150.285
G0 X150.885 Y151.628
G0 X152.655 Y155.891
G0 X152.655 Y156.986
G0 X142.672 Y157.556
;TYPE:WALL-INNER
G1 F1500 E2295.54406
G1 F2400 X168.672 Y157.556 E2296.06292
G1 F2352.9 X168.846 Y157.549 E2296.06646
G0 F12000 X169.369 Y157.253
G1 F2436.5 X168.846 Y157.549 E2296.07828
G1 X169.686 Y157.57 E2296.09479
G1 F2442.7 X169.665 Y156.73 E2296.11127
G1 X169.369 Y157.253 E2296.12305
G0 F12000 X169.665 Y156.73
G1 F2358.7 X169.672 Y156.556 E2296.12659
G1 F2400 X169.672 Y112.556 E2297.00465
G1 F1500 E2290.50465
G0 F12000 X169.511 Y157.394
G0 X141.835 Y157.394
G0 X141.672 Y112.556
G1 F1500 E2297.00465
G1 F2400 X141.672 Y156.556 E2297.88272
G1 F2352.9 X141.679 Y156.73 E2297.88627
G0 F12000 X141.975 Y157.253
G1 F2436.5 X141.679 Y156.73 E2297.89808
G1 X141.658 Y157.57 E2297.9146
G1 F2487 X142.672 Y157.556 E2297.93412
G1 X141.975 Y157.253 E2297.94876
G0 F12000 X141.763 Y157.253
G0 X169.096 Y157.466
G0 X169.096 Y156.98
G1 F2400 X168.761 Y157.156 E2297.95631
G1 X142.672 Y157.156 E2298.47695
G1 X142.247 Y156.981 E2298.48612
G1 X142.072 Y156.645 E2298.49368
G1 X142.072 Y112.156 E2299.38151
G1 X141.272 Y112.156 E2299.39747
G1 X141.273 Y157.955 E2300.31144
G1 X170.072 Y157.956 E2300.88615
G1 X170.072 Y112.156 E2301.80014
G1 X169.272 Y112.156 E2301.81611
G1 X169.272 Y156.645 E2302.70393
G1 X169.096 Y156.98 E2302.71149
G0 F12000 X168.87 Y156.591
;TYPE:WALL-OUTER
G1 F2400 X168.814 Y156.698 E2302.7139
G1 X168.707 Y156.754 E2302.71631
G1 X142.672 Y156.756 E2303.23586
G1 X142.53 Y156.698 E2303.23892
G1 X142.474 Y156.591 E2303.24133
G1 X142.472 Y111.756 E2304.13606
G1 X140.872 Y111.756 E2304.16799
G1 X140.873 Y158.355 E2305.09793
G1 X170.472 Y158.356 E2305.68861
G1 X170.472 Y111.756 E2306.61856
G1 X168.872 Y111.756 E2306.65049
G1 X168.87 Y156.591 E2307.54522
G1 F1500 E2301.04522
G0 F12000 X169.183 Y156.591
G0 X169.097 Y111.98
G0 X169.097 Y110.891
G0 X169.097 Y110.221
G0 X169.006 Y108.799
G1 F1500 E2307.54522
G1 F2232.6 X169.092 Y108.587 E2307.55013
G1 F2735 X169.098 Y104.549 E2307.62084
G1 F2212 X169.006 Y104.306 E2307.62647
G1 F1886.1 X142.334 Y104.307 E2308.30378
G1 F2227.4 X142.243 Y104.549 E2308.30934
G1 F2742.9 X142.249 Y108.587 E2308.37985
G1 F2253.5 X142.338 Y108.806 E2308.38487
G1 F1904.8 X145.922 Y108.806 E2308.47499
G1 F1920 X145.922 Y109.306 E2308.48746
G1 X142.42 Y109.306 E2308.57482
G1 F1889.8 X141.996 Y109.299 E2308.58557
G1 F1864.1 X141.993 Y109.043 E2308.59215
G1 F2232.6 X141.906 Y108.618 E2308.60145
G1 F2742.9 X141.887 Y104.536 E2308.67273
G1 F2206.9 X141.986 Y104.061 E2308.68326
G1 F1864.1 X141.996 Y103.814 E2308.68961
G1 F1875 X150.971 Y103.811 E2308.91887
G1 F1889.8 X159.946 Y103.809 E2309.14633
G1 F1912.4 X168.921 Y103.806 E2309.37111
G1 F1889.8 X169.347 Y103.814 E2309.38191
G1 F1860.5 X169.356 Y104.064 E2309.38835
G1 F2201.8 X169.453 Y104.537 E2309.39885
G1 F2735 X169.436 Y108.618 E2309.47032
G1 F2232.6 X169.349 Y109.042 E2309.4796
G1 F1867.7 X169.348 Y109.298 E2309.48617
G1 F1893.5 X165.422 Y109.306 E2309.58547
G1 F1920 X165.422 Y108.806 E2309.59795
G1 F1893.5 X169.006 Y108.799 E2309.6886
G1 F1500 E2303.1886
;MESH:NONMESH
G0 F300 X169.006 Y108.799 Z13.56
G0 F12000 X169.006 Y109.066
G0 X165.597 Y109.132
G0 X165.597 Y110.221
G0 X152.422 Y147.288
G0 X152.66 Y148.134
;TIME_ELAPSED:4511.121448
;LAYER:112
;TYPE:SUPPORT
G1 F1500 E2309.6886
G1 F2400 X153.909 Y147.78 E2309.71451
G1 X155.16 Y148.134 E2309.74045
G1 X156.062 Y149.088 E2309.76665
G1 X156.133 Y149.303 E2309.77117
G1 X156.333 Y149.515 E2309.77699
G1 X156.716 Y150.803 E2309.8038
G1 X156.376 Y152.06 E2309.82979
G1 X155.479 Y152.957 E2309.8551
G1 X154.235 Y153.299 E2309.88085
G1 X153.034 Y152.942 E2309.90586
G1 X152.015 Y151.919 E2309.93467
G1 X151.93 Y151.654 E2309.94022
G1 X151.754 Y151.477 E2309.9452
G1 X151.405 Y150.284 E2309.97001
G1 X151.755 Y149.087 E2309.9949
G1 X152.66 Y148.134 E2310.02113
G1 F1500 E2303.52113
;MESH:9VBatteryHolder_v2.stl
G0 F12000 X152.031 Y147.54
G0 X150.988 Y148.645
G0 X150.506 Y150.285
G0 X150.898 Y151.621
G0 X152.66 Y155.891
G0 X152.66 Y156.986
G0 X142.672 Y157.556
;TYPE:WALL-INNER
G1 F1500 E2310.02113
G1 F2400 X168.672 Y157.556 E2310.53998
G1 F2352.9 X168.846 Y157.549 E2310.54353
G0 F12000 X169.369 Y157.253
G1 F2436.5 X168.846 Y157.549 E2310.55534
G1 X169.686 Y157.57 E2310.57186
G1 F2442.7 X169.665 Y156.73 E2310.58833
G1 X169.369 Y157.253 E2310.60012
G0 F12000 X169.665 Y156.73
G1 F2358.7 X169.672 Y156.556 E2310.60365
G1 F2400 X169.672 Y112.556 E2311.48172
G1 F1500 E2304.98172
G0 F12000 X169.511 Y157.394
G0 X141.835 Y157.394
G0 X141.672 Y112.556
G1 F1500 E2311.48172
G1 F2400 X141.672 Y156.556 E2312.35979
G1 F2352.9 X141.679 Y156.73 E2312.36333
G0 F12000 X141.975 Y157.253
G1 F2436.5 X141.679 Y156.73 E2312.37514
G1 X141.658 Y157.57 E2312.39166
G1 F2487 X142.672 Y157.556 E2312.41119
G1 X141.975 Y157.253 E2312.42583
G0 F12000 X141.763 Y157.253
G0 X169.096 Y157.466
G0 X169.096 Y156.98
G1 F2400 X168.761 Y157.156 E2312.43338
G1 X142.672 Y157.156 E2312.95401
G1 X142.247 Y156.981 E2312.96318
G1 X142.072 Y156.645 E2312.97074
G1 X142.072 Y112.156 E2313.85857
G1 X141.272 Y112.156 E2313.87453
G1 X141.273 Y157.955 E2314.7885
G1 X170.072 Y157.956 E2315.36322
G1 X170.072 Y112.156 E2316.27721
G1 X169.272 Y112.156 E2316.29317
G1 X169.272 Y156.645 E2317.181
G1 X169.096 Y156.98 E2317.18855
G0 F12000 X168.87 Y156.591
;TYPE:WALL-OUTER
G1 F2400 X168.814 Y156.698 E2317.19096
G1 X168.707 Y156.754 E2317.19337
G1 X142.672 Y156.756 E2317.71293
G1 X142.53 Y156.698 E2317.71599
G1 X142.474 Y156.591 E2317.7184
G1 X142.472 Y111.756 E2318.61313
G1 X140.872 Y111.756 E2318.64506
G1 X140.873 Y158.355 E2319.57499
G1 X170.472 Y158.356 E2320.16567
G1 X170.472 Y111.756 E2321.09563
G1 X168.872 Y111.756 E2321.12755
G1 X168.87 Y156.591 E2322.02229
G1 F1500 E2315.52229
G0 F12000 X169.183 Y156.591
G0 X169.097 Y111.98
G0 X168.008 Y111.98
G0 X146.838 Y109.132
G0 X142.356 Y108.802
G1 F1500 E2322.02229
G1 F1904.8 X145.922 Y108.806 E2322.11195
G1 F1920 X145.922 Y109.306 E2322.12442
G1 F1904.8 X142.041 Y109.302 E2322.22201
G1 F1889.8 X142.039 Y109.049 E2322.22842
G1 F1666.7 X142.103 Y108.613 E2322.24109
G1 X142.356 Y108.802 E2322.25016
G0 F12000 X142.103 Y108.613
G1 F1490.7 X142.098 Y104.556 E2322.38051
G1 F1500 E2315.88051
G0 F12000 X142.265 Y104.077
G0 X168.986 Y104.046
G0 X168.986 Y104.31
G1 F1500 E2322.38051
G1 F1889.8 X142.356 Y104.31 E2323.05543
G1 F1745.5 X142.154 Y104.426 E2323.06182
G1 F1553.4 X142.098 Y104.556 E2323.06618
G1 X142.068 Y104.407 E2323.07087
G1 F1745.5 X142.04 Y104.054 E2323.08059
G1 F1889.8 X142.049 Y103.81 E2323.08677
G1 X169.295 Y103.81 E2323.7773
G1 F1886.1 X169.306 Y104.056 E2323.78356
G1 F1751.8 X169.278 Y104.378 E2323.79239
G1 F1558.4 X169.242 Y104.546 E2323.79767
G1 X169.174 Y104.407 E2323.80243
G1 F1751.8 X168.986 Y104.31 E2323.80821
G0 F12000 X169.242 Y104.546
G1 F1476.9 X169.248 Y106.12 E2323.85925
G1 X169.239 Y108.612 E2323.94007
G0 F12000 X168.985 Y108.802
G1 F1666.7 X169.239 Y108.612 E2323.94918
G1 X169.304 Y109.048 E2323.96185
G1 F1889.8 X169.303 Y109.301 E2323.96826
G1 F1904.8 X165.422 Y109.306 E2324.06585
G1 F1920 X165.422 Y108.806 E2324.07832
G1 F1904.8 X168.985 Y108.802 E2324.16791
G1 F1500 E2317.66791
;MESH:NONMESH
G0 F300 X168.985 Y108.802 Z13.68
G0 F12000 X168.985 Y109.066
G0 X165.597 Y109.132
G0 X165.597 Y110.221
G0 X152.431 Y147.3
G0 X152.668 Y148.146
;TIME_ELAPSED:4539.672288
;LAYER:113
;TYPE:SUPPORT
G1 F1500 E2324.16791
G1 F2400 X153.908 Y147.796 E2324.19362
G1 X155.148 Y148.146 E2324.21934
G1 X156.054 Y149.096 E2324.24553
G1 X156.133 Y149.349 E2324.25082
G1 X156.377 Y149.611 E2324.25797
G1 X156.756 Y150.891 E2324.28461
G1 X156.416 Y152.144 E2324.31052
G1 X155.527 Y153.033 E2324.33561
G1 X154.287 Y153.375 E2324.36128
G1 X153.094 Y153.018 E2324.38613
G1 X152.078 Y151.999 E2324.41484
G1 X151.994 Y151.704 E2324.42096
G1 X151.766 Y151.47 E2324.42748
G1 X151.417 Y150.283 E2324.45218
G1 X151.763 Y149.095 E2324.47687
G1 X152.668 Y148.146 E2324.50304
G1 F1500 E2318.00304
;MESH:9VBatteryHolder_v2.stl
G0 F12000 X152.04 Y147.551
G0 X150.998 Y148.652
G0 X150.52 Y150.285
G0 X150.911 Y151.616
G0 X152.668 Y155.891
G0 X152.668 Y156.986
G0 X142.672 Y157.556
;TYPE:WALL-INNER
G1 F1500 E2324.50304
G1 F2400 X168.672 Y157.556 E2325.0219
G1 F2352.9 X168.846 Y157.549 E2325.02544
G0 F12000 X169.369 Y157.253
G1 F2436.5 X168.846 Y157.549 E2325.03725
G1 X169.686 Y157.57 E2325.05377
G1 F2442.7 X169.665 Y156.73 E2325.07024
G1 X169.369 Y157.253 E2325.08203
G0 F12000 X169.665 Y156.73
G1 F2358.7 X169.672 Y156.556 E2325.08556
G1 F2400 X169.672 Y112.556 E2325.96363
G1 F1500 E2319.46363
G0 F12000 X169.511 Y157.394
G0 X141.835 Y157.394
G0 X141.672 Y112.556
G1 F1500 E2325.96363
G1 F2400 X141.672 Y156.556 E2326.8417
G1 F2352.9 X141.679 Y156.73 E2326.84524
G0 F12000 X141.975 Y157.253
G1 F2436.5 X141.679 Y156.73 E2326.85706
G1 X141.658 Y157.57 E2326.87357
G1 F2487 X142.672 Y157.556 E2326.8931
G1 X141.975 Y157.253 E2326.90774
G0 F12000 X141.763 Y157.253
G0 X169.096 Y157.466
G0 X169.096 Y156.98
G1 F2400 X168.761 Y157.156 E2326.91529
G1 X142.672 Y157.156 E2327.43592
G1 X142.247 Y156.981 E2327.4451
G1 X142.072 Y156.645 E2327.45266
G1 X142.072 Y112.156 E2328.34048
G1 X141.272 Y112.156 E2328.35645
G1 X141.273 Y157.955 E2329.27042
G1 X170.072 Y157.956 E2329.84513
G1 X170.072 Y112.156 E2330.75912
G1 X169.272 Y112.156 E2330.77508
G1 X169.272 Y156.645 E2331.66291
G1 X169.096 Y156.98 E2331.67046
G0 F12000 X168.87 Y156.591
;TYPE:WALL-OUTER
G1 F2400 X168.814 Y156.698 E2331.67287
G1 X168.707 Y156.754 E2331.67528
G1 X142.672 Y156.756 E2332.19484
G1 X142.53 Y156.698 E2332.1979
G1 X142.474 Y156.591 E2332.20031
G1 X142.472 Y111.756 E2333.09504
G1 X140.872 Y111.756 E2333.12697
G1 X140.873 Y158.355 E2334.0569
G1 X170.472 Y158.356 E2334.64758
G1 X170.472 Y111.756 E2335.57754
G1 X168.872 Y111.756 E2335.60947
G1 X168.87 Y156.591 E2336.5042
G1 F1500 E2330.0042
G0 F12000 X169.183 Y156.591
G0 X169.097 Y111.98
G0 X168.008 Y111.98
G0 X146.838 Y109.132
G0 X142.38 Y108.805
G1 F1500 E2336.5042
G1 F1912.4 X145.922 Y108.806 E2336.59291
G1 F1920 X145.922 Y109.306 E2336.60538
G1 F1912.4 X142.09 Y109.305 E2336.70135
G1 F1908.5 X142.088 Y109.054 E2336.70765
G1 F1751.8 X142.129 Y108.609 E2336.71987
G1 X142.38 Y108.805 E2336.72857
G0 F12000 X142.129 Y108.609
G1 F1641 X142.132 Y104.537 E2336.84742
G1 F1500 E2330.34742
G0 F12000 X142.32 Y104.077
G0 X168.96 Y104.046
G0 X168.96 Y104.307
G1 F1500 E2336.84742
G1 F1908.5 X142.381 Y104.307 E2337.51441
G1 F1875 X142.274 Y104.34 E2337.51727
G1 F1745.5 X142.132 Y104.537 E2337.52394
G1 X142.092 Y104.248 E2337.53194
G1 F1875 X142.102 Y103.807 E2337.54321
G1 F1908.5 X169.241 Y103.807 E2338.22426
G1 F1889.8 X169.252 Y104.218 E2338.23468
G1 F1758.2 X169.21 Y104.561 E2338.24409
G1 X169.051 Y104.336 E2338.2516
G1 F1889.8 X168.96 Y104.307 E2338.25402
G0 F12000 X169.21 Y104.561
G1 F1638.2 X169.214 Y108.608 E2338.37233
G0 F12000 X168.962 Y108.804
G1 F1751.8 X169.214 Y108.608 E2338.38106
G1 X169.256 Y109.054 E2338.39331
G1 F1908.5 X169.254 Y109.304 E2338.39958
G1 F1912.4 X165.422 Y109.306 E2338.49555
G1 F1920 X165.422 Y108.806 E2338.50803
G1 F1912.4 X168.962 Y108.804 E2338.59669
G1 F1500 E2332.09669
;MESH:NONMESH
G0 F300 X168.962 Y108.804 Z13.8
G0 F12000 X168.962 Y109.066
G0 X165.597 Y109.132
G0 X165.597 Y110.221
G0 X152.438 Y147.312
G0 X152.676 Y148.158
;TIME_ELAPSED:4568.179767
;LAYER:114
;TYPE:SUPPORT
G1 F1500 E2338.59669
G1 F2400 X153.909 Y147.812 E2338.62224
G1 X155.141 Y148.158 E2338.64778
G1 X156.041 Y149.104 E2338.67384
G1 X156.133 Y149.401 E2338.68004
G1 X156.417 Y149.707 E2338.68837
G1 X156.796 Y150.983 E2338.71494
G1 X156.46 Y152.224 E2338.74059
G1 X155.571 Y153.113 E2338.76568
G1 X154.343 Y153.451 E2338.7911
G1 X153.154 Y153.095 E2338.81587
G1 X152.146 Y152.082 E2338.84439
G1 X152.042 Y151.731 E2338.85169
G1 X151.778 Y151.462 E2338.85921
G1 X151.433 Y150.285 E2338.88369
G1 X151.779 Y149.103 E2338.90827
G1 X152.676 Y148.158 E2338.93427
G1 F1500 E2332.43427
;MESH:9VBatteryHolder_v2.stl
G0 F12000 X152.048 Y147.564
G0 X151.011 Y148.66
G0 X150.535 Y150.285
G0 X150.924 Y151.61
G0 X152.676 Y155.891
G0 X152.676 Y156.986
G0 X142.672 Y157.556
;TYPE:WALL-INNER
G1 F1500 E2338.93427
G1 F2400 X168.672 Y157.556 E2339.45313
G1 F2352.9 X168.846 Y157.549 E2339.45667
G0 F12000 X169.369 Y157.253
G1 F2436.5 X168.846 Y157.549 E2339.46849
G1 X169.686 Y157.57 E2339.485
G1 F2442.7 X169.665 Y156.73 E2339.50148
G1 X169.369 Y157.253 E2339.51326
G0 F12000 X169.665 Y156.73
G1 F2358.7 X169.672 Y156.556 E2339.5168
G1 F2400 X169.672 Y112.556 E2340.39486
G1 F1500 E2333.89486
G0 F12000 X169.511 Y157.394
G0 X141.835 Y157.394
G0 X141.672 Y112.556
G1 F1500 E2340.39486
G1 F2400 X141.672 Y156.556 E2341.27293
G1 F2352.9 X141.679 Y156.73 E2341.27648
G0 F12000 X141.975 Y157.253
G1 F2436.5 X141.679 Y156.73 E2341.28829
G1 X141.658 Y157.57 E2341.30481
G1 F2487 X142.672 Y157.556 E2341.32433
G1 X141.975 Y157.253 E2341.33897
G0 F12000 X141.763 Y157.253
G0 X169.096 Y157.466
G0 X169.096 Y156.98
G1 F2400 X168.761 Y157.156 E2341.34652
G1 X142.672 Y157.156 E2341.86716
G1 X142.247 Y156.981 E2341.87633
G1 X142.072 Y156.645 E2341.88389
G1 X142.072 Y112.156 E2342.77172
G1 X141.272 Y112.156 E2342.78768
G1 X141.273 Y157.955 E2343.70165
G1 X170.072 Y157.956 E2344.27636
G1 X170.072 Y112.156 E2345.19035
G1 X169.272 Y112.156 E2345.20632
G1 X169.272 Y156.645 E2346.09414
G1 X169.096 Y156.98 E2346.1017
G0 F12000 X168.87 Y156.591
;TYPE:WALL-OUTER
G1 F2400 X168.814 Y156.698 E2346.10411
G1 X168.707 Y156.754 E2346.10652
G1 X142.672 Y156.756 E2346.62607
G1 X142.53 Y156.698 E2346.62913
G1 X142.474 Y156.591 E2346.63154
G1 X142.472 Y111.756 E2347.52627
G1 X140.872 Y111.756 E2347.5582
G1 X140.873 Y158.355 E2348.48814
G1 X170.472 Y158.356 E2349.07882
G1 X170.472 Y111.756 E2350.00877
G1 X168.872 Y111.756 E2350.0407
G1 X168.87 Y156.591 E2350.93543
G1 F1500 E2344.43543
G0 F12000 X169.183 Y156.591
G0 X169.097 Y111.98
G0 X168.008 Y111.98
G0 X146.838 Y109.132
G0 X142.405 Y108.806
G1 F1500 E2350.93543
G1 F1920 X145.922 Y108.806 E2351.02316
G1 X145.922 Y109.306 E2351.03564
G1 X142.139 Y109.306 E2351.13
G1 F1853.3 X142.157 Y108.6 E2351.14825
G1 X142.405 Y108.806 E2351.15659
G0 F12000 X142.157 Y108.6
G1 F1842.6 X142.166 Y104.549 E2351.26188
G1 F1500 E2344.76188
G0 F12000 X142.379 Y104.075
G0 X168.937 Y104.046
G0 X168.937 Y104.306
G1 F1500 E2351.26188
G1 F1920 X142.393 Y104.307 E2351.92403
G1 F1904.8 X142.166 Y104.539 E2351.93219
G1 X142.146 Y104.092 E2351.94344
G1 F1920 X142.157 Y103.806 E2351.95058
G1 F1908.5 X169.208 Y103.806 E2352.62942
G1 F1886.1 X169.176 Y104.561 E2352.64861
G1 F1897.2 X168.937 Y104.306 E2352.65743
G0 F12000 X169.176 Y104.561
G1 F1835.6 X169.185 Y108.601 E2352.76284
G0 F12000 X168.937 Y108.806
G1 F1853.3 X169.185 Y108.601 E2352.77116
G1 X169.204 Y109.054 E2352.78288
G1 F1916.2 X169.205 Y109.306 E2352.78917
G1 F1920 X165.422 Y109.306 E2352.88354
G1 X165.422 Y108.806 E2352.89601
G1 X168.937 Y108.806 E2352.9837
G1 F1500 E2346.4837
;MESH:NONMESH
G0 F300 X168.937 Y108.806 Z13.92
G0 F12000 X168.937 Y109.066
G0 X165.597 Y109.132
G0 X165.597 Y110.221
G0 X152.443 Y147.326
G0 X152.68 Y148.17
;TIME_ELAPSED:4596.660434
;LAYER:115
;TYPE:SUPPORT
G1 F1500 E2352.9837
G1 F2400 X153.909 Y147.824 E2353.00918
G1 X155.14 Y148.17 E2353.03469
G1 X156.025 Y149.107 E2353.06041
G1 X156.123 Y149.436 E2353.06727
G1 X156.453 Y149.787 E2353.07688
G1 X156.835 Y151.071 E2353.10361
G1 X156.5 Y152.304 E2353.12911
G1 X155.619 Y153.189 E2353.15403
G1 X154.395 Y153.524 E2353.17936
G1 X153.214 Y153.174 E2353.20394
G1 X152.195 Y152.147 E2353.23281
G1 X152.08 Y151.743 E2353.24119
G1 X151.794 Y151.454 E2353.2493
G1 X151.449 Y150.283 E2353.27367
G1 X151.795 Y149.107 E2353.29813
G1 X152.68 Y148.17 E2353.32385
G1 F1500 E2346.82385
;MESH:9VBatteryHolder_v2.stl
G0 F12000 X152.053 Y147.578
G0 X151.026 Y148.666
G0 X150.55 Y150.285
G0 X150.937 Y151.603
G0 X152.68 Y155.891
G0 X152.68 Y156.986
G0 X142.672 Y157.556
;TYPE:WALL-INNER
G1 F1500 E2353.32385
G1 F2400 X168.672 Y157.556 E2353.84271
G1 F2352.9 X168.846 Y157.549 E2353.84625
G0 F12000 X169.369 Y157.253
G1 F2436.5 X168.846 Y157.549 E2353.85807
G1 X169.686 Y157.57 E2353.87458
G1 F2442.7 X169.665 Y156.73 E2353.89106
G1 X169.369 Y157.253 E2353.90284
G0 F12000 X169.665 Y156.73
G1 F2358.7 X169.672 Y156.556 E2353.90638
G1 F2400 X169.672 Y112.556 E2354.78444
G1 F1500 E2348.28444
G0 F12000 X169.511 Y157.394
G0 X141.835 Y157.394
G0 X141.672 Y112.556
G1 F1500 E2354.78444
G1 F2400 X141.672 Y156.556 E2355.66251
G1 F2352.9 X141.679 Y156.73 E2355.66606
G0 F12000 X141.975 Y157.253
G1 F2436.5 X141.679 Y156.73 E2355.67787
G1 X141.658 Y157.57 E2355.69439
G1 F2487 X142.672 Y157.556 E2355.71391
G1 X141.975 Y157.253 E2355.72855
G0 F12000 X141.763 Y157.253
G0 X169.096 Y157.466
G0 X169.096 Y156.98
G1 F2400 X168.761 Y157.156 E2355.7361
G1 X142.672 Y157.156 E2356.25674
G1 X142.247 Y156.981 E2356.26591
G1 X142.072 Y156.645 E2356.27347
G1 X142.072 Y112.156 E2357.1613
G1 X141.272 Y112.156 E2357.17726
G1 X141.273 Y157.955 E2358.09123
G1 X170.072 Y157.956 E2358.66594
G1 X170.072 Y112.156 E2359.57993
G1 X169.272 Y112.156 E2359.5959
G1 X169.272 Y156.645 E2360.48372
G1 X169.096 Y156.98 E2360.49128
G0 F12000 X168.87 Y156.591
;TYPE:WALL-OUTER
G1 F2400 X168.814 Y156.698 E2360.49369
G1 X168.707 Y156.754 E2360.4961
G1 X142.672 Y156.756 E2361.01565
G1 X142.53 Y156.698 E2361.01871
G1 X142.474 Y156.591 E2361.02112
G1 X142.472 Y111.756 E2361.91585
G1 X140.872 Y111.756 E2361.94778
G1 X140.873 Y158.355 E2362.87772
G1 X170.472 Y158.356 E2363.4684
G1 X170.472 Y111.756 E2364.39835
G1 X168.872 Y111.756 E2364.43028
G1 X168.87 Y156.591 E2365.32501
G1 F1500 E2358.82501
G0 F12000 X169.183 Y156.591
G0 X169.097 Y111.98
G0 X168.008 Y111.98
G0 X146.838 Y109.132
G0 X142.42 Y108.806
G1 F1500 E2365.32501
G1 F1920 X145.922 Y108.806 E2365.41237
G1 X145.922 Y109.306 E2365.42484
G1 X142.212 Y109.306 E2365.51739
G1 X142.214 Y109.012 E2365.52472
G1 F2000 X142.193 Y108.594 E2365.53474
G1 X142.42 Y108.806 E2365.54218
G0 F12000 X142.193 Y108.594
G1 F2133.3 X142.2 Y104.548 E2365.63302
G1 F1500 E2359.13302
G0 F12000 X142.445 Y104.075
G0 X168.92 Y104.046
G0 X168.92 Y104.306
G1 F1500 E2365.63302
G1 F1920 X142.42 Y104.306 E2366.29406
G1 F2042.6 X142.2 Y104.548 E2366.30173
G1 X142.212 Y103.806 E2366.31913
G1 F1920 X169.133 Y103.805 E2366.99068
G1 F2033.9 X169.142 Y104.56 E2367.00846
G1 X168.92 Y104.306 E2367.0164
G0 F12000 X169.142 Y104.56
G1 F2119.2 X169.148 Y108.594 E2367.10757
G0 F12000 X168.92 Y108.806
G1 F1991.7 X169.148 Y108.594 E2367.11506
G1 X169.131 Y109.017 E2367.12524
G1 F1916.2 X169.133 Y109.306 E2367.13246
G1 F1920 X165.422 Y109.306 E2367.22504
G1 X165.422 Y108.806 E2367.23751
G1 X168.92 Y108.806 E2367.32477
G1 F1500 E2360.82477
;MESH:NONMESH
G0 F300 X168.92 Y108.806 Z14.04
G0 F12000 X168.92 Y109.066
G0 X165.597 Y109.132
G0 X165.597 Y110.221
G0 X152.451 Y147.338
G0 X152.688 Y148.182
;TIME_ELAPSED:4625.107413
;LAYER:116
;TYPE:SUPPORT
G1 F1500 E2367.32477
G1 F2400 X153.909 Y147.84 E2367.35007
G1 X155.132 Y148.182 E2367.37541
G1 X156.013 Y149.115 E2367.40102
G1 X156.116 Y149.44 E2367.40782
G1 X156.515 Y149.873 E2367.41957
G1 X156.899 Y151.155 E2367.44628
G1 X156.568 Y152.371 E2367.47143
G1 X155.684 Y153.252 E2367.49634
G1 X154.467 Y153.583 E2367.52151
G1 X153.254 Y153.219 E2367.54678
G1 X152.275 Y152.235 E2367.57448
G1 X152.201 Y152.114 E2367.57731
G1 X152.089 Y151.734 E2367.58521
G1 X151.806 Y151.45 E2367.59322
G1 X151.461 Y150.283 E2367.6175
G1 X151.807 Y149.111 E2367.64189
G1 X152.688 Y148.182 E2367.66744
G1 F1500 E2361.16744
;MESH:9VBatteryHolder_v2.stl
G0 F12000 X152.06 Y147.59
G0 X151.038 Y148.673
G0 X150.564 Y150.285
G0 X150.949 Y151.599
G0 X152.688 Y155.891
G0 X152.688 Y156.986
G0 X142.672 Y157.556
;TYPE:WALL-INNER
G1 F1500 E2367.66744
G1 F2400 X168.672 Y157.556 E2368.1863
G1 F2352.9 X168.846 Y157.549 E2368.18984
G0 F12000 X169.369 Y157.253
G1 F2436.5 X168.846 Y157.549 E2368.20165
G1 X169.686 Y157.57 E2368.21817
G1 F2442.7 X169.665 Y156.73 E2368.23464
G1 X169.369 Y157.253 E2368.24643
G0 F12000 X169.665 Y156.73
G1 F2358.7 X169.672 Y156.556 E2368.24996
G1 F2400 X169.672 Y112.556 E2369.12803
G1 F1500 E2362.62803
G0 F12000 X169.511 Y157.394
G0 X141.835 Y157.394
G0 X141.672 Y112.556
G1 F1500 E2369.12803
G1 F2400 X141.672 Y156.556 E2370.0061
G1 F2352.9 X141.679 Y156.73 E2370.00964
G0 F12000 X141.975 Y157.253
G1 F2436.5 X141.679 Y156.73 E2370.02146
G1 X141.658 Y157.57 E2370.03797
G1 F2487 X142.672 Y157.556 E2370.0575
G1 X141.975 Y157.253 E2370.07214
G0 F12000 X141.763 Y157.253
G0 X169.096 Y157.466
G0 X169.096 Y156.98
G1 F2400 X168.761 Y157.156 E2370.07969
G1 X142.672 Y157.156 E2370.60032
G1 X142.247 Y156.981 E2370.6095
G1 X142.072 Y156.645 E2370.61706
G1 X142.072 Y112.156 E2371.50488
G1 X141.272 Y112.156 E2371.52085
G1 X141.273 Y157.955 E2372.43482
G1 X170.072 Y157.956 E2373.00953
G1 X170.072 Y112.156 E2373.92352
G1 X169.272 Y112.156 E2373.93948
G1 X169.272 Y156.645 E2374.82731
G1 X169.096 Y156.98 E2374.83486
G0 F12000 X168.87 Y156.591
;TYPE:WALL-OUTER
G1 F2400 X168.814 Y156.698 E2374.83727
G1 X168.707 Y156.754 E2374.83968
G1 X142.672 Y156.756 E2375.35924
G1 X142.53 Y156.698 E2375.3623
G1 X142.474 Y156.591 E2375.36471
G1 X142.472 Y111.756 E2376.25944
G1 X140.872 Y111.756 E2376.29137
G1 X140.873 Y158.355 E2377.2213
G1 X170.472 Y158.356 E2377.81198
G1 X170.472 Y111.756 E2378.74194
G1 X168.872 Y111.756 E2378.77387
G1 X168.87 Y156.591 E2379.6686
G1 F1500 E2373.1686
G0 F12000 X169.183 Y156.591
G0 X169.097 Y111.98
G0 X168.008 Y111.98
G0 X146.838 Y109.132
G0 X142.42 Y108.806
G1 F1500 E2379.6686
G1 F1920 X145.922 Y108.806 E2379.75596
G1 X145.922 Y109.306 E2379.76843
G1 X142.273 Y109.306 E2379.85945
G1 X142.276 Y108.95 E2379.86833
G1 F2033.9 X142.23 Y108.595 E2379.87676
G1 X142.42 Y108.806 E2379.88345
G0 F12000 X142.225 Y108.556
G1 F2519.7 X142.234 Y104.548 E2379.95963
G1 F1500 E2373.45963
G0 F12000 X142.513 Y104.075
G0 X168.833 Y104.075
G0 X168.92 Y104.306
G1 F1500 E2379.95963
G1 F1920 X142.42 Y104.306 E2380.62068
G1 F2201.8 X142.234 Y104.548 E2380.62732
G1 X142.285 Y104.175 E2380.63551
G1 F1920 X142.271 Y103.806 E2380.64472
G1 X169.073 Y103.806 E2381.3133
G1 F1923.8 X169.06 Y104.171 E2381.32239
G1 F2191.8 X169.108 Y104.56 E2381.33096
G1 X168.92 Y104.306 E2381.33786
G0 F12000 X169.108 Y104.56
G1 F2487 X169.115 Y108.589 E2381.41545
G0 F12000 X168.92 Y108.806
G1 F2142.9 X169.115 Y108.589 E2381.42197
G1 X169.066 Y108.95 E2381.43011
G1 F1916.2 X169.068 Y109.306 E2381.43901
G1 F1920 X165.422 Y109.306 E2381.52996
G1 X165.422 Y108.806 E2381.54243
G1 X168.92 Y108.806 E2381.62969
G1 F1500 E2375.12969
;MESH:NONMESH
G0 F300 X168.92 Y108.806 Z14.16
G0 F12000 X168.837 Y109.036
G0 X165.597 Y109.132
G0 X165.597 Y110.221
G0 X152.463 Y147.349
G0 X152.7 Y148.194
;TIME_ELAPSED:4653.507434
;LAYER:117
;TYPE:SUPPORT
G1 F1500 E2381.62969
G1 F2400 X153.909 Y147.856 E2381.65474
G1 X155.12 Y148.194 E2381.67983
G1 X156.001 Y149.123 E2381.70538
G1 X156.099 Y149.448 E2381.71216
G1 X156.383 Y149.749 E2381.72042
G1 X156.417 Y149.835 E2381.72226
G1 X156.618 Y150.055 E2381.72821
G1 X156.971 Y151.227 E2381.75264
G1 X156.641 Y152.439 E2381.7777
G1 X155.768 Y153.308 E2381.80228
G1 X154.551 Y153.639 E2381.82745
G1 X153.342 Y153.274 E2381.85266
G1 X152.343 Y152.286 E2381.8807
G1 X152.206 Y152.078 E2381.88567
G1 X152.128 Y151.836 E2381.89074
G1 X151.846 Y151.543 E2381.89885
G1 X151.477 Y150.283 E2381.92506
G1 X151.815 Y149.127 E2381.94909
G1 X152.7 Y148.194 E2381.97475
G1 F1500 E2375.47475
;MESH:9VBatteryHolder_v2.stl
G0 F12000 X152.072 Y147.6
G0 X151.049 Y148.681
G0 X150.579 Y150.285
G0 X150.986 Y151.672
G0 X152.7 Y155.891
G0 X152.7 Y156.986
G0 X142.672 Y157.556
;TYPE:WALL-INNER
G1 F1500 E2381.97475
G1 F2400 X168.672 Y157.556 E2382.49361
G1 F2352.9 X168.846 Y157.549 E2382.49716
G0 F12000 X169.369 Y157.253
G1 F2436.5 X168.846 Y157.549 E2382.50897
G1 X169.686 Y157.57 E2382.52549
G1 F2442.7 X169.665 Y156.73 E2382.54196
G1 X169.369 Y157.253 E2382.55374
G0 F12000 X169.665 Y156.73
G1 F2358.7 X169.672 Y156.556 E2382.55728
G1 F2400 X169.672 Y112.556 E2383.43535
G1 F1500 E2376.93535
G0 F12000 X169.511 Y157.394
G0 X141.835 Y157.394
G0 X141.672 Y112.556
G1 F1500 E2383.43535
G1 F2400 X141.672 Y156.556 E2384.31341
G1 F2352.9 X141.679 Y156.73 E2384.31696
G0 F12000 X141.975 Y157.253
G1 F2436.5 X141.679 Y156.73 E2384.32877
G1 X141.658 Y157.57 E2384.34529
G1 F2487 X142.672 Y157.556 E2384.36482
G1 X141.975 Y157.253 E2384.37945
G0 F12000 X141.763 Y157.253
G0 X169.096 Y157.466
G0 X169.096 Y156.98
G1 F2400 X168.761 Y157.156 E2384.38701
G1 X142.672 Y157.156 E2384.90764
G1 X142.247 Y156.981 E2384.91681
G1 X142.072 Y156.645 E2384.92437
G1 X142.072 Y112.156 E2385.8122
G1 X141.272 Y112.156 E2385.82816
G1 X141.273 Y157.955 E2386.74213
G1 X170.072 Y157.956 E2387.31685
G1 X170.072 Y112.156 E2388.23084
G1 X169.272 Y112.156 E2388.2468
G1 X169.272 Y156.645 E2389.13463
G1 X169.096 Y156.98 E2389.14218
G0 F12000 X168.87 Y156.591
;TYPE:WALL-OUTER
G1 F2400 X168.814 Y156.698 E2389.14459
G1 X168.707 Y156.754 E2389.147
G1 X142.672 Y156.756 E2389.66656
G1 X142.53 Y156.698 E2389.66962
G1 X142.474 Y156.591 E2389.67203
G1 X142.472 Y111.756 E2390.56676
G1 X140.872 Y111.756 E2390.59869
G1 X140.873 Y158.355 E2391.52862
G1 X170.472 Y158.356 E2392.1193
G1 X170.472 Y111.756 E2393.04925
G1 X168.872 Y111.756 E2393.08118
G1 X168.87 Y156.591 E2393.97591
G1 F1500 E2387.47591
G0 F12000 X169.183 Y156.591
G0 X169.097 Y111.98
G0 X168.008 Y111.98
G0 X146.838 Y109.132
G0 X145.922 Y109.306
G1 F1500 E2393.97591
G1 F1920 X142.351 Y109.306 E2394.06499
G1 X142.349 Y108.806 E2394.07747
G1 X145.922 Y108.806 E2394.16659
G1 X145.922 Y109.306 E2394.17907
G1 F1500 E2387.67907
G0 F12000 X145.693 Y109.076
G0 X145.749 Y107.891
G0 X145.749 Y105.221
G0 X168.986 Y104.306
G1 F1500 E2394.17907
G1 F1920 X142.354 Y104.306 E2394.84341
G1 X142.338 Y103.806 E2394.85588
G1 X169.002 Y103.806 E2395.52102
G1 F1923.8 X168.986 Y104.306 E2395.53347
G1 F1500 E2389.03347
G0 F12000 X168.764 Y104.075
G0 X168.27 Y105.209
G0 X168.27 Y107.903
G0 X168.993 Y109.306
G1 F1500 E2395.53347
G1 F1920 X165.422 Y109.306 E2395.62255
G1 X165.422 Y108.806 E2395.63503
G1 X168.995 Y108.806 E2395.72415
G1 F1916.2 X168.993 Y109.306 E2395.73665
G1 F1500 E2389.23665
;MESH:NONMESH
G0 F300 X168.993 Y109.306 Z14.28
G0 F12000 X168.767 Y109.076
G0 X165.597 Y109.132
G0 X165.597 Y110.221
G0 X152.47 Y147.363
G0 X152.707 Y148.206
;TIME_ELAPSED:4682.206176
;LAYER:118
;TYPE:SUPPORT
G1 F1500 E2395.73665
G1 F2400 X153.909 Y147.868 E2395.76157
G1 X155.112 Y148.206 E2395.78651
G1 X155.989 Y149.131 E2395.81194
G1 X156.088 Y149.457 E2395.81874
G1 X156.374 Y149.763 E2395.8271
G1 X156.402 Y149.818 E2395.82833
G1 X156.682 Y150.115 E2395.83648
G1 X157.036 Y151.299 E2395.86114
G1 X156.712 Y152.5 E2395.88596
G1 X155.844 Y153.368 E2395.91046
G1 X154.635 Y153.696 E2395.93546
G1 X153.43 Y153.334 E2395.96057
G1 X152.438 Y152.354 E2395.9884
G1 X152.401 Y152.262 E2395.99038
G1 X152.219 Y152.075 E2395.99558
G1 X152.179 Y151.953 E2395.99814
G1 X151.874 Y151.632 E2396.00698
G1 X151.485 Y150.303 E2396.03462
G1 X151.827 Y149.131 E2396.05898
G1 X152.707 Y148.206 E2396.08446
G1 F1500 E2389.58446
;MESH:9VBatteryHolder_v2.stl
G0 F12000 X152.081 Y147.611
G0 X151.06 Y148.687
G0 X150.588 Y150.305
G0 X151.01 Y151.749
G0 X152.707 Y155.891
G0 X152.707 Y156.986
G0 X142.672 Y157.556
;TYPE:WALL-INNER
G1 F1500 E2396.08446
G1 F2400 X168.672 Y157.556 E2396.60332
G1 F2352.9 X168.846 Y157.549 E2396.60686
G0 F12000 X169.369 Y157.253
G1 F2436.5 X168.846 Y157.549 E2396.61867
G1 X169.686 Y157.57 E2396.63519
G1 F2442.7 X169.665 Y156.73 E2396.65167
G1 X169.369 Y157.253 E2396.66345
G0 F12000 X169.665 Y156.73
G1 F2358.7 X169.672 Y156.556 E2396.66698
G1 F2400 X169.672 Y112.556 E2397.54505
G1 F1500 E2391.04505
G0 F12000 X169.511 Y157.394
G0 X141.835 Y157.394
G0 X141.672 Y112.556
G1 F1500 E2397.54505
G1 F2400 X141.672 Y156.556 E2398.42312
G1 F2352.9 X141.679 Y156.73 E2398.42666
G0 F12000 X141.975 Y157.253
G1 F2436.5 X141.679 Y156.73 E2398.43848
G1 X141.658 Y157.57 E2398.45499
G1 F2487 X142.672 Y157.556 E2398.47452
G1 X141.975 Y157.253 E2398.48916
G0 F12000 X141.763 Y157.253
G0 X169.096 Y157.466
G0 X169.096 Y156.98
G1 F2400 X168.761 Y157.156 E2398.49671
G1 X142.672 Y157.156 E2399.01734
G1 X142.247 Y156.981 E2399.02652
G1 X142.072 Y156.645 E2399.03408
G1 X142.072 Y112.156 E2399.9219
G1 X141.272 Y112.156 E2399.93787
G1 X141.273 Y157.955 E2400.85184
G1 X170.072 Y157.956 E2401.42655
G1 X170.072 Y112.156 E2402.34054
G1 X169.272 Y112.156 E2402.3565
G1 X169.272 Y156.645 E2403.24433
G1 X169.096 Y156.98 E2403.25188
G0 F12000 X168.87 Y156.591
;TYPE:WALL-OUTER
G1 F2400 X168.814 Y156.698 E2403.25429
G1 X168.707 Y156.754 E2403.2567
G1 X142.672 Y156.756 E2403.77626
G1 X142.53 Y156.698 E2403.77932
G1 X142.474 Y156.591 E2403.78173
G1 X142.472 Y111.756 E2404.67646
G1 X140.872 Y111.756 E2404.70839
G1 X140.873 Y158.355 E2405.63832
G1 X170.472 Y158.356 E2406.229
G1 X170.472 Y111.756 E2407.15896
G1 X168.872 Y111.756 E2407.19089
G1 X168.87 Y156.591 E2408.08562
G1 F1500 E2401.58562
G0 F12000 X169.183 Y156.591
G0 X169.097 Y111.98
G0 X168.008 Y111.98
G0 X146.838 Y109.132
G0 X145.922 Y109.306
G1 F1500 E2408.08562
G1 F1920 X142.426 Y109.306 E2408.17283
G1 X142.42 Y108.806 E2408.1853
G1 X145.922 Y108.806 E2408.27266
G1 X145.922 Y109.306 E2408.28513
G1 F1500 E2401.78513
G0 F12000 X145.693 Y109.076
G0 X145.749 Y107.891
G0 X145.749 Y105.221
G0 X168.919 Y104.306
G1 F1500 E2408.28513
G1 F1920 X142.422 Y104.306 E2408.9461
G1 X142.406 Y103.806 E2408.95858
G1 X168.937 Y103.806 E2409.6204
G1 F1923.8 X168.919 Y104.306 E2409.63285
G1 F1500 E2403.13285
G0 F12000 X168.698 Y104.075
G0 X168.27 Y105.209
G0 X168.27 Y107.903
G0 X168.917 Y109.306
G1 F1500 E2409.63285
G1 F1920 X165.422 Y109.306 E2409.72004
G1 X165.422 Y108.806 E2409.73251
G1 X168.925 Y108.805 E2409.81989
G1 F1923.8 X168.917 Y109.306 E2409.83237
G1 F1500 E2403.33237
;MESH:NONMESH
G0 F300 X168.917 Y109.306 Z14.4
G0 F12000 X168.694 Y109.075
G0 X165.597 Y109.132
G0 X165.597 Y110.221
G0 X152.471 Y147.377
G0 X152.708 Y148.222
;TIME_ELAPSED:4710.886246
;LAYER:119
;TYPE:SUPPORT
G1 F1500 E2409.83237
G1 F2400 X153.908 Y147.884 E2409.85725
G1 X155.108 Y148.222 E2409.88212
G1 X155.975 Y149.136 E2409.90727
G1 X156.08 Y149.471 E2409.91427
G1 X156.368 Y149.775 E2409.92263
G1 X156.386 Y149.808 E2409.92338
G1 X156.757 Y150.21 E2409.93429
G1 X157.107 Y151.371 E2409.95849
G1 X156.784 Y152.564 E2409.98316
G1 X155.916 Y153.428 E2410.0076
G1 X154.72 Y153.751 E2410.03232
G1 X153.522 Y153.391 E2410.05728
G1 X152.274 Y152.15 E2410.09241
G1 X152.233 Y152.072 E2410.09417
G1 X151.895 Y151.72 E2410.1039
G1 X151.489 Y150.34 E2410.13261
G1 X151.843 Y149.135 E2410.15767
G1 X152.708 Y148.222 E2410.18277
G1 F1500 E2403.68277
;MESH:9VBatteryHolder_v2.stl
G0 F12000 X152.08 Y147.63
G0 X151.076 Y148.694
G0 X150.593 Y150.341
G0 X151.029 Y151.824
G0 X152.708 Y155.891
G0 X152.708 Y156.986
G0 X142.672 Y157.556
;TYPE:WALL-INNER
G1 F1500 E2410.18277
G1 F2400 X168.672 Y157.556 E2410.70163
G1 F2352.9 X168.846 Y157.549 E2410.70518
G0 F12000 X169.369 Y157.253
G1 F2436.5 X168.846 Y157.549 E2410.71699
G1 X169.686 Y157.57 E2410.73351
G1 F2442.7 X169.665 Y156.73 E2410.74998
G1 X169.369 Y157.253 E2410.76176
G0 F12000 X169.665 Y156.73
G1 F2358.7 X169.672 Y156.556 E2410.7653
G1 F2400 X169.672 Y112.556 E2411.64337
G1 F1500 E2405.14337
G0 F12000 X169.511 Y157.394
G0 X141.835 Y157.394
G0 X141.672 Y112.556
G1 F1500 E2411.64337
G1 F2400 X141.672 Y156.556 E2412.52143
G1 F2352.9 X141.679 Y156.73 E2412.52498
G0 F12000 X141.975 Y157.253
G1 F2436.5 X141.679 Y156.73 E2412.53679
G1 X141.658 Y157.57 E2412.55331
G1 F2487 X142.672 Y157.556 E2412.57284
G1 X141.975 Y157.253 E2412.58747
G0 F12000 X141.763 Y157.253
G0 X169.096 Y157.466
G0 X169.096 Y156.98
G1 F2400 X168.761 Y157.156 E2412.59503
G1 X142.672 Y157.156 E2413.11566
G1 X142.247 Y156.981 E2413.12483
G1 X142.072 Y156.645 E2413.13239
G1 X142.072 Y112.156 E2414.02022
G1 X141.272 Y112.156 E2414.03618
G1 X141.273 Y157.955 E2414.95015
G1 X170.072 Y157.956 E2415.52487
G1 X170.072 Y112.156 E2416.43886
G1 X169.272 Y112.156 E2416.45482
G1 X169.272 Y156.645 E2417.34265
G1 X169.096 Y156.98 E2417.3502
G0 F12000 X168.87 Y156.591
;TYPE:WALL-OUTER
G1 F2400 X168.814 Y156.698 E2417.35261
G1 X168.707 Y156.754 E2417.35502
G1 X142.672 Y156.756 E2417.87457
G1 X142.53 Y156.698 E2417.87764
G1 X142.474 Y156.591 E2417.88005
G1 X142.472 Y111.756 E2418.77478
G1 X140.872 Y111.756 E2418.80671
G1 X140.873 Y158.355 E2419.73664
G1 X170.472 Y158.356 E2420.32732
G1 X170.472 Y111.756 E2421.25727
G1 X168.872 Y111.756 E2421.2892
G1 X168.87 Y156.591 E2422.18393
G1 F1500 E2415.68393
G0 F12000 X169.183 Y156.591
G0 X169.097 Y111.98
G0 X168.008 Y111.98
G0 X146.838 Y109.132
G0 X145.922 Y109.306
G1 F1500 E2422.18393
G1 F1920 X142.503 Y109.306 E2422.26922
G1 X142.492 Y108.806 E2422.2817
G1 X145.922 Y108.806 E2422.36726
G1 X145.922 Y109.306 E2422.37973
G1 F1500 E2415.87973
G0 F12000 X145.693 Y109.076
G0 X145.749 Y107.891
G0 X145.749 Y105.221
G0 X168.852 Y104.306
G1 F1500 E2422.37973
G1 F1920 X142.49 Y104.306 E2423.03733
G1 X142.472 Y103.806 E2423.04981
G1 X168.873 Y103.806 E2423.70839
G1 X168.852 Y104.306 E2423.72087
G1 F1500 E2417.22087
G0 F12000 X168.631 Y104.075
G0 X168.27 Y105.209
G0 X168.27 Y107.903
G0 X168.841 Y109.306
G1 F1500 E2423.72087
G1 F1920 X165.422 Y109.306 E2423.80616
G1 X165.422 Y108.806 E2423.81863
G1 X168.855 Y108.805 E2423.90427
G1 F1923.8 X168.841 Y109.306 E2423.91675
G1 F1500 E2417.41675
;MESH:NONMESH
G0 F300 X168.841 Y109.306 Z14.52
G0 F12000 X168.618 Y109.075
G0 X165.597 Y109.132
G0 X165.597 Y110.221
G0 X152.479 Y147.388
G0 X152.721 Y148.249
;TIME_ELAPSED:4739.530611
;LAYER:120
;TYPE:SUPPORT
G1 F1500 E2423.91675
G1 F2400 X153.909 Y147.909 E2423.94141
G1 X155.095 Y148.246 E2423.96601
G1 X155.965 Y149.179 E2423.99147
G1 X156.075 Y149.486 E2423.99798
G1 X156.83 Y150.287 E2424.01994
G1 X157.175 Y151.439 E2424.04394
G1 X156.856 Y152.624 E2424.06843
G1 X155.992 Y153.484 E2424.09276
G1 X154.803 Y153.808 E2424.11735
G1 X153.617 Y153.454 E2424.14205
G1 X153.404 Y153.247 E2424.14798
G1 X153.306 Y153.206 E2424.1501
G1 X151.919 Y151.807 E2424.18941
G1 X151.513 Y150.373 E2424.21916
G1 X151.859 Y149.174 E2424.24406
G1 X152.721 Y148.249 E2424.26929
G1 F1500 E2417.76929
;MESH:9VBatteryHolder_v2.stl
G0 F12000 X152.088 Y147.66
G0 X151.086 Y148.737
G0 X150.614 Y150.372
G0 X151.097 Y152.071
G0 X152.721 Y155.891
G0 X152.721 Y156.986
G0 X142.672 Y157.556
;TYPE:WALL-INNER
G1 F1500 E2424.26929
G1 F2400 X168.672 Y157.556 E2424.78815
G1 F2352.9 X168.846 Y157.549 E2424.79169
G0 F12000 X169.369 Y157.253
G1 F2436.5 X168.846 Y157.549 E2424.80351
G1 X169.686 Y157.57 E2424.82002
G1 F2442.7 X169.665 Y156.73 E2424.8365
G1 X169.369 Y157.253 E2424.84828
G0 F12000 X169.665 Y156.73
G1 F2358.7 X169.672 Y156.556 E2424.85182
G1 F2400 X169.672 Y112.556 E2425.72988
G1 F1500 E2419.22988
G0 F12000 X169.511 Y157.394
G0 X141.835 Y157.394
G0 X141.672 Y112.556
G1 F1500 E2425.72988
G1 F2400 X141.672 Y156.556 E2426.60795
G1 F2352.9 X141.679 Y156.73 E2426.6115
G0 F12000 X141.975 Y157.253
G1 F2436.5 X141.679 Y156.73 E2426.62331
G1 X141.658 Y157.57 E2426.63983
G1 F2487 X142.672 Y157.556 E2426.65936
G1 X141.975 Y157.253 E2426.67399
G0 F12000 X141.763 Y157.253
G0 X169.096 Y157.466
G0 X169.096 Y156.98
G1 F2400 X168.761 Y157.156 E2426.68154
G1 X142.672 Y157.156 E2427.20218
G1 X142.247 Y156.981 E2427.21135
G1 X142.072 Y156.645 E2427.21891
G1 X142.072 Y112.156 E2428.10674
G1 X141.272 Y112.156 E2428.1227
G1 X141.273 Y157.955 E2429.03667
G1 X170.072 Y157.956 E2429.61138
G1 X170.072 Y112.156 E2430.52537
G1 X169.272 Y112.156 E2430.54134
G1 X169.272 Y156.645 E2431.42916
G1 X169.096 Y156.98 E2431.43672
G0 F12000 X168.87 Y156.591
;TYPE:WALL-OUTER
G1 F2400 X168.814 Y156.698 E2431.43913
G1 X168.707 Y156.754 E2431.44154
G1 X142.672 Y156.756 E2431.96109
G1 X142.53 Y156.698 E2431.96415
G1 X142.474 Y156.591 E2431.96656
G1 X142.472 Y111.756 E2432.86129
G1 X140.872 Y111.756 E2432.89322
G1 X140.873 Y158.355 E2433.82316
G1 X170.472 Y158.356 E2434.41384
G1 X170.472 Y111.756 E2435.34379
G1 X168.872 Y111.756 E2435.37572
G1 X168.87 Y156.591 E2436.27045
G1 F1500 E2429.77045
G0 F12000 X169.183 Y156.591
G0 X169.097 Y111.98
G0 X168.008 Y111.98
G0 X146.838 Y109.132
G0 X145.922 Y109.306
G1 F1500 E2436.27045
G1 F1920 X142.579 Y109.306 E2436.35384
G1 X142.565 Y108.806 E2436.36632
G1 X145.922 Y108.806 E2436.45006
G1 X145.922 Y109.306 E2436.46253
G1 F1500 E2429.96253
G0 F12000 X145.693 Y109.076
G0 X145.749 Y107.891
G0 X145.749 Y105.221
G0 X168.794 Y104.306
G1 F1500 E2436.46253
G1 F1920 X142.55 Y104.306 E2437.11719
G1 X142.569 Y103.806 E2437.12967
G1 X168.772 Y103.806 E2437.78331
G1 X168.794 Y104.306 E2437.7958
G1 F1500 E2431.2958
G0 F12000 X168.557 Y104.077
G0 X168.27 Y105.209
G0 X168.27 Y107.903
G0 X168.764 Y109.306
G1 F1500 E2437.7958
G1 F1920 X165.422 Y109.306 E2437.87916
G1 X165.422 Y108.806 E2437.89163
G1 X168.776 Y108.806 E2437.9753
G1 F1923.8 X168.764 Y109.306 E2437.98775
G1 F1500 E2431.48775
;MESH:NONMESH
G0 F300 X168.764 Y109.306 Z14.64
G0 F12000 X168.543 Y109.075
G0 X165.597 Y109.132
G0 X165.597 Y110.221
G0 X152.455 Y147.425
G0 X152.721 Y148.362
;TIME_ELAPSED:4768.151640
;LAYER:121
;TYPE:SUPPORT
G1 F1500 E2437.98775
G1 F2400 X153.904 Y148.024 E2438.0123
G1 X155.087 Y148.362 E2438.03686
G1 X155.944 Y149.281 E2438.06193
G1 X155.982 Y149.386 E2438.06416
G1 X156.894 Y150.352 E2438.09067
G1 X157.243 Y151.511 E2438.11483
G1 X156.921 Y152.688 E2438.13918
G1 X156.064 Y153.548 E2438.16341
G1 X154.887 Y153.868 E2438.18775
G1 X153.709 Y153.514 E2438.2123
G1 X153.516 Y153.332 E2438.21759
G1 X153.366 Y153.282 E2438.22075
G1 X152.966 Y152.882 E2438.23203
G1 X152.875 Y152.843 E2438.23401
G1 X151.923 Y151.876 E2438.26109
G1 X151.524 Y150.477 E2438.29012
G1 X151.868 Y149.278 E2438.31502
G1 X152.721 Y148.362 E2438.33999
G1 F1500 E2431.83999
;MESH:9VBatteryHolder_v2.stl
G0 F12000 X152.091 Y147.775
G0 X151.096 Y148.843
G0 X150.625 Y150.477
G0 X150.986 Y151.746
G0 X152.721 Y155.891
G0 X152.721 Y156.986
G0 X142.672 Y157.556
;TYPE:WALL-INNER
G1 F1500 E2438.33999
G1 F2400 X168.672 Y157.556 E2438.85885
G1 F2352.9 X168.846 Y157.549 E2438.8624
G0 F12000 X169.369 Y157.253
G1 F2436.5 X168.846 Y157.549 E2438.87421
G1 X169.686 Y157.57 E2438.89073
G1 F2442.7 X169.665 Y156.73 E2438.9072
G1 X169.369 Y157.253 E2438.91898
G0 F12000 X169.665 Y156.73
G1 F2358.7 X169.672 Y156.556 E2438.92252
G1 F2400 X169.672 Y112.556 E2439.80059
G1 F1500 E2433.30059
G0 F12000 X169.511 Y157.394
G0 X141.835 Y157.394
G0 X141.672 Y112.556
G1 F1500 E2439.80059
G1 F2400 X141.672 Y156.556 E2440.67865
G1 F2352.9 X141.679 Y156.73 E2440.6822
G0 F12000 X141.975 Y157.253
G1 F2436.5 X141.679 Y156.73 E2440.69401
G1 X141.658 Y157.57 E2440.71053
G1 F2487 X142.672 Y157.556 E2440.73006
G1 X141.975 Y157.253 E2440.74469
G0 F12000 X141.763 Y157.253
G0 X169.096 Y157.466
G0 X169.096 Y156.98
G1 F2400 X168.761 Y157.156 E2440.75225
G1 X142.672 Y157.156 E2441.27288
G1 X142.247 Y156.981 E2441.28205
G1 X142.072 Y156.645 E2441.28961
G1 X142.072 Y112.156 E2442.17744
G1 X141.272 Y112.156 E2442.1934
G1 X141.273 Y157.955 E2443.10737
G1 X170.072 Y157.956 E2443.68209
G1 X170.072 Y112.156 E2444.59608
G1 X169.272 Y112.156 E2444.61204
G1 X169.272 Y156.645 E2445.49987
G1 X169.096 Y156.98 E2445.50742
G0 F12000 X168.87 Y156.591
;TYPE:WALL-OUTER
G1 F2400 X168.814 Y156.698 E2445.50983
G1 X168.707 Y156.754 E2445.51224
G1 X142.672 Y156.756 E2446.0318
G1 X142.53 Y156.698 E2446.03486
G1 X142.474 Y156.591 E2446.03727
G1 X142.472 Y111.756 E2446.932
G1 X140.872 Y111.756 E2446.96393
G1 X140.873 Y158.355 E2447.89386
G1 X170.472 Y158.356 E2448.48454
G1 X170.472 Y111.756 E2449.41449
G1 X168.872 Y111.756 E2449.44642
G1 X168.87 Y156.591 E2450.34115
G1 F1500 E2443.84115
G0 F12000 X169.183 Y156.591
G0 X169.097 Y111.98
G0 X168.008 Y111.98
G0 X146.838 Y109.132
G0 X145.922 Y109.306
G1 F1500 E2450.34115
G1 F1920 X142.653 Y109.306 E2450.4227
G1 X142.635 Y108.806 E2450.43518
G1 X145.922 Y108.806 E2450.51717
G1 X145.922 Y109.306 E2450.52965
G1 F1500 E2444.02965
G0 F12000 X145.693 Y109.076
G0 X145.749 Y107.891
G0 X145.749 Y105.221
G0 X168.708 Y104.306
G1 F1500 E2450.52965
G1 F1920 X142.635 Y104.306 E2451.18004
G1 X142.653 Y103.806 E2451.19252
G1 X168.688 Y103.806 E2451.84197
G1 X168.708 Y104.306 E2451.85445
G1 F1500 E2445.35445
G0 F12000 X168.472 Y104.077
G0 X168.27 Y105.209
G0 X168.27 Y107.903
G0 X168.69 Y109.306
G1 F1500 E2451.85445
G1 F1920 X165.422 Y109.306 E2451.93597
G1 X165.422 Y108.806 E2451.94844
G1 X168.706 Y108.806 E2452.03036
G1 F1923.8 X168.69 Y109.306 E2452.04282
G1 F1500 E2445.54282
;MESH:NONMESH
G0 F300 X168.69 Y109.306 Z14.76
G0 F12000 X168.467 Y109.075
G0 X165.597 Y109.132
G0 X165.597 Y110.221
G0 X152.462 Y147.54
G0 X152.729 Y148.478
;TIME_ELAPSED:4796.747995
;LAYER:122
;TYPE:SUPPORT
G1 F1500 E2452.04282
G1 F2400 X153.905 Y148.144 E2452.06721
G1 X155.084 Y148.478 E2452.09167
G1 X155.977 Y149.424 E2452.11763
G1 X156.03 Y149.452 E2452.11882
G1 X156.966 Y150.436 E2452.14593
G1 X157.336 Y151.641 E2452.17108
G1 X157.02 Y152.833 E2452.19569
G1 X156.184 Y153.676 E2452.21938
G1 X155.009 Y153.988 E2452.24364
G1 X153.857 Y153.634 E2452.26769
G1 X153.717 Y153.503 E2452.27152
G1 X153.463 Y153.416 E2452.27688
G1 X153.122 Y153.074 E2452.28652
G1 X152.908 Y153.003 E2452.29102
G1 X152.007 Y152.077 E2452.3168
G1 X151.883 Y151.867 E2452.32167
G1 X151.528 Y150.604 E2452.34785
G1 X151.875 Y149.394 E2452.37297
G1 X152.729 Y148.478 E2452.39796
G1 F1500 E2445.89796
;MESH:9VBatteryHolder_v2.stl
G0 F12000 X152.098 Y147.89
G0 X151.105 Y148.956
G0 X150.669 Y150.472
G0 X150.689 Y150.819
G0 X151.069 Y152.162
G0 X152.729 Y155.891
G0 X152.729 Y156.986
G0 X142.672 Y157.556
;TYPE:WALL-INNER
G1 F1500 E2452.39796
G1 F2400 X168.672 Y157.556 E2452.91682
G1 F2352.9 X168.846 Y157.549 E2452.92036
G0 F12000 X169.369 Y157.253
G1 F2436.5 X168.846 Y157.549 E2452.93218
G1 X169.686 Y157.57 E2452.94869
G1 F2442.7 X169.665 Y156.73 E2452.96517
G1 X169.369 Y157.253 E2452.97695
G0 F12000 X169.665 Y156.73
G1 F2358.7 X169.672 Y156.556 E2452.98049
G1 F2400 X169.672 Y112.556 E2453.85855
G1 F1500 E2447.35855
G0 F12000 X169.511 Y157.394
G0 X141.835 Y157.394
G0 X141.672 Y112.556
G1 F1500 E2453.85855
G1 F2400 X141.672 Y156.556 E2454.73662
G1 F2352.9 X141.679 Y156.73 E2454.74017
G0 F12000 X141.975 Y157.253
G1 F2436.5 X141.679 Y156.73 E2454.75198
G1 X141.658 Y157.57 E2454.7685
G1 F2487 X142.672 Y157.556 E2454.78802
G1 X141.975 Y157.253 E2454.80266
G0 F12000 X141.763 Y157.253
G0 X169.096 Y157.466
G0 X169.096 Y156.98
G1 F2400 X168.761 Y157.156 E2454.81021
G1 X142.672 Y157.156 E2455.33085
G1 X142.247 Y156.981 E2455.34002
G1 X142.072 Y156.645 E2455.34758
G1 X142.072 Y112.156 E2456.23541
G1 X141.272 Y112.156 E2456.25137
G1 X141.273 Y157.955 E2457.16534
G1 X170.072 Y157.956 E2457.74005
G1 X170.072 Y112.156 E2458.65404
G1 X169.272 Y112.156 E2458.67001
G1 X169.272 Y156.645 E2459.55783
G1 X169.096 Y156.98 E2459.56538
G0 F12000 X168.87 Y156.591
;TYPE:WALL-OUTER
G1 F2400 X168.814 Y156.698 E2459.56779
G1 X168.707 Y156.754 E2459.5702
G1 X142.672 Y156.756 E2460.08976
G1 X142.53 Y156.698 E2460.09282
G1 X142.474 Y156.591 E2460.09523
G1 X142.472 Y111.756 E2460.98996
G1 X140.872 Y111.756 E2461.02189
G1 X140.873 Y158.355 E2461.95183
G1 X170.472 Y158.356 E2462.54251
G1 X170.472 Y111.756 E2463.47246
G1 X168.872 Y111.756 E2463.50439
G1 X168.87 Y156.591 E2464.39912
G1 F1500 E2457.89912
G0 F12000 X169.183 Y156.591
G0 X169.097 Y111.98
G0 X168.008 Y111.98
G0 X146.838 Y109.132
G0 X145.922 Y109.306
G1 F1500 E2464.39912
G1 F1920 X142.729 Y109.306 E2464.47877
G1 X142.711 Y108.806 E2464.49125
G1 X145.922 Y108.806 E2464.57135
G1 X145.922 Y109.306 E2464.58382
G1 F1500 E2458.08382
G0 F12000 X145.693 Y109.076
G0 X146.838 Y109.074
G0 X164.508 Y109.074
G0 X168.615 Y109.306
G1 F1500 E2464.58382
G1 F1920 X165.422 Y109.306 E2464.66347
G1 X165.422 Y108.806 E2464.67594
G1 X168.633 Y108.806 E2464.75604
G1 F1923.8 X168.615 Y109.306 E2464.7685
G1 F1500 E2458.2685
G0 F12000 X168.392 Y109.074
G0 X168.386 Y107.891
G0 X168.386 Y105.221
G0 X168.621 Y104.306
G1 F1500 E2464.7685
G1 F1920 X142.717 Y104.306 E2465.41468
G1 X142.739 Y103.806 E2465.42716
G1 X168.603 Y103.806 E2466.07234
G1 X168.621 Y104.306 E2466.08482
G1 F1500 E2459.58482
;MESH:NONMESH
G0 F300 X168.621 Y104.306 Z14.88
G0 F12000 X168.386 Y104.077
G0 X152.738 Y104.126
G0 X152.738 Y105.221
G0 X152.47 Y147.656
G0 X152.738 Y148.597
;TIME_ELAPSED:4825.309065
;LAYER:123
;TYPE:SUPPORT
G1 F1500 E2466.08482
G1 F2400 X153.891 Y148.265 E2466.10877
G1 X155.075 Y148.606 E2466.13335
G1 X155.389 Y148.918 E2466.14219
G1 X155.495 Y148.961 E2466.14447
G1 X156.008 Y149.512 E2466.1595
G1 X156.111 Y149.561 E2466.16177
G1 X157.158 Y150.676 E2466.19229
G1 X157.523 Y151.838 E2466.2166
G1 X157.215 Y153.033 E2466.24123
G1 X156.376 Y153.876 E2466.26496
G1 X155.186 Y154.183 E2466.28949
G1 X154.031 Y153.819 E2466.31365
G1 X153.957 Y153.758 E2466.31557
G1 X153.588 Y153.64 E2466.3233
G1 X153.35 Y153.397 E2466.33009
G1 X152.954 Y153.269 E2466.33839
G1 X151.886 Y152.158 E2466.36915
G1 X151.541 Y150.91 E2466.39499
G1 X151.544 Y150.722 E2466.39874
G1 X151.884 Y149.529 E2466.42349
G1 X152.738 Y148.597 E2466.44872
G1 F1500 E2459.94872
;MESH:9VBatteryHolder_v2.stl
G0 F12000 X152.101 Y148.013
G0 X151.112 Y149.094
G0 X150.684 Y150.592
G0 X150.675 Y151.022
G0 X151.054 Y152.391
G0 X152.738 Y155.891
G0 X152.738 Y156.986
G0 X142.672 Y157.556
;TYPE:WALL-INNER
G1 F1500 E2466.44872
G1 F2400 X168.672 Y157.556 E2466.96758
G1 F2352.9 X168.846 Y157.549 E2466.97112
G0 F12000 X169.369 Y157.253
G1 F2436.5 X168.846 Y157.549 E2466.98294
G1 X169.686 Y157.57 E2466.99945
G1 F2442.7 X169.665 Y156.73 E2467.01593
G1 X169.369 Y157.253 E2467.02771
G0 F12000 X169.665 Y156.73
G1 F2358.7 X169.672 Y156.556 E2467.03125
G1 F2400 X169.672 Y112.556 E2467.90931
G1 F1500 E2461.40931
G0 F12000 X169.511 Y157.394
G0 X141.835 Y157.394
G0 X141.672 Y112.556
G1 F1500 E2467.90931
G1 F2400 X141.672 Y156.556 E2468.78738
G1 F2352.9 X141.679 Y156.73 E2468.79093
G0 F12000 X141.975 Y157.253
G1 F2436.5 X141.679 Y156.73 E2468.80274
G1 X141.658 Y157.57 E2468.81926
G1 F2487 X142.672 Y157.556 E2468.83878
G1 X141.975 Y157.253 E2468.85342
G0 F12000 X141.763 Y157.253
G0 X169.096 Y157.466
G0 X169.096 Y156.98
G1 F2400 X168.761 Y157.156 E2468.86097
G1 X142.672 Y157.156 E2469.38161
G1 X142.247 Y156.981 E2469.39078
G1 X142.072 Y156.645 E2469.39834
G1 X142.072 Y112.156 E2470.28616
G1 X141.272 Y112.156 E2470.30213
G1 X141.273 Y157.955 E2471.2161
G1 X170.072 Y157.956 E2471.79081
G1 X170.072 Y112.156 E2472.7048
G1 X169.272 Y112.156 E2472.72077
G1 X169.272 Y156.645 E2473.60859
G1 X169.096 Y156.98 E2473.61614
G0 F12000 X168.87 Y156.591
;TYPE:WALL-OUTER
G1 F2400 X168.814 Y156.698 E2473.61855
G1 X168.707 Y156.754 E2473.62096
G1 X142.672 Y156.756 E2474.14052
G1 X142.53 Y156.698 E2474.14358
G1 X142.474 Y156.591 E2474.14599
G1 X142.472 Y111.756 E2475.04072
G1 X140.872 Y111.756 E2475.07265
G1 X140.873 Y158.355 E2476.00259
G1 X170.472 Y158.356 E2476.59327
G1 X170.472 Y111.756 E2477.52322
G1 X168.872 Y111.756 E2477.55515
G1 X168.87 Y156.591 E2478.44988
G1 F1500 E2471.94988
G0 F12000 X169.183 Y156.591
G0 X169.097 Y111.98
G0 X168.008 Y111.98
G0 X146.838 Y109.132
G0 X145.922 Y109.306
G1 F1500 E2478.44988
G1 F1920 X142.805 Y109.306 E2478.52763
G1 X142.788 Y108.806 E2478.54011
G1 X145.922 Y108.806 E2478.61829
G1 X145.922 Y109.306 E2478.63076
G1 F1500 E2472.13076
G0 F12000 X145.693 Y109.076
G0 X146.838 Y109.075
G0 X164.508 Y109.075
G0 X168.539 Y109.306
G1 F1500 E2478.63076
G1 F1920 X165.422 Y109.306 E2478.70852
G1 X165.422 Y108.806 E2478.72099
G1 X168.558 Y108.805 E2478.79922
G1 F1923.8 X168.539 Y109.306 E2478.8117
G1 F1500 E2472.3117
G0 F12000 X168.317 Y109.075
G0 X168.304 Y107.891
G0 X168.304 Y105.221
G0 X168.543 Y104.306
G1 F1500 E2478.8117
G1 F1920 X142.801 Y104.306 E2479.45384
G1 X142.823 Y103.806 E2479.46632
G1 X168.521 Y103.806 E2480.10736
G1 X168.543 Y104.306 E2480.11985
G1 F1500 E2473.61985
;MESH:NONMESH
G0 F300 X168.543 Y104.306 Z15
G0 F12000 X168.304 Y104.077
G0 X152.783 Y104.126
G0 X152.783 Y105.221
G0 X152.463 Y147.779
G0 X152.783 Y148.88
;TIME_ELAPSED:4853.863194
;LAYER:124
;TYPE:SUPPORT
G1 F1500 E2480.11985
G1 F2400 X153.901 Y148.549 E2480.14311
G1 X155.005 Y148.873 E2480.16607
G1 X155.132 Y149.001 E2480.16967
G1 X155.251 Y149.046 E2480.17221
G1 X155.356 Y149.16 E2480.1753
G1 X155.55 Y149.236 E2480.17946
G1 X156.033 Y149.758 E2480.19366
G1 X156.21 Y149.82 E2480.1974
G1 X157.206 Y150.876 E2480.22637
G1 X157.552 Y152.001 E2480.24985
G1 X157.255 Y153.145 E2480.27344
G1 X156.456 Y153.948 E2480.29605
G1 X155.333 Y154.247 E2480.31924
G1 X154.218 Y153.904 E2480.34252
G1 X154.182 Y153.877 E2480.34342
G1 X153.747 Y153.739 E2480.35252
G1 X153.539 Y153.545 E2480.3582
G1 X153.036 Y153.384 E2480.36874
G1 X152.836 Y153.191 E2480.37429
G1 X151.956 Y152.281 E2480.39955
G1 X151.641 Y151.15 E2480.42298
G1 X151.644 Y150.965 E2480.42667
G1 X151.973 Y149.779 E2480.45123
G1 X152.783 Y148.88 E2480.47538
G1 F1500 E2473.97538
;MESH:9VBatteryHolder_v2.stl
G0 F12000 X152.141 Y148.302
G0 X151.193 Y149.354
G0 X150.783 Y150.84
G0 X150.773 Y151.257
G0 X151.144 Y152.581
G0 X152.783 Y155.891
G0 X152.783 Y156.986
G0 X142.672 Y157.556
;TYPE:WALL-INNER
G1 F1500 E2480.47538
G1 F2400 X168.672 Y157.556 E2480.99424
G1 F2352.9 X168.846 Y157.549 E2480.99778
G0 F12000 X169.369 Y157.253
G1 F2436.5 X168.846 Y157.549 E2481.0096
G1 X169.686 Y157.57 E2481.02611
G1 F2442.7 X169.665 Y156.73 E2481.04259
G1 X169.369 Y157.253 E2481.05437
G0 F12000 X169.665 Y156.73
G1 F2358.7 X169.672 Y156.556 E2481.05791
G1 F2400 X169.672 Y112.556 E2481.93597
G1 F1500 E2475.43597
G0 F12000 X169.511 Y157.394
G0 X141.835 Y157.394
G0 X141.672 Y112.556
G1 F1500 E2481.93597
G1 F2400 X141.672 Y156.556 E2482.81404
G1 F2352.9 X141.679 Y156.73 E2482.81759
G0 F12000 X141.975 Y157.253
G1 F2436.5 X141.679 Y156.73 E2482.8294
G1 X141.658 Y157.57 E2482.84592
G1 F2487 X142.672 Y157.556 E2482.86544
G1 X141.975 Y157.253 E2482.88008
G0 F12000 X141.763 Y157.253
G0 X169.096 Y157.466
G0 X169.096 Y156.98
G1 F2400 X168.761 Y157.156 E2482.88763
G1 X142.672 Y157.156 E2483.40827
G1 X142.247 Y156.981 E2483.41744
G1 X142.072 Y156.645 E2483.425
G1 X142.072 Y112.156 E2484.31283
G1 X141.272 Y112.156 E2484.32879
G1 X141.273 Y157.955 E2485.24276
G1 X170.072 Y157.956 E2485.81747
G1 X170.072 Y112.156 E2486.73146
G1 X169.272 Y112.156 E2486.74743
G1 X169.272 Y156.645 E2487.63525
G1 X169.096 Y156.98 E2487.64281
G0 F12000 X168.87 Y156.591
;TYPE:WALL-OUTER
G1 F2400 X168.814 Y156.698 E2487.64522
G1 X168.707 Y156.754 E2487.64763
G1 X142.672 Y156.756 E2488.16718
G1 X142.53 Y156.698 E2488.17024
G1 X142.474 Y156.591 E2488.17265
G1 X142.472 Y111.756 E2489.06738
G1 X140.872 Y111.756 E2489.09931
G1 X140.873 Y158.355 E2490.02925
G1 X170.472 Y158.356 E2490.61993
G1 X170.472 Y111.756 E2491.54988
G1 X168.872 Y111.756 E2491.58181
G1 X168.87 Y156.591 E2492.47654
G1 F1500 E2485.97654
G0 F12000 X169.183 Y156.591
G0 X169.097 Y111.98
G0 X168.008 Y111.98
G0 X146.838 Y109.132
G0 X145.922 Y109.306
G1 F1500 E2492.47654
G1 F1920 X142.88 Y109.306 E2492.55242
G1 X142.892 Y108.806 E2492.5649
G1 X145.922 Y108.806 E2492.64048
G1 X145.922 Y109.306 E2492.65296
G1 F1500 E2486.15296
G0 F12000 X145.693 Y109.076
G0 X146.838 Y109.077
G0 X164.508 Y109.077
G0 X168.463 Y109.306
G1 F1500 E2492.65296
G1 F1920 X165.422 Y109.306 E2492.72881
G1 X165.422 Y108.806 E2492.74129
G1 X168.449 Y108.806 E2492.8168
G1 X168.463 Y109.306 E2492.82927
G1 F1500 E2486.32927
G0 F12000 X168.229 Y109.077
G0 X168.221 Y107.891
G0 X168.221 Y105.221
G0 X168.459 Y104.305
G1 F1500 E2492.82927
G1 F1920 X142.884 Y104.306 E2493.46724
G1 X142.905 Y103.806 E2493.47973
G1 X168.437 Y103.806 E2494.11663
G1 X168.459 Y104.305 E2494.12909
G1 F1500 E2487.62909
;MESH:NONMESH
G0 F300 X168.459 Y104.305 Z15.12
G0 F12000 X168.221 Y104.077
G0 X152.827 Y104.126
G0 X152.827 Y105.221
G0 X152.48 Y148.068
G0 X152.827 Y149.237
;TIME_ELAPSED:4882.388022
;LAYER:125
;TYPE:SUPPORT
G1 F1500 E2494.12909
G1 F2400 X153.889 Y148.925 E2494.15117
G1 X154.945 Y149.233 E2494.17313
G1 X155.028 Y149.308 E2494.17536
G1 X155.283 Y149.388 E2494.18069
G1 X155.359 Y149.467 E2494.18288
G1 X155.627 Y149.557 E2494.18852
G1 X156.041 Y150.003 E2494.20067
G1 X156.323 Y150.093 E2494.20657
G1 X157.238 Y151.067 E2494.23324
G1 X157.572 Y152.161 E2494.25607
G1 X157.291 Y153.249 E2494.27849
G1 X156.532 Y154.012 E2494.29997
G1 X155.456 Y154.3 E2494.3222
G1 X154.994 Y154.158 E2494.33184
G1 X154.955 Y154.156 E2494.33262
G1 X153.903 Y153.827 E2494.35462
G1 X153.753 Y153.694 E2494.35862
G1 X153.118 Y153.492 E2494.37192
G1 X152.949 Y153.321 E2494.37672
G1 X152.86 Y153.283 E2494.37865
G1 X152.043 Y152.433 E2494.40218
G1 X151.738 Y151.347 E2494.42469
G1 X151.743 Y151.188 E2494.42786
G1 X152.056 Y150.084 E2494.45076
G1 X152.827 Y149.237 E2494.47362
G1 F1500 E2487.97362
;MESH:9VBatteryHolder_v2.stl
G0 F12000 X152.189 Y148.657
G0 X151.28 Y149.655
G0 X150.881 Y151.056
G0 X150.872 Y151.457
G0 X151.231 Y152.737
G0 X152.827 Y155.891
G0 X152.827 Y156.986
G0 X142.672 Y157.556
;TYPE:WALL-INNER
G1 F1500 E2494.47362
G1 F2400 X168.672 Y157.556 E2494.99248
G1 F2352.9 X168.846 Y157.549 E2494.99602
G0 F12000 X169.369 Y157.253
G1 F2436.5 X168.846 Y157.549 E2495.00783
G1 X169.686 Y157.57 E2495.02435
G1 F2442.7 X169.665 Y156.73 E2495.04082
G1 X169.369 Y157.253 E2495.05261
G0 F12000 X169.665 Y156.73
G1 F2358.7 X169.672 Y156.556 E2495.05614
G1 F2400 X169.672 Y112.556 E2495.93421
G1 F1500 E2489.43421
G0 F12000 X169.511 Y157.394
G0 X141.835 Y157.394
G0 X141.672 Y112.556
G1 F1500 E2495.93421
G1 F2400 X141.672 Y156.556 E2496.81228
G1 F2352.9 X141.679 Y156.73 E2496.81582
G0 F12000 X141.975 Y157.253
G1 F2436.5 X141.679 Y156.73 E2496.82764
G1 X141.658 Y157.57 E2496.84415
G1 F2487 X142.672 Y157.556 E2496.86368
G1 X141.975 Y157.253 E2496.87832
G0 F12000 X141.763 Y157.253
G0 X169.096 Y157.466
G0 X169.096 Y156.98
G1 F2400 X168.761 Y157.156 E2496.88587
G1 X142.672 Y157.156 E2497.4065
G1 X142.247 Y156.981 E2497.41568
G1 X142.072 Y156.645 E2497.42324
G1 X142.072 Y112.156 E2498.31106
G1 X141.272 Y112.156 E2498.32703
G1 X141.273 Y157.955 E2499.241
G1 X170.072 Y157.956 E2499.81571
G1 X170.072 Y112.156 E2500.7297
G1 X169.272 Y112.156 E2500.74566
G1 X169.272 Y156.645 E2501.63349
G1 X169.096 Y156.98 E2501.64104
G0 F12000 X168.87 Y156.591
;TYPE:WALL-OUTER
G1 F2400 X168.814 Y156.698 E2501.64345
G1 X168.707 Y156.754 E2501.64586
G1 X142.672 Y156.756 E2502.16542
G1 X142.53 Y156.698 E2502.16848
G1 X142.474 Y156.591 E2502.17089
G1 X142.472 Y111.756 E2503.06562
G1 X140.872 Y111.756 E2503.09755
G1 X140.873 Y158.355 E2504.02748
G1 X170.472 Y158.356 E2504.61816
G1 X170.472 Y111.756 E2505.54812
G1 X168.872 Y111.756 E2505.58005
G1 X168.87 Y156.591 E2506.47478
G1 F1500 E2499.97478
G0 F12000 X169.183 Y156.591
G0 X169.097 Y111.98
G0 X168.008 Y111.98
G0 X146.838 Y109.132
G0 X145.922 Y109.306
G1 F1500 E2506.47478
G1 F1920 X142.979 Y109.306 E2506.54819
G1 X142.989 Y108.806 E2506.56067
G1 X145.922 Y108.806 E2506.63383
G1 X145.922 Y109.306 E2506.6463
G1 F1500 E2500.1463
G0 F12000 X145.693 Y109.076
G0 X146.838 Y109.077
G0 X164.508 Y109.077
G0 X168.368 Y109.306
G1 F1500 E2506.6463
G1 F1920 X165.422 Y109.306 E2506.71979
G1 X165.422 Y108.806 E2506.73226
G1 X168.356 Y108.806 E2506.80545
G1 X168.368 Y109.306 E2506.81793
G1 F1500 E2500.31793
G0 F12000 X168.133 Y109.077
G0 X168.128 Y107.891
G0 X168.128 Y105.221
G0 X168.351 Y104.306
G1 F1500 E2506.81793
G1 F1920 X142.993 Y104.306 E2507.45049
G1 X142.975 Y103.806 E2507.46297
G1 X168.369 Y103.806 E2508.09642
G1 F1923.8 X168.351 Y104.306 E2508.10888
G1 F1500 E2501.60888
;MESH:NONMESH
G0 F300 X168.351 Y104.306 Z15.24
G0 F12000 X168.128 Y104.075
G0 X152.874 Y104.126
G0 X152.874 Y105.221
G0 X152.548 Y148.42
G0 X152.874 Y149.525
;TIME_ELAPSED:4910.869610
;LAYER:126
;TYPE:SUPPORT
G1 F1500 E2508.10888
G1 F2400 X153.883 Y149.229 E2508.12986
G1 X154.901 Y149.527 E2508.15103
G1 X154.947 Y149.56 E2508.15216
G1 X155.29 Y149.663 E2508.15931
G1 X155.363 Y149.726 E2508.16123
G1 X155.675 Y149.821 E2508.16774
G1 X156.063 Y150.238 E2508.17911
G1 X156.398 Y150.34 E2508.1861
G1 X157.278 Y151.287 E2508.21189
G1 X157.596 Y152.317 E2508.23341
G1 X157.327 Y153.353 E2508.25477
G1 X156.608 Y154.08 E2508.27517
G1 X155.585 Y154.352 E2508.2963
G1 X155.115 Y154.209 E2508.3061
G1 X155.033 Y154.215 E2508.30774
G1 X154.052 Y153.907 E2508.32826
G1 X153.958 Y153.835 E2508.33062
G1 X153.204 Y153.599 E2508.34639
G1 X153.047 Y153.443 E2508.35081
G1 X152.899 Y153.39 E2508.35394
G1 X152.128 Y152.585 E2508.37619
G1 X151.837 Y151.546 E2508.39772
G1 X151.84 Y151.402 E2508.40059
G1 X152.136 Y150.332 E2508.42275
G1 X152.874 Y149.525 E2508.44457
G1 F1500 E2501.94457
;MESH:9VBatteryHolder_v2.stl
G0 F12000 X152.236 Y148.944
G0 X151.363 Y149.903
G0 X150.979 Y151.276
G0 X150.971 Y151.655
G0 X151.316 Y152.892
G0 X152.874 Y155.891
G0 X152.874 Y156.986
G0 X142.672 Y157.556
;TYPE:WALL-INNER
G1 F1500 E2508.44457
G1 F2400 X168.672 Y157.556 E2508.96343
G1 F2352.9 X168.846 Y157.549 E2508.96697
G0 F12000 X169.369 Y157.253
G1 F2436.5 X168.846 Y157.549 E2508.97879
G1 X169.686 Y157.57 E2508.9953
G1 F2442.7 X169.665 Y156.73 E2509.01178
G1 X169.369 Y157.253 E2509.02356
G0 F12000 X169.665 Y156.73
G1 F2358.7 X169.672 Y156.556 E2509.0271
G1 F2400 X169.672 Y112.556 E2509.90517
G1 F1500 E2503.40517
G0 F12000 X169.511 Y157.394
G0 X141.835 Y157.394
G0 X141.672 Y112.556
G1 F1500 E2509.90517
G1 F2400 X141.672 Y156.556 E2510.78323
G1 F2352.9 X141.679 Y156.73 E2510.78678
G0 F12000 X141.975 Y157.253
G1 F2436.5 X141.679 Y156.73 E2510.79859
G1 X141.658 Y157.57 E2510.81511
G1 F2487 X142.672 Y157.556 E2510.83464
G1 X141.975 Y157.253 E2510.84927
G0 F12000 X141.763 Y157.253
G0 X169.096 Y157.466
G0 X169.096 Y156.98
G1 F2400 X168.761 Y157.156 E2510.85682
G1 X142.672 Y157.156 E2511.37746
G1 X142.247 Y156.981 E2511.38663
G1 X142.072 Y156.645 E2511.39419
G1 X142.072 Y112.156 E2512.28202
G1 X141.272 Y112.156 E2512.29798
G1 X141.273 Y157.955 E2513.21195
G1 X170.072 Y157.956 E2513.78667
G1 X170.072 Y112.156 E2514.70065
G1 X169.272 Y112.156 E2514.71662
G1 X169.272 Y156.645 E2515.60445
G1 X169.096 Y156.98 E2515.612
G0 F12000 X168.87 Y156.591
;TYPE:WALL-OUTER
G1 F2400 X168.814 Y156.698 E2515.61441
G1 X168.707 Y156.754 E2515.61682
G1 X142.672 Y156.756 E2516.13637
G1 X142.53 Y156.698 E2516.13943
G1 X142.474 Y156.591 E2516.14184
G1 X142.472 Y111.756 E2517.03658
G1 X140.872 Y111.756 E2517.06851
G1 X140.873 Y158.355 E2517.99844
G1 X170.472 Y158.356 E2518.58912
G1 X170.472 Y111.756 E2519.51907
G1 X168.872 Y111.756 E2519.551
G1 X168.87 Y156.591 E2520.44573
G1 F1500 E2513.94573
G0 F12000 X169.183 Y156.591
G0 X169.097 Y111.98
G0 X168.008 Y111.98
G0 X146.838 Y109.132
G0 X145.922 Y109.306
G1 F1500 E2520.44573
G1 F1920 X143.072 Y109.306 E2520.51683
G1 X143.083 Y108.806 E2520.5293
G1 X145.922 Y108.806 E2520.60012
G1 X145.922 Y109.306 E2520.61259
G1 F1500 E2514.11259
G0 F12000 X145.693 Y109.076
G0 X146.838 Y109.077
G0 X164.508 Y109.077
G0 X168.272 Y109.305
G1 F1500 E2520.61259
G1 F1920 X165.422 Y109.306 E2520.68369
G1 X165.422 Y108.806 E2520.69616
G1 X168.261 Y108.806 E2520.76698
G1 X168.272 Y109.305 E2520.77943
G1 F1500 E2514.27943
G0 F12000 X168.041 Y109.077
G0 X168.032 Y107.891
G0 X168.032 Y105.221
G0 X168.254 Y104.306
G1 F1500 E2520.77943
G1 F1920 X143.089 Y104.306 E2521.40717
G1 X143.072 Y103.806 E2521.41965
G1 X168.269 Y103.805 E2522.04819
G1 F1923.8 X168.254 Y104.306 E2522.06067
G1 F1500 E2515.56067
;MESH:NONMESH
G0 F300 X168.254 Y104.306 Z15.36
G0 F12000 X168.032 Y104.075
G0 X152.926 Y104.126
G0 X152.926 Y105.221
G0 X152.602 Y148.705
G0 X152.926 Y149.813
;TIME_ELAPSED:4939.301970
;LAYER:127
;TYPE:SUPPORT
G1 F1500 E2522.06067
G1 F2400 X153.887 Y149.537 E2522.08063
G1 X154.274 Y149.65 E2522.08867
G1 X154.315 Y149.647 E2522.08949
G1 X155.319 Y149.949 E2522.11041
G1 X155.352 Y149.974 E2522.11124
G1 X155.715 Y150.085 E2522.11882
G1 X156.078 Y150.468 E2522.12935
G1 X156.474 Y150.589 E2522.13761
G1 X157.314 Y151.48 E2522.16205
G1 X157.62 Y152.477 E2522.18286
G1 X157.364 Y153.457 E2522.20307
G1 X156.684 Y154.144 E2522.22236
G1 X155.702 Y154.403 E2522.24263
G1 X155.247 Y154.264 E2522.25212
G1 X155.136 Y154.283 E2522.25437
G1 X153.283 Y153.703 E2522.29312
G1 X153.147 Y153.573 E2522.29687
G1 X152.946 Y153.5 E2522.30114
G1 X152.212 Y152.733 E2522.32233
G1 X151.937 Y151.742 E2522.34285
G1 X151.94 Y151.602 E2522.34564
G1 X152.228 Y150.584 E2522.36676
G1 X152.926 Y149.813 E2522.38751
G1 F1500 E2515.88751
;MESH:9VBatteryHolder_v2.stl
G0 F12000 X152.286 Y149.234
G0 X151.453 Y150.155
G0 X151.078 Y151.476
G0 X151.07 Y151.854
G0 X151.401 Y153.043
G0 X152.926 Y155.891
G0 X152.926 Y156.986
G0 X142.672 Y157.556
;TYPE:WALL-INNER
G1 F1500 E2522.38751
G1 F2400 X168.672 Y157.556 E2522.90637
G1 F2352.9 X168.846 Y157.549 E2522.90991
G0 F12000 X169.369 Y157.253
G1 F2436.5 X168.846 Y157.549 E2522.92173
G1 X169.686 Y157.57 E2522.93824
G1 F2442.7 X169.665 Y156.73 E2522.95472
G1 X169.369 Y157.253 E2522.9665
G0 F12000 X169.665 Y156.73
G1 F2358.7 X169.672 Y156.556 E2522.97004
G1 F2400 X169.672 Y112.556 E2523.84811
G1 F1500 E2517.34811
G0 F12000 X169.511 Y157.394
G0 X141.835 Y157.394
G0 X141.672 Y112.556
G1 F1500 E2523.84811
G1 F2400 X141.672 Y156.556 E2524.72617
G1 F2352.9 X141.679 Y156.73 E2524.72972
G0 F12000 X141.975 Y157.253
G1 F2436.5 X141.679 Y156.73 E2524.74153
G1 X141.658 Y157.57 E2524.75805
G1 F2487 X142.672 Y157.556 E2524.77758
G1 X141.975 Y157.253 E2524.79221
G0 F12000 X141.763 Y157.253
G0 X169.096 Y157.466
G0 X169.096 Y156.98
G1 F2400 X168.761 Y157.156 E2524.79976
G1 X142.672 Y157.156 E2525.3204
G1 X142.247 Y156.981 E2525.32957
G1 X142.072 Y156.645 E2525.33713
G1 X142.072 Y112.156 E2526.22496
G1 X141.272 Y112.156 E2526.24092
G1 X141.273 Y157.955 E2527.15489
G1 X170.072 Y157.956 E2527.72961
G1 X170.072 Y112.156 E2528.64359
G1 X169.272 Y112.156 E2528.65956
G1 X169.272 Y156.645 E2529.54738
G1 X169.096 Y156.98 E2529.55494
G0 F12000 X168.87 Y156.591
;TYPE:WALL-OUTER
G1 F2400 X168.814 Y156.698 E2529.55735
G1 X168.707 Y156.754 E2529.55976
G1 X142.672 Y156.756 E2530.07931
G1 X142.53 Y156.698 E2530.08237
G1 X142.474 Y156.591 E2530.08478
G1 X142.472 Y111.756 E2530.97952
G1 X140.872 Y111.756 E2531.01145
G1 X140.873 Y158.355 E2531.94138
G1 X170.472 Y158.356 E2532.53206
G1 X170.472 Y111.756 E2533.46201
G1 X168.872 Y111.756 E2533.49394
G1 X168.87 Y156.591 E2534.38867
G1 F1500 E2527.88867
G0 F12000 X169.183 Y156.591
G0 X169.097 Y111.98
G0 X168.008 Y111.98
G0 X146.838 Y109.132
G0 X145.922 Y109.306
G1 F1500 E2534.38867
G1 F1920 X143.159 Y109.306 E2534.4576
G1 X143.175 Y108.806 E2534.47007
G1 X145.922 Y108.806 E2534.5386
G1 X145.922 Y109.306 E2534.55107
G1 F1500 E2528.05107
G0 F12000 X145.693 Y109.076
G0 X146.838 Y109.074
G0 X164.508 Y109.074
G0 X168.165 Y109.305
G1 F1500 E2534.55107
G1 F1920 X165.422 Y109.306 E2534.6195
G1 X165.422 Y108.806 E2534.63197
G1 X168.181 Y108.806 E2534.70079
G1 X168.165 Y109.305 E2534.71325
G1 F1500 E2528.21325
G0 F12000 X167.946 Y109.074
G0 X167.936 Y107.891
G0 X167.936 Y105.221
G0 X168.159 Y104.306
G1 F1500 E2534.71325
G1 F1920 X143.185 Y104.306 E2535.33623
G1 X143.167 Y103.806 E2535.34871
G1 X168.177 Y103.806 E2535.97258
G1 F1923.8 X168.159 Y104.306 E2535.98504
G1 F1500 E2529.48504
;MESH:NONMESH
G0 F300 X168.159 Y104.306 Z15.48
G0 F12000 X167.936 Y104.075
G0 X152.978 Y104.126
G0 X152.978 Y105.221
G0 X152.657 Y148.99
G0 X152.978 Y150.109
;TIME_ELAPSED:4967.687174
;LAYER:128
;TYPE:SUPPORT
G1 F1500 E2535.98504
G1 F2400 X153.91 Y149.841 E2536.00439
G1 X154.296 Y149.955 E2536.01242
G1 X154.393 Y149.945 E2536.01437
G1 X154.783 Y150.061 E2536.02249
G1 X154.815 Y150.058 E2536.02313
G1 X155.765 Y150.348 E2536.04295
G1 X156.088 Y150.699 E2536.05247
G1 X156.551 Y150.837 E2536.06211
G1 X157.35 Y151.688 E2536.08541
G1 X157.64 Y152.633 E2536.10513
G1 X157.403 Y153.561 E2536.12425
G1 X156.76 Y154.212 E2536.14251
G1 X155.83 Y154.455 E2536.16169
G1 X155.393 Y154.32 E2536.17082
G1 X155.236 Y154.351 E2536.17401
G1 X154.345 Y154.074 E2536.19263
G1 X154.241 Y154.083 E2536.19471
G1 X153.365 Y153.812 E2536.21301
G1 X153.233 Y153.688 E2536.21663
G1 X152.99 Y153.608 E2536.22173
G1 X152.296 Y152.882 E2536.24178
G1 X152.033 Y151.942 E2536.26125
G1 X152.036 Y151.802 E2536.26405
G1 X152.304 Y150.852 E2536.28375
G1 X152.978 Y150.109 E2536.30377
G1 F1500 E2529.80377
;MESH:9VBatteryHolder_v2.stl
G0 F12000 X152.339 Y149.531
G0 X151.53 Y150.424
G0 X151.177 Y151.674
G0 X151.169 Y152.052
G0 X151.488 Y153.195
G0 X152.978 Y155.891
G0 X152.978 Y156.986
G0 X142.672 Y157.556
;TYPE:WALL-INNER
G1 F1500 E2536.30377
G1 F2400 X168.672 Y157.556 E2536.82262
G1 F2352.9 X168.846 Y157.549 E2536.82617
G0 F12000 X169.369 Y157.253
G1 F2436.5 X168.846 Y157.549 E2536.83798
G1 X169.686 Y157.57 E2536.8545
G1 F2442.7 X169.665 Y156.73 E2536.87097
G1 X169.369 Y157.253 E2536.88276
G0 F12000 X169.665 Y156.73
G1 F2358.7 X169.672 Y156.556 E2536.88629
G1 F2400 X169.672 Y112.556 E2537.76436
G1 F1500 E2531.26436
G0 F12000 X169.511 Y157.394
G0 X141.835 Y157.394
G0 X141.672 Y112.556
G1 F1500 E2537.76436
G1 F2400 X141.672 Y156.556 E2538.64243
G1 F2352.9 X141.679 Y156.73 E2538.64597
G0 F12000 X141.975 Y157.253
G1 F2436.5 X141.679 Y156.73 E2538.65779
G1 X141.658 Y157.57 E2538.6743
G1 F2487 X142.672 Y157.556 E2538.69383
G1 X141.975 Y157.253 E2538.70847
G0 F12000 X141.763 Y157.253
G0 X169.096 Y157.466
G0 X169.096 Y156.98
G1 F2400 X168.761 Y157.156 E2538.71602
G1 X142.672 Y157.156 E2539.23665
G1 X142.247 Y156.981 E2539.24583
G1 X142.072 Y156.645 E2539.25339
G1 X142.072 Y112.156 E2540.14121
G1 X141.272 Y112.156 E2540.15718
G1 X141.273 Y157.955 E2541.07115
G1 X170.072 Y157.956 E2541.64586
G1 X170.072 Y112.156 E2542.55985
G1 X169.272 Y112.156 E2542.57581
G1 X169.272 Y156.645 E2543.46364
G1 X169.096 Y156.98 E2543.47119
G0 F12000 X168.87 Y156.591
;TYPE:WALL-OUTER
G1 F2400 X168.814 Y156.698 E2543.4736
G1 X168.707 Y156.754 E2543.47601
G1 X142.672 Y156.756 E2543.99557
G1 X142.53 Y156.698 E2543.99863
G1 X142.474 Y156.591 E2544.00104
G1 X142.472 Y111.756 E2544.89577
G1 X140.872 Y111.756 E2544.9277
G1 X140.873 Y158.355 E2545.85763
G1 X170.472 Y158.356 E2546.44831
G1 X170.472 Y111.756 E2547.37827
G1 X168.872 Y111.756 E2547.4102
G1 X168.87 Y156.591 E2548.30493
G1 F1500 E2541.80493
G0 F12000 X169.183 Y156.591
G0 X169.097 Y111.98
G0 X168.008 Y111.98
G0 X146.838 Y109.132
G0 X145.922 Y109.306
G1 F1500 E2548.30493
G1 F1920 X143.286 Y109.306 E2548.37068
G1 X143.262 Y108.806 E2548.38317
G1 X145.922 Y108.806 E2548.44952
G1 X145.922 Y109.306 E2548.462
G1 F1500 E2541.962
G0 F12000 X145.693 Y109.076
G0 X146.838 Y109.074
G0 X164.508 Y109.074
G0 X168.06 Y109.306
G1 F1500 E2548.462
G1 F1920 X165.422 Y109.306 E2548.5278
G1 X165.422 Y108.806 E2548.54027
G1 X168.076 Y108.805 E2548.60648
G1 F1923.8 X168.06 Y109.306 E2548.61896
G1 F1500 E2542.11896
G0 F12000 X167.838 Y109.074
G0 X167.839 Y107.891
G0 X167.839 Y105.221
G0 X168.062 Y104.306
G1 F1500 E2548.61896
G1 F1920 X143.282 Y104.306 E2549.2371
G1 X143.266 Y103.806 E2549.24958
G1 X168.078 Y103.806 E2549.86851
G1 F1923.8 X168.062 Y104.306 E2549.88097
G1 F1500 E2543.38097
;MESH:NONMESH
G0 F300 X168.062 Y104.306 Z15.6
G0 F12000 X167.839 Y104.075
G0 X153.015 Y104.126
G0 X153.015 Y105.221
G0 X152.693 Y149.292
G0 X153.015 Y150.409
;TIME_ELAPSED:4996.044464
;LAYER:129
;TYPE:SUPPORT
G1 F1500 E2549.88097
G1 F2400 X153.931 Y150.141 E2549.90001
G1 X154.335 Y150.256 E2549.9084
G1 X154.451 Y150.236 E2549.91075
G1 X154.852 Y150.356 E2549.9191
G1 X154.941 Y150.345 E2549.92089
G1 X155.813 Y150.608 E2549.93906
G1 X156.104 Y150.926 E2549.94767
G1 X156.622 Y151.084 E2549.95847
G1 X157.39 Y151.911 E2549.981
G1 X157.664 Y152.794 E2549.99945
G1 X157.439 Y153.669 E2550.01748
G1 X156.832 Y154.28 E2550.03466
G1 X155.958 Y154.508 E2550.05269
G1 X155.56 Y154.384 E2550.06101
G1 X155.335 Y154.42 E2550.06555
G1 X154.458 Y154.142 E2550.08391
G1 X154.268 Y154.175 E2550.08776
G1 X153.447 Y153.919 E2550.10492
G1 X153.334 Y153.817 E2550.10796
G1 X153.034 Y153.717 E2550.11427
G1 X152.38 Y153.03 E2550.1332
G1 X152.133 Y152.142 E2550.1516
G1 X152.136 Y152.002 E2550.15439
G1 X152.388 Y151.1 E2550.17308
G1 X153.015 Y150.409 E2550.1917
G1 F1500 E2543.6917
;MESH:9VBatteryHolder_v2.stl
G0 F12000 X152.375 Y149.832
G0 X151.613 Y150.675
G0 X151.276 Y151.874
G0 X151.268 Y152.251
G0 X151.572 Y153.348
G0 X153.015 Y155.891
G0 X153.015 Y156.986
G0 X142.672 Y157.556
;TYPE:WALL-INNER
G1 F1500 E2550.1917
G1 F2400 X168.672 Y157.556 E2550.71056
G1 F2352.9 X168.846 Y157.549 E2550.7141
G0 F12000 X169.369 Y157.253
G1 F2436.5 X168.846 Y157.549 E2550.72592
G1 X169.686 Y157.57 E2550.74243
G1 F2442.7 X169.665 Y156.73 E2550.75891
G1 X169.369 Y157.253 E2550.77069
G0 F12000 X169.665 Y156.73
G1 F2358.7 X169.672 Y156.556 E2550.77423
G1 F2400 X169.672 Y112.556 E2551.65229
G1 F1500 E2545.15229
G0 F12000 X169.511 Y157.394
G0 X141.835 Y157.394
G0 X141.672 Y112.556
G1 F1500 E2551.65229
G1 F2400 X141.672 Y156.556 E2552.53036
G1 F2352.9 X141.679 Y156.73 E2552.53391
G0 F12000 X141.975 Y157.253
G1 F2436.5 X141.679 Y156.73 E2552.54572
G1 X141.658 Y157.57 E2552.56224
G1 F2487 X142.672 Y157.556 E2552.58176
G1 X141.975 Y157.253 E2552.5964
G0 F12000 X141.763 Y157.253
G0 X169.096 Y157.466
G0 X169.096 Y156.98
G1 F2400 X168.761 Y157.156 E2552.60395
G1 X142.672 Y157.156 E2553.12459
G1 X142.247 Y156.981 E2553.13376
G1 X142.072 Y156.645 E2553.14132
G1 X142.072 Y112.156 E2554.02915
G1 X141.272 Y112.156 E2554.04511
G1 X141.273 Y157.955 E2554.95908
G1 X170.072 Y157.956 E2555.53379
G1 X170.072 Y112.156 E2556.44778
G1 X169.272 Y112.156 E2556.46375
G1 X169.272 Y156.645 E2557.35157
G1 X169.096 Y156.98 E2557.35912
G0 F12000 X168.87 Y156.591
;TYPE:WALL-OUTER
G1 F2400 X168.814 Y156.698 E2557.36153
G1 X168.707 Y156.754 E2557.36395
G1 X142.672 Y156.756 E2557.8835
G1 X142.53 Y156.698 E2557.88656
G1 X142.474 Y156.591 E2557.88897
G1 X142.472 Y111.756 E2558.7837
G1 X140.872 Y111.756 E2558.81563
G1 X140.873 Y158.355 E2559.74557
G1 X170.472 Y158.356 E2560.33625
G1 X170.472 Y111.756 E2561.2662
G1 X168.872 Y111.756 E2561.29813
G1 X168.87 Y156.591 E2562.19286
G1 F1500 E2555.69286
G0 F12000 X169.183 Y156.591
G0 X169.097 Y111.98
G0 X168.008 Y111.98
G0 X146.838 Y109.132
G0 X145.922 Y109.306
G1 F1500 E2562.19286
G1 F1920 X143.395 Y109.306 E2562.2559
G1 X143.373 Y108.806 E2562.26838
G1 X145.922 Y108.806 E2562.33197
G1 X145.922 Y109.306 E2562.34444
G1 F1500 E2555.84444
G0 F12000 X145.693 Y109.076
G0 X146.838 Y109.074
G0 X164.508 Y109.074
G0 X167.952 Y109.306
G1 F1500 E2562.34444
G1 F1920 X165.422 Y109.306 E2562.40755
G1 X165.422 Y108.806 E2562.42002
G1 X167.972 Y108.806 E2562.48363
G1 F1923.8 X167.952 Y109.306 E2562.49609
G1 F1500 E2555.99609
G0 F12000 X167.73 Y109.074
G0 X167.743 Y107.891
G0 X167.743 Y105.221
G0 X167.967 Y104.306
G1 F1500 E2562.49609
G1 F1920 X143.377 Y104.306 E2563.10949
G1 X143.359 Y103.806 E2563.12197
G1 X167.985 Y103.806 E2563.73627
G1 F1923.8 X167.967 Y104.306 E2563.74872
G1 F1500 E2557.24872
;MESH:NONMESH
G0 F300 X167.967 Y104.306 Z15.72
G0 F12000 X167.743 Y104.075
G0 X153.059 Y104.126
G0 X153.059 Y105.221
G0 X152.735 Y149.594
G0 X153.059 Y150.7
;TIME_ELAPSED:5024.365419
;LAYER:130
;TYPE:SUPPORT
G1 F1500 E2563.74872
G1 F2400 X153.939 Y150.441 E2563.76703
G1 X154.345 Y150.564 E2563.7755
G1 X154.509 Y150.529 E2563.77884
G1 X154.9 Y150.647 E2563.78699
G1 X155.039 Y150.621 E2563.78982
G1 X155.857 Y150.876 E2563.80691
G1 X156.117 Y151.155 E2563.81453
G1 X156.695 Y151.332 E2563.82659
G1 X157.43 Y152.108 E2563.84792
G1 X157.692 Y152.942 E2563.86536
G1 X157.479 Y153.774 E2563.8825
G1 X156.908 Y154.351 E2563.8987
G1 X156.09 Y154.56 E2563.91555
G1 X155.675 Y154.43 E2563.92423
G1 X155.437 Y154.491 E2563.92913
G1 X154.548 Y154.201 E2563.94779
G1 X154.298 Y154.27 E2563.95297
G1 X153.537 Y154.029 E2563.9689
G1 X153.449 Y153.945 E2563.97133
G1 X153.081 Y153.827 E2563.97904
G1 X152.464 Y153.175 E2563.99695
G1 X152.233 Y152.338 E2564.01428
G1 X152.236 Y152.198 E2564.01707
G1 X152.473 Y151.352 E2564.03461
G1 X153.059 Y150.7 E2564.0521
G1 F1500 E2557.5521
;MESH:9VBatteryHolder_v2.stl
G0 F12000 X152.418 Y150.124
G0 X151.697 Y150.924
G0 X151.375 Y152.071
G0 X151.367 Y152.448
G0 X151.658 Y153.498
G0 X153.059 Y155.891
G0 X153.059 Y156.986
G0 X142.672 Y157.556
;TYPE:WALL-INNER
G1 F1500 E2564.0521
G1 F2400 X168.672 Y157.556 E2564.57096
G1 F2352.9 X168.846 Y157.549 E2564.5745
G0 F12000 X169.369 Y157.253
G1 F2436.5 X168.846 Y157.549 E2564.58632
G1 X169.686 Y157.57 E2564.60283
G1 F2442.7 X169.665 Y156.73 E2564.61931
G1 X169.369 Y157.253 E2564.63109
G0 F12000 X169.665 Y156.73
G1 F2358.7 X169.672 Y156.556 E2564.63463
G1 F2400 X169.672 Y112.556 E2565.5127
G1 F1500 E2559.0127
G0 F12000 X169.511 Y157.394
G0 X141.835 Y157.394
G0 X141.672 Y112.556
G1 F1500 E2565.5127
G1 F2400 X141.672 Y156.556 E2566.39076
G1 F2352.9 X141.679 Y156.73 E2566.39431
G0 F12000 X141.975 Y157.253
G1 F2436.5 X141.679 Y156.73 E2566.40612
G1 X141.658 Y157.57 E2566.42264
G1 F2487 X142.672 Y157.556 E2566.44217
G1 X141.975 Y157.253 E2566.4568
G0 F12000 X141.763 Y157.253
G0 X169.096 Y157.466
G0 X169.096 Y156.98
G1 F2400 X168.761 Y157.156 E2566.46435
G1 X142.672 Y157.156 E2566.98499
G1 X142.247 Y156.981 E2566.99416
G1 X142.072 Y156.645 E2567.00172
G1 X142.072 Y112.156 E2567.88955
G1 X141.272 Y112.156 E2567.90551
G1 X141.273 Y157.955 E2568.81948
G1 X170.072 Y157.956 E2569.3942
G1 X170.072 Y112.156 E2570.30818
G1 X169.272 Y112.156 E2570.32415
G1 X169.272 Y156.645 E2571.21198
G1 X169.096 Y156.98 E2571.21953
G0 F12000 X168.87 Y156.591
;TYPE:WALL-OUTER
G1 F2400 X168.814 Y156.698 E2571.22194
G1 X168.707 Y156.754 E2571.22435
G1 X142.672 Y156.756 E2571.7439
G1 X142.53 Y156.698 E2571.74696
G1 X142.474 Y156.591 E2571.74937
G1 X142.472 Y111.756 E2572.64411
G1 X140.872 Y111.756 E2572.67604
G1 X140.873 Y158.355 E2573.60597
G1 X170.472 Y158.356 E2574.19665
G1 X170.472 Y111.756 E2575.1266
G1 X168.872 Y111.756 E2575.15853
G1 X168.87 Y156.591 E2576.05326
G1 F1500 E2569.55326
G0 F12000 X169.183 Y156.591
G0 X169.097 Y111.98
G0 X168.008 Y111.98
G0 X146.838 Y109.132
G0 X145.922 Y109.306
G1 F1500 E2576.05326
G1 F1920 X143.504 Y109.306 E2576.11358
G1 X143.484 Y108.806 E2576.12606
G1 X145.922 Y108.806 E2576.18688
G1 X145.922 Y109.306 E2576.19935
G1 F1500 E2569.69935
G0 F12000 X145.693 Y109.076
G0 X146.838 Y109.074
G0 X164.508 Y109.074
G0 X167.84 Y109.306
G1 F1500 E2576.19935
G1 F1920 X165.422 Y109.306 E2576.25967
G1 X165.422 Y108.806 E2576.27214
G1 X167.86 Y108.806 E2576.33296
G1 F1923.8 X167.84 Y109.306 E2576.34541
G1 F1500 E2569.84541
G0 F12000 X167.619 Y109.074
G0 X167.632 Y107.891
G0 X167.632 Y105.221
G0 X167.868 Y104.306
G1 F1500 E2576.34541
G1 F1920 X143.476 Y104.306 E2576.95388
G1 X143.496 Y103.806 E2576.96636
G1 X167.848 Y103.806 E2577.57382
G1 X167.868 Y104.306 E2577.5863
G1 F1500 E2571.0863
;MESH:NONMESH
G0 F300 X167.868 Y104.306 Z15.84
G0 F12000 X167.632 Y104.077
G0 X153.107 Y104.126
G0 X153.107 Y105.221
G0 X152.779 Y149.885
G0 X153.107 Y150.992
;TIME_ELAPSED:5052.658871
;LAYER:131
;TYPE:SUPPORT
G1 F1500 E2577.5863
G1 F2400 X153.953 Y150.741 E2577.60391
G1 X154.348 Y150.857 E2577.61213
G1 X154.56 Y150.821 E2577.61642
G1 X154.94 Y150.935 E2577.62434
G1 X155.138 Y150.9 E2577.62835
G1 X155.905 Y151.136 E2577.64437
G1 X156.134 Y151.384 E2577.6511
G1 X156.773 Y151.58 E2577.66444
G1 X157.462 Y152.327 E2577.68472
G1 X157.704 Y153.11 E2577.70107
G1 X157.511 Y153.874 E2577.7168
G1 X156.976 Y154.42 E2577.73205
G1 X156.215 Y154.615 E2577.74773
G1 X155.817 Y154.486 E2577.75608
G1 X155.537 Y154.559 E2577.76186
G1 X154.65 Y154.272 E2577.78046
G1 X154.331 Y154.362 E2577.78707
G1 X153.619 Y154.137 E2577.80198
G1 X153.545 Y154.071 E2577.80396
G1 X153.126 Y153.936 E2577.81274
G1 X152.548 Y153.326 E2577.82951
G1 X152.333 Y152.539 E2577.84579
G1 X152.336 Y152.394 E2577.84869
G1 X152.556 Y151.6 E2577.86513
G1 X153.107 Y150.992 E2577.8815
G1 F1500 E2571.3815
;MESH:9VBatteryHolder_v2.stl
G0 F12000 X152.463 Y150.415
G0 X151.781 Y151.175
G0 X151.474 Y152.27
G0 X151.466 Y152.648
G0 X151.743 Y153.652
G0 X153.107 Y155.891
G0 X153.107 Y156.986
G0 X142.672 Y157.556
;TYPE:WALL-INNER
G1 F1500 E2577.8815
G1 F2400 X168.672 Y157.556 E2578.40036
G1 F2352.9 X168.846 Y157.549 E2578.4039
G0 F12000 X169.369 Y157.253
G1 F2436.5 X168.846 Y157.549 E2578.41572
G1 X169.686 Y157.57 E2578.43223
G1 F2442.7 X169.665 Y156.73 E2578.44871
G1 X169.369 Y157.253 E2578.46049
G0 F12000 X169.665 Y156.73
G1 F2358.7 X169.672 Y156.556 E2578.46403
G1 F2400 X169.672 Y112.556 E2579.3421
G1 F1500 E2572.8421
G0 F12000 X169.511 Y157.394
G0 X141.835 Y157.394
G0 X141.672 Y112.556
G1 F1500 E2579.3421
G1 F2400 X141.672 Y156.556 E2580.22016
G1 F2352.9 X141.679 Y156.73 E2580.22371
G0 F12000 X141.975 Y157.253
G1 F2436.5 X141.679 Y156.73 E2580.23552
G1 X141.658 Y157.57 E2580.25204
G1 F2487 X142.672 Y157.556 E2580.27157
G1 X141.975 Y157.253 E2580.2862
G0 F12000 X141.763 Y157.253
G0 X169.096 Y157.466
G0 X169.096 Y156.98
G1 F2400 X168.761 Y157.156 E2580.29375
G1 X142.672 Y157.156 E2580.81439
G1 X142.247 Y156.981 E2580.82356
G1 X142.072 Y156.645 E2580.83112
G1 X142.072 Y112.156 E2581.71895
G1 X141.272 Y112.156 E2581.73491
G1 X141.273 Y157.955 E2582.64888
G1 X170.072 Y157.956 E2583.2236
G1 X170.072 Y112.156 E2584.13758
G1 X169.272 Y112.156 E2584.15355
G1 X169.272 Y156.645 E2585.04137
G1 X169.096 Y156.98 E2585.04893
G0 F12000 X168.87 Y156.591
;TYPE:WALL-OUTER
G1 F2400 X168.814 Y156.698 E2585.05134
G1 X168.707 Y156.754 E2585.05375
G1 X142.672 Y156.756 E2585.5733
G1 X142.53 Y156.698 E2585.57636
G1 X142.474 Y156.591 E2585.57877
G1 X142.472 Y111.756 E2586.47351
G1 X140.872 Y111.756 E2586.50544
G1 X140.873 Y158.355 E2587.43537
G1 X170.472 Y158.356 E2588.02605
G1 X170.472 Y111.756 E2588.956
G1 X168.872 Y111.756 E2588.98793
G1 X168.87 Y156.591 E2589.88266
G1 F1500 E2583.38266
G0 F12000 X169.183 Y156.591
G0 X169.097 Y111.98
G0 X168.008 Y111.98
G0 X146.838 Y109.132
G0 X145.922 Y109.306
G1 F1500 E2589.88266
G1 F1920 X143.611 Y109.306 E2589.94031
G1 X143.592 Y108.806 E2589.95279
G1 X145.922 Y108.806 E2590.01091
G1 X145.922 Y109.306 E2590.02339
G1 F1500 E2583.52339
G0 F12000 X145.693 Y109.076
G0 X146.838 Y109.074
G0 X164.508 Y109.074
G0 X167.733 Y109.306
G1 F1500 E2590.02339
G1 F1920 X165.422 Y109.306 E2590.08104
G1 X165.422 Y108.806 E2590.09351
G1 X167.752 Y108.806 E2590.15163
G1 X167.733 Y109.306 E2590.16411
G1 F1500 E2583.66411
G0 F12000 X167.513 Y109.074
G0 X167.511 Y107.891
G0 X167.511 Y105.221
G0 X167.748 Y104.306
G1 F1500 E2590.16411
G1 F1920 X143.596 Y104.306 E2590.76659
G1 X143.616 Y103.806 E2590.77907
G1 X167.728 Y103.806 E2591.38054
G1 X167.748 Y104.306 E2591.39303
G1 F1500 E2584.89303
;MESH:NONMESH
G0 F300 X167.748 Y104.306 Z15.96
G0 F12000 X167.511 Y104.077
G0 X153.152 Y104.126
G0 X153.152 Y105.221
G0 X152.824 Y150.174
G0 X153.152 Y151.28
;TIME_ELAPSED:5080.903479
;LAYER:132
;TYPE:SUPPORT
G1 F1500 E2591.39303
G1 F2400 X153.956 Y151.037 E2591.40979
G1 X154.398 Y151.17 E2591.419
G1 X154.614 Y151.113 E2591.42346
G1 X155.002 Y151.234 E2591.43157
G1 X155.234 Y151.18 E2591.43632
G1 X155.954 Y151.404 E2591.45137
G1 X156.153 Y151.604 E2591.457
G1 X156.842 Y151.824 E2591.47143
G1 X157.498 Y152.524 E2591.49058
G1 X157.732 Y153.266 E2591.5061
G1 X157.551 Y153.981 E2591.52082
G1 X157.052 Y154.484 E2591.53496
G1 X156.342 Y154.668 E2591.5496
G1 X155.954 Y154.544 E2591.55773
G1 X155.635 Y154.627 E2591.56431
G1 X154.948 Y154.404 E2591.57872
G1 X154.783 Y154.332 E2591.58231
G1 X154.36 Y154.451 E2591.59108
G1 X153.705 Y154.242 E2591.6048
G1 X153.645 Y154.192 E2591.60636
G1 X153.165 Y154.04 E2591.61641
G1 X152.632 Y153.478 E2591.63187
G1 X152.43 Y152.744 E2591.64706
G1 X152.435 Y152.596 E2591.65001
G1 X152.645 Y151.847 E2591.66554
G1 X153.152 Y151.28 E2591.68072
G1 F1500 E2585.18072
;MESH:9VBatteryHolder_v2.stl
G0 F12000 X152.508 Y150.704
G0 X151.865 Y151.423
G0 X151.574 Y152.467
G0 X151.565 Y152.845
G0 X151.829 Y153.809
G0 X153.152 Y155.891
G0 X153.152 Y156.986
G0 X142.672 Y157.556
;TYPE:WALL-INNER
G1 F1500 E2591.68072
G1 F2400 X168.672 Y157.556 E2592.19957
G1 F2352.9 X168.846 Y157.549 E2592.20312
G0 F12000 X169.369 Y157.253
G1 F2436.5 X168.846 Y157.549 E2592.21493
G1 X169.686 Y157.57 E2592.23145
G1 F2442.7 X169.665 Y156.73 E2592.24792
G1 X169.369 Y157.253 E2592.25971
G0 F12000 X169.665 Y156.73
G1 F2358.7 X169.672 Y156.556 E2592.26324
G1 F2400 X169.672 Y112.556 E2593.14131
G1 F1500 E2586.64131
G0 F12000 X169.511 Y157.394
G0 X141.835 Y157.394
G0 X141.672 Y112.556
G1 F1500 E2593.14131
G1 F2400 X141.672 Y156.556 E2594.01938
G1 F2352.9 X141.679 Y156.73 E2594.02292
G0 F12000 X141.975 Y157.253
G1 F2436.5 X141.679 Y156.73 E2594.03473
G1 X141.658 Y157.57 E2594.05125
G1 F2487 X142.672 Y157.556 E2594.07078
G1 X141.975 Y157.253 E2594.08542
G0 F12000 X141.763 Y157.253
G0 X169.096 Y157.466
G0 X169.096 Y156.98
G1 F2400 X168.761 Y157.156 E2594.09297
G1 X142.672 Y157.156 E2594.6136
G1 X142.247 Y156.981 E2594.62277
G1 X142.072 Y156.645 E2594.63033
G1 X142.072 Y112.156 E2595.51816
G1 X141.272 Y112.156 E2595.53413
G1 X141.273 Y157.955 E2596.44809
G1 X170.072 Y157.956 E2597.02281
G1 X170.072 Y112.156 E2597.9368
G1 X169.272 Y112.156 E2597.95276
G1 X169.272 Y156.645 E2598.84059
G1 X169.096 Y156.98 E2598.84814
G0 F12000 X168.87 Y156.591
;TYPE:WALL-OUTER
G1 F2400 X168.814 Y156.698 E2598.85055
G1 X168.707 Y156.754 E2598.85296
G1 X142.672 Y156.756 E2599.37252
G1 X142.53 Y156.698 E2599.37558
G1 X142.474 Y156.591 E2599.37799
G1 X142.472 Y111.756 E2600.27272
G1 X140.872 Y111.756 E2600.30465
G1 X140.873 Y158.355 E2601.23458
G1 X170.472 Y158.356 E2601.82526
G1 X170.472 Y111.756 E2602.75522
G1 X168.872 Y111.756 E2602.78715
G1 X168.87 Y156.591 E2603.68188
G1 F1500 E2597.18188
G0 F12000 X169.183 Y156.591
G0 X169.097 Y111.98
G0 X168.008 Y111.98
G0 X146.838 Y109.132
G0 X145.922 Y109.306
G1 F1500 E2603.68188
G1 F1920 X143.703 Y109.306 E2603.73723
G1 X143.719 Y108.806 E2603.74971
G1 X145.922 Y108.806 E2603.80466
G1 X145.922 Y109.306 E2603.81714
G1 F1500 E2597.31714
G0 F12000 X145.693 Y109.076
G0 X146.838 Y109.075
G0 X164.508 Y109.075
G0 X167.642 Y109.306
G1 F1500 E2603.81714
G1 F1920 X165.422 Y109.306 E2603.87251
G1 X165.422 Y108.806 E2603.88499
G1 X167.625 Y108.806 E2603.93994
G1 X167.642 Y109.306 E2603.95242
G1 F1500 E2597.45242
G0 F12000 X167.405 Y109.075
G0 X167.393 Y107.891
G0 X167.393 Y105.221
G0 X167.631 Y104.306
G1 F1500 E2603.95242
G1 F1920 X143.713 Y104.306 E2604.54906
G1 X143.735 Y103.806 E2604.56154
G1 X167.609 Y103.806 E2605.15708
G1 X167.631 Y104.306 E2605.16957
G1 F1500 E2598.66957
;MESH:NONMESH
G0 F300 X167.631 Y104.306 Z16.08
G0 F12000 X167.393 Y104.077
G0 X153.197 Y104.126
G0 X153.197 Y105.221
G0 X152.866 Y150.464
G0 X153.197 Y151.568
;TIME_ELAPSED:5109.111059
;LAYER:133
;TYPE:SUPPORT
G1 F1500 E2605.16957
G1 F2400 X153.955 Y151.34 E2605.18536
G1 X154.412 Y151.473 E2605.19486
G1 X154.665 Y151.409 E2605.20007
G1 X155.038 Y151.519 E2605.20783
G1 X155.342 Y151.453 E2605.21404
G1 X155.997 Y151.663 E2605.22776
G1 X156.164 Y151.84 E2605.23262
G1 X156.913 Y152.075 E2605.24828
G1 X157.543 Y152.748 E2605.26668
G1 X157.756 Y153.419 E2605.28073
G1 X157.587 Y154.09 E2605.29454
G1 X157.132 Y154.551 E2605.30746
G1 X156.471 Y154.72 E2605.32108
G1 X156.098 Y154.599 E2605.32891
G1 X155.734 Y154.695 E2605.33642
G1 X155.103 Y154.489 E2605.34966
G1 X155.033 Y154.425 E2605.35156
G1 X154.89 Y154.399 E2605.35446
G1 X154.395 Y154.543 E2605.36475
G1 X153.773 Y154.345 E2605.37777
G1 X153.739 Y154.319 E2605.37863
G1 X153.21 Y154.152 E2605.3897
G1 X152.716 Y153.627 E2605.40408
G1 X152.53 Y152.944 E2605.41821
G1 X152.536 Y152.792 E2605.42124
G1 X152.729 Y152.098 E2605.43562
G1 X153.197 Y151.568 E2605.44973
G1 F1500 E2598.94973
;MESH:9VBatteryHolder_v2.stl
G0 F12000 X152.552 Y150.996
G0 X151.95 Y151.674
G0 X151.673 Y152.666
G0 X151.664 Y153.047
G0 X151.913 Y153.961
G0 X153.197 Y155.891
G0 X153.197 Y156.986
G0 X142.672 Y157.556
;TYPE:WALL-INNER
G1 F1500 E2605.44973
G1 F2400 X168.672 Y157.556 E2605.96859
G1 F2352.9 X168.846 Y157.549 E2605.97213
G0 F12000 X169.369 Y157.253
G1 F2436.5 X168.846 Y157.549 E2605.98395
G1 X169.686 Y157.57 E2606.00046
G1 F2442.7 X169.665 Y156.73 E2606.01694
G1 X169.369 Y157.253 E2606.02872
G0 F12000 X169.665 Y156.73
G1 F2358.7 X169.672 Y156.556 E2606.03226
G1 F2400 X169.672 Y112.556 E2606.91032
G1 F1500 E2600.41032
G0 F12000 X169.511 Y157.394
G0 X141.835 Y157.394
G0 X141.672 Y112.556
G1 F1500 E2606.91032
G1 F2400 X141.672 Y156.556 E2607.78839
G1 F2352.9 X141.679 Y156.73 E2607.79194
G0 F12000 X141.975 Y157.253
G1 F2436.5 X141.679 Y156.73 E2607.80375
G1 X141.658 Y157.57 E2607.82026
G1 F2487 X142.672 Y157.556 E2607.83979
G1 X141.975 Y157.253 E2607.85443
G0 F12000 X141.763 Y157.253
G0 X169.096 Y157.466
G0 X169.096 Y156.98
G1 F2400 X168.761 Y157.156 E2607.86198
G1 X142.672 Y157.156 E2608.38262
G1 X142.247 Y156.981 E2608.39179
G1 X142.072 Y156.645 E2608.39935
G1 X142.072 Y112.156 E2609.28717
G1 X141.272 Y112.156 E2609.30314
G1 X141.273 Y157.955 E2610.21711
G1 X170.072 Y157.956 E2610.79182
G1 X170.072 Y112.156 E2611.70581
G1 X169.272 Y112.156 E2611.72178
G1 X169.272 Y156.645 E2612.6096
G1 X169.096 Y156.98 E2612.61715
G0 F12000 X168.87 Y156.591
;TYPE:WALL-OUTER
G1 F2400 X168.814 Y156.698 E2612.61956
G1 X168.707 Y156.754 E2612.62197
G1 X142.672 Y156.756 E2613.14153
G1 X142.53 Y156.698 E2613.14459
G1 X142.474 Y156.591 E2613.147
G1 X142.472 Y111.756 E2614.04173
G1 X140.872 Y111.756 E2614.07366
G1 X140.873 Y158.355 E2615.0036
G1 X170.472 Y158.356 E2615.59428
G1 X170.472 Y111.756 E2616.52423
G1 X168.872 Y111.756 E2616.55616
G1 X168.87 Y156.591 E2617.45089
G1 F1500 E2610.95089
G0 F12000 X169.183 Y156.591
G0 X169.097 Y111.98
G0 X168.008 Y111.98
G0 X146.838 Y109.132
G0 X145.922 Y109.306
G1 F1500 E2617.45089
G1 F1920 X143.826 Y109.306 E2617.50318
G1 X143.842 Y108.806 E2617.51565
G1 X145.922 Y108.806 E2617.56754
G1 X145.922 Y109.306 E2617.58001
G1 F1500 E2611.08001
G0 F12000 X145.693 Y109.076
G0 X146.838 Y109.077
G0 X164.508 Y109.077
G0 X167.518 Y109.306
G1 F1500 E2617.58001
G1 F1920 X165.422 Y109.306 E2617.6323
G1 X165.422 Y108.806 E2617.64477
G1 X167.502 Y108.806 E2617.69666
G1 X167.518 Y109.306 E2617.70913
G1 F1500 E2611.20913
G0 F12000 X167.282 Y109.077
G0 X167.272 Y107.891
G0 X167.272 Y105.221
G0 X167.51 Y104.305
G1 F1500 E2617.70913
G1 F1920 X143.833 Y104.306 E2618.29976
G1 X143.855 Y103.806 E2618.31224
G1 X167.489 Y103.806 E2618.9018
G1 X167.51 Y104.305 E2618.91426
G1 F1500 E2612.41426
;MESH:NONMESH
G0 F300 X167.51 Y104.305 Z16.2
G0 F12000 X167.272 Y104.077
G0 X153.241 Y104.126
G0 X153.241 Y105.221
G0 X152.911 Y150.753
G0 X153.241 Y151.859
;TIME_ELAPSED:5137.265706
;LAYER:134
;TYPE:SUPPORT
G1 F1500 E2618.91426
G1 F2400 X153.835 Y151.677 E2618.92665
G1 X154.054 Y151.661 E2618.93104
G1 X154.417 Y151.767 E2618.93858
G1 X154.713 Y151.701 E2618.94463
G1 X155.096 Y151.82 E2618.95264
G1 X155.442 Y151.733 E2618.95976
G1 X156.044 Y151.923 E2618.97236
G1 X156.255 Y152.121 E2618.97813
G1 X156.369 Y152.128 E2618.98041
G1 X156.988 Y152.323 E2618.99336
G1 X157.583 Y152.975 E2619.01097
G1 X157.78 Y153.58 E2619.02367
G1 X157.627 Y154.19 E2619.03622
G1 X157.204 Y154.619 E2619.04825
G1 X156.604 Y154.771 E2619.0606
G1 X156.243 Y154.654 E2619.06817
G1 X155.835 Y154.763 E2619.0766
G1 X155.251 Y154.569 E2619.08888
G1 X155.129 Y154.471 E2619.092
G1 X155.045 Y154.46 E2619.09369
G1 X154.423 Y154.635 E2619.10659
G1 X153.259 Y154.265 E2619.13096
G1 X152.797 Y153.772 E2619.14444
G1 X152.629 Y153.139 E2619.15751
G1 X152.632 Y152.985 E2619.16059
G1 X152.809 Y152.347 E2619.1738
G1 X153.241 Y151.859 E2619.18681
G1 F1500 E2612.68681
;MESH:9VBatteryHolder_v2.stl
G0 F12000 X152.596 Y151.287
G0 X152.031 Y151.924
G0 X151.771 Y152.866
G0 X151.762 Y153.244
G0 X151.997 Y154.112
G0 X153.241 Y155.891
G0 X153.241 Y156.986
G0 X142.672 Y157.556
;TYPE:WALL-INNER
G1 F1500 E2619.18681
G1 F2400 X168.672 Y157.556 E2619.70566
G1 F2352.9 X168.846 Y157.549 E2619.70921
G0 F12000 X169.369 Y157.253
G1 F2436.5 X168.846 Y157.549 E2619.72102
G1 X169.686 Y157.57 E2619.73754
G1 F2442.7 X169.665 Y156.73 E2619.75401
G1 X169.369 Y157.253 E2619.7658
G0 F12000 X169.665 Y156.73
G1 F2358.7 X169.672 Y156.556 E2619.76933
G1 F2400 X169.672 Y112.556 E2620.6474
G1 F1500 E2614.1474
G0 F12000 X169.511 Y157.394
G0 X141.835 Y157.394
G0 X141.672 Y112.556
G1 F1500 E2620.6474
G1 F2400 X141.672 Y156.556 E2621.52547
G1 F2352.9 X141.679 Y156.73 E2621.52901
G0 F12000 X141.975 Y157.253
G1 F2436.5 X141.679 Y156.73 E2621.54083
G1 X141.658 Y157.57 E2621.55734
G1 F2487 X142.672 Y157.556 E2621.57687
G1 X141.975 Y157.253 E2621.59151
G0 F12000 X141.763 Y157.253
G0 X169.096 Y157.466
G0 X169.096 Y156.98
G1 F2400 X168.761 Y157.156 E2621.59906
G1 X142.672 Y157.156 E2622.11969
G1 X142.247 Y156.981 E2622.12887
G1 X142.072 Y156.645 E2622.13643
G1 X142.072 Y112.156 E2623.02425
G1 X141.272 Y112.156 E2623.04022
G1 X141.273 Y157.955 E2623.95418
G1 X170.072 Y157.956 E2624.5289
G1 X170.072 Y112.156 E2625.44289
G1 X169.272 Y112.156 E2625.45885
G1 X169.272 Y156.645 E2626.34668
G1 X169.096 Y156.98 E2626.35423
G0 F12000 X168.87 Y156.591
;TYPE:WALL-OUTER
G1 F2400 X168.814 Y156.698 E2626.35664
G1 X168.707 Y156.754 E2626.35905
G1 X142.672 Y156.756 E2626.87861
G1 X142.53 Y156.698 E2626.88167
G1 X142.474 Y156.591 E2626.88408
G1 X142.472 Y111.756 E2627.77881
G1 X140.872 Y111.756 E2627.81074
G1 X140.873 Y158.355 E2628.74067
G1 X170.472 Y158.356 E2629.33135
G1 X170.472 Y111.756 E2630.26131
G1 X168.872 Y111.756 E2630.29324
G1 X168.87 Y156.591 E2631.18797
G1 F1500 E2624.68797
G0 F12000 X169.183 Y156.591
G0 X169.097 Y111.98
G0 X168.008 Y111.98
G0 X146.838 Y109.132
G0 X145.922 Y109.306
G1 F1500 E2631.18797
G1 F1920 X143.953 Y109.306 E2631.23708
G1 X143.967 Y108.806 E2631.24956
G1 X145.922 Y108.806 E2631.29833
G1 X145.922 Y109.306 E2631.3108
G1 F1500 E2624.8108
G0 F12000 X145.693 Y109.076
G0 X146.838 Y109.077
G0 X164.508 Y109.077
G0 X167.39 Y109.306
G1 F1500 E2631.3108
G1 F1920 X165.422 Y109.306 E2631.35989
G1 X165.422 Y108.806 E2631.37237
G1 X167.374 Y108.806 E2631.42106
G1 X167.39 Y109.306 E2631.43354
G1 F1500 E2624.93354
G0 F12000 X167.156 Y109.077
G0 X167.145 Y107.891
G0 X167.145 Y105.221
G0 X167.367 Y104.306
G1 F1500 E2631.43354
G1 F1920 X143.977 Y104.306 E2632.017
G1 X143.958 Y103.806 E2632.02949
G1 X167.386 Y103.805 E2632.6139
G1 F1923.8 X167.367 Y104.306 E2632.62638
G1 F1500 E2626.12638
;MESH:NONMESH
G0 F300 X167.367 Y104.306 Z16.32
G0 F12000 X167.145 Y104.075
G0 X153.289 Y104.126
G0 X153.289 Y105.221
G0 X152.955 Y151.043
G0 X153.289 Y152.143
;TIME_ELAPSED:5165.373044
;LAYER:135
;TYPE:SUPPORT
G1 F1500 E2632.62638
G1 F2400 X153.826 Y151.981 E2632.63757
G1 X154.047 Y151.965 E2632.642
G1 X154.439 Y152.078 E2632.65014
G1 X154.761 Y151.997 E2632.65676
G1 X155.127 Y152.116 E2632.66444
G1 X155.542 Y152.009 E2632.673
G1 X156.092 Y152.187 E2632.68453
G1 X156.331 Y152.405 E2632.69099
G1 X156.503 Y152.389 E2632.69444
G1 X157.065 Y152.567 E2632.7062
G1 X157.615 Y153.16 E2632.72234
G1 X157.804 Y153.74 E2632.73451
G1 X157.667 Y154.29 E2632.74583
G1 X157.276 Y154.687 E2632.75695
G1 X156.732 Y154.824 E2632.76814
G1 X156.388 Y154.711 E2632.77537
G1 X155.936 Y154.827 E2632.78468
G1 X155.399 Y154.649 E2632.79597
G1 X155.263 Y154.536 E2632.7995
G1 X155.182 Y154.524 E2632.80113
G1 X154.463 Y154.727 E2632.81604
G1 X153.873 Y154.539 E2632.8284
G1 X153.845 Y154.539 E2632.82896
G1 X153.295 Y154.368 E2632.84045
G1 X152.881 Y153.92 E2632.85262
G1 X152.725 Y153.339 E2632.86463
G1 X152.728 Y153.19 E2632.8676
G1 X152.893 Y152.598 E2632.87987
G1 X153.289 Y152.143 E2632.8919
G1 F1500 E2626.3919
;MESH:9VBatteryHolder_v2.stl
G0 F12000 X152.641 Y151.575
G0 X152.115 Y152.175
G0 X151.869 Y153.064
G0 X151.86 Y153.44
G0 X152.079 Y154.262
G0 X153.289 Y155.891
G0 X153.289 Y156.986
G0 X142.672 Y157.556
;TYPE:WALL-INNER
G1 F1500 E2632.8919
G1 F2400 X168.672 Y157.556 E2633.41076
G1 F2352.9 X168.846 Y157.549 E2633.41431
G0 F12000 X169.369 Y157.253
G1 F2436.5 X168.846 Y157.549 E2633.42612
G1 X169.686 Y157.57 E2633.44264
G1 F2442.7 X169.665 Y156.73 E2633.45911
G1 X169.369 Y157.253 E2633.47089
G0 F12000 X169.665 Y156.73
G1 F2358.7 X169.672 Y156.556 E2633.47443
G1 F2400 X169.672 Y112.556 E2634.3525
G1 F1500 E2627.8525
G0 F12000 X169.511 Y157.394
G0 X141.835 Y157.394
G0 X141.672 Y112.556
G1 F1500 E2634.3525
G1 F2400 X141.672 Y156.556 E2635.23057
G1 F2352.9 X141.679 Y156.73 E2635.23411
G0 F12000 X141.975 Y157.253
G1 F2436.5 X141.679 Y156.73 E2635.24592
G1 X141.658 Y157.57 E2635.26244
G1 F2487 X142.672 Y157.556 E2635.28197
G1 X141.975 Y157.253 E2635.29661
G0 F12000 X141.763 Y157.253
G0 X169.096 Y157.466
G0 X169.096 Y156.98
G1 F2400 X168.761 Y157.156 E2635.30416
G1 X142.672 Y157.156 E2635.82479
G1 X142.247 Y156.981 E2635.83396
G1 X142.072 Y156.645 E2635.84152
G1 X142.072 Y112.156 E2636.72935
G1 X141.272 Y112.156 E2636.74531
G1 X141.273 Y157.955 E2637.65928
G1 X170.072 Y157.956 E2638.234
G1 X170.072 Y112.156 E2639.14799
G1 X169.272 Y112.156 E2639.16395
G1 X169.272 Y156.645 E2640.05178
G1 X169.096 Y156.98 E2640.05933
G0 F12000 X168.87 Y156.591
;TYPE:WALL-OUTER
G1 F2400 X168.814 Y156.698 E2640.06174
G1 X168.707 Y156.754 E2640.06415
G1 X142.672 Y156.756 E2640.58371
G1 X142.53 Y156.698 E2640.58677
G1 X142.474 Y156.591 E2640.58918
G1 X142.472 Y111.756 E2641.48391
G1 X140.872 Y111.756 E2641.51584
G1 X140.873 Y158.355 E2642.44577
G1 X170.472 Y158.356 E2643.03645
G1 X170.472 Y111.756 E2643.9664
G1 X168.872 Y111.756 E2643.99833
G1 X168.87 Y156.591 E2644.89307
G1 F1500 E2638.39307
G0 F12000 X169.183 Y156.591
G0 X169.097 Y111.98
G0 X168.008 Y111.98
G0 X146.838 Y109.132
G0 X145.922 Y109.306
G1 F1500 E2644.89307
G1 F1920 X144.073 Y109.306 E2644.93919
G1 X144.093 Y108.806 E2644.95167
G1 X145.922 Y108.806 E2644.9973
G1 X145.922 Y109.306 E2645.00977
G1 F1500 E2638.50977
G0 F12000 X145.693 Y109.076
G0 X146.838 Y109.077
G0 X164.508 Y109.077
G0 X167.265 Y109.305
G1 F1500 E2645.00977
G1 F1920 X165.422 Y109.306 E2645.05574
G1 X165.422 Y108.806 E2645.06821
G1 X167.25 Y108.806 E2645.11381
G1 X167.265 Y109.305 E2645.12627
G1 F1500 E2638.62627
G0 F12000 X167.032 Y109.077
G0 X167.011 Y107.891
G0 X167.011 Y105.221
G0 X167.234 Y104.306
G1 F1500 E2645.12627
G1 F1920 X144.11 Y104.306 E2645.7031
G1 X144.096 Y103.806 E2645.71558
G1 X167.249 Y103.805 E2646.29313
G1 F1923.8 X167.234 Y104.306 E2646.30561
G1 F1500 E2639.80561
;MESH:NONMESH
G0 F300 X167.234 Y104.306 Z16.44
G0 F12000 X167.011 Y104.074
G0 X153.337 Y104.126
G0 X153.337 Y105.221
G0 X153.002 Y151.33
G0 X153.337 Y152.431
;TIME_ELAPSED:5193.436851
;LAYER:136
;TYPE:SUPPORT
G1 F1500 E2646.30561
G1 F2400 X153.823 Y152.285 E2646.31573
G1 X154.047 Y152.269 E2646.32022
G1 X154.404 Y152.386 E2646.32771
G1 X154.843 Y152.269 E2646.33678
G1 X155.222 Y152.392 E2646.34473
G1 X155.631 Y152.281 E2646.35319
G1 X156.126 Y152.442 E2646.36358
G1 X156.328 Y152.668 E2646.36963
G1 X156.457 Y152.687 E2646.37223
G1 X156.628 Y152.648 E2646.37573
G1 X157.144 Y152.815 E2646.38655
G1 X157.651 Y153.368 E2646.40152
G1 X157.824 Y153.897 E2646.41263
G1 X157.706 Y154.395 E2646.42284
G1 X157.353 Y154.755 E2646.4329
G1 X156.857 Y154.876 E2646.44309
G1 X156.515 Y154.763 E2646.45028
G1 X156.065 Y154.876 E2646.45954
G1 X155.565 Y154.709 E2646.47006
G1 X155.359 Y154.505 E2646.47585
G1 X155.229 Y154.472 E2646.47852
G1 X155.13 Y154.51 E2646.48064
G1 X154.97 Y154.679 E2646.48528
G1 X154.496 Y154.818 E2646.49514
G1 X153.878 Y154.621 E2646.50808
G1 X153.817 Y154.625 E2646.5093
G1 X153.343 Y154.48 E2646.5192
G1 X152.965 Y154.072 E2646.5303
G1 X152.825 Y153.54 E2646.54127
G1 X152.828 Y153.385 E2646.54437
G1 X152.977 Y152.842 E2646.5556
G1 X153.337 Y152.431 E2646.56651
G1 F1500 E2640.06651
;MESH:9VBatteryHolder_v2.stl
G0 F12000 X152.688 Y151.863
G0 X152.197 Y152.425
G0 X151.967 Y153.262
G0 X151.958 Y153.639
G0 X152.165 Y154.415
G0 X153.337 Y155.891
G0 X153.337 Y156.986
G0 X142.672 Y157.556
;TYPE:WALL-INNER
G1 F1500 E2646.56651
G1 F2400 X168.672 Y157.556 E2647.08537
G1 F2352.9 X168.846 Y157.549 E2647.08891
G0 F12000 X169.369 Y157.253
G1 F2436.5 X168.846 Y157.549 E2647.10072
G1 X169.686 Y157.57 E2647.11724
G1 F2442.7 X169.665 Y156.73 E2647.13371
G1 X169.369 Y157.253 E2647.1455
G0 F12000 X169.665 Y156.73
G1 F2358.7 X169.672 Y156.556 E2647.14903
G1 F2400 X169.672 Y112.556 E2648.0271
G1 F1500 E2641.5271
G0 F12000 X169.511 Y157.394
G0 X141.835 Y157.394
G0 X141.672 Y112.556
G1 F1500 E2648.0271
G1 F2400 X141.672 Y156.556 E2648.90517
G1 F2352.9 X141.679 Y156.73 E2648.90871
G0 F12000 X141.975 Y157.253
G1 F2436.5 X141.679 Y156.73 E2648.92053
G1 X141.658 Y157.57 E2648.93704
G1 F2487 X142.672 Y157.556 E2648.95657
G1 X141.975 Y157.253 E2648.97121
G0 F12000 X141.763 Y157.253
G0 X169.096 Y157.466
G0 X169.096 Y156.98
G1 F2400 X168.761 Y157.156 E2648.97876
G1 X142.672 Y157.156 E2649.49939
G1 X142.247 Y156.981 E2649.50857
G1 X142.072 Y156.645 E2649.51613
G1 X142.072 Y112.156 E2650.40395
G1 X141.272 Y112.156 E2650.41992
G1 X141.273 Y157.955 E2651.33389
G1 X170.072 Y157.956 E2651.9086
G1 X170.072 Y112.156 E2652.82259
G1 X169.272 Y112.156 E2652.83855
G1 X169.272 Y156.645 E2653.72638
G1 X169.096 Y156.98 E2653.73393
G0 F12000 X168.87 Y156.591
;TYPE:WALL-OUTER
G1 F2400 X168.814 Y156.698 E2653.73634
G1 X168.707 Y156.754 E2653.73875
G1 X142.672 Y156.756 E2654.25831
G1 X142.53 Y156.698 E2654.26137
G1 X142.474 Y156.591 E2654.26378
G1 X142.472 Y111.756 E2655.15851
G1 X140.872 Y111.756 E2655.19044
G1 X140.873 Y158.355 E2656.12037
G1 X170.472 Y158.356 E2656.71105
G1 X170.472 Y111.756 E2657.64101
G1 X168.872 Y111.756 E2657.67294
G1 X168.87 Y156.591 E2658.56767
G1 F1500 E2652.06767
G0 F12000 X169.183 Y156.591
G0 X169.097 Y111.98
G0 X168.008 Y111.98
G0 X146.838 Y109.132
G0 X145.922 Y109.306
G1 F1500 E2658.56767
G1 F1920 X144.238 Y109.306 E2658.60968
G1 X144.216 Y108.806 E2658.62216
G1 X145.922 Y108.806 E2658.66472
G1 X145.922 Y109.306 E2658.67719
G1 F1500 E2652.17719
G0 F12000 X145.693 Y109.076
G0 X146.838 Y109.074
G0 X164.508 Y109.074
G0 X167.104 Y109.306
G1 F1500 E2658.67719
G1 F1920 X165.422 Y109.306 E2658.71915
G1 X165.422 Y108.806 E2658.73162
G1 X167.125 Y108.806 E2658.7741
G1 X167.104 Y109.306 E2658.78658
G1 F1500 E2652.28658
G0 F12000 X166.885 Y109.074
G0 X166.878 Y107.891
G0 X166.878 Y105.221
G0 X167.099 Y104.306
G1 F1500 E2658.78658
G1 F1920 X144.244 Y104.306 E2659.3567
G1 X144.224 Y103.806 E2659.36919
G1 X167.117 Y103.806 E2659.94026
G1 F1923.8 X167.099 Y104.306 E2659.95271
G1 F1500 E2653.45271
;MESH:NONMESH
G0 F300 X167.099 Y104.306 Z16.56
G0 F12000 X166.878 Y104.074
G0 X153.382 Y104.126
G0 X153.382 Y105.221
G0 X153.044 Y151.62
G0 X153.382 Y152.719
;TIME_ELAPSED:5221.461918
;LAYER:137
;TYPE:SUPPORT
G1 F1500 E2659.95271
G1 F2400 X153.81 Y152.59 E2659.96163
G1 X153.948 Y152.616 E2659.96443
G1 X154.1 Y152.574 E2659.96758
G1 X154.473 Y152.691 E2659.97538
G1 X154.895 Y152.573 E2659.98413
G1 X155.271 Y152.691 E2659.99199
G1 X155.699 Y152.573 E2660.00085
G1 X156.137 Y152.718 E2660.01006
G1 X156.315 Y152.919 E2660.01542
G1 X156.436 Y152.988 E2660.0182
G1 X156.752 Y152.908 E2660.0247
G1 X157.215 Y153.058 E2660.03441
G1 X157.698 Y153.591 E2660.04877
G1 X157.844 Y154.049 E2660.05836
G1 X157.737 Y154.503 E2660.06767
G1 X157.428 Y154.819 E2660.07649
G1 X156.99 Y154.927 E2660.08549
G1 X156.65 Y154.811 E2660.09266
G1 X156.185 Y154.927 E2660.10222
G1 X155.738 Y154.777 E2660.11163
G1 X155.542 Y154.621 E2660.11663
G1 X155.421 Y154.592 E2660.11912
G1 X155.046 Y154.692 E2660.12686
G1 X154.959 Y154.784 E2660.12939
G1 X154.529 Y154.906 E2660.13831
G1 X154.112 Y154.766 E2660.14709
G1 X154.008 Y154.692 E2660.14963
G1 X153.802 Y154.718 E2660.15378
G1 X153.388 Y154.589 E2660.16243
G1 X153.049 Y154.221 E2660.17242
G1 X152.922 Y153.734 E2660.18246
G1 X152.927 Y153.583 E2660.18547
G1 X153.058 Y153.096 E2660.19554
G1 X153.382 Y152.719 E2660.20546
G1 F1500 E2653.70546
;MESH:9VBatteryHolder_v2.stl
G0 F12000 X152.73 Y152.156
G0 X152.278 Y152.68
G0 X152.065 Y153.461
G0 X152.056 Y153.836
G0 X152.25 Y154.567
G0 X153.382 Y155.891
G0 X153.382 Y156.986
G0 X142.672 Y157.556
;TYPE:WALL-INNER
G1 F1500 E2660.20546
G1 F2400 X168.672 Y157.556 E2660.72432
G1 F2352.9 X168.846 Y157.549 E2660.72786
G0 F12000 X169.369 Y157.253
G1 F2436.5 X168.846 Y157.549 E2660.73967
G1 X169.686 Y157.57 E2660.75619
G1 F2442.7 X169.665 Y156.73 E2660.77267
G1 X169.369 Y157.253 E2660.78445
G0 F12000 X169.665 Y156.73
G1 F2358.7 X169.672 Y156.556 E2660.78798
G1 F2400 X169.672 Y112.556 E2661.66605
G1 F1500 E2655.16605
G0 F12000 X169.511 Y157.394
G0 X141.835 Y157.394
G0 X141.672 Y112.556
G1 F1500 E2661.66605
G1 F2400 X141.672 Y156.556 E2662.54412
G1 F2352.9 X141.679 Y156.73 E2662.54766
G0 F12000 X141.975 Y157.253
G1 F2436.5 X141.679 Y156.73 E2662.55948
G1 X141.658 Y157.57 E2662.57599
G1 F2487 X142.672 Y157.556 E2662.59552
G1 X141.975 Y157.253 E2662.61016
G0 F12000 X141.763 Y157.253
G0 X169.096 Y157.466
G0 X169.096 Y156.98
G1 F2400 X168.761 Y157.156 E2662.61771
G1 X142.672 Y157.156 E2663.13834
G1 X142.247 Y156.981 E2663.14752
G1 X142.072 Y156.645 E2663.15508
G1 X142.072 Y112.156 E2664.0429
G1 X141.272 Y112.156 E2664.05887
G1 X141.273 Y157.955 E2664.97284
G1 X170.072 Y157.956 E2665.54755
G1 X170.072 Y112.156 E2666.46154
G1 X169.272 Y112.156 E2666.47751
G1 X169.272 Y156.645 E2667.36533
G1 X169.096 Y156.98 E2667.37288
G0 F12000 X168.87 Y156.591
;TYPE:WALL-OUTER
G1 F2400 X168.814 Y156.698 E2667.37529
G1 X168.707 Y156.754 E2667.3777
G1 X142.672 Y156.756 E2667.89726
G1 X142.53 Y156.698 E2667.90032
G1 X142.474 Y156.591 E2667.90273
G1 X142.472 Y111.756 E2668.79746
G1 X140.872 Y111.756 E2668.82939
G1 X140.873 Y158.355 E2669.75932
G1 X170.472 Y158.356 E2670.35
G1 X170.472 Y111.756 E2671.27996
G1 X168.872 Y111.756 E2671.31189
G1 X168.87 Y156.591 E2672.20662
G1 F1500 E2665.70662
G0 F12000 X169.183 Y156.591
G0 X169.097 Y111.98
G0 X168.008 Y111.98
G0 X146.838 Y109.132
G0 X145.922 Y109.306
G1 F1500 E2672.20662
G1 F1920 X144.391 Y109.306 E2672.24481
G1 X144.369 Y108.806 E2672.25729
G1 X145.922 Y108.806 E2672.29603
G1 X145.922 Y109.306 E2672.30851
G1 F1500 E2665.80851
G0 F12000 X145.693 Y109.076
G0 X146.838 Y109.074
G0 X164.508 Y109.074
G0 X166.953 Y109.306
G1 F1500 E2672.30851
G1 F1920 X165.422 Y109.306 E2672.3467
G1 X165.422 Y108.806 E2672.35917
G1 X166.975 Y108.806 E2672.39791
G1 X166.953 Y109.306 E2672.41039
G1 F1500 E2665.91039
G0 F12000 X166.731 Y109.074
G0 X166.745 Y107.891
G0 X166.745 Y105.221
G0 X166.967 Y104.306
G1 F1500 E2672.41039
G1 F1920 X144.377 Y104.306 E2672.9739
G1 X144.359 Y103.806 E2672.98639
G1 X166.985 Y103.806 E2673.55079
G1 F1923.8 X166.967 Y104.306 E2673.56325
G1 F1500 E2667.06325
;MESH:NONMESH
G0 F300 X166.967 Y104.306 Z16.68
G0 F12000 X166.745 Y104.075
G0 X153.422 Y104.126
G0 X153.422 Y105.221
G0 X153.085 Y151.909
G0 X153.422 Y153.011
;TIME_ELAPSED:5249.445160
;LAYER:138
;TYPE:SUPPORT
G1 F1500 E2673.56325
G1 F2400 X153.805 Y152.894 E2673.57124
G1 X153.933 Y152.928 E2673.57388
G1 X154.146 Y152.882 E2673.57823
G1 X154.515 Y153.003 E2673.58598
G1 X154.95 Y152.882 E2673.59499
G1 X155.322 Y153.003 E2673.6028
G1 X155.747 Y152.882 E2673.61162
G1 X156.136 Y153.009 E2673.61978
G1 X156.334 Y153.23 E2673.6257
G1 X156.469 Y153.268 E2673.6285
G1 X156.878 Y153.169 E2673.6369
G1 X157.291 Y153.309 E2673.6456
G1 X157.728 Y153.781 E2673.65844
G1 X157.872 Y154.206 E2673.6674
G1 X157.777 Y154.607 E2673.67562
G1 X157.505 Y154.886 E2673.68339
G1 X157.12 Y154.975 E2673.69128
G1 X156.794 Y154.865 E2673.69815
G1 X156.322 Y154.979 E2673.70784
G1 X155.923 Y154.843 E2673.71625
G1 X155.884 Y154.814 E2673.71722
G1 X155.501 Y154.677 E2673.72534
G1 X155.094 Y154.789 E2673.73376
G1 X154.975 Y154.89 E2673.73688
G1 X154.6 Y154.99 E2673.74462
G1 X154.224 Y154.858 E2673.75257
G1 X154.06 Y154.749 E2673.7565
G1 X153.793 Y154.814 E2673.76199
G1 X153.433 Y154.697 E2673.76954
G1 X153.138 Y154.373 E2673.77828
G1 X153.021 Y153.928 E2673.78747
G1 X153.024 Y153.781 E2673.7904
G1 X153.142 Y153.336 E2673.79959
G1 X153.422 Y153.011 E2673.80815
G1 F1500 E2667.30815
;MESH:9VBatteryHolder_v2.stl
G0 F12000 X152.767 Y152.451
G0 X152.361 Y152.928
G0 X152.163 Y153.66
G0 X152.154 Y154.029
G0 X152.354 Y154.798
G0 X153.422 Y155.891
G0 X153.422 Y156.986
G0 X142.672 Y157.556
;TYPE:WALL-INNER
G1 F1500 E2673.80815
G1 F2400 X168.672 Y157.556 E2674.32701
G1 F2352.9 X168.846 Y157.549 E2674.33055
G0 F12000 X169.369 Y157.253
G1 F2436.5 X168.846 Y157.549 E2674.34236
G1 X169.686 Y157.57 E2674.35888
G1 F2442.7 X169.665 Y156.73 E2674.37536
G1 X169.369 Y157.253 E2674.38714
G0 F12000 X169.665 Y156.73
G1 F2358.7 X169.672 Y156.556 E2674.39068
G1 F2400 X169.672 Y112.556 E2675.26874
G1 F1500 E2668.76874
G0 F12000 X169.511 Y157.394
G0 X141.835 Y157.394
G0 X141.672 Y112.556
G1 F1500 E2675.26874
G1 F2400 X141.672 Y156.556 E2676.14681
G1 F2352.9 X141.679 Y156.73 E2676.15036
G0 F12000 X141.975 Y157.253
G1 F2436.5 X141.679 Y156.73 E2676.16217
G1 X141.658 Y157.57 E2676.17868
G1 F2487 X142.672 Y157.556 E2676.19821
G1 X141.975 Y157.253 E2676.21285
G0 F12000 X141.763 Y157.253
G0 X169.096 Y157.466
G0 X169.096 Y156.98
G1 F2400 X168.761 Y157.156 E2676.2204
G1 X142.672 Y157.156 E2676.74104
G1 X142.247 Y156.981 E2676.75021
G1 X142.072 Y156.645 E2676.75777
G1 X142.072 Y112.156 E2677.64559
G1 X141.272 Y112.156 E2677.66156
G1 X141.273 Y157.955 E2678.57553
G1 X170.072 Y157.956 E2679.15024
G1 X170.072 Y112.156 E2680.06423
G1 X169.272 Y112.156 E2680.0802
G1 X169.272 Y156.645 E2680.96802
G1 X169.096 Y156.98 E2680.97557
G0 F12000 X168.87 Y156.591
;TYPE:WALL-OUTER
G1 F2400 X168.814 Y156.698 E2680.97798
G1 X168.707 Y156.754 E2680.98039
G1 X142.672 Y156.756 E2681.49995
G1 X142.53 Y156.698 E2681.50301
G1 X142.474 Y156.591 E2681.50542
G1 X142.472 Y111.756 E2682.40015
G1 X140.872 Y111.756 E2682.43208
G1 X140.873 Y158.355 E2683.36202
G1 X170.472 Y158.356 E2683.9527
G1 X170.472 Y111.756 E2684.88265
G1 X168.872 Y111.756 E2684.91458
G1 X168.87 Y156.591 E2685.80931
G1 F1500 E2679.30931
G0 F12000 X169.183 Y156.591
G0 X169.097 Y111.98
G0 X168.008 Y111.98
G0 X146.838 Y109.132
G0 X145.922 Y109.306
G1 F1500 E2685.80931
G1 F1920 X144.543 Y109.306 E2685.84371
G1 X144.519 Y108.806 E2685.8562
G1 X145.922 Y108.806 E2685.89119
G1 X145.922 Y109.306 E2685.90367
G1 F1500 E2679.40367
G0 F12000 X145.693 Y109.076
G0 X146.838 Y109.074
G0 X164.508 Y109.074
G0 X166.801 Y109.306
G1 F1500 E2685.90367
G1 F1920 X165.422 Y109.306 E2685.93807
G1 X165.422 Y108.806 E2685.95054
G1 X166.825 Y108.806 E2685.98554
G1 X166.801 Y109.306 E2685.99802
G1 F1500 E2679.49802
G0 F12000 X166.58 Y109.074
G0 X166.603 Y107.891
G0 X166.603 Y105.221
G0 X166.842 Y104.306
G1 F1500 E2685.99802
G1 F1920 X144.502 Y104.306 E2686.5553
G1 X144.524 Y103.806 E2686.56778
G1 X166.818 Y103.806 E2687.12391
G1 F1916.2 X166.842 Y104.306 E2687.13642
G1 F1500 E2680.63642
;MESH:NONMESH
G0 F300 X166.842 Y104.306 Z16.8
G0 F12000 X166.603 Y104.077
G0 X153.475 Y104.126
G0 X153.475 Y105.221
G0 X153.133 Y152.197
G0 X153.475 Y153.294
;TIME_ELAPSED:5277.369073
;LAYER:139
;TYPE:SUPPORT
G1 F1500 E2687.13642
G1 F2400 X153.793 Y153.194 E2687.14307
G1 X153.966 Y153.24 E2687.14664
G1 X154.206 Y153.185 E2687.15156
G1 X154.568 Y153.302 E2687.15915
G1 X155.006 Y153.185 E2687.1682
G1 X155.38 Y153.303 E2687.17602
G1 X155.806 Y153.185 E2687.18484
G1 X156.136 Y153.297 E2687.1918
G1 X156.3 Y153.461 E2687.19643
G1 X156.582 Y153.53 E2687.20222
G1 X157.009 Y153.432 E2687.21096
G1 X157.366 Y153.553 E2687.21849
G1 X157.779 Y154.008 E2687.23075
G1 X157.896 Y154.359 E2687.23813
G1 X157.817 Y154.712 E2687.24535
G1 X157.59 Y154.946 E2687.25186
G1 X157.248 Y155.023 E2687.25885
G1 X156.925 Y154.912 E2687.26567
G1 X156.448 Y155.023 E2687.27544
G1 X156.017 Y154.87 E2687.28457
G1 X155.908 Y154.894 E2687.2868
G1 X155.533 Y154.774 E2687.29465
G1 X155.029 Y154.912 E2687.30508
G1 X154.952 Y154.992 E2687.3073
G1 X154.637 Y155.086 E2687.31386
G1 X154.312 Y154.976 E2687.32071
G1 X154.183 Y154.861 E2687.32415
G1 X154.072 Y154.82 E2687.32652
G1 X153.785 Y154.906 E2687.33249
G1 X153.477 Y154.809 E2687.33894
G1 X153.218 Y154.519 E2687.3467
G1 X153.117 Y154.128 E2687.35476
G1 X153.12 Y153.977 E2687.35777
G1 X153.222 Y153.592 E2687.36572
G1 X153.475 Y153.294 E2687.37352
G1 F1500 E2680.87352
;MESH:9VBatteryHolder_v2.stl
G0 F12000 X152.819 Y152.737
G0 X152.443 Y153.18
G0 X152.26 Y153.858
G0 X152.251 Y154.23
G0 X152.435 Y154.938
G0 X152.885 Y155.443
G0 X153.475 Y155.891
G0 X153.475 Y156.986
G0 X142.672 Y157.556
;TYPE:WALL-INNER
G1 F1500 E2687.37352
G1 F2400 X168.672 Y157.556 E2687.89238
G1 F2352.9 X168.846 Y157.549 E2687.89592
G0 F12000 X169.369 Y157.253
G1 F2436.5 X168.846 Y157.549 E2687.90774
G1 X169.686 Y157.57 E2687.92425
G1 F2442.7 X169.665 Y156.73 E2687.94073
G1 X169.369 Y157.253 E2687.95251
G0 F12000 X169.665 Y156.73
G1 F2358.7 X169.672 Y156.556 E2687.95605
G1 F2400 X169.672 Y112.556 E2688.83411
G1 F1500 E2682.33411
G0 F12000 X169.511 Y157.394
G0 X141.835 Y157.394
G0 X141.672 Y112.556
G1 F1500 E2688.83411
G1 F2400 X141.672 Y156.556 E2689.71218
G1 F2352.9 X141.679 Y156.73 E2689.71573
G0 F12000 X141.975 Y157.253
G1 F2436.5 X141.679 Y156.73 E2689.72754
G1 X141.658 Y157.57 E2689.74406
G1 F2487 X142.672 Y157.556 E2689.76358
G1 X141.975 Y157.253 E2689.77822
G0 F12000 X141.763 Y157.253
G0 X169.096 Y157.466
G0 X169.096 Y156.98
G1 F2400 X168.761 Y157.156 E2689.78577
G1 X142.672 Y157.156 E2690.30641
G1 X142.247 Y156.981 E2690.31558
G1 X142.072 Y156.645 E2690.32314
G1 X142.072 Y112.156 E2691.21097
G1 X141.272 Y112.156 E2691.22693
G1 X141.273 Y157.955 E2692.1409
G1 X170.072 Y157.956 E2692.71561
G1 X170.072 Y112.156 E2693.6296
G1 X169.272 Y112.156 E2693.64557
G1 X169.272 Y156.645 E2694.53339
G1 X169.096 Y156.98 E2694.54094
G0 F12000 X168.87 Y156.591
;TYPE:WALL-OUTER
G1 F2400 X168.814 Y156.698 E2694.54336
G1 X168.707 Y156.754 E2694.54577
G1 X142.672 Y156.756 E2695.06532
G1 X142.53 Y156.698 E2695.06838
G1 X142.474 Y156.591 E2695.07079
G1 X142.472 Y111.756 E2695.96552
G1 X140.872 Y111.756 E2695.99745
G1 X140.873 Y158.355 E2696.92739
G1 X170.472 Y158.356 E2697.51807
G1 X170.472 Y111.756 E2698.44802
G1 X168.872 Y111.756 E2698.47995
G1 X168.87 Y156.591 E2699.37468
G1 F1500 E2692.87468
G0 F12000 X169.183 Y156.591
G0 X169.097 Y111.98
G0 X168.008 Y111.98
G0 X146.838 Y109.132
G0 X145.922 Y109.306
G1 F1500 E2699.37468
G1 F1920 X144.696 Y109.306 E2699.40526
G1 X144.673 Y108.806 E2699.41775
G1 X145.922 Y108.806 E2699.44891
G1 X145.922 Y109.306 E2699.46138
G1 F1500 E2692.96138
G0 F12000 X145.693 Y109.076
G0 X146.838 Y109.074
G0 X164.508 Y109.074
G0 X166.646 Y109.306
G1 F1500 E2699.46138
G1 F1920 X165.422 Y109.306 E2699.49191
G1 X165.422 Y108.806 E2699.50438
G1 X166.671 Y108.806 E2699.53554
G1 X166.646 Y109.306 E2699.54803
G1 F1500 E2693.04803
G0 F12000 X166.428 Y109.074
G0 X166.429 Y107.891
G0 X166.429 Y105.221
G0 X166.667 Y104.306
G1 F1500 E2699.54803
G1 F1920 X144.677 Y104.306 E2700.09657
G1 X144.699 Y103.806 E2700.10906
G1 X166.645 Y103.806 E2700.6565
G1 X166.667 Y104.306 E2700.66899
G1 F1500 E2694.16899
;MESH:NONMESH
G0 F300 X166.667 Y104.306 Z16.92
G0 F12000 X166.429 Y104.077
G0 X153.525 Y104.126
G0 X153.525 Y105.221
G0 X153.175 Y152.486
G0 X153.525 Y153.585
;TIME_ELAPSED:5305.224182
;LAYER:140
;TYPE:SUPPORT
G1 F1500 E2700.66899
G1 F2400 X153.79 Y153.498 E2700.67455
G1 X153.977 Y153.552 E2700.67844
G1 X154.253 Y153.49 E2700.68408
G1 X154.612 Y153.611 E2700.69164
G1 X155.058 Y153.49 E2700.70086
G1 X155.428 Y153.611 E2700.70863
G1 X155.858 Y153.49 E2700.71755
G1 X156.15 Y153.588 E2700.72369
G1 X156.261 Y153.665 E2700.72639
G1 X156.658 Y153.8 E2700.73476
G1 X157.136 Y153.692 E2700.74454
G1 X157.449 Y153.802 E2700.75116
G1 X157.845 Y154.208 E2700.76247
G1 X157.948 Y154.501 E2700.76867
G1 X157.885 Y154.79 E2700.77458
G1 X157.686 Y154.983 E2700.78011
G1 X157.393 Y155.045 E2700.78608
G1 X157.085 Y154.94 E2700.79258
G1 X156.593 Y155.044 E2700.80261
G1 X156.213 Y154.915 E2700.81062
G1 X155.947 Y154.989 E2700.81613
G1 X155.577 Y154.865 E2700.82392
G1 X155.076 Y155.013 E2700.83434
G1 X155.006 Y155.079 E2700.83626
G1 X154.729 Y155.147 E2700.84196
G1 X154.089 Y154.899 E2700.85565
G1 X153.78 Y154.997 E2700.86212
G1 X153.519 Y154.911 E2700.86761
G1 X153.303 Y154.664 E2700.87415
G1 X153.199 Y154.256 E2700.88256
G1 X153.306 Y153.843 E2700.89107
G1 X153.525 Y153.585 E2700.89782
G1 F1500 E2694.39782
;MESH:9VBatteryHolder_v2.stl
G0 F12000 X152.861 Y153.032
G0 X152.525 Y153.435
G0 X152.359 Y154.06
G0 X152.35 Y154.423
G0 X152.517 Y155.083
G0 X152.978 Y155.601
G0 X153.525 Y155.891
G0 X153.525 Y156.986
G0 X142.672 Y157.556
;TYPE:WALL-INNER
G1 F1500 E2700.89782
G1 F2400 X168.672 Y157.556 E2701.41668
G1 F2352.9 X168.846 Y157.549 E2701.42023
G0 F12000 X169.369 Y157.253
G1 F2436.5 X168.846 Y157.549 E2701.43204
G1 X169.686 Y157.57 E2701.44856
G1 F2442.7 X169.665 Y156.73 E2701.46503
G1 X169.369 Y157.253 E2701.47681
G0 F12000 X169.665 Y156.73
G1 F2358.7 X169.672 Y156.556 E2701.48035
G1 F2400 X169.672 Y112.556 E2702.35842
G1 F1500 E2695.85842
G0 F12000 X169.511 Y157.394
G0 X141.835 Y157.394
G0 X141.672 Y112.556
G1 F1500 E2702.35842
G1 F2400 X141.672 Y156.556 E2703.23649
G1 F2352.9 X141.679 Y156.73 E2703.24003
G0 F12000 X141.975 Y157.253
G1 F2436.5 X141.679 Y156.73 E2703.25184
G1 X141.658 Y157.57 E2703.26836
G1 F2487 X142.672 Y157.556 E2703.28789
G1 X141.975 Y157.253 E2703.30253
G0 F12000 X141.763 Y157.253
G0 X169.096 Y157.466
G0 X169.096 Y156.98
G1 F2400 X168.761 Y157.156 E2703.31008
G1 X142.672 Y157.156 E2703.83071
G1 X142.247 Y156.981 E2703.83988
G1 X142.072 Y156.645 E2703.84744
G1 X142.072 Y112.156 E2704.73527
G1 X141.272 Y112.156 E2704.75123
G1 X141.273 Y157.955 E2705.6652
G1 X170.072 Y157.956 E2706.23992
G1 X170.072 Y112.156 E2707.15391
G1 X169.272 Y112.156 E2707.16987
G1 X169.272 Y156.645 E2708.0577
G1 X169.096 Y156.98 E2708.06525
G0 F12000 X168.87 Y156.591
;TYPE:WALL-OUTER
G1 F2400 X168.814 Y156.698 E2708.06766
G1 X168.707 Y156.754 E2708.07007
G1 X142.672 Y156.756 E2708.58963
G1 X142.53 Y156.698 E2708.59269
G1 X142.474 Y156.591 E2708.5951
G1 X142.472 Y111.756 E2709.48983
G1 X140.872 Y111.756 E2709.52176
G1 X140.873 Y158.355 E2710.45169
G1 X170.472 Y158.356 E2711.04237
G1 X170.472 Y111.756 E2711.97232
G1 X168.872 Y111.756 E2712.00425
G1 X168.87 Y156.591 E2712.89899
G1 F1500 E2706.39899
G0 F12000 X169.183 Y156.591
G0 X169.097 Y111.98
G0 X168.008 Y111.98
G0 X146.838 Y109.132
G0 X145.922 Y109.306
G1 F1500 E2712.89899
G1 F1920 X144.839 Y109.306 E2712.926
G1 X144.852 Y108.806 E2712.93848
G1 X145.922 Y108.806 E2712.96517
G1 X145.922 Y109.306 E2712.97764
G1 F1500 E2706.47764
G0 F12000 X145.693 Y109.076
G0 X146.838 Y109.077
G0 X164.508 Y109.077
G0 X166.504 Y109.306
G1 F1500 E2712.97764
G1 F1920 X165.422 Y109.306 E2713.00463
G1 X165.422 Y108.806 E2713.0171
G1 X166.489 Y108.806 E2713.04372
G1 F1916.2 X166.504 Y109.306 E2713.05622
G1 F1500 E2706.55622
G0 F12000 X166.27 Y109.077
G0 X166.26 Y107.891
G0 X166.26 Y105.221
G0 X166.498 Y104.306
G1 F1500 E2713.05622
G1 F1920 X144.847 Y104.306 E2713.59631
G1 X144.871 Y103.806 E2713.6088
G1 X166.473 Y103.806 E2714.14766
G1 F1916.2 X166.498 Y104.306 E2714.16017
G1 F1500 E2707.66017
;MESH:NONMESH
G0 F300 X166.498 Y104.306 Z17.04
G0 F12000 X166.26 Y104.078
G0 X153.566 Y104.126
G0 X153.566 Y105.221
G0 X153.213 Y152.778
G0 X153.566 Y153.873
;TIME_ELAPSED:5333.016075
;LAYER:141
;TYPE:SUPPORT
G1 F1500 E2714.16017
G1 F2400 X153.781 Y153.803 E2714.16469
G1 X153.998 Y153.868 E2714.16921
G1 X154.298 Y153.795 E2714.17537
G1 X154.726 Y153.94 E2714.18439
G1 X155.099 Y153.794 E2714.19238
G1 X155.474 Y153.916 E2714.20025
G1 X155.902 Y153.794 E2714.20913
G1 X156.127 Y153.872 E2714.21388
G1 X156.225 Y153.963 E2714.21655
G1 X156.482 Y153.955 E2714.22168
G1 X156.848 Y154.078 E2714.22939
G1 X157.282 Y153.955 E2714.23839
G1 X157.59 Y154.059 E2714.24488
G1 X157.907 Y154.382 E2714.25391
G1 X158 Y154.634 E2714.25927
G1 X157.949 Y154.862 E2714.26393
G1 X157.79 Y155.015 E2714.26834
G1 X157.546 Y155.065 E2714.27331
G1 X157.179 Y154.941 E2714.28104
G1 X157.089 Y154.948 E2714.28284
G1 X156.988 Y155.016 E2714.28527
G1 X156.745 Y155.068 E2714.29023
G1 X156.348 Y154.932 E2714.2986
G1 X155.97 Y155.081 E2714.30671
G1 X155.595 Y154.953 E2714.31462
G1 X155.069 Y155.112 E2714.32558
G1 X154.754 Y155.245 E2714.33241
G1 X154.487 Y155.127 E2714.33823
G1 X154.027 Y154.963 E2714.34798
G1 X153.719 Y155.062 E2714.35444
G1 X153.519 Y155.004 E2714.35859
G1 X153.348 Y154.813 E2714.36371
G1 X153.282 Y154.52 E2714.3697
G1 X153.395 Y154.082 E2714.37873
G1 X153.566 Y153.873 E2714.38412
G1 F1500 E2707.88412
;MESH:9VBatteryHolder_v2.stl
G0 F12000 X152.899 Y153.326
G0 X152.608 Y153.681
G0 X152.394 Y154.51
G0 X152.558 Y155.221
G0 X152.992 Y155.71
G0 X153.566 Y155.891
G0 X153.566 Y156.986
G0 X142.672 Y157.556
;TYPE:WALL-INNER
G1 F1500 E2714.38412
G1 F2400 X168.672 Y157.556 E2714.90297
G1 F2352.9 X168.846 Y157.549 E2714.90652
G0 F12000 X169.369 Y157.253
G1 F2436.5 X168.846 Y157.549 E2714.91833
G1 X169.686 Y157.57 E2714.93485
G1 F2442.7 X169.665 Y156.73 E2714.95132
G1 X169.369 Y157.253 E2714.96311
G0 F12000 X169.665 Y156.73
G1 F2358.7 X169.672 Y156.556 E2714.96664
G1 F2400 X169.672 Y112.556 E2715.84471
G1 F1500 E2709.34471
G0 F12000 X169.511 Y157.394
G0 X141.835 Y157.394
G0 X141.672 Y112.556
G1 F1500 E2715.84471
G1 F2400 X141.672 Y156.556 E2716.72278
G1 F2352.9 X141.679 Y156.73 E2716.72632
G0 F12000 X141.975 Y157.253
G1 F2436.5 X141.679 Y156.73 E2716.73814
G1 X141.658 Y157.57 E2716.75465
G1 F2487 X142.672 Y157.556 E2716.77418
G1 X141.975 Y157.253 E2716.78882
G0 F12000 X141.763 Y157.253
G0 X169.096 Y157.466
G0 X169.096 Y156.98
G1 F2400 X168.761 Y157.156 E2716.79637
G1 X142.672 Y157.156 E2717.317
G1 X142.247 Y156.981 E2717.32618
G1 X142.072 Y156.645 E2717.33374
G1 X142.072 Y112.156 E2718.22156
G1 X141.272 Y112.156 E2718.23753
G1 X141.273 Y157.955 E2719.15149
G1 X170.072 Y157.956 E2719.72621
G1 X170.072 Y112.156 E2720.6402
G1 X169.272 Y112.156 E2720.65616
G1 X169.272 Y156.645 E2721.54399
G1 X169.096 Y156.98 E2721.55154
G0 F12000 X168.87 Y156.591
;TYPE:WALL-OUTER
G1 F2400 X168.814 Y156.698 E2721.55395
G1 X168.707 Y156.754 E2721.55636
G1 X142.672 Y156.756 E2722.07592
G1 X142.53 Y156.698 E2722.07898
G1 X142.474 Y156.591 E2722.08139
G1 X142.472 Y111.756 E2722.97612
G1 X140.872 Y111.756 E2723.00805
G1 X140.873 Y158.355 E2723.93798
G1 X170.472 Y158.356 E2724.52866
G1 X170.472 Y111.756 E2725.45862
G1 X168.872 Y111.756 E2725.49055
G1 X168.87 Y156.591 E2726.38528
G1 F1500 E2719.88528
G0 F12000 X169.183 Y156.591
G0 X169.097 Y111.98
G0 X168.008 Y111.98
G0 X146.838 Y109.132
G0 X145.922 Y109.306
G1 F1500 E2726.38528
G1 F1920 X145.008 Y109.306 E2726.40808
G1 X145.02 Y108.806 E2726.42055
G1 X145.922 Y108.806 E2726.44305
G1 X145.922 Y109.306 E2726.45553
G1 F1500 E2719.95553
G0 F12000 X145.693 Y109.076
G0 X146.838 Y109.077
G0 X164.508 Y109.077
G0 X166.336 Y109.306
G1 F1500 E2726.45553
G1 F1920 X165.422 Y109.306 E2726.47833
G1 X165.422 Y108.806 E2726.4908
G1 X166.324 Y108.806 E2726.5133
G1 X166.336 Y109.306 E2726.52578
G1 F1500 E2720.02578
G0 F12000 X166.102 Y109.077
G0 X166.09 Y107.891
G0 X166.09 Y105.221
G0 X166.325 Y104.305
G1 F1500 E2726.52578
G1 F1920 X145.017 Y104.306 E2727.05731
G1 X145.04 Y103.806 E2727.06979
G1 X166.304 Y103.806 E2727.60022
G1 X166.325 Y104.305 E2727.61268
G1 F1500 E2721.11268
;MESH:NONMESH
G0 F300 X166.325 Y104.305 Z17.16
G0 F12000 X166.09 Y104.075
G0 X153.608 Y104.126
G0 X153.608 Y105.221
G0 X153.25 Y153.068
G0 X153.608 Y154.166
;TIME_ELAPSED:5360.783822
;LAYER:142
;TYPE:SUPPORT
G1 F1500 E2727.61268
G1 F2400 X153.778 Y154.103 E2727.6163
G1 X154.052 Y154.18 E2727.62198
G1 X154.342 Y154.1 E2727.62798
G1 X154.519 Y154.16 E2727.63171
G1 X154.656 Y154.298 E2727.63559
G1 F2280.3 X154.872 Y154.304 E2727.64013
G1 F2171.9 X154.996 Y154.163 E2727.64427
G1 X155.143 Y154.118 E2727.64766
G1 X155.296 Y154.172 E2727.65124
G1 F1908.5 X155.515 Y154.404 E2727.65925
G1 F1558.4 X155.756 Y154.383 E2727.66668
G1 F1437.1 X155.862 Y154.263 E2727.67202
G1 X155.938 Y154.238 E2727.67468
G1 X156.166 Y154.363 E2727.68335
G1 F1490.7 X156.616 Y154.3 E2727.69795
G1 F1538.5 X156.961 Y154.424 E2727.70936
G1 F1536 X157.237 Y154.378 E2727.71809
G1 F1543.4 X157.296 Y154.324 E2727.72057
G1 X157.416 Y154.301 E2727.72436
G1 X157.615 Y154.37 E2727.7309
G1 X157.794 Y154.556 E2727.73891
G1 X157.876 Y154.813 E2727.74728
G1 X157.851 Y154.973 E2727.7523
G1 X157.781 Y155.052 E2727.75558
G1 X157.686 Y155.074 E2727.7586
G1 X157.329 Y154.929 E2727.77056
G1 F1536 X157.053 Y154.975 E2727.77929
G1 F1528.7 X156.98 Y155.049 E2727.78254
G1 X156.885 Y155.071 E2727.7856
G1 F1538.5 X156.516 Y154.922 E2727.79799
G1 F1490.7 X156.248 Y154.951 E2727.80665
G1 F1439.3 X156.092 Y155.052 E2727.81283
G1 F1437.1 X155.843 Y154.951 E2727.82179
G1 F1558.4 X155.561 Y154.956 E2727.83046
G1 F1867.7 X155.418 Y155.128 E2727.83619
G1 F2222.2 X155.108 Y155.237 E2727.84327
G1 F2400 X155.019 Y155.32 E2727.8457
G1 X154.874 Y155.354 E2727.84867
G1 X154.566 Y155.191 E2727.85563
G1 X154.341 Y155.135 E2727.86026
G1 X154.275 Y155.011 E2727.86306
G1 X154.176 Y154.938 E2727.86551
G1 X154.023 Y154.948 E2727.86857
G1 X153.845 Y155.127 E2727.87361
G1 X153.668 Y155.196 E2727.8774
G1 X153.521 Y155.15 E2727.88048
G1 X153.387 Y154.987 E2727.88469
G1 X153.339 Y154.742 E2727.88967
G1 X153.456 Y154.349 E2727.89785
G1 X153.608 Y154.166 E2727.9026
G1 F1500 E2721.4026
;MESH:9VBatteryHolder_v2.stl
G0 F12000 X152.944 Y153.616
G0 X152.682 Y153.933
G0 X152.452 Y154.704
G0 X152.583 Y155.373
G0 X152.974 Y155.848
G0 X153.608 Y156.986
G0 X142.672 Y157.556
;TYPE:WALL-INNER
G1 F1500 E2727.9026
G1 F2400 X168.672 Y157.556 E2728.42146
G1 F2352.9 X168.846 Y157.549 E2728.425
G0 F12000 X169.369 Y157.253
G1 F2436.5 X168.846 Y157.549 E2728.43681
G1 X169.686 Y157.57 E2728.45333
G1 F2442.7 X169.665 Y156.73 E2728.46981
G1 X169.369 Y157.253 E2728.48159
G0 F12000 X169.665 Y156.73
G1 F2358.7 X169.672 Y156.556 E2728.48513
G1 F2400 X169.672 Y112.556 E2729.36319
G1 F1500 E2722.86319
G0 F12000 X169.511 Y157.394
G0 X141.835 Y157.394
G0 X141.672 Y112.556
G1 F1500 E2729.36319
G1 F2400 X141.672 Y156.556 E2730.24126
G1 F2352.9 X141.679 Y156.73 E2730.24481
G0 F12000 X141.975 Y157.253
G1 F2436.5 X141.679 Y156.73 E2730.25662
G1 X141.658 Y157.57 E2730.27313
G1 F2487 X142.672 Y157.556 E2730.29266
G1 X141.975 Y157.253 E2730.3073
G0 F12000 X141.763 Y157.253
G0 X169.096 Y157.466
G0 X169.096 Y156.98
G1 F2400 X168.761 Y157.156 E2730.31485
G1 X142.672 Y157.156 E2730.83549
G1 X142.247 Y156.981 E2730.84466
G1 X142.072 Y156.645 E2730.85222
G1 X142.072 Y112.156 E2731.74004
G1 X141.272 Y112.156 E2731.75601
G1 X141.273 Y157.955 E2732.66998
G1 X170.072 Y157.956 E2733.24469
G1 X170.072 Y112.156 E2734.15868
G1 X169.272 Y112.156 E2734.17465
G1 X169.272 Y156.645 E2735.06247
G1 X169.096 Y156.98 E2735.07002
G0 F12000 X168.87 Y156.591
;TYPE:WALL-OUTER
G1 F2400 X168.814 Y156.698 E2735.07243
G1 X168.707 Y156.754 E2735.07484
G1 X142.672 Y156.756 E2735.5944
G1 X142.53 Y156.698 E2735.59746
G1 X142.474 Y156.591 E2735.59987
G1 X142.472 Y111.756 E2736.4946
G1 X140.872 Y111.756 E2736.52653
G1 X140.873 Y158.355 E2737.45647
G1 X170.472 Y158.356 E2738.04715
G1 X170.472 Y111.756 E2738.9771
G1 X168.872 Y111.756 E2739.00903
G1 X168.87 Y156.591 E2739.90376
G1 F1500 E2733.40376
G0 F12000 X169.183 Y156.591
G0 X169.097 Y111.98
G0 X168.008 Y111.98
G0 X146.838 Y109.132
G0 X145.922 Y109.306
G1 F1500 E2739.90376
G1 F1920 X145.177 Y109.306 E2739.92234
G1 X145.187 Y108.806 E2739.93482
G1 X145.922 Y108.806 E2739.95315
G1 X145.922 Y109.306 E2739.96563
G1 F1500 E2733.46563
G0 F12000 X145.693 Y109.076
G0 X146.838 Y109.077
G0 X164.508 Y109.077
G0 X166.166 Y109.305
G1 F1500 E2739.96563
G1 F1920 X165.422 Y109.306 E2739.98419
G1 X165.422 Y108.806 E2739.99666
G1 X166.157 Y108.806 E2740.01499
G1 F1916.2 X166.166 Y109.305 E2740.02747
G1 F1500 E2733.52747
G0 F12000 X165.936 Y109.077
G0 X165.903 Y107.891
G0 X165.903 Y105.221
G0 X166.125 Y104.306
G1 F1500 E2740.02747
G1 F1920 X145.221 Y104.306 E2740.54892
G1 X145.202 Y103.806 E2740.5614
G1 X166.142 Y103.806 E2741.08375
G1 X166.125 Y104.306 E2741.09623
G1 F1500 E2734.59623
;MESH:NONMESH
G0 F300 X166.125 Y104.306 Z17.28
G0 F12000 X165.903 Y104.074
G0 X153.649 Y104.126
G0 X153.649 Y105.221
G0 X153.254 Y153.377
G0 X153.649 Y154.482
;TIME_ELAPSED:5388.490164
;LAYER:143
;TYPE:SUPPORT
G1 F1500 E2741.09623
G1 F1853.3 X153.737 Y154.446 E2741.09869
G1 X153.888 Y154.52 E2741.10303
G1 F1860.5 X154.037 Y154.538 E2741.1069
G1 F1849.7 X154.354 Y154.471 E2741.11529
G1 F1901 X154.582 Y154.633 E2741.12233
G1 F1983.5 X154.816 Y154.713 E2741.12831
G1 F1951.2 X154.969 Y154.633 E2741.13254
G1 F1908.5 X155.082 Y154.476 E2741.1374
G1 X155.153 Y154.459 E2741.13923
G1 X155.267 Y154.507 E2741.14233
G1 X155.366 Y154.632 E2741.14634
G1 F2069 X155.621 Y154.68 E2741.15234
G1 F2105.3 X155.755 Y154.63 E2741.1556
G1 F1943.3 X155.886 Y154.476 E2741.16058
G1 F1923.8 X155.957 Y154.459 E2741.1624
G1 X156.067 Y154.505 E2741.16536
G1 F2000 X156.222 Y154.655 E2741.17053
G1 F2171.9 X156.422 Y154.68 E2741.17497
G1 F2087 X156.569 Y154.624 E2741.17858
G1 F1931.6 X156.682 Y154.476 E2741.1832
G1 X156.755 Y154.46 E2741.18505
G1 X156.864 Y154.505 E2741.18798
G1 F2008.4 X157.02 Y154.655 E2741.19314
G1 F2171.9 X157.22 Y154.68 E2741.19758
G1 F2096.1 X157.358 Y154.628 E2741.20095
G1 F1939.4 X157.481 Y154.477 E2741.20576
G1 F1927.7 X157.554 Y154.461 E2741.20762
G1 X157.667 Y154.51 E2741.21068
G1 X157.785 Y154.652 E2741.21527
G1 X157.865 Y154.868 E2741.22099
G1 X157.841 Y154.952 E2741.22316
G1 X157.673 Y155.052 E2741.22802
G1 X157.552 Y155.023 E2741.23111
G1 F2082.4 X157.276 Y155.098 E2741.23769
G1 F2201.8 X156.957 Y155.055 E2741.24469
G1 F2114.5 X156.873 Y155.073 E2741.24664
G1 F2008.4 X156.753 Y155.024 E2741.24973
G1 F2087 X156.476 Y155.098 E2741.25631
G1 F2191.8 X156.157 Y155.054 E2741.26334
G1 F2105.3 X156.073 Y155.073 E2741.2653
G1 F2000 X155.953 Y155.023 E2741.26842
G1 F2077.9 X155.677 Y155.098 E2741.27501
G1 F2069 X155.192 Y155.04 E2741.28632
G1 F1912.4 X155.067 Y155.081 E2741.28961
G1 F1951.2 X154.955 Y155.196 E2741.29355
G1 F1991.7 X154.861 Y155.221 E2741.29589
G1 X154.696 Y155.122 E2741.30052
G1 F1951.2 X154.306 Y155.014 E2741.31045
G1 F1889.8 X154.077 Y155.052 E2741.31633
G1 F1860.5 X153.796 Y155.013 E2741.32364
G1 F1853.3 X153.674 Y155.043 E2741.32688
G1 X153.513 Y154.938 E2741.33185
G1 X153.486 Y154.851 E2741.3342
G1 X153.553 Y154.608 E2741.34072
G1 X153.649 Y154.482 E2741.34481
G1 F1500 E2734.84481
;MESH:9VBatteryHolder_v2.stl
G0 F12000 X152.703 Y154.223
G0 X152.527 Y154.871
G0 X152.7 Y155.432
G0 X153.067 Y155.796
G0 X153.522 Y155.926
G0 X153.649 Y156.986
G0 X142.672 Y157.556
;TYPE:WALL-INNER
G1 F1500 E2741.34481
G1 F2400 X168.672 Y157.556 E2741.86367
G1 F2352.9 X168.846 Y157.549 E2741.86721
G0 F12000 X169.369 Y157.253
G1 F2436.5 X168.846 Y157.549 E2741.87903
G1 X169.686 Y157.57 E2741.89554
G1 F2442.7 X169.665 Y156.73 E2741.91202
G1 X169.369 Y157.253 E2741.9238
G0 F12000 X169.665 Y156.73
G1 F2358.7 X169.672 Y156.556 E2741.92734
G1 F2400 X169.672 Y112.556 E2742.80541
G1 F1500 E2736.30541
G0 F12000 X169.511 Y157.394
G0 X141.835 Y157.394
G0 X141.672 Y112.556
G1 F1500 E2742.80541
G1 F2400 X141.672 Y156.556 E2743.68347
G1 F2352.9 X141.679 Y156.73 E2743.68702
G0 F12000 X141.975 Y157.253
G1 F2436.5 X141.679 Y156.73 E2743.69883
G1 X141.658 Y157.57 E2743.71535
G1 F2487 X142.672 Y157.556 E2743.73488
G1 X141.975 Y157.253 E2743.74951
G0 F12000 X141.763 Y157.253
G0 X169.096 Y157.466
G0 X169.096 Y156.98
G1 F2400 X168.761 Y157.156 E2743.75706
G1 X142.672 Y157.156 E2744.2777
G1 X142.247 Y156.981 E2744.28687
G1 X142.072 Y156.645 E2744.29443
G1 X142.072 Y112.156 E2745.18226
G1 X141.272 Y112.156 E2745.19822
G1 X141.273 Y157.955 E2746.11219
G1 X170.072 Y157.956 E2746.68691
G1 X170.072 Y112.156 E2747.60089
G1 X169.272 Y112.156 E2747.61686
G1 X169.272 Y156.645 E2748.50469
G1 X169.096 Y156.98 E2748.51224
G0 F12000 X168.87 Y156.591
;TYPE:WALL-OUTER
G1 F2400 X168.814 Y156.698 E2748.51465
G1 X168.707 Y156.754 E2748.51706
G1 X142.672 Y156.756 E2749.03661
G1 X142.53 Y156.698 E2749.03967
G1 X142.474 Y156.591 E2749.04208
G1 X142.472 Y111.756 E2749.93682
G1 X140.872 Y111.756 E2749.96875
G1 X140.873 Y158.355 E2750.89868
G1 X170.472 Y158.356 E2751.48936
G1 X170.472 Y111.756 E2752.41931
G1 X168.872 Y111.756 E2752.45124
G1 X168.87 Y156.591 E2753.34597
G1 F1500 E2746.84597
G0 F12000 X169.183 Y156.591
G0 X169.097 Y111.98
G0 X168.008 Y111.98
G0 X146.838 Y109.132
G0 X145.922 Y109.306
G1 F1500 E2753.34597
G1 F1920 X145.4 Y109.306 E2753.35899
G1 X145.38 Y108.806 E2753.37148
G1 X145.922 Y108.806 E2753.385
G1 X145.922 Y109.306 E2753.39747
G1 F1500 E2746.89747
G0 F12000 X145.693 Y109.076
G0 X146.838 Y109.075
G0 X164.508 Y109.075
G0 X165.944 Y109.306
G1 F1500 E2753.39747
G1 F1920 X165.422 Y109.306 E2753.41049
G1 X165.422 Y108.806 E2753.42296
G1 X165.964 Y108.806 E2753.43648
G1 F1923.8 X165.944 Y109.306 E2753.44894
G1 F1500 E2746.94894
G0 F12000 X165.722 Y109.075
G0 X165.716 Y107.891
G0 X165.716 Y105.221
G0 X165.939 Y104.306
G1 F1500 E2753.44894
G1 F1920 X145.408 Y104.306 E2753.96109
G1 X145.388 Y103.806 E2753.97357
G1 X165.957 Y103.806 E2754.48667
G1 F1923.8 X165.939 Y104.306 E2754.49912
G1 F1500 E2747.99912
;MESH:NONMESH
G0 F300 X165.939 Y104.306 Z17.4
G0 F12000 X165.716 Y104.075
G0 X145.693 Y104.126
G0 X145.693 Y105.221
G0 X145.693 Y107.891
G0 X145.971 Y109.355
;TIME_ELAPSED:5415.736086
;LAYER:144
;TYPE:WALL-OUTER
;MESH:9VBatteryHolder_v2.stl
G1 F1500 E2754.49912
G1 F2382.1 X145.575 Y109.355 E2754.50708
G1 F2370.4 X145.554 Y108.759 E2754.51913
G1 F2358.7 X145.969 Y108.759 E2754.52756
G1 F2370.4 X145.971 Y109.355 E2754.5396
G1 F1500 E2748.0396
G0 F12000 X146.838 Y109.355
G0 X162.752 Y110.124
G0 X165.769 Y110.221
G0 X165.769 Y109.354
G1 F1500 E2754.5396
G1 F2388.1 X165.374 Y109.354 E2754.54753
G1 F2376.2 X165.375 Y108.759 E2754.55952
G1 F2370.4 X165.79 Y108.759 E2754.5679
G1 F2376.2 X165.769 Y109.354 E2754.5799
G1 F1500 E2748.0799
G0 F12000 X166.637 Y109.387
G0 X166.682 Y107.904
G0 X165.585 Y105.221
G0 X165.751 Y104.306
G1 F1500 E2754.5799
G1 F1920 X145.593 Y104.306 E2755.08275
G1 X145.575 Y103.806 E2755.09523
G1 X165.769 Y103.806 E2755.59897
G1 F1923.8 X165.751 Y104.306 E2755.61143
G1 F1500 E2749.11143
G0 F12000 X165.529 Y104.075
G0 X165.585 Y105.221
G0 X169.097 Y110.891
G0 X169.097 Y111.98
G0 X169.672 Y112.556
;TYPE:WALL-INNER
G1 F1500 E2755.61143
G1 F2400 X169.672 Y156.556 E2756.48949
G1 F2358.7 X169.665 Y156.73 E2756.49303
G0 F12000 X169.369 Y157.253
G1 F2436.5 X168.846 Y157.549 E2756.50484
G1 X169.686 Y157.57 E2756.52136
G1 F2442.7 X169.665 Y156.73 E2756.53783
G1 X169.369 Y157.253 E2756.54962
G0 F12000 X168.846 Y157.549
G1 F2352.9 X168.672 Y157.556 E2756.55316
G1 F2400 X142.672 Y157.556 E2757.07202
G0 F12000 X141.975 Y157.253
G1 F2436.5 X141.679 Y156.73 E2757.08383
G1 X141.658 Y157.57 E2757.10035
G1 F2487 X142.672 Y157.556 E2757.11988
G1 X141.975 Y157.253 E2757.13451
G0 F12000 X141.679 Y156.73
G1 F2352.9 X141.672 Y156.556 E2757.13806
G1 F2400 X141.672 Y112.556 E2758.01613
G1 F1500 E2751.51613
G0 F12000 X141.835 Y157.394
G0 X169.096 Y157.466
G0 X169.096 Y156.98
G1 F1500 E2758.01613
G1 F2400 X168.761 Y157.156 E2758.02368
G1 X142.672 Y157.156 E2758.54431
G1 X142.247 Y156.981 E2758.55348
G1 X142.072 Y156.645 E2758.56104
G1 X142.072 Y112.156 E2759.44887
G1 X141.272 Y112.156 E2759.46484
G1 X141.273 Y157.955 E2760.3788
G1 X170.072 Y157.956 E2760.95352
G1 X170.072 Y112.156 E2761.86751
G1 X169.272 Y112.156 E2761.88347
G1 X169.272 Y156.645 E2762.7713
G1 X169.096 Y156.98 E2762.77885
G0 F12000 X168.87 Y156.591
;TYPE:WALL-OUTER
G1 F2400 X168.814 Y156.698 E2762.78126
G1 X168.707 Y156.754 E2762.78367
G1 X142.672 Y156.756 E2763.30323
G1 X142.53 Y156.698 E2763.30629
G1 X142.474 Y156.591 E2763.3087
G1 X142.472 Y111.756 E2764.20343
G1 X140.872 Y111.756 E2764.23536
G1 X140.873 Y158.355 E2765.16529
G1 X170.472 Y158.356 E2765.75597
G1 X170.472 Y111.756 E2766.68593
G1 X168.872 Y111.756 E2766.71786
G1 X168.87 Y156.591 E2767.61259
G1 F1500 E2761.11259
;MESH:NONMESH
G0 F300 X168.87 Y156.591 Z17.52
G0 F12000 X169.183 Y156.591
G0 X169.097 Y111.98
G0 X168.008 Y111.98
G0 X146.838 Y109.265
G0 X145.881 Y109.265
;TIME_ELAPSED:5440.147961
;LAYER:145
;TYPE:WALL-OUTER
;MESH:9VBatteryHolder_v2.stl
G1 F1500 E2767.61259
G1 F1635.4 X145.876 Y108.852 E2767.62468
G1 F1500 E2761.12468
G0 F12000 X146.838 Y108.852
G0 X164.508 Y108.852
G0 X165.468 Y108.852
G1 F1500 E2767.62468
G1 F1638.2 X165.462 Y109.266 E2767.63679
G1 F1500 E2761.13679
G0 F12000 X166.429 Y109.027
G0 X166.418 Y107.903
G0 X165.371 Y105.221
G0 X165.552 Y104.306
G1 F1500 E2767.63679
G1 F1920 X145.792 Y104.306 E2768.1297
G1 X145.818 Y103.806 E2768.14219
G1 X165.523 Y103.806 E2768.63373
G1 F1916.2 X165.552 Y104.306 E2768.64625
G1 F1500 E2762.14625
G0 F12000 X165.313 Y104.078
G0 X165.371 Y105.221
G0 X169.097 Y110.891
G0 X169.097 Y111.98
G0 X169.672 Y112.556
;TYPE:WALL-INNER
G1 F1500 E2768.64625
G1 F2400 X169.672 Y156.556 E2769.52432
G1 F2358.7 X169.665 Y156.73 E2769.52786
G0 F12000 X169.369 Y157.253
G1 F2436.5 X168.846 Y157.549 E2769.53967
G1 X169.686 Y157.57 E2769.55619
G1 F2442.7 X169.665 Y156.73 E2769.57266
G1 X169.369 Y157.253 E2769.58444
G0 F12000 X168.846 Y157.549
G1 F2352.9 X168.672 Y157.556 E2769.58799
G1 F2400 X142.672 Y157.556 E2770.10685
G0 F12000 X141.975 Y157.253
G1 F2436.5 X141.679 Y156.73 E2770.11866
G1 X141.658 Y157.57 E2770.13518
G1 F2487 X142.672 Y157.556 E2770.15471
G1 X141.975 Y157.253 E2770.16934
G0 F12000 X141.679 Y156.73
G1 F2352.9 X141.672 Y156.556 E2770.17289
G1 F2400 X141.672 Y112.556 E2771.05095
G1 F1500 E2764.55095
G0 F12000 X141.835 Y157.394
G0 X169.096 Y157.466
G0 X169.096 Y156.98
G1 F1500 E2771.05095
G1 F2400 X168.761 Y157.156 E2771.05851
G1 X142.672 Y157.156 E2771.57914
G1 X142.247 Y156.981 E2771.58831
G1 X142.072 Y156.645 E2771.59587
G1 X142.072 Y112.156 E2772.4837
G1 X141.272 Y112.156 E2772.49966
G1 X141.273 Y157.955 E2773.41363
G1 X170.072 Y157.956 E2773.98835
G1 X170.072 Y112.156 E2774.90234
G1 X169.272 Y112.156 E2774.9183
G1 X169.272 Y156.645 E2775.80613
G1 X169.096 Y156.98 E2775.81368
G0 F12000 X168.87 Y156.591
;TYPE:WALL-OUTER
G1 F2400 X168.814 Y156.698 E2775.81609
G1 X168.707 Y156.754 E2775.8185
G1 X142.672 Y156.756 E2776.33805
G1 X142.53 Y156.698 E2776.34112
G1 X142.474 Y156.591 E2776.34353
G1 X142.472 Y111.756 E2777.23826
G1 X140.872 Y111.756 E2777.27019
G1 X140.873 Y158.355 E2778.20012
G1 X170.472 Y158.356 E2778.7908
G1 X170.472 Y111.756 E2779.72075
G1 X168.872 Y111.756 E2779.75268
G1 X168.87 Y156.591 E2780.64741
G1 F1500 E2774.14741
;MESH:NONMESH
G0 F300 X168.87 Y156.591 Z17.64
G0 F12000 X169.183 Y156.591
G0 X169.097 Y111.98
G0 X168.008 Y111.98
G0 X146.838 Y109.377
G0 X145.993 Y109.377
;TIME_ELAPSED:5464.219534
;LAYER:146
;note -- min layer time used
;TYPE:WALL-OUTER
;MESH:9VBatteryHolder_v2.stl
G1 F1500 E2780.64741
G1 F664.8 X145.99 Y108.738 E2780.65892
G1 F1500 E2774.15892
G0 F12000 X146.838 Y108.738
G0 X164.508 Y109.378
G0 X165.35 Y109.378
G1 F1500 E2780.65892
G1 F666.7 X165.354 Y108.738 E2780.67042
G1 F1500 E2774.17042
G0 F12000 X165.354 Y107.891
G0 X165.114 Y105.221
G0 X165.296 Y104.306
G1 F1500 E2780.67042
G1 F480 X146.049 Y104.306 E2781.15054
G1 X146.077 Y103.806 E2781.16303
G1 X165.267 Y103.806 E2781.64172
G1 F479 X165.296 Y104.306 E2781.65424
G1 F1500 E2775.15424
G0 F12000 X165.056 Y104.078
G0 X156.672 Y104.126
G0 X156.672 Y105.221
G0 X156.672 Y154.03
G0 X156.672 Y155.125
G0 X156.672 Y157.556
;TYPE:WALL-INNER
G1 F1500 E2781.65424
G1 F600 X156.672 Y155.692 E2781.69144
G1 X154.672 Y155.692 E2781.73135
G1 X154.672 Y157.556 E2781.76855
G1 X156.672 Y157.556 E2781.80846
G0 F12000 X157.072 Y157.956
G1 F600 X157.072 Y155.292 E2781.86163
G1 X154.272 Y155.292 E2781.9175
G1 X154.272 Y157.956 E2781.97067
G1 X157.072 Y157.956 E2782.02654
G0 F12000 X157.472 Y158.356
;TYPE:WALL-OUTER
G1 F600 X157.472 Y154.892 E2782.09567
G1 X153.872 Y154.892 E2782.16751
G1 X153.872 Y158.356 E2782.23664
G1 X157.472 Y158.356 E2782.30848
G0 F12000 X157.193 Y158.076
G0 X156.572 Y157.196
G0 X156.312 Y157.196
;TYPE:SKIN
G1 F600 X155.032 Y157.196 E2782.33403
G1 X155.032 Y156.052 E2782.35686
G1 X156.312 Y156.052 E2782.3824
G1 X156.312 Y157.196 E2782.40523
G0 F12000 X156.572 Y157.196
G0 X156.5 Y155.864
G0 X155.687 Y155.792
G0 X155.687 Y156.252
G1 F600 X156.112 Y156.678 E2782.41724
G0 F12000 X155.865 Y156.996
G1 F600 X155.232 Y156.363 E2782.4351
G0 F12000 X155.232 Y156.929
G1 F600 X155.299 Y156.996 E2782.43699
G1 F1500 E2775.93699
;MESH:NONMESH
G0 F300 X155.299 Y156.996 Z17.76
G0 F12000 X155.299 Y157.456
G0 X156.5 Y157.384
G0 X157.249 Y155.119
G0 X157.249 Y154.03
G0 X157.249 Y105.221
G0 X165.036 Y104.306
;TIME_ELAPSED:5478.642335
;LAYER:147
;note -- min layer time used
;TYPE:WALL-OUTER
;MESH:9VBatteryHolder_v2.stl
G1 F1500 E2782.43699
G1 F480 X146.302 Y104.306 E2782.90432
G1 X146.332 Y103.806 E2782.91681
G1 X165.01 Y103.806 E2783.38274
G1 F479 X165.036 Y104.306 E2783.39525
G1 F1500 E2776.89525
G0 F12000 X164.798 Y104.074
G0 X156.672 Y104.126
G0 X156.672 Y105.221
G0 X156.672 Y154.238
G0 X156.672 Y155.333
G0 X156.672 Y157.556
;TYPE:WALL-INNER
G1 F1500 E2783.39525
G1 F600 X156.672 Y155.9 E2783.4283
G1 X154.672 Y155.9 E2783.46821
G1 X154.672 Y157.556 E2783.50126
G1 X156.672 Y157.556 E2783.54117
G0 F12000 X157.072 Y157.956
G1 F600 X157.072 Y155.5 E2783.59018
G1 X154.272 Y155.5 E2783.64606
G1 X154.272 Y157.956 E2783.69507
G1 X157.072 Y157.956 E2783.75095
G0 F12000 X157.472 Y158.356
;TYPE:WALL-OUTER
G1 F600 X157.472 Y155.1 E2783.81592
G1 X153.872 Y155.1 E2783.88777
G1 X153.872 Y158.356 E2783.95274
G1 X157.472 Y158.356 E2784.02458
G1 F1500 E2777.52458
G0 F12000 X157.193 Y158.076
G0 X155.5 Y157.356
G0 X155.5 Y156.728
;TYPE:SKIN
G1 F1500 E2784.02458
G1 F447.8 X155.844 Y156.728 E2784.03378
G0 F12000 X156.312 Y157.196
G1 F600 X155.032 Y157.196 E2784.05933
G1 X155.032 Y156.26 E2784.07801
G1 X156.312 Y156.26 E2784.10355
G1 X156.312 Y157.196 E2784.12223
G1 F1500 E2777.62223
;MESH:NONMESH
G0 F300 X156.312 Y157.196 Z17.88
G0 F12000 X156.572 Y157.196
G0 X157.249 Y155.327
G0 X157.249 Y154.238
G0 X157.249 Y105.221
G0 X164.74 Y104.306
;TIME_ELAPSED:5491.082937
;LAYER:148
;note -- min layer time used
;TYPE:WALL-OUTER
;MESH:9VBatteryHolder_v2.stl
G1 F1500 E2784.12223
G1 F480 X146.604 Y104.306 E2784.57463
G1 X146.589 Y103.806 E2784.58711
G1 X164.755 Y103.805 E2785.04026
G1 F481 X164.74 Y104.306 E2785.05274
G1 F1500 E2778.55274
G0 F12000 X164.518 Y104.074
G0 X156.672 Y104.126
G0 X156.672 Y105.221
G0 X156.672 Y154.446
G0 X156.672 Y155.541
G0 X156.672 Y157.556
;TYPE:WALL-INNER
G1 F1500 E2785.05274
G1 F600 X156.672 Y156.108 E2785.08164
G1 X154.672 Y156.108 E2785.12155
G1 X154.672 Y157.556 E2785.15045
G1 X156.672 Y157.556 E2785.19036
G0 F12000 X157.072 Y157.956
G1 F600 X157.072 Y155.708 E2785.23522
G1 X154.272 Y155.708 E2785.2911
G1 X154.272 Y157.956 E2785.33596
G1 X157.072 Y157.956 E2785.39184
G0 F12000 X157.472 Y158.356
;TYPE:WALL-OUTER
G1 F600 X157.472 Y155.308 E2785.45266
G1 X153.872 Y155.308 E2785.5245
G1 X153.872 Y158.356 E2785.58533
G1 X157.472 Y158.356 E2785.65717
G0 F12000 X157.193 Y158.076
G0 X156.572 Y157.114
G0 X156.23 Y157.114
;TYPE:SKIN
G1 F425.5 X155.114 Y157.114 E2785.68857
G1 X155.114 Y156.55 E2785.70444
G1 X156.23 Y156.55 E2785.73585
G1 X156.23 Y157.114 E2785.75172
G1 F1500 E2779.25172
;MESH:NONMESH
G0 F300 X156.23 Y157.114 Z18
G0 F12000 X156.572 Y157.114
G0 X157.249 Y155.535
G0 X157.249 Y154.446
G0 X157.249 Y105.221
G0 X164.461 Y104.306
;TIME_ELAPSED:5502.537473
;LAYER:149
;note -- min layer time used
;TYPE:WALL-OUTER
;MESH:9VBatteryHolder_v2.stl
G1 F1500 E2785.75172
G1 F480 X146.881 Y104.306 E2786.19025
G1 X146.863 Y103.806 E2786.20273
G1 X164.475 Y103.806 E2786.64206
G1 F481 X164.461 Y104.306 E2786.65452
G1 F1500 E2780.15452
G0 F12000 X164.237 Y104.075
G0 X156.672 Y104.126
G0 X156.672 Y105.221
G0 X156.672 Y154.654
G0 X156.672 Y155.749
G0 X156.672 Y157.556
;TYPE:WALL-INNER
G1 F1500 E2786.65452
G1 F600 X156.672 Y156.316 E2786.67926
G1 X154.672 Y156.316 E2786.71917
G1 X154.672 Y157.556 E2786.74392
G1 X156.672 Y157.556 E2786.78383
G0 F12000 X157.072 Y157.956
G1 F600 X157.072 Y155.916 E2786.82454
G1 X154.272 Y155.916 E2786.88042
G1 X154.272 Y157.956 E2786.92113
G1 X157.072 Y157.956 E2786.97701
G0 F12000 X157.472 Y158.356
;TYPE:WALL-OUTER
G1 F600 X157.472 Y155.516 E2787.03368
G1 X153.872 Y155.516 E2787.10552
G1 X153.872 Y158.356 E2787.1622
G1 X157.472 Y158.356 E2787.23404
G0 F12000 X157.193 Y158.076
G0 X156.572 Y157.166
G0 X156.282 Y157.166
;TYPE:SKIN
G1 F521.7 X155.062 Y157.166 E2787.26204
G1 X155.062 Y156.706 E2787.2726
G1 X156.282 Y156.706 E2787.3006
G1 X156.282 Y157.166 E2787.31115
G1 F1500 E2780.81115
;MESH:NONMESH
G0 F300 X156.282 Y157.166 Z18.12
G0 F12000 X156.572 Y157.166
G0 X157.249 Y155.743
G0 X157.249 Y154.654
G0 X157.249 Y105.221
G0 X164.125 Y104.306
;TIME_ELAPSED:5513.627118
;LAYER:150
;note -- min layer time used
;TYPE:WALL-OUTER
;MESH:9VBatteryHolder_v2.stl
G1 F1500 E2787.31115
G1 F480 X147.214 Y104.306 E2787.733
G1 X147.244 Y103.806 E2787.74549
G1 X164.098 Y103.806 E2788.16592
G1 F479 X164.125 Y104.306 E2788.17843
G1 F1500 E2781.67843
G0 F12000 X163.887 Y104.078
G0 X156.672 Y104.126
G0 X156.672 Y105.221
G0 X156.672 Y154.862
G0 X156.672 Y155.957
G0 X156.672 Y157.556
;TYPE:WALL-INNER
G1 F1500 E2788.17843
G1 F600 X156.672 Y156.524 E2788.19903
G1 X154.672 Y156.524 E2788.23894
G1 X154.672 Y157.556 E2788.25954
G1 X156.672 Y157.556 E2788.29945
G0 F12000 X157.072 Y157.956
G1 F600 X157.072 Y156.124 E2788.33601
G1 X154.272 Y156.124 E2788.39188
G1 X154.272 Y157.956 E2788.42844
G1 X157.072 Y157.956 E2788.48432
G0 F12000 X157.472 Y158.356
;TYPE:WALL-OUTER
G1 F600 X157.472 Y155.724 E2788.53685
G1 X153.872 Y155.724 E2788.60869
G1 X153.872 Y158.356 E2788.66121
G1 X157.472 Y158.356 E2788.73305
G0 F12000 X157.193 Y158.076
G0 X156.572 Y157.218
G0 X156.334 Y157.218
;TYPE:SKIN
G1 F674.2 X155.01 Y157.218 E2788.75657
G1 X155.01 Y156.862 E2788.76289
G1 X156.334 Y156.862 E2788.78641
G1 X156.334 Y157.218 E2788.79273
G1 F1500 E2782.29273
;MESH:NONMESH
G0 F300 X156.334 Y157.218 Z18.24
G0 F12000 X156.572 Y157.218
G0 X157.249 Y155.951
G0 X157.249 Y154.862
G0 X157.249 Y105.221
G0 X163.684 Y104.306
;TIME_ELAPSED:5524.315547
;LAYER:151
;note -- min layer time used
;TYPE:WALL-OUTER
;MESH:9VBatteryHolder_v2.stl
G1 F1500 E2788.79273
G1 F480 X147.659 Y104.306 E2789.19248
G1 X147.691 Y103.806 E2789.20497
G1 X163.653 Y103.806 E2789.60315
G1 F479 X163.684 Y104.306 E2789.61567
G1 F1500 E2783.11567
G0 F12000 X163.445 Y104.074
G0 X156.672 Y104.126
G0 X156.672 Y105.221
G0 X156.672 Y155.07
G0 X156.672 Y156.165
G0 X156.672 Y157.556
;TYPE:WALL-INNER
G1 F1500 E2789.61567
G1 F600 X156.672 Y156.732 E2789.63211
G1 X154.672 Y156.732 E2789.67202
G1 X154.672 Y157.556 E2789.68847
G1 X156.672 Y157.556 E2789.72838
G0 F12000 X157.072 Y157.956
G1 F600 X157.072 Y156.332 E2789.76079
G1 X154.272 Y156.332 E2789.81667
G1 X154.272 Y157.956 E2789.84907
G1 X157.072 Y157.956 E2789.90495
G0 F12000 X157.472 Y158.356
;TYPE:WALL-OUTER
G1 F600 X157.472 Y155.932 E2789.95333
G1 X153.872 Y155.932 E2790.02517
G1 X153.872 Y158.356 E2790.07354
G1 X157.472 Y158.356 E2790.14538
G0 F12000 X157.193 Y158.076
G0 X154.59 Y157.638
G0 X154.59 Y156.65
G0 X155.084 Y156.832
G0 X155.084 Y157.144
;TYPE:SKIN
G1 F476.2 X156.26 Y157.144 E2790.17495
G1 F1500 E2783.67495
;MESH:NONMESH
G0 F300 X156.26 Y157.144 Z18.36
G0 F12000 X156.26 Y156.832
G0 X157.249 Y156.159
G0 X157.249 Y155.07
G0 X157.249 Y105.221
G0 X163.183 Y104.306
;TIME_ELAPSED:5534.670764
;LAYER:152
;note -- min layer time used
;TYPE:WALL-OUTER
;MESH:9VBatteryHolder_v2.stl
G1 F1500 E2790.17495
G1 F480 X148.161 Y104.306 E2790.54968
G1 X148.143 Y103.806 E2790.56216
G1 X163.201 Y103.806 E2790.93778
G1 F481 X163.183 Y104.306 E2790.95024
G1 F1500 E2784.45024
G0 F12000 X162.962 Y104.074
G0 X156.618 Y104.126
G0 X156.618 Y105.221
G0 X156.618 Y155.278
G0 X156.618 Y156.373
G0 X156.618 Y157.502
;TYPE:WALL-INNER
G1 F1500 E2790.95024
G1 F472.4 X156.618 Y156.994 E2790.96311
G1 X154.726 Y156.994 E2791.01106
G1 X154.726 Y157.502 E2791.02394
G1 X156.618 Y157.502 E2791.07189
G0 F12000 X157.072 Y157.956
G1 F600 X157.072 Y156.54 E2791.10015
G1 X154.272 Y156.54 E2791.15602
G1 X154.272 Y157.956 E2791.18428
G1 X157.072 Y157.956 E2791.24016
G0 F12000 X157.472 Y158.356
;TYPE:WALL-OUTER
G1 F600 X157.472 Y156.14 E2791.28438
G1 X153.872 Y156.14 E2791.35622
G1 X153.872 Y158.356 E2791.40045
G1 X157.472 Y158.356 E2791.47229
G0 F12000 X156.463 Y157.464
G1 F1500 E2784.97229
;MESH:NONMESH
G0 F300 X156.463 Y157.464 Z18.48
G0 F12000 X157.249 Y156.367
G0 X157.249 Y155.278
G0 X157.249 Y105.221
G0 X162.398 Y104.306
;TIME_ELAPSED:5544.357329
;LAYER:153
;note -- min layer time used
;TYPE:WALL-OUTER
;MESH:9VBatteryHolder_v2.stl
G1 F1500 E2791.47229
G1 F480 X148.942 Y104.306 E2791.80795
G1 X148.986 Y103.806 E2791.82047
G1 X162.359 Y103.806 E2792.15406
G1 X162.398 Y104.306 E2792.16657
G1 F1500 E2785.66657
G0 F12000 X162.157 Y104.079
G0 X156.67 Y104.126
G0 X156.67 Y105.221
G0 X156.67 Y155.486
G0 X156.67 Y156.581
G0 X156.67 Y157.554
;TYPE:WALL-INNER
G1 F1500 E2792.16657
G1 F594.1 X156.67 Y157.15 E2792.17472
G1 X154.674 Y157.15 E2792.21495
G1 X154.674 Y157.554 E2792.22309
G1 X156.67 Y157.554 E2792.26332
G0 F12000 X157.072 Y157.956
G1 F600 X157.072 Y156.748 E2792.28743
G1 X154.272 Y156.748 E2792.3433
G1 X154.272 Y157.956 E2792.36741
G1 X157.072 Y157.956 E2792.42329
G0 F12000 X157.472 Y158.356
;TYPE:WALL-OUTER
G1 F600 X157.472 Y156.348 E2792.46336
G1 X153.872 Y156.348 E2792.5352
G1 X153.872 Y158.356 E2792.57527
G1 X157.472 Y158.356 E2792.64711
G0 F12000 X156.463 Y157.464
;MESH:NONMESH
G0 F300 X156.463 Y157.464 Z18.6
G0 F12000 X154.772 Y157.456
;TIME_ELAPSED:5552.360653
;LAYER:154
;note -- min layer time used
;TYPE:WALL-INNER
;MESH:9VBatteryHolder_v2.stl
G1 F400 X156.572 Y157.456 E2792.701
G0 F12000 X157.072 Y157.956
G1 F600 X157.072 Y156.956 E2792.72095
G1 X154.272 Y156.956 E2792.77683
G1 X154.272 Y157.956 E2792.79679
G1 X157.072 Y157.956 E2792.85266
G0 F12000 X157.472 Y158.356
;TYPE:WALL-OUTER
G1 F600 X157.472 Y156.556 E2792.88858
G1 X153.872 Y156.556 E2792.96043
G1 X153.872 Y158.356 E2792.99635
G1 X157.472 Y158.356 E2793.06819
G0 F12000 X156.463 Y157.464
;MESH:NONMESH
G0 F300 X156.463 Y157.464 Z18.72
G0 F12000 X154.668 Y157.56
;TIME_ELAPSED:5554.859681
;LAYER:155
;note -- min layer time used
;TYPE:WALL-INNER
;MESH:9VBatteryHolder_v2.stl
G1 F612.2 X156.676 Y157.56 E2793.10746
G0 F12000 X157.072 Y157.956
G1 F600 X157.072 Y157.164 E2793.12326
G1 X154.272 Y157.164 E2793.17914
G1 X154.272 Y157.956 E2793.19495
G1 X157.072 Y157.956 E2793.25082
G0 F12000 X157.472 Y158.356
;TYPE:WALL-OUTER
G1 F600 X157.472 Y156.764 E2793.28259
G1 X153.872 Y156.764 E2793.35443
G1 X153.872 Y158.356 E2793.3862
G1 X157.472 Y158.356 E2793.45805
;MESH:NONMESH
G0 F300 X157.472 Y158.356 Z18.84
G0 F12000 X157.026 Y157.91
;TIME_ELAPSED:5557.064704
;LAYER:156
;note -- min layer time used
;TYPE:WALL-INNER
;MESH:9VBatteryHolder_v2.stl
G1 F487.8 X157.026 Y157.418 E2793.47012
G1 X154.318 Y157.418 E2793.53659
G1 X154.318 Y157.91 E2793.54867
G1 X157.026 Y157.91 E2793.61514
G0 F12000 X157.472 Y158.356
;TYPE:WALL-OUTER
G1 F600 X157.472 Y156.972 E2793.64276
G1 X153.872 Y156.972 E2793.7146
G1 X153.872 Y158.356 E2793.74222
G1 X157.472 Y158.356 E2793.81406
;MESH:NONMESH
G0 F300 X157.472 Y158.356 Z18.96
G0 F12000 X157.078 Y157.962
;TIME_ELAPSED:5559.035029
;LAYER:157
;note -- min layer time used
;TYPE:WALL-INNER
;MESH:9VBatteryHolder_v2.stl
G1 F618.6 X157.078 Y157.574 E2793.82157
G1 X154.266 Y157.574 E2793.87601
G1 X154.266 Y157.962 E2793.88352
G1 X157.078 Y157.962 E2793.93795
G0 F12000 X157.472 Y158.356
;TYPE:WALL-OUTER
G1 F600 X157.472 Y157.18 E2793.96142
G1 X153.872 Y157.18 E2794.03326
G1 X153.872 Y158.356 E2794.05673
G1 X157.472 Y158.356 E2794.12857
;MESH:NONMESH
G0 F300 X157.472 Y158.356 Z19.08
G0 F12000 X157.193 Y158.076
G0 X154.356 Y157.872
;TIME_ELAPSED:5560.899450
;LAYER:158
;note -- min layer time used
;TYPE:WALL-INNER
;MESH:9VBatteryHolder_v2.stl
G1 F422.5 X156.988 Y157.872 E2794.20316
G0 F12000 X157.472 Y158.356
;TYPE:WALL-OUTER
G1 F600 X157.472 Y157.388 E2794.22247
G1 X153.872 Y157.388 E2794.29432
G1 X153.872 Y158.356 E2794.31363
G1 X157.472 Y158.356 E2794.38547
;MESH:NONMESH
G0 F300 X157.472 Y158.356 Z19.2
G0 F12000 X157.193 Y158.076
G0 X154.252 Y157.976
;TIME_ELAPSED:5562.480948
;LAYER:159
;note -- min layer time used
;TYPE:WALL-INNER
;MESH:9VBatteryHolder_v2.stl
G1 F666.7 X157.092 Y157.976 E2794.43648
G0 F12000 X157.472 Y158.356
;TYPE:WALL-OUTER
G1 F600 X157.472 Y157.596 E2794.45165
G1 X153.872 Y157.596 E2794.52349
G1 X153.872 Y158.356 E2794.53866
G1 X157.472 Y158.356 E2794.6105
;MESH:NONMESH
G0 F300 X157.472 Y158.356 Z19.32
G0 F12000 X157.434 Y158.318
;TIME_ELAPSED:5563.745674
;LAYER:160
;note -- min layer time used
;TYPE:WALL-OUTER
;MESH:9VBatteryHolder_v2.stl
G1 F504.2 X153.91 Y158.318 E2794.69419
G1 X153.91 Y157.842 E2794.70549
G1 X157.434 Y157.842 E2794.78918
G1 X157.434 Y158.318 E2794.80048
;MESH:NONMESH
G0 F300 X157.434 Y158.318 Z19.44
G0 F12000 X157.486 Y158.37
;TIME_ELAPSED:5564.771122
;LAYER:161
;note -- min layer time used
;TYPE:WALL-OUTER
;MESH:9VBatteryHolder_v2.stl
G1 F645.2 X153.858 Y158.37 E2794.86781
G1 X153.858 Y157.998 E2794.87472
G1 X157.486 Y157.998 E2794.94205
G1 X157.486 Y158.37 E2794.94895
;MESH:NONMESH
G0 F300 X157.486 Y158.37 Z19.56
G0 F12000 X157.404 Y158.288
;TIME_ELAPSED:5565.604435
;LAYER:162
;note -- min layer time used
;TYPE:WALL-OUTER
;MESH:9VBatteryHolder_v2.stl
G1 F447.8 X153.94 Y158.288 E2795.04159
;TIME_ELAPSED:5566.076786
G1 F1500 E2788.54159
M140 S0
M107
G91 ;Relative positioning
G1 E-2 F2700 ;Retract a bit
G1 E-2 Z0.2 F2400 ;Retract and raise Z
G1 X5 Y5 F3000 ;Wipe out
G1 Z10 ;Raise Z more
G90 ;Absolute positioning

G1 X0 Y220 ;Present print
M106 S0 ;Turn-off fan
M104 S0 ;Turn-off hotend
M140 S0 ;Turn-off bed

M84 X Y E ;Disable all steppers but Z

M82 ;absolute extrusion mode
M104 S0
;End of Gcode
;SETTING_3 {"global_quality": "[general]\\nversion = 4\\nname = SuperQualityCust
;SETTING_3 om\\ndefinition = creality_ender3pro\\n\\n[metadata]\\ntype = quality
;SETTING_3 _changes\\nquality_type = super\\nsetting_version = 25\\n\\n[values]\
;SETTING_3 \nadhesion_type = skirt\\nmaterial_bed_temperature = 65\\nmaterial_be
;SETTING_3 d_temperature_layer_0 = 50\\nsupport_enable = True\\nsupport_structur
;SETTING_3 e = tree\\nsupport_type = everywhere\\n\\n", "extruder_quality": ["[g
;SETTING_3 eneral]\\nversion = 4\\nname = SuperQualityCustom\\ndefinition = crea
;SETTING_3 lity_ender3pro\\n\\n[metadata]\\ntype = quality_changes\\nquality_typ
;SETTING_3 e = super\\nintent_category = default\\nposition = 0\\nsetting_versio
;SETTING_3 n = 25\\n\\n[values]\\ninfill_sparse_density = 10\\nmaterial_print_te
;SETTING_3 mperature = 205\\nspeed_print = 80\\nsupport_angle = 55\\nxy_offset_l
;SETTING_3 ayer_0 = -0.1\\nz_seam_corner = z_seam_corner_inner\\nz_seam_type = s
;SETTING_3 harpest_corner\\n\\n"]}
