;FLAVOR:Marlin
;TIME:3161
;Filament used: 2.92183m
;Layer height: 0.2
;MINX:84
;MINY:71
;MINZ:0.2
;MAXX:136
;MAXY:148
;MAXZ:21.2
;TARGET_MACHINE.NAME:Creality Ender-3 Pro
;Generated with Cura_SteamEngine 5.10.0
START_PRINT BED_TEMP=60 EXTRUDER_TEMP=205
M82 ;absolute extrusion mode
G92 E0
G92 E0
G1 F1500 E-6.5
;LAYER_COUNT:106
;LAYER:0
M107
G0 F6000 X86.731 Y74.765 Z0.2
;TYPE:SKIRT
G1 F1500 E0
G1 F1200 X87.456 Y74.013 E0.03474
G1 X88.192 Y73.376 E0.06712
G1 X88.924 Y72.846 E0.09718
G1 X89.821 Y72.311 E0.13191
G1 X90.699 Y71.89 E0.1643
G1 X91.612 Y71.548 E0.19673
G1 X92.549 Y71.289 E0.22906
G1 X93.516 Y71.111 E0.26176
G1 X94.655 Y71.015 E0.29978
G1 X95.312 Y71 E0.32164
G1 X124.304 Y71 E1.28592
G1 X125.184 Y71.013 E1.31519
G1 X126.156 Y71.072 E1.34758
G1 X127.119 Y71.218 E1.37997
G1 X128.066 Y71.449 E1.41239
G1 X128.954 Y71.749 E1.44357
G1 X129.846 Y72.139 E1.47595
G1 X130.729 Y72.626 E1.50949
G1 X131.48 Y73.128 E1.53953
G1 X132.295 Y73.786 E1.57437
G1 X132.993 Y74.464 E1.60674
G1 X133.629 Y75.201 E1.63911
G1 X134.199 Y75.991 E1.67151
G1 X134.661 Y76.767 E1.70155
G1 X135.115 Y77.709 E1.73633
G1 X135.444 Y78.587 E1.76752
G1 X135.713 Y79.559 E1.80106
G1 X135.89 Y80.525 E1.83373
G1 X135.985 Y81.655 E1.87144
G1 X136 Y82.33 E1.8939
G1 X135.999 Y136.4 E3.69227
G1 X135.988 Y137.163 E3.71765
G1 X135.931 Y138.136 E3.75007
G1 X135.786 Y139.099 E3.78246
G1 X135.557 Y140.045 E3.81483
G1 X135.246 Y140.969 E3.84726
G1 X134.854 Y141.86 E3.87964
G1 X134.386 Y142.712 E3.91197
G1 X133.864 Y143.493 E3.94321
G1 X133.231 Y144.278 E3.97675
G1 X132.606 Y144.929 E4.00677
G1 X131.817 Y145.617 E4.04159
G1 X131.057 Y146.167 E4.07279
G1 X130.19 Y146.684 E4.10636
G1 X129.312 Y147.106 E4.13876
G1 X128.401 Y147.448 E4.17113
G1 X127.462 Y147.709 E4.20354
G1 X126.496 Y147.887 E4.23621
G1 X125.345 Y147.985 E4.27463
G1 X124.67 Y148 E4.29709
G1 X95.564 Y147.999 E5.26516
G1 X94.831 Y147.988 E5.28954
G1 X93.859 Y147.931 E5.32193
G1 X92.896 Y147.785 E5.35432
G1 X91.95 Y147.556 E5.3867
G1 X91.026 Y147.244 E5.41913
G1 X90.136 Y146.852 E5.45148
G1 X89.313 Y146.401 E5.48269
G1 X88.474 Y145.84 E5.51626
G1 X87.77 Y145.274 E5.54631
G1 X87.017 Y144.549 E5.58107
G1 X86.38 Y143.813 E5.61345
G1 X85.85 Y143.082 E5.64348
G1 X85.314 Y142.185 E5.67823
G1 X84.892 Y141.307 E5.71063
G1 X84.55 Y140.395 E5.74303
G1 X84.29 Y139.457 E5.7754
G1 X84.112 Y138.488 E5.80817
G1 X84.014 Y137.309 E5.84752
G1 X84 Y136.658 E5.86918
G1 X84.001 Y82.525 E7.66965
G1 X84.012 Y81.825 E7.69293
G1 X84.07 Y80.852 E7.72535
G1 X84.216 Y79.889 E7.75775
G1 X84.446 Y78.943 E7.79013
G1 X84.759 Y78.02 E7.82255
G1 X85.151 Y77.13 E7.85489
G1 X85.621 Y76.277 E7.88728
G1 X86.164 Y75.469 E7.91966
G1 X86.731 Y74.765 E7.94973
G0 F6000 X87.043 Y75.016
G1 F1200 X87.718 Y74.315 E7.98209
G1 X88.427 Y73.7 E8.01331
G1 X89.159 Y73.17 E8.04337
G1 X89.995 Y72.671 E8.07575
G1 X90.84 Y72.264 E8.10695
G1 X91.719 Y71.933 E8.13819
G1 X92.622 Y71.682 E8.16936
G1 X93.55 Y71.51 E8.20075
G1 X94.689 Y71.414 E8.23877
G1 X95.321 Y71.4 E8.25979
G1 X124.298 Y71.4 E9.22357
G1 X125.16 Y71.412 E9.25225
G1 X126.097 Y71.468 E9.28347
G1 X127.025 Y71.607 E9.31468
G1 X127.938 Y71.828 E9.34592
G1 X128.794 Y72.116 E9.37596
G1 X129.686 Y72.506 E9.40834
G1 X130.507 Y72.959 E9.43953
G1 X131.258 Y73.461 E9.46957
G1 X132.017 Y74.073 E9.502
G1 X132.691 Y74.726 E9.53321
G1 X133.305 Y75.435 E9.56441
G1 X133.855 Y76.196 E9.59564
G1 X134.317 Y76.972 E9.62567
G1 X134.74 Y77.849 E9.65806
G1 X135.069 Y78.727 E9.68924
G1 X135.32 Y79.632 E9.72048
G1 X135.491 Y80.559 E9.75183
G1 X135.586 Y81.689 E9.78955
G1 X135.6 Y82.33 E9.81087
G1 X135.599 Y136.395 E11.60908
G1 X135.589 Y137.14 E11.63386
G1 X135.535 Y138.077 E11.66508
G1 X135.397 Y139.006 E11.69632
G1 X135.178 Y139.918 E11.72751
G1 X134.88 Y140.808 E11.75873
G1 X134.503 Y141.668 E11.78996
G1 X134.053 Y142.49 E11.82113
G1 X133.531 Y143.271 E11.85238
G1 X132.942 Y144.001 E11.88357
G1 X132.317 Y144.652 E11.91359
G1 X131.582 Y145.293 E11.94603
G1 X130.822 Y145.843 E11.97723
G1 X130.016 Y146.324 E12.00845
G1 X129.171 Y146.732 E12.03966
G1 X128.293 Y147.063 E12.07086
G1 X127.389 Y147.316 E12.10209
G1 X126.462 Y147.488 E12.13345
G1 X125.311 Y147.586 E12.17187
G1 X124.67 Y147.6 E12.19319
G1 X95.57 Y147.599 E13.16106
G1 X94.854 Y147.589 E13.18488
G1 X93.918 Y147.535 E13.21606
G1 X92.989 Y147.396 E13.2473
G1 X92.077 Y147.177 E13.2785
G1 X91.187 Y146.878 E13.30973
G1 X90.328 Y146.501 E13.34093
G1 X89.505 Y146.05 E13.37214
G1 X88.725 Y145.528 E13.40336
G1 X88.021 Y144.962 E13.4334
G1 X87.319 Y144.287 E13.46579
G1 X86.704 Y143.578 E13.49701
G1 X86.174 Y142.847 E13.52704
G1 X85.674 Y142.011 E13.55944
G1 X85.266 Y141.166 E13.59065
G1 X84.935 Y140.288 E13.62186
G1 X84.683 Y139.384 E13.65307
G1 X84.511 Y138.455 E13.6845
G1 X84.413 Y137.276 E13.72384
G1 X84.4 Y136.658 E13.7444
G1 X84.401 Y82.531 E15.54468
G1 X84.411 Y81.848 E15.56739
G1 X84.466 Y80.911 E15.59861
G1 X84.605 Y79.983 E15.62982
G1 X84.825 Y79.071 E15.66103
G1 X85.125 Y78.181 E15.69226
G1 X85.502 Y77.322 E15.72346
G1 X85.953 Y76.5 E15.75465
G1 X86.476 Y75.72 E15.78588
G1 X87.043 Y75.016 E15.81595
G0 F6000 X87.355 Y75.267
G1 F1200 X87.981 Y74.617 E15.84596
G1 X88.662 Y74.024 E15.876
G1 X89.394 Y73.494 E15.90606
G1 X90.169 Y73.031 E15.93608
G1 X90.982 Y72.638 E15.96612
G1 X91.827 Y72.318 E15.99617
G1 X92.696 Y72.075 E16.02618
G1 X93.584 Y71.909 E16.05623
G1 X94.723 Y71.813 E16.09424
G1 X95.33 Y71.8 E16.11444
G1 X124.293 Y71.8 E17.07775
G1 X125.137 Y71.811 E17.10583
G1 X126.039 Y71.864 E17.13588
G1 X126.932 Y71.996 E17.1659
G1 X127.81 Y72.207 E17.19594
G1 X128.666 Y72.495 E17.22597
G1 X129.493 Y72.857 E17.256
G1 X130.285 Y73.292 E17.28605
G1 X131.036 Y73.794 E17.3161
G1 X131.739 Y74.361 E17.34614
G1 X132.389 Y74.988 E17.37618
G1 X132.981 Y75.67 E17.40621
G1 X133.511 Y76.401 E17.43624
G1 X133.973 Y77.177 E17.46628
G1 X134.366 Y77.99 E17.49632
G1 X134.684 Y78.835 E17.52635
G1 X134.927 Y79.705 E17.55639
G1 X135.092 Y80.593 E17.58643
G1 X135.187 Y81.723 E17.62415
G1 X135.2 Y82.33 E17.64434
G1 X135.199 Y136.39 E19.44238
G1 X135.19 Y137.117 E19.46657
G1 X135.139 Y138.019 E19.49661
G1 X135.008 Y138.913 E19.52667
G1 X134.799 Y139.791 E19.55668
G1 X134.513 Y140.648 E19.58673
G1 X134.152 Y141.476 E19.61678
G1 X133.72 Y142.268 E19.64678
G1 X133.219 Y143.02 E19.67684
G1 X132.653 Y143.724 E19.70688
G1 X132.028 Y144.375 E19.7369
G1 X131.347 Y144.969 E19.76695
G1 X130.616 Y145.5 E19.797
G1 X129.842 Y145.964 E19.82702
G1 X129.029 Y146.358 E19.85707
G1 X128.185 Y146.678 E19.88709
G1 X127.315 Y146.923 E19.91715
G1 X126.428 Y147.089 E19.94716
G1 X125.277 Y147.187 E19.98558
G1 X124.67 Y147.2 E20.00578
G1 X95.575 Y147.199 E20.97348
G1 X94.877 Y147.19 E20.9967
G1 X93.976 Y147.139 E21.02671
G1 X93.082 Y147.007 E21.05677
G1 X92.204 Y146.798 E21.08679
G1 X91.347 Y146.511 E21.11685
G1 X90.52 Y146.15 E21.14686
G1 X89.727 Y145.717 E21.17691
G1 X88.976 Y145.216 E21.20694
G1 X88.272 Y144.65 E21.23698
G1 X87.621 Y144.024 E21.26702
G1 X87.028 Y143.343 E21.29706
G1 X86.498 Y142.612 E21.32709
G1 X86.034 Y141.837 E21.35713
G1 X85.64 Y141.024 E21.38718
G1 X85.32 Y140.18 E21.4172
G1 X85.076 Y139.31 E21.44725
G1 X84.91 Y138.422 E21.4773
G1 X84.813 Y137.267 E21.51585
G1 X84.8 Y136.658 E21.53611
G1 X84.801 Y82.536 E23.33622
G1 X84.81 Y81.871 E23.35834
G1 X84.862 Y80.969 E23.38839
G1 X84.994 Y80.076 E23.41841
G1 X85.204 Y79.198 E23.44844
G1 X85.491 Y78.341 E23.4785
G1 X85.853 Y77.514 E23.50852
G1 X86.286 Y76.722 E23.53854
G1 X86.788 Y75.971 E23.56859
G1 X87.355 Y75.267 E23.59865
G1 F1500 E17.09865
;MESH:9VBatteryHolder_v3.stl
G0 F6000 X94.435 Y82.53
G0 X95.53 Y82.53
G0 X96.272 Y135.728
G0 X123.9 Y135.9
;TYPE:WALL-INNER
G1 F1500 E23.59865
G1 F1200 X123.9 Y83.1 E25.35479
G1 X96.1 Y83.1 E26.27942
G1 X96.1 Y135.9 E28.03556
G1 X123.9 Y135.9 E28.96019
G0 F6000 X124.3 Y136.3
G1 F1200 X124.3 Y82.7 E30.74293
G1 X95.7 Y82.7 E31.69417
G1 X95.7 Y136.3 E33.47691
G1 X124.3 Y136.3 E34.42815
G0 F6000 X124.7 Y136.7
;TYPE:WALL-OUTER
G1 F1200 X124.7 Y82.3 E36.23751
G1 X95.3 Y82.3 E37.21535
G1 X95.3 Y136.7 E39.02471
G1 X124.7 Y136.7 E40.00255
G0 F6000 X124.42 Y136.42
G0 X123.8 Y135.54
G0 X123.54 Y135.54
;TYPE:SKIN
G1 F1200 X96.46 Y135.54 E40.90324
G1 X96.46 Y83.46 E42.63543
G1 X123.54 Y83.46 E43.53611
G1 X123.54 Y135.54 E45.2683
G0 F6000 X123.8 Y135.54
G0 X96.873 Y135.8
G0 X96.873 Y135.34
G1 F1200 X96.659 Y135.126 E45.27836
G0 F6000 X96.659 Y134.56
G1 F1200 X97.439 Y135.34 E45.31505
G0 F6000 X98.004 Y135.34
G1 F1200 X96.659 Y133.995 E45.37832
G0 F6000 X96.659 Y133.429
G1 F1200 X98.57 Y135.34 E45.4682
G0 F6000 X99.136 Y135.34
G1 F1200 X96.659 Y132.863 E45.58472
G0 F6000 X96.659 Y132.298
G1 F1200 X99.701 Y135.34 E45.7278
G0 F6000 X100.267 Y135.34
G1 F1200 X96.659 Y131.732 E45.89751
G0 F6000 X96.659 Y131.166
G1 F1200 X100.833 Y135.34 E46.09384
G0 F6000 X101.398 Y135.34
G1 F1200 X96.659 Y130.601 E46.31675
G0 F6000 X96.659 Y130.035
G1 F1200 X101.964 Y135.34 E46.56628
G0 F6000 X102.53 Y135.34
G1 F1200 X96.659 Y129.469 E46.84244
G0 F6000 X96.659 Y128.903
G1 F1200 X103.095 Y135.34 E47.14519
G0 F6000 X103.661 Y135.34
G1 F1200 X96.659 Y128.338 E47.47454
G0 F6000 X96.659 Y127.772
G1 F1200 X104.227 Y135.34 E47.83052
G0 F6000 X104.793 Y135.34
G1 F1200 X96.659 Y127.206 E48.21312
G0 F6000 X96.659 Y126.641
G1 F1200 X105.358 Y135.34 E48.62229
G0 F6000 X105.924 Y135.34
G1 F1200 X96.659 Y126.075 E49.05809
G0 F6000 X96.659 Y125.509
G1 F1200 X106.49 Y135.34 E49.52051
G0 F6000 X107.055 Y135.34
G1 F1200 X96.659 Y124.944 E50.0095
G0 F6000 X96.659 Y124.378
G1 F1200 X107.621 Y135.34 E50.52512
G0 F6000 X108.187 Y135.34
G1 F1200 X96.659 Y123.812 E51.06736
G0 F6000 X96.659 Y123.247
G1 F1200 X108.752 Y135.34 E51.63618
G0 F6000 X109.318 Y135.34
G1 F1200 X96.659 Y122.681 E52.23162
G0 F6000 X96.659 Y122.115
G1 F1200 X109.884 Y135.34 E52.85369
G0 F6000 X110.449 Y135.34
G1 F1200 X96.659 Y121.55 E53.50232
G0 F6000 X96.659 Y120.984
G1 F1200 X111.015 Y135.34 E54.17759
G0 F6000 X111.581 Y135.34
G1 F1200 X96.659 Y120.418 E54.87947
G0 F6000 X96.659 Y119.852
G1 F1200 X112.146 Y135.34 E55.60796
G0 F6000 X112.712 Y135.34
G1 F1200 X96.659 Y119.287 E56.36304
G0 F6000 X96.659 Y118.721
G1 F1200 X113.278 Y135.34 E57.14475
G0 F6000 X113.843 Y135.34
G1 F1200 X96.659 Y118.155 E57.95305
G0 F6000 X96.659 Y117.59
G1 F1200 X114.409 Y135.34 E58.78796
G0 F6000 X114.975 Y135.34
G1 F1200 X96.659 Y117.024 E59.64949
G0 F6000 X96.659 Y116.458
G1 F1200 X115.541 Y135.34 E60.53764
G0 F6000 X116.106 Y135.34
G1 F1200 X96.659 Y115.893 E61.45237
G0 F6000 X96.659 Y115.327
G1 F1200 X116.672 Y135.34 E62.39372
G0 F6000 X117.238 Y135.34
G1 F1200 X96.659 Y114.761 E63.36169
G0 F6000 X96.659 Y114.196
G1 F1200 X117.803 Y135.34 E64.35624
G0 F6000 X118.369 Y135.34
G1 F1200 X96.659 Y113.63 E65.37741
G0 F6000 X96.659 Y113.064
G1 F1200 X118.935 Y135.34 E66.4252
G0 F6000 X119.5 Y135.34
G1 F1200 X96.659 Y112.499 E67.49958
G0 F6000 X96.659 Y111.933
G1 F1200 X120.066 Y135.34 E68.60057
G0 F6000 X120.632 Y135.34
G1 F1200 X96.659 Y111.367 E69.72819
G0 F6000 X96.659 Y110.802
G1 F1200 X121.197 Y135.34 E70.88238
G0 F6000 X121.763 Y135.34
G1 F1200 X96.659 Y110.236 E72.06319
G0 F6000 X96.659 Y109.67
G1 F1200 X122.329 Y135.34 E73.27063
G0 F6000 X122.894 Y135.34
G1 F1200 X96.659 Y109.104 E74.50467
G0 F6000 X96.659 Y108.539
G1 F1200 X123.34 Y135.219 E75.75964
G0 F6000 X123.34 Y134.654
G1 F1200 X96.659 Y107.973 E77.01463
G0 F6000 X96.659 Y107.407
G1 F1200 X123.34 Y134.088 E78.26962
G0 F6000 X123.34 Y133.522
G1 F1200 X96.659 Y106.842 E79.52459
G0 F6000 X96.659 Y106.276
G1 F1200 X123.34 Y132.957 E80.77958
G0 F6000 X123.34 Y132.391
G1 F1200 X96.659 Y105.71 E82.03458
G0 F6000 X96.659 Y105.145
G1 F1200 X123.34 Y131.825 E83.28955
G0 F6000 X123.34 Y131.26
G1 F1200 X96.659 Y104.579 E84.54454
G0 F6000 X96.659 Y104.013
G1 F1200 X123.34 Y130.694 E85.79953
G0 F6000 X123.34 Y130.128
G1 F1200 X96.659 Y103.448 E87.0545
G0 F6000 X96.659 Y102.882
G1 F1200 X123.34 Y129.562 E88.30947
G0 F6000 X123.34 Y128.997
G1 F1200 X96.659 Y102.316 E89.56446
G0 F6000 X96.659 Y101.751
G1 F1200 X123.34 Y128.431 E90.81943
G0 F6000 X123.34 Y127.865
G1 F1200 X96.659 Y101.185 E92.0744
G0 F6000 X96.659 Y100.619
G1 F1200 X123.34 Y127.3 E93.32939
G0 F6000 X123.34 Y126.734
G1 F1200 X96.659 Y100.053 E94.58438
G0 F6000 X96.659 Y99.488
G1 F1200 X123.34 Y126.168 E95.83935
G0 F6000 X123.34 Y125.603
G1 F1200 X96.659 Y98.922 E97.09434
G0 F6000 X96.659 Y98.356
G1 F1200 X123.34 Y125.037 E98.34934
G0 F6000 X123.34 Y124.471
G1 F1200 X96.659 Y97.791 E99.60431
G0 F6000 X96.659 Y97.225
G1 F1200 X123.34 Y123.906 E100.8593
G0 F6000 X123.34 Y123.34
G1 F1200 X96.659 Y96.659 E102.11429
G0 F6000 X96.659 Y96.094
G1 F1200 X123.34 Y122.774 E103.36926
G0 F6000 X123.34 Y122.209
G1 F1200 X96.659 Y95.528 E104.62425
G0 F6000 X96.659 Y94.962
G1 F1200 X123.34 Y121.643 E105.87924
G0 F6000 X123.34 Y121.077
G1 F1200 X96.659 Y94.397 E107.13421
G0 F6000 X96.659 Y93.831
G1 F1200 X123.34 Y120.512 E108.38921
G0 F6000 X123.34 Y119.946
G1 F1200 X96.659 Y93.265 E109.6442
G0 F6000 X96.659 Y92.7
G1 F1200 X123.34 Y119.38 E110.89917
G0 F6000 X123.34 Y118.814
G1 F1200 X96.659 Y92.134 E112.15414
G0 F6000 X96.659 Y91.568
G1 F1200 X123.34 Y118.249 E113.40913
G0 F6000 X123.34 Y117.683
G1 F1200 X96.659 Y91.003 E114.6641
G0 F6000 X96.659 Y90.437
G1 F1200 X123.34 Y117.117 E115.91907
G0 F6000 X123.34 Y116.552
G1 F1200 X96.659 Y89.871 E117.17406
G0 F6000 X96.659 Y89.305
G1 F1200 X123.34 Y115.986 E118.42905
G0 F6000 X123.34 Y115.42
G1 F1200 X96.659 Y88.74 E119.68402
G0 F6000 X96.659 Y88.174
G1 F1200 X123.34 Y114.855 E120.93901
G0 F6000 X123.34 Y114.289
G1 F1200 X96.659 Y87.608 E122.194
G0 F6000 X96.659 Y87.043
G1 F1200 X123.34 Y113.723 E123.44897
G0 F6000 X123.34 Y113.158
G1 F1200 X96.659 Y86.477 E124.70397
G0 F6000 X96.659 Y85.911
G1 F1200 X123.34 Y112.592 E125.95896
G0 F6000 X123.34 Y112.026
G1 F1200 X96.659 Y85.346 E127.21393
G0 F6000 X96.659 Y84.78
G1 F1200 X123.34 Y111.461 E128.46892
G0 F6000 X123.34 Y110.895
G1 F1200 X96.659 Y84.214 E129.72391
G0 F6000 X96.671 Y83.66
G1 F1200 X123.34 Y110.329 E130.97834
G0 F6000 X123.34 Y109.763
G1 F1200 X97.236 Y83.66 E132.20617
G0 F6000 X97.802 Y83.66
G1 F1200 X123.34 Y109.198 E133.4074
G0 F6000 X123.34 Y108.632
G1 F1200 X98.368 Y83.66 E134.582
G0 F6000 X98.933 Y83.66
G1 F1200 X123.34 Y108.066 E135.73001
G0 F6000 X123.34 Y107.501
G1 F1200 X99.499 Y83.66 E136.85142
G0 F6000 X100.065 Y83.66
G1 F1200 X123.34 Y106.935 E137.9462
G0 F6000 X123.34 Y106.369
G1 F1200 X100.63 Y83.66 E139.01439
G0 F6000 X101.196 Y83.66
G1 F1200 X123.34 Y105.804 E140.05597
G0 F6000 X123.34 Y105.238
G1 F1200 X101.762 Y83.66 E141.07094
G0 F6000 X102.328 Y83.66
G1 F1200 X123.34 Y104.672 E142.05928
G0 F6000 X123.34 Y104.107
G1 F1200 X102.893 Y83.66 E143.02104
G0 F6000 X103.459 Y83.66
G1 F1200 X123.34 Y103.541 E143.95618
G0 F6000 X123.34 Y102.975
G1 F1200 X104.025 Y83.66 E144.8647
G0 F6000 X104.59 Y83.66
G1 F1200 X123.34 Y102.41 E145.74664
G0 F6000 X123.34 Y101.844
G1 F1200 X105.156 Y83.66 E146.60196
G0 F6000 X105.722 Y83.66
G1 F1200 X123.34 Y101.278 E147.43066
G0 F6000 X123.34 Y100.713
G1 F1200 X106.287 Y83.66 E148.23278
G0 F6000 X106.853 Y83.66
G1 F1200 X123.34 Y100.147 E149.00828
G0 F6000 X123.34 Y99.581
G1 F1200 X107.419 Y83.66 E149.75715
G0 F6000 X107.984 Y83.66
G1 F1200 X123.34 Y99.015 E150.47943
G0 F6000 X123.34 Y98.45
G1 F1200 X108.55 Y83.66 E151.17511
G0 F6000 X109.116 Y83.66
G1 F1200 X123.34 Y97.884 E151.84416
G0 F6000 X123.34 Y97.318
G1 F1200 X109.681 Y83.66 E152.48661
G0 F6000 X110.247 Y83.66
G1 F1200 X123.34 Y96.753 E153.10247
G0 F6000 X123.34 Y96.187
G1 F1200 X110.813 Y83.66 E153.6917
G0 F6000 X111.379 Y83.66
G1 F1200 X123.34 Y95.621 E154.25431
G0 F6000 X123.34 Y95.056
G1 F1200 X111.944 Y83.66 E154.79034
G0 F6000 X112.51 Y83.66
G1 F1200 X123.34 Y94.49 E155.29975
G0 F6000 X123.34 Y93.924
G1 F1200 X113.076 Y83.66 E155.78254
G0 F6000 X113.641 Y83.66
G1 F1200 X123.34 Y93.359 E156.23875
G0 F6000 X123.34 Y92.793
G1 F1200 X114.207 Y83.66 E156.66834
G0 F6000 X114.773 Y83.66
G1 F1200 X123.34 Y92.227 E157.0713
G0 F6000 X123.34 Y91.662
G1 F1200 X115.338 Y83.66 E157.44769
G0 F6000 X115.904 Y83.66
G1 F1200 X123.34 Y91.096 E157.79746
G0 F6000 X123.34 Y90.53
G1 F1200 X116.47 Y83.66 E158.1206
G0 F6000 X117.035 Y83.66
G1 F1200 X123.34 Y89.964 E158.41715
G0 F6000 X123.34 Y89.399
G1 F1200 X117.601 Y83.66 E158.68709
G0 F6000 X118.167 Y83.66
G1 F1200 X123.34 Y88.833 E158.93041
G0 F6000 X123.34 Y88.267
G1 F1200 X118.732 Y83.66 E159.14714
G0 F6000 X119.298 Y83.66
G1 F1200 X123.34 Y87.702 E159.33726
G0 F6000 X123.34 Y87.136
G1 F1200 X119.864 Y83.66 E159.50076
G0 F6000 X120.429 Y83.66
G1 F1200 X123.34 Y86.57 E159.63766
G0 F6000 X123.34 Y86.005
G1 F1200 X120.995 Y83.66 E159.74796
G0 F6000 X121.561 Y83.66
G1 F1200 X123.34 Y85.439 E159.83164
G0 F6000 X123.34 Y84.873
G1 F1200 X122.127 Y83.66 E159.8887
G0 F6000 X122.692 Y83.66
G1 F1200 X123.34 Y84.308 E159.91918
G0 F6000 X123.34 Y83.742
G1 F1200 X123.258 Y83.66 E159.92304
M104 S205
G1 F1500 E153.42304
;MESH:NONMESH
G0 F300 X123.258 Y83.66 Z0.4
G0 F6000 X123.258 Y83.2
G0 X95.524 Y82.524
G0 X94.435 Y82.524
G0 X87.355 Y75.267
;TIME_ELAPSED:258.922607
;LAYER:1
M140 S65
M106 S85
;TYPE:SKIRT
G1 F1500 E159.92304
G1 F1200 X87.981 Y74.617 E159.95305
G1 X88.662 Y74.024 E159.98308
G1 X89.394 Y73.494 E160.01314
G1 X90.169 Y73.031 E160.04317
G1 X90.982 Y72.638 E160.0732
G1 X91.827 Y72.318 E160.10326
G1 X92.696 Y72.075 E160.13327
G1 X93.584 Y71.909 E160.16331
G1 X94.723 Y71.813 E160.20133
G1 X95.33 Y71.8 E160.22152
G1 X124.293 Y71.8 E161.18484
G1 X125.137 Y71.811 E161.21291
G1 X126.039 Y71.864 E161.24296
G1 X126.932 Y71.996 E161.27299
G1 X127.81 Y72.207 E161.30302
G1 X128.666 Y72.495 E161.33306
G1 X129.493 Y72.857 E161.36309
G1 X130.285 Y73.292 E161.39314
G1 X131.036 Y73.794 E161.42319
G1 X131.739 Y74.361 E161.45322
G1 X132.389 Y74.988 E161.48326
G1 X132.981 Y75.67 E161.5133
G1 X133.511 Y76.401 E161.54333
G1 X133.973 Y77.177 E161.57337
G1 X134.366 Y77.99 E161.6034
G1 X134.684 Y78.835 E161.63343
G1 X134.927 Y79.705 E161.66348
G1 X135.092 Y80.593 E161.69352
G1 X135.187 Y81.723 E161.73123
G1 X135.2 Y82.33 E161.75143
G1 X135.199 Y136.39 E163.54947
G1 X135.19 Y137.117 E163.57365
G1 X135.139 Y138.019 E163.6037
G1 X135.008 Y138.913 E163.63375
G1 X134.799 Y139.791 E163.66377
G1 X134.513 Y140.648 E163.69382
G1 X134.152 Y141.476 E163.72386
G1 X133.72 Y142.268 E163.75387
G1 X133.219 Y143.02 E163.78392
G1 X132.653 Y143.724 E163.81397
G1 X132.028 Y144.375 E163.84398
G1 X131.347 Y144.969 E163.87404
G1 X130.616 Y145.5 E163.90409
G1 X129.842 Y145.964 E163.9341
G1 X129.029 Y146.358 E163.96415
G1 X128.185 Y146.678 E163.99417
G1 X127.315 Y146.923 E164.02424
G1 X126.428 Y147.089 E164.05425
G1 X125.277 Y147.187 E164.09267
G1 X124.67 Y147.2 E164.11286
G1 X95.575 Y147.199 E165.08057
G1 X94.877 Y147.19 E165.10379
G1 X93.976 Y147.139 E165.1338
G1 X93.082 Y147.007 E165.16386
G1 X92.204 Y146.798 E165.19388
G1 X91.347 Y146.511 E165.22394
G1 X90.52 Y146.15 E165.25395
G1 X89.727 Y145.717 E165.284
G1 X88.976 Y145.216 E165.31403
G1 X88.272 Y144.65 E165.34407
G1 X87.621 Y144.024 E165.37411
G1 X87.028 Y143.343 E165.40414
G1 X86.498 Y142.612 E165.43417
G1 X86.034 Y141.837 E165.46422
G1 X85.64 Y141.024 E165.49427
G1 X85.32 Y140.18 E165.52429
G1 X85.076 Y139.31 E165.55434
G1 X84.91 Y138.422 E165.58439
G1 X84.813 Y137.267 E165.62294
G1 X84.8 Y136.658 E165.6432
G1 X84.801 Y82.536 E167.4433
G1 X84.81 Y81.871 E167.46542
G1 X84.862 Y80.969 E167.49547
G1 X84.994 Y80.076 E167.5255
G1 X85.204 Y79.198 E167.55552
G1 X85.491 Y78.341 E167.58558
G1 X85.853 Y77.514 E167.61561
G1 X86.286 Y76.722 E167.64563
G1 X86.788 Y75.971 E167.67568
G1 X87.355 Y75.267 E167.70574
G1 F1500 E161.20574
;MESH:9VBatteryHolder_v3.stl
G0 F10500 X94.335 Y82.43
G0 X95.43 Y82.43
G0 X96.172 Y135.828
G0 X124 Y136
;TYPE:WALL-INNER
G1 F1500 E167.70574
G1 F2100 X124 Y83 E169.46853
G1 X96 Y83 E170.39981
G1 X96 Y136 E172.1626
G1 X124 Y136 E173.09388
G0 F10500 X124.4 Y136.4
G1 F2100 X124.4 Y82.6 E174.88328
G1 X95.6 Y82.6 E175.84117
G1 X95.6 Y136.4 E177.63057
G1 X124.4 Y136.4 E178.58846
G0 F10500 X124.8 Y136.8
;TYPE:WALL-OUTER
G1 F2100 X124.8 Y82.2 E180.40446
G1 X95.2 Y82.2 E181.38896
G1 X95.2 Y136.8 E183.20496
G1 X124.8 Y136.8 E184.18946
G0 F10500 X124.52 Y136.52
G0 X123.9 Y135.64
G0 X123.64 Y135.64
;TYPE:SKIN
G1 F2100 X96.36 Y135.64 E185.0968
G1 X96.36 Y83.36 E186.83564
G1 X123.64 Y83.36 E187.74298
G1 X123.64 Y135.64 E189.48182
G0 F10500 X123.44 Y135.079
G1 F2100 X123.078 Y135.44 E189.49882
G0 F10500 X122.513 Y135.44
G1 F2100 X123.44 Y134.513 E189.54242
G0 F10500 X123.44 Y133.947
G1 F2100 X121.947 Y135.44 E189.61265
G0 F10500 X121.381 Y135.44
G1 F2100 X123.44 Y133.382 E189.70948
G0 F10500 X123.44 Y132.816
G1 F2100 X120.816 Y135.44 E189.8329
G0 F10500 X120.25 Y135.44
G1 F2100 X123.44 Y132.25 E189.98295
G0 F10500 X123.44 Y131.684
G1 F2100 X119.684 Y135.44 E190.15962
G0 F10500 X119.119 Y135.44
G1 F2100 X123.44 Y131.119 E190.36287
G0 F10500 X123.44 Y130.553
G1 F2100 X118.553 Y135.44 E190.59273
G0 F10500 X117.987 Y135.44
G1 F2100 X123.44 Y129.987 E190.84923
G0 F10500 X123.44 Y129.422
G1 F2100 X117.421 Y135.44 E191.13232
G0 F10500 X116.856 Y135.44
G1 F2100 X123.44 Y128.856 E191.44201
G0 F10500 X123.44 Y128.29
G1 F2100 X116.29 Y135.44 E191.77832
G0 F10500 X115.724 Y135.44
G1 F2100 X123.44 Y127.725 E192.14124
G0 F10500 X123.44 Y127.159
G1 F2100 X115.159 Y135.44 E192.53075
G0 F10500 X114.593 Y135.44
G1 F2100 X123.44 Y126.593 E192.94689
G0 F10500 X123.44 Y126.028
G1 F2100 X114.027 Y135.44 E193.38962
G0 F10500 X113.462 Y135.44
G1 F2100 X123.44 Y125.462 E193.85896
G0 F10500 X123.44 Y124.896
G1 F2100 X112.896 Y135.44 E194.35491
G0 F10500 X112.33 Y135.44
G1 F2100 X123.44 Y124.331 E194.87747
G0 F10500 X123.44 Y123.765
G1 F2100 X111.765 Y135.44 E195.42663
G0 F10500 X111.199 Y135.44
G1 F2100 X123.44 Y123.199 E196.00241
G0 F10500 X123.44 Y122.634
G1 F2100 X110.633 Y135.44 E196.60478
G0 F10500 X110.068 Y135.44
G1 F2100 X123.44 Y122.068 E197.23376
G0 F10500 X123.44 Y121.502
G1 F2100 X109.502 Y135.44 E197.88936
G0 F10500 X108.936 Y135.44
G1 F2100 X123.44 Y120.936 E198.57159
G0 F10500 X123.44 Y120.371
G1 F2100 X108.37 Y135.44 E199.28041
G0 F10500 X107.805 Y135.44
G1 F2100 X123.44 Y119.805 E200.01583
G0 F10500 X123.44 Y119.239
G1 F2100 X107.239 Y135.44 E200.77788
G0 F10500 X106.673 Y135.44
G1 F2100 X123.44 Y118.674 E201.56652
G0 F10500 X123.44 Y118.108
G1 F2100 X106.108 Y135.44 E202.38177
G0 F10500 X105.542 Y135.44
G1 F2100 X123.44 Y117.542 E203.22363
G0 F10500 X123.44 Y116.977
G1 F2100 X104.976 Y135.44 E204.0921
G0 F10500 X104.411 Y135.44
G1 F2100 X123.44 Y116.411 E204.98717
G0 F10500 X123.44 Y115.845
G1 F2100 X103.845 Y135.44 E205.90885
G0 F10500 X103.279 Y135.44
G1 F2100 X123.44 Y115.28 E206.85714
G0 F10500 X123.44 Y114.714
G1 F2100 X102.714 Y135.44 E207.83203
G0 F10500 X102.148 Y135.44
G1 F2100 X123.44 Y114.148 E208.83354
G0 F10500 X123.44 Y113.583
G1 F2100 X101.582 Y135.44 E209.86165
G0 F10500 X101.017 Y135.44
G1 F2100 X123.44 Y113.017 E210.91636
G0 F10500 X123.44 Y112.451
G1 F2100 X100.451 Y135.44 E211.99769
G0 F10500 X99.885 Y135.44
G1 F2100 X123.44 Y111.886 E213.10562
G0 F10500 X123.44 Y111.32
G1 F2100 X99.32 Y135.44 E214.24015
G0 F10500 X98.754 Y135.44
G1 F2100 X123.44 Y110.754 E215.40131
G0 F10500 X123.44 Y110.188
G1 F2100 X98.188 Y135.44 E216.58908
G0 F10500 X97.622 Y135.44
G1 F2100 X123.44 Y109.623 E217.80346
G0 F10500 X123.44 Y109.057
G1 F2100 X97.057 Y135.44 E219.04444
G0 F10500 X96.56 Y135.371
G1 F2100 X123.44 Y108.491 E220.30879
G0 F10500 X123.44 Y107.926
G1 F2100 X96.56 Y134.805 E221.57312
G0 F10500 X96.56 Y134.239
G1 F2100 X123.44 Y107.36 E222.83745
G0 F10500 X123.44 Y106.794
G1 F2100 X96.56 Y133.674 E224.1018
G0 F10500 X96.56 Y133.108
G1 F2100 X123.44 Y106.229 E225.36613
G0 F10500 X123.44 Y105.663
G1 F2100 X96.56 Y132.542 E226.63046
G0 F10500 X96.56 Y131.977
G1 F2100 X123.44 Y105.097 E227.89481
G0 F10500 X123.44 Y104.532
G1 F2100 X96.56 Y131.411 E229.15914
G0 F10500 X96.56 Y130.845
G1 F2100 X123.44 Y103.966 E230.42347
G0 F10500 X123.44 Y103.4
G1 F2100 X96.56 Y130.279 E231.6878
G0 F10500 X96.56 Y129.714
G1 F2100 X123.44 Y102.835 E232.95213
G0 F10500 X123.44 Y102.269
G1 F2100 X96.56 Y129.148 E234.21646
G0 F10500 X96.56 Y128.582
G1 F2100 X123.44 Y101.703 E235.48079
G0 F10500 X123.44 Y101.137
G1 F2100 X96.56 Y128.017 E236.74514
G0 F10500 X96.56 Y127.451
G1 F2100 X123.44 Y100.572 E238.00947
G0 F10500 X123.44 Y100.006
G1 F2100 X96.56 Y126.885 E239.2738
G0 F10500 X96.56 Y126.32
G1 F2100 X123.44 Y99.44 E240.53815
G0 F10500 X123.44 Y98.875
G1 F2100 X96.56 Y125.754 E241.80248
G0 F10500 X96.56 Y125.188
G1 F2100 X123.44 Y98.309 E243.06681
G0 F10500 X123.44 Y97.743
G1 F2100 X96.56 Y124.623 E244.33116
G0 F10500 X96.56 Y124.057
G1 F2100 X123.44 Y97.178 E245.59549
G0 F10500 X123.44 Y96.612
G1 F2100 X96.56 Y123.491 E246.85982
G0 F10500 X96.56 Y122.926
G1 F2100 X123.44 Y96.046 E248.12417
G0 F10500 X123.44 Y95.481
G1 F2100 X96.56 Y122.36 E249.3885
G0 F10500 X96.56 Y121.794
G1 F2100 X123.44 Y94.915 E250.65283
G0 F10500 X123.44 Y94.349
G1 F2100 X96.56 Y121.229 E251.91718
G0 F10500 X96.56 Y120.663
G1 F2100 X123.44 Y93.784 E253.18151
G0 F10500 X123.44 Y93.218
G1 F2100 X96.56 Y120.097 E254.44584
G0 F10500 X96.56 Y119.531
G1 F2100 X123.44 Y92.652 E255.71017
G0 F10500 X123.44 Y92.087
G1 F2100 X96.56 Y118.966 E256.9745
G0 F10500 X96.56 Y118.4
G1 F2100 X123.44 Y91.521 E258.23883
G0 F10500 X123.44 Y90.955
G1 F2100 X96.56 Y117.834 E259.50316
G0 F10500 X96.56 Y117.269
G1 F2100 X123.44 Y90.389 E260.76751
G0 F10500 X123.44 Y89.824
G1 F2100 X96.56 Y116.703 E262.03184
G0 F10500 X96.56 Y116.137
G1 F2100 X123.44 Y89.258 E263.29617
G0 F10500 X123.44 Y88.692
G1 F2100 X96.56 Y115.572 E264.56052
G0 F10500 X96.56 Y115.006
G1 F2100 X123.44 Y88.127 E265.82485
G0 F10500 X123.44 Y87.561
G1 F2100 X96.56 Y114.44 E267.08918
G0 F10500 X96.56 Y113.875
G1 F2100 X123.44 Y86.995 E268.35354
G0 F10500 X123.44 Y86.43
G1 F2100 X96.56 Y113.309 E269.61786
G0 F10500 X96.56 Y112.743
G1 F2100 X123.44 Y85.864 E270.88219
G0 F10500 X123.44 Y85.298
G1 F2100 X96.56 Y112.178 E272.14655
G0 F10500 X96.56 Y111.612
G1 F2100 X123.44 Y84.733 E273.41088
G0 F10500 X123.44 Y84.167
G1 F2100 X96.56 Y111.046 E274.67521
G0 F10500 X96.56 Y110.48
G1 F2100 X123.44 Y83.601 E275.93953
G0 F10500 X122.915 Y83.56
G1 F2100 X96.56 Y109.915 E277.17919
G0 F10500 X96.56 Y109.349
G1 F2100 X122.349 Y83.56 E278.39223
G0 F10500 X121.784 Y83.56
G1 F2100 X96.56 Y108.783 E279.57866
G0 F10500 X96.56 Y108.218
G1 F2100 X121.218 Y83.56 E280.7385
G0 F10500 X120.652 Y83.56
G1 F2100 X96.56 Y107.652 E281.87172
G0 F10500 X96.56 Y107.086
G1 F2100 X120.087 Y83.56 E282.97833
G0 F10500 X119.521 Y83.56
G1 F2100 X96.56 Y106.521 E284.05834
G0 F10500 X96.56 Y105.955
G1 F2100 X118.955 Y83.56 E285.11174
G0 F10500 X118.389 Y83.56
G1 F2100 X96.56 Y105.389 E286.13851
G0 F10500 X96.56 Y104.824
G1 F2100 X117.824 Y83.56 E287.1387
G0 F10500 X117.258 Y83.56
G1 F2100 X96.56 Y104.258 E288.11227
G0 F10500 X96.56 Y103.692
G1 F2100 X116.692 Y83.56 E289.05922
G0 F10500 X116.127 Y83.56
G1 F2100 X96.56 Y103.127 E289.97959
G0 F10500 X96.56 Y102.561
G1 F2100 X115.561 Y83.56 E290.87334
G0 F10500 X114.995 Y83.56
G1 F2100 X96.56 Y101.995 E291.74046
G0 F10500 X96.56 Y101.43
G1 F2100 X114.43 Y83.56 E292.58101
G0 F10500 X113.864 Y83.56
G1 F2100 X96.56 Y100.864 E293.39494
G0 F10500 X96.56 Y100.298
G1 F2100 X113.298 Y83.56 E294.18225
G0 F10500 X112.733 Y83.56
G1 F2100 X96.56 Y99.732 E294.94295
G0 F10500 X96.56 Y99.167
G1 F2100 X112.167 Y83.56 E295.67706
G0 F10500 X111.601 Y83.56
G1 F2100 X96.56 Y98.601 E296.38454
G0 F10500 X96.56 Y98.035
G1 F2100 X111.036 Y83.56 E297.06542
G0 F10500 X110.47 Y83.56
G1 F2100 X96.56 Y97.47 E297.7197
G0 F10500 X96.56 Y96.904
G1 F2100 X109.904 Y83.56 E298.34737
G0 F10500 X109.339 Y83.56
G1 F2100 X96.56 Y96.338 E298.94843
G0 F10500 X96.56 Y95.773
G1 F2100 X108.773 Y83.56 E299.52289
G0 F10500 X108.207 Y83.56
G1 F2100 X96.56 Y95.207 E300.07073
G0 F10500 X96.56 Y94.641
G1 F2100 X107.641 Y83.56 E300.59194
G0 F10500 X107.076 Y83.56
G1 F2100 X96.56 Y94.076 E301.08659
G0 F10500 X96.56 Y93.51
G1 F2100 X106.51 Y83.56 E301.5546
G0 F10500 X105.944 Y83.56
G1 F2100 X96.56 Y92.944 E301.996
G0 F10500 X96.56 Y92.379
G1 F2100 X105.379 Y83.56 E302.41082
G0 F10500 X104.813 Y83.56
G1 F2100 X96.56 Y91.813 E302.79901
G0 F10500 X96.56 Y91.247
G1 F2100 X104.247 Y83.56 E303.16058
G0 F10500 X103.682 Y83.56
G1 F2100 X96.56 Y90.681 E303.49556
G0 F10500 X96.56 Y90.116
G1 F2100 X103.116 Y83.56 E303.80393
G0 F10500 X102.55 Y83.56
G1 F2100 X96.56 Y89.55 E304.08568
G0 F10500 X96.56 Y88.984
G1 F2100 X101.985 Y83.56 E304.34084
G0 F10500 X101.419 Y83.56
G1 F2100 X96.56 Y88.419 E304.56939
G0 F10500 X96.56 Y87.853
G1 F2100 X100.853 Y83.56 E304.77132
G0 F10500 X100.288 Y83.56
G1 F2100 X96.56 Y87.287 E304.94665
G0 F10500 X96.56 Y86.722
G1 F2100 X99.722 Y83.56 E305.09538
G0 F10500 X99.156 Y83.56
G1 F2100 X96.56 Y86.156 E305.21749
G0 F10500 X96.56 Y85.59
G1 F2100 X98.59 Y83.56 E305.31297
G0 F10500 X98.025 Y83.56
G1 F2100 X96.56 Y85.025 E305.38188
G0 F10500 X96.56 Y84.459
G1 F2100 X97.459 Y83.56 E305.42417
G0 F10500 X96.893 Y83.56
G1 F2100 X96.56 Y83.893 E305.43983
G1 F1500 E298.93983
;MESH:NONMESH
G0 F300 X96.56 Y83.893 Z0.6
G0 F10500 X96.1 Y83.893
G0 X95.424 Y82.424
G0 X94.335 Y82.424
G0 X87.355 Y75.267
;TIME_ELAPSED:406.538678
;LAYER:2
M106 S170
;TYPE:SKIRT
G1 F1500 E305.43983
G1 F1200 X87.981 Y74.617 E305.46984
G1 X88.662 Y74.024 E305.49988
G1 X89.394 Y73.494 E305.52994
G1 X90.169 Y73.031 E305.55996
G1 X90.982 Y72.638 E305.59
G1 X91.827 Y72.318 E305.62005
G1 X92.696 Y72.075 E305.65006
G1 X93.584 Y71.909 E305.68011
G1 X94.723 Y71.813 E305.71813
G1 X95.33 Y71.8 E305.73832
G1 X124.293 Y71.8 E306.70163
G1 X125.137 Y71.811 E306.72971
G1 X126.039 Y71.864 E306.75976
G1 X126.932 Y71.996 E306.78978
G1 X127.81 Y72.207 E306.81982
G1 X128.666 Y72.495 E306.84986
G1 X129.493 Y72.857 E306.87988
G1 X130.285 Y73.292 E306.90994
G1 X131.036 Y73.794 E306.93998
G1 X131.739 Y74.361 E306.97002
G1 X132.389 Y74.988 E307.00006
G1 X132.981 Y75.67 E307.03009
G1 X133.511 Y76.401 E307.06013
G1 X133.973 Y77.177 E307.09016
G1 X134.366 Y77.99 E307.1202
G1 X134.684 Y78.835 E307.15023
G1 X134.927 Y79.705 E307.18027
G1 X135.092 Y80.593 E307.21031
G1 X135.187 Y81.723 E307.24803
G1 X135.2 Y82.33 E307.26822
G1 X135.199 Y136.39 E309.06626
G1 X135.19 Y137.117 E309.09045
G1 X135.139 Y138.019 E309.12049
G1 X135.008 Y138.913 E309.15055
G1 X134.799 Y139.791 E309.18057
G1 X134.513 Y140.648 E309.21061
G1 X134.152 Y141.476 E309.24066
G1 X133.72 Y142.268 E309.27066
G1 X133.219 Y143.02 E309.30072
G1 X132.653 Y143.724 E309.33076
G1 X132.028 Y144.375 E309.36078
G1 X131.347 Y144.969 E309.39083
G1 X130.616 Y145.5 E309.42088
G1 X129.842 Y145.964 E309.4509
G1 X129.029 Y146.358 E309.48095
G1 X128.185 Y146.678 E309.51097
G1 X127.315 Y146.923 E309.54103
G1 X126.428 Y147.089 E309.57104
G1 X125.277 Y147.187 E309.60947
G1 X124.67 Y147.2 E309.62966
G1 X95.575 Y147.199 E310.59736
G1 X94.877 Y147.19 E310.62058
G1 X93.976 Y147.139 E310.6506
G1 X93.082 Y147.007 E310.68065
G1 X92.204 Y146.798 E310.71067
G1 X91.347 Y146.511 E310.74073
G1 X90.52 Y146.15 E310.77074
G1 X89.727 Y145.717 E310.80079
G1 X88.976 Y145.216 E310.83082
G1 X88.272 Y144.65 E310.86086
G1 X87.621 Y144.024 E310.8909
G1 X87.028 Y143.343 E310.92094
G1 X86.498 Y142.612 E310.95097
G1 X86.034 Y141.837 E310.98101
G1 X85.64 Y141.024 E311.01106
G1 X85.32 Y140.18 E311.04108
G1 X85.076 Y139.31 E311.07113
G1 X84.91 Y138.422 E311.10118
G1 X84.813 Y137.267 E311.13973
G1 X84.8 Y136.658 E311.15999
G1 X84.801 Y82.536 E312.9601
G1 X84.81 Y81.871 E312.98222
G1 X84.862 Y80.969 E313.01227
G1 X84.994 Y80.076 E313.04229
G1 X85.204 Y79.198 E313.07232
G1 X85.491 Y78.341 E313.10238
G1 X85.853 Y77.514 E313.1324
G1 X86.286 Y76.722 E313.16243
G1 X86.788 Y75.971 E313.19247
G1 X87.355 Y75.267 E313.22254
G1 F1500 E306.72254
;MESH:9VBatteryHolder_v3.stl
G0 F15000 X94.335 Y82.43
G0 X95.43 Y82.43
G0 X96.172 Y135.828
G0 X124 Y136
;TYPE:WALL-INNER
G1 F1500 E313.22254
G1 F3000 X124 Y83 E314.98532
G1 X96 Y83 E315.91661
G1 X96 Y136 E317.67939
G1 X124 Y136 E318.61068
G0 F15000 X124.4 Y136.4
G1 F3000 X124.4 Y82.6 E320.40007
G1 X95.6 Y82.6 E321.35796
G1 X95.6 Y136.4 E323.14736
G1 X124.4 Y136.4 E324.10525
G0 F15000 X124.8 Y136.8
;TYPE:WALL-OUTER
G1 F3000 X124.8 Y82.2 E325.92125
G1 X95.2 Y82.2 E326.90575
G1 X95.2 Y136.8 E328.72176
G1 X124.8 Y136.8 E329.70626
G0 F15000 X124.52 Y136.52
G0 X123.9 Y135.64
G0 X123.64 Y135.64
;TYPE:SKIN
G1 F3000 X96.36 Y135.64 E330.61359
G1 X96.36 Y83.36 E332.35243
G1 X123.64 Y83.36 E333.25977
G1 X123.64 Y135.64 E334.99861
G0 F15000 X123.9 Y135.64
G0 X96.973 Y135.9
G0 X96.973 Y135.44
G1 F3000 X96.56 Y135.026 E335.01806
G0 F15000 X96.56 Y134.461
G1 F3000 X97.539 Y135.44 E335.06411
G0 F15000 X98.105 Y135.44
G1 F3000 X96.56 Y133.895 E335.13678
G0 F15000 X96.56 Y133.329
G1 F3000 X98.67 Y135.44 E335.23605
G0 F15000 X99.236 Y135.44
G1 F3000 X96.56 Y132.764 E335.36192
G0 F15000 X96.56 Y132.198
G1 F3000 X99.802 Y135.44 E335.51442
G0 F15000 X100.367 Y135.44
G1 F3000 X96.56 Y131.632 E335.69351
G0 F15000 X96.56 Y131.066
G1 F3000 X100.933 Y135.44 E335.89923
G0 F15000 X101.499 Y135.44
G1 F3000 X96.56 Y130.501 E336.13154
G0 F15000 X96.56 Y129.935
G1 F3000 X102.064 Y135.44 E336.39046
G0 F15000 X102.63 Y135.44
G1 F3000 X96.56 Y129.369 E336.676
G0 F15000 X96.56 Y128.804
G1 F3000 X103.196 Y135.44 E336.98813
G0 F15000 X103.762 Y135.44
G1 F3000 X96.56 Y128.238 E337.32689
G0 F15000 X96.56 Y127.672
G1 F3000 X104.327 Y135.44 E337.69225
G0 F15000 X104.893 Y135.44
G1 F3000 X96.56 Y127.107 E338.08421
G0 F15000 X96.56 Y126.541
G1 F3000 X105.459 Y135.44 E338.50279
G0 F15000 X106.024 Y135.44
G1 F3000 X96.56 Y125.975 E338.94797
G0 F15000 X96.56 Y125.41
G1 F3000 X106.59 Y135.44 E339.41975
G0 F15000 X107.156 Y135.44
G1 F3000 X96.56 Y124.844 E339.91816
G0 F15000 X96.56 Y124.278
G1 F3000 X107.721 Y135.44 E340.44316
G0 F15000 X108.287 Y135.44
G1 F3000 X96.56 Y123.713 E340.99476
G0 F15000 X96.56 Y123.147
G1 F3000 X108.853 Y135.44 E341.57299
G0 F15000 X109.418 Y135.44
G1 F3000 X96.56 Y122.581 E342.17781
G0 F15000 X96.56 Y122.016
G1 F3000 X109.984 Y135.44 E342.80924
G0 F15000 X110.55 Y135.44
G1 F3000 X96.56 Y121.45 E343.46728
G0 F15000 X96.56 Y120.884
G1 F3000 X111.115 Y135.44 E344.15193
G0 F15000 X111.681 Y135.44
G1 F3000 X96.56 Y120.318 E344.8632
G0 F15000 X96.56 Y119.753
G1 F3000 X112.247 Y135.44 E345.60107
G0 F15000 X112.813 Y135.44
G1 F3000 X96.56 Y119.187 E346.36556
G0 F15000 X96.56 Y118.621
G1 F3000 X113.378 Y135.44 E347.15665
G0 F15000 X113.944 Y135.44
G1 F3000 X96.56 Y118.056 E347.97434
G0 F15000 X96.56 Y117.49
G1 F3000 X114.51 Y135.44 E348.81865
G0 F15000 X115.075 Y135.44
G1 F3000 X96.56 Y116.924 E349.68956
G0 F15000 X96.56 Y116.359
G1 F3000 X115.641 Y135.44 E350.58707
G0 F15000 X116.207 Y135.44
G1 F3000 X96.56 Y115.793 E351.51121
G0 F15000 X96.56 Y115.227
G1 F3000 X116.772 Y135.44 E352.46194
G0 F15000 X117.338 Y135.44
G1 F3000 X96.56 Y114.662 E353.43928
G0 F15000 X96.56 Y114.096
G1 F3000 X117.904 Y135.44 E354.44323
G0 F15000 X118.469 Y135.44
G1 F3000 X96.56 Y113.53 E355.47379
G0 F15000 X96.56 Y112.965
G1 F3000 X119.035 Y135.44 E356.53094
G0 F15000 X119.601 Y135.44
G1 F3000 X96.56 Y112.399 E357.61472
G0 F15000 X96.56 Y111.833
G1 F3000 X120.166 Y135.44 E358.7251
G0 F15000 X120.732 Y135.44
G1 F3000 X96.56 Y111.267 E359.8621
G0 F15000 X96.56 Y110.702
G1 F3000 X121.298 Y135.44 E361.0257
G0 F15000 X121.863 Y135.44
G1 F3000 X96.56 Y110.136 E362.2159
G0 F15000 X96.56 Y109.57
G1 F3000 X122.429 Y135.44 E363.43272
G0 F15000 X122.995 Y135.44
G1 F3000 X96.56 Y109.005 E364.67614
G0 F15000 X96.56 Y108.439
G1 F3000 X123.44 Y135.32 E365.94052
G0 F15000 X123.44 Y134.754
G1 F3000 X96.56 Y107.873 E367.20489
G0 F15000 X96.56 Y107.308
G1 F3000 X123.44 Y134.188 E368.46925
G0 F15000 X123.44 Y133.623
G1 F3000 X96.56 Y106.742 E369.73362
G0 F15000 X96.56 Y106.176
G1 F3000 X123.44 Y133.057 E370.998
G0 F15000 X123.44 Y132.491
G1 F3000 X96.56 Y105.611 E372.26235
G0 F15000 X96.56 Y105.045
G1 F3000 X123.44 Y131.926 E373.52673
G0 F15000 X123.44 Y131.36
G1 F3000 X96.56 Y104.479 E374.7911
G0 F15000 X96.56 Y103.914
G1 F3000 X123.44 Y130.794 E376.05546
G0 F15000 X123.44 Y130.229
G1 F3000 X96.56 Y103.348 E377.31983
G0 F15000 X96.56 Y102.782
G1 F3000 X123.44 Y129.663 E378.58421
G0 F15000 X123.44 Y129.097
G1 F3000 X96.56 Y102.217 E379.84856
G0 F15000 X96.56 Y101.651
G1 F3000 X123.44 Y128.532 E381.11294
G0 F15000 X123.44 Y127.966
G1 F3000 X96.56 Y101.085 E382.37732
G0 F15000 X96.56 Y100.519
G1 F3000 X123.44 Y127.4 E383.64169
G0 F15000 X123.44 Y126.834
G1 F3000 X96.56 Y99.954 E384.90604
G0 F15000 X96.56 Y99.388
G1 F3000 X123.44 Y126.269 E386.17042
G0 F15000 X123.44 Y125.703
G1 F3000 X96.56 Y98.822 E387.4348
G0 F15000 X96.56 Y98.257
G1 F3000 X123.44 Y125.137 E388.69915
G0 F15000 X123.44 Y124.572
G1 F3000 X96.56 Y97.691 E389.96353
G0 F15000 X96.56 Y97.125
G1 F3000 X123.44 Y124.006 E391.2279
G0 F15000 X123.44 Y123.44
G1 F3000 X96.56 Y96.56 E392.49226
G0 F15000 X96.56 Y95.994
G1 F3000 X123.44 Y122.875 E393.75663
G0 F15000 X123.44 Y122.309
G1 F3000 X96.56 Y95.428 E395.02101
G0 F15000 X96.56 Y94.863
G1 F3000 X123.44 Y121.743 E396.28536
G0 F15000 X123.44 Y121.178
G1 F3000 X96.56 Y94.297 E397.54974
G0 F15000 X96.56 Y93.731
G1 F3000 X123.44 Y120.612 E398.81411
G0 F15000 X123.44 Y120.046
G1 F3000 X96.56 Y93.166 E400.07847
G0 F15000 X96.56 Y92.6
G1 F3000 X123.44 Y119.481 E401.34284
G0 F15000 X123.44 Y118.915
G1 F3000 X96.56 Y92.034 E402.60722
G0 F15000 X96.56 Y91.469
G1 F3000 X123.44 Y118.349 E403.87157
G0 F15000 X123.44 Y117.783
G1 F3000 X96.56 Y90.903 E405.13592
G0 F15000 X96.56 Y90.337
G1 F3000 X123.44 Y117.218 E406.4003
G0 F15000 X123.44 Y116.652
G1 F3000 X96.56 Y89.771 E407.66468
G0 F15000 X96.56 Y89.206
G1 F3000 X123.44 Y116.086 E408.92903
G0 F15000 X123.44 Y115.521
G1 F3000 X96.56 Y88.64 E410.19341
G0 F15000 X96.56 Y88.074
G1 F3000 X123.44 Y114.955 E411.45778
G0 F15000 X123.44 Y114.389
G1 F3000 X96.56 Y87.509 E412.72214
G0 F15000 X96.56 Y86.943
G1 F3000 X123.44 Y113.824 E413.98651
G0 F15000 X123.44 Y113.258
G1 F3000 X96.56 Y86.377 E415.25089
G0 F15000 X96.56 Y85.812
G1 F3000 X123.44 Y112.692 E416.51524
G0 F15000 X123.44 Y112.127
G1 F3000 X96.56 Y85.246 E417.77962
G0 F15000 X96.56 Y84.68
G1 F3000 X123.44 Y111.561 E419.04399
G0 F15000 X123.44 Y110.995
G1 F3000 X96.56 Y84.115 E420.30835
G0 F15000 X96.571 Y83.56
G1 F3000 X123.44 Y110.43 E421.5722
G0 F15000 X123.44 Y109.864
G1 F3000 X97.137 Y83.56 E422.80944
G0 F15000 X97.702 Y83.56
G1 F3000 X123.44 Y109.298 E424.02008
G0 F15000 X123.44 Y108.733
G1 F3000 X98.268 Y83.56 E425.20411
G0 F15000 X98.834 Y83.56
G1 F3000 X123.44 Y108.167 E426.36153
G0 F15000 X123.44 Y107.601
G1 F3000 X99.399 Y83.56 E427.49234
G0 F15000 X99.965 Y83.56
G1 F3000 X123.44 Y107.035 E428.59654
G0 F15000 X123.44 Y106.47
G1 F3000 X100.531 Y83.56 E429.67413
G0 F15000 X101.096 Y83.56
G1 F3000 X123.44 Y105.904 E430.72512
G0 F15000 X123.44 Y105.338
G1 F3000 X101.662 Y83.56 E431.74949
G0 F15000 X102.228 Y83.56
G1 F3000 X123.44 Y104.773 E432.74726
G0 F15000 X123.44 Y104.207
G1 F3000 X102.794 Y83.56 E433.71841
G0 F15000 X103.359 Y83.56
G1 F3000 X123.44 Y103.641 E434.66296
G0 F15000 X123.44 Y103.076
G1 F3000 X103.925 Y83.56 E435.58091
G0 F15000 X104.491 Y83.56
G1 F3000 X123.44 Y102.51 E436.47224
G0 F15000 X123.44 Y101.944
G1 F3000 X105.056 Y83.56 E437.33696
G0 F15000 X105.622 Y83.56
G1 F3000 X123.44 Y101.379 E438.17509
G0 F15000 X123.44 Y100.813
G1 F3000 X106.188 Y83.56 E438.98659
G0 F15000 X106.753 Y83.56
G1 F3000 X123.44 Y100.247 E439.7715
G0 F15000 X123.44 Y99.682
G1 F3000 X107.319 Y83.56 E440.52981
G0 F15000 X107.885 Y83.56
G1 F3000 X123.44 Y99.116 E441.26149
G0 F15000 X123.44 Y98.55
G1 F3000 X108.45 Y83.56 E441.96657
G0 F15000 X109.016 Y83.56
G1 F3000 X123.44 Y97.984 E442.64503
G0 F15000 X123.44 Y97.419
G1 F3000 X109.582 Y83.56 E443.29689
G0 F15000 X110.147 Y83.56
G1 F3000 X123.44 Y96.853 E443.92216
G0 F15000 X123.44 Y96.287
G1 F3000 X110.713 Y83.56 E444.5208
G0 F15000 X111.279 Y83.56
G1 F3000 X123.44 Y95.722 E445.09284
G0 F15000 X123.44 Y95.156
G1 F3000 X111.844 Y83.56 E445.63828
G0 F15000 X112.41 Y83.56
G1 F3000 X123.44 Y94.59 E446.15709
G0 F15000 X123.44 Y94.025
G1 F3000 X112.976 Y83.56 E446.64931
G0 F15000 X113.542 Y83.56
G1 F3000 X123.44 Y93.459 E447.11491
G0 F15000 X123.44 Y92.893
G1 F3000 X114.107 Y83.56 E447.5539
G0 F15000 X114.673 Y83.56
G1 F3000 X123.44 Y92.328 E447.9663
G0 F15000 X123.44 Y91.762
G1 F3000 X115.239 Y83.56 E448.35207
G0 F15000 X115.804 Y83.56
G1 F3000 X123.44 Y91.196 E448.71125
G0 F15000 X123.44 Y90.631
G1 F3000 X116.37 Y83.56 E449.04382
G0 F15000 X116.936 Y83.56
G1 F3000 X123.44 Y90.065 E449.34977
G0 F15000 X123.44 Y89.499
G1 F3000 X117.501 Y83.56 E449.62912
G0 F15000 X118.067 Y83.56
G1 F3000 X123.44 Y88.934 E449.88188
G0 F15000 X123.44 Y88.368
G1 F3000 X118.633 Y83.56 E450.10801
G0 F15000 X119.198 Y83.56
G1 F3000 X123.44 Y87.802 E450.30754
G0 F15000 X123.44 Y87.236
G1 F3000 X119.764 Y83.56 E450.48045
G0 F15000 X120.33 Y83.56
G1 F3000 X123.44 Y86.671 E450.62675
G0 F15000 X123.44 Y86.105
G1 F3000 X120.895 Y83.56 E450.74646
G0 F15000 X121.461 Y83.56
G1 F3000 X123.44 Y85.539 E450.83955
G0 F15000 X123.44 Y84.974
G1 F3000 X122.027 Y83.56 E450.90604
G0 F15000 X122.593 Y83.56
G1 F3000 X123.44 Y84.408 E450.9459
G0 F15000 X123.44 Y83.842
G1 F3000 X123.158 Y83.56 E450.95916
G1 F1500 E444.45916
;MESH:NONMESH
G0 F300 X123.158 Y83.56 Z0.8
G0 F15000 X123.158 Y83.1
G0 X123.828 Y83.172
G0 X124 Y136
;TIME_ELAPSED:523.787231
;LAYER:3
M106 S255
;TYPE:WALL-INNER
;MESH:9VBatteryHolder_v3.stl
G1 F1500 E450.95916
G1 F3000 X124 Y83 E452.72195
G1 X96 Y83 E453.65324
G1 X96 Y136 E455.41602
G1 X124 Y136 E456.34731
G0 F15000 X124.4 Y136.4
G1 F3000 X124.4 Y82.6 E458.1367
G1 X95.6 Y82.6 E459.09459
G1 X95.6 Y136.4 E460.88399
G1 X124.4 Y136.4 E461.84188
G0 F15000 X124.8 Y136.8
;TYPE:WALL-OUTER
G1 F3000 X124.8 Y82.2 E463.65788
G1 X95.2 Y82.2 E464.64238
G1 X95.2 Y136.8 E466.45839
G1 X124.8 Y136.8 E467.44289
G0 F15000 X124.52 Y136.52
G0 X123.9 Y135.64
G0 X123.64 Y135.64
;TYPE:SKIN
G1 F3000 X96.36 Y135.64 E468.35022
G1 X96.36 Y83.36 E470.08906
G1 X123.64 Y83.36 E470.9964
G1 X123.64 Y135.64 E472.73524
G0 F15000 X123.44 Y135.079
G1 F3000 X123.078 Y135.44 E472.75224
G0 F15000 X122.513 Y135.44
G1 F3000 X123.44 Y134.513 E472.79585
G0 F15000 X123.44 Y133.947
G1 F3000 X121.947 Y135.44 E472.86607
G0 F15000 X121.381 Y135.44
G1 F3000 X123.44 Y133.382 E472.9629
G0 F15000 X123.44 Y132.816
G1 F3000 X120.816 Y135.44 E473.08632
G0 F15000 X120.25 Y135.44
G1 F3000 X123.44 Y132.25 E473.23637
G0 F15000 X123.44 Y131.684
G1 F3000 X119.684 Y135.44 E473.41304
G0 F15000 X119.119 Y135.44
G1 F3000 X123.44 Y131.119 E473.61629
G0 F15000 X123.44 Y130.553
G1 F3000 X118.553 Y135.44 E473.84616
G0 F15000 X117.987 Y135.44
G1 F3000 X123.44 Y129.987 E474.10265
G0 F15000 X123.44 Y129.422
G1 F3000 X117.421 Y135.44 E474.38574
G0 F15000 X116.856 Y135.44
G1 F3000 X123.44 Y128.856 E474.69543
G0 F15000 X123.44 Y128.29
G1 F3000 X116.29 Y135.44 E475.03175
G0 F15000 X115.724 Y135.44
G1 F3000 X123.44 Y127.725 E475.39466
G0 F15000 X123.44 Y127.159
G1 F3000 X115.159 Y135.44 E475.78417
G0 F15000 X114.593 Y135.44
G1 F3000 X123.44 Y126.593 E476.20031
G0 F15000 X123.44 Y126.028
G1 F3000 X114.027 Y135.44 E476.64305
G0 F15000 X113.462 Y135.44
G1 F3000 X123.44 Y125.462 E477.11238
G0 F15000 X123.44 Y124.896
G1 F3000 X112.896 Y135.44 E477.60834
G0 F15000 X112.33 Y135.44
G1 F3000 X123.44 Y124.331 E478.13089
G0 F15000 X123.44 Y123.765
G1 F3000 X111.765 Y135.44 E478.68005
G0 F15000 X111.199 Y135.44
G1 F3000 X123.44 Y123.199 E479.25583
G0 F15000 X123.44 Y122.634
G1 F3000 X110.633 Y135.44 E479.85821
G0 F15000 X110.068 Y135.44
G1 F3000 X123.44 Y122.068 E480.48719
G0 F15000 X123.44 Y121.502
G1 F3000 X109.502 Y135.44 E481.14279
G0 F15000 X108.936 Y135.44
G1 F3000 X123.44 Y120.936 E481.82501
G0 F15000 X123.44 Y120.371
G1 F3000 X108.37 Y135.44 E482.53383
G0 F15000 X107.805 Y135.44
G1 F3000 X123.44 Y119.805 E483.26926
G0 F15000 X123.44 Y119.239
G1 F3000 X107.239 Y135.44 E484.0313
G0 F15000 X106.673 Y135.44
G1 F3000 X123.44 Y118.674 E484.81995
G0 F15000 X123.44 Y118.108
G1 F3000 X106.108 Y135.44 E485.63519
G0 F15000 X105.542 Y135.44
G1 F3000 X123.44 Y117.542 E486.47706
G0 F15000 X123.44 Y116.977
G1 F3000 X104.976 Y135.44 E487.34552
G0 F15000 X104.411 Y135.44
G1 F3000 X123.44 Y116.411 E488.24059
G0 F15000 X123.44 Y115.845
G1 F3000 X103.845 Y135.44 E489.16228
G0 F15000 X103.279 Y135.44
G1 F3000 X123.44 Y115.28 E490.11057
G0 F15000 X123.44 Y114.714
G1 F3000 X102.714 Y135.44 E491.08545
G0 F15000 X102.148 Y135.44
G1 F3000 X123.44 Y114.148 E492.08696
G0 F15000 X123.44 Y113.583
G1 F3000 X101.582 Y135.44 E493.11507
G0 F15000 X101.017 Y135.44
G1 F3000 X123.44 Y113.017 E494.16978
G0 F15000 X123.44 Y112.451
G1 F3000 X100.451 Y135.44 E495.25111
G0 F15000 X99.885 Y135.44
G1 F3000 X123.44 Y111.886 E496.35905
G0 F15000 X123.44 Y111.32
G1 F3000 X99.32 Y135.44 E497.49358
G0 F15000 X98.754 Y135.44
G1 F3000 X123.44 Y110.754 E498.65473
G0 F15000 X123.44 Y110.188
G1 F3000 X98.188 Y135.44 E499.84251
G0 F15000 X97.622 Y135.44
G1 F3000 X123.44 Y109.623 E501.05688
G0 F15000 X123.44 Y109.057
G1 F3000 X97.057 Y135.44 E502.29786
G0 F15000 X96.56 Y135.371
G1 F3000 X123.44 Y108.491 E503.56221
G0 F15000 X123.44 Y107.926
G1 F3000 X96.56 Y134.805 E504.82654
G0 F15000 X96.56 Y134.239
G1 F3000 X123.44 Y107.36 E506.09087
G0 F15000 X123.44 Y106.794
G1 F3000 X96.56 Y133.674 E507.35522
G0 F15000 X96.56 Y133.108
G1 F3000 X123.44 Y106.229 E508.61955
G0 F15000 X123.44 Y105.663
G1 F3000 X96.56 Y132.542 E509.88388
G0 F15000 X96.56 Y131.977
G1 F3000 X123.44 Y105.097 E511.14823
G0 F15000 X123.44 Y104.532
G1 F3000 X96.56 Y131.411 E512.41256
G0 F15000 X96.56 Y130.845
G1 F3000 X123.44 Y103.966 E513.67689
G0 F15000 X123.44 Y103.4
G1 F3000 X96.56 Y130.279 E514.94122
G0 F15000 X96.56 Y129.714
G1 F3000 X123.44 Y102.835 E516.20555
G0 F15000 X123.44 Y102.269
G1 F3000 X96.56 Y129.148 E517.46988
G0 F15000 X96.56 Y128.582
G1 F3000 X123.44 Y101.703 E518.73421
G0 F15000 X123.44 Y101.137
G1 F3000 X96.56 Y128.017 E519.99856
G0 F15000 X96.56 Y127.451
G1 F3000 X123.44 Y100.572 E521.26289
G0 F15000 X123.44 Y100.006
G1 F3000 X96.56 Y126.885 E522.52722
G0 F15000 X96.56 Y126.32
G1 F3000 X123.44 Y99.44 E523.79157
G0 F15000 X123.44 Y98.875
G1 F3000 X96.56 Y125.754 E525.0559
G0 F15000 X96.56 Y125.188
G1 F3000 X123.44 Y98.309 E526.32023
G0 F15000 X123.44 Y97.743
G1 F3000 X96.56 Y124.623 E527.58459
G0 F15000 X96.56 Y124.057
G1 F3000 X123.44 Y97.178 E528.84891
G0 F15000 X123.44 Y96.612
G1 F3000 X96.56 Y123.491 E530.11324
G0 F15000 X96.56 Y122.926
G1 F3000 X123.44 Y96.046 E531.3776
G0 F15000 X123.44 Y95.481
G1 F3000 X96.56 Y122.36 E532.64193
G0 F15000 X96.56 Y121.794
G1 F3000 X123.44 Y94.915 E533.90626
G0 F15000 X123.44 Y94.349
G1 F3000 X96.56 Y121.229 E535.17061
G0 F15000 X96.56 Y120.663
G1 F3000 X123.44 Y93.784 E536.43494
G0 F15000 X123.44 Y93.218
G1 F3000 X96.56 Y120.097 E537.69927
G0 F15000 X96.56 Y119.531
G1 F3000 X123.44 Y92.652 E538.9636
G0 F15000 X123.44 Y92.087
G1 F3000 X96.56 Y118.966 E540.22793
G0 F15000 X96.56 Y118.4
G1 F3000 X123.44 Y91.521 E541.49225
G0 F15000 X123.44 Y90.955
G1 F3000 X96.56 Y117.834 E542.75658
G0 F15000 X96.56 Y117.269
G1 F3000 X123.44 Y90.389 E544.02094
G0 F15000 X123.44 Y89.824
G1 F3000 X96.56 Y116.703 E545.28527
G0 F15000 X96.56 Y116.137
G1 F3000 X123.44 Y89.258 E546.5496
G0 F15000 X123.44 Y88.692
G1 F3000 X96.56 Y115.572 E547.81395
G0 F15000 X96.56 Y115.006
G1 F3000 X123.44 Y88.127 E549.07828
G0 F15000 X123.44 Y87.561
G1 F3000 X96.56 Y114.44 E550.34261
G0 F15000 X96.56 Y113.875
G1 F3000 X123.44 Y86.995 E551.60696
G0 F15000 X123.44 Y86.43
G1 F3000 X96.56 Y113.309 E552.87129
G0 F15000 X96.56 Y112.743
G1 F3000 X123.44 Y85.864 E554.13562
G0 F15000 X123.44 Y85.298
G1 F3000 X96.56 Y112.178 E555.39997
G0 F15000 X96.56 Y111.612
G1 F3000 X123.44 Y84.733 E556.6643
G0 F15000 X123.44 Y84.167
G1 F3000 X96.56 Y111.046 E557.92863
G0 F15000 X96.56 Y110.48
G1 F3000 X123.44 Y83.601 E559.19296
G0 F15000 X122.915 Y83.56
G1 F3000 X96.56 Y109.915 E560.43262
G0 F15000 X96.56 Y109.349
G1 F3000 X122.349 Y83.56 E561.64565
G0 F15000 X121.784 Y83.56
G1 F3000 X96.56 Y108.783 E562.83209
G0 F15000 X96.56 Y108.218
G1 F3000 X121.218 Y83.56 E563.99193
G0 F15000 X120.652 Y83.56
G1 F3000 X96.56 Y107.652 E565.12514
G0 F15000 X96.56 Y107.086
G1 F3000 X120.087 Y83.56 E566.23175
G0 F15000 X119.521 Y83.56
G1 F3000 X96.56 Y106.521 E567.31177
G0 F15000 X96.56 Y105.955
G1 F3000 X118.955 Y83.56 E568.36516
G0 F15000 X118.389 Y83.56
G1 F3000 X96.56 Y105.389 E569.39193
G0 F15000 X96.56 Y104.824
G1 F3000 X117.824 Y83.56 E570.39212
G0 F15000 X117.258 Y83.56
G1 F3000 X96.56 Y104.258 E571.36569
G0 F15000 X96.56 Y103.692
G1 F3000 X116.692 Y83.56 E572.31264
G0 F15000 X116.127 Y83.56
G1 F3000 X96.56 Y103.127 E573.23301
G0 F15000 X96.56 Y102.561
G1 F3000 X115.561 Y83.56 E574.12676
G0 F15000 X114.995 Y83.56
G1 F3000 X96.56 Y101.995 E574.99389
G0 F15000 X96.56 Y101.43
G1 F3000 X114.43 Y83.56 E575.83444
G0 F15000 X113.864 Y83.56
G1 F3000 X96.56 Y100.864 E576.64836
G0 F15000 X96.56 Y100.298
G1 F3000 X113.298 Y83.56 E577.43567
G0 F15000 X112.733 Y83.56
G1 F3000 X96.56 Y99.732 E578.19637
G0 F15000 X96.56 Y99.167
G1 F3000 X112.167 Y83.56 E578.93048
G0 F15000 X111.601 Y83.56
G1 F3000 X96.56 Y98.601 E579.63796
G0 F15000 X96.56 Y98.035
G1 F3000 X111.036 Y83.56 E580.31884
G0 F15000 X110.47 Y83.56
G1 F3000 X96.56 Y97.47 E580.97313
G0 F15000 X96.56 Y96.904
G1 F3000 X109.904 Y83.56 E581.60079
G0 F15000 X109.339 Y83.56
G1 F3000 X96.56 Y96.338 E582.20185
G0 F15000 X96.56 Y95.773
G1 F3000 X108.773 Y83.56 E582.77631
G0 F15000 X108.207 Y83.56
G1 F3000 X96.56 Y95.207 E583.32415
G0 F15000 X96.56 Y94.641
G1 F3000 X107.641 Y83.56 E583.84537
G0 F15000 X107.076 Y83.56
G1 F3000 X96.56 Y94.076 E584.34001
G0 F15000 X96.56 Y93.51
G1 F3000 X106.51 Y83.56 E584.80803
G0 F15000 X105.944 Y83.56
G1 F3000 X96.56 Y92.944 E585.24942
G0 F15000 X96.56 Y92.379
G1 F3000 X105.379 Y83.56 E585.66424
G0 F15000 X104.813 Y83.56
G1 F3000 X96.56 Y91.813 E586.05244
G0 F15000 X96.56 Y91.247
G1 F3000 X104.247 Y83.56 E586.41401
G0 F15000 X103.682 Y83.56
G1 F3000 X96.56 Y90.681 E586.74898
G0 F15000 X96.56 Y90.116
G1 F3000 X103.116 Y83.56 E587.05736
G0 F15000 X102.55 Y83.56
G1 F3000 X96.56 Y89.55 E587.33911
G0 F15000 X96.56 Y88.984
G1 F3000 X101.985 Y83.56 E587.59426
G0 F15000 X101.419 Y83.56
G1 F3000 X96.56 Y88.419 E587.82281
G0 F15000 X96.56 Y87.853
G1 F3000 X100.853 Y83.56 E588.02474
G0 F15000 X100.288 Y83.56
G1 F3000 X96.56 Y87.287 E588.20007
G0 F15000 X96.56 Y86.722
G1 F3000 X99.722 Y83.56 E588.3488
G0 F15000 X99.156 Y83.56
G1 F3000 X96.56 Y86.156 E588.47091
G0 F15000 X96.56 Y85.59
G1 F3000 X98.59 Y83.56 E588.56639
G0 F15000 X98.025 Y83.56
G1 F3000 X96.56 Y85.025 E588.6353
G0 F15000 X96.56 Y84.459
G1 F3000 X97.459 Y83.56 E588.67759
G0 F15000 X96.893 Y83.56
G1 F3000 X96.56 Y83.893 E588.69325
G1 F1500 E582.19325
;MESH:NONMESH
G0 F300 X96.56 Y83.893 Z1
G0 F15000 X96.1 Y83.893
G0 X96.172 Y135.828
G0 X124 Y136
;TIME_ELAPSED:627.268905
;LAYER:4
;TYPE:WALL-INNER
;MESH:9VBatteryHolder_v3.stl
G1 F1500 E588.69325
G1 F3000 X124 Y83 E590.45604
G1 X96 Y83 E591.38732
G1 X96 Y136 E593.15011
G1 X124 Y136 E594.0814
G0 F15000 X124.4 Y136.4
G1 F3000 X124.4 Y82.6 E595.87079
G1 X95.6 Y82.6 E596.82868
G1 X95.6 Y136.4 E598.61808
G1 X124.4 Y136.4 E599.57597
G0 F15000 X124.8 Y136.8
;TYPE:WALL-OUTER
G1 F3000 X124.8 Y82.2 E601.39197
G1 X95.2 Y82.2 E602.37647
G1 X95.2 Y136.8 E604.19248
G1 X124.8 Y136.8 E605.17698
G1 F1500 E598.67698
G0 F15000 X124.52 Y136.52
G0 X124.082 Y82.918
G0 X115.623 Y82.92
G0 X115.451 Y86.7
G0 X115.451 Y86.921
;TYPE:FILL
G1 F1500 E605.17698
G1 F6000 X116.052 Y84.678 E605.25421
G0 F15000 X116.045 Y84.264
G1 F6000 X106.135 Y86.92 E605.59545
G0 F15000 X106.135 Y86.7
G0 X104.89 Y86.7
G0 X104.89 Y86.92
G1 F6000 X103.926 Y85.955 E605.64082
G0 F15000 X104.146 Y85.959
G0 X104.188 Y83.412
G0 X103.969 Y83.409
G1 F6000 X104.057 Y83.08 E605.65215
G0 F15000 X115.896 Y86.73
G0 X116.124 Y86.805
;TYPE:SKIN
G1 F3000 X116.072 Y83.361 E605.76671
G1 X123.64 Y83.36 E606.01842
G1 X123.64 Y135.64 E607.75726
G1 X96.36 Y135.64 E608.6646
G1 X96.36 Y83.36 E610.40344
G1 X103.928 Y83.361 E610.65515
G1 X103.872 Y86.779 E610.76885
G1 X103.987 Y86.959 E610.77595
G1 X116.006 Y86.959 E611.1757
G1 X116.124 Y86.805 E611.18216
G0 F15000 X115.896 Y86.73
G0 X115.88 Y83.172
G0 X123.159 Y83.1
G0 X123.159 Y83.561
G1 F3000 X123.44 Y83.842 E611.19537
G0 F15000 X123.44 Y84.408
G1 F3000 X122.593 Y83.561 E611.23521
G0 F15000 X122.028 Y83.561
G1 F3000 X123.44 Y84.974 E611.30165
G0 F15000 X123.44 Y85.539
G1 F3000 X121.462 Y83.561 E611.39469
G0 F15000 X120.896 Y83.561
G1 F3000 X123.44 Y86.105 E611.51436
G0 F15000 X123.44 Y86.671
G1 F3000 X120.33 Y83.561 E611.66064
G0 F15000 X119.765 Y83.561
G1 F3000 X123.44 Y87.236 E611.8335
G0 F15000 X123.44 Y87.802
G1 F3000 X119.199 Y83.561 E612.03298
G0 F15000 X118.633 Y83.561
G1 F3000 X123.44 Y88.368 E612.25909
G0 F15000 X123.44 Y88.934
G1 F3000 X118.068 Y83.561 E612.5118
G0 F15000 X117.502 Y83.561
G1 F3000 X123.44 Y89.499 E612.7911
G0 F15000 X123.44 Y90.065
G1 F3000 X116.936 Y83.561 E613.09703
G0 F15000 X116.371 Y83.561
G1 F3000 X123.44 Y90.631 E613.42956
G0 F15000 X123.44 Y91.196
G1 F3000 X116.282 Y84.038 E613.76625
G0 F15000 X116.29 Y84.612
G1 F3000 X123.44 Y91.762 E614.10256
G0 F15000 X123.44 Y92.328
G1 F3000 X116.299 Y85.186 E614.43848
G0 F15000 X116.307 Y85.76
G1 F3000 X123.44 Y92.893 E614.77399
G0 F15000 X123.44 Y93.459
G1 F3000 X116.316 Y86.335 E615.10908
G0 F15000 X116.297 Y86.882
G1 F3000 X123.44 Y94.025 E615.44507
G0 F15000 X123.44 Y94.59
G1 F3000 X115.997 Y87.147 E615.79516
G0 F15000 X115.442 Y87.158
G1 F3000 X123.44 Y95.156 E616.17136
G0 F15000 X123.44 Y95.722
G1 F3000 X114.877 Y87.158 E616.57417
G0 F15000 X114.311 Y87.158
G1 F3000 X123.44 Y96.287 E617.00357
G0 F15000 X123.44 Y96.853
G1 F3000 X113.745 Y87.158 E617.45959
G0 F15000 X113.18 Y87.158
G1 F3000 X123.44 Y97.419 E617.94221
G0 F15000 X123.44 Y97.984
G1 F3000 X112.614 Y87.158 E618.45143
G0 F15000 X112.048 Y87.158
G1 F3000 X123.44 Y98.55 E618.98728
G0 F15000 X123.44 Y99.116
G1 F3000 X111.482 Y87.158 E619.54975
G0 F15000 X110.917 Y87.158
G1 F3000 X123.44 Y99.682 E620.13881
G0 F15000 X123.44 Y100.247
G1 F3000 X110.351 Y87.158 E620.75448
G0 F15000 X109.785 Y87.158
G1 F3000 X123.44 Y100.813 E621.39677
G0 F15000 X123.44 Y101.379
G1 F3000 X109.22 Y87.158 E622.06566
G0 F15000 X108.654 Y87.158
G1 F3000 X123.44 Y101.944 E622.76115
G0 F15000 X123.44 Y102.51
G1 F3000 X108.088 Y87.158 E623.48326
G0 F15000 X107.523 Y87.158
G1 F3000 X123.44 Y103.076 E624.23197
G0 F15000 X123.44 Y103.641
G1 F3000 X106.957 Y87.158 E625.00728
G0 F15000 X106.391 Y87.158
G1 F3000 X123.44 Y104.207 E625.80921
G0 F15000 X123.44 Y104.773
G1 F3000 X105.826 Y87.158 E626.63774
G0 F15000 X105.26 Y87.158
G1 F3000 X123.44 Y105.338 E627.49287
G0 F15000 X123.44 Y105.904
G1 F3000 X104.694 Y87.158 E628.37463
G0 F15000 X104.129 Y87.158
G1 F3000 X123.44 Y106.47 E629.28298
G0 F15000 X123.44 Y107.035
G1 F3000 X99.966 Y83.561 E630.38713
G0 F15000 X100.531 Y83.561
G1 F3000 X103.675 Y86.705 E630.53501
G0 F15000 X103.684 Y86.148
G1 F3000 X101.097 Y83.561 E630.65669
G0 F15000 X101.663 Y83.561
G1 F3000 X103.693 Y85.591 E630.75218
G0 F15000 X103.701 Y85.034
G1 F3000 X102.229 Y83.561 E630.82144
G0 F15000 X102.794 Y83.561
G1 F3000 X103.711 Y84.477 E630.86455
G0 F15000 X103.719 Y83.92
G1 F3000 X103.36 Y83.561 E630.88144
G0 F15000 X103.36 Y83.1
G0 X99.4 Y83.1
G0 X99.4 Y83.561
G1 F3000 X123.44 Y107.601 E632.0122
G0 F15000 X123.44 Y108.167
G1 F3000 X98.834 Y83.561 E633.1696
G0 F15000 X98.269 Y83.561
G1 F3000 X123.44 Y108.733 E634.35359
G0 F15000 X123.44 Y109.298
G1 F3000 X97.703 Y83.561 E635.56418
G0 F15000 X97.137 Y83.561
G1 F3000 X123.44 Y109.864 E636.80139
G0 F15000 X123.44 Y110.43
G1 F3000 X96.572 Y83.561 E638.0652
G0 F15000 X96.56 Y84.115
G1 F3000 X123.44 Y110.995 E639.32955
G0 F15000 X123.44 Y111.561
G1 F3000 X96.56 Y84.68 E640.59393
G0 F15000 X96.56 Y85.246
G1 F3000 X123.44 Y112.127 E641.85831
G0 F15000 X123.44 Y112.692
G1 F3000 X96.56 Y85.812 E643.12266
G0 F15000 X96.56 Y86.377
G1 F3000 X123.44 Y113.258 E644.38703
G0 F15000 X123.44 Y113.824
G1 F3000 X96.56 Y86.943 E645.65141
G0 F15000 X96.56 Y87.509
G1 F3000 X123.44 Y114.389 E646.91576
G0 F15000 X123.44 Y114.955
G1 F3000 X96.56 Y88.074 E648.18014
G0 F15000 X96.56 Y88.64
G1 F3000 X123.44 Y115.521 E649.44452
G0 F15000 X123.44 Y116.086
G1 F3000 X96.56 Y89.206 E650.70887
G0 F15000 X96.56 Y89.771
G1 F3000 X123.44 Y116.652 E651.97324
G0 F15000 X123.44 Y117.218
G1 F3000 X96.56 Y90.337 E653.23762
G0 F15000 X96.56 Y90.903
G1 F3000 X123.44 Y117.783 E654.50197
G0 F15000 X123.44 Y118.349
G1 F3000 X96.56 Y91.469 E655.76633
G0 F15000 X96.56 Y92.034
G1 F3000 X123.44 Y118.915 E657.0307
G0 F15000 X123.44 Y119.481
G1 F3000 X96.56 Y92.6 E658.29508
G0 F15000 X96.56 Y93.166
G1 F3000 X123.44 Y120.046 E659.55943
G0 F15000 X123.44 Y120.612
G1 F3000 X96.56 Y93.731 E660.82381
G0 F15000 X96.56 Y94.297
G1 F3000 X123.44 Y121.178 E662.08818
G0 F15000 X123.44 Y121.743
G1 F3000 X96.56 Y94.863 E663.35254
G0 F15000 X96.56 Y95.428
G1 F3000 X123.44 Y122.309 E664.61691
G0 F15000 X123.44 Y122.875
G1 F3000 X96.56 Y95.994 E665.88129
G0 F15000 X96.56 Y96.56
G1 F3000 X123.44 Y123.44 E667.14564
G0 F15000 X123.44 Y124.006
G1 F3000 X96.56 Y97.125 E668.41002
G0 F15000 X96.56 Y97.691
G1 F3000 X123.44 Y124.572 E669.6744
G0 F15000 X123.44 Y125.137
G1 F3000 X96.56 Y98.257 E670.93875
G0 F15000 X96.56 Y98.822
G1 F3000 X123.44 Y125.703 E672.20312
G0 F15000 X123.44 Y126.269
G1 F3000 X96.56 Y99.388 E673.4675
G0 F15000 X96.56 Y99.954
G1 F3000 X123.44 Y126.834 E674.73185
G0 F15000 X123.44 Y127.4
G1 F3000 X96.56 Y100.519 E675.99623
G0 F15000 X96.56 Y101.085
G1 F3000 X123.44 Y127.966 E677.26061
G0 F15000 X123.44 Y128.532
G1 F3000 X96.56 Y101.651 E678.52498
G0 F15000 X96.56 Y102.217
G1 F3000 X123.44 Y129.097 E679.78934
G0 F15000 X123.44 Y129.663
G1 F3000 X96.56 Y102.782 E681.05371
G0 F15000 X96.56 Y103.348
G1 F3000 X123.44 Y130.229 E682.31809
G0 F15000 X123.44 Y130.794
G1 F3000 X96.56 Y103.914 E683.58244
G0 F15000 X96.56 Y104.479
G1 F3000 X123.44 Y131.36 E684.84682
G0 F15000 X123.44 Y131.926
G1 F3000 X96.56 Y105.045 E686.11119
G0 F15000 X96.56 Y105.611
G1 F3000 X123.44 Y132.491 E687.37555
G0 F15000 X123.44 Y133.057
G1 F3000 X96.56 Y106.176 E688.63992
G0 F15000 X96.56 Y106.742
G1 F3000 X123.44 Y133.623 E689.9043
G0 F15000 X123.44 Y134.188
G1 F3000 X96.56 Y107.308 E691.16865
G0 F15000 X96.56 Y107.873
G1 F3000 X123.44 Y134.754 E692.43303
G0 F15000 X123.44 Y135.32
G1 F3000 X96.56 Y108.439 E693.6974
G0 F15000 X96.56 Y109.005
G1 F3000 X122.995 Y135.44 E694.94083
G0 F15000 X122.429 Y135.44
G1 F3000 X96.56 Y109.57 E696.15765
G0 F15000 X96.56 Y110.136
G1 F3000 X121.863 Y135.44 E697.34785
G0 F15000 X121.298 Y135.44
G1 F3000 X96.56 Y110.702 E698.51145
G0 F15000 X96.56 Y111.267
G1 F3000 X120.732 Y135.44 E699.64845
G0 F15000 X120.166 Y135.44
G1 F3000 X96.56 Y111.833 E700.75882
G0 F15000 X96.56 Y112.399
G1 F3000 X119.601 Y135.44 E701.8426
G0 F15000 X119.035 Y135.44
G1 F3000 X96.56 Y112.965 E702.89976
G0 F15000 X96.56 Y113.53
G1 F3000 X118.469 Y135.44 E703.93031
G0 F15000 X117.904 Y135.44
G1 F3000 X96.56 Y114.096 E704.93427
G0 F15000 X96.56 Y114.662
G1 F3000 X117.338 Y135.44 E705.9116
G0 F15000 X116.772 Y135.44
G1 F3000 X96.56 Y115.227 E706.86234
G0 F15000 X96.56 Y115.793
G1 F3000 X116.207 Y135.44 E707.78647
G0 F15000 X115.641 Y135.44
G1 F3000 X96.56 Y116.359 E708.68398
G0 F15000 X96.56 Y116.924
G1 F3000 X115.075 Y135.44 E709.5549
G0 F15000 X114.51 Y135.44
G1 F3000 X96.56 Y117.49 E710.39921
G0 F15000 X96.56 Y118.056
G1 F3000 X113.944 Y135.44 E711.2169
G0 F15000 X113.378 Y135.44
G1 F3000 X96.56 Y118.621 E712.00799
G0 F15000 X96.56 Y119.187
G1 F3000 X112.813 Y135.44 E712.77248
G0 F15000 X112.247 Y135.44
G1 F3000 X96.56 Y119.753 E713.51035
G0 F15000 X96.56 Y120.318
G1 F3000 X111.681 Y135.44 E714.22162
G0 F15000 X111.115 Y135.44
G1 F3000 X96.56 Y120.884 E714.90626
G0 F15000 X96.56 Y121.45
G1 F3000 X110.55 Y135.44 E715.56431
G0 F15000 X109.984 Y135.44
G1 F3000 X96.56 Y122.016 E716.19573
G0 F15000 X96.56 Y122.581
G1 F3000 X109.418 Y135.44 E716.80056
G0 F15000 X108.853 Y135.44
G1 F3000 X96.56 Y123.147 E717.37878
G0 F15000 X96.56 Y123.713
G1 F3000 X108.287 Y135.44 E717.93039
G0 F15000 X107.721 Y135.44
G1 F3000 X96.56 Y124.278 E718.45539
G0 F15000 X96.56 Y124.844
G1 F3000 X107.156 Y135.44 E718.95379
G0 F15000 X106.59 Y135.44
G1 F3000 X96.56 Y125.41 E719.42557
G0 F15000 X96.56 Y125.975
G1 F3000 X106.024 Y135.44 E719.87075
G0 F15000 X105.459 Y135.44
G1 F3000 X96.56 Y126.541 E720.28934
G0 F15000 X96.56 Y127.107
G1 F3000 X104.893 Y135.44 E720.68129
G0 F15000 X104.327 Y135.44
G1 F3000 X96.56 Y127.672 E721.04665
G0 F15000 X96.56 Y128.238
G1 F3000 X103.762 Y135.44 E721.38541
G0 F15000 X103.196 Y135.44
G1 F3000 X96.56 Y128.804 E721.69755
G0 F15000 X96.56 Y129.369
G1 F3000 X102.63 Y135.44 E721.98309
G0 F15000 X102.064 Y135.44
G1 F3000 X96.56 Y129.935 E722.242
G0 F15000 X96.56 Y130.501
G1 F3000 X101.499 Y135.44 E722.47432
G0 F15000 X100.933 Y135.44
G1 F3000 X96.56 Y131.066 E722.68003
G0 F15000 X96.56 Y131.632
G1 F3000 X100.367 Y135.44 E722.85913
G0 F15000 X99.802 Y135.44
G1 F3000 X96.56 Y132.198 E723.01162
G0 F15000 X96.56 Y132.764
G1 F3000 X99.236 Y135.44 E723.13749
G0 F15000 X98.67 Y135.44
G1 F3000 X96.56 Y133.329 E723.23676
G0 F15000 X96.56 Y133.895
G1 F3000 X98.105 Y135.44 E723.30944
G0 F15000 X97.539 Y135.44
G1 F3000 X96.56 Y134.461 E723.35548
G0 F15000 X96.56 Y135.026
G1 F3000 X96.973 Y135.44 E723.37493
G1 F1500 E716.87493
;MESH:NONMESH
G0 F300 X96.973 Y135.44 Z1.2
G0 F15000 X96.973 Y135.9
G0 X96.172 Y135.828
G0 X96.172 Y83.172
G0 X104.12 Y83.172
G0 X115.896 Y86.73
G0 X116.168 Y87
;TIME_ELAPSED:732.853980
;LAYER:5
;TYPE:WALL-INNER
;MESH:9VBatteryHolder_v3.stl
G1 F1500 E723.37493
G1 F3000 X116.105 Y83 E723.50799
G1 X103.892 Y83 E723.9142
G1 X103.828 Y87 E724.04726
G1 X116.168 Y87 E724.45769
G0 F15000 X116.568 Y86.935
G1 F3000 X116.504 Y82.979 E724.58928
G1 X116.522 Y82.6 E724.6019
G1 X103.474 Y82.6 E725.03588
G1 X103.492 Y82.979 E725.0485
G1 X103.428 Y86.946 E725.18046
G1 X103.428 Y87.4 E725.19556
G1 X116.568 Y87.4 E725.6326
G1 X116.568 Y86.935 E725.64806
G0 F15000 X116.968 Y86.929
;TYPE:WALL-OUTER
G1 F3000 X116.904 Y82.998 E725.77882
G1 X116.942 Y82.2 E725.8054
G1 X103.054 Y82.2 E726.26731
G1 X103.092 Y83.012 E726.29435
G1 X103.028 Y86.942 E726.42508
G1 X103.028 Y87.8 E726.45362
G1 X116.968 Y87.8 E726.91726
G1 X116.968 Y86.929 E726.94623
G0 F15000 X116.661 Y86.937
G0 X115.305 Y86.921
;TYPE:FILL
G1 F6000 X116.042 Y84.17 E727.04096
G0 F15000 X116.046 Y84.41
G1 F6000 X106.679 Y86.92 E727.3635
G0 F15000 X105.09 Y86.92
G1 F6000 X103.928 Y85.758 E727.41815
G0 F15000 X104.057 Y85.76
G1 F1500 E720.91815
G0 F15000 X103.258 Y86.945
G0 X102.165 Y86.947
G0 X97.665 Y90.424
G0 X96.576 Y90.424
G0 X96 Y91
;TYPE:WALL-INNER
G1 F1500 E727.41815
G1 F3000 X96 Y135 E728.8816
G1 F2941.2 X96.007 Y135.174 E728.88751
G0 F15000 X96.303 Y135.697
G1 F3045.7 X96.007 Y135.174 E728.9072
G1 X95.986 Y136.014 E728.93472
G1 F3108.8 X97 Y136 E728.96727
G1 X96.303 Y135.697 E728.99167
G0 F15000 X97 Y136
G1 F3000 X123 Y136 E729.85643
G1 F2941.2 X123.174 Y135.993 E729.86234
G0 F15000 X123.697 Y135.697
G1 F3045.7 X123.174 Y135.993 E729.88202
G1 X124.014 Y136.014 E729.90955
G1 F3053.4 X123.993 Y135.174 E729.93701
G1 X123.697 Y135.697 E729.95665
G0 F15000 X123.993 Y135.174
G1 F2948.4 X124 Y135 E729.96254
G1 F3000 X124 Y91 E731.42599
G1 F1500 E724.92599
G0 F15000 X123.91 Y135.424
G0 X123.424 Y135.424
G1 F1500 E731.42599
G1 F3000 X123.089 Y135.6 E731.43857
G1 X97 Y135.6 E732.3063
G1 X96.575 Y135.425 E732.32159
G1 X96.4 Y135.089 E732.33419
G1 X96.4 Y90.6 E733.8139
G1 X95.6 Y90.6 E733.8405
G1 X95.601 Y136.399 E735.36378
G1 X124.4 Y136.4 E736.32164
G1 X124.4 Y90.6 E737.84496
G1 X123.6 Y90.6 E737.87157
G1 X123.6 Y135.089 E739.35128
G1 X123.424 Y135.424 E739.36386
G0 F15000 X123.198 Y135.035
;TYPE:WALL-OUTER
G1 F3000 X123.142 Y135.142 E739.36788
G1 X123.035 Y135.198 E739.3719
G1 X97 Y135.2 E740.23782
G1 X96.858 Y135.142 E740.24292
G1 X96.802 Y135.035 E740.24694
G1 X96.8 Y90.2 E741.73816
G1 X95.2 Y90.2 E741.79138
G1 X95.201 Y136.799 E743.34126
G1 X124.8 Y136.8 E744.32573
G1 X124.8 Y90.2 E745.87565
G1 X123.2 Y90.2 E745.92887
G1 X123.198 Y135.035 E747.42009
G1 F1500 E740.92009
;MESH:NONMESH
G0 F300 X123.198 Y135.035 Z1.4
G0 F15000 X123.51 Y135.035
G0 X123.438 Y135.438
G0 X105.13 Y135.43
G0 X105.13 Y134.335
G0 X105.13 Y125.494
;TIME_ELAPSED:754.138236
;LAYER:6
;TYPE:SUPPORT-INTERFACE
G1 F1500 E747.42009
G1 F3000 X110.864 Y131.228 E747.6898
G1 F1500 E741.1898
G0 F15000 X111.334 Y131.698
G0 X112.232 Y130.798
G0 X112.683 Y129.192
G0 X112.043 Y129.014
G1 F1500 E747.6898
G1 F3000 X107.325 Y124.296 E747.91172
G0 F15000 X106.183 Y124.616
G1 F3000 X104.305 Y126.495 E748.00008
G0 F15000 X103.949 Y127.708
G1 F3000 X108.634 Y132.392 E748.22042
G1 X108.571 Y132.411
G1 X112.071 Y128.911 E748.38505
G1 F1500 E741.88505
G0 F15000 X112.712 Y129.089
G0 X112.923 Y128.333
G0 X112.234 Y125.97
G0 X111.465 Y126.123
G1 F1500 E748.38505
G1 F3000 X105.79 Y131.798 E748.65199
G1 F1500 E742.15199
G0 F15000 X104.24 Y129.954
G1 F1500 E748.65199
G1 F3000 X109.631 Y124.563 E748.90556
G1 F1500 E742.40556
;MESH:9VBatteryHolder_v3.stl
G0 F15000 X109.809 Y123.924
G0 X110.471 Y124.111
G0 X112.234 Y125.97
G0 X112.923 Y128.333
G0 X112.232 Y130.798
G0 X109.631 Y134.335
G0 X109.631 Y135.43
G0 X97 Y136
;TYPE:WALL-INNER
G1 F1500 E748.90556
G1 F3000 X123 Y136 E749.77033
G1 F2941.2 X123.174 Y135.993 E749.77623
G0 F15000 X123.697 Y135.697
G1 F3045.7 X123.174 Y135.993 E749.79592
G1 X124.014 Y136.014 E749.82345
G1 F3053.4 X123.993 Y135.174 E749.85091
G1 X123.697 Y135.697 E749.87055
G0 F15000 X123.993 Y135.174
G1 F2948.4 X124 Y135 E749.87644
G1 F3000 X124 Y91 E751.33988
G1 F1500 E744.83988
G0 F15000 X123.838 Y135.838
G0 X96.162 Y135.838
G0 X96 Y91
G1 F1500 E751.33988
G1 F3000 X96 Y135 E752.80333
G1 F2941.2 X96.007 Y135.174 E752.80924
G0 F15000 X96.303 Y135.697
G1 F3045.7 X96.007 Y135.174 E752.82893
G1 X95.986 Y136.014 E752.85645
G1 F3108.8 X97 Y136 E752.889
G1 X96.303 Y135.697 E752.9134
G0 F15000 X96.09 Y135.697
G0 X123.838 Y135.838
G0 X123.91 Y135.424
G0 X123.424 Y135.424
G1 F3000 X123.089 Y135.6 E752.92598
G1 X97 Y135.6 E753.79371
G1 X96.575 Y135.425 E753.80899
G1 X96.4 Y135.089 E753.82159
G1 X96.4 Y90.6 E755.3013
G1 X95.6 Y90.6 E755.32791
G1 X95.601 Y136.399 E756.85119
G1 X124.4 Y136.4 E757.80905
G1 X124.4 Y90.6 E759.33237
G1 X123.6 Y90.6 E759.35897
G1 X123.6 Y135.089 E760.83868
G1 X123.424 Y135.424 E760.85127
G0 F15000 X123.198 Y135.035
;TYPE:WALL-OUTER
G1 F3000 X123.142 Y135.142 E760.85529
G1 X123.035 Y135.198 E760.8593
G1 X97 Y135.2 E761.72523
G1 X96.858 Y135.142 E761.73033
G1 X96.802 Y135.035 E761.73435
G1 X96.8 Y90.2 E763.22557
G1 X95.2 Y90.2 E763.27878
G1 X95.201 Y136.799 E764.82867
G1 X124.8 Y136.8 E765.81314
G1 X124.8 Y90.2 E767.36306
G1 X123.2 Y90.2 E767.41628
G1 X123.198 Y135.035 E768.9075
G1 F1500 E762.4075
G0 F15000 X123.51 Y135.035
G0 X123.424 Y90.424
G0 X122.335 Y90.424
G0 X118.815 Y87.581
G0 X117.725 Y87.576
G0 X117.159 Y84.982
;TYPE:WALL-INNER
G1 F1500 E768.9075
G1 F3000 X117.14 Y83 E768.97342
G1 X102.863 Y83.003 E769.44828
G1 X102.836 Y85.196 E769.52122
G1 X102.847 Y87 E769.58122
G1 X117.149 Y86.999 E770.05691
G1 X117.159 Y84.982 E770.124
G0 F15000 X117.559 Y84.979
G1 F3000 X117.54 Y82.986 E770.19029
G1 X117.55 Y82.601 E770.2031
G1 X102.449 Y82.601 E770.70536
G1 X102.46 Y82.999 E770.7186
G1 X102.436 Y85.198 E770.79174
G1 X102.449 Y87.4 E770.86498
G1 X117.547 Y87.399 E771.36715
G1 X117.559 Y84.979 E771.44764
G0 F15000 X117.959 Y84.975
;TYPE:WALL-OUTER
G1 F3000 X117.94 Y82.998 E771.51339
G1 X117.951 Y82.571 E771.5276
G1 X117.943 Y82.201 E771.53991
G1 X102.054 Y82.2 E772.06838
G1 X102.048 Y82.602 E772.08175
G1 X102.06 Y82.995 E772.09483
G1 X102.036 Y85.2 E772.16817
G1 X102.051 Y87.8 E772.25465
G1 X117.945 Y87.799 E772.78329
G1 X117.959 Y84.975 E772.87721
G0 F15000 X117.649 Y84.977
G0 X117.072 Y84.281
;TYPE:FILL
G1 F6000 X107.224 Y86.92 E773.21632
G0 F15000 X105.288 Y86.919
G1 F6000 X103.6 Y85.23 E773.29574
G0 F15000 X103.111 Y85.518
G1 F6000 X104.18 Y86.8 E773.35126
G0 F15000 X102.922 Y86.225
G1 F6000 X103.6 Y83.695 E773.43837
G0 F15000 X103.765 Y83.08
G1 F6000 X103.6 Y83.695 E773.45955
G1 X103.6 Y85.23 E773.51061
G1 X102.923 Y84.554 E773.54243
G0 F15000 X115.159 Y86.92
G1 F6000 X116.188 Y83.08 E773.67465
G0 F15000 X116.049 Y83.6
G1 F6000 X116.945 Y83.6 E773.70445
G0 F15000 X116.4 Y84.461
G1 F6000 X116.4 Y86.799 E773.78222
G0 F15000 X116.4 Y86.79
G1 F1500 E767.28222
;MESH:NONMESH
G0 F300 X116.4 Y86.79 Z1.6
G0 F15000 X106.152 Y87.57
G0 X106.152 Y88.665
G0 X105.967 Y123.987
G0 X106.152 Y124.648
;TIME_ELAPSED:784.405140
;LAYER:7
;TYPE:SUPPORT-INTERFACE
G1 F1500 E773.78222
G1 F3000 X104.337 Y126.463 E773.86759
G0 F15000 X105.145 Y125.51
G1 F3000 X110.847 Y131.212 E774.13579
G1 F1500 E767.63579
G0 F15000 X111.318 Y131.682
G0 X112.212 Y130.786
G0 X112.665 Y129.173
G0 X112.025 Y128.995
G1 F1500 E774.13579
G1 F3000 X107.344 Y124.315 E774.35595
G1 F1500 E767.85595
G0 F15000 X109.612 Y124.582
G1 F1500 E774.35595
G1 F3000 X104.257 Y129.937 E774.60783
G1 F1500 E768.10783
G0 F15000 X103.967 Y127.726
G1 F1500 E774.60783
G1 F3000 X108.615 Y132.374 E774.82646
G1 X108.605 Y132.377
G1 X112.038 Y128.944 E774.98794
G1 F1500 E768.48794
G0 F15000 X112.679 Y129.122
G0 X112.899 Y128.333
G0 X112.214 Y125.981
G0 X111.449 Y126.139
G1 F1500 E774.98794
G1 F3000 X105.805 Y131.783 E775.25341
G1 F1500 E768.75341
;MESH:9VBatteryHolder_v3.stl
G0 F15000 X105.336 Y132.253
G0 X105.805 Y134.335
G0 X105.805 Y135.43
G0 X97 Y136
;TYPE:WALL-INNER
G1 F1500 E775.25341
G1 F3000 X123 Y136 E776.11818
G1 F2941.2 X123.174 Y135.993 E776.12409
G0 F15000 X123.697 Y135.697
G1 F3045.7 X123.174 Y135.993 E776.14377
G1 X124.014 Y136.014 E776.1713
G1 F3053.4 X123.993 Y135.174 E776.19876
G1 X123.697 Y135.697 E776.2184
G0 F15000 X123.993 Y135.174
G1 F2948.4 X124 Y135 E776.22429
G1 F3000 X124 Y91 E777.68774
G1 F1500 E771.18774
G0 F15000 X123.838 Y135.838
G0 X96.162 Y135.838
G0 X96 Y91
G1 F1500 E777.68774
G1 F3000 X96 Y135 E779.15118
G1 F2941.2 X96.007 Y135.174 E779.15709
G0 F15000 X96.303 Y135.697
G1 F3045.7 X96.007 Y135.174 E779.17678
G1 X95.986 Y136.014 E779.20431
G1 F3108.8 X97 Y136 E779.23685
G1 X96.303 Y135.697 E779.26125
G0 F15000 X96.09 Y135.697
G0 X123.838 Y135.838
G0 X123.91 Y135.424
G0 X123.424 Y135.424
G1 F3000 X123.089 Y135.6 E779.27383
G1 X97 Y135.6 E780.14156
G1 X96.575 Y135.425 E780.15684
G1 X96.4 Y135.089 E780.16945
G1 X96.4 Y90.6 E781.64916
G1 X95.6 Y90.6 E781.67576
G1 X95.601 Y136.399 E783.19904
G1 X124.4 Y136.4 E784.1569
G1 X124.4 Y90.6 E785.68022
G1 X123.6 Y90.6 E785.70683
G1 X123.6 Y135.089 E787.18654
G1 X123.424 Y135.424 E787.19912
G0 F15000 X123.198 Y135.035
;TYPE:WALL-OUTER
G1 F3000 X123.142 Y135.142 E787.20314
G1 X123.035 Y135.198 E787.20716
G1 X97 Y135.2 E788.07308
G1 X96.858 Y135.142 E788.07818
G1 X96.802 Y135.035 E788.0822
G1 X96.8 Y90.2 E789.57342
G1 X95.2 Y90.2 E789.62664
G1 X95.201 Y136.799 E791.17652
G1 X124.8 Y136.8 E792.16099
G1 X124.8 Y90.2 E793.71091
G1 X123.2 Y90.2 E793.76413
G1 X123.198 Y135.035 E795.25535
G1 F1500 E788.75535
G0 F15000 X123.51 Y135.035
G0 X123.424 Y90.424
G0 X122.335 Y90.424
G0 X119.57 Y87.565
G0 X118.482 Y87.576
G0 X117.898 Y87
;TYPE:WALL-INNER
G1 F1500 E795.25535
G1 F3000 X117.86 Y83.001 E795.38836
G1 X102.137 Y83.001 E795.91131
G1 X102.101 Y87 E796.04432
G1 X117.898 Y87 E796.56973
G0 F15000 X117.952 Y82.979
G0 X118.26 Y82.987
G1 F3000 X118.27 Y82.601 E796.58258
G1 X101.727 Y82.601 E797.1328
G1 X101.736 Y82.998 E797.14601
G1 X101.698 Y87.4 E797.29242
G1 X118.302 Y87.4 E797.84467
G1 X118.26 Y82.987 E797.99146
G0 F15000 X118.66 Y82.998
;TYPE:WALL-OUTER
G1 F3000 X118.682 Y82.201 E798.01798
G1 X101.317 Y82.201 E798.59554
G1 X101.336 Y82.994 E798.62192
G1 X101.294 Y87.8 E798.78178
G1 X118.706 Y87.8 E799.3609
G1 X118.66 Y82.998 E799.52062
G0 F15000 X118.352 Y82.99
G0 X116.027 Y83.1
G0 X116.027 Y83.135
;TYPE:FILL
G1 F6000 X115.151 Y86.4 E799.63306
G1 X109.715 Y86.4 E799.81386
G1 X116.053 Y84.701 E800.03211
G0 F15000 X115.833 Y84.703
G0 X115.814 Y83.6
G0 X115.901 Y83.6
G1 F6000 X104.087 Y83.6 E800.42504
G0 F15000 X104.185 Y83.601
G0 X104.154 Y85.369
G0 X103.936 Y85.365
G1 F6000 X104.971 Y86.4 E800.47372
G1 X109.712 Y86.4 E800.63141
G1 X107.772 Y86.92 E800.69821
G0 F15000 X109.712 Y86.4
G0 X105.49 Y86.92
G1 F6000 X104.971 Y86.4 E800.72265
G1 X104.97 Y86.4
G1 X104.038 Y86.4 E800.75365
G0 F15000 X104.136 Y86.401
G0 X115.012 Y86.92
G1 F6000 X115.151 Y86.4 E800.77155
G1 X115.153 Y86.4
G1 X115.961 Y86.4 E800.79842
G0 F15000 X115.861 Y86.4
G0 X115.94 Y86.828
G0 X117.53 Y86.9
G0 X117.53 Y86.64
;TYPE:SKIN
G1 F3000 X116.125 Y86.64 E800.84515
G1 X116.068 Y83.36 E800.95426
G1 X117.501 Y83.36 E801.00193
G1 X117.53 Y86.64 E801.11102
G0 F15000 X117.327 Y86.32
G1 F3000 X117.206 Y86.44 E801.11669
G0 F15000 X116.641 Y86.44
G1 F3000 X117.322 Y85.759 E801.14872
G0 F15000 X117.317 Y85.199
G1 F3000 X116.318 Y86.198 E801.19571
G0 F15000 X116.308 Y85.642
G1 F3000 X117.313 Y84.637 E801.24299
G0 F15000 X117.308 Y84.076
G1 F3000 X116.299 Y85.085 E801.29045
G0 F15000 X116.289 Y84.529
G1 F3000 X117.258 Y83.56 E801.33602
G0 F15000 X116.692 Y83.56
G1 F3000 X116.279 Y83.973 E801.35545
G0 F15000 X115.82 Y83.979
G0 X103.871 Y86.9
G0 X103.871 Y86.64
G1 F3000 X102.462 Y86.64 E801.40231
G1 X102.495 Y83.361 E801.51138
G1 X103.928 Y83.361 E801.55904
G1 X103.871 Y86.64 E801.66812
G0 F15000 X103.064 Y86.44
G1 F3000 X103.684 Y85.82 E801.69728
G0 F15000 X103.694 Y85.245
G1 F3000 X102.666 Y86.273 E801.74564
G0 F15000 X102.672 Y85.701
G1 F3000 X103.704 Y84.669 E801.79418
G0 F15000 X103.714 Y84.093
G1 F3000 X102.678 Y85.13 E801.84293
G0 F15000 X102.683 Y84.559
G1 F3000 X103.681 Y83.561 E801.88987
G0 F15000 X103.115 Y83.561
G1 F3000 X102.689 Y83.987 E801.90991
G1 F1500 E795.40991
;MESH:NONMESH
G0 F300 X102.689 Y83.987 Z1.8
G0 F15000 X102.229 Y83.983
G0 X102.307 Y83.172
G0 X104.121 Y83.172
G0 X106.118 Y87.57
G0 X106.118 Y88.665
G0 X105.933 Y124.02
G0 X106.118 Y124.681
;TIME_ELAPSED:818.453649
;LAYER:8
;TYPE:SUPPORT-INTERFACE
G1 F1500 E801.90991
G1 F3000 X104.371 Y126.429 E801.99211
G0 F15000 X105.162 Y125.526
G1 F3000 X110.831 Y131.196 E802.25878
G1 F1500 E795.75878
G0 F15000 X111.301 Y131.666
G0 X110.436 Y132.529
G0 X108.817 Y132.983
G0 X108.638 Y132.344
G1 F1500 E802.25878
G1 F3000 X112.006 Y128.976 E802.41721
G1 X112.006 Y128.977
G1 X107.363 Y124.333 E802.63562
G1 F1500 E796.13562
G0 F15000 X109.593 Y124.601
G1 F1500 E802.63562
G1 F3000 X104.276 Y129.917 E802.88569
G1 F1500 E796.38569
G0 F15000 X103.986 Y127.744
G1 F1500 E802.88569
G1 F3000 X108.596 Y132.355 E803.10256
G1 F1500 E796.60256
G0 F15000 X108.775 Y132.995
G0 X107.994 Y133.213
G0 X105.644 Y132.526
G0 X105.822 Y131.766
G1 F1500 E803.10256
G1 F3000 X111.433 Y126.155 E803.36648
G1 F1500 E796.86648
;MESH:9VBatteryHolder_v3.stl
G0 F15000 X111.915 Y125.697
G0 X112.193 Y125.993
G0 X112.875 Y128.333
G0 X111.433 Y134.335
G0 X111.433 Y135.43
G0 X123.174 Y135.993
;TYPE:WALL-INNER
G1 F1500 E803.36648
G1 F2941.2 X123 Y136 E803.37239
G1 F3000 X97 Y136 E804.23715
G0 F15000 X96.303 Y135.697
G1 F3045.7 X96.007 Y135.174 E804.25684
G1 X95.986 Y136.014 E804.28437
G1 F3108.8 X97 Y136 E804.31692
G1 X96.303 Y135.697 E804.34131
G0 F15000 X96.007 Y135.174
G1 F2941.2 X96 Y135 E804.34722
G1 F3000 X96 Y91 E805.81066
G1 F1500 E799.31066
G0 F15000 X96.162 Y135.838
G0 X123.838 Y135.838
G0 X124 Y91
G1 F1500 E805.81066
G1 F3000 X124 Y135 E807.27411
G1 F2948.4 X123.993 Y135.174 E807.28
G0 F15000 X123.697 Y135.697
G1 F3045.7 X123.174 Y135.993 E807.29969
G1 X124.014 Y136.014 E807.32722
G1 F3053.4 X123.993 Y135.174 E807.35468
G1 X123.697 Y135.697 E807.37432
G0 F15000 X123.424 Y135.424
G1 F3000 X123.089 Y135.6 E807.3869
G1 X97 Y135.6 E808.25463
G1 X96.575 Y135.425 E808.26991
G1 X96.4 Y135.089 E808.28251
G1 X96.4 Y90.6 E809.76222
G1 X95.6 Y90.6 E809.78883
G1 X95.601 Y136.399 E811.31211
G1 X124.4 Y136.4 E812.26997
G1 X124.4 Y90.6 E813.79328
G1 X123.6 Y90.6 E813.81989
G1 X123.6 Y135.089 E815.2996
G1 X123.424 Y135.424 E815.31219
G0 F15000 X123.198 Y135.035
;TYPE:WALL-OUTER
G1 F3000 X123.142 Y135.142 E815.31621
G1 X123.035 Y135.198 E815.32022
G1 X97 Y135.2 E816.18615
G1 X96.858 Y135.142 E816.19125
G1 X96.802 Y135.035 E816.19527
G1 X96.8 Y90.2 E817.68649
G1 X95.2 Y90.2 E817.7397
G1 X95.201 Y136.799 E819.28959
G1 X124.8 Y136.8 E820.27406
G1 X124.8 Y90.2 E821.82398
G1 X123.2 Y90.2 E821.8772
G1 X123.198 Y135.035 E823.36842
G1 F1500 E816.86842
G0 F15000 X123.51 Y135.035
G0 X123.424 Y90.424
G0 X122.335 Y90.424
G0 X120.026 Y87.582
G0 X118.937 Y87.576
G0 X118.38 Y84.213
;TYPE:WALL-INNER
G1 F1500 E823.36842
G1 F3000 X118.368 Y83 E823.40876
G1 X101.63 Y83.002 E823.96547
G1 X101.616 Y84.23 E824.00632
G1 X101.634 Y87 E824.09845
G1 X118.362 Y86.999 E824.65482
G1 X118.38 Y84.213 E824.74749
G0 F15000 X118.78 Y84.209
G1 F3000 X118.771 Y82.6 E824.80101
G1 X101.225 Y82.6 E825.38459
G1 X101.216 Y84.23 E825.4388
G1 X101.237 Y87.4 E825.54424
G1 X118.759 Y87.399 E826.12702
G1 X118.78 Y84.209 E826.23313
G0 F15000 X119.18 Y84.205
;TYPE:WALL-OUTER
G1 F3000 X119.168 Y82.997 E826.27331
G1 X119.175 Y82.748 E826.28159
G1 X119.163 Y82.2 E826.29982
G1 X100.833 Y82.2 E826.90948
G1 X100.821 Y82.794 E826.92924
G1 X100.828 Y82.994 E826.9359
G1 X100.816 Y84.229 E826.97698
G1 X100.839 Y87.8 E827.09575
G1 X119.157 Y87.799 E827.70501
G1 X119.18 Y84.205 E827.82455
G0 F15000 X118.872 Y84.222
G0 X118.28 Y84.203
G0 X118.02 Y84.205
;TYPE:SKIN
G1 F3000 X118.001 Y86.635 E827.90537
G1 X101.991 Y86.64 E828.43787
G1 X101.976 Y84.233 E828.51793
G1 X101.983 Y83.36 E828.54696
G1 X118.01 Y83.36 E829.08002
G1 X118.02 Y84.205 E829.10813
G0 F15000 X117.501 Y83.56
G1 F3000 X117.817 Y83.876 E829.12299
G0 F15000 X117.819 Y84.443
G1 F3000 X116.936 Y83.56 E829.16453
G0 F15000 X116.37 Y83.56
G1 F3000 X117.814 Y85.004 E829.23245
G0 F15000 X117.81 Y85.566
G1 F3000 X115.804 Y83.56 E829.3268
G0 F15000 X115.239 Y83.56
G1 F3000 X117.805 Y86.126 E829.4475
G0 F15000 X117.547 Y86.435
G1 F3000 X114.673 Y83.56 E829.58271
G0 F15000 X114.107 Y83.56
G1 F3000 X116.982 Y86.435 E829.71794
G0 F15000 X116.416 Y86.435
G1 F3000 X113.542 Y83.56 E829.85315
G0 F15000 X112.976 Y83.56
G1 F3000 X115.85 Y86.435 E829.98836
G0 F15000 X115.285 Y86.435
G1 F3000 X112.41 Y83.56 E830.12359
G0 F15000 X111.844 Y83.56
G1 F3000 X114.72 Y86.435 E830.25884
G0 F15000 X114.154 Y86.435
G1 F3000 X111.279 Y83.56 E830.39407
G0 F15000 X110.713 Y83.56
G1 F3000 X113.589 Y86.436 E830.52935
G0 F15000 X113.023 Y86.436
G1 F3000 X110.147 Y83.56 E830.66463
G0 F15000 X109.582 Y83.56
G1 F3000 X112.458 Y86.436 E830.79991
G0 F15000 X111.893 Y86.437
G1 F3000 X109.016 Y83.56 E830.93523
G0 F15000 X108.45 Y83.56
G1 F3000 X111.327 Y86.437 E831.07056
G0 F15000 X110.761 Y86.437
G1 F3000 X107.885 Y83.56 E831.20586
G0 F15000 X107.319 Y83.56
G1 F3000 X110.196 Y86.437 E831.34119
G0 F15000 X109.631 Y86.437
G1 F3000 X106.753 Y83.56 E831.47653
G0 F15000 X106.188 Y83.56
G1 F3000 X109.065 Y86.437 E831.61186
G0 F15000 X108.499 Y86.437
G1 F3000 X105.622 Y83.56 E831.74718
G0 F15000 X105.056 Y83.56
G1 F3000 X107.934 Y86.438 E831.88256
G0 F15000 X107.369 Y86.438
G1 F3000 X104.491 Y83.56 E832.01793
G0 F15000 X103.925 Y83.56
G1 F3000 X106.803 Y86.438 E832.1533
G0 F15000 X106.237 Y86.438
G1 F3000 X103.359 Y83.56 E832.28867
G0 F15000 X102.794 Y83.56
G1 F3000 X105.672 Y86.439 E832.42407
G0 F15000 X105.106 Y86.439
G1 F3000 X102.228 Y83.56 E832.55947
G0 F15000 X102.177 Y84.075
G1 F3000 X104.541 Y86.439 E832.67066
G0 F15000 X103.976 Y86.44
G1 F3000 X102.178 Y84.642 E832.75523
G0 F15000 X102.182 Y85.211
G1 F3000 X103.41 Y86.44 E832.81302
G0 F15000 X102.844 Y86.44
G1 F3000 X102.186 Y85.781 E832.84399
G0 F15000 X102.19 Y86.35
G1 F3000 X102.279 Y86.44 E832.8482
G1 F1500 E826.3482
;MESH:NONMESH
G0 F300 X102.279 Y86.44 Z2
G0 F15000 X102.279 Y86.9
G0 X106.084 Y87.57
G0 X106.084 Y88.665
G0 X105.898 Y124.054
G0 X106.084 Y124.716
;TIME_ELAPSED:854.391125
;LAYER:9
;TYPE:SUPPORT-INTERFACE
G1 F1500 E832.8482
G1 F3000 X104.409 Y126.39 E832.92696
G0 F15000 X105.179 Y125.543
G1 F3000 X110.814 Y131.179 E833.19204
G1 F1500 E826.69204
G0 F15000 X108.674 Y132.308
G1 F1500 E833.19204
G1 F3000 X111.97 Y129.012 E833.34708
G1 X111.986 Y128.956
G1 X107.382 Y124.353 E833.56361
G1 F1500 E827.06361
G0 F15000 X109.574 Y124.62
G1 F1500 E833.56361
G1 F3000 X104.296 Y129.898 E833.81187
G1 F1500 E827.31187
G0 F15000 X104.006 Y127.764
G1 F1500 E833.81187
G1 F3000 X108.576 Y132.335 E834.02685
G1 F1500 E827.52685
G0 F15000 X108.755 Y132.975
G0 X107.994 Y133.187
G0 X105.656 Y132.504
G0 X105.839 Y131.749
G1 F1500 E834.02685
G1 F3000 X111.416 Y126.172 E834.28918
G1 F1500 E827.78918
;MESH:9VBatteryHolder_v3.stl
G0 F15000 X111.898 Y125.715
G0 X112.169 Y126.003
G0 X112.849 Y128.332
G0 X111.416 Y134.335
G0 X111.416 Y135.43
G0 X123.174 Y135.993
;TYPE:WALL-INNER
G1 F1500 E834.28918
G1 F2941.2 X123 Y136 E834.29509
G1 F3000 X97 Y136 E835.15985
G0 F15000 X96.303 Y135.697
G1 F3045.7 X96.007 Y135.174 E835.17954
G1 X95.986 Y136.014 E835.20707
G1 F3108.8 X97 Y136 E835.23961
G1 X96.303 Y135.697 E835.26401
G0 F15000 X96.007 Y135.174
G1 F2941.2 X96 Y135 E835.26991
G1 F3000 X96 Y91 E836.73336
G1 F1500 E830.23336
G0 F15000 X96.162 Y135.838
G0 X123.838 Y135.838
G0 X124 Y91
G1 F1500 E836.73336
G1 F3000 X124 Y135 E838.19681
G1 F2948.4 X123.993 Y135.174 E838.2027
G0 F15000 X123.697 Y135.697
G1 F3045.7 X123.174 Y135.993 E838.22239
G1 X124.014 Y136.014 E838.24992
G1 F3053.4 X123.993 Y135.174 E838.27737
G1 X123.697 Y135.697 E838.29701
G0 F15000 X123.424 Y135.424
G1 F3000 X123.089 Y135.6 E838.3096
G1 X97 Y135.6 E839.17732
G1 X96.575 Y135.425 E839.19261
G1 X96.4 Y135.089 E839.20521
G1 X96.4 Y90.6 E840.68492
G1 X95.6 Y90.6 E840.71153
G1 X95.601 Y136.399 E842.23481
G1 X124.4 Y136.4 E843.19267
G1 X124.4 Y90.6 E844.71598
G1 X123.6 Y90.6 E844.74259
G1 X123.6 Y135.089 E846.2223
G1 X123.424 Y135.424 E846.23489
G0 F15000 X123.198 Y135.035
;TYPE:WALL-OUTER
G1 F3000 X123.142 Y135.142 E846.2389
G1 X123.035 Y135.198 E846.24292
G1 X97 Y135.2 E847.10885
G1 X96.858 Y135.142 E847.11395
G1 X96.802 Y135.035 E847.11797
G1 X96.8 Y90.2 E848.60918
G1 X95.2 Y90.2 E848.6624
G1 X95.201 Y136.799 E850.21229
G1 X124.8 Y136.8 E851.19676
G1 X124.8 Y90.2 E852.74668
G1 X123.2 Y90.2 E852.79989
G1 X123.198 Y135.035 E854.29111
G1 F1500 E847.79111
G0 F15000 X123.51 Y135.035
G0 X123.424 Y90.424
G0 X122.335 Y90.424
G0 X120.466 Y87.582
G0 X119.376 Y87.576
G0 X118.807 Y86.007
;TYPE:WALL-INNER
G1 F1500 E854.29111
G1 F3000 X118.784 Y83.001 E854.3911
G1 X101.217 Y83.001 E854.97538
G1 X101.188 Y86.018 E855.07573
G1 X101.194 Y87 E855.10839
G1 X118.801 Y86.999 E855.694
G1 X118.807 Y86.007 E855.72699
G0 F15000 X119.207 Y86.004
G1 F3000 X119.184 Y82.987 E855.82734
G1 X119.195 Y82.601 E855.84019
G1 X100.805 Y82.6 E856.45184
G1 X100.816 Y82.998 E856.46508
G1 X100.788 Y86.017 E856.5655
G1 X100.797 Y87.4 E856.6115
G1 X119.199 Y87.399 E857.22355
G1 X119.207 Y86.004 E857.26995
G1 F1500 E850.76995
G0 F15000 X118.9 Y86.009
G0 X119.321 Y82.482
G0 X119.606 Y82.2
;TYPE:WALL-OUTER
G1 F1500 E857.26995
G1 F3000 X100.405 Y82.2 E857.90858
G1 X100.4 Y82.456 E857.9171
G1 X100.416 Y82.994 E857.935
G1 X100.388 Y86.017 E858.03555
G1 X100.399 Y87.8 E858.09485
G1 X119.597 Y87.799 E858.73338
G1 X119.607 Y86.001 E858.79318
G1 X119.584 Y82.998 E858.89306
G1 X119.606 Y82.2 E858.91962
G0 F15000 X119.321 Y82.482
G0 X101.134 Y82.916
G0 X101.288 Y86.024
G0 X101.548 Y86.023
;TYPE:SKIN
G1 F3000 X101.571 Y83.36 E859.00819
G1 X118.425 Y83.36 E859.56876
G1 X118.44 Y86.635 E859.67769
G1 X101.551 Y86.64 E860.23942
G1 X101.548 Y86.023 E860.25994
G0 F15000 X101.288 Y86.024
G0 X101.387 Y83.172
G0 X101.985 Y83.1
G0 X101.985 Y83.56
G1 F3000 X101.768 Y83.777 E860.27015
G0 F15000 X101.764 Y84.347
G1 F3000 X102.551 Y83.56 E860.30716
G0 F15000 X103.117 Y83.56
G1 F3000 X101.76 Y84.916 E860.37097
G0 F15000 X101.756 Y85.486
G1 F3000 X103.682 Y83.56 E860.46156
G0 F15000 X104.248 Y83.56
G1 F3000 X101.753 Y86.055 E860.57892
G0 F15000 X101.934 Y86.44
G1 F3000 X104.814 Y83.56 E860.71439
G0 F15000 X105.379 Y83.56
G1 F3000 X102.499 Y86.44 E860.84985
G0 F15000 X103.065 Y86.44
G1 F3000 X105.945 Y83.56 E860.98532
G0 F15000 X106.511 Y83.56
G1 F3000 X103.631 Y86.44 E861.12078
G0 F15000 X104.196 Y86.44
G1 F3000 X107.076 Y83.56 E861.25625
G0 F15000 X107.642 Y83.56
G1 F3000 X104.763 Y86.439 E861.39167
G0 F15000 X105.329 Y86.439
G1 F3000 X108.208 Y83.56 E861.52709
G0 F15000 X108.774 Y83.56
G1 F3000 X105.894 Y86.439 E861.66253
G0 F15000 X106.46 Y86.439
G1 F3000 X109.339 Y83.56 E861.79795
G0 F15000 X109.905 Y83.56
G1 F3000 X107.026 Y86.439 E861.93337
G0 F15000 X107.592 Y86.438
G1 F3000 X110.471 Y83.56 E862.06877
G0 F15000 X111.036 Y83.56
G1 F3000 X108.158 Y86.438 E862.20414
G0 F15000 X108.723 Y86.438
G1 F3000 X111.602 Y83.56 E862.33954
G0 F15000 X112.168 Y83.56
G1 F3000 X109.289 Y86.438 E862.47493
G0 F15000 X109.855 Y86.438
G1 F3000 X112.733 Y83.56 E862.6103
G0 F15000 X113.299 Y83.56
G1 F3000 X110.421 Y86.437 E862.74565
G0 F15000 X110.987 Y86.437
G1 F3000 X113.865 Y83.56 E862.881
G0 F15000 X114.43 Y83.56
G1 F3000 X111.552 Y86.437 E863.01635
G0 F15000 X112.118 Y86.437
G1 F3000 X114.996 Y83.56 E863.1517
G0 F15000 X115.562 Y83.56
G1 F3000 X112.684 Y86.437 E863.28705
G0 F15000 X113.25 Y86.437
G1 F3000 X116.127 Y83.56 E863.42237
G0 F15000 X116.693 Y83.56
G1 F3000 X113.816 Y86.437 E863.5577
G0 F15000 X114.382 Y86.437
G1 F3000 X117.259 Y83.56 E863.69302
G0 F15000 X117.824 Y83.56
G1 F3000 X114.947 Y86.437 E863.82835
G0 F15000 X115.514 Y86.436
G1 F3000 X118.227 Y83.723 E863.95596
G0 F15000 X118.23 Y84.286
G1 F3000 X116.079 Y86.436 E864.05711
G0 F15000 X116.645 Y86.436
G1 F3000 X118.232 Y84.849 E864.13176
G0 F15000 X118.235 Y85.411
G1 F3000 X117.211 Y86.436 E864.17995
G0 F15000 X117.776 Y86.436
G1 F3000 X118.238 Y85.974 E864.20168
G1 F1500 E857.70168
;MESH:NONMESH
G0 F300 X118.238 Y85.974 Z2.2
G0 F15000 X118.707 Y85.972
G0 X118.63 Y86.827
G0 X106.039 Y87.57
G0 X106.039 Y88.665
G0 X105.799 Y124.107
G0 X106.039 Y124.962
;TIME_ELAPSED:892.045611
;LAYER:10
;TYPE:SUPPORT
G1 F1500 E864.20168
G1 F3000 X107.999 Y124.412 E864.26939
G1 X109.957 Y124.962 E864.33703
G1 X111.381 Y126.459 E864.40575
G1 X111.927 Y128.334 E864.4707
G1 X111.377 Y130.295 E864.53844
G1 X109.959 Y131.713 E864.60514
G1 X107.997 Y132.264 E864.67292
G1 X106.122 Y131.718 E864.73788
G1 X104.618 Y130.214 E864.80862
G1 X104.069 Y128.335 E864.87373
G1 X104.615 Y126.459 E864.93871
G1 X106.039 Y124.962 E865.00743
G1 F1500 E858.50743
;MESH:9VBatteryHolder_v3.stl
G0 F15000 X105.41 Y124.367
G0 X103.849 Y126.016
G0 X103.171 Y128.338
G0 X103.854 Y130.671
G0 X106.039 Y134.335
G0 X106.039 Y135.43
G0 X97 Y136
;TYPE:WALL-INNER
G1 F1500 E865.00743
G1 F3000 X123 Y136 E865.8722
G1 F2941.2 X123.174 Y135.993 E865.8781
G0 F15000 X123.697 Y135.697
G1 F3045.7 X123.174 Y135.993 E865.89779
G1 X124.014 Y136.014 E865.92532
G1 F3053.4 X123.993 Y135.174 E865.95278
G1 X123.697 Y135.697 E865.97242
G0 F15000 X123.993 Y135.174
G1 F2948.4 X124 Y135 E865.97831
G1 F3000 X124 Y91 E867.44176
G1 F1500 E860.94176
G0 F15000 X123.838 Y135.838
G0 X96.162 Y135.838
G0 X96 Y91
G1 F1500 E867.44176
G1 F3000 X96 Y135 E868.9052
G1 F2941.2 X96.007 Y135.174 E868.91111
G0 F15000 X96.303 Y135.697
G1 F3045.7 X96.007 Y135.174 E868.9308
G1 X95.986 Y136.014 E868.95832
G1 F3108.8 X97 Y136 E868.99087
G1 X96.303 Y135.697 E869.01527
G0 F15000 X96.09 Y135.697
G0 X123.838 Y135.838
G0 X123.91 Y135.424
G0 X123.424 Y135.424
G1 F3000 X123.089 Y135.6 E869.02785
G1 X97 Y135.6 E869.89558
G1 X96.575 Y135.425 E869.91086
G1 X96.4 Y135.089 E869.92346
G1 X96.4 Y90.6 E871.40317
G1 X95.6 Y90.6 E871.42978
G1 X95.601 Y136.399 E872.95306
G1 X124.4 Y136.4 E873.91092
G1 X124.4 Y90.6 E875.43424
G1 X123.6 Y90.6 E875.46084
G1 X123.6 Y135.089 E876.94055
G1 X123.424 Y135.424 E876.95314
G0 F15000 X123.198 Y135.035
;TYPE:WALL-OUTER
G1 F3000 X123.142 Y135.142 E876.95716
G1 X123.035 Y135.198 E876.96117
G1 X97 Y135.2 E877.8271
G1 X96.858 Y135.142 E877.8322
G1 X96.802 Y135.035 E877.83622
G1 X96.8 Y90.2 E879.32744
G1 X95.2 Y90.2 E879.38065
G1 X95.201 Y136.799 E880.93054
G1 X124.8 Y136.8 E881.91501
G1 X124.8 Y90.2 E883.46493
G1 X123.2 Y90.2 E883.51815
G1 X123.198 Y135.035 E885.00937
G1 F1500 E878.50937
G0 F15000 X123.51 Y135.035
G0 X123.424 Y90.424
G0 X122.335 Y90.424
G0 X119.811 Y88.665
G0 X119.811 Y87.576
G0 X119.228 Y87
;TYPE:WALL-INNER
G1 F1500 E885.00937
G1 F3000 X119.196 Y83 E885.14241
G1 X100.805 Y83.001 E885.7541
G1 X100.769 Y87 E885.88711
G1 X119.228 Y87 E886.50106
G0 F15000 X119.287 Y82.974
G0 X119.596 Y82.984
G1 F3000 X119.608 Y82.6 E886.51384
G1 X100.394 Y82.601 E887.1529
G1 X100.404 Y82.998 E887.16611
G1 X100.366 Y87.4 E887.31252
G1 X119.631 Y87.4 E887.95328
G1 X119.596 Y82.984 E888.10016
G0 F15000 X119.996 Y82.997
;TYPE:WALL-OUTER
G1 F3000 X120.021 Y82.2 E888.12668
G1 X99.982 Y82.201 E888.79318
G1 X100.004 Y82.994 E888.81957
G1 X99.962 Y87.8 E888.97942
G1 X120.034 Y87.8 E889.64702
G1 X119.996 Y82.997 E889.80677
G0 F15000 X119.687 Y82.987
G0 X119.309 Y87.081
G0 X118.862 Y86.9
G0 X118.862 Y86.64
;TYPE:SKIN
G1 F3000 X101.13 Y86.64 E890.39654
G1 X101.163 Y83.36 E890.50564
G1 X118.837 Y83.36 E891.09348
G1 X118.862 Y86.64 E891.20258
G0 F15000 X118.862 Y86.9
G0 X119.025 Y83.172
G0 X118.067 Y83.1
G0 X118.067 Y83.56
G1 F3000 X118.644 Y84.137 E891.22972
G0 F15000 X118.648 Y84.706
G1 F3000 X117.501 Y83.56 E891.28365
G0 F15000 X116.936 Y83.56
G1 F3000 X118.652 Y85.276 E891.36436
G0 F15000 X118.656 Y85.846
G1 F3000 X116.37 Y83.56 E891.47189
G0 F15000 X115.804 Y83.56
G1 F3000 X118.66 Y86.416 E891.60622
G0 F15000 X118.119 Y86.44
G1 F3000 X115.239 Y83.56 E891.74169
G0 F15000 X114.673 Y83.56
G1 F3000 X117.553 Y86.44 E891.87716
G0 F15000 X116.987 Y86.44
G1 F3000 X114.107 Y83.56 E892.01262
G0 F15000 X113.542 Y83.56
G1 F3000 X116.422 Y86.44 E892.14809
G0 F15000 X115.856 Y86.44
G1 F3000 X112.976 Y83.56 E892.28356
G0 F15000 X112.41 Y83.56
G1 F3000 X115.29 Y86.44 E892.41902
G0 F15000 X114.725 Y86.44
G1 F3000 X111.844 Y83.56 E892.55451
G0 F15000 X111.279 Y83.56
G1 F3000 X114.159 Y86.44 E892.68998
G0 F15000 X113.593 Y86.44
G1 F3000 X110.713 Y83.56 E892.82545
G0 F15000 X110.147 Y83.56
G1 F3000 X113.027 Y86.44 E892.96091
G0 F15000 X112.462 Y86.44
G1 F3000 X109.582 Y83.56 E893.09638
G0 F15000 X109.016 Y83.56
G1 F3000 X111.896 Y86.44 E893.23184
G0 F15000 X111.33 Y86.44
G1 F3000 X108.45 Y83.56 E893.36731
G0 F15000 X107.885 Y83.56
G1 F3000 X110.765 Y86.44 E893.50278
G0 F15000 X110.199 Y86.44
G1 F3000 X107.319 Y83.56 E893.63824
G0 F15000 X106.753 Y83.56
G1 F3000 X109.633 Y86.44 E893.77371
G0 F15000 X109.068 Y86.44
G1 F3000 X106.188 Y83.56 E893.90918
G0 F15000 X105.622 Y83.56
G1 F3000 X108.502 Y86.44 E894.04464
G0 F15000 X107.936 Y86.44
G1 F3000 X105.056 Y83.56 E894.18011
G0 F15000 X104.491 Y83.56
G1 F3000 X107.371 Y86.44 E894.31558
G0 F15000 X106.805 Y86.44
G1 F3000 X103.925 Y83.56 E894.45104
G0 F15000 X103.359 Y83.56
G1 F3000 X106.239 Y86.44 E894.58651
G0 F15000 X105.674 Y86.44
G1 F3000 X102.794 Y83.56 E894.72197
G0 F15000 X102.228 Y83.56
G1 F3000 X105.108 Y86.44 E894.85744
G0 F15000 X104.542 Y86.44
G1 F3000 X101.662 Y83.56 E894.99291
G0 F15000 X101.358 Y83.822
G1 F3000 X103.977 Y86.44 E895.11607
G0 F15000 X103.411 Y86.44
G1 F3000 X101.352 Y84.382 E895.2129
G0 F15000 X101.347 Y84.942
G1 F3000 X102.845 Y86.44 E895.28336
G0 F15000 X102.279 Y86.44
G1 F3000 X101.341 Y85.502 E895.32748
G0 F15000 X101.335 Y86.062
G1 F3000 X101.714 Y86.44 E895.34528
G1 F1500 E888.84528
;MESH:NONMESH
G0 F300 X101.714 Y86.44 Z2.4
G0 F15000 X101.714 Y86.9
G0 X106.052 Y87.57
G0 X106.052 Y88.665
G0 X105.812 Y124.127
G0 X106.052 Y124.982
;TIME_ELAPSED:926.078204
;LAYER:11
;TYPE:SUPPORT
G1 F1500 E895.34528
G1 F3000 X107.999 Y124.436 E895.41254
G1 X109.944 Y124.982 E895.47973
G1 X111.357 Y126.471 E895.54801
G1 X111.9 Y128.334 E895.61255
G1 X111.353 Y130.283 E895.67988
G1 X109.943 Y131.693 E895.7462
G1 X107.998 Y132.239 E895.81339
G1 X106.134 Y131.694 E895.87798
G1 X104.642 Y130.202 E895.94816
G1 X104.093 Y128.335 E896.01289
G1 X104.639 Y126.471 E896.07749
G1 X106.052 Y124.982 E896.14576
G1 F1500 E889.64576
;MESH:9VBatteryHolder_v3.stl
G0 F15000 X105.424 Y124.388
G0 X103.872 Y126.028
G0 X103.196 Y128.338
G0 X103.876 Y130.659
G0 X106.052 Y134.335
G0 X106.052 Y135.43
G0 X97 Y136
;TYPE:WALL-INNER
G1 F1500 E896.14576
G1 F3000 X123 Y136 E897.01053
G1 F2941.2 X123.174 Y135.993 E897.01643
G0 F15000 X123.697 Y135.697
G1 F3045.7 X123.174 Y135.993 E897.03612
G1 X124.014 Y136.014 E897.06365
G1 F3053.4 X123.993 Y135.174 E897.09111
G1 X123.697 Y135.697 E897.11075
G0 F15000 X123.993 Y135.174
G1 F2948.4 X124 Y135 E897.11664
G1 F3000 X124 Y91 E898.58009
G1 F1500 E892.08009
G0 F15000 X123.838 Y135.838
G0 X96.162 Y135.838
G0 X96 Y91
G1 F1500 E898.58009
G1 F3000 X96 Y135 E900.04353
G1 F2941.2 X96.007 Y135.174 E900.04944
G0 F15000 X96.303 Y135.697
G1 F3045.7 X96.007 Y135.174 E900.06913
G1 X95.986 Y136.014 E900.09666
G1 F3108.8 X97 Y136 E900.1292
G1 X96.303 Y135.697 E900.1536
G0 F15000 X96.09 Y135.697
G0 X123.838 Y135.838
G0 X123.91 Y135.424
G0 X123.424 Y135.424
G1 F3000 X123.089 Y135.6 E900.16618
G1 X97 Y135.6 E901.03391
G1 X96.575 Y135.425 E901.04919
G1 X96.4 Y135.089 E901.06179
G1 X96.4 Y90.6 E902.5415
G1 X95.6 Y90.6 E902.56811
G1 X95.601 Y136.399 E904.09139
G1 X124.4 Y136.4 E905.04925
G1 X124.4 Y90.6 E906.57257
G1 X123.6 Y90.6 E906.59917
G1 X123.6 Y135.089 E908.07888
G1 X123.424 Y135.424 E908.09147
G0 F15000 X123.198 Y135.035
;TYPE:WALL-OUTER
G1 F3000 X123.142 Y135.142 E908.09549
G1 X123.035 Y135.198 E908.0995
G1 X97 Y135.2 E908.96543
G1 X96.858 Y135.142 E908.97053
G1 X96.802 Y135.035 E908.97455
G1 X96.8 Y90.2 E910.46577
G1 X95.2 Y90.2 E910.51899
G1 X95.201 Y136.799 E912.06887
G1 X124.8 Y136.8 E913.05334
G1 X124.8 Y90.2 E914.60326
G1 X123.2 Y90.2 E914.65648
G1 X123.198 Y135.035 E916.1477
G1 F1500 E909.6477
G0 F15000 X123.51 Y135.035
G0 X123.424 Y90.424
G0 X122.335 Y90.424
G0 X120.127 Y88.665
G0 X120.127 Y87.576
G0 X100.616 Y86.828
G0 X100.42 Y83.352
;TYPE:WALL-INNER
G1 F1500 E916.1477
G1 F3000 X100.445 Y87 E916.26903
G1 X119.553 Y86.999 E916.90457
G1 X119.575 Y83 E917.03758
G1 X100.426 Y83 E917.67448
G1 X100.42 Y83.352 E917.68618
G0 F15000 X100.02 Y83.351
G1 F3000 X100.048 Y87.4 E917.82086
G1 X119.951 Y87.399 E918.48283
G1 X119.976 Y82.932 E918.63141
G1 X119.968 Y82.6 E918.64246
G1 X100.032 Y82.6 E919.30553
G1 X100.02 Y83.351 E919.33051
G0 F15000 X99.62 Y83.349
;TYPE:WALL-OUTER
G1 F3000 X99.651 Y87.8 E919.47856
G1 X120.349 Y87.799 E920.16697
G1 X120.376 Y82.924 E920.32912
G1 X120.36 Y82.2 E920.35321
G1 X99.638 Y82.2 E921.04242
G1 X99.62 Y83.349 E921.08064
G0 F15000 X99.931 Y83.352
G0 X100.362 Y87.083
G0 X119.636 Y87.082
G0 X119.454 Y86.636
G0 X119.192 Y86.635
;TYPE:SKIN
G1 F3000 X100.803 Y86.64 E921.69226
G1 X100.782 Y83.36 E921.80136
G1 X119.21 Y83.361 E922.41428
G1 X119.192 Y86.635 E922.52317
G0 F15000 X118.908 Y86.436
G1 F3000 X118.993 Y86.35 E922.52719
G0 F15000 X118.997 Y85.781
G1 F3000 X118.342 Y86.436 E922.558
G0 F15000 X117.776 Y86.436
G1 F3000 X119 Y85.213 E922.61555
G0 F15000 X119.003 Y84.644
G1 F3000 X117.211 Y86.436 E922.69984
G0 F15000 X116.645 Y86.436
G1 F3000 X119.006 Y84.075 E922.8109
G0 F15000 X118.955 Y83.56
G1 F3000 X116.079 Y86.437 E922.9462
G0 F15000 X115.513 Y86.437
G1 F3000 X118.389 Y83.56 E923.0815
G0 F15000 X117.824 Y83.56
G1 F3000 X114.947 Y86.437 E923.21683
G0 F15000 X114.382 Y86.437
G1 F3000 X117.258 Y83.56 E923.35213
G0 F15000 X116.692 Y83.56
G1 F3000 X113.815 Y86.437 E923.48745
G0 F15000 X113.25 Y86.437
G1 F3000 X116.127 Y83.56 E923.62278
G0 F15000 X115.561 Y83.56
G1 F3000 X112.684 Y86.437 E923.7581
G0 F15000 X112.118 Y86.437
G1 F3000 X114.995 Y83.56 E923.89343
G0 F15000 X114.43 Y83.56
G1 F3000 X111.552 Y86.437 E924.02878
G0 F15000 X110.986 Y86.438
G1 F3000 X113.864 Y83.56 E924.16415
G0 F15000 X113.298 Y83.56
G1 F3000 X110.42 Y86.438 E924.29952
G0 F15000 X109.855 Y86.438
G1 F3000 X112.733 Y83.56 E924.43489
G0 F15000 X112.167 Y83.56
G1 F3000 X109.289 Y86.438 E924.57027
G0 F15000 X108.723 Y86.438
G1 F3000 X111.601 Y83.56 E924.70564
G0 F15000 X111.036 Y83.56
G1 F3000 X108.157 Y86.439 E924.84106
G0 F15000 X107.591 Y86.439
G1 F3000 X110.47 Y83.56 E924.97648
G0 F15000 X109.904 Y83.56
G1 F3000 X107.026 Y86.439 E925.11187
G0 F15000 X106.46 Y86.439
G1 F3000 X109.339 Y83.56 E925.24729
G0 F15000 X108.773 Y83.56
G1 F3000 X105.893 Y86.44 E925.38276
G0 F15000 X105.328 Y86.44
G1 F3000 X108.207 Y83.56 E925.5182
G0 F15000 X107.641 Y83.56
G1 F3000 X104.762 Y86.44 E925.65365
G0 F15000 X104.196 Y86.44
G1 F3000 X107.076 Y83.56 E925.78911
G0 F15000 X106.51 Y83.56
G1 F3000 X103.631 Y86.44 E925.92455
G0 F15000 X103.064 Y86.44
G1 F3000 X105.944 Y83.56 E926.06002
G0 F15000 X105.379 Y83.56
G1 F3000 X102.499 Y86.44 E926.19549
G0 F15000 X101.933 Y86.44
G1 F3000 X104.813 Y83.56 E926.33095
G0 F15000 X104.247 Y83.56
G1 F3000 X101.367 Y86.44 E926.46642
G0 F15000 X101.002 Y86.24
G1 F3000 X103.682 Y83.56 E926.59248
G0 F15000 X103.116 Y83.56
G1 F3000 X100.997 Y85.679 E926.69215
G0 F15000 X100.994 Y85.117
G1 F3000 X102.55 Y83.56 E926.76536
G0 F15000 X101.985 Y83.56
G1 F3000 X100.99 Y84.554 E926.81214
G0 F15000 X100.987 Y83.992
G1 F3000 X101.419 Y83.56 E926.83246
G1 F1500 E920.33246
;MESH:NONMESH
G0 F300 X101.419 Y83.56 Z2.6
G0 F15000 X101.419 Y83.1
G0 X100.595 Y83.172
G0 X100.616 Y86.828
G0 X106.064 Y87.57
G0 X106.064 Y88.665
G0 X105.825 Y124.149
G0 X106.064 Y125.002
;TIME_ELAPSED:961.215831
;LAYER:12
;TYPE:SUPPORT
G1 F1500 E926.83246
G1 F3000 X107.999 Y124.46 E926.8993
G1 X109.932 Y125.002 E926.96607
G1 X111.337 Y126.483 E927.03397
G1 X111.876 Y128.334 E927.09809
G1 X111.333 Y130.271 E927.165
G1 X109.931 Y131.673 E927.23094
G1 X107.998 Y132.215 E927.29771
G1 X106.146 Y131.674 E927.36189
G1 X104.662 Y130.19 E927.43169
G1 X104.117 Y128.335 E927.49599
G1 X104.659 Y126.483 E927.56017
G1 X106.064 Y125.002 E927.62807
G1 F1500 E921.12807
;MESH:9VBatteryHolder_v3.stl
G0 F15000 X105.436 Y124.408
G0 X103.891 Y126.04
G0 X103.22 Y128.338
G0 X103.896 Y130.647
G0 X106.064 Y134.335
G0 X106.064 Y135.43
G0 X97 Y136
;TYPE:WALL-INNER
G1 F1500 E927.62807
G1 F3000 X123 Y136 E928.49284
G1 F2941.2 X123.174 Y135.993 E928.49874
G0 F15000 X123.697 Y135.697
G1 F3045.7 X123.174 Y135.993 E928.51843
G1 X124.014 Y136.014 E928.54596
G1 F3053.4 X123.993 Y135.174 E928.57342
G1 X123.697 Y135.697 E928.59306
G0 F15000 X123.993 Y135.174
G1 F2948.4 X124 Y135 E928.59895
G1 F3000 X124 Y91 E930.0624
G1 F1500 E923.5624
G0 F15000 X123.838 Y135.838
G0 X96.162 Y135.838
G0 X96 Y91
G1 F1500 E930.0624
G1 F3000 X96 Y135 E931.52584
G1 F2941.2 X96.007 Y135.174 E931.53175
G0 F15000 X96.303 Y135.697
G1 F3045.7 X96.007 Y135.174 E931.55144
G1 X95.986 Y136.014 E931.57896
G1 F3108.8 X97 Y136 E931.61151
G1 X96.303 Y135.697 E931.63591
G0 F15000 X96.09 Y135.697
G0 X123.838 Y135.838
G0 X123.91 Y135.424
G0 X123.424 Y135.424
G1 F3000 X123.089 Y135.6 E931.64849
G1 X97 Y135.6 E932.51622
G1 X96.575 Y135.425 E932.5315
G1 X96.4 Y135.089 E932.5441
G1 X96.4 Y90.6 E934.02381
G1 X95.6 Y90.6 E934.05042
G1 X95.601 Y136.399 E935.5737
G1 X124.4 Y136.4 E936.53156
G1 X124.4 Y90.6 E938.05488
G1 X123.6 Y90.6 E938.08148
G1 X123.6 Y135.089 E939.56119
G1 X123.424 Y135.424 E939.57378
G0 F15000 X123.198 Y135.035
;TYPE:WALL-OUTER
G1 F3000 X123.142 Y135.142 E939.5778
G1 X123.035 Y135.198 E939.58181
G1 X97 Y135.2 E940.44774
G1 X96.858 Y135.142 E940.45284
G1 X96.802 Y135.035 E940.45686
G1 X96.8 Y90.2 E941.94808
G1 X95.2 Y90.2 E942.00129
G1 X95.201 Y136.799 E943.55118
G1 X124.8 Y136.8 E944.53565
G1 X124.8 Y90.2 E946.08557
G1 X123.2 Y90.2 E946.13879
G1 X123.198 Y135.035 E947.63001
G1 F1500 E941.13001
G0 F15000 X123.51 Y135.035
G0 X123.424 Y90.424
G0 X122.335 Y90.424
G0 X120.422 Y88.665
G0 X120.422 Y87.576
G0 X119.86 Y84.744
;TYPE:WALL-INNER
G1 F1500 E947.63001
G1 F3000 X119.848 Y83 E947.68801
G1 X117.001 Y83.001 E947.78271
G1 X116.995 Y87.001 E947.91575
G1 X119.845 Y86.999 E948.01054
G1 X119.86 Y84.744 E948.08554
G0 F15000 X119.674 Y86.827
G0 X116.909 Y87.002
G0 X116.596 Y87.001
G1 F3000 X116.259 Y87.401 E948.10294
G1 X120.243 Y87.399 E948.23545
G1 X120.26 Y84.741 E948.32385
G1 X120.248 Y82.989 E948.38213
G1 X120.253 Y82.601 E948.39503
G1 X116.2 Y82.6 E948.52984
G1 X116.6 Y83.001 E948.54867
G1 X116.596 Y87.001 E948.68171
G0 F15000 X116.909 Y87.002
G0 X116.437 Y87.438
G0 X103.561 Y87.437
G0 X103.081 Y82.918
G0 X100.066 Y82.917
G0 X100.136 Y84.757
G1 F3000 X100.15 Y87 E948.75632
G1 X103 Y86.999 E948.85111
G1 X103.001 Y82.999 E948.98415
G1 X100.147 Y82.999 E949.07907
G1 X100.136 Y84.757 E949.13755
G0 F15000 X100.321 Y86.828
G0 X103.09 Y86.994
G0 X103.396 Y86.995
G1 F3000 X103.4 Y82.999 E949.27045
G1 X103.737 Y82.599 E949.28785
G1 X99.743 Y82.6 E949.42069
G1 X99.748 Y82.997 E949.4339
G1 X99.736 Y84.757 E949.49244
G1 X99.753 Y87.4 E949.58034
G1 X103.798 Y87.399 E949.71488
G1 X103.396 Y86.995 E949.73384
G1 F1500 E943.23384
G0 F15000 X103.09 Y86.994
G0 X103.561 Y87.437
G0 X116.039 Y87.509
G0 X116.04 Y87.249
;TYPE:WALL-OUTER
G1 F1500 E949.73384
G1 F2385.7 X103.996 Y87.247 E950.23757
G1 F2666.7 X103.796 Y86.995 E950.24961
G1 F3000 X103.8 Y82.999 E950.38252
G1 F2654.9 X103.956 Y82.751 E950.39353
G1 F2390.4 X116 Y82.75 E950.89627
G1 F2666.7 X116.2 Y83.001 E950.90827
G1 F3000 X116.196 Y87.001 E951.04131
G1 F2654.9 X116.04 Y87.249 E951.05233
G0 F15000 X116.039 Y87.509
G0 X116.995 Y87.49
G0 X116.995 Y87.8
G1 F3000 X120.641 Y87.799 E951.17359
G1 X120.66 Y84.739 E951.27537
G1 X120.648 Y82.999 E951.33324
G1 X120.655 Y82.665 E951.34436
G1 X120.644 Y82.201 E951.35979
G1 X117.001 Y82.2 E951.48096
G1 F2666.7 X116 Y82.25 E951.51846
G1 F2390.4 X103.913 Y82.252 E952.02299
G1 F2654.9 X103.001 Y82.2 E952.05732
G1 F3000 X99.352 Y82.2 E952.17869
G1 X99.34 Y82.703 E952.19542
G1 X99.348 Y82.994 E952.20511
G1 X99.336 Y84.757 E952.26374
G1 X99.355 Y87.8 E952.36496
G1 X102.991 Y87.8 E952.48589
G1 F2666.7 X103.996 Y87.749 E952.52354
G1 F2385.7 X116.083 Y87.748 E953.02908
G1 F2654.9 X116.995 Y87.8 E953.06341
G0 F15000 X116.995 Y87.49
G0 X119.927 Y87.082
G0 X119.76 Y84.732
G0 X119.5 Y84.733
;TYPE:SKIN
G1 F3000 X119.485 Y86.635 E953.12667
G1 X117.357 Y86.635 E953.19745
G1 X117.36 Y83.36 E953.30638
G1 X119.489 Y83.36 E953.37719
G1 X119.5 Y84.733 E953.42286
G0 F15000 X119.76 Y84.732
G0 X119.677 Y83.172
G0 X119.198 Y83.1
G0 X119.198 Y83.56
G1 F3000 X119.292 Y83.654 E953.42728
G0 F15000 X119.297 Y84.224
G1 F3000 X118.632 Y83.56 E953.45853
G0 F15000 X118.066 Y83.56
G1 F3000 X119.3 Y84.793 E953.51655
G0 F15000 X119.295 Y85.354
G1 F3000 X117.559 Y83.618 E953.59821
G0 F15000 X117.559 Y84.184
G1 F3000 X119.291 Y85.916 E953.67968
G0 F15000 X119.244 Y86.435
G1 F3000 X117.559 Y84.749 E953.75896
G0 F15000 X117.558 Y85.314
G1 F3000 X118.679 Y86.435 E953.81169
G0 F15000 X118.113 Y86.435
G1 F3000 X117.557 Y85.879 E953.83784
G0 F15000 X117.098 Y85.878
G0 X116.437 Y87.438
G0 X103.561 Y87.437
G0 X103.081 Y82.918
G0 X100.066 Y82.917
G0 X100.236 Y84.757
G0 X100.496 Y84.756
G1 F3000 X100.504 Y83.36 E953.88427
G1 X102.636 Y83.36 E953.95518
G1 X102.636 Y86.64 E954.06428
G1 X100.507 Y86.64 E954.13509
G1 X100.496 Y84.756 E954.19775
G0 F15000 X100.237 Y84.754
G0 X100.321 Y86.828
G0 X101.147 Y86.9
G0 X101.147 Y86.44
G1 F3000 X100.703 Y85.995 E954.21866
G0 F15000 X100.699 Y85.426
G1 F3000 X101.713 Y86.44 E954.26635
G0 F15000 X102.279 Y86.44
G1 F3000 X100.696 Y84.856 E954.34084
G0 F15000 X100.698 Y84.293
G1 F3000 X102.436 Y86.032 E954.42261
G0 F15000 X102.436 Y85.466
G1 F3000 X100.702 Y83.731 E954.5042
G0 F15000 X101.096 Y83.56
G1 F3000 X102.436 Y84.9 E954.56722
G0 F15000 X102.436 Y84.335
G1 F3000 X101.662 Y83.56 E954.60365
G0 F15000 X102.228 Y83.56
G1 F3000 X102.436 Y83.769 E954.61346
G1 F1500 E948.11346
;MESH:NONMESH
G0 F300 X102.436 Y83.769 Z2.8
G0 F15000 X102.898 Y83.77
G0 X103.561 Y87.437
G0 X106.076 Y87.57
G0 X106.076 Y88.665
G0 X105.837 Y124.169
G0 X106.076 Y125.022
;TIME_ELAPSED:995.146533
;LAYER:13
;TYPE:SUPPORT
G1 F1500 E954.61346
G1 F3000 X107.999 Y124.484 E954.67988
G1 X109.92 Y125.022 E954.74623
G1 X111.317 Y126.495 E954.81375
G1 X111.852 Y128.334 E954.87745
G1 X111.313 Y130.259 E954.94394
G1 X109.919 Y131.653 E955.00951
G1 X107.998 Y132.191 E955.07586
G1 X106.158 Y131.654 E955.13961
G1 X104.682 Y130.178 E955.20904
G1 X104.141 Y128.335 E955.27292
G1 X104.679 Y126.495 E955.33668
G1 X106.076 Y125.022 E955.40421
G1 F1500 E948.90421
;MESH:9VBatteryHolder_v3.stl
G0 F15000 X105.449 Y124.428
G0 X103.912 Y126.051
G0 X103.244 Y128.338
G0 X103.917 Y130.636
G0 X106.076 Y134.335
G0 X106.076 Y135.43
G0 X97 Y136
;TYPE:WALL-INNER
G1 F1500 E955.40421
G1 F3000 X123 Y136 E956.26897
G1 F2941.2 X123.174 Y135.993 E956.27488
G0 F15000 X123.697 Y135.697
G1 F3045.7 X123.174 Y135.993 E956.29457
G1 X124.014 Y136.014 E956.32209
G1 F3053.4 X123.993 Y135.174 E956.34955
G1 X123.697 Y135.697 E956.36919
G0 F15000 X123.993 Y135.174
G1 F2948.4 X124 Y135 E956.37508
G1 F3000 X124 Y91 E957.83853
G1 F1500 E951.33853
G0 F15000 X123.838 Y135.838
G0 X96.162 Y135.838
G0 X96 Y91
G1 F1500 E957.83853
G1 F3000 X96 Y135 E959.30197
G1 F2941.2 X96.007 Y135.174 E959.30788
G0 F15000 X96.303 Y135.697
G1 F3045.7 X96.007 Y135.174 E959.32757
G1 X95.986 Y136.014 E959.3551
G1 F3108.8 X97 Y136 E959.38765
G1 X96.303 Y135.697 E959.41204
G0 F15000 X96.09 Y135.697
G0 X123.838 Y135.838
G0 X123.91 Y135.424
G0 X123.424 Y135.424
G1 F3000 X123.089 Y135.6 E959.42463
G1 X97 Y135.6 E960.29235
G1 X96.575 Y135.425 E960.30764
G1 X96.4 Y135.089 E960.32024
G1 X96.4 Y90.6 E961.79995
G1 X95.6 Y90.6 E961.82656
G1 X95.601 Y136.399 E963.34984
G1 X124.4 Y136.4 E964.3077
G1 X124.4 Y90.6 E965.83101
G1 X123.6 Y90.6 E965.85762
G1 X123.6 Y135.089 E967.33733
G1 X123.424 Y135.424 E967.34991
G0 F15000 X123.198 Y135.035
;TYPE:WALL-OUTER
G1 F3000 X123.142 Y135.142 E967.35393
G1 X123.035 Y135.198 E967.35795
G1 X97 Y135.2 E968.22388
G1 X96.858 Y135.142 E968.22898
G1 X96.802 Y135.035 E968.23299
G1 X96.8 Y90.2 E969.72421
G1 X95.2 Y90.2 E969.77743
G1 X95.201 Y136.799 E971.32732
G1 X124.8 Y136.8 E972.31178
G1 X124.8 Y90.2 E973.86171
G1 X123.2 Y90.2 E973.91492
G1 X123.198 Y135.035 E975.40614
G1 F1500 E968.90614
G0 F15000 X123.51 Y135.035
G0 X123.424 Y90.424
G0 X123.424 Y89.335
G0 X121.805 Y87.582
G0 X120.715 Y87.576
G0 X120.147 Y86.16
;TYPE:WALL-INNER
G1 F1500 E975.40614
G1 F3000 X120.12 Y83 E975.51125
G1 X118.592 Y83 E975.56207
G1 X118.592 Y87 E975.69511
G1 X120.142 Y86.999 E975.74666
G1 X120.147 Y86.16 E975.77457
G0 F15000 X119.971 Y86.827
G0 X118.505 Y87
G0 X118.192 Y87
G1 F3000 X117.855 Y87.401 E975.79199
G1 X120.539 Y87.399 E975.88126
G1 X120.547 Y86.157 E975.92257
G1 X120.52 Y82.987 E976.02801
G1 X120.53 Y82.6 E976.04088
G1 X117.792 Y82.6 E976.13195
G1 X118.192 Y83 E976.15076
G1 X118.192 Y87 E976.28381
G0 F15000 X118.505 Y87
G0 X118.033 Y87.438
G0 X101.967 Y87.438
G0 X99.773 Y87.084
G0 X99.848 Y86.168
G1 F3000 X99.856 Y87 E976.31148
G1 X101.404 Y87 E976.36297
G1 X101.404 Y83 E976.49601
G1 X99.877 Y83.001 E976.54679
G1 X99.848 Y86.168 E976.65213
G0 F15000 X100.026 Y86.828
G0 X101.495 Y87
G0 X101.804 Y87
G1 F3000 X101.804 Y83 E976.78517
G1 X102.141 Y82.599 E976.8026
G1 X99.465 Y82.6 E976.8916
G1 X99.476 Y82.998 E976.90484
G1 X99.448 Y86.168 E977.01028
G1 X99.459 Y87.4 E977.05126
G1 X102.204 Y87.4 E977.14256
G1 X101.804 Y87 E977.16137
G1 F1500 E970.66137
G0 F15000 X101.495 Y87
G0 X101.967 Y87.438
G0 X117.636 Y87.51
G0 X117.636 Y87.249
;TYPE:WALL-OUTER
G1 F1500 E977.16137
G1 F2390.4 X102.404 Y87.25 E977.79718
G1 F2666.7 X102.204 Y87 E977.80916
G1 F3000 X102.204 Y83 E977.9422
G1 F2654.9 X102.36 Y82.751 E977.95324
G1 F2390.4 X117.592 Y82.75 E978.58905
G1 F2666.7 X117.792 Y83 E978.60103
G1 F3000 X117.792 Y87 E978.73407
G1 F2654.9 X117.636 Y87.249 E978.74511
G0 F15000 X117.636 Y87.51
G0 X118.592 Y87.49
G0 X118.592 Y87.8
G1 F3000 X120.937 Y87.799 E978.82311
G1 X120.947 Y86.153 E978.87785
G1 X120.92 Y82.998 E978.98279
G1 X120.942 Y82.2 E979.00935
G1 X118.592 Y82.2 E979.08751
G1 F2666.7 X117.592 Y82.25 E979.12497
G1 F2390.4 X102.317 Y82.252 E979.76257
G1 F2654.9 X101.404 Y82.2 E979.79694
G1 F3000 X99.053 Y82.2 E979.87514
G1 X99.076 Y82.994 E979.90156
G1 X99.048 Y86.168 E980.00713
G1 X99.063 Y87.8 E980.06141
G1 X101.404 Y87.8 E980.13927
G1 F2666.7 X102.404 Y87.75 E980.17674
G1 F2390.4 X117.679 Y87.748 E980.81434
G1 F2654.9 X118.592 Y87.8 E980.84871
G0 F15000 X118.592 Y87.49
G0 X118.51 Y82.918
G0 X119.357 Y83.1
G0 X119.357 Y83.765
;TYPE:SKIN
G1 F2864 X119.365 Y86.219 E980.93421
G0 F15000 X119.78 Y86.635
G1 F3000 X118.953 Y86.635 E980.96171
G1 X118.952 Y83.36 E981.07064
G1 X119.761 Y83.36 E981.09755
G1 X119.78 Y86.635 E981.20648
G0 F15000 X119.78 Y86.899
G0 X118.033 Y87.438
G0 X101.967 Y87.438
G0 X99.773 Y87.084
G0 X99.948 Y86.172
G0 X100.208 Y86.171
G1 F3000 X100.235 Y83.36 E981.29997
G1 X101.044 Y83.36 E981.32688
G1 X101.044 Y86.64 E981.43597
G1 X100.211 Y86.64 E981.46368
G1 X100.208 Y86.171 E981.47928
G0 F15000 X99.948 Y86.172
G0 X100.047 Y83.172
G0 X100.637 Y83.1
G0 X100.637 Y83.767
G1 F2830.2 X100.627 Y86.223 E981.56587
G1 F1500 E975.06587
;MESH:NONMESH
G0 F300 X100.627 Y86.223 Z3
G0 F15000 X101.304 Y86.223
G0 X101.967 Y87.438
G0 X106.088 Y87.57
G0 X106.088 Y88.665
G0 X105.848 Y124.191
G0 X106.088 Y125.046
;TIME_ELAPSED:1025.921975
;LAYER:14
;TYPE:SUPPORT
G1 F1500 E981.56587
G1 F3000 X107.999 Y124.508 E981.6319
G1 X109.908 Y125.046 E981.69787
G1 X111.297 Y126.507 E981.76491
G1 X111.828 Y128.334 E981.8282
G1 X111.293 Y130.247 E981.89426
G1 X109.907 Y131.629 E981.95936
G1 X107.998 Y132.163 E982.02529
G1 X106.17 Y131.63 E982.08863
G1 X104.702 Y130.166 E982.15758
G1 X104.165 Y128.337 E982.22098
G1 X104.703 Y126.507 E982.28442
G1 X106.088 Y125.046 E982.35138
G1 F1500 E975.85138
;MESH:9VBatteryHolder_v3.stl
G0 F15000 X105.46 Y124.452
G0 X103.935 Y126.063
G0 X103.269 Y128.338
G0 X103.939 Y130.624
G0 X106.088 Y134.335
G0 X106.088 Y135.43
G0 X97 Y136
;TYPE:WALL-INNER
G1 F1500 E982.35138
G1 F3000 X123 Y136 E983.21614
G1 F2941.2 X123.174 Y135.993 E983.22205
G0 F15000 X123.697 Y135.697
G1 F3045.7 X123.174 Y135.993 E983.24174
G1 X124.014 Y136.014 E983.26927
G1 F3053.4 X123.993 Y135.174 E983.29673
G1 X123.697 Y135.697 E983.31636
G0 F15000 X123.993 Y135.174
G1 F2948.4 X124 Y135 E983.32226
G1 F3000 X124 Y91 E984.7857
G1 F1500 E978.2857
G0 F15000 X123.838 Y135.838
G0 X96.162 Y135.838
G0 X96 Y91
G1 F1500 E984.7857
G1 F3000 X96 Y135 E986.24915
G1 F2941.2 X96.007 Y135.174 E986.25506
G0 F15000 X96.303 Y135.697
G1 F3045.7 X96.007 Y135.174 E986.27475
G1 X95.986 Y136.014 E986.30227
G1 F3108.8 X97 Y136 E986.33482
G1 X96.303 Y135.697 E986.35922
G0 F15000 X96.09 Y135.697
G0 X123.838 Y135.838
G0 X123.91 Y135.424
G0 X123.424 Y135.424
G1 F3000 X123.089 Y135.6 E986.3718
G1 X97 Y135.6 E987.23953
G1 X96.575 Y135.425 E987.25481
G1 X96.4 Y135.089 E987.26741
G1 X96.4 Y90.6 E988.74712
G1 X95.6 Y90.6 E988.77373
G1 X95.601 Y136.399 E990.29701
G1 X124.4 Y136.4 E991.25487
G1 X124.4 Y90.6 E992.77818
G1 X123.6 Y90.6 E992.80479
G1 X123.6 Y135.089 E994.2845
G1 X123.424 Y135.424 E994.29709
G0 F15000 X123.198 Y135.035
;TYPE:WALL-OUTER
G1 F3000 X123.142 Y135.142 E994.30111
G1 X123.035 Y135.198 E994.30512
G1 X97 Y135.2 E995.17105
G1 X96.858 Y135.142 E995.17615
G1 X96.802 Y135.035 E995.18017
G1 X96.8 Y90.2 E996.67139
G1 X95.2 Y90.2 E996.7246
G1 X95.201 Y136.799 E998.27449
G1 X124.8 Y136.8 E999.25896
G1 X124.8 Y90.2 E1000.80888
G1 X123.2 Y90.2 E1000.8621
G1 X123.198 Y135.035 E1002.35332
G1 F1500 E995.85332
G0 F15000 X123.51 Y135.035
G0 X123.424 Y90.424
G0 X123.424 Y89.335
G0 X122.092 Y87.568
G0 X121.004 Y87.576
G0 X120.422 Y87
;TYPE:WALL-INNER
G1 F1500 E1002.35332
G1 F3000 X120.396 Y83.001 E1002.48633
G1 X119.34 Y83 E1002.52145
G1 X119.34 Y87 E1002.65449
G1 X120.422 Y87 E1002.69048
G0 F15000 X119.252 Y87
G0 X118.94 Y87
G1 F3000 X118.603 Y87.401 E1002.7079
G1 X120.824 Y87.4 E1002.78177
G1 X120.796 Y82.989 E1002.92848
G1 X120.805 Y82.601 E1002.94139
G1 X118.54 Y82.6 E1003.01673
G1 X118.94 Y83 E1003.03554
G1 X118.94 Y87 E1003.16858
G0 F15000 X119.252 Y87
G0 X118.78 Y87.438
G0 X101.22 Y87.438
G0 X100.656 Y87
G1 F3000 X100.656 Y83 E1003.30162
G1 X99.605 Y83.001 E1003.33658
G1 X99.57 Y87 E1003.46959
G1 X100.656 Y87 E1003.50571
G0 F15000 X101.056 Y87
G1 F3000 X101.056 Y83 E1003.63875
G1 X101.393 Y82.599 E1003.65617
G1 X99.194 Y82.601 E1003.72931
G1 X99.204 Y82.998 E1003.74252
G1 X99.166 Y87.4 E1003.88894
G1 X101.456 Y87.4 E1003.9651
G1 X101.056 Y87 E1003.98392
G1 F1500 E997.48392
G0 F15000 X100.748 Y87
G0 X101.22 Y87.438
G0 X118.384 Y87.51
G0 X118.384 Y87.249
;TYPE:WALL-OUTER
G1 F1500 E1003.98392
G1 F2390.4 X101.656 Y87.25 E1004.68217
G1 F2666.7 X101.456 Y87 E1004.69415
G1 F3000 X101.456 Y83 E1004.82719
G1 F2654.9 X101.612 Y82.751 E1004.83823
G1 F2390.4 X118.34 Y82.75 E1005.53648
G1 F2666.7 X118.54 Y83 E1005.54846
G1 F3000 X118.54 Y87 E1005.6815
G1 F2654.9 X118.384 Y87.249 E1005.69255
G0 F15000 X118.384 Y87.51
G0 X119.34 Y87.49
G0 X119.34 Y87.8
G1 F3000 X121.226 Y87.8 E1005.75528
G1 X121.196 Y82.999 E1005.91496
G1 X121.215 Y82.201 E1005.94151
G1 X119.34 Y82.2 E1006.00387
G1 F2666.7 X118.34 Y82.25 E1006.04134
G1 F2390.4 X101.569 Y82.252 E1006.74138
G1 F2654.9 X100.656 Y82.2 E1006.77575
G1 F3000 X98.782 Y82.201 E1006.83808
G1 X98.804 Y82.994 E1006.86447
G1 X98.767 Y87.8 E1007.02432
G1 X100.656 Y87.8 E1007.08715
G1 F2666.7 X101.656 Y87.75 E1007.12461
G1 F2390.4 X118.427 Y87.748 E1007.82466
G1 F2654.9 X119.34 Y87.8 E1007.85903
G0 F15000 X119.34 Y87.49
G0 X120.07 Y86.9
G0 X120.07 Y86.651
;TYPE:SKIN
G1 F3166.2 X119.689 Y86.651 E1007.87104
G1 F3208.6 X119.685 Y83.345 E1007.97385
G1 F3243.2 X120.052 Y83.345 E1007.98514
G1 F3208.6 X120.07 Y86.651 E1008.08795
G0 F15000 X120.07 Y86.9
G0 X118.78 Y87.438
G0 X101.22 Y87.438
G0 X100.556 Y86.649
G0 X100.305 Y86.649
G1 F3141.4 X99.921 Y86.649 E1008.10015
G1 F3200 X99.946 Y83.344 E1008.2032
G1 F3260.9 X100.312 Y83.344 E1008.2144
G1 F3200 X100.305 Y86.649 E1008.31746
G1 F1500 E1001.81746
;MESH:NONMESH
G0 F300 X100.305 Y86.649 Z3.2
G0 F15000 X100.556 Y86.649
G0 X101.22 Y87.438
G0 X106.096 Y87.57
G0 X106.096 Y88.665
G0 X105.857 Y124.213
G0 X106.096 Y125.066
;TIME_ELAPSED:1055.460287
;LAYER:15
;TYPE:SUPPORT
G1 F1500 E1008.31746
G1 F3000 X107.999 Y124.532 E1008.3832
G1 X109.9 Y125.066 E1008.44887
G1 X111.273 Y126.515 E1008.51527
G1 X111.804 Y128.334 E1008.57829
G1 X111.273 Y130.235 E1008.64394
G1 X109.895 Y131.609 E1008.70866
G1 X107.998 Y132.143 E1008.77421
G1 X106.182 Y131.61 E1008.83716
G1 X104.722 Y130.154 E1008.90574
G1 X104.189 Y128.337 E1008.96872
G1 X104.727 Y126.515 E1009.0319
G1 X106.096 Y125.066 E1009.0982
G1 F1500 E1002.5982
;MESH:9VBatteryHolder_v3.stl
G0 F15000 X105.468 Y124.473
G0 X103.957 Y126.073
G0 X103.293 Y128.338
G0 X103.959 Y130.612
G0 X106.096 Y134.335
G0 X106.096 Y135.43
G0 X97 Y136
;TYPE:WALL-INNER
G1 F1500 E1009.0982
G1 F3000 X123 Y136 E1009.96297
G1 F2941.2 X123.174 Y135.993 E1009.96888
G0 F15000 X123.697 Y135.697
G1 F3045.7 X123.174 Y135.993 E1009.98856
G1 X124.014 Y136.014 E1010.01609
G1 F3053.4 X123.993 Y135.174 E1010.04355
G1 X123.697 Y135.697 E1010.06319
G0 F15000 X123.993 Y135.174
G1 F2948.4 X124 Y135 E1010.06908
G1 F3000 X124 Y91 E1011.53253
G1 F1500 E1005.03253
G0 F15000 X123.838 Y135.838
G0 X96.162 Y135.838
G0 X96 Y91
G1 F1500 E1011.53253
G1 F3000 X96 Y135 E1012.99597
G1 F2941.2 X96.007 Y135.174 E1013.00188
G0 F15000 X96.303 Y135.697
G1 F3045.7 X96.007 Y135.174 E1013.02157
G1 X95.986 Y136.014 E1013.0491
G1 F3108.8 X97 Y136 E1013.08165
G1 X96.303 Y135.697 E1013.10604
G0 F15000 X96.09 Y135.697
G0 X123.838 Y135.838
G0 X123.91 Y135.424
G0 X123.424 Y135.424
G1 F3000 X123.089 Y135.6 E1013.11862
G1 X97 Y135.6 E1013.98635
G1 X96.575 Y135.425 E1014.00164
G1 X96.4 Y135.089 E1014.01424
G1 X96.4 Y90.6 E1015.49395
G1 X95.6 Y90.6 E1015.52055
G1 X95.601 Y136.399 E1017.04384
G1 X124.4 Y136.4 E1018.00169
G1 X124.4 Y90.6 E1019.52501
G1 X123.6 Y90.6 E1019.55162
G1 X123.6 Y135.089 E1021.03133
G1 X123.424 Y135.424 E1021.04391
G0 F15000 X123.198 Y135.035
;TYPE:WALL-OUTER
G1 F3000 X123.142 Y135.142 E1021.04793
G1 X123.035 Y135.198 E1021.05195
G1 X97 Y135.2 E1021.91787
G1 X96.858 Y135.142 E1021.92298
G1 X96.802 Y135.035 E1021.92699
G1 X96.8 Y90.2 E1023.41821
G1 X95.2 Y90.2 E1023.47143
G1 X95.201 Y136.799 E1025.02132
G1 X124.8 Y136.8 E1026.00578
G1 X124.8 Y90.2 E1027.5557
G1 X123.2 Y90.2 E1027.60892
G1 X123.198 Y135.035 E1029.10014
G1 F1500 E1022.60014
G0 F15000 X123.51 Y135.035
G0 X123.424 Y90.424
G0 X123.424 Y89.335
G0 X122.333 Y87.583
G0 X121.243 Y87.576
G0 X120.684 Y84.827
;TYPE:WALL-INNER
G1 F1500 E1029.10014
G1 F3000 X120.668 Y83.001 E1029.16087
G1 X119.828 Y83 E1029.18881
G1 X119.828 Y87 E1029.32185
G1 X120.669 Y87 E1029.34983
G1 X120.684 Y84.827 E1029.4221
G0 F15000 X120.498 Y86.828
G0 X119.739 Y87
G0 X119.428 Y87
G1 F3000 X119.091 Y87.401 E1029.43952
G1 X121.067 Y87.4 E1029.50524
G1 X121.084 Y84.824 E1029.59092
G1 X121.068 Y82.988 E1029.65199
G1 X121.078 Y82.601 E1029.66487
G1 X119.028 Y82.6 E1029.73305
G1 X119.428 Y83 E1029.75187
G1 X119.428 Y87 E1029.88491
G0 F15000 X119.739 Y87
G0 X119.267 Y87.438
G0 X100.733 Y87.438
G0 X100.25 Y82.918
G0 X99.246 Y82.916
G0 X99.312 Y84.835
G1 F3000 X99.329 Y87 E1029.95692
G1 X100.168 Y87 E1029.98482
G1 X100.168 Y83 E1030.11786
G1 X99.329 Y83.001 E1030.14577
G1 X99.312 Y84.835 E1030.20677
G0 F15000 X99.5 Y86.828
G0 X100.26 Y87
G0 X100.568 Y87
G1 F3000 X100.568 Y83 E1030.33981
G1 X100.905 Y82.599 E1030.35723
G1 X98.918 Y82.601 E1030.42332
G1 X98.928 Y82.998 E1030.43653
G1 X98.912 Y84.838 E1030.49773
G1 X98.932 Y87.4 E1030.58295
G1 X100.968 Y87.4 E1030.65066
G1 X100.568 Y87 E1030.66948
G1 F1500 E1024.16948
G0 F15000 X100.26 Y87
G0 X100.733 Y87.438
G0 X118.872 Y87.51
G0 X118.872 Y87.249
;TYPE:WALL-OUTER
G1 F1500 E1030.66948
G1 F2390.4 X101.168 Y87.25 E1031.40847
G1 F2666.7 X100.968 Y87 E1031.42045
G1 F3000 X100.968 Y83 E1031.55349
G1 F2654.9 X101.124 Y82.751 E1031.56453
G1 F2390.4 X118.828 Y82.75 E1032.30352
G1 F2666.7 X119.028 Y83 E1032.3155
G1 F3000 X119.028 Y87 E1032.44854
G1 F2654.9 X118.872 Y87.249 E1032.45959
G0 F15000 X118.872 Y87.51
G0 X119.828 Y87.49
G0 X119.828 Y87.8
G1 F3000 X121.465 Y87.8 E1032.51403
G1 X121.484 Y84.82 E1032.61315
G1 X121.468 Y82.998 E1032.67375
G1 X121.489 Y82.2 E1032.7003
G1 X119.828 Y82.2 E1032.75555
G1 F2666.7 X118.828 Y82.25 E1032.79301
G1 F2390.4 X101.081 Y82.252 E1033.5338
G1 F2654.9 X100.168 Y82.2 E1033.56817
G1 F3000 X98.507 Y82.2 E1033.62341
G1 X98.528 Y82.994 E1033.64983
G1 X98.512 Y84.841 E1033.71127
G1 X98.535 Y87.8 E1033.80969
G1 X100.168 Y87.8 E1033.864
G1 F2666.7 X101.168 Y87.75 E1033.90146
G1 F2390.4 X118.915 Y87.748 E1034.64225
G1 F2654.9 X119.828 Y87.8 E1034.67662
G0 F15000 X119.828 Y87.49
G0 X119.746 Y82.918
G0 X120.249 Y83.1
G0 X120.249 Y83.421
;TYPE:SKIN
G1 F2268.4 X120.256 Y84.824 E1034.73833
G1 F2272.7 X120.249 Y86.579 E1034.81538
G0 F15000 X119.928 Y86.579
G0 X119.267 Y87.438
G0 X100.733 Y87.438
G0 X100.25 Y82.918
G0 X99.246 Y82.916
G0 X99.425 Y83.42
G0 X99.745 Y83.423
G1 F2290.1 X99.747 Y86.579 E1034.95289
G1 F1500 E1028.45289
;MESH:NONMESH
G0 F300 X99.747 Y86.579 Z3.4
G0 F15000 X100.068 Y86.579
G0 X100.733 Y87.438
G0 X106.112 Y87.57
G0 X106.112 Y88.665
G0 X105.873 Y124.232
G0 X106.112 Y125.086
;TIME_ELAPSED:1085.721685
;LAYER:16
;TYPE:SUPPORT
G1 F1500 E1034.95289
G1 F3000 X107.999 Y124.556 E1035.01808
G1 X109.884 Y125.086 E1035.08321
G1 X111.253 Y126.531 E1035.14942
G1 X111.779 Y128.334 E1035.21188
G1 X111.249 Y130.223 E1035.27714
G1 X109.883 Y131.589 E1035.34139
G1 X107.998 Y132.119 E1035.40652
G1 X106.194 Y131.59 E1035.46904
G1 X104.746 Y130.142 E1035.53715
G1 X104.213 Y128.335 E1035.59981
G1 X104.743 Y126.531 E1035.66235
G1 X106.112 Y125.086 E1035.72856
G1 F1500 E1029.22856
;MESH:9VBatteryHolder_v3.stl
G0 F15000 X105.484 Y124.492
G0 X103.975 Y126.086
G0 X103.317 Y128.338
G0 X103.98 Y130.601
G0 X106.112 Y134.335
G0 X106.112 Y135.43
G0 X97 Y136
;TYPE:WALL-INNER
G1 F1500 E1035.72856
G1 F3000 X123 Y136 E1036.59332
G1 F2941.2 X123.174 Y135.993 E1036.59923
G0 F15000 X123.697 Y135.697
G1 F3045.7 X123.174 Y135.993 E1036.61892
G1 X124.014 Y136.014 E1036.64644
G1 F3053.4 X123.993 Y135.174 E1036.6739
G1 X123.697 Y135.697 E1036.69354
G0 F15000 X123.993 Y135.174
G1 F2948.4 X124 Y135 E1036.69943
G1 F3000 X124 Y91 E1038.16288
G1 F1500 E1031.66288
G0 F15000 X123.838 Y135.838
G0 X96.162 Y135.838
G0 X96 Y91
G1 F1500 E1038.16288
G1 F3000 X96 Y135 E1039.62633
G1 F2941.2 X96.007 Y135.174 E1039.63223
G0 F15000 X96.303 Y135.697
G1 F3045.7 X96.007 Y135.174 E1039.65192
G1 X95.986 Y136.014 E1039.67945
G1 F3108.8 X97 Y136 E1039.712
G1 X96.303 Y135.697 E1039.73639
G0 F15000 X96.09 Y135.697
G0 X123.838 Y135.838
G0 X123.91 Y135.424
G0 X123.424 Y135.424
G1 F3000 X123.089 Y135.6 E1039.74898
G1 X97 Y135.6 E1040.6167
G1 X96.575 Y135.425 E1040.63199
G1 X96.4 Y135.089 E1040.64459
G1 X96.4 Y90.6 E1042.1243
G1 X95.6 Y90.6 E1042.15091
G1 X95.601 Y136.399 E1043.67419
G1 X124.4 Y136.4 E1044.63205
G1 X124.4 Y90.6 E1046.15536
G1 X123.6 Y90.6 E1046.18197
G1 X123.6 Y135.089 E1047.66168
G1 X123.424 Y135.424 E1047.67427
G0 F15000 X123.198 Y135.035
;TYPE:WALL-OUTER
G1 F3000 X123.142 Y135.142 E1047.67828
G1 X123.035 Y135.198 E1047.6823
G1 X97 Y135.2 E1048.54823
G1 X96.858 Y135.142 E1048.55333
G1 X96.802 Y135.035 E1048.55734
G1 X96.8 Y90.2 E1050.04856
G1 X95.2 Y90.2 E1050.10178
G1 X95.201 Y136.799 E1051.65167
G1 X124.8 Y136.8 E1052.63613
G1 X124.8 Y90.2 E1054.18606
G1 X123.2 Y90.2 E1054.23927
G1 X123.198 Y135.035 E1055.73049
G1 F1500 E1049.23049
G0 F15000 X123.51 Y135.035
G0 X123.424 Y90.424
G0 X123.424 Y89.335
G0 X122.54 Y87.581
G0 X121.45 Y87.576
G0 X120.821 Y86.945
;TYPE:WALL-INNER
G1 F1500 E1055.73049
G1 F2334.6 X120.835 Y83.06 E1055.89653
G1 F2316.6 X120.316 Y83.06 E1055.91889
G1 F2334.6 X120.311 Y86.945 E1056.08493
G1 F2348.3 X120.821 Y86.945 E1056.1066
G0 F15000 X119.856 Y87
G1 F3000 X119.519 Y87.401 E1056.12402
G1 X121.274 Y87.4 E1056.18239
G1 X121.296 Y82.87 E1056.33306
G1 X121.289 Y82.6 E1056.34205
G1 X119.456 Y82.6 E1056.40301
G1 X119.856 Y83 E1056.42183
G1 X119.856 Y87 E1056.55487
G0 F15000 X120.168 Y87
G0 X119.696 Y87.438
G0 X100.304 Y87.438
G0 X99.685 Y86.945
G1 F2330.1 X99.68 Y83.06 E1056.72123
G1 F2307.7 X99.16 Y83.06 E1056.74372
G1 F2330.1 X99.177 Y86.945 E1056.91008
G1 F2352.9 X99.685 Y86.945 E1056.93163
G0 F15000 X100.14 Y87
G1 F3000 X100.14 Y83 E1057.06467
G1 X100.477 Y82.599 E1057.08209
G1 X98.707 Y82.6 E1057.14096
G1 X98.7 Y82.883 E1057.15038
G1 X98.725 Y87.4 E1057.30061
G1 X100.54 Y87.4 E1057.36098
G1 X100.14 Y87 E1057.3798
G1 F1500 E1050.8798
G0 F15000 X99.831 Y87
G0 X100.304 Y87.438
G0 X119.3 Y87.51
G0 X119.3 Y87.249
;TYPE:WALL-OUTER
G1 F1500 E1057.3798
G1 F2390.4 X100.74 Y87.25 E1058.15452
G1 F2666.7 X100.54 Y87 E1058.1665
G1 F3000 X100.54 Y83 E1058.29954
G1 F2654.9 X100.696 Y82.751 E1058.31058
G1 F2390.4 X119.256 Y82.75 E1059.0853
G1 F2666.7 X119.456 Y83 E1059.09728
G1 F3000 X119.456 Y87 E1059.23032
G1 F2654.9 X119.3 Y87.249 E1059.24137
G0 F15000 X119.3 Y87.51
G0 X120.256 Y87.49
G0 X120.256 Y87.8
G1 F3000 X121.672 Y87.8 E1059.28846
G1 X121.696 Y82.861 E1059.45274
G1 X121.68 Y82.2 E1059.47473
G1 X120.256 Y82.2 E1059.52209
G1 F2666.7 X119.256 Y82.25 E1059.55955
G1 F2390.4 X100.653 Y82.252 E1060.33607
G1 F2654.9 X99.74 Y82.2 E1060.37044
G1 F3000 X98.316 Y82.2 E1060.4178
G1 X98.3 Y82.879 E1060.44039
G1 X98.327 Y87.8 E1060.60407
G1 X99.74 Y87.8 E1060.65107
G1 F2666.7 X100.74 Y87.75 E1060.68853
G1 F2390.4 X119.343 Y87.748 E1061.46505
G1 F2654.9 X120.256 Y87.8 E1061.49942
G0 F15000 X120.468 Y86.79
G1 F1500 E1054.99942
;MESH:NONMESH
G0 F300 X120.468 Y86.79 Z3.6
G0 F15000 X119.696 Y87.438
G0 X106.124 Y87.57
G0 X106.124 Y88.665
G0 X105.885 Y124.253
G0 X106.124 Y125.106
;TIME_ELAPSED:1114.159996
;LAYER:17
;TYPE:SUPPORT
G1 F1500 E1061.49942
G1 F3000 X107.999 Y124.58 E1061.56419
G1 X109.872 Y125.106 E1061.62889
G1 X111.233 Y126.543 E1061.69472
G1 X111.756 Y128.334 E1061.75678
G1 X111.229 Y130.211 E1061.82162
G1 X109.871 Y131.569 E1061.8855
G1 X107.998 Y132.092 E1061.95018
G1 X106.206 Y131.57 E1062.01226
G1 X104.766 Y130.13 E1062.07999
G1 X104.237 Y128.335 E1062.14223
G1 X104.763 Y126.543 E1062.20435
G1 X106.124 Y125.106 E1062.27018
G1 F1500 E1055.77018
;MESH:9VBatteryHolder_v3.stl
G0 F15000 X105.497 Y124.513
G0 X103.996 Y126.098
G0 X103.342 Y128.338
G0 X104.001 Y130.589
G0 X106.124 Y134.335
G0 X106.124 Y135.43
G0 X97 Y136
;TYPE:WALL-INNER
G1 F1500 E1062.27018
G1 F3000 X123 Y136 E1063.13494
G1 F2941.2 X123.174 Y135.993 E1063.14085
G0 F15000 X123.697 Y135.697
G1 F3045.7 X123.174 Y135.993 E1063.16053
G1 X124.014 Y136.014 E1063.18806
G1 F3053.4 X123.993 Y135.174 E1063.21552
G1 X123.697 Y135.697 E1063.23516
G0 F15000 X123.993 Y135.174
G1 F2948.4 X124 Y135 E1063.24105
G1 F3000 X124 Y91 E1064.7045
G1 F1500 E1058.2045
G0 F15000 X123.838 Y135.838
G0 X96.162 Y135.838
G0 X96 Y91
G1 F1500 E1064.7045
G1 F3000 X96 Y135 E1066.16794
G1 F2941.2 X96.007 Y135.174 E1066.17385
G0 F15000 X96.303 Y135.697
G1 F3045.7 X96.007 Y135.174 E1066.19354
G1 X95.986 Y136.014 E1066.22107
G1 F3108.8 X97 Y136 E1066.25362
G1 X96.303 Y135.697 E1066.27801
G0 F15000 X96.09 Y135.697
G0 X123.838 Y135.838
G0 X123.91 Y135.424
G0 X123.424 Y135.424
G1 F3000 X123.089 Y135.6 E1066.2906
G1 X97 Y135.6 E1067.15832
G1 X96.575 Y135.425 E1067.17361
G1 X96.4 Y135.089 E1067.18621
G1 X96.4 Y90.6 E1068.66592
G1 X95.6 Y90.6 E1068.69253
G1 X95.601 Y136.399 E1070.21581
G1 X124.4 Y136.4 E1071.17366
G1 X124.4 Y90.6 E1072.69698
G1 X123.6 Y90.6 E1072.72359
G1 X123.6 Y135.089 E1074.2033
G1 X123.424 Y135.424 E1074.21588
G0 F15000 X123.198 Y135.035
;TYPE:WALL-OUTER
G1 F3000 X123.142 Y135.142 E1074.2199
G1 X123.035 Y135.198 E1074.22392
G1 X97 Y135.2 E1075.08984
G1 X96.858 Y135.142 E1075.09495
G1 X96.802 Y135.035 E1075.09896
G1 X96.8 Y90.2 E1076.59018
G1 X95.2 Y90.2 E1076.6434
G1 X95.201 Y136.799 E1078.19329
G1 X124.8 Y136.8 E1079.17775
G1 X124.8 Y90.2 E1080.72768
G1 X123.2 Y90.2 E1080.78089
G1 X123.198 Y135.035 E1082.27211
G1 F1500 E1075.77211
G0 F15000 X123.51 Y135.035
G0 X123.424 Y90.424
G0 X123.424 Y89.335
G0 X122.747 Y87.582
G0 X121.658 Y87.576
G0 X121.088 Y84.952
;TYPE:WALL-INNER
G1 F1500 E1082.27211
G1 F2912.6 X121.076 Y83.004 E1082.33885
G1 F2934 X120.668 Y83.004 E1082.35272
G1 X120.669 Y86.995 E1082.48845
G1 X121.077 Y86.995 E1082.50232
G1 F2912.6 X121.088 Y84.952 E1082.57231
G0 F15000 X120.576 Y87
G0 X120.264 Y87
G1 F3000 X119.927 Y87.401 E1082.58974
G1 X121.479 Y87.399 E1082.64136
G1 X121.496 Y84.949 E1082.72285
G1 X121.48 Y82.983 E1082.78824
G1 X121.489 Y82.601 E1082.80095
G1 X119.864 Y82.6 E1082.85499
G1 X120.264 Y83 E1082.87381
G1 X120.264 Y87 E1083.00685
G0 F15000 X120.576 Y87
G0 X120.104 Y87.438
G0 X99.896 Y87.438
G0 X98.908 Y84.961
G1 F2905.6 X98.919 Y86.995 E1083.0767
G1 F2926.8 X99.327 Y86.995 E1083.09061
G1 X99.328 Y83.004 E1083.22667
G1 F2934 X98.92 Y83.004 E1083.24054
G1 F2912.6 X98.908 Y84.961 E1083.30759
G0 F15000 X99.424 Y87
G0 X99.732 Y87
G1 F3000 X99.732 Y83 E1083.44063
G1 X100.069 Y82.599 E1083.45805
G1 X98.51 Y82.6 E1083.5099
G1 X98.516 Y82.997 E1083.52311
G1 X98.5 Y84.961 E1083.58843
G1 X98.517 Y87.4 E1083.66956
G1 X100.132 Y87.4 E1083.72327
G1 X99.732 Y87 E1083.74209
G1 F1500 E1077.24209
G0 F15000 X99.424 Y87
G0 X99.896 Y87.438
G0 X119.708 Y87.51
G0 X119.708 Y87.249
;TYPE:WALL-OUTER
G1 F1500 E1083.74209
G1 F2390.4 X100.332 Y87.25 E1084.55087
G1 F2666.7 X100.132 Y87 E1084.56285
G1 F3000 X100.132 Y83 E1084.69589
G1 F2654.9 X100.288 Y82.751 E1084.70693
G1 F2390.4 X119.664 Y82.75 E1085.51572
G1 F2666.7 X119.864 Y83 E1085.5277
G1 F3000 X119.864 Y87 E1085.66074
G1 F2654.9 X119.708 Y87.249 E1085.67178
G0 F15000 X119.708 Y87.51
G0 X120.664 Y87.49
G0 X120.664 Y87.8
G1 F3000 X121.877 Y87.799 E1085.71212
G1 X121.896 Y84.946 E1085.80702
G1 X121.88 Y82.997 E1085.87184
G1 X121.891 Y82.639 E1085.88376
G1 X121.88 Y82.201 E1085.89833
G1 X120.664 Y82.2 E1085.93877
G1 F2666.7 X119.664 Y82.25 E1085.97624
G1 F2390.4 X100.245 Y82.252 E1086.78682
G1 F2654.9 X99.332 Y82.2 E1086.82118
G1 F3000 X98.117 Y82.2 E1086.8616
G1 X98.108 Y82.677 E1086.87746
G1 X98.116 Y82.994 E1086.88801
G1 X98.1 Y84.961 E1086.95344
G1 X98.119 Y87.8 E1087.04786
G1 X99.332 Y87.8 E1087.08821
G1 F2666.7 X100.332 Y87.75 E1087.12567
G1 F2390.4 X119.751 Y87.748 E1087.93625
G1 F2654.9 X120.664 Y87.8 E1087.97062
G0 F15000 X120.876 Y86.79
G1 F1500 E1081.47062
;MESH:NONMESH
G0 F300 X120.876 Y86.79 Z3.8
G0 F15000 X120.104 Y87.438
G0 X106.136 Y87.57
G0 X106.136 Y88.665
G0 X105.896 Y124.275
G0 X106.136 Y125.13
;TIME_ELAPSED:1143.010908
;LAYER:18
;TYPE:SUPPORT
G1 F1500 E1087.97062
G1 F3000 X107.999 Y124.604 E1088.03501
G1 X109.86 Y125.13 E1088.09933
G1 X111.213 Y126.555 E1088.16468
G1 X111.732 Y128.334 E1088.22632
G1 X111.209 Y130.199 E1088.29074
G1 X109.859 Y131.545 E1088.35415
G1 X107.997 Y132.068 E1088.41848
G1 X106.218 Y131.55 E1088.4801
G1 X104.786 Y130.118 E1088.54746
G1 X104.261 Y128.335 E1088.60928
G1 X104.783 Y126.555 E1088.67098
G1 X106.136 Y125.13 E1088.73633
G1 F1500 E1082.23633
;MESH:9VBatteryHolder_v3.stl
G0 F15000 X105.508 Y124.536
G0 X104.017 Y126.11
G0 X103.366 Y128.338
G0 X104.022 Y130.577
G0 X106.136 Y134.335
G0 X106.136 Y135.43
G0 X97 Y136
;TYPE:WALL-INNER
G1 F1500 E1088.73633
G1 F3000 X123 Y136 E1089.6011
G1 F2941.2 X123.174 Y135.993 E1089.607
G0 F15000 X123.697 Y135.697
G1 F3045.7 X123.174 Y135.993 E1089.62669
G1 X124.014 Y136.014 E1089.65422
G1 F3053.4 X123.993 Y135.174 E1089.68168
G1 X123.697 Y135.697 E1089.70132
G0 F15000 X123.993 Y135.174
G1 F2948.4 X124 Y135 E1089.70721
G1 F3000 X124 Y91 E1091.17066
G1 F1500 E1084.67066
G0 F15000 X123.838 Y135.838
G0 X96.162 Y135.838
G0 X96 Y91
G1 F1500 E1091.17066
G1 F3000 X96 Y135 E1092.6341
G1 F2941.2 X96.007 Y135.174 E1092.64001
G0 F15000 X96.303 Y135.697
G1 F3045.7 X96.007 Y135.174 E1092.6597
G1 X95.986 Y136.014 E1092.68723
G1 F3108.8 X97 Y136 E1092.71977
G1 X96.303 Y135.697 E1092.74417
G0 F15000 X96.09 Y135.697
G0 X123.838 Y135.838
G0 X123.91 Y135.424
G0 X123.424 Y135.424
G1 F3000 X123.089 Y135.6 E1092.75675
G1 X97 Y135.6 E1093.62448
G1 X96.575 Y135.425 E1093.63976
G1 X96.4 Y135.089 E1093.65236
G1 X96.4 Y90.6 E1095.13207
G1 X95.6 Y90.6 E1095.15868
G1 X95.601 Y136.399 E1096.68196
G1 X124.4 Y136.4 E1097.63982
G1 X124.4 Y90.6 E1099.16314
G1 X123.6 Y90.6 E1099.18974
G1 X123.6 Y135.089 E1100.66945
G1 X123.424 Y135.424 E1100.68204
G0 F15000 X123.198 Y135.035
;TYPE:WALL-OUTER
G1 F3000 X123.142 Y135.142 E1100.68606
G1 X123.035 Y135.198 E1100.69007
G1 X97 Y135.2 E1101.556
G1 X96.858 Y135.142 E1101.5611
G1 X96.802 Y135.035 E1101.56512
G1 X96.8 Y90.2 E1103.05634
G1 X95.2 Y90.2 E1103.10955
G1 X95.201 Y136.799 E1104.65944
G1 X124.8 Y136.8 E1105.64391
G1 X124.8 Y90.2 E1107.19383
G1 X123.2 Y90.2 E1107.24705
G1 X123.198 Y135.035 E1108.73827
G1 F1500 E1102.23827
G0 F15000 X123.51 Y135.035
G0 X123.424 Y90.424
G0 X123.424 Y89.335
G0 X121.864 Y88.665
G0 X121.864 Y87.576
G0 X121.31 Y86.18
;TYPE:WALL-INNER
G1 F1500 E1108.73827
G1 F3278.7 X121.292 Y82.98 E1108.83565
G1 F3314.9 X120.932 Y82.98 E1108.84649
G1 F3296.7 X120.936 Y87.016 E1108.96865
G1 F3269.8 X121.305 Y87.015 E1108.97991
G1 F3243.2 X121.31 Y86.18 E1109.0056
G0 F15000 X120.862 Y87
G0 X120.552 Y87
G1 F3000 X120.215 Y87.401 E1109.02302
G1 X121.687 Y87.399 E1109.07198
G1 X121.695 Y86.178 E1109.11259
G1 X121.672 Y82.986 E1109.21876
G1 X121.683 Y82.6 E1109.2316
G1 X120.152 Y82.6 E1109.28252
G1 X120.552 Y83 E1109.30134
G1 X120.552 Y87 E1109.43438
G0 F15000 X120.862 Y87
G0 X120.39 Y87.438
G0 X99.61 Y87.438
G0 X98.876 Y86.868
G0 X98.687 Y86.185
G1 F3217.2 X98.692 Y87.014 E1109.46009
G1 F3243.2 X99.062 Y87.014 E1109.47147
G1 F3278.7 X99.067 Y82.981 E1109.59421
G1 F3296.7 X98.705 Y82.982 E1109.60517
G1 F3260.9 X98.687 Y86.185 E1109.70318
G0 F15000 X99.138 Y87
G0 X99.448 Y87
G1 F3000 X99.448 Y83 E1109.83622
G1 X99.785 Y82.599 E1109.85364
G1 X98.316 Y82.6 E1109.9025
G1 X98.324 Y82.997 E1109.91571
G1 X98.3 Y86.185 E1110.02174
G1 X98.308 Y87.4 E1110.06216
G1 X99.848 Y87.4 E1110.11338
G1 X99.448 Y87 E1110.13219
G1 F1500 E1103.63219
G0 F15000 X99.138 Y87
G0 X99.61 Y87.438
G0 X119.996 Y87.51
G0 X119.996 Y87.249
;TYPE:WALL-OUTER
G1 F1500 E1110.13219
G1 F2390.4 X100.048 Y87.25 E1110.96485
G1 F2666.7 X99.848 Y87 E1110.97683
G1 F3000 X99.848 Y83 E1111.10987
G1 F2654.9 X100.004 Y82.751 E1111.12091
G1 F2390.4 X119.952 Y82.75 E1111.95357
G1 F2666.7 X120.152 Y83 E1111.96555
G1 F3000 X120.152 Y87 E1112.09859
G1 F2654.9 X119.996 Y87.249 E1112.10963
G0 F15000 X119.996 Y87.51
G0 X120.952 Y87.49
G0 X120.952 Y87.8
G1 F3000 X122.085 Y87.799 E1112.14732
G1 X122.095 Y86.175 E1112.20133
G1 X122.072 Y82.998 E1112.307
G1 X122.095 Y82.2 E1112.33356
G1 X120.952 Y82.2 E1112.37157
G1 F2666.7 X119.952 Y82.25 E1112.40904
G1 F2390.4 X99.961 Y82.252 E1113.24349
G1 F2654.9 X99.048 Y82.2 E1113.27786
G1 F3000 X97.917 Y82.2 E1113.31548
G1 X97.912 Y82.46 E1113.32413
G1 X97.924 Y82.994 E1113.34189
G1 X97.9 Y86.185 E1113.44803
G1 X97.911 Y87.8 E1113.50175
G1 X99.048 Y87.8 E1113.53956
G1 F2666.7 X100.048 Y87.75 E1113.57703
G1 F2390.4 X120.039 Y87.748 E1114.41148
G1 F2654.9 X120.952 Y87.8 E1114.44585
G1 F1500 E1107.94585
;MESH:NONMESH
G0 F300 X120.952 Y87.8 Z4
G0 F15000 X120.952 Y87.49
G0 X106.144 Y87.57
G0 X106.144 Y88.665
G0 X105.905 Y124.297
G0 X106.144 Y125.15
;TIME_ELAPSED:1171.644115
;LAYER:19
;TYPE:SUPPORT
G1 F1500 E1114.44585
G1 F3000 X107.999 Y124.632 E1114.50991
G1 X109.852 Y125.15 E1114.5739
G1 X111.189 Y126.563 E1114.6386
G1 X111.707 Y128.334 E1114.69997
G1 X111.189 Y130.187 E1114.76397
G1 X109.847 Y131.525 E1114.827
G1 X107.998 Y132.043 E1114.89086
G1 X106.23 Y131.526 E1114.95213
G1 X104.806 Y130.106 E1115.01902
G1 X104.289 Y128.337 E1115.08031
G1 X104.811 Y126.563 E1115.14182
G1 X106.144 Y125.15 E1115.20643
G1 F1500 E1108.70643
;MESH:9VBatteryHolder_v3.stl
G0 F15000 X105.517 Y124.558
G0 X104.041 Y126.12
G0 X103.391 Y128.338
G0 X104.043 Y130.565
G0 X106.144 Y134.335
G0 X106.144 Y135.43
G0 X97 Y136
;TYPE:WALL-INNER
G1 F1500 E1115.20643
G1 F3000 X123 Y136 E1116.07119
G1 F2941.2 X123.174 Y135.993 E1116.0771
G0 F15000 X123.697 Y135.697
G1 F3045.7 X123.174 Y135.993 E1116.09679
G1 X124.014 Y136.014 E1116.12432
G1 F3053.4 X123.993 Y135.174 E1116.15177
G1 X123.697 Y135.697 E1116.17141
G0 F15000 X123.993 Y135.174
G1 F2948.4 X124 Y135 E1116.17731
G1 F3000 X124 Y91 E1117.64075
G1 F1500 E1111.14075
G0 F15000 X123.838 Y135.838
G0 X96.162 Y135.838
G0 X96 Y91
G1 F1500 E1117.64075
G1 F3000 X96 Y135 E1119.1042
G1 F2941.2 X96.007 Y135.174 E1119.1101
G0 F15000 X96.303 Y135.697
G1 F3045.7 X96.007 Y135.174 E1119.12979
G1 X95.986 Y136.014 E1119.15732
G1 F3108.8 X97 Y136 E1119.18987
G1 X96.303 Y135.697 E1119.21426
G0 F15000 X96.09 Y135.697
G0 X123.838 Y135.838
G0 X123.91 Y135.424
G0 X123.424 Y135.424
G1 F3000 X123.089 Y135.6 E1119.22685
G1 X97 Y135.6 E1120.09457
G1 X96.575 Y135.425 E1120.10986
G1 X96.4 Y135.089 E1120.12246
G1 X96.4 Y90.6 E1121.60217
G1 X95.6 Y90.6 E1121.62878
G1 X95.601 Y136.399 E1123.15206
G1 X124.4 Y136.4 E1124.10992
G1 X124.4 Y90.6 E1125.63323
G1 X123.6 Y90.6 E1125.65984
G1 X123.6 Y135.089 E1127.13955
G1 X123.424 Y135.424 E1127.15214
G0 F15000 X123.198 Y135.035
;TYPE:WALL-OUTER
G1 F3000 X123.142 Y135.142 E1127.15615
G1 X123.035 Y135.198 E1127.16017
G1 X97 Y135.2 E1128.0261
G1 X96.858 Y135.142 E1128.0312
G1 X96.802 Y135.035 E1128.03522
G1 X96.8 Y90.2 E1129.52643
G1 X95.2 Y90.2 E1129.57965
G1 X95.201 Y136.799 E1131.12954
G1 X124.8 Y136.8 E1132.11401
G1 X124.8 Y90.2 E1133.66393
G1 X123.2 Y90.2 E1133.71714
G1 X123.198 Y135.035 E1135.20836
G1 F1500 E1128.70836
G0 F15000 X123.51 Y135.035
G0 X123.424 Y90.424
G0 X123.424 Y89.335
G0 X122.071 Y88.665
G0 X122.071 Y87.576
G0 X121.364 Y86.872
;TYPE:WALL-INNER
G1 F1500 E1135.20836
G1 F1872.1 X121.348 Y83.112 E1135.40877
G0 F15000 X121.147 Y87
G0 X120.836 Y87
G1 F3000 X120.499 Y87.401 E1135.42619
G1 X121.894 Y87.399 E1135.47259
G1 X121.86 Y82.987 E1135.61934
G1 X121.87 Y82.601 E1135.63218
G1 X120.436 Y82.6 E1135.67988
G1 X120.836 Y83 E1135.69869
G1 X120.836 Y87 E1135.83173
G0 F15000 X121.147 Y87
G0 X120.675 Y87.438
G0 X99.325 Y87.438
G0 X98.632 Y86.872
G1 F1875 X98.648 Y83.112 E1136.03183
G0 F15000 X98.853 Y87
G0 X99.16 Y87
G1 F3000 X99.16 Y83 E1136.16487
G1 X99.497 Y82.599 E1136.18229
G1 X98.127 Y82.601 E1136.22785
G1 X98.136 Y82.997 E1136.24103
G1 X98.101 Y87.4 E1136.38748
G1 X99.56 Y87.4 E1136.436
G1 X99.16 Y87 E1136.45482
G1 F1500 E1129.95482
G0 F15000 X98.853 Y87
G0 X99.325 Y87.438
G0 X120.28 Y87.51
G0 X120.28 Y87.249
;TYPE:WALL-OUTER
G1 F1500 E1136.45482
G1 F2390.4 X99.76 Y87.25 E1137.31135
G1 F2666.7 X99.56 Y87 E1137.32333
G1 F3000 X99.56 Y83 E1137.45637
G1 F2654.9 X99.716 Y82.751 E1137.46742
G1 F2390.4 X120.236 Y82.75 E1138.32395
G1 F2666.7 X120.436 Y83 E1138.33593
G1 F3000 X120.436 Y87 E1138.46897
G1 F2654.9 X120.28 Y87.249 E1138.48002
G0 F15000 X120.28 Y87.51
G0 X121.236 Y87.49
G0 X121.236 Y87.8
G1 F3000 X122.293 Y87.799 E1138.51517
G1 X122.26 Y82.998 E1138.67486
G1 X122.282 Y82.201 E1138.70138
G1 X121.236 Y82.2 E1138.73617
G1 F2666.7 X120.236 Y82.25 E1138.77363
G1 F2390.4 X99.673 Y82.252 E1139.63196
G1 F2654.9 X98.76 Y82.2 E1139.66633
G1 F3000 X97.717 Y82.201 E1139.70102
G1 X97.736 Y82.994 E1139.7274
G1 X97.7 Y87.411 E1139.87432
G1 X97.706 Y87.8 E1139.88726
G1 X98.76 Y87.8 E1139.92231
G1 F2666.7 X99.76 Y87.75 E1139.95978
G1 F2390.4 X120.323 Y87.748 E1140.81811
G1 F2654.9 X121.236 Y87.8 E1140.85248
G0 F15000 X121.447 Y86.79
G1 F1500 E1134.35248
;MESH:NONMESH
G0 F300 X121.447 Y86.79 Z4.2
G0 F15000 X120.675 Y87.438
G0 X106.16 Y87.57
G0 X106.16 Y88.665
G0 X105.921 Y124.316
G0 X106.16 Y125.17
;TIME_ELAPSED:1200.053891
;LAYER:20
;TYPE:SUPPORT
G1 F1500 E1140.85248
G1 F3000 X107.999 Y124.656 E1140.91599
G1 X109.836 Y125.17 E1140.97943
G1 X111.169 Y126.575 E1141.04385
G1 X111.683 Y128.334 E1141.1048
G1 X111.165 Y130.175 E1141.16841
G1 X109.835 Y131.505 E1141.23097
G1 X107.998 Y132.02 E1141.29442
G1 X106.238 Y131.506 E1141.35541
G1 X104.83 Y130.094 E1141.42173
G1 X104.313 Y128.335 E1141.48271
G1 X104.827 Y126.575 E1141.54369
G1 X106.16 Y125.17 E1141.60811
G1 F1500 E1135.10811
;MESH:9VBatteryHolder_v3.stl
G0 F15000 X105.533 Y124.577
G0 X104.059 Y126.133
G0 X103.415 Y128.338
G0 X104.064 Y130.554
G0 X106.16 Y134.335
G0 X106.16 Y135.43
G0 X97 Y136
;TYPE:WALL-INNER
G1 F1500 E1141.60811
G1 F3000 X123 Y136 E1142.47287
G1 F2941.2 X123.174 Y135.993 E1142.47878
G0 F15000 X123.697 Y135.697
G1 F3045.7 X123.174 Y135.993 E1142.49847
G1 X124.014 Y136.014 E1142.52599
G1 F3053.4 X123.993 Y135.174 E1142.55345
G1 X123.697 Y135.697 E1142.57309
G0 F15000 X123.993 Y135.174
G1 F2948.4 X124 Y135 E1142.57898
G1 F3000 X124 Y91 E1144.04243
G1 F1500 E1137.54243
G0 F15000 X123.838 Y135.838
G0 X96.162 Y135.838
G0 X96 Y91
G1 F1500 E1144.04243
G1 F3000 X96 Y135 E1145.50588
G1 F2941.2 X96.007 Y135.174 E1145.51178
G0 F15000 X96.303 Y135.697
G1 F3045.7 X96.007 Y135.174 E1145.53147
G1 X95.986 Y136.014 E1145.559
G1 F3108.8 X97 Y136 E1145.59155
G1 X96.303 Y135.697 E1145.61594
G0 F15000 X96.09 Y135.697
G0 X123.838 Y135.838
G0 X123.91 Y135.424
G0 X123.424 Y135.424
G1 F3000 X123.089 Y135.6 E1145.62853
G1 X97 Y135.6 E1146.49625
G1 X96.575 Y135.425 E1146.51154
G1 X96.4 Y135.089 E1146.52414
G1 X96.4 Y90.6 E1148.00385
G1 X95.6 Y90.6 E1148.03046
G1 X95.601 Y136.399 E1149.55374
G1 X124.4 Y136.4 E1150.5116
G1 X124.4 Y90.6 E1152.03491
G1 X123.6 Y90.6 E1152.06152
G1 X123.6 Y135.089 E1153.54123
G1 X123.424 Y135.424 E1153.55382
G0 F15000 X123.198 Y135.035
;TYPE:WALL-OUTER
G1 F3000 X123.142 Y135.142 E1153.55783
G1 X123.035 Y135.198 E1153.56185
G1 X97 Y135.2 E1154.42778
G1 X96.858 Y135.142 E1154.43288
G1 X96.802 Y135.035 E1154.4369
G1 X96.8 Y90.2 E1155.92811
G1 X95.2 Y90.2 E1155.98133
G1 X95.201 Y136.799 E1157.53122
G1 X124.8 Y136.8 E1158.51569
G1 X124.8 Y90.2 E1160.06561
G1 X123.2 Y90.2 E1160.11882
G1 X123.198 Y135.035 E1161.61004
G1 F1500 E1155.11004
G0 F15000 X123.51 Y135.035
G0 X123.424 Y90.424
G0 X123.424 Y89.335
G0 X122.247 Y88.665
G0 X122.247 Y87.576
G0 X121.597 Y86.923
;TYPE:WALL-INNER
G1 F1500 E1161.61004
G1 F2209.9 X121.586 Y83.066 E1161.78419
G0 F15000 X121.433 Y87
G0 X121.12 Y87
G1 F3000 X120.783 Y87.401 E1161.80161
G1 X122.07 Y87.399 E1161.84442
G1 X122.075 Y86.414 E1161.87718
G1 X122.052 Y82.989 E1161.9911
G1 X122.061 Y82.601 E1162.004
G1 X120.72 Y82.6 E1162.04861
G1 X121.12 Y83 E1162.06742
G1 X121.12 Y87 E1162.20046
G0 F15000 X121.433 Y87
G0 X120.961 Y87.438
G0 X99.039 Y87.438
G0 X98.4 Y86.924
G1 F2214 X98.41 Y83.066 E1162.37433
G0 F15000 X98.567 Y87
G0 X98.876 Y87
G1 F3000 X98.876 Y83 E1162.50737
G1 X99.213 Y82.599 E1162.5248
G1 X97.935 Y82.601 E1162.5673
G1 X97.944 Y83.001 E1162.58061
G1 X97.92 Y86.423 E1162.69443
G1 X97.928 Y87.4 E1162.72692
G1 X99.276 Y87.4 E1162.77176
G1 X98.876 Y87 E1162.79057
G1 F1500 E1156.29057
G0 F15000 X98.567 Y87
G0 X99.039 Y87.438
G0 X120.564 Y87.51
G0 X120.564 Y87.249
;TYPE:WALL-OUTER
G1 F1500 E1162.79057
G1 F2390.4 X99.476 Y87.25 E1163.67082
G1 F2666.7 X99.276 Y87 E1163.6828
G1 F3000 X99.276 Y83 E1163.81584
G1 F2654.9 X99.432 Y82.751 E1163.82688
G1 F2390.4 X120.52 Y82.75 E1164.70713
G1 F2666.7 X120.72 Y83 E1164.7191
G1 F3000 X120.72 Y87 E1164.85215
G1 F2654.9 X120.564 Y87.249 E1164.86319
G0 F15000 X120.564 Y87.51
G0 X121.52 Y87.49
G0 X121.52 Y87.8
G1 F3000 X122.468 Y87.799 E1164.89472
G1 X122.475 Y86.412 E1164.94085
G1 X122.452 Y82.999 E1165.05437
G1 X122.471 Y82.201 E1165.08092
G1 X121.52 Y82.2 E1165.11255
G1 F2666.7 X120.52 Y82.25 E1165.15002
G1 F2390.4 X99.389 Y82.252 E1166.03205
G1 F2654.9 X98.476 Y82.2 E1166.06642
G1 F3000 X97.525 Y82.201 E1166.09805
G1 X97.544 Y82.998 E1166.12457
G1 X97.52 Y86.426 E1166.23859
G1 X97.531 Y87.8 E1166.28429
G1 X98.476 Y87.8 E1166.31572
G1 F2666.7 X99.476 Y87.75 E1166.35318
G1 F2390.4 X120.607 Y87.748 E1167.23522
G1 F2654.9 X121.52 Y87.8 E1167.26959
G0 F15000 X121.733 Y86.79
G1 F1500 E1160.76959
;MESH:NONMESH
G0 F300 X121.733 Y86.79 Z4.4
G0 F15000 X120.961 Y87.438
G0 X106.168 Y87.57
G0 X106.168 Y88.665
G0 X105.929 Y124.339
G0 X106.168 Y125.19
;TIME_ELAPSED:1228.477361
;LAYER:21
;TYPE:SUPPORT
G1 F1500 E1167.26959
G1 F3000 X107.999 Y124.68 E1167.33281
G1 X109.828 Y125.19 E1167.39596
G1 X111.145 Y126.583 E1167.45972
G1 X111.659 Y128.334 E1167.52042
G1 X111.145 Y130.163 E1167.58361
G1 X109.823 Y131.485 E1167.64579
G1 X107.998 Y131.996 E1167.70883
G1 X106.25 Y131.486 E1167.76939
G1 X104.85 Y130.082 E1167.83534
G1 X104.337 Y128.335 E1167.89589
G1 X104.851 Y126.583 E1167.95662
G1 X106.168 Y125.19 E1168.02038
G1 F1500 E1161.52038
;MESH:9VBatteryHolder_v3.stl
G0 F15000 X105.542 Y124.599
G0 X104.083 Y126.143
G0 X103.439 Y128.338
G0 X104.085 Y130.542
G0 X106.168 Y134.335
G0 X106.168 Y135.43
G0 X97 Y136
;TYPE:WALL-INNER
G1 F1500 E1168.02038
G1 F3000 X123 Y136 E1168.88515
G1 F2941.2 X123.174 Y135.993 E1168.89105
G0 F15000 X123.697 Y135.697
G1 F3045.7 X123.174 Y135.993 E1168.91074
G1 X124.014 Y136.014 E1168.93827
G1 F3053.4 X123.993 Y135.174 E1168.96573
G1 X123.697 Y135.697 E1168.98537
G0 F15000 X123.993 Y135.174
G1 F2948.4 X124 Y135 E1168.99126
G1 F3000 X124 Y91 E1170.4547
G1 F1500 E1163.9547
G0 F15000 X123.838 Y135.838
G0 X96.162 Y135.838
G0 X96 Y91
G1 F1500 E1170.4547
G1 F3000 X96 Y135 E1171.91815
G1 F2941.2 X96.007 Y135.174 E1171.92406
G0 F15000 X96.303 Y135.697
G1 F3045.7 X96.007 Y135.174 E1171.94375
G1 X95.986 Y136.014 E1171.97127
G1 F3108.8 X97 Y136 E1172.00382
G1 X96.303 Y135.697 E1172.02822
G0 F15000 X96.09 Y135.697
G0 X123.838 Y135.838
G0 X123.91 Y135.424
G0 X123.424 Y135.424
G1 F3000 X123.089 Y135.6 E1172.0408
G1 X97 Y135.6 E1172.90853
G1 X96.575 Y135.425 E1172.92381
G1 X96.4 Y135.089 E1172.93641
G1 X96.4 Y90.6 E1174.41612
G1 X95.6 Y90.6 E1174.44273
G1 X95.601 Y136.399 E1175.96601
G1 X124.4 Y136.4 E1176.92387
G1 X124.4 Y90.6 E1178.44719
G1 X123.6 Y90.6 E1178.47379
G1 X123.6 Y135.089 E1179.9535
G1 X123.424 Y135.424 E1179.96609
G0 F15000 X123.198 Y135.035
;TYPE:WALL-OUTER
G1 F3000 X123.142 Y135.142 E1179.97011
G1 X123.035 Y135.198 E1179.97412
G1 X97 Y135.2 E1180.84005
G1 X96.858 Y135.142 E1180.84515
G1 X96.802 Y135.035 E1180.84917
G1 X96.8 Y90.2 E1182.34039
G1 X95.2 Y90.2 E1182.3936
G1 X95.201 Y136.799 E1183.94349
G1 X124.8 Y136.8 E1184.92796
G1 X124.8 Y90.2 E1186.47788
G1 X123.2 Y90.2 E1186.5311
G1 X123.198 Y135.035 E1188.02232
G1 F1500 E1181.52232
G0 F15000 X123.51 Y135.035
G0 X123.424 Y90.424
G0 X123.424 Y89.335
G0 X122.393 Y88.665
G0 X122.393 Y87.576
G0 X121.791 Y86.973
;TYPE:WALL-INNER
G1 F1500 E1188.02232
G1 F2575.1 X121.803 Y83.039 E1188.17475
G0 F15000 X121.674 Y87.001
G0 X121.364 Y87
G1 F3000 X121.027 Y87.401 E1188.19217
G1 X122.215 Y87.4 E1188.23169
G1 X122.244 Y82.869 E1188.38239
G1 X122.237 Y82.6 E1188.39134
G1 X120.964 Y82.6 E1188.43368
G1 X121.364 Y83 E1188.4525
G1 X121.364 Y87 E1188.58554
G0 F15000 X121.674 Y87.001
G0 X121.202 Y87.438
G0 X98.798 Y87.438
G0 X98.207 Y86.971
G1 F2553.2 X98.195 Y83.041 E1188.73913
G0 F15000 X98.326 Y87
G0 X98.636 Y87
G1 F3000 X98.636 Y83 E1188.87217
G1 X98.973 Y82.599 E1188.88959
G1 X97.759 Y82.6 E1188.92997
G1 X97.752 Y82.885 E1188.93945
G1 X97.781 Y87.4 E1189.08962
G1 X99.036 Y87.4 E1189.13136
G1 X98.636 Y87 E1189.15018
G1 F1500 E1182.65018
G0 F15000 X98.326 Y87
G0 X98.798 Y87.438
G0 X120.808 Y87.51
G0 X120.808 Y87.249
;TYPE:WALL-OUTER
G1 F1500 E1189.15018
G1 F2390.4 X99.236 Y87.25 E1190.05062
G1 F2666.7 X99.036 Y87 E1190.0626
G1 F3000 X99.036 Y83 E1190.19564
G1 F2654.9 X99.192 Y82.751 E1190.20669
G1 F2390.4 X120.764 Y82.75 E1191.10713
G1 F2666.7 X120.964 Y83 E1191.11911
G1 F3000 X120.964 Y87 E1191.25215
G1 F2654.9 X120.808 Y87.249 E1191.2632
G0 F15000 X120.808 Y87.51
G0 X121.764 Y87.49
G0 X121.764 Y87.8
G1 F3000 X122.613 Y87.8 E1191.29143
G1 X122.644 Y82.86 E1191.45574
G1 X122.628 Y82.2 E1191.4777
G1 X121.764 Y82.2 E1191.50644
G1 F2666.7 X120.764 Y82.25 E1191.5439
G1 F2390.4 X99.149 Y82.252 E1192.44614
G1 F2654.9 X98.236 Y82.2 E1192.48051
G1 F3000 X97.368 Y82.2 E1192.50938
G1 X97.352 Y82.882 E1192.53207
G1 X97.383 Y87.8 E1192.69565
G1 X98.236 Y87.8 E1192.72402
G1 F2666.7 X99.236 Y87.75 E1192.76149
G1 F2390.4 X120.851 Y87.748 E1193.66373
G1 F2654.9 X121.764 Y87.8 E1193.6981
G0 F15000 X121.974 Y86.79
G1 F1500 E1187.1981
;MESH:NONMESH
G0 F300 X121.974 Y86.79 Z4.6
G0 F15000 X121.912 Y86.79
G0 X121.202 Y87.438
G0 X106.187 Y87.57
G0 X106.187 Y88.665
G0 X105.947 Y124.357
G0 X106.187 Y125.214
;TIME_ELAPSED:1256.913342
;LAYER:22
;TYPE:SUPPORT
G1 F1500 E1193.6981
G1 F3000 X107.999 Y124.704 E1193.76071
G1 X109.812 Y125.214 E1193.82335
G1 X111.129 Y126.599 E1193.88691
G1 X111.632 Y128.333 E1193.94696
G1 X111.125 Y130.147 E1194.00961
G1 X109.811 Y131.461 E1194.07142
G1 X107.997 Y131.971 E1194.13409
G1 X106.262 Y131.466 E1194.19419
G1 X104.87 Y130.07 E1194.25976
G1 X104.361 Y128.335 E1194.3199
G1 X104.867 Y126.599 E1194.38004
G1 X106.187 Y125.214 E1194.44368
G1 F1500 E1187.94368
;MESH:9VBatteryHolder_v3.stl
G0 F15000 X105.558 Y124.619
G0 X104.101 Y126.157
G0 X103.464 Y128.338
G0 X104.106 Y130.53
G0 X106.187 Y134.335
G0 X106.187 Y135.43
G0 X97 Y136
;TYPE:WALL-INNER
G1 F1500 E1194.44368
G1 F3000 X123 Y136 E1195.30844
G1 F2941.2 X123.174 Y135.993 E1195.31435
G0 F15000 X123.697 Y135.697
G1 F3045.7 X123.174 Y135.993 E1195.33404
G1 X124.014 Y136.014 E1195.36156
G1 F3053.4 X123.993 Y135.174 E1195.38902
G1 X123.697 Y135.697 E1195.40866
G0 F15000 X123.993 Y135.174
G1 F2948.4 X124 Y135 E1195.41455
G1 F3000 X124 Y91 E1196.878
G1 F1500 E1190.378
G0 F15000 X123.838 Y135.838
G0 X96.162 Y135.838
G0 X96 Y91
G1 F1500 E1196.878
G1 F3000 X96 Y135 E1198.34145
G1 F2941.2 X96.007 Y135.174 E1198.34735
G0 F15000 X96.303 Y135.697
G1 F3045.7 X96.007 Y135.174 E1198.36704
G1 X95.986 Y136.014 E1198.39457
G1 F3108.8 X97 Y136 E1198.42712
G1 X96.303 Y135.697 E1198.45151
G0 F15000 X96.09 Y135.697
G0 X123.838 Y135.838
G0 X123.91 Y135.424
G0 X123.424 Y135.424
G1 F3000 X123.089 Y135.6 E1198.4641
G1 X97 Y135.6 E1199.33182
G1 X96.575 Y135.425 E1199.34711
G1 X96.4 Y135.089 E1199.35971
G1 X96.4 Y90.6 E1200.83942
G1 X95.6 Y90.6 E1200.86603
G1 X95.601 Y136.399 E1202.38931
G1 X124.4 Y136.4 E1203.34717
G1 X124.4 Y90.6 E1204.87048
G1 X123.6 Y90.6 E1204.89709
G1 X123.6 Y135.089 E1206.3768
G1 X123.424 Y135.424 E1206.38939
G0 F15000 X123.198 Y135.035
;TYPE:WALL-OUTER
G1 F3000 X123.142 Y135.142 E1206.3934
G1 X123.035 Y135.198 E1206.39742
G1 X97 Y135.2 E1207.26335
G1 X96.858 Y135.142 E1207.26845
G1 X96.802 Y135.035 E1207.27246
G1 X96.8 Y90.2 E1208.76368
G1 X95.2 Y90.2 E1208.8169
G1 X95.201 Y136.799 E1210.36679
G1 X124.8 Y136.8 E1211.35126
G1 X124.8 Y90.2 E1212.90118
G1 X123.2 Y90.2 E1212.95439
G1 X123.198 Y135.035 E1214.44561
G1 F1500 E1207.94561
G0 F15000 X123.51 Y135.035
G0 X123.424 Y90.424
G0 X123.424 Y89.335
G0 X122.541 Y88.665
G0 X122.541 Y87.576
G0 X121.965 Y86.999
;TYPE:WALL-INNER
G1 F1500 E1214.44561
G1 F2926.8 X121.974 Y83.01 E1214.5816
G0 F15000 X121.874 Y87
G0 X121.565 Y86.999
G1 F3000 X121.227 Y87.401 E1214.59907
G1 X122.363 Y87.399 E1214.63686
G1 X122.384 Y83.997 E1214.75001
G1 X122.378 Y82.6 E1214.79647
G1 X121.164 Y82.6 E1214.83685
G1 X121.564 Y83 E1214.85567
G1 X121.565 Y86.999 E1214.98867
G0 F15000 X121.874 Y87
G0 X121.402 Y87.438
G0 X98.598 Y87.438
G0 X98.036 Y87
G1 F2926.8 X98.026 Y83.01 E1215.1247
G0 F15000 X98.126 Y86.999
G0 X98.436 Y86.999
G1 F3000 X98.436 Y83 E1215.25771
G1 X98.773 Y82.599 E1215.27513
G1 X97.621 Y82.6 E1215.31344
G1 X97.612 Y84.005 E1215.36018
G1 X97.636 Y87.4 E1215.4731
G1 X98.836 Y87.4 E1215.51301
G1 X98.436 Y86.999 E1215.53185
G1 F1500 E1209.03185
G0 F15000 X98.126 Y86.999
G0 X98.598 Y87.438
G0 X121.008 Y87.51
G0 X121.008 Y87.249
;TYPE:WALL-OUTER
G1 F1500 E1215.53185
G1 F2390.4 X99.036 Y87.25 E1216.44899
G1 F2666.7 X98.836 Y86.998 E1216.46103
G1 F3000 X98.836 Y83 E1216.594
G1 F2654.9 X98.992 Y82.751 E1216.60505
G1 F2390.4 X120.964 Y82.75 E1217.52219
G1 F2666.7 X121.164 Y83 E1217.53417
G1 F3000 X121.165 Y86.999 E1217.66718
G1 F2654.9 X121.008 Y87.249 E1217.67827
G0 F15000 X121.051 Y87.748
G1 F2654.9 X121.965 Y87.799 E1217.71268
G1 F3000 X122.761 Y87.799 E1217.73915
G1 X122.784 Y82.823 E1217.90466
G1 X122.768 Y82.2 E1217.92538
G1 X121.964 Y82.2 E1217.95213
G1 F2666.7 X120.964 Y82.25 E1217.98959
G1 F2390.4 X98.949 Y82.252 E1218.90853
G1 F2654.9 X98.026 Y82.2 E1218.94327
G1 F3000 X97.229 Y82.2 E1218.96978
G1 X97.216 Y82.844 E1218.99121
G1 X97.212 Y84.007 E1219.02989
G1 X97.236 Y87.8 E1219.15605
G1 X98.036 Y87.8 E1219.18265
G1 F2666.7 X99.036 Y87.75 E1219.22012
G1 F2390.4 X121.051 Y87.748 E1220.13906
G1 F1500 E1213.63906
;MESH:NONMESH
G0 F300 X121.051 Y87.748 Z4.8
G0 F15000 X121.051 Y87.49
G0 X106.2 Y87.57
G0 X106.2 Y88.665
G0 X105.96 Y124.379
G0 X106.2 Y125.234
;TIME_ELAPSED:1285.208187
;LAYER:23
;TYPE:SUPPORT
G1 F1500 E1220.13906
G1 F3000 X108 Y124.728 E1220.20125
G1 X109.8 Y125.234 E1220.26343
G1 X111.109 Y126.611 E1220.32662
G1 X111.608 Y128.334 E1220.38629
G1 X111.105 Y130.135 E1220.44848
G1 X109.799 Y131.441 E1220.50991
G1 X107.998 Y131.947 E1220.57213
G1 X106.274 Y131.442 E1220.63188
G1 X104.89 Y130.062 E1220.69689
G1 X104.385 Y128.337 E1220.75667
G1 X104.891 Y126.611 E1220.81649
G1 X106.2 Y125.234 E1220.87968
G1 F1500 E1214.37968
;MESH:9VBatteryHolder_v3.stl
G0 F15000 X105.571 Y124.639
G0 X104.123 Y126.168
G0 X103.488 Y128.338
G0 X104.127 Y130.519
G0 X106.2 Y134.335
G0 X106.2 Y135.43
G0 X97 Y136
;TYPE:WALL-INNER
G1 F1500 E1220.87968
G1 F3000 X123 Y136 E1221.74445
G1 F2941.2 X123.174 Y135.993 E1221.75035
G0 F15000 X123.697 Y135.697
G1 F3045.7 X123.174 Y135.993 E1221.77004
G1 X124.014 Y136.014 E1221.79757
G1 F3053.4 X123.993 Y135.174 E1221.82503
G1 X123.697 Y135.697 E1221.84467
G0 F15000 X123.993 Y135.174
G1 F2948.4 X124 Y135 E1221.85056
G1 F3000 X124 Y91 E1223.31401
G1 F1500 E1216.81401
G0 F15000 X123.838 Y135.838
G0 X96.162 Y135.838
G0 X96 Y91
G1 F1500 E1223.31401
G1 F3000 X96 Y135 E1224.77745
G1 F2941.2 X96.007 Y135.174 E1224.78336
G0 F15000 X96.303 Y135.697
G1 F3045.7 X96.007 Y135.174 E1224.80305
G1 X95.986 Y136.014 E1224.83057
G1 F3108.8 X97 Y136 E1224.86312
G1 X96.303 Y135.697 E1224.88752
G0 F15000 X96.09 Y135.697
G0 X123.838 Y135.838
G0 X123.91 Y135.424
G0 X123.424 Y135.424
G1 F3000 X123.089 Y135.6 E1224.9001
G1 X97 Y135.6 E1225.76783
G1 X96.575 Y135.425 E1225.78311
G1 X96.4 Y135.089 E1225.79571
G1 X96.4 Y90.6 E1227.27542
G1 X95.6 Y90.6 E1227.30203
G1 X95.601 Y136.399 E1228.82531
G1 X124.4 Y136.4 E1229.78317
G1 X124.4 Y90.6 E1231.30649
G1 X123.6 Y90.6 E1231.33309
G1 X123.6 Y135.089 E1232.8128
G1 X123.424 Y135.424 E1232.82539
G0 F15000 X123.198 Y135.035
;TYPE:WALL-OUTER
G1 F3000 X123.142 Y135.142 E1232.82941
G1 X123.035 Y135.198 E1232.83342
G1 X97 Y135.2 E1233.69935
G1 X96.858 Y135.142 E1233.70445
G1 X96.802 Y135.035 E1233.70847
G1 X96.8 Y90.2 E1235.19969
G1 X95.2 Y90.2 E1235.2529
G1 X95.201 Y136.799 E1236.80279
G1 X124.8 Y136.8 E1237.78726
G1 X124.8 Y90.2 E1239.33718
G1 X123.2 Y90.2 E1239.3904
G1 X123.198 Y135.035 E1240.88162
G1 F1500 E1234.38162
G0 F15000 X123.51 Y135.035
G0 X123.424 Y90.424
G0 X123.424 Y89.335
G0 X122.687 Y88.665
G0 X122.687 Y87.576
G0 X122.139 Y87.025
;TYPE:WALL-INNER
G1 F1500 E1240.88162
G1 F3399.4 X122.144 Y85.141 E1240.93692
G1 F3418.8 X122.136 Y82.973 E1241.00019
G0 F15000 X122.074 Y87.017
G0 X121.765 Y87.016
G1 F3000 X121.431 Y87.401 E1241.01714
G1 X122.511 Y87.399 E1241.05306
G1 X122.523 Y85.139 E1241.12823
G1 X122.508 Y82.984 E1241.19991
G1 X122.518 Y82.601 E1241.21265
G1 X121.37 Y82.601 E1241.25084
G1 X121.764 Y82.983 E1241.26909
G1 X121.765 Y87.016 E1241.40323
G0 F15000 X122.074 Y87.017
G0 X121.602 Y87.438
G0 X98.398 Y87.438
G0 X97.861 Y87.024
G1 F3361.3 X97.854 Y85.148 E1241.45892
G1 F3370.8 X97.862 Y82.974 E1241.52327
G0 F15000 X97.926 Y87.015
G0 X98.236 Y87.015
G1 F3000 X98.236 Y82.983 E1241.65738
G1 X98.569 Y82.599 E1241.67428
G1 X97.482 Y82.6 E1241.71043
G1 X97.488 Y82.997 E1241.72364
G1 X97.472 Y85.148 E1241.79518
G1 X97.489 Y87.399 E1241.87006
G1 X98.63 Y87.399 E1241.90801
G1 X98.236 Y87.015 E1241.9263
G1 F1500 E1235.4263
G0 F15000 X97.926 Y87.015
G0 X98.398 Y87.438
G0 X121.208 Y87.51
G0 X121.208 Y87.249
;TYPE:WALL-OUTER
G1 F1500 E1241.9263
G1 F2390.4 X98.836 Y87.25 E1242.86014
G1 F2666.7 X98.636 Y87.005 E1242.87198
G1 F3000 X98.636 Y82.994 E1243.00538
G1 F2654.9 X98.792 Y82.751 E1243.01624
G1 F2390.4 X121.164 Y82.75 E1243.95008
G1 F2666.7 X121.364 Y82.994 E1243.96188
G1 F3000 X121.365 Y87.006 E1244.09532
G1 F2654.9 X121.208 Y87.249 E1244.1062
G0 F15000 X121.251 Y87.748
G1 F2654.9 X122.139 Y87.799 E1244.13963
G1 F3000 X122.909 Y87.799 E1244.16524
G1 X122.923 Y85.136 E1244.25381
G1 X122.908 Y82.997 E1244.32495
G1 X122.919 Y82.62 E1244.3375
G1 X122.908 Y82.201 E1244.35144
G1 X122.136 Y82.201 E1244.37712
G1 F2666.7 X121.164 Y82.25 E1244.41353
G1 F2390.4 X98.749 Y82.252 E1245.34917
G1 F2654.9 X97.857 Y82.2 E1245.38275
G1 F3000 X97.089 Y82.2 E1245.40829
G1 X97.081 Y82.656 E1245.42346
G1 X97.088 Y82.994 E1245.43471
G1 X97.072 Y85.148 E1245.50635
G1 X97.091 Y87.799 E1245.59452
G1 X97.861 Y87.799 E1245.62014
G1 F2666.7 X98.836 Y87.75 E1245.65666
G1 F2390.4 X121.251 Y87.748 E1246.5923
G1 F1500 E1240.0923
;MESH:NONMESH
G0 F300 X121.251 Y87.748 Z5
G0 F15000 X121.251 Y87.49
G0 X106.212 Y87.57
G0 X106.212 Y88.665
G0 X105.972 Y124.4
G0 X106.212 Y125.254
;TIME_ELAPSED:1313.520646
;LAYER:24
;TYPE:SUPPORT
G1 F1500 E1246.5923
G1 F3000 X107.999 Y124.752 E1246.65404
G1 X109.788 Y125.254 E1246.71584
G1 X111.085 Y126.623 E1246.77856
G1 X111.584 Y128.334 E1246.83784
G1 X111.081 Y130.123 E1246.89965
G1 X109.787 Y131.421 E1246.96061
G1 X107.998 Y131.923 E1247.02241
G1 X106.286 Y131.422 E1247.08174
G1 X104.914 Y130.05 E1247.14627
G1 X104.409 Y128.335 E1247.20573
G1 X104.911 Y126.623 E1247.26507
G1 X106.212 Y125.254 E1247.32789
G1 F1500 E1240.82789
;MESH:9VBatteryHolder_v3.stl
G0 F15000 X105.583 Y124.659
G0 X104.144 Y126.179
G0 X103.512 Y128.338
G0 X104.148 Y130.507
G0 X106.212 Y134.335
G0 X106.212 Y135.43
G0 X97 Y136
;TYPE:WALL-INNER
G1 F1500 E1247.32789
G1 F3000 X123 Y136 E1248.19265
G1 F2941.2 X123.174 Y135.993 E1248.19856
G0 F15000 X123.697 Y135.697
G1 F3045.7 X123.174 Y135.993 E1248.21825
G1 X124.014 Y136.014 E1248.24578
G1 F3053.4 X123.993 Y135.174 E1248.27323
G1 X123.697 Y135.697 E1248.29287
G0 F15000 X123.993 Y135.174
G1 F2948.4 X124 Y135 E1248.29876
G1 F3000 X124 Y91 E1249.76221
G1 F1500 E1243.26221
G0 F15000 X123.838 Y135.838
G0 X96.162 Y135.838
G0 X96 Y91
G1 F1500 E1249.76221
G1 F3000 X96 Y135 E1251.22566
G1 F2941.2 X96.007 Y135.174 E1251.23156
G0 F15000 X96.303 Y135.697
G1 F3045.7 X96.007 Y135.174 E1251.25125
G1 X95.986 Y136.014 E1251.27878
G1 F3108.8 X97 Y136 E1251.31133
G1 X96.303 Y135.697 E1251.33572
G0 F15000 X96.09 Y135.697
G0 X123.838 Y135.838
G0 X123.91 Y135.424
G0 X123.424 Y135.424
G1 F3000 X123.089 Y135.6 E1251.34831
G1 X97 Y135.6 E1252.21603
G1 X96.575 Y135.425 E1252.23132
G1 X96.4 Y135.089 E1252.24392
G1 X96.4 Y90.6 E1253.72363
G1 X95.6 Y90.6 E1253.75024
G1 X95.601 Y136.399 E1255.27352
G1 X124.4 Y136.4 E1256.23138
G1 X124.4 Y90.6 E1257.75469
G1 X123.6 Y90.6 E1257.7813
G1 X123.6 Y135.089 E1259.26101
G1 X123.424 Y135.424 E1259.2736
G0 F15000 X123.198 Y135.035
;TYPE:WALL-OUTER
G1 F3000 X123.142 Y135.142 E1259.27761
G1 X123.035 Y135.198 E1259.28163
G1 X97 Y135.2 E1260.14756
G1 X96.858 Y135.142 E1260.15266
G1 X96.802 Y135.035 E1260.15668
G1 X96.8 Y90.2 E1261.64789
G1 X95.2 Y90.2 E1261.70111
G1 X95.201 Y136.799 E1263.251
G1 X124.8 Y136.8 E1264.23547
G1 X124.8 Y90.2 E1265.78539
G1 X123.2 Y90.2 E1265.8386
G1 X123.198 Y135.035 E1267.32982
G1 F1500 E1260.82982
G0 F15000 X123.51 Y135.035
G0 X123.424 Y90.424
G0 X123.424 Y89.335
G0 X122.833 Y88.665
G0 X122.833 Y87.576
G0 X122.355 Y86.284
G0 X122.589 Y86.283
;TYPE:WALL-INNER
G1 F1500 E1267.32982
G1 F2205.9 X122.571 Y82.984 E1267.47905
G1 F2230.5 X122.58 Y82.67 E1267.4931
G1 F2226.3 X121.726 Y82.67 E1267.53138
G1 X122.033 Y82.957 E1267.55021
G1 F2209.9 X122.037 Y87.037 E1267.73443
G1 F2193.8 X121.778 Y87.327 E1267.75211
G1 X122.583 Y87.326 E1267.78873
G1 F2189.8 X122.589 Y86.283 E1267.83625
G0 F15000 X122.355 Y86.284
G0 X121.802 Y87.438
G0 X98.198 Y87.438
G0 X97.644 Y86.295
G0 X97.408 Y86.293
G1 F2177.9 X97.415 Y87.325 E1267.88354
G1 F2181.8 X98.266 Y87.325 E1267.92245
G1 X97.961 Y87.036 E1267.94167
G1 F2197.8 X97.966 Y82.957 E1268.12686
G1 F2214 X98.224 Y82.67 E1268.14425
G1 X97.42 Y82.671 E1268.18048
G1 F2218.1 X97.426 Y82.998 E1268.1952
G1 F2197.8 X97.408 Y86.293 E1268.34479
G1 F1500 E1261.84479
G0 F15000 X97.644 Y86.295
G0 X98.198 Y87.438
G0 X121.408 Y87.51
G0 X121.408 Y87.249
;TYPE:WALL-OUTER
G1 F1500 E1268.34479
G1 F2390.4 X98.636 Y87.25 E1269.29533
G1 F2666.7 X98.436 Y87.011 E1269.30699
G1 F3000 X98.436 Y82.987 E1269.44083
G1 F2654.9 X98.592 Y82.751 E1269.45146
G1 F2390.4 X121.364 Y82.75 E1270.402
G1 F2666.7 X121.564 Y82.987 E1270.4136
G1 F3000 X121.564 Y87.011 E1270.54744
G1 F2654.9 X121.408 Y87.249 E1270.55814
G0 F15000 X121.451 Y87.748
G1 F2654.9 X122.311 Y87.799 E1270.59051
G1 F3000 X123.053 Y87.799 E1270.61519
G1 X123.063 Y86.28 E1270.66572
G1 X123.04 Y82.998 E1270.77488
G1 X123.063 Y82.2 E1270.80143
G1 X122.302 Y82.201 E1270.82674
G1 F2666.7 X121.364 Y82.25 E1270.86189
G1 F2390.4 X98.549 Y82.252 E1271.81422
G1 F2654.9 X97.696 Y82.2 E1271.84634
G1 F3000 X96.949 Y82.2 E1271.87118
G1 X96.944 Y82.464 E1271.87997
G1 X96.956 Y82.995 E1271.89763
G1 X96.932 Y86.296 E1272.00743
G1 X96.943 Y87.8 E1272.05745
G1 X97.687 Y87.8 E1272.0822
G1 F2666.7 X98.636 Y87.75 E1272.11776
G1 F2390.4 X121.451 Y87.748 E1273.07009
G1 F1500 E1266.57009
;MESH:NONMESH
G0 F300 X121.451 Y87.748 Z5.2
G0 F15000 X121.451 Y87.49
G0 X106.22 Y87.57
G0 X106.22 Y88.665
G0 X105.981 Y124.422
G0 X106.22 Y125.274
;TIME_ELAPSED:1341.307652
;LAYER:25
;TYPE:SUPPORT
G1 F1500 E1273.07009
G1 F3000 X107.999 Y124.776 E1273.13153
G1 X109.78 Y125.274 E1273.19304
G1 X111.061 Y126.631 E1273.25511
G1 X111.559 Y128.334 E1273.31412
G1 X111.061 Y130.111 E1273.3755
G1 X109.775 Y131.401 E1273.43609
G1 X107.998 Y131.899 E1273.49747
G1 X106.298 Y131.402 E1273.55637
G1 X104.934 Y130.038 E1273.62053
G1 X104.433 Y128.336 E1273.67954
G1 X104.935 Y126.631 E1273.73866
G1 X106.22 Y125.274 E1273.80082
G1 F1500 E1267.30082
;MESH:9VBatteryHolder_v3.stl
G0 F15000 X105.592 Y124.681
G0 X104.167 Y126.19
G0 X103.537 Y128.338
G0 X104.169 Y130.495
G0 X106.22 Y134.335
G0 X106.22 Y135.43
G0 X97 Y136
;TYPE:WALL-INNER
G1 F1500 E1273.80082
G1 F3000 X123 Y136 E1274.66558
G1 F2941.2 X123.174 Y135.993 E1274.67149
G0 F15000 X123.697 Y135.697
G1 F3045.7 X123.174 Y135.993 E1274.69118
G1 X124.014 Y136.014 E1274.7187
G1 F3053.4 X123.993 Y135.174 E1274.74616
G1 X123.697 Y135.697 E1274.7658
G0 F15000 X123.993 Y135.174
G1 F2948.4 X124 Y135 E1274.77169
G1 F3000 X124 Y91 E1276.23514
G1 F1500 E1269.73514
G0 F15000 X123.838 Y135.838
G0 X96.162 Y135.838
G0 X96 Y91
G1 F1500 E1276.23514
G1 F3000 X96 Y135 E1277.69859
G1 F2941.2 X96.007 Y135.174 E1277.70449
G0 F15000 X96.303 Y135.697
G1 F3045.7 X96.007 Y135.174 E1277.72418
G1 X95.986 Y136.014 E1277.75171
G1 F3108.8 X97 Y136 E1277.78426
G1 X96.303 Y135.697 E1277.80865
G0 F15000 X96.09 Y135.697
G0 X123.838 Y135.838
G0 X123.91 Y135.424
G0 X123.424 Y135.424
G1 F3000 X123.089 Y135.6 E1277.82124
G1 X97 Y135.6 E1278.68896
G1 X96.575 Y135.425 E1278.70425
G1 X96.4 Y135.089 E1278.71685
G1 X96.4 Y90.6 E1280.19656
G1 X95.6 Y90.6 E1280.22317
G1 X95.601 Y136.399 E1281.74645
G1 X124.4 Y136.4 E1282.70431
G1 X124.4 Y90.6 E1284.22762
G1 X123.6 Y90.6 E1284.25423
G1 X123.6 Y135.089 E1285.73394
G1 X123.424 Y135.424 E1285.74653
G0 F15000 X123.198 Y135.035
;TYPE:WALL-OUTER
G1 F3000 X123.142 Y135.142 E1285.75054
G1 X123.035 Y135.198 E1285.75456
G1 X97 Y135.2 E1286.62049
G1 X96.858 Y135.142 E1286.62559
G1 X96.802 Y135.035 E1286.62961
G1 X96.8 Y90.2 E1288.12082
G1 X95.2 Y90.2 E1288.17404
G1 X95.201 Y136.799 E1289.72393
G1 X124.8 Y136.8 E1290.7084
G1 X124.8 Y90.2 E1292.25832
G1 X123.2 Y90.2 E1292.31153
G1 X123.198 Y135.035 E1293.80275
G1 F1500 E1287.30275
G0 F15000 X123.51 Y135.035
G0 X123.424 Y90.424
G0 X123.424 Y89.335
G0 X122.979 Y88.665
G0 X122.979 Y87.576
G0 X122.471 Y87.056
G0 X122.219 Y87.056
;TYPE:WALL-INNER
G1 F1500 E1293.80275
G1 F2294.5 X121.958 Y87.34 E1293.81953
G1 X122.741 Y87.338 E1293.85358
G1 F2325.6 X122.719 Y82.915 E1294.04335
G1 F2362.2 X122.726 Y82.655 E1294.05434
G1 X121.902 Y82.655 E1294.08914
G1 X122.212 Y82.934 E1294.10676
G1 F2325.6 X122.219 Y87.056 E1294.28362
G0 F15000 X122.471 Y87.056
G0 X121.999 Y87.438
G0 X98 Y87.438
G0 X97.528 Y87.056
G0 X97.777 Y87.056
G1 F2330.1 X97.785 Y82.933 E1294.46017
G1 F2362.2 X98.047 Y82.653 E1294.47637
G1 X97.273 Y82.654 E1294.50907
G1 X97.28 Y82.913 E1294.52001
G1 F2330.1 X97.254 Y87.339 E1294.70955
G1 F2298.9 X98.085 Y87.339 E1294.74561
G1 X97.777 Y87.056 E1294.76377
G1 F1500 E1288.26377
G0 F15000 X97.528 Y87.056
G0 X98 Y87.438
G0 X121.604 Y87.51
G0 X121.604 Y87.249
;TYPE:WALL-OUTER
G1 F1500 E1294.76377
G1 F2390.4 X98.436 Y87.25 E1295.73084
G1 F2666.7 X98.236 Y87.017 E1295.74233
G1 F3000 X98.237 Y82.979 E1295.87663
G1 F2654.9 X98.392 Y82.751 E1295.88699
G1 F2390.4 X121.56 Y82.75 E1296.85406
G1 F2666.7 X121.76 Y82.979 E1296.86543
G1 F3000 X121.76 Y87.017 E1296.99974
G1 F2654.9 X121.604 Y87.249 E1297.01025
G0 F15000 X121.647 Y87.748
G1 F2654.9 X122.479 Y87.8 E1297.04158
G1 F3000 X123.201 Y87.799 E1297.06559
G1 X123.172 Y82.998 E1297.22528
G1 X123.189 Y82.2 E1297.25182
G1 X122.465 Y82.201 E1297.2759
G1 F2666.7 X121.56 Y82.25 E1297.30982
G1 F2390.4 X98.349 Y82.252 E1298.27868
G1 F2654.9 X97.533 Y82.2 E1298.30941
G1 F3000 X96.809 Y82.2 E1298.33349
G1 X96.828 Y82.994 E1298.35991
G1 X96.792 Y87.435 E1298.50762
G1 X96.798 Y87.8 E1298.51976
G1 X97.517 Y87.8 E1298.54367
G1 F2666.7 X98.436 Y87.75 E1298.57811
G1 F2390.4 X121.647 Y87.748 E1299.54697
G1 F1500 E1293.04697
;MESH:NONMESH
G0 F300 X121.647 Y87.748 Z5.4
G0 F15000 X121.647 Y87.49
G0 X106.236 Y87.57
G0 X106.236 Y88.665
G0 X105.996 Y124.441
G0 X106.236 Y125.298
;TIME_ELAPSED:1368.938076
;LAYER:26
;TYPE:SUPPORT
G1 F1500 E1299.54697
G1 F3000 X107.999 Y124.8 E1299.6079
G1 X109.764 Y125.298 E1299.6689
G1 X111.045 Y126.647 E1299.73078
G1 X111.536 Y128.334 E1299.78921
G1 X111.041 Y130.099 E1299.85018
G1 X109.763 Y131.377 E1299.9103
G1 X107.997 Y131.872 E1299.9713
G1 X106.31 Y131.382 E1300.02973
G1 X104.954 Y130.026 E1300.09351
G1 X104.457 Y128.335 E1300.15213
G1 X104.951 Y126.647 E1300.21063
G1 X106.236 Y125.298 E1300.27259
G1 F1500 E1293.77259
;MESH:9VBatteryHolder_v3.stl
G0 F15000 X105.606 Y124.702
G0 X104.186 Y126.203
G0 X103.561 Y128.338
G0 X104.19 Y130.484
G0 X106.236 Y134.335
G0 X106.236 Y135.43
G0 X97 Y136
;TYPE:WALL-INNER
G1 F1500 E1300.27259
G1 F3000 X123 Y136 E1301.13736
G1 F2941.2 X123.174 Y135.993 E1301.14326
G0 F15000 X123.697 Y135.697
G1 F3045.7 X123.174 Y135.993 E1301.16295
G1 X124.014 Y136.014 E1301.19048
G1 F3053.4 X123.993 Y135.174 E1301.21794
G1 X123.697 Y135.697 E1301.23758
G0 F15000 X123.993 Y135.174
G1 F2948.4 X124 Y135 E1301.24347
G1 F3000 X124 Y91 E1302.70692
G1 F1500 E1296.20692
G0 F15000 X123.838 Y135.838
G0 X96.162 Y135.838
G0 X96 Y91
G1 F1500 E1302.70692
G1 F3000 X96 Y135 E1304.17036
G1 F2941.2 X96.007 Y135.174 E1304.17627
G0 F15000 X96.303 Y135.697
G1 F3045.7 X96.007 Y135.174 E1304.19596
G1 X95.986 Y136.014 E1304.22349
G1 F3108.8 X97 Y136 E1304.25603
G1 X96.303 Y135.697 E1304.28043
G0 F15000 X96.09 Y135.697
G0 X123.838 Y135.838
G0 X123.91 Y135.424
G0 X123.424 Y135.424
G1 F3000 X123.089 Y135.6 E1304.29301
G1 X97 Y135.6 E1305.16074
G1 X96.575 Y135.425 E1305.17602
G1 X96.4 Y135.089 E1305.18862
G1 X96.4 Y90.6 E1306.66833
G1 X95.6 Y90.6 E1306.69494
G1 X95.601 Y136.399 E1308.21822
G1 X124.4 Y136.4 E1309.17608
G1 X124.4 Y90.6 E1310.6994
G1 X123.6 Y90.6 E1310.726
G1 X123.6 Y135.089 E1312.20572
G1 X123.424 Y135.424 E1312.2183
G0 F15000 X123.198 Y135.035
;TYPE:WALL-OUTER
G1 F3000 X123.142 Y135.142 E1312.22232
G1 X123.035 Y135.198 E1312.22633
G1 X97 Y135.2 E1313.09226
G1 X96.858 Y135.142 E1313.09736
G1 X96.802 Y135.035 E1313.10138
G1 X96.8 Y90.2 E1314.5926
G1 X95.2 Y90.2 E1314.64582
G1 X95.201 Y136.799 E1316.1957
G1 X124.8 Y136.8 E1317.18017
G1 X124.8 Y90.2 E1318.73009
G1 X123.2 Y90.2 E1318.78331
G1 X123.198 Y135.035 E1320.27453
G1 F1500 E1313.77453
G0 F15000 X123.51 Y135.035
G0 X123.424 Y90.424
G0 X123.424 Y89.335
G0 X123.102 Y88.665
G0 X123.102 Y87.576
G0 X122.611 Y87.062
G0 X122.355 Y87.062
;TYPE:WALL-INNER
G1 F1500 E1320.27453
G1 F2330.1 X122.093 Y87.344 E1320.29101
G1 X122.867 Y87.343 E1320.32416
G1 F2357.6 X122.85 Y82.91 E1320.51178
G1 F2385.7 X122.856 Y82.652 E1320.52257
G1 X122.037 Y82.652 E1320.55683
G1 X122.348 Y82.93 E1320.57427
G1 F2357.6 X122.355 Y87.062 E1320.74915
G0 F15000 X122.611 Y87.062
G0 X122.139 Y87.438
G0 X97.86 Y87.438
G0 X97.388 Y87.062
G0 X97.641 Y87.062
G1 F2357.6 X97.648 Y82.93 E1320.92403
G1 F2385.7 X97.911 Y82.651 E1320.94007
G1 X97.14 Y82.652 E1320.97232
G1 X97.146 Y82.91 E1320.98311
G1 F2357.6 X97.129 Y87.343 E1321.17073
G1 F2330.1 X97.951 Y87.343 E1321.20593
G1 X97.641 Y87.062 E1321.22385
G1 F1500 E1314.72385
G0 F15000 X97.388 Y87.062
G0 X97.86 Y87.438
G0 X121.744 Y87.51
G0 X121.744 Y87.249
;TYPE:WALL-OUTER
G1 F1500 E1321.22385
G1 F2390.4 X98.296 Y87.25 E1322.2026
G1 F2666.7 X98.096 Y87.019 E1322.21404
G1 F3000 X98.097 Y82.978 E1322.34844
G1 F2654.9 X98.252 Y82.751 E1322.35877
G1 F2390.4 X121.7 Y82.75 E1323.33753
G1 F2666.7 X121.899 Y82.978 E1323.34885
G1 F3000 X121.9 Y87.019 E1323.48325
G1 F2654.9 X121.744 Y87.249 E1323.4937
G0 F15000 X121.787 Y87.748
G1 F2654.9 X122.611 Y87.8 E1323.52473
G1 F3000 X123.321 Y87.8 E1323.54834
G1 X123.327 Y86.86 E1323.57961
G1 X123.3 Y82.999 E1323.70803
G1 X123.318 Y82.201 E1323.73458
G1 X122.598 Y82.201 E1323.75853
G1 F2666.7 X121.7 Y82.25 E1323.79218
G1 F2390.4 X98.209 Y82.252 E1324.77273
G1 F2654.9 X97.398 Y82.201 E1324.80327
G1 F3000 X96.678 Y82.201 E1324.82721
G1 X96.696 Y82.998 E1324.85373
G1 X96.668 Y87.004 E1324.98697
G1 X96.675 Y87.8 E1325.01345
G1 X97.385 Y87.8 E1325.03706
G1 F2666.7 X98.296 Y87.75 E1325.0712
G1 F2390.4 X121.787 Y87.748 E1326.05175
G1 F1500 E1319.55175
;MESH:NONMESH
G0 F300 X121.787 Y87.748 Z5.6
G0 F15000 X121.787 Y87.49
G0 X106.248 Y87.57
G0 X106.248 Y88.665
G0 X106.008 Y124.463
G0 X106.248 Y125.318
;TIME_ELAPSED:1396.572679
;LAYER:27
;TYPE:SUPPORT
G1 F1500 E1326.05175
G1 F3000 X107.999 Y124.824 E1326.11226
G1 X109.748 Y125.318 E1326.17271
G1 X111.025 Y126.659 E1326.2343
G1 X111.512 Y128.334 E1326.29232
G1 X111.021 Y130.087 E1326.35287
G1 X109.751 Y131.357 E1326.4126
G1 X107.998 Y131.848 E1326.47315
G1 X106.322 Y131.358 E1326.53123
G1 X104.974 Y130.014 E1326.59454
G1 X104.481 Y128.337 E1326.65268
G1 X104.975 Y126.659 E1326.71086
G1 X106.248 Y125.318 E1326.77236
G1 F1500 E1320.27236
;MESH:9VBatteryHolder_v3.stl
G0 F15000 X105.619 Y124.723
G0 X104.206 Y126.215
G0 X103.586 Y128.338
G0 X104.211 Y130.472
G0 X106.248 Y134.335
G0 X106.248 Y135.43
G0 X97 Y136
;TYPE:WALL-INNER
G1 F1500 E1326.77236
G1 F3000 X123 Y136 E1327.63712
G1 F2941.2 X123.174 Y135.993 E1327.64303
G0 F15000 X123.697 Y135.697
G1 F3045.7 X123.174 Y135.993 E1327.66271
G1 X124.014 Y136.014 E1327.69024
G1 F3053.4 X123.993 Y135.174 E1327.7177
G1 X123.697 Y135.697 E1327.73734
G0 F15000 X123.993 Y135.174
G1 F2948.4 X124 Y135 E1327.74323
G1 F3000 X124 Y91 E1329.20668
G1 F1500 E1322.70668
G0 F15000 X123.838 Y135.838
G0 X96.162 Y135.838
G0 X96 Y91
G1 F1500 E1329.20668
G1 F3000 X96 Y135 E1330.67012
G1 F2941.2 X96.007 Y135.174 E1330.67603
G0 F15000 X96.303 Y135.697
G1 F3045.7 X96.007 Y135.174 E1330.69572
G1 X95.986 Y136.014 E1330.72325
G1 F3108.8 X97 Y136 E1330.7558
G1 X96.303 Y135.697 E1330.78019
G0 F15000 X96.09 Y135.697
G0 X123.838 Y135.838
G0 X123.91 Y135.424
G0 X123.424 Y135.424
G1 F3000 X123.089 Y135.6 E1330.79278
G1 X97 Y135.6 E1331.6605
G1 X96.575 Y135.425 E1331.67579
G1 X96.4 Y135.089 E1331.68839
G1 X96.4 Y90.6 E1333.1681
G1 X95.6 Y90.6 E1333.19471
G1 X95.601 Y136.399 E1334.71799
G1 X124.4 Y136.4 E1335.67584
G1 X124.4 Y90.6 E1337.19916
G1 X123.6 Y90.6 E1337.22577
G1 X123.6 Y135.089 E1338.70548
G1 X123.424 Y135.424 E1338.71806
G0 F15000 X123.198 Y135.035
;TYPE:WALL-OUTER
G1 F3000 X123.142 Y135.142 E1338.72208
G1 X123.035 Y135.198 E1338.7261
G1 X97 Y135.2 E1339.59202
G1 X96.858 Y135.142 E1339.59713
G1 X96.802 Y135.035 E1339.60114
G1 X96.8 Y90.2 E1341.09236
G1 X95.2 Y90.2 E1341.14558
G1 X95.201 Y136.799 E1342.69547
G1 X124.8 Y136.8 E1343.67993
G1 X124.8 Y90.2 E1345.22986
G1 X123.2 Y90.2 E1345.28307
G1 X123.198 Y135.035 E1346.77429
G1 F1500 E1340.27429
G0 F15000 X123.51 Y135.035
G0 X123.424 Y90.424
G0 X123.424 Y89.335
G0 X123.201 Y88.665
G0 X123.201 Y87.576
G0 X122.736 Y84.619
G0 X122.993 Y84.619
;TYPE:WALL-INNER
G1 F1500 E1346.77429
G1 F2404.8 X122.984 Y82.985 E1346.84209
G1 F2409.6 X122.992 Y82.649 E1346.85601
G1 F2404.8 X122.175 Y82.65 E1346.88991
G1 X122.487 Y82.927 E1346.90722
G1 F2409.6 X122.484 Y87.076 E1347.07902
G1 F2419.4 X122.221 Y87.353 E1347.09478
G1 X122.976 Y87.352 E1347.12591
G1 F2404.8 X122.993 Y84.619 E1347.23931
G0 F15000 X122.736 Y84.619
G0 X122.279 Y82.562
G0 X97.72 Y82.562
G0 X97.265 Y84.631
G0 X97.003 Y84.629
G1 F2404.8 X97.02 Y87.352 E1347.3523
G1 F2419.4 X97.823 Y87.352 E1347.38542
G1 X97.512 Y87.076 E1347.40257
G1 F2409.6 X97.51 Y82.927 E1347.57437
G1 F2400 X97.772 Y82.649 E1347.59025
G1 X97.007 Y82.65 E1347.62206
G1 F2395.2 X97.003 Y84.629 E1347.7045
G1 F1500 E1341.2045
G0 F15000 X97.265 Y84.631
G0 X97.72 Y87.438
G0 X121.884 Y87.51
G0 X121.884 Y87.249
;TYPE:WALL-OUTER
G1 F1500 E1347.7045
G1 F2390.4 X98.156 Y87.25 E1348.69494
G1 F2666.7 X97.957 Y87.024 E1348.70621
G1 F3000 X97.957 Y82.977 E1348.84081
G1 F2654.9 X98.112 Y82.751 E1348.85111
G1 F2390.4 X121.84 Y82.75 E1349.84155
G1 F2666.7 X122.04 Y82.977 E1349.85287
G1 F3000 X122.039 Y87.024 E1349.98748
G1 F2654.9 X121.884 Y87.249 E1349.99775
G0 F15000 X121.927 Y87.748
G1 F2654.9 X122.73 Y87.8 E1350.02799
G1 F3000 X123.421 Y87.8 E1350.05097
G1 X123.444 Y84.616 E1350.15688
G1 X123.432 Y82.998 E1350.21069
G1 X123.455 Y82.2 E1350.23724
G1 X122.735 Y82.201 E1350.26119
G1 F2666.7 X121.84 Y82.25 E1350.29473
G1 F2390.4 X98.069 Y82.252 E1351.28697
G1 F2654.9 X97.262 Y82.2 E1351.31736
G1 F3000 X96.559 Y82.2 E1351.34074
G1 X96.552 Y82.473 E1351.34983
G1 X96.564 Y82.995 E1351.36719
G1 X96.552 Y84.632 E1351.42164
G1 X96.575 Y87.8 E1351.52701
G1 X97.266 Y87.8 E1351.54999
G1 F2666.7 X98.156 Y87.75 E1351.58335
G1 F2390.4 X121.927 Y87.748 E1352.57558
G1 F1500 E1346.07558
;MESH:NONMESH
G0 F300 X121.927 Y87.748 Z5.8
G0 F15000 X121.927 Y87.49
G0 X106.26 Y87.57
G0 X106.26 Y88.665
G0 X106.02 Y124.484
G0 X106.26 Y125.338
;TIME_ELAPSED:1424.558165
;LAYER:28
;TYPE:SUPPORT
G1 F1500 E1352.57558
G1 F3000 X107.999 Y124.848 E1352.63568
G1 X109.736 Y125.338 E1352.6957
G1 X111.001 Y126.671 E1352.75683
G1 X111.487 Y128.334 E1352.81445
G1 X110.997 Y130.075 E1352.87461
G1 X109.739 Y131.337 E1352.93387
G1 X107.998 Y131.824 E1352.994
G1 X106.334 Y131.338 E1353.05166
G1 X104.998 Y130.002 E1353.1145
G1 X104.505 Y128.335 E1353.17232
G1 X104.995 Y126.671 E1353.23001
G1 X106.26 Y125.338 E1353.29113
G1 F1500 E1346.79113
;MESH:9VBatteryHolder_v3.stl
G0 F15000 X105.632 Y124.744
G0 X104.228 Y126.227
G0 X103.61 Y128.338
G0 X104.232 Y130.46
G0 X106.26 Y134.335
G0 X106.26 Y135.43
G0 X97 Y136
;TYPE:WALL-INNER
G1 F1500 E1353.29113
G1 F3000 X123 Y136 E1354.1559
G1 F2941.2 X123.174 Y135.993 E1354.16181
G0 F15000 X123.697 Y135.697
G1 F3045.7 X123.174 Y135.993 E1354.18149
G1 X124.014 Y136.014 E1354.20902
G1 F3053.4 X123.993 Y135.174 E1354.23648
G1 X123.697 Y135.697 E1354.25612
G0 F15000 X123.993 Y135.174
G1 F2948.4 X124 Y135 E1354.26201
G1 F3000 X124 Y91 E1355.72546
G1 F1500 E1349.22546
G0 F15000 X123.838 Y135.838
G0 X96.162 Y135.838
G0 X96 Y91
G1 F1500 E1355.72546
G1 F3000 X96 Y135 E1357.1889
G1 F2941.2 X96.007 Y135.174 E1357.19481
G0 F15000 X96.303 Y135.697
G1 F3045.7 X96.007 Y135.174 E1357.2145
G1 X95.986 Y136.014 E1357.24203
G1 F3108.8 X97 Y136 E1357.27458
G1 X96.303 Y135.697 E1357.29897
G0 F15000 X96.09 Y135.697
G0 X123.838 Y135.838
G0 X123.91 Y135.424
G0 X123.424 Y135.424
G1 F3000 X123.089 Y135.6 E1357.31156
G1 X97 Y135.6 E1358.17928
G1 X96.575 Y135.425 E1358.19457
G1 X96.4 Y135.089 E1358.20717
G1 X96.4 Y90.6 E1359.68688
G1 X95.6 Y90.6 E1359.71348
G1 X95.601 Y136.399 E1361.23677
G1 X124.4 Y136.4 E1362.19462
G1 X124.4 Y90.6 E1363.71794
G1 X123.6 Y90.6 E1363.74455
G1 X123.6 Y135.089 E1365.22426
G1 X123.424 Y135.424 E1365.23684
G0 F15000 X123.198 Y135.035
;TYPE:WALL-OUTER
G1 F3000 X123.142 Y135.142 E1365.24086
G1 X123.035 Y135.198 E1365.24488
G1 X97 Y135.2 E1366.1108
G1 X96.858 Y135.142 E1366.11591
G1 X96.802 Y135.035 E1366.11992
G1 X96.8 Y90.2 E1367.61114
G1 X95.2 Y90.2 E1367.66436
G1 X95.201 Y136.799 E1369.21425
G1 X124.8 Y136.8 E1370.19871
G1 X124.8 Y90.2 E1371.74863
G1 X123.2 Y90.2 E1371.80185
G1 X123.198 Y135.035 E1373.29307
G1 F1500 E1366.79307
G0 F15000 X123.51 Y135.035
G0 X123.424 Y90.424
G0 X123.424 Y89.335
G0 X123.301 Y88.665
G0 X123.301 Y87.576
G0 X122.891 Y87.09
G0 X122.612 Y87.09
;TYPE:WALL-INNER
G1 F1500 E1373.29307
G1 F2515.7 X122.347 Y87.363 E1373.30816
G1 X123.085 Y87.362 E1373.33743
G1 F2489.6 X123.109 Y82.946 E1373.51442
G1 F2459 X123.1 Y82.644 E1373.52668
G1 F2454 X122.307 Y82.644 E1373.55892
G1 X122.619 Y82.919 E1373.57583
G1 F2484.5 X122.612 Y87.09 E1373.74335
G0 F15000 X122.891 Y87.09
G0 X122.419 Y87.438
G0 X97.58 Y87.438
G0 X97.108 Y87.09
G0 X97.384 Y87.09
G1 F2489.6 X97.378 Y82.918 E1373.91056
G1 F2464.1 X97.642 Y82.642 E1373.92602
G1 X96.898 Y82.643 E1373.95615
G1 F2469.1 X96.89 Y82.962 E1373.96904
G1 F2494.8 X96.911 Y87.362 E1374.14503
G1 F2515.7 X97.698 Y87.362 E1374.17624
G1 X97.384 Y87.09 E1374.19272
G1 F1500 E1367.69272
G0 F15000 X97.108 Y87.09
G0 X97.58 Y87.438
G0 X122.024 Y87.51
G0 X122.024 Y87.249
;TYPE:WALL-OUTER
G1 F1500 E1374.19272
G1 F2390.4 X98.016 Y87.25 E1375.19485
G1 F2666.7 X97.818 Y87.029 E1375.20595
G1 F3000 X97.817 Y82.974 E1375.34082
G1 F2654.9 X97.972 Y82.751 E1375.35103
G1 F2390.4 X121.98 Y82.75 E1376.35316
G1 F2666.7 X122.179 Y82.975 E1376.36439
G1 F3000 X122.178 Y87.029 E1376.49923
G1 F2654.9 X122.024 Y87.249 E1376.50932
G0 F15000 X122.067 Y87.748
G1 F2654.9 X122.848 Y87.8 E1376.53874
G1 F3000 X123.521 Y87.8 E1376.56113
G1 X123.552 Y82.935 E1376.72294
G1 X123.533 Y82.2 E1376.74739
G1 X122.862 Y82.2 E1376.76971
G1 F2666.7 X121.98 Y82.25 E1376.80277
G1 F2390.4 X97.929 Y82.252 E1377.80669
G1 F2654.9 X97.136 Y82.2 E1377.83656
G1 F3000 X96.464 Y82.2 E1377.85891
G1 X96.448 Y82.958 E1377.88413
G1 X96.475 Y87.8 E1378.04518
G1 X97.148 Y87.8 E1378.06756
G1 F2666.7 X98.016 Y87.75 E1378.10009
G1 F2390.4 X122.067 Y87.748 E1379.10402
G1 F1500 E1372.60402
;MESH:NONMESH
G0 F300 X122.067 Y87.748 Z6
G0 F15000 X122.067 Y87.49
G0 X106.272 Y87.57
G0 X106.272 Y88.665
G0 X106.033 Y124.505
G0 X106.272 Y125.358
;TIME_ELAPSED:1452.174956
;LAYER:29
;TYPE:SUPPORT
G1 F1500 E1379.10402
G1 F3000 X107.999 Y124.872 E1379.16369
G1 X109.724 Y125.358 E1379.22329
G1 X110.981 Y126.683 E1379.28404
G1 X111.463 Y128.334 E1379.34125
G1 X110.977 Y130.063 E1379.40098
G1 X109.727 Y131.317 E1379.45987
G1 X107.998 Y131.8 E1379.51958
G1 X106.346 Y131.318 E1379.57682
G1 X105.018 Y129.99 E1379.63928
G1 X104.529 Y128.335 E1379.69668
G1 X105.015 Y126.683 E1379.75395
G1 X106.272 Y125.358 E1379.8147
G1 F1500 E1373.3147
;MESH:9VBatteryHolder_v3.stl
G0 F15000 X105.644 Y124.763
G0 X104.247 Y126.238
G0 X103.634 Y128.338
G0 X104.252 Y130.449
G0 X106.272 Y134.335
G0 X106.272 Y135.43
G0 X97 Y136
;TYPE:WALL-INNER
G1 F1500 E1379.8147
G1 F3000 X123 Y136 E1380.67946
G1 F2941.2 X123.174 Y135.993 E1380.68537
G0 F15000 X123.697 Y135.697
G1 F3045.7 X123.174 Y135.993 E1380.70506
G1 X124.014 Y136.014 E1380.73259
G1 F3053.4 X123.993 Y135.174 E1380.76004
G1 X123.697 Y135.697 E1380.77968
G0 F15000 X123.993 Y135.174
G1 F2948.4 X124 Y135 E1380.78558
G1 F3000 X124 Y91 E1382.24902
G1 F1500 E1375.74902
G0 F15000 X123.838 Y135.838
G0 X96.162 Y135.838
G0 X96 Y91
G1 F1500 E1382.24902
G1 F3000 X96 Y135 E1383.71247
G1 F2941.2 X96.007 Y135.174 E1383.71838
G0 F15000 X96.303 Y135.697
G1 F3045.7 X96.007 Y135.174 E1383.73806
G1 X95.986 Y136.014 E1383.76559
G1 F3108.8 X97 Y136 E1383.79814
G1 X96.303 Y135.697 E1383.82253
G0 F15000 X96.09 Y135.697
G0 X123.838 Y135.838
G0 X123.91 Y135.424
G0 X123.424 Y135.424
G1 F3000 X123.089 Y135.6 E1383.83512
G1 X97 Y135.6 E1384.70284
G1 X96.575 Y135.425 E1384.71813
G1 X96.4 Y135.089 E1384.73073
G1 X96.4 Y90.6 E1386.21044
G1 X95.6 Y90.6 E1386.23705
G1 X95.601 Y136.399 E1387.76033
G1 X124.4 Y136.4 E1388.71819
G1 X124.4 Y90.6 E1390.2415
G1 X123.6 Y90.6 E1390.26811
G1 X123.6 Y135.089 E1391.74782
G1 X123.424 Y135.424 E1391.76041
G0 F15000 X123.198 Y135.035
;TYPE:WALL-OUTER
G1 F3000 X123.142 Y135.142 E1391.76442
G1 X123.035 Y135.198 E1391.76844
G1 X97 Y135.2 E1392.63437
G1 X96.858 Y135.142 E1392.63947
G1 X96.802 Y135.035 E1392.64349
G1 X96.8 Y90.2 E1394.13471
G1 X95.2 Y90.2 E1394.18792
G1 X95.201 Y136.799 E1395.73781
G1 X124.8 Y136.8 E1396.72228
G1 X124.8 Y90.2 E1398.2722
G1 X123.2 Y90.2 E1398.32542
G1 X123.198 Y135.035 E1399.81663
G1 F1500 E1393.31663
G0 F15000 X123.51 Y135.035
G0 X123.424 Y90.424
G0 X123.424 Y89.335
G0 X123.401 Y88.665
G0 X123.401 Y87.576
G0 X122.935 Y84.43
G0 X123.213 Y84.432
;TYPE:WALL-INNER
G1 F1500 E1399.81663
G1 F2597.4 X123.204 Y82.632 E1399.88578
G1 X122.429 Y82.632 E1399.91555
G1 X122.745 Y82.899 E1399.93145
G1 X122.751 Y84.433 E1399.99038
G1 F2608.7 X122.741 Y87.104 E1400.09254
G1 F2620.1 X122.474 Y87.371 E1400.10692
G1 X123.194 Y87.37 E1400.13434
G1 F2608.7 X123.213 Y84.432 E1400.24672
G0 F15000 X122.935 Y84.43
G0 X122.559 Y82.562
G0 X97.44 Y82.562
G0 X97.064 Y84.439
G0 X96.783 Y84.437
G1 F2608.7 X96.801 Y87.371 E1400.35894
G1 F2614.4 X97.571 Y87.371 E1400.38833
G1 X97.255 Y87.104 E1400.40412
G1 F2597.4 X97.252 Y82.9 E1400.56562
G1 F2586.2 X97.518 Y82.631 E1400.58022
G1 X96.793 Y82.632 E1400.60819
G1 F2591.8 X96.783 Y84.437 E1400.67768
G1 F1500 E1394.17768
G0 F15000 X97.064 Y84.439
G0 X97.44 Y87.438
G0 X122.164 Y87.51
G0 X122.164 Y87.249
;TYPE:WALL-OUTER
G1 F1500 E1400.67768
G1 F2390.4 X97.876 Y87.25 E1401.69149
G1 F2666.7 X97.678 Y87.033 E1401.70249
G1 F3000 X97.678 Y82.968 E1401.83769
G1 F2654.9 X97.832 Y82.751 E1401.84769
G1 F2390.4 X122.12 Y82.75 E1402.86151
G1 F2666.7 X122.318 Y82.968 E1402.87253
G1 F3000 X122.318 Y87.033 E1403.00773
G1 F2654.9 X122.164 Y87.249 E1403.0177
G0 F15000 X122.207 Y87.748
G1 F2654.9 X122.967 Y87.799 E1403.04633
G1 F3000 X123.621 Y87.799 E1403.06808
G1 X123.644 Y84.428 E1403.1802
G1 X123.632 Y82.997 E1403.2278
G1 X123.639 Y82.745 E1403.23618
G1 X123.625 Y82.201 E1403.25428
G1 X122.973 Y82.201 E1403.27597
G1 F2666.7 X122.12 Y82.25 E1403.30794
G1 F2390.4 X97.789 Y82.252 E1404.32355
G1 F2654.9 X97.023 Y82.2 E1404.35241
G1 F3000 X96.372 Y82.2 E1404.37406
G1 X96.357 Y82.796 E1404.39389
G1 X96.364 Y82.994 E1404.40048
G1 X96.352 Y84.437 E1404.44847
G1 X96.375 Y87.8 E1404.56033
G1 X97.029 Y87.8 E1404.58208
G1 F2666.7 X97.876 Y87.75 E1404.61383
G1 F2390.4 X122.207 Y87.748 E1405.62944
G1 F1500 E1399.12944
;MESH:NONMESH
G0 F300 X122.207 Y87.748 Z6.2
G0 F15000 X122.207 Y87.49
G0 X106.284 Y87.57
G0 X106.284 Y88.665
G0 X106.044 Y124.525
G0 X106.284 Y125.382
;TIME_ELAPSED:1480.127855
;LAYER:30
;TYPE:SUPPORT
G1 F1500 E1405.62944
G1 F3000 X107.999 Y124.9 E1405.68869
G1 X109.712 Y125.382 E1405.74788
G1 X110.961 Y126.695 E1405.80815
G1 X111.44 Y128.334 E1405.86495
G1 X110.957 Y130.051 E1405.92427
G1 X109.711 Y131.293 E1405.98278
G1 X107.997 Y131.775 E1406.042
G1 X106.358 Y131.298 E1406.09878
G1 X105.038 Y129.978 E1406.16087
G1 X104.557 Y128.335 E1406.21781
G1 X105.035 Y126.695 E1406.27462
G1 X106.284 Y125.382 E1406.3349
G1 F1500 E1399.8349
;MESH:9VBatteryHolder_v3.stl
G0 F15000 X105.656 Y124.787
G0 X104.269 Y126.25
G0 X103.66 Y128.338
G0 X104.274 Y130.437
G0 X106.284 Y134.335
G0 X106.284 Y135.43
G0 X97 Y136
;TYPE:WALL-INNER
G1 F1500 E1406.3349
G1 F3000 X123 Y136 E1407.19966
G1 F2941.2 X123.174 Y135.993 E1407.20557
G0 F15000 X123.697 Y135.697
G1 F3045.7 X123.174 Y135.993 E1407.22526
G1 X124.014 Y136.014 E1407.25278
G1 F3053.4 X123.993 Y135.174 E1407.28024
G1 X123.697 Y135.697 E1407.29988
G0 F15000 X123.993 Y135.174
G1 F2948.4 X124 Y135 E1407.30577
G1 F3000 X124 Y91 E1408.76922
G1 F1500 E1402.26922
G0 F15000 X123.838 Y135.838
G0 X96.162 Y135.838
G0 X96 Y91
G1 F1500 E1408.76922
G1 F3000 X96 Y135 E1410.23266
G1 F2941.2 X96.007 Y135.174 E1410.23857
G0 F15000 X96.303 Y135.697
G1 F3045.7 X96.007 Y135.174 E1410.25826
G1 X95.986 Y136.014 E1410.28579
G1 F3108.8 X97 Y136 E1410.31834
G1 X96.303 Y135.697 E1410.34273
G0 F15000 X96.09 Y135.697
G0 X123.838 Y135.838
G0 X123.91 Y135.424
G0 X123.424 Y135.424
G1 F3000 X123.089 Y135.6 E1410.35532
G1 X97 Y135.6 E1411.22304
G1 X96.575 Y135.425 E1411.23833
G1 X96.4 Y135.089 E1411.25093
G1 X96.4 Y90.6 E1412.73064
G1 X95.6 Y90.6 E1412.75725
G1 X95.601 Y136.399 E1414.28053
G1 X124.4 Y136.4 E1415.23839
G1 X124.4 Y90.6 E1416.7617
G1 X123.6 Y90.6 E1416.78831
G1 X123.6 Y135.089 E1418.26802
G1 X123.424 Y135.424 E1418.2806
G0 F15000 X123.198 Y135.035
;TYPE:WALL-OUTER
G1 F3000 X123.142 Y135.142 E1418.28462
G1 X123.035 Y135.198 E1418.28864
G1 X97 Y135.2 E1419.15457
G1 X96.858 Y135.142 E1419.15967
G1 X96.802 Y135.035 E1419.16368
G1 X96.8 Y90.2 E1420.6549
G1 X95.2 Y90.2 E1420.70812
G1 X95.201 Y136.799 E1422.25801
G1 X124.8 Y136.8 E1423.24247
G1 X124.8 Y90.2 E1424.7924
G1 X123.2 Y90.2 E1424.84561
G1 X123.198 Y135.035 E1426.33683
G1 F1500 E1419.83683
G0 F15000 X123.51 Y135.035
G0 X123.424 Y90.424
G0 X123.424 Y89.335
G0 X123.424 Y88.665
G0 X123.424 Y87.57
G0 X123.121 Y85.554
G0 X123.317 Y85.556
;TYPE:WALL-INNER
G1 F1500 E1426.33683
G1 F2739.7 X123.306 Y82.62 E1426.44376
G1 X122.55 Y82.619 E1426.47129
G1 X122.868 Y82.88 E1426.48628
G1 X122.876 Y87.112 E1426.64041
G1 F2727.3 X122.601 Y87.381 E1426.65448
G1 X123.303 Y87.38 E1426.68016
G1 F2739.7 X123.317 Y85.556 E1426.7466
G0 F15000 X123.121 Y85.554
G0 X122.699 Y87.438
G0 X97.3 Y87.438
G0 X96.878 Y85.563
G0 X96.679 Y85.561
G1 F2733.5 X96.693 Y87.38 E1426.813
G1 F2727.3 X97.444 Y87.38 E1426.84047
G1 X97.12 Y87.113 E1426.85583
G1 F2739.7 X97.128 Y82.88 E1427.01
G1 X97.397 Y82.618 E1427.02367
G1 X96.696 Y82.619 E1427.0492
G1 X96.679 Y85.561 E1427.15635
G1 F1500 E1420.65635
G0 F15000 X96.878 Y85.563
G0 X97.3 Y87.438
G0 X122.304 Y87.51
G0 X122.304 Y87.249
;TYPE:WALL-OUTER
G1 F1500 E1427.15635
G1 F2390.4 X97.736 Y87.25 E1428.18186
G1 F2666.7 X97.539 Y87.039 E1428.19266
G1 F3000 X97.539 Y82.961 E1428.32829
G1 F2654.9 X97.692 Y82.751 E1428.33806
G1 F2390.4 X122.26 Y82.75 E1429.36356
G1 F2666.7 X122.457 Y82.961 E1429.37436
G1 F3000 X122.457 Y87.039 E1429.51
G1 F2654.9 X122.304 Y87.249 E1429.51976
G0 F15000 X122.347 Y87.748
G1 F2654.9 X123.085 Y87.8 E1429.54757
G1 F3000 X123.721 Y87.8 E1429.56872
G1 X123.735 Y85.553 E1429.64346
G1 X123.716 Y82.998 E1429.72844
G1 X123.727 Y82.571 E1429.74265
G1 X123.719 Y82.201 E1429.75496
G1 X123.082 Y82.2 E1429.77615
G1 F2666.7 X122.26 Y82.25 E1429.80696
G1 F2390.4 X97.649 Y82.252 E1430.83426
G1 F2654.9 X96.914 Y82.2 E1430.86195
G1 F3000 X96.276 Y82.2 E1430.88317
G1 X96.268 Y82.604 E1430.89661
G1 X96.28 Y82.995 E1430.90962
G1 X96.26 Y85.561 E1430.99497
G1 X96.275 Y87.8 E1431.06944
G1 X96.911 Y87.8 E1431.0906
G1 F2666.7 X97.736 Y87.75 E1431.12152
G1 F2390.4 X122.347 Y87.748 E1432.14882
G1 F1500 E1425.64882
;MESH:NONMESH
G0 F300 X122.347 Y87.748 Z6.4
G0 F15000 X122.347 Y87.49
G0 X106.292 Y87.57
G0 X106.292 Y88.665
G0 X106.053 Y124.548
G0 X106.292 Y125.402
;TIME_ELAPSED:1508.037526
;LAYER:31
;TYPE:SUPPORT
G1 F1500 E1432.14882
G1 F3000 X107.999 Y124.924 E1432.20778
G1 X109.704 Y125.402 E1432.26668
G1 X110.937 Y126.703 E1432.32629
G1 X111.412 Y128.334 E1432.38279
G1 X110.937 Y130.039 E1432.44166
G1 X109.703 Y131.273 E1432.49971
G1 X107.998 Y131.751 E1432.5586
G1 X106.37 Y131.274 E1432.61502
G1 X105.058 Y129.966 E1432.67664
G1 X104.581 Y128.337 E1432.7331
G1 X105.063 Y126.699 E1432.78989
G1 X106.292 Y125.402 E1432.84932
G1 F1500 E1426.34932
;MESH:9VBatteryHolder_v3.stl
G0 F15000 X105.664 Y124.809
G0 X104.293 Y126.26
G0 X103.683 Y128.338
G0 X104.295 Y130.425
G0 X106.292 Y134.335
G0 X106.292 Y135.43
G0 X97 Y136
;TYPE:WALL-INNER
G1 F1500 E1432.84932
G1 F3000 X123 Y136 E1433.71408
G1 F2941.2 X123.174 Y135.993 E1433.71999
G0 F15000 X123.697 Y135.697
G1 F3045.7 X123.174 Y135.993 E1433.73968
G1 X124.014 Y136.014 E1433.7672
G1 F3053.4 X123.993 Y135.174 E1433.79466
G1 X123.697 Y135.697 E1433.8143
G0 F15000 X123.993 Y135.174
G1 F2948.4 X124 Y135 E1433.82019
G1 F3000 X124 Y91 E1435.28364
G1 F1500 E1428.78364
G0 F15000 X123.838 Y135.838
G0 X96.162 Y135.838
G0 X96 Y91
G1 F1500 E1435.28364
G1 F3000 X96 Y135 E1436.74709
G1 F2941.2 X96.007 Y135.174 E1436.75299
G0 F15000 X96.303 Y135.697
G1 F3045.7 X96.007 Y135.174 E1436.77268
G1 X95.986 Y136.014 E1436.80021
G1 F3108.8 X97 Y136 E1436.83276
G1 X96.303 Y135.697 E1436.85715
G0 F15000 X96.09 Y135.697
G0 X123.838 Y135.838
G0 X123.91 Y135.424
G0 X123.424 Y135.424
G1 F3000 X123.089 Y135.6 E1436.86974
G1 X97 Y135.6 E1437.73746
G1 X96.575 Y135.425 E1437.75275
G1 X96.4 Y135.089 E1437.76535
G1 X96.4 Y90.6 E1439.24506
G1 X95.6 Y90.6 E1439.27167
G1 X95.601 Y136.399 E1440.79495
G1 X124.4 Y136.4 E1441.75281
G1 X124.4 Y90.6 E1443.27612
G1 X123.6 Y90.6 E1443.30273
G1 X123.6 Y135.089 E1444.78244
G1 X123.424 Y135.424 E1444.79503
G0 F15000 X123.198 Y135.035
;TYPE:WALL-OUTER
G1 F3000 X123.142 Y135.142 E1444.79904
G1 X123.035 Y135.198 E1444.80306
G1 X97 Y135.2 E1445.66899
G1 X96.858 Y135.142 E1445.67409
G1 X96.802 Y135.035 E1445.6781
G1 X96.8 Y90.2 E1447.16932
G1 X95.2 Y90.2 E1447.22254
G1 X95.201 Y136.799 E1448.77243
G1 X124.8 Y136.8 E1449.75689
G1 X124.8 Y90.2 E1451.30682
G1 X123.2 Y90.2 E1451.36003
G1 X123.198 Y135.035 E1452.85125
G1 F1500 E1446.35125
G0 F15000 X123.51 Y135.035
G0 X123.424 Y90.424
G0 X122.335 Y90.424
G0 X115.056 Y88.665
G0 X115.229 Y87.75
G1 F1500 E1452.85125
G1 F2400 X104.77 Y87.75 E1453.28609
G1 X104.77 Y87.25 E1453.30687
G1 X115.227 Y87.25 E1453.74163
G1 X115.229 Y87.75 E1453.76241
G1 F1500 E1447.26241
G0 F15000 X115 Y87.52
G0 X116.944 Y87.424
G0 X123.411 Y86.68
;TYPE:WALL-INNER
G1 F1500 E1453.76241
G1 F2777.8 X123.388 Y82.615 E1453.90843
G1 F2790.7 X122.644 Y82.616 E1453.93504
G1 X122.964 Y82.874 E1453.94973
G1 F2777.8 X122.976 Y87.112 E1454.10197
G1 F2739.7 X122.701 Y87.381 E1454.11598
G1 F2727.3 X123.403 Y87.38 E1454.14166
G1 F2752.3 X123.411 Y86.68 E1454.16704
G1 F1500 E1447.66704
G0 F15000 X123.22 Y86.679
G0 X122.798 Y82.562
G0 X97.201 Y82.562
G0 X96.834 Y87.111
G0 X97.023 Y87.111
G1 F1500 E1454.16704
G1 F2765 X97.026 Y82.881 E1454.31969
G1 F2784.2 X97.303 Y82.615 E1454.33345
G1 X96.609 Y82.616 E1454.35832
G1 F2765 X96.587 Y87.002 E1454.5166
G1 F2739.7 X96.595 Y87.38 E1454.53037
G1 F2721.1 X97.349 Y87.38 E1454.55802
G1 F2739.7 X97.023 Y87.111 E1454.57341
G1 F1500 E1448.07341
G0 F15000 X96.834 Y87.111
G0 X97.201 Y82.562
G0 X122.798 Y82.562
G0 X122.87 Y87.039
G0 X122.557 Y87.039
;TYPE:WALL-OUTER
G1 F1500 E1454.57341
G1 F2654.9 X122.404 Y87.249 E1454.58318
G1 F2390.4 X116.77 Y87.25 E1454.81835
G1 F2400 X116.77 Y87.75 E1454.83914
G1 F2390.4 X122.447 Y87.748 E1455.07611
G1 F2654.9 X123.185 Y87.8 E1455.10391
G1 F3000 X123.821 Y87.8 E1455.12506
G1 X123.827 Y86.677 E1455.16242
G1 X123.8 Y82.997 E1455.28482
G1 X123.826 Y82.2 E1455.31134
G1 X123.174 Y82.201 E1455.33303
G1 F2666.7 X122.36 Y82.25 E1455.36354
G1 F2390.4 X97.549 Y82.252 E1456.39919
G1 F2654.9 X96.823 Y82.201 E1456.42654
G1 F3000 X96.174 Y82.2 E1456.44812
G1 X96.196 Y82.996 E1456.47461
G1 X96.168 Y86.683 E1456.59724
G1 X96.179 Y87.8 E1456.6344
G1 X96.814 Y87.8 E1456.65552
G1 F2666.7 X97.64 Y87.75 E1456.68648
G1 F2400 X103.229 Y87.75 E1456.91884
G1 X103.227 Y87.25 E1456.93963
G1 X97.64 Y87.25 E1457.17191
G1 F2666.7 X97.443 Y87.037 E1457.18277
G1 F3000 X97.44 Y82.959 E1457.3184
G1 F2654.9 X97.592 Y82.751 E1457.32809
G1 F2390.4 X122.36 Y82.75 E1458.36194
G1 F2666.7 X122.557 Y82.959 E1458.37269
G1 F3000 X122.557 Y87.039 E1458.50839
G1 F1500 E1452.00839
;MESH:NONMESH
G0 F300 X122.557 Y87.039 Z6.6
G0 F15000 X122.87 Y87.039
G0 X122.798 Y87.438
G0 X116.945 Y87.576
G0 X116.945 Y88.665
G0 X106.067 Y124.568
G0 X106.307 Y125.422
;TIME_ELAPSED:1538.016247
;LAYER:32
;TYPE:SUPPORT
G1 F1500 E1458.50839
G1 F3000 X107.999 Y124.948 E1458.56683
G1 X109.689 Y125.422 E1458.62521
G1 X110.921 Y126.715 E1458.68461
G1 X111.392 Y128.334 E1458.74069
G1 X110.917 Y130.027 E1458.79917
G1 X109.691 Y131.253 E1458.85684
G1 X107.998 Y131.728 E1458.91532
G1 X106.378 Y131.254 E1458.97147
G1 X105.078 Y129.954 E1459.03261
G1 X104.605 Y128.336 E1459.08868
G1 X105.079 Y126.715 E1459.14485
G1 X106.307 Y125.422 E1459.20416
G1 F1500 E1452.70416
;MESH:9VBatteryHolder_v3.stl
G0 F15000 X105.679 Y124.828
G0 X104.31 Y126.273
G0 X103.707 Y128.338
G0 X104.254 Y130.206
G0 X106.307 Y134.335
G0 X106.307 Y135.43
G0 X97 Y136
;TYPE:WALL-INNER
G1 F1500 E1459.20416
G1 F3000 X123 Y136 E1460.06893
G1 F2941.2 X123.174 Y135.993 E1460.07483
G0 F15000 X123.697 Y135.697
G1 F3045.7 X123.174 Y135.993 E1460.09452
G1 X124.014 Y136.014 E1460.12205
G1 F3053.4 X123.993 Y135.174 E1460.14951
G1 X123.697 Y135.697 E1460.16915
G0 F15000 X123.993 Y135.174
G1 F2948.4 X124 Y135 E1460.17504
G1 F3000 X124 Y91 E1461.63849
G1 F1500 E1455.13849
G0 F15000 X123.838 Y135.838
G0 X96.162 Y135.838
G0 X96 Y91
G1 F1500 E1461.63849
G1 F3000 X96 Y135 E1463.10193
G1 F2941.2 X96.007 Y135.174 E1463.10784
G0 F15000 X96.303 Y135.697
G1 F3045.7 X96.007 Y135.174 E1463.12753
G1 X95.986 Y136.014 E1463.15506
G1 F3108.8 X97 Y136 E1463.1876
G1 X96.303 Y135.697 E1463.212
G0 F15000 X96.09 Y135.697
G0 X123.838 Y135.838
G0 X123.91 Y135.424
G0 X123.424 Y135.424
G1 F3000 X123.089 Y135.6 E1463.22458
G1 X97 Y135.6 E1464.09231
G1 X96.575 Y135.425 E1464.10759
G1 X96.4 Y135.089 E1464.12019
G1 X96.4 Y90.6 E1465.5999
G1 X95.6 Y90.6 E1465.62651
G1 X95.601 Y136.399 E1467.14979
G1 X124.4 Y136.4 E1468.10765
G1 X124.4 Y90.6 E1469.63097
G1 X123.6 Y90.6 E1469.65757
G1 X123.6 Y135.089 E1471.13728
G1 X123.424 Y135.424 E1471.14987
G0 F15000 X123.198 Y135.035
;TYPE:WALL-OUTER
G1 F3000 X123.142 Y135.142 E1471.15389
G1 X123.035 Y135.198 E1471.1579
G1 X97 Y135.2 E1472.02383
G1 X96.858 Y135.142 E1472.02893
G1 X96.802 Y135.035 E1472.03295
G1 X96.8 Y90.2 E1473.52417
G1 X95.2 Y90.2 E1473.57738
G1 X95.201 Y136.799 E1475.12727
G1 X124.8 Y136.8 E1476.11174
G1 X124.8 Y90.2 E1477.66166
G1 X123.2 Y90.2 E1477.71488
G1 X123.198 Y135.035 E1479.2061
G1 F1500 E1472.7061
G0 F15000 X123.51 Y135.035
G0 X123.424 Y90.424
G0 X122.335 Y90.424
G0 X116.633 Y88.653
G0 X115.38 Y87.574
G0 X114.465 Y87.75
G1 F1500 E1479.2061
G1 F2400 X105.534 Y87.75 E1479.57741
G1 X105.534 Y87.25 E1479.59819
G1 X114.463 Y87.25 E1479.96942
G1 X114.465 Y87.75 E1479.99021
G1 F1500 E1473.49021
G0 F15000 X114.236 Y87.52
G0 X115.38 Y87.422
G0 X116.62 Y87.426
G0 X123.067 Y87.112
;TYPE:WALL-INNER
G1 F1500 E1479.99021
G1 F2752.3 X122.791 Y87.382 E1480.0042
G1 F2733.5 X123.496 Y87.381 E1480.02994
G1 F2752.3 X123.474 Y82.615 E1480.20272
G1 F2797.2 X122.733 Y82.614 E1480.22916
G1 F2816.9 X123.054 Y82.872 E1480.24374
G1 F2797.2 X123.067 Y87.112 E1480.39499
G1 F1500 E1473.89499
G0 F15000 X123.254 Y87.112
G0 X122.892 Y82.562
G0 X97.107 Y82.562
G0 X96.745 Y87.116
G0 X96.93 Y87.115
G1 F1500 E1480.39499
G1 F2810.3 X96.936 Y82.879 E1480.54539
G1 X97.214 Y82.612 E1480.55908
G1 F2790.7 X96.522 Y82.613 E1480.58382
G1 F2765 X96.503 Y87.382 E1480.75592
G1 F2746 X97.256 Y87.382 E1480.78328
G1 F2777.8 X96.93 Y87.115 E1480.79842
G1 F1500 E1474.29842
G0 F15000 X96.745 Y87.116
G0 X97.107 Y82.562
G0 X122.892 Y82.562
G0 X122.964 Y87.039
G0 X122.649 Y87.039
;TYPE:WALL-OUTER
G1 F1500 E1480.79842
G1 F2654.9 X122.496 Y87.249 E1480.80818
G1 F2390.4 X117.534 Y87.25 E1481.01531
G1 F2400 X117.534 Y87.75 E1481.03609
G1 F2390.4 X122.539 Y87.748 E1481.24501
G1 F2654.9 X123.275 Y87.8 E1481.27274
G1 F3000 X123.918 Y87.8 E1481.29413
G1 X123.884 Y82.997 E1481.45388
G1 X123.909 Y82.201 E1481.48037
G1 X123.262 Y82.201 E1481.50189
G1 F2666.7 X122.452 Y82.25 E1481.53225
G1 F2390.4 X97.457 Y82.252 E1482.57558
G1 F2654.9 X96.735 Y82.2 E1482.60278
G1 F3000 X96.09 Y82.2 E1482.62424
G1 X96.112 Y82.996 E1482.65072
G1 X96.082 Y87.8 E1482.81051
G1 X96.723 Y87.8 E1482.83183
G1 F2666.7 X97.544 Y87.75 E1482.8626
G1 F2400 X102.465 Y87.75 E1483.06719
G1 X102.463 Y87.25 E1483.08798
G1 X97.544 Y87.25 E1483.29249
G1 F2666.7 X97.347 Y87.039 E1483.30329
G1 F3000 X97.348 Y82.958 E1483.43903
G1 F2654.9 X97.5 Y82.751 E1483.44868
G1 F2390.4 X122.452 Y82.75 E1484.49021
G1 F2666.7 X122.649 Y82.958 E1484.50093
G1 F3000 X122.649 Y87.039 E1484.63667
G1 F1500 E1478.13667
;MESH:NONMESH
G0 F300 X122.649 Y87.039 Z6.8
G0 F15000 X122.964 Y87.039
G0 X122.892 Y87.438
G0 X117.709 Y87.576
G0 X117.709 Y88.665
G0 X106.08 Y124.588
G0 X106.32 Y125.442
;TIME_ELAPSED:1567.860259
;LAYER:33
;TYPE:SUPPORT
G1 F1500 E1484.63667
G1 F3000 X107.999 Y124.972 E1484.69466
G1 X109.676 Y125.442 E1484.75258
G1 X110.897 Y126.727 E1484.81154
G1 X111.364 Y128.334 E1484.8672
G1 X110.893 Y130.015 E1484.92526
G1 X109.675 Y131.233 E1484.98255
G1 X107.998 Y131.703 E1485.04048
G1 X106.39 Y131.234 E1485.09619
G1 X105.102 Y129.942 E1485.15687
G1 X104.629 Y128.335 E1485.21259
G1 X105.099 Y126.727 E1485.26831
G1 X106.32 Y125.442 E1485.32726
G1 F1500 E1478.82726
;MESH:9VBatteryHolder_v3.stl
G0 F15000 X105.693 Y124.848
G0 X104.333 Y126.284
G0 X103.732 Y128.338
G0 X104.276 Y130.196
G0 X106.32 Y134.335
G0 X106.32 Y135.43
G0 X97 Y136
;TYPE:WALL-INNER
G1 F1500 E1485.32726
G1 F3000 X123 Y136 E1486.19203
G1 F2941.2 X123.174 Y135.993 E1486.19793
G0 F15000 X123.697 Y135.697
G1 F3045.7 X123.174 Y135.993 E1486.21762
G1 X124.014 Y136.014 E1486.24515
G1 F3053.4 X123.993 Y135.174 E1486.27261
G1 X123.697 Y135.697 E1486.29225
G0 F15000 X123.993 Y135.174
G1 F2948.4 X124 Y135 E1486.29814
G1 F3000 X124 Y91 E1487.76158
G1 F1500 E1481.26158
G0 F15000 X123.838 Y135.838
G0 X96.162 Y135.838
G0 X96 Y91
G1 F1500 E1487.76158
G1 F3000 X96 Y135 E1489.22503
G1 F2941.2 X96.007 Y135.174 E1489.23094
G0 F15000 X96.303 Y135.697
G1 F3045.7 X96.007 Y135.174 E1489.25063
G1 X95.986 Y136.014 E1489.27815
G1 F3108.8 X97 Y136 E1489.3107
G1 X96.303 Y135.697 E1489.3351
G0 F15000 X96.09 Y135.697
G0 X123.838 Y135.838
G0 X123.91 Y135.424
G0 X123.424 Y135.424
G1 F3000 X123.089 Y135.6 E1489.34768
G1 X97 Y135.6 E1490.21541
G1 X96.575 Y135.425 E1490.23069
G1 X96.4 Y135.089 E1490.24329
G1 X96.4 Y90.6 E1491.723
G1 X95.6 Y90.6 E1491.74961
G1 X95.601 Y136.399 E1493.27289
G1 X124.4 Y136.4 E1494.23075
G1 X124.4 Y90.6 E1495.75407
G1 X123.6 Y90.6 E1495.78067
G1 X123.6 Y135.089 E1497.26038
G1 X123.424 Y135.424 E1497.27297
G0 F15000 X123.198 Y135.035
;TYPE:WALL-OUTER
G1 F3000 X123.142 Y135.142 E1497.27699
G1 X123.035 Y135.198 E1497.281
G1 X97 Y135.2 E1498.14693
G1 X96.858 Y135.142 E1498.15203
G1 X96.802 Y135.035 E1498.15605
G1 X96.8 Y90.2 E1499.64727
G1 X95.2 Y90.2 E1499.70048
G1 X95.201 Y136.799 E1501.25037
G1 X124.8 Y136.8 E1502.23484
G1 X124.8 Y90.2 E1503.78476
G1 X123.2 Y90.2 E1503.83798
G1 X123.198 Y135.035 E1505.3292
G1 F1500 E1498.8292
G0 F15000 X123.51 Y135.035
G0 X123.424 Y90.424
G0 X122.335 Y90.424
G0 X117.014 Y88.653
G0 X114.999 Y87.574
G0 X114.082 Y87.75
G1 F1500 E1505.3292
G1 F2400 X105.914 Y87.75 E1505.66878
G1 X105.914 Y87.25 E1505.68957
G1 X114.082 Y87.25 E1506.02916
G1 X114.082 Y87.75 E1506.04994
G1 F1500 E1499.54994
G0 F15000 X113.855 Y87.52
G0 X114.999 Y87.422
G0 X117.001 Y87.426
G0 X123.583 Y86.527
;TYPE:WALL-INNER
G1 F1500 E1506.04994
G1 F2830.2 X123.56 Y82.612 E1506.18797
G1 X122.821 Y82.612 E1506.21403
G1 F2836.9 X123.15 Y82.875 E1506.22884
G1 F2823.5 X123.156 Y87.117 E1506.37875
G1 F2797.2 X122.877 Y87.385 E1506.39255
G1 F2784.2 X123.573 Y87.384 E1506.41749
G1 F2803.7 X123.583 Y86.527 E1506.44799
G1 F1500 E1499.94799
G0 F15000 X123.407 Y86.525
G0 X122.985 Y82.562
G0 X97.014 Y82.562
G0 X96.668 Y87.119
G0 X96.841 Y87.119
G1 F1500 E1506.44799
G1 F2843.6 X96.846 Y82.877 E1506.59684
G1 X97.126 Y82.61 E1506.61042
G1 F2836.9 X96.431 Y82.612 E1506.63486
G1 X96.417 Y87.001 E1506.78924
G1 F2810.3 X96.424 Y87.385 E1506.80287
G1 F2784.2 X97.169 Y87.385 E1506.82957
G1 F2816.9 X96.841 Y87.119 E1506.84453
G1 F1500 E1500.34453
G0 F15000 X96.668 Y87.119
G0 X97.014 Y82.562
G0 X122.985 Y82.562
G0 X123.057 Y87.041
G0 X122.741 Y87.041
;TYPE:WALL-OUTER
G1 F1500 E1506.84453
G1 F2654.9 X122.588 Y87.249 E1506.85424
G1 F2390.4 X117.914 Y87.25 E1507.04934
G1 F2400 X117.914 Y87.75 E1507.07012
G1 F2390.4 X122.631 Y87.748 E1507.26702
G1 F2654.9 X123.359 Y87.799 E1507.29445
G1 F3000 X123.985 Y87.799 E1507.31527
G1 X123.995 Y86.524 E1507.35767
G1 X123.968 Y82.998 E1507.47495
G1 X123.99 Y82.201 E1507.50147
G1 X123.349 Y82.201 E1507.52279
G1 F2666.7 X122.544 Y82.25 E1507.55297
G1 F2390.4 X97.365 Y82.252 E1508.60398
G1 F2654.9 X96.648 Y82.201 E1508.63099
G1 F3000 X96.01 Y82.201 E1508.65221
G1 X96.028 Y82.998 E1508.67873
G1 X96.004 Y86.536 E1508.7964
G1 X96.011 Y87.8 E1508.83845
G1 X96.638 Y87.8 E1508.8593
G1 F2666.7 X97.452 Y87.75 E1508.88982
G1 F2400 X102.082 Y87.75 E1509.08231
G1 X102.082 Y87.25 E1509.1031
G1 X97.452 Y87.25 E1509.29559
G1 F2666.7 X97.256 Y87.041 E1509.30631
G1 F3000 X97.256 Y82.957 E1509.44214
G1 F2654.9 X97.408 Y82.751 E1509.45177
G1 F2390.4 X122.544 Y82.75 E1510.50098
G1 F2666.7 X122.74 Y82.957 E1510.51165
G1 F3000 X122.741 Y87.041 E1510.64748
G1 F1500 E1504.14748
;MESH:NONMESH
G0 F300 X122.741 Y87.041 Z7
G0 F15000 X123.057 Y87.041
G0 X122.985 Y87.438
G0 X118.09 Y87.576
G0 X118.09 Y88.665
G0 X106.092 Y124.61
G0 X106.331 Y125.462
;TIME_ELAPSED:1597.635797
;LAYER:34
;TYPE:SUPPORT
G1 F1500 E1510.64748
G1 F3000 X107.999 Y124.996 E1510.70508
G1 X109.665 Y125.462 E1510.76262
G1 X110.877 Y126.739 E1510.82118
G1 X111.34 Y128.334 E1510.87642
G1 X110.873 Y130.003 E1510.93406
G1 X109.663 Y131.213 E1510.99098
G1 X107.998 Y131.679 E1511.04848
G1 X106.402 Y131.214 E1511.10377
G1 X105.122 Y129.93 E1511.16407
G1 X104.653 Y128.335 E1511.21937
G1 X105.119 Y126.739 E1511.27467
G1 X106.331 Y125.462 E1511.33323
G1 F1500 E1504.83323
;MESH:9VBatteryHolder_v3.stl
G0 F15000 X105.704 Y124.869
G0 X104.352 Y126.297
G0 X103.756 Y128.338
G0 X104.297 Y130.185
G0 X106.331 Y134.335
G0 X106.331 Y135.43
G0 X97 Y136
;TYPE:WALL-INNER
G1 F1500 E1511.33323
G1 F3000 X123 Y136 E1512.19799
G1 F2941.2 X123.174 Y135.993 E1512.2039
G0 F15000 X123.697 Y135.697
G1 F3045.7 X123.174 Y135.993 E1512.22359
G1 X124.014 Y136.014 E1512.25111
G1 F3053.4 X123.993 Y135.174 E1512.27857
G1 X123.697 Y135.697 E1512.29821
G0 F15000 X123.993 Y135.174
G1 F2948.4 X124 Y135 E1512.3041
G1 F3000 X124 Y91 E1513.76755
G1 F1500 E1507.26755
G0 F15000 X123.838 Y135.838
G0 X96.162 Y135.838
G0 X96 Y91
G1 F1500 E1513.76755
G1 F3000 X96 Y135 E1515.231
G1 F2941.2 X96.007 Y135.174 E1515.2369
G0 F15000 X96.303 Y135.697
G1 F3045.7 X96.007 Y135.174 E1515.25659
G1 X95.986 Y136.014 E1515.28412
G1 F3108.8 X97 Y136 E1515.31667
G1 X96.303 Y135.697 E1515.34106
G0 F15000 X96.09 Y135.697
G0 X123.838 Y135.838
G0 X123.91 Y135.424
G0 X123.424 Y135.424
G1 F3000 X123.089 Y135.6 E1515.35365
G1 X97 Y135.6 E1516.22137
G1 X96.575 Y135.425 E1516.23666
G1 X96.4 Y135.089 E1516.24926
G1 X96.4 Y90.6 E1517.72897
G1 X95.6 Y90.6 E1517.75558
G1 X95.601 Y136.399 E1519.27886
G1 X124.4 Y136.4 E1520.23672
G1 X124.4 Y90.6 E1521.76003
G1 X123.6 Y90.6 E1521.78664
G1 X123.6 Y135.089 E1523.26635
G1 X123.424 Y135.424 E1523.27894
G0 F15000 X123.198 Y135.035
;TYPE:WALL-OUTER
G1 F3000 X123.142 Y135.142 E1523.28295
G1 X123.035 Y135.198 E1523.28697
G1 X97 Y135.2 E1524.1529
G1 X96.858 Y135.142 E1524.158
G1 X96.802 Y135.035 E1524.16202
G1 X96.8 Y90.2 E1525.65323
G1 X95.2 Y90.2 E1525.70645
G1 X95.201 Y136.799 E1527.25634
G1 X124.8 Y136.8 E1528.24081
G1 X124.8 Y90.2 E1529.79073
G1 X123.2 Y90.2 E1529.84394
G1 X123.198 Y135.035 E1531.33516
G1 F1500 E1524.83516
G0 F15000 X123.51 Y135.035
G0 X123.424 Y90.424
G0 X122.335 Y90.424
G0 X118.314 Y88.989
G0 X114.642 Y87.574
G0 X113.726 Y87.75
G1 F1500 E1531.33516
G1 F2400 X106.27 Y87.75 E1531.64515
G1 X106.27 Y87.25 E1531.66593
G1 X113.726 Y87.25 E1531.97592
G1 X113.726 Y87.75 E1531.99671
G1 F1500 E1525.49671
G0 F15000 X113.498 Y87.52
G0 X114.642 Y87.422
G0 X117.371 Y88.653
G0 X123.064 Y88.665
G0 X123.661 Y84.755
;TYPE:WALL-INNER
G1 F1500 E1531.99671
G1 F2884.6 X123.649 Y82.61 E1532.0709
G1 F2870.8 X122.915 Y82.61 E1532.09642
G1 F2884.6 X123.244 Y82.872 E1532.11096
G1 F2912.6 X123.243 Y87.128 E1532.25677
G1 F2898.6 X122.96 Y87.394 E1532.27014
G1 F2891.6 X123.64 Y87.392 E1532.2936
G1 F2898.6 X123.661 Y84.755 E1532.38438
G1 F1500 E1525.88438
G0 F15000 X123.5 Y84.754
G0 X123.078 Y82.562
G0 X96.921 Y82.562
G0 X96.499 Y84.763
G0 X96.338 Y84.761
G1 F1500 E1532.38438
G1 F2891.6 X96.357 Y87.392 E1532.47517
G1 F2877.7 X97.088 Y87.392 E1532.50052
G1 F2884.6 X96.757 Y87.129 E1532.51514
G1 F2905.6 X96.753 Y82.872 E1532.66133
G1 F2891.6 X97.032 Y82.608 E1532.67459
G1 F2884.6 X96.35 Y82.609 E1532.69818
G1 F2898.6 X96.338 Y84.761 E1532.77226
G1 F1500 E1526.27226
G0 F15000 X96.499 Y84.763
G0 X96.921 Y82.562
G0 X123.078 Y82.562
G0 X123.15 Y87.046
G0 X122.835 Y87.046
;TYPE:WALL-OUTER
G1 F1500 E1532.77226
G1 F2654.9 X122.684 Y87.249 E1532.78177
G1 F2390.4 X118.27 Y87.25 E1532.96601
G1 F2400 X118.27 Y87.75 E1532.9868
G1 F2390.4 X122.727 Y87.748 E1533.17284
G1 F2654.9 X123.434 Y87.799 E1533.19948
G1 F3000 X124.045 Y87.799 E1533.21981
G1 X124.068 Y84.753 E1533.32112
G1 X124.056 Y82.998 E1533.37949
G1 X124.077 Y82.2 E1533.40604
G1 X123.44 Y82.2 E1533.42723
G1 F2666.7 X122.64 Y82.25 E1533.45722
G1 F2390.4 X97.269 Y82.252 E1534.51625
G1 F2654.9 X96.558 Y82.2 E1534.54304
G1 F3000 X95.922 Y82.2 E1534.56419
G1 X95.944 Y82.997 E1534.59071
G1 X95.932 Y84.763 E1534.64945
G1 X95.951 Y87.8 E1534.75046
G1 X96.564 Y87.8 E1534.77085
G1 F2666.7 X97.36 Y87.75 E1534.80069
G1 F2400 X101.726 Y87.75 E1534.98221
G1 X101.726 Y87.25 E1535.003
G1 X97.36 Y87.25 E1535.18452
G1 F2666.7 X97.165 Y87.045 E1535.1951
G1 F3000 X97.16 Y82.955 E1535.33114
G1 F2654.9 X97.312 Y82.751 E1535.3407
G1 F2390.4 X122.64 Y82.75 E1536.39793
G1 F2666.7 X122.836 Y82.956 E1536.40857
G1 F3000 X122.835 Y87.046 E1536.5446
G1 F1500 E1530.0446
;MESH:NONMESH
G0 F300 X122.835 Y87.046 Z7.2
G0 F15000 X123.15 Y87.046
G0 X123.078 Y87.438
G0 X118.447 Y87.576
G0 X118.447 Y88.665
G0 X106.1 Y124.632
G0 X106.34 Y125.486
;TIME_ELAPSED:1627.451150
;LAYER:35
;TYPE:SUPPORT
G1 F1500 E1536.5446
G1 F3000 X107.999 Y125.02 E1536.60191
G1 X109.656 Y125.486 E1536.65916
G1 X110.853 Y126.747 E1536.71699
G1 X111.316 Y128.334 E1536.77198
G1 X110.853 Y129.991 E1536.8292
G1 X109.651 Y131.189 E1536.88564
G1 X107.998 Y131.655 E1536.94277
G1 X106.414 Y131.19 E1536.99767
G1 X105.142 Y129.918 E1537.0575
G1 X104.677 Y128.337 E1537.11232
G1 X105.147 Y126.747 E1537.16746
G1 X106.34 Y125.486 E1537.2252
G1 F1500 E1530.7252
;MESH:9VBatteryHolder_v3.stl
G0 F15000 X105.712 Y124.893
G0 X104.377 Y126.307
G0 X103.781 Y128.338
G0 X104.319 Y130.174
G0 X106.34 Y134.335
G0 X106.34 Y135.43
G0 X97 Y136
;TYPE:WALL-INNER
G1 F1500 E1537.2252
G1 F3000 X123 Y136 E1538.08996
G1 F2941.2 X123.174 Y135.993 E1538.09587
G0 F15000 X123.697 Y135.697
G1 F3045.7 X123.174 Y135.993 E1538.11556
G1 X124.014 Y136.014 E1538.14309
G1 F3053.4 X123.993 Y135.174 E1538.17054
G1 X123.697 Y135.697 E1538.19018
G0 F15000 X123.993 Y135.174
G1 F2948.4 X124 Y135 E1538.19607
G1 F3000 X124 Y91 E1539.65952
G1 F1500 E1533.15952
G0 F15000 X123.838 Y135.838
G0 X96.162 Y135.838
G0 X96 Y91
G1 F1500 E1539.65952
G1 F3000 X96 Y135 E1541.12297
G1 F2941.2 X96.007 Y135.174 E1541.12887
G0 F15000 X96.303 Y135.697
G1 F3045.7 X96.007 Y135.174 E1541.14856
G1 X95.986 Y136.014 E1541.17609
G1 F3108.8 X97 Y136 E1541.20864
G1 X96.303 Y135.697 E1541.23303
G0 F15000 X96.09 Y135.697
G0 X123.838 Y135.838
G0 X123.91 Y135.424
G0 X123.424 Y135.424
G1 F3000 X123.089 Y135.6 E1541.24562
G1 X97 Y135.6 E1542.11334
G1 X96.575 Y135.425 E1542.12863
G1 X96.4 Y135.089 E1542.14123
G1 X96.4 Y90.6 E1543.62094
G1 X95.6 Y90.6 E1543.64755
G1 X95.601 Y136.399 E1545.17083
G1 X124.4 Y136.4 E1546.12869
G1 X124.4 Y90.6 E1547.652
G1 X123.6 Y90.6 E1547.67861
G1 X123.6 Y135.089 E1549.15832
G1 X123.424 Y135.424 E1549.17091
G0 F15000 X123.198 Y135.035
;TYPE:WALL-OUTER
G1 F3000 X123.142 Y135.142 E1549.17492
G1 X123.035 Y135.198 E1549.17894
G1 X97 Y135.2 E1550.04487
G1 X96.858 Y135.142 E1550.04997
G1 X96.802 Y135.035 E1550.05399
G1 X96.8 Y90.2 E1551.5452
G1 X95.2 Y90.2 E1551.59842
G1 X95.201 Y136.799 E1553.14831
G1 X124.8 Y136.8 E1554.13278
G1 X124.8 Y90.2 E1555.6827
G1 X123.2 Y90.2 E1555.73591
G1 X123.198 Y135.035 E1557.22713
G1 F1500 E1550.72713
G0 F15000 X123.51 Y135.035
G0 X123.424 Y90.424
G0 X122.335 Y90.424
G0 X114.416 Y87.574
G0 X113.501 Y87.75
G1 F1500 E1557.22713
G1 F2400 X106.498 Y87.75 E1557.51828
G1 X106.498 Y87.25 E1557.53907
G1 X113.499 Y87.25 E1557.83014
G1 X113.501 Y87.75 E1557.85093
G1 F1500 E1551.35093
G0 F15000 X113.272 Y87.52
G0 X114.416 Y87.422
G0 X117.584 Y87.426
G0 X123.717 Y87.001
;TYPE:WALL-INNER
G1 F1500 E1557.85093
G1 F3030.3 X123.738 Y82.995 E1557.98284
G1 F2941.2 X123.723 Y82.606 E1557.99604
G1 F2905.6 X123 Y82.606 E1558.02087
G1 F2926.8 X123.334 Y82.87 E1558.03539
G1 F2970.3 X123.322 Y87.143 E1558.17893
G1 F2985.1 X123.041 Y87.401 E1558.19168
G1 F2992.5 X123.707 Y87.4 E1558.21389
G1 F3038 X123.717 Y87.001 E1558.22699
G1 F1500 E1551.72699
G0 F15000 X123.171 Y82.562
G0 X96.828 Y82.562
G0 X96.67 Y87.141
G1 F1500 E1558.22699
G1 F2977.7 X96.663 Y82.869 E1558.37015
G1 F2941.2 X96.947 Y82.604 E1558.38333
G1 F2926.8 X96.276 Y82.606 E1558.4062
G1 F2955.7 X96.261 Y83.018 E1558.42012
G1 F3030.3 X96.28 Y87.001 E1558.55127
G1 F3038 X96.289 Y87.4 E1558.56438
G1 F2992.5 X97.006 Y87.4 E1558.58829
G1 X96.67 Y87.141 E1558.60243
G1 F1500 E1552.10243
G0 F15000 X96.828 Y82.562
G0 X123.171 Y82.562
G0 X123.243 Y87.05
G0 X122.926 Y87.05
;TYPE:WALL-OUTER
G1 F1500 E1558.60243
G1 F2654.9 X122.776 Y87.249 E1558.6118
G1 F2390.4 X118.498 Y87.25 E1558.79037
G1 F2400 X118.498 Y87.75 E1558.81116
G1 F2390.4 X122.819 Y87.748 E1558.99152
G1 F2654.9 X123.508 Y87.8 E1559.01749
G1 F3000 X124.105 Y87.8 E1559.03735
G1 X124.14 Y82.984 E1559.19753
G1 X124.117 Y82.2 E1559.22362
G1 X123.522 Y82.2 E1559.24341
G1 F2666.7 X122.732 Y82.25 E1559.27303
G1 F2390.4 X97.177 Y82.252 E1560.33973
G1 F2654.9 X96.476 Y82.201 E1560.36615
G1 F3000 X95.88 Y82.201 E1560.38597
G1 X95.86 Y83.014 E1560.41302
G1 X95.891 Y87.8 E1560.5722
G1 X96.488 Y87.8 E1560.59206
G1 F2666.7 X97.264 Y87.75 E1560.62116
G1 F2400 X101.501 Y87.75 E1560.79731
G1 X101.499 Y87.25 E1560.8181
G1 X97.264 Y87.25 E1560.99417
G1 F2666.7 X97.07 Y87.05 E1561.00459
G1 F3000 X97.069 Y82.953 E1561.14086
G1 F2654.9 X97.22 Y82.751 E1561.15034
G1 F2390.4 X122.732 Y82.75 E1562.21525
G1 F2666.7 X122.927 Y82.953 E1562.22578
G1 F3000 X122.926 Y87.05 E1562.36205
G1 F1500 E1555.86205
;MESH:NONMESH
G0 F300 X122.926 Y87.05 Z7.4
G0 F15000 X123.243 Y87.05
G0 X123.171 Y87.438
G0 X118.673 Y87.576
G0 X118.673 Y88.665
G0 X106.116 Y124.652
G0 X106.356 Y125.506
;TIME_ELAPSED:1657.078174
;LAYER:36
;TYPE:SUPPORT
G1 F1500 E1562.36205
G1 F3000 X107.999 Y125.044 E1562.41881
G1 X109.64 Y125.506 E1562.47552
G1 X110.833 Y126.763 E1562.53316
G1 X111.291 Y128.334 E1562.58758
G1 X110.829 Y129.979 E1562.64441
G1 X109.639 Y131.169 E1562.70039
G1 X107.998 Y131.628 E1562.75706
G1 X106.426 Y131.17 E1562.81152
G1 X105.166 Y129.906 E1562.87088
G1 X104.701 Y128.335 E1562.92537
G1 X105.163 Y126.763 E1562.97987
G1 X106.356 Y125.506 E1563.03751
G1 F1500 E1556.53751
;MESH:9VBatteryHolder_v3.stl
G0 F15000 X105.729 Y124.912
G0 X104.395 Y126.321
G0 X103.806 Y128.338
G0 X104.341 Y130.163
G0 X106.356 Y134.335
G0 X106.356 Y135.43
G0 X97 Y136
;TYPE:WALL-INNER
G1 F1500 E1563.03751
G1 F3000 X123 Y136 E1563.90227
G1 F2941.2 X123.174 Y135.993 E1563.90818
G0 F15000 X123.697 Y135.697
G1 F3045.7 X123.174 Y135.993 E1563.92787
G1 X124.014 Y136.014 E1563.9554
G1 F3053.4 X123.993 Y135.174 E1563.98285
G1 X123.697 Y135.697 E1564.00249
G0 F15000 X123.993 Y135.174
G1 F2948.4 X124 Y135 E1564.00839
G1 F3000 X124 Y91 E1565.47183
G1 F1500 E1558.97183
G0 F15000 X123.838 Y135.838
G0 X96.162 Y135.838
G0 X96 Y91
G1 F1500 E1565.47183
G1 F3000 X96 Y135 E1566.93528
G1 F2941.2 X96.007 Y135.174 E1566.94119
G0 F15000 X96.303 Y135.697
G1 F3045.7 X96.007 Y135.174 E1566.96087
G1 X95.986 Y136.014 E1566.9884
G1 F3108.8 X97 Y136 E1567.02095
G1 X96.303 Y135.697 E1567.04534
G0 F15000 X96.09 Y135.697
G0 X123.838 Y135.838
G0 X123.91 Y135.424
G0 X123.424 Y135.424
G1 F3000 X123.089 Y135.6 E1567.05793
G1 X97 Y135.6 E1567.92565
G1 X96.575 Y135.425 E1567.94094
G1 X96.4 Y135.089 E1567.95354
G1 X96.4 Y90.6 E1569.43325
G1 X95.6 Y90.6 E1569.45986
G1 X95.601 Y136.399 E1570.98314
G1 X124.4 Y136.4 E1571.941
G1 X124.4 Y90.6 E1573.46431
G1 X123.6 Y90.6 E1573.49092
G1 X123.6 Y135.089 E1574.97063
G1 X123.424 Y135.424 E1574.98322
G0 F15000 X123.198 Y135.035
;TYPE:WALL-OUTER
G1 F3000 X123.142 Y135.142 E1574.98723
G1 X123.035 Y135.198 E1574.99125
G1 X97 Y135.2 E1575.85718
G1 X96.858 Y135.142 E1575.86228
G1 X96.802 Y135.035 E1575.8663
G1 X96.8 Y90.2 E1577.35751
G1 X95.2 Y90.2 E1577.41073
G1 X95.201 Y136.799 E1578.96062
G1 X124.8 Y136.8 E1579.94509
G1 X124.8 Y90.2 E1581.49501
G1 X123.2 Y90.2 E1581.54823
G1 X123.198 Y135.035 E1583.03944
G1 F1500 E1576.53944
G0 F15000 X123.51 Y135.035
G0 X123.424 Y90.424
G0 X122.335 Y90.424
G0 X114.19 Y87.574
G0 X113.274 Y87.75
G1 F1500 E1583.03944
G1 F2400 X106.722 Y87.75 E1583.31184
G1 X106.722 Y87.25 E1583.33263
G1 X113.274 Y87.25 E1583.60503
G1 X113.274 Y87.75 E1583.62582
G1 F1500 E1577.12582
G0 F15000 X113.046 Y87.52
G0 X114.19 Y87.422
G0 X117.823 Y88.653
G0 X123.245 Y88.665
G0 X123.796 Y84.159
;TYPE:WALL-INNER
G1 F1500 E1583.62582
G1 F3076.9 X123.783 Y82.598 E1583.67644
G1 F3022.7 X123.075 Y82.598 E1583.69981
G1 F3045.7 X123.41 Y82.856 E1583.71367
G1 F3100.8 X123.403 Y87.151 E1583.85188
G1 F3108.8 X123.119 Y87.407 E1583.86415
G1 F3092.8 X123.773 Y87.405 E1583.88525
G1 F3141.4 X123.783 Y87.001 E1583.89808
G1 F3157.9 X123.796 Y84.159 E1583.98788
G0 F15000 X123.259 Y82.562
G0 X96.741 Y82.562
G0 X96.2 Y84.163
G1 F3108.8 X96.223 Y87.406 E1584.09197
G1 F3084.8 X96.928 Y87.406 E1584.11478
G1 F3100.8 X96.589 Y87.148 E1584.12849
G1 F3092.8 X96.585 Y82.859 E1584.26686
G1 F3061.2 X96.872 Y82.596 E1584.27955
G1 F3038 X96.215 Y82.597 E1584.30113
G1 F3092.8 X96.203 Y83 E1584.31413
G1 F3133.2 X96.2 Y84.163 E1584.35117
G1 F1500 E1577.85117
G0 F15000 X96.741 Y82.562
G0 X123.259 Y82.562
G0 X123.331 Y87.054
G0 X123.013 Y87.054
;TYPE:WALL-OUTER
G1 F1500 E1584.35117
G1 F2654.9 X122.864 Y87.249 E1584.3604
G1 F2390.4 X118.722 Y87.25 E1584.53329
G1 F2400 X118.722 Y87.75 E1584.55408
G1 F2390.4 X122.907 Y87.748 E1584.72876
G1 F2654.9 X123.58 Y87.799 E1584.75413
G1 F3000 X124.165 Y87.799 E1584.77359
G1 X124.188 Y84.157 E1584.89472
G1 X124.18 Y82.995 E1584.93337
G1 X124.187 Y82.78 E1584.94053
G1 X124.169 Y82.2 E1584.95983
G1 X123.59 Y82.2 E1584.97909
G1 F2666.7 X122.82 Y82.25 E1585.00796
G1 F2390.4 X97.089 Y82.252 E1586.08201
G1 F2654.9 X96.408 Y82.2 E1586.10768
G1 F3000 X95.828 Y82.2 E1586.12697
G1 X95.813 Y82.833 E1586.14803
G1 X95.808 Y84.165 E1586.19233
G1 X95.831 Y87.8 E1586.31323
G1 X96.416 Y87.8 E1586.33269
G1 F2666.7 X97.176 Y87.75 E1586.36119
G1 F2400 X101.274 Y87.75 E1586.53156
G1 X101.274 Y87.25 E1586.55235
G1 X97.176 Y87.25 E1586.72273
G1 F2666.7 X96.976 Y87.047 E1586.73339
G1 F3000 X96.982 Y82.948 E1586.86972
G1 F2654.9 X97.132 Y82.751 E1586.87903
G1 F2390.4 X122.82 Y82.75 E1587.95128
G1 F2666.7 X123.015 Y82.951 E1587.96176
G1 F3000 X123.013 Y87.054 E1588.09823
G1 F1500 E1581.59823
;MESH:NONMESH
G0 F300 X123.013 Y87.054 Z7.6
G0 F15000 X123.331 Y87.054
G0 X123.259 Y87.438
G0 X118.899 Y87.576
G0 X118.899 Y88.665
G0 X106.129 Y124.674
G0 X106.368 Y125.526
;TIME_ELAPSED:1686.133054
;LAYER:37
;TYPE:SUPPORT
G1 F1500 E1588.09823
G1 F3000 X107.999 Y125.068 E1588.15457
G1 X109.628 Y125.526 E1588.21086
G1 X110.813 Y126.775 E1588.26812
G1 X111.267 Y128.334 E1588.32213
G1 X110.809 Y129.967 E1588.37854
G1 X109.627 Y131.149 E1588.43413
G1 X107.998 Y131.607 E1588.49042
G1 X106.438 Y131.15 E1588.54448
G1 X105.186 Y129.898 E1588.60337
G1 X104.725 Y128.335 E1588.65757
G1 X105.183 Y126.775 E1588.71165
G1 X106.368 Y125.526 E1588.76891
G1 F1500 E1582.26891
;MESH:9VBatteryHolder_v3.stl
G0 F15000 X105.74 Y124.932
G0 X104.415 Y126.332
G0 X103.829 Y128.338
G0 X104.361 Y130.153
G0 X106.368 Y134.335
G0 X106.368 Y135.43
G0 X97 Y136
;TYPE:WALL-INNER
G1 F1500 E1588.76891
G1 F3000 X123 Y136 E1589.63367
G1 F2941.2 X123.174 Y135.993 E1589.63958
G0 F15000 X123.697 Y135.697
G1 F3045.7 X123.174 Y135.993 E1589.65927
G1 X124.014 Y136.014 E1589.6868
G1 F3053.4 X123.993 Y135.174 E1589.71426
G1 X123.697 Y135.697 E1589.73389
G0 F15000 X123.993 Y135.174
G1 F2948.4 X124 Y135 E1589.73979
G1 F3000 X124 Y91 E1591.20323
G1 F1500 E1584.70323
G0 F15000 X123.838 Y135.838
G0 X96.162 Y135.838
G0 X96 Y91
G1 F1500 E1591.20323
G1 F3000 X96 Y135 E1592.66668
G1 F2941.2 X96.007 Y135.174 E1592.67259
G0 F15000 X96.303 Y135.697
G1 F3045.7 X96.007 Y135.174 E1592.69228
G1 X95.986 Y136.014 E1592.7198
G1 F3108.8 X97 Y136 E1592.75235
G1 X96.303 Y135.697 E1592.77675
G0 F15000 X96.09 Y135.697
G0 X123.838 Y135.838
G0 X123.91 Y135.424
G0 X123.424 Y135.424
G1 F3000 X123.089 Y135.6 E1592.78933
G1 X97 Y135.6 E1593.65706
G1 X96.575 Y135.425 E1593.67234
G1 X96.4 Y135.089 E1593.68494
G1 X96.4 Y90.6 E1595.16465
G1 X95.6 Y90.6 E1595.19126
G1 X95.601 Y136.399 E1596.71454
G1 X124.4 Y136.4 E1597.6724
G1 X124.4 Y90.6 E1599.19571
G1 X123.6 Y90.6 E1599.22232
G1 X123.6 Y135.089 E1600.70203
G1 X123.424 Y135.424 E1600.71462
G0 F15000 X123.198 Y135.035
;TYPE:WALL-OUTER
G1 F3000 X123.142 Y135.142 E1600.71864
G1 X123.035 Y135.198 E1600.72265
G1 X97 Y135.2 E1601.58858
G1 X96.858 Y135.142 E1601.59368
G1 X96.802 Y135.035 E1601.5977
G1 X96.8 Y90.2 E1603.08892
G1 X95.2 Y90.2 E1603.14213
G1 X95.201 Y136.799 E1604.69202
G1 X124.8 Y136.8 E1605.67649
G1 X124.8 Y90.2 E1607.22641
G1 X123.2 Y90.2 E1607.27963
G1 X123.198 Y135.035 E1608.77085
G1 F1500 E1602.27085
G0 F15000 X123.51 Y135.035
G0 X123.424 Y90.424
G0 X122.335 Y90.424
G0 X113.995 Y87.574
G0 X113.078 Y87.75
G1 F1500 E1608.77085
G1 F2400 X106.918 Y87.75 E1609.02695
G1 X106.918 Y87.25 E1609.04774
G1 X113.078 Y87.25 E1609.30384
G1 X113.078 Y87.75 E1609.32463
G1 F1500 E1602.82463
G0 F15000 X112.851 Y87.52
G0 X113.995 Y87.422
G0 X118.018 Y88.653
G0 X123.298 Y88.665
G0 X123.851 Y85.319
;TYPE:WALL-INNER
G1 F1500 E1609.32463
G1 F3084.8 X123.838 Y82.597 E1609.41267
G1 F3053.4 X123.123 Y82.596 E1609.43604
G1 F3076.9 X123.46 Y82.854 E1609.4498
G1 F3108.8 X123.457 Y87.148 E1609.58762
G1 F3092.8 X123.174 Y87.405 E1609.59995
G1 F3061.2 X123.831 Y87.403 E1609.62137
G1 F3108.8 X123.842 Y87.001 E1609.63428
G1 F3141.4 X123.851 Y85.319 E1609.6877
G1 F1500 E1603.1877
G0 F15000 X123.312 Y82.562
G0 X96.688 Y82.562
G0 X96.145 Y85.325
G1 F1500 E1609.6877
G1 F3076.9 X96.164 Y87.404 E1609.75513
G1 F3053.4 X96.873 Y87.404 E1609.77829
G1 F3069.1 X96.534 Y87.144 E1609.79218
G1 F3092.8 X96.536 Y82.855 E1609.93056
G1 F3076.9 X96.822 Y82.595 E1609.94309
G1 F3053.4 X96.158 Y82.596 E1609.96479
G1 F3076.9 X96.145 Y85.325 E1610.05329
G1 F1500 E1603.55329
G0 F15000 X96.688 Y82.562
G0 X123.312 Y82.562
G0 X123.384 Y87.044
G0 X123.073 Y87.044
;TYPE:WALL-OUTER
G1 F1500 E1610.05329
G1 F2654.9 X122.916 Y87.249 E1610.06299
G1 F2390.4 X118.918 Y87.25 E1610.22988
G1 F2400 X118.918 Y87.75 E1610.25066
G1 F2390.4 X122.959 Y87.748 E1610.41934
G1 F2654.9 X123.637 Y87.799 E1610.44489
G1 F3000 X124.225 Y87.799 E1610.46445
G1 X124.243 Y85.316 E1610.54704
G1 X124.224 Y82.997 E1610.62417
G1 X124.235 Y82.624 E1610.63658
G1 X124.224 Y82.201 E1610.65066
G1 X123.637 Y82.2 E1610.67018
G1 F2666.7 X122.872 Y82.25 E1610.69887
G1 F2390.4 X97.037 Y82.252 E1611.77726
G1 F2654.9 X96.358 Y82.2 E1611.80285
G1 F3000 X95.772 Y82.2 E1611.82234
G1 X95.76 Y82.664 E1611.83778
G1 X95.772 Y82.995 E1611.8488
G1 X95.752 Y85.327 E1611.92636
G1 X95.771 Y87.8 E1612.00862
G1 X96.359 Y87.8 E1612.02817
G1 F2666.7 X97.124 Y87.75 E1612.05686
G1 F2400 X101.078 Y87.75 E1612.22125
G1 X101.078 Y87.25 E1612.24203
G1 X97.124 Y87.25 E1612.40642
G1 F2666.7 X96.924 Y87.046 E1612.41711
G1 F3000 X96.93 Y82.947 E1612.55345
G1 F2654.9 X97.08 Y82.751 E1612.56272
G1 F2390.4 X122.872 Y82.75 E1613.63932
G1 F2666.7 X123.072 Y82.954 E1613.65001
G1 F3000 X123.073 Y87.044 E1613.78604
G1 F1500 E1607.28604
;MESH:NONMESH
G0 F300 X123.073 Y87.044 Z7.8
G0 F15000 X123.384 Y87.044
G0 X123.312 Y87.438
G0 X119.094 Y87.576
G0 X119.094 Y88.665
G0 X106.14 Y124.694
G0 X106.38 Y125.55
;TIME_ELAPSED:1715.824347
;LAYER:38
;TYPE:SUPPORT
G1 F1500 E1613.78604
G1 F3000 X107.999 Y125.092 E1613.842
G1 X109.616 Y125.55 E1613.8979
G1 X110.793 Y126.787 E1613.95469
G1 X111.244 Y128.334 E1614.00829
G1 X110.789 Y129.955 E1614.06428
G1 X109.615 Y131.125 E1614.11941
G1 X107.997 Y131.58 E1614.17531
G1 X106.45 Y131.13 E1614.2289
G1 X105.206 Y129.886 E1614.28741
G1 X104.753 Y128.335 E1614.34116
G1 X105.203 Y126.787 E1614.39477
G1 X106.38 Y125.55 E1614.45156
G1 F1500 E1607.95156
;MESH:9VBatteryHolder_v3.stl
G0 F15000 X105.752 Y124.956
G0 X104.438 Y126.343
G0 X103.854 Y128.338
G0 X104.383 Y130.142
G0 X106.38 Y134.335
G0 X106.38 Y135.43
G0 X97 Y136
;TYPE:WALL-INNER
G1 F1500 E1614.45156
G1 F3000 X123 Y136 E1615.31633
G1 F2941.2 X123.174 Y135.993 E1615.32224
G0 F15000 X123.697 Y135.697
G1 F3045.7 X123.174 Y135.993 E1615.34192
G1 X124.014 Y136.014 E1615.36945
G1 F3053.4 X123.993 Y135.174 E1615.39691
G1 X123.697 Y135.697 E1615.41655
G0 F15000 X123.993 Y135.174
G1 F2948.4 X124 Y135 E1615.42244
G1 F3000 X124 Y91 E1616.88589
G1 F1500 E1610.38589
G0 F15000 X123.838 Y135.838
G0 X96.162 Y135.838
G0 X96 Y91
G1 F1500 E1616.88589
G1 F3000 X96 Y135 E1618.34933
G1 F2941.2 X96.007 Y135.174 E1618.35524
G0 F15000 X96.303 Y135.697
G1 F3045.7 X96.007 Y135.174 E1618.37493
G1 X95.986 Y136.014 E1618.40246
G1 F3108.8 X97 Y136 E1618.43501
G1 X96.303 Y135.697 E1618.4594
G0 F15000 X96.09 Y135.697
G0 X123.838 Y135.838
G0 X123.91 Y135.424
G0 X123.424 Y135.424
G1 F3000 X123.089 Y135.6 E1618.47199
G1 X97 Y135.6 E1619.33971
G1 X96.575 Y135.425 E1619.355
G1 X96.4 Y135.089 E1619.3676
G1 X96.4 Y90.6 E1620.84731
G1 X95.6 Y90.6 E1620.87391
G1 X95.601 Y136.399 E1622.3972
G1 X124.4 Y136.4 E1623.35505
G1 X124.4 Y90.6 E1624.87837
G1 X123.6 Y90.6 E1624.90498
G1 X123.6 Y135.089 E1626.38469
G1 X123.424 Y135.424 E1626.39727
G0 F15000 X123.198 Y135.035
;TYPE:WALL-OUTER
G1 F3000 X123.142 Y135.142 E1626.40129
G1 X123.035 Y135.198 E1626.40531
G1 X97 Y135.2 E1627.27123
G1 X96.858 Y135.142 E1627.27634
G1 X96.802 Y135.035 E1627.28035
G1 X96.8 Y90.2 E1628.77157
G1 X95.2 Y90.2 E1628.82479
G1 X95.201 Y136.799 E1630.37468
G1 X124.8 Y136.8 E1631.35914
G1 X124.8 Y90.2 E1632.90907
G1 X123.2 Y90.2 E1632.96228
G1 X123.198 Y135.035 E1634.4535
G1 F1500 E1627.9535
G0 F15000 X123.51 Y135.035
G0 X123.424 Y90.424
G0 X122.335 Y90.424
G0 X113.857 Y87.574
G0 X112.942 Y87.75
G1 F1500 E1634.4535
G1 F2400 X107.054 Y87.75 E1634.69829
G1 X107.054 Y87.25 E1634.71908
G1 X112.942 Y87.25 E1634.96388
G1 X112.942 Y87.75 E1634.98466
G1 F1500 E1628.48466
G0 F15000 X112.713 Y87.52
G0 X113.857 Y87.422
G0 X118.156 Y88.653
G0 X123.352 Y88.665
G0 X123.904 Y86.479
;TYPE:WALL-INNER
G1 F1500 E1634.98466
G1 F3108.8 X123.886 Y82.595 E1635.10933
G1 F3092.8 X123.177 Y82.595 E1635.1322
G1 F3108.8 X123.514 Y82.85 E1635.14576
G1 X123.519 Y87.143 E1635.28355
G1 F3061.2 X123.232 Y87.404 E1635.2962
G1 F3045.7 X123.891 Y87.402 E1635.31779
G1 F3092.8 X123.904 Y86.479 E1635.34757
G1 F1500 E1628.84757
G0 F15000 X123.366 Y82.562
G0 X96.634 Y82.562
G0 X96.093 Y86.484
G1 F1500 E1635.34757
G1 F3061.2 X96.105 Y87.402 E1635.37749
G1 F3022.7 X96.817 Y87.402 E1635.401
G1 F3045.7 X96.48 Y87.143 E1635.41492
G1 F3076.9 X96.486 Y82.852 E1635.55407
G1 F3092.8 X96.772 Y82.594 E1635.5665
G1 F3084.8 X96.118 Y82.595 E1635.58765
G1 F3100.8 X96.093 Y86.484 E1635.7128
G1 F1500 E1629.2128
G0 F15000 X96.634 Y82.562
G0 X123.366 Y82.562
G0 X123.438 Y87.043
G0 X123.129 Y87.043
;TYPE:WALL-OUTER
G1 F1500 E1635.7128
G1 F2654.9 X122.972 Y87.249 E1635.72253
G1 F2390.4 X119.055 Y87.25 E1635.88604
G1 F2400 X119.057 Y87.75 E1635.90682
G1 F2390.4 X123.015 Y87.748 E1636.07204
G1 F2654.9 X123.696 Y87.799 E1636.0977
G1 F3000 X124.285 Y87.799 E1636.11729
G1 X124.295 Y86.477 E1636.16126
G1 X124.272 Y82.999 E1636.27695
G1 X124.283 Y82.451 E1636.29518
G1 X124.276 Y82.201 E1636.30349
G1 X123.688 Y82.201 E1636.32305
G1 F2666.7 X122.928 Y82.25 E1636.35155
G1 F2390.4 X96.985 Y82.252 E1637.43445
G1 F2654.9 X96.311 Y82.2 E1637.45985
G1 F3000 X95.719 Y82.2 E1637.47954
G1 X95.712 Y82.483 E1637.48896
G1 X95.728 Y82.995 E1637.506
G1 X95.7 Y86.484 E1637.62204
G1 X95.711 Y87.8 E1637.66582
G1 X96.302 Y87.8 E1637.68547
G1 F2666.7 X97.072 Y87.75 E1637.71435
G1 F2400 X100.942 Y87.75 E1637.87524
G1 X100.942 Y87.25 E1637.89603
G1 X97.072 Y87.25 E1638.05692
G1 F2666.7 X96.878 Y87.052 E1638.0673
G1 F3000 X96.872 Y82.955 E1638.20356
G1 F2654.9 X97.028 Y82.751 E1638.21322
G1 F2390.4 X122.928 Y82.75 E1639.29432
G1 F2666.7 X123.128 Y82.953 E1639.30498
G1 F3000 X123.129 Y87.043 E1639.44102
G1 F1500 E1632.94102
;MESH:NONMESH
G0 F300 X123.129 Y87.043 Z8
G0 F15000 X123.438 Y87.043
G0 X123.366 Y87.438
G0 X119.232 Y87.576
G0 X119.232 Y88.665
G0 X106.152 Y124.716
G0 X106.392 Y125.57
;TIME_ELAPSED:1745.520841
;LAYER:39
;TYPE:SUPPORT
G1 F1500 E1639.44102
G1 F3000 X107.999 Y125.116 E1639.49656
G1 X109.604 Y125.57 E1639.55203
G1 X110.773 Y126.799 E1639.60845
G1 X111.22 Y128.334 E1639.66162
G1 X110.769 Y129.943 E1639.7172
G1 X109.603 Y131.105 E1639.77195
G1 X107.997 Y131.556 E1639.82744
G1 X106.462 Y131.11 E1639.8806
G1 X105.226 Y129.874 E1639.93874
G1 X104.773 Y128.335 E1639.9921
G1 X105.223 Y126.799 E1640.04533
G1 X106.392 Y125.57 E1640.10175
G1 F1500 E1633.60175
;MESH:9VBatteryHolder_v3.stl
G0 F15000 X105.764 Y124.976
G0 X104.457 Y126.356
G0 X103.878 Y128.338
G0 X104.404 Y130.132
G0 X106.392 Y134.335
G0 X106.392 Y135.43
G0 X97 Y136
;TYPE:WALL-INNER
G1 F1500 E1640.10175
G1 F3000 X123 Y136 E1640.96651
G1 F2941.2 X123.174 Y135.993 E1640.97242
G0 F15000 X123.697 Y135.697
G1 F3045.7 X123.174 Y135.993 E1640.99211
G1 X124.014 Y136.014 E1641.01964
G1 F3053.4 X123.993 Y135.174 E1641.04709
G1 X123.697 Y135.697 E1641.06673
G0 F15000 X123.993 Y135.174
G1 F2948.4 X124 Y135 E1641.07262
G1 F3000 X124 Y91 E1642.53607
G1 F1500 E1636.03607
G0 F15000 X123.838 Y135.838
G0 X96.162 Y135.838
G0 X96 Y91
G1 F1500 E1642.53607
G1 F3000 X96 Y135 E1643.99952
G1 F2941.2 X96.007 Y135.174 E1644.00542
G0 F15000 X96.303 Y135.697
G1 F3045.7 X96.007 Y135.174 E1644.02511
G1 X95.986 Y136.014 E1644.05264
G1 F3108.8 X97 Y136 E1644.08519
G1 X96.303 Y135.697 E1644.10958
G0 F15000 X96.09 Y135.697
G0 X123.838 Y135.838
G0 X123.91 Y135.424
G0 X123.424 Y135.424
G1 F3000 X123.089 Y135.6 E1644.12217
G1 X97 Y135.6 E1644.98989
G1 X96.575 Y135.425 E1645.00518
G1 X96.4 Y135.089 E1645.01778
G1 X96.4 Y90.6 E1646.49749
G1 X95.6 Y90.6 E1646.5241
G1 X95.601 Y136.399 E1648.04738
G1 X124.4 Y136.4 E1649.00524
G1 X124.4 Y90.6 E1650.52855
G1 X123.6 Y90.6 E1650.55516
G1 X123.6 Y135.089 E1652.03487
G1 X123.424 Y135.424 E1652.04746
G0 F15000 X123.198 Y135.035
;TYPE:WALL-OUTER
G1 F3000 X123.142 Y135.142 E1652.05147
G1 X123.035 Y135.198 E1652.05549
G1 X97 Y135.2 E1652.92142
G1 X96.858 Y135.142 E1652.92652
G1 X96.802 Y135.035 E1652.93054
G1 X96.8 Y90.2 E1654.42175
G1 X95.2 Y90.2 E1654.47497
G1 X95.201 Y136.799 E1656.02486
G1 X124.8 Y136.8 E1657.00933
G1 X124.8 Y90.2 E1658.55925
G1 X123.2 Y90.2 E1658.61246
G1 X123.198 Y135.035 E1660.10368
G1 F1500 E1653.60368
G0 F15000 X123.51 Y135.035
G0 X123.424 Y90.424
G0 X122.335 Y90.424
G0 X113.719 Y87.574
G0 X112.802 Y87.75
G1 F1500 E1660.10368
G1 F2400 X107.194 Y87.75 E1660.33684
G1 X107.194 Y87.25 E1660.35762
G1 X112.802 Y87.25 E1660.59078
G1 X112.802 Y87.75 E1660.61156
G1 F1500 E1654.11156
G0 F15000 X112.575 Y87.52
G0 X113.719 Y87.422
G0 X118.281 Y87.426
G0 X123.57 Y87.143
;TYPE:WALL-INNER
G1 F1500 E1660.61156
G1 F3069.1 X123.284 Y87.404 E1660.62415
G1 F3045.7 X123.943 Y87.403 E1660.64574
G1 F3076.9 X123.934 Y82.593 E1660.80172
G1 F3116.9 X123.225 Y82.593 E1660.82442
G1 F3125 X123.564 Y82.848 E1660.83797
G1 F3116.9 X123.57 Y87.143 E1660.97546
G1 F1500 E1654.47546
G0 F15000 X123.419 Y82.562
G0 X96.581 Y82.562
G0 X96.427 Y87.146
G1 F1500 E1660.97546
G1 F3149.6 X96.433 Y82.847 E1661.11166
G1 F3133.2 X96.721 Y82.591 E1661.12393
G1 F3125 X96.065 Y82.592 E1661.14487
G1 F3092.8 X96.052 Y87.404 E1661.30012
G1 F3053.4 X96.765 Y87.404 E1661.32342
G1 F3108.8 X96.427 Y87.146 E1661.33707
G1 F1500 E1654.83707
G0 F15000 X96.581 Y82.562
G0 X123.419 Y82.562
G0 X123.491 Y87.053
G0 X123.173 Y87.053
;TYPE:WALL-OUTER
G1 F1500 E1661.33707
G1 F2654.9 X123.024 Y87.249 E1661.34632
G1 F2390.4 X119.194 Y87.25 E1661.50619
G1 F2400 X119.194 Y87.75 E1661.52698
G1 F2390.4 X123.067 Y87.748 E1661.68864
G1 F2654.9 X123.746 Y87.8 E1661.71424
G1 F3000 X124.342 Y87.8 E1661.73406
G1 X124.316 Y82.998 E1661.89378
G1 X124.333 Y82.2 E1661.92032
G1 X123.736 Y82.201 E1661.94018
G1 F2666.7 X122.98 Y82.25 E1661.96853
G1 F2390.4 X96.929 Y82.252 E1663.05594
G1 F2654.9 X96.262 Y82.2 E1663.08108
G1 F3000 X95.667 Y82.2 E1663.10087
G1 X95.684 Y82.997 E1663.12738
G1 X95.654 Y87.8 E1663.28714
G1 X96.25 Y87.8 E1663.30696
G1 F2666.7 X97.016 Y87.75 E1663.33568
G1 F2400 X100.802 Y87.75 E1663.49309
G1 X100.802 Y87.25 E1663.51387
G1 X97.016 Y87.25 E1663.67128
G1 F2666.7 X96.822 Y87.053 E1663.68162
G1 F3000 X96.816 Y82.953 E1663.81799
G1 F2654.9 X96.972 Y82.751 E1663.82758
G1 F2390.4 X122.98 Y82.75 E1664.91319
G1 F2666.7 X123.18 Y82.952 E1664.92383
G1 F3000 X123.173 Y87.053 E1665.06023
G1 F1500 E1658.56023
;MESH:NONMESH
G0 F300 X123.173 Y87.053 Z8.2
G0 F15000 X123.491 Y87.053
G0 X123.419 Y87.438
G0 X119.37 Y87.576
G0 X119.37 Y88.665
G0 X106.164 Y124.736
G0 X106.404 Y125.59
;TIME_ELAPSED:1775.049545
;LAYER:40
;TYPE:SUPPORT
G1 F1500 E1665.06023
G1 F3000 X107.999 Y125.14 E1665.11535
G1 X109.592 Y125.59 E1665.17041
G1 X110.753 Y126.811 E1665.22645
G1 X111.196 Y128.334 E1665.2792
G1 X110.749 Y129.931 E1665.33436
G1 X109.591 Y131.085 E1665.38873
G1 X107.998 Y131.532 E1665.44376
G1 X106.474 Y131.086 E1665.49658
G1 X105.246 Y129.862 E1665.55424
G1 X104.801 Y128.337 E1665.60708
G1 X105.247 Y126.811 E1665.65996
G1 X106.404 Y125.59 E1665.71591
G1 F1500 E1659.21591
;MESH:9VBatteryHolder_v3.stl
G0 F15000 X105.776 Y124.996
G0 X104.479 Y126.366
G0 X103.902 Y128.338
G0 X104.425 Y130.122
G0 X106.404 Y134.335
G0 X106.404 Y135.43
G0 X97 Y136
;TYPE:WALL-INNER
G1 F1500 E1665.71591
G1 F3000 X123 Y136 E1666.58067
G1 F2941.2 X123.174 Y135.993 E1666.58658
G0 F15000 X123.697 Y135.697
G1 F3045.7 X123.174 Y135.993 E1666.60627
G1 X124.014 Y136.014 E1666.63379
G1 F3053.4 X123.993 Y135.174 E1666.66125
G1 X123.697 Y135.697 E1666.68089
G0 F15000 X123.993 Y135.174
G1 F2948.4 X124 Y135 E1666.68678
G1 F3000 X124 Y91 E1668.15023
G1 F1500 E1661.65023
G0 F15000 X123.838 Y135.838
G0 X96.162 Y135.838
G0 X96 Y91
G1 F1500 E1668.15023
G1 F3000 X96 Y135 E1669.61368
G1 F2941.2 X96.007 Y135.174 E1669.61958
G0 F15000 X96.303 Y135.697
G1 F3045.7 X96.007 Y135.174 E1669.63927
G1 X95.986 Y136.014 E1669.6668
G1 F3108.8 X97 Y136 E1669.69935
G1 X96.303 Y135.697 E1669.72374
G0 F15000 X96.09 Y135.697
G0 X123.838 Y135.838
G0 X123.91 Y135.424
G0 X123.424 Y135.424
G1 F3000 X123.089 Y135.6 E1669.73633
G1 X97 Y135.6 E1670.60405
G1 X96.575 Y135.425 E1670.61934
G1 X96.4 Y135.089 E1670.63194
G1 X96.4 Y90.6 E1672.11165
G1 X95.6 Y90.6 E1672.13826
G1 X95.601 Y136.399 E1673.66154
G1 X124.4 Y136.4 E1674.6194
G1 X124.4 Y90.6 E1676.14271
G1 X123.6 Y90.6 E1676.16932
G1 X123.6 Y135.089 E1677.64903
G1 X123.424 Y135.424 E1677.66162
G0 F15000 X123.198 Y135.035
;TYPE:WALL-OUTER
G1 F3000 X123.142 Y135.142 E1677.66563
G1 X123.035 Y135.198 E1677.66965
G1 X97 Y135.2 E1678.53558
G1 X96.858 Y135.142 E1678.54068
G1 X96.802 Y135.035 E1678.54469
G1 X96.8 Y90.2 E1680.03591
G1 X95.2 Y90.2 E1680.08913
G1 X95.201 Y136.799 E1681.63902
G1 X124.8 Y136.8 E1682.62349
G1 X124.8 Y90.2 E1684.17341
G1 X123.2 Y90.2 E1684.22662
G1 X123.198 Y135.035 E1685.71784
G1 F1500 E1679.21784
G0 F15000 X123.51 Y135.035
G0 X123.424 Y90.424
G0 X122.335 Y90.424
G0 X113.581 Y87.574
G0 X112.666 Y87.75
G1 F1500 E1685.71784
G1 F2400 X107.33 Y87.75 E1685.93969
G1 X107.33 Y87.25 E1685.96047
G1 X112.666 Y87.25 E1686.18232
G1 X112.666 Y87.75 E1686.20311
G1 F1500 E1679.70311
G0 F15000 X112.437 Y87.52
G0 X113.581 Y87.422
G0 X118.419 Y87.426
G0 X123.999 Y86.975
;TYPE:WALL-INNER
G1 F1500 E1686.20311
G1 F3166.2 X123.977 Y82.591 E1686.34127
G1 F3149.6 X123.273 Y82.591 E1686.36357
G1 F3157.9 X123.614 Y82.845 E1686.377
G1 F3174.6 X123.616 Y87.149 E1686.51228
G1 F3125 X123.332 Y87.406 E1686.52451
G1 F3069.1 X123.989 Y87.405 E1686.54587
G1 F3125 X123.999 Y86.975 E1686.55961
G1 F1500 E1680.05961
G0 F15000 X123.473 Y82.562
G0 X96.527 Y82.562
G0 X96.376 Y87.147
G1 F1500 E1686.55961
G1 F3141.4 X96.382 Y82.847 E1686.69619
G1 F3157.9 X96.67 Y82.59 E1686.70839
G1 F3141.4 X96.019 Y82.591 E1686.72906
G1 F3166.2 X96 Y86.981 E1686.86741
G1 F3141.4 X96.009 Y87.405 E1686.88088
G1 F3084.8 X96.716 Y87.405 E1686.90375
G1 F3108.8 X96.376 Y87.147 E1686.91745
G1 F1500 E1680.41745
G0 F15000 X96.527 Y82.562
G0 X123.473 Y82.562
G0 X123.545 Y87.053
G0 X123.225 Y87.053
;TYPE:WALL-OUTER
G1 F1500 E1686.91745
G1 F2654.9 X123.076 Y87.249 E1686.9267
G1 F2390.4 X119.331 Y87.25 E1687.08302
G1 F2400 X119.333 Y87.75 E1687.10381
G1 F2390.4 X123.119 Y87.748 E1687.26184
G1 F2654.9 X123.795 Y87.8 E1687.28733
G1 F3000 X124.381 Y87.8 E1687.30682
G1 X124.387 Y86.973 E1687.33432
G1 X124.36 Y83 E1687.46647
G1 X124.375 Y82.201 E1687.49305
G1 X123.783 Y82.201 E1687.51274
G1 F2666.7 X123.032 Y82.25 E1687.5409
G1 F2390.4 X96.877 Y82.252 E1688.63265
G1 F2654.9 X96.213 Y82.2 E1688.65768
G1 F3000 X95.62 Y82.2 E1688.6774
G1 X95.636 Y82.998 E1688.70395
G1 X95.612 Y86.983 E1688.83649
G1 X95.616 Y87.799 E1688.86363
G1 X96.203 Y87.799 E1688.88316
G1 F2666.7 X96.964 Y87.75 E1688.91169
G1 F2400 X100.666 Y87.75 E1689.0656
G1 X100.666 Y87.25 E1689.08639
G1 X96.964 Y87.25 E1689.2403
G1 F2666.7 X96.764 Y87.047 E1689.25097
G1 F3000 X96.764 Y82.953 E1689.38713
G1 F2654.9 X96.92 Y82.751 E1689.39672
G1 F2390.4 X123.032 Y82.75 E1690.48668
G1 F2666.7 X123.232 Y82.951 E1690.49729
G1 F3000 X123.225 Y87.053 E1690.63372
G1 F1500 E1684.13372
;MESH:NONMESH
G0 F300 X123.225 Y87.053 Z8.4
G0 F15000 X123.545 Y87.053
G0 X123.473 Y87.438
G0 X119.508 Y87.576
G0 X119.508 Y88.665
G0 X106.176 Y124.757
G0 X106.416 Y125.61
;TIME_ELAPSED:1804.572019
;LAYER:41
;TYPE:SUPPORT
G1 F1500 E1690.63372
G1 F3000 X107.999 Y125.168 E1690.68839
G1 X109.58 Y125.61 E1690.74299
G1 X110.729 Y126.823 E1690.79856
G1 X111.171 Y128.334 E1690.85092
G1 X110.725 Y129.919 E1690.90568
G1 X109.579 Y131.065 E1690.95959
G1 X107.998 Y131.508 E1691.0142
G1 X106.486 Y131.066 E1691.06659
G1 X105.27 Y129.85 E1691.12379
G1 X104.825 Y128.335 E1691.17631
G1 X105.267 Y126.823 E1691.2287
G1 X106.416 Y125.61 E1691.28427
G1 F1500 E1684.78427
;MESH:9VBatteryHolder_v3.stl
G0 F15000 X105.789 Y125.017
G0 X104.499 Y126.379
G0 X103.927 Y128.338
G0 X104.446 Y130.111
G0 X106.416 Y134.335
G0 X106.416 Y135.43
G0 X97 Y136
;TYPE:WALL-INNER
G1 F1500 E1691.28427
G1 F3000 X123 Y136 E1692.14904
G1 F2941.2 X123.174 Y135.993 E1692.15494
G0 F15000 X123.697 Y135.697
G1 F3045.7 X123.174 Y135.993 E1692.17463
G1 X124.014 Y136.014 E1692.20216
G1 F3053.4 X123.993 Y135.174 E1692.22962
G1 X123.697 Y135.697 E1692.24926
G0 F15000 X123.993 Y135.174
G1 F2948.4 X124 Y135 E1692.25515
G1 F3000 X124 Y91 E1693.71859
G1 F1500 E1687.21859
G0 F15000 X123.838 Y135.838
G0 X96.162 Y135.838
G0 X96 Y91
G1 F1500 E1693.71859
G1 F3000 X96 Y135 E1695.18204
G1 F2941.2 X96.007 Y135.174 E1695.18795
G0 F15000 X96.303 Y135.697
G1 F3045.7 X96.007 Y135.174 E1695.20764
G1 X95.986 Y136.014 E1695.23516
G1 F3108.8 X97 Y136 E1695.26771
G1 X96.303 Y135.697 E1695.29211
G0 F15000 X96.09 Y135.697
G0 X123.838 Y135.838
G0 X123.91 Y135.424
G0 X123.424 Y135.424
G1 F3000 X123.089 Y135.6 E1695.30469
G1 X97 Y135.6 E1696.17242
G1 X96.575 Y135.425 E1696.1877
G1 X96.4 Y135.089 E1696.2003
G1 X96.4 Y90.6 E1697.68001
G1 X95.6 Y90.6 E1697.70662
G1 X95.601 Y136.399 E1699.2299
G1 X124.4 Y136.4 E1700.18776
G1 X124.4 Y90.6 E1701.71108
G1 X123.6 Y90.6 E1701.73768
G1 X123.6 Y135.089 E1703.21739
G1 X123.424 Y135.424 E1703.22998
G0 F15000 X123.198 Y135.035
;TYPE:WALL-OUTER
G1 F3000 X123.142 Y135.142 E1703.234
G1 X123.035 Y135.198 E1703.23801
G1 X97 Y135.2 E1704.10394
G1 X96.858 Y135.142 E1704.10904
G1 X96.802 Y135.035 E1704.11306
G1 X96.8 Y90.2 E1705.60428
G1 X95.2 Y90.2 E1705.65749
G1 X95.201 Y136.799 E1707.20738
G1 X124.8 Y136.8 E1708.19185
G1 X124.8 Y90.2 E1709.74177
G1 X123.2 Y90.2 E1709.79499
G1 X123.198 Y135.035 E1711.28621
G1 F1500 E1704.78621
G0 F15000 X123.51 Y135.035
G0 X123.424 Y90.424
G0 X122.335 Y90.424
G0 X113.498 Y87.574
G0 X112.582 Y87.75
G1 F1500 E1711.28621
G1 F2400 X107.414 Y87.75 E1711.50107
G1 X107.414 Y87.25 E1711.52185
G1 X112.582 Y87.25 E1711.73671
G1 X112.582 Y87.75 E1711.7575
G1 F1500 E1705.2575
G0 F15000 X112.354 Y87.52
G0 X113.498 Y87.422
G0 X118.515 Y88.653
G0 X123.513 Y88.665
G0 X124.037 Y85.496
;TYPE:WALL-INNER
G1 F1500 E1711.7575
G1 F3243.2 X124.026 Y82.589 E1711.84694
G1 F3191.5 X123.326 Y82.589 E1711.86882
G1 F3208.6 X123.667 Y82.841 E1711.88201
G1 F3252 X123.664 Y87.158 E1712.01447
G1 F3225.8 X123.377 Y87.413 E1712.02634
G1 F3191.5 X124.019 Y87.411 E1712.04641
G1 F3243.2 X124.037 Y85.496 E1712.10533
G1 F1500 E1705.60533
G0 F15000 X123.527 Y82.562
G0 X96.473 Y82.562
G0 X95.959 Y85.5
G1 F1500 E1712.10533
G1 F3225.8 X95.977 Y87.412 E1712.16448
G1 F3183 X96.671 Y87.412 E1712.18623
G1 F3200 X96.328 Y87.157 E1712.19956
G1 F3234.5 X96.329 Y82.844 E1712.33261
G1 F3217.2 X96.62 Y82.587 E1712.34465
G1 F3183 X95.971 Y82.588 E1712.365
G1 F3225.8 X95.959 Y85.5 E1712.45507
G1 F1500 E1705.95507
G0 F15000 X96.473 Y82.562
G0 X123.527 Y82.562
G0 X123.599 Y87.058
G0 X123.28 Y87.058
;TYPE:WALL-OUTER
G1 F1500 E1712.45507
G1 F2654.9 X123.132 Y87.249 E1712.46415
G1 F2390.4 X119.414 Y87.25 E1712.61935
G1 F2400 X119.414 Y87.75 E1712.64013
G1 F2390.4 X123.175 Y87.748 E1712.79712
G1 F2654.9 X123.832 Y87.799 E1712.82189
G1 F3000 X124.405 Y87.799 E1712.84095
G1 X124.419 Y85.494 E1712.91761
G1 X124.404 Y82.998 E1713.00063
G1 X124.426 Y82.201 E1713.02715
G1 X123.833 Y82.201 E1713.04688
G1 F2666.7 X123.088 Y82.25 E1713.07481
G1 F2390.4 X96.821 Y82.252 E1714.17123
G1 F2654.9 X96.164 Y82.2 E1714.196
G1 F3000 X95.573 Y82.2 E1714.21566
G1 X95.592 Y82.997 E1714.24218
G1 X95.576 Y85.502 E1714.3255
G1 X95.591 Y87.8 E1714.40193
G1 X96.164 Y87.8 E1714.42099
G1 F2666.7 X96.908 Y87.75 E1714.44889
G1 F2400 X100.582 Y87.75 E1714.60164
G1 X100.582 Y87.25 E1714.62242
G1 X96.908 Y87.25 E1714.77517
G1 F2666.7 X96.708 Y87.05 E1714.78575
G1 F3000 X96.708 Y82.952 E1714.92205
G1 F2654.9 X96.864 Y82.751 E1714.93162
G1 F2390.4 X123.088 Y82.75 E1716.02624
G1 F2666.7 X123.288 Y82.949 E1716.0368
G1 F3000 X123.28 Y87.058 E1716.17347
G1 F1500 E1709.67347
;MESH:NONMESH
G0 F300 X123.28 Y87.058 Z8.6
G0 F15000 X123.599 Y87.058
G0 X123.527 Y87.438
G0 X119.591 Y87.576
G0 X119.591 Y88.665
G0 X106.185 Y124.779
G0 X106.424 Y125.63
;TIME_ELAPSED:1834.196807
;LAYER:42
;TYPE:SUPPORT
G1 F1500 E1716.17347
G1 F3000 X107.999 Y125.192 E1716.22784
G1 X109.572 Y125.63 E1716.28215
G1 X110.705 Y126.831 E1716.33706
G1 X111.147 Y128.334 E1716.38917
G1 X110.709 Y129.907 E1716.44348
G1 X109.567 Y131.045 E1716.4971
G1 X107.998 Y131.484 E1716.55129
G1 X106.498 Y131.046 E1716.60326
G1 X105.29 Y129.838 E1716.66009
G1 X104.849 Y128.336 E1716.71215
G1 X105.291 Y126.831 E1716.76432
G1 X106.424 Y125.63 E1716.81924
G1 F1500 E1710.31924
;MESH:9VBatteryHolder_v3.stl
G0 F15000 X105.798 Y125.039
G0 X104.523 Y126.389
G0 X103.951 Y128.338
G0 X104.468 Y130.1
G0 X106.424 Y134.335
G0 X106.424 Y135.43
G0 X97 Y136
;TYPE:WALL-INNER
G1 F1500 E1716.81924
G1 F3000 X123 Y136 E1717.684
G1 F2941.2 X123.174 Y135.993 E1717.68991
G0 F15000 X123.697 Y135.697
G1 F3045.7 X123.174 Y135.993 E1717.7096
G1 X124.014 Y136.014 E1717.73712
G1 F3053.4 X123.993 Y135.174 E1717.76458
G1 X123.697 Y135.697 E1717.78422
G0 F15000 X123.993 Y135.174
G1 F2948.4 X124 Y135 E1717.79011
G1 F3000 X124 Y91 E1719.25356
G1 F1500 E1712.75356
G0 F15000 X123.838 Y135.838
G0 X96.162 Y135.838
G0 X96 Y91
G1 F1500 E1719.25356
G1 F3000 X96 Y135 E1720.71701
G1 F2941.2 X96.007 Y135.174 E1720.72291
G0 F15000 X96.303 Y135.697
G1 F3045.7 X96.007 Y135.174 E1720.7426
G1 X95.986 Y136.014 E1720.77013
G1 F3108.8 X97 Y136 E1720.80268
G1 X96.303 Y135.697 E1720.82707
G0 F15000 X96.09 Y135.697
G0 X123.838 Y135.838
G0 X123.91 Y135.424
G0 X123.424 Y135.424
G1 F3000 X123.089 Y135.6 E1720.83966
G1 X97 Y135.6 E1721.70738
G1 X96.575 Y135.425 E1721.72267
G1 X96.4 Y135.089 E1721.73527
G1 X96.4 Y90.6 E1723.21498
G1 X95.6 Y90.6 E1723.24159
G1 X95.601 Y136.399 E1724.76487
G1 X124.4 Y136.4 E1725.72273
G1 X124.4 Y90.6 E1727.24604
G1 X123.6 Y90.6 E1727.27265
G1 X123.6 Y135.089 E1728.75236
G1 X123.424 Y135.424 E1728.76494
G0 F15000 X123.198 Y135.035
;TYPE:WALL-OUTER
G1 F3000 X123.142 Y135.142 E1728.76896
G1 X123.035 Y135.198 E1728.77298
G1 X97 Y135.2 E1729.63891
G1 X96.858 Y135.142 E1729.64401
G1 X96.802 Y135.035 E1729.64802
G1 X96.8 Y90.2 E1731.13924
G1 X95.2 Y90.2 E1731.19246
G1 X95.201 Y136.799 E1732.74235
G1 X124.8 Y136.8 E1733.72681
G1 X124.8 Y90.2 E1735.27674
G1 X123.2 Y90.2 E1735.32995
G1 X123.198 Y135.035 E1736.82117
G1 F1500 E1730.32117
G0 F15000 X123.51 Y135.035
G0 X123.424 Y90.424
G0 X122.335 Y90.424
G0 X113.422 Y87.574
G0 X112.506 Y87.75
G1 F1500 E1736.82117
G1 F2400 X107.49 Y87.75 E1737.02971
G1 X107.49 Y87.25 E1737.0505
G1 X112.506 Y87.25 E1737.25904
G1 X112.506 Y87.75 E1737.27983
G1 F1500 E1730.77983
G0 F15000 X112.278 Y87.52
G0 X113.422 Y87.422
G0 X118.591 Y88.653
G0 X123.565 Y88.665
G0 X124.077 Y84.015
;TYPE:WALL-INNER
G1 F1500 E1737.27983
G1 F3287.7 X124.067 Y82.587 E1737.32317
G1 F3225.8 X123.374 Y82.587 E1737.34461
G1 F3269.8 X123.717 Y82.838 E1737.35758
G1 F3314.9 X123.709 Y87.166 E1737.48785
G1 F3296.7 X123.417 Y87.419 E1737.49954
G1 F3287.7 X124.049 Y87.418 E1737.51873
G1 F3370.8 X124.061 Y87.001 E1737.53107
G1 F3409.1 X124.077 Y84.015 E1737.61847
G1 F1500 E1731.11847
G0 F15000 X123.579 Y82.562
G0 X96.42 Y82.562
G0 X95.922 Y84.019
G1 F1500 E1737.61847
G1 F3389.8 X95.938 Y87.133 E1737.71013
G1 F3342.6 X95.947 Y87.418 E1737.71865
G1 F3287.7 X96.63 Y87.418 E1737.73938
G1 F3296.7 X96.283 Y87.165 E1737.75237
G1 F3324.1 X96.279 Y82.841 E1737.88217
G1 F3269.8 X96.569 Y82.586 E1737.89395
G1 F3208.6 X95.93 Y82.587 E1737.91382
G1 F3287.7 X95.922 Y84.019 E1737.95729
G1 F1500 E1731.45729
G0 F15000 X96.42 Y82.562
G0 X123.579 Y82.562
G0 X123.651 Y87.053
G0 X123.338 Y87.053
;TYPE:WALL-OUTER
G1 F1500 E1737.95729
G1 F2654.9 X123.184 Y87.249 E1737.96665
G1 F2390.4 X119.49 Y87.25 E1738.12085
G1 F2400 X119.49 Y87.75 E1738.14163
G1 F2390.4 X123.227 Y87.748 E1738.29762
G1 F2654.9 X123.868 Y87.8 E1738.32179
G1 F3000 X124.429 Y87.8 E1738.34045
G1 X124.456 Y84.013 E1738.46641
G1 X124.448 Y82.999 E1738.50014
G1 X124.455 Y82.642 E1738.51201
G1 X124.444 Y82.201 E1738.52669
G1 X123.88 Y82.201 E1738.54545
G1 F2666.7 X123.14 Y82.25 E1738.5732
G1 F2390.4 X96.769 Y82.252 E1739.67396
G1 F2654.9 X96.116 Y82.2 E1739.69858
G1 F3000 X95.555 Y82.2 E1739.71724
G1 X95.54 Y82.673 E1739.73298
G1 X95.548 Y82.998 E1739.74379
G1 X95.544 Y84.021 E1739.77782
G1 X95.567 Y87.8 E1739.90351
G1 X96.128 Y87.8 E1739.92217
G1 F2666.7 X96.856 Y87.75 E1739.94947
G1 F2400 X100.506 Y87.75 E1740.10122
G1 X100.506 Y87.25 E1740.12201
G1 X96.856 Y87.25 E1740.27376
G1 F2666.7 X96.656 Y87.053 E1740.28426
G1 F3000 X96.656 Y82.951 E1740.4207
G1 F2654.9 X96.812 Y82.751 E1740.43023
G1 F2390.4 X123.14 Y82.75 E1741.5292
G1 F2666.7 X123.34 Y82.949 E1741.53975
G1 F3000 X123.338 Y87.053 E1741.67625
G1 F1500 E1735.17625
;MESH:NONMESH
G0 F300 X123.338 Y87.053 Z8.8
G0 F15000 X123.651 Y87.053
G0 X123.579 Y87.438
G0 X119.667 Y87.576
G0 X119.667 Y88.665
G0 X106.204 Y124.797
G0 X106.444 Y125.654
;TIME_ELAPSED:1863.699129
;LAYER:43
;TYPE:SUPPORT
G1 F1500 E1741.67625
G1 F3000 X108 Y125.216 E1741.73002
G1 X109.556 Y125.654 E1741.78378
G1 X110.689 Y126.847 E1741.8385
G1 X111.12 Y128.334 E1741.89
G1 X110.685 Y129.891 E1741.94377
G1 X109.555 Y131.021 E1741.99692
G1 X107.998 Y131.459 E1742.05072
G1 X106.51 Y131.022 E1742.1023
G1 X105.31 Y129.826 E1742.15865
G1 X104.873 Y128.337 E1742.21026
G1 X105.311 Y126.847 E1742.26191
G1 X106.444 Y125.654 E1742.31664
G1 F1500 E1735.81664
;MESH:9VBatteryHolder_v3.stl
G0 F15000 X105.815 Y125.059
G0 X104.543 Y126.402
G0 X103.976 Y128.338
G0 X104.49 Y130.089
G0 X106.444 Y134.335
G0 X106.444 Y135.43
G0 X97 Y136
;TYPE:WALL-INNER
G1 F1500 E1742.31664
G1 F3000 X123 Y136 E1743.1814
G1 F2941.2 X123.174 Y135.993 E1743.18731
G0 F15000 X123.697 Y135.697
G1 F3045.7 X123.174 Y135.993 E1743.207
G1 X124.014 Y136.014 E1743.23452
G1 F3053.4 X123.993 Y135.174 E1743.26198
G1 X123.697 Y135.697 E1743.28162
G0 F15000 X123.993 Y135.174
G1 F2948.4 X124 Y135 E1743.28751
G1 F3000 X124 Y91 E1744.75096
G1 F1500 E1738.25096
G0 F15000 X123.838 Y135.838
G0 X96.162 Y135.838
G0 X96 Y91
G1 F1500 E1744.75096
G1 F3000 X96 Y135 E1746.21441
G1 F2941.2 X96.007 Y135.174 E1746.22031
G0 F15000 X96.303 Y135.697
G1 F3045.7 X96.007 Y135.174 E1746.24
G1 X95.986 Y136.014 E1746.26753
G1 F3108.8 X97 Y136 E1746.30008
G1 X96.303 Y135.697 E1746.32447
G0 F15000 X96.09 Y135.697
G0 X123.838 Y135.838
G0 X123.91 Y135.424
G0 X123.424 Y135.424
G1 F3000 X123.089 Y135.6 E1746.33706
G1 X97 Y135.6 E1747.20478
G1 X96.575 Y135.425 E1747.22007
G1 X96.4 Y135.089 E1747.23267
G1 X96.4 Y90.6 E1748.71238
G1 X95.6 Y90.6 E1748.73899
G1 X95.601 Y136.399 E1750.26227
G1 X124.4 Y136.4 E1751.22013
G1 X124.4 Y90.6 E1752.74344
G1 X123.6 Y90.6 E1752.77005
G1 X123.6 Y135.089 E1754.24976
G1 X123.424 Y135.424 E1754.26234
G0 F15000 X123.198 Y135.035
;TYPE:WALL-OUTER
G1 F3000 X123.142 Y135.142 E1754.26636
G1 X123.035 Y135.198 E1754.27038
G1 X97 Y135.2 E1755.13631
G1 X96.858 Y135.142 E1755.14141
G1 X96.802 Y135.035 E1755.14542
G1 X96.8 Y90.2 E1756.63664
G1 X95.2 Y90.2 E1756.68986
G1 X95.201 Y136.799 E1758.23975
G1 X124.8 Y136.8 E1759.22421
G1 X124.8 Y90.2 E1760.77414
G1 X123.2 Y90.2 E1760.82735
G1 X123.198 Y135.035 E1762.31857
G1 F1500 E1755.81857
G0 F15000 X123.51 Y135.035
G0 X123.424 Y90.424
G0 X122.335 Y90.424
G0 X113.347 Y87.574
G0 X112.43 Y87.75
G1 F1500 E1762.31857
G1 F2400 X107.566 Y87.75 E1762.52079
G1 X107.566 Y87.25 E1762.54158
G1 X112.43 Y87.25 E1762.7438
G1 X112.43 Y87.75 E1762.76459
G1 F1500 E1756.26459
G0 F15000 X112.203 Y87.52
G0 X113.347 Y87.422
G0 X118.653 Y87.426
G0 X124.083 Y87.001
;TYPE:WALL-INNER
G1 F1500 E1762.76459
G1 F3352 X124.102 Y82.94 E1762.88548
G1 F3225.8 X124.084 Y82.589 E1762.89635
G1 F3174.6 X123.395 Y82.589 E1762.91801
G1 F3200 X123.737 Y82.843 E1762.93129
G1 F3252 X123.727 Y87.166 E1763.06393
G1 F3278.7 X123.436 Y87.418 E1763.07564
G1 F3269.8 X124.072 Y87.416 E1763.09505
G1 F3342.6 X124.083 Y87.001 E1763.10745
G1 F1500 E1756.60745
G0 F15000 X123.596 Y82.562
G0 X96.403 Y82.562
G0 X96.265 Y87.164
G1 F1500 E1763.10745
G1 F3260.9 X96.259 Y82.846 E1763.23957
G1 F3217.2 X96.552 Y82.587 E1763.2517
G1 F3191.5 X95.914 Y82.588 E1763.27165
G1 F3252 X95.898 Y82.955 E1763.28292
G1 F3370.8 X95.913 Y87 E1763.40266
G1 F3333.3 X95.925 Y87.416 E1763.41512
G1 F3260.9 X96.61 Y87.416 E1763.43608
G1 F3278.7 X96.265 Y87.164 E1763.44908
G1 F1500 E1756.94908
G0 F15000 X96.403 Y82.562
G0 X123.596 Y82.562
G0 X123.668 Y87.061
G0 X123.348 Y87.061
;TYPE:WALL-OUTER
G1 F1500 E1763.44908
G1 F2654.9 X123.2 Y87.249 E1763.45807
G1 F2390.4 X119.566 Y87.25 E1763.60976
G1 F2400 X119.566 Y87.75 E1763.63055
G1 F2390.4 X123.243 Y87.748 E1763.78403
G1 F2654.9 X123.889 Y87.799 E1763.80839
G1 F3000 X124.453 Y87.799 E1763.82714
G1 X124.484 Y82.929 E1763.98913
G1 X124.461 Y82.2 E1764.01338
G1 X123.901 Y82.2 E1764.03201
G1 F2666.7 X123.156 Y82.25 E1764.05995
G1 F2390.4 X96.753 Y82.252 E1765.16205
G1 F2654.9 X96.097 Y82.2 E1765.18678
G1 F3000 X95.536 Y82.2 E1765.20544
G1 X95.516 Y83.002 E1765.23212
G1 X95.543 Y87.8 E1765.39171
G1 X96.108 Y87.8 E1765.4105
G1 F2666.7 X96.84 Y87.75 E1765.43795
G1 F2400 X100.43 Y87.75 E1765.58721
G1 X100.43 Y87.25 E1765.608
G1 X96.84 Y87.25 E1765.75725
G1 F2666.7 X96.64 Y87.052 E1765.76778
G1 F3000 X96.64 Y82.952 E1765.90415
G1 F2654.9 X96.796 Y82.751 E1765.91371
G1 F2390.4 X123.156 Y82.75 E1767.01401
G1 F2666.7 X123.357 Y82.951 E1767.02465
G1 F3000 X123.348 Y87.061 E1767.16135
G1 F1500 E1760.66135
;MESH:NONMESH
G0 F300 X123.348 Y87.061 Z9
G0 F15000 X123.668 Y87.061
G0 X123.596 Y87.438
G0 X119.742 Y87.576
G0 X119.742 Y88.665
G0 X106.216 Y124.82
G0 X106.456 Y125.674
;TIME_ELAPSED:1893.185416
;LAYER:44
;TYPE:SUPPORT
G1 F1500 E1767.16135
G1 F3000 X108 Y125.24 E1767.21469
G1 X109.544 Y125.674 E1767.26804
G1 X110.669 Y126.859 E1767.32238
G1 X111.099 Y128.334 E1767.37349
G1 X110.665 Y129.879 E1767.42686
G1 X109.543 Y131.005 E1767.47973
G1 X107.998 Y131.436 E1767.53308
G1 X106.522 Y131.002 E1767.58425
G1 X105.33 Y129.814 E1767.64022
G1 X104.897 Y128.337 E1767.69142
G1 X105.331 Y126.859 E1767.74265
G1 X106.456 Y125.674 E1767.797
G1 F1500 E1761.297
;MESH:9VBatteryHolder_v3.stl
G0 F15000 X105.827 Y125.079
G0 X104.563 Y126.414
G0 X104 Y128.338
G0 X104.51 Y130.08
G0 X106.456 Y134.335
G0 X106.456 Y135.43
G0 X97 Y136
;TYPE:WALL-INNER
G1 F1500 E1767.797
G1 F3000 X123 Y136 E1768.66176
G1 F2941.2 X123.174 Y135.993 E1768.66767
G0 F15000 X123.697 Y135.697
G1 F3045.7 X123.174 Y135.993 E1768.68736
G1 X124.014 Y136.014 E1768.71488
G1 F3053.4 X123.993 Y135.174 E1768.74234
G1 X123.697 Y135.697 E1768.76198
G0 F15000 X123.993 Y135.174
G1 F2948.4 X124 Y135 E1768.76787
G1 F3000 X124 Y91 E1770.23132
G1 F1500 E1763.73132
G0 F15000 X123.838 Y135.838
G0 X96.162 Y135.838
G0 X96 Y91
G1 F1500 E1770.23132
G1 F3000 X96 Y135 E1771.69477
G1 F2941.2 X96.007 Y135.174 E1771.70067
G0 F15000 X96.303 Y135.697
G1 F3045.7 X96.007 Y135.174 E1771.72036
G1 X95.986 Y136.014 E1771.74789
G1 F3108.8 X97 Y136 E1771.78044
G1 X96.303 Y135.697 E1771.80483
G0 F15000 X96.09 Y135.697
G0 X123.838 Y135.838
G0 X123.91 Y135.424
G0 X123.424 Y135.424
G1 F3000 X123.089 Y135.6 E1771.81742
G1 X97 Y135.6 E1772.68514
G1 X96.575 Y135.425 E1772.70043
G1 X96.4 Y135.089 E1772.71303
G1 X96.4 Y90.6 E1774.19274
G1 X95.6 Y90.6 E1774.21935
G1 X95.601 Y136.399 E1775.74263
G1 X124.4 Y136.4 E1776.70049
G1 X124.4 Y90.6 E1778.2238
G1 X123.6 Y90.6 E1778.25041
G1 X123.6 Y135.089 E1779.73012
G1 X123.424 Y135.424 E1779.7427
G0 F15000 X123.198 Y135.035
;TYPE:WALL-OUTER
G1 F3000 X123.142 Y135.142 E1779.74672
G1 X123.035 Y135.198 E1779.75074
G1 X97 Y135.2 E1780.61667
G1 X96.858 Y135.142 E1780.62177
G1 X96.802 Y135.035 E1780.62578
G1 X96.8 Y90.2 E1782.117
G1 X95.2 Y90.2 E1782.17022
G1 X95.201 Y136.799 E1783.72011
G1 X124.8 Y136.8 E1784.70457
G1 X124.8 Y90.2 E1786.2545
G1 X123.2 Y90.2 E1786.30771
G1 X123.198 Y135.035 E1787.79893
G1 F1500 E1781.29893
G0 F15000 X123.51 Y135.035
G0 X123.424 Y90.424
G0 X122.335 Y90.424
G0 X113.271 Y87.574
G0 X112.354 Y87.75
G1 F1500 E1787.79893
G1 F2400 X107.642 Y87.75 E1787.99483
G1 X107.642 Y87.25 E1788.01562
G1 X112.354 Y87.25 E1788.21152
G1 X112.354 Y87.75 E1788.23231
G1 F1500 E1781.73231
G0 F15000 X112.127 Y87.52
G0 X113.271 Y87.422
G0 X118.742 Y88.653
G0 X123.599 Y88.665
G0 X124.118 Y84.624
;TYPE:WALL-INNER
G1 F1500 E1788.23231
G1 F3243.2 X124.102 Y82.589 E1788.29492
G1 F3183 X123.409 Y82.589 E1788.31664
G1 F3225.8 X123.751 Y82.843 E1788.32982
G1 F3260.9 X123.751 Y87.157 E1788.46183
G1 F3234.5 X123.457 Y87.415 E1788.47389
G1 F3217.2 X124.097 Y87.414 E1788.49374
G1 F3296.7 X124.107 Y87.001 E1788.50625
G1 F3333.3 X124.118 Y84.624 E1788.5774
G1 F1500 E1782.0774
G0 F15000 X123.613 Y82.562
G0 X96.386 Y82.562
G0 X95.878 Y84.629
G1 F1500 E1788.5774
G1 F3333.3 X95.89 Y87.001 E1788.64841
G1 F3296.7 X95.902 Y87.414 E1788.66091
G1 F3225.8 X96.59 Y87.414 E1788.68219
G1 F3243.2 X96.246 Y87.162 E1788.69531
G1 F3260.9 X96.245 Y82.844 E1788.82744
G1 F3234.5 X96.536 Y82.587 E1788.83942
G1 F3191.5 X95.898 Y82.588 E1788.85936
G1 F3269.8 X95.887 Y82.999 E1788.87191
G1 F3324.1 X95.878 Y84.629 E1788.92084
G1 F1500 E1782.42084
G0 F15000 X96.386 Y82.562
G0 X123.613 Y82.562
G0 X123.685 Y87.059
G0 X123.364 Y87.059
;TYPE:WALL-OUTER
G1 F1500 E1788.92084
G1 F2654.9 X123.216 Y87.249 E1788.92989
G1 F2390.4 X119.642 Y87.25 E1789.07907
G1 F2400 X119.642 Y87.75 E1789.09986
G1 F2390.4 X123.259 Y87.748 E1789.25084
G1 F2654.9 X123.911 Y87.8 E1789.27542
G1 F3000 X124.481 Y87.8 E1789.29438
G1 X124.5 Y84.622 E1789.40008
G1 X124.488 Y82.997 E1789.45413
G1 X124.495 Y82.735 E1789.46285
G1 X124.478 Y82.201 E1789.48062
G1 X123.917 Y82.201 E1789.49928
G1 F2666.7 X123.172 Y82.25 E1789.52722
G1 F2390.4 X96.737 Y82.252 E1790.63065
G1 F2654.9 X96.08 Y82.2 E1790.65542
G1 F3000 X95.52 Y82.2 E1790.67405
G1 X95.505 Y82.786 E1790.69354
G1 X95.496 Y84.631 E1790.75491
G1 X95.519 Y87.8 E1790.86031
G1 X96.086 Y87.8 E1790.87917
G1 F2666.7 X96.824 Y87.75 E1790.90685
G1 F2400 X100.354 Y87.75 E1791.05361
G1 X100.354 Y87.25 E1791.0744
G1 X96.824 Y87.25 E1791.22116
G1 F2666.7 X96.624 Y87.052 E1791.23169
G1 F3000 X96.624 Y82.952 E1791.36806
G1 F2654.9 X96.78 Y82.751 E1791.37762
G1 F2390.4 X123.172 Y82.75 E1792.47926
G1 F2666.7 X123.372 Y82.95 E1792.48984
G1 F3000 X123.364 Y87.059 E1792.62651
G1 F1500 E1786.12651
;MESH:NONMESH
G0 F300 X123.364 Y87.059 Z9.2
G0 F15000 X123.685 Y87.059
G0 X123.613 Y87.438
G0 X119.818 Y87.576
G0 X119.818 Y88.665
G0 X106.228 Y124.84
G0 X106.468 Y125.694
;TIME_ELAPSED:1922.712191
;LAYER:45
;TYPE:SUPPORT
G1 F1500 E1792.62651
G1 F3000 X107.999 Y125.264 E1792.6794
G1 X109.532 Y125.694 E1792.73236
G1 X110.645 Y126.871 E1792.78623
G1 X111.071 Y128.334 E1792.83691
G1 X110.641 Y129.867 E1792.88987
G1 X109.531 Y130.981 E1792.94218
G1 X107.998 Y131.411 E1792.99513
G1 X106.534 Y130.982 E1793.04587
G1 X105.354 Y129.802 E1793.10137
G1 X104.921 Y128.335 E1793.15225
G1 X105.351 Y126.871 E1793.203
G1 X106.468 Y125.694 E1793.25697
G1 F1500 E1786.75697
;MESH:9VBatteryHolder_v3.stl
G0 F15000 X105.839 Y125.099
G0 X104.584 Y126.425
G0 X104.024 Y128.338
G0 X104.532 Y130.069
G0 X106.468 Y134.335
G0 X106.468 Y135.43
G0 X97 Y136
;TYPE:WALL-INNER
G1 F1500 E1793.25697
G1 F3000 X123 Y136 E1794.12173
G1 F2941.2 X123.174 Y135.993 E1794.12764
G0 F15000 X123.697 Y135.697
G1 F3045.7 X123.174 Y135.993 E1794.14733
G1 X124.014 Y136.014 E1794.17486
G1 F3053.4 X123.993 Y135.174 E1794.20231
G1 X123.697 Y135.697 E1794.22195
G0 F15000 X123.993 Y135.174
G1 F2948.4 X124 Y135 E1794.22784
G1 F3000 X124 Y91 E1795.69129
G1 F1500 E1789.19129
G0 F15000 X123.838 Y135.838
G0 X96.162 Y135.838
G0 X96 Y91
G1 F1500 E1795.69129
G1 F3000 X96 Y135 E1797.15474
G1 F2941.2 X96.007 Y135.174 E1797.16064
G0 F15000 X96.303 Y135.697
G1 F3045.7 X96.007 Y135.174 E1797.18033
G1 X95.986 Y136.014 E1797.20786
G1 F3108.8 X97 Y136 E1797.24041
G1 X96.303 Y135.697 E1797.2648
G0 F15000 X96.09 Y135.697
G0 X123.838 Y135.838
G0 X123.91 Y135.424
G0 X123.424 Y135.424
G1 F3000 X123.089 Y135.6 E1797.27739
G1 X97 Y135.6 E1798.14511
G1 X96.575 Y135.425 E1798.1604
G1 X96.4 Y135.089 E1798.173
G1 X96.4 Y90.6 E1799.65271
G1 X95.6 Y90.6 E1799.67932
G1 X95.601 Y136.399 E1801.2026
G1 X124.4 Y136.4 E1802.16046
G1 X124.4 Y90.6 E1803.68377
G1 X123.6 Y90.6 E1803.71038
G1 X123.6 Y135.089 E1805.19009
G1 X123.424 Y135.424 E1805.20268
G0 F15000 X123.198 Y135.035
;TYPE:WALL-OUTER
G1 F3000 X123.142 Y135.142 E1805.20669
G1 X123.035 Y135.198 E1805.21071
G1 X97 Y135.2 E1806.07664
G1 X96.858 Y135.142 E1806.08174
G1 X96.802 Y135.035 E1806.08576
G1 X96.8 Y90.2 E1807.57697
G1 X95.2 Y90.2 E1807.63019
G1 X95.201 Y136.799 E1809.18008
G1 X124.8 Y136.8 E1810.16455
G1 X124.8 Y90.2 E1811.71447
G1 X123.2 Y90.2 E1811.76768
G1 X123.198 Y135.035 E1813.2589
G1 F1500 E1806.7589
G0 F15000 X123.51 Y135.035
G0 X123.424 Y90.424
G0 X122.335 Y90.424
G0 X113.243 Y87.574
G0 X112.326 Y87.75
G1 F1500 E1813.2589
G1 F2400 X107.67 Y87.75 E1813.45248
G1 X107.67 Y87.25 E1813.47326
G1 X112.326 Y87.25 E1813.66684
G1 X112.326 Y87.75 E1813.68763
G1 F1500 E1807.18763
G0 F15000 X112.099 Y87.52
G0 X113.243 Y87.422
G0 X118.77 Y88.653
G0 X123.617 Y88.665
G0 X124.135 Y85.864
;TYPE:WALL-INNER
G1 F1500 E1813.68763
G1 F3278.7 X124.121 Y82.586 E1813.78739
G1 F3234.5 X123.424 Y82.586 E1813.80889
G1 F3260.9 X123.768 Y82.839 E1813.82195
G1 F3278.7 X123.772 Y87.155 E1813.9533
G1 F3225.8 X123.478 Y87.414 E1813.96542
G1 F3200 X124.12 Y87.413 E1813.98544
G1 F3278.7 X124.13 Y87.001 E1813.99798
G1 F3333.3 X124.135 Y85.864 E1814.03202
G1 F1500 E1807.53202
G0 F15000 X123.631 Y82.562
G0 X96.368 Y82.562
G0 X95.861 Y85.873
G1 F1500 E1814.03202
G1 F3260.9 X95.879 Y87.413 E1814.07914
G1 F3208.6 X96.569 Y87.413 E1814.1006
G1 F3225.8 X96.225 Y87.159 E1814.11383
G1 F3278.7 X96.229 Y82.84 E1814.24527
G1 F3260.9 X96.521 Y82.584 E1814.25715
G1 F3234.5 X95.881 Y82.589 E1814.2769
G1 F3278.7 X95.861 Y85.873 E1814.37684
G1 F1500 E1807.87684
G0 F15000 X96.368 Y82.562
G0 X123.631 Y82.562
G0 X123.703 Y87.059
G0 X123.384 Y87.059
;TYPE:WALL-OUTER
G1 F1500 E1814.37684
G1 F2654.9 X123.236 Y87.249 E1814.38589
G1 F2390.4 X119.67 Y87.25 E1814.53474
G1 F2400 X119.67 Y87.75 E1814.55553
G1 F2390.4 X123.279 Y87.748 E1814.70617
G1 F2654.9 X123.933 Y87.8 E1814.73083
G1 F3000 X124.505 Y87.8 E1814.74986
G1 X124.515 Y85.862 E1814.81432
G1 X124.496 Y82.998 E1814.90957
G1 X124.507 Y82.562 E1814.92408
G1 X124.497 Y82.201 E1814.93609
G1 X123.93 Y82.201 E1814.95495
G1 F2666.7 X123.192 Y82.25 E1814.98263
G1 F2390.4 X96.717 Y82.252 E1816.08773
G1 F2654.9 X96.068 Y82.2 E1816.1122
G1 F3000 X95.5 Y82.2 E1816.13109
G1 X95.492 Y82.6 E1816.1444
G1 X95.504 Y82.995 E1816.15754
G1 X95.48 Y85.875 E1816.25334
G1 X95.495 Y87.8 E1816.31736
G1 X96.064 Y87.8 E1816.33629
G1 F2666.7 X96.804 Y87.75 E1816.36404
G1 F2400 X100.326 Y87.75 E1816.51047
G1 X100.326 Y87.25 E1816.53126
G1 X96.804 Y87.25 E1816.67768
G1 F2666.7 X96.604 Y87.051 E1816.68824
G1 F3000 X96.604 Y82.952 E1816.82457
G1 F2654.9 X96.76 Y82.751 E1816.83414
G1 F2390.4 X123.192 Y82.75 E1817.93745
G1 F2666.7 X123.392 Y82.948 E1817.94798
G1 F3000 X123.384 Y87.059 E1818.08471
G1 F1500 E1811.58471
;MESH:NONMESH
G0 F300 X123.384 Y87.059 Z9.4
G0 F15000 X123.703 Y87.059
G0 X123.631 Y87.438
G0 X119.846 Y87.576
G0 X119.846 Y88.665
G0 X106.237 Y124.862
G0 X106.476 Y125.714
;TIME_ELAPSED:1952.297891
;LAYER:46
;TYPE:SUPPORT
G1 F1500 E1818.08471
G1 F3000 X108 Y125.288 E1818.13734
G1 X109.524 Y125.714 E1818.18997
G1 X110.621 Y126.879 E1818.2432
G1 X111.047 Y128.334 E1818.29362
G1 X110.621 Y129.855 E1818.34616
G1 X109.519 Y130.961 E1818.39809
G1 X107.998 Y131.387 E1818.45062
G1 X106.546 Y130.962 E1818.50094
G1 X105.374 Y129.79 E1818.55607
G1 X104.945 Y128.335 E1818.60652
G1 X105.375 Y126.875 E1818.65714
G1 X106.476 Y125.714 E1818.71036
G1 F1500 E1812.21036
;MESH:9VBatteryHolder_v3.stl
G0 F15000 X105.848 Y125.121
G0 X104.607 Y126.436
G0 X104.049 Y128.338
G0 X104.553 Y130.058
G0 X106.476 Y134.335
G0 X106.476 Y135.43
G0 X97 Y136
;TYPE:WALL-INNER
G1 F1500 E1818.71036
G1 F3000 X123 Y136 E1819.57512
G1 F2941.2 X123.174 Y135.993 E1819.58103
G0 F15000 X123.697 Y135.697
G1 F3045.7 X123.174 Y135.993 E1819.60072
G1 X124.014 Y136.014 E1819.62825
G1 F3053.4 X123.993 Y135.174 E1819.65571
G1 X123.697 Y135.697 E1819.67534
G0 F15000 X123.993 Y135.174
G1 F2948.4 X124 Y135 E1819.68124
G1 F3000 X124 Y91 E1821.14468
G1 F1500 E1814.64468
G0 F15000 X123.838 Y135.838
G0 X96.162 Y135.838
G0 X96 Y91
G1 F1500 E1821.14468
G1 F3000 X96 Y135 E1822.60813
G1 F2941.2 X96.007 Y135.174 E1822.61404
G0 F15000 X96.303 Y135.697
G1 F3045.7 X96.007 Y135.174 E1822.63373
G1 X95.986 Y136.014 E1822.66125
G1 F3108.8 X97 Y136 E1822.6938
G1 X96.303 Y135.697 E1822.7182
G0 F15000 X96.09 Y135.697
G0 X123.838 Y135.838
G0 X123.91 Y135.424
G0 X123.424 Y135.424
G1 F3000 X123.089 Y135.6 E1822.73078
G1 X97 Y135.6 E1823.59851
G1 X96.575 Y135.425 E1823.61379
G1 X96.4 Y135.089 E1823.62639
G1 X96.4 Y90.6 E1825.1061
G1 X95.6 Y90.6 E1825.13271
G1 X95.601 Y136.399 E1826.65599
G1 X124.4 Y136.4 E1827.61385
G1 X124.4 Y90.6 E1829.13716
G1 X123.6 Y90.6 E1829.16377
G1 X123.6 Y135.089 E1830.64348
G1 X123.424 Y135.424 E1830.65607
G0 F15000 X123.198 Y135.035
;TYPE:WALL-OUTER
G1 F3000 X123.142 Y135.142 E1830.66009
G1 X123.035 Y135.198 E1830.6641
G1 X97 Y135.2 E1831.53003
G1 X96.858 Y135.142 E1831.53513
G1 X96.802 Y135.035 E1831.53915
G1 X96.8 Y90.2 E1833.03037
G1 X95.2 Y90.2 E1833.08358
G1 X95.201 Y136.799 E1834.63347
G1 X124.8 Y136.8 E1835.61794
G1 X124.8 Y90.2 E1837.16786
G1 X123.2 Y90.2 E1837.22108
G1 X123.198 Y135.035 E1838.7123
G1 F1500 E1832.2123
G0 F15000 X123.51 Y135.035
G0 X123.424 Y90.424
G0 X122.335 Y90.424
G0 X113.219 Y87.574
G0 X112.302 Y87.75
G1 F1500 E1838.7123
G1 F2400 X107.694 Y87.75 E1838.90387
G1 X107.694 Y87.25 E1838.92466
G1 X112.302 Y87.25 E1839.11624
G1 X112.302 Y87.75 E1839.13703
G1 F1500 E1832.63703
G0 F15000 X112.075 Y87.52
G0 X113.219 Y87.422
G0 X118.781 Y87.426
G0 X124.151 Y86.999
;TYPE:WALL-INNER
G1 F1500 E1839.13703
G1 F3287.7 X124.13 Y82.585 E1839.27099
G1 F3260.9 X123.438 Y82.585 E1839.29217
G1 F3278.7 X123.782 Y82.835 E1839.30511
G1 F3260.9 X123.789 Y87.154 E1839.43727
G1 F3208.6 X123.497 Y87.413 E1839.44941
G1 F3183 X124.142 Y87.411 E1839.46963
G1 F3243.2 X124.151 Y86.999 E1839.4823
G1 F1500 E1832.9823
G0 F15000 X123.648 Y82.562
G0 X96.351 Y82.562
G0 X96.207 Y87.155
G1 F1500 E1839.4823
G1 F3260.9 X96.215 Y82.837 E1839.61443
G1 F3278.7 X96.507 Y82.583 E1839.62621
G1 F3260.9 X95.874 Y82.584 E1839.64558
G1 F3278.7 X95.847 Y87.112 E1839.78338
G1 F3225.8 X95.856 Y87.411 E1839.79264
G1 F3183 X96.551 Y87.411 E1839.81442
G1 F3208.6 X96.207 Y87.155 E1839.82776
G1 F1500 E1833.32776
G0 F15000 X96.351 Y82.562
G0 X123.648 Y82.562
G0 X123.72 Y87.058
G0 X123.401 Y87.058
;TYPE:WALL-OUTER
G1 F1500 E1839.82776
G1 F2654.9 X123.252 Y87.249 E1839.83686
G1 F2390.4 X119.694 Y87.25 E1839.98538
G1 F2400 X119.694 Y87.75 E1840.00617
G1 F2390.4 X123.295 Y87.748 E1840.15648
G1 F2654.9 X123.954 Y87.799 E1840.18132
G1 F3000 X124.528 Y87.799 E1840.20041
G1 X124.532 Y86.997 E1840.22709
G1 X124.504 Y82.998 E1840.3601
G1 X124.525 Y82.2 E1840.38665
G1 X123.941 Y82.201 E1840.40607
G1 F2666.7 X123.208 Y82.25 E1840.43356
G1 F2390.4 X96.701 Y82.252 E1841.54
G1 F2654.9 X96.056 Y82.2 E1841.56432
G1 F3000 X95.468 Y82.2 E1841.58388
G1 X95.496 Y82.996 E1841.61037
G1 X95.464 Y87.112 E1841.74727
G1 X95.471 Y87.799 E1841.77012
G1 X96.043 Y87.799 E1841.78915
G1 F2666.7 X96.788 Y87.75 E1841.81708
G1 F2400 X100.302 Y87.75 E1841.96318
G1 X100.302 Y87.25 E1841.98397
G1 X96.788 Y87.25 E1842.13006
G1 F2666.7 X96.596 Y87.058 E1842.14022
G1 F3000 X96.588 Y82.951 E1842.27682
G1 F2654.9 X96.744 Y82.751 E1842.28635
G1 F2390.4 X123.208 Y82.75 E1843.391
G1 F2666.7 X123.408 Y82.948 E1843.40153
G1 F3000 X123.401 Y87.058 E1843.53823
G1 F1500 E1837.03823
;MESH:NONMESH
G0 F300 X123.401 Y87.058 Z9.6
G0 F15000 X123.72 Y87.058
G0 X123.648 Y87.438
G0 X119.87 Y87.576
G0 X119.87 Y88.665
G0 X106.251 Y124.882
G0 X106.491 Y125.738
;TIME_ELAPSED:1981.760891
;LAYER:47
;TYPE:SUPPORT
G1 F1500 E1843.53823
G1 F3000 X107.999 Y125.312 E1843.59035
G1 X109.508 Y125.738 E1843.6425
G1 X110.605 Y126.891 E1843.69543
G1 X111.024 Y128.333 E1843.74538
G1 X110.601 Y129.843 E1843.79753
G1 X109.507 Y130.941 E1843.84909
G1 X107.998 Y131.363 E1843.9012
G1 X106.554 Y130.942 E1843.95123
G1 X105.394 Y129.778 E1844.00589
G1 X104.969 Y128.335 E1844.05592
G1 X105.391 Y126.891 E1844.10596
G1 X106.491 Y125.738 E1844.15896
G1 F1500 E1837.65896
;MESH:9VBatteryHolder_v3.stl
G0 F15000 X105.862 Y125.143
G0 X104.626 Y126.449
G0 X104.073 Y128.338
G0 X104.574 Y130.048
G0 X106.491 Y134.335
G0 X106.491 Y135.43
G0 X97 Y136
;TYPE:WALL-INNER
G1 F1500 E1844.15896
G1 F3000 X123 Y136 E1845.02372
G1 F2941.2 X123.174 Y135.993 E1845.02963
G0 F15000 X123.697 Y135.697
G1 F3045.7 X123.174 Y135.993 E1845.04932
G1 X124.014 Y136.014 E1845.07684
G1 F3053.4 X123.993 Y135.174 E1845.1043
G1 X123.697 Y135.697 E1845.12394
G0 F15000 X123.993 Y135.174
G1 F2948.4 X124 Y135 E1845.12983
G1 F3000 X124 Y91 E1846.59328
G1 F1500 E1840.09328
G0 F15000 X123.838 Y135.838
G0 X96.162 Y135.838
G0 X96 Y91
G1 F1500 E1846.59328
G1 F3000 X96 Y135 E1848.05673
G1 F2941.2 X96.007 Y135.174 E1848.06263
G0 F15000 X96.303 Y135.697
G1 F3045.7 X96.007 Y135.174 E1848.08232
G1 X95.986 Y136.014 E1848.10985
G1 F3108.8 X97 Y136 E1848.1424
G1 X96.303 Y135.697 E1848.16679
G0 F15000 X96.09 Y135.697
G0 X123.838 Y135.838
G0 X123.91 Y135.424
G0 X123.424 Y135.424
G1 F3000 X123.089 Y135.6 E1848.17938
G1 X97 Y135.6 E1849.0471
G1 X96.575 Y135.425 E1849.06239
G1 X96.4 Y135.089 E1849.07499
G1 X96.4 Y90.6 E1850.5547
G1 X95.6 Y90.6 E1850.58131
G1 X95.601 Y136.399 E1852.10459
G1 X124.4 Y136.4 E1853.06245
G1 X124.4 Y90.6 E1854.58576
G1 X123.6 Y90.6 E1854.61237
G1 X123.6 Y135.089 E1856.09208
G1 X123.424 Y135.424 E1856.10467
G0 F15000 X123.198 Y135.035
;TYPE:WALL-OUTER
G1 F3000 X123.142 Y135.142 E1856.10868
G1 X123.035 Y135.198 E1856.1127
G1 X97 Y135.2 E1856.97863
G1 X96.858 Y135.142 E1856.98373
G1 X96.802 Y135.035 E1856.98775
G1 X96.8 Y90.2 E1858.47896
G1 X95.2 Y90.2 E1858.53218
G1 X95.201 Y136.799 E1860.08207
G1 X124.8 Y136.8 E1861.06654
G1 X124.8 Y90.2 E1862.61646
G1 X123.2 Y90.2 E1862.66967
G1 X123.198 Y135.035 E1864.16089
G1 F1500 E1857.66089
G0 F15000 X123.51 Y135.035
G0 X123.424 Y90.424
G0 X122.335 Y90.424
G0 X113.195 Y87.574
G0 X112.278 Y87.75
G1 F1500 E1864.16089
G1 F2400 X107.718 Y87.75 E1864.35047
G1 X107.718 Y87.25 E1864.37126
G1 X112.278 Y87.25 E1864.56085
G1 X112.278 Y87.75 E1864.58163
G1 F1500 E1858.08163
G0 F15000 X112.051 Y87.52
G0 X113.195 Y87.422
G0 X118.805 Y87.426
G0 X124.158 Y87
;TYPE:WALL-INNER
G1 F1500 E1864.58163
G1 F3380.3 X124.133 Y82.582 E1864.71205
G1 F3342.6 X123.451 Y82.581 E1864.73241
G1 F3333.3 X123.798 Y82.831 E1864.74521
G1 F3361.3 X123.801 Y87.162 E1864.87377
G1 F3296.7 X123.512 Y87.415 E1864.8854
G1 F3225.8 X124.15 Y87.414 E1864.90513
G1 F3314.9 X124.158 Y87 E1864.9176
G1 F1500 E1858.4176
G0 F15000 X123.666 Y82.562
G0 X96.333 Y82.562
G0 X96.199 Y87.164
G1 F1500 E1864.9176
G1 F3352 X96.198 Y82.833 E1865.04652
G1 F3333.3 X96.492 Y82.58 E1865.05813
G1 F3314.9 X95.858 Y82.581 E1865.07721
G1 X95.841 Y87.126 E1865.21402
G1 F3269.8 X95.847 Y87.413 E1865.22278
G1 F3225.8 X96.538 Y87.413 E1865.24416
G1 F3296.7 X96.199 Y87.164 E1865.25689
G1 F1500 E1858.75689
G0 F15000 X96.333 Y82.562
G0 X123.666 Y82.562
G0 X123.738 Y87.051
G0 X123.426 Y87.051
;TYPE:WALL-OUTER
G1 F1500 E1865.25689
G1 F2654.9 X123.272 Y87.249 E1865.26631
G1 F2390.4 X119.718 Y87.25 E1865.41466
G1 F2400 X119.718 Y87.75 E1865.43545
G1 F2390.4 X123.315 Y87.748 E1865.58559
G1 F2654.9 X123.964 Y87.8 E1865.61007
G1 F3000 X124.538 Y87.8 E1865.62916
G1 X124.508 Y82.997 E1865.78891
G1 X124.533 Y82.201 E1865.8154
G1 X123.953 Y82.201 E1865.83469
G1 F2666.7 X123.228 Y82.25 E1865.86188
G1 F2390.4 X96.681 Y82.252 E1866.96999
G1 F2654.9 X96.044 Y82.2 E1866.99401
G1 F3000 X95.466 Y82.2 E1867.01323
G1 X95.488 Y82.998 E1867.03978
G1 X95.458 Y87.799 E1867.19947
G1 X96.034 Y87.799 E1867.21863
G1 F2666.7 X96.772 Y87.75 E1867.2463
G1 F2400 X100.278 Y87.75 E1867.39206
G1 X100.278 Y87.25 E1867.41285
G1 X96.772 Y87.25 E1867.55861
G1 F2666.7 X96.58 Y87.059 E1867.56875
G1 F3000 X96.568 Y82.949 E1867.70545
G1 F2654.9 X96.724 Y82.751 E1867.71492
G1 F2390.4 X123.228 Y82.75 E1868.82124
G1 F2666.7 X123.428 Y82.946 E1868.83172
G1 F3000 X123.426 Y87.051 E1868.96825
G1 F1500 E1862.46825
;MESH:NONMESH
G0 F300 X123.426 Y87.051 Z9.8
G0 F15000 X123.738 Y87.051
G0 X123.666 Y87.438
G0 X119.894 Y87.576
G0 X119.894 Y88.665
G0 X106.26 Y124.904
G0 X106.5 Y125.758
;TIME_ELAPSED:2011.219452
;LAYER:48
;TYPE:SUPPORT
G1 F1500 E1868.96825
G1 F3000 X108 Y125.336 E1869.02008
G1 X109.5 Y125.758 E1869.0719
G1 X110.581 Y126.899 E1869.12418
G1 X110.999 Y128.334 E1869.17389
G1 X110.581 Y129.831 E1869.22559
G1 X109.495 Y130.917 E1869.27667
G1 X107.998 Y131.336 E1869.32837
G1 X106.566 Y130.918 E1869.37799
G1 X105.414 Y129.766 E1869.43218
G1 X104.997 Y128.337 E1869.48169
G1 X105.419 Y126.899 E1869.53153
G1 X106.5 Y125.758 E1869.58381
G1 F1500 E1863.08381
;MESH:9VBatteryHolder_v3.stl
G0 F15000 X105.871 Y125.165
G0 X104.649 Y126.459
G0 X104.097 Y128.338
G0 X104.596 Y130.037
G0 X106.5 Y134.335
G0 X106.5 Y135.43
G0 X97 Y136
;TYPE:WALL-INNER
G1 F1500 E1869.58381
G1 F3000 X123 Y136 E1870.44857
G1 F2941.2 X123.174 Y135.993 E1870.45448
G0 F15000 X123.697 Y135.697
G1 F3045.7 X123.174 Y135.993 E1870.47417
G1 X124.014 Y136.014 E1870.5017
G1 F3053.4 X123.993 Y135.174 E1870.52915
G1 X123.697 Y135.697 E1870.54879
G0 F15000 X123.993 Y135.174
G1 F2948.4 X124 Y135 E1870.55469
G1 F3000 X124 Y91 E1872.01813
G1 F1500 E1865.51813
G0 F15000 X123.838 Y135.838
G0 X96.162 Y135.838
G0 X96 Y91
G1 F1500 E1872.01813
G1 F3000 X96 Y135 E1873.48158
G1 F2941.2 X96.007 Y135.174 E1873.48748
G0 F15000 X96.303 Y135.697
G1 F3045.7 X96.007 Y135.174 E1873.50717
G1 X95.986 Y136.014 E1873.5347
G1 F3108.8 X97 Y136 E1873.56725
G1 X96.303 Y135.697 E1873.59164
G0 F15000 X96.09 Y135.697
G0 X123.838 Y135.838
G0 X123.91 Y135.424
G0 X123.424 Y135.424
G1 F3000 X123.089 Y135.6 E1873.60423
G1 X97 Y135.6 E1874.47195
G1 X96.575 Y135.425 E1874.48724
G1 X96.4 Y135.089 E1874.49984
G1 X96.4 Y90.6 E1875.97955
G1 X95.6 Y90.6 E1876.00616
G1 X95.601 Y136.399 E1877.52944
G1 X124.4 Y136.4 E1878.4873
G1 X124.4 Y90.6 E1880.01061
G1 X123.6 Y90.6 E1880.03722
G1 X123.6 Y135.089 E1881.51693
G1 X123.424 Y135.424 E1881.52952
G0 F15000 X123.198 Y135.035
;TYPE:WALL-OUTER
G1 F3000 X123.142 Y135.142 E1881.53353
G1 X123.035 Y135.198 E1881.53755
G1 X97 Y135.2 E1882.40348
G1 X96.858 Y135.142 E1882.40858
G1 X96.802 Y135.035 E1882.4126
G1 X96.8 Y90.2 E1883.90381
G1 X95.2 Y90.2 E1883.95703
G1 X95.201 Y136.799 E1885.50692
G1 X124.8 Y136.8 E1886.49139
G1 X124.8 Y90.2 E1888.04131
G1 X123.2 Y90.2 E1888.09452
G1 X123.198 Y135.035 E1889.58574
G1 F1500 E1883.08574
G0 F15000 X123.51 Y135.035
G0 X123.424 Y90.424
G0 X122.335 Y90.424
G0 X113.17 Y87.574
G0 X112.254 Y87.75
G1 F1500 E1889.58574
G1 F2400 X107.742 Y87.75 E1889.77333
G1 X107.742 Y87.25 E1889.79412
G1 X112.254 Y87.25 E1889.9817
G1 X112.254 Y87.75 E1890.00249
G1 F1500 E1883.50249
G0 F15000 X112.026 Y87.52
G0 X113.17 Y87.422
G0 X118.843 Y88.653
G0 X123.669 Y88.665
G0 X124.166 Y86.328
;TYPE:WALL-INNER
G1 F1500 E1890.00249
G1 F3488.4 X124.156 Y84.495 E1890.05492
G1 F2343.8 X123.983 Y84.096 E1890.07344
G1 X123.815 Y84.496 E1890.09191
G1 F3448.3 X123.812 Y87.168 E1890.16923
G1 F3352 X123.522 Y87.419 E1890.18064
G1 F3296.7 X124.152 Y87.418 E1890.19971
G1 F3370.8 X124.166 Y86.328 E1890.23198
G0 F15000 X123.983 Y84.096
G1 F1772.5 X123.98 Y82.983 E1890.29463
G1 F1729.1 X123.964 Y82.759 E1890.30759
G0 F15000 X123.683 Y82.562
G0 X96.316 Y82.562
G0 X96.033 Y82.759
G1 F1726.6 X96.016 Y82.971 E1890.31988
G1 F1775.1 X96.013 Y83.99 E1890.37716
G0 F15000 X95.83 Y86.333
G1 F3370.8 X95.846 Y87.418 E1890.40928
G1 F3305.8 X96.528 Y87.418 E1890.42987
G1 F3352 X96.179 Y87.165 E1890.4427
G1 F3468.2 X96.182 Y84.39 E1890.52254
G1 F2352.9 X96.013 Y83.99 E1890.54095
G1 X95.841 Y84.389 E1890.55938
G1 F3488.4 X95.83 Y86.333 E1890.61498
G1 F1500 E1884.11498
G0 F15000 X96.316 Y82.562
G0 X123.683 Y82.562
G0 X123.755 Y87.053
G0 X123.442 Y87.053
;TYPE:WALL-OUTER
G1 F1500 E1890.61498
G1 F2654.9 X123.288 Y87.249 E1890.62435
G1 F2390.4 X119.742 Y87.25 E1890.77237
G1 F2400 X119.742 Y87.75 E1890.79315
G1 F2390.4 X123.331 Y87.748 E1890.94296
G1 F2654.9 X123.971 Y87.8 E1890.9671
G1 F3000 X124.532 Y87.8 E1890.98576
G1 X124.539 Y86.326 E1891.03478
G1 X124.516 Y82.998 E1891.14547
G1 X124.538 Y82.201 E1891.17199
G1 X123.964 Y82.201 E1891.19108
G1 F2666.7 X123.244 Y82.25 E1891.21809
G1 F2390.4 X96.665 Y82.252 E1892.32753
G1 F2654.9 X96.033 Y82.201 E1892.35136
G1 F3000 X95.459 Y82.201 E1892.37046
G1 X95.48 Y82.996 E1892.39691
G1 X95.456 Y86.335 E1892.50796
G1 X95.467 Y87.799 E1892.55666
G1 X96.026 Y87.799 E1892.57525
G1 F2666.7 X96.752 Y87.75 E1892.60248
G1 F2400 X100.254 Y87.75 E1892.74807
G1 X100.254 Y87.25 E1892.76886
G1 X96.752 Y87.25 E1892.91446
G1 F2666.7 X96.552 Y87.053 E1892.92496
G1 F3000 X96.552 Y82.949 E1893.06146
G1 F2654.9 X96.708 Y82.751 E1893.07094
G1 F2390.4 X123.244 Y82.75 E1894.17859
G1 F2666.7 X123.444 Y82.946 E1894.18907
G1 F3000 X123.442 Y87.053 E1894.32567
G1 F1500 E1887.82567
;MESH:NONMESH
G0 F300 X123.442 Y87.053 Z10
G0 F15000 X123.755 Y87.053
G0 X123.683 Y87.438
G0 X119.919 Y87.576
G0 X119.919 Y88.665
G0 X106.276 Y124.923
G0 X106.516 Y125.778
;TIME_ELAPSED:2040.069152
;LAYER:49
;TYPE:SUPPORT
G1 F1500 E1894.32567
G1 F3000 X107.999 Y125.36 E1894.37691
G1 X109.48 Y125.778 E1894.42809
G1 X110.561 Y126.915 E1894.48028
G1 X110.975 Y128.334 E1894.52944
G1 X110.561 Y129.819 E1894.58071
G1 X109.483 Y130.897 E1894.63142
G1 X107.998 Y131.315 E1894.68273
G1 X106.578 Y130.898 E1894.73195
G1 X105.438 Y129.754 E1894.78567
G1 X105.021 Y128.335 E1894.83486
G1 X105.435 Y126.915 E1894.88406
G1 X106.516 Y125.778 E1894.93624
G1 F1500 E1888.43624
;MESH:9VBatteryHolder_v3.stl
G0 F15000 X105.888 Y125.184
G0 X104.668 Y126.473
G0 X104.122 Y128.338
G0 X104.617 Y130.026
G0 X106.516 Y134.335
G0 X106.516 Y135.43
G0 X97 Y136
;TYPE:WALL-INNER
G1 F1500 E1894.93624
G1 F3000 X123 Y136 E1895.801
G1 F2941.2 X123.174 Y135.993 E1895.80691
G0 F15000 X123.697 Y135.697
G1 F3045.7 X123.174 Y135.993 E1895.8266
G1 X124.014 Y136.014 E1895.85413
G1 F3053.4 X123.993 Y135.174 E1895.88158
G1 X123.697 Y135.697 E1895.90122
G0 F15000 X123.993 Y135.174
G1 F2948.4 X124 Y135 E1895.90712
G1 F3000 X124 Y91 E1897.37056
G1 F1500 E1890.87056
G0 F15000 X123.838 Y135.838
G0 X96.162 Y135.838
G0 X96 Y91
G1 F1500 E1897.37056
G1 F3000 X96 Y135 E1898.83401
G1 F2941.2 X96.007 Y135.174 E1898.83991
G0 F15000 X96.303 Y135.697
G1 F3045.7 X96.007 Y135.174 E1898.8596
G1 X95.986 Y136.014 E1898.88713
G1 F3108.8 X97 Y136 E1898.91968
G1 X96.303 Y135.697 E1898.94407
G0 F15000 X96.09 Y135.697
G0 X123.838 Y135.838
G0 X123.91 Y135.424
G0 X123.424 Y135.424
G1 F3000 X123.089 Y135.6 E1898.95666
G1 X97 Y135.6 E1899.82438
G1 X96.575 Y135.425 E1899.83967
G1 X96.4 Y135.089 E1899.85227
G1 X96.4 Y90.6 E1901.33198
G1 X95.6 Y90.6 E1901.35859
G1 X95.601 Y136.399 E1902.88187
G1 X124.4 Y136.4 E1903.83973
G1 X124.4 Y90.6 E1905.36304
G1 X123.6 Y90.6 E1905.38965
G1 X123.6 Y135.089 E1906.86936
G1 X123.424 Y135.424 E1906.88195
G0 F15000 X123.198 Y135.035
;TYPE:WALL-OUTER
G1 F3000 X123.142 Y135.142 E1906.88596
G1 X123.035 Y135.198 E1906.88998
G1 X97 Y135.2 E1907.75591
G1 X96.858 Y135.142 E1907.76101
G1 X96.802 Y135.035 E1907.76503
G1 X96.8 Y90.2 E1909.25624
G1 X95.2 Y90.2 E1909.30946
G1 X95.201 Y136.799 E1910.85935
G1 X124.8 Y136.8 E1911.84382
G1 X124.8 Y90.2 E1913.39374
G1 X123.2 Y90.2 E1913.44695
G1 X123.198 Y135.035 E1914.93817
G1 F1500 E1908.43817
G0 F15000 X123.51 Y135.035
G0 X123.967 Y90.43
G0 X123.967 Y89.335
G0 X123.967 Y88.665
G0 X123.967 Y87.242
;TYPE:WALL-INNER
G1 F1500 E1914.93817
G1 F1711.8 X123.982 Y87.133 E1914.94459
G1 F1741.7 X123.994 Y85.028 E1915.06519
G1 F1754.4 X123.986 Y82.983 E1915.18149
G1 F1719.2 X123.97 Y82.761 E1915.19441
G0 F15000 X123.688 Y82.562
G0 X96.312 Y82.562
G0 X96.026 Y82.761
G1 F1714.3 X96.01 Y82.97 E1915.20661
G1 F1751.8 X96.002 Y85.032 E1915.32406
G1 X96.009 Y87 E1915.43616
G1 F1719.2 X96.029 Y87.242 E1915.45025
G1 F1500 E1908.95025
G0 F15000 X96.312 Y82.562
G0 X123.688 Y82.562
G0 X123.76 Y87.054
G0 X123.446 Y87.054
;TYPE:WALL-OUTER
G1 F1500 E1915.45025
G1 F2654.9 X123.292 Y87.249 E1915.45959
G1 F2390.4 X119.75 Y87.25 E1915.60744
G1 F2400 X119.75 Y87.75 E1915.62822
G1 F2390.4 X123.335 Y87.748 E1915.77787
G1 F2654.9 X123.967 Y87.8 E1915.8017
G1 F3000 X124.521 Y87.8 E1915.82013
G1 X124.54 Y85.025 E1915.91243
G1 X124.524 Y82.998 E1915.97985
G1 X124.547 Y82.2 E1916.0064
G1 X123.97 Y82.201 E1916.02559
G1 F2666.7 X123.248 Y82.25 E1916.05267
G1 F2390.4 X96.661 Y82.252 E1917.16245
G1 F2654.9 X96.026 Y82.2 E1917.18639
G1 F3000 X95.448 Y82.2 E1917.20562
G1 X95.472 Y82.996 E1917.2321
G1 X95.456 Y85.035 E1917.29992
G1 X95.475 Y87.8 E1917.39189
G1 X96.029 Y87.8 E1917.41032
G1 F2666.7 X96.748 Y87.75 E1917.43729
G1 F2400 X100.25 Y87.75 E1917.58288
G1 X100.25 Y87.25 E1917.60367
G1 X96.748 Y87.25 E1917.74927
G1 F2666.7 X96.548 Y87.054 E1917.75974
G1 F3000 X96.548 Y82.95 E1917.89624
G1 F2654.9 X96.704 Y82.751 E1917.90575
G1 F2390.4 X123.248 Y82.75 E1919.01373
G1 F2666.7 X123.448 Y82.947 E1919.02424
G1 F3000 X123.446 Y87.054 E1919.16084
G1 F1500 E1912.66084
;MESH:NONMESH
G0 F300 X123.446 Y87.054 Z10.2
G0 F15000 X123.76 Y87.054
G0 X123.688 Y87.438
G0 X119.924 Y87.576
G0 X119.924 Y88.665
G0 X106.289 Y124.945
G0 X106.528 Y125.798
;TIME_ELAPSED:2066.411492
;LAYER:50
;TYPE:SUPPORT
G1 F1500 E1919.16084
G1 F3000 X107.999 Y125.384 E1919.21166
G1 X109.468 Y125.798 E1919.26242
G1 X110.541 Y126.927 E1919.31423
G1 X110.951 Y128.334 E1919.36297
G1 X110.537 Y129.807 E1919.41386
G1 X109.471 Y130.877 E1919.4641
G1 X107.998 Y131.288 E1919.51496
G1 X106.59 Y130.878 E1919.56374
G1 X105.458 Y129.746 E1919.61698
G1 X105.045 Y128.335 E1919.66588
G1 X105.455 Y126.927 E1919.71466
G1 X106.528 Y125.798 E1919.76646
G1 F1500 E1913.26646
;MESH:9VBatteryHolder_v3.stl
G0 F15000 X105.9 Y125.204
G0 X104.689 Y126.483
G0 X104.146 Y128.338
G0 X104.638 Y130.016
G0 X106.528 Y134.335
G0 X106.528 Y135.43
G0 X97 Y136
;TYPE:WALL-INNER
G1 F1500 E1919.76646
G1 F3000 X123 Y136 E1920.63122
G1 F2941.2 X123.174 Y135.993 E1920.63713
G0 F15000 X123.697 Y135.697
G1 F3045.7 X123.174 Y135.993 E1920.65682
G1 X124.014 Y136.014 E1920.68435
G1 F3053.4 X123.993 Y135.174 E1920.71181
G1 X123.697 Y135.697 E1920.73144
G0 F15000 X123.993 Y135.174
G1 F2948.4 X124 Y135 E1920.73734
G1 F3000 X124 Y91 E1922.20078
G1 F1500 E1915.70078
G0 F15000 X123.838 Y135.838
G0 X96.162 Y135.838
G0 X96 Y91
G1 F1500 E1922.20078
G1 F3000 X96 Y135 E1923.66423
G1 F2941.2 X96.007 Y135.174 E1923.67014
G0 F15000 X96.303 Y135.697
G1 F3045.7 X96.007 Y135.174 E1923.68983
G1 X95.986 Y136.014 E1923.71735
G1 F3108.8 X97 Y136 E1923.7499
G1 X96.303 Y135.697 E1923.7743
G0 F15000 X96.09 Y135.697
G0 X123.838 Y135.838
G0 X123.91 Y135.424
G0 X123.424 Y135.424
G1 F3000 X123.089 Y135.6 E1923.78688
G1 X97 Y135.6 E1924.65461
G1 X96.575 Y135.425 E1924.66989
G1 X96.4 Y135.089 E1924.68249
G1 X96.4 Y90.6 E1926.1622
G1 X95.6 Y90.6 E1926.18881
G1 X95.601 Y136.399 E1927.71209
G1 X124.4 Y136.4 E1928.66995
G1 X124.4 Y90.6 E1930.19327
G1 X123.6 Y90.6 E1930.21987
G1 X123.6 Y135.089 E1931.69958
G1 X123.424 Y135.424 E1931.71217
G0 F15000 X123.198 Y135.035
;TYPE:WALL-OUTER
G1 F3000 X123.142 Y135.142 E1931.71619
G1 X123.035 Y135.198 E1931.7202
G1 X97 Y135.2 E1932.58613
G1 X96.858 Y135.142 E1932.59123
G1 X96.802 Y135.035 E1932.59525
G1 X96.8 Y90.2 E1934.08647
G1 X95.2 Y90.2 E1934.13968
G1 X95.201 Y136.799 E1935.68957
G1 X124.8 Y136.8 E1936.67404
G1 X124.8 Y90.2 E1938.22396
G1 X123.2 Y90.2 E1938.27718
G1 X123.198 Y135.035 E1939.7684
G1 F1500 E1933.2684
G0 F15000 X123.51 Y135.035
G0 X123.81 Y90.43
G0 X123.81 Y89.335
G0 X123.81 Y88.665
G0 X123.81 Y87.175
;TYPE:WALL-INNER
G1 F1500 E1939.7684
G1 F3409.1 X123.517 Y87.424 E1939.77965
G1 F3389.8 X124.137 Y87.422 E1939.7979
G1 F3468.2 X124.147 Y87.13 E1939.80631
G1 F3508.8 X124.166 Y83 E1939.92375
G1 F3389.8 X124.153 Y82.582 E1939.93606
G1 F3296.7 X123.474 Y82.583 E1939.95661
G1 F3333.3 X123.82 Y82.833 E1939.96939
G1 F3409.1 X123.81 Y87.175 E1940.09648
G1 F1500 E1933.59648
G0 F15000 X123.688 Y82.562
G0 X96.312 Y82.562
G0 X96.182 Y87.173
G1 F1500 E1940.09648
G1 F3438.4 X96.177 Y82.835 E1940.22237
G1 F3370.8 X96.473 Y82.58 E1940.23393
G1 F3305.8 X95.846 Y82.581 E1940.25286
G1 F3399.4 X95.833 Y83 E1940.26516
G1 F3550.3 X95.848 Y87 E1940.37758
G1 F3498.5 X95.861 Y87.424 E1940.38968
G1 F3399.4 X96.534 Y87.424 E1940.40943
G1 F3409.1 X96.182 Y87.173 E1940.42209
G1 F1500 E1933.92209
G0 F15000 X96.312 Y82.562
G0 X123.688 Y82.562
G0 X123.76 Y87.055
G0 X123.446 Y87.055
;TYPE:WALL-OUTER
G1 F1500 E1940.42209
G1 F2654.9 X123.292 Y87.249 E1940.4314
G1 F2390.4 X119.75 Y87.25 E1940.57924
G1 F2400 X119.75 Y87.75 E1940.60003
G1 F2390.4 X123.335 Y87.748 E1940.74967
G1 F2654.9 X123.961 Y87.799 E1940.77328
G1 F3000 X124.512 Y87.799 E1940.79161
G1 X124.54 Y82.742 E1940.95981
G1 X124.525 Y82.2 E1940.97784
G1 X123.975 Y82.201 E1940.99613
G1 F2666.7 X123.248 Y82.25 E1941.0234
G1 F2390.4 X96.661 Y82.252 E1942.13318
G1 F2654.9 X96.023 Y82.2 E1942.15724
G1 F3000 X95.475 Y82.2 E1942.17546
G1 X95.46 Y82.763 E1942.19419
G1 X95.487 Y87.8 E1942.36173
G1 X96.037 Y87.8 E1942.38002
G1 F2666.7 X96.748 Y87.75 E1942.40669
G1 F2400 X100.25 Y87.75 E1942.55229
G1 X100.25 Y87.25 E1942.57307
G1 X96.748 Y87.25 E1942.71867
G1 F2666.7 X96.548 Y87.055 E1942.72912
G1 F3000 X96.548 Y82.948 E1942.86572
G1 F2654.9 X96.704 Y82.751 E1942.87517
G1 F2390.4 X123.248 Y82.75 E1943.98315
G1 F2666.7 X123.448 Y82.947 E1943.99366
G1 F3000 X123.446 Y87.055 E1944.13029
G1 F1500 E1937.63029
;MESH:NONMESH
G0 F300 X123.446 Y87.055 Z10.4
G0 F15000 X123.76 Y87.055
G0 X123.688 Y87.438
G0 X119.924 Y87.576
G0 X119.924 Y88.665
G0 X106.299 Y124.967
G0 X106.539 Y125.822
;TIME_ELAPSED:2094.244156
;LAYER:51
;TYPE:SUPPORT
G1 F1500 E1944.13029
G1 F3000 X107.999 Y125.412 E1944.18073
G1 X109.457 Y125.822 E1944.2311
G1 X110.521 Y126.939 E1944.28241
G1 X110.927 Y128.334 E1944.33073
G1 X110.517 Y129.795 E1944.3812
G1 X109.459 Y130.853 E1944.43097
G1 X107.997 Y131.264 E1944.48148
G1 X106.602 Y130.858 E1944.5298
G1 X105.478 Y129.734 E1944.58267
G1 X105.069 Y128.335 E1944.63115
G1 X105.475 Y126.939 E1944.67951
G1 X106.539 Y125.822 E1944.73081
G1 F1500 E1938.23081
;MESH:9VBatteryHolder_v3.stl
G0 F15000 X105.91 Y125.227
G0 X104.709 Y126.496
G0 X104.171 Y128.338
G0 X104.66 Y130.006
G0 X106.539 Y134.335
G0 X106.539 Y135.43
G0 X97 Y136
;TYPE:WALL-INNER
G1 F1500 E1944.73081
G1 F3000 X123 Y136 E1945.59558
G1 F2941.2 X123.174 Y135.993 E1945.60149
G0 F15000 X123.697 Y135.697
G1 F3045.7 X123.174 Y135.993 E1945.62117
G1 X124.014 Y136.014 E1945.6487
G1 F3053.4 X123.993 Y135.174 E1945.67616
G1 X123.697 Y135.697 E1945.6958
G0 F15000 X123.993 Y135.174
G1 F2948.4 X124 Y135 E1945.70169
G1 F3000 X124 Y91 E1947.16514
G1 F1500 E1940.66514
G0 F15000 X123.838 Y135.838
G0 X96.162 Y135.838
G0 X96 Y91
G1 F1500 E1947.16514
G1 F3000 X96 Y135 E1948.62858
G1 F2941.2 X96.007 Y135.174 E1948.63449
G0 F15000 X96.303 Y135.697
G1 F3045.7 X96.007 Y135.174 E1948.65418
G1 X95.986 Y136.014 E1948.68171
G1 F3108.8 X97 Y136 E1948.71426
G1 X96.303 Y135.697 E1948.73865
G0 F15000 X96.09 Y135.697
G0 X123.838 Y135.838
G0 X123.91 Y135.424
G0 X123.424 Y135.424
G1 F3000 X123.089 Y135.6 E1948.75123
G1 X97 Y135.6 E1949.61896
G1 X96.575 Y135.425 E1949.63425
G1 X96.4 Y135.089 E1949.64685
G1 X96.4 Y90.6 E1951.12656
G1 X95.6 Y90.6 E1951.15316
G1 X95.601 Y136.399 E1952.67644
G1 X124.4 Y136.4 E1953.6343
G1 X124.4 Y90.6 E1955.15762
G1 X123.6 Y90.6 E1955.18423
G1 X123.6 Y135.089 E1956.66394
G1 X123.424 Y135.424 E1956.67652
G0 F15000 X123.198 Y135.035
;TYPE:WALL-OUTER
G1 F3000 X123.142 Y135.142 E1956.68054
G1 X123.035 Y135.198 E1956.68456
G1 X97 Y135.2 E1957.55048
G1 X96.858 Y135.142 E1957.55559
G1 X96.802 Y135.035 E1957.5596
G1 X96.8 Y90.2 E1959.05082
G1 X95.2 Y90.2 E1959.10404
G1 X95.201 Y136.799 E1960.65393
G1 X124.8 Y136.8 E1961.63839
G1 X124.8 Y90.2 E1963.18831
G1 X123.2 Y90.2 E1963.24153
G1 X123.198 Y135.035 E1964.73275
G1 F1500 E1958.23275
G0 F15000 X123.51 Y135.035
G0 X123.955 Y90.43
G0 X123.955 Y89.335
G0 X123.955 Y88.665
G0 X123.955 Y87.25
;TYPE:WALL-INNER
G1 F1500 E1964.73275
G1 F1772.5 X123.977 Y87 E1964.74688
G1 F1793.7 X123.986 Y82.921 E1964.97378
G1 F1716.7 X123.965 Y82.757 E1964.98339
G0 F15000 X123.688 Y82.562
G0 X96.312 Y82.562
G0 X96.033 Y82.756
G1 F1729.1 X96.012 Y82.932 E1964.99362
G1 F1799.1 X96.02 Y87 E1965.21924
G1 F1772.5 X96.042 Y87.251 E1965.23342
G1 F1500 E1958.73342
G0 F15000 X96.312 Y82.562
G0 X123.688 Y82.562
G0 X123.76 Y87.056
G0 X123.446 Y87.056
;TYPE:WALL-OUTER
G1 F1500 E1965.23342
G1 F2654.9 X123.292 Y87.249 E1965.2427
G1 F2390.4 X119.75 Y87.25 E1965.39055
G1 F2400 X119.75 Y87.75 E1965.41134
G1 F2390.4 X123.335 Y87.748 E1965.56098
G1 F2654.9 X123.955 Y87.799 E1965.58436
G1 F3000 X124.501 Y87.799 E1965.60252
G1 X124.527 Y82.905 E1965.7653
G1 X124.506 Y82.2 E1965.78876
G1 X123.965 Y82.2 E1965.80675
G1 F2666.7 X123.248 Y82.25 E1965.83364
G1 F2390.4 X96.661 Y82.252 E1966.94342
G1 F2654.9 X96.033 Y82.201 E1966.9671
G1 F3000 X95.492 Y82.201 E1966.9851
G1 X95.472 Y83.002 E1967.01175
G1 X95.496 Y87.8 E1967.17133
G1 X96.042 Y87.8 E1967.18949
G1 F2666.7 X96.748 Y87.75 E1967.21598
G1 F2400 X100.25 Y87.75 E1967.36157
G1 X100.25 Y87.25 E1967.38236
G1 X96.748 Y87.25 E1967.52796
G1 F2666.7 X96.548 Y87.057 E1967.53835
G1 F3000 X96.548 Y82.948 E1967.67502
G1 F2654.9 X96.704 Y82.751 E1967.68447
G1 F2390.4 X123.248 Y82.75 E1968.79245
G1 F2666.7 X123.448 Y82.945 E1968.8029
G1 F3000 X123.446 Y87.056 E1968.93964
G1 F1500 E1962.43964
;MESH:NONMESH
G0 F300 X123.446 Y87.056 Z10.6
G0 F15000 X123.76 Y87.056
G0 X123.688 Y87.438
G0 X119.924 Y87.576
G0 X119.924 Y88.665
G0 X106.308 Y124.988
G0 X106.548 Y125.842
;TIME_ELAPSED:2120.565310
;LAYER:52
;TYPE:SUPPORT
G1 F1500 E1968.93964
G1 F3000 X107.999 Y125.436 E1968.98975
G1 X109.448 Y125.842 E1969.0398
G1 X110.497 Y126.947 E1969.09048
G1 X110.903 Y128.334 E1969.13854
G1 X110.497 Y129.783 E1969.18859
G1 X109.447 Y130.833 E1969.23798
G1 X107.998 Y131.239 E1969.28803
G1 X106.614 Y130.834 E1969.33599
G1 X105.498 Y129.722 E1969.38839
G1 X105.093 Y128.337 E1969.43639
G1 X105.503 Y126.947 E1969.48459
G1 X106.548 Y125.842 E1969.53517
G1 F1500 E1963.03517
;MESH:9VBatteryHolder_v3.stl
G0 F15000 X105.92 Y125.249
G0 X104.733 Y126.506
G0 X104.195 Y128.338
G0 X104.681 Y129.995
G0 X106.548 Y134.335
G0 X106.548 Y135.43
G0 X97 Y136
;TYPE:WALL-INNER
G1 F1500 E1969.53517
G1 F3000 X123 Y136 E1970.39994
G1 F2941.2 X123.174 Y135.993 E1970.40584
G0 F15000 X123.697 Y135.697
G1 F3045.7 X123.174 Y135.993 E1970.42553
G1 X124.014 Y136.014 E1970.45306
G1 F3053.4 X123.993 Y135.174 E1970.48052
G1 X123.697 Y135.697 E1970.50016
G0 F15000 X123.993 Y135.174
G1 F2948.4 X124 Y135 E1970.50605
G1 F3000 X124 Y91 E1971.9695
G1 F1500 E1965.4695
G0 F15000 X123.838 Y135.838
G0 X96.162 Y135.838
G0 X96 Y91
G1 F1500 E1971.9695
G1 F3000 X96 Y135 E1973.43294
G1 F2941.2 X96.007 Y135.174 E1973.43885
G0 F15000 X96.303 Y135.697
G1 F3045.7 X96.007 Y135.174 E1973.45854
G1 X95.986 Y136.014 E1973.48607
G1 F3108.8 X97 Y136 E1973.51861
G1 X96.303 Y135.697 E1973.54301
G0 F15000 X96.09 Y135.697
G0 X123.838 Y135.838
G0 X123.91 Y135.424
G0 X123.424 Y135.424
G1 F3000 X123.089 Y135.6 E1973.55559
G1 X97 Y135.6 E1974.42332
G1 X96.575 Y135.425 E1974.4386
G1 X96.4 Y135.089 E1974.4512
G1 X96.4 Y90.6 E1975.93091
G1 X95.6 Y90.6 E1975.95752
G1 X95.601 Y136.399 E1977.4808
G1 X124.4 Y136.4 E1978.43866
G1 X124.4 Y90.6 E1979.96198
G1 X123.6 Y90.6 E1979.98858
G1 X123.6 Y135.089 E1981.46829
G1 X123.424 Y135.424 E1981.48088
G0 F15000 X123.198 Y135.035
;TYPE:WALL-OUTER
G1 F3000 X123.142 Y135.142 E1981.4849
G1 X123.035 Y135.198 E1981.48891
G1 X97 Y135.2 E1982.35484
G1 X96.858 Y135.142 E1982.35994
G1 X96.802 Y135.035 E1982.36396
G1 X96.8 Y90.2 E1983.85518
G1 X95.2 Y90.2 E1983.90839
G1 X95.201 Y136.799 E1985.45828
G1 X124.8 Y136.8 E1986.44275
G1 X124.8 Y90.2 E1987.99267
G1 X123.2 Y90.2 E1988.04589
G1 X123.198 Y135.035 E1989.53711
G1 F1500 E1983.03711
G0 F15000 X123.51 Y135.035
G0 X123.948 Y90.43
G0 X123.948 Y89.335
G0 X123.948 Y88.665
G0 X123.948 Y87.255
;TYPE:WALL-INNER
G1 F1500 E1989.53711
G1 F1788.4 X123.966 Y87.129 E1989.54421
G1 F1826.5 X123.978 Y84.992 E1989.66095
G1 F1834.9 X123.972 Y82.984 E1989.77015
G1 F1785.7 X123.954 Y82.749 E1989.78332
G0 F15000 X123.688 Y82.562
G0 X96.312 Y82.562
G0 X96.042 Y82.749
G1 F1780.4 X96.024 Y82.969 E1989.79569
G1 F1832.1 X96.018 Y84.996 E1989.90609
G1 F1837.7 X96.025 Y87 E1990.0149
G1 F1796.4 X96.048 Y87.255 E1990.02912
G1 F1500 E1983.52912
G0 F15000 X96.312 Y82.562
G0 X123.688 Y82.562
G0 X123.76 Y87.058
G0 X123.446 Y87.058
;TYPE:WALL-OUTER
G1 F1500 E1990.02912
G1 F2654.9 X123.292 Y87.249 E1990.03834
G1 F2390.4 X119.75 Y87.25 E1990.18619
G1 F2400 X119.75 Y87.75 E1990.20698
G1 F2390.4 X123.335 Y87.748 E1990.35662
G1 F2654.9 X123.948 Y87.799 E1990.37974
G1 F3000 X124.489 Y87.799 E1990.39773
G1 X124.508 Y84.99 E1990.49116
G1 X124.496 Y82.998 E1990.55742
G1 X124.503 Y82.702 E1990.56727
G1 X124.489 Y82.201 E1990.58394
G1 X123.954 Y82.201 E1990.60173
G1 F2666.7 X123.248 Y82.25 E1990.62821
G1 F2390.4 X96.661 Y82.252 E1991.73799
G1 F2654.9 X96.042 Y82.2 E1991.76134
G1 F3000 X95.51 Y82.2 E1991.77903
G1 X95.492 Y82.753 E1991.79744
G1 X95.5 Y82.997 E1991.80556
G1 X95.488 Y84.998 E1991.87211
G1 X95.507 Y87.8 E1991.96531
G1 X96.048 Y87.8 E1991.9833
G1 F2666.7 X96.748 Y87.75 E1992.00956
G1 F2400 X100.25 Y87.75 E1992.15516
G1 X100.25 Y87.25 E1992.17594
G1 X96.748 Y87.25 E1992.32154
G1 F2666.7 X96.551 Y87.06 E1992.33178
G1 F3000 X96.548 Y82.946 E1992.46861
G1 F2654.9 X96.704 Y82.751 E1992.478
G1 F2390.4 X123.248 Y82.75 E1993.58598
G1 F2666.7 X123.448 Y82.943 E1993.59638
G1 F3000 X123.446 Y87.058 E1993.73325
G1 F1500 E1987.23325
;MESH:NONMESH
G0 F300 X123.446 Y87.058 Z10.8
G0 F15000 X123.76 Y87.058
G0 X123.688 Y87.438
G0 X119.924 Y87.576
G0 X119.924 Y88.665
G0 X106.324 Y125.008
G0 X106.564 Y125.862
;TIME_ELAPSED:2146.873788
;LAYER:53
;TYPE:SUPPORT
G1 F1500 E1993.73325
G1 F3000 X107.999 Y125.46 E1993.78282
G1 X109.432 Y125.862 E1993.83232
G1 X110.477 Y126.963 E1993.88281
G1 X110.876 Y128.334 E1993.9303
G1 X110.473 Y129.771 E1993.97994
G1 X109.435 Y130.813 E1994.02885
G1 X107.998 Y131.216 E1994.07849
G1 X106.626 Y130.814 E1994.12604
G1 X105.522 Y129.71 E1994.17797
G1 X105.117 Y128.335 E1994.22565
G1 X105.519 Y126.963 E1994.2732
G1 X106.564 Y125.862 E1994.32369
G1 F1500 E1987.82369
;MESH:9VBatteryHolder_v3.stl
G0 F15000 X105.936 Y125.268
G0 X104.752 Y126.518
G0 X104.219 Y128.338
G0 X104.702 Y129.985
G0 X106.564 Y134.335
G0 X106.564 Y135.43
G0 X97 Y136
;TYPE:WALL-INNER
G1 F1500 E1994.32369
G1 F3000 X123 Y136 E1995.18845
G1 F2941.2 X123.174 Y135.993 E1995.19436
G0 F15000 X123.697 Y135.697
G1 F3045.7 X123.174 Y135.993 E1995.21405
G1 X124.014 Y136.014 E1995.24157
G1 F3053.4 X123.993 Y135.174 E1995.26903
G1 X123.697 Y135.697 E1995.28867
G0 F15000 X123.993 Y135.174
G1 F2948.4 X124 Y135 E1995.29456
G1 F3000 X124 Y91 E1996.75801
G1 F1500 E1990.25801
G0 F15000 X123.838 Y135.838
G0 X96.162 Y135.838
G0 X96 Y91
G1 F1500 E1996.75801
G1 F3000 X96 Y135 E1998.22146
G1 F2941.2 X96.007 Y135.174 E1998.22736
G0 F15000 X96.303 Y135.697
G1 F3045.7 X96.007 Y135.174 E1998.24705
G1 X95.986 Y136.014 E1998.27458
G1 F3108.8 X97 Y136 E1998.30713
G1 X96.303 Y135.697 E1998.33152
G0 F15000 X96.09 Y135.697
G0 X123.838 Y135.838
G0 X123.91 Y135.424
G0 X123.424 Y135.424
G1 F3000 X123.089 Y135.6 E1998.34411
G1 X97 Y135.6 E1999.21183
G1 X96.575 Y135.425 E1999.22712
G1 X96.4 Y135.089 E1999.23972
G1 X96.4 Y90.6 E2000.71943
G1 X95.6 Y90.6 E2000.74604
G1 X95.601 Y136.399 E2002.26932
G1 X124.4 Y136.4 E2003.22718
G1 X124.4 Y90.6 E2004.75049
G1 X123.6 Y90.6 E2004.7771
G1 X123.6 Y135.089 E2006.25681
G1 X123.424 Y135.424 E2006.2694
G0 F15000 X123.198 Y135.035
;TYPE:WALL-OUTER
G1 F3000 X123.142 Y135.142 E2006.27341
G1 X123.035 Y135.198 E2006.27743
G1 X97 Y135.2 E2007.14336
G1 X96.858 Y135.142 E2007.14846
G1 X96.802 Y135.035 E2007.15248
G1 X96.8 Y90.2 E2008.64369
G1 X95.2 Y90.2 E2008.69691
G1 X95.201 Y136.799 E2010.2468
G1 X124.8 Y136.8 E2011.23127
G1 X124.8 Y90.2 E2012.78119
G1 X123.2 Y90.2 E2012.8344
G1 X123.198 Y135.035 E2014.32562
G1 F1500 E2007.82562
G0 F15000 X123.51 Y135.035
G0 X123.944 Y90.43
G0 X123.944 Y89.335
G0 X123.944 Y88.665
G0 X123.944 Y87.258
;TYPE:WALL-INNER
G1 F1500 E2014.32562
G1 F1818.2 X123.968 Y87 E2014.33984
G1 F1907.8 X123.958 Y82.986 E2014.54978
G1 F1854.7 X123.937 Y82.737 E2014.56322
G0 F15000 X123.688 Y82.562
G0 X96.312 Y82.562
G0 X96.06 Y82.737
G1 F1857.6 X96.04 Y82.966 E2014.57557
G1 F1913.9 X96.03 Y87 E2014.78589
G1 F1818.2 X96.053 Y87.259 E2014.80016
G1 F1500 E2008.30016
G0 F15000 X96.312 Y82.562
G0 X123.688 Y82.562
G0 X123.76 Y87.058
G0 X123.446 Y87.058
;TYPE:WALL-OUTER
G1 F1500 E2014.80016
G1 F2654.9 X123.292 Y87.249 E2014.80938
G1 F2390.4 X119.75 Y87.25 E2014.95723
G1 F2400 X119.75 Y87.75 E2014.97801
G1 F2390.4 X123.335 Y87.748 E2015.12766
G1 F2654.9 X123.944 Y87.799 E2015.15063
G1 F3000 X124.481 Y87.799 E2015.16849
G1 X124.491 Y86.381 E2015.21565
G1 X124.468 Y82.998 E2015.32817
G1 X124.479 Y82.52 E2015.34407
G1 X124.469 Y82.2 E2015.35472
G1 X123.937 Y82.2 E2015.37242
G1 F2666.7 X123.248 Y82.25 E2015.39827
G1 F2390.4 X96.661 Y82.252 E2016.50805
G1 F2654.9 X96.06 Y82.2 E2016.53072
G1 F3000 X95.527 Y82.2 E2016.54845
G1 X95.516 Y82.558 E2016.56036
G1 X95.532 Y82.996 E2016.57494
G1 X95.508 Y86.391 E2016.68786
G1 X95.515 Y87.8 E2016.73472
G1 X96.053 Y87.8 E2016.75262
G1 F2666.7 X96.748 Y87.75 E2016.77869
G1 F2400 X100.25 Y87.75 E2016.92428
G1 X100.25 Y87.25 E2016.94507
G1 X96.748 Y87.25 E2017.09067
G1 F2666.7 X96.551 Y87.061 E2017.10088
G1 F3000 X96.548 Y82.944 E2017.23781
G1 F2654.9 X96.704 Y82.751 E2017.24714
G1 F2390.4 X123.248 Y82.75 E2018.35513
G1 F2666.7 X123.448 Y82.94 E2018.36545
G1 F3000 X123.446 Y87.058 E2018.50241
G1 F1500 E2012.00241
;MESH:NONMESH
G0 F300 X123.446 Y87.058 Z11
G0 F15000 X123.76 Y87.058
G0 X123.688 Y87.438
G0 X119.924 Y87.576
G0 X119.924 Y88.665
G0 X106.336 Y125.029
G0 X106.576 Y125.882
;TIME_ELAPSED:2173.166962
;LAYER:54
;TYPE:SUPPORT
G1 F1500 E2018.50241
G1 F3000 X107.999 Y125.484 E2018.55156
G1 X109.42 Y125.882 E2018.60064
G1 X110.457 Y126.975 E2018.65075
G1 X110.852 Y128.334 E2018.69782
G1 X110.453 Y129.759 E2018.74704
G1 X109.419 Y130.793 E2018.79568
G1 X107.998 Y131.191 E2018.84476
G1 X106.638 Y130.794 E2018.89188
G1 X105.542 Y129.698 E2018.94343
G1 X105.141 Y128.335 E2018.99069
G1 X105.539 Y126.975 E2019.03782
G1 X106.576 Y125.882 E2019.08793
G1 F1500 E2012.58793
;MESH:9VBatteryHolder_v3.stl
G0 F15000 X105.949 Y125.288
G0 X104.773 Y126.53
G0 X104.244 Y128.338
G0 X104.724 Y129.974
G0 X106.576 Y134.335
G0 X106.576 Y135.43
G0 X97 Y136
;TYPE:WALL-INNER
G1 F1500 E2019.08793
G1 F3000 X123 Y136 E2019.9527
G1 F2941.2 X123.174 Y135.993 E2019.9586
G0 F15000 X123.697 Y135.697
G1 F3045.7 X123.174 Y135.993 E2019.97829
G1 X124.014 Y136.014 E2020.00582
G1 F3053.4 X123.993 Y135.174 E2020.03328
G1 X123.697 Y135.697 E2020.05292
G0 F15000 X123.993 Y135.174
G1 F2948.4 X124 Y135 E2020.05881
G1 F3000 X124 Y91 E2021.52226
G1 F1500 E2015.02226
G0 F15000 X123.838 Y135.838
G0 X96.162 Y135.838
G0 X96 Y91
G1 F1500 E2021.52226
G1 F3000 X96 Y135 E2022.9857
G1 F2941.2 X96.007 Y135.174 E2022.99161
G0 F15000 X96.303 Y135.697
G1 F3045.7 X96.007 Y135.174 E2023.0113
G1 X95.986 Y136.014 E2023.03882
G1 F3108.8 X97 Y136 E2023.07137
G1 X96.303 Y135.697 E2023.09577
G0 F15000 X96.09 Y135.697
G0 X123.838 Y135.838
G0 X123.91 Y135.424
G0 X123.424 Y135.424
G1 F3000 X123.089 Y135.6 E2023.10835
G1 X97 Y135.6 E2023.97608
G1 X96.575 Y135.425 E2023.99136
G1 X96.4 Y135.089 E2024.00396
G1 X96.4 Y90.6 E2025.48367
G1 X95.6 Y90.6 E2025.51028
G1 X95.601 Y136.399 E2027.03356
G1 X124.4 Y136.4 E2027.99142
G1 X124.4 Y90.6 E2029.51474
G1 X123.6 Y90.6 E2029.54134
G1 X123.6 Y135.089 E2031.02105
G1 X123.424 Y135.424 E2031.03364
G0 F15000 X123.198 Y135.035
;TYPE:WALL-OUTER
G1 F3000 X123.142 Y135.142 E2031.03766
G1 X123.035 Y135.198 E2031.04167
G1 X97 Y135.2 E2031.9076
G1 X96.858 Y135.142 E2031.9127
G1 X96.802 Y135.035 E2031.91672
G1 X96.8 Y90.2 E2033.40794
G1 X95.2 Y90.2 E2033.46115
G1 X95.201 Y136.799 E2035.01104
G1 X124.8 Y136.8 E2035.99551
G1 X124.8 Y90.2 E2037.54543
G1 X123.2 Y90.2 E2037.59865
G1 X123.198 Y135.035 E2039.08987
G1 F1500 E2032.58987
G0 F15000 X123.51 Y135.035
G0 X123.93 Y90.43
G0 X123.93 Y89.335
G0 X123.93 Y88.665
G0 X123.93 Y87.267
;TYPE:WALL-INNER
G1 F1500 E2039.08987
G1 F1857.6 X123.951 Y87.118 E2039.09795
G1 F1980.2 X123.942 Y82.979 E2039.30651
G1 F1938.6 X123.92 Y82.726 E2039.31958
G0 F15000 X123.688 Y82.562
G0 X96.312 Y82.562
G0 X96.077 Y82.725
G1 F1935.5 X96.054 Y82.97 E2039.33227
G1 F1973.7 X96.045 Y87.119 E2039.54202
G1 F1860.5 X96.066 Y87.267 E2039.55004
G1 F1500 E2033.05004
G0 F15000 X96.312 Y82.562
G0 X123.688 Y82.562
G0 X123.76 Y87.058
G0 X123.446 Y87.058
;TYPE:WALL-OUTER
G1 F1500 E2039.55004
G1 F2654.9 X123.292 Y87.249 E2039.55926
G1 F2390.4 X119.75 Y87.25 E2039.70711
G1 F2400 X119.75 Y87.75 E2039.7279
G1 F2390.4 X123.335 Y87.748 E2039.87754
G1 F2654.9 X123.93 Y87.8 E2039.89999
G1 F3000 X124.466 Y87.8 E2039.91781
G1 X124.436 Y82.996 E2040.0776
G1 X124.465 Y82.2 E2040.10409
G1 X123.92 Y82.201 E2040.12222
G1 F2666.7 X123.248 Y82.25 E2040.14743
G1 F2390.4 X96.661 Y82.252 E2041.25721
G1 F2654.9 X96.077 Y82.2 E2041.27925
G1 F3000 X95.535 Y82.2 E2041.29727
G1 X95.56 Y82.997 E2041.3238
G1 X95.53 Y87.799 E2041.48351
G1 X96.066 Y87.799 E2041.50134
G1 F2666.7 X96.748 Y87.75 E2041.52693
G1 F2400 X100.25 Y87.75 E2041.67252
G1 X100.25 Y87.25 E2041.69331
G1 X96.748 Y87.25 E2041.83891
G1 F2666.7 X96.55 Y87.063 E2041.8491
G1 F3000 X96.548 Y82.941 E2041.98619
G1 F2654.9 X96.704 Y82.751 E2041.99543
G1 F2390.4 X123.248 Y82.75 E2043.10342
G1 F2666.7 X123.448 Y82.937 E2043.11366
G1 F3000 X123.446 Y87.058 E2043.25073
G1 F1500 E2036.75073
;MESH:NONMESH
G0 F300 X123.446 Y87.058 Z11.2
G0 F15000 X123.76 Y87.058
G0 X123.688 Y87.438
G0 X119.924 Y87.576
G0 X119.924 Y88.665
G0 X106.348 Y125.051
G0 X106.588 Y125.906
;TIME_ELAPSED:2199.448670
;LAYER:55
;TYPE:SUPPORT
G1 F1500 E2043.25073
G1 F3000 X107.999 Y125.508 E2043.29949
G1 X109.408 Y125.906 E2043.34819
G1 X110.437 Y126.987 E2043.39783
G1 X110.828 Y128.334 E2043.44448
G1 X110.433 Y129.747 E2043.49328
G1 X109.407 Y130.769 E2043.54144
G1 X107.997 Y131.167 E2043.59017
G1 X106.65 Y130.774 E2043.63684
G1 X105.562 Y129.686 E2043.68802
G1 X105.165 Y128.335 E2043.73485
G1 X105.559 Y126.987 E2043.78156
G1 X106.588 Y125.906 E2043.8312
G1 F1500 E2037.3312
;MESH:9VBatteryHolder_v3.stl
G0 F15000 X105.959 Y125.311
G0 X104.794 Y126.542
G0 X104.268 Y128.338
G0 X104.745 Y129.963
G0 X106.588 Y134.335
G0 X106.588 Y135.43
G0 X97 Y136
;TYPE:WALL-INNER
G1 F1500 E2043.8312
G1 F3000 X123 Y136 E2044.69596
G1 F2941.2 X123.174 Y135.993 E2044.70187
G0 F15000 X123.697 Y135.697
G1 F3045.7 X123.174 Y135.993 E2044.72156
G1 X124.014 Y136.014 E2044.74909
G1 F3053.4 X123.993 Y135.174 E2044.77655
G1 X123.697 Y135.697 E2044.79618
G0 F15000 X123.993 Y135.174
G1 F2948.4 X124 Y135 E2044.80208
G1 F3000 X124 Y91 E2046.26552
G1 F1500 E2039.76552
G0 F15000 X123.838 Y135.838
G0 X96.162 Y135.838
G0 X96 Y91
G1 F1500 E2046.26552
G1 F3000 X96 Y135 E2047.72897
G1 F2941.2 X96.007 Y135.174 E2047.73488
G0 F15000 X96.303 Y135.697
G1 F3045.7 X96.007 Y135.174 E2047.75457
G1 X95.986 Y136.014 E2047.78209
G1 F3108.8 X97 Y136 E2047.81464
G1 X96.303 Y135.697 E2047.83904
G0 F15000 X96.09 Y135.697
G0 X123.838 Y135.838
G0 X123.91 Y135.424
G0 X123.424 Y135.424
G1 F3000 X123.089 Y135.6 E2047.85162
G1 X97 Y135.6 E2048.71935
G1 X96.575 Y135.425 E2048.73463
G1 X96.4 Y135.089 E2048.74723
G1 X96.4 Y90.6 E2050.22694
G1 X95.6 Y90.6 E2050.25355
G1 X95.601 Y136.399 E2051.77683
G1 X124.4 Y136.4 E2052.73469
G1 X124.4 Y90.6 E2054.258
G1 X123.6 Y90.6 E2054.28461
G1 X123.6 Y135.089 E2055.76432
G1 X123.424 Y135.424 E2055.77691
G0 F15000 X123.198 Y135.035
;TYPE:WALL-OUTER
G1 F3000 X123.142 Y135.142 E2055.78093
G1 X123.035 Y135.198 E2055.78494
G1 X97 Y135.2 E2056.65087
G1 X96.858 Y135.142 E2056.65597
G1 X96.802 Y135.035 E2056.65999
G1 X96.8 Y90.2 E2058.15121
G1 X95.2 Y90.2 E2058.20442
G1 X95.201 Y136.799 E2059.75431
G1 X124.8 Y136.8 E2060.73878
G1 X124.8 Y90.2 E2062.2887
G1 X123.2 Y90.2 E2062.34192
G1 X123.198 Y135.035 E2063.83314
G1 F1500 E2057.33314
G0 F15000 X123.51 Y135.035
G0 X123.913 Y90.43
G0 X123.913 Y89.335
G0 X123.913 Y88.665
G0 X123.913 Y87.279
;TYPE:WALL-INNER
G1 F1500 E2063.83314
G1 F1938.6 X123.937 Y87.122 E2063.84131
G1 F2076.1 X123.928 Y82.982 E2064.04028
G1 F2023.6 X123.903 Y82.714 E2064.05355
G0 F15000 X123.688 Y82.562
G0 X96.312 Y82.562
G0 X96.094 Y82.714
G1 F2016.8 X96.068 Y82.97 E2064.06629
G1 F2087 X96.054 Y87.004 E2064.25916
G1 F1951.2 X96.083 Y87.279 E2064.2733
G1 F1500 E2057.7733
G0 F15000 X96.312 Y82.562
G0 X123.688 Y82.562
G0 X123.76 Y87.062
G0 X123.446 Y87.062
;TYPE:WALL-OUTER
G1 F1500 E2064.2733
G1 F2654.9 X123.292 Y87.249 E2064.2824
G1 F2390.4 X119.75 Y87.25 E2064.43025
G1 F2400 X119.75 Y87.75 E2064.45104
G1 F2390.4 X123.335 Y87.748 E2064.60068
G1 F2654.9 X123.913 Y87.8 E2064.62249
G1 F3000 X124.432 Y87.8 E2064.63976
G1 X124.435 Y86.998 E2064.66643
G1 X124.408 Y82.997 E2064.79951
G1 X124.433 Y82.201 E2064.826
G1 X123.903 Y82.201 E2064.84362
G1 F2666.7 X123.248 Y82.25 E2064.8682
G1 F2390.4 X96.661 Y82.252 E2065.97798
G1 F2654.9 X96.094 Y82.2 E2065.99938
G1 F3000 X95.563 Y82.2 E2066.01704
G1 X95.588 Y82.997 E2066.04356
G1 X95.56 Y87.007 E2066.17694
G1 X95.567 Y87.8 E2066.20332
G1 X96.083 Y87.8 E2066.22048
G1 F2666.7 X96.748 Y87.75 E2066.24543
G1 F2400 X100.25 Y87.75 E2066.39103
G1 X100.25 Y87.25 E2066.41181
G1 X96.748 Y87.25 E2066.55741
G1 F2666.7 X96.551 Y87.067 E2066.56747
G1 F3000 X96.548 Y82.938 E2066.7048
G1 F2654.9 X96.704 Y82.751 E2066.71396
G1 F2390.4 X123.248 Y82.75 E2067.82194
G1 F2666.7 X123.448 Y82.934 E2067.83211
G1 F3000 X123.446 Y87.062 E2067.96941
G1 F1500 E2061.46941
;MESH:NONMESH
G0 F300 X123.446 Y87.062 Z11.4
G0 F15000 X123.76 Y87.062
G0 X123.688 Y87.438
G0 X119.924 Y87.576
G0 X119.924 Y88.665
G0 X106.36 Y125.071
G0 X106.6 Y125.926
;TIME_ELAPSED:2225.712234
;LAYER:56
;TYPE:SUPPORT
G1 F1500 E2067.96941
G1 F3000 X107.999 Y125.532 E2068.01775
G1 X109.396 Y125.926 E2068.06603
G1 X110.417 Y126.999 E2068.11529
G1 X110.804 Y128.334 E2068.16152
G1 X110.413 Y129.735 E2068.2099
G1 X109.395 Y130.749 E2068.25769
G1 X107.997 Y131.143 E2068.306
G1 X106.662 Y130.754 E2068.35224
G1 X105.582 Y129.674 E2068.40304
G1 X105.189 Y128.335 E2068.44946
G1 X105.579 Y126.999 E2068.49575
G1 X106.6 Y125.926 E2068.54501
G1 F1500 E2062.04501
;MESH:9VBatteryHolder_v3.stl
G0 F15000 X105.972 Y125.331
G0 X104.814 Y126.553
G0 X104.292 Y128.338
G0 X104.718 Y129.792
G0 X106.6 Y134.335
G0 X106.6 Y135.43
G0 X97 Y136
;TYPE:WALL-INNER
G1 F1500 E2068.54501
G1 F3000 X123 Y136 E2069.40978
G1 F2941.2 X123.174 Y135.993 E2069.41568
G0 F15000 X123.697 Y135.697
G1 F3045.7 X123.174 Y135.993 E2069.43537
G1 X124.014 Y136.014 E2069.4629
G1 F3053.4 X123.993 Y135.174 E2069.49036
G1 X123.697 Y135.697 E2069.51
G0 F15000 X123.993 Y135.174
G1 F2948.4 X124 Y135 E2069.51589
G1 F3000 X124 Y91 E2070.97933
G1 F1500 E2064.47933
G0 F15000 X123.838 Y135.838
G0 X96.162 Y135.838
G0 X96 Y91
G1 F1500 E2070.97933
G1 F3000 X96 Y135 E2072.44278
G1 F2941.2 X96.007 Y135.174 E2072.44869
G0 F15000 X96.303 Y135.697
G1 F3045.7 X96.007 Y135.174 E2072.46838
G1 X95.986 Y136.014 E2072.4959
G1 F3108.8 X97 Y136 E2072.52845
G1 X96.303 Y135.697 E2072.55285
G0 F15000 X96.09 Y135.697
G0 X123.838 Y135.838
G0 X123.91 Y135.424
G0 X123.424 Y135.424
G1 F3000 X123.089 Y135.6 E2072.56543
G1 X97 Y135.6 E2073.43316
G1 X96.575 Y135.425 E2073.44844
G1 X96.4 Y135.089 E2073.46104
G1 X96.4 Y90.6 E2074.94075
G1 X95.6 Y90.6 E2074.96736
G1 X95.601 Y136.399 E2076.49064
G1 X124.4 Y136.4 E2077.4485
G1 X124.4 Y90.6 E2078.97182
G1 X123.6 Y90.6 E2078.99842
G1 X123.6 Y135.089 E2080.47813
G1 X123.424 Y135.424 E2080.49072
G0 F15000 X123.198 Y135.035
;TYPE:WALL-OUTER
G1 F3000 X123.142 Y135.142 E2080.49474
G1 X123.035 Y135.198 E2080.49875
G1 X97 Y135.2 E2081.36468
G1 X96.858 Y135.142 E2081.36978
G1 X96.802 Y135.035 E2081.3738
G1 X96.8 Y90.2 E2082.86502
G1 X95.2 Y90.2 E2082.91823
G1 X95.201 Y136.799 E2084.46812
G1 X124.8 Y136.8 E2085.45259
G1 X124.8 Y90.2 E2087.00251
G1 X123.2 Y90.2 E2087.05573
G1 X123.198 Y135.035 E2088.54695
G1 F1500 E2082.04695
G0 F15000 X123.51 Y135.035
G0 X123.887 Y90.43
G0 X123.887 Y89.335
G0 X123.887 Y88.665
G0 X123.887 Y87.296
;TYPE:WALL-INNER
G1 F1500 E2088.54695
G1 F2065.4 X123.915 Y87.12 E2088.55556
G1 F2173.9 X123.924 Y85.813 E2088.61555
G1 F2218.1 X123.914 Y82.985 E2088.74276
G1 F2112.7 X123.885 Y82.703 E2088.75615
G0 F15000 X96.312 Y82.562
G0 X96.112 Y82.702
G1 F2112.7 X96.082 Y82.976 E2088.76917
G1 F2214 X96.072 Y85.816 E2088.89716
G1 F2170 X96.082 Y87.121 E2088.95717
G1 F2065.4 X96.11 Y87.297 E2088.96578
G1 F1500 E2082.46578
G0 F15000 X96.312 Y82.562
G0 X123.688 Y82.562
G0 X123.76 Y87.066
G0 X123.446 Y87.066
;TYPE:WALL-OUTER
G1 F1500 E2088.96578
G1 F2654.9 X123.292 Y87.249 E2088.97477
G1 F2390.4 X119.75 Y87.25 E2089.12262
G1 F2400 X119.75 Y87.75 E2089.14341
G1 F2390.4 X123.335 Y87.748 E2089.29305
G1 F2654.9 X123.887 Y87.8 E2089.31389
G1 F3000 X124.388 Y87.8 E2089.33055
G1 X124.399 Y85.811 E2089.39671
G1 X124.38 Y82.998 E2089.49027
G1 X124.402 Y82.201 E2089.51679
G1 X123.885 Y82.201 E2089.53398
G1 F2666.7 X123.248 Y82.25 E2089.55789
G1 F2390.4 X96.661 Y82.252 E2090.66767
G1 F2654.9 X96.112 Y82.2 E2090.68839
G1 F3000 X95.598 Y82.2 E2090.70549
G1 X95.616 Y82.997 E2090.73201
G1 X95.596 Y85.818 E2090.82583
G1 X95.611 Y87.8 E2090.89176
G1 X96.11 Y87.8 E2090.90836
G1 F2666.7 X96.748 Y87.75 E2090.9323
G1 F2400 X100.25 Y87.75 E2091.0779
G1 X100.25 Y87.25 E2091.09868
G1 X96.748 Y87.25 E2091.24428
G1 F2666.7 X96.551 Y87.071 E2091.25424
G1 F3000 X96.548 Y82.936 E2091.39177
G1 F2654.9 X96.704 Y82.751 E2091.40087
G1 F2390.4 X123.248 Y82.75 E2092.50885
G1 F2666.7 X123.448 Y82.931 E2092.51895
G1 F3000 X123.446 Y87.066 E2092.65648
G1 F1500 E2086.15648
;MESH:NONMESH
G0 F300 X123.446 Y87.066 Z11.6
G0 F15000 X123.76 Y87.066
G0 X123.688 Y87.438
G0 X119.924 Y87.576
G0 X119.924 Y88.665
G0 X106.372 Y125.091
G0 X106.612 Y125.946
;TIME_ELAPSED:2251.955145
;LAYER:57
;TYPE:SUPPORT
G1 F1500 E2092.65648
G1 F3000 X107.999 Y125.556 E2092.7044
G1 X109.384 Y125.946 E2092.75225
G1 X110.393 Y127.011 E2092.80105
G1 X110.779 Y128.334 E2092.84689
G1 X110.389 Y129.723 E2092.89487
G1 X109.383 Y130.729 E2092.94219
G1 X107.998 Y131.119 E2092.99005
G1 X106.674 Y130.73 E2093.03594
G1 X105.606 Y129.662 E2093.08618
G1 X105.213 Y128.335 E2093.13221
G1 X105.603 Y127.011 E2093.17812
G1 X106.612 Y125.946 E2093.22691
G1 F1500 E2086.72691
;MESH:9VBatteryHolder_v3.stl
G0 F15000 X105.984 Y125.352
G0 X104.836 Y126.565
G0 X104.317 Y128.338
G0 X104.741 Y129.782
G0 X106.612 Y134.335
G0 X106.612 Y135.43
G0 X97 Y136
;TYPE:WALL-INNER
G1 F1500 E2093.22691
G1 F3000 X123 Y136 E2094.09168
G1 F2941.2 X123.174 Y135.993 E2094.09758
G0 F15000 X123.697 Y135.697
G1 F3045.7 X123.174 Y135.993 E2094.11727
G1 X124.014 Y136.014 E2094.1448
G1 F3053.4 X123.993 Y135.174 E2094.17226
G1 X123.697 Y135.697 E2094.1919
G0 F15000 X123.993 Y135.174
G1 F2948.4 X124 Y135 E2094.19779
G1 F3000 X124 Y91 E2095.66124
G1 F1500 E2089.16124
G0 F15000 X123.838 Y135.838
G0 X96.162 Y135.838
G0 X96 Y91
G1 F1500 E2095.66124
G1 F3000 X96 Y135 E2097.12468
G1 F2941.2 X96.007 Y135.174 E2097.13059
G0 F15000 X96.303 Y135.697
G1 F3045.7 X96.007 Y135.174 E2097.15028
G1 X95.986 Y136.014 E2097.17781
G1 F3108.8 X97 Y136 E2097.21035
G1 X96.303 Y135.697 E2097.23475
G0 F15000 X96.09 Y135.697
G0 X123.838 Y135.838
G0 X123.91 Y135.424
G0 X123.424 Y135.424
G1 F3000 X123.089 Y135.6 E2097.24733
G1 X97 Y135.6 E2098.11506
G1 X96.575 Y135.425 E2098.13034
G1 X96.4 Y135.089 E2098.14294
G1 X96.4 Y90.6 E2099.62266
G1 X95.6 Y90.6 E2099.64926
G1 X95.601 Y136.399 E2101.17254
G1 X124.4 Y136.4 E2102.1304
G1 X124.4 Y90.6 E2103.65372
G1 X123.6 Y90.6 E2103.68033
G1 X123.6 Y135.089 E2105.16004
G1 X123.424 Y135.424 E2105.17262
G0 F15000 X123.198 Y135.035
;TYPE:WALL-OUTER
G1 F3000 X123.142 Y135.142 E2105.17664
G1 X123.035 Y135.198 E2105.18066
G1 X97 Y135.2 E2106.04658
G1 X96.858 Y135.142 E2106.05168
G1 X96.802 Y135.035 E2106.0557
G1 X96.8 Y90.2 E2107.54692
G1 X95.2 Y90.2 E2107.60014
G1 X95.201 Y136.799 E2109.15002
G1 X124.8 Y136.8 E2110.13449
G1 X124.8 Y90.2 E2111.68441
G1 X123.2 Y90.2 E2111.73763
G1 X123.198 Y135.035 E2113.22885
G1 F1500 E2106.72885
G0 F15000 X123.51 Y135.035
G0 X123.858 Y90.43
G0 X123.858 Y89.335
G0 X123.858 Y88.665
G0 X123.858 Y87.314
;TYPE:WALL-INNER
G1 F1500 E2113.22885
G1 F2226.3 X123.892 Y87.115 E2113.2379
G1 F2357.6 X123.904 Y84.624 E2113.34333
G1 F2362.2 X123.9 Y82.985 E2113.41256
G1 F2205.9 X123.868 Y82.692 E2113.42589
G0 F15000 X96.312 Y82.562
G0 X96.129 Y82.692
G1 F2214 X96.098 Y82.967 E2113.43836
G1 F2366.9 X96.092 Y84.628 E2113.50839
G1 F2352.9 X96.104 Y87.116 E2113.61389
G1 F2222.2 X96.138 Y87.314 E2113.62291
G1 F1500 E2107.12291
G0 F15000 X96.312 Y82.562
G0 X123.688 Y82.562
G0 X123.688 Y87.438
G0 X123.292 Y87.51
G0 X123.292 Y87.249
;TYPE:WALL-OUTER
G1 F1500 E2113.62291
G1 F2390.4 X119.75 Y87.25 E2113.77076
G1 F2400 X119.75 Y87.75 E2113.79155
G1 F2390.4 X123.335 Y87.748 E2113.94119
G1 F2654.9 X123.858 Y87.8 E2113.96095
G1 F3000 X124.341 Y87.8 E2113.97701
G1 X124.36 Y84.622 E2114.08271
G1 X124.352 Y82.998 E2114.13673
G1 X124.373 Y82.201 E2114.16325
G1 X123.868 Y82.2 E2114.18004
G1 F2666.7 X123.248 Y82.25 E2114.20332
G1 F2390.4 X96.661 Y82.252 E2115.3131
G1 F2654.9 X96.129 Y82.201 E2115.33318
G1 F3000 X95.638 Y82.2 E2115.34952
G1 X95.628 Y82.467 E2115.3584
G1 X95.648 Y82.997 E2115.37604
G1 X95.636 Y84.63 E2115.43036
G1 X95.655 Y87.8 E2115.53579
G1 X96.138 Y87.8 E2115.55186
G1 F2666.7 X96.748 Y87.75 E2115.57476
G1 F2400 X100.25 Y87.75 E2115.72036
G1 X100.25 Y87.25 E2115.74114
G1 X96.748 Y87.25 E2115.88674
G1 F2666.7 X96.551 Y87.075 E2115.8966
G1 F3000 X96.548 Y82.933 E2116.03436
G1 F2654.9 X96.704 Y82.751 E2116.04337
G1 F2390.4 X123.248 Y82.75 E2117.15136
G1 F2666.7 X123.448 Y82.928 E2117.16138
G1 F3000 X123.446 Y87.036 E2117.29801
G1 F2654.9 X123.292 Y87.249 E2117.30789
G1 F1500 E2110.80789
;MESH:NONMESH
G0 F300 X123.292 Y87.249 Z11.8
G0 F15000 X123.292 Y87.51
G0 X119.924 Y87.576
G0 X119.924 Y88.665
G0 X106.381 Y125.114
G0 X106.62 Y125.966
;TIME_ELAPSED:2278.166573
;LAYER:58
;TYPE:SUPPORT
G1 F1500 E2117.30789
G1 F3000 X107.999 Y125.58 E2117.35552
G1 X109.376 Y125.966 E2117.40308
G1 X110.369 Y127.019 E2117.45122
G1 X110.755 Y128.334 E2117.4968
G1 X110.369 Y129.711 E2117.54437
G1 X109.371 Y130.709 E2117.59131
G1 X107.998 Y131.095 E2117.63875
G1 X106.686 Y130.71 E2117.68422
G1 X105.626 Y129.65 E2117.73408
G1 X105.237 Y128.335 E2117.77969
G1 X105.627 Y127.015 E2117.82547
G1 X106.62 Y125.966 E2117.87352
G1 F1500 E2111.37352
;MESH:9VBatteryHolder_v3.stl
G0 F15000 X105.993 Y125.374
G0 X104.858 Y126.576
G0 X104.341 Y128.338
G0 X104.761 Y129.773
G0 X106.62 Y134.335
G0 X106.62 Y135.43
G0 X97 Y136
;TYPE:WALL-INNER
G1 F1500 E2117.87352
G1 F3000 X123 Y136 E2118.73828
G1 F2941.2 X123.174 Y135.993 E2118.74419
G0 F15000 X123.697 Y135.697
G1 F3045.7 X123.174 Y135.993 E2118.76388
G1 X124.014 Y136.014 E2118.7914
G1 F3053.4 X123.993 Y135.174 E2118.81886
G1 X123.697 Y135.697 E2118.8385
G0 F15000 X123.993 Y135.174
G1 F2948.4 X124 Y135 E2118.84439
G1 F3000 X124 Y91 E2120.30784
G1 F1500 E2113.80784
G0 F15000 X123.838 Y135.838
G0 X96.162 Y135.838
G0 X96 Y91
G1 F1500 E2120.30784
G1 F3000 X96 Y135 E2121.77128
G1 F2941.2 X96.007 Y135.174 E2121.77719
G0 F15000 X96.303 Y135.697
G1 F3045.7 X96.007 Y135.174 E2121.79688
G1 X95.986 Y136.014 E2121.82441
G1 F3108.8 X97 Y136 E2121.85696
G1 X96.303 Y135.697 E2121.88135
G0 F15000 X96.09 Y135.697
G0 X123.838 Y135.838
G0 X123.91 Y135.424
G0 X123.424 Y135.424
G1 F3000 X123.089 Y135.6 E2121.89394
G1 X97 Y135.6 E2122.76166
G1 X96.575 Y135.425 E2122.77695
G1 X96.4 Y135.089 E2122.78955
G1 X96.4 Y90.6 E2124.26926
G1 X95.6 Y90.6 E2124.29587
G1 X95.601 Y136.399 E2125.81915
G1 X124.4 Y136.4 E2126.77701
G1 X124.4 Y90.6 E2128.30032
G1 X123.6 Y90.6 E2128.32693
G1 X123.6 Y135.089 E2129.80664
G1 X123.424 Y135.424 E2129.81922
G0 F15000 X123.198 Y135.035
;TYPE:WALL-OUTER
G1 F3000 X123.142 Y135.142 E2129.82324
G1 X123.035 Y135.198 E2129.82726
G1 X97 Y135.2 E2130.69319
G1 X96.858 Y135.142 E2130.69829
G1 X96.802 Y135.035 E2130.7023
G1 X96.8 Y90.2 E2132.19352
G1 X95.2 Y90.2 E2132.24674
G1 X95.201 Y136.799 E2133.79663
G1 X124.8 Y136.8 E2134.78109
G1 X124.8 Y90.2 E2136.33102
G1 X123.2 Y90.2 E2136.38423
G1 X123.198 Y135.035 E2137.87545
G1 F1500 E2131.37545
G0 F15000 X123.51 Y135.035
G0 X123.83 Y90.43
G0 X123.83 Y89.335
G0 X123.83 Y88.665
G0 X123.83 Y87.33
;TYPE:WALL-INNER
G1 F1500 E2137.87545
G1 F2400 X123.871 Y87.112 E2137.88467
G1 F2553.2 X123.888 Y82.9 E2138.04928
G1 F2316.6 X123.844 Y82.678 E2138.05903
G0 F15000 X96.312 Y82.562
G0 X96.154 Y82.676
G1 F2325.6 X96.11 Y82.905 E2138.06904
G1 F2553.2 X96.126 Y87.112 E2138.23345
G1 F2390.4 X96.166 Y87.331 E2138.24274
G1 F1500 E2131.74274
G0 F15000 X96.312 Y82.562
G0 X123.688 Y82.562
G0 X123.688 Y87.438
G0 X123.292 Y87.51
G0 X123.292 Y87.249
;TYPE:WALL-OUTER
G1 F1500 E2138.24274
G1 F2390.4 X119.75 Y87.25 E2138.39059
G1 F2400 X119.75 Y87.75 E2138.41138
G1 F2390.4 X123.335 Y87.748 E2138.56102
G1 F2654.9 X123.83 Y87.8 E2138.57973
G1 F3000 X124.297 Y87.8 E2138.59526
G1 X124.328 Y82.839 E2138.76027
G1 X124.306 Y82.2 E2138.78153
G1 X123.844 Y82.2 E2138.7969
G1 F2666.7 X123.248 Y82.25 E2138.81928
G1 F2390.4 X96.661 Y82.252 E2139.92906
G1 F2654.9 X96.154 Y82.2 E2139.94821
G1 F3000 X95.691 Y82.2 E2139.96361
G1 X95.672 Y82.863 E2139.98567
G1 X95.699 Y87.8 E2140.14988
G1 X96.166 Y87.8 E2140.16541
G1 F2666.7 X96.748 Y87.75 E2140.18727
G1 F2400 X100.25 Y87.75 E2140.33287
G1 X100.25 Y87.25 E2140.35365
G1 X96.748 Y87.25 E2140.49925
G1 F2666.7 X96.551 Y87.079 E2140.50901
G1 F3000 X96.552 Y82.958 E2140.64608
G1 F2654.9 X96.704 Y82.751 E2140.65573
G1 F2390.4 X123.248 Y82.75 E2141.76371
G1 F2666.7 X123.449 Y82.927 E2141.77374
G1 F3000 X123.446 Y87.036 E2141.9104
G1 F2654.9 X123.292 Y87.249 E2141.92028
G1 F1500 E2135.42028
;MESH:NONMESH
G0 F300 X123.292 Y87.249 Z12
G0 F15000 X123.292 Y87.51
G0 X119.924 Y87.576
G0 X119.924 Y88.665
G0 X106.396 Y125.133
G0 X106.636 Y125.99
;TIME_ELAPSED:2304.359592
;LAYER:59
;TYPE:SUPPORT
G1 F1500 E2141.92028
G1 F3000 X107.999 Y125.604 E2141.9674
G1 X109.36 Y125.99 E2142.01445
G1 X110.353 Y127.035 E2142.06239
G1 X110.732 Y128.334 E2142.1074
G1 X110.349 Y129.699 E2142.15455
G1 X109.359 Y130.685 E2142.20103
G1 X107.997 Y131.067 E2142.24808
G1 X106.698 Y130.69 E2142.29306
G1 X105.646 Y129.638 E2142.34255
G1 X105.265 Y128.335 E2142.3877
G1 X105.643 Y127.035 E2142.43273
G1 X106.636 Y125.99 E2142.48067
G1 F1500 E2135.98067
;MESH:9VBatteryHolder_v3.stl
G0 F15000 X106.008 Y125.396
G0 X104.878 Y126.589
G0 X104.366 Y128.338
G0 X104.784 Y129.763
G0 X106.636 Y134.335
G0 X106.636 Y135.43
G0 X97 Y136
;TYPE:WALL-INNER
G1 F1500 E2142.48067
G1 F3000 X123 Y136 E2143.34544
G1 F2941.2 X123.174 Y135.993 E2143.35134
G0 F15000 X123.697 Y135.697
G1 F3045.7 X123.174 Y135.993 E2143.37103
G1 X124.014 Y136.014 E2143.39856
G1 F3053.4 X123.993 Y135.174 E2143.42602
G1 X123.697 Y135.697 E2143.44566
G0 F15000 X123.993 Y135.174
G1 F2948.4 X124 Y135 E2143.45155
G1 F3000 X124 Y91 E2144.915
G1 F1500 E2138.415
G0 F15000 X123.838 Y135.838
G0 X96.162 Y135.838
G0 X96 Y91
G1 F1500 E2144.915
G1 F3000 X96 Y135 E2146.37844
G1 F2941.2 X96.007 Y135.174 E2146.38435
G0 F15000 X96.303 Y135.697
G1 F3045.7 X96.007 Y135.174 E2146.40404
G1 X95.986 Y136.014 E2146.43157
G1 F3108.8 X97 Y136 E2146.46411
G1 X96.303 Y135.697 E2146.48851
G0 F15000 X96.09 Y135.697
G0 X123.838 Y135.838
G0 X123.91 Y135.424
G0 X123.424 Y135.424
G1 F3000 X123.089 Y135.6 E2146.50109
G1 X97 Y135.6 E2147.36882
G1 X96.575 Y135.425 E2147.3841
G1 X96.4 Y135.089 E2147.39671
G1 X96.4 Y90.6 E2148.87642
G1 X95.6 Y90.6 E2148.90302
G1 X95.601 Y136.399 E2150.4263
G1 X124.4 Y136.4 E2151.38416
G1 X124.4 Y90.6 E2152.90748
G1 X123.6 Y90.6 E2152.93409
G1 X123.6 Y135.089 E2154.4138
G1 X123.424 Y135.424 E2154.42638
G0 F15000 X123.198 Y135.035
;TYPE:WALL-OUTER
G1 F3000 X123.142 Y135.142 E2154.4304
G1 X123.035 Y135.198 E2154.43442
G1 X97 Y135.2 E2155.30034
G1 X96.858 Y135.142 E2155.30544
G1 X96.802 Y135.035 E2155.30946
G1 X96.8 Y90.2 E2156.80068
G1 X95.2 Y90.2 E2156.8539
G1 X95.201 Y136.799 E2158.40378
G1 X124.8 Y136.8 E2159.38825
G1 X124.8 Y90.2 E2160.93817
G1 X123.2 Y90.2 E2160.99139
G1 X123.198 Y135.035 E2162.48261
G1 F1500 E2155.98261
G0 F15000 X123.51 Y135.035
G0 X123.802 Y90.43
G0 X123.802 Y89.335
G0 X123.802 Y88.665
G0 X123.802 Y87.346
;TYPE:WALL-INNER
G1 F1500 E2162.48261
G1 F2597.4 X123.848 Y87.108 E2162.49192
G1 F2830.2 X123.86 Y82.91 E2162.63992
G1 F2542.4 X123.809 Y82.657 E2162.65005
G0 F15000 X96.312 Y82.562
G0 X96.188 Y82.657
G1 F2553.2 X96.136 Y82.914 E2162.6603
G1 F2857.1 X96.15 Y87.108 E2162.80677
G1 F2603 X96.196 Y87.348 E2162.81614
G1 F1500 E2156.31614
G0 F15000 X96.312 Y82.562
G0 X123.688 Y82.562
G0 X123.688 Y87.438
G0 X123.292 Y87.51
G0 X123.292 Y87.249
;TYPE:WALL-OUTER
G1 F1500 E2162.81614
G1 F2390.4 X119.75 Y87.25 E2162.96398
G1 F2400 X119.75 Y87.75 E2162.98477
G1 F2390.4 X123.335 Y87.748 E2163.13442
G1 F2654.9 X123.802 Y87.799 E2163.15207
G1 F3000 X124.252 Y87.799 E2163.16704
G1 X124.276 Y84.022 E2163.29266
G1 X124.272 Y82.863 E2163.33121
G1 X124.253 Y82.2 E2163.35327
G1 X123.809 Y82.2 E2163.36804
G1 F2666.7 X123.248 Y82.25 E2163.38912
G1 F2390.4 X96.661 Y82.252 E2164.4989
G1 F2654.9 X96.188 Y82.2 E2164.51678
G1 F3000 X95.746 Y82.2 E2164.53148
G1 X95.725 Y82.881 E2164.55414
G1 X95.72 Y84.029 E2164.59233
G1 X95.747 Y87.8 E2164.71775
G1 X96.196 Y87.8 E2164.73269
G1 F2666.7 X96.748 Y87.75 E2164.75343
G1 F2400 X100.25 Y87.75 E2164.89902
G1 X100.25 Y87.25 E2164.91981
G1 X96.748 Y87.25 E2165.06541
G1 F2666.7 X96.578 Y87.107 E2165.07372
G1 F3000 X96.551 Y87.036 E2165.07624
G1 X96.551 Y82.962 E2165.21175
G1 F2654.9 X96.704 Y82.751 E2165.22154
G1 F2390.4 X123.248 Y82.75 E2166.32953
G1 F2666.7 X123.444 Y82.916 E2166.33914
G1 F3000 X123.446 Y87.036 E2166.47617
G1 F2654.9 X123.292 Y87.249 E2166.48605
G1 F1500 E2159.98605
;MESH:NONMESH
G0 F300 X123.292 Y87.249 Z12.2
G0 F15000 X123.292 Y87.51
G0 X119.924 Y87.576
G0 X119.924 Y88.665
G0 X106.408 Y125.156
G0 X106.648 Y126.01
;TIME_ELAPSED:2330.522652
;LAYER:60
;TYPE:SUPPORT
G1 F1500 E2166.48605
G1 F3000 X107.999 Y125.632 E2166.53271
G1 X109.349 Y126.01 E2166.57934
G1 X110.333 Y127.043 E2166.62679
G1 X110.708 Y128.334 E2166.6715
G1 X110.329 Y129.687 E2166.71823
G1 X109.347 Y130.665 E2166.76433
G1 X107.998 Y131.043 E2166.81093
G1 X106.706 Y130.666 E2166.85569
G1 X105.666 Y129.626 E2166.90461
G1 X105.289 Y128.336 E2166.94931
G1 X105.667 Y127.043 E2166.99412
G1 X106.648 Y126.01 E2167.0415
G1 F1500 E2160.5415
;MESH:9VBatteryHolder_v3.stl
G0 F15000 X106.021 Y125.416
G0 X104.898 Y126.601
G0 X104.391 Y128.338
G0 X104.806 Y129.754
G0 X106.648 Y134.335
G0 X106.648 Y135.43
G0 X97 Y136
;TYPE:WALL-INNER
G1 F1500 E2167.0415
G1 F3000 X123 Y136 E2167.90626
G1 F2941.2 X123.174 Y135.993 E2167.91217
G0 F15000 X123.697 Y135.697
G1 F3045.7 X123.174 Y135.993 E2167.93186
G1 X124.014 Y136.014 E2167.95938
G1 F3053.4 X123.993 Y135.174 E2167.98684
G1 X123.697 Y135.697 E2168.00648
G0 F15000 X123.993 Y135.174
G1 F2948.4 X124 Y135 E2168.01237
G1 F3000 X124 Y91 E2169.47582
G1 F1500 E2162.97582
G0 F15000 X123.838 Y135.838
G0 X96.162 Y135.838
G0 X96 Y91
G1 F1500 E2169.47582
G1 F3000 X96 Y135 E2170.93927
G1 F2941.2 X96.007 Y135.174 E2170.94517
G0 F15000 X96.303 Y135.697
G1 F3045.7 X96.007 Y135.174 E2170.96486
G1 X95.986 Y136.014 E2170.99239
G1 F3108.8 X97 Y136 E2171.02494
G1 X96.303 Y135.697 E2171.04933
G0 F15000 X96.09 Y135.697
G0 X123.838 Y135.838
G0 X123.91 Y135.424
G0 X123.424 Y135.424
G1 F3000 X123.089 Y135.6 E2171.06192
G1 X97 Y135.6 E2171.92964
G1 X96.575 Y135.425 E2171.94493
G1 X96.4 Y135.089 E2171.95753
G1 X96.4 Y90.6 E2173.43724
G1 X95.6 Y90.6 E2173.46385
G1 X95.601 Y136.399 E2174.98713
G1 X124.4 Y136.4 E2175.94499
G1 X124.4 Y90.6 E2177.4683
G1 X123.6 Y90.6 E2177.49491
G1 X123.6 Y135.089 E2178.97462
G1 X123.424 Y135.424 E2178.98721
G0 F15000 X123.198 Y135.035
;TYPE:WALL-OUTER
G1 F3000 X123.142 Y135.142 E2178.99122
G1 X123.035 Y135.198 E2178.99524
G1 X97 Y135.2 E2179.86117
G1 X96.858 Y135.142 E2179.86627
G1 X96.802 Y135.035 E2179.87028
G1 X96.8 Y90.2 E2181.3615
G1 X95.2 Y90.2 E2181.41472
G1 X95.201 Y136.799 E2182.96461
G1 X124.8 Y136.8 E2183.94907
G1 X124.8 Y90.2 E2185.499
G1 X123.2 Y90.2 E2185.55221
G1 X123.198 Y135.035 E2187.04343
G1 F1500 E2180.54343
G0 F15000 X123.51 Y135.035
G0 X123.771 Y90.43
G0 X123.771 Y89.335
G0 X123.771 Y88.665
G0 X123.771 Y87.363
;TYPE:WALL-INNER
G1 F1500 E2187.04343
G1 F2843.6 X123.825 Y87.105 E2187.05268
G1 F3243.2 X123.834 Y85.656 E2187.09726
G1 F3305.8 X123.826 Y82.991 E2187.1777
G1 F2884.6 X123.773 Y82.638 E2187.19005
G0 F15000 X96.312 Y82.562
G0 X96.223 Y82.638
G1 F2891.6 X96.172 Y82.97 E2187.20164
G1 F3305.8 X96.162 Y85.66 E2187.28283
G1 F3234.5 X96.172 Y87.105 E2187.32741
G1 F2843.6 X96.225 Y87.363 E2187.33665
G1 F1500 E2180.83665
G0 F15000 X96.312 Y82.562
G0 X123.688 Y82.562
G0 X123.688 Y87.438
G0 X123.292 Y87.51
G0 X123.292 Y87.249
;TYPE:WALL-OUTER
G1 F1500 E2187.33665
G1 F2390.4 X119.75 Y87.25 E2187.4845
G1 F2400 X119.75 Y87.75 E2187.50529
G1 F2390.4 X123.335 Y87.748 E2187.65493
G1 F2654.9 X123.771 Y87.8 E2187.67143
G1 F3000 X124.205 Y87.8 E2187.68587
G1 X124.219 Y85.655 E2187.75721
G1 X124.204 Y82.999 E2187.84555
G1 X124.211 Y82.625 E2187.858
G1 X124.197 Y82.2 E2187.87214
G1 X123.773 Y82.2 E2187.88624
G1 F2666.7 X123.248 Y82.25 E2187.90597
G1 F2390.4 X96.661 Y82.252 E2189.01575
G1 F2654.9 X96.223 Y82.2 E2189.03233
G1 F3000 X95.799 Y82.2 E2189.04643
G1 X95.784 Y82.685 E2189.06257
G1 X95.796 Y82.997 E2189.07296
G1 X95.776 Y85.662 E2189.1616
G1 X95.791 Y87.8 E2189.23271
G1 X96.225 Y87.8 E2189.24715
G1 F2666.7 X96.748 Y87.75 E2189.2668
G1 F2400 X100.25 Y87.75 E2189.4124
G1 X100.25 Y87.25 E2189.43319
G1 X96.748 Y87.25 E2189.57878
G1 F2666.7 X96.583 Y87.114 E2189.58679
G1 F3000 X96.551 Y87.036 E2189.58959
G1 X96.548 Y82.989 E2189.72419
G1 X96.577 Y82.895 E2189.72747
G1 F2654.9 X96.704 Y82.751 E2189.73468
G1 F2390.4 X123.248 Y82.75 E2190.84267
G1 F2666.7 X123.417 Y82.89 E2190.85088
G1 F3000 X123.448 Y82.996 E2190.85455
G1 X123.446 Y87.036 E2190.98892
G1 F2654.9 X123.292 Y87.249 E2190.9988
G1 F1500 E2184.4988
;MESH:NONMESH
G0 F300 X123.292 Y87.249 Z12.4
G0 F15000 X123.292 Y87.51
G0 X119.924 Y87.576
G0 X119.924 Y88.665
G0 X106.421 Y125.177
G0 X106.66 Y126.03
;TIME_ELAPSED:2356.651327
;LAYER:61
;TYPE:SUPPORT
G1 F1500 E2190.9988
G1 F3000 X107.999 Y125.652 E2191.04508
G1 X109.336 Y126.03 E2191.09129
G1 X110.313 Y127.055 E2191.13839
G1 X110.684 Y128.334 E2191.18268
G1 X110.309 Y129.675 E2191.22899
G1 X109.335 Y130.649 E2191.27481
G1 X107.998 Y131.023 E2191.32098
G1 X106.718 Y130.646 E2191.36536
G1 X105.686 Y129.614 E2191.41391
G1 X105.313 Y128.336 E2191.45819
G1 X105.687 Y127.055 E2191.50257
G1 X106.66 Y126.03 E2191.54958
G1 F1500 E2185.04958
;MESH:9VBatteryHolder_v3.stl
G0 F15000 X106.032 Y125.436
G0 X104.919 Y126.612
G0 X104.414 Y128.338
G0 X104.826 Y129.744
G0 X106.66 Y134.335
G0 X106.66 Y135.43
G0 X97 Y136
;TYPE:WALL-INNER
G1 F1500 E2191.54958
G1 F3000 X123 Y136 E2192.41434
G1 F2941.2 X123.174 Y135.993 E2192.42025
G0 F15000 X123.697 Y135.697
G1 F3045.7 X123.174 Y135.993 E2192.43994
G1 X124.014 Y136.014 E2192.46746
G1 F3053.4 X123.993 Y135.174 E2192.49492
G1 X123.697 Y135.697 E2192.51456
G0 F15000 X123.993 Y135.174
G1 F2948.4 X124 Y135 E2192.52045
G1 F3000 X124 Y91 E2193.9839
G1 F1500 E2187.4839
G0 F15000 X123.838 Y135.838
G0 X96.162 Y135.838
G0 X96 Y91
G1 F1500 E2193.9839
G1 F3000 X96 Y135 E2195.44735
G1 F2941.2 X96.007 Y135.174 E2195.45325
G0 F15000 X96.303 Y135.697
G1 F3045.7 X96.007 Y135.174 E2195.47294
G1 X95.986 Y136.014 E2195.50047
G1 F3108.8 X97 Y136 E2195.53302
G1 X96.303 Y135.697 E2195.55741
G0 F15000 X96.09 Y135.697
G0 X123.838 Y135.838
G0 X123.91 Y135.424
G0 X123.424 Y135.424
G1 F3000 X123.089 Y135.6 E2195.57
G1 X97 Y135.6 E2196.43772
G1 X96.575 Y135.425 E2196.45301
G1 X96.4 Y135.089 E2196.46561
G1 X96.4 Y90.6 E2197.94532
G1 X95.6 Y90.6 E2197.97193
G1 X95.601 Y136.399 E2199.49521
G1 X124.4 Y136.4 E2200.45307
G1 X124.4 Y90.6 E2201.97638
G1 X123.6 Y90.6 E2202.00299
G1 X123.6 Y135.089 E2203.4827
G1 X123.424 Y135.424 E2203.49528
G0 F15000 X123.198 Y135.035
;TYPE:WALL-OUTER
G1 F3000 X123.142 Y135.142 E2203.4993
G1 X123.035 Y135.198 E2203.50332
G1 X97 Y135.2 E2204.36925
G1 X96.858 Y135.142 E2204.37435
G1 X96.802 Y135.035 E2204.37836
G1 X96.8 Y90.2 E2205.86958
G1 X95.2 Y90.2 E2205.9228
G1 X95.201 Y136.799 E2207.47269
G1 X124.8 Y136.8 E2208.45715
G1 X124.8 Y90.2 E2210.00708
G1 X123.2 Y90.2 E2210.06029
G1 X123.198 Y135.035 E2211.55151
G1 F1500 E2205.05151
G0 F15000 X123.51 Y135.035
G0 X123.76 Y90.43
G0 X123.76 Y89.335
G0 X123.76 Y88.665
G0 X123.525 Y87.046
G1 F1500 E2211.55151
G1 F2173.9 X123.52 Y83 E2211.73722
G1 F2069 X123.489 Y82.808 E2211.7466
G1 F2150.5 X123.248 Y82.75 E2211.7581
G1 F2390.4 X96.704 Y82.751 E2212.86608
G1 F2139 X96.506 Y82.808 E2212.8757
G1 F2065.4 X96.476 Y82.987 E2212.88446
G1 F2166.1 X96.47 Y87.047 E2213.07149
G1 F2027 X96.501 Y87.189 E2213.07864
G1 F2139 X96.748 Y87.25 E2213.09051
G1 F2400 X100.25 Y87.25 E2213.23611
G1 X100.25 Y87.75 E2213.2569
G1 X96.748 Y87.75 E2213.40249
G1 F2139 X96.254 Y87.689 E2213.42571
G1 F1929.3 X95.945 Y87.689 E2213.44169
G1 X95.943 Y87.379 E2213.45773
G1 F2027 X95.914 Y87.092 E2213.47193
G1 F2166.1 X95.932 Y82.983 E2213.66121
G1 F2065.4 X95.957 Y82.625 E2213.67855
G1 F1944.9 X95.958 Y82.308 E2213.69481
G1 X96.265 Y82.308 E2213.71056
G1 F2139 X96.661 Y82.252 E2213.72922
G1 F2390.4 X123.248 Y82.25 E2214.839
G1 F2150.5 X123.73 Y82.308 E2214.86152
G1 F1948.1 X124.04 Y82.308 E2214.8774
G1 X124.038 Y82.625 E2214.89364
G1 F2069 X124.064 Y82.996 E2214.91157
G1 F2173.9 X124.083 Y87.091 E2215.09953
G1 F2030.5 X124.053 Y87.38 E2215.11381
G1 F1932.4 X124.051 Y87.689 E2215.12977
G1 X123.742 Y87.689 E2215.14572
G1 F2131.4 X123.335 Y87.748 E2215.16497
G1 F2390.4 X119.75 Y87.75 E2215.31462
G1 F2400 X119.75 Y87.25 E2215.33541
G1 F2390.4 X123.292 Y87.249 E2215.48325
G1 F2131.4 X123.495 Y87.189 E2215.49316
G1 F2030.5 X123.525 Y87.046 E2215.50034
G1 F1500 E2209.00034
;MESH:NONMESH
G0 F300 X123.525 Y87.046 Z12.6
G0 F15000 X123.76 Y87.046
G0 X123.688 Y87.438
G0 X119.924 Y87.576
G0 X119.924 Y88.665
G0 X106.429 Y125.198
G0 X106.668 Y126.05
;TIME_ELAPSED:2380.683534
;LAYER:62
;TYPE:SUPPORT
G1 F1500 E2215.50034
G1 F3000 X107.999 Y125.68 E2215.54629
G1 X109.328 Y126.05 E2215.59217
G1 X110.285 Y127.063 E2215.63853
G1 X110.655 Y128.334 E2215.68255
G1 X110.285 Y129.663 E2215.72844
G1 X109.323 Y130.625 E2215.77369
G1 X107.998 Y130.996 E2215.81945
G1 X106.73 Y130.626 E2215.86338
G1 X105.71 Y129.602 E2215.91146
G1 X105.337 Y128.335 E2215.95538
G1 X105.711 Y127.063 E2215.99948
G1 X106.668 Y126.05 E2216.04583
G1 F1500 E2209.54583
;MESH:9VBatteryHolder_v3.stl
G0 F15000 X106.042 Y125.459
G0 X104.943 Y126.623
G0 X104.439 Y128.338
G0 X104.849 Y129.735
G0 X106.668 Y134.335
G0 X106.668 Y135.43
G0 X97 Y136
;TYPE:WALL-INNER
G1 F1500 E2216.04583
G1 F3000 X123 Y136 E2216.9106
G1 F2941.2 X123.174 Y135.993 E2216.9165
G0 F15000 X123.697 Y135.697
G1 F3045.7 X123.174 Y135.993 E2216.93619
G1 X124.014 Y136.014 E2216.96372
G1 F3053.4 X123.993 Y135.174 E2216.99118
G1 X123.697 Y135.697 E2217.01082
G0 F15000 X123.993 Y135.174
G1 F2948.4 X124 Y135 E2217.01671
G1 F3000 X124 Y91 E2218.48016
G1 F1500 E2211.98016
G0 F15000 X123.838 Y135.838
G0 X96.162 Y135.838
G0 X96 Y91
G1 F1500 E2218.48016
G1 F3000 X96 Y135 E2219.9436
G1 F2941.2 X96.007 Y135.174 E2219.94951
G0 F15000 X96.303 Y135.697
G1 F3045.7 X96.007 Y135.174 E2219.9692
G1 X95.986 Y136.014 E2219.99672
G1 F3108.8 X97 Y136 E2220.02927
G1 X96.303 Y135.697 E2220.05367
G0 F15000 X96.09 Y135.697
G0 X123.838 Y135.838
G0 X123.91 Y135.424
G0 X123.424 Y135.424
G1 F3000 X123.089 Y135.6 E2220.06625
G1 X97 Y135.6 E2220.93398
G1 X96.575 Y135.425 E2220.94926
G1 X96.4 Y135.089 E2220.96186
G1 X96.4 Y90.6 E2222.44157
G1 X95.6 Y90.6 E2222.46818
G1 X95.601 Y136.399 E2223.99146
G1 X124.4 Y136.4 E2224.94932
G1 X124.4 Y90.6 E2226.47264
G1 X123.6 Y90.6 E2226.49924
G1 X123.6 Y135.089 E2227.97895
G1 X123.424 Y135.424 E2227.99154
G0 F15000 X123.198 Y135.035
;TYPE:WALL-OUTER
G1 F3000 X123.142 Y135.142 E2227.99556
G1 X123.035 Y135.198 E2227.99957
G1 X97 Y135.2 E2228.8655
G1 X96.858 Y135.142 E2228.8706
G1 X96.802 Y135.035 E2228.87462
G1 X96.8 Y90.2 E2230.36584
G1 X95.2 Y90.2 E2230.41905
G1 X95.201 Y136.799 E2231.96894
G1 X124.8 Y136.8 E2232.95341
G1 X124.8 Y90.2 E2234.50333
G1 X123.2 Y90.2 E2234.55655
G1 X123.198 Y135.035 E2236.04777
G1 F1500 E2229.54777
G0 F15000 X123.51 Y135.035
G0 X123.76 Y90.43
G0 X123.76 Y89.335
G0 X123.76 Y88.665
G0 X123.508 Y87.044
G1 F1500 E2236.04777
G1 F2321.1 X123.503 Y82.994 E2236.22187
G1 F2173.9 X123.467 Y82.798 E2236.23102
G1 F2189.8 X123.248 Y82.75 E2236.24123
G1 F2390.4 X96.704 Y82.751 E2237.34922
G1 F2181.8 X96.53 Y82.797 E2237.35745
G1 F2173.9 X96.494 Y82.994 E2237.36664
G1 F2312.1 X96.486 Y87.044 E2237.54142
G1 F2120.1 X96.523 Y87.2 E2237.54897
G1 F2181.8 X96.748 Y87.25 E2237.55951
G1 F2400 X100.25 Y87.25 E2237.7051
G1 X100.25 Y87.75 E2237.72589
G1 X96.748 Y87.75 E2237.87149
G1 F2181.8 X96.298 Y87.7 E2237.89219
G1 F1996.7 X96.001 Y87.7 E2237.90704
G1 X95.997 Y87.402 E2237.92193
G1 F2120.1 X95.962 Y87.085 E2237.93694
G1 F2312.1 X95.986 Y83.01 E2238.1128
G1 F2173.9 X96.014 Y82.605 E2238.13143
G1 F2016.8 X96.003 Y82.297 E2238.14668
G1 X96.312 Y82.297 E2238.16197
G1 F2181.8 X96.661 Y82.252 E2238.17806
G1 F2390.4 X123.248 Y82.25 E2239.28784
G1 F2189.8 X123.685 Y82.298 E2239.30787
G1 F2016.8 X123.993 Y82.298 E2239.32311
G1 X123.983 Y82.606 E2239.33836
G1 F2173.9 X124.013 Y82.996 E2239.35631
G1 F2321.1 X124.029 Y87.086 E2239.53214
G1 F2135.2 X123.993 Y87.4 E2239.54691
G1 F2000 X123.994 Y87.7 E2239.56187
G1 X123.693 Y87.7 E2239.57689
G1 F2173.9 X123.335 Y87.748 E2239.59347
G1 F2390.4 X119.75 Y87.75 E2239.74311
G1 F2400 X119.75 Y87.25 E2239.7639
G1 F2390.4 X123.292 Y87.249 E2239.91175
G1 F2173.9 X123.471 Y87.201 E2239.92025
G1 F2135.2 X123.508 Y87.044 E2239.92779
G1 F1500 E2233.42779
;MESH:NONMESH
G0 F300 X123.508 Y87.044 Z12.8
G0 F15000 X123.76 Y87.044
G0 X123.688 Y87.438
G0 X119.924 Y87.576
G0 X119.924 Y88.665
G0 X106.444 Y125.218
G0 X106.683 Y126.07
;TIME_ELAPSED:2404.690344
;LAYER:63
;TYPE:SUPPORT
G1 F1500 E2239.92779
G1 F3000 X107.999 Y125.704 E2239.97322
G1 X109.313 Y126.07 E2240.01859
G1 X110.269 Y127.079 E2240.06482
G1 X110.635 Y128.334 E2240.1083
G1 X110.265 Y129.651 E2240.1538
G1 X109.311 Y130.605 E2240.19867
G1 X107.998 Y130.972 E2240.24402
G1 X106.742 Y130.606 E2240.28753
G1 X105.73 Y129.594 E2240.33513
G1 X105.361 Y128.335 E2240.37877
G1 X105.727 Y127.079 E2240.42228
G1 X106.683 Y126.07 E2240.46851
G1 F1500 E2233.96851
;MESH:9VBatteryHolder_v3.stl
G0 F15000 X106.057 Y125.477
G0 X104.96 Y126.636
G0 X104.463 Y128.338
G0 X104.87 Y129.726
G0 X106.683 Y134.335
G0 X106.683 Y135.43
G0 X97 Y136
;TYPE:WALL-INNER
G1 F1500 E2240.46851
G1 F3000 X123 Y136 E2241.33327
G1 F2941.2 X123.174 Y135.993 E2241.33918
G0 F15000 X123.697 Y135.697
G1 F3045.7 X123.174 Y135.993 E2241.35887
G1 X124.014 Y136.014 E2241.3864
G1 F3053.4 X123.993 Y135.174 E2241.41386
G1 X123.697 Y135.697 E2241.43349
G0 F15000 X123.993 Y135.174
G1 F2948.4 X124 Y135 E2241.43939
G1 F3000 X124 Y91 E2242.90283
G1 F1500 E2236.40283
G0 F15000 X123.838 Y135.838
G0 X96.162 Y135.838
G0 X96 Y91
G1 F1500 E2242.90283
G1 F3000 X96 Y135 E2244.36628
G1 F2941.2 X96.007 Y135.174 E2244.37219
G0 F15000 X96.303 Y135.697
G1 F3045.7 X96.007 Y135.174 E2244.39188
G1 X95.986 Y136.014 E2244.4194
G1 F3108.8 X97 Y136 E2244.45195
G1 X96.303 Y135.697 E2244.47635
G0 F15000 X96.09 Y135.697
G0 X123.838 Y135.838
G0 X123.91 Y135.424
G0 X123.424 Y135.424
G1 F3000 X123.089 Y135.6 E2244.48893
G1 X97 Y135.6 E2245.35665
G1 X96.575 Y135.425 E2245.37194
G1 X96.4 Y135.089 E2245.38454
G1 X96.4 Y90.6 E2246.86425
G1 X95.6 Y90.6 E2246.89086
G1 X95.601 Y136.399 E2248.41414
G1 X124.4 Y136.4 E2249.372
G1 X124.4 Y90.6 E2250.89531
G1 X123.6 Y90.6 E2250.92192
G1 X123.6 Y135.089 E2252.40163
G1 X123.424 Y135.424 E2252.41422
G0 F15000 X123.198 Y135.035
;TYPE:WALL-OUTER
G1 F3000 X123.142 Y135.142 E2252.41824
G1 X123.035 Y135.198 E2252.42225
G1 X97 Y135.2 E2253.28818
G1 X96.858 Y135.142 E2253.29328
G1 X96.802 Y135.035 E2253.2973
G1 X96.8 Y90.2 E2254.78852
G1 X95.2 Y90.2 E2254.84173
G1 X95.201 Y136.799 E2256.39162
G1 X124.8 Y136.8 E2257.37609
G1 X124.8 Y90.2 E2258.92601
G1 X123.2 Y90.2 E2258.97923
G1 X123.198 Y135.035 E2260.47045
G1 F1500 E2253.97045
G0 F15000 X123.51 Y135.035
G0 X123.76 Y90.43
G0 X123.76 Y89.335
G0 X123.76 Y88.665
G0 X123.489 Y87.044
G1 F1500 E2260.47045
G1 F2489.6 X123.486 Y82.994 E2260.63276
G1 F2281.4 X123.443 Y82.788 E2260.64197
G1 F2230.5 X123.248 Y82.75 E2260.65085
G1 F2390.4 X96.704 Y82.751 E2261.75884
G1 F2222.2 X96.553 Y82.788 E2261.76582
G1 F2281.4 X96.51 Y82.988 E2261.77477
G1 F2484.5 X96.507 Y87.044 E2261.93766
G1 F2255.6 X96.552 Y87.212 E2261.94536
G1 F2230.5 X96.748 Y87.25 E2261.95429
G1 F2400 X100.25 Y87.25 E2262.09988
G1 X100.25 Y87.75 E2262.12067
G1 X96.748 Y87.75 E2262.26627
G1 F2230.5 X96.357 Y87.711 E2262.28385
G1 F2083.3 X96.071 Y87.711 E2262.29754
G1 X96.069 Y87.424 E2262.31129
G1 F2255.6 X96.022 Y87.088 E2262.3263
G1 F2459 X96.016 Y86.229 E2262.36116
G1 F2489.6 X96.034 Y82.984 E2262.49121
G1 F2281.4 X96.071 Y82.584 E2262.50878
G1 F2087 X96.061 Y82.288 E2262.52294
G1 X96.359 Y82.288 E2262.53719
G1 F2222.2 X96.661 Y82.252 E2262.55085
G1 F2390.4 X123.248 Y82.25 E2263.66063
G1 F2230.5 X123.637 Y82.288 E2263.67811
G1 F2083.3 X123.934 Y82.288 E2263.69234
G1 X123.925 Y82.586 E2263.70661
G1 F2281.4 X123.962 Y82.996 E2263.72462
G1 F2489.6 X123.98 Y86.219 E2263.85379
G1 F2459 X123.974 Y87.089 E2263.8891
G1 F2255.6 X123.927 Y87.425 E2263.90411
G1 F2083.3 X123.925 Y87.711 E2263.9178
G1 X123.639 Y87.711 E2263.9315
G1 F2222.2 X123.335 Y87.748 E2263.94525
G1 F2390.4 X119.75 Y87.75 E2264.0949
G1 F2400 X119.75 Y87.25 E2264.11568
G1 F2390.4 X123.292 Y87.249 E2264.26353
G1 F2222.2 X123.444 Y87.212 E2264.27056
G1 F2255.6 X123.489 Y87.044 E2264.27825
G1 F1500 E2257.77825
;MESH:NONMESH
G0 F300 X123.489 Y87.044 Z13
G0 F15000 X123.76 Y87.044
G0 X123.688 Y87.438
G0 X119.924 Y87.576
G0 X119.924 Y88.665
G0 X106.452 Y125.24
G0 X106.692 Y126.094
;TIME_ELAPSED:2428.672832
;LAYER:64
;TYPE:SUPPORT
G1 F1500 E2264.27825
G1 F3000 X107.999 Y125.728 E2264.32339
G1 X109.304 Y126.094 E2264.36847
G1 X110.245 Y127.087 E2264.41397
G1 X110.611 Y128.334 E2264.4572
G1 X110.245 Y129.639 E2264.50228
G1 X109.299 Y130.585 E2264.54677
G1 X107.998 Y130.948 E2264.5917
G1 X106.754 Y130.586 E2264.63479
G1 X105.75 Y129.582 E2264.68202
G1 X105.385 Y128.336 E2264.7252
G1 X105.751 Y127.087 E2264.76849
G1 X106.692 Y126.094 E2264.81399
G1 F1500 E2258.31399
;MESH:9VBatteryHolder_v3.stl
G0 F15000 X106.064 Y125.502
G0 X104.984 Y126.646
G0 X104.487 Y128.338
G0 X104.891 Y129.716
G0 X106.692 Y134.335
G0 X106.692 Y135.43
G0 X97 Y136
;TYPE:WALL-INNER
G1 F1500 E2264.81399
G1 F3000 X123 Y136 E2265.67875
G1 F2941.2 X123.174 Y135.993 E2265.68466
G0 F15000 X123.697 Y135.697
G1 F3045.7 X123.174 Y135.993 E2265.70435
G1 X124.014 Y136.014 E2265.73188
G1 F3053.4 X123.993 Y135.174 E2265.75933
G1 X123.697 Y135.697 E2265.77897
G0 F15000 X123.993 Y135.174
G1 F2948.4 X124 Y135 E2265.78487
G1 F3000 X124 Y91 E2267.24831
G1 F1500 E2260.74831
G0 F15000 X123.838 Y135.838
G0 X96.162 Y135.838
G0 X96 Y91
G1 F1500 E2267.24831
G1 F3000 X96 Y135 E2268.71176
G1 F2941.2 X96.007 Y135.174 E2268.71767
G0 F15000 X96.303 Y135.697
G1 F3045.7 X96.007 Y135.174 E2268.73735
G1 X95.986 Y136.014 E2268.76488
G1 F3108.8 X97 Y136 E2268.79743
G1 X96.303 Y135.697 E2268.82182
G0 F15000 X96.09 Y135.697
G0 X123.838 Y135.838
G0 X123.91 Y135.424
G0 X123.424 Y135.424
G1 F3000 X123.089 Y135.6 E2268.83441
G1 X97 Y135.6 E2269.70213
G1 X96.575 Y135.425 E2269.71742
G1 X96.4 Y135.089 E2269.73002
G1 X96.4 Y90.6 E2271.20973
G1 X95.6 Y90.6 E2271.23634
G1 X95.601 Y136.399 E2272.75962
G1 X124.4 Y136.4 E2273.71748
G1 X124.4 Y90.6 E2275.24079
G1 X123.6 Y90.6 E2275.2674
G1 X123.6 Y135.089 E2276.74711
G1 X123.424 Y135.424 E2276.7597
G0 F15000 X123.198 Y135.035
;TYPE:WALL-OUTER
G1 F3000 X123.142 Y135.142 E2276.76371
G1 X123.035 Y135.198 E2276.76773
G1 X97 Y135.2 E2277.63366
G1 X96.858 Y135.142 E2277.63876
G1 X96.802 Y135.035 E2277.64278
G1 X96.8 Y90.2 E2279.13399
G1 X95.2 Y90.2 E2279.18721
G1 X95.201 Y136.799 E2280.7371
G1 X124.8 Y136.8 E2281.72157
G1 X124.8 Y90.2 E2283.27149
G1 X123.2 Y90.2 E2283.32471
G1 X123.198 Y135.035 E2284.81592
G1 F1500 E2278.31592
G0 F15000 X123.51 Y135.035
G0 X123.678 Y90.43
G0 X123.678 Y89.335
G0 X123.678 Y88.665
G0 X123.468 Y87.04
G1 F1500 E2284.81592
G1 F2702.7 X123.469 Y83 E2284.96508
G1 F2400 X123.419 Y82.779 E2284.9745
G1 F2272.7 X123.248 Y82.75 E2284.98211
G1 F2390.4 X96.704 Y82.751 E2286.0901
G1 F2255.6 X96.577 Y82.779 E2286.09585
G1 F2400 X96.527 Y82.988 E2286.10478
G1 F2702.7 X96.528 Y87.04 E2286.25438
G1 F2400 X96.583 Y87.223 E2286.26232
G1 F2272.7 X96.748 Y87.25 E2286.26966
G1 F2400 X100.25 Y87.25 E2286.41526
G1 X100.25 Y87.75 E2286.43605
G1 X96.748 Y87.75 E2286.58164
G1 F2272.7 X96.418 Y87.723 E2286.59618
G1 F2162.2 X96.143 Y87.723 E2286.60887
G1 X96.141 Y87.447 E2286.62161
G1 F2400 X96.085 Y87.081 E2286.637
G1 F2678.6 X96.073 Y85.093 E2286.71106
G1 F2690.6 X96.085 Y82.984 E2286.78927
G1 F2400 X96.128 Y82.567 E2286.8067
G1 F2150.5 X96.12 Y82.279 E2286.82007
G1 X96.407 Y82.279 E2286.83338
G1 F2255.6 X96.661 Y82.252 E2286.84468
G1 F2390.4 X123.248 Y82.25 E2287.95446
G1 F2272.7 X123.589 Y82.279 E2287.96949
G1 F2154.4 X123.877 Y82.278 E2287.98283
G1 X123.868 Y82.567 E2287.99622
G1 F2400 X123.911 Y83 E2288.01431
G1 F2690.6 X123.923 Y85.087 E2288.09171
G1 F2678.6 X123.911 Y87.082 E2288.16603
G1 F2400 X123.855 Y87.448 E2288.18142
G1 F2170 X123.853 Y87.723 E2288.19406
G1 X123.578 Y87.723 E2288.20671
G1 F2268.4 X123.335 Y87.748 E2288.21745
G1 F2390.4 X119.75 Y87.75 E2288.3671
G1 F2400 X119.75 Y87.25 E2288.38789
G1 F2339.2 X123.405 Y87.249 E2288.54379
G1 F2469.1 X123.468 Y87.04 E2288.55262
G1 F1500 E2282.05262
;MESH:NONMESH
G0 F300 X123.468 Y87.04 Z13.2
G0 F15000 X123.678 Y87.039
G0 X123.688 Y87.438
G0 X119.924 Y87.576
G0 X119.924 Y88.665
G0 X106.474 Y125.258
G0 X106.715 Y126.118
;TIME_ELAPSED:2452.633573
;LAYER:65
;TYPE:SUPPORT
G1 F1500 E2288.55262
G1 F3000 X107.999 Y125.756 E2288.59699
G1 X109.296 Y126.122 E2288.64181
G1 X110.23 Y127.108 E2288.68698
G1 X110.64 Y128.464 E2288.7341
G1 X110.292 Y129.773 E2288.77915
G1 X109.379 Y130.701 E2288.82245
G1 X108.096 Y131.047 E2288.86664
G1 X106.847 Y130.663 E2288.91011
G1 X105.778 Y129.583 E2288.96065
G1 X105.413 Y128.343 E2289.00364
G1 X105.771 Y127.111 E2289.04631
G1 X106.715 Y126.118 E2289.09188
G1 F1500 E2282.59188
;MESH:9VBatteryHolder_v3.stl
G0 F15000 X106.087 Y125.523
G0 X105.005 Y126.666
G0 X104.517 Y128.347
G0 X104.918 Y129.715
G0 X106.715 Y134.335
G0 X106.715 Y135.43
G0 X97 Y136
;TYPE:WALL-INNER
G1 F1500 E2289.09188
G1 F3000 X123 Y136 E2289.95664
G1 F2941.2 X123.174 Y135.993 E2289.96255
G0 F15000 X123.697 Y135.697
G1 F3045.7 X123.174 Y135.993 E2289.98224
G1 X124.014 Y136.014 E2290.00977
G1 F3053.4 X123.993 Y135.174 E2290.03723
G1 X123.697 Y135.697 E2290.05686
G0 F15000 X123.993 Y135.174
G1 F2948.4 X124 Y135 E2290.06276
G1 F3000 X124 Y91 E2291.5262
G1 F1500 E2285.0262
G0 F15000 X123.838 Y135.838
G0 X96.162 Y135.838
G0 X96 Y91
G1 F1500 E2291.5262
G1 F3000 X96 Y135 E2292.98965
G1 F2941.2 X96.007 Y135.174 E2292.99556
G0 F15000 X96.303 Y135.697
G1 F3045.7 X96.007 Y135.174 E2293.01524
G1 X95.986 Y136.014 E2293.04277
G1 F3108.8 X97 Y136 E2293.07532
G1 X96.303 Y135.697 E2293.09971
G0 F15000 X96.09 Y135.697
G0 X123.838 Y135.838
G0 X123.91 Y135.424
G0 X123.424 Y135.424
G1 F3000 X123.089 Y135.6 E2293.1123
G1 X97 Y135.6 E2293.98002
G1 X96.575 Y135.425 E2293.99531
G1 X96.4 Y135.089 E2294.00791
G1 X96.4 Y90.6 E2295.48762
G1 X95.6 Y90.6 E2295.51423
G1 X95.601 Y136.399 E2297.03751
G1 X124.4 Y136.4 E2297.99537
G1 X124.4 Y90.6 E2299.51868
G1 X123.6 Y90.6 E2299.54529
G1 X123.6 Y135.089 E2301.025
G1 X123.424 Y135.424 E2301.03759
G0 F15000 X123.198 Y135.035
;TYPE:WALL-OUTER
G1 F3000 X123.142 Y135.142 E2301.04161
G1 X123.035 Y135.198 E2301.04562
G1 X97 Y135.2 E2301.91155
G1 X96.858 Y135.142 E2301.91665
G1 X96.802 Y135.035 E2301.92067
G1 X96.8 Y90.2 E2303.41189
G1 X95.2 Y90.2 E2303.4651
G1 X95.201 Y136.799 E2305.01499
G1 X124.8 Y136.8 E2305.99946
G1 X124.8 Y90.2 E2307.54938
G1 X123.2 Y90.2 E2307.6026
G1 X123.198 Y135.035 E2309.09382
G1 F1500 E2302.59382
G0 F15000 X123.51 Y135.035
G0 X123.424 Y90.424
G0 X123.424 Y89.335
G0 X123.424 Y88.665
G0 X123.376 Y87.249
G1 F1500 E2309.09382
G1 F2597.4 X123.448 Y87.036 E2309.10245
G1 F2955.7 X123.452 Y83 E2309.2387
G1 F2558.6 X123.385 Y82.75 E2309.2488
G1 F2272.7 X109.998 Y82.75 E2309.83653
G1 F2298.9 X96.611 Y82.751 E2310.41759
G1 F2586.2 X96.544 Y82.996 E2310.42739
G1 F2955.7 X96.549 Y87.036 E2310.56377
G1 F2608.7 X96.621 Y87.25 E2310.57241
G1 F2362.2 X100.25 Y87.25 E2310.7257
G1 F2400 X100.25 Y87.75 E2310.74649
G1 X96.748 Y87.75 E2310.89208
G1 F2316.6 X96.483 Y87.733 E2310.90352
G1 F2243 X96.218 Y87.733 E2310.91531
G1 X96.215 Y87.466 E2310.92719
G1 F2553.2 X96.148 Y87.073 E2310.94277
G1 F2941.2 X96.13 Y83.961 E2311.04835
G1 F2926.8 X96.136 Y83.01 E2311.08077
G1 F2727.3 X96.157 Y82.679 E2311.0929
G1 F2371.5 X96.196 Y82.531 E2311.09934
G1 F2222.2 X96.205 Y82.27 E2311.11107
G1 X96.465 Y82.27 E2311.12274
G1 F2298.9 X96.661 Y82.252 E2311.13129
G1 F2390.4 X123.248 Y82.25 E2312.24107
G1 F2307.7 X123.531 Y82.27 E2312.25333
G1 F2222.2 X123.791 Y82.27 E2312.26501
G1 X123.801 Y82.531 E2312.27674
G1 F2352.9 X123.835 Y82.656 E2312.28223
G1 F2702.7 X123.86 Y83.001 E2312.295
G1 F2926.8 X123.866 Y83.952 E2312.32742
G1 F2941.2 X123.851 Y87.073 E2312.4333
G1 F2553.2 X123.783 Y87.466 E2312.44889
G1 F2238.8 X123.781 Y87.732 E2312.46075
G1 X123.515 Y87.732 E2312.4726
G1 F2307.7 X123.335 Y87.748 E2312.48041
G1 F2390.4 X119.75 Y87.75 E2312.63006
G1 F2400 X119.75 Y87.25 E2312.65084
G1 F2357.6 X123.376 Y87.249 E2312.80431
G1 F1500 E2306.30431
;MESH:NONMESH
G0 F300 X123.376 Y87.249 Z13.4
G0 F15000 X123.376 Y87.51
G0 X119.924 Y87.576
G0 X119.924 Y88.665
G0 X106.498 Y125.282
G0 X106.744 Y126.159
;TIME_ELAPSED:2476.569100
;LAYER:66
;TYPE:SUPPORT
G1 F1500 E2312.80431
G1 F3000 X108.021 Y125.812 E2312.84832
G1 X109.311 Y126.193 E2312.89306
G1 X110.297 Y127.243 E2312.94097
G1 X110.708 Y128.616 E2312.98864
G1 X110.364 Y129.909 E2313.03314
G1 X109.459 Y130.829 E2313.07606
G1 X108.192 Y131.171 E2313.11971
G1 X106.955 Y130.791 E2313.16275
G1 X105.862 Y129.694 E2313.21426
G1 X105.476 Y128.393 E2313.25939
G1 X105.816 Y127.149 E2313.30228
G1 X106.744 Y126.159 E2313.34742
G1 F1500 E2306.84742
;MESH:9VBatteryHolder_v3.stl
G0 F15000 X106.111 Y125.569
G0 X105.043 Y126.715
G0 X104.578 Y128.406
G0 X105 Y129.821
G0 X106.744 Y134.335
G0 X106.744 Y135.43
G0 X97 Y136
;TYPE:WALL-INNER
G1 F1500 E2313.34742
G1 F3000 X123 Y136 E2314.21218
G1 F2941.2 X123.174 Y135.993 E2314.21809
G0 F15000 X123.697 Y135.697
G1 F3045.7 X123.174 Y135.993 E2314.23778
G1 X124.014 Y136.014 E2314.2653
G1 F3053.4 X123.993 Y135.174 E2314.29276
G1 X123.697 Y135.697 E2314.3124
G0 F15000 X123.993 Y135.174
G1 F2948.4 X124 Y135 E2314.31829
G1 F3000 X124 Y91 E2315.78174
G1 F1500 E2309.28174
G0 F15000 X123.838 Y135.838
G0 X96.162 Y135.838
G0 X96 Y91
G1 F1500 E2315.78174
G1 F3000 X96 Y135 E2317.24518
G1 F2941.2 X96.007 Y135.174 E2317.25109
G0 F15000 X96.303 Y135.697
G1 F3045.7 X96.007 Y135.174 E2317.27078
G1 X95.986 Y136.014 E2317.29831
G1 F3108.8 X97 Y136 E2317.33086
G1 X96.303 Y135.697 E2317.35525
G0 F15000 X96.09 Y135.697
G0 X123.838 Y135.838
G0 X123.91 Y135.424
G0 X123.424 Y135.424
G1 F3000 X123.089 Y135.6 E2317.36784
G1 X97 Y135.6 E2318.23556
G1 X96.575 Y135.425 E2318.25085
G1 X96.4 Y135.089 E2318.26345
G1 X96.4 Y90.6 E2319.74316
G1 X95.6 Y90.6 E2319.76977
G1 X95.601 Y136.399 E2321.29305
G1 X124.4 Y136.4 E2322.25091
G1 X124.4 Y90.6 E2323.77422
G1 X123.6 Y90.6 E2323.80083
G1 X123.6 Y135.089 E2325.28054
G1 X123.424 Y135.424 E2325.29312
G0 F15000 X123.198 Y135.035
;TYPE:WALL-OUTER
G1 F3000 X123.142 Y135.142 E2325.29714
G1 X123.035 Y135.198 E2325.30116
G1 X97 Y135.2 E2326.16709
G1 X96.858 Y135.142 E2326.17219
G1 X96.802 Y135.035 E2326.1762
G1 X96.8 Y90.2 E2327.66742
G1 X95.2 Y90.2 E2327.72064
G1 X95.201 Y136.799 E2329.27053
G1 X124.8 Y136.8 E2330.25499
G1 X124.8 Y90.2 E2331.80492
G1 X123.2 Y90.2 E2331.85813
G1 X123.198 Y135.035 E2333.34935
G1 F1500 E2326.84935
G0 F15000 X123.51 Y135.035
G0 X123.424 Y90.424
G0 X123.424 Y89.335
G0 X123.424 Y88.665
G0 X123.345 Y87.249
G1 F1500 E2333.34935
G1 F2752.3 X123.428 Y87.032 E2333.35777
G1 F3260.9 X123.435 Y82.981 E2333.48173
G1 F2696.6 X123.349 Y82.75 E2333.49085
G1 F2339.2 X96.648 Y82.751 E2334.62981
G1 F2721.1 X96.562 Y82.986 E2334.63899
G1 F3260.9 X96.568 Y87.032 E2334.76279
G1 F2739.7 X96.652 Y87.25 E2334.7713
G1 F2376.2 X100.25 Y87.25 E2334.92239
G1 F2400 X100.25 Y87.75 E2334.94317
G1 X96.748 Y87.75 E2335.08877
G1 F2352.9 X96.291 Y87.74 E2335.10815
G1 F2307.7 X96.289 Y87.481 E2335.11935
G1 F2714.9 X96.208 Y87.065 E2335.13493
G1 F3260.9 X96.191 Y82.971 E2335.2602
G1 F2690.6 X96.28 Y82.513 E2335.27751
G1 F2303.3 X96.289 Y82.261 E2335.28843
G1 X96.541 Y82.261 E2335.29935
G1 F2339.2 X96.661 Y82.252 E2335.30448
G1 F2390.4 X123.248 Y82.25 E2336.41426
G1 F2348.3 X123.457 Y82.261 E2336.42315
G1 F2298.9 X123.708 Y82.261 E2336.43405
G1 X123.718 Y82.513 E2336.445
G1 F2678.6 X123.808 Y82.956 E2336.46184
G1 F3260.9 X123.789 Y87.065 E2336.58757
G1 F2727.3 X123.707 Y87.482 E2336.60312
G1 F2307.7 X123.705 Y87.74 E2336.61427
G1 F2343.8 X123.335 Y87.748 E2336.63003
G1 F2390.4 X119.75 Y87.75 E2336.77967
G1 F2400 X119.75 Y87.25 E2336.80046
G1 F2376.2 X123.345 Y87.249 E2336.95142
G1 F1500 E2330.45142
;MESH:NONMESH
G0 F300 X123.345 Y87.249 Z13.6
G0 F15000 X123.345 Y87.51
G0 X119.924 Y87.576
G0 X119.924 Y88.665
G0 X106.575 Y125.311
G0 X106.852 Y126.33
;TIME_ELAPSED:2500.478419
;LAYER:67
;TYPE:SUPPORT
G1 F1500 E2336.95142
G1 F3000 X108.113 Y125.984 E2336.99491
G1 X109.395 Y126.365 E2337.03939
G1 X110.37 Y127.403 E2337.08676
G1 X110.78 Y128.768 E2337.13416
G1 X110.44 Y130.041 E2337.17799
G1 X109.539 Y130.957 E2337.22072
G1 X108.284 Y131.295 E2337.26395
G1 X107.059 Y130.919 E2337.30657
G1 X105.978 Y129.834 E2337.35751
G1 X105.593 Y128.545 E2337.40225
G1 X105.932 Y127.313 E2337.44475
G1 X106.852 Y126.33 E2337.48953
G1 F1500 E2330.98953
;MESH:9VBatteryHolder_v3.stl
G0 F15000 X106.219 Y125.739
G0 X105.158 Y126.877
G0 X104.697 Y128.556
G0 X105.116 Y129.961
G0 X106.852 Y134.335
G0 X106.852 Y135.43
G0 X97 Y136
;TYPE:WALL-INNER
G1 F1500 E2337.48953
G1 F3000 X123 Y136 E2338.3543
G1 F2941.2 X123.174 Y135.993 E2338.3602
G0 F15000 X123.697 Y135.697
G1 F3045.7 X123.174 Y135.993 E2338.37989
G1 X124.014 Y136.014 E2338.40742
G1 F3053.4 X123.993 Y135.174 E2338.43488
G1 X123.697 Y135.697 E2338.45452
G0 F15000 X123.993 Y135.174
G1 F2948.4 X124 Y135 E2338.46041
G1 F3000 X124 Y91 E2339.92386
G1 F1500 E2333.42386
G0 F15000 X123.838 Y135.838
G0 X96.162 Y135.838
G0 X96 Y91
G1 F1500 E2339.92386
G1 F3000 X96 Y135 E2341.3873
G1 F2941.2 X96.007 Y135.174 E2341.39321
G0 F15000 X96.303 Y135.697
G1 F3045.7 X96.007 Y135.174 E2341.4129
G1 X95.986 Y136.014 E2341.44043
G1 F3108.8 X97 Y136 E2341.47297
G1 X96.303 Y135.697 E2341.49737
G0 F15000 X96.09 Y135.697
G0 X123.838 Y135.838
G0 X123.91 Y135.424
G0 X123.424 Y135.424
G1 F3000 X123.089 Y135.6 E2341.50995
G1 X97 Y135.6 E2342.37768
G1 X96.575 Y135.425 E2342.39296
G1 X96.4 Y135.089 E2342.40556
G1 X96.4 Y90.6 E2343.88527
G1 X95.6 Y90.6 E2343.91188
G1 X95.601 Y136.399 E2345.43516
G1 X124.4 Y136.4 E2346.39302
G1 X124.4 Y90.6 E2347.91634
G1 X123.6 Y90.6 E2347.94294
G1 X123.6 Y135.089 E2349.42265
G1 X123.424 Y135.424 E2349.43524
G0 F15000 X123.198 Y135.035
;TYPE:WALL-OUTER
G1 F3000 X123.142 Y135.142 E2349.43926
G1 X123.035 Y135.198 E2349.44327
G1 X97 Y135.2 E2350.3092
G1 X96.858 Y135.142 E2350.3143
G1 X96.802 Y135.035 E2350.31832
G1 X96.8 Y90.2 E2351.80954
G1 X95.2 Y90.2 E2351.86275
G1 X95.201 Y136.799 E2353.41264
G1 X124.8 Y136.8 E2354.39711
G1 X124.8 Y90.2 E2355.94703
G1 X123.2 Y90.2 E2356.00025
G1 X123.198 Y135.035 E2357.49147
G1 F1500 E2350.99147
G0 F15000 X123.51 Y135.035
G0 X123.424 Y90.424
G0 X122.335 Y90.424
G0 X101.165 Y87.576
G0 X96.684 Y87.246
G1 F1500 E2357.49147
G1 F2381 X100.25 Y87.25 E2357.64091
G1 F2400 X100.25 Y87.75 E2357.6617
G1 F2381 X96.369 Y87.746 E2357.82434
G1 F2362.2 X96.367 Y87.493 E2357.83503
G1 F2083.3 X96.431 Y87.057 E2357.85614
G1 X96.684 Y87.246 E2357.87126
G0 F15000 X96.431 Y87.057
G1 F1857.6 X96.424 Y85.328 E2357.96413
G1 F1875 X96.432 Y82.994 E2358.08834
G1 F1500 E2351.58834
G0 F15000 X96.593 Y82.521
G0 X123.312 Y82.49
G0 X123.312 Y82.754
G1 F1500 E2358.08834
G1 F2362.2 X96.684 Y82.754 E2359.21312
G1 F2264.2 X96.55 Y82.808 E2359.21949
G1 F2027 X96.432 Y82.994 E2359.23033
G1 X96.379 Y82.743 E2359.24296
G1 F2264.2 X96.377 Y82.254 E2359.26451
G1 F2362.2 X123.622 Y82.254 E2360.41535
G1 F2281.4 X123.62 Y82.714 E2360.43546
G1 F2033.9 X123.566 Y83 E2360.44974
G1 X123.432 Y82.799 E2360.46159
G1 F2281.4 X123.312 Y82.754 E2360.4672
G0 F15000 X123.566 Y83
G1 F1863.4 X123.574 Y85.324 E2360.59165
G1 F1854.7 X123.566 Y87.057 E2360.68488
G0 F15000 X123.312 Y87.246
G1 F2090.6 X123.566 Y87.057 E2360.69999
G1 X123.63 Y87.494 E2360.72107
G1 F2366.9 X123.628 Y87.746 E2360.7317
G1 F2381 X119.75 Y87.75 E2360.89421
G1 F2400 X119.75 Y87.25 E2360.915
G1 F2381 X123.312 Y87.246 E2361.06428
G1 F1500 E2354.56428
;MESH:NONMESH
G0 F300 X123.312 Y87.246 Z13.8
G0 F15000 X123.312 Y87.51
G0 X119.924 Y87.576
G0 X119.924 Y88.665
G0 X106.68 Y125.482
G0 X106.956 Y126.499
;TIME_ELAPSED:2525.988751
;LAYER:68
;TYPE:SUPPORT
G1 F1500 E2361.06428
G1 F3000 X108.209 Y126.16 E2361.10745
G1 X109.475 Y126.537 E2361.15139
G1 X110.441 Y127.563 E2361.19826
G1 X110.844 Y128.912 E2361.24508
G1 X110.511 Y130.185 E2361.28885
G1 X109.619 Y131.088 E2361.33106
G1 X108.376 Y131.423 E2361.37388
G1 X107.163 Y131.051 E2361.41608
G1 X106.09 Y129.97 E2361.46674
G1 X105.712 Y128.693 E2361.51103
G1 X106.048 Y127.473 E2361.55312
G1 X106.956 Y126.499 E2361.59741
G1 F1500 E2355.09741
;MESH:9VBatteryHolder_v3.stl
G0 F15000 X106.325 Y125.91
G0 X105.273 Y127.039
G0 X104.815 Y128.706
G0 X105.231 Y130.099
G0 X106.956 Y134.335
G0 X106.956 Y135.43
G0 X97 Y136
;TYPE:WALL-INNER
G1 F1500 E2361.59741
G1 F3000 X123 Y136 E2362.46218
G1 F2941.2 X123.174 Y135.993 E2362.46808
G0 F15000 X123.697 Y135.697
G1 F3045.7 X123.174 Y135.993 E2362.48777
G1 X124.014 Y136.014 E2362.5153
G1 F3053.4 X123.993 Y135.174 E2362.54276
G1 X123.697 Y135.697 E2362.5624
G0 F15000 X123.993 Y135.174
G1 F2948.4 X124 Y135 E2362.56829
G1 F3000 X124 Y91 E2364.03173
G1 F1500 E2357.53173
G0 F15000 X123.838 Y135.838
G0 X96.162 Y135.838
G0 X96 Y91
G1 F1500 E2364.03173
G1 F3000 X96 Y135 E2365.49518
G1 F2941.2 X96.007 Y135.174 E2365.50109
G0 F15000 X96.303 Y135.697
G1 F3045.7 X96.007 Y135.174 E2365.52078
G1 X95.986 Y136.014 E2365.5483
G1 F3108.8 X97 Y136 E2365.58085
G1 X96.303 Y135.697 E2365.60525
G0 F15000 X96.09 Y135.697
G0 X123.838 Y135.838
G0 X123.91 Y135.424
G0 X123.424 Y135.424
G1 F3000 X123.089 Y135.6 E2365.61783
G1 X97 Y135.6 E2366.48556
G1 X96.575 Y135.425 E2366.50084
G1 X96.4 Y135.089 E2366.51344
G1 X96.4 Y90.6 E2367.99315
G1 X95.6 Y90.6 E2368.01976
G1 X95.601 Y136.399 E2369.54304
G1 X124.4 Y136.4 E2370.5009
G1 X124.4 Y90.6 E2372.02422
G1 X123.6 Y90.6 E2372.05082
G1 X123.6 Y135.089 E2373.53053
G1 X123.424 Y135.424 E2373.54312
G0 F15000 X123.198 Y135.035
;TYPE:WALL-OUTER
G1 F3000 X123.142 Y135.142 E2373.54714
G1 X123.035 Y135.198 E2373.55115
G1 X97 Y135.2 E2374.41708
G1 X96.858 Y135.142 E2374.42218
G1 X96.802 Y135.035 E2374.4262
G1 X96.8 Y90.2 E2375.91742
G1 X95.2 Y90.2 E2375.97063
G1 X95.201 Y136.799 E2377.52052
G1 X124.8 Y136.8 E2378.50499
G1 X124.8 Y90.2 E2380.05491
G1 X123.2 Y90.2 E2380.10813
G1 X123.198 Y135.035 E2381.59935
G1 F1500 E2375.09935
G0 F15000 X123.51 Y135.035
G0 X123.424 Y90.424
G0 X122.335 Y90.424
G0 X101.165 Y87.576
G0 X96.655 Y87.25
G1 F1500 E2381.59935
G1 F2390.4 X100.25 Y87.25 E2381.74941
G1 F2400 X100.25 Y87.75 E2381.77019
G1 X96.449 Y87.75 E2381.92822
G1 F2371.5 X96.451 Y87.349 E2381.94509
G1 F2255.6 X96.475 Y87.045 E2381.95858
G1 F2264.2 X96.655 Y87.25 E2381.97061
G0 F15000 X96.475 Y87.045
G1 F2226.3 X96.486 Y82.992 E2382.15225
G1 F1500 E2375.65225
G0 F15000 X96.69 Y82.519
G0 X123.269 Y82.49
G0 X123.269 Y82.75
G1 F1500 E2382.15225
G1 F2400 X96.723 Y82.751 E2383.25591
G1 F2343.8 X96.486 Y82.981 E2383.26997
G1 X96.455 Y82.517 E2383.28977
G1 F2395.2 X96.465 Y82.25 E2383.3009
G1 F2381 X110.01 Y82.251 E2383.86854
G1 F2357.6 X123.555 Y82.251 E2384.44181
G1 F2316.6 X123.51 Y82.994 E2384.47387
G1 F2343.8 X123.269 Y82.75 E2384.48847
G0 F15000 X123.51 Y82.994
G1 F2222.2 X123.523 Y87.045 E2384.67037
G0 F15000 X123.347 Y87.25
G1 F2259.9 X123.523 Y87.045 E2384.6823
G1 F2247.2 X123.547 Y87.34 E2384.69544
G1 F2366.9 X123.548 Y87.75 E2384.71272
G1 F2400 X119.75 Y87.75 E2384.87063
G1 X119.75 Y87.25 E2384.89141
G1 F2385.7 X123.347 Y87.25 E2385.04186
G1 F1500 E2378.54186
;MESH:NONMESH
G0 F300 X123.347 Y87.25 Z14
G0 F15000 X123.347 Y87.51
G0 X119.924 Y87.576
G0 X119.924 Y88.665
G0 X106.784 Y125.654
G0 X107.06 Y126.671
;TIME_ELAPSED:2551.441875
;LAYER:69
;TYPE:SUPPORT
G1 F1500 E2385.04186
G1 F3000 X108.301 Y126.332 E2385.08464
G1 X109.559 Y126.705 E2385.12829
G1 X110.514 Y127.723 E2385.17471
G1 X110.916 Y129.064 E2385.22127
G1 X110.584 Y130.325 E2385.26464
G1 X109.703 Y131.216 E2385.30632
G1 X108.472 Y131.547 E2385.34872
G1 X107.267 Y131.179 E2385.39062
G1 X106.206 Y130.11 E2385.44072
G1 X105.828 Y128.845 E2385.48463
G1 X106.16 Y127.633 E2385.52643
G1 X107.06 Y126.671 E2385.57024
G1 F1500 E2379.07024
;MESH:9VBatteryHolder_v3.stl
G0 F15000 X106.428 Y126.082
G0 X105.387 Y127.199
G0 X104.932 Y128.855
G0 X105.346 Y130.242
G0 X107.06 Y134.335
G0 X107.06 Y135.43
G0 X97 Y136
;TYPE:WALL-INNER
G1 F1500 E2385.57024
G1 F3000 X123 Y136 E2386.43501
G1 F2941.2 X123.174 Y135.993 E2386.44091
G0 F15000 X123.697 Y135.697
G1 F3045.7 X123.174 Y135.993 E2386.4606
G1 X124.014 Y136.014 E2386.48813
G1 F3053.4 X123.993 Y135.174 E2386.51559
G1 X123.697 Y135.697 E2386.53523
G0 F15000 X123.993 Y135.174
G1 F2948.4 X124 Y135 E2386.54112
G1 F3000 X124 Y91 E2388.00456
G1 F1500 E2381.50456
G0 F15000 X123.838 Y135.838
G0 X96.162 Y135.838
G0 X96 Y91
G1 F1500 E2388.00456
G1 F3000 X96 Y135 E2389.46801
G1 F2941.2 X96.007 Y135.174 E2389.47392
G0 F15000 X96.303 Y135.697
G1 F3045.7 X96.007 Y135.174 E2389.49361
G1 X95.986 Y136.014 E2389.52113
G1 F3108.8 X97 Y136 E2389.55368
G1 X96.303 Y135.697 E2389.57808
G0 F15000 X96.09 Y135.697
G0 X123.838 Y135.838
G0 X123.91 Y135.424
G0 X123.424 Y135.424
G1 F3000 X123.089 Y135.6 E2389.59066
G1 X97 Y135.6 E2390.45839
G1 X96.575 Y135.425 E2390.47367
G1 X96.4 Y135.089 E2390.48627
G1 X96.4 Y90.6 E2391.96598
G1 X95.6 Y90.6 E2391.99259
G1 X95.601 Y136.399 E2393.51587
G1 X124.4 Y136.4 E2394.47373
G1 X124.4 Y90.6 E2395.99705
G1 X123.6 Y90.6 E2396.02365
G1 X123.6 Y135.089 E2397.50336
G1 X123.424 Y135.424 E2397.51595
G0 F15000 X123.198 Y135.035
;TYPE:WALL-OUTER
G1 F3000 X123.142 Y135.142 E2397.51997
G1 X123.035 Y135.198 E2397.52398
G1 X97 Y135.2 E2398.38991
G1 X96.858 Y135.142 E2398.39501
G1 X96.802 Y135.035 E2398.39903
G1 X96.8 Y90.2 E2399.89025
G1 X95.2 Y90.2 E2399.94346
G1 X95.201 Y136.799 E2401.49335
G1 X124.8 Y136.8 E2402.47782
G1 X124.8 Y90.2 E2404.02774
G1 X123.2 Y90.2 E2404.08096
G1 X123.198 Y135.035 E2405.57218
G1 F1500 E2399.07218
G0 F15000 X123.51 Y135.035
G0 X123.424 Y90.424
G0 X122.335 Y90.424
G0 X101.165 Y87.576
G0 X96.748 Y87.25
G1 F1500 E2405.57218
G1 F2400 X100.25 Y87.25 E2405.71777
G1 X100.25 Y87.75 E2405.73856
G1 X96.557 Y87.75 E2405.8921
G1 X96.56 Y87.436 E2405.90515
G1 F2558.6 X96.532 Y87.035 E2405.92083
G1 X96.748 Y87.25 E2405.93271
G0 F15000 X96.532 Y87.035
G1 F2823.5 X96.542 Y82.996 E2406.07545
G1 F1500 E2399.57545
G0 F15000 X96.8 Y82.518
G0 X123.248 Y82.49
G0 X123.248 Y82.749
G1 F1500 E2406.07545
G1 F2400 X96.748 Y82.75 E2407.17719
G1 F2631.6 X96.542 Y82.996 E2407.18936
G1 X96.57 Y82.578 E2407.20524
G1 F2400 X96.559 Y82.25 E2407.21889
G1 X123.441 Y82.25 E2408.33651
G1 X123.427 Y82.578 E2408.35016
G1 F2631.6 X123.454 Y83.004 E2408.36634
G1 X123.248 Y82.749 E2408.37877
G0 F15000 X123.454 Y83.004
G1 F2836.9 X123.463 Y87.035 E2408.52055
G0 F15000 X123.248 Y87.25
G1 F2569.6 X123.463 Y87.035 E2408.53236
G1 X123.433 Y87.434 E2408.5479
G1 F2400 X123.436 Y87.75 E2408.56104
G1 X119.75 Y87.75 E2408.71428
G1 X119.75 Y87.25 E2408.73507
G1 X123.248 Y87.25 E2408.8805
G1 F1500 E2402.3805
;MESH:NONMESH
G0 F300 X123.248 Y87.25 Z14.2
G0 F15000 X123.248 Y87.51
G0 X119.924 Y87.576
G0 X119.924 Y88.665
G0 X106.88 Y125.825
G0 X107.155 Y126.838
;TIME_ELAPSED:2576.860845
;LAYER:70
;TYPE:SUPPORT
G1 F1500 E2408.8805
G1 F3000 X108.383 Y126.492 E2408.92293
G1 X109.612 Y126.838 E2408.9654
G1 X110.577 Y127.855 E2409.01203
G1 X110.984 Y129.212 E2409.05915
G1 X110.656 Y130.461 E2409.1021
G1 X109.783 Y131.344 E2409.1434
G1 X108.564 Y131.671 E2409.18538
G1 X107.375 Y131.307 E2409.22673
G1 X106.281 Y130.209 E2409.27829
G1 X105.917 Y128.956 E2409.32168
G1 X106.259 Y127.779 E2409.36245
G1 X107.155 Y126.838 E2409.40567
G1 F1500 E2402.90567
;MESH:9VBatteryHolder_v3.stl
G0 F15000 X106.527 Y126.243
G0 X105.493 Y127.335
G0 X105.019 Y128.956
G0 X105.387 Y130.216
G0 X107.155 Y134.335
G0 X107.155 Y135.43
G0 X97 Y136
;TYPE:WALL-INNER
G1 F1500 E2409.40567
G1 F3000 X123 Y136 E2410.27043
G1 F2941.2 X123.174 Y135.993 E2410.27634
G0 F15000 X123.697 Y135.697
G1 F3045.7 X123.174 Y135.993 E2410.29603
G1 X124.014 Y136.014 E2410.32355
G1 F3053.4 X123.993 Y135.174 E2410.35101
G1 X123.697 Y135.697 E2410.37065
G0 F15000 X123.993 Y135.174
G1 F2948.4 X124 Y135 E2410.37654
G1 F3000 X124 Y91 E2411.83999
G1 F1500 E2405.33999
G0 F15000 X123.838 Y135.838
G0 X96.162 Y135.838
G0 X96 Y91
G1 F1500 E2411.83999
G1 F3000 X96 Y135 E2413.30344
G1 F2941.2 X96.007 Y135.174 E2413.30934
G0 F15000 X96.303 Y135.697
G1 F3045.7 X96.007 Y135.174 E2413.32903
G1 X95.986 Y136.014 E2413.35656
G1 F3108.8 X97 Y136 E2413.38911
G1 X96.303 Y135.697 E2413.4135
G0 F15000 X96.09 Y135.697
G0 X123.838 Y135.838
G0 X123.91 Y135.424
G0 X123.424 Y135.424
G1 F3000 X123.089 Y135.6 E2413.42609
G1 X97 Y135.6 E2414.29381
G1 X96.575 Y135.425 E2414.3091
G1 X96.4 Y135.089 E2414.3217
G1 X96.4 Y90.6 E2415.80141
G1 X95.6 Y90.6 E2415.82802
G1 X95.601 Y136.399 E2417.3513
G1 X124.4 Y136.4 E2418.30916
G1 X124.4 Y90.6 E2419.83247
G1 X123.6 Y90.6 E2419.85908
G1 X123.6 Y135.089 E2421.33879
G1 X123.424 Y135.424 E2421.35138
G0 F15000 X123.198 Y135.035
;TYPE:WALL-OUTER
G1 F3000 X123.142 Y135.142 E2421.35539
G1 X123.035 Y135.198 E2421.35941
G1 X97 Y135.2 E2422.22534
G1 X96.858 Y135.142 E2422.23044
G1 X96.802 Y135.035 E2422.23445
G1 X96.8 Y90.2 E2423.72567
G1 X95.2 Y90.2 E2423.77889
G1 X95.201 Y136.799 E2425.32878
G1 X124.8 Y136.8 E2426.31325
G1 X124.8 Y90.2 E2427.86317
G1 X123.2 Y90.2 E2427.91638
G1 X123.198 Y135.035 E2429.4076
G1 F1500 E2422.9076
G0 F15000 X123.51 Y135.035
G0 X123.424 Y90.424
G0 X122.335 Y90.424
G0 X101.165 Y87.576
G0 X100.25 Y87.75
G1 F1500 E2429.4076
G1 F2400 X96.679 Y87.75 E2429.55607
G1 X96.677 Y87.25 E2429.57685
G1 X100.25 Y87.25 E2429.7254
G1 X100.25 Y87.75 E2429.74619
G1 F1500 E2423.24619
G0 F15000 X100.02 Y87.52
G0 X100.076 Y86.335
G0 X100.076 Y83.665
G0 X123.311 Y82.75
G1 F1500 E2429.74619
G1 F2400 X96.685 Y82.75 E2430.85317
G1 X96.667 Y82.25 E2430.87397
G1 X123.329 Y82.25 E2431.98245
G1 F2404.8 X123.311 Y82.75 E2432.00321
G1 F1500 E2425.50321
G0 F15000 X123.088 Y82.518
G0 X122.597 Y83.653
G0 X122.597 Y86.347
G0 X123.317 Y87.75
G1 F1500 E2432.00321
G1 F2400 X119.75 Y87.75 E2432.15151
G1 X119.75 Y87.25 E2432.17229
G1 X123.319 Y87.25 E2432.32068
G1 F2395.2 X123.317 Y87.75 E2432.34151
G1 F1500 E2425.84151
;MESH:NONMESH
G0 F300 X123.317 Y87.75 Z14.4
G0 F15000 X123.094 Y87.52
G0 X119.924 Y87.576
G0 X119.924 Y88.665
G0 X106.927 Y126.004
G0 X107.167 Y126.858
;TIME_ELAPSED:2602.538569
;LAYER:71
;TYPE:SUPPORT
G1 F1500 E2432.34151
G1 F3000 X108.383 Y126.516 E2432.38352
G1 X109.6 Y126.858 E2432.42556
G1 X110.481 Y127.787 E2432.46815
G1 X110.668 Y128.077 E2432.47962
G1 X111.052 Y129.36 E2432.52417
G1 X110.728 Y130.593 E2432.56657
G1 X109.863 Y131.469 E2432.60752
G1 X108.656 Y131.795 E2432.6491
G1 X107.479 Y131.435 E2432.69004
G1 X106.462 Y130.414 E2432.73797
G1 X106.382 Y130.227 E2432.74473
G1 X106.282 Y130.118 E2432.74965
G1 X105.941 Y128.951 E2432.79009
G1 X106.279 Y127.791 E2432.83028
G1 X107.167 Y126.858 E2432.87312
G1 F1500 E2426.37312
;MESH:9VBatteryHolder_v3.stl
G0 F15000 X106.54 Y126.264
G0 X105.514 Y127.347
G0 X105.043 Y128.956
G0 X105.428 Y130.266
G0 X107.167 Y134.335
G0 X107.167 Y135.43
G0 X97 Y136
;TYPE:WALL-INNER
G1 F1500 E2432.87312
G1 F3000 X123 Y136 E2433.73788
G1 F2941.2 X123.174 Y135.993 E2433.74379
G0 F15000 X123.697 Y135.697
G1 F3045.7 X123.174 Y135.993 E2433.76348
G1 X124.014 Y136.014 E2433.791
G1 F3053.4 X123.993 Y135.174 E2433.81846
G1 X123.697 Y135.697 E2433.8381
G0 F15000 X123.993 Y135.174
G1 F2948.4 X124 Y135 E2433.84399
G1 F3000 X124 Y91 E2435.30744
G1 F1500 E2428.80744
G0 F15000 X123.838 Y135.838
G0 X96.162 Y135.838
G0 X96 Y91
G1 F1500 E2435.30744
G1 F3000 X96 Y135 E2436.77089
G1 F2941.2 X96.007 Y135.174 E2436.77679
G0 F15000 X96.303 Y135.697
G1 F3045.7 X96.007 Y135.174 E2436.79648
G1 X95.986 Y136.014 E2436.82401
G1 F3108.8 X97 Y136 E2436.85656
G1 X96.303 Y135.697 E2436.88095
G0 F15000 X96.09 Y135.697
G0 X123.838 Y135.838
G0 X123.91 Y135.424
G0 X123.424 Y135.424
G1 F3000 X123.089 Y135.6 E2436.89354
G1 X97 Y135.6 E2437.76126
G1 X96.575 Y135.425 E2437.77655
G1 X96.4 Y135.089 E2437.78915
G1 X96.4 Y90.6 E2439.26886
G1 X95.6 Y90.6 E2439.29547
G1 X95.601 Y136.399 E2440.81875
G1 X124.4 Y136.4 E2441.77661
G1 X124.4 Y90.6 E2443.29992
G1 X123.6 Y90.6 E2443.32653
G1 X123.6 Y135.089 E2444.80624
G1 X123.424 Y135.424 E2444.81882
G0 F15000 X123.198 Y135.035
;TYPE:WALL-OUTER
G1 F3000 X123.142 Y135.142 E2444.82284
G1 X123.035 Y135.198 E2444.82686
G1 X97 Y135.2 E2445.69279
G1 X96.858 Y135.142 E2445.69789
G1 X96.802 Y135.035 E2445.7019
G1 X96.8 Y90.2 E2447.19312
G1 X95.2 Y90.2 E2447.24634
G1 X95.201 Y136.799 E2448.79623
G1 X124.8 Y136.8 E2449.78069
G1 X124.8 Y90.2 E2451.33062
G1 X123.2 Y90.2 E2451.38383
G1 X123.198 Y135.035 E2452.87505
G1 F1500 E2446.37505
G0 F15000 X123.51 Y135.035
G0 X123.424 Y90.424
G0 X122.335 Y90.424
G0 X101.165 Y87.576
G0 X100.25 Y87.75
G1 F1500 E2452.87505
G1 F2400 X96.804 Y87.75 E2453.01832
G1 X96.792 Y87.25 E2453.03911
G1 X100.25 Y87.25 E2453.18288
G1 X100.25 Y87.75 E2453.20367
G1 F1500 E2446.70367
G0 F15000 X100.02 Y87.52
G0 X100.076 Y86.335
G0 X100.076 Y83.665
G0 X123.2 Y82.75
G1 F1500 E2453.20367
G1 F2400 X96.797 Y82.75 E2454.30138
G1 X96.778 Y82.25 E2454.32218
G1 X123.223 Y82.249 E2455.42163
G1 F2404.8 X123.2 Y82.75 E2455.44244
G1 F1500 E2448.94244
G0 F15000 X122.979 Y82.518
G0 X122.597 Y83.653
G0 X122.597 Y86.347
G0 X123.194 Y87.75
G1 F1500 E2455.44244
G1 F2400 X119.75 Y87.75 E2455.58563
G1 X119.75 Y87.25 E2455.60642
G1 X123.205 Y87.249 E2455.75006
G1 F2404.8 X123.194 Y87.75 E2455.77085
G1 F1500 E2449.27085
;MESH:NONMESH
G0 F300 X123.194 Y87.75 Z14.6
G0 F15000 X122.971 Y87.519
G0 X119.924 Y87.576
G0 X119.924 Y88.665
G0 X106.94 Y126.024
G0 X107.18 Y126.878
;TIME_ELAPSED:2628.165608
;LAYER:72
;TYPE:SUPPORT
G1 F1500 E2455.77085
G1 F3000 X108.384 Y126.54 E2455.81244
G1 X109.588 Y126.878 E2455.85404
G1 X110.46 Y127.798 E2455.8962
G1 X110.52 Y127.991 E2455.90292
G1 X110.734 Y128.215 E2455.91322
G1 X111.12 Y129.508 E2455.9581
G1 X110.8 Y130.733 E2456.00022
G1 X109.947 Y131.6 E2456.04067
G1 X108.752 Y131.92 E2456.08181
G1 X107.583 Y131.563 E2456.12247
G1 X106.549 Y130.518 E2456.17136
G1 X106.478 Y130.295 E2456.17915
G1 X106.302 Y130.106 E2456.18774
G1 X105.965 Y128.956 E2456.2276
G1 X106.303 Y127.803 E2456.26756
G1 X107.18 Y126.878 E2456.30995
G1 F1500 E2449.80995
;MESH:9VBatteryHolder_v3.stl
G0 F15000 X106.554 Y126.283
G0 X105.534 Y127.358
G0 X105.068 Y128.956
G0 X105.45 Y130.257
G0 X107.18 Y134.335
G0 X107.18 Y135.43
G0 X97 Y136
;TYPE:WALL-INNER
G1 F1500 E2456.30995
G1 F3000 X123 Y136 E2457.17472
G1 F2941.2 X123.174 Y135.993 E2457.18062
G0 F15000 X123.697 Y135.697
G1 F3045.7 X123.174 Y135.993 E2457.20031
G1 X124.014 Y136.014 E2457.22784
G1 F3053.4 X123.993 Y135.174 E2457.2553
G1 X123.697 Y135.697 E2457.27494
G0 F15000 X123.993 Y135.174
G1 F2948.4 X124 Y135 E2457.28083
G1 F3000 X124 Y91 E2458.74428
G1 F1500 E2452.24428
G0 F15000 X123.838 Y135.838
G0 X96.162 Y135.838
G0 X96 Y91
G1 F1500 E2458.74428
G1 F3000 X96 Y135 E2460.20772
G1 F2941.2 X96.007 Y135.174 E2460.21363
G0 F15000 X96.303 Y135.697
G1 F3045.7 X96.007 Y135.174 E2460.23332
G1 X95.986 Y136.014 E2460.26085
G1 F3108.8 X97 Y136 E2460.29339
G1 X96.303 Y135.697 E2460.31779
G0 F15000 X96.09 Y135.697
G0 X123.838 Y135.838
G0 X123.91 Y135.424
G0 X123.424 Y135.424
G1 F3000 X123.089 Y135.6 E2460.33037
G1 X97 Y135.6 E2461.1981
G1 X96.575 Y135.425 E2461.21338
G1 X96.4 Y135.089 E2461.22599
G1 X96.4 Y90.6 E2462.7057
G1 X95.6 Y90.6 E2462.7323
G1 X95.601 Y136.399 E2464.25558
G1 X124.4 Y136.4 E2465.21344
G1 X124.4 Y90.6 E2466.73676
G1 X123.6 Y90.6 E2466.76337
G1 X123.6 Y135.089 E2468.24308
G1 X123.424 Y135.424 E2468.25566
G0 F15000 X123.198 Y135.035
;TYPE:WALL-OUTER
G1 F3000 X123.142 Y135.142 E2468.25968
G1 X123.035 Y135.198 E2468.2637
G1 X97 Y135.2 E2469.12962
G1 X96.858 Y135.142 E2469.13472
G1 X96.802 Y135.035 E2469.13874
G1 X96.8 Y90.2 E2470.62996
G1 X95.2 Y90.2 E2470.68318
G1 X95.201 Y136.799 E2472.23306
G1 X124.8 Y136.8 E2473.21753
G1 X124.8 Y90.2 E2474.76745
G1 X123.2 Y90.2 E2474.82067
G1 X123.198 Y135.035 E2476.31189
G1 F1500 E2469.81189
G0 F15000 X123.51 Y135.035
G0 X123.424 Y90.424
G0 X122.335 Y90.424
G0 X101.165 Y87.576
G0 X100.25 Y87.75
G1 F1500 E2476.31189
G1 F2400 X96.931 Y87.75 E2476.44988
G1 X96.917 Y87.25 E2476.47067
G1 X100.25 Y87.25 E2476.60924
G1 X100.25 Y87.75 E2476.63003
G1 F1500 E2470.13003
G0 F15000 X100.02 Y87.52
G0 X100.076 Y86.335
G0 X100.076 Y83.665
G0 X123.09 Y82.75
G1 F1500 E2476.63003
G1 F2400 X96.909 Y82.75 E2477.71851
G1 X96.925 Y82.25 E2477.73931
G1 X123.073 Y82.25 E2478.82641
G1 X123.09 Y82.75 E2478.84721
G1 F1500 E2472.34721
G0 F15000 X122.856 Y82.521
G0 X122.597 Y83.653
G0 X122.597 Y86.347
G0 X123.07 Y87.75
G1 F1500 E2478.84721
G1 F2400 X119.75 Y87.75 E2478.98524
G1 X119.75 Y87.25 E2479.00603
G1 X123.086 Y87.25 E2479.14473
G1 F2404.8 X123.07 Y87.75 E2479.16548
G1 F1500 E2472.66548
;MESH:NONMESH
G0 F300 X123.07 Y87.75 Z14.8
G0 F15000 X122.845 Y87.519
G0 X119.924 Y87.576
G0 X119.924 Y88.665
G0 X106.953 Y126.045
G0 X107.192 Y126.898
;TIME_ELAPSED:2653.782221
;LAYER:73
;TYPE:SUPPORT
G1 F1500 E2479.16548
G1 F3000 X108.383 Y126.564 E2479.20662
G1 X109.576 Y126.898 E2479.24783
G1 X110.442 Y127.816 E2479.2898
G1 X110.516 Y128.044 E2479.29778
G1 X110.805 Y128.37 E2479.31227
G1 X111.192 Y129.66 E2479.35706
G1 X110.876 Y130.873 E2479.39875
G1 X110.027 Y131.728 E2479.43883
G1 X108.848 Y132.047 E2479.47945
G1 X107.692 Y131.691 E2479.51968
G1 X106.665 Y130.658 E2479.56813
G1 X106.571 Y130.347 E2479.57894
G1 X106.326 Y130.095 E2479.59063
G1 X105.989 Y128.951 E2479.63029
G1 X106.323 Y127.815 E2479.66968
G1 X107.192 Y126.898 E2479.71169
G1 F1500 E2473.21169
;MESH:9VBatteryHolder_v3.stl
G0 F15000 X106.565 Y126.304
G0 X105.556 Y127.37
G0 X105.092 Y128.956
G0 X105.471 Y130.248
G0 X107.192 Y134.335
G0 X107.192 Y135.43
G0 X97 Y136
;TYPE:WALL-INNER
G1 F1500 E2479.71169
G1 F3000 X123 Y136 E2480.57646
G1 F2941.2 X123.174 Y135.993 E2480.58237
G0 F15000 X123.697 Y135.697
G1 F3045.7 X123.174 Y135.993 E2480.60205
G1 X124.014 Y136.014 E2480.62958
G1 F3053.4 X123.993 Y135.174 E2480.65704
G1 X123.697 Y135.697 E2480.67668
G0 F15000 X123.993 Y135.174
G1 F2948.4 X124 Y135 E2480.68257
G1 F3000 X124 Y91 E2482.14602
G1 F1500 E2475.64602
G0 F15000 X123.838 Y135.838
G0 X96.162 Y135.838
G0 X96 Y91
G1 F1500 E2482.14602
G1 F3000 X96 Y135 E2483.60946
G1 F2941.2 X96.007 Y135.174 E2483.61537
G0 F15000 X96.303 Y135.697
G1 F3045.7 X96.007 Y135.174 E2483.63506
G1 X95.986 Y136.014 E2483.66259
G1 F3108.8 X97 Y136 E2483.69514
G1 X96.303 Y135.697 E2483.71953
G0 F15000 X96.09 Y135.697
G0 X123.838 Y135.838
G0 X123.91 Y135.424
G0 X123.424 Y135.424
G1 F3000 X123.089 Y135.6 E2483.73211
G1 X97 Y135.6 E2484.59984
G1 X96.575 Y135.425 E2484.61513
G1 X96.4 Y135.089 E2484.62773
G1 X96.4 Y90.6 E2486.10744
G1 X95.6 Y90.6 E2486.13404
G1 X95.601 Y136.399 E2487.65733
G1 X124.4 Y136.4 E2488.61518
G1 X124.4 Y90.6 E2490.1385
G1 X123.6 Y90.6 E2490.16511
G1 X123.6 Y135.089 E2491.64482
G1 X123.424 Y135.424 E2491.6574
G0 F15000 X123.198 Y135.035
;TYPE:WALL-OUTER
G1 F3000 X123.142 Y135.142 E2491.66142
G1 X123.035 Y135.198 E2491.66544
G1 X97 Y135.2 E2492.53136
G1 X96.858 Y135.142 E2492.53647
G1 X96.802 Y135.035 E2492.54048
G1 X96.8 Y90.2 E2494.0317
G1 X95.2 Y90.2 E2494.08492
G1 X95.201 Y136.799 E2495.63481
G1 X124.8 Y136.8 E2496.61927
G1 X124.8 Y90.2 E2498.16919
G1 X123.2 Y90.2 E2498.22241
G1 X123.198 Y135.035 E2499.71363
G1 F1500 E2493.21363
G0 F15000 X123.51 Y135.035
G0 X123.424 Y90.424
G0 X122.335 Y90.424
G0 X101.165 Y87.576
G0 X100.25 Y87.75
G1 F1500 E2499.71363
G1 F2400 X97.057 Y87.75 E2499.84638
G1 X97.039 Y87.25 E2499.86718
G1 X100.25 Y87.25 E2500.00068
G1 X100.25 Y87.75 E2500.02146
G1 F1500 E2493.52146
G0 F15000 X100.02 Y87.52
G0 X101.165 Y87.518
G0 X118.835 Y87.518
G0 X122.942 Y87.75
G1 F1500 E2500.02146
G1 F2400 X119.75 Y87.75 E2500.15417
G1 X119.75 Y87.25 E2500.17496
G1 X122.958 Y87.25 E2500.30833
G1 F2404.8 X122.942 Y87.75 E2500.32909
G1 F1500 E2493.82909
G0 F15000 X122.719 Y87.518
G0 X122.713 Y86.335
G0 X122.713 Y83.665
G0 X122.949 Y82.75
G1 F1500 E2500.32909
G1 F2400 X97.044 Y82.75 E2501.4061
G1 X97.064 Y82.25 E2501.4269
G1 X122.931 Y82.25 E2502.50232
G1 X122.949 Y82.75 E2502.52313
G1 F1500 E2496.02313
;MESH:NONMESH
G0 F300 X122.949 Y82.75 Z15
G0 F15000 X122.713 Y82.521
G0 X107.204 Y82.57
G0 X107.204 Y83.665
G0 X106.964 Y126.067
G0 X107.204 Y126.922
;TIME_ELAPSED:2679.395299
;LAYER:74
;TYPE:SUPPORT
G1 F1500 E2502.52313
G1 F3000 X108.383 Y126.588 E2502.56388
G1 X109.564 Y126.922 E2502.6047
G1 X110.422 Y127.828 E2502.6462
G1 X110.521 Y128.149 E2502.65738
G1 X110.877 Y128.531 E2502.67474
G1 X111.264 Y129.812 E2502.71925
G1 X110.948 Y131.013 E2502.76056
G1 X110.111 Y131.86 E2502.80016
G1 X108.94 Y132.172 E2502.84047
G1 X107.795 Y131.823 E2502.88028
G1 X106.781 Y130.798 E2502.92824
G1 X106.667 Y130.422 E2502.94131
G1 X106.343 Y130.084 E2502.95688
G1 X106.013 Y128.956 E2502.99597
G1 X106.343 Y127.827 E2503.03509
G1 X107.204 Y126.922 E2503.07664
G1 F1500 E2496.57664
;MESH:9VBatteryHolder_v3.stl
G0 F15000 X106.575 Y126.327
G0 X105.577 Y127.382
G0 X105.116 Y128.956
G0 X105.49 Y130.234
G0 X107.204 Y134.335
G0 X107.204 Y135.43
G0 X97 Y136
;TYPE:WALL-INNER
G1 F1500 E2503.07664
G1 F3000 X123 Y136 E2503.9414
G1 F2941.2 X123.174 Y135.993 E2503.94731
G0 F15000 X123.697 Y135.697
G1 F3045.7 X123.174 Y135.993 E2503.967
G1 X124.014 Y136.014 E2503.99452
G1 F3053.4 X123.993 Y135.174 E2504.02198
G1 X123.697 Y135.697 E2504.04162
G0 F15000 X123.993 Y135.174
G1 F2948.4 X124 Y135 E2504.04751
G1 F3000 X124 Y91 E2505.51096
G1 F1500 E2499.01096
G0 F15000 X123.838 Y135.838
G0 X96.162 Y135.838
G0 X96 Y91
G1 F1500 E2505.51096
G1 F3000 X96 Y135 E2506.97441
G1 F2941.2 X96.007 Y135.174 E2506.98031
G0 F15000 X96.303 Y135.697
G1 F3045.7 X96.007 Y135.174 E2507
G1 X95.986 Y136.014 E2507.02753
G1 F3108.8 X97 Y136 E2507.06008
G1 X96.303 Y135.697 E2507.08447
G0 F15000 X96.09 Y135.697
G0 X123.838 Y135.838
G0 X123.91 Y135.424
G0 X123.424 Y135.424
G1 F3000 X123.089 Y135.6 E2507.09706
G1 X97 Y135.6 E2507.96478
G1 X96.575 Y135.425 E2507.98007
G1 X96.4 Y135.089 E2507.99267
G1 X96.4 Y90.6 E2509.47238
G1 X95.6 Y90.6 E2509.49899
G1 X95.601 Y136.399 E2511.02227
G1 X124.4 Y136.4 E2511.98013
G1 X124.4 Y90.6 E2513.50344
G1 X123.6 Y90.6 E2513.53005
G1 X123.6 Y135.089 E2515.00976
G1 X123.424 Y135.424 E2515.02234
G0 F15000 X123.198 Y135.035
;TYPE:WALL-OUTER
G1 F3000 X123.142 Y135.142 E2515.02636
G1 X123.035 Y135.198 E2515.03038
G1 X97 Y135.2 E2515.89631
G1 X96.858 Y135.142 E2515.90141
G1 X96.802 Y135.035 E2515.90542
G1 X96.8 Y90.2 E2517.39664
G1 X95.2 Y90.2 E2517.44986
G1 X95.201 Y136.799 E2518.99975
G1 X124.8 Y136.8 E2519.98421
G1 X124.8 Y90.2 E2521.53414
G1 X123.2 Y90.2 E2521.58735
G1 X123.198 Y135.035 E2523.07857
G1 F1500 E2516.57857
G0 F15000 X123.51 Y135.035
G0 X123.424 Y90.424
G0 X122.335 Y90.424
G0 X101.165 Y87.576
G0 X100.25 Y87.75
G1 F1500 E2523.07857
G1 F2400 X97.181 Y87.75 E2523.20617
G1 X97.188 Y87.25 E2523.22696
G1 X100.25 Y87.25 E2523.35426
G1 X100.25 Y87.75 E2523.37505
G1 F1500 E2516.87505
G0 F15000 X100.02 Y87.52
G0 X101.165 Y87.521
G0 X118.835 Y87.521
G0 X122.813 Y87.749
G1 F1500 E2523.37505
G1 F2400 X119.75 Y87.75 E2523.50239
G1 X119.75 Y87.25 E2523.52318
G1 X122.808 Y87.25 E2523.65032
G1 X122.813 Y87.749 E2523.67106
G1 F1500 E2517.17106
G0 F15000 X122.588 Y87.521
G0 X122.576 Y86.335
G0 X122.576 Y83.665
G0 X122.806 Y82.749
G1 F1500 E2523.67106
G1 F2400 X97.182 Y82.75 E2524.73638
G1 X97.204 Y82.25 E2524.75719
G1 X122.792 Y82.25 E2525.82102
G1 X122.806 Y82.749 E2525.84177
G1 F1500 E2519.34177
;MESH:NONMESH
G0 F300 X122.806 Y82.749 Z15.2
G0 F15000 X122.576 Y82.521
G0 X107.216 Y82.57
G0 X107.216 Y83.665
G0 X106.976 Y126.087
G0 X107.216 Y126.942
;TIME_ELAPSED:2704.988725
;LAYER:75
;TYPE:SUPPORT
G1 F1500 E2525.84177
G1 F3000 X108.384 Y126.612 E2525.88214
G1 X109.552 Y126.942 E2525.92251
G1 X110.404 Y127.839 E2525.96366
G1 X110.54 Y128.234 E2525.97755
G1 X110.878 Y128.589 E2525.99385
G1 X111.086 Y128.924 E2526.00697
G1 X111.468 Y130.128 E2526.04898
G1 X111.174 Y131.352 E2526.09085
G1 X110.339 Y132.216 E2526.13081
G1 X109.164 Y132.519 E2526.17117
G1 X107.998 Y132.129 E2526.21207
G1 X106.969 Y131.066 E2526.26127
G1 X106.793 Y130.726 E2526.27401
G1 X106.348 Y130.258 E2526.29549
G1 X106.012 Y129.042 E2526.33745
G1 X106.363 Y127.839 E2526.37913
G1 X107.216 Y126.942 E2526.4203
G1 F1500 E2519.9203
;MESH:9VBatteryHolder_v3.stl
G0 F15000 X106.588 Y126.347
G0 X105.596 Y127.394
G0 X105.116 Y129.037
G0 X105.531 Y130.534
G0 X107.216 Y134.335
G0 X107.216 Y135.43
G0 X97 Y136
;TYPE:WALL-INNER
G1 F1500 E2526.4203
G1 F3000 X123 Y136 E2527.28506
G1 F2941.2 X123.174 Y135.993 E2527.29097
G0 F15000 X123.697 Y135.697
G1 F3045.7 X123.174 Y135.993 E2527.31066
G1 X124.014 Y136.014 E2527.33818
G1 F3053.4 X123.993 Y135.174 E2527.36564
G1 X123.697 Y135.697 E2527.38528
G0 F15000 X123.993 Y135.174
G1 F2948.4 X124 Y135 E2527.39117
G1 F3000 X124 Y91 E2528.85462
G1 F1500 E2522.35462
G0 F15000 X123.838 Y135.838
G0 X96.162 Y135.838
G0 X96 Y91
G1 F1500 E2528.85462
G1 F3000 X96 Y135 E2530.31807
G1 F2941.2 X96.007 Y135.174 E2530.32397
G0 F15000 X96.303 Y135.697
G1 F3045.7 X96.007 Y135.174 E2530.34366
G1 X95.986 Y136.014 E2530.37119
G1 F3108.8 X97 Y136 E2530.40374
G1 X96.303 Y135.697 E2530.42813
G0 F15000 X96.09 Y135.697
G0 X123.838 Y135.838
G0 X123.91 Y135.424
G0 X123.424 Y135.424
G1 F3000 X123.089 Y135.6 E2530.44072
G1 X97 Y135.6 E2531.30844
G1 X96.575 Y135.425 E2531.32373
G1 X96.4 Y135.089 E2531.33633
G1 X96.4 Y90.6 E2532.81604
G1 X95.6 Y90.6 E2532.84265
G1 X95.601 Y136.399 E2534.36593
G1 X124.4 Y136.4 E2535.32379
G1 X124.4 Y90.6 E2536.8471
G1 X123.6 Y90.6 E2536.87371
G1 X123.6 Y135.089 E2538.35342
G1 X123.424 Y135.424 E2538.366
G0 F15000 X123.198 Y135.035
;TYPE:WALL-OUTER
G1 F3000 X123.142 Y135.142 E2538.37002
G1 X123.035 Y135.198 E2538.37404
G1 X97 Y135.2 E2539.23997
G1 X96.858 Y135.142 E2539.24507
G1 X96.802 Y135.035 E2539.24908
G1 X96.8 Y90.2 E2540.7403
G1 X95.2 Y90.2 E2540.79352
G1 X95.201 Y136.799 E2542.34341
G1 X124.8 Y136.8 E2543.32787
G1 X124.8 Y90.2 E2544.8778
G1 X123.2 Y90.2 E2544.93101
G1 X123.198 Y135.035 E2546.42223
G1 F1500 E2539.92223
G0 F15000 X123.51 Y135.035
G0 X123.424 Y90.424
G0 X122.335 Y90.424
G0 X101.165 Y87.576
G0 X100.25 Y87.75
G1 F1500 E2546.42223
G1 F2400 X97.333 Y87.75 E2546.54351
G1 X97.347 Y87.25 E2546.5643
G1 X100.25 Y87.25 E2546.68499
G1 X100.25 Y87.75 E2546.70578
G1 F1500 E2540.20578
G0 F15000 X100.02 Y87.52
G0 X101.165 Y87.521
G0 X118.835 Y87.521
G0 X122.663 Y87.75
G1 F1500 E2546.70578
G1 F2400 X119.75 Y87.75 E2546.82689
G1 X119.75 Y87.25 E2546.84768
G1 X122.649 Y87.25 E2546.9682
G1 X122.663 Y87.75 E2546.989
G1 F1500 E2540.489
G0 F15000 X122.431 Y87.521
G0 X122.423 Y86.335
G0 X122.423 Y83.665
G0 X122.646 Y82.75
G1 F1500 E2546.989
G1 F2400 X97.353 Y82.75 E2548.04056
G1 X97.334 Y82.25 E2548.06136
G1 X122.664 Y82.249 E2549.11446
G1 F2404.8 X122.646 Y82.75 E2549.13526
G1 F1500 E2542.63526
;MESH:NONMESH
G0 F300 X122.646 Y82.75 Z15.4
G0 F15000 X122.423 Y82.519
G0 X107.289 Y82.57
G0 X107.289 Y83.665
G0 X107.016 Y126.1
G0 X107.289 Y127.074
;TIME_ELAPSED:2730.552990
;LAYER:76
;TYPE:SUPPORT
G1 F1500 E2549.13526
G1 F3000 X108.379 Y126.764 E2549.17295
G1 X109.482 Y127.078 E2549.2111
G1 X110.29 Y127.956 E2549.25078
G1 X110.446 Y128.328 E2549.2642
G1 X110.765 Y128.664 E2549.27961
G1 X110.961 Y128.971 E2549.29173
G1 X110.989 Y129.051 E2549.29454
G1 X111.155 Y129.274 E2549.30379
G1 X111.504 Y130.402 E2549.34306
G1 X111.215 Y131.542 E2549.38218
G1 X110.435 Y132.34 E2549.41929
G1 X109.322 Y132.635 E2549.45759
G1 X108.241 Y132.284 E2549.49539
G1 X107.372 Y131.4 E2549.53662
G1 X107.278 Y131.361 E2549.54001
G1 X106.436 Y130.475 E2549.58066
G1 X106.131 Y129.343 E2549.61965
G1 X106.158 Y129.082 E2549.62838
G1 X106.484 Y127.945 E2549.66772
G1 X107.289 Y127.074 E2549.70717
G1 F1500 E2543.20717
;MESH:9VBatteryHolder_v3.stl
G0 F15000 X106.655 Y126.49
G0 X105.711 Y127.515
G0 X105.308 Y128.917
G0 X105.256 Y129.412
G0 X105.622 Y130.761
G0 X107.289 Y134.335
G0 X107.289 Y135.43
G0 X97 Y136
;TYPE:WALL-INNER
G1 F1500 E2549.70717
G1 F3000 X123 Y136 E2550.57193
G1 F2941.2 X123.174 Y135.993 E2550.57784
G0 F15000 X123.697 Y135.697
G1 F3045.7 X123.174 Y135.993 E2550.59753
G1 X124.014 Y136.014 E2550.62505
G1 F3053.4 X123.993 Y135.174 E2550.65251
G1 X123.697 Y135.697 E2550.67215
G0 F15000 X123.993 Y135.174
G1 F2948.4 X124 Y135 E2550.67804
G1 F3000 X124 Y91 E2552.14149
G1 F1500 E2545.64149
G0 F15000 X123.838 Y135.838
G0 X96.162 Y135.838
G0 X96 Y91
G1 F1500 E2552.14149
G1 F3000 X96 Y135 E2553.60494
G1 F2941.2 X96.007 Y135.174 E2553.61084
G0 F15000 X96.303 Y135.697
G1 F3045.7 X96.007 Y135.174 E2553.63053
G1 X95.986 Y136.014 E2553.65806
G1 F3108.8 X97 Y136 E2553.69061
G1 X96.303 Y135.697 E2553.715
G0 F15000 X96.09 Y135.697
G0 X123.838 Y135.838
G0 X123.91 Y135.424
G0 X123.424 Y135.424
G1 F3000 X123.089 Y135.6 E2553.72759
G1 X97 Y135.6 E2554.59531
G1 X96.575 Y135.425 E2554.6106
G1 X96.4 Y135.089 E2554.6232
G1 X96.4 Y90.6 E2556.10291
G1 X95.6 Y90.6 E2556.12952
G1 X95.601 Y136.399 E2557.6528
G1 X124.4 Y136.4 E2558.61066
G1 X124.4 Y90.6 E2560.13397
G1 X123.6 Y90.6 E2560.16058
G1 X123.6 Y135.089 E2561.64029
G1 X123.424 Y135.424 E2561.65288
G0 F15000 X123.198 Y135.035
;TYPE:WALL-OUTER
G1 F3000 X123.142 Y135.142 E2561.65689
G1 X123.035 Y135.198 E2561.66091
G1 X97 Y135.2 E2562.52684
G1 X96.858 Y135.142 E2562.53194
G1 X96.802 Y135.035 E2562.53596
G1 X96.8 Y90.2 E2564.02717
G1 X95.2 Y90.2 E2564.08039
G1 X95.201 Y136.799 E2565.63028
G1 X124.8 Y136.8 E2566.61475
G1 X124.8 Y90.2 E2568.16467
G1 X123.2 Y90.2 E2568.21788
G1 X123.198 Y135.035 E2569.7091
G1 F1500 E2563.2091
G0 F15000 X123.51 Y135.035
G0 X123.424 Y90.424
G0 X122.335 Y90.424
G0 X101.165 Y87.576
G0 X100.25 Y87.75
G1 F1500 E2569.7091
G1 F2400 X97.487 Y87.75 E2569.82397
G1 X97.503 Y87.25 E2569.84477
G1 X100.25 Y87.25 E2569.95898
G1 X100.25 Y87.75 E2569.97977
G1 F1500 E2563.47977
G0 F15000 X100.02 Y87.52
G0 X101.165 Y87.518
G0 X118.835 Y87.518
G0 X122.51 Y87.75
G1 F1500 E2569.97977
G1 F2400 X119.75 Y87.75 E2570.09451
G1 X119.75 Y87.25 E2570.1153
G1 X122.493 Y87.25 E2570.22934
G1 X122.51 Y87.75 E2570.25014
G1 F1500 E2563.75014
G0 F15000 X122.273 Y87.518
G0 X122.263 Y86.335
G0 X122.263 Y83.665
G0 X122.486 Y82.75
G1 F1500 E2570.25014
G1 F2400 X97.513 Y82.75 E2571.2884
G1 X97.495 Y82.25 E2571.3092
G1 X122.502 Y82.25 E2572.34887
G1 F2404.8 X122.486 Y82.75 E2572.36963
G1 F1500 E2565.86963
;MESH:NONMESH
G0 F300 X122.486 Y82.75 Z15.6
G0 F15000 X122.263 Y82.519
G0 X107.336 Y82.57
G0 X107.336 Y83.665
G0 X107.017 Y126.255
G0 X107.336 Y127.376
;TIME_ELAPSED:2756.049751
;LAYER:77
;TYPE:SUPPORT
G1 F1500 E2572.36963
G1 F3000 X108.37 Y127.061 E2572.40558
G1 X109.389 Y127.357 E2572.44087
G1 X110.141 Y128.198 E2572.47839
G1 X110.152 Y128.221 E2572.47924
G1 X110.633 Y128.731 E2572.50256
G1 X110.673 Y128.84 E2572.50642
G1 X110.9 Y129.156 E2572.51936
G1 X111.084 Y129.444 E2572.53073
G1 X111.235 Y129.607 E2572.53812
G1 X111.564 Y130.639 E2572.57415
G1 X111.299 Y131.698 E2572.61045
G1 X110.564 Y132.439 E2572.64517
G1 X109.507 Y132.707 E2572.68144
G1 X108.48 Y132.376 E2572.71732
G1 X107.789 Y131.677 E2572.75002
G1 X107.313 Y131.535 E2572.76654
G1 X106.525 Y130.699 E2572.80475
G1 X106.244 Y129.647 E2572.84096
G1 X106.276 Y129.303 E2572.85246
G1 X106.584 Y128.212 E2572.89016
G1 X107.336 Y127.376 E2572.92756
G1 F1500 E2566.42756
;MESH:9VBatteryHolder_v3.stl
G0 F15000 X106.692 Y126.8
G0 X105.808 Y127.788
G0 X105.418 Y129.169
G0 X105.35 Y129.646
G0 X105.711 Y130.987
G0 X107.336 Y134.335
G0 X107.336 Y135.43
G0 X97 Y136
;TYPE:WALL-INNER
G1 F1500 E2572.92756
G1 F3000 X123 Y136 E2573.79232
G1 F2941.2 X123.174 Y135.993 E2573.79823
G0 F15000 X123.697 Y135.697
G1 F3045.7 X123.174 Y135.993 E2573.81792
G1 X124.014 Y136.014 E2573.84545
G1 F3053.4 X123.993 Y135.174 E2573.87291
G1 X123.697 Y135.697 E2573.89254
G0 F15000 X123.993 Y135.174
G1 F2948.4 X124 Y135 E2573.89844
G1 F3000 X124 Y91 E2575.36188
G1 F1500 E2568.86188
G0 F15000 X123.838 Y135.838
G0 X96.162 Y135.838
G0 X96 Y91
G1 F1500 E2575.36188
G1 F3000 X96 Y135 E2576.82533
G1 F2941.2 X96.007 Y135.174 E2576.83124
G0 F15000 X96.303 Y135.697
G1 F3045.7 X96.007 Y135.174 E2576.85092
G1 X95.986 Y136.014 E2576.87845
G1 F3108.8 X97 Y136 E2576.911
G1 X96.303 Y135.697 E2576.93539
G0 F15000 X96.09 Y135.697
G0 X123.838 Y135.838
G0 X123.91 Y135.424
G0 X123.424 Y135.424
G1 F3000 X123.089 Y135.6 E2576.94798
G1 X97 Y135.6 E2577.8157
G1 X96.575 Y135.425 E2577.83099
G1 X96.4 Y135.089 E2577.84359
G1 X96.4 Y90.6 E2579.3233
G1 X95.6 Y90.6 E2579.34991
G1 X95.601 Y136.399 E2580.87319
G1 X124.4 Y136.4 E2581.83105
G1 X124.4 Y90.6 E2583.35436
G1 X123.6 Y90.6 E2583.38097
G1 X123.6 Y135.089 E2584.86068
G1 X123.424 Y135.424 E2584.87327
G0 F15000 X123.198 Y135.035
;TYPE:WALL-OUTER
G1 F3000 X123.142 Y135.142 E2584.87728
G1 X123.035 Y135.198 E2584.8813
G1 X97 Y135.2 E2585.74723
G1 X96.858 Y135.142 E2585.75233
G1 X96.802 Y135.035 E2585.75635
G1 X96.8 Y90.2 E2587.24757
G1 X95.2 Y90.2 E2587.30078
G1 X95.201 Y136.799 E2588.85067
G1 X124.8 Y136.8 E2589.83514
G1 X124.8 Y90.2 E2591.38506
G1 X123.2 Y90.2 E2591.43828
G1 X123.198 Y135.035 E2592.92949
G1 F1500 E2586.42949
G0 F15000 X123.51 Y135.035
G0 X123.424 Y90.424
G0 X122.335 Y90.424
G0 X101.165 Y87.576
G0 X100.25 Y87.75
G1 F1500 E2592.92949
G1 F2400 X97.683 Y87.75 E2593.03622
G1 X97.661 Y87.25 E2593.05703
G1 X100.25 Y87.25 E2593.16466
G1 X100.25 Y87.75 E2593.18545
G1 F1500 E2586.68545
G0 F15000 X100.02 Y87.52
G0 X101.165 Y87.518
G0 X118.835 Y87.518
G0 X122.313 Y87.75
G1 F1500 E2593.18545
G1 F2400 X119.75 Y87.75 E2593.29201
G1 X119.75 Y87.25 E2593.3128
G1 X122.335 Y87.25 E2593.42027
G1 X122.313 Y87.75 E2593.44108
G1 F1500 E2586.94108
G0 F15000 X122.092 Y87.518
G0 X122.102 Y86.335
G0 X122.102 Y83.665
G0 X122.323 Y82.75
G1 F1500 E2593.44108
G1 F2400 X97.673 Y82.75 E2594.4659
G1 X97.655 Y82.25 E2594.4867
G1 X122.342 Y82.249 E2595.51307
G1 F2404.8 X122.323 Y82.75 E2595.53387
G1 F1500 E2589.03387
;MESH:NONMESH
G0 F300 X122.323 Y82.75 Z15.8
G0 F15000 X122.102 Y82.518
G0 X107.377 Y82.57
G0 X107.377 Y83.665
G0 X106.511 Y127.002
G0 X107.377 Y127.776
;TIME_ELAPSED:2781.563088
;LAYER:78
;TYPE:SUPPORT
G1 F1500 E2595.53387
G1 F3000 X108.335 Y127.489 E2595.56714
G1 X109.291 Y127.775 E2595.60032
G1 X109.419 Y127.915 E2595.60663
G1 X109.558 Y127.97 E2595.61161
G1 X109.663 Y128.077 E2595.61659
G1 X109.836 Y128.139 E2595.6227
G1 X110.558 Y128.931 E2595.65835
G1 X110.603 Y129.044 E2595.66239
G1 X110.855 Y129.317 E2595.67475
G1 X110.949 Y129.494 E2595.68142
G1 X111.314 Y129.891 E2595.69935
G1 X111.624 Y130.863 E2595.73329
G1 X111.379 Y131.85 E2595.76711
G1 X110.693 Y132.543 E2595.79954
G1 X109.715 Y132.788 E2595.83308
G1 X108.748 Y132.476 E2595.86687
G1 X108.258 Y131.978 E2595.89011
G1 X107.346 Y131.703 E2595.92179
G1 X106.613 Y130.923 E2595.95739
G1 X106.348 Y129.929 E2595.99161
G1 X106.377 Y129.683 E2595.99985
G1 X106.685 Y128.558 E2596.03864
G1 X107.377 Y127.776 E2596.07337
G1 F1500 E2589.57337
;MESH:9VBatteryHolder_v3.stl
G0 F15000 X106.732 Y127.205
G0 X105.906 Y128.136
G0 X105.525 Y129.522
G0 X105.471 Y129.991
G0 X105.802 Y131.224
G0 X107.377 Y134.335
G0 X107.377 Y135.43
G0 X97 Y136
;TYPE:WALL-INNER
G1 F1500 E2596.07337
G1 F3000 X123 Y136 E2596.93814
G1 F2941.2 X123.174 Y135.993 E2596.94404
G0 F15000 X123.697 Y135.697
G1 F3045.7 X123.174 Y135.993 E2596.96373
G1 X124.014 Y136.014 E2596.99126
G1 F3053.4 X123.993 Y135.174 E2597.01872
G1 X123.697 Y135.697 E2597.03836
G0 F15000 X123.993 Y135.174
G1 F2948.4 X124 Y135 E2597.04425
G1 F3000 X124 Y91 E2598.50769
G1 F1500 E2592.00769
G0 F15000 X123.838 Y135.838
G0 X96.162 Y135.838
G0 X96 Y91
G1 F1500 E2598.50769
G1 F3000 X96 Y135 E2599.97114
G1 F2941.2 X96.007 Y135.174 E2599.97705
G0 F15000 X96.303 Y135.697
G1 F3045.7 X96.007 Y135.174 E2599.99674
G1 X95.986 Y136.014 E2600.02426
G1 F3108.8 X97 Y136 E2600.05681
G1 X96.303 Y135.697 E2600.08121
G0 F15000 X96.09 Y135.697
G0 X123.838 Y135.838
G0 X123.91 Y135.424
G0 X123.424 Y135.424
G1 F3000 X123.089 Y135.6 E2600.09379
G1 X97 Y135.6 E2600.96152
G1 X96.575 Y135.425 E2600.9768
G1 X96.4 Y135.089 E2600.9894
G1 X96.4 Y90.6 E2602.46911
G1 X95.6 Y90.6 E2602.49572
G1 X95.601 Y136.399 E2604.019
G1 X124.4 Y136.4 E2604.97686
G1 X124.4 Y90.6 E2606.50018
G1 X123.6 Y90.6 E2606.52678
G1 X123.6 Y135.089 E2608.00649
G1 X123.424 Y135.424 E2608.01908
G0 F15000 X123.198 Y135.035
;TYPE:WALL-OUTER
G1 F3000 X123.142 Y135.142 E2608.0231
G1 X123.035 Y135.198 E2608.02711
G1 X97 Y135.2 E2608.89304
G1 X96.858 Y135.142 E2608.89814
G1 X96.802 Y135.035 E2608.90216
G1 X96.8 Y90.2 E2610.39338
G1 X95.2 Y90.2 E2610.44659
G1 X95.201 Y136.799 E2611.99648
G1 X124.8 Y136.8 E2612.98095
G1 X124.8 Y90.2 E2614.53087
G1 X123.2 Y90.2 E2614.58409
G1 X123.198 Y135.035 E2616.07531
G1 F1500 E2609.57531
G0 F15000 X123.51 Y135.035
G0 X123.424 Y90.424
G0 X122.335 Y90.424
G0 X101.165 Y87.576
G0 X100.25 Y87.75
G1 F1500 E2616.07531
G1 F2400 X97.863 Y87.75 E2616.17455
G1 X97.841 Y87.25 E2616.19535
G1 X100.25 Y87.25 E2616.29551
G1 X100.25 Y87.75 E2616.3163
G1 F1500 E2609.8163
G0 F15000 X100.02 Y87.52
G0 X101.165 Y87.518
G0 X118.835 Y87.518
G0 X122.133 Y87.75
G1 F1500 E2616.3163
G1 F2400 X119.75 Y87.75 E2616.41537
G1 X119.75 Y87.25 E2616.43616
G1 X122.155 Y87.25 E2616.53615
G1 X122.133 Y87.75 E2616.55695
G1 F1500 E2610.05695
G0 F15000 X121.912 Y87.518
G0 X121.92 Y86.335
G0 X121.92 Y83.665
G0 X122.159 Y82.75
G1 F1500 E2616.55695
G1 F2400 X97.841 Y82.75 E2617.56798
G1 X97.863 Y82.25 E2617.58879
G1 X122.137 Y82.25 E2618.59798
G1 X122.159 Y82.75 E2618.61879
G1 F1500 E2612.11879
;MESH:NONMESH
G0 F300 X122.159 Y82.75 Z16
G0 F15000 X121.92 Y82.521
G0 X107.46 Y82.57
G0 X107.46 Y83.665
G0 X107.096 Y126.959
G0 X107.46 Y128.181
;TIME_ELAPSED:2806.966645
;LAYER:79
;TYPE:SUPPORT
G1 F1500 E2618.61879
G1 F3000 X108.338 Y127.929 E2618.64917
G1 X109.231 Y128.203 E2618.68024
G1 X109.33 Y128.287 E2618.68456
G1 X109.575 Y128.366 E2618.69312
G1 X109.669 Y128.468 E2618.69773
G1 X109.876 Y128.547 E2618.7051
G1 X110.142 Y128.837 E2618.71819
G1 X110.184 Y128.861 E2618.7198
G1 X110.895 Y129.629 E2618.75461
G1 X110.905 Y129.651 E2618.75541
G1 X111.399 Y130.18 E2618.77949
G1 X111.692 Y131.084 E2618.81109
G1 X111.467 Y131.994 E2618.84227
G1 X110.829 Y132.635 E2618.87235
G1 X109.916 Y132.863 E2618.90365
G1 X109.02 Y132.568 E2618.93503
G1 X108.782 Y132.338 E2618.94603
G1 X108.684 Y132.3 E2618.94953
G1 X108.447 Y132.102 E2618.9598
G1 X108.234 Y132.135 E2618.96697
G1 X107.386 Y131.876 E2618.99646
G1 X106.701 Y131.147 E2619.02973
G1 X106.455 Y130.22 E2619.06163
G1 X106.482 Y129.983 E2619.06956
G1 X106.765 Y128.97 E2619.10455
G1 X107.46 Y128.181 E2619.13952
G1 F1500 E2612.63952
;MESH:9VBatteryHolder_v3.stl
G0 F15000 X106.812 Y127.611
G0 X105.987 Y128.549
G0 X105.632 Y129.814
G0 X105.58 Y130.284
G0 X105.892 Y131.452
G0 X107.46 Y134.335
G0 X107.46 Y135.43
G0 X97 Y136
;TYPE:WALL-INNER
G1 F1500 E2619.13952
G1 F3000 X123 Y136 E2620.00428
G1 F2941.2 X123.174 Y135.993 E2620.01019
G0 F15000 X123.697 Y135.697
G1 F3045.7 X123.174 Y135.993 E2620.02988
G1 X124.014 Y136.014 E2620.05741
G1 F3053.4 X123.993 Y135.174 E2620.08486
G1 X123.697 Y135.697 E2620.1045
G0 F15000 X123.993 Y135.174
G1 F2948.4 X124 Y135 E2620.1104
G1 F3000 X124 Y91 E2621.57384
G1 F1500 E2615.07384
G0 F15000 X123.838 Y135.838
G0 X96.162 Y135.838
G0 X96 Y91
G1 F1500 E2621.57384
G1 F3000 X96 Y135 E2623.03729
G1 F2941.2 X96.007 Y135.174 E2623.0432
G0 F15000 X96.303 Y135.697
G1 F3045.7 X96.007 Y135.174 E2623.06288
G1 X95.986 Y136.014 E2623.09041
G1 F3108.8 X97 Y136 E2623.12296
G1 X96.303 Y135.697 E2623.14735
G0 F15000 X96.09 Y135.697
G0 X123.838 Y135.838
G0 X123.91 Y135.424
G0 X123.424 Y135.424
G1 F3000 X123.089 Y135.6 E2623.15994
G1 X97 Y135.6 E2624.02766
G1 X96.575 Y135.425 E2624.04295
G1 X96.4 Y135.089 E2624.05555
G1 X96.4 Y90.6 E2625.53526
G1 X95.6 Y90.6 E2625.56187
G1 X95.601 Y136.399 E2627.08515
G1 X124.4 Y136.4 E2628.04301
G1 X124.4 Y90.6 E2629.56632
G1 X123.6 Y90.6 E2629.59293
G1 X123.6 Y135.089 E2631.07264
G1 X123.424 Y135.424 E2631.08523
G0 F15000 X123.198 Y135.035
;TYPE:WALL-OUTER
G1 F3000 X123.142 Y135.142 E2631.08924
G1 X123.035 Y135.198 E2631.09326
G1 X97 Y135.2 E2631.95919
G1 X96.858 Y135.142 E2631.96429
G1 X96.802 Y135.035 E2631.96831
G1 X96.8 Y90.2 E2633.45952
G1 X95.2 Y90.2 E2633.51274
G1 X95.201 Y136.799 E2635.06263
G1 X124.8 Y136.8 E2636.0471
G1 X124.8 Y90.2 E2637.59702
G1 X123.2 Y90.2 E2637.65024
G1 X123.198 Y135.035 E2639.14145
G1 F1500 E2632.64145
G0 F15000 X123.51 Y135.035
G0 X123.424 Y90.424
G0 X122.335 Y90.424
G0 X101.165 Y87.576
G0 X100.25 Y87.75
G1 F1500 E2639.14145
G1 F2400 X98.028 Y87.75 E2639.23383
G1 X98.043 Y87.25 E2639.25463
G1 X100.25 Y87.25 E2639.34639
G1 X100.25 Y87.75 E2639.36717
G1 F1500 E2632.86717
G0 F15000 X100.02 Y87.52
G0 X101.165 Y87.519
G0 X118.835 Y87.519
G0 X121.97 Y87.75
G1 F1500 E2639.36717
G1 F2400 X119.75 Y87.75 E2639.45947
G1 X119.75 Y87.25 E2639.48026
G1 X121.953 Y87.25 E2639.57185
G1 X121.97 Y87.75 E2639.59265
G1 F1500 E2633.09265
G0 F15000 X121.732 Y87.519
G0 X121.72 Y86.335
G0 X121.72 Y83.665
G0 X121.959 Y82.75
G1 F1500 E2639.59265
G1 F2400 X98.041 Y82.75 E2640.58704
G1 X98.063 Y82.25 E2640.60785
G1 X121.937 Y82.25 E2641.60042
G1 X121.959 Y82.75 E2641.62122
G1 F1500 E2635.12122
;MESH:NONMESH
G0 F300 X121.959 Y82.75 Z16.2
G0 F15000 X121.72 Y82.521
G0 X107.507 Y82.57
G0 X107.507 Y83.665
G0 X106.615 Y127.836
G0 X107.507 Y128.621
;TIME_ELAPSED:2832.357388
;LAYER:80
;TYPE:SUPPORT
G1 F1500 E2641.62122
G1 F3000 X108.37 Y128.366 E2641.65115
G1 X109.213 Y128.627 E2641.68051
G1 X109.248 Y128.654 E2641.68198
G1 X109.597 Y128.766 E2641.69417
G1 X109.696 Y128.856 E2641.69862
G1 X109.928 Y128.931 E2641.70673
G1 X110.18 Y129.199 E2641.71896
G1 X110.283 Y129.241 E2641.72266
G1 X110.556 Y129.528 E2641.73584
G1 X110.633 Y129.563 E2641.73865
G1 X111.479 Y130.461 E2641.77968
G1 X111.756 Y131.301 E2641.8091
G1 X111.55 Y132.142 E2641.8379
G1 X110.961 Y132.735 E2641.8657
G1 X110.124 Y132.943 E2641.89439
G1 X109.288 Y132.668 E2641.92366
G1 X109.133 Y132.515 E2641.9309
G1 X108.914 Y132.429 E2641.93873
G1 X108.8 Y132.314 E2641.94411
G1 X108.512 Y132.225 E2641.95414
G1 X108.206 Y132.288 E2641.96453
G1 X107.418 Y132.048 E2641.99193
G1 X106.793 Y131.376 E2642.02245
G1 X106.564 Y130.513 E2642.05215
G1 X106.593 Y130.267 E2642.06039
G1 X106.841 Y129.374 E2642.09121
G1 X107.507 Y128.621 E2642.12465
G1 F1500 E2635.62465
;MESH:9VBatteryHolder_v3.stl
G0 F15000 X106.86 Y128.05
G0 X106.061 Y128.954
G0 X105.741 Y130.105
G0 X105.687 Y130.573
G0 X105.982 Y131.685
G0 X107.507 Y134.335
G0 X107.507 Y135.43
G0 X97 Y136
;TYPE:WALL-INNER
G1 F1500 E2642.12465
G1 F3000 X123 Y136 E2642.98941
G1 F2941.2 X123.174 Y135.993 E2642.99532
G0 F15000 X123.697 Y135.697
G1 F3045.7 X123.174 Y135.993 E2643.01501
G1 X124.014 Y136.014 E2643.04253
G1 F3053.4 X123.993 Y135.174 E2643.06999
G1 X123.697 Y135.697 E2643.08963
G0 F15000 X123.993 Y135.174
G1 F2948.4 X124 Y135 E2643.09552
G1 F3000 X124 Y91 E2644.55897
G1 F1500 E2638.05897
G0 F15000 X123.838 Y135.838
G0 X96.162 Y135.838
G0 X96 Y91
G1 F1500 E2644.55897
G1 F3000 X96 Y135 E2646.02241
G1 F2941.2 X96.007 Y135.174 E2646.02832
G0 F15000 X96.303 Y135.697
G1 F3045.7 X96.007 Y135.174 E2646.04801
G1 X95.986 Y136.014 E2646.07554
G1 F3108.8 X97 Y136 E2646.10809
G1 X96.303 Y135.697 E2646.13248
G0 F15000 X96.09 Y135.697
G0 X123.838 Y135.838
G0 X123.91 Y135.424
G0 X123.424 Y135.424
G1 F3000 X123.089 Y135.6 E2646.14507
G1 X97 Y135.6 E2647.01279
G1 X96.575 Y135.425 E2647.02808
G1 X96.4 Y135.089 E2647.04068
G1 X96.4 Y90.6 E2648.52039
G1 X95.6 Y90.6 E2648.547
G1 X95.601 Y136.399 E2650.07028
G1 X124.4 Y136.4 E2651.02814
G1 X124.4 Y90.6 E2652.55145
G1 X123.6 Y90.6 E2652.57806
G1 X123.6 Y135.089 E2654.05777
G1 X123.424 Y135.424 E2654.07035
G0 F15000 X123.198 Y135.035
;TYPE:WALL-OUTER
G1 F3000 X123.142 Y135.142 E2654.07437
G1 X123.035 Y135.198 E2654.07839
G1 X97 Y135.2 E2654.94432
G1 X96.858 Y135.142 E2654.94942
G1 X96.802 Y135.035 E2654.95343
G1 X96.8 Y90.2 E2656.44465
G1 X95.2 Y90.2 E2656.49787
G1 X95.201 Y136.799 E2658.04776
G1 X124.8 Y136.8 E2659.03222
G1 X124.8 Y90.2 E2660.58215
G1 X123.2 Y90.2 E2660.63536
G1 X123.198 Y135.035 E2662.12658
G1 F1500 E2655.62658
G0 F15000 X123.51 Y135.035
G0 X123.424 Y90.424
G0 X122.335 Y90.424
G0 X101.165 Y87.576
G0 X100.25 Y87.75
G1 F1500 E2662.12658
G1 F2400 X98.24 Y87.75 E2662.21015
G1 X98.252 Y87.25 E2662.23094
G1 X100.25 Y87.25 E2662.31401
G1 X100.25 Y87.75 E2662.33479
G1 F1500 E2655.83479
G0 F15000 X100.02 Y87.52
G0 X101.165 Y87.521
G0 X118.835 Y87.521
G0 X121.756 Y87.75
G1 F1500 E2662.33479
G1 F2400 X119.75 Y87.75 E2662.41819
G1 X119.75 Y87.25 E2662.43898
G1 X121.744 Y87.25 E2662.52188
G1 X121.756 Y87.75 E2662.54268
G1 F1500 E2656.04268
G0 F15000 X121.522 Y87.521
G0 X121.516 Y86.335
G0 X121.516 Y83.665
G0 X121.737 Y82.749
G1 F1500 E2662.54268
G1 F2400 X98.241 Y82.75 E2663.51953
G1 X98.263 Y82.25 E2663.54033
G1 X121.752 Y82.25 E2664.51689
G1 X121.737 Y82.749 E2664.53765
G1 F1500 E2658.03765
;MESH:NONMESH
G0 F300 X121.737 Y82.749 Z16.4
G0 F15000 X121.516 Y82.519
G0 X107.513 Y82.57
G0 X107.513 Y83.665
G0 X106.879 Y128.027
G0 X107.513 Y129.068
;TIME_ELAPSED:2857.661517
;LAYER:81
;TYPE:SUPPORT
G1 F1500 E2664.53765
G1 F3000 X108.403 Y128.805 E2664.56852
G1 X108.791 Y128.922 E2664.58199
G1 X108.843 Y128.918 E2664.58373
G1 X109.62 Y129.171 E2664.61091
G1 X109.682 Y129.223 E2664.6136
G1 X109.975 Y129.322 E2664.62389
G1 X110.172 Y129.533 E2664.63349
G1 X110.372 Y129.61 E2664.64062
G1 X110.583 Y129.835 E2664.65087
G1 X110.762 Y129.895 E2664.65715
G1 X111.568 Y130.746 E2664.69614
G1 X111.823 Y131.521 E2664.72327
G1 X111.634 Y132.289 E2664.74958
G1 X111.093 Y132.83 E2664.77503
G1 X110.329 Y133.019 E2664.8012
G1 X109.56 Y132.765 E2664.82814
G1 X109.453 Y132.662 E2664.83308
G1 X109.142 Y132.556 E2664.84401
G1 X109.08 Y132.506 E2664.84666
G1 X108.643 Y132.357 E2664.86201
G1 X108.392 Y132.376 E2664.87039
G1 X108.169 Y132.439 E2664.87809
G1 X107.455 Y132.22 E2664.90293
G1 X106.885 Y131.604 E2664.93085
G1 X106.672 Y130.798 E2664.95857
G1 X106.701 Y130.564 E2664.96642
G1 X106.929 Y129.738 E2664.99492
G1 X107.513 Y129.068 E2665.02448
G1 F1500 E2658.52448
;MESH:9VBatteryHolder_v3.stl
G0 F15000 X106.862 Y128.5
G0 X106.15 Y129.317
G0 X105.849 Y130.398
G0 X105.797 Y130.863
G0 X106.073 Y131.917
G0 X107.513 Y134.335
G0 X107.513 Y135.43
G0 X97 Y136
;TYPE:WALL-INNER
G1 F1500 E2665.02448
G1 F3000 X123 Y136 E2665.88924
G1 F2941.2 X123.174 Y135.993 E2665.89515
G0 F15000 X123.697 Y135.697
G1 F3045.7 X123.174 Y135.993 E2665.91484
G1 X124.014 Y136.014 E2665.94237
G1 F3053.4 X123.993 Y135.174 E2665.96982
G1 X123.697 Y135.697 E2665.98946
G0 F15000 X123.993 Y135.174
G1 F2948.4 X124 Y135 E2665.99536
G1 F3000 X124 Y91 E2667.4588
G1 F1500 E2660.9588
G0 F15000 X123.838 Y135.838
G0 X96.162 Y135.838
G0 X96 Y91
G1 F1500 E2667.4588
G1 F3000 X96 Y135 E2668.92225
G1 F2941.2 X96.007 Y135.174 E2668.92816
G0 F15000 X96.303 Y135.697
G1 F3045.7 X96.007 Y135.174 E2668.94784
G1 X95.986 Y136.014 E2668.97537
G1 F3108.8 X97 Y136 E2669.00792
G1 X96.303 Y135.697 E2669.03231
G0 F15000 X96.09 Y135.697
G0 X123.838 Y135.838
G0 X123.91 Y135.424
G0 X123.424 Y135.424
G1 F3000 X123.089 Y135.6 E2669.0449
G1 X97 Y135.6 E2669.91262
G1 X96.575 Y135.425 E2669.92791
G1 X96.4 Y135.089 E2669.94051
G1 X96.4 Y90.6 E2671.42022
G1 X95.6 Y90.6 E2671.44683
G1 X95.601 Y136.399 E2672.97011
G1 X124.4 Y136.4 E2673.92797
G1 X124.4 Y90.6 E2675.45128
G1 X123.6 Y90.6 E2675.47789
G1 X123.6 Y135.089 E2676.9576
G1 X123.424 Y135.424 E2676.97019
G0 F15000 X123.198 Y135.035
;TYPE:WALL-OUTER
G1 F3000 X123.142 Y135.142 E2676.9742
G1 X123.035 Y135.198 E2676.97822
G1 X97 Y135.2 E2677.84415
G1 X96.858 Y135.142 E2677.84925
G1 X96.802 Y135.035 E2677.85327
G1 X96.8 Y90.2 E2679.34448
G1 X95.2 Y90.2 E2679.3977
G1 X95.201 Y136.799 E2680.94759
G1 X124.8 Y136.8 E2681.93206
G1 X124.8 Y90.2 E2683.48198
G1 X123.2 Y90.2 E2683.5352
G1 X123.198 Y135.035 E2685.02641
G1 F1500 E2678.52641
G0 F15000 X123.51 Y135.035
G0 X123.424 Y90.424
G0 X122.335 Y90.424
G0 X101.165 Y87.576
G0 X100.25 Y87.75
G1 F1500 E2685.02641
G1 F2404.8 X98.44 Y87.751 E2685.10151
G1 F2409.6 X98.46 Y87.251 E2685.12223
G1 F2404.8 X100.25 Y87.25 E2685.19651
G1 F2400 X100.25 Y87.75 E2685.21729
G1 F1500 E2678.71729
G0 F15000 X100.02 Y87.52
G0 X101.165 Y87.518
G0 X118.835 Y87.518
G0 X121.558 Y87.751
G1 F1500 E2685.21729
G1 F2400 X119.75 Y87.75 E2685.29246
G1 X119.75 Y87.25 E2685.31325
G1 X121.536 Y87.251 E2685.3875
G1 F2404.8 X121.558 Y87.751 E2685.40827
G1 F1500 E2678.90827
G0 F15000 X121.314 Y87.518
G0 X121.294 Y86.335
G0 X121.294 Y83.665
G0 X121.515 Y82.75
G1 F1500 E2685.40827
G1 F2400 X98.481 Y82.75 E2686.36591
G1 X98.463 Y82.25 E2686.38671
G1 X121.533 Y82.25 E2687.34585
G1 F2404.8 X121.515 Y82.75 E2687.36661
G1 F1500 E2680.86661
;MESH:NONMESH
G0 F300 X121.515 Y82.75 Z16.6
G0 F15000 X121.294 Y82.518
G0 X107.518 Y82.57
G0 X107.518 Y83.665
G0 X106.643 Y128.751
G0 X107.518 Y129.514
;TIME_ELAPSED:2882.908213
;LAYER:82
;TYPE:SUPPORT
G1 F1500 E2687.36661
G1 F3000 X108.411 Y129.233 E2687.39775
G1 X108.807 Y129.36 E2687.41158
G1 X108.947 Y129.346 E2687.41626
G1 X109.651 Y129.575 E2687.44088
G1 X109.689 Y129.601 E2687.44241
G1 X110.03 Y129.717 E2687.45439
G1 X110.205 Y129.889 E2687.46255
G1 X110.459 Y129.974 E2687.47146
G1 X110.651 Y130.158 E2687.48031
G1 X110.898 Y130.236 E2687.48892
G1 X111.644 Y131.03 E2687.52516
G1 X111.88 Y131.734 E2687.54985
G1 X111.71 Y132.443 E2687.5741
G1 X111.229 Y132.93 E2687.59687
G1 X110.534 Y133.099 E2687.62066
G1 X109.836 Y132.863 E2687.64517
G1 X109.785 Y132.824 E2687.6473
G1 X109.424 Y132.704 E2687.65995
G1 X109.337 Y132.715 E2687.66287
G1 X108.716 Y132.511 E2687.68461
G1 X108.512 Y132.546 E2687.6915
G1 X108.385 Y132.52 E2687.69581
G1 X108.136 Y132.59 E2687.70441
G1 X107.491 Y132.392 E2687.72685
G1 X106.973 Y131.829 E2687.7523
G1 X106.78 Y131.09 E2687.7777
G1 X106.809 Y130.855 E2687.78558
G1 X107.017 Y130.089 E2687.81198
G1 X107.518 Y129.514 E2687.83734
G1 F1500 E2681.33734
;MESH:9VBatteryHolder_v3.stl
G0 F15000 X106.867 Y128.948
G0 X106.237 Y129.674
G0 X105.956 Y130.691
G0 X105.905 Y131.155
G0 X106.162 Y132.147
G0 X107.518 Y134.335
G0 X107.518 Y135.43
G0 X97 Y136
;TYPE:WALL-INNER
G1 F1500 E2687.83734
G1 F3000 X123 Y136 E2688.7021
G1 F2941.2 X123.174 Y135.993 E2688.70801
G0 F15000 X123.697 Y135.697
G1 F3045.7 X123.174 Y135.993 E2688.7277
G1 X124.014 Y136.014 E2688.75523
G1 F3053.4 X123.993 Y135.174 E2688.78269
G1 X123.697 Y135.697 E2688.80232
G0 F15000 X123.993 Y135.174
G1 F2948.4 X124 Y135 E2688.80822
G1 F3000 X124 Y91 E2690.27166
G1 F1500 E2683.77166
G0 F15000 X123.838 Y135.838
G0 X96.162 Y135.838
G0 X96 Y91
G1 F1500 E2690.27166
G1 F3000 X96 Y135 E2691.73511
G1 F2941.2 X96.007 Y135.174 E2691.74102
G0 F15000 X96.303 Y135.697
G1 F3045.7 X96.007 Y135.174 E2691.76071
G1 X95.986 Y136.014 E2691.78823
G1 F3108.8 X97 Y136 E2691.82078
G1 X96.303 Y135.697 E2691.84518
G0 F15000 X96.09 Y135.697
G0 X123.838 Y135.838
G0 X123.91 Y135.424
G0 X123.424 Y135.424
G1 F3000 X123.089 Y135.6 E2691.85776
G1 X97 Y135.6 E2692.72549
G1 X96.575 Y135.425 E2692.74077
G1 X96.4 Y135.089 E2692.75337
G1 X96.4 Y90.6 E2694.23308
G1 X95.6 Y90.6 E2694.25969
G1 X95.601 Y136.399 E2695.78297
G1 X124.4 Y136.4 E2696.74083
G1 X124.4 Y90.6 E2698.26414
G1 X123.6 Y90.6 E2698.29075
G1 X123.6 Y135.089 E2699.77046
G1 X123.424 Y135.424 E2699.78305
G0 F15000 X123.198 Y135.035
;TYPE:WALL-OUTER
G1 F3000 X123.142 Y135.142 E2699.78707
G1 X123.035 Y135.198 E2699.79108
G1 X97 Y135.2 E2700.65701
G1 X96.858 Y135.142 E2700.66211
G1 X96.802 Y135.035 E2700.66613
G1 X96.8 Y90.2 E2702.15735
G1 X95.2 Y90.2 E2702.21056
G1 X95.201 Y136.799 E2703.76045
G1 X124.8 Y136.8 E2704.74492
G1 X124.8 Y90.2 E2706.29484
G1 X123.2 Y90.2 E2706.34806
G1 X123.198 Y135.035 E2707.83928
G1 F1500 E2701.33928
G0 F15000 X123.51 Y135.035
G0 X123.424 Y90.424
G0 X122.335 Y90.424
G0 X101.165 Y87.576
G0 X100.25 Y87.75
G1 F1500 E2707.83928
G1 F2400 X98.719 Y87.75 E2707.90293
G1 X98.697 Y87.25 E2707.92374
G1 X100.25 Y87.25 E2707.9883
G1 X100.25 Y87.75 E2708.00909
G1 F1500 E2701.50909
G0 F15000 X100.02 Y87.52
G0 X101.165 Y87.518
G0 X118.835 Y87.518
G0 X121.277 Y87.75
G1 F1500 E2708.00909
G1 F2400 X119.75 Y87.75 E2708.07257
G1 X119.75 Y87.25 E2708.09336
G1 X121.299 Y87.25 E2708.15776
G1 X121.277 Y87.75 E2708.17857
G1 F1500 E2701.67857
G0 F15000 X121.058 Y87.518
G0 X121.072 Y86.335
G0 X121.072 Y83.665
G0 X121.295 Y82.75
G1 F1500 E2708.17857
G1 F2400 X98.705 Y82.75 E2709.11775
G1 X98.687 Y82.25 E2709.13855
G1 X121.313 Y82.25 E2710.07923
G1 F2404.8 X121.295 Y82.75 E2710.09999
G1 F1500 E2703.59999
;MESH:NONMESH
G0 F300 X121.295 Y82.75 Z16.8
G0 F15000 X121.072 Y82.519
G0 X107.559 Y82.57
G0 X107.559 Y83.665
G0 X106.68 Y129.162
G0 X107.559 Y129.926
;TIME_ELAPSED:2908.070023
;LAYER:83
;TYPE:SUPPORT
G1 F1500 E2710.09999
G1 F3000 X108.168 Y129.733 E2710.12124
G1 X108.474 Y129.682 E2710.13156
G1 X108.865 Y129.805 E2710.14519
G1 X109.038 Y129.765 E2710.1511
G1 X110.078 Y130.106 E2710.1875
G1 X110.196 Y130.222 E2710.193
G1 X110.549 Y130.346 E2710.20545
G1 X110.658 Y130.445 E2710.21035
G1 X111.032 Y130.574 E2710.2235
G1 X111.728 Y131.314 E2710.25729
G1 X111.944 Y131.954 E2710.27976
G1 X111.794 Y132.595 E2710.30165
G1 X111.366 Y133.026 E2710.32186
G1 X110.73 Y133.176 E2710.34359
G1 X110.261 Y133.022 E2710.36001
G1 X110.217 Y133.024 E2710.36147
G1 X109.615 Y132.827 E2710.38254
G1 X109.395 Y132.866 E2710.38997
G1 X108.766 Y132.656 E2710.41203
G1 X108.548 Y132.706 E2710.41947
G1 X108.371 Y132.664 E2710.42552
G1 X108.102 Y132.746 E2710.43487
G1 X107.521 Y132.565 E2710.45511
G1 X107.062 Y132.054 E2710.47796
G1 X106.888 Y131.386 E2710.50092
G1 X106.917 Y131.147 E2710.50892
G1 X107.106 Y130.453 E2710.53285
G1 X107.559 Y129.926 E2710.55596
G1 F1500 E2704.05596
;MESH:9VBatteryHolder_v3.stl
G0 F15000 X106.905 Y129.363
G0 X106.326 Y130.037
G0 X106.064 Y130.983
G0 X106.013 Y131.449
G0 X106.251 Y132.374
G0 X107.559 Y134.335
G0 X107.559 Y135.43
G0 X97 Y136
;TYPE:WALL-INNER
G1 F1500 E2710.55596
G1 F3000 X123 Y136 E2711.42072
G1 F2941.2 X123.174 Y135.993 E2711.42663
G0 F15000 X123.697 Y135.697
G1 F3045.7 X123.174 Y135.993 E2711.44632
G1 X124.014 Y136.014 E2711.47385
G1 F3053.4 X123.993 Y135.174 E2711.50131
G1 X123.697 Y135.697 E2711.52094
G0 F15000 X123.993 Y135.174
G1 F2948.4 X124 Y135 E2711.52684
G1 F3000 X124 Y91 E2712.99028
G1 F1500 E2706.49028
G0 F15000 X123.838 Y135.838
G0 X96.162 Y135.838
G0 X96 Y91
G1 F1500 E2712.99028
G1 F3000 X96 Y135 E2714.45373
G1 F2941.2 X96.007 Y135.174 E2714.45964
G0 F15000 X96.303 Y135.697
G1 F3045.7 X96.007 Y135.174 E2714.47933
G1 X95.986 Y136.014 E2714.50685
G1 F3108.8 X97 Y136 E2714.5394
G1 X96.303 Y135.697 E2714.56379
G0 F15000 X96.09 Y135.697
G0 X123.838 Y135.838
G0 X123.91 Y135.424
G0 X123.424 Y135.424
G1 F3000 X123.089 Y135.6 E2714.57638
G1 X97 Y135.6 E2715.4441
G1 X96.575 Y135.425 E2715.45939
G1 X96.4 Y135.089 E2715.47199
G1 X96.4 Y90.6 E2716.9517
G1 X95.6 Y90.6 E2716.97831
G1 X95.601 Y136.399 E2718.50159
G1 X124.4 Y136.4 E2719.45945
G1 X124.4 Y90.6 E2720.98276
G1 X123.6 Y90.6 E2721.00937
G1 X123.6 Y135.089 E2722.48908
G1 X123.424 Y135.424 E2722.50167
G0 F15000 X123.198 Y135.035
;TYPE:WALL-OUTER
G1 F3000 X123.142 Y135.142 E2722.50569
G1 X123.035 Y135.198 E2722.5097
G1 X97 Y135.2 E2723.37563
G1 X96.858 Y135.142 E2723.38073
G1 X96.802 Y135.035 E2723.38475
G1 X96.8 Y90.2 E2724.87597
G1 X95.2 Y90.2 E2724.92918
G1 X95.201 Y136.799 E2726.47907
G1 X124.8 Y136.8 E2727.46354
G1 X124.8 Y90.2 E2729.01346
G1 X123.2 Y90.2 E2729.06668
G1 X123.198 Y135.035 E2730.5579
G1 F1500 E2724.0579
G0 F15000 X123.51 Y135.035
G0 X123.424 Y90.424
G0 X122.335 Y90.424
G0 X101.165 Y87.576
G0 X100.25 Y87.75
G1 F1500 E2730.5579
G1 F2400 X98.971 Y87.75 E2730.61107
G1 X98.949 Y87.25 E2730.63188
G1 X100.25 Y87.25 E2730.68597
G1 X100.25 Y87.75 E2730.70675
G1 F1500 E2724.20675
G0 F15000 X100.02 Y87.52
G0 X101.165 Y87.518
G0 X118.835 Y87.518
G0 X121.025 Y87.75
G1 F1500 E2730.70675
G1 F2400 X119.75 Y87.75 E2730.75976
G1 X119.75 Y87.25 E2730.78055
G1 X121.047 Y87.25 E2730.83447
G1 X121.025 Y87.75 E2730.85528
G1 F1500 E2724.35528
G0 F15000 X120.806 Y87.518
G0 X120.813 Y86.335
G0 X120.813 Y83.665
G0 X121.051 Y82.75
G1 F1500 E2730.85528
G1 F2400 X98.945 Y82.75 E2731.77434
G1 X98.967 Y82.25 E2731.79515
G1 X121.029 Y82.25 E2732.71238
G1 X121.051 Y82.75 E2732.73319
G1 F1500 E2726.23319
;MESH:NONMESH
G0 F300 X121.051 Y82.75 Z17
G0 F15000 X120.813 Y82.521
G0 X107.592 Y82.57
G0 X107.592 Y83.665
G0 X106.714 Y129.585
G0 X107.592 Y130.341
;TIME_ELAPSED:2933.149037
;LAYER:84
;TYPE:SUPPORT
G1 F1500 E2732.73319
G1 F3000 X108.137 Y130.165 E2732.75224
G1 X108.264 Y130.188 E2732.75653
G1 X108.509 Y130.121 E2732.76498
G1 X108.895 Y130.244 E2732.77845
G1 X109.129 Y130.182 E2732.7865
G1 X109.504 Y130.307 E2732.79965
G1 X109.566 Y130.304 E2732.80172
G1 X110.124 Y130.493 E2732.82131
G1 X110.185 Y130.55 E2732.82409
G1 X110.635 Y130.707 E2732.83994
G1 X110.685 Y130.747 E2732.84207
G1 X111.164 Y130.914 E2732.85894
G1 X111.812 Y131.606 E2732.89047
G1 X112.008 Y132.175 E2732.91049
G1 X111.877 Y132.74 E2732.92978
G1 X111.498 Y133.126 E2732.94777
G1 X110.936 Y133.256 E2732.96696
G1 X110.49 Y133.101 E2732.98266
G1 X110.368 Y133.122 E2732.98678
G1 X109.912 Y132.966 E2733.00281
G1 X109.677 Y132.953 E2733.01064
G1 X109.461 Y133.014 E2733.0181
G1 X108.851 Y132.806 E2733.03954
G1 X108.581 Y132.866 E2733.04874
G1 X108.352 Y132.809 E2733.05659
G1 X108.07 Y132.898 E2733.06642
G1 X107.56 Y132.741 E2733.08417
G1 X107.146 Y132.279 E2733.1048
G1 X106.996 Y131.679 E2733.12537
G1 X107.025 Y131.435 E2733.13355
G1 X107.194 Y130.808 E2733.15514
G1 X107.592 Y130.341 E2733.17555
G1 F1500 E2726.67555
;MESH:9VBatteryHolder_v3.stl
G0 F15000 X106.936 Y129.783
G0 X106.413 Y130.397
G0 X106.173 Y131.274
G0 X106.12 Y131.737
G0 X106.34 Y132.603
G0 X107.592 Y134.335
G0 X107.592 Y135.43
G0 X97 Y136
;TYPE:WALL-INNER
G1 F1500 E2733.17555
G1 F3000 X123 Y136 E2734.04032
G1 F2941.2 X123.174 Y135.993 E2734.04622
G0 F15000 X123.697 Y135.697
G1 F3045.7 X123.174 Y135.993 E2734.06591
G1 X124.014 Y136.014 E2734.09344
G1 F3053.4 X123.993 Y135.174 E2734.1209
G1 X123.697 Y135.697 E2734.14054
G0 F15000 X123.993 Y135.174
G1 F2948.4 X124 Y135 E2734.14643
G1 F3000 X124 Y91 E2735.60987
G1 F1500 E2729.10987
G0 F15000 X123.838 Y135.838
G0 X96.162 Y135.838
G0 X96 Y91
G1 F1500 E2735.60987
G1 F3000 X96 Y135 E2737.07332
G1 F2941.2 X96.007 Y135.174 E2737.07923
G0 F15000 X96.303 Y135.697
G1 F3045.7 X96.007 Y135.174 E2737.09892
G1 X95.986 Y136.014 E2737.12644
G1 F3108.8 X97 Y136 E2737.15899
G1 X96.303 Y135.697 E2737.18339
G0 F15000 X96.09 Y135.697
G0 X123.838 Y135.838
G0 X123.91 Y135.424
G0 X123.424 Y135.424
G1 F3000 X123.089 Y135.6 E2737.19597
G1 X97 Y135.6 E2738.0637
G1 X96.575 Y135.425 E2738.07898
G1 X96.4 Y135.089 E2738.09158
G1 X96.4 Y90.6 E2739.57129
G1 X95.6 Y90.6 E2739.5979
G1 X95.601 Y136.399 E2741.12118
G1 X124.4 Y136.4 E2742.07904
G1 X124.4 Y90.6 E2743.60236
G1 X123.6 Y90.6 E2743.62896
G1 X123.6 Y135.089 E2745.10867
G1 X123.424 Y135.424 E2745.12126
G0 F15000 X123.198 Y135.035
;TYPE:WALL-OUTER
G1 F3000 X123.142 Y135.142 E2745.12528
G1 X123.035 Y135.198 E2745.12929
G1 X97 Y135.2 E2745.99522
G1 X96.858 Y135.142 E2746.00032
G1 X96.802 Y135.035 E2746.00434
G1 X96.8 Y90.2 E2747.49556
G1 X95.2 Y90.2 E2747.54877
G1 X95.201 Y136.799 E2749.09866
G1 X124.8 Y136.8 E2750.08313
G1 X124.8 Y90.2 E2751.63305
G1 X123.2 Y90.2 E2751.68627
G1 X123.198 Y135.035 E2753.17749
G1 F1500 E2746.67749
G0 F15000 X123.51 Y135.035
G0 X123.424 Y90.424
G0 X122.335 Y90.424
G0 X101.165 Y87.576
G0 X100.25 Y87.75
G1 F1500 E2753.17749
G1 F2400 X99.224 Y87.75 E2753.22014
G1 X99.235 Y87.25 E2753.24094
G1 X100.25 Y87.25 E2753.28313
G1 X100.25 Y87.75 E2753.30392
G1 F1500 E2746.80392
G0 F15000 X100.02 Y87.52
G0 X101.165 Y87.521
G0 X118.835 Y87.521
G0 X120.77 Y87.749
G1 F1500 E2753.30392
G1 F2400 X119.75 Y87.75 E2753.34633
G1 X119.75 Y87.25 E2753.36712
G1 X120.761 Y87.25 E2753.40915
G1 X120.77 Y87.749 E2753.4299
G1 F1500 E2746.9299
G0 F15000 X120.541 Y87.521
G0 X120.53 Y86.335
G0 X120.53 Y83.665
G0 X120.763 Y82.749
G1 F1500 E2753.4299
G1 F2400 X99.233 Y82.75 E2754.32501
G1 X99.254 Y82.25 E2754.34582
G1 X120.745 Y82.25 E2755.23931
G1 X120.763 Y82.749 E2755.26007
G1 F1500 E2748.76007
;MESH:NONMESH
G0 F300 X120.763 Y82.749 Z17.2
G0 F15000 X120.53 Y82.521
G0 X107.632 Y82.57
G0 X107.632 Y83.665
G0 X106.749 Y130.002
G0 X107.632 Y130.753
;TIME_ELAPSED:2958.144330
;LAYER:85
;TYPE:SUPPORT
G1 F1500 E2755.26007
G1 F3000 X108.109 Y130.598 E2755.27675
G1 X108.265 Y130.638 E2755.28211
G1 X108.54 Y130.558 E2755.29163
G1 X108.924 Y130.684 E2755.30507
G1 X109.221 Y130.602 E2755.31532
G1 X109.587 Y130.73 E2755.32822
G1 X109.691 Y130.715 E2755.33171
G1 X110.72 Y131.072 E2755.36794
G1 X110.769 Y131.075 E2755.36957
G1 X111.296 Y131.25 E2755.38804
G1 X111.892 Y131.89 E2755.41713
G1 X112.068 Y132.397 E2755.43498
G1 X111.96 Y132.888 E2755.4517
G1 X111.626 Y133.229 E2755.46758
G1 X111.141 Y133.336 E2755.48409
G1 X110.718 Y133.189 E2755.49899
G1 X110.524 Y133.231 E2755.50559
G1 X110.101 Y133.082 E2755.52051
G1 X109.795 Y133.081 E2755.53068
G1 X109.579 Y133.135 E2755.53809
G1 X108.983 Y132.92 E2755.55916
G1 X108.612 Y133.029 E2755.57202
G1 X108.364 Y132.946 E2755.58072
G1 X108.034 Y133.053 E2755.59226
G1 X107.598 Y132.914 E2755.60748
G1 X107.235 Y132.504 E2755.62569
G1 X107.103 Y131.971 E2755.64396
G1 X107.133 Y131.722 E2755.6523
G1 X107.278 Y131.171 E2755.67125
G1 X107.632 Y130.753 E2755.68947
G1 F1500 E2749.18947
;MESH:9VBatteryHolder_v3.stl
G0 F15000 X106.973 Y130.198
G0 X106.499 Y130.76
G0 X106.28 Y131.564
G0 X106.228 Y132.029
G0 X106.449 Y132.921
G0 X107.632 Y134.335
G0 X107.632 Y135.43
G0 X97 Y136
;TYPE:WALL-INNER
G1 F1500 E2755.68947
G1 F3000 X123 Y136 E2756.55423
G1 F2941.2 X123.174 Y135.993 E2756.56014
G0 F15000 X123.697 Y135.697
G1 F3045.7 X123.174 Y135.993 E2756.57983
G1 X124.014 Y136.014 E2756.60736
G1 F3053.4 X123.993 Y135.174 E2756.63481
G1 X123.697 Y135.697 E2756.65445
G0 F15000 X123.993 Y135.174
G1 F2948.4 X124 Y135 E2756.66035
G1 F3000 X124 Y91 E2758.12379
G1 F1500 E2751.62379
G0 F15000 X123.838 Y135.838
G0 X96.162 Y135.838
G0 X96 Y91
G1 F1500 E2758.12379
G1 F3000 X96 Y135 E2759.58724
G1 F2941.2 X96.007 Y135.174 E2759.59314
G0 F15000 X96.303 Y135.697
G1 F3045.7 X96.007 Y135.174 E2759.61283
G1 X95.986 Y136.014 E2759.64036
G1 F3108.8 X97 Y136 E2759.67291
G1 X96.303 Y135.697 E2759.6973
G0 F15000 X96.09 Y135.697
G0 X123.838 Y135.838
G0 X123.91 Y135.424
G0 X123.424 Y135.424
G1 F3000 X123.089 Y135.6 E2759.70989
G1 X97 Y135.6 E2760.57761
G1 X96.575 Y135.425 E2760.5929
G1 X96.4 Y135.089 E2760.6055
G1 X96.4 Y90.6 E2762.08521
G1 X95.6 Y90.6 E2762.11182
G1 X95.601 Y136.399 E2763.6351
G1 X124.4 Y136.4 E2764.59296
G1 X124.4 Y90.6 E2766.11627
G1 X123.6 Y90.6 E2766.14288
G1 X123.6 Y135.089 E2767.62259
G1 X123.424 Y135.424 E2767.63518
G0 F15000 X123.198 Y135.035
;TYPE:WALL-OUTER
G1 F3000 X123.142 Y135.142 E2767.63919
G1 X123.035 Y135.198 E2767.64321
G1 X97 Y135.2 E2768.50914
G1 X96.858 Y135.142 E2768.51424
G1 X96.802 Y135.035 E2768.51826
G1 X96.8 Y90.2 E2770.00947
G1 X95.2 Y90.2 E2770.06269
G1 X95.201 Y136.799 E2771.61258
G1 X124.8 Y136.8 E2772.59705
G1 X124.8 Y90.2 E2774.14697
G1 X123.2 Y90.2 E2774.20018
G1 X123.198 Y135.035 E2775.6914
G1 F1500 E2769.1914
G0 F15000 X123.51 Y135.035
G0 X123.424 Y90.424
G0 X122.335 Y90.424
G0 X101.165 Y87.576
G0 X100.25 Y87.75
G1 F1500 E2775.6914
G1 F2400 X99.505 Y87.75 E2775.72238
G1 X99.515 Y87.25 E2775.74317
G1 X100.25 Y87.25 E2775.77373
G1 X100.25 Y87.75 E2775.79451
G1 F1500 E2769.29451
G0 F15000 X100.02 Y87.52
G0 X101.165 Y87.521
G0 X118.835 Y87.521
G0 X120.491 Y87.749
G1 F1500 E2775.79451
G1 F2400 X119.75 Y87.75 E2775.82532
G1 X119.75 Y87.25 E2775.84611
G1 X120.481 Y87.25 E2775.8765
G1 F2395.2 X120.491 Y87.749 E2775.89729
G1 F1500 E2769.39729
G0 F15000 X120.263 Y87.521
G0 X120.23 Y86.335
G0 X120.23 Y83.665
G0 X120.451 Y82.75
G1 F1500 E2775.89729
G1 F2400 X99.545 Y82.75 E2776.76646
G1 X99.527 Y82.25 E2776.78726
G1 X120.472 Y82.249 E2777.65805
G1 F2404.8 X120.451 Y82.75 E2777.67886
G1 F1500 E2771.17886
;MESH:NONMESH
G0 F300 X120.451 Y82.75 Z17.4
G0 F15000 X120.23 Y82.518
G0 X107.678 Y82.57
G0 X107.678 Y83.665
G0 X106.793 Y130.41
G0 X107.678 Y131.156
;TIME_ELAPSED:2983.053666
;LAYER:86
;TYPE:SUPPORT
G1 F1500 E2777.67886
G1 F3000 X108.067 Y131.026 E2777.6925
G1 X108.323 Y131.075 E2777.70117
G1 X108.581 Y130.995 E2777.71016
G1 X108.95 Y131.12 E2777.72311
G1 X109.308 Y131.026 E2777.73542
G1 X109.656 Y131.145 E2777.74766
G1 X109.807 Y131.126 E2777.75272
G1 X110.288 Y131.298 E2777.76971
G1 X110.385 Y131.287 E2777.77296
G1 X110.845 Y131.45 E2777.78919
G1 X110.976 Y131.436 E2777.79357
G1 X111.427 Y131.593 E2777.80945
G1 X111.969 Y132.178 E2777.83598
G1 X112.124 Y132.622 E2777.85162
G1 X112.036 Y133.045 E2777.86599
G1 X111.754 Y133.333 E2777.8794
G1 X111.343 Y133.424 E2777.8934
G1 X110.951 Y133.278 E2777.90731
G1 X110.688 Y133.335 E2777.91626
G1 X110.259 Y133.183 E2777.9314
G1 X110.075 Y133.221 E2777.93765
G1 X109.981 Y133.193 E2777.94091
G1 X109.669 Y133.272 E2777.95161
G1 X109.059 Y133.055 E2777.97315
G1 X108.632 Y133.185 E2777.98799
G1 X108.352 Y133.09 E2777.99783
G1 X108.007 Y133.201 E2778.00988
G1 X107.634 Y133.082 E2778.0229
G1 X107.323 Y132.729 E2778.03855
G1 X107.212 Y132.264 E2778.05445
G1 X107.241 Y132.018 E2778.06269
G1 X107.371 Y131.526 E2778.07962
G1 X107.678 Y131.156 E2778.09561
G1 F1500 E2771.59561
;MESH:9VBatteryHolder_v3.stl
G0 F15000 X107.014 Y130.606
G0 X106.587 Y131.122
G0 X106.388 Y131.861
G0 X106.339 Y132.32
G0 X106.538 Y133.14
G0 X106.71 Y133.336
G0 X107.678 Y134.335
G0 X107.678 Y135.43
G0 X97 Y136
;TYPE:WALL-INNER
G1 F1500 E2778.09561
G1 F3000 X123 Y136 E2778.96037
G1 F2941.2 X123.174 Y135.993 E2778.96628
G0 F15000 X123.697 Y135.697
G1 F3045.7 X123.174 Y135.993 E2778.98597
G1 X124.014 Y136.014 E2779.01349
G1 F3053.4 X123.993 Y135.174 E2779.04095
G1 X123.697 Y135.697 E2779.06059
G0 F15000 X123.993 Y135.174
G1 F2948.4 X124 Y135 E2779.06648
G1 F3000 X124 Y91 E2780.52993
G1 F1500 E2774.02993
G0 F15000 X123.838 Y135.838
G0 X96.162 Y135.838
G0 X96 Y91
G1 F1500 E2780.52993
G1 F3000 X96 Y135 E2781.99338
G1 F2941.2 X96.007 Y135.174 E2781.99928
G0 F15000 X96.303 Y135.697
G1 F3045.7 X96.007 Y135.174 E2782.01897
G1 X95.986 Y136.014 E2782.0465
G1 F3108.8 X97 Y136 E2782.07905
G1 X96.303 Y135.697 E2782.10344
G0 F15000 X96.09 Y135.697
G0 X123.838 Y135.838
G0 X123.91 Y135.424
G0 X123.424 Y135.424
G1 F3000 X123.089 Y135.6 E2782.11603
G1 X97 Y135.6 E2782.98375
G1 X96.575 Y135.425 E2782.99904
G1 X96.4 Y135.089 E2783.01164
G1 X96.4 Y90.6 E2784.49135
G1 X95.6 Y90.6 E2784.51796
G1 X95.601 Y136.399 E2786.04124
G1 X124.4 Y136.4 E2786.9991
G1 X124.4 Y90.6 E2788.52241
G1 X123.6 Y90.6 E2788.54902
G1 X123.6 Y135.089 E2790.02873
G1 X123.424 Y135.424 E2790.04131
G0 F15000 X123.198 Y135.035
;TYPE:WALL-OUTER
G1 F3000 X123.142 Y135.142 E2790.04533
G1 X123.035 Y135.198 E2790.04935
G1 X97 Y135.2 E2790.91528
G1 X96.858 Y135.142 E2790.92038
G1 X96.802 Y135.035 E2790.92439
G1 X96.8 Y90.2 E2792.41561
G1 X95.2 Y90.2 E2792.46883
G1 X95.201 Y136.799 E2794.01872
G1 X124.8 Y136.8 E2795.00318
G1 X124.8 Y90.2 E2796.55311
G1 X123.2 Y90.2 E2796.60632
G1 X123.198 Y135.035 E2798.09754
G1 F1500 E2791.59754
G0 F15000 X123.51 Y135.035
G0 X123.424 Y90.424
G0 X122.335 Y90.424
G0 X101.165 Y87.576
G0 X100.28 Y87.78
G1 F1500 E2798.09754
G1 F2721.1 X99.846 Y87.78 E2798.11346
G1 F2714.9 X99.828 Y87.221 E2798.13401
G1 F2708.8 X100.279 Y87.221 E2798.15062
G1 F2714.9 X100.28 Y87.78 E2798.17117
G1 F1500 E2791.67117
G0 F15000 X100.08 Y87.519
G0 X101.165 Y87.519
G0 X118.835 Y87.519
G0 X120.151 Y87.78
G1 F1500 E2798.17117
G1 F2739.7 X119.72 Y87.78 E2798.18687
G1 F2733.5 X119.721 Y87.221 E2798.20727
G1 F2727.3 X120.168 Y87.221 E2798.22362
G1 F2733.5 X120.151 Y87.78 E2798.24404
G1 F1500 E2791.74404
G0 F15000 X119.96 Y87.519
G0 X119.916 Y86.335
G0 X119.916 Y83.665
G0 X120.138 Y82.75
G1 F1500 E2798.24404
G1 F2400 X99.858 Y82.75 E2799.08718
G1 X99.842 Y82.25 E2799.10798
G1 X120.154 Y82.25 E2799.95246
G1 F2404.8 X120.138 Y82.75 E2799.97321
G1 F1500 E2793.47321
;MESH:NONMESH
G0 F300 X120.138 Y82.75 Z17.6
G0 F15000 X119.916 Y82.519
G0 X107.716 Y82.57
G0 X107.716 Y83.665
G0 X106.826 Y130.833
G0 X107.716 Y131.571
;TIME_ELAPSED:3007.861788
;LAYER:87
;TYPE:SUPPORT
G1 F1500 E2799.97321
G1 F3000 X108.035 Y131.459 E2799.98446
G1 X108.296 Y131.535 E2799.9935
G1 X108.606 Y131.435 E2800.00433
G1 X108.986 Y131.565 E2800.01769
G1 X109.397 Y131.439 E2800.03199
G1 X109.773 Y131.567 E2800.0452
G1 X109.932 Y131.538 E2800.05058
G1 X110.377 Y131.699 E2800.06632
G1 X110.54 Y131.673 E2800.07181
G1 X110.944 Y131.819 E2800.08609
G1 X111.177 Y131.792 E2800.09389
G1 X111.55 Y131.924 E2800.10705
G1 X112.017 Y132.43 E2800.12996
G1 X112.164 Y132.847 E2800.14466
G1 X112.091 Y133.204 E2800.15678
G1 X111.865 Y133.445 E2800.16777
G1 X111.533 Y133.515 E2800.17906
G1 X111.157 Y133.374 E2800.19241
G1 X110.848 Y133.442 E2800.20294
G1 X110.429 Y133.282 E2800.21785
G1 X110.117 Y133.327 E2800.22834
G1 X109.771 Y133.426 E2800.24031
G1 X109.502 Y133.336 E2800.24974
G1 X109.44 Y133.342 E2800.25181
G1 X109.053 Y133.211 E2800.2654
G1 X108.635 Y133.341 E2800.27996
G1 X108.334 Y133.239 E2800.29053
G1 X107.979 Y133.353 E2800.30293
G1 X107.677 Y133.255 E2800.31349
G1 X107.42 Y132.951 E2800.32673
G1 X107.323 Y132.546 E2800.34059
G1 X107.346 Y132.321 E2800.34811
G1 X107.463 Y131.881 E2800.36325
G1 X107.716 Y131.571 E2800.37656
G1 F1500 E2793.87656
;MESH:9VBatteryHolder_v3.stl
G0 F15000 X107.043 Y131.026
G0 X106.675 Y131.481
G0 X106.493 Y132.166
G0 X106.451 Y132.608
G0 X106.63 Y133.357
G0 X107.123 Y133.937
G0 X107.716 Y134.335
G0 X107.716 Y135.43
G0 X97 Y136
;TYPE:WALL-INNER
G1 F1500 E2800.37656
G1 F3000 X123 Y136 E2801.24132
G1 F2941.2 X123.174 Y135.993 E2801.24723
G0 F15000 X123.697 Y135.697
G1 F3045.7 X123.174 Y135.993 E2801.26692
G1 X124.014 Y136.014 E2801.29445
G1 F3053.4 X123.993 Y135.174 E2801.3219
G1 X123.697 Y135.697 E2801.34154
G0 F15000 X123.993 Y135.174
G1 F2948.4 X124 Y135 E2801.34744
G1 F3000 X124 Y91 E2802.81088
G1 F1500 E2796.31088
G0 F15000 X123.838 Y135.838
G0 X96.162 Y135.838
G0 X96 Y91
G1 F1500 E2802.81088
G1 F3000 X96 Y135 E2804.27433
G1 F2941.2 X96.007 Y135.174 E2804.28024
G0 F15000 X96.303 Y135.697
G1 F3045.7 X96.007 Y135.174 E2804.29992
G1 X95.986 Y136.014 E2804.32745
G1 F3108.8 X97 Y136 E2804.36
G1 X96.303 Y135.697 E2804.38439
G0 F15000 X96.09 Y135.697
G0 X123.838 Y135.838
G0 X123.91 Y135.424
G0 X123.424 Y135.424
G1 F3000 X123.089 Y135.6 E2804.39698
G1 X97 Y135.6 E2805.2647
G1 X96.575 Y135.425 E2805.27999
G1 X96.4 Y135.089 E2805.29259
G1 X96.4 Y90.6 E2806.7723
G1 X95.6 Y90.6 E2806.79891
G1 X95.601 Y136.399 E2808.32219
G1 X124.4 Y136.4 E2809.28005
G1 X124.4 Y90.6 E2810.80336
G1 X123.6 Y90.6 E2810.82997
G1 X123.6 Y135.089 E2812.30968
G1 X123.424 Y135.424 E2812.32227
G0 F15000 X123.198 Y135.035
;TYPE:WALL-OUTER
G1 F3000 X123.142 Y135.142 E2812.32628
G1 X123.035 Y135.198 E2812.3303
G1 X97 Y135.2 E2813.19623
G1 X96.858 Y135.142 E2813.20133
G1 X96.802 Y135.035 E2813.20535
G1 X96.8 Y90.2 E2814.69657
G1 X95.2 Y90.2 E2814.74978
G1 X95.201 Y136.799 E2816.29967
G1 X124.8 Y136.8 E2817.28414
G1 X124.8 Y90.2 E2818.83406
G1 X123.2 Y90.2 E2818.88728
G1 X123.198 Y135.035 E2820.37849
G1 F1500 E2813.87849
G0 F15000 X123.51 Y135.035
G0 X123.424 Y90.424
G0 X122.335 Y90.424
G0 X101.165 Y87.259
G0 X100.241 Y87.259
G1 F1500 E2820.37849
G1 F2343.8 X100.247 Y87.747 E2820.39927
G1 F1500 E2813.89927
G0 F15000 X101.165 Y87.747
G0 X118.835 Y87.258
G0 X119.758 Y87.258
G1 F1500 E2820.39927
G1 F2348.3 X119.753 Y87.747 E2820.42005
G1 F1500 E2813.92005
G0 F15000 X120.68 Y87.542
G0 X120.669 Y86.347
G0 X119.609 Y83.665
G0 X119.79 Y82.75
G1 F1500 E2820.42005
G1 F2400 X100.207 Y82.75 E2821.23422
G1 X100.231 Y82.25 E2821.25503
G1 X119.765 Y82.25 E2822.06716
G1 F2395.2 X119.79 Y82.75 E2822.08801
G1 F1500 E2815.58801
;MESH:NONMESH
G0 F300 X119.79 Y82.75 Z17.8
G0 F15000 X119.551 Y82.522
G0 X107.758 Y82.57
G0 X107.758 Y83.665
G0 X106.861 Y131.25
G0 X107.758 Y131.978
;TIME_ELAPSED:3032.406711
;LAYER:88
;TYPE:SUPPORT
G1 F1500 E2822.08801
G1 F3000 X108.008 Y131.891 E2822.09682
G1 X108.303 Y131.979 E2822.10706
G1 X108.631 Y131.872 E2822.11853
G1 X109.027 Y132.008 E2822.13246
G1 X109.43 Y131.872 E2822.1466
G1 X109.773 Y131.989 E2822.15866
G1 X110.076 Y131.937 E2822.16888
G1 X110.472 Y132.088 E2822.18298
G1 X110.696 Y132.057 E2822.1905
G1 X111.072 Y132.203 E2822.20391
G1 X111.371 Y132.152 E2822.214
G1 X111.661 Y132.259 E2822.22428
G1 X111.884 Y132.503 E2822.23528
G1 X112.14 Y132.763 E2822.24741
G1 X112.252 Y133.058 E2822.25791
G1 X112.199 Y133.328 E2822.26706
G1 X112.016 Y133.506 E2822.27555
G1 X111.733 Y133.557 E2822.28512
G1 X111.426 Y133.455 E2822.29588
G1 X110.989 Y133.555 E2822.31079
G1 X110.623 Y133.411 E2822.32387
G1 X110.324 Y133.493 E2822.33418
G1 X110.165 Y133.463 E2822.33956
G1 X109.801 Y133.58 E2822.35228
G1 X109.549 Y133.499 E2822.36108
G1 X109.19 Y133.362 E2822.37386
G1 X108.721 Y133.492 E2822.39005
G1 X108.431 Y133.375 E2822.40045
G1 X108.332 Y133.372 E2822.40374
G1 X107.967 Y133.496 E2822.41657
G1 X107.73 Y133.416 E2822.42489
G1 X107.524 Y133.168 E2822.43561
G1 X107.446 Y132.831 E2822.44711
G1 X107.463 Y132.593 E2822.45505
G1 X107.556 Y132.235 E2822.46735
G1 X107.758 Y131.978 E2822.47822
G1 F1500 E2815.97822
;MESH:9VBatteryHolder_v3.stl
G0 F15000 X107.081 Y131.444
G0 X106.763 Y131.848
G0 X106.605 Y132.459
G0 X106.577 Y132.901
G0 X106.733 Y133.564
G0 X107.174 Y134.096
G0 X107.758 Y134.335
G0 X107.758 Y135.43
G0 X97 Y136
;TYPE:WALL-INNER
G1 F1500 E2822.47822
G1 F3000 X123 Y136 E2823.34299
G1 F2941.2 X123.174 Y135.993 E2823.3489
G0 F15000 X123.697 Y135.697
G1 F3045.7 X123.174 Y135.993 E2823.36858
G1 X124.014 Y136.014 E2823.39611
G1 F3053.4 X123.993 Y135.174 E2823.42357
G1 X123.697 Y135.697 E2823.44321
G0 F15000 X123.993 Y135.174
G1 F2948.4 X124 Y135 E2823.4491
G1 F3000 X124 Y91 E2824.91255
G1 F1500 E2818.41255
G0 F15000 X123.838 Y135.838
G0 X96.162 Y135.838
G0 X96 Y91
G1 F1500 E2824.91255
G1 F3000 X96 Y135 E2826.37599
G1 F2941.2 X96.007 Y135.174 E2826.3819
G0 F15000 X96.303 Y135.697
G1 F3045.7 X96.007 Y135.174 E2826.40159
G1 X95.986 Y136.014 E2826.42912
G1 F3108.8 X97 Y136 E2826.46167
G1 X96.303 Y135.697 E2826.48606
G0 F15000 X96.09 Y135.697
G0 X123.838 Y135.838
G0 X123.91 Y135.424
G0 X123.424 Y135.424
G1 F3000 X123.089 Y135.6 E2826.49865
G1 X97 Y135.6 E2827.36637
G1 X96.575 Y135.425 E2827.38166
G1 X96.4 Y135.089 E2827.39426
G1 X96.4 Y90.6 E2828.87397
G1 X95.6 Y90.6 E2828.90057
G1 X95.601 Y136.399 E2830.42386
G1 X124.4 Y136.4 E2831.38171
G1 X124.4 Y90.6 E2832.90503
G1 X123.6 Y90.6 E2832.93164
G1 X123.6 Y135.089 E2834.41135
G1 X123.424 Y135.424 E2834.42393
G0 F15000 X123.198 Y135.035
;TYPE:WALL-OUTER
G1 F3000 X123.142 Y135.142 E2834.42795
G1 X123.035 Y135.198 E2834.43197
G1 X97 Y135.2 E2835.29789
G1 X96.858 Y135.142 E2835.303
G1 X96.802 Y135.035 E2835.30701
G1 X96.8 Y90.2 E2836.79823
G1 X95.2 Y90.2 E2836.85145
G1 X95.201 Y136.799 E2838.40134
G1 X124.8 Y136.8 E2839.3858
G1 X124.8 Y90.2 E2840.93572
G1 X123.2 Y90.2 E2840.98894
G1 X123.198 Y135.035 E2842.48016
G1 F1500 E2835.98016
G0 F15000 X123.51 Y135.035
G0 X123.424 Y90.424
G0 X123.424 Y89.335
G0 X119.181 Y83.665
G0 X119.365 Y82.749
G1 F1500 E2842.48016
G1 F2400 X100.63 Y82.75 E2843.25907
G1 X100.66 Y82.25 E2843.27989
G1 X119.336 Y82.25 E2844.05635
G1 F2395.2 X119.365 Y82.749 E2844.07718
G1 F1500 E2837.57718
;MESH:NONMESH
G0 F300 X119.365 Y82.749 Z18
G0 F15000 X119.125 Y82.518
G0 X107.801 Y82.57
G0 X107.801 Y83.665
G0 X106.9 Y131.673
G0 X107.801 Y132.385
;TIME_ELAPSED:3054.840615
;LAYER:89
;TYPE:SUPPORT
G1 F1500 E2844.07718
G1 F3000 X107.98 Y132.321 E2844.0835
G1 X108.278 Y132.412 E2844.09386
G1 X108.627 Y132.312 E2844.10594
G1 X109.04 Y132.486 E2844.12084
G1 X109.168 Y132.454 E2844.12523
G1 X109.258 Y132.358 E2844.12961
G1 X109.43 Y132.312 E2844.13553
G1 X109.641 Y132.4 E2844.14313
G1 X109.87 Y132.41 E2844.15076
G1 X110.227 Y132.312 E2844.16307
G1 X110.579 Y132.492 E2844.17622
G1 X110.851 Y132.438 E2844.18544
G1 X111.208 Y132.578 E2844.1982
G1 X111.562 Y132.53 E2844.21008
G1 X111.851 Y132.637 E2844.22033
G1 X112.244 Y133.043 E2844.23912
G1 X112.346 Y133.296 E2844.24819
G1 X112.315 Y133.502 E2844.25512
G1 X112.191 Y133.628 E2844.261
G1 X111.979 Y133.661 E2844.26814
G1 X111.613 Y133.511 E2844.2813
G1 X111.513 Y133.528 E2844.28467
G1 X111.386 Y133.634 E2844.29017
G1 X111.197 Y133.668 E2844.29656
G1 X110.83 Y133.512 E2844.30982
G1 X110.709 Y133.513 E2844.31385
G1 X110.571 Y133.639 E2844.32006
G1 X110.407 Y133.687 E2844.32575
G1 X110.254 Y133.626 E2844.33122
G1 X110.136 Y133.644 E2844.33519
G1 X110.05 Y133.721 E2844.33903
G1 X109.885 Y133.768 E2844.34474
G1 X109.613 Y133.69 E2844.35415
G1 X109.201 Y133.509 E2844.36912
G1 X109.073 Y133.542 E2844.37351
G1 X108.977 Y133.637 E2844.37801
G1 X108.806 Y133.687 E2844.38393
G1 X108.392 Y133.513 E2844.39887
G1 X108.249 Y133.548 E2844.40376
G1 X108.173 Y133.63 E2844.40748
G1 X108.006 Y133.69 E2844.41339
G1 X107.83 Y133.619 E2844.4197
G1 X107.661 Y133.399 E2844.42892
G1 X107.554 Y132.965 E2844.44379
G1 X107.649 Y132.588 E2844.45672
G1 X107.801 Y132.385 E2844.46516
G1 F1500 E2837.96516
;MESH:9VBatteryHolder_v3.stl
G0 F15000 X107.113 Y131.866
G0 X106.854 Y132.209
G0 X106.723 Y132.75
G0 X106.708 Y133.13
G0 X106.87 Y133.789
G0 X107.248 Y134.278
G0 X107.801 Y135.43
G0 X97 Y136
;TYPE:WALL-INNER
G1 F1500 E2844.46516
G1 F3000 X123 Y136 E2845.32992
G1 F2941.2 X123.174 Y135.993 E2845.33583
G0 F15000 X123.697 Y135.697
G1 F3045.7 X123.174 Y135.993 E2845.35552
G1 X124.014 Y136.014 E2845.38304
G1 F3053.4 X123.993 Y135.174 E2845.4105
G1 X123.697 Y135.697 E2845.43014
G0 F15000 X123.993 Y135.174
G1 F2948.4 X124 Y135 E2845.43603
G1 F3000 X124 Y91 E2846.89948
G1 F1500 E2840.39948
G0 F15000 X123.838 Y135.838
G0 X96.162 Y135.838
G0 X96 Y91
G1 F1500 E2846.89948
G1 F3000 X96 Y135 E2848.36293
G1 F2941.2 X96.007 Y135.174 E2848.36883
G0 F15000 X96.303 Y135.697
G1 F3045.7 X96.007 Y135.174 E2848.38852
G1 X95.986 Y136.014 E2848.41605
G1 F3108.8 X97 Y136 E2848.4486
G1 X96.303 Y135.697 E2848.47299
G0 F15000 X96.09 Y135.697
G0 X123.838 Y135.838
G0 X123.91 Y135.424
G0 X123.424 Y135.424
G1 F3000 X123.089 Y135.6 E2848.48558
G1 X97 Y135.6 E2849.3533
G1 X96.575 Y135.425 E2849.36859
G1 X96.4 Y135.089 E2849.38119
G1 X96.4 Y90.6 E2850.8609
G1 X95.6 Y90.6 E2850.88751
G1 X95.601 Y136.399 E2852.41079
G1 X124.4 Y136.4 E2853.36865
G1 X124.4 Y90.6 E2854.89196
G1 X123.6 Y90.6 E2854.91857
G1 X123.6 Y135.089 E2856.39828
G1 X123.424 Y135.424 E2856.41087
G0 F15000 X123.198 Y135.035
;TYPE:WALL-OUTER
G1 F3000 X123.142 Y135.142 E2856.41488
G1 X123.035 Y135.198 E2856.4189
G1 X97 Y135.2 E2857.28483
G1 X96.858 Y135.142 E2857.28993
G1 X96.802 Y135.035 E2857.29395
G1 X96.8 Y90.2 E2858.78516
G1 X95.2 Y90.2 E2858.83838
G1 X95.201 Y136.799 E2860.38827
G1 X124.8 Y136.8 E2861.37274
G1 X124.8 Y90.2 E2862.92266
G1 X123.2 Y90.2 E2862.97587
G1 X123.198 Y135.035 E2864.46709
G1 F1500 E2857.96709
G0 F15000 X123.51 Y135.035
G0 X123.424 Y90.424
G0 X123.424 Y89.335
G0 X118.715 Y83.665
G0 X118.883 Y82.75
G1 F1500 E2864.46709
G1 F2400 X101.116 Y82.75 E2865.20576
G1 X101.096 Y82.25 E2865.22656
G1 X118.901 Y82.25 E2865.96681
G1 F2404.8 X118.883 Y82.75 E2865.98757
G1 F1500 E2859.48757
;MESH:NONMESH
G0 F300 X118.883 Y82.75 Z18.2
G0 F15000 X118.659 Y82.518
G0 X107.9 Y82.57
G0 X107.9 Y83.665
G0 X106.94 Y132.095
G0 X107.9 Y132.819
;TIME_ELAPSED:3077.206086
;LAYER:90
;TYPE:SUPPORT
G1 F1500 E2865.98757
G1 F2404.8 X107.959 Y132.797 E2865.99018
G1 X108.045 Y132.833 E2865.99405
G1 X108.203 Y133.03 E2866.00453
G1 F2479.3 X108.373 Y133.057 E2866.01145
G1 F2400 X108.529 Y133.013 E2866.01819
G1 F2268.4 X108.657 Y132.826 E2866.02816
G1 X108.789 Y132.855 E2866.03411
G1 X108.914 Y133.031 E2866.0436
G1 F2439 X109.159 Y133.083 E2866.05385
G1 F2371.5 X109.351 Y133.01 E2866.06249
G1 F2154.4 X109.466 Y132.838 E2866.07207
G1 F2150.5 X109.764 Y132.909 E2866.08629
G1 X110.023 Y132.994 E2866.09893
G1 F2197.8 X110.149 Y132.947 E2866.10504
G1 F2234.6 X110.256 Y132.832 E2866.11205
G1 X110.383 Y132.857 E2866.11783
G1 X110.475 Y132.987 E2866.12494
G1 F2334.6 X110.733 Y133.032 E2866.13614
G1 F2352.9 X110.831 Y133.001 E2866.1405
G1 F2268.4 X110.912 Y132.912 E2866.14579
G1 F2264.2 X110.984 Y132.902 E2866.14899
G1 X111.379 Y133.084 E2866.16816
G1 F2272.7 X111.52 Y133.057 E2866.17446
G1 F2281.4 X111.669 Y132.936 E2866.18286
G1 X111.76 Y132.926 E2866.18686
G1 X111.924 Y132.994 E2866.19463
G1 X112.151 Y133.23 E2866.20895
G1 X112.154 Y133.398 E2866.2163
G1 X111.997 Y133.493 E2866.22432
G1 X111.833 Y133.467 E2866.23159
G1 X111.602 Y133.498 E2866.24178
G1 F2272.7 X111.381 Y133.465 E2866.25159
G1 F2264.2 X111.202 Y133.492 E2866.25957
G1 X111.036 Y133.465 E2866.26698
G1 F2352.9 X110.801 Y133.516 E2866.27718
G1 F2400 X110.477 Y133.482 E2866.29072
G1 F2362.2 X110.404 Y133.502 E2866.29392
G1 F2298.9 X110.253 Y133.445 E2866.30092
G1 F2197.8 X110.118 Y133.452 E2866.30706
G1 F2158.3 X109.869 Y133.55 E2866.31943
G1 X109.567 Y133.437 E2866.33434
G1 F2272.7 X109.49 Y133.472 E2866.33805
G1 F2515.7 X109.201 Y133.535 E2866.34978
G1 F2531.6 X108.879 Y133.489 E2866.3626
G1 F2419.4 X108.801 Y133.509 E2866.36592
G1 F2334.6 X108.691 Y133.465 E2866.37099
G1 F2400 X108.401 Y133.527 E2866.38332
G1 F2479.3 X108.103 Y133.482 E2866.39545
G1 F2404.8 X108.002 Y133.509 E2866.39978
G1 X107.843 Y133.41 E2866.40756
G1 X107.785 Y133.129 E2866.41946
G1 X107.82 Y132.939 E2866.42748
G1 X107.9 Y132.819 E2866.43346
G1 F1500 E2859.93346
;MESH:9VBatteryHolder_v3.stl
G0 F15000 X106.946 Y132.646
G0 X106.858 Y133.14
G0 X107.001 Y133.86
G0 X107.392 Y134.249
G0 X107.812 Y134.37
G0 X107.9 Y135.43
G0 X97 Y136
;TYPE:WALL-INNER
G1 F1500 E2866.43346
G1 F3000 X123 Y136 E2867.29822
G1 F2941.2 X123.174 Y135.993 E2867.30413
G0 F15000 X123.697 Y135.697
G1 F3045.7 X123.174 Y135.993 E2867.32382
G1 X124.014 Y136.014 E2867.35135
G1 F3053.4 X123.993 Y135.174 E2867.37881
G1 X123.697 Y135.697 E2867.39844
G0 F15000 X123.993 Y135.174
G1 F2948.4 X124 Y135 E2867.40434
G1 F3000 X124 Y91 E2868.86778
G1 F1500 E2862.36778
G0 F15000 X123.838 Y135.838
G0 X96.162 Y135.838
G0 X96 Y91
G1 F1500 E2868.86778
G1 F3000 X96 Y135 E2870.33123
G1 F2941.2 X96.007 Y135.174 E2870.33714
G0 F15000 X96.303 Y135.697
G1 F3045.7 X96.007 Y135.174 E2870.35683
G1 X95.986 Y136.014 E2870.38435
G1 F3108.8 X97 Y136 E2870.4169
G1 X96.303 Y135.697 E2870.4413
G0 F15000 X96.09 Y135.697
G0 X123.838 Y135.838
G0 X123.91 Y135.424
G0 X123.424 Y135.424
G1 F3000 X123.089 Y135.6 E2870.45388
G1 X97 Y135.6 E2871.32161
G1 X96.575 Y135.425 E2871.33689
G1 X96.4 Y135.089 E2871.34949
G1 X96.4 Y90.6 E2872.8292
G1 X95.6 Y90.6 E2872.85581
G1 X95.601 Y136.399 E2874.37909
G1 X124.4 Y136.4 E2875.33695
G1 X124.4 Y90.6 E2876.86026
G1 X123.6 Y90.6 E2876.88687
G1 X123.6 Y135.089 E2878.36658
G1 X123.424 Y135.424 E2878.37917
G0 F15000 X123.198 Y135.035
;TYPE:WALL-OUTER
G1 F3000 X123.142 Y135.142 E2878.38319
G1 X123.035 Y135.198 E2878.3872
G1 X97 Y135.2 E2879.25313
G1 X96.858 Y135.142 E2879.25823
G1 X96.802 Y135.035 E2879.26225
G1 X96.8 Y90.2 E2880.75347
G1 X95.2 Y90.2 E2880.80668
G1 X95.201 Y136.799 E2882.35657
G1 X124.8 Y136.8 E2883.34104
G1 X124.8 Y90.2 E2884.89096
G1 X123.2 Y90.2 E2884.94418
G1 X123.198 Y135.035 E2886.4354
G1 F1500 E2879.9354
G0 F15000 X123.51 Y135.035
G0 X123.424 Y90.424
G0 X123.424 Y89.335
G0 X118.126 Y83.665
G0 X118.307 Y82.75
G1 F1500 E2886.4354
G1 F2400 X101.69 Y82.75 E2887.12625
G1 X101.72 Y82.25 E2887.14708
G1 X118.276 Y82.25 E2887.83539
G1 F2395.2 X118.307 Y82.75 E2887.85626
;MESH:NONMESH
G0 F300 X118.307 Y82.75 Z18.4
G0 F15000 X117.51 Y82.75
;TIME_ELAPSED:3098.358354
;LAYER:91
;TYPE:WALL-OUTER
;MESH:9VBatteryHolder_v3.stl
G1 F2400 X102.486 Y82.75 E2888.48089
G1 X102.47 Y82.25 E2888.50169
G1 X117.526 Y82.25 E2889.12764
G1 F2404.8 X117.51 Y82.75 E2889.1484
G1 F1500 E2882.6484
G0 F15000 X117.289 Y82.519
G0 X117.345 Y83.665
G0 X123.424 Y89.335
G0 X123.424 Y90.424
G0 X124 Y91
;TYPE:WALL-INNER
G1 F1500 E2889.1484
G1 F3000 X124 Y135 E2890.61184
G1 F2948.4 X123.993 Y135.174 E2890.61774
G0 F15000 X123.697 Y135.697
G1 F3045.7 X123.174 Y135.993 E2890.63743
G1 X124.014 Y136.014 E2890.66495
G1 F3053.4 X123.993 Y135.174 E2890.69241
G1 X123.697 Y135.697 E2890.71205
G0 F15000 X123.174 Y135.993
G1 F2941.2 X123 Y136 E2890.71796
G1 F3000 X97 Y136 E2891.58272
G0 F15000 X96.303 Y135.697
G1 F3045.7 X96.007 Y135.174 E2891.60241
G1 X95.986 Y136.014 E2891.62994
G1 F3108.8 X97 Y136 E2891.66249
G1 X96.303 Y135.697 E2891.68688
G0 F15000 X96.007 Y135.174
G1 F2941.2 X96 Y135 E2891.69279
G1 F3000 X96 Y91 E2893.15623
G1 F1500 E2886.65623
G0 F15000 X96.162 Y135.838
G0 X123.838 Y135.838
G0 X123.91 Y135.424
G0 X123.424 Y135.424
G1 F1500 E2893.15623
G1 F3000 X123.089 Y135.6 E2893.16882
G1 X97 Y135.6 E2894.03654
G1 X96.575 Y135.425 E2894.05183
G1 X96.4 Y135.089 E2894.06443
G1 X96.4 Y90.6 E2895.54414
G1 X95.6 Y90.6 E2895.57075
G1 X95.601 Y136.399 E2897.09403
G1 X124.4 Y136.4 E2898.05189
G1 X124.4 Y90.6 E2899.5752
G1 X123.6 Y90.6 E2899.60181
G1 X123.6 Y135.089 E2901.08152
G1 X123.424 Y135.424 E2901.09411
G0 F15000 X123.198 Y135.035
;TYPE:WALL-OUTER
G1 F3000 X123.142 Y135.142 E2901.09812
G1 X123.035 Y135.198 E2901.10214
G1 X97 Y135.2 E2901.96807
G1 X96.858 Y135.142 E2901.97317
G1 X96.802 Y135.035 E2901.97719
G1 X96.8 Y90.2 E2903.4684
G1 X95.2 Y90.2 E2903.52162
G1 X95.201 Y136.799 E2905.07151
G1 X124.8 Y136.8 E2906.05598
G1 X124.8 Y90.2 E2907.6059
G1 X123.2 Y90.2 E2907.65912
G1 X123.198 Y135.035 E2909.15033
;MESH:NONMESH
G0 F300 X123.198 Y135.035 Z18.6
G0 F15000 X123.51 Y135.035
G0 X123.438 Y135.438
G0 X111 Y136.49
G0 X111 Y137
;TIME_ELAPSED:3116.334858
;LAYER:92
;note -- min layer time used
;TYPE:WALL-INNER
;MESH:9VBatteryHolder_v3.stl
G1 F600 X111 Y134 E2909.25011
G1 X109 Y134 E2909.31663
G1 X109 Y137 E2909.41641
G1 X111 Y137 E2909.48293
G0 F15000 X111.12 Y133.881
G0 X111.4 Y133.6
G1 F600 X108.6 Y133.6 E2909.57606
G1 X108.6 Y137.4 E2909.70245
G1 X111.4 Y137.4 E2909.79558
G1 X111.4 Y133.6 E2909.92197
G0 F15000 X111.8 Y133.2
;TYPE:WALL-OUTER
G1 F600 X108.2 Y133.2 E2910.04171
G1 X108.2 Y137.8 E2910.1947
G1 X111.8 Y137.8 E2910.31444
G1 X111.8 Y133.2 E2910.46743
G0 F15000 X111.52 Y133.481
G0 X111.082 Y136.482
G0 X109.846 Y136.3
G0 X109.846 Y136.08
;TYPE:FILL
G1 F600 X109.081 Y136.285 E2910.49378
G0 F15000 X110.828 Y136.228
G0 X110.64 Y136.04
;TYPE:SKIN
G1 F600 X109.36 Y136.04 E2910.53635
G1 X109.36 Y134.36 E2910.59223
G1 X110.64 Y134.36 E2910.6348
G1 X110.64 Y136.04 E2910.69068
G0 F15000 X110.9 Y136.04
G0 X109.172 Y136.228
G0 X109.1 Y135.581
G0 X109.56 Y135.581
G1 F600 X109.819 Y135.84 E2910.70286
G0 F15000 X110.384 Y135.84
G1 F600 X109.56 Y135.016 E2910.74162
G0 F15000 X109.67 Y134.56
G1 F600 X110.44 Y135.33 E2910.77784
G0 F15000 X110.44 Y134.765
G1 F600 X110.236 Y134.56 E2910.78746
;MESH:NONMESH
G0 F300 X110.236 Y134.56 Z18.8
G0 F15000 X110.236 Y134.1
G0 X110.828 Y134.172
G0 X111 Y137
;TIME_ELAPSED:3122.608813
;LAYER:93
;note -- min layer time used
;TYPE:WALL-INNER
;MESH:9VBatteryHolder_v3.stl
G1 F600 X111 Y134.344 E2910.87579
G1 X109 Y134.344 E2910.94231
G1 X109 Y137 E2911.03065
G1 X111 Y137 E2911.09717
G0 F15000 X111.4 Y137.4
G1 F600 X111.4 Y133.944 E2911.21212
G1 X108.6 Y133.944 E2911.30525
G1 X108.6 Y137.4 E2911.4202
G1 X111.4 Y137.4 E2911.51332
G0 F15000 X111.8 Y137.8
;TYPE:WALL-OUTER
G1 F600 X111.8 Y133.544 E2911.65488
G1 X108.2 Y133.544 E2911.77462
G1 X108.2 Y137.8 E2911.91617
G1 X111.8 Y137.8 E2912.03591
G0 F15000 X111.52 Y137.52
G0 X110.39 Y136.3
G0 X110.39 Y136.08
;TYPE:FILL
G1 F600 X109.081 Y136.431 E2912.08098
G0 F15000 X110.828 Y136.228
G0 X110.64 Y136.04
;TYPE:SKIN
G1 F600 X109.36 Y136.04 E2912.12356
G1 X109.36 Y134.704 E2912.16799
G1 X110.64 Y134.704 E2912.21056
G1 X110.64 Y136.04 E2912.255
G0 F15000 X110.22 Y135.62
G1 F545.5 X109.78 Y135.62 E2912.2711
G1 X109.78 Y135.124 E2912.28924
G1 X110.22 Y135.124 E2912.30534
G1 X110.22 Y135.62 E2912.32349
G0 F15000 X110.22 Y136.6
;MESH:NONMESH
G0 F300 X110.22 Y136.6 Z19
G0 F15000 X111 Y137
;TIME_ELAPSED:3127.916160
;LAYER:94
;note -- min layer time used
;TYPE:WALL-INNER
;MESH:9VBatteryHolder_v3.stl
G1 F600 X111 Y134.692 E2912.40025
G1 X109 Y134.692 E2912.46677
G1 X109 Y137 E2912.54354
G1 X111 Y137 E2912.61006
G0 F15000 X111.4 Y137.4
G1 F600 X111.4 Y134.292 E2912.71343
G1 X108.6 Y134.292 E2912.80656
G1 X108.6 Y137.4 E2912.90993
G1 X111.4 Y137.4 E2913.00306
G0 F15000 X111.8 Y137.8
;TYPE:WALL-OUTER
G1 F600 X111.8 Y133.892 E2913.13304
G1 X108.2 Y133.892 E2913.25278
G1 X108.2 Y137.8 E2913.38276
G1 X111.8 Y137.8 E2913.50249
G0 F15000 X111.52 Y137.52
G0 X110.643 Y136.379
G0 X110.643 Y136.159
;TYPE:FILL
G1 F600 X109.081 Y136.578 E2913.55628
G0 F15000 X110.828 Y136.307
G0 X110.64 Y136.116
;TYPE:SKIN
G1 F600 X109.36 Y136.116 E2913.59886
G1 X109.36 Y135.052 E2913.63425
G1 X110.64 Y135.052 E2913.67682
G1 X110.64 Y136.116 E2913.71221
G0 F15000 X110.083 Y135.584
G1 F361.4 X110.042 Y135.656 E2913.71678
G1 X109.959 Y135.656 E2913.72136
G1 X109.917 Y135.584 E2913.72597
G1 X109.958 Y135.512 E2913.73054
G1 X110.041 Y135.512 E2913.73512
G1 X110.083 Y135.584 E2913.73973
G1 F1500 E2907.23973
;MESH:NONMESH
G0 F300 X110.083 Y135.584 Z19.2
G0 F15000 X110.083 Y136.279
G0 X111 Y137
;TIME_ELAPSED:3133.138006
;LAYER:95
;note -- min layer time used
;TYPE:WALL-INNER
;MESH:9VBatteryHolder_v3.stl
G1 F1500 E2913.73973
G1 F600 X111 Y135.04 E2913.80492
G1 X109 Y135.04 E2913.87144
G1 X109 Y137 E2913.93663
G1 X111 Y137 E2914.00315
G0 F15000 X111.4 Y137.4
G1 F600 X111.4 Y134.64 E2914.09494
G1 X108.6 Y134.64 E2914.18807
G1 X108.6 Y137.4 E2914.27987
G1 X111.4 Y137.4 E2914.373
G0 F15000 X111.8 Y137.8
;TYPE:WALL-OUTER
G1 F600 X111.8 Y134.24 E2914.4914
G1 X108.2 Y134.24 E2914.61114
G1 X108.2 Y137.8 E2914.72955
G1 X111.8 Y137.8 E2914.84928
G0 F15000 X111.52 Y137.52
G0 X109.896 Y136.725
G0 X109.896 Y136.505
;TYPE:FILL
G1 F600 X109.081 Y136.724 E2914.87735
G0 F15000 X110.828 Y136.653
G0 X110.64 Y136.464
;TYPE:SKIN
G1 F600 X109.36 Y136.464 E2914.91993
G1 X109.36 Y135.4 E2914.95531
G1 X110.64 Y135.4 E2914.99789
G1 X110.64 Y136.464 E2915.03328
G0 F15000 X110.083 Y135.932
G1 F361.4 X110.042 Y136.004 E2915.03785
G1 X109.959 Y136.004 E2915.04243
G1 X109.917 Y135.932 E2915.04704
G1 X109.958 Y135.86 E2915.05161
G1 X110.041 Y135.86 E2915.05619
G1 X110.083 Y135.932 E2915.06079
;MESH:NONMESH
G0 F300 X110.083 Y135.932 Z19.4
G0 F15000 X110.083 Y136.625
G0 X111 Y137
;TIME_ELAPSED:3138.100382
;LAYER:96
;note -- min layer time used
;TYPE:WALL-INNER
;MESH:9VBatteryHolder_v3.stl
G1 F600 X111 Y135.384 E2915.11454
G1 X109 Y135.384 E2915.18106
G1 X109 Y137 E2915.23481
G1 X111 Y137 E2915.30133
G0 F15000 X111.4 Y137.4
G1 F600 X111.4 Y134.984 E2915.38169
G1 X108.6 Y134.984 E2915.47482
G1 X108.6 Y137.4 E2915.55517
G1 X111.4 Y137.4 E2915.6483
G0 F15000 X111.8 Y137.8
;TYPE:WALL-OUTER
G1 F600 X111.8 Y134.584 E2915.75527
G1 X108.2 Y134.584 E2915.875
G1 X108.2 Y137.8 E2915.98197
G1 X111.8 Y137.8 E2916.1017
G1 F1500 E2909.6017
G0 F15000 X111.52 Y137.52
G0 X109.808 Y136.8
G0 X109.808 Y136.192
;TYPE:SKIN
G1 F1500 E2916.1017
G1 F483.9 X110.192 Y136.192 E2916.11754
G0 F15000 X110.64 Y136.64
G1 F600 X109.36 Y136.64 E2916.16011
G1 X109.36 Y135.744 E2916.18992
G1 X110.64 Y135.744 E2916.23249
G1 X110.64 Y136.64 E2916.26229
;MESH:NONMESH
G0 F300 X110.64 Y136.64 Z19.6
G0 F15000 X111 Y137
;TIME_ELAPSED:3142.804945
;LAYER:97
;note -- min layer time used
;TYPE:WALL-INNER
;MESH:9VBatteryHolder_v3.stl
G1 F600 X111 Y135.732 E2916.30446
G1 X109 Y135.732 E2916.37098
G1 X109 Y137 E2916.41316
G1 X111 Y137 E2916.47968
G0 F15000 X111.4 Y137.4
G1 F600 X111.4 Y135.332 E2916.54846
G1 X108.6 Y135.332 E2916.64159
G1 X108.6 Y137.4 E2916.71037
G1 X111.4 Y137.4 E2916.8035
G0 F15000 X111.8 Y137.8
;TYPE:WALL-OUTER
G1 F600 X111.8 Y134.932 E2916.89889
G1 X108.2 Y134.932 E2917.01862
G1 X108.2 Y137.8 E2917.11401
G1 X111.8 Y137.8 E2917.23375
G0 F15000 X111.52 Y137.52
G0 X110.9 Y136.603
G0 X110.603 Y136.603
;TYPE:SKIN
G1 F506.3 X109.397 Y136.603 E2917.28128
G1 X109.397 Y136.129 E2917.29997
G1 X110.603 Y136.129 E2917.3475
G1 X110.603 Y136.603 E2917.36618
;MESH:NONMESH
G0 F300 X110.603 Y136.603 Z19.8
G0 F15000 X111 Y137
;TIME_ELAPSED:3146.512577
;LAYER:98
;note -- min layer time used
;TYPE:WALL-INNER
;MESH:9VBatteryHolder_v3.stl
G1 F600 X111 Y136.076 E2917.39691
G1 X109 Y136.076 E2917.46343
G1 X109 Y137 E2917.49416
G1 X111 Y137 E2917.56068
G0 F15000 X111.4 Y137.4
G1 F600 X111.4 Y135.676 E2917.61803
G1 X108.6 Y135.676 E2917.71115
G1 X108.6 Y137.4 E2917.76849
G1 X111.4 Y137.4 E2917.86162
G0 F15000 X111.8 Y137.8
;TYPE:WALL-OUTER
G1 F600 X111.8 Y135.276 E2917.94557
G1 X108.2 Y135.276 E2918.06531
G1 X108.2 Y137.8 E2918.14926
G1 X111.8 Y137.8 E2918.26899
G0 F15000 X111.52 Y137.52
G0 X111.082 Y135.994
G0 X109.462 Y136.176
G0 X109.462 Y136.538
;TYPE:SKIN
G1 F397.4 X110.538 Y136.538 E2918.32303
;MESH:NONMESH
G0 F300 X110.538 Y136.538 Z20
G0 F15000 X110.956 Y136.956
;TIME_ELAPSED:3149.891003
;LAYER:99
;note -- min layer time used
;TYPE:WALL-INNER
;MESH:9VBatteryHolder_v3.stl
G1 F491.8 X110.956 Y136.468 E2918.34283
G1 X109.044 Y136.468 E2918.42042
G1 X109.044 Y136.956 E2918.44022
G1 X110.956 Y136.956 E2918.5178
G0 F15000 X111.4 Y137.4
G1 F600 X111.4 Y136.024 E2918.56357
G1 X108.6 Y136.024 E2918.6567
G1 X108.6 Y137.4 E2918.70246
G1 X111.4 Y137.4 E2918.79559
G0 F15000 X111.8 Y137.8
;TYPE:WALL-OUTER
G1 F600 X111.8 Y135.624 E2918.86797
G1 X108.2 Y135.624 E2918.9877
G1 X108.2 Y137.8 E2919.06008
G1 X111.8 Y137.8 E2919.17981
G0 F15000 X110.79 Y136.908
;MESH:NONMESH
G0 F300 X110.79 Y136.908 Z20.2
G0 F15000 X109.114 Y136.886
;TIME_ELAPSED:3152.864753
;LAYER:100
;note -- min layer time used
;TYPE:WALL-INNER
;MESH:9VBatteryHolder_v3.stl
G1 F382.2 X110.886 Y136.886 E2919.27234
G0 F15000 X111.4 Y137.4
G1 F600 X111.4 Y136.372 E2919.30654
G1 X108.6 Y136.372 E2919.39966
G1 X108.6 Y137.4 E2919.43386
G1 X111.4 Y137.4 E2919.52698
G0 F15000 X111.8 Y137.8
;TYPE:WALL-OUTER
G1 F600 X111.8 Y135.972 E2919.58778
G1 X108.2 Y135.972 E2919.70752
G1 X108.2 Y137.8 E2919.76832
G1 X111.8 Y137.8 E2919.88806
G0 F15000 X110.79 Y136.908
;MESH:NONMESH
G0 F300 X110.79 Y136.908 Z20.4
G0 F15000 X111.329 Y137.329
;TIME_ELAPSED:3155.356117
;LAYER:101
;note -- min layer time used
;TYPE:WALL-INNER
;MESH:9VBatteryHolder_v3.stl
G1 F442.8 X111.329 Y136.787 E2919.91248
G1 X108.671 Y136.787 E2920.03227
G1 X108.671 Y137.329 E2920.0567
G1 X111.329 Y137.329 E2920.17649
G0 F15000 X111.8 Y137.8
;TYPE:WALL-OUTER
G1 F600 X111.8 Y136.316 E2920.22585
G1 X108.2 Y136.316 E2920.34558
G1 X108.2 Y137.8 E2920.39494
G1 X111.8 Y137.8 E2920.51468
;MESH:NONMESH
G0 F300 X111.8 Y137.8 Z20.6
G0 F15000 X111.416 Y137.416
;TIME_ELAPSED:3157.443430
;LAYER:102
;note -- min layer time used
;TYPE:WALL-INNER
;MESH:9VBatteryHolder_v3.stl
G1 F652.2 X111.416 Y137.048 E2920.52594
G1 X108.584 Y137.048 E2920.6126
G1 X108.584 Y137.416 E2920.62386
G1 X111.416 Y137.416 E2920.71051
G0 F15000 X111.8 Y137.8
;TYPE:WALL-OUTER
G1 F600 X111.8 Y136.664 E2920.7483
G1 X108.2 Y136.664 E2920.86803
G1 X108.2 Y137.8 E2920.90582
G1 X111.8 Y137.8 E2921.02555
;MESH:NONMESH
G0 F300 X111.8 Y137.8 Z20.8
G0 F15000 X111.52 Y137.52
G0 X108.596 Y137.404
;TIME_ELAPSED:3159.288710
;LAYER:103
;note -- min layer time used
;TYPE:WALL-INNER
;MESH:9VBatteryHolder_v3.stl
G1 F612.2 X111.404 Y137.404 E2921.11708
G0 F15000 X111.8 Y137.8
;TYPE:WALL-OUTER
G1 F600 X111.8 Y137.008 E2921.14342
G1 X108.2 Y137.008 E2921.26316
G1 X108.2 Y137.8 E2921.2895
G1 X111.8 Y137.8 E2921.40924
;MESH:NONMESH
G0 F300 X111.8 Y137.8 Z21
G0 F15000 X111.789 Y137.789
;TIME_ELAPSED:3160.590326
;LAYER:104
;note -- min layer time used
;TYPE:WALL-OUTER
;MESH:9VBatteryHolder_v3.stl
G1 F568.7 X108.211 Y137.789 E2921.53479
G1 X108.211 Y137.367 E2921.54959
G1 X111.789 Y137.367 E2921.67514
G1 X111.789 Y137.789 E2921.68995
;MESH:NONMESH
G0 F300 X111.789 Y137.789 Z21.2
G0 F15000 X111.752 Y137.752
;TIME_ELAPSED:3161.524739
;LAYER:105
;note -- min layer time used
;TYPE:WALL-OUTER
;MESH:9VBatteryHolder_v3.stl
G1 F483.9 X108.248 Y137.752 E2921.83447
;TIME_ELAPSED:3161.968364
G1 F1500 E2915.33447
M140 S0
M107
G91 ;Relative positioning
G1 E-2 F2700 ;Retract a bit
G1 E-2 Z0.2 F2400 ;Retract and raise Z
G1 X5 Y5 F3000 ;Wipe out
G1 Z10 ;Raise Z more
G90 ;Absolute positioning

G1 X0 Y220 ;Present print
M106 S0 ;Turn-off fan
M104 S0 ;Turn-off hotend
M140 S0 ;Turn-off bed

M84 X Y E ;Disable all steppers but Z

M82 ;absolute extrusion mode
M104 S0
;End of Gcode
;SETTING_3 {"global_quality": "[general]\\nversion = 4\\nname = StandardQualityC
;SETTING_3 ustom\\ndefinition = creality_ender3pro\\n\\n[metadata]\\ntype = qual
;SETTING_3 ity_changes\\nquality_type = standard\\nsetting_version = 25\\n\\n[va
;SETTING_3 lues]\\nadhesion_type = skirt\\nmaterial_bed_temperature = 65\\nmater
;SETTING_3 ial_bed_temperature_layer_0 = 60\\nsupport_enable = True\\nsupport_st
;SETTING_3 ructure = tree\\nsupport_type = everywhere\\n\\n", "extruder_quality"
;SETTING_3 : ["[general]\\nversion = 4\\nname = StandardQualityCustom\\ndefiniti
;SETTING_3 on = creality_ender3pro\\n\\n[metadata]\\ntype = quality_changes\\nqu
;SETTING_3 ality_type = standard\\nintent_category = default\\nposition = 0\\nse
;SETTING_3 tting_version = 25\\n\\n[values]\\ninfill_sparse_density = 10\\nmater
;SETTING_3 ial_print_temperature = 205\\nspeed_print = 100\\nsupport_angle = 55\
;SETTING_3 \nwall_line_count = 3\\nxy_offset_layer_0 = -0.1\\nz_seam_corner = z_
;SETTING_3 seam_corner_inner\\nz_seam_type = sharpest_corner\\n\\n"]}
