;FLAVOR:Marlin
;TIME:2520
;Filament used: 0.90063m
;Layer height: 0.12
;MINX:45.409
;MINY:54.99
;MINZ:0.12
;MAXX:78.074
;MAXY:87.655
;MAXZ:8.52
;Generated with Cura_SteamEngine master
M140 S65
M105
M190 S65
M104 S205
M105
M109 S205
M82 ;absolute extrusion mode
; Ender 3 Custom Start G-code
G92 E0 ; Reset Extruder
G28 ; Home all axes
G1 Z2.0 F3000 ; Move Z Axis up little to prevent scratching of Heat Bed
G1 X0.1 Y20 Z0.3 F5000.0 ; Move to start position
G1 X0.1 Y200.0 Z0.3 F1500.0 E15 ; Draw the first line
G1 X0.4 Y200.0 Z0.3 F5000.0 ; Move to side a little
G1 X0.4 Y20 Z0.3 F1500.0 E30 ; Draw the second line
G92 E0 ; Reset Extruder
G1 Z2.0 F3000 ; Move Z Axis up little to prevent scratching of Heat Bed
G1 X5 Y20 Z0.3 F5000.0 ; Move over to prevent blob squish
G92 E0
G92 E0
G1 F1500 E-6.5
;LAYER_COUNT:72
;LAYER:0
M107
;MESH:HBridgeMount.stl
G0 F6000 X74.575 Y60.078 Z0.12
;TYPE:WALL-INNER
G1 F1500 E0
G1 F1200 X75.09 Y59.951 E0.01059
G1 X75.56 Y59.705 E0.02117
G1 X75.96 Y59.352 E0.03182
G1 X76.261 Y58.915 E0.04241
G1 X76.45 Y58.417 E0.05304
G1 X76.513 Y57.89 E0.06363
G1 X76.45 Y57.363 E0.07422
G1 X76.261 Y56.865 E0.08485
G1 X75.96 Y56.428 E0.09544
G1 X75.56 Y56.075 E0.10609
G1 X75.09 Y55.829 E0.11667
G1 X74.575 Y55.702 E0.12726
G1 X74.043 Y55.702 E0.13787
G1 X73.529 Y55.829 E0.14844
G1 X73.056 Y56.075 E0.15908
G1 X72.659 Y56.428 E0.16968
G1 X72.357 Y56.865 E0.18028
G1 X72.169 Y57.362 E0.19089
G1 X72.104 Y57.89 E0.2015
G1 X72.169 Y58.418 E0.21212
G1 X72.357 Y58.915 E0.22272
G1 X72.659 Y59.352 E0.23332
G1 X73.056 Y59.705 E0.24392
G1 X73.529 Y59.951 E0.25456
G1 X74.043 Y60.078 E0.26513
G1 X74.575 Y60.078 E0.27575
G0 F6000 X74.526 Y59.678
;TYPE:WALL-OUTER
G1 F1200 X74.947 Y59.574 E0.2844
G1 X75.332 Y59.373 E0.29307
G1 X75.658 Y59.085 E0.30175
G1 X75.904 Y58.728 E0.3104
G1 X76.059 Y58.321 E0.31909
G1 X76.11 Y57.89 E0.32775
G1 X76.059 Y57.459 E0.33641
G1 X75.904 Y57.052 E0.34511
G1 X75.658 Y56.695 E0.35376
G1 X75.332 Y56.407 E0.36244
G1 X74.947 Y56.206 E0.37111
G1 X74.526 Y56.102 E0.37976
G1 X74.092 Y56.102 E0.38842
G1 X73.671 Y56.206 E0.39707
G1 X73.285 Y56.407 E0.40576
G1 X72.961 Y56.695 E0.41441
G1 X72.714 Y57.052 E0.42307
G1 X72.56 Y57.459 E0.43176
G1 X72.507 Y57.89 E0.44042
G1 X72.56 Y58.321 E0.44909
G1 X72.714 Y58.728 E0.45777
G1 X72.961 Y59.085 E0.46644
G1 X73.285 Y59.373 E0.47509
G1 X73.671 Y59.574 E0.48377
G1 X74.092 Y59.678 E0.49243
G1 X74.526 Y59.678 E0.50109
G0 F6000 X74.579 Y60.114
G1 F1500 E-5.99891
G0 F6000 X71.848 Y59.182
G0 X72.26 Y55.988
G0 X50.359 Y55.988
G0 X50.384 Y59.021
G0 X49.09 Y59.951
;TYPE:WALL-INNER
G1 F1500 E0.50109
G1 F1200 X49.56 Y59.705 E0.51167
G1 X49.96 Y59.352 E0.52232
G1 X50.261 Y58.915 E0.53291
G1 X50.45 Y58.417 E0.54354
G1 X50.513 Y57.89 E0.55413
G1 X50.45 Y57.363 E0.56472
G1 X50.261 Y56.865 E0.57535
G1 X49.96 Y56.428 E0.58594
G1 X49.56 Y56.075 E0.59659
G1 X49.09 Y55.829 E0.60717
G1 X48.575 Y55.702 E0.61776
G1 X48.043 Y55.702 E0.62838
G1 X47.529 Y55.829 E0.63894
G1 X47.056 Y56.075 E0.64958
G1 X46.659 Y56.428 E0.66018
G1 X46.357 Y56.865 E0.67078
G1 X46.169 Y57.362 E0.68139
G1 X46.104 Y57.89 E0.692
G1 X46.169 Y58.418 E0.70262
G1 X46.357 Y58.915 E0.71322
G1 X46.659 Y59.352 E0.72383
G1 X47.056 Y59.705 E0.73443
G1 X47.529 Y59.951 E0.74507
G1 X48.043 Y60.078 E0.75563
G1 X48.575 Y60.078 E0.76625
G1 X49.09 Y59.951 E0.77683
G0 F6000 X48.947 Y59.574
;TYPE:WALL-OUTER
G1 F1200 X49.332 Y59.373 E0.7855
G1 X49.658 Y59.085 E0.79418
G1 X49.904 Y58.728 E0.80283
G1 X50.059 Y58.321 E0.81153
G1 X50.11 Y57.89 E0.82019
G1 X50.059 Y57.459 E0.82885
G1 X49.904 Y57.052 E0.83754
G1 X49.658 Y56.695 E0.84619
G1 X49.332 Y56.407 E0.85487
G1 X48.947 Y56.206 E0.86354
G1 X48.526 Y56.102 E0.87219
G1 X48.092 Y56.102 E0.88085
G1 X47.671 Y56.206 E0.88951
G1 X47.285 Y56.407 E0.89819
G1 X46.961 Y56.695 E0.90684
G1 X46.714 Y57.052 E0.91551
G1 X46.56 Y57.459 E0.92419
G1 X46.507 Y57.89 E0.93286
G1 X46.56 Y58.321 E0.94152
G1 X46.714 Y58.728 E0.95021
G1 X46.961 Y59.085 E0.95887
G1 X47.285 Y59.373 E0.96752
G1 X47.671 Y59.574 E0.97621
G1 X48.092 Y59.678 E0.98486
G1 X48.526 Y59.678 E0.99352
G1 X48.947 Y59.574 E1.00217
G0 F6000 X49.102 Y59.985
G1 F1500 E-5.49783
G0 F6000 X46.403 Y59.919
G0 X46.403 Y81.861
G0 X49.091 Y81.239
G0 X50.117 Y82.94
G0 X50.293 Y83.402
G0 X50.351 Y83.89
G0 X50.293 Y84.378
G0 X50.117 Y84.84
G0 X49.96 Y85.068
G0 X49.09 Y85.951
;TYPE:WALL-INNER
G1 F1500 E1.00217
G1 F1200 X49.56 Y85.705 E1.01276
G1 X49.96 Y85.352 E1.02341
G1 X50.261 Y84.915 E1.034
G1 X50.45 Y84.417 E1.04463
G1 X50.513 Y83.89 E1.05522
G1 X50.45 Y83.363 E1.06581
G1 X50.261 Y82.865 E1.07644
G1 X49.96 Y82.428 E1.08703
G1 X49.56 Y82.075 E1.09768
G1 X49.09 Y81.829 E1.10826
G1 X48.575 Y81.702 E1.11885
G1 X48.043 Y81.702 E1.12946
G1 X47.529 Y81.829 E1.14003
G1 X47.056 Y82.075 E1.15067
G1 X46.659 Y82.428 E1.16127
G1 X46.357 Y82.865 E1.17187
G1 X46.169 Y83.362 E1.18248
G1 X46.104 Y83.89 E1.19309
G1 X46.169 Y84.418 E1.20371
G1 X46.357 Y84.915 E1.21431
G1 X46.659 Y85.352 E1.22491
G1 X47.056 Y85.705 E1.23551
G1 X47.529 Y85.951 E1.24615
G1 X48.043 Y86.078 E1.25672
G1 X48.575 Y86.078 E1.26734
G1 X49.09 Y85.951 E1.27792
G0 F6000 X48.947 Y85.574
;TYPE:WALL-OUTER
G1 F1200 X49.332 Y85.373 E1.28659
G1 X49.658 Y85.085 E1.29527
G1 X49.904 Y84.728 E1.30392
G1 X50.059 Y84.321 E1.31261
G1 X50.11 Y83.89 E1.32127
G1 X50.059 Y83.459 E1.32993
G1 X49.904 Y83.052 E1.33863
G1 X49.658 Y82.695 E1.34728
G1 X49.332 Y82.407 E1.35596
G1 X48.947 Y82.206 E1.36463
G1 X48.526 Y82.102 E1.37328
G1 X48.092 Y82.102 E1.38194
G1 X47.671 Y82.206 E1.39059
G1 X47.285 Y82.407 E1.39928
G1 X46.961 Y82.695 E1.40793
G1 X46.714 Y83.052 E1.41659
G1 X46.56 Y83.459 E1.42528
G1 X46.507 Y83.89 E1.43394
G1 X46.56 Y84.321 E1.44261
G1 X46.714 Y84.728 E1.45129
G1 X46.961 Y85.085 E1.45996
G1 X47.285 Y85.373 E1.46861
G1 X47.671 Y85.574 E1.47729
G1 X48.092 Y85.678 E1.48595
G1 X48.526 Y85.678 E1.49461
G1 X48.947 Y85.574 E1.50326
G0 F6000 X49.102 Y85.985
G0 X74.575 Y86.078
;TYPE:WALL-INNER
G1 F1200 X75.09 Y85.951 E1.51385
G1 X75.56 Y85.705 E1.52443
G1 X75.96 Y85.352 E1.53508
G1 X76.261 Y84.915 E1.54567
G1 X76.45 Y84.417 E1.5563
G1 X76.513 Y83.89 E1.56689
G1 X76.45 Y83.363 E1.57748
G1 X76.261 Y82.865 E1.58811
G1 X75.96 Y82.428 E1.5987
G1 X75.56 Y82.075 E1.60935
G1 X75.09 Y81.829 E1.61993
G1 X74.575 Y81.702 E1.63052
G1 X74.043 Y81.702 E1.64114
G1 X73.529 Y81.829 E1.6517
G1 X73.056 Y82.075 E1.66234
G1 X72.659 Y82.428 E1.67294
G1 X72.357 Y82.865 E1.68354
G1 X72.169 Y83.362 E1.69415
G1 X72.104 Y83.89 E1.70476
G1 X72.169 Y84.418 E1.71538
G1 X72.357 Y84.915 E1.72598
G1 X72.659 Y85.352 E1.73659
G1 X73.056 Y85.705 E1.74719
G1 X73.529 Y85.951 E1.75783
G1 X74.043 Y86.078 E1.76839
G1 X74.575 Y86.078 E1.77901
G0 F6000 X74.526 Y85.678
;TYPE:WALL-OUTER
G1 F1200 X74.947 Y85.574 E1.78766
G1 X75.332 Y85.373 E1.79633
G1 X75.658 Y85.085 E1.80501
G1 X75.904 Y84.728 E1.81366
G1 X76.059 Y84.321 E1.82235
G1 X76.11 Y83.89 E1.83102
G1 X76.059 Y83.459 E1.83968
G1 X75.904 Y83.052 E1.84837
G1 X75.658 Y82.695 E1.85702
G1 X75.332 Y82.407 E1.8657
G1 X74.947 Y82.206 E1.87437
G1 X74.526 Y82.102 E1.88302
G1 X74.092 Y82.102 E1.89168
G1 X73.671 Y82.206 E1.90034
G1 X73.285 Y82.407 E1.90902
G1 X72.961 Y82.695 E1.91767
G1 X72.714 Y83.052 E1.92634
G1 X72.56 Y83.459 E1.93502
G1 X72.507 Y83.89 E1.94369
G1 X72.56 Y84.321 E1.95235
G1 X72.714 Y84.728 E1.96104
G1 X72.961 Y85.085 E1.9697
G1 X73.285 Y85.373 E1.97835
G1 X73.671 Y85.574 E1.98703
G1 X74.092 Y85.678 E1.99569
G1 X74.526 Y85.678 E2.00435
G0 F6000 X74.579 Y86.114
G0 X46.774 Y85.99
;TYPE:WALL-INNER
G1 F1200 X46.209 Y85.99 E2.01562
G1 X46.209 Y85.405 E2.0273
G1 X46.357 Y85.619 E2.02815
G1 X46.774 Y85.99 E2.03369
G0 F6000 X46.326 Y84.378
G0 X46.293 Y84.102
G0 X46.209 Y56.375
G1 F1200 X46.209 Y55.79 E2.04536
G1 X46.774 Y55.79 E2.05664
G1 X46.357 Y56.161 E2.06217
G1 X46.209 Y56.375 E2.06303
G1 F1500 E-4.43697
G0 F6000 X48.064 Y55.863
G0 X74.554 Y55.863
G0 X76.409 Y56.374
G1 F1500 E2.06303
G1 F1200 X76.262 Y56.161 E2.06819
G1 X75.841 Y55.79 E2.07939
G1 X76.409 Y55.79 E2.08509
G1 X76.409 Y56.374 E2.09242
G0 F6000 X76.409 Y82.374
G1 F1200 X76.262 Y82.161 E2.09758
G1 X75.788 Y81.743 E2.11019
G1 X75.233 Y81.452 E2.1227
G1 X74.624 Y81.302 E2.13522
G1 X73.994 Y81.302 E2.14779
G1 X73.387 Y81.452 E2.16027
G1 X72.827 Y81.743 E2.17286
G1 X72.357 Y82.161 E2.18541
G1 X72 Y82.678 E2.19795
G1 X71.778 Y83.265 E2.21048
G1 X71.701 Y83.89 E2.22304
G1 X71.778 Y84.515 E2.23561
G1 X72 Y85.102 E2.24813
G1 X72.357 Y85.619 E2.26067
G1 X72.774 Y85.99 E2.27181
G1 X72.357 Y85.99 E2.27526
G1 X50.262 Y85.99 E2.71619
G1 X49.841 Y85.99 E2.72459
G1 X50.262 Y85.619 E2.73088
G1 X50.618 Y85.102 E2.7434
G1 X50.841 Y84.513 E2.75597
G1 X50.916 Y83.89 E2.7685
G1 X50.841 Y83.267 E2.78102
G1 X50.618 Y82.678 E2.79359
G1 X50.262 Y82.161 E2.80611
G1 X49.788 Y81.743 E2.81872
G1 X49.233 Y81.452 E2.83123
G1 X48.624 Y81.302 E2.84375
G1 X47.994 Y81.302 E2.85632
G1 X47.387 Y81.452 E2.8688
G1 X46.827 Y81.743 E2.88139
G1 X46.357 Y82.161 E2.89394
G1 X46.209 Y82.375 E2.89914
G1 X46.209 Y59.405 E3.35753
G1 X46.357 Y59.619 E3.36272
G1 X46.827 Y60.037 E3.37527
G1 X47.387 Y60.328 E3.38787
G1 X47.994 Y60.478 E3.40034
G1 X48.624 Y60.478 E3.41292
G1 X49.233 Y60.328 E3.42543
G1 X49.788 Y60.037 E3.43794
G1 X50.262 Y59.619 E3.45055
G1 X50.618 Y59.102 E3.46308
G1 X50.841 Y58.513 E3.47564
G1 X50.916 Y57.89 E3.48817
G1 X50.841 Y57.267 E3.50069
G1 X50.618 Y56.678 E3.51326
G1 X50.262 Y56.161 E3.52578
G1 X49.841 Y55.79 E3.53698
G1 X50.262 Y55.79 E3.54047
G1 X72.357 Y55.79 E3.9814
G1 X72.774 Y55.79 E3.98972
G1 X72.357 Y56.161 E3.99599
G1 X72 Y56.678 E4.00853
G1 X71.778 Y57.265 E4.02105
G1 X71.701 Y57.89 E4.03362
G1 X71.778 Y58.515 E4.04619
G1 X72 Y59.102 E4.05871
G1 X72.357 Y59.619 E4.07125
G1 X72.827 Y60.037 E4.0838
G1 X73.387 Y60.328 E4.0964
G1 X73.994 Y60.478 E4.10887
G1 X74.624 Y60.478 E4.12145
G1 X75.233 Y60.328 E4.13396
G1 X75.788 Y60.037 E4.14647
G1 X76.262 Y59.619 E4.15908
G1 X76.409 Y59.406 E4.16424
G1 X76.409 Y82.374 E4.6226
G0 F6000 X76.409 Y85.99
G1 F1200 X75.841 Y85.99 E4.63393
G1 X76.262 Y85.619 E4.63954
G1 X76.409 Y85.406 E4.64471
G1 X76.409 Y85.99 E4.65208
G0 F6000 X76.809 Y86.39
G1 F1200 X74.575 Y86.39 E4.69666
G1 X74.043 Y86.39 E4.70496
G1 X48.575 Y86.39 E5.2132
G1 X48.043 Y86.39 E5.2215
G1 X45.809 Y86.39 E5.26609
G1 X45.809 Y84.418 E5.30544
G1 X45.809 Y83.89 E5.31409
G1 X45.809 Y83.362 E5.32273
G1 X45.809 Y58.418 E5.82052
G1 X45.809 Y57.89 E5.82916
G1 X45.809 Y57.362 E5.83781
G1 X45.809 Y55.39 E5.87716
G1 X48.043 Y55.39 E5.92175
G1 X48.575 Y55.39 E5.93005
G1 X74.043 Y55.39 E6.43829
G1 X74.575 Y55.39 E6.44659
G1 X76.809 Y55.39 E6.49117
G1 X76.809 Y57.363 E6.53055
G1 X76.809 Y57.89 E6.53918
G1 X76.809 Y58.417 E6.54781
G1 X76.809 Y83.363 E7.04563
G1 X76.809 Y83.89 E7.05426
G1 X76.809 Y84.417 E7.06289
G1 X76.809 Y86.39 E7.10227
G0 F6000 X77.209 Y86.79
;TYPE:WALL-OUTER
G1 F1200 X45.409 Y86.79 E7.73687
G1 X45.409 Y54.99 E8.37147
G1 X77.209 Y54.99 E9.00608
G1 X77.209 Y86.79 E9.64068
G0 F6000 X76.939 Y86.52
G0 X71.87 Y85.88
G0 X71.87 Y85.6
;TYPE:SKIN
G1 F1200 X50.749 Y85.6 E10.06217
G1 X50.966 Y85.284 E10.06982
G1 X51.223 Y84.607 E10.08427
G1 X51.308 Y83.89 E10.09868
G1 X51.223 Y83.173 E10.11309
G1 X50.966 Y82.496 E10.12754
G1 X50.556 Y81.9 E10.14198
G1 X50.01 Y81.419 E10.1565
G1 X49.372 Y81.085 E10.17087
G1 X48.671 Y80.912 E10.18528
G1 X47.947 Y80.912 E10.19973
G1 X47.248 Y81.085 E10.2141
G1 X46.599 Y81.423 E10.2287
G1 X46.599 Y60.357 E10.64909
G1 X47.248 Y60.695 E10.6637
G1 X47.947 Y60.868 E10.67807
G1 X48.671 Y60.868 E10.69252
G1 X49.372 Y60.695 E10.70692
G1 X50.01 Y60.361 E10.7213
G1 X50.556 Y59.88 E10.73582
G1 X50.966 Y59.284 E10.75025
G1 X51.223 Y58.607 E10.7647
G1 X51.308 Y57.89 E10.77911
G1 X51.223 Y57.173 E10.79352
G1 X50.966 Y56.496 E10.80797
G1 X50.749 Y56.18 E10.81562
G1 X71.87 Y56.18 E11.23711
G1 X71.653 Y56.495 E11.24475
G1 X71.396 Y57.171 E11.25918
G1 X71.308 Y57.89 E11.27364
G1 X71.396 Y58.609 E11.28809
G1 X71.653 Y59.285 E11.30252
G1 X72.063 Y59.879 E11.31693
G1 X72.604 Y60.361 E11.33139
G1 X73.248 Y60.695 E11.34586
G1 X73.947 Y60.868 E11.36023
G1 X74.671 Y60.868 E11.37468
G1 X75.372 Y60.695 E11.38909
G1 X76.01 Y60.361 E11.40346
G1 X76.019 Y60.353 E11.4037
G1 X76.019 Y81.427 E11.82426
G1 X76.01 Y81.419 E11.8245
G1 X75.372 Y81.085 E11.83887
G1 X74.671 Y80.912 E11.85328
G1 X73.947 Y80.912 E11.86773
G1 X73.248 Y81.085 E11.8821
G1 X72.604 Y81.419 E11.89657
G1 X72.063 Y81.901 E11.91103
G1 X71.653 Y82.495 E11.92544
G1 X71.396 Y83.171 E11.93987
G1 X71.308 Y83.89 E11.95432
G1 X71.396 Y84.609 E11.96878
G1 X71.653 Y85.285 E11.98321
G1 X71.87 Y85.6 E11.99085
G1 F1500 E5.49085
G0 F6000 X71.87 Y85.88
G0 X72.26 Y85.792
G0 X71.942 Y85.34
G0 X72.729 Y81.601
G0 X76.215 Y81.862
G0 X76.215 Y59.918
G0 X75.308 Y60.414
G1 F1500 E11.99085
G0 F6000 X75.511 Y60.803
G1 F1200 X75.858 Y61.15 E12.00064
G0 F6000 X75.858 Y61.716
G1 F1200 X75.074 Y60.932 E12.02277
G0 F6000 X74.604 Y61.028
G1 F1200 X75.858 Y62.281 E12.05814
G0 F6000 X75.858 Y62.847
G1 F1200 X74.039 Y61.028 E12.10948
G0 F6000 X73.323 Y60.878
G1 F1200 X75.858 Y63.413 E12.18102
G0 F6000 X75.858 Y63.979
G1 F1200 X68.219 Y56.34 E12.39661
G0 F6000 X67.653 Y56.34
G1 F1200 X75.858 Y64.544 E12.62816
G0 F6000 X75.858 Y65.11
G1 F1200 X67.088 Y56.34 E12.87567
G0 F6000 X66.522 Y56.34
G1 F1200 X75.858 Y65.676 E13.13915
G0 F6000 X75.858 Y66.241
G1 F1200 X65.956 Y56.34 E13.41859
G0 F6000 X65.391 Y56.34
G1 F1200 X75.858 Y66.807 E13.71399
G0 F6000 X75.858 Y67.373
G1 F1200 X64.825 Y56.34 E14.02537
G0 F6000 X64.259 Y56.34
G1 F1200 X75.858 Y67.938 E14.3527
G0 F6000 X75.858 Y68.504
G1 F1200 X63.694 Y56.34 E14.696
G0 F6000 X63.128 Y56.34
G1 F1200 X75.858 Y69.07 E15.05526
G0 F6000 X75.858 Y69.635
G1 F1200 X62.562 Y56.34 E15.43049
G0 F6000 X61.997 Y56.34
G1 F1200 X75.858 Y70.201 E15.82168
G0 F6000 X75.858 Y70.767
G1 F1200 X61.431 Y56.34 E16.22884
G0 F6000 X60.865 Y56.34
G1 F1200 X75.859 Y71.333 E16.65199
G0 F6000 X75.859 Y71.899
G1 F1200 X60.299 Y56.34 E17.09111
G0 F6000 X59.734 Y56.34
G1 F1200 X75.859 Y72.465 E17.54619
G0 F6000 X75.859 Y73.03
G1 F1200 X59.168 Y56.34 E18.01724
G0 F6000 X58.602 Y56.34
G1 F1200 X75.859 Y73.596 E18.50425
G0 F6000 X75.859 Y74.162
G1 F1200 X58.037 Y56.34 E19.00723
G0 F6000 X57.471 Y56.34
G1 F1200 X75.859 Y74.727 E19.52616
G0 F6000 X75.859 Y75.293
G1 F1200 X56.905 Y56.34 E20.06107
G0 F6000 X56.34 Y56.34
G1 F1200 X75.859 Y75.859 E20.61194
G0 F6000 X75.859 Y76.424
G1 F1200 X55.774 Y56.34 E21.17877
G0 F6000 X55.208 Y56.34
G1 F1200 X75.859 Y76.99 E21.76157
G0 F6000 X75.859 Y77.556
G1 F1200 X54.643 Y56.34 E22.36033
G0 F6000 X54.077 Y56.34
G1 F1200 X75.859 Y78.121 E22.97505
G0 F6000 X75.859 Y78.687
G1 F1200 X53.511 Y56.34 E23.60575
G0 F6000 X52.946 Y56.34
G1 F1200 X75.859 Y79.253 E24.2524
G0 F6000 X75.859 Y79.818
G1 F1200 X52.38 Y56.34 E24.91501
G0 F6000 X51.814 Y56.34
G1 F1200 X75.859 Y80.384 E25.5936
G0 F6000 X75.859 Y80.95
G1 F1200 X51.248 Y56.34 E26.28816
G0 F6000 X51.321 Y56.977
G1 F1200 X75.227 Y80.884 E26.96286
G0 F6000 X74.528 Y80.75
G1 F1200 X51.44 Y57.663 E27.61444
G0 F6000 X51.428 Y58.216
G1 F1200 X73.962 Y80.75 E28.25039
G0 F6000 X73.502 Y80.856
G1 F1200 X51.355 Y58.708 E28.87544
G0 F6000 X51.199 Y59.119
G1 F1200 X73.074 Y80.994 E29.4928
G0 F6000 X72.701 Y81.187
G1 F1200 X51.012 Y59.497 E30.10493
G0 F6000 X50.781 Y59.832
G1 F1200 X72.365 Y81.416 E30.71408
G0 F6000 X72.066 Y81.682
G1 F1200 X50.514 Y60.13 E31.32232
G0 F6000 X50.213 Y60.396
G1 F1200 X71.807 Y81.989 E31.93174
G0 F6000 X71.576 Y82.324
G1 F1200 X49.867 Y60.616 E32.5444
G0 F6000 X49.496 Y60.81
G1 F1200 X71.398 Y82.712 E33.16252
G0 F6000 X71.242 Y83.121
G1 F1200 X49.056 Y60.936 E33.78864
G0 F6000 X48.582 Y61.027
G1 F1200 X71.18 Y83.625 E34.4264
G0 F6000 X71.185 Y84.196
G1 F1200 X48.016 Y61.027 E35.08028
G0 F6000 X47.293 Y60.869
G1 F1200 X71.342 Y84.918 E35.759
G0 F6000 X71.296 Y85.439
G1 F1200 X46.758 Y60.9 E36.45153
G0 F6000 X46.758 Y61.466
G1 F1200 X70.731 Y85.439 E37.1281
G0 F6000 X70.165 Y85.439
G1 F1200 X46.758 Y62.032 E37.78869
G0 F6000 X46.758 Y62.598
G1 F1200 X69.599 Y85.439 E38.43332
G0 F6000 X69.034 Y85.439
G1 F1200 X46.758 Y63.163 E39.06199
G0 F6000 X46.758 Y63.729
G1 F1200 X68.468 Y85.439 E39.6747
G0 F6000 X67.902 Y85.439
G1 F1200 X46.758 Y64.295 E40.27143
G0 F6000 X46.758 Y64.86
G1 F1200 X67.337 Y85.439 E40.85221
G0 F6000 X66.771 Y85.439
G1 F1200 X46.758 Y65.426 E41.41702
G0 F6000 X46.758 Y65.992
G1 F1200 X66.205 Y85.439 E41.96586
G0 F6000 X65.64 Y85.439
G1 F1200 X46.758 Y66.557 E42.49875
G0 F6000 X46.758 Y67.123
G1 F1200 X65.074 Y85.439 E43.01566
G0 F6000 X64.508 Y85.439
G1 F1200 X46.758 Y67.689 E43.51661
G0 F6000 X46.758 Y68.254
G1 F1200 X63.942 Y85.439 E44.00159
G0 F6000 X63.377 Y85.439
G1 F1200 X46.758 Y68.82 E44.47062
G0 F6000 X46.758 Y69.386
G1 F1200 X62.811 Y85.439 E44.92367
G0 F6000 X62.245 Y85.439
G1 F1200 X46.758 Y69.951 E45.36076
G0 F6000 X46.758 Y70.517
G1 F1200 X61.68 Y85.439 E45.78189
G0 F6000 X61.114 Y85.439
G1 F1200 X46.758 Y71.083 E46.18704
G0 F6000 X46.758 Y71.649
G1 F1200 X60.548 Y85.439 E46.57623
G0 F6000 X59.983 Y85.439
G1 F1200 X46.758 Y72.214 E46.94947
G0 F6000 X46.758 Y72.78
G1 F1200 X59.417 Y85.439 E47.30673
G0 F6000 X58.851 Y85.439
G1 F1200 X46.758 Y73.346 E47.64802
G0 F6000 X46.758 Y73.911
G1 F1200 X58.286 Y85.439 E47.97337
G0 F6000 X57.72 Y85.439
G1 F1200 X46.758 Y74.477 E48.28274
G0 F6000 X46.758 Y75.043
G1 F1200 X57.154 Y85.439 E48.57614
G0 F6000 X56.589 Y85.439
G1 F1200 X46.758 Y75.608 E48.85359
G0 F6000 X46.758 Y76.174
G1 F1200 X56.023 Y85.439 E49.11507
G0 F6000 X55.457 Y85.439
G1 F1200 X46.758 Y76.74 E49.36057
G0 F6000 X46.758 Y77.305
G1 F1200 X54.891 Y85.439 E49.59012
G0 F6000 X54.326 Y85.439
G1 F1200 X46.758 Y77.871 E49.8037
G0 F6000 X46.758 Y78.437
G1 F1200 X49.198 Y80.876 E49.87255
G0 F6000 X48.506 Y80.75
G1 F1200 X46.758 Y79.002 E49.92188
G0 F6000 X46.758 Y79.568
G1 F1200 X47.941 Y80.75 E49.95525
G0 F6000 X47.485 Y80.861
G1 F1200 X46.758 Y80.134 E49.97577
G0 F6000 X46.758 Y80.699
G1 F1200 X47.06 Y81.001 E49.98429
G0 F6000 X47.263 Y81.392
G0 X49.032 Y81.981
G0 X50.921 Y83.167
G0 X51.334 Y83.012
G1 F1200 X53.76 Y85.439 E50.05278
G0 F6000 X53.194 Y85.439
G1 F1200 X51.444 Y83.688 E50.10218
G0 F6000 X51.427 Y84.236
G1 F1200 X52.629 Y85.439 E50.13612
G0 F6000 X52.063 Y85.439
G1 F1200 X51.349 Y84.724 E50.15628
G0 F6000 X51.193 Y85.134
G1 F1200 X51.497 Y85.439 E50.16487
G1 F1500 E43.66487
G0 F6000 X51.497 Y85.88
G0 X72.26 Y85.792
G0 X72.228 Y82.047
G0 X75.886 Y81.601
G0 X76.215 Y81.862
G0 X76.215 Y59.918
G0 X73.392 Y60.128
G0 X71.741 Y58.728
G1 F1500 E50.16487
G0 F6000 X71.328 Y58.883
G1 F1200 X68.785 Y56.34 E50.23664
G0 F6000 X69.35 Y56.34
G1 F1200 X71.181 Y58.17 E50.2883
G0 F6000 X71.181 Y57.605
G1 F1200 X69.916 Y56.34 E50.324
G0 F6000 X70.482 Y56.34
G1 F1200 X71.248 Y57.105 E50.34561
G0 F6000 X71.404 Y56.696
G1 F1200 X71.047 Y56.34 E50.35567
G0 F6000 X71.047 Y55.9
G0 X72.072 Y55.9
G0 X72.072 Y55.95
;TYPE:SKIN
G1 F1200 X72.211 Y56.089 E50.35763
G0 F6000 X72.253 Y56.118
G0 X72.265 Y57.89
G0 X72.326 Y58.378
G0 X72.501 Y58.84
G0 X72.781 Y59.245
G0 X73.149 Y59.571
G0 X73.586 Y59.799
G0 X73.856 Y59.865
G0 X75.916 Y60.071
G0 X75.948 Y60.109
G1 F1200 X75.986 Y60.147 E50.35817
G0 F6000 X76.098 Y59.976
G1 F1200 X76.248 Y60.125 E50.36028
G0 F6000 X76.299 Y60.125
G0 X76.299 Y81.547
G0 X76.173 Y81.547
G1 F1200 X76.249 Y81.623 E50.36135
G0 F6000 X76.225 Y81.882
G1 F1200 X75.978 Y81.635 E50.36483
G0 F6000 X75.914 Y81.707
G0 X74.064 Y81.863
G0 X73.586 Y81.981
G0 X73.149 Y82.209
G0 X72.781 Y82.535
G0 X72.501 Y82.94
G0 X72.344 Y83.355
G0 X72.173 Y85.546
G0 X72.052 Y85.628
G1 F1200 X72.252 Y85.829 E50.36766
G0 F6000 X72.317 Y85.811
G0 X50.359 Y85.792
G0 X50.44 Y85.555
G0 X50.577 Y85.649
G1 F1200 X50.492 Y85.564 E50.36886
G0 F6000 X50.377 Y85.732
G1 F1200 X50.473 Y85.829 E50.37023
G0 F6000 X50.473 Y85.88
G0 X49.886 Y85.174
G0 X50.117 Y84.84
G0 X50.293 Y84.378
G0 X50.351 Y83.89
G0 X50.293 Y83.402
G0 X50.117 Y82.94
G0 X49.838 Y82.535
G0 X49.468 Y82.209
G0 X49.032 Y81.981
G0 X48.762 Y81.915
G0 X46.663 Y81.741
G0 X46.63 Y81.703
G1 F1200 X46.565 Y81.637 E50.37115
G0 F6000 X46.379 Y81.734
G1 F1200 X46.48 Y81.835 E50.37257
G0 F6000 X46.514 Y81.874
G0 X46.403 Y59.919
G0 X46.658 Y60.035
G0 X46.564 Y60.14
G1 F1200 X46.369 Y59.945 E50.37533
G0 F6000 X46.379 Y59.864
G0 X48.554 Y59.917
G0 X49.032 Y59.799
G0 X49.468 Y59.571
G0 X49.838 Y59.245
G0 X50.117 Y58.84
G0 X50.293 Y58.378
G0 X50.325 Y58.102
G0 X50.302 Y55.969
G0 X50.329 Y55.985
G1 F1200 X50.541 Y56.198 E50.37833
G0 F6000 X50.638 Y56.012
G1 F1200 X50.575 Y55.949 E50.37921
G0 F6000 X49.671 Y55.611
G1 F1200 X49.5 Y55.723 E50.38179
G1 X49.11 Y55.615 E50.38688
G0 F6000 X49.059 Y55.564
G0 X47.461 Y55.664
G0 X47.411 Y55.614
G1 F1200 X47.177 Y55.662 E50.3906
G1 X46.994 Y55.762 E50.39386
G0 F6000 X47.09 Y55.858
G0 X46.248 Y56.713
G0 X46.132 Y56.597
G1 F1200 X46.068 Y56.817 E50.39711
G1 X46.03 Y57.061 E50.40062
G0 F6000 X46.077 Y57.108
G0 X45.983 Y58.711
G0 X46.07 Y58.798
G1 F1200 X46.102 Y59.113 E50.40645
G0 F6000 X46.221 Y59.232
G0 X45.985 Y82.472
G0 X46.112 Y82.599
G1 F1200 X46.066 Y82.835 E50.41048
G1 X46.027 Y83.08 E50.41465
G0 F6000 X46.072 Y83.124
G0 X45.983 Y84.733
G0 X46.077 Y84.827
G1 F1200 X46.093 Y85.126 E50.42042
G0 F6000 X46.204 Y85.236
G0 X46.948 Y85.98
G0 X47.065 Y86.097
G1 F1200 X47.361 Y86.11 E50.42348
G1 X46.884 Y86.199 E50.42848
G0 F6000 X46.87 Y86.185
G0 X49.081 Y86.134
G0 X49.121 Y86.173
G1 F1200 X49.361 Y86.131 E50.43208
G1 X49.595 Y86.082 E50.4356
G0 F6000 X49.727 Y86.213
G0 X72.876 Y86.17
G0 X72.898 Y86.192
G1 F1200 X73.078 Y86.089 E50.43829
G1 X73.394 Y86.122 E50.44241
G0 F6000 X73.486 Y86.214
G0 X75.098 Y86.129
G0 X75.14 Y86.171
G1 F1200 X75.379 Y86.127 E50.44612
G1 X75.613 Y86.078 E50.44977
G0 F6000 X75.748 Y86.213
G0 X76.496 Y85.264
G0 X76.417 Y85.186
G1 F1200 X76.538 Y85.023 E50.45288
G1 X76.577 Y84.779 E50.45665
G0 F6000 X76.52 Y84.722
G0 X76.634 Y83.139
G0 X76.568 Y83.073
G1 F1200 X76.486 Y82.709 E50.46139
G1 X76.595 Y82.534 E50.46401
G0 F6000 X76.634 Y82.573
G0 X76.528 Y59.275
G0 X76.438 Y59.185
G1 F1200 X76.54 Y59.004 E50.46731
G1 X76.579 Y58.76 E50.47125
G0 F6000 X76.525 Y58.706
G0 X76.633 Y57.117
G0 X76.56 Y57.044
G1 F1200 X76.494 Y56.695 E50.47577
G1 X76.603 Y56.521 E50.47839
G0 F6000 X76.633 Y56.551
G0 X75.669 Y55.87
G0 X75.516 Y55.717
G1 F1200 X75.145 Y55.629 E50.48193
G1 X75.685 Y55.604 E50.48694
G0 F6000 X75.725 Y55.643
G0 X73.479 Y55.66
G0 X73.431 Y55.612
G1 F1200 X73.195 Y55.659 E50.4907
G1 X72.994 Y55.74 E50.49409
G0 F6000 X73.096 Y55.829
;MESH:NONMESH
G0 F300 X73.096 Y55.829 Z0.24
G0 F6000 X72.501 Y56.94
G0 X72.326 Y57.402
G0 X72.265 Y57.89
G0 X72.326 Y58.378
G0 X72.501 Y58.84
G0 X72.781 Y59.245
G0 X73.149 Y59.571
G0 X73.396 Y59.699
G0 X74.575 Y60.078
;TIME_ELAPSED:155.361872
;LAYER:1
M140 S40
M106 S85
;TYPE:WALL-INNER
;MESH:HBridgeMount.stl
G1 F1500 X75.09 Y59.951 E50.50468
G1 X75.56 Y59.705 E50.51526
G1 X75.96 Y59.352 E50.52591
G1 X76.261 Y58.915 E50.5365
G1 X76.45 Y58.417 E50.54713
G1 X76.513 Y57.89 E50.55772
G1 X76.45 Y57.363 E50.56831
G1 X76.261 Y56.865 E50.57894
G1 X75.96 Y56.428 E50.58953
G1 X75.56 Y56.075 E50.60018
G1 X75.09 Y55.829 E50.61077
G1 X74.575 Y55.702 E50.62135
G1 X74.043 Y55.702 E50.63197
G1 X73.529 Y55.829 E50.64253
G1 X73.056 Y56.075 E50.65317
G1 X72.659 Y56.428 E50.66377
G1 X72.357 Y56.865 E50.67438
G1 X72.169 Y57.362 E50.68498
G1 X72.104 Y57.89 E50.6956
G1 X72.169 Y58.418 E50.70621
G1 X72.357 Y58.915 E50.71682
G1 X72.659 Y59.352 E50.72742
G1 X73.056 Y59.705 E50.73802
G1 X73.529 Y59.951 E50.74866
G1 X74.043 Y60.078 E50.75922
G1 X74.575 Y60.078 E50.76984
G0 F7500 X74.526 Y59.678
;TYPE:WALL-OUTER
G1 F1500 X74.947 Y59.574 E50.77849
G1 X75.332 Y59.373 E50.78716
G1 X75.658 Y59.085 E50.79584
G1 X75.904 Y58.728 E50.80449
G1 X76.059 Y58.321 E50.81319
G1 X76.11 Y57.89 E50.82185
G1 X76.059 Y57.459 E50.83051
G1 X75.904 Y57.052 E50.8392
G1 X75.658 Y56.695 E50.84785
G1 X75.332 Y56.407 E50.85653
G1 X74.947 Y56.206 E50.8652
G1 X74.526 Y56.102 E50.87385
G1 X74.092 Y56.102 E50.88251
G1 X73.671 Y56.206 E50.89117
G1 X73.285 Y56.407 E50.89985
G1 X72.961 Y56.695 E50.9085
G1 X72.714 Y57.052 E50.91717
G1 X72.56 Y57.459 E50.92585
G1 X72.507 Y57.89 E50.93452
G1 X72.56 Y58.321 E50.94318
G1 X72.714 Y58.728 E50.95187
G1 X72.961 Y59.085 E50.96053
G1 X73.285 Y59.373 E50.96918
G1 X73.671 Y59.574 E50.97787
G1 X74.092 Y59.678 E50.98652
G1 X74.526 Y59.678 E50.99518
G0 F7500 X74.579 Y60.114
G1 F1500 E44.49518
G0 F7500 X71.848 Y59.182
G0 X72.26 Y55.988
G0 X50.359 Y55.988
G0 X50.384 Y59.021
G0 X49.09 Y59.951
;TYPE:WALL-INNER
G1 F1500 E50.99518
G1 X49.56 Y59.705 E51.00577
G1 X49.96 Y59.352 E51.01641
G1 X50.261 Y58.915 E51.027
G1 X50.45 Y58.417 E51.03763
G1 X50.513 Y57.89 E51.04822
G1 X50.45 Y57.363 E51.05882
G1 X50.261 Y56.865 E51.06945
G1 X49.96 Y56.428 E51.08003
G1 X49.56 Y56.075 E51.09068
G1 X49.09 Y55.829 E51.10127
G1 X48.575 Y55.702 E51.11185
G1 X48.043 Y55.702 E51.12247
G1 X47.529 Y55.829 E51.13304
G1 X47.056 Y56.075 E51.14367
G1 X46.659 Y56.428 E51.15428
G1 X46.357 Y56.865 E51.16488
G1 X46.169 Y57.362 E51.17548
G1 X46.104 Y57.89 E51.1861
G1 X46.169 Y58.418 E51.19671
G1 X46.357 Y58.915 E51.20732
G1 X46.659 Y59.352 E51.21792
G1 X47.056 Y59.705 E51.22852
G1 X47.529 Y59.951 E51.23916
G1 X48.043 Y60.078 E51.24973
G1 X48.575 Y60.078 E51.26034
G1 X49.09 Y59.951 E51.27093
G0 F7500 X48.947 Y59.574
;TYPE:WALL-OUTER
G1 F1500 X49.332 Y59.373 E51.27959
G1 X49.658 Y59.085 E51.28828
G1 X49.904 Y58.728 E51.29693
G1 X50.059 Y58.321 E51.30562
G1 X50.11 Y57.89 E51.31428
G1 X50.059 Y57.459 E51.32294
G1 X49.904 Y57.052 E51.33163
G1 X49.658 Y56.695 E51.34028
G1 X49.332 Y56.407 E51.34896
G1 X48.947 Y56.206 E51.35763
G1 X48.526 Y56.102 E51.36629
G1 X48.092 Y56.102 E51.37495
G1 X47.671 Y56.206 E51.3836
G1 X47.285 Y56.407 E51.39229
G1 X46.961 Y56.695 E51.40094
G1 X46.714 Y57.052 E51.4096
G1 X46.56 Y57.459 E51.41828
G1 X46.507 Y57.89 E51.42695
G1 X46.56 Y58.321 E51.43562
G1 X46.714 Y58.728 E51.4443
G1 X46.961 Y59.085 E51.45296
G1 X47.285 Y59.373 E51.46161
G1 X47.671 Y59.574 E51.4703
G1 X48.092 Y59.678 E51.47895
G1 X48.526 Y59.678 E51.48761
G1 X48.947 Y59.574 E51.49627
G0 F7500 X49.102 Y59.985
G1 F1500 E44.99627
G0 F7500 X46.403 Y59.919
G0 X46.403 Y81.861
G0 X49.091 Y81.239
G0 X50.117 Y82.94
G0 X50.293 Y83.402
G0 X50.351 Y83.89
G0 X50.293 Y84.378
G0 X50.117 Y84.84
G0 X49.96 Y85.068
G0 X49.09 Y85.951
;TYPE:WALL-INNER
G1 F1500 E51.49627
G1 X49.56 Y85.705 E51.50685
G1 X49.96 Y85.352 E51.5175
G1 X50.261 Y84.915 E51.52809
G1 X50.45 Y84.417 E51.53872
G1 X50.513 Y83.89 E51.54931
G1 X50.45 Y83.363 E51.5599
G1 X50.261 Y82.865 E51.57053
G1 X49.96 Y82.428 E51.58112
G1 X49.56 Y82.075 E51.59177
G1 X49.09 Y81.829 E51.60235
G1 X48.575 Y81.702 E51.61294
G1 X48.043 Y81.702 E51.62356
G1 X47.529 Y81.829 E51.63412
G1 X47.056 Y82.075 E51.64476
G1 X46.659 Y82.428 E51.65536
G1 X46.357 Y82.865 E51.66596
G1 X46.169 Y83.362 E51.67657
G1 X46.104 Y83.89 E51.68718
G1 X46.169 Y84.418 E51.6978
G1 X46.357 Y84.915 E51.70841
G1 X46.659 Y85.352 E51.71901
G1 X47.056 Y85.705 E51.72961
G1 X47.529 Y85.951 E51.74025
G1 X48.043 Y86.078 E51.75081
G1 X48.575 Y86.078 E51.76143
G1 X49.09 Y85.951 E51.77201
G0 F7500 X48.947 Y85.574
;TYPE:WALL-OUTER
G1 F1500 X49.332 Y85.373 E51.78068
G1 X49.658 Y85.085 E51.78936
G1 X49.904 Y84.728 E51.79801
G1 X50.059 Y84.321 E51.80671
G1 X50.11 Y83.89 E51.81537
G1 X50.059 Y83.459 E51.82403
G1 X49.904 Y83.052 E51.83272
G1 X49.658 Y82.695 E51.84137
G1 X49.332 Y82.407 E51.85005
G1 X48.947 Y82.206 E51.85872
G1 X48.526 Y82.102 E51.86737
G1 X48.092 Y82.102 E51.87603
G1 X47.671 Y82.206 E51.88469
G1 X47.285 Y82.407 E51.89337
G1 X46.961 Y82.695 E51.90202
G1 X46.714 Y83.052 E51.91069
G1 X46.56 Y83.459 E51.91937
G1 X46.507 Y83.89 E51.92804
G1 X46.56 Y84.321 E51.9367
G1 X46.714 Y84.728 E51.94539
G1 X46.961 Y85.085 E51.95405
G1 X47.285 Y85.373 E51.9627
G1 X47.671 Y85.574 E51.97139
G1 X48.092 Y85.678 E51.98004
G1 X48.526 Y85.678 E51.9887
G1 X48.947 Y85.574 E51.99736
G0 F7500 X49.102 Y85.985
G0 X74.575 Y86.078
;TYPE:WALL-INNER
G1 F1500 X75.09 Y85.951 E52.00794
G1 X75.56 Y85.705 E52.01853
G1 X75.96 Y85.352 E52.02917
G1 X76.261 Y84.915 E52.03976
G1 X76.45 Y84.417 E52.05039
G1 X76.513 Y83.89 E52.06098
G1 X76.45 Y83.363 E52.07158
G1 X76.261 Y82.865 E52.08221
G1 X75.96 Y82.428 E52.09279
G1 X75.56 Y82.075 E52.10344
G1 X75.09 Y81.829 E52.11403
G1 X74.575 Y81.702 E52.12461
G1 X74.043 Y81.702 E52.13523
G1 X73.529 Y81.829 E52.1458
G1 X73.056 Y82.075 E52.15643
G1 X72.659 Y82.428 E52.16704
G1 X72.357 Y82.865 E52.17764
G1 X72.169 Y83.362 E52.18824
G1 X72.104 Y83.89 E52.19886
G1 X72.169 Y84.418 E52.20947
G1 X72.357 Y84.915 E52.22008
G1 X72.659 Y85.352 E52.23068
G1 X73.056 Y85.705 E52.24128
G1 X73.529 Y85.951 E52.25192
G1 X74.043 Y86.078 E52.26249
G1 X74.575 Y86.078 E52.2731
G0 F7500 X74.526 Y85.678
;TYPE:WALL-OUTER
G1 F1500 X74.947 Y85.574 E52.28176
G1 X75.332 Y85.373 E52.29042
G1 X75.658 Y85.085 E52.2991
G1 X75.904 Y84.728 E52.30776
G1 X76.059 Y84.321 E52.31645
G1 X76.11 Y83.89 E52.32511
G1 X76.059 Y83.459 E52.33377
G1 X75.904 Y83.052 E52.34246
G1 X75.658 Y82.695 E52.35111
G1 X75.332 Y82.407 E52.35979
G1 X74.947 Y82.206 E52.36846
G1 X74.526 Y82.102 E52.37711
G1 X74.092 Y82.102 E52.38578
G1 X73.671 Y82.206 E52.39443
G1 X73.285 Y82.407 E52.40311
G1 X72.961 Y82.695 E52.41177
G1 X72.714 Y83.052 E52.42043
G1 X72.56 Y83.459 E52.42911
G1 X72.507 Y83.89 E52.43778
G1 X72.56 Y84.321 E52.44644
G1 X72.714 Y84.728 E52.45513
G1 X72.961 Y85.085 E52.46379
G1 X73.285 Y85.373 E52.47244
G1 X73.671 Y85.574 E52.48113
G1 X74.092 Y85.678 E52.48978
G1 X74.526 Y85.678 E52.49844
G0 F7500 X74.579 Y86.114
G0 X46.774 Y85.99
;TYPE:WALL-INNER
G1 F1500 X46.209 Y85.99 E52.50972
G1 X46.209 Y85.405 E52.52139
G1 X46.357 Y85.619 E52.52225
G1 X46.774 Y85.99 E52.52778
G0 F7500 X46.326 Y84.378
G0 X46.293 Y84.102
G0 X46.209 Y56.375
G1 F1500 X46.209 Y55.79 E52.53946
G1 X46.774 Y55.79 E52.55073
G1 X46.357 Y56.161 E52.55627
G1 X46.209 Y56.375 E52.55712
G1 F1500 E46.05712
G0 F7500 X48.064 Y55.863
G0 X74.554 Y55.863
G0 X76.409 Y56.374
G1 F1500 E52.55712
G1 X76.262 Y56.161 E52.56229
G1 X75.841 Y55.79 E52.57348
G1 X76.409 Y55.79 E52.57918
G1 X76.409 Y56.374 E52.58651
G0 F7500 X76.409 Y82.374
G1 F1500 X76.262 Y82.161 E52.59168
G1 X75.788 Y81.743 E52.60429
G1 X75.233 Y81.452 E52.61679
G1 X74.624 Y81.302 E52.62931
G1 X73.994 Y81.302 E52.64188
G1 X73.387 Y81.452 E52.65436
G1 X72.827 Y81.743 E52.66695
G1 X72.357 Y82.161 E52.67951
G1 X72 Y82.678 E52.69204
G1 X71.778 Y83.265 E52.70457
G1 X71.701 Y83.89 E52.71714
G1 X71.778 Y84.515 E52.7297
G1 X72 Y85.102 E52.74223
G1 X72.357 Y85.619 E52.75476
G1 X72.774 Y85.99 E52.7659
G1 X72.357 Y85.99 E52.76935
G1 X50.262 Y85.99 E53.21028
G1 X49.841 Y85.99 E53.21869
G1 X50.262 Y85.619 E53.22497
G1 X50.618 Y85.102 E53.2375
G1 X50.841 Y84.513 E53.25007
G1 X50.916 Y83.89 E53.26259
G1 X50.841 Y83.267 E53.27511
G1 X50.618 Y82.678 E53.28768
G1 X50.262 Y82.161 E53.30021
G1 X49.788 Y81.743 E53.31282
G1 X49.233 Y81.452 E53.32532
G1 X48.624 Y81.302 E53.33784
G1 X47.994 Y81.302 E53.35041
G1 X47.387 Y81.452 E53.36289
G1 X46.827 Y81.743 E53.37548
G1 X46.357 Y82.161 E53.38804
G1 X46.209 Y82.375 E53.39323
G1 X46.209 Y59.405 E53.85162
G1 X46.357 Y59.619 E53.85681
G1 X46.827 Y60.037 E53.86936
G1 X47.387 Y60.328 E53.88196
G1 X47.994 Y60.478 E53.89444
G1 X48.624 Y60.478 E53.90701
G1 X49.233 Y60.328 E53.91953
G1 X49.788 Y60.037 E53.93203
G1 X50.262 Y59.619 E53.94464
G1 X50.618 Y59.102 E53.95717
G1 X50.841 Y58.513 E53.96974
G1 X50.916 Y57.89 E53.98226
G1 X50.841 Y57.267 E53.99478
G1 X50.618 Y56.678 E54.00735
G1 X50.262 Y56.161 E54.01988
G1 X49.841 Y55.79 E54.03108
G1 X50.262 Y55.79 E54.03457
G1 X72.357 Y55.79 E54.4755
G1 X72.774 Y55.79 E54.48382
G1 X72.357 Y56.161 E54.49008
G1 X72 Y56.678 E54.50262
G1 X71.778 Y57.265 E54.51515
G1 X71.701 Y57.89 E54.52771
G1 X71.778 Y58.515 E54.54028
G1 X72 Y59.102 E54.5528
G1 X72.357 Y59.619 E54.56534
G1 X72.827 Y60.037 E54.57789
G1 X73.387 Y60.328 E54.59049
G1 X73.994 Y60.478 E54.60297
G1 X74.624 Y60.478 E54.61554
G1 X75.233 Y60.328 E54.62806
G1 X75.788 Y60.037 E54.64056
G1 X76.262 Y59.619 E54.65317
G1 X76.409 Y59.406 E54.65834
G1 X76.409 Y82.374 E55.11669
G0 F7500 X76.409 Y85.99
G1 F1500 X75.841 Y85.99 E55.12802
G1 X76.262 Y85.619 E55.13364
G1 X76.409 Y85.406 E55.1388
G1 X76.409 Y85.99 E55.14617
G0 F7500 X76.809 Y86.39
G1 F1500 X74.575 Y86.39 E55.19075
G1 X74.043 Y86.39 E55.19905
G1 X48.575 Y86.39 E55.7073
G1 X48.043 Y86.39 E55.7156
G1 X45.809 Y86.39 E55.76018
G1 X45.809 Y84.418 E55.79953
G1 X45.809 Y83.89 E55.80818
G1 X45.809 Y83.362 E55.81683
G1 X45.809 Y58.418 E56.31461
G1 X45.809 Y57.89 E56.32326
G1 X45.809 Y57.362 E56.3319
G1 X45.809 Y55.39 E56.37126
G1 X48.043 Y55.39 E56.41584
G1 X48.575 Y55.39 E56.42414
G1 X74.043 Y55.39 E56.93238
G1 X74.575 Y55.39 E56.94068
G1 X76.809 Y55.39 E56.98527
G1 X76.809 Y57.363 E57.02464
G1 X76.809 Y57.89 E57.03327
G1 X76.809 Y58.417 E57.0419
G1 X76.809 Y83.363 E57.53972
G1 X76.809 Y83.89 E57.54836
G1 X76.809 Y84.417 E57.55699
G1 X76.809 Y86.39 E57.59636
G0 F7500 X77.209 Y86.79
;TYPE:WALL-OUTER
G1 F1500 X45.409 Y86.79 E58.23096
G1 X45.409 Y54.99 E58.86557
G1 X77.209 Y54.99 E59.50017
G1 X77.209 Y86.79 E60.13477
G0 F7500 X76.939 Y86.52
G0 X71.87 Y85.88
G0 X71.87 Y85.6
;TYPE:SKIN
G1 F1500 X50.749 Y85.6 E60.55627
G1 X50.966 Y85.284 E60.56392
G1 X51.223 Y84.607 E60.57837
G1 X51.308 Y83.89 E60.59277
G1 X51.223 Y83.173 E60.60718
G1 X50.966 Y82.496 E60.62163
G1 X50.556 Y81.9 E60.63607
G1 X50.01 Y81.419 E60.65059
G1 X49.372 Y81.085 E60.66496
G1 X48.671 Y80.912 E60.67937
G1 X47.947 Y80.912 E60.69382
G1 X47.248 Y81.085 E60.70819
G1 X46.599 Y81.423 E60.72279
G1 X46.599 Y60.357 E61.14319
G1 X47.248 Y60.695 E61.15779
G1 X47.947 Y60.868 E61.17216
G1 X48.671 Y60.868 E61.18661
G1 X49.372 Y60.695 E61.20102
G1 X50.01 Y60.361 E61.21539
G1 X50.556 Y59.88 E61.22991
G1 X50.966 Y59.284 E61.24435
G1 X51.223 Y58.607 E61.2588
G1 X51.308 Y57.89 E61.27321
G1 X51.223 Y57.173 E61.28761
G1 X50.966 Y56.496 E61.30207
G1 X50.749 Y56.18 E61.30972
G1 X71.87 Y56.18 E61.73121
G1 X71.653 Y56.495 E61.73884
G1 X71.396 Y57.171 E61.75327
G1 X71.308 Y57.89 E61.76773
G1 X71.396 Y58.609 E61.78218
G1 X71.653 Y59.285 E61.79662
G1 X72.063 Y59.879 E61.81102
G1 X72.604 Y60.361 E61.82548
G1 X73.248 Y60.695 E61.83996
G1 X73.947 Y60.868 E61.85433
G1 X74.671 Y60.868 E61.86878
G1 X75.372 Y60.695 E61.88318
G1 X76.01 Y60.361 E61.89756
G1 X76.019 Y60.353 E61.8978
G1 X76.019 Y81.427 E62.31835
G1 X76.01 Y81.419 E62.31859
G1 X75.372 Y81.085 E62.33296
G1 X74.671 Y80.912 E62.34737
G1 X73.947 Y80.912 E62.36182
G1 X73.248 Y81.085 E62.37619
G1 X72.604 Y81.419 E62.39067
G1 X72.063 Y81.901 E62.40513
G1 X71.653 Y82.495 E62.41953
G1 X71.396 Y83.171 E62.43396
G1 X71.308 Y83.89 E62.44842
G1 X71.396 Y84.609 E62.46287
G1 X71.653 Y85.285 E62.47731
G1 X71.87 Y85.6 E62.48494
G0 F7500 X71.87 Y85.88
G0 X72.26 Y85.792
G0 X72.265 Y83.89
G0 X72.326 Y83.402
G0 X72.501 Y82.94
G0 X72.781 Y82.535
G0 X73.149 Y82.209
G0 X73.396 Y82.081
G0 X75.441 Y81.436
G0 X75.646 Y81.047
G1 F1500 X75.858 Y80.836 E62.49091
G0 F7500 X75.858 Y80.27
G1 F1500 X75.24 Y80.888 E62.50835
G0 F7500 X74.787 Y80.776
G1 F1500 X75.858 Y79.705 E62.53858
G0 F7500 X75.858 Y79.139
G1 F1500 X74.246 Y80.751 E62.58407
G0 F7500 X73.599 Y80.832
G1 F1500 X75.858 Y78.573 E62.64782
G0 F7500 X75.858 Y78.008
G1 F1500 X72.653 Y81.212 E62.73826
G0 F7500 X72.856 Y81.603
G0 X72.013 Y82.465
G0 X71.651 Y82.215
G1 F1500 X68.426 Y85.439 E62.82926
G0 F7500 X67.861 Y85.439
G1 F1500 X75.858 Y77.442 E63.05496
G0 F7500 X75.858 Y76.876
G1 F1500 X67.295 Y85.439 E63.29662
G0 F7500 X66.729 Y85.439
G1 F1500 X75.858 Y76.31 E63.55426
G0 F7500 X75.858 Y75.745
G1 F1500 X66.163 Y85.439 E63.82786
G0 F7500 X65.598 Y85.439
G1 F1500 X75.858 Y75.179 E64.11742
G0 F7500 X75.858 Y74.613
G1 F1500 X65.032 Y85.439 E64.42295
G0 F7500 X64.466 Y85.439
G1 F1500 X75.858 Y74.048 E64.74445
G0 F7500 X75.858 Y73.482
G1 F1500 X63.901 Y85.439 E65.0819
G0 F7500 X63.335 Y85.439
G1 F1500 X75.858 Y72.916 E65.43533
G0 F7500 X75.858 Y72.351
G1 F1500 X62.769 Y85.439 E65.80471
G0 F7500 X62.204 Y85.439
G1 F1500 X75.858 Y71.785 E66.19006
G0 F7500 X75.858 Y71.219
G1 F1500 X61.638 Y85.439 E66.59138
G0 F7500 X61.072 Y85.439
G1 F1500 X75.857 Y70.654 E67.00864
G0 F7500 X75.857 Y70.089
G1 F1500 X60.507 Y85.439 E67.44185
G0 F7500 X59.941 Y85.439
G1 F1500 X75.857 Y69.523 E67.89103
G0 F7500 X75.857 Y68.957
G1 F1500 X59.375 Y85.439 E68.35619
G0 F7500 X58.81 Y85.439
G1 F1500 X75.857 Y68.392 E68.8373
G0 F7500 X75.857 Y67.826
G1 F1500 X58.244 Y85.439 E69.33437
G0 F7500 X57.678 Y85.439
G1 F1500 X75.857 Y67.26 E69.84742
G0 F7500 X75.857 Y66.695
G1 F1500 X57.113 Y85.439 E70.37642
G0 F7500 X56.547 Y85.439
G1 F1500 X75.857 Y66.129 E70.92139
G0 F7500 X75.857 Y65.563
G1 F1500 X55.981 Y85.439 E71.48233
G0 F7500 X55.415 Y85.439
G1 F1500 X75.857 Y64.997 E72.05925
G0 F7500 X75.857 Y64.432
G1 F1500 X54.85 Y85.439 E72.65211
G0 F7500 X54.284 Y85.439
G1 F1500 X75.857 Y63.866 E73.26095
G0 F7500 X75.857 Y63.3
G1 F1500 X53.718 Y85.439 E73.88576
G0 F7500 X53.153 Y85.439
G1 F1500 X75.857 Y62.735 E74.52652
G0 F7500 X75.857 Y62.169
G1 F1500 X52.587 Y85.439 E75.18325
G0 F7500 X52.021 Y85.439
G1 F1500 X75.857 Y61.603 E75.85595
G0 F7500 X75.857 Y61.038
G1 F1500 X51.456 Y85.439 E76.5446
G0 F7500 X51.193 Y85.136
G1 F1500 X75.545 Y60.785 E77.23185
G0 F7500 X74.752 Y61.012
G1 F1500 X51.414 Y84.35 E77.8905
G0 F7500 X51.451 Y83.746
G1 F1500 X74.17 Y61.028 E78.53166
G0 F7500 X73.669 Y60.963
G1 F1500 X51.392 Y83.24 E79.16037
G0 F7500 X51.258 Y82.809
G1 F1500 X73.215 Y60.851 E79.78006
G0 F7500 X72.839 Y60.662
G1 F1500 X51.098 Y82.403 E80.39364
G0 F7500 X50.867 Y82.068
G1 F1500 X72.475 Y60.46 E81.00346
G0 F7500 X72.176 Y60.193
G1 F1500 X50.623 Y81.746 E81.61173
G0 F7500 X50.323 Y81.481
G1 F1500 X71.89 Y59.913 E82.22041
G0 F7500 X71.66 Y59.578
G1 F1500 X50.004 Y81.234 E82.83159
G0 F7500 X49.632 Y81.04
G1 F1500 X71.455 Y59.218 E83.44747
G0 F7500 X71.298 Y58.808
G1 F1500 X49.223 Y80.883 E84.07047
G0 F7500 X48.77 Y80.771
G1 F1500 X71.201 Y58.34 E84.70353
G0 F7500 X71.154 Y57.821
G1 F1500 X48.224 Y80.751 E85.35066
G0 F7500 X47.569 Y80.84
G1 F1500 X71.232 Y57.178 E86.01847
G0 F7500 X71.505 Y56.339
G1 F1500 X46.758 Y81.086 E86.71688
G0 F7500 X46.758 Y80.52
G1 F1500 X70.939 Y56.339 E87.39932
G0 F7500 X70.374 Y56.339
G1 F1500 X46.758 Y79.954 E88.0658
G0 F7500 X46.758 Y79.388
G1 F1500 X69.808 Y56.339 E88.71631
G0 F7500 X69.242 Y56.339
G1 F1500 X46.758 Y78.823 E89.35086
G0 F7500 X46.758 Y78.257
G1 F1500 X68.677 Y56.339 E89.96944
G0 F7500 X68.111 Y56.339
G1 F1500 X46.758 Y77.691 E90.57206
G0 F7500 X46.758 Y77.126
G1 F1500 X67.545 Y56.339 E91.15871
G0 F7500 X66.979 Y56.339
G1 F1500 X46.758 Y76.56 E91.72939
G0 F7500 X46.758 Y75.994
G1 F1500 X66.414 Y56.339 E92.28411
G0 F7500 X65.848 Y56.339
G1 F1500 X46.758 Y75.429 E92.82287
G0 F7500 X46.758 Y74.863
G1 F1500 X65.282 Y56.339 E93.34566
G0 F7500 X64.717 Y56.339
G1 F1500 X46.758 Y74.297 E93.85249
G0 F7500 X46.758 Y73.732
G1 F1500 X64.151 Y56.339 E94.34336
G0 F7500 X63.585 Y56.339
G1 F1500 X46.758 Y73.166 E94.81825
G0 F7500 X46.758 Y72.6
G1 F1500 X63.02 Y56.339 E95.27718
G0 F7500 X62.454 Y56.339
G1 F1500 X46.758 Y72.035 E95.72016
G0 F7500 X46.758 Y71.469
G1 F1500 X61.888 Y56.339 E96.14716
G0 F7500 X61.323 Y56.339
G1 F1500 X46.758 Y70.903 E96.5582
G0 F7500 X46.758 Y70.338
G1 F1500 X60.757 Y56.339 E96.95328
G0 F7500 X60.191 Y56.339
G1 F1500 X46.758 Y69.772 E97.33239
G0 F7500 X46.758 Y69.206
G1 F1500 X59.626 Y56.339 E97.69554
G0 F7500 X59.06 Y56.339
G1 F1500 X46.758 Y68.64 E98.04272
G0 F7500 X46.758 Y68.075
G1 F1500 X58.494 Y56.339 E98.37393
G0 F7500 X57.929 Y56.339
G1 F1500 X46.758 Y67.509 E98.68919
G0 F7500 X46.758 Y66.943
G1 F1500 X57.363 Y56.339 E98.98847
G0 F7500 X56.797 Y56.339
G1 F1500 X46.758 Y66.378 E99.27179
G0 F7500 X46.758 Y65.812
G1 F1500 X56.231 Y56.339 E99.53914
G0 F7500 X55.666 Y56.339
G1 F1500 X46.758 Y65.246 E99.79053
G0 F7500 X46.758 Y64.681
G1 F1500 X55.1 Y56.339 E100.02596
G0 F7500 X54.534 Y56.339
G1 F1500 X46.758 Y64.115 E100.24541
G0 F7500 X46.758 Y63.549
G1 F1500 X49.501 Y60.806 E100.32283
G0 F7500 X48.725 Y61.017
G1 F1500 X46.758 Y62.984 E100.37834
G0 F7500 X46.758 Y62.418
G1 F1500 X48.15 Y61.026 E100.41763
G0 F7500 X47.653 Y60.958
G1 F1500 X46.758 Y61.852 E100.44287
G0 F7500 X46.758 Y61.287
G1 F1500 X47.2 Y60.845 E100.45534
G0 F7500 X46.826 Y60.654
G1 F1500 X46.758 Y60.721 E100.45725
G0 F7500 X46.319 Y60.721
G0 X46.403 Y59.919
G0 X48.554 Y59.917
G0 X48.941 Y59.822
G0 X50.795 Y58.946
G0 X51.206 Y59.102
G1 F1500 X53.969 Y56.339 E100.53523
G0 F7500 X53.403 Y56.339
G1 F1500 X51.416 Y58.326 E100.5913
G0 F7500 X51.449 Y57.728
G1 F1500 X52.837 Y56.339 E100.63049
G0 F7500 X52.272 Y56.339
G1 F1500 X51.39 Y57.221 E100.65538
G0 F7500 X51.251 Y56.794
G1 F1500 X51.706 Y56.339 E100.66822
G1 F1500 E94.16822
G0 F7500 X51.706 Y55.9
G0 X72.26 Y55.988
G0 X72.228 Y59.733
G0 X75.886 Y60.179
G0 X76.215 Y59.918
G0 X76.215 Y81.862
G0 X73.392 Y81.652
G0 X71.668 Y83.256
G1 F1500 E100.66822
G0 F7500 X71.23 Y83.201
G1 F1500 X68.992 Y85.439 E100.73139
G0 F7500 X69.558 Y85.439
G1 F1500 X71.153 Y83.844 E100.7764
G0 F7500 X71.204 Y84.359
G1 F1500 X70.123 Y85.439 E100.80689
G0 F7500 X70.689 Y85.439
G1 F1500 X71.305 Y84.823 E100.82428
G0 F7500 X71.461 Y85.233
G1 F1500 X71.255 Y85.439 E100.83009
G0 F7500 X71.996 Y85.829
;TYPE:SKIN
G1 F1500 X72.18 Y85.645 E100.83269
G0 F7500 X72.222 Y85.617
G0 X72.326 Y83.402
G0 X72.501 Y82.94
G0 X72.781 Y82.535
G0 X73.149 Y82.209
G0 X73.586 Y81.981
G0 X73.973 Y81.886
G0 X76.024 Y81.805
G0 X76.058 Y81.767
G1 F1500 X76.248 Y81.577 E100.83537
G0 F7500 X76.299 Y81.577
G0 X76.299 Y60.208
G0 X76.121 Y60.208
G1 F1500 X76.248 Y60.082 E100.83715
G0 F7500 X76.299 Y60.082
G0 X74.064 Y59.917
G0 X73.586 Y59.799
G0 X73.149 Y59.571
G0 X72.781 Y59.245
G0 X72.501 Y58.84
G0 X72.326 Y58.378
G0 X72.265 Y57.89
G0 X72.326 Y57.402
G0 X72.501 Y56.94
G0 X72.664 Y56.705
G0 X72.177 Y55.9
G0 X72.177 Y55.949
G1 F1500 X72.025 Y56.101 E100.8393
G0 F7500 X72.187 Y56.213
G0 X50.66 Y55.9
G0 X50.66 Y55.971
G1 F1500 X50.462 Y56.169 E100.84209
G0 F7500 X50.336 Y56.012
G1 F1500 X50.399 Y55.949 E100.84298
G0 F7500 X50.399 Y55.9
G0 X50.293 Y57.402
G0 X50.351 Y57.89
G0 X50.293 Y58.378
G0 X50.117 Y58.84
G0 X49.838 Y59.245
G0 X49.468 Y59.571
G0 X49.032 Y59.799
G0 X48.762 Y59.865
G0 X46.623 Y60.004
G0 X46.591 Y60.039
G1 F1500 X46.515 Y60.116 E100.84406
G0 F7500 X46.369 Y59.979
G1 F1500 X46.442 Y59.906 E100.84509
G0 F7500 X46.379 Y59.864
G0 X46.319 Y81.717
G0 X46.41 Y81.717
G1 F1500 X46.368 Y81.759 E100.84568
G0 F7500 X46.319 Y81.759
G0 X47.038 Y82.306
G0 X47.586 Y81.981
G0 X48.064 Y81.863
G0 X48.554 Y81.863
G0 X49.032 Y81.981
G0 X49.468 Y82.209
G0 X49.838 Y82.535
G0 X50.117 Y82.94
G0 X50.293 Y83.402
G0 X50.351 Y83.89
G0 X50.359 Y85.792
G0 X50.5 Y85.829
G1 F1500 X50.612 Y85.717 E100.84727
G0 F7500 X49.623 Y86.14
G1 F1500 X49.434 Y86.046 E100.85409
G0 F7500 X49.602 Y85.879
G0 X47.413 Y86.088
G0 X47.35 Y86.151
G1 F1500 X47.115 Y86.102 E100.85768
G1 X46.993 Y85.941 E100.8607
G0 F7500 X47.042 Y85.893
G0 X46.217 Y85.021
G0 X46.1 Y85.137
G1 F1500 X46.059 Y84.896 E100.86368
G1 X46.02 Y84.651 E100.8667
G0 F7500 X46.057 Y84.615
G0 X45.983 Y82.992
G0 X46.098 Y82.876
G1 F1500 X46.074 Y82.618 E100.87252
G0 F7500 X46.165 Y82.527
G0 X45.983 Y59.233
G0 X46.095 Y59.121
G1 F1500 X46.305 Y59.193 E100.87442
G1 X46.017 Y58.633 E100.87983
G0 F7500 X46.051 Y58.6
G0 X45.984 Y56.97
G0 X46.123 Y56.831
G1 F1500 X46.066 Y56.604 E100.88608
G0 F7500 X45.984 Y56.687
G0 X46.928 Y55.743
G0 X47.017 Y55.653
G1 F1500 X47.245 Y55.709 E100.89271
G0 F7500 X47.1 Y55.854
G0 X49.04 Y55.611
G1 F1500 X49.087 Y55.564 E100.89338
G0 F7500 X49.3 Y55.633
G1 F1500 X49.534 Y55.682 E100.89689
G1 X49.629 Y55.869 E100.89998
G0 F7500 X49.601 Y55.898
G0 X72.933 Y55.759
G0 X73.03 Y55.662
G1 F1500 X73.278 Y55.697 E100.90647
G0 F7500 X73.411 Y55.565
G0 X75.037 Y55.635
G0 X75.072 Y55.599
G1 F1500 X75.317 Y55.638 E100.908
G1 X75.642 Y55.878 E100.91049
G1 X76.527 Y56.69 E100.91789
G1 X76.566 Y56.934 E100.91941
G0 F7500 X76.633 Y56.868
G0 X76.595 Y58.602
G0 X76.571 Y58.626
G1 F1500 X76.457 Y59.023 E100.92445
G1 X76.565 Y59.198 E100.92696
G0 F7500 X76.632 Y59.131
G0 X76.42 Y82.537
G0 X76.369 Y82.587
G1 F1500 X76.531 Y82.708 E100.9297
G1 X76.569 Y82.952 E100.93304
G0 F7500 X76.506 Y83.016
G0 X76.615 Y84.605
G0 X76.574 Y84.645
G1 F1500 X76.466 Y85.036 E100.93812
G1 X76.574 Y85.21 E100.94069
G0 F7500 X76.634 Y85.151
G0 X75.639 Y85.863
G0 X75.463 Y86.038
G1 F1500 X75.065 Y86.154 E100.9443
G1 X75.637 Y86.147 E100.94929
G0 F7500 X75.704 Y86.081
G0 X73.428 Y86.095
G0 X73.368 Y86.154
G1 F1500 X73.133 Y86.106 E100.95298
G1 X72.994 Y85.963 E100.95604
G0 F7500 X73.044 Y85.923
G1 F1500 E94.45604
;MESH:NONMESH
G0 F300 X73.044 Y85.923 Z0.36
G0 F7500 X72.326 Y84.378
G0 X72.265 Y83.89
G0 X72.326 Y83.402
G0 X73.318 Y81.291
G0 X76.215 Y81.862
G0 X76.215 Y59.918
G0 X74.575 Y60.078
;TIME_ELAPSED:281.625017
;LAYER:2
M106 S170
;TYPE:WALL-INNER
;MESH:HBridgeMount.stl
G1 F1500 E100.95604
G1 F1800 X75.09 Y59.951 E100.96663
G1 X75.56 Y59.705 E100.97721
G1 X75.96 Y59.352 E100.98786
G1 X76.261 Y58.915 E100.99845
G1 X76.45 Y58.417 E101.00908
G1 X76.513 Y57.89 E101.01967
G1 X76.45 Y57.363 E101.03026
G1 X76.261 Y56.865 E101.04089
G1 X75.96 Y56.428 E101.05148
G1 X75.56 Y56.075 E101.06213
G1 X75.09 Y55.829 E101.07271
G1 X74.575 Y55.702 E101.0833
G1 X74.043 Y55.702 E101.09392
G1 X73.529 Y55.829 E101.10448
G1 X73.056 Y56.075 E101.11512
G1 X72.659 Y56.428 E101.12572
G1 X72.357 Y56.865 E101.13632
G1 X72.169 Y57.362 E101.14693
G1 X72.104 Y57.89 E101.15754
G1 X72.169 Y58.418 E101.16816
G1 X72.357 Y58.915 E101.17876
G1 X72.659 Y59.352 E101.18937
G1 X73.056 Y59.705 E101.19997
G1 X73.529 Y59.951 E101.21061
G1 X74.043 Y60.078 E101.22117
G1 X74.575 Y60.078 E101.23179
G0 F9000 X74.526 Y59.678
;TYPE:WALL-OUTER
G1 F1800 X74.947 Y59.574 E101.24044
G1 X75.332 Y59.373 E101.24911
G1 X75.658 Y59.085 E101.25779
G1 X75.904 Y58.728 E101.26644
G1 X76.059 Y58.321 E101.27513
G1 X76.11 Y57.89 E101.2838
G1 X76.059 Y57.459 E101.29246
G1 X75.904 Y57.052 E101.30115
G1 X75.658 Y56.695 E101.3098
G1 X75.332 Y56.407 E101.31848
G1 X74.947 Y56.206 E101.32715
G1 X74.526 Y56.102 E101.3358
G1 X74.092 Y56.102 E101.34446
G1 X73.671 Y56.206 E101.35312
G1 X73.285 Y56.407 E101.3618
G1 X72.961 Y56.695 E101.37045
G1 X72.714 Y57.052 E101.37912
G1 X72.56 Y57.459 E101.3878
G1 X72.507 Y57.89 E101.39647
G1 X72.56 Y58.321 E101.40513
G1 X72.714 Y58.728 E101.41382
G1 X72.961 Y59.085 E101.42248
G1 X73.285 Y59.373 E101.43113
G1 X73.671 Y59.574 E101.43981
G1 X74.092 Y59.678 E101.44847
G1 X74.526 Y59.678 E101.45713
G0 F9000 X74.579 Y60.114
G1 F1500 E94.95713
G0 F9000 X71.848 Y59.182
G0 X72.26 Y55.988
G0 X50.359 Y55.988
G0 X50.384 Y59.021
G0 X49.09 Y59.951
;TYPE:WALL-INNER
G1 F1500 E101.45713
G1 F1800 X49.56 Y59.705 E101.46772
G1 X49.96 Y59.352 E101.47836
G1 X50.261 Y58.915 E101.48895
G1 X50.45 Y58.417 E101.49958
G1 X50.513 Y57.89 E101.51017
G1 X50.45 Y57.363 E101.52076
G1 X50.261 Y56.865 E101.53139
G1 X49.96 Y56.428 E101.54198
G1 X49.56 Y56.075 E101.55263
G1 X49.09 Y55.829 E101.56322
G1 X48.575 Y55.702 E101.5738
G1 X48.043 Y55.702 E101.58442
G1 X47.529 Y55.829 E101.59498
G1 X47.056 Y56.075 E101.60562
G1 X46.659 Y56.428 E101.61623
G1 X46.357 Y56.865 E101.62683
G1 X46.169 Y57.362 E101.63743
G1 X46.104 Y57.89 E101.64805
G1 X46.169 Y58.418 E101.65866
G1 X46.357 Y58.915 E101.66927
G1 X46.659 Y59.352 E101.67987
G1 X47.056 Y59.705 E101.69047
G1 X47.529 Y59.951 E101.70111
G1 X48.043 Y60.078 E101.71167
G1 X48.575 Y60.078 E101.72229
G1 X49.09 Y59.951 E101.73288
G0 F9000 X48.947 Y59.574
;TYPE:WALL-OUTER
G1 F1800 X49.332 Y59.373 E101.74154
G1 X49.658 Y59.085 E101.75022
G1 X49.904 Y58.728 E101.75888
G1 X50.059 Y58.321 E101.76757
G1 X50.11 Y57.89 E101.77623
G1 X50.059 Y57.459 E101.78489
G1 X49.904 Y57.052 E101.79358
G1 X49.658 Y56.695 E101.80223
G1 X49.332 Y56.407 E101.81091
G1 X48.947 Y56.206 E101.81958
G1 X48.526 Y56.102 E101.82823
G1 X48.092 Y56.102 E101.8369
G1 X47.671 Y56.206 E101.84555
G1 X47.285 Y56.407 E101.85423
G1 X46.961 Y56.695 E101.86289
G1 X46.714 Y57.052 E101.87155
G1 X46.56 Y57.459 E101.88023
G1 X46.507 Y57.89 E101.8889
G1 X46.56 Y58.321 E101.89756
G1 X46.714 Y58.728 E101.90625
G1 X46.961 Y59.085 E101.91491
G1 X47.285 Y59.373 E101.92356
G1 X47.671 Y59.574 E101.93225
G1 X48.092 Y59.678 E101.9409
G1 X48.526 Y59.678 E101.94956
G1 X48.947 Y59.574 E101.95822
G0 F9000 X49.102 Y59.985
G1 F1500 E95.45822
G0 F9000 X46.403 Y59.919
G0 X46.403 Y81.861
G0 X49.091 Y81.239
G0 X50.117 Y82.94
G0 X50.293 Y83.402
G0 X50.351 Y83.89
G0 X50.293 Y84.378
G0 X50.117 Y84.84
G0 X49.96 Y85.068
G0 X49.09 Y85.951
;TYPE:WALL-INNER
G1 F1500 E101.95822
G1 F1800 X49.56 Y85.705 E101.9688
G1 X49.96 Y85.352 E101.97945
G1 X50.261 Y84.915 E101.99004
G1 X50.45 Y84.417 E102.00067
G1 X50.513 Y83.89 E102.01126
G1 X50.45 Y83.363 E102.02185
G1 X50.261 Y82.865 E102.03248
G1 X49.96 Y82.428 E102.04307
G1 X49.56 Y82.075 E102.05372
G1 X49.09 Y81.829 E102.0643
G1 X48.575 Y81.702 E102.07489
G1 X48.043 Y81.702 E102.08551
G1 X47.529 Y81.829 E102.09607
G1 X47.056 Y82.075 E102.10671
G1 X46.659 Y82.428 E102.11731
G1 X46.357 Y82.865 E102.12791
G1 X46.169 Y83.362 E102.13852
G1 X46.104 Y83.89 E102.14913
G1 X46.169 Y84.418 E102.15975
G1 X46.357 Y84.915 E102.17035
G1 X46.659 Y85.352 E102.18095
G1 X47.056 Y85.705 E102.19156
G1 X47.529 Y85.951 E102.2022
G1 X48.043 Y86.078 E102.21276
G1 X48.575 Y86.078 E102.22338
G1 X49.09 Y85.951 E102.23396
G0 F9000 X48.947 Y85.574
;TYPE:WALL-OUTER
G1 F1800 X49.332 Y85.373 E102.24263
G1 X49.658 Y85.085 E102.25131
G1 X49.904 Y84.728 E102.25996
G1 X50.059 Y84.321 E102.26865
G1 X50.11 Y83.89 E102.27732
G1 X50.059 Y83.459 E102.28598
G1 X49.904 Y83.052 E102.29467
G1 X49.658 Y82.695 E102.30332
G1 X49.332 Y82.407 E102.312
G1 X48.947 Y82.206 E102.32067
G1 X48.526 Y82.102 E102.32932
G1 X48.092 Y82.102 E102.33798
G1 X47.671 Y82.206 E102.34664
G1 X47.285 Y82.407 E102.35532
G1 X46.961 Y82.695 E102.36397
G1 X46.714 Y83.052 E102.37264
G1 X46.56 Y83.459 E102.38132
G1 X46.507 Y83.89 E102.38999
G1 X46.56 Y84.321 E102.39865
G1 X46.714 Y84.728 E102.40734
G1 X46.961 Y85.085 E102.416
G1 X47.285 Y85.373 E102.42465
G1 X47.671 Y85.574 E102.43333
G1 X48.092 Y85.678 E102.44199
G1 X48.526 Y85.678 E102.45065
G1 X48.947 Y85.574 E102.4593
G0 F9000 X49.102 Y85.985
G0 X74.575 Y86.078
;TYPE:WALL-INNER
G1 F1800 X75.09 Y85.951 E102.46989
G1 X75.56 Y85.705 E102.48048
G1 X75.96 Y85.352 E102.49112
G1 X76.261 Y84.915 E102.50171
G1 X76.45 Y84.417 E102.51234
G1 X76.513 Y83.89 E102.52293
G1 X76.45 Y83.363 E102.53352
G1 X76.261 Y82.865 E102.54415
G1 X75.96 Y82.428 E102.55474
G1 X75.56 Y82.075 E102.56539
G1 X75.09 Y81.829 E102.57598
G1 X74.575 Y81.702 E102.58656
G1 X74.043 Y81.702 E102.59718
G1 X73.529 Y81.829 E102.60774
G1 X73.056 Y82.075 E102.61838
G1 X72.659 Y82.428 E102.62899
G1 X72.357 Y82.865 E102.63959
G1 X72.169 Y83.362 E102.65019
G1 X72.104 Y83.89 E102.66081
G1 X72.169 Y84.418 E102.67142
G1 X72.357 Y84.915 E102.68203
G1 X72.659 Y85.352 E102.69263
G1 X73.056 Y85.705 E102.70323
G1 X73.529 Y85.951 E102.71387
G1 X74.043 Y86.078 E102.72443
G1 X74.575 Y86.078 E102.73505
G0 F9000 X74.526 Y85.678
;TYPE:WALL-OUTER
G1 F1800 X74.947 Y85.574 E102.7437
G1 X75.332 Y85.373 E102.75237
G1 X75.658 Y85.085 E102.76105
G1 X75.904 Y84.728 E102.7697
G1 X76.059 Y84.321 E102.7784
G1 X76.11 Y83.89 E102.78706
G1 X76.059 Y83.459 E102.79572
G1 X75.904 Y83.052 E102.80441
G1 X75.658 Y82.695 E102.81306
G1 X75.332 Y82.407 E102.82174
G1 X74.947 Y82.206 E102.83041
G1 X74.526 Y82.102 E102.83906
G1 X74.092 Y82.102 E102.84772
G1 X73.671 Y82.206 E102.85638
G1 X73.285 Y82.407 E102.86506
G1 X72.961 Y82.695 E102.87371
G1 X72.714 Y83.052 E102.88238
G1 X72.56 Y83.459 E102.89106
G1 X72.507 Y83.89 E102.89973
G1 X72.56 Y84.321 E102.90839
G1 X72.714 Y84.728 E102.91708
G1 X72.961 Y85.085 E102.92574
G1 X73.285 Y85.373 E102.93439
G1 X73.671 Y85.574 E102.94308
G1 X74.092 Y85.678 E102.95173
G1 X74.526 Y85.678 E102.96039
G0 F9000 X74.579 Y86.114
G0 X46.774 Y85.99
;TYPE:WALL-INNER
G1 F1800 X46.209 Y85.99 E102.97167
G1 X46.209 Y85.405 E102.98334
G1 X46.357 Y85.619 E102.98419
G1 X46.774 Y85.99 E102.98973
G0 F9000 X46.326 Y84.378
G0 X46.293 Y84.102
G0 X46.209 Y56.375
G1 F1800 X46.209 Y55.79 E103.00141
G1 X46.774 Y55.79 E103.01268
G1 X46.357 Y56.161 E103.01822
G1 X46.209 Y56.375 E103.01907
G1 F1500 E96.51907
G0 F9000 X48.064 Y55.863
G0 X74.554 Y55.863
G0 X76.409 Y56.374
G1 F1500 E103.01907
G1 F1800 X76.262 Y56.161 E103.02424
G1 X75.841 Y55.79 E103.03543
G1 X76.409 Y55.79 E103.04113
G1 X76.409 Y56.374 E103.04846
G0 F9000 X76.409 Y82.374
G1 F1800 X76.262 Y82.161 E103.05362
G1 X75.788 Y81.743 E103.06624
G1 X75.233 Y81.452 E103.07874
G1 X74.624 Y81.302 E103.09126
G1 X73.994 Y81.302 E103.10383
G1 X73.387 Y81.452 E103.11631
G1 X72.827 Y81.743 E103.1289
G1 X72.357 Y82.161 E103.14146
G1 X72 Y82.678 E103.15399
G1 X71.778 Y83.265 E103.16652
G1 X71.701 Y83.89 E103.17908
G1 X71.778 Y84.515 E103.19165
G1 X72 Y85.102 E103.20417
G1 X72.357 Y85.619 E103.21671
G1 X72.774 Y85.99 E103.22785
G1 X72.357 Y85.99 E103.2313
G1 X50.262 Y85.99 E103.67223
G1 X49.841 Y85.99 E103.68063
G1 X50.262 Y85.619 E103.68692
G1 X50.618 Y85.102 E103.69945
G1 X50.841 Y84.513 E103.71201
G1 X50.916 Y83.89 E103.72454
G1 X50.841 Y83.267 E103.73706
G1 X50.618 Y82.678 E103.74963
G1 X50.262 Y82.161 E103.76215
G1 X49.788 Y81.743 E103.77477
G1 X49.233 Y81.452 E103.78727
G1 X48.624 Y81.302 E103.79979
G1 X47.994 Y81.302 E103.81236
G1 X47.387 Y81.452 E103.82484
G1 X46.827 Y81.743 E103.83743
G1 X46.357 Y82.161 E103.84999
G1 X46.209 Y82.375 E103.85518
G1 X46.209 Y59.405 E104.31357
G1 X46.357 Y59.619 E104.31876
G1 X46.827 Y60.037 E104.33131
G1 X47.387 Y60.328 E104.34391
G1 X47.994 Y60.478 E104.35639
G1 X48.624 Y60.478 E104.36896
G1 X49.233 Y60.328 E104.38147
G1 X49.788 Y60.037 E104.39398
G1 X50.262 Y59.619 E104.40659
G1 X50.618 Y59.102 E104.41912
G1 X50.841 Y58.513 E104.43169
G1 X50.916 Y57.89 E104.44421
G1 X50.841 Y57.267 E104.45673
G1 X50.618 Y56.678 E104.4693
G1 X50.262 Y56.161 E104.48183
G1 X49.841 Y55.79 E104.49302
G1 X50.262 Y55.79 E104.49651
G1 X72.357 Y55.79 E104.93744
G1 X72.774 Y55.79 E104.94577
G1 X72.357 Y56.161 E104.95203
G1 X72 Y56.678 E104.96457
G1 X71.778 Y57.265 E104.9771
G1 X71.701 Y57.89 E104.98966
G1 X71.778 Y58.515 E105.00223
G1 X72 Y59.102 E105.01475
G1 X72.357 Y59.619 E105.02729
G1 X72.827 Y60.037 E105.03984
G1 X73.387 Y60.328 E105.05244
G1 X73.994 Y60.478 E105.06492
G1 X74.624 Y60.478 E105.07749
G1 X75.233 Y60.328 E105.09
G1 X75.788 Y60.037 E105.10251
G1 X76.262 Y59.619 E105.11512
G1 X76.409 Y59.406 E105.12029
G1 X76.409 Y82.374 E105.57864
G0 F9000 X76.409 Y85.99
G1 F1800 X75.841 Y85.99 E105.58997
G1 X76.262 Y85.619 E105.59558
G1 X76.409 Y85.406 E105.60075
G1 X76.409 Y85.99 E105.60812
G0 F9000 X76.809 Y86.39
G1 F1800 X74.575 Y86.39 E105.6527
G1 X74.043 Y86.39 E105.661
G1 X48.575 Y86.39 E106.16924
G1 X48.043 Y86.39 E106.17755
G1 X45.809 Y86.39 E106.22213
G1 X45.809 Y84.418 E106.26148
G1 X45.809 Y83.89 E106.27013
G1 X45.809 Y83.362 E106.27877
G1 X45.809 Y58.418 E106.77656
G1 X45.809 Y57.89 E106.78521
G1 X45.809 Y57.362 E106.79385
G1 X45.809 Y55.39 E106.83321
G1 X48.043 Y55.39 E106.87779
G1 X48.575 Y55.39 E106.88609
G1 X74.043 Y55.39 E107.39433
G1 X74.575 Y55.39 E107.40263
G1 X76.809 Y55.39 E107.44722
G1 X76.809 Y57.363 E107.48659
G1 X76.809 Y57.89 E107.49522
G1 X76.809 Y58.417 E107.50385
G1 X76.809 Y83.363 E108.00167
G1 X76.809 Y83.89 E108.0103
G1 X76.809 Y84.417 E108.01893
G1 X76.809 Y86.39 E108.05831
G0 F9000 X77.209 Y86.79
;TYPE:WALL-OUTER
G1 F1800 X45.409 Y86.79 E108.69291
G1 X45.409 Y54.99 E109.32751
G1 X77.209 Y54.99 E109.96212
G1 X77.209 Y86.79 E110.59672
G0 F9000 X76.939 Y86.52
G0 X71.87 Y85.88
G0 X71.87 Y85.6
;TYPE:SKIN
G1 F1800 X50.749 Y85.6 E111.01821
G1 X50.966 Y85.284 E111.02586
G1 X51.223 Y84.607 E111.04031
G1 X51.308 Y83.89 E111.05472
G1 X51.223 Y83.173 E111.06913
G1 X50.966 Y82.496 E111.08358
G1 X50.556 Y81.9 E111.09802
G1 X50.01 Y81.419 E111.11254
G1 X49.372 Y81.085 E111.12691
G1 X48.671 Y80.912 E111.14132
G1 X47.947 Y80.912 E111.15577
G1 X47.248 Y81.085 E111.17014
G1 X46.599 Y81.423 E111.18474
G1 X46.599 Y60.357 E111.60514
G1 X47.248 Y60.695 E111.61974
G1 X47.947 Y60.868 E111.63411
G1 X48.671 Y60.868 E111.64856
G1 X49.372 Y60.695 E111.66297
G1 X50.01 Y60.361 E111.67734
G1 X50.556 Y59.88 E111.69186
G1 X50.966 Y59.284 E111.7063
G1 X51.223 Y58.607 E111.72075
G1 X51.308 Y57.89 E111.73515
G1 X51.223 Y57.173 E111.74956
G1 X50.966 Y56.496 E111.76401
G1 X50.749 Y56.18 E111.77166
G1 X71.87 Y56.18 E112.19316
G1 X71.653 Y56.495 E112.20079
G1 X71.396 Y57.171 E112.21522
G1 X71.308 Y57.89 E112.22968
G1 X71.396 Y58.609 E112.24413
G1 X71.653 Y59.285 E112.25857
G1 X72.063 Y59.879 E112.27297
G1 X72.604 Y60.361 E112.28743
G1 X73.248 Y60.695 E112.30191
G1 X73.947 Y60.868 E112.31628
G1 X74.671 Y60.868 E112.33072
G1 X75.372 Y60.695 E112.34513
G1 X76.01 Y60.361 E112.3595
G1 X76.019 Y60.353 E112.35975
G1 X76.019 Y81.427 E112.7803
G1 X76.01 Y81.419 E112.78054
G1 X75.372 Y81.085 E112.79491
G1 X74.671 Y80.912 E112.80932
G1 X73.947 Y80.912 E112.82377
G1 X73.248 Y81.085 E112.83814
G1 X72.604 Y81.419 E112.85262
G1 X72.063 Y81.901 E112.86708
G1 X71.653 Y82.495 E112.88148
G1 X71.396 Y83.171 E112.89591
G1 X71.308 Y83.89 E112.91037
G1 X71.396 Y84.609 E112.92482
G1 X71.653 Y85.285 E112.93925
G1 X71.87 Y85.6 E112.94689
G1 F1500 E106.44689
G0 F9000 X71.87 Y85.88
G0 X72.26 Y85.792
G0 X71.942 Y85.34
G0 X72.729 Y81.601
G0 X76.215 Y81.862
G0 X76.215 Y59.918
G0 X75.308 Y60.414
G1 F1500 E112.94689
G0 F9000 X75.511 Y60.803
G1 F1800 X75.858 Y61.15 E112.95668
G0 F9000 X75.858 Y61.716
G1 F1800 X75.074 Y60.932 E112.97881
G0 F9000 X74.604 Y61.028
G1 F1800 X75.858 Y62.281 E113.01418
G0 F9000 X75.858 Y62.847
G1 F1800 X74.039 Y61.028 E113.06552
G0 F9000 X73.323 Y60.878
G1 F1800 X75.858 Y63.413 E113.13706
G0 F9000 X75.858 Y63.979
G1 F1800 X68.219 Y56.34 E113.35265
G0 F9000 X67.653 Y56.34
G1 F1800 X75.858 Y64.544 E113.5842
G0 F9000 X75.858 Y65.11
G1 F1800 X67.088 Y56.34 E113.83171
G0 F9000 X66.522 Y56.34
G1 F1800 X75.858 Y65.676 E114.09519
G0 F9000 X75.858 Y66.241
G1 F1800 X65.956 Y56.34 E114.37463
G0 F9000 X65.391 Y56.34
G1 F1800 X75.858 Y66.807 E114.67003
G0 F9000 X75.858 Y67.373
G1 F1800 X64.825 Y56.34 E114.98141
G0 F9000 X64.259 Y56.34
G1 F1800 X75.858 Y67.938 E115.30874
G0 F9000 X75.858 Y68.504
G1 F1800 X63.694 Y56.34 E115.65204
G0 F9000 X63.128 Y56.34
G1 F1800 X75.858 Y69.07 E116.01131
G0 F9000 X75.858 Y69.635
G1 F1800 X62.562 Y56.34 E116.38653
G0 F9000 X61.997 Y56.34
G1 F1800 X75.858 Y70.201 E116.77772
G0 F9000 X75.858 Y70.767
G1 F1800 X61.431 Y56.34 E117.18488
G0 F9000 X60.865 Y56.34
G1 F1800 X75.859 Y71.333 E117.60803
G0 F9000 X75.859 Y71.899
G1 F1800 X60.299 Y56.34 E118.04715
G0 F9000 X59.734 Y56.34
G1 F1800 X75.859 Y72.465 E118.50224
G0 F9000 X75.859 Y73.03
G1 F1800 X59.168 Y56.34 E118.97328
G0 F9000 X58.602 Y56.34
G1 F1800 X75.859 Y73.596 E119.46029
G0 F9000 X75.859 Y74.162
G1 F1800 X58.037 Y56.34 E119.96327
G0 F9000 X57.471 Y56.34
G1 F1800 X75.859 Y74.727 E120.4822
G0 F9000 X75.859 Y75.293
G1 F1800 X56.905 Y56.34 E121.01711
G0 F9000 X56.34 Y56.34
G1 F1800 X75.859 Y75.859 E121.56798
G0 F9000 X75.859 Y76.424
G1 F1800 X55.774 Y56.34 E122.13481
G0 F9000 X55.208 Y56.34
G1 F1800 X75.859 Y76.99 E122.71761
G0 F9000 X75.859 Y77.556
G1 F1800 X54.643 Y56.34 E123.31637
G0 F9000 X54.077 Y56.34
G1 F1800 X75.859 Y78.121 E123.93109
G0 F9000 X75.859 Y78.687
G1 F1800 X53.511 Y56.34 E124.56179
G0 F9000 X52.946 Y56.34
G1 F1800 X75.859 Y79.253 E125.20844
G0 F9000 X75.859 Y79.818
G1 F1800 X52.38 Y56.34 E125.87106
G0 F9000 X51.814 Y56.34
G1 F1800 X75.859 Y80.384 E126.54964
G0 F9000 X75.859 Y80.95
G1 F1800 X51.248 Y56.34 E127.24421
G0 F9000 X51.321 Y56.977
G1 F1800 X75.227 Y80.884 E127.9189
G0 F9000 X74.528 Y80.75
G1 F1800 X51.44 Y57.663 E128.57048
G0 F9000 X51.428 Y58.216
G1 F1800 X73.962 Y80.75 E129.20644
G0 F9000 X73.502 Y80.856
G1 F1800 X51.355 Y58.708 E129.83149
G0 F9000 X51.199 Y59.119
G1 F1800 X73.074 Y80.994 E130.44885
G0 F9000 X72.701 Y81.187
G1 F1800 X51.012 Y59.497 E131.06097
G0 F9000 X50.781 Y59.832
G1 F1800 X72.365 Y81.416 E131.67012
G0 F9000 X72.066 Y81.682
G1 F1800 X50.514 Y60.13 E132.27836
G0 F9000 X50.213 Y60.396
G1 F1800 X71.807 Y81.989 E132.88778
G0 F9000 X71.576 Y82.324
G1 F1800 X49.867 Y60.616 E133.50044
G0 F9000 X49.496 Y60.81
G1 F1800 X71.398 Y82.712 E134.11856
G0 F9000 X71.242 Y83.121
G1 F1800 X49.056 Y60.936 E134.74468
G0 F9000 X48.582 Y61.027
G1 F1800 X71.18 Y83.625 E135.38245
G0 F9000 X71.185 Y84.196
G1 F1800 X48.016 Y61.027 E136.03633
G0 F9000 X47.293 Y60.869
G1 F1800 X71.342 Y84.918 E136.71504
G0 F9000 X71.296 Y85.439
G1 F1800 X46.758 Y60.9 E137.40757
G0 F9000 X46.758 Y61.466
G1 F1800 X70.731 Y85.439 E138.08414
G0 F9000 X70.165 Y85.439
G1 F1800 X46.758 Y62.032 E138.74474
G0 F9000 X46.758 Y62.598
G1 F1800 X69.599 Y85.439 E139.38936
G0 F9000 X69.034 Y85.439
G1 F1800 X46.758 Y63.163 E140.01804
G0 F9000 X46.758 Y63.729
G1 F1800 X68.468 Y85.439 E140.63074
G0 F9000 X67.902 Y85.439
G1 F1800 X46.758 Y64.295 E141.22747
G0 F9000 X46.758 Y64.86
G1 F1800 X67.337 Y85.439 E141.80825
G0 F9000 X66.771 Y85.439
G1 F1800 X46.758 Y65.426 E142.37306
G0 F9000 X46.758 Y65.992
G1 F1800 X66.205 Y85.439 E142.9219
G0 F9000 X65.64 Y85.439
G1 F1800 X46.758 Y66.557 E143.45479
G0 F9000 X46.758 Y67.123
G1 F1800 X65.074 Y85.439 E143.97171
G0 F9000 X64.508 Y85.439
G1 F1800 X46.758 Y67.689 E144.47265
G0 F9000 X46.758 Y68.254
G1 F1800 X63.942 Y85.439 E144.95763
G0 F9000 X63.377 Y85.439
G1 F1800 X46.758 Y68.82 E145.42666
G0 F9000 X46.758 Y69.386
G1 F1800 X62.811 Y85.439 E145.87971
G0 F9000 X62.245 Y85.439
G1 F1800 X46.758 Y69.951 E146.3168
G0 F9000 X46.758 Y70.517
G1 F1800 X61.68 Y85.439 E146.73793
G0 F9000 X61.114 Y85.439
G1 F1800 X46.758 Y71.083 E147.14309
G0 F9000 X46.758 Y71.649
G1 F1800 X60.548 Y85.439 E147.53227
G0 F9000 X59.983 Y85.439
G1 F1800 X46.758 Y72.214 E147.90551
G0 F9000 X46.758 Y72.78
G1 F1800 X59.417 Y85.439 E148.26277
G0 F9000 X58.851 Y85.439
G1 F1800 X46.758 Y73.346 E148.60406
G0 F9000 X46.758 Y73.911
G1 F1800 X58.286 Y85.439 E148.92941
G0 F9000 X57.72 Y85.439
G1 F1800 X46.758 Y74.477 E149.23878
G0 F9000 X46.758 Y75.043
G1 F1800 X57.154 Y85.439 E149.53218
G0 F9000 X56.589 Y85.439
G1 F1800 X46.758 Y75.608 E149.80963
G0 F9000 X46.758 Y76.174
G1 F1800 X56.023 Y85.439 E150.07111
G0 F9000 X55.457 Y85.439
G1 F1800 X46.758 Y76.74 E150.31661
G0 F9000 X46.758 Y77.305
G1 F1800 X54.891 Y85.439 E150.54616
G0 F9000 X54.326 Y85.439
G1 F1800 X46.758 Y77.871 E150.75974
G0 F9000 X46.758 Y78.437
G1 F1800 X49.198 Y80.876 E150.82859
G0 F9000 X48.506 Y80.75
G1 F1800 X46.758 Y79.002 E150.87792
G0 F9000 X46.758 Y79.568
G1 F1800 X47.941 Y80.75 E150.9113
G0 F9000 X47.485 Y80.861
G1 F1800 X46.758 Y80.134 E150.93181
G0 F9000 X46.758 Y80.699
G1 F1800 X47.06 Y81.001 E150.94034
G0 F9000 X47.263 Y81.392
G0 X49.032 Y81.981
G0 X50.921 Y83.167
G0 X51.334 Y83.012
G1 F1800 X53.76 Y85.439 E151.00882
G0 F9000 X53.194 Y85.439
G1 F1800 X51.444 Y83.688 E151.05822
G0 F9000 X51.427 Y84.236
G1 F1800 X52.629 Y85.439 E151.09216
G0 F9000 X52.063 Y85.439
G1 F1800 X51.349 Y84.724 E151.11232
G0 F9000 X51.193 Y85.134
G1 F1800 X51.497 Y85.439 E151.12092
G1 F1500 E144.62092
G0 F9000 X51.497 Y85.88
G0 X72.26 Y85.792
G0 X72.228 Y82.047
G0 X75.886 Y81.601
G0 X76.215 Y81.862
G0 X76.215 Y59.918
G0 X73.392 Y60.128
G0 X71.741 Y58.728
G1 F1500 E151.12092
G0 F9000 X71.328 Y58.883
G1 F1800 X68.785 Y56.34 E151.19268
G0 F9000 X69.35 Y56.34
G1 F1800 X71.181 Y58.17 E151.24435
G0 F9000 X71.181 Y57.605
G1 F1800 X69.916 Y56.34 E151.28005
G0 F9000 X70.482 Y56.34
G1 F1800 X71.248 Y57.105 E151.30165
G0 F9000 X71.404 Y56.696
G1 F1800 X71.047 Y56.34 E151.31171
G0 F9000 X71.047 Y55.9
G0 X72.072 Y55.9
G0 X72.072 Y55.95
;TYPE:SKIN
G1 F1800 X72.211 Y56.089 E151.31367
G0 F9000 X72.253 Y56.118
G0 X72.265 Y57.89
G0 X72.326 Y58.378
G0 X72.501 Y58.84
G0 X72.781 Y59.245
G0 X73.149 Y59.571
G0 X73.586 Y59.799
G0 X73.856 Y59.865
G0 X75.916 Y60.071
G0 X75.948 Y60.109
G1 F1800 X75.986 Y60.147 E151.31421
G0 F9000 X76.098 Y59.976
G1 F1800 X76.248 Y60.125 E151.31632
G0 F9000 X76.299 Y60.125
G0 X76.299 Y81.547
G0 X76.173 Y81.547
G1 F1800 X76.249 Y81.623 E151.31739
G0 F9000 X76.225 Y81.882
G1 F1800 X75.978 Y81.635 E151.32088
G0 F9000 X75.914 Y81.707
G0 X74.064 Y81.863
G0 X73.586 Y81.981
G0 X73.149 Y82.209
G0 X72.781 Y82.535
G0 X72.501 Y82.94
G0 X72.344 Y83.355
G0 X72.173 Y85.546
G0 X72.052 Y85.628
G1 F1800 X72.252 Y85.829 E151.32371
G0 F9000 X72.317 Y85.811
G0 X50.359 Y85.792
G0 X50.44 Y85.555
G0 X50.577 Y85.649
G1 F1800 X50.492 Y85.564 E151.32491
G0 F9000 X50.377 Y85.732
G1 F1800 X50.473 Y85.829 E151.32627
G0 F9000 X50.473 Y85.88
G0 X49.886 Y85.174
G0 X50.117 Y84.84
G0 X50.293 Y84.378
G0 X50.351 Y83.89
G0 X50.293 Y83.402
G0 X50.117 Y82.94
G0 X49.838 Y82.535
G0 X49.468 Y82.209
G0 X49.032 Y81.981
G0 X48.762 Y81.915
G0 X46.663 Y81.741
G0 X46.63 Y81.703
G1 F1800 X46.565 Y81.637 E151.32719
G0 F9000 X46.379 Y81.734
G1 F1800 X46.48 Y81.835 E151.32862
G0 F9000 X46.514 Y81.874
G0 X46.403 Y59.919
G0 X46.658 Y60.035
G0 X46.564 Y60.14
G1 F1800 X46.369 Y59.945 E151.33137
G0 F9000 X46.379 Y59.864
G0 X48.554 Y59.917
G0 X49.032 Y59.799
G0 X49.468 Y59.571
G0 X49.838 Y59.245
G0 X50.117 Y58.84
G0 X50.293 Y58.378
G0 X50.325 Y58.102
G0 X50.302 Y55.969
G0 X50.329 Y55.985
G1 F1800 X50.541 Y56.198 E151.33437
G0 F9000 X50.638 Y56.012
G1 F1800 X50.575 Y55.949 E151.33526
G0 F9000 X49.671 Y55.611
G1 F1800 X49.5 Y55.723 E151.33783
G1 X49.11 Y55.615 E151.34292
G0 F9000 X49.059 Y55.564
G0 X47.461 Y55.664
G0 X47.411 Y55.614
G1 F1800 X47.177 Y55.662 E151.34665
G1 X46.994 Y55.762 E151.3499
G0 F9000 X47.09 Y55.858
G0 X46.248 Y56.713
G0 X46.132 Y56.597
G1 F1800 X46.068 Y56.817 E151.35315
G1 X46.03 Y57.061 E151.35666
G0 F9000 X46.077 Y57.108
G0 X45.983 Y58.711
G0 X46.07 Y58.798
G1 F1800 X46.102 Y59.113 E151.36249
G0 F9000 X46.221 Y59.232
G0 X45.985 Y82.472
G0 X46.112 Y82.599
G1 F1800 X46.066 Y82.835 E151.36652
G1 X46.027 Y83.08 E151.37069
G0 F9000 X46.072 Y83.124
G0 X45.983 Y84.733
G0 X46.077 Y84.827
G1 F1800 X46.093 Y85.126 E151.37646
G0 F9000 X46.204 Y85.236
G0 X46.948 Y85.98
G0 X47.065 Y86.097
G1 F1800 X47.361 Y86.11 E151.37952
G1 X46.884 Y86.199 E151.38453
G0 F9000 X46.87 Y86.185
G0 X49.081 Y86.134
G0 X49.121 Y86.173
G1 F1800 X49.361 Y86.131 E151.38812
G1 X49.595 Y86.082 E151.39164
G0 F9000 X49.727 Y86.213
G0 X72.876 Y86.17
G0 X72.898 Y86.192
G1 F1800 X73.078 Y86.089 E151.39433
G1 X73.394 Y86.122 E151.39845
G0 F9000 X73.486 Y86.214
G0 X75.098 Y86.129
G0 X75.14 Y86.171
G1 F1800 X75.379 Y86.127 E151.40216
G1 X75.613 Y86.078 E151.40582
G0 F9000 X75.748 Y86.213
G0 X76.496 Y85.264
G0 X76.417 Y85.186
G1 F1800 X76.538 Y85.023 E151.40892
G1 X76.577 Y84.779 E151.41269
G0 F9000 X76.52 Y84.722
G0 X76.634 Y83.139
G0 X76.568 Y83.073
G1 F1800 X76.486 Y82.709 E151.41743
G1 X76.595 Y82.534 E151.42005
G0 F9000 X76.634 Y82.573
G0 X76.528 Y59.275
G0 X76.438 Y59.185
G1 F1800 X76.54 Y59.004 E151.42336
G1 X76.579 Y58.76 E151.42729
G0 F9000 X76.525 Y58.706
G0 X76.633 Y57.117
G0 X76.56 Y57.044
G1 F1800 X76.494 Y56.695 E151.43182
G1 X76.603 Y56.521 E151.43443
G0 F9000 X76.633 Y56.551
G0 X75.669 Y55.87
G0 X75.516 Y55.717
G1 F1800 X75.145 Y55.629 E151.43797
G1 X75.685 Y55.604 E151.44298
G0 F9000 X75.725 Y55.643
G0 X73.479 Y55.66
G0 X73.431 Y55.612
G1 F1800 X73.195 Y55.659 E151.44674
G1 X72.994 Y55.74 E151.45014
G0 F9000 X73.096 Y55.829
;MESH:NONMESH
G0 F300 X73.096 Y55.829 Z0.48
G0 F9000 X72.501 Y56.94
G0 X72.326 Y57.402
G0 X72.265 Y57.89
G0 X72.326 Y58.378
G0 X72.501 Y58.84
G0 X72.781 Y59.245
G0 X73.149 Y59.571
G0 X73.396 Y59.699
G0 X74.575 Y60.078
;TIME_ELAPSED:392.710169
;LAYER:3
M106 S255
;TYPE:WALL-INNER
;MESH:HBridgeMount.stl
G1 F1800 X75.09 Y59.951 E151.46072
G1 X75.56 Y59.705 E151.47131
G1 X75.96 Y59.352 E151.48195
G1 X76.261 Y58.915 E151.49254
G1 X76.45 Y58.417 E151.50317
G1 X76.513 Y57.89 E151.51376
G1 X76.45 Y57.363 E151.52436
G1 X76.261 Y56.865 E151.53499
G1 X75.96 Y56.428 E151.54557
G1 X75.56 Y56.075 E151.55622
G1 X75.09 Y55.829 E151.56681
G1 X74.575 Y55.702 E151.57739
G1 X74.043 Y55.702 E151.58801
G1 X73.529 Y55.829 E151.59858
G1 X73.056 Y56.075 E151.60921
G1 X72.659 Y56.428 E151.61982
G1 X72.357 Y56.865 E151.63042
G1 X72.169 Y57.362 E151.64102
G1 X72.104 Y57.89 E151.65164
G1 X72.169 Y58.418 E151.66225
G1 X72.357 Y58.915 E151.67286
G1 X72.659 Y59.352 E151.68346
G1 X73.056 Y59.705 E151.69406
G1 X73.529 Y59.951 E151.7047
G1 X74.043 Y60.078 E151.71527
G1 X74.575 Y60.078 E151.72588
G0 F9000 X74.526 Y59.678
;TYPE:WALL-OUTER
G1 F1800 X74.947 Y59.574 E151.73454
G1 X75.332 Y59.373 E151.7432
G1 X75.658 Y59.085 E151.75188
G1 X75.904 Y58.728 E151.76054
G1 X76.059 Y58.321 E151.76923
G1 X76.11 Y57.89 E151.77789
G1 X76.059 Y57.459 E151.78655
G1 X75.904 Y57.052 E151.79524
G1 X75.658 Y56.695 E151.80389
G1 X75.332 Y56.407 E151.81257
G1 X74.947 Y56.206 E151.82124
G1 X74.526 Y56.102 E151.82989
G1 X74.092 Y56.102 E151.83856
G1 X73.671 Y56.206 E151.84721
G1 X73.285 Y56.407 E151.85589
G1 X72.961 Y56.695 E151.86455
G1 X72.714 Y57.052 E151.87321
G1 X72.56 Y57.459 E151.88189
G1 X72.507 Y57.89 E151.89056
G1 X72.56 Y58.321 E151.89922
G1 X72.714 Y58.728 E151.90791
G1 X72.961 Y59.085 E151.91657
G1 X73.285 Y59.373 E151.92522
G1 X73.671 Y59.574 E151.93391
G1 X74.092 Y59.678 E151.94256
G1 X74.526 Y59.678 E151.95122
G0 F9000 X74.579 Y60.114
G1 F1500 E145.45122
G0 F9000 X71.848 Y59.182
G0 X72.26 Y55.988
G0 X50.359 Y55.988
G0 X50.384 Y59.021
G0 X49.09 Y59.951
;TYPE:WALL-INNER
G1 F1500 E151.95122
G1 F1800 X49.56 Y59.705 E151.96181
G1 X49.96 Y59.352 E151.97246
G1 X50.261 Y58.915 E151.98304
G1 X50.45 Y58.417 E151.99367
G1 X50.513 Y57.89 E152.00427
G1 X50.45 Y57.363 E152.01486
G1 X50.261 Y56.865 E152.02549
G1 X49.96 Y56.428 E152.03608
G1 X49.56 Y56.075 E152.04672
G1 X49.09 Y55.829 E152.05731
G1 X48.575 Y55.702 E152.06789
G1 X48.043 Y55.702 E152.07851
G1 X47.529 Y55.829 E152.08908
G1 X47.056 Y56.075 E152.09972
G1 X46.659 Y56.428 E152.11032
G1 X46.357 Y56.865 E152.12092
G1 X46.169 Y57.362 E152.13152
G1 X46.104 Y57.89 E152.14214
G1 X46.169 Y58.418 E152.15276
G1 X46.357 Y58.915 E152.16336
G1 X46.659 Y59.352 E152.17396
G1 X47.056 Y59.705 E152.18456
G1 X47.529 Y59.951 E152.1952
G1 X48.043 Y60.078 E152.20577
G1 X48.575 Y60.078 E152.21638
G1 X49.09 Y59.951 E152.22697
G0 F9000 X48.947 Y59.574
;TYPE:WALL-OUTER
G1 F1800 X49.332 Y59.373 E152.23564
G1 X49.658 Y59.085 E152.24432
G1 X49.904 Y58.728 E152.25297
G1 X50.059 Y58.321 E152.26166
G1 X50.11 Y57.89 E152.27032
G1 X50.059 Y57.459 E152.27898
G1 X49.904 Y57.052 E152.28767
G1 X49.658 Y56.695 E152.29633
G1 X49.332 Y56.407 E152.30501
G1 X48.947 Y56.206 E152.31367
G1 X48.526 Y56.102 E152.32233
G1 X48.092 Y56.102 E152.33099
G1 X47.671 Y56.206 E152.33964
G1 X47.285 Y56.407 E152.34833
G1 X46.961 Y56.695 E152.35698
G1 X46.714 Y57.052 E152.36564
G1 X46.56 Y57.459 E152.37433
G1 X46.507 Y57.89 E152.38299
G1 X46.56 Y58.321 E152.39166
G1 X46.714 Y58.728 E152.40034
G1 X46.961 Y59.085 E152.40901
G1 X47.285 Y59.373 E152.41766
G1 X47.671 Y59.574 E152.42634
G1 X48.092 Y59.678 E152.43499
G1 X48.526 Y59.678 E152.44366
G1 X48.947 Y59.574 E152.45231
G0 F9000 X49.102 Y59.985
G1 F1500 E145.95231
G0 F9000 X46.403 Y59.919
G0 X46.403 Y81.861
G0 X49.091 Y81.239
G0 X50.117 Y82.94
G0 X50.293 Y83.402
G0 X50.351 Y83.89
G0 X50.293 Y84.378
G0 X50.117 Y84.84
G0 X49.96 Y85.068
G0 X49.09 Y85.951
;TYPE:WALL-INNER
G1 F1500 E152.45231
G1 F1800 X49.56 Y85.705 E152.4629
G1 X49.96 Y85.352 E152.47354
G1 X50.261 Y84.915 E152.48413
G1 X50.45 Y84.417 E152.49476
G1 X50.513 Y83.89 E152.50535
G1 X50.45 Y83.363 E152.51595
G1 X50.261 Y82.865 E152.52657
G1 X49.96 Y82.428 E152.53716
G1 X49.56 Y82.075 E152.54781
G1 X49.09 Y81.829 E152.5584
G1 X48.575 Y81.702 E152.56898
G1 X48.043 Y81.702 E152.5796
G1 X47.529 Y81.829 E152.59016
G1 X47.056 Y82.075 E152.6008
G1 X46.659 Y82.428 E152.61141
G1 X46.357 Y82.865 E152.62201
G1 X46.169 Y83.362 E152.63261
G1 X46.104 Y83.89 E152.64323
G1 X46.169 Y84.418 E152.65384
G1 X46.357 Y84.915 E152.66445
G1 X46.659 Y85.352 E152.67505
G1 X47.056 Y85.705 E152.68565
G1 X47.529 Y85.951 E152.69629
G1 X48.043 Y86.078 E152.70685
G1 X48.575 Y86.078 E152.71747
G1 X49.09 Y85.951 E152.72806
G0 F9000 X48.947 Y85.574
;TYPE:WALL-OUTER
G1 F1800 X49.332 Y85.373 E152.73672
G1 X49.658 Y85.085 E152.7454
G1 X49.904 Y84.728 E152.75406
G1 X50.059 Y84.321 E152.76275
G1 X50.11 Y83.89 E152.77141
G1 X50.059 Y83.459 E152.78007
G1 X49.904 Y83.052 E152.78876
G1 X49.658 Y82.695 E152.79741
G1 X49.332 Y82.407 E152.80609
G1 X48.947 Y82.206 E152.81476
G1 X48.526 Y82.102 E152.82342
G1 X48.092 Y82.102 E152.83208
G1 X47.671 Y82.206 E152.84073
G1 X47.285 Y82.407 E152.84941
G1 X46.961 Y82.695 E152.85807
G1 X46.714 Y83.052 E152.86673
G1 X46.56 Y83.459 E152.87541
G1 X46.507 Y83.89 E152.88408
G1 X46.56 Y84.321 E152.89274
G1 X46.714 Y84.728 E152.90143
G1 X46.961 Y85.085 E152.91009
G1 X47.285 Y85.373 E152.91874
G1 X47.671 Y85.574 E152.92743
G1 X48.092 Y85.678 E152.93608
G1 X48.526 Y85.678 E152.94474
G1 X48.947 Y85.574 E152.9534
G0 F9000 X49.102 Y85.985
G0 X74.575 Y86.078
;TYPE:WALL-INNER
G1 F1800 X75.09 Y85.951 E152.96398
G1 X75.56 Y85.705 E152.97457
G1 X75.96 Y85.352 E152.98522
G1 X76.261 Y84.915 E152.9958
G1 X76.45 Y84.417 E153.00643
G1 X76.513 Y83.89 E153.01703
G1 X76.45 Y83.363 E153.02762
G1 X76.261 Y82.865 E153.03825
G1 X75.96 Y82.428 E153.04884
G1 X75.56 Y82.075 E153.05948
G1 X75.09 Y81.829 E153.07007
G1 X74.575 Y81.702 E153.08065
G1 X74.043 Y81.702 E153.09127
G1 X73.529 Y81.829 E153.10184
G1 X73.056 Y82.075 E153.11248
G1 X72.659 Y82.428 E153.12308
G1 X72.357 Y82.865 E153.13368
G1 X72.169 Y83.362 E153.14428
G1 X72.104 Y83.89 E153.1549
G1 X72.169 Y84.418 E153.16552
G1 X72.357 Y84.915 E153.17612
G1 X72.659 Y85.352 E153.18672
G1 X73.056 Y85.705 E153.19732
G1 X73.529 Y85.951 E153.20796
G1 X74.043 Y86.078 E153.21853
G1 X74.575 Y86.078 E153.22914
G0 F9000 X74.526 Y85.678
;TYPE:WALL-OUTER
G1 F1800 X74.947 Y85.574 E153.2378
G1 X75.332 Y85.373 E153.24647
G1 X75.658 Y85.085 E153.25515
G1 X75.904 Y84.728 E153.2638
G1 X76.059 Y84.321 E153.27249
G1 X76.11 Y83.89 E153.28115
G1 X76.059 Y83.459 E153.28981
G1 X75.904 Y83.052 E153.2985
G1 X75.658 Y82.695 E153.30715
G1 X75.332 Y82.407 E153.31584
G1 X74.947 Y82.206 E153.3245
G1 X74.526 Y82.102 E153.33316
G1 X74.092 Y82.102 E153.34182
G1 X73.671 Y82.206 E153.35047
G1 X73.285 Y82.407 E153.35916
G1 X72.961 Y82.695 E153.36781
G1 X72.714 Y83.052 E153.37647
G1 X72.56 Y83.459 E153.38515
G1 X72.507 Y83.89 E153.39382
G1 X72.56 Y84.321 E153.40249
G1 X72.714 Y84.728 E153.41117
G1 X72.961 Y85.085 E153.41983
G1 X73.285 Y85.373 E153.42848
G1 X73.671 Y85.574 E153.43717
G1 X74.092 Y85.678 E153.44582
G1 X74.526 Y85.678 E153.45448
G0 F9000 X74.579 Y86.114
G0 X46.774 Y85.99
;TYPE:WALL-INNER
G1 F1800 X46.209 Y85.99 E153.46576
G1 X46.209 Y85.405 E153.47743
G1 X46.357 Y85.619 E153.47829
G1 X46.774 Y85.99 E153.48382
G0 F9000 X46.326 Y84.378
G0 X46.293 Y84.102
G0 X46.209 Y56.375
G1 F1800 X46.209 Y55.79 E153.4955
G1 X46.774 Y55.79 E153.50677
G1 X46.357 Y56.161 E153.51231
G1 X46.209 Y56.375 E153.51316
G1 F1500 E147.01316
G0 F9000 X48.064 Y55.863
G0 X74.554 Y55.863
G0 X76.409 Y56.374
G1 F1500 E153.51316
G1 F1800 X76.262 Y56.161 E153.51833
G1 X75.841 Y55.79 E153.52953
G1 X76.409 Y55.79 E153.53522
G1 X76.409 Y56.374 E153.54255
G0 F9000 X76.409 Y82.374
G1 F1800 X76.262 Y82.161 E153.54772
G1 X75.788 Y81.743 E153.56033
G1 X75.233 Y81.452 E153.57284
G1 X74.624 Y81.302 E153.58535
G1 X73.994 Y81.302 E153.59792
G1 X73.387 Y81.452 E153.6104
G1 X72.827 Y81.743 E153.623
G1 X72.357 Y82.161 E153.63555
G1 X72 Y82.678 E153.64809
G1 X71.778 Y83.265 E153.66061
G1 X71.701 Y83.89 E153.67318
G1 X71.778 Y84.515 E153.68574
G1 X72 Y85.102 E153.69827
G1 X72.357 Y85.619 E153.71081
G1 X72.774 Y85.99 E153.72194
G1 X72.357 Y85.99 E153.7254
G1 X50.262 Y85.99 E154.16633
G1 X49.841 Y85.99 E154.17473
G1 X50.262 Y85.619 E154.18101
G1 X50.618 Y85.102 E154.19354
G1 X50.841 Y84.513 E154.20611
G1 X50.916 Y83.89 E154.21863
G1 X50.841 Y83.267 E154.23115
G1 X50.618 Y82.678 E154.24372
G1 X50.262 Y82.161 E154.25625
G1 X49.788 Y81.743 E154.26886
G1 X49.233 Y81.452 E154.28137
G1 X48.624 Y81.302 E154.29388
G1 X47.994 Y81.302 E154.30645
G1 X47.387 Y81.452 E154.31893
G1 X46.827 Y81.743 E154.33153
G1 X46.357 Y82.161 E154.34408
G1 X46.209 Y82.375 E154.34927
G1 X46.209 Y59.405 E154.80766
G1 X46.357 Y59.619 E154.81285
G1 X46.827 Y60.037 E154.82541
G1 X47.387 Y60.328 E154.838
G1 X47.994 Y60.478 E154.85048
G1 X48.624 Y60.478 E154.86305
G1 X49.233 Y60.328 E154.87557
G1 X49.788 Y60.037 E154.88807
G1 X50.262 Y59.619 E154.90068
G1 X50.618 Y59.102 E154.91321
G1 X50.841 Y58.513 E154.92578
G1 X50.916 Y57.89 E154.9383
G1 X50.841 Y57.267 E154.95082
G1 X50.618 Y56.678 E154.96339
G1 X50.262 Y56.161 E154.97592
G1 X49.841 Y55.79 E154.98712
G1 X50.262 Y55.79 E154.99061
G1 X72.357 Y55.79 E155.43154
G1 X72.774 Y55.79 E155.43986
G1 X72.357 Y56.161 E155.44613
G1 X72 Y56.678 E155.45866
G1 X71.778 Y57.265 E155.47119
G1 X71.701 Y57.89 E155.48376
G1 X71.778 Y58.515 E155.49632
G1 X72 Y59.102 E155.50885
G1 X72.357 Y59.619 E155.52138
G1 X72.827 Y60.037 E155.53394
G1 X73.387 Y60.328 E155.54653
G1 X73.994 Y60.478 E155.55901
G1 X74.624 Y60.478 E155.57158
G1 X75.233 Y60.328 E155.5841
G1 X75.788 Y60.037 E155.5966
G1 X76.262 Y59.619 E155.60921
G1 X76.409 Y59.406 E155.61438
G1 X76.409 Y82.374 E156.07273
G0 F9000 X76.409 Y85.99
G1 F1800 X75.841 Y85.99 E156.08407
G1 X76.262 Y85.619 E156.08968
G1 X76.409 Y85.406 E156.09484
G1 X76.409 Y85.99 E156.10221
G0 F9000 X76.809 Y86.39
G1 F1800 X74.575 Y86.39 E156.14679
G1 X74.043 Y86.39 E156.1551
G1 X48.575 Y86.39 E156.66334
G1 X48.043 Y86.39 E156.67164
G1 X45.809 Y86.39 E156.71622
G1 X45.809 Y84.418 E156.75557
G1 X45.809 Y83.89 E156.76422
G1 X45.809 Y83.362 E156.77287
G1 X45.809 Y58.418 E157.27065
G1 X45.809 Y57.89 E157.2793
G1 X45.809 Y57.362 E157.28795
G1 X45.809 Y55.39 E157.3273
G1 X48.043 Y55.39 E157.37188
G1 X48.575 Y55.39 E157.38018
G1 X74.043 Y55.39 E157.88842
G1 X74.575 Y55.39 E157.89673
G1 X76.809 Y55.39 E157.94131
G1 X76.809 Y57.363 E157.98068
G1 X76.809 Y57.89 E157.98931
G1 X76.809 Y58.417 E157.99794
G1 X76.809 Y83.363 E158.49577
G1 X76.809 Y83.89 E158.5044
G1 X76.809 Y84.417 E158.51303
G1 X76.809 Y86.39 E158.5524
G0 F9000 X77.209 Y86.79
;TYPE:WALL-OUTER
G1 F1800 X45.409 Y86.79 E159.187
G1 X45.409 Y54.99 E159.82161
G1 X77.209 Y54.99 E160.45621
G1 X77.209 Y86.79 E161.09081
G0 F9000 X76.939 Y86.52
G0 X71.87 Y85.88
G0 X71.87 Y85.6
;TYPE:SKIN
G1 F1800 X50.749 Y85.6 E161.51231
G1 X50.966 Y85.284 E161.51996
G1 X51.223 Y84.607 E161.53441
G1 X51.308 Y83.89 E161.54882
G1 X51.223 Y83.173 E161.56323
G1 X50.966 Y82.496 E161.57768
G1 X50.556 Y81.9 E161.59211
G1 X50.01 Y81.419 E161.60663
G1 X49.372 Y81.085 E161.62101
G1 X48.671 Y80.912 E161.63541
G1 X47.947 Y80.912 E161.64986
G1 X47.248 Y81.085 E161.66423
G1 X46.599 Y81.423 E161.67884
G1 X46.599 Y60.357 E162.09923
G1 X47.248 Y60.695 E162.11383
G1 X47.947 Y60.868 E162.1282
G1 X48.671 Y60.868 E162.14265
G1 X49.372 Y60.695 E162.15706
G1 X50.01 Y60.361 E162.17143
G1 X50.556 Y59.88 E162.18595
G1 X50.966 Y59.284 E162.20039
G1 X51.223 Y58.607 E162.21484
G1 X51.308 Y57.89 E162.22925
G1 X51.223 Y57.173 E162.24366
G1 X50.966 Y56.496 E162.25811
G1 X50.749 Y56.18 E162.26576
G1 X71.87 Y56.18 E162.68725
G1 X71.653 Y56.495 E162.69488
G1 X71.396 Y57.171 E162.70932
G1 X71.308 Y57.89 E162.72377
G1 X71.396 Y58.609 E162.73823
G1 X71.653 Y59.285 E162.75266
G1 X72.063 Y59.879 E162.76706
G1 X72.604 Y60.361 E162.78152
G1 X73.248 Y60.695 E162.796
G1 X73.947 Y60.868 E162.81037
G1 X74.671 Y60.868 E162.82482
G1 X75.372 Y60.695 E162.83923
G1 X76.01 Y60.361 E162.8536
G1 X76.019 Y60.353 E162.85384
G1 X76.019 Y81.427 E163.27439
G1 X76.01 Y81.419 E163.27463
G1 X75.372 Y81.085 E163.289
G1 X74.671 Y80.912 E163.30341
G1 X73.947 Y80.912 E163.31786
G1 X73.248 Y81.085 E163.33223
G1 X72.604 Y81.419 E163.34671
G1 X72.063 Y81.901 E163.36117
G1 X71.653 Y82.495 E163.37557
G1 X71.396 Y83.171 E163.39
G1 X71.308 Y83.89 E163.40446
G1 X71.396 Y84.609 E163.41892
G1 X71.653 Y85.285 E163.43335
G1 X71.87 Y85.6 E163.44098
G0 F9000 X71.87 Y85.88
G0 X72.26 Y85.792
G0 X72.265 Y83.89
G0 X72.326 Y83.402
G0 X72.501 Y82.94
G0 X72.781 Y82.535
G0 X73.149 Y82.209
G0 X73.396 Y82.081
G0 X75.441 Y81.436
G0 X75.646 Y81.047
G1 F1800 X75.858 Y80.836 E163.44695
G0 F9000 X75.858 Y80.27
G1 F1800 X75.24 Y80.888 E163.46439
G0 F9000 X74.787 Y80.776
G1 F1800 X75.858 Y79.705 E163.49462
G0 F9000 X75.858 Y79.139
G1 F1800 X74.246 Y80.751 E163.54011
G0 F9000 X73.599 Y80.832
G1 F1800 X75.858 Y78.573 E163.60387
G0 F9000 X75.858 Y78.008
G1 F1800 X72.653 Y81.212 E163.6943
G0 F9000 X72.856 Y81.603
G0 X72.013 Y82.465
G0 X71.651 Y82.215
G1 F1800 X68.426 Y85.439 E163.78531
G0 F9000 X67.861 Y85.439
G1 F1800 X75.858 Y77.442 E164.011
G0 F9000 X75.858 Y76.876
G1 F1800 X67.295 Y85.439 E164.25266
G0 F9000 X66.729 Y85.439
G1 F1800 X75.858 Y76.31 E164.5103
G0 F9000 X75.858 Y75.745
G1 F1800 X66.163 Y85.439 E164.7839
G0 F9000 X65.598 Y85.439
G1 F1800 X75.858 Y75.179 E165.07346
G0 F9000 X75.858 Y74.613
G1 F1800 X65.032 Y85.439 E165.379
G0 F9000 X64.466 Y85.439
G1 F1800 X75.858 Y74.048 E165.70049
G0 F9000 X75.858 Y73.482
G1 F1800 X63.901 Y85.439 E166.03794
G0 F9000 X63.335 Y85.439
G1 F1800 X75.858 Y72.916 E166.39137
G0 F9000 X75.858 Y72.351
G1 F1800 X62.769 Y85.439 E166.76075
G0 F9000 X62.204 Y85.439
G1 F1800 X75.858 Y71.785 E167.1461
G0 F9000 X75.858 Y71.219
G1 F1800 X61.638 Y85.439 E167.54742
G0 F9000 X61.072 Y85.439
G1 F1800 X75.857 Y70.654 E167.96468
G0 F9000 X75.857 Y70.089
G1 F1800 X60.507 Y85.439 E168.39789
G0 F9000 X59.941 Y85.439
G1 F1800 X75.857 Y69.523 E168.84708
G0 F9000 X75.857 Y68.957
G1 F1800 X59.375 Y85.439 E169.31223
G0 F9000 X58.81 Y85.439
G1 F1800 X75.857 Y68.392 E169.79334
G0 F9000 X75.857 Y67.826
G1 F1800 X58.244 Y85.439 E170.29041
G0 F9000 X57.678 Y85.439
G1 F1800 X75.857 Y67.26 E170.80347
G0 F9000 X75.857 Y66.695
G1 F1800 X57.113 Y85.439 E171.33246
G0 F9000 X56.547 Y85.439
G1 F1800 X75.857 Y66.129 E171.87743
G0 F9000 X75.857 Y65.563
G1 F1800 X55.981 Y85.439 E172.43838
G0 F9000 X55.415 Y85.439
G1 F1800 X75.857 Y64.997 E173.01529
G0 F9000 X75.857 Y64.432
G1 F1800 X54.85 Y85.439 E173.60816
G0 F9000 X54.284 Y85.439
G1 F1800 X75.857 Y63.866 E174.21699
G0 F9000 X75.857 Y63.3
G1 F1800 X53.718 Y85.439 E174.8418
G0 F9000 X53.153 Y85.439
G1 F1800 X75.857 Y62.735 E175.48256
G0 F9000 X75.857 Y62.169
G1 F1800 X52.587 Y85.439 E176.13929
G0 F9000 X52.021 Y85.439
G1 F1800 X75.857 Y61.603 E176.81199
G0 F9000 X75.857 Y61.038
G1 F1800 X51.456 Y85.439 E177.50064
G0 F9000 X51.193 Y85.136
G1 F1800 X75.545 Y60.785 E178.18789
G0 F9000 X74.752 Y61.012
G1 F1800 X51.414 Y84.35 E178.84654
G0 F9000 X51.451 Y83.746
G1 F1800 X74.17 Y61.028 E179.48771
G0 F9000 X73.669 Y60.963
G1 F1800 X51.392 Y83.24 E180.11641
G0 F9000 X51.258 Y82.809
G1 F1800 X73.215 Y60.851 E180.7361
G0 F9000 X72.839 Y60.662
G1 F1800 X51.098 Y82.403 E181.34968
G0 F9000 X50.867 Y82.068
G1 F1800 X72.475 Y60.46 E181.9595
G0 F9000 X72.176 Y60.193
G1 F1800 X50.623 Y81.746 E182.56777
G0 F9000 X50.323 Y81.481
G1 F1800 X71.89 Y59.913 E183.17646
G0 F9000 X71.66 Y59.578
G1 F1800 X50.004 Y81.234 E183.78763
G0 F9000 X49.632 Y81.04
G1 F1800 X71.455 Y59.218 E184.40351
G0 F9000 X71.298 Y58.808
G1 F1800 X49.223 Y80.883 E185.02652
G0 F9000 X48.77 Y80.771
G1 F1800 X71.201 Y58.34 E185.65957
G0 F9000 X71.154 Y57.821
G1 F1800 X48.224 Y80.751 E186.3067
G0 F9000 X47.569 Y80.84
G1 F1800 X71.232 Y57.178 E186.97451
G0 F9000 X71.505 Y56.339
G1 F1800 X46.758 Y81.086 E187.67292
G0 F9000 X46.758 Y80.52
G1 F1800 X70.939 Y56.339 E188.35536
G0 F9000 X70.374 Y56.339
G1 F1800 X46.758 Y79.954 E189.02184
G0 F9000 X46.758 Y79.388
G1 F1800 X69.808 Y56.339 E189.67235
G0 F9000 X69.242 Y56.339
G1 F1800 X46.758 Y78.823 E190.3069
G0 F9000 X46.758 Y78.257
G1 F1800 X68.677 Y56.339 E190.92548
G0 F9000 X68.111 Y56.339
G1 F1800 X46.758 Y77.691 E191.5281
G0 F9000 X46.758 Y77.126
G1 F1800 X67.545 Y56.339 E192.11475
G0 F9000 X66.979 Y56.339
G1 F1800 X46.758 Y76.56 E192.68543
G0 F9000 X46.758 Y75.994
G1 F1800 X66.414 Y56.339 E193.24015
G0 F9000 X65.848 Y56.339
G1 F1800 X46.758 Y75.429 E193.77891
G0 F9000 X46.758 Y74.863
G1 F1800 X65.282 Y56.339 E194.3017
G0 F9000 X64.717 Y56.339
G1 F1800 X46.758 Y74.297 E194.80853
G0 F9000 X46.758 Y73.732
G1 F1800 X64.151 Y56.339 E195.2994
G0 F9000 X63.585 Y56.339
G1 F1800 X46.758 Y73.166 E195.77429
G0 F9000 X46.758 Y72.6
G1 F1800 X63.02 Y56.339 E196.23323
G0 F9000 X62.454 Y56.339
G1 F1800 X46.758 Y72.035 E196.6762
G0 F9000 X46.758 Y71.469
G1 F1800 X61.888 Y56.339 E197.1032
G0 F9000 X61.323 Y56.339
G1 F1800 X46.758 Y70.903 E197.51424
G0 F9000 X46.758 Y70.338
G1 F1800 X60.757 Y56.339 E197.90933
G0 F9000 X60.191 Y56.339
G1 F1800 X46.758 Y69.772 E198.28843
G0 F9000 X46.758 Y69.206
G1 F1800 X59.626 Y56.339 E198.65158
G0 F9000 X59.06 Y56.339
G1 F1800 X46.758 Y68.64 E198.99876
G0 F9000 X46.758 Y68.075
G1 F1800 X58.494 Y56.339 E199.32997
G0 F9000 X57.929 Y56.339
G1 F1800 X46.758 Y67.509 E199.64523
G0 F9000 X46.758 Y66.943
G1 F1800 X57.363 Y56.339 E199.94451
G0 F9000 X56.797 Y56.339
G1 F1800 X46.758 Y66.378 E200.22783
G0 F9000 X46.758 Y65.812
G1 F1800 X56.231 Y56.339 E200.49518
G0 F9000 X55.666 Y56.339
G1 F1800 X46.758 Y65.246 E200.74657
G0 F9000 X46.758 Y64.681
G1 F1800 X55.1 Y56.339 E200.982
G0 F9000 X54.534 Y56.339
G1 F1800 X46.758 Y64.115 E201.20146
G0 F9000 X46.758 Y63.549
G1 F1800 X49.501 Y60.806 E201.27887
G0 F9000 X48.725 Y61.017
G1 F1800 X46.758 Y62.984 E201.33438
G0 F9000 X46.758 Y62.418
G1 F1800 X48.15 Y61.026 E201.37367
G0 F9000 X47.653 Y60.958
G1 F1800 X46.758 Y61.852 E201.39891
G0 F9000 X46.758 Y61.287
G1 F1800 X47.2 Y60.845 E201.41139
G0 F9000 X46.826 Y60.654
G1 F1800 X46.758 Y60.721 E201.41329
G0 F9000 X46.319 Y60.721
G0 X46.403 Y59.919
G0 X48.554 Y59.917
G0 X48.941 Y59.822
G0 X50.795 Y58.946
G0 X51.206 Y59.102
G1 F1800 X53.969 Y56.339 E201.49127
G0 F9000 X53.403 Y56.339
G1 F1800 X51.416 Y58.326 E201.54735
G0 F9000 X51.449 Y57.728
G1 F1800 X52.837 Y56.339 E201.58653
G0 F9000 X52.272 Y56.339
G1 F1800 X51.39 Y57.221 E201.61142
G0 F9000 X51.251 Y56.794
G1 F1800 X51.706 Y56.339 E201.62427
G1 F1500 E195.12427
G0 F9000 X51.706 Y55.9
G0 X72.26 Y55.988
G0 X72.228 Y59.733
G0 X75.886 Y60.179
G0 X76.215 Y59.918
G0 X76.215 Y81.862
G0 X73.392 Y81.652
G0 X71.668 Y83.256
G1 F1500 E201.62427
G0 F9000 X71.23 Y83.201
G1 F1800 X68.992 Y85.439 E201.68743
G0 F9000 X69.558 Y85.439
G1 F1800 X71.153 Y83.844 E201.73244
G0 F9000 X71.204 Y84.359
G1 F1800 X70.123 Y85.439 E201.76294
G0 F9000 X70.689 Y85.439
G1 F1800 X71.305 Y84.823 E201.78032
G0 F9000 X71.461 Y85.233
G1 F1800 X71.255 Y85.439 E201.78613
G0 F9000 X71.996 Y85.829
;TYPE:SKIN
G1 F1800 X72.18 Y85.645 E201.78873
G0 F9000 X72.222 Y85.617
G0 X72.326 Y83.402
G0 X72.501 Y82.94
G0 X72.781 Y82.535
G0 X73.149 Y82.209
G0 X73.586 Y81.981
G0 X73.973 Y81.886
G0 X76.024 Y81.805
G0 X76.058 Y81.767
G1 F1800 X76.248 Y81.577 E201.79141
G0 F9000 X76.299 Y81.577
G0 X76.299 Y60.208
G0 X76.121 Y60.208
G1 F1800 X76.248 Y60.082 E201.7932
G0 F9000 X76.299 Y60.082
G0 X74.064 Y59.917
G0 X73.586 Y59.799
G0 X73.149 Y59.571
G0 X72.781 Y59.245
G0 X72.501 Y58.84
G0 X72.326 Y58.378
G0 X72.265 Y57.89
G0 X72.326 Y57.402
G0 X72.501 Y56.94
G0 X72.664 Y56.705
G0 X72.177 Y55.9
G0 X72.177 Y55.949
G1 F1800 X72.025 Y56.101 E201.79534
G0 F9000 X72.187 Y56.213
G0 X50.66 Y55.9
G0 X50.66 Y55.971
G1 F1800 X50.462 Y56.169 E201.79814
G0 F9000 X50.336 Y56.012
G1 F1800 X50.399 Y55.949 E201.79902
G0 F9000 X50.399 Y55.9
G0 X50.293 Y57.402
G0 X50.351 Y57.89
G0 X50.293 Y58.378
G0 X50.117 Y58.84
G0 X49.838 Y59.245
G0 X49.468 Y59.571
G0 X49.032 Y59.799
G0 X48.762 Y59.865
G0 X46.623 Y60.004
G0 X46.591 Y60.039
G1 F1800 X46.515 Y60.116 E201.8001
G0 F9000 X46.369 Y59.979
G1 F1800 X46.442 Y59.906 E201.80113
G0 F9000 X46.379 Y59.864
G0 X46.319 Y81.717
G0 X46.41 Y81.717
G1 F1800 X46.368 Y81.759 E201.80173
G0 F9000 X46.319 Y81.759
G0 X47.038 Y82.306
G0 X47.586 Y81.981
G0 X48.064 Y81.863
G0 X48.554 Y81.863
G0 X49.032 Y81.981
G0 X49.468 Y82.209
G0 X49.838 Y82.535
G0 X50.117 Y82.94
G0 X50.293 Y83.402
G0 X50.351 Y83.89
G0 X50.359 Y85.792
G0 X50.5 Y85.829
G1 F1800 X50.612 Y85.717 E201.80331
G0 F9000 X49.623 Y86.14
G1 F1800 X49.434 Y86.046 E201.81014
G0 F9000 X49.602 Y85.879
G0 X47.413 Y86.088
G0 X47.35 Y86.151
G1 F1800 X47.115 Y86.102 E201.81372
G1 X46.993 Y85.941 E201.81674
G0 F9000 X47.042 Y85.893
G0 X46.217 Y85.021
G0 X46.1 Y85.137
G1 F1800 X46.059 Y84.896 E201.81972
G1 X46.02 Y84.651 E201.82274
G0 F9000 X46.057 Y84.615
G0 X45.983 Y82.992
G0 X46.098 Y82.876
G1 F1800 X46.074 Y82.618 E201.82856
G0 F9000 X46.165 Y82.527
G0 X45.983 Y59.233
G0 X46.095 Y59.121
G1 F1800 X46.305 Y59.193 E201.83047
G1 X46.017 Y58.633 E201.83587
G0 F9000 X46.051 Y58.6
G0 X45.984 Y56.97
G0 X46.123 Y56.831
G1 F1800 X46.066 Y56.604 E201.84212
G0 F9000 X45.984 Y56.687
G0 X46.928 Y55.743
G0 X47.017 Y55.653
G1 F1800 X47.245 Y55.709 E201.84876
G0 F9000 X47.1 Y55.854
G0 X49.04 Y55.611
G1 F1800 X49.087 Y55.564 E201.84942
G0 F9000 X49.3 Y55.633
G1 F1800 X49.534 Y55.682 E201.85293
G1 X49.629 Y55.869 E201.85602
G0 F9000 X49.601 Y55.898
G0 X72.933 Y55.759
G0 X73.03 Y55.662
G1 F1800 X73.278 Y55.697 E201.86252
G0 F9000 X73.411 Y55.565
G0 X75.037 Y55.635
G0 X75.072 Y55.599
G1 F1800 X75.317 Y55.638 E201.86404
G1 X75.642 Y55.878 E201.86653
G1 X76.527 Y56.69 E201.87393
G1 X76.566 Y56.934 E201.87545
G0 F9000 X76.633 Y56.868
G0 X76.595 Y58.602
G0 X76.571 Y58.626
G1 F1800 X76.457 Y59.023 E201.88049
G1 X76.565 Y59.198 E201.883
G0 F9000 X76.632 Y59.131
G0 X76.42 Y82.537
G0 X76.369 Y82.587
G1 F1800 X76.531 Y82.708 E201.88574
G1 X76.569 Y82.952 E201.88909
G0 F9000 X76.506 Y83.016
G0 X76.615 Y84.605
G0 X76.574 Y84.645
G1 F1800 X76.466 Y85.036 E201.89416
G1 X76.574 Y85.21 E201.89673
G0 F9000 X76.634 Y85.151
G0 X75.639 Y85.863
G0 X75.463 Y86.038
G1 F1800 X75.065 Y86.154 E201.90034
G1 X75.637 Y86.147 E201.90533
G0 F9000 X75.704 Y86.081
G0 X73.428 Y86.095
G0 X73.368 Y86.154
G1 F1800 X73.133 Y86.106 E201.90902
G1 X72.994 Y85.963 E201.91208
G0 F9000 X73.044 Y85.923
G1 F1500 E195.41208
;MESH:NONMESH
G0 F300 X73.044 Y85.923 Z0.6
G0 F9000 X72.326 Y84.378
G0 X72.265 Y83.89
G0 X72.326 Y83.402
G0 X73.318 Y81.291
G0 X76.215 Y81.862
G0 X76.215 Y59.918
G0 X74.575 Y60.078
;TIME_ELAPSED:503.356105
;LAYER:4
;TYPE:WALL-INNER
;MESH:HBridgeMount.stl
G1 F1500 E201.91208
G1 F1800 X75.09 Y59.951 E201.92267
G1 X75.56 Y59.705 E201.93326
G1 X75.96 Y59.352 E201.9439
G1 X76.261 Y58.915 E201.95449
G1 X76.45 Y58.417 E201.96512
G1 X76.513 Y57.89 E201.97571
G1 X76.45 Y57.363 E201.9863
G1 X76.261 Y56.865 E201.99693
G1 X75.96 Y56.428 E202.00752
G1 X75.56 Y56.075 E202.01817
G1 X75.09 Y55.829 E202.02876
G1 X74.575 Y55.702 E202.03934
G1 X74.043 Y55.702 E202.04996
G1 X73.529 Y55.829 E202.06052
G1 X73.056 Y56.075 E202.07116
G1 X72.659 Y56.428 E202.08177
G1 X72.357 Y56.865 E202.09237
G1 X72.169 Y57.362 E202.10297
G1 X72.104 Y57.89 E202.11359
G1 X72.169 Y58.418 E202.1242
G1 X72.357 Y58.915 E202.13481
G1 X72.659 Y59.352 E202.14541
G1 X73.056 Y59.705 E202.15601
G1 X73.529 Y59.951 E202.16665
G1 X74.043 Y60.078 E202.17721
G1 X74.575 Y60.078 E202.18783
G0 F9000 X74.526 Y59.678
;TYPE:WALL-OUTER
G1 F1800 X74.947 Y59.574 E202.19649
G1 X75.332 Y59.373 E202.20515
G1 X75.658 Y59.085 E202.21383
G1 X75.904 Y58.728 E202.22248
G1 X76.059 Y58.321 E202.23118
G1 X76.11 Y57.89 E202.23984
G1 X76.059 Y57.459 E202.2485
G1 X75.904 Y57.052 E202.25719
G1 X75.658 Y56.695 E202.26584
G1 X75.332 Y56.407 E202.27452
G1 X74.947 Y56.206 E202.28319
G1 X74.526 Y56.102 E202.29184
G1 X74.092 Y56.102 E202.3005
G1 X73.671 Y56.206 E202.30916
G1 X73.285 Y56.407 E202.31784
G1 X72.961 Y56.695 E202.32649
G1 X72.714 Y57.052 E202.33516
G1 X72.56 Y57.459 E202.34384
G1 X72.507 Y57.89 E202.35251
G1 X72.56 Y58.321 E202.36117
G1 X72.714 Y58.728 E202.36986
G1 X72.961 Y59.085 E202.37852
G1 X73.285 Y59.373 E202.38717
G1 X73.671 Y59.574 E202.39586
G1 X74.092 Y59.678 E202.40451
G1 X74.526 Y59.678 E202.41317
G0 F9000 X74.579 Y60.114
G1 F1500 E195.91317
G0 F9000 X71.848 Y59.182
G0 X72.26 Y55.988
G0 X50.359 Y55.988
G0 X50.384 Y59.021
G0 X49.09 Y59.951
;TYPE:WALL-INNER
G1 F1500 E202.41317
G1 F1800 X49.56 Y59.705 E202.42376
G1 X49.96 Y59.352 E202.4344
G1 X50.261 Y58.915 E202.44499
G1 X50.45 Y58.417 E202.45562
G1 X50.513 Y57.89 E202.46621
G1 X50.45 Y57.363 E202.47681
G1 X50.261 Y56.865 E202.48744
G1 X49.96 Y56.428 E202.49803
G1 X49.56 Y56.075 E202.50867
G1 X49.09 Y55.829 E202.51926
G1 X48.575 Y55.702 E202.52984
G1 X48.043 Y55.702 E202.54046
G1 X47.529 Y55.829 E202.55103
G1 X47.056 Y56.075 E202.56167
G1 X46.659 Y56.428 E202.57227
G1 X46.357 Y56.865 E202.58287
G1 X46.169 Y57.362 E202.59347
G1 X46.104 Y57.89 E202.60409
G1 X46.169 Y58.418 E202.6147
G1 X46.357 Y58.915 E202.62531
G1 X46.659 Y59.352 E202.63591
G1 X47.056 Y59.705 E202.64651
G1 X47.529 Y59.951 E202.65715
G1 X48.043 Y60.078 E202.66772
G1 X48.575 Y60.078 E202.67833
G1 X49.09 Y59.951 E202.68892
G0 F9000 X48.947 Y59.574
;TYPE:WALL-OUTER
G1 F1800 X49.332 Y59.373 E202.69759
G1 X49.658 Y59.085 E202.70627
G1 X49.904 Y58.728 E202.71492
G1 X50.059 Y58.321 E202.72361
G1 X50.11 Y57.89 E202.73227
G1 X50.059 Y57.459 E202.74093
G1 X49.904 Y57.052 E202.74962
G1 X49.658 Y56.695 E202.75827
G1 X49.332 Y56.407 E202.76696
G1 X48.947 Y56.206 E202.77562
G1 X48.526 Y56.102 E202.78428
G1 X48.092 Y56.102 E202.79294
G1 X47.671 Y56.206 E202.80159
G1 X47.285 Y56.407 E202.81028
G1 X46.961 Y56.695 E202.81893
G1 X46.714 Y57.052 E202.82759
G1 X46.56 Y57.459 E202.83627
G1 X46.507 Y57.89 E202.84494
G1 X46.56 Y58.321 E202.85361
G1 X46.714 Y58.728 E202.86229
G1 X46.961 Y59.085 E202.87095
G1 X47.285 Y59.373 E202.8796
G1 X47.671 Y59.574 E202.88829
G1 X48.092 Y59.678 E202.89694
G1 X48.526 Y59.678 E202.9056
G1 X48.947 Y59.574 E202.91426
G0 F9000 X49.102 Y59.985
G1 F1500 E196.41426
G0 F9000 X46.403 Y59.919
G0 X46.403 Y81.861
G0 X49.091 Y81.239
G0 X50.117 Y82.94
G0 X50.293 Y83.402
G0 X50.351 Y83.89
G0 X50.293 Y84.378
G0 X50.117 Y84.84
G0 X49.96 Y85.068
G0 X49.09 Y85.951
;TYPE:WALL-INNER
G1 F1500 E202.91426
G1 F1800 X49.56 Y85.705 E202.92485
G1 X49.96 Y85.352 E202.93549
G1 X50.261 Y84.915 E202.94608
G1 X50.45 Y84.417 E202.95671
G1 X50.513 Y83.89 E202.9673
G1 X50.45 Y83.363 E202.97789
G1 X50.261 Y82.865 E202.98852
G1 X49.96 Y82.428 E202.99911
G1 X49.56 Y82.075 E203.00976
G1 X49.09 Y81.829 E203.02035
G1 X48.575 Y81.702 E203.03093
G1 X48.043 Y81.702 E203.04155
G1 X47.529 Y81.829 E203.05211
G1 X47.056 Y82.075 E203.06275
G1 X46.659 Y82.428 E203.07335
G1 X46.357 Y82.865 E203.08396
G1 X46.169 Y83.362 E203.09456
G1 X46.104 Y83.89 E203.10518
G1 X46.169 Y84.418 E203.11579
G1 X46.357 Y84.915 E203.1264
G1 X46.659 Y85.352 E203.137
G1 X47.056 Y85.705 E203.1476
G1 X47.529 Y85.951 E203.15824
G1 X48.043 Y86.078 E203.1688
G1 X48.575 Y86.078 E203.17942
G1 X49.09 Y85.951 E203.19001
G0 F9000 X48.947 Y85.574
;TYPE:WALL-OUTER
G1 F1800 X49.332 Y85.373 E203.19867
G1 X49.658 Y85.085 E203.20735
G1 X49.904 Y84.728 E203.21601
G1 X50.059 Y84.321 E203.2247
G1 X50.11 Y83.89 E203.23336
G1 X50.059 Y83.459 E203.24202
G1 X49.904 Y83.052 E203.25071
G1 X49.658 Y82.695 E203.25936
G1 X49.332 Y82.407 E203.26804
G1 X48.947 Y82.206 E203.27671
G1 X48.526 Y82.102 E203.28536
G1 X48.092 Y82.102 E203.29402
G1 X47.671 Y82.206 E203.30268
G1 X47.285 Y82.407 E203.31136
G1 X46.961 Y82.695 E203.32001
G1 X46.714 Y83.052 E203.32868
G1 X46.56 Y83.459 E203.33736
G1 X46.507 Y83.89 E203.34603
G1 X46.56 Y84.321 E203.35469
G1 X46.714 Y84.728 E203.36338
G1 X46.961 Y85.085 E203.37204
G1 X47.285 Y85.373 E203.38069
G1 X47.671 Y85.574 E203.38938
G1 X48.092 Y85.678 E203.39803
G1 X48.526 Y85.678 E203.40669
G1 X48.947 Y85.574 E203.41535
G0 F9000 X49.102 Y85.985
G0 X74.575 Y86.078
;TYPE:WALL-INNER
G1 F1800 X75.09 Y85.951 E203.42593
G1 X75.56 Y85.705 E203.43652
G1 X75.96 Y85.352 E203.44716
G1 X76.261 Y84.915 E203.45775
G1 X76.45 Y84.417 E203.46838
G1 X76.513 Y83.89 E203.47897
G1 X76.45 Y83.363 E203.48957
G1 X76.261 Y82.865 E203.5002
G1 X75.96 Y82.428 E203.51079
G1 X75.56 Y82.075 E203.52143
G1 X75.09 Y81.829 E203.53202
G1 X74.575 Y81.702 E203.5426
G1 X74.043 Y81.702 E203.55322
G1 X73.529 Y81.829 E203.56379
G1 X73.056 Y82.075 E203.57443
G1 X72.659 Y82.428 E203.58503
G1 X72.357 Y82.865 E203.59563
G1 X72.169 Y83.362 E203.60623
G1 X72.104 Y83.89 E203.61685
G1 X72.169 Y84.418 E203.62746
G1 X72.357 Y84.915 E203.63807
G1 X72.659 Y85.352 E203.64867
G1 X73.056 Y85.705 E203.65927
G1 X73.529 Y85.951 E203.66991
G1 X74.043 Y86.078 E203.68048
G1 X74.575 Y86.078 E203.69109
G0 F9000 X74.526 Y85.678
;TYPE:WALL-OUTER
G1 F1800 X74.947 Y85.574 E203.69975
G1 X75.332 Y85.373 E203.70841
G1 X75.658 Y85.085 E203.71709
G1 X75.904 Y84.728 E203.72575
G1 X76.059 Y84.321 E203.73444
G1 X76.11 Y83.89 E203.7431
G1 X76.059 Y83.459 E203.75176
G1 X75.904 Y83.052 E203.76045
G1 X75.658 Y82.695 E203.7691
G1 X75.332 Y82.407 E203.77778
G1 X74.947 Y82.206 E203.78645
G1 X74.526 Y82.102 E203.79511
G1 X74.092 Y82.102 E203.80377
G1 X73.671 Y82.206 E203.81242
G1 X73.285 Y82.407 E203.82111
G1 X72.961 Y82.695 E203.82976
G1 X72.714 Y83.052 E203.83842
G1 X72.56 Y83.459 E203.8471
G1 X72.507 Y83.89 E203.85577
G1 X72.56 Y84.321 E203.86444
G1 X72.714 Y84.728 E203.87312
G1 X72.961 Y85.085 E203.88178
G1 X73.285 Y85.373 E203.89043
G1 X73.671 Y85.574 E203.89912
G1 X74.092 Y85.678 E203.90777
G1 X74.526 Y85.678 E203.91643
G0 F9000 X74.579 Y86.114
G0 X46.774 Y85.99
;TYPE:WALL-INNER
G1 F1800 X46.209 Y85.99 E203.92771
G1 X46.209 Y85.405 E203.93938
G1 X46.357 Y85.619 E203.94024
G1 X46.774 Y85.99 E203.94577
G0 F9000 X46.326 Y84.378
G0 X46.293 Y84.102
G0 X46.209 Y56.375
G1 F1800 X46.209 Y55.79 E203.95745
G1 X46.774 Y55.79 E203.96872
G1 X46.357 Y56.161 E203.97426
G1 X46.209 Y56.375 E203.97511
G1 F1500 E197.47511
G0 F9000 X48.064 Y55.863
G0 X74.554 Y55.863
G0 X76.409 Y56.374
G1 F1500 E203.97511
G1 F1800 X76.262 Y56.161 E203.98028
G1 X75.841 Y55.79 E203.99148
G1 X76.409 Y55.79 E203.99717
G1 X76.409 Y56.374 E204.0045
G0 F9000 X76.409 Y82.374
G1 F1800 X76.262 Y82.161 E204.00967
G1 X75.788 Y81.743 E204.02228
G1 X75.233 Y81.452 E204.03478
G1 X74.624 Y81.302 E204.0473
G1 X73.994 Y81.302 E204.05987
G1 X73.387 Y81.452 E204.07235
G1 X72.827 Y81.743 E204.08494
G1 X72.357 Y82.161 E204.0975
G1 X72 Y82.678 E204.11004
G1 X71.778 Y83.265 E204.12256
G1 X71.701 Y83.89 E204.13513
G1 X71.778 Y84.515 E204.14769
G1 X72 Y85.102 E204.16022
G1 X72.357 Y85.619 E204.17275
G1 X72.774 Y85.99 E204.18389
G1 X72.357 Y85.99 E204.18735
G1 X50.262 Y85.99 E204.62828
G1 X49.841 Y85.99 E204.63668
G1 X50.262 Y85.619 E204.64296
G1 X50.618 Y85.102 E204.65549
G1 X50.841 Y84.513 E204.66806
G1 X50.916 Y83.89 E204.68058
G1 X50.841 Y83.267 E204.6931
G1 X50.618 Y82.678 E204.70567
G1 X50.262 Y82.161 E204.7182
G1 X49.788 Y81.743 E204.73081
G1 X49.233 Y81.452 E204.74331
G1 X48.624 Y81.302 E204.75583
G1 X47.994 Y81.302 E204.7684
G1 X47.387 Y81.452 E204.78088
G1 X46.827 Y81.743 E204.79348
G1 X46.357 Y82.161 E204.80603
G1 X46.209 Y82.375 E204.81122
G1 X46.209 Y59.405 E205.26961
G1 X46.357 Y59.619 E205.2748
G1 X46.827 Y60.037 E205.28736
G1 X47.387 Y60.328 E205.29995
G1 X47.994 Y60.478 E205.31243
G1 X48.624 Y60.478 E205.325
G1 X49.233 Y60.328 E205.33752
G1 X49.788 Y60.037 E205.35002
G1 X50.262 Y59.619 E205.36263
G1 X50.618 Y59.102 E205.37516
G1 X50.841 Y58.513 E205.38773
G1 X50.916 Y57.89 E205.40025
G1 X50.841 Y57.267 E205.41277
G1 X50.618 Y56.678 E205.42534
G1 X50.262 Y56.161 E205.43787
G1 X49.841 Y55.79 E205.44907
G1 X50.262 Y55.79 E205.45256
G1 X72.357 Y55.79 E205.89349
G1 X72.774 Y55.79 E205.90181
G1 X72.357 Y56.161 E205.90808
G1 X72 Y56.678 E205.92061
G1 X71.778 Y57.265 E205.93314
G1 X71.701 Y57.89 E205.9457
G1 X71.778 Y58.515 E205.95827
G1 X72 Y59.102 E205.9708
G1 X72.357 Y59.619 E205.98333
G1 X72.827 Y60.037 E205.99589
G1 X73.387 Y60.328 E206.00848
G1 X73.994 Y60.478 E206.02096
G1 X74.624 Y60.478 E206.03353
G1 X75.233 Y60.328 E206.04605
G1 X75.788 Y60.037 E206.05855
G1 X76.262 Y59.619 E206.07116
G1 X76.409 Y59.406 E206.07633
G1 X76.409 Y82.374 E206.53468
G0 F9000 X76.409 Y85.99
G1 F1800 X75.841 Y85.99 E206.54601
G1 X76.262 Y85.619 E206.55163
G1 X76.409 Y85.406 E206.55679
G1 X76.409 Y85.99 E206.56416
G0 F9000 X76.809 Y86.39
G1 F1800 X74.575 Y86.39 E206.60874
G1 X74.043 Y86.39 E206.61704
G1 X48.575 Y86.39 E207.12529
G1 X48.043 Y86.39 E207.13359
G1 X45.809 Y86.39 E207.17817
G1 X45.809 Y84.418 E207.21752
G1 X45.809 Y83.89 E207.22617
G1 X45.809 Y83.362 E207.23482
G1 X45.809 Y58.418 E207.7326
G1 X45.809 Y57.89 E207.74125
G1 X45.809 Y57.362 E207.7499
G1 X45.809 Y55.39 E207.78925
G1 X48.043 Y55.39 E207.83383
G1 X48.575 Y55.39 E207.84213
G1 X74.043 Y55.39 E208.35037
G1 X74.575 Y55.39 E208.35868
G1 X76.809 Y55.39 E208.40326
G1 X76.809 Y57.363 E208.44263
G1 X76.809 Y57.89 E208.45126
G1 X76.809 Y58.417 E208.45989
G1 X76.809 Y83.363 E208.95772
G1 X76.809 Y83.89 E208.96635
G1 X76.809 Y84.417 E208.97498
G1 X76.809 Y86.39 E209.01435
G0 F9000 X77.209 Y86.79
;TYPE:WALL-OUTER
G1 F1800 X45.409 Y86.79 E209.64895
G1 X45.409 Y54.99 E210.28356
G1 X77.209 Y54.99 E210.91816
G1 X77.209 Y86.79 E211.55276
G0 F9000 X76.939 Y86.52
G0 X71.87 Y85.88
G0 X71.87 Y85.6
;TYPE:SKIN
G1 F1800 X50.749 Y85.6 E211.97426
G1 X50.966 Y85.284 E211.98191
G1 X51.223 Y84.607 E211.99636
G1 X51.308 Y83.89 E212.01077
G1 X51.223 Y83.173 E212.02517
G1 X50.966 Y82.496 E212.03963
G1 X50.556 Y81.9 E212.05406
G1 X50.01 Y81.419 E212.06858
G1 X49.372 Y81.085 E212.08295
G1 X48.671 Y80.912 E212.09736
G1 X47.947 Y80.912 E212.11181
G1 X47.248 Y81.085 E212.12618
G1 X46.599 Y81.423 E212.14078
G1 X46.599 Y60.357 E212.56118
G1 X47.248 Y60.695 E212.57578
G1 X47.947 Y60.868 E212.59015
G1 X48.671 Y60.868 E212.6046
G1 X49.372 Y60.695 E212.61901
G1 X50.01 Y60.361 E212.63338
G1 X50.556 Y59.88 E212.6479
G1 X50.966 Y59.284 E212.66234
G1 X51.223 Y58.607 E212.67679
G1 X51.308 Y57.89 E212.6912
G1 X51.223 Y57.173 E212.70561
G1 X50.966 Y56.496 E212.72006
G1 X50.749 Y56.18 E212.72771
G1 X71.87 Y56.18 E213.1492
G1 X71.653 Y56.495 E213.15683
G1 X71.396 Y57.171 E213.17126
G1 X71.308 Y57.89 E213.18572
G1 X71.396 Y58.609 E213.20018
G1 X71.653 Y59.285 E213.21461
G1 X72.063 Y59.879 E213.22901
G1 X72.604 Y60.361 E213.24347
G1 X73.248 Y60.695 E213.25795
G1 X73.947 Y60.868 E213.27232
G1 X74.671 Y60.868 E213.28677
G1 X75.372 Y60.695 E213.30118
G1 X76.01 Y60.361 E213.31555
G1 X76.019 Y60.353 E213.31579
G1 X76.019 Y81.427 E213.73634
G1 X76.01 Y81.419 E213.73658
G1 X75.372 Y81.085 E213.75095
G1 X74.671 Y80.912 E213.76536
G1 X73.947 Y80.912 E213.77981
G1 X73.248 Y81.085 E213.79418
G1 X72.604 Y81.419 E213.80866
G1 X72.063 Y81.901 E213.82312
G1 X71.653 Y82.495 E213.83752
G1 X71.396 Y83.171 E213.85195
G1 X71.308 Y83.89 E213.86641
G1 X71.396 Y84.609 E213.88086
G1 X71.653 Y85.285 E213.8953
G1 X71.87 Y85.6 E213.90293
G1 F1500 E207.40293
G0 F9000 X71.87 Y85.88
G0 X72.26 Y85.792
G0 X71.942 Y85.34
G0 X72.729 Y81.601
G0 X76.215 Y81.862
G0 X76.215 Y59.918
G0 X75.308 Y60.414
G1 F1500 E213.90293
G0 F9000 X75.511 Y60.803
G1 F1800 X75.858 Y61.15 E213.91272
G0 F9000 X75.858 Y61.716
G1 F1800 X75.074 Y60.932 E213.93485
G0 F9000 X74.604 Y61.028
G1 F1800 X75.858 Y62.281 E213.97023
G0 F9000 X75.858 Y62.847
G1 F1800 X74.039 Y61.028 E214.02156
G0 F9000 X73.323 Y60.878
G1 F1800 X75.858 Y63.413 E214.0931
G0 F9000 X75.858 Y63.979
G1 F1800 X68.219 Y56.34 E214.30869
G0 F9000 X67.653 Y56.34
G1 F1800 X75.858 Y64.544 E214.54024
G0 F9000 X75.858 Y65.11
G1 F1800 X67.088 Y56.34 E214.78775
G0 F9000 X66.522 Y56.34
G1 F1800 X75.858 Y65.676 E215.05123
G0 F9000 X75.858 Y66.241
G1 F1800 X65.956 Y56.34 E215.33067
G0 F9000 X65.391 Y56.34
G1 F1800 X75.858 Y66.807 E215.62608
G0 F9000 X75.858 Y67.373
G1 F1800 X64.825 Y56.34 E215.93745
G0 F9000 X64.259 Y56.34
G1 F1800 X75.858 Y67.938 E216.26479
G0 F9000 X75.858 Y68.504
G1 F1800 X63.694 Y56.34 E216.60808
G0 F9000 X63.128 Y56.34
G1 F1800 X75.858 Y69.07 E216.96735
G0 F9000 X75.858 Y69.635
G1 F1800 X62.562 Y56.34 E217.34258
G0 F9000 X61.997 Y56.34
G1 F1800 X75.858 Y70.201 E217.73376
G0 F9000 X75.858 Y70.767
G1 F1800 X61.431 Y56.34 E218.14092
G0 F9000 X60.865 Y56.34
G1 F1800 X75.859 Y71.333 E218.56407
G0 F9000 X75.859 Y71.899
G1 F1800 X60.299 Y56.34 E219.0032
G0 F9000 X59.734 Y56.34
G1 F1800 X75.859 Y72.465 E219.45828
G0 F9000 X75.859 Y73.03
G1 F1800 X59.168 Y56.34 E219.92932
G0 F9000 X58.602 Y56.34
G1 F1800 X75.859 Y73.596 E220.41634
G0 F9000 X75.859 Y74.162
G1 F1800 X58.037 Y56.34 E220.91931
G0 F9000 X57.471 Y56.34
G1 F1800 X75.859 Y74.727 E221.43825
G0 F9000 X75.859 Y75.293
G1 F1800 X56.905 Y56.34 E221.97316
G0 F9000 X56.34 Y56.34
G1 F1800 X75.859 Y75.859 E222.52402
G0 F9000 X75.859 Y76.424
G1 F1800 X55.774 Y56.34 E223.09085
G0 F9000 X55.208 Y56.34
G1 F1800 X75.859 Y76.99 E223.67365
G0 F9000 X75.859 Y77.556
G1 F1800 X54.643 Y56.34 E224.27241
G0 F9000 X54.077 Y56.34
G1 F1800 X75.859 Y78.121 E224.88714
G0 F9000 X75.859 Y78.687
G1 F1800 X53.511 Y56.34 E225.51783
G0 F9000 X52.946 Y56.34
G1 F1800 X75.859 Y79.253 E226.16448
G0 F9000 X75.859 Y79.818
G1 F1800 X52.38 Y56.34 E226.8271
G0 F9000 X51.814 Y56.34
G1 F1800 X75.859 Y80.384 E227.50569
G0 F9000 X75.859 Y80.95
G1 F1800 X51.248 Y56.34 E228.20025
G0 F9000 X51.321 Y56.977
G1 F1800 X75.227 Y80.884 E228.87494
G0 F9000 X74.528 Y80.75
G1 F1800 X51.44 Y57.663 E229.52652
G0 F9000 X51.428 Y58.216
G1 F1800 X73.962 Y80.75 E230.16248
G0 F9000 X73.502 Y80.856
G1 F1800 X51.355 Y58.708 E230.78753
G0 F9000 X51.199 Y59.119
G1 F1800 X73.074 Y80.994 E231.40489
G0 F9000 X72.701 Y81.187
G1 F1800 X51.012 Y59.497 E232.01701
G0 F9000 X50.781 Y59.832
G1 F1800 X72.365 Y81.416 E232.62616
G0 F9000 X72.066 Y81.682
G1 F1800 X50.514 Y60.13 E233.2344
G0 F9000 X50.213 Y60.396
G1 F1800 X71.807 Y81.989 E233.84382
G0 F9000 X71.576 Y82.324
G1 F1800 X49.867 Y60.616 E234.45648
G0 F9000 X49.496 Y60.81
G1 F1800 X71.398 Y82.712 E235.0746
G0 F9000 X71.242 Y83.121
G1 F1800 X49.056 Y60.936 E235.70072
G0 F9000 X48.582 Y61.027
G1 F1800 X71.18 Y83.625 E236.33849
G0 F9000 X71.185 Y84.196
G1 F1800 X48.016 Y61.027 E236.99237
G0 F9000 X47.293 Y60.869
G1 F1800 X71.342 Y84.918 E237.67108
G0 F9000 X71.296 Y85.439
G1 F1800 X46.758 Y60.9 E238.36361
G0 F9000 X46.758 Y61.466
G1 F1800 X70.731 Y85.439 E239.04018
G0 F9000 X70.165 Y85.439
G1 F1800 X46.758 Y62.032 E239.70078
G0 F9000 X46.758 Y62.598
G1 F1800 X69.599 Y85.439 E240.3454
G0 F9000 X69.034 Y85.439
G1 F1800 X46.758 Y63.163 E240.97408
G0 F9000 X46.758 Y63.729
G1 F1800 X68.468 Y85.439 E241.58678
G0 F9000 X67.902 Y85.439
G1 F1800 X46.758 Y64.295 E242.18351
G0 F9000 X46.758 Y64.86
G1 F1800 X67.337 Y85.439 E242.76429
G0 F9000 X66.771 Y85.439
G1 F1800 X46.758 Y65.426 E243.3291
G0 F9000 X46.758 Y65.992
G1 F1800 X66.205 Y85.439 E243.87794
G0 F9000 X65.64 Y85.439
G1 F1800 X46.758 Y66.557 E244.41083
G0 F9000 X46.758 Y67.123
G1 F1800 X65.074 Y85.439 E244.92775
G0 F9000 X64.508 Y85.439
G1 F1800 X46.758 Y67.689 E245.42869
G0 F9000 X46.758 Y68.254
G1 F1800 X63.942 Y85.439 E245.91368
G0 F9000 X63.377 Y85.439
G1 F1800 X46.758 Y68.82 E246.3827
G0 F9000 X46.758 Y69.386
G1 F1800 X62.811 Y85.439 E246.83575
G0 F9000 X62.245 Y85.439
G1 F1800 X46.758 Y69.951 E247.27284
G0 F9000 X46.758 Y70.517
G1 F1800 X61.68 Y85.439 E247.69397
G0 F9000 X61.114 Y85.439
G1 F1800 X46.758 Y71.083 E248.09913
G0 F9000 X46.758 Y71.649
G1 F1800 X60.548 Y85.439 E248.48831
G0 F9000 X59.983 Y85.439
G1 F1800 X46.758 Y72.214 E248.86155
G0 F9000 X46.758 Y72.78
G1 F1800 X59.417 Y85.439 E249.21881
G0 F9000 X58.851 Y85.439
G1 F1800 X46.758 Y73.346 E249.56011
G0 F9000 X46.758 Y73.911
G1 F1800 X58.286 Y85.439 E249.88545
G0 F9000 X57.72 Y85.439
G1 F1800 X46.758 Y74.477 E250.19482
G0 F9000 X46.758 Y75.043
G1 F1800 X57.154 Y85.439 E250.48822
G0 F9000 X56.589 Y85.439
G1 F1800 X46.758 Y75.608 E250.76567
G0 F9000 X46.758 Y76.174
G1 F1800 X56.023 Y85.439 E251.02715
G0 F9000 X55.457 Y85.439
G1 F1800 X46.758 Y76.74 E251.27265
G0 F9000 X46.758 Y77.305
G1 F1800 X54.891 Y85.439 E251.5022
G0 F9000 X54.326 Y85.439
G1 F1800 X46.758 Y77.871 E251.71578
G0 F9000 X46.758 Y78.437
G1 F1800 X49.198 Y80.876 E251.78463
G0 F9000 X48.506 Y80.75
G1 F1800 X46.758 Y79.002 E251.83397
G0 F9000 X46.758 Y79.568
G1 F1800 X47.941 Y80.75 E251.86734
G0 F9000 X47.485 Y80.861
G1 F1800 X46.758 Y80.134 E251.88786
G0 F9000 X46.758 Y80.699
G1 F1800 X47.06 Y81.001 E251.89638
G0 F9000 X47.263 Y81.392
G0 X49.032 Y81.981
G0 X50.921 Y83.167
G0 X51.334 Y83.012
G1 F1800 X53.76 Y85.439 E251.96486
G0 F9000 X53.194 Y85.439
G1 F1800 X51.444 Y83.688 E252.01426
G0 F9000 X51.427 Y84.236
G1 F1800 X52.629 Y85.439 E252.0482
G0 F9000 X52.063 Y85.439
G1 F1800 X51.349 Y84.724 E252.06836
G0 F9000 X51.193 Y85.134
G1 F1800 X51.497 Y85.439 E252.07696
G1 F1500 E245.57696
G0 F9000 X51.497 Y85.88
G0 X72.26 Y85.792
G0 X72.228 Y82.047
G0 X75.886 Y81.601
G0 X76.215 Y81.862
G0 X76.215 Y59.918
G0 X73.392 Y60.128
G0 X71.741 Y58.728
G1 F1500 E252.07696
G0 F9000 X71.328 Y58.883
G1 F1800 X68.785 Y56.34 E252.14873
G0 F9000 X69.35 Y56.34
G1 F1800 X71.181 Y58.17 E252.20039
G0 F9000 X71.181 Y57.605
G1 F1800 X69.916 Y56.34 E252.23609
G0 F9000 X70.482 Y56.34
G1 F1800 X71.248 Y57.105 E252.25769
G0 F9000 X71.404 Y56.696
G1 F1800 X71.047 Y56.34 E252.26775
G0 F9000 X71.047 Y55.9
G0 X72.072 Y55.9
G0 X72.072 Y55.95
;TYPE:SKIN
G1 F1800 X72.211 Y56.089 E252.26972
G0 F9000 X72.253 Y56.118
G0 X72.265 Y57.89
G0 X72.326 Y58.378
G0 X72.501 Y58.84
G0 X72.781 Y59.245
G0 X73.149 Y59.571
G0 X73.586 Y59.799
G0 X73.856 Y59.865
G0 X75.916 Y60.071
G0 X75.948 Y60.109
G1 F1800 X75.986 Y60.147 E252.27025
G0 F9000 X76.098 Y59.976
G1 F1800 X76.248 Y60.125 E252.27236
G0 F9000 X76.299 Y60.125
G0 X76.299 Y81.547
G0 X76.173 Y81.547
G1 F1800 X76.249 Y81.623 E252.27343
G0 F9000 X76.225 Y81.882
G1 F1800 X75.978 Y81.635 E252.27692
G0 F9000 X75.914 Y81.707
G0 X74.064 Y81.863
G0 X73.586 Y81.981
G0 X73.149 Y82.209
G0 X72.781 Y82.535
G0 X72.501 Y82.94
G0 X72.344 Y83.355
G0 X72.173 Y85.546
G0 X72.052 Y85.628
G1 F1800 X72.252 Y85.829 E252.27975
G0 F9000 X72.317 Y85.811
G0 X50.359 Y85.792
G0 X50.44 Y85.555
G0 X50.577 Y85.649
G1 F1800 X50.492 Y85.564 E252.28095
G0 F9000 X50.377 Y85.732
G1 F1800 X50.473 Y85.829 E252.28231
G0 F9000 X50.473 Y85.88
G0 X49.886 Y85.174
G0 X50.117 Y84.84
G0 X50.293 Y84.378
G0 X50.351 Y83.89
G0 X50.293 Y83.402
G0 X50.117 Y82.94
G0 X49.838 Y82.535
G0 X49.468 Y82.209
G0 X49.032 Y81.981
G0 X48.762 Y81.915
G0 X46.663 Y81.741
G0 X46.63 Y81.703
G1 F1800 X46.565 Y81.637 E252.28323
G0 F9000 X46.379 Y81.734
G1 F1800 X46.48 Y81.835 E252.28466
G0 F9000 X46.514 Y81.874
G0 X46.403 Y59.919
G0 X46.658 Y60.035
G0 X46.564 Y60.14
G1 F1800 X46.369 Y59.945 E252.28741
G0 F9000 X46.379 Y59.864
G0 X48.554 Y59.917
G0 X49.032 Y59.799
G0 X49.468 Y59.571
G0 X49.838 Y59.245
G0 X50.117 Y58.84
G0 X50.293 Y58.378
G0 X50.325 Y58.102
G0 X50.302 Y55.969
G0 X50.329 Y55.985
G1 F1800 X50.541 Y56.198 E252.29041
G0 F9000 X50.638 Y56.012
G1 F1800 X50.575 Y55.949 E252.2913
G0 F9000 X49.671 Y55.611
G1 F1800 X49.5 Y55.723 E252.29387
G1 X49.11 Y55.615 E252.29896
G0 F9000 X49.059 Y55.564
G0 X47.461 Y55.664
G0 X47.411 Y55.614
G1 F1800 X47.177 Y55.662 E252.30269
G1 X46.994 Y55.762 E252.30594
G0 F9000 X47.09 Y55.858
G0 X46.248 Y56.713
G0 X46.132 Y56.597
G1 F1800 X46.068 Y56.817 E252.3092
G1 X46.03 Y57.061 E252.3127
G0 F9000 X46.077 Y57.108
G0 X45.983 Y58.711
G0 X46.07 Y58.798
G1 F1800 X46.102 Y59.113 E252.31853
G0 F9000 X46.221 Y59.232
G0 X45.985 Y82.472
G0 X46.112 Y82.599
G1 F1800 X46.066 Y82.835 E252.32257
G1 X46.027 Y83.08 E252.32673
G0 F9000 X46.072 Y83.124
G0 X45.983 Y84.733
G0 X46.077 Y84.827
G1 F1800 X46.093 Y85.126 E252.33251
G0 F9000 X46.204 Y85.236
G0 X46.948 Y85.98
G0 X47.065 Y86.097
G1 F1800 X47.361 Y86.11 E252.33556
G1 X46.884 Y86.199 E252.34057
G0 F9000 X46.87 Y86.185
G0 X49.081 Y86.134
G0 X49.121 Y86.173
G1 F1800 X49.361 Y86.131 E252.34416
G1 X49.595 Y86.082 E252.34769
G0 F9000 X49.727 Y86.213
G0 X72.876 Y86.17
G0 X72.898 Y86.192
G1 F1800 X73.078 Y86.089 E252.35037
G1 X73.394 Y86.122 E252.35449
G0 F9000 X73.486 Y86.214
G0 X75.098 Y86.129
G0 X75.14 Y86.171
G1 F1800 X75.379 Y86.127 E252.35821
G1 X75.613 Y86.078 E252.36186
G0 F9000 X75.748 Y86.213
G0 X76.496 Y85.264
G0 X76.417 Y85.186
G1 F1800 X76.538 Y85.023 E252.36496
G1 X76.577 Y84.779 E252.36874
G0 F9000 X76.52 Y84.722
G0 X76.634 Y83.139
G0 X76.568 Y83.073
G1 F1800 X76.486 Y82.709 E252.37348
G1 X76.595 Y82.534 E252.37609
G0 F9000 X76.634 Y82.573
G0 X76.528 Y59.275
G0 X76.438 Y59.185
G1 F1800 X76.54 Y59.004 E252.3794
G1 X76.579 Y58.76 E252.38333
G0 F9000 X76.525 Y58.706
G0 X76.633 Y57.117
G0 X76.56 Y57.044
G1 F1800 X76.494 Y56.695 E252.38786
G1 X76.603 Y56.521 E252.39047
G0 F9000 X76.633 Y56.551
G0 X75.669 Y55.87
G0 X75.516 Y55.717
G1 F1800 X75.145 Y55.629 E252.39401
G1 X75.685 Y55.604 E252.39902
G0 F9000 X75.725 Y55.643
G0 X73.479 Y55.66
G0 X73.431 Y55.612
G1 F1800 X73.195 Y55.659 E252.40279
G1 X72.994 Y55.74 E252.40618
G0 F9000 X73.096 Y55.829
;MESH:NONMESH
G0 F300 X73.096 Y55.829 Z0.72
G0 F9000 X72.501 Y56.94
G0 X72.326 Y57.402
G0 X72.265 Y57.89
G0 X72.326 Y58.378
G0 X72.501 Y58.84
G0 X72.781 Y59.245
G0 X73.149 Y59.571
G0 X73.396 Y59.699
G0 X74.575 Y60.078
;TIME_ELAPSED:614.441257
;LAYER:5
;TYPE:WALL-INNER
;MESH:HBridgeMount.stl
G1 F1800 X75.09 Y59.951 E252.41676
G1 X75.56 Y59.705 E252.42735
G1 X75.96 Y59.352 E252.438
G1 X76.261 Y58.915 E252.44858
G1 X76.45 Y58.417 E252.45921
G1 X76.513 Y57.89 E252.46981
G1 X76.45 Y57.363 E252.4804
G1 X76.261 Y56.865 E252.49103
G1 X75.96 Y56.428 E252.50162
G1 X75.56 Y56.075 E252.51226
G1 X75.09 Y55.829 E252.52285
G1 X74.575 Y55.702 E252.53343
G1 X74.043 Y55.702 E252.54405
G1 X73.529 Y55.829 E252.55462
G1 X73.056 Y56.075 E252.56526
G1 X72.659 Y56.428 E252.57586
G1 X72.357 Y56.865 E252.58646
G1 X72.169 Y57.362 E252.59706
G1 X72.104 Y57.89 E252.60768
G1 X72.169 Y58.418 E252.6183
G1 X72.357 Y58.915 E252.6289
G1 X72.659 Y59.352 E252.6395
G1 X73.056 Y59.705 E252.6501
G1 X73.529 Y59.951 E252.66074
G1 X74.043 Y60.078 E252.67131
G1 X74.575 Y60.078 E252.68192
G0 F9000 X74.526 Y59.678
;TYPE:WALL-OUTER
G1 F1800 X74.947 Y59.574 E252.69058
G1 X75.332 Y59.373 E252.69925
G1 X75.658 Y59.085 E252.70793
G1 X75.904 Y58.728 E252.71658
G1 X76.059 Y58.321 E252.72527
G1 X76.11 Y57.89 E252.73393
G1 X76.059 Y57.459 E252.74259
G1 X75.904 Y57.052 E252.75128
G1 X75.658 Y56.695 E252.75993
G1 X75.332 Y56.407 E252.76862
G1 X74.947 Y56.206 E252.77728
G1 X74.526 Y56.102 E252.78594
G1 X74.092 Y56.102 E252.7946
G1 X73.671 Y56.206 E252.80325
G1 X73.285 Y56.407 E252.81194
G1 X72.961 Y56.695 E252.82059
G1 X72.714 Y57.052 E252.82925
G1 X72.56 Y57.459 E252.83793
G1 X72.507 Y57.89 E252.8466
G1 X72.56 Y58.321 E252.85527
G1 X72.714 Y58.728 E252.86395
G1 X72.961 Y59.085 E252.87261
G1 X73.285 Y59.373 E252.88126
G1 X73.671 Y59.574 E252.88995
G1 X74.092 Y59.678 E252.8986
G1 X74.526 Y59.678 E252.90726
G0 F9000 X74.579 Y60.114
G1 F1500 E246.40726
G0 F9000 X71.848 Y59.182
G0 X72.26 Y55.988
G0 X50.359 Y55.988
G0 X50.384 Y59.021
G0 X49.09 Y59.951
;TYPE:WALL-INNER
G1 F1500 E252.90726
G1 F1800 X49.56 Y59.705 E252.91785
G1 X49.96 Y59.352 E252.9285
G1 X50.261 Y58.915 E252.93909
G1 X50.45 Y58.417 E252.94972
G1 X50.513 Y57.89 E252.96031
G1 X50.45 Y57.363 E252.9709
G1 X50.261 Y56.865 E252.98153
G1 X49.96 Y56.428 E252.99212
G1 X49.56 Y56.075 E253.00277
G1 X49.09 Y55.829 E253.01335
G1 X48.575 Y55.702 E253.02394
G1 X48.043 Y55.702 E253.03455
G1 X47.529 Y55.829 E253.04512
G1 X47.056 Y56.075 E253.05576
G1 X46.659 Y56.428 E253.06636
G1 X46.357 Y56.865 E253.07696
G1 X46.169 Y57.362 E253.08757
G1 X46.104 Y57.89 E253.09818
G1 X46.169 Y58.418 E253.1088
G1 X46.357 Y58.915 E253.1194
G1 X46.659 Y59.352 E253.13
G1 X47.056 Y59.705 E253.1406
G1 X47.529 Y59.951 E253.15124
G1 X48.043 Y60.078 E253.16181
G1 X48.575 Y60.078 E253.17243
G1 X49.09 Y59.951 E253.18301
G0 F9000 X48.947 Y59.574
;TYPE:WALL-OUTER
G1 F1800 X49.332 Y59.373 E253.19168
G1 X49.658 Y59.085 E253.20036
G1 X49.904 Y58.728 E253.20901
G1 X50.059 Y58.321 E253.2177
G1 X50.11 Y57.89 E253.22636
G1 X50.059 Y57.459 E253.23502
G1 X49.904 Y57.052 E253.24372
G1 X49.658 Y56.695 E253.25237
G1 X49.332 Y56.407 E253.26105
G1 X48.947 Y56.206 E253.26972
G1 X48.526 Y56.102 E253.27837
G1 X48.092 Y56.102 E253.28703
G1 X47.671 Y56.206 E253.29568
G1 X47.285 Y56.407 E253.30437
G1 X46.961 Y56.695 E253.31302
G1 X46.714 Y57.052 E253.32168
G1 X46.56 Y57.459 E253.33037
G1 X46.507 Y57.89 E253.33903
G1 X46.56 Y58.321 E253.3477
G1 X46.714 Y58.728 E253.35638
G1 X46.961 Y59.085 E253.36505
G1 X47.285 Y59.373 E253.3737
G1 X47.671 Y59.574 E253.38238
G1 X48.092 Y59.678 E253.39104
G1 X48.526 Y59.678 E253.3997
G1 X48.947 Y59.574 E253.40835
G0 F9000 X49.102 Y59.985
G1 F1500 E246.90835
G0 F9000 X46.403 Y59.919
G0 X46.403 Y81.861
G0 X49.091 Y81.239
G0 X50.117 Y82.94
G0 X50.293 Y83.402
G0 X50.351 Y83.89
G0 X50.293 Y84.378
G0 X50.117 Y84.84
G0 X49.96 Y85.068
G0 X49.09 Y85.951
;TYPE:WALL-INNER
G1 F1500 E253.40835
G1 F1800 X49.56 Y85.705 E253.41894
G1 X49.96 Y85.352 E253.42958
G1 X50.261 Y84.915 E253.44017
G1 X50.45 Y84.417 E253.4508
G1 X50.513 Y83.89 E253.4614
G1 X50.45 Y83.363 E253.47199
G1 X50.261 Y82.865 E253.48262
G1 X49.96 Y82.428 E253.49321
G1 X49.56 Y82.075 E253.50385
G1 X49.09 Y81.829 E253.51444
G1 X48.575 Y81.702 E253.52502
G1 X48.043 Y81.702 E253.53564
G1 X47.529 Y81.829 E253.54621
G1 X47.056 Y82.075 E253.55685
G1 X46.659 Y82.428 E253.56745
G1 X46.357 Y82.865 E253.57805
G1 X46.169 Y83.362 E253.58865
G1 X46.104 Y83.89 E253.59927
G1 X46.169 Y84.418 E253.60989
G1 X46.357 Y84.915 E253.62049
G1 X46.659 Y85.352 E253.63109
G1 X47.056 Y85.705 E253.64169
G1 X47.529 Y85.951 E253.65233
G1 X48.043 Y86.078 E253.6629
G1 X48.575 Y86.078 E253.67351
G1 X49.09 Y85.951 E253.6841
G0 F9000 X48.947 Y85.574
;TYPE:WALL-OUTER
G1 F1800 X49.332 Y85.373 E253.69277
G1 X49.658 Y85.085 E253.70145
G1 X49.904 Y84.728 E253.7101
G1 X50.059 Y84.321 E253.71879
G1 X50.11 Y83.89 E253.72745
G1 X50.059 Y83.459 E253.73611
G1 X49.904 Y83.052 E253.7448
G1 X49.658 Y82.695 E253.75346
G1 X49.332 Y82.407 E253.76214
G1 X48.947 Y82.206 E253.7708
G1 X48.526 Y82.102 E253.77946
G1 X48.092 Y82.102 E253.78812
G1 X47.671 Y82.206 E253.79677
G1 X47.285 Y82.407 E253.80546
G1 X46.961 Y82.695 E253.81411
G1 X46.714 Y83.052 E253.82277
G1 X46.56 Y83.459 E253.83146
G1 X46.507 Y83.89 E253.84012
G1 X46.56 Y84.321 E253.84879
G1 X46.714 Y84.728 E253.85747
G1 X46.961 Y85.085 E253.86613
G1 X47.285 Y85.373 E253.87479
G1 X47.671 Y85.574 E253.88347
G1 X48.092 Y85.678 E253.89212
G1 X48.526 Y85.678 E253.90079
G1 X48.947 Y85.574 E253.90944
G0 F9000 X49.102 Y85.985
G0 X74.575 Y86.078
;TYPE:WALL-INNER
G1 F1800 X75.09 Y85.951 E253.92002
G1 X75.56 Y85.705 E253.93061
G1 X75.96 Y85.352 E253.94126
G1 X76.261 Y84.915 E253.95185
G1 X76.45 Y84.417 E253.96248
G1 X76.513 Y83.89 E253.97307
G1 X76.45 Y83.363 E253.98366
G1 X76.261 Y82.865 E253.99429
G1 X75.96 Y82.428 E254.00488
G1 X75.56 Y82.075 E254.01553
G1 X75.09 Y81.829 E254.02611
G1 X74.575 Y81.702 E254.0367
G1 X74.043 Y81.702 E254.04731
G1 X73.529 Y81.829 E254.05788
G1 X73.056 Y82.075 E254.06852
G1 X72.659 Y82.428 E254.07912
G1 X72.357 Y82.865 E254.08972
G1 X72.169 Y83.362 E254.10033
G1 X72.104 Y83.89 E254.11094
G1 X72.169 Y84.418 E254.12156
G1 X72.357 Y84.915 E254.13216
G1 X72.659 Y85.352 E254.14276
G1 X73.056 Y85.705 E254.15336
G1 X73.529 Y85.951 E254.164
G1 X74.043 Y86.078 E254.17457
G1 X74.575 Y86.078 E254.18519
G0 F9000 X74.526 Y85.678
;TYPE:WALL-OUTER
G1 F1800 X74.947 Y85.574 E254.19384
G1 X75.332 Y85.373 E254.20251
G1 X75.658 Y85.085 E254.21119
G1 X75.904 Y84.728 E254.21984
G1 X76.059 Y84.321 E254.22853
G1 X76.11 Y83.89 E254.23719
G1 X76.059 Y83.459 E254.24585
G1 X75.904 Y83.052 E254.25454
G1 X75.658 Y82.695 E254.2632
G1 X75.332 Y82.407 E254.27188
G1 X74.947 Y82.206 E254.28054
G1 X74.526 Y82.102 E254.2892
G1 X74.092 Y82.102 E254.29786
G1 X73.671 Y82.206 E254.30651
G1 X73.285 Y82.407 E254.3152
G1 X72.961 Y82.695 E254.32385
G1 X72.714 Y83.052 E254.33251
G1 X72.56 Y83.459 E254.3412
G1 X72.507 Y83.89 E254.34986
G1 X72.56 Y84.321 E254.35853
G1 X72.714 Y84.728 E254.36721
G1 X72.961 Y85.085 E254.37588
G1 X73.285 Y85.373 E254.38453
G1 X73.671 Y85.574 E254.39321
G1 X74.092 Y85.678 E254.40187
G1 X74.526 Y85.678 E254.41053
G0 F9000 X74.579 Y86.114
G0 X46.774 Y85.99
;TYPE:WALL-INNER
G1 F1800 X46.209 Y85.99 E254.4218
G1 X46.209 Y85.405 E254.43348
G1 X46.357 Y85.619 E254.43433
G1 X46.774 Y85.99 E254.43987
G0 F9000 X46.326 Y84.378
G0 X46.293 Y84.102
G0 X46.209 Y56.375
G1 F1800 X46.209 Y55.79 E254.45154
G1 X46.774 Y55.79 E254.46282
G1 X46.357 Y56.161 E254.46835
G1 X46.209 Y56.375 E254.46921
G1 F1500 E247.96921
G0 F9000 X48.064 Y55.863
G0 X74.554 Y55.863
G0 X76.409 Y56.374
G1 F1500 E254.46921
G1 F1800 X76.262 Y56.161 E254.47437
G1 X75.841 Y55.79 E254.48557
G1 X76.409 Y55.79 E254.49127
G1 X76.409 Y56.374 E254.4986
G0 F9000 X76.409 Y82.374
G1 F1800 X76.262 Y82.161 E254.50376
G1 X75.788 Y81.743 E254.51637
G1 X75.233 Y81.452 E254.52888
G1 X74.624 Y81.302 E254.54139
G1 X73.994 Y81.302 E254.55397
G1 X73.387 Y81.452 E254.56644
G1 X72.827 Y81.743 E254.57904
G1 X72.357 Y82.161 E254.59159
G1 X72 Y82.678 E254.60413
G1 X71.778 Y83.265 E254.61665
G1 X71.701 Y83.89 E254.62922
G1 X71.778 Y84.515 E254.64179
G1 X72 Y85.102 E254.65431
G1 X72.357 Y85.619 E254.66685
G1 X72.774 Y85.99 E254.67799
G1 X72.357 Y85.99 E254.68144
G1 X50.262 Y85.99 E255.12237
G1 X49.841 Y85.99 E255.13077
G1 X50.262 Y85.619 E255.13705
G1 X50.618 Y85.102 E255.14958
G1 X50.841 Y84.513 E255.16215
G1 X50.916 Y83.89 E255.17467
G1 X50.841 Y83.267 E255.18719
G1 X50.618 Y82.678 E255.19976
G1 X50.262 Y82.161 E255.21229
G1 X49.788 Y81.743 E255.2249
G1 X49.233 Y81.452 E255.23741
G1 X48.624 Y81.302 E255.24992
G1 X47.994 Y81.302 E255.2625
G1 X47.387 Y81.452 E255.27497
G1 X46.827 Y81.743 E255.28757
G1 X46.357 Y82.161 E255.30012
G1 X46.209 Y82.375 E255.30531
G1 X46.209 Y59.405 E255.7637
G1 X46.357 Y59.619 E255.7689
G1 X46.827 Y60.037 E255.78145
G1 X47.387 Y60.328 E255.79404
G1 X47.994 Y60.478 E255.80652
G1 X48.624 Y60.478 E255.81909
G1 X49.233 Y60.328 E255.83161
G1 X49.788 Y60.037 E255.84411
G1 X50.262 Y59.619 E255.85673
G1 X50.618 Y59.102 E255.86925
G1 X50.841 Y58.513 E255.88182
G1 X50.916 Y57.89 E255.89434
G1 X50.841 Y57.267 E255.90687
G1 X50.618 Y56.678 E255.91944
G1 X50.262 Y56.161 E255.93196
G1 X49.841 Y55.79 E255.94316
G1 X50.262 Y55.79 E255.94665
G1 X72.357 Y55.79 E256.38758
G1 X72.774 Y55.79 E256.3959
G1 X72.357 Y56.161 E256.40217
G1 X72 Y56.678 E256.41471
G1 X71.778 Y57.265 E256.42723
G1 X71.701 Y57.89 E256.4398
G1 X71.778 Y58.515 E256.45236
G1 X72 Y59.102 E256.46489
G1 X72.357 Y59.619 E256.47743
G1 X72.827 Y60.037 E256.48998
G1 X73.387 Y60.328 E256.50257
G1 X73.994 Y60.478 E256.51505
G1 X74.624 Y60.478 E256.52762
G1 X75.233 Y60.328 E256.54014
G1 X75.788 Y60.037 E256.55264
G1 X76.262 Y59.619 E256.56526
G1 X76.409 Y59.406 E256.57042
G1 X76.409 Y82.374 E257.02877
G0 F9000 X76.409 Y85.99
G1 F1800 X75.841 Y85.99 E257.04011
G1 X76.262 Y85.619 E257.04572
G1 X76.409 Y85.406 E257.05088
G1 X76.409 Y85.99 E257.05825
G0 F9000 X76.809 Y86.39
G1 F1800 X74.575 Y86.39 E257.10284
G1 X74.043 Y86.39 E257.11114
G1 X48.575 Y86.39 E257.61938
G1 X48.043 Y86.39 E257.62768
G1 X45.809 Y86.39 E257.67226
G1 X45.809 Y84.418 E257.71162
G1 X45.809 Y83.89 E257.72026
G1 X45.809 Y83.362 E257.72891
G1 X45.809 Y58.418 E258.22669
G1 X45.809 Y57.89 E258.23534
G1 X45.809 Y57.362 E258.24399
G1 X45.809 Y55.39 E258.28334
G1 X48.043 Y55.39 E258.32792
G1 X48.575 Y55.39 E258.33623
G1 X74.043 Y55.39 E258.84447
G1 X74.575 Y55.39 E258.85277
G1 X76.809 Y55.39 E258.89735
G1 X76.809 Y57.363 E258.93672
G1 X76.809 Y57.89 E258.94535
G1 X76.809 Y58.417 E258.95398
G1 X76.809 Y83.363 E259.45181
G1 X76.809 Y83.89 E259.46044
G1 X76.809 Y84.417 E259.46907
G1 X76.809 Y86.39 E259.50844
G0 F9000 X77.209 Y86.79
;TYPE:WALL-OUTER
G1 F1800 X45.409 Y86.79 E260.14305
G1 X45.409 Y54.99 E260.77765
G1 X77.209 Y54.99 E261.41225
G1 X77.209 Y86.79 E262.04686
G0 F9000 X76.939 Y86.52
G0 X71.87 Y85.88
G0 X71.87 Y85.6
;TYPE:SKIN
G1 F1800 X50.749 Y85.6 E262.46835
G1 X50.966 Y85.284 E262.476
G1 X51.223 Y84.607 E262.49045
G1 X51.308 Y83.89 E262.50486
G1 X51.223 Y83.173 E262.51927
G1 X50.966 Y82.496 E262.53372
G1 X50.556 Y81.9 E262.54815
G1 X50.01 Y81.419 E262.56268
G1 X49.372 Y81.085 E262.57705
G1 X48.671 Y80.912 E262.59146
G1 X47.947 Y80.912 E262.6059
G1 X47.248 Y81.085 E262.62027
G1 X46.599 Y81.423 E262.63488
G1 X46.599 Y60.357 E263.05527
G1 X47.248 Y60.695 E263.06987
G1 X47.947 Y60.868 E263.08424
G1 X48.671 Y60.868 E263.09869
G1 X49.372 Y60.695 E263.1131
G1 X50.01 Y60.361 E263.12747
G1 X50.556 Y59.88 E263.14199
G1 X50.966 Y59.284 E263.15643
G1 X51.223 Y58.607 E263.17088
G1 X51.308 Y57.89 E263.18529
G1 X51.223 Y57.173 E263.1997
G1 X50.966 Y56.496 E263.21415
G1 X50.749 Y56.18 E263.2218
G1 X71.87 Y56.18 E263.64329
G1 X71.653 Y56.495 E263.65093
G1 X71.396 Y57.171 E263.66536
G1 X71.308 Y57.89 E263.67981
G1 X71.396 Y58.609 E263.69427
G1 X71.653 Y59.285 E263.7087
G1 X72.063 Y59.879 E263.7231
G1 X72.604 Y60.361 E263.73756
G1 X73.248 Y60.695 E263.75204
G1 X73.947 Y60.868 E263.76641
G1 X74.671 Y60.868 E263.78086
G1 X75.372 Y60.695 E263.79527
G1 X76.01 Y60.361 E263.80964
G1 X76.019 Y60.353 E263.80988
G1 X76.019 Y81.427 E264.23043
G1 X76.01 Y81.419 E264.23068
G1 X75.372 Y81.085 E264.24505
G1 X74.671 Y80.912 E264.25946
G1 X73.947 Y80.912 E264.2739
G1 X73.248 Y81.085 E264.28827
G1 X72.604 Y81.419 E264.30275
G1 X72.063 Y81.901 E264.31721
G1 X71.653 Y82.495 E264.33161
G1 X71.396 Y83.171 E264.34605
G1 X71.308 Y83.89 E264.3605
G1 X71.396 Y84.609 E264.37496
G1 X71.653 Y85.285 E264.38939
G1 X71.87 Y85.6 E264.39702
G0 F9000 X71.87 Y85.88
G0 X72.26 Y85.792
G0 X72.265 Y83.89
G0 X72.326 Y83.402
G0 X72.501 Y82.94
G0 X72.781 Y82.535
G0 X73.149 Y82.209
G0 X73.396 Y82.081
G0 X75.441 Y81.436
G0 X75.646 Y81.047
G1 F1800 X75.858 Y80.836 E264.40299
G0 F9000 X75.858 Y80.27
G1 F1800 X75.24 Y80.888 E264.42043
G0 F9000 X74.787 Y80.776
G1 F1800 X75.858 Y79.705 E264.45066
G0 F9000 X75.858 Y79.139
G1 F1800 X74.246 Y80.751 E264.49615
G0 F9000 X73.599 Y80.832
G1 F1800 X75.858 Y78.573 E264.55991
G0 F9000 X75.858 Y78.008
G1 F1800 X72.653 Y81.212 E264.65035
G0 F9000 X72.856 Y81.603
G0 X72.013 Y82.465
G0 X71.651 Y82.215
G1 F1800 X68.426 Y85.439 E264.74135
G0 F9000 X67.861 Y85.439
G1 F1800 X75.858 Y77.442 E264.96704
G0 F9000 X75.858 Y76.876
G1 F1800 X67.295 Y85.439 E265.20871
G0 F9000 X66.729 Y85.439
G1 F1800 X75.858 Y76.31 E265.46635
G0 F9000 X75.858 Y75.745
G1 F1800 X66.163 Y85.439 E265.73995
G0 F9000 X65.598 Y85.439
G1 F1800 X75.858 Y75.179 E266.02951
G0 F9000 X75.858 Y74.613
G1 F1800 X65.032 Y85.439 E266.33504
G0 F9000 X64.466 Y85.439
G1 F1800 X75.858 Y74.048 E266.65653
G0 F9000 X75.858 Y73.482
G1 F1800 X63.901 Y85.439 E266.99398
G0 F9000 X63.335 Y85.439
G1 F1800 X75.858 Y72.916 E267.34741
G0 F9000 X75.858 Y72.351
G1 F1800 X62.769 Y85.439 E267.7168
G0 F9000 X62.204 Y85.439
G1 F1800 X75.858 Y71.785 E268.10214
G0 F9000 X75.858 Y71.219
G1 F1800 X61.638 Y85.439 E268.50346
G0 F9000 X61.072 Y85.439
G1 F1800 X75.857 Y70.654 E268.92072
G0 F9000 X75.857 Y70.089
G1 F1800 X60.507 Y85.439 E269.35394
G0 F9000 X59.941 Y85.439
G1 F1800 X75.857 Y69.523 E269.80312
G0 F9000 X75.857 Y68.957
G1 F1800 X59.375 Y85.439 E270.26828
G0 F9000 X58.81 Y85.439
G1 F1800 X75.857 Y68.392 E270.74938
G0 F9000 X75.857 Y67.826
G1 F1800 X58.244 Y85.439 E271.24646
G0 F9000 X57.678 Y85.439
G1 F1800 X75.857 Y67.26 E271.75951
G0 F9000 X75.857 Y66.695
G1 F1800 X57.113 Y85.439 E272.2885
G0 F9000 X56.547 Y85.439
G1 F1800 X75.857 Y66.129 E272.83347
G0 F9000 X75.857 Y65.563
G1 F1800 X55.981 Y85.439 E273.39442
G0 F9000 X55.415 Y85.439
G1 F1800 X75.857 Y64.997 E273.97133
G0 F9000 X75.857 Y64.432
G1 F1800 X54.85 Y85.439 E274.5642
G0 F9000 X54.284 Y85.439
G1 F1800 X75.857 Y63.866 E275.17303
G0 F9000 X75.857 Y63.3
G1 F1800 X53.718 Y85.439 E275.79784
G0 F9000 X53.153 Y85.439
G1 F1800 X75.857 Y62.735 E276.4386
G0 F9000 X75.857 Y62.169
G1 F1800 X52.587 Y85.439 E277.09533
G0 F9000 X52.021 Y85.439
G1 F1800 X75.857 Y61.603 E277.76803
G0 F9000 X75.857 Y61.038
G1 F1800 X51.456 Y85.439 E278.45668
G0 F9000 X51.193 Y85.136
G1 F1800 X75.545 Y60.785 E279.14393
G0 F9000 X74.752 Y61.012
G1 F1800 X51.414 Y84.35 E279.80258
G0 F9000 X51.451 Y83.746
G1 F1800 X74.17 Y61.028 E280.44375
G0 F9000 X73.669 Y60.963
G1 F1800 X51.392 Y83.24 E281.07245
G0 F9000 X51.258 Y82.809
G1 F1800 X73.215 Y60.851 E281.69214
G0 F9000 X72.839 Y60.662
G1 F1800 X51.098 Y82.403 E282.30572
G0 F9000 X50.867 Y82.068
G1 F1800 X72.475 Y60.46 E282.91554
G0 F9000 X72.176 Y60.193
G1 F1800 X50.623 Y81.746 E283.52382
G0 F9000 X50.323 Y81.481
G1 F1800 X71.89 Y59.913 E284.1325
G0 F9000 X71.66 Y59.578
G1 F1800 X50.004 Y81.234 E284.74368
G0 F9000 X49.632 Y81.04
G1 F1800 X71.455 Y59.218 E285.35955
G0 F9000 X71.298 Y58.808
G1 F1800 X49.223 Y80.883 E285.98256
G0 F9000 X48.77 Y80.771
G1 F1800 X71.201 Y58.34 E286.61561
G0 F9000 X71.154 Y57.821
G1 F1800 X48.224 Y80.751 E287.26274
G0 F9000 X47.569 Y80.84
G1 F1800 X71.232 Y57.178 E287.93055
G0 F9000 X71.505 Y56.339
G1 F1800 X46.758 Y81.086 E288.62897
G0 F9000 X46.758 Y80.52
G1 F1800 X70.939 Y56.339 E289.31141
G0 F9000 X70.374 Y56.339
G1 F1800 X46.758 Y79.954 E289.97789
G0 F9000 X46.758 Y79.388
G1 F1800 X69.808 Y56.339 E290.62839
G0 F9000 X69.242 Y56.339
G1 F1800 X46.758 Y78.823 E291.26294
G0 F9000 X46.758 Y78.257
G1 F1800 X68.677 Y56.339 E291.88153
G0 F9000 X68.111 Y56.339
G1 F1800 X46.758 Y77.691 E292.48414
G0 F9000 X46.758 Y77.126
G1 F1800 X67.545 Y56.339 E293.07079
G0 F9000 X66.979 Y56.339
G1 F1800 X46.758 Y76.56 E293.64147
G0 F9000 X46.758 Y75.994
G1 F1800 X66.414 Y56.339 E294.1962
G0 F9000 X65.848 Y56.339
G1 F1800 X46.758 Y75.429 E294.73496
G0 F9000 X46.758 Y74.863
G1 F1800 X65.282 Y56.339 E295.25774
G0 F9000 X64.717 Y56.339
G1 F1800 X46.758 Y74.297 E295.76457
G0 F9000 X46.758 Y73.732
G1 F1800 X64.151 Y56.339 E296.25544
G0 F9000 X63.585 Y56.339
G1 F1800 X46.758 Y73.166 E296.73033
G0 F9000 X46.758 Y72.6
G1 F1800 X63.02 Y56.339 E297.18927
G0 F9000 X62.454 Y56.339
G1 F1800 X46.758 Y72.035 E297.63224
G0 F9000 X46.758 Y71.469
G1 F1800 X61.888 Y56.339 E298.05924
G0 F9000 X61.323 Y56.339
G1 F1800 X46.758 Y70.903 E298.47029
G0 F9000 X46.758 Y70.338
G1 F1800 X60.757 Y56.339 E298.86537
G0 F9000 X60.191 Y56.339
G1 F1800 X46.758 Y69.772 E299.24448
G0 F9000 X46.758 Y69.206
G1 F1800 X59.626 Y56.339 E299.60763
G0 F9000 X59.06 Y56.339
G1 F1800 X46.758 Y68.64 E299.9548
G0 F9000 X46.758 Y68.075
G1 F1800 X58.494 Y56.339 E300.28602
G0 F9000 X57.929 Y56.339
G1 F1800 X46.758 Y67.509 E300.60127
G0 F9000 X46.758 Y66.943
G1 F1800 X57.363 Y56.339 E300.90055
G0 F9000 X56.797 Y56.339
G1 F1800 X46.758 Y66.378 E301.18388
G0 F9000 X46.758 Y65.812
G1 F1800 X56.231 Y56.339 E301.45122
G0 F9000 X55.666 Y56.339
G1 F1800 X46.758 Y65.246 E301.70261
G0 F9000 X46.758 Y64.681
G1 F1800 X55.1 Y56.339 E301.93804
G0 F9000 X54.534 Y56.339
G1 F1800 X46.758 Y64.115 E302.1575
G0 F9000 X46.758 Y63.549
G1 F1800 X49.501 Y60.806 E302.23491
G0 F9000 X48.725 Y61.017
G1 F1800 X46.758 Y62.984 E302.29042
G0 F9000 X46.758 Y62.418
G1 F1800 X48.15 Y61.026 E302.32971
G0 F9000 X47.653 Y60.958
G1 F1800 X46.758 Y61.852 E302.35495
G0 F9000 X46.758 Y61.287
G1 F1800 X47.2 Y60.845 E302.36743
G0 F9000 X46.826 Y60.654
G1 F1800 X46.758 Y60.721 E302.36933
G0 F9000 X46.319 Y60.721
G0 X46.403 Y59.919
G0 X48.554 Y59.917
G0 X48.941 Y59.822
G0 X50.795 Y58.946
G0 X51.206 Y59.102
G1 F1800 X53.969 Y56.339 E302.44731
G0 F9000 X53.403 Y56.339
G1 F1800 X51.416 Y58.326 E302.50339
G0 F9000 X51.449 Y57.728
G1 F1800 X52.837 Y56.339 E302.54257
G0 F9000 X52.272 Y56.339
G1 F1800 X51.39 Y57.221 E302.56747
G0 F9000 X51.251 Y56.794
G1 F1800 X51.706 Y56.339 E302.58031
G1 F1500 E296.08031
G0 F9000 X51.706 Y55.9
G0 X72.26 Y55.988
G0 X72.228 Y59.733
G0 X75.886 Y60.179
G0 X76.215 Y59.918
G0 X76.215 Y81.862
G0 X73.392 Y81.652
G0 X71.668 Y83.256
G1 F1500 E302.58031
G0 F9000 X71.23 Y83.201
G1 F1800 X68.992 Y85.439 E302.64347
G0 F9000 X69.558 Y85.439
G1 F1800 X71.153 Y83.844 E302.68848
G0 F9000 X71.204 Y84.359
G1 F1800 X70.123 Y85.439 E302.71898
G0 F9000 X70.689 Y85.439
G1 F1800 X71.305 Y84.823 E302.73636
G0 F9000 X71.461 Y85.233
G1 F1800 X71.255 Y85.439 E302.74218
G0 F9000 X71.996 Y85.829
;TYPE:SKIN
G1 F1800 X72.18 Y85.645 E302.74477
G0 F9000 X72.222 Y85.617
G0 X72.326 Y83.402
G0 X72.501 Y82.94
G0 X72.781 Y82.535
G0 X73.149 Y82.209
G0 X73.586 Y81.981
G0 X73.973 Y81.886
G0 X76.024 Y81.805
G0 X76.058 Y81.767
G1 F1800 X76.248 Y81.577 E302.74745
G0 F9000 X76.299 Y81.577
G0 X76.299 Y60.208
G0 X76.121 Y60.208
G1 F1800 X76.248 Y60.082 E302.74924
G0 F9000 X76.299 Y60.082
G0 X74.064 Y59.917
G0 X73.586 Y59.799
G0 X73.149 Y59.571
G0 X72.781 Y59.245
G0 X72.501 Y58.84
G0 X72.326 Y58.378
G0 X72.265 Y57.89
G0 X72.326 Y57.402
G0 X72.501 Y56.94
G0 X72.664 Y56.705
G0 X72.177 Y55.9
G0 X72.177 Y55.949
G1 F1800 X72.025 Y56.101 E302.75138
G0 F9000 X72.187 Y56.213
G0 X50.66 Y55.9
G0 X50.66 Y55.971
G1 F1800 X50.462 Y56.169 E302.75418
G0 F9000 X50.336 Y56.012
G1 F1800 X50.399 Y55.949 E302.75507
G0 F9000 X50.399 Y55.9
G0 X50.293 Y57.402
G0 X50.351 Y57.89
G0 X50.293 Y58.378
G0 X50.117 Y58.84
G0 X49.838 Y59.245
G0 X49.468 Y59.571
G0 X49.032 Y59.799
G0 X48.762 Y59.865
G0 X46.623 Y60.004
G0 X46.591 Y60.039
G1 F1800 X46.515 Y60.116 E302.75615
G0 F9000 X46.369 Y59.979
G1 F1800 X46.442 Y59.906 E302.75718
G0 F9000 X46.379 Y59.864
G0 X46.319 Y81.717
G0 X46.41 Y81.717
G1 F1800 X46.368 Y81.759 E302.75777
G0 F9000 X46.319 Y81.759
G0 X47.038 Y82.306
G0 X47.586 Y81.981
G0 X48.064 Y81.863
G0 X48.554 Y81.863
G0 X49.032 Y81.981
G0 X49.468 Y82.209
G0 X49.838 Y82.535
G0 X50.117 Y82.94
G0 X50.293 Y83.402
G0 X50.351 Y83.89
G0 X50.359 Y85.792
G0 X50.5 Y85.829
G1 F1800 X50.612 Y85.717 E302.75935
G0 F9000 X49.623 Y86.14
G1 F1800 X49.434 Y86.046 E302.76618
G0 F9000 X49.602 Y85.879
G0 X47.413 Y86.088
G0 X47.35 Y86.151
G1 F1800 X47.115 Y86.102 E302.76977
G1 X46.993 Y85.941 E302.77278
G0 F9000 X47.042 Y85.893
G0 X46.217 Y85.021
G0 X46.1 Y85.137
G1 F1800 X46.059 Y84.896 E302.77576
G1 X46.02 Y84.651 E302.77878
G0 F9000 X46.057 Y84.615
G0 X45.983 Y82.992
G0 X46.098 Y82.876
G1 F1800 X46.074 Y82.618 E302.7846
G0 F9000 X46.165 Y82.527
G0 X45.983 Y59.233
G0 X46.095 Y59.121
G1 F1800 X46.305 Y59.193 E302.78651
G1 X46.017 Y58.633 E302.79191
G0 F9000 X46.051 Y58.6
G0 X45.984 Y56.97
G0 X46.123 Y56.831
G1 F1800 X46.066 Y56.604 E302.79816
G0 F9000 X45.984 Y56.687
G0 X46.928 Y55.743
G0 X47.017 Y55.653
G1 F1800 X47.245 Y55.709 E302.8048
G0 F9000 X47.1 Y55.854
G0 X49.04 Y55.611
G1 F1800 X49.087 Y55.564 E302.80546
G0 F9000 X49.3 Y55.633
G1 F1800 X49.534 Y55.682 E302.80898
G1 X49.629 Y55.869 E302.81206
G0 F9000 X49.601 Y55.898
G0 X72.933 Y55.759
G0 X73.03 Y55.662
G1 F1800 X73.278 Y55.697 E302.81856
G0 F9000 X73.411 Y55.565
G0 X75.037 Y55.635
G0 X75.072 Y55.599
G1 F1800 X75.317 Y55.638 E302.82009
G1 X75.642 Y55.878 E302.82257
G1 X76.527 Y56.69 E302.82997
G1 X76.566 Y56.934 E302.83149
G0 F9000 X76.633 Y56.868
G0 X76.595 Y58.602
G0 X76.571 Y58.626
G1 F1800 X76.457 Y59.023 E302.83653
G1 X76.565 Y59.198 E302.83904
G0 F9000 X76.632 Y59.131
G0 X76.42 Y82.537
G0 X76.369 Y82.587
G1 F1800 X76.531 Y82.708 E302.84178
G1 X76.569 Y82.952 E302.84513
G0 F9000 X76.506 Y83.016
G0 X76.615 Y84.605
G0 X76.574 Y84.645
G1 F1800 X76.466 Y85.036 E302.85021
G1 X76.574 Y85.21 E302.85277
G0 F9000 X76.634 Y85.151
G0 X75.639 Y85.863
G0 X75.463 Y86.038
G1 F1800 X75.065 Y86.154 E302.85638
G1 X75.637 Y86.147 E302.86137
G0 F9000 X75.704 Y86.081
G0 X73.428 Y86.095
G0 X73.368 Y86.154
G1 F1800 X73.133 Y86.106 E302.86506
G1 X72.994 Y85.963 E302.86813
G0 F9000 X73.044 Y85.923
G1 F1500 E296.36813
;MESH:NONMESH
G0 F300 X73.044 Y85.923 Z0.84
G0 F9000 X72.326 Y84.378
G0 X72.265 Y83.89
G0 X72.326 Y83.402
G0 X73.318 Y81.291
G0 X76.215 Y81.862
G0 X76.215 Y59.918
G0 X74.575 Y60.078
;TIME_ELAPSED:725.087194
;LAYER:6
;TYPE:WALL-INNER
;MESH:HBridgeMount.stl
G1 F1500 E302.86813
G1 F1800 X75.09 Y59.951 E302.87871
G1 X75.56 Y59.705 E302.8893
G1 X75.96 Y59.352 E302.89994
G1 X76.261 Y58.915 E302.91053
G1 X76.45 Y58.417 E302.92116
G1 X76.513 Y57.89 E302.93175
G1 X76.45 Y57.363 E302.94235
G1 X76.261 Y56.865 E302.95298
G1 X75.96 Y56.428 E302.96357
G1 X75.56 Y56.075 E302.97421
G1 X75.09 Y55.829 E302.9848
G1 X74.575 Y55.702 E302.99538
G1 X74.043 Y55.702 E303.006
G1 X73.529 Y55.829 E303.01657
G1 X73.056 Y56.075 E303.02721
G1 X72.659 Y56.428 E303.03781
G1 X72.357 Y56.865 E303.04841
G1 X72.169 Y57.362 E303.05901
G1 X72.104 Y57.89 E303.06963
G1 X72.169 Y58.418 E303.08024
G1 X72.357 Y58.915 E303.09085
G1 X72.659 Y59.352 E303.10145
G1 X73.056 Y59.705 E303.11205
G1 X73.529 Y59.951 E303.12269
G1 X74.043 Y60.078 E303.13326
G1 X74.575 Y60.078 E303.14387
G0 F9000 X74.526 Y59.678
;TYPE:WALL-OUTER
G1 F1800 X74.947 Y59.574 E303.15253
G1 X75.332 Y59.373 E303.16119
G1 X75.658 Y59.085 E303.16987
G1 X75.904 Y58.728 E303.17853
G1 X76.059 Y58.321 E303.18722
G1 X76.11 Y57.89 E303.19588
G1 X76.059 Y57.459 E303.20454
G1 X75.904 Y57.052 E303.21323
G1 X75.658 Y56.695 E303.22188
G1 X75.332 Y56.407 E303.23056
G1 X74.947 Y56.206 E303.23923
G1 X74.526 Y56.102 E303.24789
G1 X74.092 Y56.102 E303.25655
G1 X73.671 Y56.206 E303.2652
G1 X73.285 Y56.407 E303.27389
G1 X72.961 Y56.695 E303.28254
G1 X72.714 Y57.052 E303.2912
G1 X72.56 Y57.459 E303.29988
G1 X72.507 Y57.89 E303.30855
G1 X72.56 Y58.321 E303.31722
G1 X72.714 Y58.728 E303.3259
G1 X72.961 Y59.085 E303.33456
G1 X73.285 Y59.373 E303.34321
G1 X73.671 Y59.574 E303.3519
G1 X74.092 Y59.678 E303.36055
G1 X74.526 Y59.678 E303.36921
G0 F9000 X74.579 Y60.114
G1 F1500 E296.86921
G0 F9000 X71.848 Y59.182
G0 X72.26 Y55.988
G0 X50.359 Y55.988
G0 X50.384 Y59.021
G0 X49.09 Y59.951
;TYPE:WALL-INNER
G1 F1500 E303.36921
G1 F1800 X49.56 Y59.705 E303.3798
G1 X49.96 Y59.352 E303.39045
G1 X50.261 Y58.915 E303.40104
G1 X50.45 Y58.417 E303.41167
G1 X50.513 Y57.89 E303.42226
G1 X50.45 Y57.363 E303.43285
G1 X50.261 Y56.865 E303.44348
G1 X49.96 Y56.428 E303.45407
G1 X49.56 Y56.075 E303.46471
G1 X49.09 Y55.829 E303.4753
G1 X48.575 Y55.702 E303.48589
G1 X48.043 Y55.702 E303.4965
G1 X47.529 Y55.829 E303.50707
G1 X47.056 Y56.075 E303.51771
G1 X46.659 Y56.428 E303.52831
G1 X46.357 Y56.865 E303.53891
G1 X46.169 Y57.362 E303.54951
G1 X46.104 Y57.89 E303.56013
G1 X46.169 Y58.418 E303.57075
G1 X46.357 Y58.915 E303.58135
G1 X46.659 Y59.352 E303.59195
G1 X47.056 Y59.705 E303.60255
G1 X47.529 Y59.951 E303.61319
G1 X48.043 Y60.078 E303.62376
G1 X48.575 Y60.078 E303.63438
G1 X49.09 Y59.951 E303.64496
G0 F9000 X48.947 Y59.574
;TYPE:WALL-OUTER
G1 F1800 X49.332 Y59.373 E303.65363
G1 X49.658 Y59.085 E303.66231
G1 X49.904 Y58.728 E303.67096
G1 X50.059 Y58.321 E303.67965
G1 X50.11 Y57.89 E303.68831
G1 X50.059 Y57.459 E303.69697
G1 X49.904 Y57.052 E303.70566
G1 X49.658 Y56.695 E303.71432
G1 X49.332 Y56.407 E303.723
G1 X48.947 Y56.206 E303.73166
G1 X48.526 Y56.102 E303.74032
G1 X48.092 Y56.102 E303.74898
G1 X47.671 Y56.206 E303.75763
G1 X47.285 Y56.407 E303.76632
G1 X46.961 Y56.695 E303.77497
G1 X46.714 Y57.052 E303.78363
G1 X46.56 Y57.459 E303.79232
G1 X46.507 Y57.89 E303.80098
G1 X46.56 Y58.321 E303.80965
G1 X46.714 Y58.728 E303.81833
G1 X46.961 Y59.085 E303.827
G1 X47.285 Y59.373 E303.83565
G1 X47.671 Y59.574 E303.84433
G1 X48.092 Y59.678 E303.85299
G1 X48.526 Y59.678 E303.86165
G1 X48.947 Y59.574 E303.8703
G0 F9000 X49.102 Y59.985
G1 F1500 E297.3703
G0 F9000 X46.403 Y59.919
G0 X46.403 Y81.861
G0 X49.091 Y81.239
G0 X50.117 Y82.94
G0 X50.293 Y83.402
G0 X50.351 Y83.89
G0 X50.293 Y84.378
G0 X50.117 Y84.84
G0 X49.96 Y85.068
G0 X49.09 Y85.951
;TYPE:WALL-INNER
G1 F1500 E303.8703
G1 F1800 X49.56 Y85.705 E303.88089
G1 X49.96 Y85.352 E303.89153
G1 X50.261 Y84.915 E303.90212
G1 X50.45 Y84.417 E303.91275
G1 X50.513 Y83.89 E303.92334
G1 X50.45 Y83.363 E303.93394
G1 X50.261 Y82.865 E303.94457
G1 X49.96 Y82.428 E303.95516
G1 X49.56 Y82.075 E303.9658
G1 X49.09 Y81.829 E303.97639
G1 X48.575 Y81.702 E303.98697
G1 X48.043 Y81.702 E303.99759
G1 X47.529 Y81.829 E304.00816
G1 X47.056 Y82.075 E304.0188
G1 X46.659 Y82.428 E304.0294
G1 X46.357 Y82.865 E304.04
G1 X46.169 Y83.362 E304.0506
G1 X46.104 Y83.89 E304.06122
G1 X46.169 Y84.418 E304.07183
G1 X46.357 Y84.915 E304.08244
G1 X46.659 Y85.352 E304.09304
G1 X47.056 Y85.705 E304.10364
G1 X47.529 Y85.951 E304.11428
G1 X48.043 Y86.078 E304.12485
G1 X48.575 Y86.078 E304.13546
G1 X49.09 Y85.951 E304.14605
G0 F9000 X48.947 Y85.574
;TYPE:WALL-OUTER
G1 F1800 X49.332 Y85.373 E304.15471
G1 X49.658 Y85.085 E304.1634
G1 X49.904 Y84.728 E304.17205
G1 X50.059 Y84.321 E304.18074
G1 X50.11 Y83.89 E304.1894
G1 X50.059 Y83.459 E304.19806
G1 X49.904 Y83.052 E304.20675
G1 X49.658 Y82.695 E304.2154
G1 X49.332 Y82.407 E304.22408
G1 X48.947 Y82.206 E304.23275
G1 X48.526 Y82.102 E304.24141
G1 X48.092 Y82.102 E304.25007
G1 X47.671 Y82.206 E304.25872
G1 X47.285 Y82.407 E304.26741
G1 X46.961 Y82.695 E304.27606
G1 X46.714 Y83.052 E304.28472
G1 X46.56 Y83.459 E304.2934
G1 X46.507 Y83.89 E304.30207
G1 X46.56 Y84.321 E304.31074
G1 X46.714 Y84.728 E304.31942
G1 X46.961 Y85.085 E304.32808
G1 X47.285 Y85.373 E304.33673
G1 X47.671 Y85.574 E304.34542
G1 X48.092 Y85.678 E304.35407
G1 X48.526 Y85.678 E304.36273
G1 X48.947 Y85.574 E304.37139
G0 F9000 X49.102 Y85.985
G0 X74.575 Y86.078
;TYPE:WALL-INNER
G1 F1800 X75.09 Y85.951 E304.38197
G1 X75.56 Y85.705 E304.39256
G1 X75.96 Y85.352 E304.40321
G1 X76.261 Y84.915 E304.4138
G1 X76.45 Y84.417 E304.42443
G1 X76.513 Y83.89 E304.43502
G1 X76.45 Y83.363 E304.44561
G1 X76.261 Y82.865 E304.45624
G1 X75.96 Y82.428 E304.46683
G1 X75.56 Y82.075 E304.47747
G1 X75.09 Y81.829 E304.48806
G1 X74.575 Y81.702 E304.49865
G1 X74.043 Y81.702 E304.50926
G1 X73.529 Y81.829 E304.51983
G1 X73.056 Y82.075 E304.53047
G1 X72.659 Y82.428 E304.54107
G1 X72.357 Y82.865 E304.55167
G1 X72.169 Y83.362 E304.56227
G1 X72.104 Y83.89 E304.57289
G1 X72.169 Y84.418 E304.58351
G1 X72.357 Y84.915 E304.59411
G1 X72.659 Y85.352 E304.60471
G1 X73.056 Y85.705 E304.61531
G1 X73.529 Y85.951 E304.62595
G1 X74.043 Y86.078 E304.63652
G1 X74.575 Y86.078 E304.64713
G0 F9000 X74.526 Y85.678
;TYPE:WALL-OUTER
G1 F1800 X74.947 Y85.574 E304.65579
G1 X75.332 Y85.373 E304.66446
G1 X75.658 Y85.085 E304.67314
G1 X75.904 Y84.728 E304.68179
G1 X76.059 Y84.321 E304.69048
G1 X76.11 Y83.89 E304.69914
G1 X76.059 Y83.459 E304.7078
G1 X75.904 Y83.052 E304.71649
G1 X75.658 Y82.695 E304.72515
G1 X75.332 Y82.407 E304.73383
G1 X74.947 Y82.206 E304.74249
G1 X74.526 Y82.102 E304.75115
G1 X74.092 Y82.102 E304.75981
G1 X73.671 Y82.206 E304.76846
G1 X73.285 Y82.407 E304.77715
G1 X72.961 Y82.695 E304.7858
G1 X72.714 Y83.052 E304.79446
G1 X72.56 Y83.459 E304.80315
G1 X72.507 Y83.89 E304.81181
G1 X72.56 Y84.321 E304.82048
G1 X72.714 Y84.728 E304.82916
G1 X72.961 Y85.085 E304.83782
G1 X73.285 Y85.373 E304.84648
G1 X73.671 Y85.574 E304.85516
G1 X74.092 Y85.678 E304.86381
G1 X74.526 Y85.678 E304.87248
G0 F9000 X74.579 Y86.114
G0 X46.774 Y85.99
;TYPE:WALL-INNER
G1 F1800 X46.209 Y85.99 E304.88375
G1 X46.209 Y85.405 E304.89542
G1 X46.357 Y85.619 E304.89628
G1 X46.774 Y85.99 E304.90181
G0 F9000 X46.326 Y84.378
G0 X46.293 Y84.102
G0 X46.209 Y56.375
G1 F1800 X46.209 Y55.79 E304.91349
G1 X46.774 Y55.79 E304.92476
G1 X46.357 Y56.161 E304.9303
G1 X46.209 Y56.375 E304.93115
G1 F1500 E298.43115
G0 F9000 X48.064 Y55.863
G0 X74.554 Y55.863
G0 X76.409 Y56.374
G1 F1500 E304.93115
G1 F1800 X76.262 Y56.161 E304.93632
G1 X75.841 Y55.79 E304.94752
G1 X76.409 Y55.79 E304.95321
G1 X76.409 Y56.374 E304.96054
G0 F9000 X76.409 Y82.374
G1 F1800 X76.262 Y82.161 E304.96571
G1 X75.788 Y81.743 E304.97832
G1 X75.233 Y81.452 E304.99083
G1 X74.624 Y81.302 E305.00334
G1 X73.994 Y81.302 E305.01592
G1 X73.387 Y81.452 E305.02839
G1 X72.827 Y81.743 E305.04099
G1 X72.357 Y82.161 E305.05354
G1 X72 Y82.678 E305.06608
G1 X71.778 Y83.265 E305.0786
G1 X71.701 Y83.89 E305.09117
G1 X71.778 Y84.515 E305.10373
G1 X72 Y85.102 E305.11626
G1 X72.357 Y85.619 E305.1288
G1 X72.774 Y85.99 E305.13994
G1 X72.357 Y85.99 E305.14339
G1 X50.262 Y85.99 E305.58432
G1 X49.841 Y85.99 E305.59272
G1 X50.262 Y85.619 E305.599
G1 X50.618 Y85.102 E305.61153
G1 X50.841 Y84.513 E305.6241
G1 X50.916 Y83.89 E305.63662
G1 X50.841 Y83.267 E305.64914
G1 X50.618 Y82.678 E305.66171
G1 X50.262 Y82.161 E305.67424
G1 X49.788 Y81.743 E305.68685
G1 X49.233 Y81.452 E305.69936
G1 X48.624 Y81.302 E305.71187
G1 X47.994 Y81.302 E305.72445
G1 X47.387 Y81.452 E305.73692
G1 X46.827 Y81.743 E305.74952
G1 X46.357 Y82.161 E305.76207
G1 X46.209 Y82.375 E305.76726
G1 X46.209 Y59.405 E306.22565
G1 X46.357 Y59.619 E306.23085
G1 X46.827 Y60.037 E306.2434
G1 X47.387 Y60.328 E306.25599
G1 X47.994 Y60.478 E306.26847
G1 X48.624 Y60.478 E306.28104
G1 X49.233 Y60.328 E306.29356
G1 X49.788 Y60.037 E306.30606
G1 X50.262 Y59.619 E306.31868
G1 X50.618 Y59.102 E306.3312
G1 X50.841 Y58.513 E306.34377
G1 X50.916 Y57.89 E306.35629
G1 X50.841 Y57.267 E306.36882
G1 X50.618 Y56.678 E306.38138
G1 X50.262 Y56.161 E306.39391
G1 X49.841 Y55.79 E306.40511
G1 X50.262 Y55.79 E306.4086
G1 X72.357 Y55.79 E306.84953
G1 X72.774 Y55.79 E306.85785
G1 X72.357 Y56.161 E306.86412
G1 X72 Y56.678 E306.87666
G1 X71.778 Y57.265 E306.88918
G1 X71.701 Y57.89 E306.90175
G1 X71.778 Y58.515 E306.91431
G1 X72 Y59.102 E306.92684
G1 X72.357 Y59.619 E306.93938
G1 X72.827 Y60.037 E306.95193
G1 X73.387 Y60.328 E306.96452
G1 X73.994 Y60.478 E306.977
G1 X74.624 Y60.478 E306.98957
G1 X75.233 Y60.328 E307.00209
G1 X75.788 Y60.037 E307.01459
G1 X76.262 Y59.619 E307.02721
G1 X76.409 Y59.406 E307.03237
G1 X76.409 Y82.374 E307.49072
G0 F9000 X76.409 Y85.99
G1 F1800 X75.841 Y85.99 E307.50206
G1 X76.262 Y85.619 E307.50767
G1 X76.409 Y85.406 E307.51283
G1 X76.409 Y85.99 E307.5202
G0 F9000 X76.809 Y86.39
G1 F1800 X74.575 Y86.39 E307.56478
G1 X74.043 Y86.39 E307.57309
G1 X48.575 Y86.39 E308.08133
G1 X48.043 Y86.39 E308.08963
G1 X45.809 Y86.39 E308.13421
G1 X45.809 Y84.418 E308.17357
G1 X45.809 Y83.89 E308.18221
G1 X45.809 Y83.362 E308.19086
G1 X45.809 Y58.418 E308.68864
G1 X45.809 Y57.89 E308.69729
G1 X45.809 Y57.362 E308.70594
G1 X45.809 Y55.39 E308.74529
G1 X48.043 Y55.39 E308.78987
G1 X48.575 Y55.39 E308.79817
G1 X74.043 Y55.39 E309.30642
G1 X74.575 Y55.39 E309.31472
G1 X76.809 Y55.39 E309.3593
G1 X76.809 Y57.363 E309.39867
G1 X76.809 Y57.89 E309.4073
G1 X76.809 Y58.417 E309.41593
G1 X76.809 Y83.363 E309.91376
G1 X76.809 Y83.89 E309.92239
G1 X76.809 Y84.417 E309.93102
G1 X76.809 Y86.39 E309.97039
G0 F9000 X77.209 Y86.79
;TYPE:WALL-OUTER
G1 F1800 X45.409 Y86.79 E310.605
G1 X45.409 Y54.99 E311.2396
G1 X77.209 Y54.99 E311.8742
G1 X77.209 Y86.79 E312.50881
G0 F9000 X76.939 Y86.52
G0 X71.87 Y85.88
G0 X71.87 Y85.6
;TYPE:SKIN
G1 F1800 X50.749 Y85.6 E312.9303
G1 X50.966 Y85.284 E312.93795
G1 X51.223 Y84.607 E312.9524
G1 X51.308 Y83.89 E312.96681
G1 X51.223 Y83.173 E312.98122
G1 X50.966 Y82.496 E312.99567
G1 X50.556 Y81.9 E313.0101
G1 X50.01 Y81.419 E313.02462
G1 X49.372 Y81.085 E313.039
G1 X48.671 Y80.912 E313.0534
G1 X47.947 Y80.912 E313.06785
G1 X47.248 Y81.085 E313.08222
G1 X46.599 Y81.423 E313.09683
G1 X46.599 Y60.357 E313.51722
G1 X47.248 Y60.695 E313.53182
G1 X47.947 Y60.868 E313.54619
G1 X48.671 Y60.868 E313.56064
G1 X49.372 Y60.695 E313.57505
G1 X50.01 Y60.361 E313.58942
G1 X50.556 Y59.88 E313.60394
G1 X50.966 Y59.284 E313.61838
G1 X51.223 Y58.607 E313.63283
G1 X51.308 Y57.89 E313.64724
G1 X51.223 Y57.173 E313.66165
G1 X50.966 Y56.496 E313.6761
G1 X50.749 Y56.18 E313.68375
G1 X71.87 Y56.18 E314.10524
G1 X71.653 Y56.495 E314.11287
G1 X71.396 Y57.171 E314.12731
G1 X71.308 Y57.89 E314.14176
G1 X71.396 Y58.609 E314.15622
G1 X71.653 Y59.285 E314.17065
G1 X72.063 Y59.879 E314.18505
G1 X72.604 Y60.361 E314.19951
G1 X73.248 Y60.695 E314.21399
G1 X73.947 Y60.868 E314.22836
G1 X74.671 Y60.868 E314.24281
G1 X75.372 Y60.695 E314.25722
G1 X76.01 Y60.361 E314.27159
G1 X76.019 Y60.353 E314.27183
G1 X76.019 Y81.427 E314.69238
G1 X76.01 Y81.419 E314.69262
G1 X75.372 Y81.085 E314.707
G1 X74.671 Y80.912 E314.7214
G1 X73.947 Y80.912 E314.73585
G1 X73.248 Y81.085 E314.75022
G1 X72.604 Y81.419 E314.7647
G1 X72.063 Y81.901 E314.77916
G1 X71.653 Y82.495 E314.79356
G1 X71.396 Y83.171 E314.808
G1 X71.308 Y83.89 E314.82245
G1 X71.396 Y84.609 E314.83691
G1 X71.653 Y85.285 E314.85134
G1 X71.87 Y85.6 E314.85897
G1 F1500 E308.35897
G0 F9000 X71.87 Y85.88
G0 X72.26 Y85.792
G0 X71.942 Y85.34
G0 X72.729 Y81.601
G0 X76.215 Y81.862
G0 X76.215 Y59.918
G0 X75.308 Y60.414
G1 F1500 E314.85897
G0 F9000 X75.511 Y60.803
G1 F1800 X75.858 Y61.15 E314.86876
G0 F9000 X75.858 Y61.716
G1 F1800 X75.074 Y60.932 E314.89089
G0 F9000 X74.604 Y61.028
G1 F1800 X75.858 Y62.281 E314.92627
G0 F9000 X75.858 Y62.847
G1 F1800 X74.039 Y61.028 E314.9776
G0 F9000 X73.323 Y60.878
G1 F1800 X75.858 Y63.413 E315.04915
G0 F9000 X75.858 Y63.979
G1 F1800 X68.219 Y56.34 E315.26474
G0 F9000 X67.653 Y56.34
G1 F1800 X75.858 Y64.544 E315.49628
G0 F9000 X75.858 Y65.11
G1 F1800 X67.088 Y56.34 E315.74379
G0 F9000 X66.522 Y56.34
G1 F1800 X75.858 Y65.676 E316.00728
G0 F9000 X75.858 Y66.241
G1 F1800 X65.956 Y56.34 E316.28672
G0 F9000 X65.391 Y56.34
G1 F1800 X75.858 Y66.807 E316.58212
G0 F9000 X75.858 Y67.373
G1 F1800 X64.825 Y56.34 E316.89349
G0 F9000 X64.259 Y56.34
G1 F1800 X75.858 Y67.938 E317.22083
G0 F9000 X75.858 Y68.504
G1 F1800 X63.694 Y56.34 E317.56412
G0 F9000 X63.128 Y56.34
G1 F1800 X75.858 Y69.07 E317.92339
G0 F9000 X75.858 Y69.635
G1 F1800 X62.562 Y56.34 E318.29862
G0 F9000 X61.997 Y56.34
G1 F1800 X75.858 Y70.201 E318.68981
G0 F9000 X75.858 Y70.767
G1 F1800 X61.431 Y56.34 E319.09697
G0 F9000 X60.865 Y56.34
G1 F1800 X75.859 Y71.333 E319.52012
G0 F9000 X75.859 Y71.899
G1 F1800 X60.299 Y56.34 E319.95924
G0 F9000 X59.734 Y56.34
G1 F1800 X75.859 Y72.465 E320.41432
G0 F9000 X75.859 Y73.03
G1 F1800 X59.168 Y56.34 E320.88536
G0 F9000 X58.602 Y56.34
G1 F1800 X75.859 Y73.596 E321.37238
G0 F9000 X75.859 Y74.162
G1 F1800 X58.037 Y56.34 E321.87535
G0 F9000 X57.471 Y56.34
G1 F1800 X75.859 Y74.727 E322.39429
G0 F9000 X75.859 Y75.293
G1 F1800 X56.905 Y56.34 E322.9292
G0 F9000 X56.34 Y56.34
G1 F1800 X75.859 Y75.859 E323.48007
G0 F9000 X75.859 Y76.424
G1 F1800 X55.774 Y56.34 E324.04689
G0 F9000 X55.208 Y56.34
G1 F1800 X75.859 Y76.99 E324.6297
G0 F9000 X75.859 Y77.556
G1 F1800 X54.643 Y56.34 E325.22846
G0 F9000 X54.077 Y56.34
G1 F1800 X75.859 Y78.121 E325.84318
G0 F9000 X75.859 Y78.687
G1 F1800 X53.511 Y56.34 E326.47387
G0 F9000 X52.946 Y56.34
G1 F1800 X75.859 Y79.253 E327.12053
G0 F9000 X75.859 Y79.818
G1 F1800 X52.38 Y56.34 E327.78314
G0 F9000 X51.814 Y56.34
G1 F1800 X75.859 Y80.384 E328.46173
G0 F9000 X75.859 Y80.95
G1 F1800 X51.248 Y56.34 E329.15629
G0 F9000 X51.321 Y56.977
G1 F1800 X75.227 Y80.884 E329.83098
G0 F9000 X74.528 Y80.75
G1 F1800 X51.44 Y57.663 E330.48256
G0 F9000 X51.428 Y58.216
G1 F1800 X73.962 Y80.75 E331.11852
G0 F9000 X73.502 Y80.856
G1 F1800 X51.355 Y58.708 E331.74357
G0 F9000 X51.199 Y59.119
G1 F1800 X73.074 Y80.994 E332.36093
G0 F9000 X72.701 Y81.187
G1 F1800 X51.012 Y59.497 E332.97306
G0 F9000 X50.781 Y59.832
G1 F1800 X72.365 Y81.416 E333.5822
G0 F9000 X72.066 Y81.682
G1 F1800 X50.514 Y60.13 E334.19045
G0 F9000 X50.213 Y60.396
G1 F1800 X71.807 Y81.989 E334.79986
G0 F9000 X71.576 Y82.324
G1 F1800 X49.867 Y60.616 E335.41252
G0 F9000 X49.496 Y60.81
G1 F1800 X71.398 Y82.712 E336.03064
G0 F9000 X71.242 Y83.121
G1 F1800 X49.056 Y60.936 E336.65677
G0 F9000 X48.582 Y61.027
G1 F1800 X71.18 Y83.625 E337.29453
G0 F9000 X71.185 Y84.196
G1 F1800 X48.016 Y61.027 E337.94841
G0 F9000 X47.293 Y60.869
G1 F1800 X71.342 Y84.918 E338.62713
G0 F9000 X71.296 Y85.439
G1 F1800 X46.758 Y60.9 E339.31965
G0 F9000 X46.758 Y61.466
G1 F1800 X70.731 Y85.439 E339.99622
G0 F9000 X70.165 Y85.439
G1 F1800 X46.758 Y62.032 E340.65682
G0 F9000 X46.758 Y62.598
G1 F1800 X69.599 Y85.439 E341.30144
G0 F9000 X69.034 Y85.439
G1 F1800 X46.758 Y63.163 E341.93012
G0 F9000 X46.758 Y63.729
G1 F1800 X68.468 Y85.439 E342.54282
G0 F9000 X67.902 Y85.439
G1 F1800 X46.758 Y64.295 E343.13955
G0 F9000 X46.758 Y64.86
G1 F1800 X67.337 Y85.439 E343.72034
G0 F9000 X66.771 Y85.439
G1 F1800 X46.758 Y65.426 E344.28515
G0 F9000 X46.758 Y65.992
G1 F1800 X66.205 Y85.439 E344.83398
G0 F9000 X65.64 Y85.439
G1 F1800 X46.758 Y66.557 E345.36687
G0 F9000 X46.758 Y67.123
G1 F1800 X65.074 Y85.439 E345.88379
G0 F9000 X64.508 Y85.439
G1 F1800 X46.758 Y67.689 E346.38473
G0 F9000 X46.758 Y68.254
G1 F1800 X63.942 Y85.439 E346.86972
G0 F9000 X63.377 Y85.439
G1 F1800 X46.758 Y68.82 E347.33874
G0 F9000 X46.758 Y69.386
G1 F1800 X62.811 Y85.439 E347.79179
G0 F9000 X62.245 Y85.439
G1 F1800 X46.758 Y69.951 E348.22888
G0 F9000 X46.758 Y70.517
G1 F1800 X61.68 Y85.439 E348.65001
G0 F9000 X61.114 Y85.439
G1 F1800 X46.758 Y71.083 E349.05517
G0 F9000 X46.758 Y71.649
G1 F1800 X60.548 Y85.439 E349.44435
G0 F9000 X59.983 Y85.439
G1 F1800 X46.758 Y72.214 E349.81759
G0 F9000 X46.758 Y72.78
G1 F1800 X59.417 Y85.439 E350.17486
G0 F9000 X58.851 Y85.439
G1 F1800 X46.758 Y73.346 E350.51615
G0 F9000 X46.758 Y73.911
G1 F1800 X58.286 Y85.439 E350.84149
G0 F9000 X57.72 Y85.439
G1 F1800 X46.758 Y74.477 E351.15086
G0 F9000 X46.758 Y75.043
G1 F1800 X57.154 Y85.439 E351.44426
G0 F9000 X56.589 Y85.439
G1 F1800 X46.758 Y75.608 E351.72171
G0 F9000 X46.758 Y76.174
G1 F1800 X56.023 Y85.439 E351.98319
G0 F9000 X55.457 Y85.439
G1 F1800 X46.758 Y76.74 E352.2287
G0 F9000 X46.758 Y77.305
G1 F1800 X54.891 Y85.439 E352.45824
G0 F9000 X54.326 Y85.439
G1 F1800 X46.758 Y77.871 E352.67183
G0 F9000 X46.758 Y78.437
G1 F1800 X49.198 Y80.876 E352.74067
G0 F9000 X48.506 Y80.75
G1 F1800 X46.758 Y79.002 E352.79001
G0 F9000 X46.758 Y79.568
G1 F1800 X47.941 Y80.75 E352.82338
G0 F9000 X47.485 Y80.861
G1 F1800 X46.758 Y80.134 E352.8439
G0 F9000 X46.758 Y80.699
G1 F1800 X47.06 Y81.001 E352.85242
G0 F9000 X47.263 Y81.392
G0 X49.032 Y81.981
G0 X50.921 Y83.167
G0 X51.334 Y83.012
G1 F1800 X53.76 Y85.439 E352.9209
G0 F9000 X53.194 Y85.439
G1 F1800 X51.444 Y83.688 E352.9703
G0 F9000 X51.427 Y84.236
G1 F1800 X52.629 Y85.439 E353.00424
G0 F9000 X52.063 Y85.439
G1 F1800 X51.349 Y84.724 E353.02441
G0 F9000 X51.193 Y85.134
G1 F1800 X51.497 Y85.439 E353.033
G1 F1500 E346.533
G0 F9000 X51.497 Y85.88
G0 X72.26 Y85.792
G0 X72.228 Y82.047
G0 X75.886 Y81.601
G0 X76.215 Y81.862
G0 X76.215 Y59.918
G0 X73.392 Y60.128
G0 X71.741 Y58.728
G1 F1500 E353.033
G0 F9000 X71.328 Y58.883
G1 F1800 X68.785 Y56.34 E353.10477
G0 F9000 X69.35 Y56.34
G1 F1800 X71.181 Y58.17 E353.15643
G0 F9000 X71.181 Y57.605
G1 F1800 X69.916 Y56.34 E353.19213
G0 F9000 X70.482 Y56.34
G1 F1800 X71.248 Y57.105 E353.21373
G0 F9000 X71.404 Y56.696
G1 F1800 X71.047 Y56.34 E353.2238
G0 F9000 X71.047 Y55.9
G0 X72.072 Y55.9
G0 X72.072 Y55.95
;TYPE:SKIN
G1 F1800 X72.211 Y56.089 E353.22576
G0 F9000 X72.253 Y56.118
G0 X72.265 Y57.89
G0 X72.326 Y58.378
G0 X72.501 Y58.84
G0 X72.781 Y59.245
G0 X73.149 Y59.571
G0 X73.586 Y59.799
G0 X73.856 Y59.865
G0 X75.916 Y60.071
G0 X75.948 Y60.109
G1 F1800 X75.986 Y60.147 E353.22629
G0 F9000 X76.098 Y59.976
G1 F1800 X76.248 Y60.125 E353.2284
G0 F9000 X76.299 Y60.125
G0 X76.299 Y81.547
G0 X76.173 Y81.547
G1 F1800 X76.249 Y81.623 E353.22948
G0 F9000 X76.225 Y81.882
G1 F1800 X75.978 Y81.635 E353.23296
G0 F9000 X75.914 Y81.707
G0 X74.064 Y81.863
G0 X73.586 Y81.981
G0 X73.149 Y82.209
G0 X72.781 Y82.535
G0 X72.501 Y82.94
G0 X72.344 Y83.355
G0 X72.173 Y85.546
G0 X72.052 Y85.628
G1 F1800 X72.252 Y85.829 E353.23579
G0 F9000 X72.317 Y85.811
G0 X50.359 Y85.792
G0 X50.44 Y85.555
G0 X50.577 Y85.649
G1 F1800 X50.492 Y85.564 E353.23699
G0 F9000 X50.377 Y85.732
G1 F1800 X50.473 Y85.829 E353.23835
G0 F9000 X50.473 Y85.88
G0 X49.886 Y85.174
G0 X50.117 Y84.84
G0 X50.293 Y84.378
G0 X50.351 Y83.89
G0 X50.293 Y83.402
G0 X50.117 Y82.94
G0 X49.838 Y82.535
G0 X49.468 Y82.209
G0 X49.032 Y81.981
G0 X48.762 Y81.915
G0 X46.663 Y81.741
G0 X46.63 Y81.703
G1 F1800 X46.565 Y81.637 E353.23928
G0 F9000 X46.379 Y81.734
G1 F1800 X46.48 Y81.835 E353.2407
G0 F9000 X46.514 Y81.874
G0 X46.403 Y59.919
G0 X46.658 Y60.035
G0 X46.564 Y60.14
G1 F1800 X46.369 Y59.945 E353.24345
G0 F9000 X46.379 Y59.864
G0 X48.554 Y59.917
G0 X49.032 Y59.799
G0 X49.468 Y59.571
G0 X49.838 Y59.245
G0 X50.117 Y58.84
G0 X50.293 Y58.378
G0 X50.325 Y58.102
G0 X50.302 Y55.969
G0 X50.329 Y55.985
G1 F1800 X50.541 Y56.198 E353.24645
G0 F9000 X50.638 Y56.012
G1 F1800 X50.575 Y55.949 E353.24734
G0 F9000 X49.671 Y55.611
G1 F1800 X49.5 Y55.723 E353.24991
G1 X49.11 Y55.615 E353.255
G0 F9000 X49.059 Y55.564
G0 X47.461 Y55.664
G0 X47.411 Y55.614
G1 F1800 X47.177 Y55.662 E353.25873
G1 X46.994 Y55.762 E353.26198
G0 F9000 X47.09 Y55.858
G0 X46.248 Y56.713
G0 X46.132 Y56.597
G1 F1800 X46.068 Y56.817 E353.26524
G1 X46.03 Y57.061 E353.26875
G0 F9000 X46.077 Y57.108
G0 X45.983 Y58.711
G0 X46.07 Y58.798
G1 F1800 X46.102 Y59.113 E353.27457
G0 F9000 X46.221 Y59.232
G0 X45.985 Y82.472
G0 X46.112 Y82.599
G1 F1800 X46.066 Y82.835 E353.27861
G1 X46.027 Y83.08 E353.28277
G0 F9000 X46.072 Y83.124
G0 X45.983 Y84.733
G0 X46.077 Y84.827
G1 F1800 X46.093 Y85.126 E353.28855
G0 F9000 X46.204 Y85.236
G0 X46.948 Y85.98
G0 X47.065 Y86.097
G1 F1800 X47.361 Y86.11 E353.2916
G1 X46.884 Y86.199 E353.29661
G0 F9000 X46.87 Y86.185
G0 X49.081 Y86.134
G0 X49.121 Y86.173
G1 F1800 X49.361 Y86.131 E353.3002
G1 X49.595 Y86.082 E353.30373
G0 F9000 X49.727 Y86.213
G0 X72.876 Y86.17
G0 X72.898 Y86.192
G1 F1800 X73.078 Y86.089 E353.30642
G1 X73.394 Y86.122 E353.31054
G0 F9000 X73.486 Y86.214
G0 X75.098 Y86.129
G0 X75.14 Y86.171
G1 F1800 X75.379 Y86.127 E353.31425
G1 X75.613 Y86.078 E353.3179
G0 F9000 X75.748 Y86.213
G0 X76.496 Y85.264
G0 X76.417 Y85.186
G1 F1800 X76.538 Y85.023 E353.321
G1 X76.577 Y84.779 E353.32478
G0 F9000 X76.52 Y84.722
G0 X76.634 Y83.139
G0 X76.568 Y83.073
G1 F1800 X76.486 Y82.709 E353.32952
G1 X76.595 Y82.534 E353.33214
G0 F9000 X76.634 Y82.573
G0 X76.528 Y59.275
G0 X76.438 Y59.185
G1 F1800 X76.54 Y59.004 E353.33544
G1 X76.579 Y58.76 E353.33937
G0 F9000 X76.525 Y58.706
G0 X76.633 Y57.117
G0 X76.56 Y57.044
G1 F1800 X76.494 Y56.695 E353.3439
G1 X76.603 Y56.521 E353.34652
G0 F9000 X76.633 Y56.551
G0 X75.669 Y55.87
G0 X75.516 Y55.717
G1 F1800 X75.145 Y55.629 E353.35005
G1 X75.685 Y55.604 E353.35506
G0 F9000 X75.725 Y55.643
G0 X73.479 Y55.66
G0 X73.431 Y55.612
G1 F1800 X73.195 Y55.659 E353.35883
G1 X72.994 Y55.74 E353.36222
G0 F9000 X73.096 Y55.829
;MESH:NONMESH
G0 F300 X73.096 Y55.829 Z0.96
G0 F9000 X72.501 Y56.94
G0 X72.326 Y57.402
G0 X72.265 Y57.89
G0 X72.326 Y58.378
G0 X72.501 Y58.84
G0 X72.781 Y59.245
G0 X73.149 Y59.571
G0 X73.396 Y59.699
G0 X74.575 Y60.078
;TIME_ELAPSED:836.172345
;LAYER:7
;TYPE:WALL-INNER
;MESH:HBridgeMount.stl
G1 F1800 X75.09 Y59.951 E353.3728
G1 X75.56 Y59.705 E353.38339
G1 X75.96 Y59.352 E353.39404
G1 X76.261 Y58.915 E353.40463
G1 X76.45 Y58.417 E353.41526
G1 X76.513 Y57.89 E353.42585
G1 X76.45 Y57.363 E353.43644
G1 X76.261 Y56.865 E353.44707
G1 X75.96 Y56.428 E353.45766
G1 X75.56 Y56.075 E353.46831
G1 X75.09 Y55.829 E353.47889
G1 X74.575 Y55.702 E353.48948
G1 X74.043 Y55.702 E353.50009
G1 X73.529 Y55.829 E353.51066
G1 X73.056 Y56.075 E353.5213
G1 X72.659 Y56.428 E353.5319
G1 X72.357 Y56.865 E353.5425
G1 X72.169 Y57.362 E353.55311
G1 X72.104 Y57.89 E353.56372
G1 X72.169 Y58.418 E353.57434
G1 X72.357 Y58.915 E353.58494
G1 X72.659 Y59.352 E353.59554
G1 X73.056 Y59.705 E353.60614
G1 X73.529 Y59.951 E353.61678
G1 X74.043 Y60.078 E353.62735
G1 X74.575 Y60.078 E353.63797
G0 F9000 X74.526 Y59.678
;TYPE:WALL-OUTER
G1 F1800 X74.947 Y59.574 E353.64662
G1 X75.332 Y59.373 E353.65529
G1 X75.658 Y59.085 E353.66397
G1 X75.904 Y58.728 E353.67262
G1 X76.059 Y58.321 E353.68131
G1 X76.11 Y57.89 E353.68997
G1 X76.059 Y57.459 E353.69863
G1 X75.904 Y57.052 E353.70732
G1 X75.658 Y56.695 E353.71598
G1 X75.332 Y56.407 E353.72466
G1 X74.947 Y56.206 E353.73332
G1 X74.526 Y56.102 E353.74198
G1 X74.092 Y56.102 E353.75064
G1 X73.671 Y56.206 E353.75929
G1 X73.285 Y56.407 E353.76798
G1 X72.961 Y56.695 E353.77663
G1 X72.714 Y57.052 E353.78529
G1 X72.56 Y57.459 E353.79398
G1 X72.507 Y57.89 E353.80264
G1 X72.56 Y58.321 E353.81131
G1 X72.714 Y58.728 E353.81999
G1 X72.961 Y59.085 E353.82866
G1 X73.285 Y59.373 E353.83731
G1 X73.671 Y59.574 E353.84599
G1 X74.092 Y59.678 E353.85465
G1 X74.526 Y59.678 E353.86331
G0 F9000 X74.579 Y60.114
G0 X49.09 Y59.951
;TYPE:WALL-INNER
G1 F1800 X49.56 Y59.705 E353.87389
G1 X49.96 Y59.352 E353.88454
G1 X50.261 Y58.915 E353.89513
G1 X50.45 Y58.417 E353.90576
G1 X50.513 Y57.89 E353.91635
G1 X50.45 Y57.363 E353.92694
G1 X50.261 Y56.865 E353.93757
G1 X49.96 Y56.428 E353.94816
G1 X49.56 Y56.075 E353.95881
G1 X49.09 Y55.829 E353.96939
G1 X48.575 Y55.702 E353.97998
G1 X48.043 Y55.702 E353.9906
G1 X47.529 Y55.829 E354.00116
G1 X47.056 Y56.075 E354.0118
G1 X46.659 Y56.428 E354.0224
G1 X46.357 Y56.865 E354.033
G1 X46.169 Y57.362 E354.04361
G1 X46.104 Y57.89 E354.05422
G1 X46.169 Y58.418 E354.06484
G1 X46.357 Y58.915 E354.07544
G1 X46.659 Y59.352 E354.08604
G1 X47.056 Y59.705 E354.09665
G1 X47.529 Y59.951 E354.10729
G1 X48.043 Y60.078 E354.11785
G1 X48.575 Y60.078 E354.12847
G1 X49.09 Y59.951 E354.13905
G0 F9000 X48.947 Y59.574
;TYPE:WALL-OUTER
G1 F1800 X49.332 Y59.373 E354.14772
G1 X49.658 Y59.085 E354.1564
G1 X49.904 Y58.728 E354.16505
G1 X50.059 Y58.321 E354.17374
G1 X50.11 Y57.89 E354.18241
G1 X50.059 Y57.459 E354.19107
G1 X49.904 Y57.052 E354.19976
G1 X49.658 Y56.695 E354.20841
G1 X49.332 Y56.407 E354.21709
G1 X48.947 Y56.206 E354.22576
G1 X48.526 Y56.102 E354.23441
G1 X48.092 Y56.102 E354.24307
G1 X47.671 Y56.206 E354.25173
G1 X47.285 Y56.407 E354.26041
G1 X46.961 Y56.695 E354.26906
G1 X46.714 Y57.052 E354.27773
G1 X46.56 Y57.459 E354.28641
G1 X46.507 Y57.89 E354.29508
G1 X46.56 Y58.321 E354.30374
G1 X46.714 Y58.728 E354.31243
G1 X46.961 Y59.085 E354.32109
G1 X47.285 Y59.373 E354.32974
G1 X47.671 Y59.574 E354.33842
G1 X48.092 Y59.678 E354.34708
G1 X48.526 Y59.678 E354.35574
G1 X48.947 Y59.574 E354.36439
G0 F9000 X49.102 Y59.985
G0 X50.351 Y83.89
G0 X50.293 Y84.378
G0 X50.117 Y84.84
G0 X49.96 Y85.068
G0 X49.09 Y85.951
;TYPE:WALL-INNER
G1 F1800 X49.56 Y85.705 E354.37498
G1 X49.96 Y85.352 E354.38563
G1 X50.261 Y84.915 E354.39622
G1 X50.45 Y84.417 E354.40685
G1 X50.513 Y83.89 E354.41744
G1 X50.45 Y83.363 E354.42803
G1 X50.261 Y82.865 E354.43866
G1 X49.96 Y82.428 E354.44925
G1 X49.56 Y82.075 E354.45989
G1 X49.09 Y81.829 E354.47048
G1 X48.575 Y81.702 E354.48107
G1 X48.043 Y81.702 E354.49168
G1 X47.529 Y81.829 E354.50225
G1 X47.056 Y82.075 E354.51289
G1 X46.659 Y82.428 E354.52349
G1 X46.357 Y82.865 E354.53409
G1 X46.169 Y83.362 E354.54469
G1 X46.104 Y83.89 E354.55531
G1 X46.169 Y84.418 E354.56593
G1 X46.357 Y84.915 E354.57653
G1 X46.659 Y85.352 E354.58713
G1 X47.056 Y85.705 E354.59773
G1 X47.529 Y85.951 E354.60837
G1 X48.043 Y86.078 E354.61894
G1 X48.575 Y86.078 E354.62956
G1 X49.09 Y85.951 E354.64014
G0 F9000 X48.947 Y85.574
;TYPE:WALL-OUTER
G1 F1800 X49.332 Y85.373 E354.64881
G1 X49.658 Y85.085 E354.65749
G1 X49.904 Y84.728 E354.66614
G1 X50.059 Y84.321 E354.67483
G1 X50.11 Y83.89 E354.68349
G1 X50.059 Y83.459 E354.69215
G1 X49.904 Y83.052 E354.70085
G1 X49.658 Y82.695 E354.7095
G1 X49.332 Y82.407 E354.71818
G1 X48.947 Y82.206 E354.72685
G1 X48.526 Y82.102 E354.7355
G1 X48.092 Y82.102 E354.74416
G1 X47.671 Y82.206 E354.75281
G1 X47.285 Y82.407 E354.7615
G1 X46.961 Y82.695 E354.77015
G1 X46.714 Y83.052 E354.77881
G1 X46.56 Y83.459 E354.7875
G1 X46.507 Y83.89 E354.79616
G1 X46.56 Y84.321 E354.80483
G1 X46.714 Y84.728 E354.81351
G1 X46.961 Y85.085 E354.82218
G1 X47.285 Y85.373 E354.83083
G1 X47.671 Y85.574 E354.83951
G1 X48.092 Y85.678 E354.84817
G1 X48.526 Y85.678 E354.85683
G1 X48.947 Y85.574 E354.86548
G0 F9000 X49.102 Y85.985
G0 X74.575 Y86.078
;TYPE:WALL-INNER
G1 F1800 X75.09 Y85.951 E354.87607
G1 X75.56 Y85.705 E354.88665
G1 X75.96 Y85.352 E354.8973
G1 X76.261 Y84.915 E354.90789
G1 X76.45 Y84.417 E354.91852
G1 X76.513 Y83.89 E354.92911
G1 X76.45 Y83.363 E354.9397
G1 X76.261 Y82.865 E354.95033
G1 X75.96 Y82.428 E354.96092
G1 X75.56 Y82.075 E354.97157
G1 X75.09 Y81.829 E354.98215
G1 X74.575 Y81.702 E354.99274
G1 X74.043 Y81.702 E355.00336
G1 X73.529 Y81.829 E355.01392
G1 X73.056 Y82.075 E355.02456
G1 X72.659 Y82.428 E355.03516
G1 X72.357 Y82.865 E355.04576
G1 X72.169 Y83.362 E355.05637
G1 X72.104 Y83.89 E355.06698
G1 X72.169 Y84.418 E355.0776
G1 X72.357 Y84.915 E355.0882
G1 X72.659 Y85.352 E355.0988
G1 X73.056 Y85.705 E355.10941
G1 X73.529 Y85.951 E355.12005
G1 X74.043 Y86.078 E355.13061
G1 X74.575 Y86.078 E355.14123
G0 F9000 X74.526 Y85.678
;TYPE:WALL-OUTER
G1 F1800 X74.947 Y85.574 E355.14988
G1 X75.332 Y85.373 E355.15855
G1 X75.658 Y85.085 E355.16723
G1 X75.904 Y84.728 E355.17588
G1 X76.059 Y84.321 E355.18457
G1 X76.11 Y83.89 E355.19323
G1 X76.059 Y83.459 E355.2019
G1 X75.904 Y83.052 E355.21059
G1 X75.658 Y82.695 E355.21924
G1 X75.332 Y82.407 E355.22792
G1 X74.947 Y82.206 E355.23659
G1 X74.526 Y82.102 E355.24524
G1 X74.092 Y82.102 E355.2539
G1 X73.671 Y82.206 E355.26256
G1 X73.285 Y82.407 E355.27124
G1 X72.961 Y82.695 E355.27989
G1 X72.714 Y83.052 E355.28855
G1 X72.56 Y83.459 E355.29724
G1 X72.507 Y83.89 E355.3059
G1 X72.56 Y84.321 E355.31457
G1 X72.714 Y84.728 E355.32325
G1 X72.961 Y85.085 E355.33192
G1 X73.285 Y85.373 E355.34057
G1 X73.671 Y85.574 E355.34925
G1 X74.092 Y85.678 E355.35791
G1 X74.526 Y85.678 E355.36657
G0 F9000 X74.579 Y86.114
G0 X46.774 Y85.99
;TYPE:WALL-INNER
G1 F1800 X46.209 Y85.99 E355.37784
G1 X46.209 Y85.405 E355.38952
G1 X46.357 Y85.619 E355.39037
G1 X46.774 Y85.99 E355.39591
G0 F9000 X46.326 Y84.378
G0 X46.293 Y84.102
G0 X46.209 Y56.375
G1 F1800 X46.209 Y55.79 E355.40758
G1 X46.774 Y55.79 E355.41886
G1 X46.357 Y56.161 E355.42439
G1 X46.209 Y56.375 E355.42525
G1 F1500 E348.92525
G0 F9000 X48.064 Y55.863
G0 X74.554 Y55.863
G0 X76.409 Y56.374
G1 F1500 E355.42525
G1 F1800 X76.262 Y56.161 E355.43041
G1 X75.841 Y55.79 E355.44161
G1 X76.409 Y55.79 E355.44731
G1 X76.409 Y56.374 E355.45464
G0 F9000 X76.409 Y82.374
G1 F1800 X76.262 Y82.161 E355.4598
G1 X75.788 Y81.743 E355.47241
G1 X75.233 Y81.452 E355.48492
G1 X74.624 Y81.302 E355.49744
G1 X73.994 Y81.302 E355.51001
G1 X73.387 Y81.452 E355.52249
G1 X72.827 Y81.743 E355.53508
G1 X72.357 Y82.161 E355.54763
G1 X72 Y82.678 E355.56017
G1 X71.778 Y83.265 E355.57269
G1 X71.701 Y83.89 E355.58526
G1 X71.778 Y84.515 E355.59783
G1 X72 Y85.102 E355.61035
G1 X72.357 Y85.619 E355.62289
G1 X72.774 Y85.99 E355.63403
G1 X72.357 Y85.99 E355.63748
G1 X50.262 Y85.99 E356.07841
G1 X49.841 Y85.99 E356.08681
G1 X50.262 Y85.619 E356.0931
G1 X50.618 Y85.102 E356.10562
G1 X50.841 Y84.513 E356.11819
G1 X50.916 Y83.89 E356.13071
G1 X50.841 Y83.267 E356.14324
G1 X50.618 Y82.678 E356.15581
G1 X50.262 Y82.161 E356.16833
G1 X49.788 Y81.743 E356.18094
G1 X49.233 Y81.452 E356.19345
G1 X48.624 Y81.302 E356.20597
G1 X47.994 Y81.302 E356.21854
G1 X47.387 Y81.452 E356.23102
G1 X46.827 Y81.743 E356.24361
G1 X46.357 Y82.161 E356.25616
G1 X46.209 Y82.375 E356.26135
G1 X46.209 Y59.405 E356.71975
G1 X46.357 Y59.619 E356.72494
G1 X46.827 Y60.037 E356.73749
G1 X47.387 Y60.328 E356.75008
G1 X47.994 Y60.478 E356.76256
G1 X48.624 Y60.478 E356.77513
G1 X49.233 Y60.328 E356.78765
G1 X49.788 Y60.037 E356.80016
G1 X50.262 Y59.619 E356.81277
G1 X50.618 Y59.102 E356.8253
G1 X50.841 Y58.513 E356.83786
G1 X50.916 Y57.89 E356.85039
G1 X50.841 Y57.267 E356.86291
G1 X50.618 Y56.678 E356.87548
G1 X50.262 Y56.161 E356.888
G1 X49.841 Y55.79 E356.8992
G1 X50.262 Y55.79 E356.90269
G1 X72.357 Y55.79 E357.34362
G1 X72.774 Y55.79 E357.35194
G1 X72.357 Y56.161 E357.35821
G1 X72 Y56.678 E357.37075
G1 X71.778 Y57.265 E357.38327
G1 X71.701 Y57.89 E357.39584
G1 X71.778 Y58.515 E357.40841
G1 X72 Y59.102 E357.42093
G1 X72.357 Y59.619 E357.43347
G1 X72.827 Y60.037 E357.44602
G1 X73.387 Y60.328 E357.45861
G1 X73.994 Y60.478 E357.47109
G1 X74.624 Y60.478 E357.48366
G1 X75.233 Y60.328 E357.49618
G1 X75.788 Y60.037 E357.50869
G1 X76.262 Y59.619 E357.5213
G1 X76.409 Y59.406 E357.52646
G1 X76.409 Y82.374 E357.98481
G0 F9000 X76.409 Y85.99
G1 F1800 X75.841 Y85.99 E357.99615
G1 X76.262 Y85.619 E358.00176
G1 X76.409 Y85.406 E358.00693
G1 X76.409 Y85.99 E358.0143
G0 F9000 X76.809 Y86.39
G1 F1800 X74.575 Y86.39 E358.05888
G1 X74.043 Y86.39 E358.06718
G1 X48.575 Y86.39 E358.57542
G1 X48.043 Y86.39 E358.58372
G1 X45.809 Y86.39 E358.6283
G1 X45.809 Y84.418 E358.66766
G1 X45.809 Y83.89 E358.67631
G1 X45.809 Y83.362 E358.68495
G1 X45.809 Y58.418 E359.18274
G1 X45.809 Y57.89 E359.19138
G1 X45.809 Y57.362 E359.20003
G1 X45.809 Y55.39 E359.23938
G1 X48.043 Y55.39 E359.28397
G1 X48.575 Y55.39 E359.29227
G1 X74.043 Y55.39 E359.80051
G1 X74.575 Y55.39 E359.80881
G1 X76.809 Y55.39 E359.85339
G1 X76.809 Y57.363 E359.89277
G1 X76.809 Y57.89 E359.9014
G1 X76.809 Y58.417 E359.91003
G1 X76.809 Y83.363 E360.40785
G1 X76.809 Y83.89 E360.41648
G1 X76.809 Y84.417 E360.42511
G1 X76.809 Y86.39 E360.46449
G0 F9000 X77.209 Y86.79
;TYPE:WALL-OUTER
G1 F1800 X45.409 Y86.79 E361.09909
G1 X45.409 Y54.99 E361.73369
G1 X77.209 Y54.99 E362.3683
G1 X77.209 Y86.79 E363.0029
G0 F9000 X76.939 Y86.52
G0 X76.293 Y83.402
G0 X76.117 Y82.94
G0 X75.838 Y82.535
G0 X75.468 Y82.209
G0 X75.076 Y82.004
G0 X72.962 Y81.583
;TYPE:FILL
G1 F3600 X50.617 Y59.238 E363.63352
G0 F9000 X50.361 Y59.617
G1 F3600 X64.347 Y55.869 E363.92248
G0 F9000 X64.631 Y55.868
G1 F3600 X56.581 Y85.909 E364.54313
G0 F9000 X56.924 Y85.909
G1 F3600 X46.288 Y75.274 E364.84329
G0 F9000 X46.289 Y75.616
G1 F3600 X76.328 Y67.567 E365.46389
G0 F9000 X76.328 Y67.851
G1 F3600 X72.574 Y81.861 E365.75334
G0 F9000 X71.637 Y83.731
G1 F3600 X63.509 Y85.909 E365.92127
G0 F9000 X63.712 Y85.909
G1 F3600 X46.288 Y68.486 E366.41299
G0 F9000 X46.288 Y68.686
G1 F3600 X48.467 Y60.556 E366.58096
G0 F9000 X47.395 Y60.411
G1 F3600 X46.288 Y60.708 E366.60384
G0 F9000 X46.288 Y61.697
G1 F3600 X70.5 Y85.909 E367.28715
G0 F9000 X71.489 Y85.91
G1 F3600 X71.792 Y84.78 E367.3105
G0 F9000 X66.52 Y85.91
G1 F3600 X73.355 Y60.399 E367.83755
G0 F9000 X71.814 Y58.837
G1 F3600 X46.288 Y65.677 E368.36492
G0 F9000 X46.288 Y70.646
G1 F3600 X76.328 Y62.597 E368.98555
G0 F9000 X76.328 Y64.585
G1 F3600 X67.613 Y55.869 E369.23152
G0 F9000 X69.6 Y55.868
G1 F3600 X61.551 Y85.909 E369.85217
G0 F9000 X51.612 Y85.909
G1 F3600 X59.661 Y55.869 E370.47279
G0 F9000 X60.825 Y55.869
G1 F3600 X76.328 Y71.373 E370.91034
G0 F9000 X76.327 Y72.536
G1 F3600 X46.289 Y80.585 E371.53093
G0 F9000 X47.893 Y81.244
G1 F3600 X54.692 Y55.869 E372.05517
G0 F9000 X54.037 Y55.869
G1 F3600 X76.328 Y78.161 E372.68429
G0 F9000 X76.327 Y77.505
G1 F3600 X50.946 Y84.306 E373.20866
G0 F9000 X50.639 Y85.69
;TYPE:SKIN
G1 F1800 X50.515 Y85.814 E373.21041
G0 F9000 X49.623 Y86.14
G1 F1800 X49.434 Y86.046 E373.21724
G0 F9000 X49.602 Y85.879
G0 X47.413 Y86.088
G0 X47.35 Y86.151
G1 F1800 X47.115 Y86.102 E373.22083
G1 X46.993 Y85.941 E373.22385
G0 F9000 X47.042 Y85.893
G0 X46.217 Y85.021
G0 X46.1 Y85.137
G1 F1800 X46.059 Y84.896 E373.22682
G1 X46.02 Y84.651 E373.22984
G0 F9000 X46.057 Y84.615
G0 X45.983 Y82.992
G0 X46.098 Y82.876
G1 F1800 X46.074 Y82.618 E373.23171
G1 X46.427 Y81.7 E373.23878
G0 F9000 X46.47 Y81.657
G0 X46.496 Y60.135
G0 X46.538 Y60.093
G1 F1800 X46.407 Y59.941 E373.2398
G1 X46.305 Y59.193 E373.24366
G1 X46.095 Y59.121 E373.2448
G1 X46.017 Y58.633 E373.24732
G0 F9000 X46.051 Y58.6
G0 X45.984 Y56.97
G0 X46.123 Y56.831
G1 F1800 X46.066 Y56.604 E373.25357
G0 F9000 X45.984 Y56.687
G0 X46.928 Y55.743
G0 X47.017 Y55.653
G1 F1800 X47.245 Y55.709 E373.26021
G0 F9000 X47.1 Y55.854
G0 X49.04 Y55.611
G1 F1800 X49.087 Y55.564 E373.26087
G0 F9000 X49.3 Y55.633
G1 F1800 X49.534 Y55.682 E373.26254
G1 X49.629 Y55.869 E373.26401
G1 X50.57 Y56.06 E373.27071
G0 F9000 X50.667 Y55.963
G0 X71.999 Y56.128
G1 F1800 X72.162 Y55.965 E373.27301
G0 F9000 X73.03 Y55.662
G1 F1800 X73.278 Y55.697 E373.27951
G0 F9000 X73.411 Y55.565
G0 X75.037 Y55.635
G0 X75.072 Y55.599
G1 F1800 X75.317 Y55.638 E373.28104
G1 X75.642 Y55.878 E373.28353
G1 X76.527 Y56.69 E373.29092
G1 X76.566 Y56.934 E373.29244
G0 F9000 X76.633 Y56.868
G0 X76.595 Y58.602
G0 X76.571 Y58.626
G1 F1800 X76.457 Y59.023 E373.29748
G1 X76.565 Y59.198 E373.29999
G0 F9000 X76.632 Y59.131
G0 X76.044 Y81.576
G0 X75.946 Y81.596
G1 F1800 X76.115 Y81.711 E373.30105
G1 X76.369 Y82.587 E373.30579
G1 X76.569 Y82.952 E373.30795
G0 F9000 X76.506 Y83.016
G0 X76.615 Y84.605
G0 X76.574 Y84.645
G1 F1800 X76.466 Y85.036 E373.31303
G1 X76.574 Y85.21 E373.31559
G0 F9000 X76.634 Y85.151
G0 X75.639 Y85.863
G0 X75.463 Y86.038
G1 F1800 X75.065 Y86.154 E373.31921
G1 X75.637 Y86.147 E373.3242
G0 F9000 X75.704 Y86.081
G0 X73.428 Y86.095
G0 X73.368 Y86.154
G1 F1800 X73.133 Y86.106 E373.32585
G1 X72.994 Y85.963 E373.32722
G1 X72.09 Y85.735 E373.33365
G0 F9000 X71.887 Y86.001
;MESH:NONMESH
G0 F300 X71.887 Y86.001 Z1.08
G0 F9000 X74.575 Y60.078
;TIME_ELAPSED:874.858409
;LAYER:8
;TYPE:WALL-INNER
;MESH:HBridgeMount.stl
G1 F1800 X75.09 Y59.951 E373.34423
G1 X75.56 Y59.705 E373.35482
G1 X75.96 Y59.352 E373.36547
G1 X76.261 Y58.915 E373.37606
G1 X76.45 Y58.417 E373.38669
G1 X76.513 Y57.89 E373.39728
G1 X76.45 Y57.363 E373.40787
G1 X76.261 Y56.865 E373.4185
G1 X75.96 Y56.428 E373.42909
G1 X75.56 Y56.075 E373.43974
G1 X75.09 Y55.829 E373.45032
G1 X74.575 Y55.702 E373.46091
G1 X74.043 Y55.702 E373.47152
G1 X73.529 Y55.829 E373.48209
G1 X73.056 Y56.075 E373.49273
G1 X72.659 Y56.428 E373.50333
G1 X72.357 Y56.865 E373.51393
G1 X72.169 Y57.362 E373.52454
G1 X72.104 Y57.89 E373.53515
G1 X72.169 Y58.418 E373.54577
G1 X72.357 Y58.915 E373.55637
G1 X72.659 Y59.352 E373.56697
G1 X73.056 Y59.705 E373.57757
G1 X73.529 Y59.951 E373.58821
G1 X74.043 Y60.078 E373.59878
G1 X74.575 Y60.078 E373.6094
G0 F9000 X74.526 Y59.678
;TYPE:WALL-OUTER
G1 F1800 X74.947 Y59.574 E373.61805
G1 X75.332 Y59.373 E373.62672
G1 X75.658 Y59.085 E373.6354
G1 X75.904 Y58.728 E373.64405
G1 X76.059 Y58.321 E373.65274
G1 X76.11 Y57.89 E373.6614
G1 X76.059 Y57.459 E373.67006
G1 X75.904 Y57.052 E373.67876
G1 X75.658 Y56.695 E373.68741
G1 X75.332 Y56.407 E373.69609
G1 X74.947 Y56.206 E373.70475
G1 X74.526 Y56.102 E373.71341
G1 X74.092 Y56.102 E373.72207
G1 X73.671 Y56.206 E373.73072
G1 X73.285 Y56.407 E373.73941
G1 X72.961 Y56.695 E373.74806
G1 X72.714 Y57.052 E373.75672
G1 X72.56 Y57.459 E373.76541
G1 X72.507 Y57.89 E373.77407
G1 X72.56 Y58.321 E373.78274
G1 X72.714 Y58.728 E373.79142
G1 X72.961 Y59.085 E373.80009
G1 X73.285 Y59.373 E373.80874
G1 X73.671 Y59.574 E373.81742
G1 X74.092 Y59.678 E373.82608
G1 X74.526 Y59.678 E373.83474
G0 F9000 X74.579 Y60.114
G0 X49.09 Y59.951
;TYPE:WALL-INNER
G1 F1800 X49.56 Y59.705 E373.84532
G1 X49.96 Y59.352 E373.85597
G1 X50.261 Y58.915 E373.86656
G1 X50.45 Y58.417 E373.87719
G1 X50.513 Y57.89 E373.88778
G1 X50.45 Y57.363 E373.89837
G1 X50.261 Y56.865 E373.909
G1 X49.96 Y56.428 E373.91959
G1 X49.56 Y56.075 E373.93024
G1 X49.09 Y55.829 E373.94082
G1 X48.575 Y55.702 E373.95141
G1 X48.043 Y55.702 E373.96203
G1 X47.529 Y55.829 E373.97259
G1 X47.056 Y56.075 E373.98323
G1 X46.659 Y56.428 E373.99383
G1 X46.357 Y56.865 E374.00443
G1 X46.169 Y57.362 E374.01504
G1 X46.104 Y57.89 E374.02565
G1 X46.169 Y58.418 E374.03627
G1 X46.357 Y58.915 E374.04687
G1 X46.659 Y59.352 E374.05748
G1 X47.056 Y59.705 E374.06808
G1 X47.529 Y59.951 E374.07872
G1 X48.043 Y60.078 E374.08928
G1 X48.575 Y60.078 E374.0999
G1 X49.09 Y59.951 E374.11048
G0 F9000 X48.947 Y59.574
;TYPE:WALL-OUTER
G1 F1800 X49.332 Y59.373 E374.11915
G1 X49.658 Y59.085 E374.12783
G1 X49.904 Y58.728 E374.13648
G1 X50.059 Y58.321 E374.14518
G1 X50.11 Y57.89 E374.15384
G1 X50.059 Y57.459 E374.1625
G1 X49.904 Y57.052 E374.17119
G1 X49.658 Y56.695 E374.17984
G1 X49.332 Y56.407 E374.18852
G1 X48.947 Y56.206 E374.19719
G1 X48.526 Y56.102 E374.20584
G1 X48.092 Y56.102 E374.2145
G1 X47.671 Y56.206 E374.22316
G1 X47.285 Y56.407 E374.23184
G1 X46.961 Y56.695 E374.24049
G1 X46.714 Y57.052 E374.24916
G1 X46.56 Y57.459 E374.25784
G1 X46.507 Y57.89 E374.26651
G1 X46.56 Y58.321 E374.27517
G1 X46.714 Y58.728 E374.28386
G1 X46.961 Y59.085 E374.29252
G1 X47.285 Y59.373 E374.30117
G1 X47.671 Y59.574 E374.30986
G1 X48.092 Y59.678 E374.31851
G1 X48.526 Y59.678 E374.32717
G1 X48.947 Y59.574 E374.33582
G0 F9000 X49.102 Y59.985
G0 X50.351 Y83.89
G0 X50.293 Y84.378
G0 X50.117 Y84.84
G0 X49.96 Y85.068
G0 X49.09 Y85.951
;TYPE:WALL-INNER
G1 F1800 X49.56 Y85.705 E374.34641
G1 X49.96 Y85.352 E374.35706
G1 X50.261 Y84.915 E374.36765
G1 X50.45 Y84.417 E374.37828
G1 X50.513 Y83.89 E374.38887
G1 X50.45 Y83.363 E374.39946
G1 X50.261 Y82.865 E374.41009
G1 X49.96 Y82.428 E374.42068
G1 X49.56 Y82.075 E374.43133
G1 X49.09 Y81.829 E374.44191
G1 X48.575 Y81.702 E374.4525
G1 X48.043 Y81.702 E374.46311
G1 X47.529 Y81.829 E374.47368
G1 X47.056 Y82.075 E374.48432
G1 X46.659 Y82.428 E374.49492
G1 X46.357 Y82.865 E374.50552
G1 X46.169 Y83.362 E374.51613
G1 X46.104 Y83.89 E374.52674
G1 X46.169 Y84.418 E374.53736
G1 X46.357 Y84.915 E374.54796
G1 X46.659 Y85.352 E374.55856
G1 X47.056 Y85.705 E374.56916
G1 X47.529 Y85.951 E374.5798
G1 X48.043 Y86.078 E374.59037
G1 X48.575 Y86.078 E374.60099
G1 X49.09 Y85.951 E374.61157
G0 F9000 X48.947 Y85.574
;TYPE:WALL-OUTER
G1 F1800 X49.332 Y85.373 E374.62024
G1 X49.658 Y85.085 E374.62892
G1 X49.904 Y84.728 E374.63757
G1 X50.059 Y84.321 E374.64626
G1 X50.11 Y83.89 E374.65492
G1 X50.059 Y83.459 E374.66358
G1 X49.904 Y83.052 E374.67228
G1 X49.658 Y82.695 E374.68093
G1 X49.332 Y82.407 E374.68961
G1 X48.947 Y82.206 E374.69828
G1 X48.526 Y82.102 E374.70693
G1 X48.092 Y82.102 E374.71559
G1 X47.671 Y82.206 E374.72424
G1 X47.285 Y82.407 E374.73293
G1 X46.961 Y82.695 E374.74158
G1 X46.714 Y83.052 E374.75024
G1 X46.56 Y83.459 E374.75893
G1 X46.507 Y83.89 E374.76759
G1 X46.56 Y84.321 E374.77626
G1 X46.714 Y84.728 E374.78494
G1 X46.961 Y85.085 E374.79361
G1 X47.285 Y85.373 E374.80226
G1 X47.671 Y85.574 E374.81094
G1 X48.092 Y85.678 E374.8196
G1 X48.526 Y85.678 E374.82826
G1 X48.947 Y85.574 E374.83691
G0 F9000 X49.102 Y85.985
G0 X74.575 Y86.078
;TYPE:WALL-INNER
G1 F1800 X75.09 Y85.951 E374.8475
G1 X75.56 Y85.705 E374.85808
G1 X75.96 Y85.352 E374.86873
G1 X76.261 Y84.915 E374.87932
G1 X76.45 Y84.417 E374.88995
G1 X76.513 Y83.89 E374.90054
G1 X76.45 Y83.363 E374.91113
G1 X76.261 Y82.865 E374.92176
G1 X75.96 Y82.428 E374.93235
G1 X75.56 Y82.075 E374.943
G1 X75.09 Y81.829 E374.95358
G1 X74.575 Y81.702 E374.96417
G1 X74.043 Y81.702 E374.97479
G1 X73.529 Y81.829 E374.98535
G1 X73.056 Y82.075 E374.99599
G1 X72.659 Y82.428 E375.00659
G1 X72.357 Y82.865 E375.01719
G1 X72.169 Y83.362 E375.0278
G1 X72.104 Y83.89 E375.03841
G1 X72.169 Y84.418 E375.04903
G1 X72.357 Y84.915 E375.05963
G1 X72.659 Y85.352 E375.07024
G1 X73.056 Y85.705 E375.08084
G1 X73.529 Y85.951 E375.09148
G1 X74.043 Y86.078 E375.10204
G1 X74.575 Y86.078 E375.11266
G0 F9000 X74.526 Y85.678
;TYPE:WALL-OUTER
G1 F1800 X74.947 Y85.574 E375.12131
G1 X75.332 Y85.373 E375.12998
G1 X75.658 Y85.085 E375.13866
G1 X75.904 Y84.728 E375.14731
G1 X76.059 Y84.321 E375.156
G1 X76.11 Y83.89 E375.16466
G1 X76.059 Y83.459 E375.17333
G1 X75.904 Y83.052 E375.18202
G1 X75.658 Y82.695 E375.19067
G1 X75.332 Y82.407 E375.19935
G1 X74.947 Y82.206 E375.20802
G1 X74.526 Y82.102 E375.21667
G1 X74.092 Y82.102 E375.22533
G1 X73.671 Y82.206 E375.23399
G1 X73.285 Y82.407 E375.24267
G1 X72.961 Y82.695 E375.25132
G1 X72.714 Y83.052 E375.25999
G1 X72.56 Y83.459 E375.26867
G1 X72.507 Y83.89 E375.27734
G1 X72.56 Y84.321 E375.286
G1 X72.714 Y84.728 E375.29468
G1 X72.961 Y85.085 E375.30335
G1 X73.285 Y85.373 E375.312
G1 X73.671 Y85.574 E375.32068
G1 X74.092 Y85.678 E375.32934
G1 X74.526 Y85.678 E375.338
G0 F9000 X74.579 Y86.114
G0 X46.774 Y85.99
;TYPE:WALL-INNER
G1 F1800 X46.209 Y85.99 E375.34927
G1 X46.209 Y85.405 E375.36095
G1 X46.357 Y85.619 E375.3618
G1 X46.774 Y85.99 E375.36734
G0 F9000 X46.326 Y84.378
G0 X46.293 Y84.102
G0 X46.209 Y56.375
G1 F1800 X46.209 Y55.79 E375.37901
G1 X46.774 Y55.79 E375.39029
G1 X46.357 Y56.161 E375.39582
G1 X46.209 Y56.375 E375.39668
G1 F1500 E368.89668
G0 F9000 X48.064 Y55.863
G0 X74.554 Y55.863
G0 X76.409 Y56.374
G1 F1500 E375.39668
G1 F1800 X76.262 Y56.161 E375.40184
G1 X75.841 Y55.79 E375.41304
G1 X76.409 Y55.79 E375.41874
G1 X76.409 Y56.374 E375.42607
G0 F9000 X76.409 Y82.374
G1 F1800 X76.262 Y82.161 E375.43123
G1 X75.788 Y81.743 E375.44384
G1 X75.233 Y81.452 E375.45635
G1 X74.624 Y81.302 E375.46887
G1 X73.994 Y81.302 E375.48144
G1 X73.387 Y81.452 E375.49392
G1 X72.827 Y81.743 E375.50651
G1 X72.357 Y82.161 E375.51906
G1 X72 Y82.678 E375.5316
G1 X71.778 Y83.265 E375.54412
G1 X71.701 Y83.89 E375.55669
G1 X71.778 Y84.515 E375.56926
G1 X72 Y85.102 E375.58178
G1 X72.357 Y85.619 E375.59432
G1 X72.774 Y85.99 E375.60546
G1 X72.357 Y85.99 E375.60891
G1 X50.262 Y85.99 E376.04984
G1 X49.841 Y85.99 E376.05824
G1 X50.262 Y85.619 E376.06453
G1 X50.618 Y85.102 E376.07705
G1 X50.841 Y84.513 E376.08962
G1 X50.916 Y83.89 E376.10214
G1 X50.841 Y83.267 E376.11467
G1 X50.618 Y82.678 E376.12724
G1 X50.262 Y82.161 E376.13976
G1 X49.788 Y81.743 E376.15237
G1 X49.233 Y81.452 E376.16488
G1 X48.624 Y81.302 E376.1774
G1 X47.994 Y81.302 E376.18997
G1 X47.387 Y81.452 E376.20245
G1 X46.827 Y81.743 E376.21504
G1 X46.357 Y82.161 E376.22759
G1 X46.209 Y82.375 E376.23279
G1 X46.209 Y59.405 E376.69118
G1 X46.357 Y59.619 E376.69637
G1 X46.827 Y60.037 E376.70892
G1 X47.387 Y60.328 E376.72152
G1 X47.994 Y60.478 E376.73399
G1 X48.624 Y60.478 E376.74657
G1 X49.233 Y60.328 E376.75908
G1 X49.788 Y60.037 E376.77159
G1 X50.262 Y59.619 E376.7842
G1 X50.618 Y59.102 E376.79673
G1 X50.841 Y58.513 E376.80929
G1 X50.916 Y57.89 E376.82182
G1 X50.841 Y57.267 E376.83434
G1 X50.618 Y56.678 E376.84691
G1 X50.262 Y56.161 E376.85943
G1 X49.841 Y55.79 E376.87063
G1 X50.262 Y55.79 E376.87412
G1 X72.357 Y55.79 E377.31505
G1 X72.774 Y55.79 E377.32337
G1 X72.357 Y56.161 E377.32964
G1 X72 Y56.678 E377.34218
G1 X71.778 Y57.265 E377.3547
G1 X71.701 Y57.89 E377.36727
G1 X71.778 Y58.515 E377.37984
G1 X72 Y59.102 E377.39236
G1 X72.357 Y59.619 E377.4049
G1 X72.827 Y60.037 E377.41745
G1 X73.387 Y60.328 E377.43005
G1 X73.994 Y60.478 E377.44252
G1 X74.624 Y60.478 E377.4551
G1 X75.233 Y60.328 E377.46761
G1 X75.788 Y60.037 E377.48012
G1 X76.262 Y59.619 E377.49273
G1 X76.409 Y59.406 E377.49789
G1 X76.409 Y82.374 E377.95625
G0 F9000 X76.409 Y85.99
G1 F1800 X75.841 Y85.99 E377.96758
G1 X76.262 Y85.619 E377.97319
G1 X76.409 Y85.406 E377.97836
G1 X76.409 Y85.99 E377.98573
G0 F9000 X76.809 Y86.39
G1 F1800 X74.575 Y86.39 E378.03031
G1 X74.043 Y86.39 E378.03861
G1 X48.575 Y86.39 E378.54685
G1 X48.043 Y86.39 E378.55515
G1 X45.809 Y86.39 E378.59974
G1 X45.809 Y84.418 E378.63909
G1 X45.809 Y83.89 E378.64774
G1 X45.809 Y83.362 E378.65638
G1 X45.809 Y58.418 E379.15417
G1 X45.809 Y57.89 E379.16281
G1 X45.809 Y57.362 E379.17146
G1 X45.809 Y55.39 E379.21081
G1 X48.043 Y55.39 E379.2554
G1 X48.575 Y55.39 E379.2637
G1 X74.043 Y55.39 E379.77194
G1 X74.575 Y55.39 E379.78024
G1 X76.809 Y55.39 E379.82482
G1 X76.809 Y57.363 E379.8642
G1 X76.809 Y57.89 E379.87283
G1 X76.809 Y58.417 E379.88146
G1 X76.809 Y83.363 E380.37928
G1 X76.809 Y83.89 E380.38791
G1 X76.809 Y84.417 E380.39654
G1 X76.809 Y86.39 E380.43592
G0 F9000 X77.209 Y86.79
;TYPE:WALL-OUTER
G1 F1800 X45.409 Y86.79 E381.07052
G1 X45.409 Y54.99 E381.70512
G1 X77.209 Y54.99 E382.33973
G1 X77.209 Y86.79 E382.97433
G0 F9000 X76.939 Y86.52
G0 X76.293 Y83.402
G0 X76.117 Y82.94
G0 X75.838 Y82.535
G0 X75.468 Y82.209
G0 X75.116 Y82.025
G0 X73.041 Y81.542
;TYPE:FILL
G1 F3600 X50.666 Y59.167 E383.6058
G0 F9000 X50.254 Y59.733
G1 F3600 X64.675 Y55.869 E383.90374
G1 X64.543 Y55.868
G1 X56.493 Y85.909 E384.52439
G0 F9000 X57.044 Y85.909
G1 F3600 X46.288 Y75.154 E384.82793
G0 F9000 X46.288 Y75.704
G1 F3600 X76.328 Y67.655 E385.44856
G1 X76.328 Y67.522
G1 X72.459 Y81.963 E385.74691
G0 F9000 X71.626 Y83.822
G1 F3600 X63.838 Y85.909 E385.90781
G1 X63.832 Y85.909
G1 X46.288 Y68.365 E386.40294
G1 X46.288 Y68.358
G1 X48.379 Y60.556 E386.56413
G0 F9000 X47.566 Y60.453
G1 F3600 X46.288 Y60.796 E386.59054
G0 F9000 X46.288 Y61.577
G1 F3600 X70.62 Y85.909 E387.27724
G0 F9000 X71.401 Y85.91
G1 F3600 X71.74 Y84.645 E387.30338
G0 F9000 X66.432 Y85.91
G1 F3600 X73.278 Y60.359 E387.83126
G0 F9000 X71.845 Y58.917
G1 F3600 X46.288 Y65.765 E388.35927
G0 F9000 X46.288 Y70.734
G1 F3600 X76.328 Y62.685 E388.9799
G0 F9000 X76.328 Y64.464
G1 F3600 X67.733 Y55.869 E389.22247
G0 F9000 X69.512 Y55.868
G1 F3600 X61.463 Y85.91 E389.84313
G0 F9000 X51.524 Y85.909
G1 F3600 X59.574 Y55.868 E390.46378
G0 F9000 X60.945 Y55.869
G1 F3600 X76.328 Y71.253 E390.89794
G0 F9000 X76.327 Y72.624
G1 F3600 X46.289 Y80.673 E391.51853
G0 F9000 X47.799 Y81.267
G1 F3600 X54.604 Y55.869 E392.04325
G0 F9000 X54.157 Y55.869
G1 F3600 X76.328 Y78.041 E392.66898
G0 F9000 X76.327 Y77.593
G1 F3600 X50.936 Y84.397 E393.19356
G0 F9000 X50.502 Y85.575
G0 X50.582 Y85.655
;TYPE:SKIN
G1 F1800 X50.422 Y85.778 E393.19492
G1 X49.361 Y86.131 E393.20246
G1 X49.121 Y86.173 E393.2041
G0 F9000 X49.081 Y86.134
G0 X47.465 Y86.214
G0 X47.361 Y86.11
G1 F1800 X47.065 Y86.097 E393.20844
G1 X46.884 Y86.199 E393.21149
G0 F9000 X46.899 Y86.214
G0 X46.204 Y85.236
G0 X46.093 Y85.126
G1 F1800 X46.077 Y84.827 E393.21726
G0 F9000 X45.983 Y84.733
G0 X46.072 Y83.124
G0 X46.027 Y83.08
G1 F1800 X46.066 Y82.835 E393.21881
G1 X46.112 Y82.599 E393.22031
G1 X46.427 Y81.782 E393.22576
G1 X46.582 Y81.655 E393.22701
G0 F9000 X46.619 Y81.692
G0 X46.571 Y60.206
G0 X46.623 Y60.2
G1 F1800 X46.384 Y59.96 E393.23039
G0 F9000 X46.102 Y59.113
G1 F1800 X46.07 Y58.798 E393.23621
G0 F9000 X45.983 Y58.711
G0 X46.077 Y57.108
G0 X46.03 Y57.061
G1 F1800 X46.068 Y56.817 E393.23985
G1 X46.132 Y56.597 E393.24323
G0 F9000 X46.248 Y56.713
G0 X47.09 Y55.858
G0 X46.994 Y55.762
G1 F1800 X47.177 Y55.662 E393.24647
G1 X47.411 Y55.614 E393.25018
G0 F9000 X47.362 Y55.564
G0 X49.059 Y55.564
G0 X49.11 Y55.615
G1 F1800 X49.5 Y55.723 E393.2527
G1 X49.671 Y55.611 E393.25397
G1 X50.489 Y56.146 E393.26004
G1 X50.627 Y56.001 E393.26128
G0 F9000 X50.59 Y55.964
G0 X72.03 Y56.191
G0 X72.057 Y56.218
G1 F1800 X72.143 Y56.021 E393.26257
G1 X73.431 Y55.612 E393.27068
G0 F9000 X73.479 Y55.66
G0 X75.081 Y55.565
G0 X75.145 Y55.629
G1 F1800 X75.516 Y55.717 E393.27556
G1 X75.685 Y55.604 E393.27817
G0 F9000 X75.646 Y55.565
G0 X76.356 Y56.557
G0 X76.494 Y56.695
G1 F1800 X76.56 Y57.044 E393.28143
G1 X76.603 Y56.521 E393.28626
G0 F9000 X76.573 Y56.491
G0 X76.525 Y58.706
G0 X76.579 Y58.76
G1 F1800 X76.54 Y59.004 E393.28777
G1 X76.438 Y59.185 E393.28905
G1 X76.159 Y60.037 E393.29453
G1 X75.99 Y60.151 E393.29578
G0 F9000 X75.969 Y60.08
G0 X75.85 Y81.552
G0 X75.924 Y81.581
G1 F1800 X76.197 Y81.854 E393.29963
G0 F9000 X76.486 Y82.709
G1 F1800 X76.568 Y83.073 E393.30305
G1 X76.595 Y82.534 E393.308
G0 F9000 X76.556 Y82.496
G0 X76.52 Y84.722
G0 X76.577 Y84.779
G1 F1800 X76.538 Y85.023 E393.31166
G1 X76.417 Y85.186 E393.31466
G0 F9000 X76.339 Y85.108
G0 X75.479 Y85.944
G0 X75.613 Y86.078
G1 F1800 X75.379 Y86.127 E393.31815
G1 X75.14 Y86.171 E393.32169
G0 F9000 X75.098 Y86.129
G0 X73.486 Y86.214
G0 X73.394 Y86.122
G1 F1800 X73.078 Y86.089 E393.32413
G1 X72.898 Y86.192 E393.32572
G1 X72.131 Y85.707 E393.3327
G0 F9000 X72.131 Y85.388
;MESH:NONMESH
G0 F300 X72.131 Y85.388 Z1.2
G0 F9000 X74.575 Y60.078
;TIME_ELAPSED:913.577117
;LAYER:9
;TYPE:WALL-INNER
;MESH:HBridgeMount.stl
G1 F1800 X75.09 Y59.951 E393.34328
G1 X75.56 Y59.705 E393.35387
G1 X75.96 Y59.352 E393.36451
G1 X76.261 Y58.915 E393.3751
G1 X76.45 Y58.417 E393.38573
G1 X76.513 Y57.89 E393.39633
G1 X76.45 Y57.363 E393.40692
G1 X76.261 Y56.865 E393.41755
G1 X75.96 Y56.428 E393.42814
G1 X75.56 Y56.075 E393.43878
G1 X75.09 Y55.829 E393.44937
G1 X74.575 Y55.702 E393.45995
G1 X74.043 Y55.702 E393.47057
G1 X73.529 Y55.829 E393.48114
G1 X73.056 Y56.075 E393.49178
G1 X72.659 Y56.428 E393.50238
G1 X72.357 Y56.865 E393.51298
G1 X72.169 Y57.362 E393.52358
G1 X72.104 Y57.89 E393.5342
G1 X72.169 Y58.418 E393.54482
G1 X72.357 Y58.915 E393.55542
G1 X72.659 Y59.352 E393.56602
G1 X73.056 Y59.705 E393.57662
G1 X73.529 Y59.951 E393.58726
G1 X74.043 Y60.078 E393.59783
G1 X74.575 Y60.078 E393.60844
G0 F9000 X74.526 Y59.678
;TYPE:WALL-OUTER
G1 F1800 X74.947 Y59.574 E393.6171
G1 X75.332 Y59.373 E393.62576
G1 X75.658 Y59.085 E393.63445
G1 X75.904 Y58.728 E393.6431
G1 X76.059 Y58.321 E393.65179
G1 X76.11 Y57.89 E393.66045
G1 X76.059 Y57.459 E393.66911
G1 X75.904 Y57.052 E393.6778
G1 X75.658 Y56.695 E393.68645
G1 X75.332 Y56.407 E393.69513
G1 X74.947 Y56.206 E393.7038
G1 X74.526 Y56.102 E393.71246
G1 X74.092 Y56.102 E393.72112
G1 X73.671 Y56.206 E393.72977
G1 X73.285 Y56.407 E393.73846
G1 X72.961 Y56.695 E393.74711
G1 X72.714 Y57.052 E393.75577
G1 X72.56 Y57.459 E393.76445
G1 X72.507 Y57.89 E393.77312
G1 X72.56 Y58.321 E393.78179
G1 X72.714 Y58.728 E393.79047
G1 X72.961 Y59.085 E393.79913
G1 X73.285 Y59.373 E393.80778
G1 X73.671 Y59.574 E393.81647
G1 X74.092 Y59.678 E393.82512
G1 X74.526 Y59.678 E393.83378
G0 F9000 X74.579 Y60.114
G0 X49.09 Y59.951
;TYPE:WALL-INNER
G1 F1800 X49.56 Y59.705 E393.84437
G1 X49.96 Y59.352 E393.85502
G1 X50.261 Y58.915 E393.86561
G1 X50.45 Y58.417 E393.87624
G1 X50.513 Y57.89 E393.88683
G1 X50.45 Y57.363 E393.89742
G1 X50.261 Y56.865 E393.90805
G1 X49.96 Y56.428 E393.91864
G1 X49.56 Y56.075 E393.92928
G1 X49.09 Y55.829 E393.93987
G1 X48.575 Y55.702 E393.95046
G1 X48.043 Y55.702 E393.96107
G1 X47.529 Y55.829 E393.97164
G1 X47.056 Y56.075 E393.98228
G1 X46.659 Y56.428 E393.99288
G1 X46.357 Y56.865 E394.00348
G1 X46.169 Y57.362 E394.01408
G1 X46.104 Y57.89 E394.0247
G1 X46.169 Y58.418 E394.03532
G1 X46.357 Y58.915 E394.04592
G1 X46.659 Y59.352 E394.05652
G1 X47.056 Y59.705 E394.06712
G1 X47.529 Y59.951 E394.07776
G1 X48.043 Y60.078 E394.08833
G1 X48.575 Y60.078 E394.09895
G1 X49.09 Y59.951 E394.10953
G0 F9000 X48.947 Y59.574
;TYPE:WALL-OUTER
G1 F1800 X49.332 Y59.373 E394.1182
G1 X49.658 Y59.085 E394.12688
G1 X49.904 Y58.728 E394.13553
G1 X50.059 Y58.321 E394.14422
G1 X50.11 Y57.89 E394.15288
G1 X50.059 Y57.459 E394.16154
G1 X49.904 Y57.052 E394.17024
G1 X49.658 Y56.695 E394.17889
G1 X49.332 Y56.407 E394.18757
G1 X48.947 Y56.206 E394.19624
G1 X48.526 Y56.102 E394.20489
G1 X48.092 Y56.102 E394.21355
G1 X47.671 Y56.206 E394.2222
G1 X47.285 Y56.407 E394.23089
G1 X46.961 Y56.695 E394.23954
G1 X46.714 Y57.052 E394.2482
G1 X46.56 Y57.459 E394.25689
G1 X46.507 Y57.89 E394.26555
G1 X46.56 Y58.321 E394.27422
G1 X46.714 Y58.728 E394.2829
G1 X46.961 Y59.085 E394.29157
G1 X47.285 Y59.373 E394.30022
G1 X47.671 Y59.574 E394.3089
G1 X48.092 Y59.678 E394.31756
G1 X48.526 Y59.678 E394.32622
G1 X48.947 Y59.574 E394.33487
G0 F9000 X49.102 Y59.985
G0 X50.351 Y83.89
G0 X50.293 Y84.378
G0 X50.117 Y84.84
G0 X49.96 Y85.068
G0 X49.09 Y85.951
;TYPE:WALL-INNER
G1 F1800 X49.56 Y85.705 E394.34546
G1 X49.96 Y85.352 E394.3561
G1 X50.261 Y84.915 E394.36669
G1 X50.45 Y84.417 E394.37732
G1 X50.513 Y83.89 E394.38791
G1 X50.45 Y83.363 E394.39851
G1 X50.261 Y82.865 E394.40914
G1 X49.96 Y82.428 E394.41973
G1 X49.56 Y82.075 E394.43037
G1 X49.09 Y81.829 E394.44096
G1 X48.575 Y81.702 E394.45154
G1 X48.043 Y81.702 E394.46216
G1 X47.529 Y81.829 E394.47273
G1 X47.056 Y82.075 E394.48337
G1 X46.659 Y82.428 E394.49397
G1 X46.357 Y82.865 E394.50457
G1 X46.169 Y83.362 E394.51517
G1 X46.104 Y83.89 E394.52579
G1 X46.169 Y84.418 E394.5364
G1 X46.357 Y84.915 E394.54701
G1 X46.659 Y85.352 E394.55761
G1 X47.056 Y85.705 E394.56821
G1 X47.529 Y85.951 E394.57885
G1 X48.043 Y86.078 E394.58942
G1 X48.575 Y86.078 E394.60003
G1 X49.09 Y85.951 E394.61062
G0 F9000 X48.947 Y85.574
;TYPE:WALL-OUTER
G1 F1800 X49.332 Y85.373 E394.61929
G1 X49.658 Y85.085 E394.62797
G1 X49.904 Y84.728 E394.63662
G1 X50.059 Y84.321 E394.64531
G1 X50.11 Y83.89 E394.65397
G1 X50.059 Y83.459 E394.66263
G1 X49.904 Y83.052 E394.67132
G1 X49.658 Y82.695 E394.67997
G1 X49.332 Y82.407 E394.68866
G1 X48.947 Y82.206 E394.69732
G1 X48.526 Y82.102 E394.70598
G1 X48.092 Y82.102 E394.71464
G1 X47.671 Y82.206 E394.72329
G1 X47.285 Y82.407 E394.73198
G1 X46.961 Y82.695 E394.74063
G1 X46.714 Y83.052 E394.74929
G1 X46.56 Y83.459 E394.75797
G1 X46.507 Y83.89 E394.76664
G1 X46.56 Y84.321 E394.77531
G1 X46.714 Y84.728 E394.78399
G1 X46.961 Y85.085 E394.79265
G1 X47.285 Y85.373 E394.8013
G1 X47.671 Y85.574 E394.80999
G1 X48.092 Y85.678 E394.81864
G1 X48.526 Y85.678 E394.8273
G1 X48.947 Y85.574 E394.83596
G0 F9000 X49.102 Y85.985
G0 X74.575 Y86.078
;TYPE:WALL-INNER
G1 F1800 X75.09 Y85.951 E394.84654
G1 X75.56 Y85.705 E394.85713
G1 X75.96 Y85.352 E394.86778
G1 X76.261 Y84.915 E394.87837
G1 X76.45 Y84.417 E394.889
G1 X76.513 Y83.89 E394.89959
G1 X76.45 Y83.363 E394.91018
G1 X76.261 Y82.865 E394.92081
G1 X75.96 Y82.428 E394.9314
G1 X75.56 Y82.075 E394.94204
G1 X75.09 Y81.829 E394.95263
G1 X74.575 Y81.702 E394.96322
G1 X74.043 Y81.702 E394.97383
G1 X73.529 Y81.829 E394.9844
G1 X73.056 Y82.075 E394.99504
G1 X72.659 Y82.428 E395.00564
G1 X72.357 Y82.865 E395.01624
G1 X72.169 Y83.362 E395.02684
G1 X72.104 Y83.89 E395.03746
G1 X72.169 Y84.418 E395.04808
G1 X72.357 Y84.915 E395.05868
G1 X72.659 Y85.352 E395.06928
G1 X73.056 Y85.705 E395.07988
G1 X73.529 Y85.951 E395.09052
G1 X74.043 Y86.078 E395.10109
G1 X74.575 Y86.078 E395.11171
G0 F9000 X74.526 Y85.678
;TYPE:WALL-OUTER
G1 F1800 X74.947 Y85.574 E395.12036
G1 X75.332 Y85.373 E395.12903
G1 X75.658 Y85.085 E395.13771
G1 X75.904 Y84.728 E395.14636
G1 X76.059 Y84.321 E395.15505
G1 X76.11 Y83.89 E395.16371
G1 X76.059 Y83.459 E395.17237
G1 X75.904 Y83.052 E395.18106
G1 X75.658 Y82.695 E395.18972
G1 X75.332 Y82.407 E395.1984
G1 X74.947 Y82.206 E395.20706
G1 X74.526 Y82.102 E395.21572
G1 X74.092 Y82.102 E395.22438
G1 X73.671 Y82.206 E395.23303
G1 X73.285 Y82.407 E395.24172
G1 X72.961 Y82.695 E395.25037
G1 X72.714 Y83.052 E395.25903
G1 X72.56 Y83.459 E395.26772
G1 X72.507 Y83.89 E395.27638
G1 X72.56 Y84.321 E395.28505
G1 X72.714 Y84.728 E395.29373
G1 X72.961 Y85.085 E395.3024
G1 X73.285 Y85.373 E395.31105
G1 X73.671 Y85.574 E395.31973
G1 X74.092 Y85.678 E395.32839
G1 X74.526 Y85.678 E395.33705
G0 F9000 X74.579 Y86.114
G0 X46.774 Y85.99
;TYPE:WALL-INNER
G1 F1800 X46.209 Y85.99 E395.34832
G1 X46.209 Y85.405 E395.36
G1 X46.357 Y85.619 E395.36085
G1 X46.774 Y85.99 E395.36639
G0 F9000 X46.326 Y84.378
G0 X46.293 Y84.102
G0 X46.209 Y56.375
G1 F1800 X46.209 Y55.79 E395.37806
G1 X46.774 Y55.79 E395.38934
G1 X46.357 Y56.161 E395.39487
G1 X46.209 Y56.375 E395.39573
G1 F1500 E388.89573
G0 F9000 X48.064 Y55.863
G0 X74.554 Y55.863
G0 X76.409 Y56.374
G1 F1500 E395.39573
G1 F1800 X76.262 Y56.161 E395.40089
G1 X75.841 Y55.79 E395.41209
G1 X76.409 Y55.79 E395.41779
G1 X76.409 Y56.374 E395.42511
G0 F9000 X76.409 Y82.374
G1 F1800 X76.262 Y82.161 E395.43028
G1 X75.788 Y81.743 E395.44289
G1 X75.233 Y81.452 E395.4554
G1 X74.624 Y81.302 E395.46791
G1 X73.994 Y81.302 E395.48049
G1 X73.387 Y81.452 E395.49296
G1 X72.827 Y81.743 E395.50556
G1 X72.357 Y82.161 E395.51811
G1 X72 Y82.678 E395.53065
G1 X71.778 Y83.265 E395.54317
G1 X71.701 Y83.89 E395.55574
G1 X71.778 Y84.515 E395.56831
G1 X72 Y85.102 E395.58083
G1 X72.357 Y85.619 E395.59337
G1 X72.774 Y85.99 E395.60451
G1 X72.357 Y85.99 E395.60796
G1 X50.262 Y85.99 E396.04889
G1 X49.841 Y85.99 E396.05729
G1 X50.262 Y85.619 E396.06357
G1 X50.618 Y85.102 E396.0761
G1 X50.841 Y84.513 E396.08867
G1 X50.916 Y83.89 E396.10119
G1 X50.841 Y83.267 E396.11371
G1 X50.618 Y82.678 E396.12628
G1 X50.262 Y82.161 E396.13881
G1 X49.788 Y81.743 E396.15142
G1 X49.233 Y81.452 E396.16393
G1 X48.624 Y81.302 E396.17644
G1 X47.994 Y81.302 E396.18902
G1 X47.387 Y81.452 E396.20149
G1 X46.827 Y81.743 E396.21409
G1 X46.357 Y82.161 E396.22664
G1 X46.209 Y82.375 E396.23183
G1 X46.209 Y59.405 E396.69022
G1 X46.357 Y59.619 E396.69542
G1 X46.827 Y60.037 E396.70797
G1 X47.387 Y60.328 E396.72056
G1 X47.994 Y60.478 E396.73304
G1 X48.624 Y60.478 E396.74561
G1 X49.233 Y60.328 E396.75813
G1 X49.788 Y60.037 E396.77063
G1 X50.262 Y59.619 E396.78325
G1 X50.618 Y59.102 E396.79577
G1 X50.841 Y58.513 E396.80834
G1 X50.916 Y57.89 E396.82086
G1 X50.841 Y57.267 E396.83339
G1 X50.618 Y56.678 E396.84595
G1 X50.262 Y56.161 E396.85848
G1 X49.841 Y55.79 E396.86968
G1 X50.262 Y55.79 E396.87317
G1 X72.357 Y55.79 E397.3141
G1 X72.774 Y55.79 E397.32242
G1 X72.357 Y56.161 E397.32869
G1 X72 Y56.678 E397.34123
G1 X71.778 Y57.265 E397.35375
G1 X71.701 Y57.89 E397.36632
G1 X71.778 Y58.515 E397.37888
G1 X72 Y59.102 E397.39141
G1 X72.357 Y59.619 E397.40395
G1 X72.827 Y60.037 E397.4165
G1 X73.387 Y60.328 E397.42909
G1 X73.994 Y60.478 E397.44157
G1 X74.624 Y60.478 E397.45414
G1 X75.233 Y60.328 E397.46666
G1 X75.788 Y60.037 E397.47916
G1 X76.262 Y59.619 E397.49178
G1 X76.409 Y59.406 E397.49694
G1 X76.409 Y82.374 E397.95529
G0 F9000 X76.409 Y85.99
G1 F1800 X75.841 Y85.99 E397.96663
G1 X76.262 Y85.619 E397.97224
G1 X76.409 Y85.406 E397.9774
G1 X76.409 Y85.99 E397.98477
G0 F9000 X76.809 Y86.39
G1 F1800 X74.575 Y86.39 E398.02936
G1 X74.043 Y86.39 E398.03766
G1 X48.575 Y86.39 E398.5459
G1 X48.043 Y86.39 E398.5542
G1 X45.809 Y86.39 E398.59878
G1 X45.809 Y84.418 E398.63814
G1 X45.809 Y83.89 E398.64678
G1 X45.809 Y83.362 E398.65543
G1 X45.809 Y58.418 E399.15321
G1 X45.809 Y57.89 E399.16186
G1 X45.809 Y57.362 E399.17051
G1 X45.809 Y55.39 E399.20986
G1 X48.043 Y55.39 E399.25444
G1 X48.575 Y55.39 E399.26274
G1 X74.043 Y55.39 E399.77099
G1 X74.575 Y55.39 E399.77929
G1 X76.809 Y55.39 E399.82387
G1 X76.809 Y57.363 E399.86324
G1 X76.809 Y57.89 E399.87187
G1 X76.809 Y58.417 E399.8805
G1 X76.809 Y83.363 E400.37833
G1 X76.809 Y83.89 E400.38696
G1 X76.809 Y84.417 E400.39559
G1 X76.809 Y86.39 E400.43496
G0 F9000 X77.209 Y86.79
;TYPE:WALL-OUTER
G1 F1800 X45.409 Y86.79 E401.06957
G1 X45.409 Y54.99 E401.70417
G1 X77.209 Y54.99 E402.33877
G1 X77.209 Y86.79 E402.97338
G0 F9000 X76.939 Y86.52
G0 X76.293 Y83.402
G0 X76.117 Y82.94
G0 X75.838 Y82.535
G0 X75.468 Y82.209
G0 X75.116 Y82.025
G0 X73.12 Y81.501
;TYPE:FILL
G1 F3600 X50.706 Y59.087 E403.60595
G0 F9000 X50.11 Y59.86
G1 F3600 X65.004 Y55.869 E403.91366
G0 F9000 X64.455 Y55.868
G1 F3600 X56.405 Y85.91 E404.53433
G0 F9000 X57.164 Y85.909
G1 F3600 X46.288 Y75.033 E404.84127
G0 F9000 X46.288 Y75.792
G1 F3600 X76.328 Y67.743 E405.4619
G0 F9000 X76.328 Y67.193
G1 F3600 X72.343 Y82.066 E405.76918
G0 F9000 X71.62 Y83.912
G1 F3600 X64.166 Y85.909 E405.92318
G0 F9000 X63.952 Y85.909
G1 F3600 X46.288 Y68.245 E406.42169
G0 F9000 X46.288 Y68.029
G1 F3600 X48.291 Y60.557 E406.57607
G0 F9000 X47.736 Y60.496
G1 F3600 X46.288 Y60.884 E406.60598
G0 F9000 X46.288 Y61.457
G1 F3600 X70.741 Y85.909 E407.29609
G0 F9000 X71.313 Y85.91
G1 F3600 X71.693 Y84.494 E407.32534
G0 F9000 X66.344 Y85.91
G1 F3600 X73.201 Y60.319 E407.85406
G0 F9000 X71.875 Y58.997
G1 F3600 X46.288 Y65.853 E408.38268
G0 F9000 X46.288 Y70.822
G1 F3600 X76.327 Y62.773 E409.00329
G0 F9000 X76.328 Y64.344
G1 F3600 X67.853 Y55.869 E409.24248
G0 F9000 X69.424 Y55.869
G1 F3600 X61.375 Y85.91 E409.86312
G0 F9000 X51.436 Y85.91
G1 F3600 X59.486 Y55.868 E410.48379
G0 F9000 X61.065 Y55.869
G1 F3600 X76.328 Y71.132 E410.91455
G0 F9000 X76.328 Y72.712
G1 F3600 X46.288 Y80.761 E411.53517
G0 F9000 X46.288 Y81.822
G1 F3600 X46.36 Y81.893 E411.53719
G0 F9000 X46.419 Y81.925
G0 X47.704 Y81.29
G1 F3600 X54.516 Y55.869 E412.06239
G0 F9000 X54.277 Y55.869
G1 F3600 X76.328 Y77.921 E412.68473
G0 F9000 X76.327 Y77.681
G1 F3600 X50.925 Y84.488 E413.20954
G0 F9000 X50.639 Y85.69
;TYPE:SKIN
G1 F1800 X50.515 Y85.814 E413.21129
G0 F9000 X49.623 Y86.14
G1 F1800 X49.434 Y86.046 E413.21812
G0 F9000 X49.602 Y85.879
G0 X47.413 Y86.088
G0 X47.35 Y86.151
G1 F1800 X47.115 Y86.102 E413.22171
G1 X46.993 Y85.941 E413.22473
G0 F9000 X47.042 Y85.893
G0 X46.217 Y85.021
G0 X46.1 Y85.137
G1 F1800 X46.059 Y84.896 E413.22771
G1 X46.02 Y84.651 E413.23073
G0 F9000 X46.057 Y84.615
G0 X45.983 Y82.992
G0 X46.098 Y82.876
G1 F1800 X46.074 Y82.618 E413.23259
G1 X46.427 Y81.7 E413.23966
G0 F9000 X46.47 Y81.657
G0 X46.496 Y60.135
G0 X46.538 Y60.093
G1 F1800 X46.407 Y59.941 E413.24069
G1 X46.305 Y59.193 E413.24455
G1 X46.095 Y59.121 E413.24568
G1 X46.017 Y58.633 E413.24821
G0 F9000 X46.051 Y58.6
G0 X45.984 Y56.97
G0 X46.123 Y56.831
G1 F1800 X46.066 Y56.604 E413.25445
G0 F9000 X45.984 Y56.687
G0 X46.928 Y55.743
G0 X47.017 Y55.653
G1 F1800 X47.245 Y55.709 E413.26109
G0 F9000 X47.1 Y55.854
G0 X49.04 Y55.611
G1 F1800 X49.087 Y55.564 E413.26175
G0 F9000 X49.3 Y55.633
G1 F1800 X49.534 Y55.682 E413.26342
G1 X49.629 Y55.869 E413.26489
G1 X50.57 Y56.06 E413.27159
G0 F9000 X50.667 Y55.963
G0 X71.999 Y56.128
G1 F1800 X72.162 Y55.965 E413.27389
G0 F9000 X73.03 Y55.662
G1 F1800 X73.278 Y55.697 E413.28039
G0 F9000 X73.411 Y55.565
G0 X75.037 Y55.635
G0 X75.072 Y55.599
G1 F1800 X75.317 Y55.638 E413.28192
G1 X75.642 Y55.878 E413.28441
G1 X76.527 Y56.69 E413.29181
G1 X76.566 Y56.934 E413.29333
G0 F9000 X76.633 Y56.868
G0 X76.595 Y58.602
G0 X76.571 Y58.626
G1 F1800 X76.457 Y59.023 E413.29836
G1 X76.565 Y59.198 E413.30087
G0 F9000 X76.632 Y59.131
G0 X76.044 Y81.576
G0 X75.946 Y81.596
G1 F1800 X76.115 Y81.711 E413.30193
G1 X76.369 Y82.587 E413.30667
G1 X76.569 Y82.952 E413.30883
G0 F9000 X76.506 Y83.016
G0 X76.615 Y84.605
G0 X76.574 Y84.645
G1 F1800 X76.466 Y85.036 E413.31391
G1 X76.574 Y85.21 E413.31647
G0 F9000 X76.634 Y85.151
G0 X75.639 Y85.863
G0 X75.463 Y86.038
G1 F1800 X75.065 Y86.154 E413.32009
G1 X75.637 Y86.147 E413.32508
G0 F9000 X75.704 Y86.081
G0 X73.428 Y86.095
G0 X73.368 Y86.154
G1 F1800 X73.133 Y86.106 E413.32673
G1 X72.994 Y85.963 E413.32811
G1 X72.09 Y85.735 E413.33453
G0 F9000 X71.887 Y86.001
;MESH:NONMESH
G0 F300 X71.887 Y86.001 Z1.32
G0 F9000 X74.575 Y60.078
;TIME_ELAPSED:952.311118
;LAYER:10
;TYPE:WALL-INNER
;MESH:HBridgeMount.stl
G1 F1800 X75.09 Y59.951 E413.34512
G1 X75.56 Y59.705 E413.3557
G1 X75.96 Y59.352 E413.36635
G1 X76.261 Y58.915 E413.37694
G1 X76.45 Y58.417 E413.38757
G1 X76.513 Y57.89 E413.39816
G1 X76.45 Y57.363 E413.40875
G1 X76.261 Y56.865 E413.41938
G1 X75.96 Y56.428 E413.42997
G1 X75.56 Y56.075 E413.44062
G1 X75.09 Y55.829 E413.4512
G1 X74.575 Y55.702 E413.46179
G1 X74.043 Y55.702 E413.47241
G1 X73.529 Y55.829 E413.48297
G1 X73.056 Y56.075 E413.49361
G1 X72.659 Y56.428 E413.50421
G1 X72.357 Y56.865 E413.51481
G1 X72.169 Y57.362 E413.52542
G1 X72.104 Y57.89 E413.53603
G1 X72.169 Y58.418 E413.54665
G1 X72.357 Y58.915 E413.55726
G1 X72.659 Y59.352 E413.56786
G1 X73.056 Y59.705 E413.57846
G1 X73.529 Y59.951 E413.5891
G1 X74.043 Y60.078 E413.59966
G1 X74.575 Y60.078 E413.61028
G0 F9000 X74.526 Y59.678
;TYPE:WALL-OUTER
G1 F1800 X74.947 Y59.574 E413.61893
G1 X75.332 Y59.373 E413.6276
G1 X75.658 Y59.085 E413.63628
G1 X75.904 Y58.728 E413.64493
G1 X76.059 Y58.321 E413.65362
G1 X76.11 Y57.89 E413.66229
G1 X76.059 Y57.459 E413.67095
G1 X75.904 Y57.052 E413.67964
G1 X75.658 Y56.695 E413.68829
G1 X75.332 Y56.407 E413.69697
G1 X74.947 Y56.206 E413.70564
G1 X74.526 Y56.102 E413.71429
G1 X74.092 Y56.102 E413.72295
G1 X73.671 Y56.206 E413.73161
G1 X73.285 Y56.407 E413.74029
G1 X72.961 Y56.695 E413.74894
G1 X72.714 Y57.052 E413.75761
G1 X72.56 Y57.459 E413.76629
G1 X72.507 Y57.89 E413.77496
G1 X72.56 Y58.321 E413.78362
G1 X72.714 Y58.728 E413.79231
G1 X72.961 Y59.085 E413.80097
G1 X73.285 Y59.373 E413.80962
G1 X73.671 Y59.574 E413.8183
G1 X74.092 Y59.678 E413.82696
G1 X74.526 Y59.678 E413.83562
G0 F9000 X74.579 Y60.114
G1 F1500 E407.33562
G0 F9000 X71.848 Y59.182
G0 X72.26 Y55.988
G0 X50.359 Y55.988
G0 X50.384 Y59.021
G0 X49.09 Y59.951
;TYPE:WALL-INNER
G1 F1500 E413.83562
G1 F1800 X49.56 Y59.705 E413.84621
G1 X49.96 Y59.352 E413.85685
G1 X50.261 Y58.915 E413.86744
G1 X50.45 Y58.417 E413.87807
G1 X50.513 Y57.89 E413.88866
G1 X50.45 Y57.363 E413.89926
G1 X50.261 Y56.865 E413.90988
G1 X49.96 Y56.428 E413.92047
G1 X49.56 Y56.075 E413.93112
G1 X49.09 Y55.829 E413.94171
G1 X48.575 Y55.702 E413.95229
G1 X48.043 Y55.702 E413.96291
G1 X47.529 Y55.829 E413.97347
G1 X47.056 Y56.075 E413.98411
G1 X46.659 Y56.428 E413.99472
G1 X46.357 Y56.865 E414.00532
G1 X46.169 Y57.362 E414.01592
G1 X46.104 Y57.89 E414.02654
G1 X46.169 Y58.418 E414.03715
G1 X46.357 Y58.915 E414.04776
G1 X46.659 Y59.352 E414.05836
G1 X47.056 Y59.705 E414.06896
G1 X47.529 Y59.951 E414.0796
G1 X48.043 Y60.078 E414.09016
G1 X48.575 Y60.078 E414.10078
G1 X49.09 Y59.951 E414.11137
G0 F9000 X48.947 Y59.574
;TYPE:WALL-OUTER
G1 F1800 X49.332 Y59.373 E414.12003
G1 X49.658 Y59.085 E414.12871
G1 X49.904 Y58.728 E414.13737
G1 X50.059 Y58.321 E414.14606
G1 X50.11 Y57.89 E414.15472
G1 X50.059 Y57.459 E414.16338
G1 X49.904 Y57.052 E414.17207
G1 X49.658 Y56.695 E414.18072
G1 X49.332 Y56.407 E414.1894
G1 X48.947 Y56.206 E414.19807
G1 X48.526 Y56.102 E414.20672
G1 X48.092 Y56.102 E414.21539
G1 X47.671 Y56.206 E414.22404
G1 X47.285 Y56.407 E414.23272
G1 X46.961 Y56.695 E414.24138
G1 X46.714 Y57.052 E414.25004
G1 X46.56 Y57.459 E414.25872
G1 X46.507 Y57.89 E414.26739
G1 X46.56 Y58.321 E414.27605
G1 X46.714 Y58.728 E414.28474
G1 X46.961 Y59.085 E414.2934
G1 X47.285 Y59.373 E414.30205
G1 X47.671 Y59.574 E414.31074
G1 X48.092 Y59.678 E414.31939
G1 X48.526 Y59.678 E414.32805
G1 X48.947 Y59.574 E414.33671
G0 F9000 X49.102 Y59.985
G1 F1500 E407.83671
G0 F9000 X46.403 Y59.919
G0 X46.403 Y81.861
G0 X49.091 Y81.239
G0 X50.117 Y82.94
G0 X50.293 Y83.402
G0 X50.351 Y83.89
G0 X50.293 Y84.378
G0 X50.117 Y84.84
G0 X49.96 Y85.068
G0 X49.09 Y85.951
;TYPE:WALL-INNER
G1 F1500 E414.33671
G1 F1800 X49.56 Y85.705 E414.34729
G1 X49.96 Y85.352 E414.35794
G1 X50.261 Y84.915 E414.36853
G1 X50.45 Y84.417 E414.37916
G1 X50.513 Y83.89 E414.38975
G1 X50.45 Y83.363 E414.40034
G1 X50.261 Y82.865 E414.41097
G1 X49.96 Y82.428 E414.42156
G1 X49.56 Y82.075 E414.43221
G1 X49.09 Y81.829 E414.44279
G1 X48.575 Y81.702 E414.45338
G1 X48.043 Y81.702 E414.464
G1 X47.529 Y81.829 E414.47456
G1 X47.056 Y82.075 E414.4852
G1 X46.659 Y82.428 E414.4958
G1 X46.357 Y82.865 E414.5064
G1 X46.169 Y83.362 E414.51701
G1 X46.104 Y83.89 E414.52762
G1 X46.169 Y84.418 E414.53824
G1 X46.357 Y84.915 E414.54884
G1 X46.659 Y85.352 E414.55945
G1 X47.056 Y85.705 E414.57005
G1 X47.529 Y85.951 E414.58069
G1 X48.043 Y86.078 E414.59125
G1 X48.575 Y86.078 E414.60187
G1 X49.09 Y85.951 E414.61245
G0 F9000 X48.947 Y85.574
;TYPE:WALL-OUTER
G1 F1800 X49.332 Y85.373 E414.62112
G1 X49.658 Y85.085 E414.6298
G1 X49.904 Y84.728 E414.63845
G1 X50.059 Y84.321 E414.64714
G1 X50.11 Y83.89 E414.65581
G1 X50.059 Y83.459 E414.66447
G1 X49.904 Y83.052 E414.67316
G1 X49.658 Y82.695 E414.68181
G1 X49.332 Y82.407 E414.69049
G1 X48.947 Y82.206 E414.69916
G1 X48.526 Y82.102 E414.70781
G1 X48.092 Y82.102 E414.71647
G1 X47.671 Y82.206 E414.72513
G1 X47.285 Y82.407 E414.73381
G1 X46.961 Y82.695 E414.74246
G1 X46.714 Y83.052 E414.75113
G1 X46.56 Y83.459 E414.75981
G1 X46.507 Y83.89 E414.76848
G1 X46.56 Y84.321 E414.77714
G1 X46.714 Y84.728 E414.78583
G1 X46.961 Y85.085 E414.79449
G1 X47.285 Y85.373 E414.80314
G1 X47.671 Y85.574 E414.81183
G1 X48.092 Y85.678 E414.82048
G1 X48.526 Y85.678 E414.82914
G1 X48.947 Y85.574 E414.83779
G0 F9000 X49.102 Y85.985
G0 X74.575 Y86.078
;TYPE:WALL-INNER
G1 F1800 X75.09 Y85.951 E414.84838
G1 X75.56 Y85.705 E414.85897
G1 X75.96 Y85.352 E414.86961
G1 X76.261 Y84.915 E414.8802
G1 X76.45 Y84.417 E414.89083
G1 X76.513 Y83.89 E414.90142
G1 X76.45 Y83.363 E414.91201
G1 X76.261 Y82.865 E414.92264
G1 X75.96 Y82.428 E414.93323
G1 X75.56 Y82.075 E414.94388
G1 X75.09 Y81.829 E414.95447
G1 X74.575 Y81.702 E414.96505
G1 X74.043 Y81.702 E414.97567
G1 X73.529 Y81.829 E414.98623
G1 X73.056 Y82.075 E414.99687
G1 X72.659 Y82.428 E415.00748
G1 X72.357 Y82.865 E415.01808
G1 X72.169 Y83.362 E415.02868
G1 X72.104 Y83.89 E415.0393
G1 X72.169 Y84.418 E415.04991
G1 X72.357 Y84.915 E415.06052
G1 X72.659 Y85.352 E415.07112
G1 X73.056 Y85.705 E415.08172
G1 X73.529 Y85.951 E415.09236
G1 X74.043 Y86.078 E415.10292
G1 X74.575 Y86.078 E415.11354
G0 F9000 X74.526 Y85.678
;TYPE:WALL-OUTER
G1 F1800 X74.947 Y85.574 E415.1222
G1 X75.332 Y85.373 E415.13086
G1 X75.658 Y85.085 E415.13954
G1 X75.904 Y84.728 E415.1482
G1 X76.059 Y84.321 E415.15689
G1 X76.11 Y83.89 E415.16555
G1 X76.059 Y83.459 E415.17421
G1 X75.904 Y83.052 E415.1829
G1 X75.658 Y82.695 E415.19155
G1 X75.332 Y82.407 E415.20023
G1 X74.947 Y82.206 E415.2089
G1 X74.526 Y82.102 E415.21755
G1 X74.092 Y82.102 E415.22621
G1 X73.671 Y82.206 E415.23487
G1 X73.285 Y82.407 E415.24355
G1 X72.961 Y82.695 E415.2522
G1 X72.714 Y83.052 E415.26087
G1 X72.56 Y83.459 E415.26955
G1 X72.507 Y83.89 E415.27822
G1 X72.56 Y84.321 E415.28688
G1 X72.714 Y84.728 E415.29557
G1 X72.961 Y85.085 E415.30423
G1 X73.285 Y85.373 E415.31288
G1 X73.671 Y85.574 E415.32157
G1 X74.092 Y85.678 E415.33022
G1 X74.526 Y85.678 E415.33888
G0 F9000 X74.579 Y86.114
G0 X46.774 Y85.99
;TYPE:WALL-INNER
G1 F1800 X46.209 Y85.99 E415.35016
G1 X46.209 Y85.405 E415.36183
G1 X46.357 Y85.619 E415.36268
G1 X46.774 Y85.99 E415.36822
G0 F9000 X46.326 Y84.378
G0 X46.293 Y84.102
G0 X46.209 Y56.375
G1 F1800 X46.209 Y55.79 E415.3799
G1 X46.774 Y55.79 E415.39117
G1 X46.357 Y56.161 E415.39671
G1 X46.209 Y56.375 E415.39756
G1 F1500 E408.89756
G0 F9000 X48.064 Y55.863
G0 X74.554 Y55.863
G0 X76.409 Y56.374
G1 F1500 E415.39756
G1 F1800 X76.262 Y56.161 E415.40273
G1 X75.841 Y55.79 E415.41392
G1 X76.409 Y55.79 E415.41962
G1 X76.409 Y56.374 E415.42695
G0 F9000 X76.409 Y82.374
G1 F1800 X76.262 Y82.161 E415.43211
G1 X75.788 Y81.743 E415.44473
G1 X75.233 Y81.452 E415.45723
G1 X74.624 Y81.302 E415.46975
G1 X73.994 Y81.302 E415.48232
G1 X73.387 Y81.452 E415.4948
G1 X72.827 Y81.743 E415.50739
G1 X72.357 Y82.161 E415.51995
G1 X72 Y82.678 E415.53248
G1 X71.778 Y83.265 E415.54501
G1 X71.701 Y83.89 E415.55757
G1 X71.778 Y84.515 E415.57014
G1 X72 Y85.102 E415.58267
G1 X72.357 Y85.619 E415.5952
G1 X72.774 Y85.99 E415.60634
G1 X72.357 Y85.99 E415.60979
G1 X50.262 Y85.99 E416.05072
G1 X49.841 Y85.99 E416.05913
G1 X50.262 Y85.619 E416.06541
G1 X50.618 Y85.102 E416.07794
G1 X50.841 Y84.513 E416.09051
G1 X50.916 Y83.89 E416.10303
G1 X50.841 Y83.267 E416.11555
G1 X50.618 Y82.678 E416.12812
G1 X50.262 Y82.161 E416.14065
G1 X49.788 Y81.743 E416.15326
G1 X49.233 Y81.452 E416.16576
G1 X48.624 Y81.302 E416.17828
G1 X47.994 Y81.302 E416.19085
G1 X47.387 Y81.452 E416.20333
G1 X46.827 Y81.743 E416.21592
G1 X46.357 Y82.161 E416.22848
G1 X46.209 Y82.375 E416.23367
G1 X46.209 Y59.405 E416.69206
G1 X46.357 Y59.619 E416.69725
G1 X46.827 Y60.037 E416.7098
G1 X47.387 Y60.328 E416.7224
G1 X47.994 Y60.478 E416.73488
G1 X48.624 Y60.478 E416.74745
G1 X49.233 Y60.328 E416.75996
G1 X49.788 Y60.037 E416.77247
G1 X50.262 Y59.619 E416.78508
G1 X50.618 Y59.102 E416.79761
G1 X50.841 Y58.513 E416.81018
G1 X50.916 Y57.89 E416.8227
G1 X50.841 Y57.267 E416.83522
G1 X50.618 Y56.678 E416.84779
G1 X50.262 Y56.161 E416.86032
G1 X49.841 Y55.79 E416.87152
G1 X50.262 Y55.79 E416.875
G1 X72.357 Y55.79 E417.31593
G1 X72.774 Y55.79 E417.32426
G1 X72.357 Y56.161 E417.33052
G1 X72 Y56.678 E417.34306
G1 X71.778 Y57.265 E417.35559
G1 X71.701 Y57.89 E417.36815
G1 X71.778 Y58.515 E417.38072
G1 X72 Y59.102 E417.39324
G1 X72.357 Y59.619 E417.40578
G1 X72.827 Y60.037 E417.41833
G1 X73.387 Y60.328 E417.43093
G1 X73.994 Y60.478 E417.44341
G1 X74.624 Y60.478 E417.45598
G1 X75.233 Y60.328 E417.46849
G1 X75.788 Y60.037 E417.481
G1 X76.262 Y59.619 E417.49361
G1 X76.409 Y59.406 E417.49878
G1 X76.409 Y82.374 E417.95713
G0 F9000 X76.409 Y85.99
G1 F1800 X75.841 Y85.99 E417.96846
G1 X76.262 Y85.619 E417.97407
G1 X76.409 Y85.406 E417.97924
G1 X76.409 Y85.99 E417.98661
G0 F9000 X76.809 Y86.39
G1 F1800 X74.575 Y86.39 E418.03119
G1 X74.043 Y86.39 E418.03949
G1 X48.575 Y86.39 E418.54773
G1 X48.043 Y86.39 E418.55604
G1 X45.809 Y86.39 E418.60062
G1 X45.809 Y84.418 E418.63997
G1 X45.809 Y83.89 E418.64862
G1 X45.809 Y83.362 E418.65727
G1 X45.809 Y58.418 E419.15505
G1 X45.809 Y57.89 E419.1637
G1 X45.809 Y57.362 E419.17234
G1 X45.809 Y55.39 E419.2117
G1 X48.043 Y55.39 E419.25628
G1 X48.575 Y55.39 E419.26458
G1 X74.043 Y55.39 E419.77282
G1 X74.575 Y55.39 E419.78112
G1 X76.809 Y55.39 E419.82571
G1 X76.809 Y57.363 E419.86508
G1 X76.809 Y57.89 E419.87371
G1 X76.809 Y58.417 E419.88234
G1 X76.809 Y83.363 E420.38016
G1 X76.809 Y83.89 E420.38879
G1 X76.809 Y84.417 E420.39743
G1 X76.809 Y86.39 E420.4368
G0 F9000 X77.209 Y86.79
;TYPE:WALL-OUTER
G1 F1800 X45.409 Y86.79 E421.0714
G1 X45.409 Y54.99 E421.70601
G1 X77.209 Y54.99 E422.34061
G1 X77.209 Y86.79 E422.97521
G1 F1500 E416.47521
G0 F9000 X76.909 Y86.52
G0 X76.293 Y83.402
G0 X76.117 Y82.94
G0 X75.838 Y82.535
G0 X75.468 Y82.209
G0 X75.032 Y81.981
G0 X74.554 Y81.863
G0 X74.064 Y81.863
G0 X73.777 Y81.935
G0 X73.312 Y81.254
G0 X69.995 Y74.676
G1 F1500 E422.97521
G0 F9000 X70.128 Y74.461
;TYPE:FILL
G1 F3600 X69.288 Y74.686 E422.99257
G1 X69.289 Y74.592
G1 X70.128 Y71.46 E423.05727
G1 X70.129 Y71.601
G1 X69.287 Y70.76 E423.08102
G0 F9000 X69.509 Y70.76
G0 X69.509 Y69.717
G0 X69.288 Y69.717
G1 F3600 X70.128 Y69.492 E423.09838
G1 F1500 E416.59838
G0 F9000 X69.909 Y69.492
G0 X69.429 Y69.024
G0 X53.189 Y69.024
G1 F1500 E423.09838
G0 F9000 X53.328 Y69.024
G1 F3600 X52.489 Y69.249 E423.11571
G0 F9000 X52.709 Y69.249
G0 X53.109 Y68.377
G0 X53.329 Y68.377
G1 F3600 X52.488 Y67.537 E423.13943
G0 F9000 X52.709 Y67.537
G0 X53.109 Y73.993
G0 X53.328 Y73.993
G1 F3600 X52.488 Y74.218 E423.15678
G1 X52.488 Y74.325
G1 X52.972 Y74.809 E423.17044
G0 F9000 X53.399 Y74.88
;TYPE:SKIN
G1 F1800 X53.399 Y66.9 E423.32969
G1 X52.419 Y66.9 E423.34925
G1 X52.419 Y74.88 E423.5085
G1 X53.399 Y74.88 E423.52806
G1 F1500 E417.02806
G0 F9000 X53.109 Y74.62
G0 X52.623 Y74.676
G0 X49.308 Y81.254
G1 F1500 E423.52806
G0 F9000 X49.372 Y81.085
G1 F1800 X48.671 Y80.912 E423.54247
G1 X47.947 Y80.912 E423.55691
G1 X47.248 Y81.085 E423.57128
G1 X46.599 Y81.423 E423.58589
G1 X46.599 Y60.357 E424.00628
G1 X47.248 Y60.695 E424.02088
G1 X47.947 Y60.868 E424.03525
G1 X48.671 Y60.868 E424.0497
G1 X49.372 Y60.695 E424.06411
G1 X50.01 Y60.361 E424.07848
G1 X50.556 Y59.88 E424.093
G1 X50.966 Y59.284 E424.10744
G1 X51.223 Y58.607 E424.12189
G1 X51.308 Y57.89 E424.1363
G1 X51.223 Y57.173 E424.15071
G1 X50.966 Y56.496 E424.16516
G1 X50.749 Y56.18 E424.17281
G1 X71.87 Y56.18 E424.5943
G1 X71.653 Y56.495 E424.60194
G1 X71.396 Y57.171 E424.61637
G1 X71.308 Y57.89 E424.63082
G1 X71.396 Y58.609 E424.64528
G1 X71.653 Y59.285 E424.65971
G1 X72.063 Y59.879 E424.67411
G1 X72.604 Y60.361 E424.68857
G1 X73.248 Y60.695 E424.70305
G1 X73.947 Y60.868 E424.71742
G1 X74.671 Y60.868 E424.73187
G1 X75.372 Y60.695 E424.74628
G1 X76.01 Y60.361 E424.76065
G1 X76.019 Y60.353 E424.76089
G1 X76.019 Y81.427 E425.18144
G1 X76.01 Y81.419 E425.18169
G1 X75.372 Y81.085 E425.19606
G1 X74.671 Y80.912 E425.21047
G1 X73.947 Y80.912 E425.22491
G1 X73.248 Y81.085 E425.23928
G1 X72.604 Y81.419 E425.25376
G1 X72.063 Y81.901 E425.26822
G1 X71.653 Y82.495 E425.28262
G1 X71.396 Y83.171 E425.29706
G1 X71.308 Y83.89 E425.31151
G1 X71.396 Y84.609 E425.32597
G1 X71.653 Y85.285 E425.3404
G1 X71.87 Y85.6 E425.34803
G1 X50.749 Y85.6 E425.76953
G1 X50.966 Y85.284 E425.77718
G1 X51.223 Y84.607 E425.79163
G1 X51.308 Y83.89 E425.80604
G1 X51.223 Y83.173 E425.82044
G1 X50.966 Y82.496 E425.83489
G1 X50.556 Y81.9 E425.84933
G1 X50.01 Y81.419 E425.86385
G1 X49.372 Y81.085 E425.87822
G1 F1500 E419.37822
G0 F9000 X49.273 Y81.348
G0 X50.42 Y82.021
G0 X49.008 Y83.274
G0 X78.074 Y74.676
G0 X69.423 Y74.676
G1 F1500 E425.87822
G0 F9000 X69.219 Y74.88
G1 F1800 X70.199 Y74.88 E425.89778
G1 X70.199 Y66.9 E426.05703
G1 X69.219 Y66.9 E426.07659
G1 X69.219 Y74.88 E426.23584
G1 F1500 E419.73584
G0 F9000 X69.509 Y74.62
G0 X69.995 Y67.104
G0 X73.968 Y60.688
G0 X75.309 Y60.413
G1 F1500 E426.23584
G0 F9000 X75.511 Y60.803
G1 F1800 X75.858 Y61.15 E426.24563
G0 F9000 X75.858 Y61.716
G1 F1800 X75.074 Y60.932 E426.26776
G0 F9000 X74.604 Y61.028
G1 F1800 X75.858 Y62.281 E426.30313
G0 F9000 X75.858 Y62.847
G1 F1800 X74.039 Y61.028 E426.35447
G0 F9000 X73.323 Y60.878
G1 F1800 X75.858 Y63.413 E426.42601
G0 F9000 X75.858 Y63.979
G1 F1800 X68.219 Y56.34 E426.6416
G0 F9000 X67.653 Y56.34
G1 F1800 X75.858 Y64.544 E426.87315
G0 F9000 X75.858 Y65.11
G1 F1800 X67.088 Y56.34 E427.12066
G0 F9000 X66.522 Y56.34
G1 F1800 X75.858 Y65.676 E427.38414
G0 F9000 X75.858 Y66.241
G1 F1800 X65.956 Y56.34 E427.66358
G0 F9000 X65.391 Y56.34
G1 F1800 X75.858 Y66.807 E427.95898
G0 F9000 X75.858 Y67.373
G1 F1800 X64.825 Y56.34 E428.27036
G0 F9000 X64.259 Y56.34
G1 F1800 X75.858 Y67.938 E428.59769
G0 F9000 X75.858 Y68.504
G1 F1800 X63.694 Y56.34 E428.94099
G0 F9000 X63.128 Y56.34
G1 F1800 X75.858 Y69.07 E429.30025
G0 F9000 X75.858 Y69.635
G1 F1800 X62.562 Y56.34 E429.67548
G0 F9000 X61.997 Y56.34
G1 F1800 X75.858 Y70.201 E430.06667
G0 F9000 X75.858 Y70.767
G1 F1800 X61.431 Y56.34 E430.47383
G0 F9000 X60.865 Y56.34
G1 F1800 X75.859 Y71.333 E430.89698
G0 F9000 X75.859 Y71.899
G1 F1800 X60.299 Y56.34 E431.3361
G0 F9000 X59.734 Y56.34
G1 F1800 X70.133 Y66.739 E431.62959
G0 F9000 X70.358 Y66.964
G1 F1800 X75.859 Y72.465 E431.78484
G0 F9000 X75.859 Y73.03
G1 F1800 X70.358 Y67.53 E431.94007
G0 F9000 X70.358 Y68.095
G1 F1800 X75.859 Y73.596 E432.09532
G0 F9000 X75.859 Y74.162
G1 F1800 X70.358 Y68.661 E432.25057
G0 F9000 X70.358 Y69.227
G1 F1800 X75.859 Y74.727 E432.40581
G0 F9000 X75.859 Y75.293
G1 F1800 X70.358 Y69.792 E432.56106
G0 F9000 X70.358 Y70.358
G1 F1800 X75.859 Y75.859 E432.71631
G0 F9000 X75.859 Y76.424
G1 F1800 X70.358 Y70.924 E432.87154
G0 F9000 X70.358 Y71.489
G1 F1800 X75.859 Y76.99 E433.02679
G0 F9000 X75.859 Y77.556
G1 F1800 X70.358 Y72.055 E433.18204
G0 F9000 X70.358 Y72.621
G1 F1800 X75.859 Y78.121 E433.33728
G0 F9000 X75.859 Y78.687
G1 F1800 X70.358 Y73.186 E433.49253
G0 F9000 X70.358 Y73.752
G1 F1800 X75.859 Y79.253 E433.64778
G0 F9000 X75.859 Y79.818
G1 F1800 X70.358 Y74.318 E433.80302
G0 F9000 X70.358 Y74.884
G1 F1800 X75.859 Y80.384 E433.95825
G0 F9000 X75.859 Y80.95
G1 F1800 X69.948 Y75.039 E434.12507
G0 F9000 X69.382 Y75.039
G1 F1800 X75.227 Y80.884 E434.29003
G0 F9000 X74.528 Y80.75
G1 F1800 X51.44 Y57.663 E434.94161
G0 F9000 X51.428 Y58.216
G1 F1800 X73.962 Y80.75 E435.57757
G0 F9000 X73.502 Y80.856
G1 F1800 X51.355 Y58.708 E436.20262
G0 F9000 X51.199 Y59.119
G1 F1800 X73.074 Y80.994 E436.81998
G0 F9000 X72.701 Y81.187
G1 F1800 X51.012 Y59.497 E437.4321
G0 F9000 X50.781 Y59.832
G1 F1800 X72.365 Y81.416 E438.04125
G0 F9000 X72.066 Y81.682
G1 F1800 X50.514 Y60.13 E438.64949
G0 F9000 X50.213 Y60.396
G1 F1800 X71.807 Y81.989 E439.25891
G0 F9000 X71.576 Y82.324
G1 F1800 X49.867 Y60.616 E439.87157
G0 F9000 X49.496 Y60.81
G1 F1800 X71.398 Y82.712 E440.48969
G0 F9000 X71.242 Y83.121
G1 F1800 X49.056 Y60.936 E441.11582
G0 F9000 X48.582 Y61.027
G1 F1800 X71.18 Y83.625 E441.75358
G0 F9000 X71.185 Y84.196
G1 F1800 X48.016 Y61.027 E442.40746
G0 F9000 X47.293 Y60.869
G1 F1800 X53.162 Y66.738 E442.57309
G0 F9000 X53.559 Y67.135
G1 F1800 X71.342 Y84.918 E443.07497
G0 F9000 X71.296 Y85.439
G1 F1800 X53.559 Y67.701 E443.57556
G0 F9000 X53.559 Y68.266
G1 F1800 X70.731 Y85.439 E444.06021
G0 F9000 X70.165 Y85.439
G1 F1800 X53.559 Y68.832 E444.52888
G0 F9000 X53.559 Y69.398
G1 F1800 X69.599 Y85.439 E444.98157
G0 F9000 X69.034 Y85.439
G1 F1800 X53.559 Y69.963 E445.41833
G0 F9000 X53.559 Y70.529
G1 F1800 X68.468 Y85.439 E445.8391
G0 F9000 X67.902 Y85.439
G1 F1800 X53.559 Y71.095 E446.24391
G0 F9000 X53.559 Y71.661
G1 F1800 X67.337 Y85.439 E446.63275
G0 F9000 X66.771 Y85.439
G1 F1800 X53.559 Y72.226 E447.00564
G0 F9000 X53.559 Y72.792
G1 F1800 X66.205 Y85.439 E447.36255
G0 F9000 X65.64 Y85.439
G1 F1800 X53.559 Y73.358 E447.7035
G0 F9000 X53.559 Y73.923
G1 F1800 X65.074 Y85.439 E448.02849
G0 F9000 X64.508 Y85.439
G1 F1800 X53.559 Y74.489 E448.33751
G0 F9000 X53.543 Y75.039
G1 F1800 X63.942 Y85.439 E448.63101
G0 F9000 X63.377 Y85.439
G1 F1800 X52.977 Y75.039 E448.92452
G0 F9000 X52.412 Y75.039
G1 F1800 X62.811 Y85.439 E449.21802
G0 F9000 X62.245 Y85.439
G1 F1800 X46.758 Y69.951 E449.65511
G0 F9000 X46.758 Y69.386
G1 F1800 X52.258 Y74.886 E449.81033
G0 F9000 X52.258 Y74.32
G1 F1800 X46.758 Y68.82 E449.96555
G0 F9000 X46.758 Y68.254
G1 F1800 X52.258 Y73.754 E450.12077
G0 F9000 X52.258 Y73.189
G1 F1800 X46.758 Y67.689 E450.27599
G0 F9000 X46.758 Y67.123
G1 F1800 X52.258 Y72.623 E450.43122
G0 F9000 X52.258 Y72.057
G1 F1800 X46.758 Y66.557 E450.58644
G0 F9000 X46.758 Y65.992
G1 F1800 X52.258 Y71.492 E450.74166
G0 F9000 X52.258 Y70.926
G1 F1800 X46.758 Y65.426 E450.89688
G0 F9000 X46.758 Y64.86
G1 F1800 X52.258 Y70.36 E451.0521
G0 F9000 X52.258 Y69.794
G1 F1800 X46.758 Y64.295 E451.20731
G0 F9000 X46.758 Y63.729
G1 F1800 X52.258 Y69.229 E451.36253
G0 F9000 X52.258 Y68.663
G1 F1800 X46.758 Y63.163 E451.51776
G0 F9000 X46.758 Y62.598
G1 F1800 X52.258 Y68.097 E451.67296
G0 F9000 X52.258 Y67.532
G1 F1800 X46.758 Y62.032 E451.82819
G0 F9000 X46.758 Y61.466
G1 F1800 X52.258 Y66.966 E451.98341
G0 F9000 X52.596 Y66.738
G1 F1800 X46.758 Y60.9 E452.14817
G0 F9000 X46.319 Y60.9
G0 X46.403 Y59.919
G0 X48.554 Y59.917
G0 X49.032 Y59.799
G0 X49.468 Y59.571
G0 X49.838 Y59.245
G0 X49.995 Y59.017
G0 X50.908 Y57.133
G0 X51.321 Y56.977
G1 F1800 X69.058 Y74.715 E452.64876
G0 F9000 X69.058 Y74.15
G1 F1800 X51.248 Y56.34 E453.1514
G0 F9000 X51.814 Y56.34
G1 F1800 X69.058 Y73.584 E453.63806
G0 F9000 X69.058 Y73.018
G1 F1800 X52.38 Y56.34 E454.10875
G0 F9000 X52.946 Y56.34
G1 F1800 X69.058 Y72.452 E454.56346
G0 F9000 X69.058 Y71.887
G1 F1800 X53.511 Y56.34 E455.00223
G0 F9000 X54.077 Y56.34
G1 F1800 X69.058 Y71.321 E455.42503
G0 F9000 X69.058 Y70.755
G1 F1800 X54.643 Y56.34 E455.83185
G0 F9000 X55.208 Y56.34
G1 F1800 X69.058 Y70.19 E456.22273
G0 F9000 X69.058 Y69.624
G1 F1800 X55.774 Y56.34 E456.59763
G0 F9000 X56.34 Y56.34
G1 F1800 X69.058 Y69.058 E456.95656
G0 F9000 X69.058 Y68.493
G1 F1800 X56.905 Y56.34 E457.29955
G0 F9000 X57.471 Y56.34
G1 F1800 X69.058 Y67.927 E457.62656
G0 F9000 X69.058 Y67.361
G1 F1800 X58.037 Y56.34 E457.93759
G0 F9000 X58.602 Y56.34
G1 F1800 X69.058 Y66.796 E458.23268
G0 F9000 X69.567 Y66.739
G1 F1800 X59.168 Y56.34 E458.52616
G0 F9000 X59.168 Y55.9
G0 X68.785 Y55.9
G0 X68.785 Y56.34
G1 F1800 X71.328 Y58.883 E458.59793
G0 F9000 X71.181 Y58.17
G1 F1800 X69.35 Y56.34 E458.64959
G0 F9000 X69.916 Y56.34
G1 F1800 X71.181 Y57.605 E458.6853
G0 F9000 X71.248 Y57.105
G1 F1800 X70.482 Y56.34 E458.7069
G0 F9000 X71.047 Y56.34
G1 F1800 X71.404 Y56.696 E458.71696
G1 F1500 E452.21696
G0 F9000 X71.816 Y56.852
G0 X72.26 Y55.988
G0 X50.359 Y55.988
G0 X50.391 Y59.733
G0 X46.729 Y60.179
G0 X46.403 Y59.919
G0 X46.319 Y70.517
G1 F1500 E458.71696
G0 F9000 X46.758 Y70.517
G1 F1800 X61.68 Y85.439 E459.13809
G0 F9000 X61.114 Y85.439
G1 F1800 X46.758 Y71.083 E459.54325
G0 F9000 X46.758 Y71.649
G1 F1800 X60.548 Y85.439 E459.93243
G0 F9000 X59.983 Y85.439
G1 F1800 X46.758 Y72.214 E460.30567
G0 F9000 X46.758 Y72.78
G1 F1800 X59.417 Y85.439 E460.66294
G0 F9000 X58.851 Y85.439
G1 F1800 X46.758 Y73.346 E461.00423
G0 F9000 X46.758 Y73.911
G1 F1800 X58.286 Y85.439 E461.32957
G0 F9000 X57.72 Y85.439
G1 F1800 X46.758 Y74.477 E461.63894
G0 F9000 X46.758 Y75.043
G1 F1800 X57.154 Y85.439 E461.93234
G0 F9000 X56.589 Y85.439
G1 F1800 X46.758 Y75.608 E462.20979
G0 F9000 X46.758 Y76.174
G1 F1800 X56.023 Y85.439 E462.47127
G0 F9000 X55.457 Y85.439
G1 F1800 X46.758 Y76.74 E462.71677
G0 F9000 X46.758 Y77.305
G1 F1800 X54.891 Y85.439 E462.94632
G0 F9000 X54.326 Y85.439
G1 F1800 X46.758 Y77.871 E463.1599
G0 F9000 X46.758 Y78.437
G1 F1800 X49.198 Y80.876 E463.22875
G0 F9000 X48.506 Y80.75
G1 F1800 X46.758 Y79.002 E463.27809
G0 F9000 X46.758 Y79.568
G1 F1800 X47.941 Y80.75 E463.31146
G0 F9000 X47.485 Y80.861
G1 F1800 X46.758 Y80.134 E463.33198
G0 F9000 X46.758 Y80.699
G1 F1800 X47.06 Y81.001 E463.3405
G0 F9000 X47.263 Y81.392
G0 X49.032 Y81.981
G0 X50.921 Y83.167
G0 X51.334 Y83.012
G1 F1800 X53.76 Y85.439 E463.40898
G0 F9000 X53.194 Y85.439
G1 F1800 X51.444 Y83.688 E463.45838
G0 F9000 X51.427 Y84.236
G1 F1800 X52.629 Y85.439 E463.49232
G0 F9000 X52.063 Y85.439
G1 F1800 X51.349 Y84.724 E463.51248
G0 F9000 X51.193 Y85.134
G1 F1800 X51.497 Y85.439 E463.52108
G0 F9000 X50.577 Y85.649
;TYPE:SKIN
G1 F1800 X50.492 Y85.564 E463.52228
G0 F9000 X50.377 Y85.732
G1 F1800 X50.473 Y85.829 E463.52364
G0 F9000 X50.473 Y85.88
G0 X49.886 Y85.174
G0 X50.117 Y84.84
G0 X50.293 Y84.378
G0 X50.351 Y83.89
G0 X50.293 Y83.402
G0 X50.117 Y82.94
G0 X49.838 Y82.535
G0 X49.468 Y82.209
G0 X49.032 Y81.981
G0 X48.762 Y81.915
G0 X46.663 Y81.741
G0 X46.63 Y81.703
G1 F1800 X46.565 Y81.637 E463.52456
G0 F9000 X46.379 Y81.734
G1 F1800 X46.48 Y81.835 E463.52599
G0 F9000 X46.514 Y81.874
G0 X46.403 Y59.919
G0 X46.658 Y60.035
G0 X46.564 Y60.14
G1 F1800 X46.369 Y59.945 E463.52874
G0 F9000 X46.379 Y59.864
G0 X48.554 Y59.917
G0 X49.032 Y59.799
G0 X49.468 Y59.571
G0 X49.838 Y59.245
G0 X50.117 Y58.84
G0 X50.293 Y58.378
G0 X50.325 Y58.102
G0 X50.302 Y55.969
G0 X50.329 Y55.985
G1 F1800 X50.541 Y56.198 E463.53174
G0 F9000 X50.638 Y56.012
G1 F1800 X50.575 Y55.949 E463.53263
G0 F9000 X50.575 Y55.9
G0 X72.072 Y55.9
G0 X72.072 Y55.95
G1 F1800 X72.211 Y56.089 E463.53459
G0 F9000 X72.253 Y56.118
G0 X72.265 Y57.89
G0 X72.326 Y58.378
G0 X72.501 Y58.84
G0 X72.781 Y59.245
G0 X73.149 Y59.571
G0 X73.586 Y59.799
G0 X73.856 Y59.865
G0 X75.916 Y60.071
G0 X75.948 Y60.109
G1 F1800 X75.986 Y60.147 E463.53513
G0 F9000 X76.098 Y59.976
G1 F1800 X76.248 Y60.125 E463.53724
G0 F9000 X76.299 Y60.125
G0 X76.299 Y81.547
G0 X76.173 Y81.547
G1 F1800 X76.249 Y81.623 E463.53831
G0 F9000 X76.225 Y81.882
G1 F1800 X75.978 Y81.635 E463.54179
G0 F9000 X75.914 Y81.707
G0 X74.064 Y81.863
G0 X73.586 Y81.981
G0 X73.149 Y82.209
G0 X72.781 Y82.535
G0 X72.501 Y82.94
G0 X72.344 Y83.355
G0 X72.173 Y85.546
G0 X72.052 Y85.628
G1 F1800 X72.252 Y85.829 E463.54462
G0 F9000 X72.898 Y86.192
G1 F1800 X73.078 Y86.089 E463.54731
G1 X73.394 Y86.122 E463.55143
G0 F9000 X73.486 Y86.214
G0 X75.098 Y86.129
G0 X75.14 Y86.171
G1 F1800 X75.379 Y86.127 E463.55514
G1 X75.613 Y86.078 E463.5588
G0 F9000 X75.748 Y86.213
G0 X76.496 Y85.264
G0 X76.417 Y85.186
G1 F1800 X76.538 Y85.023 E463.5619
G1 X76.577 Y84.779 E463.56567
G0 F9000 X76.52 Y84.722
G0 X76.634 Y83.139
G0 X76.568 Y83.073
G1 F1800 X76.486 Y82.709 E463.57041
G1 X76.595 Y82.534 E463.57303
G0 F9000 X76.634 Y82.573
G0 X76.528 Y59.275
G0 X76.438 Y59.185
G1 F1800 X76.54 Y59.004 E463.57634
G1 X76.579 Y58.76 E463.58027
G0 F9000 X76.525 Y58.706
G0 X76.633 Y57.117
G0 X76.56 Y57.044
G1 F1800 X76.494 Y56.695 E463.58479
G1 X76.603 Y56.521 E463.58741
G0 F9000 X76.633 Y56.551
G0 X75.669 Y55.87
G0 X75.516 Y55.717
G1 F1800 X75.145 Y55.629 E463.59095
G1 X75.685 Y55.604 E463.59596
G0 F9000 X75.725 Y55.643
G0 X73.479 Y55.66
G0 X73.431 Y55.612
G1 F1800 X73.195 Y55.659 E463.59972
G1 X72.994 Y55.74 E463.60311
G0 F9000 X73.104 Y55.85
G0 X49.719 Y55.659
G0 X49.671 Y55.611
G1 F1800 X49.5 Y55.723 E463.60569
G1 X49.11 Y55.615 E463.61078
G0 F9000 X49.059 Y55.564
G0 X47.461 Y55.664
G0 X47.411 Y55.614
G1 F1800 X47.177 Y55.662 E463.6145
G1 X46.994 Y55.762 E463.61776
G0 F9000 X47.09 Y55.858
G0 X46.248 Y56.713
G0 X46.132 Y56.597
G1 F1800 X46.068 Y56.817 E463.62101
G1 X46.03 Y57.061 E463.62452
G0 F9000 X46.077 Y57.108
G0 X45.983 Y58.711
G0 X46.07 Y58.798
G1 F1800 X46.102 Y59.113 E463.63035
G0 F9000 X46.221 Y59.232
G0 X45.985 Y82.472
G0 X46.112 Y82.599
G1 F1800 X46.066 Y82.835 E463.63438
G1 X46.027 Y83.08 E463.63855
G0 F9000 X46.072 Y83.124
G0 X45.983 Y84.733
G0 X46.077 Y84.827
G1 F1800 X46.093 Y85.126 E463.64432
G0 F9000 X46.204 Y85.236
G0 X46.948 Y85.98
G0 X47.065 Y86.097
G1 F1800 X47.361 Y86.11 E463.64738
G1 X46.884 Y86.199 E463.65238
G0 F9000 X46.87 Y86.185
G0 X49.081 Y86.134
G0 X49.121 Y86.173
G1 F1800 X49.361 Y86.131 E463.65598
G1 X49.595 Y86.082 E463.6595
G0 F9000 X49.727 Y86.19
G1 F1500 E457.1595
;MESH:NONMESH
G0 F300 X49.727 Y86.19 Z1.44
G0 F9000 X72.26 Y85.792
G0 X72.228 Y82.047
G0 X75.886 Y81.601
G0 X76.215 Y81.862
G0 X76.215 Y59.918
G0 X74.575 Y60.078
;TIME_ELAPSED:1072.367173
;LAYER:11
;TYPE:WALL-INNER
;MESH:HBridgeMount.stl
G1 F1500 E463.6595
G1 F1800 X75.09 Y59.951 E463.67009
G1 X75.56 Y59.705 E463.68067
G1 X75.96 Y59.352 E463.69132
G1 X76.261 Y58.915 E463.70191
G1 X76.45 Y58.417 E463.71254
G1 X76.513 Y57.89 E463.72313
G1 X76.45 Y57.363 E463.73372
G1 X76.261 Y56.865 E463.74435
G1 X75.96 Y56.428 E463.75494
G1 X75.56 Y56.075 E463.76559
G1 X75.09 Y55.829 E463.77617
G1 X74.575 Y55.702 E463.78676
G1 X74.043 Y55.702 E463.79738
G1 X73.529 Y55.829 E463.80794
G1 X73.056 Y56.075 E463.81858
G1 X72.659 Y56.428 E463.82918
G1 X72.357 Y56.865 E463.83978
G1 X72.169 Y57.362 E463.85039
G1 X72.104 Y57.89 E463.861
G1 X72.169 Y58.418 E463.87162
G1 X72.357 Y58.915 E463.88222
G1 X72.659 Y59.352 E463.89282
G1 X73.056 Y59.705 E463.90343
G1 X73.529 Y59.951 E463.91407
G1 X74.043 Y60.078 E463.92463
G1 X74.575 Y60.078 E463.93525
G0 F9000 X74.526 Y59.678
;TYPE:WALL-OUTER
G1 F1800 X74.947 Y59.574 E463.9439
G1 X75.332 Y59.373 E463.95257
G1 X75.658 Y59.085 E463.96125
G1 X75.904 Y58.728 E463.9699
G1 X76.059 Y58.321 E463.97859
G1 X76.11 Y57.89 E463.98725
G1 X76.059 Y57.459 E463.99592
G1 X75.904 Y57.052 E464.00461
G1 X75.658 Y56.695 E464.01326
G1 X75.332 Y56.407 E464.02194
G1 X74.947 Y56.206 E464.03061
G1 X74.526 Y56.102 E464.03926
G1 X74.092 Y56.102 E464.04792
G1 X73.671 Y56.206 E464.05658
G1 X73.285 Y56.407 E464.06526
G1 X72.961 Y56.695 E464.07391
G1 X72.714 Y57.052 E464.08257
G1 X72.56 Y57.459 E464.09126
G1 X72.507 Y57.89 E464.09992
G1 X72.56 Y58.321 E464.10859
G1 X72.714 Y58.728 E464.11727
G1 X72.961 Y59.085 E464.12594
G1 X73.285 Y59.373 E464.13459
G1 X73.671 Y59.574 E464.14327
G1 X74.092 Y59.678 E464.15193
G1 X74.526 Y59.678 E464.16059
G0 F9000 X74.579 Y60.114
G1 F1500 E457.66059
G0 F9000 X71.848 Y59.182
G0 X72.26 Y55.988
G0 X50.359 Y55.988
G0 X50.384 Y59.021
G0 X49.09 Y59.951
;TYPE:WALL-INNER
G1 F1500 E464.16059
G1 F1800 X49.56 Y59.705 E464.17118
G1 X49.96 Y59.352 E464.18182
G1 X50.261 Y58.915 E464.19241
G1 X50.45 Y58.417 E464.20304
G1 X50.513 Y57.89 E464.21363
G1 X50.45 Y57.363 E464.22422
G1 X50.261 Y56.865 E464.23485
G1 X49.96 Y56.428 E464.24544
G1 X49.56 Y56.075 E464.25609
G1 X49.09 Y55.829 E464.26668
G1 X48.575 Y55.702 E464.27726
G1 X48.043 Y55.702 E464.28788
G1 X47.529 Y55.829 E464.29844
G1 X47.056 Y56.075 E464.30908
G1 X46.659 Y56.428 E464.31968
G1 X46.357 Y56.865 E464.33029
G1 X46.169 Y57.362 E464.34089
G1 X46.104 Y57.89 E464.35151
G1 X46.169 Y58.418 E464.36212
G1 X46.357 Y58.915 E464.37273
G1 X46.659 Y59.352 E464.38333
G1 X47.056 Y59.705 E464.39393
G1 X47.529 Y59.951 E464.40457
G1 X48.043 Y60.078 E464.41513
G1 X48.575 Y60.078 E464.42575
G1 X49.09 Y59.951 E464.43634
G0 F9000 X48.947 Y59.574
;TYPE:WALL-OUTER
G1 F1800 X49.332 Y59.373 E464.445
G1 X49.658 Y59.085 E464.45368
G1 X49.904 Y58.728 E464.46234
G1 X50.059 Y58.321 E464.47103
G1 X50.11 Y57.89 E464.47969
G1 X50.059 Y57.459 E464.48835
G1 X49.904 Y57.052 E464.49704
G1 X49.658 Y56.695 E464.50569
G1 X49.332 Y56.407 E464.51437
G1 X48.947 Y56.206 E464.52304
G1 X48.526 Y56.102 E464.53169
G1 X48.092 Y56.102 E464.54035
G1 X47.671 Y56.206 E464.54901
G1 X47.285 Y56.407 E464.55769
G1 X46.961 Y56.695 E464.56634
G1 X46.714 Y57.052 E464.57501
G1 X46.56 Y57.459 E464.58369
G1 X46.507 Y57.89 E464.59236
G1 X46.56 Y58.321 E464.60102
G1 X46.714 Y58.728 E464.60971
G1 X46.961 Y59.085 E464.61837
G1 X47.285 Y59.373 E464.62702
G1 X47.671 Y59.574 E464.63571
G1 X48.092 Y59.678 E464.64436
G1 X48.526 Y59.678 E464.65302
G1 X48.947 Y59.574 E464.66168
G0 F9000 X49.102 Y59.985
G1 F1500 E458.16168
G0 F9000 X46.403 Y59.919
G0 X46.403 Y81.861
G0 X49.091 Y81.239
G0 X50.117 Y82.94
G0 X50.293 Y83.402
G0 X50.351 Y83.89
G0 X50.293 Y84.378
G0 X50.117 Y84.84
G0 X49.96 Y85.068
G0 X49.09 Y85.951
;TYPE:WALL-INNER
G1 F1500 E464.66168
G1 F1800 X49.56 Y85.705 E464.67226
G1 X49.96 Y85.352 E464.68291
G1 X50.261 Y84.915 E464.6935
G1 X50.45 Y84.417 E464.70413
G1 X50.513 Y83.89 E464.71472
G1 X50.45 Y83.363 E464.72531
G1 X50.261 Y82.865 E464.73594
G1 X49.96 Y82.428 E464.74653
G1 X49.56 Y82.075 E464.75718
G1 X49.09 Y81.829 E464.76776
G1 X48.575 Y81.702 E464.77835
G1 X48.043 Y81.702 E464.78897
G1 X47.529 Y81.829 E464.79953
G1 X47.056 Y82.075 E464.81017
G1 X46.659 Y82.428 E464.82077
G1 X46.357 Y82.865 E464.83137
G1 X46.169 Y83.362 E464.84198
G1 X46.104 Y83.89 E464.85259
G1 X46.169 Y84.418 E464.86321
G1 X46.357 Y84.915 E464.87381
G1 X46.659 Y85.352 E464.88441
G1 X47.056 Y85.705 E464.89502
G1 X47.529 Y85.951 E464.90566
G1 X48.043 Y86.078 E464.91622
G1 X48.575 Y86.078 E464.92684
G1 X49.09 Y85.951 E464.93742
G0 F9000 X48.947 Y85.574
;TYPE:WALL-OUTER
G1 F1800 X49.332 Y85.373 E464.94609
G1 X49.658 Y85.085 E464.95477
G1 X49.904 Y84.728 E464.96342
G1 X50.059 Y84.321 E464.97211
G1 X50.11 Y83.89 E464.98078
G1 X50.059 Y83.459 E464.98944
G1 X49.904 Y83.052 E464.99813
G1 X49.658 Y82.695 E465.00678
G1 X49.332 Y82.407 E465.01546
G1 X48.947 Y82.206 E465.02413
G1 X48.526 Y82.102 E465.03278
G1 X48.092 Y82.102 E465.04144
G1 X47.671 Y82.206 E465.0501
G1 X47.285 Y82.407 E465.05878
G1 X46.961 Y82.695 E465.06743
G1 X46.714 Y83.052 E465.0761
G1 X46.56 Y83.459 E465.08478
G1 X46.507 Y83.89 E465.09345
G1 X46.56 Y84.321 E465.10211
G1 X46.714 Y84.728 E465.1108
G1 X46.961 Y85.085 E465.11946
G1 X47.285 Y85.373 E465.12811
G1 X47.671 Y85.574 E465.13679
G1 X48.092 Y85.678 E465.14545
G1 X48.526 Y85.678 E465.15411
G1 X48.947 Y85.574 E465.16276
G0 F9000 X49.102 Y85.985
G0 X74.575 Y86.078
;TYPE:WALL-INNER
G1 F1800 X75.09 Y85.951 E465.17335
G1 X75.56 Y85.705 E465.18394
G1 X75.96 Y85.352 E465.19458
G1 X76.261 Y84.915 E465.20517
G1 X76.45 Y84.417 E465.2158
G1 X76.513 Y83.89 E465.22639
G1 X76.45 Y83.363 E465.23698
G1 X76.261 Y82.865 E465.24761
G1 X75.96 Y82.428 E465.2582
G1 X75.56 Y82.075 E465.26885
G1 X75.09 Y81.829 E465.27944
G1 X74.575 Y81.702 E465.29002
G1 X74.043 Y81.702 E465.30064
G1 X73.529 Y81.829 E465.3112
G1 X73.056 Y82.075 E465.32184
G1 X72.659 Y82.428 E465.33244
G1 X72.357 Y82.865 E465.34305
G1 X72.169 Y83.362 E465.35365
G1 X72.104 Y83.89 E465.36427
G1 X72.169 Y84.418 E465.37488
G1 X72.357 Y84.915 E465.38549
G1 X72.659 Y85.352 E465.39609
G1 X73.056 Y85.705 E465.40669
G1 X73.529 Y85.951 E465.41733
G1 X74.043 Y86.078 E465.42789
G1 X74.575 Y86.078 E465.43851
G0 F9000 X74.526 Y85.678
;TYPE:WALL-OUTER
G1 F1800 X74.947 Y85.574 E465.44716
G1 X75.332 Y85.373 E465.45583
G1 X75.658 Y85.085 E465.46451
G1 X75.904 Y84.728 E465.47316
G1 X76.059 Y84.321 E465.48186
G1 X76.11 Y83.89 E465.49052
G1 X76.059 Y83.459 E465.49918
G1 X75.904 Y83.052 E465.50787
G1 X75.658 Y82.695 E465.51652
G1 X75.332 Y82.407 E465.5252
G1 X74.947 Y82.206 E465.53387
G1 X74.526 Y82.102 E465.54252
G1 X74.092 Y82.102 E465.55118
G1 X73.671 Y82.206 E465.55984
G1 X73.285 Y82.407 E465.56852
G1 X72.961 Y82.695 E465.57717
G1 X72.714 Y83.052 E465.58584
G1 X72.56 Y83.459 E465.59452
G1 X72.507 Y83.89 E465.60319
G1 X72.56 Y84.321 E465.61185
G1 X72.714 Y84.728 E465.62054
G1 X72.961 Y85.085 E465.6292
G1 X73.285 Y85.373 E465.63785
G1 X73.671 Y85.574 E465.64654
G1 X74.092 Y85.678 E465.65519
G1 X74.526 Y85.678 E465.66385
G0 F9000 X74.579 Y86.114
G0 X46.774 Y85.99
;TYPE:WALL-INNER
G1 F1800 X46.209 Y85.99 E465.67513
G1 X46.209 Y85.405 E465.6868
G1 X46.357 Y85.619 E465.68765
G1 X46.774 Y85.99 E465.69319
G0 F9000 X46.326 Y84.378
G0 X46.293 Y84.102
G0 X46.209 Y56.375
G1 F1800 X46.209 Y55.79 E465.70486
G1 X46.774 Y55.79 E465.71614
G1 X46.357 Y56.161 E465.72168
G1 X46.209 Y56.375 E465.72253
G1 F1500 E459.22253
G0 F9000 X48.064 Y55.863
G0 X74.554 Y55.863
G0 X76.409 Y56.374
G1 F1500 E465.72253
G1 F1800 X76.262 Y56.161 E465.72769
G1 X75.841 Y55.79 E465.73889
G1 X76.409 Y55.79 E465.74459
G1 X76.409 Y56.374 E465.75192
G0 F9000 X76.409 Y82.374
G1 F1800 X76.262 Y82.161 E465.75708
G1 X75.788 Y81.743 E465.7697
G1 X75.233 Y81.452 E465.7822
G1 X74.624 Y81.302 E465.79472
G1 X73.994 Y81.302 E465.80729
G1 X73.387 Y81.452 E465.81977
G1 X72.827 Y81.743 E465.83236
G1 X72.357 Y82.161 E465.84491
G1 X72 Y82.678 E465.85745
G1 X71.778 Y83.265 E465.86998
G1 X71.701 Y83.89 E465.88254
G1 X71.778 Y84.515 E465.89511
G1 X72 Y85.102 E465.90763
G1 X72.357 Y85.619 E465.92017
G1 X72.774 Y85.99 E465.93131
G1 X72.357 Y85.99 E465.93476
G1 X50.262 Y85.99 E466.37569
G1 X49.841 Y85.99 E466.38409
G1 X50.262 Y85.619 E466.39038
G1 X50.618 Y85.102 E466.40291
G1 X50.841 Y84.513 E466.41547
G1 X50.916 Y83.89 E466.428
G1 X50.841 Y83.267 E466.44052
G1 X50.618 Y82.678 E466.45309
G1 X50.262 Y82.161 E466.46561
G1 X49.788 Y81.743 E466.47823
G1 X49.233 Y81.452 E466.49073
G1 X48.624 Y81.302 E466.50325
G1 X47.994 Y81.302 E466.51582
G1 X47.387 Y81.452 E466.5283
G1 X46.827 Y81.743 E466.54089
G1 X46.357 Y82.161 E466.55344
G1 X46.209 Y82.375 E466.55864
G1 X46.209 Y59.405 E467.01703
G1 X46.357 Y59.619 E467.02222
G1 X46.827 Y60.037 E467.03477
G1 X47.387 Y60.328 E467.04737
G1 X47.994 Y60.478 E467.05984
G1 X48.624 Y60.478 E467.07242
G1 X49.233 Y60.328 E467.08493
G1 X49.788 Y60.037 E467.09744
G1 X50.262 Y59.619 E467.11005
G1 X50.618 Y59.102 E467.12258
G1 X50.841 Y58.513 E467.13515
G1 X50.916 Y57.89 E467.14767
G1 X50.841 Y57.267 E467.16019
G1 X50.618 Y56.678 E467.17276
G1 X50.262 Y56.161 E467.18529
G1 X49.841 Y55.79 E467.19648
G1 X50.262 Y55.79 E467.19997
G1 X72.357 Y55.79 E467.6409
G1 X72.774 Y55.79 E467.64923
G1 X72.357 Y56.161 E467.65549
G1 X72 Y56.678 E467.66803
G1 X71.778 Y57.265 E467.68055
G1 X71.701 Y57.89 E467.69312
G1 X71.778 Y58.515 E467.70569
G1 X72 Y59.102 E467.71821
G1 X72.357 Y59.619 E467.73075
G1 X72.827 Y60.037 E467.7433
G1 X73.387 Y60.328 E467.7559
G1 X73.994 Y60.478 E467.76837
G1 X74.624 Y60.478 E467.78095
G1 X75.233 Y60.328 E467.79346
G1 X75.788 Y60.037 E467.80597
G1 X76.262 Y59.619 E467.81858
G1 X76.409 Y59.406 E467.82375
G1 X76.409 Y82.374 E468.2821
G0 F9000 X76.409 Y85.99
G1 F1800 X75.841 Y85.99 E468.29343
G1 X76.262 Y85.619 E468.29904
G1 X76.409 Y85.406 E468.30421
G1 X76.409 Y85.99 E468.31158
G0 F9000 X76.809 Y86.39
G1 F1800 X74.575 Y86.39 E468.35616
G1 X74.043 Y86.39 E468.36446
G1 X48.575 Y86.39 E468.8727
G1 X48.043 Y86.39 E468.88101
G1 X45.809 Y86.39 E468.92559
G1 X45.809 Y84.418 E468.96494
G1 X45.809 Y83.89 E468.97359
G1 X45.809 Y83.362 E468.98223
G1 X45.809 Y58.418 E469.48002
G1 X45.809 Y57.89 E469.48867
G1 X45.809 Y57.362 E469.49731
G1 X45.809 Y55.39 E469.53667
G1 X48.043 Y55.39 E469.58125
G1 X48.575 Y55.39 E469.58955
G1 X74.043 Y55.39 E470.09779
G1 X74.575 Y55.39 E470.10609
G1 X76.809 Y55.39 E470.15067
G1 X76.809 Y57.363 E470.19005
G1 X76.809 Y57.89 E470.19868
G1 X76.809 Y58.417 E470.20731
G1 X76.809 Y83.363 E470.70513
G1 X76.809 Y83.89 E470.71376
G1 X76.809 Y84.417 E470.72239
G1 X76.809 Y86.39 E470.76177
G0 F9000 X77.209 Y86.79
;TYPE:WALL-OUTER
G1 F1800 X45.409 Y86.79 E471.39637
G1 X45.409 Y54.99 E472.03097
G1 X77.209 Y54.99 E472.66558
G1 X77.209 Y86.79 E473.30018
G1 F1500 E466.80018
G0 F9000 X76.909 Y86.52
G0 X76.293 Y83.402
G0 X76.117 Y82.94
G0 X75.838 Y82.535
G0 X75.468 Y82.209
G0 X75.032 Y81.981
G0 X74.554 Y81.863
G0 X74.064 Y81.863
G0 X73.777 Y81.935
G0 X73.312 Y81.254
G0 X69.995 Y74.676
G1 F1500 E473.30018
G0 F9000 X70.128 Y74.549
;TYPE:FILL
G1 F3600 X69.289 Y74.774 E473.31752
G0 F9000 X69.289 Y74.263
G1 F3600 X70.128 Y71.131 E473.38222
G0 F9000 X70.129 Y71.481
G1 F3600 X69.287 Y70.639 E473.40599
G0 F9000 X69.288 Y69.805
G1 F3600 X70.128 Y69.58 E473.42334
G1 F1500 E466.92334
G0 F9000 X69.909 Y69.58
G0 X69.429 Y69.112
G0 X53.189 Y69.112
G1 F1500 E473.42334
G0 F9000 X53.327 Y69.112
G1 F3600 X52.489 Y69.337 E473.44065
G0 F9000 X52.709 Y69.337
G0 X53.109 Y68.257
G0 X53.329 Y68.257
G1 F3600 X52.488 Y67.416 E473.46439
G0 F9000 X52.709 Y67.416
G0 X53.109 Y74.081
G0 X53.327 Y74.081
G1 F3600 X52.489 Y74.306 E473.4817
G1 X52.488 Y74.205
G1 X53.092 Y74.809 E473.49875
G0 F9000 X53.399 Y74.88
;TYPE:SKIN
G1 F1800 X53.399 Y66.9 E473.658
G1 X52.419 Y66.9 E473.67756
G1 X52.419 Y74.88 E473.83681
G1 X53.399 Y74.88 E473.85636
G1 F1500 E467.35636
G0 F9000 X53.109 Y74.62
G0 X52.623 Y74.676
G0 X49.308 Y81.254
G0 X49.851 Y81.652
G1 F1500 E473.85636
G0 F9000 X50.01 Y81.419
G1 F1800 X49.372 Y81.085 E473.87074
G1 X48.671 Y80.912 E473.88514
G1 X47.947 Y80.912 E473.89959
G1 X47.248 Y81.085 E473.91396
G1 X46.599 Y81.423 E473.92857
G1 X46.599 Y60.357 E474.34896
G1 X47.248 Y60.695 E474.36356
G1 X47.947 Y60.868 E474.37793
G1 X48.671 Y60.868 E474.39238
G1 X49.372 Y60.695 E474.40679
G1 X50.01 Y60.361 E474.42116
G1 X50.556 Y59.88 E474.43568
G1 X50.966 Y59.284 E474.45012
G1 X51.223 Y58.607 E474.46457
G1 X51.308 Y57.89 E474.47898
G1 X51.223 Y57.173 E474.49339
G1 X50.966 Y56.496 E474.50784
G1 X50.749 Y56.18 E474.51549
G1 X71.87 Y56.18 E474.93698
G1 X71.653 Y56.495 E474.94461
G1 X71.396 Y57.171 E474.95905
G1 X71.308 Y57.89 E474.9735
G1 X71.396 Y58.609 E474.98796
G1 X71.653 Y59.285 E475.00239
G1 X72.063 Y59.879 E475.01679
G1 X72.604 Y60.361 E475.03125
G1 X73.248 Y60.695 E475.04573
G1 X73.947 Y60.868 E475.0601
G1 X74.671 Y60.868 E475.07455
G1 X75.372 Y60.695 E475.08896
G1 X76.01 Y60.361 E475.10333
G1 X76.019 Y60.353 E475.10357
G1 X76.019 Y81.427 E475.52412
G1 X76.01 Y81.419 E475.52436
G1 X75.372 Y81.085 E475.53873
G1 X74.671 Y80.912 E475.55314
G1 X73.947 Y80.912 E475.56759
G1 X73.248 Y81.085 E475.58196
G1 X72.604 Y81.419 E475.59644
G1 X72.063 Y81.901 E475.6109
G1 X71.653 Y82.495 E475.6253
G1 X71.396 Y83.171 E475.63973
G1 X71.308 Y83.89 E475.65419
G1 X71.396 Y84.609 E475.66865
G1 X71.653 Y85.285 E475.68308
G1 X71.87 Y85.6 E475.69071
G1 X50.749 Y85.6 E476.1122
G1 X50.966 Y85.284 E476.11985
G1 X51.223 Y84.607 E476.1343
G1 X51.308 Y83.89 E476.14871
G1 X51.223 Y83.173 E476.16312
G1 X50.966 Y82.496 E476.17757
G1 X50.556 Y81.9 E476.19201
G1 X50.01 Y81.419 E476.20653
G1 F1500 E469.70653
G0 F9000 X49.851 Y81.652
G0 X50.42 Y82.021
G0 X49.008 Y83.274
G0 X78.074 Y74.676
G0 X69.423 Y74.676
G1 F1500 E476.20653
G0 F9000 X69.219 Y74.88
G1 F1800 X70.199 Y74.88 E476.22609
G1 X70.199 Y66.9 E476.38534
G1 X69.219 Y66.9 E476.40489
G1 X69.219 Y74.88 E476.56414
G1 F1500 E470.06414
G0 F9000 X69.509 Y74.62
G0 X69.995 Y74.676
G0 X73.968 Y81.092
G0 X75.441 Y81.436
G1 F1500 E476.56414
G0 F9000 X75.646 Y81.047
G1 F1800 X75.858 Y80.836 E476.57011
G0 F9000 X75.858 Y80.27
G1 F1800 X75.24 Y80.888 E476.58755
G0 F9000 X74.787 Y80.776
G1 F1800 X75.858 Y79.705 E476.61778
G0 F9000 X75.858 Y79.139
G1 F1800 X74.246 Y80.751 E476.66327
G0 F9000 X73.599 Y80.832
G1 F1800 X75.858 Y78.573 E476.72703
G0 F9000 X75.858 Y78.008
G1 F1800 X72.653 Y81.212 E476.81747
G0 F9000 X72.856 Y81.603
G0 X72.013 Y82.465
G0 X71.651 Y82.215
G1 F1800 X68.426 Y85.439 E476.90847
G0 F9000 X67.861 Y85.439
G1 F1800 X75.858 Y77.442 E477.13416
G0 F9000 X75.858 Y76.876
G1 F1800 X67.295 Y85.439 E477.37583
G0 F9000 X66.729 Y85.439
G1 F1800 X75.858 Y76.31 E477.63347
G0 F9000 X75.858 Y75.745
G1 F1800 X66.163 Y85.439 E477.90707
G0 F9000 X65.598 Y85.439
G1 F1800 X75.858 Y75.179 E478.19663
G0 F9000 X75.858 Y74.613
G1 F1800 X65.032 Y85.439 E478.50216
G0 F9000 X64.466 Y85.439
G1 F1800 X75.858 Y74.048 E478.82365
G0 F9000 X75.858 Y73.482
G1 F1800 X63.901 Y85.439 E479.1611
G0 F9000 X63.335 Y85.439
G1 F1800 X75.858 Y72.916 E479.51453
G0 F9000 X75.858 Y72.351
G1 F1800 X62.769 Y85.439 E479.88392
G0 F9000 X62.204 Y85.439
G1 F1800 X75.858 Y71.785 E480.26926
G0 F9000 X75.858 Y71.219
G1 F1800 X61.638 Y85.439 E480.67058
G0 F9000 X61.072 Y85.439
G1 F1800 X75.857 Y70.654 E481.08785
G0 F9000 X75.857 Y70.089
G1 F1800 X60.507 Y85.439 E481.52106
G0 F9000 X59.941 Y85.439
G1 F1800 X70.342 Y75.038 E481.81459
G1 X70.359 Y75.021
G1 X75.857 Y69.523 E481.96976
G0 F9000 X75.857 Y68.957
G1 F1800 X70.359 Y74.456 E482.12494
G0 F9000 X70.359 Y73.89
G1 F1800 X75.857 Y68.392 E482.2801
G0 F9000 X75.857 Y67.826
G1 F1800 X70.359 Y73.324 E482.43527
G0 F9000 X70.359 Y72.759
G1 F1800 X75.857 Y67.26 E482.59045
G0 F9000 X75.857 Y66.695
G1 F1800 X70.359 Y72.193 E482.74561
G0 F9000 X70.359 Y71.627
G1 F1800 X75.857 Y66.129 E482.90078
G0 F9000 X75.857 Y65.563
G1 F1800 X70.359 Y71.062 E483.05596
G0 F9000 X70.359 Y70.496
G1 F1800 X75.857 Y64.997 E483.21114
G0 F9000 X75.857 Y64.432
G1 F1800 X70.359 Y69.93 E483.3663
G0 F9000 X70.359 Y69.365
G1 F1800 X75.857 Y63.866 E483.52148
G0 F9000 X75.857 Y63.3
G1 F1800 X70.359 Y68.799 E483.67666
G0 F9000 X70.359 Y68.233
G1 F1800 X75.857 Y62.735 E483.83183
G0 F9000 X75.857 Y62.169
G1 F1800 X70.359 Y67.667 E483.98699
G0 F9000 X70.359 Y67.102
G1 F1800 X75.857 Y61.603 E484.14217
G0 F9000 X75.857 Y61.038
G1 F1800 X70.155 Y66.74 E484.3031
G0 F9000 X69.589 Y66.74
G1 F1800 X75.545 Y60.785 E484.47117
G0 F9000 X74.752 Y61.012
G1 F1800 X51.414 Y84.35 E485.12982
G0 F9000 X51.451 Y83.746
G1 F1800 X74.17 Y61.028 E485.77099
G0 F9000 X73.669 Y60.963
G1 F1800 X51.392 Y83.24 E486.39969
G0 F9000 X51.258 Y82.809
G1 F1800 X73.215 Y60.851 E487.01938
G0 F9000 X72.839 Y60.662
G1 F1800 X51.098 Y82.403 E487.63296
G0 F9000 X50.867 Y82.068
G1 F1800 X72.475 Y60.46 E488.24278
G0 F9000 X72.176 Y60.193
G1 F1800 X50.623 Y81.746 E488.85106
G0 F9000 X50.323 Y81.481
G1 F1800 X71.89 Y59.913 E489.45974
G0 F9000 X71.66 Y59.578
G1 F1800 X50.004 Y81.234 E490.07092
G0 F9000 X49.632 Y81.04
G1 F1800 X71.455 Y59.218 E490.68679
G0 F9000 X71.298 Y58.808
G1 F1800 X49.223 Y80.883 E491.3098
G0 F9000 X48.77 Y80.771
G1 F1800 X71.201 Y58.34 E491.94285
G0 F9000 X71.154 Y57.821
G1 F1800 X48.224 Y80.751 E492.58998
G0 F9000 X47.569 Y80.84
G1 F1800 X53.371 Y75.038 E492.75373
G0 F9000 X53.559 Y74.851
G1 F1800 X71.232 Y57.178 E493.2525
G0 F9000 X71.505 Y56.339
G1 F1800 X53.559 Y74.285 E493.75897
G0 F9000 X53.559 Y73.72
G1 F1800 X70.939 Y56.339 E494.24949
G0 F9000 X70.374 Y56.339
G1 F1800 X53.559 Y73.154 E494.72405
G0 F9000 X53.559 Y72.588
G1 F1800 X69.808 Y56.339 E495.18263
G0 F9000 X69.242 Y56.339
G1 F1800 X53.559 Y72.023 E495.62525
G0 F9000 X53.559 Y71.457
G1 F1800 X68.677 Y56.339 E496.05191
G0 F9000 X68.111 Y56.339
G1 F1800 X53.559 Y70.891 E496.4626
G0 F9000 X53.559 Y70.326
G1 F1800 X67.545 Y56.339 E496.85733
G0 F9000 X66.979 Y56.339
G1 F1800 X53.559 Y69.76 E497.23609
G0 F9000 X53.559 Y69.194
G1 F1800 X66.414 Y56.339 E497.59888
G0 F9000 X65.848 Y56.339
G1 F1800 X53.559 Y68.628 E497.9457
G0 F9000 X53.559 Y68.063
G1 F1800 X65.282 Y56.339 E498.27657
G0 F9000 X64.717 Y56.339
G1 F1800 X53.559 Y67.497 E498.59147
G0 F9000 X53.559 Y66.931
G1 F1800 X64.151 Y56.339 E498.8904
G0 F9000 X63.585 Y56.339
G1 F1800 X53.185 Y66.739 E499.18391
G0 F9000 X52.62 Y66.739
G1 F1800 X63.02 Y56.339 E499.47742
G0 F9000 X62.454 Y56.339
G1 F1800 X46.758 Y72.035 E499.92039
G0 F9000 X46.758 Y72.6
G1 F1800 X52.258 Y67.1 E500.07562
G0 F9000 X52.258 Y67.666
G1 F1800 X46.758 Y73.166 E500.23084
G0 F9000 X46.758 Y73.732
G1 F1800 X52.258 Y68.232 E500.38606
G0 F9000 X52.258 Y68.797
G1 F1800 X46.758 Y74.297 E500.54128
G0 F9000 X46.758 Y74.863
G1 F1800 X52.258 Y69.363 E500.6965
G0 F9000 X52.258 Y69.929
G1 F1800 X46.758 Y75.429 E500.85173
G0 F9000 X46.758 Y75.994
G1 F1800 X52.258 Y70.495 E501.00693
G0 F9000 X52.258 Y71.06
G1 F1800 X46.758 Y76.56 E501.16215
G0 F9000 X46.758 Y77.126
G1 F1800 X52.258 Y71.626 E501.31738
G0 F9000 X52.258 Y72.192
G1 F1800 X46.758 Y77.691 E501.47258
G0 F9000 X46.758 Y78.257
G1 F1800 X52.258 Y72.757 E501.62781
G0 F9000 X52.258 Y73.323
G1 F1800 X46.758 Y78.823 E501.78303
G0 F9000 X46.758 Y79.388
G1 F1800 X52.258 Y73.889 E501.93824
G0 F9000 X52.258 Y74.454
G1 F1800 X46.758 Y79.954 E502.09346
G0 F9000 X46.758 Y80.52
G1 F1800 X52.258 Y75.02 E502.24868
G0 F9000 X52.806 Y75.038
G1 F1800 X46.758 Y81.086 E502.41937
G0 F9000 X46.319 Y81.086
G0 X46.403 Y81.861
G0 X48.554 Y81.863
G0 X49.032 Y81.981
G0 X49.468 Y82.209
G0 X49.838 Y82.535
G0 X50.089 Y82.899
G0 X50.782 Y84.98
G0 X51.193 Y85.136
G1 F1800 X69.058 Y67.272 E502.92354
G0 F9000 X69.058 Y67.837
G1 F1800 X51.456 Y85.439 E503.42031
G0 F9000 X52.021 Y85.439
G1 F1800 X69.058 Y68.403 E503.90112
G0 F9000 X69.058 Y68.969
G1 F1800 X52.587 Y85.439 E504.36595
G0 F9000 X53.153 Y85.439
G1 F1800 X69.058 Y69.534 E504.81482
G0 F9000 X69.058 Y70.1
G1 F1800 X53.718 Y85.439 E505.24774
G0 F9000 X54.284 Y85.439
G1 F1800 X69.058 Y70.666 E505.66468
G0 F9000 X69.058 Y71.231
G1 F1800 X54.85 Y85.439 E506.06566
G0 F9000 X55.415 Y85.439
G1 F1800 X69.058 Y71.797 E506.45068
G0 F9000 X69.058 Y72.363
G1 F1800 X55.981 Y85.439 E506.81972
G0 F9000 X56.547 Y85.439
G1 F1800 X69.058 Y72.928 E507.17281
G0 F9000 X69.058 Y73.494
G1 F1800 X57.113 Y85.439 E507.50993
G0 F9000 X57.678 Y85.439
G1 F1800 X69.058 Y74.06 E507.83108
G0 F9000 X69.058 Y74.625
G1 F1800 X58.244 Y85.439 E508.13627
G0 F9000 X58.81 Y85.439
G1 F1800 X69.21 Y75.038 E508.4298
G0 F9000 X69.776 Y75.038
G1 F1800 X59.375 Y85.439 E508.72334
G0 F9000 X59.375 Y85.88
G0 X68.992 Y85.88
G0 X68.992 Y85.439
G1 F1800 X71.23 Y83.201 E508.7865
G0 F9000 X71.153 Y83.844
G1 F1800 X69.558 Y85.439 E508.83151
G0 F9000 X70.123 Y85.439
G1 F1800 X71.204 Y84.359 E508.86201
G0 F9000 X71.305 Y84.823
G1 F1800 X70.689 Y85.439 E508.87939
G0 F9000 X71.255 Y85.439
G1 F1800 X71.461 Y85.233 E508.88521
G1 F1500 E502.38521
G0 F9000 X71.873 Y85.078
G0 X72.26 Y85.792
G0 X50.359 Y85.792
G0 X50.391 Y82.047
G0 X46.729 Y81.601
G0 X46.403 Y81.861
G0 X46.319 Y71.469
G1 F1500 E508.88521
G0 F9000 X46.758 Y71.469
G1 F1800 X61.888 Y56.339 E509.31221
G0 F9000 X61.323 Y56.339
G1 F1800 X46.758 Y70.903 E509.72325
G0 F9000 X46.758 Y70.338
G1 F1800 X60.757 Y56.339 E510.11833
G0 F9000 X60.191 Y56.339
G1 F1800 X46.758 Y69.772 E510.49744
G0 F9000 X46.758 Y69.206
G1 F1800 X59.626 Y56.339 E510.86059
G0 F9000 X59.06 Y56.339
G1 F1800 X46.758 Y68.64 E511.20776
G0 F9000 X46.758 Y68.075
G1 F1800 X58.494 Y56.339 E511.53898
G0 F9000 X57.929 Y56.339
G1 F1800 X46.758 Y67.509 E511.85423
G0 F9000 X46.758 Y66.943
G1 F1800 X57.363 Y56.339 E512.15352
G0 F9000 X56.797 Y56.339
G1 F1800 X46.758 Y66.378 E512.43684
G0 F9000 X46.758 Y65.812
G1 F1800 X56.231 Y56.339 E512.70419
G0 F9000 X55.666 Y56.339
G1 F1800 X46.758 Y65.246 E512.95557
G0 F9000 X46.758 Y64.681
G1 F1800 X55.1 Y56.339 E513.191
G0 F9000 X54.534 Y56.339
G1 F1800 X46.758 Y64.115 E513.41046
G0 F9000 X46.758 Y63.549
G1 F1800 X49.501 Y60.806 E513.48787
G0 F9000 X48.725 Y61.017
G1 F1800 X46.758 Y62.984 E513.54339
G0 F9000 X46.758 Y62.418
G1 F1800 X48.15 Y61.026 E513.58267
G0 F9000 X47.653 Y60.958
G1 F1800 X46.758 Y61.852 E513.60792
G0 F9000 X46.758 Y61.287
G1 F1800 X47.2 Y60.845 E513.62039
G0 F9000 X46.826 Y60.654
G1 F1800 X46.758 Y60.721 E513.6223
G0 F9000 X46.319 Y60.721
G0 X46.403 Y59.919
G0 X48.554 Y59.917
G0 X48.941 Y59.822
G0 X50.795 Y58.946
G0 X51.206 Y59.102
G1 F1800 X53.969 Y56.339 E513.70027
G0 F9000 X53.403 Y56.339
G1 F1800 X51.416 Y58.326 E513.75635
G0 F9000 X51.449 Y57.728
G1 F1800 X52.837 Y56.339 E513.79554
G0 F9000 X52.272 Y56.339
G1 F1800 X51.39 Y57.221 E513.82043
G0 F9000 X51.251 Y56.794
G1 F1800 X51.706 Y56.339 E513.83327
G0 F9000 X51.706 Y55.9
G0 X50.66 Y55.9
G0 X50.66 Y55.971
;TYPE:SKIN
G1 F1800 X50.462 Y56.169 E513.83606
G0 F9000 X50.336 Y56.012
G1 F1800 X50.399 Y55.949 E513.83695
G0 F9000 X50.399 Y55.9
G0 X50.293 Y57.402
G0 X50.351 Y57.89
G0 X50.293 Y58.378
G0 X50.117 Y58.84
G0 X49.838 Y59.245
G0 X49.468 Y59.571
G0 X49.032 Y59.799
G0 X48.762 Y59.865
G0 X46.623 Y60.004
G0 X46.591 Y60.039
G1 F1800 X46.515 Y60.116 E513.83803
G0 F9000 X46.369 Y59.979
G1 F1800 X46.442 Y59.906 E513.83906
G0 F9000 X46.379 Y59.864
G0 X46.319 Y81.717
G0 X46.41 Y81.717
G1 F1800 X46.368 Y81.759 E513.83966
G0 F9000 X46.319 Y81.759
G0 X47.038 Y82.306
G0 X47.586 Y81.981
G0 X48.064 Y81.863
G0 X48.554 Y81.863
G0 X49.032 Y81.981
G0 X49.468 Y82.209
G0 X49.838 Y82.535
G0 X50.117 Y82.94
G0 X50.293 Y83.402
G0 X50.351 Y83.89
G0 X50.359 Y85.792
G0 X50.5 Y85.829
G1 F1800 X50.612 Y85.717 E513.84124
G0 F9000 X50.612 Y85.88
G0 X71.996 Y85.88
G0 X71.996 Y85.829
G1 F1800 X72.18 Y85.645 E513.84383
G0 F9000 X72.222 Y85.617
G0 X72.326 Y83.402
G0 X72.501 Y82.94
G0 X72.781 Y82.535
G0 X73.149 Y82.209
G0 X73.586 Y81.981
G0 X73.973 Y81.886
G0 X76.024 Y81.805
G0 X76.058 Y81.767
G1 F1800 X76.248 Y81.577 E513.84651
G0 F9000 X76.299 Y81.577
G0 X76.299 Y60.208
G0 X76.121 Y60.208
G1 F1800 X76.248 Y60.082 E513.8483
G0 F9000 X76.299 Y60.082
G0 X74.064 Y59.917
G0 X73.586 Y59.799
G0 X73.149 Y59.571
G0 X72.781 Y59.245
G0 X72.501 Y58.84
G0 X72.326 Y58.378
G0 X72.265 Y57.89
G0 X72.326 Y57.402
G0 X72.501 Y56.94
G0 X72.664 Y56.705
G0 X72.177 Y55.9
G0 X72.177 Y55.949
G1 F1800 X72.025 Y56.101 E513.85044
G0 F9000 X73.03 Y55.662
G1 F1800 X73.278 Y55.697 E513.85694
G0 F9000 X73.411 Y55.565
G0 X75.037 Y55.635
G0 X75.072 Y55.599
G1 F1800 X75.317 Y55.638 E513.85847
G1 X75.642 Y55.878 E513.86096
G1 X76.527 Y56.69 E513.86835
G1 X76.566 Y56.934 E513.86988
G0 F9000 X76.633 Y56.868
G0 X76.595 Y58.602
G0 X76.571 Y58.626
G1 F1800 X76.457 Y59.023 E513.87491
G1 X76.565 Y59.198 E513.87742
G0 F9000 X76.632 Y59.131
G0 X76.42 Y82.537
G0 X76.369 Y82.587
G1 F1800 X76.531 Y82.708 E513.88016
G1 X76.569 Y82.952 E513.88351
G0 F9000 X76.506 Y83.016
G0 X76.615 Y84.605
G0 X76.574 Y84.645
G1 F1800 X76.466 Y85.036 E513.88859
G1 X76.574 Y85.21 E513.89115
G0 F9000 X76.634 Y85.151
G0 X75.639 Y85.863
G0 X75.463 Y86.038
G1 F1800 X75.065 Y86.154 E513.89477
G1 X75.637 Y86.147 E513.89976
G0 F9000 X75.704 Y86.081
G0 X73.428 Y86.095
G0 X73.368 Y86.154
G1 F1800 X73.133 Y86.106 E513.90344
G1 X72.994 Y85.963 E513.90651
G0 F9000 X73.056 Y85.901
G0 X49.698 Y86.066
G0 X49.623 Y86.14
G1 F1800 X49.434 Y86.046 E513.91334
G0 F9000 X49.602 Y85.879
G0 X47.413 Y86.088
G0 X47.35 Y86.151
G1 F1800 X47.115 Y86.102 E513.91692
G1 X46.993 Y85.941 E513.91994
G0 F9000 X47.042 Y85.893
G0 X46.217 Y85.021
G0 X46.1 Y85.137
G1 F1800 X46.059 Y84.896 E513.92292
G1 X46.02 Y84.651 E513.92594
G0 F9000 X46.057 Y84.615
G0 X45.983 Y82.992
G0 X46.098 Y82.876
G1 F1800 X46.074 Y82.618 E513.93176
G0 F9000 X46.165 Y82.527
G0 X45.983 Y59.233
G0 X46.095 Y59.121
G1 F1800 X46.305 Y59.193 E513.93367
G1 X46.017 Y58.633 E513.93907
G0 F9000 X46.051 Y58.6
G0 X45.984 Y56.97
G0 X46.123 Y56.831
G1 F1800 X46.066 Y56.604 E513.94532
G0 F9000 X45.984 Y56.687
G0 X46.928 Y55.743
G0 X47.017 Y55.653
G1 F1800 X47.245 Y55.709 E513.95196
G0 F9000 X47.1 Y55.854
G0 X49.04 Y55.611
G1 F1800 X49.087 Y55.564 E513.95262
G0 F9000 X49.3 Y55.633
G1 F1800 X49.534 Y55.682 E513.95614
G1 X49.629 Y55.869 E513.95922
G0 F9000 X49.614 Y55.877
;MESH:NONMESH
G0 F300 X49.614 Y55.877 Z1.56
G0 F9000 X72.26 Y55.988
G0 X72.184 Y59.304
G0 X74.575 Y60.078
;TIME_ELAPSED:1191.952718
;LAYER:12
;TYPE:WALL-INNER
;MESH:HBridgeMount.stl
G1 F1800 X75.09 Y59.951 E513.96981
G1 X75.56 Y59.705 E513.98039
G1 X75.96 Y59.352 E513.99104
G1 X76.261 Y58.915 E514.00163
G1 X76.45 Y58.417 E514.01226
G1 X76.513 Y57.89 E514.02285
G1 X76.45 Y57.363 E514.03344
G1 X76.261 Y56.865 E514.04407
G1 X75.96 Y56.428 E514.05466
G1 X75.56 Y56.075 E514.06531
G1 X75.09 Y55.829 E514.07589
G1 X74.575 Y55.702 E514.08648
G1 X74.043 Y55.702 E514.09709
G1 X73.529 Y55.829 E514.10766
G1 X73.056 Y56.075 E514.1183
G1 X72.659 Y56.428 E514.1289
G1 X72.357 Y56.865 E514.1395
G1 X72.169 Y57.362 E514.15011
G1 X72.104 Y57.89 E514.16072
G1 X72.169 Y58.418 E514.17134
G1 X72.357 Y58.915 E514.18194
G1 X72.659 Y59.352 E514.19254
G1 X73.056 Y59.705 E514.20314
G1 X73.529 Y59.951 E514.21378
G1 X74.043 Y60.078 E514.22435
G1 X74.575 Y60.078 E514.23497
G0 F9000 X74.526 Y59.678
;TYPE:WALL-OUTER
G1 F1800 X74.947 Y59.574 E514.24362
G1 X75.332 Y59.373 E514.25229
G1 X75.658 Y59.085 E514.26097
G1 X75.904 Y58.728 E514.26962
G1 X76.059 Y58.321 E514.27831
G1 X76.11 Y57.89 E514.28697
G1 X76.059 Y57.459 E514.29563
G1 X75.904 Y57.052 E514.30433
G1 X75.658 Y56.695 E514.31298
G1 X75.332 Y56.407 E514.32166
G1 X74.947 Y56.206 E514.33033
G1 X74.526 Y56.102 E514.33898
G1 X74.092 Y56.102 E514.34764
G1 X73.671 Y56.206 E514.35629
G1 X73.285 Y56.407 E514.36498
G1 X72.961 Y56.695 E514.37363
G1 X72.714 Y57.052 E514.38229
G1 X72.56 Y57.459 E514.39098
G1 X72.507 Y57.89 E514.39964
G1 X72.56 Y58.321 E514.40831
G1 X72.714 Y58.728 E514.41699
G1 X72.961 Y59.085 E514.42566
G1 X73.285 Y59.373 E514.43431
G1 X73.671 Y59.574 E514.44299
G1 X74.092 Y59.678 E514.45165
G1 X74.526 Y59.678 E514.46031
G0 F9000 X74.579 Y60.114
G1 F1500 E507.96031
G0 F9000 X71.848 Y59.182
G0 X72.26 Y55.988
G0 X50.359 Y55.988
G0 X50.384 Y59.021
G0 X49.09 Y59.951
;TYPE:WALL-INNER
G1 F1500 E514.46031
G1 F1800 X49.56 Y59.705 E514.47089
G1 X49.96 Y59.352 E514.48154
G1 X50.261 Y58.915 E514.49213
G1 X50.45 Y58.417 E514.50276
G1 X50.513 Y57.89 E514.51335
G1 X50.45 Y57.363 E514.52394
G1 X50.261 Y56.865 E514.53457
G1 X49.96 Y56.428 E514.54516
G1 X49.56 Y56.075 E514.55581
G1 X49.09 Y55.829 E514.56639
G1 X48.575 Y55.702 E514.57698
G1 X48.043 Y55.702 E514.5876
G1 X47.529 Y55.829 E514.59816
G1 X47.056 Y56.075 E514.6088
G1 X46.659 Y56.428 E514.6194
G1 X46.357 Y56.865 E514.63
G1 X46.169 Y57.362 E514.64061
G1 X46.104 Y57.89 E514.65122
G1 X46.169 Y58.418 E514.66184
G1 X46.357 Y58.915 E514.67244
G1 X46.659 Y59.352 E514.68305
G1 X47.056 Y59.705 E514.69365
G1 X47.529 Y59.951 E514.70429
G1 X48.043 Y60.078 E514.71485
G1 X48.575 Y60.078 E514.72547
G1 X49.09 Y59.951 E514.73605
G0 F9000 X48.947 Y59.574
;TYPE:WALL-OUTER
G1 F1800 X49.332 Y59.373 E514.74472
G1 X49.658 Y59.085 E514.7534
G1 X49.904 Y58.728 E514.76205
G1 X50.059 Y58.321 E514.77075
G1 X50.11 Y57.89 E514.77941
G1 X50.059 Y57.459 E514.78807
G1 X49.904 Y57.052 E514.79676
G1 X49.658 Y56.695 E514.80541
G1 X49.332 Y56.407 E514.81409
G1 X48.947 Y56.206 E514.82276
G1 X48.526 Y56.102 E514.83141
G1 X48.092 Y56.102 E514.84007
G1 X47.671 Y56.206 E514.84873
G1 X47.285 Y56.407 E514.85741
G1 X46.961 Y56.695 E514.86606
G1 X46.714 Y57.052 E514.87473
G1 X46.56 Y57.459 E514.88341
G1 X46.507 Y57.89 E514.89208
G1 X46.56 Y58.321 E514.90074
G1 X46.714 Y58.728 E514.90943
G1 X46.961 Y59.085 E514.91809
G1 X47.285 Y59.373 E514.92674
G1 X47.671 Y59.574 E514.93543
G1 X48.092 Y59.678 E514.94408
G1 X48.526 Y59.678 E514.95274
G1 X48.947 Y59.574 E514.96139
G0 F9000 X49.102 Y59.985
G1 F1500 E508.46139
G0 F9000 X46.403 Y59.919
G0 X46.403 Y81.861
G0 X49.091 Y81.239
G0 X50.117 Y82.94
G0 X50.293 Y83.402
G0 X50.351 Y83.89
G0 X50.293 Y84.378
G0 X50.117 Y84.84
G0 X49.96 Y85.068
G0 X49.09 Y85.951
;TYPE:WALL-INNER
G1 F1500 E514.96139
G1 F1800 X49.56 Y85.705 E514.97198
G1 X49.96 Y85.352 E514.98263
G1 X50.261 Y84.915 E514.99322
G1 X50.45 Y84.417 E515.00385
G1 X50.513 Y83.89 E515.01444
G1 X50.45 Y83.363 E515.02503
G1 X50.261 Y82.865 E515.03566
G1 X49.96 Y82.428 E515.04625
G1 X49.56 Y82.075 E515.0569
G1 X49.09 Y81.829 E515.06748
G1 X48.575 Y81.702 E515.07807
G1 X48.043 Y81.702 E515.08868
G1 X47.529 Y81.829 E515.09925
G1 X47.056 Y82.075 E515.10989
G1 X46.659 Y82.428 E515.12049
G1 X46.357 Y82.865 E515.13109
G1 X46.169 Y83.362 E515.1417
G1 X46.104 Y83.89 E515.15231
G1 X46.169 Y84.418 E515.16293
G1 X46.357 Y84.915 E515.17353
G1 X46.659 Y85.352 E515.18413
G1 X47.056 Y85.705 E515.19473
G1 X47.529 Y85.951 E515.20537
G1 X48.043 Y86.078 E515.21594
G1 X48.575 Y86.078 E515.22656
G1 X49.09 Y85.951 E515.23714
G0 F9000 X48.947 Y85.574
;TYPE:WALL-OUTER
G1 F1800 X49.332 Y85.373 E515.24581
G1 X49.658 Y85.085 E515.25449
G1 X49.904 Y84.728 E515.26314
G1 X50.059 Y84.321 E515.27183
G1 X50.11 Y83.89 E515.28049
G1 X50.059 Y83.459 E515.28915
G1 X49.904 Y83.052 E515.29785
G1 X49.658 Y82.695 E515.3065
G1 X49.332 Y82.407 E515.31518
G1 X48.947 Y82.206 E515.32385
G1 X48.526 Y82.102 E515.3325
G1 X48.092 Y82.102 E515.34116
G1 X47.671 Y82.206 E515.34981
G1 X47.285 Y82.407 E515.3585
G1 X46.961 Y82.695 E515.36715
G1 X46.714 Y83.052 E515.37581
G1 X46.56 Y83.459 E515.3845
G1 X46.507 Y83.89 E515.39316
G1 X46.56 Y84.321 E515.40183
G1 X46.714 Y84.728 E515.41051
G1 X46.961 Y85.085 E515.41918
G1 X47.285 Y85.373 E515.42783
G1 X47.671 Y85.574 E515.43651
G1 X48.092 Y85.678 E515.44517
G1 X48.526 Y85.678 E515.45383
G1 X48.947 Y85.574 E515.46248
G0 F9000 X49.102 Y85.985
G0 X74.575 Y86.078
;TYPE:WALL-INNER
G1 F1800 X75.09 Y85.951 E515.47307
G1 X75.56 Y85.705 E515.48365
G1 X75.96 Y85.352 E515.4943
G1 X76.261 Y84.915 E515.50489
G1 X76.45 Y84.417 E515.51552
G1 X76.513 Y83.89 E515.52611
G1 X76.45 Y83.363 E515.5367
G1 X76.261 Y82.865 E515.54733
G1 X75.96 Y82.428 E515.55792
G1 X75.56 Y82.075 E515.56857
G1 X75.09 Y81.829 E515.57915
G1 X74.575 Y81.702 E515.58974
G1 X74.043 Y81.702 E515.60036
G1 X73.529 Y81.829 E515.61092
G1 X73.056 Y82.075 E515.62156
G1 X72.659 Y82.428 E515.63216
G1 X72.357 Y82.865 E515.64276
G1 X72.169 Y83.362 E515.65337
G1 X72.104 Y83.89 E515.66398
G1 X72.169 Y84.418 E515.6746
G1 X72.357 Y84.915 E515.6852
G1 X72.659 Y85.352 E515.69581
G1 X73.056 Y85.705 E515.70641
G1 X73.529 Y85.951 E515.71705
G1 X74.043 Y86.078 E515.72761
G1 X74.575 Y86.078 E515.73823
G0 F9000 X74.526 Y85.678
;TYPE:WALL-OUTER
G1 F1800 X74.947 Y85.574 E515.74688
G1 X75.332 Y85.373 E515.75555
G1 X75.658 Y85.085 E515.76423
G1 X75.904 Y84.728 E515.77288
G1 X76.059 Y84.321 E515.78157
G1 X76.11 Y83.89 E515.79024
G1 X76.059 Y83.459 E515.7989
G1 X75.904 Y83.052 E515.80759
G1 X75.658 Y82.695 E515.81624
G1 X75.332 Y82.407 E515.82492
G1 X74.947 Y82.206 E515.83359
G1 X74.526 Y82.102 E515.84224
G1 X74.092 Y82.102 E515.8509
G1 X73.671 Y82.206 E515.85956
G1 X73.285 Y82.407 E515.86824
G1 X72.961 Y82.695 E515.87689
G1 X72.714 Y83.052 E515.88556
G1 X72.56 Y83.459 E515.89424
G1 X72.507 Y83.89 E515.90291
G1 X72.56 Y84.321 E515.91157
G1 X72.714 Y84.728 E515.92026
G1 X72.961 Y85.085 E515.92892
G1 X73.285 Y85.373 E515.93757
G1 X73.671 Y85.574 E515.94625
G1 X74.092 Y85.678 E515.95491
G1 X74.526 Y85.678 E515.96357
G0 F9000 X74.579 Y86.114
G0 X46.774 Y85.99
;TYPE:WALL-INNER
G1 F1800 X46.209 Y85.99 E515.97484
G1 X46.209 Y85.405 E515.98652
G1 X46.357 Y85.619 E515.98737
G1 X46.774 Y85.99 E515.99291
G0 F9000 X46.326 Y84.378
G0 X46.293 Y84.102
G0 X46.209 Y56.375
G1 F1800 X46.209 Y55.79 E516.00458
G1 X46.774 Y55.79 E516.01586
G1 X46.357 Y56.161 E516.02139
G1 X46.209 Y56.375 E516.02225
G1 F1500 E509.52225
G0 F9000 X48.064 Y55.863
G0 X74.554 Y55.863
G0 X76.409 Y56.374
G1 F1500 E516.02225
G1 F1800 X76.262 Y56.161 E516.02741
G1 X75.841 Y55.79 E516.03861
G1 X76.409 Y55.79 E516.04431
G1 X76.409 Y56.374 E516.05164
G0 F9000 X76.409 Y82.374
G1 F1800 X76.262 Y82.161 E516.0568
G1 X75.788 Y81.743 E516.06941
G1 X75.233 Y81.452 E516.08192
G1 X74.624 Y81.302 E516.09444
G1 X73.994 Y81.302 E516.10701
G1 X73.387 Y81.452 E516.11949
G1 X72.827 Y81.743 E516.13208
G1 X72.357 Y82.161 E516.14463
G1 X72 Y82.678 E516.15717
G1 X71.778 Y83.265 E516.1697
G1 X71.701 Y83.89 E516.18226
G1 X71.778 Y84.515 E516.19483
G1 X72 Y85.102 E516.20735
G1 X72.357 Y85.619 E516.21989
G1 X72.774 Y85.99 E516.23103
G1 X72.357 Y85.99 E516.23448
G1 X50.262 Y85.99 E516.67541
G1 X49.841 Y85.99 E516.68381
G1 X50.262 Y85.619 E516.6901
G1 X50.618 Y85.102 E516.70262
G1 X50.841 Y84.513 E516.71519
G1 X50.916 Y83.89 E516.72772
G1 X50.841 Y83.267 E516.74024
G1 X50.618 Y82.678 E516.75281
G1 X50.262 Y82.161 E516.76533
G1 X49.788 Y81.743 E516.77794
G1 X49.233 Y81.452 E516.79045
G1 X48.624 Y81.302 E516.80297
G1 X47.994 Y81.302 E516.81554
G1 X47.387 Y81.452 E516.82802
G1 X46.827 Y81.743 E516.84061
G1 X46.357 Y82.161 E516.85316
G1 X46.209 Y82.375 E516.85836
G1 X46.209 Y59.405 E517.31675
G1 X46.357 Y59.619 E517.32194
G1 X46.827 Y60.037 E517.33449
G1 X47.387 Y60.328 E517.34709
G1 X47.994 Y60.478 E517.35956
G1 X48.624 Y60.478 E517.37214
G1 X49.233 Y60.328 E517.38465
G1 X49.788 Y60.037 E517.39716
G1 X50.262 Y59.619 E517.40977
G1 X50.618 Y59.102 E517.4223
G1 X50.841 Y58.513 E517.43486
G1 X50.916 Y57.89 E517.44739
G1 X50.841 Y57.267 E517.45991
G1 X50.618 Y56.678 E517.47248
G1 X50.262 Y56.161 E517.485
G1 X49.841 Y55.79 E517.4962
G1 X50.262 Y55.79 E517.49969
G1 X72.357 Y55.79 E517.94062
G1 X72.774 Y55.79 E517.94894
G1 X72.357 Y56.161 E517.95521
G1 X72 Y56.678 E517.96775
G1 X71.778 Y57.265 E517.98027
G1 X71.701 Y57.89 E517.99284
G1 X71.778 Y58.515 E518.00541
G1 X72 Y59.102 E518.01793
G1 X72.357 Y59.619 E518.03047
G1 X72.827 Y60.037 E518.04302
G1 X73.387 Y60.328 E518.05562
G1 X73.994 Y60.478 E518.06809
G1 X74.624 Y60.478 E518.08067
G1 X75.233 Y60.328 E518.09318
G1 X75.788 Y60.037 E518.10569
G1 X76.262 Y59.619 E518.1183
G1 X76.409 Y59.406 E518.12346
G1 X76.409 Y82.374 E518.58182
G0 F9000 X76.409 Y85.99
G1 F1800 X75.841 Y85.99 E518.59315
G1 X76.262 Y85.619 E518.59876
G1 X76.409 Y85.406 E518.60393
G1 X76.409 Y85.99 E518.6113
G0 F9000 X76.809 Y86.39
G1 F1800 X74.575 Y86.39 E518.65588
G1 X74.043 Y86.39 E518.66418
G1 X48.575 Y86.39 E519.17242
G1 X48.043 Y86.39 E519.18072
G1 X45.809 Y86.39 E519.22531
G1 X45.809 Y84.418 E519.26466
G1 X45.809 Y83.89 E519.27331
G1 X45.809 Y83.362 E519.28195
G1 X45.809 Y58.418 E519.77974
G1 X45.809 Y57.89 E519.78838
G1 X45.809 Y57.362 E519.79703
G1 X45.809 Y55.39 E519.83638
G1 X48.043 Y55.39 E519.88097
G1 X48.575 Y55.39 E519.88927
G1 X74.043 Y55.39 E520.39751
G1 X74.575 Y55.39 E520.40581
G1 X76.809 Y55.39 E520.45039
G1 X76.809 Y57.363 E520.48977
G1 X76.809 Y57.89 E520.4984
G1 X76.809 Y58.417 E520.50703
G1 X76.809 Y83.363 E521.00485
G1 X76.809 Y83.89 E521.01348
G1 X76.809 Y84.417 E521.02211
G1 X76.809 Y86.39 E521.06149
G0 F9000 X77.209 Y86.79
;TYPE:WALL-OUTER
G1 F1800 X45.409 Y86.79 E521.69609
G1 X45.409 Y54.99 E522.33069
G1 X77.209 Y54.99 E522.9653
G1 X77.209 Y86.79 E523.5999
G1 F1500 E517.0999
G0 F9000 X76.909 Y86.52
G0 X76.293 Y83.402
G0 X76.117 Y82.94
G0 X75.838 Y82.535
G0 X75.468 Y82.209
G0 X75.032 Y81.981
G0 X74.554 Y81.863
G0 X74.064 Y81.863
G0 X73.777 Y81.935
G0 X73.312 Y81.254
G0 X69.995 Y74.676
G1 F1500 E523.5999
G0 F9000 X70.128 Y74.637
;TYPE:FILL
G1 F3600 X69.484 Y74.81 E523.61321
G0 F9000 X69.289 Y73.935
G1 F3600 X70.128 Y70.803 E523.67791
G0 F9000 X70.129 Y71.361
G1 F3600 X69.287 Y70.519 E523.70168
G0 F9000 X69.288 Y69.893
G1 F3600 X70.128 Y69.668 E523.71903
G1 F1500 E517.21903
G0 F9000 X69.909 Y69.668
G0 X69.429 Y69.2
G0 X53.189 Y69.2
G1 F1500 E523.71903
G0 F9000 X53.327 Y69.2
G1 F3600 X52.489 Y69.425 E523.73635
G0 F9000 X52.709 Y69.425
G0 X53.109 Y68.137
G0 X53.329 Y68.137
G1 F3600 X52.488 Y67.296 E523.76008
G0 F9000 X52.709 Y67.296
G0 X52.709 Y74.084
G0 X52.488 Y74.084
G1 F3600 X53.212 Y74.809 E523.78053
G0 F9000 X53.327 Y74.17
G1 F3600 X52.489 Y74.394 E523.79784
G0 F9000 X52.419 Y74.88
;TYPE:SKIN
G1 F1800 X53.399 Y74.88 E523.81739
G1 X53.399 Y66.9 E523.97664
G1 X52.419 Y66.9 E523.9962
G1 X52.419 Y74.88 E524.15545
G1 F1500 E517.65545
G0 F9000 X52.709 Y74.62
G0 X49.308 Y81.254
G1 F1500 E524.15545
G0 F9000 X49.372 Y81.085
G1 F1800 X48.671 Y80.912 E524.16986
G1 X47.947 Y80.912 E524.18431
G1 X47.248 Y81.085 E524.19868
G1 X46.599 Y81.423 E524.21328
G1 X46.599 Y60.357 E524.63368
G1 X47.248 Y60.695 E524.64828
G1 X47.947 Y60.868 E524.66265
G1 X48.671 Y60.868 E524.6771
G1 X49.372 Y60.695 E524.69151
G1 X50.01 Y60.361 E524.70588
G1 X50.556 Y59.88 E524.7204
G1 X50.966 Y59.284 E524.73483
G1 X51.223 Y58.607 E524.74929
G1 X51.308 Y57.89 E524.76369
G1 X51.223 Y57.173 E524.7781
G1 X50.966 Y56.496 E524.79255
G1 X50.749 Y56.18 E524.8002
G1 X71.87 Y56.18 E525.2217
G1 X71.653 Y56.495 E525.22933
G1 X71.396 Y57.171 E525.24376
G1 X71.308 Y57.89 E525.25822
G1 X71.396 Y58.609 E525.27267
G1 X71.653 Y59.285 E525.2871
G1 X72.063 Y59.879 E525.30151
G1 X72.604 Y60.361 E525.31597
G1 X73.248 Y60.695 E525.33045
G1 X73.947 Y60.868 E525.34482
G1 X74.671 Y60.868 E525.35926
G1 X75.372 Y60.695 E525.37367
G1 X76.01 Y60.361 E525.38804
G1 X76.019 Y60.353 E525.38828
G1 X76.019 Y81.427 E525.80884
G1 X76.01 Y81.419 E525.80908
G1 X75.372 Y81.085 E525.82345
G1 X74.671 Y80.912 E525.83786
G1 X73.947 Y80.912 E525.85231
G1 X73.248 Y81.085 E525.86668
G1 X72.604 Y81.419 E525.88115
G1 X72.063 Y81.901 E525.89561
G1 X71.653 Y82.495 E525.91002
G1 X71.396 Y83.171 E525.92445
G1 X71.308 Y83.89 E525.93891
G1 X71.396 Y84.609 E525.95336
G1 X71.653 Y85.285 E525.96779
G1 X71.87 Y85.6 E525.97543
G1 X50.749 Y85.6 E526.39692
G1 X50.966 Y85.284 E526.40457
G1 X51.223 Y84.607 E526.41902
G1 X51.308 Y83.89 E526.43343
G1 X51.223 Y83.173 E526.44784
G1 X50.966 Y82.496 E526.46229
G1 X50.556 Y81.9 E526.47672
G1 X50.01 Y81.419 E526.49125
G1 X49.372 Y81.085 E526.50562
G1 F1500 E520.00562
G0 F9000 X49.273 Y81.348
G0 X50.42 Y82.021
G0 X49.008 Y83.274
G0 X78.074 Y74.676
G0 X69.423 Y74.676
G1 F1500 E526.50562
G0 F9000 X69.219 Y74.88
G1 F1800 X70.199 Y74.88 E526.52517
G1 X70.199 Y66.9 E526.68442
G1 X69.219 Y66.9 E526.70398
G1 X69.219 Y74.88 E526.86323
G1 F1500 E520.36323
G0 F9000 X69.509 Y74.62
G0 X69.995 Y67.104
G0 X73.968 Y60.688
G0 X75.309 Y60.413
G1 F1500 E526.86323
G0 F9000 X75.511 Y60.803
G1 F1800 X75.858 Y61.15 E526.87302
G0 F9000 X75.858 Y61.716
G1 F1800 X75.074 Y60.932 E526.89515
G0 F9000 X74.604 Y61.028
G1 F1800 X75.858 Y62.281 E526.93053
G0 F9000 X75.858 Y62.847
G1 F1800 X74.039 Y61.028 E526.98186
G0 F9000 X73.323 Y60.878
G1 F1800 X75.858 Y63.413 E527.05341
G0 F9000 X75.858 Y63.979
G1 F1800 X68.219 Y56.34 E527.26899
G0 F9000 X67.653 Y56.34
G1 F1800 X75.858 Y64.544 E527.50054
G0 F9000 X75.858 Y65.11
G1 F1800 X67.088 Y56.34 E527.74805
G0 F9000 X66.522 Y56.34
G1 F1800 X75.858 Y65.676 E528.01153
G0 F9000 X75.858 Y66.241
G1 F1800 X65.956 Y56.34 E528.29097
G0 F9000 X65.391 Y56.34
G1 F1800 X75.858 Y66.807 E528.58638
G0 F9000 X75.858 Y67.373
G1 F1800 X64.825 Y56.34 E528.89775
G0 F9000 X64.259 Y56.34
G1 F1800 X75.858 Y67.938 E529.22509
G0 F9000 X75.858 Y68.504
G1 F1800 X63.694 Y56.34 E529.56838
G0 F9000 X63.128 Y56.34
G1 F1800 X75.858 Y69.07 E529.92765
G0 F9000 X75.858 Y69.635
G1 F1800 X62.562 Y56.34 E530.30288
G0 F9000 X61.997 Y56.34
G1 F1800 X75.858 Y70.201 E530.69406
G0 F9000 X75.858 Y70.767
G1 F1800 X61.431 Y56.34 E531.10122
G0 F9000 X60.865 Y56.34
G1 F1800 X75.859 Y71.333 E531.52437
G0 F9000 X75.859 Y71.899
G1 F1800 X60.299 Y56.34 E531.9635
G0 F9000 X59.734 Y56.34
G1 F1800 X70.133 Y66.739 E532.25698
G0 F9000 X70.358 Y66.964
G1 F1800 X75.859 Y72.465 E532.41223
G0 F9000 X75.859 Y73.03
G1 F1800 X70.358 Y67.53 E532.56746
G0 F9000 X70.358 Y68.095
G1 F1800 X75.859 Y73.596 E532.72271
G0 F9000 X75.859 Y74.162
G1 F1800 X70.358 Y68.661 E532.87797
G0 F9000 X70.358 Y69.227
G1 F1800 X75.859 Y74.727 E533.0332
G0 F9000 X75.859 Y75.293
G1 F1800 X70.358 Y69.792 E533.18845
G0 F9000 X70.358 Y70.358
G1 F1800 X75.859 Y75.859 E533.3437
G0 F9000 X75.859 Y76.424
G1 F1800 X70.358 Y70.924 E533.49894
G0 F9000 X70.358 Y71.489
G1 F1800 X75.859 Y76.99 E533.65419
G0 F9000 X75.859 Y77.556
G1 F1800 X70.358 Y72.055 E533.80944
G0 F9000 X70.358 Y72.621
G1 F1800 X75.859 Y78.121 E533.96467
G0 F9000 X75.859 Y78.687
G1 F1800 X70.358 Y73.186 E534.11992
G0 F9000 X70.358 Y73.752
G1 F1800 X75.859 Y79.253 E534.27517
G0 F9000 X75.859 Y79.818
G1 F1800 X70.358 Y74.318 E534.43041
G0 F9000 X70.358 Y74.884
G1 F1800 X75.859 Y80.384 E534.58565
G0 F9000 X75.859 Y80.95
G1 F1800 X69.948 Y75.039 E534.75247
G0 F9000 X69.382 Y75.039
G1 F1800 X75.227 Y80.884 E534.91743
G0 F9000 X74.528 Y80.75
G1 F1800 X51.44 Y57.663 E535.569
G0 F9000 X51.428 Y58.216
G1 F1800 X73.962 Y80.75 E536.20496
G0 F9000 X73.502 Y80.856
G1 F1800 X51.355 Y58.708 E536.83001
G0 F9000 X51.199 Y59.119
G1 F1800 X73.074 Y80.994 E537.44737
G0 F9000 X72.701 Y81.187
G1 F1800 X51.012 Y59.497 E538.0595
G0 F9000 X50.781 Y59.832
G1 F1800 X72.365 Y81.416 E538.66864
G0 F9000 X72.066 Y81.682
G1 F1800 X50.514 Y60.13 E539.27689
G0 F9000 X50.213 Y60.396
G1 F1800 X71.807 Y81.989 E539.8863
G0 F9000 X71.576 Y82.324
G1 F1800 X49.867 Y60.616 E540.49896
G0 F9000 X49.496 Y60.81
G1 F1800 X71.398 Y82.712 E541.11709
G0 F9000 X71.242 Y83.121
G1 F1800 X49.056 Y60.936 E541.74321
G0 F9000 X48.582 Y61.027
G1 F1800 X71.18 Y83.625 E542.38097
G0 F9000 X71.185 Y84.196
G1 F1800 X48.016 Y61.027 E543.03485
G0 F9000 X47.293 Y60.869
G1 F1800 X53.162 Y66.738 E543.20049
G0 F9000 X53.559 Y67.135
G1 F1800 X71.342 Y84.918 E543.70236
G0 F9000 X71.296 Y85.439
G1 F1800 X53.559 Y67.701 E544.20295
G0 F9000 X53.559 Y68.266
G1 F1800 X70.731 Y85.439 E544.6876
G0 F9000 X70.165 Y85.439
G1 F1800 X53.559 Y68.832 E545.15627
G0 F9000 X53.559 Y69.398
G1 F1800 X69.599 Y85.439 E545.60897
G0 F9000 X69.034 Y85.439
G1 F1800 X53.559 Y69.963 E546.04572
G0 F9000 X53.559 Y70.529
G1 F1800 X68.468 Y85.439 E546.4665
G0 F9000 X67.902 Y85.439
G1 F1800 X53.559 Y71.095 E546.8713
G0 F9000 X53.559 Y71.661
G1 F1800 X67.337 Y85.439 E547.26015
G0 F9000 X66.771 Y85.439
G1 F1800 X53.559 Y72.226 E547.63303
G0 F9000 X53.559 Y72.792
G1 F1800 X66.205 Y85.439 E547.98994
G0 F9000 X65.64 Y85.439
G1 F1800 X53.559 Y73.358 E548.3309
G0 F9000 X53.559 Y73.923
G1 F1800 X65.074 Y85.439 E548.65589
G0 F9000 X64.508 Y85.439
G1 F1800 X53.559 Y74.489 E548.96491
G0 F9000 X53.543 Y75.039
G1 F1800 X63.942 Y85.439 E549.2584
G0 F9000 X63.377 Y85.439
G1 F1800 X52.977 Y75.039 E549.55191
G0 F9000 X52.412 Y75.039
G1 F1800 X62.811 Y85.439 E549.84541
G0 F9000 X62.245 Y85.439
G1 F1800 X46.758 Y69.951 E550.2825
G0 F9000 X46.758 Y69.386
G1 F1800 X52.258 Y74.886 E550.43772
G0 F9000 X52.258 Y74.32
G1 F1800 X46.758 Y68.82 E550.59294
G0 F9000 X46.758 Y68.254
G1 F1800 X52.258 Y73.754 E550.74817
G0 F9000 X52.258 Y73.189
G1 F1800 X46.758 Y67.689 E550.90339
G0 F9000 X46.758 Y67.123
G1 F1800 X52.258 Y72.623 E551.05861
G0 F9000 X52.258 Y72.057
G1 F1800 X46.758 Y66.557 E551.21383
G0 F9000 X46.758 Y65.992
G1 F1800 X52.258 Y71.492 E551.36905
G0 F9000 X52.258 Y70.926
G1 F1800 X46.758 Y65.426 E551.52428
G0 F9000 X46.758 Y64.86
G1 F1800 X52.258 Y70.36 E551.6795
G0 F9000 X52.258 Y69.794
G1 F1800 X46.758 Y64.295 E551.83471
G0 F9000 X46.758 Y63.729
G1 F1800 X52.258 Y69.229 E551.98993
G0 F9000 X52.258 Y68.663
G1 F1800 X46.758 Y63.163 E552.14515
G0 F9000 X46.758 Y62.598
G1 F1800 X52.258 Y68.097 E552.30036
G0 F9000 X52.258 Y67.532
G1 F1800 X46.758 Y62.032 E552.45558
G0 F9000 X46.758 Y61.466
G1 F1800 X52.258 Y66.966 E552.6108
G0 F9000 X52.596 Y66.738
G1 F1800 X46.758 Y60.9 E552.77556
G0 F9000 X46.319 Y60.9
G0 X46.403 Y59.919
G0 X48.554 Y59.917
G0 X49.032 Y59.799
G0 X49.468 Y59.571
G0 X49.838 Y59.245
G0 X49.995 Y59.017
G0 X50.908 Y57.133
G0 X51.321 Y56.977
G1 F1800 X69.058 Y74.715 E553.27615
G0 F9000 X69.058 Y74.15
G1 F1800 X51.248 Y56.34 E553.77879
G0 F9000 X51.814 Y56.34
G1 F1800 X69.058 Y73.584 E554.26545
G0 F9000 X69.058 Y73.018
G1 F1800 X52.38 Y56.34 E554.73614
G0 F9000 X52.946 Y56.34
G1 F1800 X69.058 Y72.452 E555.19086
G0 F9000 X69.058 Y71.887
G1 F1800 X53.511 Y56.34 E555.62963
G0 F9000 X54.077 Y56.34
G1 F1800 X69.058 Y71.321 E556.05242
G0 F9000 X69.058 Y70.755
G1 F1800 X54.643 Y56.34 E556.45925
G0 F9000 X55.208 Y56.34
G1 F1800 X69.058 Y70.19 E556.85012
G0 F9000 X69.058 Y69.624
G1 F1800 X55.774 Y56.34 E557.22503
G0 F9000 X56.34 Y56.34
G1 F1800 X69.058 Y69.058 E557.58395
G0 F9000 X69.058 Y68.493
G1 F1800 X56.905 Y56.34 E557.92694
G0 F9000 X57.471 Y56.34
G1 F1800 X69.058 Y67.927 E558.25395
G0 F9000 X69.058 Y67.361
G1 F1800 X58.037 Y56.34 E558.56499
G0 F9000 X58.602 Y56.34
G1 F1800 X69.058 Y66.796 E558.86008
G0 F9000 X69.567 Y66.739
G1 F1800 X59.168 Y56.34 E559.15356
G0 F9000 X59.168 Y55.9
G0 X68.785 Y55.9
G0 X68.785 Y56.34
G1 F1800 X71.328 Y58.883 E559.22533
G0 F9000 X71.181 Y58.17
G1 F1800 X69.35 Y56.34 E559.27699
G0 F9000 X69.916 Y56.34
G1 F1800 X71.181 Y57.605 E559.31269
G0 F9000 X71.248 Y57.105
G1 F1800 X70.482 Y56.34 E559.33429
G0 F9000 X71.047 Y56.34
G1 F1800 X71.404 Y56.696 E559.34435
G1 F1500 E552.84435
G0 F9000 X71.816 Y56.852
G0 X72.26 Y55.988
G0 X50.359 Y55.988
G0 X50.391 Y59.733
G0 X46.729 Y60.179
G0 X46.403 Y59.919
G0 X46.319 Y70.517
G1 F1500 E559.34435
G0 F9000 X46.758 Y70.517
G1 F1800 X61.68 Y85.439 E559.76549
G0 F9000 X61.114 Y85.439
G1 F1800 X46.758 Y71.083 E560.17064
G0 F9000 X46.758 Y71.649
G1 F1800 X60.548 Y85.439 E560.55983
G0 F9000 X59.983 Y85.439
G1 F1800 X46.758 Y72.214 E560.93306
G0 F9000 X46.758 Y72.78
G1 F1800 X59.417 Y85.439 E561.29033
G0 F9000 X58.851 Y85.439
G1 F1800 X46.758 Y73.346 E561.63162
G0 F9000 X46.758 Y73.911
G1 F1800 X58.286 Y85.439 E561.95696
G0 F9000 X57.72 Y85.439
G1 F1800 X46.758 Y74.477 E562.26634
G0 F9000 X46.758 Y75.043
G1 F1800 X57.154 Y85.439 E562.55973
G0 F9000 X56.589 Y85.439
G1 F1800 X46.758 Y75.608 E562.83719
G0 F9000 X46.758 Y76.174
G1 F1800 X56.023 Y85.439 E563.09866
G0 F9000 X55.457 Y85.439
G1 F1800 X46.758 Y76.74 E563.34417
G0 F9000 X46.758 Y77.305
G1 F1800 X54.891 Y85.439 E563.57371
G0 F9000 X54.326 Y85.439
G1 F1800 X46.758 Y77.871 E563.7873
G0 F9000 X46.758 Y78.437
G1 F1800 X49.198 Y80.876 E563.85615
G0 F9000 X48.506 Y80.75
G1 F1800 X46.758 Y79.002 E563.90548
G0 F9000 X46.758 Y79.568
G1 F1800 X47.941 Y80.75 E563.93885
G0 F9000 X47.485 Y80.861
G1 F1800 X46.758 Y80.134 E563.95937
G0 F9000 X46.758 Y80.699
G1 F1800 X47.06 Y81.001 E563.96789
G0 F9000 X47.263 Y81.392
G0 X49.032 Y81.981
G0 X50.921 Y83.167
G0 X51.334 Y83.012
G1 F1800 X53.76 Y85.439 E564.03637
G0 F9000 X53.194 Y85.439
G1 F1800 X51.444 Y83.688 E564.08578
G0 F9000 X51.427 Y84.236
G1 F1800 X52.629 Y85.439 E564.11971
G0 F9000 X52.063 Y85.439
G1 F1800 X51.349 Y84.724 E564.13988
G0 F9000 X51.193 Y85.134
G1 F1800 X51.497 Y85.439 E564.14847
G0 F9000 X50.577 Y85.649
;TYPE:SKIN
G1 F1800 X50.492 Y85.564 E564.14967
G0 F9000 X50.377 Y85.732
G1 F1800 X50.473 Y85.829 E564.15103
G0 F9000 X50.473 Y85.88
G0 X49.886 Y85.174
G0 X50.117 Y84.84
G0 X50.293 Y84.378
G0 X50.351 Y83.89
G0 X50.293 Y83.402
G0 X50.117 Y82.94
G0 X49.838 Y82.535
G0 X49.468 Y82.209
G0 X49.032 Y81.981
G0 X48.762 Y81.915
G0 X46.663 Y81.741
G0 X46.63 Y81.703
G1 F1800 X46.565 Y81.637 E564.15196
G0 F9000 X46.379 Y81.734
G1 F1800 X46.48 Y81.835 E564.15338
G0 F9000 X46.514 Y81.874
G0 X46.403 Y59.919
G0 X46.658 Y60.035
G0 X46.564 Y60.14
G1 F1800 X46.369 Y59.945 E564.15613
G0 F9000 X46.379 Y59.864
G0 X48.554 Y59.917
G0 X49.032 Y59.799
G0 X49.468 Y59.571
G0 X49.838 Y59.245
G0 X50.117 Y58.84
G0 X50.293 Y58.378
G0 X50.325 Y58.102
G0 X50.302 Y55.969
G0 X50.329 Y55.985
G1 F1800 X50.541 Y56.198 E564.15913
G0 F9000 X50.638 Y56.012
G1 F1800 X50.575 Y55.949 E564.16002
G0 F9000 X50.575 Y55.9
G0 X72.072 Y55.9
G0 X72.072 Y55.95
G1 F1800 X72.211 Y56.089 E564.16198
G0 F9000 X72.253 Y56.118
G0 X72.265 Y57.89
G0 X72.326 Y58.378
G0 X72.501 Y58.84
G0 X72.781 Y59.245
G0 X73.149 Y59.571
G0 X73.586 Y59.799
G0 X73.856 Y59.865
G0 X75.916 Y60.071
G0 X75.948 Y60.109
G1 F1800 X75.986 Y60.147 E564.16252
G0 F9000 X76.098 Y59.976
G1 F1800 X76.248 Y60.125 E564.16463
G0 F9000 X76.299 Y60.125
G0 X76.299 Y81.547
G0 X76.173 Y81.547
G1 F1800 X76.249 Y81.623 E564.1657
G0 F9000 X76.225 Y81.882
G1 F1800 X75.978 Y81.635 E564.16919
G0 F9000 X75.914 Y81.707
G0 X74.064 Y81.863
G0 X73.586 Y81.981
G0 X73.149 Y82.209
G0 X72.781 Y82.535
G0 X72.501 Y82.94
G0 X72.344 Y83.355
G0 X72.173 Y85.546
G0 X72.052 Y85.628
G1 F1800 X72.252 Y85.829 E564.17202
G0 F9000 X72.898 Y86.192
G1 F1800 X73.078 Y86.089 E564.17471
G1 X73.394 Y86.122 E564.17883
G0 F9000 X73.486 Y86.214
G0 X75.098 Y86.129
G0 X75.14 Y86.171
G1 F1800 X75.379 Y86.127 E564.18254
G1 X75.613 Y86.078 E564.18619
G0 F9000 X75.748 Y86.213
G0 X76.496 Y85.264
G0 X76.417 Y85.186
G1 F1800 X76.538 Y85.023 E564.18929
G1 X76.577 Y84.779 E564.19307
G0 F9000 X76.52 Y84.722
G0 X76.634 Y83.139
G0 X76.568 Y83.073
G1 F1800 X76.486 Y82.709 E564.19781
G1 X76.595 Y82.534 E564.20042
G0 F9000 X76.634 Y82.573
G0 X76.528 Y59.275
G0 X76.438 Y59.185
G1 F1800 X76.54 Y59.004 E564.20373
G1 X76.579 Y58.76 E564.20766
G0 F9000 X76.525 Y58.706
G0 X76.633 Y57.117
G0 X76.56 Y57.044
G1 F1800 X76.494 Y56.695 E564.21219
G1 X76.603 Y56.521 E564.21481
G0 F9000 X76.633 Y56.551
G0 X75.669 Y55.87
G0 X75.516 Y55.717
G1 F1800 X75.145 Y55.629 E564.21834
G1 X75.685 Y55.604 E564.22335
G0 F9000 X75.725 Y55.643
G0 X73.479 Y55.66
G0 X73.431 Y55.612
G1 F1800 X73.195 Y55.659 E564.22712
G1 X72.994 Y55.74 E564.23051
G0 F9000 X73.104 Y55.85
G0 X49.719 Y55.659
G0 X49.671 Y55.611
G1 F1800 X49.5 Y55.723 E564.23308
G1 X49.11 Y55.615 E564.23817
G0 F9000 X49.059 Y55.564
G0 X47.461 Y55.664
G0 X47.411 Y55.614
G1 F1800 X47.177 Y55.662 E564.2419
G1 X46.994 Y55.762 E564.24515
G0 F9000 X47.09 Y55.858
G0 X46.248 Y56.713
G0 X46.132 Y56.597
G1 F1800 X46.068 Y56.817 E564.24841
G1 X46.03 Y57.061 E564.25191
G0 F9000 X46.077 Y57.108
G0 X45.983 Y58.711
G0 X46.07 Y58.798
G1 F1800 X46.102 Y59.113 E564.25774
G0 F9000 X46.221 Y59.232
G0 X45.985 Y82.472
G0 X46.112 Y82.599
G1 F1800 X46.066 Y82.835 E564.26178
G1 X46.027 Y83.08 E564.26594
G0 F9000 X46.072 Y83.124
G0 X45.983 Y84.733
G0 X46.077 Y84.827
G1 F1800 X46.093 Y85.126 E564.27172
G0 F9000 X46.204 Y85.236
G0 X46.948 Y85.98
G0 X47.065 Y86.097
G1 F1800 X47.361 Y86.11 E564.27477
G1 X46.884 Y86.199 E564.27978
G0 F9000 X46.87 Y86.185
G0 X49.081 Y86.134
G0 X49.121 Y86.173
G1 F1800 X49.361 Y86.131 E564.28337
G1 X49.595 Y86.082 E564.2869
G0 F9000 X49.727 Y86.19
G1 F1500 E557.7869
;MESH:NONMESH
G0 F300 X49.727 Y86.19 Z1.68
G0 F9000 X72.26 Y85.792
G0 X72.228 Y82.047
G0 X75.886 Y81.601
G0 X76.215 Y81.862
G0 X76.215 Y59.918
G0 X74.575 Y60.078
;TIME_ELAPSED:1312.087514
;LAYER:13
;TYPE:WALL-INNER
;MESH:HBridgeMount.stl
G1 F1500 E564.2869
G1 F1800 X75.09 Y59.951 E564.29748
G1 X75.56 Y59.705 E564.30807
G1 X75.96 Y59.352 E564.31871
G1 X76.261 Y58.915 E564.3293
G1 X76.45 Y58.417 E564.33993
G1 X76.513 Y57.89 E564.35052
G1 X76.45 Y57.363 E564.36112
G1 X76.261 Y56.865 E564.37175
G1 X75.96 Y56.428 E564.38233
G1 X75.56 Y56.075 E564.39298
G1 X75.09 Y55.829 E564.40357
G1 X74.575 Y55.702 E564.41415
G1 X74.043 Y55.702 E564.42477
G1 X73.529 Y55.829 E564.43534
G1 X73.056 Y56.075 E564.44597
G1 X72.659 Y56.428 E564.45658
G1 X72.357 Y56.865 E564.46718
G1 X72.169 Y57.362 E564.47778
G1 X72.104 Y57.89 E564.4884
G1 X72.169 Y58.418 E564.49901
G1 X72.357 Y58.915 E564.50962
G1 X72.659 Y59.352 E564.52022
G1 X73.056 Y59.705 E564.53082
G1 X73.529 Y59.951 E564.54146
G1 X74.043 Y60.078 E564.55203
G1 X74.575 Y60.078 E564.56264
G0 F9000 X74.526 Y59.678
;TYPE:WALL-OUTER
G1 F1800 X74.947 Y59.574 E564.5713
G1 X75.332 Y59.373 E564.57996
G1 X75.658 Y59.085 E564.58864
G1 X75.904 Y58.728 E564.5973
G1 X76.059 Y58.321 E564.60599
G1 X76.11 Y57.89 E564.61465
G1 X76.059 Y57.459 E564.62331
G1 X75.904 Y57.052 E564.632
G1 X75.658 Y56.695 E564.64065
G1 X75.332 Y56.407 E564.64933
G1 X74.947 Y56.206 E564.658
G1 X74.526 Y56.102 E564.66665
G1 X74.092 Y56.102 E564.67532
G1 X73.671 Y56.206 E564.68397
G1 X73.285 Y56.407 E564.69265
G1 X72.961 Y56.695 E564.70131
G1 X72.714 Y57.052 E564.70997
G1 X72.56 Y57.459 E564.71865
G1 X72.507 Y57.89 E564.72732
G1 X72.56 Y58.321 E564.73598
G1 X72.714 Y58.728 E564.74467
G1 X72.961 Y59.085 E564.75333
G1 X73.285 Y59.373 E564.76198
G1 X73.671 Y59.574 E564.77067
G1 X74.092 Y59.678 E564.77932
G1 X74.526 Y59.678 E564.78798
G0 F9000 X74.579 Y60.114
G1 F1500 E558.28798
G0 F9000 X71.848 Y59.182
G0 X72.26 Y55.988
G0 X50.359 Y55.988
G0 X50.384 Y59.021
G0 X49.09 Y59.951
;TYPE:WALL-INNER
G1 F1500 E564.78798
G1 F1800 X49.56 Y59.705 E564.79857
G1 X49.96 Y59.352 E564.80922
G1 X50.261 Y58.915 E564.8198
G1 X50.45 Y58.417 E564.83043
G1 X50.513 Y57.89 E564.84103
G1 X50.45 Y57.363 E564.85162
G1 X50.261 Y56.865 E564.86225
G1 X49.96 Y56.428 E564.87284
G1 X49.56 Y56.075 E564.88348
G1 X49.09 Y55.829 E564.89407
G1 X48.575 Y55.702 E564.90465
G1 X48.043 Y55.702 E564.91527
G1 X47.529 Y55.829 E564.92584
G1 X47.056 Y56.075 E564.93648
G1 X46.659 Y56.428 E564.94708
G1 X46.357 Y56.865 E564.95768
G1 X46.169 Y57.362 E564.96828
G1 X46.104 Y57.89 E564.9789
G1 X46.169 Y58.418 E564.98952
G1 X46.357 Y58.915 E565.00012
G1 X46.659 Y59.352 E565.01072
G1 X47.056 Y59.705 E565.02132
G1 X47.529 Y59.951 E565.03196
G1 X48.043 Y60.078 E565.04253
G1 X48.575 Y60.078 E565.05314
G1 X49.09 Y59.951 E565.06373
G0 F9000 X48.947 Y59.574
;TYPE:WALL-OUTER
G1 F1800 X49.332 Y59.373 E565.0724
G1 X49.658 Y59.085 E565.08108
G1 X49.904 Y58.728 E565.08973
G1 X50.059 Y58.321 E565.09842
G1 X50.11 Y57.89 E565.10708
G1 X50.059 Y57.459 E565.11574
G1 X49.904 Y57.052 E565.12443
G1 X49.658 Y56.695 E565.13309
G1 X49.332 Y56.407 E565.14177
G1 X48.947 Y56.206 E565.15043
G1 X48.526 Y56.102 E565.15909
G1 X48.092 Y56.102 E565.16775
G1 X47.671 Y56.206 E565.1764
G1 X47.285 Y56.407 E565.18509
G1 X46.961 Y56.695 E565.19374
G1 X46.714 Y57.052 E565.2024
G1 X46.56 Y57.459 E565.21109
G1 X46.507 Y57.89 E565.21975
G1 X46.56 Y58.321 E565.22842
G1 X46.714 Y58.728 E565.2371
G1 X46.961 Y59.085 E565.24576
G1 X47.285 Y59.373 E565.25442
G1 X47.671 Y59.574 E565.2631
G1 X48.092 Y59.678 E565.27175
G1 X48.526 Y59.678 E565.28042
G1 X48.947 Y59.574 E565.28907
G0 F9000 X49.102 Y59.985
G1 F1500 E558.78907
G0 F9000 X46.403 Y59.919
G0 X46.403 Y81.861
G0 X49.091 Y81.239
G0 X50.117 Y82.94
G0 X50.293 Y83.402
G0 X50.351 Y83.89
G0 X50.293 Y84.378
G0 X50.117 Y84.84
G0 X49.96 Y85.068
G0 X49.09 Y85.951
;TYPE:WALL-INNER
G1 F1500 E565.28907
G1 F1800 X49.56 Y85.705 E565.29966
G1 X49.96 Y85.352 E565.3103
G1 X50.261 Y84.915 E565.32089
G1 X50.45 Y84.417 E565.33152
G1 X50.513 Y83.89 E565.34211
G1 X50.45 Y83.363 E565.35271
G1 X50.261 Y82.865 E565.36333
G1 X49.96 Y82.428 E565.37392
G1 X49.56 Y82.075 E565.38457
G1 X49.09 Y81.829 E565.39516
G1 X48.575 Y81.702 E565.40574
G1 X48.043 Y81.702 E565.41636
G1 X47.529 Y81.829 E565.42692
G1 X47.056 Y82.075 E565.43756
G1 X46.659 Y82.428 E565.44817
G1 X46.357 Y82.865 E565.45877
G1 X46.169 Y83.362 E565.46937
G1 X46.104 Y83.89 E565.47999
G1 X46.169 Y84.418 E565.4906
G1 X46.357 Y84.915 E565.50121
G1 X46.659 Y85.352 E565.51181
G1 X47.056 Y85.705 E565.52241
G1 X47.529 Y85.951 E565.53305
G1 X48.043 Y86.078 E565.54361
G1 X48.575 Y86.078 E565.55423
G1 X49.09 Y85.951 E565.56482
G0 F9000 X48.947 Y85.574
;TYPE:WALL-OUTER
G1 F1800 X49.332 Y85.373 E565.57348
G1 X49.658 Y85.085 E565.58216
G1 X49.904 Y84.728 E565.59082
G1 X50.059 Y84.321 E565.59951
G1 X50.11 Y83.89 E565.60817
G1 X50.059 Y83.459 E565.61683
G1 X49.904 Y83.052 E565.62552
G1 X49.658 Y82.695 E565.63417
G1 X49.332 Y82.407 E565.64285
G1 X48.947 Y82.206 E565.65152
G1 X48.526 Y82.102 E565.66018
G1 X48.092 Y82.102 E565.66884
G1 X47.671 Y82.206 E565.67749
G1 X47.285 Y82.407 E565.68617
G1 X46.961 Y82.695 E565.69483
G1 X46.714 Y83.052 E565.70349
G1 X46.56 Y83.459 E565.71217
G1 X46.507 Y83.89 E565.72084
G1 X46.56 Y84.321 E565.7295
G1 X46.714 Y84.728 E565.73819
G1 X46.961 Y85.085 E565.74685
G1 X47.285 Y85.373 E565.7555
G1 X47.671 Y85.574 E565.76419
G1 X48.092 Y85.678 E565.77284
G1 X48.526 Y85.678 E565.7815
G1 X48.947 Y85.574 E565.79016
G0 F9000 X49.102 Y85.985
G0 X74.575 Y86.078
;TYPE:WALL-INNER
G1 F1800 X75.09 Y85.951 E565.80074
G1 X75.56 Y85.705 E565.81133
G1 X75.96 Y85.352 E565.82198
G1 X76.261 Y84.915 E565.83256
G1 X76.45 Y84.417 E565.84319
G1 X76.513 Y83.89 E565.85379
G1 X76.45 Y83.363 E565.86438
G1 X76.261 Y82.865 E565.87501
G1 X75.96 Y82.428 E565.8856
G1 X75.56 Y82.075 E565.89624
G1 X75.09 Y81.829 E565.90683
G1 X74.575 Y81.702 E565.91741
G1 X74.043 Y81.702 E565.92803
G1 X73.529 Y81.829 E565.9386
G1 X73.056 Y82.075 E565.94924
G1 X72.659 Y82.428 E565.95984
G1 X72.357 Y82.865 E565.97044
G1 X72.169 Y83.362 E565.98104
G1 X72.104 Y83.89 E565.99166
G1 X72.169 Y84.418 E566.00228
G1 X72.357 Y84.915 E566.01288
G1 X72.659 Y85.352 E566.02348
G1 X73.056 Y85.705 E566.03408
G1 X73.529 Y85.951 E566.04472
G1 X74.043 Y86.078 E566.05529
G1 X74.575 Y86.078 E566.0659
G0 F9000 X74.526 Y85.678
;TYPE:WALL-OUTER
G1 F1800 X74.947 Y85.574 E566.07456
G1 X75.332 Y85.373 E566.08323
G1 X75.658 Y85.085 E566.09191
G1 X75.904 Y84.728 E566.10056
G1 X76.059 Y84.321 E566.10925
G1 X76.11 Y83.89 E566.11791
G1 X76.059 Y83.459 E566.12657
G1 X75.904 Y83.052 E566.13526
G1 X75.658 Y82.695 E566.14391
G1 X75.332 Y82.407 E566.1526
G1 X74.947 Y82.206 E566.16126
G1 X74.526 Y82.102 E566.16992
G1 X74.092 Y82.102 E566.17858
G1 X73.671 Y82.206 E566.18723
G1 X73.285 Y82.407 E566.19592
G1 X72.961 Y82.695 E566.20457
G1 X72.714 Y83.052 E566.21323
G1 X72.56 Y83.459 E566.22191
G1 X72.507 Y83.89 E566.23058
G1 X72.56 Y84.321 E566.23925
G1 X72.714 Y84.728 E566.24793
G1 X72.961 Y85.085 E566.25659
G1 X73.285 Y85.373 E566.26524
G1 X73.671 Y85.574 E566.27393
G1 X74.092 Y85.678 E566.28258
G1 X74.526 Y85.678 E566.29124
G0 F9000 X74.579 Y86.114
G0 X46.774 Y85.99
;TYPE:WALL-INNER
G1 F1800 X46.209 Y85.99 E566.30252
G1 X46.209 Y85.405 E566.31419
G1 X46.357 Y85.619 E566.31505
G1 X46.774 Y85.99 E566.32058
G0 F9000 X46.326 Y84.378
G0 X46.293 Y84.102
G0 X46.209 Y56.375
G1 F1800 X46.209 Y55.79 E566.33226
G1 X46.774 Y55.79 E566.34353
G1 X46.357 Y56.161 E566.34907
G1 X46.209 Y56.375 E566.34992
G1 F1500 E559.84992
G0 F9000 X48.064 Y55.863
G0 X74.554 Y55.863
G0 X76.409 Y56.374
G1 F1500 E566.34992
G1 F1800 X76.262 Y56.161 E566.35509
G1 X75.841 Y55.79 E566.36629
G1 X76.409 Y55.79 E566.37198
G1 X76.409 Y56.374 E566.37931
G0 F9000 X76.409 Y82.374
G1 F1800 X76.262 Y82.161 E566.38448
G1 X75.788 Y81.743 E566.39709
G1 X75.233 Y81.452 E566.4096
G1 X74.624 Y81.302 E566.42211
G1 X73.994 Y81.302 E566.43468
G1 X73.387 Y81.452 E566.44716
G1 X72.827 Y81.743 E566.45976
G1 X72.357 Y82.161 E566.47231
G1 X72 Y82.678 E566.48485
G1 X71.778 Y83.265 E566.49737
G1 X71.701 Y83.89 E566.50994
G1 X71.778 Y84.515 E566.5225
G1 X72 Y85.102 E566.53503
G1 X72.357 Y85.619 E566.54757
G1 X72.774 Y85.99 E566.5587
G1 X72.357 Y85.99 E566.56216
G1 X50.262 Y85.99 E567.00309
G1 X49.841 Y85.99 E567.01149
G1 X50.262 Y85.619 E567.01777
G1 X50.618 Y85.102 E567.0303
G1 X50.841 Y84.513 E567.04287
G1 X50.916 Y83.89 E567.05539
G1 X50.841 Y83.267 E567.06791
G1 X50.618 Y82.678 E567.08048
G1 X50.262 Y82.161 E567.09301
G1 X49.788 Y81.743 E567.10562
G1 X49.233 Y81.452 E567.11813
G1 X48.624 Y81.302 E567.13064
G1 X47.994 Y81.302 E567.14321
G1 X47.387 Y81.452 E567.15569
G1 X46.827 Y81.743 E567.16829
G1 X46.357 Y82.161 E567.18084
G1 X46.209 Y82.375 E567.18603
G1 X46.209 Y59.405 E567.64442
G1 X46.357 Y59.619 E567.64961
G1 X46.827 Y60.037 E567.66217
G1 X47.387 Y60.328 E567.67476
G1 X47.994 Y60.478 E567.68724
G1 X48.624 Y60.478 E567.69981
G1 X49.233 Y60.328 E567.71233
G1 X49.788 Y60.037 E567.72483
G1 X50.262 Y59.619 E567.73744
G1 X50.618 Y59.102 E567.74997
G1 X50.841 Y58.513 E567.76254
G1 X50.916 Y57.89 E567.77506
G1 X50.841 Y57.267 E567.78758
G1 X50.618 Y56.678 E567.80015
G1 X50.262 Y56.161 E567.81268
G1 X49.841 Y55.79 E567.82388
G1 X50.262 Y55.79 E567.82737
G1 X72.357 Y55.79 E568.2683
G1 X72.774 Y55.79 E568.27662
G1 X72.357 Y56.161 E568.28289
G1 X72 Y56.678 E568.29542
G1 X71.778 Y57.265 E568.30795
G1 X71.701 Y57.89 E568.32052
G1 X71.778 Y58.515 E568.33308
G1 X72 Y59.102 E568.34561
G1 X72.357 Y59.619 E568.35814
G1 X72.827 Y60.037 E568.3707
G1 X73.387 Y60.328 E568.38329
G1 X73.994 Y60.478 E568.39577
G1 X74.624 Y60.478 E568.40834
G1 X75.233 Y60.328 E568.42086
G1 X75.788 Y60.037 E568.43336
G1 X76.262 Y59.619 E568.44597
G1 X76.409 Y59.406 E568.45114
G1 X76.409 Y82.374 E568.90949
G0 F9000 X76.409 Y85.99
G1 F1800 X75.841 Y85.99 E568.92083
G1 X76.262 Y85.619 E568.92644
G1 X76.409 Y85.406 E568.9316
G1 X76.409 Y85.99 E568.93897
G0 F9000 X76.809 Y86.39
G1 F1800 X74.575 Y86.39 E568.98355
G1 X74.043 Y86.39 E568.99186
G1 X48.575 Y86.39 E569.5001
G1 X48.043 Y86.39 E569.5084
G1 X45.809 Y86.39 E569.55298
G1 X45.809 Y84.418 E569.59233
G1 X45.809 Y83.89 E569.60098
G1 X45.809 Y83.362 E569.60963
G1 X45.809 Y58.418 E570.10741
G1 X45.809 Y57.89 E570.11606
G1 X45.809 Y57.362 E570.12471
G1 X45.809 Y55.39 E570.16406
G1 X48.043 Y55.39 E570.20864
G1 X48.575 Y55.39 E570.21694
G1 X74.043 Y55.39 E570.72518
G1 X74.575 Y55.39 E570.73349
G1 X76.809 Y55.39 E570.77807
G1 X76.809 Y57.363 E570.81744
G1 X76.809 Y57.89 E570.82607
G1 X76.809 Y58.417 E570.8347
G1 X76.809 Y83.363 E571.33253
G1 X76.809 Y83.89 E571.34116
G1 X76.809 Y84.417 E571.34979
G1 X76.809 Y86.39 E571.38916
G0 F9000 X77.209 Y86.79
;TYPE:WALL-OUTER
G1 F1800 X45.409 Y86.79 E572.02376
G1 X45.409 Y54.99 E572.65837
G1 X77.209 Y54.99 E573.29297
G1 X77.209 Y86.79 E573.92757
G1 F1500 E567.42757
G0 F9000 X76.909 Y86.52
G0 X76.293 Y83.402
G0 X76.117 Y82.94
G0 X75.838 Y82.535
G0 X75.468 Y82.209
G0 X75.032 Y81.981
G0 X74.554 Y81.863
G0 X74.064 Y81.863
G0 X73.777 Y81.935
G0 X73.312 Y81.254
G0 X69.995 Y74.676
G1 F1500 E573.92757
G0 F9000 X70.127 Y74.724
;TYPE:FILL
G1 F3600 X69.81 Y74.809 E573.93412
G0 F9000 X69.81 Y74.59
G0 X69.509 Y73.61
G0 X69.289 Y73.61
G1 F3600 X70.128 Y70.479 E573.99881
G0 F9000 X70.128 Y69.755
G1 F3600 X69.288 Y69.98 E574.01617
G0 F9000 X69.287 Y70.4
G1 F3600 X70.129 Y71.242 E574.03993
G1 F1500 E567.53993
G0 F9000 X69.909 Y71.242
G0 X69.429 Y69.287
G0 X53.189 Y69.287
G1 F1500 E574.03993
G0 F9000 X53.328 Y69.287
G1 F3600 X52.488 Y69.512 E574.05728
G0 F9000 X52.709 Y69.512
G0 X53.109 Y68.018
G0 X53.329 Y68.018
G1 F3600 X52.488 Y67.177 E574.08102
G0 F9000 X52.709 Y67.177
G0 X52.709 Y73.966
G0 X52.488 Y73.966
G1 F3600 X53.329 Y74.806 E574.10474
G0 F9000 X53.328 Y74.256
G1 F3600 X52.488 Y74.481 E574.12209
G0 F9000 X52.419 Y74.88
;TYPE:SKIN
G1 F1800 X53.399 Y74.88 E574.14165
G1 X53.399 Y66.9 E574.3009
G1 X52.419 Y66.9 E574.32046
G1 X52.419 Y74.88 E574.4797
G1 F1500 E567.9797
G0 F9000 X52.709 Y74.62
G0 X49.308 Y81.254
G1 F1500 E574.4797
G0 F9000 X49.372 Y81.085
G1 F1800 X48.671 Y80.912 E574.49411
G1 X47.947 Y80.912 E574.50856
G1 X47.248 Y81.085 E574.52293
G1 X46.599 Y81.423 E574.53753
G1 X46.599 Y60.357 E574.95793
G1 X47.248 Y60.695 E574.97253
G1 X47.947 Y60.868 E574.9869
G1 X48.671 Y60.868 E575.00135
G1 X49.372 Y60.695 E575.01576
G1 X50.01 Y60.361 E575.03013
G1 X50.556 Y59.88 E575.04465
G1 X50.966 Y59.284 E575.05909
G1 X51.223 Y58.607 E575.07354
G1 X51.308 Y57.89 E575.08795
G1 X51.223 Y57.173 E575.10236
G1 X50.966 Y56.496 E575.11681
G1 X50.749 Y56.18 E575.12446
G1 X71.87 Y56.18 E575.54595
G1 X71.653 Y56.495 E575.55358
G1 X71.396 Y57.171 E575.56802
G1 X71.308 Y57.89 E575.58247
G1 X71.396 Y58.609 E575.59693
G1 X71.653 Y59.285 E575.61136
G1 X72.063 Y59.879 E575.62576
G1 X72.604 Y60.361 E575.64022
G1 X73.248 Y60.695 E575.6547
G1 X73.947 Y60.868 E575.66907
G1 X74.671 Y60.868 E575.68352
G1 X75.372 Y60.695 E575.69793
G1 X76.01 Y60.361 E575.7123
G1 X76.019 Y60.353 E575.71254
G1 X76.019 Y81.427 E576.13309
G1 X76.01 Y81.419 E576.13333
G1 X75.372 Y81.085 E576.1477
G1 X74.671 Y80.912 E576.16211
G1 X73.947 Y80.912 E576.17656
G1 X73.248 Y81.085 E576.19093
G1 X72.604 Y81.419 E576.20541
G1 X72.063 Y81.901 E576.21987
G1 X71.653 Y82.495 E576.23427
G1 X71.396 Y83.171 E576.2487
G1 X71.308 Y83.89 E576.26316
G1 X71.396 Y84.609 E576.27762
G1 X71.653 Y85.285 E576.29205
G1 X71.87 Y85.6 E576.29968
G1 X50.749 Y85.6 E576.72117
G1 X50.966 Y85.284 E576.72882
G1 X51.223 Y84.607 E576.74327
G1 X51.308 Y83.89 E576.75768
G1 X51.223 Y83.173 E576.77209
G1 X50.966 Y82.496 E576.78654
G1 X50.556 Y81.9 E576.80098
G1 X50.01 Y81.419 E576.8155
G1 X49.372 Y81.085 E576.82987
G1 F1500 E570.32987
G0 F9000 X49.273 Y81.348
G0 X50.42 Y82.021
G0 X49.008 Y83.274
G0 X78.074 Y74.676
G0 X69.423 Y74.676
G1 F1500 E576.82987
G0 F9000 X69.219 Y74.88
G1 F1800 X70.199 Y74.88 E576.84943
G1 X70.199 Y66.9 E577.00868
G1 X69.219 Y66.9 E577.02823
G1 X69.219 Y74.88 E577.18748
G1 F1500 E570.68748
G0 F9000 X69.509 Y74.62
G0 X69.995 Y74.676
G0 X73.968 Y81.092
G0 X75.441 Y81.436
G1 F1500 E577.18748
G0 F9000 X75.646 Y81.047
G1 F1800 X75.858 Y80.836 E577.19345
G0 F9000 X75.858 Y80.27
G1 F1800 X75.24 Y80.888 E577.21089
G0 F9000 X74.787 Y80.776
G1 F1800 X75.858 Y79.705 E577.24112
G0 F9000 X75.858 Y79.139
G1 F1800 X74.246 Y80.751 E577.28661
G0 F9000 X73.599 Y80.832
G1 F1800 X75.858 Y78.573 E577.35037
G0 F9000 X75.858 Y78.008
G1 F1800 X72.653 Y81.212 E577.44081
G0 F9000 X72.856 Y81.603
G0 X72.013 Y82.465
G0 X71.651 Y82.215
G1 F1800 X68.426 Y85.439 E577.53181
G0 F9000 X67.861 Y85.439
G1 F1800 X75.858 Y77.442 E577.7575
G0 F9000 X75.858 Y76.876
G1 F1800 X67.295 Y85.439 E577.99917
G0 F9000 X66.729 Y85.439
G1 F1800 X75.858 Y76.31 E578.25681
G0 F9000 X75.858 Y75.745
G1 F1800 X66.163 Y85.439 E578.53041
G0 F9000 X65.598 Y85.439
G1 F1800 X75.858 Y75.179 E578.81997
G0 F9000 X75.858 Y74.613
G1 F1800 X65.032 Y85.439 E579.1255
G0 F9000 X64.466 Y85.439
G1 F1800 X75.858 Y74.048 E579.44699
G0 F9000 X75.858 Y73.482
G1 F1800 X63.901 Y85.439 E579.78444
G0 F9000 X63.335 Y85.439
G1 F1800 X75.858 Y72.916 E580.13787
G0 F9000 X75.858 Y72.351
G1 F1800 X62.769 Y85.439 E580.50726
G0 F9000 X62.204 Y85.439
G1 F1800 X75.858 Y71.785 E580.8926
G0 F9000 X75.858 Y71.219
G1 F1800 X61.638 Y85.439 E581.29392
G0 F9000 X61.072 Y85.439
G1 F1800 X75.857 Y70.654 E581.71119
G0 F9000 X75.857 Y70.089
G1 F1800 X60.507 Y85.439 E582.1444
G0 F9000 X59.941 Y85.439
G1 F1800 X70.342 Y75.038 E582.43793
G1 X70.359 Y75.021
G1 X75.857 Y69.523 E582.5931
G0 F9000 X75.857 Y68.957
G1 F1800 X70.359 Y74.456 E582.74828
G0 F9000 X70.359 Y73.89
G1 F1800 X75.857 Y68.392 E582.90345
G0 F9000 X75.857 Y67.826
G1 F1800 X70.359 Y73.324 E583.05861
G0 F9000 X70.359 Y72.759
G1 F1800 X75.857 Y67.26 E583.21379
G0 F9000 X75.857 Y66.695
G1 F1800 X70.359 Y72.193 E583.36896
G0 F9000 X70.359 Y71.627
G1 F1800 X75.857 Y66.129 E583.52412
G0 F9000 X75.857 Y65.563
G1 F1800 X70.359 Y71.062 E583.6793
G0 F9000 X70.359 Y70.496
G1 F1800 X75.857 Y64.997 E583.83448
G0 F9000 X75.857 Y64.432
G1 F1800 X70.359 Y69.93 E583.98965
G0 F9000 X70.359 Y69.365
G1 F1800 X75.857 Y63.866 E584.14483
G0 F9000 X75.857 Y63.3
G1 F1800 X70.359 Y68.799 E584.3
G0 F9000 X70.359 Y68.233
G1 F1800 X75.857 Y62.735 E584.45517
G0 F9000 X75.857 Y62.169
G1 F1800 X70.359 Y67.667 E584.61034
G0 F9000 X70.359 Y67.102
G1 F1800 X75.857 Y61.603 E584.76552
G0 F9000 X75.857 Y61.038
G1 F1800 X70.155 Y66.74 E584.92644
G0 F9000 X69.589 Y66.74
G1 F1800 X75.545 Y60.785 E585.09451
G0 F9000 X74.752 Y61.012
G1 F1800 X51.414 Y84.35 E585.75316
G0 F9000 X51.451 Y83.746
G1 F1800 X74.17 Y61.028 E586.39433
G0 F9000 X73.669 Y60.963
G1 F1800 X51.392 Y83.24 E587.02303
G0 F9000 X51.258 Y82.809
G1 F1800 X73.215 Y60.851 E587.64272
G0 F9000 X72.839 Y60.662
G1 F1800 X51.098 Y82.403 E588.2563
G0 F9000 X50.867 Y82.068
G1 F1800 X72.475 Y60.46 E588.86612
G0 F9000 X72.176 Y60.193
G1 F1800 X50.623 Y81.746 E589.4744
G0 F9000 X50.323 Y81.481
G1 F1800 X71.89 Y59.913 E590.08308
G0 F9000 X71.66 Y59.578
G1 F1800 X50.004 Y81.234 E590.69426
G0 F9000 X49.632 Y81.04
G1 F1800 X71.455 Y59.218 E591.31014
G0 F9000 X71.298 Y58.808
G1 F1800 X49.223 Y80.883 E591.93314
G0 F9000 X48.77 Y80.771
G1 F1800 X71.201 Y58.34 E592.56619
G0 F9000 X71.154 Y57.821
G1 F1800 X48.224 Y80.751 E593.21332
G0 F9000 X47.569 Y80.84
G1 F1800 X53.371 Y75.038 E593.37707
G0 F9000 X53.559 Y74.851
G1 F1800 X71.232 Y57.178 E593.87584
G0 F9000 X71.505 Y56.339
G1 F1800 X53.559 Y74.285 E594.38232
G0 F9000 X53.559 Y73.72
G1 F1800 X70.939 Y56.339 E594.87283
G0 F9000 X70.374 Y56.339
G1 F1800 X53.559 Y73.154 E595.34739
G0 F9000 X53.559 Y72.588
G1 F1800 X69.808 Y56.339 E595.80597
G0 F9000 X69.242 Y56.339
G1 F1800 X53.559 Y72.023 E596.24859
G0 F9000 X53.559 Y71.457
G1 F1800 X68.677 Y56.339 E596.67525
G0 F9000 X68.111 Y56.339
G1 F1800 X53.559 Y70.891 E597.08594
G0 F9000 X53.559 Y70.326
G1 F1800 X67.545 Y56.339 E597.48067
G0 F9000 X66.979 Y56.339
G1 F1800 X53.559 Y69.76 E597.85943
G0 F9000 X53.559 Y69.194
G1 F1800 X66.414 Y56.339 E598.22222
G0 F9000 X65.848 Y56.339
G1 F1800 X53.559 Y68.628 E598.56904
G0 F9000 X53.559 Y68.063
G1 F1800 X65.282 Y56.339 E598.89991
G0 F9000 X64.717 Y56.339
G1 F1800 X53.559 Y67.497 E599.21481
G0 F9000 X53.559 Y66.931
G1 F1800 X64.151 Y56.339 E599.51374
G0 F9000 X63.585 Y56.339
G1 F1800 X53.185 Y66.739 E599.80725
G0 F9000 X52.62 Y66.739
G1 F1800 X63.02 Y56.339 E600.10076
G0 F9000 X62.454 Y56.339
G1 F1800 X46.758 Y72.035 E600.54373
G0 F9000 X46.758 Y72.6
G1 F1800 X52.258 Y67.1 E600.69896
G0 F9000 X52.258 Y67.666
G1 F1800 X46.758 Y73.166 E600.85418
G0 F9000 X46.758 Y73.732
G1 F1800 X52.258 Y68.232 E601.0094
G0 F9000 X52.258 Y68.797
G1 F1800 X46.758 Y74.297 E601.16462
G0 F9000 X46.758 Y74.863
G1 F1800 X52.258 Y69.363 E601.31984
G0 F9000 X52.258 Y69.929
G1 F1800 X46.758 Y75.429 E601.47507
G0 F9000 X46.758 Y75.994
G1 F1800 X52.258 Y70.495 E601.63027
G0 F9000 X52.258 Y71.06
G1 F1800 X46.758 Y76.56 E601.7855
G0 F9000 X46.758 Y77.126
G1 F1800 X52.258 Y71.626 E601.94072
G0 F9000 X52.258 Y72.192
G1 F1800 X46.758 Y77.691 E602.09593
G0 F9000 X46.758 Y78.257
G1 F1800 X52.258 Y72.757 E602.25115
G0 F9000 X52.258 Y73.323
G1 F1800 X46.758 Y78.823 E602.40637
G0 F9000 X46.758 Y79.388
G1 F1800 X52.258 Y73.889 E602.56158
G0 F9000 X52.258 Y74.454
G1 F1800 X46.758 Y79.954 E602.7168
G0 F9000 X46.758 Y80.52
G1 F1800 X52.258 Y75.02 E602.87202
G0 F9000 X52.806 Y75.038
G1 F1800 X46.758 Y81.086 E603.04271
G0 F9000 X46.319 Y81.086
G0 X46.403 Y81.861
G0 X48.554 Y81.863
G0 X49.032 Y81.981
G0 X49.468 Y82.209
G0 X49.838 Y82.535
G0 X50.089 Y82.899
G0 X50.782 Y84.98
G0 X51.193 Y85.136
G1 F1800 X69.058 Y67.272 E603.54688
G0 F9000 X69.058 Y67.837
G1 F1800 X51.456 Y85.439 E604.04365
G0 F9000 X52.021 Y85.439
G1 F1800 X69.058 Y68.403 E604.52446
G0 F9000 X69.058 Y68.969
G1 F1800 X52.587 Y85.439 E604.98929
G0 F9000 X53.153 Y85.439
G1 F1800 X69.058 Y69.534 E605.43816
G0 F9000 X69.058 Y70.1
G1 F1800 X53.718 Y85.439 E605.87108
G0 F9000 X54.284 Y85.439
G1 F1800 X69.058 Y70.666 E606.28802
G0 F9000 X69.058 Y71.231
G1 F1800 X54.85 Y85.439 E606.689
G0 F9000 X55.415 Y85.439
G1 F1800 X69.058 Y71.797 E607.07402
G0 F9000 X69.058 Y72.363
G1 F1800 X55.981 Y85.439 E607.44307
G0 F9000 X56.547 Y85.439
G1 F1800 X69.058 Y72.928 E607.79615
G0 F9000 X69.058 Y73.494
G1 F1800 X57.113 Y85.439 E608.13327
G0 F9000 X57.678 Y85.439
G1 F1800 X69.058 Y74.06 E608.45442
G0 F9000 X69.058 Y74.625
G1 F1800 X58.244 Y85.439 E608.75961
G0 F9000 X58.81 Y85.439
G1 F1800 X69.21 Y75.038 E609.05314
G0 F9000 X69.776 Y75.038
G1 F1800 X59.375 Y85.439 E609.34668
G0 F9000 X59.375 Y85.88
G0 X68.992 Y85.88
G0 X68.992 Y85.439
G1 F1800 X71.23 Y83.201 E609.40984
G0 F9000 X71.153 Y83.844
G1 F1800 X69.558 Y85.439 E609.45485
G0 F9000 X70.123 Y85.439
G1 F1800 X71.204 Y84.359 E609.48535
G0 F9000 X71.305 Y84.823
G1 F1800 X70.689 Y85.439 E609.50273
G0 F9000 X71.255 Y85.439
G1 F1800 X71.461 Y85.233 E609.50855
G1 F1500 E603.00855
G0 F9000 X71.873 Y85.078
G0 X72.26 Y85.792
G0 X50.359 Y85.792
G0 X50.391 Y82.047
G0 X46.729 Y81.601
G0 X46.403 Y81.861
G0 X46.319 Y71.469
G1 F1500 E609.50855
G0 F9000 X46.758 Y71.469
G1 F1800 X61.888 Y56.339 E609.93555
G0 F9000 X61.323 Y56.339
G1 F1800 X46.758 Y70.903 E610.34659
G0 F9000 X46.758 Y70.338
G1 F1800 X60.757 Y56.339 E610.74167
G0 F9000 X60.191 Y56.339
G1 F1800 X46.758 Y69.772 E611.12078
G0 F9000 X46.758 Y69.206
G1 F1800 X59.626 Y56.339 E611.48393
G0 F9000 X59.06 Y56.339
G1 F1800 X46.758 Y68.64 E611.8311
G0 F9000 X46.758 Y68.075
G1 F1800 X58.494 Y56.339 E612.16232
G0 F9000 X57.929 Y56.339
G1 F1800 X46.758 Y67.509 E612.47757
G0 F9000 X46.758 Y66.943
G1 F1800 X57.363 Y56.339 E612.77686
G0 F9000 X56.797 Y56.339
G1 F1800 X46.758 Y66.378 E613.06018
G0 F9000 X46.758 Y65.812
G1 F1800 X56.231 Y56.339 E613.32753
G0 F9000 X55.666 Y56.339
G1 F1800 X46.758 Y65.246 E613.57892
G0 F9000 X46.758 Y64.681
G1 F1800 X55.1 Y56.339 E613.81434
G0 F9000 X54.534 Y56.339
G1 F1800 X46.758 Y64.115 E614.0338
G0 F9000 X46.758 Y63.549
G1 F1800 X49.501 Y60.806 E614.11121
G0 F9000 X48.725 Y61.017
G1 F1800 X46.758 Y62.984 E614.16673
G0 F9000 X46.758 Y62.418
G1 F1800 X48.15 Y61.026 E614.20601
G0 F9000 X47.653 Y60.958
G1 F1800 X46.758 Y61.852 E614.23126
G0 F9000 X46.758 Y61.287
G1 F1800 X47.2 Y60.845 E614.24373
G0 F9000 X46.826 Y60.654
G1 F1800 X46.758 Y60.721 E614.24564
G0 F9000 X46.319 Y60.721
G0 X46.403 Y59.919
G0 X48.554 Y59.917
G0 X48.941 Y59.822
G0 X50.795 Y58.946
G0 X51.206 Y59.102
G1 F1800 X53.969 Y56.339 E614.32361
G0 F9000 X53.403 Y56.339
G1 F1800 X51.416 Y58.326 E614.37969
G0 F9000 X51.449 Y57.728
G1 F1800 X52.837 Y56.339 E614.41888
G0 F9000 X52.272 Y56.339
G1 F1800 X51.39 Y57.221 E614.44377
G0 F9000 X51.251 Y56.794
G1 F1800 X51.706 Y56.339 E614.45661
G0 F9000 X51.706 Y55.9
G0 X50.66 Y55.9
G0 X50.66 Y55.971
;TYPE:SKIN
G1 F1800 X50.462 Y56.169 E614.4594
G0 F9000 X50.336 Y56.012
G1 F1800 X50.399 Y55.949 E614.46029
G0 F9000 X50.399 Y55.9
G0 X50.293 Y57.402
G0 X50.351 Y57.89
G0 X50.293 Y58.378
G0 X50.117 Y58.84
G0 X49.838 Y59.245
G0 X49.468 Y59.571
G0 X49.032 Y59.799
G0 X48.762 Y59.865
G0 X46.623 Y60.004
G0 X46.591 Y60.039
G1 F1800 X46.515 Y60.116 E614.46137
G0 F9000 X46.369 Y59.979
G1 F1800 X46.442 Y59.906 E614.4624
G0 F9000 X46.379 Y59.864
G0 X46.319 Y81.717
G0 X46.41 Y81.717
G1 F1800 X46.368 Y81.759 E614.463
G0 F9000 X46.319 Y81.759
G0 X47.038 Y82.306
G0 X47.586 Y81.981
G0 X48.064 Y81.863
G0 X48.554 Y81.863
G0 X49.032 Y81.981
G0 X49.468 Y82.209
G0 X49.838 Y82.535
G0 X50.117 Y82.94
G0 X50.293 Y83.402
G0 X50.351 Y83.89
G0 X50.359 Y85.792
G0 X50.5 Y85.829
G1 F1800 X50.612 Y85.717 E614.46458
G0 F9000 X50.612 Y85.88
G0 X71.996 Y85.88
G0 X71.996 Y85.829
G1 F1800 X72.18 Y85.645 E614.46717
G0 F9000 X72.222 Y85.617
G0 X72.326 Y83.402
G0 X72.501 Y82.94
G0 X72.781 Y82.535
G0 X73.149 Y82.209
G0 X73.586 Y81.981
G0 X73.973 Y81.886
G0 X76.024 Y81.805
G0 X76.058 Y81.767
G1 F1800 X76.248 Y81.577 E614.46985
G0 F9000 X76.299 Y81.577
G0 X76.299 Y60.208
G0 X76.121 Y60.208
G1 F1800 X76.248 Y60.082 E614.47164
G0 F9000 X76.299 Y60.082
G0 X74.064 Y59.917
G0 X73.586 Y59.799
G0 X73.149 Y59.571
G0 X72.781 Y59.245
G0 X72.501 Y58.84
G0 X72.326 Y58.378
G0 X72.265 Y57.89
G0 X72.326 Y57.402
G0 X72.501 Y56.94
G0 X72.664 Y56.705
G0 X72.177 Y55.9
G0 X72.177 Y55.949
G1 F1800 X72.025 Y56.101 E614.47378
G0 F9000 X73.03 Y55.662
G1 F1800 X73.278 Y55.697 E614.48028
G0 F9000 X73.411 Y55.565
G0 X75.037 Y55.635
G0 X75.072 Y55.599
G1 F1800 X75.317 Y55.638 E614.48181
G1 X75.642 Y55.878 E614.4843
G1 X76.527 Y56.69 E614.4917
G1 X76.566 Y56.934 E614.49322
G0 F9000 X76.633 Y56.868
G0 X76.595 Y58.602
G0 X76.571 Y58.626
G1 F1800 X76.457 Y59.023 E614.49825
G1 X76.565 Y59.198 E614.50076
G0 F9000 X76.632 Y59.131
G0 X76.42 Y82.537
G0 X76.369 Y82.587
G1 F1800 X76.531 Y82.708 E614.5035
G1 X76.569 Y82.952 E614.50685
G0 F9000 X76.506 Y83.016
G0 X76.615 Y84.605
G0 X76.574 Y84.645
G1 F1800 X76.466 Y85.036 E614.51193
G1 X76.574 Y85.21 E614.51449
G0 F9000 X76.634 Y85.151
G0 X75.639 Y85.863
G0 X75.463 Y86.038
G1 F1800 X75.065 Y86.154 E614.51811
G1 X75.637 Y86.147 E614.5231
G0 F9000 X75.704 Y86.081
G0 X73.428 Y86.095
G0 X73.368 Y86.154
G1 F1800 X73.133 Y86.106 E614.52678
G1 X72.994 Y85.963 E614.52985
G0 F9000 X73.056 Y85.901
G0 X49.698 Y86.066
G0 X49.623 Y86.14
G1 F1800 X49.434 Y86.046 E614.53668
G0 F9000 X49.602 Y85.879
G0 X47.413 Y86.088
G0 X47.35 Y86.151
G1 F1800 X47.115 Y86.102 E614.54026
G1 X46.993 Y85.941 E614.54328
G0 F9000 X47.042 Y85.893
G0 X46.217 Y85.021
G0 X46.1 Y85.137
G1 F1800 X46.059 Y84.896 E614.54626
G1 X46.02 Y84.651 E614.54928
G0 F9000 X46.057 Y84.615
G0 X45.983 Y82.992
G0 X46.098 Y82.876
G1 F1800 X46.074 Y82.618 E614.5551
G0 F9000 X46.165 Y82.527
G0 X45.983 Y59.233
G0 X46.095 Y59.121
G1 F1800 X46.305 Y59.193 E614.55701
G1 X46.017 Y58.633 E614.56241
G0 F9000 X46.051 Y58.6
G0 X45.984 Y56.97
G0 X46.123 Y56.831
G1 F1800 X46.066 Y56.604 E614.56866
G0 F9000 X45.984 Y56.687
G0 X46.928 Y55.743
G0 X47.017 Y55.653
G1 F1800 X47.245 Y55.709 E614.5753
G0 F9000 X47.1 Y55.854
G0 X49.04 Y55.611
G1 F1800 X49.087 Y55.564 E614.57596
G0 F9000 X49.3 Y55.633
G1 F1800 X49.534 Y55.682 E614.57948
G1 X49.629 Y55.869 E614.58256
G0 F9000 X49.614 Y55.877
;MESH:NONMESH
G0 F300 X49.614 Y55.877 Z1.8
G0 F9000 X72.26 Y55.988
G0 X72.184 Y59.304
G0 X74.575 Y60.078
;TIME_ELAPSED:1431.793305
;LAYER:14
;TYPE:WALL-INNER
;MESH:HBridgeMount.stl
G1 F1800 X75.09 Y59.951 E614.59315
G1 X75.56 Y59.705 E614.60373
G1 X75.96 Y59.352 E614.61438
G1 X76.261 Y58.915 E614.62497
G1 X76.45 Y58.417 E614.6356
G1 X76.513 Y57.89 E614.64619
G1 X76.45 Y57.363 E614.65678
G1 X76.261 Y56.865 E614.66741
G1 X75.96 Y56.428 E614.678
G1 X75.56 Y56.075 E614.68865
G1 X75.09 Y55.829 E614.69923
G1 X74.575 Y55.702 E614.70982
G1 X74.043 Y55.702 E614.72044
G1 X73.529 Y55.829 E614.731
G1 X73.056 Y56.075 E614.74164
G1 X72.659 Y56.428 E614.75224
G1 X72.357 Y56.865 E614.76284
G1 X72.169 Y57.362 E614.77345
G1 X72.104 Y57.89 E614.78406
G1 X72.169 Y58.418 E614.79468
G1 X72.357 Y58.915 E614.80528
G1 X72.659 Y59.352 E614.81588
G1 X73.056 Y59.705 E614.82649
G1 X73.529 Y59.951 E614.83713
G1 X74.043 Y60.078 E614.84769
G1 X74.575 Y60.078 E614.85831
G0 F9000 X74.526 Y59.678
;TYPE:WALL-OUTER
G1 F1800 X74.947 Y59.574 E614.86696
G1 X75.332 Y59.373 E614.87563
G1 X75.658 Y59.085 E614.88431
G1 X75.904 Y58.728 E614.89296
G1 X76.059 Y58.321 E614.90165
G1 X76.11 Y57.89 E614.91031
G1 X76.059 Y57.459 E614.91898
G1 X75.904 Y57.052 E614.92767
G1 X75.658 Y56.695 E614.93632
G1 X75.332 Y56.407 E614.945
G1 X74.947 Y56.206 E614.95367
G1 X74.526 Y56.102 E614.96232
G1 X74.092 Y56.102 E614.97098
G1 X73.671 Y56.206 E614.97964
G1 X73.285 Y56.407 E614.98832
G1 X72.961 Y56.695 E614.99697
G1 X72.714 Y57.052 E615.00563
G1 X72.56 Y57.459 E615.01432
G1 X72.507 Y57.89 E615.02298
G1 X72.56 Y58.321 E615.03165
G1 X72.714 Y58.728 E615.04033
G1 X72.961 Y59.085 E615.049
G1 X73.285 Y59.373 E615.05765
G1 X73.671 Y59.574 E615.06633
G1 X74.092 Y59.678 E615.07499
G1 X74.526 Y59.678 E615.08365
G0 F9000 X74.579 Y60.114
G1 F1500 E608.58365
G0 F9000 X71.848 Y59.182
G0 X72.26 Y55.988
G0 X50.359 Y55.988
G0 X50.384 Y59.021
G0 X49.09 Y59.951
;TYPE:WALL-INNER
G1 F1500 E615.08365
G1 F1800 X49.56 Y59.705 E615.09423
G1 X49.96 Y59.352 E615.10488
G1 X50.261 Y58.915 E615.11547
G1 X50.45 Y58.417 E615.1261
G1 X50.513 Y57.89 E615.13669
G1 X50.45 Y57.363 E615.14728
G1 X50.261 Y56.865 E615.15791
G1 X49.96 Y56.428 E615.1685
G1 X49.56 Y56.075 E615.17915
G1 X49.09 Y55.829 E615.18974
G1 X48.575 Y55.702 E615.20032
G1 X48.043 Y55.702 E615.21094
G1 X47.529 Y55.829 E615.2215
G1 X47.056 Y56.075 E615.23214
G1 X46.659 Y56.428 E615.24274
G1 X46.357 Y56.865 E615.25334
G1 X46.169 Y57.362 E615.26395
G1 X46.104 Y57.89 E615.27457
G1 X46.169 Y58.418 E615.28518
G1 X46.357 Y58.915 E615.29579
G1 X46.659 Y59.352 E615.30639
G1 X47.056 Y59.705 E615.31699
G1 X47.529 Y59.951 E615.32763
G1 X48.043 Y60.078 E615.33819
G1 X48.575 Y60.078 E615.34881
G1 X49.09 Y59.951 E615.3594
G0 F9000 X48.947 Y59.574
;TYPE:WALL-OUTER
G1 F1800 X49.332 Y59.373 E615.36806
G1 X49.658 Y59.085 E615.37674
G1 X49.904 Y58.728 E615.38539
G1 X50.059 Y58.321 E615.39409
G1 X50.11 Y57.89 E615.40275
G1 X50.059 Y57.459 E615.41141
G1 X49.904 Y57.052 E615.4201
G1 X49.658 Y56.695 E615.42875
G1 X49.332 Y56.407 E615.43743
G1 X48.947 Y56.206 E615.4461
G1 X48.526 Y56.102 E615.45475
G1 X48.092 Y56.102 E615.46341
G1 X47.671 Y56.206 E615.47207
G1 X47.285 Y56.407 E615.48075
G1 X46.961 Y56.695 E615.4894
G1 X46.714 Y57.052 E615.49807
G1 X46.56 Y57.459 E615.50675
G1 X46.507 Y57.89 E615.51542
G1 X46.56 Y58.321 E615.52408
G1 X46.714 Y58.728 E615.53277
G1 X46.961 Y59.085 E615.54143
G1 X47.285 Y59.373 E615.55008
G1 X47.671 Y59.574 E615.55877
G1 X48.092 Y59.678 E615.56742
G1 X48.526 Y59.678 E615.57608
G1 X48.947 Y59.574 E615.58474
G0 F9000 X49.102 Y59.985
G1 F1500 E609.08474
G0 F9000 X46.403 Y59.919
G0 X46.403 Y81.861
G0 X49.091 Y81.239
G0 X50.117 Y82.94
G0 X50.293 Y83.402
G0 X50.351 Y83.89
G0 X50.293 Y84.378
G0 X50.117 Y84.84
G0 X49.96 Y85.068
G0 X49.09 Y85.951
;TYPE:WALL-INNER
G1 F1500 E615.58474
G1 F1800 X49.56 Y85.705 E615.59532
G1 X49.96 Y85.352 E615.60597
G1 X50.261 Y84.915 E615.61656
G1 X50.45 Y84.417 E615.62719
G1 X50.513 Y83.89 E615.63778
G1 X50.45 Y83.363 E615.64837
G1 X50.261 Y82.865 E615.659
G1 X49.96 Y82.428 E615.66959
G1 X49.56 Y82.075 E615.68024
G1 X49.09 Y81.829 E615.69082
G1 X48.575 Y81.702 E615.70141
G1 X48.043 Y81.702 E615.71202
G1 X47.529 Y81.829 E615.72259
G1 X47.056 Y82.075 E615.73323
G1 X46.659 Y82.428 E615.74383
G1 X46.357 Y82.865 E615.75443
G1 X46.169 Y83.362 E615.76504
G1 X46.104 Y83.89 E615.77565
G1 X46.169 Y84.418 E615.78627
G1 X46.357 Y84.915 E615.79687
G1 X46.659 Y85.352 E615.80747
G1 X47.056 Y85.705 E615.81808
G1 X47.529 Y85.951 E615.82871
G1 X48.043 Y86.078 E615.83928
G1 X48.575 Y86.078 E615.8499
G1 X49.09 Y85.951 E615.86048
G0 F9000 X48.947 Y85.574
;TYPE:WALL-OUTER
G1 F1800 X49.332 Y85.373 E615.86915
G1 X49.658 Y85.085 E615.87783
G1 X49.904 Y84.728 E615.88648
G1 X50.059 Y84.321 E615.89517
G1 X50.11 Y83.89 E615.90383
G1 X50.059 Y83.459 E615.9125
G1 X49.904 Y83.052 E615.92119
G1 X49.658 Y82.695 E615.92984
G1 X49.332 Y82.407 E615.93852
G1 X48.947 Y82.206 E615.94719
G1 X48.526 Y82.102 E615.95584
G1 X48.092 Y82.102 E615.9645
G1 X47.671 Y82.206 E615.97316
G1 X47.285 Y82.407 E615.98184
G1 X46.961 Y82.695 E615.99049
G1 X46.714 Y83.052 E615.99915
G1 X46.56 Y83.459 E616.00784
G1 X46.507 Y83.89 E616.0165
G1 X46.56 Y84.321 E616.02517
G1 X46.714 Y84.728 E616.03385
G1 X46.961 Y85.085 E616.04252
G1 X47.285 Y85.373 E616.05117
G1 X47.671 Y85.574 E616.05985
G1 X48.092 Y85.678 E616.06851
G1 X48.526 Y85.678 E616.07717
G1 X48.947 Y85.574 E616.08582
G0 F9000 X49.102 Y85.985
G0 X74.575 Y86.078
;TYPE:WALL-INNER
G1 F1800 X75.09 Y85.951 E616.09641
G1 X75.56 Y85.705 E616.10699
G1 X75.96 Y85.352 E616.11764
G1 X76.261 Y84.915 E616.12823
G1 X76.45 Y84.417 E616.13886
G1 X76.513 Y83.89 E616.14945
G1 X76.45 Y83.363 E616.16004
G1 X76.261 Y82.865 E616.17067
G1 X75.96 Y82.428 E616.18126
G1 X75.56 Y82.075 E616.19191
G1 X75.09 Y81.829 E616.2025
G1 X74.575 Y81.702 E616.21308
G1 X74.043 Y81.702 E616.2237
G1 X73.529 Y81.829 E616.23426
G1 X73.056 Y82.075 E616.2449
G1 X72.659 Y82.428 E616.2555
G1 X72.357 Y82.865 E616.2661
G1 X72.169 Y83.362 E616.27671
G1 X72.104 Y83.89 E616.28733
G1 X72.169 Y84.418 E616.29794
G1 X72.357 Y84.915 E616.30855
G1 X72.659 Y85.352 E616.31915
G1 X73.056 Y85.705 E616.32975
G1 X73.529 Y85.951 E616.34039
G1 X74.043 Y86.078 E616.35095
G1 X74.575 Y86.078 E616.36157
G0 F9000 X74.526 Y85.678
;TYPE:WALL-OUTER
G1 F1800 X74.947 Y85.574 E616.37022
G1 X75.332 Y85.373 E616.37889
G1 X75.658 Y85.085 E616.38757
G1 X75.904 Y84.728 E616.39622
G1 X76.059 Y84.321 E616.40491
G1 X76.11 Y83.89 E616.41358
G1 X76.059 Y83.459 E616.42224
G1 X75.904 Y83.052 E616.43093
G1 X75.658 Y82.695 E616.43958
G1 X75.332 Y82.407 E616.44826
G1 X74.947 Y82.206 E616.45693
G1 X74.526 Y82.102 E616.46558
G1 X74.092 Y82.102 E616.47424
G1 X73.671 Y82.206 E616.4829
G1 X73.285 Y82.407 E616.49158
G1 X72.961 Y82.695 E616.50023
G1 X72.714 Y83.052 E616.5089
G1 X72.56 Y83.459 E616.51758
G1 X72.507 Y83.89 E616.52625
G1 X72.56 Y84.321 E616.53491
G1 X72.714 Y84.728 E616.5436
G1 X72.961 Y85.085 E616.55226
G1 X73.285 Y85.373 E616.56091
G1 X73.671 Y85.574 E616.5696
G1 X74.092 Y85.678 E616.57825
G1 X74.526 Y85.678 E616.58691
G0 F9000 X74.579 Y86.114
G0 X46.774 Y85.99
;TYPE:WALL-INNER
G1 F1800 X46.209 Y85.99 E616.59819
G1 X46.209 Y85.405 E616.60986
G1 X46.357 Y85.619 E616.61071
G1 X46.774 Y85.99 E616.61625
G0 F9000 X46.326 Y84.378
G0 X46.293 Y84.102
G0 X46.209 Y56.375
G1 F1800 X46.209 Y55.79 E616.62792
G1 X46.774 Y55.79 E616.6392
G1 X46.357 Y56.161 E616.64474
G1 X46.209 Y56.375 E616.64559
G1 F1500 E610.14559
G0 F9000 X48.064 Y55.863
G0 X74.554 Y55.863
G0 X76.409 Y56.374
G1 F1500 E616.64559
G1 F1800 X76.262 Y56.161 E616.65075
G1 X75.841 Y55.79 E616.66195
G1 X76.409 Y55.79 E616.66765
G1 X76.409 Y56.374 E616.67498
G0 F9000 X76.409 Y82.374
G1 F1800 X76.262 Y82.161 E616.68014
G1 X75.788 Y81.743 E616.69276
G1 X75.233 Y81.452 E616.70526
G1 X74.624 Y81.302 E616.71778
G1 X73.994 Y81.302 E616.73035
G1 X73.387 Y81.452 E616.74283
G1 X72.827 Y81.743 E616.75542
G1 X72.357 Y82.161 E616.76797
G1 X72 Y82.678 E616.78051
G1 X71.778 Y83.265 E616.79304
G1 X71.701 Y83.89 E616.8056
G1 X71.778 Y84.515 E616.81817
G1 X72 Y85.102 E616.83069
G1 X72.357 Y85.619 E616.84323
G1 X72.774 Y85.99 E616.85437
G1 X72.357 Y85.99 E616.85782
G1 X50.262 Y85.99 E617.29875
G1 X49.841 Y85.99 E617.30715
G1 X50.262 Y85.619 E617.31344
G1 X50.618 Y85.102 E617.32597
G1 X50.841 Y84.513 E617.33853
G1 X50.916 Y83.89 E617.35106
G1 X50.841 Y83.267 E617.36358
G1 X50.618 Y82.678 E617.37615
G1 X50.262 Y82.161 E617.38867
G1 X49.788 Y81.743 E617.40129
G1 X49.233 Y81.452 E617.41379
G1 X48.624 Y81.302 E617.42631
G1 X47.994 Y81.302 E617.43888
G1 X47.387 Y81.452 E617.45136
G1 X46.827 Y81.743 E617.46395
G1 X46.357 Y82.161 E617.4765
G1 X46.209 Y82.375 E617.4817
G1 X46.209 Y59.405 E617.94009
G1 X46.357 Y59.619 E617.94528
G1 X46.827 Y60.037 E617.95783
G1 X47.387 Y60.328 E617.97043
G1 X47.994 Y60.478 E617.9829
G1 X48.624 Y60.478 E617.99548
G1 X49.233 Y60.328 E618.00799
G1 X49.788 Y60.037 E618.0205
G1 X50.262 Y59.619 E618.03311
G1 X50.618 Y59.102 E618.04564
G1 X50.841 Y58.513 E618.05821
G1 X50.916 Y57.89 E618.07073
G1 X50.841 Y57.267 E618.08325
G1 X50.618 Y56.678 E618.09582
G1 X50.262 Y56.161 E618.10835
G1 X49.841 Y55.79 E618.11954
G1 X50.262 Y55.79 E618.12303
G1 X72.357 Y55.79 E618.56396
G1 X72.774 Y55.79 E618.57228
G1 X72.357 Y56.161 E618.57855
G1 X72 Y56.678 E618.59109
G1 X71.778 Y57.265 E618.60361
G1 X71.701 Y57.89 E618.61618
G1 X71.778 Y58.515 E618.62875
G1 X72 Y59.102 E618.64127
G1 X72.357 Y59.619 E618.65381
G1 X72.827 Y60.037 E618.66636
G1 X73.387 Y60.328 E618.67896
G1 X73.994 Y60.478 E618.69143
G1 X74.624 Y60.478 E618.70401
G1 X75.233 Y60.328 E618.71652
G1 X75.788 Y60.037 E618.72903
G1 X76.262 Y59.619 E618.74164
G1 X76.409 Y59.406 E618.74681
G1 X76.409 Y82.374 E619.20516
G0 F9000 X76.409 Y85.99
G1 F1800 X75.841 Y85.99 E619.21649
G1 X76.262 Y85.619 E619.2221
G1 X76.409 Y85.406 E619.22727
G1 X76.409 Y85.99 E619.23464
G0 F9000 X76.809 Y86.39
G1 F1800 X74.575 Y86.39 E619.27922
G1 X74.043 Y86.39 E619.28752
G1 X48.575 Y86.39 E619.79576
G1 X48.043 Y86.39 E619.80406
G1 X45.809 Y86.39 E619.84865
G1 X45.809 Y84.418 E619.888
G1 X45.809 Y83.89 E619.89665
G1 X45.809 Y83.362 E619.90529
G1 X45.809 Y58.418 E620.40308
G1 X45.809 Y57.89 E620.41172
G1 X45.809 Y57.362 E620.42037
G1 X45.809 Y55.39 E620.45973
G1 X48.043 Y55.39 E620.50431
G1 X48.575 Y55.39 E620.51261
G1 X74.043 Y55.39 E621.02085
G1 X74.575 Y55.39 E621.02915
G1 X76.809 Y55.39 E621.07373
G1 X76.809 Y57.363 E621.11311
G1 X76.809 Y57.89 E621.12174
G1 X76.809 Y58.417 E621.13037
G1 X76.809 Y83.363 E621.62819
G1 X76.809 Y83.89 E621.63682
G1 X76.809 Y84.417 E621.64545
G1 X76.809 Y86.39 E621.68483
G0 F9000 X77.209 Y86.79
;TYPE:WALL-OUTER
G1 F1800 X45.409 Y86.79 E622.31943
G1 X45.409 Y54.99 E622.95403
G1 X77.209 Y54.99 E623.58864
G1 X77.209 Y86.79 E624.22324
G1 F1500 E617.72324
G0 F9000 X76.909 Y86.52
G0 X76.989 Y73.282
G0 X69.989 Y73.282
G0 X69.509 Y73.282
G1 F1500 E624.22324
G0 F9000 X69.289 Y73.282
;TYPE:FILL
G1 F3600 X70.128 Y70.149 E624.28797
G0 F9000 X70.128 Y69.843
G1 F3600 X69.288 Y70.068 E624.30532
G0 F9000 X69.287 Y70.28
G1 F3600 X70.129 Y71.122 E624.32908
G1 F1500 E617.82908
G0 F9000 X69.909 Y71.122
G0 X69.429 Y69.375
G0 X53.189 Y69.375
G1 F1500 E624.32908
G0 F9000 X53.327 Y69.375
G1 F3600 X52.489 Y69.6 E624.3464
G0 F9000 X52.709 Y69.6
G0 X53.109 Y67.898
G0 X53.329 Y67.898
G1 F3600 X52.488 Y67.057 E624.37013
G0 F9000 X52.679 Y67.16
G0 X52.709 Y73.845
G0 X52.488 Y73.845
G1 F3600 X53.329 Y74.686 E624.39387
G0 F9000 X53.327 Y74.344
G1 F3600 X52.489 Y74.569 E624.41118
G0 F9000 X52.419 Y74.88
;TYPE:SKIN
G1 F1800 X53.399 Y74.88 E624.43074
G1 X53.399 Y66.9 E624.58999
G1 X52.419 Y66.9 E624.60955
G1 X52.419 Y74.88 E624.7688
G1 F1500 E618.2688
G0 F9000 X52.709 Y74.62
G0 X49.308 Y81.254
G1 F1500 E624.7688
G0 F9000 X49.372 Y81.085
G1 F1800 X48.671 Y80.912 E624.78321
G1 X47.947 Y80.912 E624.79765
G1 X47.248 Y81.085 E624.81202
G1 X46.599 Y81.423 E624.82663
G1 X46.599 Y60.357 E625.24702
G1 X47.248 Y60.695 E625.26162
G1 X47.947 Y60.868 E625.27599
G1 X48.671 Y60.868 E625.29044
G1 X49.372 Y60.695 E625.30485
G1 X50.01 Y60.361 E625.31922
G1 X50.556 Y59.88 E625.33374
G1 X50.966 Y59.284 E625.34818
G1 X51.223 Y58.607 E625.36263
G1 X51.308 Y57.89 E625.37704
G1 X51.223 Y57.173 E625.39145
G1 X50.966 Y56.496 E625.4059
G1 X50.749 Y56.18 E625.41355
G1 X71.87 Y56.18 E625.83504
G1 X71.653 Y56.495 E625.84268
G1 X71.396 Y57.171 E625.85711
G1 X71.308 Y57.89 E625.87156
G1 X71.396 Y58.609 E625.88602
G1 X71.653 Y59.285 E625.90045
G1 X72.063 Y59.879 E625.91485
G1 X72.604 Y60.361 E625.92931
G1 X73.248 Y60.695 E625.94379
G1 X73.947 Y60.868 E625.95816
G1 X74.671 Y60.868 E625.97261
G1 X75.372 Y60.695 E625.98702
G1 X76.01 Y60.361 E626.00139
G1 X76.019 Y60.353 E626.00163
G1 X76.019 Y81.427 E626.42218
G1 X76.01 Y81.419 E626.42242
G1 X75.372 Y81.085 E626.4368
G1 X74.671 Y80.912 E626.4512
G1 X73.947 Y80.912 E626.46565
G1 X73.248 Y81.085 E626.48002
G1 X72.604 Y81.419 E626.4945
G1 X72.063 Y81.901 E626.50896
G1 X71.653 Y82.495 E626.52336
G1 X71.396 Y83.171 E626.5378
G1 X71.308 Y83.89 E626.55225
G1 X71.396 Y84.609 E626.56671
G1 X71.653 Y85.285 E626.58114
G1 X71.87 Y85.6 E626.58877
G1 X50.749 Y85.6 E627.01026
G1 X50.966 Y85.284 E627.01791
G1 X51.223 Y84.607 E627.03237
G1 X51.308 Y83.89 E627.04677
G1 X51.223 Y83.173 E627.06118
G1 X50.966 Y82.496 E627.07563
G1 X50.556 Y81.9 E627.09007
G1 X50.01 Y81.419 E627.10459
G1 X49.372 Y81.085 E627.11896
G1 F1500 E620.61896
G0 F9000 X49.273 Y81.348
G0 X50.42 Y82.021
G0 X49.008 Y83.274
G0 X78.074 Y74.676
G0 X69.423 Y74.676
G1 F1500 E627.11896
G0 F9000 X69.219 Y74.88
G1 F1800 X70.199 Y74.88 E627.13852
G1 X70.199 Y66.9 E627.29777
G1 X69.219 Y66.9 E627.31733
G1 X69.219 Y74.88 E627.47658
G1 F1500 E620.97658
G0 F9000 X69.509 Y74.62
G0 X69.995 Y67.104
G0 X73.968 Y60.688
G0 X75.309 Y60.413
G1 F1500 E627.47658
G0 F9000 X75.511 Y60.803
G1 F1800 X75.858 Y61.15 E627.48637
G0 F9000 X75.858 Y61.716
G1 F1800 X75.074 Y60.932 E627.5085
G0 F9000 X74.604 Y61.028
G1 F1800 X75.858 Y62.281 E627.54387
G0 F9000 X75.858 Y62.847
G1 F1800 X74.039 Y61.028 E627.59521
G0 F9000 X73.323 Y60.878
G1 F1800 X75.858 Y63.413 E627.66675
G0 F9000 X75.858 Y63.979
G1 F1800 X68.219 Y56.34 E627.88234
G0 F9000 X67.653 Y56.34
G1 F1800 X75.858 Y64.544 E628.11389
G0 F9000 X75.858 Y65.11
G1 F1800 X67.088 Y56.34 E628.3614
G0 F9000 X66.522 Y56.34
G1 F1800 X75.858 Y65.676 E628.62488
G0 F9000 X75.858 Y66.241
G1 F1800 X65.956 Y56.34 E628.90432
G0 F9000 X65.391 Y56.34
G1 F1800 X75.858 Y66.807 E629.19972
G0 F9000 X75.858 Y67.373
G1 F1800 X64.825 Y56.34 E629.5111
G0 F9000 X64.259 Y56.34
G1 F1800 X75.858 Y67.938 E629.83843
G0 F9000 X75.858 Y68.504
G1 F1800 X63.694 Y56.34 E630.18173
G0 F9000 X63.128 Y56.34
G1 F1800 X75.858 Y69.07 E630.54099
G0 F9000 X75.858 Y69.635
G1 F1800 X62.562 Y56.34 E630.91622
G0 F9000 X61.997 Y56.34
G1 F1800 X75.858 Y70.201 E631.30741
G0 F9000 X75.858 Y70.767
G1 F1800 X61.431 Y56.34 E631.71457
G0 F9000 X60.865 Y56.34
G1 F1800 X75.859 Y71.333 E632.13772
G0 F9000 X75.859 Y71.899
G1 F1800 X60.299 Y56.34 E632.57684
G0 F9000 X59.734 Y56.34
G1 F1800 X70.133 Y66.739 E632.87032
G0 F9000 X70.358 Y66.964
G1 F1800 X75.859 Y72.465 E633.02557
G0 F9000 X75.859 Y73.03
G1 F1800 X70.358 Y67.53 E633.18081
G0 F9000 X70.358 Y68.095
G1 F1800 X75.859 Y73.596 E633.33606
G0 F9000 X75.859 Y74.162
G1 F1800 X70.358 Y68.661 E633.49131
G0 F9000 X70.358 Y69.227
G1 F1800 X75.859 Y74.727 E633.64655
G0 F9000 X75.859 Y75.293
G1 F1800 X70.358 Y69.792 E633.8018
G0 F9000 X70.358 Y70.358
G1 F1800 X75.859 Y75.859 E633.95705
G0 F9000 X75.859 Y76.424
G1 F1800 X70.358 Y70.924 E634.11228
G0 F9000 X70.358 Y71.489
G1 F1800 X75.859 Y76.99 E634.26753
G0 F9000 X75.859 Y77.556
G1 F1800 X70.358 Y72.055 E634.42278
G0 F9000 X70.358 Y72.621
G1 F1800 X75.859 Y78.121 E634.57802
G0 F9000 X75.859 Y78.687
G1 F1800 X70.358 Y73.186 E634.73327
G0 F9000 X70.358 Y73.752
G1 F1800 X75.859 Y79.253 E634.88852
G0 F9000 X75.859 Y79.818
G1 F1800 X70.358 Y74.318 E635.04376
G0 F9000 X70.358 Y74.884
G1 F1800 X75.859 Y80.384 E635.19899
G0 F9000 X75.859 Y80.95
G1 F1800 X69.948 Y75.039 E635.36581
G0 F9000 X69.382 Y75.039
G1 F1800 X75.227 Y80.884 E635.53077
G0 F9000 X74.528 Y80.75
G1 F1800 X51.44 Y57.663 E636.18235
G0 F9000 X51.428 Y58.216
G1 F1800 X73.962 Y80.75 E636.81831
G0 F9000 X73.502 Y80.856
G1 F1800 X51.355 Y58.708 E637.44336
G0 F9000 X51.199 Y59.119
G1 F1800 X73.074 Y80.994 E638.06072
G0 F9000 X72.701 Y81.187
G1 F1800 X51.012 Y59.497 E638.67284
G0 F9000 X50.781 Y59.832
G1 F1800 X72.365 Y81.416 E639.28199
G0 F9000 X72.066 Y81.682
G1 F1800 X50.514 Y60.13 E639.89023
G0 F9000 X50.213 Y60.396
G1 F1800 X71.807 Y81.989 E640.49965
G0 F9000 X71.576 Y82.324
G1 F1800 X49.867 Y60.616 E641.11231
G0 F9000 X49.496 Y60.81
G1 F1800 X71.398 Y82.712 E641.73043
G0 F9000 X71.242 Y83.121
G1 F1800 X49.056 Y60.936 E642.35655
G0 F9000 X48.582 Y61.027
G1 F1800 X71.18 Y83.625 E642.99432
G0 F9000 X71.185 Y84.196
G1 F1800 X48.016 Y61.027 E643.6482
G0 F9000 X47.293 Y60.869
G1 F1800 X53.162 Y66.738 E643.81383
G0 F9000 X53.559 Y67.135
G1 F1800 X71.342 Y84.918 E644.31571
G0 F9000 X71.296 Y85.439
G1 F1800 X53.559 Y67.701 E644.8163
G0 F9000 X53.559 Y68.266
G1 F1800 X70.731 Y85.439 E645.30094
G0 F9000 X70.165 Y85.439
G1 F1800 X53.559 Y68.832 E645.76962
G0 F9000 X53.559 Y69.398
G1 F1800 X69.599 Y85.439 E646.22231
G0 F9000 X69.034 Y85.439
G1 F1800 X53.559 Y69.963 E646.65907
G0 F9000 X53.559 Y70.529
G1 F1800 X68.468 Y85.439 E647.07984
G0 F9000 X67.902 Y85.439
G1 F1800 X53.559 Y71.095 E647.48465
G0 F9000 X53.559 Y71.661
G1 F1800 X67.337 Y85.439 E647.87349
G0 F9000 X66.771 Y85.439
G1 F1800 X53.559 Y72.226 E648.24638
G0 F9000 X53.559 Y72.792
G1 F1800 X66.205 Y85.439 E648.60329
G0 F9000 X65.64 Y85.439
G1 F1800 X53.559 Y73.358 E648.94424
G0 F9000 X53.559 Y73.923
G1 F1800 X65.074 Y85.439 E649.26923
G0 F9000 X64.508 Y85.439
G1 F1800 X53.559 Y74.489 E649.57825
G0 F9000 X53.543 Y75.039
G1 F1800 X63.942 Y85.439 E649.87175
G0 F9000 X63.377 Y85.439
G1 F1800 X52.977 Y75.039 E650.16526
G0 F9000 X52.412 Y75.039
G1 F1800 X62.811 Y85.439 E650.45876
G0 F9000 X62.245 Y85.439
G1 F1800 X46.758 Y69.951 E650.89585
G0 F9000 X46.758 Y69.386
G1 F1800 X52.258 Y74.886 E651.05107
G0 F9000 X52.258 Y74.32
G1 F1800 X46.758 Y68.82 E651.20629
G0 F9000 X46.758 Y68.254
G1 F1800 X52.258 Y73.754 E651.36151
G0 F9000 X52.258 Y73.189
G1 F1800 X46.758 Y67.689 E651.51673
G0 F9000 X46.758 Y67.123
G1 F1800 X52.258 Y72.623 E651.67196
G0 F9000 X52.258 Y72.057
G1 F1800 X46.758 Y66.557 E651.82718
G0 F9000 X46.758 Y65.992
G1 F1800 X52.258 Y71.492 E651.9824
G0 F9000 X52.258 Y70.926
G1 F1800 X46.758 Y65.426 E652.13762
G0 F9000 X46.758 Y64.86
G1 F1800 X52.258 Y70.36 E652.29284
G0 F9000 X52.258 Y69.794
G1 F1800 X46.758 Y64.295 E652.44805
G0 F9000 X46.758 Y63.729
G1 F1800 X52.258 Y69.229 E652.60327
G0 F9000 X52.258 Y68.663
G1 F1800 X46.758 Y63.163 E652.7585
G0 F9000 X46.758 Y62.598
G1 F1800 X52.258 Y68.097 E652.9137
G0 F9000 X52.258 Y67.532
G1 F1800 X46.758 Y62.032 E653.06892
G0 F9000 X46.758 Y61.466
G1 F1800 X52.258 Y66.966 E653.22415
G0 F9000 X52.596 Y66.738
G1 F1800 X46.758 Y60.9 E653.38891
G0 F9000 X46.319 Y60.9
G0 X46.403 Y59.919
G0 X48.554 Y59.917
G0 X49.032 Y59.799
G0 X49.468 Y59.571
G0 X49.838 Y59.245
G0 X49.995 Y59.017
G0 X50.908 Y57.133
G0 X51.321 Y56.977
G1 F1800 X69.058 Y74.715 E653.8895
G0 F9000 X69.058 Y74.15
G1 F1800 X51.248 Y56.34 E654.39213
G0 F9000 X51.814 Y56.34
G1 F1800 X69.058 Y73.584 E654.8788
G0 F9000 X69.058 Y73.018
G1 F1800 X52.38 Y56.34 E655.34949
G0 F9000 X52.946 Y56.34
G1 F1800 X69.058 Y72.452 E655.8042
G0 F9000 X69.058 Y71.887
G1 F1800 X53.511 Y56.34 E656.24297
G0 F9000 X54.077 Y56.34
G1 F1800 X69.058 Y71.321 E656.66577
G0 F9000 X69.058 Y70.755
G1 F1800 X54.643 Y56.34 E657.07259
G0 F9000 X55.208 Y56.34
G1 F1800 X69.058 Y70.19 E657.46347
G0 F9000 X69.058 Y69.624
G1 F1800 X55.774 Y56.34 E657.83837
G0 F9000 X56.34 Y56.34
G1 F1800 X69.058 Y69.058 E658.1973
G0 F9000 X69.058 Y68.493
G1 F1800 X56.905 Y56.34 E658.54028
G0 F9000 X57.471 Y56.34
G1 F1800 X69.058 Y67.927 E658.86729
G0 F9000 X69.058 Y67.361
G1 F1800 X58.037 Y56.34 E659.17833
G0 F9000 X58.602 Y56.34
G1 F1800 X69.058 Y66.796 E659.47342
G0 F9000 X69.567 Y66.739
G1 F1800 X59.168 Y56.34 E659.7669
G0 F9000 X59.168 Y55.9
G0 X68.785 Y55.9
G0 X68.785 Y56.34
G1 F1800 X71.328 Y58.883 E659.83867
G0 F9000 X71.181 Y58.17
G1 F1800 X69.35 Y56.34 E659.89033
G0 F9000 X69.916 Y56.34
G1 F1800 X71.181 Y57.605 E659.92603
G0 F9000 X71.248 Y57.105
G1 F1800 X70.482 Y56.34 E659.94764
G0 F9000 X71.047 Y56.34
G1 F1800 X71.404 Y56.696 E659.9577
G1 F1500 E653.4577
G0 F9000 X71.816 Y56.852
G0 X72.26 Y55.988
G0 X50.359 Y55.988
G0 X50.391 Y59.733
G0 X46.729 Y60.179
G0 X46.403 Y59.919
G0 X46.319 Y70.517
G1 F1500 E659.9577
G0 F9000 X46.758 Y70.517
G1 F1800 X61.68 Y85.439 E660.37883
G0 F9000 X61.114 Y85.439
G1 F1800 X46.758 Y71.083 E660.78399
G0 F9000 X46.758 Y71.649
G1 F1800 X60.548 Y85.439 E661.17317
G0 F9000 X59.983 Y85.439
G1 F1800 X46.758 Y72.214 E661.54641
G0 F9000 X46.758 Y72.78
G1 F1800 X59.417 Y85.439 E661.90367
G0 F9000 X58.851 Y85.439
G1 F1800 X46.758 Y73.346 E662.24497
G0 F9000 X46.758 Y73.911
G1 F1800 X58.286 Y85.439 E662.57031
G0 F9000 X57.72 Y85.439
G1 F1800 X46.758 Y74.477 E662.87968
G0 F9000 X46.758 Y75.043
G1 F1800 X57.154 Y85.439 E663.17308
G0 F9000 X56.589 Y85.439
G1 F1800 X46.758 Y75.608 E663.45053
G0 F9000 X46.758 Y76.174
G1 F1800 X56.023 Y85.439 E663.71201
G0 F9000 X55.457 Y85.439
G1 F1800 X46.758 Y76.74 E663.95751
G0 F9000 X46.758 Y77.305
G1 F1800 X54.891 Y85.439 E664.18706
G0 F9000 X54.326 Y85.439
G1 F1800 X46.758 Y77.871 E664.40064
G0 F9000 X46.758 Y78.437
G1 F1800 X49.198 Y80.876 E664.46949
G0 F9000 X48.506 Y80.75
G1 F1800 X46.758 Y79.002 E664.51882
G0 F9000 X46.758 Y79.568
G1 F1800 X47.941 Y80.75 E664.5522
G0 F9000 X47.485 Y80.861
G1 F1800 X46.758 Y80.134 E664.57271
G0 F9000 X46.758 Y80.699
G1 F1800 X47.06 Y81.001 E664.58124
G0 F9000 X47.263 Y81.392
G0 X49.032 Y81.981
G0 X50.921 Y83.167
G0 X51.334 Y83.012
G1 F1800 X53.76 Y85.439 E664.64972
G0 F9000 X53.194 Y85.439
G1 F1800 X51.444 Y83.688 E664.69912
G0 F9000 X51.427 Y84.236
G1 F1800 X52.629 Y85.439 E664.73306
G0 F9000 X52.063 Y85.439
G1 F1800 X51.349 Y84.724 E664.75322
G0 F9000 X51.193 Y85.134
G1 F1800 X51.497 Y85.439 E664.76182
G0 F9000 X50.577 Y85.649
;TYPE:SKIN
G1 F1800 X50.492 Y85.564 E664.76302
G0 F9000 X50.377 Y85.732
G1 F1800 X50.473 Y85.829 E664.76438
G0 F9000 X50.473 Y85.88
G0 X49.886 Y85.174
G0 X50.117 Y84.84
G0 X50.293 Y84.378
G0 X50.351 Y83.89
G0 X50.293 Y83.402
G0 X50.117 Y82.94
G0 X49.838 Y82.535
G0 X49.468 Y82.209
G0 X49.032 Y81.981
G0 X48.762 Y81.915
G0 X46.663 Y81.741
G0 X46.63 Y81.703
G1 F1800 X46.565 Y81.637 E664.7653
G0 F9000 X46.379 Y81.734
G1 F1800 X46.48 Y81.835 E664.76673
G0 F9000 X46.514 Y81.874
G0 X46.403 Y59.919
G0 X46.658 Y60.035
G0 X46.564 Y60.14
G1 F1800 X46.369 Y59.945 E664.76948
G0 F9000 X46.379 Y59.864
G0 X48.554 Y59.917
G0 X49.032 Y59.799
G0 X49.468 Y59.571
G0 X49.838 Y59.245
G0 X50.117 Y58.84
G0 X50.293 Y58.378
G0 X50.325 Y58.102
G0 X50.302 Y55.969
G0 X50.329 Y55.985
G1 F1800 X50.541 Y56.198 E664.77248
G0 F9000 X50.638 Y56.012
G1 F1800 X50.575 Y55.949 E664.77337
G0 F9000 X50.575 Y55.9
G0 X72.072 Y55.9
G0 X72.072 Y55.95
G1 F1800 X72.211 Y56.089 E664.77533
G0 F9000 X72.253 Y56.118
G0 X72.265 Y57.89
G0 X72.326 Y58.378
G0 X72.501 Y58.84
G0 X72.781 Y59.245
G0 X73.149 Y59.571
G0 X73.586 Y59.799
G0 X73.856 Y59.865
G0 X75.916 Y60.071
G0 X75.948 Y60.109
G1 F1800 X75.986 Y60.147 E664.77587
G0 F9000 X76.098 Y59.976
G1 F1800 X76.248 Y60.125 E664.77797
G0 F9000 X76.299 Y60.125
G0 X76.299 Y81.547
G0 X76.173 Y81.547
G1 F1800 X76.249 Y81.623 E664.77905
G0 F9000 X76.225 Y81.882
G1 F1800 X75.978 Y81.635 E664.78253
G0 F9000 X75.914 Y81.707
G0 X74.064 Y81.863
G0 X73.586 Y81.981
G0 X73.149 Y82.209
G0 X72.781 Y82.535
G0 X72.501 Y82.94
G0 X72.344 Y83.355
G0 X72.173 Y85.546
G0 X72.052 Y85.628
G1 F1800 X72.252 Y85.829 E664.78536
G0 F9000 X72.898 Y86.192
G1 F1800 X73.078 Y86.089 E664.78805
G1 X73.394 Y86.122 E664.79217
G0 F9000 X73.486 Y86.214
G0 X75.098 Y86.129
G0 X75.14 Y86.171
G1 F1800 X75.379 Y86.127 E664.79588
G1 X75.613 Y86.078 E664.79953
G0 F9000 X75.748 Y86.213
G0 X76.496 Y85.264
G0 X76.417 Y85.186
G1 F1800 X76.538 Y85.023 E664.80264
G1 X76.577 Y84.779 E664.80641
G0 F9000 X76.52 Y84.722
G0 X76.634 Y83.139
G0 X76.568 Y83.073
G1 F1800 X76.486 Y82.709 E664.81115
G1 X76.595 Y82.534 E664.81377
G0 F9000 X76.634 Y82.573
G0 X76.528 Y59.275
G0 X76.438 Y59.185
G1 F1800 X76.54 Y59.004 E664.81708
G1 X76.579 Y58.76 E664.82101
G0 F9000 X76.525 Y58.706
G0 X76.633 Y57.117
G0 X76.56 Y57.044
G1 F1800 X76.494 Y56.695 E664.82553
G1 X76.603 Y56.521 E664.82815
G0 F9000 X76.633 Y56.551
G0 X75.669 Y55.87
G0 X75.516 Y55.717
G1 F1800 X75.145 Y55.629 E664.83169
G1 X75.685 Y55.604 E664.8367
G0 F9000 X75.725 Y55.643
G0 X73.479 Y55.66
G0 X73.431 Y55.612
G1 F1800 X73.195 Y55.659 E664.84046
G1 X72.994 Y55.74 E664.84385
G0 F9000 X73.104 Y55.85
G0 X49.719 Y55.659
G0 X49.671 Y55.611
G1 F1800 X49.5 Y55.723 E664.84643
G1 X49.11 Y55.615 E664.85152
G0 F9000 X49.059 Y55.564
G0 X47.461 Y55.664
G0 X47.411 Y55.614
G1 F1800 X47.177 Y55.662 E664.85524
G1 X46.994 Y55.762 E664.8585
G0 F9000 X47.09 Y55.858
G0 X46.248 Y56.713
G0 X46.132 Y56.597
G1 F1800 X46.068 Y56.817 E664.86175
G1 X46.03 Y57.061 E664.86526
G0 F9000 X46.077 Y57.108
G0 X45.983 Y58.711
G0 X46.07 Y58.798
G1 F1800 X46.102 Y59.113 E664.87109
G0 F9000 X46.221 Y59.232
G0 X45.985 Y82.472
G0 X46.112 Y82.599
G1 F1800 X46.066 Y82.835 E664.87512
G1 X46.027 Y83.08 E664.87929
G0 F9000 X46.072 Y83.124
G0 X45.983 Y84.733
G0 X46.077 Y84.827
G1 F1800 X46.093 Y85.126 E664.88506
G0 F9000 X46.204 Y85.236
G0 X46.948 Y85.98
G0 X47.065 Y86.097
G1 F1800 X47.361 Y86.11 E664.88812
G1 X46.884 Y86.199 E664.89312
G0 F9000 X46.87 Y86.185
G0 X49.081 Y86.134
G0 X49.121 Y86.173
G1 F1800 X49.361 Y86.131 E664.89672
G1 X49.595 Y86.082 E664.90024
G0 F9000 X49.727 Y86.19
G1 F1500 E658.40024
;MESH:NONMESH
G0 F300 X49.727 Y86.19 Z1.92
G0 F9000 X72.26 Y85.792
G0 X72.228 Y82.047
G0 X75.886 Y81.601
G0 X76.215 Y81.862
G0 X76.215 Y59.918
G0 X74.575 Y60.078
;TIME_ELAPSED:1551.912020
;LAYER:15
;TYPE:WALL-INNER
;MESH:HBridgeMount.stl
G1 F1500 E664.90024
G1 F1800 X75.09 Y59.951 E664.91083
G1 X75.56 Y59.705 E664.92141
G1 X75.96 Y59.352 E664.93206
G1 X76.261 Y58.915 E664.94265
G1 X76.45 Y58.417 E664.95328
G1 X76.513 Y57.89 E664.96387
G1 X76.45 Y57.363 E664.97446
G1 X76.261 Y56.865 E664.98509
G1 X75.96 Y56.428 E664.99568
G1 X75.56 Y56.075 E665.00633
G1 X75.09 Y55.829 E665.01691
G1 X74.575 Y55.702 E665.0275
G1 X74.043 Y55.702 E665.03812
G1 X73.529 Y55.829 E665.04868
G1 X73.056 Y56.075 E665.05932
G1 X72.659 Y56.428 E665.06992
G1 X72.357 Y56.865 E665.08052
G1 X72.169 Y57.362 E665.09113
G1 X72.104 Y57.89 E665.10174
G1 X72.169 Y58.418 E665.11236
G1 X72.357 Y58.915 E665.12296
G1 X72.659 Y59.352 E665.13356
G1 X73.056 Y59.705 E665.14417
G1 X73.529 Y59.951 E665.15481
G1 X74.043 Y60.078 E665.16537
G1 X74.575 Y60.078 E665.17599
G0 F9000 X74.526 Y59.678
;TYPE:WALL-OUTER
G1 F1800 X74.947 Y59.574 E665.18464
G1 X75.332 Y59.373 E665.19331
G1 X75.658 Y59.085 E665.20199
G1 X75.904 Y58.728 E665.21064
G1 X76.059 Y58.321 E665.21933
G1 X76.11 Y57.89 E665.22799
G1 X76.059 Y57.459 E665.23666
G1 X75.904 Y57.052 E665.24535
G1 X75.658 Y56.695 E665.254
G1 X75.332 Y56.407 E665.26268
G1 X74.947 Y56.206 E665.27135
G1 X74.526 Y56.102 E665.28
G1 X74.092 Y56.102 E665.28866
G1 X73.671 Y56.206 E665.29732
G1 X73.285 Y56.407 E665.306
G1 X72.961 Y56.695 E665.31465
G1 X72.714 Y57.052 E665.32331
G1 X72.56 Y57.459 E665.332
G1 X72.507 Y57.89 E665.34066
G1 X72.56 Y58.321 E665.34933
G1 X72.714 Y58.728 E665.35801
G1 X72.961 Y59.085 E665.36668
G1 X73.285 Y59.373 E665.37533
G1 X73.671 Y59.574 E665.38401
G1 X74.092 Y59.678 E665.39267
G1 X74.526 Y59.678 E665.40133
G0 F9000 X74.579 Y60.114
G1 F1500 E658.90133
G0 F9000 X71.848 Y59.182
G0 X72.26 Y55.988
G0 X50.359 Y55.988
G0 X50.384 Y59.021
G0 X49.09 Y59.951
;TYPE:WALL-INNER
G1 F1500 E665.40133
G1 F1800 X49.56 Y59.705 E665.41191
G1 X49.96 Y59.352 E665.42256
G1 X50.261 Y58.915 E665.43315
G1 X50.45 Y58.417 E665.44378
G1 X50.513 Y57.89 E665.45437
G1 X50.45 Y57.363 E665.46496
G1 X50.261 Y56.865 E665.47559
G1 X49.96 Y56.428 E665.48618
G1 X49.56 Y56.075 E665.49683
G1 X49.09 Y55.829 E665.50742
G1 X48.575 Y55.702 E665.518
G1 X48.043 Y55.702 E665.52862
G1 X47.529 Y55.829 E665.53918
G1 X47.056 Y56.075 E665.54982
G1 X46.659 Y56.428 E665.56042
G1 X46.357 Y56.865 E665.57102
G1 X46.169 Y57.362 E665.58163
G1 X46.104 Y57.89 E665.59225
G1 X46.169 Y58.418 E665.60286
G1 X46.357 Y58.915 E665.61347
G1 X46.659 Y59.352 E665.62407
G1 X47.056 Y59.705 E665.63467
G1 X47.529 Y59.951 E665.64531
G1 X48.043 Y60.078 E665.65587
G1 X48.575 Y60.078 E665.66649
G1 X49.09 Y59.951 E665.67708
G0 F9000 X48.947 Y59.574
;TYPE:WALL-OUTER
G1 F1800 X49.332 Y59.373 E665.68574
G1 X49.658 Y59.085 E665.69442
G1 X49.904 Y58.728 E665.70307
G1 X50.059 Y58.321 E665.71177
G1 X50.11 Y57.89 E665.72043
G1 X50.059 Y57.459 E665.72909
G1 X49.904 Y57.052 E665.73778
G1 X49.658 Y56.695 E665.74643
G1 X49.332 Y56.407 E665.75511
G1 X48.947 Y56.206 E665.76378
G1 X48.526 Y56.102 E665.77243
G1 X48.092 Y56.102 E665.78109
G1 X47.671 Y56.206 E665.78975
G1 X47.285 Y56.407 E665.79843
G1 X46.961 Y56.695 E665.80708
G1 X46.714 Y57.052 E665.81575
G1 X46.56 Y57.459 E665.82443
G1 X46.507 Y57.89 E665.8331
G1 X46.56 Y58.321 E665.84176
G1 X46.714 Y58.728 E665.85045
G1 X46.961 Y59.085 E665.85911
G1 X47.285 Y59.373 E665.86776
G1 X47.671 Y59.574 E665.87645
G1 X48.092 Y59.678 E665.8851
G1 X48.526 Y59.678 E665.89376
G1 X48.947 Y59.574 E665.90242
G0 F9000 X49.102 Y59.985
G1 F1500 E659.40242
G0 F9000 X46.403 Y59.919
G0 X46.403 Y81.861
G0 X49.091 Y81.239
G0 X50.117 Y82.94
G0 X50.293 Y83.402
G0 X50.351 Y83.89
G0 X50.293 Y84.378
G0 X50.117 Y84.84
G0 X49.96 Y85.068
G0 X49.09 Y85.951
;TYPE:WALL-INNER
G1 F1500 E665.90242
G1 F1800 X49.56 Y85.705 E665.913
G1 X49.96 Y85.352 E665.92365
G1 X50.261 Y84.915 E665.93424
G1 X50.45 Y84.417 E665.94487
G1 X50.513 Y83.89 E665.95546
G1 X50.45 Y83.363 E665.96605
G1 X50.261 Y82.865 E665.97668
G1 X49.96 Y82.428 E665.98727
G1 X49.56 Y82.075 E665.99792
G1 X49.09 Y81.829 E666.0085
G1 X48.575 Y81.702 E666.01909
G1 X48.043 Y81.702 E666.0297
G1 X47.529 Y81.829 E666.04027
G1 X47.056 Y82.075 E666.05091
G1 X46.659 Y82.428 E666.06151
G1 X46.357 Y82.865 E666.07211
G1 X46.169 Y83.362 E666.08272
G1 X46.104 Y83.89 E666.09333
G1 X46.169 Y84.418 E666.10395
G1 X46.357 Y84.915 E666.11455
G1 X46.659 Y85.352 E666.12515
G1 X47.056 Y85.705 E666.13576
G1 X47.529 Y85.951 E666.14639
G1 X48.043 Y86.078 E666.15696
G1 X48.575 Y86.078 E666.16758
G1 X49.09 Y85.951 E666.17816
G0 F9000 X48.947 Y85.574
;TYPE:WALL-OUTER
G1 F1800 X49.332 Y85.373 E666.18683
G1 X49.658 Y85.085 E666.19551
G1 X49.904 Y84.728 E666.20416
G1 X50.059 Y84.321 E666.21285
G1 X50.11 Y83.89 E666.22151
G1 X50.059 Y83.459 E666.23018
G1 X49.904 Y83.052 E666.23887
G1 X49.658 Y82.695 E666.24752
G1 X49.332 Y82.407 E666.2562
G1 X48.947 Y82.206 E666.26487
G1 X48.526 Y82.102 E666.27352
G1 X48.092 Y82.102 E666.28218
G1 X47.671 Y82.206 E666.29084
G1 X47.285 Y82.407 E666.29952
G1 X46.961 Y82.695 E666.30817
G1 X46.714 Y83.052 E666.31683
G1 X46.56 Y83.459 E666.32552
G1 X46.507 Y83.89 E666.33418
G1 X46.56 Y84.321 E666.34285
G1 X46.714 Y84.728 E666.35153
G1 X46.961 Y85.085 E666.3602
G1 X47.285 Y85.373 E666.36885
G1 X47.671 Y85.574 E666.37753
G1 X48.092 Y85.678 E666.38619
G1 X48.526 Y85.678 E666.39485
G1 X48.947 Y85.574 E666.4035
G0 F9000 X49.102 Y85.985
G0 X74.575 Y86.078
;TYPE:WALL-INNER
G1 F1800 X75.09 Y85.951 E666.41409
G1 X75.56 Y85.705 E666.42467
G1 X75.96 Y85.352 E666.43532
G1 X76.261 Y84.915 E666.44591
G1 X76.45 Y84.417 E666.45654
G1 X76.513 Y83.89 E666.46713
G1 X76.45 Y83.363 E666.47772
G1 X76.261 Y82.865 E666.48835
G1 X75.96 Y82.428 E666.49894
G1 X75.56 Y82.075 E666.50959
G1 X75.09 Y81.829 E666.52018
G1 X74.575 Y81.702 E666.53076
G1 X74.043 Y81.702 E666.54138
G1 X73.529 Y81.829 E666.55194
G1 X73.056 Y82.075 E666.56258
G1 X72.659 Y82.428 E666.57318
G1 X72.357 Y82.865 E666.58378
G1 X72.169 Y83.362 E666.59439
G1 X72.104 Y83.89 E666.60501
G1 X72.169 Y84.418 E666.61562
G1 X72.357 Y84.915 E666.62623
G1 X72.659 Y85.352 E666.63683
G1 X73.056 Y85.705 E666.64743
G1 X73.529 Y85.951 E666.65807
G1 X74.043 Y86.078 E666.66863
G1 X74.575 Y86.078 E666.67925
G0 F9000 X74.526 Y85.678
;TYPE:WALL-OUTER
G1 F1800 X74.947 Y85.574 E666.6879
G1 X75.332 Y85.373 E666.69657
G1 X75.658 Y85.085 E666.70525
G1 X75.904 Y84.728 E666.7139
G1 X76.059 Y84.321 E666.72259
G1 X76.11 Y83.89 E666.73126
G1 X76.059 Y83.459 E666.73992
G1 X75.904 Y83.052 E666.74861
G1 X75.658 Y82.695 E666.75726
G1 X75.332 Y82.407 E666.76594
G1 X74.947 Y82.206 E666.77461
G1 X74.526 Y82.102 E666.78326
G1 X74.092 Y82.102 E666.79192
G1 X73.671 Y82.206 E666.80058
G1 X73.285 Y82.407 E666.80926
G1 X72.961 Y82.695 E666.81791
G1 X72.714 Y83.052 E666.82658
G1 X72.56 Y83.459 E666.83526
G1 X72.507 Y83.89 E666.84393
G1 X72.56 Y84.321 E666.85259
G1 X72.714 Y84.728 E666.86128
G1 X72.961 Y85.085 E666.86994
G1 X73.285 Y85.373 E666.87859
G1 X73.671 Y85.574 E666.88728
G1 X74.092 Y85.678 E666.89593
G1 X74.526 Y85.678 E666.90459
G0 F9000 X74.579 Y86.114
G0 X46.774 Y85.99
;TYPE:WALL-INNER
G1 F1800 X46.209 Y85.99 E666.91587
G1 X46.209 Y85.405 E666.92754
G1 X46.357 Y85.619 E666.92839
G1 X46.774 Y85.99 E666.93393
G0 F9000 X46.326 Y84.378
G0 X46.293 Y84.102
G0 X46.209 Y56.375
G1 F1800 X46.209 Y55.79 E666.9456
G1 X46.774 Y55.79 E666.95688
G1 X46.357 Y56.161 E666.96242
G1 X46.209 Y56.375 E666.96327
G1 F1500 E660.46327
G0 F9000 X48.064 Y55.863
G0 X74.554 Y55.863
G0 X76.409 Y56.374
G1 F1500 E666.96327
G1 F1800 X76.262 Y56.161 E666.96843
G1 X75.841 Y55.79 E666.97963
G1 X76.409 Y55.79 E666.98533
G1 X76.409 Y56.374 E666.99266
G0 F9000 X76.409 Y82.374
G1 F1800 X76.262 Y82.161 E666.99782
G1 X75.788 Y81.743 E667.01044
G1 X75.233 Y81.452 E667.02294
G1 X74.624 Y81.302 E667.03546
G1 X73.994 Y81.302 E667.04803
G1 X73.387 Y81.452 E667.06051
G1 X72.827 Y81.743 E667.0731
G1 X72.357 Y82.161 E667.08565
G1 X72 Y82.678 E667.09819
G1 X71.778 Y83.265 E667.11072
G1 X71.701 Y83.89 E667.12328
G1 X71.778 Y84.515 E667.13585
G1 X72 Y85.102 E667.14837
G1 X72.357 Y85.619 E667.16091
G1 X72.774 Y85.99 E667.17205
G1 X72.357 Y85.99 E667.1755
G1 X50.262 Y85.99 E667.61643
G1 X49.841 Y85.99 E667.62483
G1 X50.262 Y85.619 E667.63112
G1 X50.618 Y85.102 E667.64365
G1 X50.841 Y84.513 E667.65621
G1 X50.916 Y83.89 E667.66874
G1 X50.841 Y83.267 E667.68126
G1 X50.618 Y82.678 E667.69383
G1 X50.262 Y82.161 E667.70635
G1 X49.788 Y81.743 E667.71897
G1 X49.233 Y81.452 E667.73147
G1 X48.624 Y81.302 E667.74399
G1 X47.994 Y81.302 E667.75656
G1 X47.387 Y81.452 E667.76904
G1 X46.827 Y81.743 E667.78163
G1 X46.357 Y82.161 E667.79418
G1 X46.209 Y82.375 E667.79938
G1 X46.209 Y59.405 E668.25777
G1 X46.357 Y59.619 E668.26296
G1 X46.827 Y60.037 E668.27551
G1 X47.387 Y60.328 E668.28811
G1 X47.994 Y60.478 E668.30058
G1 X48.624 Y60.478 E668.31316
G1 X49.233 Y60.328 E668.32567
G1 X49.788 Y60.037 E668.33818
G1 X50.262 Y59.619 E668.35079
G1 X50.618 Y59.102 E668.36332
G1 X50.841 Y58.513 E668.37589
G1 X50.916 Y57.89 E668.38841
G1 X50.841 Y57.267 E668.40093
G1 X50.618 Y56.678 E668.4135
G1 X50.262 Y56.161 E668.42603
G1 X49.841 Y55.79 E668.43722
G1 X50.262 Y55.79 E668.44071
G1 X72.357 Y55.79 E668.88164
G1 X72.774 Y55.79 E668.88996
G1 X72.357 Y56.161 E668.89623
G1 X72 Y56.678 E668.90877
G1 X71.778 Y57.265 E668.92129
G1 X71.701 Y57.89 E668.93386
G1 X71.778 Y58.515 E668.94643
G1 X72 Y59.102 E668.95895
G1 X72.357 Y59.619 E668.97149
G1 X72.827 Y60.037 E668.98404
G1 X73.387 Y60.328 E668.99664
G1 X73.994 Y60.478 E669.00911
G1 X74.624 Y60.478 E669.02169
G1 X75.233 Y60.328 E669.0342
G1 X75.788 Y60.037 E669.04671
G1 X76.262 Y59.619 E669.05932
G1 X76.409 Y59.406 E669.06449
G1 X76.409 Y82.374 E669.52284
G0 F9000 X76.409 Y85.99
G1 F1800 X75.841 Y85.99 E669.53417
G1 X76.262 Y85.619 E669.53978
G1 X76.409 Y85.406 E669.54495
G1 X76.409 Y85.99 E669.55232
G0 F9000 X76.809 Y86.39
G1 F1800 X74.575 Y86.39 E669.5969
G1 X74.043 Y86.39 E669.6052
G1 X48.575 Y86.39 E670.11344
G1 X48.043 Y86.39 E670.12174
G1 X45.809 Y86.39 E670.16633
G1 X45.809 Y84.418 E670.20568
G1 X45.809 Y83.89 E670.21433
G1 X45.809 Y83.362 E670.22297
G1 X45.809 Y58.418 E670.72076
G1 X45.809 Y57.89 E670.72941
G1 X45.809 Y57.362 E670.73805
G1 X45.809 Y55.39 E670.77741
G1 X48.043 Y55.39 E670.82199
G1 X48.575 Y55.39 E670.83029
G1 X74.043 Y55.39 E671.33853
G1 X74.575 Y55.39 E671.34683
G1 X76.809 Y55.39 E671.39141
G1 X76.809 Y57.363 E671.43079
G1 X76.809 Y57.89 E671.43942
G1 X76.809 Y58.417 E671.44805
G1 X76.809 Y83.363 E671.94587
G1 X76.809 Y83.89 E671.9545
G1 X76.809 Y84.417 E671.96313
G1 X76.809 Y86.39 E672.00251
G0 F9000 X77.209 Y86.79
;TYPE:WALL-OUTER
G1 F1800 X45.409 Y86.79 E672.63711
G1 X45.409 Y54.99 E673.27171
G1 X77.209 Y54.99 E673.90632
G1 X77.209 Y86.79 E674.54092
G1 F1500 E668.04092
G0 F9000 X76.909 Y86.52
G0 X76.989 Y72.954
G0 X69.989 Y72.954
G0 X69.509 Y72.954
G1 F1500 E674.54092
G0 F9000 X69.289 Y72.954
;TYPE:FILL
G1 F3600 X70.128 Y69.821 E674.60565
G1 X70.128 Y69.931
G1 X69.288 Y70.156 E674.623
G1 X69.287 Y70.16
G1 X70.129 Y71.002 E674.64676
G1 F1500 E668.14676
G0 F9000 X69.909 Y71.002
G0 X69.429 Y69.463
G0 X53.189 Y69.463
G1 F1500 E674.64676
G0 F9000 X53.327 Y69.463
G1 F3600 X52.489 Y69.688 E674.66408
G0 F9000 X52.709 Y69.688
G0 X53.109 Y67.778
G0 X53.329 Y67.778
G1 F3600 X52.52 Y66.969 E674.68691
G0 F9000 X52.679 Y67.16
G0 X52.709 Y73.725
G0 X52.488 Y73.725
G1 F3600 X53.329 Y74.566 E674.71065
G1 X53.327 Y74.432
G1 X52.489 Y74.657 E674.72796
G0 F9000 X52.419 Y74.88
;TYPE:SKIN
G1 F1800 X53.399 Y74.88 E674.74752
G1 X53.399 Y66.9 E674.90677
G1 X52.419 Y66.9 E674.92632
G1 X52.419 Y74.88 E675.08557
G1 F1500 E668.58557
G0 F9000 X52.709 Y74.62
G0 X49.308 Y81.254
G1 F1500 E675.08557
G0 F9000 X49.372 Y81.085
G1 F1800 X48.671 Y80.912 E675.09998
G1 X47.947 Y80.912 E675.11443
G1 X47.248 Y81.085 E675.1288
G1 X46.599 Y81.423 E675.1434
G1 X46.599 Y60.357 E675.5638
G1 X47.248 Y60.695 E675.5784
G1 X47.947 Y60.868 E675.59277
G1 X48.671 Y60.868 E675.60722
G1 X49.372 Y60.695 E675.62163
G1 X50.01 Y60.361 E675.636
G1 X50.556 Y59.88 E675.65052
G1 X50.966 Y59.284 E675.66496
G1 X51.223 Y58.607 E675.67941
G1 X51.308 Y57.89 E675.69382
G1 X51.223 Y57.173 E675.70823
G1 X50.966 Y56.496 E675.72268
G1 X50.749 Y56.18 E675.73033
G1 X71.87 Y56.18 E676.15182
G1 X71.653 Y56.495 E676.15945
G1 X71.396 Y57.171 E676.17388
G1 X71.308 Y57.89 E676.18834
G1 X71.396 Y58.609 E676.2028
G1 X71.653 Y59.285 E676.21723
G1 X72.063 Y59.879 E676.23163
G1 X72.604 Y60.361 E676.24609
G1 X73.248 Y60.695 E676.26057
G1 X73.947 Y60.868 E676.27494
G1 X74.671 Y60.868 E676.28939
G1 X75.372 Y60.695 E676.3038
G1 X76.01 Y60.361 E676.31817
G1 X76.019 Y60.353 E676.31841
G1 X76.019 Y81.427 E676.73896
G1 X76.01 Y81.419 E676.7392
G1 X75.372 Y81.085 E676.75357
G1 X74.671 Y80.912 E676.76798
G1 X73.947 Y80.912 E676.78243
G1 X73.248 Y81.085 E676.7968
G1 X72.604 Y81.419 E676.81128
G1 X72.063 Y81.901 E676.82574
G1 X71.653 Y82.495 E676.84014
G1 X71.396 Y83.171 E676.85457
G1 X71.308 Y83.89 E676.86903
G1 X71.396 Y84.609 E676.88348
G1 X71.653 Y85.285 E676.89792
G1 X71.87 Y85.6 E676.90555
G1 X50.749 Y85.6 E677.32704
G1 X50.966 Y85.284 E677.33469
G1 X51.223 Y84.607 E677.34914
G1 X51.308 Y83.89 E677.36355
G1 X51.223 Y83.173 E677.37796
G1 X50.966 Y82.496 E677.39241
G1 X50.556 Y81.9 E677.40685
G1 X50.01 Y81.419 E677.42137
G1 X49.372 Y81.085 E677.43574
G1 F1500 E670.93574
G0 F9000 X49.273 Y81.348
G0 X50.42 Y82.021
G0 X49.008 Y83.274
G0 X78.074 Y74.676
G0 X69.423 Y74.676
G1 F1500 E677.43574
G0 F9000 X69.219 Y74.88
G1 F1800 X70.199 Y74.88 E677.4553
G1 X70.199 Y66.9 E677.61455
G1 X69.219 Y66.9 E677.6341
G1 X69.219 Y74.88 E677.79335
G1 F1500 E671.29335
G0 F9000 X69.509 Y74.62
G0 X69.995 Y74.676
G0 X73.968 Y81.092
G0 X75.441 Y81.436
G1 F1500 E677.79335
G0 F9000 X75.646 Y81.047
G1 F1800 X75.858 Y80.836 E677.79932
G0 F9000 X75.858 Y80.27
G1 F1800 X75.24 Y80.888 E677.81676
G0 F9000 X74.787 Y80.776
G1 F1800 X75.858 Y79.705 E677.84699
G0 F9000 X75.858 Y79.139
G1 F1800 X74.246 Y80.751 E677.89248
G0 F9000 X73.599 Y80.832
G1 F1800 X75.858 Y78.573 E677.95624
G0 F9000 X75.858 Y78.008
G1 F1800 X72.653 Y81.212 E678.04667
G0 F9000 X72.856 Y81.603
G0 X72.013 Y82.465
G0 X71.651 Y82.215
G1 F1800 X68.426 Y85.439 E678.13768
G0 F9000 X67.861 Y85.439
G1 F1800 X75.858 Y77.442 E678.36337
G0 F9000 X75.858 Y76.876
G1 F1800 X67.295 Y85.439 E678.60504
G0 F9000 X66.729 Y85.439
G1 F1800 X75.858 Y76.31 E678.86268
G0 F9000 X75.858 Y75.745
G1 F1800 X66.163 Y85.439 E679.13628
G0 F9000 X65.598 Y85.439
G1 F1800 X75.858 Y75.179 E679.42584
G0 F9000 X75.858 Y74.613
G1 F1800 X65.032 Y85.439 E679.73137
G0 F9000 X64.466 Y85.439
G1 F1800 X75.858 Y74.048 E680.05286
G0 F9000 X75.858 Y73.482
G1 F1800 X63.901 Y85.439 E680.39031
G0 F9000 X63.335 Y85.439
G1 F1800 X75.858 Y72.916 E680.74374
G0 F9000 X75.858 Y72.351
G1 F1800 X62.769 Y85.439 E681.11313
G0 F9000 X62.204 Y85.439
G1 F1800 X75.858 Y71.785 E681.49847
G0 F9000 X75.858 Y71.219
G1 F1800 X61.638 Y85.439 E681.89979
G0 F9000 X61.072 Y85.439
G1 F1800 X75.857 Y70.654 E682.31705
G0 F9000 X75.857 Y70.089
G1 F1800 X60.507 Y85.439 E682.75026
G0 F9000 X59.941 Y85.439
G1 F1800 X70.342 Y75.038 E683.0438
G1 X70.359 Y75.021
G1 X75.857 Y69.523 E683.19897
G0 F9000 X75.857 Y68.957
G1 F1800 X70.359 Y74.456 E683.35415
G0 F9000 X70.359 Y73.89
G1 F1800 X75.857 Y68.392 E683.50931
G0 F9000 X75.857 Y67.826
G1 F1800 X70.359 Y73.324 E683.66448
G0 F9000 X70.359 Y72.759
G1 F1800 X75.857 Y67.26 E683.81966
G0 F9000 X75.857 Y66.695
G1 F1800 X70.359 Y72.193 E683.97482
G0 F9000 X70.359 Y71.627
G1 F1800 X75.857 Y66.129 E684.12999
G0 F9000 X75.857 Y65.563
G1 F1800 X70.359 Y71.062 E684.28517
G0 F9000 X70.359 Y70.496
G1 F1800 X75.857 Y64.997 E684.44035
G0 F9000 X75.857 Y64.432
G1 F1800 X70.359 Y69.93 E684.59551
G0 F9000 X70.359 Y69.365
G1 F1800 X75.857 Y63.866 E684.75069
G0 F9000 X75.857 Y63.3
G1 F1800 X70.359 Y68.799 E684.90587
G0 F9000 X70.359 Y68.233
G1 F1800 X75.857 Y62.735 E685.06104
G0 F9000 X75.857 Y62.169
G1 F1800 X70.359 Y67.667 E685.2162
G0 F9000 X70.359 Y67.102
G1 F1800 X75.857 Y61.603 E685.37138
G0 F9000 X75.857 Y61.038
G1 F1800 X70.155 Y66.74 E685.53231
G0 F9000 X69.589 Y66.74
G1 F1800 X75.545 Y60.785 E685.70038
G0 F9000 X74.752 Y61.012
G1 F1800 X51.414 Y84.35 E686.35903
G0 F9000 X51.451 Y83.746
G1 F1800 X74.17 Y61.028 E687.0002
G0 F9000 X73.669 Y60.963
G1 F1800 X51.392 Y83.24 E687.6289
G0 F9000 X51.258 Y82.809
G1 F1800 X73.215 Y60.851 E688.24859
G0 F9000 X72.839 Y60.662
G1 F1800 X51.098 Y82.403 E688.86217
G0 F9000 X50.867 Y82.068
G1 F1800 X72.475 Y60.46 E689.47199
G0 F9000 X72.176 Y60.193
G1 F1800 X50.623 Y81.746 E690.08027
G0 F9000 X50.323 Y81.481
G1 F1800 X71.89 Y59.913 E690.68895
G0 F9000 X71.66 Y59.578
G1 F1800 X50.004 Y81.234 E691.30013
G0 F9000 X49.632 Y81.04
G1 F1800 X71.455 Y59.218 E691.916
G0 F9000 X71.298 Y58.808
G1 F1800 X49.223 Y80.883 E692.53901
G0 F9000 X48.77 Y80.771
G1 F1800 X71.201 Y58.34 E693.17206
G0 F9000 X71.154 Y57.821
G1 F1800 X48.224 Y80.751 E693.81919
G0 F9000 X47.569 Y80.84
G1 F1800 X53.371 Y75.038 E693.98294
G0 F9000 X53.559 Y74.851
G1 F1800 X71.232 Y57.178 E694.48171
G0 F9000 X71.505 Y56.339
G1 F1800 X53.559 Y74.285 E694.98818
G0 F9000 X53.559 Y73.72
G1 F1800 X70.939 Y56.339 E695.4787
G0 F9000 X70.374 Y56.339
G1 F1800 X53.559 Y73.154 E695.95325
G0 F9000 X53.559 Y72.588
G1 F1800 X69.808 Y56.339 E696.41184
G0 F9000 X69.242 Y56.339
G1 F1800 X53.559 Y72.023 E696.85446
G0 F9000 X53.559 Y71.457
G1 F1800 X68.677 Y56.339 E697.28112
G0 F9000 X68.111 Y56.339
G1 F1800 X53.559 Y70.891 E697.69181
G0 F9000 X53.559 Y70.326
G1 F1800 X67.545 Y56.339 E698.08654
G0 F9000 X66.979 Y56.339
G1 F1800 X53.559 Y69.76 E698.4653
G0 F9000 X53.559 Y69.194
G1 F1800 X66.414 Y56.339 E698.82809
G0 F9000 X65.848 Y56.339
G1 F1800 X53.559 Y68.628 E699.17491
G0 F9000 X53.559 Y68.063
G1 F1800 X65.282 Y56.339 E699.50578
G0 F9000 X64.717 Y56.339
G1 F1800 X53.559 Y67.497 E699.82068
G0 F9000 X53.559 Y66.931
G1 F1800 X64.151 Y56.339 E700.11961
G0 F9000 X63.585 Y56.339
G1 F1800 X53.185 Y66.739 E700.41312
G0 F9000 X52.62 Y66.739
G1 F1800 X63.02 Y56.339 E700.70663
G0 F9000 X62.454 Y56.339
G1 F1800 X46.758 Y72.035 E701.1496
G0 F9000 X46.758 Y72.6
G1 F1800 X52.258 Y67.1 E701.30483
G0 F9000 X52.258 Y67.666
G1 F1800 X46.758 Y73.166 E701.46005
G0 F9000 X46.758 Y73.732
G1 F1800 X52.258 Y68.232 E701.61527
G0 F9000 X52.258 Y68.797
G1 F1800 X46.758 Y74.297 E701.77049
G0 F9000 X46.758 Y74.863
G1 F1800 X52.258 Y69.363 E701.92571
G0 F9000 X52.258 Y69.929
G1 F1800 X46.758 Y75.429 E702.08093
G0 F9000 X46.758 Y75.994
G1 F1800 X52.258 Y70.495 E702.23614
G0 F9000 X52.258 Y71.06
G1 F1800 X46.758 Y76.56 E702.39136
G0 F9000 X46.758 Y77.126
G1 F1800 X52.258 Y71.626 E702.54659
G0 F9000 X52.258 Y72.192
G1 F1800 X46.758 Y77.691 E702.70179
G0 F9000 X46.758 Y78.257
G1 F1800 X52.258 Y72.757 E702.85702
G0 F9000 X52.258 Y73.323
G1 F1800 X46.758 Y78.823 E703.01224
G0 F9000 X46.758 Y79.388
G1 F1800 X52.258 Y73.889 E703.16745
G0 F9000 X52.258 Y74.454
G1 F1800 X46.758 Y79.954 E703.32267
G0 F9000 X46.758 Y80.52
G1 F1800 X52.258 Y75.02 E703.47789
G0 F9000 X52.806 Y75.038
G1 F1800 X46.758 Y81.086 E703.64858
G0 F9000 X46.319 Y81.086
G0 X46.403 Y81.861
G0 X48.554 Y81.863
G0 X49.032 Y81.981
G0 X49.468 Y82.209
G0 X49.838 Y82.535
G0 X50.089 Y82.899
G0 X50.782 Y84.98
G0 X51.193 Y85.136
G1 F1800 X69.058 Y67.272 E704.15275
G0 F9000 X69.058 Y67.837
G1 F1800 X51.456 Y85.439 E704.64952
G0 F9000 X52.021 Y85.439
G1 F1800 X69.058 Y68.403 E705.13033
G0 F9000 X69.058 Y68.969
G1 F1800 X52.587 Y85.439 E705.59516
G0 F9000 X53.153 Y85.439
G1 F1800 X69.058 Y69.534 E706.04403
G0 F9000 X69.058 Y70.1
G1 F1800 X53.718 Y85.439 E706.47695
G0 F9000 X54.284 Y85.439
G1 F1800 X69.058 Y70.666 E706.89389
G0 F9000 X69.058 Y71.231
G1 F1800 X54.85 Y85.439 E707.29487
G0 F9000 X55.415 Y85.439
G1 F1800 X69.058 Y71.797 E707.67989
G0 F9000 X69.058 Y72.363
G1 F1800 X55.981 Y85.439 E708.04893
G0 F9000 X56.547 Y85.439
G1 F1800 X69.058 Y72.928 E708.40202
G0 F9000 X69.058 Y73.494
G1 F1800 X57.113 Y85.439 E708.73914
G0 F9000 X57.678 Y85.439
G1 F1800 X69.058 Y74.06 E709.06029
G0 F9000 X69.058 Y74.625
G1 F1800 X58.244 Y85.439 E709.36548
G0 F9000 X58.81 Y85.439
G1 F1800 X69.21 Y75.038 E709.65901
G0 F9000 X69.776 Y75.038
G1 F1800 X59.375 Y85.439 E709.95255
G0 F9000 X59.375 Y85.88
G0 X68.992 Y85.88
G0 X68.992 Y85.439
G1 F1800 X71.23 Y83.201 E710.01571
G0 F9000 X71.153 Y83.844
G1 F1800 X69.558 Y85.439 E710.06072
G0 F9000 X70.123 Y85.439
G1 F1800 X71.204 Y84.359 E710.09122
G0 F9000 X71.305 Y84.823
G1 F1800 X70.689 Y85.439 E710.1086
G0 F9000 X71.255 Y85.439
G1 F1800 X71.461 Y85.233 E710.11442
G1 F1500 E703.61442
G0 F9000 X71.873 Y85.078
G0 X72.26 Y85.792
G0 X50.359 Y85.792
G0 X50.391 Y82.047
G0 X46.729 Y81.601
G0 X46.403 Y81.861
G0 X46.319 Y71.469
G1 F1500 E710.11442
G0 F9000 X46.758 Y71.469
G1 F1800 X61.888 Y56.339 E710.54142
G0 F9000 X61.323 Y56.339
G1 F1800 X46.758 Y70.903 E710.95246
G0 F9000 X46.758 Y70.338
G1 F1800 X60.757 Y56.339 E711.34754
G0 F9000 X60.191 Y56.339
G1 F1800 X46.758 Y69.772 E711.72665
G0 F9000 X46.758 Y69.206
G1 F1800 X59.626 Y56.339 E712.0898
G0 F9000 X59.06 Y56.339
G1 F1800 X46.758 Y68.64 E712.43697
G0 F9000 X46.758 Y68.075
G1 F1800 X58.494 Y56.339 E712.76819
G0 F9000 X57.929 Y56.339
G1 F1800 X46.758 Y67.509 E713.08344
G0 F9000 X46.758 Y66.943
G1 F1800 X57.363 Y56.339 E713.38272
G0 F9000 X56.797 Y56.339
G1 F1800 X46.758 Y66.378 E713.66605
G0 F9000 X46.758 Y65.812
G1 F1800 X56.231 Y56.339 E713.9334
G0 F9000 X55.666 Y56.339
G1 F1800 X46.758 Y65.246 E714.18478
G0 F9000 X46.758 Y64.681
G1 F1800 X55.1 Y56.339 E714.42021
G0 F9000 X54.534 Y56.339
G1 F1800 X46.758 Y64.115 E714.63967
G0 F9000 X46.758 Y63.549
G1 F1800 X49.501 Y60.806 E714.71708
G0 F9000 X48.725 Y61.017
G1 F1800 X46.758 Y62.984 E714.7726
G0 F9000 X46.758 Y62.418
G1 F1800 X48.15 Y61.026 E714.81188
G0 F9000 X47.653 Y60.958
G1 F1800 X46.758 Y61.852 E714.83713
G0 F9000 X46.758 Y61.287
G1 F1800 X47.2 Y60.845 E714.8496
G0 F9000 X46.826 Y60.654
G1 F1800 X46.758 Y60.721 E714.8515
G0 F9000 X46.319 Y60.721
G0 X46.403 Y59.919
G0 X48.554 Y59.917
G0 X48.941 Y59.822
G0 X50.795 Y58.946
G0 X51.206 Y59.102
G1 F1800 X53.969 Y56.339 E714.92948
G0 F9000 X53.403 Y56.339
G1 F1800 X51.416 Y58.326 E714.98556
G0 F9000 X51.449 Y57.728
G1 F1800 X52.837 Y56.339 E715.02475
G0 F9000 X52.272 Y56.339
G1 F1800 X51.39 Y57.221 E715.04964
G0 F9000 X51.251 Y56.794
G1 F1800 X51.706 Y56.339 E715.06248
G0 F9000 X51.706 Y55.9
G0 X50.66 Y55.9
G0 X50.66 Y55.971
;TYPE:SKIN
G1 F1800 X50.462 Y56.169 E715.06527
G0 F9000 X50.336 Y56.012
G1 F1800 X50.399 Y55.949 E715.06616
G0 F9000 X50.399 Y55.9
G0 X50.293 Y57.402
G0 X50.351 Y57.89
G0 X50.293 Y58.378
G0 X50.117 Y58.84
G0 X49.838 Y59.245
G0 X49.468 Y59.571
G0 X49.032 Y59.799
G0 X48.762 Y59.865
G0 X46.623 Y60.004
G0 X46.591 Y60.039
G1 F1800 X46.515 Y60.116 E715.06724
G0 F9000 X46.369 Y59.979
G1 F1800 X46.442 Y59.906 E715.06827
G0 F9000 X46.379 Y59.864
G0 X46.319 Y81.717
G0 X46.41 Y81.717
G1 F1800 X46.368 Y81.759 E715.06886
G0 F9000 X46.319 Y81.759
G0 X47.038 Y82.306
G0 X47.586 Y81.981
G0 X48.064 Y81.863
G0 X48.554 Y81.863
G0 X49.032 Y81.981
G0 X49.468 Y82.209
G0 X49.838 Y82.535
G0 X50.117 Y82.94
G0 X50.293 Y83.402
G0 X50.351 Y83.89
G0 X50.359 Y85.792
G0 X50.5 Y85.829
G1 F1800 X50.612 Y85.717 E715.07045
G0 F9000 X50.612 Y85.88
G0 X71.996 Y85.88
G0 X71.996 Y85.829
G1 F1800 X72.18 Y85.645 E715.07304
G0 F9000 X72.222 Y85.617
G0 X72.326 Y83.402
G0 X72.501 Y82.94
G0 X72.781 Y82.535
G0 X73.149 Y82.209
G0 X73.586 Y81.981
G0 X73.973 Y81.886
G0 X76.024 Y81.805
G0 X76.058 Y81.767
G1 F1800 X76.248 Y81.577 E715.07572
G0 F9000 X76.299 Y81.577
G0 X76.299 Y60.208
G0 X76.121 Y60.208
G1 F1800 X76.248 Y60.082 E715.07751
G0 F9000 X76.299 Y60.082
G0 X74.064 Y59.917
G0 X73.586 Y59.799
G0 X73.149 Y59.571
G0 X72.781 Y59.245
G0 X72.501 Y58.84
G0 X72.326 Y58.378
G0 X72.265 Y57.89
G0 X72.326 Y57.402
G0 X72.501 Y56.94
G0 X72.664 Y56.705
G0 X72.177 Y55.9
G0 X72.177 Y55.949
G1 F1800 X72.025 Y56.101 E715.07965
G0 F9000 X73.03 Y55.662
G1 F1800 X73.278 Y55.697 E715.08615
G0 F9000 X73.411 Y55.565
G0 X75.037 Y55.635
G0 X75.072 Y55.599
G1 F1800 X75.317 Y55.638 E715.08768
G1 X75.642 Y55.878 E715.09017
G1 X76.527 Y56.69 E715.09756
G1 X76.566 Y56.934 E715.09909
G0 F9000 X76.633 Y56.868
G0 X76.595 Y58.602
G0 X76.571 Y58.626
G1 F1800 X76.457 Y59.023 E715.10412
G1 X76.565 Y59.198 E715.10663
G0 F9000 X76.632 Y59.131
G0 X76.42 Y82.537
G0 X76.369 Y82.587
G1 F1800 X76.531 Y82.708 E715.10937
G1 X76.569 Y82.952 E715.11272
G0 F9000 X76.506 Y83.016
G0 X76.615 Y84.605
G0 X76.574 Y84.645
G1 F1800 X76.466 Y85.036 E715.1178
G1 X76.574 Y85.21 E715.12036
G0 F9000 X76.634 Y85.151
G0 X75.639 Y85.863
G0 X75.463 Y86.038
G1 F1800 X75.065 Y86.154 E715.12398
G1 X75.637 Y86.147 E715.12897
G0 F9000 X75.704 Y86.081
G0 X73.428 Y86.095
G0 X73.368 Y86.154
G1 F1800 X73.133 Y86.106 E715.13265
G1 X72.994 Y85.963 E715.13572
G0 F9000 X73.056 Y85.901
G0 X49.698 Y86.066
G0 X49.623 Y86.14
G1 F1800 X49.434 Y86.046 E715.14255
G0 F9000 X49.602 Y85.879
G0 X47.413 Y86.088
G0 X47.35 Y86.151
G1 F1800 X47.115 Y86.102 E715.14613
G1 X46.993 Y85.941 E715.14915
G0 F9000 X47.042 Y85.893
G0 X46.217 Y85.021
G0 X46.1 Y85.137
G1 F1800 X46.059 Y84.896 E715.15213
G1 X46.02 Y84.651 E715.15515
G0 F9000 X46.057 Y84.615
G0 X45.983 Y82.992
G0 X46.098 Y82.876
G1 F1800 X46.074 Y82.618 E715.16097
G0 F9000 X46.165 Y82.527
G0 X45.983 Y59.233
G0 X46.095 Y59.121
G1 F1800 X46.305 Y59.193 E715.16288
G1 X46.017 Y58.633 E715.16828
G0 F9000 X46.051 Y58.6
G0 X45.984 Y56.97
G0 X46.123 Y56.831
G1 F1800 X46.066 Y56.604 E715.17453
G0 F9000 X45.984 Y56.687
G0 X46.928 Y55.743
G0 X47.017 Y55.653
G1 F1800 X47.245 Y55.709 E715.18117
G0 F9000 X47.1 Y55.854
G0 X49.04 Y55.611
G1 F1800 X49.087 Y55.564 E715.18183
G0 F9000 X49.3 Y55.633
G1 F1800 X49.534 Y55.682 E715.18535
G1 X49.629 Y55.869 E715.18843
G0 F9000 X49.614 Y55.877
;MESH:NONMESH
G0 F300 X49.614 Y55.877 Z2.04
G0 F9000 X72.26 Y55.988
G0 X72.184 Y59.304
G0 X74.575 Y60.078
;TIME_ELAPSED:1671.456933
;LAYER:16
;TYPE:WALL-INNER
;MESH:HBridgeMount.stl
G1 F1800 X75.09 Y59.951 E715.19901
G1 X75.56 Y59.705 E715.2096
G1 X75.96 Y59.352 E715.22025
G1 X76.261 Y58.915 E715.23084
G1 X76.45 Y58.417 E715.24147
G1 X76.513 Y57.887 E715.25212
G1 X76.45 Y57.363 E715.26265
G1 X76.261 Y56.865 E715.27328
G1 X75.96 Y56.428 E715.28387
G1 X75.56 Y56.075 E715.29452
G1 X75.09 Y55.829 E715.3051
G1 X74.575 Y55.702 E715.31569
G1 X74.043 Y55.702 E715.3263
G1 X73.529 Y55.829 E715.33687
G1 X73.056 Y56.075 E715.34751
G1 X72.659 Y56.428 E715.35811
G1 X72.357 Y56.865 E715.36871
G1 X72.169 Y57.362 E715.37932
G1 X72.104 Y57.89 E715.38993
G1 X72.169 Y58.418 E715.40055
G1 X72.357 Y58.915 E715.41115
G1 X72.659 Y59.352 E715.42175
G1 X73.056 Y59.705 E715.43235
G1 X73.529 Y59.951 E715.44299
G1 X74.043 Y60.078 E715.45356
G1 X74.575 Y60.078 E715.46418
G0 F9000 X74.526 Y59.678
;TYPE:WALL-OUTER
G1 F1800 X74.947 Y59.574 E715.47283
G1 X75.332 Y59.373 E715.4815
G1 X75.658 Y59.085 E715.49018
G1 X75.904 Y58.728 E715.49883
G1 X76.059 Y58.321 E715.50752
G1 X76.11 Y57.887 E715.51624
G1 X76.059 Y57.459 E715.52484
G1 X75.904 Y57.052 E715.53353
G1 X75.658 Y56.695 E715.54219
G1 X75.332 Y56.407 E715.55087
G1 X74.947 Y56.206 E715.55953
G1 X74.526 Y56.102 E715.56819
G1 X74.092 Y56.102 E715.57685
G1 X73.671 Y56.206 E715.5855
G1 X73.285 Y56.407 E715.59419
G1 X72.961 Y56.695 E715.60284
G1 X72.714 Y57.052 E715.6115
G1 X72.56 Y57.459 E715.62019
G1 X72.507 Y57.89 E715.62885
G1 X72.56 Y58.321 E715.63752
G1 X72.714 Y58.728 E715.6462
G1 X72.961 Y59.085 E715.65487
G1 X73.285 Y59.373 E715.66352
G1 X73.671 Y59.574 E715.6722
G1 X74.092 Y59.678 E715.68086
G1 X74.526 Y59.678 E715.68952
G0 F9000 X74.579 Y60.114
G1 F1500 E709.18952
G0 F9000 X71.848 Y59.182
G0 X72.26 Y55.988
G0 X50.359 Y55.988
G0 X50.384 Y59.021
G0 X49.09 Y59.951
;TYPE:WALL-INNER
G1 F1500 E715.68952
G1 F1800 X49.56 Y59.705 E715.7001
G1 X49.96 Y59.352 E715.71075
G1 X50.261 Y58.915 E715.72134
G1 X50.45 Y58.417 E715.73197
G1 X50.513 Y57.887 E715.74262
G1 X50.45 Y57.363 E715.75315
G1 X50.261 Y56.865 E715.76378
G1 X49.96 Y56.428 E715.77437
G1 X49.56 Y56.075 E715.78502
G1 X49.09 Y55.829 E715.7956
G1 X48.575 Y55.702 E715.80619
G1 X48.043 Y55.702 E715.81681
G1 X47.529 Y55.829 E715.82737
G1 X47.056 Y56.075 E715.83801
G1 X46.659 Y56.428 E715.84861
G1 X46.357 Y56.865 E715.85921
G1 X46.169 Y57.362 E715.86982
G1 X46.104 Y57.89 E715.88043
G1 X46.169 Y58.418 E715.89105
G1 X46.357 Y58.915 E715.90165
G1 X46.659 Y59.352 E715.91225
G1 X47.056 Y59.705 E715.92286
G1 X47.529 Y59.951 E715.9335
G1 X48.043 Y60.078 E715.94406
G1 X48.575 Y60.078 E715.95468
G1 X49.09 Y59.951 E715.96526
G0 F9000 X48.947 Y59.574
;TYPE:WALL-OUTER
G1 F1800 X49.332 Y59.373 E715.97393
G1 X49.658 Y59.085 E715.98261
G1 X49.904 Y58.728 E715.99126
G1 X50.059 Y58.321 E715.99995
G1 X50.11 Y57.887 E716.00868
G1 X50.059 Y57.459 E716.01728
G1 X49.904 Y57.052 E716.02597
G1 X49.658 Y56.695 E716.03462
G1 X49.332 Y56.407 E716.0433
G1 X48.947 Y56.206 E716.05197
G1 X48.526 Y56.102 E716.06062
G1 X48.092 Y56.102 E716.06928
G1 X47.671 Y56.206 E716.07794
G1 X47.285 Y56.407 E716.08662
G1 X46.961 Y56.695 E716.09527
G1 X46.714 Y57.052 E716.10394
G1 X46.56 Y57.459 E716.11262
G1 X46.507 Y57.89 E716.12129
G1 X46.56 Y58.321 E716.12995
G1 X46.714 Y58.728 E716.13864
G1 X46.961 Y59.085 E716.1473
G1 X47.285 Y59.373 E716.15595
G1 X47.671 Y59.574 E716.16464
G1 X48.092 Y59.678 E716.17329
G1 X48.526 Y59.678 E716.18195
G1 X48.947 Y59.574 E716.1906
G0 F9000 X49.102 Y59.985
G1 F1500 E709.6906
G0 F9000 X46.403 Y59.919
G0 X46.403 Y81.861
G0 X49.091 Y81.239
G0 X50.117 Y82.94
G0 X50.293 Y83.402
G0 X50.351 Y83.887
G0 X50.293 Y84.378
G0 X50.117 Y84.84
G0 X49.96 Y85.068
G0 X49.09 Y85.951
;TYPE:WALL-INNER
G1 F1500 E716.1906
G1 F1800 X49.56 Y85.705 E716.20119
G1 X49.96 Y85.352 E716.21184
G1 X50.261 Y84.915 E716.22243
G1 X50.45 Y84.417 E716.23306
G1 X50.513 Y83.887 E716.24371
G1 X50.45 Y83.363 E716.25424
G1 X50.261 Y82.865 E716.26487
G1 X49.96 Y82.428 E716.27546
G1 X49.56 Y82.075 E716.2861
G1 X49.09 Y81.829 E716.29669
G1 X48.575 Y81.702 E716.30728
G1 X48.043 Y81.702 E716.31789
G1 X47.529 Y81.829 E716.32846
G1 X47.056 Y82.075 E716.3391
G1 X46.659 Y82.428 E716.3497
G1 X46.357 Y82.865 E716.3603
G1 X46.169 Y83.362 E716.3709
G1 X46.104 Y83.89 E716.38152
G1 X46.169 Y84.418 E716.39214
G1 X46.357 Y84.915 E716.40274
G1 X46.659 Y85.352 E716.41334
G1 X47.056 Y85.705 E716.42394
G1 X47.529 Y85.951 E716.43458
G1 X48.043 Y86.078 E716.44515
G1 X48.575 Y86.078 E716.45577
G1 X49.09 Y85.951 E716.46635
G0 F9000 X48.947 Y85.574
;TYPE:WALL-OUTER
G1 F1800 X49.332 Y85.373 E716.47502
G1 X49.658 Y85.085 E716.4837
G1 X49.904 Y84.728 E716.49235
G1 X50.059 Y84.321 E716.50104
G1 X50.11 Y83.887 E716.50976
G1 X50.059 Y83.459 E716.51836
G1 X49.904 Y83.052 E716.52706
G1 X49.658 Y82.695 E716.53571
G1 X49.332 Y82.407 E716.54439
G1 X48.947 Y82.206 E716.55306
G1 X48.526 Y82.102 E716.56171
G1 X48.092 Y82.102 E716.57037
G1 X47.671 Y82.206 E716.57902
G1 X47.285 Y82.407 E716.58771
G1 X46.961 Y82.695 E716.59636
G1 X46.714 Y83.052 E716.60502
G1 X46.56 Y83.459 E716.61371
G1 X46.507 Y83.89 E716.62237
G1 X46.56 Y84.321 E716.63104
G1 X46.714 Y84.728 E716.63972
G1 X46.961 Y85.085 E716.64839
G1 X47.285 Y85.373 E716.65704
G1 X47.671 Y85.574 E716.66572
G1 X48.092 Y85.678 E716.67438
G1 X48.526 Y85.678 E716.68304
G1 X48.947 Y85.574 E716.69169
G0 F9000 X49.102 Y85.985
G0 X74.575 Y86.078
;TYPE:WALL-INNER
G1 F1800 X75.09 Y85.951 E716.70228
G1 X75.56 Y85.705 E716.71286
G1 X75.96 Y85.352 E716.72351
G1 X76.261 Y84.915 E716.7341
G1 X76.45 Y84.417 E716.74473
G1 X76.513 Y83.887 E716.75538
G1 X76.45 Y83.363 E716.76591
G1 X76.261 Y82.865 E716.77654
G1 X75.96 Y82.428 E716.78713
G1 X75.56 Y82.075 E716.79778
G1 X75.09 Y81.829 E716.80836
G1 X74.575 Y81.702 E716.81895
G1 X74.043 Y81.702 E716.82957
G1 X73.529 Y81.829 E716.84013
G1 X73.056 Y82.075 E716.85077
G1 X72.659 Y82.428 E716.86137
G1 X72.357 Y82.865 E716.87197
G1 X72.169 Y83.362 E716.88258
G1 X72.104 Y83.89 E716.89319
G1 X72.169 Y84.418 E716.90381
G1 X72.357 Y84.915 E716.91441
G1 X72.659 Y85.352 E716.92501
G1 X73.056 Y85.705 E716.93562
G1 X73.529 Y85.951 E716.94626
G1 X74.043 Y86.078 E716.95682
G1 X74.575 Y86.078 E716.96744
G0 F9000 X74.526 Y85.678
;TYPE:WALL-OUTER
G1 F1800 X74.947 Y85.574 E716.97609
G1 X75.332 Y85.373 E716.98476
G1 X75.658 Y85.085 E716.99344
G1 X75.904 Y84.728 E717.00209
G1 X76.059 Y84.321 E717.01078
G1 X76.11 Y83.887 E717.0195
G1 X76.059 Y83.459 E717.02811
G1 X75.904 Y83.052 E717.0368
G1 X75.658 Y82.695 E717.04545
G1 X75.332 Y82.407 E717.05413
G1 X74.947 Y82.206 E717.0628
G1 X74.526 Y82.102 E717.07145
G1 X74.092 Y82.102 E717.08011
G1 X73.671 Y82.206 E717.08877
G1 X73.285 Y82.407 E717.09745
G1 X72.961 Y82.695 E717.1061
G1 X72.714 Y83.052 E717.11476
G1 X72.56 Y83.459 E717.12345
G1 X72.507 Y83.89 E717.13211
G1 X72.56 Y84.321 E717.14078
G1 X72.714 Y84.728 E717.14946
G1 X72.961 Y85.085 E717.15813
G1 X73.285 Y85.373 E717.16678
G1 X73.671 Y85.574 E717.17546
G1 X74.092 Y85.678 E717.18412
G1 X74.526 Y85.678 E717.19278
G0 F9000 X74.579 Y86.114
G0 X46.774 Y85.99
;TYPE:WALL-INNER
G1 F1800 X46.209 Y85.99 E717.20405
G1 X46.209 Y85.405 E717.21573
G1 X46.357 Y85.619 E717.21658
G1 X46.774 Y85.99 E717.22212
G0 F9000 X46.326 Y84.378
G0 X46.293 Y84.102
G0 X46.209 Y56.375
G1 F1800 X46.209 Y55.79 E717.23379
G1 X46.774 Y55.79 E717.24507
G1 X46.357 Y56.161 E717.2506
G1 X46.209 Y56.375 E717.25146
G1 F1500 E710.75146
G0 F9000 X48.064 Y55.863
G0 X74.554 Y55.863
G0 X76.409 Y56.374
G1 F1500 E717.25146
G1 F1800 X76.262 Y56.161 E717.25662
G1 X75.841 Y55.79 E717.26782
G1 X76.409 Y55.79 E717.27352
G1 X76.409 Y56.374 E717.28085
G0 F9000 X76.409 Y82.374
G1 F1800 X76.262 Y82.161 E717.28601
G1 X75.788 Y81.743 E717.29862
G1 X75.233 Y81.452 E717.31113
G1 X74.624 Y81.302 E717.32365
G1 X73.994 Y81.302 E717.33622
G1 X73.387 Y81.452 E717.3487
G1 X72.827 Y81.743 E717.36129
G1 X72.357 Y82.161 E717.37384
G1 X72 Y82.678 E717.38638
G1 X71.778 Y83.265 E717.3989
G1 X71.701 Y83.89 E717.41147
G1 X71.778 Y84.515 E717.42404
G1 X72 Y85.102 E717.43656
G1 X72.357 Y85.619 E717.4491
G1 X72.774 Y85.99 E717.46024
G1 X72.357 Y85.99 E717.46369
G1 X50.262 Y85.99 E717.90462
G1 X49.841 Y85.99 E717.91302
G1 X50.262 Y85.619 E717.91931
G1 X50.618 Y85.102 E717.93183
G1 X50.841 Y84.513 E717.9444
G1 X50.916 Y83.887 E717.95698
G1 X50.841 Y83.267 E717.96945
G1 X50.618 Y82.678 E717.98202
G1 X50.262 Y82.161 E717.99454
G1 X49.788 Y81.743 E718.00715
G1 X49.233 Y81.452 E718.01966
G1 X48.624 Y81.302 E718.03218
G1 X47.994 Y81.302 E718.04475
G1 X47.387 Y81.452 E718.05723
G1 X46.827 Y81.743 E718.06982
G1 X46.357 Y82.161 E718.08237
G1 X46.209 Y82.375 E718.08757
G1 X46.209 Y59.405 E718.54596
G1 X46.357 Y59.619 E718.55115
G1 X46.827 Y60.037 E718.5637
G1 X47.387 Y60.328 E718.57629
G1 X47.994 Y60.478 E718.58877
G1 X48.624 Y60.478 E718.60135
G1 X49.233 Y60.328 E718.61386
G1 X49.788 Y60.037 E718.62637
G1 X50.262 Y59.619 E718.63898
G1 X50.618 Y59.102 E718.65151
G1 X50.841 Y58.513 E718.66407
G1 X50.916 Y57.887 E718.67666
G1 X50.841 Y57.267 E718.68912
G1 X50.618 Y56.678 E718.70169
G1 X50.262 Y56.161 E718.71421
G1 X49.841 Y55.79 E718.72541
G1 X50.262 Y55.79 E718.7289
G1 X72.357 Y55.79 E719.16983
G1 X72.774 Y55.79 E719.17815
G1 X72.357 Y56.161 E719.18442
G1 X72 Y56.678 E719.19696
G1 X71.778 Y57.265 E719.20948
G1 X71.701 Y57.89 E719.22205
G1 X71.778 Y58.515 E719.23462
G1 X72 Y59.102 E719.24714
G1 X72.357 Y59.619 E719.25968
G1 X72.827 Y60.037 E719.27223
G1 X73.387 Y60.328 E719.28483
G1 X73.994 Y60.478 E719.2973
G1 X74.624 Y60.478 E719.30988
G1 X75.233 Y60.328 E719.32239
G1 X75.788 Y60.037 E719.3349
G1 X76.262 Y59.619 E719.34751
G1 X76.409 Y59.406 E719.35267
G1 X76.409 Y82.374 E719.81103
G0 F9000 X76.409 Y85.99
G1 F1800 X75.841 Y85.99 E719.82236
G1 X76.262 Y85.619 E719.82797
G1 X76.409 Y85.406 E719.83314
G1 X76.409 Y85.99 E719.84051
G0 F9000 X76.809 Y86.39
G1 F1800 X74.575 Y86.39 E719.88509
G1 X74.043 Y86.39 E719.89339
G1 X48.575 Y86.39 E720.40163
G1 X48.043 Y86.39 E720.40993
G1 X45.809 Y86.39 E720.45452
G1 X45.809 Y84.418 E720.49387
G1 X45.809 Y83.89 E720.50252
G1 X45.809 Y83.362 E720.51116
G1 X45.809 Y58.418 E721.00895
G1 X45.809 Y57.89 E721.01759
G1 X45.809 Y57.362 E721.02624
G1 X45.809 Y55.39 E721.06559
G1 X48.043 Y55.39 E721.11018
G1 X48.575 Y55.39 E721.11848
G1 X74.043 Y55.39 E721.62672
G1 X74.575 Y55.39 E721.63502
G1 X76.809 Y55.39 E721.6796
G1 X76.809 Y57.363 E721.71898
G1 X76.809 Y57.887 E721.72756
G1 X76.809 Y58.417 E721.73624
G1 X76.809 Y83.363 E722.23406
G1 X76.809 Y83.887 E722.24264
G1 X76.809 Y84.417 E722.25132
G1 X76.809 Y86.39 E722.2907
G0 F9000 X77.209 Y86.79
;TYPE:WALL-OUTER
G1 F1800 X45.409 Y86.79 E722.9253
G1 X45.409 Y54.99 E723.5599
G1 X77.209 Y54.99 E724.19451
G1 X77.209 Y86.79 E724.82911
G1 F1500 E718.32911
G0 F9000 X76.909 Y86.52
G0 X76.989 Y72.625
G0 X69.989 Y72.625
G0 X69.509 Y72.625
G1 F1500 E724.82911
G0 F9000 X69.288 Y72.625
;TYPE:FILL
G1 F3600 X70.128 Y69.493 E724.89382
G0 F9000 X70.127 Y70.019
G1 F3600 X69.288 Y70.244 E724.91116
G0 F9000 X69.287 Y70.04
G1 F3600 X70.128 Y70.881 E724.93489
G1 F1500 E718.43489
G0 F9000 X69.909 Y70.881
G0 X69.429 Y69.551
G0 X53.189 Y69.551
G1 F1500 E724.93489
G0 F9000 X53.327 Y69.551
G1 F3600 X52.488 Y69.776 E724.95222
G0 F9000 X52.709 Y69.776
G0 X53.109 Y67.658
G0 X53.329 Y67.658
G1 F3600 X52.64 Y66.969 E724.97167
G0 F9000 X52.64 Y67.19
G0 X52.709 Y73.605
G0 X52.488 Y73.605
G1 F3600 X53.329 Y74.446 E724.9954
G1 X53.327 Y74.521
G1 X52.489 Y74.745 E725.01272
G0 F9000 X52.419 Y74.88
;TYPE:SKIN
G1 F1800 X53.399 Y74.88 E725.03227
G1 X53.399 Y66.9 E725.19152
G1 X52.419 Y66.9 E725.21108
G1 X52.419 Y74.88 E725.37033
G1 F1500 E718.87033
G0 F9000 X52.709 Y74.62
G0 X49.308 Y81.254
G1 F1500 E725.37033
G0 F9000 X49.372 Y81.085
G1 F1800 X48.671 Y80.912 E725.38474
G1 X47.947 Y80.912 E725.39919
G1 X47.248 Y81.085 E725.41356
G1 X46.599 Y81.423 E725.42816
G1 X46.599 Y60.357 E725.84855
G1 X47.248 Y60.695 E725.86316
G1 X47.947 Y60.868 E725.87753
G1 X48.671 Y60.868 E725.89197
G1 X49.372 Y60.695 E725.90638
G1 X50.01 Y60.361 E725.92075
G1 X50.556 Y59.88 E725.93528
G1 X50.966 Y59.284 E725.94971
G1 X51.223 Y58.607 E725.96416
G1 X51.308 Y57.887 E725.97863
G1 X51.223 Y57.173 E725.99298
G1 X50.966 Y56.496 E726.00743
G1 X50.749 Y56.18 E726.01508
G1 X71.87 Y56.18 E726.43657
G1 X71.653 Y56.495 E726.44421
G1 X71.396 Y57.171 E726.45864
G1 X71.308 Y57.89 E726.47309
G1 X71.396 Y58.609 E726.48755
G1 X71.653 Y59.285 E726.50198
G1 X72.063 Y59.879 E726.51639
G1 X72.604 Y60.361 E726.53085
G1 X73.248 Y60.695 E726.54532
G1 X73.947 Y60.868 E726.55969
G1 X74.671 Y60.868 E726.57414
G1 X75.372 Y60.695 E726.58855
G1 X76.01 Y60.361 E726.60292
G1 X76.019 Y60.353 E726.60316
G1 X76.019 Y81.427 E727.02372
G1 X76.01 Y81.419 E727.02396
G1 X75.372 Y81.085 E727.03833
G1 X74.671 Y80.912 E727.05274
G1 X73.947 Y80.912 E727.06718
G1 X73.248 Y81.085 E727.08155
G1 X72.604 Y81.419 E727.09603
G1 X72.063 Y81.901 E727.11049
G1 X71.653 Y82.495 E727.1249
G1 X71.396 Y83.171 E727.13933
G1 X71.308 Y83.89 E727.15378
G1 X71.396 Y84.609 E727.16824
G1 X71.653 Y85.285 E727.18267
G1 X71.87 Y85.6 E727.1903
G1 X50.749 Y85.6 E727.6118
G1 X50.966 Y85.284 E727.61945
G1 X51.223 Y84.607 E727.6339
G1 X51.308 Y83.887 E727.64837
G1 X51.223 Y83.173 E727.66271
G1 X50.966 Y82.496 E727.67717
G1 X50.556 Y81.9 E727.6916
G1 X50.01 Y81.419 E727.70612
G1 X49.372 Y81.085 E727.72049
G1 F1500 E721.22049
G0 F9000 X49.273 Y81.348
G0 X50.42 Y82.021
G0 X49.008 Y83.274
G0 X78.074 Y74.676
G0 X69.423 Y74.676
G1 F1500 E727.72049
G0 F9000 X69.219 Y74.88
G1 F1800 X70.199 Y74.88 E727.74005
G1 X70.199 Y66.9 E727.8993
G1 X69.219 Y66.9 E727.91886
G1 X69.219 Y74.88 E728.07811
G1 F1500 E721.57811
G0 F9000 X69.509 Y74.62
G0 X69.995 Y67.104
G0 X73.968 Y60.688
G0 X75.309 Y60.413
G1 F1500 E728.07811
G0 F9000 X75.511 Y60.803
G1 F1800 X75.858 Y61.15 E728.0879
G0 F9000 X75.858 Y61.716
G1 F1800 X75.074 Y60.932 E728.11003
G0 F9000 X74.604 Y61.028
G1 F1800 X75.858 Y62.281 E728.1454
G0 F9000 X75.858 Y62.847
G1 F1800 X74.039 Y61.028 E728.19674
G0 F9000 X73.323 Y60.878
G1 F1800 X75.858 Y63.413 E728.26828
G0 F9000 X75.858 Y63.979
G1 F1800 X68.219 Y56.34 E728.48387
G0 F9000 X67.653 Y56.34
G1 F1800 X75.858 Y64.544 E728.71542
G0 F9000 X75.858 Y65.11
G1 F1800 X67.088 Y56.34 E728.96293
G0 F9000 X66.522 Y56.34
G1 F1800 X75.858 Y65.676 E729.22641
G0 F9000 X75.858 Y66.241
G1 F1800 X65.956 Y56.34 E729.50585
G0 F9000 X65.391 Y56.34
G1 F1800 X75.858 Y66.807 E729.80125
G0 F9000 X75.858 Y67.373
G1 F1800 X64.825 Y56.34 E730.11263
G0 F9000 X64.259 Y56.34
G1 F1800 X75.858 Y67.938 E730.43996
G0 F9000 X75.858 Y68.504
G1 F1800 X63.694 Y56.34 E730.78326
G0 F9000 X63.128 Y56.34
G1 F1800 X75.858 Y69.07 E731.14253
G0 F9000 X75.858 Y69.635
G1 F1800 X62.562 Y56.34 E731.51775
G0 F9000 X61.997 Y56.34
G1 F1800 X75.858 Y70.201 E731.90894
G0 F9000 X75.858 Y70.767
G1 F1800 X61.431 Y56.34 E732.3161
G0 F9000 X60.865 Y56.34
G1 F1800 X75.859 Y71.333 E732.73925
G0 F9000 X75.859 Y71.899
G1 F1800 X60.299 Y56.34 E733.17837
G0 F9000 X59.734 Y56.34
G1 F1800 X70.133 Y66.739 E733.47186
G0 F9000 X70.358 Y66.964
G1 F1800 X75.859 Y72.465 E733.62711
G0 F9000 X75.859 Y73.03
G1 F1800 X70.358 Y67.53 E733.78234
G0 F9000 X70.358 Y68.095
G1 F1800 X75.859 Y73.596 E733.93759
G0 F9000 X75.859 Y74.162
G1 F1800 X70.358 Y68.661 E734.09284
G0 F9000 X70.358 Y69.227
G1 F1800 X75.859 Y74.727 E734.24808
G0 F9000 X75.859 Y75.293
G1 F1800 X70.358 Y69.792 E734.40333
G0 F9000 X70.358 Y70.358
G1 F1800 X75.859 Y75.859 E734.55858
G0 F9000 X75.859 Y76.424
G1 F1800 X70.358 Y70.924 E734.71381
G0 F9000 X70.358 Y71.489
G1 F1800 X75.859 Y76.99 E734.86906
G0 F9000 X75.859 Y77.556
G1 F1800 X70.358 Y72.055 E735.02431
G0 F9000 X70.358 Y72.621
G1 F1800 X75.859 Y78.121 E735.17955
G0 F9000 X75.859 Y78.687
G1 F1800 X70.358 Y73.186 E735.3348
G0 F9000 X70.358 Y73.752
G1 F1800 X75.859 Y79.253 E735.49005
G0 F9000 X75.859 Y79.818
G1 F1800 X70.358 Y74.318 E735.64529
G0 F9000 X70.358 Y74.884
G1 F1800 X75.859 Y80.384 E735.80052
G0 F9000 X75.859 Y80.95
G1 F1800 X69.948 Y75.039 E735.96734
G0 F9000 X69.382 Y75.039
G1 F1800 X75.227 Y80.884 E736.1323
G0 F9000 X74.528 Y80.75
G1 F1800 X51.442 Y57.664 E736.78384
G0 F9000 X51.429 Y58.217
G1 F1800 X73.962 Y80.75 E737.41977
G0 F9000 X73.502 Y80.856
G1 F1800 X51.355 Y58.708 E738.04482
G0 F9000 X51.199 Y59.119
G1 F1800 X73.074 Y80.994 E738.66218
G0 F9000 X72.701 Y81.187
G1 F1800 X51.012 Y59.497 E739.2743
G0 F9000 X50.781 Y59.832
G1 F1800 X72.365 Y81.416 E739.88345
G0 F9000 X72.066 Y81.682
G1 F1800 X50.514 Y60.13 E740.4917
G0 F9000 X50.213 Y60.396
G1 F1800 X71.807 Y81.989 E741.10111
G0 F9000 X71.576 Y82.324
G1 F1800 X49.867 Y60.616 E741.71377
G0 F9000 X49.496 Y60.81
G1 F1800 X71.398 Y82.712 E742.33189
G0 F9000 X71.242 Y83.121
G1 F1800 X49.056 Y60.936 E742.95802
G0 F9000 X48.582 Y61.027
G1 F1800 X71.18 Y83.625 E743.59578
G0 F9000 X71.185 Y84.196
G1 F1800 X48.016 Y61.027 E744.24966
G0 F9000 X47.293 Y60.869
G1 F1800 X53.162 Y66.738 E744.4153
G0 F9000 X53.559 Y67.135
G1 F1800 X71.342 Y84.918 E744.91717
G0 F9000 X71.296 Y85.439
G1 F1800 X53.559 Y67.701 E745.41776
G0 F9000 X53.559 Y68.266
G1 F1800 X70.731 Y85.439 E745.90241
G0 F9000 X70.165 Y85.439
G1 F1800 X53.559 Y68.832 E746.37108
G0 F9000 X53.559 Y69.398
G1 F1800 X69.599 Y85.439 E746.82377
G0 F9000 X69.034 Y85.439
G1 F1800 X53.559 Y69.963 E747.26053
G0 F9000 X53.559 Y70.529
G1 F1800 X68.468 Y85.439 E747.6813
G0 F9000 X67.902 Y85.439
G1 F1800 X53.559 Y71.095 E748.08611
G0 F9000 X53.559 Y71.661
G1 F1800 X67.337 Y85.439 E748.47495
G0 F9000 X66.771 Y85.439
G1 F1800 X53.559 Y72.226 E748.84784
G0 F9000 X53.559 Y72.792
G1 F1800 X66.205 Y85.439 E749.20475
G0 F9000 X65.64 Y85.439
G1 F1800 X53.559 Y73.358 E749.5457
G0 F9000 X53.559 Y73.923
G1 F1800 X65.074 Y85.439 E749.8707
G0 F9000 X64.508 Y85.439
G1 F1800 X53.559 Y74.489 E750.17971
G0 F9000 X53.543 Y75.039
G1 F1800 X63.942 Y85.439 E750.47321
G0 F9000 X63.377 Y85.439
G1 F1800 X52.977 Y75.039 E750.76672
G0 F9000 X52.412 Y75.039
G1 F1800 X62.811 Y85.439 E751.06022
G0 F9000 X62.245 Y85.439
G1 F1800 X46.758 Y69.951 E751.49731
G0 F9000 X46.758 Y69.386
G1 F1800 X52.258 Y74.886 E751.65253
G0 F9000 X52.258 Y74.32
G1 F1800 X46.758 Y68.82 E751.80775
G0 F9000 X46.758 Y68.254
G1 F1800 X52.258 Y73.754 E751.96297
G0 F9000 X52.258 Y73.189
G1 F1800 X46.758 Y67.689 E752.1182
G0 F9000 X46.758 Y67.123
G1 F1800 X52.258 Y72.623 E752.27342
G0 F9000 X52.258 Y72.057
G1 F1800 X46.758 Y66.557 E752.42864
G0 F9000 X46.758 Y65.992
G1 F1800 X52.258 Y71.492 E752.58386
G0 F9000 X52.258 Y70.926
G1 F1800 X46.758 Y65.426 E752.73908
G0 F9000 X46.758 Y64.86
G1 F1800 X52.258 Y70.36 E752.8943
G0 F9000 X52.258 Y69.794
G1 F1800 X46.758 Y64.295 E753.04951
G0 F9000 X46.758 Y63.729
G1 F1800 X52.258 Y69.229 E753.20473
G0 F9000 X52.258 Y68.663
G1 F1800 X46.758 Y63.163 E753.35996
G0 F9000 X46.758 Y62.598
G1 F1800 X52.258 Y68.097 E753.51516
G0 F9000 X52.258 Y67.532
G1 F1800 X46.758 Y62.032 E753.67039
G0 F9000 X46.758 Y61.466
G1 F1800 X52.258 Y66.966 E753.82561
G0 F9000 X52.596 Y66.738
G1 F1800 X46.758 Y60.9 E753.99037
G0 F9000 X46.319 Y60.9
G0 X46.403 Y59.919
G0 X48.554 Y59.917
G0 X49.032 Y59.799
G0 X49.468 Y59.571
G0 X49.838 Y59.245
G0 X49.995 Y59.017
G0 X50.908 Y57.133
G0 X51.321 Y56.977
G1 F1800 X69.058 Y74.715 E754.49096
G0 F9000 X69.058 Y74.15
G1 F1800 X51.248 Y56.34 E754.9936
G0 F9000 X51.814 Y56.34
G1 F1800 X69.058 Y73.584 E755.48026
G0 F9000 X69.058 Y73.018
G1 F1800 X52.38 Y56.34 E755.95095
G0 F9000 X52.946 Y56.34
G1 F1800 X69.058 Y72.452 E756.40566
G0 F9000 X69.058 Y71.887
G1 F1800 X53.511 Y56.34 E756.84443
G0 F9000 X54.077 Y56.34
G1 F1800 X69.058 Y71.321 E757.26723
G0 F9000 X69.058 Y70.755
G1 F1800 X54.643 Y56.34 E757.67405
G0 F9000 X55.208 Y56.34
G1 F1800 X69.058 Y70.19 E758.06493
G0 F9000 X69.058 Y69.624
G1 F1800 X55.774 Y56.34 E758.43983
G0 F9000 X56.34 Y56.34
G1 F1800 X69.058 Y69.058 E758.79876
G0 F9000 X69.058 Y68.493
G1 F1800 X56.905 Y56.34 E759.14175
G0 F9000 X57.471 Y56.34
G1 F1800 X69.058 Y67.927 E759.46876
G0 F9000 X69.058 Y67.361
G1 F1800 X58.037 Y56.34 E759.77979
G0 F9000 X58.602 Y56.34
G1 F1800 X69.058 Y66.796 E760.07488
G0 F9000 X69.567 Y66.739
G1 F1800 X59.168 Y56.34 E760.36837
G0 F9000 X59.168 Y55.9
G0 X68.785 Y55.9
G0 X68.785 Y56.34
G1 F1800 X71.328 Y58.883 E760.44013
G0 F9000 X71.181 Y58.17
G1 F1800 X69.35 Y56.34 E760.49179
G0 F9000 X69.916 Y56.34
G1 F1800 X71.181 Y57.605 E760.5275
G0 F9000 X71.248 Y57.105
G1 F1800 X70.482 Y56.34 E760.5491
G0 F9000 X71.047 Y56.34
G1 F1800 X71.404 Y56.696 E760.55916
G1 F1500 E754.05916
G0 F9000 X71.816 Y56.852
G0 X72.26 Y55.988
G0 X50.359 Y55.988
G0 X50.391 Y59.733
G0 X46.729 Y60.179
G0 X46.403 Y59.919
G0 X46.319 Y70.517
G1 F1500 E760.55916
G0 F9000 X46.758 Y70.517
G1 F1800 X61.68 Y85.439 E760.98029
G0 F9000 X61.114 Y85.439
G1 F1800 X46.758 Y71.083 E761.38545
G0 F9000 X46.758 Y71.649
G1 F1800 X60.548 Y85.439 E761.77463
G0 F9000 X59.983 Y85.439
G1 F1800 X46.758 Y72.214 E762.14787
G0 F9000 X46.758 Y72.78
G1 F1800 X59.417 Y85.439 E762.50514
G0 F9000 X58.851 Y85.439
G1 F1800 X46.758 Y73.346 E762.84643
G0 F9000 X46.758 Y73.911
G1 F1800 X58.286 Y85.439 E763.17177
G0 F9000 X57.72 Y85.439
G1 F1800 X46.758 Y74.477 E763.48114
G0 F9000 X46.758 Y75.043
G1 F1800 X57.154 Y85.439 E763.77454
G0 F9000 X56.589 Y85.439
G1 F1800 X46.758 Y75.608 E764.05199
G0 F9000 X46.758 Y76.174
G1 F1800 X56.023 Y85.439 E764.31347
G0 F9000 X55.457 Y85.439
G1 F1800 X46.758 Y76.74 E764.55898
G0 F9000 X46.758 Y77.305
G1 F1800 X54.891 Y85.439 E764.78852
G0 F9000 X54.326 Y85.439
G1 F1800 X46.758 Y77.871 E765.00211
G0 F9000 X46.758 Y78.437
G1 F1800 X49.198 Y80.876 E765.07095
G0 F9000 X48.506 Y80.75
G1 F1800 X46.758 Y79.002 E765.12029
G0 F9000 X46.758 Y79.568
G1 F1800 X47.941 Y80.75 E765.15366
G0 F9000 X47.485 Y80.861
G1 F1800 X46.758 Y80.134 E765.17418
G0 F9000 X46.758 Y80.699
G1 F1800 X47.06 Y81.001 E765.1827
G0 F9000 X47.263 Y81.392
G0 X49.032 Y81.981
G0 X50.921 Y83.168
G0 X51.334 Y83.012
G1 F1800 X53.76 Y85.439 E765.25118
G0 F9000 X53.194 Y85.439
G1 F1800 X51.444 Y83.688 E765.30058
G0 F9000 X51.426 Y84.236
G1 F1800 X52.629 Y85.439 E765.33453
G0 F9000 X52.063 Y85.439
G1 F1800 X51.349 Y84.724 E765.3547
G0 F9000 X51.193 Y85.134
G1 F1800 X51.497 Y85.439 E765.36329
G0 F9000 X50.577 Y85.649
;TYPE:SKIN
G1 F1800 X50.492 Y85.564 E765.36449
G0 F9000 X50.377 Y85.732
G1 F1800 X50.473 Y85.829 E765.36585
G0 F9000 X50.473 Y85.88
G0 X49.886 Y85.174
G0 X50.117 Y84.84
G0 X50.293 Y84.378
G0 X50.351 Y83.887
G0 X50.293 Y83.402
G0 X50.117 Y82.94
G0 X49.838 Y82.535
G0 X49.468 Y82.209
G0 X49.032 Y81.981
G0 X48.762 Y81.915
G0 X46.663 Y81.741
G0 X46.63 Y81.703
G1 F1800 X46.565 Y81.637 E765.36678
G0 F9000 X46.379 Y81.734
G1 F1800 X46.48 Y81.835 E765.3682
G0 F9000 X46.514 Y81.874
G0 X46.403 Y59.919
G0 X46.658 Y60.035
G0 X46.564 Y60.14
G1 F1800 X46.369 Y59.945 E765.37095
G0 F9000 X46.379 Y59.864
G0 X48.554 Y59.917
G0 X49.032 Y59.799
G0 X49.468 Y59.571
G0 X49.838 Y59.245
G0 X50.117 Y58.84
G0 X50.293 Y58.378
G0 X50.325 Y58.101
G0 X50.302 Y55.969
G0 X50.329 Y55.985
G1 F1800 X50.541 Y56.198 E765.37395
G0 F9000 X50.638 Y56.012
G1 F1800 X50.575 Y55.949 E765.37484
G0 F9000 X50.575 Y55.9
G0 X72.072 Y55.9
G0 X72.072 Y55.95
G1 F1800 X72.211 Y56.089 E765.3768
G0 F9000 X72.253 Y56.118
G0 X72.265 Y57.89
G0 X72.326 Y58.378
G0 X72.501 Y58.84
G0 X72.781 Y59.245
G0 X73.149 Y59.571
G0 X73.586 Y59.799
G0 X73.856 Y59.865
G0 X75.916 Y60.071
G0 X75.948 Y60.109
G1 F1800 X75.986 Y60.147 E765.37734
G0 F9000 X76.098 Y59.976
G1 F1800 X76.248 Y60.125 E765.37945
G0 F9000 X76.299 Y60.125
G0 X76.299 Y81.547
G0 X76.173 Y81.547
G1 F1800 X76.249 Y81.623 E765.38052
G0 F9000 X76.225 Y81.882
G1 F1800 X75.978 Y81.635 E765.38401
G0 F9000 X75.914 Y81.707
G0 X74.064 Y81.863
G0 X73.586 Y81.981
G0 X73.149 Y82.209
G0 X72.781 Y82.535
G0 X72.501 Y82.94
G0 X72.344 Y83.355
G0 X72.173 Y85.546
G0 X72.052 Y85.628
G1 F1800 X72.252 Y85.829 E765.38684
G0 F9000 X72.898 Y86.192
G1 F1800 X73.078 Y86.089 E765.38953
G1 X73.394 Y86.122 E765.39365
G0 F9000 X73.486 Y86.214
G0 X75.098 Y86.129
G0 X75.14 Y86.171
G1 F1800 X75.379 Y86.127 E765.39736
G1 X75.613 Y86.078 E765.40101
G0 F9000 X75.748 Y86.213
G0 X76.496 Y85.264
G0 X76.417 Y85.186
G1 F1800 X76.538 Y85.023 E765.40411
G1 X76.577 Y84.779 E765.40789
G0 F9000 X76.52 Y84.722
G0 X76.634 Y83.139
G0 X76.568 Y83.073
G1 F1800 X76.486 Y82.709 E765.41263
G1 X76.595 Y82.534 E765.41524
G0 F9000 X76.634 Y82.573
G0 X76.528 Y59.275
G0 X76.438 Y59.185
G1 F1800 X76.54 Y59.004 E765.41855
G1 X76.579 Y58.76 E765.42248
G0 F9000 X76.525 Y58.706
G0 X76.633 Y57.117
G0 X76.56 Y57.044
G1 F1800 X76.494 Y56.695 E765.42701
G1 X76.603 Y56.521 E765.42963
G0 F9000 X76.633 Y56.551
G0 X75.669 Y55.87
G0 X75.516 Y55.717
G1 F1800 X75.145 Y55.629 E765.43316
G1 X75.685 Y55.604 E765.43817
G0 F9000 X75.725 Y55.643
G0 X73.479 Y55.66
G0 X73.431 Y55.612
G1 F1800 X73.195 Y55.659 E765.44194
G1 X72.994 Y55.74 E765.44533
G0 F9000 X73.104 Y55.85
G0 X49.719 Y55.659
G0 X49.671 Y55.611
G1 F1800 X49.5 Y55.723 E765.4479
G1 X49.11 Y55.615 E765.45299
G0 F9000 X49.059 Y55.564
G0 X47.461 Y55.664
G0 X47.411 Y55.614
G1 F1800 X47.177 Y55.662 E765.45672
G1 X46.994 Y55.762 E765.45997
G0 F9000 X47.09 Y55.858
G0 X46.248 Y56.713
G0 X46.132 Y56.597
G1 F1800 X46.068 Y56.817 E765.46323
G1 X46.03 Y57.061 E765.46673
G0 F9000 X46.077 Y57.108
G0 X45.983 Y58.711
G0 X46.07 Y58.798
G1 F1800 X46.102 Y59.113 E765.47256
G0 F9000 X46.221 Y59.232
G0 X45.985 Y82.472
G0 X46.112 Y82.599
G1 F1800 X46.066 Y82.835 E765.4766
G1 X46.027 Y83.08 E765.48076
G0 F9000 X46.072 Y83.124
G0 X45.983 Y84.733
G0 X46.077 Y84.827
G1 F1800 X46.093 Y85.126 E765.48654
G0 F9000 X46.204 Y85.236
G0 X46.948 Y85.98
G0 X47.065 Y86.097
G1 F1800 X47.361 Y86.11 E765.48959
G1 X46.884 Y86.199 E765.4946
G0 F9000 X46.87 Y86.185
G0 X49.081 Y86.134
G0 X49.121 Y86.173
G1 F1800 X49.361 Y86.131 E765.49819
G1 X49.595 Y86.082 E765.50172
G0 F9000 X49.727 Y86.19
G1 F1500 E759.00172
;MESH:NONMESH
G0 F300 X49.727 Y86.19 Z2.16
G0 F9000 X69.909 Y85.78
G0 X69.909 Y87.655
G0 X77.566 Y87.651
G0 X78.07 Y87.147
G0 X78.074 Y74.67
G0 X69.909 Y74.67
G1 F1500 E765.50172
G0 F9000 X70.209 Y74.89
;TIME_ELAPSED:1791.899575
;LAYER:17
;TYPE:WALL-INNER
;MESH:HBridgeMount.stl
G1 F844.9 X69.209 Y74.89 E765.52167
G1 X69.209 Y66.89 E765.68132
G1 X70.209 Y66.89 E765.70128
G1 X70.209 Y74.89 E765.86093
G0 F9000 X70.609 Y75.29
G1 F844.9 X68.809 Y75.29 E765.89685
G1 X68.809 Y66.49 E766.07246
G1 X70.609 Y66.49 E766.10838
G1 X70.609 Y75.29 E766.28399
G0 F9000 X71.009 Y75.69
;TYPE:WALL-OUTER
G1 F844.9 X68.409 Y75.69 E766.33588
G1 X68.409 Y66.09 E766.52746
G1 X71.009 Y66.09 E766.57934
G1 X71.009 Y75.69 E766.77092
G0 F9000 X70.739 Y75.42
G0 X69.289 Y72.296
;TYPE:FILL
G1 F1689.8 X70.128 Y69.164 E766.83563
G0 F9000 X70.127 Y70.107
G1 F1689.8 X69.288 Y70.332 E766.85296
G0 F9000 X69.287 Y69.92
G1 F1689.8 X70.128 Y70.76 E766.87668
G1 F1500 E760.37668
G0 F9000 X68.629 Y74.89
G0 X67.544 Y74.89
G0 X55.074 Y74.89
G0 X53.989 Y74.89
G0 X53.409 Y74.89
;TYPE:WALL-INNER
G1 F1500 E766.87668
G1 F844.9 X52.409 Y74.89 E766.89664
G1 X52.409 Y66.89 E767.05629
G1 X53.409 Y66.89 E767.07625
G1 X53.409 Y74.89 E767.23589
G0 F9000 X53.809 Y75.29
G1 F844.9 X52.009 Y75.29 E767.27181
G1 X52.009 Y66.49 E767.44743
G1 X53.809 Y66.49 E767.48335
G1 X53.809 Y75.29 E767.65896
G0 F9000 X54.209 Y75.69
;TYPE:WALL-OUTER
G1 F844.9 X51.609 Y75.69 E767.71085
G1 X51.609 Y66.09 E767.90243
G1 X54.209 Y66.09 E767.95431
G1 X54.209 Y75.69 E768.14589
G0 F9000 X53.939 Y75.42
G0 X53.327 Y74.609
;TYPE:FILL
G1 F1689.8 X52.576 Y74.81 E768.16141
G0 F9000 X53.329 Y74.326
G1 F1689.8 X52.488 Y73.485 E768.18514
G0 F9000 X52.488 Y69.864
G1 F1689.8 X53.328 Y69.639 E768.20249
G0 F9000 X53.329 Y67.537
G1 F1689.8 X52.76 Y66.969 E768.21854
G1 F1500 E761.71854
;MESH:NONMESH
G0 F300 X52.76 Y66.969 Z2.28
G0 F9000 X53.989 Y66.433
G0 X56.251 Y66.433
;TIME_ELAPSED:1804.162054
;LAYER:18
;TYPE:SUPPORT-INTERFACE
G1 F1500 E768.21854
G1 F1061.5 X57.782 Y67.964 E768.26175
G0 F9000 X57.861 Y67.72
G1 F1061.5 X55.208 Y70.373 E768.33662
G0 F9000 X56.516 Y70.093
G1 F1061.5 X55.208 Y68.785 E768.37353
G1 F1500 E761.87353
G0 F9000 X55.053 Y67.544
G0 X55.11 Y66.446
G0 X56.133 Y65.699
G0 X57.309 Y65.699
G0 X58.262 Y66.393
G0 X58.627 Y67.511
G0 X58.256 Y68.646
G0 X56.958 Y71.77
G0 X56.444 Y72.144
G0 X55.208 Y72.179
G1 F1500 E768.37353
G1 F1061.5 X55.73 Y72.701 E768.38827
G1 F1500 E761.88827
G0 F9000 X56.393 Y72.76
G0 X64.071 Y68.303
G0 X64.703 Y68.097
G1 F1500 E768.38827
G1 F1061.5 X65.243 Y68.637 E768.40351
G0 F9000 X65.553 Y68.947
G1 F1061.5 X67.408 Y70.802 E768.45586
G0 F9000 X67.408 Y71.75
G1 F1061.5 X66.739 Y72.419 E768.47474
G0 F9000 X65.681 Y70.082
G1 F1061.5 X67.315 Y68.449 E768.52084
G0 F9000 X65.853 Y66.516
G1 F1061.5 X64.598 Y67.771 E768.55626
G1 F1500 E762.05626
;MESH:HBridgeMount.stl
G0 F9000 X63.965 Y67.977
G0 X63.866 Y67.667
G0 X64.231 Y66.549
G0 X65.184 Y65.855
G0 X66.36 Y65.855
G0 X67.393 Y66.609
G0 X67.544 Y67.771
G0 X68.629 Y67.771
G0 X70.209 Y74.89
;TYPE:WALL-INNER
G1 F1500 E768.55626
G1 F1061.5 X69.209 Y74.89 E768.57622
G1 X69.209 Y66.89 E768.73586
G1 X70.209 Y66.89 E768.75582
G1 X70.209 Y74.89 E768.91547
G0 F9000 X70.609 Y75.29
G1 F1061.5 X68.809 Y75.29 E768.95139
G1 X68.809 Y66.49 E769.127
G1 X70.609 Y66.49 E769.16292
G1 X70.609 Y75.29 E769.33854
G0 F9000 X71.009 Y75.69
;TYPE:WALL-OUTER
G1 F1061.5 X68.409 Y75.69 E769.39042
G1 X68.409 Y66.09 E769.582
G1 X71.009 Y66.09 E769.63389
G1 X71.009 Y75.69 E769.82547
G0 F9000 X70.739 Y75.42
G0 X69.289 Y71.968
;TYPE:FILL
G1 F2123 X70.128 Y68.836 E769.89017
G0 F9000 X69.287 Y69.799
G1 F2123 X70.128 Y70.64 E769.91391
G0 F9000 X70.128 Y70.195
G1 F2123 X69.289 Y70.42 E769.93124
G1 F1500 E763.43124
G0 F9000 X68.629 Y74.89
G0 X67.544 Y74.89
G0 X55.074 Y74.89
G0 X53.989 Y74.89
G0 X53.409 Y74.89
;TYPE:WALL-INNER
G1 F1500 E769.93124
G1 F1061.5 X52.409 Y74.89 E769.9512
G1 X52.409 Y66.89 E770.11085
G1 X53.409 Y66.89 E770.1308
G1 X53.409 Y74.89 E770.29045
G0 F9000 X53.809 Y75.29
G1 F1061.5 X52.009 Y75.29 E770.32637
G1 X52.009 Y66.49 E770.50199
G1 X53.809 Y66.49 E770.53791
G1 X53.809 Y75.29 E770.71352
G0 F9000 X54.209 Y75.69
;TYPE:WALL-OUTER
G1 F1061.5 X51.609 Y75.69 E770.76541
G1 X51.609 Y66.09 E770.95698
G1 X54.209 Y66.09 E771.00887
G1 X54.209 Y75.69 E771.20045
G0 F9000 X53.939 Y75.42
G0 X53.328 Y74.696
;TYPE:FILL
G1 F2123 X52.905 Y74.81 E771.20919
G0 F9000 X53.329 Y74.205
G1 F2123 X52.488 Y73.365 E771.23291
G0 F9000 X52.489 Y69.952
G1 F2123 X53.327 Y69.727 E771.25023
G0 F9000 X53.329 Y67.417
G1 F2123 X52.88 Y66.969 E771.26289
G1 F1500 E764.76289
;MESH:NONMESH
G0 F300 X52.88 Y66.969 Z2.4
G0 F9000 X53.989 Y66.387
G0 X56.205 Y66.387
;TIME_ELAPSED:1819.819800
;LAYER:19
;TYPE:SUPPORT-INTERFACE
G1 F1500 E771.26289
G1 F1001.7 X57.695 Y67.878 E771.30495
G1 X57.69 Y67.891
G1 X57.017 Y68.564 E771.32394
G1 X56.915 Y68.666
G1 X55.208 Y70.373 E771.37212
G0 F9000 X56.524 Y70.101
G1 F1001.7 X55.208 Y68.785 E771.40926
G0 F9000 X55.208 Y72.179
G1 F1001.7 X55.689 Y72.66 E771.42283
G1 F1500 E764.92283
G0 F9000 X56.353 Y72.695
G0 X64.241 Y68.473
G0 X64.873 Y68.267
G1 F1500 E771.42283
G1 F1001.7 X65.038 Y68.432 E771.42749
G0 F9000 X64.684 Y67.685
G1 F1001.7 X65.86 Y66.509 E771.46068
G0 F9000 X67.376 Y68.387
G1 F1001.7 X65.75 Y70.014 E771.50658
G0 F9000 X65.657 Y69.051
G1 F1001.7 X67.409 Y70.803 E771.55603
G0 F9000 X67.409 Y71.749
G1 F1001.7 X66.856 Y72.301 E771.57162
G1 F1500 E765.07162
;MESH:HBridgeMount.stl
G0 F9000 X68.629 Y72.301
G0 X70.209 Y74.89
;TYPE:WALL-INNER
G1 F1500 E771.57162
G1 F1001.7 X69.209 Y74.89 E771.59158
G1 X69.209 Y66.89 E771.75123
G1 X70.209 Y66.89 E771.77118
G1 X70.209 Y74.89 E771.93083
G0 F9000 X70.609 Y75.29
G1 F1001.7 X68.809 Y75.29 E771.96675
G1 X68.809 Y66.49 E772.14237
G1 X70.609 Y66.49 E772.17829
G1 X70.609 Y75.29 E772.3539
G0 F9000 X71.009 Y75.69
;TYPE:WALL-OUTER
G1 F1001.7 X68.409 Y75.69 E772.40579
G1 X68.409 Y66.09 E772.59736
G1 X71.009 Y66.09 E772.64925
G1 X71.009 Y75.69 E772.84083
G0 F9000 X70.739 Y75.42
G0 X69.289 Y71.64
;TYPE:FILL
G1 F2003.3 X70.128 Y68.507 E772.90555
G0 F9000 X69.287 Y69.679
G1 F2003.3 X70.128 Y70.52 E772.92929
G0 F9000 X70.128 Y70.283
G1 F2003.3 X69.288 Y70.508 E772.94664
G1 F1500 E766.44664
G0 F9000 X68.629 Y74.89
G0 X67.544 Y74.89
G0 X55.074 Y74.89
G0 X53.989 Y74.89
G0 X53.409 Y74.89
;TYPE:WALL-INNER
G1 F1500 E772.94664
G1 F1001.7 X52.409 Y74.89 E772.9666
G1 X52.409 Y66.89 E773.12625
G1 X53.409 Y66.89 E773.1462
G1 X53.409 Y74.89 E773.30585
G0 F9000 X53.809 Y75.29
G1 F1001.7 X52.009 Y75.29 E773.34177
G1 X52.009 Y66.49 E773.51739
G1 X53.809 Y66.49 E773.55331
G1 X53.809 Y75.29 E773.72892
G0 F9000 X54.209 Y75.69
;TYPE:WALL-OUTER
G1 F1001.7 X51.609 Y75.69 E773.78081
G1 X51.609 Y66.09 E773.97239
G1 X54.209 Y66.09 E774.02427
G1 X54.209 Y75.69 E774.21585
G0 F9000 X53.939 Y75.42
G0 X53.327 Y74.784
;TYPE:FILL
G1 F2003.3 X53.235 Y74.809 E774.21775
G0 F9000 X53.329 Y74.085
G1 F2003.3 X52.488 Y73.244 E774.24149
G0 F9000 X52.489 Y70.04
G1 F2003.3 X53.327 Y69.815 E774.2588
G0 F9000 X53.329 Y67.297
G1 F2003.3 X53.001 Y66.969 E774.26806
G1 F1500 E767.76806
;MESH:NONMESH
G0 F300 X53.001 Y66.969 Z2.52
G0 F9000 X53.989 Y66.341
G0 X56.159 Y66.341
;TIME_ELAPSED:1834.306728
;LAYER:20
;TYPE:SUPPORT-INTERFACE
G1 F1500 E774.26806
G1 F1029.7 X57.61 Y67.793 E774.30902
G0 F9000 X57.523 Y68.059
G1 F1029.7 X57.272 Y68.309 E774.31609
G0 F9000 X56.821 Y68.76
G1 F1029.7 X55.208 Y70.373 E774.36162
G0 F9000 X56.452 Y70.029
G1 F1029.7 X55.208 Y68.785 E774.39672
G0 F9000 X55.208 Y72.179
G1 F1029.7 X55.657 Y72.627 E774.40938
G1 F1500 E767.90938
G0 F9000 X56.319 Y72.665
G0 X65.124 Y70.213
G0 X65.756 Y70.007
G1 F1500 E774.40938
G1 F1029.7 X67.349 Y68.415 E774.45433
G0 F9000 X65.581 Y68.975
G1 F1029.7 X67.409 Y70.803 E774.50592
G0 F9000 X67.408 Y71.75
G1 F1029.7 X66.965 Y72.192 E774.5184
G1 F1500 E768.0184
G0 F9000 X66.23 Y72.332
G0 X65.831 Y72.047
G0 X64.707 Y69.368
G0 X64.131 Y67.787
G0 X64.8 Y67.569
G1 F1500 E774.5184
G1 F1029.7 X65.868 Y66.501 E774.54854
G1 F1500 E768.04854
;MESH:HBridgeMount.stl
G0 F9000 X68.629 Y66.501
G0 X70.209 Y74.89
;TYPE:WALL-INNER
G1 F1500 E774.54854
G1 F1029.7 X69.209 Y74.89 E774.5685
G1 X69.209 Y66.89 E774.72815
G1 X70.209 Y66.89 E774.74811
G1 X70.209 Y74.89 E774.90775
G0 F9000 X70.609 Y75.29
G1 F1029.7 X68.809 Y75.29 E774.94368
G1 X68.809 Y66.49 E775.11929
G1 X70.609 Y66.49 E775.15521
G1 X70.609 Y75.29 E775.33082
G0 F9000 X71.009 Y75.69
;TYPE:WALL-OUTER
G1 F1029.7 X68.409 Y75.69 E775.38271
G1 X68.409 Y66.09 E775.57429
G1 X71.009 Y66.09 E775.62617
G1 X71.009 Y75.69 E775.81775
G0 F9000 X70.739 Y75.42
G0 X69.289 Y71.315
;TYPE:FILL
G1 F2059.4 X70.128 Y68.182 E775.88248
G0 F9000 X69.287 Y69.56
G1 F2059.4 X70.128 Y70.401 E775.90621
G1 X70.127 Y70.37
G1 X69.288 Y70.595 E775.92355
G1 F1500 E769.42355
G0 F9000 X68.629 Y74.89
G0 X67.544 Y74.89
G0 X55.074 Y74.89
G0 X53.989 Y74.89
G0 X53.409 Y74.89
;TYPE:WALL-INNER
G1 F1500 E775.92355
G1 F1029.7 X52.409 Y74.89 E775.9435
G1 X52.409 Y66.89 E776.10315
G1 X53.409 Y66.89 E776.12311
G1 X53.409 Y74.89 E776.28276
G0 F9000 X53.809 Y75.29
G1 F1029.7 X52.009 Y75.29 E776.31868
G1 X52.009 Y66.49 E776.49429
G1 X53.809 Y66.49 E776.53021
G1 X53.809 Y75.29 E776.70583
G0 F9000 X54.209 Y75.69
;TYPE:WALL-OUTER
G1 F1029.7 X51.609 Y75.69 E776.75771
G1 X51.609 Y66.09 E776.94929
G1 X54.209 Y66.09 E777.00118
G1 X54.209 Y75.69 E777.19275
G0 F9000 X53.939 Y75.42
G0 X53.329 Y73.966
;TYPE:FILL
G1 F2059.4 X52.488 Y73.126 E777.21647
G0 F9000 X52.488 Y70.127
G1 F2059.4 X53.327 Y69.902 E777.23381
G0 F9000 X53.329 Y67.178
G1 F2059.4 X53.119 Y66.969 E777.23972
G1 F1500 E770.73972
;MESH:NONMESH
G0 F300 X53.119 Y66.969 Z2.64
G0 F9000 X53.989 Y66.33
G0 X56.147 Y66.33
;TIME_ELAPSED:1849.350176
;LAYER:21
;TYPE:SUPPORT-INTERFACE
G1 F1500 E777.23972
G1 F989.4 X57.523 Y67.706 E777.27856
G0 F9000 X56.801 Y68.78
G1 F989.4 X55.209 Y70.372 E777.32348
G0 F9000 X56.475 Y70.052
G1 F989.4 X55.208 Y68.785 E777.35924
G0 F9000 X55.208 Y72.179
G1 F989.4 X55.695 Y72.666 E777.37299
G1 F1500 E770.87299
G0 F9000 X56.259 Y73.019
G0 X65.211 Y70.126
G0 X65.845 Y69.919
G1 F1500 E777.37299
G1 F989.4 X67.402 Y68.362 E777.41693
G0 F9000 X67.062 Y67.062
G1 F989.4 X66.676 Y66.676 E777.42782
G0 F9000 X65.875 Y66.494
G1 F989.4 X64.954 Y67.416 E777.45383
G0 F9000 X65.673 Y69.068
G1 F989.4 X67.409 Y70.803 E777.50281
G0 F9000 X67.409 Y71.749
G1 F989.4 X67 Y72.158 E777.51435
G1 F1500 E771.01435
;MESH:HBridgeMount.stl
G0 F9000 X68.629 Y72.158
G0 X70.209 Y74.89
;TYPE:WALL-INNER
G1 F1500 E777.51435
G1 F989.4 X69.209 Y74.89 E777.53431
G1 X69.209 Y66.89 E777.69396
G1 X70.209 Y66.89 E777.71391
G1 X70.209 Y74.89 E777.87356
G0 F9000 X70.609 Y75.29
G1 F989.4 X68.809 Y75.29 E777.90948
G1 X68.809 Y66.49 E778.0851
G1 X70.609 Y66.49 E778.12102
G1 X70.609 Y75.29 E778.29663
G0 F9000 X71.009 Y75.69
;TYPE:WALL-OUTER
G1 F989.4 X68.409 Y75.69 E778.34852
G1 X68.409 Y66.09 E778.54009
G1 X71.009 Y66.09 E778.59198
G1 X71.009 Y75.69 E778.78356
G0 F9000 X70.739 Y75.42
G0 X69.289 Y70.987
;TYPE:FILL
G1 F1978.8 X70.128 Y67.854 E778.84828
G0 F9000 X69.287 Y69.44
G1 F1978.8 X70.128 Y70.281 E778.87202
G1 X70.128 Y70.458
G1 X69.288 Y70.683 E778.88937
G1 F1500 E772.38937
G0 F9000 X68.629 Y74.89
G0 X67.544 Y74.89
G0 X55.074 Y74.89
G0 X53.989 Y74.89
G0 X53.409 Y74.89
;TYPE:WALL-INNER
G1 F1500 E778.88937
G1 F989.4 X52.409 Y74.89 E778.90933
G1 X52.409 Y66.89 E779.06898
G1 X53.409 Y66.89 E779.08893
G1 X53.409 Y74.89 E779.24858
G0 F9000 X53.809 Y75.29
G1 F989.4 X52.009 Y75.29 E779.2845
G1 X52.009 Y66.49 E779.46012
G1 X53.809 Y66.49 E779.49604
G1 X53.809 Y75.29 E779.67165
G0 F9000 X54.209 Y75.69
;TYPE:WALL-OUTER
G1 F989.4 X51.609 Y75.69 E779.72354
G1 X51.609 Y66.09 E779.91512
G1 X54.209 Y66.09 E779.967
G1 X54.209 Y75.69 E780.15858
G0 F9000 X53.939 Y75.42
G0 X53.329 Y73.846
;TYPE:FILL
G1 F1978.8 X52.488 Y73.005 E780.18231
G0 F9000 X52.489 Y70.215
G1 F1978.8 X53.327 Y69.99 E780.19963
G0 F9000 X53.329 Y67.058
G1 F1978.8 X53.24 Y66.969 E780.20214
G1 F1500 E773.70214
;MESH:NONMESH
G0 F300 X53.24 Y66.969 Z2.76
G0 F9000 X53.989 Y66.6
G0 X55.587 Y66.6
;TIME_ELAPSED:1863.806402
;LAYER:22
;TYPE:SUPPORT-INTERFACE
G1 F1500 E780.20214
G1 F989.4 X55.381 Y66.806 E780.20796
G0 F9000 X56.138 Y66.32
G1 F989.4 X57.438 Y67.62 E780.24464
G0 F9000 X56.731 Y68.85
G1 F989.4 X55.209 Y70.372 E780.2876
G0 F9000 X56.412 Y69.988
G1 F989.4 X55.208 Y68.785 E780.32156
G0 F9000 X55.208 Y72.179
G1 F989.4 X55.708 Y72.679 E780.33567
G1 F1500 E773.83567
G0 F9000 X56.435 Y72.442
G0 X65.25 Y70.087
G0 X65.882 Y69.881
G1 F1500 E780.33567
G1 F989.4 X67.378 Y68.385 E780.37789
G0 F9000 X67.201 Y67.201
G1 F989.4 X66.489 Y66.489 E780.39799
G0 F9000 X65.881 Y66.488
G1 F989.4 X65.106 Y67.264 E780.41988
G0 F9000 X65.755 Y69.149
G1 F989.4 X67.409 Y70.803 E780.46655
G0 F9000 X67.408 Y71.75
G1 F989.4 X67.035 Y72.123 E780.47708
G1 F1500 E773.97708
;MESH:HBridgeMount.stl
G0 F9000 X68.629 Y72.123
G0 X70.209 Y74.89
;TYPE:WALL-INNER
G1 F1500 E780.47708
G1 F989.4 X69.209 Y74.89 E780.49704
G1 X69.209 Y66.89 E780.65669
G1 X70.209 Y66.89 E780.67664
G1 X70.209 Y74.89 E780.83629
G0 F9000 X70.609 Y75.29
G1 F989.4 X68.809 Y75.29 E780.87221
G1 X68.809 Y66.49 E781.04783
G1 X70.609 Y66.49 E781.08375
G1 X70.609 Y75.29 E781.25936
G0 F9000 X71.009 Y75.69
;TYPE:WALL-OUTER
G1 F989.4 X68.409 Y75.69 E781.31125
G1 X68.409 Y66.09 E781.50282
G1 X71.009 Y66.09 E781.55471
G1 X71.009 Y75.69 E781.74629
G0 F9000 X70.739 Y75.42
G0 X69.288 Y70.771
;TYPE:FILL
G1 F1978.9 X70.128 Y70.546 E781.76364
G0 F9000 X70.128 Y70.161
G1 F1978.9 X69.287 Y69.32 E781.78738
G0 F9000 X69.289 Y70.658
G1 F1978.9 X70.128 Y67.526 E781.85208
G1 F1500 E775.35208
G0 F9000 X68.629 Y74.89
G0 X67.544 Y74.89
G0 X55.074 Y74.89
G0 X53.989 Y74.89
G0 X53.409 Y74.89
;TYPE:WALL-INNER
G1 F1500 E781.85208
G1 F989.4 X52.409 Y74.89 E781.87204
G1 X52.409 Y66.89 E782.03169
G1 X53.409 Y66.89 E782.05164
G1 X53.409 Y74.89 E782.21129
G0 F9000 X53.809 Y75.29
G1 F989.4 X52.009 Y75.29 E782.24721
G1 X52.009 Y66.49 E782.42283
G1 X53.809 Y66.49 E782.45875
G1 X53.809 Y75.29 E782.63436
G0 F9000 X54.209 Y75.69
;TYPE:WALL-OUTER
G1 F989.4 X51.609 Y75.69 E782.68625
G1 X51.609 Y66.09 E782.87783
G1 X54.209 Y66.09 E782.92971
G1 X54.209 Y75.69 E783.12129
G0 F9000 X53.939 Y75.42
G0 X53.268 Y74.81
;TYPE:FILL
G1 F1978.9 X53.328 Y74.585 E783.12594
G0 F9000 X53.329 Y73.726
G1 F1978.9 X52.488 Y72.885 E783.14967
G0 F9000 X52.489 Y70.303
G1 F1978.9 X53.327 Y70.078 E783.16699
G1 F1500 E776.66699
;MESH:NONMESH
G0 F300 X53.327 Y70.078 Z2.88
G0 F9000 X53.989 Y66.31
G0 X56.128 Y66.31
;TIME_ELAPSED:1878.440190
;LAYER:23
;TYPE:SUPPORT-INTERFACE
G1 F1500 E783.16699
G1 F1019.9 X57.352 Y67.534 E783.20153
G0 F9000 X56.654 Y68.928
G1 F1019.9 X55.208 Y70.373 E783.24233
G0 F9000 X56.414 Y69.99
G1 F1019.9 X55.208 Y68.785 E783.27635
G1 F1500 E776.77635
G0 F9000 X57.304 Y68.802
G0 X57.449 Y69.228
G0 X56.917 Y71.065
G0 X56.239 Y72.075
G0 X55.208 Y72.179
G1 F1500 E783.27635
G1 F1019.9 X55.723 Y72.694 E783.29088
G1 F1500 E776.79088
G0 F9000 X56.377 Y72.473
G0 X65.335 Y70.002
G0 X65.968 Y69.796
G1 F1500 E783.29088
G1 F1019.9 X67.408 Y68.356 E783.33152
G0 F9000 X67.322 Y67.322
G1 F1019.9 X66.482 Y66.482 E783.35523
G0 F9000 X65.842 Y66.527
G1 F1019.9 X65.259 Y67.11 E783.37168
G0 F9000 X65.838 Y69.232
G1 F1019.9 X67.409 Y70.803 E783.41602
G0 F9000 X67.408 Y71.75
G1 F1019.9 X66.982 Y72.176 E783.42804
G1 F1500 E776.92804
;MESH:HBridgeMount.stl
G0 F9000 X68.629 Y72.176
G0 X70.209 Y74.89
;TYPE:WALL-INNER
G1 F1500 E783.42804
G1 F1019.9 X69.209 Y74.89 E783.448
G1 X69.209 Y66.89 E783.60765
G1 X70.209 Y66.89 E783.6276
G1 X70.209 Y74.89 E783.78725
G0 F9000 X70.609 Y75.29
G1 F1019.9 X68.809 Y75.29 E783.82317
G1 X68.809 Y66.49 E783.99879
G1 X70.609 Y66.49 E784.03471
G1 X70.609 Y75.29 E784.21032
G0 F9000 X71.009 Y75.69
;TYPE:WALL-OUTER
G1 F1019.9 X68.409 Y75.69 E784.26221
G1 X68.409 Y66.09 E784.45379
G1 X71.009 Y66.09 E784.50567
G1 X71.009 Y75.69 E784.69725
G0 F9000 X70.739 Y75.42
G0 X69.288 Y70.859
;TYPE:FILL
G1 F2039.8 X70.128 Y70.634 E784.7146
G0 F9000 X70.128 Y70.041
G1 F2039.8 X69.287 Y69.2 E784.73834
G0 F9000 X69.289 Y70.33
G1 F2039.8 X70.128 Y67.198 E784.80304
G1 F1500 E778.30304
G0 F9000 X68.629 Y74.89
G0 X67.544 Y74.89
G0 X55.074 Y74.89
G0 X53.989 Y74.89
G0 X53.409 Y74.89
;TYPE:WALL-INNER
G1 F1500 E784.80304
G1 F1019.9 X52.409 Y74.89 E784.823
G1 X52.409 Y66.89 E784.98265
G1 X53.409 Y66.89 E785.00261
G1 X53.409 Y74.89 E785.16225
G0 F9000 X53.809 Y75.29
G1 F1019.9 X52.009 Y75.29 E785.19817
G1 X52.009 Y66.49 E785.37379
G1 X53.809 Y66.49 E785.40971
G1 X53.809 Y75.29 E785.58532
G0 F9000 X54.209 Y75.69
;TYPE:WALL-OUTER
G1 F1019.9 X51.609 Y75.69 E785.63721
G1 X51.609 Y66.09 E785.82879
G1 X54.209 Y66.09 E785.88067
G1 X54.209 Y75.69 E786.07225
G0 F9000 X53.939 Y75.42
G0 X53.18 Y74.81
;TYPE:FILL
G1 F2039.8 X53.328 Y74.257 E786.08368
G0 F9000 X53.329 Y73.606
G1 F2039.8 X52.488 Y72.765 E786.10741
G0 F9000 X52.489 Y70.391
G1 F2039.8 X53.327 Y70.166 E786.12473
G1 F1500 E779.62473
;MESH:NONMESH
G0 F300 X53.327 Y70.166 Z3
G0 F9000 X53.989 Y66.301
G0 X55.886 Y66.301
;TIME_ELAPSED:1893.483296
;LAYER:24
;TYPE:SUPPORT-INTERFACE
G1 F1500 E786.12473
G1 F1021.6 X55.209 Y66.978 E786.14383
G0 F9000 X56.119 Y66.301
G1 F1021.6 X57.266 Y67.448 E786.1762
G0 F9000 X56.595 Y68.986
G1 F1021.6 X55.209 Y70.372 E786.21532
G0 F9000 X56.36 Y69.937
G1 F1021.6 X55.208 Y68.785 E786.24783
G1 F1500 E779.74783
G0 F9000 X57.212 Y68.762
G0 X57.354 Y69.175
G0 X56.892 Y71.062
G0 X56.54 Y72.143
G0 X56.259 Y72.341
G0 X55.208 Y72.179
G1 F1500 E786.24783
G1 F1021.6 X55.664 Y72.634 E786.26069
G1 F1500 E779.76069
G0 F9000 X56.295 Y72.427
G0 X65.354 Y69.983
G0 X65.987 Y69.777
G1 F1500 E786.26069
G1 F1021.6 X67.387 Y68.377 E786.3002
G0 F9000 X67.392 Y67.392
G1 F1021.6 X66.475 Y66.475 E786.32608
G0 F9000 X65.596 Y66.774
G1 F1021.6 X65.411 Y66.958 E786.33128
G0 F9000 X65.903 Y69.297
G1 F1021.6 X67.409 Y70.803 E786.37379
G0 F9000 X67.409 Y71.749
G1 F1021.6 X67.028 Y72.129 E786.38452
G1 F1500 E779.88452
;MESH:HBridgeMount.stl
G0 F9000 X68.629 Y72.129
G0 X70.209 Y74.89
;TYPE:WALL-INNER
G1 F1500 E786.38452
G1 F1021.6 X69.209 Y74.89 E786.40448
G1 X69.209 Y66.89 E786.56413
G1 X70.209 Y66.89 E786.58409
G1 X70.209 Y74.89 E786.74373
G0 F9000 X70.609 Y75.29
G1 F1021.6 X68.809 Y75.29 E786.77966
G1 X68.809 Y66.49 E786.95527
G1 X70.609 Y66.49 E786.99119
G1 X70.609 Y75.29 E787.1668
G0 F9000 X71.009 Y75.69
;TYPE:WALL-OUTER
G1 F1021.6 X68.409 Y75.69 E787.21869
G1 X68.409 Y66.09 E787.41027
G1 X71.009 Y66.09 E787.46215
G1 X71.009 Y75.69 E787.65373
G0 F9000 X70.739 Y75.42
G0 X69.288 Y70.947
;TYPE:FILL
G1 F2043.2 X70.127 Y70.722 E787.67107
G0 F9000 X70.128 Y69.92
G1 F2043.2 X69.287 Y69.08 E787.69479
G0 F9000 X69.289 Y70.001
G1 F2043.2 X70.101 Y66.968 E787.75745
G1 F1500 E781.25745
G0 F9000 X68.629 Y74.89
G0 X67.544 Y74.89
G0 X55.074 Y74.89
G0 X53.989 Y74.89
G0 X53.409 Y74.89
;TYPE:WALL-INNER
G1 F1500 E787.75745
G1 F1021.6 X52.409 Y74.89 E787.7774
G1 X52.409 Y66.89 E787.93705
G1 X53.409 Y66.89 E787.95701
G1 X53.409 Y74.89 E788.11665
G0 F9000 X53.809 Y75.29
G1 F1021.6 X52.009 Y75.29 E788.15258
G1 X52.009 Y66.49 E788.32819
G1 X53.809 Y66.49 E788.36411
G1 X53.809 Y75.29 E788.53972
G0 F9000 X54.209 Y75.69
;TYPE:WALL-OUTER
G1 F1021.6 X51.609 Y75.69 E788.59161
G1 X51.609 Y66.09 E788.78319
G1 X54.209 Y66.09 E788.83507
G1 X54.209 Y75.69 E789.02665
G0 F9000 X53.939 Y75.42
G0 X53.092 Y74.809
;TYPE:FILL
G1 F2043.2 X53.328 Y73.929 E789.04483
G0 F9000 X53.329 Y73.486
G1 F2043.2 X52.488 Y72.645 E789.06857
G0 F9000 X52.488 Y70.479
G1 F2043.2 X53.327 Y70.254 E789.0859
G1 F1500 E782.5859
;MESH:NONMESH
G0 F300 X53.327 Y70.254 Z3.12
G0 F9000 X53.989 Y66.291
G0 X55.896 Y66.291
;TIME_ELAPSED:1908.636845
;LAYER:25
;TYPE:SUPPORT-INTERFACE
G1 F1500 E789.0859
G1 F1050.1 X55.209 Y66.978 E789.10529
G0 F9000 X56.109 Y66.291
G1 F1050.1 X57.172 Y67.354 E789.13529
G0 F9000 X56.538 Y69.044
G1 F1050.1 X55.209 Y70.372 E789.17279
G0 F9000 X56.374 Y69.95
G1 F1050.1 X55.209 Y68.785 E789.20566
G1 F1500 E782.70566
G0 F9000 X57.145 Y68.783
G0 X57.308 Y69.268
G0 X56.455 Y72.064
G0 X56.198 Y72.346
G0 X55.209 Y72.18
G1 F1500 E789.20566
G1 F1050.1 X55.567 Y72.538 E789.21577
G1 F1500 E782.71577
G0 F9000 X56.198 Y72.331
G0 X65.442 Y69.896
G0 X66.074 Y69.689
G1 F1500 E789.21577
G1 F1050.1 X67.408 Y68.356 E789.2534
G0 F9000 X67.409 Y67.409
G1 F1050.1 X66.468 Y66.468 E789.27996
G1 F1500 E782.77996
G0 F9000 X66.468 Y65.804
G0 X65.891 Y65.806
G0 X64.976 Y66.474
G0 X64.626 Y67.549
G0 X64.976 Y68.624
G0 X65.395 Y68.924
G0 X65.987 Y69.382
G1 F1500 E789.27996
G1 F1050.1 X67.409 Y70.803 E789.32008
G0 F9000 X67.408 Y71.75
G1 F1050.1 X66.981 Y72.177 E789.33213
G1 F1500 E782.83213
;MESH:HBridgeMount.stl
G0 F9000 X68.629 Y72.177
G0 X70.209 Y74.89
;TYPE:WALL-INNER
G1 F1500 E789.33213
G1 F1050.1 X69.209 Y74.89 E789.35208
G1 X69.209 Y66.89 E789.51173
G1 X70.209 Y66.89 E789.53169
G1 X70.209 Y74.89 E789.69134
G0 F9000 X70.609 Y75.29
G1 F1050.1 X68.809 Y75.29 E789.72726
G1 X68.809 Y66.49 E789.90287
G1 X70.609 Y66.49 E789.93879
G1 X70.609 Y75.29 E790.11441
G0 F9000 X71.009 Y75.69
;TYPE:WALL-OUTER
G1 F1050.1 X68.409 Y75.69 E790.16629
G1 X68.409 Y66.09 E790.35787
G1 X71.009 Y66.09 E790.40976
G1 X71.009 Y75.69 E790.60133
G0 F9000 X70.739 Y75.42
G0 X70.127 Y70.81
;TYPE:FILL
G1 F2100.3 X69.288 Y71.035 E790.61867
G0 F9000 X69.289 Y69.673
G1 F2100.3 X70.013 Y66.968 E790.67455
G0 F9000 X69.287 Y68.959
G1 F2100.3 X70.128 Y69.8 E790.69829
G1 F1500 E784.19829
G0 F9000 X68.629 Y74.89
G0 X67.544 Y74.89
G0 X55.074 Y74.89
G0 X53.989 Y74.89
G0 X53.409 Y74.89
;TYPE:WALL-INNER
G1 F1500 E790.69829
G1 F1050.1 X52.409 Y74.89 E790.71824
G1 X52.409 Y66.89 E790.87789
G1 X53.409 Y66.89 E790.89785
G1 X53.409 Y74.89 E791.0575
G0 F9000 X53.809 Y75.29
G1 F1050.1 X52.009 Y75.29 E791.09342
G1 X52.009 Y66.49 E791.26903
G1 X53.809 Y66.49 E791.30495
G1 X53.809 Y75.29 E791.48056
G0 F9000 X54.209 Y75.69
;TYPE:WALL-OUTER
G1 F1050.1 X51.609 Y75.69 E791.53245
G1 X51.609 Y66.09 E791.72403
G1 X54.209 Y66.09 E791.77591
G1 X54.209 Y75.69 E791.96749
G0 F9000 X53.939 Y75.42
G0 X53.004 Y74.809
;TYPE:FILL
G1 F2100.3 X53.328 Y73.601 E791.99245
G0 F9000 X53.329 Y73.365
G1 F2100.3 X52.488 Y72.525 E792.01617
G0 F9000 X52.488 Y70.567
G1 F2100.3 X53.328 Y70.342 E792.03353
G1 F1500 E785.53353
;MESH:NONMESH
G0 F300 X53.328 Y70.342 Z3.24
G0 F9000 X53.989 Y66.417
G0 X55.77 Y66.417
;TIME_ELAPSED:1924.254676
;LAYER:26
;TYPE:SUPPORT-INTERFACE
G1 F1500 E792.03353
G1 F1043.5 X55.209 Y66.978 E792.04936
G0 F9000 X56.138 Y66.32
G1 F1043.5 X57.022 Y67.204 E792.07431
G0 F9000 X56.467 Y69.114
G1 F1043.5 X55.209 Y70.372 E792.10981
G0 F9000 X56.297 Y69.874
G1 F1043.5 X55.209 Y68.785 E792.14053
G1 F1500 E785.64053
G0 F9000 X57.043 Y68.754
G0 X57.204 Y69.234
G0 X56.787 Y71.088
G0 X56.475 Y72.054
G0 X56.169 Y72.453
G0 X55.209 Y72.18
G1 F1500 E792.14053
G1 F1043.5 X55.472 Y72.443 E792.14795
G1 F1500 E785.64795
G0 F9000 X56.169 Y72.453
G0 X65.482 Y69.856
G0 X66.114 Y69.65
G1 F1500 E792.14795
G1 F1043.5 X67.348 Y68.416 E792.18278
G0 F9000 X67.409 Y67.409
G1 F1043.5 X66.461 Y66.461 E792.20953
G1 F1500 E785.70953
G0 F9000 X66.461 Y65.797
G0 X65.994 Y65.799
G0 X65.082 Y66.463
G0 X64.734 Y67.532
G0 X65.11 Y68.678
G0 X65.649 Y68.904
G0 X66.072 Y69.466
G1 F1500 E792.20953
G1 F1043.5 X67.409 Y70.803 E792.24727
G0 F9000 X67.409 Y71.749
G1 F1043.5 X67.011 Y72.147 E792.2585
G1 F1500 E785.7585
;MESH:HBridgeMount.stl
G0 F9000 X68.629 Y72.147
G0 X70.209 Y74.89
;TYPE:WALL-INNER
G1 F1500 E792.2585
G1 F1043.5 X69.209 Y74.89 E792.27846
G1 X69.209 Y66.89 E792.4381
G1 X70.209 Y66.89 E792.45806
G1 X70.209 Y74.89 E792.61771
G0 F9000 X70.609 Y75.29
G1 F1043.5 X68.809 Y75.29 E792.65363
G1 X68.809 Y66.49 E792.82924
G1 X70.609 Y66.49 E792.86516
G1 X70.609 Y75.29 E793.04078
G0 F9000 X71.009 Y75.69
;TYPE:WALL-OUTER
G1 F1043.5 X68.409 Y75.69 E793.09266
G1 X68.409 Y66.09 E793.28424
G1 X71.009 Y66.09 E793.33613
G1 X71.009 Y75.69 E793.52771
G0 F9000 X70.739 Y75.42
G0 X70.128 Y70.898
;TYPE:FILL
G1 F2086.9 X69.288 Y71.123 E793.54506
G0 F9000 X70.128 Y69.68
G1 F2086.9 X69.287 Y68.839 E793.56879
G0 F9000 X69.289 Y69.345
G1 F2086.9 X69.925 Y66.969 E793.61788
G1 F1500 E787.11788
G0 F9000 X68.629 Y74.89
G0 X67.544 Y74.89
G0 X55.074 Y74.89
G0 X53.989 Y74.89
G0 X53.409 Y74.89
;TYPE:WALL-INNER
G1 F1500 E793.61788
G1 F1043.5 X52.409 Y74.89 E793.63784
G1 X52.409 Y66.89 E793.79748
G1 X53.409 Y66.89 E793.81744
G1 X53.409 Y74.89 E793.97709
G0 F9000 X53.809 Y75.29
G1 F1043.5 X52.009 Y75.29 E794.01301
G1 X52.009 Y66.49 E794.18862
G1 X53.809 Y66.49 E794.22454
G1 X53.809 Y75.29 E794.40016
G0 F9000 X54.209 Y75.69
;TYPE:WALL-OUTER
G1 F1043.5 X51.609 Y75.69 E794.45204
G1 X51.609 Y66.09 E794.64362
G1 X54.209 Y66.09 E794.69551
G1 X54.209 Y75.69 E794.88709
G0 F9000 X53.939 Y75.42
G0 X52.916 Y74.809
;TYPE:FILL
G1 F2086.9 X53.328 Y73.273 E794.91882
G1 X53.329 Y73.245
G1 X52.488 Y72.404 E794.94256
G0 F9000 X52.489 Y70.655
G1 F2086.9 X53.327 Y70.43 E794.95987
G1 F1500 E788.45987
;MESH:NONMESH
G0 F300 X53.327 Y70.43 Z3.36
G0 F9000 X53.989 Y66.648
G0 X55.409 Y66.648
;TIME_ELAPSED:1939.816364
;LAYER:27
;TYPE:SUPPORT
G1 F1500 E794.95987
G1 F1134.7 X56.146 Y66.486 E794.97493
G1 X56.58 Y66.802 E794.98565
G1 X56.753 Y67.332 E794.99677
G1 X56.587 Y67.84 E795.00744
G1 X55.569 Y68.304 E795.02976
G1 X56.206 Y69.33 E795.05386
G1 X56.046 Y69.823 E795.06421
G1 X55.409 Y70.187 E795.07885
G1 X55.409 Y66.648 E795.14947
G1 F1500 E788.64947
G0 F9000 X55.224 Y65.803
G0 X56.341 Y65.562
G0 X57.314 Y66.269
G0 X57.66 Y67.332
G0 X57.148 Y69.216
G0 X56.763 Y70.404
G0 X56.387 Y70.609
G0 X55.409 Y70.604
G1 F1500 E795.14947
G1 F1134.7 X55.749 Y71.219 E795.1635
G1 X55.583 Y71.727 E795.17416
G1 X55.409 Y71.854 E795.17846
G1 X55.409 Y70.604 E795.2034
G1 F1500 E788.7034
G0 F9000 X56.387 Y70.609
G0 X64.928 Y67.784
G0 X65.749 Y67.516
G1 F1500 E795.2034
G1 F1134.7 X65.922 Y66.986 E795.21453
G1 X66.35 Y66.674 E795.2251
G1 X67.209 Y66.908 E795.24287
G1 X67.209 Y70.256 E795.30968
G1 X66.531 Y69.943 E795.32458
G1 X66.373 Y69.455 E795.33482
G1 X66.93 Y68.485 E795.35714
G1 X65.915 Y68.024 E795.37939
G1 X65.749 Y67.516 E795.39005
G1 F1500 E788.89005
G0 F9000 X64.928 Y67.784
G0 X65.829 Y70.566
G0 X66.103 Y71.01
G0 X66.825 Y71.488
G1 F1500 E795.39005
G1 F1134.7 X67.209 Y70.908 E795.40393
G1 X67.209 Y72.137 E795.42846
G1 X66.987 Y71.984 E795.43384
G1 X66.825 Y71.488 E795.44425
G1 F1500 E788.94425
;MESH:HBridgeMount.stl
G0 F9000 X68.629 Y71.488
G0 X70.209 Y74.89
;TYPE:WALL-INNER
G1 F1500 E795.44425
G1 F1134.7 X69.209 Y74.89 E795.46421
G1 X69.209 Y66.89 E795.62386
G1 X70.209 Y66.89 E795.64381
G1 X70.209 Y74.89 E795.80346
G0 F9000 X70.609 Y75.29
G1 F1134.7 X68.809 Y75.29 E795.83938
G1 X68.809 Y66.49 E796.015
G1 X70.609 Y66.49 E796.05092
G1 X70.609 Y75.29 E796.22653
G0 F9000 X71.009 Y75.69
;TYPE:WALL-OUTER
G1 F1134.7 X68.409 Y75.69 E796.27842
G1 X68.409 Y66.09 E796.47
G1 X71.009 Y66.09 E796.52188
G1 X71.009 Y75.69 E796.71346
G0 F9000 X70.739 Y75.42
G0 X70.127 Y70.985
;TYPE:FILL
G1 F2269.5 X69.288 Y71.21 E796.73079
G0 F9000 X70.128 Y69.561
G1 F2269.5 X69.287 Y68.72 E796.75453
G0 F9000 X69.289 Y69.02
G1 F2269.5 X69.838 Y66.968 E796.79692
G1 F1500 E790.29692
G0 F9000 X68.629 Y74.89
G0 X67.544 Y74.89
G0 X55.074 Y74.89
G0 X53.989 Y74.89
G0 X53.409 Y74.89
;TYPE:WALL-INNER
G1 F1500 E796.79692
G1 F1134.7 X52.409 Y74.89 E796.81688
G1 X52.409 Y66.89 E796.97652
G1 X53.409 Y66.89 E796.99648
G1 X53.409 Y74.89 E797.15613
G0 F9000 X53.809 Y75.29
G1 F1134.7 X52.009 Y75.29 E797.19205
G1 X52.009 Y66.49 E797.36766
G1 X53.809 Y66.49 E797.40358
G1 X53.809 Y75.29 E797.5792
G0 F9000 X54.209 Y75.69
;TYPE:WALL-OUTER
G1 F1134.7 X51.609 Y75.69 E797.63108
G1 X51.609 Y66.09 E797.82266
G1 X54.209 Y66.09 E797.87455
G1 X54.209 Y75.69 E798.06613
G0 F9000 X53.939 Y75.42
G0 X52.83 Y74.809
;TYPE:FILL
G1 F2269.5 X53.328 Y72.948 E798.10457
G1 X53.329 Y73.126
G1 X52.488 Y72.286 E798.12829
G0 F9000 X52.488 Y70.742
G1 F2269.5 X53.327 Y70.517 E798.14563
G1 F1500 E791.64563
;MESH:NONMESH
G0 F300 X53.327 Y70.517 Z3.48
G0 F9000 X53.989 Y66.578
G0 X55.409 Y66.578
;TIME_ELAPSED:1955.246858
;LAYER:28
;TYPE:SUPPORT
G1 F1500 E798.14563
G1 F1086 X56.04 Y66.474 E798.15839
G1 X56.473 Y66.789 E798.16907
G1 X56.644 Y67.313 E798.18007
G1 X56.48 Y67.817 E798.19065
G1 X55.509 Y68.277 E798.21209
G1 X56.112 Y69.274 E798.23535
G1 X55.956 Y69.753 E798.2454
G1 X55.409 Y70.017 E798.25752
G1 X55.409 Y66.578 E798.32615
G1 F1500 E791.82615
G0 F9000 X55.268 Y65.727
G0 X56.256 Y65.566
G0 X57.207 Y66.256
G0 X57.551 Y67.313
G0 X57.053 Y69.165
G0 X56.662 Y70.369
G0 X56.255 Y70.553
G0 X55.409 Y70.826
G1 F1500 E798.32615
G1 F1086 X55.756 Y71.327 E798.33831
G1 X55.596 Y71.819 E798.34863
G1 X55.409 Y71.954 E798.35324
G1 X55.409 Y70.826 E798.37575
G1 F1500 E791.87575
G0 F9000 X56.255 Y70.553
G0 X65.036 Y67.766
G0 X65.858 Y67.499
G1 F1500 E798.37575
G1 F1086 X66.029 Y66.975 E798.38675
G1 X66.455 Y66.665 E798.39726
G1 X67.209 Y66.838 E798.4127
G1 X67.209 Y68.217 E798.44022
G1 X66.983 Y68.381 E798.44579
G1 X66.02 Y67.996 E798.46649
G1 X65.858 Y67.499 E798.47692
G0 F9000 X66.419 Y69.559
G1 F1086 X67.037 Y68.652 E798.49882
G1 X67.209 Y68.678 E798.50229
G1 X67.209 Y70.338 E798.53542
G1 X66.574 Y70.033 E798.54948
G1 X66.419 Y69.559 E798.55943
G0 F9000 X66.954 Y71.451
G1 F1086 X67.209 Y71.028 E798.56929
G1 X67.209 Y71.819 E798.58507
G1 X66.954 Y71.451 E798.59401
G1 F1500 E792.09401
;MESH:HBridgeMount.stl
G0 F9000 X68.629 Y71.451
G0 X70.209 Y74.89
;TYPE:WALL-INNER
G1 F1500 E798.59401
G1 F1086 X69.209 Y74.89 E798.61396
G1 X69.209 Y66.89 E798.77361
G1 X70.209 Y66.89 E798.79357
G1 X70.209 Y74.89 E798.95322
G0 F9000 X70.609 Y75.29
G1 F1086 X68.809 Y75.29 E798.98914
G1 X68.809 Y66.49 E799.16475
G1 X70.609 Y66.49 E799.20067
G1 X70.609 Y75.29 E799.37629
G0 F9000 X71.009 Y75.69
;TYPE:WALL-OUTER
G1 F1086 X68.409 Y75.69 E799.42817
G1 X68.409 Y66.09 E799.61975
G1 X71.009 Y66.09 E799.67164
G1 X71.009 Y75.69 E799.86321
G0 F9000 X70.739 Y75.42
G0 X70.127 Y71.073
;TYPE:FILL
G1 F2171.9 X69.288 Y71.298 E799.88055
G0 F9000 X70.128 Y69.441
G1 F2171.9 X69.287 Y68.6 E799.90428
G1 X69.289 Y68.691
G1 X69.75 Y66.968 E799.93988
G1 F1500 E793.43988
G0 F9000 X68.629 Y74.89
G0 X67.544 Y74.89
G0 X55.074 Y74.89
G0 X53.989 Y74.89
G0 X53.409 Y74.89
;TYPE:WALL-INNER
G1 F1500 E799.93988
G1 F1086 X52.409 Y74.89 E799.95983
G1 X52.409 Y66.89 E800.11948
G1 X53.409 Y66.89 E800.13944
G1 X53.409 Y74.89 E800.29909
G0 F9000 X53.809 Y75.29
G1 F1086 X52.009 Y75.29 E800.33501
G1 X52.009 Y66.49 E800.51062
G1 X53.809 Y66.49 E800.54654
G1 X53.809 Y75.29 E800.72216
G0 F9000 X54.209 Y75.69
;TYPE:WALL-OUTER
G1 F1086 X51.609 Y75.69 E800.77404
G1 X51.609 Y66.09 E800.96562
G1 X54.209 Y66.09 E801.01751
G1 X54.209 Y75.69 E801.20908
G0 F9000 X53.939 Y75.42
G0 X52.741 Y74.809
;TYPE:FILL
G1 F2171.9 X53.328 Y72.619 E801.25433
G0 F9000 X53.329 Y73.006
G1 F2171.9 X52.488 Y72.165 E801.27807
G0 F9000 X52.488 Y70.83
G1 F2171.9 X53.328 Y70.605 E801.29542
G1 F1500 E794.79542
;MESH:NONMESH
G0 F300 X53.328 Y70.605 Z3.6
G0 F9000 X53.989 Y66.511
G0 X55.409 Y66.511
;TIME_ELAPSED:1970.304224
;LAYER:29
;TYPE:SUPPORT
G1 F1500 E801.29542
G1 F1038.2 X55.934 Y66.46 E801.30595
G1 X56.368 Y66.775 E801.31665
G1 X56.537 Y67.293 E801.32752
G1 X56.377 Y67.785 E801.33785
G1 X55.409 Y68.185 E801.35875
G1 X55.409 Y66.511 E801.39215
G0 F9000 X55.409 Y68.46
G1 F1038.2 X55.912 Y68.826 E801.40457
G1 X56.081 Y69.344 E801.41544
G1 X55.918 Y69.844 E801.42594
G1 X55.409 Y70.101 E801.43732
G1 X55.409 Y68.46 E801.47006
G0 F9000 X55.409 Y70.945
G1 F1038.2 X55.628 Y71.291 E801.47823
G1 X55.409 Y71.613 E801.48601
G1 X55.409 Y70.945 E801.49934
G1 F1500 E794.99934
G0 F9000 X56.225 Y70.642
G0 X65.144 Y67.75
G0 X65.966 Y67.483
G1 F1500 E801.49934
G1 F1038.2 X66.135 Y66.965 E801.51021
G1 X66.561 Y66.655 E801.52072
G1 X67.209 Y66.771 E801.53386
G1 X67.209 Y68.395 E801.56627
G1 X66.126 Y67.973 E801.58947
G1 X65.966 Y67.483 E801.59975
G0 F9000 X66.528 Y69.541
G1 F1038.2 X67.209 Y68.553 E801.6237
G1 X67.209 Y70.24 E801.65736
G1 X66.678 Y70.003 E801.66897
G1 X66.528 Y69.541 E801.67866
G0 F9000 X67.209 Y71.231
G1 F1038.2 X67.209 Y71.883 E801.69167
G1 X66.986 Y71.557 E801.69956
G1 X67.209 Y71.231 E801.70744
G1 F1500 E795.20744
;MESH:HBridgeMount.stl
G0 F9000 X68.629 Y71.231
G0 X70.209 Y74.89
;TYPE:WALL-INNER
G1 F1500 E801.70744
G1 F1038.2 X69.209 Y74.89 E801.72739
G1 X69.209 Y66.89 E801.88704
G1 X70.209 Y66.89 E801.907
G1 X70.209 Y74.89 E802.06665
G0 F9000 X70.609 Y75.29
G1 F1038.2 X68.809 Y75.29 E802.10257
G1 X68.809 Y66.49 E802.27818
G1 X70.609 Y66.49 E802.3141
G1 X70.609 Y75.29 E802.48972
G0 F9000 X71.009 Y75.69
;TYPE:WALL-OUTER
G1 F1038.2 X68.409 Y75.69 E802.5416
G1 X68.409 Y66.09 E802.73318
G1 X71.009 Y66.09 E802.78507
G1 X71.009 Y75.69 E802.97664
G0 F9000 X70.739 Y75.42
G0 X70.128 Y71.161
;TYPE:FILL
G1 F2076.4 X69.289 Y71.386 E802.99398
G0 F9000 X70.128 Y69.321
G1 F2076.4 X69.287 Y68.48 E803.01771
G1 X69.289 Y68.363
G1 X69.662 Y66.968 E803.04653
G1 F1500 E796.54653
G0 F9000 X68.629 Y74.89
G0 X67.544 Y74.89
G0 X55.074 Y74.89
G0 X53.989 Y74.89
G0 X53.409 Y74.89
;TYPE:WALL-INNER
G1 F1500 E803.04653
G1 F1038.2 X52.409 Y74.89 E803.06649
G1 X52.409 Y66.89 E803.22614
G1 X53.409 Y66.89 E803.24609
G1 X53.409 Y74.89 E803.40574
G0 F9000 X53.809 Y75.29
G1 F1038.2 X52.009 Y75.29 E803.44166
G1 X52.009 Y66.49 E803.61727
G1 X53.809 Y66.49 E803.6532
G1 X53.809 Y75.29 E803.82881
G0 F9000 X54.209 Y75.69
;TYPE:WALL-OUTER
G1 F1038.2 X51.609 Y75.69 E803.88069
G1 X51.609 Y66.09 E804.07227
G1 X54.209 Y66.09 E804.12416
G1 X54.209 Y75.69 E804.31574
G0 F9000 X53.939 Y75.42
G0 X52.653 Y74.809
;TYPE:FILL
G1 F2076.4 X53.328 Y72.291 E804.36776
G0 F9000 X53.329 Y72.886
G1 F2076.4 X52.488 Y72.045 E804.3915
G0 F9000 X52.489 Y70.918
G1 F2076.4 X53.327 Y70.693 E804.40881
G1 F1500 E797.90881
;MESH:NONMESH
G0 F300 X53.327 Y70.693 Z3.72
G0 F9000 X53.989 Y66.449
G0 X55.409 Y66.449
;TIME_ELAPSED:1984.810826
;LAYER:30
;TYPE:SUPPORT
G1 F1500 E804.40881
G1 F1024.3 X55.826 Y66.444 E804.41713
G1 X56.262 Y66.761 E804.42789
G1 X56.429 Y67.273 E804.43864
G1 X56.271 Y67.759 E804.44884
G1 X55.409 Y68.109 E804.4674
G1 X55.409 Y66.449 E804.50053
G0 F9000 X55.409 Y68.512
G1 F1024.3 X55.808 Y68.802 E804.51037
G1 X55.975 Y69.314 E804.52112
G1 X55.813 Y69.81 E804.53153
G1 X55.409 Y70.017 E804.54059
G1 X55.409 Y68.512 E804.57063
G0 F9000 X55.409 Y71.094
G1 F1024.3 X55.611 Y71.394 E804.57784
G1 X55.409 Y71.694 E804.58506
G1 X55.409 Y71.094 E804.59703
G1 F1500 E798.09703
G0 F9000 X56.125 Y70.61
G0 X65.253 Y67.733
G0 X66.075 Y67.466
G1 F1500 E804.59703
G1 F1024.3 X66.242 Y66.954 E804.60778
G1 X66.669 Y66.644 E804.61831
G1 X67.209 Y66.707 E804.62916
G1 X67.209 Y68.225 E804.65945
G1 X66.669 Y68.288 E804.6703
G1 X66.242 Y67.978 E804.68083
G1 X66.075 Y67.466 E804.69158
G0 F9000 X66.762 Y69.083
G1 F1024.3 X67.209 Y68.865 E804.70151
G1 X67.209 Y70.287 E804.72988
G1 X66.762 Y70.069 E804.73981
G1 X66.601 Y69.576 E804.75016
G1 X66.762 Y69.083 E804.76051
G0 F9000 X67.209 Y71.4
G1 F1024.3 X67.209 Y71.824 E804.76897
G1 X67.075 Y71.612 E804.77397
G1 X67.209 Y71.4 E804.77898
G1 F1500 E798.27898
;MESH:HBridgeMount.stl
G0 F9000 X68.629 Y71.4
G0 X70.209 Y74.89
;TYPE:WALL-INNER
G1 F1500 E804.77898
G1 F1024.3 X69.209 Y74.89 E804.79894
G1 X69.209 Y66.89 E804.95858
G1 X70.209 Y66.89 E804.97854
G1 X70.209 Y74.89 E805.13819
G0 F9000 X70.609 Y75.29
G1 F1024.3 X68.809 Y75.29 E805.17411
G1 X68.809 Y66.49 E805.34972
G1 X70.609 Y66.49 E805.38564
G1 X70.609 Y75.29 E805.56126
G0 F9000 X71.009 Y75.69
;TYPE:WALL-OUTER
G1 F1024.3 X68.409 Y75.69 E805.61314
G1 X68.409 Y66.09 E805.80472
G1 X71.009 Y66.09 E805.85661
G1 X71.009 Y75.69 E806.04819
G0 F9000 X70.739 Y75.42
G0 X70.128 Y71.249
;TYPE:FILL
G1 F2048.5 X69.288 Y71.474 E806.06554
G0 F9000 X70.128 Y69.201
G1 F2048.5 X69.287 Y68.36 E806.08927
G0 F9000 X69.289 Y68.035
G1 F2048.5 X69.574 Y66.969 E806.1113
G1 F1500 E799.6113
G0 F9000 X68.629 Y74.89
G0 X67.544 Y74.89
G0 X55.074 Y74.89
G0 X53.989 Y74.89
G0 X53.409 Y74.89
;TYPE:WALL-INNER
G1 F1500 E806.1113
G1 F1024.3 X52.409 Y74.89 E806.13125
G1 X52.409 Y66.89 E806.2909
G1 X53.409 Y66.89 E806.31086
G1 X53.409 Y74.89 E806.4705
G0 F9000 X53.809 Y75.29
G1 F1024.3 X52.009 Y75.29 E806.50643
G1 X52.009 Y66.49 E806.68204
G1 X53.809 Y66.49 E806.71796
G1 X53.809 Y75.29 E806.89357
G0 F9000 X54.209 Y75.69
;TYPE:WALL-OUTER
G1 F1024.3 X51.609 Y75.69 E806.94546
G1 X51.609 Y66.09 E807.13704
G1 X54.209 Y66.09 E807.18892
G1 X54.209 Y75.69 E807.3805
G0 F9000 X53.939 Y75.42
G0 X52.566 Y74.809
;TYPE:FILL
G1 F2048.5 X53.328 Y71.963 E807.4393
G0 F9000 X53.329 Y72.766
G1 F2048.5 X52.488 Y71.925 E807.46303
G0 F9000 X52.489 Y71.006
G1 F2048.5 X53.327 Y70.781 E807.48035
G1 F1500 E800.98035
;MESH:NONMESH
G0 F300 X53.327 Y70.781 Z3.84
G0 F9000 X53.989 Y66.515
G0 X55.409 Y66.515
;TIME_ELAPSED:1999.339942
;LAYER:31
;TYPE:SUPPORT
G1 F1500 E807.48035
G1 F1011.8 X56.168 Y66.78 E807.49639
G1 X56.322 Y67.253 E807.50632
G1 X56.168 Y67.726 E807.51625
G1 X55.409 Y67.991 E807.53229
G1 X55.409 Y66.515 E807.56174
G0 F9000 X55.409 Y68.703
G1 F1011.8 X55.727 Y68.885 E807.56906
G1 X55.888 Y69.378 E807.57941
G1 X55.727 Y69.871 E807.58975
G1 X55.409 Y70.053 E807.59707
G1 X55.409 Y68.703 E807.62401
G0 F9000 X55.409 Y71.259
G1 F1011.8 X55.516 Y71.431 E807.62805
G1 X55.409 Y71.603 E807.63209
G1 X55.409 Y71.259 E807.63896
G1 F1500 E801.13896
G0 F9000 X56.144 Y70.803
G0 X65.526 Y68.223
G0 X66.348 Y67.955
G1 F1500 E807.63896
G1 F1011.8 X66.183 Y67.45 E807.64956
G1 X66.348 Y66.945 E807.66016
G1 X66.778 Y66.632 E807.67078
G1 X67.209 Y66.647 E807.67938
G1 X67.209 Y68.253 E807.71143
G1 X66.778 Y68.268 E807.72004
G1 X66.348 Y67.955 E807.73065
G0 F9000 X66.857 Y69.035
G1 F1011.8 X67.209 Y68.843 E807.73865
G1 X67.209 Y70.209 E807.76591
G1 X66.857 Y70.017 E807.77391
G1 X66.697 Y69.526 E807.78422
G1 X66.857 Y69.035 E807.79453
G0 F9000 X67.209 Y71.474
G1 F1011.8 X67.209 Y71.94 E807.80382
G1 X67.058 Y71.707 E807.80937
G1 X67.209 Y71.474 E807.81491
G1 F1500 E801.31491
;MESH:HBridgeMount.stl
G0 F9000 X68.629 Y71.474
G0 X70.209 Y74.89
;TYPE:WALL-INNER
G1 F1500 E807.81491
G1 F1011.8 X69.209 Y74.89 E807.83486
G1 X69.209 Y66.89 E807.99451
G1 X70.209 Y66.89 E808.01447
G1 X70.209 Y74.89 E808.17412
G0 F9000 X70.609 Y75.29
G1 F1011.8 X68.809 Y75.29 E808.21004
G1 X68.809 Y66.49 E808.38565
G1 X70.609 Y66.49 E808.42157
G1 X70.609 Y75.29 E808.59718
G0 F9000 X71.009 Y75.69
;TYPE:WALL-OUTER
G1 F1011.8 X68.409 Y75.69 E808.64907
G1 X68.409 Y66.09 E808.84065
G1 X71.009 Y66.09 E808.89253
G1 X71.009 Y75.69 E809.08411
G0 F9000 X70.739 Y75.42
G0 X70.128 Y71.337
;TYPE:FILL
G1 F2023.7 X69.288 Y71.562 E809.10147
G0 F9000 X70.128 Y69.08
G1 F2023.7 X69.287 Y68.24 E809.12519
G0 F9000 X69.289 Y67.706
G1 F2023.7 X69.487 Y66.968 E809.14044
G1 F1500 E802.64044
G0 F9000 X68.629 Y74.89
G0 X67.544 Y74.89
G0 X55.074 Y74.89
G0 X53.989 Y74.89
G0 X53.409 Y74.89
;TYPE:WALL-INNER
G1 F1500 E809.14044
G1 F1011.8 X52.409 Y74.89 E809.16039
G1 X52.409 Y66.89 E809.32004
G1 X53.409 Y66.89 E809.34
G1 X53.409 Y74.89 E809.49965
G0 F9000 X53.809 Y75.29
G1 F1011.8 X52.009 Y75.29 E809.53557
G1 X52.009 Y66.49 E809.71118
G1 X53.809 Y66.49 E809.7471
G1 X53.809 Y75.29 E809.92271
G0 F9000 X54.209 Y75.69
;TYPE:WALL-OUTER
G1 F1011.8 X51.609 Y75.69 E809.9746
G1 X51.609 Y66.09 E810.16618
G1 X54.209 Y66.09 E810.21806
G1 X54.209 Y75.69 E810.40964
G0 F9000 X53.939 Y75.42
G0 X52.488 Y74.769
;TYPE:FILL
G1 F2023.7 X53.328 Y71.635 E810.47439
G0 F9000 X53.327 Y70.869
G1 F2023.7 X52.489 Y71.094 E810.49171
G0 F9000 X52.488 Y71.805
G1 F2023.7 X53.329 Y72.646 E810.51544
G1 F1500 E804.01544
;MESH:NONMESH
G0 F300 X53.329 Y72.646 Z3.96
G0 F9000 X53.989 Y66.515
G0 X55.409 Y66.515
;TIME_ELAPSED:2013.868318
;LAYER:32
;TYPE:SUPPORT
G1 F1500 E810.51544
G1 F1035.4 X56.06 Y66.764 E810.52935
G1 X56.213 Y67.234 E810.53922
G1 X56.06 Y67.704 E810.54908
G1 X55.409 Y67.953 E810.56299
G1 X55.409 Y66.515 E810.59169
G0 F9000 X55.409 Y68.689
G1 F1035.4 X55.63 Y68.834 E810.59696
G1 X55.791 Y69.328 E810.60733
G1 X55.63 Y69.822 E810.6177
G1 X55.409 Y69.967 E810.62297
G1 X55.409 Y68.689 E810.64848
G0 F9000 X55.409 Y71.344
G1 F1035.4 X55.525 Y71.528 E810.65282
G1 X55.409 Y71.712 E810.65716
G1 X55.409 Y71.344 E810.6645
G1 F1500 E804.1645
G0 F9000 X56.14 Y70.883
G0 X65.908 Y69.892
G0 X66.729 Y69.624
G1 F1500 E810.6645
G1 F1035.4 X66.888 Y69.137 E810.67473
G1 X67.209 Y68.956 E810.68208
G1 X67.209 Y70.292 E810.70874
G1 X66.888 Y70.111 E810.7161
G1 X66.729 Y69.624 E810.72632
G0 F9000 X67.209 Y71.613
G1 F1035.4 X67.209 Y71.775 E810.72955
G1 X67.162 Y71.694 E810.73142
G1 X67.209 Y71.613 E810.73329
G1 F1500 E804.23329
G0 F9000 X66.616 Y70.936
G0 X66.173 Y70.697
G0 X65.822 Y69.624
G0 X66.135 Y68.695
G0 X67.209 Y68.163
G1 F1500 E810.73329
G1 F1035.4 X66.444 Y67.899 E810.74944
G1 X66.292 Y67.433 E810.75922
G1 X66.444 Y66.967 E810.769
G1 X67.209 Y66.703 E810.78515
G1 X67.209 Y68.163 E810.81429
G1 F1500 E804.31429
;MESH:HBridgeMount.stl
G0 F9000 X68.629 Y68.163
G0 X70.209 Y74.89
;TYPE:WALL-INNER
G1 F1500 E810.81429
G1 F1035.4 X69.209 Y74.89 E810.83424
G1 X69.209 Y66.89 E810.99389
G1 X70.209 Y66.89 E811.01385
G1 X70.209 Y74.89 E811.1735
G0 F9000 X70.609 Y75.29
G1 F1035.4 X68.809 Y75.29 E811.20942
G1 X68.809 Y66.49 E811.38503
G1 X70.609 Y66.49 E811.42095
G1 X70.609 Y75.29 E811.59657
G0 F9000 X71.009 Y75.69
;TYPE:WALL-OUTER
G1 F1035.4 X68.409 Y75.69 E811.64845
G1 X68.409 Y66.09 E811.84003
G1 X71.009 Y66.09 E811.89192
G1 X71.009 Y75.69 E812.0835
G0 F9000 X70.739 Y75.42
G0 X70.127 Y71.425
;TYPE:FILL
G1 F2070.8 X69.288 Y71.65 E812.10083
G0 F9000 X70.128 Y68.96
G1 F2070.8 X69.287 Y68.119 E812.12456
G0 F9000 X69.289 Y67.378
G1 F2070.8 X69.398 Y66.968 E812.13303
G1 F1500 E805.63303
G0 F9000 X68.629 Y74.89
G0 X67.544 Y74.89
G0 X55.074 Y74.89
G0 X53.989 Y74.89
G0 X53.409 Y74.89
;TYPE:WALL-INNER
G1 F1500 E812.13303
G1 F1035.4 X52.409 Y74.89 E812.15299
G1 X52.409 Y66.89 E812.31264
G1 X53.409 Y66.89 E812.33259
G1 X53.409 Y74.89 E812.49224
G0 F9000 X53.809 Y75.29
G1 F1035.4 X52.009 Y75.29 E812.52816
G1 X52.009 Y66.49 E812.70377
G1 X53.809 Y66.49 E812.7397
G1 X53.809 Y75.29 E812.91531
G0 F9000 X54.209 Y75.69
;TYPE:WALL-OUTER
G1 F1035.4 X51.609 Y75.69 E812.9672
G1 X51.609 Y66.09 E813.15877
G1 X54.209 Y66.09 E813.21066
G1 X54.209 Y75.69 E813.40224
G0 F9000 X53.939 Y75.42
G0 X52.488 Y74.441
;TYPE:FILL
G1 F2070.8 X53.328 Y71.307 E813.46699
G0 F9000 X53.327 Y70.957
G1 F2070.8 X52.488 Y71.182 E813.48432
G0 F9000 X52.488 Y71.685
G1 F2070.8 X53.329 Y72.525 E813.50804
G1 F1500 E807.00804
;MESH:NONMESH
G0 F300 X53.329 Y72.525 Z4.08
G0 F9000 X53.989 Y66.516
G0 X55.409 Y66.516
;TIME_ELAPSED:2028.889323
;LAYER:33
;TYPE:SUPPORT
G1 F1500 E813.50804
G1 F799.1 X55.953 Y66.746 E813.51983
G1 X56.106 Y67.214 E813.52966
G1 X55.953 Y67.682 E813.53948
G1 X55.409 Y67.912 E813.55127
G1 X55.409 Y66.516 E813.57913
G0 F9000 X55.409 Y68.791
G1 F799.1 X55.606 Y68.925 E813.58388
G1 X55.766 Y69.414 E813.59415
G1 X55.606 Y69.903 E813.60442
G1 X55.409 Y70.037 E813.60917
G1 X55.409 Y68.791 E813.63404
G0 F9000 X55.409 Y71.505
G1 F799.1 X55.422 Y71.528 E813.63456
G1 X55.409 Y71.551 E813.63509
G1 X55.409 Y71.505 E813.63601
G1 F1500 E807.13601
G0 F9000 X56.163 Y71.083
G0 X66.007 Y69.848
G0 X66.829 Y69.581
G1 F1500 E813.63601
G1 F799.1 X66.988 Y69.094 E813.64623
G1 X67.209 Y68.95 E813.6515
G1 X67.209 Y70.212 E813.67668
G1 X66.988 Y70.068 E813.68194
G1 X66.829 Y69.581 E813.69217
G0 F9000 X67.209 Y71.738
G1 F799.1 X67.209 Y71.85 E813.6944
G1 X67.177 Y71.794 E813.69569
G1 X67.209 Y71.738 E813.69698
G1 F1500 E807.19698
G0 F9000 X66.458 Y71.309
G0 X65.922 Y69.581
G0 X66.228 Y68.671
G0 X67.209 Y68.128
G1 F1500 E813.69698
G1 F799.1 X66.551 Y67.881 E813.711
G1 X66.4 Y67.417 E813.72074
G1 X66.551 Y66.953 E813.73048
G1 X67.209 Y66.706 E813.7445
G1 X67.209 Y68.128 E813.77288
G1 F1500 E807.27288
;MESH:HBridgeMount.stl
G0 F9000 X69.629 Y68.128
G0 X70.609 Y75.29
;TYPE:WALL-INNER
G1 F1500 E813.77288
G1 F799.1 X69.809 Y75.29 E813.78885
G1 X69.809 Y66.49 E813.96446
G1 X70.609 Y66.49 E813.98043
G1 X70.609 Y75.29 E814.15604
G0 F9000 X71.009 Y75.69
;TYPE:WALL-OUTER
G1 F799.1 X69.409 Y75.69 E814.18797
G1 X69.409 Y66.09 E814.37955
G1 X71.009 Y66.09 E814.41148
G1 X71.009 Y75.69 E814.60305
G0 F9000 X70.266 Y75.114
;TYPE:SKIN
G1 F799.1 X70.433 Y74.947 E814.60541
G0 F9000 X70.208 Y74.889
G1 F799.1 X70.208 Y74.606 E814.6119
G1 X70.208 Y66.969 E814.78694
G1 X70.107 Y66.788 E814.79169
G0 F9000 X70.231 Y66.69
G1 F1500 E808.29169
G0 F9000 X69.629 Y75.29
G0 X68.544 Y75.29
G0 X54.074 Y75.29
G0 X52.989 Y75.29
G0 X52.809 Y75.29
;TYPE:WALL-INNER
G1 F1500 E814.79169
G1 F799.1 X52.009 Y75.29 E814.80765
G1 X52.009 Y66.49 E814.98327
G1 X52.809 Y66.49 E814.99923
G1 X52.809 Y75.29 E815.17485
G0 F9000 X53.209 Y75.69
;TYPE:WALL-OUTER
G1 F799.1 X51.609 Y75.69 E815.20678
G1 X51.609 Y66.09 E815.39835
G1 X53.209 Y66.09 E815.43028
G1 X53.209 Y75.69 E815.62186
G0 F9000 X52.447 Y75.114
;TYPE:SKIN
G1 F799.1 X52.634 Y74.927 E815.6245
G0 F9000 X52.408 Y74.87
G1 F799.1 X52.408 Y74.587 E815.631
G1 X52.408 Y66.95 E815.80626
G1 X52.297 Y66.778 E815.81096
G0 F9000 X52.412 Y66.69
G1 F1500 E809.31096
;MESH:NONMESH
G0 F300 X52.412 Y66.69 Z4.2
G0 F9000 X52.989 Y66.405
G0 X54.936 Y66.405
;TIME_ELAPSED:2042.969337
;LAYER:34
;TYPE:SUPPORT
G1 F1500 E815.81096
G1 F1045.7 X55.385 Y66.405 E815.81992
G1 X55.959 Y67.195 E815.8394
G1 X55.41 Y67.95 E815.85803
G1 X54.619 Y67.692 E815.87464
G1 X54.619 Y66.77 E815.89304
G1 X54.936 Y66.405 E815.90268
G0 F9000 X55.064 Y68.627
G1 F1045.7 X55.62 Y69.392 E815.92156
G1 X55.064 Y70.157 E815.94043
G1 X54.619 Y70.055 E815.94954
G1 X54.619 Y68.729 E815.976
G1 X55.064 Y68.627 E815.98511
G0 F9000 X54.86 Y70.843
G1 F1045.7 X55.427 Y71.622 E816.00434
G1 X54.86 Y72.401 E816.02357
G1 X54.619 Y72.376 E816.0284
G1 X54.619 Y70.868 E816.0585
G1 X54.86 Y70.843 E816.06333
G0 F9000 X54.619 Y72.952
G1 F1045.7 X55.192 Y73.74 E816.08278
G1 X54.619 Y74.528 E816.10222
G1 X54.619 Y72.952 E816.13367
G1 F1500 E809.63367
G0 F9000 X55.6 Y72.843
G0 X66.822 Y73.498
G0 X67.687 Y73.498
G1 F1500 E816.13367
G1 F1045.7 X67.999 Y73.37 E816.1404
G1 X67.999 Y74.58 E816.16455
G1 X67.687 Y74.452 E816.17128
G1 X67.687 Y73.498 E816.19031
G0 F9000 X67.835 Y72.609
G1 F1045.7 X67.263 Y71.823 E816.20971
G1 X67.835 Y71.037 E816.22911
G1 X67.999 Y71.042 E816.23239
G1 X67.999 Y72.604 E816.26356
G1 X67.835 Y72.609 E816.26683
G0 F9000 X67.486 Y70.404
G1 F1045.7 X66.932 Y69.642 E816.28563
G1 X67.486 Y68.88 E816.30443
G1 X67.999 Y69.015 E816.31502
G1 X67.999 Y70.269 E816.34005
G1 X67.486 Y70.404 E816.35063
G0 F9000 X67.584 Y68.155
G1 F1045.7 X66.698 Y67.866 E816.36923
G1 X66.698 Y66.934 E816.38783
G1 X67.584 Y66.645 E816.40643
G1 X67.999 Y67.216 E816.42051
G1 X67.999 Y67.585 E816.42788
G1 X67.584 Y68.155 E816.44195
G0 F9000 X68.208 Y67.556
;TYPE:SUPPORT-INTERFACE
G1 F1045.7 X68.372 Y67.391 E816.44659
G1 F1500 E809.94659
G0 F9000 X68.572 Y68.223
G0 X66.83 Y70.96
G0 X68.307 Y70.851
G1 F1500 E816.44659
G1 F1045.7 X68.208 Y70.949 E816.44937
G0 F9000 X68.208 Y71.603
G1 F1045.7 X68.409 Y71.803 E816.45503
G0 F9000 X68.409 Y74.143
G1 F1045.7 X68.208 Y74.343 E816.46069
G1 F1500 E809.96069
G0 F9000 X67.766 Y75.42
G0 X55.227 Y75.162
G0 X54.408 Y74.567
G1 F1500 E816.46069
G1 F1045.7 X54.246 Y74.729 E816.46526
G1 X54.364 Y74.729
G1 X54.208 Y74.573 E816.46966
G1 F1500 E809.96966
G0 F9000 X54.208 Y75.395
G0 X55.056 Y75.39
G0 X56.253 Y73.74
G0 X55.6 Y72.843
G0 X54.208 Y71.373
G1 F1500 E816.46966
G1 F1045.7 X54.409 Y71.173 E816.47532
G0 F9000 X54.208 Y71.179
G1 F1045.7 X54.409 Y71.379 E816.48098
G1 F1500 E809.98098
;MESH:HBridgeMount.stl
G0 F9000 X55.773 Y70.64
G0 X69.052 Y76.551
G0 X69.609 Y76.555
G0 X69.637 Y75.462
G0 X70.609 Y75.29
;TYPE:WALL-INNER
G1 F1500 E816.48098
G1 F1045.7 X69.809 Y75.29 E816.49694
G1 X69.809 Y66.49 E816.67256
G1 X70.609 Y66.49 E816.68852
G1 X70.609 Y75.29 E816.86414
G0 F9000 X71.009 Y75.69
;TYPE:WALL-OUTER
G1 F1045.7 X69.409 Y75.69 E816.89607
G1 X69.409 Y66.09 E817.08764
G1 X71.009 Y66.09 E817.11957
G1 X71.009 Y75.69 E817.31115
G0 F9000 X70.144 Y74.952
;TYPE:SKIN
G1 F1045.7 X70.208 Y74.733 E817.31645
G1 X70.208 Y67.096 E817.49396
G1 X70.388 Y66.711 E817.50384
G0 F9000 X70.342 Y66.665
G0 X69.983 Y75.074
G1 F1045.7 X70.022 Y75.113 E817.50439
G0 F9000 X70.022 Y75.09
G1 F1500 E811.00439
G0 F9000 X69.629 Y75.29
G0 X68.551 Y75.735
G0 X54.062 Y75.383
G0 X52.989 Y75.29
G0 X52.809 Y75.29
;TYPE:WALL-INNER
G1 F1500 E817.50439
G1 F1045.7 X52.009 Y75.29 E817.52036
G1 X52.009 Y66.49 E817.69597
G1 X52.809 Y66.49 E817.71194
G1 X52.809 Y75.29 E817.88755
G0 F9000 X53.209 Y75.69
;TYPE:WALL-OUTER
G1 F1045.7 X51.609 Y75.69 E817.91948
G1 X51.609 Y66.09 E818.11106
G1 X53.209 Y66.09 E818.14299
G1 X53.209 Y75.69 E818.33457
G0 F9000 X52.408 Y74.753
;TYPE:SKIN
G1 F1045.7 X52.408 Y74.47 E818.34124
G1 X52.408 Y67.116 E818.51475
G1 X52.578 Y66.72 E818.52492
G0 F9000 X52.634 Y66.776
G0 X52.183 Y74.811
G1 F1045.7 X52.486 Y75.113 E818.52919
G0 F9000 X52.486 Y75.09
G1 F1500 E812.02919
;MESH:NONMESH
G0 F300 X52.486 Y75.09 Z4.32
G0 F9000 X52.989 Y66.395
G0 X54.823 Y66.395
;TIME_ELAPSED:2059.884671
;LAYER:35
;TYPE:SUPPORT
G1 F1500 E818.52919
G1 F1079.3 X55.285 Y66.395 E818.53841
G1 X55.852 Y67.175 E818.55765
G1 X55.31 Y67.92 E818.57604
G1 X54.619 Y67.695 E818.59054
G1 X54.619 Y66.566 E818.61307
G1 X54.823 Y66.395 E818.61838
G0 F9000 X55.025 Y68.696
G1 F1079.3 X55.575 Y69.453 E818.63705
G1 X55.025 Y70.21 E818.65573
G1 X54.619 Y70.123 E818.66401
G1 X54.619 Y68.783 E818.69075
G1 X55.025 Y68.696 E818.69904
G0 F9000 X54.768 Y70.893
G1 F1079.3 X55.333 Y71.67 E818.71821
G1 X54.768 Y72.447 E818.73738
G1 X54.619 Y72.443 E818.74036
G1 X54.619 Y70.897 E818.77121
G1 X54.768 Y70.893 E818.77419
G0 F9000 X54.619 Y73.075
G1 F1079.3 X55.175 Y73.839 E818.79304
G1 X54.619 Y74.603 E818.8119
G1 X54.619 Y73.075 E818.84239
G1 F1500 E812.34239
G0 F9000 X55.526 Y72.863
G0 X66.599 Y72.374
G0 X67.464 Y72.374
G1 F1500 E818.84239
G1 F1079.3 X67.464 Y71.454 E818.86075
G1 X67.999 Y71.279 E818.87198
G1 X67.999 Y72.549 E818.89733
G1 X67.464 Y72.374 E818.90856
G0 F9000 X67.999 Y73.481
G1 F1079.3 X67.999 Y74.667 E818.93223
G1 X67.706 Y74.545 E818.93856
G1 X67.706 Y73.603 E818.95736
G1 X67.999 Y73.481 E818.9637
G1 F1500 E812.4637
G0 F9000 X66.843 Y73.047
G0 X66.607 Y70.833
G0 X67.578 Y70.413
G1 F1500 E818.9637
G1 F1079.3 X67.028 Y69.656 E818.98237
G1 X67.578 Y68.899 E819.00104
G1 X67.999 Y68.992 E819.00965
G1 X67.999 Y70.32 E819.03615
G1 X67.578 Y70.413 E819.04475
G0 F9000 X67.197 Y68.129
G1 F1079.3 X66.655 Y67.384 E819.06314
G1 X67.222 Y66.604 E819.08238
G1 X67.661 Y66.604 E819.09114
G1 X67.999 Y67.016 E819.10178
G1 X67.999 Y67.868 E819.11878
G1 X67.197 Y68.129 E819.13561
G0 F9000 X68.208 Y67.555
;TYPE:SUPPORT-INTERFACE
G1 F1079.3 X68.375 Y67.389 E819.14031
G1 F1500 E812.64031
G0 F9000 X68.571 Y66.391
G0 X68.069 Y65.743
G0 X66.784 Y65.744
G0 X65.594 Y67.384
G0 X65.967 Y69.656
G0 X66.795 Y70.78
G0 X68.208 Y71.603
G1 F1500 E819.14031
G1 F1079.3 X68.409 Y71.803 E819.14597
G0 F9000 X68.409 Y74.143
G1 F1079.3 X68.208 Y74.343 E819.15163
G1 F1500 E812.65163
G0 F9000 X66.841 Y74.343
G0 X55.263 Y75.188
G0 X54.408 Y74.567
G1 F1500 E819.15163
G1 F1079.3 X54.208 Y74.767 E819.15727
G1 X54.208 Y74.573
G1 X54.409 Y74.773 E819.16293
G1 F1500 E812.66293
G0 F9000 X54.409 Y75.484
G0 X55.072 Y75.448
G0 X56.236 Y73.839
G0 X56.394 Y71.67
G0 X55.708 Y70.727
G0 X54.409 Y71.379
G1 F1500 E819.16293
G1 F1079.3 X54.208 Y71.179 E819.16859
G1 X54.208 Y71.373
G1 X54.409 Y71.173 E819.17425
G1 F1500 E812.67425
;MESH:HBridgeMount.stl
G0 F9000 X55.708 Y70.727
G0 X69.052 Y76.551
G0 X69.609 Y76.555
G0 X69.637 Y75.462
G0 X70.609 Y75.29
;TYPE:WALL-INNER
G1 F1500 E819.17425
G1 F1079.3 X69.809 Y75.29 E819.19021
G1 X69.809 Y66.49 E819.36582
G1 X70.609 Y66.49 E819.38179
G1 X70.609 Y75.29 E819.5574
G0 F9000 X71.009 Y75.69
;TYPE:WALL-OUTER
G1 F1079.3 X69.409 Y75.69 E819.58933
G1 X69.409 Y66.09 E819.78091
G1 X71.009 Y66.09 E819.81284
G1 X71.009 Y75.69 E820.00442
G0 F9000 X70.266 Y75.114
;TYPE:SKIN
G1 F1079.3 X70.433 Y74.947 E820.00678
G0 F9000 X70.208 Y74.889
G1 F1079.3 X70.208 Y74.606 E820.01326
G1 X70.208 Y66.969 E820.1883
G1 X70.107 Y66.788 E820.19305
G0 F9000 X70.231 Y66.69
G1 F1500 E813.69305
G0 F9000 X69.629 Y75.29
G0 X68.551 Y75.826
G0 X54.062 Y75.472
G0 X52.989 Y75.29
G0 X52.809 Y75.29
;TYPE:WALL-INNER
G1 F1500 E820.19305
G1 F1079.3 X52.009 Y75.29 E820.20902
G1 X52.009 Y66.49 E820.38463
G1 X52.809 Y66.49 E820.4006
G1 X52.809 Y75.29 E820.57621
G0 F9000 X53.209 Y75.69
;TYPE:WALL-OUTER
G1 F1079.3 X51.609 Y75.69 E820.60814
G1 X51.609 Y66.09 E820.79972
G1 X53.209 Y66.09 E820.83165
G1 X53.209 Y75.69 E821.02323
G0 F9000 X52.447 Y75.114
;TYPE:SKIN
G1 F1079.3 X52.634 Y74.927 E821.02586
G0 F9000 X52.408 Y74.87
G1 F1079.3 X52.408 Y74.587 E821.03236
G1 X52.408 Y66.95 E821.20762
G1 X52.297 Y66.778 E821.21232
G0 F9000 X52.412 Y66.69
G1 F1500 E814.71232
;MESH:NONMESH
G0 F300 X52.412 Y66.69 Z4.44
G0 F9000 X52.989 Y66.485
G0 X55.702 Y66.485
;TIME_ELAPSED:2077.016121
;LAYER:36
;TYPE:SUPPORT-INTERFACE
G1 F1500 E821.21232
G1 F826.6 X54.313 Y67.874 E821.25152
G0 F9000 X54.922 Y68.498
G1 F826.6 X55.627 Y69.203 E821.27142
G0 F9000 X54.787 Y70.794
G1 F826.6 X54.208 Y71.373 E821.28776
G1 X54.208 Y71.179
G1 X55.356 Y72.327 E821.32016
G0 F9000 X55.315 Y73.66
G1 F826.6 X54.208 Y74.767 E821.3514
G1 X54.208 Y74.573
G1 X54.542 Y74.907 E821.36083
G1 F1500 E814.86083
G0 F9000 X54.988 Y75.52
G0 X66.685 Y74.343
G0 X67.341 Y74.129
G1 F1500 E821.36083
G1 F826.6 X68.353 Y75.142 E821.3894
G0 F9000 X67.672 Y74.88
G1 F826.6 X68.409 Y74.143 E821.4102
G0 F9000 X68.409 Y71.803
G1 F826.6 X67.718 Y71.113 E821.42969
G0 F9000 X68.138 Y71.019
G1 F826.6 X67.148 Y72.01 E821.45764
G1 F1500 E814.95764
G0 F9000 X66.503 Y71.802
G0 X66.169 Y69.702
G0 X66.464 Y68.795
G0 X67.428 Y68.336
G1 F1500 E821.45764
G1 F826.6 X68.408 Y67.356 E821.4853
G0 F9000 X68.131 Y68.131
G1 F826.6 X66.743 Y66.743 E821.52447
G1 F1500 E815.02447
;MESH:HBridgeMount.stl
G0 F9000 X66.353 Y66.207
G0 X67.006 Y65.734
G0 X68.066 Y65.734
G0 X68.566 Y66.123
G0 X69.629 Y66.743
G0 X70.609 Y75.29
;TYPE:WALL-INNER
G1 F1500 E821.52447
G1 F826.6 X69.809 Y75.29 E821.54044
G1 X69.809 Y66.49 E821.71605
G1 X70.609 Y66.49 E821.73202
G1 X70.609 Y75.29 E821.90763
G0 F9000 X71.009 Y75.69
;TYPE:WALL-OUTER
G1 F826.6 X69.409 Y75.69 E821.93956
G1 X69.409 Y66.09 E822.13114
G1 X71.009 Y66.09 E822.16307
G1 X71.009 Y75.69 E822.35465
G0 F9000 X70.144 Y74.952
;TYPE:SKIN
G1 F826.6 X70.208 Y74.733 E822.35995
G1 X70.208 Y67.096 E822.53746
G1 X70.388 Y66.711 E822.54734
G0 F9000 X70.342 Y66.665
G0 X69.983 Y75.074
G1 F826.6 X70.022 Y75.113 E822.54789
G0 F9000 X70.022 Y75.09
G1 F1500 E816.04789
G0 F9000 X69.629 Y75.29
G0 X68.556 Y75.796
G0 X54.062 Y75.561
G0 X52.989 Y75.29
G0 X52.809 Y75.29
;TYPE:WALL-INNER
G1 F1500 E822.54789
G1 F826.6 X52.009 Y75.29 E822.56385
G1 X52.009 Y66.49 E822.73946
G1 X52.809 Y66.49 E822.75543
G1 X52.809 Y75.29 E822.93104
G0 F9000 X53.209 Y75.69
;TYPE:WALL-OUTER
G1 F826.6 X51.609 Y75.69 E822.96297
G1 X51.609 Y66.09 E823.15455
G1 X53.209 Y66.09 E823.18648
G1 X53.209 Y75.69 E823.37806
G0 F9000 X52.408 Y74.753
;TYPE:SKIN
G1 F826.6 X52.408 Y74.47 E823.38474
G1 X52.408 Y67.116 E823.55824
G1 X52.578 Y66.72 E823.56841
G0 F9000 X52.634 Y66.776
G0 X52.183 Y74.811
G1 F826.6 X52.486 Y75.113 E823.57268
G0 F9000 X52.486 Y75.09
G1 F1500 E817.07268
;MESH:NONMESH
G0 F300 X52.486 Y75.09 Z4.56
G0 F9000 X52.989 Y66.522
G0 X55.665 Y66.522
;TIME_ELAPSED:2091.901548
;LAYER:37
;TYPE:SUPPORT-INTERFACE
G1 F1500 E823.57268
G1 F820.7 X54.29 Y67.897 E823.61149
G1 X54.398 Y67.974
G1 X54.208 Y67.785 E823.61683
G0 F9000 X55.026 Y68.602
G1 F820.7 X55.517 Y69.093 E823.63069
G0 F9000 X54.698 Y70.883
G1 F820.7 X54.208 Y71.373 E823.64452
G1 X54.208 Y71.179
G1 X55.324 Y72.294 E823.676
G0 F9000 X55.281 Y73.694
G1 F820.7 X54.208 Y74.767 E823.70628
G1 X54.208 Y74.573
G1 X54.631 Y74.996 E823.71822
G1 F1500 E817.21822
G0 F9000 X55.044 Y75.564
G0 X66.746 Y73.962
G0 X67.378 Y74.166
G1 F1500 E823.71822
G1 F820.7 X68.409 Y75.197 E823.74732
G0 F9000 X67.624 Y74.928
G1 F820.7 X68.409 Y74.143 E823.76947
G0 F9000 X68.409 Y71.803
G1 F820.7 X67.797 Y71.191 E823.78675
G0 F9000 X68.042 Y71.115
G1 F820.7 X67.259 Y71.898 E823.80884
G1 F1500 E817.30884
G0 F9000 X66.627 Y71.694
G0 X66.274 Y69.733
G0 X66.6 Y68.731
G0 X67.455 Y68.309
G1 F1500 E823.80884
G1 F820.7 X68.408 Y67.356 E823.83574
G0 F9000 X68.156 Y68.156
G1 F820.7 X66.801 Y66.801 E823.87398
G1 F1500 E817.37398
;MESH:HBridgeMount.stl
G0 F9000 X69.629 Y66.801
G0 X70.609 Y75.29
;TYPE:WALL-INNER
G1 F1500 E823.87398
G1 F820.7 X69.809 Y75.29 E823.88995
G1 X69.809 Y66.49 E824.06556
G1 X70.609 Y66.49 E824.08152
G1 X70.609 Y75.29 E824.25714
G0 F9000 X71.009 Y75.69
;TYPE:WALL-OUTER
G1 F820.7 X69.409 Y75.69 E824.28907
G1 X69.409 Y66.09 E824.48065
G1 X71.009 Y66.09 E824.51257
G1 X71.009 Y75.69 E824.70415
G0 F9000 X70.266 Y75.114
;TYPE:SKIN
G1 F820.7 X70.433 Y74.947 E824.70651
G0 F9000 X70.208 Y74.889
G1 F820.7 X70.208 Y74.606 E824.713
G1 X70.208 Y66.969 E824.88804
G1 X70.107 Y66.788 E824.89279
G0 F9000 X70.231 Y66.69
G1 F1500 E818.39279
G0 F9000 X69.629 Y75.29
G0 X68.556 Y75.885
G0 X54.062 Y75.65
G0 X52.989 Y75.29
G0 X52.809 Y75.29
;TYPE:WALL-INNER
G1 F1500 E824.89279
G1 F820.7 X52.009 Y75.29 E824.90875
G1 X52.009 Y66.49 E825.08437
G1 X52.809 Y66.49 E825.10033
G1 X52.809 Y75.29 E825.27594
G0 F9000 X53.209 Y75.69
;TYPE:WALL-OUTER
G1 F820.7 X51.609 Y75.69 E825.30787
G1 X51.609 Y66.09 E825.49945
G1 X53.209 Y66.09 E825.53138
G1 X53.209 Y75.69 E825.72296
G0 F9000 X52.447 Y75.114
;TYPE:SKIN
G1 F820.7 X52.634 Y74.927 E825.7256
G0 F9000 X52.408 Y74.87
G1 F820.7 X52.408 Y74.587 E825.73209
G1 X52.408 Y66.95 E825.90736
G1 X52.297 Y66.778 E825.91206
G0 F9000 X52.412 Y66.69
G1 F1500 E819.41206
;MESH:NONMESH
G0 F300 X52.412 Y66.69 Z4.68
G0 F9000 X52.989 Y66.583
G0 X55.604 Y66.583
;TIME_ELAPSED:2106.316243
;LAYER:38
;TYPE:SUPPORT-INTERFACE
G1 F1500 E825.91206
G1 F840.9 X54.268 Y67.919 E825.94976
G1 X54.208 Y67.785
G1 X54.488 Y68.065 E825.95766
G1 F1500 E819.45766
G0 F9000 X55.714 Y68.411
G0 X56.243 Y69.539
G0 X55.919 Y70.535
G0 X55.553 Y70.784
G0 X54.601 Y70.98
G1 F1500 E825.95766
G1 F840.9 X54.208 Y71.373 E825.96875
G1 X54.208 Y71.179
G1 X55.302 Y72.273 E825.99963
G0 F9000 X55.248 Y73.727
G1 F840.9 X54.208 Y74.767 E826.02898
G1 X54.208 Y74.573
G1 X54.708 Y75.073 E826.04309
G1 F1500 E819.54309
G0 F9000 X55.1 Y75.612
G0 X66.78 Y73.996
G0 X67.412 Y74.2
G1 F1500 E826.04309
G1 F840.9 X68.409 Y75.197 E826.07123
G0 F9000 X67.575 Y74.977
G1 F840.9 X68.409 Y74.143 E826.09477
G0 F9000 X68.409 Y71.803
G1 F840.9 X67.875 Y71.269 E826.10984
G1 X67.931 Y71.227
G1 X67.401 Y71.757 E826.12479
G1 F1500 E819.62479
G0 F9000 X67.082 Y71.045
G0 X66.694 Y70.78
G0 X66.37 Y69.784
G0 X66.694 Y68.788
G0 X67.481 Y68.283
G1 F1500 E826.12479
G1 F840.9 X68.408 Y67.356 E826.15096
G0 F9000 X68.181 Y68.181
G1 F840.9 X66.878 Y66.878 E826.18773
G1 F1500 E819.68773
;MESH:HBridgeMount.stl
G0 F9000 X69.629 Y66.878
G0 X70.609 Y75.29
;TYPE:WALL-INNER
G1 F1500 E826.18773
G1 F840.9 X69.809 Y75.29 E826.20369
G1 X69.809 Y66.49 E826.37931
G1 X70.609 Y66.49 E826.39527
G1 X70.609 Y75.29 E826.57089
G0 F9000 X71.009 Y75.69
;TYPE:WALL-OUTER
G1 F840.9 X69.409 Y75.69 E826.60282
G1 X69.409 Y66.09 E826.79439
G1 X71.009 Y66.09 E826.82632
G1 X71.009 Y75.69 E827.0179
G0 F9000 X70.144 Y74.952
;TYPE:SKIN
G1 F840.9 X70.208 Y74.733 E827.02321
G1 X70.208 Y67.096 E827.20071
G1 X70.388 Y66.711 E827.21059
G0 F9000 X70.342 Y66.665
G0 X69.983 Y75.074
G1 F840.9 X70.022 Y75.113 E827.21114
G0 F9000 X70.022 Y75.09
G1 F1500 E820.71114
G0 F9000 X69.629 Y75.29
G0 X68.556 Y75.975
G0 X54.062 Y75.741
G0 X52.989 Y75.29
G0 X52.809 Y75.29
;TYPE:WALL-INNER
G1 F1500 E827.21114
G1 F840.9 X52.009 Y75.29 E827.22711
G1 X52.009 Y66.49 E827.40272
G1 X52.809 Y66.49 E827.41869
G1 X52.809 Y75.29 E827.5943
G0 F9000 X53.209 Y75.69
;TYPE:WALL-OUTER
G1 F840.9 X51.609 Y75.69 E827.62623
G1 X51.609 Y66.09 E827.81781
G1 X53.209 Y66.09 E827.84974
G1 X53.209 Y75.69 E828.04132
G0 F9000 X52.408 Y74.753
;TYPE:SKIN
G1 F840.9 X52.408 Y74.47 E828.04799
G1 X52.408 Y67.116 E828.2215
G1 X52.578 Y66.72 E828.23167
G0 F9000 X52.634 Y66.776
G0 X52.183 Y74.811
G1 F840.9 X52.486 Y75.113 E828.23594
G0 F9000 X52.486 Y75.09
G1 F1500 E821.73594
;MESH:NONMESH
G0 F300 X52.486 Y75.09 Z4.8
G0 F9000 X52.989 Y66.743
G0 X55.444 Y66.743
;TIME_ELAPSED:2121.509658
;LAYER:39
;TYPE:SUPPORT-INTERFACE
G1 F1500 E828.23594
G1 F819.1 X54.329 Y67.858 E828.26741
G1 F1500 E821.76741
G0 F9000 X55.449 Y68.501
G0 X55.726 Y68.694
G0 X56.089 Y69.626
G0 X55.839 Y70.603
G0 X55.35 Y70.924
G0 X54.438 Y71.143
G1 F1500 E828.26741
G1 F819.1 X54.209 Y71.372 E828.27387
G1 X54.208 Y71.179
G1 X55.256 Y72.227 E828.30345
G0 F9000 X55.13 Y73.845
G1 F819.1 X54.208 Y74.767 E828.32947
G1 X54.208 Y74.573
G1 X54.759 Y75.124 E828.34502
G1 F1500 E821.84502
G0 F9000 X55.138 Y75.671
G0 X66.823 Y74.091
G0 X67.466 Y74.254
G1 F1500 E828.34502
G1 F819.1 X68.409 Y75.197 E828.37163
G0 F9000 X67.633 Y74.919
G1 F819.1 X68.409 Y74.143 E828.39353
G0 F9000 X68.409 Y71.803
G1 F819.1 X67.95 Y71.344 E828.40648
G1 F1500 E821.90648
G0 F9000 X67.319 Y70.995
G0 X66.906 Y70.699
G0 X66.543 Y69.767
G0 X66.793 Y68.79
G0 X67.093 Y68.6
G0 X68.205 Y68.205
G1 F1500 E828.40648
G1 F819.1 X66.97 Y66.97 E828.44134
G0 F9000 X67.596 Y68.167
G1 F819.1 X68.408 Y67.356 E828.46424
G1 F1500 E821.96424
;MESH:HBridgeMount.stl
G0 F9000 X69.629 Y67.356
G0 X70.609 Y75.29
;TYPE:WALL-INNER
G1 F1500 E828.46424
G1 F819.1 X69.809 Y75.29 E828.48021
G1 X69.809 Y66.49 E828.65582
G1 X70.609 Y66.49 E828.67178
G1 X70.609 Y75.29 E828.8474
G0 F9000 X71.009 Y75.69
;TYPE:WALL-OUTER
G1 F819.1 X69.409 Y75.69 E828.87933
G1 X69.409 Y66.09 E829.07091
G1 X71.009 Y66.09 E829.10284
G1 X71.009 Y75.69 E829.29441
G0 F9000 X70.266 Y75.114
;TYPE:SKIN
G1 F819.1 X70.433 Y74.947 E829.29677
G0 F9000 X70.208 Y74.889
G1 F819.1 X70.208 Y74.606 E829.30326
G1 X70.208 Y66.969 E829.4783
G1 X70.107 Y66.788 E829.48305
G0 F9000 X70.231 Y66.69
G1 F1500 E822.98305
G0 F9000 X69.629 Y75.29
G0 X68.555 Y76.021
G0 X54.918 Y75.821
G0 X54.061 Y75.745
G0 X52.989 Y75.29
G0 X52.809 Y75.29
;TYPE:WALL-INNER
G1 F1500 E829.48305
G1 F819.1 X52.009 Y75.29 E829.49901
G1 X52.009 Y66.49 E829.67463
G1 X52.809 Y66.49 E829.69059
G1 X52.809 Y75.29 E829.86621
G0 F9000 X53.209 Y75.69
;TYPE:WALL-OUTER
G1 F819.1 X51.609 Y75.69 E829.89813
G1 X51.609 Y66.09 E830.08971
G1 X53.209 Y66.09 E830.12164
G1 X53.209 Y75.69 E830.31322
G0 F9000 X52.447 Y75.114
;TYPE:SKIN
G1 F819.1 X52.634 Y74.927 E830.31586
G0 F9000 X52.408 Y74.87
G1 F819.1 X52.408 Y74.587 E830.32235
G1 X52.408 Y66.95 E830.49762
G1 X52.297 Y66.778 E830.50232
G0 F9000 X52.412 Y66.69
G1 F1500 E824.00232
;MESH:NONMESH
G0 F300 X52.412 Y66.69 Z4.92
G0 F9000 X52.989 Y66.893
G0 X55.294 Y66.893
;TIME_ELAPSED:2136.207220
;LAYER:40
;TYPE:SUPPORT-INTERFACE
G1 F1500 E830.50232
G1 F806.9 X54.389 Y67.798 E830.52786
G1 F1500 E824.02786
G0 F9000 X55.255 Y68.53
G0 X55.532 Y68.731
G0 X55.931 Y69.592
G0 X55.762 Y70.561
G0 X55.069 Y70.989
G0 X54.274 Y71.307
G1 F1500 E830.52786
G1 F806.9 X54.208 Y71.373 E830.52972
G1 X54.349 Y71.32
G1 X55.126 Y72.097 E830.55165
G0 F9000 X55.007 Y73.968
G1 F806.9 X54.209 Y74.766 E830.57417
G1 X54.209 Y74.574
G1 X54.812 Y75.176 E830.59117
G1 F1500 E824.09117
G0 F9000 X55.172 Y75.737
G0 X66.867 Y74.197
G0 X67.521 Y74.309
G1 F1500 E830.59117
G1 F806.9 X68.409 Y75.197 E830.61623
G0 F9000 X67.698 Y74.854
G1 F806.9 X68.409 Y74.143 E830.6363
G0 F9000 X68.409 Y71.803
G1 F806.9 X68.133 Y71.527 E830.64409
G1 F1500 E824.14409
G0 F9000 X67.588 Y70.923
G0 X67.103 Y70.556
G0 X66.704 Y69.695
G0 X66.873 Y68.726
G0 X67.273 Y68.486
G0 X68.127 Y68.127
G1 F1500 E830.64409
G1 F806.9 X67.081 Y67.081 E830.67361
G0 F9000 X67.737 Y68.027
G1 F806.9 X68.408 Y67.356 E830.69255
G1 F1500 E824.19255
;MESH:HBridgeMount.stl
G0 F9000 X69.629 Y67.356
G0 X70.609 Y75.29
;TYPE:WALL-INNER
G1 F1500 E830.69255
G1 F806.9 X69.809 Y75.29 E830.70851
G1 X69.809 Y66.49 E830.88413
G1 X70.609 Y66.49 E830.90009
G1 X70.609 Y75.29 E831.0757
G0 F9000 X71.009 Y75.69
;TYPE:WALL-OUTER
G1 F806.9 X69.409 Y75.69 E831.10763
G1 X69.409 Y66.09 E831.29921
G1 X71.009 Y66.09 E831.33114
G1 X71.009 Y75.69 E831.52272
G0 F9000 X70.144 Y74.952
;TYPE:SKIN
G1 F806.9 X70.208 Y74.733 E831.52802
G1 X70.208 Y67.096 E831.70553
G1 X70.388 Y66.711 E831.71541
G0 F9000 X70.342 Y66.665
G0 X69.983 Y75.074
G1 F806.9 X70.022 Y75.113 E831.71596
G0 F9000 X70.022 Y75.09
G1 F1500 E825.21596
G0 F9000 X69.629 Y75.29
G0 X68.573 Y76.074
G0 X54.925 Y75.893
G0 X54.059 Y75.739
G0 X52.989 Y75.29
G0 X52.809 Y75.29
;TYPE:WALL-INNER
G1 F1500 E831.71596
G1 F806.9 X52.009 Y75.29 E831.73193
G1 X52.009 Y66.49 E831.90754
G1 X52.809 Y66.49 E831.9235
G1 X52.809 Y75.29 E832.09912
G0 F9000 X53.209 Y75.69
;TYPE:WALL-OUTER
G1 F806.9 X51.609 Y75.69 E832.13105
G1 X51.609 Y66.09 E832.32263
G1 X53.209 Y66.09 E832.35456
G1 X53.209 Y75.69 E832.54613
G0 F9000 X52.408 Y74.753
;TYPE:SKIN
G1 F806.9 X52.408 Y74.47 E832.55281
G1 X52.408 Y67.116 E832.72632
G1 X52.578 Y66.72 E832.73649
G0 F9000 X52.634 Y66.776
G0 X52.183 Y74.811
G1 F806.9 X52.486 Y75.113 E832.74076
G0 F9000 X52.486 Y75.09
G1 F1500 E826.24076
;MESH:NONMESH
G0 F300 X52.486 Y75.09 Z5.04
G0 F9000 X52.989 Y67.037
G0 X55.15 Y67.037
;TIME_ELAPSED:2151.283584
;LAYER:41
;TYPE:SUPPORT-INTERFACE
G1 F1500 E832.74076
G1 F780.4 X54.445 Y67.742 E832.76065
G1 F1500 E826.26065
G0 F9000 X55.118 Y68.51
G0 X55.399 Y68.724
G0 X55.828 Y69.508
G0 X55.784 Y72.274
G0 X55.716 Y73.241
G0 X55.182 Y73.533
G0 X54.865 Y74.111
G1 F1500 E832.76065
G1 F780.4 X54.208 Y74.767 E832.77918
G1 X54.208 Y74.573
G1 X54.865 Y75.229 E832.79771
G1 F1500 E826.29771
G0 F9000 X55.197 Y75.807
G0 X66.917 Y74.324
G0 X67.579 Y74.367
G1 F1500 E832.79771
G1 F780.4 X68.409 Y75.197 E832.82113
G0 F9000 X67.757 Y74.794
G1 F780.4 X68.409 Y74.143 E832.83952
G1 F1500 E826.33952
G0 F9000 X67.491 Y73.355
G0 X67.247 Y73.171
G0 X66.818 Y72.387
G0 X66.849 Y69.604
G0 X66.917 Y68.637
G0 X67.433 Y68.355
G0 X67.911 Y67.911
G1 F1500 E832.83952
G1 F780.4 X67.431 Y67.431 E832.85307
G0 F9000 X67.879 Y67.885
G1 F780.4 X68.408 Y67.356 E832.868
G1 F1500 E826.368
;MESH:HBridgeMount.stl
G0 F9000 X69.629 Y67.356
G0 X70.609 Y75.29
;TYPE:WALL-INNER
G1 F1500 E832.868
G1 F780.4 X69.809 Y75.29 E832.88396
G1 X69.809 Y66.49 E833.05957
G1 X70.609 Y66.49 E833.07554
G1 X70.609 Y75.29 E833.25115
G0 F9000 X71.009 Y75.69
;TYPE:WALL-OUTER
G1 F780.4 X69.409 Y75.69 E833.28308
G1 X69.409 Y66.09 E833.47466
G1 X71.009 Y66.09 E833.50659
G1 X71.009 Y75.69 E833.69817
G0 F9000 X70.266 Y75.114
;TYPE:SKIN
G1 F780.4 X70.433 Y74.947 E833.70053
G0 F9000 X70.208 Y74.889
G1 F780.4 X70.208 Y74.606 E833.70701
G1 X70.208 Y66.969 E833.88205
G1 X70.107 Y66.788 E833.8868
G0 F9000 X70.231 Y66.69
G1 F1500 E827.3868
G0 F9000 X69.629 Y75.29
G0 X68.622 Y76.124
G0 X54.923 Y75.961
G0 X54.049 Y75.714
G0 X52.989 Y75.29
G0 X52.809 Y75.29
;TYPE:WALL-INNER
G1 F1500 E833.8868
G1 F780.4 X52.009 Y75.29 E833.90277
G1 X52.009 Y66.49 E834.07838
G1 X52.809 Y66.49 E834.09435
G1 X52.809 Y75.29 E834.26996
G0 F9000 X53.209 Y75.69
;TYPE:WALL-OUTER
G1 F780.4 X51.609 Y75.69 E834.30189
G1 X51.609 Y66.09 E834.49347
G1 X53.209 Y66.09 E834.5254
G1 X53.209 Y75.69 E834.71698
G0 F9000 X52.447 Y75.114
;TYPE:SKIN
G1 F780.4 X52.634 Y74.927 E834.71961
G0 F9000 X52.408 Y74.87
G1 F780.4 X52.408 Y74.587 E834.72611
G1 X52.408 Y66.95 E834.90137
G1 X52.297 Y66.778 E834.90607
G0 F9000 X52.412 Y66.69
G1 F1500 E828.40607
;MESH:NONMESH
G0 F300 X52.412 Y66.69 Z5.16
G0 F9000 X52.989 Y67.172
G0 X55.015 Y67.172
;TIME_ELAPSED:2165.805605
;LAYER:42
;TYPE:SUPPORT-INTERFACE
G1 F1500 E834.90607
G1 F770.8 X54.517 Y67.67 E834.92013
G1 F1500 E828.42013
G0 F9000 X54.992 Y68.469
G0 X55.299 Y68.714
G0 X55.741 Y69.414
G0 X55.805 Y70.398
G0 X55.73 Y73.36
G0 X55.034 Y73.677
G0 X54.718 Y74.258
G1 F1500 E834.92013
G1 F770.8 X54.209 Y74.766 E834.93448
G1 X54.208 Y74.573
G1 X54.92 Y75.284 E834.95456
G1 F1500 E828.45456
G0 F9000 X55.804 Y75.222
G0 X66.983 Y74.478
G0 X67.644 Y74.432
G1 F1500 E834.95456
G1 F770.8 X68.409 Y75.197 E834.97615
G0 F9000 X67.81 Y74.741
G1 F770.8 X68.356 Y74.196 E834.99154
G1 F1500 E828.49154
G0 F9000 X67.618 Y73.408
G0 X67.328 Y73.178
G0 X66.886 Y72.478
G0 X66.822 Y71.494
G0 X66.926 Y68.526
G0 X67.592 Y68.223
G0 X68.022 Y67.742
G1 F1500 E834.99154
G1 F770.8 X68.408 Y67.356 E835.00244
G1 F1500 E828.50244
;MESH:HBridgeMount.stl
G0 F9000 X69.629 Y67.356
G0 X70.609 Y75.29
;TYPE:WALL-INNER
G1 F1500 E835.00244
G1 F770.8 X69.809 Y75.29 E835.0184
G1 X69.809 Y66.49 E835.19401
G1 X70.609 Y66.49 E835.20998
G1 X70.609 Y75.29 E835.38559
G0 F9000 X71.009 Y75.69
;TYPE:WALL-OUTER
G1 F770.8 X69.409 Y75.69 E835.41752
G1 X69.409 Y66.09 E835.6091
G1 X71.009 Y66.09 E835.64103
G1 X71.009 Y75.69 E835.83261
G0 F9000 X70.144 Y74.952
;TYPE:SKIN
G1 F770.8 X70.208 Y74.733 E835.83791
G1 X70.208 Y67.096 E836.01542
G1 X70.388 Y66.711 E836.0253
G0 F9000 X70.342 Y66.665
G0 X69.983 Y75.074
G1 F770.8 X70.022 Y75.113 E836.02585
G0 F9000 X70.022 Y75.09
G1 F1500 E829.52585
G0 F9000 X69.629 Y75.29
G0 X68.563 Y76.004
G0 X68.297 Y76.138
G0 X54.904 Y76.025
G0 X54.122 Y75.685
G0 X52.989 Y75.29
G0 X52.809 Y75.29
;TYPE:WALL-INNER
G1 F1500 E836.02585
G1 F770.8 X52.009 Y75.29 E836.04181
G1 X52.009 Y66.49 E836.21743
G1 X52.809 Y66.49 E836.23339
G1 X52.809 Y75.29 E836.40901
G0 F9000 X53.209 Y75.69
;TYPE:WALL-OUTER
G1 F770.8 X51.609 Y75.69 E836.44094
G1 X51.609 Y66.09 E836.63251
G1 X53.209 Y66.09 E836.66444
G1 X53.209 Y75.69 E836.85602
G0 F9000 X52.408 Y74.753
;TYPE:SKIN
G1 F770.8 X52.408 Y74.47 E836.8627
G1 X52.408 Y67.116 E837.03621
G1 X52.578 Y66.72 E837.04638
G0 F9000 X52.634 Y66.776
G0 X52.183 Y74.811
G1 F770.8 X52.486 Y75.113 E837.05064
G0 F9000 X52.486 Y75.09
G1 F1500 E830.55064
;MESH:NONMESH
G0 F300 X52.486 Y75.09 Z5.28
G0 F9000 X52.989 Y67.3
G0 X54.887 Y67.3
;TIME_ELAPSED:2180.622648
;LAYER:43
;TYPE:SUPPORT-INTERFACE
G1 F1500 E837.05064
G1 F762 X54.574 Y67.613 E837.05948
G1 F1500 E830.55948
G0 F9000 X54.861 Y68.41
G0 X55.212 Y68.706
G0 X55.657 Y69.31
G0 X55.915 Y70.352
G0 X55.79 Y73.507
G0 X54.856 Y73.79
G0 X54.573 Y74.403
G1 F1500 E837.05948
G1 F762 X54.208 Y74.767 E837.06976
G1 X54.208 Y74.573
G1 X54.978 Y75.343 E837.0915
G1 F1500 E830.5915
G0 F9000 X55.771 Y75.137
G0 X67.08 Y74.677
G0 X67.722 Y74.51
G1 F1500 E837.0915
G1 F762 X68.409 Y75.197 E837.11088
G0 F9000 X67.856 Y74.695
G1 F762 X68.212 Y74.34 E837.12092
G1 F1500 E830.62092
G0 F9000 X67.769 Y73.49
G0 X67.406 Y73.183
G0 X66.961 Y72.579
G0 X66.703 Y71.537
G0 X66.874 Y68.382
G0 X67.774 Y68.11
G0 X68.167 Y67.597
G1 F1500 E837.12092
G1 F762 X68.408 Y67.356 E837.12772
G1 F1500 E830.62772
;MESH:HBridgeMount.stl
G0 F9000 X69.629 Y67.356
G0 X70.609 Y75.29
;TYPE:WALL-INNER
G1 F1500 E837.12772
G1 F762 X69.809 Y75.29 E837.14368
G1 X69.809 Y66.49 E837.3193
G1 X70.609 Y66.49 E837.33526
G1 X70.609 Y75.29 E837.51088
G0 F9000 X71.009 Y75.69
;TYPE:WALL-OUTER
G1 F762 X69.409 Y75.69 E837.5428
G1 X69.409 Y66.09 E837.73438
G1 X71.009 Y66.09 E837.76631
G1 X71.009 Y75.69 E837.95789
G0 F9000 X70.266 Y75.114
;TYPE:SKIN
G1 F762 X70.433 Y74.947 E837.96025
G0 F9000 X70.208 Y74.889
G1 F762 X70.208 Y74.606 E837.96673
G1 X70.208 Y66.969 E838.14178
G1 X70.107 Y66.788 E838.14653
G0 F9000 X70.231 Y66.69
G1 F1500 E831.64653
G0 F9000 X69.629 Y75.29
G0 X68.563 Y75.928
G0 X68.283 Y76.064
G0 X54.862 Y76.074
G0 X54.278 Y75.764
G0 X54.049 Y75.576
G0 X52.989 Y75.29
G0 X52.809 Y75.29
;TYPE:WALL-INNER
G1 F1500 E838.14653
G1 F762 X52.009 Y75.29 E838.16249
G1 X52.009 Y66.49 E838.3381
G1 X52.809 Y66.49 E838.35407
G1 X52.809 Y75.29 E838.52968
G0 F9000 X53.209 Y75.69
;TYPE:WALL-OUTER
G1 F762 X51.609 Y75.69 E838.56161
G1 X51.609 Y66.09 E838.75319
G1 X53.209 Y66.09 E838.78512
G1 X53.209 Y75.69 E838.9767
G0 F9000 X52.447 Y75.114
;TYPE:SKIN
G1 F762 X52.634 Y74.927 E838.97934
G0 F9000 X52.408 Y74.87
G1 F762 X52.408 Y74.587 E838.98583
G1 X52.408 Y66.95 E839.1611
G1 X52.297 Y66.778 E839.16579
G0 F9000 X52.412 Y66.69
G1 F1500 E832.66579
;MESH:NONMESH
G0 F300 X52.412 Y66.69 Z5.4
G0 F9000 X52.989 Y75.29
G0 X54.049 Y75.576
G0 X54.862 Y76.074
G0 X68.283 Y76.064
G0 X68.563 Y75.928
G0 X69.629 Y75.29
G0 X70.609 Y75.29
;TIME_ELAPSED:2195.647362
;LAYER:44
;TYPE:WALL-INNER
;MESH:HBridgeMount.stl
G1 F1500 E839.16579
G1 F641.5 X69.809 Y75.29 E839.18176
G1 X69.809 Y66.49 E839.35737
G1 X70.609 Y66.49 E839.37334
G1 X70.609 Y75.29 E839.54895
G0 F9000 X71.009 Y75.69
;TYPE:WALL-OUTER
G1 F641.5 X69.409 Y75.69 E839.58088
G1 X69.409 Y66.09 E839.77246
G1 X71.009 Y66.09 E839.80439
G1 X71.009 Y75.69 E839.99597
G0 F9000 X70.144 Y74.952
;TYPE:SKIN
G1 F641.5 X70.208 Y74.733 E840.00127
G1 X70.208 Y67.096 E840.17878
G1 X70.388 Y66.711 E840.18866
G0 F9000 X70.342 Y66.665
G0 X69.983 Y75.074
G1 F641.5 X70.022 Y75.113 E840.18921
G0 F9000 X70.022 Y75.09
G1 F1500 E833.68921
G0 F9000 X69.629 Y75.29
G0 X68.544 Y75.29
G0 X54.074 Y75.29
G0 X52.989 Y75.29
G0 X52.809 Y75.29
;TYPE:WALL-INNER
G1 F1500 E840.18921
G1 F641.5 X52.009 Y75.29 E840.20517
G1 X52.009 Y66.49 E840.38079
G1 X52.809 Y66.49 E840.39675
G1 X52.809 Y75.29 E840.57236
G0 F9000 X53.209 Y75.69
;TYPE:WALL-OUTER
G1 F641.5 X51.609 Y75.69 E840.60429
G1 X51.609 Y66.09 E840.79587
G1 X53.209 Y66.09 E840.8278
G1 X53.209 Y75.69 E841.01938
G0 F9000 X52.408 Y74.753
;TYPE:SKIN
G1 F641.5 X52.408 Y74.47 E841.02606
G1 X52.408 Y67.116 E841.19957
G1 X52.578 Y66.72 E841.20973
G0 F9000 X52.634 Y66.776
G0 X52.183 Y74.811
G1 F641.5 X52.486 Y75.113 E841.214
G0 F9000 X52.486 Y75.09
G1 F1500 E834.714
;MESH:NONMESH
G0 F300 X52.486 Y75.09 Z5.52
G0 F9000 X52.989 Y75.29
G0 X54.074 Y75.29
G0 X68.544 Y75.29
G0 X69.629 Y75.29
G0 X70.609 Y75.29
;TIME_ELAPSED:2207.845027
;LAYER:45
;TYPE:WALL-INNER
;MESH:HBridgeMount.stl
G1 F1500 E841.214
G1 F636.4 X69.809 Y75.29 E841.22997
G1 X69.809 Y66.49 E841.40558
G1 X70.609 Y66.49 E841.42155
G1 X70.609 Y75.29 E841.59716
G0 F9000 X71.009 Y75.69
;TYPE:WALL-OUTER
G1 F636.4 X69.409 Y75.69 E841.62909
G1 X69.409 Y66.09 E841.82067
G1 X71.009 Y66.09 E841.8526
G1 X71.009 Y75.69 E842.04417
G0 F9000 X70.266 Y75.114
;TYPE:SKIN
G1 F636.4 X70.433 Y74.947 E842.04653
G0 F9000 X70.208 Y74.889
G1 F636.4 X70.208 Y74.606 E842.05302
G1 X70.208 Y66.969 E842.22806
G1 X70.107 Y66.788 E842.23281
G0 F9000 X70.231 Y66.69
G1 F1500 E835.73281
G0 F9000 X69.629 Y75.29
G0 X68.544 Y75.29
G0 X54.074 Y75.29
G0 X52.989 Y75.29
G0 X52.809 Y75.29
;TYPE:WALL-INNER
G1 F1500 E842.23281
G1 F636.4 X52.009 Y75.29 E842.24877
G1 X52.009 Y66.49 E842.42439
G1 X52.809 Y66.49 E842.44035
G1 X52.809 Y75.29 E842.61597
G0 F9000 X53.209 Y75.69
;TYPE:WALL-OUTER
G1 F636.4 X51.609 Y75.69 E842.6479
G1 X51.609 Y66.09 E842.83947
G1 X53.209 Y66.09 E842.8714
G1 X53.209 Y75.69 E843.06298
G0 F9000 X52.447 Y75.114
;TYPE:SKIN
G1 F636.4 X52.634 Y74.927 E843.06562
G0 F9000 X52.408 Y74.87
G1 F636.4 X52.408 Y74.587 E843.07212
G1 X52.408 Y66.95 E843.24738
G1 X52.297 Y66.778 E843.25208
G0 F9000 X52.412 Y66.69
G1 F1500 E836.75208
;MESH:NONMESH
G0 F300 X52.412 Y66.69 Z5.64
G0 F9000 X52.989 Y75.29
G0 X54.074 Y75.29
G0 X68.544 Y75.29
G0 X69.629 Y75.29
G0 X70.609 Y75.29
;TIME_ELAPSED:2220.141089
;LAYER:46
;TYPE:WALL-INNER
;MESH:HBridgeMount.stl
G1 F1500 E843.25208
G1 F641.5 X69.809 Y75.29 E843.26804
G1 X69.809 Y66.49 E843.44366
G1 X70.609 Y66.49 E843.45962
G1 X70.609 Y75.29 E843.63523
G0 F9000 X71.009 Y75.69
;TYPE:WALL-OUTER
G1 F641.5 X69.409 Y75.69 E843.66716
G1 X69.409 Y66.09 E843.85874
G1 X71.009 Y66.09 E843.89067
G1 X71.009 Y75.69 E844.08225
G0 F9000 X70.144 Y74.952
;TYPE:SKIN
G1 F641.5 X70.208 Y74.733 E844.08755
G1 X70.208 Y67.096 E844.26506
G1 X70.388 Y66.711 E844.27494
G0 F9000 X70.342 Y66.665
G0 X69.983 Y75.074
G1 F641.5 X70.022 Y75.113 E844.27549
G0 F9000 X70.022 Y75.09
G1 F1500 E837.77549
G0 F9000 X69.629 Y75.29
G0 X68.544 Y75.29
G0 X54.074 Y75.29
G0 X52.989 Y75.29
G0 X52.809 Y75.29
;TYPE:WALL-INNER
G1 F1500 E844.27549
G1 F641.5 X52.009 Y75.29 E844.29146
G1 X52.009 Y66.49 E844.46707
G1 X52.809 Y66.49 E844.48303
G1 X52.809 Y75.29 E844.65865
G0 F9000 X53.209 Y75.69
;TYPE:WALL-OUTER
G1 F641.5 X51.609 Y75.69 E844.69058
G1 X51.609 Y66.09 E844.88216
G1 X53.209 Y66.09 E844.91408
G1 X53.209 Y75.69 E845.10566
G0 F9000 X52.408 Y74.753
;TYPE:SKIN
G1 F641.5 X52.408 Y74.47 E845.11234
G1 X52.408 Y67.116 E845.28585
G1 X52.578 Y66.72 E845.29602
G0 F9000 X52.634 Y66.776
G0 X52.183 Y74.811
G1 F641.5 X52.486 Y75.113 E845.30029
G0 F9000 X52.486 Y75.09
G1 F1500 E838.80029
;MESH:NONMESH
G0 F300 X52.486 Y75.09 Z5.76
G0 F9000 X52.989 Y74.89
G0 X54.074 Y74.89
G0 X68.544 Y74.89
G0 X69.629 Y74.89
G0 X70.209 Y74.89
;TIME_ELAPSED:2232.334536
;LAYER:47
;TYPE:WALL-INNER
;MESH:HBridgeMount.stl
G1 F1500 E845.30029
G1 F842.8 X69.221 Y74.89 E845.32
G1 X69.221 Y66.89 E845.47965
G1 X70.209 Y66.89 E845.49937
G1 X70.209 Y74.89 E845.65902
G0 F9000 X70.609 Y75.29
G1 F842.8 X68.821 Y75.29 E845.6947
G1 X68.821 Y66.49 E845.87031
G1 X70.609 Y66.49 E845.90599
G1 X70.609 Y75.29 E846.08161
G0 F9000 X71.009 Y75.69
;TYPE:WALL-OUTER
G1 F842.8 X68.421 Y75.69 E846.13325
G1 X68.421 Y66.09 E846.32483
G1 X71.009 Y66.09 E846.37648
G1 X71.009 Y75.69 E846.56806
G0 F9000 X70.739 Y75.42
G0 X70.129 Y73.95
;TYPE:FILL
G1 F1685.6 X69.3 Y73.121 E846.59145
G1 X69.3 Y72.963
G1 X70.128 Y72.742 E846.60855
G0 F9000 X69.3 Y67.994
G1 F1685.6 X70.128 Y67.772 E846.62566
G0 F9000 X70.128 Y67.161
G1 F1685.6 X69.937 Y66.97 E846.63105
G1 F1500 E840.13105
G0 F9000 X68.641 Y74.89
G0 X67.556 Y74.89
G0 X55.062 Y74.89
G0 X53.997 Y74.891
G0 X53.398 Y74.89
;TYPE:WALL-INNER
G1 F1500 E846.63105
G1 F842.8 X52.409 Y74.89 E846.65079
G1 X52.409 Y66.89 E846.81044
G1 X53.397 Y66.89 E846.83015
G1 X53.398 Y74.89 E846.9898
G0 F9000 X53.798 Y75.29
G1 F842.8 X52.009 Y75.29 E847.0255
G1 X52.009 Y66.49 E847.20112
G1 X53.797 Y66.49 E847.2368
G1 X53.798 Y75.29 E847.41241
G0 F9000 X54.198 Y75.69
;TYPE:WALL-OUTER
G1 F842.8 X51.609 Y75.69 E847.46408
G1 X51.609 Y66.09 E847.65566
G1 X54.197 Y66.09 E847.7073
G1 X54.198 Y75.69 E847.89888
G0 F9000 X53.928 Y75.42
G0 X53.316 Y72.277
;TYPE:FILL
G1 F1685.6 X52.489 Y72.499 E847.91597
G0 F9000 X53.317 Y70.714
G1 F1685.6 X52.488 Y69.886 E847.93935
G0 F9000 X52.488 Y69.526
G1 F1685.6 X53.174 Y66.968 E847.9922
G0 F9000 X53.316 Y67.308
G1 F1685.6 X52.489 Y67.529 E848.00929
G1 F1500 E841.50929
;MESH:NONMESH
G0 F300 X52.489 Y67.529 Z5.88
G0 F9000 X53.997 Y74.891
G0 X55.062 Y74.89
G0 X67.556 Y74.891
G0 X68.641 Y74.891
G0 X70.209 Y74.89
;TIME_ELAPSED:2245.379417
;LAYER:48
;TYPE:WALL-INNER
;MESH:HBridgeMount.stl
G1 F1500 E848.00929
G1 F840.8 X69.234 Y74.89 E848.02874
G1 X69.234 Y66.89 E848.18839
G1 X70.209 Y66.89 E848.20785
G1 X70.209 Y74.89 E848.3675
G0 F9000 X70.609 Y75.29
G1 F840.8 X68.834 Y75.29 E848.40292
G1 X68.834 Y66.49 E848.57853
G1 X70.609 Y66.49 E848.61395
G1 X70.609 Y75.29 E848.78957
G0 F9000 X71.009 Y75.69
;TYPE:WALL-OUTER
G1 F840.8 X68.434 Y75.69 E848.84095
G1 X68.434 Y66.09 E849.03253
G1 X71.009 Y66.09 E849.08392
G1 X71.009 Y75.69 E849.2755
G0 F9000 X70.739 Y75.42
G0 X70.129 Y73.83
;TYPE:FILL
G1 F1681.7 X69.313 Y73.014 E849.29853
G1 X69.313 Y73.048
G1 X70.128 Y72.83 E849.31536
G0 F9000 X69.313 Y68.078
G1 F1681.7 X70.128 Y67.86 E849.3322
G0 F9000 X70.128 Y67.041
G1 F1681.7 X70.057 Y66.97 E849.3342
G1 F1500 E842.8342
G0 F9000 X68.654 Y74.89
G0 X67.569 Y74.89
G0 X55.049 Y74.89
G0 X53.984 Y74.891
G0 X53.385 Y74.89
;TYPE:WALL-INNER
G1 F1500 E849.3342
G1 F840.8 X52.409 Y74.89 E849.35368
G1 X52.409 Y66.89 E849.51333
G1 X53.384 Y66.89 E849.53279
G1 X53.385 Y74.89 E849.69244
G0 F9000 X53.785 Y75.29
G1 F840.8 X52.009 Y75.29 E849.72788
G1 X52.009 Y66.49 E849.90349
G1 X53.784 Y66.49 E849.93891
G1 X53.785 Y75.29 E850.11453
G0 F9000 X54.185 Y75.69
;TYPE:WALL-OUTER
G1 F840.8 X51.609 Y75.69 E850.16593
G1 X51.609 Y66.09 E850.35751
G1 X54.184 Y66.09 E850.4089
G1 X54.185 Y75.69 E850.60048
G0 F9000 X53.915 Y75.42
G0 X53.303 Y72.368
;TYPE:FILL
G1 F1681.7 X52.489 Y72.587 E850.6173
G0 F9000 X53.304 Y70.581
G1 F1681.7 X52.488 Y69.765 E850.64033
G0 F9000 X52.488 Y69.197
G1 F1681.7 X53.086 Y66.968 E850.68638
G0 F9000 X53.302 Y67.399
G1 F1681.7 X52.489 Y67.617 E850.70318
G1 F1500 E844.20318
;MESH:NONMESH
G0 F300 X52.489 Y67.617 Z6
G0 F9000 X53.984 Y74.891
G0 X55.049 Y74.89
G0 X67.569 Y74.891
G0 X68.654 Y74.891
G0 X70.209 Y74.89
;TIME_ELAPSED:2258.439832
;LAYER:49
;TYPE:WALL-INNER
;MESH:HBridgeMount.stl
G1 F1500 E850.70318
G1 F837.3 X69.248 Y74.89 E850.72236
G1 X69.248 Y66.89 E850.88201
G1 X70.209 Y66.89 E850.90118
G1 X70.209 Y74.89 E851.06083
G0 F9000 X70.609 Y75.29
G1 F837.3 X68.848 Y75.29 E851.09598
G1 X68.848 Y66.49 E851.27159
G1 X70.609 Y66.49 E851.30673
G1 X70.609 Y75.29 E851.48235
G0 F9000 X71.009 Y75.69
;TYPE:WALL-OUTER
G1 F837.3 X68.448 Y75.69 E851.53345
G1 X68.448 Y66.09 E851.72503
G1 X71.009 Y66.09 E851.77614
G1 X71.009 Y75.69 E851.96772
G0 F9000 X70.739 Y75.42
G0 X70.129 Y73.71
;TYPE:FILL
G1 F1674.6 X69.327 Y72.908 E851.99035
G0 F9000 X69.328 Y73.132
G1 F1674.6 X70.128 Y72.918 E852.00688
G0 F9000 X69.328 Y68.163
G1 F1674.6 X70.128 Y67.948 E852.02341
G1 F1500 E845.52341
G0 F9000 X68.668 Y74.89
G0 X67.583 Y74.89
G0 X55.035 Y74.89
G0 X53.97 Y74.891
G0 X53.371 Y74.89
;TYPE:WALL-INNER
G1 F1500 E852.02341
G1 F837.3 X52.409 Y74.89 E852.04261
G1 X52.409 Y66.89 E852.20226
G1 X53.37 Y66.89 E852.22143
G1 X53.371 Y74.89 E852.38108
G0 F9000 X53.771 Y75.29
G1 F837.3 X52.009 Y75.29 E852.41624
G1 X52.009 Y66.49 E852.59186
G1 X53.77 Y66.49 E852.627
G1 X53.771 Y75.29 E852.80261
G0 F9000 X54.171 Y75.69
;TYPE:WALL-OUTER
G1 F837.3 X51.609 Y75.69 E852.85374
G1 X51.609 Y66.09 E853.04532
G1 X54.17 Y66.09 E853.09643
G1 X54.171 Y75.69 E853.28801
G0 F9000 X53.901 Y75.42
G0 X53.289 Y72.46
;TYPE:FILL
G1 F1674.6 X52.489 Y72.675 E853.30454
G0 F9000 X53.29 Y70.447
G1 F1674.6 X52.488 Y69.645 E853.32717
G0 F9000 X52.488 Y68.869
G1 F1674.6 X52.998 Y66.968 E853.36645
G0 F9000 X53.288 Y67.491
G1 F1674.6 X52.489 Y67.705 E853.38296
G1 F1500 E846.88296
;MESH:NONMESH
G0 F300 X52.489 Y67.705 Z6.12
G0 F9000 X53.97 Y74.891
G0 X55.035 Y74.89
G0 X67.583 Y74.891
G0 X68.668 Y74.891
G0 X70.209 Y74.89
;TIME_ELAPSED:2271.468023
;LAYER:50
;TYPE:WALL-INNER
;MESH:HBridgeMount.stl
G1 F1500 E853.38296
G1 F835.3 X69.261 Y74.89 E853.40188
G1 X69.261 Y66.89 E853.56152
G1 X70.209 Y66.89 E853.58044
G1 X70.209 Y74.89 E853.74009
G0 F9000 X70.609 Y75.29
G1 F835.3 X68.861 Y75.29 E853.77497
G1 X68.861 Y66.49 E853.95059
G1 X70.609 Y66.49 E853.98547
G1 X70.609 Y75.29 E854.16108
G0 F9000 X71.009 Y75.69
;TYPE:WALL-OUTER
G1 F835.3 X68.461 Y75.69 E854.21193
G1 X68.461 Y66.09 E854.40351
G1 X71.009 Y66.09 E854.45436
G1 X71.009 Y75.69 E854.64594
G0 F9000 X70.739 Y75.42
G0 X70.129 Y73.59
;TYPE:FILL
G1 F1670.6 X69.34 Y72.8 E854.66822
G0 F9000 X69.341 Y73.216
G1 F1670.6 X70.127 Y73.006 E854.68445
G0 F9000 X69.341 Y68.247
G1 F1670.6 X70.127 Y68.036 E854.7007
G1 F1500 E848.2007
G0 F9000 X68.681 Y74.89
G0 X67.596 Y74.89
G0 X55.022 Y74.89
G0 X53.957 Y74.891
G0 X53.358 Y74.89
;TYPE:WALL-INNER
G1 F1500 E854.7007
G1 F835.3 X52.409 Y74.89 E854.71963
G1 X52.409 Y66.89 E854.87928
G1 X53.357 Y66.89 E854.8982
G1 X53.358 Y74.89 E855.05785
G0 F9000 X53.758 Y75.29
G1 F835.3 X52.009 Y75.29 E855.09275
G1 X52.009 Y66.49 E855.26837
G1 X53.757 Y66.49 E855.30325
G1 X53.758 Y75.29 E855.47886
G0 F9000 X54.158 Y75.69
;TYPE:WALL-OUTER
G1 F835.3 X51.609 Y75.69 E855.52973
G1 X51.609 Y66.09 E855.72131
G1 X54.157 Y66.09 E855.77216
G1 X54.158 Y75.69 E855.96374
G0 F9000 X53.888 Y75.42
G0 X53.277 Y72.551
;TYPE:FILL
G1 F1670.6 X52.489 Y72.763 E855.98002
G0 F9000 X53.277 Y70.314
G1 F1670.6 X52.488 Y69.525 E856.00229
G0 F9000 X52.488 Y68.541
G1 F1670.6 X52.91 Y66.968 E856.03479
G0 F9000 X53.276 Y67.582
G1 F1670.6 X52.488 Y67.793 E856.05107
G1 F1500 E849.55107
;MESH:NONMESH
G0 F300 X52.488 Y67.793 Z6.24
G0 F9000 X53.957 Y74.891
G0 X55.022 Y74.89
G0 X67.596 Y74.891
G0 X68.681 Y74.891
G0 X70.209 Y74.89
;TIME_ELAPSED:2284.522453
;LAYER:51
;TYPE:WALL-INNER
;MESH:HBridgeMount.stl
G1 F1500 E856.05107
G1 F833.2 X69.275 Y74.89 E856.06971
G1 X69.275 Y66.89 E856.22936
G1 X70.209 Y66.89 E856.24799
G1 X70.209 Y74.89 E856.40764
G0 F9000 X70.609 Y75.29
G1 F833.2 X68.875 Y75.29 E856.44225
G1 X68.875 Y66.49 E856.61786
G1 X70.609 Y66.49 E856.65246
G1 X70.609 Y75.29 E856.82808
G0 F9000 X71.009 Y75.69
;TYPE:WALL-OUTER
G1 F833.2 X68.475 Y75.69 E856.87865
G1 X68.475 Y66.09 E857.07022
G1 X71.009 Y66.09 E857.12079
G1 X71.009 Y75.69 E857.31237
G0 F9000 X70.739 Y75.42
G0 X70.129 Y73.469
;TYPE:FILL
G1 F1666.5 X69.354 Y72.694 E857.33424
G0 F9000 X69.354 Y73.301
G1 F1666.5 X70.127 Y73.094 E857.35021
G0 F9000 X69.354 Y68.332
G1 F1666.5 X70.127 Y68.124 E857.36619
G1 F1500 E850.86619
G0 F9000 X68.695 Y74.89
G0 X67.61 Y74.89
G0 X55.008 Y74.89
G0 X53.943 Y74.891
G0 X53.344 Y74.89
;TYPE:WALL-INNER
G1 F1500 E857.36619
G1 F833.2 X52.409 Y74.89 E857.38485
G1 X52.409 Y66.89 E857.5445
G1 X53.343 Y66.89 E857.56313
G1 X53.344 Y74.89 E857.72278
G0 F9000 X53.744 Y75.29
G1 F833.2 X52.009 Y75.29 E857.75741
G1 X52.009 Y66.49 E857.93302
G1 X53.743 Y66.49 E857.96762
G1 X53.744 Y75.29 E858.14324
G0 F9000 X54.144 Y75.69
;TYPE:WALL-OUTER
G1 F833.2 X51.609 Y75.69 E858.19383
G1 X51.609 Y66.09 E858.38541
G1 X54.143 Y66.09 E858.43597
G1 X54.144 Y75.69 E858.62755
G0 F9000 X53.874 Y75.42
G0 X53.262 Y72.643
;TYPE:FILL
G1 F1666.5 X52.488 Y72.851 E858.64355
G0 F9000 X53.263 Y70.18
G1 F1666.5 X52.488 Y69.405 E858.66542
G0 F9000 X52.488 Y68.212
G1 F1666.5 X52.822 Y66.968 E858.69112
G0 F9000 X53.261 Y67.674
G1 F1666.5 X52.488 Y67.881 E858.70709
G1 F1500 E852.20709
;MESH:NONMESH
G0 F300 X52.488 Y67.881 Z6.36
G0 F9000 X53.943 Y74.891
G0 X55.008 Y74.89
G0 X67.61 Y74.891
G0 X68.695 Y74.891
G0 X70.209 Y74.89
;TIME_ELAPSED:2297.599334
;LAYER:52
;TYPE:WALL-INNER
;MESH:HBridgeMount.stl
G1 F1500 E858.70709
G1 F830.3 X69.296 Y74.89 E858.72531
G1 X69.296 Y66.89 E858.88496
G1 X70.209 Y66.89 E858.90318
G1 X70.209 Y74.89 E859.06283
G0 F9000 X70.609 Y75.29
G1 F830.3 X68.896 Y75.29 E859.09701
G1 X68.896 Y66.49 E859.27263
G1 X70.609 Y66.49 E859.30681
G1 X70.609 Y75.29 E859.48243
G0 F9000 X71.009 Y75.69
;TYPE:WALL-OUTER
G1 F830.3 X68.496 Y75.69 E859.53258
G1 X68.496 Y66.09 E859.72415
G1 X71.009 Y66.09 E859.7743
G1 X71.009 Y75.69 E859.96588
G0 F9000 X70.739 Y75.42
G0 X70.129 Y73.349
;TYPE:FILL
G1 F1660.6 X69.375 Y72.595 E859.98716
G0 F9000 X69.375 Y73.383
G1 F1660.6 X70.128 Y73.182 E860.00271
G0 F9000 X69.374 Y68.414
G1 F1660.6 X70.128 Y68.212 E860.01829
G1 F1500 E853.51829
G0 F9000 X68.716 Y74.89
G0 X67.631 Y74.89
G0 X54.987 Y74.89
G0 X53.922 Y74.891
G0 X53.323 Y74.89
;TYPE:WALL-INNER
G1 F1500 E860.01829
G1 F830.3 X52.409 Y74.89 E860.03653
G1 X52.409 Y66.89 E860.19618
G1 X53.322 Y66.89 E860.2144
G1 X53.323 Y74.89 E860.37405
G0 F9000 X53.723 Y75.29
G1 F830.3 X52.009 Y75.29 E860.40825
G1 X52.009 Y66.49 E860.58387
G1 X53.722 Y66.49 E860.61805
G1 X53.723 Y75.29 E860.79367
G0 F9000 X54.123 Y75.69
;TYPE:WALL-OUTER
G1 F830.3 X51.609 Y75.69 E860.84384
G1 X51.609 Y66.09 E861.03541
G1 X54.122 Y66.09 E861.08556
G1 X54.123 Y75.69 E861.27714
G0 F9000 X53.853 Y75.42
G0 X53.242 Y72.737
;TYPE:FILL
G1 F1660.6 X52.489 Y72.939 E861.2927
G0 F9000 X53.242 Y70.038
G1 F1660.6 X52.488 Y69.285 E861.31397
G0 F9000 X52.489 Y67.969
G1 F1660.6 X53.24 Y67.768 E861.32948
G0 F9000 X52.488 Y67.884
G1 F1660.6 X52.734 Y66.968 E861.34841
G1 F1500 E854.84841
;MESH:NONMESH
G0 F300 X52.734 Y66.968 Z6.48
G0 F9000 X53.922 Y74.891
G0 X54.987 Y74.89
G0 X67.631 Y74.891
G0 X68.716 Y74.891
G0 X70.209 Y74.89
;TIME_ELAPSED:2310.701889
;LAYER:53
;TYPE:WALL-INNER
;MESH:HBridgeMount.stl
G1 F1500 E861.34841
G1 F824.6 X69.338 Y74.89 E861.36579
G1 X69.338 Y66.89 E861.52544
G1 X70.209 Y66.89 E861.54282
G1 X70.209 Y74.89 E861.70247
G0 F9000 X70.609 Y75.29
G1 F824.6 X68.938 Y75.29 E861.73581
G1 X68.938 Y66.49 E861.91143
G1 X70.609 Y66.49 E861.94478
G1 X70.609 Y75.29 E862.12039
G0 F9000 X71.009 Y75.69
;TYPE:WALL-OUTER
G1 F824.6 X68.538 Y75.69 E862.1697
G1 X68.538 Y66.09 E862.36128
G1 X71.009 Y66.09 E862.41059
G1 X71.009 Y75.69 E862.60217
G0 F9000 X70.739 Y75.42
G0 X70.128 Y73.27
;TYPE:FILL
G1 F1649.2 X69.418 Y73.46 E862.61684
G0 F9000 X70.129 Y73.229
G1 F1649.2 X69.417 Y72.517 E862.63693
G0 F9000 X69.418 Y68.491
G1 F1649.2 X70.128 Y68.3 E862.6516
G1 F1500 E856.1516
G0 F9000 X68.758 Y74.89
G0 X67.673 Y74.89
G0 X54.945 Y74.89
G0 X53.88 Y74.891
G0 X53.281 Y74.89
;TYPE:WALL-INNER
G1 F1500 E862.6516
G1 F824.6 X52.409 Y74.89 E862.669
G1 X52.409 Y66.89 E862.82865
G1 X53.28 Y66.89 E862.84603
G1 X53.281 Y74.89 E863.00568
G0 F9000 X53.681 Y75.29
G1 F824.6 X52.009 Y75.29 E863.03905
G1 X52.009 Y66.49 E863.21466
G1 X53.68 Y66.49 E863.24801
G1 X53.681 Y75.29 E863.42362
G0 F9000 X54.081 Y75.69
;TYPE:WALL-OUTER
G1 F824.6 X51.609 Y75.69 E863.47295
G1 X51.609 Y66.09 E863.66453
G1 X54.08 Y66.09 E863.71384
G1 X54.081 Y75.69 E863.90542
G0 F9000 X53.811 Y75.42
G0 X53.199 Y72.836
;TYPE:FILL
G1 F1649.2 X52.489 Y73.027 E863.9201
G0 F9000 X53.201 Y69.877
G1 F1649.2 X52.488 Y69.164 E863.94022
G0 F9000 X52.489 Y68.057
G1 F1649.2 X53.199 Y67.867 E863.95489
G0 F9000 X52.488 Y67.555
G1 F1649.2 X52.646 Y66.968 E863.96702
G1 F1500 E857.46702
;MESH:NONMESH
G0 F300 X52.646 Y66.968 Z6.6
G0 F9000 X53.88 Y74.891
G0 X54.945 Y74.89
G0 X67.673 Y74.891
G0 X68.758 Y74.891
G0 X70.209 Y74.89
;TIME_ELAPSED:2323.773572
;LAYER:54
;TYPE:WALL-INNER
;MESH:HBridgeMount.stl
G1 F1500 E863.96702
G1 F819.4 X69.38 Y74.89 E863.98356
G1 X69.38 Y66.89 E864.14321
G1 X70.209 Y66.89 E864.15975
G1 X70.209 Y74.89 E864.3194
G0 F9000 X70.609 Y75.29
G1 F819.4 X68.98 Y75.29 E864.35191
G1 X68.98 Y66.49 E864.52752
G1 X70.609 Y66.49 E864.56003
G1 X70.609 Y75.29 E864.73564
G0 F9000 X71.009 Y75.69
;TYPE:WALL-OUTER
G1 F819.4 X68.58 Y75.69 E864.78412
G1 X68.58 Y66.09 E864.9757
G1 X71.009 Y66.09 E865.02417
G1 X71.009 Y75.69 E865.21575
G0 F9000 X70.739 Y75.42
G0 X70.127 Y73.357
;TYPE:FILL
G1 F1638.7 X69.459 Y73.536 E865.22955
G0 F9000 X70.129 Y73.11
G1 F1638.7 X69.459 Y72.44 E865.24846
G0 F9000 X69.46 Y68.566
G1 F1638.7 X70.127 Y68.387 E865.26224
G1 F1500 E858.76224
G0 F9000 X68.8 Y74.89
G0 X67.715 Y74.89
G0 X54.903 Y74.89
G0 X53.838 Y74.891
G0 X53.239 Y74.89
;TYPE:WALL-INNER
G1 F1500 E865.26224
G1 F819.4 X52.409 Y74.89 E865.2788
G1 X52.409 Y66.89 E865.43845
G1 X53.238 Y66.89 E865.455
G1 X53.239 Y74.89 E865.61464
G0 F9000 X53.639 Y75.29
G1 F819.4 X52.009 Y75.29 E865.64717
G1 X52.009 Y66.49 E865.82279
G1 X53.638 Y66.49 E865.85529
G1 X53.639 Y75.29 E866.03091
G0 F9000 X54.039 Y75.69
;TYPE:WALL-OUTER
G1 F819.4 X51.609 Y75.69 E866.0794
G1 X51.609 Y66.09 E866.27098
G1 X54.038 Y66.09 E866.31945
G1 X54.039 Y75.69 E866.51103
G0 F9000 X53.769 Y75.42
G0 X53.157 Y72.935
;TYPE:FILL
G1 F1638.7 X52.488 Y73.114 E866.52485
G0 F9000 X53.158 Y69.716
G1 F1638.7 X52.488 Y69.046 E866.54376
G0 F9000 X52.488 Y68.144
G1 F1638.7 X53.157 Y67.965 E866.55758
G0 F9000 X52.488 Y67.23
G1 F1638.7 X52.559 Y66.968 E866.563
G1 F1500 E860.063
;MESH:NONMESH
G0 F300 X52.559 Y66.968 Z6.72
G0 F9000 X53.838 Y74.891
G0 X54.903 Y74.89
G0 X67.715 Y74.891
G0 X68.8 Y74.891
G0 X70.209 Y74.89
;TIME_ELAPSED:2336.826128
;LAYER:55
;TYPE:WALL-INNER
;MESH:HBridgeMount.stl
G1 F1500 E866.563
G1 F890.7 X69.422 Y74.89 E866.5787
G1 X69.422 Y66.89 E866.73835
G1 X70.209 Y66.89 E866.75406
G1 X70.209 Y74.89 E866.91371
G0 F9000 X70.609 Y75.29
G1 F890.7 X69.022 Y75.29 E866.94538
G1 X69.022 Y66.49 E867.12099
G1 X70.609 Y66.49 E867.15266
G1 X70.609 Y75.29 E867.32827
G0 F9000 X71.009 Y75.69
;TYPE:WALL-OUTER
G1 F890.7 X68.622 Y75.69 E867.37591
G1 X68.622 Y66.09 E867.56749
G1 X71.009 Y66.09 E867.61512
G1 X71.009 Y75.69 E867.8067
G0 F9000 X70.739 Y75.42
G0 X69.819 Y74.713
;TYPE:SKIN
G1 F890.7 X70.033 Y74.499 E867.80972
G0 F9000 X69.814 Y74.434
G1 F890.7 X69.814 Y74.151 E867.81603
G1 X69.814 Y67.363 E867.96733
G1 X69.713 Y67.181 E867.97197
G0 F9000 X69.596 Y67.298
G1 F1500 E861.47197
G0 F9000 X68.842 Y74.89
G0 X67.757 Y74.89
G0 X54.861 Y74.89
G0 X53.796 Y74.891
G0 X53.197 Y74.89
;TYPE:WALL-INNER
G1 F1500 E867.97197
G1 F890.7 X52.409 Y74.89 E867.98769
G1 X52.409 Y66.89 E868.14734
G1 X53.196 Y66.89 E868.16304
G1 X53.197 Y74.89 E868.32269
G0 F9000 X53.597 Y75.29
G1 F890.7 X52.009 Y75.29 E868.35438
G1 X52.009 Y66.49 E868.53
G1 X53.596 Y66.49 E868.56167
G1 X53.597 Y75.29 E868.73728
G0 F9000 X53.997 Y75.69
;TYPE:WALL-OUTER
G1 F890.7 X51.609 Y75.69 E868.78494
G1 X51.609 Y66.09 E868.97651
G1 X53.996 Y66.09 E869.02415
G1 X53.997 Y75.69 E869.21573
G0 F9000 X53.727 Y75.42
G0 X53.02 Y74.541
;TYPE:SKIN
G1 F890.7 X52.847 Y74.714 E869.21817
G0 F9000 X52.801 Y74.476
G1 F890.7 X52.801 Y74.193 E869.22475
G1 X52.801 Y67.405 E869.3827
G1 X52.722 Y67.202 E869.38777
G0 F9000 X52.861 Y67.064
G1 F1500 E862.88777
;MESH:NONMESH
G0 F300 X52.861 Y67.064 Z6.84
G0 F9000 X53.796 Y74.891
G0 X54.861 Y74.89
G0 X67.757 Y74.891
G0 X68.842 Y74.891
G0 X70.209 Y74.89
;TIME_ELAPSED:2349.390998
;LAYER:56
;TYPE:WALL-INNER
;MESH:HBridgeMount.stl
G1 F1500 E869.38777
G1 F891.7 X69.464 Y74.89 E869.40264
G1 X69.464 Y66.89 E869.56228
G1 X70.209 Y66.89 E869.57715
G1 X70.209 Y74.89 E869.7368
G0 F9000 X70.609 Y75.29
G1 F891.7 X69.064 Y75.29 E869.76763
G1 X69.064 Y66.49 E869.94325
G1 X70.609 Y66.49 E869.97408
G1 X70.609 Y75.29 E870.14969
G0 F9000 X71.009 Y75.69
;TYPE:WALL-OUTER
G1 F891.7 X68.664 Y75.69 E870.19649
G1 X68.664 Y66.09 E870.38807
G1 X71.009 Y66.09 E870.43486
G1 X71.009 Y75.69 E870.62644
G0 F9000 X70.739 Y75.42
G0 X69.905 Y74.713
G0 X69.771 Y74.58
;TYPE:SKIN
G1 F891.7 X69.835 Y74.361 E870.6311
G1 X69.835 Y67.29 E870.77555
G1 X69.963 Y67.134 E870.77967
G0 F9000 X70.033 Y67.205
G1 F1500 E864.27967
G0 F9000 X68.884 Y74.89
G0 X67.799 Y74.89
G0 X54.819 Y74.89
G0 X53.754 Y74.891
G0 X53.155 Y74.89
;TYPE:WALL-INNER
G1 F1500 E870.77967
G1 F891.7 X52.409 Y74.89 E870.79456
G1 X52.409 Y66.89 E870.95421
G1 X53.154 Y66.89 E870.96908
G1 X53.155 Y74.89 E871.12873
G0 F9000 X53.555 Y75.29
G1 F891.7 X52.009 Y75.29 E871.15958
G1 X52.009 Y66.49 E871.33519
G1 X53.554 Y66.49 E871.36602
G1 X53.555 Y75.29 E871.54164
G0 F9000 X53.955 Y75.69
;TYPE:WALL-OUTER
G1 F891.7 X51.609 Y75.69 E871.58845
G1 X51.609 Y66.09 E871.78003
G1 X53.954 Y66.09 E871.82683
G1 X53.955 Y75.69 E872.01841
G0 F9000 X53.685 Y75.42
G0 X52.934 Y74.713
G0 X52.758 Y74.537
;TYPE:SKIN
G1 F891.7 X52.781 Y74.278 E872.02375
G1 X52.781 Y67.489 E872.1633
G1 X52.95 Y67.092 E872.17217
G0 F9000 X52.979 Y67.121
G0 X52.583 Y74.645
G1 F891.7 X52.651 Y74.713 E872.17313
G1 F1500 E865.67313
;MESH:NONMESH
G0 F300 X52.651 Y74.713 Z6.96
G0 F9000 X53.754 Y74.891
G0 X54.819 Y74.89
G0 X67.799 Y74.891
G0 X68.884 Y74.891
G0 X70.209 Y74.89
;TIME_ELAPSED:2361.824086
;LAYER:57
;TYPE:WALL-INNER
;MESH:HBridgeMount.stl
G1 F1500 E872.17313
G1 F882.4 X69.507 Y74.89 E872.18714
G1 X69.505 Y66.89 E872.34679
G1 X70.209 Y66.89 E872.36084
G1 X70.209 Y74.89 E872.52049
G0 F9000 X70.609 Y75.29
G1 F882.4 X69.107 Y75.29 E872.55046
G1 X69.105 Y66.49 E872.72608
G1 X70.609 Y66.49 E872.75609
G1 X70.609 Y75.29 E872.9317
G0 F9000 X71.009 Y75.69
;TYPE:WALL-OUTER
G1 F882.4 X68.707 Y75.69 E872.97764
G1 X68.705 Y66.09 E873.16922
G1 X71.009 Y66.09 E873.2152
G1 X71.009 Y75.69 E873.40678
G0 F9000 X70.739 Y75.42
G0 X69.818 Y74.714
G0 X69.925 Y74.606
;TYPE:SKIN
G1 F882.4 X69.857 Y74.391 E873.41086
G1 X69.856 Y67.321 E873.53889
G1 X69.755 Y67.139 E873.54266
G0 F9000 X69.68 Y67.215
G1 F1500 E867.04266
G0 F9000 X68.907 Y74.887
G0 X67.842 Y74.888
G0 X54.777 Y74.887
G0 X53.692 Y74.887
G0 X53.112 Y74.89
;TYPE:WALL-INNER
G1 F1500 E873.54266
G1 F882.4 X52.409 Y74.89 E873.55669
G1 X52.409 Y66.89 E873.71633
G1 X53.112 Y66.89 E873.73036
G1 X53.112 Y74.89 E873.89001
G0 F9000 X53.512 Y75.29
G1 F882.4 X52.009 Y75.29 E873.92001
G1 X52.009 Y66.49 E874.09562
G1 X53.512 Y66.49 E874.12561
G1 X53.512 Y75.29 E874.30123
G0 F9000 X53.912 Y75.69
;TYPE:WALL-OUTER
G1 F882.4 X51.609 Y75.69 E874.34719
G1 X51.609 Y66.09 E874.53876
G1 X53.912 Y66.09 E874.58472
G1 X53.912 Y75.69 E874.7763
G0 F9000 X53.642 Y75.42
G0 X52.847 Y74.714
G0 X52.891 Y74.669
;TYPE:SKIN
G1 F882.4 X52.759 Y74.518 E874.7799
G1 X52.759 Y67.447 E874.90667
G1 X52.722 Y67.202 E874.91111
G0 F9000 X52.583 Y67.341
G1 F1500 E868.41111
;MESH:NONMESH
G0 F300 X52.583 Y67.341 Z7.08
G0 F9000 X53.692 Y74.89
G0 X54.777 Y74.89
G0 X67.842 Y74.888
G0 X68.907 Y74.887
G0 X70.209 Y74.89
;TIME_ELAPSED:2374.318940
;LAYER:58
;TYPE:WALL-INNER
;MESH:HBridgeMount.stl
G1 F1500 E874.91111
G1 F882 X69.581 Y74.89 E874.92365
G1 X69.581 Y66.89 E875.08329
G1 X70.209 Y66.89 E875.09583
G1 X70.209 Y74.89 E875.25547
G0 F9000 X70.609 Y75.29
G1 F882 X69.181 Y75.29 E875.28397
G1 X69.181 Y66.49 E875.45959
G1 X70.609 Y66.49 E875.48808
G1 X70.609 Y75.29 E875.6637
G0 F9000 X71.009 Y75.69
;TYPE:WALL-OUTER
G1 F882 X68.781 Y75.69 E875.70816
G1 X68.781 Y66.09 E875.89974
G1 X71.009 Y66.09 E875.9442
G1 X71.009 Y75.69 E876.13578
G0 F9000 X70.739 Y75.42
G0 X69.905 Y74.713
G0 X69.83 Y74.638
;TYPE:SKIN
G1 F882 X69.894 Y74.419 E876.13902
G1 X69.894 Y67.348 E876.23945
G1 X69.963 Y67.135 E876.24263
G0 F9000 X70.033 Y67.205
G1 F1500 E869.74263
G0 F9000 X69.001 Y74.89
G0 X67.916 Y74.89
G0 X54.702 Y74.89
G0 X53.637 Y74.891
G0 X53.038 Y74.89
;TYPE:WALL-INNER
G1 F1500 E876.24263
G1 F882 X52.409 Y74.89 E876.25518
G1 X52.409 Y66.89 E876.41483
G1 X53.037 Y66.89 E876.42736
G1 X53.038 Y74.89 E876.58701
G0 F9000 X53.438 Y75.29
G1 F882 X52.009 Y75.29 E876.61553
G1 X52.009 Y66.49 E876.79114
G1 X53.437 Y66.49 E876.81964
G1 X53.438 Y75.29 E876.99525
G0 F9000 X53.838 Y75.69
;TYPE:WALL-OUTER
G1 F882 X51.609 Y75.69 E877.03973
G1 X51.609 Y66.09 E877.23131
G1 X53.837 Y66.09 E877.27577
G1 X53.838 Y75.69 E877.46735
G0 F9000 X53.568 Y75.42
G0 X52.863 Y74.642
G0 X52.723 Y74.502
;TYPE:SKIN
G1 F882 X52.723 Y74.219 E877.47151
G1 X52.722 Y67.43 E877.57119
G1 X52.75 Y67.175 E877.57495
G0 F9000 X52.862 Y67.287
G0 X52.583 Y74.645
G1 F882 X52.651 Y74.713 E877.57591
G1 F1500 E871.07591
;MESH:NONMESH
G0 F300 X52.651 Y74.713 Z7.2
G0 F9000 X53.637 Y74.891
G0 X54.702 Y74.89
G0 X67.916 Y74.891
G0 X69.001 Y74.891
G0 X70.209 Y74.89
;TIME_ELAPSED:2386.748492
;LAYER:59
;TYPE:WALL-INNER
;MESH:HBridgeMount.stl
G1 F1500 E877.57591
G1 F869.3 X69.657 Y74.89 E877.58693
G1 X69.657 Y66.89 E877.74658
G1 X70.209 Y66.89 E877.75759
G1 X70.209 Y74.89 E877.91724
G0 F9000 X70.609 Y75.29
G1 F869.3 X69.257 Y75.29 E877.94422
G1 X69.257 Y66.49 E878.11984
G1 X70.609 Y66.49 E878.14682
G1 X70.609 Y75.29 E878.32243
G0 F9000 X71.009 Y75.69
;TYPE:WALL-OUTER
G1 F869.3 X68.857 Y75.69 E878.36538
G1 X68.857 Y66.09 E878.55695
G1 X71.009 Y66.09 E878.5999
G1 X71.009 Y75.69 E878.79148
G0 F9000 X70.739 Y75.42
G0 X69.832 Y74.7
G0 X69.932 Y74.599
;TYPE:SKIN
G1 F869.3 X69.932 Y74.316 E878.79447
G1 X69.932 Y67.245 E878.86908
G0 F9000 X70.033 Y67.145
G1 F1500 E872.36908
G0 F9000 X69.077 Y74.89
G0 X67.992 Y74.89
G0 X54.627 Y74.89
G0 X53.562 Y74.891
G0 X52.963 Y74.89
;TYPE:WALL-INNER
G1 F1500 E878.86908
G1 F869.3 X52.409 Y74.89 E878.88014
G1 X52.409 Y66.89 E879.03979
G1 X52.962 Y66.89 E879.05082
G1 X52.963 Y74.89 E879.21047
G0 F9000 X53.363 Y75.29
G1 F869.3 X52.009 Y75.29 E879.23749
G1 X52.009 Y66.49 E879.41311
G1 X53.362 Y66.49 E879.44011
G1 X53.363 Y75.29 E879.61572
G0 F9000 X53.763 Y75.69
;TYPE:WALL-OUTER
G1 F869.3 X51.609 Y75.69 E879.65871
G1 X51.609 Y66.09 E879.85028
G1 X53.762 Y66.09 E879.89325
G1 X53.763 Y75.69 E880.08483
G0 F9000 X53.493 Y75.42
G0 X52.583 Y74.695
G0 X52.685 Y74.593
;TYPE:SKIN
G1 F869.3 X52.685 Y74.31 E880.08785
G1 X52.684 Y67.239 E880.16333
G0 F9000 X52.786 Y67.138
G1 F1500 E873.66333
;MESH:NONMESH
G0 F300 X52.786 Y67.138 Z7.32
G0 F9000 X53.562 Y74.891
G0 X54.627 Y74.89
G0 X67.992 Y74.891
G0 X69.077 Y74.891
G0 X70.209 Y74.89
;TIME_ELAPSED:2399.249732
;LAYER:60
;TYPE:WALL-INNER
;MESH:HBridgeMount.stl
G1 F1500 E880.16333
G1 F865.8 X69.732 Y74.89 E880.17285
G1 X69.732 Y66.89 E880.3325
G1 X70.209 Y66.89 E880.34202
G1 X70.209 Y74.89 E880.50167
G0 F9000 X70.609 Y75.29
G1 F865.8 X69.332 Y75.29 E880.52715
G1 X69.332 Y66.49 E880.70277
G1 X70.609 Y66.49 E880.72825
G1 X70.609 Y75.29 E880.90386
G0 F9000 X71.009 Y75.69
;TYPE:WALL-OUTER
G1 F865.8 X68.932 Y75.69 E880.94531
G1 X68.932 Y66.09 E881.13689
G1 X71.009 Y66.09 E881.17834
G1 X71.009 Y75.69 E881.36992
G0 F9000 X70.739 Y75.42
G0 X70.033 Y74.559
G0 X69.969 Y74.495
;TYPE:SKIN
G1 F865.8 X69.969 Y74.212 E881.3718
G1 X69.969 Y67.141 E881.41886
G0 F9000 X69.905 Y67.077
G1 F1500 E874.91886
G0 F9000 X69.152 Y74.89
G0 X68.067 Y74.89
G0 X54.551 Y74.89
G0 X53.486 Y74.891
G0 X52.887 Y74.89
;TYPE:WALL-INNER
G1 F1500 E881.41886
G1 F865.8 X52.409 Y74.89 E881.4284
G1 X52.409 Y66.89 E881.58805
G1 X52.886 Y66.89 E881.59757
G1 X52.887 Y74.89 E881.75722
G0 F9000 X53.287 Y75.29
G1 F865.8 X52.009 Y75.29 E881.78272
G1 X52.009 Y66.49 E881.95833
G1 X53.286 Y66.49 E881.98382
G1 X53.287 Y75.29 E882.15943
G0 F9000 X53.687 Y75.69
;TYPE:WALL-OUTER
G1 F865.8 X51.609 Y75.69 E882.2009
G1 X51.609 Y66.09 E882.39248
G1 X53.686 Y66.09 E882.43393
G1 X53.687 Y75.69 E882.62551
G0 F9000 X53.417 Y75.42
G0 X52.651 Y74.713
G0 X52.617 Y74.679
;TYPE:SKIN
G1 F865.8 X52.647 Y74.426 E882.62715
G1 X52.647 Y67.355 E882.6729
G1 X52.675 Y67.1 E882.67456
G0 F9000 X52.639 Y67.064
G1 F1500 E876.17456
;MESH:NONMESH
G0 F300 X52.639 Y67.064 Z7.44
G0 F9000 X53.486 Y74.891
G0 X54.551 Y74.89
G0 X68.067 Y74.891
G0 X69.152 Y74.891
G0 X70.209 Y74.89
;TIME_ELAPSED:2411.705821
;LAYER:61
;TYPE:WALL-INNER
;MESH:HBridgeMount.stl
G1 F1500 E882.67456
G1 F760.5 X69.808 Y74.89 E882.68256
G1 X69.808 Y66.89 E882.84221
G1 X70.209 Y66.89 E882.85021
G1 X70.209 Y74.89 E883.00986
G0 F9000 X70.609 Y75.29
G1 F760.5 X69.408 Y75.29 E883.03383
G1 X69.408 Y66.49 E883.20944
G1 X70.609 Y66.49 E883.23341
G1 X70.609 Y75.29 E883.40902
G0 F9000 X71.009 Y75.69
;TYPE:WALL-OUTER
G1 F760.5 X69.008 Y75.69 E883.44895
G1 X69.008 Y66.09 E883.64053
G1 X71.009 Y66.09 E883.68046
G1 X71.009 Y75.69 E883.87204
G0 F9000 X70.409 Y75.208
G1 F1500 E877.37204
G0 F9000 X69.228 Y74.89
G0 X68.143 Y74.89
G0 X54.476 Y74.89
G0 X53.411 Y74.891
G0 X52.812 Y74.89
;TYPE:WALL-INNER
G1 F1500 E883.87204
G1 F760.5 X52.409 Y74.89 E883.88009
G1 X52.409 Y66.89 E884.03973
G1 X52.811 Y66.89 E884.04776
G1 X52.812 Y74.89 E884.2074
G0 F9000 X53.212 Y75.29
G1 F760.5 X52.009 Y75.29 E884.23141
G1 X52.009 Y66.49 E884.40703
G1 X53.211 Y66.49 E884.43101
G1 X53.212 Y75.29 E884.60663
G0 F9000 X53.612 Y75.69
;TYPE:WALL-OUTER
G1 F760.5 X51.609 Y75.69 E884.6466
G1 X51.609 Y66.09 E884.83818
G1 X53.611 Y66.09 E884.87813
G1 X53.612 Y75.69 E885.06971
G0 F9000 X53.011 Y75.207
G1 F1500 E878.56971
;MESH:NONMESH
G0 F300 X53.011 Y75.207 Z7.56
G0 F9000 X53.411 Y74.891
G0 X54.476 Y74.89
G0 X68.143 Y74.891
G0 X69.228 Y74.891
G0 X70.209 Y74.89
;TIME_ELAPSED:2423.626691
;LAYER:62
;TYPE:WALL-INNER
;MESH:HBridgeMount.stl
G1 F1500 E885.06971
G1 F752.9 X69.895 Y74.89 E885.07597
G1 X69.894 Y66.89 E885.23562
G1 X70.209 Y66.89 E885.24191
G1 X70.209 Y74.89 E885.36775
G0 F9000 X70.609 Y75.29
G1 F752.9 X69.495 Y75.29 E885.38998
G1 X69.494 Y66.49 E885.56559
G1 X70.609 Y66.49 E885.58784
G1 X70.609 Y75.29 E885.76346
G0 F9000 X71.009 Y75.69
;TYPE:WALL-OUTER
G1 F752.9 X69.095 Y75.69 E885.80165
G1 X69.094 Y66.09 E885.99323
G1 X71.009 Y66.09 E886.03145
G1 X71.009 Y75.69 E886.22302
G0 F9000 X70.409 Y75.208
G1 F1500 E879.72302
G0 F9000 X69.295 Y74.889
G0 X68.23 Y74.89
G0 X54.389 Y74.889
G0 X53.304 Y74.889
G0 X52.724 Y74.89
;TYPE:WALL-INNER
G1 F1500 E886.22302
G1 F752.9 X52.409 Y74.89 E886.22931
G1 X52.409 Y66.89 E886.38896
G1 X52.724 Y66.89 E886.39525
G1 X52.724 Y74.89 E886.52128
G0 F9000 X53.124 Y75.29
G1 F752.9 X52.009 Y75.29 E886.54353
G1 X52.009 Y66.49 E886.71915
G1 X53.124 Y66.49 E886.7414
G1 X53.124 Y75.29 E886.91701
G0 F9000 X53.524 Y75.69
;TYPE:WALL-OUTER
G1 F752.9 X51.609 Y75.69 E886.95523
G1 X51.609 Y66.09 E887.14681
G1 X53.524 Y66.09 E887.18502
G1 X53.524 Y75.69 E887.3766
G0 F9000 X52.924 Y75.208
G1 F1500 E880.8766
;MESH:NONMESH
G0 F300 X52.924 Y75.208 Z7.68
G0 F9000 X53.304 Y74.89
G0 X54.389 Y74.89
G0 X68.23 Y74.89
G0 X69.295 Y74.889
G0 X70.209 Y74.89
;TIME_ELAPSED:2435.559294
;LAYER:63
;TYPE:WALL-INNER
;MESH:HBridgeMount.stl
G1 F1500 E887.3766
G1 F743.9 X70.015 Y74.89 E887.38047
G1 X70.014 Y66.89 E887.54012
G1 X70.209 Y66.89 E887.54401
G1 X70.209 Y74.89 E887.62184
G0 F9000 X70.609 Y75.29
G1 F743.9 X69.615 Y75.29 E887.64167
G1 X69.614 Y66.49 E887.81729
G1 X70.609 Y66.49 E887.83714
G1 X70.609 Y75.29 E888.01276
G0 F9000 X71.009 Y75.69
;TYPE:WALL-OUTER
G1 F743.9 X69.215 Y75.69 E888.04856
G1 X69.214 Y66.09 E888.24014
G1 X71.009 Y66.09 E888.27596
G1 X71.009 Y75.69 E888.46754
G0 F9000 X70.409 Y75.208
G1 F1500 E881.96754
G0 F9000 X69.415 Y74.889
G0 X68.35 Y74.89
G0 X54.269 Y74.889
G0 X53.184 Y74.889
G0 X52.604 Y74.89
;TYPE:WALL-INNER
G1 F1500 E888.46754
G1 F743.9 X52.409 Y74.89 E888.47143
G1 X52.409 Y66.89 E888.63108
G1 X52.604 Y66.89 E888.63497
G1 X52.604 Y74.89 E888.71299
G0 F9000 X53.004 Y75.29
G1 F743.9 X52.009 Y75.29 E888.73285
G1 X52.009 Y66.49 E888.90846
G1 X53.004 Y66.49 E888.92832
G1 X53.004 Y75.29 E889.10393
G0 F9000 X53.404 Y75.69
;TYPE:WALL-OUTER
G1 F743.9 X51.609 Y75.69 E889.13975
G1 X51.609 Y66.09 E889.33133
G1 X53.404 Y66.09 E889.36715
G1 X53.404 Y75.69 E889.55873
G0 F9000 X52.804 Y75.208
G1 F1500 E883.05873
;MESH:NONMESH
G0 F300 X52.804 Y75.208 Z7.8
G0 F9000 X53.184 Y74.89
G0 X54.269 Y74.89
G0 X68.35 Y74.89
G0 X69.415 Y74.889
G0 X70.209 Y74.89
;TIME_ELAPSED:2447.490234
;LAYER:64
;TYPE:WALL-INNER
;MESH:HBridgeMount.stl
G1 F1500 E889.55873
G1 F734.9 X70.135 Y74.89 E889.56021
G1 X70.134 Y66.89 E889.71985
G1 X70.209 Y66.89 E889.72135
G1 X70.209 Y74.89 E889.75116
G0 F9000 X70.609 Y75.29
G1 F734.9 X69.735 Y75.29 E889.7686
G1 X69.734 Y66.49 E889.94422
G1 X70.609 Y66.49 E889.96168
G1 X70.609 Y75.29 E890.13729
G0 F9000 X71.009 Y75.69
;TYPE:WALL-OUTER
G1 F734.9 X69.335 Y75.69 E890.1707
G1 X69.334 Y66.09 E890.36228
G1 X71.009 Y66.09 E890.3957
G1 X71.009 Y75.69 E890.58728
G0 F9000 X70.409 Y75.208
G1 F1500 E884.08728
G0 F9000 X69.535 Y74.889
G0 X68.47 Y74.89
G0 X54.149 Y74.889
G0 X53.064 Y74.889
G0 X52.484 Y74.89
;TYPE:WALL-INNER
G1 F1500 E890.58728
G1 F734.9 X52.409 Y74.89 E890.58878
G1 X52.409 Y66.89 E890.74843
G1 X52.484 Y66.89 E890.74992
G1 X52.484 Y74.89 E890.77993
G0 F9000 X52.884 Y75.29
G1 F734.9 X52.009 Y75.29 E890.79739
G1 X52.009 Y66.49 E890.97301
G1 X52.884 Y66.49 E890.99047
G1 X52.884 Y75.29 E891.16608
G0 F9000 X53.284 Y75.69
;TYPE:WALL-OUTER
G1 F734.9 X51.609 Y75.69 E891.19951
G1 X51.609 Y66.09 E891.39109
G1 X53.284 Y66.09 E891.42451
G1 X53.284 Y75.69 E891.61609
G0 F9000 X52.684 Y75.208
G1 F1500 E885.11609
;MESH:NONMESH
G0 F300 X52.684 Y75.208 Z7.92
G0 F9000 X53.064 Y75.29
G0 X54.149 Y75.29
G0 X68.47 Y75.29
G0 X69.535 Y75.289
G0 X70.609 Y75.29
;TIME_ELAPSED:2459.400916
;LAYER:65
;TYPE:WALL-INNER
;MESH:HBridgeMount.stl
G1 F1500 E891.61609
G1 F633.2 X69.855 Y75.29 E891.63114
G1 X69.854 Y66.49 E891.80675
G1 X70.609 Y66.49 E891.82182
G1 X70.609 Y75.29 E891.99743
G0 F9000 X71.009 Y75.69
;TYPE:WALL-OUTER
G1 F633.2 X69.455 Y75.69 E892.02844
G1 X69.454 Y66.09 E892.22002
G1 X71.009 Y66.09 E892.25105
G1 X71.009 Y75.69 E892.44263
G0 F9000 X70.349 Y75.03
;TYPE:SKIN
G1 F633.2 X70.231 Y74.865 E892.4468
G1 X70.231 Y66.947 E892.60954
G1 X70.13 Y66.765 E892.61382
G0 F9000 X70.231 Y66.69
G1 F1500 E886.11382
G0 F9000 X69.655 Y75.289
G0 X68.59 Y75.29
G0 X54.029 Y75.289
G0 X52.944 Y75.289
G0 X52.764 Y75.29
;TYPE:WALL-INNER
G1 F1500 E892.61382
G1 F633.2 X52.009 Y75.29 E892.62888
G1 X52.009 Y66.49 E892.8045
G1 X52.764 Y66.49 E892.81956
G1 X52.764 Y75.29 E892.99518
G0 F9000 X53.164 Y75.69
;TYPE:WALL-OUTER
G1 F633.2 X51.609 Y75.69 E893.02621
G1 X51.609 Y66.09 E893.21779
G1 X53.164 Y66.09 E893.24882
G1 X53.164 Y75.69 E893.4404
G0 F9000 X52.517 Y75.043
;TYPE:SKIN
G1 F633.2 X52.385 Y74.892 E893.44452
G1 X52.385 Y66.972 E893.60733
G1 X52.297 Y66.778 E893.6117
G0 F9000 X52.412 Y66.69
G1 F1500 E887.1117
;MESH:NONMESH
G0 F300 X52.412 Y66.69 Z8.04
G0 F9000 X52.944 Y75.29
G0 X54.029 Y75.29
G0 X68.59 Y75.29
G0 X69.655 Y75.289
G0 X70.609 Y75.29
;TIME_ELAPSED:2471.617170
;LAYER:66
;TYPE:WALL-INNER
;MESH:HBridgeMount.stl
G1 F1500 E893.6117
G1 F626.4 X69.995 Y75.29 E893.62396
G1 X69.995 Y66.49 E893.79957
G1 X70.609 Y66.49 E893.81182
G1 X70.609 Y75.29 E893.98744
G0 F9000 X71.009 Y75.69
;TYPE:WALL-OUTER
G1 F626.4 X69.595 Y75.69 E894.01566
G1 X69.595 Y66.09 E894.20723
G1 X71.009 Y66.09 E894.23545
G1 X71.009 Y75.69 E894.42703
G0 F9000 X70.237 Y75.045
;TYPE:SKIN
G1 F626.4 X70.301 Y74.827 E894.43008
G1 X70.301 Y66.907 E894.53628
G1 X70.387 Y66.71 E894.53917
G0 F9000 X70.409 Y66.757
G1 F1500 E888.03917
G0 F9000 X69.815 Y75.29
G0 X68.73 Y75.29
G0 X53.889 Y75.29
G0 X52.824 Y75.291
G0 X52.625 Y75.29
;TYPE:WALL-INNER
G1 F1500 E894.53917
G1 F626.4 X52.009 Y75.29 E894.55146
G1 X52.009 Y66.49 E894.72707
G1 X52.624 Y66.49 E894.73935
G1 X52.625 Y75.29 E894.91496
G0 F9000 X53.025 Y75.69
;TYPE:WALL-OUTER
G1 F626.4 X51.609 Y75.69 E894.94322
G1 X51.609 Y66.09 E895.1348
G1 X53.024 Y66.09 E895.16303
G1 X53.025 Y75.69 E895.35461
G0 F9000 X52.316 Y74.944
;TYPE:SKIN
G1 F626.4 X52.316 Y74.661 E895.35855
G1 X52.316 Y67.024 E895.46482
G1 X52.344 Y66.769 E895.46839
G0 F9000 X52.424 Y66.873
G1 F1500 E888.96839
;MESH:NONMESH
G0 F300 X52.424 Y66.873 Z8.16
G0 F9000 X52.824 Y75.291
G0 X53.889 Y75.29
G0 X68.73 Y75.291
G0 X69.815 Y75.291
G0 X70.609 Y75.29
;TIME_ELAPSED:2483.815638
;LAYER:67
;TYPE:WALL-INNER
;MESH:HBridgeMount.stl
G1 F1500 E895.46839
G1 F600 X70.186 Y75.29 E895.47683
G1 X70.186 Y66.49 E895.65244
G1 X70.609 Y66.49 E895.66088
G1 X70.609 Y75.29 E895.83649
G0 F9000 X71.009 Y75.69
;TYPE:WALL-OUTER
G1 F600 X69.786 Y75.69 E895.8609
G1 X69.786 Y66.09 E896.05248
G1 X71.009 Y66.09 E896.07689
G1 X71.009 Y75.69 E896.26846
G0 F9000 X70.681 Y75.362
G1 F1500 E889.76846
G0 F9000 X70.006 Y75.29
G0 X68.921 Y75.29
G0 X53.698 Y75.29
G0 X52.633 Y75.291
G0 X52.434 Y75.29
;TYPE:WALL-INNER
G1 F1500 E896.26846
G1 F600 X52.009 Y75.29 E896.27695
G1 X52.009 Y66.49 E896.45256
G1 X52.433 Y66.49 E896.46102
G1 X52.434 Y75.29 E896.63663
G0 F9000 X52.834 Y75.69
;TYPE:WALL-OUTER
G1 F600 X51.609 Y75.69 E896.66108
G1 X51.609 Y66.09 E896.85266
G1 X52.833 Y66.09 E896.87708
G1 X52.834 Y75.69 E897.06866
G0 F9000 X52.506 Y75.362
G1 F1500 E890.56866
;MESH:NONMESH
G0 F300 X52.506 Y75.362 Z8.28
G0 F9000 X53.698 Y75.29
G0 X68.921 Y75.291
G0 X70.006 Y75.291
G0 X70.609 Y75.29
;TIME_ELAPSED:2494.054720
;LAYER:68
;TYPE:WALL-INNER
;MESH:HBridgeMount.stl
G1 F1500 E897.06866
G1 F600 X70.376 Y75.29 E897.07331
G1 X70.376 Y66.49 E897.24893
G1 X70.609 Y66.49 E897.25358
G1 X70.609 Y75.29 E897.35613
G0 F9000 X71.009 Y75.69
;TYPE:WALL-OUTER
G1 F600 X69.976 Y75.69 E897.37674
G1 X69.976 Y66.09 E897.56832
G1 X71.009 Y66.09 E897.58894
G1 X71.009 Y75.69 E897.78051
G0 F9000 X70.409 Y75.208
G1 F1500 E891.28051
G0 F9000 X69.111 Y75.29
G0 X53.507 Y75.29
G0 X52.442 Y75.291
G0 X52.243 Y75.29
;TYPE:WALL-INNER
G1 F1500 E897.78051
G1 F600 X52.009 Y75.29 E897.78518
G1 X52.009 Y66.49 E897.9608
G1 X52.242 Y66.49 E897.96545
G1 X52.243 Y75.29 E898.06822
G0 F9000 X52.643 Y75.69
;TYPE:WALL-OUTER
G1 F600 X51.609 Y75.69 E898.08885
G1 X51.609 Y66.09 E898.28043
G1 X52.642 Y66.09 E898.30105
G1 X52.643 Y75.69 E898.49262
G0 F9000 X52.042 Y75.207
G1 F1500 E891.99262
;MESH:NONMESH
G0 F300 X52.042 Y75.207 Z8.4
G0 F9000 X52.429 Y75.476
G0 X53.507 Y75.475
G0 X69.111 Y75.476
G0 X70.196 Y75.476
G0 X70.709 Y75.42
G1 F1500 E898.49262
G0 F9000 X71.009 Y75.69
;TIME_ELAPSED:2504.520519
;LAYER:69
;TYPE:WALL-OUTER
;MESH:HBridgeMount.stl
G1 F600 X70.214 Y75.69 E898.50849
G1 X70.214 Y66.09 E898.70007
G1 X71.009 Y66.09 E898.71593
G1 X71.009 Y75.69 E898.90751
G0 F9000 X70.774 Y75.454
;TYPE:SKIN
G1 F600 X70.632 Y75.313 E898.912
G1 X70.61 Y72.506 E898.97495
G1 X70.61 Y66.567 E899.10815
G1 X70.509 Y66.385 E899.11281
G0 F9000 X70.509 Y66.506
G1 F1500 E892.61281
G0 F9000 X70.334 Y75.519
G0 X69.349 Y75.519
G0 X53.27 Y75.575
G0 X52.292 Y75.576
G1 F1500 E899.11281
G0 F9000 X52.406 Y75.69
;TYPE:WALL-OUTER
G1 F600 X51.609 Y75.69 E899.12872
G1 X51.609 Y66.09 E899.3203
G1 X52.405 Y66.09 E899.33618
G1 X52.406 Y75.69 E899.52776
G0 F9000 X52.047 Y75.514
;TYPE:SKIN
G1 F600 X52.23 Y75.331 E899.53034
G0 F9000 X52.007 Y75.271
G1 F600 X52.007 Y74.988 E899.53673
G1 X52.006 Y67.635 E899.70271
G1 X52.006 Y66.503 E899.72826
G1 X51.873 Y66.353 E899.73279
G0 F9000 X51.905 Y66.442
G1 F1500 E893.23279
;MESH:NONMESH
G0 F300 X51.905 Y66.442 Z8.52
G0 F9000 X52.305 Y75.521
G0 X53.27 Y75.52
G0 X69.349 Y75.521
G0 X70.334 Y75.521
G0 X70.809 Y75.52
G1 F1500 E899.73279
G0 F9000 X71.009 Y75.69
;TIME_ELAPSED:2513.205500
;LAYER:70
;TYPE:WALL-OUTER
;MESH:HBridgeMount.stl
G1 F600 X70.557 Y75.69 E899.74181
G1 X70.557 Y66.09 E899.93339
G1 X71.009 Y66.09 E899.94241
G1 X71.009 Y75.69 E900.13398
G0 F9000 X70.782 Y75.307
;TYPE:SKIN
G1 F600 X70.782 Y75.025 E900.13545
G1 X70.782 Y66.539 E900.17969
G1 X70.811 Y66.286 E900.18102
G1 F1500 E893.68102
G0 F9000 X70.79 Y66.29
G0 X70.677 Y75.519
G0 X69.692 Y75.519
G0 X52.927 Y75.575
G0 X51.949 Y75.576
G1 F1500 E900.18102
G0 F9000 X52.063 Y75.69
;TYPE:WALL-OUTER
G1 F600 X51.609 Y75.69 E900.19008
G1 X51.609 Y66.09 E900.38166
G1 X52.062 Y66.09 E900.3907
G1 X52.063 Y75.69 E900.58227
G0 F9000 X51.835 Y75.311
;TYPE:SKIN
G1 F600 X51.835 Y75.028 E900.5838
G1 X51.835 Y66.543 E900.62969
G0 F9000 X51.888 Y66.313
G1 F600 X51.839 Y66.264 E900.63038
;TIME_ELAPSED:2520.406996
G1 F1500 E894.13038
M140 S0
M107
G91 ;Relative positioning
G1 E-2 F2700 ;Retract a bit
G1 E-2 Z0.2 F2400 ;Retract and raise Z
G1 X5 Y5 F3000 ;Wipe out
G1 Z10 ;Raise Z more
G90 ;Absolute positioning

G1 X0 Y220 ;Present print
M106 S0 ;Turn-off fan
M104 S0 ;Turn-off hotend
M140 S0 ;Turn-off bed

M84 X Y E ;Disable all steppers but Z

M82 ;absolute extrusion mode
M104 S0
;End of Gcode
;SETTING_3 {"global_quality": "[general]\\nversion = 4\\nname = Super Quality Cu
;SETTING_3 stom\\ndefinition = creality_ender3pro\\n\\n[metadata]\\ntype = quali
;SETTING_3 ty_changes\\nquality_type = super\\nsetting_version = 19\\n\\n[values
;SETTING_3 ]\\nadhesion_type = none\\nmaterial_bed_temperature = 40\\nmaterial_b
;SETTING_3 ed_temperature_layer_0 = 65\\nsupport_enable = True\\nsupport_structu
;SETTING_3 re = tree\\nsupport_type = everywhere\\n\\n", "extruder_quality": ["[
;SETTING_3 general]\\nversion = 4\\nname = Super Quality Custom\\ndefinition = c
;SETTING_3 reality_ender3pro\\n\\n[metadata]\\ntype = quality_changes\\nquality_
;SETTING_3 type = super\\nintent_category = default\\nposition = 0\\nsetting_ver
;SETTING_3 sion = 19\\n\\n[values]\\ninfill_sparse_density = 25\\nmaterial_print
;SETTING_3 _temperature = 205\\nspeed_print = 60\\n\\n"]}
