;FLAVOR:Marlin
;TIME:902
;Filament used: 0.343712m
;Layer height: 0.12
;MINX:119.96
;MINY:122.373
;MINZ:0.12
;MAXX:155.96
;MAXY:160.373
;MAXZ:5.76
;TARGET_MACHINE.NAME:Creality Ender-3 Pro
;Generated with Cura_SteamEngine 5.10.0
START_PRINT BED_TEMP=50 EXTRUDER_TEMP=205
M82 ;absolute extrusion mode
G92 E0
G92 E0
G1 F1500 E-6.5
;LAYER_COUNT:48
;LAYER:0
M107
G0 F6000 X123.416 Y125.386 Z0.12
;TYPE:SKIRT
G1 F1500 E0
G1 F1200 X124.152 Y124.749 E0.01942
G1 X124.884 Y124.219 E0.03746
G1 X125.781 Y123.684 E0.0583
G1 X126.659 Y123.263 E0.07773
G1 X127.572 Y122.921 E0.09719
G1 X128.509 Y122.662 E0.11659
G1 X129.476 Y122.484 E0.13621
G1 X130.615 Y122.388 E0.15902
G1 X131.272 Y122.373 E0.17214
G1 X144.264 Y122.373 E0.43141
G1 X145.144 Y122.386 E0.44897
G1 X146.116 Y122.445 E0.4684
G1 X147.079 Y122.591 E0.48784
G1 X148.026 Y122.822 E0.50729
G1 X148.914 Y123.122 E0.526
G1 X149.806 Y123.512 E0.54543
G1 X150.689 Y123.999 E0.56555
G1 X151.44 Y124.501 E0.58358
G1 X152.255 Y125.159 E0.60448
G1 X152.953 Y125.837 E0.6239
G1 X153.589 Y126.574 E0.64333
G1 X154.159 Y127.364 E0.66277
G1 X154.621 Y128.14 E0.68079
G1 X155.075 Y129.082 E0.70166
G1 X155.404 Y129.96 E0.72037
G1 X155.673 Y130.932 E0.74049
G1 X155.85 Y131.898 E0.76009
G1 X155.945 Y133.028 E0.78272
G1 X155.96 Y133.703 E0.7962
G1 X155.959 Y148.773 E1.09693
G1 X155.948 Y149.536 E1.11216
G1 X155.891 Y150.509 E1.13161
G1 X155.746 Y151.472 E1.15105
G1 X155.517 Y152.418 E1.17047
G1 X155.206 Y153.342 E1.18993
G1 X154.814 Y154.233 E1.20935
G1 X154.346 Y155.085 E1.22875
G1 X153.824 Y155.866 E1.2475
G1 X153.191 Y156.651 E1.26762
G1 X152.566 Y157.302 E1.28563
G1 X151.777 Y157.99 E1.30652
G1 X151.017 Y158.54 E1.32524
G1 X150.15 Y159.057 E1.34539
G1 X149.272 Y159.479 E1.36483
G1 X148.361 Y159.821 E1.38425
G1 X147.422 Y160.082 E1.4037
G1 X146.456 Y160.26 E1.4233
G1 X145.305 Y160.358 E1.44635
G1 X144.63 Y160.373 E1.45982
G1 X131.524 Y160.372 E1.72137
G1 X130.791 Y160.361 E1.736
G1 X129.819 Y160.304 E1.75543
G1 X128.856 Y160.158 E1.77487
G1 X127.91 Y159.929 E1.79429
G1 X126.986 Y159.617 E1.81375
G1 X126.096 Y159.225 E1.83316
G1 X125.273 Y158.774 E1.85189
G1 X124.434 Y158.213 E1.87203
G1 X123.73 Y157.647 E1.89006
G1 X122.977 Y156.922 E1.91092
G1 X122.34 Y156.186 E1.93034
G1 X121.81 Y155.455 E1.94836
G1 X121.274 Y154.558 E1.96921
G1 X120.852 Y153.68 E1.98865
G1 X120.51 Y152.768 E2.00809
G1 X120.25 Y151.83 E2.02751
G1 X120.072 Y150.861 E2.04718
G1 X119.974 Y149.682 E2.07078
G1 X119.96 Y149.031 E2.08378
G1 X119.961 Y133.898 E2.38577
G1 X119.972 Y133.198 E2.39975
G1 X120.03 Y132.225 E2.4192
G1 X120.176 Y131.262 E2.43863
G1 X120.406 Y130.316 E2.45806
G1 X120.719 Y129.393 E2.47751
G1 X121.111 Y128.503 E2.49692
G1 X121.581 Y127.65 E2.51636
G1 X122.124 Y126.842 E2.53578
G1 X122.691 Y126.138 E2.55382
G1 X123.416 Y125.386 E2.57467
G0 F6000 X123.678 Y125.688
G1 F1200 X124.387 Y125.073 E2.5934
G1 X125.119 Y124.543 E2.61143
G1 X125.955 Y124.044 E2.63086
G1 X126.8 Y123.637 E2.64958
G1 X127.679 Y123.306 E2.66832
G1 X128.582 Y123.055 E2.68703
G1 X129.51 Y122.883 E2.70586
G1 X130.649 Y122.787 E2.72867
G1 X131.281 Y122.773 E2.74129
G1 X144.258 Y122.773 E3.00026
G1 X145.12 Y122.785 E3.01746
G1 X146.057 Y122.841 E3.03619
G1 X146.985 Y122.98 E3.05492
G1 X147.898 Y123.201 E3.07366
G1 X148.754 Y123.489 E3.09169
G1 X149.646 Y123.879 E3.11112
G1 X150.467 Y124.332 E3.12983
G1 X151.218 Y124.834 E3.14786
G1 X151.977 Y125.446 E3.16731
G1 X152.651 Y126.099 E3.18604
G1 X153.265 Y126.808 E3.20476
G1 X153.815 Y127.569 E3.2235
G1 X154.277 Y128.345 E3.24152
G1 X154.7 Y129.222 E3.26095
G1 X155.029 Y130.1 E3.27966
G1 X155.28 Y131.005 E3.2984
G1 X155.451 Y131.932 E3.31721
G1 X155.546 Y133.062 E3.33984
G1 X155.56 Y133.703 E3.35264
G1 X155.559 Y148.768 E3.65328
G1 X155.549 Y149.513 E3.66815
G1 X155.495 Y150.45 E3.68687
G1 X155.357 Y151.379 E3.70562
G1 X155.138 Y152.291 E3.72433
G1 X154.84 Y153.181 E3.74306
G1 X154.463 Y154.041 E3.7618
G1 X154.013 Y154.863 E3.7805
G1 X153.491 Y155.644 E3.79925
G1 X152.902 Y156.374 E3.81797
G1 X152.277 Y157.025 E3.83598
G1 X151.542 Y157.666 E3.85544
G1 X150.782 Y158.216 E3.87416
G1 X149.976 Y158.697 E3.89289
G1 X149.131 Y159.105 E3.91162
G1 X148.253 Y159.436 E3.93034
G1 X147.349 Y159.689 E3.94908
G1 X146.422 Y159.861 E3.96789
G1 X145.271 Y159.959 E3.99095
G1 X144.63 Y159.973 E4.00374
G1 X131.53 Y159.972 E4.26517
G1 X130.814 Y159.962 E4.27946
G1 X129.878 Y159.908 E4.29817
G1 X128.949 Y159.769 E4.31691
G1 X128.037 Y159.55 E4.33563
G1 X127.147 Y159.251 E4.35436
G1 X126.288 Y158.874 E4.37309
G1 X125.465 Y158.423 E4.39181
G1 X124.685 Y157.901 E4.41054
G1 X123.981 Y157.335 E4.42857
G1 X123.279 Y156.66 E4.448
G1 X122.664 Y155.951 E4.46673
G1 X122.134 Y155.22 E4.48475
G1 X121.634 Y154.384 E4.50419
G1 X121.226 Y153.539 E4.52292
G1 X120.895 Y152.661 E4.54164
G1 X120.643 Y151.757 E4.56037
G1 X120.471 Y150.828 E4.57923
G1 X120.373 Y149.649 E4.60284
G1 X120.36 Y149.031 E4.61517
G1 X120.361 Y133.904 E4.91705
G1 X120.371 Y133.221 E4.93068
G1 X120.426 Y132.284 E4.94941
G1 X120.565 Y131.356 E4.96814
G1 X120.785 Y130.444 E4.98686
G1 X121.085 Y129.554 E5.0056
G1 X121.462 Y128.695 E5.02432
G1 X121.913 Y127.873 E5.04303
G1 X122.436 Y127.093 E5.06177
G1 X123.003 Y126.389 E5.07981
G1 X123.678 Y125.688 E5.09923
G0 F6000 X123.941 Y125.99
G1 F1200 X124.622 Y125.397 E5.11725
G1 X125.354 Y124.867 E5.13529
G1 X126.129 Y124.404 E5.1533
G1 X126.942 Y124.011 E5.17132
G1 X127.787 Y123.691 E5.18935
G1 X128.656 Y123.448 E5.20736
G1 X129.544 Y123.282 E5.22539
G1 X130.683 Y123.186 E5.2482
G1 X131.29 Y123.173 E5.26032
G1 X144.253 Y123.173 E5.51901
G1 X145.097 Y123.184 E5.53585
G1 X145.999 Y123.237 E5.55388
G1 X146.892 Y123.369 E5.5719
G1 X147.77 Y123.58 E5.58992
G1 X148.626 Y123.868 E5.60794
G1 X149.453 Y124.23 E5.62596
G1 X150.245 Y124.665 E5.64399
G1 X150.996 Y125.167 E5.66202
G1 X151.699 Y125.734 E5.68004
G1 X152.349 Y126.361 E5.69806
G1 X152.941 Y127.043 E5.71608
G1 X153.471 Y127.774 E5.7341
G1 X153.933 Y128.55 E5.75213
G1 X154.326 Y129.363 E5.77015
G1 X154.644 Y130.208 E5.78816
G1 X154.887 Y131.078 E5.80619
G1 X155.052 Y131.966 E5.82421
G1 X155.147 Y133.096 E5.84684
G1 X155.16 Y133.703 E5.85896
G1 X155.159 Y148.763 E6.1595
G1 X155.15 Y149.49 E6.17401
G1 X155.099 Y150.392 E6.19204
G1 X154.968 Y151.286 E6.21007
G1 X154.759 Y152.164 E6.22808
G1 X154.473 Y153.021 E6.24611
G1 X154.112 Y153.849 E6.26413
G1 X153.68 Y154.641 E6.28214
G1 X153.179 Y155.393 E6.30017
G1 X152.613 Y156.097 E6.3182
G1 X151.988 Y156.748 E6.33621
G1 X151.307 Y157.342 E6.35424
G1 X150.576 Y157.873 E6.37227
G1 X149.802 Y158.337 E6.39028
G1 X148.989 Y158.731 E6.40831
G1 X148.145 Y159.051 E6.42632
G1 X147.275 Y159.296 E6.44436
G1 X146.388 Y159.462 E6.46237
G1 X145.237 Y159.56 E6.48542
G1 X144.63 Y159.573 E6.49754
G1 X131.535 Y159.572 E6.75886
G1 X130.837 Y159.563 E6.77279
G1 X129.936 Y159.512 E6.7908
G1 X129.042 Y159.38 E6.80883
G1 X128.164 Y159.171 E6.82685
G1 X127.307 Y158.884 E6.84488
G1 X126.48 Y158.523 E6.86289
G1 X125.687 Y158.09 E6.88092
G1 X124.936 Y157.589 E6.89894
G1 X124.232 Y157.023 E6.91696
G1 X123.581 Y156.397 E6.93499
G1 X122.988 Y155.716 E6.95301
G1 X122.458 Y154.985 E6.97102
G1 X121.994 Y154.21 E6.98905
G1 X121.6 Y153.397 E7.00708
G1 X121.28 Y152.553 E7.02509
G1 X121.036 Y151.683 E7.04312
G1 X120.87 Y150.795 E7.06115
G1 X120.773 Y149.64 E7.08428
G1 X120.76 Y149.031 E7.09644
G1 X120.761 Y133.909 E7.39821
G1 X120.77 Y133.244 E7.41149
G1 X120.822 Y132.342 E7.42952
G1 X120.954 Y131.449 E7.44753
G1 X121.164 Y130.571 E7.46555
G1 X121.451 Y129.714 E7.48358
G1 X121.813 Y128.887 E7.5016
G1 X122.246 Y128.095 E7.51961
G1 X122.748 Y127.344 E7.53764
G1 X123.315 Y126.64 E7.55568
G1 X123.941 Y125.99 E7.57369
G1 F1500 E1.07369
;MESH:MotorMount_v2.stl
G0 F6000 X131.484 Y132.808
G0 X131.484 Y133.897
G0 X137.665 Y134.73
G0 X135.962 Y136.725
G0 X137.262 Y137.926
G0 X138.662 Y138.429
G0 X138.526 Y138.152
;TYPE:WALL-INNER
G1 F1500 E7.57369
G1 F1182.3 X138.274 Y138.238 E7.57908
G1 F1167.9 X137.874 Y138.269 E7.58731
G1 F1182.3 X137.666 Y138.237 E7.59157
G1 F1194 X137.198 Y138.064 E7.60158
G1 F1200 X136.851 Y137.78 E7.61052
G1 X136.573 Y137.257 E7.62234
G1 X136.528 Y137.101 E7.62558
G1 X136.528 Y136.6 E7.63558
G1 X136.67 Y136.132 E7.64534
G1 X137.012 Y135.733 E7.65583
G1 X137.253 Y135.563 E7.66171
G1 X137.703 Y135.391 E7.67133
G1 X138.142 Y135.372 E7.6801
G1 X138.65 Y135.556 E7.69088
G1 X138.895 Y135.723 E7.6968
G1 X139.163 Y136.027 E7.70488
G1 X139.294 Y136.275 E7.71048
G1 X139.394 Y136.667 E7.71855
G1 X139.404 Y136.92 E7.72361
G1 X139.258 Y137.509 E7.73572
G1 X138.837 Y137.973 E7.74822
G1 X138.526 Y138.152 E7.75538
G0 F6000 X138.662 Y138.429
G0 X139.331 Y138.757
G0 X139.879 Y139.129
G0 X140.303 Y139.575
G0 X140.635 Y140.12
G0 X140.842 Y140.724
G0 X140.914 Y141.36
G0 X140.843 Y142.018
G0 X140.646 Y142.601
G0 X140.32 Y143.15
G0 X138.94 Y144.502
G0 X139.488 Y145.12
G0 X139.687 Y145.915
G0 X139.488 Y146.73
G0 X139.011 Y147.256
G0 X138.389 Y147.621
G0 X138.352 Y147.312
G1 F1200 X137.759 Y147.373 E7.76728
G1 X137.281 Y147.195 E7.77746
G1 X136.929 Y146.944 E7.78608
G1 X136.785 Y146.764 E7.79068
G1 X136.597 Y146.409 E7.7987
G1 X136.528 Y146.15 E7.80405
G1 X136.528 Y145.617 E7.81469
G1 X136.692 Y145.206 E7.82352
G1 F1197 X137.115 Y144.716 E7.83647
G1 F1182.3 X137.733 Y144.476 E7.8499
G1 X138.158 Y144.475 E7.8585
G1 F1194 X138.723 Y144.688 E7.87061
G1 F1200 X138.895 Y144.823 E7.87498
G1 X139.251 Y145.229 E7.88575
G1 X139.432 Y145.912 E7.89985
G1 X139.295 Y146.462 E7.91117
G1 X139.156 Y146.72 E7.91701
G1 X138.79 Y147.122 E7.92786
G1 X138.352 Y147.312 E7.93739
G0 F6000 X138.429 Y147.748
G1 F1021.3 X137.844 Y147.791 E7.95115
G1 F1124.1 X137.492 Y147.7 E7.95889
G1 F1200 X137.14 Y147.569 E7.96639
G1 X136.741 Y147.335 E7.97562
G1 X136.431 Y146.951 E7.98547
G1 X136.243 Y146.596 E7.99348
G1 X136.128 Y146.164 E8.0024
G1 X136.128 Y145.724 E8.01118
G1 X136.164 Y145.457 E8.01656
G1 X136.33 Y145.013 E8.02602
G1 X136.757 Y144.52 E8.03904
G1 X137.046 Y144.323 E8.04601
G1 X136.708 Y144.204 E8.05317
G1 X136.196 Y143.934 E8.06472
G1 X135.683 Y143.487 E8.0783
G1 X135.307 Y142.987 E8.09078
G1 X135.016 Y142.368 E8.10443
G1 X134.868 Y141.711 E8.11787
G1 X134.868 Y141.028 E8.1315
G1 X135.015 Y140.381 E8.14474
G1 X135.29 Y139.779 E8.15795
G1 X135.709 Y139.23 E8.17173
G1 X136.197 Y138.821 E8.18444
G1 X136.77 Y138.5 E8.19754
G1 X137.014 Y138.429 E8.20261
G1 X136.672 Y138.15 E8.21142
G1 X136.489 Y137.948 E8.21686
G1 X136.203 Y137.41 E8.22902
G1 X136.128 Y137.149 E8.23444
G1 X136.128 Y136.585 E8.2457
G1 X136.219 Y136.155 E8.25447
G1 X136.444 Y135.781 E8.26318
G1 X136.708 Y135.473 E8.27127
G1 X137.11 Y135.19 E8.28108
G1 F1111.1 X137.666 Y134.963 E8.29403
G1 F1048 X138.048 Y134.95 E8.30276
G1 F1126.8 X138.39 Y135.036 E8.31026
G1 F1200 X138.787 Y135.18 E8.31868
G1 X139.195 Y135.458 E8.32854
G1 X139.463 Y135.762 E8.33662
G1 X139.682 Y136.176 E8.34597
G1 X139.82 Y136.717 E8.35711
G1 X139.798 Y136.989 E8.36256
G1 X139.672 Y137.5 E8.37306
G1 X139.555 Y137.776 E8.37904
G1 X139.104 Y138.274 E8.39245
G1 X138.907 Y138.402 E8.39714
G1 X139.507 Y138.689 E8.41041
G1 X139.956 Y138.994 E8.42124
G1 X140.438 Y139.499 E8.43518
G1 X140.781 Y140.078 E8.44861
G1 X140.997 Y140.714 E8.46201
G1 X141.062 Y141.357 E8.47491
G1 X140.993 Y142.042 E8.48865
G1 X140.781 Y142.666 E8.5018
G1 X140.438 Y143.245 E8.51523
G1 X139.997 Y143.708 E8.52799
G1 X139.421 Y144.116 E8.54207
G1 X138.89 Y144.326 E8.55347
G1 X139.195 Y144.558 E8.56112
G1 X139.565 Y144.979 E8.5723
G1 X139.674 Y145.248 E8.57809
G1 X139.822 Y145.83 E8.59008
G1 X139.783 Y146.159 E8.59669
G1 X139.683 Y146.559 E8.60492
G1 X139.452 Y146.989 E8.61466
G1 X139.172 Y147.297 E8.62296
G1 X138.895 Y147.511 E8.62995
G1 F1083.5 X138.429 Y147.748 E8.6415
G0 F6000 X138.958 Y147.315
G0 X139.488 Y146.73
G0 X139.687 Y145.915
G0 X139.508 Y145.199
G0 X138.735 Y144.282
G0 X138.684 Y143.974
G1 F1188.1 X138.116 Y144.07 E8.65312
G1 F1179.4 X137.608 Y144.057 E8.66343
G1 F1188.1 X136.955 Y143.883 E8.67705
G1 F1200 X136.419 Y143.593 E8.68922
G1 X136.002 Y143.236 E8.70017
G1 X135.651 Y142.781 E8.71164
G1 X135.395 Y142.232 E8.72373
G1 X135.268 Y141.669 E8.73524
G1 X135.268 Y141.073 E8.74714
G1 X135.395 Y140.511 E8.75864
G1 X135.635 Y139.989 E8.7701
G1 X135.979 Y139.528 E8.78158
G1 X136.427 Y139.148 E8.7933
G1 X136.946 Y138.86 E8.80515
G1 X137.572 Y138.698 E8.81805
G1 F1176.5 X138.113 Y138.664 E8.82909
G1 F1179.4 X138.797 Y138.785 E8.84319
G1 F1200 X139 Y138.893 E8.84778
G1 X139.282 Y139.02 E8.85395
G1 X139.718 Y139.322 E8.86454
G1 X140.117 Y139.741 E8.87608
G1 X140.418 Y140.249 E8.88787
G1 X140.603 Y140.795 E8.89937
G1 X140.66 Y141.358 E8.91066
G1 X140.604 Y141.924 E8.92201
G1 X140.42 Y142.492 E8.93393
G1 X140.119 Y143 E8.94571
G1 X139.731 Y143.409 E8.95696
G1 X139.229 Y143.761 E8.9692
G1 X138.684 Y143.974 E8.98088
G0 F6000 X138.735 Y144.282
G0 X139.488 Y145.12
G0 X139.687 Y145.915
G0 X139.488 Y146.73
G0 X138.431 Y147.993
G0 X138.874 Y148.272
G1 F1200 X143.86 Y148.272 E9.08038
G1 X143.86 Y134.472 E9.35577
G1 X138.489 Y134.472 E9.46295
G1 F1126.8 X138.048 Y134.498 E9.47234
G1 F1048 X137.626 Y134.504 E9.48199
G1 F1081.1 X137.38 Y134.484 E9.48745
G1 F1165 X136.978 Y134.472 E9.49572
G1 F1200 X132.06 Y134.472 E9.59387
G1 X132.06 Y148.272 E9.86926
G1 X137.389 Y148.272 E9.9756
G1 F1124.1 X137.844 Y148.245 E9.98531
G1 F1021.3 X138.47 Y148.229 E10
G1 F1083.5 X138.874 Y148.272 E10.00898
G0 F6000 X143.98 Y148.393
G0 X144.26 Y148.672
G1 F1200 X144.26 Y134.072 E10.30034
G1 X131.66 Y134.072 E10.55178
G1 X131.66 Y148.672 E10.84314
G1 X144.26 Y148.672 E11.09459
G0 F6000 X144.66 Y149.072
;TYPE:WALL-OUTER
G1 F1200 X144.66 Y133.672 E11.40191
G1 X131.26 Y133.672 E11.66932
G1 X131.26 Y149.072 E11.97665
G1 X144.66 Y149.072 E12.24406
G1 F1500 E5.74406
G0 F6000 X144.38 Y148.793
G0 X138.87 Y148.111
G0 X138.076 Y148.054
G0 X138.691 Y147.069
G0 X138.553 Y146.788
G1 F1500 E12.24406
G1 F1200 X138.283 Y146.918 E12.25004
G1 X137.814 Y146.967 E12.25945
G1 X137.421 Y146.82 E12.26782
G1 X137.159 Y146.616 E12.27445
G1 X136.928 Y146.178 E12.28433
G1 X136.928 Y145.688 E12.29411
G1 X137.028 Y145.435 E12.29954
G1 X137.343 Y145.062 E12.30928
G1 X137.819 Y144.881 E12.31944
G1 X138.069 Y144.876 E12.32443
G1 X138.565 Y145.052 E12.33494
G1 X138.889 Y145.429 E12.34486
G1 X139.019 Y145.916 E12.35492
G1 X138.895 Y146.412 E12.36512
G1 X138.553 Y146.788 E12.37526
G1 F1500 E5.87526
G0 F6000 X138.691 Y147.069
G0 X139.124 Y146.536
G0 X139.275 Y145.917
G0 X139.583 Y145.658
G0 X138.619 Y143.896
G0 X138.569 Y143.59
G1 F1500 E12.37526
G1 F1200 X138.087 Y143.668 E12.38501
G1 X137.598 Y143.644 E12.39478
G1 X137.121 Y143.513 E12.40465
G1 X136.651 Y143.267 E12.41523
G1 X136.276 Y142.944 E12.42511
G1 X135.986 Y142.553 E12.43483
G1 X135.772 Y142.085 E12.4451
G1 X135.67 Y141.635 E12.4543
G1 X135.672 Y141.099 E12.465
G1 X135.785 Y140.621 E12.4748
G1 X135.991 Y140.18 E12.48452
G1 X136.276 Y139.8 E12.49399
G1 X136.642 Y139.487 E12.50361
G1 X137.097 Y139.236 E12.51398
G1 X137.614 Y139.096 E12.52466
G1 X138.083 Y139.078 E12.53403
G1 X138.701 Y139.173 E12.54651
G1 X138.781 Y139.236 E12.54854
G1 X139.057 Y139.35 E12.5545
G1 X139.453 Y139.622 E12.56409
G1 X139.809 Y140.006 E12.57454
G1 X140.058 Y140.435 E12.58443
G1 X140.212 Y140.903 E12.59427
G1 X140.256 Y141.38 E12.60383
G1 X140.21 Y141.855 E12.61335
G1 X140.058 Y142.309 E12.6229
G1 X139.809 Y142.738 E12.6328
G1 X139.465 Y143.11 E12.64291
G1 X139.019 Y143.414 E12.65369
G1 X138.569 Y143.59 E12.66333
G1 F1500 E6.16333
G0 F6000 X138.619 Y143.896
G0 X139.165 Y143.621
G0 X139.62 Y143.31
G0 X139.999 Y142.908
G0 X140.281 Y142.433
G0 X140.45 Y141.931
G0 X140.511 Y141.361
G0 X140.449 Y140.812
G0 X140.304 Y140.39
G0 X138.791 Y137.893
G0 X138.558 Y137.68
G1 F1500 E12.66333
G1 F1200 X138.27 Y137.819 E12.66971
G1 X137.818 Y137.868 E12.67878
G1 X137.387 Y137.707 E12.68796
G1 X137.15 Y137.497 E12.69428
G1 X136.931 Y137.083 E12.70363
G1 X136.928 Y136.616 E12.71295
G1 X137.028 Y136.329 E12.71902
G1 X137.348 Y135.955 E12.72884
G1 X137.772 Y135.793 E12.7379
G1 X138.079 Y135.774 E12.74403
G1 X138.562 Y135.95 E12.75429
G1 X138.894 Y136.326 E12.7643
G1 X139.019 Y136.816 E12.77439
G1 X138.891 Y137.318 E12.78473
G1 X138.558 Y137.68 E12.79455
G0 F6000 X138.791 Y137.893
G0 X140.27 Y140.291
G0 X140.449 Y140.812
G0 X140.511 Y141.361
G0 X140.45 Y141.931
G0 X140.281 Y142.433
G0 X139.999 Y142.908
G0 X139.62 Y143.31
G0 X139.241 Y143.565
G0 X139.518 Y147.066
G0 X139.716 Y147.236
;TYPE:SKIN
G1 F1200 X140.013 Y146.686 E12.80702
G1 X140.13 Y146.25 E12.81603
G1 X140.168 Y145.912 E12.82282
G1 X140.135 Y145.605 E12.82898
G1 X139.951 Y144.942 E12.84271
G1 X139.745 Y144.641 E12.84999
G1 X139.575 Y144.445 E12.85517
G1 X140.212 Y143.996 E12.87072
G1 X140.712 Y143.48 E12.88506
G1 X141.114 Y142.798 E12.90086
G1 X141.346 Y142.115 E12.91525
G1 X141.424 Y141.381 E12.92998
G1 X141.363 Y140.782 E12.942
G1 X141.309 Y140.511 E12.94751
G1 X141.118 Y139.943 E12.95947
G1 X140.804 Y139.412 E12.97178
G1 X140.625 Y139.169 E12.97781
G1 X140.169 Y138.702 E12.99083
G1 X139.566 Y138.293 E13.00537
G1 X139.719 Y138.128 E13.00986
G1 X139.888 Y137.892 E13.01565
G1 X140.003 Y137.637 E13.02124
G1 X140.154 Y137.051 E13.03331
G1 X140.16 Y136.618 E13.04195
G1 X140.031 Y136.087 E13.05286
G1 X139.753 Y135.553 E13.06487
G1 X139.47 Y135.227 E13.07349
G1 X138.905 Y134.836 E13.0872
G1 X143.5 Y134.832 E13.1789
G1 X143.5 Y147.912 E13.43992
G1 X138.956 Y147.911 E13.5306
G1 X139.411 Y147.563 E13.54204
G1 X139.716 Y147.236 E13.55096
G0 F6000 X139.663 Y147.582
G1 F1200 X139.793 Y147.712 E13.55463
G0 F6000 X139.926 Y147.28
G1 F1200 X140.359 Y147.712 E13.56683
G0 F6000 X140.924 Y147.712
G1 F1200 X140.121 Y146.909 E13.5895
G0 F6000 X140.273 Y146.496
G1 F1200 X141.49 Y147.712 E13.62383
G0 F6000 X142.056 Y147.712
G1 F1200 X140.356 Y146.013 E13.67179
G0 F6000 X140.277 Y145.368
G1 F1200 X142.621 Y147.712 E13.73795
G0 F6000 X143.187 Y147.712
G1 F1200 X139.922 Y144.447 E13.83009
G0 F6000 X140.251 Y144.211
G1 F1200 X143.3 Y147.26 E13.91614
G0 F6000 X143.3 Y146.694
G1 F1200 X140.545 Y143.939 E13.99389
G0 F6000 X140.823 Y143.652
G1 F1200 X143.3 Y146.129 E14.0638
G0 F6000 X143.3 Y145.563
G1 F1200 X141.049 Y143.311 E14.12734
G0 F6000 X141.258 Y142.955
G1 F1200 X143.3 Y144.997 E14.18497
G0 F6000 X143.3 Y144.432
G1 F1200 X141.411 Y142.542 E14.2383
G0 F6000 X141.547 Y142.112
G1 F1200 X143.3 Y143.866 E14.28778
G0 F6000 X143.3 Y143.3
G1 F1200 X141.602 Y141.602 E14.33571
G0 F6000 X141.59 Y141.025
G1 F1200 X143.3 Y142.734 E14.38395
G0 F6000 X143.3 Y142.169
G1 F1200 X141.455 Y140.324 E14.43602
G0 F6000 X141.021 Y140.47
G0 X140.529 Y139.474
G0 X140.897 Y139.2
G1 F1200 X143.3 Y141.603 E14.50384
G0 F6000 X143.3 Y141.037
G1 F1200 X140.124 Y137.861 E14.59347
G0 F6000 X139.905 Y138.208
G1 F1200 X140.13 Y138.433 E14.59982
G0 F6000 X139.87 Y138.814
G0 X139.255 Y138.362
G0 X139.818 Y137.323
G0 X140.261 Y137.433
G1 F1200 X143.3 Y140.472 E14.68559
G0 F6000 X143.3 Y139.906
G1 F1200 X140.353 Y136.959 E14.76876
G0 F6000 X140.296 Y136.336
G1 F1200 X143.3 Y139.34 E14.85354
G0 F6000 X143.3 Y138.775
G1 F1200 X139.619 Y135.093 E14.95744
G0 F6000 X140.122 Y135.031
G1 F1200 X143.3 Y138.209 E15.04713
G0 F6000 X143.3 Y137.643
G1 F1200 X140.688 Y135.031 E15.12085
G0 F6000 X141.254 Y135.031
G1 F1200 X143.3 Y137.078 E15.1786
G0 F6000 X143.3 Y136.512
G1 F1200 X141.82 Y135.032 E15.22037
G0 F6000 X142.386 Y135.032
G1 F1200 X143.3 Y135.946 E15.24617
G0 F6000 X143.3 Y135.381
G1 F1200 X142.952 Y135.032 E15.256
G0 F6000 X142.952 Y134.572
G0 X138.487 Y134.633
G0 X138.009 Y134.721
G0 X139.838 Y136.141
G0 X139.57 Y137.998
G0 X139.255 Y138.362
G0 X140.292 Y139.565
G0 X140.635 Y140.12
G0 X140.842 Y140.724
G0 X140.914 Y141.36
G0 X140.843 Y142.018
G0 X140.646 Y142.601
G0 X140.32 Y143.15
G0 X138.94 Y144.502
G0 X139.488 Y145.12
G0 X139.687 Y145.915
G0 X139.488 Y146.73
G0 X138.958 Y147.315
G0 X138.49 Y147.547
G0 X137.753 Y147.637
G0 X137.355 Y147.488
G0 X136.337 Y146.989
G0 X136.106 Y147.113
G1 F1200 X136.503 Y147.611 E15.26871
G1 X137.017 Y147.91 E15.28058
G1 X132.421 Y147.911 E15.3723
G1 X132.421 Y134.833 E15.63328
G1 X136.996 Y134.836 E15.72458
G1 X136.428 Y135.24 E15.73849
G1 X136.172 Y135.537 E15.74632
G1 X135.879 Y136.016 E15.75752
G1 X135.768 Y136.572 E15.76884
G1 X135.77 Y137.203 E15.78143
G1 X135.859 Y137.519 E15.78798
G1 X136.153 Y138.103 E15.80103
G1 X136.346 Y138.326 E15.80691
G1 X136.007 Y138.512 E15.81463
G1 X135.417 Y139.007 E15.83
G1 X135.059 Y139.484 E15.8419
G1 X134.922 Y139.72 E15.84735
G1 X134.678 Y140.243 E15.85886
G1 X134.54 Y140.844 E15.87117
G1 X134.509 Y141.122 E15.87675
G1 X134.511 Y141.759 E15.88946
G1 X134.636 Y142.335 E15.90122
G1 X134.731 Y142.604 E15.90692
G1 X134.982 Y143.148 E15.91887
G1 X135.42 Y143.736 E15.93351
G1 X136.002 Y144.233 E15.94878
G1 X136.359 Y144.425 E15.95687
G1 X136.158 Y144.658 E15.96301
G1 X135.994 Y144.899 E15.96883
G1 X135.814 Y145.355 E15.97861
G1 X135.769 Y145.703 E15.98561
G1 X135.774 Y146.216 E15.99585
G1 X135.91 Y146.728 E16.00642
G1 X136.106 Y147.113 E16.01504
G0 F6000 X136.337 Y146.989
G0 X137.883 Y148.021
G0 X137.391 Y148.111
G0 X132.232 Y148.1
G0 X132.16 Y147.329
G0 X132.621 Y147.329
G1 F1200 X133.003 Y147.71 E16.02581
G0 F6000 X133.568 Y147.71
G1 F1200 X132.621 Y146.763 E16.05254
G0 F6000 X132.621 Y146.197
G1 F1200 X134.133 Y147.71 E16.09522
G0 F6000 X134.699 Y147.71
G1 F1200 X132.621 Y145.631 E16.15388
G0 F6000 X132.621 Y145.066
G1 F1200 X135.264 Y147.709 E16.22847
G0 F6000 X135.83 Y147.709
G1 F1200 X132.621 Y144.5 E16.31904
G0 F6000 X132.621 Y143.934
G1 F1200 X136.032 Y147.346 E16.41532
G0 F6000 X136.392 Y147.057
G0 X136.047 Y146.234
G0 X135.603 Y146.351
G1 F1200 X132.621 Y143.369 E16.49948
G0 F6000 X132.621 Y142.803
G1 F1200 X135.57 Y145.752 E16.5827
G0 F6000 X135.639 Y145.256
G1 F1200 X132.621 Y142.237 E16.66789
G0 F6000 X132.621 Y141.672
G1 F1200 X135.795 Y144.846 E16.75747
G0 F6000 X136.025 Y144.511
G1 F1200 X135.939 Y144.424 E16.75991
G0 F6000 X136.167 Y144.033
G0 X135.287 Y143.129
G0 X134.92 Y143.405
G1 F1200 X132.621 Y141.106 E16.82479
G0 F6000 X132.621 Y140.54
G1 F1200 X134.44 Y142.36 E16.87614
G0 F6000 X134.314 Y141.667
G1 F1200 X132.621 Y139.975 E16.92391
G0 F6000 X132.621 Y139.409
G1 F1200 X134.311 Y141.099 E16.97161
G0 F6000 X134.388 Y140.61
G1 F1200 X132.621 Y138.843 E17.02147
G0 F6000 X132.621 Y138.278
G1 F1200 X134.499 Y140.156 E17.07448
G0 F6000 X134.679 Y139.77
G1 F1200 X132.621 Y137.712 E17.13256
G0 F6000 X132.621 Y137.146
G1 F1200 X134.877 Y139.403 E17.19624
G0 F6000 X135.116 Y139.076
G1 F1200 X132.621 Y136.581 E17.26665
G0 F6000 X132.621 Y136.015
G1 F1200 X135.381 Y138.775 E17.34455
G0 F6000 X135.687 Y138.516
G1 F1200 X132.621 Y135.449 E17.43109
G0 F6000 X132.771 Y135.033
G1 F1200 X136.016 Y138.279 E17.52269
G0 F6000 X136.24 Y138.683
G0 X136.64 Y138.374
G0 X136.027 Y137.157
G0 X135.586 Y137.283
G1 F1200 X133.336 Y135.033 E17.58619
G0 F6000 X133.902 Y135.033
G1 F1200 X135.569 Y136.701 E17.63325
G0 F6000 X135.639 Y136.204
G1 F1200 X134.468 Y135.033 E17.66629
G0 F6000 X135.033 Y135.033
G1 F1200 X135.786 Y135.786 E17.68755
G0 F6000 X136.002 Y135.436
G1 F1200 X135.598 Y135.033 E17.69893
G0 F6000 X136.164 Y135.033
G1 F1200 X136.26 Y135.129 E17.70164
M104 S205
G1 F1500 E11.20164
;MESH:NONMESH
G0 F300 X136.26 Y135.129 Z0.24
G0 F6000 X136.61 Y135.432
G0 X137.665 Y134.73
G0 X131.484 Y133.897
G0 X131.484 Y132.808
G0 X123.941 Y125.99
;TIME_ELAPSED:62.269047
;LAYER:1
M140 S65
M106 S85
;TYPE:SKIRT
G1 F1500 E17.70164
G1 F1200 X124.622 Y125.397 E17.71966
G1 X125.354 Y124.867 E17.7377
G1 X126.129 Y124.404 E17.75571
G1 X126.942 Y124.011 E17.77373
G1 X127.787 Y123.691 E17.79177
G1 X128.656 Y123.448 E17.80977
G1 X129.544 Y123.282 E17.8278
G1 X130.683 Y123.186 E17.85061
G1 X131.29 Y123.173 E17.86273
G1 X144.253 Y123.173 E18.12142
G1 X145.097 Y123.184 E18.13826
G1 X145.999 Y123.237 E18.15629
G1 X146.892 Y123.369 E18.17431
G1 X147.77 Y123.58 E18.19233
G1 X148.626 Y123.868 E18.21035
G1 X149.453 Y124.23 E18.22837
G1 X150.245 Y124.665 E18.2464
G1 X150.996 Y125.167 E18.26443
G1 X151.699 Y125.734 E18.28245
G1 X152.349 Y126.361 E18.30047
G1 X152.941 Y127.043 E18.31849
G1 X153.471 Y127.774 E18.33651
G1 X153.933 Y128.55 E18.35454
G1 X154.326 Y129.363 E18.37256
G1 X154.644 Y130.208 E18.39057
G1 X154.887 Y131.078 E18.4086
G1 X155.052 Y131.966 E18.42662
G1 X155.147 Y133.096 E18.44925
G1 X155.16 Y133.703 E18.46137
G1 X155.159 Y148.763 E18.76191
G1 X155.15 Y149.49 E18.77642
G1 X155.099 Y150.392 E18.79445
G1 X154.968 Y151.286 E18.81248
G1 X154.759 Y152.164 E18.83049
G1 X154.473 Y153.021 E18.84852
G1 X154.112 Y153.849 E18.86655
G1 X153.68 Y154.641 E18.88455
G1 X153.179 Y155.393 E18.90258
G1 X152.613 Y156.097 E18.92061
G1 X151.988 Y156.748 E18.93862
G1 X151.307 Y157.342 E18.95665
G1 X150.576 Y157.873 E18.97468
G1 X149.802 Y158.337 E18.99269
G1 X148.989 Y158.731 E19.01072
G1 X148.145 Y159.051 E19.02873
G1 X147.275 Y159.296 E19.04677
G1 X146.388 Y159.462 E19.06478
G1 X145.237 Y159.56 E19.08783
G1 X144.63 Y159.573 E19.09995
G1 X131.535 Y159.572 E19.36127
G1 X130.837 Y159.563 E19.3752
G1 X129.936 Y159.512 E19.39321
G1 X129.042 Y159.38 E19.41124
G1 X128.164 Y159.171 E19.42926
G1 X127.307 Y158.884 E19.44729
G1 X126.48 Y158.523 E19.4653
G1 X125.687 Y158.09 E19.48333
G1 X124.936 Y157.589 E19.50135
G1 X124.232 Y157.023 E19.51937
G1 X123.581 Y156.397 E19.5374
G1 X122.988 Y155.716 E19.55542
G1 X122.458 Y154.985 E19.57343
G1 X121.994 Y154.21 E19.59146
G1 X121.6 Y153.397 E19.60949
G1 X121.28 Y152.553 E19.6275
G1 X121.036 Y151.683 E19.64553
G1 X120.87 Y150.795 E19.66356
G1 X120.773 Y149.64 E19.68669
G1 X120.76 Y149.031 E19.69885
G1 X120.761 Y133.909 E20.00062
G1 X120.77 Y133.244 E20.0139
G1 X120.822 Y132.342 E20.03193
G1 X120.954 Y131.449 E20.04994
G1 X121.164 Y130.571 E20.06796
G1 X121.451 Y129.714 E20.08599
G1 X121.813 Y128.887 E20.10401
G1 X122.246 Y128.095 E20.12202
G1 X122.748 Y127.344 E20.14005
G1 X123.315 Y126.64 E20.15809
G1 X123.941 Y125.99 E20.1761
G1 F1500 E13.6761
;MESH:MotorMount_v2.stl
G0 F9000 X131.384 Y132.708
G0 X131.384 Y133.797
G0 X138.421 Y134.718
G0 X137.868 Y134.764
G0 X136.063 Y136.721
G0 X137.297 Y137.832
G0 X138.649 Y138.338
G0 X138.474 Y138.083
;TYPE:WALL-INNER
G1 F1500 E20.1761
G1 F1585.9 X137.902 Y138.234 E20.1895
G1 F1636.4 X137.233 Y137.967 E20.20531
G1 F1714.3 X136.934 Y137.717 E20.21347
G1 F1756.1 X136.628 Y137.154 E20.22658
G1 F1786.6 X136.628 Y136.617 E20.23738
G1 F1800 X136.755 Y136.172 E20.24661
G1 X137.085 Y135.803 E20.25649
G1 X137.318 Y135.643 E20.26213
G1 X137.782 Y135.466 E20.27204
G1 X138.301 Y135.524 E20.28247
G1 X138.513 Y135.591 E20.2869
G1 X138.835 Y135.807 E20.29464
G1 X139.071 Y136.075 E20.30177
G1 X139.202 Y136.325 E20.3074
G1 X139.305 Y136.759 E20.3163
G1 X139.27 Y137.177 E20.32467
G1 F1739.1 X138.99 Y137.72 E20.33729
G1 F1636.4 X138.474 Y138.083 E20.35114
G0 F9000 X138.649 Y138.338
G0 X139.806 Y139.198
G0 X140.232 Y139.646
G0 X140.55 Y140.176
G0 X140.748 Y140.759
G0 X140.815 Y141.373
G0 X140.748 Y141.986
G0 X140.551 Y142.571
G0 X140.232 Y143.101
G0 X138.711 Y144.523
G0 X139.398 Y145.169
G0 X139.571 Y145.871
G0 X139.512 Y146.359
G0 X139.209 Y146.936
G0 X138.74 Y147.375
G0 X138.565 Y147.119
G1 F1800 X138.328 Y147.215 E20.35624
G1 X137.782 Y147.278 E20.36721
G1 X137.318 Y147.101 E20.37712
G1 X136.925 Y146.816 E20.38681
G1 X136.696 Y146.379 E20.39665
G1 X136.628 Y146.127 E20.40186
G1 X136.628 Y145.635 E20.41168
G1 X136.799 Y145.229 E20.42047
G1 X137.16 Y144.819 E20.43137
G1 X137.502 Y144.673 E20.4388
G1 F1572.1 X137.789 Y144.523 E20.4462
G1 F1390 X138.085 Y144.54 E20.45386
G1 F1487.6 X138.305 Y144.599 E20.45936
G1 F1690.1 X138.669 Y144.775 E20.46795
G1 F1800 X138.835 Y144.907 E20.47218
G1 X139.164 Y145.28 E20.48211
G1 X139.314 Y145.865 E20.49416
G1 X139.27 Y146.28 E20.50249
G1 X139.053 Y146.697 E20.51187
G1 X138.861 Y146.915 E20.51767
G1 X138.565 Y147.119 E20.52484
G0 F9000 X138.413 Y147.7
G1 F1267.6 X137.868 Y147.744 E20.54033
G1 F1512.6 X137.176 Y147.475 E20.55797
G1 F1800 X136.791 Y147.242 E20.56695
G1 X136.51 Y146.886 E20.576
G1 X136.342 Y146.565 E20.58323
G1 X136.228 Y146.144 E20.59193
G1 X136.228 Y145.744 E20.59991
G1 X136.263 Y145.479 E20.60525
G1 X136.354 Y145.223 E20.61067
G1 X136.471 Y145 E20.6157
G1 X136.829 Y144.592 E20.62653
G1 X136.99 Y144.463 E20.63065
G1 X137.349 Y144.304 E20.63848
G1 X136.838 Y144.158 E20.64909
G1 X136.295 Y143.875 E20.66131
G1 X135.777 Y143.439 E20.67482
G1 X135.39 Y142.933 E20.68753
G1 X135.107 Y142.332 E20.70079
G1 X134.968 Y141.692 E20.71386
G1 X134.968 Y141.047 E20.72673
G1 X135.108 Y140.407 E20.7398
G1 X135.392 Y139.807 E20.75305
G1 X135.794 Y139.289 E20.76613
G1 X136.286 Y138.874 E20.77898
G1 X136.848 Y138.58 E20.79164
G1 X137.344 Y138.439 E20.80193
G1 X136.983 Y138.277 E20.80982
G1 X136.734 Y138.07 E20.81628
G1 X136.556 Y137.873 E20.82158
G1 X136.303 Y137.383 E20.83259
G1 X136.228 Y137.125 E20.83795
G1 X136.228 Y136.6 E20.84843
G1 X136.31 Y136.195 E20.85667
G1 X136.547 Y135.804 E20.8658
G1 X136.787 Y135.536 E20.87298
G1 X137.176 Y135.269 E20.88239
G1 F1686.2 X137.502 Y135.116 E20.89006
G1 F1406.2 X137.718 Y134.988 E20.89648
G1 F1254.4 X138.36 Y135.038 E20.91492
G1 F1469.4 X138.859 Y135.323 E20.92897
G1 F1800 X139.135 Y135.543 E20.93601
G1 X139.371 Y135.811 E20.94314
G1 X139.59 Y136.227 E20.95252
G1 X139.718 Y136.73 E20.96288
G1 X139.659 Y137.283 E20.97397
G1 X139.359 Y137.882 E20.98734
G1 X139.169 Y138.08 E20.99282
G1 X138.696 Y138.415 E21.00439
G1 X138.588 Y138.445 E21.00662
G1 X138.813 Y138.495 E21.01122
G1 X139.375 Y138.725 E21.02334
G1 X139.893 Y139.079 E21.03586
G1 X140.346 Y139.545 E21.04883
G1 X140.687 Y140.108 E21.06197
G1 X140.896 Y140.726 E21.07499
G1 X140.96 Y141.372 E21.08794
G1 X140.893 Y142.026 E21.10106
G1 X140.688 Y142.635 E21.11388
G1 X140.346 Y143.198 E21.12703
G1 X139.881 Y143.68 E21.14039
G1 X139.369 Y144.029 E21.15276
G1 X138.768 Y144.267 E21.16566
G1 X138.592 Y144.298 E21.16923
G1 X138.858 Y144.423 E21.17509
G1 X139.136 Y144.642 E21.18215
G1 X139.457 Y145.01 E21.1919
G1 X139.567 Y145.235 E21.1969
G1 X139.717 Y145.829 E21.20912
G1 X139.676 Y146.234 E21.21725
G1 X139.572 Y146.565 E21.22417
G1 X139.408 Y146.881 E21.23127
G1 X139.088 Y147.244 E21.24093
G1 F1463.4 X138.413 Y147.7 E21.26093
G0 F9000 X139.175 Y147
G0 X139.512 Y146.359
G0 X139.571 Y145.871
G0 X139.415 Y145.239
G0 X138.673 Y144.193
G0 X138.625 Y143.887
G1 F1690.1 X138.293 Y143.966 E21.26818
G1 F1487.6 X138.103 Y144.027 E21.273
G1 F1428.6 X137.665 Y144.003 E21.28403
G1 F1618 X137.469 Y143.922 E21.28874
G1 F1800 X136.992 Y143.788 E21.29862
G1 X136.493 Y143.521 E21.30992
G1 X136.081 Y143.171 E21.32071
G1 X135.734 Y142.725 E21.33198
G1 X135.486 Y142.199 E21.34359
G1 X135.368 Y141.65 E21.35479
G1 X135.368 Y141.086 E21.36605
G1 X135.488 Y140.54 E21.37721
G1 X135.734 Y140.02 E21.38869
G1 X136.064 Y139.591 E21.39949
G1 X136.483 Y139.23 E21.41052
G1 X136.97 Y138.967 E21.42157
G1 X137.471 Y138.818 E21.432
G1 F1686.2 X138.002 Y138.711 E21.44354
G1 F1651.4 X138.285 Y138.791 E21.44994
G1 F1756.1 X138.686 Y138.874 E21.45831
G1 F1800 X139.183 Y139.077 E21.46903
G1 X139.635 Y139.385 E21.47994
G1 X140.027 Y139.791 E21.4912
G1 X140.323 Y140.278 E21.50258
G1 X140.503 Y140.813 E21.51384
G1 X140.56 Y141.372 E21.52505
G1 X140.504 Y141.904 E21.53573
G1 X140.326 Y142.461 E21.5474
G1 X140.029 Y142.951 E21.55883
G1 X139.641 Y143.359 E21.57007
G1 X139.174 Y143.677 E21.58134
G1 X138.625 Y143.887 E21.59307
G0 F9000 X138.673 Y144.193
G0 X139.398 Y145.169
G0 X139.571 Y145.871
G0 X139.512 Y146.359
G0 X138.881 Y147.582
G0 X138.424 Y147.996
G0 X139.079 Y148.372
G1 F1800 X143.96 Y148.372 E21.69048
G1 X143.96 Y134.372 E21.96987
G1 X138.921 Y134.372 E22.07042
G1 F1469.4 X138.395 Y134.461 E22.08347
G1 F1272.1 X137.868 Y134.448 E22.09835
G1 F1292.6 X137.633 Y134.453 E22.10488
G1 F1417.3 X137.37 Y134.399 E22.11169
G1 F1686.2 X137.011 Y134.372 E22.11936
G1 F1800 X131.96 Y134.372 E22.22016
G1 X131.96 Y148.372 E22.49954
G1 X137.37 Y148.372 E22.6075
G1 F1512.6 X137.868 Y148.296 E22.61947
G1 F1267.6 X138.463 Y148.28 E22.63633
G1 F1463.4 X139.079 Y148.372 E22.65162
G0 F9000 X144.08 Y148.493
G0 X144.36 Y148.772
G1 F1800 X144.36 Y133.972 E22.94697
G1 X131.56 Y133.972 E23.20241
G1 X131.56 Y148.772 E23.49776
G1 X144.36 Y148.772 E23.7532
G0 F9000 X144.76 Y149.172
;TYPE:WALL-OUTER
G1 F1800 X144.76 Y133.572 E24.06451
G1 X131.16 Y133.572 E24.33591
G1 X131.16 Y149.172 E24.64723
G1 X144.76 Y149.172 E24.91863
G1 F1500 E18.41863
G0 F9000 X144.48 Y148.893
G0 X139.074 Y148.211
G0 X138.072 Y148.07
G0 X138.474 Y147.073
G0 X138.298 Y146.816
G1 F1500 E24.91863
G1 F1800 X137.839 Y146.871 E24.92786
G1 X137.422 Y146.713 E24.93676
G1 X137.218 Y146.514 E24.94244
G1 X137.028 Y146.151 E24.95062
G1 X137.028 Y145.706 E24.9595
G1 X137.127 Y145.457 E24.96485
G1 X137.423 Y145.135 E24.97358
G1 X137.841 Y144.971 E24.98254
G1 X138.29 Y145.025 E24.99156
G1 X138.535 Y145.171 E24.99725
G1 X138.8 Y145.472 E25.00526
G1 X138.913 Y145.913 E25.01434
G1 X138.862 Y146.197 E25.0201
G1 X138.675 Y146.557 E25.02819
G1 X138.298 Y146.816 E25.03732
G1 F1500 E18.53732
G0 F9000 X138.474 Y147.073
G0 X138.866 Y146.727
G0 X139.124 Y146.238
G0 X139.157 Y145.961
G0 X138.588 Y143.802
G0 X138.539 Y143.496
G1 F1500 E25.03732
G1 F1800 X138.079 Y143.568 E25.04661
G1 X137.61 Y143.543 E25.05599
G1 X137.127 Y143.406 E25.06601
G1 X136.721 Y143.193 E25.07516
G1 X136.365 Y142.889 E25.0845
G1 X136.067 Y142.494 E25.09437
G1 X135.864 Y142.051 E25.1041
G1 X135.771 Y141.623 E25.11284
G1 X135.772 Y141.113 E25.12301
G1 X135.878 Y140.65 E25.13249
G1 X136.089 Y140.214 E25.14216
G1 X136.36 Y139.861 E25.15104
G1 X136.718 Y139.554 E25.16045
G1 X137.134 Y139.333 E25.16985
G1 X137.624 Y139.196 E25.18001
G1 X138.097 Y139.174 E25.18946
G1 X138.571 Y139.258 E25.19906
G1 X139.009 Y139.438 E25.20851
G1 X139.394 Y139.706 E25.21787
G1 X139.72 Y140.056 E25.22742
G1 X139.948 Y140.432 E25.23619
G1 X140.111 Y140.917 E25.2464
G1 X140.16 Y141.372 E25.25554
G1 X140.11 Y141.835 E25.26483
G1 X139.948 Y142.312 E25.27488
G1 X139.694 Y142.722 E25.28451
G1 X139.361 Y143.066 E25.29406
G1 X138.971 Y143.326 E25.30342
G1 X138.539 Y143.496 E25.31268
G1 F1500 E18.81268
G0 F9000 X138.588 Y143.802
G0 X139.546 Y143.243
G0 X139.911 Y142.858
G0 X140.185 Y142.402
G0 X140.355 Y141.9
G0 X140.412 Y141.373
G0 X140.355 Y140.846
G0 X140.185 Y140.345
G0 X140.03 Y140.087
G0 X138.329 Y138.026
G0 X138.293 Y137.718
G1 F1500 E25.31268
G1 F1800 X137.842 Y137.773 E25.32175
G1 X137.422 Y137.608 E25.33075
G1 X137.218 Y137.413 E25.33638
G1 X137.03 Y137.055 E25.34445
G1 X137.028 Y136.635 E25.35284
G1 X137.114 Y136.37 E25.3584
G1 X137.416 Y136.033 E25.36743
G1 X137.85 Y135.872 E25.37666
G1 X138.295 Y135.926 E25.38561
G1 X138.535 Y136.071 E25.39121
G1 X138.801 Y136.374 E25.39925
G1 X138.913 Y136.812 E25.40827
G1 X138.867 Y137.086 E25.41382
G1 X138.681 Y137.446 E25.4219
G1 X138.293 Y137.718 E25.43136
G0 F9000 X138.329 Y138.026
G0 X139.911 Y139.889
G0 X140.185 Y140.345
G0 X140.355 Y140.846
G0 X140.412 Y141.373
G0 X140.355 Y141.9
G0 X140.185 Y142.402
G0 X138.694 Y144.297
G0 X139.505 Y146.913
G0 X139.698 Y147.085
;TYPE:SKIN
G1 F1800 X139.89 Y146.729 E25.43943
G1 X140.036 Y146.268 E25.44908
G1 X140.068 Y145.92 E25.45606
G1 X140.031 Y145.607 E25.46235
G1 X139.88 Y145.007 E25.47469
G1 X139.647 Y144.682 E25.48267
G1 X139.41 Y144.403 E25.48998
G1 X139.652 Y144.268 E25.49551
G1 X140.12 Y143.948 E25.50682
G1 X140.62 Y143.432 E25.52116
G1 X140.946 Y142.897 E25.53366
G1 X141.058 Y142.657 E25.53895
G1 X141.246 Y142.095 E25.55078
G1 X141.324 Y141.387 E25.56499
G1 X141.252 Y140.675 E25.57927
G1 X141.062 Y140.099 E25.59137
G1 X140.947 Y139.841 E25.59701
G1 X140.643 Y139.343 E25.60866
G1 X140.137 Y138.806 E25.62338
G1 X139.563 Y138.417 E25.63722
G1 X139.403 Y138.345 E25.64072
G1 X139.532 Y138.229 E25.64418
G1 X139.717 Y137.962 E25.65066
G1 X139.987 Y137.431 E25.66255
G1 X140.054 Y137.003 E25.6712
G1 X140.06 Y136.637 E25.6785
G1 X139.922 Y136.095 E25.68966
G1 X139.666 Y135.607 E25.70066
G1 X139.402 Y135.302 E25.70871
G1 X139.059 Y135.02 E25.71757
G1 X138.724 Y134.806 E25.7255
G1 X138.945 Y134.732 E25.73015
G1 X143.6 Y134.732 E25.82305
G1 X143.6 Y148.012 E26.08807
G1 X139.102 Y148.012 E26.17783
G1 X138.791 Y147.918 E26.18431
G1 X138.998 Y147.743 E26.18972
G1 X139.322 Y147.509 E26.1977
G1 X139.698 Y147.085 E26.20901
G0 F9000 X139.505 Y146.914
G0 X138.424 Y147.996
G0 X138.95 Y148.171
G0 X142.95 Y148.272
G0 X142.95 Y147.812
G1 F1800 X143.4 Y147.362 E26.22171
G0 F9000 X143.4 Y146.797
G1 F1800 X142.384 Y147.812 E26.25037
G0 F9000 X141.819 Y147.812
G1 F1800 X143.4 Y146.231 E26.29499
G0 F9000 X143.4 Y145.665
G1 F1800 X141.253 Y147.812 E26.35558
G0 F9000 X140.687 Y147.812
G1 F1800 X143.4 Y145.1 E26.43213
G0 F9000 X143.4 Y144.534
G1 F1800 X140.122 Y147.812 E26.52464
G0 F9000 X139.556 Y147.812
G1 F1800 X143.4 Y143.968 E26.63313
G0 F9000 X143.4 Y143.403
G1 F1800 X140.111 Y146.691 E26.72594
G0 F9000 X140.263 Y145.974
G1 F1800 X143.4 Y142.837 E26.81447
G0 F9000 X143.4 Y142.271
G1 F1800 X140.202 Y145.47 E26.90474
G0 F9000 X140.089 Y145.016
G1 F1800 X143.4 Y141.706 E26.99817
G0 F9000 X143.4 Y141.14
G1 F1800 X139.879 Y144.661 E27.09754
G0 F9000 X139.504 Y144.928
G0 X139.05 Y144.35
G0 X140.823 Y142.552
G0 X141.242 Y142.732
G1 F1800 X143.4 Y140.574 E27.15844
G0 F9000 X143.4 Y140.009
G1 F1800 X141.465 Y141.943 E27.21304
G0 F9000 X141.518 Y141.324
G1 F1800 X143.4 Y139.443 E27.26614
G0 F9000 X143.4 Y138.877
G1 F1800 X141.467 Y140.81 E27.32069
G0 F9000 X141.359 Y140.352
G1 F1800 X143.4 Y138.312 E27.37828
G0 F9000 X143.4 Y137.746
G1 F1800 X141.209 Y139.937 E27.44011
G0 F9000 X141.013 Y139.567
G1 F1800 X143.4 Y137.18 E27.50748
G0 F9000 X143.4 Y136.614
G1 F1800 X140.799 Y139.215 E27.58089
G0 F9000 X140.525 Y138.923
G1 F1800 X143.4 Y136.049 E27.66201
G0 F9000 X143.4 Y135.483
G1 F1800 X140.249 Y138.634 E27.75094
G0 F9000 X139.909 Y138.408
G1 F1800 X143.386 Y134.932 E27.84905
G0 F9000 X142.82 Y134.932
G1 F1800 X140.11 Y137.642 E27.92554
G0 F9000 X140.254 Y136.932
G1 F1800 X142.254 Y134.932 E27.98198
G0 F9000 X141.689 Y134.932
G1 F1800 X140.212 Y136.408 E28.02365
G0 F9000 X140.084 Y135.971
G1 F1800 X141.122 Y134.932 E28.05296
G0 F9000 X140.557 Y134.932
G1 F1800 X139.888 Y135.6 E28.07183
G0 F9000 X139.648 Y135.275
G1 F1800 X139.991 Y134.932 E28.08151
G0 F9000 X139.425 Y134.932
G1 F1800 X139.353 Y135.004 E28.08354
G0 F9000 X139.067 Y135.364
G0 X139.398 Y136.069
G0 X139.571 Y136.771
G0 X139.512 Y137.259
G0 X139.175 Y137.9
G0 X138.438 Y138.575
G0 X138.114 Y138.523
G0 X137.498 Y138.557
G0 X136.904 Y138.721
G0 X136.357 Y139.011
G0 X135.888 Y139.411
G0 X135.514 Y139.901
G0 X135.255 Y140.463
G0 X135.122 Y141.065
G0 X135.122 Y141.682
G0 X135.255 Y142.284
G0 X135.514 Y142.846
G0 X135.888 Y143.336
G0 X137.037 Y144.587
G0 X136.556 Y145.129
G0 X136.382 Y145.589
G0 X136.383 Y146.24
G0 X136.725 Y147.318
G0 X136.548 Y147.512
G1 F1800 X137.053 Y147.816 E28.0953
G1 X137.471 Y147.971 E28.1042
G1 X137.341 Y148.012 E28.10692
G1 X132.32 Y148.012 E28.20712
G1 X132.32 Y134.732 E28.47213
G1 X137.001 Y134.732 E28.56555
G1 X137.312 Y134.778 E28.57182
G1 X137.024 Y134.942 E28.57844
G1 X136.547 Y135.266 E28.58994
G1 X136.277 Y135.563 E28.59795
G1 X135.971 Y136.063 E28.60965
G1 X135.868 Y136.583 E28.62023
G1 X135.871 Y137.179 E28.63212
G1 X135.964 Y137.497 E28.63874
G1 X136.243 Y138.062 E28.65131
G1 X136.508 Y138.348 E28.65909
G1 X136.088 Y138.564 E28.66852
G1 X135.497 Y139.077 E28.68413
G1 X135.093 Y139.601 E28.69734
G1 X134.83 Y140.151 E28.7095
G1 X134.728 Y140.452 E28.71585
G1 X134.636 Y140.864 E28.72427
G1 X134.608 Y141.136 E28.72973
G1 X134.61 Y141.739 E28.74176
G1 X134.728 Y142.298 E28.75316
G1 X134.818 Y142.569 E28.75886
G1 X135.01 Y142.981 E28.76793
G1 X135.158 Y143.219 E28.77353
G1 X135.542 Y143.71 E28.78596
G1 X136.079 Y144.162 E28.79997
G1 X136.516 Y144.398 E28.80988
G1 X136.214 Y144.735 E28.81891
G1 X136.07 Y144.956 E28.82418
G1 X135.909 Y145.41 E28.83379
G1 X135.869 Y145.718 E28.83999
G1 X135.868 Y146.154 E28.84869
G1 X136.006 Y146.696 E28.85985
G1 X136.191 Y147.051 E28.86784
G1 X136.548 Y147.512 E28.87947
G0 F9000 X136.368 Y147.606
G1 F1800 X136.308 Y147.666 E28.88117
G1 X136.308 Y147.667
G1 X136.162 Y147.812 E28.88527
G0 F9000 X136.106 Y147.302
G1 F1800 X135.596 Y147.812 E28.89967
G0 F9000 X135.031 Y147.812
G1 F1800 X135.905 Y146.938 E28.92433
G0 F9000 X135.754 Y146.523
G1 F1800 X134.465 Y147.812 E28.96071
G0 F9000 X133.899 Y147.812
G1 F1800 X135.669 Y146.042 E29.01067
G0 F9000 X135.707 Y145.439
G1 F1800 X133.333 Y147.812 E29.07765
G0 F9000 X132.768 Y147.812
G1 F1800 X136.12 Y144.46 E29.17225
G0 F9000 X135.814 Y144.2
G1 F1800 X132.52 Y147.494 E29.26522
G0 F9000 X132.52 Y146.928
G1 F1800 X135.507 Y143.941 E29.34951
G0 F9000 X135.238 Y143.645
G1 F1800 X132.52 Y146.363 E29.42622
G0 F9000 X132.52 Y145.797
G1 F1800 X134.991 Y143.326 E29.49596
G0 F9000 X134.783 Y142.969
G1 F1800 X132.52 Y145.231 E29.55981
G0 F9000 X132.52 Y144.666
G1 F1800 X134.611 Y142.575 E29.61882
G0 F9000 X134.488 Y142.132
G1 F1800 X132.52 Y144.1 E29.67437
G0 F9000 X132.52 Y143.534
G1 F1800 X134.412 Y141.643 E29.72775
G0 F9000 X134.413 Y141.076
G1 F1800 X132.52 Y142.969 E29.78117
G0 F9000 X132.52 Y142.403
G1 F1800 X134.543 Y140.38 E29.83827
G0 F9000 X134.983 Y140.505
G0 X135.492 Y139.512
G0 X135.126 Y139.231
G1 F1800 X132.52 Y141.837 E29.91181
G0 F9000 X132.52 Y141.271
G1 F1800 X135.925 Y137.867 E30.0079
G0 F9000 X136.112 Y138.246
G1 F1800 X135.848 Y138.509 E30.01533
G0 F9000 X136.146 Y138.86
G0 X136.834 Y138.387
G0 X136.19 Y137.348
G0 X135.75 Y137.476
G1 F1800 X132.52 Y140.706 E30.10649
G0 F9000 X132.52 Y140.14
G1 F1800 X135.672 Y136.989 E30.19543
G0 F9000 X135.704 Y136.391
G1 F1800 X132.52 Y139.574 E30.28528
G0 F9000 X132.52 Y139.009
G1 F1800 X136.332 Y135.197 E30.39286
G1 X136.417 Y135.112
G1 X136.596 Y134.933 E30.39791
G0 F9000 X136.03 Y134.933
G1 F1800 X132.52 Y138.443 E30.49697
G0 F9000 X132.52 Y137.877
G1 F1800 X135.465 Y134.933 E30.58007
G0 F9000 X134.899 Y134.933
G1 F1800 X132.52 Y137.312 E30.64721
G0 F9000 X132.52 Y136.746
G1 F1800 X134.334 Y134.932 E30.69841
G0 F9000 X133.768 Y134.932
G1 F1800 X132.52 Y136.18 E30.73363
G0 F9000 X132.52 Y135.615
G1 F1800 X133.203 Y134.932 E30.7529
G0 F9000 X132.637 Y134.932
G1 F1800 X132.52 Y135.049 E30.75621
G1 F1500 E24.25621
;MESH:NONMESH
G0 F300 X132.52 Y135.049 Z0.36
G0 F9000 X132.06 Y135.049
G0 X131.384 Y133.797
G0 X131.384 Y132.708
G0 X123.941 Y125.99
;TIME_ELAPSED:100.743688
;LAYER:2
M106 S170
;TYPE:SKIRT
G1 F1500 E30.75621
G1 F1200 X124.622 Y125.397 E30.77423
G1 X125.354 Y124.867 E30.79226
G1 X126.129 Y124.404 E30.81028
G1 X126.942 Y124.011 E30.8283
G1 X127.787 Y123.691 E30.84633
G1 X128.656 Y123.448 E30.86434
G1 X129.544 Y123.282 E30.88236
G1 X130.683 Y123.186 E30.90517
G1 X131.29 Y123.173 E30.91729
G1 X144.253 Y123.173 E31.17598
G1 X145.097 Y123.184 E31.19283
G1 X145.999 Y123.237 E31.21086
G1 X146.892 Y123.369 E31.22887
G1 X147.77 Y123.58 E31.24689
G1 X148.626 Y123.868 E31.26492
G1 X149.453 Y124.23 E31.28293
G1 X150.245 Y124.665 E31.30096
G1 X150.996 Y125.167 E31.31899
G1 X151.699 Y125.734 E31.33701
G1 X152.349 Y126.361 E31.35504
G1 X152.941 Y127.043 E31.37306
G1 X153.471 Y127.774 E31.39108
G1 X153.933 Y128.55 E31.4091
G1 X154.326 Y129.363 E31.42712
G1 X154.644 Y130.208 E31.44514
G1 X154.887 Y131.078 E31.46316
G1 X155.052 Y131.966 E31.48119
G1 X155.147 Y133.096 E31.50382
G1 X155.16 Y133.703 E31.51593
G1 X155.159 Y148.763 E31.81647
G1 X155.15 Y149.49 E31.83098
G1 X155.099 Y150.392 E31.84901
G1 X154.968 Y151.286 E31.86704
G1 X154.759 Y152.164 E31.88505
G1 X154.473 Y153.021 E31.90308
G1 X154.112 Y153.849 E31.92111
G1 X153.68 Y154.641 E31.93911
G1 X153.179 Y155.393 E31.95715
G1 X152.613 Y156.097 E31.97517
G1 X151.988 Y156.748 E31.99318
G1 X151.307 Y157.342 E32.01121
G1 X150.576 Y157.873 E32.02925
G1 X149.802 Y158.337 E32.04725
G1 X148.989 Y158.731 E32.06528
G1 X148.145 Y159.051 E32.0833
G1 X147.275 Y159.296 E32.10133
G1 X146.388 Y159.462 E32.11934
G1 X145.237 Y159.56 E32.14239
G1 X144.63 Y159.573 E32.15451
G1 X131.535 Y159.572 E32.41584
G1 X130.837 Y159.563 E32.42977
G1 X129.936 Y159.512 E32.44777
G1 X129.042 Y159.38 E32.46581
G1 X128.164 Y159.171 E32.48382
G1 X127.307 Y158.884 E32.50186
G1 X126.48 Y158.523 E32.51986
G1 X125.687 Y158.09 E32.53789
G1 X124.936 Y157.589 E32.55591
G1 X124.232 Y157.023 E32.57394
G1 X123.581 Y156.397 E32.59196
G1 X122.988 Y155.716 E32.60998
G1 X122.458 Y154.985 E32.628
G1 X121.994 Y154.21 E32.64602
G1 X121.6 Y153.397 E32.66405
G1 X121.28 Y152.553 E32.68207
G1 X121.036 Y151.683 E32.7001
G1 X120.87 Y150.795 E32.71813
G1 X120.773 Y149.64 E32.74126
G1 X120.76 Y149.031 E32.75341
G1 X120.761 Y133.909 E33.05519
G1 X120.77 Y133.244 E33.06846
G1 X120.822 Y132.342 E33.08649
G1 X120.954 Y131.449 E33.10451
G1 X121.164 Y130.571 E33.12252
G1 X121.451 Y129.714 E33.14056
G1 X121.813 Y128.887 E33.15857
G1 X122.246 Y128.095 E33.17659
G1 X122.748 Y127.344 E33.19461
G1 X123.315 Y126.64 E33.21265
G1 X123.941 Y125.99 E33.23066
G1 F1500 E26.73066
;MESH:MotorMount_v2.stl
G0 F12000 X131.384 Y132.708
G0 X131.384 Y133.797
G0 X138.421 Y134.718
G0 X137.868 Y134.764
G0 X136.063 Y136.721
G0 X137.297 Y137.832
G0 X138.649 Y138.338
G0 X138.474 Y138.083
;TYPE:WALL-INNER
G1 F1500 E33.23066
G1 F2114.5 X137.902 Y138.234 E33.24406
G1 F2181.8 X137.233 Y137.967 E33.25987
G1 F2285.7 X136.934 Y137.717 E33.26804
G1 F2341.5 X136.628 Y137.154 E33.28115
G1 F2382.1 X136.628 Y136.617 E33.29194
G1 F2400 X136.755 Y136.172 E33.30118
G1 X137.085 Y135.803 E33.31106
G1 X137.318 Y135.643 E33.3167
G1 X137.782 Y135.466 E33.32661
G1 X138.301 Y135.524 E33.33703
G1 X138.513 Y135.591 E33.34147
G1 X138.835 Y135.807 E33.3492
G1 X139.071 Y136.075 E33.35633
G1 X139.202 Y136.325 E33.36196
G1 X139.305 Y136.759 E33.37086
G1 X139.27 Y137.177 E33.37924
G1 F2318.8 X138.99 Y137.72 E33.39185
G1 F2181.8 X138.474 Y138.083 E33.4057
G0 F12000 X138.649 Y138.338
G0 X139.806 Y139.198
G0 X140.232 Y139.646
G0 X140.55 Y140.176
G0 X140.748 Y140.759
G0 X140.815 Y141.373
G0 X140.748 Y141.986
G0 X140.551 Y142.571
G0 X140.232 Y143.101
G0 X138.711 Y144.523
G0 X139.398 Y145.169
G0 X139.571 Y145.871
G0 X139.512 Y146.359
G0 X139.209 Y146.936
G0 X138.74 Y147.375
G0 X138.565 Y147.119
G1 F2400 X138.328 Y147.215 E33.41081
G1 X137.782 Y147.278 E33.42177
G1 X137.318 Y147.101 E33.43169
G1 X136.925 Y146.816 E33.44137
G1 X136.696 Y146.379 E33.45122
G1 X136.628 Y146.127 E33.45643
G1 X136.628 Y145.635 E33.46625
G1 X136.799 Y145.229 E33.47504
G1 X137.16 Y144.819 E33.48594
G1 X137.502 Y144.673 E33.49336
G1 F2096.1 X137.789 Y144.523 E33.50076
G1 F1853.3 X138.085 Y144.54 E33.50842
G1 F1983.5 X138.305 Y144.599 E33.51392
G1 F2253.5 X138.669 Y144.775 E33.52251
G1 F2400 X138.835 Y144.907 E33.52675
G1 X139.164 Y145.28 E33.53667
G1 X139.314 Y145.865 E33.54872
G1 X139.27 Y146.28 E33.55705
G1 X139.053 Y146.697 E33.56643
G1 X138.861 Y146.915 E33.57223
G1 X138.565 Y147.119 E33.5794
G0 F12000 X138.413 Y147.7
G1 F1690.1 X137.868 Y147.744 E33.5949
G1 F2016.8 X137.176 Y147.475 E33.61253
G1 F2400 X136.791 Y147.242 E33.62151
G1 X136.51 Y146.886 E33.63056
G1 X136.342 Y146.565 E33.63779
G1 X136.228 Y146.144 E33.6465
G1 X136.228 Y145.744 E33.65448
G1 X136.263 Y145.479 E33.65981
G1 X136.354 Y145.223 E33.66523
G1 X136.471 Y145 E33.67026
G1 X136.829 Y144.592 E33.68109
G1 X136.99 Y144.463 E33.68521
G1 X137.349 Y144.304 E33.69304
G1 X136.838 Y144.158 E33.70365
G1 X136.295 Y143.875 E33.71587
G1 X135.777 Y143.439 E33.72938
G1 X135.39 Y142.933 E33.74209
G1 X135.107 Y142.332 E33.75535
G1 X134.968 Y141.692 E33.76842
G1 X134.968 Y141.047 E33.78129
G1 X135.108 Y140.407 E33.79437
G1 X135.392 Y139.807 E33.80761
G1 X135.794 Y139.289 E33.8207
G1 X136.286 Y138.874 E33.83354
G1 X136.848 Y138.58 E33.8462
G1 X137.344 Y138.439 E33.85649
G1 X136.983 Y138.277 E33.86439
G1 X136.734 Y138.07 E33.87085
G1 X136.556 Y137.873 E33.87615
G1 X136.303 Y137.383 E33.88715
G1 X136.228 Y137.125 E33.89251
G1 X136.228 Y136.6 E33.90299
G1 X136.31 Y136.195 E33.91124
G1 X136.547 Y135.804 E33.92036
G1 X136.787 Y135.536 E33.92754
G1 X137.176 Y135.269 E33.93696
G1 F2248.2 X137.502 Y135.116 E33.94463
G1 F1875 X137.718 Y134.988 E33.95104
G1 F1672.5 X138.36 Y135.038 E33.96948
G1 F1959.2 X138.859 Y135.323 E33.98353
G1 F2400 X139.135 Y135.543 E33.99057
G1 X139.371 Y135.811 E33.9977
G1 X139.59 Y136.227 E34.00708
G1 X139.718 Y136.73 E34.01744
G1 X139.659 Y137.283 E34.02854
G1 X139.359 Y137.882 E34.04191
G1 X139.169 Y138.08 E34.04738
G1 X138.696 Y138.415 E34.05895
G1 X138.588 Y138.445 E34.06119
G1 X138.813 Y138.495 E34.06579
G1 X139.375 Y138.725 E34.07791
G1 X139.893 Y139.079 E34.09043
G1 X140.346 Y139.545 E34.1034
G1 X140.687 Y140.108 E34.11653
G1 X140.896 Y140.726 E34.12955
G1 X140.96 Y141.372 E34.1425
G1 X140.893 Y142.026 E34.15562
G1 X140.688 Y142.635 E34.16845
G1 X140.346 Y143.198 E34.18159
G1 X139.881 Y143.68 E34.19496
G1 X139.369 Y144.029 E34.20732
G1 X138.768 Y144.267 E34.22022
G1 X138.592 Y144.298 E34.22379
G1 X138.858 Y144.423 E34.22966
G1 X139.136 Y144.642 E34.23672
G1 X139.457 Y145.01 E34.24646
G1 X139.567 Y145.235 E34.25146
G1 X139.717 Y145.829 E34.26369
G1 X139.676 Y146.234 E34.27181
G1 X139.572 Y146.565 E34.27873
G1 X139.408 Y146.881 E34.28584
G1 X139.088 Y147.244 E34.2955
G1 F1951.2 X138.413 Y147.7 E34.31549
G0 F12000 X139.175 Y147
G0 X139.512 Y146.359
G0 X139.571 Y145.871
G0 X139.415 Y145.239
G0 X138.673 Y144.193
G0 X138.625 Y143.887
G1 F2253.5 X138.293 Y143.966 E34.32274
G1 F1983.5 X138.103 Y144.027 E34.32756
G1 F1904.8 X137.665 Y144.003 E34.33859
G1 F2157.3 X137.469 Y143.922 E34.3433
G1 F2400 X136.992 Y143.788 E34.35319
G1 X136.493 Y143.521 E34.36448
G1 X136.081 Y143.171 E34.37527
G1 X135.734 Y142.725 E34.38655
G1 X135.486 Y142.199 E34.39815
G1 X135.368 Y141.65 E34.40936
G1 X135.368 Y141.086 E34.42061
G1 X135.488 Y140.54 E34.43177
G1 X135.734 Y140.02 E34.44325
G1 X136.064 Y139.591 E34.45405
G1 X136.483 Y139.23 E34.46509
G1 X136.97 Y138.967 E34.47613
G1 X137.471 Y138.818 E34.48656
G1 F2248.2 X138.002 Y138.711 E34.4981
G1 F2201.8 X138.285 Y138.791 E34.5045
G1 F2341.5 X138.686 Y138.874 E34.51288
G1 F2400 X139.183 Y139.077 E34.52359
G1 X139.635 Y139.385 E34.53451
G1 X140.027 Y139.791 E34.54577
G1 X140.323 Y140.278 E34.55714
G1 X140.503 Y140.813 E34.56841
G1 X140.56 Y141.372 E34.57962
G1 X140.504 Y141.904 E34.59029
G1 X140.326 Y142.461 E34.60196
G1 X140.029 Y142.951 E34.6134
G1 X139.641 Y143.359 E34.62463
G1 X139.174 Y143.677 E34.63591
G1 X138.625 Y143.887 E34.64764
G0 F12000 X138.673 Y144.193
G0 X139.398 Y145.169
G0 X139.571 Y145.871
G0 X139.512 Y146.359
G0 X138.881 Y147.582
G0 X138.424 Y147.996
G0 X139.079 Y148.372
G1 F2400 X143.96 Y148.372 E34.74504
G1 X143.96 Y134.372 E35.02443
G1 X138.921 Y134.372 E35.12499
G1 F1959.2 X138.395 Y134.461 E35.13803
G1 F1696.1 X137.868 Y134.448 E35.15292
G1 F1723.5 X137.633 Y134.453 E35.15945
G1 F1889.8 X137.37 Y134.399 E35.16625
G1 F2248.2 X137.011 Y134.372 E35.17392
G1 F2400 X131.96 Y134.372 E35.27472
G1 X131.96 Y148.372 E35.5541
G1 X137.37 Y148.372 E35.66207
G1 F2016.8 X137.868 Y148.296 E35.67403
G1 F1690.1 X138.463 Y148.28 E35.6909
G1 F1951.2 X139.079 Y148.372 E35.70619
G0 F12000 X144.08 Y148.493
G0 X144.36 Y148.772
G1 F2400 X144.36 Y133.972 E36.00154
G1 X131.56 Y133.972 E36.25697
G1 X131.56 Y148.772 E36.55232
G1 X144.36 Y148.772 E36.80776
G0 F12000 X144.76 Y149.172
;TYPE:WALL-OUTER
G1 F2400 X144.76 Y133.572 E37.11908
G1 X131.16 Y133.572 E37.39048
G1 X131.16 Y149.172 E37.70179
G1 X144.76 Y149.172 E37.9732
G1 F1500 E31.4732
G0 F12000 X144.48 Y148.893
G0 X139.074 Y148.211
G0 X138.072 Y148.07
G0 X138.474 Y147.073
G0 X138.298 Y146.816
G1 F1500 E37.9732
G1 F2400 X137.839 Y146.871 E37.98242
G1 X137.422 Y146.713 E37.99132
G1 X137.218 Y146.514 E37.99701
G1 X137.028 Y146.151 E38.00518
G1 X137.028 Y145.706 E38.01406
G1 X137.127 Y145.457 E38.01941
G1 X137.423 Y145.135 E38.02814
G1 X137.841 Y144.971 E38.0371
G1 X138.29 Y145.025 E38.04613
G1 X138.535 Y145.171 E38.05182
G1 X138.8 Y145.472 E38.05982
G1 X138.913 Y145.913 E38.06891
G1 X138.862 Y146.197 E38.07466
G1 X138.675 Y146.557 E38.08276
G1 X138.298 Y146.816 E38.09189
G1 F1500 E31.59189
G0 F12000 X138.474 Y147.073
G0 X138.866 Y146.727
G0 X139.124 Y146.238
G0 X139.157 Y145.961
G0 X138.588 Y143.802
G0 X138.539 Y143.496
G1 F1500 E38.09189
G1 F2400 X138.079 Y143.568 E38.10118
G1 X137.61 Y143.543 E38.11055
G1 X137.127 Y143.406 E38.12057
G1 X136.721 Y143.193 E38.12972
G1 X136.365 Y142.889 E38.13906
G1 X136.067 Y142.494 E38.14894
G1 X135.864 Y142.051 E38.15866
G1 X135.771 Y141.623 E38.1674
G1 X135.772 Y141.113 E38.17758
G1 X135.878 Y140.65 E38.18706
G1 X136.089 Y140.214 E38.19672
G1 X136.36 Y139.861 E38.2056
G1 X136.718 Y139.554 E38.21502
G1 X137.134 Y139.333 E38.22442
G1 X137.624 Y139.196 E38.23457
G1 X138.097 Y139.174 E38.24402
G1 X138.571 Y139.258 E38.25363
G1 X139.009 Y139.438 E38.26308
G1 X139.394 Y139.706 E38.27244
G1 X139.72 Y140.056 E38.28198
G1 X139.948 Y140.432 E38.29076
G1 X140.111 Y140.917 E38.30097
G1 X140.16 Y141.372 E38.3101
G1 X140.11 Y141.835 E38.31939
G1 X139.948 Y142.312 E38.32945
G1 X139.694 Y142.722 E38.33907
G1 X139.361 Y143.066 E38.34863
G1 X138.971 Y143.326 E38.35798
G1 X138.539 Y143.496 E38.36725
G1 F1500 E31.86725
G0 F12000 X138.588 Y143.802
G0 X139.546 Y143.243
G0 X139.911 Y142.858
G0 X140.185 Y142.402
G0 X140.355 Y141.9
G0 X140.412 Y141.373
G0 X140.355 Y140.846
G0 X140.185 Y140.345
G0 X140.03 Y140.087
G0 X138.329 Y138.026
G0 X138.293 Y137.718
G1 F1500 E38.36725
G1 F2400 X137.842 Y137.773 E38.37631
G1 X137.422 Y137.608 E38.38532
G1 X137.218 Y137.413 E38.39095
G1 X137.03 Y137.055 E38.39902
G1 X137.028 Y136.635 E38.4074
G1 X137.114 Y136.37 E38.41296
G1 X137.416 Y136.033 E38.42199
G1 X137.85 Y135.872 E38.43123
G1 X138.295 Y135.926 E38.44017
G1 X138.535 Y136.071 E38.44577
G1 X138.801 Y136.374 E38.45382
G1 X138.913 Y136.812 E38.46284
G1 X138.867 Y137.086 E38.46838
G1 X138.681 Y137.446 E38.47647
G1 X138.293 Y137.718 E38.48592
G0 F12000 X138.329 Y138.026
G0 X139.911 Y139.889
G0 X140.185 Y140.345
G0 X140.355 Y140.846
G0 X140.412 Y141.373
G0 X140.355 Y141.9
G0 X140.185 Y142.402
G0 X138.694 Y144.297
G0 X139.505 Y146.913
G0 X139.698 Y147.085
;TYPE:SKIN
G1 F2400 X139.89 Y146.729 E38.494
G1 X140.036 Y146.268 E38.50365
G1 X140.068 Y145.92 E38.51062
G1 X140.031 Y145.607 E38.51691
G1 X139.88 Y145.007 E38.52926
G1 X139.647 Y144.682 E38.53724
G1 X139.41 Y144.403 E38.54454
G1 X139.652 Y144.268 E38.55007
G1 X140.12 Y143.948 E38.56139
G1 X140.62 Y143.432 E38.57573
G1 X140.946 Y142.897 E38.58823
G1 X141.058 Y142.657 E38.59351
G1 X141.246 Y142.095 E38.60534
G1 X141.324 Y141.387 E38.61955
G1 X141.252 Y140.675 E38.63384
G1 X141.062 Y140.099 E38.64594
G1 X140.947 Y139.841 E38.65158
G1 X140.643 Y139.343 E38.66322
G1 X140.137 Y138.806 E38.67794
G1 X139.563 Y138.417 E38.69178
G1 X139.403 Y138.345 E38.69528
G1 X139.532 Y138.229 E38.69874
G1 X139.717 Y137.962 E38.70523
G1 X139.987 Y137.431 E38.71711
G1 X140.054 Y137.003 E38.72576
G1 X140.06 Y136.637 E38.73306
G1 X139.922 Y136.095 E38.74423
G1 X139.666 Y135.607 E38.75522
G1 X139.402 Y135.302 E38.76327
G1 X139.059 Y135.02 E38.77213
G1 X138.724 Y134.806 E38.78007
G1 X138.945 Y134.732 E38.78472
G1 X143.6 Y134.732 E38.87761
G1 X143.6 Y148.012 E39.14263
G1 X139.102 Y148.012 E39.23239
G1 X138.791 Y147.918 E39.23888
G1 X138.998 Y147.743 E39.24429
G1 X139.322 Y147.509 E39.25226
G1 X139.698 Y147.085 E39.26357
G0 F12000 X139.589 Y147.509
G1 F2400 X139.893 Y147.812 E39.27214
G0 F12000 X140.458 Y147.812
G1 F2400 X139.855 Y147.209 E39.28915
G0 F12000 X140.055 Y146.843
G1 F2400 X141.024 Y147.812 E39.3165
G0 F12000 X141.59 Y147.812
G1 F2400 X140.2 Y146.423 E39.35572
G0 F12000 X140.267 Y145.924
G1 F2400 X142.155 Y147.812 E39.409
G0 F12000 X142.721 Y147.812
G1 F2400 X140.142 Y145.233 E39.48179
G0 F12000 X139.849 Y144.374
G1 F2400 X143.287 Y147.812 E39.57881
G0 F12000 X143.4 Y147.36
G1 F2400 X140.188 Y144.148 E39.66946
G0 F12000 X140.475 Y143.869
G1 F2400 X143.4 Y146.794 E39.75201
G0 F12000 X143.4 Y146.228
G1 F2400 X140.752 Y143.581 E39.82673
G0 F12000 X140.974 Y143.237
G1 F2400 X143.4 Y145.663 E39.8952
G0 F12000 X143.4 Y145.097
G1 F2400 X141.176 Y142.873 E39.95796
G0 F12000 X141.332 Y142.463
G1 F2400 X143.4 Y144.531 E40.01633
G0 F12000 X143.4 Y143.966
G1 F2400 X141.455 Y142.021 E40.07122
G0 F12000 X141.515 Y141.515
G1 F2400 X143.4 Y143.4 E40.12442
G0 F12000 X143.4 Y142.834
G1 F2400 X141.476 Y140.91 E40.17872
G0 F12000 X141.294 Y140.163
G1 F2400 X143.4 Y142.268 E40.23814
G0 F12000 X143.4 Y141.703
G1 F2400 X139.835 Y138.138 E40.33875
G0 F12000 X140.04 Y137.777
G1 F2400 X143.4 Y141.137 E40.43358
G0 F12000 X143.4 Y140.571
G1 F2400 X140.198 Y137.37 E40.52393
G0 F12000 X140.254 Y136.86
G1 F2400 X143.4 Y140.006 E40.61272
G0 F12000 X143.4 Y139.44
G1 F2400 X140.159 Y136.199 E40.70419
G0 F12000 X139.715 Y136.311
G0 X138.776 Y135.096
G0 X138.356 Y134.745
G0 X138.809 Y134.573
G0 X140.024 Y134.472
G0 X140.024 Y134.933
G1 F2400 X143.4 Y138.309 E40.79946
G0 F12000 X143.4 Y138.874
G1 F2400 X139.458 Y134.933 E40.9107
G0 F12000 X139.458 Y134.472
G0 X140.59 Y134.472
G0 X140.59 Y134.933
G1 F2400 X143.4 Y137.743 E40.99001
G0 F12000 X143.4 Y137.177
G1 F2400 X141.155 Y134.933 E41.05335
G0 F12000 X141.72 Y134.932
G1 F2400 X143.4 Y136.612 E41.10076
G0 F12000 X143.4 Y136.046
G1 F2400 X142.286 Y134.932 E41.1322
G0 F12000 X142.852 Y134.932
G1 F2400 X143.4 Y135.48 E41.14767
G0 F12000 X143.86 Y135.48
G0 X143.788 Y134.544
G0 X138.915 Y134.533
G0 X138.356 Y134.745
G0 X138.776 Y135.096
G0 X139.864 Y136.65
G0 X139.065 Y138.401
G0 X140.94 Y140.326
G0 X140.748 Y141.986
G0 X140.551 Y142.571
G0 X140.232 Y143.101
G0 X139.806 Y143.55
G0 X138.484 Y144.4
G0 X137.765 Y144.312
G0 X137.037 Y144.587
G0 X136.556 Y145.129
G0 X136.382 Y145.589
G0 X136.383 Y146.24
G0 X136.725 Y147.318
G0 X136.548 Y147.512
G1 F2400 X137.053 Y147.816 E41.15943
G1 X137.471 Y147.971 E41.16833
G1 X137.341 Y148.012 E41.17105
G1 X132.32 Y148.012 E41.27125
G1 X132.32 Y134.732 E41.53626
G1 X137.001 Y134.732 E41.62968
G1 X137.312 Y134.778 E41.63595
G1 X137.024 Y134.942 E41.64257
G1 X136.547 Y135.266 E41.65407
G1 X136.277 Y135.563 E41.66208
G1 X135.971 Y136.063 E41.67378
G1 X135.868 Y136.583 E41.68436
G1 X135.871 Y137.179 E41.69626
G1 X135.964 Y137.497 E41.70287
G1 X136.243 Y138.062 E41.71544
G1 X136.508 Y138.348 E41.72322
G1 X136.088 Y138.564 E41.73265
G1 X135.497 Y139.077 E41.74827
G1 X135.093 Y139.601 E41.76147
G1 X134.83 Y140.151 E41.77364
G1 X134.728 Y140.452 E41.77998
G1 X134.636 Y140.864 E41.7884
G1 X134.608 Y141.136 E41.79386
G1 X134.61 Y141.739 E41.80589
G1 X134.728 Y142.298 E41.81729
G1 X134.818 Y142.569 E41.82299
G1 X135.01 Y142.981 E41.83206
G1 X135.158 Y143.219 E41.83766
G1 X135.542 Y143.71 E41.8501
G1 X136.079 Y144.162 E41.8641
G1 X136.516 Y144.398 E41.87401
G1 X136.214 Y144.735 E41.88304
G1 X136.07 Y144.956 E41.88831
G1 X135.909 Y145.41 E41.89792
G1 X135.869 Y145.718 E41.90412
G1 X135.868 Y146.154 E41.91282
G1 X136.006 Y146.696 E41.92398
G1 X136.191 Y147.051 E41.93197
G1 X136.548 Y147.512 E41.94361
G0 F12000 X136.725 Y147.318
G0 X137.907 Y148.023
G0 X137.476 Y148.175
G0 X133.104 Y148.272
G0 X133.104 Y147.811
G1 F2400 X132.52 Y147.227 E41.96009
G0 F12000 X132.52 Y146.662
G1 F2400 X133.669 Y147.811 E41.99252
G0 F12000 X134.235 Y147.811
G1 F2400 X132.52 Y146.096 E42.04092
G0 F12000 X132.52 Y145.53
G1 F2400 X134.801 Y147.811 E42.10529
G0 F12000 X135.366 Y147.811
G1 F2400 X132.52 Y144.965 E42.18561
G0 F12000 X132.52 Y144.399
G1 F2400 X135.932 Y147.811 E42.28191
G0 F12000 X136.254 Y147.568
G1 F2400 X132.52 Y143.833 E42.3873
G0 F12000 X132.52 Y143.268
G1 F2400 X135.748 Y146.496 E42.4784
G0 F12000 X135.67 Y145.853
G1 F2400 X132.52 Y142.702 E42.56732
G0 F12000 X132.52 Y142.136
G1 F2400 X135.721 Y145.338 E42.65767
G0 F12000 X135.868 Y144.919
G1 F2400 X132.52 Y141.571 E42.75216
G0 F12000 X132.52 Y141.005
G1 F2400 X136.09 Y144.575 E42.85291
G0 F12000 X136.432 Y144.882
G0 X136.814 Y144.345
G0 X135.025 Y142.362
G0 X134.59 Y142.51
G1 F2400 X132.52 Y140.439 E42.91134
G0 F12000 X132.52 Y139.873
G1 F2400 X134.413 Y141.767 E42.96478
G0 F12000 X134.41 Y141.198
G1 F2400 X132.52 Y139.308 E43.01812
G0 F12000 X132.52 Y138.742
G1 F2400 X134.47 Y140.692 E43.07316
G0 F12000 X134.589 Y140.245
G1 F2400 X132.52 Y138.176 E43.13155
G0 F12000 X132.52 Y137.611
G1 F2400 X134.753 Y139.845 E43.19458
G0 F12000 X134.944 Y139.469
G1 F2400 X132.52 Y137.045 E43.26299
G0 F12000 X132.52 Y136.479
G1 F2400 X135.19 Y139.149 E43.33835
G0 F12000 X135.453 Y138.847
G1 F2400 X132.52 Y135.914 E43.42112
G0 F12000 X132.52 Y135.348
G1 F2400 X135.757 Y138.586 E43.51249
G0 F12000 X136.08 Y138.343
G1 F2400 X132.67 Y134.933 E43.60873
G0 F12000 X133.236 Y134.933
G1 F2400 X135.738 Y137.435 E43.67934
G0 F12000 X135.67 Y136.802
G1 F2400 X133.802 Y134.933 E43.73207
G0 F12000 X134.367 Y134.933
G1 F2400 X135.724 Y136.29 E43.77037
G0 F12000 X135.862 Y135.862
G1 F2400 X134.934 Y134.934 E43.79656
G0 F12000 X135.499 Y134.934
G1 F2400 X136.078 Y135.512 E43.81289
G0 F12000 X136.331 Y135.2
G1 F2400 X136.065 Y134.934 E43.82039
G0 F12000 X136.065 Y134.472
G0 X138.421 Y134.718
G0 X137.868 Y134.764
G0 X136.143 Y136.136
G0 X136.628 Y138.192
G0 X136.834 Y138.387
G0 X135.888 Y139.411
G0 X135.514 Y139.901
G0 X135.255 Y140.463
G0 X135.122 Y141.065
G0 X135.122 Y141.682
G0 X135.255 Y142.284
G0 X135.514 Y142.846
G0 X136.814 Y144.345
G0 X136.382 Y145.589
G0 X136.383 Y146.175
G0 X136.668 Y147.243
G0 X136.254 Y147.568
G1 F2400 X136.498 Y147.811 E43.82727
;MESH:NONMESH
G0 F300 X136.498 Y147.811 Z0.48
G0 F12000 X136.498 Y148.272
G0 X137.375 Y148.211
G0 X137.907 Y148.023
G0 X136.719 Y146.952
G0 X136.383 Y146.312
G0 X136.382 Y145.589
G0 X136.556 Y145.129
G0 X137.389 Y144.16
G0 X138.114 Y144.222
G0 X138.723 Y144.124
G0 X139.296 Y143.894
G0 X139.806 Y143.55
G0 X140.232 Y143.101
G0 X140.551 Y142.571
G0 X140.748 Y141.986
G0 X140.815 Y141.373
G0 X140.748 Y140.759
G0 X140.55 Y140.176
G0 X140.232 Y139.646
G0 X139.991 Y139.392
G0 X138.649 Y138.338
G0 X138.474 Y138.083
;TIME_ELAPSED:137.648704
;LAYER:3
M106 S255
;TYPE:WALL-INNER
;MESH:MotorMount_v2.stl
G1 F2114.5 X137.902 Y138.234 E43.84067
G1 F2181.8 X137.233 Y137.967 E43.85648
G1 F2285.7 X136.934 Y137.717 E43.86464
G1 F2341.5 X136.628 Y137.154 E43.87775
G1 F2382.1 X136.628 Y136.617 E43.88855
G1 F2400 X136.755 Y136.172 E43.89778
G1 X137.085 Y135.803 E43.90766
G1 X137.318 Y135.643 E43.9133
G1 X137.782 Y135.466 E43.92321
G1 X138.301 Y135.524 E43.93364
G1 X138.513 Y135.591 E43.93807
G1 X138.835 Y135.807 E43.94581
G1 X139.071 Y136.075 E43.95294
G1 X139.202 Y136.325 E43.95857
G1 X139.305 Y136.759 E43.96747
G1 X139.27 Y137.177 E43.97584
G1 F2318.8 X138.99 Y137.72 E43.98846
G1 F2181.8 X138.474 Y138.083 E44.00231
G0 F12000 X138.649 Y138.338
G0 X139.806 Y139.198
G0 X140.232 Y139.646
G0 X140.55 Y140.176
G0 X140.748 Y140.759
G0 X140.815 Y141.373
G0 X140.748 Y141.986
G0 X140.551 Y142.571
G0 X140.232 Y143.101
G0 X138.711 Y144.523
G0 X139.398 Y145.169
G0 X139.571 Y145.871
G0 X139.512 Y146.359
G0 X139.209 Y146.936
G0 X138.74 Y147.375
G0 X138.565 Y147.119
G1 F2400 X138.328 Y147.215 E44.00741
G1 X137.782 Y147.278 E44.01838
G1 X137.318 Y147.101 E44.02829
G1 X136.925 Y146.816 E44.03798
G1 X136.696 Y146.379 E44.04782
G1 X136.628 Y146.127 E44.05303
G1 X136.628 Y145.635 E44.06285
G1 X136.799 Y145.229 E44.07164
G1 X137.16 Y144.819 E44.08254
G1 X137.502 Y144.673 E44.08997
G1 F2096.1 X137.789 Y144.523 E44.09736
G1 F1853.3 X138.085 Y144.54 E44.10503
G1 F1983.5 X138.305 Y144.599 E44.11053
G1 F2253.5 X138.669 Y144.775 E44.11912
G1 F2400 X138.835 Y144.907 E44.12335
G1 X139.164 Y145.28 E44.13328
G1 X139.314 Y145.865 E44.14533
G1 X139.27 Y146.28 E44.15366
G1 X139.053 Y146.697 E44.16304
G1 X138.861 Y146.915 E44.16884
G1 X138.565 Y147.119 E44.17601
G0 F12000 X138.413 Y147.7
G1 F1690.1 X137.868 Y147.744 E44.1915
G1 F2016.8 X137.176 Y147.475 E44.20914
G1 F2400 X136.791 Y147.242 E44.21812
G1 X136.51 Y146.886 E44.22717
G1 X136.342 Y146.565 E44.2344
G1 X136.228 Y146.144 E44.2431
G1 X136.228 Y145.744 E44.25108
G1 X136.263 Y145.479 E44.25642
G1 X136.354 Y145.223 E44.26184
G1 X136.471 Y145 E44.26687
G1 X136.829 Y144.592 E44.2777
G1 X136.99 Y144.463 E44.28181
G1 X137.349 Y144.304 E44.28965
G1 X136.838 Y144.158 E44.30026
G1 X136.295 Y143.875 E44.31248
G1 X135.777 Y143.439 E44.32599
G1 X135.39 Y142.933 E44.3387
G1 X135.107 Y142.332 E44.35196
G1 X134.968 Y141.692 E44.36503
G1 X134.968 Y141.047 E44.3779
G1 X135.108 Y140.407 E44.39097
G1 X135.392 Y139.807 E44.40422
G1 X135.794 Y139.289 E44.4173
G1 X136.286 Y138.874 E44.43015
G1 X136.848 Y138.58 E44.44281
G1 X137.344 Y138.439 E44.4531
G1 X136.983 Y138.277 E44.46099
G1 X136.734 Y138.07 E44.46745
G1 X136.556 Y137.873 E44.47275
G1 X136.303 Y137.383 E44.48376
G1 X136.228 Y137.125 E44.48912
G1 X136.228 Y136.6 E44.4996
G1 X136.31 Y136.195 E44.50784
G1 X136.547 Y135.804 E44.51697
G1 X136.787 Y135.536 E44.52415
G1 X137.176 Y135.269 E44.53356
G1 F2248.2 X137.502 Y135.116 E44.54123
G1 F1875 X137.718 Y134.988 E44.54765
G1 F1672.5 X138.36 Y135.038 E44.56609
G1 F1959.2 X138.859 Y135.323 E44.58014
G1 F2400 X139.135 Y135.543 E44.58718
G1 X139.371 Y135.811 E44.59431
G1 X139.59 Y136.227 E44.60369
G1 X139.718 Y136.73 E44.61405
G1 X139.659 Y137.283 E44.62514
G1 X139.359 Y137.882 E44.63851
G1 X139.169 Y138.08 E44.64399
G1 X138.696 Y138.415 E44.65556
G1 X138.588 Y138.445 E44.65779
G1 X138.813 Y138.495 E44.66239
G1 X139.375 Y138.725 E44.67451
G1 X139.893 Y139.079 E44.68703
G1 X140.346 Y139.545 E44.7
G1 X140.687 Y140.108 E44.71314
G1 X140.896 Y140.726 E44.72616
G1 X140.96 Y141.372 E44.73911
G1 X140.893 Y142.026 E44.75223
G1 X140.688 Y142.635 E44.76505
G1 X140.346 Y143.198 E44.7782
G1 X139.881 Y143.68 E44.79156
G1 X139.369 Y144.029 E44.80393
G1 X138.768 Y144.267 E44.81683
G1 X138.592 Y144.298 E44.8204
G1 X138.858 Y144.423 E44.82626
G1 X139.136 Y144.642 E44.83332
G1 X139.457 Y145.01 E44.84307
G1 X139.567 Y145.235 E44.84807
G1 X139.717 Y145.829 E44.86029
G1 X139.676 Y146.234 E44.86842
G1 X139.572 Y146.565 E44.87534
G1 X139.408 Y146.881 E44.88244
G1 X139.088 Y147.244 E44.8921
G1 F1951.2 X138.413 Y147.7 E44.9121
G0 F12000 X139.175 Y147
G0 X139.512 Y146.359
G0 X139.571 Y145.871
G0 X139.415 Y145.239
G0 X138.673 Y144.193
G0 X138.625 Y143.887
G1 F2253.5 X138.293 Y143.966 E44.91935
G1 F1983.5 X138.103 Y144.027 E44.92417
G1 F1904.8 X137.665 Y144.003 E44.9352
G1 F2157.3 X137.469 Y143.922 E44.93991
G1 F2400 X136.992 Y143.788 E44.94979
G1 X136.493 Y143.521 E44.96109
G1 X136.081 Y143.171 E44.97188
G1 X135.734 Y142.725 E44.98315
G1 X135.486 Y142.199 E44.99476
G1 X135.368 Y141.65 E45.00596
G1 X135.368 Y141.086 E45.01722
G1 X135.488 Y140.54 E45.02838
G1 X135.734 Y140.02 E45.03986
G1 X136.064 Y139.591 E45.05066
G1 X136.483 Y139.23 E45.06169
G1 X136.97 Y138.967 E45.07274
G1 X137.471 Y138.818 E45.08317
G1 F2248.2 X138.002 Y138.711 E45.09471
G1 F2201.8 X138.285 Y138.791 E45.10111
G1 F2341.5 X138.686 Y138.874 E45.10948
G1 F2400 X139.183 Y139.077 E45.1202
G1 X139.635 Y139.385 E45.13111
G1 X140.027 Y139.791 E45.14237
G1 X140.323 Y140.278 E45.15375
G1 X140.503 Y140.813 E45.16501
G1 X140.56 Y141.372 E45.17622
G1 X140.504 Y141.904 E45.1869
G1 X140.326 Y142.461 E45.19857
G1 X140.029 Y142.951 E45.21
G1 X139.641 Y143.359 E45.22124
G1 X139.174 Y143.677 E45.23251
G1 X138.625 Y143.887 E45.24424
G0 F12000 X138.673 Y144.193
G0 X139.398 Y145.169
G0 X139.571 Y145.871
G0 X139.512 Y146.359
G0 X138.881 Y147.582
G0 X138.424 Y147.996
G0 X139.079 Y148.372
G1 F2400 X143.96 Y148.372 E45.34165
G1 X143.96 Y134.372 E45.62103
G1 X138.921 Y134.372 E45.72159
G1 F1959.2 X138.395 Y134.461 E45.73464
G1 F1696.1 X137.868 Y134.448 E45.74952
G1 F1723.5 X137.633 Y134.453 E45.75605
G1 F1889.8 X137.37 Y134.399 E45.76286
G1 F2248.2 X137.011 Y134.372 E45.77053
G1 F2400 X131.96 Y134.372 E45.87132
G1 X131.96 Y148.372 E46.15071
G1 X137.37 Y148.372 E46.25867
G1 F2016.8 X137.868 Y148.296 E46.27064
G1 F1690.1 X138.463 Y148.28 E46.2875
G1 F1951.2 X139.079 Y148.372 E46.30279
G0 F12000 X144.08 Y148.493
G0 X144.36 Y148.772
G1 F2400 X144.36 Y133.972 E46.59814
G1 X131.56 Y133.972 E46.85358
G1 X131.56 Y148.772 E47.14893
G1 X144.36 Y148.772 E47.40437
G0 F12000 X144.76 Y149.172
;TYPE:WALL-OUTER
G1 F2400 X144.76 Y133.572 E47.71568
G1 X131.16 Y133.572 E47.98708
G1 X131.16 Y149.172 E48.2984
G1 X144.76 Y149.172 E48.5698
G1 F1500 E42.0698
G0 F12000 X144.48 Y148.893
G0 X139.074 Y148.211
G0 X138.072 Y148.07
G0 X138.474 Y147.073
G0 X138.298 Y146.816
G1 F1500 E48.5698
G1 F2400 X137.839 Y146.871 E48.57903
G1 X137.422 Y146.713 E48.58793
G1 X137.218 Y146.514 E48.59361
G1 X137.028 Y146.151 E48.60179
G1 X137.028 Y145.706 E48.61067
G1 X137.127 Y145.457 E48.61602
G1 X137.423 Y145.135 E48.62475
G1 X137.841 Y144.971 E48.63371
G1 X138.29 Y145.025 E48.64273
G1 X138.535 Y145.171 E48.64842
G1 X138.8 Y145.472 E48.65643
G1 X138.913 Y145.913 E48.66551
G1 X138.862 Y146.197 E48.67127
G1 X138.675 Y146.557 E48.67936
G1 X138.298 Y146.816 E48.68849
G1 F1500 E42.18849
G0 F12000 X138.474 Y147.073
G0 X138.866 Y146.727
G0 X139.124 Y146.238
G0 X139.157 Y145.961
G0 X138.588 Y143.802
G0 X138.539 Y143.496
G1 F1500 E48.68849
G1 F2400 X138.079 Y143.568 E48.69778
G1 X137.61 Y143.543 E48.70716
G1 X137.127 Y143.406 E48.71718
G1 X136.721 Y143.193 E48.72633
G1 X136.365 Y142.889 E48.73567
G1 X136.067 Y142.494 E48.74554
G1 X135.864 Y142.051 E48.75527
G1 X135.771 Y141.623 E48.76401
G1 X135.772 Y141.113 E48.77418
G1 X135.878 Y140.65 E48.78366
G1 X136.089 Y140.214 E48.79333
G1 X136.36 Y139.861 E48.80221
G1 X136.718 Y139.554 E48.81162
G1 X137.134 Y139.333 E48.82102
G1 X137.624 Y139.196 E48.83118
G1 X138.097 Y139.174 E48.84063
G1 X138.571 Y139.258 E48.85023
G1 X139.009 Y139.438 E48.85968
G1 X139.394 Y139.706 E48.86904
G1 X139.72 Y140.056 E48.87859
G1 X139.948 Y140.432 E48.88736
G1 X140.111 Y140.917 E48.89757
G1 X140.16 Y141.372 E48.90671
G1 X140.11 Y141.835 E48.916
G1 X139.948 Y142.312 E48.92605
G1 X139.694 Y142.722 E48.93568
G1 X139.361 Y143.066 E48.94523
G1 X138.971 Y143.326 E48.95459
G1 X138.539 Y143.496 E48.96385
G1 F1500 E42.46385
G0 F12000 X138.588 Y143.802
G0 X139.546 Y143.243
G0 X139.911 Y142.858
G0 X140.185 Y142.402
G0 X140.355 Y141.9
G0 X140.412 Y141.373
G0 X140.355 Y140.846
G0 X140.185 Y140.345
G0 X140.03 Y140.087
G0 X138.329 Y138.026
G0 X138.293 Y137.718
G1 F1500 E48.96385
G1 F2400 X137.842 Y137.773 E48.97292
G1 X137.422 Y137.608 E48.98192
G1 X137.218 Y137.413 E48.98755
G1 X137.03 Y137.055 E48.99562
G1 X137.028 Y136.635 E49.00401
G1 X137.114 Y136.37 E49.00957
G1 X137.416 Y136.033 E49.0186
G1 X137.85 Y135.872 E49.02783
G1 X138.295 Y135.926 E49.03678
G1 X138.535 Y136.071 E49.04237
G1 X138.801 Y136.374 E49.05042
G1 X138.913 Y136.812 E49.05944
G1 X138.867 Y137.086 E49.06499
G1 X138.681 Y137.446 E49.07307
G1 X138.293 Y137.718 E49.08253
G0 F12000 X138.329 Y138.026
G0 X139.911 Y139.889
G0 X140.185 Y140.345
G0 X140.355 Y140.846
G0 X140.412 Y141.373
G0 X140.355 Y141.9
G0 X140.185 Y142.402
G0 X138.694 Y144.297
G0 X139.505 Y146.913
G0 X139.698 Y147.085
;TYPE:SKIN
G1 F2400 X139.89 Y146.729 E49.0906
G1 X140.036 Y146.268 E49.10025
G1 X140.068 Y145.92 E49.10723
G1 X140.031 Y145.607 E49.11352
G1 X139.88 Y145.007 E49.12586
G1 X139.647 Y144.682 E49.13384
G1 X139.41 Y144.403 E49.14115
G1 X139.652 Y144.268 E49.14668
G1 X140.12 Y143.948 E49.15799
G1 X140.62 Y143.432 E49.17233
G1 X140.946 Y142.897 E49.18483
G1 X141.058 Y142.657 E49.19012
G1 X141.246 Y142.095 E49.20194
G1 X141.324 Y141.387 E49.21616
G1 X141.252 Y140.675 E49.23044
G1 X141.062 Y140.099 E49.24254
G1 X140.947 Y139.841 E49.24818
G1 X140.643 Y139.343 E49.25982
G1 X140.137 Y138.806 E49.27455
G1 X139.563 Y138.417 E49.28839
G1 X139.403 Y138.345 E49.29189
G1 X139.532 Y138.229 E49.29535
G1 X139.717 Y137.962 E49.30183
G1 X139.987 Y137.431 E49.31372
G1 X140.054 Y137.003 E49.32237
G1 X140.06 Y136.637 E49.32967
G1 X139.922 Y136.095 E49.34083
G1 X139.666 Y135.607 E49.35183
G1 X139.402 Y135.302 E49.35988
G1 X139.059 Y135.02 E49.36874
G1 X138.724 Y134.806 E49.37667
G1 X138.945 Y134.732 E49.38132
G1 X143.6 Y134.732 E49.47422
G1 X143.6 Y148.012 E49.73924
G1 X139.102 Y148.012 E49.829
G1 X138.791 Y147.918 E49.83548
G1 X138.998 Y147.743 E49.84089
G1 X139.322 Y147.509 E49.84887
G1 X139.698 Y147.085 E49.86018
G0 F12000 X139.505 Y146.914
G0 X138.424 Y147.996
G0 X138.95 Y148.171
G0 X142.95 Y148.272
G0 X142.95 Y147.812
G1 F2400 X143.4 Y147.362 E49.87288
G0 F12000 X143.4 Y146.797
G1 F2400 X142.384 Y147.812 E49.90154
G0 F12000 X141.819 Y147.812
G1 F2400 X143.4 Y146.231 E49.94616
G0 F12000 X143.4 Y145.665
G1 F2400 X141.253 Y147.812 E50.00675
G0 F12000 X140.687 Y147.812
G1 F2400 X143.4 Y145.1 E50.0833
G0 F12000 X143.4 Y144.534
G1 F2400 X140.122 Y147.812 E50.17581
G0 F12000 X139.556 Y147.812
G1 F2400 X143.4 Y143.968 E50.2843
G0 F12000 X143.4 Y143.403
G1 F2400 X140.111 Y146.691 E50.37711
G0 F12000 X140.263 Y145.974
G1 F2400 X143.4 Y142.837 E50.46564
G0 F12000 X143.4 Y142.271
G1 F2400 X140.202 Y145.47 E50.55591
G0 F12000 X140.089 Y145.016
G1 F2400 X143.4 Y141.706 E50.64934
G0 F12000 X143.4 Y141.14
G1 F2400 X139.879 Y144.661 E50.74871
G0 F12000 X139.504 Y144.928
G0 X139.05 Y144.35
G0 X140.823 Y142.552
G0 X141.242 Y142.732
G1 F2400 X143.4 Y140.574 E50.80961
G0 F12000 X143.4 Y140.009
G1 F2400 X141.465 Y141.943 E50.86421
G0 F12000 X141.518 Y141.324
G1 F2400 X143.4 Y139.443 E50.91731
G0 F12000 X143.4 Y138.877
G1 F2400 X141.467 Y140.81 E50.97186
G0 F12000 X141.359 Y140.352
G1 F2400 X143.4 Y138.312 E51.02945
G0 F12000 X143.4 Y137.746
G1 F2400 X141.209 Y139.937 E51.09128
G0 F12000 X141.013 Y139.567
G1 F2400 X143.4 Y137.18 E51.15865
G0 F12000 X143.4 Y136.614
G1 F2400 X140.799 Y139.215 E51.23206
G0 F12000 X140.525 Y138.923
G1 F2400 X143.4 Y136.049 E51.31318
G0 F12000 X143.4 Y135.483
G1 F2400 X140.249 Y138.634 E51.40211
G0 F12000 X139.909 Y138.408
G1 F2400 X143.386 Y134.932 E51.50022
G0 F12000 X142.82 Y134.932
G1 F2400 X140.11 Y137.642 E51.57671
G0 F12000 X140.254 Y136.932
G1 F2400 X142.254 Y134.932 E51.63315
G0 F12000 X141.689 Y134.932
G1 F2400 X140.212 Y136.408 E51.67482
G0 F12000 X140.084 Y135.971
G1 F2400 X141.122 Y134.932 E51.70413
G0 F12000 X140.557 Y134.932
G1 F2400 X139.888 Y135.6 E51.72299
G0 F12000 X139.648 Y135.275
G1 F2400 X139.991 Y134.932 E51.73267
G0 F12000 X139.425 Y134.932
G1 F2400 X139.353 Y135.004 E51.73471
G0 F12000 X139.067 Y135.364
G0 X139.398 Y136.069
G0 X139.571 Y136.771
G0 X139.512 Y137.259
G0 X139.175 Y137.9
G0 X138.438 Y138.575
G0 X138.114 Y138.523
G0 X137.498 Y138.557
G0 X136.904 Y138.721
G0 X136.357 Y139.011
G0 X135.888 Y139.411
G0 X135.514 Y139.901
G0 X135.255 Y140.463
G0 X135.122 Y141.065
G0 X135.122 Y141.682
G0 X135.255 Y142.284
G0 X135.514 Y142.846
G0 X135.888 Y143.336
G0 X137.037 Y144.587
G0 X136.556 Y145.129
G0 X136.382 Y145.589
G0 X136.383 Y146.24
G0 X136.725 Y147.318
G0 X136.548 Y147.512
G1 F2400 X137.053 Y147.816 E51.74647
G1 X137.471 Y147.971 E51.75537
G1 X137.341 Y148.012 E51.75809
G1 X132.32 Y148.012 E51.85829
G1 X132.32 Y134.732 E52.1233
G1 X137.001 Y134.732 E52.21672
G1 X137.312 Y134.778 E52.22299
G1 X137.024 Y134.942 E52.22961
G1 X136.547 Y135.266 E52.24111
G1 X136.277 Y135.563 E52.24912
G1 X135.971 Y136.063 E52.26082
G1 X135.868 Y136.583 E52.2714
G1 X135.871 Y137.179 E52.28329
G1 X135.964 Y137.497 E52.28991
G1 X136.243 Y138.062 E52.30248
G1 X136.508 Y138.348 E52.31026
G1 X136.088 Y138.564 E52.31969
G1 X135.497 Y139.077 E52.3353
G1 X135.093 Y139.601 E52.34851
G1 X134.83 Y140.151 E52.36067
G1 X134.728 Y140.452 E52.36702
G1 X134.636 Y140.864 E52.37544
G1 X134.608 Y141.136 E52.3809
G1 X134.61 Y141.739 E52.39293
G1 X134.728 Y142.298 E52.40433
G1 X134.818 Y142.569 E52.41003
G1 X135.01 Y142.981 E52.4191
G1 X135.158 Y143.219 E52.42469
G1 X135.542 Y143.71 E52.43713
G1 X136.079 Y144.162 E52.45114
G1 X136.516 Y144.398 E52.46105
G1 X136.214 Y144.735 E52.47008
G1 X136.07 Y144.956 E52.47535
G1 X135.909 Y145.41 E52.48496
G1 X135.869 Y145.718 E52.49116
G1 X135.868 Y146.154 E52.49986
G1 X136.006 Y146.696 E52.51102
G1 X136.191 Y147.051 E52.51901
G1 X136.548 Y147.512 E52.53064
G0 F12000 X136.368 Y147.606
G1 F2400 X136.308 Y147.666 E52.53234
G1 X136.308 Y147.667
G1 X136.162 Y147.812 E52.53644
G0 F12000 X136.106 Y147.302
G1 F2400 X135.596 Y147.812 E52.55084
G0 F12000 X135.031 Y147.812
G1 F2400 X135.905 Y146.938 E52.5755
G0 F12000 X135.754 Y146.523
G1 F2400 X134.465 Y147.812 E52.61188
G0 F12000 X133.899 Y147.812
G1 F2400 X135.669 Y146.042 E52.66184
G0 F12000 X135.707 Y145.439
G1 F2400 X133.333 Y147.812 E52.72882
G0 F12000 X132.768 Y147.812
G1 F2400 X136.12 Y144.46 E52.82342
G0 F12000 X135.814 Y144.2
G1 F2400 X132.52 Y147.494 E52.91638
G0 F12000 X132.52 Y146.928
G1 F2400 X135.507 Y143.941 E53.00068
G0 F12000 X135.238 Y143.645
G1 F2400 X132.52 Y146.363 E53.07739
G0 F12000 X132.52 Y145.797
G1 F2400 X134.991 Y143.326 E53.14713
G0 F12000 X134.783 Y142.969
G1 F2400 X132.52 Y145.231 E53.21098
G0 F12000 X132.52 Y144.666
G1 F2400 X134.611 Y142.575 E53.26999
G0 F12000 X134.488 Y142.132
G1 F2400 X132.52 Y144.1 E53.32554
G0 F12000 X132.52 Y143.534
G1 F2400 X134.412 Y141.643 E53.37892
G0 F12000 X134.413 Y141.076
G1 F2400 X132.52 Y142.969 E53.43234
G0 F12000 X132.52 Y142.403
G1 F2400 X134.543 Y140.38 E53.48944
G0 F12000 X134.983 Y140.505
G0 X135.492 Y139.512
G0 X135.126 Y139.231
G1 F2400 X132.52 Y141.837 E53.56298
G0 F12000 X132.52 Y141.271
G1 F2400 X135.925 Y137.867 E53.65907
G0 F12000 X136.112 Y138.246
G1 F2400 X135.848 Y138.509 E53.6665
G0 F12000 X136.146 Y138.86
G0 X136.834 Y138.387
G0 X136.19 Y137.348
G0 X135.75 Y137.476
G1 F2400 X132.52 Y140.706 E53.75766
G0 F12000 X132.52 Y140.14
G1 F2400 X135.671 Y136.989 E53.84659
G0 F12000 X135.703 Y136.392
G1 F2400 X132.52 Y139.574 E53.9364
G0 F12000 X132.52 Y139.009
G1 F2400 X136.332 Y135.197 E54.04399
G1 X136.417 Y135.112
G1 X136.596 Y134.933 E54.04904
G0 F12000 X136.03 Y134.933
G1 F2400 X132.52 Y138.443 E54.1481
G0 F12000 X132.52 Y137.877
G1 F2400 X135.465 Y134.933 E54.2312
G0 F12000 X134.899 Y134.933
G1 F2400 X132.52 Y137.312 E54.29834
G0 F12000 X132.52 Y136.746
G1 F2400 X134.334 Y134.932 E54.34953
G0 F12000 X133.768 Y134.932
G1 F2400 X132.52 Y136.18 E54.38476
G0 F12000 X132.52 Y135.615
G1 F2400 X133.203 Y134.932 E54.40403
G0 F12000 X132.637 Y134.932
G1 F2400 X132.52 Y135.049 E54.40733
;MESH:NONMESH
G0 F300 X132.52 Y135.049 Z0.6
G0 F12000 X132.06 Y135.049
G0 X132.132 Y134.544
G0 X137.013 Y134.533
G0 X138.421 Y134.718
G0 X137.868 Y134.764
G0 X136.16 Y136.14
G0 X136.402 Y137.216
G0 X136.719 Y137.852
G0 X137.087 Y138.18
G0 X137.697 Y138.41
G0 X138.649 Y138.338
G0 X138.474 Y138.083
;TIME_ELAPSED:165.569912
;LAYER:4
;TYPE:WALL-INNER
;MESH:MotorMount_v2.stl
G1 F2114.5 X137.902 Y138.234 E54.42073
G1 F2181.8 X137.233 Y137.967 E54.43655
G1 F2285.7 X136.934 Y137.717 E54.44471
G1 F2341.5 X136.628 Y137.154 E54.45782
G1 F2382.1 X136.628 Y136.617 E54.46862
G1 F2400 X136.755 Y136.172 E54.47785
G1 X137.085 Y135.803 E54.48773
G1 X137.318 Y135.643 E54.49337
G1 X137.782 Y135.466 E54.50328
G1 X138.301 Y135.524 E54.5137
G1 X138.513 Y135.591 E54.51814
G1 X138.835 Y135.807 E54.52588
G1 X139.071 Y136.075 E54.533
G1 X139.202 Y136.325 E54.53864
G1 X139.305 Y136.759 E54.54754
G1 X139.27 Y137.177 E54.55591
G1 F2318.8 X138.99 Y137.72 E54.56853
G1 F2181.8 X138.474 Y138.083 E54.58238
G0 F12000 X138.649 Y138.338
G0 X139.806 Y139.198
G0 X140.232 Y139.646
G0 X140.55 Y140.176
G0 X140.748 Y140.759
G0 X140.815 Y141.373
G0 X140.748 Y141.986
G0 X140.551 Y142.571
G0 X140.232 Y143.101
G0 X138.711 Y144.523
G0 X139.398 Y145.169
G0 X139.571 Y145.871
G0 X139.512 Y146.359
G0 X139.209 Y146.936
G0 X138.74 Y147.375
G0 X138.565 Y147.119
G1 F2400 X138.328 Y147.215 E54.58748
G1 X137.782 Y147.278 E54.59845
G1 X137.318 Y147.101 E54.60836
G1 X136.925 Y146.816 E54.61805
G1 X136.696 Y146.379 E54.62789
G1 X136.628 Y146.127 E54.6331
G1 X136.628 Y145.635 E54.64292
G1 X136.799 Y145.229 E54.65171
G1 X137.16 Y144.819 E54.66261
G1 X137.502 Y144.673 E54.67003
G1 F2096.1 X137.789 Y144.523 E54.67743
G1 F1853.3 X138.085 Y144.54 E54.68509
G1 F1983.5 X138.305 Y144.599 E54.69059
G1 F2253.5 X138.669 Y144.775 E54.69919
G1 F2400 X138.835 Y144.907 E54.70342
G1 X139.164 Y145.28 E54.71335
G1 X139.314 Y145.865 E54.7254
G1 X139.27 Y146.28 E54.73373
G1 X139.053 Y146.697 E54.74311
G1 X138.861 Y146.915 E54.7489
G1 X138.565 Y147.119 E54.75608
G0 F12000 X138.413 Y147.7
G1 F1690.1 X137.868 Y147.744 E54.77157
G1 F2016.8 X137.176 Y147.475 E54.7892
G1 F2400 X136.791 Y147.242 E54.79818
G1 X136.51 Y146.886 E54.80723
G1 X136.342 Y146.565 E54.81446
G1 X136.228 Y146.144 E54.82317
G1 X136.228 Y145.744 E54.83115
G1 X136.263 Y145.479 E54.83649
G1 X136.354 Y145.223 E54.84191
G1 X136.471 Y145 E54.84693
G1 X136.829 Y144.592 E54.85777
G1 X136.99 Y144.463 E54.86188
G1 X137.349 Y144.304 E54.86972
G1 X136.838 Y144.158 E54.88032
G1 X136.295 Y143.875 E54.89254
G1 X135.777 Y143.439 E54.90605
G1 X135.39 Y142.933 E54.91877
G1 X135.107 Y142.332 E54.93202
G1 X134.968 Y141.692 E54.94509
G1 X134.968 Y141.047 E54.95797
G1 X135.108 Y140.407 E54.97104
G1 X135.392 Y139.807 E54.98429
G1 X135.794 Y139.289 E54.99737
G1 X136.286 Y138.874 E55.01022
G1 X136.848 Y138.58 E55.02287
G1 X137.344 Y138.439 E55.03316
G1 X136.983 Y138.277 E55.04106
G1 X136.734 Y138.07 E55.04752
G1 X136.556 Y137.873 E55.05282
G1 X136.303 Y137.383 E55.06383
G1 X136.228 Y137.125 E55.06919
G1 X136.228 Y136.6 E55.07966
G1 X136.31 Y136.195 E55.08791
G1 X136.547 Y135.804 E55.09703
G1 X136.787 Y135.536 E55.10421
G1 X137.176 Y135.269 E55.11363
G1 F2248.2 X137.502 Y135.116 E55.1213
G1 F1875 X137.718 Y134.988 E55.12771
G1 F1672.5 X138.36 Y135.038 E55.14616
G1 F1959.2 X138.859 Y135.323 E55.1602
G1 F2400 X139.135 Y135.543 E55.16725
G1 X139.371 Y135.811 E55.17437
G1 X139.59 Y136.227 E55.18375
G1 X139.718 Y136.73 E55.19411
G1 X139.659 Y137.283 E55.20521
G1 X139.359 Y137.882 E55.21858
G1 X139.169 Y138.08 E55.22406
G1 X138.696 Y138.415 E55.23562
G1 X138.588 Y138.445 E55.23786
G1 X138.813 Y138.495 E55.24246
G1 X139.375 Y138.725 E55.25458
G1 X139.893 Y139.079 E55.2671
G1 X140.346 Y139.545 E55.28007
G1 X140.687 Y140.108 E55.2932
G1 X140.896 Y140.726 E55.30622
G1 X140.96 Y141.372 E55.31918
G1 X140.893 Y142.026 E55.3323
G1 X140.688 Y142.635 E55.34512
G1 X140.346 Y143.198 E55.35827
G1 X139.881 Y143.68 E55.37163
G1 X139.369 Y144.029 E55.384
G1 X138.768 Y144.267 E55.3969
G1 X138.592 Y144.298 E55.40046
G1 X138.858 Y144.423 E55.40633
G1 X139.136 Y144.642 E55.41339
G1 X139.457 Y145.01 E55.42314
G1 X139.567 Y145.235 E55.42813
G1 X139.717 Y145.829 E55.44036
G1 X139.676 Y146.234 E55.44848
G1 X139.572 Y146.565 E55.45541
G1 X139.408 Y146.881 E55.46251
G1 X139.088 Y147.244 E55.47217
G1 F1951.2 X138.413 Y147.7 E55.49216
G0 F12000 X139.175 Y147
G0 X139.512 Y146.359
G0 X139.571 Y145.871
G0 X139.415 Y145.239
G0 X138.673 Y144.193
G0 X138.625 Y143.887
G1 F2253.5 X138.293 Y143.966 E55.49942
G1 F1983.5 X138.103 Y144.027 E55.50424
G1 F1904.8 X137.665 Y144.003 E55.51527
G1 F2157.3 X137.469 Y143.922 E55.51997
G1 F2400 X136.992 Y143.788 E55.52986
G1 X136.493 Y143.521 E55.54116
G1 X136.081 Y143.171 E55.55194
G1 X135.734 Y142.725 E55.56322
G1 X135.486 Y142.199 E55.57483
G1 X135.368 Y141.65 E55.58603
G1 X135.368 Y141.086 E55.59729
G1 X135.488 Y140.54 E55.60844
G1 X135.734 Y140.02 E55.61992
G1 X136.064 Y139.591 E55.63072
G1 X136.483 Y139.23 E55.64176
G1 X136.97 Y138.967 E55.65281
G1 X137.471 Y138.818 E55.66324
G1 F2248.2 X138.002 Y138.711 E55.67478
G1 F2201.8 X138.285 Y138.791 E55.68117
G1 F2341.5 X138.686 Y138.874 E55.68955
G1 F2400 X139.183 Y139.077 E55.70026
G1 X139.635 Y139.385 E55.71118
G1 X140.027 Y139.791 E55.72244
G1 X140.323 Y140.278 E55.73381
G1 X140.503 Y140.813 E55.74508
G1 X140.56 Y141.372 E55.75629
G1 X140.504 Y141.904 E55.76697
G1 X140.326 Y142.461 E55.77864
G1 X140.029 Y142.951 E55.79007
G1 X139.641 Y143.359 E55.80131
G1 X139.174 Y143.677 E55.81258
G1 X138.625 Y143.887 E55.82431
G0 F12000 X138.673 Y144.193
G0 X139.398 Y145.169
G0 X139.571 Y145.871
G0 X139.512 Y146.359
G0 X138.881 Y147.582
G0 X138.424 Y147.996
G0 X139.079 Y148.372
G1 F2400 X143.96 Y148.372 E55.92172
G1 X143.96 Y134.372 E56.2011
G1 X138.921 Y134.372 E56.30166
G1 F1959.2 X138.395 Y134.461 E56.3147
G1 F1696.1 X137.868 Y134.448 E56.32959
G1 F1723.5 X137.633 Y134.453 E56.33612
G1 F1889.8 X137.37 Y134.399 E56.34292
G1 F2248.2 X137.011 Y134.372 E56.35059
G1 F2400 X131.96 Y134.372 E56.45139
G1 X131.96 Y148.372 E56.73078
G1 X137.37 Y148.372 E56.83874
G1 F2016.8 X137.868 Y148.296 E56.8507
G1 F1690.1 X138.463 Y148.28 E56.86757
G1 F1951.2 X139.079 Y148.372 E56.88286
G0 F12000 X144.08 Y148.493
G0 X144.36 Y148.772
G1 F2400 X144.36 Y133.972 E57.17821
G1 X131.56 Y133.972 E57.43365
G1 X131.56 Y148.772 E57.729
G1 X144.36 Y148.772 E57.98443
G0 F12000 X144.76 Y149.172
;TYPE:WALL-OUTER
G1 F2400 X144.76 Y133.572 E58.29575
G1 X131.16 Y133.572 E58.56715
G1 X131.16 Y149.172 E58.87847
G1 X144.76 Y149.172 E59.14987
G1 F1500 E52.64987
G0 F12000 X144.48 Y148.893
G0 X139.074 Y148.211
G0 X138.072 Y148.07
G0 X138.474 Y147.073
G0 X138.298 Y146.816
G1 F1500 E59.14987
G1 F2400 X137.839 Y146.871 E59.15909
G1 X137.422 Y146.713 E59.16799
G1 X137.218 Y146.514 E59.17368
G1 X137.028 Y146.151 E59.18186
G1 X137.028 Y145.706 E59.19074
G1 X137.127 Y145.457 E59.19608
G1 X137.423 Y145.135 E59.20481
G1 X137.841 Y144.971 E59.21377
G1 X138.29 Y145.025 E59.2228
G1 X138.535 Y145.171 E59.22849
G1 X138.8 Y145.472 E59.23649
G1 X138.913 Y145.913 E59.24558
G1 X138.862 Y146.197 E59.25134
G1 X138.675 Y146.557 E59.25943
G1 X138.298 Y146.816 E59.26856
G1 F1500 E52.76856
G0 F12000 X138.474 Y147.073
G0 X138.866 Y146.727
G0 X139.124 Y146.238
G0 X139.157 Y145.961
G0 X138.588 Y143.802
G0 X138.539 Y143.496
G1 F1500 E59.26856
G1 F2400 X138.079 Y143.568 E59.27785
G1 X137.61 Y143.543 E59.28722
G1 X137.127 Y143.406 E59.29724
G1 X136.721 Y143.193 E59.30639
G1 X136.365 Y142.889 E59.31573
G1 X136.067 Y142.494 E59.32561
G1 X135.864 Y142.051 E59.33533
G1 X135.771 Y141.623 E59.34407
G1 X135.772 Y141.113 E59.35425
G1 X135.878 Y140.65 E59.36373
G1 X136.089 Y140.214 E59.3734
G1 X136.36 Y139.861 E59.38228
G1 X136.718 Y139.554 E59.39169
G1 X137.134 Y139.333 E59.40109
G1 X137.624 Y139.196 E59.41124
G1 X138.097 Y139.174 E59.42069
G1 X138.571 Y139.258 E59.4303
G1 X139.009 Y139.438 E59.43975
G1 X139.394 Y139.706 E59.44911
G1 X139.72 Y140.056 E59.45866
G1 X139.948 Y140.432 E59.46743
G1 X140.111 Y140.917 E59.47764
G1 X140.16 Y141.372 E59.48677
G1 X140.11 Y141.835 E59.49607
G1 X139.948 Y142.312 E59.50612
G1 X139.694 Y142.722 E59.51575
G1 X139.361 Y143.066 E59.5253
G1 X138.971 Y143.326 E59.53465
G1 X138.539 Y143.496 E59.54392
G1 F1500 E53.04392
G0 F12000 X138.588 Y143.802
G0 X139.546 Y143.243
G0 X139.911 Y142.858
G0 X140.185 Y142.402
G0 X140.355 Y141.9
G0 X140.412 Y141.373
G0 X140.355 Y140.846
G0 X140.185 Y140.345
G0 X140.03 Y140.087
G0 X138.329 Y138.026
G0 X138.293 Y137.718
G1 F1500 E59.54392
G1 F2400 X137.842 Y137.773 E59.55298
G1 X137.422 Y137.608 E59.56199
G1 X137.218 Y137.413 E59.56762
G1 X137.03 Y137.055 E59.57569
G1 X137.028 Y136.635 E59.58407
G1 X137.114 Y136.37 E59.58963
G1 X137.416 Y136.033 E59.59866
G1 X137.85 Y135.872 E59.6079
G1 X138.295 Y135.926 E59.61685
G1 X138.535 Y136.071 E59.62244
G1 X138.801 Y136.374 E59.63049
G1 X138.913 Y136.812 E59.63951
G1 X138.867 Y137.086 E59.64506
G1 X138.681 Y137.446 E59.65314
G1 X138.293 Y137.718 E59.6626
G0 F12000 X138.329 Y138.026
G0 X139.911 Y139.889
G0 X140.185 Y140.345
G0 X140.355 Y140.846
G0 X140.412 Y141.373
G0 X140.355 Y141.9
G0 X140.185 Y142.402
G0 X138.694 Y144.297
G0 X139.505 Y146.913
G0 X139.698 Y147.085
;TYPE:SKIN
G1 F2400 X139.89 Y146.729 E59.67067
G1 X140.036 Y146.268 E59.68032
G1 X140.068 Y145.92 E59.68729
G1 X140.031 Y145.607 E59.69358
G1 X139.88 Y145.007 E59.70593
G1 X139.647 Y144.682 E59.71391
G1 X139.41 Y144.403 E59.72122
G1 X139.652 Y144.268 E59.72675
G1 X140.12 Y143.948 E59.73806
G1 X140.62 Y143.432 E59.7524
G1 X140.946 Y142.897 E59.7649
G1 X141.058 Y142.657 E59.77019
G1 X141.246 Y142.095 E59.78201
G1 X141.324 Y141.387 E59.79623
G1 X141.252 Y140.675 E59.81051
G1 X141.062 Y140.099 E59.82261
G1 X140.947 Y139.841 E59.82825
G1 X140.643 Y139.343 E59.83989
G1 X140.137 Y138.806 E59.85462
G1 X139.563 Y138.417 E59.86845
G1 X139.403 Y138.345 E59.87196
G1 X139.532 Y138.229 E59.87542
G1 X139.717 Y137.962 E59.8819
G1 X139.987 Y137.431 E59.89379
G1 X140.054 Y137.003 E59.90243
G1 X140.06 Y136.637 E59.90974
G1 X139.922 Y136.095 E59.9209
G1 X139.666 Y135.607 E59.9319
G1 X139.402 Y135.302 E59.93995
G1 X139.059 Y135.02 E59.94881
G1 X138.724 Y134.806 E59.95674
G1 X138.945 Y134.732 E59.96139
G1 X143.6 Y134.732 E60.05429
G1 X143.6 Y148.012 E60.3193
G1 X139.102 Y148.012 E60.40907
G1 X138.791 Y147.918 E60.41555
G1 X138.998 Y147.743 E60.42096
G1 X139.322 Y147.509 E60.42894
G1 X139.698 Y147.085 E60.44024
G0 F12000 X139.589 Y147.509
G1 F2400 X139.893 Y147.812 E60.44881
G0 F12000 X140.458 Y147.812
G1 F2400 X139.855 Y147.209 E60.46583
G0 F12000 X140.055 Y146.843
G1 F2400 X141.024 Y147.812 E60.49317
G0 F12000 X141.59 Y147.812
G1 F2400 X140.2 Y146.423 E60.53239
G0 F12000 X140.267 Y145.924
G1 F2400 X142.155 Y147.812 E60.58567
G0 F12000 X142.721 Y147.812
G1 F2400 X140.142 Y145.233 E60.65846
G0 F12000 X139.849 Y144.374
G1 F2400 X143.287 Y147.812 E60.75549
G0 F12000 X143.4 Y147.36
G1 F2400 X140.188 Y144.148 E60.84614
G0 F12000 X140.475 Y143.869
G1 F2400 X143.4 Y146.794 E60.92869
G0 F12000 X143.4 Y146.228
G1 F2400 X140.752 Y143.581 E61.0034
G0 F12000 X140.974 Y143.237
G1 F2400 X143.4 Y145.663 E61.07187
G0 F12000 X143.4 Y145.097
G1 F2400 X141.176 Y142.873 E61.13464
G0 F12000 X141.332 Y142.463
G1 F2400 X143.4 Y144.531 E61.193
G0 F12000 X143.4 Y143.966
G1 F2400 X141.455 Y142.021 E61.24789
G0 F12000 X141.515 Y141.515
G1 F2400 X143.4 Y143.4 E61.30109
G0 F12000 X143.4 Y142.834
G1 F2400 X141.476 Y140.91 E61.35539
G0 F12000 X141.294 Y140.163
G1 F2400 X143.4 Y142.268 E61.41481
G0 F12000 X143.4 Y141.703
G1 F2400 X139.835 Y138.138 E61.51542
G0 F12000 X140.04 Y137.777
G1 F2400 X143.4 Y141.137 E61.61025
G0 F12000 X143.4 Y140.571
G1 F2400 X140.198 Y137.37 E61.7006
G0 F12000 X140.254 Y136.86
G1 F2400 X143.4 Y140.006 E61.78939
G0 F12000 X143.4 Y139.44
G1 F2400 X140.159 Y136.199 E61.88086
G0 F12000 X139.715 Y136.311
G0 X138.776 Y135.096
G0 X138.356 Y134.745
G0 X138.809 Y134.573
G0 X140.024 Y134.472
G0 X140.024 Y134.933
G1 F2400 X143.4 Y138.309 E61.97614
G0 F12000 X143.4 Y138.874
G1 F2400 X139.458 Y134.933 E62.08737
G0 F12000 X139.458 Y134.472
G0 X140.59 Y134.472
G0 X140.59 Y134.933
G1 F2400 X143.4 Y137.743 E62.16668
G0 F12000 X143.4 Y137.177
G1 F2400 X141.155 Y134.933 E62.23002
G0 F12000 X141.72 Y134.932
G1 F2400 X143.4 Y136.612 E62.27744
G0 F12000 X143.4 Y136.046
G1 F2400 X142.286 Y134.932 E62.30888
G0 F12000 X142.852 Y134.932
G1 F2400 X143.4 Y135.48 E62.32434
G0 F12000 X143.86 Y135.48
G0 X143.788 Y134.544
G0 X138.915 Y134.533
G0 X138.356 Y134.745
G0 X138.776 Y135.096
G0 X139.864 Y136.65
G0 X139.065 Y138.401
G0 X140.94 Y140.326
G0 X140.748 Y141.986
G0 X140.551 Y142.571
G0 X140.232 Y143.101
G0 X139.806 Y143.55
G0 X138.484 Y144.4
G0 X137.765 Y144.312
G0 X137.037 Y144.587
G0 X136.556 Y145.129
G0 X136.382 Y145.589
G0 X136.383 Y146.24
G0 X136.725 Y147.318
G0 X136.548 Y147.512
G1 F2400 X137.053 Y147.816 E62.3361
G1 X137.471 Y147.971 E62.345
G1 X137.341 Y148.012 E62.34772
G1 X132.32 Y148.012 E62.44792
G1 X132.32 Y134.732 E62.71294
G1 X137.001 Y134.732 E62.80635
G1 X137.312 Y134.778 E62.81263
G1 X137.024 Y134.942 E62.81924
G1 X136.547 Y135.266 E62.83075
G1 X136.277 Y135.563 E62.83876
G1 X135.971 Y136.063 E62.85046
G1 X135.868 Y136.583 E62.86103
G1 X135.871 Y137.179 E62.87293
G1 X135.964 Y137.497 E62.87954
G1 X136.243 Y138.062 E62.89212
G1 X136.508 Y138.348 E62.8999
G1 X136.088 Y138.564 E62.90932
G1 X135.497 Y139.077 E62.92494
G1 X135.093 Y139.601 E62.93814
G1 X134.83 Y140.151 E62.95031
G1 X134.728 Y140.452 E62.95665
G1 X134.636 Y140.864 E62.96508
G1 X134.608 Y141.136 E62.97053
G1 X134.61 Y141.739 E62.98257
G1 X134.728 Y142.298 E62.99397
G1 X134.818 Y142.569 E62.99967
G1 X135.01 Y142.981 E63.00874
G1 X135.158 Y143.219 E63.01433
G1 X135.542 Y143.71 E63.02677
G1 X136.079 Y144.162 E63.04078
G1 X136.516 Y144.398 E63.05069
G1 X136.214 Y144.735 E63.05972
G1 X136.07 Y144.956 E63.06498
G1 X135.909 Y145.41 E63.07459
G1 X135.869 Y145.718 E63.08079
G1 X135.868 Y146.154 E63.08949
G1 X136.006 Y146.696 E63.10065
G1 X136.191 Y147.051 E63.10864
G1 X136.548 Y147.512 E63.12028
G0 F12000 X136.725 Y147.318
G0 X137.907 Y148.023
G0 X137.476 Y148.175
G0 X133.104 Y148.272
G0 X133.104 Y147.811
G1 F2400 X132.52 Y147.227 E63.13676
G0 F12000 X132.52 Y146.662
G1 F2400 X133.669 Y147.811 E63.16919
G0 F12000 X134.235 Y147.811
G1 F2400 X132.52 Y146.096 E63.21759
G0 F12000 X132.52 Y145.53
G1 F2400 X134.801 Y147.811 E63.28196
G0 F12000 X135.366 Y147.811
G1 F2400 X132.52 Y144.965 E63.36228
G0 F12000 X132.52 Y144.399
G1 F2400 X135.932 Y147.811 E63.45858
G0 F12000 X136.254 Y147.568
G1 F2400 X132.52 Y143.833 E63.56397
G0 F12000 X132.52 Y143.268
G1 F2400 X135.748 Y146.496 E63.65507
G0 F12000 X135.67 Y145.853
G1 F2400 X132.52 Y142.702 E63.74399
G0 F12000 X132.52 Y142.136
G1 F2400 X135.721 Y145.338 E63.83434
G0 F12000 X135.868 Y144.919
G1 F2400 X132.52 Y141.571 E63.92883
G0 F12000 X132.52 Y141.005
G1 F2400 X136.09 Y144.575 E64.02958
G0 F12000 X136.432 Y144.882
G0 X136.814 Y144.345
G0 X135.025 Y142.362
G0 X134.59 Y142.51
G1 F2400 X132.52 Y140.439 E64.08802
G0 F12000 X132.52 Y139.873
G1 F2400 X134.413 Y141.767 E64.14146
G0 F12000 X134.41 Y141.198
G1 F2400 X132.52 Y139.308 E64.1948
G0 F12000 X132.52 Y138.742
G1 F2400 X134.47 Y140.692 E64.24983
G0 F12000 X134.589 Y140.245
G1 F2400 X132.52 Y138.176 E64.30822
G0 F12000 X132.52 Y137.611
G1 F2400 X134.753 Y139.845 E64.37125
G0 F12000 X134.944 Y139.469
G1 F2400 X132.52 Y137.045 E64.43967
G0 F12000 X132.52 Y136.479
G1 F2400 X135.19 Y139.149 E64.51502
G0 F12000 X135.453 Y138.847
G1 F2400 X132.52 Y135.914 E64.59779
G0 F12000 X132.52 Y135.348
G1 F2400 X135.757 Y138.586 E64.68916
G0 F12000 X136.08 Y138.343
G1 F2400 X132.67 Y134.933 E64.7854
G0 F12000 X133.236 Y134.933
G1 F2400 X135.738 Y137.435 E64.85601
G0 F12000 X135.67 Y136.802
G1 F2400 X133.802 Y134.933 E64.90875
G0 F12000 X134.367 Y134.933
G1 F2400 X135.724 Y136.29 E64.94704
G0 F12000 X135.862 Y135.862
G1 F2400 X134.934 Y134.934 E64.97323
G0 F12000 X135.499 Y134.934
G1 F2400 X136.078 Y135.512 E64.98956
G0 F12000 X136.331 Y135.2
G1 F2400 X136.065 Y134.934 E64.99707
G0 F12000 X136.065 Y134.472
G0 X138.421 Y134.718
G0 X137.868 Y134.764
G0 X136.143 Y136.136
G0 X136.628 Y138.192
G0 X136.834 Y138.387
G0 X135.888 Y139.411
G0 X135.514 Y139.901
G0 X135.255 Y140.463
G0 X135.122 Y141.065
G0 X135.122 Y141.682
G0 X135.255 Y142.284
G0 X135.514 Y142.846
G0 X136.814 Y144.345
G0 X136.382 Y145.589
G0 X136.383 Y146.175
G0 X136.668 Y147.243
G0 X136.254 Y147.568
G1 F2400 X136.498 Y147.811 E65.00394
;MESH:NONMESH
G0 F300 X136.498 Y147.811 Z0.72
G0 F12000 X136.498 Y148.272
G0 X137.375 Y148.211
G0 X137.907 Y148.023
G0 X136.719 Y146.952
G0 X136.383 Y146.312
G0 X136.382 Y145.589
G0 X136.556 Y145.129
G0 X137.389 Y144.16
G0 X138.114 Y144.222
G0 X138.723 Y144.124
G0 X139.296 Y143.894
G0 X139.806 Y143.55
G0 X140.232 Y143.101
G0 X140.551 Y142.571
G0 X140.748 Y141.986
G0 X140.815 Y141.373
G0 X140.748 Y140.759
G0 X140.55 Y140.176
G0 X140.232 Y139.646
G0 X139.991 Y139.392
G0 X138.649 Y138.338
G0 X138.474 Y138.083
;TIME_ELAPSED:194.527025
;LAYER:5
;TYPE:WALL-INNER
;MESH:MotorMount_v2.stl
G1 F2114.5 X137.902 Y138.234 E65.01734
G1 F2181.8 X137.233 Y137.967 E65.03315
G1 F2285.7 X136.934 Y137.717 E65.04132
G1 F2341.5 X136.628 Y137.154 E65.05442
G1 F2382.1 X136.628 Y136.617 E65.06522
G1 F2400 X136.755 Y136.172 E65.07446
G1 X137.085 Y135.803 E65.08434
G1 X137.318 Y135.643 E65.08998
G1 X137.782 Y135.466 E65.09989
G1 X138.301 Y135.524 E65.11031
G1 X138.513 Y135.591 E65.11475
G1 X138.835 Y135.807 E65.12248
G1 X139.071 Y136.075 E65.12961
G1 X139.202 Y136.325 E65.13524
G1 X139.305 Y136.759 E65.14414
G1 X139.27 Y137.177 E65.15251
G1 F2318.8 X138.99 Y137.72 E65.16513
G1 F2181.8 X138.474 Y138.083 E65.17898
G0 F12000 X138.649 Y138.338
G0 X139.806 Y139.198
G0 X140.232 Y139.646
G0 X140.55 Y140.176
G0 X140.748 Y140.759
G0 X140.815 Y141.373
G0 X140.748 Y141.986
G0 X140.551 Y142.571
G0 X140.232 Y143.101
G0 X138.711 Y144.523
G0 X139.398 Y145.169
G0 X139.571 Y145.871
G0 X139.512 Y146.359
G0 X139.209 Y146.936
G0 X138.74 Y147.375
G0 X138.565 Y147.119
G1 F2400 X138.328 Y147.215 E65.18408
G1 X137.782 Y147.278 E65.19505
G1 X137.318 Y147.101 E65.20496
G1 X136.925 Y146.816 E65.21465
G1 X136.696 Y146.379 E65.2245
G1 X136.628 Y146.127 E65.22971
G1 X136.628 Y145.635 E65.23952
G1 X136.799 Y145.229 E65.24832
G1 X137.16 Y144.819 E65.25922
G1 X137.502 Y144.673 E65.26664
G1 F2096.1 X137.789 Y144.523 E65.27404
G1 F1853.3 X138.085 Y144.54 E65.2817
G1 F1983.5 X138.305 Y144.599 E65.2872
G1 F2253.5 X138.669 Y144.775 E65.29579
G1 F2400 X138.835 Y144.907 E65.30003
G1 X139.164 Y145.28 E65.30995
G1 X139.314 Y145.865 E65.322
G1 X139.27 Y146.28 E65.33033
G1 X139.053 Y146.697 E65.33971
G1 X138.861 Y146.915 E65.34551
G1 X138.565 Y147.119 E65.35268
G0 F12000 X138.413 Y147.7
G1 F1690.1 X137.868 Y147.744 E65.36818
G1 F2016.8 X137.176 Y147.475 E65.38581
G1 F2400 X136.791 Y147.242 E65.39479
G1 X136.51 Y146.886 E65.40384
G1 X136.342 Y146.565 E65.41107
G1 X136.228 Y146.144 E65.41977
G1 X136.228 Y145.744 E65.42776
G1 X136.263 Y145.479 E65.43309
G1 X136.354 Y145.223 E65.43851
G1 X136.471 Y145 E65.44354
G1 X136.829 Y144.592 E65.45437
G1 X136.99 Y144.463 E65.45849
G1 X137.349 Y144.304 E65.46632
G1 X136.838 Y144.158 E65.47693
G1 X136.295 Y143.875 E65.48915
G1 X135.777 Y143.439 E65.50266
G1 X135.39 Y142.933 E65.51537
G1 X135.107 Y142.332 E65.52863
G1 X134.968 Y141.692 E65.5417
G1 X134.968 Y141.047 E65.55457
G1 X135.108 Y140.407 E65.56764
G1 X135.392 Y139.807 E65.58089
G1 X135.794 Y139.289 E65.59398
G1 X136.286 Y138.874 E65.60682
G1 X136.848 Y138.58 E65.61948
G1 X137.344 Y138.439 E65.62977
G1 X136.983 Y138.277 E65.63767
G1 X136.734 Y138.07 E65.64413
G1 X136.556 Y137.873 E65.64943
G1 X136.303 Y137.383 E65.66043
G1 X136.228 Y137.125 E65.66579
G1 X136.228 Y136.6 E65.67627
G1 X136.31 Y136.195 E65.68452
G1 X136.547 Y135.804 E65.69364
G1 X136.787 Y135.536 E65.70082
G1 X137.176 Y135.269 E65.71023
G1 F2248.2 X137.502 Y135.116 E65.71791
G1 F1875 X137.718 Y134.988 E65.72432
G1 F1672.5 X138.36 Y135.038 E65.74276
G1 F1959.2 X138.859 Y135.323 E65.75681
G1 F2400 X139.135 Y135.543 E65.76385
G1 X139.371 Y135.811 E65.77098
G1 X139.59 Y136.227 E65.78036
G1 X139.718 Y136.73 E65.79072
G1 X139.659 Y137.283 E65.80182
G1 X139.359 Y137.882 E65.81519
G1 X139.169 Y138.08 E65.82066
G1 X138.696 Y138.415 E65.83223
G1 X138.588 Y138.445 E65.83447
G1 X138.813 Y138.495 E65.83907
G1 X139.375 Y138.725 E65.85118
G1 X139.893 Y139.079 E65.8637
G1 X140.346 Y139.545 E65.87667
G1 X140.687 Y140.108 E65.88981
G1 X140.896 Y140.726 E65.90283
G1 X140.96 Y141.372 E65.91578
G1 X140.893 Y142.026 E65.9289
G1 X140.688 Y142.635 E65.94173
G1 X140.346 Y143.198 E65.95487
G1 X139.881 Y143.68 E65.96824
G1 X139.369 Y144.029 E65.9806
G1 X138.768 Y144.267 E65.9935
G1 X138.592 Y144.298 E65.99707
G1 X138.858 Y144.423 E66.00293
G1 X139.136 Y144.642 E66.01
G1 X139.457 Y145.01 E66.01974
G1 X139.567 Y145.235 E66.02474
G1 X139.717 Y145.829 E66.03697
G1 X139.676 Y146.234 E66.04509
G1 X139.572 Y146.565 E66.05201
G1 X139.408 Y146.881 E66.05912
G1 X139.088 Y147.244 E66.06877
G1 F1951.2 X138.413 Y147.7 E66.08877
G0 F12000 X139.175 Y147
G0 X139.512 Y146.359
G0 X139.571 Y145.871
G0 X139.415 Y145.239
G0 X138.673 Y144.193
G0 X138.625 Y143.887
G1 F2253.5 X138.293 Y143.966 E66.09602
G1 F1983.5 X138.103 Y144.027 E66.10084
G1 F1904.8 X137.665 Y144.003 E66.11187
G1 F2157.3 X137.469 Y143.922 E66.11658
G1 F2400 X136.992 Y143.788 E66.12647
G1 X136.493 Y143.521 E66.13776
G1 X136.081 Y143.171 E66.14855
G1 X135.734 Y142.725 E66.15983
G1 X135.486 Y142.199 E66.17143
G1 X135.368 Y141.65 E66.18264
G1 X135.368 Y141.086 E66.19389
G1 X135.488 Y140.54 E66.20505
G1 X135.734 Y140.02 E66.21653
G1 X136.064 Y139.591 E66.22733
G1 X136.483 Y139.23 E66.23837
G1 X136.97 Y138.967 E66.24941
G1 X137.471 Y138.818 E66.25984
G1 F2248.2 X138.002 Y138.711 E66.27138
G1 F2201.8 X138.285 Y138.791 E66.27778
G1 F2341.5 X138.686 Y138.874 E66.28615
G1 F2400 X139.183 Y139.077 E66.29687
G1 X139.635 Y139.385 E66.30778
G1 X140.027 Y139.791 E66.31905
G1 X140.323 Y140.278 E66.33042
G1 X140.503 Y140.813 E66.34168
G1 X140.56 Y141.372 E66.3529
G1 X140.504 Y141.904 E66.36357
G1 X140.326 Y142.461 E66.37524
G1 X140.029 Y142.951 E66.38668
G1 X139.641 Y143.359 E66.39791
G1 X139.174 Y143.677 E66.40919
G1 X138.625 Y143.887 E66.42092
G0 F12000 X138.673 Y144.193
G0 X139.398 Y145.169
G0 X139.571 Y145.871
G0 X139.512 Y146.359
G0 X138.881 Y147.582
G0 X138.424 Y147.996
G0 X139.079 Y148.372
G1 F2400 X143.96 Y148.372 E66.51832
G1 X143.96 Y134.372 E66.79771
G1 X138.921 Y134.372 E66.89827
G1 F1959.2 X138.395 Y134.461 E66.91131
G1 F1696.1 X137.868 Y134.448 E66.92619
G1 F1723.5 X137.633 Y134.453 E66.93273
G1 F1889.8 X137.37 Y134.399 E66.93953
G1 F2248.2 X137.011 Y134.372 E66.9472
G1 F2400 X131.96 Y134.372 E67.048
G1 X131.96 Y148.372 E67.32738
G1 X137.37 Y148.372 E67.43535
G1 F2016.8 X137.868 Y148.296 E67.44731
G1 F1690.1 X138.463 Y148.28 E67.46418
G1 F1951.2 X139.079 Y148.372 E67.47946
G0 F12000 X144.08 Y148.493
G0 X144.36 Y148.772
G1 F2400 X144.36 Y133.972 E67.77481
G1 X131.56 Y133.972 E68.03025
G1 X131.56 Y148.772 E68.3256
G1 X144.36 Y148.772 E68.58104
G0 F12000 X144.76 Y149.172
;TYPE:WALL-OUTER
G1 F2400 X144.76 Y133.572 E68.89235
G1 X131.16 Y133.572 E69.16376
G1 X131.16 Y149.172 E69.47507
G1 X144.76 Y149.172 E69.74647
G1 F1500 E63.24647
G0 F12000 X144.48 Y148.893
G0 X139.074 Y148.211
G0 X138.072 Y148.07
G0 X138.474 Y147.073
G0 X138.298 Y146.816
G1 F1500 E69.74647
G1 F2400 X137.839 Y146.871 E69.7557
G1 X137.422 Y146.713 E69.7646
G1 X137.218 Y146.514 E69.77029
G1 X137.028 Y146.151 E69.77846
G1 X137.028 Y145.706 E69.78734
G1 X137.127 Y145.457 E69.79269
G1 X137.423 Y145.135 E69.80142
G1 X137.841 Y144.971 E69.81038
G1 X138.29 Y145.025 E69.8194
G1 X138.535 Y145.171 E69.8251
G1 X138.8 Y145.472 E69.8331
G1 X138.913 Y145.913 E69.84218
G1 X138.862 Y146.197 E69.84794
G1 X138.675 Y146.557 E69.85604
G1 X138.298 Y146.816 E69.86517
G1 F1500 E63.36517
G0 F12000 X138.474 Y147.073
G0 X138.866 Y146.727
G0 X139.124 Y146.238
G0 X139.157 Y145.961
G0 X138.588 Y143.802
G0 X138.539 Y143.496
G1 F1500 E69.86517
G1 F2400 X138.079 Y143.568 E69.87446
G1 X137.61 Y143.543 E69.88383
G1 X137.127 Y143.406 E69.89385
G1 X136.721 Y143.193 E69.903
G1 X136.365 Y142.889 E69.91234
G1 X136.067 Y142.494 E69.92221
G1 X135.864 Y142.051 E69.93194
G1 X135.771 Y141.623 E69.94068
G1 X135.772 Y141.113 E69.95086
G1 X135.878 Y140.65 E69.96034
G1 X136.089 Y140.214 E69.97
G1 X136.36 Y139.861 E69.97888
G1 X136.718 Y139.554 E69.98829
G1 X137.134 Y139.333 E69.9977
G1 X137.624 Y139.196 E70.00785
G1 X138.097 Y139.174 E70.0173
G1 X138.571 Y139.258 E70.0269
G1 X139.009 Y139.438 E70.03635
G1 X139.394 Y139.706 E70.04572
G1 X139.72 Y140.056 E70.05526
G1 X139.948 Y140.432 E70.06404
G1 X140.111 Y140.917 E70.07425
G1 X140.16 Y141.372 E70.08338
G1 X140.11 Y141.835 E70.09267
G1 X139.948 Y142.312 E70.10273
G1 X139.694 Y142.722 E70.11235
G1 X139.361 Y143.066 E70.12191
G1 X138.971 Y143.326 E70.13126
G1 X138.539 Y143.496 E70.14052
G1 F1500 E63.64052
G0 F12000 X138.588 Y143.802
G0 X139.546 Y143.243
G0 X139.911 Y142.858
G0 X140.185 Y142.402
G0 X140.355 Y141.9
G0 X140.412 Y141.373
G0 X140.355 Y140.846
G0 X140.185 Y140.345
G0 X140.03 Y140.087
G0 X138.329 Y138.026
G0 X138.293 Y137.718
G1 F1500 E70.14052
G1 F2400 X137.842 Y137.773 E70.14959
G1 X137.422 Y137.608 E70.1586
G1 X137.218 Y137.413 E70.16423
G1 X137.03 Y137.055 E70.1723
G1 X137.028 Y136.635 E70.18068
G1 X137.114 Y136.37 E70.18624
G1 X137.416 Y136.033 E70.19527
G1 X137.85 Y135.872 E70.20451
G1 X138.295 Y135.926 E70.21345
G1 X138.535 Y136.071 E70.21905
G1 X138.801 Y136.374 E70.22709
G1 X138.913 Y136.812 E70.23612
G1 X138.867 Y137.086 E70.24166
G1 X138.681 Y137.446 E70.24975
G1 X138.293 Y137.718 E70.2592
G0 F12000 X138.329 Y138.026
G0 X139.911 Y139.889
G0 X140.185 Y140.345
G0 X140.355 Y140.846
G0 X140.412 Y141.373
G0 X140.355 Y141.9
G0 X140.185 Y142.402
G0 X138.694 Y144.297
G0 X139.505 Y146.913
G0 X139.698 Y147.085
;TYPE:SKIN
G1 F2400 X139.89 Y146.729 E70.26727
G1 X140.036 Y146.268 E70.27692
G1 X140.068 Y145.92 E70.2839
G1 X140.031 Y145.607 E70.29019
G1 X139.88 Y145.007 E70.30254
G1 X139.647 Y144.682 E70.31052
G1 X139.41 Y144.403 E70.31782
G1 X139.652 Y144.268 E70.32335
G1 X140.12 Y143.948 E70.33467
G1 X140.62 Y143.432 E70.349
G1 X140.946 Y142.897 E70.36151
G1 X141.058 Y142.657 E70.36679
G1 X141.246 Y142.095 E70.37862
G1 X141.324 Y141.387 E70.39283
G1 X141.252 Y140.675 E70.40711
G1 X141.062 Y140.099 E70.41922
G1 X140.947 Y139.841 E70.42485
G1 X140.643 Y139.343 E70.4365
G1 X140.137 Y138.806 E70.45122
G1 X139.563 Y138.417 E70.46506
G1 X139.403 Y138.345 E70.46856
G1 X139.532 Y138.229 E70.47202
G1 X139.717 Y137.962 E70.47851
G1 X139.987 Y137.431 E70.49039
G1 X140.054 Y137.003 E70.49904
G1 X140.06 Y136.637 E70.50634
G1 X139.922 Y136.095 E70.5175
G1 X139.666 Y135.607 E70.5285
G1 X139.402 Y135.302 E70.53655
G1 X139.059 Y135.02 E70.54541
G1 X138.724 Y134.806 E70.55335
G1 X138.945 Y134.732 E70.558
G1 X143.6 Y134.732 E70.65089
G1 X143.6 Y148.012 E70.91591
G1 X139.102 Y148.012 E71.00567
G1 X138.791 Y147.918 E71.01216
G1 X138.998 Y147.743 E71.01756
G1 X139.322 Y147.509 E71.02554
G1 X139.698 Y147.085 E71.03685
G0 F12000 X139.505 Y146.914
G0 X138.424 Y147.996
G0 X138.95 Y148.171
G0 X142.95 Y148.272
G0 X142.95 Y147.812
G1 F2400 X143.4 Y147.362 E71.04955
G0 F12000 X143.4 Y146.797
G1 F2400 X142.384 Y147.812 E71.07821
G0 F12000 X141.819 Y147.812
G1 F2400 X143.4 Y146.231 E71.12283
G0 F12000 X143.4 Y145.665
G1 F2400 X141.253 Y147.812 E71.18342
G0 F12000 X140.687 Y147.812
G1 F2400 X143.4 Y145.1 E71.25997
G0 F12000 X143.4 Y144.534
G1 F2400 X140.122 Y147.812 E71.35249
G0 F12000 X139.556 Y147.812
G1 F2400 X143.4 Y143.968 E71.46097
G0 F12000 X143.4 Y143.403
G1 F2400 X140.111 Y146.691 E71.55378
G0 F12000 X140.263 Y145.974
G1 F2400 X143.4 Y142.837 E71.64231
G0 F12000 X143.4 Y142.271
G1 F2400 X140.202 Y145.47 E71.73258
G0 F12000 X140.089 Y145.016
G1 F2400 X143.4 Y141.706 E71.82601
G0 F12000 X143.4 Y141.14
G1 F2400 X139.879 Y144.661 E71.92538
G0 F12000 X139.504 Y144.928
G0 X139.05 Y144.35
G0 X140.823 Y142.552
G0 X141.242 Y142.732
G1 F2400 X143.4 Y140.574 E71.98629
G0 F12000 X143.4 Y140.009
G1 F2400 X141.465 Y141.943 E72.04088
G0 F12000 X141.518 Y141.324
G1 F2400 X143.4 Y139.443 E72.09398
G0 F12000 X143.4 Y138.877
G1 F2400 X141.467 Y140.81 E72.14853
G0 F12000 X141.359 Y140.352
G1 F2400 X143.4 Y138.312 E72.20612
G0 F12000 X143.4 Y137.746
G1 F2400 X141.209 Y139.937 E72.26796
G0 F12000 X141.013 Y139.567
G1 F2400 X143.4 Y137.18 E72.33532
G0 F12000 X143.4 Y136.614
G1 F2400 X140.799 Y139.215 E72.40873
G0 F12000 X140.525 Y138.923
G1 F2400 X143.4 Y136.049 E72.48985
G0 F12000 X143.4 Y135.483
G1 F2400 X140.249 Y138.634 E72.57878
G0 F12000 X139.909 Y138.408
G1 F2400 X143.386 Y134.932 E72.6769
G0 F12000 X142.82 Y134.932
G1 F2400 X140.11 Y137.642 E72.75338
G0 F12000 X140.254 Y136.932
G1 F2400 X142.254 Y134.932 E72.80982
G0 F12000 X141.689 Y134.932
G1 F2400 X140.212 Y136.408 E72.85149
G0 F12000 X140.084 Y135.971
G1 F2400 X141.122 Y134.932 E72.8808
G0 F12000 X140.557 Y134.932
G1 F2400 X139.888 Y135.6 E72.89967
G0 F12000 X139.648 Y135.275
G1 F2400 X139.991 Y134.932 E72.90935
G0 F12000 X139.425 Y134.932
G1 F2400 X139.353 Y135.004 E72.91138
G0 F12000 X139.067 Y135.364
G0 X139.398 Y136.069
G0 X139.571 Y136.771
G0 X139.512 Y137.259
G0 X139.175 Y137.9
G0 X138.438 Y138.575
G0 X138.114 Y138.523
G0 X137.498 Y138.557
G0 X136.904 Y138.721
G0 X136.357 Y139.011
G0 X135.888 Y139.411
G0 X135.514 Y139.901
G0 X135.255 Y140.463
G0 X135.122 Y141.065
G0 X135.122 Y141.682
G0 X135.255 Y142.284
G0 X135.514 Y142.846
G0 X135.888 Y143.336
G0 X137.037 Y144.587
G0 X136.556 Y145.129
G0 X136.382 Y145.589
G0 X136.383 Y146.24
G0 X136.725 Y147.318
G0 X136.548 Y147.512
G1 F2400 X137.053 Y147.816 E72.92314
G1 X137.471 Y147.971 E72.93204
G1 X137.341 Y148.012 E72.93476
G1 X132.32 Y148.012 E73.03496
G1 X132.32 Y134.732 E73.29998
G1 X137.001 Y134.732 E73.39339
G1 X137.312 Y134.778 E73.39966
G1 X137.024 Y134.942 E73.40628
G1 X136.547 Y135.266 E73.41779
G1 X136.277 Y135.563 E73.4258
G1 X135.971 Y136.063 E73.43749
G1 X135.868 Y136.583 E73.44807
G1 X135.871 Y137.179 E73.45997
G1 X135.964 Y137.497 E73.46658
G1 X136.243 Y138.062 E73.47915
G1 X136.508 Y138.348 E73.48693
G1 X136.088 Y138.564 E73.49636
G1 X135.497 Y139.077 E73.51198
G1 X135.093 Y139.601 E73.52518
G1 X134.83 Y140.151 E73.53735
G1 X134.728 Y140.452 E73.54369
G1 X134.636 Y140.864 E73.55211
G1 X134.608 Y141.136 E73.55757
G1 X134.61 Y141.739 E73.5696
G1 X134.728 Y142.298 E73.58101
G1 X134.818 Y142.569 E73.5867
G1 X135.01 Y142.981 E73.59577
G1 X135.158 Y143.219 E73.60137
G1 X135.542 Y143.71 E73.61381
G1 X136.079 Y144.162 E73.62781
G1 X136.516 Y144.398 E73.63773
G1 X136.214 Y144.735 E73.64676
G1 X136.07 Y144.956 E73.65202
G1 X135.909 Y145.41 E73.66163
G1 X135.869 Y145.718 E73.66783
G1 X135.868 Y146.154 E73.67653
G1 X136.006 Y146.696 E73.68769
G1 X136.191 Y147.051 E73.69568
G1 X136.548 Y147.512 E73.70732
G0 F12000 X136.368 Y147.606
G1 F2400 X136.308 Y147.666 E73.70901
G1 X136.308 Y147.667
G1 X136.162 Y147.812 E73.71312
G0 F12000 X136.106 Y147.302
G1 F2400 X135.596 Y147.812 E73.72751
G0 F12000 X135.031 Y147.812
G1 F2400 X135.905 Y146.938 E73.75218
G0 F12000 X135.754 Y146.523
G1 F2400 X134.465 Y147.812 E73.78855
G0 F12000 X133.899 Y147.812
G1 F2400 X135.669 Y146.042 E73.83851
G0 F12000 X135.707 Y145.439
G1 F2400 X133.333 Y147.812 E73.90549
G0 F12000 X132.768 Y147.812
G1 F2400 X136.12 Y144.46 E74.00009
G0 F12000 X135.814 Y144.2
G1 F2400 X132.52 Y147.494 E74.09306
G0 F12000 X132.52 Y146.928
G1 F2400 X135.507 Y143.941 E74.17736
G0 F12000 X135.238 Y143.645
G1 F2400 X132.52 Y146.363 E74.25407
G0 F12000 X132.52 Y145.797
G1 F2400 X134.991 Y143.326 E74.3238
G0 F12000 X134.783 Y142.969
G1 F2400 X132.52 Y145.231 E74.38765
G0 F12000 X132.52 Y144.666
G1 F2400 X134.611 Y142.575 E74.44667
G0 F12000 X134.488 Y142.132
G1 F2400 X132.52 Y144.1 E74.50221
G0 F12000 X132.52 Y143.534
G1 F2400 X134.412 Y141.643 E74.55559
G0 F12000 X134.413 Y141.076
G1 F2400 X132.52 Y142.969 E74.60902
G0 F12000 X132.52 Y142.403
G1 F2400 X134.543 Y140.38 E74.66611
G0 F12000 X134.983 Y140.505
G0 X135.492 Y139.512
G0 X135.126 Y139.231
G1 F2400 X132.52 Y141.837 E74.73966
G0 F12000 X132.52 Y141.271
G1 F2400 X135.925 Y137.867 E74.83574
G0 F12000 X136.112 Y138.246
G1 F2400 X135.848 Y138.509 E74.84317
G0 F12000 X136.146 Y138.86
G0 X136.834 Y138.387
G0 X136.19 Y137.348
G0 X135.75 Y137.476
G1 F2400 X132.52 Y140.706 E74.93433
G0 F12000 X132.52 Y140.14
G1 F2400 X135.671 Y136.989 E75.02326
G0 F12000 X135.703 Y136.392
G1 F2400 X132.52 Y139.574 E75.11308
G0 F12000 X132.52 Y139.009
G1 F2400 X136.332 Y135.197 E75.22066
G1 X136.417 Y135.112
G1 X136.596 Y134.933 E75.22571
G0 F12000 X136.03 Y134.933
G1 F2400 X132.52 Y138.443 E75.32477
G0 F12000 X132.52 Y137.877
G1 F2400 X135.465 Y134.933 E75.40787
G0 F12000 X134.899 Y134.933
G1 F2400 X132.52 Y137.312 E75.47501
G0 F12000 X132.52 Y136.746
G1 F2400 X134.334 Y134.932 E75.52621
G0 F12000 X133.768 Y134.932
G1 F2400 X132.52 Y136.18 E75.56143
G0 F12000 X132.52 Y135.615
G1 F2400 X133.203 Y134.932 E75.5807
G0 F12000 X132.637 Y134.932
G1 F2400 X132.52 Y135.049 E75.58401
;MESH:NONMESH
G0 F300 X132.52 Y135.049 Z0.84
G0 F12000 X132.06 Y135.049
G0 X132.132 Y134.544
G0 X137.013 Y134.533
G0 X138.421 Y134.718
G0 X137.868 Y134.764
G0 X136.16 Y136.14
G0 X136.402 Y137.216
G0 X136.719 Y137.852
G0 X137.087 Y138.18
G0 X137.697 Y138.41
G0 X138.649 Y138.338
G0 X138.474 Y138.083
;TIME_ELAPSED:222.448233
;LAYER:6
;TYPE:WALL-INNER
;MESH:MotorMount_v2.stl
G1 F2114.5 X137.902 Y138.234 E75.59741
G1 F2181.8 X137.233 Y137.967 E75.61322
G1 F2285.7 X136.934 Y137.717 E75.62138
G1 F2341.5 X136.628 Y137.154 E75.63449
G1 F2382.1 X136.628 Y136.617 E75.64529
G1 F2400 X136.755 Y136.172 E75.65452
G1 X137.085 Y135.803 E75.6644
G1 X137.318 Y135.643 E75.67004
G1 X137.782 Y135.466 E75.67995
G1 X138.301 Y135.524 E75.69038
G1 X138.513 Y135.591 E75.69481
G1 X138.835 Y135.807 E75.70255
G1 X139.071 Y136.075 E75.70968
G1 X139.202 Y136.325 E75.71531
G1 X139.305 Y136.759 E75.72421
G1 X139.27 Y137.177 E75.73258
G1 F2318.8 X138.99 Y137.72 E75.7452
G1 F2181.8 X138.474 Y138.083 E75.75905
G0 F12000 X138.649 Y138.338
G0 X139.806 Y139.198
G0 X140.232 Y139.646
G0 X140.55 Y140.176
G0 X140.748 Y140.759
G0 X140.815 Y141.373
G0 X140.748 Y141.986
G0 X140.551 Y142.571
G0 X140.232 Y143.101
G0 X138.711 Y144.523
G0 X139.398 Y145.169
G0 X139.571 Y145.871
G0 X139.512 Y146.359
G0 X139.209 Y146.936
G0 X138.74 Y147.375
G0 X138.565 Y147.119
G1 F2400 X138.328 Y147.215 E75.76415
G1 X137.782 Y147.278 E75.77512
G1 X137.318 Y147.101 E75.78503
G1 X136.925 Y146.816 E75.79472
G1 X136.696 Y146.379 E75.80456
G1 X136.628 Y146.127 E75.80977
G1 X136.628 Y145.635 E75.81959
G1 X136.799 Y145.229 E75.82838
G1 X137.16 Y144.819 E75.83928
G1 X137.502 Y144.673 E75.84671
G1 F2096.1 X137.789 Y144.523 E75.85411
G1 F1853.3 X138.085 Y144.54 E75.86177
G1 F1983.5 X138.305 Y144.599 E75.86727
G1 F2253.5 X138.669 Y144.775 E75.87586
G1 F2400 X138.835 Y144.907 E75.88009
G1 X139.164 Y145.28 E75.89002
G1 X139.314 Y145.865 E75.90207
G1 X139.27 Y146.28 E75.9104
G1 X139.053 Y146.697 E75.91978
G1 X138.861 Y146.915 E75.92558
G1 X138.565 Y147.119 E75.93275
G0 F12000 X138.413 Y147.7
G1 F1690.1 X137.868 Y147.744 E75.94824
G1 F2016.8 X137.176 Y147.475 E75.96588
G1 F2400 X136.791 Y147.242 E75.97486
G1 X136.51 Y146.886 E75.98391
G1 X136.342 Y146.565 E75.99114
G1 X136.228 Y146.144 E75.99984
G1 X136.228 Y145.744 E76.00782
G1 X136.263 Y145.479 E76.01316
G1 X136.354 Y145.223 E76.01858
G1 X136.471 Y145 E76.02361
G1 X136.829 Y144.592 E76.03444
G1 X136.99 Y144.463 E76.03856
G1 X137.349 Y144.304 E76.04639
G1 X136.838 Y144.158 E76.057
G1 X136.295 Y143.875 E76.06922
G1 X135.777 Y143.439 E76.08273
G1 X135.39 Y142.933 E76.09544
G1 X135.107 Y142.332 E76.1087
G1 X134.968 Y141.692 E76.12177
G1 X134.968 Y141.047 E76.13464
G1 X135.108 Y140.407 E76.14771
G1 X135.392 Y139.807 E76.16096
G1 X135.794 Y139.289 E76.17404
G1 X136.286 Y138.874 E76.18689
G1 X136.848 Y138.58 E76.19955
G1 X137.344 Y138.439 E76.20984
G1 X136.983 Y138.277 E76.21773
G1 X136.734 Y138.07 E76.22419
G1 X136.556 Y137.873 E76.22949
G1 X136.303 Y137.383 E76.2405
G1 X136.228 Y137.125 E76.24586
G1 X136.228 Y136.6 E76.25634
G1 X136.31 Y136.195 E76.26458
G1 X136.547 Y135.804 E76.27371
G1 X136.787 Y135.536 E76.28089
G1 X137.176 Y135.269 E76.2903
G1 F2248.2 X137.502 Y135.116 E76.29797
G1 F1875 X137.718 Y134.988 E76.30439
G1 F1672.5 X138.36 Y135.038 E76.32283
G1 F1959.2 X138.859 Y135.323 E76.33688
G1 F2400 X139.135 Y135.543 E76.34392
G1 X139.371 Y135.811 E76.35105
G1 X139.59 Y136.227 E76.36043
G1 X139.718 Y136.73 E76.37079
G1 X139.659 Y137.283 E76.38188
G1 X139.359 Y137.882 E76.39525
G1 X139.169 Y138.08 E76.40073
G1 X138.696 Y138.415 E76.4123
G1 X138.588 Y138.445 E76.41453
G1 X138.813 Y138.495 E76.41913
G1 X139.375 Y138.725 E76.43125
G1 X139.893 Y139.079 E76.44377
G1 X140.346 Y139.545 E76.45674
G1 X140.687 Y140.108 E76.46988
G1 X140.896 Y140.726 E76.4829
G1 X140.96 Y141.372 E76.49585
G1 X140.893 Y142.026 E76.50897
G1 X140.688 Y142.635 E76.52179
G1 X140.346 Y143.198 E76.53494
G1 X139.881 Y143.68 E76.5483
G1 X139.369 Y144.029 E76.56067
G1 X138.768 Y144.267 E76.57357
G1 X138.592 Y144.298 E76.57714
G1 X138.858 Y144.423 E76.583
G1 X139.136 Y144.642 E76.59006
G1 X139.457 Y145.01 E76.59981
G1 X139.567 Y145.235 E76.60481
G1 X139.717 Y145.829 E76.61703
G1 X139.676 Y146.234 E76.62516
G1 X139.572 Y146.565 E76.63208
G1 X139.408 Y146.881 E76.63918
G1 X139.088 Y147.244 E76.64884
G1 F1951.2 X138.413 Y147.7 E76.66884
G0 F12000 X139.175 Y147
G0 X139.512 Y146.359
G0 X139.571 Y145.871
G0 X139.415 Y145.239
G0 X138.673 Y144.193
G0 X138.625 Y143.887
G1 F2253.5 X138.293 Y143.966 E76.67609
G1 F1983.5 X138.103 Y144.027 E76.68091
G1 F1904.8 X137.665 Y144.003 E76.69194
G1 F2157.3 X137.469 Y143.922 E76.69665
G1 F2400 X136.992 Y143.788 E76.70653
G1 X136.493 Y143.521 E76.71783
G1 X136.081 Y143.171 E76.72862
G1 X135.734 Y142.725 E76.73989
G1 X135.486 Y142.199 E76.7515
G1 X135.368 Y141.65 E76.7627
G1 X135.368 Y141.086 E76.77396
G1 X135.488 Y140.54 E76.78512
G1 X135.734 Y140.02 E76.7966
G1 X136.064 Y139.591 E76.8074
G1 X136.483 Y139.23 E76.81843
G1 X136.97 Y138.967 E76.82948
G1 X137.471 Y138.818 E76.83991
G1 F2248.2 X138.002 Y138.711 E76.85145
G1 F2201.8 X138.285 Y138.791 E76.85785
G1 F2341.5 X138.686 Y138.874 E76.86622
G1 F2400 X139.183 Y139.077 E76.87694
G1 X139.635 Y139.385 E76.88785
G1 X140.027 Y139.791 E76.89911
G1 X140.323 Y140.278 E76.91049
G1 X140.503 Y140.813 E76.92175
G1 X140.56 Y141.372 E76.93296
G1 X140.504 Y141.904 E76.94364
G1 X140.326 Y142.461 E76.95531
G1 X140.029 Y142.951 E76.96674
G1 X139.641 Y143.359 E76.97798
G1 X139.174 Y143.677 E76.98925
G1 X138.625 Y143.887 E77.00098
G0 F12000 X138.673 Y144.193
G0 X139.398 Y145.169
G0 X139.571 Y145.871
G0 X139.512 Y146.359
G0 X138.881 Y147.582
G0 X138.424 Y147.996
G0 X139.079 Y148.372
G1 F2400 X143.96 Y148.372 E77.09839
G1 X143.96 Y134.372 E77.37778
G1 X138.921 Y134.372 E77.47833
G1 F1959.2 X138.395 Y134.461 E77.49138
G1 F1696.1 X137.868 Y134.448 E77.50626
G1 F1723.5 X137.633 Y134.453 E77.51279
G1 F1889.8 X137.37 Y134.399 E77.5196
G1 F2248.2 X137.011 Y134.372 E77.52727
G1 F2400 X131.96 Y134.372 E77.62807
G1 X131.96 Y148.372 E77.90745
G1 X137.37 Y148.372 E78.01541
G1 F2016.8 X137.868 Y148.296 E78.02738
G1 F1690.1 X138.463 Y148.28 E78.04424
G1 F1951.2 X139.079 Y148.372 E78.05953
G0 F12000 X144.08 Y148.493
G0 X144.36 Y148.772
G1 F2400 X144.36 Y133.972 E78.35488
G1 X131.56 Y133.972 E78.61032
G1 X131.56 Y148.772 E78.90567
G1 X144.36 Y148.772 E79.16111
G0 F12000 X144.76 Y149.172
;TYPE:WALL-OUTER
G1 F2400 X144.76 Y133.572 E79.47242
G1 X131.16 Y133.572 E79.74382
G1 X131.16 Y149.172 E80.05514
G1 X144.76 Y149.172 E80.32654
G1 F1500 E73.82654
G0 F12000 X144.48 Y148.893
G0 X139.074 Y148.211
G0 X138.072 Y148.07
G0 X138.474 Y147.073
G0 X138.298 Y146.816
G1 F1500 E80.32654
G1 F2400 X137.839 Y146.871 E80.33577
G1 X137.422 Y146.713 E80.34467
G1 X137.218 Y146.514 E80.35035
G1 X137.028 Y146.151 E80.35853
G1 X137.028 Y145.706 E80.36741
G1 X137.127 Y145.457 E80.37276
G1 X137.423 Y145.135 E80.38149
G1 X137.841 Y144.971 E80.39045
G1 X138.29 Y145.025 E80.39947
G1 X138.535 Y145.171 E80.40516
G1 X138.8 Y145.472 E80.41317
G1 X138.913 Y145.913 E80.42225
G1 X138.862 Y146.197 E80.42801
G1 X138.675 Y146.557 E80.4361
G1 X138.298 Y146.816 E80.44523
G1 F1500 E73.94523
G0 F12000 X138.474 Y147.073
G0 X138.866 Y146.727
G0 X139.124 Y146.238
G0 X139.157 Y145.961
G0 X138.588 Y143.802
G0 X138.539 Y143.496
G1 F1500 E80.44523
G1 F2400 X138.079 Y143.568 E80.45452
G1 X137.61 Y143.543 E80.4639
G1 X137.127 Y143.406 E80.47392
G1 X136.721 Y143.193 E80.48307
G1 X136.365 Y142.889 E80.49241
G1 X136.067 Y142.494 E80.50228
G1 X135.864 Y142.051 E80.51201
G1 X135.771 Y141.623 E80.52075
G1 X135.772 Y141.113 E80.53092
G1 X135.878 Y140.65 E80.5404
G1 X136.089 Y140.214 E80.55007
G1 X136.36 Y139.861 E80.55895
G1 X136.718 Y139.554 E80.56836
G1 X137.134 Y139.333 E80.57776
G1 X137.624 Y139.196 E80.58792
G1 X138.097 Y139.174 E80.59737
G1 X138.571 Y139.258 E80.60697
G1 X139.009 Y139.438 E80.61642
G1 X139.394 Y139.706 E80.62578
G1 X139.72 Y140.056 E80.63533
G1 X139.948 Y140.432 E80.6441
G1 X140.111 Y140.917 E80.65431
G1 X140.16 Y141.372 E80.66345
G1 X140.11 Y141.835 E80.67274
G1 X139.948 Y142.312 E80.68279
G1 X139.694 Y142.722 E80.69242
G1 X139.361 Y143.066 E80.70197
G1 X138.971 Y143.326 E80.71133
G1 X138.539 Y143.496 E80.72059
G1 F1500 E74.22059
G0 F12000 X138.588 Y143.802
G0 X139.546 Y143.243
G0 X139.911 Y142.858
G0 X140.185 Y142.402
G0 X140.355 Y141.9
G0 X140.412 Y141.373
G0 X140.355 Y140.846
G0 X140.185 Y140.345
G0 X140.03 Y140.087
G0 X138.329 Y138.026
G0 X138.293 Y137.718
G1 F1500 E80.72059
G1 F2400 X137.842 Y137.773 E80.72966
G1 X137.422 Y137.608 E80.73866
G1 X137.218 Y137.413 E80.74429
G1 X137.03 Y137.055 E80.75236
G1 X137.028 Y136.635 E80.76075
G1 X137.114 Y136.37 E80.76631
G1 X137.416 Y136.033 E80.77534
G1 X137.85 Y135.872 E80.78457
G1 X138.295 Y135.926 E80.79352
G1 X138.535 Y136.071 E80.79912
G1 X138.801 Y136.374 E80.80716
G1 X138.913 Y136.812 E80.81618
G1 X138.867 Y137.086 E80.82173
G1 X138.681 Y137.446 E80.82981
G1 X138.293 Y137.718 E80.83927
G0 F12000 X138.329 Y138.026
G0 X139.911 Y139.889
G0 X140.185 Y140.345
G0 X140.355 Y140.846
G0 X140.412 Y141.373
G0 X140.355 Y141.9
G0 X140.185 Y142.402
G0 X138.694 Y144.297
G0 X139.505 Y146.913
G0 X139.698 Y147.085
;TYPE:SKIN
G1 F2400 X139.89 Y146.729 E80.84734
G1 X140.036 Y146.268 E80.85699
G1 X140.068 Y145.92 E80.86397
G1 X140.031 Y145.607 E80.87026
G1 X139.88 Y145.007 E80.8826
G1 X139.647 Y144.682 E80.89058
G1 X139.41 Y144.403 E80.89789
G1 X139.652 Y144.268 E80.90342
G1 X140.12 Y143.948 E80.91473
G1 X140.62 Y143.432 E80.92907
G1 X140.946 Y142.897 E80.94157
G1 X141.058 Y142.657 E80.94686
G1 X141.246 Y142.095 E80.95869
G1 X141.324 Y141.387 E80.9729
G1 X141.252 Y140.675 E80.98718
G1 X141.062 Y140.099 E80.99928
G1 X140.947 Y139.841 E81.00492
G1 X140.643 Y139.343 E81.01657
G1 X140.137 Y138.806 E81.03129
G1 X139.563 Y138.417 E81.04513
G1 X139.403 Y138.345 E81.04863
G1 X139.532 Y138.229 E81.05209
G1 X139.717 Y137.962 E81.05857
G1 X139.987 Y137.431 E81.07046
G1 X140.054 Y137.003 E81.07911
G1 X140.06 Y136.637 E81.08641
G1 X139.922 Y136.095 E81.09757
G1 X139.666 Y135.607 E81.10857
G1 X139.402 Y135.302 E81.11662
G1 X139.059 Y135.02 E81.12548
G1 X138.724 Y134.806 E81.13341
G1 X138.945 Y134.732 E81.13806
G1 X143.6 Y134.732 E81.23096
G1 X143.6 Y148.012 E81.49598
G1 X139.102 Y148.012 E81.58574
G1 X138.791 Y147.918 E81.59222
G1 X138.998 Y147.743 E81.59763
G1 X139.322 Y147.509 E81.60561
G1 X139.698 Y147.085 E81.61692
G0 F12000 X139.589 Y147.509
G1 F2400 X139.893 Y147.812 E81.62548
G0 F12000 X140.458 Y147.812
G1 F2400 X139.855 Y147.209 E81.6425
G0 F12000 X140.055 Y146.843
G1 F2400 X141.024 Y147.812 E81.66985
G0 F12000 X141.59 Y147.812
G1 F2400 X140.2 Y146.423 E81.70906
G0 F12000 X140.267 Y145.924
G1 F2400 X142.155 Y147.812 E81.76235
G0 F12000 X142.721 Y147.812
G1 F2400 X140.142 Y145.233 E81.83513
G0 F12000 X139.849 Y144.374
G1 F2400 X143.287 Y147.812 E81.93216
G0 F12000 X143.4 Y147.36
G1 F2400 X140.188 Y144.148 E82.02281
G0 F12000 X140.475 Y143.869
G1 F2400 X143.4 Y146.794 E82.10536
G0 F12000 X143.4 Y146.228
G1 F2400 X140.752 Y143.581 E82.18008
G0 F12000 X140.974 Y143.237
G1 F2400 X143.4 Y145.663 E82.24854
G0 F12000 X143.4 Y145.097
G1 F2400 X141.176 Y142.873 E82.31131
G0 F12000 X141.332 Y142.463
G1 F2400 X143.4 Y144.531 E82.36967
G0 F12000 X143.4 Y143.966
G1 F2400 X141.455 Y142.021 E82.42456
G0 F12000 X141.515 Y141.515
G1 F2400 X143.4 Y143.4 E82.47776
G0 F12000 X143.4 Y142.834
G1 F2400 X141.476 Y140.91 E82.53206
G0 F12000 X141.294 Y140.163
G1 F2400 X143.4 Y142.268 E82.59148
G0 F12000 X143.4 Y141.703
G1 F2400 X139.835 Y138.138 E82.6921
G0 F12000 X140.04 Y137.777
G1 F2400 X143.4 Y141.137 E82.78692
G0 F12000 X143.4 Y140.571
G1 F2400 X140.198 Y137.37 E82.87728
G0 F12000 X140.254 Y136.86
G1 F2400 X143.4 Y140.006 E82.96606
G0 F12000 X143.4 Y139.44
G1 F2400 X140.159 Y136.199 E83.05753
G0 F12000 X139.715 Y136.311
G0 X138.776 Y135.096
G0 X138.356 Y134.745
G0 X138.809 Y134.573
G0 X140.024 Y134.472
G0 X140.024 Y134.933
G1 F2400 X143.4 Y138.309 E83.15281
G0 F12000 X143.4 Y138.874
G1 F2400 X139.458 Y134.933 E83.26405
G0 F12000 X139.458 Y134.472
G0 X140.59 Y134.472
G0 X140.59 Y134.933
G1 F2400 X143.4 Y137.743 E83.34335
G0 F12000 X143.4 Y137.177
G1 F2400 X141.155 Y134.933 E83.4067
G0 F12000 X141.72 Y134.932
G1 F2400 X143.4 Y136.612 E83.45411
G0 F12000 X143.4 Y136.046
G1 F2400 X142.286 Y134.932 E83.48555
G0 F12000 X142.852 Y134.932
G1 F2400 X143.4 Y135.48 E83.50101
G0 F12000 X143.86 Y135.48
G0 X143.788 Y134.544
G0 X138.915 Y134.533
G0 X138.356 Y134.745
G0 X138.776 Y135.096
G0 X139.864 Y136.65
G0 X139.065 Y138.401
G0 X140.94 Y140.326
G0 X140.748 Y141.986
G0 X140.551 Y142.571
G0 X140.232 Y143.101
G0 X139.806 Y143.55
G0 X138.484 Y144.4
G0 X137.765 Y144.312
G0 X137.037 Y144.587
G0 X136.556 Y145.129
G0 X136.382 Y145.589
G0 X136.383 Y146.24
G0 X136.725 Y147.318
G0 X136.548 Y147.512
G1 F2400 X137.053 Y147.816 E83.51278
G1 X137.471 Y147.971 E83.52167
G1 X137.341 Y148.012 E83.52439
G1 X132.32 Y148.012 E83.62459
G1 X132.32 Y134.732 E83.88961
G1 X137.001 Y134.732 E83.98303
G1 X137.312 Y134.778 E83.9893
G1 X137.024 Y134.942 E83.99591
G1 X136.547 Y135.266 E84.00742
G1 X136.277 Y135.563 E84.01543
G1 X135.971 Y136.063 E84.02713
G1 X135.868 Y136.583 E84.03771
G1 X135.871 Y137.179 E84.0496
G1 X135.964 Y137.497 E84.05621
G1 X136.243 Y138.062 E84.06879
G1 X136.508 Y138.348 E84.07657
G1 X136.088 Y138.564 E84.08599
G1 X135.497 Y139.077 E84.10161
G1 X135.093 Y139.601 E84.11482
G1 X134.83 Y140.151 E84.12698
G1 X134.728 Y140.452 E84.13332
G1 X134.636 Y140.864 E84.14175
G1 X134.608 Y141.136 E84.14721
G1 X134.61 Y141.739 E84.15924
G1 X134.728 Y142.298 E84.17064
G1 X134.818 Y142.569 E84.17634
G1 X135.01 Y142.981 E84.18541
G1 X135.158 Y143.219 E84.191
G1 X135.542 Y143.71 E84.20344
G1 X136.079 Y144.162 E84.21745
G1 X136.516 Y144.398 E84.22736
G1 X136.214 Y144.735 E84.23639
G1 X136.07 Y144.956 E84.24165
G1 X135.909 Y145.41 E84.25127
G1 X135.869 Y145.718 E84.25747
G1 X135.868 Y146.154 E84.26617
G1 X136.006 Y146.696 E84.27733
G1 X136.191 Y147.051 E84.28532
G1 X136.548 Y147.512 E84.29695
G0 F12000 X136.725 Y147.318
G0 X137.907 Y148.023
G0 X137.476 Y148.175
G0 X133.104 Y148.272
G0 X133.104 Y147.811
G1 F2400 X132.52 Y147.227 E84.31343
G0 F12000 X132.52 Y146.662
G1 F2400 X133.669 Y147.811 E84.34586
G0 F12000 X134.235 Y147.811
G1 F2400 X132.52 Y146.096 E84.39426
G0 F12000 X132.52 Y145.53
G1 F2400 X134.801 Y147.811 E84.45864
G0 F12000 X135.366 Y147.811
G1 F2400 X132.52 Y144.965 E84.53896
G0 F12000 X132.52 Y144.399
G1 F2400 X135.932 Y147.811 E84.63525
G0 F12000 X136.254 Y147.568
G1 F2400 X132.52 Y143.833 E84.74065
G0 F12000 X132.52 Y143.268
G1 F2400 X135.748 Y146.496 E84.83175
G0 F12000 X135.67 Y145.853
G1 F2400 X132.52 Y142.702 E84.92066
G0 F12000 X132.52 Y142.136
G1 F2400 X135.721 Y145.338 E85.01102
G0 F12000 X135.868 Y144.919
G1 F2400 X132.52 Y141.571 E85.1055
G0 F12000 X132.52 Y141.005
G1 F2400 X136.09 Y144.575 E85.20626
G0 F12000 X136.432 Y144.882
G0 X136.814 Y144.345
G0 X135.025 Y142.362
G0 X134.59 Y142.51
G1 F2400 X132.52 Y140.439 E85.26469
G0 F12000 X132.52 Y139.873
G1 F2400 X134.413 Y141.767 E85.31813
G0 F12000 X134.41 Y141.198
G1 F2400 X132.52 Y139.308 E85.37147
G0 F12000 X132.52 Y138.742
G1 F2400 X134.47 Y140.692 E85.4265
G0 F12000 X134.589 Y140.245
G1 F2400 X132.52 Y138.176 E85.48489
G0 F12000 X132.52 Y137.611
G1 F2400 X134.753 Y139.845 E85.54793
G0 F12000 X134.944 Y139.469
G1 F2400 X132.52 Y137.045 E85.61634
G0 F12000 X132.52 Y136.479
G1 F2400 X135.19 Y139.149 E85.69169
G0 F12000 X135.453 Y138.847
G1 F2400 X132.52 Y135.914 E85.77447
G0 F12000 X132.52 Y135.348
G1 F2400 X135.757 Y138.586 E85.86584
G0 F12000 X136.08 Y138.343
G1 F2400 X132.67 Y134.933 E85.96207
G0 F12000 X133.236 Y134.933
G1 F2400 X135.738 Y137.435 E86.03269
G0 F12000 X135.67 Y136.802
G1 F2400 X133.802 Y134.933 E86.08542
G0 F12000 X134.367 Y134.933
G1 F2400 X135.724 Y136.29 E86.12372
G0 F12000 X135.862 Y135.862
G1 F2400 X134.934 Y134.934 E86.14991
G0 F12000 X135.499 Y134.934
G1 F2400 X136.078 Y135.512 E86.16623
G0 F12000 X136.331 Y135.2
G1 F2400 X136.065 Y134.934 E86.17374
G0 F12000 X136.065 Y134.472
G0 X138.421 Y134.718
G0 X137.868 Y134.764
G0 X136.143 Y136.136
G0 X136.628 Y138.192
G0 X136.834 Y138.387
G0 X135.888 Y139.411
G0 X135.514 Y139.901
G0 X135.255 Y140.463
G0 X135.122 Y141.065
G0 X135.122 Y141.682
G0 X135.255 Y142.284
G0 X135.514 Y142.846
G0 X136.814 Y144.345
G0 X136.382 Y145.589
G0 X136.383 Y146.175
G0 X136.668 Y147.243
G0 X136.254 Y147.568
G1 F2400 X136.498 Y147.811 E86.18061
;MESH:NONMESH
G0 F300 X136.498 Y147.811 Z0.96
G0 F12000 X136.498 Y148.272
G0 X137.375 Y148.211
G0 X137.907 Y148.023
G0 X136.719 Y146.952
G0 X136.383 Y146.312
G0 X136.382 Y145.589
G0 X136.556 Y145.129
G0 X137.389 Y144.16
G0 X138.114 Y144.222
G0 X138.723 Y144.124
G0 X139.296 Y143.894
G0 X139.806 Y143.55
G0 X140.232 Y143.101
G0 X140.551 Y142.571
G0 X140.748 Y141.986
G0 X140.815 Y141.373
G0 X140.748 Y140.759
G0 X140.55 Y140.176
G0 X140.232 Y139.646
G0 X139.991 Y139.392
G0 X138.649 Y138.338
G0 X138.474 Y138.083
;TIME_ELAPSED:251.405346
;LAYER:7
;note -- min layer time used
;TYPE:WALL-INNER
;MESH:MotorMount_v2.stl
G1 F1703.9 X137.902 Y138.234 E86.19401
G1 F1758.1 X137.233 Y137.967 E86.20982
G1 F1841.8 X136.934 Y137.717 E86.21799
G1 F1886.7 X136.628 Y137.154 E86.2311
G1 F1919.5 X136.628 Y136.617 E86.24189
G1 F1933.9 X136.755 Y136.172 E86.25113
G1 X137.085 Y135.803 E86.26101
G1 X137.318 Y135.643 E86.26665
G1 X137.782 Y135.466 E86.27656
G1 X138.301 Y135.524 E86.28698
G1 X138.513 Y135.591 E86.29142
G1 X138.835 Y135.807 E86.29916
G1 X139.071 Y136.075 E86.30628
G1 X139.202 Y136.325 E86.31191
G1 X139.305 Y136.759 E86.32082
G1 X139.27 Y137.177 E86.32919
G1 F1868.5 X138.99 Y137.72 E86.34181
G1 F1758.1 X138.474 Y138.083 E86.35565
G0 F12000 X138.649 Y138.338
G0 X139.806 Y139.198
G0 X140.232 Y139.646
G0 X140.55 Y140.176
G0 X140.748 Y140.759
G0 X140.815 Y141.373
G0 X140.748 Y141.986
G0 X139.512 Y146.359
G0 X139.209 Y146.936
G0 X138.74 Y147.375
G0 X138.565 Y147.119
G1 F1933.9 X138.328 Y147.215 E86.36076
G1 X137.782 Y147.278 E86.37173
G1 X137.318 Y147.101 E86.38164
G1 X136.925 Y146.816 E86.39132
G1 X136.696 Y146.379 E86.40117
G1 X136.628 Y146.127 E86.40638
G1 X136.628 Y145.635 E86.4162
G1 X136.799 Y145.229 E86.42499
G1 X137.16 Y144.819 E86.43589
G1 X137.502 Y144.673 E86.44331
G1 F1689 X137.789 Y144.523 E86.45071
G1 F1493.3 X138.085 Y144.54 E86.45837
G1 F1598.2 X138.305 Y144.599 E86.46387
G1 F1815.8 X138.669 Y144.775 E86.47247
G1 F1933.9 X138.835 Y144.907 E86.4767
G1 X139.164 Y145.28 E86.48662
G1 X139.314 Y145.865 E86.49868
G1 X139.27 Y146.28 E86.507
G1 X139.053 Y146.697 E86.51638
G1 X138.861 Y146.915 E86.52218
G1 X138.565 Y147.119 E86.52936
G0 F12000 X138.413 Y147.7
G1 F1361.9 X137.868 Y147.744 E86.54485
G1 F1625.1 X137.176 Y147.475 E86.56248
G1 F1933.9 X136.791 Y147.242 E86.57146
G1 X136.51 Y146.886 E86.58051
G1 X136.342 Y146.565 E86.58774
G1 X136.228 Y146.144 E86.59645
G1 X136.228 Y145.744 E86.60443
G1 X136.263 Y145.479 E86.60976
G1 X136.354 Y145.223 E86.61519
G1 X136.471 Y145 E86.62021
G1 X136.829 Y144.592 E86.63104
G1 X136.99 Y144.463 E86.63516
G1 X137.349 Y144.304 E86.643
G1 X136.838 Y144.158 E86.6536
G1 X136.295 Y143.875 E86.66582
G1 X135.777 Y143.439 E86.67933
G1 X135.39 Y142.933 E86.69205
G1 X135.107 Y142.332 E86.7053
G1 X134.968 Y141.692 E86.71837
G1 X134.968 Y141.047 E86.73124
G1 X135.108 Y140.407 E86.74432
G1 X135.392 Y139.807 E86.75756
G1 X135.794 Y139.289 E86.77065
G1 X136.286 Y138.874 E86.78349
G1 X136.848 Y138.58 E86.79615
G1 X137.344 Y138.439 E86.80644
G1 X136.983 Y138.277 E86.81434
G1 X136.734 Y138.07 E86.8208
G1 X136.556 Y137.873 E86.8261
G1 X136.303 Y137.383 E86.8371
G1 X136.228 Y137.125 E86.84247
G1 X136.228 Y136.6 E86.85294
G1 X136.31 Y136.195 E86.86119
G1 X136.547 Y135.804 E86.87031
G1 X136.787 Y135.536 E86.87749
G1 X137.176 Y135.269 E86.88691
G1 F1811.6 X137.502 Y135.116 E86.89458
G1 F1510.8 X137.718 Y134.988 E86.90099
G1 F1347.6 X138.36 Y135.038 E86.91943
G1 F1578.7 X138.859 Y135.323 E86.93348
G1 F1933.9 X139.135 Y135.543 E86.94053
G1 X139.371 Y135.811 E86.94765
G1 X139.59 Y136.227 E86.95703
G1 X139.718 Y136.73 E86.96739
G1 X139.659 Y137.283 E86.97849
G1 X139.359 Y137.882 E86.99186
G1 X139.169 Y138.08 E86.99733
G1 X138.696 Y138.415 E87.0089
G1 X138.588 Y138.445 E87.01114
G1 X138.813 Y138.495 E87.01574
G1 X139.375 Y138.725 E87.02786
G1 X139.893 Y139.079 E87.04038
G1 X140.346 Y139.545 E87.05335
G1 X140.687 Y140.108 E87.06648
G1 X140.896 Y140.726 E87.0795
G1 X140.96 Y141.372 E87.09246
G1 X140.893 Y142.026 E87.10558
G1 X140.688 Y142.635 E87.1184
G1 X140.346 Y143.198 E87.13154
G1 X139.881 Y143.68 E87.14491
G1 X139.369 Y144.029 E87.15728
G1 X138.768 Y144.267 E87.17017
G1 X138.592 Y144.298 E87.17374
G1 X138.858 Y144.423 E87.17961
G1 X139.136 Y144.642 E87.18667
G1 X139.457 Y145.01 E87.19641
G1 X139.567 Y145.235 E87.20141
G1 X139.717 Y145.829 E87.21364
G1 X139.676 Y146.234 E87.22176
G1 X139.572 Y146.565 E87.22869
G1 X139.408 Y146.881 E87.23579
G1 X139.088 Y147.244 E87.24545
G1 F1572.3 X138.413 Y147.7 E87.26544
G0 F12000 X139.175 Y147
G0 X139.512 Y146.359
G0 X139.571 Y145.871
G0 X139.415 Y145.239
G0 X138.673 Y144.193
G0 X138.625 Y143.887
G1 F1815.8 X138.293 Y143.966 E87.2727
G1 F1598.2 X138.103 Y144.027 E87.27751
G1 F1534.8 X137.665 Y144.003 E87.28854
G1 F1738.3 X137.469 Y143.922 E87.29325
G1 F1933.9 X136.992 Y143.788 E87.30314
G1 X136.493 Y143.521 E87.31443
G1 X136.081 Y143.171 E87.32522
G1 X135.734 Y142.725 E87.3365
G1 X135.486 Y142.199 E87.3481
G1 X135.368 Y141.65 E87.35931
G1 X135.368 Y141.086 E87.37057
G1 X135.488 Y140.54 E87.38172
G1 X135.734 Y140.02 E87.3932
G1 X136.064 Y139.591 E87.404
G1 X136.483 Y139.23 E87.41504
G1 X136.97 Y138.967 E87.42608
G1 X137.471 Y138.818 E87.43652
G1 F1811.6 X138.002 Y138.711 E87.44805
G1 F1774.2 X138.285 Y138.791 E87.45445
G1 F1886.7 X138.686 Y138.874 E87.46283
G1 F1933.9 X139.183 Y139.077 E87.47354
G1 X139.635 Y139.385 E87.48446
G1 X140.027 Y139.791 E87.49572
G1 X140.323 Y140.278 E87.50709
G1 X140.503 Y140.813 E87.51836
G1 X140.56 Y141.372 E87.52957
G1 X140.504 Y141.904 E87.54025
G1 X140.326 Y142.461 E87.55191
G1 X140.029 Y142.951 E87.56335
G1 X139.641 Y143.359 E87.57458
G1 X139.174 Y143.677 E87.58586
G1 X138.625 Y143.887 E87.59759
G0 F12000 X138.673 Y144.193
G0 X139.398 Y145.169
G0 X139.571 Y145.871
G0 X139.079 Y148.372
G1 F1933.9 X143.96 Y148.372 E87.695
G1 X143.96 Y134.372 E87.97438
G1 X138.921 Y134.372 E88.07494
G1 F1578.7 X138.395 Y134.461 E88.08798
G1 F1366.7 X137.868 Y134.448 E88.10287
G1 F1388.8 X137.633 Y134.453 E88.1094
G1 F1522.7 X137.37 Y134.399 E88.1162
G1 F1811.6 X137.011 Y134.372 E88.12387
G1 F1933.9 X131.96 Y134.372 E88.22467
G1 X131.96 Y148.372 E88.50406
G1 X137.37 Y148.372 E88.61202
G1 F1625.1 X137.868 Y148.296 E88.62398
G1 F1361.9 X138.463 Y148.28 E88.64085
G1 F1572.3 X139.079 Y148.372 E88.65614
G0 F12000 X144.08 Y148.493
G0 X144.36 Y148.772
G1 F1933.9 X144.36 Y133.972 E88.95149
G1 X131.56 Y133.972 E89.20692
G1 X131.56 Y148.772 E89.50227
G1 X144.36 Y148.772 E89.75771
G0 F12000 X144.76 Y149.172
;TYPE:WALL-OUTER
G1 F1933.9 X144.76 Y133.572 E90.06903
G1 X131.16 Y133.572 E90.34043
G1 X131.16 Y149.172 E90.65174
G1 X144.76 Y149.172 E90.92315
G1 F1500 E84.42315
G0 F12000 X144.48 Y148.893
G0 X138.474 Y147.073
G0 X138.298 Y146.816
G1 F1500 E90.92315
G1 F1933.9 X137.839 Y146.871 E90.93237
G1 X137.422 Y146.713 E90.94127
G1 X137.218 Y146.514 E90.94696
G1 X137.028 Y146.151 E90.95514
G1 X137.028 Y145.706 E90.96402
G1 X137.127 Y145.457 E90.96936
G1 X137.423 Y145.135 E90.97809
G1 X137.841 Y144.971 E90.98705
G1 X138.29 Y145.025 E90.99608
G1 X138.535 Y145.171 E91.00177
G1 X138.8 Y145.472 E91.00977
G1 X138.913 Y145.913 E91.01886
G1 X138.862 Y146.197 E91.02461
G1 X138.675 Y146.557 E91.03271
G1 X138.298 Y146.816 E91.04184
G1 F1500 E84.54184
G0 F12000 X138.474 Y147.073
G0 X138.866 Y146.727
G0 X139.124 Y146.238
G0 X139.157 Y145.961
G0 X138.588 Y143.802
G0 X138.539 Y143.496
G1 F1500 E91.04184
G1 F1933.9 X138.079 Y143.568 E91.05113
G1 X137.61 Y143.543 E91.0605
G1 X137.127 Y143.406 E91.07052
G1 X136.721 Y143.193 E91.07967
G1 X136.365 Y142.889 E91.08901
G1 X136.067 Y142.494 E91.09889
G1 X135.864 Y142.051 E91.10861
G1 X135.771 Y141.623 E91.11735
G1 X135.772 Y141.113 E91.12753
G1 X135.878 Y140.65 E91.13701
G1 X136.089 Y140.214 E91.14668
G1 X136.36 Y139.861 E91.15556
G1 X136.718 Y139.554 E91.16497
G1 X137.134 Y139.333 E91.17437
G1 X137.624 Y139.196 E91.18452
G1 X138.097 Y139.174 E91.19397
G1 X138.571 Y139.258 E91.20358
G1 X139.009 Y139.438 E91.21303
G1 X139.394 Y139.706 E91.22239
G1 X139.72 Y140.056 E91.23193
G1 X139.948 Y140.432 E91.24071
G1 X140.111 Y140.917 E91.25092
G1 X140.16 Y141.372 E91.26005
G1 X140.11 Y141.835 E91.26935
G1 X139.948 Y142.312 E91.2794
G1 X139.694 Y142.722 E91.28902
G1 X139.361 Y143.066 E91.29858
G1 X138.971 Y143.326 E91.30793
G1 X138.539 Y143.496 E91.3172
G1 F1500 E84.8172
G0 F12000 X138.588 Y143.802
G0 X139.546 Y143.243
G0 X139.911 Y142.858
G0 X140.185 Y142.402
G0 X140.355 Y141.9
G0 X140.412 Y141.373
G0 X140.355 Y140.846
G0 X140.185 Y140.345
G0 X140.03 Y140.087
G0 X138.329 Y138.026
G0 X138.293 Y137.718
G1 F1500 E91.3172
G1 F1933.9 X137.842 Y137.773 E91.32626
G1 X137.422 Y137.608 E91.33527
G1 X137.218 Y137.413 E91.3409
G1 X137.03 Y137.055 E91.34897
G1 X137.028 Y136.635 E91.35735
G1 X137.114 Y136.37 E91.36291
G1 X137.416 Y136.033 E91.37194
G1 X137.85 Y135.872 E91.38118
G1 X138.295 Y135.926 E91.39013
G1 X138.535 Y136.071 E91.39572
G1 X138.801 Y136.374 E91.40377
G1 X138.913 Y136.812 E91.41279
G1 X138.867 Y137.086 E91.41833
G1 X138.681 Y137.446 E91.42642
G1 X138.293 Y137.718 E91.43588
G0 F12000 X138.329 Y138.026
G0 X136.314 Y138.768
;TYPE:FILL
G1 F1933.9 X132.039 Y134.493 E91.55653
G0 F12000 X138.897 Y135.256
G1 F1933.9 X139.113 Y134.451 E91.57316
G0 F12000 X141.028 Y141.252
G1 F1933.9 X143.88 Y140.488 E91.63208
G0 F12000 X140.554 Y143.008
G1 F1933.9 X143.88 Y146.334 E91.72595
G0 F12000 X138.482 Y144.398
G0 X136.53 Y144.088
G1 F1933.9 X135.404 Y148.292 E91.8128
G0 F12000 X135.241 Y142.803
G1 F1933.9 X132.04 Y143.661 E91.87893
G0 F12000 X132.17 Y143.661
;MESH:NONMESH
G0 F300 X132.17 Y143.661 Z1.08
G0 F12000 X135.888 Y139.411
G0 X136.357 Y139.011
G0 X136.904 Y138.721
G0 X138.649 Y138.338
G0 X138.474 Y138.083
;TIME_ELAPSED:266.624904
;LAYER:8
;note -- min layer time used
;TYPE:WALL-INNER
;MESH:MotorMount_v2.stl
G1 F1701.9 X137.902 Y138.234 E91.89233
G1 F1756 X137.233 Y137.967 E91.90815
G1 F1839.6 X136.934 Y137.717 E91.91631
G1 F1884.5 X136.628 Y137.154 E91.92942
G1 F1917.2 X136.628 Y136.617 E91.94022
G1 F1931.6 X136.755 Y136.172 E91.94945
G1 X137.085 Y135.803 E91.95933
G1 X137.318 Y135.643 E91.96497
G1 X137.782 Y135.466 E91.97488
G1 X138.301 Y135.524 E91.9853
G1 X138.513 Y135.591 E91.98974
G1 X138.835 Y135.807 E91.99748
G1 X139.071 Y136.075 E92.0046
G1 X139.202 Y136.325 E92.01024
G1 X139.305 Y136.759 E92.01914
G1 X139.27 Y137.177 E92.02751
G1 F1866.3 X138.99 Y137.72 E92.04013
G1 F1756 X138.474 Y138.083 E92.05398
G0 F12000 X138.649 Y138.338
G0 X139.806 Y139.198
G0 X140.232 Y139.646
G0 X140.55 Y140.176
G0 X140.748 Y140.759
G0 X140.815 Y141.373
G0 X140.748 Y141.986
G0 X139.512 Y146.359
G0 X139.209 Y146.936
G0 X138.74 Y147.375
G0 X138.565 Y147.119
G1 F1931.6 X138.328 Y147.215 E92.05908
G1 X137.782 Y147.278 E92.07005
G1 X137.318 Y147.101 E92.07996
G1 X136.925 Y146.816 E92.08965
G1 X136.696 Y146.379 E92.09949
G1 X136.628 Y146.127 E92.1047
G1 X136.628 Y145.635 E92.11452
G1 X136.799 Y145.229 E92.12331
G1 X137.16 Y144.819 E92.13421
G1 X137.502 Y144.673 E92.14163
G1 F1687 X137.789 Y144.523 E92.14903
G1 F1491.6 X138.085 Y144.54 E92.15669
G1 F1596.4 X138.305 Y144.599 E92.16219
G1 F1813.7 X138.669 Y144.775 E92.17079
G1 F1931.6 X138.835 Y144.907 E92.17502
G1 X139.164 Y145.28 E92.18495
G1 X139.314 Y145.865 E92.197
G1 X139.27 Y146.28 E92.20533
G1 X139.053 Y146.697 E92.21471
G1 X138.861 Y146.915 E92.2205
G1 X138.565 Y147.119 E92.22768
G0 F12000 X138.413 Y147.7
G1 F1360.3 X137.868 Y147.744 E92.24317
G1 F1623.2 X137.176 Y147.475 E92.2608
G1 F1931.6 X136.791 Y147.242 E92.26978
G1 X136.51 Y146.886 E92.27883
G1 X136.342 Y146.565 E92.28607
G1 X136.228 Y146.144 E92.29477
G1 X136.228 Y145.744 E92.30275
G1 X136.263 Y145.479 E92.30809
G1 X136.354 Y145.223 E92.31351
G1 X136.471 Y145 E92.31853
G1 X136.829 Y144.592 E92.32937
G1 X136.99 Y144.463 E92.33348
G1 X137.349 Y144.304 E92.34132
G1 X136.838 Y144.158 E92.35192
G1 X136.295 Y143.875 E92.36414
G1 X135.777 Y143.439 E92.37765
G1 X135.39 Y142.933 E92.39037
G1 X135.107 Y142.332 E92.40362
G1 X134.968 Y141.692 E92.41669
G1 X134.968 Y141.047 E92.42957
G1 X135.108 Y140.407 E92.44264
G1 X135.392 Y139.807 E92.45589
G1 X135.794 Y139.289 E92.46897
G1 X136.286 Y138.874 E92.48182
G1 X136.848 Y138.58 E92.49447
G1 X137.344 Y138.439 E92.50476
G1 X136.983 Y138.277 E92.51266
G1 X136.734 Y138.07 E92.51912
G1 X136.556 Y137.873 E92.52442
G1 X136.303 Y137.383 E92.53543
G1 X136.228 Y137.125 E92.54079
G1 X136.228 Y136.6 E92.55126
G1 X136.31 Y136.195 E92.55951
G1 X136.547 Y135.804 E92.56863
G1 X136.787 Y135.536 E92.57581
G1 X137.176 Y135.269 E92.58523
G1 F1809.5 X137.502 Y135.116 E92.5929
G1 F1509.1 X137.718 Y134.988 E92.59931
G1 F1346.1 X138.36 Y135.038 E92.61776
G1 F1576.8 X138.859 Y135.323 E92.6318
G1 F1931.6 X139.135 Y135.543 E92.63885
G1 X139.371 Y135.811 E92.64597
G1 X139.59 Y136.227 E92.65536
G1 X139.718 Y136.73 E92.66571
G1 X139.659 Y137.283 E92.67681
G1 X139.359 Y137.882 E92.69018
G1 X139.169 Y138.08 E92.69566
G1 X138.696 Y138.415 E92.70722
G1 X138.588 Y138.445 E92.70946
G1 X138.813 Y138.495 E92.71406
G1 X139.375 Y138.725 E92.72618
G1 X139.893 Y139.079 E92.7387
G1 X140.346 Y139.545 E92.75167
G1 X140.687 Y140.108 E92.7648
G1 X140.896 Y140.726 E92.77782
G1 X140.96 Y141.372 E92.79078
G1 X140.893 Y142.026 E92.8039
G1 X140.688 Y142.635 E92.81672
G1 X140.346 Y143.198 E92.82987
G1 X139.881 Y143.68 E92.84323
G1 X139.369 Y144.029 E92.8556
G1 X138.768 Y144.267 E92.8685
G1 X138.592 Y144.298 E92.87206
G1 X138.858 Y144.423 E92.87793
G1 X139.136 Y144.642 E92.88499
G1 X139.457 Y145.01 E92.89474
G1 X139.567 Y145.235 E92.89973
G1 X139.717 Y145.829 E92.91196
G1 X139.676 Y146.234 E92.92008
G1 X139.572 Y146.565 E92.92701
G1 X139.408 Y146.881 E92.93411
G1 X139.088 Y147.244 E92.94377
G1 F1570.4 X138.413 Y147.7 E92.96376
G0 F12000 X139.175 Y147
G0 X139.512 Y146.359
G0 X139.571 Y145.871
G0 X139.415 Y145.239
G0 X138.673 Y144.193
G0 X138.625 Y143.887
G1 F1813.7 X138.293 Y143.966 E92.97102
G1 F1596.4 X138.103 Y144.027 E92.97584
G1 F1533 X137.665 Y144.003 E92.98687
G1 F1736.3 X137.469 Y143.922 E92.99157
G1 F1931.6 X136.992 Y143.788 E93.00146
G1 X136.493 Y143.521 E93.01276
G1 X136.081 Y143.171 E93.02354
G1 X135.734 Y142.725 E93.03482
G1 X135.486 Y142.199 E93.04643
G1 X135.368 Y141.65 E93.05763
G1 X135.368 Y141.086 E93.06889
G1 X135.488 Y140.54 E93.08004
G1 X135.734 Y140.02 E93.09152
G1 X136.064 Y139.591 E93.10232
G1 X136.483 Y139.23 E93.11336
G1 X136.97 Y138.967 E93.12441
G1 X137.471 Y138.818 E93.13484
G1 F1809.5 X138.002 Y138.711 E93.14638
G1 F1772.1 X138.285 Y138.791 E93.15277
G1 F1884.5 X138.686 Y138.874 E93.16115
G1 F1931.6 X139.183 Y139.077 E93.17186
G1 X139.635 Y139.385 E93.18278
G1 X140.027 Y139.791 E93.19404
G1 X140.323 Y140.278 E93.20541
G1 X140.503 Y140.813 E93.21668
G1 X140.56 Y141.372 E93.22789
G1 X140.504 Y141.904 E93.23857
G1 X140.326 Y142.461 E93.25024
G1 X140.029 Y142.951 E93.26167
G1 X139.641 Y143.359 E93.27291
G1 X139.174 Y143.677 E93.28418
G1 X138.625 Y143.887 E93.29591
G0 F12000 X138.673 Y144.193
G0 X139.398 Y145.169
G0 X139.571 Y145.871
G0 X139.079 Y148.372
G1 F1931.6 X143.96 Y148.372 E93.39332
G1 X143.96 Y134.372 E93.6727
G1 X138.921 Y134.372 E93.77326
G1 F1576.8 X138.395 Y134.461 E93.7863
G1 F1365.1 X137.868 Y134.448 E93.80119
G1 F1387.1 X137.633 Y134.453 E93.80772
G1 F1520.9 X137.37 Y134.399 E93.81453
G1 F1809.5 X137.011 Y134.372 E93.82219
G1 F1931.6 X131.96 Y134.372 E93.92299
G1 X131.96 Y148.372 E94.20238
G1 X137.37 Y148.372 E94.31034
G1 F1623.2 X137.868 Y148.296 E94.3223
G1 F1360.3 X138.463 Y148.28 E94.33917
G1 F1570.4 X139.079 Y148.372 E94.35446
G0 F12000 X144.08 Y148.493
G0 X144.36 Y148.772
G1 F1931.6 X144.36 Y133.972 E94.64981
G1 X131.56 Y133.972 E94.90525
G1 X131.56 Y148.772 E95.2006
G1 X144.36 Y148.772 E95.45603
G0 F12000 X144.76 Y149.172
;TYPE:WALL-OUTER
G1 F1931.6 X144.76 Y133.572 E95.76735
G1 X131.16 Y133.572 E96.03875
G1 X131.16 Y149.172 E96.35007
G1 X144.76 Y149.172 E96.62147
G1 F1500 E90.12147
G0 F12000 X144.48 Y148.893
G0 X138.474 Y147.073
G0 X138.298 Y146.816
G1 F1500 E96.62147
G1 F1931.6 X137.839 Y146.871 E96.63069
G1 X137.422 Y146.713 E96.63959
G1 X137.218 Y146.514 E96.64528
G1 X137.028 Y146.151 E96.65346
G1 X137.028 Y145.706 E96.66234
G1 X137.127 Y145.457 E96.66769
G1 X137.423 Y145.135 E96.67641
G1 X137.841 Y144.971 E96.68537
G1 X138.29 Y145.025 E96.6944
G1 X138.535 Y145.171 E96.70009
G1 X138.8 Y145.472 E96.70809
G1 X138.913 Y145.913 E96.71718
G1 X138.862 Y146.197 E96.72294
G1 X138.675 Y146.557 E96.73103
G1 X138.298 Y146.816 E96.74016
G1 F1500 E90.24016
G0 F12000 X138.474 Y147.073
G0 X138.866 Y146.727
G0 X139.124 Y146.238
G0 X139.157 Y145.961
G0 X138.588 Y143.802
G0 X138.539 Y143.496
G1 F1500 E96.74016
G1 F1931.6 X138.079 Y143.568 E96.74945
G1 X137.61 Y143.543 E96.75882
G1 X137.127 Y143.406 E96.76884
G1 X136.721 Y143.193 E96.77799
G1 X136.365 Y142.889 E96.78734
G1 X136.067 Y142.494 E96.79721
G1 X135.864 Y142.051 E96.80693
G1 X135.771 Y141.623 E96.81567
G1 X135.772 Y141.113 E96.82585
G1 X135.878 Y140.65 E96.83533
G1 X136.089 Y140.214 E96.845
G1 X136.36 Y139.861 E96.85388
G1 X136.718 Y139.554 E96.86329
G1 X137.134 Y139.333 E96.87269
G1 X137.624 Y139.196 E96.88284
G1 X138.097 Y139.174 E96.89229
G1 X138.571 Y139.258 E96.9019
G1 X139.009 Y139.438 E96.91135
G1 X139.394 Y139.706 E96.92071
G1 X139.72 Y140.056 E96.93026
G1 X139.948 Y140.432 E96.93903
G1 X140.111 Y140.917 E96.94924
G1 X140.16 Y141.372 E96.95837
G1 X140.11 Y141.835 E96.96767
G1 X139.948 Y142.312 E96.97772
G1 X139.694 Y142.722 E96.98735
G1 X139.361 Y143.066 E96.9969
G1 X138.971 Y143.326 E97.00625
G1 X138.539 Y143.496 E97.01552
G1 F1500 E90.51552
G0 F12000 X138.588 Y143.802
G0 X139.546 Y143.243
G0 X139.911 Y142.858
G0 X140.185 Y142.402
G0 X140.355 Y141.9
G0 X140.412 Y141.373
G0 X140.355 Y140.846
G0 X140.185 Y140.345
G0 X140.03 Y140.087
G0 X138.329 Y138.026
G0 X138.293 Y137.718
G1 F1500 E97.01552
G1 F1931.6 X137.842 Y137.773 E97.02459
G1 X137.422 Y137.608 E97.03359
G1 X137.218 Y137.413 E97.03922
G1 X137.03 Y137.055 E97.04729
G1 X137.028 Y136.635 E97.05567
G1 X137.114 Y136.37 E97.06123
G1 X137.416 Y136.033 E97.07026
G1 X137.85 Y135.872 E97.0795
G1 X138.295 Y135.926 E97.08845
G1 X138.535 Y136.071 E97.09404
G1 X138.801 Y136.374 E97.10209
G1 X138.913 Y136.812 E97.11111
G1 X138.867 Y137.086 E97.11666
G1 X138.681 Y137.446 E97.12474
G1 X138.293 Y137.718 E97.1342
G0 F12000 X138.329 Y138.026
G0 X136.393 Y138.727
;TYPE:FILL
G1 F1931.6 X132.119 Y134.452 E97.25483
G0 F12000 X138.821 Y135.212
G1 F1931.6 X139.025 Y134.452 E97.27054
G0 F12000 X141.037 Y141.338
G1 F1931.6 X143.88 Y140.576 E97.32927
G0 F12000 X140.6 Y142.933
G1 F1931.6 X143.88 Y146.213 E97.42184
G0 F12000 X138.482 Y144.398
G0 X136.453 Y144.048
G1 F1931.6 X135.316 Y148.292 E97.50952
G0 F12000 X135.28 Y142.881
G1 F1931.6 X132.04 Y143.749 E97.57646
G0 F12000 X132.17 Y143.749
;MESH:NONMESH
G0 F300 X132.17 Y143.749 Z1.2
G0 F12000 X135.888 Y139.411
G0 X136.357 Y139.011
G0 X136.904 Y138.721
G0 X138.649 Y138.338
G0 X138.474 Y138.083
;TIME_ELAPSED:281.843943
;LAYER:9
;TYPE:WALL-INNER
;MESH:MotorMount_v2.stl
G1 F2114.5 X137.902 Y138.234 E97.58986
G1 F2181.8 X137.233 Y137.967 E97.60567
G1 F2285.7 X136.934 Y137.717 E97.61384
G1 F2341.5 X136.628 Y137.154 E97.62695
G1 F2382.1 X136.628 Y136.617 E97.63774
G1 F2400 X136.755 Y136.172 E97.64698
G1 X137.085 Y135.803 E97.65686
G1 X137.318 Y135.643 E97.6625
G1 X137.782 Y135.466 E97.67241
G1 X138.301 Y135.524 E97.68283
G1 X138.513 Y135.591 E97.68727
G1 X138.835 Y135.807 E97.69501
G1 X139.071 Y136.075 E97.70213
G1 X139.202 Y136.325 E97.70776
G1 X139.305 Y136.759 E97.71667
G1 X139.27 Y137.177 E97.72504
G1 F2318.8 X138.99 Y137.72 E97.73766
G1 F2181.8 X138.474 Y138.083 E97.7515
G0 F12000 X138.649 Y138.338
G0 X139.806 Y139.198
G0 X140.232 Y139.646
G0 X140.55 Y140.176
G0 X140.748 Y140.759
G0 X140.815 Y141.373
G0 X140.748 Y141.986
G0 X139.512 Y146.359
G0 X139.209 Y146.936
G0 X138.74 Y147.375
G0 X138.565 Y147.119
G1 F2400 X138.328 Y147.215 E97.75661
G1 X137.782 Y147.278 E97.76758
G1 X137.318 Y147.101 E97.77749
G1 X136.925 Y146.816 E97.78717
G1 X136.696 Y146.379 E97.79702
G1 X136.628 Y146.127 E97.80223
G1 X136.628 Y145.635 E97.81205
G1 X136.799 Y145.229 E97.82084
G1 X137.16 Y144.819 E97.83174
G1 X137.502 Y144.673 E97.83916
G1 F2096.1 X137.789 Y144.523 E97.84656
G1 F1853.3 X138.085 Y144.54 E97.85422
G1 F1983.5 X138.305 Y144.599 E97.85972
G1 F2253.5 X138.669 Y144.775 E97.86832
G1 F2400 X138.835 Y144.907 E97.87255
G1 X139.164 Y145.28 E97.88247
G1 X139.314 Y145.865 E97.89453
G1 X139.27 Y146.28 E97.90285
G1 X139.053 Y146.697 E97.91223
G1 X138.861 Y146.915 E97.91803
G1 X138.565 Y147.119 E97.92521
G0 F12000 X138.413 Y147.7
G1 F1690.1 X137.868 Y147.744 E97.9407
G1 F2016.8 X137.176 Y147.475 E97.95833
G1 F2400 X136.791 Y147.242 E97.96731
G1 X136.51 Y146.886 E97.97636
G1 X136.342 Y146.565 E97.98359
G1 X136.228 Y146.144 E97.9923
G1 X136.228 Y145.744 E98.00028
G1 X136.263 Y145.479 E98.00561
G1 X136.354 Y145.223 E98.01104
G1 X136.471 Y145 E98.01606
G1 X136.829 Y144.592 E98.02689
G1 X136.99 Y144.463 E98.03101
G1 X137.349 Y144.304 E98.03885
G1 X136.838 Y144.158 E98.04945
G1 X136.295 Y143.875 E98.06167
G1 X135.777 Y143.439 E98.07518
G1 X135.39 Y142.933 E98.0879
G1 X135.107 Y142.332 E98.10115
G1 X134.968 Y141.692 E98.11422
G1 X134.968 Y141.047 E98.12709
G1 X135.108 Y140.407 E98.14017
G1 X135.392 Y139.807 E98.15341
G1 X135.794 Y139.289 E98.1665
G1 X136.286 Y138.874 E98.17934
G1 X136.848 Y138.58 E98.192
G1 X137.344 Y138.439 E98.20229
G1 X136.983 Y138.277 E98.21019
G1 X136.734 Y138.07 E98.21665
G1 X136.556 Y137.873 E98.22195
G1 X136.303 Y137.383 E98.23295
G1 X136.228 Y137.125 E98.23832
G1 X136.228 Y136.6 E98.24879
G1 X136.31 Y136.195 E98.25704
G1 X136.547 Y135.804 E98.26616
G1 X136.787 Y135.536 E98.27334
G1 X137.176 Y135.269 E98.28276
G1 F2248.2 X137.502 Y135.116 E98.29043
G1 F1875 X137.718 Y134.988 E98.29684
G1 F1672.5 X138.36 Y135.038 E98.31528
G1 F1959.2 X138.859 Y135.323 E98.32933
G1 F2400 X139.135 Y135.543 E98.33637
G1 X139.371 Y135.811 E98.3435
G1 X139.59 Y136.227 E98.35288
G1 X139.718 Y136.73 E98.36324
G1 X139.659 Y137.283 E98.37434
G1 X139.359 Y137.882 E98.38771
G1 X139.169 Y138.08 E98.39318
G1 X138.696 Y138.415 E98.40475
G1 X138.588 Y138.445 E98.40699
G1 X138.813 Y138.495 E98.41159
G1 X139.375 Y138.725 E98.42371
G1 X139.893 Y139.079 E98.43623
G1 X140.346 Y139.545 E98.4492
G1 X140.687 Y140.108 E98.46233
G1 X140.896 Y140.726 E98.47535
G1 X140.96 Y141.372 E98.48831
G1 X140.893 Y142.026 E98.50142
G1 X140.688 Y142.635 E98.51425
G1 X140.346 Y143.198 E98.52739
G1 X139.881 Y143.68 E98.54076
G1 X139.369 Y144.029 E98.55312
G1 X138.768 Y144.267 E98.56602
G1 X138.592 Y144.298 E98.56959
G1 X138.858 Y144.423 E98.57546
G1 X139.136 Y144.642 E98.58252
G1 X139.457 Y145.01 E98.59226
G1 X139.567 Y145.235 E98.59726
G1 X139.717 Y145.829 E98.60949
G1 X139.676 Y146.234 E98.61761
G1 X139.572 Y146.565 E98.62453
G1 X139.408 Y146.881 E98.63164
G1 X139.088 Y147.244 E98.6413
G1 F1951.2 X138.413 Y147.7 E98.66129
G0 F12000 X139.175 Y147
G0 X139.512 Y146.359
G0 X139.571 Y145.871
G0 X139.415 Y145.239
G0 X138.673 Y144.193
G0 X138.625 Y143.887
G1 F2253.5 X138.293 Y143.966 E98.66854
G1 F1983.5 X138.103 Y144.027 E98.67336
G1 F1904.8 X137.665 Y144.003 E98.68439
G1 F2157.3 X137.469 Y143.922 E98.6891
G1 F2400 X136.992 Y143.788 E98.69899
G1 X136.493 Y143.521 E98.71028
G1 X136.081 Y143.171 E98.72107
G1 X135.734 Y142.725 E98.73235
G1 X135.486 Y142.199 E98.74395
G1 X135.368 Y141.65 E98.75516
G1 X135.368 Y141.086 E98.76641
G1 X135.488 Y140.54 E98.77757
G1 X135.734 Y140.02 E98.78905
G1 X136.064 Y139.591 E98.79985
G1 X136.483 Y139.23 E98.81089
G1 X136.97 Y138.967 E98.82193
G1 X137.471 Y138.818 E98.83236
G1 F2248.2 X138.002 Y138.711 E98.8439
G1 F2201.8 X138.285 Y138.791 E98.8503
G1 F2341.5 X138.686 Y138.874 E98.85868
G1 F2400 X139.183 Y139.077 E98.86939
G1 X139.635 Y139.385 E98.88031
G1 X140.027 Y139.791 E98.89157
G1 X140.323 Y140.278 E98.90294
G1 X140.503 Y140.813 E98.91421
G1 X140.56 Y141.372 E98.92542
G1 X140.504 Y141.904 E98.93609
G1 X140.326 Y142.461 E98.94776
G1 X140.029 Y142.951 E98.9592
G1 X139.641 Y143.359 E98.97043
G1 X139.174 Y143.677 E98.98171
G1 X138.625 Y143.887 E98.99344
G0 F12000 X138.673 Y144.193
G0 X139.398 Y145.169
G0 X139.571 Y145.871
G0 X139.079 Y148.372
G1 F2400 X143.96 Y148.372 E99.09085
G1 X143.96 Y134.372 E99.37023
G1 X138.921 Y134.372 E99.47079
G1 F1959.2 X138.395 Y134.461 E99.48383
G1 F1696.1 X137.868 Y134.448 E99.49872
G1 F1723.5 X137.633 Y134.453 E99.50525
G1 F1889.8 X137.37 Y134.399 E99.51205
G1 F2248.2 X137.011 Y134.372 E99.51972
G1 F2400 X131.96 Y134.372 E99.62052
G1 X131.96 Y148.372 E99.89991
G1 X137.37 Y148.372 E100.00787
G1 F2016.8 X137.868 Y148.296 E100.01983
G1 F1690.1 X138.463 Y148.28 E100.0367
G1 F1951.2 X139.079 Y148.372 E100.05199
G0 F12000 X144.08 Y148.493
G0 X144.36 Y148.772
G1 F2400 X144.36 Y133.972 E100.34734
G1 X131.56 Y133.972 E100.60277
G1 X131.56 Y148.772 E100.89812
G1 X144.36 Y148.772 E101.15356
G0 F12000 X144.76 Y149.172
;TYPE:WALL-OUTER
G1 F2400 X144.76 Y133.572 E101.46488
G1 X131.16 Y133.572 E101.73628
G1 X131.16 Y149.172 E102.04759
G1 X144.76 Y149.172 E102.319
G1 F1500 E95.819
G0 F12000 X144.48 Y148.893
G0 X138.474 Y147.073
G0 X138.298 Y146.816
G1 F1500 E102.319
G1 F2400 X137.839 Y146.871 E102.32822
G1 X137.422 Y146.713 E102.33712
G1 X137.218 Y146.514 E102.34281
G1 X137.028 Y146.151 E102.35098
G1 X137.028 Y145.706 E102.35987
G1 X137.127 Y145.457 E102.36521
G1 X137.423 Y145.135 E102.37394
G1 X137.841 Y144.971 E102.3829
G1 X138.29 Y145.025 E102.39193
G1 X138.535 Y145.171 E102.39762
G1 X138.8 Y145.472 E102.40562
G1 X138.913 Y145.913 E102.41471
G1 X138.862 Y146.197 E102.42046
G1 X138.675 Y146.557 E102.42856
G1 X138.298 Y146.816 E102.43769
G1 F1500 E95.93769
G0 F12000 X138.474 Y147.073
G0 X138.866 Y146.727
G0 X139.124 Y146.238
G0 X139.157 Y145.961
G0 X138.588 Y143.802
G0 X138.539 Y143.496
G1 F1500 E102.43769
G1 F2400 X138.079 Y143.568 E102.44698
G1 X137.61 Y143.543 E102.45635
G1 X137.127 Y143.406 E102.46637
G1 X136.721 Y143.193 E102.47552
G1 X136.365 Y142.889 E102.48486
G1 X136.067 Y142.494 E102.49474
G1 X135.864 Y142.051 E102.50446
G1 X135.771 Y141.623 E102.5132
G1 X135.772 Y141.113 E102.52338
G1 X135.878 Y140.65 E102.53286
G1 X136.089 Y140.214 E102.54252
G1 X136.36 Y139.861 E102.55141
G1 X136.718 Y139.554 E102.56082
G1 X137.134 Y139.333 E102.57022
G1 X137.624 Y139.196 E102.58037
G1 X138.097 Y139.174 E102.58982
G1 X138.571 Y139.258 E102.59943
G1 X139.009 Y139.438 E102.60888
G1 X139.394 Y139.706 E102.61824
G1 X139.72 Y140.056 E102.62778
G1 X139.948 Y140.432 E102.63656
G1 X140.111 Y140.917 E102.64677
G1 X140.16 Y141.372 E102.6559
G1 X140.11 Y141.835 E102.6652
G1 X139.948 Y142.312 E102.67525
G1 X139.694 Y142.722 E102.68487
G1 X139.361 Y143.066 E102.69443
G1 X138.971 Y143.326 E102.70378
G1 X138.539 Y143.496 E102.71305
G1 F1500 E96.21305
G0 F12000 X138.588 Y143.802
G0 X139.546 Y143.243
G0 X139.911 Y142.858
G0 X140.185 Y142.402
G0 X140.355 Y141.9
G0 X140.412 Y141.373
G0 X140.355 Y140.846
G0 X140.185 Y140.345
G0 X140.03 Y140.087
G0 X138.329 Y138.026
G0 X138.293 Y137.718
G1 F1500 E102.71305
G1 F2400 X137.842 Y137.773 E102.72211
G1 X137.422 Y137.608 E102.73112
G1 X137.218 Y137.413 E102.73675
G1 X137.03 Y137.055 E102.74482
G1 X137.028 Y136.635 E102.7532
G1 X137.114 Y136.37 E102.75876
G1 X137.416 Y136.033 E102.76779
G1 X137.85 Y135.872 E102.77703
G1 X138.295 Y135.926 E102.78597
G1 X138.535 Y136.071 E102.79157
G1 X138.801 Y136.374 E102.79962
G1 X138.913 Y136.812 E102.80864
G1 X138.867 Y137.086 E102.81418
G1 X138.681 Y137.446 E102.82227
G1 X138.293 Y137.718 E102.83173
G0 F12000 X138.329 Y138.026
G0 X136.472 Y138.686
;TYPE:FILL
G1 F4800 X134.4 Y136.615 E102.89019
G1 X134.539 Y136.75
G1 X135.534 Y134.572 E102.93797
G0 F12000 X135.974 Y134.572
G1 F4800 X134.841 Y137.052 E102.99238
G1 X134.8 Y137.015
G1 X134.8 Y140.874 E103.06939
G0 F12000 X135.2 Y139.763
G1 F4800 X135.2 Y137.415 E103.11625
G1 X135.142 Y137.353
G1 X136.414 Y134.572 E103.17728
G0 F12000 X137.039 Y135.127
G1 F4800 X137.275 Y134.612 E103.18858
G0 F12000 X138.744 Y135.17
G1 F4800 X138.937 Y134.451 E103.20344
G0 F12000 X139.2 Y134.572
G1 F4800 X139.2 Y135.342 E103.21881
G0 F12000 X139.6 Y135.827
G1 F4800 X139.6 Y134.572 E103.24385
G0 F12000 X140 Y134.572
G1 F4800 X140 Y138.903 E103.33028
G0 F12000 X140.4 Y139.313
G1 F4800 X140.4 Y134.572 E103.42489
G0 F12000 X140.8 Y134.572
G1 F4800 X140.8 Y139.908 E103.53138
G0 F12000 X141.2 Y141.382
G1 F4800 X141.042 Y141.425 E103.53465
G1 X141.2 Y141.384
G1 X141.2 Y134.572 E103.67059
G0 F12000 X141.6 Y134.572
G1 F4800 X141.6 Y141.277 E103.80439
G1 X141.6 Y141.275
G1 X141.2 Y141.382 E103.81266
G1 X141.2 Y143.412 E103.85317
G1 X141.6 Y143.812 E103.86446
G1 X141.6 Y143.815
G1 X141.6 Y148.172 E103.9514
G0 F12000 X142 Y148.172
G1 F4800 X142 Y144.215 E104.03037
G0 F12000 X142.4 Y144.615
G1 F4800 X142.4 Y148.172 E104.10135
G0 F12000 X143.2 Y148.172
G1 F4800 X143.2 Y145.415 E104.15637
G1 X143.2 Y145.412
G1 X141.6 Y143.812 E104.20153
G1 X141.6 Y141.275 E104.25216
G1 X143.2 Y140.847 E104.28521
G1 X143.2 Y134.572 E104.41043
G0 F12000 X142.4 Y134.572
G1 F4800 X142.4 Y141.062 E104.53995
G0 F12000 X142 Y141.169
G1 F4800 X142 Y134.572 E104.6716
G0 F12000 X137.765 Y135.212
G0 X137.11 Y135.46
G0 X136.107 Y136.205
G1 F4800 X135.444 Y137.656 E104.70344
G0 F12000 X135.6 Y137.815
G1 F4800 X135.6 Y139.207 E104.73121
G0 F12000 X133.935 Y136.146
G1 F4800 X134.654 Y134.572 E104.76575
G0 F12000 X134.215 Y134.572
G1 F4800 X133.633 Y135.844 E104.79366
G0 F12000 X133.331 Y135.542
G1 F4800 X133.775 Y134.572 E104.81495
G0 F12000 X132.8 Y135.015
G1 F4800 X134.4 Y136.615 E104.86011
G1 X134.4 Y143.205 E104.99162
G1 X132.8 Y143.633 E105.02467
G1 X132.8 Y148.172 E105.11525
G0 F12000 X133.6 Y148.172
G1 F4800 X133.6 Y143.418 E105.21012
G0 F12000 X134 Y143.31
G1 F4800 X134 Y148.172 E105.30715
G0 F12000 X134.8 Y148.172
G1 F4800 X134.8 Y143.096 E105.40844
G0 F12000 X135.2 Y142.988
G1 F4800 X135.2 Y148.172 E105.5119
G1 X135.228 Y148.292
G1 X136.376 Y144.008 E105.60041
G0 F12000 X136 Y143.889
G1 F4800 X136 Y145.41 E105.63076
G0 F12000 X135.6 Y146.903
G1 F4800 X135.6 Y143.53 E105.69807
G0 F12000 X135.326 Y142.956
G1 F4800 X134.4 Y143.205 E105.71721
G0 F12000 X132.041 Y143.836
G1 F4800 X132.8 Y143.633 E105.73289
G1 X132.8 Y135.015 E105.90487
G1 X132.239 Y134.452 E105.92073
G0 F12000 X137.498 Y138.557
G0 X138.114 Y138.523
G0 X138.723 Y138.623
G0 X139.296 Y138.851
G0 X139.806 Y139.198
G0 X140.232 Y139.646
G0 X140.55 Y140.176
G0 X140.748 Y140.759
G0 X140.802 Y141.257
G0 X140.646 Y142.859
G1 F4800 X141.2 Y143.412 E105.93635
G0 F12000 X140.8 Y143.015
G1 F4800 X140.8 Y148.172 E106.03926
G0 F12000 X140.4 Y148.172
G1 F4800 X140.4 Y143.431 E106.13387
G0 F12000 X140 Y143.841
G1 F4800 X140 Y148.172 E106.2203
G0 F12000 X139.6 Y148.172
G1 F4800 X139.6 Y146.945 E106.24479
G0 F12000 X138.642 Y147.392
G0 X137.002 Y147.6
G1 F4800 X135.414 Y147.6 E106.27648
G0 F12000 X137.765 Y147.535
G0 X138.39 Y147.459
G0 X143.88 Y146.093
G1 F4800 X143.2 Y145.412 E106.29569
G1 X143.2 Y140.847 E106.38678
G1 X143.88 Y140.664 E106.40084
G0 F12000 X143.75 Y140.664
;MESH:NONMESH
G0 F300 X143.75 Y140.664 Z1.32
G0 F12000 X138.649 Y138.338
G0 X138.474 Y138.083
;TIME_ELAPSED:303.680195
;LAYER:10
;TYPE:WALL-INNER
;MESH:MotorMount_v2.stl
G1 F2114.5 X137.902 Y138.234 E106.41424
G1 F2181.8 X137.233 Y137.967 E106.43005
G1 F2285.7 X136.934 Y137.717 E106.43822
G1 F2341.5 X136.628 Y137.154 E106.45132
G1 F2382.1 X136.628 Y136.617 E106.46212
G1 F2400 X136.755 Y136.172 E106.47136
G1 X137.085 Y135.803 E106.48123
G1 X137.318 Y135.643 E106.48687
G1 X137.782 Y135.466 E106.49679
G1 X138.301 Y135.524 E106.50721
G1 X138.513 Y135.591 E106.51164
G1 X138.835 Y135.807 E106.51938
G1 X139.071 Y136.075 E106.52651
G1 X139.202 Y136.325 E106.53214
G1 X139.305 Y136.759 E106.54104
G1 X139.27 Y137.177 E106.54941
G1 F2318.8 X138.99 Y137.72 E106.56203
G1 F2181.8 X138.474 Y138.083 E106.57588
G0 F12000 X138.649 Y138.338
G0 X139.806 Y139.198
G0 X140.232 Y139.646
G0 X140.55 Y140.176
G0 X140.748 Y140.759
G0 X140.815 Y141.373
G0 X140.748 Y141.986
G0 X140.551 Y142.571
G0 X140.232 Y143.101
G0 X138.711 Y144.523
G0 X139.398 Y145.169
G0 X139.571 Y145.871
G0 X139.512 Y146.359
G0 X139.209 Y146.936
G0 X138.74 Y147.375
G0 X138.565 Y147.119
G1 F2400 X138.328 Y147.215 E106.58098
G1 X137.782 Y147.278 E106.59195
G1 X137.318 Y147.101 E106.60186
G1 X136.925 Y146.816 E106.61155
G1 X136.696 Y146.379 E106.6214
G1 X136.628 Y146.127 E106.6266
G1 X136.628 Y145.635 E106.63642
G1 X136.799 Y145.229 E106.64521
G1 X137.16 Y144.819 E106.65612
G1 X137.502 Y144.673 E106.66354
G1 F2096.1 X137.789 Y144.523 E106.67094
G1 F1853.3 X138.085 Y144.54 E106.6786
G1 F1983.5 X138.305 Y144.599 E106.6841
G1 F2253.5 X138.669 Y144.775 E106.69269
G1 F2400 X138.835 Y144.907 E106.69692
G1 X139.164 Y145.28 E106.70685
G1 X139.314 Y145.865 E106.7189
G1 X139.27 Y146.28 E106.72723
G1 X139.053 Y146.697 E106.73661
G1 X138.861 Y146.915 E106.74241
G1 X138.565 Y147.119 E106.74958
G0 F12000 X138.413 Y147.7
G1 F1690.1 X137.868 Y147.744 E106.76508
G1 F2016.8 X137.176 Y147.475 E106.78271
G1 F2400 X136.791 Y147.242 E106.79169
G1 X136.51 Y146.886 E106.80074
G1 X136.342 Y146.565 E106.80797
G1 X136.228 Y146.144 E106.81667
G1 X136.228 Y145.744 E106.82466
G1 X136.263 Y145.479 E106.82999
G1 X136.354 Y145.223 E106.83541
G1 X136.471 Y145 E106.84044
G1 X136.829 Y144.592 E106.85127
G1 X136.99 Y144.463 E106.85539
G1 X137.349 Y144.304 E106.86322
G1 X136.838 Y144.158 E106.87383
G1 X136.295 Y143.875 E106.88605
G1 X135.777 Y143.439 E106.89956
G1 X135.39 Y142.933 E106.91227
G1 X135.107 Y142.332 E106.92553
G1 X134.968 Y141.692 E106.9386
G1 X134.968 Y141.047 E106.95147
G1 X135.108 Y140.407 E106.96454
G1 X135.392 Y139.807 E106.97779
G1 X135.794 Y139.289 E106.99088
G1 X136.286 Y138.874 E107.00372
G1 X136.848 Y138.58 E107.01638
G1 X137.344 Y138.439 E107.02667
G1 X136.983 Y138.277 E107.03456
G1 X136.734 Y138.07 E107.04103
G1 X136.556 Y137.873 E107.04632
G1 X136.303 Y137.383 E107.05733
G1 X136.228 Y137.125 E107.06269
G1 X136.228 Y136.6 E107.07317
G1 X136.31 Y136.195 E107.08141
G1 X136.547 Y135.804 E107.09054
G1 X136.787 Y135.536 E107.09772
G1 X137.176 Y135.269 E107.10713
G1 F2248.2 X137.502 Y135.116 E107.11481
G1 F1875 X137.718 Y134.988 E107.12122
G1 F1672.5 X138.36 Y135.038 E107.13966
G1 F1959.2 X138.859 Y135.323 E107.15371
G1 F2400 X139.135 Y135.543 E107.16075
G1 X139.371 Y135.811 E107.16788
G1 X139.59 Y136.227 E107.17726
G1 X139.718 Y136.73 E107.18762
G1 X139.659 Y137.283 E107.19872
G1 X139.359 Y137.882 E107.21208
G1 X139.169 Y138.08 E107.21756
G1 X138.696 Y138.415 E107.22913
G1 X138.588 Y138.445 E107.23136
G1 X138.813 Y138.495 E107.23596
G1 X139.375 Y138.725 E107.24808
G1 X139.893 Y139.079 E107.2606
G1 X140.346 Y139.545 E107.27357
G1 X140.687 Y140.108 E107.28671
G1 X140.896 Y140.726 E107.29973
G1 X140.96 Y141.372 E107.31268
G1 X140.893 Y142.026 E107.3258
G1 X140.688 Y142.635 E107.33862
G1 X140.346 Y143.198 E107.35177
G1 X139.881 Y143.68 E107.36514
G1 X139.369 Y144.029 E107.3775
G1 X138.768 Y144.267 E107.3904
G1 X138.592 Y144.298 E107.39397
G1 X138.858 Y144.423 E107.39983
G1 X139.136 Y144.642 E107.40689
G1 X139.457 Y145.01 E107.41664
G1 X139.567 Y145.235 E107.42164
G1 X139.717 Y145.829 E107.43386
G1 X139.676 Y146.234 E107.44199
G1 X139.572 Y146.565 E107.44891
G1 X139.408 Y146.881 E107.45602
G1 X139.088 Y147.244 E107.46567
G1 F1951.2 X138.413 Y147.7 E107.48567
G0 F12000 X139.175 Y147
G0 X139.512 Y146.359
G0 X139.571 Y145.871
G0 X139.415 Y145.239
G0 X138.673 Y144.193
G0 X138.625 Y143.887
G1 F2253.5 X138.293 Y143.966 E107.49292
G1 F1983.5 X138.103 Y144.027 E107.49774
G1 F1904.8 X137.665 Y144.003 E107.50877
G1 F2157.3 X137.469 Y143.922 E107.51348
G1 F2400 X136.992 Y143.788 E107.52337
G1 X136.493 Y143.521 E107.53466
G1 X136.081 Y143.171 E107.54545
G1 X135.734 Y142.725 E107.55672
G1 X135.486 Y142.199 E107.56833
G1 X135.368 Y141.65 E107.57954
G1 X135.368 Y141.086 E107.59079
G1 X135.488 Y140.54 E107.60195
G1 X135.734 Y140.02 E107.61343
G1 X136.064 Y139.591 E107.62423
G1 X136.483 Y139.23 E107.63526
G1 X136.97 Y138.967 E107.64631
G1 X137.471 Y138.818 E107.65674
G1 F2248.2 X138.002 Y138.711 E107.66828
G1 F2201.8 X138.285 Y138.791 E107.67468
G1 F2341.5 X138.686 Y138.874 E107.68305
G1 F2400 X139.183 Y139.077 E107.69377
G1 X139.635 Y139.385 E107.70468
G1 X140.027 Y139.791 E107.71594
G1 X140.323 Y140.278 E107.72732
G1 X140.503 Y140.813 E107.73858
G1 X140.56 Y141.372 E107.7498
G1 X140.504 Y141.904 E107.76047
G1 X140.326 Y142.461 E107.77214
G1 X140.029 Y142.951 E107.78357
G1 X139.641 Y143.359 E107.79481
G1 X139.174 Y143.677 E107.80609
G1 X138.625 Y143.887 E107.81782
G0 F12000 X138.673 Y144.193
G0 X139.398 Y145.169
G0 X139.571 Y145.871
G0 X139.512 Y146.359
G0 X138.881 Y147.582
G0 X138.424 Y147.996
G0 X139.079 Y148.372
G1 F2400 X143.96 Y148.372 E107.91522
G1 X143.96 Y134.372 E108.19461
G1 X138.921 Y134.372 E108.29517
G1 F1959.2 X138.395 Y134.461 E108.30821
G1 F1696.1 X137.868 Y134.448 E108.32309
G1 F1723.5 X137.633 Y134.453 E108.32962
G1 F1889.8 X137.37 Y134.399 E108.33643
G1 F2248.2 X137.011 Y134.372 E108.3441
G1 F2400 X131.96 Y134.372 E108.4449
G1 X131.96 Y148.372 E108.72428
G1 X137.37 Y148.372 E108.83224
G1 F2016.8 X137.868 Y148.296 E108.84421
G1 F1690.1 X138.463 Y148.28 E108.86107
G1 F1951.2 X139.079 Y148.372 E108.87636
G0 F12000 X144.08 Y148.493
G0 X144.36 Y148.772
G1 F2400 X144.36 Y133.972 E109.17171
G1 X131.56 Y133.972 E109.42715
G1 X131.56 Y148.772 E109.7225
G1 X144.36 Y148.772 E109.97794
G0 F12000 X144.76 Y149.172
;TYPE:WALL-OUTER
G1 F2400 X144.76 Y133.572 E110.28925
G1 X131.16 Y133.572 E110.56066
G1 X131.16 Y149.172 E110.87197
G1 X144.76 Y149.172 E111.14337
G1 F1500 E104.64337
G0 F12000 X144.48 Y148.893
G0 X139.074 Y148.211
G0 X138.072 Y148.07
G0 X138.474 Y147.073
G0 X138.298 Y146.816
G1 F1500 E111.14337
G1 F2400 X137.839 Y146.871 E111.1526
G1 X137.422 Y146.713 E111.1615
G1 X137.218 Y146.514 E111.16718
G1 X137.028 Y146.151 E111.17536
G1 X137.028 Y145.706 E111.18424
G1 X137.127 Y145.457 E111.18959
G1 X137.423 Y145.135 E111.19832
G1 X137.841 Y144.971 E111.20728
G1 X138.29 Y145.025 E111.2163
G1 X138.535 Y145.171 E111.22199
G1 X138.8 Y145.472 E111.23
G1 X138.913 Y145.913 E111.23908
G1 X138.862 Y146.197 E111.24484
G1 X138.675 Y146.557 E111.25294
G1 X138.298 Y146.816 E111.26206
G1 F1500 E104.76206
G0 F12000 X138.474 Y147.073
G0 X138.866 Y146.727
G0 X139.124 Y146.238
G0 X139.157 Y145.961
G0 X138.588 Y143.802
G0 X138.539 Y143.496
G1 F1500 E111.26206
G1 F2400 X138.079 Y143.568 E111.27136
G1 X137.61 Y143.543 E111.28073
G1 X137.127 Y143.406 E111.29075
G1 X136.721 Y143.193 E111.2999
G1 X136.365 Y142.889 E111.30924
G1 X136.067 Y142.494 E111.31911
G1 X135.864 Y142.051 E111.32884
G1 X135.771 Y141.623 E111.33758
G1 X135.772 Y141.113 E111.34776
G1 X135.878 Y140.65 E111.35723
G1 X136.089 Y140.214 E111.3669
G1 X136.36 Y139.861 E111.37578
G1 X136.718 Y139.554 E111.38519
G1 X137.134 Y139.333 E111.39459
G1 X137.624 Y139.196 E111.40475
G1 X138.097 Y139.174 E111.4142
G1 X138.571 Y139.258 E111.4238
G1 X139.009 Y139.438 E111.43325
G1 X139.394 Y139.706 E111.44261
G1 X139.72 Y140.056 E111.45216
G1 X139.948 Y140.432 E111.46093
G1 X140.111 Y140.917 E111.47115
G1 X140.16 Y141.372 E111.48028
G1 X140.11 Y141.835 E111.48957
G1 X139.948 Y142.312 E111.49962
G1 X139.694 Y142.722 E111.50925
G1 X139.361 Y143.066 E111.5188
G1 X138.971 Y143.326 E111.52816
G1 X138.539 Y143.496 E111.53742
G1 F1500 E105.03742
G0 F12000 X138.588 Y143.802
G0 X139.546 Y143.243
G0 X139.911 Y142.858
G0 X140.185 Y142.402
G0 X140.355 Y141.9
G0 X140.412 Y141.373
G0 X140.355 Y140.846
G0 X140.185 Y140.345
G0 X140.03 Y140.087
G0 X138.329 Y138.026
G0 X138.293 Y137.718
G1 F1500 E111.53742
G1 F2400 X137.842 Y137.773 E111.54649
G1 X137.422 Y137.608 E111.55549
G1 X137.218 Y137.413 E111.56113
G1 X137.03 Y137.055 E111.5692
G1 X137.028 Y136.635 E111.57758
G1 X137.114 Y136.37 E111.58314
G1 X137.416 Y136.033 E111.59217
G1 X137.85 Y135.872 E111.60141
G1 X138.295 Y135.926 E111.61035
G1 X138.535 Y136.071 E111.61595
G1 X138.801 Y136.374 E111.62399
G1 X138.913 Y136.812 E111.63301
G1 X138.867 Y137.086 E111.63856
G1 X138.681 Y137.446 E111.64665
G1 X138.293 Y137.718 E111.6561
G0 F12000 X138.329 Y138.026
G0 X139.911 Y139.889
G0 X140.185 Y140.345
G0 X140.355 Y140.846
G0 X140.412 Y141.373
G0 X140.355 Y141.9
G0 X140.185 Y142.402
G0 X138.694 Y144.297
G0 X139.505 Y146.913
G0 X139.698 Y147.085
;TYPE:SKIN
G1 F2400 X139.89 Y146.729 E111.66417
G1 X140.036 Y146.268 E111.67382
G1 X140.068 Y145.92 E111.6808
G1 X140.031 Y145.607 E111.68709
G1 X139.88 Y145.007 E111.69943
G1 X139.647 Y144.682 E111.70741
G1 X139.41 Y144.403 E111.71472
G1 X139.652 Y144.268 E111.72025
G1 X140.12 Y143.948 E111.73156
G1 X140.62 Y143.432 E111.7459
G1 X140.946 Y142.897 E111.7584
G1 X141.058 Y142.657 E111.76369
G1 X141.246 Y142.095 E111.77552
G1 X141.324 Y141.387 E111.78973
G1 X141.252 Y140.675 E111.80401
G1 X141.062 Y140.099 E111.81612
G1 X140.947 Y139.841 E111.82175
G1 X140.643 Y139.343 E111.8334
G1 X140.137 Y138.806 E111.84812
G1 X139.563 Y138.417 E111.86196
G1 X139.403 Y138.345 E111.86546
G1 X139.532 Y138.229 E111.86892
G1 X139.717 Y137.962 E111.8754
G1 X139.987 Y137.431 E111.88729
G1 X140.054 Y137.003 E111.89594
G1 X140.06 Y136.637 E111.90324
G1 X139.922 Y136.095 E111.9144
G1 X139.666 Y135.607 E111.9254
G1 X139.402 Y135.302 E111.93345
G1 X139.059 Y135.02 E111.94231
G1 X138.724 Y134.806 E111.95024
G1 X138.945 Y134.732 E111.9549
G1 X143.6 Y134.732 E112.04779
G1 X143.6 Y148.012 E112.31281
G1 X139.102 Y148.012 E112.40257
G1 X138.791 Y147.918 E112.40905
G1 X138.998 Y147.743 E112.41446
G1 X139.322 Y147.509 E112.42244
G1 X139.698 Y147.085 E112.43375
G0 F12000 X139.589 Y147.509
G1 F2400 X139.893 Y147.812 E112.44231
G0 F12000 X140.458 Y147.812
G1 F2400 X139.855 Y147.209 E112.45933
G0 F12000 X140.055 Y146.843
G1 F2400 X141.024 Y147.812 E112.48668
G0 F12000 X141.59 Y147.812
G1 F2400 X140.2 Y146.423 E112.52589
G0 F12000 X140.267 Y145.924
G1 F2400 X142.155 Y147.812 E112.57918
G0 F12000 X142.721 Y147.812
G1 F2400 X140.142 Y145.233 E112.65196
G0 F12000 X139.849 Y144.374
G1 F2400 X143.287 Y147.812 E112.74899
G0 F12000 X143.4 Y147.36
G1 F2400 X140.188 Y144.148 E112.83964
G0 F12000 X140.475 Y143.869
G1 F2400 X143.4 Y146.794 E112.92219
G0 F12000 X143.4 Y146.228
G1 F2400 X140.752 Y143.581 E112.99691
G0 F12000 X140.974 Y143.237
G1 F2400 X143.4 Y145.663 E113.06537
G0 F12000 X143.4 Y145.097
G1 F2400 X141.176 Y142.873 E113.12814
G0 F12000 X141.332 Y142.463
G1 F2400 X143.4 Y144.531 E113.1865
G0 F12000 X143.4 Y143.966
G1 F2400 X141.455 Y142.021 E113.2414
G0 F12000 X141.515 Y141.515
G1 F2400 X143.4 Y143.4 E113.29459
G0 F12000 X143.4 Y142.834
G1 F2400 X141.476 Y140.91 E113.34889
G0 F12000 X141.294 Y140.163
G1 F2400 X143.4 Y142.268 E113.40832
G0 F12000 X143.4 Y141.703
G1 F2400 X139.835 Y138.138 E113.50893
G0 F12000 X140.04 Y137.777
G1 F2400 X143.4 Y141.137 E113.60375
G0 F12000 X143.4 Y140.571
G1 F2400 X140.198 Y137.37 E113.69411
G0 F12000 X140.254 Y136.86
G1 F2400 X143.4 Y140.006 E113.78289
G0 F12000 X143.4 Y139.44
G1 F2400 X140.159 Y136.199 E113.87436
G0 F12000 X139.715 Y136.311
G0 X138.776 Y135.096
G0 X138.356 Y134.745
G0 X138.809 Y134.573
G0 X140.024 Y134.472
G0 X140.024 Y134.933
G1 F2400 X143.4 Y138.309 E113.96964
G0 F12000 X143.4 Y138.874
G1 F2400 X139.458 Y134.933 E114.08088
G0 F12000 X139.458 Y134.472
G0 X140.59 Y134.472
G0 X140.59 Y134.933
G1 F2400 X143.4 Y137.743 E114.16018
G0 F12000 X143.4 Y137.177
G1 F2400 X141.155 Y134.933 E114.22353
G0 F12000 X141.72 Y134.932
G1 F2400 X143.4 Y136.612 E114.27094
G0 F12000 X143.4 Y136.046
G1 F2400 X142.286 Y134.932 E114.30238
G0 F12000 X142.852 Y134.932
G1 F2400 X143.4 Y135.48 E114.31785
G0 F12000 X143.86 Y135.48
G0 X143.788 Y134.544
G0 X138.915 Y134.533
G0 X138.356 Y134.745
G0 X138.776 Y135.096
G0 X139.864 Y136.65
G0 X139.065 Y138.401
G0 X140.94 Y140.326
G0 X140.748 Y141.986
G0 X140.551 Y142.571
G0 X140.232 Y143.101
G0 X139.806 Y143.55
G0 X138.484 Y144.4
G0 X137.765 Y144.312
G0 X137.037 Y144.587
G0 X136.556 Y145.129
G0 X136.382 Y145.589
G0 X136.383 Y146.24
G0 X136.725 Y147.318
G0 X136.549 Y147.513
G1 F2400 X137.049 Y147.812 E114.32947
G1 X137.472 Y147.97 E114.33848
G1 X137.341 Y148.012 E114.34123
G1 X132.32 Y148.012 E114.44143
G1 X132.32 Y134.732 E114.70644
G1 X136.994 Y134.732 E114.79972
G1 X137.315 Y134.778 E114.80619
G1 X137.025 Y134.942 E114.81284
G1 X136.547 Y135.266 E114.82436
G1 X136.277 Y135.563 E114.83237
G1 X135.971 Y136.063 E114.84407
G1 X135.868 Y136.583 E114.85465
G1 X135.871 Y137.179 E114.86654
G1 X135.964 Y137.497 E114.87316
G1 X136.243 Y138.062 E114.88573
G1 X136.508 Y138.348 E114.89351
G1 X136.088 Y138.564 E114.90294
G1 X135.497 Y139.077 E114.91855
G1 X135.093 Y139.601 E114.93176
G1 X134.83 Y140.151 E114.94392
G1 X134.728 Y140.452 E114.95027
G1 X134.636 Y140.864 E114.95869
G1 X134.608 Y141.136 E114.96415
G1 X134.61 Y141.739 E114.97618
G1 X134.728 Y142.298 E114.98758
G1 X134.818 Y142.569 E114.99328
G1 X135.01 Y142.981 E115.00235
G1 X135.158 Y143.219 E115.00795
G1 X135.542 Y143.71 E115.02038
G1 X136.079 Y144.162 E115.03439
G1 X136.516 Y144.398 E115.0443
G1 X136.214 Y144.735 E115.05333
G1 X136.07 Y144.956 E115.0586
G1 X135.909 Y145.41 E115.06821
G1 X135.869 Y145.718 E115.07441
G1 X135.868 Y146.154 E115.08311
G1 X136.006 Y146.696 E115.09427
G1 X136.191 Y147.051 E115.10226
G1 X136.549 Y147.513 E115.11392
G0 F12000 X136.725 Y147.318
G0 X137.907 Y148.023
G0 X137.476 Y148.175
G0 X133.104 Y148.272
G0 X133.104 Y147.812
G1 F2400 X132.52 Y147.227 E115.13042
G0 F12000 X132.52 Y146.662
G1 F2400 X133.67 Y147.812 E115.16287
G0 F12000 X134.236 Y147.812
G1 F2400 X132.52 Y146.096 E115.2113
G0 F12000 X132.52 Y145.53
G1 F2400 X134.801 Y147.812 E115.27569
G0 F12000 X135.367 Y147.812
G1 F2400 X132.52 Y144.965 E115.35604
G0 F12000 X132.52 Y144.399
G1 F2400 X135.933 Y147.812 E115.45236
G0 F12000 X136.498 Y147.812
G1 F2400 X132.52 Y143.833 E115.56464
G0 F12000 X132.52 Y143.268
G1 F2400 X135.748 Y146.496 E115.65575
G0 F12000 X135.67 Y145.853
G1 F2400 X132.52 Y142.702 E115.74466
G0 F12000 X132.52 Y142.136
G1 F2400 X135.721 Y145.338 E115.83501
G0 F12000 X135.868 Y144.919
G1 F2400 X132.52 Y141.571 E115.9295
G0 F12000 X132.52 Y141.005
G1 F2400 X136.09 Y144.575 E116.03025
G0 F12000 X136.432 Y144.882
G0 X136.814 Y144.345
G0 X135.025 Y142.362
G0 X134.59 Y142.51
G1 F2400 X132.52 Y140.439 E116.08869
G0 F12000 X132.52 Y139.873
G1 F2400 X134.413 Y141.767 E116.14213
G0 F12000 X134.41 Y141.198
G1 F2400 X132.52 Y139.308 E116.19547
G0 F12000 X132.52 Y138.742
G1 F2400 X134.47 Y140.692 E116.2505
G0 F12000 X134.589 Y140.245
G1 F2400 X132.52 Y138.176 E116.30889
G0 F12000 X132.52 Y137.611
G1 F2400 X134.753 Y139.845 E116.37193
G0 F12000 X134.944 Y139.469
G1 F2400 X132.52 Y137.045 E116.44034
G0 F12000 X132.52 Y136.479
G1 F2400 X135.19 Y139.149 E116.51569
G0 F12000 X135.453 Y138.847
G1 F2400 X132.52 Y135.914 E116.59846
G0 F12000 X132.52 Y135.348
G1 F2400 X135.757 Y138.586 E116.68983
G0 F12000 X136.08 Y138.343
G1 F2400 X132.67 Y134.933 E116.78607
G0 F12000 X133.236 Y134.933
G1 F2400 X135.738 Y137.435 E116.85668
G0 F12000 X135.67 Y136.802
G1 F2400 X133.802 Y134.933 E116.90942
G0 F12000 X134.367 Y134.933
G1 F2400 X135.724 Y136.29 E116.94771
G0 F12000 X135.862 Y135.862
G1 F2400 X134.934 Y134.934 E116.9739
G0 F12000 X135.499 Y134.934
G1 F2400 X136.078 Y135.512 E116.99023
G0 F12000 X136.331 Y135.2
G1 F2400 X136.065 Y134.934 E116.99774
;MESH:NONMESH
G0 F300 X136.065 Y134.934 Z1.44
G0 F12000 X136.065 Y134.472
G0 X138.421 Y134.718
G0 X137.868 Y134.764
G0 X136.869 Y135.675
G0 X136.556 Y136.029
G0 X136.382 Y136.489
G0 X136.383 Y137.212
G0 X136.719 Y137.852
G0 X137.087 Y138.18
G0 X137.697 Y138.41
G0 X138.649 Y138.338
G0 X138.474 Y138.083
;TIME_ELAPSED:331.711184
;LAYER:11
;TYPE:WALL-INNER
;MESH:MotorMount_v2.stl
G1 F2114.5 X137.902 Y138.234 E117.01114
G1 F2181.8 X137.233 Y137.967 E117.02695
G1 F2285.7 X136.934 Y137.717 E117.03512
G1 F2341.5 X136.628 Y137.154 E117.04822
G1 F2382.1 X136.628 Y136.617 E117.05902
G1 F2400 X136.755 Y136.172 E117.06826
G1 X137.085 Y135.803 E117.07813
G1 X137.318 Y135.643 E117.08378
G1 X137.782 Y135.466 E117.09369
G1 X138.301 Y135.524 E117.10411
G1 X138.513 Y135.591 E117.10854
G1 X138.835 Y135.807 E117.11628
G1 X139.071 Y136.075 E117.12341
G1 X139.202 Y136.325 E117.12904
G1 X139.305 Y136.759 E117.13794
G1 X139.27 Y137.177 E117.14631
G1 F2318.8 X138.99 Y137.72 E117.15893
G1 F2181.8 X138.474 Y138.083 E117.17278
G0 F12000 X138.649 Y138.338
G0 X139.806 Y139.198
G0 X140.232 Y139.646
G0 X140.55 Y140.176
G0 X140.748 Y140.759
G0 X140.815 Y141.373
G0 X140.748 Y141.986
G0 X140.551 Y142.571
G0 X140.232 Y143.101
G0 X138.711 Y144.523
G0 X139.398 Y145.169
G0 X139.571 Y145.871
G0 X139.512 Y146.359
G0 X139.209 Y146.936
G0 X138.74 Y147.375
G0 X138.565 Y147.119
G1 F2400 X138.328 Y147.215 E117.17788
G1 X137.782 Y147.278 E117.18885
G1 X137.318 Y147.101 E117.19876
G1 X136.925 Y146.816 E117.20845
G1 X136.696 Y146.379 E117.2183
G1 X136.628 Y146.127 E117.2235
G1 X136.628 Y145.635 E117.23332
G1 X136.799 Y145.229 E117.24211
G1 X137.16 Y144.819 E117.25302
G1 X137.502 Y144.673 E117.26044
G1 F2096.1 X137.789 Y144.523 E117.26784
G1 F1853.3 X138.085 Y144.54 E117.2755
G1 F1983.5 X138.305 Y144.599 E117.281
G1 F2253.5 X138.669 Y144.775 E117.28959
G1 F2400 X138.835 Y144.907 E117.29382
G1 X139.164 Y145.28 E117.30375
G1 X139.314 Y145.865 E117.3158
G1 X139.27 Y146.28 E117.32413
G1 X139.053 Y146.697 E117.33351
G1 X138.861 Y146.915 E117.33931
G1 X138.565 Y147.119 E117.34648
G0 F12000 X138.413 Y147.7
G1 F1690.1 X137.868 Y147.744 E117.36198
G1 F2016.8 X137.176 Y147.475 E117.37961
G1 F2400 X136.791 Y147.242 E117.38859
G1 X136.51 Y146.886 E117.39764
G1 X136.342 Y146.565 E117.40487
G1 X136.228 Y146.144 E117.41357
G1 X136.228 Y145.744 E117.42156
G1 X136.263 Y145.479 E117.42689
G1 X136.354 Y145.223 E117.43231
G1 X136.471 Y145 E117.43734
G1 X136.829 Y144.592 E117.44817
G1 X136.99 Y144.463 E117.45229
G1 X137.349 Y144.304 E117.46012
G1 X136.838 Y144.158 E117.47073
G1 X136.295 Y143.875 E117.48295
G1 X135.777 Y143.439 E117.49646
G1 X135.39 Y142.933 E117.50917
G1 X135.107 Y142.332 E117.52243
G1 X134.968 Y141.692 E117.5355
G1 X134.968 Y141.047 E117.54837
G1 X135.108 Y140.407 E117.56144
G1 X135.392 Y139.807 E117.57469
G1 X135.794 Y139.289 E117.58778
G1 X136.286 Y138.874 E117.60062
G1 X136.848 Y138.58 E117.61328
G1 X137.344 Y138.439 E117.62357
G1 X136.983 Y138.277 E117.63146
G1 X136.734 Y138.07 E117.63793
G1 X136.556 Y137.873 E117.64322
G1 X136.303 Y137.383 E117.65423
G1 X136.228 Y137.125 E117.65959
G1 X136.228 Y136.6 E117.67007
G1 X136.31 Y136.195 E117.67831
G1 X136.547 Y135.804 E117.68744
G1 X136.787 Y135.536 E117.69462
G1 X137.176 Y135.269 E117.70403
G1 F2248.2 X137.502 Y135.116 E117.71171
G1 F1875 X137.718 Y134.988 E117.71812
G1 F1672.5 X138.36 Y135.038 E117.73656
G1 F1959.2 X138.859 Y135.323 E117.75061
G1 F2400 X139.135 Y135.543 E117.75765
G1 X139.371 Y135.811 E117.76478
G1 X139.59 Y136.227 E117.77416
G1 X139.718 Y136.73 E117.78452
G1 X139.659 Y137.283 E117.79562
G1 X139.359 Y137.882 E117.80898
G1 X139.169 Y138.08 E117.81446
G1 X138.696 Y138.415 E117.82603
G1 X138.588 Y138.445 E117.82826
G1 X138.813 Y138.495 E117.83286
G1 X139.375 Y138.725 E117.84498
G1 X139.893 Y139.079 E117.8575
G1 X140.346 Y139.545 E117.87047
G1 X140.687 Y140.108 E117.88361
G1 X140.896 Y140.726 E117.89663
G1 X140.96 Y141.372 E117.90958
G1 X140.893 Y142.026 E117.9227
G1 X140.688 Y142.635 E117.93552
G1 X140.346 Y143.198 E117.94867
G1 X139.881 Y143.68 E117.96204
G1 X139.369 Y144.029 E117.9744
G1 X138.768 Y144.267 E117.9873
G1 X138.592 Y144.298 E117.99087
G1 X138.858 Y144.423 E117.99673
G1 X139.136 Y144.642 E118.00379
G1 X139.457 Y145.01 E118.01354
G1 X139.567 Y145.235 E118.01854
G1 X139.717 Y145.829 E118.03076
G1 X139.676 Y146.234 E118.03889
G1 X139.572 Y146.565 E118.04581
G1 X139.408 Y146.881 E118.05292
G1 X139.088 Y147.244 E118.06257
G1 F1951.2 X138.413 Y147.7 E118.08257
G0 F12000 X139.175 Y147
G0 X139.512 Y146.359
G0 X139.571 Y145.871
G0 X139.415 Y145.239
G0 X138.673 Y144.193
G0 X138.625 Y143.887
G1 F2253.5 X138.293 Y143.966 E118.08982
G1 F1983.5 X138.103 Y144.027 E118.09464
G1 F1904.8 X137.665 Y144.003 E118.10567
G1 F2157.3 X137.469 Y143.922 E118.11038
G1 F2400 X136.992 Y143.788 E118.12027
G1 X136.493 Y143.521 E118.13156
G1 X136.081 Y143.171 E118.14235
G1 X135.734 Y142.725 E118.15362
G1 X135.486 Y142.199 E118.16523
G1 X135.368 Y141.65 E118.17644
G1 X135.368 Y141.086 E118.18769
G1 X135.488 Y140.54 E118.19885
G1 X135.734 Y140.02 E118.21033
G1 X136.064 Y139.591 E118.22113
G1 X136.483 Y139.23 E118.23217
G1 X136.97 Y138.967 E118.24321
G1 X137.471 Y138.818 E118.25364
G1 F2248.2 X138.002 Y138.711 E118.26518
G1 F2201.8 X138.285 Y138.791 E118.27158
G1 F2341.5 X138.686 Y138.874 E118.27995
G1 F2400 X139.183 Y139.077 E118.29067
G1 X139.635 Y139.385 E118.30158
G1 X140.027 Y139.791 E118.31285
G1 X140.323 Y140.278 E118.32422
G1 X140.503 Y140.813 E118.33548
G1 X140.56 Y141.372 E118.3467
G1 X140.504 Y141.904 E118.35737
G1 X140.326 Y142.461 E118.36904
G1 X140.029 Y142.951 E118.38047
G1 X139.641 Y143.359 E118.39171
G1 X139.174 Y143.677 E118.40299
G1 X138.625 Y143.887 E118.41472
G0 F12000 X138.673 Y144.193
G0 X139.398 Y145.169
G0 X139.571 Y145.871
G0 X139.512 Y146.359
G0 X138.881 Y147.582
G0 X138.424 Y147.996
G0 X139.079 Y148.372
G1 F2400 X143.96 Y148.372 E118.51212
G1 X143.96 Y134.372 E118.79151
G1 X138.921 Y134.372 E118.89207
G1 F1959.2 X138.395 Y134.461 E118.90511
G1 F1696.1 X137.868 Y134.448 E118.91999
G1 F1723.5 X137.633 Y134.453 E118.92652
G1 F1889.8 X137.37 Y134.399 E118.93333
G1 F2248.2 X137.011 Y134.372 E118.941
G1 F2400 X131.96 Y134.372 E119.0418
G1 X131.96 Y148.372 E119.32118
G1 X137.37 Y148.372 E119.42914
G1 F2016.8 X137.868 Y148.296 E119.44111
G1 F1690.1 X138.463 Y148.28 E119.45797
G1 F1951.2 X139.079 Y148.372 E119.47326
G0 F12000 X144.08 Y148.493
G0 X144.36 Y148.772
G1 F2400 X144.36 Y133.972 E119.76861
G1 X131.56 Y133.972 E120.02405
G1 X131.56 Y148.772 E120.3194
G1 X144.36 Y148.772 E120.57484
G0 F12000 X144.76 Y149.172
;TYPE:WALL-OUTER
G1 F2400 X144.76 Y133.572 E120.88615
G1 X131.16 Y133.572 E121.15756
G1 X131.16 Y149.172 E121.46887
G1 X144.76 Y149.172 E121.74027
G1 F1500 E115.24027
G0 F12000 X144.48 Y148.893
G0 X139.074 Y148.211
G0 X138.072 Y148.07
G0 X138.474 Y147.073
G0 X138.298 Y146.816
G1 F1500 E121.74027
G1 F2400 X137.839 Y146.871 E121.7495
G1 X137.422 Y146.713 E121.7584
G1 X137.218 Y146.514 E121.76409
G1 X137.028 Y146.151 E121.77226
G1 X137.028 Y145.706 E121.78114
G1 X137.127 Y145.457 E121.78649
G1 X137.423 Y145.135 E121.79522
G1 X137.841 Y144.971 E121.80418
G1 X138.29 Y145.025 E121.8132
G1 X138.535 Y145.171 E121.81889
G1 X138.8 Y145.472 E121.8269
G1 X138.913 Y145.913 E121.83598
G1 X138.862 Y146.197 E121.84174
G1 X138.675 Y146.557 E121.84984
G1 X138.298 Y146.816 E121.85896
G1 F1500 E115.35896
G0 F12000 X138.474 Y147.073
G0 X138.866 Y146.727
G0 X139.124 Y146.238
G0 X139.157 Y145.961
G0 X138.588 Y143.802
G0 X138.539 Y143.496
G1 F1500 E121.85896
G1 F2400 X138.079 Y143.568 E121.86826
G1 X137.61 Y143.543 E121.87763
G1 X137.127 Y143.406 E121.88765
G1 X136.721 Y143.193 E121.8968
G1 X136.365 Y142.889 E121.90614
G1 X136.067 Y142.494 E121.91601
G1 X135.864 Y142.051 E121.92574
G1 X135.771 Y141.623 E121.93448
G1 X135.772 Y141.113 E121.94466
G1 X135.878 Y140.65 E121.95413
G1 X136.089 Y140.214 E121.9638
G1 X136.36 Y139.861 E121.97268
G1 X136.718 Y139.554 E121.98209
G1 X137.134 Y139.333 E121.99149
G1 X137.624 Y139.196 E122.00165
G1 X138.097 Y139.174 E122.0111
G1 X138.571 Y139.258 E122.0207
G1 X139.009 Y139.438 E122.03015
G1 X139.394 Y139.706 E122.03951
G1 X139.72 Y140.056 E122.04906
G1 X139.948 Y140.432 E122.05784
G1 X140.111 Y140.917 E122.06805
G1 X140.16 Y141.372 E122.07718
G1 X140.11 Y141.835 E122.08647
G1 X139.948 Y142.312 E122.09652
G1 X139.694 Y142.722 E122.10615
G1 X139.361 Y143.066 E122.1157
G1 X138.971 Y143.326 E122.12506
G1 X138.539 Y143.496 E122.13432
G1 F1500 E115.63432
G0 F12000 X138.588 Y143.802
G0 X139.546 Y143.243
G0 X139.911 Y142.858
G0 X140.185 Y142.402
G0 X140.355 Y141.9
G0 X140.412 Y141.373
G0 X140.355 Y140.846
G0 X140.185 Y140.345
G0 X140.03 Y140.087
G0 X138.329 Y138.026
G0 X138.293 Y137.718
G1 F1500 E122.13432
G1 F2400 X137.842 Y137.773 E122.14339
G1 X137.422 Y137.608 E122.15239
G1 X137.218 Y137.413 E122.15803
G1 X137.03 Y137.055 E122.1661
G1 X137.028 Y136.635 E122.17448
G1 X137.114 Y136.37 E122.18004
G1 X137.416 Y136.033 E122.18907
G1 X137.85 Y135.872 E122.19831
G1 X138.295 Y135.926 E122.20725
G1 X138.535 Y136.071 E122.21285
G1 X138.801 Y136.374 E122.22089
G1 X138.913 Y136.812 E122.22991
G1 X138.867 Y137.086 E122.23546
G1 X138.681 Y137.446 E122.24355
G1 X138.293 Y137.718 E122.253
G0 F12000 X138.329 Y138.026
G0 X139.911 Y139.889
G0 X140.185 Y140.345
G0 X140.355 Y140.846
G0 X140.412 Y141.373
G0 X140.355 Y141.9
G0 X140.185 Y142.402
G0 X138.694 Y144.297
G0 X139.505 Y146.913
G0 X139.698 Y147.085
;TYPE:SKIN
G1 F2400 X139.89 Y146.729 E122.26107
G1 X140.036 Y146.268 E122.27072
G1 X140.068 Y145.92 E122.2777
G1 X140.031 Y145.607 E122.28399
G1 X139.88 Y145.007 E122.29633
G1 X139.647 Y144.682 E122.30431
G1 X139.41 Y144.403 E122.31162
G1 X139.652 Y144.268 E122.31715
G1 X140.12 Y143.948 E122.32846
G1 X140.62 Y143.432 E122.3428
G1 X140.946 Y142.897 E122.35531
G1 X141.058 Y142.657 E122.36059
G1 X141.246 Y142.095 E122.37242
G1 X141.324 Y141.387 E122.38663
G1 X141.252 Y140.675 E122.40091
G1 X141.062 Y140.099 E122.41302
G1 X140.947 Y139.841 E122.41865
G1 X140.643 Y139.343 E122.4303
G1 X140.137 Y138.806 E122.44502
G1 X139.563 Y138.417 E122.45886
G1 X139.403 Y138.345 E122.46236
G1 X139.532 Y138.229 E122.46582
G1 X139.717 Y137.962 E122.4723
G1 X139.987 Y137.431 E122.48419
G1 X140.054 Y137.003 E122.49284
G1 X140.06 Y136.637 E122.50014
G1 X139.922 Y136.095 E122.5113
G1 X139.666 Y135.607 E122.5223
G1 X139.402 Y135.302 E122.53035
G1 X139.059 Y135.02 E122.53921
G1 X138.724 Y134.806 E122.54715
G1 X138.945 Y134.732 E122.5518
G1 X143.6 Y134.732 E122.64469
G1 X143.6 Y148.012 E122.90971
G1 X139.102 Y148.012 E122.99947
G1 X138.791 Y147.918 E123.00595
G1 X138.998 Y147.743 E123.01136
G1 X139.322 Y147.509 E123.01934
G1 X139.698 Y147.085 E123.03065
G0 F12000 X139.505 Y146.914
G0 X138.424 Y147.996
G0 X138.95 Y148.171
G0 X142.95 Y148.272
G0 X142.95 Y147.812
G1 F2400 X143.4 Y147.362 E123.04335
G0 F12000 X143.4 Y146.797
G1 F2400 X142.384 Y147.812 E123.07201
G0 F12000 X141.819 Y147.812
G1 F2400 X143.4 Y146.231 E123.11663
G0 F12000 X143.4 Y145.665
G1 F2400 X141.253 Y147.812 E123.17722
G0 F12000 X140.687 Y147.812
G1 F2400 X143.4 Y145.1 E123.25377
G0 F12000 X143.4 Y144.534
G1 F2400 X140.122 Y147.812 E123.34629
G0 F12000 X139.556 Y147.812
G1 F2400 X143.4 Y143.968 E123.45477
G0 F12000 X143.4 Y143.403
G1 F2400 X140.111 Y146.691 E123.54758
G0 F12000 X140.263 Y145.974
G1 F2400 X143.4 Y142.837 E123.63611
G0 F12000 X143.4 Y142.271
G1 F2400 X140.202 Y145.47 E123.72638
G0 F12000 X140.089 Y145.016
G1 F2400 X143.4 Y141.706 E123.81981
G0 F12000 X143.4 Y141.14
G1 F2400 X139.879 Y144.661 E123.91918
G0 F12000 X139.504 Y144.928
G0 X139.05 Y144.35
G0 X140.823 Y142.552
G0 X141.242 Y142.732
G1 F2400 X143.4 Y140.574 E123.98008
G0 F12000 X143.4 Y140.009
G1 F2400 X141.465 Y141.943 E124.03468
G0 F12000 X141.518 Y141.324
G1 F2400 X143.4 Y139.443 E124.08778
G0 F12000 X143.4 Y138.877
G1 F2400 X141.467 Y140.81 E124.14233
G0 F12000 X141.359 Y140.352
G1 F2400 X143.4 Y138.312 E124.19992
G0 F12000 X143.4 Y137.746
G1 F2400 X141.209 Y139.937 E124.26176
G0 F12000 X141.013 Y139.567
G1 F2400 X143.4 Y137.18 E124.32912
G0 F12000 X143.4 Y136.614
G1 F2400 X140.799 Y139.215 E124.40253
G0 F12000 X140.525 Y138.923
G1 F2400 X143.4 Y136.049 E124.48365
G0 F12000 X143.4 Y135.483
G1 F2400 X140.249 Y138.634 E124.57258
G0 F12000 X139.909 Y138.408
G1 F2400 X143.386 Y134.932 E124.67069
G0 F12000 X142.82 Y134.932
G1 F2400 X140.11 Y137.642 E124.74718
G0 F12000 X140.254 Y136.932
G1 F2400 X142.254 Y134.932 E124.80362
G0 F12000 X141.689 Y134.932
G1 F2400 X140.212 Y136.408 E124.84529
G0 F12000 X140.084 Y135.971
G1 F2400 X141.122 Y134.932 E124.8746
G0 F12000 X140.557 Y134.932
G1 F2400 X139.888 Y135.6 E124.89347
G0 F12000 X139.648 Y135.275
G1 F2400 X139.991 Y134.932 E124.90315
G0 F12000 X139.425 Y134.932
G1 F2400 X139.353 Y135.004 E124.90518
G0 F12000 X139.067 Y135.364
G0 X139.398 Y136.069
G0 X139.571 Y136.771
G0 X139.512 Y137.259
G0 X139.175 Y137.9
G0 X138.438 Y138.575
G0 X138.114 Y138.523
G0 X137.498 Y138.557
G0 X136.904 Y138.721
G0 X136.357 Y139.011
G0 X135.888 Y139.411
G0 X135.514 Y139.901
G0 X135.255 Y140.463
G0 X135.122 Y141.065
G0 X135.122 Y141.682
G0 X135.255 Y142.284
G0 X135.514 Y142.846
G0 X135.888 Y143.336
G0 X137.037 Y144.587
G0 X136.556 Y145.129
G0 X136.382 Y145.589
G0 X136.383 Y146.24
G0 X136.725 Y147.318
G0 X136.549 Y147.513
G1 F2400 X137.049 Y147.812 E124.9168
G1 X137.472 Y147.97 E124.92582
G1 X137.341 Y148.012 E124.92856
G1 X132.32 Y148.012 E125.02876
G1 X132.32 Y134.732 E125.29378
G1 X136.994 Y134.732 E125.38705
G1 X137.315 Y134.778 E125.39352
G1 X137.025 Y134.942 E125.40017
G1 X136.547 Y135.266 E125.4117
G1 X136.277 Y135.563 E125.41971
G1 X135.971 Y136.063 E125.4314
G1 X135.868 Y136.583 E125.44198
G1 X135.871 Y137.179 E125.45388
G1 X135.964 Y137.497 E125.46049
G1 X136.243 Y138.062 E125.47306
G1 X136.508 Y138.348 E125.48084
G1 X136.088 Y138.564 E125.49027
G1 X135.497 Y139.077 E125.50589
G1 X135.093 Y139.601 E125.51909
G1 X134.83 Y140.151 E125.53126
G1 X134.728 Y140.452 E125.5376
G1 X134.636 Y140.864 E125.54602
G1 X134.608 Y141.136 E125.55148
G1 X134.61 Y141.739 E125.56351
G1 X134.728 Y142.298 E125.57492
G1 X134.818 Y142.569 E125.58061
G1 X135.01 Y142.981 E125.58969
G1 X135.158 Y143.219 E125.59528
G1 X135.542 Y143.71 E125.60772
G1 X136.079 Y144.162 E125.62172
G1 X136.516 Y144.398 E125.63164
G1 X136.214 Y144.735 E125.64067
G1 X136.07 Y144.956 E125.64593
G1 X135.909 Y145.41 E125.65554
G1 X135.869 Y145.718 E125.66174
G1 X135.868 Y146.154 E125.67044
G1 X136.006 Y146.696 E125.6816
G1 X136.191 Y147.051 E125.68959
G1 X136.549 Y147.513 E125.70126
G0 F12000 X136.368 Y147.606
G1 F2400 X136.162 Y147.812 E125.70707
G0 F12000 X136.119 Y147.289
G1 F2400 X135.596 Y147.812 E125.72183
G0 F12000 X135.031 Y147.812
G1 F2400 X135.905 Y146.938 E125.7465
G0 F12000 X135.754 Y146.523
G1 F2400 X134.465 Y147.812 E125.78287
G0 F12000 X133.899 Y147.812
G1 F2400 X135.669 Y146.042 E125.83283
G0 F12000 X135.707 Y145.439
G1 F2400 X133.333 Y147.812 E125.89981
G0 F12000 X132.768 Y147.812
G1 F2400 X136.12 Y144.46 E125.99441
G0 F12000 X135.814 Y144.2
G1 F2400 X132.52 Y147.494 E126.08738
G0 F12000 X132.52 Y146.928
G1 F2400 X135.507 Y143.941 E126.17168
G0 F12000 X135.238 Y143.645
G1 F2400 X132.52 Y146.363 E126.24838
G0 F12000 X132.52 Y145.797
G1 F2400 X134.991 Y143.326 E126.31812
G0 F12000 X134.783 Y142.969
G1 F2400 X132.52 Y145.231 E126.38197
G0 F12000 X132.52 Y144.666
G1 F2400 X134.611 Y142.575 E126.44099
G0 F12000 X134.488 Y142.132
G1 F2400 X132.52 Y144.1 E126.49653
G0 F12000 X132.52 Y143.534
G1 F2400 X134.412 Y141.643 E126.54991
G0 F12000 X134.413 Y141.076
G1 F2400 X132.52 Y142.969 E126.60333
G0 F12000 X132.52 Y142.403
G1 F2400 X134.543 Y140.38 E126.66043
G0 F12000 X134.983 Y140.505
G0 X135.492 Y139.512
G0 X135.126 Y139.231
G1 F2400 X132.52 Y141.837 E126.73398
G0 F12000 X132.52 Y141.271
G1 F2400 X135.925 Y137.867 E126.83006
G0 F12000 X136.112 Y138.246
G1 F2400 X135.848 Y138.509 E126.83749
G0 F12000 X136.146 Y138.86
G0 X136.834 Y138.387
G0 X136.19 Y137.348
G0 X135.75 Y137.476
G1 F2400 X132.52 Y140.706 E126.92865
G0 F12000 X132.52 Y140.14
G1 F2400 X135.671 Y136.989 E127.01758
G0 F12000 X135.703 Y136.392
G1 F2400 X132.52 Y139.574 E127.1074
G0 F12000 X132.52 Y139.009
G1 F2400 X136.332 Y135.197 E127.21498
G1 X136.417 Y135.112
G1 X136.596 Y134.933 E127.22003
G0 F12000 X136.03 Y134.933
G1 F2400 X132.52 Y138.443 E127.31909
G0 F12000 X132.52 Y137.877
G1 F2400 X135.465 Y134.933 E127.40219
G0 F12000 X134.899 Y134.933
G1 F2400 X132.52 Y137.312 E127.46933
G0 F12000 X132.52 Y136.746
G1 F2400 X134.334 Y134.932 E127.52053
G0 F12000 X133.768 Y134.932
G1 F2400 X132.52 Y136.18 E127.55575
G0 F12000 X132.52 Y135.615
G1 F2400 X133.203 Y134.932 E127.57502
G0 F12000 X132.637 Y134.932
G1 F2400 X132.52 Y135.049 E127.57833
;MESH:NONMESH
G0 F300 X132.52 Y135.049 Z1.56
G0 F12000 X132.06 Y135.049
G0 X132.132 Y134.544
G0 X137.013 Y134.533
G0 X138.421 Y134.718
G0 X137.868 Y134.764
G0 X136.16 Y136.14
G0 X136.402 Y137.216
G0 X136.719 Y137.852
G0 X137.087 Y138.18
G0 X137.697 Y138.41
G0 X138.649 Y138.338
G0 X138.474 Y138.083
;TIME_ELAPSED:359.634142
;LAYER:12
;TYPE:WALL-INNER
;MESH:MotorMount_v2.stl
G1 F2114.5 X137.902 Y138.234 E127.59173
G1 F2181.8 X137.233 Y137.967 E127.60754
G1 F2285.7 X136.934 Y137.717 E127.6157
G1 F2341.5 X136.628 Y137.154 E127.62881
G1 F2382.1 X136.628 Y136.617 E127.63961
G1 F2400 X136.755 Y136.172 E127.64884
G1 X137.085 Y135.803 E127.65872
G1 X137.318 Y135.643 E127.66436
G1 X137.782 Y135.466 E127.67427
G1 X138.301 Y135.524 E127.6847
G1 X138.513 Y135.591 E127.68913
G1 X138.835 Y135.807 E127.69687
G1 X139.071 Y136.075 E127.704
G1 X139.202 Y136.325 E127.70963
G1 X139.305 Y136.759 E127.71853
G1 X139.27 Y137.177 E127.7269
G1 F2318.8 X138.99 Y137.72 E127.73952
G1 F2181.8 X138.474 Y138.083 E127.75337
G0 F12000 X138.649 Y138.338
G0 X139.806 Y139.198
G0 X140.232 Y139.646
G0 X140.55 Y140.176
G0 X140.748 Y140.759
G0 X140.815 Y141.373
G0 X140.748 Y141.986
G0 X140.551 Y142.571
G0 X140.232 Y143.101
G0 X138.711 Y144.523
G0 X139.398 Y145.169
G0 X139.571 Y145.871
G0 X139.512 Y146.359
G0 X139.209 Y146.936
G0 X138.74 Y147.375
G0 X138.565 Y147.119
G1 F2400 X138.328 Y147.215 E127.75847
G1 X137.782 Y147.278 E127.76944
G1 X137.318 Y147.101 E127.77935
G1 X136.925 Y146.816 E127.78904
G1 X136.696 Y146.379 E127.79888
G1 X136.628 Y146.127 E127.80409
G1 X136.628 Y145.635 E127.81391
G1 X136.799 Y145.229 E127.8227
G1 X137.16 Y144.819 E127.8336
G1 X137.502 Y144.673 E127.84103
G1 F2096.1 X137.789 Y144.523 E127.84842
G1 F1853.3 X138.085 Y144.54 E127.85609
G1 F1983.5 X138.305 Y144.599 E127.86159
G1 F2253.5 X138.669 Y144.775 E127.87018
G1 F2400 X138.835 Y144.907 E127.87441
G1 X139.164 Y145.28 E127.88434
G1 X139.314 Y145.865 E127.89639
G1 X139.27 Y146.28 E127.90472
G1 X139.053 Y146.697 E127.9141
G1 X138.861 Y146.915 E127.9199
G1 X138.565 Y147.119 E127.92707
G0 F12000 X138.413 Y147.7
G1 F1690.1 X137.868 Y147.744 E127.94256
G1 F2016.8 X137.176 Y147.475 E127.9602
G1 F2400 X136.791 Y147.242 E127.96918
G1 X136.51 Y146.886 E127.97823
G1 X136.342 Y146.565 E127.98546
G1 X136.228 Y146.144 E127.99416
G1 X136.228 Y145.744 E128.00214
G1 X136.263 Y145.479 E128.00748
G1 X136.354 Y145.223 E128.0129
G1 X136.471 Y145 E128.01793
G1 X136.829 Y144.592 E128.02876
G1 X136.99 Y144.463 E128.03287
G1 X137.349 Y144.304 E128.04071
G1 X136.838 Y144.158 E128.05132
G1 X136.295 Y143.875 E128.06354
G1 X135.777 Y143.439 E128.07705
G1 X135.39 Y142.933 E128.08976
G1 X135.107 Y142.332 E128.10302
G1 X134.968 Y141.692 E128.11609
G1 X134.968 Y141.047 E128.12896
G1 X135.108 Y140.407 E128.14203
G1 X135.392 Y139.807 E128.15528
G1 X135.794 Y139.289 E128.16836
G1 X136.286 Y138.874 E128.18121
G1 X136.848 Y138.58 E128.19387
G1 X137.344 Y138.439 E128.20416
G1 X136.983 Y138.277 E128.21205
G1 X136.734 Y138.07 E128.21851
G1 X136.556 Y137.873 E128.22381
G1 X136.303 Y137.383 E128.23482
G1 X136.228 Y137.125 E128.24018
G1 X136.228 Y136.6 E128.25066
G1 X136.31 Y136.195 E128.2589
G1 X136.547 Y135.804 E128.26803
G1 X136.787 Y135.536 E128.27521
G1 X137.176 Y135.269 E128.28462
G1 F2248.2 X137.502 Y135.116 E128.29229
G1 F1875 X137.718 Y134.988 E128.29871
G1 F1672.5 X138.36 Y135.038 E128.31715
G1 F1959.2 X138.859 Y135.323 E128.3312
G1 F2400 X139.135 Y135.543 E128.33824
G1 X139.371 Y135.811 E128.34537
G1 X139.59 Y136.227 E128.35475
G1 X139.718 Y136.73 E128.36511
G1 X139.659 Y137.283 E128.3762
G1 X139.359 Y137.882 E128.38957
G1 X139.169 Y138.08 E128.39505
G1 X138.696 Y138.415 E128.40662
G1 X138.588 Y138.445 E128.40885
G1 X138.813 Y138.495 E128.41345
G1 X139.375 Y138.725 E128.42557
G1 X139.893 Y139.079 E128.43809
G1 X140.346 Y139.545 E128.45106
G1 X140.687 Y140.108 E128.4642
G1 X140.896 Y140.726 E128.47721
G1 X140.96 Y141.372 E128.49017
G1 X140.893 Y142.026 E128.50329
G1 X140.688 Y142.635 E128.51611
G1 X140.346 Y143.198 E128.52926
G1 X139.881 Y143.68 E128.54262
G1 X139.369 Y144.029 E128.55499
G1 X138.768 Y144.267 E128.56789
G1 X138.592 Y144.298 E128.57146
G1 X138.858 Y144.423 E128.57732
G1 X139.136 Y144.642 E128.58438
G1 X139.457 Y145.01 E128.59413
G1 X139.567 Y145.235 E128.59913
G1 X139.717 Y145.829 E128.61135
G1 X139.676 Y146.234 E128.61948
G1 X139.572 Y146.565 E128.6264
G1 X139.408 Y146.881 E128.6335
G1 X139.088 Y147.244 E128.64316
G1 F1951.2 X138.413 Y147.7 E128.66316
G0 F12000 X139.175 Y147
G0 X139.512 Y146.359
G0 X139.571 Y145.871
G0 X139.415 Y145.239
G0 X138.673 Y144.193
G0 X138.625 Y143.887
G1 F2253.5 X138.293 Y143.966 E128.67041
G1 F1983.5 X138.103 Y144.027 E128.67523
G1 F1904.8 X137.665 Y144.003 E128.68626
G1 F2157.3 X137.469 Y143.922 E128.69097
G1 F2400 X136.992 Y143.788 E128.70085
G1 X136.493 Y143.521 E128.71215
G1 X136.081 Y143.171 E128.72294
G1 X135.734 Y142.725 E128.73421
G1 X135.486 Y142.199 E128.74582
G1 X135.368 Y141.65 E128.75702
G1 X135.368 Y141.086 E128.76828
G1 X135.488 Y140.54 E128.77944
G1 X135.734 Y140.02 E128.79091
G1 X136.064 Y139.591 E128.80172
G1 X136.483 Y139.23 E128.81275
G1 X136.97 Y138.967 E128.8238
G1 X137.471 Y138.818 E128.83423
G1 F2248.2 X138.002 Y138.711 E128.84577
G1 F2201.8 X138.285 Y138.791 E128.85217
G1 F2341.5 X138.686 Y138.874 E128.86054
G1 F2400 X139.183 Y139.077 E128.87126
G1 X139.635 Y139.385 E128.88217
G1 X140.027 Y139.791 E128.89343
G1 X140.323 Y140.278 E128.90481
G1 X140.503 Y140.813 E128.91607
G1 X140.56 Y141.372 E128.92728
G1 X140.504 Y141.904 E128.93796
G1 X140.326 Y142.461 E128.94963
G1 X140.029 Y142.951 E128.96106
G1 X139.641 Y143.359 E128.9723
G1 X139.174 Y143.677 E128.98357
G1 X138.625 Y143.887 E128.9953
G0 F12000 X138.673 Y144.193
G0 X139.398 Y145.169
G0 X139.571 Y145.871
G0 X139.512 Y146.359
G0 X138.881 Y147.582
G0 X138.424 Y147.996
G0 X139.079 Y148.372
G1 F2400 X143.96 Y148.372 E129.09271
G1 X143.96 Y134.372 E129.37209
G1 X138.921 Y134.372 E129.47265
G1 F1959.2 X138.395 Y134.461 E129.48569
G1 F1696.1 X137.868 Y134.448 E129.50058
G1 F1723.5 X137.633 Y134.453 E129.50711
G1 F1889.8 X137.37 Y134.399 E129.51392
G1 F2248.2 X137.011 Y134.372 E129.52159
G1 F2400 X131.96 Y134.372 E129.62238
G1 X131.96 Y148.372 E129.90177
G1 X137.37 Y148.372 E130.00973
G1 F2016.8 X137.868 Y148.296 E130.0217
G1 F1690.1 X138.463 Y148.28 E130.03856
G1 F1951.2 X139.079 Y148.372 E130.05385
G0 F12000 X144.08 Y148.493
G0 X144.36 Y148.772
G1 F2400 X144.36 Y133.972 E130.3492
G1 X131.56 Y133.972 E130.60464
G1 X131.56 Y148.772 E130.89999
G1 X144.36 Y148.772 E131.15543
G0 F12000 X144.76 Y149.172
;TYPE:WALL-OUTER
G1 F2400 X144.76 Y133.572 E131.46674
G1 X131.16 Y133.572 E131.73814
G1 X131.16 Y149.172 E132.04946
G1 X144.76 Y149.172 E132.32086
G1 F1500 E125.82086
G0 F12000 X144.48 Y148.893
G0 X139.074 Y148.211
G0 X138.072 Y148.07
G0 X138.474 Y147.073
G0 X138.298 Y146.816
G1 F1500 E132.32086
G1 F2400 X137.839 Y146.871 E132.33009
G1 X137.422 Y146.713 E132.33899
G1 X137.218 Y146.514 E132.34467
G1 X137.028 Y146.151 E132.35285
G1 X137.028 Y145.706 E132.36173
G1 X137.127 Y145.457 E132.36708
G1 X137.423 Y145.135 E132.37581
G1 X137.841 Y144.971 E132.38477
G1 X138.29 Y145.025 E132.39379
G1 X138.535 Y145.171 E132.39948
G1 X138.8 Y145.472 E132.40749
G1 X138.913 Y145.913 E132.41657
G1 X138.862 Y146.197 E132.42233
G1 X138.675 Y146.557 E132.43042
G1 X138.298 Y146.816 E132.43955
G1 F1500 E125.93955
G0 F12000 X138.474 Y147.073
G0 X138.866 Y146.727
G0 X139.124 Y146.238
G0 X139.157 Y145.961
G0 X138.588 Y143.802
G0 X138.539 Y143.496
G1 F1500 E132.43955
G1 F2400 X138.079 Y143.568 E132.44884
G1 X137.61 Y143.543 E132.45822
G1 X137.127 Y143.406 E132.46824
G1 X136.721 Y143.193 E132.47738
G1 X136.365 Y142.889 E132.48673
G1 X136.067 Y142.494 E132.4966
G1 X135.864 Y142.051 E132.50633
G1 X135.771 Y141.623 E132.51507
G1 X135.772 Y141.113 E132.52524
G1 X135.878 Y140.65 E132.53472
G1 X136.089 Y140.214 E132.54439
G1 X136.36 Y139.861 E132.55327
G1 X136.718 Y139.554 E132.56268
G1 X137.134 Y139.333 E132.57208
G1 X137.624 Y139.196 E132.58224
G1 X138.097 Y139.174 E132.59168
G1 X138.571 Y139.258 E132.60129
G1 X139.009 Y139.438 E132.61074
G1 X139.394 Y139.706 E132.6201
G1 X139.72 Y140.056 E132.62965
G1 X139.948 Y140.432 E132.63842
G1 X140.111 Y140.917 E132.64863
G1 X140.16 Y141.372 E132.65777
G1 X140.11 Y141.835 E132.66706
G1 X139.948 Y142.312 E132.67711
G1 X139.694 Y142.722 E132.68674
G1 X139.361 Y143.066 E132.69629
G1 X138.971 Y143.326 E132.70565
G1 X138.539 Y143.496 E132.71491
G1 F1500 E126.21491
G0 F12000 X138.588 Y143.802
G0 X139.546 Y143.243
G0 X139.911 Y142.858
G0 X140.185 Y142.402
G0 X140.355 Y141.9
G0 X140.412 Y141.373
G0 X140.355 Y140.846
G0 X140.185 Y140.345
G0 X140.03 Y140.087
G0 X138.329 Y138.026
G0 X138.293 Y137.718
G1 F1500 E132.71491
G1 F2400 X137.842 Y137.773 E132.72398
G1 X137.422 Y137.608 E132.73298
G1 X137.218 Y137.413 E132.73861
G1 X137.03 Y137.055 E132.74668
G1 X137.028 Y136.635 E132.75507
G1 X137.114 Y136.37 E132.76063
G1 X137.416 Y136.033 E132.76966
G1 X137.85 Y135.872 E132.77889
G1 X138.295 Y135.926 E132.78784
G1 X138.535 Y136.071 E132.79343
G1 X138.801 Y136.374 E132.80148
G1 X138.913 Y136.812 E132.8105
G1 X138.867 Y137.086 E132.81605
G1 X138.681 Y137.446 E132.82413
G1 X138.293 Y137.718 E132.83359
G0 F12000 X138.329 Y138.026
G0 X139.911 Y139.889
G0 X140.185 Y140.345
G0 X140.355 Y140.846
G0 X140.412 Y141.373
G0 X140.355 Y141.9
G0 X140.185 Y142.402
G0 X138.694 Y144.297
G0 X139.505 Y146.913
G0 X139.698 Y147.085
;TYPE:SKIN
G1 F2400 X139.89 Y146.729 E132.84166
G1 X140.036 Y146.268 E132.85131
G1 X140.068 Y145.92 E132.85829
G1 X140.031 Y145.607 E132.86458
G1 X139.88 Y145.007 E132.87692
G1 X139.647 Y144.682 E132.8849
G1 X139.41 Y144.403 E132.89221
G1 X139.652 Y144.268 E132.89774
G1 X140.12 Y143.948 E132.90905
G1 X140.62 Y143.432 E132.92339
G1 X140.946 Y142.897 E132.93589
G1 X141.058 Y142.657 E132.94118
G1 X141.246 Y142.095 E132.953
G1 X141.324 Y141.387 E132.96722
G1 X141.252 Y140.675 E132.9815
G1 X141.062 Y140.099 E132.9936
G1 X140.947 Y139.841 E132.99924
G1 X140.643 Y139.343 E133.01088
G1 X140.137 Y138.806 E133.02561
G1 X139.563 Y138.417 E133.03945
G1 X139.403 Y138.345 E133.04295
G1 X139.532 Y138.229 E133.04641
G1 X139.717 Y137.962 E133.05289
G1 X139.987 Y137.431 E133.06478
G1 X140.054 Y137.003 E133.07343
G1 X140.06 Y136.637 E133.08073
G1 X139.922 Y136.095 E133.09189
G1 X139.666 Y135.607 E133.10289
G1 X139.402 Y135.302 E133.11094
G1 X139.059 Y135.02 E133.1198
G1 X138.724 Y134.806 E133.12773
G1 X138.945 Y134.732 E133.13238
G1 X143.6 Y134.732 E133.22528
G1 X143.6 Y148.012 E133.4903
G1 X139.102 Y148.012 E133.58006
G1 X138.791 Y147.918 E133.58654
G1 X138.998 Y147.743 E133.59195
G1 X139.322 Y147.509 E133.59993
G1 X139.698 Y147.085 E133.61124
G0 F12000 X139.589 Y147.509
G1 F2400 X139.893 Y147.812 E133.6198
G0 F12000 X140.458 Y147.812
G1 F2400 X139.855 Y147.209 E133.63682
G0 F12000 X140.055 Y146.843
G1 F2400 X141.024 Y147.812 E133.66417
G0 F12000 X141.59 Y147.812
G1 F2400 X140.2 Y146.423 E133.70338
G0 F12000 X140.267 Y145.924
G1 F2400 X142.155 Y147.812 E133.75667
G0 F12000 X142.721 Y147.812
G1 F2400 X140.142 Y145.233 E133.82945
G0 F12000 X139.849 Y144.374
G1 F2400 X143.287 Y147.812 E133.92648
G0 F12000 X143.4 Y147.36
G1 F2400 X140.188 Y144.148 E134.01713
G0 F12000 X140.475 Y143.869
G1 F2400 X143.4 Y146.794 E134.09968
G0 F12000 X143.4 Y146.228
G1 F2400 X140.752 Y143.581 E134.1744
G0 F12000 X140.974 Y143.237
G1 F2400 X143.4 Y145.663 E134.24286
G0 F12000 X143.4 Y145.097
G1 F2400 X141.176 Y142.873 E134.30563
G0 F12000 X141.332 Y142.463
G1 F2400 X143.4 Y144.531 E134.36399
G0 F12000 X143.4 Y143.966
G1 F2400 X141.455 Y142.021 E134.41888
G0 F12000 X141.515 Y141.515
G1 F2400 X143.4 Y143.4 E134.47208
G0 F12000 X143.4 Y142.834
G1 F2400 X141.476 Y140.91 E134.52638
G0 F12000 X141.294 Y140.163
G1 F2400 X143.4 Y142.268 E134.5858
G0 F12000 X143.4 Y141.703
G1 F2400 X139.835 Y138.138 E134.68642
G0 F12000 X140.04 Y137.777
G1 F2400 X143.4 Y141.137 E134.78124
G0 F12000 X143.4 Y140.571
G1 F2400 X140.198 Y137.37 E134.8716
G0 F12000 X140.254 Y136.86
G1 F2400 X143.4 Y140.006 E134.96038
G0 F12000 X143.4 Y139.44
G1 F2400 X140.159 Y136.199 E135.05185
G0 F12000 X139.715 Y136.311
G0 X138.776 Y135.096
G0 X138.356 Y134.745
G0 X138.809 Y134.573
G0 X140.024 Y134.472
G0 X140.024 Y134.933
G1 F2400 X143.4 Y138.309 E135.14713
G0 F12000 X143.4 Y138.874
G1 F2400 X139.458 Y134.933 E135.25837
G0 F12000 X139.458 Y134.472
G0 X140.59 Y134.472
G0 X140.59 Y134.933
G1 F2400 X143.4 Y137.743 E135.33767
G0 F12000 X143.4 Y137.177
G1 F2400 X141.155 Y134.933 E135.40102
G0 F12000 X141.72 Y134.932
G1 F2400 X143.4 Y136.612 E135.44843
G0 F12000 X143.4 Y136.046
G1 F2400 X142.286 Y134.932 E135.47987
G0 F12000 X142.852 Y134.932
G1 F2400 X143.4 Y135.48 E135.49533
G0 F12000 X143.86 Y135.48
G0 X143.788 Y134.544
G0 X138.915 Y134.533
G0 X138.356 Y134.745
G0 X138.776 Y135.096
G0 X139.864 Y136.65
G0 X139.065 Y138.401
G0 X140.94 Y140.326
G0 X140.748 Y141.986
G0 X140.551 Y142.571
G0 X140.232 Y143.101
G0 X139.806 Y143.55
G0 X138.484 Y144.4
G0 X137.765 Y144.312
G0 X137.037 Y144.587
G0 X136.556 Y145.129
G0 X136.382 Y145.589
G0 X136.383 Y146.24
G0 X136.725 Y147.318
G0 X136.549 Y147.513
G1 F2400 X137.049 Y147.812 E135.50696
G1 X137.472 Y147.97 E135.51597
G1 X137.341 Y148.012 E135.51872
G1 X132.32 Y148.012 E135.61892
G1 X132.32 Y134.732 E135.88393
G1 X136.994 Y134.732 E135.97721
G1 X137.315 Y134.778 E135.98368
G1 X137.025 Y134.942 E135.99033
G1 X136.547 Y135.266 E136.00185
G1 X136.277 Y135.563 E136.00986
G1 X135.971 Y136.063 E136.02156
G1 X135.868 Y136.583 E136.03214
G1 X135.871 Y137.179 E136.04403
G1 X135.964 Y137.497 E136.05064
G1 X136.243 Y138.062 E136.06322
G1 X136.508 Y138.348 E136.071
G1 X136.088 Y138.564 E136.08042
G1 X135.497 Y139.077 E136.09604
G1 X135.093 Y139.601 E136.10925
G1 X134.83 Y140.151 E136.12141
G1 X134.728 Y140.452 E136.12776
G1 X134.636 Y140.864 E136.13618
G1 X134.608 Y141.136 E136.14164
G1 X134.61 Y141.739 E136.15367
G1 X134.728 Y142.298 E136.16507
G1 X134.818 Y142.569 E136.17077
G1 X135.01 Y142.981 E136.17984
G1 X135.158 Y143.219 E136.18543
G1 X135.542 Y143.71 E136.19787
G1 X136.079 Y144.162 E136.21188
G1 X136.516 Y144.398 E136.22179
G1 X136.214 Y144.735 E136.23082
G1 X136.07 Y144.956 E136.23609
G1 X135.909 Y145.41 E136.2457
G1 X135.869 Y145.718 E136.2519
G1 X135.868 Y146.154 E136.2606
G1 X136.006 Y146.696 E136.27176
G1 X136.191 Y147.051 E136.27975
G1 X136.549 Y147.513 E136.29141
G0 F12000 X136.725 Y147.318
G0 X137.907 Y148.023
G0 X137.476 Y148.175
G0 X133.104 Y148.272
G0 X133.104 Y147.812
G1 F2400 X132.52 Y147.227 E136.30791
G0 F12000 X132.52 Y146.662
G1 F2400 X133.67 Y147.812 E136.34036
G0 F12000 X134.236 Y147.812
G1 F2400 X132.52 Y146.096 E136.38879
G0 F12000 X132.52 Y145.53
G1 F2400 X134.801 Y147.812 E136.45318
G0 F12000 X135.367 Y147.812
G1 F2400 X132.52 Y144.965 E136.53353
G0 F12000 X132.52 Y144.399
G1 F2400 X135.933 Y147.812 E136.62985
G0 F12000 X136.498 Y147.812
G1 F2400 X132.52 Y143.833 E136.74213
G0 F12000 X132.52 Y143.268
G1 F2400 X135.748 Y146.496 E136.83323
G0 F12000 X135.67 Y145.853
G1 F2400 X132.52 Y142.702 E136.92215
G0 F12000 X132.52 Y142.136
G1 F2400 X135.721 Y145.338 E137.0125
G0 F12000 X135.868 Y144.919
G1 F2400 X132.52 Y141.571 E137.10699
G0 F12000 X132.52 Y141.005
G1 F2400 X136.09 Y144.575 E137.20774
G0 F12000 X136.432 Y144.882
G0 X136.814 Y144.345
G0 X135.025 Y142.362
G0 X134.59 Y142.51
G1 F2400 X132.52 Y140.439 E137.26618
G0 F12000 X132.52 Y139.873
G1 F2400 X134.413 Y141.767 E137.31962
G0 F12000 X134.41 Y141.198
G1 F2400 X132.52 Y139.308 E137.37295
G0 F12000 X132.52 Y138.742
G1 F2400 X134.47 Y140.692 E137.42799
G0 F12000 X134.589 Y140.245
G1 F2400 X132.52 Y138.176 E137.48638
G0 F12000 X132.52 Y137.611
G1 F2400 X134.753 Y139.845 E137.54941
G0 F12000 X134.944 Y139.469
G1 F2400 X132.52 Y137.045 E137.61782
G0 F12000 X132.52 Y136.479
G1 F2400 X135.19 Y139.149 E137.69318
G0 F12000 X135.453 Y138.847
G1 F2400 X132.52 Y135.914 E137.77595
G0 F12000 X132.52 Y135.348
G1 F2400 X135.757 Y138.586 E137.86732
G0 F12000 X136.08 Y138.343
G1 F2400 X132.67 Y134.933 E137.96356
G0 F12000 X133.236 Y134.933
G1 F2400 X135.738 Y137.435 E138.03417
G0 F12000 X135.67 Y136.802
G1 F2400 X133.802 Y134.933 E138.0869
G0 F12000 X134.367 Y134.933
G1 F2400 X135.724 Y136.29 E138.1252
G0 F12000 X135.862 Y135.862
G1 F2400 X134.934 Y134.934 E138.15139
G0 F12000 X135.499 Y134.934
G1 F2400 X136.078 Y135.512 E138.16772
G0 F12000 X136.331 Y135.2
G1 F2400 X136.065 Y134.934 E138.17523
;MESH:NONMESH
G0 F300 X136.065 Y134.934 Z1.68
G0 F12000 X136.065 Y134.472
G0 X138.421 Y134.718
G0 X137.868 Y134.764
G0 X136.869 Y135.675
G0 X136.556 Y136.029
G0 X136.382 Y136.489
G0 X136.383 Y137.212
G0 X136.719 Y137.852
G0 X137.087 Y138.18
G0 X137.697 Y138.41
G0 X138.649 Y138.338
G0 X138.474 Y138.083
;TIME_ELAPSED:387.665130
;LAYER:13
;TYPE:WALL-INNER
;MESH:MotorMount_v2.stl
G1 F2114.5 X137.902 Y138.234 E138.18863
G1 F2181.8 X137.233 Y137.967 E138.20444
G1 F2285.7 X136.934 Y137.717 E138.2126
G1 F2341.5 X136.628 Y137.154 E138.22571
G1 F2382.1 X136.628 Y136.617 E138.23651
G1 F2400 X136.755 Y136.172 E138.24574
G1 X137.085 Y135.803 E138.25562
G1 X137.318 Y135.643 E138.26126
G1 X137.782 Y135.466 E138.27117
G1 X138.301 Y135.524 E138.2816
G1 X138.513 Y135.591 E138.28603
G1 X138.835 Y135.807 E138.29377
G1 X139.071 Y136.075 E138.3009
G1 X139.202 Y136.325 E138.30653
G1 X139.305 Y136.759 E138.31543
G1 X139.27 Y137.177 E138.3238
G1 F2318.8 X138.99 Y137.72 E138.33642
G1 F2181.8 X138.474 Y138.083 E138.35027
G0 F12000 X138.649 Y138.338
G0 X139.806 Y139.198
G0 X140.232 Y139.646
G0 X140.55 Y140.176
G0 X140.748 Y140.759
G0 X140.815 Y141.373
G0 X140.748 Y141.986
G0 X140.551 Y142.571
G0 X140.232 Y143.101
G0 X138.711 Y144.523
G0 X139.398 Y145.169
G0 X139.571 Y145.871
G0 X139.512 Y146.359
G0 X139.209 Y146.936
G0 X138.74 Y147.375
G0 X138.565 Y147.119
G1 F2400 X138.328 Y147.215 E138.35537
G1 X137.782 Y147.278 E138.36634
G1 X137.318 Y147.101 E138.37625
G1 X136.925 Y146.816 E138.38594
G1 X136.696 Y146.379 E138.39578
G1 X136.628 Y146.127 E138.40099
G1 X136.628 Y145.635 E138.41081
G1 X136.799 Y145.229 E138.4196
G1 X137.16 Y144.819 E138.4305
G1 X137.502 Y144.673 E138.43793
G1 F2096.1 X137.789 Y144.523 E138.44532
G1 F1853.3 X138.085 Y144.54 E138.45299
G1 F1983.5 X138.305 Y144.599 E138.45849
G1 F2253.5 X138.669 Y144.775 E138.46708
G1 F2400 X138.835 Y144.907 E138.47131
G1 X139.164 Y145.28 E138.48124
G1 X139.314 Y145.865 E138.49329
G1 X139.27 Y146.28 E138.50162
G1 X139.053 Y146.697 E138.511
G1 X138.861 Y146.915 E138.5168
G1 X138.565 Y147.119 E138.52397
G0 F12000 X138.413 Y147.7
G1 F1690.1 X137.868 Y147.744 E138.53946
G1 F2016.8 X137.176 Y147.475 E138.5571
G1 F2400 X136.791 Y147.242 E138.56608
G1 X136.51 Y146.886 E138.57513
G1 X136.342 Y146.565 E138.58236
G1 X136.228 Y146.144 E138.59106
G1 X136.228 Y145.744 E138.59904
G1 X136.263 Y145.479 E138.60438
G1 X136.354 Y145.223 E138.6098
G1 X136.471 Y145 E138.61483
G1 X136.829 Y144.592 E138.62566
G1 X136.99 Y144.463 E138.62977
G1 X137.349 Y144.304 E138.63761
G1 X136.838 Y144.158 E138.64822
G1 X136.295 Y143.875 E138.66044
G1 X135.777 Y143.439 E138.67395
G1 X135.39 Y142.933 E138.68666
G1 X135.107 Y142.332 E138.69992
G1 X134.968 Y141.692 E138.71299
G1 X134.968 Y141.047 E138.72586
G1 X135.108 Y140.407 E138.73893
G1 X135.392 Y139.807 E138.75218
G1 X135.794 Y139.289 E138.76526
G1 X136.286 Y138.874 E138.77811
G1 X136.848 Y138.58 E138.79077
G1 X137.344 Y138.439 E138.80106
G1 X136.983 Y138.277 E138.80895
G1 X136.734 Y138.07 E138.81541
G1 X136.556 Y137.873 E138.82071
G1 X136.303 Y137.383 E138.83172
G1 X136.228 Y137.125 E138.83708
G1 X136.228 Y136.6 E138.84756
G1 X136.31 Y136.195 E138.8558
G1 X136.547 Y135.804 E138.86493
G1 X136.787 Y135.536 E138.87211
G1 X137.176 Y135.269 E138.88152
G1 F2248.2 X137.502 Y135.116 E138.88919
G1 F1875 X137.718 Y134.988 E138.89561
G1 F1672.5 X138.36 Y135.038 E138.91405
G1 F1959.2 X138.859 Y135.323 E138.9281
G1 F2400 X139.135 Y135.543 E138.93514
G1 X139.371 Y135.811 E138.94227
G1 X139.59 Y136.227 E138.95165
G1 X139.718 Y136.73 E138.96201
G1 X139.659 Y137.283 E138.9731
G1 X139.359 Y137.882 E138.98647
G1 X139.169 Y138.08 E138.99195
G1 X138.696 Y138.415 E139.00352
G1 X138.588 Y138.445 E139.00575
G1 X138.813 Y138.495 E139.01035
G1 X139.375 Y138.725 E139.02247
G1 X139.893 Y139.079 E139.03499
G1 X140.346 Y139.545 E139.04796
G1 X140.687 Y140.108 E139.0611
G1 X140.896 Y140.726 E139.07412
G1 X140.96 Y141.372 E139.08707
G1 X140.893 Y142.026 E139.10019
G1 X140.688 Y142.635 E139.11301
G1 X140.346 Y143.198 E139.12616
G1 X139.881 Y143.68 E139.13952
G1 X139.369 Y144.029 E139.15189
G1 X138.768 Y144.267 E139.16479
G1 X138.592 Y144.298 E139.16836
G1 X138.858 Y144.423 E139.17422
G1 X139.136 Y144.642 E139.18128
G1 X139.457 Y145.01 E139.19103
G1 X139.567 Y145.235 E139.19603
G1 X139.717 Y145.829 E139.20825
G1 X139.676 Y146.234 E139.21638
G1 X139.572 Y146.565 E139.2233
G1 X139.408 Y146.881 E139.2304
G1 X139.088 Y147.244 E139.24006
G1 F1951.2 X138.413 Y147.7 E139.26006
G0 F12000 X139.175 Y147
G0 X139.512 Y146.359
G0 X139.571 Y145.871
G0 X139.415 Y145.239
G0 X138.673 Y144.193
G0 X138.625 Y143.887
G1 F2253.5 X138.293 Y143.966 E139.26731
G1 F1983.5 X138.103 Y144.027 E139.27213
G1 F1904.8 X137.665 Y144.003 E139.28316
G1 F2157.3 X137.469 Y143.922 E139.28787
G1 F2400 X136.992 Y143.788 E139.29775
G1 X136.493 Y143.521 E139.30905
G1 X136.081 Y143.171 E139.31984
G1 X135.734 Y142.725 E139.33111
G1 X135.486 Y142.199 E139.34272
G1 X135.368 Y141.65 E139.35392
G1 X135.368 Y141.086 E139.36518
G1 X135.488 Y140.54 E139.37634
G1 X135.734 Y140.02 E139.38782
G1 X136.064 Y139.591 E139.39862
G1 X136.483 Y139.23 E139.40965
G1 X136.97 Y138.967 E139.4207
G1 X137.471 Y138.818 E139.43113
G1 F2248.2 X138.002 Y138.711 E139.44267
G1 F2201.8 X138.285 Y138.791 E139.44907
G1 F2341.5 X138.686 Y138.874 E139.45744
G1 F2400 X139.183 Y139.077 E139.46816
G1 X139.635 Y139.385 E139.47907
G1 X140.027 Y139.791 E139.49033
G1 X140.323 Y140.278 E139.50171
G1 X140.503 Y140.813 E139.51297
G1 X140.56 Y141.372 E139.52418
G1 X140.504 Y141.904 E139.53486
G1 X140.326 Y142.461 E139.54653
G1 X140.029 Y142.951 E139.55796
G1 X139.641 Y143.359 E139.5692
G1 X139.174 Y143.677 E139.58047
G1 X138.625 Y143.887 E139.5922
G0 F12000 X138.673 Y144.193
G0 X139.398 Y145.169
G0 X139.571 Y145.871
G0 X139.512 Y146.359
G0 X138.881 Y147.582
G0 X138.424 Y147.996
G0 X139.079 Y148.372
G1 F2400 X143.96 Y148.372 E139.68961
G1 X143.96 Y134.372 E139.969
G1 X138.921 Y134.372 E140.06955
G1 F1959.2 X138.395 Y134.461 E140.0826
G1 F1696.1 X137.868 Y134.448 E140.09748
G1 F1723.5 X137.633 Y134.453 E140.10401
G1 F1889.8 X137.37 Y134.399 E140.11082
G1 F2248.2 X137.011 Y134.372 E140.11849
G1 F2400 X131.96 Y134.372 E140.21929
G1 X131.96 Y148.372 E140.49867
G1 X137.37 Y148.372 E140.60663
G1 F2016.8 X137.868 Y148.296 E140.6186
G1 F1690.1 X138.463 Y148.28 E140.63546
G1 F1951.2 X139.079 Y148.372 E140.65075
G0 F12000 X144.08 Y148.493
G0 X144.36 Y148.772
G1 F2400 X144.36 Y133.972 E140.9461
G1 X131.56 Y133.972 E141.20154
G1 X131.56 Y148.772 E141.49689
G1 X144.36 Y148.772 E141.75233
G0 F12000 X144.76 Y149.172
;TYPE:WALL-OUTER
G1 F2400 X144.76 Y133.572 E142.06364
G1 X131.16 Y133.572 E142.33504
G1 X131.16 Y149.172 E142.64636
G1 X144.76 Y149.172 E142.91776
G1 F1500 E136.41776
G0 F12000 X144.48 Y148.893
G0 X139.074 Y148.211
G0 X138.072 Y148.07
G0 X138.474 Y147.073
G0 X138.298 Y146.816
G1 F1500 E142.91776
G1 F2400 X137.839 Y146.871 E142.92699
G1 X137.422 Y146.713 E142.93589
G1 X137.218 Y146.514 E142.94157
G1 X137.028 Y146.151 E142.94975
G1 X137.028 Y145.706 E142.95863
G1 X137.127 Y145.457 E142.96398
G1 X137.423 Y145.135 E142.97271
G1 X137.841 Y144.971 E142.98167
G1 X138.29 Y145.025 E142.99069
G1 X138.535 Y145.171 E142.99638
G1 X138.8 Y145.472 E143.00439
G1 X138.913 Y145.913 E143.01347
G1 X138.862 Y146.197 E143.01923
G1 X138.675 Y146.557 E143.02732
G1 X138.298 Y146.816 E143.03645
G1 F1500 E136.53645
G0 F12000 X138.474 Y147.073
G0 X138.866 Y146.727
G0 X139.124 Y146.238
G0 X139.157 Y145.961
G0 X138.588 Y143.802
G0 X138.539 Y143.496
G1 F1500 E143.03645
G1 F2400 X138.079 Y143.568 E143.04574
G1 X137.61 Y143.543 E143.05512
G1 X137.127 Y143.406 E143.06514
G1 X136.721 Y143.193 E143.07429
G1 X136.365 Y142.889 E143.08363
G1 X136.067 Y142.494 E143.0935
G1 X135.864 Y142.051 E143.10323
G1 X135.771 Y141.623 E143.11197
G1 X135.772 Y141.113 E143.12214
G1 X135.878 Y140.65 E143.13162
G1 X136.089 Y140.214 E143.14129
G1 X136.36 Y139.861 E143.15017
G1 X136.718 Y139.554 E143.15958
G1 X137.134 Y139.333 E143.16898
G1 X137.624 Y139.196 E143.17914
G1 X138.097 Y139.174 E143.18859
G1 X138.571 Y139.258 E143.19819
G1 X139.009 Y139.438 E143.20764
G1 X139.394 Y139.706 E143.217
G1 X139.72 Y140.056 E143.22655
G1 X139.948 Y140.432 E143.23532
G1 X140.111 Y140.917 E143.24553
G1 X140.16 Y141.372 E143.25467
G1 X140.11 Y141.835 E143.26396
G1 X139.948 Y142.312 E143.27401
G1 X139.694 Y142.722 E143.28364
G1 X139.361 Y143.066 E143.29319
G1 X138.971 Y143.326 E143.30255
G1 X138.539 Y143.496 E143.31181
G1 F1500 E136.81181
G0 F12000 X138.588 Y143.802
G0 X139.546 Y143.243
G0 X139.911 Y142.858
G0 X140.185 Y142.402
G0 X140.355 Y141.9
G0 X140.412 Y141.373
G0 X140.355 Y140.846
G0 X140.185 Y140.345
G0 X140.03 Y140.087
G0 X138.329 Y138.026
G0 X138.293 Y137.718
G1 F1500 E143.31181
G1 F2400 X137.842 Y137.773 E143.32088
G1 X137.422 Y137.608 E143.32988
G1 X137.218 Y137.413 E143.33551
G1 X137.03 Y137.055 E143.34358
G1 X137.028 Y136.635 E143.35197
G1 X137.114 Y136.37 E143.35753
G1 X137.416 Y136.033 E143.36656
G1 X137.85 Y135.872 E143.37579
G1 X138.295 Y135.926 E143.38474
G1 X138.535 Y136.071 E143.39034
G1 X138.801 Y136.374 E143.39838
G1 X138.913 Y136.812 E143.4074
G1 X138.867 Y137.086 E143.41295
G1 X138.681 Y137.446 E143.42103
G1 X138.293 Y137.718 E143.43049
G0 F12000 X138.329 Y138.026
G0 X139.911 Y139.889
G0 X140.185 Y140.345
G0 X140.355 Y140.846
G0 X140.412 Y141.373
G0 X140.355 Y141.9
G0 X140.185 Y142.402
G0 X138.694 Y144.297
G0 X139.505 Y146.913
G0 X139.698 Y147.085
;TYPE:SKIN
G1 F2400 X139.89 Y146.729 E143.43856
G1 X140.036 Y146.268 E143.44821
G1 X140.068 Y145.92 E143.45519
G1 X140.031 Y145.607 E143.46148
G1 X139.88 Y145.007 E143.47382
G1 X139.647 Y144.682 E143.4818
G1 X139.41 Y144.403 E143.48911
G1 X139.652 Y144.268 E143.49464
G1 X140.12 Y143.948 E143.50595
G1 X140.62 Y143.432 E143.52029
G1 X140.946 Y142.897 E143.53279
G1 X141.058 Y142.657 E143.53808
G1 X141.246 Y142.095 E143.54991
G1 X141.324 Y141.387 E143.56412
G1 X141.252 Y140.675 E143.5784
G1 X141.062 Y140.099 E143.5905
G1 X140.947 Y139.841 E143.59614
G1 X140.643 Y139.343 E143.60779
G1 X140.137 Y138.806 E143.62251
G1 X139.563 Y138.417 E143.63635
G1 X139.403 Y138.345 E143.63985
G1 X139.532 Y138.229 E143.64331
G1 X139.717 Y137.962 E143.64979
G1 X139.987 Y137.431 E143.66168
G1 X140.054 Y137.003 E143.67033
G1 X140.06 Y136.637 E143.67763
G1 X139.922 Y136.095 E143.68879
G1 X139.666 Y135.607 E143.69979
G1 X139.402 Y135.302 E143.70784
G1 X139.059 Y135.02 E143.7167
G1 X138.724 Y134.806 E143.72463
G1 X138.945 Y134.732 E143.72928
G1 X143.6 Y134.732 E143.82218
G1 X143.6 Y148.012 E144.0872
G1 X139.102 Y148.012 E144.17696
G1 X138.791 Y147.918 E144.18344
G1 X138.998 Y147.743 E144.18885
G1 X139.322 Y147.509 E144.19683
G1 X139.698 Y147.085 E144.20814
G0 F12000 X139.505 Y146.914
G0 X138.424 Y147.996
G0 X138.95 Y148.171
G0 X142.95 Y148.272
G0 X142.95 Y147.812
G1 F2400 X143.4 Y147.362 E144.22084
G0 F12000 X143.4 Y146.797
G1 F2400 X142.384 Y147.812 E144.2495
G0 F12000 X141.819 Y147.812
G1 F2400 X143.4 Y146.231 E144.29412
G0 F12000 X143.4 Y145.665
G1 F2400 X141.253 Y147.812 E144.35471
G0 F12000 X140.687 Y147.812
G1 F2400 X143.4 Y145.1 E144.43126
G0 F12000 X143.4 Y144.534
G1 F2400 X140.122 Y147.812 E144.52377
G0 F12000 X139.556 Y147.812
G1 F2400 X143.4 Y143.968 E144.63226
G0 F12000 X143.4 Y143.403
G1 F2400 X140.111 Y146.691 E144.72507
G0 F12000 X140.263 Y145.974
G1 F2400 X143.4 Y142.837 E144.8136
G0 F12000 X143.4 Y142.271
G1 F2400 X140.202 Y145.47 E144.90387
G0 F12000 X140.089 Y145.016
G1 F2400 X143.4 Y141.706 E144.9973
G0 F12000 X143.4 Y141.14
G1 F2400 X139.879 Y144.661 E145.09667
G0 F12000 X139.504 Y144.928
G0 X139.05 Y144.35
G0 X140.823 Y142.552
G0 X141.242 Y142.732
G1 F2400 X143.4 Y140.574 E145.15757
G0 F12000 X143.4 Y140.009
G1 F2400 X141.465 Y141.943 E145.21217
G0 F12000 X141.518 Y141.324
G1 F2400 X143.4 Y139.443 E145.26527
G0 F12000 X143.4 Y138.877
G1 F2400 X141.467 Y140.81 E145.31982
G0 F12000 X141.359 Y140.352
G1 F2400 X143.4 Y138.312 E145.37741
G0 F12000 X143.4 Y137.746
G1 F2400 X141.209 Y139.937 E145.43924
G0 F12000 X141.013 Y139.567
G1 F2400 X143.4 Y137.18 E145.50661
G0 F12000 X143.4 Y136.614
G1 F2400 X140.799 Y139.215 E145.58002
G0 F12000 X140.525 Y138.923
G1 F2400 X143.4 Y136.049 E145.66114
G0 F12000 X143.4 Y135.483
G1 F2400 X140.249 Y138.634 E145.75007
G0 F12000 X139.909 Y138.408
G1 F2400 X143.386 Y134.932 E145.84818
G0 F12000 X142.82 Y134.932
G1 F2400 X140.11 Y137.642 E145.92467
G0 F12000 X140.254 Y136.932
G1 F2400 X142.254 Y134.932 E145.98111
G0 F12000 X141.689 Y134.932
G1 F2400 X140.212 Y136.408 E146.02278
G0 F12000 X140.084 Y135.971
G1 F2400 X141.122 Y134.932 E146.05209
G0 F12000 X140.557 Y134.932
G1 F2400 X139.888 Y135.6 E146.07095
G0 F12000 X139.648 Y135.275
G1 F2400 X139.991 Y134.932 E146.08064
G0 F12000 X139.425 Y134.932
G1 F2400 X139.353 Y135.004 E146.08267
G0 F12000 X139.067 Y135.364
G0 X139.398 Y136.069
G0 X139.571 Y136.771
G0 X139.512 Y137.259
G0 X139.175 Y137.9
G0 X138.438 Y138.575
G0 X138.114 Y138.523
G0 X137.498 Y138.557
G0 X136.904 Y138.721
G0 X136.357 Y139.011
G0 X135.888 Y139.411
G0 X135.514 Y139.901
G0 X135.255 Y140.463
G0 X135.122 Y141.065
G0 X135.122 Y141.682
G0 X135.255 Y142.284
G0 X135.514 Y142.846
G0 X135.888 Y143.336
G0 X137.037 Y144.587
G0 X136.556 Y145.129
G0 X136.382 Y145.589
G0 X136.383 Y146.24
G0 X136.725 Y147.318
G0 X136.549 Y147.513
G1 F2400 X137.049 Y147.812 E146.09429
G1 X137.472 Y147.97 E146.1033
G1 X137.341 Y148.012 E146.10605
G1 X132.32 Y148.012 E146.20625
G1 X132.32 Y134.732 E146.47127
G1 X136.994 Y134.732 E146.56454
G1 X137.315 Y134.778 E146.57101
G1 X137.025 Y134.942 E146.57766
G1 X136.547 Y135.266 E146.58918
G1 X136.277 Y135.563 E146.59719
G1 X135.971 Y136.063 E146.60889
G1 X135.868 Y136.583 E146.61947
G1 X135.871 Y137.179 E146.63137
G1 X135.964 Y137.497 E146.63798
G1 X136.243 Y138.062 E146.65055
G1 X136.508 Y138.348 E146.65833
G1 X136.088 Y138.564 E146.66776
G1 X135.497 Y139.077 E146.68338
G1 X135.093 Y139.601 E146.69658
G1 X134.83 Y140.151 E146.70875
G1 X134.728 Y140.452 E146.71509
G1 X134.636 Y140.864 E146.72351
G1 X134.608 Y141.136 E146.72897
G1 X134.61 Y141.739 E146.741
G1 X134.728 Y142.298 E146.7524
G1 X134.818 Y142.569 E146.7581
G1 X135.01 Y142.981 E146.76717
G1 X135.158 Y143.219 E146.77277
G1 X135.542 Y143.71 E146.78521
G1 X136.079 Y144.162 E146.79921
G1 X136.516 Y144.398 E146.80912
G1 X136.214 Y144.735 E146.81815
G1 X136.07 Y144.956 E146.82342
G1 X135.909 Y145.41 E146.83303
G1 X135.869 Y145.718 E146.83923
G1 X135.868 Y146.154 E146.84793
G1 X136.006 Y146.696 E146.85909
G1 X136.191 Y147.051 E146.86708
G1 X136.549 Y147.513 E146.87874
G0 F12000 X136.368 Y147.606
G1 F2400 X136.162 Y147.812 E146.88456
G0 F12000 X136.119 Y147.289
G1 F2400 X135.596 Y147.812 E146.89932
G0 F12000 X135.031 Y147.812
G1 F2400 X135.905 Y146.938 E146.92398
G0 F12000 X135.754 Y146.523
G1 F2400 X134.465 Y147.812 E146.96036
G0 F12000 X133.899 Y147.812
G1 F2400 X135.669 Y146.042 E147.01032
G0 F12000 X135.707 Y145.439
G1 F2400 X133.333 Y147.812 E147.0773
G0 F12000 X132.768 Y147.812
G1 F2400 X136.12 Y144.46 E147.1719
G0 F12000 X135.814 Y144.2
G1 F2400 X132.52 Y147.494 E147.26487
G0 F12000 X132.52 Y146.928
G1 F2400 X135.507 Y143.941 E147.34917
G0 F12000 X135.238 Y143.645
G1 F2400 X132.52 Y146.363 E147.42587
G0 F12000 X132.52 Y145.797
G1 F2400 X134.991 Y143.326 E147.49561
G0 F12000 X134.783 Y142.969
G1 F2400 X132.52 Y145.231 E147.55946
G0 F12000 X132.52 Y144.666
G1 F2400 X134.611 Y142.575 E147.61848
G0 F12000 X134.488 Y142.132
G1 F2400 X132.52 Y144.1 E147.67402
G0 F12000 X132.52 Y143.534
G1 F2400 X134.412 Y141.643 E147.7274
G0 F12000 X134.413 Y141.076
G1 F2400 X132.52 Y142.969 E147.78082
G0 F12000 X132.52 Y142.403
G1 F2400 X134.543 Y140.38 E147.83792
G0 F12000 X134.983 Y140.505
G0 X135.492 Y139.512
G0 X135.126 Y139.231
G1 F2400 X132.52 Y141.837 E147.91146
G0 F12000 X132.52 Y141.271
G1 F2400 X135.925 Y137.867 E148.00755
G0 F12000 X136.112 Y138.246
G1 F2400 X135.848 Y138.509 E148.01498
G0 F12000 X136.146 Y138.86
G0 X136.834 Y138.387
G0 X136.19 Y137.348
G0 X135.75 Y137.476
G1 F2400 X132.52 Y140.706 E148.10614
G0 F12000 X132.52 Y140.14
G1 F2400 X135.671 Y136.989 E148.19507
G0 F12000 X135.703 Y136.392
G1 F2400 X132.52 Y139.574 E148.28489
G0 F12000 X132.52 Y139.009
G1 F2400 X136.332 Y135.197 E148.39247
G1 X136.417 Y135.112
G1 X136.596 Y134.933 E148.39752
G0 F12000 X136.03 Y134.933
G1 F2400 X132.52 Y138.443 E148.49658
G0 F12000 X132.52 Y137.877
G1 F2400 X135.465 Y134.933 E148.57968
G0 F12000 X134.899 Y134.933
G1 F2400 X132.52 Y137.312 E148.64682
G0 F12000 X132.52 Y136.746
G1 F2400 X134.334 Y134.932 E148.69802
G0 F12000 X133.768 Y134.932
G1 F2400 X132.52 Y136.18 E148.73324
G0 F12000 X132.52 Y135.615
G1 F2400 X133.203 Y134.932 E148.75251
G0 F12000 X132.637 Y134.932
G1 F2400 X132.52 Y135.049 E148.75581
;MESH:NONMESH
G0 F300 X132.52 Y135.049 Z1.8
G0 F12000 X132.06 Y135.049
G0 X132.132 Y134.544
G0 X137.013 Y134.533
G0 X138.421 Y134.718
G0 X137.868 Y134.764
G0 X136.16 Y136.14
G0 X136.402 Y137.216
G0 X136.719 Y137.852
G0 X137.087 Y138.18
G0 X137.697 Y138.41
G0 X138.649 Y138.338
G0 X138.474 Y138.083
;TIME_ELAPSED:415.588088
;LAYER:14
;TYPE:WALL-INNER
;MESH:MotorMount_v2.stl
G1 F2114.5 X137.902 Y138.234 E148.76921
G1 F2181.8 X137.233 Y137.967 E148.78503
G1 F2285.7 X136.934 Y137.717 E148.79319
G1 F2341.5 X136.628 Y137.154 E148.8063
G1 F2382.1 X136.628 Y136.617 E148.8171
G1 F2400 X136.755 Y136.172 E148.82633
G1 X137.085 Y135.803 E148.83621
G1 X137.318 Y135.643 E148.84185
G1 X137.782 Y135.466 E148.85176
G1 X138.301 Y135.524 E148.86218
G1 X138.513 Y135.591 E148.86662
G1 X138.835 Y135.807 E148.87436
G1 X139.071 Y136.075 E148.88148
G1 X139.202 Y136.325 E148.88712
G1 X139.305 Y136.759 E148.89602
G1 X139.27 Y137.177 E148.90439
G1 F2318.8 X138.99 Y137.72 E148.91701
G1 F2181.8 X138.474 Y138.083 E148.93086
G0 F12000 X138.649 Y138.338
G0 X139.806 Y139.198
G0 X140.232 Y139.646
G0 X140.55 Y140.176
G0 X140.748 Y140.759
G0 X140.815 Y141.373
G0 X140.748 Y141.986
G0 X140.551 Y142.571
G0 X140.232 Y143.101
G0 X138.711 Y144.523
G0 X139.398 Y145.169
G0 X139.571 Y145.871
G0 X139.512 Y146.359
G0 X139.209 Y146.936
G0 X138.74 Y147.375
G0 X138.565 Y147.119
G1 F2400 X138.328 Y147.215 E148.93596
G1 X137.782 Y147.278 E148.94693
G1 X137.318 Y147.101 E148.95684
G1 X136.925 Y146.816 E148.96653
G1 X136.696 Y146.379 E148.97637
G1 X136.628 Y146.127 E148.98158
G1 X136.628 Y145.635 E148.9914
G1 X136.799 Y145.229 E149.00019
G1 X137.16 Y144.819 E149.01109
G1 X137.502 Y144.673 E149.01851
G1 F2096.1 X137.789 Y144.523 E149.02591
G1 F1853.3 X138.085 Y144.54 E149.03358
G1 F1983.5 X138.305 Y144.599 E149.03908
G1 F2253.5 X138.669 Y144.775 E149.04767
G1 F2400 X138.835 Y144.907 E149.0519
G1 X139.164 Y145.28 E149.06183
G1 X139.314 Y145.865 E149.07388
G1 X139.27 Y146.28 E149.08221
G1 X139.053 Y146.697 E149.09159
G1 X138.861 Y146.915 E149.09738
G1 X138.565 Y147.119 E149.10456
G0 F12000 X138.413 Y147.7
G1 F1690.1 X137.868 Y147.744 E149.12005
G1 F2016.8 X137.176 Y147.475 E149.13768
G1 F2400 X136.791 Y147.242 E149.14666
G1 X136.51 Y146.886 E149.15572
G1 X136.342 Y146.565 E149.16295
G1 X136.228 Y146.144 E149.17165
G1 X136.228 Y145.744 E149.17963
G1 X136.263 Y145.479 E149.18497
G1 X136.354 Y145.223 E149.19039
G1 X136.471 Y145 E149.19541
G1 X136.829 Y144.592 E149.20625
G1 X136.99 Y144.463 E149.21036
G1 X137.349 Y144.304 E149.2182
G1 X136.838 Y144.158 E149.2288
G1 X136.295 Y143.875 E149.24102
G1 X135.777 Y143.439 E149.25454
G1 X135.39 Y142.933 E149.26725
G1 X135.107 Y142.332 E149.2805
G1 X134.968 Y141.692 E149.29357
G1 X134.968 Y141.047 E149.30645
G1 X135.108 Y140.407 E149.31952
G1 X135.392 Y139.807 E149.33277
G1 X135.794 Y139.289 E149.34585
G1 X136.286 Y138.874 E149.3587
G1 X136.848 Y138.58 E149.37135
G1 X137.344 Y138.439 E149.38164
G1 X136.983 Y138.277 E149.38954
G1 X136.734 Y138.07 E149.396
G1 X136.556 Y137.873 E149.4013
G1 X136.303 Y137.383 E149.41231
G1 X136.228 Y137.125 E149.41767
G1 X136.228 Y136.6 E149.42814
G1 X136.31 Y136.195 E149.43639
G1 X136.547 Y135.804 E149.44552
G1 X136.787 Y135.536 E149.45269
G1 X137.176 Y135.269 E149.46211
G1 F2248.2 X137.502 Y135.116 E149.46978
G1 F1875 X137.718 Y134.988 E149.4762
G1 F1672.5 X138.36 Y135.038 E149.49464
G1 F1959.2 X138.859 Y135.323 E149.50868
G1 F2400 X139.135 Y135.543 E149.51573
G1 X139.371 Y135.811 E149.52285
G1 X139.59 Y136.227 E149.53224
G1 X139.718 Y136.73 E149.54259
G1 X139.659 Y137.283 E149.55369
G1 X139.359 Y137.882 E149.56706
G1 X139.169 Y138.08 E149.57254
G1 X138.696 Y138.415 E149.5841
G1 X138.588 Y138.445 E149.58634
G1 X138.813 Y138.495 E149.59094
G1 X139.375 Y138.725 E149.60306
G1 X139.893 Y139.079 E149.61558
G1 X140.346 Y139.545 E149.62855
G1 X140.687 Y140.108 E149.64168
G1 X140.896 Y140.726 E149.6547
G1 X140.96 Y141.372 E149.66766
G1 X140.893 Y142.026 E149.68078
G1 X140.688 Y142.635 E149.6936
G1 X140.346 Y143.198 E149.70675
G1 X139.881 Y143.68 E149.72011
G1 X139.369 Y144.029 E149.73248
G1 X138.768 Y144.267 E149.74538
G1 X138.592 Y144.298 E149.74894
G1 X138.858 Y144.423 E149.75481
G1 X139.136 Y144.642 E149.76187
G1 X139.457 Y145.01 E149.77162
G1 X139.567 Y145.235 E149.77661
G1 X139.717 Y145.829 E149.78884
G1 X139.676 Y146.234 E149.79696
G1 X139.572 Y146.565 E149.80389
G1 X139.408 Y146.881 E149.81099
G1 X139.088 Y147.244 E149.82065
G1 F1951.2 X138.413 Y147.7 E149.84064
G0 F12000 X139.175 Y147
G0 X139.512 Y146.359
G0 X139.571 Y145.871
G0 X139.415 Y145.239
G0 X138.673 Y144.193
G0 X138.625 Y143.887
G1 F2253.5 X138.293 Y143.966 E149.8479
G1 F1983.5 X138.103 Y144.027 E149.85272
G1 F1904.8 X137.665 Y144.003 E149.86375
G1 F2157.3 X137.469 Y143.922 E149.86845
G1 F2400 X136.992 Y143.788 E149.87834
G1 X136.493 Y143.521 E149.88964
G1 X136.081 Y143.171 E149.90042
G1 X135.734 Y142.725 E149.9117
G1 X135.486 Y142.199 E149.92331
G1 X135.368 Y141.65 E149.93451
G1 X135.368 Y141.086 E149.94577
G1 X135.488 Y140.54 E149.95692
G1 X135.734 Y140.02 E149.9684
G1 X136.064 Y139.591 E149.9792
G1 X136.483 Y139.23 E149.99024
G1 X136.97 Y138.967 E150.00129
G1 X137.471 Y138.818 E150.01172
G1 F2248.2 X138.002 Y138.711 E150.02326
G1 F2201.8 X138.285 Y138.791 E150.02965
G1 F2341.5 X138.686 Y138.874 E150.03803
G1 F2400 X139.183 Y139.077 E150.04874
G1 X139.635 Y139.385 E150.05966
G1 X140.027 Y139.791 E150.07092
G1 X140.323 Y140.278 E150.08229
G1 X140.503 Y140.813 E150.09356
G1 X140.56 Y141.372 E150.10477
G1 X140.504 Y141.904 E150.11545
G1 X140.326 Y142.461 E150.12712
G1 X140.029 Y142.951 E150.13855
G1 X139.641 Y143.359 E150.14979
G1 X139.174 Y143.677 E150.16106
G1 X138.625 Y143.887 E150.17279
G0 F12000 X138.673 Y144.193
G0 X139.398 Y145.169
G0 X139.571 Y145.871
G0 X139.512 Y146.359
G0 X138.881 Y147.582
G0 X138.424 Y147.996
G0 X139.079 Y148.372
G1 F2400 X143.96 Y148.372 E150.2702
G1 X143.96 Y134.372 E150.54958
G1 X138.921 Y134.372 E150.65014
G1 F1959.2 X138.395 Y134.461 E150.66318
G1 F1696.1 X137.868 Y134.448 E150.67807
G1 F1723.5 X137.633 Y134.453 E150.6846
G1 F1889.8 X137.37 Y134.399 E150.69141
G1 F2248.2 X137.011 Y134.372 E150.69907
G1 F2400 X131.96 Y134.372 E150.79987
G1 X131.96 Y148.372 E151.07926
G1 X137.37 Y148.372 E151.18722
G1 F2016.8 X137.868 Y148.296 E151.19918
G1 F1690.1 X138.463 Y148.28 E151.21605
G1 F1951.2 X139.079 Y148.372 E151.23134
G0 F12000 X144.08 Y148.493
G0 X144.36 Y148.772
G1 F2400 X144.36 Y133.972 E151.52669
G1 X131.56 Y133.972 E151.78213
G1 X131.56 Y148.772 E152.07748
G1 X144.36 Y148.772 E152.33291
G0 F12000 X144.76 Y149.172
;TYPE:WALL-OUTER
G1 F2400 X144.76 Y133.572 E152.64423
G1 X131.16 Y133.572 E152.91563
G1 X131.16 Y149.172 E153.22695
G1 X144.76 Y149.172 E153.49835
G1 F1500 E146.99835
G0 F12000 X144.48 Y148.893
G0 X139.074 Y148.211
G0 X138.072 Y148.07
G0 X138.474 Y147.073
G0 X138.298 Y146.816
G1 F1500 E153.49835
G1 F2400 X137.839 Y146.871 E153.50758
G1 X137.422 Y146.713 E153.51647
G1 X137.218 Y146.514 E153.52216
G1 X137.028 Y146.151 E153.53034
G1 X137.028 Y145.706 E153.53922
G1 X137.127 Y145.457 E153.54457
G1 X137.423 Y145.135 E153.55329
G1 X137.841 Y144.971 E153.56225
G1 X138.29 Y145.025 E153.57128
G1 X138.535 Y145.171 E153.57697
G1 X138.8 Y145.472 E153.58497
G1 X138.913 Y145.913 E153.59406
G1 X138.862 Y146.197 E153.59982
G1 X138.675 Y146.557 E153.60791
G1 X138.298 Y146.816 E153.61704
G1 F1500 E147.11704
G0 F12000 X138.474 Y147.073
G0 X138.866 Y146.727
G0 X139.124 Y146.238
G0 X139.157 Y145.961
G0 X138.588 Y143.802
G0 X138.539 Y143.496
G1 F1500 E153.61704
G1 F2400 X138.079 Y143.568 E153.62633
G1 X137.61 Y143.543 E153.6357
G1 X137.127 Y143.406 E153.64572
G1 X136.721 Y143.193 E153.65487
G1 X136.365 Y142.889 E153.66422
G1 X136.067 Y142.494 E153.67409
G1 X135.864 Y142.051 E153.68381
G1 X135.771 Y141.623 E153.69255
G1 X135.772 Y141.113 E153.70273
G1 X135.878 Y140.65 E153.71221
G1 X136.089 Y140.214 E153.72188
G1 X136.36 Y139.861 E153.73076
G1 X136.718 Y139.554 E153.74017
G1 X137.134 Y139.333 E153.74957
G1 X137.624 Y139.196 E153.75972
G1 X138.097 Y139.174 E153.76917
G1 X138.571 Y139.258 E153.77878
G1 X139.009 Y139.438 E153.78823
G1 X139.394 Y139.706 E153.79759
G1 X139.72 Y140.056 E153.80714
G1 X139.948 Y140.432 E153.81591
G1 X140.111 Y140.917 E153.82612
G1 X140.16 Y141.372 E153.83525
G1 X140.11 Y141.835 E153.84455
G1 X139.948 Y142.312 E153.8546
G1 X139.694 Y142.722 E153.86423
G1 X139.361 Y143.066 E153.87378
G1 X138.971 Y143.326 E153.88313
G1 X138.539 Y143.496 E153.8924
G1 F1500 E147.3924
G0 F12000 X138.588 Y143.802
G0 X139.546 Y143.243
G0 X139.911 Y142.858
G0 X140.185 Y142.402
G0 X140.355 Y141.9
G0 X140.412 Y141.373
G0 X140.355 Y140.846
G0 X140.185 Y140.345
G0 X140.03 Y140.087
G0 X138.329 Y138.026
G0 X138.293 Y137.718
G1 F1500 E153.8924
G1 F2400 X137.842 Y137.773 E153.90147
G1 X137.422 Y137.608 E153.91047
G1 X137.218 Y137.413 E153.9161
G1 X137.03 Y137.055 E153.92417
G1 X137.028 Y136.635 E153.93255
G1 X137.114 Y136.37 E153.93811
G1 X137.416 Y136.033 E153.94714
G1 X137.85 Y135.872 E153.95638
G1 X138.295 Y135.926 E153.96533
G1 X138.535 Y136.071 E153.97092
G1 X138.801 Y136.374 E153.97897
G1 X138.913 Y136.812 E153.98799
G1 X138.867 Y137.086 E153.99354
G1 X138.681 Y137.446 E154.00162
G1 X138.293 Y137.718 E154.01108
G0 F12000 X138.329 Y138.026
G0 X139.911 Y139.889
G0 X140.185 Y140.345
G0 X140.355 Y140.846
G0 X140.412 Y141.373
G0 X140.355 Y141.9
G0 X140.185 Y142.402
G0 X138.694 Y144.297
G0 X139.505 Y146.913
G0 X139.698 Y147.085
;TYPE:SKIN
G1 F2400 X139.89 Y146.729 E154.01915
G1 X140.036 Y146.268 E154.0288
G1 X140.068 Y145.92 E154.03577
G1 X140.031 Y145.607 E154.04206
G1 X139.88 Y145.007 E154.05441
G1 X139.647 Y144.682 E154.06239
G1 X139.41 Y144.403 E154.0697
G1 X139.652 Y144.268 E154.07523
G1 X140.12 Y143.948 E154.08654
G1 X140.62 Y143.432 E154.10088
G1 X140.946 Y142.897 E154.11338
G1 X141.058 Y142.657 E154.11867
G1 X141.246 Y142.095 E154.13049
G1 X141.324 Y141.387 E154.14471
G1 X141.252 Y140.675 E154.15899
G1 X141.062 Y140.099 E154.17109
G1 X140.947 Y139.841 E154.17673
G1 X140.643 Y139.343 E154.18837
G1 X140.137 Y138.806 E154.2031
G1 X139.563 Y138.417 E154.21693
G1 X139.403 Y138.345 E154.22044
G1 X139.532 Y138.229 E154.2239
G1 X139.717 Y137.962 E154.23038
G1 X139.987 Y137.431 E154.24227
G1 X140.054 Y137.003 E154.25091
G1 X140.06 Y136.637 E154.25822
G1 X139.922 Y136.095 E154.26938
G1 X139.666 Y135.607 E154.28038
G1 X139.402 Y135.302 E154.28843
G1 X139.059 Y135.02 E154.29729
G1 X138.724 Y134.806 E154.30522
G1 X138.945 Y134.732 E154.30987
G1 X143.6 Y134.732 E154.40277
G1 X143.6 Y148.012 E154.66778
G1 X139.102 Y148.012 E154.75755
G1 X138.791 Y147.918 E154.76403
G1 X138.998 Y147.743 E154.76944
G1 X139.322 Y147.509 E154.77742
G1 X139.698 Y147.085 E154.78872
G0 F12000 X139.589 Y147.509
G1 F2400 X139.893 Y147.812 E154.79729
G0 F12000 X140.458 Y147.812
G1 F2400 X139.855 Y147.209 E154.81431
G0 F12000 X140.055 Y146.843
G1 F2400 X141.024 Y147.812 E154.84166
G0 F12000 X141.59 Y147.812
G1 F2400 X140.2 Y146.423 E154.88087
G0 F12000 X140.267 Y145.924
G1 F2400 X142.155 Y147.812 E154.93415
G0 F12000 X142.721 Y147.812
G1 F2400 X140.142 Y145.233 E155.00694
G0 F12000 X139.849 Y144.374
G1 F2400 X143.287 Y147.812 E155.10397
G0 F12000 X143.4 Y147.36
G1 F2400 X140.188 Y144.148 E155.19462
G0 F12000 X140.475 Y143.869
G1 F2400 X143.4 Y146.794 E155.27717
G0 F12000 X143.4 Y146.228
G1 F2400 X140.752 Y143.581 E155.35188
G0 F12000 X140.974 Y143.237
G1 F2400 X143.4 Y145.663 E155.42035
G0 F12000 X143.4 Y145.097
G1 F2400 X141.176 Y142.873 E155.48312
G0 F12000 X141.332 Y142.463
G1 F2400 X143.4 Y144.531 E155.54148
G0 F12000 X143.4 Y143.966
G1 F2400 X141.455 Y142.021 E155.59637
G0 F12000 X141.515 Y141.515
G1 F2400 X143.4 Y143.4 E155.64957
G0 F12000 X143.4 Y142.834
G1 F2400 X141.476 Y140.91 E155.70387
G0 F12000 X141.294 Y140.163
G1 F2400 X143.4 Y142.268 E155.76329
G0 F12000 X143.4 Y141.703
G1 F2400 X139.835 Y138.138 E155.8639
G0 F12000 X140.04 Y137.777
G1 F2400 X143.4 Y141.137 E155.95873
G0 F12000 X143.4 Y140.571
G1 F2400 X140.198 Y137.37 E156.04908
G0 F12000 X140.254 Y136.86
G1 F2400 X143.4 Y140.006 E156.13787
G0 F12000 X143.4 Y139.44
G1 F2400 X140.159 Y136.199 E156.22934
G0 F12000 X139.715 Y136.311
G0 X138.776 Y135.096
G0 X138.356 Y134.745
G0 X138.809 Y134.573
G0 X140.024 Y134.472
G0 X140.024 Y134.933
G1 F2400 X143.4 Y138.309 E156.32462
G0 F12000 X143.4 Y138.874
G1 F2400 X139.458 Y134.933 E156.43585
G0 F12000 X139.458 Y134.472
G0 X140.59 Y134.472
G0 X140.59 Y134.933
G1 F2400 X143.4 Y137.743 E156.51516
G0 F12000 X143.4 Y137.177
G1 F2400 X141.155 Y134.933 E156.5785
G0 F12000 X141.72 Y134.932
G1 F2400 X143.4 Y136.612 E156.62592
G0 F12000 X143.4 Y136.046
G1 F2400 X142.286 Y134.932 E156.65736
G0 F12000 X142.852 Y134.932
G1 F2400 X143.4 Y135.48 E156.67282
G0 F12000 X143.86 Y135.48
G0 X143.788 Y134.544
G0 X138.915 Y134.533
G0 X138.356 Y134.745
G0 X138.776 Y135.096
G0 X139.864 Y136.65
G0 X139.065 Y138.401
G0 X140.94 Y140.326
G0 X140.748 Y141.986
G0 X140.551 Y142.571
G0 X140.232 Y143.101
G0 X139.806 Y143.55
G0 X138.484 Y144.4
G0 X137.765 Y144.312
G0 X137.037 Y144.587
G0 X136.556 Y145.129
G0 X136.382 Y145.589
G0 X136.383 Y146.24
G0 X136.725 Y147.318
G0 X136.549 Y147.513
G1 F2400 X137.049 Y147.812 E156.68445
G1 X137.472 Y147.97 E156.69346
G1 X137.341 Y148.012 E156.6962
G1 X132.32 Y148.012 E156.7964
G1 X132.32 Y134.732 E157.06142
G1 X136.994 Y134.732 E157.1547
G1 X137.315 Y134.778 E157.16117
G1 X137.025 Y134.942 E157.16782
G1 X136.547 Y135.266 E157.17934
G1 X136.277 Y135.563 E157.18735
G1 X135.971 Y136.063 E157.19905
G1 X135.868 Y136.583 E157.20963
G1 X135.871 Y137.179 E157.22152
G1 X135.964 Y137.497 E157.22813
G1 X136.243 Y138.062 E157.24071
G1 X136.508 Y138.348 E157.24849
G1 X136.088 Y138.564 E157.25791
G1 X135.497 Y139.077 E157.27353
G1 X135.093 Y139.601 E157.28673
G1 X134.83 Y140.151 E157.2989
G1 X134.728 Y140.452 E157.30524
G1 X134.636 Y140.864 E157.31367
G1 X134.608 Y141.136 E157.31912
G1 X134.61 Y141.739 E157.33116
G1 X134.728 Y142.298 E157.34256
G1 X134.818 Y142.569 E157.34826
G1 X135.01 Y142.981 E157.35733
G1 X135.158 Y143.219 E157.36292
G1 X135.542 Y143.71 E157.37536
G1 X136.079 Y144.162 E157.38937
G1 X136.516 Y144.398 E157.39928
G1 X136.214 Y144.735 E157.40831
G1 X136.07 Y144.956 E157.41357
G1 X135.909 Y145.41 E157.42319
G1 X135.869 Y145.718 E157.42938
G1 X135.868 Y146.154 E157.43809
G1 X136.006 Y146.696 E157.44925
G1 X136.191 Y147.051 E157.45724
G1 X136.549 Y147.513 E157.4689
G0 F12000 X136.725 Y147.318
G0 X137.907 Y148.023
G0 X137.476 Y148.175
G0 X133.104 Y148.272
G0 X133.104 Y147.812
G1 F2400 X132.52 Y147.227 E157.4854
G0 F12000 X132.52 Y146.662
G1 F2400 X133.67 Y147.812 E157.51785
G0 F12000 X134.236 Y147.812
G1 F2400 X132.52 Y146.096 E157.56628
G0 F12000 X132.52 Y145.53
G1 F2400 X134.801 Y147.812 E157.63067
G0 F12000 X135.367 Y147.812
G1 F2400 X132.52 Y144.965 E157.71102
G0 F12000 X132.52 Y144.399
G1 F2400 X135.933 Y147.812 E157.80734
G0 F12000 X136.498 Y147.812
G1 F2400 X132.52 Y143.833 E157.91962
G0 F12000 X132.52 Y143.268
G1 F2400 X135.748 Y146.496 E158.01072
G0 F12000 X135.67 Y145.853
G1 F2400 X132.52 Y142.702 E158.09964
G0 F12000 X132.52 Y142.136
G1 F2400 X135.721 Y145.338 E158.18999
G0 F12000 X135.868 Y144.919
G1 F2400 X132.52 Y141.571 E158.28448
G0 F12000 X132.52 Y141.005
G1 F2400 X136.09 Y144.575 E158.38523
G0 F12000 X136.432 Y144.882
G0 X136.814 Y144.345
G0 X135.025 Y142.362
G0 X134.59 Y142.51
G1 F2400 X132.52 Y140.439 E158.44366
G0 F12000 X132.52 Y139.873
G1 F2400 X134.413 Y141.767 E158.4971
G0 F12000 X134.41 Y141.198
G1 F2400 X132.52 Y139.308 E158.55044
G0 F12000 X132.52 Y138.742
G1 F2400 X134.47 Y140.692 E158.60548
G0 F12000 X134.589 Y140.245
G1 F2400 X132.52 Y138.176 E158.66387
G0 F12000 X132.52 Y137.611
G1 F2400 X134.753 Y139.845 E158.7269
G0 F12000 X134.944 Y139.469
G1 F2400 X132.52 Y137.045 E158.79531
G0 F12000 X132.52 Y136.479
G1 F2400 X135.19 Y139.149 E158.87067
G0 F12000 X135.453 Y138.847
G1 F2400 X132.52 Y135.914 E158.95344
G0 F12000 X132.52 Y135.348
G1 F2400 X135.757 Y138.586 E159.04481
G0 F12000 X136.08 Y138.343
G1 F2400 X132.67 Y134.933 E159.14105
G0 F12000 X133.236 Y134.933
G1 F2400 X135.738 Y137.435 E159.21166
G0 F12000 X135.67 Y136.802
G1 F2400 X133.802 Y134.933 E159.26439
G0 F12000 X134.367 Y134.933
G1 F2400 X135.724 Y136.29 E159.30269
G0 F12000 X135.862 Y135.862
G1 F2400 X134.934 Y134.934 E159.32888
G0 F12000 X135.499 Y134.934
G1 F2400 X136.078 Y135.512 E159.34521
G0 F12000 X136.331 Y135.2
G1 F2400 X136.065 Y134.934 E159.35271
;MESH:NONMESH
G0 F300 X136.065 Y134.934 Z1.92
G0 F12000 X136.065 Y134.472
G0 X138.421 Y134.718
G0 X137.868 Y134.764
G0 X136.869 Y135.675
G0 X136.556 Y136.029
G0 X136.382 Y136.489
G0 X136.383 Y137.212
G0 X136.719 Y137.852
G0 X137.087 Y138.18
G0 X137.697 Y138.41
G0 X138.649 Y138.338
G0 X138.474 Y138.083
;TIME_ELAPSED:443.619076
;LAYER:15
;TYPE:WALL-INNER
;MESH:MotorMount_v2.stl
G1 F2114.5 X137.902 Y138.234 E159.36611
G1 F2181.8 X137.233 Y137.967 E159.38193
G1 F2285.7 X136.934 Y137.717 E159.39009
G1 F2341.5 X136.628 Y137.154 E159.4032
G1 F2382.1 X136.628 Y136.617 E159.414
G1 F2400 X136.755 Y136.172 E159.42323
G1 X137.085 Y135.803 E159.43311
G1 X137.318 Y135.643 E159.43875
G1 X137.782 Y135.466 E159.44866
G1 X138.301 Y135.524 E159.45908
G1 X138.513 Y135.591 E159.46352
G1 X138.835 Y135.807 E159.47126
G1 X139.071 Y136.075 E159.47838
G1 X139.202 Y136.325 E159.48402
G1 X139.305 Y136.759 E159.49292
G1 X139.27 Y137.177 E159.50129
G1 F2318.8 X138.99 Y137.72 E159.51391
G1 F2181.8 X138.474 Y138.083 E159.52776
G0 F12000 X138.649 Y138.338
G0 X139.806 Y139.198
G0 X140.232 Y139.646
G0 X140.55 Y140.176
G0 X140.748 Y140.759
G0 X140.815 Y141.373
G0 X140.748 Y141.986
G0 X140.551 Y142.571
G0 X140.232 Y143.101
G0 X138.711 Y144.523
G0 X139.398 Y145.169
G0 X139.571 Y145.871
G0 X139.512 Y146.359
G0 X139.209 Y146.936
G0 X138.74 Y147.375
G0 X138.565 Y147.119
G1 F2400 X138.328 Y147.215 E159.53286
G1 X137.782 Y147.278 E159.54383
G1 X137.318 Y147.101 E159.55374
G1 X136.925 Y146.816 E159.56343
G1 X136.696 Y146.379 E159.57327
G1 X136.628 Y146.127 E159.57848
G1 X136.628 Y145.635 E159.5883
G1 X136.799 Y145.229 E159.59709
G1 X137.16 Y144.819 E159.60799
G1 X137.502 Y144.673 E159.61541
G1 F2096.1 X137.789 Y144.523 E159.62281
G1 F1853.3 X138.085 Y144.54 E159.63048
G1 F1983.5 X138.305 Y144.599 E159.63598
G1 F2253.5 X138.669 Y144.775 E159.64457
G1 F2400 X138.835 Y144.907 E159.6488
G1 X139.164 Y145.28 E159.65873
G1 X139.314 Y145.865 E159.67078
G1 X139.27 Y146.28 E159.67911
G1 X139.053 Y146.697 E159.68849
G1 X138.861 Y146.915 E159.69428
G1 X138.565 Y147.119 E159.70146
G0 F12000 X138.413 Y147.7
G1 F1690.1 X137.868 Y147.744 E159.71695
G1 F2016.8 X137.176 Y147.475 E159.73458
G1 F2400 X136.791 Y147.242 E159.74356
G1 X136.51 Y146.886 E159.75262
G1 X136.342 Y146.565 E159.75985
G1 X136.228 Y146.144 E159.76855
G1 X136.228 Y145.744 E159.77653
G1 X136.263 Y145.479 E159.78187
G1 X136.354 Y145.223 E159.78729
G1 X136.471 Y145 E159.79231
G1 X136.829 Y144.592 E159.80315
G1 X136.99 Y144.463 E159.80726
G1 X137.349 Y144.304 E159.8151
G1 X136.838 Y144.158 E159.8257
G1 X136.295 Y143.875 E159.83792
G1 X135.777 Y143.439 E159.85144
G1 X135.39 Y142.933 E159.86415
G1 X135.107 Y142.332 E159.8774
G1 X134.968 Y141.692 E159.89047
G1 X134.968 Y141.047 E159.90335
G1 X135.108 Y140.407 E159.91642
G1 X135.392 Y139.807 E159.92967
G1 X135.794 Y139.289 E159.94275
G1 X136.286 Y138.874 E159.9556
G1 X136.848 Y138.58 E159.96825
G1 X137.344 Y138.439 E159.97854
G1 X136.983 Y138.277 E159.98644
G1 X136.734 Y138.07 E159.9929
G1 X136.556 Y137.873 E159.9982
G1 X136.303 Y137.383 E160.00921
G1 X136.228 Y137.125 E160.01457
G1 X136.228 Y136.6 E160.02504
G1 X136.31 Y136.195 E160.03329
G1 X136.547 Y135.804 E160.04242
G1 X136.787 Y135.536 E160.04959
G1 X137.176 Y135.269 E160.05901
G1 F2248.2 X137.502 Y135.116 E160.06668
G1 F1875 X137.718 Y134.988 E160.0731
G1 F1672.5 X138.36 Y135.038 E160.09154
G1 F1959.2 X138.859 Y135.323 E160.10558
G1 F2400 X139.135 Y135.543 E160.11263
G1 X139.371 Y135.811 E160.11975
G1 X139.59 Y136.227 E160.12914
G1 X139.718 Y136.73 E160.13949
G1 X139.659 Y137.283 E160.15059
G1 X139.359 Y137.882 E160.16396
G1 X139.169 Y138.08 E160.16944
G1 X138.696 Y138.415 E160.181
G1 X138.588 Y138.445 E160.18324
G1 X138.813 Y138.495 E160.18784
G1 X139.375 Y138.725 E160.19996
G1 X139.893 Y139.079 E160.21248
G1 X140.346 Y139.545 E160.22545
G1 X140.687 Y140.108 E160.23858
G1 X140.896 Y140.726 E160.2516
G1 X140.96 Y141.372 E160.26456
G1 X140.893 Y142.026 E160.27768
G1 X140.688 Y142.635 E160.2905
G1 X140.346 Y143.198 E160.30365
G1 X139.881 Y143.68 E160.31701
G1 X139.369 Y144.029 E160.32938
G1 X138.768 Y144.267 E160.34228
G1 X138.592 Y144.298 E160.34584
G1 X138.858 Y144.423 E160.35171
G1 X139.136 Y144.642 E160.35877
G1 X139.457 Y145.01 E160.36852
G1 X139.567 Y145.235 E160.37351
G1 X139.717 Y145.829 E160.38574
G1 X139.676 Y146.234 E160.39386
G1 X139.572 Y146.565 E160.40079
G1 X139.408 Y146.881 E160.40789
G1 X139.088 Y147.244 E160.41755
G1 F1951.2 X138.413 Y147.7 E160.43754
G0 F12000 X139.175 Y147
G0 X139.512 Y146.359
G0 X139.571 Y145.871
G0 X139.415 Y145.239
G0 X138.673 Y144.193
G0 X138.625 Y143.887
G1 F2253.5 X138.293 Y143.966 E160.4448
G1 F1983.5 X138.103 Y144.027 E160.44962
G1 F1904.8 X137.665 Y144.003 E160.46065
G1 F2157.3 X137.469 Y143.922 E160.46535
G1 F2400 X136.992 Y143.788 E160.47524
G1 X136.493 Y143.521 E160.48654
G1 X136.081 Y143.171 E160.49732
G1 X135.734 Y142.725 E160.5086
G1 X135.486 Y142.199 E160.52021
G1 X135.368 Y141.65 E160.53141
G1 X135.368 Y141.086 E160.54267
G1 X135.488 Y140.54 E160.55382
G1 X135.734 Y140.02 E160.5653
G1 X136.064 Y139.591 E160.5761
G1 X136.483 Y139.23 E160.58714
G1 X136.97 Y138.967 E160.59819
G1 X137.471 Y138.818 E160.60862
G1 F2248.2 X138.002 Y138.711 E160.62016
G1 F2201.8 X138.285 Y138.791 E160.62655
G1 F2341.5 X138.686 Y138.874 E160.63493
G1 F2400 X139.183 Y139.077 E160.64564
G1 X139.635 Y139.385 E160.65656
G1 X140.027 Y139.791 E160.66782
G1 X140.323 Y140.278 E160.67919
G1 X140.503 Y140.813 E160.69046
G1 X140.56 Y141.372 E160.70167
G1 X140.504 Y141.904 E160.71235
G1 X140.326 Y142.461 E160.72402
G1 X140.029 Y142.951 E160.73545
G1 X139.641 Y143.359 E160.74669
G1 X139.174 Y143.677 E160.75796
G1 X138.625 Y143.887 E160.76969
G0 F12000 X138.673 Y144.193
G0 X139.398 Y145.169
G0 X139.571 Y145.871
G0 X139.512 Y146.359
G0 X138.881 Y147.582
G0 X138.424 Y147.996
G0 X139.079 Y148.372
G1 F2400 X143.96 Y148.372 E160.8671
G1 X143.96 Y134.372 E161.14648
G1 X138.921 Y134.372 E161.24704
G1 F1959.2 X138.395 Y134.461 E161.26008
G1 F1696.1 X137.868 Y134.448 E161.27497
G1 F1723.5 X137.633 Y134.453 E161.2815
G1 F1889.8 X137.37 Y134.399 E161.28831
G1 F2248.2 X137.011 Y134.372 E161.29598
G1 F2400 X131.96 Y134.372 E161.39677
G1 X131.96 Y148.372 E161.67616
G1 X137.37 Y148.372 E161.78412
G1 F2016.8 X137.868 Y148.296 E161.79608
G1 F1690.1 X138.463 Y148.28 E161.81295
G1 F1951.2 X139.079 Y148.372 E161.82824
G0 F12000 X144.08 Y148.493
G0 X144.36 Y148.772
G1 F2400 X144.36 Y133.972 E162.12359
G1 X131.56 Y133.972 E162.37903
G1 X131.56 Y148.772 E162.67438
G1 X144.36 Y148.772 E162.92981
G0 F12000 X144.76 Y149.172
;TYPE:WALL-OUTER
G1 F2400 X144.76 Y133.572 E163.24113
G1 X131.16 Y133.572 E163.51253
G1 X131.16 Y149.172 E163.82385
G1 X144.76 Y149.172 E164.09525
G1 F1500 E157.59525
G0 F12000 X144.48 Y148.893
G0 X139.074 Y148.211
G0 X138.072 Y148.07
G0 X138.474 Y147.073
G0 X138.298 Y146.816
G1 F1500 E164.09525
G1 F2400 X137.839 Y146.871 E164.10448
G1 X137.422 Y146.713 E164.11337
G1 X137.218 Y146.514 E164.11906
G1 X137.028 Y146.151 E164.12724
G1 X137.028 Y145.706 E164.13612
G1 X137.127 Y145.457 E164.14147
G1 X137.423 Y145.135 E164.15019
G1 X137.841 Y144.971 E164.15915
G1 X138.29 Y145.025 E164.16818
G1 X138.535 Y145.171 E164.17387
G1 X138.8 Y145.472 E164.18187
G1 X138.913 Y145.913 E164.19096
G1 X138.862 Y146.197 E164.19672
G1 X138.675 Y146.557 E164.20481
G1 X138.298 Y146.816 E164.21394
G1 F1500 E157.71394
G0 F12000 X138.474 Y147.073
G0 X138.866 Y146.727
G0 X139.124 Y146.238
G0 X139.157 Y145.961
G0 X138.588 Y143.802
G0 X138.539 Y143.496
G1 F1500 E164.21394
G1 F2400 X138.079 Y143.568 E164.22323
G1 X137.61 Y143.543 E164.23261
G1 X137.127 Y143.406 E164.24262
G1 X136.721 Y143.193 E164.25177
G1 X136.365 Y142.889 E164.26112
G1 X136.067 Y142.494 E164.27099
G1 X135.864 Y142.051 E164.28071
G1 X135.771 Y141.623 E164.28946
G1 X135.772 Y141.113 E164.29963
G1 X135.878 Y140.65 E164.30911
G1 X136.089 Y140.214 E164.31878
G1 X136.36 Y139.861 E164.32766
G1 X136.718 Y139.554 E164.33707
G1 X137.134 Y139.333 E164.34647
G1 X137.624 Y139.196 E164.35662
G1 X138.097 Y139.174 E164.36607
G1 X138.571 Y139.258 E164.37568
G1 X139.009 Y139.438 E164.38513
G1 X139.394 Y139.706 E164.39449
G1 X139.72 Y140.056 E164.40404
G1 X139.948 Y140.432 E164.41281
G1 X140.111 Y140.917 E164.42302
G1 X140.16 Y141.372 E164.43215
G1 X140.11 Y141.835 E164.44145
G1 X139.948 Y142.312 E164.4515
G1 X139.694 Y142.722 E164.46113
G1 X139.361 Y143.066 E164.47068
G1 X138.971 Y143.326 E164.48003
G1 X138.539 Y143.496 E164.4893
G1 F1500 E157.9893
G0 F12000 X138.588 Y143.802
G0 X139.546 Y143.243
G0 X139.911 Y142.858
G0 X140.185 Y142.402
G0 X140.355 Y141.9
G0 X140.412 Y141.373
G0 X140.355 Y140.846
G0 X140.185 Y140.345
G0 X140.03 Y140.087
G0 X138.329 Y138.026
G0 X138.293 Y137.718
G1 F1500 E164.4893
G1 F2400 X137.842 Y137.773 E164.49837
G1 X137.422 Y137.608 E164.50737
G1 X137.218 Y137.413 E164.513
G1 X137.03 Y137.055 E164.52107
G1 X137.028 Y136.635 E164.52945
G1 X137.114 Y136.37 E164.53501
G1 X137.416 Y136.033 E164.54404
G1 X137.85 Y135.872 E164.55328
G1 X138.295 Y135.926 E164.56223
G1 X138.535 Y136.071 E164.56782
G1 X138.801 Y136.374 E164.57587
G1 X138.913 Y136.812 E164.58489
G1 X138.867 Y137.086 E164.59044
G1 X138.681 Y137.446 E164.59852
G1 X138.293 Y137.718 E164.60798
G0 F12000 X138.329 Y138.026
G0 X139.911 Y139.889
G0 X140.185 Y140.345
G0 X140.355 Y140.846
G0 X140.412 Y141.373
G0 X140.355 Y141.9
G0 X140.185 Y142.402
G0 X138.694 Y144.297
G0 X139.505 Y146.913
G0 X139.698 Y147.085
;TYPE:SKIN
G1 F2400 X139.89 Y146.729 E164.61605
G1 X140.036 Y146.268 E164.6257
G1 X140.068 Y145.92 E164.63267
G1 X140.031 Y145.607 E164.63896
G1 X139.88 Y145.007 E164.65131
G1 X139.647 Y144.682 E164.65929
G1 X139.41 Y144.403 E164.6666
G1 X139.652 Y144.268 E164.67213
G1 X140.12 Y143.948 E164.68344
G1 X140.62 Y143.432 E164.69778
G1 X140.946 Y142.897 E164.71028
G1 X141.058 Y142.657 E164.71557
G1 X141.246 Y142.095 E164.72739
G1 X141.324 Y141.387 E164.74161
G1 X141.252 Y140.675 E164.75589
G1 X141.062 Y140.099 E164.76799
G1 X140.947 Y139.841 E164.77363
G1 X140.643 Y139.343 E164.78527
G1 X140.137 Y138.806 E164.8
G1 X139.563 Y138.417 E164.81384
G1 X139.403 Y138.345 E164.81734
G1 X139.532 Y138.229 E164.8208
G1 X139.717 Y137.962 E164.82728
G1 X139.987 Y137.431 E164.83917
G1 X140.054 Y137.003 E164.84781
G1 X140.06 Y136.637 E164.85512
G1 X139.922 Y136.095 E164.86628
G1 X139.666 Y135.607 E164.87728
G1 X139.402 Y135.302 E164.88533
G1 X139.059 Y135.02 E164.89419
G1 X138.724 Y134.806 E164.90212
G1 X138.945 Y134.732 E164.90677
G1 X143.6 Y134.732 E164.99967
G1 X143.6 Y148.012 E165.26468
G1 X139.102 Y148.012 E165.35445
G1 X138.791 Y147.918 E165.36093
G1 X138.998 Y147.743 E165.36634
G1 X139.322 Y147.509 E165.37432
G1 X139.698 Y147.085 E165.38563
G0 F12000 X139.505 Y146.914
G0 X138.424 Y147.996
G0 X138.95 Y148.171
G0 X142.95 Y148.272
G0 X142.95 Y147.812
G1 F2400 X143.4 Y147.362 E165.39833
G0 F12000 X143.4 Y146.797
G1 F2400 X142.384 Y147.812 E165.42698
G0 F12000 X141.819 Y147.812
G1 F2400 X143.4 Y146.231 E165.4716
G0 F12000 X143.4 Y145.665
G1 F2400 X141.253 Y147.812 E165.5322
G0 F12000 X140.687 Y147.812
G1 F2400 X143.4 Y145.1 E165.60875
G0 F12000 X143.4 Y144.534
G1 F2400 X140.122 Y147.812 E165.70126
G0 F12000 X139.556 Y147.812
G1 F2400 X143.4 Y143.968 E165.80975
G0 F12000 X143.4 Y143.403
G1 F2400 X140.111 Y146.691 E165.90256
G0 F12000 X140.263 Y145.974
G1 F2400 X143.4 Y142.837 E165.99109
G0 F12000 X143.4 Y142.271
G1 F2400 X140.202 Y145.47 E166.08136
G0 F12000 X140.089 Y145.016
G1 F2400 X143.4 Y141.706 E166.17479
G0 F12000 X143.4 Y141.14
G1 F2400 X139.879 Y144.661 E166.27416
G0 F12000 X139.504 Y144.928
G0 X139.05 Y144.35
G0 X140.823 Y142.552
G0 X141.242 Y142.732
G1 F2400 X143.4 Y140.574 E166.33506
G0 F12000 X143.4 Y140.009
G1 F2400 X141.465 Y141.943 E166.38966
G0 F12000 X141.518 Y141.324
G1 F2400 X143.4 Y139.443 E166.44276
G0 F12000 X143.4 Y138.877
G1 F2400 X141.467 Y140.81 E166.49731
G0 F12000 X141.359 Y140.352
G1 F2400 X143.4 Y138.312 E166.5549
G0 F12000 X143.4 Y137.746
G1 F2400 X141.209 Y139.937 E166.61673
G0 F12000 X141.013 Y139.567
G1 F2400 X143.4 Y137.18 E166.6841
G0 F12000 X143.4 Y136.614
G1 F2400 X140.799 Y139.215 E166.7575
G0 F12000 X140.525 Y138.923
G1 F2400 X143.4 Y136.049 E166.83863
G0 F12000 X143.4 Y135.483
G1 F2400 X140.249 Y138.634 E166.92756
G0 F12000 X139.909 Y138.408
G1 F2400 X143.386 Y134.932 E167.02567
G0 F12000 X142.82 Y134.932
G1 F2400 X140.11 Y137.642 E167.10215
G0 F12000 X140.254 Y136.932
G1 F2400 X142.254 Y134.932 E167.1586
G0 F12000 X141.689 Y134.932
G1 F2400 X140.212 Y136.408 E167.20027
G0 F12000 X140.084 Y135.971
G1 F2400 X141.122 Y134.932 E167.22958
G0 F12000 X140.557 Y134.932
G1 F2400 X139.888 Y135.6 E167.24844
G0 F12000 X139.648 Y135.275
G1 F2400 X139.991 Y134.932 E167.25812
G0 F12000 X139.425 Y134.932
G1 F2400 X139.353 Y135.004 E167.26016
G0 F12000 X139.067 Y135.364
G0 X139.398 Y136.069
G0 X139.571 Y136.771
G0 X139.512 Y137.259
G0 X139.175 Y137.9
G0 X138.438 Y138.575
G0 X138.114 Y138.523
G0 X137.498 Y138.557
G0 X136.904 Y138.721
G0 X136.357 Y139.011
G0 X135.888 Y139.411
G0 X135.514 Y139.901
G0 X135.255 Y140.463
G0 X135.122 Y141.065
G0 X135.122 Y141.682
G0 X135.255 Y142.284
G0 X135.514 Y142.846
G0 X135.888 Y143.336
G0 X137.037 Y144.587
G0 X136.556 Y145.129
G0 X136.382 Y145.589
G0 X136.383 Y146.24
G0 X136.725 Y147.318
G0 X136.549 Y147.513
G1 F2400 X137.049 Y147.812 E167.27178
G1 X137.472 Y147.97 E167.28079
G1 X137.341 Y148.012 E167.28354
G1 X132.32 Y148.012 E167.38374
G1 X132.32 Y134.732 E167.64875
G1 X136.994 Y134.732 E167.74203
G1 X137.315 Y134.778 E167.7485
G1 X137.025 Y134.942 E167.75515
G1 X136.547 Y135.266 E167.76667
G1 X136.277 Y135.563 E167.77468
G1 X135.971 Y136.063 E167.78638
G1 X135.868 Y136.583 E167.79696
G1 X135.871 Y137.179 E167.80885
G1 X135.964 Y137.497 E167.81547
G1 X136.243 Y138.062 E167.82804
G1 X136.508 Y138.348 E167.83582
G1 X136.088 Y138.564 E167.84525
G1 X135.497 Y139.077 E167.86086
G1 X135.093 Y139.601 E167.87407
G1 X134.83 Y140.151 E167.88623
G1 X134.728 Y140.452 E167.89258
G1 X134.636 Y140.864 E167.901
G1 X134.608 Y141.136 E167.90646
G1 X134.61 Y141.739 E167.91849
G1 X134.728 Y142.298 E167.92989
G1 X134.818 Y142.569 E167.93559
G1 X135.01 Y142.981 E167.94466
G1 X135.158 Y143.219 E167.95025
G1 X135.542 Y143.71 E167.96269
G1 X136.079 Y144.162 E167.9767
G1 X136.516 Y144.398 E167.98661
G1 X136.214 Y144.735 E167.99564
G1 X136.07 Y144.956 E168.00091
G1 X135.909 Y145.41 E168.01052
G1 X135.869 Y145.718 E168.01672
G1 X135.868 Y146.154 E168.02542
G1 X136.006 Y146.696 E168.03658
G1 X136.191 Y147.051 E168.04457
G1 X136.549 Y147.513 E168.05623
G0 F12000 X136.368 Y147.606
G1 F2400 X136.162 Y147.812 E168.06205
G0 F12000 X136.119 Y147.289
G1 F2400 X135.596 Y147.812 E168.07681
G0 F12000 X135.031 Y147.812
G1 F2400 X135.905 Y146.938 E168.10147
G0 F12000 X135.754 Y146.523
G1 F2400 X134.465 Y147.812 E168.13785
G0 F12000 X133.899 Y147.812
G1 F2400 X135.669 Y146.042 E168.1878
G0 F12000 X135.707 Y145.439
G1 F2400 X133.333 Y147.812 E168.25479
G0 F12000 X132.768 Y147.812
G1 F2400 X136.12 Y144.46 E168.34939
G0 F12000 X135.814 Y144.2
G1 F2400 X132.52 Y147.494 E168.44235
G0 F12000 X132.52 Y146.928
G1 F2400 X135.507 Y143.941 E168.52665
G0 F12000 X135.238 Y143.645
G1 F2400 X132.52 Y146.363 E168.60336
G0 F12000 X132.52 Y145.797
G1 F2400 X134.991 Y143.326 E168.6731
G0 F12000 X134.783 Y142.969
G1 F2400 X132.52 Y145.231 E168.73695
G0 F12000 X132.52 Y144.666
G1 F2400 X134.611 Y142.575 E168.79596
G0 F12000 X134.488 Y142.132
G1 F2400 X132.52 Y144.1 E168.8515
G0 F12000 X132.52 Y143.534
G1 F2400 X134.412 Y141.643 E168.90489
G0 F12000 X134.413 Y141.076
G1 F2400 X132.52 Y142.969 E168.95831
G0 F12000 X132.52 Y142.403
G1 F2400 X134.543 Y140.38 E169.0154
G0 F12000 X134.983 Y140.505
G0 X135.492 Y139.512
G0 X135.126 Y139.231
G1 F2400 X132.52 Y141.837 E169.08895
G0 F12000 X132.52 Y141.271
G1 F2400 X135.925 Y137.867 E169.18503
G0 F12000 X136.112 Y138.246
G1 F2400 X135.848 Y138.509 E169.19247
G0 F12000 X136.146 Y138.86
G0 X136.834 Y138.387
G0 X136.19 Y137.348
G0 X135.75 Y137.476
G1 F2400 X132.52 Y140.706 E169.28363
G0 F12000 X132.52 Y140.14
G1 F2400 X135.671 Y136.989 E169.37256
G0 F12000 X135.703 Y136.392
G1 F2400 X132.52 Y139.574 E169.46237
G0 F12000 X132.52 Y139.009
G1 F2400 X136.332 Y135.197 E169.56996
G1 X136.417 Y135.112
G1 X136.596 Y134.933 E169.57501
G0 F12000 X136.03 Y134.933
G1 F2400 X132.52 Y138.443 E169.67407
G0 F12000 X132.52 Y137.877
G1 F2400 X135.465 Y134.933 E169.75717
G0 F12000 X134.899 Y134.933
G1 F2400 X132.52 Y137.312 E169.82431
G0 F12000 X132.52 Y136.746
G1 F2400 X134.334 Y134.932 E169.8755
G0 F12000 X133.768 Y134.932
G1 F2400 X132.52 Y136.18 E169.91072
G0 F12000 X132.52 Y135.615
G1 F2400 X133.203 Y134.932 E169.93
G0 F12000 X132.637 Y134.932
G1 F2400 X132.52 Y135.049 E169.9333
;MESH:NONMESH
G0 F300 X132.52 Y135.049 Z2.04
G0 F12000 X132.06 Y135.049
G0 X132.132 Y134.544
G0 X137.013 Y134.533
G0 X138.421 Y134.718
G0 X137.868 Y134.764
G0 X136.16 Y136.14
G0 X136.064 Y137.152
G0 X137.087 Y138.18
G0 X137.697 Y138.41
G0 X138.465 Y138.413
G0 X138.427 Y138.095
;TIME_ELAPSED:471.552165
;LAYER:16
;TYPE:WALL-INNER
;MESH:MotorMount_v2.stl
G1 F2114.5 X137.9 Y138.234 E169.94565
G1 F2181.8 X137.233 Y137.967 E169.96142
G1 F2285.7 X136.934 Y137.717 E169.96959
G1 F2341.5 X136.628 Y137.154 E169.98269
G1 F2382.1 X136.628 Y136.617 E169.99349
G1 F2400 X136.756 Y136.175 E170.00267
G1 X137.082 Y135.807 E170.01248
G1 X137.253 Y135.672 E170.01683
G1 X137.588 Y135.529 E170.0241
G1 X138.134 Y135.466 E170.03507
G1 X138.598 Y135.643 E170.04498
G1 X138.831 Y135.803 E170.05062
G1 X139.071 Y136.071 E170.0578
G1 X139.208 Y136.332 E170.06368
G1 X139.292 Y136.684 E170.0709
G1 X139.3 Y136.928 E170.07577
G1 F2364.5 X139.157 Y137.471 E170.08715
G1 F2285.7 X138.763 Y137.919 E170.09965
G1 F2181.8 X138.427 Y138.095 E170.10798
G0 F12000 X138.571 Y138.371
G0 X139.806 Y139.197
G0 X140.229 Y139.643
G0 X140.55 Y140.175
G0 X140.746 Y140.756
G0 X140.815 Y141.372
G0 X140.748 Y141.986
G0 X140.552 Y142.567
G0 X140.232 Y143.101
G0 X139.808 Y143.547
G0 X138.882 Y144.587
G0 X139.398 Y145.17
G0 X139.584 Y145.926
G0 X139.397 Y146.678
G0 X139.009 Y147.117
G0 X138.365 Y147.525
G0 X138.328 Y147.215
G1 F2400 X137.782 Y147.278 E170.11894
G1 X137.318 Y147.101 E170.12885
G1 X136.925 Y146.816 E170.13854
G1 X136.696 Y146.379 E170.14839
G1 X136.628 Y146.127 E170.1536
G1 X136.628 Y145.634 E170.16344
G1 X136.798 Y145.234 E170.17211
G1 X137.11 Y144.876 E170.18159
G1 F2038.2 X137.61 Y144.553 E170.19557
G1 F1801.1 X138.095 Y144.516 E170.20851
G1 F2077.9 X138.507 Y144.708 E170.21898
G1 F2400 X138.742 Y144.804 E170.22405
G1 X139.171 Y145.282 E170.23687
G1 X139.327 Y145.927 E170.25011
G1 X139.202 Y146.42 E170.26026
G1 X139.071 Y146.669 E170.26587
G1 X138.748 Y147.036 E170.27563
G1 X138.328 Y147.215 E170.28474
G0 F12000 X138.413 Y147.7
G1 F1690.1 X137.868 Y147.744 E170.30024
G1 F2016.8 X137.176 Y147.475 E170.31787
G1 F2400 X136.791 Y147.242 E170.32685
G1 X136.51 Y146.886 E170.3359
G1 X136.342 Y146.565 E170.34313
G1 X136.228 Y146.144 E170.35183
G1 X136.228 Y145.744 E170.35982
G1 X136.263 Y145.479 E170.36515
G1 X136.41 Y145.074 E170.37375
G1 F2388.1 X136.88 Y144.533 E170.38812
G1 F2376.2 X137.255 Y144.294 E170.39708
G1 F2382.1 X136.757 Y144.116 E170.40772
G1 F2400 X136.293 Y143.875 E170.41815
G1 X135.77 Y143.43 E170.43186
G1 X135.388 Y142.931 E170.4444
G1 X135.112 Y142.337 E170.45747
G1 X134.968 Y141.698 E170.47054
G1 X134.968 Y141.047 E170.48353
G1 X135.108 Y140.407 E170.4966
G1 X135.392 Y139.807 E170.50985
G1 X135.794 Y139.289 E170.52294
G1 X136.286 Y138.874 E170.53578
G1 X136.848 Y138.58 E170.54844
G1 X137.344 Y138.439 E170.55873
G1 X136.983 Y138.277 E170.56663
G1 X136.734 Y138.07 E170.57309
G1 X136.556 Y137.873 E170.57839
G1 X136.303 Y137.383 E170.58939
G1 X136.228 Y137.125 E170.59475
G1 X136.228 Y136.6 E170.60523
G1 X136.313 Y136.191 E170.61357
G1 X136.542 Y135.814 E170.62237
G1 X136.782 Y135.542 E170.62961
G1 X137.067 Y135.318 E170.63684
G1 X137.226 Y135.234 E170.64043
G1 F1951.2 X137.503 Y135.044 E170.64868
G1 F1690.1 X138.048 Y135 E170.66417
G1 F2016.8 X138.74 Y135.269 E170.6818
G1 F2400 X139.129 Y135.536 E170.69122
G1 X139.369 Y135.804 E170.6984
G1 X139.597 Y136.239 E170.7082
G1 X139.701 Y136.673 E170.7171
G1 X139.694 Y136.997 E170.72357
G1 X139.575 Y137.47 E170.7333
G1 X139.468 Y137.722 E170.73877
G1 X139.136 Y138.102 E170.74884
G1 X138.849 Y138.325 E170.75609
G1 X138.589 Y138.446 E170.76181
G1 X138.859 Y138.513 E170.76736
G1 X139.375 Y138.717 E170.77844
G1 X139.91 Y139.094 E170.7915
G1 X140.35 Y139.546 E170.80409
G1 X140.685 Y140.11 E170.81718
G1 X140.895 Y140.72 E170.83005
G1 X140.96 Y141.372 E170.84313
G1 X140.893 Y142.026 E170.85625
G1 X140.69 Y142.63 E170.86896
G1 X140.349 Y143.195 E170.88213
G1 X139.885 Y143.676 E170.89547
G1 X139.376 Y144.023 E170.90776
G1 X138.788 Y144.261 E170.92042
G1 X138.562 Y144.302 E170.92501
G1 X138.862 Y144.423 E170.93146
G1 X139.129 Y144.636 E170.93828
G1 X139.47 Y145.018 E170.9485
G1 X139.58 Y145.277 E170.95411
G1 X139.718 Y145.842 E170.96572
G1 X139.678 Y146.17 E170.97231
G1 X139.59 Y146.518 E170.97948
G1 X139.371 Y146.933 E170.98884
G1 X139.135 Y147.201 E170.99597
G1 X138.849 Y147.426 E171.00323
G1 X138.69 Y147.51 E171.00682
G1 F1951.2 X138.413 Y147.7 E171.01506
G0 F12000 X139.397 Y146.678
G0 X139.584 Y145.926
G0 X139.417 Y145.246
G0 X138.696 Y144.19
G0 X138.646 Y143.882
G1 F2285.7 X138.336 Y143.954 E171.02173
G1 F2025.3 X138.121 Y144.02 E171.02705
G1 F1832.1 X137.592 Y144.015 E171.04088
G1 F2012.6 X137.327 Y143.888 E171.04787
G1 F2347.2 X136.986 Y143.784 E171.05515
G1 F2382.1 X136.491 Y143.52 E171.06643
G1 F2400 X136.064 Y143.153 E171.07766
G1 X135.731 Y142.721 E171.08855
G1 X135.492 Y142.205 E171.0999
G1 X135.368 Y141.656 E171.11113
G1 X135.368 Y141.086 E171.1225
G1 X135.488 Y140.54 E171.13366
G1 X135.734 Y140.02 E171.14514
G1 X136.064 Y139.591 E171.15594
G1 X136.483 Y139.23 E171.16698
G1 X136.97 Y138.967 E171.17802
G1 X137.471 Y138.818 E171.18845
G1 F2248.2 X138 Y138.712 E171.19995
G1 F2201.8 X138.285 Y138.791 E171.20638
G1 F2318.8 X138.664 Y138.866 E171.21436
G1 F2364.5 X139.183 Y139.071 E171.22566
G1 F2388.1 X139.647 Y139.395 E171.23701
G1 F2400 X140.03 Y139.79 E171.24799
G1 X140.32 Y140.279 E171.25934
G1 X140.503 Y140.811 E171.27056
G1 X140.56 Y141.372 E171.28182
G1 X140.504 Y141.904 E171.29249
G1 X140.326 Y142.459 E171.30412
G1 X140.029 Y142.952 E171.31561
G1 X139.648 Y143.348 E171.32658
G1 X139.181 Y143.671 E171.33791
G1 X138.646 Y143.882 E171.34938
G0 F12000 X138.696 Y144.19
G0 X139.398 Y145.17
G0 X139.584 Y145.926
G0 X139.397 Y146.678
G0 X138.424 Y147.995
G0 X138.902 Y148.371
G1 F2400 X143.96 Y148.372 E171.45032
G1 X143.96 Y134.372 E171.72971
G1 X138.546 Y134.372 E171.83775
G1 F2016.8 X138.048 Y134.448 E171.84971
G1 F1690.1 X137.453 Y134.464 E171.86658
G1 F1951.2 X137.014 Y134.373 E171.87758
G1 F2400 X131.96 Y134.372 E171.97844
G1 X131.96 Y148.372 E172.25783
G1 X137.37 Y148.372 E172.36579
G1 F2016.8 X137.868 Y148.296 E172.37775
G1 F1690.1 X138.463 Y148.28 E172.39462
G1 F1951.2 X138.902 Y148.371 E172.40563
G0 F12000 X144.08 Y148.493
G0 X144.36 Y148.772
G1 F2400 X144.36 Y133.972 E172.70098
G1 X131.56 Y133.972 E172.95641
G1 X131.56 Y148.772 E173.25176
G1 X144.36 Y148.772 E173.5072
G0 F12000 X144.76 Y149.172
;TYPE:WALL-OUTER
G1 F2400 X144.76 Y133.572 E173.81852
G1 X131.16 Y133.572 E174.08992
G1 X131.16 Y149.172 E174.40123
G1 X144.76 Y149.172 E174.67264
G1 F1500 E168.17264
G0 F12000 X144.48 Y148.893
G0 X138.895 Y148.21
G0 X138.07 Y148.059
G0 X138.651 Y146.977
G0 X138.508 Y146.703
G1 F1500 E174.67264
G1 F2400 X138.259 Y146.821 E174.67813
G1 X137.839 Y146.871 E174.68658
G1 X137.422 Y146.713 E174.69547
G1 X137.218 Y146.514 E174.70116
G1 X137.028 Y146.151 E174.70934
G1 X137.028 Y145.705 E174.71824
G1 X137.117 Y145.478 E174.7231
G1 X137.406 Y145.144 E174.73192
G1 X137.625 Y145.031 E174.73684
G1 X138.069 Y144.976 E174.74576
G1 X138.502 Y145.135 E174.75497
G1 X138.805 Y145.474 E174.76404
G1 X138.908 Y145.924 E174.77326
G1 X138.803 Y146.369 E174.78238
G1 X138.508 Y146.703 E174.79127
G1 F1500 E168.29127
G0 F12000 X138.651 Y146.977
G0 X139.033 Y146.486
G0 X139.172 Y145.925
G0 X138.578 Y143.803
G0 X138.528 Y143.498
G1 F1500 E174.79127
G1 F2400 X138.087 Y143.568 E174.80018
G1 X137.577 Y143.537 E174.81038
G1 X137.127 Y143.406 E174.81973
G1 X136.706 Y143.181 E174.82926
G1 X136.366 Y142.89 E174.83819
G1 X136.066 Y142.493 E174.84812
G1 X135.882 Y142.097 E174.85683
G1 X135.771 Y141.627 E174.86647
G1 X135.772 Y141.113 E174.87673
G1 X135.878 Y140.65 E174.88621
G1 X136.089 Y140.214 E174.89587
G1 X136.36 Y139.861 E174.90475
G1 X136.718 Y139.554 E174.91417
G1 X137.134 Y139.333 E174.92357
G1 X137.624 Y139.196 E174.93372
G1 X138.093 Y139.174 E174.94309
G1 X138.566 Y139.257 E174.95267
G1 X139.01 Y139.438 E174.96224
G1 X139.397 Y139.709 E174.97167
G1 X139.72 Y140.053 E174.98109
G1 X139.962 Y140.467 E174.99066
G1 X140.111 Y140.917 E175.00012
G1 X140.16 Y141.372 E175.00925
G1 X140.11 Y141.835 E175.01854
G1 X139.948 Y142.312 E175.0286
G1 X139.698 Y142.718 E175.03811
G1 X139.365 Y143.062 E175.04766
G1 X138.976 Y143.322 E175.057
G1 X138.528 Y143.498 E175.06661
G1 F1500 E168.56661
G0 F12000 X138.578 Y143.803
G0 X139.548 Y143.24
G0 X139.912 Y142.857
G0 X140.186 Y142.399
G0 X140.355 Y141.9
G0 X140.412 Y141.373
G0 X140.354 Y140.843
G0 X140.185 Y140.345
G0 X139.909 Y139.887
G0 X138.765 Y137.78
G0 X138.534 Y137.574
G1 F1500 E175.06661
G1 F2400 X138.291 Y137.718 E175.07224
G1 X137.842 Y137.773 E175.08127
G1 X137.422 Y137.608 E175.09028
G1 X137.218 Y137.413 E175.09591
G1 X137.03 Y137.055 E175.10398
G1 X137.028 Y136.635 E175.11236
G1 X137.115 Y136.373 E175.11787
G1 X137.409 Y136.04 E175.12673
G1 X137.657 Y135.923 E175.13221
G1 X138.077 Y135.873 E175.14065
G1 X138.501 Y136.034 E175.1497
G1 X138.807 Y136.376 E175.15886
G1 X138.915 Y136.826 E175.16809
G1 X138.8 Y137.272 E175.17728
G1 X138.534 Y137.574 E175.18531
G0 F12000 X138.765 Y137.78
G0 X139.546 Y139.504
G0 X139.909 Y139.887
G0 X140.185 Y140.345
G0 X140.354 Y140.843
G0 X140.412 Y141.373
G0 X140.355 Y141.9
G0 X140.186 Y142.399
G0 X138.695 Y144.3
G0 X139.438 Y147.009
G0 X139.639 Y147.173
;TYPE:SKIN
G1 F2400 X139.922 Y146.645 E175.19727
G1 X140.026 Y146.258 E175.20527
G1 X140.064 Y145.924 E175.21197
G1 X140.031 Y145.603 E175.21841
G1 X139.927 Y145.183 E175.22705
G1 X139.771 Y144.815 E175.23502
G1 X139.399 Y144.401 E175.24613
G1 X139.655 Y144.265 E175.25192
G1 X140.097 Y143.966 E175.26257
G1 X140.532 Y143.524 E175.27494
G1 X140.708 Y143.293 E175.28074
G1 X140.95 Y142.889 E175.29014
G1 X141.058 Y142.657 E175.29524
G1 X141.246 Y142.095 E175.30707
G1 X141.324 Y141.388 E175.32126
G1 X141.264 Y140.792 E175.33322
G1 X141.204 Y140.513 E175.33891
G1 X141.022 Y139.975 E175.35025
G1 X140.72 Y139.464 E175.36209
G1 X140.524 Y139.208 E175.36853
G1 X140.16 Y138.832 E175.37897
G1 X139.647 Y138.467 E175.39153
G1 X139.404 Y138.338 E175.39702
G1 X139.648 Y138.061 E175.40439
G1 X139.871 Y137.744 E175.41212
G1 X140.05 Y137.059 E175.42625
G1 X140.056 Y136.63 E175.43482
G1 X139.947 Y136.157 E175.4445
G1 X139.666 Y135.603 E175.4569
G1 X139.402 Y135.298 E175.46495
G1 X138.902 Y134.947 E175.47714
G1 X138.446 Y134.769 E175.48691
G1 X138.569 Y134.732 E175.48947
G1 X143.6 Y134.732 E175.58987
G1 X143.6 Y148.011 E175.85487
G1 X138.932 Y148.008 E175.94802
G1 X138.752 Y147.934 E175.95191
G1 X139.379 Y147.463 E175.96756
G1 X139.639 Y147.173 E175.97533
G0 F12000 X139.596 Y147.516
G1 F2400 X139.888 Y147.808 E175.98357
G0 F12000 X140.455 Y147.809
G1 F2400 X139.853 Y147.207 E176.00056
G0 F12000 X140.047 Y146.835
G1 F2400 X141.02 Y147.809 E176.02803
G0 F12000 X141.587 Y147.809
G1 F2400 X140.192 Y146.415 E176.06739
G0 F12000 X140.263 Y145.92
G1 F2400 X142.153 Y147.809 E176.12072
G0 F12000 X142.719 Y147.81
G1 F2400 X140.146 Y145.238 E176.19332
G0 F12000 X139.847 Y144.373
G1 F2400 X143.285 Y147.81 E176.29033
G0 F12000 X143.4 Y147.36
G1 F2400 X140.187 Y144.147 E176.38101
G0 F12000 X140.474 Y143.868
G1 F2400 X143.4 Y146.794 E176.46359
G0 F12000 X143.4 Y146.228
G1 F2400 X140.745 Y143.574 E176.5385
G0 F12000 X140.975 Y143.238
G1 F2400 X143.4 Y145.663 E176.60694
G0 F12000 X143.4 Y145.097
G1 F2400 X141.175 Y142.872 E176.66973
G0 F12000 X141.333 Y142.464
G1 F2400 X143.4 Y144.531 E176.72807
G0 F12000 X143.4 Y143.966
G1 F2400 X141.455 Y142.021 E176.78296
G0 F12000 X141.515 Y141.515
G1 F2400 X143.4 Y143.4 E176.83616
G0 F12000 X143.4 Y142.834
G1 F2400 X141.477 Y140.911 E176.89043
G0 F12000 X141.298 Y140.167
G1 F2400 X143.4 Y142.268 E176.94974
G0 F12000 X143.4 Y141.703
G1 F2400 X139.836 Y138.139 E177.05032
G0 F12000 X140.066 Y137.803
G1 F2400 X143.4 Y141.137 E177.14442
G0 F12000 X143.4 Y140.571
G1 F2400 X140.181 Y137.353 E177.23525
G0 F12000 X140.251 Y136.857
G1 F2400 X143.4 Y140.006 E177.32412
G0 F12000 X143.4 Y139.44
G1 F2400 X140.162 Y136.202 E177.41551
G0 F12000 X139.717 Y136.308
G0 X138.009 Y134.721
G0 X138.44 Y134.569
G0 X140.024 Y134.472
G0 X140.024 Y134.933
G1 F2400 X143.4 Y138.309 E177.51078
G0 F12000 X143.4 Y138.874
G1 F2400 X139.458 Y134.933 E177.62202
G0 F12000 X139.458 Y134.472
G0 X140.59 Y134.472
G0 X140.59 Y134.933
G1 F2400 X143.4 Y137.743 E177.70133
G0 F12000 X143.4 Y137.177
G1 F2400 X141.155 Y134.933 E177.76467
G0 F12000 X141.72 Y134.932
G1 F2400 X143.4 Y136.612 E177.81208
G0 F12000 X143.4 Y136.046
G1 F2400 X142.286 Y134.932 E177.84352
G0 F12000 X142.852 Y134.932
G1 F2400 X143.4 Y135.48 E177.85899
G0 F12000 X143.86 Y135.48
G0 X143.788 Y134.544
G0 X138.541 Y134.533
G0 X138.009 Y134.721
G0 X139.755 Y136.207
G0 X139.259 Y138.205
G0 X139.048 Y138.393
G0 X140.94 Y140.326
G0 X140.748 Y141.986
G0 X140.552 Y142.567
G0 X140.232 Y143.101
G0 X139.808 Y143.547
G0 X138.467 Y144.428
G0 X138.154 Y144.312
G0 X137.439 Y144.398
G0 X137.002 Y144.626
G0 X136.556 Y145.129
G0 X136.382 Y145.589
G0 X136.383 Y146.24
G0 X136.725 Y147.318
G0 X136.548 Y147.512
G1 F2400 X137.054 Y147.817 E177.87078
G1 X137.475 Y147.971 E177.87972
G1 X137.341 Y148.012 E177.88252
G1 X132.32 Y148.012 E177.98272
G1 X132.32 Y134.732 E178.24774
G1 X136.98 Y134.732 E178.34073
G1 X137.161 Y134.808 E178.34465
G1 X136.872 Y135.014 E178.35173
G1 X136.536 Y135.278 E178.36026
G1 X136.248 Y135.604 E178.36894
G1 X135.969 Y136.065 E178.37969
G1 X135.868 Y136.583 E178.39023
G1 X135.871 Y137.179 E178.40212
G1 X135.964 Y137.497 E178.40873
G1 X136.243 Y138.062 E178.42131
G1 X136.508 Y138.348 E178.42909
G1 X136.088 Y138.564 E178.43851
G1 X135.497 Y139.077 E178.45413
G1 X135.093 Y139.601 E178.46733
G1 X134.83 Y140.151 E178.4795
G1 X134.728 Y140.452 E178.48584
G1 X134.636 Y140.864 E178.49427
G1 X134.608 Y141.136 E178.49972
G1 X134.61 Y141.747 E178.51192
G1 X134.736 Y142.308 E178.52339
G1 X134.83 Y142.589 E178.5293
G1 X135.01 Y142.977 E178.53784
G1 X135.157 Y143.218 E178.54347
G1 X135.538 Y143.71 E178.55589
G1 X136.079 Y144.162 E178.56996
G1 X136.517 Y144.398 E178.57989
G1 X136.19 Y144.772 E178.5898
G1 X136.032 Y145.059 E178.59634
G1 X135.909 Y145.413 E178.60382
G1 X135.869 Y145.717 E178.60994
G1 X135.868 Y146.154 E178.61866
G1 X136.006 Y146.696 E178.62982
G1 X136.191 Y147.051 E178.63781
G1 X136.548 Y147.512 E178.64945
G0 F12000 X136.725 Y147.318
G0 X137.907 Y148.023
G0 X137.476 Y148.175
G0 X133.104 Y148.272
G0 X133.104 Y147.811
G1 F2400 X132.52 Y147.227 E178.66593
G0 F12000 X132.52 Y146.662
G1 F2400 X133.669 Y147.811 E178.69835
G0 F12000 X134.235 Y147.811
G1 F2400 X132.52 Y146.096 E178.74676
G0 F12000 X132.52 Y145.53
G1 F2400 X134.801 Y147.811 E178.81113
G0 F12000 X135.366 Y147.811
G1 F2400 X132.52 Y144.965 E178.89145
G0 F12000 X132.52 Y144.399
G1 F2400 X135.932 Y147.811 E178.98774
G0 F12000 X136.498 Y147.811
G1 F2400 X132.52 Y143.833 E179.10001
G0 F12000 X132.52 Y143.268
G1 F2400 X135.747 Y146.495 E179.19109
G0 F12000 X135.67 Y145.853
G1 F2400 X132.52 Y142.702 E179.28
G0 F12000 X132.52 Y142.136
G1 F2400 X135.719 Y145.336 E179.3703
G0 F12000 X135.877 Y144.928
G1 F2400 X132.52 Y141.571 E179.46504
G0 F12000 X132.52 Y141.005
G1 F2400 X136.095 Y144.58 E179.56593
G0 F12000 X136.433 Y144.883
G0 X136.814 Y144.345
G0 X135.029 Y142.365
G0 X134.594 Y142.514
G1 F2400 X132.52 Y140.439 E179.62448
G0 F12000 X132.52 Y139.873
G1 F2400 X134.413 Y141.767 E179.67792
G0 F12000 X134.41 Y141.198
G1 F2400 X132.52 Y139.308 E179.73126
G0 F12000 X132.52 Y138.742
G1 F2400 X134.47 Y140.692 E179.78629
G0 F12000 X134.589 Y140.245
G1 F2400 X132.52 Y138.176 E179.84468
G0 F12000 X132.52 Y137.611
G1 F2400 X134.753 Y139.845 E179.90772
G0 F12000 X134.944 Y139.469
G1 F2400 X132.52 Y137.045 E179.97613
G0 F12000 X132.52 Y136.479
G1 F2400 X135.19 Y139.149 E180.05148
G0 F12000 X135.453 Y138.847
G1 F2400 X132.52 Y135.914 E180.13426
G0 F12000 X132.52 Y135.348
G1 F2400 X135.757 Y138.586 E180.22563
G0 F12000 X136.08 Y138.343
G1 F2400 X132.669 Y134.932 E180.32189
G0 F12000 X133.235 Y134.932
G1 F2400 X135.738 Y137.435 E180.39253
G0 F12000 X135.67 Y136.802
G1 F2400 X133.801 Y134.932 E180.44529
G0 F12000 X134.367 Y134.932
G1 F2400 X135.723 Y136.288 E180.48356
G0 F12000 X135.859 Y135.859
G1 F2400 X134.932 Y134.932 E180.50972
G0 F12000 X135.498 Y134.932
G1 F2400 X136.073 Y135.507 E180.52595
G0 F12000 X136.337 Y135.206
G1 F2400 X136.064 Y134.932 E180.53367
;MESH:NONMESH
G0 F300 X136.064 Y134.932 Z2.16
G0 F12000 X136.065 Y134.473
G0 X132.264 Y134.473
G0 X132.263 Y134.675
;TIME_ELAPSED:499.411226
;LAYER:17
;note -- min layer time used
;TYPE:WALL-INNER
;MESH:MotorMount_v2.stl
G1 F1683.8 X132.786 Y134.379 E180.54548
G1 X131.946 Y134.358 E180.562
G1 F1718.7 X131.96 Y135.372 E180.58153
G1 X132.263 Y134.675 E180.59616
G0 F12000 X132.786 Y134.379
G1 F1626 X132.96 Y134.372 E180.59971
G1 F1658.5 X142.96 Y134.372 E180.79927
G0 F12000 X143.657 Y134.675
G1 F1718.7 X143.96 Y135.372 E180.81391
G1 X143.974 Y134.358 E180.83344
G1 X142.96 Y134.372 E180.85296
G1 X143.657 Y134.675 E180.8676
G0 F12000 X143.96 Y135.372
G1 F1658.5 X143.96 Y147.372 E181.10707
G1 F1630 X143.953 Y147.546 E181.11061
G0 F12000 X143.657 Y148.069
G1 F1683.8 X143.134 Y148.365 E181.12242
G1 X143.974 Y148.386 E181.13894
G1 F1688 X143.953 Y147.546 E181.15541
G1 X143.657 Y148.069 E181.1672
G0 F12000 X143.384 Y147.796
G1 F1658.5 X143.049 Y147.972 E181.17475
G1 X132.96 Y147.972 E181.37609
G1 X132.535 Y147.797 E181.38526
G1 X132.36 Y147.461 E181.39282
G1 X132.36 Y135.372 E181.63407
G1 X132.535 Y134.947 E181.64324
G1 X132.871 Y134.772 E181.6508
G1 X142.96 Y134.772 E181.85214
G1 X143.384 Y134.948 E181.8613
G1 X143.56 Y135.372 E181.87046
G1 X143.56 Y147.461 E182.11171
G1 X143.384 Y147.796 E182.11926
G0 F12000 X143.134 Y148.365
G1 F1626 X142.96 Y148.372 E182.1228
G1 F1658.5 X132.96 Y148.372 E182.32237
G0 F12000 X132.263 Y148.069
G1 F1683.8 X131.967 Y147.546 E182.33418
G1 X131.946 Y148.386 E182.35069
G1 F1718.7 X132.96 Y148.372 E182.37022
G1 X132.263 Y148.069 E182.38486
G0 F12000 X131.967 Y147.546
G1 F1626 X131.96 Y147.372 E182.3884
G1 F1658.5 X131.96 Y135.372 E182.62788
G0 F12000 X132.122 Y148.211
G0 X144.08 Y148.493
G0 X144.36 Y148.772
G1 F1658.5 X144.36 Y133.972 E182.92323
G1 X131.561 Y133.973 E183.17865
G1 X131.561 Y148.771 E183.47396
G1 X144.36 Y148.772 E183.72937
G0 F12000 X144.76 Y149.172
;TYPE:WALL-OUTER
G1 F1658.5 X144.76 Y133.572 E184.04069
G1 X131.161 Y133.573 E184.31207
G1 X131.161 Y149.171 E184.62335
G1 X144.76 Y149.172 E184.89473
G1 F1500 E178.39473
G0 F12000 X144.48 Y148.893
G0 X143.47 Y147.407
G0 X143.158 Y147.407
G1 F1500 E184.89473
G1 F1658.5 X143.102 Y147.514 E184.89714
G1 X142.995 Y147.57 E184.89955
G1 X132.96 Y147.572 E185.09981
G1 X132.818 Y147.514 E185.10287
G1 X132.762 Y147.407 E185.10528
G1 X132.76 Y135.372 E185.34545
G1 X132.818 Y135.23 E185.34851
G1 X132.925 Y135.174 E185.35092
G1 X142.96 Y135.172 E185.55118
G1 X143.102 Y135.23 E185.55424
G1 X143.16 Y135.372 E185.5573
G1 X143.158 Y147.407 E185.79747
;MESH:NONMESH
G0 F300 X143.158 Y147.407 Z2.28
G0 F12000 X143.47 Y147.407
G0 X143.398 Y134.935
G0 X132.263 Y134.463
G0 X132.263 Y134.675
;TIME_ELAPSED:512.477698
;LAYER:18
;note -- min layer time used
;TYPE:WALL-INNER
;MESH:MotorMount_v2.stl
G1 F1695.3 X132.786 Y134.379 E185.80929
G1 X131.946 Y134.358 E185.8258
G1 F1730.4 X131.96 Y135.372 E185.84533
G1 X132.263 Y134.675 E185.85997
G0 F12000 X132.786 Y134.379
G1 F1637.1 X132.96 Y134.372 E185.86351
G1 F1669.8 X142.96 Y134.372 E186.06307
G0 F12000 X143.657 Y134.675
G1 F1730.4 X143.96 Y135.372 E186.07771
G1 X143.974 Y134.358 E186.09724
G1 X142.96 Y134.372 E186.11677
G1 X143.657 Y134.675 E186.1314
G0 F12000 X143.96 Y135.372
G1 F1669.8 X143.96 Y147.372 E186.37088
G1 F1641.1 X143.953 Y147.546 E186.37441
G0 F12000 X143.657 Y148.069
G1 F1695.3 X143.134 Y148.365 E186.38623
G1 X143.974 Y148.386 E186.40274
G1 F1699.6 X143.953 Y147.546 E186.41922
G1 X143.657 Y148.069 E186.431
G0 F12000 X143.384 Y147.796
G1 F1669.8 X143.049 Y147.972 E186.43855
G1 X132.96 Y147.972 E186.63989
G1 X132.535 Y147.797 E186.64906
G1 X132.36 Y147.461 E186.65662
G1 X132.36 Y135.372 E186.89787
G1 X132.535 Y134.947 E186.90704
G1 X132.871 Y134.772 E186.9146
G1 X142.96 Y134.772 E187.11594
G1 X143.384 Y134.948 E187.1251
G1 X143.56 Y135.372 E187.13426
G1 X143.56 Y147.461 E187.37551
G1 X143.384 Y147.796 E187.38306
G0 F12000 X143.134 Y148.365
G1 F1637.1 X142.96 Y148.372 E187.38661
G1 F1669.8 X132.96 Y148.372 E187.58617
G0 F12000 X132.263 Y148.069
G1 F1695.3 X131.967 Y147.546 E187.59798
G1 X131.946 Y148.386 E187.6145
G1 F1730.4 X132.96 Y148.372 E187.63403
G1 X132.263 Y148.069 E187.64866
G0 F12000 X131.967 Y147.546
G1 F1637.1 X131.96 Y147.372 E187.65221
G1 F1669.8 X131.96 Y135.372 E187.89168
G0 F12000 X132.122 Y148.211
G0 X144.08 Y148.493
G0 X144.36 Y148.772
G1 F1669.8 X144.36 Y133.972 E188.18703
G1 X131.561 Y133.973 E188.44245
G1 X131.561 Y148.771 E188.73776
G1 X144.36 Y148.772 E188.99318
G0 F12000 X144.76 Y149.172
;TYPE:WALL-OUTER
G1 F1669.8 X144.76 Y133.572 E189.30449
G1 X131.161 Y133.573 E189.57588
G1 X131.161 Y149.171 E189.88715
G1 X144.76 Y149.172 E190.15853
G1 F1500 E183.65853
G0 F12000 X144.48 Y148.893
G0 X143.47 Y147.407
G0 X143.158 Y147.407
G1 F1500 E190.15853
G1 F1669.8 X143.102 Y147.514 E190.16094
G1 X142.995 Y147.57 E190.16335
G1 X132.96 Y147.572 E190.36361
G1 X132.818 Y147.514 E190.36667
G1 X132.762 Y147.407 E190.36908
G1 X132.76 Y135.372 E190.60926
G1 X132.818 Y135.23 E190.61232
G1 X132.925 Y135.174 E190.61473
G1 X142.96 Y135.172 E190.81499
G1 X143.102 Y135.23 E190.81805
G1 X143.16 Y135.372 E190.82111
G1 X143.158 Y147.407 E191.06128
;MESH:NONMESH
G0 F300 X143.158 Y147.407 Z2.4
G0 F12000 X143.47 Y147.407
G0 X143.398 Y134.935
G0 X132.263 Y134.463
G0 X132.263 Y134.675
;TIME_ELAPSED:525.488657
;LAYER:19
;note -- min layer time used
;TYPE:WALL-INNER
;MESH:MotorMount_v2.stl
G1 F1695.3 X132.786 Y134.379 E191.07309
G1 X131.946 Y134.358 E191.08961
G1 F1730.4 X131.96 Y135.372 E191.10914
G1 X132.263 Y134.675 E191.12377
G0 F12000 X132.786 Y134.379
G1 F1637.1 X132.96 Y134.372 E191.12732
G1 F1669.8 X142.96 Y134.372 E191.32688
G0 F12000 X143.657 Y134.675
G1 F1730.4 X143.96 Y135.372 E191.34152
G1 X143.974 Y134.358 E191.36104
G1 X142.96 Y134.372 E191.38057
G1 X143.657 Y134.675 E191.39521
G0 F12000 X143.96 Y135.372
G1 F1669.8 X143.96 Y147.372 E191.63468
G1 F1641.1 X143.953 Y147.546 E191.63822
G0 F12000 X143.657 Y148.069
G1 F1695.3 X143.134 Y148.365 E191.65003
G1 X143.974 Y148.386 E191.66655
G1 F1699.6 X143.953 Y147.546 E191.68302
G1 X143.657 Y148.069 E191.69481
G0 F12000 X143.384 Y147.796
G1 F1669.8 X143.049 Y147.972 E191.70236
G1 X132.96 Y147.972 E191.90369
G1 X132.535 Y147.797 E191.91287
G1 X132.36 Y147.461 E191.92043
G1 X132.36 Y135.372 E192.16168
G1 X132.535 Y134.947 E192.17085
G1 X132.871 Y134.772 E192.17841
G1 X142.96 Y134.772 E192.37975
G1 X143.384 Y134.948 E192.38891
G1 X143.56 Y135.372 E192.39807
G1 X143.56 Y147.461 E192.63932
G1 X143.384 Y147.796 E192.64687
G0 F12000 X143.134 Y148.365
G1 F1637.1 X142.96 Y148.372 E192.65041
G1 F1669.8 X132.96 Y148.372 E192.84997
G0 F12000 X132.263 Y148.069
G1 F1695.3 X131.967 Y147.546 E192.86179
G1 X131.946 Y148.386 E192.8783
G1 F1730.4 X132.96 Y148.372 E192.89783
G1 X132.263 Y148.069 E192.91247
G0 F12000 X131.967 Y147.546
G1 F1637.1 X131.96 Y147.372 E192.91601
G1 F1669.8 X131.96 Y135.372 E193.15549
G0 F12000 X132.122 Y148.211
G0 X144.08 Y148.493
G0 X144.36 Y148.772
G1 F1669.8 X144.36 Y133.972 E193.45084
G1 X131.561 Y133.973 E193.70625
G1 X131.561 Y148.771 E194.00156
G1 X144.36 Y148.772 E194.25698
G0 F12000 X144.76 Y149.172
;TYPE:WALL-OUTER
G1 F1669.8 X144.76 Y133.572 E194.5683
G1 X131.161 Y133.573 E194.83968
G1 X131.161 Y149.171 E195.15095
G1 X144.76 Y149.172 E195.42234
G1 F1500 E188.92234
G0 F12000 X144.48 Y148.893
G0 X143.47 Y147.407
G0 X143.158 Y147.407
G1 F1500 E195.42234
G1 F1669.8 X143.102 Y147.514 E195.42475
G1 X142.995 Y147.57 E195.42716
G1 X132.96 Y147.572 E195.62742
G1 X132.818 Y147.514 E195.63048
G1 X132.762 Y147.407 E195.63289
G1 X132.76 Y135.372 E195.87306
G1 X132.818 Y135.23 E195.87612
G1 X132.925 Y135.174 E195.87853
G1 X142.96 Y135.172 E196.07879
G1 X143.102 Y135.23 E196.08185
G1 X143.16 Y135.372 E196.08491
G1 X143.158 Y147.407 E196.32508
;MESH:NONMESH
G0 F300 X143.158 Y147.407 Z2.52
G0 F12000 X143.47 Y147.407
G0 X143.398 Y134.935
G0 X132.263 Y134.463
G0 X132.263 Y134.675
;TIME_ELAPSED:538.499615
;LAYER:20
;note -- min layer time used
;TYPE:WALL-INNER
;MESH:MotorMount_v2.stl
G1 F1695.3 X132.786 Y134.379 E196.3369
G1 X131.946 Y134.358 E196.35341
G1 F1730.4 X131.96 Y135.372 E196.37294
G1 X132.263 Y134.675 E196.38758
G0 F12000 X132.786 Y134.379
G1 F1637.1 X132.96 Y134.372 E196.39112
G1 F1669.8 X142.96 Y134.372 E196.59068
G0 F12000 X143.657 Y134.675
G1 F1730.4 X143.96 Y135.372 E196.60532
G1 X143.974 Y134.358 E196.62485
G1 X142.96 Y134.372 E196.64438
G1 X143.657 Y134.675 E196.65901
G0 F12000 X143.96 Y135.372
G1 F1669.8 X143.96 Y147.372 E196.89849
G1 F1641.1 X143.953 Y147.546 E196.90202
G0 F12000 X143.657 Y148.069
G1 F1695.3 X143.134 Y148.365 E196.91384
G1 X143.974 Y148.386 E196.93035
G1 F1699.6 X143.953 Y147.546 E196.94683
G1 X143.657 Y148.069 E196.95861
G0 F12000 X143.384 Y147.796
G1 F1669.8 X143.049 Y147.972 E196.96616
G1 X132.96 Y147.972 E197.1675
G1 X132.535 Y147.797 E197.17667
G1 X132.36 Y147.461 E197.18423
G1 X132.36 Y135.372 E197.42548
G1 X132.535 Y134.947 E197.43465
G1 X132.871 Y134.772 E197.44221
G1 X142.96 Y134.772 E197.64355
G1 X143.384 Y134.948 E197.65271
G1 X143.56 Y135.372 E197.66187
G1 X143.56 Y147.461 E197.90312
G1 X143.384 Y147.796 E197.91067
G0 F12000 X143.134 Y148.365
G1 F1637.1 X142.96 Y148.372 E197.91422
G1 F1669.8 X132.96 Y148.372 E198.11378
G0 F12000 X132.263 Y148.069
G1 F1695.3 X131.967 Y147.546 E198.12559
G1 X131.946 Y148.386 E198.14211
G1 F1730.4 X132.96 Y148.372 E198.16164
G1 X132.263 Y148.069 E198.17627
G0 F12000 X131.967 Y147.546
G1 F1637.1 X131.96 Y147.372 E198.17982
G1 F1669.8 X131.96 Y135.372 E198.41929
G0 F12000 X132.122 Y148.211
G0 X144.08 Y148.493
G0 X144.36 Y148.772
G1 F1669.8 X144.36 Y133.972 E198.71464
G1 X131.561 Y133.973 E198.97006
G1 X131.561 Y148.771 E199.26537
G1 X144.36 Y148.772 E199.52079
G0 F12000 X144.76 Y149.172
;TYPE:WALL-OUTER
G1 F1669.8 X144.76 Y133.572 E199.8321
G1 X131.161 Y133.573 E200.10348
G1 X131.161 Y149.171 E200.41476
G1 X144.76 Y149.172 E200.68614
G1 F1500 E194.18614
G0 F12000 X144.48 Y148.893
G0 X143.47 Y147.407
G0 X143.158 Y147.407
G1 F1500 E200.68614
G1 F1669.8 X143.102 Y147.514 E200.68855
G1 X142.995 Y147.57 E200.69096
G1 X132.96 Y147.572 E200.89122
G1 X132.818 Y147.514 E200.89428
G1 X132.762 Y147.407 E200.89669
G1 X132.76 Y135.372 E201.13686
G1 X132.818 Y135.23 E201.13993
G1 X132.925 Y135.174 E201.14234
G1 X142.96 Y135.172 E201.34259
G1 X143.102 Y135.23 E201.34566
G1 X143.16 Y135.372 E201.34872
G1 X143.158 Y147.407 E201.58889
;MESH:NONMESH
G0 F300 X143.158 Y147.407 Z2.64
G0 F12000 X143.47 Y147.407
G0 X143.398 Y134.935
G0 X132.263 Y134.463
G0 X132.263 Y134.675
;TIME_ELAPSED:551.510574
;LAYER:21
;note -- min layer time used
;TYPE:WALL-INNER
;MESH:MotorMount_v2.stl
G1 F1695.3 X132.786 Y134.379 E201.6007
G1 X131.946 Y134.358 E201.61722
G1 F1730.4 X131.96 Y135.372 E201.63675
G1 X132.263 Y134.675 E201.65138
G0 F12000 X132.786 Y134.379
G1 F1637.1 X132.96 Y134.372 E201.65493
G1 F1669.8 X142.96 Y134.372 E201.85449
G0 F12000 X143.657 Y134.675
G1 F1730.4 X143.96 Y135.372 E201.86912
G1 X143.974 Y134.358 E201.88865
G1 X142.96 Y134.372 E201.90818
G1 X143.657 Y134.675 E201.92282
G0 F12000 X143.96 Y135.372
G1 F1669.8 X143.96 Y147.372 E202.16229
G1 F1641.1 X143.953 Y147.546 E202.16583
G0 F12000 X143.657 Y148.069
G1 F1695.3 X143.134 Y148.365 E202.17764
G1 X143.974 Y148.386 E202.19416
G1 F1699.6 X143.953 Y147.546 E202.21063
G1 X143.657 Y148.069 E202.22241
G0 F12000 X143.384 Y147.796
G1 F1669.8 X143.049 Y147.972 E202.22997
G1 X132.96 Y147.972 E202.4313
G1 X132.535 Y147.797 E202.44048
G1 X132.36 Y147.461 E202.44804
G1 X132.36 Y135.372 E202.68928
G1 X132.535 Y134.947 E202.69846
G1 X132.871 Y134.772 E202.70602
G1 X142.96 Y134.772 E202.90735
G1 X143.384 Y134.948 E202.91652
G1 X143.56 Y135.372 E202.92568
G1 X143.56 Y147.461 E203.16693
G1 X143.384 Y147.796 E203.17448
G0 F12000 X143.134 Y148.365
G1 F1637.1 X142.96 Y148.372 E203.17802
G1 F1669.8 X132.96 Y148.372 E203.37758
G0 F12000 X132.263 Y148.069
G1 F1695.3 X131.967 Y147.546 E203.3894
G1 X131.946 Y148.386 E203.40591
G1 F1730.4 X132.96 Y148.372 E203.42544
G1 X132.263 Y148.069 E203.44008
G0 F12000 X131.967 Y147.546
G1 F1637.1 X131.96 Y147.372 E203.44362
G1 F1669.8 X131.96 Y135.372 E203.6831
G0 F12000 X132.122 Y148.211
G0 X144.08 Y148.493
G0 X144.36 Y148.772
G1 F1669.8 X144.36 Y133.972 E203.97845
G1 X131.561 Y133.973 E204.23386
G1 X131.561 Y148.771 E204.52917
G1 X144.36 Y148.772 E204.78459
G0 F12000 X144.76 Y149.172
;TYPE:WALL-OUTER
G1 F1669.8 X144.76 Y133.572 E205.09591
G1 X131.161 Y133.573 E205.36729
G1 X131.161 Y149.171 E205.67856
G1 X144.76 Y149.172 E205.94995
G1 F1500 E199.44995
G0 F12000 X144.48 Y148.893
G0 X143.47 Y147.407
G0 X143.158 Y147.407
G1 F1500 E205.94995
G1 F1669.8 X143.102 Y147.514 E205.95236
G1 X142.995 Y147.57 E205.95477
G1 X132.96 Y147.572 E206.15503
G1 X132.818 Y147.514 E206.15809
G1 X132.762 Y147.407 E206.1605
G1 X132.76 Y135.372 E206.40067
G1 X132.818 Y135.23 E206.40373
G1 X132.925 Y135.174 E206.40614
G1 X142.96 Y135.172 E206.6064
G1 X143.102 Y135.23 E206.60946
G1 X143.16 Y135.372 E206.61252
G1 X143.158 Y147.407 E206.85269
;MESH:NONMESH
G0 F300 X143.158 Y147.407 Z2.76
G0 F12000 X143.47 Y147.407
G0 X143.398 Y134.935
G0 X132.263 Y134.463
G0 X132.263 Y134.675
;TIME_ELAPSED:564.521532
;LAYER:22
;note -- min layer time used
;TYPE:WALL-INNER
;MESH:MotorMount_v2.stl
G1 F1695.3 X132.786 Y134.379 E206.86451
G1 X131.946 Y134.358 E206.88102
G1 F1730.4 X131.96 Y135.372 E206.90055
G1 X132.263 Y134.675 E206.91519
G0 F12000 X132.786 Y134.379
G1 F1637.1 X132.96 Y134.372 E206.91873
G1 F1669.8 X142.96 Y134.372 E207.11829
G0 F12000 X143.657 Y134.675
G1 F1730.4 X143.96 Y135.372 E207.13293
G1 X143.974 Y134.358 E207.15246
G1 X142.96 Y134.372 E207.17199
G1 X143.657 Y134.675 E207.18662
G0 F12000 X143.96 Y135.372
G1 F1669.8 X143.96 Y147.372 E207.4261
G1 F1641.1 X143.953 Y147.546 E207.42963
G0 F12000 X143.657 Y148.069
G1 F1695.3 X143.134 Y148.365 E207.44144
G1 X143.974 Y148.386 E207.45796
G1 F1699.6 X143.953 Y147.546 E207.47444
G1 X143.657 Y148.069 E207.48622
G0 F12000 X143.384 Y147.796
G1 F1669.8 X143.049 Y147.972 E207.49377
G1 X132.96 Y147.972 E207.69511
G1 X132.535 Y147.797 E207.70428
G1 X132.36 Y147.461 E207.71184
G1 X132.36 Y135.372 E207.95309
G1 X132.535 Y134.947 E207.96226
G1 X132.871 Y134.772 E207.96982
G1 X142.96 Y134.772 E208.17116
G1 X143.384 Y134.948 E208.18032
G1 X143.56 Y135.372 E208.18948
G1 X143.56 Y147.461 E208.43073
G1 X143.384 Y147.796 E208.43828
G0 F12000 X143.134 Y148.365
G1 F1637.1 X142.96 Y148.372 E208.44183
G1 F1669.8 X132.96 Y148.372 E208.64139
G0 F12000 X132.263 Y148.069
G1 F1695.3 X131.967 Y147.546 E208.6532
G1 X131.946 Y148.386 E208.66972
G1 F1730.4 X132.96 Y148.372 E208.68925
G1 X132.263 Y148.069 E208.70388
G0 F12000 X131.967 Y147.546
G1 F1637.1 X131.96 Y147.372 E208.70743
G1 F1669.8 X131.96 Y135.372 E208.9469
G0 F12000 X132.122 Y148.211
G0 X144.08 Y148.493
G0 X144.36 Y148.772
G1 F1669.8 X144.36 Y133.972 E209.24225
G1 X131.561 Y133.973 E209.49767
G1 X131.561 Y148.771 E209.79298
G1 X144.36 Y148.772 E210.0484
G0 F12000 X144.76 Y149.172
;TYPE:WALL-OUTER
G1 F1669.8 X144.76 Y133.572 E210.35971
G1 X131.161 Y133.573 E210.63109
G1 X131.161 Y149.171 E210.94237
G1 X144.76 Y149.172 E211.21375
G1 F1500 E204.71375
G0 F12000 X144.48 Y148.893
G0 X143.47 Y147.407
G0 X143.158 Y147.407
G1 F1500 E211.21375
G1 F1669.8 X143.102 Y147.514 E211.21616
G1 X142.995 Y147.57 E211.21857
G1 X132.96 Y147.572 E211.41883
G1 X132.818 Y147.514 E211.42189
G1 X132.762 Y147.407 E211.4243
G1 X132.76 Y135.372 E211.66447
G1 X132.818 Y135.23 E211.66753
G1 X132.925 Y135.174 E211.66994
G1 X142.96 Y135.172 E211.8702
G1 X143.102 Y135.23 E211.87326
G1 X143.16 Y135.372 E211.87633
G1 X143.158 Y147.407 E212.1165
;MESH:NONMESH
G0 F300 X143.158 Y147.407 Z2.88
G0 F12000 X143.47 Y147.407
G0 X143.398 Y134.935
G0 X132.263 Y134.463
G0 X132.263 Y134.675
;TIME_ELAPSED:577.532491
;LAYER:23
;note -- min layer time used
;TYPE:WALL-INNER
;MESH:MotorMount_v2.stl
G1 F1695.3 X132.786 Y134.379 E212.12831
G1 X131.946 Y134.358 E212.14483
G1 F1730.4 X131.96 Y135.372 E212.16436
G1 X132.263 Y134.675 E212.17899
G0 F12000 X132.786 Y134.379
G1 F1637.1 X132.96 Y134.372 E212.18254
G1 F1669.8 X142.96 Y134.372 E212.3821
G0 F12000 X143.657 Y134.675
G1 F1730.4 X143.96 Y135.372 E212.39673
G1 X143.974 Y134.358 E212.41626
G1 X142.96 Y134.372 E212.43579
G1 X143.657 Y134.675 E212.45043
G0 F12000 X143.96 Y135.372
G1 F1669.8 X143.96 Y147.372 E212.6899
G1 F1641.1 X143.953 Y147.546 E212.69344
G0 F12000 X143.657 Y148.069
G1 F1695.3 X143.134 Y148.365 E212.70525
G1 X143.974 Y148.386 E212.72177
G1 F1699.6 X143.953 Y147.546 E212.73824
G1 X143.657 Y148.069 E212.75002
G0 F12000 X143.384 Y147.796
G1 F1669.8 X143.049 Y147.972 E212.75758
G1 X132.96 Y147.972 E212.95891
G1 X132.535 Y147.797 E212.96808
G1 X132.36 Y147.461 E212.97564
G1 X132.36 Y135.372 E213.21689
G1 X132.535 Y134.947 E213.22607
G1 X132.871 Y134.772 E213.23363
G1 X142.96 Y134.772 E213.43496
G1 X143.384 Y134.948 E213.44412
G1 X143.56 Y135.372 E213.45329
G1 X143.56 Y147.461 E213.69453
G1 X143.384 Y147.796 E213.70209
G0 F12000 X143.134 Y148.365
G1 F1637.1 X142.96 Y148.372 E213.70563
G1 F1669.8 X132.96 Y148.372 E213.90519
G0 F12000 X132.263 Y148.069
G1 F1695.3 X131.967 Y147.546 E213.917
G1 X131.946 Y148.386 E213.93352
G1 F1730.4 X132.96 Y148.372 E213.95305
G1 X132.263 Y148.069 E213.96769
G0 F12000 X131.967 Y147.546
G1 F1637.1 X131.96 Y147.372 E213.97123
G1 F1669.8 X131.96 Y135.372 E214.2107
G0 F12000 X132.122 Y148.211
G0 X144.08 Y148.493
G0 X144.36 Y148.772
G1 F1669.8 X144.36 Y133.972 E214.50605
G1 X131.561 Y133.973 E214.76147
G1 X131.561 Y148.771 E215.05678
G1 X144.36 Y148.772 E215.3122
G0 F12000 X144.76 Y149.172
;TYPE:WALL-OUTER
G1 F1669.8 X144.76 Y133.572 E215.62352
G1 X131.161 Y133.573 E215.8949
G1 X131.161 Y149.171 E216.20617
G1 X144.76 Y149.172 E216.47756
G1 F1500 E209.97756
G0 F12000 X144.48 Y148.893
G0 X143.47 Y147.407
G0 X143.158 Y147.407
G1 F1500 E216.47756
G1 F1669.8 X143.102 Y147.514 E216.47997
G1 X142.995 Y147.57 E216.48238
G1 X132.96 Y147.572 E216.68263
G1 X132.818 Y147.514 E216.6857
G1 X132.762 Y147.407 E216.68811
G1 X132.76 Y135.372 E216.92828
G1 X132.818 Y135.23 E216.93134
G1 X132.925 Y135.174 E216.93375
G1 X142.96 Y135.172 E217.13401
G1 X143.102 Y135.23 E217.13707
G1 X143.16 Y135.372 E217.14013
G1 X143.158 Y147.407 E217.3803
;MESH:NONMESH
G0 F300 X143.158 Y147.407 Z3
G0 F12000 X143.47 Y147.407
G0 X143.398 Y134.935
G0 X132.263 Y134.463
G0 X132.263 Y134.675
;TIME_ELAPSED:590.543449
;LAYER:24
;note -- min layer time used
;TYPE:WALL-INNER
;MESH:MotorMount_v2.stl
G1 F1695.3 X132.786 Y134.379 E217.39211
G1 X131.946 Y134.358 E217.40863
G1 F1730.4 X131.96 Y135.372 E217.42816
G1 X132.263 Y134.675 E217.4428
G0 F12000 X132.786 Y134.379
G1 F1637.1 X132.96 Y134.372 E217.44634
G1 F1669.8 X142.96 Y134.372 E217.6459
G0 F12000 X143.657 Y134.675
G1 F1730.4 X143.96 Y135.372 E217.66054
G1 X143.974 Y134.358 E217.68007
G1 X142.96 Y134.372 E217.6996
G1 X143.657 Y134.675 E217.71423
G0 F12000 X143.96 Y135.372
G1 F1669.8 X143.96 Y147.372 E217.9537
G1 F1641.1 X143.953 Y147.546 E217.95724
G0 F12000 X143.657 Y148.069
G1 F1695.3 X143.134 Y148.365 E217.96905
G1 X143.974 Y148.386 E217.98557
G1 F1699.6 X143.953 Y147.546 E218.00205
G1 X143.657 Y148.069 E218.01383
G0 F12000 X143.384 Y147.796
G1 F1669.8 X143.049 Y147.972 E218.02138
G1 X132.96 Y147.972 E218.22272
G1 X132.535 Y147.797 E218.23189
G1 X132.36 Y147.461 E218.23945
G1 X132.36 Y135.372 E218.4807
G1 X132.535 Y134.947 E218.48987
G1 X132.871 Y134.772 E218.49743
G1 X142.96 Y134.772 E218.69877
G1 X143.384 Y134.948 E218.70793
G1 X143.56 Y135.372 E218.71709
G1 X143.56 Y147.461 E218.95834
G1 X143.384 Y147.796 E218.96589
G0 F12000 X143.134 Y148.365
G1 F1637.1 X142.96 Y148.372 E218.96944
G1 F1669.8 X132.96 Y148.372 E219.169
G0 F12000 X132.263 Y148.069
G1 F1695.3 X131.967 Y147.546 E219.18081
G1 X131.946 Y148.386 E219.19733
G1 F1730.4 X132.96 Y148.372 E219.21686
G1 X132.263 Y148.069 E219.23149
G0 F12000 X131.967 Y147.546
G1 F1637.1 X131.96 Y147.372 E219.23504
G1 F1669.8 X131.96 Y135.372 E219.47451
G0 F12000 X132.122 Y148.211
G0 X144.08 Y148.493
G0 X144.36 Y148.772
G1 F1669.8 X144.36 Y133.972 E219.76986
G1 X131.561 Y133.973 E220.02528
G1 X131.561 Y148.771 E220.32059
G1 X144.36 Y148.772 E220.576
G0 F12000 X144.76 Y149.172
;TYPE:WALL-OUTER
G1 F1669.8 X144.76 Y133.572 E220.88732
G1 X131.161 Y133.573 E221.1587
G1 X131.161 Y149.171 E221.46998
G1 X144.76 Y149.172 E221.74136
G1 F1500 E215.24136
G0 F12000 X144.48 Y148.893
G0 X143.47 Y147.407
G0 X143.158 Y147.407
G1 F1500 E221.74136
G1 F1669.8 X143.102 Y147.514 E221.74377
G1 X142.995 Y147.57 E221.74618
G1 X132.96 Y147.572 E221.94644
G1 X132.818 Y147.514 E221.9495
G1 X132.762 Y147.407 E221.95191
G1 X132.76 Y135.372 E222.19208
G1 X132.818 Y135.23 E222.19514
G1 X132.925 Y135.174 E222.19755
G1 X142.96 Y135.172 E222.39781
G1 X143.102 Y135.23 E222.40087
G1 X143.16 Y135.372 E222.40393
G1 X143.158 Y147.407 E222.64411
;MESH:NONMESH
G0 F300 X143.158 Y147.407 Z3.12
G0 F12000 X143.47 Y147.407
G0 X143.398 Y134.935
G0 X132.263 Y134.463
G0 X132.263 Y134.675
;TIME_ELAPSED:603.554408
;LAYER:25
;note -- min layer time used
;TYPE:WALL-INNER
;MESH:MotorMount_v2.stl
G1 F1695.3 X132.786 Y134.379 E222.65592
G1 X131.946 Y134.358 E222.67244
G1 F1730.4 X131.96 Y135.372 E222.69196
G1 X132.263 Y134.675 E222.7066
G0 F12000 X132.786 Y134.379
G1 F1637.1 X132.96 Y134.372 E222.71015
G1 F1669.8 X142.96 Y134.372 E222.90971
G0 F12000 X143.657 Y134.675
G1 F1730.4 X143.96 Y135.372 E222.92434
G1 X143.974 Y134.358 E222.94387
G1 X142.96 Y134.372 E222.9634
G1 X143.657 Y134.675 E222.97804
G0 F12000 X143.96 Y135.372
G1 F1669.8 X143.96 Y147.372 E223.21751
G1 F1641.1 X143.953 Y147.546 E223.22105
G0 F12000 X143.657 Y148.069
G1 F1695.3 X143.134 Y148.365 E223.23286
G1 X143.974 Y148.386 E223.24937
G1 F1699.6 X143.953 Y147.546 E223.26585
G1 X143.657 Y148.069 E223.27763
G0 F12000 X143.384 Y147.796
G1 F1669.8 X143.049 Y147.972 E223.28518
G1 X132.96 Y147.972 E223.48652
G1 X132.535 Y147.797 E223.49569
G1 X132.36 Y147.461 E223.50325
G1 X132.36 Y135.372 E223.7445
G1 X132.535 Y134.947 E223.75367
G1 X132.871 Y134.772 E223.76123
G1 X142.96 Y134.772 E223.96257
G1 X143.384 Y134.948 E223.97173
G1 X143.56 Y135.372 E223.98089
G1 X143.56 Y147.461 E224.22214
G1 X143.384 Y147.796 E224.2297
G0 F12000 X143.134 Y148.365
G1 F1637.1 X142.96 Y148.372 E224.23324
G1 F1669.8 X132.96 Y148.372 E224.4328
G0 F12000 X132.263 Y148.069
G1 F1695.3 X131.967 Y147.546 E224.44461
G1 X131.946 Y148.386 E224.46113
G1 F1730.4 X132.96 Y148.372 E224.48066
G1 X132.263 Y148.069 E224.4953
G0 F12000 X131.967 Y147.546
G1 F1637.1 X131.96 Y147.372 E224.49884
G1 F1669.8 X131.96 Y135.372 E224.73831
G0 F12000 X132.122 Y148.211
G0 X144.08 Y148.493
G0 X144.36 Y148.772
G1 F1669.8 X144.36 Y133.972 E225.03366
G1 X131.561 Y133.973 E225.28908
G1 X131.561 Y148.771 E225.58439
G1 X144.36 Y148.772 E225.83981
G0 F12000 X144.76 Y149.172
;TYPE:WALL-OUTER
G1 F1669.8 X144.76 Y133.572 E226.15112
G1 X131.161 Y133.573 E226.42251
G1 X131.161 Y149.171 E226.73378
G1 X144.76 Y149.172 E227.00516
G1 F1500 E220.50516
G0 F12000 X144.48 Y148.893
G0 X143.47 Y147.407
G0 X143.158 Y147.407
G1 F1500 E227.00516
G1 F1669.8 X143.102 Y147.514 E227.00757
G1 X142.995 Y147.57 E227.00998
G1 X132.96 Y147.572 E227.21024
G1 X132.818 Y147.514 E227.2133
G1 X132.762 Y147.407 E227.21571
G1 X132.76 Y135.372 E227.45589
G1 X132.818 Y135.23 E227.45895
G1 X132.925 Y135.174 E227.46136
G1 X142.96 Y135.172 E227.66162
G1 X143.102 Y135.23 E227.66468
G1 X143.16 Y135.372 E227.66774
G1 X143.158 Y147.407 E227.90791
;MESH:NONMESH
G0 F300 X143.158 Y147.407 Z3.24
G0 F12000 X143.47 Y147.407
G0 X143.398 Y134.935
G0 X132.263 Y134.463
G0 X132.263 Y134.675
;TIME_ELAPSED:616.565367
;LAYER:26
;note -- min layer time used
;TYPE:WALL-INNER
;MESH:MotorMount_v2.stl
G1 F1695.3 X132.786 Y134.379 E227.91972
G1 X131.946 Y134.358 E227.93624
G1 F1730.4 X131.96 Y135.372 E227.95577
G1 X132.263 Y134.675 E227.9704
G0 F12000 X132.786 Y134.379
G1 F1637.1 X132.96 Y134.372 E227.97395
G1 F1669.8 X142.96 Y134.372 E228.17351
G0 F12000 X143.657 Y134.675
G1 F1730.4 X143.96 Y135.372 E228.18815
G1 X143.974 Y134.358 E228.20768
G1 X142.96 Y134.372 E228.2272
G1 X143.657 Y134.675 E228.24184
G0 F12000 X143.96 Y135.372
G1 F1669.8 X143.96 Y147.372 E228.48131
G1 F1641.1 X143.953 Y147.546 E228.48485
G0 F12000 X143.657 Y148.069
G1 F1695.3 X143.134 Y148.365 E228.49666
G1 X143.974 Y148.386 E228.51318
G1 F1699.6 X143.953 Y147.546 E228.52965
G1 X143.657 Y148.069 E228.54144
G0 F12000 X143.384 Y147.796
G1 F1669.8 X143.049 Y147.972 E228.54899
G1 X132.96 Y147.972 E228.75033
G1 X132.535 Y147.797 E228.7595
G1 X132.36 Y147.461 E228.76706
G1 X132.36 Y135.372 E229.00831
G1 X132.535 Y134.947 E229.01748
G1 X132.871 Y134.772 E229.02504
G1 X142.96 Y134.772 E229.22638
G1 X143.384 Y134.948 E229.23554
G1 X143.56 Y135.372 E229.2447
G1 X143.56 Y147.461 E229.48595
G1 X143.384 Y147.796 E229.4935
G0 F12000 X143.134 Y148.365
G1 F1637.1 X142.96 Y148.372 E229.49704
G1 F1669.8 X132.96 Y148.372 E229.69661
G0 F12000 X132.263 Y148.069
G1 F1695.3 X131.967 Y147.546 E229.70842
G1 X131.946 Y148.386 E229.72494
G1 F1730.4 X132.96 Y148.372 E229.74446
G1 X132.263 Y148.069 E229.7591
G0 F12000 X131.967 Y147.546
G1 F1637.1 X131.96 Y147.372 E229.76264
G1 F1669.8 X131.96 Y135.372 E230.00212
G0 F12000 X132.122 Y148.211
G0 X144.08 Y148.493
G0 X144.36 Y148.772
G1 F1669.8 X144.36 Y133.972 E230.29747
G1 X131.561 Y133.973 E230.55289
G1 X131.561 Y148.771 E230.8482
G1 X144.36 Y148.772 E231.10361
G0 F12000 X144.76 Y149.172
;TYPE:WALL-OUTER
G1 F1669.8 X144.76 Y133.572 E231.41493
G1 X131.161 Y133.573 E231.68631
G1 X131.161 Y149.171 E231.99759
G1 X144.76 Y149.172 E232.26897
G1 F1500 E225.76897
G0 F12000 X144.48 Y148.893
G0 X143.47 Y147.407
G0 X143.158 Y147.407
G1 F1500 E232.26897
G1 F1669.8 X143.102 Y147.514 E232.27138
G1 X142.995 Y147.57 E232.27379
G1 X132.96 Y147.572 E232.47405
G1 X132.818 Y147.514 E232.47711
G1 X132.762 Y147.407 E232.47952
G1 X132.76 Y135.372 E232.71969
G1 X132.818 Y135.23 E232.72275
G1 X132.925 Y135.174 E232.72516
G1 X142.96 Y135.172 E232.92542
G1 X143.102 Y135.23 E232.92848
G1 X143.16 Y135.372 E232.93154
G1 X143.158 Y147.407 E233.17171
;MESH:NONMESH
G0 F300 X143.158 Y147.407 Z3.36
G0 F12000 X143.47 Y147.407
G0 X143.398 Y134.935
G0 X132.263 Y134.463
G0 X132.263 Y134.675
;TIME_ELAPSED:629.576325
;LAYER:27
;note -- min layer time used
;TYPE:WALL-INNER
;MESH:MotorMount_v2.stl
G1 F1695.3 X132.786 Y134.379 E233.18353
G1 X131.946 Y134.358 E233.20004
G1 F1730.4 X131.96 Y135.372 E233.21957
G1 X132.263 Y134.675 E233.23421
G0 F12000 X132.786 Y134.379
G1 F1637.1 X132.96 Y134.372 E233.23775
G1 F1669.8 X142.96 Y134.372 E233.43731
G0 F12000 X143.657 Y134.675
G1 F1730.4 X143.96 Y135.372 E233.45195
G1 X143.974 Y134.358 E233.47148
G1 X142.96 Y134.372 E233.49101
G1 X143.657 Y134.675 E233.50565
G0 F12000 X143.96 Y135.372
G1 F1669.8 X143.96 Y147.372 E233.74512
G1 F1641.1 X143.953 Y147.546 E233.74865
G0 F12000 X143.657 Y148.069
G1 F1695.3 X143.134 Y148.365 E233.76047
G1 X143.974 Y148.386 E233.77698
G1 F1699.6 X143.953 Y147.546 E233.79346
G1 X143.657 Y148.069 E233.80524
G0 F12000 X143.384 Y147.796
G1 F1669.8 X143.049 Y147.972 E233.81279
G1 X132.96 Y147.972 E234.01413
G1 X132.535 Y147.797 E234.0233
G1 X132.36 Y147.461 E234.03086
G1 X132.36 Y135.372 E234.27211
G1 X132.535 Y134.947 E234.28128
G1 X132.871 Y134.772 E234.28884
G1 X142.96 Y134.772 E234.49018
G1 X143.384 Y134.948 E234.49934
G1 X143.56 Y135.372 E234.5085
G1 X143.56 Y147.461 E234.74975
G1 X143.384 Y147.796 E234.7573
G0 F12000 X143.134 Y148.365
G1 F1637.1 X142.96 Y148.372 E234.76085
G1 F1669.8 X132.96 Y148.372 E234.96041
G0 F12000 X132.263 Y148.069
G1 F1695.3 X131.967 Y147.546 E234.97222
G1 X131.946 Y148.386 E234.98874
G1 F1730.4 X132.96 Y148.372 E235.00827
G1 X132.263 Y148.069 E235.0229
G0 F12000 X131.967 Y147.546
G1 F1637.1 X131.96 Y147.372 E235.02645
G1 F1669.8 X131.96 Y135.372 E235.26592
G0 F12000 X132.122 Y148.211
G0 X144.08 Y148.493
G0 X144.36 Y148.772
G1 F1669.8 X144.36 Y133.972 E235.56127
G1 X131.561 Y133.973 E235.81669
G1 X131.561 Y148.771 E236.112
G1 X144.36 Y148.772 E236.36742
G0 F12000 X144.76 Y149.172
;TYPE:WALL-OUTER
G1 F1669.8 X144.76 Y133.572 E236.67873
G1 X131.161 Y133.573 E236.95012
G1 X131.161 Y149.171 E237.26139
G1 X144.76 Y149.172 E237.53277
G1 F1500 E231.03277
G0 F12000 X144.48 Y148.893
G0 X143.47 Y147.407
G0 X143.158 Y147.407
G1 F1500 E237.53277
G1 F1669.8 X143.102 Y147.514 E237.53518
G1 X142.995 Y147.57 E237.53759
G1 X132.96 Y147.572 E237.73785
G1 X132.818 Y147.514 E237.74091
G1 X132.762 Y147.407 E237.74332
G1 X132.76 Y135.372 E237.9835
G1 X132.818 Y135.23 E237.98656
G1 X132.925 Y135.174 E237.98897
G1 X142.96 Y135.172 E238.18923
G1 X143.102 Y135.23 E238.19229
G1 X143.16 Y135.372 E238.19535
G1 X143.158 Y147.407 E238.43552
;MESH:NONMESH
G0 F300 X143.158 Y147.407 Z3.48
G0 F12000 X143.47 Y147.407
G0 X143.398 Y134.935
G0 X132.263 Y134.463
G0 X132.263 Y134.675
;TIME_ELAPSED:642.587284
;LAYER:28
;note -- min layer time used
;TYPE:WALL-INNER
;MESH:MotorMount_v2.stl
G1 F1695.3 X132.786 Y134.379 E238.44733
G1 X131.946 Y134.358 E238.46385
G1 F1730.4 X131.96 Y135.372 E238.48338
G1 X132.263 Y134.675 E238.49801
G0 F12000 X132.786 Y134.379
G1 F1637.1 X132.96 Y134.372 E238.50156
G1 F1669.8 X142.96 Y134.372 E238.70112
G0 F12000 X143.657 Y134.675
G1 F1730.4 X143.96 Y135.372 E238.71576
G1 X143.974 Y134.358 E238.73528
G1 X142.96 Y134.372 E238.75481
G1 X143.657 Y134.675 E238.76945
G0 F12000 X143.96 Y135.372
G1 F1669.8 X143.96 Y147.372 E239.00892
G1 F1641.1 X143.953 Y147.546 E239.01246
G0 F12000 X143.657 Y148.069
G1 F1695.3 X143.134 Y148.365 E239.02427
G1 X143.974 Y148.386 E239.04079
G1 F1699.6 X143.953 Y147.546 E239.05726
G1 X143.657 Y148.069 E239.06905
G0 F12000 X143.384 Y147.796
G1 F1669.8 X143.049 Y147.972 E239.0766
G1 X132.96 Y147.972 E239.27793
G1 X132.535 Y147.797 E239.28711
G1 X132.36 Y147.461 E239.29467
G1 X132.36 Y135.372 E239.53592
G1 X132.535 Y134.947 E239.54509
G1 X132.871 Y134.772 E239.55265
G1 X142.96 Y134.772 E239.75399
G1 X143.384 Y134.948 E239.76315
G1 X143.56 Y135.372 E239.77231
G1 X143.56 Y147.461 E240.01356
G1 X143.384 Y147.796 E240.02111
G0 F12000 X143.134 Y148.365
G1 F1637.1 X142.96 Y148.372 E240.02465
G1 F1669.8 X132.96 Y148.372 E240.22421
G0 F12000 X132.263 Y148.069
G1 F1695.3 X131.967 Y147.546 E240.23603
G1 X131.946 Y148.386 E240.25254
G1 F1730.4 X132.96 Y148.372 E240.27207
G1 X132.263 Y148.069 E240.28671
G0 F12000 X131.967 Y147.546
G1 F1637.1 X131.96 Y147.372 E240.29025
G1 F1669.8 X131.96 Y135.372 E240.52973
G0 F12000 X132.122 Y148.211
G0 X144.08 Y148.493
G0 X144.36 Y148.772
G1 F1669.8 X144.36 Y133.972 E240.82508
G1 X131.561 Y133.973 E241.08049
G1 X131.561 Y148.771 E241.3758
G1 X144.36 Y148.772 E241.63122
G0 F12000 X144.76 Y149.172
;TYPE:WALL-OUTER
G1 F1669.8 X144.76 Y133.572 E241.94254
G1 X131.161 Y133.573 E242.21392
G1 X131.161 Y149.171 E242.5252
G1 X144.76 Y149.172 E242.79658
G1 F1500 E236.29658
G0 F12000 X144.48 Y148.893
G0 X143.47 Y147.407
G0 X143.158 Y147.407
G1 F1500 E242.79658
G1 F1669.8 X143.102 Y147.514 E242.79899
G1 X142.995 Y147.57 E242.8014
G1 X132.96 Y147.572 E243.00166
G1 X132.818 Y147.514 E243.00472
G1 X132.762 Y147.407 E243.00713
G1 X132.76 Y135.372 E243.2473
G1 X132.818 Y135.23 E243.25036
G1 X132.925 Y135.174 E243.25277
G1 X142.96 Y135.172 E243.45303
G1 X143.102 Y135.23 E243.45609
G1 X143.16 Y135.372 E243.45915
G1 X143.158 Y147.407 E243.69932
;MESH:NONMESH
G0 F300 X143.158 Y147.407 Z3.6
G0 F12000 X143.47 Y147.407
G0 X143.398 Y134.935
G0 X132.263 Y134.463
G0 X132.263 Y134.675
;TIME_ELAPSED:655.598242
;LAYER:29
;note -- min layer time used
;TYPE:WALL-INNER
;MESH:MotorMount_v2.stl
G1 F1695.3 X132.786 Y134.379 E243.71114
G1 X131.946 Y134.358 E243.72765
G1 F1730.4 X131.96 Y135.372 E243.74718
G1 X132.263 Y134.675 E243.76182
G0 F12000 X132.786 Y134.379
G1 F1637.1 X132.96 Y134.372 E243.76536
G1 F1669.8 X142.96 Y134.372 E243.96492
G0 F12000 X143.657 Y134.675
G1 F1730.4 X143.96 Y135.372 E243.97956
G1 X143.974 Y134.358 E243.99909
G1 X142.96 Y134.372 E244.01862
G1 X143.657 Y134.675 E244.03325
G0 F12000 X143.96 Y135.372
G1 F1669.8 X143.96 Y147.372 E244.27273
G1 F1641.1 X143.953 Y147.546 E244.27626
G0 F12000 X143.657 Y148.069
G1 F1695.3 X143.134 Y148.365 E244.28808
G1 X143.974 Y148.386 E244.30459
G1 F1699.6 X143.953 Y147.546 E244.32107
G1 X143.657 Y148.069 E244.33285
G0 F12000 X143.384 Y147.796
G1 F1669.8 X143.049 Y147.972 E244.3404
G1 X132.96 Y147.972 E244.54174
G1 X132.535 Y147.797 E244.55091
G1 X132.36 Y147.461 E244.55847
G1 X132.36 Y135.372 E244.79972
G1 X132.535 Y134.947 E244.80889
G1 X132.871 Y134.772 E244.81645
G1 X142.96 Y134.772 E245.01779
G1 X143.384 Y134.948 E245.02695
G1 X143.56 Y135.372 E245.03611
G1 X143.56 Y147.461 E245.27736
G1 X143.384 Y147.796 E245.28491
G0 F12000 X143.134 Y148.365
G1 F1637.1 X142.96 Y148.372 E245.28846
G1 F1669.8 X132.96 Y148.372 E245.48802
G0 F12000 X132.263 Y148.069
G1 F1695.3 X131.967 Y147.546 E245.49983
G1 X131.946 Y148.386 E245.51635
G1 F1730.4 X132.96 Y148.372 E245.53588
G1 X132.263 Y148.069 E245.55051
G0 F12000 X131.967 Y147.546
G1 F1637.1 X131.96 Y147.372 E245.55406
G1 F1669.8 X131.96 Y135.372 E245.79353
G0 F12000 X132.122 Y148.211
G0 X144.08 Y148.493
G0 X144.36 Y148.772
G1 F1669.8 X144.36 Y133.972 E246.08888
G1 X131.561 Y133.973 E246.3443
G1 X131.561 Y148.771 E246.63961
G1 X144.36 Y148.772 E246.89503
G0 F12000 X144.76 Y149.172
;TYPE:WALL-OUTER
G1 F1669.8 X144.76 Y133.572 E247.20634
G1 X131.161 Y133.573 E247.47772
G1 X131.161 Y149.171 E247.789
G1 X144.76 Y149.172 E248.06038
G1 F1500 E241.56038
G0 F12000 X144.48 Y148.893
G0 X143.47 Y147.407
G0 X143.158 Y147.407
G1 F1500 E248.06038
G1 F1669.8 X143.102 Y147.514 E248.06279
G1 X142.995 Y147.57 E248.0652
G1 X132.96 Y147.572 E248.26546
G1 X132.818 Y147.514 E248.26852
G1 X132.762 Y147.407 E248.27093
G1 X132.76 Y135.372 E248.5111
G1 X132.818 Y135.23 E248.51417
G1 X132.925 Y135.174 E248.51658
G1 X142.96 Y135.172 E248.71683
G1 X143.102 Y135.23 E248.7199
G1 X143.16 Y135.372 E248.72296
G1 X143.158 Y147.407 E248.96313
;MESH:NONMESH
G0 F300 X143.158 Y147.407 Z3.72
G0 F12000 X143.47 Y147.407
G0 X143.398 Y134.935
G0 X132.263 Y134.463
G0 X132.263 Y134.675
;TIME_ELAPSED:668.609201
;LAYER:30
;note -- min layer time used
;TYPE:WALL-INNER
;MESH:MotorMount_v2.stl
G1 F1695.3 X132.786 Y134.379 E248.97494
G1 X131.946 Y134.358 E248.99146
G1 F1730.4 X131.96 Y135.372 E249.01099
G1 X132.263 Y134.675 E249.02562
G0 F12000 X132.786 Y134.379
G1 F1637.1 X132.96 Y134.372 E249.02917
G1 F1669.8 X142.96 Y134.372 E249.22873
G0 F12000 X143.657 Y134.675
G1 F1730.4 X143.96 Y135.372 E249.24336
G1 X143.974 Y134.358 E249.26289
G1 X142.96 Y134.372 E249.28242
G1 X143.657 Y134.675 E249.29706
G0 F12000 X143.96 Y135.372
G1 F1669.8 X143.96 Y147.372 E249.53653
G1 F1641.1 X143.953 Y147.546 E249.54007
G0 F12000 X143.657 Y148.069
G1 F1695.3 X143.134 Y148.365 E249.55188
G1 X143.974 Y148.386 E249.5684
G1 F1699.6 X143.953 Y147.546 E249.58487
G1 X143.657 Y148.069 E249.59665
G0 F12000 X143.384 Y147.796
G1 F1669.8 X143.049 Y147.972 E249.60421
G1 X132.96 Y147.972 E249.80554
G1 X132.535 Y147.797 E249.81472
G1 X132.36 Y147.461 E249.82228
G1 X132.36 Y135.372 E250.06352
G1 X132.535 Y134.947 E250.0727
G1 X132.871 Y134.772 E250.08026
G1 X142.96 Y134.772 E250.28159
G1 X143.384 Y134.948 E250.29076
G1 X143.56 Y135.372 E250.29992
G1 X143.56 Y147.461 E250.54117
G1 X143.384 Y147.796 E250.54872
G0 F12000 X143.134 Y148.365
G1 F1637.1 X142.96 Y148.372 E250.55226
G1 F1669.8 X132.96 Y148.372 E250.75182
G0 F12000 X132.263 Y148.069
G1 F1695.3 X131.967 Y147.546 E250.76364
G1 X131.946 Y148.386 E250.78015
G1 F1730.4 X132.96 Y148.372 E250.79968
G1 X132.263 Y148.069 E250.81432
G0 F12000 X131.967 Y147.546
G1 F1637.1 X131.96 Y147.372 E250.81786
G1 F1669.8 X131.96 Y135.372 E251.05734
G0 F12000 X132.122 Y148.211
G0 X144.08 Y148.493
G0 X144.36 Y148.772
G1 F1669.8 X144.36 Y133.972 E251.35269
G1 X131.561 Y133.973 E251.6081
G1 X131.561 Y148.771 E251.90341
G1 X144.36 Y148.772 E252.15883
G0 F12000 X144.76 Y149.172
;TYPE:WALL-OUTER
G1 F1669.8 X144.76 Y133.572 E252.47015
G1 X131.161 Y133.573 E252.74153
G1 X131.161 Y149.171 E253.0528
G1 X144.76 Y149.172 E253.32419
G1 F1500 E246.82419
G0 F12000 X144.48 Y148.893
G0 X143.47 Y147.407
G0 X143.158 Y147.407
G1 F1500 E253.32419
G1 F1669.8 X143.102 Y147.514 E253.3266
G1 X142.995 Y147.57 E253.32901
G1 X132.96 Y147.572 E253.52927
G1 X132.818 Y147.514 E253.53233
G1 X132.762 Y147.407 E253.53474
G1 X132.76 Y135.372 E253.77491
G1 X132.818 Y135.23 E253.77797
G1 X132.925 Y135.174 E253.78038
G1 X142.96 Y135.172 E253.98064
G1 X143.102 Y135.23 E253.9837
G1 X143.16 Y135.372 E253.98676
G1 X143.158 Y147.407 E254.22693
;MESH:NONMESH
G0 F300 X143.158 Y147.407 Z3.84
G0 F12000 X143.47 Y147.407
G0 X143.398 Y134.935
G0 X132.263 Y134.463
G0 X132.263 Y134.675
;TIME_ELAPSED:681.620159
;LAYER:31
;note -- min layer time used
;TYPE:WALL-INNER
;MESH:MotorMount_v2.stl
G1 F1695.3 X132.786 Y134.379 E254.23875
G1 X131.946 Y134.358 E254.25526
G1 F1730.4 X131.96 Y135.372 E254.27479
G1 X132.263 Y134.675 E254.28943
G0 F12000 X132.786 Y134.379
G1 F1637.1 X132.96 Y134.372 E254.29297
G1 F1669.8 X142.96 Y134.372 E254.49253
G0 F12000 X143.657 Y134.675
G1 F1730.4 X143.96 Y135.372 E254.50717
G1 X143.974 Y134.358 E254.5267
G1 X142.96 Y134.372 E254.54623
G1 X143.657 Y134.675 E254.56086
G0 F12000 X143.96 Y135.372
G1 F1669.8 X143.96 Y147.372 E254.80034
G1 F1641.1 X143.953 Y147.546 E254.80387
G0 F12000 X143.657 Y148.069
G1 F1695.3 X143.134 Y148.365 E254.81568
G1 X143.974 Y148.386 E254.8322
G1 F1699.6 X143.953 Y147.546 E254.84868
G1 X143.657 Y148.069 E254.86046
G0 F12000 X143.384 Y147.796
G1 F1669.8 X143.049 Y147.972 E254.86801
G1 X132.96 Y147.972 E255.06935
G1 X132.535 Y147.797 E255.07852
G1 X132.36 Y147.461 E255.08608
G1 X132.36 Y135.372 E255.32733
G1 X132.535 Y134.947 E255.3365
G1 X132.871 Y134.772 E255.34406
G1 X142.96 Y134.772 E255.5454
G1 X143.384 Y134.948 E255.55456
G1 X143.56 Y135.372 E255.56372
G1 X143.56 Y147.461 E255.80497
G1 X143.384 Y147.796 E255.81252
G0 F12000 X143.134 Y148.365
G1 F1637.1 X142.96 Y148.372 E255.81607
G1 F1669.8 X132.96 Y148.372 E256.01563
G0 F12000 X132.263 Y148.069
G1 F1695.3 X131.967 Y147.546 E256.02744
G1 X131.946 Y148.386 E256.04396
G1 F1730.4 X132.96 Y148.372 E256.06349
G1 X132.263 Y148.069 E256.07812
G0 F12000 X131.967 Y147.546
G1 F1637.1 X131.96 Y147.372 E256.08167
G1 F1669.8 X131.96 Y135.372 E256.32114
G0 F12000 X132.122 Y148.211
G0 X144.08 Y148.493
G0 X144.36 Y148.772
G1 F1669.8 X144.36 Y133.972 E256.61649
G1 X131.561 Y133.973 E256.87191
G1 X131.561 Y148.771 E257.16722
G1 X144.36 Y148.772 E257.42264
G0 F12000 X144.76 Y149.172
;TYPE:WALL-OUTER
G1 F1669.8 X144.76 Y133.572 E257.73395
G1 X131.161 Y133.573 E258.00533
G1 X131.161 Y149.171 E258.31661
G1 X144.76 Y149.172 E258.58799
G1 F1500 E252.08799
G0 F12000 X144.48 Y148.893
G0 X143.47 Y147.407
G0 X143.158 Y147.407
G1 F1500 E258.58799
G1 F1669.8 X143.102 Y147.514 E258.5904
G1 X142.995 Y147.57 E258.59281
G1 X132.96 Y147.572 E258.79307
G1 X132.818 Y147.514 E258.79613
G1 X132.762 Y147.407 E258.79854
G1 X132.76 Y135.372 E259.03871
G1 X132.818 Y135.23 E259.04177
G1 X132.925 Y135.174 E259.04418
G1 X142.96 Y135.172 E259.24444
G1 X143.102 Y135.23 E259.2475
G1 X143.16 Y135.372 E259.25057
G1 X143.158 Y147.407 E259.49074
;MESH:NONMESH
G0 F300 X143.158 Y147.407 Z3.96
G0 F12000 X143.47 Y147.407
G0 X143.398 Y134.935
G0 X132.263 Y134.463
G0 X132.263 Y134.675
;TIME_ELAPSED:694.631118
;LAYER:32
;note -- min layer time used
;TYPE:WALL-INNER
;MESH:MotorMount_v2.stl
G1 F1695.3 X132.786 Y134.379 E259.50255
G1 X131.946 Y134.358 E259.51907
G1 F1730.4 X131.96 Y135.372 E259.5386
G1 X132.263 Y134.675 E259.55323
G0 F12000 X132.786 Y134.379
G1 F1637.1 X132.96 Y134.372 E259.55678
G1 F1669.8 X142.96 Y134.372 E259.75634
G0 F12000 X143.657 Y134.675
G1 F1730.4 X143.96 Y135.372 E259.77097
G1 X143.974 Y134.358 E259.7905
G1 X142.96 Y134.372 E259.81003
G1 X143.657 Y134.675 E259.82467
G0 F12000 X143.96 Y135.372
G1 F1669.8 X143.96 Y147.372 E260.06414
G1 F1641.1 X143.953 Y147.546 E260.06768
G0 F12000 X143.657 Y148.069
G1 F1695.3 X143.134 Y148.365 E260.07949
G1 X143.974 Y148.386 E260.09601
G1 F1699.6 X143.953 Y147.546 E260.11248
G1 X143.657 Y148.069 E260.12426
G0 F12000 X143.384 Y147.796
G1 F1669.8 X143.049 Y147.972 E260.13182
G1 X132.96 Y147.972 E260.33315
G1 X132.535 Y147.797 E260.34232
G1 X132.36 Y147.461 E260.34988
G1 X132.36 Y135.372 E260.59113
G1 X132.535 Y134.947 E260.60031
G1 X132.871 Y134.772 E260.60787
G1 X142.96 Y134.772 E260.8092
G1 X143.384 Y134.948 E260.81836
G1 X143.56 Y135.372 E260.82753
G1 X143.56 Y147.461 E261.06878
G1 X143.384 Y147.796 E261.07633
G0 F12000 X143.134 Y148.365
G1 F1637.1 X142.96 Y148.372 E261.07987
G1 F1669.8 X132.96 Y148.372 E261.27943
G0 F12000 X132.263 Y148.069
G1 F1695.3 X131.967 Y147.546 E261.29125
G1 X131.946 Y148.386 E261.30776
G1 F1730.4 X132.96 Y148.372 E261.32729
G1 X132.263 Y148.069 E261.34193
G0 F12000 X131.967 Y147.546
G1 F1637.1 X131.96 Y147.372 E261.34547
G1 F1669.8 X131.96 Y135.372 E261.58494
G0 F12000 X132.122 Y148.211
G0 X144.08 Y148.493
G0 X144.36 Y148.772
G1 F1669.8 X144.36 Y133.972 E261.88029
G1 X131.561 Y133.973 E262.13571
G1 X131.561 Y148.771 E262.43102
G1 X144.36 Y148.772 E262.68644
G0 F12000 X144.76 Y149.172
;TYPE:WALL-OUTER
G1 F1669.8 X144.76 Y133.572 E262.99776
G1 X131.161 Y133.573 E263.26914
G1 X131.161 Y149.171 E263.58041
G1 X144.76 Y149.172 E263.8518
G1 F1500 E257.3518
G0 F12000 X144.48 Y148.893
G0 X143.47 Y147.407
G0 X143.158 Y147.407
G1 F1500 E263.8518
G1 F1669.8 X143.102 Y147.514 E263.85421
G1 X142.995 Y147.57 E263.85662
G1 X132.96 Y147.572 E264.05688
G1 X132.818 Y147.514 E264.05994
G1 X132.762 Y147.407 E264.06235
G1 X132.76 Y135.372 E264.30252
G1 X132.818 Y135.23 E264.30558
G1 X132.925 Y135.174 E264.30799
G1 X142.96 Y135.172 E264.50825
G1 X143.102 Y135.23 E264.51131
G1 X143.16 Y135.372 E264.51437
G1 X143.158 Y147.407 E264.75454
;MESH:NONMESH
G0 F300 X143.158 Y147.407 Z4.08
G0 F12000 X143.47 Y147.407
G0 X143.398 Y134.935
G0 X132.263 Y134.463
G0 X132.263 Y134.675
;TIME_ELAPSED:707.642077
;LAYER:33
;note -- min layer time used
;TYPE:WALL-INNER
;MESH:MotorMount_v2.stl
G1 F1695.3 X132.786 Y134.379 E264.76635
G1 X131.946 Y134.358 E264.78287
G1 F1730.4 X131.96 Y135.372 E264.8024
G1 X132.263 Y134.675 E264.81704
G0 F12000 X132.786 Y134.379
G1 F1637.1 X132.96 Y134.372 E264.82058
G1 F1669.8 X142.96 Y134.372 E265.02014
G0 F12000 X143.657 Y134.675
G1 F1730.4 X143.96 Y135.372 E265.03478
G1 X143.974 Y134.358 E265.05431
G1 X142.96 Y134.372 E265.07384
G1 X143.657 Y134.675 E265.08847
G0 F12000 X143.96 Y135.372
G1 F1669.8 X143.96 Y147.372 E265.32794
G1 F1641.1 X143.953 Y147.546 E265.33148
G0 F12000 X143.657 Y148.069
G1 F1695.3 X143.134 Y148.365 E265.34329
G1 X143.974 Y148.386 E265.35981
G1 F1699.6 X143.953 Y147.546 E265.37629
G1 X143.657 Y148.069 E265.38807
G0 F12000 X143.384 Y147.796
G1 F1669.8 X143.049 Y147.972 E265.39562
G1 X132.96 Y147.972 E265.59696
G1 X132.535 Y147.797 E265.60613
G1 X132.36 Y147.461 E265.61369
G1 X132.36 Y135.372 E265.85494
G1 X132.535 Y134.947 E265.86411
G1 X132.871 Y134.772 E265.87167
G1 X142.96 Y134.772 E266.07301
G1 X143.384 Y134.948 E266.08217
G1 X143.56 Y135.372 E266.09133
G1 X143.56 Y147.461 E266.33258
G1 X143.384 Y147.796 E266.34013
G0 F12000 X143.134 Y148.365
G1 F1637.1 X142.96 Y148.372 E266.34368
G1 F1669.8 X132.96 Y148.372 E266.54324
G0 F12000 X132.263 Y148.069
G1 F1695.3 X131.967 Y147.546 E266.55505
G1 X131.946 Y148.386 E266.57157
G1 F1730.4 X132.96 Y148.372 E266.5911
G1 X132.263 Y148.069 E266.60573
G0 F12000 X131.967 Y147.546
G1 F1637.1 X131.96 Y147.372 E266.60928
G1 F1669.8 X131.96 Y135.372 E266.84875
G0 F12000 X132.122 Y148.211
G0 X144.08 Y148.493
G0 X144.36 Y148.772
G1 F1669.8 X144.36 Y133.972 E267.1441
G1 X131.561 Y133.973 E267.39952
G1 X131.561 Y148.771 E267.69483
G1 X144.36 Y148.772 E267.95024
G0 F12000 X144.76 Y149.172
;TYPE:WALL-OUTER
G1 F1669.8 X144.76 Y133.572 E268.26156
G1 X131.161 Y133.573 E268.53294
G1 X131.161 Y149.171 E268.84422
G1 X144.76 Y149.172 E269.1156
G1 F1500 E262.6156
G0 F12000 X144.48 Y148.893
G0 X143.47 Y147.407
G0 X143.158 Y147.407
G1 F1500 E269.1156
G1 F1669.8 X143.102 Y147.514 E269.11801
G1 X142.995 Y147.57 E269.12042
G1 X132.96 Y147.572 E269.32068
G1 X132.818 Y147.514 E269.32374
G1 X132.762 Y147.407 E269.32615
G1 X132.76 Y135.372 E269.56632
G1 X132.818 Y135.23 E269.56938
G1 X132.925 Y135.174 E269.57179
G1 X142.96 Y135.172 E269.77205
G1 X143.102 Y135.23 E269.77511
G1 X143.16 Y135.372 E269.77817
G1 X143.158 Y147.407 E270.01835
;MESH:NONMESH
G0 F300 X143.158 Y147.407 Z4.2
G0 F12000 X143.47 Y147.407
G0 X143.398 Y134.935
G0 X132.263 Y134.463
G0 X132.263 Y134.675
;TIME_ELAPSED:720.653035
;LAYER:34
;note -- min layer time used
;TYPE:WALL-INNER
;MESH:MotorMount_v2.stl
G1 F1695.3 X132.786 Y134.379 E270.03016
G1 X131.946 Y134.358 E270.04668
G1 F1730.4 X131.96 Y135.372 E270.0662
G1 X132.263 Y134.675 E270.08084
G0 F12000 X132.786 Y134.379
G1 F1637.1 X132.96 Y134.372 E270.08439
G1 F1669.8 X142.96 Y134.372 E270.28395
G0 F12000 X143.657 Y134.675
G1 F1730.4 X143.96 Y135.372 E270.29858
G1 X143.974 Y134.358 E270.31811
G1 X142.96 Y134.372 E270.33764
G1 X143.657 Y134.675 E270.35228
G0 F12000 X143.96 Y135.372
G1 F1669.8 X143.96 Y147.372 E270.59175
G1 F1641.1 X143.953 Y147.546 E270.59529
G0 F12000 X143.657 Y148.069
G1 F1695.3 X143.134 Y148.365 E270.6071
G1 X143.974 Y148.386 E270.62362
G1 F1699.6 X143.953 Y147.546 E270.64009
G1 X143.657 Y148.069 E270.65187
G0 F12000 X143.384 Y147.796
G1 F1669.8 X143.049 Y147.972 E270.65942
G1 X132.96 Y147.972 E270.86076
G1 X132.535 Y147.797 E270.86993
G1 X132.36 Y147.461 E270.87749
G1 X132.36 Y135.372 E271.11874
G1 X132.535 Y134.947 E271.12792
G1 X132.871 Y134.772 E271.13548
G1 X142.96 Y134.772 E271.33681
G1 X143.384 Y134.948 E271.34597
G1 X143.56 Y135.372 E271.35513
G1 X143.56 Y147.461 E271.59638
G1 X143.384 Y147.796 E271.60394
G0 F12000 X143.134 Y148.365
G1 F1637.1 X142.96 Y148.372 E271.60748
G1 F1669.8 X132.96 Y148.372 E271.80704
G0 F12000 X132.263 Y148.069
G1 F1695.3 X131.967 Y147.546 E271.81885
G1 X131.946 Y148.386 E271.83537
G1 F1730.4 X132.96 Y148.372 E271.8549
G1 X132.263 Y148.069 E271.86954
G0 F12000 X131.967 Y147.546
G1 F1637.1 X131.96 Y147.372 E271.87308
G1 F1669.8 X131.96 Y135.372 E272.11255
G0 F12000 X132.122 Y148.211
G0 X144.08 Y148.493
G0 X144.36 Y148.772
G1 F1669.8 X144.36 Y133.972 E272.4079
G1 X131.561 Y133.973 E272.66332
G1 X131.561 Y148.771 E272.95863
G1 X144.36 Y148.772 E273.21405
G0 F12000 X144.76 Y149.172
;TYPE:WALL-OUTER
G1 F1669.8 X144.76 Y133.572 E273.52536
G1 X131.161 Y133.573 E273.79675
G1 X131.161 Y149.171 E274.10802
G1 X144.76 Y149.172 E274.3794
G1 F1500 E267.8794
G0 F12000 X144.48 Y148.893
G0 X143.47 Y147.407
G0 X143.158 Y147.407
G1 F1500 E274.3794
G1 F1669.8 X143.102 Y147.514 E274.38181
G1 X142.995 Y147.57 E274.38422
G1 X132.96 Y147.572 E274.58448
G1 X132.818 Y147.514 E274.58755
G1 X132.762 Y147.407 E274.58996
G1 X132.76 Y135.372 E274.83013
G1 X132.818 Y135.23 E274.83319
G1 X132.925 Y135.174 E274.8356
G1 X142.96 Y135.172 E275.03586
G1 X143.102 Y135.23 E275.03892
G1 X143.16 Y135.372 E275.04198
G1 X143.158 Y147.407 E275.28215
;MESH:NONMESH
G0 F300 X143.158 Y147.407 Z4.32
G0 F12000 X143.47 Y147.407
G0 X143.398 Y134.935
G0 X132.263 Y134.463
G0 X132.263 Y134.675
;TIME_ELAPSED:733.663994
;LAYER:35
;note -- min layer time used
;TYPE:WALL-INNER
;MESH:MotorMount_v2.stl
G1 F1695.3 X132.786 Y134.379 E275.29396
G1 X131.946 Y134.358 E275.31048
G1 F1730.4 X131.96 Y135.372 E275.33001
G1 X132.263 Y134.675 E275.34465
G0 F12000 X132.786 Y134.379
G1 F1637.1 X132.96 Y134.372 E275.34819
G1 F1669.8 X142.96 Y134.372 E275.54775
G0 F12000 X143.657 Y134.675
G1 F1730.4 X143.96 Y135.372 E275.56239
G1 X143.974 Y134.358 E275.58192
G1 X142.96 Y134.372 E275.60144
G1 X143.657 Y134.675 E275.61608
G0 F12000 X143.96 Y135.372
G1 F1669.8 X143.96 Y147.372 E275.85555
G1 F1641.1 X143.953 Y147.546 E275.85909
G0 F12000 X143.657 Y148.069
G1 F1695.3 X143.134 Y148.365 E275.8709
G1 X143.974 Y148.386 E275.88742
G1 F1699.6 X143.953 Y147.546 E275.90389
G1 X143.657 Y148.069 E275.91568
G0 F12000 X143.384 Y147.796
G1 F1669.8 X143.049 Y147.972 E275.92323
G1 X132.96 Y147.972 E276.12457
G1 X132.535 Y147.797 E276.13374
G1 X132.36 Y147.461 E276.1413
G1 X132.36 Y135.372 E276.38255
G1 X132.535 Y134.947 E276.39172
G1 X132.871 Y134.772 E276.39928
G1 X142.96 Y134.772 E276.60062
G1 X143.384 Y134.948 E276.60978
G1 X143.56 Y135.372 E276.61894
G1 X143.56 Y147.461 E276.86019
G1 X143.384 Y147.796 E276.86774
G0 F12000 X143.134 Y148.365
G1 F1637.1 X142.96 Y148.372 E276.87128
G1 F1669.8 X132.96 Y148.372 E277.07085
G0 F12000 X132.263 Y148.069
G1 F1695.3 X131.967 Y147.546 E277.08266
G1 X131.946 Y148.386 E277.09918
G1 F1730.4 X132.96 Y148.372 E277.1187
G1 X132.263 Y148.069 E277.13334
G0 F12000 X131.967 Y147.546
G1 F1637.1 X131.96 Y147.372 E277.13689
G1 F1669.8 X131.96 Y135.372 E277.37636
G0 F12000 X132.122 Y148.211
G0 X144.08 Y148.493
G0 X144.36 Y148.772
G1 F1669.8 X144.36 Y133.972 E277.67171
G1 X131.561 Y133.973 E277.92713
G1 X131.561 Y148.771 E278.22244
G1 X144.36 Y148.772 E278.47785
G0 F12000 X144.76 Y149.172
;TYPE:WALL-OUTER
G1 F1669.8 X144.76 Y133.572 E278.78917
G1 X131.161 Y133.573 E279.06055
G1 X131.161 Y149.171 E279.37183
G1 X144.76 Y149.172 E279.64321
G1 F1500 E273.14321
G0 F12000 X144.48 Y148.893
G0 X143.47 Y147.407
G0 X143.158 Y147.407
G1 F1500 E279.64321
G1 F1669.8 X143.102 Y147.514 E279.64562
G1 X142.995 Y147.57 E279.64803
G1 X132.96 Y147.572 E279.84829
G1 X132.818 Y147.514 E279.85135
G1 X132.762 Y147.407 E279.85376
G1 X132.76 Y135.372 E280.09393
G1 X132.818 Y135.23 E280.09699
G1 X132.925 Y135.174 E280.0994
G1 X142.96 Y135.172 E280.29966
G1 X143.102 Y135.23 E280.30272
G1 X143.16 Y135.372 E280.30578
G1 X143.158 Y147.407 E280.54596
;MESH:NONMESH
G0 F300 X143.158 Y147.407 Z4.44
G0 F12000 X143.47 Y147.407
G0 X143.398 Y134.935
G0 X132.263 Y134.463
G0 X132.263 Y134.675
;TIME_ELAPSED:746.674952
;LAYER:36
;note -- min layer time used
;TYPE:WALL-INNER
;MESH:MotorMount_v2.stl
G1 F1695.3 X132.786 Y134.379 E280.55777
G1 X131.946 Y134.358 E280.57428
G1 F1730.4 X131.96 Y135.372 E280.59381
G1 X132.263 Y134.675 E280.60845
G0 F12000 X132.786 Y134.379
G1 F1637.1 X132.96 Y134.372 E280.61199
G1 F1669.8 X142.96 Y134.372 E280.81156
G0 F12000 X143.657 Y134.675
G1 F1730.4 X143.96 Y135.372 E280.82619
G1 X143.974 Y134.358 E280.84572
G1 X142.96 Y134.372 E280.86525
G1 X143.657 Y134.675 E280.87989
G0 F12000 X143.96 Y135.372
G1 F1669.8 X143.96 Y147.372 E281.11936
G1 F1641.1 X143.953 Y147.546 E281.12289
G0 F12000 X143.657 Y148.069
G1 F1695.3 X143.134 Y148.365 E281.13471
G1 X143.974 Y148.386 E281.15122
G1 F1699.6 X143.953 Y147.546 E281.1677
G1 X143.657 Y148.069 E281.17948
G0 F12000 X143.384 Y147.796
G1 F1669.8 X143.049 Y147.972 E281.18703
G1 X132.96 Y147.972 E281.38837
G1 X132.535 Y147.797 E281.39754
G1 X132.36 Y147.461 E281.4051
G1 X132.36 Y135.372 E281.64635
G1 X132.535 Y134.947 E281.65552
G1 X132.871 Y134.772 E281.66308
G1 X142.96 Y134.772 E281.86442
G1 X143.384 Y134.948 E281.87358
G1 X143.56 Y135.372 E281.88274
G1 X143.56 Y147.461 E282.12399
G1 X143.384 Y147.796 E282.13154
G0 F12000 X143.134 Y148.365
G1 F1637.1 X142.96 Y148.372 E282.13509
G1 F1669.8 X132.96 Y148.372 E282.33465
G0 F12000 X132.263 Y148.069
G1 F1695.3 X131.967 Y147.546 E282.34646
G1 X131.946 Y148.386 E282.36298
G1 F1730.4 X132.96 Y148.372 E282.38251
G1 X132.263 Y148.069 E282.39714
G0 F12000 X131.967 Y147.546
G1 F1637.1 X131.96 Y147.372 E282.40069
G1 F1669.8 X131.96 Y135.372 E282.64016
G0 F12000 X132.122 Y148.211
G0 X144.08 Y148.493
G0 X144.36 Y148.772
G1 F1669.8 X144.36 Y133.972 E282.93551
G1 X131.561 Y133.973 E283.19093
G1 X131.561 Y148.771 E283.48624
G1 X144.36 Y148.772 E283.74166
G0 F12000 X144.76 Y149.172
;TYPE:WALL-OUTER
G1 F1669.8 X144.76 Y133.572 E284.05297
G1 X131.161 Y133.573 E284.32436
G1 X131.161 Y149.171 E284.63563
G1 X144.76 Y149.172 E284.90701
G1 F1500 E278.40701
G0 F12000 X144.48 Y148.893
G0 X143.47 Y147.407
G0 X143.158 Y147.407
G1 F1500 E284.90701
G1 F1669.8 X143.102 Y147.514 E284.90942
G1 X142.995 Y147.57 E284.91183
G1 X132.96 Y147.572 E285.11209
G1 X132.818 Y147.514 E285.11515
G1 X132.762 Y147.407 E285.11756
G1 X132.76 Y135.372 E285.35774
G1 X132.818 Y135.23 E285.3608
G1 X132.925 Y135.174 E285.36321
G1 X142.96 Y135.172 E285.56347
G1 X143.102 Y135.23 E285.56653
G1 X143.16 Y135.372 E285.56959
G1 X143.158 Y147.407 E285.80976
;MESH:NONMESH
G0 F300 X143.158 Y147.407 Z4.56
G0 F12000 X143.47 Y147.407
G0 X143.398 Y134.935
G0 X132.263 Y134.463
G0 X132.263 Y134.675
;TIME_ELAPSED:759.685911
;LAYER:37
;note -- min layer time used
;TYPE:WALL-INNER
;MESH:MotorMount_v2.stl
G1 F1695.3 X132.786 Y134.379 E285.82157
G1 X131.946 Y134.358 E285.83809
G1 F1730.4 X131.96 Y135.372 E285.85762
G1 X132.263 Y134.675 E285.87225
G0 F12000 X132.786 Y134.379
G1 F1637.1 X132.96 Y134.372 E285.8758
G1 F1669.8 X142.96 Y134.372 E286.07536
G0 F12000 X143.657 Y134.675
G1 F1730.4 X143.96 Y135.372 E286.09
G1 X143.974 Y134.358 E286.10952
G1 X142.96 Y134.372 E286.12905
G1 X143.657 Y134.675 E286.14369
G0 F12000 X143.96 Y135.372
G1 F1669.8 X143.96 Y147.372 E286.38316
G1 F1641.1 X143.953 Y147.546 E286.3867
G0 F12000 X143.657 Y148.069
G1 F1695.3 X143.134 Y148.365 E286.39851
G1 X143.974 Y148.386 E286.41503
G1 F1699.6 X143.953 Y147.546 E286.4315
G1 X143.657 Y148.069 E286.44329
G0 F12000 X143.384 Y147.796
G1 F1669.8 X143.049 Y147.972 E286.45084
G1 X132.96 Y147.972 E286.65217
G1 X132.535 Y147.797 E286.66135
G1 X132.36 Y147.461 E286.66891
G1 X132.36 Y135.372 E286.91016
G1 X132.535 Y134.947 E286.91933
G1 X132.871 Y134.772 E286.92689
G1 X142.96 Y134.772 E287.12823
G1 X143.384 Y134.948 E287.13739
G1 X143.56 Y135.372 E287.14655
G1 X143.56 Y147.461 E287.3878
G1 X143.384 Y147.796 E287.39535
G0 F12000 X143.134 Y148.365
G1 F1637.1 X142.96 Y148.372 E287.39889
G1 F1669.8 X132.96 Y148.372 E287.59845
G0 F12000 X132.263 Y148.069
G1 F1695.3 X131.967 Y147.546 E287.61027
G1 X131.946 Y148.386 E287.62678
G1 F1730.4 X132.96 Y148.372 E287.64631
G1 X132.263 Y148.069 E287.66095
G0 F12000 X131.967 Y147.546
G1 F1637.1 X131.96 Y147.372 E287.66449
G1 F1669.8 X131.96 Y135.372 E287.90397
G0 F12000 X132.122 Y148.211
G0 X144.08 Y148.493
G0 X144.36 Y148.772
G1 F1669.8 X144.36 Y133.972 E288.19932
G1 X131.561 Y133.973 E288.45473
G1 X131.561 Y148.771 E288.75005
G1 X144.36 Y148.772 E289.00546
G0 F12000 X144.76 Y149.172
;TYPE:WALL-OUTER
G1 F1669.8 X144.76 Y133.572 E289.31678
G1 X131.161 Y133.573 E289.58816
G1 X131.161 Y149.171 E289.89944
G1 X144.76 Y149.172 E290.17082
G1 F1500 E283.67082
G0 F12000 X144.48 Y148.893
G0 X143.47 Y147.407
G0 X143.158 Y147.407
G1 F1500 E290.17082
G1 F1669.8 X143.102 Y147.514 E290.17323
G1 X142.995 Y147.57 E290.17564
G1 X132.96 Y147.572 E290.3759
G1 X132.818 Y147.514 E290.37896
G1 X132.762 Y147.407 E290.38137
G1 X132.76 Y135.372 E290.62154
G1 X132.818 Y135.23 E290.6246
G1 X132.925 Y135.174 E290.62701
G1 X142.96 Y135.172 E290.82727
G1 X143.102 Y135.23 E290.83033
G1 X143.16 Y135.372 E290.83339
G1 X143.158 Y147.407 E291.07356
;MESH:NONMESH
G0 F300 X143.158 Y147.407 Z4.68
G0 F12000 X143.47 Y147.407
G0 X143.398 Y134.935
G0 X132.263 Y134.463
G0 X132.263 Y134.675
;TIME_ELAPSED:772.696869
;LAYER:38
;note -- min layer time used
;TYPE:WALL-INNER
;MESH:MotorMount_v2.stl
G1 F1695.3 X132.786 Y134.379 E291.08538
G1 X131.946 Y134.358 E291.10189
G1 F1730.4 X131.96 Y135.372 E291.12142
G1 X132.263 Y134.675 E291.13606
G0 F12000 X132.786 Y134.379
G1 F1637.1 X132.96 Y134.372 E291.1396
G1 F1669.8 X142.96 Y134.372 E291.33916
G0 F12000 X143.657 Y134.675
G1 F1730.4 X143.96 Y135.372 E291.3538
G1 X143.974 Y134.358 E291.37333
G1 X142.96 Y134.372 E291.39286
G1 X143.657 Y134.675 E291.40749
G0 F12000 X143.96 Y135.372
G1 F1669.8 X143.96 Y147.372 E291.64697
G1 F1641.1 X143.953 Y147.546 E291.6505
G0 F12000 X143.657 Y148.069
G1 F1695.3 X143.134 Y148.365 E291.66232
G1 X143.974 Y148.386 E291.67883
G1 F1699.6 X143.953 Y147.546 E291.69531
G1 X143.657 Y148.069 E291.70709
G0 F12000 X143.384 Y147.796
G1 F1669.8 X143.049 Y147.972 E291.71464
G1 X132.96 Y147.972 E291.91598
G1 X132.535 Y147.797 E291.92515
G1 X132.36 Y147.461 E291.93271
G1 X132.36 Y135.372 E292.17396
G1 X132.535 Y134.947 E292.18313
G1 X132.871 Y134.772 E292.19069
G1 X142.96 Y134.772 E292.39203
G1 X143.384 Y134.948 E292.40119
G1 X143.56 Y135.372 E292.41035
G1 X143.56 Y147.461 E292.6516
G1 X143.384 Y147.796 E292.65915
G0 F12000 X143.134 Y148.365
G1 F1637.1 X142.96 Y148.372 E292.6627
G1 F1669.8 X132.96 Y148.372 E292.86226
G0 F12000 X132.263 Y148.069
G1 F1695.3 X131.967 Y147.546 E292.87407
G1 X131.946 Y148.386 E292.89059
G1 F1730.4 X132.96 Y148.372 E292.91012
G1 X132.263 Y148.069 E292.92475
G0 F12000 X131.967 Y147.546
G1 F1637.1 X131.96 Y147.372 E292.9283
G1 F1669.8 X131.96 Y135.372 E293.16777
G0 F12000 X132.122 Y148.211
G0 X144.08 Y148.493
G0 X144.36 Y148.772
G1 F1669.8 X144.36 Y133.972 E293.46312
G1 X131.561 Y133.973 E293.71854
G1 X131.561 Y148.771 E294.01385
G1 X144.36 Y148.772 E294.26927
G0 F12000 X144.76 Y149.172
;TYPE:WALL-OUTER
G1 F1669.8 X144.76 Y133.572 E294.58058
G1 X131.161 Y133.573 E294.85196
G1 X131.161 Y149.171 E295.16324
G1 X144.76 Y149.172 E295.43462
G1 F1500 E288.93462
G0 F12000 X144.48 Y148.893
G0 X143.47 Y147.407
G0 X143.158 Y147.407
G1 F1500 E295.43462
G1 F1669.8 X143.102 Y147.514 E295.43703
G1 X142.995 Y147.57 E295.43944
G1 X132.96 Y147.572 E295.6397
G1 X132.818 Y147.514 E295.64276
G1 X132.762 Y147.407 E295.64517
G1 X132.76 Y135.372 E295.88534
G1 X132.818 Y135.23 E295.88841
G1 X132.925 Y135.174 E295.89082
G1 X142.96 Y135.172 E296.09107
G1 X143.102 Y135.23 E296.09414
G1 X143.16 Y135.372 E296.0972
G1 X143.158 Y147.407 E296.33737
;MESH:NONMESH
G0 F300 X143.158 Y147.407 Z4.8
G0 F12000 X143.47 Y147.407
G0 X143.398 Y134.935
G0 X132.263 Y134.463
G0 X132.263 Y134.675
;TIME_ELAPSED:785.707828
;LAYER:39
;note -- min layer time used
;TYPE:WALL-INNER
;MESH:MotorMount_v2.stl
G1 F1695.3 X132.786 Y134.379 E296.34918
G1 X131.946 Y134.358 E296.3657
G1 F1730.4 X131.96 Y135.372 E296.38523
G1 X132.263 Y134.675 E296.39986
G0 F12000 X132.786 Y134.379
G1 F1637.1 X132.96 Y134.372 E296.40341
G1 F1669.8 X142.96 Y134.372 E296.60297
G0 F12000 X143.657 Y134.675
G1 F1730.4 X143.96 Y135.372 E296.6176
G1 X143.974 Y134.358 E296.63713
G1 X142.96 Y134.372 E296.65666
G1 X143.657 Y134.675 E296.6713
G0 F12000 X143.96 Y135.372
G1 F1669.8 X143.96 Y147.372 E296.91077
G1 F1641.1 X143.953 Y147.546 E296.91431
G0 F12000 X143.657 Y148.069
G1 F1695.3 X143.134 Y148.365 E296.92612
G1 X143.974 Y148.386 E296.94264
G1 F1699.6 X143.953 Y147.546 E296.95911
G1 X143.657 Y148.069 E296.9709
G0 F12000 X143.384 Y147.796
G1 F1669.8 X143.049 Y147.972 E296.97845
G1 X132.96 Y147.972 E297.17978
G1 X132.535 Y147.797 E297.18896
G1 X132.36 Y147.461 E297.19652
G1 X132.36 Y135.372 E297.43777
G1 X132.535 Y134.947 E297.44694
G1 X132.871 Y134.772 E297.4545
G1 X142.96 Y134.772 E297.65583
G1 X143.384 Y134.948 E297.665
G1 X143.56 Y135.372 E297.67416
G1 X143.56 Y147.461 E297.91541
G1 X143.384 Y147.796 E297.92296
G0 F12000 X143.134 Y148.365
G1 F1637.1 X142.96 Y148.372 E297.9265
G1 F1669.8 X132.96 Y148.372 E298.12606
G0 F12000 X132.263 Y148.069
G1 F1695.3 X131.967 Y147.546 E298.13788
G1 X131.946 Y148.386 E298.15439
G1 F1730.4 X132.96 Y148.372 E298.17392
G1 X132.263 Y148.069 E298.18856
G0 F12000 X131.967 Y147.546
G1 F1637.1 X131.96 Y147.372 E298.1921
G1 F1669.8 X131.96 Y135.372 E298.43158
G0 F12000 X132.122 Y148.211
G0 X144.08 Y148.493
G0 X144.36 Y148.772
G1 F1669.8 X144.36 Y133.972 E298.72693
G1 X131.561 Y133.973 E298.98234
G1 X131.561 Y148.771 E299.27765
G1 X144.36 Y148.772 E299.53307
G0 F12000 X144.76 Y149.172
;TYPE:WALL-OUTER
G1 F1669.8 X144.76 Y133.572 E299.84439
G1 X131.161 Y133.573 E300.11577
G1 X131.161 Y149.171 E300.42704
G1 X144.76 Y149.172 E300.69843
G1 F1500 E294.19843
G0 F12000 X144.48 Y148.893
G0 X143.47 Y147.407
G0 X143.158 Y147.407
G1 F1500 E300.69843
G1 F1669.8 X143.102 Y147.514 E300.70084
G1 X142.995 Y147.57 E300.70325
G1 X132.96 Y147.572 E300.90351
G1 X132.818 Y147.514 E300.90657
G1 X132.762 Y147.407 E300.90898
G1 X132.76 Y135.372 E301.14915
G1 X132.818 Y135.23 E301.15221
G1 X132.925 Y135.174 E301.15462
G1 X142.96 Y135.172 E301.35488
G1 X143.102 Y135.23 E301.35794
G1 X143.16 Y135.372 E301.361
G1 X143.158 Y147.407 E301.60117
;MESH:NONMESH
G0 F300 X143.158 Y147.407 Z4.92
G0 F12000 X143.47 Y147.407
G0 X143.398 Y134.935
G0 X132.263 Y134.463
G0 X132.263 Y134.675
;TIME_ELAPSED:798.718787
;LAYER:40
;note -- min layer time used
;TYPE:WALL-INNER
;MESH:MotorMount_v2.stl
G1 F1695.3 X132.786 Y134.379 E301.61299
G1 X131.946 Y134.358 E301.6295
G1 F1730.4 X131.96 Y135.372 E301.64903
G1 X132.263 Y134.675 E301.66367
G0 F12000 X132.786 Y134.379
G1 F1637.1 X132.96 Y134.372 E301.66721
G1 F1669.8 X142.96 Y134.372 E301.86677
G0 F12000 X143.657 Y134.675
G1 F1730.4 X143.96 Y135.372 E301.88141
G1 X143.974 Y134.358 E301.90094
G1 X142.96 Y134.372 E301.92047
G1 X143.657 Y134.675 E301.9351
G0 F12000 X143.96 Y135.372
G1 F1669.8 X143.96 Y147.372 E302.17458
G1 F1641.1 X143.953 Y147.546 E302.17811
G0 F12000 X143.657 Y148.069
G1 F1695.3 X143.134 Y148.365 E302.18993
G1 X143.974 Y148.386 E302.20644
G1 F1699.6 X143.953 Y147.546 E302.22292
G1 X143.657 Y148.069 E302.2347
G0 F12000 X143.384 Y147.796
G1 F1669.8 X143.049 Y147.972 E302.24225
G1 X132.96 Y147.972 E302.44359
G1 X132.535 Y147.797 E302.45276
G1 X132.36 Y147.461 E302.46032
G1 X132.36 Y135.372 E302.70157
G1 X132.535 Y134.947 E302.71074
G1 X132.871 Y134.772 E302.7183
G1 X142.96 Y134.772 E302.91964
G1 X143.384 Y134.948 E302.9288
G1 X143.56 Y135.372 E302.93796
G1 X143.56 Y147.461 E303.17921
G1 X143.384 Y147.796 E303.18676
G0 F12000 X143.134 Y148.365
G1 F1637.1 X142.96 Y148.372 E303.19031
G1 F1669.8 X132.96 Y148.372 E303.38987
G0 F12000 X132.263 Y148.069
G1 F1695.3 X131.967 Y147.546 E303.40168
G1 X131.946 Y148.386 E303.4182
G1 F1730.4 X132.96 Y148.372 E303.43773
G1 X132.263 Y148.069 E303.45236
G0 F12000 X131.967 Y147.546
G1 F1637.1 X131.96 Y147.372 E303.45591
G1 F1669.8 X131.96 Y135.372 E303.69538
G0 F12000 X132.122 Y148.211
G0 X144.08 Y148.493
G0 X144.36 Y148.772
G1 F1669.8 X144.36 Y133.972 E303.99073
G1 X131.561 Y133.973 E304.24615
G1 X131.561 Y148.771 E304.54146
G1 X144.36 Y148.772 E304.79688
G0 F12000 X144.76 Y149.172
;TYPE:WALL-OUTER
G1 F1669.8 X144.76 Y133.572 E305.10819
G1 X131.161 Y133.573 E305.37957
G1 X131.161 Y149.171 E305.69085
G1 X144.76 Y149.172 E305.96223
G1 F1500 E299.46223
G0 F12000 X144.48 Y148.893
G0 X143.47 Y147.407
G0 X143.158 Y147.407
G1 F1500 E305.96223
G1 F1669.8 X143.102 Y147.514 E305.96464
G1 X142.995 Y147.57 E305.96705
G1 X132.96 Y147.572 E306.16731
G1 X132.818 Y147.514 E306.17037
G1 X132.762 Y147.407 E306.17278
G1 X132.76 Y135.372 E306.41295
G1 X132.818 Y135.23 E306.41601
G1 X132.925 Y135.174 E306.41842
G1 X142.96 Y135.172 E306.61868
G1 X143.102 Y135.23 E306.62174
G1 X143.16 Y135.372 E306.62481
G1 X143.158 Y147.407 E306.86498
;MESH:NONMESH
G0 F300 X143.158 Y147.407 Z5.04
G0 F12000 X143.47 Y147.407
G0 X143.398 Y134.935
G0 X132.263 Y134.463
G0 X132.263 Y134.675
;TIME_ELAPSED:811.729745
;LAYER:41
;note -- min layer time used
;TYPE:WALL-INNER
;MESH:MotorMount_v2.stl
G1 F1695.3 X132.786 Y134.379 E306.87679
G1 X131.946 Y134.358 E306.89331
G1 F1730.4 X131.96 Y135.372 E306.91284
G1 X132.263 Y134.675 E306.92747
G0 F12000 X132.786 Y134.379
G1 F1637.1 X132.96 Y134.372 E306.93102
G1 F1669.8 X142.96 Y134.372 E307.13058
G0 F12000 X143.657 Y134.675
G1 F1730.4 X143.96 Y135.372 E307.14521
G1 X143.974 Y134.358 E307.16474
G1 X142.96 Y134.372 E307.18427
G1 X143.657 Y134.675 E307.19891
G0 F12000 X143.96 Y135.372
G1 F1669.8 X143.96 Y147.372 E307.43838
G1 F1641.1 X143.953 Y147.546 E307.44192
G0 F12000 X143.657 Y148.069
G1 F1695.3 X143.134 Y148.365 E307.45373
G1 X143.974 Y148.386 E307.47025
G1 F1699.6 X143.953 Y147.546 E307.48672
G1 X143.657 Y148.069 E307.4985
G0 F12000 X143.384 Y147.796
G1 F1669.8 X143.049 Y147.972 E307.50606
G1 X132.96 Y147.972 E307.70739
G1 X132.535 Y147.797 E307.71656
G1 X132.36 Y147.461 E307.72413
G1 X132.36 Y135.372 E307.96537
G1 X132.535 Y134.947 E307.97455
G1 X132.871 Y134.772 E307.98211
G1 X142.96 Y134.772 E308.18344
G1 X143.384 Y134.948 E308.1926
G1 X143.56 Y135.372 E308.20177
G1 X143.56 Y147.461 E308.44302
G1 X143.384 Y147.796 E308.45057
G0 F12000 X143.134 Y148.365
G1 F1637.1 X142.96 Y148.372 E308.45411
G1 F1669.8 X132.96 Y148.372 E308.65367
G0 F12000 X132.263 Y148.069
G1 F1695.3 X131.967 Y147.546 E308.66549
G1 X131.946 Y148.386 E308.682
G1 F1730.4 X132.96 Y148.372 E308.70153
G1 X132.263 Y148.069 E308.71617
G0 F12000 X131.967 Y147.546
G1 F1637.1 X131.96 Y147.372 E308.71971
G1 F1669.8 X131.96 Y135.372 E308.95918
G0 F12000 X132.122 Y148.211
G0 X144.08 Y148.493
G0 X144.36 Y148.772
G1 F1669.8 X144.36 Y133.972 E309.25453
G1 X131.561 Y133.973 E309.50995
G1 X131.561 Y148.771 E309.80526
G1 X144.36 Y148.772 E310.06068
G0 F12000 X144.76 Y149.172
;TYPE:WALL-OUTER
G1 F1669.8 X144.76 Y133.572 E310.372
G1 X131.161 Y133.573 E310.64338
G1 X131.161 Y149.171 E310.95465
G1 X144.76 Y149.172 E311.22604
G1 F1500 E304.72604
G0 F12000 X144.48 Y148.893
G0 X143.47 Y147.407
G0 X143.158 Y147.407
G1 F1500 E311.22604
G1 F1669.8 X143.102 Y147.514 E311.22845
G1 X142.995 Y147.57 E311.23086
G1 X132.96 Y147.572 E311.43112
G1 X132.818 Y147.514 E311.43418
G1 X132.762 Y147.407 E311.43659
G1 X132.76 Y135.372 E311.67676
G1 X132.818 Y135.23 E311.67982
G1 X132.925 Y135.174 E311.68223
G1 X142.96 Y135.172 E311.88249
G1 X143.102 Y135.23 E311.88555
G1 X143.16 Y135.372 E311.88861
G1 X143.158 Y147.407 E312.12878
;MESH:NONMESH
G0 F300 X143.158 Y147.407 Z5.16
G0 F12000 X143.47 Y147.407
G0 X143.398 Y134.935
G0 X132.263 Y134.463
G0 X132.263 Y134.675
;TIME_ELAPSED:824.740704
;LAYER:42
;note -- min layer time used
;TYPE:WALL-INNER
;MESH:MotorMount_v2.stl
G1 F1695.3 X132.786 Y134.379 E312.14059
G1 X131.946 Y134.358 E312.15711
G1 F1730.4 X131.96 Y135.372 E312.17664
G1 X132.263 Y134.675 E312.19128
G0 F12000 X132.786 Y134.379
G1 F1637.1 X132.96 Y134.372 E312.19482
G1 F1669.8 X142.96 Y134.372 E312.39438
G0 F12000 X143.657 Y134.675
G1 F1730.4 X143.96 Y135.372 E312.40902
G1 X143.974 Y134.358 E312.42855
G1 X142.96 Y134.372 E312.44808
G1 X143.657 Y134.675 E312.46271
G0 F12000 X143.96 Y135.372
G1 F1669.8 X143.96 Y147.372 E312.70219
G1 F1641.1 X143.953 Y147.546 E312.70572
G0 F12000 X143.657 Y148.069
G1 F1695.3 X143.134 Y148.365 E312.71753
G1 X143.974 Y148.386 E312.73405
G1 F1699.6 X143.953 Y147.546 E312.75053
G1 X143.657 Y148.069 E312.76231
G0 F12000 X143.384 Y147.796
G1 F1669.8 X143.049 Y147.972 E312.76986
G1 X132.96 Y147.972 E312.9712
G1 X132.535 Y147.797 E312.98037
G1 X132.36 Y147.461 E312.98793
G1 X132.36 Y135.372 E313.22918
G1 X132.535 Y134.947 E313.23835
G1 X132.871 Y134.772 E313.24591
G1 X142.96 Y134.772 E313.44725
G1 X143.384 Y134.948 E313.45641
G1 X143.56 Y135.372 E313.46557
G1 X143.56 Y147.461 E313.70682
G1 X143.384 Y147.796 E313.71437
G0 F12000 X143.134 Y148.365
G1 F1637.1 X142.96 Y148.372 E313.71792
G1 F1669.8 X132.96 Y148.372 E313.91748
G0 F12000 X132.263 Y148.069
G1 F1695.3 X131.967 Y147.546 E313.92929
G1 X131.946 Y148.386 E313.94581
G1 F1730.4 X132.96 Y148.372 E313.96534
G1 X132.263 Y148.069 E313.97997
G0 F12000 X131.967 Y147.546
G1 F1637.1 X131.96 Y147.372 E313.98352
G1 F1669.8 X131.96 Y135.372 E314.22299
G0 F12000 X132.122 Y148.211
G0 X144.08 Y148.493
G0 X144.36 Y148.772
G1 F1669.8 X144.36 Y133.972 E314.51834
G1 X131.561 Y133.973 E314.77376
G1 X131.561 Y148.771 E315.06907
G1 X144.36 Y148.772 E315.32449
G0 F12000 X144.76 Y149.172
;TYPE:WALL-OUTER
G1 F1669.8 X144.76 Y133.572 E315.6358
G1 X131.161 Y133.573 E315.90718
G1 X131.161 Y149.171 E316.21846
G1 X144.76 Y149.172 E316.48984
G1 F1500 E309.98984
G0 F12000 X144.48 Y148.893
G0 X143.47 Y147.407
G0 X143.158 Y147.407
G1 F1500 E316.48984
G1 F1669.8 X143.102 Y147.514 E316.49225
G1 X142.995 Y147.57 E316.49466
G1 X132.96 Y147.572 E316.69492
G1 X132.818 Y147.514 E316.69798
G1 X132.762 Y147.407 E316.70039
G1 X132.76 Y135.372 E316.94056
G1 X132.818 Y135.23 E316.94362
G1 X132.925 Y135.174 E316.94603
G1 X142.96 Y135.172 E317.14629
G1 X143.102 Y135.23 E317.14935
G1 X143.16 Y135.372 E317.15241
G1 X143.158 Y147.407 E317.39259
;MESH:NONMESH
G0 F300 X143.158 Y147.407 Z5.28
G0 F12000 X143.47 Y147.407
G0 X143.398 Y134.935
G0 X132.263 Y134.463
G0 X132.263 Y134.675
;TIME_ELAPSED:837.751662
;LAYER:43
;note -- min layer time used
;TYPE:WALL-INNER
;MESH:MotorMount_v2.stl
G1 F1695.3 X132.786 Y134.379 E317.4044
G1 X131.946 Y134.358 E317.42092
G1 F1730.4 X131.96 Y135.372 E317.44045
G1 X132.263 Y134.675 E317.45508
G0 F12000 X132.786 Y134.379
G1 F1637.1 X132.96 Y134.372 E317.45863
G1 F1669.8 X142.96 Y134.372 E317.65819
G0 F12000 X143.657 Y134.675
G1 F1730.4 X143.96 Y135.372 E317.67282
G1 X143.974 Y134.358 E317.69235
G1 X142.96 Y134.372 E317.71188
G1 X143.657 Y134.675 E317.72652
G0 F12000 X143.96 Y135.372
G1 F1669.8 X143.96 Y147.372 E317.96599
G1 F1641.1 X143.953 Y147.546 E317.96953
G0 F12000 X143.657 Y148.069
G1 F1695.3 X143.134 Y148.365 E317.98134
G1 X143.974 Y148.386 E317.99786
G1 F1699.6 X143.953 Y147.546 E318.01433
G1 X143.657 Y148.069 E318.02611
G0 F12000 X143.384 Y147.796
G1 F1669.8 X143.049 Y147.972 E318.03366
G1 X132.96 Y147.972 E318.235
G1 X132.535 Y147.797 E318.24417
G1 X132.36 Y147.461 E318.25173
G1 X132.36 Y135.372 E318.49298
G1 X132.535 Y134.947 E318.50216
G1 X132.871 Y134.772 E318.50972
G1 X142.96 Y134.772 E318.71105
G1 X143.384 Y134.948 E318.72021
G1 X143.56 Y135.372 E318.72938
G1 X143.56 Y147.461 E318.97062
G1 X143.384 Y147.796 E318.97818
G0 F12000 X143.134 Y148.365
G1 F1637.1 X142.96 Y148.372 E318.98172
G1 F1669.8 X132.96 Y148.372 E319.18128
G0 F12000 X132.263 Y148.069
G1 F1695.3 X131.967 Y147.546 E319.19309
G1 X131.946 Y148.386 E319.20961
G1 F1730.4 X132.96 Y148.372 E319.22914
G1 X132.263 Y148.069 E319.24378
G0 F12000 X131.967 Y147.546
G1 F1637.1 X131.96 Y147.372 E319.24732
G1 F1669.8 X131.96 Y135.372 E319.48679
G0 F12000 X132.122 Y148.211
G0 X144.08 Y148.493
G0 X144.36 Y148.772
G1 F1669.8 X144.36 Y133.972 E319.78214
G1 X131.561 Y133.973 E320.03756
G1 X131.561 Y148.771 E320.33287
G1 X144.36 Y148.772 E320.58829
G0 F12000 X144.76 Y149.172
;TYPE:WALL-OUTER
G1 F1669.8 X144.76 Y133.572 E320.8996
G1 X131.161 Y133.573 E321.17099
G1 X131.161 Y149.171 E321.48226
G1 X144.76 Y149.172 E321.75365
G1 F1500 E315.25365
G0 F12000 X144.48 Y148.893
G0 X143.47 Y147.407
G0 X143.158 Y147.407
G1 F1500 E321.75365
G1 F1669.8 X143.102 Y147.514 E321.75606
G1 X142.995 Y147.57 E321.75847
G1 X132.96 Y147.572 E321.95872
G1 X132.818 Y147.514 E321.96179
G1 X132.762 Y147.407 E321.9642
G1 X132.76 Y135.372 E322.20437
G1 X132.818 Y135.23 E322.20743
G1 X132.925 Y135.174 E322.20984
G1 X142.96 Y135.172 E322.4101
G1 X143.102 Y135.23 E322.41316
G1 X143.16 Y135.372 E322.41622
G1 X143.158 Y147.407 E322.65639
;MESH:NONMESH
G0 F300 X143.158 Y147.407 Z5.4
G0 F12000 X143.47 Y147.407
G0 X143.398 Y134.935
G0 X132.263 Y134.463
G0 X132.263 Y134.675
;TIME_ELAPSED:850.762621
;LAYER:44
;note -- min layer time used
;TYPE:WALL-INNER
;MESH:MotorMount_v2.stl
G1 F1695.3 X132.786 Y134.379 E322.6682
G1 X131.946 Y134.358 E322.68472
G1 F1730.4 X131.96 Y135.372 E322.70425
G1 X132.263 Y134.675 E322.71889
G0 F12000 X132.786 Y134.379
G1 F1637.1 X132.96 Y134.372 E322.72243
G1 F1669.8 X142.96 Y134.372 E322.92199
G0 F12000 X143.657 Y134.675
G1 F1730.4 X143.96 Y135.372 E322.93663
G1 X143.974 Y134.358 E322.95616
G1 X142.96 Y134.372 E322.97569
G1 X143.657 Y134.675 E322.99032
G0 F12000 X143.96 Y135.372
G1 F1669.8 X143.96 Y147.372 E323.22979
G1 F1641.1 X143.953 Y147.546 E323.23333
G0 F12000 X143.657 Y148.069
G1 F1695.3 X143.134 Y148.365 E323.24514
G1 X143.974 Y148.386 E323.26166
G1 F1699.6 X143.953 Y147.546 E323.27813
G1 X143.657 Y148.069 E323.28992
G0 F12000 X143.384 Y147.796
G1 F1669.8 X143.049 Y147.972 E323.29747
G1 X132.96 Y147.972 E323.49881
G1 X132.535 Y147.797 E323.50798
G1 X132.36 Y147.461 E323.51554
G1 X132.36 Y135.372 E323.75679
G1 X132.535 Y134.947 E323.76596
G1 X132.871 Y134.772 E323.77352
G1 X142.96 Y134.772 E323.97486
G1 X143.384 Y134.948 E323.98402
G1 X143.56 Y135.372 E323.99318
G1 X143.56 Y147.461 E324.23443
G1 X143.384 Y147.796 E324.24198
G0 F12000 X143.134 Y148.365
G1 F1637.1 X142.96 Y148.372 E324.24553
G1 F1669.8 X132.96 Y148.372 E324.44509
G0 F12000 X132.263 Y148.069
G1 F1695.3 X131.967 Y147.546 E324.4569
G1 X131.946 Y148.386 E324.47342
G1 F1730.4 X132.96 Y148.372 E324.49294
G1 X132.263 Y148.069 E324.50758
G0 F12000 X131.967 Y147.546
G1 F1637.1 X131.96 Y147.372 E324.51113
G1 F1669.8 X131.96 Y135.372 E324.7506
G0 F12000 X132.122 Y148.211
G0 X144.08 Y148.493
G0 X144.36 Y148.772
G1 F1669.8 X144.36 Y133.972 E325.04595
G1 X131.561 Y133.973 E325.30137
G1 X131.561 Y148.771 E325.59668
G1 X144.36 Y148.772 E325.85209
G0 F12000 X144.76 Y149.172
;TYPE:WALL-OUTER
G1 F1669.8 X144.76 Y133.572 E326.16341
G1 X131.161 Y133.573 E326.43479
G1 X131.161 Y149.171 E326.74607
G1 X144.76 Y149.172 E327.01745
G1 F1500 E320.51745
G0 F12000 X144.48 Y148.893
G0 X143.47 Y147.407
G0 X143.158 Y147.407
G1 F1500 E327.01745
G1 F1669.8 X143.102 Y147.514 E327.01986
G1 X142.995 Y147.57 E327.02227
G1 X132.96 Y147.572 E327.22253
G1 X132.818 Y147.514 E327.22559
G1 X132.762 Y147.407 E327.228
G1 X132.76 Y135.372 E327.46817
G1 X132.818 Y135.23 E327.47123
G1 X132.925 Y135.174 E327.47364
G1 X142.96 Y135.172 E327.6739
G1 X143.102 Y135.23 E327.67696
G1 X143.16 Y135.372 E327.68002
G1 X143.158 Y147.407 E327.9202
;MESH:NONMESH
G0 F300 X143.158 Y147.407 Z5.52
G0 F12000 X143.47 Y147.407
G0 X143.398 Y134.935
G0 X132.263 Y134.463
G0 X132.263 Y134.675
;TIME_ELAPSED:863.773579
;LAYER:45
;note -- min layer time used
;TYPE:WALL-INNER
;MESH:MotorMount_v2.stl
G1 F1695.3 X132.786 Y134.379 E327.93201
G1 X131.946 Y134.358 E327.94852
G1 F1730.4 X131.96 Y135.372 E327.96805
G1 X132.263 Y134.675 E327.98269
G0 F12000 X132.786 Y134.379
G1 F1637.1 X132.96 Y134.372 E327.98623
G1 F1669.8 X142.96 Y134.372 E328.1858
G0 F12000 X143.657 Y134.675
G1 F1730.4 X143.96 Y135.372 E328.20043
G1 X143.974 Y134.358 E328.21996
G1 X142.96 Y134.372 E328.23949
G1 X143.657 Y134.675 E328.25413
G0 F12000 X143.96 Y135.372
G1 F1669.8 X143.96 Y147.372 E328.4936
G1 F1641.1 X143.953 Y147.546 E328.49713
G0 F12000 X143.657 Y148.069
G1 F1695.3 X143.134 Y148.365 E328.50895
G1 X143.974 Y148.386 E328.52546
G1 F1699.6 X143.953 Y147.546 E328.54194
G1 X143.657 Y148.069 E328.55372
G0 F12000 X143.384 Y147.796
G1 F1669.8 X143.049 Y147.972 E328.56127
G1 X132.96 Y147.972 E328.76261
G1 X132.535 Y147.797 E328.77178
G1 X132.36 Y147.461 E328.77934
G1 X132.36 Y135.372 E329.02059
G1 X132.535 Y134.947 E329.02976
G1 X132.871 Y134.772 E329.03732
G1 X142.96 Y134.772 E329.23866
G1 X143.384 Y134.948 E329.24782
G1 X143.56 Y135.372 E329.25698
G1 X143.56 Y147.461 E329.49823
G1 X143.384 Y147.796 E329.50579
G0 F12000 X143.134 Y148.365
G1 F1637.1 X142.96 Y148.372 E329.50933
G1 F1669.8 X132.96 Y148.372 E329.70889
G0 F12000 X132.263 Y148.069
G1 F1695.3 X131.967 Y147.546 E329.7207
G1 X131.946 Y148.386 E329.73722
G1 F1730.4 X132.96 Y148.372 E329.75675
G1 X132.263 Y148.069 E329.77139
G0 F12000 X131.967 Y147.546
G1 F1637.1 X131.96 Y147.372 E329.77493
G1 F1669.8 X131.96 Y135.372 E330.0144
G0 F12000 X132.122 Y148.211
G0 X144.08 Y148.493
G0 X144.36 Y148.772
G1 F1669.8 X144.36 Y133.972 E330.30975
G1 X131.561 Y133.973 E330.56517
G1 X131.561 Y148.771 E330.86048
G1 X144.36 Y148.772 E331.1159
G0 F12000 X144.76 Y149.172
;TYPE:WALL-OUTER
G1 F1669.8 X144.76 Y133.572 E331.42721
G1 X131.161 Y133.573 E331.6986
G1 X131.161 Y149.171 E332.00987
G1 X144.76 Y149.172 E332.28125
G1 F1500 E325.78125
G0 F12000 X144.48 Y148.893
G0 X143.47 Y147.407
G0 X143.158 Y147.407
G1 F1500 E332.28125
G1 F1669.8 X143.102 Y147.514 E332.28366
G1 X142.995 Y147.57 E332.28607
G1 X132.96 Y147.572 E332.48633
G1 X132.818 Y147.514 E332.48939
G1 X132.762 Y147.407 E332.4918
G1 X132.76 Y135.372 E332.73198
G1 X132.818 Y135.23 E332.73504
G1 X132.925 Y135.174 E332.73745
G1 X142.96 Y135.172 E332.93771
G1 X143.102 Y135.23 E332.94077
G1 X143.16 Y135.372 E332.94383
G1 X143.158 Y147.407 E333.184
;MESH:NONMESH
G0 F300 X143.158 Y147.407 Z5.64
G0 F12000 X143.47 Y147.407
G0 X143.398 Y134.935
G0 X132.263 Y134.463
G0 X132.263 Y134.675
;TIME_ELAPSED:876.784538
;LAYER:46
;note -- min layer time used
;TYPE:WALL-INNER
;MESH:MotorMount_v2.stl
G1 F1695.3 X132.786 Y134.379 E333.19581
G1 X131.946 Y134.358 E333.21233
G1 F1730.4 X131.96 Y135.372 E333.23186
G1 X132.263 Y134.675 E333.24649
G0 F12000 X132.786 Y134.379
G1 F1637.1 X132.96 Y134.372 E333.25004
G1 F1669.8 X142.96 Y134.372 E333.4496
G0 F12000 X143.657 Y134.675
G1 F1730.4 X143.96 Y135.372 E333.46424
G1 X143.974 Y134.358 E333.48377
G1 X142.96 Y134.372 E333.50329
G1 X143.657 Y134.675 E333.51793
G0 F12000 X143.96 Y135.372
G1 F1669.8 X143.96 Y147.372 E333.7574
G1 F1641.1 X143.953 Y147.546 E333.76094
G0 F12000 X143.657 Y148.069
G1 F1695.3 X143.134 Y148.365 E333.77275
G1 X143.974 Y148.386 E333.78927
G1 F1699.6 X143.953 Y147.546 E333.80574
G1 X143.657 Y148.069 E333.81753
G0 F12000 X143.384 Y147.796
G1 F1669.8 X143.049 Y147.972 E333.82508
G1 X132.96 Y147.972 E334.02642
G1 X132.535 Y147.797 E334.03559
G1 X132.36 Y147.461 E334.04315
G1 X132.36 Y135.372 E334.2844
G1 X132.535 Y134.947 E334.29357
G1 X132.871 Y134.772 E334.30113
G1 X142.96 Y134.772 E334.50247
G1 X143.384 Y134.948 E334.51163
G1 X143.56 Y135.372 E334.52079
G1 X143.56 Y147.461 E334.76204
G1 X143.384 Y147.796 E334.76959
G0 F12000 X143.134 Y148.365
G1 F1637.1 X142.96 Y148.372 E334.77313
G1 F1669.8 X132.96 Y148.372 E334.97269
G0 F12000 X132.263 Y148.069
G1 F1695.3 X131.967 Y147.546 E334.98451
G1 X131.946 Y148.386 E335.00102
G1 F1730.4 X132.96 Y148.372 E335.02055
G1 X132.263 Y148.069 E335.03519
G0 F12000 X131.967 Y147.546
G1 F1637.1 X131.96 Y147.372 E335.03873
G1 F1669.8 X131.96 Y135.372 E335.27821
G0 F12000 X132.122 Y148.211
G0 X144.08 Y148.493
G0 X144.36 Y148.772
G1 F1669.8 X144.36 Y133.972 E335.57356
G1 X131.561 Y133.973 E335.82898
G1 X131.561 Y148.771 E336.12429
G1 X144.36 Y148.772 E336.3797
G0 F12000 X144.76 Y149.172
;TYPE:WALL-OUTER
G1 F1669.8 X144.76 Y133.572 E336.69102
G1 X131.161 Y133.573 E336.9624
G1 X131.161 Y149.171 E337.27368
G1 X144.76 Y149.172 E337.54506
G1 F1500 E331.04506
G0 F12000 X144.48 Y148.893
G0 X143.47 Y147.407
G0 X143.158 Y147.407
G1 F1500 E337.54506
G1 F1669.8 X143.102 Y147.514 E337.54747
G1 X142.995 Y147.57 E337.54988
G1 X132.96 Y147.572 E337.75014
G1 X132.818 Y147.514 E337.7532
G1 X132.762 Y147.407 E337.75561
G1 X132.76 Y135.372 E337.99578
G1 X132.818 Y135.23 E337.99884
G1 X132.925 Y135.174 E338.00125
G1 X142.96 Y135.172 E338.20151
G1 X143.102 Y135.23 E338.20457
G1 X143.16 Y135.372 E338.20763
G1 X143.158 Y147.407 E338.4478
;MESH:NONMESH
G0 F300 X143.158 Y147.407 Z5.76
G0 F12000 X143.47 Y147.407
G0 X143.398 Y134.935
G0 X132.263 Y134.463
G0 X132.263 Y134.675
;TIME_ELAPSED:889.795497
;LAYER:47
;note -- min layer time used
;TYPE:WALL-INNER
;MESH:MotorMount_v2.stl
G1 F1695.3 X132.786 Y134.379 E338.45962
G1 X131.946 Y134.358 E338.47613
G1 F1730.4 X131.96 Y135.372 E338.49566
G1 X132.263 Y134.675 E338.5103
G0 F12000 X132.786 Y134.379
G1 F1637.1 X132.96 Y134.372 E338.51384
G1 F1669.8 X142.96 Y134.372 E338.7134
G0 F12000 X143.657 Y134.675
G1 F1730.4 X143.96 Y135.372 E338.72804
G1 X143.974 Y134.358 E338.74757
G1 X142.96 Y134.372 E338.7671
G1 X143.657 Y134.675 E338.78173
G0 F12000 X143.96 Y135.372
G1 F1669.8 X143.96 Y147.372 E339.02121
G1 F1641.1 X143.953 Y147.546 E339.02474
G0 F12000 X143.657 Y148.069
G1 F1695.3 X143.134 Y148.365 E339.03656
G1 X143.974 Y148.386 E339.05307
G1 F1699.6 X143.953 Y147.546 E339.06955
G1 X143.657 Y148.069 E339.08133
G0 F12000 X143.384 Y147.796
G1 F1669.8 X143.049 Y147.972 E339.08888
G1 X132.96 Y147.972 E339.29022
G1 X132.535 Y147.797 E339.29939
G1 X132.36 Y147.461 E339.30695
G1 X132.36 Y135.372 E339.5482
G1 X132.535 Y134.947 E339.55737
G1 X132.871 Y134.772 E339.56493
G1 X142.96 Y134.772 E339.76627
G1 X143.384 Y134.948 E339.77543
G1 X143.56 Y135.372 E339.78459
G1 X143.56 Y147.461 E340.02584
G1 X143.384 Y147.796 E340.03339
G0 F12000 X143.134 Y148.365
G1 F1637.1 X142.96 Y148.372 E340.03694
G1 F1669.8 X132.96 Y148.372 E340.2365
G0 F12000 X132.263 Y148.069
G1 F1695.3 X131.967 Y147.546 E340.24831
G1 X131.946 Y148.386 E340.26483
G1 F1730.4 X132.96 Y148.372 E340.28436
G1 X132.263 Y148.069 E340.29899
G0 F12000 X131.967 Y147.546
G1 F1637.1 X131.96 Y147.372 E340.30254
G1 F1669.8 X131.96 Y135.372 E340.54201
G0 F12000 X132.122 Y148.211
G0 X144.08 Y148.493
G0 X144.36 Y148.772
G1 F1669.8 X144.36 Y133.972 E340.83736
G1 X131.561 Y133.973 E341.09278
G1 X131.561 Y148.771 E341.38809
G1 X144.36 Y148.772 E341.64351
G0 F12000 X144.76 Y149.172
;TYPE:WALL-OUTER
G1 F1669.8 X144.76 Y133.572 E341.95482
G1 X131.161 Y133.573 E342.22621
G1 X131.161 Y149.171 E342.53748
G1 X144.76 Y149.172 E342.80886
G1 F1500 E336.30886
G0 F12000 X144.48 Y148.893
G0 X143.47 Y147.407
G1 F1500 E342.80886
G0 F12000 X143.158 Y147.407
G1 F1669.8 X143.102 Y147.514 E342.81127
G1 X142.995 Y147.57 E342.81368
G1 X132.96 Y147.572 E343.01394
G1 X132.818 Y147.514 E343.017
G1 X132.762 Y147.407 E343.01941
G1 X132.76 Y135.372 E343.25958
G1 X132.818 Y135.23 E343.26265
G1 X132.925 Y135.174 E343.26506
G1 X142.96 Y135.172 E343.46532
G1 X143.102 Y135.23 E343.46838
G1 X143.16 Y135.372 E343.47144
G1 X143.158 Y147.407 E343.71161
;TIME_ELAPSED:902.155562
G1 F1500 E337.21161
M140 S0
M107
G91 ;Relative positioning
G1 E-2 F2700 ;Retract a bit
G1 E-2 Z0.2 F2400 ;Retract and raise Z
G1 X5 Y5 F3000 ;Wipe out
G1 Z10 ;Raise Z more
G90 ;Absolute positioning

G1 X0 Y220 ;Present print
M106 S0 ;Turn-off fan
M104 S0 ;Turn-off hotend
M140 S0 ;Turn-off bed

M84 X Y E ;Disable all steppers but Z

M82 ;absolute extrusion mode
M104 S0
;End of Gcode
;SETTING_3 {"global_quality": "[general]\\nversion = 4\\nname = SuperQualityCust
;SETTING_3 om\\ndefinition = creality_ender3pro\\n\\n[metadata]\\ntype = quality
;SETTING_3 _changes\\nquality_type = super\\nsetting_version = 25\\n\\n[values]\
;SETTING_3 \nadhesion_type = skirt\\nmaterial_bed_temperature = 65\\nmaterial_be
;SETTING_3 d_temperature_layer_0 = 50\\nsupport_enable = True\\nsupport_structur
;SETTING_3 e = tree\\nsupport_type = buildplate\\n\\n", "extruder_quality": ["[g
;SETTING_3 eneral]\\nversion = 4\\nname = SuperQualityCustom\\ndefinition = crea
;SETTING_3 lity_ender3pro\\n\\n[metadata]\\ntype = quality_changes\\nquality_typ
;SETTING_3 e = super\\nintent_category = default\\nposition = 0\\nsetting_versio
;SETTING_3 n = 25\\n\\n[values]\\ninfill_sparse_density = 10\\nmaterial_print_te
;SETTING_3 mperature = 205\\nspeed_print = 80\\nsupport_angle = 55\\nxy_offset_l
;SETTING_3 ayer_0 = -0.1\\nz_seam_corner = z_seam_corner_inner\\nz_seam_type = s
;SETTING_3 harpest_corner\\n\\n"]}
