;FLAVOR:Marlin
;TIME:1231
;Filament used: 0.270037m
;Layer height: 0.12
;MINX:45.998
;MINY:137.474
;MINZ:0.12
;MAXX:73.798
;MAXY:175.474
;MAXZ:12
;TARGET_MACHINE.NAME:Creality Ender-3 Pro
;Generated with Cura_SteamEngine 5.10.0
START_PRINT BED_TEMP=50 EXTRUDER_TEMP=205
M82 ;absolute extrusion mode
G92 E0
G92 E0
G1 F1500 E-6.5
;LAYER_COUNT:100
;LAYER:0
M107
G0 F6000 X52.697 Y138.364 Z0.12
;TYPE:SKIRT
G1 F1500 E0
G1 F1200 X53.61 Y138.022 E0.01946
G1 X54.547 Y137.763 E0.03886
G1 X55.514 Y137.585 E0.05848
G1 X56.653 Y137.489 E0.08129
G1 X57.31 Y137.474 E0.0944
G1 X62.102 Y137.474 E0.19003
G1 X62.982 Y137.487 E0.2076
G1 X63.954 Y137.546 E0.22703
G1 X64.917 Y137.692 E0.24647
G1 X65.864 Y137.923 E0.26592
G1 X66.752 Y138.223 E0.28462
G1 X67.644 Y138.613 E0.30405
G1 X68.527 Y139.1 E0.32418
G1 X69.278 Y139.602 E0.3422
G1 X70.093 Y140.26 E0.36311
G1 X70.791 Y140.938 E0.38252
G1 X71.427 Y141.675 E0.40195
G1 X71.997 Y142.465 E0.42139
G1 X72.459 Y143.241 E0.43941
G1 X72.913 Y144.183 E0.46028
G1 X73.242 Y145.061 E0.47899
G1 X73.511 Y146.033 E0.49912
G1 X73.688 Y146.999 E0.51872
G1 X73.783 Y148.129 E0.54135
G1 X73.798 Y148.804 E0.55482
G1 X73.797 Y163.874 E0.85556
G1 X73.786 Y164.637 E0.87079
G1 X73.729 Y165.61 E0.89024
G1 X73.584 Y166.573 E0.90967
G1 X73.355 Y167.519 E0.9291
G1 X73.044 Y168.443 E0.94855
G1 X72.652 Y169.334 E0.96798
G1 X72.184 Y170.186 E0.98738
G1 X71.662 Y170.967 E1.00612
G1 X71.029 Y171.752 E1.02625
G1 X70.404 Y172.403 E1.04426
G1 X69.615 Y173.091 E1.06515
G1 X68.855 Y173.641 E1.08387
G1 X67.988 Y174.158 E1.10401
G1 X67.11 Y174.58 E1.12345
G1 X66.199 Y174.922 E1.14287
G1 X65.26 Y175.183 E1.16232
G1 X64.294 Y175.361 E1.18192
G1 X63.143 Y175.459 E1.20498
G1 X62.468 Y175.474 E1.21845
G1 X57.562 Y175.473 E1.31636
G1 X56.829 Y175.462 E1.33098
G1 X55.857 Y175.405 E1.35042
G1 X54.894 Y175.259 E1.36985
G1 X53.948 Y175.03 E1.38928
G1 X53.024 Y174.718 E1.40874
G1 X52.134 Y174.326 E1.42815
G1 X51.311 Y173.875 E1.44687
G1 X50.472 Y173.314 E1.46702
G1 X49.768 Y172.748 E1.48504
G1 X49.015 Y172.023 E1.5059
G1 X48.378 Y171.287 E1.52533
G1 X47.848 Y170.556 E1.54335
G1 X47.312 Y169.659 E1.5642
G1 X46.89 Y168.781 E1.58364
G1 X46.548 Y167.869 E1.60308
G1 X46.288 Y166.931 E1.6225
G1 X46.11 Y165.962 E1.64216
G1 X46.012 Y164.783 E1.66577
G1 X45.998 Y164.132 E1.67877
G1 X45.999 Y148.999 E1.98076
G1 X46.01 Y148.299 E1.99473
G1 X46.068 Y147.326 E2.01418
G1 X46.214 Y146.363 E2.03362
G1 X46.444 Y145.417 E2.05305
G1 X46.757 Y144.494 E2.0725
G1 X47.149 Y143.604 E2.09191
G1 X47.619 Y142.751 E2.11134
G1 X48.162 Y141.943 E2.13077
G1 X48.729 Y141.239 E2.14881
G1 X49.454 Y140.487 E2.16965
G1 X50.19 Y139.85 E2.18908
G1 X50.922 Y139.32 E2.20711
G1 X51.819 Y138.785 E2.22796
G1 X52.697 Y138.364 E2.24739
G0 F6000 X52.838 Y138.738
G1 F1200 X53.717 Y138.407 E2.26613
G1 X54.62 Y138.156 E2.28484
G1 X55.548 Y137.984 E2.30367
G1 X56.687 Y137.888 E2.32648
G1 X57.319 Y137.874 E2.3391
G1 X62.096 Y137.874 E2.43443
G1 X62.958 Y137.886 E2.45163
G1 X63.895 Y137.942 E2.47036
G1 X64.823 Y138.081 E2.48909
G1 X65.736 Y138.302 E2.50783
G1 X66.592 Y138.59 E2.52586
G1 X67.484 Y138.98 E2.54529
G1 X68.305 Y139.433 E2.564
G1 X69.056 Y139.935 E2.58202
G1 X69.815 Y140.547 E2.60148
G1 X70.489 Y141.2 E2.62021
G1 X71.103 Y141.909 E2.63893
G1 X71.653 Y142.67 E2.65766
G1 X72.115 Y143.446 E2.67569
G1 X72.538 Y144.323 E2.69512
G1 X72.867 Y145.201 E2.71383
G1 X73.118 Y146.106 E2.73257
G1 X73.289 Y147.033 E2.75138
G1 X73.384 Y148.163 E2.77401
G1 X73.398 Y148.804 E2.78681
G1 X73.397 Y163.869 E3.08745
G1 X73.387 Y164.614 E3.10231
G1 X73.333 Y165.551 E3.12104
G1 X73.195 Y166.48 E3.13979
G1 X72.976 Y167.392 E3.1585
G1 X72.678 Y168.282 E3.17723
G1 X72.301 Y169.142 E3.19597
G1 X71.851 Y169.964 E3.21467
G1 X71.329 Y170.745 E3.23342
G1 X70.74 Y171.475 E3.25214
G1 X70.115 Y172.126 E3.27015
G1 X69.38 Y172.767 E3.28961
G1 X68.62 Y173.317 E3.30833
G1 X67.814 Y173.798 E3.32706
G1 X66.969 Y174.206 E3.34579
G1 X66.091 Y174.537 E3.36451
G1 X65.187 Y174.79 E3.38325
G1 X64.26 Y174.962 E3.40206
G1 X63.109 Y175.06 E3.42512
G1 X62.468 Y175.074 E3.43791
G1 X57.568 Y175.073 E3.53569
G1 X56.852 Y175.063 E3.54998
G1 X55.916 Y175.009 E3.56869
G1 X54.987 Y174.87 E3.58744
G1 X54.075 Y174.651 E3.60616
G1 X53.185 Y174.352 E3.62489
G1 X52.326 Y173.975 E3.64361
G1 X51.503 Y173.524 E3.66234
G1 X50.723 Y173.002 E3.68107
G1 X50.019 Y172.436 E3.6991
G1 X49.317 Y171.761 E3.71853
G1 X48.702 Y171.052 E3.73726
G1 X48.172 Y170.321 E3.75528
G1 X47.672 Y169.485 E3.77472
G1 X47.264 Y168.64 E3.79345
G1 X46.933 Y167.762 E3.81217
G1 X46.681 Y166.858 E3.8309
G1 X46.509 Y165.929 E3.84976
G1 X46.411 Y164.75 E3.87336
G1 X46.398 Y164.132 E3.8857
G1 X46.399 Y149.005 E4.18758
G1 X46.409 Y148.322 E4.20121
G1 X46.464 Y147.385 E4.21994
G1 X46.603 Y146.457 E4.23866
G1 X46.823 Y145.545 E4.25739
G1 X47.123 Y144.655 E4.27613
G1 X47.5 Y143.796 E4.29485
G1 X47.951 Y142.974 E4.31356
G1 X48.474 Y142.194 E4.3323
G1 X49.041 Y141.49 E4.35034
G1 X49.716 Y140.789 E4.36976
G1 X50.425 Y140.174 E4.38849
G1 X51.157 Y139.644 E4.40653
G1 X51.993 Y139.145 E4.42596
G1 X52.838 Y138.738 E4.44467
G0 F6000 X52.98 Y139.112
G1 F1200 X53.825 Y138.792 E4.4627
G1 X54.694 Y138.549 E4.48071
G1 X55.582 Y138.383 E4.49874
G1 X56.721 Y138.287 E4.52155
G1 X57.328 Y138.274 E4.53367
G1 X62.091 Y138.274 E4.62872
G1 X62.935 Y138.285 E4.64556
G1 X63.837 Y138.338 E4.66359
G1 X64.73 Y138.47 E4.68161
G1 X65.608 Y138.681 E4.69963
G1 X66.464 Y138.969 E4.71765
G1 X67.291 Y139.331 E4.73567
G1 X68.083 Y139.766 E4.7537
G1 X68.834 Y140.268 E4.77172
G1 X69.537 Y140.835 E4.78975
G1 X70.187 Y141.462 E4.80777
G1 X70.779 Y142.144 E4.82579
G1 X71.309 Y142.875 E4.84381
G1 X71.771 Y143.651 E4.86183
G1 X72.164 Y144.464 E4.87986
G1 X72.482 Y145.309 E4.89787
G1 X72.725 Y146.179 E4.9159
G1 X72.89 Y147.067 E4.93392
G1 X72.985 Y148.197 E4.95655
G1 X72.998 Y148.804 E4.96867
G1 X72.997 Y163.864 E5.26921
G1 X72.988 Y164.591 E5.28372
G1 X72.937 Y165.493 E5.30175
G1 X72.806 Y166.387 E5.31978
G1 X72.597 Y167.265 E5.33779
G1 X72.311 Y168.122 E5.35582
G1 X71.95 Y168.95 E5.37384
G1 X71.518 Y169.742 E5.39185
G1 X71.017 Y170.494 E5.40988
G1 X70.451 Y171.198 E5.42791
G1 X69.826 Y171.849 E5.44592
G1 X69.145 Y172.443 E5.46395
G1 X68.414 Y172.974 E5.48198
G1 X67.64 Y173.438 E5.49999
G1 X66.827 Y173.832 E5.51802
G1 X65.983 Y174.152 E5.53603
G1 X65.113 Y174.397 E5.55407
G1 X64.226 Y174.563 E5.57208
G1 X63.075 Y174.661 E5.59513
G1 X62.468 Y174.674 E5.60724
G1 X57.573 Y174.673 E5.70493
G1 X56.875 Y174.664 E5.71886
G1 X55.974 Y174.613 E5.73687
G1 X55.08 Y174.481 E5.7549
G1 X54.202 Y174.272 E5.77291
G1 X53.345 Y173.985 E5.79095
G1 X52.518 Y173.624 E5.80896
G1 X51.725 Y173.191 E5.82699
G1 X50.974 Y172.69 E5.845
G1 X50.27 Y172.124 E5.86303
G1 X49.619 Y171.498 E5.88105
G1 X49.026 Y170.817 E5.89907
G1 X48.496 Y170.086 E5.91709
G1 X48.032 Y169.311 E5.93512
G1 X47.638 Y168.498 E5.95315
G1 X47.318 Y167.654 E5.97116
G1 X47.074 Y166.784 E5.98919
G1 X46.908 Y165.896 E6.00722
G1 X46.811 Y164.741 E6.03035
G1 X46.798 Y164.132 E6.04251
G1 X46.799 Y149.01 E6.34428
G1 X46.808 Y148.345 E6.35756
G1 X46.86 Y147.443 E6.37559
G1 X46.992 Y146.55 E6.3936
G1 X47.202 Y145.672 E6.41162
G1 X47.489 Y144.815 E6.42965
G1 X47.851 Y143.988 E6.44767
G1 X48.284 Y143.196 E6.46568
G1 X48.786 Y142.445 E6.48371
G1 X49.353 Y141.741 E6.50175
G1 X49.979 Y141.091 E6.51976
G1 X50.66 Y140.498 E6.53778
G1 X51.392 Y139.968 E6.55581
G1 X52.167 Y139.505 E6.57383
G1 X52.98 Y139.112 E6.59185
G1 F1500 E0.09185
;MESH:MotorMount_v3.stl
G0 F6000 X57.522 Y147.909
G0 X57.522 Y148.998
G0 X58.268 Y163.2
G0 X61.696 Y163.372
;TYPE:WALL-INNER
G1 F1500 E6.59185
G1 F1200 X61.696 Y149.572 E6.86724
G1 X58.096 Y149.572 E6.93908
G1 X58.096 Y163.372 E7.21448
G1 X61.696 Y163.372 E7.28632
G0 F6000 X62.096 Y163.772
G1 F1200 X62.096 Y149.172 E7.57768
G1 X57.696 Y149.172 E7.66548
G1 X57.696 Y163.772 E7.95684
G1 X62.096 Y163.772 E8.04465
G0 F6000 X62.496 Y164.172
;TYPE:WALL-OUTER
G1 F1200 X62.496 Y148.772 E8.35197
G1 X57.296 Y148.772 E8.45574
G1 X57.296 Y164.172 E8.76307
G1 X62.496 Y164.172 E8.86684
G0 F6000 X62.218 Y163.894
G0 X61.596 Y163.012
G0 X61.336 Y163.012
;TYPE:SKIN
G1 F1200 X58.456 Y163.012 E8.92431
G1 X58.456 Y149.932 E9.18534
G1 X61.336 Y149.932 E9.24281
G1 X61.336 Y163.012 E9.50384
G0 F6000 X61.596 Y163.012
G0 X58.268 Y163.2
G0 X58.196 Y162.742
G0 X58.656 Y162.742
G1 F1200 X58.726 Y162.812 E9.50581
G0 F6000 X59.292 Y162.812
G1 F1200 X58.656 Y162.176 E9.52376
G0 F6000 X58.656 Y161.611
G1 F1200 X59.857 Y162.812 E9.55766
G0 F6000 X60.423 Y162.812
G1 F1200 X58.656 Y161.045 E9.60753
G0 F6000 X58.656 Y160.479
G1 F1200 X60.989 Y162.812 E9.67337
G0 F6000 X61.136 Y162.393
G1 F1200 X58.656 Y159.914 E9.74335
G0 F6000 X58.656 Y159.348
G1 F1200 X61.136 Y161.828 E9.81334
G0 F6000 X61.136 Y161.262
G1 F1200 X58.656 Y158.782 E9.88333
G0 F6000 X58.656 Y158.217
G1 F1200 X61.136 Y160.696 E9.9533
G0 F6000 X61.136 Y160.131
G1 F1200 X58.656 Y157.651 E10.0233
G0 F6000 X58.656 Y157.085
G1 F1200 X61.136 Y159.565 E10.09329
G0 F6000 X61.136 Y158.999
G1 F1200 X58.656 Y156.52 E10.16326
G0 F6000 X58.656 Y155.954
G1 F1200 X61.136 Y158.434 E10.23325
G0 F6000 X61.136 Y157.868
G1 F1200 X58.656 Y155.388 E10.30324
G0 F6000 X58.656 Y154.822
G1 F1200 X61.136 Y157.302 E10.37324
G0 F6000 X61.136 Y156.737
G1 F1200 X58.656 Y154.257 E10.44323
G0 F6000 X58.656 Y153.691
G1 F1200 X61.136 Y156.171 E10.51322
G0 F6000 X61.136 Y155.605
G1 F1200 X58.656 Y153.125 E10.58321
G0 F6000 X58.656 Y152.56
G1 F1200 X61.136 Y155.04 E10.6532
G0 F6000 X61.136 Y154.474
G1 F1200 X58.656 Y151.994 E10.72319
G0 F6000 X58.656 Y151.428
G1 F1200 X61.136 Y153.908 E10.79318
G0 F6000 X61.136 Y153.342
G1 F1200 X58.656 Y150.863 E10.86316
G0 F6000 X58.656 Y150.297
G1 F1200 X61.136 Y152.777 E10.93315
G0 F6000 X61.136 Y152.211
G1 F1200 X59.057 Y150.132 E10.99182
G0 F6000 X59.623 Y150.132
G1 F1200 X61.136 Y151.645 E11.03452
G0 F6000 X61.136 Y151.08
G1 F1200 X60.188 Y150.132 E11.06128
G0 F6000 X60.754 Y150.132
G1 F1200 X61.136 Y150.514 E11.07206
M104 S205
G1 F1500 E4.57206
;MESH:NONMESH
G0 F300 X61.136 Y150.514 Z0.24
G0 F6000 X61.596 Y150.514
G0 X61.524 Y149.744
G0 X57.522 Y148.998
G0 X57.522 Y147.909
G0 X52.98 Y139.112
;TIME_ELAPSED:37.128590
;LAYER:1
M140 S65
M106 S85
;TYPE:SKIRT
G1 F1500 E11.07206
G1 F1200 X53.825 Y138.792 E11.09009
G1 X54.694 Y138.549 E11.1081
G1 X55.582 Y138.383 E11.12613
G1 X56.721 Y138.287 E11.14894
G1 X57.328 Y138.274 E11.16105
G1 X62.091 Y138.274 E11.2561
G1 X62.935 Y138.285 E11.27295
G1 X63.837 Y138.338 E11.29098
G1 X64.73 Y138.47 E11.30899
G1 X65.608 Y138.681 E11.32701
G1 X66.464 Y138.969 E11.34504
G1 X67.291 Y139.331 E11.36305
G1 X68.083 Y139.766 E11.38108
G1 X68.834 Y140.268 E11.39911
G1 X69.537 Y140.835 E11.41714
G1 X70.187 Y141.462 E11.43516
G1 X70.779 Y142.144 E11.45318
G1 X71.309 Y142.875 E11.4712
G1 X71.771 Y143.651 E11.48922
G1 X72.164 Y144.464 E11.50724
G1 X72.482 Y145.309 E11.52526
G1 X72.725 Y146.179 E11.54329
G1 X72.89 Y147.067 E11.56131
G1 X72.985 Y148.197 E11.58394
G1 X72.998 Y148.804 E11.59606
G1 X72.997 Y163.864 E11.89659
G1 X72.988 Y164.591 E11.9111
G1 X72.937 Y165.493 E11.92913
G1 X72.806 Y166.387 E11.94716
G1 X72.597 Y167.265 E11.96518
G1 X72.311 Y168.122 E11.9832
G1 X71.95 Y168.95 E12.00123
G1 X71.518 Y169.742 E12.01923
G1 X71.017 Y170.494 E12.03727
G1 X70.451 Y171.198 E12.05529
G1 X69.826 Y171.849 E12.0733
G1 X69.145 Y172.443 E12.09134
G1 X68.414 Y172.974 E12.10937
G1 X67.64 Y173.438 E12.12738
G1 X66.827 Y173.832 E12.1454
G1 X65.983 Y174.152 E12.16342
G1 X65.113 Y174.397 E12.18145
G1 X64.226 Y174.563 E12.19946
G1 X63.075 Y174.661 E12.22252
G1 X62.468 Y174.674 E12.23463
G1 X57.573 Y174.673 E12.33232
G1 X56.875 Y174.664 E12.34625
G1 X55.974 Y174.613 E12.36426
G1 X55.08 Y174.481 E12.38229
G1 X54.202 Y174.272 E12.4003
G1 X53.345 Y173.985 E12.41834
G1 X52.518 Y173.624 E12.43635
G1 X51.725 Y173.191 E12.45438
G1 X50.974 Y172.69 E12.47239
G1 X50.27 Y172.124 E12.49042
G1 X49.619 Y171.498 E12.50844
G1 X49.026 Y170.817 E12.52646
G1 X48.496 Y170.086 E12.54448
G1 X48.032 Y169.311 E12.56251
G1 X47.638 Y168.498 E12.58054
G1 X47.318 Y167.654 E12.59855
G1 X47.074 Y166.784 E12.61658
G1 X46.908 Y165.896 E12.63461
G1 X46.811 Y164.741 E12.65774
G1 X46.798 Y164.132 E12.66989
G1 X46.799 Y149.01 E12.97167
G1 X46.808 Y148.345 E12.98494
G1 X46.86 Y147.443 E13.00297
G1 X46.992 Y146.55 E13.02099
G1 X47.202 Y145.672 E13.039
G1 X47.489 Y144.815 E13.05704
G1 X47.851 Y143.988 E13.07505
G1 X48.284 Y143.196 E13.09307
G1 X48.786 Y142.445 E13.11109
G1 X49.353 Y141.741 E13.12913
G1 X49.979 Y141.091 E13.14714
G1 X50.66 Y140.498 E13.16516
G1 X51.392 Y139.968 E13.1832
G1 X52.167 Y139.505 E13.20121
G1 X52.98 Y139.112 E13.21923
G1 F1500 E6.71923
;MESH:MotorMount_v3.stl
G0 F9000 X57.422 Y147.809
G0 X57.422 Y148.898
G0 X58.168 Y163.3
G0 X61.796 Y163.472
;TYPE:WALL-INNER
G1 F1500 E13.21923
G1 F1800 X61.796 Y149.472 E13.49862
G1 X57.996 Y149.472 E13.57445
G1 X57.996 Y163.472 E13.85384
G1 X61.796 Y163.472 E13.92967
G0 F9000 X62.196 Y163.872
G1 F1800 X62.196 Y149.072 E14.22502
G1 X57.596 Y149.072 E14.31682
G1 X57.596 Y163.872 E14.61217
G1 X62.196 Y163.872 E14.70397
G0 F9000 X62.596 Y164.272
;TYPE:WALL-OUTER
G1 F1800 X62.596 Y148.672 E15.01528
G1 X57.196 Y148.672 E15.12304
G1 X57.196 Y164.272 E15.43436
G1 X62.596 Y164.272 E15.54212
G0 F9000 X62.318 Y163.994
G0 X61.696 Y163.112
G0 X61.436 Y163.112
;TYPE:SKIN
G1 F1800 X58.356 Y163.112 E15.60359
G1 X58.356 Y149.832 E15.8686
G1 X61.436 Y149.832 E15.93007
G1 X61.436 Y163.112 E16.19508
G0 F9000 X61.099 Y162.912
G1 F1800 X61.236 Y162.775 E16.19895
G0 F9000 X61.236 Y162.21
G1 F1800 X60.533 Y162.912 E16.21878
G0 F9000 X59.968 Y162.912
G1 F1800 X61.236 Y161.644 E16.25456
G0 F9000 X61.236 Y161.078
G1 F1800 X59.402 Y162.912 E16.30632
G0 F9000 X58.836 Y162.912
G1 F1800 X61.236 Y160.513 E16.37404
G0 F9000 X61.236 Y159.947
G1 F1800 X58.556 Y162.627 E16.44968
G0 F9000 X58.556 Y162.061
G1 F1800 X61.236 Y159.381 E16.52531
G0 F9000 X61.236 Y158.815
G1 F1800 X58.556 Y161.495 E16.60095
G0 F9000 X58.556 Y160.93
G1 F1800 X61.236 Y158.25 E16.67658
G0 F9000 X61.236 Y157.684
G1 F1800 X58.556 Y160.364 E16.75222
G0 F9000 X58.556 Y159.798
G1 F1800 X61.236 Y157.118 E16.82785
G0 F9000 X61.236 Y156.553
G1 F1800 X58.556 Y159.233 E16.90349
G0 F9000 X58.556 Y158.667
G1 F1800 X61.236 Y155.987 E16.97912
G0 F9000 X61.236 Y155.421
G1 F1800 X58.556 Y158.101 E17.05476
G0 F9000 X58.556 Y157.536
G1 F1800 X61.236 Y154.856 E17.1304
G0 F9000 X61.236 Y154.29
G1 F1800 X58.556 Y156.97 E17.20603
G0 F9000 X58.556 Y156.404
G1 F1800 X61.236 Y153.724 E17.28167
G0 F9000 X61.236 Y153.159
G1 F1800 X58.556 Y155.839 E17.3573
G0 F9000 X58.556 Y155.273
G1 F1800 X61.236 Y152.593 E17.43294
G0 F9000 X61.236 Y152.027
G1 F1800 X58.556 Y154.707 E17.50857
G0 F9000 X58.556 Y154.142
G1 F1800 X61.236 Y151.462 E17.58421
G0 F9000 X61.236 Y150.896
G1 F1800 X58.556 Y153.576 E17.65984
G0 F9000 X58.556 Y153.01
G1 F1800 X61.236 Y150.33 E17.73548
G0 F9000 X60.969 Y150.032
G1 F1800 X58.556 Y152.444 E17.80356
G0 F9000 X58.556 Y151.879
G1 F1800 X60.403 Y150.032 E17.85569
G0 F9000 X59.837 Y150.032
G1 F1800 X58.556 Y151.313 E17.89184
G0 F9000 X58.556 Y150.747
G1 F1800 X59.272 Y150.032 E17.91204
G0 F9000 X58.706 Y150.032
G1 F1800 X58.556 Y150.182 E17.91627
G1 F1500 E11.41627
;MESH:NONMESH
G0 F300 X58.556 Y150.182 Z0.36
G0 F9000 X58.096 Y150.182
G0 X57.422 Y148.898
G0 X57.422 Y147.809
G0 X52.98 Y139.112
;TIME_ELAPSED:55.861516
;LAYER:2
M106 S170
;TYPE:SKIRT
G1 F1500 E17.91627
G1 F1200 X53.825 Y138.792 E17.9343
G1 X54.694 Y138.549 E17.95231
G1 X55.582 Y138.383 E17.97034
G1 X56.721 Y138.287 E17.99315
G1 X57.328 Y138.274 E18.00526
G1 X62.091 Y138.274 E18.10031
G1 X62.935 Y138.285 E18.11716
G1 X63.837 Y138.338 E18.13519
G1 X64.73 Y138.47 E18.1532
G1 X65.608 Y138.681 E18.17122
G1 X66.464 Y138.969 E18.18925
G1 X67.291 Y139.331 E18.20726
G1 X68.083 Y139.766 E18.2253
G1 X68.834 Y140.268 E18.24332
G1 X69.537 Y140.835 E18.26135
G1 X70.187 Y141.462 E18.27937
G1 X70.779 Y142.144 E18.29739
G1 X71.309 Y142.875 E18.31541
G1 X71.771 Y143.651 E18.33343
G1 X72.164 Y144.464 E18.35145
G1 X72.482 Y145.309 E18.36947
G1 X72.725 Y146.179 E18.3875
G1 X72.89 Y147.067 E18.40552
G1 X72.985 Y148.197 E18.42815
G1 X72.998 Y148.804 E18.44027
G1 X72.997 Y163.864 E18.74081
G1 X72.988 Y164.591 E18.75531
G1 X72.937 Y165.493 E18.77334
G1 X72.806 Y166.387 E18.79137
G1 X72.597 Y167.265 E18.80939
G1 X72.311 Y168.122 E18.82742
G1 X71.95 Y168.95 E18.84544
G1 X71.518 Y169.742 E18.86344
G1 X71.017 Y170.494 E18.88148
G1 X70.451 Y171.198 E18.8995
G1 X69.826 Y171.849 E18.91751
G1 X69.145 Y172.443 E18.93555
G1 X68.414 Y172.974 E18.95358
G1 X67.64 Y173.438 E18.97159
G1 X66.827 Y173.832 E18.98962
G1 X65.983 Y174.152 E19.00763
G1 X65.113 Y174.397 E19.02567
G1 X64.226 Y174.563 E19.04367
G1 X63.075 Y174.661 E19.06673
G1 X62.468 Y174.674 E19.07884
G1 X57.573 Y174.673 E19.17653
G1 X56.875 Y174.664 E19.19046
G1 X55.974 Y174.613 E19.20847
G1 X55.08 Y174.481 E19.2265
G1 X54.202 Y174.272 E19.24451
G1 X53.345 Y173.985 E19.26255
G1 X52.518 Y173.624 E19.28056
G1 X51.725 Y173.191 E19.29859
G1 X50.974 Y172.69 E19.3166
G1 X50.27 Y172.124 E19.33463
G1 X49.619 Y171.498 E19.35265
G1 X49.026 Y170.817 E19.37067
G1 X48.496 Y170.086 E19.38869
G1 X48.032 Y169.311 E19.40672
G1 X47.638 Y168.498 E19.42475
G1 X47.318 Y167.654 E19.44276
G1 X47.074 Y166.784 E19.46079
G1 X46.908 Y165.896 E19.47882
G1 X46.811 Y164.741 E19.50195
G1 X46.798 Y164.132 E19.5141
G1 X46.799 Y149.01 E19.81588
G1 X46.808 Y148.345 E19.82915
G1 X46.86 Y147.443 E19.84718
G1 X46.992 Y146.55 E19.8652
G1 X47.202 Y145.672 E19.88321
G1 X47.489 Y144.815 E19.90125
G1 X47.851 Y143.988 E19.91926
G1 X48.284 Y143.196 E19.93728
G1 X48.786 Y142.445 E19.9553
G1 X49.353 Y141.741 E19.97334
G1 X49.979 Y141.091 E19.99135
G1 X50.66 Y140.498 E20.00937
G1 X51.392 Y139.968 E20.02741
G1 X52.167 Y139.505 E20.04542
G1 X52.98 Y139.112 E20.06344
G1 F1500 E13.56344
;MESH:MotorMount_v3.stl
G0 F12000 X57.422 Y147.809
G0 X57.422 Y148.898
G0 X58.168 Y163.3
G0 X61.796 Y163.472
;TYPE:WALL-INNER
G1 F1500 E20.06344
G1 F2400 X61.796 Y149.472 E20.34283
G1 X57.996 Y149.472 E20.41866
G1 X57.996 Y163.472 E20.69805
G1 X61.796 Y163.472 E20.77388
G0 F12000 X62.196 Y163.872
G1 F2400 X62.196 Y149.072 E21.06923
G1 X57.596 Y149.072 E21.16103
G1 X57.596 Y163.872 E21.45638
G1 X62.196 Y163.872 E21.54818
G0 F12000 X62.596 Y164.272
;TYPE:WALL-OUTER
G1 F2400 X62.596 Y148.672 E21.85949
G1 X57.196 Y148.672 E21.96725
G1 X57.196 Y164.272 E22.27857
G1 X62.596 Y164.272 E22.38633
G0 F12000 X62.318 Y163.994
G0 X61.696 Y163.112
G0 X61.436 Y163.112
;TYPE:SKIN
G1 F2400 X58.356 Y163.112 E22.4478
G1 X58.356 Y149.832 E22.71281
G1 X61.436 Y149.832 E22.77428
G1 X61.436 Y163.112 E23.03929
G0 F12000 X61.696 Y163.112
G0 X58.168 Y163.3
G0 X58.096 Y162.642
G0 X58.556 Y162.642
G1 F2400 X58.826 Y162.912 E23.04691
G0 F12000 X59.392 Y162.912
G1 F2400 X58.556 Y162.077 E23.07049
G0 F12000 X58.556 Y161.511
G1 F2400 X59.958 Y162.912 E23.11005
G0 F12000 X60.523 Y162.912
G1 F2400 X58.556 Y160.945 E23.16556
G0 F12000 X58.556 Y160.38
G1 F2400 X61.089 Y162.912 E23.23703
G0 F12000 X61.236 Y162.494
G1 F2400 X58.556 Y159.814 E23.31267
G0 F12000 X58.556 Y159.248
G1 F2400 X61.236 Y161.928 E23.3883
G0 F12000 X61.236 Y161.362
G1 F2400 X58.556 Y158.683 E23.46393
G0 F12000 X58.556 Y158.117
G1 F2400 X61.236 Y160.797 E23.53956
G0 F12000 X61.236 Y160.231
G1 F2400 X58.556 Y157.551 E23.6152
G0 F12000 X58.556 Y156.985
G1 F2400 X61.236 Y159.665 E23.69083
G0 F12000 X61.236 Y159.1
G1 F2400 X58.556 Y156.42 E23.76647
G0 F12000 X58.556 Y155.854
G1 F2400 X61.236 Y158.534 E23.8421
G0 F12000 X61.236 Y157.968
G1 F2400 X58.556 Y155.288 E23.91774
G0 F12000 X58.556 Y154.723
G1 F2400 X61.236 Y157.403 E23.99337
G0 F12000 X61.236 Y156.837
G1 F2400 X58.556 Y154.157 E24.06901
G0 F12000 X58.556 Y153.591
G1 F2400 X61.236 Y156.271 E24.14464
G0 F12000 X61.236 Y155.706
G1 F2400 X58.556 Y153.026 E24.22028
G0 F12000 X58.556 Y152.46
G1 F2400 X61.236 Y155.14 E24.29591
G0 F12000 X61.236 Y154.574
G1 F2400 X58.556 Y151.894 E24.37155
G0 F12000 X58.556 Y151.329
G1 F2400 X61.236 Y154.009 E24.44719
G0 F12000 X61.236 Y153.443
G1 F2400 X58.556 Y150.763 E24.52282
G0 F12000 X58.556 Y150.197
G1 F2400 X61.236 Y152.877 E24.59846
G0 F12000 X61.236 Y152.312
G1 F2400 X58.956 Y150.032 E24.6628
G0 F12000 X59.522 Y150.032
G1 F2400 X61.236 Y151.746 E24.71118
G0 F12000 X61.236 Y151.18
G1 F2400 X60.088 Y150.032 E24.74357
G0 F12000 X60.653 Y150.032
G1 F2400 X61.236 Y150.614 E24.76001
;MESH:NONMESH
G0 F300 X61.236 Y150.614 Z0.48
G0 F12000 X61.696 Y150.614
G0 X61.796 Y163.472
;TIME_ELAPSED:73.237462
;LAYER:3
;note -- min layer time used
M106 S255
;TYPE:WALL-INNER
;MESH:MotorMount_v3.stl
G1 F1434.6 X61.796 Y149.472 E25.0394
G1 X57.996 Y149.472 E25.11523
G1 X57.996 Y163.472 E25.39462
G1 X61.796 Y163.472 E25.47045
G0 F12000 X62.196 Y163.872
G1 F1434.6 X62.196 Y149.072 E25.7658
G1 X57.596 Y149.072 E25.8576
G1 X57.596 Y163.872 E26.15295
G1 X62.196 Y163.872 E26.24475
G0 F12000 X62.596 Y164.272
;TYPE:WALL-OUTER
G1 F1434.6 X62.596 Y148.672 E26.55606
G1 X57.196 Y148.672 E26.66382
G1 X57.196 Y164.272 E26.97514
G1 X62.596 Y164.272 E27.0829
G0 F12000 X62.318 Y163.994
G0 X61.696 Y163.112
G0 X61.436 Y163.112
;TYPE:SKIN
G1 F1434.6 X58.356 Y163.112 E27.14437
G1 X58.356 Y149.832 E27.40938
G1 X61.436 Y149.832 E27.47085
G1 X61.436 Y163.112 E27.73586
G0 F12000 X61.099 Y162.912
G1 F1434.6 X61.236 Y162.775 E27.73973
G0 F12000 X61.236 Y162.21
G1 F1434.6 X60.533 Y162.912 E27.75956
G0 F12000 X59.968 Y162.912
G1 F1434.6 X61.236 Y161.644 E27.79534
G0 F12000 X61.236 Y161.078
G1 F1434.6 X59.402 Y162.912 E27.8471
G0 F12000 X58.836 Y162.912
G1 F1434.6 X61.236 Y160.513 E27.91482
G0 F12000 X61.236 Y159.947
G1 F1434.6 X58.556 Y162.627 E27.99046
G0 F12000 X58.556 Y162.061
G1 F1434.6 X61.236 Y159.381 E28.06609
G0 F12000 X61.236 Y158.815
G1 F1434.6 X58.556 Y161.495 E28.14173
G0 F12000 X58.556 Y160.93
G1 F1434.6 X61.236 Y158.25 E28.21736
G0 F12000 X61.236 Y157.684
G1 F1434.6 X58.556 Y160.364 E28.293
G0 F12000 X58.556 Y159.798
G1 F1434.6 X61.236 Y157.118 E28.36863
G0 F12000 X61.236 Y156.553
G1 F1434.6 X58.556 Y159.233 E28.44427
G0 F12000 X58.556 Y158.667
G1 F1434.6 X61.236 Y155.987 E28.5199
G0 F12000 X61.236 Y155.421
G1 F1434.6 X58.556 Y158.101 E28.59554
G0 F12000 X58.556 Y157.536
G1 F1434.6 X61.236 Y154.856 E28.67118
G0 F12000 X61.236 Y154.29
G1 F1434.6 X58.556 Y156.97 E28.74681
G0 F12000 X58.556 Y156.404
G1 F1434.6 X61.236 Y153.724 E28.82245
G0 F12000 X61.236 Y153.159
G1 F1434.6 X58.556 Y155.839 E28.89808
G0 F12000 X58.556 Y155.273
G1 F1434.6 X61.236 Y152.593 E28.97372
G0 F12000 X61.236 Y152.027
G1 F1434.6 X58.556 Y154.707 E29.04935
G0 F12000 X58.556 Y154.142
G1 F1434.6 X61.236 Y151.462 E29.12499
G0 F12000 X61.236 Y150.896
G1 F1434.6 X58.556 Y153.576 E29.20062
G0 F12000 X58.556 Y153.01
G1 F1434.6 X61.236 Y150.33 E29.27626
G0 F12000 X60.969 Y150.032
G1 F1434.6 X58.556 Y152.444 E29.34434
G0 F12000 X58.556 Y151.879
G1 F1434.6 X60.403 Y150.032 E29.39647
G0 F12000 X59.837 Y150.032
G1 F1434.6 X58.556 Y151.313 E29.43262
G0 F12000 X58.556 Y150.747
G1 F1434.6 X59.272 Y150.032 E29.45282
G0 F12000 X58.706 Y150.032
G1 F1434.6 X58.556 Y150.182 E29.45705
;MESH:NONMESH
G0 F300 X58.556 Y150.182 Z0.6
G0 F12000 X58.096 Y150.182
G0 X58.168 Y163.3
G0 X61.796 Y163.472
;TIME_ELAPSED:86.442737
;LAYER:4
;note -- min layer time used
;TYPE:WALL-INNER
;MESH:MotorMount_v3.stl
G1 F1438 X61.796 Y149.472 E29.73643
G1 X57.996 Y149.472 E29.81227
G1 X57.996 Y163.472 E30.09165
G1 X61.796 Y163.472 E30.16749
G0 F12000 X62.196 Y163.872
G1 F1438 X62.196 Y149.072 E30.46284
G1 X57.596 Y149.072 E30.55463
G1 X57.596 Y163.872 E30.84998
G1 X62.196 Y163.872 E30.94178
G0 F12000 X62.596 Y164.272
;TYPE:WALL-OUTER
G1 F1438 X62.596 Y148.672 E31.2531
G1 X57.196 Y148.672 E31.36086
G1 X57.196 Y164.272 E31.67217
G1 X62.596 Y164.272 E31.77994
G0 F12000 X62.318 Y163.994
G0 X61.696 Y163.112
G0 X61.436 Y163.112
;TYPE:SKIN
G1 F1438 X58.356 Y163.112 E31.8414
G1 X58.356 Y149.832 E32.10642
G1 X61.436 Y149.832 E32.16788
G1 X61.436 Y163.112 E32.4329
G0 F12000 X61.696 Y163.112
G0 X58.168 Y163.3
G0 X58.096 Y162.642
G0 X58.556 Y162.642
G1 F1438 X58.826 Y162.912 E32.44052
G0 F12000 X59.392 Y162.912
G1 F1438 X58.556 Y162.077 E32.4641
G0 F12000 X58.556 Y161.511
G1 F1438 X59.958 Y162.912 E32.50365
G0 F12000 X60.523 Y162.912
G1 F1438 X58.556 Y160.945 E32.55917
G0 F12000 X58.556 Y160.38
G1 F1438 X61.089 Y162.912 E32.63064
G0 F12000 X61.236 Y162.494
G1 F1438 X58.556 Y159.814 E32.70627
G0 F12000 X58.556 Y159.248
G1 F1438 X61.236 Y161.928 E32.78191
G0 F12000 X61.236 Y161.362
G1 F1438 X58.556 Y158.683 E32.85753
G0 F12000 X58.556 Y158.117
G1 F1438 X61.236 Y160.797 E32.93317
G0 F12000 X61.236 Y160.231
G1 F1438 X58.556 Y157.551 E33.0088
G0 F12000 X58.556 Y156.985
G1 F1438 X61.236 Y159.665 E33.08444
G0 F12000 X61.236 Y159.1
G1 F1438 X58.556 Y156.42 E33.16007
G0 F12000 X58.556 Y155.854
G1 F1438 X61.236 Y158.534 E33.23571
G0 F12000 X61.236 Y157.968
G1 F1438 X58.556 Y155.288 E33.31134
G0 F12000 X58.556 Y154.723
G1 F1438 X61.236 Y157.403 E33.38698
G0 F12000 X61.236 Y156.837
G1 F1438 X58.556 Y154.157 E33.46261
G0 F12000 X58.556 Y153.591
G1 F1438 X61.236 Y156.271 E33.53825
G0 F12000 X61.236 Y155.706
G1 F1438 X58.556 Y153.026 E33.61389
G0 F12000 X58.556 Y152.46
G1 F1438 X61.236 Y155.14 E33.68952
G0 F12000 X61.236 Y154.574
G1 F1438 X58.556 Y151.894 E33.76516
G0 F12000 X58.556 Y151.329
G1 F1438 X61.236 Y154.009 E33.84079
G0 F12000 X61.236 Y153.443
G1 F1438 X58.556 Y150.763 E33.91643
G0 F12000 X58.556 Y150.197
G1 F1438 X61.236 Y152.877 E33.99206
G0 F12000 X61.236 Y152.312
G1 F1438 X58.956 Y150.032 E34.05641
G0 F12000 X59.522 Y150.032
G1 F1438 X61.236 Y151.746 E34.10478
G0 F12000 X61.236 Y151.18
G1 F1438 X60.088 Y150.032 E34.13718
G0 F12000 X60.653 Y150.032
G1 F1438 X61.236 Y150.614 E34.15362
;MESH:NONMESH
G0 F300 X61.236 Y150.614 Z0.72
G0 F12000 X61.696 Y150.614
G0 X61.796 Y163.472
;TIME_ELAPSED:99.649503
;LAYER:5
;note -- min layer time used
;TYPE:WALL-INNER
;MESH:MotorMount_v3.stl
G1 F1434.6 X61.796 Y149.472 E34.433
G1 X57.996 Y149.472 E34.50884
G1 X57.996 Y163.472 E34.78822
G1 X61.796 Y163.472 E34.86406
G0 F12000 X62.196 Y163.872
G1 F1434.6 X62.196 Y149.072 E35.15941
G1 X57.596 Y149.072 E35.2512
G1 X57.596 Y163.872 E35.54655
G1 X62.196 Y163.872 E35.63835
G0 F12000 X62.596 Y164.272
;TYPE:WALL-OUTER
G1 F1434.6 X62.596 Y148.672 E35.94967
G1 X57.196 Y148.672 E36.05743
G1 X57.196 Y164.272 E36.36874
G1 X62.596 Y164.272 E36.47651
G0 F12000 X62.318 Y163.994
G0 X61.696 Y163.112
G0 X61.436 Y163.112
;TYPE:SKIN
G1 F1434.6 X58.356 Y163.112 E36.53797
G1 X58.356 Y149.832 E36.80299
G1 X61.436 Y149.832 E36.86445
G1 X61.436 Y163.112 E37.12947
G0 F12000 X61.099 Y162.912
G1 F1434.6 X61.236 Y162.775 E37.13334
G0 F12000 X61.236 Y162.21
G1 F1434.6 X60.533 Y162.912 E37.15316
G0 F12000 X59.968 Y162.912
G1 F1434.6 X61.236 Y161.644 E37.18895
G0 F12000 X61.236 Y161.078
G1 F1434.6 X59.402 Y162.912 E37.24071
G0 F12000 X58.836 Y162.912
G1 F1434.6 X61.236 Y160.513 E37.30843
G0 F12000 X61.236 Y159.947
G1 F1434.6 X58.556 Y162.627 E37.38406
G0 F12000 X58.556 Y162.061
G1 F1434.6 X61.236 Y159.381 E37.4597
G0 F12000 X61.236 Y158.815
G1 F1434.6 X58.556 Y161.495 E37.53533
G0 F12000 X58.556 Y160.93
G1 F1434.6 X61.236 Y158.25 E37.61097
G0 F12000 X61.236 Y157.684
G1 F1434.6 X58.556 Y160.364 E37.6866
G0 F12000 X58.556 Y159.798
G1 F1434.6 X61.236 Y157.118 E37.76224
G0 F12000 X61.236 Y156.553
G1 F1434.6 X58.556 Y159.233 E37.83788
G0 F12000 X58.556 Y158.667
G1 F1434.6 X61.236 Y155.987 E37.91351
G0 F12000 X61.236 Y155.421
G1 F1434.6 X58.556 Y158.101 E37.98915
G0 F12000 X58.556 Y157.536
G1 F1434.6 X61.236 Y154.856 E38.06478
G0 F12000 X61.236 Y154.29
G1 F1434.6 X58.556 Y156.97 E38.14042
G0 F12000 X58.556 Y156.404
G1 F1434.6 X61.236 Y153.724 E38.21605
G0 F12000 X61.236 Y153.159
G1 F1434.6 X58.556 Y155.839 E38.29169
G0 F12000 X58.556 Y155.273
G1 F1434.6 X61.236 Y152.593 E38.36732
G0 F12000 X61.236 Y152.027
G1 F1434.6 X58.556 Y154.707 E38.44296
G0 F12000 X58.556 Y154.142
G1 F1434.6 X61.236 Y151.462 E38.51859
G0 F12000 X61.236 Y150.896
G1 F1434.6 X58.556 Y153.576 E38.59423
G0 F12000 X58.556 Y153.01
G1 F1434.6 X61.236 Y150.33 E38.66986
G0 F12000 X60.969 Y150.032
G1 F1434.6 X58.556 Y152.444 E38.73795
G0 F12000 X58.556 Y151.879
G1 F1434.6 X60.403 Y150.032 E38.79008
G0 F12000 X59.837 Y150.032
G1 F1434.6 X58.556 Y151.313 E38.82623
G0 F12000 X58.556 Y150.747
G1 F1434.6 X59.272 Y150.032 E38.84642
G0 F12000 X58.706 Y150.032
G1 F1434.6 X58.556 Y150.182 E38.85066
;MESH:NONMESH
G0 F300 X58.556 Y150.182 Z0.84
G0 F12000 X58.096 Y150.182
G0 X58.168 Y163.3
G0 X61.796 Y163.472
;TIME_ELAPSED:112.854778
;LAYER:6
;note -- min layer time used
;TYPE:WALL-INNER
;MESH:MotorMount_v3.stl
G1 F1438 X61.796 Y149.472 E39.13004
G1 X57.996 Y149.472 E39.20587
G1 X57.996 Y163.472 E39.48526
G1 X61.796 Y163.472 E39.56109
G0 F12000 X62.196 Y163.872
G1 F1438 X62.196 Y149.072 E39.85644
G1 X57.596 Y149.072 E39.94824
G1 X57.596 Y163.872 E40.24359
G1 X62.196 Y163.872 E40.33539
G0 F12000 X62.596 Y164.272
;TYPE:WALL-OUTER
G1 F1438 X62.596 Y148.672 E40.6467
G1 X57.196 Y148.672 E40.75447
G1 X57.196 Y164.272 E41.06578
G1 X62.596 Y164.272 E41.17354
G0 F12000 X62.318 Y163.994
G0 X61.696 Y163.112
G0 X61.436 Y163.112
;TYPE:SKIN
G1 F1438 X58.356 Y163.112 E41.23501
G1 X58.356 Y149.832 E41.50002
G1 X61.436 Y149.832 E41.56149
G1 X61.436 Y163.112 E41.82651
G0 F12000 X61.696 Y163.112
G0 X58.168 Y163.3
G0 X58.096 Y162.642
G0 X58.556 Y162.642
G1 F1438 X58.826 Y162.912 E41.83413
G0 F12000 X59.392 Y162.912
G1 F1438 X58.556 Y162.077 E41.85771
G0 F12000 X58.556 Y161.511
G1 F1438 X59.958 Y162.912 E41.89726
G0 F12000 X60.523 Y162.912
G1 F1438 X58.556 Y160.945 E41.95277
G0 F12000 X58.556 Y160.38
G1 F1438 X61.089 Y162.912 E42.02424
G0 F12000 X61.236 Y162.494
G1 F1438 X58.556 Y159.814 E42.09988
G0 F12000 X58.556 Y159.248
G1 F1438 X61.236 Y161.928 E42.17552
G0 F12000 X61.236 Y161.362
G1 F1438 X58.556 Y158.683 E42.25114
G0 F12000 X58.556 Y158.117
G1 F1438 X61.236 Y160.797 E42.32677
G0 F12000 X61.236 Y160.231
G1 F1438 X58.556 Y157.551 E42.40241
G0 F12000 X58.556 Y156.985
G1 F1438 X61.236 Y159.665 E42.47804
G0 F12000 X61.236 Y159.1
G1 F1438 X58.556 Y156.42 E42.55368
G0 F12000 X58.556 Y155.854
G1 F1438 X61.236 Y158.534 E42.62931
G0 F12000 X61.236 Y157.968
G1 F1438 X58.556 Y155.288 E42.70495
G0 F12000 X58.556 Y154.723
G1 F1438 X61.236 Y157.403 E42.78058
G0 F12000 X61.236 Y156.837
G1 F1438 X58.556 Y154.157 E42.85622
G0 F12000 X58.556 Y153.591
G1 F1438 X61.236 Y156.271 E42.93186
G0 F12000 X61.236 Y155.706
G1 F1438 X58.556 Y153.026 E43.00749
G0 F12000 X58.556 Y152.46
G1 F1438 X61.236 Y155.14 E43.08313
G0 F12000 X61.236 Y154.574
G1 F1438 X58.556 Y151.894 E43.15876
G0 F12000 X58.556 Y151.329
G1 F1438 X61.236 Y154.009 E43.2344
G0 F12000 X61.236 Y153.443
G1 F1438 X58.556 Y150.763 E43.31003
G0 F12000 X58.556 Y150.197
G1 F1438 X61.236 Y152.877 E43.38567
G0 F12000 X61.236 Y152.312
G1 F1438 X58.956 Y150.032 E43.45001
G0 F12000 X59.522 Y150.032
G1 F1438 X61.236 Y151.746 E43.49839
G0 F12000 X61.236 Y151.18
G1 F1438 X60.088 Y150.032 E43.53079
G0 F12000 X60.653 Y150.032
G1 F1438 X61.236 Y150.614 E43.54723
;MESH:NONMESH
G0 F300 X61.236 Y150.614 Z0.96
G0 F12000 X61.696 Y150.614
G0 X61.796 Y163.472
;TIME_ELAPSED:126.061545
;LAYER:7
;note -- min layer time used
;TYPE:WALL-INNER
;MESH:MotorMount_v3.stl
G1 F831.5 X61.796 Y149.472 E43.82661
G1 X57.996 Y149.472 E43.90244
G1 X57.996 Y163.472 E44.18183
G1 X61.796 Y163.472 E44.25766
G0 F12000 X62.196 Y163.872
G1 F831.5 X62.196 Y149.072 E44.55301
G1 X57.596 Y149.072 E44.64481
G1 X57.596 Y163.872 E44.94016
G1 X62.196 Y163.872 E45.03196
G0 F12000 X62.596 Y164.272
;TYPE:WALL-OUTER
G1 F831.5 X62.596 Y148.672 E45.34327
G1 X57.196 Y148.672 E45.45104
G1 X57.196 Y164.272 E45.76235
G1 X62.596 Y164.272 E45.87011
G0 F12000 X62.318 Y163.994
G0 X58.076 Y160.652
;TYPE:FILL
G1 F831.5 X61.05 Y149.552 E46.09944
G0 F12000 X58.076 Y153.692
G1 F831.5 X61.716 Y157.333 E46.20218
G0 F12000 X61.715 Y156.689
G1 F831.5 X58.076 Y157.664 E46.27736
G0 F12000 X58.208 Y157.664
;MESH:NONMESH
G0 F300 X58.208 Y157.664 Z1.08
G0 F12000 X61.796 Y163.472
;TIME_ELAPSED:136.900814
;LAYER:8
;note -- min layer time used
;TYPE:WALL-INNER
;MESH:MotorMount_v3.stl
G1 F826.9 X61.796 Y149.472 E46.55675
G1 X57.996 Y149.472 E46.63258
G1 X57.996 Y163.472 E46.91197
G1 X61.796 Y163.472 E46.9878
G0 F12000 X62.196 Y163.872
G1 F826.9 X62.196 Y149.072 E47.28315
G1 X57.596 Y149.072 E47.37495
G1 X57.596 Y163.872 E47.6703
G1 X62.196 Y163.872 E47.7621
G0 F12000 X62.596 Y164.272
;TYPE:WALL-OUTER
G1 F826.9 X62.596 Y148.672 E48.07341
G1 X57.196 Y148.672 E48.18117
G1 X57.196 Y164.272 E48.49249
G1 X62.596 Y164.272 E48.60025
G0 F12000 X62.318 Y163.994
G0 X58.076 Y160.323
;TYPE:FILL
G1 F826.9 X60.962 Y149.552 E48.82278
G0 F12000 X58.076 Y153.572
G1 F826.9 X61.716 Y157.212 E48.92551
G0 F12000 X61.716 Y156.777
G1 F826.9 X58.076 Y157.752 E49.00071
G0 F12000 X58.208 Y157.752
;MESH:NONMESH
G0 F300 X58.208 Y157.752 Z1.2
G0 F12000 X61.796 Y163.472
;TIME_ELAPSED:147.757168
;LAYER:9
;note -- min layer time used
;TYPE:WALL-INNER
;MESH:MotorMount_v3.stl
G1 F1205.6 X61.796 Y149.472 E49.28009
G1 X57.996 Y149.472 E49.35593
G1 X57.996 Y163.472 E49.63531
G1 X61.796 Y163.472 E49.71115
G0 F12000 X62.196 Y163.872
G1 F1205.6 X62.196 Y149.072 E50.0065
G1 X57.596 Y149.072 E50.09829
G1 X57.596 Y163.872 E50.39364
G1 X62.196 Y163.872 E50.48544
G0 F12000 X62.596 Y164.272
;TYPE:WALL-OUTER
G1 F1205.6 X62.596 Y148.672 E50.79676
G1 X57.196 Y148.672 E50.90452
G1 X57.196 Y164.272 E51.21583
G1 X62.596 Y164.272 E51.3236
G0 F12000 X62.318 Y163.994
G0 X61.2 Y163.272
;TYPE:FILL
G1 F1205.6 X61.2 Y157.003 E51.4487
G0 F12000 X60.8 Y157.11
G1 F1205.6 X60.8 Y163.272 E51.57167
G0 F12000 X60.4 Y163.272
G1 F1205.6 X60.4 Y157.217 E51.69251
G0 F12000 X59.6 Y157.432
G1 F1205.6 X59.6 Y163.272 E51.80905
G0 F12000 X59.2 Y163.272
G1 F1205.6 X59.2 Y157.539 E51.92346
G0 F12000 X58.8 Y157.646
G1 F1205.6 X58.8 Y163.272 E52.03573
G0 F12000 X58.076 Y159.995
G1 F1205.6 X58.8 Y157.293 E52.09155
G0 F12000 X58.076 Y157.84
G1 F1205.6 X61.716 Y156.865 E52.16675
G0 F12000 X61.716 Y157.092
G1 F1205.6 X58.8 Y154.177 E52.24904
G0 F12000 X58.225 Y153.6
G1 F1205.6 X58.8 Y154.177 E52.26529
G1 X58.8 Y157.293 E52.32748
G1 X59.79 Y153.6 E52.40378
G1 X58.225 Y153.6 E52.43501
G1 X58.076 Y153.452 E52.4392
G0 F12000 X58.196 Y153.2
G1 F1205.6 X59.897 Y153.2 E52.47314
G0 F12000 X59.79 Y153.6
G1 F1205.6 X60.875 Y149.551 E52.5568
G0 F12000 X61.2 Y149.672
G1 F1205.6 X61.2 Y156.575 E52.69455
G0 F12000 X60.004 Y152.8
G1 F1205.6 X58.196 Y152.8 E52.73063
G0 F12000 X58.196 Y152
G1 F1205.6 X60.218 Y152 E52.77098
G0 F12000 X60.325 Y151.6
G1 F1205.6 X58.196 Y151.6 E52.81347
G0 F12000 X58.196 Y150.8
G1 F1205.6 X60.539 Y150.8 E52.86023
G0 F12000 X60.647 Y150.4
G1 F1205.6 X58.196 Y150.4 E52.90914
G0 F12000 X58.196 Y150
G1 F1205.6 X60.754 Y150 E52.96019
;MESH:NONMESH
G0 F300 X60.754 Y150 Z1.32
G0 F12000 X61.796 Y163.472
;TIME_ELAPSED:159.980459
;LAYER:10
;note -- min layer time used
;TYPE:WALL-INNER
;MESH:MotorMount_v3.stl
G1 F1437.9 X61.796 Y149.472 E53.23957
G1 X57.996 Y149.472 E53.31541
G1 X57.996 Y163.472 E53.59479
G1 X61.796 Y163.472 E53.67062
G0 F12000 X62.196 Y163.872
G1 F1437.9 X62.196 Y149.072 E53.96597
G1 X57.596 Y149.072 E54.05777
G1 X57.596 Y163.872 E54.35312
G1 X62.196 Y163.872 E54.44492
G0 F12000 X62.596 Y164.272
;TYPE:WALL-OUTER
G1 F1437.9 X62.596 Y148.672 E54.75624
G1 X57.196 Y148.672 E54.864
G1 X57.196 Y164.272 E55.17531
G1 X62.596 Y164.272 E55.28308
G0 F12000 X62.318 Y163.994
G0 X61.696 Y163.112
G0 X61.436 Y163.112
;TYPE:SKIN
G1 F1437.9 X58.356 Y163.112 E55.34454
G1 X58.356 Y149.832 E55.60956
G1 X61.436 Y149.832 E55.67102
G1 X61.436 Y163.112 E55.93604
G0 F12000 X61.696 Y163.112
G0 X58.168 Y163.3
G0 X58.096 Y162.642
G0 X58.556 Y162.642
G1 F1437.9 X58.826 Y162.912 E55.94366
G0 F12000 X59.392 Y162.912
G1 F1437.9 X58.556 Y162.077 E55.96724
G0 F12000 X58.556 Y161.511
G1 F1437.9 X59.958 Y162.912 E56.00679
G0 F12000 X60.523 Y162.912
G1 F1437.9 X58.556 Y160.945 E56.0623
G0 F12000 X58.556 Y160.38
G1 F1437.9 X61.089 Y162.912 E56.13378
G0 F12000 X61.236 Y162.494
G1 F1437.9 X58.556 Y159.814 E56.20941
G0 F12000 X58.556 Y159.248
G1 F1437.9 X61.236 Y161.928 E56.28505
G0 F12000 X61.236 Y161.362
G1 F1437.9 X58.556 Y158.683 E56.36067
G0 F12000 X58.556 Y158.117
G1 F1437.9 X61.236 Y160.797 E56.4363
G0 F12000 X61.236 Y160.231
G1 F1437.9 X58.556 Y157.551 E56.51194
G0 F12000 X58.556 Y156.985
G1 F1437.9 X61.236 Y159.665 E56.58758
G0 F12000 X61.236 Y159.1
G1 F1437.9 X58.556 Y156.42 E56.66321
G0 F12000 X58.556 Y155.854
G1 F1437.9 X61.236 Y158.534 E56.73885
G0 F12000 X61.236 Y157.968
G1 F1437.9 X58.556 Y155.288 E56.81448
G0 F12000 X58.556 Y154.723
G1 F1437.9 X61.236 Y157.403 E56.89012
G0 F12000 X61.236 Y156.837
G1 F1437.9 X58.556 Y154.157 E56.96575
G0 F12000 X58.556 Y153.591
G1 F1437.9 X61.236 Y156.271 E57.04139
G0 F12000 X61.236 Y155.706
G1 F1437.9 X58.556 Y153.026 E57.11702
G0 F12000 X58.556 Y152.46
G1 F1437.9 X61.236 Y155.14 E57.19266
G0 F12000 X61.236 Y154.574
G1 F1437.9 X58.556 Y151.894 E57.26829
G0 F12000 X58.556 Y151.329
G1 F1437.9 X61.236 Y154.009 E57.34393
G0 F12000 X61.236 Y153.443
G1 F1437.9 X58.556 Y150.763 E57.41957
G0 F12000 X58.556 Y150.197
G1 F1437.9 X61.236 Y152.877 E57.4952
G0 F12000 X61.236 Y152.312
G1 F1437.9 X58.956 Y150.032 E57.55955
G0 F12000 X59.522 Y150.032
G1 F1437.9 X61.236 Y151.746 E57.60792
G0 F12000 X61.236 Y151.18
G1 F1437.9 X60.088 Y150.032 E57.64032
G0 F12000 X60.653 Y150.032
G1 F1437.9 X61.236 Y150.614 E57.65676
;MESH:NONMESH
G0 F300 X61.236 Y150.614 Z1.44
G0 F12000 X61.696 Y150.614
G0 X61.796 Y163.472
;TIME_ELAPSED:173.187916
;LAYER:11
;note -- min layer time used
;TYPE:WALL-INNER
;MESH:MotorMount_v3.stl
G1 F1434.6 X61.796 Y149.472 E57.93614
G1 X57.996 Y149.472 E58.01198
G1 X57.996 Y163.472 E58.29136
G1 X61.796 Y163.472 E58.36719
G0 F12000 X62.196 Y163.872
G1 F1434.6 X62.196 Y149.072 E58.66254
G1 X57.596 Y149.072 E58.75434
G1 X57.596 Y163.872 E59.04969
G1 X62.196 Y163.872 E59.14149
G0 F12000 X62.596 Y164.272
;TYPE:WALL-OUTER
G1 F1434.6 X62.596 Y148.672 E59.45281
G1 X57.196 Y148.672 E59.56057
G1 X57.196 Y164.272 E59.87188
G1 X62.596 Y164.272 E59.97965
G0 F12000 X62.318 Y163.994
G0 X61.696 Y163.112
G0 X61.436 Y163.112
;TYPE:SKIN
G1 F1434.6 X58.356 Y163.112 E60.04111
G1 X58.356 Y149.832 E60.30613
G1 X61.436 Y149.832 E60.36759
G1 X61.436 Y163.112 E60.63261
G0 F12000 X61.099 Y162.912
G1 F1434.6 X61.236 Y162.775 E60.63648
G0 F12000 X61.236 Y162.21
G1 F1434.6 X60.533 Y162.912 E60.6563
G0 F12000 X59.968 Y162.912
G1 F1434.6 X61.236 Y161.644 E60.69209
G0 F12000 X61.236 Y161.078
G1 F1434.6 X59.402 Y162.912 E60.74385
G0 F12000 X58.836 Y162.912
G1 F1434.6 X61.236 Y160.513 E60.81157
G0 F12000 X61.236 Y159.947
G1 F1434.6 X58.556 Y162.627 E60.8872
G0 F12000 X58.556 Y162.061
G1 F1434.6 X61.236 Y159.381 E60.96284
G0 F12000 X61.236 Y158.815
G1 F1434.6 X58.556 Y161.495 E61.03847
G0 F12000 X58.556 Y160.93
G1 F1434.6 X61.236 Y158.25 E61.11411
G0 F12000 X61.236 Y157.684
G1 F1434.6 X58.556 Y160.364 E61.18974
G0 F12000 X58.556 Y159.798
G1 F1434.6 X61.236 Y157.118 E61.26538
G0 F12000 X61.236 Y156.553
G1 F1434.6 X58.556 Y159.233 E61.34101
G0 F12000 X58.556 Y158.667
G1 F1434.6 X61.236 Y155.987 E61.41665
G0 F12000 X61.236 Y155.421
G1 F1434.6 X58.556 Y158.101 E61.49228
G0 F12000 X58.556 Y157.536
G1 F1434.6 X61.236 Y154.856 E61.56792
G0 F12000 X61.236 Y154.29
G1 F1434.6 X58.556 Y156.97 E61.64355
G0 F12000 X58.556 Y156.404
G1 F1434.6 X61.236 Y153.724 E61.71919
G0 F12000 X61.236 Y153.159
G1 F1434.6 X58.556 Y155.839 E61.79483
G0 F12000 X58.556 Y155.273
G1 F1434.6 X61.236 Y152.593 E61.87046
G0 F12000 X61.236 Y152.027
G1 F1434.6 X58.556 Y154.707 E61.9461
G0 F12000 X58.556 Y154.142
G1 F1434.6 X61.236 Y151.462 E62.02173
G0 F12000 X61.236 Y150.896
G1 F1434.6 X58.556 Y153.576 E62.09737
G0 F12000 X58.556 Y153.01
G1 F1434.6 X61.236 Y150.33 E62.173
G0 F12000 X60.969 Y150.032
G1 F1434.6 X58.556 Y152.444 E62.24109
G0 F12000 X58.556 Y151.879
G1 F1434.6 X60.403 Y150.032 E62.29322
G0 F12000 X59.837 Y150.032
G1 F1434.6 X58.556 Y151.313 E62.32937
G0 F12000 X58.556 Y150.747
G1 F1434.6 X59.272 Y150.032 E62.34956
G0 F12000 X58.706 Y150.032
G1 F1434.6 X58.556 Y150.182 E62.35379
;MESH:NONMESH
G0 F300 X58.556 Y150.182 Z1.56
G0 F12000 X58.096 Y150.182
G0 X58.168 Y163.3
G0 X61.796 Y163.472
;TIME_ELAPSED:186.393191
;LAYER:12
;note -- min layer time used
;TYPE:WALL-INNER
;MESH:MotorMount_v3.stl
G1 F1438 X61.796 Y149.472 E62.63318
G1 X57.996 Y149.472 E62.70901
G1 X57.996 Y163.472 E62.9884
G1 X61.796 Y163.472 E63.06423
G0 F12000 X62.196 Y163.872
G1 F1438 X62.196 Y149.072 E63.35958
G1 X57.596 Y149.072 E63.45138
G1 X57.596 Y163.872 E63.74673
G1 X62.196 Y163.872 E63.83853
G0 F12000 X62.596 Y164.272
;TYPE:WALL-OUTER
G1 F1438 X62.596 Y148.672 E64.14984
G1 X57.196 Y148.672 E64.2576
G1 X57.196 Y164.272 E64.56892
G1 X62.596 Y164.272 E64.67668
G0 F12000 X62.318 Y163.994
G0 X61.696 Y163.112
G0 X61.436 Y163.112
;TYPE:SKIN
G1 F1438 X58.356 Y163.112 E64.73815
G1 X58.356 Y149.832 E65.00316
G1 X61.436 Y149.832 E65.06463
G1 X61.436 Y163.112 E65.32964
G0 F12000 X61.696 Y163.112
G0 X58.168 Y163.3
G0 X58.096 Y162.642
G0 X58.556 Y162.642
G1 F1438 X58.826 Y162.912 E65.33726
G0 F12000 X59.392 Y162.912
G1 F1438 X58.556 Y162.077 E65.36084
G0 F12000 X58.556 Y161.511
G1 F1438 X59.958 Y162.912 E65.4004
G0 F12000 X60.523 Y162.912
G1 F1438 X58.556 Y160.945 E65.45591
G0 F12000 X58.556 Y160.38
G1 F1438 X61.089 Y162.912 E65.52738
G0 F12000 X61.236 Y162.494
G1 F1438 X58.556 Y159.814 E65.60302
G0 F12000 X58.556 Y159.248
G1 F1438 X61.236 Y161.928 E65.67865
G0 F12000 X61.236 Y161.362
G1 F1438 X58.556 Y158.683 E65.75428
G0 F12000 X58.556 Y158.117
G1 F1438 X61.236 Y160.797 E65.82991
G0 F12000 X61.236 Y160.231
G1 F1438 X58.556 Y157.551 E65.90555
G0 F12000 X58.556 Y156.985
G1 F1438 X61.236 Y159.665 E65.98118
G0 F12000 X61.236 Y159.1
G1 F1438 X58.556 Y156.42 E66.05682
G0 F12000 X58.556 Y155.854
G1 F1438 X61.236 Y158.534 E66.13245
G0 F12000 X61.236 Y157.968
G1 F1438 X58.556 Y155.288 E66.20809
G0 F12000 X58.556 Y154.723
G1 F1438 X61.236 Y157.403 E66.28372
G0 F12000 X61.236 Y156.837
G1 F1438 X58.556 Y154.157 E66.35936
G0 F12000 X58.556 Y153.591
G1 F1438 X61.236 Y156.271 E66.43499
G0 F12000 X61.236 Y155.706
G1 F1438 X58.556 Y153.026 E66.51063
G0 F12000 X58.556 Y152.46
G1 F1438 X61.236 Y155.14 E66.58626
G0 F12000 X61.236 Y154.574
G1 F1438 X58.556 Y151.894 E66.6619
G0 F12000 X58.556 Y151.329
G1 F1438 X61.236 Y154.009 E66.73754
G0 F12000 X61.236 Y153.443
G1 F1438 X58.556 Y150.763 E66.81317
G0 F12000 X58.556 Y150.197
G1 F1438 X61.236 Y152.877 E66.88881
G0 F12000 X61.236 Y152.312
G1 F1438 X58.956 Y150.032 E66.95315
G0 F12000 X59.522 Y150.032
G1 F1438 X61.236 Y151.746 E67.00153
G0 F12000 X61.236 Y151.18
G1 F1438 X60.088 Y150.032 E67.03392
G0 F12000 X60.653 Y150.032
G1 F1438 X61.236 Y150.614 E67.05036
;MESH:NONMESH
G0 F300 X61.236 Y150.614 Z1.68
G0 F12000 X61.696 Y150.614
G0 X61.796 Y163.472
;TIME_ELAPSED:199.599958
;LAYER:13
;note -- min layer time used
;TYPE:WALL-INNER
;MESH:MotorMount_v3.stl
G1 F1434.6 X61.796 Y149.472 E67.32975
G1 X57.996 Y149.472 E67.40558
G1 X57.996 Y163.472 E67.68497
G1 X61.796 Y163.472 E67.7608
G0 F12000 X62.196 Y163.872
G1 F1434.6 X62.196 Y149.072 E68.05615
G1 X57.596 Y149.072 E68.14795
G1 X57.596 Y163.872 E68.4433
G1 X62.196 Y163.872 E68.5351
G0 F12000 X62.596 Y164.272
;TYPE:WALL-OUTER
G1 F1434.6 X62.596 Y148.672 E68.84641
G1 X57.196 Y148.672 E68.95417
G1 X57.196 Y164.272 E69.26549
G1 X62.596 Y164.272 E69.37325
G0 F12000 X62.318 Y163.994
G0 X61.696 Y163.112
G0 X61.436 Y163.112
;TYPE:SKIN
G1 F1434.6 X58.356 Y163.112 E69.43472
G1 X58.356 Y149.832 E69.69973
G1 X61.436 Y149.832 E69.7612
G1 X61.436 Y163.112 E70.02621
G0 F12000 X61.099 Y162.912
G1 F1434.6 X61.236 Y162.775 E70.03008
G0 F12000 X61.236 Y162.21
G1 F1434.6 X60.533 Y162.912 E70.04991
G0 F12000 X59.968 Y162.912
G1 F1434.6 X61.236 Y161.644 E70.08569
G0 F12000 X61.236 Y161.078
G1 F1434.6 X59.402 Y162.912 E70.13745
G0 F12000 X58.836 Y162.912
G1 F1434.6 X61.236 Y160.513 E70.20517
G0 F12000 X61.236 Y159.947
G1 F1434.6 X58.556 Y162.627 E70.28081
G0 F12000 X58.556 Y162.061
G1 F1434.6 X61.236 Y159.381 E70.35644
G0 F12000 X61.236 Y158.815
G1 F1434.6 X58.556 Y161.495 E70.43208
G0 F12000 X58.556 Y160.93
G1 F1434.6 X61.236 Y158.25 E70.50771
G0 F12000 X61.236 Y157.684
G1 F1434.6 X58.556 Y160.364 E70.58335
G0 F12000 X58.556 Y159.798
G1 F1434.6 X61.236 Y157.118 E70.65898
G0 F12000 X61.236 Y156.553
G1 F1434.6 X58.556 Y159.233 E70.73462
G0 F12000 X58.556 Y158.667
G1 F1434.6 X61.236 Y155.987 E70.81025
G0 F12000 X61.236 Y155.421
G1 F1434.6 X58.556 Y158.101 E70.88589
G0 F12000 X58.556 Y157.536
G1 F1434.6 X61.236 Y154.856 E70.96153
G0 F12000 X61.236 Y154.29
G1 F1434.6 X58.556 Y156.97 E71.03716
G0 F12000 X58.556 Y156.404
G1 F1434.6 X61.236 Y153.724 E71.1128
G0 F12000 X61.236 Y153.159
G1 F1434.6 X58.556 Y155.839 E71.18843
G0 F12000 X58.556 Y155.273
G1 F1434.6 X61.236 Y152.593 E71.26407
G0 F12000 X61.236 Y152.027
G1 F1434.6 X58.556 Y154.707 E71.3397
G0 F12000 X58.556 Y154.142
G1 F1434.6 X61.236 Y151.462 E71.41534
G0 F12000 X61.236 Y150.896
G1 F1434.6 X58.556 Y153.576 E71.49097
G0 F12000 X58.556 Y153.01
G1 F1434.6 X61.236 Y150.33 E71.56661
G0 F12000 X60.969 Y150.032
G1 F1434.6 X58.556 Y152.444 E71.63469
G0 F12000 X58.556 Y151.879
G1 F1434.6 X60.403 Y150.032 E71.68682
G0 F12000 X59.837 Y150.032
G1 F1434.6 X58.556 Y151.313 E71.72297
G0 F12000 X58.556 Y150.747
G1 F1434.6 X59.272 Y150.032 E71.74317
G0 F12000 X58.706 Y150.032
G1 F1434.6 X58.556 Y150.182 E71.7474
;MESH:NONMESH
G0 F300 X58.556 Y150.182 Z1.8
G0 F12000 X58.096 Y150.182
G0 X58.168 Y163.3
G0 X61.796 Y163.472
;TIME_ELAPSED:212.805233
;LAYER:14
;note -- min layer time used
;TYPE:WALL-INNER
;MESH:MotorMount_v3.stl
G1 F1438 X61.796 Y149.472 E72.02678
G1 X57.996 Y149.472 E72.10262
G1 X57.996 Y163.472 E72.382
G1 X61.796 Y163.472 E72.45784
G0 F12000 X62.196 Y163.872
G1 F1438 X62.196 Y149.072 E72.75319
G1 X57.596 Y149.072 E72.84498
G1 X57.596 Y163.872 E73.14033
G1 X62.196 Y163.872 E73.23213
G0 F12000 X62.596 Y164.272
;TYPE:WALL-OUTER
G1 F1438 X62.596 Y148.672 E73.54345
G1 X57.196 Y148.672 E73.65121
G1 X57.196 Y164.272 E73.96252
G1 X62.596 Y164.272 E74.07029
G0 F12000 X62.318 Y163.994
G0 X61.696 Y163.112
G0 X61.436 Y163.112
;TYPE:SKIN
G1 F1438 X58.356 Y163.112 E74.13175
G1 X58.356 Y149.832 E74.39677
G1 X61.436 Y149.832 E74.45823
G1 X61.436 Y163.112 E74.72325
G0 F12000 X61.696 Y163.112
G0 X58.168 Y163.3
G0 X58.096 Y162.642
G0 X58.556 Y162.642
G1 F1438 X58.826 Y162.912 E74.73087
G0 F12000 X59.392 Y162.912
G1 F1438 X58.556 Y162.077 E74.75445
G0 F12000 X58.556 Y161.511
G1 F1438 X59.958 Y162.912 E74.794
G0 F12000 X60.523 Y162.912
G1 F1438 X58.556 Y160.945 E74.84952
G0 F12000 X58.556 Y160.38
G1 F1438 X61.089 Y162.912 E74.92099
G0 F12000 X61.236 Y162.494
G1 F1438 X58.556 Y159.814 E74.99662
G0 F12000 X58.556 Y159.248
G1 F1438 X61.236 Y161.928 E75.07226
G0 F12000 X61.236 Y161.362
G1 F1438 X58.556 Y158.683 E75.14788
G0 F12000 X58.556 Y158.117
G1 F1438 X61.236 Y160.797 E75.22352
G0 F12000 X61.236 Y160.231
G1 F1438 X58.556 Y157.551 E75.29915
G0 F12000 X58.556 Y156.985
G1 F1438 X61.236 Y159.665 E75.37479
G0 F12000 X61.236 Y159.1
G1 F1438 X58.556 Y156.42 E75.45042
G0 F12000 X58.556 Y155.854
G1 F1438 X61.236 Y158.534 E75.52606
G0 F12000 X61.236 Y157.968
G1 F1438 X58.556 Y155.288 E75.60169
G0 F12000 X58.556 Y154.723
G1 F1438 X61.236 Y157.403 E75.67733
G0 F12000 X61.236 Y156.837
G1 F1438 X58.556 Y154.157 E75.75296
G0 F12000 X58.556 Y153.591
G1 F1438 X61.236 Y156.271 E75.8286
G0 F12000 X61.236 Y155.706
G1 F1438 X58.556 Y153.026 E75.90423
G0 F12000 X58.556 Y152.46
G1 F1438 X61.236 Y155.14 E75.97987
G0 F12000 X61.236 Y154.574
G1 F1438 X58.556 Y151.894 E76.05551
G0 F12000 X58.556 Y151.329
G1 F1438 X61.236 Y154.009 E76.13114
G0 F12000 X61.236 Y153.443
G1 F1438 X58.556 Y150.763 E76.20678
G0 F12000 X58.556 Y150.197
G1 F1438 X61.236 Y152.877 E76.28241
G0 F12000 X61.236 Y152.312
G1 F1438 X58.956 Y150.032 E76.34676
G0 F12000 X59.522 Y150.032
G1 F1438 X61.236 Y151.746 E76.39513
G0 F12000 X61.236 Y151.18
G1 F1438 X60.088 Y150.032 E76.42753
G0 F12000 X60.653 Y150.032
G1 F1438 X61.236 Y150.614 E76.44397
;MESH:NONMESH
G0 F300 X61.236 Y150.614 Z1.92
G0 F12000 X61.696 Y150.614
G0 X61.796 Y163.472
;TIME_ELAPSED:226.011999
;LAYER:15
;note -- min layer time used
;TYPE:WALL-INNER
;MESH:MotorMount_v3.stl
G1 F1434.6 X61.796 Y149.472 E76.72335
G1 X57.996 Y149.472 E76.79919
G1 X57.996 Y163.472 E77.07857
G1 X61.796 Y163.472 E77.15441
G0 F12000 X62.196 Y163.872
G1 F1434.6 X62.196 Y149.072 E77.44976
G1 X57.596 Y149.072 E77.54155
G1 X57.596 Y163.872 E77.8369
G1 X62.196 Y163.872 E77.9287
G0 F12000 X62.596 Y164.272
;TYPE:WALL-OUTER
G1 F1434.6 X62.596 Y148.672 E78.24002
G1 X57.196 Y148.672 E78.34778
G1 X57.196 Y164.272 E78.65909
G1 X62.596 Y164.272 E78.76686
G0 F12000 X62.318 Y163.994
G0 X61.696 Y163.112
G0 X61.436 Y163.112
;TYPE:SKIN
G1 F1434.6 X58.356 Y163.112 E78.82832
G1 X58.356 Y149.832 E79.09334
G1 X61.436 Y149.832 E79.1548
G1 X61.436 Y163.112 E79.41982
G0 F12000 X61.099 Y162.912
G1 F1434.6 X61.236 Y162.775 E79.42369
G0 F12000 X61.236 Y162.21
G1 F1434.6 X60.533 Y162.912 E79.44351
G0 F12000 X59.968 Y162.912
G1 F1434.6 X61.236 Y161.644 E79.4793
G0 F12000 X61.236 Y161.078
G1 F1434.6 X59.402 Y162.912 E79.53106
G0 F12000 X58.836 Y162.912
G1 F1434.6 X61.236 Y160.513 E79.59878
G0 F12000 X61.236 Y159.947
G1 F1434.6 X58.556 Y162.627 E79.67441
G0 F12000 X58.556 Y162.061
G1 F1434.6 X61.236 Y159.381 E79.75005
G0 F12000 X61.236 Y158.815
G1 F1434.6 X58.556 Y161.495 E79.82568
G0 F12000 X58.556 Y160.93
G1 F1434.6 X61.236 Y158.25 E79.90132
G0 F12000 X61.236 Y157.684
G1 F1434.6 X58.556 Y160.364 E79.97695
G0 F12000 X58.556 Y159.798
G1 F1434.6 X61.236 Y157.118 E80.05259
G0 F12000 X61.236 Y156.553
G1 F1434.6 X58.556 Y159.233 E80.12822
G0 F12000 X58.556 Y158.667
G1 F1434.6 X61.236 Y155.987 E80.20386
G0 F12000 X61.236 Y155.421
G1 F1434.6 X58.556 Y158.101 E80.2795
G0 F12000 X58.556 Y157.536
G1 F1434.6 X61.236 Y154.856 E80.35513
G0 F12000 X61.236 Y154.29
G1 F1434.6 X58.556 Y156.97 E80.43077
G0 F12000 X58.556 Y156.404
G1 F1434.6 X61.236 Y153.724 E80.5064
G0 F12000 X61.236 Y153.159
G1 F1434.6 X58.556 Y155.839 E80.58204
G0 F12000 X58.556 Y155.273
G1 F1434.6 X61.236 Y152.593 E80.65767
G0 F12000 X61.236 Y152.027
G1 F1434.6 X58.556 Y154.707 E80.73331
G0 F12000 X58.556 Y154.142
G1 F1434.6 X61.236 Y151.462 E80.80894
G0 F12000 X61.236 Y150.896
G1 F1434.6 X58.556 Y153.576 E80.88458
G0 F12000 X58.556 Y153.01
G1 F1434.6 X61.236 Y150.33 E80.96021
G0 F12000 X60.969 Y150.032
G1 F1434.6 X58.556 Y152.444 E81.0283
G0 F12000 X58.556 Y151.879
G1 F1434.6 X60.403 Y150.032 E81.08043
G0 F12000 X59.837 Y150.032
G1 F1434.6 X58.556 Y151.313 E81.11658
G0 F12000 X58.556 Y150.747
G1 F1434.6 X59.272 Y150.032 E81.13677
G0 F12000 X58.706 Y150.032
G1 F1434.6 X58.556 Y150.182 E81.14101
;MESH:NONMESH
G0 F300 X58.556 Y150.182 Z2.04
G0 F12000 X58.096 Y150.182
G0 X58.168 Y163.3
G0 X61.796 Y163.472
;TIME_ELAPSED:239.217274
;LAYER:16
;note -- min layer time used
;TYPE:WALL-INNER
;MESH:MotorMount_v3.stl
G1 F1438 X61.796 Y149.472 E81.42039
G1 X57.996 Y149.472 E81.49622
G1 X57.996 Y163.472 E81.77561
G1 X61.796 Y163.472 E81.85144
G0 F12000 X62.196 Y163.872
G1 F1438 X62.196 Y149.072 E82.14679
G1 X57.596 Y149.072 E82.23859
G1 X57.596 Y163.872 E82.53394
G1 X62.196 Y163.872 E82.62574
G0 F12000 X62.596 Y164.272
;TYPE:WALL-OUTER
G1 F1438 X62.596 Y148.672 E82.93705
G1 X57.196 Y148.672 E83.04482
G1 X57.196 Y164.272 E83.35613
G1 X62.596 Y164.272 E83.46389
G0 F12000 X62.318 Y163.994
G0 X61.696 Y163.112
G0 X61.436 Y163.112
;TYPE:SKIN
G1 F1438 X58.356 Y163.112 E83.52536
G1 X58.356 Y149.832 E83.79037
G1 X61.436 Y149.832 E83.85184
G1 X61.436 Y163.112 E84.11686
G0 F12000 X61.696 Y163.112
G0 X58.168 Y163.3
G0 X58.096 Y162.642
G0 X58.556 Y162.642
G1 F1438 X58.826 Y162.912 E84.12448
G0 F12000 X59.392 Y162.912
G1 F1438 X58.556 Y162.077 E84.14806
G0 F12000 X58.556 Y161.511
G1 F1438 X59.958 Y162.912 E84.18761
G0 F12000 X60.523 Y162.912
G1 F1438 X58.556 Y160.945 E84.24312
G0 F12000 X58.556 Y160.38
G1 F1438 X61.089 Y162.912 E84.31459
G0 F12000 X61.236 Y162.494
G1 F1438 X58.556 Y159.814 E84.39023
G0 F12000 X58.556 Y159.248
G1 F1438 X61.236 Y161.928 E84.46587
G0 F12000 X61.236 Y161.362
G1 F1438 X58.556 Y158.683 E84.54149
G0 F12000 X58.556 Y158.117
G1 F1438 X61.236 Y160.797 E84.61712
G0 F12000 X61.236 Y160.231
G1 F1438 X58.556 Y157.551 E84.69276
G0 F12000 X58.556 Y156.985
G1 F1438 X61.236 Y159.665 E84.76839
G0 F12000 X61.236 Y159.1
G1 F1438 X58.556 Y156.42 E84.84403
G0 F12000 X58.556 Y155.854
G1 F1438 X61.236 Y158.534 E84.91966
G0 F12000 X61.236 Y157.968
G1 F1438 X58.556 Y155.288 E84.9953
G0 F12000 X58.556 Y154.723
G1 F1438 X61.236 Y157.403 E85.07093
G0 F12000 X61.236 Y156.837
G1 F1438 X58.556 Y154.157 E85.14657
G0 F12000 X58.556 Y153.591
G1 F1438 X61.236 Y156.271 E85.22221
G0 F12000 X61.236 Y155.706
G1 F1438 X58.556 Y153.026 E85.29784
G0 F12000 X58.556 Y152.46
G1 F1438 X61.236 Y155.14 E85.37348
G0 F12000 X61.236 Y154.574
G1 F1438 X58.556 Y151.894 E85.44911
G0 F12000 X58.556 Y151.329
G1 F1438 X61.236 Y154.009 E85.52475
G0 F12000 X61.236 Y153.443
G1 F1438 X58.556 Y150.763 E85.60038
G0 F12000 X58.556 Y150.197
G1 F1438 X61.236 Y152.877 E85.67602
G0 F12000 X61.236 Y152.312
G1 F1438 X58.956 Y150.032 E85.74036
G0 F12000 X59.522 Y150.032
G1 F1438 X61.236 Y151.746 E85.78874
G0 F12000 X61.236 Y151.18
G1 F1438 X60.088 Y150.032 E85.82114
G0 F12000 X60.653 Y150.032
G1 F1438 X61.236 Y150.614 E85.83758
;MESH:NONMESH
G0 F300 X61.236 Y150.614 Z2.16
G0 F12000 X61.696 Y150.614
G0 X61.624 Y149.644
G0 X57.996 Y149.472
;TIME_ELAPSED:252.337955
;LAYER:17
;note -- min layer time used
;TYPE:WALL-INNER
;MESH:MotorMount_v3.stl
G1 F721.9 X60.796 Y149.472 E85.89345
G0 F12000 X61.493 Y149.775
G1 F748.1 X61.796 Y150.472 E85.90809
G1 X61.81 Y149.458 E85.92762
G1 X60.796 Y149.472 E85.94715
G1 X61.493 Y149.775 E85.96178
G0 F12000 X61.796 Y150.472
G1 F721.9 X61.796 Y162.472 E86.20126
G1 F709.5 X61.789 Y162.646 E86.20479
G0 F12000 X61.493 Y163.169
G1 F732.9 X60.97 Y163.465 E86.2166
G1 X61.81 Y163.486 E86.23312
G1 F734.8 X61.789 Y162.646 E86.2496
G1 X61.493 Y163.169 E86.26138
G0 F12000 X60.97 Y163.465
G1 F707.8 X60.796 Y163.472 E86.26492
G1 F721.9 X57.996 Y163.472 E86.3208
G0 F12000 X61.636 Y163.312
G0 X61.708 Y162.896
G0 X61.22 Y162.896
G1 F721.9 X60.885 Y163.072 E86.32835
G1 X57.596 Y163.072 E86.39399
G1 X57.596 Y163.872 E86.40995
G1 X62.196 Y163.872 E86.50175
G1 X62.196 Y149.072 E86.7971
G1 X57.596 Y149.072 E86.8889
G1 X57.596 Y149.872 E86.90486
G1 X60.796 Y149.872 E86.96872
G1 X61.22 Y150.048 E86.97788
G1 X61.396 Y150.472 E86.98705
G1 X61.396 Y162.561 E87.22829
G1 X61.22 Y162.896 E87.23585
G0 F12000 X60.994 Y162.507
;TYPE:WALL-OUTER
G1 F721.9 X60.938 Y162.614 E87.23826
G1 X60.831 Y162.67 E87.24067
G1 X57.196 Y162.672 E87.31321
G1 X57.196 Y164.272 E87.34514
G1 X62.596 Y164.272 E87.4529
G1 X62.596 Y148.672 E87.76421
G1 X57.196 Y148.672 E87.87198
G1 X57.196 Y150.272 E87.90391
G1 X60.796 Y150.272 E87.97575
G1 X60.938 Y150.33 E87.97881
G1 X60.996 Y150.472 E87.98187
G1 X60.994 Y162.507 E88.22204
;MESH:NONMESH
G0 F300 X60.994 Y162.507 Z2.28
G0 F12000 X61.308 Y162.507
G0 X61.236 Y150.036
G0 X57.996 Y149.472
;TIME_ELAPSED:263.455904
;LAYER:18
;note -- min layer time used
;TYPE:WALL-INNER
;MESH:MotorMount_v3.stl
G1 F725.6 X60.796 Y149.472 E88.27792
G0 F12000 X61.493 Y149.775
G1 F751.9 X61.796 Y150.472 E88.29256
G1 X61.81 Y149.458 E88.31208
G1 X60.796 Y149.472 E88.33161
G1 X61.493 Y149.775 E88.34625
G0 F12000 X61.796 Y150.472
G1 F725.6 X61.796 Y162.472 E88.58572
G1 F713.1 X61.789 Y162.646 E88.58926
G0 F12000 X61.493 Y163.169
G1 F736.6 X60.97 Y163.465 E88.60107
G1 X61.81 Y163.486 E88.61759
G1 F738.5 X61.789 Y162.646 E88.63406
G1 X61.493 Y163.169 E88.64585
G0 F12000 X60.97 Y163.465
G1 F711.3 X60.796 Y163.472 E88.64939
G1 F725.6 X57.996 Y163.472 E88.70527
G0 F12000 X61.636 Y163.312
G0 X61.708 Y162.896
G0 X61.22 Y162.896
G1 F725.6 X60.885 Y163.072 E88.71282
G1 X57.596 Y163.072 E88.77846
G1 X57.596 Y163.872 E88.79442
G1 X62.196 Y163.872 E88.88622
G1 X62.196 Y149.072 E89.18157
G1 X57.596 Y149.072 E89.27337
G1 X57.596 Y149.872 E89.28933
G1 X60.796 Y149.872 E89.35319
G1 X61.22 Y150.048 E89.36235
G1 X61.396 Y150.472 E89.37151
G1 X61.396 Y162.561 E89.61276
G1 X61.22 Y162.896 E89.62031
G0 F12000 X60.994 Y162.507
;TYPE:WALL-OUTER
G1 F725.6 X60.938 Y162.614 E89.62272
G1 X60.831 Y162.67 E89.62513
G1 X57.196 Y162.672 E89.69767
G1 X57.196 Y164.272 E89.7296
G1 X62.596 Y164.272 E89.83737
G1 X62.596 Y148.672 E90.14868
G1 X57.196 Y148.672 E90.25644
G1 X57.196 Y150.272 E90.28837
G1 X60.796 Y150.272 E90.36022
G1 X60.938 Y150.33 E90.36328
G1 X60.996 Y150.472 E90.36634
G1 X60.994 Y162.507 E90.60651
;MESH:NONMESH
G0 F300 X60.994 Y162.507 Z2.4
G0 F12000 X61.308 Y162.507
G0 X61.236 Y150.036
G0 X57.996 Y149.472
;TIME_ELAPSED:274.526254
;LAYER:19
;note -- min layer time used
;TYPE:WALL-INNER
;MESH:MotorMount_v3.stl
G1 F725.6 X60.796 Y149.472 E90.66239
G0 F12000 X61.493 Y149.775
G1 F751.9 X61.796 Y150.472 E90.67702
G1 X61.81 Y149.458 E90.69655
G1 X60.796 Y149.472 E90.71608
G1 X61.493 Y149.775 E90.73072
G0 F12000 X61.796 Y150.472
G1 F725.6 X61.796 Y162.472 E90.97019
G1 F713.1 X61.789 Y162.646 E90.97373
G0 F12000 X61.493 Y163.169
G1 F736.6 X60.97 Y163.465 E90.98554
G1 X61.81 Y163.486 E91.00206
G1 F738.5 X61.789 Y162.646 E91.01853
G1 X61.493 Y163.169 E91.03031
G0 F12000 X60.97 Y163.465
G1 F711.3 X60.796 Y163.472 E91.03386
G1 F725.6 X57.996 Y163.472 E91.08973
G0 F12000 X61.636 Y163.312
G0 X61.708 Y162.896
G0 X61.22 Y162.896
G1 F725.6 X60.885 Y163.072 E91.09729
G1 X57.596 Y163.072 E91.16292
G1 X57.596 Y163.872 E91.17889
G1 X62.196 Y163.872 E91.27069
G1 X62.196 Y149.072 E91.56604
G1 X57.596 Y149.072 E91.65783
G1 X57.596 Y149.872 E91.6738
G1 X60.796 Y149.872 E91.73766
G1 X61.22 Y150.048 E91.74682
G1 X61.396 Y150.472 E91.75598
G1 X61.396 Y162.561 E91.99723
G1 X61.22 Y162.896 E92.00478
G0 F12000 X60.994 Y162.507
;TYPE:WALL-OUTER
G1 F725.6 X60.938 Y162.614 E92.00719
G1 X60.831 Y162.67 E92.0096
G1 X57.196 Y162.672 E92.08214
G1 X57.196 Y164.272 E92.11407
G1 X62.596 Y164.272 E92.22183
G1 X62.596 Y148.672 E92.53315
G1 X57.196 Y148.672 E92.64091
G1 X57.196 Y150.272 E92.67284
G1 X60.796 Y150.272 E92.74468
G1 X60.938 Y150.33 E92.74774
G1 X60.996 Y150.472 E92.75081
G1 X60.994 Y162.507 E92.99098
;MESH:NONMESH
G0 F300 X60.994 Y162.507 Z2.52
G0 F12000 X61.308 Y162.507
G0 X61.236 Y150.036
G0 X57.996 Y149.472
;TIME_ELAPSED:285.596603
;LAYER:20
;note -- min layer time used
;TYPE:WALL-INNER
;MESH:MotorMount_v3.stl
G1 F725.6 X60.796 Y149.472 E93.04685
G0 F12000 X61.493 Y149.775
G1 F751.9 X61.796 Y150.472 E93.06149
G1 X61.81 Y149.458 E93.08102
G1 X60.796 Y149.472 E93.10055
G1 X61.493 Y149.775 E93.11518
G0 F12000 X61.796 Y150.472
G1 F725.6 X61.796 Y162.472 E93.35466
G1 F713.1 X61.789 Y162.646 E93.35819
G0 F12000 X61.493 Y163.169
G1 F736.6 X60.97 Y163.465 E93.37001
G1 X61.81 Y163.486 E93.38652
G1 F738.5 X61.789 Y162.646 E93.403
G1 X61.493 Y163.169 E93.41478
G0 F12000 X60.97 Y163.465
G1 F711.3 X60.796 Y163.472 E93.41832
G1 F725.6 X57.996 Y163.472 E93.4742
G0 F12000 X61.636 Y163.312
G0 X61.708 Y162.896
G0 X61.22 Y162.896
G1 F725.6 X60.885 Y163.072 E93.48175
G1 X57.596 Y163.072 E93.54739
G1 X57.596 Y163.872 E93.56335
G1 X62.196 Y163.872 E93.65515
G1 X62.196 Y149.072 E93.9505
G1 X57.596 Y149.072 E94.0423
G1 X57.596 Y149.872 E94.05826
G1 X60.796 Y149.872 E94.12212
G1 X61.22 Y150.048 E94.13129
G1 X61.396 Y150.472 E94.14045
G1 X61.396 Y162.561 E94.3817
G1 X61.22 Y162.896 E94.38925
G0 F12000 X60.994 Y162.507
;TYPE:WALL-OUTER
G1 F725.6 X60.938 Y162.614 E94.39166
G1 X60.831 Y162.67 E94.39407
G1 X57.196 Y162.672 E94.46661
G1 X57.196 Y164.272 E94.49854
G1 X62.596 Y164.272 E94.6063
G1 X62.596 Y148.672 E94.91762
G1 X57.196 Y148.672 E95.02538
G1 X57.196 Y150.272 E95.05731
G1 X60.796 Y150.272 E95.12915
G1 X60.938 Y150.33 E95.13221
G1 X60.996 Y150.472 E95.13527
G1 X60.994 Y162.507 E95.37544
;MESH:NONMESH
G0 F300 X60.994 Y162.507 Z2.64
G0 F12000 X61.308 Y162.507
G0 X61.236 Y150.036
G0 X57.996 Y149.472
;TIME_ELAPSED:296.666952
;LAYER:21
;note -- min layer time used
;TYPE:WALL-INNER
;MESH:MotorMount_v3.stl
G1 F725.6 X60.796 Y149.472 E95.43132
G0 F12000 X61.493 Y149.775
G1 F751.9 X61.796 Y150.472 E95.44596
G1 X61.81 Y149.458 E95.46549
G1 X60.796 Y149.472 E95.48502
G1 X61.493 Y149.775 E95.49965
G0 F12000 X61.796 Y150.472
G1 F725.6 X61.796 Y162.472 E95.73912
G1 F713.1 X61.789 Y162.646 E95.74266
G0 F12000 X61.493 Y163.169
G1 F736.6 X60.97 Y163.465 E95.75447
G1 X61.81 Y163.486 E95.77099
G1 F738.5 X61.789 Y162.646 E95.78746
G1 X61.493 Y163.169 E95.79925
G0 F12000 X60.97 Y163.465
G1 F711.3 X60.796 Y163.472 E95.80279
G1 F725.6 X57.996 Y163.472 E95.85867
G0 F12000 X61.636 Y163.312
G0 X61.708 Y162.896
G0 X61.22 Y162.896
G1 F725.6 X60.885 Y163.072 E95.86622
G1 X57.596 Y163.072 E95.93186
G1 X57.596 Y163.872 E95.94782
G1 X62.196 Y163.872 E96.03962
G1 X62.196 Y149.072 E96.33497
G1 X57.596 Y149.072 E96.42677
G1 X57.596 Y149.872 E96.44273
G1 X60.796 Y149.872 E96.50659
G1 X61.22 Y150.048 E96.51575
G1 X61.396 Y150.472 E96.52491
G1 X61.396 Y162.561 E96.76616
G1 X61.22 Y162.896 E96.77372
G0 F12000 X60.994 Y162.507
;TYPE:WALL-OUTER
G1 F725.6 X60.938 Y162.614 E96.77613
G1 X60.831 Y162.67 E96.77854
G1 X57.196 Y162.672 E96.85108
G1 X57.196 Y164.272 E96.88301
G1 X62.596 Y164.272 E96.99077
G1 X62.596 Y148.672 E97.30208
G1 X57.196 Y148.672 E97.40985
G1 X57.196 Y150.272 E97.44178
G1 X60.796 Y150.272 E97.51362
G1 X60.938 Y150.33 E97.51668
G1 X60.996 Y150.472 E97.51974
G1 X60.994 Y162.507 E97.75991
;MESH:NONMESH
G0 F300 X60.994 Y162.507 Z2.76
G0 F12000 X61.308 Y162.507
G0 X61.236 Y150.036
G0 X57.996 Y149.472
;TIME_ELAPSED:307.737302
;LAYER:22
;note -- min layer time used
;TYPE:WALL-INNER
;MESH:MotorMount_v3.stl
G1 F725.6 X60.796 Y149.472 E97.81579
G0 F12000 X61.493 Y149.775
G1 F751.9 X61.796 Y150.472 E97.83042
G1 X61.81 Y149.458 E97.84995
G1 X60.796 Y149.472 E97.86948
G1 X61.493 Y149.775 E97.88412
G0 F12000 X61.796 Y150.472
G1 F725.6 X61.796 Y162.472 E98.12359
G1 F713.1 X61.789 Y162.646 E98.12713
G0 F12000 X61.493 Y163.169
G1 F736.6 X60.97 Y163.465 E98.13894
G1 X61.81 Y163.486 E98.15546
G1 F738.5 X61.789 Y162.646 E98.17193
G1 X61.493 Y163.169 E98.18371
G0 F12000 X60.97 Y163.465
G1 F711.3 X60.796 Y163.472 E98.18726
G1 F725.6 X57.996 Y163.472 E98.24314
G0 F12000 X61.636 Y163.312
G0 X61.708 Y162.896
G0 X61.22 Y162.896
G1 F725.6 X60.885 Y163.072 E98.25069
G1 X57.596 Y163.072 E98.31632
G1 X57.596 Y163.872 E98.33229
G1 X62.196 Y163.872 E98.42409
G1 X62.196 Y149.072 E98.71944
G1 X57.596 Y149.072 E98.81123
G1 X57.596 Y149.872 E98.8272
G1 X60.796 Y149.872 E98.89106
G1 X61.22 Y150.048 E98.90022
G1 X61.396 Y150.472 E98.90938
G1 X61.396 Y162.561 E99.15063
G1 X61.22 Y162.896 E99.15818
G0 F12000 X60.994 Y162.507
;TYPE:WALL-OUTER
G1 F725.6 X60.938 Y162.614 E99.16059
G1 X60.831 Y162.67 E99.163
G1 X57.196 Y162.672 E99.23554
G1 X57.196 Y164.272 E99.26747
G1 X62.596 Y164.272 E99.37524
G1 X62.596 Y148.672 E99.68655
G1 X57.196 Y148.672 E99.79431
G1 X57.196 Y150.272 E99.82624
G1 X60.796 Y150.272 E99.89808
G1 X60.938 Y150.33 E99.90115
G1 X60.996 Y150.472 E99.90421
G1 X60.994 Y162.507 E100.14438
;MESH:NONMESH
G0 F300 X60.994 Y162.507 Z2.88
G0 F12000 X61.308 Y162.507
G0 X61.236 Y150.036
G0 X57.996 Y149.472
;TIME_ELAPSED:318.807651
;LAYER:23
;note -- min layer time used
;TYPE:WALL-INNER
;MESH:MotorMount_v3.stl
G1 F725.6 X60.796 Y149.472 E100.20026
G0 F12000 X61.493 Y149.775
G1 F751.9 X61.796 Y150.472 E100.21489
G1 X61.81 Y149.458 E100.23442
G1 X60.796 Y149.472 E100.25395
G1 X61.493 Y149.775 E100.26859
G0 F12000 X61.796 Y150.472
G1 F725.6 X61.796 Y162.472 E100.50806
G1 F713.1 X61.789 Y162.646 E100.51159
G0 F12000 X61.493 Y163.169
G1 F736.6 X60.97 Y163.465 E100.52341
G1 X61.81 Y163.486 E100.53992
G1 F738.5 X61.789 Y162.646 E100.5564
G1 X61.493 Y163.169 E100.56818
G0 F12000 X60.97 Y163.465
G1 F711.3 X60.796 Y163.472 E100.57173
G1 F725.6 X57.996 Y163.472 E100.6276
G0 F12000 X61.636 Y163.312
G0 X61.708 Y162.896
G0 X61.22 Y162.896
G1 F725.6 X60.885 Y163.072 E100.63516
G1 X57.596 Y163.072 E100.70079
G1 X57.596 Y163.872 E100.71676
G1 X62.196 Y163.872 E100.80855
G1 X62.196 Y149.072 E101.1039
G1 X57.596 Y149.072 E101.1957
G1 X57.596 Y149.872 E101.21167
G1 X60.796 Y149.872 E101.27553
G1 X61.22 Y150.048 E101.28469
G1 X61.396 Y150.472 E101.29385
G1 X61.396 Y162.561 E101.5351
G1 X61.22 Y162.896 E101.54265
G0 F12000 X60.994 Y162.507
;TYPE:WALL-OUTER
G1 F725.6 X60.938 Y162.614 E101.54506
G1 X60.831 Y162.67 E101.54747
G1 X57.196 Y162.672 E101.62001
G1 X57.196 Y164.272 E101.65194
G1 X62.596 Y164.272 E101.7597
G1 X62.596 Y148.672 E102.07102
G1 X57.196 Y148.672 E102.17878
G1 X57.196 Y150.272 E102.21071
G1 X60.796 Y150.272 E102.28255
G1 X60.938 Y150.33 E102.28561
G1 X60.996 Y150.472 E102.28867
G1 X60.994 Y162.507 E102.52885
;MESH:NONMESH
G0 F300 X60.994 Y162.507 Z3
G0 F12000 X61.308 Y162.507
G0 X61.236 Y150.036
G0 X57.996 Y149.472
;TIME_ELAPSED:329.878000
;LAYER:24
;note -- min layer time used
;TYPE:WALL-INNER
;MESH:MotorMount_v3.stl
G1 F725.6 X60.796 Y149.472 E102.58472
G0 F12000 X61.493 Y149.775
G1 F751.9 X61.796 Y150.472 E102.59936
G1 X61.81 Y149.458 E102.61889
G1 X60.796 Y149.472 E102.63842
G1 X61.493 Y149.775 E102.65305
G0 F12000 X61.796 Y150.472
G1 F725.6 X61.796 Y162.472 E102.89253
G1 F713.1 X61.789 Y162.646 E102.89606
G0 F12000 X61.493 Y163.169
G1 F736.6 X60.97 Y163.465 E102.90787
G1 X61.81 Y163.486 E102.92439
G1 F738.5 X61.789 Y162.646 E102.94087
G1 X61.493 Y163.169 E102.95265
G0 F12000 X60.97 Y163.465
G1 F711.3 X60.796 Y163.472 E102.95619
G1 F725.6 X57.996 Y163.472 E103.01207
G0 F12000 X61.636 Y163.312
G0 X61.708 Y162.896
G0 X61.22 Y162.896
G1 F725.6 X60.885 Y163.072 E103.01962
G1 X57.596 Y163.072 E103.08526
G1 X57.596 Y163.872 E103.10122
G1 X62.196 Y163.872 E103.19302
G1 X62.196 Y149.072 E103.48837
G1 X57.596 Y149.072 E103.58017
G1 X57.596 Y149.872 E103.59613
G1 X60.796 Y149.872 E103.65999
G1 X61.22 Y150.048 E103.66915
G1 X61.396 Y150.472 E103.67832
G1 X61.396 Y162.561 E103.91956
G1 X61.22 Y162.896 E103.92712
G0 F12000 X60.994 Y162.507
;TYPE:WALL-OUTER
G1 F725.6 X60.938 Y162.614 E103.92953
G1 X60.831 Y162.67 E103.93194
G1 X57.196 Y162.672 E104.00448
G1 X57.196 Y164.272 E104.03641
G1 X62.596 Y164.272 E104.14417
G1 X62.596 Y148.672 E104.45548
G1 X57.196 Y148.672 E104.56325
G1 X57.196 Y150.272 E104.59518
G1 X60.796 Y150.272 E104.66702
G1 X60.938 Y150.33 E104.67008
G1 X60.996 Y150.472 E104.67314
G1 X60.994 Y162.507 E104.91331
;MESH:NONMESH
G0 F300 X60.994 Y162.507 Z3.12
G0 F12000 X61.308 Y162.507
G0 X61.236 Y150.036
G0 X57.996 Y149.472
;TIME_ELAPSED:340.948350
;LAYER:25
;note -- min layer time used
;TYPE:WALL-INNER
;MESH:MotorMount_v3.stl
G1 F725.6 X60.796 Y149.472 E104.96919
G0 F12000 X61.493 Y149.775
G1 F751.9 X61.796 Y150.472 E104.98383
G1 X61.81 Y149.458 E105.00335
G1 X60.796 Y149.472 E105.02288
G1 X61.493 Y149.775 E105.03752
G0 F12000 X61.796 Y150.472
G1 F725.6 X61.796 Y162.472 E105.27699
G1 F713.1 X61.789 Y162.646 E105.28053
G0 F12000 X61.493 Y163.169
G1 F736.6 X60.97 Y163.465 E105.29234
G1 X61.81 Y163.486 E105.30886
G1 F738.5 X61.789 Y162.646 E105.32533
G1 X61.493 Y163.169 E105.33712
G0 F12000 X60.97 Y163.465
G1 F711.3 X60.796 Y163.472 E105.34066
G1 F725.6 X57.996 Y163.472 E105.39654
G0 F12000 X61.636 Y163.312
G0 X61.708 Y162.896
G0 X61.22 Y162.896
G1 F725.6 X60.885 Y163.072 E105.40409
G1 X57.596 Y163.072 E105.46972
G1 X57.596 Y163.872 E105.48569
G1 X62.196 Y163.872 E105.57749
G1 X62.196 Y149.072 E105.87284
G1 X57.596 Y149.072 E105.96464
G1 X57.596 Y149.872 E105.9806
G1 X60.796 Y149.872 E106.04446
G1 X61.22 Y150.048 E106.05362
G1 X61.396 Y150.472 E106.06278
G1 X61.396 Y162.561 E106.30403
G1 X61.22 Y162.896 E106.31158
G0 F12000 X60.994 Y162.507
;TYPE:WALL-OUTER
G1 F725.6 X60.938 Y162.614 E106.31399
G1 X60.831 Y162.67 E106.3164
G1 X57.196 Y162.672 E106.38894
G1 X57.196 Y164.272 E106.42087
G1 X62.596 Y164.272 E106.52864
G1 X62.596 Y148.672 E106.83995
G1 X57.196 Y148.672 E106.94771
G1 X57.196 Y150.272 E106.97964
G1 X60.796 Y150.272 E107.05149
G1 X60.938 Y150.33 E107.05455
G1 X60.996 Y150.472 E107.05761
G1 X60.994 Y162.507 E107.29778
;MESH:NONMESH
G0 F300 X60.994 Y162.507 Z3.24
G0 F12000 X61.308 Y162.507
G0 X61.236 Y150.036
G0 X57.996 Y149.472
;TIME_ELAPSED:352.018699
;LAYER:26
;note -- min layer time used
;TYPE:WALL-INNER
;MESH:MotorMount_v3.stl
G1 F725.6 X60.796 Y149.472 E107.35366
G0 F12000 X61.493 Y149.775
G1 F751.9 X61.796 Y150.472 E107.36829
G1 X61.81 Y149.458 E107.38782
G1 X60.796 Y149.472 E107.40735
G1 X61.493 Y149.775 E107.42199
G0 F12000 X61.796 Y150.472
G1 F725.6 X61.796 Y162.472 E107.66146
G1 F713.1 X61.789 Y162.646 E107.665
G0 F12000 X61.493 Y163.169
G1 F736.6 X60.97 Y163.465 E107.67681
G1 X61.81 Y163.486 E107.69333
G1 F738.5 X61.789 Y162.646 E107.7098
G1 X61.493 Y163.169 E107.72158
G0 F12000 X60.97 Y163.465
G1 F711.3 X60.796 Y163.472 E107.72513
G1 F725.6 X57.996 Y163.472 E107.781
G0 F12000 X61.636 Y163.312
G0 X61.708 Y162.896
G0 X61.22 Y162.896
G1 F725.6 X60.885 Y163.072 E107.78856
G1 X57.596 Y163.072 E107.85419
G1 X57.596 Y163.872 E107.87016
G1 X62.196 Y163.872 E107.96195
G1 X62.196 Y149.072 E108.2573
G1 X57.596 Y149.072 E108.3491
G1 X57.596 Y149.872 E108.36507
G1 X60.796 Y149.872 E108.42893
G1 X61.22 Y150.048 E108.43809
G1 X61.396 Y150.472 E108.44725
G1 X61.396 Y162.561 E108.6885
G1 X61.22 Y162.896 E108.69605
G0 F12000 X60.994 Y162.507
;TYPE:WALL-OUTER
G1 F725.6 X60.938 Y162.614 E108.69846
G1 X60.831 Y162.67 E108.70087
G1 X57.196 Y162.672 E108.77341
G1 X57.196 Y164.272 E108.80534
G1 X62.596 Y164.272 E108.9131
G1 X62.596 Y148.672 E109.22442
G1 X57.196 Y148.672 E109.33218
G1 X57.196 Y150.272 E109.36411
G1 X60.796 Y150.272 E109.43595
G1 X60.938 Y150.33 E109.43901
G1 X60.996 Y150.472 E109.44208
G1 X60.994 Y162.507 E109.68225
;MESH:NONMESH
G0 F300 X60.994 Y162.507 Z3.36
G0 F12000 X61.308 Y162.507
G0 X61.236 Y150.036
G0 X57.996 Y149.472
;TIME_ELAPSED:363.089048
;LAYER:27
;note -- min layer time used
;TYPE:WALL-INNER
;MESH:MotorMount_v3.stl
G1 F725.6 X60.796 Y149.472 E109.73812
G0 F12000 X61.493 Y149.775
G1 F751.9 X61.796 Y150.472 E109.75276
G1 X61.81 Y149.458 E109.77229
G1 X60.796 Y149.472 E109.79182
G1 X61.493 Y149.775 E109.80645
G0 F12000 X61.796 Y150.472
G1 F725.6 X61.796 Y162.472 E110.04593
G1 F713.1 X61.789 Y162.646 E110.04946
G0 F12000 X61.493 Y163.169
G1 F736.6 X60.97 Y163.465 E110.06128
G1 X61.81 Y163.486 E110.07779
G1 F738.5 X61.789 Y162.646 E110.09427
G1 X61.493 Y163.169 E110.10605
G0 F12000 X60.97 Y163.465
G1 F711.3 X60.796 Y163.472 E110.10959
G1 F725.6 X57.996 Y163.472 E110.16547
G0 F12000 X61.636 Y163.312
G0 X61.708 Y162.896
G0 X61.22 Y162.896
G1 F725.6 X60.885 Y163.072 E110.17302
G1 X57.596 Y163.072 E110.23866
G1 X57.596 Y163.872 E110.25462
G1 X62.196 Y163.872 E110.34642
G1 X62.196 Y149.072 E110.64177
G1 X57.596 Y149.072 E110.73357
G1 X57.596 Y149.872 E110.74953
G1 X60.796 Y149.872 E110.81339
G1 X61.22 Y150.048 E110.82256
G1 X61.396 Y150.472 E110.83172
G1 X61.396 Y162.561 E111.07297
G1 X61.22 Y162.896 E111.08052
G0 F12000 X60.994 Y162.507
;TYPE:WALL-OUTER
G1 F725.6 X60.938 Y162.614 E111.08293
G1 X60.831 Y162.67 E111.08534
G1 X57.196 Y162.672 E111.15788
G1 X57.196 Y164.272 E111.18981
G1 X62.596 Y164.272 E111.29757
G1 X62.596 Y148.672 E111.60889
G1 X57.196 Y148.672 E111.71665
G1 X57.196 Y150.272 E111.74858
G1 X60.796 Y150.272 E111.82042
G1 X60.938 Y150.33 E111.82348
G1 X60.996 Y150.472 E111.82654
G1 X60.994 Y162.507 E112.06671
;MESH:NONMESH
G0 F300 X60.994 Y162.507 Z3.48
G0 F12000 X61.308 Y162.507
G0 X61.236 Y150.036
G0 X57.996 Y149.472
;TIME_ELAPSED:374.159398
;LAYER:28
;note -- min layer time used
;TYPE:WALL-INNER
;MESH:MotorMount_v3.stl
G1 F725.6 X60.796 Y149.472 E112.12259
G0 F12000 X61.493 Y149.775
G1 F751.9 X61.796 Y150.472 E112.13723
G1 X61.81 Y149.458 E112.15676
G1 X60.796 Y149.472 E112.17628
G1 X61.493 Y149.775 E112.19092
G0 F12000 X61.796 Y150.472
G1 F725.6 X61.796 Y162.472 E112.43039
G1 F713.1 X61.789 Y162.646 E112.43393
G0 F12000 X61.493 Y163.169
G1 F736.6 X60.97 Y163.465 E112.44574
G1 X61.81 Y163.486 E112.46226
G1 F738.5 X61.789 Y162.646 E112.47873
G1 X61.493 Y163.169 E112.49052
G0 F12000 X60.97 Y163.465
G1 F711.3 X60.796 Y163.472 E112.49406
G1 F725.6 X57.996 Y163.472 E112.54994
G0 F12000 X61.636 Y163.312
G0 X61.708 Y162.896
G0 X61.22 Y162.896
G1 F725.6 X60.885 Y163.072 E112.55749
G1 X57.596 Y163.072 E112.62313
G1 X57.596 Y163.872 E112.63909
G1 X62.196 Y163.872 E112.73089
G1 X62.196 Y149.072 E113.02624
G1 X57.596 Y149.072 E113.11804
G1 X57.596 Y149.872 E113.134
G1 X60.796 Y149.872 E113.19786
G1 X61.22 Y150.048 E113.20702
G1 X61.396 Y150.472 E113.21618
G1 X61.396 Y162.561 E113.45743
G1 X61.22 Y162.896 E113.46498
G0 F12000 X60.994 Y162.507
;TYPE:WALL-OUTER
G1 F725.6 X60.938 Y162.614 E113.4674
G1 X60.831 Y162.67 E113.46981
G1 X57.196 Y162.672 E113.54235
G1 X57.196 Y164.272 E113.57428
G1 X62.596 Y164.272 E113.68204
G1 X62.596 Y148.672 E113.99335
G1 X57.196 Y148.672 E114.10112
G1 X57.196 Y150.272 E114.13305
G1 X60.796 Y150.272 E114.20489
G1 X60.938 Y150.33 E114.20795
G1 X60.996 Y150.472 E114.21101
G1 X60.994 Y162.507 E114.45118
;MESH:NONMESH
G0 F300 X60.994 Y162.507 Z3.6
G0 F12000 X61.308 Y162.507
G0 X61.236 Y150.036
G0 X57.996 Y149.472
;TIME_ELAPSED:385.229747
;LAYER:29
;note -- min layer time used
;TYPE:WALL-INNER
;MESH:MotorMount_v3.stl
G1 F725.6 X60.796 Y149.472 E114.50706
G0 F12000 X61.493 Y149.775
G1 F751.9 X61.796 Y150.472 E114.52169
G1 X61.81 Y149.458 E114.54122
G1 X60.796 Y149.472 E114.56075
G1 X61.493 Y149.775 E114.57539
G0 F12000 X61.796 Y150.472
G1 F725.6 X61.796 Y162.472 E114.81486
G1 F713.1 X61.789 Y162.646 E114.8184
G0 F12000 X61.493 Y163.169
G1 F736.6 X60.97 Y163.465 E114.83021
G1 X61.81 Y163.486 E114.84673
G1 F738.5 X61.789 Y162.646 E114.8632
G1 X61.493 Y163.169 E114.87498
G0 F12000 X60.97 Y163.465
G1 F711.3 X60.796 Y163.472 E114.87853
G1 F725.6 X57.996 Y163.472 E114.93441
G0 F12000 X61.636 Y163.312
G0 X61.708 Y162.896
G0 X61.22 Y162.896
G1 F725.6 X60.885 Y163.072 E114.94196
G1 X57.596 Y163.072 E115.00759
G1 X57.596 Y163.872 E115.02356
G1 X62.196 Y163.872 E115.11536
G1 X62.196 Y149.072 E115.41071
G1 X57.596 Y149.072 E115.5025
G1 X57.596 Y149.872 E115.51847
G1 X60.796 Y149.872 E115.58233
G1 X61.22 Y150.048 E115.59149
G1 X61.396 Y150.472 E115.60065
G1 X61.396 Y162.561 E115.8419
G1 X61.22 Y162.896 E115.84945
G0 F12000 X60.994 Y162.507
;TYPE:WALL-OUTER
G1 F725.6 X60.938 Y162.614 E115.85186
G1 X60.831 Y162.67 E115.85427
G1 X57.196 Y162.672 E115.92681
G1 X57.196 Y164.272 E115.95874
G1 X62.596 Y164.272 E116.06651
G1 X62.596 Y148.672 E116.37782
G1 X57.196 Y148.672 E116.48558
G1 X57.196 Y150.272 E116.51751
G1 X60.796 Y150.272 E116.58935
G1 X60.938 Y150.33 E116.59242
G1 X60.996 Y150.472 E116.59548
G1 X60.994 Y162.507 E116.83565
;MESH:NONMESH
G0 F300 X60.994 Y162.507 Z3.72
G0 F12000 X61.308 Y162.507
G0 X61.236 Y150.036
G0 X57.996 Y149.472
;TIME_ELAPSED:396.300096
;LAYER:30
;note -- min layer time used
;TYPE:WALL-INNER
;MESH:MotorMount_v3.stl
G1 F725.6 X60.796 Y149.472 E116.89153
G0 F12000 X61.493 Y149.775
G1 F751.9 X61.796 Y150.472 E116.90616
G1 X61.81 Y149.458 E116.92569
G1 X60.796 Y149.472 E116.94522
G1 X61.493 Y149.775 E116.95986
G0 F12000 X61.796 Y150.472
G1 F725.6 X61.796 Y162.472 E117.19933
G1 F713.1 X61.789 Y162.646 E117.20286
G0 F12000 X61.493 Y163.169
G1 F736.6 X60.97 Y163.465 E117.21468
G1 X61.81 Y163.486 E117.23119
G1 F738.5 X61.789 Y162.646 E117.24767
G1 X61.493 Y163.169 E117.25945
G0 F12000 X60.97 Y163.465
G1 F711.3 X60.796 Y163.472 E117.263
G1 F725.6 X57.996 Y163.472 E117.31887
G0 F12000 X61.636 Y163.312
G0 X61.708 Y162.896
G0 X61.22 Y162.896
G1 F725.6 X60.885 Y163.072 E117.32642
G1 X57.596 Y163.072 E117.39206
G1 X57.596 Y163.872 E117.40803
G1 X62.196 Y163.872 E117.49982
G1 X62.196 Y149.072 E117.79517
G1 X57.596 Y149.072 E117.88697
G1 X57.596 Y149.872 E117.90294
G1 X60.796 Y149.872 E117.9668
G1 X61.22 Y150.048 E117.97596
G1 X61.396 Y150.472 E117.98512
G1 X61.396 Y162.561 E118.22637
G1 X61.22 Y162.896 E118.23392
G0 F12000 X60.994 Y162.507
;TYPE:WALL-OUTER
G1 F725.6 X60.938 Y162.614 E118.23633
G1 X60.831 Y162.67 E118.23874
G1 X57.196 Y162.672 E118.31128
G1 X57.196 Y164.272 E118.34321
G1 X62.596 Y164.272 E118.45097
G1 X62.596 Y148.672 E118.76229
G1 X57.196 Y148.672 E118.87005
G1 X57.196 Y150.272 E118.90198
G1 X60.796 Y150.272 E118.97382
G1 X60.938 Y150.33 E118.97688
G1 X60.996 Y150.472 E118.97994
G1 X60.994 Y162.507 E119.22012
;MESH:NONMESH
G0 F300 X60.994 Y162.507 Z3.84
G0 F12000 X61.308 Y162.507
G0 X61.236 Y150.036
G0 X57.996 Y149.472
;TIME_ELAPSED:407.370446
;LAYER:31
;note -- min layer time used
;TYPE:WALL-INNER
;MESH:MotorMount_v3.stl
G1 F725.6 X60.796 Y149.472 E119.27599
G0 F12000 X61.493 Y149.775
G1 F751.9 X61.796 Y150.472 E119.29063
G1 X61.81 Y149.458 E119.31016
G1 X60.796 Y149.472 E119.32969
G1 X61.493 Y149.775 E119.34432
G0 F12000 X61.796 Y150.472
G1 F725.6 X61.796 Y162.472 E119.5838
G1 F713.1 X61.789 Y162.646 E119.58733
G0 F12000 X61.493 Y163.169
G1 F736.6 X60.97 Y163.465 E119.59914
G1 X61.81 Y163.486 E119.61566
G1 F738.5 X61.789 Y162.646 E119.63214
G1 X61.493 Y163.169 E119.64392
G0 F12000 X60.97 Y163.465
G1 F711.3 X60.796 Y163.472 E119.64746
G1 F725.6 X57.996 Y163.472 E119.70334
G0 F12000 X61.636 Y163.312
G0 X61.708 Y162.896
G0 X61.22 Y162.896
G1 F725.6 X60.885 Y163.072 E119.71089
G1 X57.596 Y163.072 E119.77653
G1 X57.596 Y163.872 E119.79249
G1 X62.196 Y163.872 E119.88429
G1 X62.196 Y149.072 E120.17964
G1 X57.596 Y149.072 E120.27144
G1 X57.596 Y149.872 E120.2874
G1 X60.796 Y149.872 E120.35126
G1 X61.22 Y150.048 E120.36042
G1 X61.396 Y150.472 E120.36959
G1 X61.396 Y162.561 E120.61083
G1 X61.22 Y162.896 E120.61839
G0 F12000 X60.994 Y162.507
;TYPE:WALL-OUTER
G1 F725.6 X60.938 Y162.614 E120.6208
G1 X60.831 Y162.67 E120.62321
G1 X57.196 Y162.672 E120.69575
G1 X57.196 Y164.272 E120.72768
G1 X62.596 Y164.272 E120.83544
G1 X62.596 Y148.672 E121.14675
G1 X57.196 Y148.672 E121.25452
G1 X57.196 Y150.272 E121.28645
G1 X60.796 Y150.272 E121.35829
G1 X60.938 Y150.33 E121.36135
G1 X60.996 Y150.472 E121.36441
G1 X60.994 Y162.507 E121.60458
;MESH:NONMESH
G0 F300 X60.994 Y162.507 Z3.96
G0 F12000 X61.308 Y162.507
G0 X61.236 Y150.036
G0 X57.996 Y149.472
;TIME_ELAPSED:418.440795
;LAYER:32
;note -- min layer time used
;TYPE:WALL-INNER
;MESH:MotorMount_v3.stl
G1 F725.6 X60.796 Y149.472 E121.66046
G0 F12000 X61.493 Y149.775
G1 F751.9 X61.796 Y150.472 E121.6751
G1 X61.81 Y149.458 E121.69462
G1 X60.796 Y149.472 E121.71415
G1 X61.493 Y149.775 E121.72879
G0 F12000 X61.796 Y150.472
G1 F725.6 X61.796 Y162.472 E121.96826
G1 F713.1 X61.789 Y162.646 E121.9718
G0 F12000 X61.493 Y163.169
G1 F736.6 X60.97 Y163.465 E121.98361
G1 X61.81 Y163.486 E122.00013
G1 F738.5 X61.789 Y162.646 E122.0166
G1 X61.493 Y163.169 E122.02839
G0 F12000 X60.97 Y163.465
G1 F711.3 X60.796 Y163.472 E122.03193
G1 F725.6 X57.996 Y163.472 E122.08781
G0 F12000 X61.636 Y163.312
G0 X61.708 Y162.896
G0 X61.22 Y162.896
G1 F725.6 X60.885 Y163.072 E122.09536
G1 X57.596 Y163.072 E122.16099
G1 X57.596 Y163.872 E122.17696
G1 X62.196 Y163.872 E122.26876
G1 X62.196 Y149.072 E122.56411
G1 X57.596 Y149.072 E122.65591
G1 X57.596 Y149.872 E122.67187
G1 X60.796 Y149.872 E122.73573
G1 X61.22 Y150.048 E122.74489
G1 X61.396 Y150.472 E122.75405
G1 X61.396 Y162.561 E122.9953
G1 X61.22 Y162.896 E123.00285
G0 F12000 X60.994 Y162.507
;TYPE:WALL-OUTER
G1 F725.6 X60.938 Y162.614 E123.00526
G1 X60.831 Y162.67 E123.00767
G1 X57.196 Y162.672 E123.08021
G1 X57.196 Y164.272 E123.11214
G1 X62.596 Y164.272 E123.21991
G1 X62.596 Y148.672 E123.53122
G1 X57.196 Y148.672 E123.63898
G1 X57.196 Y150.272 E123.67091
G1 X60.796 Y150.272 E123.74276
G1 X60.938 Y150.33 E123.74582
G1 X60.996 Y150.472 E123.74888
G1 X60.994 Y162.507 E123.98905
;MESH:NONMESH
G0 F300 X60.994 Y162.507 Z4.08
G0 F12000 X61.308 Y162.507
G0 X61.236 Y150.036
G0 X57.996 Y149.472
;TIME_ELAPSED:429.511144
;LAYER:33
;note -- min layer time used
;TYPE:WALL-INNER
;MESH:MotorMount_v3.stl
G1 F725.6 X60.796 Y149.472 E124.04493
G0 F12000 X61.493 Y149.775
G1 F751.9 X61.796 Y150.472 E124.05956
G1 X61.81 Y149.458 E124.07909
G1 X60.796 Y149.472 E124.09862
G1 X61.493 Y149.775 E124.11326
G0 F12000 X61.796 Y150.472
G1 F725.6 X61.796 Y162.472 E124.35273
G1 F713.1 X61.789 Y162.646 E124.35627
G0 F12000 X61.493 Y163.169
G1 F736.6 X60.97 Y163.465 E124.36808
G1 X61.81 Y163.486 E124.3846
G1 F738.5 X61.789 Y162.646 E124.40107
G1 X61.493 Y163.169 E124.41285
G0 F12000 X60.97 Y163.465
G1 F711.3 X60.796 Y163.472 E124.4164
G1 F725.6 X57.996 Y163.472 E124.47227
G0 F12000 X61.636 Y163.312
G0 X61.708 Y162.896
G0 X61.22 Y162.896
G1 F725.6 X60.885 Y163.072 E124.47983
G1 X57.596 Y163.072 E124.54546
G1 X57.596 Y163.872 E124.56143
G1 X62.196 Y163.872 E124.65322
G1 X62.196 Y149.072 E124.94857
G1 X57.596 Y149.072 E125.04037
G1 X57.596 Y149.872 E125.05634
G1 X60.796 Y149.872 E125.1202
G1 X61.22 Y150.048 E125.12936
G1 X61.396 Y150.472 E125.13852
G1 X61.396 Y162.561 E125.37977
G1 X61.22 Y162.896 E125.38732
G0 F12000 X60.994 Y162.507
;TYPE:WALL-OUTER
G1 F725.6 X60.938 Y162.614 E125.38973
G1 X60.831 Y162.67 E125.39214
G1 X57.196 Y162.672 E125.46468
G1 X57.196 Y164.272 E125.49661
G1 X62.596 Y164.272 E125.60437
G1 X62.596 Y148.672 E125.91569
G1 X57.196 Y148.672 E126.02345
G1 X57.196 Y150.272 E126.05538
G1 X60.796 Y150.272 E126.12722
G1 X60.938 Y150.33 E126.13028
G1 X60.996 Y150.472 E126.13335
G1 X60.994 Y162.507 E126.37352
;MESH:NONMESH
G0 F300 X60.994 Y162.507 Z4.2
G0 F12000 X61.308 Y162.507
G0 X61.236 Y150.036
G0 X57.996 Y149.472
;TIME_ELAPSED:440.581494
;LAYER:34
;note -- min layer time used
;TYPE:WALL-INNER
;MESH:MotorMount_v3.stl
G1 F725.6 X60.796 Y149.472 E126.42939
G0 F12000 X61.493 Y149.775
G1 F751.9 X61.796 Y150.472 E126.44403
G1 X61.81 Y149.458 E126.46356
G1 X60.796 Y149.472 E126.48309
G1 X61.493 Y149.775 E126.49772
G0 F12000 X61.796 Y150.472
G1 F725.6 X61.796 Y162.472 E126.7372
G1 F713.1 X61.789 Y162.646 E126.74073
G0 F12000 X61.493 Y163.169
G1 F736.6 X60.97 Y163.465 E126.75255
G1 X61.81 Y163.486 E126.76906
G1 F738.5 X61.789 Y162.646 E126.78554
G1 X61.493 Y163.169 E126.79732
G0 F12000 X60.97 Y163.465
G1 F711.3 X60.796 Y163.472 E126.80086
G1 F725.6 X57.996 Y163.472 E126.85674
G0 F12000 X61.636 Y163.312
G0 X61.708 Y162.896
G0 X61.22 Y162.896
G1 F725.6 X60.885 Y163.072 E126.86429
G1 X57.596 Y163.072 E126.92993
G1 X57.596 Y163.872 E126.94589
G1 X62.196 Y163.872 E127.03769
G1 X62.196 Y149.072 E127.33304
G1 X57.596 Y149.072 E127.42484
G1 X57.596 Y149.872 E127.4408
G1 X60.796 Y149.872 E127.50466
G1 X61.22 Y150.048 E127.51383
G1 X61.396 Y150.472 E127.52299
G1 X61.396 Y162.561 E127.76424
G1 X61.22 Y162.896 E127.77179
G0 F12000 X60.994 Y162.507
;TYPE:WALL-OUTER
G1 F725.6 X60.938 Y162.614 E127.7742
G1 X60.831 Y162.67 E127.77661
G1 X57.196 Y162.672 E127.84915
G1 X57.196 Y164.272 E127.88108
G1 X62.596 Y164.272 E127.98884
G1 X62.596 Y148.672 E128.30016
G1 X57.196 Y148.672 E128.40792
G1 X57.196 Y150.272 E128.43985
G1 X60.796 Y150.272 E128.51169
G1 X60.938 Y150.33 E128.51475
G1 X60.996 Y150.472 E128.51781
G1 X60.994 Y162.507 E128.75798
;MESH:NONMESH
G0 F300 X60.994 Y162.507 Z4.32
G0 F12000 X61.308 Y162.507
G0 X61.236 Y150.036
G0 X57.996 Y149.472
;TIME_ELAPSED:451.651843
;LAYER:35
;note -- min layer time used
;TYPE:WALL-INNER
;MESH:MotorMount_v3.stl
G1 F725.6 X60.796 Y149.472 E128.81386
G0 F12000 X61.493 Y149.775
G1 F751.9 X61.796 Y150.472 E128.8285
G1 X61.81 Y149.458 E128.84803
G1 X60.796 Y149.472 E128.86755
G1 X61.493 Y149.775 E128.88219
G0 F12000 X61.796 Y150.472
G1 F725.6 X61.796 Y162.472 E129.12166
G1 F713.1 X61.789 Y162.646 E129.1252
G0 F12000 X61.493 Y163.169
G1 F736.6 X60.97 Y163.465 E129.13701
G1 X61.81 Y163.486 E129.15353
G1 F738.5 X61.789 Y162.646 E129.17
G1 X61.493 Y163.169 E129.18179
G0 F12000 X60.97 Y163.465
G1 F711.3 X60.796 Y163.472 E129.18533
G1 F725.6 X57.996 Y163.472 E129.24121
G0 F12000 X61.636 Y163.312
G0 X61.708 Y162.896
G0 X61.22 Y162.896
G1 F725.6 X60.885 Y163.072 E129.24876
G1 X57.596 Y163.072 E129.3144
G1 X57.596 Y163.872 E129.33036
G1 X62.196 Y163.872 E129.42216
G1 X62.196 Y149.072 E129.71751
G1 X57.596 Y149.072 E129.80931
G1 X57.596 Y149.872 E129.82527
G1 X60.796 Y149.872 E129.88913
G1 X61.22 Y150.048 E129.89829
G1 X61.396 Y150.472 E129.90745
G1 X61.396 Y162.561 E130.1487
G1 X61.22 Y162.896 E130.15625
G0 F12000 X60.994 Y162.507
;TYPE:WALL-OUTER
G1 F725.6 X60.938 Y162.614 E130.15866
G1 X60.831 Y162.67 E130.16107
G1 X57.196 Y162.672 E130.23362
G1 X57.196 Y164.272 E130.26555
G1 X62.596 Y164.272 E130.37331
G1 X62.596 Y148.672 E130.68462
G1 X57.196 Y148.672 E130.79239
G1 X57.196 Y150.272 E130.82432
G1 X60.796 Y150.272 E130.89616
G1 X60.938 Y150.33 E130.89922
G1 X60.996 Y150.472 E130.90228
G1 X60.994 Y162.507 E131.14245
;MESH:NONMESH
G0 F300 X60.994 Y162.507 Z4.44
G0 F12000 X61.308 Y162.507
G0 X61.236 Y150.036
G0 X57.996 Y149.472
;TIME_ELAPSED:462.722192
;LAYER:36
;note -- min layer time used
;TYPE:WALL-INNER
;MESH:MotorMount_v3.stl
G1 F725.6 X60.796 Y149.472 E131.19833
G0 F12000 X61.493 Y149.775
G1 F751.9 X61.796 Y150.472 E131.21296
G1 X61.81 Y149.458 E131.23249
G1 X60.796 Y149.472 E131.25202
G1 X61.493 Y149.775 E131.26666
G0 F12000 X61.796 Y150.472
G1 F725.6 X61.796 Y162.472 E131.50613
G1 F713.1 X61.789 Y162.646 E131.50967
G0 F12000 X61.493 Y163.169
G1 F736.6 X60.97 Y163.465 E131.52148
G1 X61.81 Y163.486 E131.538
G1 F738.5 X61.789 Y162.646 E131.55447
G1 X61.493 Y163.169 E131.56625
G0 F12000 X60.97 Y163.465
G1 F711.3 X60.796 Y163.472 E131.5698
G1 F725.6 X57.996 Y163.472 E131.62568
G0 F12000 X61.636 Y163.312
G0 X61.708 Y162.896
G0 X61.22 Y162.896
G1 F725.6 X60.885 Y163.072 E131.63323
G1 X57.596 Y163.072 E131.69886
G1 X57.596 Y163.872 E131.71483
G1 X62.196 Y163.872 E131.80663
G1 X62.196 Y149.072 E132.10198
G1 X57.596 Y149.072 E132.19377
G1 X57.596 Y149.872 E132.20974
G1 X60.796 Y149.872 E132.2736
G1 X61.22 Y150.048 E132.28276
G1 X61.396 Y150.472 E132.29192
G1 X61.396 Y162.561 E132.53317
G1 X61.22 Y162.896 E132.54072
G0 F12000 X60.994 Y162.507
;TYPE:WALL-OUTER
G1 F725.6 X60.938 Y162.614 E132.54313
G1 X60.831 Y162.67 E132.54554
G1 X57.196 Y162.672 E132.61808
G1 X57.196 Y164.272 E132.65001
G1 X62.596 Y164.272 E132.75778
G1 X62.596 Y148.672 E133.06909
G1 X57.196 Y148.672 E133.17685
G1 X57.196 Y150.272 E133.20878
G1 X60.796 Y150.272 E133.28062
G1 X60.938 Y150.33 E133.28369
G1 X60.996 Y150.472 E133.28675
G1 X60.994 Y162.507 E133.52692
;MESH:NONMESH
G0 F300 X60.994 Y162.507 Z4.56
G0 F12000 X61.308 Y162.507
G0 X61.236 Y150.036
G0 X57.996 Y149.472
;TIME_ELAPSED:473.792542
;LAYER:37
;note -- min layer time used
;TYPE:WALL-INNER
;MESH:MotorMount_v3.stl
G1 F725.6 X60.796 Y149.472 E133.58279
G0 F12000 X61.493 Y149.775
G1 F751.9 X61.796 Y150.472 E133.59743
G1 X61.81 Y149.458 E133.61696
G1 X60.796 Y149.472 E133.63649
G1 X61.493 Y149.775 E133.65113
G0 F12000 X61.796 Y150.472
G1 F725.6 X61.796 Y162.472 E133.8906
G1 F713.1 X61.789 Y162.646 E133.89413
G0 F12000 X61.493 Y163.169
G1 F736.6 X60.97 Y163.465 E133.90595
G1 X61.81 Y163.486 E133.92246
G1 F738.5 X61.789 Y162.646 E133.93894
G1 X61.493 Y163.169 E133.95072
G0 F12000 X60.97 Y163.465
G1 F711.3 X60.796 Y163.472 E133.95427
G1 F725.6 X57.996 Y163.472 E134.01014
G0 F12000 X61.636 Y163.312
G0 X61.708 Y162.896
G0 X61.22 Y162.896
G1 F725.6 X60.885 Y163.072 E134.01769
G1 X57.596 Y163.072 E134.08333
G1 X57.596 Y163.872 E134.0993
G1 X62.196 Y163.872 E134.19109
G1 X62.196 Y149.072 E134.48644
G1 X57.596 Y149.072 E134.57824
G1 X57.596 Y149.872 E134.59421
G1 X60.796 Y149.872 E134.65807
G1 X61.22 Y150.048 E134.66723
G1 X61.396 Y150.472 E134.67639
G1 X61.396 Y162.561 E134.91764
G1 X61.22 Y162.896 E134.92519
G0 F12000 X60.994 Y162.507
;TYPE:WALL-OUTER
G1 F725.6 X60.938 Y162.614 E134.9276
G1 X60.831 Y162.67 E134.93001
G1 X57.196 Y162.672 E135.00255
G1 X57.196 Y164.272 E135.03448
G1 X62.596 Y164.272 E135.14224
G1 X62.596 Y148.672 E135.45356
G1 X57.196 Y148.672 E135.56132
G1 X57.196 Y150.272 E135.59325
G1 X60.796 Y150.272 E135.66509
G1 X60.938 Y150.33 E135.66815
G1 X60.996 Y150.472 E135.67121
G1 X60.994 Y162.507 E135.91138
;MESH:NONMESH
G0 F300 X60.994 Y162.507 Z4.68
G0 F12000 X61.308 Y162.507
G0 X61.236 Y150.036
G0 X57.996 Y149.472
;TIME_ELAPSED:484.862891
;LAYER:38
;note -- min layer time used
;TYPE:WALL-INNER
;MESH:MotorMount_v3.stl
G1 F725.6 X60.796 Y149.472 E135.96726
G0 F12000 X61.493 Y149.775
G1 F751.9 X61.796 Y150.472 E135.9819
G1 X61.81 Y149.458 E136.00143
G1 X60.796 Y149.472 E136.02096
G1 X61.493 Y149.775 E136.03559
G0 F12000 X61.796 Y150.472
G1 F725.6 X61.796 Y162.472 E136.27507
G1 F713.1 X61.789 Y162.646 E136.2786
G0 F12000 X61.493 Y163.169
G1 F736.6 X60.97 Y163.465 E136.29041
G1 X61.81 Y163.486 E136.30693
G1 F738.5 X61.789 Y162.646 E136.32341
G1 X61.493 Y163.169 E136.33519
G0 F12000 X60.97 Y163.465
G1 F711.3 X60.796 Y163.472 E136.33873
G1 F725.6 X57.996 Y163.472 E136.39461
G0 F12000 X61.636 Y163.312
G0 X61.708 Y162.896
G0 X61.22 Y162.896
G1 F725.6 X60.885 Y163.072 E136.40216
G1 X57.596 Y163.072 E136.4678
G1 X57.596 Y163.872 E136.48376
G1 X62.196 Y163.872 E136.57556
G1 X62.196 Y149.072 E136.87091
G1 X57.596 Y149.072 E136.96271
G1 X57.596 Y149.872 E136.97867
G1 X60.796 Y149.872 E137.04253
G1 X61.22 Y150.048 E137.05169
G1 X61.396 Y150.472 E137.06086
G1 X61.396 Y162.561 E137.3021
G1 X61.22 Y162.896 E137.30966
G0 F12000 X60.994 Y162.507
;TYPE:WALL-OUTER
G1 F725.6 X60.938 Y162.614 E137.31207
G1 X60.831 Y162.67 E137.31448
G1 X57.196 Y162.672 E137.38702
G1 X57.196 Y164.272 E137.41895
G1 X62.596 Y164.272 E137.52671
G1 X62.596 Y148.672 E137.83802
G1 X57.196 Y148.672 E137.94579
G1 X57.196 Y150.272 E137.97772
G1 X60.796 Y150.272 E138.04956
G1 X60.938 Y150.33 E138.05262
G1 X60.996 Y150.472 E138.05568
G1 X60.994 Y162.507 E138.29585
;MESH:NONMESH
G0 F300 X60.994 Y162.507 Z4.8
G0 F12000 X61.308 Y162.507
G0 X61.236 Y150.036
G0 X57.996 Y149.472
;TIME_ELAPSED:495.933240
;LAYER:39
;note -- min layer time used
;TYPE:WALL-INNER
;MESH:MotorMount_v3.stl
G1 F725.6 X60.796 Y149.472 E138.35173
G0 F12000 X61.493 Y149.775
G1 F751.9 X61.796 Y150.472 E138.36637
G1 X61.81 Y149.458 E138.38589
G1 X60.796 Y149.472 E138.40542
G1 X61.493 Y149.775 E138.42006
G0 F12000 X61.796 Y150.472
G1 F725.6 X61.796 Y162.472 E138.65953
G1 F713.1 X61.789 Y162.646 E138.66307
G0 F12000 X61.493 Y163.169
G1 F736.6 X60.97 Y163.465 E138.67488
G1 X61.81 Y163.486 E138.6914
G1 F738.5 X61.789 Y162.646 E138.70787
G1 X61.493 Y163.169 E138.71966
G0 F12000 X60.97 Y163.465
G1 F711.3 X60.796 Y163.472 E138.7232
G1 F725.6 X57.996 Y163.472 E138.77908
G0 F12000 X61.636 Y163.312
G0 X61.708 Y162.896
G0 X61.22 Y162.896
G1 F725.6 X60.885 Y163.072 E138.78663
G1 X57.596 Y163.072 E138.85226
G1 X57.596 Y163.872 E138.86823
G1 X62.196 Y163.872 E138.96003
G1 X62.196 Y149.072 E139.25538
G1 X57.596 Y149.072 E139.34718
G1 X57.596 Y149.872 E139.36314
G1 X60.796 Y149.872 E139.427
G1 X61.22 Y150.048 E139.43616
G1 X61.396 Y150.472 E139.44532
G1 X61.396 Y162.561 E139.68657
G1 X61.22 Y162.896 E139.69412
G0 F12000 X60.994 Y162.507
;TYPE:WALL-OUTER
G1 F725.6 X60.938 Y162.614 E139.69653
G1 X60.831 Y162.67 E139.69894
G1 X57.196 Y162.672 E139.77148
G1 X57.196 Y164.272 E139.80341
G1 X62.596 Y164.272 E139.91118
G1 X62.596 Y148.672 E140.22249
G1 X57.196 Y148.672 E140.33025
G1 X57.196 Y150.272 E140.36218
G1 X60.796 Y150.272 E140.43403
G1 X60.938 Y150.33 E140.43709
G1 X60.996 Y150.472 E140.44015
G1 X60.994 Y162.507 E140.68032
;MESH:NONMESH
G0 F300 X60.994 Y162.507 Z4.92
G0 F12000 X61.308 Y162.507
G0 X61.236 Y150.036
G0 X57.996 Y149.472
;TIME_ELAPSED:507.003590
;LAYER:40
;note -- min layer time used
;TYPE:WALL-INNER
;MESH:MotorMount_v3.stl
G1 F725.6 X60.796 Y149.472 E140.7362
G0 F12000 X61.493 Y149.775
G1 F751.9 X61.796 Y150.472 E140.75083
G1 X61.81 Y149.458 E140.77036
G1 X60.796 Y149.472 E140.78989
G1 X61.493 Y149.775 E140.80453
G0 F12000 X61.796 Y150.472
G1 F725.6 X61.796 Y162.472 E141.044
G1 F713.1 X61.789 Y162.646 E141.04754
G0 F12000 X61.493 Y163.169
G1 F736.6 X60.97 Y163.465 E141.05935
G1 X61.81 Y163.486 E141.07586
G1 F738.5 X61.789 Y162.646 E141.09234
G1 X61.493 Y163.169 E141.10412
G0 F12000 X60.97 Y163.465
G1 F711.3 X60.796 Y163.472 E141.10767
G1 F725.6 X57.996 Y163.472 E141.16354
G0 F12000 X61.636 Y163.312
G0 X61.708 Y162.896
G0 X61.22 Y162.896
G1 F725.6 X60.885 Y163.072 E141.1711
G1 X57.596 Y163.072 E141.23673
G1 X57.596 Y163.872 E141.2527
G1 X62.196 Y163.872 E141.34449
G1 X62.196 Y149.072 E141.63984
G1 X57.596 Y149.072 E141.73164
G1 X57.596 Y149.872 E141.74761
G1 X60.796 Y149.872 E141.81147
G1 X61.22 Y150.048 E141.82063
G1 X61.396 Y150.472 E141.82979
G1 X61.396 Y162.561 E142.07104
G1 X61.22 Y162.896 E142.07859
G0 F12000 X60.994 Y162.507
;TYPE:WALL-OUTER
G1 F725.6 X60.938 Y162.614 E142.081
G1 X60.831 Y162.67 E142.08341
G1 X57.196 Y162.672 E142.15595
G1 X57.196 Y164.272 E142.18788
G1 X62.596 Y164.272 E142.29564
G1 X62.596 Y148.672 E142.60696
G1 X57.196 Y148.672 E142.71472
G1 X57.196 Y150.272 E142.74665
G1 X60.796 Y150.272 E142.81849
G1 X60.938 Y150.33 E142.82155
G1 X60.996 Y150.472 E142.82461
G1 X60.994 Y162.507 E143.06479
;MESH:NONMESH
G0 F300 X60.994 Y162.507 Z5.04
G0 F12000 X61.308 Y162.507
G0 X61.236 Y150.036
G0 X57.996 Y149.472
;TIME_ELAPSED:518.073939
;LAYER:41
;note -- min layer time used
;TYPE:WALL-INNER
;MESH:MotorMount_v3.stl
G1 F725.6 X60.796 Y149.472 E143.12066
G0 F12000 X61.493 Y149.775
G1 F751.9 X61.796 Y150.472 E143.1353
G1 X61.81 Y149.458 E143.15483
G1 X60.796 Y149.472 E143.17436
G1 X61.493 Y149.775 E143.18899
G0 F12000 X61.796 Y150.472
G1 F725.6 X61.796 Y162.472 E143.42847
G1 F713.1 X61.789 Y162.646 E143.432
G0 F12000 X61.493 Y163.169
G1 F736.6 X60.97 Y163.465 E143.44382
G1 X61.81 Y163.486 E143.46033
G1 F738.5 X61.789 Y162.646 E143.47681
G1 X61.493 Y163.169 E143.48859
G0 F12000 X60.97 Y163.465
G1 F711.3 X60.796 Y163.472 E143.49213
G1 F725.6 X57.996 Y163.472 E143.54801
G0 F12000 X61.636 Y163.312
G0 X61.708 Y162.896
G0 X61.22 Y162.896
G1 F725.6 X60.885 Y163.072 E143.55556
G1 X57.596 Y163.072 E143.6212
G1 X57.596 Y163.872 E143.63716
G1 X62.196 Y163.872 E143.72896
G1 X62.196 Y149.072 E144.02431
G1 X57.596 Y149.072 E144.11611
G1 X57.596 Y149.872 E144.13207
G1 X60.796 Y149.872 E144.19593
G1 X61.22 Y150.048 E144.2051
G1 X61.396 Y150.472 E144.21426
G1 X61.396 Y162.561 E144.45551
G1 X61.22 Y162.896 E144.46306
G0 F12000 X60.994 Y162.507
;TYPE:WALL-OUTER
G1 F725.6 X60.938 Y162.614 E144.46547
G1 X60.831 Y162.67 E144.46788
G1 X57.196 Y162.672 E144.54042
G1 X57.196 Y164.272 E144.57235
G1 X62.596 Y164.272 E144.68011
G1 X62.596 Y148.672 E144.99143
G1 X57.196 Y148.672 E145.09919
G1 X57.196 Y150.272 E145.13112
G1 X60.796 Y150.272 E145.20296
G1 X60.938 Y150.33 E145.20602
G1 X60.996 Y150.472 E145.20908
G1 X60.994 Y162.507 E145.44925
;MESH:NONMESH
G0 F300 X60.994 Y162.507 Z5.16
G0 F12000 X61.308 Y162.507
G0 X61.236 Y150.036
G0 X57.996 Y149.472
;TIME_ELAPSED:529.144288
;LAYER:42
;note -- min layer time used
;TYPE:WALL-INNER
;MESH:MotorMount_v3.stl
G1 F711.3 X60.796 Y149.472 E145.50513
G0 F12000 X61.493 Y149.775
G1 F737.1 X61.796 Y150.472 E145.51977
G1 X61.81 Y149.458 E145.5393
G1 X60.796 Y149.472 E145.55882
G1 X61.493 Y149.775 E145.57346
G0 F12000 X61.796 Y150.472
G1 F711.3 X61.796 Y154.884 E145.66151
G0 F12000 X61.636 Y149.636
G0 X61.22 Y149.564
G0 X61.22 Y150.048
G1 F711.3 X61.396 Y150.472 E145.67067
G1 X61.396 Y155.284 E145.7667
G1 X62.196 Y155.284 E145.78266
G1 X62.196 Y149.072 E145.90663
G1 X57.596 Y149.072 E145.99843
G1 X57.596 Y149.872 E146.01439
G1 X60.796 Y149.872 E146.07825
G1 X61.22 Y150.048 E146.08741
G0 F12000 X60.996 Y150.472
;TYPE:WALL-OUTER
G1 F711.3 X60.996 Y155.684 E146.19142
G1 X62.596 Y155.684 E146.22335
G1 X62.596 Y148.672 E146.36329
G1 X57.196 Y148.672 E146.47105
G1 X57.196 Y150.272 E146.50298
G1 X60.796 Y150.272 E146.57482
G1 X60.938 Y150.33 E146.57788
G1 X60.996 Y150.472 E146.58094
G1 F1500 E140.08094
G0 F12000 X61.308 Y150.472
G0 X61.794 Y155.475
G0 X61.795 Y157.474
G0 X61.796 Y158.062
;TYPE:WALL-INNER
G1 F1500 E146.58094
G1 F711.3 X61.796 Y162.472 E146.66895
G1 F699.1 X61.789 Y162.646 E146.67248
G0 F12000 X61.493 Y163.169
G1 F722.2 X60.97 Y163.465 E146.6843
G1 X61.81 Y163.486 E146.70081
G1 F724 X61.789 Y162.646 E146.71729
G1 X61.493 Y163.169 E146.72907
G0 F12000 X60.97 Y163.465
G1 F697.4 X60.796 Y163.472 E146.73262
G1 F711.3 X57.996 Y163.472 E146.78849
G0 F12000 X61.636 Y163.312
G0 X61.708 Y162.896
G0 X61.22 Y162.896
G1 F711.3 X60.885 Y163.072 E146.79605
G1 X57.596 Y163.072 E146.86168
G1 X57.596 Y163.872 E146.87765
G1 X62.196 Y163.872 E146.96944
G1 X62.196 Y157.662 E147.09337
G1 X61.396 Y157.663 E147.10934
G1 X61.396 Y162.561 E147.20708
G1 X61.22 Y162.896 E147.21463
G0 F12000 X60.994 Y162.507
;TYPE:WALL-OUTER
G1 F711.3 X60.938 Y162.614 E147.21704
G1 X60.831 Y162.67 E147.21945
G1 X57.196 Y162.672 E147.29199
G1 X57.196 Y164.272 E147.32392
G1 X62.596 Y164.272 E147.43169
G1 X62.596 Y157.261 E147.5716
G1 X60.996 Y157.264 E147.60353
G1 X60.994 Y162.507 E147.70816
G1 F1500 E141.20816
;MESH:NONMESH
G0 F300 X60.994 Y162.507 Z5.28
G0 F12000 X61.308 Y162.507
G0 X61.222 Y157.488
G0 X60.133 Y157.488
G0 X60.145 Y151.127
G0 X61.222 Y150.05
G0 X57.996 Y149.472
;TIME_ELAPSED:541.611146
;LAYER:43
;note -- min layer time used
;TYPE:WALL-INNER
;MESH:MotorMount_v3.stl
G1 F1500 E147.70816
G1 F692.1 X60.796 Y149.472 E147.76403
G0 F12000 X61.493 Y149.775
G1 F717.2 X61.796 Y150.472 E147.77867
G1 X61.81 Y149.458 E147.7982
G1 X60.796 Y149.472 E147.81773
G1 X61.493 Y149.775 E147.83236
G0 F12000 X61.796 Y150.472
G1 F692.1 X61.796 Y154.578 E147.9143
G0 F12000 X61.636 Y149.636
G0 X61.22 Y149.564
G0 X61.22 Y150.048
G1 F692.1 X61.396 Y150.472 E147.92347
G1 X61.396 Y154.978 E148.01339
G1 X62.196 Y154.977 E148.02935
G1 X62.196 Y149.072 E148.14719
G1 X57.596 Y149.072 E148.23899
G1 X57.596 Y149.872 E148.25496
G1 X60.796 Y149.872 E148.31882
G1 X61.22 Y150.048 E148.32798
G0 F12000 X60.996 Y150.472
;TYPE:WALL-OUTER
G1 F692.1 X60.996 Y155.379 E148.4259
G1 X62.596 Y155.376 E148.45783
G1 X62.596 Y148.672 E148.59162
G1 X57.196 Y148.672 E148.69938
G1 X57.196 Y150.272 E148.73131
G1 X60.796 Y150.272 E148.80315
G1 X60.938 Y150.33 E148.80621
G1 X60.996 Y150.472 E148.80927
G1 F1500 E142.30927
G0 F12000 X61.308 Y150.472
G0 X61.794 Y155.169
G0 X61.795 Y156.244
G0 X61.795 Y156.705
G0 X61.796 Y157.78
G0 X61.796 Y158.368
;TYPE:WALL-INNER
G1 F1500 E148.80927
G1 F692.1 X61.796 Y162.472 E148.89117
G1 F680.2 X61.789 Y162.646 E148.89471
G0 F12000 X61.493 Y163.169
G1 F702.7 X60.97 Y163.465 E148.90652
G1 X61.81 Y163.486 E148.92304
G1 F704.5 X61.789 Y162.646 E148.93951
G1 X61.493 Y163.169 E148.9513
G0 F12000 X60.97 Y163.465
G1 F678.6 X60.796 Y163.472 E148.95484
G1 F692.1 X57.996 Y163.472 E149.01072
G0 F12000 X61.636 Y163.312
G0 X61.708 Y162.896
G0 X61.22 Y162.896
G1 F692.1 X60.885 Y163.072 E149.01827
G1 X57.596 Y163.072 E149.0839
G1 X57.596 Y163.872 E149.09987
G1 X62.196 Y163.872 E149.19167
G1 X62.196 Y157.968 E149.30949
G1 X61.396 Y157.968 E149.32545
G1 X61.396 Y162.561 E149.41711
G1 X61.22 Y162.896 E149.42466
G0 F12000 X60.994 Y162.507
;TYPE:WALL-OUTER
G1 F692.1 X60.938 Y162.614 E149.42707
G1 X60.831 Y162.67 E149.42948
G1 X57.196 Y162.672 E149.50202
G1 X57.196 Y164.272 E149.53395
G1 X62.596 Y164.272 E149.64172
G1 X62.596 Y157.568 E149.7755
G1 X60.996 Y157.568 E149.80743
G1 X60.994 Y162.507 E149.90599
G1 F1500 E143.40599
;MESH:NONMESH
G0 F300 X60.994 Y162.507 Z5.4
G0 F12000 X61.308 Y162.507
G0 X61.222 Y157.794
G0 X61.221 Y156.705
G0 X60.145 Y156.233
G0 X60.145 Y151.127
G0 X61.222 Y150.05
G0 X57.996 Y149.472
;TIME_ELAPSED:554.349120
;LAYER:44
;note -- min layer time used
;TYPE:WALL-INNER
;MESH:MotorMount_v3.stl
G1 F1500 E149.90599
G1 F679.1 X60.796 Y149.472 E149.96187
G0 F12000 X61.493 Y149.775
G1 F703.7 X61.796 Y150.472 E149.97651
G1 X61.81 Y149.458 E149.99604
G1 X60.796 Y149.472 E150.01557
G1 X61.493 Y149.775 E150.0302
G0 F12000 X61.796 Y150.472
G1 F679.1 X61.796 Y154.37 E150.10799
G0 F12000 X61.636 Y149.636
G0 X61.22 Y149.564
G0 X61.22 Y150.048
G1 F679.1 X61.396 Y150.472 E150.11715
G1 X61.396 Y154.77 E150.20292
G1 X62.196 Y154.769 E150.21889
G1 X62.196 Y149.072 E150.33258
G1 X57.596 Y149.072 E150.42438
G1 X57.596 Y149.872 E150.44034
G1 X60.796 Y149.872 E150.5042
G1 X61.22 Y150.048 E150.51336
G0 F12000 X60.996 Y150.472
;TYPE:WALL-OUTER
G1 F679.1 X60.996 Y155.171 E150.60714
G1 X62.596 Y155.168 E150.63907
G1 X62.596 Y148.672 E150.7687
G1 X57.196 Y148.672 E150.87646
G1 X57.196 Y150.272 E150.90839
G1 X60.796 Y150.272 E150.98023
G1 X60.938 Y150.33 E150.9833
G1 X60.996 Y150.472 E150.98636
G1 F1500 E144.48636
G0 F12000 X61.308 Y150.472
G0 X61.793 Y154.961
G0 X61.794 Y156.036
G0 X61.794 Y156.913
G0 X61.795 Y157.988
G0 X61.796 Y158.576
;TYPE:WALL-INNER
G1 F1500 E150.98636
G1 F679.1 X61.796 Y162.472 E151.06411
G1 F667.4 X61.789 Y162.646 E151.06764
G0 F12000 X61.493 Y163.169
G1 F689.4 X60.97 Y163.465 E151.07945
G1 X61.81 Y163.486 E151.09597
G1 F691.2 X61.789 Y162.646 E151.11245
G1 X61.493 Y163.169 E151.12423
G0 F12000 X60.97 Y163.465
G1 F665.8 X60.796 Y163.472 E151.12777
G1 F679.1 X57.996 Y163.472 E151.18365
G0 F12000 X61.636 Y163.312
G0 X61.708 Y162.896
G0 X61.22 Y162.896
G1 F679.1 X60.885 Y163.072 E151.1912
G1 X57.596 Y163.072 E151.25684
G1 X57.596 Y163.872 E151.2728
G1 X62.196 Y163.872 E151.3646
G1 X62.196 Y158.176 E151.47827
G1 X61.396 Y158.176 E151.49424
G1 X61.396 Y162.561 E151.58174
G1 X61.22 Y162.896 E151.58929
G0 F12000 X60.994 Y162.507
;TYPE:WALL-OUTER
G1 F679.1 X60.938 Y162.614 E151.5917
G1 X60.831 Y162.67 E151.59411
G1 X57.196 Y162.672 E151.66665
G1 X57.196 Y164.272 E151.69858
G1 X62.596 Y164.272 E151.80635
G1 X62.596 Y157.776 E151.93598
G1 X60.996 Y157.776 E151.96791
G1 X60.994 Y162.507 E152.06232
G1 F1500 E145.56232
;MESH:NONMESH
G0 F300 X60.994 Y162.507 Z5.52
G0 F12000 X61.308 Y162.507
G0 X61.222 Y158.002
G0 X61.221 Y156.913
G0 X60.145 Y156.025
G0 X60.145 Y151.127
G0 X61.222 Y150.05
G0 X57.996 Y149.472
;TIME_ELAPSED:567.061660
;LAYER:45
;note -- min layer time used
;TYPE:WALL-INNER
;MESH:MotorMount_v3.stl
G1 F1500 E152.06232
G1 F669.1 X60.796 Y149.472 E152.1182
G0 F12000 X61.493 Y149.775
G1 F693.4 X61.796 Y150.472 E152.13284
G1 X61.81 Y149.458 E152.15237
G1 X60.796 Y149.472 E152.1719
G1 X61.493 Y149.775 E152.18653
G0 F12000 X61.796 Y150.472
G1 F669.1 X61.796 Y154.212 E152.26117
G0 F12000 X61.636 Y149.636
G0 X61.22 Y149.564
G0 X61.22 Y150.048
G1 F669.1 X61.396 Y150.472 E152.27033
G1 X61.396 Y154.612 E152.35295
G1 X62.196 Y154.612 E152.36891
G1 X62.196 Y149.072 E152.47947
G1 X57.596 Y149.072 E152.57127
G1 X57.596 Y149.872 E152.58723
G1 X60.796 Y149.872 E152.65109
G1 X61.22 Y150.048 E152.66025
G0 F12000 X60.996 Y150.472
;TYPE:WALL-OUTER
G1 F669.1 X60.996 Y155.012 E152.75085
G1 X62.596 Y155.012 E152.78278
G1 X62.596 Y148.672 E152.9093
G1 X57.196 Y148.672 E153.01707
G1 X57.196 Y150.272 E153.049
G1 X60.796 Y150.272 E153.12084
G1 X60.938 Y150.33 E153.1239
G1 X60.996 Y150.472 E153.12696
G1 F1500 E146.62696
G0 F12000 X61.308 Y150.472
G0 X61.796 Y154.783
G0 X61.796 Y155.878
G0 X61.797 Y157.072
G0 X61.798 Y158.147
G0 X61.796 Y158.736
;TYPE:WALL-INNER
G1 F1500 E153.12696
G1 F669.1 X61.796 Y162.472 E153.20152
G1 F657.6 X61.789 Y162.646 E153.20505
G0 F12000 X61.493 Y163.169
G1 F679.3 X60.97 Y163.465 E153.21687
G1 X61.81 Y163.486 E153.23338
G1 F681 X61.789 Y162.646 E153.24986
G1 X61.493 Y163.169 E153.26164
G0 F12000 X60.97 Y163.465
G1 F656 X60.796 Y163.472 E153.26518
G1 F669.1 X57.996 Y163.472 E153.32106
G0 F12000 X61.636 Y163.312
G0 X61.708 Y162.896
G0 X61.22 Y162.896
G1 F669.1 X60.885 Y163.072 E153.32861
G1 X57.596 Y163.072 E153.39425
G1 X57.596 Y163.872 E153.41021
G1 X62.196 Y163.872 E153.50201
G1 X62.196 Y158.336 E153.61249
G1 X61.396 Y158.336 E153.62845
G1 X61.396 Y162.561 E153.71277
G1 X61.22 Y162.896 E153.72032
G0 F12000 X60.994 Y162.507
;TYPE:WALL-OUTER
G1 F669.1 X60.938 Y162.614 E153.72273
G1 X60.831 Y162.67 E153.72514
G1 X57.196 Y162.672 E153.79768
G1 X57.196 Y164.272 E153.82961
G1 X62.596 Y164.272 E153.93737
G1 X62.596 Y157.936 E154.06381
G1 X60.996 Y157.936 E154.09574
G1 X60.994 Y162.507 E154.18696
G1 F1500 E147.68696
;MESH:NONMESH
G0 F300 X60.994 Y162.507 Z5.64
G0 F12000 X61.308 Y162.507
G0 X61.222 Y158.161
G0 X61.221 Y157.072
G0 X60.145 Y155.866
G0 X60.145 Y151.127
G0 X61.222 Y150.05
G0 X57.996 Y149.472
;TIME_ELAPSED:579.754902
;LAYER:46
;note -- min layer time used
;TYPE:WALL-INNER
;MESH:MotorMount_v3.stl
G1 F1500 E154.18696
G1 F660.7 X60.796 Y149.472 E154.24284
G0 F12000 X61.493 Y149.775
G1 F684.7 X61.796 Y150.472 E154.25748
G1 X61.81 Y149.458 E154.27701
G1 X60.796 Y149.472 E154.29653
G1 X61.493 Y149.775 E154.31117
G0 F12000 X61.796 Y150.472
G1 F660.7 X61.796 Y154.076 E154.38309
G0 F12000 X61.636 Y149.636
G0 X61.22 Y149.564
G0 X61.22 Y150.048
G1 F660.7 X61.396 Y150.472 E154.39225
G1 X61.396 Y154.476 E154.47216
G1 X62.196 Y154.476 E154.48812
G1 X62.196 Y149.072 E154.59597
G1 X57.596 Y149.072 E154.68776
G1 X57.596 Y149.872 E154.70373
G1 X60.796 Y149.872 E154.76759
G1 X61.22 Y150.048 E154.77675
G0 F12000 X60.996 Y150.472
;TYPE:WALL-OUTER
G1 F660.7 X60.996 Y154.876 E154.86464
G1 X62.596 Y154.876 E154.89657
G1 X62.596 Y148.672 E155.02037
G1 X57.196 Y148.672 E155.12814
G1 X57.196 Y150.272 E155.16007
G1 X60.796 Y150.272 E155.23191
G1 X60.938 Y150.33 E155.23497
G1 X60.996 Y150.472 E155.23803
G1 F1500 E148.73803
G0 F12000 X61.308 Y150.472
G0 X61.796 Y154.649
G0 X61.796 Y155.744
G0 X61.798 Y157.206
G0 X61.799 Y158.281
G0 X61.796 Y158.868
;TYPE:WALL-INNER
G1 F1500 E155.23803
G1 F660.7 X61.796 Y162.472 E155.30995
G1 F649.3 X61.789 Y162.646 E155.31349
G0 F12000 X61.493 Y163.169
G1 F670.8 X60.97 Y163.465 E155.3253
G1 X61.81 Y163.486 E155.34182
G1 F672.5 X61.789 Y162.646 E155.35829
G1 X61.493 Y163.169 E155.37007
G0 F12000 X60.97 Y163.465
G1 F647.7 X60.796 Y163.472 E155.37362
G1 F660.7 X57.996 Y163.472 E155.4295
G0 F12000 X61.636 Y163.312
G0 X61.708 Y162.896
G0 X61.22 Y162.896
G1 F660.7 X60.885 Y163.072 E155.43705
G1 X57.596 Y163.072 E155.50268
G1 X57.596 Y163.872 E155.51865
G1 X62.196 Y163.872 E155.61045
G1 X62.196 Y158.468 E155.71829
G1 X61.396 Y158.468 E155.73425
G1 X61.396 Y162.561 E155.81593
G1 X61.22 Y162.896 E155.82349
G0 F12000 X60.994 Y162.507
;TYPE:WALL-OUTER
G1 F660.7 X60.938 Y162.614 E155.8259
G1 X60.831 Y162.67 E155.82831
G1 X57.196 Y162.672 E155.90085
G1 X57.196 Y164.272 E155.93278
G1 X62.596 Y164.272 E156.04054
G1 X62.596 Y158.068 E156.16435
G1 X60.996 Y158.068 E156.19628
G1 X60.994 Y162.507 E156.28486
G1 F1500 E149.78486
;MESH:NONMESH
G0 F300 X60.994 Y162.507 Z5.76
G0 F12000 X61.308 Y162.507
G0 X61.222 Y158.295
G0 X61.221 Y157.206
G0 X60.145 Y155.732
G0 X60.145 Y151.127
G0 X61.222 Y150.05
G0 X57.996 Y149.472
;TIME_ELAPSED:592.431841
;LAYER:47
;note -- min layer time used
;TYPE:WALL-INNER
;MESH:MotorMount_v3.stl
G1 F1500 E156.28486
G1 F653.3 X60.796 Y149.472 E156.34074
G0 F12000 X61.493 Y149.775
G1 F677 X61.796 Y150.472 E156.35537
G1 X61.81 Y149.458 E156.3749
G1 X60.796 Y149.472 E156.39443
G1 X61.493 Y149.775 E156.40907
G0 F12000 X61.796 Y150.472
G1 F653.3 X61.796 Y153.96 E156.47867
G0 F12000 X61.636 Y149.636
G0 X61.22 Y149.564
G0 X61.22 Y150.048
G1 F653.3 X61.396 Y150.472 E156.48784
G1 X61.396 Y154.36 E156.56543
G1 X62.196 Y154.36 E156.58139
G1 X62.196 Y149.072 E156.68692
G1 X57.596 Y149.072 E156.77872
G1 X57.596 Y149.872 E156.79468
G1 X60.796 Y149.872 E156.85854
G1 X61.22 Y150.048 E156.8677
G0 F12000 X60.996 Y150.472
;TYPE:WALL-OUTER
G1 F653.3 X60.996 Y154.76 E156.95327
G1 X62.596 Y154.76 E156.9852
G1 X62.596 Y148.672 E157.1067
G1 X57.196 Y148.672 E157.21446
G1 X57.196 Y150.272 E157.24639
G1 X60.796 Y150.272 E157.31823
G1 X60.938 Y150.33 E157.32129
G1 X60.996 Y150.472 E157.32435
G1 F1500 E150.82435
G0 F12000 X61.308 Y150.472
G0 X61.801 Y154.531
G0 X61.801 Y155.626
G0 X61.801 Y157.323
G0 X61.801 Y158.418
G0 X61.796 Y158.988
;TYPE:WALL-INNER
G1 F1500 E157.32435
G1 F653.3 X61.796 Y162.472 E157.39388
G1 F642.1 X61.789 Y162.646 E157.39742
G0 F12000 X61.493 Y163.169
G1 F663.2 X60.97 Y163.465 E157.40923
G1 X61.81 Y163.486 E157.42574
G1 F664.9 X61.789 Y162.646 E157.44222
G1 X61.493 Y163.169 E157.454
G0 F12000 X60.97 Y163.465
G1 F640.5 X60.796 Y163.472 E157.45755
G1 F653.3 X57.996 Y163.472 E157.51342
G0 F12000 X61.636 Y163.312
G0 X61.708 Y162.896
G0 X61.22 Y162.896
G1 F653.3 X60.885 Y163.072 E157.52098
G1 X57.596 Y163.072 E157.58661
G1 X57.596 Y163.872 E157.60258
G1 X62.196 Y163.872 E157.69437
G1 X62.196 Y158.588 E157.79982
G1 X61.396 Y158.588 E157.81579
G1 X61.396 Y162.561 E157.89507
G1 X61.22 Y162.896 E157.90262
G0 F12000 X60.994 Y162.507
;TYPE:WALL-OUTER
G1 F653.3 X60.938 Y162.614 E157.90503
G1 X60.831 Y162.67 E157.90744
G1 X57.196 Y162.672 E157.97999
G1 X57.196 Y164.272 E158.01191
G1 X62.596 Y164.272 E158.11968
G1 X62.596 Y158.188 E158.24109
G1 X60.996 Y158.188 E158.27302
G1 X60.994 Y162.507 E158.35921
G1 F1500 E151.85921
;MESH:NONMESH
G0 F300 X60.994 Y162.507 Z5.88
G0 F12000 X61.308 Y162.507
G0 X61.222 Y158.412
G0 X61.222 Y157.323
G0 X60.145 Y155.613
G0 X60.145 Y151.127
G0 X61.222 Y150.05
G0 X57.996 Y149.472
;TIME_ELAPSED:605.094725
;LAYER:48
;note -- min layer time used
;TYPE:WALL-INNER
;MESH:MotorMount_v3.stl
G1 F1500 E158.35921
G1 F647.8 X60.796 Y149.472 E158.41509
G0 F12000 X61.493 Y149.775
G1 F671.3 X61.796 Y150.472 E158.42972
G1 X61.81 Y149.458 E158.44925
G1 X60.796 Y149.472 E158.46878
G1 X61.493 Y149.775 E158.48342
G0 F12000 X61.796 Y150.472
G1 F647.8 X61.796 Y153.872 E158.55127
G0 F12000 X61.636 Y149.636
G0 X61.22 Y149.564
G0 X61.22 Y150.048
G1 F647.8 X61.396 Y150.472 E158.56043
G1 X61.396 Y154.272 E158.63626
G1 X62.196 Y154.272 E158.65223
G1 X62.196 Y149.072 E158.756
G1 X57.596 Y149.072 E158.8478
G1 X57.596 Y149.872 E158.86376
G1 X60.796 Y149.872 E158.92762
G1 X61.22 Y150.048 E158.93678
G0 F12000 X60.996 Y150.472
;TYPE:WALL-OUTER
G1 F647.8 X60.996 Y154.672 E159.0206
G1 X62.596 Y154.672 E159.05253
G1 X62.596 Y148.672 E159.17226
G1 X57.196 Y148.672 E159.28003
G1 X57.196 Y150.272 E159.31196
G1 X60.796 Y150.272 E159.3838
G1 X60.938 Y150.33 E159.38686
G1 X60.996 Y150.472 E159.38992
G1 F1500 E152.88992
G0 F12000 X61.308 Y150.472
G0 X61.801 Y154.443
G0 X61.801 Y155.538
G0 X61.801 Y157.411
G0 X61.801 Y158.506
G0 X61.796 Y159.076
;TYPE:WALL-INNER
G1 F1500 E159.38992
G1 F647.8 X61.796 Y162.472 E159.45769
G1 F636.6 X61.789 Y162.646 E159.46123
G0 F12000 X61.493 Y163.169
G1 F657.6 X60.97 Y163.465 E159.47304
G1 X61.81 Y163.486 E159.48956
G1 F659.3 X61.789 Y162.646 E159.50603
G1 X61.493 Y163.169 E159.51782
G0 F12000 X60.97 Y163.465
G1 F635.1 X60.796 Y163.472 E159.52136
G1 F647.8 X57.996 Y163.472 E159.57724
G0 F12000 X61.636 Y163.312
G0 X61.708 Y162.896
G0 X61.22 Y162.896
G1 F647.8 X60.885 Y163.072 E159.58479
G1 X57.596 Y163.072 E159.65042
G1 X57.596 Y163.872 E159.66639
G1 X62.196 Y163.872 E159.75819
G1 X62.196 Y158.676 E159.86188
G1 X61.396 Y158.676 E159.87784
G1 X61.396 Y162.561 E159.95537
G1 X61.22 Y162.896 E159.96293
G0 F12000 X60.994 Y162.507
;TYPE:WALL-OUTER
G1 F647.8 X60.938 Y162.614 E159.96534
G1 X60.831 Y162.67 E159.96775
G1 X57.196 Y162.672 E160.04029
G1 X57.196 Y164.272 E160.07222
G1 X62.596 Y164.272 E160.17998
G1 X62.596 Y158.276 E160.29963
G1 X60.996 Y158.276 E160.33156
G1 X60.994 Y162.507 E160.416
G1 F1500 E153.916
;MESH:NONMESH
G0 F300 X60.994 Y162.507 Z6
G0 F12000 X61.308 Y162.507
G0 X61.222 Y158.5
G0 X61.222 Y157.411
G0 X60.145 Y155.525
G0 X60.145 Y151.127
G0 X61.222 Y150.05
G0 X57.996 Y149.472
;TIME_ELAPSED:617.747064
;LAYER:49
;note -- min layer time used
;TYPE:WALL-INNER
;MESH:MotorMount_v3.stl
G1 F1500 E160.416
G1 F642.4 X60.796 Y149.472 E160.47188
G0 F12000 X61.493 Y149.775
G1 F665.7 X61.796 Y150.472 E160.48651
G1 X61.81 Y149.458 E160.50604
G1 X60.796 Y149.472 E160.52557
G1 X61.493 Y149.775 E160.54021
G0 F12000 X61.796 Y150.472
G1 F642.4 X61.796 Y153.784 E160.6063
G0 F12000 X61.636 Y149.636
G0 X61.22 Y149.564
G0 X61.22 Y150.048
G1 F642.4 X61.396 Y150.472 E160.61546
G1 X61.396 Y154.184 E160.68954
G1 X62.196 Y154.184 E160.7055
G1 X62.196 Y149.072 E160.80752
G1 X57.596 Y149.072 E160.89932
G1 X57.596 Y149.872 E160.91528
G1 X60.796 Y149.872 E160.97914
G1 X61.22 Y150.048 E160.9883
G0 F12000 X60.996 Y150.472
;TYPE:WALL-OUTER
G1 F642.4 X60.996 Y154.584 E161.07036
G1 X62.596 Y154.584 E161.10229
G1 X62.596 Y148.672 E161.22027
G1 X57.196 Y148.672 E161.32804
G1 X57.196 Y150.272 E161.35997
G1 X60.796 Y150.272 E161.43181
G1 X60.938 Y150.33 E161.43487
G1 X60.996 Y150.472 E161.43793
G1 F1500 E154.93793
G0 F12000 X61.308 Y150.472
G0 X61.802 Y154.356
G0 X61.802 Y155.451
G0 X61.802 Y157.498
G0 X61.802 Y158.593
G0 X61.796 Y159.16
;TYPE:WALL-INNER
G1 F1500 E161.43793
G1 F642.4 X61.796 Y162.472 E161.50402
G1 F631.3 X61.789 Y162.646 E161.50756
G0 F12000 X61.493 Y163.169
G1 F652.2 X60.97 Y163.465 E161.51937
G1 X61.81 Y163.486 E161.53589
G1 F653.8 X61.789 Y162.646 E161.55236
G1 X61.493 Y163.169 E161.56415
G0 F12000 X60.97 Y163.465
G1 F629.8 X60.796 Y163.472 E161.56769
G1 F642.4 X57.996 Y163.472 E161.62357
G0 F12000 X61.636 Y163.312
G0 X61.708 Y162.896
G0 X61.22 Y162.896
G1 F642.4 X60.885 Y163.072 E161.63112
G1 X57.596 Y163.072 E161.69676
G1 X57.596 Y163.872 E161.71272
G1 X62.196 Y163.872 E161.80452
G1 X62.196 Y158.76 E161.90653
G1 X61.396 Y158.76 E161.9225
G1 X61.396 Y162.561 E161.99835
G1 X61.22 Y162.896 E162.0059
G0 F12000 X60.994 Y162.507
;TYPE:WALL-OUTER
G1 F642.4 X60.938 Y162.614 E162.00831
G1 X60.831 Y162.67 E162.01072
G1 X57.196 Y162.672 E162.08326
G1 X57.196 Y164.272 E162.11519
G1 X62.596 Y164.272 E162.22296
G1 X62.596 Y158.36 E162.34094
G1 X60.996 Y158.36 E162.37287
G1 X60.994 Y162.507 E162.45562
G1 F1500 E155.95562
;MESH:NONMESH
G0 F300 X60.994 Y162.507 Z6.12
G0 F12000 X61.308 Y162.507
G0 X61.222 Y158.587
G0 X61.222 Y157.498
G0 X60.145 Y155.438
G0 X60.145 Y151.127
G0 X61.222 Y150.05
G0 X57.996 Y149.472
;TIME_ELAPSED:630.389047
;LAYER:50
;note -- min layer time used
;TYPE:WALL-INNER
;MESH:MotorMount_v3.stl
G1 F1500 E162.45562
G1 F638 X60.796 Y149.472 E162.5115
G0 F12000 X61.493 Y149.775
G1 F661.1 X61.796 Y150.472 E162.52614
G1 X61.81 Y149.458 E162.54567
G1 X60.796 Y149.472 E162.5652
G1 X61.493 Y149.775 E162.57983
G0 F12000 X61.796 Y150.472
G1 F638 X61.796 Y153.716 E162.64457
G0 F12000 X61.636 Y149.636
G0 X61.22 Y149.564
G0 X61.22 Y150.048
G1 F638 X61.396 Y150.472 E162.65373
G1 X61.396 Y154.116 E162.72645
G1 X62.196 Y154.116 E162.74242
G1 X62.196 Y149.072 E162.84307
G1 X57.596 Y149.072 E162.93487
G1 X57.596 Y149.872 E162.95084
G1 X60.796 Y149.872 E163.0147
G1 X61.22 Y150.048 E163.02386
G0 F12000 X60.996 Y150.472
;TYPE:WALL-OUTER
G1 F638 X60.996 Y154.516 E163.10456
G1 X62.596 Y154.516 E163.13649
G1 X62.596 Y148.672 E163.25311
G1 X57.196 Y148.672 E163.36088
G1 X57.196 Y150.272 E163.39281
G1 X60.796 Y150.272 E163.46465
G1 X60.938 Y150.33 E163.46771
G1 X60.996 Y150.472 E163.47077
G1 F1500 E156.97077
G0 F12000 X61.308 Y150.472
G0 X61.796 Y154.286
G0 X61.796 Y155.381
G0 X61.796 Y157.568
G0 X61.796 Y158.663
G0 X61.796 Y159.232
;TYPE:WALL-INNER
G1 F1500 E163.47077
G1 F638 X61.796 Y162.472 E163.53543
G1 F627 X61.789 Y162.646 E163.53896
G0 F12000 X61.493 Y163.169
G1 F647.7 X60.97 Y163.465 E163.55078
G1 X61.81 Y163.486 E163.56729
G1 F649.4 X61.789 Y162.646 E163.58377
G1 X61.493 Y163.169 E163.59555
G0 F12000 X60.97 Y163.465
G1 F625.5 X60.796 Y163.472 E163.5991
G1 F638 X57.996 Y163.472 E163.65497
G0 F12000 X61.636 Y163.312
G0 X61.708 Y162.896
G0 X61.22 Y162.896
G1 F638 X60.885 Y163.072 E163.66252
G1 X57.596 Y163.072 E163.72816
G1 X57.596 Y163.872 E163.74412
G1 X62.196 Y163.872 E163.83592
G1 X62.196 Y158.832 E163.9365
G1 X61.396 Y158.832 E163.95247
G1 X61.396 Y162.561 E164.02688
G1 X61.22 Y162.896 E164.03443
G0 F12000 X60.994 Y162.507
;TYPE:WALL-OUTER
G1 F638 X60.938 Y162.614 E164.03684
G1 X60.831 Y162.67 E164.03925
G1 X57.196 Y162.672 E164.11179
G1 X57.196 Y164.272 E164.14372
G1 X62.596 Y164.272 E164.25149
G1 X62.596 Y158.432 E164.36803
G1 X60.996 Y158.432 E164.39996
G1 X60.994 Y162.507 E164.48128
G1 F1500 E157.98128
;MESH:NONMESH
G0 F300 X60.994 Y162.507 Z6.24
G0 F12000 X61.308 Y162.507
G0 X61.222 Y158.657
G0 X61.222 Y157.568
G0 X60.145 Y155.369
G0 X60.145 Y151.127
G0 X61.222 Y150.05
G0 X57.996 Y149.472
;TIME_ELAPSED:643.022896
;LAYER:51
;note -- min layer time used
;TYPE:WALL-INNER
;MESH:MotorMount_v3.stl
G1 F1500 E164.48128
G1 F634.6 X60.796 Y149.472 E164.53716
G0 F12000 X61.493 Y149.775
G1 F657.6 X61.796 Y150.472 E164.55179
G1 X61.81 Y149.458 E164.57132
G1 X60.796 Y149.472 E164.59085
G1 X61.493 Y149.775 E164.60549
G0 F12000 X61.796 Y150.472
G1 F634.6 X61.796 Y153.66 E164.66911
G0 F12000 X61.636 Y149.636
G0 X61.22 Y149.564
G0 X61.22 Y150.048
G1 F634.6 X61.396 Y150.472 E164.67827
G1 X61.396 Y154.06 E164.74987
G1 X62.196 Y154.06 E164.76584
G1 X62.196 Y149.072 E164.86538
G1 X57.596 Y149.072 E164.95718
G1 X57.596 Y149.872 E164.97314
G1 X60.796 Y149.872 E165.037
G1 X61.22 Y150.048 E165.04616
G0 F12000 X60.996 Y150.472
;TYPE:WALL-OUTER
G1 F634.6 X60.996 Y154.46 E165.12575
G1 X62.596 Y154.46 E165.15768
G1 X62.596 Y148.672 E165.27318
G1 X57.196 Y148.672 E165.38095
G1 X57.196 Y150.272 E165.41288
G1 X60.796 Y150.272 E165.48472
G1 X60.938 Y150.33 E165.48778
G1 X60.996 Y150.472 E165.49084
G1 F1500 E158.99084
G0 F12000 X61.308 Y150.472
G0 X61.796 Y154.232
G0 X61.796 Y155.327
G0 X61.796 Y157.622
G0 X61.796 Y158.717
G0 X61.796 Y159.284
;TYPE:WALL-INNER
G1 F1500 E165.49084
G1 F634.6 X61.796 Y162.472 E165.55446
G1 F623.7 X61.789 Y162.646 E165.55799
G0 F12000 X61.493 Y163.169
G1 F644.3 X60.97 Y163.465 E165.56981
G1 X61.81 Y163.486 E165.58632
G1 F645.9 X61.789 Y162.646 E165.6028
G1 X61.493 Y163.169 E165.61458
G0 F12000 X60.97 Y163.465
G1 F622.2 X60.796 Y163.472 E165.61813
G1 F634.6 X57.996 Y163.472 E165.674
G0 F12000 X61.636 Y163.312
G0 X61.708 Y162.896
G0 X61.22 Y162.896
G1 F634.6 X60.885 Y163.072 E165.68156
G1 X57.596 Y163.072 E165.74719
G1 X57.596 Y163.872 E165.76316
G1 X62.196 Y163.872 E165.85495
G1 X62.196 Y158.884 E165.9545
G1 X61.396 Y158.884 E165.97046
G1 X61.396 Y162.561 E166.04384
G1 X61.22 Y162.896 E166.05139
G0 F12000 X60.994 Y162.507
;TYPE:WALL-OUTER
G1 F634.6 X60.938 Y162.614 E166.0538
G1 X60.831 Y162.67 E166.05621
G1 X57.196 Y162.672 E166.12875
G1 X57.196 Y164.272 E166.16068
G1 X62.596 Y164.272 E166.26844
G1 X62.596 Y158.484 E166.38395
G1 X60.996 Y158.484 E166.41588
G1 X60.994 Y162.507 E166.49616
G1 F1500 E159.99616
;MESH:NONMESH
G0 F300 X60.994 Y162.507 Z6.36
G0 F12000 X61.308 Y162.507
G0 X61.222 Y158.711
G0 X61.222 Y157.622
G0 X60.145 Y155.315
G0 X60.145 Y151.127
G0 X61.222 Y150.05
G0 X57.996 Y149.472
;TIME_ELAPSED:655.650407
;LAYER:52
;note -- min layer time used
;TYPE:WALL-INNER
;MESH:MotorMount_v3.stl
G1 F1500 E166.49616
G1 F628.9 X60.796 Y149.472 E166.55204
G0 F12000 X61.493 Y149.775
G1 F651.7 X61.796 Y150.472 E166.56668
G1 X61.81 Y149.458 E166.5862
G1 X60.796 Y149.472 E166.60573
G1 X61.493 Y149.775 E166.62037
G0 F12000 X61.796 Y150.472
G1 F628.9 X61.796 Y150.668 E166.62428
G0 F12000 X61.22 Y150.048
G1 F628.9 X61.396 Y150.472 E166.63344
G1 X61.396 Y151.068 E166.64534
G1 X62.196 Y151.068 E166.6613
G1 X62.196 Y149.072 E166.70113
G1 X57.596 Y149.072 E166.79293
G1 X57.596 Y149.872 E166.8089
G1 X60.796 Y149.872 E166.87276
G1 X61.22 Y150.048 E166.88192
G0 F12000 X60.996 Y150.472
;TYPE:WALL-OUTER
G1 F628.9 X60.996 Y151.468 E166.90179
G1 X62.596 Y151.468 E166.93372
G1 X62.596 Y148.672 E166.98952
G1 X57.196 Y148.672 E167.09728
G1 X57.196 Y150.272 E167.12921
G1 X60.796 Y150.272 E167.20105
G1 X60.938 Y150.33 E167.20412
G1 X60.996 Y150.472 E167.20718
G1 F1500 E160.70718
G0 F12000 X61.308 Y150.472
G0 X61.795 Y151.26
G0 X61.796 Y152.589
G0 X61.796 Y153.176
;TYPE:WALL-INNER
G1 F1500 E167.20718
G1 F628.9 X61.796 Y153.608 E167.2158
G0 F12000 X62.196 Y154.008
G1 F628.9 X62.196 Y152.776 E167.24038
G1 X61.396 Y152.776 E167.25635
G1 X61.396 Y154.008 E167.28093
G1 X62.196 Y154.008 E167.2969
G0 F12000 X62.596 Y154.408
;TYPE:WALL-OUTER
G1 F628.9 X62.596 Y152.376 E167.33745
G1 X60.996 Y152.376 E167.36938
G1 X60.996 Y154.408 E167.40993
G1 X62.596 Y154.408 E167.44186
G1 F1500 E160.94186
G0 F12000 X62.318 Y154.129
G0 X61.796 Y154.179
G0 X61.796 Y155.274
G0 X61.796 Y157.675
G0 X61.796 Y158.77
G0 X61.796 Y159.34
;TYPE:WALL-INNER
G1 F1500 E167.44186
G1 F628.9 X61.796 Y159.768 E167.4504
G0 F12000 X62.196 Y160.168
G1 F628.9 X62.196 Y158.94 E167.47491
G1 X61.396 Y158.94 E167.49087
G1 X61.396 Y160.168 E167.51538
G1 X62.196 Y160.168 E167.53134
G0 F12000 X62.596 Y160.568
;TYPE:WALL-OUTER
G1 F628.9 X62.596 Y158.54 E167.57181
G1 X60.996 Y158.54 E167.60374
G1 X60.996 Y160.568 E167.64421
G1 X62.596 Y160.568 E167.67614
G1 F1500 E161.17614
G0 F12000 X62.318 Y160.29
G0 X61.795 Y160.36
G0 X61.796 Y161.689
G0 X61.796 Y162.276
;TYPE:WALL-INNER
G1 F1500 E167.67614
G1 F618.1 X61.789 Y162.646 E167.68366
G0 F12000 X61.493 Y163.169
G1 F638.4 X60.97 Y163.465 E167.69547
G1 X61.81 Y163.486 E167.71199
G1 F640.1 X61.789 Y162.646 E167.72846
G1 X61.493 Y163.169 E167.74025
G0 F12000 X60.97 Y163.465
G1 F616.5 X60.796 Y163.472 E167.74379
G1 F628.9 X57.996 Y163.472 E167.79967
G0 F12000 X61.636 Y163.312
G0 X61.708 Y162.896
G0 X61.22 Y162.896
G1 F628.9 X60.885 Y163.072 E167.80722
G1 X57.596 Y163.072 E167.87286
G1 X57.596 Y163.872 E167.88882
G1 X62.196 Y163.872 E167.98062
G1 X62.196 Y161.876 E168.02045
G1 X61.396 Y161.876 E168.03642
G1 X61.396 Y162.561 E168.05009
G1 X61.22 Y162.896 E168.05764
G0 F12000 X60.994 Y162.507
;TYPE:WALL-OUTER
G1 F628.9 X60.938 Y162.614 E168.06005
G1 X60.831 Y162.67 E168.06246
G1 X57.196 Y162.672 E168.135
G1 X57.196 Y164.272 E168.16693
G1 X62.596 Y164.272 E168.27469
G1 X62.596 Y161.476 E168.33049
G1 X60.996 Y161.476 E168.36242
G1 X60.994 Y162.507 E168.38299
G1 F1500 E161.88299
;MESH:NONMESH
G0 F300 X60.994 Y162.507 Z6.48
G0 F12000 X61.308 Y162.507
G0 X61.222 Y161.703
G0 X60.133 Y161.703
G0 X60.145 Y151.127
G0 X61.222 Y150.05
G0 X57.996 Y149.472
;TIME_ELAPSED:669.392092
;LAYER:53
;note -- min layer time used
;TYPE:WALL-INNER
;MESH:MotorMount_v3.stl
G1 F1500 E168.38299
G1 F600 X60.796 Y149.472 E168.43887
G0 F12000 X61.493 Y149.775
G1 F645.2 X61.782 Y150.466 E168.45277
G1 X61.81 Y150.466 E168.45329
G1 X61.81 Y149.458 E168.472
G1 F621.8 X60.796 Y149.472 E168.49153
G1 X61.493 Y149.775 E168.50616
G0 F12000 X61.22 Y150.048
G1 F600 X61.396 Y150.46 E168.5151
G1 X61.396 Y150.852 E168.52293
G1 X62.196 Y150.852 E168.53889
G1 X62.196 Y149.072 E168.57441
G1 X57.596 Y149.072 E168.66621
G1 X57.596 Y149.872 E168.68217
G1 X60.796 Y149.872 E168.74603
G1 X61.22 Y150.048 E168.7552
G0 F12000 X60.996 Y150.468
;TYPE:WALL-OUTER
G1 F600 X60.996 Y151.252 E168.77084
G1 X62.596 Y151.252 E168.80277
G1 X62.596 Y148.672 E168.85426
G1 X57.196 Y148.672 E168.96202
G1 X57.196 Y150.272 E168.99395
G1 X60.796 Y150.272 E169.06579
G1 X60.938 Y150.33 E169.06885
G1 X60.996 Y150.468 E169.07184
G1 F1500 E162.57184
G0 F12000 X61.308 Y150.468
G0 X61.795 Y151.044
G0 X61.796 Y152.805
G0 X61.796 Y153.392
;TYPE:WALL-INNER
G1 F1500 E169.07184
G1 F600 X61.796 Y153.564 E169.07527
G0 F12000 X62.196 Y153.964
G1 F600 X62.196 Y152.992 E169.09467
G1 X61.396 Y152.992 E169.11064
G1 X61.396 Y153.964 E169.13003
G1 X62.196 Y153.964 E169.146
G0 F12000 X62.596 Y154.364
;TYPE:WALL-OUTER
G1 F600 X62.596 Y152.592 E169.18136
G1 X60.996 Y152.592 E169.21329
G1 X60.996 Y154.364 E169.24865
G1 X62.596 Y154.364 E169.28058
G1 F1500 E162.78058
G0 F12000 X62.318 Y154.084
G0 X61.796 Y154.134
G0 X61.796 Y155.229
G0 X61.796 Y157.72
G0 X61.796 Y158.815
G0 X61.796 Y159.384
;TYPE:WALL-INNER
G1 F1500 E169.28058
G1 F600 X61.796 Y159.552 E169.28393
G0 F12000 X62.196 Y159.952
G1 F600 X62.196 Y158.984 E169.30325
G1 X61.396 Y158.984 E169.31922
G1 X61.396 Y159.952 E169.33853
G1 X62.196 Y159.952 E169.3545
G0 F12000 X62.596 Y160.352
;TYPE:WALL-OUTER
G1 F600 X62.596 Y158.584 E169.38978
G1 X60.996 Y158.584 E169.42171
G1 X60.996 Y160.352 E169.45699
G1 X62.596 Y160.352 E169.48892
G1 F1500 E162.98892
G0 F12000 X62.318 Y160.074
G0 X61.795 Y160.144
G0 X61.796 Y161.905
G0 X61.796 Y162.492
;TYPE:WALL-INNER
G1 F1500 E169.48892
G1 F589.7 X61.789 Y162.646 E169.49205
G0 F12000 X61.493 Y163.169
G1 F609.1 X60.97 Y163.465 E169.50387
G1 X61.81 Y163.486 E169.52038
G1 F610.7 X61.789 Y162.646 E169.53686
G1 X61.493 Y163.169 E169.54864
G0 F12000 X60.97 Y163.465
G1 F588.2 X60.796 Y163.472 E169.55218
G1 F600 X57.996 Y163.472 E169.60806
G0 F12000 X61.636 Y163.312
G0 X61.708 Y162.896
G0 X61.22 Y162.896
G1 F600 X60.885 Y163.072 E169.61561
G1 X57.596 Y163.072 E169.68125
G1 X57.596 Y163.872 E169.69721
G1 X62.196 Y163.872 E169.78901
G1 X62.196 Y162.092 E169.82453
G1 X61.396 Y162.092 E169.8405
G1 X61.396 Y162.561 E169.84986
G1 X61.22 Y162.896 E169.85741
G0 F12000 X60.994 Y162.507
;TYPE:WALL-OUTER
G1 F600 X60.938 Y162.614 E169.85982
G1 X60.831 Y162.67 E169.86223
G1 X57.196 Y162.672 E169.93477
G1 X57.196 Y164.272 E169.9667
G1 X62.596 Y164.272 E170.07446
G1 X62.596 Y161.692 E170.12595
G1 X60.996 Y161.692 E170.15788
G1 X60.994 Y162.507 E170.17414
G1 F1500 E163.67414
;MESH:NONMESH
G0 F300 X60.994 Y162.507 Z6.6
G0 F12000 X61.308 Y162.507
G0 X61.222 Y161.919
G0 X60.145 Y161.821
G0 X60.145 Y151.127
G0 X61.222 Y150.05
G0 X57.996 Y149.472
;TIME_ELAPSED:682.978289
;LAYER:54
;note -- min layer time used
;TYPE:WALL-INNER
;MESH:MotorMount_v3.stl
G1 F1500 E170.17414
G1 F600 X60.796 Y149.472 E170.23002
G0 F12000 X61.493 Y149.775
G1 F645.2 X61.782 Y150.35 E170.24196
G1 X61.81 Y150.35 E170.24248
G1 X61.81 Y149.458 E170.25904
G1 F621.8 X60.796 Y149.472 E170.27857
G1 X61.493 Y149.775 E170.2932
G0 F12000 X61.22 Y150.048
G1 F600 X61.391 Y150.387 E170.30078
G1 X61.396 Y150.736 E170.30775
G1 X62.196 Y150.736 E170.32371
G1 X62.196 Y149.072 E170.35692
G1 X57.596 Y149.072 E170.44872
G1 X57.596 Y149.872 E170.46468
G1 X60.796 Y149.872 E170.52854
G1 X61.22 Y150.048 E170.5377
G0 F12000 X60.995 Y150.443
;TYPE:WALL-OUTER
G1 F600 X60.996 Y151.136 E170.55153
G1 X62.596 Y151.136 E170.58346
G1 X62.596 Y148.672 E170.63263
G1 X57.196 Y148.672 E170.7404
G1 X57.196 Y150.272 E170.77233
G1 X60.796 Y150.272 E170.84417
G1 X60.938 Y150.33 E170.84723
G1 X60.995 Y150.443 E170.84975
G1 F1500 E164.34975
G0 F12000 X61.308 Y150.443
G0 X61.916 Y150.926
G0 X61.917 Y152.923
G0 X61.918 Y153.659
G0 X62.196 Y153.936
;TYPE:WALL-INNER
G1 F1500 E170.84975
G1 F600 X62.196 Y153.112 E170.8662
G1 X61.396 Y153.112 E170.88216
G1 X61.396 Y153.936 E170.89861
G1 X62.196 Y153.936 E170.91457
G0 F12000 X62.596 Y154.336
;TYPE:WALL-OUTER
G1 F600 X62.596 Y152.712 E170.94698
G1 X60.996 Y152.712 E170.97891
G1 X60.996 Y154.336 E171.01132
G1 X62.596 Y154.336 E171.04325
G1 F1500 E164.54325
G0 F12000 X62.318 Y154.059
G0 X61.918 Y154.109
G0 X61.918 Y155.204
G0 X61.918 Y157.745
G0 X61.918 Y158.84
G0 X61.918 Y159.556
G0 X62.196 Y159.836
;TYPE:WALL-INNER
G1 F1500 E171.04325
G1 F600 X62.196 Y159.008 E171.05977
G1 X61.396 Y159.008 E171.07574
G1 X61.396 Y159.836 E171.09226
G1 X62.196 Y159.836 E171.10822
G0 F12000 X62.596 Y160.236
;TYPE:WALL-OUTER
G1 F600 X62.596 Y158.608 E171.14071
G1 X60.996 Y158.608 E171.17264
G1 X60.996 Y160.236 E171.20513
G1 X62.596 Y160.236 E171.23706
G1 F1500 E164.73706
G0 F12000 X62.318 Y159.956
G0 X61.706 Y160.026
G0 X61.707 Y162.023
G0 X61.708 Y163.169
G0 X61.493 Y163.169
;TYPE:WALL-INNER
G1 F1500 E171.23706
G1 F609.1 X60.97 Y163.465 E171.24887
G1 X61.81 Y163.486 E171.26539
G1 F610.7 X61.789 Y162.646 E171.28187
G1 X61.493 Y163.169 E171.29365
G0 F12000 X60.97 Y163.465
G1 F588.2 X60.796 Y163.472 E171.29719
G1 F600 X57.996 Y163.472 E171.35307
G0 F12000 X61.636 Y163.312
G0 X61.708 Y162.896
G0 X61.22 Y162.896
G1 F600 X60.885 Y163.072 E171.36062
G1 X57.596 Y163.072 E171.42626
G1 X57.596 Y163.872 E171.44222
G1 X62.196 Y163.872 E171.53402
G1 X62.196 Y162.212 E171.56715
G1 X61.396 Y162.212 E171.58311
G1 X61.388 Y162.576 E171.59038
G1 X61.22 Y162.896 E171.59759
G0 F12000 X60.938 Y162.614
;TYPE:WALL-OUTER
G1 F600 X60.831 Y162.67 E171.6
G1 X57.196 Y162.672 E171.67254
G1 X57.196 Y164.272 E171.70447
G1 X62.596 Y164.272 E171.81223
G1 X62.596 Y161.812 E171.86133
G1 X60.996 Y161.812 E171.89326
G1 X60.994 Y162.507 E171.90713
G1 X60.938 Y162.614 E171.90954
G1 F1500 E165.40954
;MESH:NONMESH
G0 F300 X60.938 Y162.614 Z6.72
G0 F12000 X61.308 Y162.614
G0 X61.222 Y162.037
G0 X60.145 Y161.821
G0 X60.145 Y151.127
G0 X61.222 Y150.05
G0 X57.996 Y149.472
;TIME_ELAPSED:696.189520
;LAYER:55
;note -- min layer time used
;TYPE:WALL-INNER
;MESH:MotorMount_v3.stl
G1 F1500 E171.90954
G1 F600 X60.796 Y149.472 E171.96541
G0 F12000 X61.493 Y149.775
G1 F645.2 X61.769 Y150.274 E171.976
G1 X61.81 Y150.274 E171.97676
G1 X61.81 Y149.458 E171.9919
G1 F621.8 X60.796 Y149.472 E172.01143
G1 X61.493 Y149.775 E172.02607
G0 F12000 X61.22 Y150.048
G1 F600 X61.381 Y150.338 E172.03268
G1 X61.396 Y150.66 E172.03912
G1 X62.196 Y150.66 E172.05508
G1 X62.196 Y149.072 E172.08677
G1 X57.596 Y149.072 E172.17857
G1 X57.596 Y149.872 E172.19454
G1 X60.796 Y149.872 E172.2584
G1 X61.22 Y150.048 E172.26756
G0 F12000 X60.991 Y150.427
;TYPE:WALL-OUTER
G1 F600 X60.996 Y151.06 E172.28019
G1 X62.596 Y151.06 E172.31212
G1 X62.596 Y148.672 E172.35977
G1 X57.196 Y148.672 E172.46754
G1 X57.196 Y150.272 E172.49947
G1 X60.796 Y150.272 E172.57131
G1 X60.938 Y150.33 E172.57437
G1 X60.991 Y150.427 E172.57658
G1 F1500 E166.07658
G0 F12000 X61.308 Y150.427
G0 X61.916 Y150.851
G0 X61.917 Y152.998
G0 X61.918 Y153.633
G0 X62.115 Y153.831
;TYPE:WALL-INNER
G1 F1500 E172.57658
G1 F426.3 X62.115 Y153.267 E172.59242
G1 X61.477 Y153.268 E172.61034
G1 X61.477 Y153.831 E172.62615
G1 X62.115 Y153.831 E172.64407
G0 F12000 X62.596 Y154.312
;TYPE:WALL-OUTER
G1 F600 X62.596 Y152.785 E172.67454
G1 X60.996 Y152.788 E172.70647
G1 X60.996 Y154.312 E172.73689
G1 X62.596 Y154.312 E172.76882
G1 F1500 E166.26882
G0 F12000 X62.318 Y154.033
G0 X61.918 Y154.083
G0 X61.918 Y155.178
G0 X61.918 Y157.771
G0 X61.918 Y158.866
G0 X61.918 Y159.481
G0 X62.115 Y159.679
;TYPE:WALL-INNER
G1 F1500 E172.76882
G1 F427 X62.115 Y159.117 E172.78457
G1 X61.477 Y159.117 E172.80246
G1 X61.477 Y159.679 E172.81822
G1 X62.115 Y159.679 E172.83611
G0 F12000 X62.596 Y160.16
;TYPE:WALL-OUTER
G1 F600 X62.596 Y158.636 E172.86652
G1 X60.996 Y158.636 E172.89845
G1 X60.996 Y160.16 E172.92886
G1 X62.596 Y160.16 E172.96079
G1 F1500 E166.46079
G0 F12000 X62.318 Y159.881
G0 X61.706 Y159.951
G0 X61.707 Y162.098
G0 X61.708 Y163.169
G0 X61.493 Y163.169
;TYPE:WALL-INNER
G1 F1500 E172.96079
G1 F609.1 X60.97 Y163.465 E172.97261
G1 X61.81 Y163.486 E172.98912
G1 F645.2 X61.81 Y162.672 E173.00423
G1 X61.769 Y162.672 E173.00499
G1 X61.493 Y163.169 E173.01554
G0 F12000 X60.97 Y163.465
G1 F588.2 X60.796 Y163.472 E173.01909
G1 F600 X57.996 Y163.472 E173.07496
G0 F12000 X61.636 Y163.312
G0 X61.708 Y162.896
G0 X61.22 Y162.896
G1 F600 X60.885 Y163.072 E173.08252
G1 X57.596 Y163.072 E173.14815
G1 X57.596 Y163.872 E173.16412
G1 X62.196 Y163.872 E173.25591
G1 X62.196 Y162.286 E173.28756
G1 X61.396 Y162.287 E173.30353
G1 X61.381 Y162.607 E173.30992
G1 X61.22 Y162.896 E173.31652
G0 F12000 X60.938 Y162.614
;TYPE:WALL-OUTER
G1 F600 X60.831 Y162.67 E173.31893
G1 X57.196 Y162.672 E173.39148
G1 X57.196 Y164.272 E173.4234
G1 X62.596 Y164.272 E173.53117
G1 X62.596 Y161.885 E173.5788
G1 X60.996 Y161.888 E173.61073
G1 X60.991 Y162.517 E173.62329
G1 X60.938 Y162.614 E173.62549
G1 F1500 E167.12549
;MESH:NONMESH
G0 F300 X60.938 Y162.614 Z6.84
G0 F12000 X61.308 Y162.614
G0 X61.222 Y162.112
G0 X61.221 Y161.023
G0 X60.145 Y161.015
G0 X60.145 Y151.127
G0 X61.222 Y150.05
G0 X57.996 Y149.472
;TIME_ELAPSED:709.330733
;LAYER:56
;note -- min layer time used
;TYPE:WALL-INNER
;MESH:MotorMount_v3.stl
G1 F1500 E173.62549
G1 F600 X60.796 Y149.472 E173.68137
G0 F12000 X61.493 Y149.775
G1 F645.2 X61.759 Y150.224 E173.69105
G1 X61.81 Y150.223 E173.692
G1 X61.81 Y149.458 E173.7062
G1 F621.8 X60.796 Y149.472 E173.72573
G1 X61.493 Y149.775 E173.74036
G0 F12000 X61.22 Y150.048
G1 F600 X61.373 Y150.306 E173.74635
G1 X61.396 Y150.611 E173.75245
G1 X62.196 Y150.609 E173.76842
G1 X62.196 Y149.072 E173.79909
G1 X57.596 Y149.072 E173.89089
G1 X57.596 Y149.872 E173.90685
G1 X60.796 Y149.872 E173.97071
G1 X61.22 Y150.048 E173.97987
G0 F12000 X60.996 Y150.428
;TYPE:WALL-OUTER
G1 F600 X60.996 Y151.011 E173.99151
G1 X62.596 Y151.008 E174.02344
G1 X62.596 Y148.672 E174.07006
G1 X57.196 Y148.672 E174.17782
G1 X57.196 Y150.272 E174.20975
G1 X60.796 Y150.272 E174.28159
G1 X60.938 Y150.33 E174.28465
G1 X60.996 Y150.428 E174.28692
G1 F1500 E167.78692
G0 F12000 X61.308 Y150.428
G0 X61.916 Y150.801
G0 X61.916 Y153.067
G0 X61.918 Y153.607
G0 X62.134 Y153.823
;TYPE:WALL-INNER
G1 F1500 E174.28692
G1 F457.1 X62.134 Y153.298 E174.30067
G1 F456.3 X61.459 Y153.299 E174.31839
G1 X61.459 Y153.824 E174.33217
G1 X62.134 Y153.823 E174.34988
G0 F12000 X62.596 Y154.284
;TYPE:WALL-OUTER
G1 F600 X62.596 Y152.836 E174.37878
G1 X60.996 Y152.836 E174.41071
G1 X60.996 Y154.287 E174.43966
G1 X62.596 Y154.284 E174.47159
G1 F1500 E167.97159
G0 F12000 X62.318 Y154.007
G0 X61.914 Y154.077
G0 X61.915 Y155.152
G0 X61.917 Y157.797
G0 X61.918 Y158.872
G0 X61.918 Y159.432
G0 X62.133 Y159.649
;TYPE:WALL-INNER
G1 F1500 E174.47159
G1 F456.3 X62.133 Y159.123 E174.48539
G1 X61.459 Y159.123 E174.50308
G1 X61.459 Y159.649 E174.51689
G1 X62.133 Y159.649 E174.53457
G0 F12000 X62.596 Y160.112
;TYPE:WALL-OUTER
G1 F600 X62.596 Y158.66 E174.56355
G1 X60.996 Y158.66 E174.59548
G1 X60.996 Y160.112 E174.62445
G1 X62.596 Y160.112 E174.65638
G1 F1500 E168.15638
G0 F12000 X62.318 Y159.832
G0 X61.708 Y159.882
G0 X61.709 Y162.148
G0 X61.708 Y163.169
G0 X61.493 Y163.169
;TYPE:WALL-INNER
G1 F1500 E174.65638
G1 F609.1 X60.97 Y163.465 E174.6682
G1 X61.81 Y163.486 E174.68471
G1 F645.2 X61.81 Y162.722 E174.69889
G1 X61.759 Y162.722 E174.69984
G1 X61.493 Y163.169 E174.70949
G0 F12000 X60.97 Y163.465
G1 F588.2 X60.796 Y163.472 E174.71304
G1 F600 X57.996 Y163.472 E174.76892
G0 F12000 X60.885 Y163.384
G0 X60.885 Y163.072
G1 F600 X57.596 Y163.072 E174.83455
G1 X57.596 Y163.872 E174.85052
G1 X62.196 Y163.872 E174.94231
G1 X62.196 Y162.336 E174.97297
G1 X61.396 Y162.336 E174.98893
G1 X61.373 Y162.64 E174.99502
G1 X61.22 Y162.896 E175.00097
G1 X60.885 Y163.072 E175.00852
G0 F12000 X60.938 Y162.614
;TYPE:WALL-OUTER
G1 F600 X60.831 Y162.67 E175.01093
G1 X57.196 Y162.672 E175.08347
G1 X57.196 Y164.272 E175.1154
G1 X62.596 Y164.272 E175.22316
G1 X62.596 Y161.936 E175.26978
G1 X60.996 Y161.936 E175.30171
G1 X60.996 Y162.516 E175.31328
G1 X60.938 Y162.614 E175.31556
G1 F1500 E168.81556
;MESH:NONMESH
G0 F300 X60.938 Y162.614 Z6.96
G0 F12000 X61.308 Y162.614
G0 X61.222 Y162.162
G0 X61.221 Y161.073
G0 X60.145 Y160.965
G0 X60.145 Y151.127
G0 X61.222 Y150.05
G0 X57.996 Y149.472
;TIME_ELAPSED:722.276788
;LAYER:57
;note -- min layer time used
;TYPE:WALL-INNER
;MESH:MotorMount_v3.stl
G1 F1500 E175.31556
G1 F600 X60.796 Y149.472 E175.37143
G0 F12000 X61.493 Y149.775
G1 F645.2 X61.751 Y150.194 E175.38057
G1 X61.81 Y150.194 E175.38166
G1 X61.81 Y149.458 E175.39532
G1 F621.8 X60.796 Y149.472 E175.41485
G1 X61.493 Y149.775 E175.42948
G0 F12000 X61.22 Y150.048
G1 F600 X61.367 Y150.286 E175.43507
G1 X61.396 Y150.58 E175.44096
G1 X62.196 Y150.58 E175.45693
G1 X62.196 Y149.072 E175.48702
G1 X57.596 Y149.072 E175.57882
G1 X57.596 Y149.872 E175.59478
G1 X60.796 Y149.872 E175.65864
G1 X61.22 Y150.048 E175.66781
G0 F12000 X60.996 Y150.425
;TYPE:WALL-OUTER
G1 F600 X60.996 Y150.98 E175.67888
G1 X62.596 Y150.98 E175.71081
G1 X62.596 Y148.672 E175.75687
G1 X57.196 Y148.672 E175.86463
G1 X57.196 Y150.272 E175.89656
G1 X60.796 Y150.272 E175.9684
G1 X60.938 Y150.33 E175.97146
G1 X60.996 Y150.425 E175.97369
G1 F1500 E169.47369
G0 F12000 X61.308 Y150.425
G0 X61.916 Y150.772
G0 X61.917 Y153.077
G0 X61.918 Y153.605
G0 X62.141 Y153.829
;TYPE:WALL-INNER
G1 F1500 E175.97369
G1 F470.6 X62.141 Y153.319 E175.98666
G1 X61.451 Y153.319 E176.00422
G1 X61.451 Y153.829 E176.0172
G1 X62.141 Y153.829 E176.03475
G0 F12000 X62.596 Y154.284
;TYPE:WALL-OUTER
G1 F600 X62.596 Y152.864 E176.06309
G1 X60.996 Y152.864 E176.09502
G1 X60.996 Y154.284 E176.12336
G1 X62.596 Y154.284 E176.15529
G1 F1500 E169.65529
G0 F12000 X62.318 Y154.005
G0 X61.918 Y154.055
G0 X61.918 Y155.15
G0 X61.918 Y157.799
G0 X61.918 Y158.894
G0 X61.918 Y159.402
G0 X62.142 Y159.626
;TYPE:WALL-INNER
G1 F1500 E176.15529
G1 F472.4 X62.142 Y159.118 E176.16816
G1 X61.45 Y159.118 E176.1857
G1 X61.45 Y159.626 E176.19857
G1 X62.142 Y159.626 E176.21611
G0 F12000 X62.596 Y160.08
;TYPE:WALL-OUTER
G1 F600 X62.596 Y158.664 E176.24437
G1 X60.996 Y158.664 E176.2763
G1 X60.996 Y160.08 E176.30456
G1 X62.596 Y160.08 E176.33649
G1 F1500 E169.83649
G0 F12000 X62.318 Y159.802
G0 X61.706 Y159.872
G0 X61.707 Y162.177
G0 X61.708 Y163.169
G0 X61.493 Y163.169
;TYPE:WALL-INNER
G1 F1500 E176.33649
G1 F609.1 X60.97 Y163.465 E176.3483
G1 X61.81 Y163.486 E176.36482
G1 F645.2 X61.81 Y162.75 E176.37848
G1 X61.751 Y162.75 E176.37957
G1 X61.493 Y163.169 E176.3887
G0 F12000 X60.97 Y163.465
G1 F588.2 X60.796 Y163.472 E176.39225
G1 F600 X57.996 Y163.472 E176.44813
G0 F12000 X60.885 Y163.384
G0 X60.885 Y163.072
G1 F600 X57.596 Y163.072 E176.51376
G1 X57.596 Y163.872 E176.52973
G1 X62.196 Y163.872 E176.62152
G1 X62.196 Y162.364 E176.65162
G1 X61.396 Y162.364 E176.66758
G1 X61.367 Y162.658 E176.67348
G1 X61.22 Y162.896 E176.67906
G1 X60.885 Y163.072 E176.68661
G0 F12000 X60.938 Y162.614
;TYPE:WALL-OUTER
G1 F600 X60.831 Y162.67 E176.68902
G1 X57.196 Y162.672 E176.76156
G1 X57.196 Y164.272 E176.79349
G1 X62.596 Y164.272 E176.90126
G1 X62.596 Y161.964 E176.94731
G1 X60.996 Y161.964 E176.97924
G1 X60.996 Y162.519 E176.99032
G1 X60.938 Y162.614 E176.99254
G1 F1500 E170.49254
;MESH:NONMESH
G0 F300 X60.938 Y162.614 Z7.08
G0 F12000 X61.308 Y162.614
G0 X61.222 Y162.191
G0 X61.221 Y161.102
G0 X60.145 Y160.936
G0 X60.145 Y151.127
G0 X61.222 Y150.05
G0 X57.996 Y149.472
;TIME_ELAPSED:735.155305
;LAYER:58
;note -- min layer time used
;TYPE:WALL-INNER
;MESH:MotorMount_v3.stl
G1 F1500 E176.99254
G1 F600 X60.796 Y149.472 E177.04842
G0 F12000 X61.493 Y149.775
G1 F645.2 X61.751 Y150.194 E177.05755
G1 X61.81 Y150.194 E177.05864
G1 X61.81 Y149.458 E177.0723
G1 F621.8 X60.796 Y149.472 E177.09183
G1 X61.493 Y149.775 E177.10647
G0 F12000 X61.22 Y150.048
G1 F600 X61.367 Y150.286 E177.11205
G1 X61.396 Y150.58 E177.11795
G1 X62.196 Y150.58 E177.13391
G1 X62.196 Y149.072 E177.16401
G1 X57.596 Y149.072 E177.2558
G1 X57.596 Y149.872 E177.27177
G1 X60.796 Y149.872 E177.33563
G1 X61.22 Y150.048 E177.34479
G0 F12000 X60.996 Y150.425
;TYPE:WALL-OUTER
G1 F600 X60.996 Y150.98 E177.35587
G1 X62.596 Y150.98 E177.3878
G1 X62.596 Y148.672 E177.43385
G1 X57.196 Y148.672 E177.54162
G1 X57.196 Y150.272 E177.57355
G1 X60.796 Y150.272 E177.64539
G1 X60.938 Y150.33 E177.64845
G1 X60.996 Y150.425 E177.65067
G1 F1500 E171.15067
G0 F12000 X61.308 Y150.425
G0 X61.918 Y150.75
G0 X61.918 Y153.099
G0 X61.918 Y153.605
G0 X62.142 Y153.83
;TYPE:WALL-INNER
G1 F1500 E177.65067
G1 F472.4 X62.142 Y153.322 E177.66355
G1 X61.45 Y153.322 E177.68108
G1 X61.45 Y153.83 E177.69396
G1 X62.142 Y153.83 E177.7115
G0 F12000 X62.596 Y154.284
;TYPE:WALL-OUTER
G1 F600 X62.596 Y152.868 E177.73975
G1 X60.996 Y152.868 E177.77168
G1 X60.996 Y154.284 E177.79994
G1 X62.596 Y154.284 E177.83187
G1 F1500 E171.33187
G0 F12000 X62.318 Y154.005
G0 X61.918 Y154.055
G0 X61.918 Y155.15
G0 X61.918 Y157.799
G0 X61.918 Y158.894
G0 X61.918 Y159.4
G0 X62.142 Y159.626
;TYPE:WALL-INNER
G1 F1500 E177.83187
G1 F472.4 X62.142 Y159.118 E177.84475
G1 X61.45 Y159.118 E177.86228
G1 X61.45 Y159.626 E177.87516
G1 X62.142 Y159.626 E177.8927
G0 F12000 X62.596 Y160.08
;TYPE:WALL-OUTER
G1 F600 X62.596 Y158.664 E177.92096
G1 X60.996 Y158.664 E177.95289
G1 X60.996 Y160.08 E177.98114
G1 X62.596 Y160.08 E178.01307
G1 F1500 E171.51307
G0 F12000 X62.318 Y159.8
G0 X61.708 Y159.85
G0 X61.708 Y162.199
G0 X61.708 Y163.169
G0 X61.493 Y163.169
;TYPE:WALL-INNER
G1 F1500 E178.01307
G1 F609.1 X60.97 Y163.465 E178.02489
G1 X61.81 Y163.486 E178.0414
G1 F645.2 X61.81 Y162.754 E178.05499
G1 X61.75 Y162.754 E178.0561
G1 X61.493 Y163.169 E178.06516
G0 F12000 X60.97 Y163.465
G1 F588.2 X60.796 Y163.472 E178.06871
G1 F600 X57.996 Y163.472 E178.12458
G0 F12000 X60.885 Y163.384
G0 X60.885 Y163.072
G1 F600 X57.596 Y163.072 E178.19022
G1 X57.596 Y163.872 E178.20618
G1 X62.196 Y163.872 E178.29798
G1 X62.196 Y162.368 E178.32799
G1 X61.396 Y162.368 E178.34396
G1 X61.366 Y162.661 E178.34984
G1 X61.22 Y162.896 E178.35536
G1 X60.885 Y163.072 E178.36291
G0 F12000 X60.938 Y162.614
;TYPE:WALL-OUTER
G1 F600 X60.831 Y162.67 E178.36532
G1 X57.196 Y162.672 E178.43786
G1 X57.196 Y164.272 E178.46979
G1 X62.596 Y164.272 E178.57755
G1 X62.596 Y161.968 E178.62353
G1 X60.996 Y161.968 E178.65546
G1 X60.996 Y162.519 E178.66646
G1 X60.938 Y162.614 E178.66868
G1 F1500 E172.16868
;MESH:NONMESH
G0 F300 X60.938 Y162.614 Z7.2
G0 F12000 X61.308 Y162.614
G0 X61.222 Y162.193
G0 X61.222 Y161.104
G0 X60.145 Y160.933
G0 X60.145 Y151.127
G0 X61.222 Y150.05
G0 X57.996 Y149.472
;TIME_ELAPSED:748.030218
;LAYER:59
;note -- min layer time used
;TYPE:WALL-INNER
;MESH:MotorMount_v3.stl
G1 F1500 E178.66868
G1 F600 X60.796 Y149.472 E178.72456
G0 F12000 X61.493 Y149.775
G1 F645.2 X61.754 Y150.206 E178.73391
G1 X61.81 Y150.206 E178.73495
G1 X61.81 Y149.458 E178.74883
G1 F621.8 X60.796 Y149.472 E178.76836
G1 X61.493 Y149.775 E178.78299
G0 F12000 X61.22 Y150.048
G1 F600 X61.37 Y150.294 E178.78874
G1 X61.396 Y150.592 E178.79471
G1 X62.196 Y150.592 E178.81068
G1 X62.196 Y149.072 E178.84101
G1 X57.596 Y149.072 E178.93281
G1 X57.596 Y149.872 E178.94877
G1 X60.796 Y149.872 E179.01263
G1 X61.22 Y150.048 E179.02179
G0 F12000 X60.996 Y150.425
;TYPE:WALL-OUTER
G1 F600 X60.996 Y150.992 E179.03311
G1 X62.596 Y150.992 E179.06504
G1 X62.596 Y148.672 E179.11134
G1 X57.196 Y148.672 E179.2191
G1 X57.196 Y150.272 E179.25103
G1 X60.796 Y150.272 E179.32287
G1 X60.938 Y150.33 E179.32593
G1 X60.996 Y150.425 E179.32815
G1 F1500 E172.82815
G0 F12000 X61.308 Y150.425
G0 X61.918 Y150.762
G0 X61.918 Y153.087
G0 X61.918 Y153.605
G0 X62.139 Y153.827
;TYPE:WALL-INNER
G1 F1500 E179.32815
G1 F466.9 X62.139 Y153.313 E179.34134
G1 X61.453 Y153.313 E179.35893
G1 X61.453 Y153.827 E179.37211
G1 X62.139 Y153.827 E179.3897
G0 F12000 X62.596 Y154.284
;TYPE:WALL-OUTER
G1 F600 X62.596 Y152.856 E179.4182
G1 X60.996 Y152.856 E179.45013
G1 X60.996 Y154.284 E179.47862
G1 X62.596 Y154.284 E179.51055
G1 F1500 E173.01055
G0 F12000 X62.318 Y154.005
G0 X61.918 Y154.055
G0 X61.918 Y155.15
G0 X61.918 Y157.799
G0 X61.918 Y158.894
G0 X61.918 Y159.412
G0 X62.139 Y159.635
;TYPE:WALL-INNER
G1 F1500 E179.51055
G1 F466.9 X62.139 Y159.121 E179.52373
G1 X61.453 Y159.121 E179.54133
G1 X61.453 Y159.635 E179.55451
G1 X62.139 Y159.635 E179.5721
G0 F12000 X62.596 Y160.092
;TYPE:WALL-OUTER
G1 F600 X62.596 Y158.664 E179.60059
G1 X60.996 Y158.664 E179.63252
G1 X60.996 Y160.092 E179.66102
G1 X62.596 Y160.092 E179.69295
G1 F1500 E173.19295
G0 F12000 X62.318 Y159.812
G0 X61.708 Y159.862
G0 X61.708 Y162.187
G0 X61.708 Y163.169
G0 X61.493 Y163.169
;TYPE:WALL-INNER
G1 F1500 E179.69295
G1 F609.1 X60.97 Y163.465 E179.70476
G1 X61.81 Y163.486 E179.72128
G1 F645.2 X61.81 Y162.742 E179.73509
G1 X61.752 Y162.742 E179.73617
G1 X61.493 Y163.169 E179.74543
G0 F12000 X60.97 Y163.465
G1 F588.2 X60.796 Y163.472 E179.74898
G1 F600 X57.996 Y163.472 E179.80486
G0 F12000 X60.885 Y163.384
G0 X60.885 Y163.072
G1 F600 X57.596 Y163.072 E179.87049
G1 X57.596 Y163.872 E179.88646
G1 X62.196 Y163.872 E179.97825
G1 X62.196 Y162.356 E180.00851
G1 X61.396 Y162.356 E180.02447
G1 X61.368 Y162.653 E180.03043
G1 X61.22 Y162.896 E180.0361
G1 X60.885 Y163.072 E180.04366
G0 F12000 X60.938 Y162.614
;TYPE:WALL-OUTER
G1 F600 X60.831 Y162.67 E180.04607
G1 X57.196 Y162.672 E180.11861
G1 X57.196 Y164.272 E180.15054
G1 X62.596 Y164.272 E180.2583
G1 X62.596 Y161.956 E180.30452
G1 X60.996 Y161.956 E180.33645
G1 X60.996 Y162.518 E180.34766
G1 X60.938 Y162.614 E180.3499
G1 F1500 E173.8499
;MESH:NONMESH
G0 F300 X60.938 Y162.614 Z7.32
G0 F12000 X61.308 Y162.614
G0 X61.222 Y162.181
G0 X61.222 Y161.092
G0 X60.145 Y160.945
G0 X60.145 Y151.127
G0 X61.222 Y150.05
G0 X57.996 Y149.472
;TIME_ELAPSED:760.931164
;LAYER:60
;note -- min layer time used
;TYPE:WALL-INNER
;MESH:MotorMount_v3.stl
G1 F1500 E180.3499
G1 F600 X60.796 Y149.472 E180.40578
G0 F12000 X61.493 Y149.775
G1 F645.2 X61.762 Y150.234 E180.41565
G1 X61.81 Y150.234 E180.41654
G1 X61.81 Y149.458 E180.43094
G1 F621.8 X60.796 Y149.472 E180.45047
G1 X61.493 Y149.775 E180.46511
G0 F12000 X61.22 Y150.048
G1 F600 X61.375 Y150.312 E180.47122
G1 X61.396 Y150.62 E180.47738
G1 X62.196 Y150.62 E180.49334
G1 X62.196 Y149.072 E180.52424
G1 X57.596 Y149.072 E180.61603
G1 X57.596 Y149.872 E180.632
G1 X60.796 Y149.872 E180.69586
G1 X61.22 Y150.048 E180.70502
G0 F12000 X60.996 Y150.43
;TYPE:WALL-OUTER
G1 F600 X60.996 Y151.02 E180.71679
G1 X62.596 Y151.02 E180.74872
G1 X62.596 Y148.672 E180.79558
G1 X57.196 Y148.672 E180.90334
G1 X57.196 Y150.272 E180.93527
G1 X60.796 Y150.272 E181.00711
G1 X60.938 Y150.33 E181.01018
G1 X60.996 Y150.43 E181.01248
G1 F1500 E174.51248
G0 F12000 X61.308 Y150.43
G0 X61.918 Y150.791
G0 X61.915 Y153.057
G0 X61.918 Y153.616
G0 X62.129 Y153.829
;TYPE:WALL-INNER
G1 F1500 E181.01248
G1 F448.6 X62.129 Y153.294 E181.02676
G1 X61.463 Y153.293 E181.04454
G1 X61.463 Y153.829 E181.05885
G1 X62.129 Y153.829 E181.07662
G0 F12000 X62.596 Y154.296
;TYPE:WALL-OUTER
G1 F600 X62.596 Y152.828 E181.10592
G1 X60.996 Y152.825 E181.13785
G1 X60.996 Y154.296 E181.1672
G1 X62.596 Y154.296 E181.19913
G1 F1500 E174.69913
G0 F12000 X62.318 Y154.016
G0 X61.914 Y154.086
G0 X61.915 Y155.161
G0 X61.914 Y157.788
G0 X61.914 Y158.883
G0 X61.918 Y159.442
G0 X62.129 Y159.653
;TYPE:WALL-INNER
G1 F1500 E181.19913
G1 F449.4 X62.129 Y159.119 E181.21336
G1 X61.463 Y159.119 E181.2311
G1 X61.463 Y159.653 E181.24533
G1 X62.129 Y159.653 E181.26307
G0 F12000 X62.596 Y160.12
;TYPE:WALL-OUTER
G1 F600 X62.596 Y158.652 E181.29237
G1 X60.996 Y158.652 E181.3243
G1 X60.996 Y160.12 E181.35359
G1 X62.596 Y160.12 E181.38552
G1 F1500 E174.88552
G0 F12000 X62.318 Y159.842
G0 X61.712 Y159.892
G0 X61.712 Y162.158
G0 X61.708 Y163.169
G0 X61.493 Y163.169
;TYPE:WALL-INNER
G1 F1500 E181.38552
G1 F609.1 X60.97 Y163.465 E181.39733
G1 X61.81 Y163.486 E181.41385
G1 F645.2 X61.81 Y162.714 E181.42818
G1 X61.761 Y162.714 E181.42909
G1 X61.493 Y163.169 E181.43889
G0 F12000 X60.97 Y163.465
G1 F588.2 X60.796 Y163.472 E181.44243
G1 F600 X57.996 Y163.472 E181.49831
G0 F12000 X60.885 Y163.384
G0 X60.885 Y163.072
G1 F600 X57.596 Y163.072 E181.56395
G1 X57.596 Y163.872 E181.57991
G1 X62.196 Y163.872 E181.67171
G1 X62.196 Y162.328 E181.70252
G1 X61.396 Y162.328 E181.71849
G1 X61.374 Y162.634 E181.72461
G1 X61.22 Y162.896 E181.73067
G1 X60.885 Y163.072 E181.73823
G0 F12000 X60.938 Y162.614
;TYPE:WALL-OUTER
G1 F600 X60.831 Y162.67 E181.74064
G1 X57.196 Y162.672 E181.81318
G1 X57.196 Y164.272 E181.84511
G1 X62.596 Y164.272 E181.95287
G1 X62.596 Y161.928 E181.99965
G1 X60.996 Y161.928 E182.03157
G1 X60.996 Y162.514 E182.04327
G1 X60.938 Y162.614 E182.04558
G1 F1500 E175.54558
;MESH:NONMESH
G0 F300 X60.938 Y162.614 Z7.44
G0 F12000 X61.308 Y162.614
G0 X61.222 Y162.152
G0 X61.222 Y161.063
G0 X60.145 Y160.974
G0 X60.145 Y151.127
G0 X61.222 Y150.05
G0 X57.996 Y149.472
;TIME_ELAPSED:773.906123
;LAYER:61
;note -- min layer time used
;TYPE:WALL-INNER
;MESH:MotorMount_v3.stl
G1 F1500 E182.04558
G1 F600 X60.796 Y149.472 E182.10145
G0 F12000 X61.493 Y149.775
G1 F645.2 X61.774 Y150.294 E182.11241
G1 X61.81 Y150.294 E182.11307
G1 X61.81 Y149.458 E182.12859
G1 F621.8 X60.796 Y149.472 E182.14812
G1 X61.493 Y149.775 E182.16276
G0 F12000 X61.22 Y150.048
G1 F600 X61.385 Y150.352 E182.16966
G1 X61.396 Y150.68 E182.17621
G1 X62.196 Y150.68 E182.19217
G1 X62.196 Y149.072 E182.22426
G1 X57.596 Y149.072 E182.31606
G1 X57.596 Y149.872 E182.33202
G1 X60.796 Y149.872 E182.39588
G1 X61.22 Y150.048 E182.40505
G0 F12000 X60.993 Y150.432
;TYPE:WALL-OUTER
G1 F600 X60.996 Y151.08 E182.41798
G1 X62.596 Y151.08 E182.44991
G1 X62.596 Y148.672 E182.49796
G1 X57.196 Y148.672 E182.60572
G1 X57.196 Y150.272 E182.63765
G1 X60.796 Y150.272 E182.7095
G1 X60.938 Y150.33 E182.71256
G1 X60.993 Y150.432 E182.71487
G1 F1500 E176.21487
G0 F12000 X61.308 Y150.432
G0 X61.918 Y150.853
G0 X61.918 Y152.996
G0 X61.918 Y153.642
G0 X62.196 Y153.92
;TYPE:WALL-INNER
G1 F1500 E182.71487
G1 F600 X62.196 Y153.164 E182.72996
G1 X61.396 Y153.164 E182.74592
G1 X61.396 Y153.92 E182.76101
G1 X62.196 Y153.92 E182.77697
G0 F12000 X62.596 Y154.32
;TYPE:WALL-OUTER
G1 F600 X62.596 Y152.764 E182.80802
G1 X60.996 Y152.764 E182.83995
G1 X60.996 Y154.32 E182.87101
G1 X62.596 Y154.32 E182.90293
G1 F1500 E176.40293
G0 F12000 X62.318 Y154.042
G0 X61.918 Y154.092
G0 X61.918 Y155.187
G0 X61.912 Y157.762
G0 X61.912 Y158.857
G0 X61.918 Y159.503
G0 X62.196 Y159.78
;TYPE:WALL-INNER
G1 F1500 E182.90293
G1 F600 X62.196 Y159.027 E182.91796
G1 X61.396 Y159.026 E182.93393
G1 X61.396 Y159.78 E182.94897
G1 X62.196 Y159.78 E182.96494
G0 F12000 X62.596 Y160.18
;TYPE:WALL-OUTER
G1 F600 X62.596 Y158.628 E182.99591
G1 X60.996 Y158.625 E183.02784
G1 X60.996 Y160.18 E183.05887
G1 X62.596 Y160.18 E183.0908
G1 F1500 E176.5908
G0 F12000 X62.318 Y159.903
G0 X61.708 Y159.953
G0 X61.708 Y162.096
G0 X61.708 Y163.169
G0 X61.493 Y163.169
;TYPE:WALL-INNER
G1 F1500 E183.0908
G1 F609.1 X60.97 Y163.465 E183.10261
G1 X61.81 Y163.486 E183.11913
G1 F645.2 X61.81 Y162.65 E183.13465
G1 X61.774 Y162.65 E183.13531
G1 X61.493 Y163.169 E183.14627
G0 F12000 X60.97 Y163.465
G1 F588.2 X60.796 Y163.472 E183.14981
G1 F600 X57.996 Y163.472 E183.20569
G0 F12000 X61.636 Y163.312
G0 X61.708 Y162.896
G0 X61.22 Y162.896
G1 F600 X60.885 Y163.072 E183.21324
G1 X57.596 Y163.072 E183.27888
G1 X57.596 Y163.872 E183.29484
G1 X62.196 Y163.872 E183.38664
G1 X62.196 Y162.264 E183.41873
G1 X61.396 Y162.264 E183.43469
G1 X61.385 Y162.592 E183.44124
G1 X61.22 Y162.896 E183.44815
G0 F12000 X60.938 Y162.614
;TYPE:WALL-OUTER
G1 F600 X60.831 Y162.67 E183.45056
G1 X57.196 Y162.672 E183.5231
G1 X57.196 Y164.272 E183.55503
G1 X62.596 Y164.272 E183.66279
G1 X62.596 Y161.864 E183.71084
G1 X60.996 Y161.864 E183.74277
G1 X60.993 Y162.512 E183.7557
G1 X60.938 Y162.614 E183.75802
G1 F1500 E177.25802
;MESH:NONMESH
G0 F300 X60.938 Y162.614 Z7.56
G0 F12000 X61.308 Y162.614
G0 X61.222 Y162.09
G0 X61.222 Y150.05
G0 X57.996 Y149.472
;TIME_ELAPSED:786.841495
;LAYER:62
;note -- min layer time used
;TYPE:WALL-INNER
;MESH:MotorMount_v3.stl
G1 F1500 E183.75802
G1 F600 X60.796 Y149.472 E183.81389
G0 F12000 X61.493 Y149.775
G1 F645.2 X61.785 Y150.386 E183.82646
G1 X61.81 Y150.386 E183.82693
G1 X61.81 Y149.458 E183.84415
G1 F621.8 X60.796 Y149.472 E183.86368
G1 X61.493 Y149.775 E183.87831
G0 F12000 X61.22 Y150.048
G1 F600 X61.393 Y150.41 E183.88632
G1 X61.396 Y150.772 E183.89355
G1 X62.196 Y150.772 E183.90951
G1 X62.196 Y149.072 E183.94344
G1 X57.596 Y149.072 E184.03523
G1 X57.596 Y149.872 E184.0512
G1 X60.796 Y149.872 E184.11506
G1 X61.22 Y150.048 E184.12422
G0 F12000 X60.995 Y150.451
;TYPE:WALL-OUTER
G1 F600 X60.996 Y151.172 E184.13861
G1 X62.596 Y151.172 E184.17054
G1 X62.596 Y148.672 E184.22043
G1 X57.196 Y148.672 E184.32819
G1 X57.196 Y150.272 E184.36012
G1 X60.796 Y150.272 E184.43196
G1 X60.938 Y150.33 E184.43502
G1 X60.995 Y150.451 E184.43769
G1 F1500 E177.93769
G0 F12000 X61.308 Y150.451
G0 X61.918 Y150.943
G0 X61.918 Y152.906
G0 X61.918 Y153.668
G0 X62.196 Y153.948
;TYPE:WALL-INNER
G1 F1500 E184.43769
G1 F600 X62.196 Y153.076 E184.45509
G1 X61.396 Y153.076 E184.47106
G1 X61.396 Y153.948 E184.48846
G1 X62.196 Y153.948 E184.50443
G0 F12000 X62.596 Y154.348
;TYPE:WALL-OUTER
G1 F600 X62.596 Y152.676 E184.53779
G1 X60.996 Y152.676 E184.56972
G1 X60.996 Y154.348 E184.60309
G1 X62.596 Y154.348 E184.63502
G1 F1500 E178.13502
G0 F12000 X62.318 Y154.068
G0 X61.918 Y154.118
G0 X61.918 Y155.213
G0 X61.913 Y157.736
G0 X61.913 Y158.831
G0 X61.918 Y159.593
G0 X62.196 Y159.872
;TYPE:WALL-INNER
G1 F1500 E184.63502
G1 F600 X62.196 Y159 E184.65242
G1 X61.396 Y159 E184.66838
G1 X61.396 Y159.872 E184.68579
G1 X62.196 Y159.872 E184.70175
G0 F12000 X62.596 Y160.272
;TYPE:WALL-OUTER
G1 F600 X62.596 Y158.6 E184.73512
G1 X60.996 Y158.6 E184.76705
G1 X60.996 Y160.272 E184.80041
G1 X62.596 Y160.272 E184.83234
G1 F1500 E178.33234
G0 F12000 X62.318 Y159.993
G0 X61.708 Y160.043
G0 X61.708 Y162.006
G0 X61.708 Y163.169
G0 X61.493 Y163.169
;TYPE:WALL-INNER
G1 F1500 E184.83234
G1 F609.1 X60.97 Y163.465 E184.84416
G1 X61.81 Y163.486 E184.86067
G1 F610.7 X61.789 Y162.646 E184.87715
G1 X61.493 Y163.169 E184.88893
G0 F12000 X60.97 Y163.465
G1 F588.2 X60.796 Y163.472 E184.89248
G1 F600 X57.996 Y163.472 E184.94835
G0 F12000 X61.636 Y163.312
G0 X61.708 Y162.896
G0 X61.22 Y162.896
G1 F600 X60.885 Y163.072 E184.9559
G1 X57.596 Y163.072 E185.02154
G1 X57.596 Y163.872 E185.0375
G1 X62.196 Y163.872 E185.1293
G1 X62.196 Y162.176 E185.16315
G1 X61.396 Y162.176 E185.17911
G1 X61.388 Y162.576 E185.1871
G1 X61.22 Y162.896 E185.19431
G0 F12000 X60.938 Y162.614
;TYPE:WALL-OUTER
G1 F600 X60.831 Y162.67 E185.19672
G1 X57.196 Y162.672 E185.26926
G1 X57.196 Y164.272 E185.30119
G1 X62.596 Y164.272 E185.40895
G1 X62.596 Y161.776 E185.45876
G1 X60.996 Y161.776 E185.49069
G1 X60.994 Y162.507 E185.50528
G1 X60.938 Y162.614 E185.50769
G1 F1500 E179.00769
;MESH:NONMESH
G0 F300 X60.938 Y162.614 Z7.68
G0 F12000 X61.308 Y162.614
G0 X61.222 Y162
G0 X60.145 Y161.821
G0 X60.145 Y151.127
G0 X61.222 Y150.05
G0 X57.996 Y149.472
;TIME_ELAPSED:800.127126
;LAYER:63
;note -- min layer time used
;TYPE:WALL-INNER
;MESH:MotorMount_v3.stl
G1 F1500 E185.50769
G1 F605.2 X60.796 Y149.472 E185.56357
G0 F12000 X61.493 Y149.775
G1 F627.1 X61.796 Y150.472 E185.5782
G1 X61.81 Y149.458 E185.59773
G1 X60.796 Y149.472 E185.61726
G1 X61.493 Y149.775 E185.6319
G0 F12000 X61.22 Y150.048
G1 F605.2 X61.396 Y150.472 E185.64106
G1 X61.396 Y150.912 E185.64984
G1 X62.196 Y150.912 E185.66581
G1 X62.196 Y149.072 E185.70252
G1 X57.596 Y149.072 E185.79432
G1 X57.596 Y149.872 E185.81029
G1 X60.796 Y149.872 E185.87415
G1 X61.22 Y150.048 E185.88331
G0 F12000 X60.996 Y150.472
;TYPE:WALL-OUTER
G1 F605.2 X60.996 Y151.312 E185.90007
G1 X62.596 Y151.312 E185.932
G1 X62.596 Y148.672 E185.98468
G1 X57.196 Y148.672 E186.09245
G1 X57.196 Y150.272 E186.12438
G1 X60.796 Y150.272 E186.19622
G1 X60.938 Y150.33 E186.19928
G1 X60.996 Y150.472 E186.20234
G1 F1500 E179.70234
G0 F12000 X61.308 Y150.472
G0 X61.796 Y151.082
G0 X61.796 Y152.767
G0 X61.796 Y153.336
;TYPE:WALL-INNER
G1 F1500 E186.20234
G1 F605.2 X61.796 Y153.572 E186.20705
G0 F12000 X62.196 Y153.972
G1 F605.2 X62.196 Y152.936 E186.22773
G1 X61.396 Y152.936 E186.24369
G1 X61.396 Y153.972 E186.26436
G1 X62.196 Y153.972 E186.28033
G0 F12000 X62.596 Y154.372
;TYPE:WALL-OUTER
G1 F605.2 X62.596 Y152.536 E186.31697
G1 X60.996 Y152.536 E186.3489
G1 X60.996 Y154.372 E186.38554
G1 X62.596 Y154.372 E186.41747
G1 F1500 E179.91747
G0 F12000 X62.318 Y154.094
G0 X61.802 Y154.144
G0 X61.802 Y155.239
G0 X61.802 Y157.71
G0 X61.802 Y158.805
G0 X61.796 Y159.372
;TYPE:WALL-INNER
G1 F1500 E186.41747
G1 F605.2 X61.796 Y159.612 E186.42226
G0 F12000 X62.196 Y160.012
G1 F605.2 X62.196 Y158.972 E186.44301
G1 X61.396 Y158.972 E186.45898
G1 X61.396 Y160.012 E186.47973
G1 X62.196 Y160.012 E186.4957
G0 F12000 X62.596 Y160.412
;TYPE:WALL-OUTER
G1 F605.2 X62.596 Y158.572 E186.53241
G1 X60.996 Y158.572 E186.56434
G1 X60.996 Y160.412 E186.60106
G1 X62.596 Y160.412 E186.63299
G1 F1500 E180.13299
G0 F12000 X62.318 Y160.132
G0 X61.796 Y160.182
G0 X61.796 Y161.867
G0 X61.796 Y162.436
;TYPE:WALL-INNER
G1 F1500 E186.63299
G1 F594.8 X61.789 Y162.646 E186.63726
G0 F12000 X61.493 Y163.169
G1 F614.4 X60.97 Y163.465 E186.64907
G1 X61.81 Y163.486 E186.66559
G1 F616 X61.789 Y162.646 E186.68206
G1 X61.493 Y163.169 E186.69385
G0 F12000 X60.97 Y163.465
G1 F593.3 X60.796 Y163.472 E186.69739
G1 F605.2 X57.996 Y163.472 E186.75327
G0 F12000 X61.636 Y163.312
G0 X61.708 Y162.896
G0 X61.22 Y162.896
G1 F605.2 X60.885 Y163.072 E186.76082
G1 X57.596 Y163.072 E186.82646
G1 X57.596 Y163.872 E186.84242
G1 X62.196 Y163.872 E186.93422
G1 X62.196 Y162.036 E186.97086
G1 X61.396 Y162.036 E186.98682
G1 X61.396 Y162.561 E186.9973
G1 X61.22 Y162.896 E187.00485
G0 F12000 X60.994 Y162.507
;TYPE:WALL-OUTER
G1 F605.2 X60.938 Y162.614 E187.00726
G1 X60.831 Y162.67 E187.00967
G1 X57.196 Y162.672 E187.08221
G1 X57.196 Y164.272 E187.11414
G1 X62.596 Y164.272 E187.22191
G1 X62.596 Y161.636 E187.27451
G1 X60.996 Y161.636 E187.30644
G1 X60.994 Y162.507 E187.32382
G1 F1500 E180.82382
;MESH:NONMESH
G0 F300 X60.994 Y162.507 Z7.8
G0 F12000 X61.308 Y162.507
G0 X61.222 Y161.861
G0 X60.145 Y161.821
G0 X60.145 Y151.127
G0 X61.222 Y150.05
G0 X57.996 Y149.472
;TIME_ELAPSED:813.765319
;LAYER:64
;note -- min layer time used
;TYPE:WALL-INNER
;MESH:MotorMount_v3.stl
G1 F1500 E187.32382
G1 F673.2 X60.796 Y149.472 E187.3797
G0 F12000 X61.493 Y149.775
G1 F697.6 X61.796 Y150.472 E187.39433
G1 X61.81 Y149.458 E187.41386
G1 X60.796 Y149.472 E187.43339
G1 X61.493 Y149.775 E187.44803
G0 F12000 X61.796 Y150.472
G1 F673.2 X61.796 Y150.84 E187.45537
G0 F12000 X61.22 Y150.048
G1 F673.2 X61.396 Y150.472 E187.46453
G1 X61.396 Y151.24 E187.47986
G1 X62.196 Y151.24 E187.49582
G1 X62.196 Y149.072 E187.53909
G1 X57.596 Y149.072 E187.63089
G1 X57.596 Y149.872 E187.64685
G1 X60.796 Y149.872 E187.71071
G1 X61.22 Y150.048 E187.71987
G0 F12000 X60.996 Y150.472
;TYPE:WALL-OUTER
G1 F673.2 X60.996 Y151.64 E187.74318
G1 X62.596 Y151.64 E187.77511
G1 X62.596 Y148.672 E187.83434
G1 X57.196 Y148.672 E187.9421
G1 X57.196 Y150.272 E187.97403
G1 X60.796 Y150.272 E188.04588
G1 X60.938 Y150.33 E188.04894
G1 X60.996 Y150.472 E188.052
G1 F1500 E181.552
G0 F12000 X61.308 Y150.472
G0 X61.796 Y151.412
G0 X61.796 Y152.436
G0 X61.796 Y153.004
;TYPE:WALL-INNER
G1 F1500 E188.052
G1 F673.2 X61.796 Y153.624 E188.06437
G0 F12000 X62.196 Y154.024
G1 F673.2 X62.196 Y152.604 E188.09271
G1 X61.396 Y152.604 E188.10867
G1 X61.396 Y154.024 E188.13701
G1 X62.196 Y154.024 E188.15298
G0 F12000 X62.596 Y154.424
;TYPE:WALL-OUTER
G1 F673.2 X62.596 Y152.204 E188.19728
G1 X60.996 Y152.204 E188.22921
G1 X60.996 Y154.424 E188.27351
G1 X62.596 Y154.424 E188.30544
G1 F1500 E181.80544
G0 F12000 X62.318 Y154.147
G0 X61.802 Y154.197
G0 X61.802 Y155.292
G0 X61.802 Y157.657
G0 X61.802 Y158.752
G0 X61.796 Y159.32
;TYPE:WALL-INNER
G1 F1500 E188.30544
G1 F673.2 X61.796 Y159.94 E188.31781
G0 F12000 X62.196 Y160.34
G1 F673.2 X62.196 Y158.92 E188.34615
G1 X61.396 Y158.92 E188.36212
G1 X61.396 Y160.34 E188.39045
G1 X62.196 Y160.34 E188.40642
G1 F1500 E181.90642
G0 F12000 X61.918 Y160.062
G0 X62.318 Y158.802
G0 X62.596 Y158.52
;TYPE:WALL-OUTER
G1 F1500 E188.40642
G1 F673.2 X60.996 Y158.52 E188.43835
G1 X60.996 Y160.74 E188.48265
G1 X62.596 Y160.74 E188.51458
G1 X62.596 Y158.52 E188.55888
G1 F1500 E182.05888
G0 F12000 X62.318 Y158.802
G0 X61.796 Y160.512
G0 X61.796 Y161.536
G0 X61.796 Y162.104
;TYPE:WALL-INNER
G1 F1500 E188.55888
G1 F661.6 X61.789 Y162.646 E188.56989
G0 F12000 X61.493 Y163.169
G1 F683.4 X60.97 Y163.465 E188.5817
G1 X61.81 Y163.486 E188.59822
G1 F685.2 X61.789 Y162.646 E188.61469
G1 X61.493 Y163.169 E188.62648
G0 F12000 X60.97 Y163.465
G1 F660 X60.796 Y163.472 E188.63002
G1 F673.2 X57.996 Y163.472 E188.6859
G0 F12000 X61.636 Y163.312
G0 X61.708 Y162.896
G0 X61.22 Y162.896
G1 F673.2 X60.885 Y163.072 E188.69345
G1 X57.596 Y163.072 E188.75908
G1 X57.596 Y163.872 E188.77505
G1 X62.196 Y163.872 E188.86685
G1 X62.196 Y161.704 E188.91011
G1 X61.396 Y161.704 E188.92608
G1 X61.396 Y162.561 E188.94318
G1 X61.22 Y162.896 E188.95073
G0 F12000 X60.994 Y162.507
;TYPE:WALL-OUTER
G1 F673.2 X60.938 Y162.614 E188.95314
G1 X60.831 Y162.67 E188.95555
G1 X57.196 Y162.672 E189.02809
G1 X57.196 Y164.272 E189.06002
G1 X62.596 Y164.272 E189.16778
G1 X62.596 Y161.304 E189.22701
G1 X60.996 Y161.304 E189.25894
G1 X60.994 Y162.507 E189.28295
G1 F1500 E182.78295
;MESH:NONMESH
G0 F300 X60.994 Y162.507 Z7.92
G0 F12000 X61.308 Y162.507
G0 X61.222 Y161.53
G0 X60.133 Y161.53
G0 X60.145 Y151.127
G0 X61.222 Y150.05
G0 X57.996 Y149.472
;TIME_ELAPSED:827.932433
;LAYER:65
;note -- min layer time used
;TYPE:WALL-INNER
;MESH:MotorMount_v3.stl
G1 F1500 E189.28295
G1 F635.7 X60.796 Y149.472 E189.33883
G0 F12000 X61.493 Y149.775
G1 F658.7 X61.796 Y150.472 E189.35346
G1 X61.81 Y149.458 E189.37299
G1 X60.796 Y149.472 E189.39252
G1 X61.493 Y149.775 E189.40716
G0 F12000 X61.796 Y150.472
G1 F635.7 X61.796 Y153.678 E189.47114
G0 F12000 X61.636 Y149.636
G0 X61.22 Y149.564
G0 X61.22 Y150.048
G1 F635.7 X61.396 Y150.472 E189.4803
G1 X61.396 Y154.077 E189.55224
G1 X62.196 Y154.078 E189.56821
G1 X62.196 Y149.072 E189.66811
G1 X57.596 Y149.072 E189.7599
G1 X57.596 Y149.872 E189.77587
G1 X60.796 Y149.872 E189.83973
G1 X61.22 Y150.048 E189.84889
G0 F12000 X60.996 Y150.472
;TYPE:WALL-OUTER
G1 F635.7 X60.996 Y154.476 E189.92879
G1 X62.596 Y154.479 E189.96072
G1 X62.596 Y148.672 E190.07661
G1 X57.196 Y148.672 E190.18437
G1 X57.196 Y150.272 E190.2163
G1 X60.796 Y150.272 E190.28814
G1 X60.938 Y150.33 E190.2912
G1 X60.996 Y150.472 E190.29426
G1 F1500 E183.79426
G0 F12000 X61.308 Y150.472
G0 X61.802 Y154.25
G0 X61.802 Y155.345
G0 X61.802 Y157.604
G0 X61.802 Y158.699
G0 X61.796 Y159.268
;TYPE:WALL-INNER
G1 F1500 E190.29426
G1 F635.7 X61.796 Y162.472 E190.3582
G1 F624.7 X61.789 Y162.646 E190.36174
G0 F12000 X61.493 Y163.169
G1 F645.3 X60.97 Y163.465 E190.37355
G1 X61.81 Y163.486 E190.39007
G1 F647 X61.789 Y162.646 E190.40654
G1 X61.493 Y163.169 E190.41833
G0 F12000 X60.97 Y163.465
G1 F623.2 X60.796 Y163.472 E190.42187
G1 F635.7 X57.996 Y163.472 E190.47775
G0 F12000 X61.636 Y163.312
G0 X61.708 Y162.896
G0 X61.22 Y162.896
G1 F635.7 X60.885 Y163.072 E190.4853
G1 X57.596 Y163.072 E190.55094
G1 X57.596 Y163.872 E190.5669
G1 X62.196 Y163.872 E190.6587
G1 X62.196 Y158.868 E190.75856
G1 X61.396 Y158.868 E190.77452
G1 X61.396 Y162.561 E190.84822
G1 X61.22 Y162.896 E190.85577
G0 F12000 X60.994 Y162.507
;TYPE:WALL-OUTER
G1 F635.7 X60.938 Y162.614 E190.85818
G1 X60.831 Y162.67 E190.86059
G1 X57.196 Y162.672 E190.93313
G1 X57.196 Y164.272 E190.96506
G1 X62.596 Y164.272 E191.07283
G1 X62.596 Y158.468 E191.18865
G1 X60.996 Y158.468 E191.22058
G1 X60.994 Y162.507 E191.30118
G1 F1500 E184.80118
;MESH:NONMESH
G0 F300 X60.994 Y162.507 Z8.04
G0 F12000 X61.308 Y162.507
G0 X61.222 Y158.693
G0 X61.222 Y157.604
G0 X60.145 Y155.332
G0 X60.145 Y151.127
G0 X61.222 Y150.05
G0 X57.996 Y149.472
;TIME_ELAPSED:840.561959
;LAYER:66
;note -- min layer time used
;TYPE:WALL-INNER
;MESH:MotorMount_v3.stl
G1 F1500 E191.30118
G1 F639.1 X60.796 Y149.472 E191.35706
G0 F12000 X61.493 Y149.775
G1 F662.3 X61.796 Y150.472 E191.3717
G1 X61.81 Y149.458 E191.39123
G1 X60.796 Y149.472 E191.41076
G1 X61.493 Y149.775 E191.42539
G0 F12000 X61.796 Y150.472
G1 F639.1 X61.796 Y153.732 E191.49045
G0 F12000 X61.636 Y149.636
G0 X61.22 Y149.564
G0 X61.22 Y150.048
G1 F639.1 X61.396 Y150.472 E191.49961
G1 X61.396 Y154.132 E191.57265
G1 X62.196 Y154.132 E191.58861
G1 X62.196 Y149.072 E191.68959
G1 X57.596 Y149.072 E191.78139
G1 X57.596 Y149.872 E191.79735
G1 X60.796 Y149.872 E191.86121
G1 X61.22 Y150.048 E191.87038
G0 F12000 X60.996 Y150.472
;TYPE:WALL-OUTER
G1 F639.1 X60.996 Y154.532 E191.9514
G1 X62.596 Y154.532 E191.98333
G1 X62.596 Y148.672 E192.10027
G1 X57.196 Y148.672 E192.20803
G1 X57.196 Y150.272 E192.23996
G1 X60.796 Y150.272 E192.3118
G1 X60.938 Y150.33 E192.31486
G1 X60.996 Y150.472 E192.31793
G1 F1500 E185.81793
G0 F12000 X61.308 Y150.472
G0 X61.802 Y154.304
G0 X61.802 Y155.399
G0 X61.802 Y157.55
G0 X61.802 Y158.645
G0 X61.796 Y159.212
;TYPE:WALL-INNER
G1 F1500 E192.31793
G1 F639.1 X61.796 Y162.472 E192.38298
G1 F628.1 X61.789 Y162.646 E192.38652
G0 F12000 X61.493 Y163.169
G1 F648.8 X60.97 Y163.465 E192.39833
G1 X61.81 Y163.486 E192.41485
G1 F650.5 X61.789 Y162.646 E192.43132
G1 X61.493 Y163.169 E192.44311
G0 F12000 X60.97 Y163.465
G1 F626.6 X60.796 Y163.472 E192.44665
G1 F639.1 X57.996 Y163.472 E192.50253
G0 F12000 X61.636 Y163.312
G0 X61.708 Y162.896
G0 X61.22 Y162.896
G1 F639.1 X60.885 Y163.072 E192.51008
G1 X57.596 Y163.072 E192.57571
G1 X57.596 Y163.872 E192.59168
G1 X62.196 Y163.872 E192.68348
G1 X62.196 Y158.812 E192.78446
G1 X61.396 Y158.812 E192.80042
G1 X61.396 Y162.561 E192.87524
G1 X61.22 Y162.896 E192.88279
G0 F12000 X60.994 Y162.507
;TYPE:WALL-OUTER
G1 F639.1 X60.938 Y162.614 E192.8852
G1 X60.831 Y162.67 E192.88761
G1 X57.196 Y162.672 E192.96015
G1 X57.196 Y164.272 E192.99208
G1 X62.596 Y164.272 E193.09984
G1 X62.596 Y158.412 E193.21678
G1 X60.996 Y158.412 E193.24871
G1 X60.994 Y162.507 E193.33043
G1 F1500 E186.83043
;MESH:NONMESH
G0 F300 X60.994 Y162.507 Z8.16
G0 F12000 X61.308 Y162.507
G0 X61.222 Y158.639
G0 X61.222 Y157.55
G0 X60.145 Y155.386
G0 X60.145 Y151.127
G0 X61.222 Y150.05
G0 X57.996 Y149.472
;TIME_ELAPSED:853.197812
;LAYER:67
;note -- min layer time used
;TYPE:WALL-INNER
;MESH:MotorMount_v3.stl
G1 F1500 E193.33043
G1 F644.2 X60.796 Y149.472 E193.38631
G0 F12000 X61.493 Y149.775
G1 F667.6 X61.796 Y150.472 E193.40095
G1 X61.81 Y149.458 E193.42048
G1 X60.796 Y149.472 E193.44
G1 X61.493 Y149.775 E193.45464
G0 F12000 X61.796 Y150.472
G1 F644.2 X61.796 Y153.814 E193.52133
G0 F12000 X61.636 Y149.636
G0 X61.22 Y149.564
G0 X61.22 Y150.048
G1 F644.2 X61.396 Y150.472 E193.53049
G1 X61.396 Y154.213 E193.60515
G1 X62.196 Y154.214 E193.62112
G1 X62.196 Y149.072 E193.72373
G1 X57.596 Y149.072 E193.81553
G1 X57.596 Y149.872 E193.83149
G1 X60.796 Y149.872 E193.89535
G1 X61.22 Y150.048 E193.90451
G0 F12000 X60.996 Y150.472
;TYPE:WALL-OUTER
G1 F644.2 X60.996 Y154.612 E193.98713
G1 X62.596 Y154.615 E194.01906
G1 X62.596 Y148.672 E194.13766
G1 X57.196 Y148.672 E194.24542
G1 X57.196 Y150.272 E194.27735
G1 X60.796 Y150.272 E194.34919
G1 X60.938 Y150.33 E194.35226
G1 X60.996 Y150.472 E194.35532
G1 F1500 E187.85532
G0 F12000 X61.308 Y150.472
G0 X61.802 Y154.386
G0 X61.802 Y155.481
G0 X61.802 Y157.468
G0 X61.802 Y158.563
G0 X61.796 Y159.132
;TYPE:WALL-INNER
G1 F1500 E194.35532
G1 F644.2 X61.796 Y162.472 E194.42197
G1 F633.1 X61.789 Y162.646 E194.42551
G0 F12000 X61.493 Y163.169
G1 F654 X60.97 Y163.465 E194.43732
G1 X61.81 Y163.486 E194.45384
G1 F655.7 X61.789 Y162.646 E194.47031
G1 X61.493 Y163.169 E194.48209
G0 F12000 X60.97 Y163.465
G1 F631.6 X60.796 Y163.472 E194.48564
G1 F644.2 X57.996 Y163.472 E194.54152
G0 F12000 X61.636 Y163.312
G0 X61.708 Y162.896
G0 X61.22 Y162.896
G1 F644.2 X60.885 Y163.072 E194.54907
G1 X57.596 Y163.072 E194.6147
G1 X57.596 Y163.872 E194.63067
G1 X62.196 Y163.872 E194.72247
G1 X62.196 Y158.732 E194.82504
G1 X61.396 Y158.732 E194.841
G1 X61.396 Y162.561 E194.91742
G1 X61.22 Y162.896 E194.92497
G0 F12000 X60.994 Y162.507
;TYPE:WALL-OUTER
G1 F644.2 X60.938 Y162.614 E194.92738
G1 X60.831 Y162.67 E194.92979
G1 X57.196 Y162.672 E195.00233
G1 X57.196 Y164.272 E195.03426
G1 X62.596 Y164.272 E195.14202
G1 X62.596 Y158.332 E195.26056
G1 X60.996 Y158.332 E195.29249
G1 X60.994 Y162.507 E195.37581
G1 F1500 E188.87581
;MESH:NONMESH
G0 F300 X60.994 Y162.507 Z8.28
G0 F12000 X61.308 Y162.507
G0 X61.222 Y158.557
G0 X61.222 Y157.468
G0 X60.145 Y155.468
G0 X60.145 Y151.127
G0 X61.222 Y150.05
G0 X57.996 Y149.472
;TIME_ELAPSED:865.843323
;LAYER:68
;note -- min layer time used
;TYPE:WALL-INNER
;MESH:MotorMount_v3.stl
G1 F1500 E195.37581
G1 F649.7 X60.796 Y149.472 E195.43168
G0 F12000 X61.493 Y149.775
G1 F673.2 X61.796 Y150.472 E195.44632
G1 X61.81 Y149.458 E195.46585
G1 X60.796 Y149.472 E195.48538
G1 X61.493 Y149.775 E195.50001
G0 F12000 X61.796 Y150.472
G1 F649.7 X61.796 Y153.9 E195.56842
G0 F12000 X61.636 Y149.636
G0 X61.22 Y149.564
G0 X61.22 Y150.048
G1 F649.7 X61.396 Y150.472 E195.57758
G1 X61.396 Y154.3 E195.65398
G1 X62.196 Y154.3 E195.66994
G1 X62.196 Y149.072 E195.77427
G1 X57.596 Y149.072 E195.86607
G1 X57.596 Y149.872 E195.88203
G1 X60.796 Y149.872 E195.94589
G1 X61.22 Y150.048 E195.95506
G0 F12000 X60.996 Y150.472
;TYPE:WALL-OUTER
G1 F649.7 X60.996 Y154.7 E196.03943
G1 X62.596 Y154.7 E196.07136
G1 X62.596 Y148.672 E196.19165
G1 X57.196 Y148.672 E196.29942
G1 X57.196 Y150.272 E196.33135
G1 X60.796 Y150.272 E196.40319
G1 X60.938 Y150.33 E196.40625
G1 X60.996 Y150.472 E196.40931
G1 F1500 E189.90931
G0 F12000 X61.308 Y150.472
G0 X61.801 Y154.473
G0 X61.801 Y155.568
G0 X61.801 Y157.381
G0 X61.801 Y158.476
G0 X61.796 Y159.044
;TYPE:WALL-INNER
G1 F1500 E196.40931
G1 F649.7 X61.796 Y162.472 E196.47772
G1 F638.5 X61.789 Y162.646 E196.48126
G0 F12000 X61.493 Y163.169
G1 F659.6 X60.97 Y163.465 E196.49307
G1 X61.81 Y163.486 E196.50959
G1 F661.2 X61.789 Y162.646 E196.52606
G1 X61.493 Y163.169 E196.53784
G0 F12000 X60.97 Y163.465
G1 F636.9 X60.796 Y163.472 E196.54139
G1 F649.7 X57.996 Y163.472 E196.59727
G0 F12000 X61.636 Y163.312
G0 X61.708 Y162.896
G0 X61.22 Y162.896
G1 F649.7 X60.885 Y163.072 E196.60482
G1 X57.596 Y163.072 E196.67045
G1 X57.596 Y163.872 E196.68642
G1 X62.196 Y163.872 E196.77822
G1 X62.196 Y158.644 E196.88255
G1 X61.396 Y158.644 E196.89851
G1 X61.396 Y162.561 E196.97668
G1 X61.22 Y162.896 E196.98423
G0 F12000 X60.994 Y162.507
;TYPE:WALL-OUTER
G1 F649.7 X60.938 Y162.614 E196.98664
G1 X60.831 Y162.67 E196.98905
G1 X57.196 Y162.672 E197.06159
G1 X57.196 Y164.272 E197.09352
G1 X62.596 Y164.272 E197.20128
G1 X62.596 Y158.244 E197.32158
G1 X60.996 Y158.244 E197.35351
G1 X60.994 Y162.507 E197.43858
G1 F1500 E190.93858
;MESH:NONMESH
G0 F300 X60.994 Y162.507 Z8.4
G0 F12000 X61.308 Y162.507
G0 X61.222 Y158.47
G0 X61.222 Y157.381
G0 X60.145 Y155.555
G0 X60.145 Y151.127
G0 X61.222 Y150.05
G0 X57.996 Y149.472
;TIME_ELAPSED:878.499195
;LAYER:69
;note -- min layer time used
;TYPE:WALL-INNER
;MESH:MotorMount_v3.stl
G1 F1500 E197.43858
G1 F655.2 X60.796 Y149.472 E197.49446
G0 F12000 X61.493 Y149.775
G1 F678.9 X61.796 Y150.472 E197.50909
G1 X61.81 Y149.458 E197.52862
G1 X60.796 Y149.472 E197.54815
G1 X61.493 Y149.775 E197.56279
G0 F12000 X61.796 Y150.472
G1 F655.2 X61.796 Y153.988 E197.63295
G0 F12000 X61.636 Y149.636
G0 X61.22 Y149.564
G0 X61.22 Y150.048
G1 F655.2 X61.396 Y150.472 E197.64212
G1 X61.396 Y154.388 E197.72026
G1 X62.196 Y154.388 E197.73623
G1 X62.196 Y149.072 E197.84232
G1 X57.596 Y149.072 E197.93411
G1 X57.596 Y149.872 E197.95008
G1 X60.796 Y149.872 E198.01394
G1 X61.22 Y150.048 E198.0231
G0 F12000 X60.996 Y150.472
;TYPE:WALL-OUTER
G1 F655.2 X60.996 Y154.788 E198.10923
G1 X62.596 Y154.788 E198.14116
G1 X62.596 Y148.672 E198.26321
G1 X57.196 Y148.672 E198.37097
G1 X57.196 Y150.272 E198.4029
G1 X60.796 Y150.272 E198.47474
G1 X60.938 Y150.33 E198.47781
G1 X60.996 Y150.472 E198.48087
G1 F1500 E191.98087
G0 F12000 X61.308 Y150.472
G0 X61.801 Y154.561
G0 X61.801 Y155.656
G0 X61.803 Y157.294
G0 X61.804 Y158.369
G0 X61.796 Y158.956
;TYPE:WALL-INNER
G1 F1500 E198.48087
G1 F655.2 X61.796 Y162.472 E198.55103
G1 F643.9 X61.789 Y162.646 E198.55457
G0 F12000 X61.493 Y163.169
G1 F665.2 X60.97 Y163.465 E198.56638
G1 X61.81 Y163.486 E198.5829
G1 F666.9 X61.789 Y162.646 E198.59937
G1 X61.493 Y163.169 E198.61116
G0 F12000 X60.97 Y163.465
G1 F642.3 X60.796 Y163.472 E198.6147
G1 F655.2 X57.996 Y163.472 E198.67058
G0 F12000 X61.636 Y163.312
G0 X61.708 Y162.896
G0 X61.22 Y162.896
G1 F655.2 X60.885 Y163.072 E198.67813
G1 X57.596 Y163.072 E198.74376
G1 X57.596 Y163.872 E198.75973
G1 X62.196 Y163.872 E198.85153
G1 X62.196 Y158.556 E198.95761
G1 X61.396 Y158.556 E198.97358
G1 X61.396 Y162.561 E199.0535
G1 X61.22 Y162.896 E199.06106
G0 F12000 X60.994 Y162.507
;TYPE:WALL-OUTER
G1 F655.2 X60.938 Y162.614 E199.06347
G1 X60.831 Y162.67 E199.06588
G1 X57.196 Y162.672 E199.13842
G1 X57.196 Y164.272 E199.17035
G1 X62.596 Y164.272 E199.27811
G1 X62.596 Y158.156 E199.40016
G1 X60.996 Y158.156 E199.43209
G1 X60.994 Y162.507 E199.51892
G1 F1500 E193.01892
;MESH:NONMESH
G0 F300 X60.994 Y162.507 Z8.52
G0 F12000 X61.308 Y162.507
G0 X61.222 Y158.383
G0 X61.221 Y157.294
G0 X60.145 Y155.643
G0 X60.145 Y151.127
G0 X61.222 Y150.05
G0 X57.996 Y149.472
;TIME_ELAPSED:891.165462
;LAYER:70
;note -- min layer time used
;TYPE:WALL-INNER
;MESH:MotorMount_v3.stl
G1 F1500 E199.51892
G1 F663.5 X60.796 Y149.472 E199.5748
G0 F12000 X61.493 Y149.775
G1 F687.6 X61.796 Y150.472 E199.58943
G1 X61.81 Y149.458 E199.60896
G1 X60.796 Y149.472 E199.62849
G1 X61.493 Y149.775 E199.64313
G0 F12000 X61.796 Y150.472
G1 F663.5 X61.796 Y154.122 E199.71597
G0 F12000 X61.636 Y149.636
G0 X61.22 Y149.564
G0 X61.22 Y150.048
G1 F663.5 X61.396 Y150.472 E199.72513
G1 X61.396 Y154.521 E199.80593
G1 X62.196 Y154.522 E199.82189
G1 X62.196 Y149.072 E199.93065
G1 X57.596 Y149.072 E200.02245
G1 X57.596 Y149.872 E200.03842
G1 X60.796 Y149.872 E200.10228
G1 X61.22 Y150.048 E200.11144
G0 F12000 X60.996 Y150.472
;TYPE:WALL-OUTER
G1 F663.5 X60.996 Y154.92 E200.2002
G1 X62.596 Y154.923 E200.23213
G1 X62.596 Y148.672 E200.35688
G1 X57.196 Y148.672 E200.46464
G1 X57.196 Y150.272 E200.49657
G1 X60.796 Y150.272 E200.56841
G1 X60.938 Y150.33 E200.57147
G1 X60.996 Y150.472 E200.57453
G1 F1500 E194.07453
G0 F12000 X61.308 Y150.472
G0 X61.801 Y154.694
G0 X61.801 Y155.789
G0 X61.803 Y157.161
G0 X61.804 Y158.236
G0 X61.796 Y158.824
;TYPE:WALL-INNER
G1 F1500 E200.57453
G1 F663.5 X61.796 Y162.472 E200.64733
G1 F652.1 X61.789 Y162.646 E200.65087
G0 F12000 X61.493 Y163.169
G1 F673.6 X60.97 Y163.465 E200.66268
G1 X61.81 Y163.486 E200.6792
G1 F675.3 X61.789 Y162.646 E200.69567
G1 X61.493 Y163.169 E200.70746
G0 F12000 X60.97 Y163.465
G1 F650.5 X60.796 Y163.472 E200.711
G1 F663.5 X57.996 Y163.472 E200.76688
G0 F12000 X61.636 Y163.312
G0 X61.708 Y162.896
G0 X61.22 Y162.896
G1 F663.5 X60.885 Y163.072 E200.77443
G1 X57.596 Y163.072 E200.84007
G1 X57.596 Y163.872 E200.85603
G1 X62.196 Y163.872 E200.94783
G1 X62.196 Y158.424 E201.05655
G1 X61.396 Y158.424 E201.07251
G1 X61.396 Y162.561 E201.15507
G1 X61.22 Y162.896 E201.16262
G0 F12000 X60.994 Y162.507
;TYPE:WALL-OUTER
G1 F663.5 X60.938 Y162.614 E201.16503
G1 X60.831 Y162.67 E201.16744
G1 X57.196 Y162.672 E201.23999
G1 X57.196 Y164.272 E201.27192
G1 X62.596 Y164.272 E201.37968
G1 X62.596 Y158.024 E201.50436
G1 X60.996 Y158.024 E201.53629
G1 X60.994 Y162.507 E201.62576
G1 F1500 E195.12576
;MESH:NONMESH
G0 F300 X60.994 Y162.507 Z8.64
G0 F12000 X61.308 Y162.507
G0 X61.222 Y158.25
G0 X61.221 Y157.161
G0 X60.145 Y155.776
G0 X60.145 Y151.127
G0 X61.222 Y150.05
G0 X57.996 Y149.472
;TIME_ELAPSED:903.847827
;LAYER:71
;note -- min layer time used
;TYPE:WALL-INNER
;MESH:MotorMount_v3.stl
G1 F1500 E201.62576
G1 F671.9 X60.796 Y149.472 E201.68163
G0 F12000 X61.493 Y149.775
G1 F696.3 X61.796 Y150.472 E201.69627
G1 X61.81 Y149.458 E201.7158
G1 X60.796 Y149.472 E201.73533
G1 X61.493 Y149.775 E201.74996
G0 F12000 X61.796 Y150.472
G1 F671.9 X61.796 Y154.256 E201.82548
G0 F12000 X61.636 Y149.636
G0 X61.22 Y149.564
G0 X61.22 Y150.048
G1 F671.9 X61.396 Y150.472 E201.83464
G1 X61.396 Y154.656 E201.91813
G1 X62.196 Y154.656 E201.9341
G1 X62.196 Y149.072 E202.04553
G1 X57.596 Y149.072 E202.13733
G1 X57.596 Y149.872 E202.1533
G1 X60.796 Y149.872 E202.21716
G1 X61.22 Y150.048 E202.22632
G0 F12000 X60.996 Y150.472
;TYPE:WALL-OUTER
G1 F671.9 X60.996 Y155.056 E202.3178
G1 X62.596 Y155.056 E202.34973
G1 X62.596 Y148.672 E202.47713
G1 X57.196 Y148.672 E202.58489
G1 X57.196 Y150.272 E202.61682
G1 X60.796 Y150.272 E202.68866
G1 X60.938 Y150.33 E202.69172
G1 X60.996 Y150.472 E202.69478
G1 F1500 E196.19478
G0 F12000 X61.308 Y150.472
G0 X61.801 Y154.828
G0 X61.801 Y155.923
G0 X61.802 Y157.027
G0 X61.803 Y158.102
G0 X61.796 Y158.69
;TYPE:WALL-INNER
G1 F1500 E202.69478
G1 F671.9 X61.796 Y162.472 E202.77026
G1 F660.4 X61.789 Y162.646 E202.77379
G0 F12000 X61.493 Y163.169
G1 F682.2 X60.97 Y163.465 E202.78561
G1 X61.81 Y163.486 E202.80212
G1 F683.9 X61.789 Y162.646 E202.8186
G1 X61.493 Y163.169 E202.83038
G0 F12000 X60.97 Y163.465
G1 F658.7 X60.796 Y163.472 E202.83392
G1 F671.9 X57.996 Y163.472 E202.8898
G0 F12000 X61.636 Y163.312
G0 X61.708 Y162.896
G0 X61.22 Y162.896
G1 F671.9 X60.885 Y163.072 E202.89735
G1 X57.596 Y163.072 E202.96299
G1 X57.596 Y163.872 E202.97895
G1 X62.196 Y163.872 E203.07075
G1 X62.196 Y158.29 E203.18215
G1 X61.396 Y158.291 E203.19811
G1 X61.396 Y162.561 E203.28332
G1 X61.22 Y162.896 E203.29088
G0 F12000 X60.994 Y162.507
;TYPE:WALL-OUTER
G1 F671.9 X60.938 Y162.614 E203.29329
G1 X60.831 Y162.67 E203.2957
G1 X57.196 Y162.672 E203.36824
G1 X57.196 Y164.272 E203.40017
G1 X62.596 Y164.272 E203.50793
G1 X62.596 Y157.889 E203.63531
G1 X60.996 Y157.892 E203.66724
G1 X60.994 Y162.507 E203.75934
G1 F1500 E197.25934
;MESH:NONMESH
G0 F300 X60.994 Y162.507 Z8.76
G0 F12000 X61.308 Y162.507
G0 X61.222 Y158.116
G0 X61.221 Y157.027
G0 X60.145 Y155.91
G0 X60.145 Y151.127
G0 X61.222 Y150.05
G0 X57.996 Y149.472
;TIME_ELAPSED:916.546456
;LAYER:72
;note -- min layer time used
;TYPE:WALL-INNER
;MESH:MotorMount_v3.stl
G1 F1500 E203.75934
G1 F683.5 X60.796 Y149.472 E203.81521
G0 F12000 X61.493 Y149.775
G1 F708.3 X61.796 Y150.472 E203.82985
G1 X61.81 Y149.458 E203.84938
G1 X60.796 Y149.472 E203.86891
G1 X61.493 Y149.775 E203.88354
G0 F12000 X61.796 Y150.472
G1 F683.5 X61.796 Y154.44 E203.96273
G0 F12000 X61.636 Y149.636
G0 X61.22 Y149.564
G0 X61.22 Y150.048
G1 F683.5 X61.396 Y150.472 E203.97189
G1 X61.396 Y154.84 E204.05906
G1 X62.196 Y154.84 E204.07502
G1 X62.196 Y149.072 E204.19013
G1 X57.596 Y149.072 E204.28193
G1 X57.596 Y149.872 E204.29789
G1 X60.796 Y149.872 E204.36175
G1 X61.22 Y150.048 E204.37091
G0 F12000 X60.996 Y150.472
;TYPE:WALL-OUTER
G1 F683.5 X60.996 Y155.24 E204.46606
G1 X62.596 Y155.24 E204.49799
G1 X62.596 Y148.672 E204.62907
G1 X57.196 Y148.672 E204.73683
G1 X57.196 Y150.272 E204.76876
G1 X60.796 Y150.272 E204.8406
G1 X60.938 Y150.33 E204.84366
G1 X60.996 Y150.472 E204.84672
G1 F1500 E198.34672
G0 F12000 X61.308 Y150.472
G0 X61.794 Y155.031
G0 X61.795 Y156.106
G0 X61.795 Y156.843
G0 X61.796 Y157.918
G0 X61.796 Y158.506
;TYPE:WALL-INNER
G1 F1500 E204.84672
G1 F683.5 X61.796 Y162.472 E204.92587
G1 F671.7 X61.789 Y162.646 E204.9294
G0 F12000 X61.493 Y163.169
G1 F693.9 X60.97 Y163.465 E204.94122
G1 X61.81 Y163.486 E204.95773
G1 F695.6 X61.789 Y162.646 E204.97421
G1 X61.493 Y163.169 E204.98599
G0 F12000 X60.97 Y163.465
G1 F670.1 X60.796 Y163.472 E204.98954
G1 F683.5 X57.996 Y163.472 E205.04541
G0 F12000 X61.636 Y163.312
G0 X61.708 Y162.896
G0 X61.22 Y162.896
G1 F683.5 X60.885 Y163.072 E205.05296
G1 X57.596 Y163.072 E205.1186
G1 X57.596 Y163.872 E205.13456
G1 X62.196 Y163.872 E205.22636
G1 X62.196 Y158.106 E205.34143
G1 X61.396 Y158.107 E205.35739
G1 X61.396 Y162.561 E205.44628
G1 X61.22 Y162.896 E205.45383
G0 F12000 X60.994 Y162.507
;TYPE:WALL-OUTER
G1 F683.5 X60.938 Y162.614 E205.45624
G1 X60.831 Y162.67 E205.45865
G1 X57.196 Y162.672 E205.53119
G1 X57.196 Y164.272 E205.56312
G1 X62.596 Y164.272 E205.67088
G1 X62.596 Y157.705 E205.80194
G1 X60.996 Y157.708 E205.83386
G1 X60.994 Y162.507 E205.92963
G1 F1500 E199.42963
;MESH:NONMESH
G0 F300 X60.994 Y162.507 Z8.88
G0 F12000 X61.308 Y162.507
G0 X61.222 Y157.932
G0 X61.221 Y156.843
G0 X60.145 Y156.095
G0 X60.145 Y151.127
G0 X61.222 Y150.05
G0 X57.996 Y149.472
;TIME_ELAPSED:929.267521
;LAYER:73
;note -- min layer time used
;TYPE:WALL-INNER
;MESH:MotorMount_v3.stl
G1 F1500 E205.92963
G1 F696.5 X60.796 Y149.472 E205.98551
G0 F12000 X61.493 Y149.775
G1 F721.8 X61.796 Y150.472 E206.00015
G1 X61.81 Y149.458 E206.01968
G1 X60.796 Y149.472 E206.03921
G1 X61.493 Y149.775 E206.05384
G0 F12000 X61.796 Y150.472
G1 F696.5 X61.796 Y154.648 E206.13718
G0 F12000 X61.636 Y149.636
G0 X61.22 Y149.564
G0 X61.22 Y150.048
G1 F696.5 X61.396 Y150.472 E206.14634
G1 X61.396 Y155.048 E206.23766
G1 X62.196 Y155.048 E206.25362
G1 X62.196 Y149.072 E206.37288
G1 X57.596 Y149.072 E206.46468
G1 X57.596 Y149.872 E206.48064
G1 X60.796 Y149.872 E206.5445
G1 X61.22 Y150.048 E206.55366
G0 F12000 X60.996 Y150.472
;TYPE:WALL-OUTER
G1 F696.5 X60.996 Y155.448 E206.65297
G1 X62.596 Y155.448 E206.6849
G1 X62.596 Y148.672 E206.82012
G1 X57.196 Y148.672 E206.92788
G1 X57.196 Y150.272 E206.95981
G1 X60.796 Y150.272 E207.03165
G1 X60.938 Y150.33 E207.03471
G1 X60.996 Y150.472 E207.03777
G1 F1500 E200.53777
G0 F12000 X61.308 Y150.472
G0 X61.794 Y155.239
G0 X61.795 Y156.314
G0 X61.795 Y156.635
G0 X61.796 Y157.71
G0 X61.796 Y158.298
;TYPE:WALL-INNER
G1 F1500 E207.03777
G1 F696.5 X61.796 Y162.472 E207.12107
G1 F684.5 X61.789 Y162.646 E207.12461
G0 F12000 X61.493 Y163.169
G1 F707.1 X60.97 Y163.465 E207.13642
G1 X61.81 Y163.486 E207.15294
G1 F708.9 X61.789 Y162.646 E207.16941
G1 X61.493 Y163.169 E207.18119
G0 F12000 X60.97 Y163.465
G1 F682.9 X60.796 Y163.472 E207.18474
G1 F696.5 X57.996 Y163.472 E207.24062
G0 F12000 X61.636 Y163.312
G0 X61.708 Y162.896
G0 X61.22 Y162.896
G1 F696.5 X60.885 Y163.072 E207.24817
G1 X57.596 Y163.072 E207.3138
G1 X57.596 Y163.872 E207.32977
G1 X62.196 Y163.872 E207.42157
G1 X62.196 Y157.898 E207.54078
G1 X61.396 Y157.899 E207.55675
G1 X61.396 Y162.561 E207.64978
G1 X61.22 Y162.896 E207.65734
G0 F12000 X60.994 Y162.507
;TYPE:WALL-OUTER
G1 F696.5 X60.938 Y162.614 E207.65975
G1 X60.831 Y162.67 E207.66216
G1 X57.196 Y162.672 E207.7347
G1 X57.196 Y164.272 E207.76663
G1 X62.596 Y164.272 E207.87439
G1 X62.596 Y157.497 E208.00959
G1 X60.996 Y157.5 E208.04152
G1 X60.994 Y162.507 E208.14144
G1 F1500 E201.64144
;MESH:NONMESH
G0 F300 X60.994 Y162.507 Z9
G0 F12000 X61.308 Y162.507
G0 X61.222 Y157.724
G0 X61.221 Y156.635
G0 X60.145 Y156.303
G0 X60.145 Y151.127
G0 X61.222 Y150.05
G0 X57.996 Y149.472
;TIME_ELAPSED:942.014183
;LAYER:74
;note -- min layer time used
;TYPE:WALL-INNER
;MESH:MotorMount_v3.stl
G1 F1500 E208.14144
G1 F719.1 X60.796 Y149.472 E208.19732
G0 F12000 X61.493 Y149.775
G1 F745.2 X61.796 Y150.472 E208.21195
G1 X61.81 Y149.458 E208.23148
G1 X60.796 Y149.472 E208.25101
G1 X61.493 Y149.775 E208.26565
G0 F12000 X61.796 Y150.472
G1 F719.1 X61.796 Y155.008 E208.35617
G0 F12000 X61.636 Y149.636
G0 X61.22 Y149.564
G0 X61.22 Y150.048
G1 F719.1 X61.396 Y150.472 E208.36533
G1 X61.396 Y155.408 E208.46383
G1 X62.196 Y155.408 E208.4798
G1 X62.196 Y149.072 E208.60624
G1 X57.596 Y149.072 E208.69804
G1 X57.596 Y149.872 E208.714
G1 X60.796 Y149.872 E208.77786
G1 X61.22 Y150.048 E208.78702
G0 F12000 X60.996 Y150.472
;TYPE:WALL-OUTER
G1 F719.1 X60.996 Y155.808 E208.89351
G1 X62.596 Y155.808 E208.92544
G1 X62.596 Y148.672 E209.06785
G1 X57.196 Y148.672 E209.17561
G1 X57.196 Y150.272 E209.20754
G1 X60.796 Y150.272 E209.27938
G1 X60.938 Y150.33 E209.28244
G1 X60.996 Y150.472 E209.2855
G1 F1500 E202.7855
G0 F12000 X61.308 Y150.472
G0 X61.796 Y155.579
G0 X61.797 Y157.35
G0 X61.796 Y157.938
;TYPE:WALL-INNER
G1 F1500 E209.2855
G1 F719.1 X61.796 Y162.472 E209.37598
G1 F706.7 X61.789 Y162.646 E209.37952
G0 F12000 X61.493 Y163.169
G1 F730.1 X60.97 Y163.465 E209.39133
G1 X61.81 Y163.486 E209.40785
G1 F731.9 X61.789 Y162.646 E209.42432
G1 X61.493 Y163.169 E209.43611
G0 F12000 X60.97 Y163.465
G1 F705 X60.796 Y163.472 E209.43965
G1 F719.1 X57.996 Y163.472 E209.49553
G0 F12000 X61.636 Y163.312
G0 X61.708 Y162.896
G0 X61.22 Y162.896
G1 F719.1 X60.885 Y163.072 E209.50308
G1 X57.596 Y163.072 E209.56872
G1 X57.596 Y163.872 E209.58468
G1 X62.196 Y163.872 E209.67648
G1 X62.196 Y157.538 E209.80288
G1 X61.396 Y157.539 E209.81885
G1 X61.396 Y162.561 E209.91906
G1 X61.22 Y162.896 E209.92662
G0 F12000 X60.994 Y162.507
;TYPE:WALL-OUTER
G1 F719.1 X60.938 Y162.614 E209.92903
G1 X60.831 Y162.67 E209.93144
G1 X57.196 Y162.672 E210.00398
G1 X57.196 Y164.272 E210.03591
G1 X62.596 Y164.272 E210.14367
G1 X62.596 Y157.137 E210.28606
G1 X60.996 Y157.14 E210.31799
G1 X60.994 Y162.507 E210.42509
G1 F1500 E203.92509
;MESH:NONMESH
G0 F300 X60.994 Y162.507 Z9.12
G0 F12000 X61.308 Y162.507
G0 X61.222 Y157.364
G0 X60.133 Y157.364
G0 X60.145 Y151.127
G0 X61.222 Y150.05
G0 X57.996 Y149.472
;TIME_ELAPSED:954.792128
;LAYER:75
;note -- min layer time used
;TYPE:WALL-INNER
;MESH:MotorMount_v3.stl
G1 F1500 E210.42509
G1 F725.6 X60.796 Y149.472 E210.48097
G0 F12000 X61.493 Y149.775
G1 F751.9 X61.796 Y150.472 E210.4956
G1 X61.81 Y149.458 E210.51513
G1 X60.796 Y149.472 E210.53466
G1 X61.493 Y149.775 E210.5493
G0 F12000 X61.796 Y150.472
G1 F725.6 X61.796 Y162.472 E210.78877
G1 F713.1 X61.789 Y162.646 E210.79231
G0 F12000 X61.493 Y163.169
G1 F736.6 X60.97 Y163.465 E210.80412
G1 X61.81 Y163.486 E210.82064
G1 F738.5 X61.789 Y162.646 E210.83711
G1 X61.493 Y163.169 E210.84889
G0 F12000 X60.97 Y163.465
G1 F711.3 X60.796 Y163.472 E210.85244
G1 F725.6 X57.996 Y163.472 E210.90832
G0 F12000 X61.636 Y163.312
G0 X61.708 Y162.896
G0 X61.22 Y162.896
G1 F725.6 X60.885 Y163.072 E210.91587
G1 X57.596 Y163.072 E210.9815
G1 X57.596 Y163.872 E210.99747
G1 X62.196 Y163.872 E211.08927
G1 X62.196 Y149.072 E211.38462
G1 X57.596 Y149.072 E211.47641
G1 X57.596 Y149.872 E211.49238
G1 X60.796 Y149.872 E211.55624
G1 X61.22 Y150.048 E211.5654
G1 X61.396 Y150.472 E211.57456
G1 X61.396 Y162.561 E211.81581
G1 X61.22 Y162.896 E211.82336
G0 F12000 X60.994 Y162.507
;TYPE:WALL-OUTER
G1 F725.6 X60.938 Y162.614 E211.82577
G1 X60.831 Y162.67 E211.82818
G1 X57.196 Y162.672 E211.90072
G1 X57.196 Y164.272 E211.93265
G1 X62.596 Y164.272 E212.04041
G1 X62.596 Y148.672 E212.35173
G1 X57.196 Y148.672 E212.45949
G1 X57.196 Y150.272 E212.49142
G1 X60.796 Y150.272 E212.56326
G1 X60.938 Y150.33 E212.56633
G1 X60.996 Y150.472 E212.56939
G1 X60.994 Y162.507 E212.80956
;MESH:NONMESH
G0 F300 X60.994 Y162.507 Z9.24
G0 F12000 X61.308 Y162.507
G0 X61.236 Y150.036
G0 X57.996 Y149.472
;TIME_ELAPSED:966.166623
;LAYER:76
;note -- min layer time used
;TYPE:WALL-INNER
;MESH:MotorMount_v3.stl
G1 F725.6 X60.796 Y149.472 E212.86543
G0 F12000 X61.493 Y149.775
G1 F751.9 X61.796 Y150.472 E212.88007
G1 X61.81 Y149.458 E212.8996
G1 X60.796 Y149.472 E212.91913
G1 X61.493 Y149.775 E212.93376
G0 F12000 X61.796 Y150.472
G1 F725.6 X61.796 Y162.472 E213.17324
G1 F713.1 X61.789 Y162.646 E213.17677
G0 F12000 X61.493 Y163.169
G1 F736.6 X60.97 Y163.465 E213.18859
G1 X61.81 Y163.486 E213.2051
G1 F738.5 X61.789 Y162.646 E213.22158
G1 X61.493 Y163.169 E213.23336
G0 F12000 X60.97 Y163.465
G1 F711.3 X60.796 Y163.472 E213.23691
G1 F725.6 X57.996 Y163.472 E213.29278
G0 F12000 X61.636 Y163.312
G0 X61.708 Y162.896
G0 X61.22 Y162.896
G1 F725.6 X60.885 Y163.072 E213.30033
G1 X57.596 Y163.072 E213.36597
G1 X57.596 Y163.872 E213.38193
G1 X62.196 Y163.872 E213.47373
G1 X62.196 Y149.072 E213.76908
G1 X57.596 Y149.072 E213.86088
G1 X57.596 Y149.872 E213.87685
G1 X60.796 Y149.872 E213.94071
G1 X61.22 Y150.048 E213.94987
G1 X61.396 Y150.472 E213.95903
G1 X61.396 Y162.561 E214.20028
G1 X61.22 Y162.896 E214.20783
G0 F12000 X60.994 Y162.507
;TYPE:WALL-OUTER
G1 F725.6 X60.938 Y162.614 E214.21024
G1 X60.831 Y162.67 E214.21265
G1 X57.196 Y162.672 E214.28519
G1 X57.196 Y164.272 E214.31712
G1 X62.596 Y164.272 E214.42488
G1 X62.596 Y148.672 E214.7362
G1 X57.196 Y148.672 E214.84396
G1 X57.196 Y150.272 E214.87589
G1 X60.796 Y150.272 E214.94773
G1 X60.938 Y150.33 E214.95079
G1 X60.996 Y150.472 E214.95385
G1 X60.994 Y162.507 E215.19402
;MESH:NONMESH
G0 F300 X60.994 Y162.507 Z9.36
G0 F12000 X61.308 Y162.507
G0 X61.236 Y150.036
G0 X57.996 Y149.472
;TIME_ELAPSED:977.236973
;LAYER:77
;note -- min layer time used
;TYPE:WALL-INNER
;MESH:MotorMount_v3.stl
G1 F725.6 X60.796 Y149.472 E215.2499
G0 F12000 X61.493 Y149.775
G1 F751.9 X61.796 Y150.472 E215.26454
G1 X61.81 Y149.458 E215.28407
G1 X60.796 Y149.472 E215.3036
G1 X61.493 Y149.775 E215.31823
G0 F12000 X61.796 Y150.472
G1 F725.6 X61.796 Y162.472 E215.5577
G1 F713.1 X61.789 Y162.646 E215.56124
G0 F12000 X61.493 Y163.169
G1 F736.6 X60.97 Y163.465 E215.57305
G1 X61.81 Y163.486 E215.58957
G1 F738.5 X61.789 Y162.646 E215.60605
G1 X61.493 Y163.169 E215.61783
G0 F12000 X60.97 Y163.465
G1 F711.3 X60.796 Y163.472 E215.62137
G1 F725.6 X57.996 Y163.472 E215.67725
G0 F12000 X61.636 Y163.312
G0 X61.708 Y162.896
G0 X61.22 Y162.896
G1 F725.6 X60.885 Y163.072 E215.6848
G1 X57.596 Y163.072 E215.75044
G1 X57.596 Y163.872 E215.7664
G1 X62.196 Y163.872 E215.8582
G1 X62.196 Y149.072 E216.15355
G1 X57.596 Y149.072 E216.24535
G1 X57.596 Y149.872 E216.26131
G1 X60.796 Y149.872 E216.32517
G1 X61.22 Y150.048 E216.33433
G1 X61.396 Y150.472 E216.3435
G1 X61.396 Y162.561 E216.58474
G1 X61.22 Y162.896 E216.5923
G0 F12000 X60.994 Y162.507
;TYPE:WALL-OUTER
G1 F725.6 X60.938 Y162.614 E216.59471
G1 X60.831 Y162.67 E216.59712
G1 X57.196 Y162.672 E216.66966
G1 X57.196 Y164.272 E216.70159
G1 X62.596 Y164.272 E216.80935
G1 X62.596 Y148.672 E217.12066
G1 X57.196 Y148.672 E217.22843
G1 X57.196 Y150.272 E217.26036
G1 X60.796 Y150.272 E217.3322
G1 X60.938 Y150.33 E217.33526
G1 X60.996 Y150.472 E217.33832
G1 X60.994 Y162.507 E217.57849
;MESH:NONMESH
G0 F300 X60.994 Y162.507 Z9.48
G0 F12000 X61.308 Y162.507
G0 X61.236 Y150.036
G0 X57.996 Y149.472
;TIME_ELAPSED:988.307322
;LAYER:78
;note -- min layer time used
;TYPE:WALL-INNER
;MESH:MotorMount_v3.stl
G1 F725.6 X60.796 Y149.472 E217.63437
G0 F12000 X61.493 Y149.775
G1 F751.9 X61.796 Y150.472 E217.649
G1 X61.81 Y149.458 E217.66853
G1 X60.796 Y149.472 E217.68806
G1 X61.493 Y149.775 E217.7027
G0 F12000 X61.796 Y150.472
G1 F725.6 X61.796 Y162.472 E217.94217
G1 F713.1 X61.789 Y162.646 E217.94571
G0 F12000 X61.493 Y163.169
G1 F736.6 X60.97 Y163.465 E217.95752
G1 X61.81 Y163.486 E217.97404
G1 F738.5 X61.789 Y162.646 E217.99051
G1 X61.493 Y163.169 E218.0023
G0 F12000 X60.97 Y163.465
G1 F711.3 X60.796 Y163.472 E218.00584
G1 F725.6 X57.996 Y163.472 E218.06172
G0 F12000 X61.636 Y163.312
G0 X61.708 Y162.896
G0 X61.22 Y162.896
G1 F725.6 X60.885 Y163.072 E218.06927
G1 X57.596 Y163.072 E218.1349
G1 X57.596 Y163.872 E218.15087
G1 X62.196 Y163.872 E218.24267
G1 X62.196 Y149.072 E218.53802
G1 X57.596 Y149.072 E218.62982
G1 X57.596 Y149.872 E218.64578
G1 X60.796 Y149.872 E218.70964
G1 X61.22 Y150.048 E218.7188
G1 X61.396 Y150.472 E218.72796
G1 X61.396 Y162.561 E218.96921
G1 X61.22 Y162.896 E218.97676
G0 F12000 X60.994 Y162.507
;TYPE:WALL-OUTER
G1 F725.6 X60.938 Y162.614 E218.97917
G1 X60.831 Y162.67 E218.98158
G1 X57.196 Y162.672 E219.05412
G1 X57.196 Y164.272 E219.08605
G1 X62.596 Y164.272 E219.19382
G1 X62.596 Y148.672 E219.50513
G1 X57.196 Y148.672 E219.61289
G1 X57.196 Y150.272 E219.64482
G1 X60.796 Y150.272 E219.71667
G1 X60.938 Y150.33 E219.71973
G1 X60.996 Y150.472 E219.72279
G1 X60.994 Y162.507 E219.96296
;MESH:NONMESH
G0 F300 X60.994 Y162.507 Z9.6
G0 F12000 X61.308 Y162.507
G0 X61.236 Y150.036
G0 X57.996 Y149.472
;TIME_ELAPSED:999.377671
;LAYER:79
;note -- min layer time used
;TYPE:WALL-INNER
;MESH:MotorMount_v3.stl
G1 F725.6 X60.796 Y149.472 E220.01884
G0 F12000 X61.493 Y149.775
G1 F751.9 X61.796 Y150.472 E220.03347
G1 X61.81 Y149.458 E220.053
G1 X60.796 Y149.472 E220.07253
G1 X61.493 Y149.775 E220.08717
G0 F12000 X61.796 Y150.472
G1 F725.6 X61.796 Y162.472 E220.32664
G1 F713.1 X61.789 Y162.646 E220.33018
G0 F12000 X61.493 Y163.169
G1 F736.6 X60.97 Y163.465 E220.34199
G1 X61.81 Y163.486 E220.3585
G1 F738.5 X61.789 Y162.646 E220.37498
G1 X61.493 Y163.169 E220.38676
G0 F12000 X60.97 Y163.465
G1 F711.3 X60.796 Y163.472 E220.39031
G1 F725.6 X57.996 Y163.472 E220.44618
G0 F12000 X61.636 Y163.312
G0 X61.708 Y162.896
G0 X61.22 Y162.896
G1 F725.6 X60.885 Y163.072 E220.45374
G1 X57.596 Y163.072 E220.51937
G1 X57.596 Y163.872 E220.53534
G1 X62.196 Y163.872 E220.62713
G1 X62.196 Y149.072 E220.92248
G1 X57.596 Y149.072 E221.01428
G1 X57.596 Y149.872 E221.03025
G1 X60.796 Y149.872 E221.09411
G1 X61.22 Y150.048 E221.10327
G1 X61.396 Y150.472 E221.11243
G1 X61.396 Y162.561 E221.35368
G1 X61.22 Y162.896 E221.36123
G0 F12000 X60.994 Y162.507
;TYPE:WALL-OUTER
G1 F725.6 X60.938 Y162.614 E221.36364
G1 X60.831 Y162.67 E221.36605
G1 X57.196 Y162.672 E221.43859
G1 X57.196 Y164.272 E221.47052
G1 X62.596 Y164.272 E221.57828
G1 X62.596 Y148.672 E221.8896
G1 X57.196 Y148.672 E221.99736
G1 X57.196 Y150.272 E222.02929
G1 X60.796 Y150.272 E222.10113
G1 X60.938 Y150.33 E222.10419
G1 X60.996 Y150.472 E222.10725
G1 X60.994 Y162.507 E222.34743
;MESH:NONMESH
G0 F300 X60.994 Y162.507 Z9.72
G0 F12000 X61.308 Y162.507
G0 X61.236 Y150.036
G0 X57.996 Y149.472
;TIME_ELAPSED:1010.448021
;LAYER:80
;note -- min layer time used
;TYPE:WALL-INNER
;MESH:MotorMount_v3.stl
G1 F725.6 X60.796 Y149.472 E222.4033
G0 F12000 X61.493 Y149.775
G1 F751.9 X61.796 Y150.472 E222.41794
G1 X61.81 Y149.458 E222.43747
G1 X60.796 Y149.472 E222.457
G1 X61.493 Y149.775 E222.47163
G0 F12000 X61.796 Y150.472
G1 F725.6 X61.796 Y162.472 E222.71111
G1 F713.1 X61.789 Y162.646 E222.71464
G0 F12000 X61.493 Y163.169
G1 F736.6 X60.97 Y163.465 E222.72645
G1 X61.81 Y163.486 E222.74297
G1 F738.5 X61.789 Y162.646 E222.75945
G1 X61.493 Y163.169 E222.77123
G0 F12000 X60.97 Y163.465
G1 F711.3 X60.796 Y163.472 E222.77477
G1 F725.6 X57.996 Y163.472 E222.83065
G0 F12000 X61.636 Y163.312
G0 X61.708 Y162.896
G0 X61.22 Y162.896
G1 F725.6 X60.885 Y163.072 E222.8382
G1 X57.596 Y163.072 E222.90384
G1 X57.596 Y163.872 E222.9198
G1 X62.196 Y163.872 E223.0116
G1 X62.196 Y149.072 E223.30695
G1 X57.596 Y149.072 E223.39875
G1 X57.596 Y149.872 E223.41471
G1 X60.796 Y149.872 E223.47857
G1 X61.22 Y150.048 E223.48774
G1 X61.396 Y150.472 E223.4969
G1 X61.396 Y162.561 E223.73815
G1 X61.22 Y162.896 E223.7457
G0 F12000 X60.994 Y162.507
;TYPE:WALL-OUTER
G1 F725.6 X60.938 Y162.614 E223.74811
G1 X60.831 Y162.67 E223.75052
G1 X57.196 Y162.672 E223.82306
G1 X57.196 Y164.272 E223.85499
G1 X62.596 Y164.272 E223.96275
G1 X62.596 Y148.672 E224.27407
G1 X57.196 Y148.672 E224.38183
G1 X57.196 Y150.272 E224.41376
G1 X60.796 Y150.272 E224.4856
G1 X60.938 Y150.33 E224.48866
G1 X60.996 Y150.472 E224.49172
G1 X60.994 Y162.507 E224.73189
;MESH:NONMESH
G0 F300 X60.994 Y162.507 Z9.84
G0 F12000 X61.308 Y162.507
G0 X61.236 Y150.036
G0 X57.996 Y149.472
;TIME_ELAPSED:1021.518370
;LAYER:81
;note -- min layer time used
;TYPE:WALL-INNER
;MESH:MotorMount_v3.stl
G1 F725.6 X60.796 Y149.472 E224.78777
G0 F12000 X61.493 Y149.775
G1 F751.9 X61.796 Y150.472 E224.80241
G1 X61.81 Y149.458 E224.82194
G1 X60.796 Y149.472 E224.84146
G1 X61.493 Y149.775 E224.8561
G0 F12000 X61.796 Y150.472
G1 F725.6 X61.796 Y162.472 E225.09557
G1 F713.1 X61.789 Y162.646 E225.09911
G0 F12000 X61.493 Y163.169
G1 F736.6 X60.97 Y163.465 E225.11092
G1 X61.81 Y163.486 E225.12744
G1 F738.5 X61.789 Y162.646 E225.14391
G1 X61.493 Y163.169 E225.1557
G0 F12000 X60.97 Y163.465
G1 F711.3 X60.796 Y163.472 E225.15924
G1 F725.6 X57.996 Y163.472 E225.21512
G0 F12000 X61.636 Y163.312
G0 X61.708 Y162.896
G0 X61.22 Y162.896
G1 F725.6 X60.885 Y163.072 E225.22267
G1 X57.596 Y163.072 E225.28831
G1 X57.596 Y163.872 E225.30427
G1 X62.196 Y163.872 E225.39607
G1 X62.196 Y149.072 E225.69142
G1 X57.596 Y149.072 E225.78322
G1 X57.596 Y149.872 E225.79918
G1 X60.796 Y149.872 E225.86304
G1 X61.22 Y150.048 E225.8722
G1 X61.396 Y150.472 E225.88136
G1 X61.396 Y162.561 E226.12261
G1 X61.22 Y162.896 E226.13016
G0 F12000 X60.994 Y162.507
;TYPE:WALL-OUTER
G1 F725.6 X60.938 Y162.614 E226.13257
G1 X60.831 Y162.67 E226.13498
G1 X57.196 Y162.672 E226.20752
G1 X57.196 Y164.272 E226.23945
G1 X62.596 Y164.272 E226.34722
G1 X62.596 Y148.672 E226.65853
G1 X57.196 Y148.672 E226.7663
G1 X57.196 Y150.272 E226.79822
G1 X60.796 Y150.272 E226.87007
G1 X60.938 Y150.33 E226.87313
G1 X60.996 Y150.472 E226.87619
G1 X60.994 Y162.507 E227.11636
;MESH:NONMESH
G0 F300 X60.994 Y162.507 Z9.96
G0 F12000 X61.308 Y162.507
G0 X61.236 Y150.036
G0 X57.996 Y149.472
;TIME_ELAPSED:1032.588719
;LAYER:82
;note -- min layer time used
;TYPE:WALL-INNER
;MESH:MotorMount_v3.stl
G1 F725.6 X60.796 Y149.472 E227.17224
G0 F12000 X61.493 Y149.775
G1 F751.9 X61.796 Y150.472 E227.18687
G1 X61.81 Y149.458 E227.2064
G1 X60.796 Y149.472 E227.22593
G1 X61.493 Y149.775 E227.24057
G0 F12000 X61.796 Y150.472
G1 F725.6 X61.796 Y162.472 E227.48004
G1 F713.1 X61.789 Y162.646 E227.48358
G0 F12000 X61.493 Y163.169
G1 F736.6 X60.97 Y163.465 E227.49539
G1 X61.81 Y163.486 E227.51191
G1 F738.5 X61.789 Y162.646 E227.52838
G1 X61.493 Y163.169 E227.54016
G0 F12000 X60.97 Y163.465
G1 F711.3 X60.796 Y163.472 E227.54371
G1 F725.6 X57.996 Y163.472 E227.59959
G0 F12000 X61.636 Y163.312
G0 X61.708 Y162.896
G0 X61.22 Y162.896
G1 F725.6 X60.885 Y163.072 E227.60714
G1 X57.596 Y163.072 E227.67277
G1 X57.596 Y163.872 E227.68874
G1 X62.196 Y163.872 E227.78054
G1 X62.196 Y149.072 E228.07589
G1 X57.596 Y149.072 E228.16768
G1 X57.596 Y149.872 E228.18365
G1 X60.796 Y149.872 E228.24751
G1 X61.22 Y150.048 E228.25667
G1 X61.396 Y150.472 E228.26583
G1 X61.396 Y162.561 E228.50708
G1 X61.22 Y162.896 E228.51463
G0 F12000 X60.994 Y162.507
;TYPE:WALL-OUTER
G1 F725.6 X60.938 Y162.614 E228.51704
G1 X60.831 Y162.67 E228.51945
G1 X57.196 Y162.672 E228.59199
G1 X57.196 Y164.272 E228.62392
G1 X62.596 Y164.272 E228.73168
G1 X62.596 Y148.672 E229.043
G1 X57.196 Y148.672 E229.15076
G1 X57.196 Y150.272 E229.18269
G1 X60.796 Y150.272 E229.25453
G1 X60.938 Y150.33 E229.25759
G1 X60.996 Y150.472 E229.26066
G1 X60.994 Y162.507 E229.50083
;MESH:NONMESH
G0 F300 X60.994 Y162.507 Z10.08
G0 F12000 X61.308 Y162.507
G0 X61.236 Y150.036
G0 X57.996 Y149.472
;TIME_ELAPSED:1043.659069
;LAYER:83
;note -- min layer time used
;TYPE:WALL-INNER
;MESH:MotorMount_v3.stl
G1 F725.6 X60.796 Y149.472 E229.5567
G0 F12000 X61.493 Y149.775
G1 F751.9 X61.796 Y150.472 E229.57134
G1 X61.81 Y149.458 E229.59087
G1 X60.796 Y149.472 E229.6104
G1 X61.493 Y149.775 E229.62503
G0 F12000 X61.796 Y150.472
G1 F725.6 X61.796 Y162.472 E229.86451
G1 F713.1 X61.789 Y162.646 E229.86804
G0 F12000 X61.493 Y163.169
G1 F736.6 X60.97 Y163.465 E229.87986
G1 X61.81 Y163.486 E229.89637
G1 F738.5 X61.789 Y162.646 E229.91285
G1 X61.493 Y163.169 E229.92463
G0 F12000 X60.97 Y163.465
G1 F711.3 X60.796 Y163.472 E229.92818
G1 F725.6 X57.996 Y163.472 E229.98405
G0 F12000 X61.636 Y163.312
G0 X61.708 Y162.896
G0 X61.22 Y162.896
G1 F725.6 X60.885 Y163.072 E229.9916
G1 X57.596 Y163.072 E230.05724
G1 X57.596 Y163.872 E230.0732
G1 X62.196 Y163.872 E230.165
G1 X62.196 Y149.072 E230.46035
G1 X57.596 Y149.072 E230.55215
G1 X57.596 Y149.872 E230.56812
G1 X60.796 Y149.872 E230.63198
G1 X61.22 Y150.048 E230.64114
G1 X61.396 Y150.472 E230.6503
G1 X61.396 Y162.561 E230.89155
G1 X61.22 Y162.896 E230.8991
G0 F12000 X60.994 Y162.507
;TYPE:WALL-OUTER
G1 F725.6 X60.938 Y162.614 E230.90151
G1 X60.831 Y162.67 E230.90392
G1 X57.196 Y162.672 E230.97646
G1 X57.196 Y164.272 E231.00839
G1 X62.596 Y164.272 E231.11615
G1 X62.596 Y148.672 E231.42747
G1 X57.196 Y148.672 E231.53523
G1 X57.196 Y150.272 E231.56716
G1 X60.796 Y150.272 E231.639
G1 X60.938 Y150.33 E231.64206
G1 X60.996 Y150.472 E231.64512
G1 X60.994 Y162.507 E231.88529
;MESH:NONMESH
G0 F300 X60.994 Y162.507 Z10.2
G0 F12000 X61.308 Y162.507
G0 X61.236 Y150.036
G0 X57.996 Y149.472
;TIME_ELAPSED:1054.729418
;LAYER:84
;note -- min layer time used
;TYPE:WALL-INNER
;MESH:MotorMount_v3.stl
G1 F725.6 X60.796 Y149.472 E231.94117
G0 F12000 X61.493 Y149.775
G1 F751.9 X61.796 Y150.472 E231.95581
G1 X61.81 Y149.458 E231.97534
G1 X60.796 Y149.472 E231.99487
G1 X61.493 Y149.775 E232.0095
G0 F12000 X61.796 Y150.472
G1 F725.6 X61.796 Y162.472 E232.24897
G1 F713.1 X61.789 Y162.646 E232.25251
G0 F12000 X61.493 Y163.169
G1 F736.6 X60.97 Y163.465 E232.26432
G1 X61.81 Y163.486 E232.28084
G1 F738.5 X61.789 Y162.646 E232.29732
G1 X61.493 Y163.169 E232.3091
G0 F12000 X60.97 Y163.465
G1 F711.3 X60.796 Y163.472 E232.31264
G1 F725.6 X57.996 Y163.472 E232.36852
G0 F12000 X61.636 Y163.312
G0 X61.708 Y162.896
G0 X61.22 Y162.896
G1 F725.6 X60.885 Y163.072 E232.37607
G1 X57.596 Y163.072 E232.44171
G1 X57.596 Y163.872 E232.45767
G1 X62.196 Y163.872 E232.54947
G1 X62.196 Y149.072 E232.84482
G1 X57.596 Y149.072 E232.93662
G1 X57.596 Y149.872 E232.95258
G1 X60.796 Y149.872 E233.01644
G1 X61.22 Y150.048 E233.0256
G1 X61.396 Y150.472 E233.03476
G1 X61.396 Y162.561 E233.27601
G1 X61.22 Y162.896 E233.28357
G0 F12000 X60.994 Y162.507
;TYPE:WALL-OUTER
G1 F725.6 X60.938 Y162.614 E233.28598
G1 X60.831 Y162.67 E233.28839
G1 X57.196 Y162.672 E233.36093
G1 X57.196 Y164.272 E233.39286
G1 X62.596 Y164.272 E233.50062
G1 X62.596 Y148.672 E233.81193
G1 X57.196 Y148.672 E233.9197
G1 X57.196 Y150.272 E233.95163
G1 X60.796 Y150.272 E234.02347
G1 X60.938 Y150.33 E234.02653
G1 X60.996 Y150.472 E234.02959
G1 X60.994 Y162.507 E234.26976
;MESH:NONMESH
G0 F300 X60.994 Y162.507 Z10.32
G0 F12000 X61.308 Y162.507
G0 X61.236 Y150.036
G0 X57.996 Y149.472
;TIME_ELAPSED:1065.799767
;LAYER:85
;note -- min layer time used
;TYPE:WALL-INNER
;MESH:MotorMount_v3.stl
G1 F725.6 X60.796 Y149.472 E234.32564
G0 F12000 X61.493 Y149.775
G1 F751.9 X61.796 Y150.472 E234.34027
G1 X61.81 Y149.458 E234.3598
G1 X60.796 Y149.472 E234.37933
G1 X61.493 Y149.775 E234.39397
G0 F12000 X61.796 Y150.472
G1 F725.6 X61.796 Y162.472 E234.63344
G1 F713.1 X61.789 Y162.646 E234.63698
G0 F12000 X61.493 Y163.169
G1 F736.6 X60.97 Y163.465 E234.64879
G1 X61.81 Y163.486 E234.66531
G1 F738.5 X61.789 Y162.646 E234.68178
G1 X61.493 Y163.169 E234.69357
G0 F12000 X60.97 Y163.465
G1 F711.3 X60.796 Y163.472 E234.69711
G1 F725.6 X57.996 Y163.472 E234.75299
G0 F12000 X61.636 Y163.312
G0 X61.708 Y162.896
G0 X61.22 Y162.896
G1 F725.6 X60.885 Y163.072 E234.76054
G1 X57.596 Y163.072 E234.82617
G1 X57.596 Y163.872 E234.84214
G1 X62.196 Y163.872 E234.93394
G1 X62.196 Y149.072 E235.22929
G1 X57.596 Y149.072 E235.32108
G1 X57.596 Y149.872 E235.33705
G1 X60.796 Y149.872 E235.40091
G1 X61.22 Y150.048 E235.41007
G1 X61.396 Y150.472 E235.41923
G1 X61.396 Y162.561 E235.66048
G1 X61.22 Y162.896 E235.66803
G0 F12000 X60.994 Y162.507
;TYPE:WALL-OUTER
G1 F725.6 X60.938 Y162.614 E235.67044
G1 X60.831 Y162.67 E235.67285
G1 X57.196 Y162.672 E235.74539
G1 X57.196 Y164.272 E235.77732
G1 X62.596 Y164.272 E235.88509
G1 X62.596 Y148.672 E236.1964
G1 X57.196 Y148.672 E236.30416
G1 X57.196 Y150.272 E236.33609
G1 X60.796 Y150.272 E236.40794
G1 X60.938 Y150.33 E236.411
G1 X60.996 Y150.472 E236.41406
G1 X60.994 Y162.507 E236.65423
;MESH:NONMESH
G0 F300 X60.994 Y162.507 Z10.44
G0 F12000 X61.308 Y162.507
G0 X61.236 Y150.036
G0 X57.996 Y149.472
;TIME_ELAPSED:1076.870117
;LAYER:86
;note -- min layer time used
;TYPE:WALL-INNER
;MESH:MotorMount_v3.stl
G1 F725.6 X60.796 Y149.472 E236.71011
G0 F12000 X61.493 Y149.775
G1 F751.9 X61.796 Y150.472 E236.72474
G1 X61.81 Y149.458 E236.74427
G1 X60.796 Y149.472 E236.7638
G1 X61.493 Y149.775 E236.77844
G0 F12000 X61.796 Y150.472
G1 F725.6 X61.796 Y162.472 E237.01791
G1 F713.1 X61.789 Y162.646 E237.02144
G0 F12000 X61.493 Y163.169
G1 F736.6 X60.97 Y163.465 E237.03326
G1 X61.81 Y163.486 E237.04977
G1 F738.5 X61.789 Y162.646 E237.06625
G1 X61.493 Y163.169 E237.07803
G0 F12000 X60.97 Y163.465
G1 F711.3 X60.796 Y163.472 E237.08158
G1 F725.6 X57.996 Y163.472 E237.13745
G0 F12000 X61.636 Y163.312
G0 X61.708 Y162.896
G0 X61.22 Y162.896
G1 F725.6 X60.885 Y163.072 E237.14501
G1 X57.596 Y163.072 E237.21064
G1 X57.596 Y163.872 E237.22661
G1 X62.196 Y163.872 E237.3184
G1 X62.196 Y149.072 E237.61375
G1 X57.596 Y149.072 E237.70555
G1 X57.596 Y149.872 E237.72152
G1 X60.796 Y149.872 E237.78538
G1 X61.22 Y150.048 E237.79454
G1 X61.396 Y150.472 E237.8037
G1 X61.396 Y162.561 E238.04495
G1 X61.22 Y162.896 E238.0525
G0 F12000 X60.994 Y162.507
;TYPE:WALL-OUTER
G1 F725.6 X60.938 Y162.614 E238.05491
G1 X60.831 Y162.67 E238.05732
G1 X57.196 Y162.672 E238.12986
G1 X57.196 Y164.272 E238.16179
G1 X62.596 Y164.272 E238.26955
G1 X62.596 Y148.672 E238.58087
G1 X57.196 Y148.672 E238.68863
G1 X57.196 Y150.272 E238.72056
G1 X60.796 Y150.272 E238.7924
G1 X60.938 Y150.33 E238.79546
G1 X60.996 Y150.472 E238.79852
G1 X60.994 Y162.507 E239.0387
;MESH:NONMESH
G0 F300 X60.994 Y162.507 Z10.56
G0 F12000 X61.308 Y162.507
G0 X61.236 Y150.036
G0 X57.996 Y149.472
;TIME_ELAPSED:1087.940466
;LAYER:87
;note -- min layer time used
;TYPE:WALL-INNER
;MESH:MotorMount_v3.stl
G1 F725.6 X60.796 Y149.472 E239.09457
G0 F12000 X61.493 Y149.775
G1 F751.9 X61.796 Y150.472 E239.10921
G1 X61.81 Y149.458 E239.12874
G1 X60.796 Y149.472 E239.14827
G1 X61.493 Y149.775 E239.1629
G0 F12000 X61.796 Y150.472
G1 F725.6 X61.796 Y162.472 E239.40238
G1 F713.1 X61.789 Y162.646 E239.40591
G0 F12000 X61.493 Y163.169
G1 F736.6 X60.97 Y163.465 E239.41772
G1 X61.81 Y163.486 E239.43424
G1 F738.5 X61.789 Y162.646 E239.45072
G1 X61.493 Y163.169 E239.4625
G0 F12000 X60.97 Y163.465
G1 F711.3 X60.796 Y163.472 E239.46604
G1 F725.6 X57.996 Y163.472 E239.52192
G0 F12000 X61.636 Y163.312
G0 X61.708 Y162.896
G0 X61.22 Y162.896
G1 F725.6 X60.885 Y163.072 E239.52947
G1 X57.596 Y163.072 E239.59511
G1 X57.596 Y163.872 E239.61107
G1 X62.196 Y163.872 E239.70287
G1 X62.196 Y149.072 E239.99822
G1 X57.596 Y149.072 E240.09002
G1 X57.596 Y149.872 E240.10598
G1 X60.796 Y149.872 E240.16984
G1 X61.22 Y150.048 E240.179
G1 X61.396 Y150.472 E240.18817
G1 X61.396 Y162.561 E240.42942
G1 X61.22 Y162.896 E240.43697
G0 F12000 X60.994 Y162.507
;TYPE:WALL-OUTER
G1 F725.6 X60.938 Y162.614 E240.43938
G1 X60.831 Y162.67 E240.44179
G1 X57.196 Y162.672 E240.51433
G1 X57.196 Y164.272 E240.54626
G1 X62.596 Y164.272 E240.65402
G1 X62.596 Y148.672 E240.96533
G1 X57.196 Y148.672 E241.0731
G1 X57.196 Y150.272 E241.10503
G1 X60.796 Y150.272 E241.17687
G1 X60.938 Y150.33 E241.17993
G1 X60.996 Y150.472 E241.18299
G1 X60.994 Y162.507 E241.42316
;MESH:NONMESH
G0 F300 X60.994 Y162.507 Z10.68
G0 F12000 X61.308 Y162.507
G0 X61.236 Y150.036
G0 X57.996 Y149.472
;TIME_ELAPSED:1099.010815
;LAYER:88
;note -- min layer time used
;TYPE:WALL-INNER
;MESH:MotorMount_v3.stl
G1 F725.6 X60.796 Y149.472 E241.47904
G0 F12000 X61.493 Y149.775
G1 F751.9 X61.796 Y150.472 E241.49368
G1 X61.81 Y149.458 E241.51321
G1 X60.796 Y149.472 E241.53273
G1 X61.493 Y149.775 E241.54737
G0 F12000 X61.796 Y150.472
G1 F725.6 X61.796 Y162.472 E241.78684
G1 F713.1 X61.789 Y162.646 E241.79038
G0 F12000 X61.493 Y163.169
G1 F736.6 X60.97 Y163.465 E241.80219
G1 X61.81 Y163.486 E241.81871
G1 F738.5 X61.789 Y162.646 E241.83518
G1 X61.493 Y163.169 E241.84697
G0 F12000 X60.97 Y163.465
G1 F711.3 X60.796 Y163.472 E241.85051
G1 F725.6 X57.996 Y163.472 E241.90639
G0 F12000 X61.636 Y163.312
G0 X61.708 Y162.896
G0 X61.22 Y162.896
G1 F725.6 X60.885 Y163.072 E241.91394
G1 X57.596 Y163.072 E241.97958
G1 X57.596 Y163.872 E241.99554
G1 X62.196 Y163.872 E242.08734
G1 X62.196 Y149.072 E242.38269
G1 X57.596 Y149.072 E242.47449
G1 X57.596 Y149.872 E242.49045
G1 X60.796 Y149.872 E242.55431
G1 X61.22 Y150.048 E242.56347
G1 X61.396 Y150.472 E242.57263
G1 X61.396 Y162.561 E242.81388
G1 X61.22 Y162.896 E242.82143
G0 F12000 X60.994 Y162.507
;TYPE:WALL-OUTER
G1 F725.6 X60.938 Y162.614 E242.82384
G1 X60.831 Y162.67 E242.82625
G1 X57.196 Y162.672 E242.89879
G1 X57.196 Y164.272 E242.93072
G1 X62.596 Y164.272 E243.03849
G1 X62.596 Y148.672 E243.3498
G1 X57.196 Y148.672 E243.45756
G1 X57.196 Y150.272 E243.48949
G1 X60.796 Y150.272 E243.56134
G1 X60.938 Y150.33 E243.5644
G1 X60.996 Y150.472 E243.56746
G1 X60.994 Y162.507 E243.80763
;MESH:NONMESH
G0 F300 X60.994 Y162.507 Z10.8
G0 F12000 X61.308 Y162.507
G0 X61.236 Y150.036
G0 X57.996 Y149.472
;TIME_ELAPSED:1110.081165
;LAYER:89
;note -- min layer time used
;TYPE:WALL-INNER
;MESH:MotorMount_v3.stl
G1 F725.6 X60.796 Y149.472 E243.86351
G0 F12000 X61.493 Y149.775
G1 F751.9 X61.796 Y150.472 E243.87814
G1 X61.81 Y149.458 E243.89767
G1 X60.796 Y149.472 E243.9172
G1 X61.493 Y149.775 E243.93184
G0 F12000 X61.796 Y150.472
G1 F725.6 X61.796 Y162.472 E244.17131
G1 F713.1 X61.789 Y162.646 E244.17485
G0 F12000 X61.493 Y163.169
G1 F736.6 X60.97 Y163.465 E244.18666
G1 X61.81 Y163.486 E244.20318
G1 F738.5 X61.789 Y162.646 E244.21965
G1 X61.493 Y163.169 E244.23143
G0 F12000 X60.97 Y163.465
G1 F711.3 X60.796 Y163.472 E244.23498
G1 F725.6 X57.996 Y163.472 E244.29086
G0 F12000 X61.636 Y163.312
G0 X61.708 Y162.896
G0 X61.22 Y162.896
G1 F725.6 X60.885 Y163.072 E244.29841
G1 X57.596 Y163.072 E244.36404
G1 X57.596 Y163.872 E244.38001
G1 X62.196 Y163.872 E244.47181
G1 X62.196 Y149.072 E244.76716
G1 X57.596 Y149.072 E244.85895
G1 X57.596 Y149.872 E244.87492
G1 X60.796 Y149.872 E244.93878
G1 X61.22 Y150.048 E244.94794
G1 X61.396 Y150.472 E244.9571
G1 X61.396 Y162.561 E245.19835
G1 X61.22 Y162.896 E245.2059
G0 F12000 X60.994 Y162.507
;TYPE:WALL-OUTER
G1 F725.6 X60.938 Y162.614 E245.20831
G1 X60.831 Y162.67 E245.21072
G1 X57.196 Y162.672 E245.28326
G1 X57.196 Y164.272 E245.31519
G1 X62.596 Y164.272 E245.42295
G1 X62.596 Y148.672 E245.73427
G1 X57.196 Y148.672 E245.84203
G1 X57.196 Y150.272 E245.87396
G1 X60.796 Y150.272 E245.9458
G1 X60.938 Y150.33 E245.94886
G1 X60.996 Y150.472 E245.95193
G1 X60.994 Y162.507 E246.1921
;MESH:NONMESH
G0 F300 X60.994 Y162.507 Z10.92
G0 F12000 X61.308 Y162.507
G0 X61.236 Y150.036
G0 X57.996 Y149.472
;TIME_ELAPSED:1121.151514
;LAYER:90
;note -- min layer time used
;TYPE:WALL-INNER
;MESH:MotorMount_v3.stl
G1 F725.6 X60.796 Y149.472 E246.24797
G0 F12000 X61.493 Y149.775
G1 F751.9 X61.796 Y150.472 E246.26261
G1 X61.81 Y149.458 E246.28214
G1 X60.796 Y149.472 E246.30167
G1 X61.493 Y149.775 E246.3163
G0 F12000 X61.796 Y150.472
G1 F725.6 X61.796 Y162.472 E246.55578
G1 F713.1 X61.789 Y162.646 E246.55931
G0 F12000 X61.493 Y163.169
G1 F736.6 X60.97 Y163.465 E246.57113
G1 X61.81 Y163.486 E246.58764
G1 F738.5 X61.789 Y162.646 E246.60412
G1 X61.493 Y163.169 E246.6159
G0 F12000 X60.97 Y163.465
G1 F711.3 X60.796 Y163.472 E246.61945
G1 F725.6 X57.996 Y163.472 E246.67532
G0 F12000 X61.636 Y163.312
G0 X61.708 Y162.896
G0 X61.22 Y162.896
G1 F725.6 X60.885 Y163.072 E246.68287
G1 X57.596 Y163.072 E246.74851
G1 X57.596 Y163.872 E246.76447
G1 X62.196 Y163.872 E246.85627
G1 X62.196 Y149.072 E247.15162
G1 X57.596 Y149.072 E247.24342
G1 X57.596 Y149.872 E247.25939
G1 X60.796 Y149.872 E247.32324
G1 X61.22 Y150.048 E247.33241
G1 X61.396 Y150.472 E247.34157
G1 X61.396 Y162.561 E247.58282
G1 X61.22 Y162.896 E247.59037
G0 F12000 X60.994 Y162.507
;TYPE:WALL-OUTER
G1 F725.6 X60.938 Y162.614 E247.59278
G1 X60.831 Y162.67 E247.59519
G1 X57.196 Y162.672 E247.66773
G1 X57.196 Y164.272 E247.69966
G1 X62.596 Y164.272 E247.80742
G1 X62.596 Y148.672 E248.11874
G1 X57.196 Y148.672 E248.2265
G1 X57.196 Y150.272 E248.25843
G1 X60.796 Y150.272 E248.33027
G1 X60.938 Y150.33 E248.33333
G1 X60.996 Y150.472 E248.33639
G1 X60.994 Y162.507 E248.57656
;MESH:NONMESH
G0 F300 X60.994 Y162.507 Z11.04
G0 F12000 X61.308 Y162.507
G0 X61.236 Y150.036
G0 X57.996 Y149.472
;TIME_ELAPSED:1132.221863
;LAYER:91
;note -- min layer time used
;TYPE:WALL-INNER
;MESH:MotorMount_v3.stl
G1 F725.6 X60.796 Y149.472 E248.63244
G0 F12000 X61.493 Y149.775
G1 F751.9 X61.796 Y150.472 E248.64708
G1 X61.81 Y149.458 E248.66661
G1 X60.796 Y149.472 E248.68614
G1 X61.493 Y149.775 E248.70077
G0 F12000 X61.796 Y150.472
G1 F725.6 X61.796 Y162.472 E248.94024
G1 F713.1 X61.789 Y162.646 E248.94378
G0 F12000 X61.493 Y163.169
G1 F736.6 X60.97 Y163.465 E248.95559
G1 X61.81 Y163.486 E248.97211
G1 F738.5 X61.789 Y162.646 E248.98859
G1 X61.493 Y163.169 E249.00037
G0 F12000 X60.97 Y163.465
G1 F711.3 X60.796 Y163.472 E249.00391
G1 F725.6 X57.996 Y163.472 E249.05979
G0 F12000 X61.636 Y163.312
G0 X61.708 Y162.896
G0 X61.22 Y162.896
G1 F725.6 X60.885 Y163.072 E249.06734
G1 X57.596 Y163.072 E249.13298
G1 X57.596 Y163.872 E249.14894
G1 X62.196 Y163.872 E249.24074
G1 X62.196 Y149.072 E249.53609
G1 X57.596 Y149.072 E249.62789
G1 X57.596 Y149.872 E249.64385
G1 X60.796 Y149.872 E249.70771
G1 X61.22 Y150.048 E249.71687
G1 X61.396 Y150.472 E249.72603
G1 X61.396 Y162.561 E249.96728
G1 X61.22 Y162.896 E249.97484
G0 F12000 X60.994 Y162.507
;TYPE:WALL-OUTER
G1 F725.6 X60.938 Y162.614 E249.97725
G1 X60.831 Y162.67 E249.97966
G1 X57.196 Y162.672 E250.0522
G1 X57.196 Y164.272 E250.08413
G1 X62.596 Y164.272 E250.19189
G1 X62.596 Y148.672 E250.5032
G1 X57.196 Y148.672 E250.61097
G1 X57.196 Y150.272 E250.6429
G1 X60.796 Y150.272 E250.71474
G1 X60.938 Y150.33 E250.7178
G1 X60.996 Y150.472 E250.72086
G1 X60.994 Y162.507 E250.96103
;MESH:NONMESH
G0 F300 X60.994 Y162.507 Z11.16
G0 F12000 X61.308 Y162.507
G0 X61.236 Y150.036
G0 X57.996 Y149.472
;TIME_ELAPSED:1143.292213
;LAYER:92
;note -- min layer time used
;TYPE:WALL-INNER
;MESH:MotorMount_v3.stl
G1 F725.6 X60.796 Y149.472 E251.01691
G0 F12000 X61.493 Y149.775
G1 F751.9 X61.796 Y150.472 E251.03154
G1 X61.81 Y149.458 E251.05107
G1 X60.796 Y149.472 E251.0706
G1 X61.493 Y149.775 E251.08524
G0 F12000 X61.796 Y150.472
G1 F725.6 X61.796 Y162.472 E251.32471
G1 F713.1 X61.789 Y162.646 E251.32825
G0 F12000 X61.493 Y163.169
G1 F736.6 X60.97 Y163.465 E251.34006
G1 X61.81 Y163.486 E251.35658
G1 F738.5 X61.789 Y162.646 E251.37305
G1 X61.493 Y163.169 E251.38483
G0 F12000 X60.97 Y163.465
G1 F711.3 X60.796 Y163.472 E251.38838
G1 F725.6 X57.996 Y163.472 E251.44426
G0 F12000 X61.636 Y163.312
G0 X61.708 Y162.896
G0 X61.22 Y162.896
G1 F725.6 X60.885 Y163.072 E251.45181
G1 X57.596 Y163.072 E251.51744
G1 X57.596 Y163.872 E251.53341
G1 X62.196 Y163.872 E251.62521
G1 X62.196 Y149.072 E251.92056
G1 X57.596 Y149.072 E252.01235
G1 X57.596 Y149.872 E252.02832
G1 X60.796 Y149.872 E252.09218
G1 X61.22 Y150.048 E252.10134
G1 X61.396 Y150.472 E252.1105
G1 X61.396 Y162.561 E252.35175
G1 X61.22 Y162.896 E252.3593
G0 F12000 X60.994 Y162.507
;TYPE:WALL-OUTER
G1 F725.6 X60.938 Y162.614 E252.36171
G1 X60.831 Y162.67 E252.36412
G1 X57.196 Y162.672 E252.43666
G1 X57.196 Y164.272 E252.46859
G1 X62.596 Y164.272 E252.57636
G1 X62.596 Y148.672 E252.88767
G1 X57.196 Y148.672 E252.99543
G1 X57.196 Y150.272 E253.02736
G1 X60.796 Y150.272 E253.09921
G1 X60.938 Y150.33 E253.10227
G1 X60.996 Y150.472 E253.10533
G1 X60.994 Y162.507 E253.3455
;MESH:NONMESH
G0 F300 X60.994 Y162.507 Z11.28
G0 F12000 X61.308 Y162.507
G0 X61.236 Y150.036
G0 X57.996 Y149.472
;TIME_ELAPSED:1154.362562
;LAYER:93
;note -- min layer time used
;TYPE:WALL-INNER
;MESH:MotorMount_v3.stl
G1 F725.6 X60.796 Y149.472 E253.40138
G0 F12000 X61.493 Y149.775
G1 F751.9 X61.796 Y150.472 E253.41601
G1 X61.81 Y149.458 E253.43554
G1 X60.796 Y149.472 E253.45507
G1 X61.493 Y149.775 E253.46971
G0 F12000 X61.796 Y150.472
G1 F725.6 X61.796 Y162.472 E253.70918
G1 F713.1 X61.789 Y162.646 E253.71271
G0 F12000 X61.493 Y163.169
G1 F736.6 X60.97 Y163.465 E253.72453
G1 X61.81 Y163.486 E253.74104
G1 F738.5 X61.789 Y162.646 E253.75752
G1 X61.493 Y163.169 E253.7693
G0 F12000 X60.97 Y163.465
G1 F711.3 X60.796 Y163.472 E253.77285
G1 F725.6 X57.996 Y163.472 E253.82872
G0 F12000 X61.636 Y163.312
G0 X61.708 Y162.896
G0 X61.22 Y162.896
G1 F725.6 X60.885 Y163.072 E253.83628
G1 X57.596 Y163.072 E253.90191
G1 X57.596 Y163.872 E253.91788
G1 X62.196 Y163.872 E254.00967
G1 X62.196 Y149.072 E254.30502
G1 X57.596 Y149.072 E254.39682
G1 X57.596 Y149.872 E254.41279
G1 X60.796 Y149.872 E254.47665
G1 X61.22 Y150.048 E254.48581
G1 X61.396 Y150.472 E254.49497
G1 X61.396 Y162.561 E254.73622
G1 X61.22 Y162.896 E254.74377
G0 F12000 X60.994 Y162.507
;TYPE:WALL-OUTER
G1 F725.6 X60.938 Y162.614 E254.74618
G1 X60.831 Y162.67 E254.74859
G1 X57.196 Y162.672 E254.82113
G1 X57.196 Y164.272 E254.85306
G1 X62.596 Y164.272 E254.96082
G1 X62.596 Y148.672 E255.27214
G1 X57.196 Y148.672 E255.3799
G1 X57.196 Y150.272 E255.41183
G1 X60.796 Y150.272 E255.48367
G1 X60.938 Y150.33 E255.48673
G1 X60.996 Y150.472 E255.48979
G1 X60.994 Y162.507 E255.72997
;MESH:NONMESH
G0 F300 X60.994 Y162.507 Z11.4
G0 F12000 X61.308 Y162.507
G0 X61.236 Y150.036
G0 X57.996 Y149.472
;TIME_ELAPSED:1165.432911
;LAYER:94
;note -- min layer time used
;TYPE:WALL-INNER
;MESH:MotorMount_v3.stl
G1 F725.6 X60.796 Y149.472 E255.78584
G0 F12000 X61.493 Y149.775
G1 F751.9 X61.796 Y150.472 E255.80048
G1 X61.81 Y149.458 E255.82001
G1 X60.796 Y149.472 E255.83954
G1 X61.493 Y149.775 E255.85417
G0 F12000 X61.796 Y150.472
G1 F725.6 X61.796 Y162.472 E256.09365
G1 F713.1 X61.789 Y162.646 E256.09718
G0 F12000 X61.493 Y163.169
G1 F736.6 X60.97 Y163.465 E256.10899
G1 X61.81 Y163.486 E256.12551
G1 F738.5 X61.789 Y162.646 E256.14199
G1 X61.493 Y163.169 E256.15377
G0 F12000 X60.97 Y163.465
G1 F711.3 X60.796 Y163.472 E256.15731
G1 F725.6 X57.996 Y163.472 E256.21319
G0 F12000 X61.636 Y163.312
G0 X61.708 Y162.896
G0 X61.22 Y162.896
G1 F725.6 X60.885 Y163.072 E256.22074
G1 X57.596 Y163.072 E256.28638
G1 X57.596 Y163.872 E256.30234
G1 X62.196 Y163.872 E256.39414
G1 X62.196 Y149.072 E256.68949
G1 X57.596 Y149.072 E256.78129
G1 X57.596 Y149.872 E256.79725
G1 X60.796 Y149.872 E256.86111
G1 X61.22 Y150.048 E256.87027
G1 X61.396 Y150.472 E256.87944
G1 X61.396 Y162.561 E257.12069
G1 X61.22 Y162.896 E257.12824
G0 F12000 X60.994 Y162.507
;TYPE:WALL-OUTER
G1 F725.6 X60.938 Y162.614 E257.13065
G1 X60.831 Y162.67 E257.13306
G1 X57.196 Y162.672 E257.2056
G1 X57.196 Y164.272 E257.23753
G1 X62.596 Y164.272 E257.34529
G1 X62.596 Y148.672 E257.6566
G1 X57.196 Y148.672 E257.76437
G1 X57.196 Y150.272 E257.7963
G1 X60.796 Y150.272 E257.86814
G1 X60.938 Y150.33 E257.8712
G1 X60.996 Y150.472 E257.87426
G1 X60.994 Y162.507 E258.11443
;MESH:NONMESH
G0 F300 X60.994 Y162.507 Z11.52
G0 F12000 X61.308 Y162.507
G0 X61.236 Y150.036
G0 X57.996 Y149.472
;TIME_ELAPSED:1176.503261
;LAYER:95
;note -- min layer time used
;TYPE:WALL-INNER
;MESH:MotorMount_v3.stl
G1 F725.6 X60.796 Y149.472 E258.17031
G0 F12000 X61.493 Y149.775
G1 F751.9 X61.796 Y150.472 E258.18495
G1 X61.81 Y149.458 E258.20447
G1 X60.796 Y149.472 E258.224
G1 X61.493 Y149.775 E258.23864
G0 F12000 X61.796 Y150.472
G1 F725.6 X61.796 Y162.472 E258.47811
G1 F713.1 X61.789 Y162.646 E258.48165
G0 F12000 X61.493 Y163.169
G1 F736.6 X60.97 Y163.465 E258.49346
G1 X61.81 Y163.486 E258.50998
G1 F738.5 X61.789 Y162.646 E258.52645
G1 X61.493 Y163.169 E258.53824
G0 F12000 X60.97 Y163.465
G1 F711.3 X60.796 Y163.472 E258.54178
G1 F725.6 X57.996 Y163.472 E258.59766
G0 F12000 X61.636 Y163.312
G0 X61.708 Y162.896
G0 X61.22 Y162.896
G1 F725.6 X60.885 Y163.072 E258.60521
G1 X57.596 Y163.072 E258.67085
G1 X57.596 Y163.872 E258.68681
G1 X62.196 Y163.872 E258.77861
G1 X62.196 Y149.072 E259.07396
G1 X57.596 Y149.072 E259.16576
G1 X57.596 Y149.872 E259.18172
G1 X60.796 Y149.872 E259.24558
G1 X61.22 Y150.048 E259.25474
G1 X61.396 Y150.472 E259.2639
G1 X61.396 Y162.561 E259.50515
G1 X61.22 Y162.896 E259.5127
G0 F12000 X60.994 Y162.507
;TYPE:WALL-OUTER
G1 F725.6 X60.938 Y162.614 E259.51511
G1 X60.831 Y162.67 E259.51752
G1 X57.196 Y162.672 E259.59006
G1 X57.196 Y164.272 E259.62199
G1 X62.596 Y164.272 E259.72976
G1 X62.596 Y148.672 E260.04107
G1 X57.196 Y148.672 E260.14883
G1 X57.196 Y150.272 E260.18076
G1 X60.796 Y150.272 E260.25261
G1 X60.938 Y150.33 E260.25567
G1 X60.996 Y150.472 E260.25873
G1 X60.994 Y162.507 E260.4989
;MESH:NONMESH
G0 F300 X60.994 Y162.507 Z11.64
G0 F12000 X61.308 Y162.507
G0 X61.236 Y150.036
G0 X57.996 Y149.472
;TIME_ELAPSED:1187.573610
;LAYER:96
;note -- min layer time used
;TYPE:WALL-INNER
;MESH:MotorMount_v3.stl
G1 F725.6 X60.796 Y149.472 E260.55478
G0 F12000 X61.493 Y149.775
G1 F751.9 X61.796 Y150.472 E260.56941
G1 X61.81 Y149.458 E260.58894
G1 X60.796 Y149.472 E260.60847
G1 X61.493 Y149.775 E260.62311
G0 F12000 X61.796 Y150.472
G1 F725.6 X61.796 Y162.472 E260.86258
G1 F713.1 X61.789 Y162.646 E260.86612
G0 F12000 X61.493 Y163.169
G1 F736.6 X60.97 Y163.465 E260.87793
G1 X61.81 Y163.486 E260.89445
G1 F738.5 X61.789 Y162.646 E260.91092
G1 X61.493 Y163.169 E260.9227
G0 F12000 X60.97 Y163.465
G1 F711.3 X60.796 Y163.472 E260.92625
G1 F725.6 X57.996 Y163.472 E260.98213
G0 F12000 X61.636 Y163.312
G0 X61.708 Y162.896
G0 X61.22 Y162.896
G1 F725.6 X60.885 Y163.072 E260.98968
G1 X57.596 Y163.072 E261.05531
G1 X57.596 Y163.872 E261.07128
G1 X62.196 Y163.872 E261.16308
G1 X62.196 Y149.072 E261.45843
G1 X57.596 Y149.072 E261.55022
G1 X57.596 Y149.872 E261.56619
G1 X60.796 Y149.872 E261.63005
G1 X61.22 Y150.048 E261.63921
G1 X61.396 Y150.472 E261.64837
G1 X61.396 Y162.561 E261.88962
G1 X61.22 Y162.896 E261.89717
G0 F12000 X60.994 Y162.507
;TYPE:WALL-OUTER
G1 F725.6 X60.938 Y162.614 E261.89958
G1 X60.831 Y162.67 E261.90199
G1 X57.196 Y162.672 E261.97453
G1 X57.196 Y164.272 E262.00646
G1 X62.596 Y164.272 E262.11422
G1 X62.596 Y148.672 E262.42554
G1 X57.196 Y148.672 E262.5333
G1 X57.196 Y150.272 E262.56523
G1 X60.796 Y150.272 E262.63707
G1 X60.938 Y150.33 E262.64013
G1 X60.996 Y150.472 E262.6432
G1 X60.994 Y162.507 E262.88337
;MESH:NONMESH
G0 F300 X60.994 Y162.507 Z11.76
G0 F12000 X61.308 Y162.507
G0 X61.236 Y150.036
G0 X57.996 Y149.472
;TIME_ELAPSED:1198.643959
;LAYER:97
;note -- min layer time used
;TYPE:WALL-INNER
;MESH:MotorMount_v3.stl
G1 F725.6 X60.796 Y149.472 E262.93924
G0 F12000 X61.493 Y149.775
G1 F751.9 X61.796 Y150.472 E262.95388
G1 X61.81 Y149.458 E262.97341
G1 X60.796 Y149.472 E262.99294
G1 X61.493 Y149.775 E263.00757
G0 F12000 X61.796 Y150.472
G1 F725.6 X61.796 Y162.472 E263.24705
G1 F713.1 X61.789 Y162.646 E263.25058
G0 F12000 X61.493 Y163.169
G1 F736.6 X60.97 Y163.465 E263.2624
G1 X61.81 Y163.486 E263.27891
G1 F738.5 X61.789 Y162.646 E263.29539
G1 X61.493 Y163.169 E263.30717
G0 F12000 X60.97 Y163.465
G1 F711.3 X60.796 Y163.472 E263.31072
G1 F725.6 X57.996 Y163.472 E263.36659
G0 F12000 X61.636 Y163.312
G0 X61.708 Y162.896
G0 X61.22 Y162.896
G1 F725.6 X60.885 Y163.072 E263.37414
G1 X57.596 Y163.072 E263.43978
G1 X57.596 Y163.872 E263.45574
G1 X62.196 Y163.872 E263.54754
G1 X62.196 Y149.072 E263.84289
G1 X57.596 Y149.072 E263.93469
G1 X57.596 Y149.872 E263.95066
G1 X60.796 Y149.872 E264.01451
G1 X61.22 Y150.048 E264.02368
G1 X61.396 Y150.472 E264.03284
G1 X61.396 Y162.561 E264.27409
G1 X61.22 Y162.896 E264.28164
G0 F12000 X60.994 Y162.507
;TYPE:WALL-OUTER
G1 F725.6 X60.938 Y162.614 E264.28405
G1 X60.831 Y162.67 E264.28646
G1 X57.196 Y162.672 E264.359
G1 X57.196 Y164.272 E264.39093
G1 X62.596 Y164.272 E264.49869
G1 X62.596 Y148.672 E264.81001
G1 X57.196 Y148.672 E264.91777
G1 X57.196 Y150.272 E264.9497
G1 X60.796 Y150.272 E265.02154
G1 X60.938 Y150.33 E265.0246
G1 X60.996 Y150.472 E265.02766
G1 X60.994 Y162.507 E265.26783
;MESH:NONMESH
G0 F300 X60.994 Y162.507 Z11.88
G0 F12000 X61.308 Y162.507
G0 X61.236 Y150.036
G0 X57.996 Y149.472
;TIME_ELAPSED:1209.714309
;LAYER:98
;note -- min layer time used
;TYPE:WALL-INNER
;MESH:MotorMount_v3.stl
G1 F725.6 X60.796 Y149.472 E265.32371
G0 F12000 X61.493 Y149.775
G1 F751.9 X61.796 Y150.472 E265.33835
G1 X61.81 Y149.458 E265.35788
G1 X60.796 Y149.472 E265.37741
G1 X61.493 Y149.775 E265.39204
G0 F12000 X61.796 Y150.472
G1 F725.6 X61.796 Y162.472 E265.63151
G1 F713.1 X61.789 Y162.646 E265.63505
G0 F12000 X61.493 Y163.169
G1 F736.6 X60.97 Y163.465 E265.64686
G1 X61.81 Y163.486 E265.66338
G1 F738.5 X61.789 Y162.646 E265.67985
G1 X61.493 Y163.169 E265.69164
G0 F12000 X60.97 Y163.465
G1 F711.3 X60.796 Y163.472 E265.69518
G1 F725.6 X57.996 Y163.472 E265.75106
G0 F12000 X61.636 Y163.312
G0 X61.708 Y162.896
G0 X61.22 Y162.896
G1 F725.6 X60.885 Y163.072 E265.75861
G1 X57.596 Y163.072 E265.82425
G1 X57.596 Y163.872 E265.84021
G1 X62.196 Y163.872 E265.93201
G1 X62.196 Y149.072 E266.22736
G1 X57.596 Y149.072 E266.31916
G1 X57.596 Y149.872 E266.33512
G1 X60.796 Y149.872 E266.39898
G1 X61.22 Y150.048 E266.40814
G1 X61.396 Y150.472 E266.4173
G1 X61.396 Y162.561 E266.65855
G1 X61.22 Y162.896 E266.66611
G0 F12000 X60.994 Y162.507
;TYPE:WALL-OUTER
G1 F725.6 X60.938 Y162.614 E266.66852
G1 X60.831 Y162.67 E266.67093
G1 X57.196 Y162.672 E266.74347
G1 X57.196 Y164.272 E266.7754
G1 X62.596 Y164.272 E266.88316
G1 X62.596 Y148.672 E267.19447
G1 X57.196 Y148.672 E267.30224
G1 X57.196 Y150.272 E267.33417
G1 X60.796 Y150.272 E267.40601
G1 X60.938 Y150.33 E267.40907
G1 X60.996 Y150.472 E267.41213
G1 X60.994 Y162.507 E267.6523
;MESH:NONMESH
G0 F300 X60.994 Y162.507 Z12
G0 F12000 X61.308 Y162.507
G0 X61.236 Y150.036
G0 X57.996 Y149.472
;TIME_ELAPSED:1220.784658
;LAYER:99
;note -- min layer time used
;TYPE:WALL-INNER
;MESH:MotorMount_v3.stl
G1 F725.6 X60.796 Y149.472 E267.70818
G0 F12000 X61.493 Y149.775
G1 F751.9 X61.796 Y150.472 E267.72281
G1 X61.81 Y149.458 E267.74234
G1 X60.796 Y149.472 E267.76187
G1 X61.493 Y149.775 E267.77651
G0 F12000 X61.796 Y150.472
G1 F725.6 X61.796 Y162.472 E268.01598
G1 F713.1 X61.789 Y162.646 E268.01952
G0 F12000 X61.493 Y163.169
G1 F736.6 X60.97 Y163.465 E268.03133
G1 X61.81 Y163.486 E268.04785
G1 F738.5 X61.789 Y162.646 E268.06432
G1 X61.493 Y163.169 E268.0761
G0 F12000 X60.97 Y163.465
G1 F711.3 X60.796 Y163.472 E268.07965
G1 F725.6 X57.996 Y163.472 E268.13553
G0 F12000 X61.636 Y163.312
G0 X61.708 Y162.896
G0 X61.22 Y162.896
G1 F725.6 X60.885 Y163.072 E268.14308
G1 X57.596 Y163.072 E268.20871
G1 X57.596 Y163.872 E268.22468
G1 X62.196 Y163.872 E268.31648
G1 X62.196 Y149.072 E268.61183
G1 X57.596 Y149.072 E268.70362
G1 X57.596 Y149.872 E268.71959
G1 X60.796 Y149.872 E268.78345
G1 X61.22 Y150.048 E268.79261
G1 X61.396 Y150.472 E268.80177
G1 X61.396 Y162.561 E269.04302
G1 X61.22 Y162.896 E269.05057
G0 F12000 X60.994 Y162.507
;TYPE:WALL-OUTER
G1 F725.6 X60.938 Y162.614 E269.05298
G1 X60.831 Y162.67 E269.05539
G1 X57.196 Y162.672 E269.12793
G1 X57.196 Y164.272 E269.15986
G1 X62.596 Y164.272 E269.26763
G1 X62.596 Y148.672 E269.57894
G1 X57.196 Y148.672 E269.6867
G1 X57.196 Y150.272 E269.71863
G1 X60.796 Y150.272 E269.79047
G1 X60.938 Y150.33 E269.79354
G1 X60.996 Y150.472 E269.7966
G1 X60.994 Y162.507 E270.03677
;TIME_ELAPSED:1231.343198
G1 F1500 E263.53677
M140 S0
M107
G91 ;Relative positioning
G1 E-2 F2700 ;Retract a bit
G1 E-2 Z0.2 F2400 ;Retract and raise Z
G1 X5 Y5 F3000 ;Wipe out
G1 Z10 ;Raise Z more
G90 ;Absolute positioning

G1 X0 Y220 ;Present print
M106 S0 ;Turn-off fan
M104 S0 ;Turn-off hotend
M140 S0 ;Turn-off bed

M84 X Y E ;Disable all steppers but Z

M82 ;absolute extrusion mode
M104 S0
;End of Gcode
;SETTING_3 {"global_quality": "[general]\\nversion = 4\\nname = SuperQualityCust
;SETTING_3 om\\ndefinition = creality_ender3pro\\n\\n[metadata]\\ntype = quality
;SETTING_3 _changes\\nquality_type = super\\nsetting_version = 25\\n\\n[values]\
;SETTING_3 \nadhesion_type = skirt\\nmaterial_bed_temperature = 65\\nmaterial_be
;SETTING_3 d_temperature_layer_0 = 50\\nsupport_enable = False\\nsupport_structu
;SETTING_3 re = tree\\nsupport_type = buildplate\\n\\n", "extruder_quality": ["[
;SETTING_3 general]\\nversion = 4\\nname = SuperQualityCustom\\ndefinition = cre
;SETTING_3 ality_ender3pro\\n\\n[metadata]\\ntype = quality_changes\\nquality_ty
;SETTING_3 pe = super\\nintent_category = default\\nposition = 0\\nsetting_versi
;SETTING_3 on = 25\\n\\n[values]\\ninfill_sparse_density = 10\\nmaterial_print_t
;SETTING_3 emperature = 205\\nspeed_print = 80\\nsupport_angle = 55\\nxy_offset_
;SETTING_3 layer_0 = -0.1\\nz_seam_corner = z_seam_corner_inner\\nz_seam_type = 
;SETTING_3 sharpest_corner\\n\\n"]}
