;FLAVOR:Marlin
;TIME:787
;Filament used: 0.432753m
;Layer height: 0.2
;MINX:111.141
;MINY:67.298
;MINZ:0.2
;MAXX:155.119
;MAXY:96.574
;MAXZ:11.6
;TARGET_MACHINE.NAME:Creality Ender-3 Pro
;Generated with Cura_SteamEngine 5.10.0
START_PRINT BED_TEMP=50 EXTRUDER_TEMP=205
M82 ;absolute extrusion mode
G92 E0
G92 E0
G1 F1500 E-6.5
;LAYER_COUNT:58
;LAYER:0
M107
G0 F6000 X113.251 Y74.647 Z0.2
;TYPE:SKIRT
G1 F1500 E0
G1 F1200 X113.83 Y73.819 E0.0336
G1 X114.459 Y73.071 E0.06611
G1 X115.194 Y72.278 E0.10207
G1 X115.719 Y71.739 E0.1271
G1 X116.429 Y71.073 E0.15948
G1 X117.167 Y70.493 E0.1907
G1 X118.012 Y69.943 E0.22423
G1 X118.809 Y69.517 E0.25429
G1 X119.764 Y69.112 E0.28879
G1 X120.462 Y68.879 E0.31326
G1 X121.557 Y68.559 E0.35121
G1 X122.267 Y68.372 E0.37563
G1 X123.109 Y68.187 E0.4043
G1 X123.619 Y68.096 E0.42153
G1 X125.402 Y67.81 E0.48159
G1 X127.308 Y67.459 E0.54605
G1 X128.204 Y67.346 E0.57609
G1 X128.824 Y67.311 E0.59674
G1 X129.431 Y67.298 E0.61694
G1 X143.423 Y67.298 E1.08231
G1 X144.303 Y67.311 E1.11158
G1 X145.275 Y67.37 E1.14397
G1 X146.238 Y67.516 E1.17637
G1 X147.185 Y67.747 E1.20879
G1 X148.073 Y68.047 E1.23996
G1 X148.965 Y68.437 E1.27234
G1 X149.848 Y68.924 E1.30588
G1 X150.599 Y69.426 E1.33593
G1 X151.414 Y70.084 E1.37077
G1 X152.112 Y70.762 E1.40313
G1 X152.748 Y71.499 E1.43551
G1 X153.318 Y72.289 E1.46791
G1 X153.78 Y73.065 E1.49795
G1 X154.234 Y74.007 E1.53273
G1 X154.563 Y74.885 E1.56391
G1 X154.832 Y75.857 E1.59746
G1 X155.009 Y76.823 E1.63012
G1 X155.104 Y77.953 E1.66784
G1 X155.119 Y78.628 E1.69029
G1 X155.118 Y84.967 E1.90113
G1 X155.107 Y85.736 E1.92671
G1 X155.05 Y86.708 E1.95909
G1 X154.906 Y87.673 E1.99155
G1 X154.686 Y88.585 E2.02275
G1 X154.366 Y89.54 E2.05625
G1 X153.974 Y90.433 E2.08868
G1 X153.523 Y91.255 E2.11987
G1 X152.961 Y92.094 E2.15346
G1 X152.349 Y92.852 E2.18586
G1 X151.673 Y93.551 E2.2182
G1 X150.937 Y94.19 E2.25062
G1 X150.177 Y94.74 E2.28182
G1 X149.31 Y95.257 E2.3154
G1 X148.432 Y95.679 E2.3478
G1 X147.52 Y96.022 E2.3802
G1 X146.582 Y96.282 E2.41258
G1 X145.616 Y96.461 E2.44526
G1 X144.464 Y96.559 E2.48371
G1 X143.789 Y96.574 E2.50617
G1 X129.668 Y96.573 E2.97583
G1 X128.951 Y96.562 E2.99968
G1 X127.966 Y96.502 E3.0325
G1 X127.116 Y96.379 E3.06107
G1 X125.325 Y96.037 E3.12171
G1 X123.118 Y95.652 E3.19623
G1 X122.072 Y95.415 E3.2319
G1 X121.141 Y95.151 E3.26409
G1 X120.401 Y94.924 E3.28983
G1 X119.483 Y94.595 E3.32227
G1 X118.601 Y94.187 E3.35459
G1 X117.785 Y93.72 E3.38586
G1 X116.981 Y93.16 E3.41845
G1 X115.959 Y92.279 E3.46332
G1 X115.128 Y91.461 E3.50211
G1 X114.631 Y90.948 E3.52586
G1 X114.031 Y90.272 E3.55593
G1 X113.408 Y89.432 E3.59071
G1 X112.903 Y88.6 E3.62308
G1 X112.468 Y87.716 E3.65585
G1 X112.03 Y86.537 E3.69768
G1 X111.723 Y85.519 E3.73305
G1 X111.532 Y84.831 E3.7568
G1 X111.317 Y83.881 E3.78919
G1 X111.185 Y82.915 E3.82162
G1 X111.141 Y81.942 E3.85402
G1 X111.183 Y80.97 E3.88638
G1 X111.298 Y80.075 E3.91639
G1 X111.536 Y79.007 E3.95278
G1 X111.842 Y77.913 E3.99056
G1 X112.043 Y77.26 E4.01329
G1 X112.372 Y76.345 E4.04563
G1 X112.749 Y75.524 E4.07568
G1 X113.251 Y74.647 E4.10929
G0 F6000 X113.579 Y74.876
G1 F1200 X114.136 Y74.076 E4.14171
G1 X114.752 Y73.343 E4.17355
G1 X115.481 Y72.557 E4.20921
G1 X115.993 Y72.03 E4.23365
G1 X116.677 Y71.387 E4.26487
G1 X117.386 Y70.828 E4.2949
G1 X118.201 Y70.296 E4.32727
G1 X118.998 Y69.87 E4.35733
G1 X119.891 Y69.491 E4.3896
G1 X120.574 Y69.263 E4.41354
G1 X121.659 Y68.946 E4.45114
G1 X122.353 Y68.763 E4.47501
G1 X123.179 Y68.581 E4.50314
G1 X123.683 Y68.491 E4.52017
G1 X125.466 Y68.204 E4.58024
G1 X127.358 Y67.856 E4.64422
G1 X128.254 Y67.743 E4.67426
G1 X128.833 Y67.711 E4.69355
G1 X129.44 Y67.698 E4.71374
G1 X143.417 Y67.698 E5.17862
G1 X144.279 Y67.71 E5.20729
G1 X145.216 Y67.766 E5.23851
G1 X146.144 Y67.905 E5.26972
G1 X147.057 Y68.126 E5.30096
G1 X147.913 Y68.414 E5.331
G1 X148.805 Y68.804 E5.36338
G1 X149.626 Y69.257 E5.39457
G1 X150.377 Y69.759 E5.42461
G1 X151.136 Y70.371 E5.45704
G1 X151.81 Y71.024 E5.48826
G1 X152.424 Y71.733 E5.51945
G1 X152.974 Y72.494 E5.55068
G1 X153.436 Y73.27 E5.58072
G1 X153.859 Y74.147 E5.6131
G1 X154.188 Y75.025 E5.64429
G1 X154.439 Y75.93 E5.67552
G1 X154.61 Y76.857 E5.70688
G1 X154.705 Y77.987 E5.74459
G1 X154.719 Y78.628 E5.76592
G1 X154.718 Y84.962 E5.97659
G1 X154.708 Y85.713 E6.00157
G1 X154.654 Y86.65 E6.03279
G1 X154.517 Y87.579 E6.06402
G1 X154.297 Y88.491 E6.09522
G1 X153.999 Y89.38 E6.12641
G1 X153.623 Y90.241 E6.15766
G1 X153.172 Y91.063 E6.18884
G1 X152.65 Y91.843 E6.22006
G1 X152.061 Y92.574 E6.25128
G1 X151.41 Y93.249 E6.28247
G1 X150.702 Y93.866 E6.31371
G1 X149.942 Y94.416 E6.34491
G1 X149.136 Y94.897 E6.37613
G1 X148.291 Y95.305 E6.40734
G1 X147.413 Y95.637 E6.43856
G1 X146.509 Y95.889 E6.46977
G1 X145.582 Y96.062 E6.50113
G1 X144.43 Y96.16 E6.53959
G1 X143.789 Y96.174 E6.56091
G1 X129.674 Y96.173 E7.03038
G1 X128.975 Y96.163 E7.05363
G1 X128.023 Y96.106 E7.08535
G1 X127.191 Y95.986 E7.11331
G1 X125.4 Y95.644 E7.17396
G1 X123.206 Y95.262 E7.24803
G1 X122.181 Y95.03 E7.28298
G1 X121.258 Y94.768 E7.31489
G1 X120.535 Y94.547 E7.34004
G1 X119.651 Y94.232 E7.37125
G1 X118.799 Y93.839 E7.40246
G1 X118.014 Y93.392 E7.4325
G1 X117.21 Y92.832 E7.46509
G1 X116.24 Y91.994 E7.50773
G1 X115.415 Y91.182 E7.54623
G1 X114.93 Y90.682 E7.5694
G1 X114.33 Y90.006 E7.59946
G1 X113.75 Y89.224 E7.63184
G1 X113.262 Y88.423 E7.66304
G1 X112.843 Y87.576 E7.69447
G1 X112.413 Y86.421 E7.73546
G1 X112.108 Y85.412 E7.77052
G1 X111.922 Y84.742 E7.79364
G1 X111.713 Y83.826 E7.82489
G1 X111.585 Y82.896 E7.85612
G1 X111.541 Y81.959 E7.88732
G1 X111.58 Y81.021 E7.91854
G1 X111.695 Y80.126 E7.94855
G1 X111.921 Y79.115 E7.98301
G1 X112.224 Y78.03 E8.02048
G1 X112.419 Y77.395 E8.04257
G1 X112.736 Y76.512 E8.07378
G1 X113.113 Y75.691 E8.10382
G1 X113.579 Y74.876 E8.13505
G0 F6000 X113.926 Y75.075
G1 F1200 X114.442 Y74.333 E8.16511
G1 X115.045 Y73.615 E8.19629
G1 X115.768 Y72.836 E8.23164
G1 X116.268 Y72.321 E8.25552
G1 X116.925 Y71.701 E8.28556
G1 X117.634 Y71.142 E8.31559
G1 X118.39 Y70.649 E8.34561
G1 X119.187 Y70.223 E8.37567
G1 X120.018 Y69.87 E8.4057
G1 X120.686 Y69.647 E8.42912
G1 X121.761 Y69.333 E8.46637
G1 X122.439 Y69.154 E8.48969
G1 X123.249 Y68.975 E8.51728
G1 X123.747 Y68.886 E8.53411
G1 X125.53 Y68.598 E8.59418
G1 X127.408 Y68.253 E8.65769
G1 X128.304 Y68.14 E8.68773
G1 X128.842 Y68.111 E8.70565
G1 X129.449 Y68.098 E8.72584
G1 X143.412 Y68.098 E9.19025
G1 X144.256 Y68.109 E9.21832
G1 X145.158 Y68.162 E9.24838
G1 X146.051 Y68.294 E9.2784
G1 X146.929 Y68.505 E9.30843
G1 X147.785 Y68.793 E9.33847
G1 X148.612 Y69.155 E9.3685
G1 X149.404 Y69.59 E9.39855
G1 X150.155 Y70.092 E9.4286
G1 X150.858 Y70.659 E9.45864
G1 X151.508 Y71.286 E9.48867
G1 X152.1 Y71.968 E9.51871
G1 X152.63 Y72.699 E9.54874
G1 X153.092 Y73.475 E9.57878
G1 X153.485 Y74.288 E9.60882
G1 X153.803 Y75.133 E9.63884
G1 X154.046 Y76.003 E9.66889
G1 X154.211 Y76.891 E9.69893
G1 X154.306 Y78.021 E9.73665
G1 X154.319 Y78.628 E9.75684
G1 X154.318 Y84.957 E9.96734
G1 X154.309 Y85.69 E9.99172
G1 X154.258 Y86.592 E10.02177
G1 X154.128 Y87.486 E10.05182
G1 X153.918 Y88.364 E10.08185
G1 X153.632 Y89.221 E10.11189
G1 X153.272 Y90.049 E10.14192
G1 X152.839 Y90.841 E10.17195
G1 X152.338 Y91.593 E10.202
G1 X151.773 Y92.297 E10.23202
G1 X151.147 Y92.948 E10.26206
G1 X150.467 Y93.542 E10.29209
G1 X149.736 Y94.073 E10.32214
G1 X148.962 Y94.537 E10.35216
G1 X148.149 Y94.931 E10.38221
G1 X147.305 Y95.252 E10.41224
G1 X146.435 Y95.496 E10.44229
G1 X145.548 Y95.663 E10.47231
G1 X144.396 Y95.761 E10.51077
G1 X143.789 Y95.774 E10.53096
G1 X129.68 Y95.773 E11.00023
G1 X128.981 Y95.763 E11.02348
G1 X128.08 Y95.71 E11.0535
G1 X127.266 Y95.593 E11.08085
G1 X125.475 Y95.251 E11.1415
G1 X123.294 Y94.872 E11.21512
G1 X122.29 Y94.645 E11.24936
G1 X121.375 Y94.386 E11.28099
G1 X120.669 Y94.17 E11.30554
G1 X119.818 Y93.868 E11.33558
G1 X118.997 Y93.491 E11.36563
G1 X118.212 Y93.044 E11.39567
G1 X117.471 Y92.529 E11.42569
G1 X116.521 Y91.709 E11.46742
G1 X115.702 Y90.903 E11.50564
G1 X115.229 Y90.416 E11.52822
G1 X114.629 Y89.74 E11.55829
G1 X114.091 Y89.015 E11.58831
G1 X113.62 Y88.245 E11.61834
G1 X113.218 Y87.436 E11.64838
G1 X112.796 Y86.305 E11.68853
G1 X112.493 Y85.305 E11.72329
G1 X112.312 Y84.652 E11.74582
G1 X112.109 Y83.771 E11.77589
G1 X111.985 Y82.877 E11.80591
G1 X111.941 Y81.975 E11.83595
G1 X111.977 Y81.072 E11.86601
G1 X112.092 Y80.177 E11.89602
G1 X112.306 Y79.223 E11.92854
G1 X112.606 Y78.148 E11.96566
G1 X112.796 Y77.53 E11.98716
G1 X113.1 Y76.679 E12.01722
G1 X113.477 Y75.858 E12.04727
G1 X113.926 Y75.075 E12.07729
G1 F1500 E5.57729
G0 F6000 X122.717 Y80.621
G1 F1500 E12.07729
G1 F1200 X123.691 Y79.593 E12.12439
G1 X125.044 Y79.213 E12.17113
G1 X126.397 Y79.593 E12.21787
G1 X127.371 Y80.621 E12.26497
G1 X127.75 Y81.916 E12.30985
G1 X127.371 Y83.27 E12.35662
G1 X126.396 Y84.245 E12.40248
G1 X125.042 Y84.624 E12.44924
G1 X123.751 Y84.246 E12.49399
G1 X122.716 Y83.211 E12.54267
G1 X122.336 Y81.918 E12.58749
G1 X122.717 Y80.621 E12.63245
G0 F6000 X123.074 Y80.827
G1 F1200 X123.906 Y79.947 E12.67273
G1 X125.044 Y79.628 E12.71204
G1 X126.182 Y79.947 E12.75135
G1 X127.015 Y80.827 E12.79165
G1 X127.334 Y81.919 E12.82949
G1 X127.014 Y83.061 E12.86894
G1 X126.187 Y83.888 E12.90784
G1 X125.045 Y84.208 E12.94728
G1 X123.962 Y83.891 E12.98482
G1 X123.071 Y83 E13.02673
G1 X122.754 Y81.918 E13.06423
G1 X123.074 Y80.827 E13.10204
G0 F6000 X123.431 Y81.031
G1 F1200 X124.12 Y80.303 E13.13538
G1 X125.044 Y80.044 E13.1673
G1 X125.968 Y80.303 E13.19921
G1 X126.657 Y81.031 E13.23255
G1 X126.918 Y81.922 E13.26343
G1 X126.657 Y82.852 E13.29556
G1 X125.978 Y83.531 E13.3275
G1 X125.048 Y83.792 E13.35962
G1 X124.173 Y83.536 E13.38995
G1 X123.427 Y82.79 E13.42504
G1 X123.171 Y81.917 E13.45529
G1 X123.431 Y81.031 E13.48601
G0 F6000 X123.786 Y81.238
G1 F1200 X124.335 Y80.658 E13.51257
G1 X125.044 Y80.459 E13.53706
G1 X125.753 Y80.658 E13.56155
G1 X126.301 Y81.236 E13.58805
G1 X126.502 Y81.925 E13.61192
G1 X126.301 Y82.642 E13.63668
G1 X125.768 Y83.175 E13.66175
G1 X125.051 Y83.376 E13.68652
G1 X124.383 Y83.18 E13.70968
G1 X123.78 Y82.577 E13.73804
G1 X123.587 Y81.918 E13.76088
G1 X123.786 Y81.238 E13.78444
G0 F6000 X124.143 Y81.442
G1 F1200 X124.549 Y81.013 E13.80409
G1 X125.044 Y80.874 E13.82119
G1 X125.539 Y81.013 E13.83829
G1 X125.943 Y81.441 E13.85787
G1 X126.086 Y81.928 E13.87475
G1 X125.945 Y82.432 E13.89215
G1 X125.558 Y82.819 E13.91036
G1 X125.054 Y82.96 E13.92776
G1 X124.594 Y82.825 E13.94371
G1 X124.135 Y82.366 E13.9653
G1 X124.004 Y81.918 E13.98082
G1 X124.143 Y81.442 E13.99732
G0 F6000 X124.5 Y81.648
G1 F1200 X124.765 Y81.368 E14.01014
G1 X125.044 Y81.29 E14.01977
G1 X125.323 Y81.368 E14.02941
G1 X125.587 Y81.646 E14.04216
G1 X125.669 Y81.929 E14.05196
G1 X125.587 Y82.224 E14.06214
G1 X125.35 Y82.461 E14.07329
G1 X125.055 Y82.543 E14.08348
G1 X124.805 Y82.47 E14.09214
G1 X124.491 Y82.156 E14.10691
G1 X124.421 Y81.917 E14.11519
G1 X124.5 Y81.648 E14.12452
G0 F6000 X124.857 Y81.852
G1 F1200 X124.979 Y81.723 E14.13042
G1 X125.044 Y81.705 E14.13266
G1 X125.109 Y81.723 E14.13491
G1 X125.23 Y81.85 E14.14074
G1 X125.253 Y81.931 E14.14354
G1 X125.229 Y82.018 E14.14654
G1 X125.144 Y82.103 E14.15054
G1 X125.056 Y82.128 E14.15358
G1 X125.014 Y82.115 E14.15505
G1 X124.846 Y81.947 E14.16295
G1 X124.838 Y81.917 E14.16398
G1 X124.857 Y81.852 E14.16623
G1 F1500 E7.66623
;MESH:WheelAdapter_v9.stl
G0 F6000 X128.554 Y81.852
G0 X129.649 Y81.852
G0 X130.388 Y84.068
G0 X143.016 Y84.24
;TYPE:WALL-INNER
G1 F1500 E14.16623
G1 F1200 X143.016 Y79.628 E14.31963
G1 X130.216 Y79.628 E14.74536
G1 X130.216 Y84.24 E14.89876
G1 X143.016 Y84.24 E15.32449
G0 F6000 X143.416 Y84.64
G1 F1200 X143.416 Y79.228 E15.50449
G1 X129.816 Y79.228 E15.95683
G1 X129.816 Y84.64 E16.13683
G1 X143.416 Y84.64 E16.58917
G0 F6000 X143.816 Y85.04
;TYPE:WALL-OUTER
G1 F1200 X143.816 Y78.828 E16.79578
G1 X129.416 Y78.828 E17.27473
G1 X129.416 Y85.04 E17.48134
G1 X143.816 Y85.04 E17.96028
G0 F6000 X143.539 Y84.763
G0 X142.916 Y83.88
G0 X142.656 Y83.88
;TYPE:SKIN
G1 F1200 X130.576 Y83.88 E18.36207
G1 X130.576 Y79.988 E18.49152
G1 X142.656 Y79.988 E18.8933
G1 X142.656 Y83.88 E19.02275
G0 F6000 X142.916 Y83.88
G0 X142.844 Y79.8
G0 X141.848 Y79.728
G0 X141.848 Y80.188
G1 F1200 X142.456 Y80.796 E19.05134
G0 F6000 X142.456 Y81.362
G1 F1200 X141.282 Y80.188 E19.10657
G0 F6000 X140.716 Y80.188
G1 F1200 X142.456 Y81.928 E19.18841
G0 F6000 X142.456 Y82.493
G1 F1200 X140.151 Y80.188 E19.29683
G0 F6000 X139.585 Y80.188
G1 F1200 X142.456 Y83.059 E19.43187
G0 F6000 X142.456 Y83.625
G1 F1200 X139.019 Y80.188 E19.59354
G0 F6000 X138.454 Y80.188
G1 F1200 X141.945 Y83.68 E19.75777
G0 F6000 X141.38 Y83.68
G1 F1200 X137.888 Y80.188 E19.92202
G0 F6000 X137.322 Y80.188
G1 F1200 X140.814 Y83.68 E20.08627
G0 F6000 X140.248 Y83.68
G1 F1200 X136.757 Y80.188 E20.2505
G0 F6000 X136.191 Y80.188
G1 F1200 X139.683 Y83.68 E20.41476
G0 F6000 X139.117 Y83.68
G1 F1200 X135.625 Y80.188 E20.57901
G0 F6000 X135.06 Y80.188
G1 F1200 X138.551 Y83.68 E20.74324
G0 F6000 X137.986 Y83.68
G1 F1200 X134.494 Y80.188 E20.90749
G0 F6000 X133.928 Y80.188
G1 F1200 X137.42 Y83.68 E21.07175
G0 F6000 X136.854 Y83.68
G1 F1200 X133.362 Y80.188 E21.236
G0 F6000 X132.797 Y80.188
G1 F1200 X136.288 Y83.68 E21.40023
G0 F6000 X135.723 Y83.68
G1 F1200 X132.231 Y80.188 E21.56448
G0 F6000 X131.665 Y80.188
G1 F1200 X135.157 Y83.68 E21.72873
G0 F6000 X134.591 Y83.68
G1 F1200 X131.1 Y80.188 E21.89296
G0 F6000 X130.776 Y80.43
G1 F1200 X134.026 Y83.68 E22.04583
G0 F6000 X133.46 Y83.68
G1 F1200 X130.776 Y80.996 E22.17208
G0 F6000 X130.776 Y81.561
G1 F1200 X132.894 Y83.68 E22.27173
G0 F6000 X132.329 Y83.68
G1 F1200 X130.776 Y82.127 E22.34478
G0 F6000 X130.776 Y82.693
G1 F1200 X131.763 Y83.68 E22.3912
G0 F6000 X131.197 Y83.68
G1 F1200 X130.776 Y83.258 E22.41103
M104 S205
G1 F1500 E15.91103
;MESH:NONMESH
G0 F300 X130.776 Y83.258 Z0.4
G0 F6000 X130.316 Y83.258
G0 X129.643 Y79.053
G0 X128.554 Y79.053
G0 X113.926 Y75.075
;TIME_ELAPSED:44.192597
;LAYER:1
M140 S65
M106 S85
;TYPE:SKIRT
G1 F1500 E22.41103
G1 F1200 X114.442 Y74.333 E22.44109
G1 X115.045 Y73.615 E22.47227
G1 X115.768 Y72.836 E22.50762
G1 X116.268 Y72.321 E22.5315
G1 X116.925 Y71.701 E22.56154
G1 X117.634 Y71.142 E22.59157
G1 X118.39 Y70.649 E22.62159
G1 X119.187 Y70.223 E22.65165
G1 X120.018 Y69.87 E22.68168
G1 X120.686 Y69.647 E22.7051
G1 X121.761 Y69.333 E22.74235
G1 X122.439 Y69.154 E22.76567
G1 X123.249 Y68.975 E22.79326
G1 X123.747 Y68.886 E22.81009
G1 X125.53 Y68.598 E22.87016
G1 X127.408 Y68.253 E22.93367
G1 X128.304 Y68.14 E22.96371
G1 X128.842 Y68.111 E22.98162
G1 X129.449 Y68.098 E23.00182
G1 X143.412 Y68.098 E23.46623
G1 X144.256 Y68.109 E23.4943
G1 X145.158 Y68.162 E23.52436
G1 X146.051 Y68.294 E23.55438
G1 X146.929 Y68.505 E23.58441
G1 X147.785 Y68.793 E23.61445
G1 X148.612 Y69.155 E23.64448
G1 X149.404 Y69.59 E23.67453
G1 X150.155 Y70.092 E23.70458
G1 X150.858 Y70.659 E23.73462
G1 X151.508 Y71.286 E23.76465
G1 X152.1 Y71.968 E23.79469
G1 X152.63 Y72.699 E23.82472
G1 X153.092 Y73.475 E23.85476
G1 X153.485 Y74.288 E23.88479
G1 X153.803 Y75.133 E23.91482
G1 X154.046 Y76.003 E23.94487
G1 X154.211 Y76.891 E23.97491
G1 X154.306 Y78.021 E24.01262
G1 X154.319 Y78.628 E24.03282
G1 X154.318 Y84.957 E24.24332
G1 X154.309 Y85.69 E24.2677
G1 X154.258 Y86.592 E24.29775
G1 X154.128 Y87.486 E24.3278
G1 X153.918 Y88.364 E24.35783
G1 X153.632 Y89.221 E24.38787
G1 X153.272 Y90.049 E24.4179
G1 X152.839 Y90.841 E24.44793
G1 X152.338 Y91.593 E24.47798
G1 X151.773 Y92.297 E24.508
G1 X151.147 Y92.948 E24.53804
G1 X150.467 Y93.542 E24.56807
G1 X149.736 Y94.073 E24.59812
G1 X148.962 Y94.537 E24.62814
G1 X148.149 Y94.931 E24.65819
G1 X147.305 Y95.252 E24.68822
G1 X146.435 Y95.496 E24.71827
G1 X145.548 Y95.663 E24.74829
G1 X144.396 Y95.761 E24.78675
G1 X143.789 Y95.774 E24.80694
G1 X129.68 Y95.773 E25.27621
G1 X128.981 Y95.763 E25.29946
G1 X128.08 Y95.71 E25.32948
G1 X127.266 Y95.593 E25.35683
G1 X125.475 Y95.251 E25.41748
G1 X123.294 Y94.872 E25.4911
G1 X122.29 Y94.645 E25.52534
G1 X121.375 Y94.386 E25.55697
G1 X120.669 Y94.17 E25.58152
G1 X119.818 Y93.868 E25.61156
G1 X118.997 Y93.491 E25.64161
G1 X118.212 Y93.044 E25.67165
G1 X117.471 Y92.529 E25.70166
G1 X116.521 Y91.709 E25.7434
G1 X115.702 Y90.903 E25.78162
G1 X115.229 Y90.416 E25.8042
G1 X114.629 Y89.74 E25.83427
G1 X114.091 Y89.015 E25.86429
G1 X113.62 Y88.245 E25.89432
G1 X113.218 Y87.436 E25.92436
G1 X112.796 Y86.305 E25.96451
G1 X112.493 Y85.305 E25.99927
G1 X112.312 Y84.652 E26.0218
G1 X112.109 Y83.771 E26.05187
G1 X111.985 Y82.877 E26.08189
G1 X111.941 Y81.975 E26.11193
G1 X111.977 Y81.072 E26.14199
G1 X112.092 Y80.177 E26.172
G1 X112.306 Y79.223 E26.20452
G1 X112.606 Y78.148 E26.24164
G1 X112.796 Y77.53 E26.26314
G1 X113.1 Y76.679 E26.2932
G1 X113.477 Y75.858 E26.32325
G1 X113.926 Y75.075 E26.35327
G1 F1500 E19.85327
G0 F10500 X122.096 Y80.094
G0 X122.723 Y80.687
;TYPE:SUPPORT
G1 F1500 E26.35327
G1 F2100 X123.66 Y79.702 E26.39848
G1 X124.969 Y79.332 E26.44373
G1 X126.301 Y79.699 E26.48968
G1 X127.241 Y80.68 E26.53487
G1 X127.607 Y81.914 E26.57768
G1 X127.241 Y83.206 E26.62234
G1 X126.3 Y84.133 E26.66628
G1 X124.966 Y84.504 E26.71233
G1 X123.714 Y84.134 E26.75575
G1 X122.726 Y83.142 E26.80232
G1 X122.365 Y81.915 E26.84486
G1 X122.723 Y80.687 E26.8874
G1 F1500 E20.3874
;MESH:WheelAdapter_v9.stl
G0 F10500 X122.096 Y80.094
G0 X123.197 Y78.936
G0 X124.968 Y78.436
G0 X126.76 Y78.932
G0 X128.454 Y80.687
G0 X129.549 Y80.687
G0 X130.288 Y84.284
G0 X143.116 Y84.456
;TYPE:WALL-INNER
G1 F1500 E26.8874
G1 F2100 X143.116 Y79.412 E27.05517
G1 X130.116 Y79.412 E27.48755
G1 X130.116 Y84.456 E27.65531
G1 X143.116 Y84.456 E28.08769
G0 F10500 X143.516 Y84.856
G1 F2100 X143.516 Y79.012 E28.28207
G1 X129.716 Y79.012 E28.74106
G1 X129.716 Y84.856 E28.93543
G1 X143.516 Y84.856 E29.39442
G0 F10500 X143.916 Y85.256
;TYPE:WALL-OUTER
G1 F2100 X143.916 Y78.612 E29.6154
G1 X129.316 Y78.612 E30.101
G1 X129.316 Y85.256 E30.32198
G1 X143.916 Y85.256 E30.80758
G0 F10500 X143.639 Y84.979
G0 X143.016 Y84.096
G0 X142.756 Y84.096
;TYPE:SKIN
G1 F2100 X130.476 Y84.096 E31.21601
G1 X130.476 Y79.772 E31.35983
G1 X142.756 Y79.772 E31.76826
G1 X142.756 Y84.096 E31.91208
G0 F10500 X142.378 Y83.896
G1 F2100 X142.556 Y83.718 E31.92045
G0 F10500 X142.556 Y83.152
G1 F2100 X141.812 Y83.896 E31.95545
G0 F10500 X141.247 Y83.896
G1 F2100 X142.556 Y82.587 E32.01702
G0 F10500 X142.556 Y82.021
G1 F2100 X140.681 Y83.896 E32.10521
G0 F10500 X140.115 Y83.896
G1 F2100 X142.556 Y81.455 E32.22003
G0 F10500 X142.556 Y80.889
G1 F2100 X139.55 Y83.896 E32.36145
G0 F10500 X138.984 Y83.896
G1 F2100 X142.556 Y80.324 E32.52946
G0 F10500 X142.343 Y79.972
G1 F2100 X138.418 Y83.896 E32.71406
G0 F10500 X137.853 Y83.896
G1 F2100 X141.777 Y79.972 E32.89863
G0 F10500 X141.211 Y79.972
G1 F2100 X137.287 Y83.896 E33.0832
G0 F10500 X136.721 Y83.896
G1 F2100 X140.646 Y79.972 E33.2678
G0 F10500 X140.08 Y79.972
G1 F2100 X136.156 Y83.896 E33.45237
G0 F10500 X135.59 Y83.896
G1 F2100 X139.514 Y79.972 E33.63695
G0 F10500 X138.949 Y79.972
G1 F2100 X135.024 Y83.896 E33.82154
G0 F10500 X134.458 Y83.896
G1 F2100 X138.383 Y79.972 E34.00614
G0 F10500 X137.817 Y79.972
G1 F2100 X133.893 Y83.896 E34.19071
G0 F10500 X133.327 Y83.896
G1 F2100 X137.252 Y79.972 E34.37531
G0 F10500 X136.686 Y79.972
G1 F2100 X132.761 Y83.896 E34.5599
G0 F10500 X132.196 Y83.896
G1 F2100 X136.12 Y79.972 E34.74448
G0 F10500 X135.554 Y79.972
G1 F2100 X131.63 Y83.896 E34.92905
G0 F10500 X131.064 Y83.896
G1 F2100 X134.989 Y79.972 E35.11365
G0 F10500 X134.423 Y79.972
G1 F2100 X130.676 Y83.719 E35.28989
G0 F10500 X130.676 Y83.153
G1 F2100 X133.857 Y79.972 E35.43952
G0 F10500 X133.292 Y79.972
G1 F2100 X130.676 Y82.587 E35.56254
G0 F10500 X130.676 Y82.022
G1 F2100 X132.726 Y79.972 E35.65897
G0 F10500 X132.16 Y79.972
G1 F2100 X130.676 Y81.456 E35.72877
G0 F10500 X130.676 Y80.89
G1 F2100 X131.595 Y79.972 E35.77198
G0 F10500 X131.029 Y79.972
G1 F2100 X130.676 Y80.325 E35.78858
G1 F1500 E29.28858
;MESH:NONMESH
G0 F300 X130.676 Y80.325 Z0.6
G0 F10500 X130.216 Y80.325
G0 X129.543 Y78.837
G0 X128.454 Y78.837
G0 X113.926 Y75.075
;TIME_ELAPSED:65.462000
;LAYER:2
M106 S170
;TYPE:SKIRT
G1 F1500 E35.78858
G1 F1200 X114.442 Y74.333 E35.81864
G1 X115.045 Y73.615 E35.84982
G1 X115.768 Y72.836 E35.88517
G1 X116.268 Y72.321 E35.90905
G1 X116.925 Y71.701 E35.93909
G1 X117.634 Y71.142 E35.96912
G1 X118.39 Y70.649 E35.99914
G1 X119.187 Y70.223 E36.0292
G1 X120.018 Y69.87 E36.05923
G1 X120.686 Y69.647 E36.08265
G1 X121.761 Y69.333 E36.1199
G1 X122.439 Y69.154 E36.14322
G1 X123.249 Y68.975 E36.17081
G1 X123.747 Y68.886 E36.18764
G1 X125.53 Y68.598 E36.24771
G1 X127.408 Y68.253 E36.31122
G1 X128.304 Y68.14 E36.34126
G1 X128.842 Y68.111 E36.35918
G1 X129.449 Y68.098 E36.37937
G1 X143.412 Y68.098 E36.84378
G1 X144.256 Y68.109 E36.87186
G1 X145.158 Y68.162 E36.90191
G1 X146.051 Y68.294 E36.93193
G1 X146.929 Y68.505 E36.96197
G1 X147.785 Y68.793 E36.992
G1 X148.612 Y69.155 E37.02203
G1 X149.404 Y69.59 E37.05208
G1 X150.155 Y70.092 E37.08213
G1 X150.858 Y70.659 E37.11217
G1 X151.508 Y71.286 E37.14221
G1 X152.1 Y71.968 E37.17224
G1 X152.63 Y72.699 E37.20227
G1 X153.092 Y73.475 E37.23231
G1 X153.485 Y74.288 E37.26235
G1 X153.803 Y75.133 E37.29238
G1 X154.046 Y76.003 E37.32242
G1 X154.211 Y76.891 E37.35246
G1 X154.306 Y78.021 E37.39018
G1 X154.319 Y78.628 E37.41037
G1 X154.318 Y84.957 E37.62087
G1 X154.309 Y85.69 E37.64525
G1 X154.258 Y86.592 E37.6753
G1 X154.128 Y87.486 E37.70535
G1 X153.918 Y88.364 E37.73538
G1 X153.632 Y89.221 E37.76543
G1 X153.272 Y90.049 E37.79546
G1 X152.839 Y90.841 E37.82548
G1 X152.338 Y91.593 E37.85553
G1 X151.773 Y92.297 E37.88556
G1 X151.147 Y92.948 E37.91559
G1 X150.467 Y93.542 E37.94562
G1 X149.736 Y94.073 E37.97568
G1 X148.962 Y94.537 E38.00569
G1 X148.149 Y94.931 E38.03574
G1 X147.305 Y95.252 E38.06577
G1 X146.435 Y95.496 E38.09582
G1 X145.548 Y95.663 E38.12584
G1 X144.396 Y95.761 E38.1643
G1 X143.789 Y95.774 E38.18449
G1 X129.68 Y95.773 E38.65376
G1 X128.981 Y95.763 E38.67701
G1 X128.08 Y95.71 E38.70703
G1 X127.266 Y95.593 E38.73438
G1 X125.475 Y95.251 E38.79503
G1 X123.294 Y94.872 E38.86865
G1 X122.29 Y94.645 E38.90289
G1 X121.375 Y94.386 E38.93452
G1 X120.669 Y94.17 E38.95908
G1 X119.818 Y93.868 E38.98911
G1 X118.997 Y93.491 E39.01916
G1 X118.212 Y93.044 E39.0492
G1 X117.471 Y92.529 E39.07922
G1 X116.521 Y91.709 E39.12096
G1 X115.702 Y90.903 E39.15917
G1 X115.229 Y90.416 E39.18176
G1 X114.629 Y89.74 E39.21182
G1 X114.091 Y89.015 E39.24185
G1 X113.62 Y88.245 E39.27187
G1 X113.218 Y87.436 E39.30191
G1 X112.796 Y86.305 E39.34206
G1 X112.493 Y85.305 E39.37682
G1 X112.312 Y84.652 E39.39935
G1 X112.109 Y83.771 E39.42942
G1 X111.985 Y82.877 E39.45944
G1 X111.941 Y81.975 E39.48948
G1 X111.977 Y81.072 E39.51954
G1 X112.092 Y80.177 E39.54955
G1 X112.306 Y79.223 E39.58207
G1 X112.606 Y78.148 E39.61919
G1 X112.796 Y77.53 E39.64069
G1 X113.1 Y76.679 E39.67075
G1 X113.477 Y75.858 E39.7008
G1 X113.926 Y75.075 E39.73082
G1 F1500 E33.23082
G0 F15000 X122.21 Y80.153
G0 X122.839 Y80.747
;TYPE:SUPPORT
G1 F1500 E39.73082
G1 F3000 X123.72 Y79.814 E39.7735
G1 X124.943 Y79.472 E39.81574
G1 X126.164 Y79.814 E39.85791
G1 X127.049 Y80.747 E39.90068
G1 X127.391 Y81.914 E39.94113
G1 X127.049 Y83.135 E39.9833
G1 X126.163 Y84.025 E40.02507
G1 X124.942 Y84.364 E40.06722
G1 X123.778 Y84.022 E40.10757
G1 X122.834 Y83.082 E40.15188
G1 X122.493 Y81.917 E40.19225
G1 X122.839 Y80.747 E40.23283
G1 F1500 E33.73283
;MESH:WheelAdapter_v9.stl
G0 F15000 X122.21 Y80.153
G0 X123.259 Y79.047
G0 X124.944 Y78.574
G0 X126.629 Y79.047
G0 X128.454 Y80.747
G0 X129.549 Y80.747
G0 X130.288 Y84.4
G0 X143.116 Y84.572
;TYPE:WALL-INNER
G1 F1500 E40.23283
G1 F3000 X143.116 Y79.296 E40.40831
G1 X130.116 Y79.296 E40.84069
G1 X130.116 Y84.572 E41.01618
G1 X143.116 Y84.572 E41.44856
G0 F15000 X143.516 Y84.972
G1 F3000 X143.516 Y78.896 E41.65065
G1 X129.716 Y78.896 E42.10964
G1 X129.716 Y84.972 E42.31172
G1 X143.516 Y84.972 E42.77071
G0 F15000 X143.916 Y85.372
;TYPE:WALL-OUTER
G1 F3000 X143.916 Y78.496 E42.99941
G1 X129.316 Y78.496 E43.48501
G1 X129.316 Y85.372 E43.71371
G1 X143.916 Y85.372 E44.1993
G0 F15000 X143.639 Y85.094
G0 X143.016 Y84.212
G0 X142.756 Y84.212
;TYPE:SKIN
G1 F3000 X130.476 Y84.212 E44.60774
G1 X130.476 Y79.656 E44.75927
G1 X142.756 Y79.656 E45.16771
G1 X142.756 Y84.212 E45.31924
G0 F15000 X143.016 Y84.212
G0 X142.944 Y79.468
G0 X142.082 Y79.396
G0 X142.082 Y79.856
G1 F3000 X142.556 Y80.331 E45.34156
G0 F15000 X142.556 Y80.897
G1 F3000 X141.516 Y79.856 E45.3905
G0 F15000 X140.95 Y79.856
G1 F3000 X142.556 Y81.462 E45.46604
G0 F15000 X142.556 Y82.028
G1 F3000 X140.385 Y79.856 E45.56818
G0 F15000 X139.819 Y79.856
G1 F3000 X142.556 Y82.594 E45.69695
G0 F15000 X142.556 Y83.159
G1 F3000 X139.253 Y79.856 E45.85231
G0 F15000 X138.688 Y79.856
G1 F3000 X142.556 Y83.725 E46.03427
G0 F15000 X142.278 Y84.012
G1 F3000 X138.122 Y79.856 E46.22976
G0 F15000 X137.556 Y79.856
G1 F3000 X141.712 Y84.012 E46.42524
G0 F15000 X141.146 Y84.012
G1 F3000 X136.991 Y79.856 E46.6207
G0 F15000 X136.425 Y79.856
G1 F3000 X140.581 Y84.012 E46.81619
G0 F15000 X140.015 Y84.012
G1 F3000 X135.859 Y79.856 E47.01167
G0 F15000 X135.294 Y79.856
G1 F3000 X139.449 Y84.012 E47.20714
G0 F15000 X138.884 Y84.012
G1 F3000 X134.728 Y79.856 E47.40262
G0 F15000 X134.162 Y79.856
G1 F3000 X138.318 Y84.012 E47.59811
G0 F15000 X137.752 Y84.012
G1 F3000 X133.597 Y79.856 E47.79357
G0 F15000 X133.031 Y79.856
G1 F3000 X137.186 Y84.012 E47.98903
G0 F15000 X136.621 Y84.012
G1 F3000 X132.465 Y79.856 E48.18452
G0 F15000 X131.899 Y79.856
G1 F3000 X136.055 Y84.012 E48.38
G0 F15000 X135.489 Y84.012
G1 F3000 X131.334 Y79.856 E48.57546
G0 F15000 X130.768 Y79.856
G1 F3000 X134.924 Y84.012 E48.77095
G0 F15000 X134.358 Y84.012
G1 F3000 X130.675 Y80.329 E48.94419
G0 F15000 X130.675 Y80.895
G1 F3000 X133.792 Y84.012 E49.0908
G0 F15000 X133.227 Y84.012
G1 F3000 X130.675 Y81.461 E49.21082
G0 F15000 X130.675 Y82.027
G1 F3000 X132.661 Y84.012 E49.30421
G0 F15000 X132.095 Y84.012
G1 F3000 X130.675 Y82.592 E49.371
G0 F15000 X130.675 Y83.158
G1 F3000 X131.53 Y84.012 E49.41119
G0 F15000 X130.964 Y84.012
G1 F3000 X130.675 Y83.724 E49.42476
G1 F1500 E42.92476
;MESH:NONMESH
G0 F300 X130.675 Y83.724 Z0.8
G0 F15000 X130.216 Y83.724
G0 X129.549 Y80.863
G0 X128.454 Y80.863
G0 X126.629 Y79.047
G0 X124.944 Y78.574
G0 X123.259 Y79.047
G0 X122.25 Y80.111
G0 X123.047 Y80.863
;TIME_ELAPSED:86.124224
;LAYER:3
;note -- min layer time used
M106 S255
;TYPE:SUPPORT
G1 F1500 E49.42476
G1 F1880.5 X123.84 Y80.022 E49.46321
G1 X124.943 Y79.716 E49.50128
G1 X126.044 Y80.022 E49.53929
G1 X126.837 Y80.863 E49.57773
G1 X127.147 Y81.914 E49.61418
G1 X126.841 Y83.015 E49.65219
G1 X126.039 Y83.813 E49.68982
G1 X124.942 Y84.12 E49.7277
G1 X123.894 Y83.814 E49.76402
G1 X123.046 Y82.966 E49.8039
G1 X122.737 Y81.916 E49.84031
G1 X123.047 Y80.863 E49.87682
G1 F1500 E43.37682
;MESH:WheelAdapter_v9.stl
G0 F15000 X122.42 Y80.271
G0 X123.381 Y79.257
G0 X124.944 Y78.818
G0 X126.507 Y79.257
G0 X128.454 Y80.863
G0 X129.549 Y80.863
G0 X130.288 Y84.516
G0 X143.116 Y84.688
;TYPE:WALL-INNER
G1 F1500 E49.87682
G1 F1880.5 X143.116 Y79.18 E50.06001
G1 X130.116 Y79.18 E50.4924
G1 X130.116 Y84.688 E50.67559
G1 X143.116 Y84.688 E51.10797
G0 F15000 X143.516 Y85.088
G1 F1880.5 X143.516 Y78.78 E51.31778
G1 X129.716 Y78.78 E51.77677
G1 X129.716 Y85.088 E51.98657
G1 X143.516 Y85.088 E52.44556
G0 F15000 X143.916 Y85.488
;TYPE:WALL-OUTER
G1 F1880.5 X143.916 Y78.38 E52.68198
G1 X129.316 Y78.38 E53.16757
G1 X129.316 Y85.488 E53.40399
G1 X143.916 Y85.488 E53.88959
G0 F15000 X143.639 Y85.21
G0 X143.016 Y84.328
G0 X142.756 Y84.328
;TYPE:SKIN
G1 F1880.5 X130.476 Y84.328 E54.29802
G1 X130.476 Y79.54 E54.45727
G1 X142.756 Y79.54 E54.8657
G1 X142.756 Y84.328 E55.02495
G0 F15000 X142.146 Y84.128
G1 F1880.5 X142.556 Y83.718 E55.04424
G0 F15000 X142.556 Y83.152
G1 F1880.5 X141.58 Y84.128 E55.09015
G0 F15000 X141.015 Y84.128
G1 F1880.5 X142.556 Y82.587 E55.16263
G0 F15000 X142.556 Y82.021
G1 F1880.5 X140.449 Y84.128 E55.26174
G0 F15000 X139.883 Y84.128
G1 F1880.5 X142.556 Y81.455 E55.38747
G0 F15000 X142.556 Y80.889
G1 F1880.5 X139.318 Y84.128 E55.5398
G0 F15000 X138.752 Y84.128
G1 F1880.5 X142.556 Y80.324 E55.71872
G0 F15000 X142.556 Y79.758
G1 F1880.5 X138.186 Y84.128 E55.92428
G0 F15000 X137.621 Y84.128
G1 F1880.5 X142.009 Y79.74 E56.13067
G0 F15000 X141.443 Y79.74
G1 F1880.5 X137.055 Y84.128 E56.33707
G0 F15000 X136.489 Y84.128
G1 F1880.5 X140.878 Y79.74 E56.54349
G0 F15000 X140.312 Y79.74
G1 F1880.5 X135.924 Y84.128 E56.74989
G0 F15000 X135.358 Y84.128
G1 F1880.5 X139.746 Y79.74 E56.95629
G0 F15000 X139.181 Y79.74
G1 F1880.5 X134.792 Y84.128 E57.16271
G0 F15000 X134.227 Y84.128
G1 F1880.5 X138.615 Y79.74 E57.36911
G0 F15000 X138.049 Y79.74
G1 F1880.5 X133.661 Y84.128 E57.57551
G0 F15000 X133.095 Y84.128
G1 F1880.5 X137.483 Y79.74 E57.78191
G0 F15000 X136.918 Y79.74
G1 F1880.5 X132.529 Y84.128 E57.98833
G0 F15000 X131.964 Y84.128
G1 F1880.5 X136.352 Y79.74 E58.19473
G0 F15000 X135.786 Y79.74
G1 F1880.5 X131.398 Y84.128 E58.40112
G0 F15000 X130.832 Y84.128
G1 F1880.5 X135.221 Y79.74 E58.60755
G0 F15000 X134.655 Y79.74
G1 F1880.5 X130.676 Y83.719 E58.79471
G0 F15000 X130.676 Y83.153
G1 F1880.5 X134.089 Y79.74 E58.95524
G0 F15000 X133.524 Y79.74
G1 F1880.5 X130.676 Y82.587 E59.08918
G0 F15000 X130.676 Y82.022
G1 F1880.5 X132.958 Y79.74 E59.19652
G0 F15000 X132.392 Y79.74
G1 F1880.5 X130.676 Y81.456 E59.27723
G0 F15000 X130.676 Y80.89
G1 F1880.5 X131.827 Y79.74 E59.33135
G0 F15000 X131.261 Y79.74
G1 F1880.5 X130.676 Y80.325 E59.35887
G1 F1500 E52.85887
;MESH:NONMESH
G0 F300 X130.676 Y80.325 Z1
G0 F15000 X130.216 Y80.325
G0 X129.549 Y80.935
G0 X128.454 Y80.935
G0 X126.507 Y79.257
G0 X124.944 Y78.818
G0 X123.381 Y79.257
G0 X122.438 Y80.251
G0 X123.163 Y80.935
;TIME_ELAPSED:101.801028
;LAYER:4
;note -- min layer time used
;TYPE:SUPPORT
G1 F1500 E59.35887
G1 F1013.8 X123.915 Y80.142 E59.39522
G1 X124.943 Y79.856 E59.43071
G1 X125.969 Y80.142 E59.46613
G1 X126.721 Y80.935 E59.50248
G1 X127.007 Y81.914 E59.5364
G1 X126.717 Y82.943 E59.57196
G1 X125.971 Y83.693 E59.60714
G1 X124.942 Y83.98 E59.64268
G1 X123.962 Y83.694 E59.67663
G1 X123.166 Y82.898 E59.71407
G1 X122.877 Y81.915 E59.74815
G1 X123.163 Y80.935 E59.7821
G1 F1500 E53.2821
;MESH:WheelAdapter_v9.stl
G0 F15000 X122.536 Y80.341
G0 X123.453 Y79.377
G0 X124.944 Y78.958
G0 X126.435 Y79.377
G0 X128.454 Y80.935
G0 X129.549 Y80.935
G0 X143.116 Y84.804
;TYPE:WALL-INNER
G1 F1500 E59.7821
G1 F1013.8 X143.116 Y79.064 E59.97302
G1 X130.116 Y79.064 E60.4054
G1 X130.116 Y84.804 E60.59631
G1 X143.116 Y84.804 E61.02869
G0 F15000 X143.516 Y85.204
G1 F1013.8 X143.516 Y78.664 E61.24622
G1 X129.716 Y78.664 E61.70521
G1 X129.716 Y85.204 E61.92273
G1 X143.516 Y85.204 E62.38172
G0 F15000 X143.916 Y85.604
;TYPE:WALL-OUTER
G1 F1013.8 X143.916 Y78.264 E62.62585
G1 X129.316 Y78.264 E63.11144
G1 X129.316 Y85.604 E63.35557
G1 X143.916 Y85.604 E63.84117
G0 F15000 X143.639 Y85.325
G0 X143.035 Y80.413
;TYPE:FILL
G1 F1013.8 X130.196 Y83.853 E64.28326
G0 F15000 X133.139 Y84.725
G1 F1013.8 X134.635 Y79.144 E64.47544
G0 F15000 X132.826 Y79.144
G1 F1013.8 X138.406 Y84.723 E64.73788
G0 F15000 X138.406 Y84.595
G1 F1500 E58.23788
;MESH:NONMESH
G0 F300 X138.406 Y84.595 Z1.2
G0 F15000 X129.549 Y81.003
G0 X128.454 Y81.003
G0 X126.435 Y79.377
G0 X124.944 Y78.958
G0 X123.453 Y79.377
G0 X122.559 Y80.317
G0 X123.283 Y81.003
;TIME_ELAPSED:114.666295
;LAYER:5
;note -- min layer time used
;TYPE:SUPPORT
G1 F1500 E64.73788
G1 F1025.9 X123.984 Y80.262 E64.77181
G1 X124.969 Y79.984 E64.80585
G1 X126.027 Y80.275 E64.84234
G1 X126.758 Y81.018 E64.87701
G1 X127.039 Y81.939 E64.90904
G1 X126.766 Y82.9 E64.94227
G1 X126.046 Y83.588 E64.97539
G1 X125.015 Y83.864 E65.01089
G1 X124.03 Y83.574 E65.04504
G1 X123.286 Y82.83 E65.08003
G1 X123.017 Y81.915 E65.11176
G1 X123.283 Y81.003 E65.14335
G1 F1500 E58.64335
;MESH:WheelAdapter_v9.stl
G0 F15000 X122.656 Y80.409
G0 X123.523 Y79.498
G0 X124.965 Y79.089
G0 X126.483 Y79.507
G0 X128.454 Y81.003
G0 X129.549 Y81.003
G0 X143.116 Y84.92
;TYPE:WALL-INNER
G1 F1500 E65.14335
G1 F1025.9 X143.116 Y78.948 E65.34198
G1 X130.116 Y78.948 E65.77436
G1 X130.116 Y84.92 E65.97299
G1 X143.116 Y84.92 E66.40537
G0 F15000 X143.516 Y85.32
G1 F1025.9 X143.516 Y78.548 E66.63061
G1 X129.716 Y78.548 E67.0896
G1 X129.716 Y85.32 E67.31484
G1 X143.516 Y85.32 E67.77383
G0 F15000 X143.916 Y85.72
;TYPE:WALL-OUTER
G1 F1025.9 X143.916 Y78.148 E68.02568
G1 X129.316 Y78.148 E68.51127
G1 X129.316 Y85.72 E68.76312
G1 X143.916 Y85.72 E69.24872
G0 F15000 X143.639 Y85.441
G0 X143.036 Y80.559
;TYPE:FILL
G1 F1025.9 X130.196 Y83.999 E69.69084
G0 F15000 X132.962 Y84.841
G1 F1025.9 X134.52 Y79.028 E69.891
G0 F15000 X132.91 Y79.028
G1 F1025.9 X138.721 Y84.839 E70.16434
G0 F15000 X138.721 Y84.711
G1 F1500 E63.66434
;MESH:NONMESH
G0 F300 X138.721 Y84.711 Z1.4
G0 F15000 X129.549 Y81.065
G0 X128.454 Y81.065
G0 X126.483 Y79.507
G0 X124.965 Y79.089
G0 X123.523 Y79.498
G0 X122.691 Y80.372
G0 X123.422 Y81.065
;TIME_ELAPSED:127.486602
;LAYER:6
;note -- min layer time used
;TYPE:SUPPORT
G1 F1500 E70.16434
G1 F1035.4 X124.092 Y80.392 E70.19592
G1 X125.057 Y80.137 E70.22912
G1 X125.24 Y80.14 E70.23521
G1 X126.241 Y80.404 E70.26964
G1 X126.923 Y81.079 E70.30155
G1 X127.187 Y81.933 E70.33128
G1 X126.919 Y82.822 E70.36217
G1 X126.231 Y83.467 E70.39353
G1 X125.176 Y83.749 E70.42985
G1 X124.147 Y83.457 E70.46543
G1 X123.436 Y82.775 E70.4982
G1 X123.173 Y81.914 E70.52814
G1 X123.422 Y81.065 E70.55757
G1 F1500 E64.05757
;MESH:WheelAdapter_v9.stl
G0 F15000 X122.81 Y80.46
G0 X123.646 Y79.617
G0 X124.955 Y79.271
G0 X125.367 Y79.282
G0 X126.68 Y79.627
G0 X128.454 Y81.065
G0 X129.549 Y81.065
G0 X143.116 Y85.036
;TYPE:WALL-INNER
G1 F1500 E70.55757
G1 F1035.4 X143.116 Y78.836 E70.76378
G1 X130.116 Y78.836 E71.19616
G1 X130.116 Y85.036 E71.40238
G1 X143.116 Y85.036 E71.83476
G0 F15000 X143.516 Y85.436
G1 F1035.4 X143.516 Y78.436 E72.06758
G1 X129.716 Y78.436 E72.52657
G1 X129.716 Y85.436 E72.75939
G1 X143.516 Y85.436 E73.21838
G0 F15000 X143.916 Y85.836
;TYPE:WALL-OUTER
G1 F1035.4 X143.916 Y78.036 E73.47781
G1 X129.316 Y78.036 E73.96341
G1 X129.316 Y85.836 E74.22283
G1 X143.916 Y85.836 E74.70843
G0 F15000 X143.639 Y85.556
G0 X139.036 Y84.955
;TYPE:FILL
G1 F1035.4 X132.998 Y78.917 E74.99244
G0 F15000 X134.404 Y78.916
G1 F1035.4 X132.785 Y84.956 E75.20042
G0 F15000 X130.196 Y84.145
G1 F1035.4 X143.036 Y80.705 E75.64255
G0 F15000 X142.909 Y80.705
G1 F1500 E69.14255
;MESH:NONMESH
G0 F300 X142.909 Y80.705 Z1.6
G0 F15000 X129.549 Y81.161
G0 X128.454 Y81.161
G0 X126.68 Y79.627
G0 X125.367 Y79.282
G0 X124.955 Y79.271
G0 X123.646 Y79.617
G0 X122.917 Y80.351
G0 X123.736 Y81.161
;TIME_ELAPSED:140.292890
;LAYER:7
;note -- min layer time used
;TYPE:SUPPORT
G1 F1500 E75.64255
G1 F1044.4 X124.387 Y80.524 E75.67284
G1 X125.304 Y80.28 E75.7044
G1 X125.535 Y80.277 E75.71208
G1 X126.446 Y80.513 E75.74338
G1 X127.083 Y81.136 E75.77302
G1 X127.323 Y81.921 E75.80032
G1 X127.079 Y82.738 E75.82868
G1 X126.436 Y83.335 E75.85786
G1 X125.531 Y83.576 E75.88901
G1 X125.288 Y83.583 E75.8971
G1 X124.416 Y83.351 E75.92711
G1 X123.74 Y82.721 E75.95784
G1 X123.494 Y81.933 E75.9853
G1 X123.736 Y81.161 E76.01221
G1 F1500 E69.51221
;MESH:WheelAdapter_v9.stl
G0 F15000 X123.131 Y80.546
G0 X123.945 Y79.75
G0 X125.184 Y79.421
G0 X125.637 Y79.409
G0 X126.888 Y79.734
G0 X128.454 Y81.161
G0 X129.549 Y81.161
G0 X143.116 Y85.152
;TYPE:WALL-INNER
G1 F1500 E76.01221
G1 F1044.4 X143.116 Y78.72 E76.22614
G1 X130.116 Y78.72 E76.65852
G1 X130.116 Y85.152 E76.87245
G1 X143.116 Y85.152 E77.30483
G0 F15000 X143.516 Y85.552
G1 F1044.4 X143.516 Y78.32 E77.54537
G1 X129.716 Y78.32 E78.00436
G1 X129.716 Y85.552 E78.2449
G1 X143.516 Y85.552 E78.70389
G0 F15000 X143.916 Y85.952
;TYPE:WALL-OUTER
G1 F1044.4 X143.916 Y77.92 E78.97103
G1 X129.316 Y77.92 E79.45663
G1 X129.316 Y85.952 E79.72378
G1 X143.916 Y85.952 E80.20937
G0 F15000 X143.639 Y85.672
G0 X139.354 Y85.072
;TYPE:FILL
G1 F1044.4 X133.082 Y78.8 E80.50439
G0 F15000 X134.288 Y78.8
G1 F1044.4 X132.607 Y85.072 E80.72036
G0 F15000 X130.196 Y84.292
G1 F1044.4 X143.036 Y80.852 E81.16248
G0 F15000 X142.909 Y80.852
G1 F1500 E74.66248
;MESH:NONMESH
G0 F300 X142.909 Y80.852 Z1.8
G0 F15000 X129.549 Y81.216
G0 X128.454 Y81.216
G0 X126.888 Y79.734
G0 X125.637 Y79.409
G0 X125.184 Y79.421
G0 X123.945 Y79.75
G0 X123.313 Y80.367
G0 X124.148 Y81.216
;TIME_ELAPSED:153.066007
;LAYER:8
;note -- min layer time used
;TYPE:SUPPORT
G1 F1500 E81.16248
G1 F1052.7 X124.739 Y80.636 E81.19002
G1 X124.993 Y80.564 E81.1988
G1 X125.073 Y80.49 E81.20243
G1 X125.867 Y80.24 E81.23011
G1 X126.634 Y80.428 E81.25638
G1 X127.17 Y81.004 E81.28255
G1 X127.36 Y81.743 E81.30793
G1 X127.296 Y81.968 E81.31571
G1 X127.324 Y82.105 E81.32036
G1 X127.137 Y82.892 E81.34726
G1 X126.608 Y83.435 E81.37248
G1 X125.849 Y83.627 E81.39852
G1 X125.096 Y83.377 E81.42491
G1 X125.007 Y83.293 E81.42898
G1 X124.763 Y83.218 E81.43747
G1 X124.144 Y82.649 E81.46543
G1 X123.922 Y81.929 E81.49049
G1 X124.148 Y81.216 E81.51537
G1 F1500 E75.01537
;MESH:WheelAdapter_v9.stl
G0 F15000 X123.543 Y80.601
G0 X124.301 Y79.86
G0 X125.839 Y79.348
G0 X127.089 Y79.655
G0 X127.581 Y80.177
G0 X128.454 Y81.216
G0 X129.549 Y81.216
G0 X143.116 Y85.264
;TYPE:WALL-INNER
G1 F1500 E81.51537
G1 F1052.7 X143.116 Y78.604 E81.73688
G1 X130.116 Y78.604 E82.16926
G1 X130.116 Y85.264 E82.39077
G1 X143.116 Y85.264 E82.82316
G0 F15000 X143.516 Y85.664
G1 F1052.7 X143.516 Y78.204 E83.07128
G1 X129.716 Y78.204 E83.53027
G1 X129.716 Y85.664 E83.77839
G1 X143.516 Y85.664 E84.23738
G0 F15000 X143.916 Y86.064
;TYPE:WALL-OUTER
G1 F1052.7 X143.916 Y77.804 E84.51211
G1 X129.316 Y77.804 E84.9977
G1 X129.316 Y86.064 E85.27243
G1 X143.916 Y86.064 E85.75803
G0 F15000 X143.639 Y85.787
G0 X139.665 Y85.184
;TYPE:FILL
G1 F1052.7 X133.165 Y78.684 E86.06377
G0 F15000 X134.173 Y78.684
G1 F1052.7 X132.431 Y85.184 E86.28759
G0 F15000 X130.196 Y84.438
G1 F1052.7 X143.036 Y80.998 E86.72971
G0 F15000 X142.909 Y80.998
G1 F1500 E80.22971
;MESH:NONMESH
G0 F300 X142.909 Y80.998 Z2
G0 F15000 X129.549 Y81.273
G0 X128.454 Y81.273
G0 X127.957 Y80.575
G0 X127.089 Y79.655
G0 X125.839 Y79.348
G0 X124.301 Y79.86
G0 X123.712 Y80.435
G0 X124.536 Y81.273
;TIME_ELAPSED:165.867393
;LAYER:9
;note -- min layer time used
;TYPE:SUPPORT
G1 F1500 E86.72971
G1 F1063 X124.746 Y81.018 E86.7407
G1 X124.779 Y80.917 E86.74423
G1 X125.309 Y80.334 E86.77044
G1 X126.006 Y80.105 E86.79484
G1 X126.674 Y80.286 E86.81786
G1 X127.162 Y80.829 E86.84214
G1 X127.336 Y81.531 E86.8662
G1 X127.226 Y81.911 E86.87935
G1 X127.352 Y82.31 E86.89327
G1 X127.177 Y83.048 E86.9185
G1 X126.695 Y83.547 E86.94157
G1 X126.009 Y83.719 E86.9651
G1 X125.326 Y83.489 E86.98907
G1 X124.739 Y82.892 E87.01691
G1 X124.55 Y82.616 E87.02804
G1 X124.451 Y82.215 E87.04178
G1 X124.355 Y81.923 E87.052
G1 X124.446 Y81.645 E87.06173
G1 X124.536 Y81.273 E87.07446
G1 F1500 E80.57446
;MESH:WheelAdapter_v9.stl
G0 F15000 X123.974 Y80.604
G0 X124.821 Y79.585
G0 X125.981 Y79.207
G0 X127.15 Y79.521
G0 X127.798 Y80.245
G0 X128.454 Y81.273
G0 X129.549 Y81.273
G0 X143.116 Y85.38
;TYPE:WALL-INNER
G1 F1500 E87.07446
G1 F1063 X143.116 Y78.488 E87.30369
G1 X130.116 Y78.488 E87.73607
G1 X130.116 Y85.38 E87.9653
G1 X143.116 Y85.38 E88.39768
G0 F15000 X143.516 Y85.78
G1 F1063 X143.516 Y78.088 E88.65352
G1 X129.716 Y78.088 E89.11251
G1 X129.716 Y85.78 E89.36834
G1 X143.516 Y85.78 E89.82733
G0 F15000 X143.916 Y86.18
;TYPE:WALL-OUTER
G1 F1063 X143.916 Y77.688 E90.10978
G1 X129.316 Y77.688 E90.59538
G1 X129.316 Y86.18 E90.87782
G1 X143.916 Y86.18 E91.36342
G0 F15000 X143.639 Y85.903
G0 X139.982 Y85.3
;TYPE:FILL
G1 F1063 X133.25 Y78.568 E91.68007
G0 F15000 X134.057 Y78.568
G1 F1063 X132.253 Y85.3 E91.91188
G0 F15000 X130.197 Y84.585
G1 F1063 X143.036 Y81.145 E92.35397
G0 F15000 X142.909 Y81.145
G1 F1500 E85.85397
;MESH:NONMESH
G0 F300 X142.909 Y81.145 Z2.2
G0 F15000 X129.549 Y80.697
G0 X128.454 Y80.697
G0 X127.15 Y79.521
G0 X125.981 Y79.207
G0 X124.821 Y79.585
G0 X124.224 Y80.247
G0 X124.725 Y80.697
;TIME_ELAPSED:178.607608
;LAYER:10
;note -- min layer time used
;TYPE:SUPPORT
G1 F1500 E92.35397
G1 F1078.8 X125.167 Y80.238 E92.37516
G1 X125.815 Y80.091 E92.39726
G1 X126.106 Y80.173 E92.40732
G1 X126.189 Y80.155 E92.41014
G1 X126.859 Y80.31 E92.43302
G1 X127.313 Y80.765 E92.45439
G1 X127.479 Y81.347 E92.47452
G1 X127.264 Y81.997 E92.49729
G1 X127.451 Y82.542 E92.51646
G1 X127.299 Y83.164 E92.53776
G1 X126.86 Y83.593 E92.55817
G1 X126.207 Y83.741 E92.58044
G1 X126.1 Y83.736 E92.584
G1 X125.861 Y83.812 E92.59234
G1 X125.265 Y83.66 E92.6128
G1 X124.807 Y83.188 E92.63468
G1 X124.695 Y82.712 E92.65094
G1 X124.618 Y82.622 E92.65488
G1 X124.487 Y82.082 E92.67336
G1 X124.52 Y81.954 E92.67776
G1 X124.468 Y81.745 E92.68492
G1 X124.725 Y80.697 E92.72081
G1 F1500 E86.22081
;MESH:WheelAdapter_v9.stl
G0 F15000 X124.105 Y80.097
G0 X124.728 Y79.457
G0 X125.851 Y79.199
G0 X127.291 Y79.525
G0 X128.454 Y80.697
G0 X129.549 Y80.697
G0 X143.116 Y85.496
;TYPE:WALL-INNER
G1 F1500 E92.72081
G1 F1078.8 X143.116 Y78.372 E92.95776
G1 X130.116 Y78.372 E93.39014
G1 X130.116 Y85.496 E93.62708
G1 X143.116 Y85.496 E94.05946
G0 F15000 X143.516 Y85.896
G1 F1078.8 X143.516 Y77.972 E94.32302
G1 X129.716 Y77.972 E94.78201
G1 X129.716 Y85.896 E95.04556
G1 X143.516 Y85.896 E95.50455
G0 F15000 X143.916 Y86.296
;TYPE:WALL-OUTER
G1 F1078.8 X143.916 Y77.572 E95.79471
G1 X129.316 Y77.572 E96.28031
G1 X129.316 Y86.296 E96.57047
G1 X143.916 Y86.296 E97.05607
G0 F15000 X143.639 Y86.018
G0 X140.298 Y85.416
;TYPE:FILL
G1 F1078.8 X133.333 Y78.452 E97.38366
G0 F15000 X133.942 Y78.452
G1 F1078.8 X132.076 Y85.416 E97.62345
G0 F15000 X130.196 Y84.731
G1 F1078.8 X143.035 Y81.291 E98.06554
G0 F15000 X142.909 Y81.291
G1 F1500 E91.56554
;MESH:NONMESH
G0 F300 X142.909 Y81.291 Z2.4
G0 F15000 X129.549 Y80.589
G0 X128.454 Y80.589
G0 X127.291 Y79.525
G0 X125.851 Y79.199
G0 X124.728 Y79.457
G0 X124.101 Y80.101
G0 X124.605 Y80.589
;TIME_ELAPSED:191.309039
;LAYER:11
;note -- min layer time used
;TYPE:SUPPORT
G1 F1500 E98.06554
G1 F1096.1 X124.998 Y80.183 E98.08434
G1 X125.573 Y80.056 E98.10392
G1 X126.191 Y80.258 E98.12555
G1 X126.464 Y80.183 E98.13496
G1 X127.06 Y80.319 E98.1553
G1 X127.469 Y80.718 E98.1743
G1 X127.611 Y81.233 E98.19207
G1 X127.421 Y81.795 E98.2118
G1 X127.309 Y81.963 E98.21851
G1 X127.536 Y82.625 E98.24179
G1 X127.401 Y83.253 E98.26316
G1 X127.022 Y83.612 E98.28052
G1 X126.441 Y83.741 E98.30031
G1 X126.198 Y83.682 E98.30863
G1 X125.655 Y83.856 E98.3276
G1 X125.104 Y83.726 E98.34643
G1 X124.69 Y83.321 E98.36569
G1 X124.449 Y82.314 E98.40013
G1 X124.575 Y81.924 E98.41376
G1 X124.444 Y81.517 E98.42798
G1 X124.505 Y81.242 E98.43735
G1 X124.472 Y81.121 E98.44152
G1 X124.605 Y80.589 E98.45976
G1 F1500 E91.95976
;MESH:WheelAdapter_v9.stl
G0 F15000 X123.986 Y79.99
G0 X124.562 Y79.399
G0 X125.615 Y79.167
G0 X127.489 Y79.531
G0 X128.097 Y80.127
G0 X128.454 Y80.589
G0 X129.549 Y80.589
G0 X143.116 Y85.612
;TYPE:WALL-INNER
G1 F1500 E98.45976
G1 F1096.1 X143.116 Y78.256 E98.70442
G1 X130.116 Y78.256 E99.1368
G1 X130.116 Y85.612 E99.38146
G1 X143.116 Y85.612 E99.81384
G0 F15000 X143.516 Y86.012
G1 F1096.1 X143.516 Y77.856 E100.08511
G1 X129.716 Y77.856 E100.5441
G1 X129.716 Y86.012 E100.81537
G1 X143.516 Y86.012 E101.27436
G0 F15000 X143.916 Y86.412
;TYPE:WALL-OUTER
G1 F1096.1 X143.916 Y77.456 E101.57224
G1 X129.316 Y77.456 E102.05784
G1 X129.316 Y86.412 E102.35572
G1 X143.916 Y86.412 E102.84132
G0 F15000 X143.639 Y86.134
G0 X140.615 Y85.532
;TYPE:FILL
G1 F1096.1 X133.418 Y78.336 E103.17982
G0 F15000 X133.826 Y78.336
G1 F1096.1 X131.898 Y85.532 E103.4276
G0 F15000 X130.196 Y84.878
G1 F1096.1 X143.035 Y81.438 E103.86969
G0 F15000 X142.909 Y81.438
G1 F1500 E97.36969
;MESH:NONMESH
G0 F300 X142.909 Y81.438 Z2.6
G0 F15000 X129.549 Y80.437
G0 X128.454 Y80.437
G0 X127.489 Y79.531
G0 X125.615 Y79.167
G0 X124.562 Y79.399
G0 X124.038 Y79.937
G0 X124.555 Y80.437
;TIME_ELAPSED:204.003089
;LAYER:12
;note -- min layer time used
;TYPE:SUPPORT
G1 F1500 E103.86969
G1 F1114.8 X124.886 Y80.077 E103.88595
G1 X125.369 Y79.964 E103.90245
G1 X125.871 Y80.133 E103.92007
G1 X125.978 Y80.233 E103.92494
G1 X126.124 Y80.25 E103.92983
G1 X126.673 Y80.061 E103.94914
G1 X127.14 Y80.18 E103.96517
G1 X127.314 Y80.29 E103.97202
G1 X127.608 Y80.581 E103.98577
G1 X127.691 Y80.967 E103.99891
G1 X127.508 Y81.436 E104.01565
G1 X127.46 Y81.488 E104.018
G1 X127.315 Y81.776 E104.02873
G1 X127.345 Y81.949 E104.03457
G1 X127.505 Y82.139 E104.04283
G1 X127.614 Y82.552 E104.05704
G1 X127.553 Y82.715 E104.06283
G1 X127.58 Y82.888 E104.06865
G1 X127.487 Y83.344 E104.08413
G1 X127.102 Y83.751 E104.10276
G1 X126.631 Y83.867 E104.1189
G1 X126.054 Y83.669 E104.13919
G1 X125.416 Y83.861 E104.16135
G1 X124.929 Y83.752 E104.17794
G1 X124.552 Y83.402 E104.19505
G1 X124.352 Y82.565 E104.22368
G1 X124.509 Y82.13 E104.23906
G1 X124.611 Y81.971 E104.24534
G1 X124.352 Y81.257 E104.2706
G1 X124.443 Y80.842 E104.28473
G1 X124.466 Y80.803 E104.28624
G1 X124.555 Y80.437 E104.29877
G1 F1500 E97.79877
;MESH:WheelAdapter_v9.stl
G0 F15000 X123.917 Y79.853
G0 X124.429 Y79.297
G0 X125.412 Y79.066
G0 X126.635 Y79.164
G0 X127.613 Y79.407
G0 X128.401 Y80.151
G0 X128.454 Y80.437
G0 X129.549 Y80.437
G0 X143.116 Y85.728
;TYPE:WALL-INNER
G1 F1500 E104.29877
G1 F1114.8 X143.116 Y78.14 E104.55114
G1 X130.116 Y78.14 E104.98353
G1 X130.116 Y85.728 E105.2359
G1 X143.116 Y85.728 E105.66829
G0 F15000 X143.516 Y86.128
G1 F1114.8 X143.516 Y77.74 E105.94727
G1 X129.716 Y77.74 E106.40626
G1 X129.716 Y86.128 E106.68525
G1 X143.516 Y86.128 E107.14424
G0 F15000 X143.916 Y86.528
;TYPE:WALL-OUTER
G1 F1114.8 X143.916 Y77.34 E107.44983
G1 X129.316 Y77.34 E107.93543
G1 X129.316 Y86.528 E108.24102
G1 X143.916 Y86.528 E108.72662
G0 F15000 X143.639 Y86.249
G0 X140.93 Y85.648
;TYPE:FILL
G1 F1114.8 X133.502 Y78.22 E109.07601
G0 F15000 X133.711 Y78.22
G1 F1114.8 X131.721 Y85.648 E109.33178
G0 F15000 X130.196 Y85.024
G1 F1114.8 X143.035 Y81.584 E109.77387
G0 F15000 X142.909 Y81.584
G1 F1500 E103.27387
;MESH:NONMESH
G0 F300 X142.909 Y81.584 Z2.8
G0 F15000 X129.549 Y80.252
G0 X128.454 Y80.252
G0 X127.613 Y79.407
G0 X126.635 Y79.164
G0 X125.412 Y79.066
G0 X124.429 Y79.297
G0 X123.957 Y79.81
G0 X124.44 Y80.252
;TIME_ELAPSED:216.678505
;LAYER:13
;note -- min layer time used
;TYPE:SUPPORT
G1 F1500 E109.77387
G1 F1137.1 X124.72 Y79.947 E109.78764
G1 X125.145 Y79.86 E109.80207
G1 X125.599 Y80.021 E109.81809
G1 X125.912 Y80.344 E109.83305
G1 X126.001 Y80.372 E109.83615
G1 X126.15 Y80.321 E109.84139
G1 X126.394 Y80.043 E109.85369
G1 X126.816 Y79.889 E109.86864
G1 X127.208 Y79.987 E109.88208
G1 X127.482 Y80.311 E109.89619
G1 X127.606 Y80.912 E109.9166
G1 X127.501 Y81.287 E109.92955
G1 X127.346 Y81.444 E109.93689
G1 X127.304 Y81.584 E109.94175
G1 X127.348 Y81.694 E109.94569
G1 X127.704 Y82.037 E109.96213
G1 X127.786 Y82.353 E109.97299
G1 X127.657 Y82.702 E109.98537
G1 X127.533 Y82.83 E109.99129
G1 X127.508 Y82.947 E109.99527
G1 X127.577 Y83.162 E110.00278
G1 X127.487 Y83.608 E110.01792
G1 X127.207 Y83.907 E110.03154
G1 X126.802 Y84.003 E110.04538
G1 X126.395 Y83.849 E110.05986
G1 X126.088 Y83.532 E110.07454
G1 X125.995 Y83.504 E110.07777
G1 X125.869 Y83.535 E110.08208
G1 X125.601 Y83.806 E110.09476
G1 X125.146 Y83.968 E110.11082
G1 X124.748 Y83.884 E110.12435
G1 X124.436 Y83.572 E110.13903
G1 X124.352 Y83.179 E110.15239
G1 X124.498 Y82.766 E110.16696
G1 X124.453 Y82.591 E110.17297
G1 X124.547 Y82.278 E110.18384
G1 X124.71 Y82.076 E110.19248
G1 X124.716 Y81.968 E110.19607
G1 X124.607 Y81.605 E110.20868
G1 X124.546 Y81.534 E110.21179
G1 X124.453 Y81.223 E110.22259
G1 X124.494 Y81.059 E110.22821
G1 X124.352 Y80.658 E110.24236
G1 X124.44 Y80.252 E110.25618
G1 F1500 E103.75618
;MESH:WheelAdapter_v9.stl
G0 F15000 X123.806 Y79.664
G0 X124.279 Y79.158
G0 X125.207 Y78.967
G0 X126.769 Y78.989
G0 X127.691 Y79.221
G0 X128.173 Y79.793
G0 X128.454 Y80.252
G0 X129.549 Y80.252
G0 X143.116 Y85.844
;TYPE:WALL-INNER
G1 F1500 E110.25618
G1 F1137.1 X143.116 Y78.024 E110.51627
G1 X130.116 Y78.024 E110.94865
G1 X130.116 Y85.844 E111.20875
G1 X143.116 Y85.844 E111.64113
G0 F15000 X143.516 Y86.244
G1 F1137.1 X143.516 Y77.624 E111.92783
G1 X129.716 Y77.624 E112.38682
G1 X129.716 Y86.244 E112.67352
G1 X143.516 Y86.244 E113.13251
G0 F15000 X143.916 Y86.644
;TYPE:WALL-OUTER
G1 F1137.1 X143.916 Y77.224 E113.44582
G1 X129.316 Y77.224 E113.93142
G1 X129.316 Y86.644 E114.24473
G1 X143.916 Y86.644 E114.73033
G0 F15000 X143.639 Y86.365
G0 X141.245 Y85.764
;TYPE:FILL
G1 F1137.1 X133.585 Y78.104 E115.09063
G1 X133.597 Y78.103
G1 X131.544 Y85.764 E115.35443
G0 F15000 X130.196 Y85.17
G1 F1137.1 X143.035 Y81.73 E115.79652
G0 F15000 X142.909 Y81.73
G1 F1500 E109.29652
;MESH:NONMESH
G0 F300 X142.909 Y81.73 Z3
G0 F15000 X129.549 Y80.315
G0 X128.454 Y80.315
G0 X128.285 Y79.927
G0 X127.691 Y79.221
G0 X126.769 Y78.989
G0 X125.207 Y78.967
G0 X124.279 Y79.158
G0 X123.822 Y79.646
G0 X124.543 Y80.315
;TIME_ELAPSED:229.356395
;LAYER:14
;note -- min layer time used
;TYPE:SUPPORT
G1 F1500 E115.79652
G1 F1147.3 X124.788 Y80.058 E115.80833
G1 X125.117 Y79.965 E115.8197
G1 X125.448 Y80.058 E115.83114
G1 X125.874 Y80.501 E115.85158
G1 X125.982 Y80.536 E115.85535
G1 X126.091 Y80.518 E115.85903
G1 X126.484 Y80.106 E115.87797
G1 X126.815 Y80.013 E115.8894
G1 X127.141 Y80.106 E115.90068
G1 X127.385 Y80.359 E115.91237
G1 X127.476 Y80.677 E115.92337
G1 X127.432 Y80.876 E115.93015
G1 X127.451 Y80.96 E115.93301
G1 X127.38 Y81.22 E115.94198
G1 X127.312 Y81.392 E115.94813
G1 X127.406 Y81.666 E115.95776
G1 X127.52 Y81.753 E115.96253
G1 X127.645 Y81.776 E115.96676
G1 X127.844 Y81.965 E115.97589
G1 X127.906 Y82.211 E115.98432
G1 X127.794 Y82.499 E115.9946
G1 X127.444 Y82.819 E116.01038
G1 X127.404 Y82.921 E116.01402
G1 X127.476 Y83.229 E116.02454
G1 X127.388 Y83.552 E116.03567
G1 X127.143 Y83.797 E116.0472
G1 X126.814 Y83.888 E116.05855
G1 X126.506 Y83.798 E116.06922
G1 X126.059 Y83.351 E116.09025
G1 X125.85 Y83.368 E116.09722
G1 X125.446 Y83.774 E116.11627
G1 X125.118 Y83.867 E116.12761
G1 X124.81 Y83.775 E116.13831
G1 X124.545 Y83.51 E116.15077
G1 X124.453 Y83.202 E116.16146
G1 X124.544 Y82.89 E116.17227
G1 X124.621 Y82.764 E116.17718
G1 X124.593 Y82.589 E116.18308
G1 X124.666 Y82.345 E116.19155
G1 X124.868 Y82.106 E116.20196
G1 X124.875 Y82.022 E116.20476
G1 X124.739 Y81.582 E116.22008
G1 X124.671 Y81.487 E116.22396
G1 X124.593 Y81.225 E116.23305
G1 X124.618 Y81.073 E116.23818
G1 X124.547 Y80.946 E116.24302
G1 X124.453 Y80.627 E116.25408
G1 X124.543 Y80.315 E116.26488
G1 F1500 E109.76488
;MESH:WheelAdapter_v9.stl
G0 F15000 X123.918 Y79.72
G0 X124.328 Y79.291
G0 X125.118 Y79.068
G0 X126.816 Y79.115
G0 X127.607 Y79.338
G0 X128.454 Y80.315
G0 X129.549 Y80.315
G0 X143.116 Y85.96
;TYPE:WALL-INNER
G1 F1500 E116.26488
G1 F1147.3 X143.116 Y77.912 E116.53256
G1 X130.116 Y77.912 E116.96494
G1 X130.116 Y85.96 E117.23262
G1 X143.116 Y85.96 E117.665
G0 F15000 X143.516 Y86.36
G1 F1147.3 X143.516 Y77.512 E117.95928
G1 X129.716 Y77.512 E118.41827
G1 X129.716 Y86.36 E118.71256
G1 X143.516 Y86.36 E119.17155
G0 F15000 X143.916 Y86.76
;TYPE:WALL-OUTER
G1 F1147.3 X143.916 Y77.112 E119.49244
G1 X129.316 Y77.112 E119.97804
G1 X129.316 Y86.76 E120.29893
G1 X143.916 Y86.76 E120.78453
G0 F15000 X143.639 Y86.48
G0 X141.562 Y85.88
;TYPE:FILL
G1 F1147.3 X133.674 Y77.992 E121.15556
G1 X133.48 Y77.992
G1 X131.365 Y85.881 E121.42721
G0 F15000 X130.196 Y85.317
G1 F1147.3 X143.035 Y81.877 E121.8693
G0 F15000 X142.909 Y81.877
G1 F1500 E115.3693
;MESH:NONMESH
G0 F300 X142.909 Y81.877 Z3.2
G0 F15000 X129.549 Y80.379
G0 X128.454 Y80.379
G0 X128.159 Y79.919
G0 X127.607 Y79.338
G0 X126.816 Y79.115
G0 X125.118 Y79.068
G0 X124.407 Y79.269
G0 X123.945 Y79.692
G0 X124.667 Y80.379
;TIME_ELAPSED:241.992692
;LAYER:15
;note -- min layer time used
;TYPE:SUPPORT
G1 F1500 E121.8693
G1 F1161.4 X124.856 Y80.178 E121.87848
G1 X125.117 Y80.104 E121.8875
G1 X125.377 Y80.178 E121.89649
G1 X125.569 Y80.379 E121.90574
G1 X125.679 Y80.754 E121.91874
G1 X125.821 Y80.823 E121.92399
G1 X126.159 Y80.824 E121.93523
G1 X126.268 Y80.736 E121.93989
G1 X126.363 Y80.427 E121.95064
G1 X126.555 Y80.226 E121.95989
G1 X126.815 Y80.152 E121.96888
G1 X127.073 Y80.226 E121.97781
G1 X127.266 Y80.428 E121.9871
G1 X127.339 Y80.672 E121.99557
G1 X127.298 Y80.808 E122.00029
G1 X127.312 Y80.959 E122.00534
G1 X127.26 Y81.148 E122.01186
G1 X127.126 Y81.295 E122.01847
G1 X127.097 Y81.414 E122.02255
G1 X127.226 Y81.711 E122.03332
G1 F936.6 X127.417 Y81.887 E122.04403
G1 F791.4 X127.586 Y81.865 E122.05235
G1 F798.2 X127.844 Y81.907 E122.065
G1 X127.975 Y82.014 E122.07318
G1 X128.006 Y82.115 E122.07829
G1 X127.944 Y82.26 E122.08593
G1 X127.764 Y82.407 E122.09717
G1 F791.4 X127.53 Y82.464 E122.10893
G1 F879.8 X127.341 Y82.608 E122.11936
G1 F1075.4 X127.213 Y82.806 E122.12783
G1 F1161.4 X127.336 Y83.226 E122.14238
G1 X127.265 Y83.483 E122.15125
G1 X127.072 Y83.677 E122.16035
G1 X126.814 Y83.748 E122.16925
G1 X126.574 Y83.678 E122.17757
G1 X126.362 Y83.467 E122.18752
G1 X126.258 Y83.108 E122.19995
G1 X126.12 Y83.042 E122.20504
G1 X125.797 Y83.04 E122.21578
G1 X125.654 Y83.145 E122.22168
G1 X125.568 Y83.46 E122.23254
G1 X125.375 Y83.654 E122.24164
G1 X125.118 Y83.727 E122.25053
G1 X124.874 Y83.654 E122.259
G1 X124.666 Y83.446 E122.26878
G1 X124.593 Y83.203 E122.27722
G1 X124.666 Y82.956 E122.28579
G1 X124.774 Y82.789 E122.2924
G1 X124.734 Y82.59 E122.29916
G1 X124.787 Y82.411 E122.30536
G1 X125.002 Y82.184 E122.31576
G1 X125.02 Y82.065 E122.31977
G1 X124.915 Y81.686 E122.33285
G1 X124.916 Y81.566 E122.33684
G1 X124.786 Y81.399 E122.34388
G1 X124.734 Y81.23 E122.34976
G1 X124.77 Y81.014 E122.35704
G1 X124.666 Y80.87 E122.36295
G1 X124.593 Y80.627 E122.37139
G1 X124.667 Y80.379 E122.38
G1 F1500 E115.88
;MESH:WheelAdapter_v9.stl
G0 F15000 X124.042 Y79.784
G0 X124.399 Y79.411
G0 X125.119 Y79.208
G0 X126.816 Y79.255
G0 X127.465 Y79.438
G0 X128.454 Y80.379
G0 X129.549 Y80.379
G0 X143.116 Y86.076
;TYPE:WALL-INNER
G1 F1500 E122.38
G1 F1161.4 X143.116 Y77.796 E122.65539
G1 X130.116 Y77.796 E123.08777
G1 X130.116 Y86.076 E123.36317
G1 X143.116 Y86.076 E123.79555
G0 F15000 X143.516 Y86.476
G1 F1161.4 X143.516 Y77.396 E124.09755
G1 X129.716 Y77.396 E124.55654
G1 X129.716 Y86.476 E124.85854
G1 X143.516 Y86.476 E125.31753
G0 F15000 X143.916 Y86.876
;TYPE:WALL-OUTER
G1 F1161.4 X143.916 Y76.996 E125.64614
G1 X129.316 Y76.996 E126.13174
G1 X129.316 Y86.876 E126.46035
G1 X143.916 Y86.876 E126.94595
G0 F15000 X143.639 Y86.596
G0 X141.877 Y85.996
;TYPE:FILL
G1 F1161.4 X133.757 Y77.876 E127.32789
G0 F15000 X133.365 Y77.875
G1 F1161.4 X131.189 Y85.996 E127.60752
G0 F15000 X130.197 Y85.463
G1 F1161.4 X143.036 Y82.022 E128.04962
G0 F15000 X142.909 Y82.022
G1 F1500 E121.54962
;MESH:NONMESH
G0 F300 X142.909 Y82.022 Z3.4
G0 F15000 X129.549 Y82.019
G0 X127.536 Y82.019
;TIME_ELAPSED:254.460993
;LAYER:16
;note -- min layer time used
;TYPE:SUPPORT
G1 F1500 E128.04962
G1 F1346.3 X127.62 Y81.932 E128.05395
G1 X127.732 Y81.9 E128.05813
G1 X127.846 Y81.932 E128.06237
G1 X127.928 Y82.017 E128.0666
G1 X127.96 Y82.128 E128.07074
G1 X127.928 Y82.239 E128.07488
G1 X127.846 Y82.321 E128.07904
G1 X127.73 Y82.355 E128.08337
G1 X127.63 Y82.326 E128.0871
G1 X127.535 Y82.229 E128.09197
G1 X127.504 Y82.129 E128.09572
G1 X127.536 Y82.019 E128.09983
G0 F15000 X126.403 Y82.019
G1 F1349.4 X126.485 Y81.932 E128.1041
G1 X126.597 Y81.9 E128.10827
G1 X126.708 Y81.932 E128.1124
G1 X126.793 Y82.02 E128.11677
G1 X126.825 Y82.131 E128.1209
G1 X126.749 Y82.402 E128.13096
G1 F1167.5 X126.756 Y82.639 E128.14076
G1 F1028.8 X126.953 Y82.846 E128.15416
G1 X127.121 Y83.19 E128.17212
G1 X127.071 Y83.37 E128.18088
G1 X126.96 Y83.483 E128.18831
G1 X126.815 Y83.523 E128.19536
G1 X126.68 Y83.484 E128.20195
G1 X126.555 Y83.359 E128.21024
G1 X126.515 Y83.224 E128.21684
G1 X126.647 Y82.945 E128.23132
G1 X126.733 Y82.646 E128.24591
G1 F1167.5 X126.609 Y82.445 E128.25567
G1 F1349.4 X126.4 Y82.232 E128.26634
G1 X126.37 Y82.126 E128.27028
G1 X126.403 Y82.019 E128.27428
G1 F1500 E121.77428
G0 F15000 X124.859 Y80.485
G1 F1500 E128.27428
G1 F1030.6 X124.97 Y80.37 E128.28176
G1 X125.117 Y80.329 E128.28891
G1 X125.267 Y80.371 E128.2962
G1 X125.376 Y80.484 E128.30355
G1 X125.415 Y80.631 E128.31067
G1 X125.376 Y80.777 E128.31774
G1 X125.251 Y80.94 E128.32736
G1 X125.235 Y81.056 E128.33284
G1 F1165.1 X125.306 Y81.094 E128.33618
G1 F1337 X125.349 Y81.417 E128.34794
G1 F1343.2 X125.491 Y81.578 E128.35565
G1 F1355.7 X125.518 Y81.739 E128.36146
G1 F1447 X125.68 Y82 E128.3717
G1 F1535 X125.716 Y82.136 E128.37612
G1 F1522.9 X125.683 Y82.247 E128.37979
G1 X125.584 Y82.346 E128.38423
G1 F1432.7 X125.392 Y82.414 E128.39108
G1 F1255.9 X125.325 Y82.541 E128.3966
G1 F1098.9 X125.318 Y83.004 E128.41693
G1 F1032.5 X125.416 Y83.206 E128.42742
G1 X125.376 Y83.348 E128.43432
G1 X125.262 Y83.461 E128.44182
G1 X125.118 Y83.503 E128.44883
G1 X124.985 Y83.463 E128.45532
G1 X124.857 Y83.335 E128.46378
G1 X124.818 Y83.202 E128.47025
G1 X124.915 Y83.003 E128.4806
G1 F1196.4 X124.921 Y82.742 E128.49113
G1 F1388.1 X124.89 Y82.593 E128.49642
G1 F1352.5 X124.921 Y82.485 E128.50042
G1 X125.007 Y82.395 E128.50486
G1 X125.276 Y82.299 E128.51505
G1 F1443.4 X125.324 Y82.115 E128.52141
G1 F1487.8 X125.066 Y81.714 E128.53687
G1 F1388.1 X125.08 Y81.524 E128.54349
G1 F1337 X124.921 Y81.33 E128.55255
G1 X124.891 Y81.226 E128.55645
G1 X124.932 Y81.09 E128.56158
G1 F1165.1 X125.005 Y81.053 E128.56497
G1 F1030.6 X124.991 Y80.936 E128.57048
G1 X124.857 Y80.759 E128.58088
G1 X124.818 Y80.626 E128.58736
G1 X124.859 Y80.485 E128.59424
G1 F1500 E122.09424
G0 F15000 X126.517 Y80.674
G1 F1500 E128.59424
G1 F1032.5 X126.556 Y80.532 E128.60112
G1 X126.665 Y80.418 E128.60849
G1 X126.815 Y80.376 E128.61577
G1 X126.963 Y80.418 E128.62296
G1 X127.072 Y80.533 E128.63036
G1 X127.112 Y80.676 E128.6373
G1 X127.089 Y80.963 E128.65076
G1 X127.01 Y81.094 E128.65791
G1 X126.842 Y81.092 E128.66576
G1 X126.554 Y80.804 E128.68479
G1 X126.517 Y80.674 E128.69111
G1 F1500 E122.19111
;MESH:WheelAdapter_v9.stl
G0 F15000 X125.99 Y79.777
G0 X126.165 Y79.579
G0 X126.816 Y79.394
G0 X127.467 Y79.579
G0 X128.454 Y80.674
G0 X129.549 Y80.674
G0 X143.116 Y86.188
;TYPE:WALL-INNER
G1 F1500 E128.69111
G1 F1450.6 X143.116 Y77.68 E128.97408
G1 X130.116 Y77.68 E129.40646
G1 X130.116 Y86.188 E129.68944
G1 X143.116 Y86.188 E130.12182
G0 F15000 X143.516 Y86.588
G1 F1450.6 X143.516 Y77.28 E130.43141
G1 X129.716 Y77.28 E130.8904
G1 X129.716 Y86.588 E131.19998
G1 X143.516 Y86.588 E131.65897
G0 F15000 X143.916 Y86.988
;TYPE:WALL-OUTER
G1 F1450.6 X143.916 Y76.88 E131.99517
G1 X129.316 Y76.88 E132.48077
G1 X129.316 Y86.988 E132.81696
G1 X143.916 Y86.988 E133.30256
G0 F15000 X143.639 Y86.711
G0 X142.19 Y86.108
;TYPE:FILL
G1 F1450.6 X137.6 Y81.519 E133.51843
G1 X137.6 Y83.627 E133.58855
G1 X143.036 Y82.169 E133.77574
G0 F15000 X142.916 Y82
G1 F1450.6 X138.083 Y82 E133.93648
G0 F15000 X137.683 Y81.6
G1 F1450.6 X142.916 Y81.6 E134.11053
G0 F15000 X142.916 Y81.2
G1 F1450.6 X137.283 Y81.2 E134.29789
G1 X137.2 Y81.119
G1 X137.6 Y81.519 E134.3167
G0 F15000 X136.8 Y80.719
G1 F1450.6 X133.842 Y77.76 E134.45586
G0 F15000 X133.249 Y77.759
G1 F1450.6 X131.012 Y86.108 E134.74335
G0 F15000 X130.196 Y85.61
G1 F1450.6 X136.8 Y83.841 E134.97074
G0 F15000 X137.2 Y83.734
G1 F1450.6 X136.8 Y83.841 E134.98451
G1 X136.8 Y80.719 E135.08835
G1 X137.2 Y81.119 E135.10716
G1 X137.2 Y83.734 E135.19414
G1 X137.6 Y83.627 E135.20791
G0 F15000 X136.483 Y80.4
G1 F1450.6 X142.916 Y80.4 E135.42187
G0 F15000 X142.909 Y80.4
G1 F1500 E128.92187
;MESH:NONMESH
G0 F300 X142.909 Y80.4 Z3.6
G0 F15000 X129.549 Y80.519
G0 X128.454 Y80.519
G0 X127.467 Y79.579
G0 X126.816 Y79.394
G0 X126.23 Y79.56
G0 X125.99 Y79.777
G0 X124.92 Y80.519
;TIME_ELAPSED:269.057268
;LAYER:17
;note -- min layer time used
;TYPE:SUPPORT
G1 F1500 E135.42187
G1 F1362.5 X125.003 Y80.432 E135.42617
G1 X125.117 Y80.4 E135.43041
G1 X125.23 Y80.432 E135.43461
G1 X125.315 Y80.518 E135.43893
G1 X125.345 Y80.628 E135.44301
G1 X125.315 Y80.738 E135.44708
G1 X125.23 Y80.824 E135.45141
G1 X125.118 Y80.856 E135.45557
G1 X125.015 Y80.826 E135.45941
G1 X124.919 Y80.727 E135.46434
G1 X124.889 Y80.626 E135.4681
G1 X124.92 Y80.519 E135.47209
G1 F1500 E128.97209
G0 F15000 X126.583 Y80.672
G1 F1500 E135.47209
G1 F1372 X126.614 Y80.569 E135.47591
G1 X126.701 Y80.478 E135.48038
G1 X126.818 Y80.446 E135.48468
G1 X126.931 Y80.478 E135.48885
G1 X127.014 Y80.563 E135.49307
G1 X127.046 Y80.675 E135.49721
G1 X127.013 Y80.784 E135.50125
G1 X126.936 Y80.863 E135.50517
G1 X126.712 Y80.874 E135.51313
G1 X126.614 Y80.775 E135.51808
G1 X126.583 Y80.672 E135.52189
G1 F1500 E129.02189
G0 F15000 X126.817 Y82.999
G1 F1500 E135.52189
G1 F1359.3 X126.93 Y83.029 E135.52608
G1 X127.008 Y83.111 E135.53014
G1 X127.043 Y83.23 E135.53459
G1 X127.012 Y83.339 E135.53865
G1 X126.932 Y83.42 E135.54273
G1 X126.815 Y83.452 E135.54707
G1 X126.713 Y83.421 E135.55089
G1 X126.615 Y83.325 E135.55581
G1 X126.584 Y83.223 E135.55963
G1 X126.616 Y83.116 E135.56363
G1 X126.701 Y83.029 E135.56799
G1 X126.817 Y82.999 E135.57229
G0 F15000 X125.344 Y83.207
G1 F1362.5 X125.315 Y83.315 E135.57629
G1 X125.231 Y83.397 E135.58048
G1 X125.116 Y83.431 E135.58477
G1 X125.015 Y83.401 E135.58854
G1 X124.919 Y83.303 E135.59344
G1 X124.889 Y83.202 E135.59721
G1 X124.92 Y83.095 E135.60119
G1 X125.003 Y83.008 E135.60549
G1 X125.117 Y82.976 E135.60973
G1 X125.23 Y83.008 E135.61392
G1 X125.311 Y83.097 E135.61823
G1 X125.344 Y83.207 E135.62233
G1 F1500 E129.12233
;MESH:WheelAdapter_v9.stl
G0 F15000 X125.978 Y82.532
G0 X126.235 Y82.249
G0 X126.816 Y82.086
G0 X127.336 Y82.233
G0 X128.454 Y83.207
G0 X129.549 Y83.207
G0 X143.116 Y86.304
;TYPE:WALL-INNER
G1 F1500 E135.62233
G1 F1464.6 X143.116 Y77.564 E135.91303
G1 X130.116 Y77.564 E136.34541
G1 X130.116 Y86.304 E136.6361
G1 X143.116 Y86.304 E137.06848
G0 F15000 X143.516 Y86.704
G1 F1464.6 X143.516 Y77.164 E137.38579
G1 X129.716 Y77.164 E137.84478
G1 X129.716 Y86.704 E138.16208
G1 X143.516 Y86.704 E138.62107
G0 F15000 X143.916 Y87.104
;TYPE:WALL-OUTER
G1 F1464.6 X143.916 Y76.764 E138.96498
G1 X129.316 Y76.764 E139.45058
G1 X129.316 Y87.104 E139.79448
G1 X143.916 Y87.104 E140.28008
G0 F15000 X143.639 Y86.827
G0 X142.505 Y86.224
;TYPE:FILL
G1 F1464.6 X138.595 Y82.314 E140.464
G0 F15000 X138.594 Y82.533
G0 X136.391 Y82.461
G0 X136.319 Y80.258
G0 X136.539 Y80.258
G1 F1464.6 X133.925 Y77.644 E140.58695
G0 F15000 X133.134 Y77.643
G1 F1464.6 X130.835 Y86.224 E140.88242
G0 F15000 X130.197 Y85.756
G1 F1464.6 X143.036 Y82.315 E141.32452
G0 F15000 X142.756 Y82.272
;TYPE:SKIN
G1 F1464.6 X136.576 Y82.272 E141.53007
G1 X136.576 Y80.112 E141.60191
G1 X142.756 Y80.108 E141.80746
G1 X142.756 Y82.272 E141.87943
G0 F15000 X141.94 Y82.072
G1 F1464.6 X142.556 Y81.455 E141.90843
G0 F15000 X142.556 Y80.889
G1 F1464.6 X141.374 Y82.072 E141.96405
G0 F15000 X140.808 Y82.072
G1 F1464.6 X142.556 Y80.324 E142.04627
G0 F15000 X142.006 Y80.308
G1 F1464.6 X140.243 Y82.072 E142.12922
G0 F15000 X139.677 Y82.072
G1 F1464.6 X141.44 Y80.308 E142.21217
G0 F15000 X140.874 Y80.309
G1 F1464.6 X139.111 Y82.072 E142.2951
G0 F15000 X138.546 Y82.072
G1 F1464.6 X140.308 Y80.309 E142.378
G0 F15000 X139.742 Y80.31
G1 F1464.6 X137.98 Y82.072 E142.46088
G0 F15000 X137.414 Y82.072
G1 F1464.6 X139.176 Y80.31 E142.54376
G0 F15000 X138.61 Y80.31
G1 F1464.6 X136.848 Y82.072 E142.62664
G0 F15000 X136.776 Y81.578
G1 F1464.6 X138.044 Y80.31 E142.68628
G0 F15000 X137.478 Y80.311
G1 F1464.6 X136.776 Y81.013 E142.7193
G0 F15000 X136.776 Y80.447
G1 F1464.6 X136.912 Y80.311 E142.7257
G0 F15000 X136.912 Y79.551
;MESH:NONMESH
G0 F300 X136.912 Y79.551 Z3.8
G0 F15000 X130.114 Y82.239
;TIME_ELAPSED:283.618851
;LAYER:18
;note -- min layer time used
;TYPE:WALL-INNER
;MESH:WheelAdapter_v9.stl
G1 F1426.5 X130.116 Y86.42 E142.86476
G1 X143.116 Y86.42 E143.29714
G1 X143.116 Y77.448 E143.59555
G1 X130.116 Y77.448 E144.02793
G1 X130.112 Y81.606 E144.16623
G1 X130.024 Y81.908 E144.17669
G1 X130.114 Y82.239 E144.1881
G0 F15000 X129.714 Y82.249
G1 F1426.5 X129.716 Y86.82 E144.34013
G1 X143.516 Y86.82 E144.79912
G1 X143.516 Y77.048 E145.12414
G1 X129.716 Y77.048 E145.58313
G1 X129.714 Y81.567 E145.73343
G1 X129.634 Y81.812 E145.742
G1 X129.466 Y81.908 E145.74844
G1 X129.634 Y82.004 E145.75487
G1 X129.714 Y82.249 E145.76345
G0 F15000 X129.316 Y82.294
;TYPE:WALL-OUTER
G1 F1426.5 X129.316 Y87.22 E145.92729
G1 X143.916 Y87.22 E146.41288
G1 X143.916 Y76.648 E146.76451
G1 X129.316 Y76.648 E147.25011
G1 X129.313 Y81.596 E147.41468
G1 X129.116 Y81.708 E147.42222
G1 F1430 X125.315 Y81.711 E147.54832
G1 F1433.6 X125.315 Y82.109 E147.56149
G1 F1430 X129.116 Y82.108 E147.6876
G1 F1426.5 X129.289 Y82.206 E147.69421
G1 X129.316 Y82.294 E147.69727
G0 F15000 X129.629 Y82.294
G0 X130.196 Y85.903
;TYPE:FILL
G1 F1426.5 X142.299 Y82.66 E148.11402
G0 F15000 X142.298 Y82.879
G0 X139.141 Y82.879
G0 X139.142 Y82.659
G1 F1426.5 X142.822 Y86.34 E148.28714
G0 F15000 X136.391 Y82.807
G0 X136.319 Y80.057
G0 X136.539 Y80.057
G1 F1426.5 X134.01 Y77.528 E148.4061
G0 F15000 X133.018 Y77.527
G1 F1426.5 X130.656 Y86.34 E148.70956
G0 F15000 X142.755 Y82.879
G0 X142.756 Y82.62
;TYPE:SKIN
G1 F1426.5 X136.576 Y82.616 E148.91511
G1 X136.576 Y79.804 E149.00864
G1 X142.756 Y79.804 E149.21419
G1 X142.756 Y82.62 E149.30785
G0 F15000 X142.755 Y82.879
G0 X142.944 Y79.616
G0 X142.23 Y79.544
G0 X142.23 Y80.004
G1 F1426.5 X142.556 Y80.331 E149.3232
G0 F15000 X142.556 Y80.897
G1 F1426.5 X141.664 Y80.004 E149.36519
G0 F15000 X141.098 Y80.004
G1 F1426.5 X142.556 Y81.462 E149.43377
G0 F15000 X142.556 Y82.028
G1 F1426.5 X140.533 Y80.004 E149.52894
G0 F15000 X139.967 Y80.004
G1 F1426.5 X142.382 Y82.419 E149.64254
G0 F15000 X141.816 Y82.419
G1 F1426.5 X139.401 Y80.004 E149.75613
G0 F15000 X138.835 Y80.004
G1 F1426.5 X141.25 Y82.418 E149.8697
G0 F15000 X140.684 Y82.418
G1 F1426.5 X138.27 Y80.004 E149.98325
G0 F15000 X137.704 Y80.004
G1 F1426.5 X140.117 Y82.418 E150.09677
G0 F15000 X139.552 Y82.418
G1 F1426.5 X137.138 Y80.004 E150.21032
G0 F15000 X136.776 Y80.207
G1 F1426.5 X138.985 Y82.417 E150.31425
G0 F15000 X138.42 Y82.417
G1 F1426.5 X136.776 Y80.773 E150.39158
G0 F15000 X136.776 Y81.338
G1 F1426.5 X137.853 Y82.416 E150.44226
G0 F15000 X137.288 Y82.416
G1 F1426.5 X136.776 Y81.904 E150.46634
G0 F15000 X136.019 Y81.904
G1 F1500 E143.96634
;MESH:NONMESH
G0 F300 X136.019 Y81.904 Z4
G0 F15000 X129.549 Y81.938
G0 X128.466 Y82.963
G0 X126.094 Y82.975
G0 X126.094 Y81.938
;TIME_ELAPSED:297.473481
;LAYER:19
;note -- min layer time used
;TYPE:WALL-INNER
;MESH:WheelAdapter_v9.stl
G1 F1500 E150.46634
G1 F1749.4 X129.116 Y81.938 E150.5558
G0 F15000 X129.957 Y82.081
G0 X130.079 Y82.642
G1 F1556.9 X130.116 Y82.916 E150.565
G1 X130.116 Y86.536 E150.6854
G1 X143.116 Y86.536 E151.11778
G1 X143.116 Y82.664 E151.24656
G1 X143.014 Y82.058 E151.267
G1 X143.069 Y81.401 E151.28893
G1 X143.116 Y81.215 E151.29531
G1 X143.116 Y77.332 E151.42446
G1 X130.116 Y77.332 E151.85684
G1 X130.116 Y81.088 E151.98177
G1 X129.99 Y81.481 E151.99549
G1 X129.693 Y81.778 E152.00946
G1 F1647.5 X129.116 Y81.938 E152.02828
G1 X129.693 Y82.098 E152.0471
G1 F1556.9 X129.932 Y82.337 E152.05834
G1 X130.079 Y82.642 E152.06961
G0 F15000 X129.716 Y82.829
G1 F1556.9 X129.716 Y86.936 E152.20621
G1 X143.516 Y86.936 E152.66519
G1 X143.516 Y82.62 E152.80875
G1 X143.415 Y82.028 E152.82872
G1 X143.464 Y81.466 E152.84748
G1 X143.516 Y81.273 E152.85413
G1 X143.516 Y76.932 E152.99851
G1 X129.716 Y76.932 E153.4575
G1 X129.716 Y81.047 E153.59437
G1 X129.606 Y81.308 E153.60379
G1 X129.462 Y81.451 E153.61054
G1 X129.116 Y81.56 E153.6226
G1 X125.716 Y81.56 E153.73569
G1 X125.716 Y82.316 E153.76083
G1 X129.116 Y82.316 E153.87392
G1 X129.462 Y82.425 E153.88598
G1 X129.606 Y82.568 E153.89273
G1 X129.716 Y82.829 E153.90215
G0 F15000 X129.313 Y82.876
;TYPE:WALL-OUTER
G1 F1556.9 X129.316 Y87.336 E154.05049
G1 X143.916 Y87.336 E154.53609
G1 X143.916 Y82.567 E154.69471
G1 X143.898 Y82.508 E154.69676
G1 X143.82 Y81.987 E154.71428
G1 X143.858 Y81.531 E154.7295
G1 X143.916 Y81.331 E154.73643
G1 X143.916 Y76.532 E154.89604
G1 X129.316 Y76.532 E155.38164
G1 X129.313 Y81 E155.53025
G1 X129.232 Y81.124 E155.53517
G1 X129.116 Y81.16 E155.53921
G1 X125.316 Y81.16 E155.6656
G1 X125.316 Y82.716 E155.71736
G1 X129.116 Y82.716 E155.84374
G1 X129.232 Y82.752 E155.84778
G1 X129.313 Y82.876 E155.85271
G0 F15000 X129.629 Y82.876
G0 X130.196 Y86.049
;TYPE:FILL
G1 F1556.9 X141.546 Y83.008 E156.24353
G0 F15000 X141.545 Y83.227
G0 X139.688 Y83.227
G0 X139.689 Y83.007
G1 F1556.9 X143.036 Y86.354 E156.40096
G1 X142.903 Y86.457
G1 X143.036 Y85.958 E156.41814
G0 F15000 X136.391 Y83.154
G0 X136.319 Y79.858
G0 X136.539 Y79.858
G1 F1556.9 X134.094 Y77.412 E156.53316
G0 F15000 X132.903 Y77.412
G1 F1556.9 X130.479 Y86.456 E156.84459
G0 F15000 X142.944 Y83.156
G0 X142.913 Y82.062
G0 X142.65 Y82.072
;TYPE:SKIN
G1 F1556.9 X142.756 Y82.701 E156.8658
G1 X142.756 Y82.968 E156.87468
G1 X136.576 Y82.964 E157.08023
G1 X136.576 Y79.616 E157.19159
G1 X142.756 Y79.613 E157.39713
G1 X142.756 Y81.167 E157.44882
G1 X142.717 Y81.324 E157.4542
G1 X142.65 Y82.072 E157.47918
G0 F15000 X142.536 Y82.606
G1 F1556.9 X142.375 Y82.768 E157.48677
G0 F15000 X141.809 Y82.768
G1 F1556.9 X142.456 Y82.121 E157.51721
G0 F15000 X142.498 Y81.514
G1 F1556.9 X141.244 Y82.768 E157.57619
G0 F15000 X140.678 Y82.768
G1 F1556.9 X142.556 Y80.889 E157.66455
G0 F15000 X142.556 Y80.324
G1 F1556.9 X140.113 Y82.767 E157.77946
G0 F15000 X139.548 Y82.766
G1 F1556.9 X142.501 Y79.813 E157.91836
G0 F15000 X141.935 Y79.813
G1 F1556.9 X138.983 Y82.766 E158.05724
G0 F15000 X138.418 Y82.765
G1 F1556.9 X141.37 Y79.813 E158.19609
G0 F15000 X140.803 Y79.814
G1 F1556.9 X137.852 Y82.765 E158.3349
G0 F15000 X137.287 Y82.765
G1 F1556.9 X140.238 Y79.814 E158.4737
G0 F15000 X139.672 Y79.814
G1 F1556.9 X136.776 Y82.71 E158.60992
G0 F15000 X136.776 Y82.144
G1 F1556.9 X139.106 Y79.815 E158.71949
G0 F15000 X138.54 Y79.815
G1 F1556.9 X136.776 Y81.578 E158.80244
G0 F15000 X136.776 Y81.013
G1 F1556.9 X137.974 Y79.815 E158.85879
G0 F15000 X137.408 Y79.815
G1 F1556.9 X136.776 Y80.447 E158.88852
G0 F15000 X136.776 Y79.881
G1 F1556.9 X136.842 Y79.815 E158.89163
G0 F15000 X136.842 Y79.055
;MESH:NONMESH
G0 F300 X136.842 Y79.055 Z4.2
G0 F15000 X130.116 Y83.059
;TIME_ELAPSED:311.505761
;LAYER:20
;note -- min layer time used
;TYPE:WALL-INNER
;MESH:WheelAdapter_v9.stl
G1 F1639.6 X130.116 Y86.652 E159.01113
G1 X143.116 Y86.652 E159.44351
G1 X143.116 Y83.187 E159.55876
G1 X143.012 Y82.92 E159.56829
G1 X142.852 Y82.446 E159.58493
G1 X142.827 Y81.572 E159.61401
G1 X143.044 Y80.837 E159.6395
G1 X143.116 Y80.664 E159.64573
G1 X143.116 Y77.216 E159.76041
G1 X130.116 Y77.216 E160.19279
G1 X130.116 Y80.793 E160.31177
G1 X129.966 Y81.157 E160.32486
G1 X129.847 Y81.311 E160.33133
G1 X129.589 Y81.51 E160.34217
G1 F1460.6 X129.116 Y81.677 E160.3609
G1 F1316.9 X126.165 Y81.677 E160.48309
G1 X126.165 Y82.175 E160.50372
G1 X129.116 Y82.175 E160.62591
G1 F1460.6 X129.589 Y82.342 E160.64464
G1 F1639.6 X129.847 Y82.541 E160.65548
G1 X129.966 Y82.695 E160.66195
G1 X130.116 Y83.059 E160.67505
G0 F15000 X129.716 Y83.124
G1 F1639.6 X129.716 Y87.052 E160.80569
G1 X143.516 Y87.052 E161.26468
G1 X143.516 Y83.111 E161.39576
G1 X143.391 Y82.792 E161.40716
G1 X143.256 Y82.369 E161.42192
G1 X143.229 Y81.627 E161.44662
G1 X143.428 Y80.95 E161.47009
G1 X143.516 Y80.76 E161.47705
G1 X143.516 Y76.816 E161.60823
G1 X129.716 Y76.816 E162.06722
G1 X129.716 Y80.729 E162.19737
G1 X129.626 Y80.945 E162.20515
G1 X129.4 Y81.157 E162.21546
G1 X129.116 Y81.228 E162.22519
G1 X125.716 Y81.228 E162.33828
G1 X125.716 Y82.624 E162.38471
G1 X129.116 Y82.624 E162.49779
G1 X129.4 Y82.695 E162.50753
G1 X129.626 Y82.907 E162.51784
G1 X129.716 Y83.124 E162.52565
G0 F15000 X129.316 Y83.158
;TYPE:WALL-OUTER
G1 F1639.6 X129.316 Y87.452 E162.66847
G1 X143.916 Y87.452 E163.15407
G1 X143.916 Y83.026 E163.30128
G1 X143.77 Y82.664 E163.31426
G1 X143.65 Y82.302 E163.32694
G1 X143.633 Y81.68 E163.34764
G1 X143.827 Y81.025 E163.37036
G1 X143.916 Y80.861 E163.37657
G1 X143.916 Y76.416 E163.52441
G1 X129.316 Y76.416 E164.01001
G1 X129.316 Y80.694 E164.15229
G1 X129.189 Y80.828 E164.15843
G1 X125.316 Y80.828 E164.28725
G1 X125.316 Y83.024 E164.36029
G1 X129.189 Y83.024 E164.4891
G1 X129.316 Y83.158 E164.49525
G0 F15000 X129.629 Y83.158
G0 X130.196 Y86.195
;TYPE:FILL
G1 F1639.6 X140.801 Y83.353 E164.86042
G0 F15000 X140.234 Y83.353
G1 F1639.6 X143.036 Y86.155 E164.99221
G0 F15000 X142.726 Y86.573
G1 F1639.6 X143.036 Y85.414 E165.03212
G0 F15000 X136.391 Y83.5
G0 X136.319 Y79.658
G0 X136.539 Y79.658
G1 F1639.6 X134.177 Y77.296 E165.14322
G0 F15000 X132.788 Y77.296
G1 F1639.6 X130.302 Y86.573 E165.46266
G0 F15000 X130.419 Y82.328
G0 X130.157 Y82.328
;TYPE:SKIN
G1 F1647.8 X129.786 Y82.042 E165.47816
G1 X129.523 Y81.924 E165.4877
G1 X129.742 Y81.832 E165.49556
G1 X130.157 Y81.522 E165.5127
G1 X130.157 Y82.328 E165.53938
G0 F15000 X130.419 Y82.328
G0 X136.391 Y83.5
G0 X142.944 Y83.502
G0 X142.751 Y82.465
G0 X142.493 Y82.508
G1 F1639.6 X142.756 Y83.312 E165.56751
G1 X136.576 Y83.312 E165.77306
G1 X136.576 Y79.468 E165.90091
G1 X142.756 Y79.468 E166.10646
G1 X142.756 Y80.594 E166.14391
G1 X142.699 Y80.723 E166.1486
G1 X142.469 Y81.507 E166.17578
G1 X142.493 Y82.508 E166.20908
G0 F15000 X142.751 Y82.465
G0 X142.955 Y80.634
G0 X142.944 Y79.28
G0 X142.459 Y79.208
G0 X142.459 Y79.668
G1 F1639.6 X142.556 Y79.765 E166.21364
G0 F15000 X142.556 Y80.331
G1 F1639.6 X141.894 Y79.668 E166.2448
G0 F15000 X141.328 Y79.668
G1 F1639.6 X142.467 Y80.807 E166.29838
G0 F15000 X142.339 Y81.245
G1 F1639.6 X140.762 Y79.668 E166.37256
G0 F15000 X140.197 Y79.668
G1 F1639.6 X142.274 Y81.746 E166.47028
G0 F15000 X142.289 Y82.326
G1 F1639.6 X139.631 Y79.668 E166.5953
G0 F15000 X139.065 Y79.668
G1 F1639.6 X142.475 Y83.078 E166.7557
G0 F15000 X141.943 Y83.112
G1 F1639.6 X138.5 Y79.668 E166.91767
G0 F15000 X137.934 Y79.668
G1 F1639.6 X141.378 Y83.112 E167.07966
G0 F15000 X140.812 Y83.112
G1 F1639.6 X137.368 Y79.668 E167.24166
G0 F15000 X136.803 Y79.668
G1 F1639.6 X140.246 Y83.112 E167.40363
G0 F15000 X139.68 Y83.112
G1 F1639.6 X136.776 Y80.207 E167.54025
G0 F15000 X136.776 Y80.773
G1 F1639.6 X139.115 Y83.112 E167.65027
G0 F15000 X138.549 Y83.112
G1 F1639.6 X136.776 Y81.338 E167.73369
G0 F15000 X136.776 Y81.904
G1 F1639.6 X137.983 Y83.112 E167.79049
G0 F15000 X137.418 Y83.112
G1 F1639.6 X136.776 Y82.47 E167.82068
G0 F15000 X136.776 Y83.036
G1 F1639.6 X136.852 Y83.112 E167.82426
G0 F15000 X136.851 Y83.872
;MESH:NONMESH
G0 F300 X136.851 Y83.872 Z4.4
G0 F15000 X130.284 Y83.615
G0 X130.029 Y82.984
G0 X129.996 Y82.984
;TIME_ELAPSED:325.846485
;LAYER:21
;note -- min layer time used
;TYPE:WALL-INNER
;MESH:WheelAdapter_v9.stl
G1 F1721.6 X130.116 Y83.361 E167.83742
G1 X130.116 Y86.768 E167.95073
G1 X143.116 Y86.768 E168.38312
G1 X143.116 Y83.517 E168.49124
G1 X142.925 Y83.176 E168.50424
G1 X142.653 Y82.415 E168.53112
G1 X142.627 Y81.539 E168.56027
G1 X142.876 Y80.796 E168.58634
G1 X143.116 Y80.347 E168.60327
G1 X143.116 Y77.1 E168.71126
G1 X130.116 Y77.1 E169.14365
G1 X130.116 Y80.513 E169.25716
G1 X130.034 Y80.814 E169.26754
G1 X129.795 Y81.151 E169.28128
G1 X129.536 Y81.324 E169.29164
G1 X129.116 Y81.416 E169.30594
G1 X126.116 Y81.416 E169.40572
G1 X126.116 Y82.46 E169.44044
G1 X129.116 Y82.46 E169.54022
G1 X129.536 Y82.552 E169.55453
G1 X129.795 Y82.725 E169.56488
G1 X129.996 Y82.984 E169.57579
G0 F15000 X129.711 Y83.375
G1 F1721.6 X129.716 Y87.168 E169.70194
G1 X143.516 Y87.168 E170.16093
G1 X143.516 Y83.407 E170.28603
G1 X143.295 Y83.026 E170.30068
G1 X143.058 Y82.363 E170.32409
G1 X143.028 Y81.605 E170.34932
G1 X143.229 Y80.979 E170.37119
G1 X143.516 Y80.448 E170.39127
G1 X143.516 Y76.7 E170.51593
G1 X129.716 Y76.7 E170.97492
G1 X129.711 Y80.501 E171.10134
G1 X129.644 Y80.702 E171.10839
G1 X129.524 Y80.857 E171.11491
G1 X129.368 Y80.961 E171.12114
G1 X129.116 Y81.016 E171.12972
G1 X125.716 Y81.016 E171.2428
G1 X125.716 Y82.86 E171.30414
G1 X129.116 Y82.86 E171.41722
G1 X129.368 Y82.915 E171.4258
G1 X129.524 Y83.019 E171.43204
G1 X129.667 Y83.221 E171.44027
G1 X129.711 Y83.375 E171.44559
G0 F15000 X129.315 Y83.431
;TYPE:WALL-OUTER
G1 F1721.6 X129.316 Y87.568 E171.58319
G1 X143.916 Y87.568 E172.06879
G1 X143.916 Y83.296 E172.21088
G1 X143.663 Y82.868 E172.22741
G1 X143.449 Y82.268 E172.2486
G1 X143.433 Y81.662 E172.26876
G1 X143.607 Y81.121 E172.28766
G1 X143.916 Y80.56 E172.30897
G1 X143.916 Y76.3 E172.45065
G1 X129.316 Y76.3 E172.93625
G1 X129.315 Y80.445 E173.07412
G1 X129.279 Y80.533 E173.07728
G1 X129.178 Y80.616 E173.08163
G1 X125.316 Y80.616 E173.21008
G1 X125.316 Y83.26 E173.29802
G1 X129.116 Y83.26 E173.42441
G1 X129.252 Y83.313 E173.42926
G1 X129.315 Y83.431 E173.43371
G0 F15000 X129.629 Y83.431
G0 X130.196 Y86.342
;TYPE:FILL
G1 F1721.6 X140.06 Y83.699 E173.77336
G0 F15000 X140.781 Y83.699
G1 F1721.6 X143.036 Y85.954 E173.87943
G0 F15000 X142.547 Y86.689
G1 F1721.6 X143.036 Y84.866 E173.9422
G0 F15000 X136.391 Y83.847
G0 X136.319 Y79.458
G0 X136.539 Y79.458
G1 F1721.6 X134.262 Y77.18 E174.04933
G0 F15000 X132.672 Y77.18
G1 F1721.6 X130.196 Y86.421 E174.36753
G0 F15000 X129.957 Y82.625
G0 X129.099 Y82.357
G0 X129.151 Y82.119
;TYPE:SKIN
G1 F1881.5 X126.457 Y82.119 E174.44952
G1 F1902.3 X126.457 Y81.757 E174.46041
G1 F1881.5 X129.151 Y81.757 E174.5424
G1 F1687.8 X129.732 Y81.693 E174.56223
G1 F1480.9 X130.095 Y81.456 E174.57899
G1 F1369.1 X130.095 Y82.421 E174.61935
G1 F1319.2 X129.719 Y82.17 E174.63897
G1 F1544 X129.151 Y82.119 E174.66012
G0 F15000 X129.099 Y82.357
G0 X129.905 Y82.608
G0 X130.182 Y82.998
G0 X130.284 Y83.948
G0 X142.944 Y83.847
G0 X142.564 Y82.418
G0 X142.293 Y82.488
G1 F1721.6 X142.587 Y83.304 E174.68897
G1 X142.778 Y83.656 E174.70229
G1 X136.576 Y83.656 E174.90857
G1 X136.576 Y79.352 E175.05172
G1 X142.756 Y79.352 E175.25727
G1 X142.756 Y80.253 E175.28724
G1 X142.517 Y80.705 E175.30424
G1 X142.406 Y81.047 E175.3162
G1 X142.389 Y81.058 E175.31688
G1 X142.264 Y81.588 E175.33499
G1 X142.293 Y82.488 E175.36494
G0 F15000 X142.382 Y83.326
G1 F1721.6 X142.253 Y83.456 E175.37103
G0 F15000 X142.232 Y82.91
G1 F1721.6 X141.687 Y83.456 E175.39669
G0 F15000 X141.122 Y83.456
G1 F1721.6 X142.092 Y82.485 E175.44234
G0 F15000 X142.075 Y81.937
G1 F1721.6 X140.556 Y83.456 E175.51379
G0 F15000 X139.99 Y83.456
G1 F1721.6 X142.114 Y81.332 E175.61369
G0 F15000 X142.424 Y80.456
G1 F1721.6 X139.424 Y83.456 E175.7548
G0 F15000 X138.858 Y83.456
G1 F1721.6 X142.556 Y79.759 E175.92872
G0 F15000 X142.197 Y79.552
G1 F1721.6 X138.292 Y83.456 E176.11238
G0 F15000 X137.727 Y83.456
G1 F1721.6 X141.631 Y79.552 E176.29601
G0 F15000 X141.066 Y79.552
G1 F1721.6 X137.161 Y83.456 E176.47967
G0 F15000 X136.776 Y83.275
G1 F1721.6 X140.5 Y79.552 E176.65481
G0 F15000 X139.934 Y79.552
G1 F1721.6 X136.776 Y82.71 E176.80335
G0 F15000 X136.776 Y82.144
G1 F1721.6 X139.369 Y79.552 E176.92529
G0 F15000 X138.803 Y79.552
G1 F1721.6 X136.776 Y81.578 E177.02061
G0 F15000 X136.776 Y81.013
G1 F1721.6 X138.237 Y79.552 E177.08933
G0 F15000 X137.672 Y79.552
G1 F1721.6 X136.776 Y80.447 E177.13146
G0 F15000 X136.776 Y79.881
G1 F1721.6 X137.106 Y79.552 E177.14695
G0 F15000 X137.106 Y78.793
;MESH:NONMESH
G0 F300 X137.106 Y78.793 Z4.6
G0 F15000 X136.391 Y79.166
G0 X130.341 Y83.958
G0 X130.065 Y83.309
;TIME_ELAPSED:340.466977
;LAYER:22
;note -- min layer time used
;TYPE:WALL-INNER
;MESH:WheelAdapter_v9.stl
G1 F1663.8 X130.116 Y83.583 E177.15622
G1 X130.116 Y86.884 E177.26602
G1 X143.116 Y86.884 E177.6984
G1 X143.116 Y83.769 E177.802
G1 X142.719 Y83.127 E177.82711
G1 X142.521 Y82.58 E177.84646
G1 X137.615 Y82.577 E178.00963
G1 X137.362 Y82.544 E178.01812
G1 X137.133 Y82.453 E178.02631
G1 X136.945 Y82.318 E178.03401
G1 X136.706 Y81.993 E178.04743
G1 X136.616 Y81.688 E178.05801
G1 X136.618 Y80.734 E178.08974
G1 X136.677 Y80.497 E178.09786
G1 X136.794 Y80.272 E178.10629
G1 X136.994 Y80.06 E178.11599
G1 X137.277 Y79.902 E178.12677
G1 X137.616 Y79.844 E178.13821
G1 X143.116 Y79.844 E178.32114
G1 X143.116 Y76.988 E178.41613
G1 X130.116 Y76.988 E178.84851
G1 X130.114 Y80.307 E178.9589
G1 X130.068 Y80.541 E178.96683
G1 X129.965 Y80.761 E178.97491
G1 X129.743 Y81.012 E178.98606
G1 X129.49 Y81.16 E178.99581
G1 X129.116 Y81.232 E179.00847
G1 X126.116 Y81.235 E179.10826
G1 X126.116 Y82.628 E179.15459
G1 X129.116 Y82.628 E179.25437
G1 X129.49 Y82.7 E179.26703
G1 X129.743 Y82.848 E179.27678
G1 X129.886 Y82.989 E179.28346
G1 X130.065 Y83.309 E179.29566
G0 F15000 X129.671 Y83.397
G1 F1663.8 X129.716 Y83.601 E179.30261
G1 X129.716 Y87.284 E179.4251
G1 X143.516 Y87.284 E179.88409
G1 X143.516 Y83.645 E180.00513
G1 X143.081 Y82.953 E180.03231
G1 X142.879 Y82.392 E180.05214
G1 X142.843 Y82.18 E180.0593
G1 X137.501 Y82.177 E180.23697
G1 X137.213 Y82.021 E180.24787
G1 X137.07 Y81.826 E180.25591
G1 X137.017 Y81.624 E180.26285
G1 X137.021 Y80.761 E180.29156
G1 X137.123 Y80.501 E180.30085
G1 X137.243 Y80.373 E180.30668
G1 X137.413 Y80.279 E180.31314
G1 X137.616 Y80.244 E180.32
G1 X143.512 Y80.244 E180.5161
G1 X143.516 Y76.588 E180.6377
G1 X129.716 Y76.588 E181.09669
G1 X129.715 Y80.312 E181.22055
G1 X129.578 Y80.616 E181.23164
G1 X129.34 Y80.789 E181.24142
G1 X129.116 Y80.832 E181.24901
G1 X125.716 Y80.836 E181.36209
G1 X125.716 Y83.028 E181.435
G1 X129.116 Y83.028 E181.54809
G1 X129.34 Y83.071 E181.55567
G1 X129.578 Y83.244 E181.56546
G1 X129.671 Y83.397 E181.57141
G0 F15000 X129.312 Y83.584
;TYPE:WALL-OUTER
G1 F1663.8 X129.316 Y87.684 E181.70778
G1 X143.916 Y87.684 E182.19338
G1 X143.916 Y83.503 E182.33244
G1 X143.809 Y83.37 E182.33812
G1 X143.453 Y82.794 E182.36064
G1 X143.245 Y82.229 E182.38066
G1 X143.23 Y81.78 E182.3956
G1 X137.542 Y81.777 E182.58479
G1 X137.416 Y81.64 E182.59098
G1 X137.417 Y80.816 E182.61839
G1 X137.451 Y80.729 E182.62149
G1 X137.562 Y80.644 E182.62614
G1 X143.717 Y80.644 E182.83086
G1 X143.916 Y80.367 E182.8422
G1 X143.916 Y76.188 E182.9812
G1 X129.316 Y76.188 E183.46679
G1 X129.314 Y80.267 E183.60246
G1 X129.174 Y80.432 E183.60966
G1 X125.316 Y80.436 E183.73798
G1 X125.316 Y83.428 E183.83749
G1 X129.174 Y83.428 E183.96581
G1 X129.312 Y83.584 E183.97274
G0 F15000 X129.629 Y83.584
G0 X130.196 Y85.876
;TYPE:FILL
G1 F1663.8 X132.556 Y77.068 E184.27603
G0 F15000 X134.35 Y77.068
G1 F1663.8 X137.16 Y79.878 E184.4082
G0 F15000 X136.781 Y80.006
G0 X136.415 Y81.633
G0 X136.391 Y84.193
G0 X139.313 Y84.265
G0 X139.313 Y84.045
G1 F1663.8 X130.196 Y86.488 E184.72213
G0 F15000 X141.327 Y84.265
G0 X141.327 Y84.045
G1 F1663.8 X143.036 Y85.755 E184.80254
G0 F15000 X142.37 Y86.805
G1 F1663.8 X143.036 Y84.321 E184.88808
G0 F15000 X142.954 Y83.816
G0 X142.404 Y82.748
G0 X137.627 Y82.678
G0 X137.593 Y82.935
;TYPE:SKIN
G1 F1663.8 X142.267 Y82.94 E185.04353
G1 X142.383 Y83.264 E185.05498
G1 X142.756 Y83.87 E185.07865
G1 X142.756 Y84.004 E185.0831
G1 X136.577 Y84.003 E185.28862
G1 X136.575 Y82.44 E185.3406
G1 X136.686 Y82.566 E185.34619
G1 X136.982 Y82.779 E185.35832
G1 X137.273 Y82.891 E185.36869
G1 X137.593 Y82.935 E185.37943
G0 F15000 X137.567 Y83.466
G1 F1294.8 X137.174 Y83.62 E185.39747
G1 F1843.6 X136.957 Y83.619 E185.40399
G1 F1833.4 X136.957 Y83.176 E185.41736
G1 F1843.6 X137.199 Y83.262 E185.42507
G1 F1294.8 X137.567 Y83.466 E185.44305
G1 F999.3 X141.892 Y83.472 E185.68256
G1 F1500 E179.18256
G0 F15000 X136.419 Y83.472
G0 X130.284 Y84.116
G0 X129.112 Y82.528
G0 X129.112 Y82.199
G1 F1500 E185.68256
G1 F1237.1 X126.545 Y82.199 E185.79739
G1 X126.545 Y81.661 E185.82146
G1 F1320.5 X129.09 Y81.661 E185.92812
G1 F1533.5 X129.647 Y81.481 E185.94924
G1 F1663.8 X129.972 Y81.288 E185.96181
G1 X130.156 Y81.066 E185.9714
G1 X130.156 Y82.755 E186.02758
G1 X129.943 Y82.551 E186.03739
G1 X129.647 Y82.375 E186.04884
G1 F1419.1 X129.112 Y82.199 E186.07081
G0 F15000 X129.773 Y81.926
G1 F1363.8 X129.743 Y81.979 E186.07328
G1 X129.682 Y81.979 E186.07575
G1 X129.651 Y81.926 E186.07824
G1 X129.681 Y81.873 E186.08072
G1 X129.742 Y81.873 E186.08319
G1 X129.773 Y81.926 E186.08568
G0 F15000 X130.719 Y81.926
;MESH:NONMESH
G0 F300 X130.719 Y81.926 Z4.8
G0 F15000 X130.343 Y84.125
G0 X130.072 Y83.471
;TIME_ELAPSED:354.393695
;LAYER:23
;note -- min layer time used
;TYPE:WALL-INNER
;MESH:WheelAdapter_v9.stl
G1 F1541.3 X130.116 Y83.726 E186.09429
G1 X130.116 Y86.996 E186.20305
G1 X143.116 Y86.999 E186.63543
G1 X143.116 Y83.948 E186.73691
G1 X142.946 Y83.729 E186.74613
G1 X142.55 Y83.113 E186.77049
G1 X142.457 Y82.928 E186.77737
G1 X137.615 Y82.925 E186.93842
G1 X137.351 Y82.889 E186.94728
G1 X137.113 Y82.789 E186.95587
G1 X136.921 Y82.644 E186.96387
G1 X136.78 Y82.475 E186.97119
G1 X136.66 Y82.221 E186.98053
G1 X136.616 Y82.011 E186.98767
G1 X136.623 Y80.534 E187.0368
G1 X136.672 Y80.323 E187.044
G1 X136.787 Y80.095 E187.05249
G1 X136.986 Y79.878 E187.06229
G1 X137.272 Y79.716 E187.07322
G1 X137.495 Y79.656 E187.0809
G1 X143.116 Y79.652 E187.26785
G1 X143.116 Y76.872 E187.36032
G1 X130.116 Y76.872 E187.7927
G1 X130.114 Y80.173 E187.90249
G1 X130.079 Y80.378 E187.90941
G1 X129.944 Y80.666 E187.91999
G1 X129.71 Y80.909 E187.93121
G1 X129.463 Y81.043 E187.94055
G1 X129.114 Y81.104 E187.95234
G1 X126.116 Y81.104 E188.05205
G1 X126.116 Y82.771 E188.1075
G1 X129.114 Y82.768 E188.20721
G1 X129.463 Y82.829 E188.21899
G1 X129.71 Y82.963 E188.22834
G1 X129.944 Y83.206 E188.23956
G1 X130.072 Y83.471 E188.24935
G0 F15000 X129.712 Y83.692
G1 F1541.3 X129.716 Y87.396 E188.37254
G1 X143.516 Y87.399 E188.83153
G1 X143.516 Y83.808 E188.95097
G1 X143.283 Y83.513 E188.96347
G1 X142.853 Y82.844 E188.98993
G1 X142.734 Y82.528 E189.00116
G1 X137.615 Y82.525 E189.17141
G1 X137.314 Y82.443 E189.18179
G1 X137.114 Y82.255 E189.19092
G1 X137.02 Y82 E189.19996
G1 X137.02 Y80.583 E189.24709
G1 X137.118 Y80.319 E189.25646
G1 X137.238 Y80.189 E189.26234
G1 X137.541 Y80.056 E189.27335
G1 X143.516 Y80.052 E189.47207
G1 X143.516 Y76.472 E189.59115
G1 X129.716 Y76.472 E190.05014
G1 X129.715 Y80.146 E190.17233
G1 X129.644 Y80.391 E190.18082
G1 X129.473 Y80.587 E190.18947
G1 X129.324 Y80.667 E190.19509
G1 X129.114 Y80.704 E190.20219
G1 X125.716 Y80.704 E190.3152
G1 X125.716 Y83.171 E190.39726
G1 X129.115 Y83.168 E190.51031
G1 X129.324 Y83.205 E190.51737
G1 X129.562 Y83.365 E190.52691
G1 X129.663 Y83.52 E190.53306
G1 X129.712 Y83.692 E190.53901
G0 F15000 X129.315 Y83.742
;TYPE:WALL-OUTER
G1 F1541.3 X129.316 Y87.796 E190.67384
G1 X143.916 Y87.799 E191.15944
G1 X143.916 Y83.667 E191.29687
G1 X143.619 Y83.297 E191.31265
G1 X143.204 Y82.643 E191.33842
G1 X143.011 Y82.128 E191.35671
G1 X137.615 Y82.125 E191.53618
G1 X137.515 Y82.097 E191.53963
G1 X137.417 Y81.95 E191.54551
G1 X137.417 Y80.631 E191.58938
G1 X137.49 Y80.5 E191.59437
G1 X137.581 Y80.458 E191.5977
G1 X143.723 Y80.452 E191.80198
G1 X143.916 Y80.21 E191.81228
G1 X143.916 Y76.072 E191.94991
G1 X129.316 Y76.072 E192.43551
G1 X129.314 Y80.139 E192.57078
G1 X129.265 Y80.239 E192.57448
G1 X129.168 Y80.304 E192.57837
G1 X125.316 Y80.304 E192.70648
G1 X125.316 Y83.571 E192.81514
G1 X129.168 Y83.568 E192.94326
G1 X129.265 Y83.633 E192.94715
G1 X129.315 Y83.742 E192.95113
G0 F15000 X129.629 Y83.742
G0 X130.196 Y85.328
;TYPE:FILL
G1 F1541.3 X132.44 Y76.951 E193.23958
G0 F15000 X134.434 Y76.952
G1 F1541.3 X137.167 Y79.685 E193.36813
G0 F15000 X136.781 Y79.818
G0 X136.416 Y82.009
G0 X136.391 Y84.539
G0 X138.57 Y84.611
G0 X138.571 Y84.391
G1 F1541.3 X130.196 Y86.635 E193.65651
G0 F15000 X141.873 Y84.611
G0 X141.874 Y84.392
G1 F1541.3 X143.036 Y85.554 E193.71117
G0 F15000 X143.016 Y84.391
G0 X142.87 Y84.391
G1 F1541.3 X142.193 Y86.919 E193.79821
G0 F15000 X136.391 Y84.539
G0 X136.416 Y82.009
G0 X136.809 Y82.76
G0 X137.621 Y83.026
G0 X137.594 Y83.283
;TYPE:SKIN
G1 F1541.3 X142.234 Y83.288 E193.95254
G1 X142.644 Y83.921 E193.97762
G1 X142.756 Y84.068 E193.98377
G1 X142.756 Y84.352 E193.99321
G1 X136.576 Y84.348 E194.19876
G1 X136.576 Y82.79 E194.25058
G1 X136.686 Y82.916 E194.25614
G1 X136.906 Y83.084 E194.26535
G1 X137.263 Y83.24 E194.27831
G1 X137.594 Y83.283 E194.28941
G0 F15000 X137.563 Y83.814
G1 F1204.2 X137.175 Y83.97 E194.30721
G1 F1717.4 X136.953 Y83.968 E194.31384
G1 F1707.8 X136.955 Y83.521 E194.32726
G1 F1717.4 X137.197 Y83.614 E194.335
G1 F1204.2 X137.563 Y83.814 E194.35275
G1 F925.7 X141.944 Y83.82 E194.59537
G0 F15000 X141.943 Y84.911
;MESH:NONMESH
G0 F300 X141.943 Y84.911 Z5
G0 F15000 X136.391 Y84.539
G0 X130.116 Y83.724
;TIME_ELAPSED:367.483149
;LAYER:24
;note -- min layer time used
;TYPE:WALL-INNER
;MESH:WheelAdapter_v9.stl
G1 F1532.1 X130.116 Y87.112 E194.70805
G1 X143.116 Y87.116 E195.14043
G1 X143.116 Y84.077 E195.24151
G1 X142.683 Y83.562 E195.26389
G1 X142.496 Y83.271 E195.27539
G1 X137.616 Y83.272 E195.4377
G1 X137.339 Y83.234 E195.447
G1 X137.093 Y83.125 E195.45595
G1 X136.897 Y82.968 E195.46431
G1 X136.673 Y82.607 E195.47844
G1 X136.62 Y82.371 E195.48648
G1 X136.622 Y80.393 E195.55227
G1 X136.67 Y80.181 E195.5595
G1 X136.784 Y79.952 E195.56801
G1 X136.983 Y79.733 E195.57785
G1 X137.27 Y79.569 E195.58884
G1 X137.499 Y79.508 E195.59673
G1 X143.116 Y79.508 E195.78355
G1 X143.116 Y76.756 E195.87508
G1 X130.116 Y76.756 E196.30746
G1 X130.114 Y80.053 E196.41712
G1 X130.017 Y80.423 E196.42984
G1 X129.836 Y80.683 E196.44038
G1 X129.685 Y80.811 E196.44696
G1 X129.444 Y80.934 E196.45596
G1 X129.116 Y80.988 E196.46702
G1 X126.116 Y80.988 E196.5668
G1 X126.116 Y82.872 E196.62946
G1 X129.116 Y82.872 E196.72924
G1 X129.444 Y82.926 E196.7403
G1 X129.685 Y83.049 E196.7493
G1 X129.982 Y83.371 E196.76387
G1 X130.116 Y83.724 E196.77642
G0 F15000 X129.713 Y83.812
G1 F1532.1 X129.716 Y87.512 E196.89949
G1 X143.516 Y87.516 E197.35848
G1 X143.516 Y83.937 E197.47751
G1 X142.983 Y83.29 E197.5054
G1 X142.714 Y82.871 E197.52196
G1 X137.487 Y82.872 E197.69581
G1 X137.185 Y82.69 E197.70754
G1 X137.05 Y82.473 E197.71604
G1 X137.018 Y82.332 E197.72084
G1 X137.019 Y80.439 E197.78381
G1 X137.117 Y80.174 E197.7932
G1 X137.236 Y80.043 E197.79909
G1 X137.408 Y79.944 E197.80569
G1 X137.616 Y79.908 E197.81271
G1 X143.516 Y79.908 E198.00895
G1 X143.516 Y76.356 E198.12709
G1 X129.716 Y76.356 E198.58608
G1 X129.715 Y80.027 E198.70817
G1 X129.657 Y80.249 E198.71581
G1 X129.548 Y80.405 E198.72213
G1 X129.313 Y80.556 E198.73143
G1 X129.116 Y80.588 E198.73806
G1 X125.716 Y80.588 E198.85115
G1 X125.716 Y83.272 E198.94042
G1 X129.116 Y83.272 E199.0535
G1 X129.313 Y83.304 E199.06014
G1 X129.458 Y83.378 E199.06556
G1 X129.636 Y83.571 E199.07429
G1 X129.713 Y83.812 E199.0827
G0 F15000 X129.316 Y83.833
;TYPE:WALL-OUTER
G1 F1532.1 X129.316 Y87.912 E199.21837
G1 X143.916 Y87.916 E199.70397
G1 X143.916 Y83.798 E199.84093
G1 X143.592 Y83.392 E199.85821
G1 X143.319 Y83.073 E199.87218
G1 X142.935 Y82.472 E199.8959
G1 X137.576 Y82.472 E200.07414
G1 X137.472 Y82.412 E200.07813
G1 X137.416 Y82.292 E200.08254
G1 X137.417 Y80.485 E200.14264
G1 X137.449 Y80.396 E200.14578
G1 X137.561 Y80.308 E200.15052
G1 X143.724 Y80.308 E200.3555
G1 X143.916 Y80.085 E200.36529
G1 X143.916 Y75.956 E200.50262
G1 X129.316 Y75.956 E200.98822
G1 X129.314 Y80.023 E201.12349
G1 X129.279 Y80.106 E201.12648
G1 X129.169 Y80.188 E201.13105
G1 X125.316 Y80.188 E201.2592
G1 X125.316 Y83.672 E201.37508
G1 X129.169 Y83.672 E201.50323
G1 X129.316 Y83.833 E201.51048
G0 F15000 X129.629 Y83.833
G0 X130.192 Y84.799
;TYPE:FILL
G1 F1532.1 X132.325 Y76.835 E201.7847
G0 F15000 X134.518 Y76.836
G1 F1532.1 X137.201 Y79.519 E201.9109
G0 F15000 X136.781 Y79.67
G0 X136.414 Y82.385
G0 X136.391 Y84.859
G0 X137.922 Y84.931
G0 X137.922 Y84.711
G1 F1532.1 X130.196 Y86.781 E202.17693
G0 F15000 X142.015 Y87.036
G1 F1532.1 X142.639 Y84.71 E202.25703
G0 F15000 X142.392 Y84.711
G1 F1532.1 X143.036 Y85.354 E202.2873
G0 F15000 X142.953 Y84.133
G0 X142.405 Y83.436
G0 X137.627 Y83.373
G0 X137.591 Y83.631
;TYPE:SKIN
G1 F1532.1 X142.3 Y83.628 E202.44392
G1 X142.448 Y83.839 E202.45249
G1 X142.756 Y84.206 E202.46843
G1 X142.756 Y84.668 E202.48379
G1 X136.577 Y84.667 E202.68931
G1 X136.577 Y83.172 E202.73903
G1 X136.926 Y83.444 E202.75375
G1 X137.245 Y83.58 E202.76528
G1 X137.591 Y83.631 E202.77691
G0 F15000 X137.126 Y84.115
G1 F916 X137.511 Y84.144 E202.79839
G1 F957.5 X142.027 Y84.148 E203.03872
G1 F1500 E196.53872
;MESH:NONMESH
G0 F300 X142.027 Y84.148 Z5.2
G0 F15000 X142.027 Y83.471
G0 X137.358 Y83.336
G0 X137.325 Y83.574
;TIME_ELAPSED:380.426034
;LAYER:25
;note -- min layer time used
;TYPE:WALL-INNER
;MESH:WheelAdapter_v9.stl
G1 F1500 E203.03872
G1 F1451.7 X137.071 Y83.455 E203.04804
G1 X136.873 Y83.287 E203.05668
G1 X136.738 Y83.097 E203.06443
G1 X136.618 Y82.687 E203.07864
G1 X136.622 Y80.277 E203.1588
G1 X136.67 Y80.065 E203.16603
G1 X136.784 Y79.836 E203.17454
G1 X136.983 Y79.617 E203.18438
G1 X137.27 Y79.453 E203.19537
G1 X137.499 Y79.392 E203.20326
G1 X143.116 Y79.392 E203.39008
G1 X143.116 Y76.64 E203.48161
G1 X130.116 Y76.64 E203.91399
G1 X130.115 Y79.972 E204.02481
G1 X130.009 Y80.367 E204.03842
G1 X129.82 Y80.627 E204.04911
G1 X129.668 Y80.751 E204.05563
G1 X129.43 Y80.866 E204.06442
G1 X129.116 Y80.916 E204.075
G1 X126.116 Y80.916 E204.17478
G1 X126.116 Y82.964 E204.2429
G1 X129.116 Y82.964 E204.34268
G1 X129.43 Y83.014 E204.35325
G1 X129.668 Y83.129 E204.36204
G1 X129.914 Y83.36 E204.37327
G1 X130.067 Y83.654 E204.38429
G1 X130.114 Y83.893 E204.39239
G1 X130.116 Y87.228 E204.50331
G1 X143.116 Y87.228 E204.9357
G1 X143.116 Y84.195 E205.03657
G1 X142.614 Y83.616 E205.06206
G1 X137.616 Y83.616 E205.2283
G1 X137.325 Y83.574 E205.23808
G0 F15000 X130.029 Y83.921
G0 X129.715 Y83.921
G1 F1451.7 X129.716 Y87.628 E205.36137
G1 X143.516 Y87.628 E205.82036
G1 X143.516 Y84.052 E205.9393
G1 X142.802 Y83.216 E205.97587
G1 X137.495 Y83.216 E206.15238
G1 X137.289 Y83.12 E206.15994
G1 X137.089 Y82.905 E206.1697
G1 X137.017 Y82.659 E206.17823
G1 X137.019 Y80.323 E206.25592
G1 X137.117 Y80.058 E206.26532
G1 X137.236 Y79.927 E206.27121
G1 X137.408 Y79.828 E206.27781
G1 X137.616 Y79.792 E206.28483
G1 X143.516 Y79.792 E206.48106
G1 X143.516 Y76.24 E206.5992
G1 X129.716 Y76.24 E207.05819
G1 X129.716 Y79.95 E207.18159
G1 X129.652 Y80.187 E207.18975
G1 X129.539 Y80.343 E207.19616
G1 X129.305 Y80.486 E207.20528
G1 X129.116 Y80.516 E207.21165
G1 X125.716 Y80.516 E207.32473
G1 X125.716 Y83.364 E207.41946
G1 X129.116 Y83.364 E207.53254
G1 X129.305 Y83.394 E207.5389
G1 X129.539 Y83.537 E207.54803
G1 X129.652 Y83.693 E207.55443
G1 X129.715 Y83.921 E207.5623
G0 F15000 X129.311 Y83.915
;TYPE:WALL-OUTER
G1 F1451.7 X129.316 Y88.028 E207.6991
G1 X143.916 Y88.028 E208.1847
G1 X143.916 Y83.879 E208.32269
G1 X143.672 Y83.619 E208.33455
G1 X142.982 Y82.816 E208.36977
G1 X137.57 Y82.816 E208.54977
G1 X137.467 Y82.751 E208.55382
G1 X137.416 Y82.631 E208.55816
G1 X137.417 Y80.369 E208.63339
G1 X137.449 Y80.28 E208.63654
G1 X137.561 Y80.192 E208.64128
G1 X143.732 Y80.192 E208.84652
G1 X143.916 Y79.993 E208.85554
G1 X143.916 Y75.84 E208.99367
G1 X129.316 Y75.84 E209.47927
G1 X129.314 Y79.951 E209.616
G1 X129.227 Y80.083 E209.62126
G1 X129.116 Y80.116 E209.62511
G1 X125.316 Y80.116 E209.7515
G1 X125.316 Y83.764 E209.87283
G1 X129.116 Y83.764 E209.99922
G1 X129.227 Y83.797 E210.00307
G1 X129.311 Y83.915 E210.00789
G0 F15000 X130.194 Y84.246
;TYPE:FILL
G1 F1451.7 X132.21 Y76.72 E210.26703
G0 F15000 X134.601 Y76.72
G1 F1451.7 X137.255 Y79.374 E210.39186
G0 F15000 X136.781 Y79.556
G0 X136.781 Y83.457
G0 X141.577 Y83.696
G1 F1451.7 X143.036 Y85.155 E210.46049
G0 F15000 X142.72 Y83.861
G1 F1451.7 X141.839 Y87.148 E210.57368
G0 F15000 X142.254 Y83.696
G1 F1451.7 X130.197 Y86.927 E210.98884
G0 F15000 X130.329 Y86.927
;MESH:NONMESH
G0 F300 X130.329 Y86.927 Z5.4
G0 F15000 X137.312 Y83.917
;TIME_ELAPSED:392.803559
;LAYER:26
;note -- min layer time used
;TYPE:WALL-INNER
;MESH:WheelAdapter_v9.stl
G1 F1497.1 X137.048 Y83.788 E210.99861
G1 X136.849 Y83.607 E211.00756
G1 X136.718 Y83.406 E211.01554
G1 X136.616 Y83 E211.02946
G1 X136.623 Y80.199 E211.12263
G1 X136.673 Y79.988 E211.12984
G1 X136.789 Y79.761 E211.13832
G1 X136.988 Y79.545 E211.14809
G1 X137.274 Y79.384 E211.159
G1 X137.494 Y79.324 E211.16659
G1 X143.116 Y79.324 E211.35358
G1 X143.116 Y76.524 E211.4467
G1 X130.117 Y76.525 E211.87905
G1 X130.115 Y79.901 E211.99134
G1 X130.003 Y80.307 E212.00535
G1 X129.753 Y80.641 E212.01922
G1 X129.421 Y80.797 E212.03142
G1 X129.114 Y80.844 E212.04175
G1 X126.116 Y80.844 E212.14147
G1 X126.116 Y83.011 E212.21354
G1 X129.115 Y83.008 E212.31329
G1 X129.421 Y83.055 E212.32359
G1 X129.753 Y83.211 E212.33579
G1 X130.003 Y83.545 E212.34966
G1 X130.116 Y83.972 E212.36435
G1 X130.117 Y87.343 E212.47647
G1 X143.116 Y87.344 E212.90882
G1 X143.116 Y84.266 E213.0112
G1 X142.827 Y83.964 E213.0251
G1 X137.616 Y83.964 E213.19842
G1 X137.312 Y83.917 E213.20865
G0 F15000 X137.433 Y83.536
G1 F1497.1 X137.275 Y83.459 E213.21449
G1 X137.077 Y83.23 E213.22456
G1 X137.016 Y82.986 E213.23293
G1 X137.02 Y80.249 E213.32396
G1 X137.12 Y79.986 E213.33332
G1 X137.239 Y79.856 E213.33918
G1 X137.541 Y79.724 E213.35014
G1 X143.516 Y79.724 E213.54887
G1 X143.516 Y76.124 E213.66861
G1 X129.717 Y76.125 E214.12757
G1 X129.716 Y79.878 E214.25239
G1 X129.649 Y80.122 E214.26081
G1 X129.532 Y80.277 E214.26727
G1 X129.299 Y80.416 E214.27629
G1 X129.114 Y80.444 E214.28251
G1 X125.716 Y80.444 E214.39553
G1 X125.716 Y83.411 E214.49421
G1 X129.115 Y83.408 E214.60727
G1 X129.299 Y83.436 E214.61346
G1 X129.532 Y83.575 E214.62248
G1 X129.649 Y83.73 E214.62894
G1 X129.716 Y83.986 E214.63774
G1 X129.717 Y87.743 E214.7627
G1 X143.516 Y87.744 E215.22166
G1 X143.516 Y84.104 E215.34272
G1 X143.001 Y83.564 E215.36754
G1 X137.616 Y83.564 E215.54665
G1 X137.433 Y83.536 E215.5528
G1 F1500 E209.0528
G0 F15000 X137.433 Y83.875
G0 X129.629 Y83.959
G0 X129.311 Y83.959
;TYPE:WALL-OUTER
G1 F1500 E215.5528
G1 F1497.1 X129.317 Y88.143 E215.69197
G1 X143.916 Y88.144 E216.17753
G1 X143.916 Y83.942 E216.31729
G1 X143.176 Y83.164 E216.353
G1 X137.573 Y83.164 E216.53936
G1 X137.502 Y83.129 E216.54199
G1 X137.417 Y82.989 E216.54744
G1 X137.417 Y80.299 E216.63691
G1 X137.49 Y80.168 E216.6419
G1 X137.581 Y80.126 E216.64523
G1 X143.73 Y80.124 E216.84975
G1 X143.916 Y79.931 E216.85866
G1 X143.916 Y75.724 E216.99859
G1 X129.317 Y75.725 E217.48415
G1 X129.314 Y79.879 E217.62231
G1 X129.255 Y79.989 E217.62647
G1 X129.162 Y80.044 E217.63006
G1 X125.316 Y80.044 E217.75798
G1 X125.316 Y83.811 E217.88327
G1 X129.158 Y83.808 E218.01105
G1 X129.274 Y83.884 E218.01567
G1 X129.311 Y83.959 E218.01845
G0 F15000 X130.174 Y83.773
;TYPE:FILL
G1 F1497.1 X132.094 Y76.604 E218.26529
G0 F15000 X134.687 Y76.605
G1 F1497.1 X137.36 Y79.278 E218.39102
G0 F15000 X136.781 Y79.486
G0 X136.781 Y83.803
G0 X141.503 Y84.044
G1 F1497.1 X130.198 Y87.073 E218.78029
G0 F15000 X141.661 Y87.264
G1 F1497.1 X142.525 Y84.043 E218.89121
G0 F15000 X142.126 Y84.044
G1 F1497.1 X143.036 Y84.955 E218.93404
G0 F15000 X142.909 Y84.955
;MESH:NONMESH
G0 F300 X142.909 Y84.955 Z5.6
G0 F15000 X137.297 Y84.256
;TIME_ELAPSED:405.320750
;LAYER:27
;note -- min layer time used
;TYPE:WALL-INNER
;MESH:WheelAdapter_v9.stl
G1 F1496.4 X137.025 Y84.116 E218.94421
G1 X136.825 Y83.921 E218.9535
G1 X136.7 Y83.71 E218.96166
G1 X136.619 Y83.396 E218.97244
G1 X136.617 Y80.161 E219.08004
G1 X136.678 Y79.92 E219.08831
G1 X136.795 Y79.696 E219.09671
G1 X136.994 Y79.484 E219.10639
G1 X137.277 Y79.327 E219.11715
G1 X137.615 Y79.268 E219.12856
G1 X143.116 Y79.264 E219.31153
G1 X143.116 Y76.408 E219.40652
G1 X130.116 Y76.408 E219.8389
G1 X130.115 Y79.873 E219.95414
G1 X130 Y80.29 E219.96853
G1 X129.745 Y80.623 E219.98248
G1 X129.416 Y80.775 E219.99454
G1 X129.116 Y80.82 E220.00463
G1 X126.116 Y80.82 E220.10441
G1 X126.116 Y83.056 E220.17878
G1 X129.116 Y83.056 E220.27856
G1 X129.416 Y83.101 E220.28865
G1 X129.745 Y83.253 E220.3007
G1 X130 Y83.586 E220.31465
G1 X130.113 Y83.968 E220.3279
G1 X130.116 Y87.46 E220.44404
G1 X143.116 Y87.46 E220.87643
G1 X143.116 Y84.312 E220.98113
G1 X137.615 Y84.308 E221.16409
G1 X137.297 Y84.256 E221.17481
G0 F15000 X137.424 Y83.877
G1 F1496.4 X137.261 Y83.793 E221.18091
G1 X137.066 Y83.55 E221.19127
G1 X137.018 Y83.361 E221.19776
G1 X137.021 Y80.185 E221.30339
G1 X137.123 Y79.925 E221.31268
G1 X137.243 Y79.797 E221.31852
G1 X137.413 Y79.703 E221.32498
G1 X137.615 Y79.668 E221.3318
G1 X143.516 Y79.664 E221.52806
G1 X143.516 Y76.008 E221.64966
G1 X129.716 Y76.008 E222.10865
G1 X129.716 Y79.852 E222.23651
G1 X129.646 Y80.102 E222.24514
G1 X129.528 Y80.258 E222.25165
G1 X129.25 Y80.42 E222.26235
G1 X125.716 Y80.42 E222.37989
G1 X125.716 Y83.456 E222.48087
G1 X129.25 Y83.456 E222.59841
G1 X129.528 Y83.618 E222.60911
G1 X129.646 Y83.774 E222.61562
G1 X129.714 Y84.003 E222.62356
G1 X129.716 Y87.86 E222.75184
G1 X143.516 Y87.86 E223.21083
G1 X143.516 Y84.143 E223.33446
G1 X143.286 Y83.912 E223.3453
G1 X137.615 Y83.908 E223.53392
G1 X137.424 Y83.877 E223.54036
G1 F1500 E217.04036
G0 F15000 X137.423 Y84.221
G0 X129.629 Y84.038
G0 X129.316 Y84.038
;TYPE:WALL-OUTER
G1 F1500 E223.54036
G1 F1496.4 X129.316 Y88.26 E223.68078
G1 X143.916 Y88.26 E224.16638
G1 X143.916 Y83.981 E224.3087
G1 X143.639 Y83.696 E224.32192
G1 X143.444 Y83.512 E224.33084
G1 X137.572 Y83.508 E224.52614
G1 X137.416 Y83.369 E224.53309
G1 X137.417 Y80.24 E224.63716
G1 X137.451 Y80.153 E224.64027
G1 X137.562 Y80.068 E224.64492
G1 X143.732 Y80.064 E224.85013
G1 X143.916 Y79.877 E224.85886
G1 X143.916 Y75.608 E225.00085
G1 X129.316 Y75.608 E225.48644
G1 X129.314 Y79.855 E225.6277
G1 X129.254 Y79.966 E225.6319
G1 X129.16 Y80.02 E225.6355
G1 X125.316 Y80.02 E225.76335
G1 X125.316 Y83.856 E225.89094
G1 X129.116 Y83.856 E226.01733
G1 X129.273 Y83.931 E226.02312
G1 X129.316 Y84.038 E226.02695
G0 F15000 X130.083 Y83.566
;TYPE:FILL
G1 F1496.4 X131.98 Y76.488 E226.27067
G0 F15000 X134.77 Y76.488
G1 F1496.4 X137.492 Y79.211 E226.39873
G0 F15000 X136.781 Y79.43
G0 X136.781 Y84.149
G0 X140.755 Y84.39
G1 F1496.4 X130.196 Y87.22 E226.76232
G0 F15000 X141.484 Y87.38
G1 F1496.4 X142.285 Y84.391 E226.86524
G0 F15000 X142.673 Y84.392
G1 F1496.4 X143.036 Y84.755 E226.88232
G0 F15000 X142.909 Y84.755
;MESH:NONMESH
G0 F300 X142.909 Y84.755 Z5.8
G0 F15000 X137.284 Y84.572
;TIME_ELAPSED:417.860646
;LAYER:28
;note -- min layer time used
;TYPE:WALL-INNER
;MESH:WheelAdapter_v9.stl
G1 F1452.5 X137.004 Y84.42 E226.89291
G1 X136.804 Y84.213 E226.90249
G1 X136.684 Y83.993 E226.91082
G1 X136.617 Y83.744 E226.9194
G1 X136.617 Y80.129 E227.03964
G1 X136.685 Y79.882 E227.04816
G1 X136.805 Y79.662 E227.05649
G1 X137.005 Y79.455 E227.06606
G1 X137.285 Y79.304 E227.07665
G1 X137.496 Y79.248 E227.08391
G1 X143.116 Y79.248 E227.27083
G1 X143.116 Y76.292 E227.36914
G1 X130.116 Y76.292 E227.80153
G1 X130.115 Y79.85 E227.91987
G1 X129.998 Y80.269 E227.93434
G1 X129.74 Y80.603 E227.94837
G1 X129.413 Y80.751 E227.96031
G1 X129.116 Y80.796 E227.9703
G1 X126.116 Y80.796 E228.07008
G1 X126.116 Y83.068 E228.14565
G1 X129.116 Y83.068 E228.24543
G1 X129.413 Y83.113 E228.25542
G1 X129.645 Y83.218 E228.26389
G1 X129.896 Y83.441 E228.27506
G1 X130.072 Y83.771 E228.2875
G1 X130.111 Y83.964 E228.29405
G1 X130.117 Y87.575 E228.41415
G1 X143.116 Y87.576 E228.8465
G1 X143.116 Y84.628 E228.94455
G1 X137.616 Y84.628 E229.12748
G1 X137.284 Y84.572 E229.13868
G0 F15000 X137.416 Y84.195
G1 F1452.5 X137.249 Y84.103 E229.14502
G1 X137.057 Y83.847 E229.15566
G1 X137.016 Y83.66 E229.16203
G1 X137.016 Y80.178 E229.27784
G1 X137.129 Y79.896 E229.28795
G1 X137.249 Y79.772 E229.29368
G1 X137.542 Y79.648 E229.30427
G1 X143.516 Y79.648 E229.50296
G1 X143.516 Y75.892 E229.62789
G1 X129.716 Y75.892 E230.08688
G1 X129.716 Y79.828 E230.21779
G1 X129.645 Y80.08 E230.2265
G1 X129.526 Y80.235 E230.233
G1 X129.248 Y80.396 E230.24368
G1 X125.716 Y80.396 E230.36116
G1 X125.716 Y83.468 E230.46333
G1 X129.116 Y83.468 E230.57642
G1 X129.433 Y83.558 E230.58738
G1 X129.584 Y83.691 E230.59407
G1 X129.716 Y83.939 E230.60341
G1 X129.717 Y87.975 E230.73765
G1 X143.516 Y87.976 E231.19661
G1 X143.516 Y84.228 E231.32127
G1 X137.616 Y84.228 E231.5175
G1 X137.416 Y84.195 E231.52424
G0 F15000 X137.564 Y83.828
;TYPE:WALL-OUTER
G1 F1452.5 X137.453 Y83.745 E231.52885
G1 X137.418 Y83.66 E231.53191
G1 X137.418 Y80.216 E231.64646
G1 X137.493 Y80.089 E231.65136
G1 X137.581 Y80.05 E231.65457
G1 X143.733 Y80.048 E231.85918
G1 X143.916 Y79.868 E231.86772
G1 X143.916 Y75.492 E232.01327
G1 X129.316 Y75.492 E232.49886
G1 X129.314 Y79.831 E232.64318
G1 X129.253 Y79.943 E232.64742
G1 X129.16 Y79.996 E232.65098
G1 X125.316 Y79.996 E232.77883
G1 X125.316 Y83.868 E232.90762
G1 X129.16 Y83.868 E233.03547
G1 X129.253 Y83.921 E233.03903
G1 X129.316 Y84.021 E233.04296
G1 X129.317 Y88.375 E233.18777
G1 X143.916 Y88.376 E233.67334
G1 X143.916 Y84.011 E233.81852
G1 X143.733 Y83.828 E233.82713
G1 X137.564 Y83.828 E234.03231
G0 F15000 X137.564 Y84.141
G0 X140.12 Y84.708
;TYPE:FILL
G1 F1452.5 X130.196 Y87.367 E234.37403
G0 F15000 X130.029 Y83.433
G0 X129.972 Y83.433
G1 F1452.5 X131.864 Y76.371 E234.61719
G0 F15000 X134.854 Y76.372
G1 F1452.5 X137.65 Y79.168 E234.74871
G0 F15000 X136.781 Y79.413
G0 X136.781 Y84.469
G0 X142.053 Y84.707
G1 F1452.5 X141.306 Y87.496 E234.84474
G0 F15000 X141.306 Y87.368
;MESH:NONMESH
G0 F300 X141.306 Y87.368 Z6
G0 F15000 X137.285 Y84.564
;TIME_ELAPSED:429.770101
;LAYER:29
;note -- min layer time used
;TYPE:WALL-INNER
;MESH:WheelAdapter_v9.stl
G1 F1455.3 X137.005 Y84.413 E234.85532
G1 X136.805 Y84.206 E234.86489
G1 X136.685 Y83.986 E234.87323
G1 X136.617 Y83.739 E234.88175
G1 X136.617 Y80.127 E235.00189
G1 X136.684 Y79.879 E235.01043
G1 X136.805 Y79.658 E235.01881
G1 X137.004 Y79.452 E235.02834
G1 X137.284 Y79.3 E235.03893
G1 X137.616 Y79.244 E235.05013
G1 X143.116 Y79.244 E235.23306
G1 X143.116 Y76.292 E235.33125
G1 X130.116 Y76.292 E235.76363
G1 X130.115 Y79.849 E235.88193
G1 X129.998 Y80.269 E235.89643
G1 X129.74 Y80.603 E235.91047
G1 X129.413 Y80.751 E235.92241
G1 X129.116 Y80.796 E235.9324
G1 X126.116 Y80.796 E236.03218
G1 X126.116 Y83.068 E236.10775
G1 X129.116 Y83.068 E236.20753
G1 X129.413 Y83.113 E236.21752
G1 X129.645 Y83.218 E236.22599
G1 X129.896 Y83.441 E236.23716
G1 X130.071 Y83.77 E236.24955
G1 X130.111 Y83.962 E236.25607
G1 X130.116 Y87.576 E236.37628
G1 X143.116 Y87.58 E236.80866
G1 X143.116 Y84.62 E236.90711
G1 X137.616 Y84.62 E237.09004
G1 X137.285 Y84.564 E237.1012
G0 F15000 X137.417 Y84.187
G1 F1455.3 X137.249 Y84.096 E237.10756
G1 X137.057 Y83.84 E237.1182
G1 X137.016 Y83.652 E237.1246
G1 X137.016 Y80.175 E237.24025
G1 X137.129 Y79.892 E237.25038
G1 X137.249 Y79.769 E237.2561
G1 X137.417 Y79.677 E237.26247
G1 X137.616 Y79.644 E237.26918
G1 X143.516 Y79.644 E237.46541
G1 X143.516 Y75.892 E237.59021
G1 X129.716 Y75.892 E238.0492
G1 X129.716 Y79.828 E238.18011
G1 X129.645 Y80.08 E238.18881
G1 X129.526 Y80.235 E238.19531
G1 X129.248 Y80.396 E238.206
G1 X125.716 Y80.396 E238.32347
G1 X125.716 Y83.468 E238.42565
G1 X129.116 Y83.468 E238.53873
G1 X129.433 Y83.558 E238.54969
G1 X129.584 Y83.691 E238.55639
G1 X129.689 Y83.889 E238.56384
G1 X129.716 Y84.036 E238.56881
G1 X129.716 Y87.976 E238.69986
G1 X143.516 Y87.98 E239.15885
G1 X143.516 Y84.22 E239.2839
G1 X137.616 Y84.22 E239.48014
G1 X137.417 Y84.187 E239.48685
G0 F15000 X137.564 Y83.82
;TYPE:WALL-OUTER
G1 F1455.3 X137.453 Y83.738 E239.49144
G1 X137.418 Y83.652 E239.49453
G1 X137.418 Y80.212 E239.60894
G1 X137.453 Y80.126 E239.61203
G1 X137.564 Y80.044 E239.61662
G1 X143.732 Y80.044 E239.82177
G1 X143.916 Y79.857 E239.83049
G1 X143.916 Y75.492 E239.97567
G1 X129.316 Y75.492 E240.46127
G1 X129.314 Y79.831 E240.60559
G1 X129.253 Y79.943 E240.60983
G1 X129.16 Y79.996 E240.61339
G1 X125.316 Y79.996 E240.74124
G1 X125.316 Y83.868 E240.87003
G1 X129.16 Y83.868 E240.99788
G1 X129.285 Y83.959 E241.00302
G1 X129.315 Y84.046 E241.00608
G1 X129.316 Y88.376 E241.1501
G1 X143.916 Y88.38 E241.6357
G1 X143.916 Y84 E241.78137
G1 X143.733 Y83.82 E241.78991
G1 X137.564 Y83.82 E241.99509
G0 F15000 X137.564 Y84.131
G0 X140.694 Y84.7
;TYPE:FILL
G1 F1455.3 X130.257 Y87.496 E242.35447
G0 F15000 X129.957 Y83.233
G0 X129.863 Y83.292
G1 F1455.3 X131.718 Y76.371 E242.59279
G0 F15000 X135.054 Y76.372
G1 F1455.3 X137.846 Y79.164 E242.72412
G0 F15000 X136.781 Y79.406
G0 X136.781 Y84.459
G0 X141.91 Y84.699
G1 F1455.3 X141.159 Y87.5 E242.82057
G0 F15000 X141.159 Y87.37
;MESH:NONMESH
G0 F300 X141.159 Y87.37 Z6.2
G0 F15000 X137.277 Y84.55
;TIME_ELAPSED:441.727172
;LAYER:30
;note -- min layer time used
;TYPE:WALL-INNER
;MESH:WheelAdapter_v9.stl
G1 F1442.4 X136.994 Y84.392 E242.83135
G1 X136.794 Y84.179 E242.84107
G1 X136.677 Y83.954 E242.8495
G1 X136.617 Y83.713 E242.85776
G1 X136.617 Y80.165 E242.97577
G1 X136.678 Y79.923 E242.98407
G1 X136.796 Y79.699 E242.99249
G1 X136.995 Y79.487 E243.00216
G1 X137.278 Y79.33 E243.01292
G1 X137.616 Y79.272 E243.02433
G1 X143.116 Y79.272 E243.20726
G1 X143.116 Y76.408 E243.30252
G1 X130.117 Y76.409 E243.73487
G1 X130.115 Y79.874 E243.85011
G1 X130 Y80.29 E243.86447
G1 X129.745 Y80.623 E243.87842
G1 X129.416 Y80.775 E243.89047
G1 X129.116 Y80.82 E243.90056
G1 X126.116 Y80.82 E244.00034
G1 X126.116 Y83.056 E244.07471
G1 X129.116 Y83.056 E244.17449
G1 X129.416 Y83.101 E244.18458
G1 X129.745 Y83.253 E244.19664
G1 X130 Y83.586 E244.21059
G1 X130.111 Y83.95 E244.22324
G1 X130.116 Y87.46 E244.33999
G1 X143.116 Y87.464 E244.77237
G1 X143.116 Y84.608 E244.86736
G1 X137.616 Y84.608 E245.05029
G1 X137.277 Y84.55 E245.06173
G0 F15000 X137.616 Y84.208
G1 F1442.4 X137.413 Y84.173 E245.06858
G1 X137.243 Y84.079 E245.07504
G1 X137.123 Y83.951 E245.08088
G1 X137.021 Y83.69 E245.0902
G1 X137.021 Y80.188 E245.20667
G1 X137.124 Y79.928 E245.21598
G1 X137.243 Y79.801 E245.22176
G1 X137.413 Y79.707 E245.22823
G1 X137.616 Y79.672 E245.23508
G1 X143.516 Y79.672 E245.43131
G1 X143.516 Y76.008 E245.55318
G1 X129.717 Y76.009 E246.01213
G1 X129.716 Y79.852 E246.13995
G1 X129.646 Y80.102 E246.14859
G1 X129.528 Y80.258 E246.15509
G1 X129.25 Y80.42 E246.16579
G1 X125.716 Y80.42 E246.28334
G1 X125.716 Y83.456 E246.38431
G1 X129.25 Y83.456 E246.50186
G1 X129.528 Y83.618 E246.51256
G1 X129.646 Y83.774 E246.51906
G1 X129.716 Y84.024 E246.5277
G1 X129.716 Y87.86 E246.65528
G1 X143.516 Y87.864 E247.11427
G1 X143.516 Y84.208 E247.23587
G1 X137.616 Y84.208 E247.43211
G0 F15000 X137.562 Y83.808
;TYPE:WALL-OUTER
G1 F1442.4 X137.451 Y83.723 E247.43676
G1 X137.417 Y83.636 E247.43986
G1 X137.417 Y80.244 E247.55268
G1 X137.452 Y80.157 E247.5558
G1 X137.562 Y80.072 E247.56042
G1 X143.732 Y80.072 E247.76564
G1 X143.916 Y79.885 E247.77437
G1 X143.916 Y75.608 E247.91662
G1 X129.317 Y75.609 E248.40218
G1 X129.314 Y79.855 E248.54341
G1 X129.254 Y79.966 E248.5476
G1 X129.16 Y80.02 E248.55121
G1 X125.316 Y80.02 E248.67906
G1 X125.316 Y83.856 E248.80665
G1 X129.116 Y83.856 E248.93303
G1 X129.223 Y83.886 E248.93673
G1 X129.316 Y84.011 E248.94191
G1 X129.316 Y88.26 E249.08324
G1 X143.916 Y88.264 E249.56883
G1 X143.916 Y83.991 E249.71095
G1 X143.736 Y83.808 E249.71949
G1 X137.562 Y83.808 E249.92484
G0 F15000 X137.561 Y84.118
G0 X141.286 Y84.688
;TYPE:FILL
G1 F1442.4 X131.238 Y87.381 E250.27083
G0 F15000 X129.957 Y83.221
G0 X129.746 Y83.183
G1 F1442.4 X131.539 Y76.488 E250.50136
G0 F15000 X135.371 Y76.489
G1 F1442.4 X138.074 Y79.192 E250.6285
G0 F15000 X136.781 Y79.435
G0 X136.781 Y84.446
G0 X141.766 Y84.687
G1 F1442.4 X141.043 Y87.384 E250.72137
G0 F15000 X141.043 Y87.254
;MESH:NONMESH
G0 F300 X141.043 Y87.254 Z6.4
G0 F15000 X137.273 Y84.518
G0 X137.273 Y84.488
;TIME_ELAPSED:453.707384
;LAYER:31
;note -- min layer time used
;TYPE:WALL-INNER
;MESH:WheelAdapter_v9.stl
G1 F1426 X136.988 Y84.327 E250.73225
G1 X136.789 Y84.111 E250.74202
G1 X136.673 Y83.884 E250.7505
G1 X136.623 Y83.673 E250.75771
G1 X136.617 Y80.214 E250.87276
G1 X136.673 Y79.978 E250.88083
G1 X136.788 Y79.75 E250.88932
G1 X136.987 Y79.534 E250.89909
G1 X137.273 Y79.372 E250.91002
G1 X137.495 Y79.312 E250.91767
G1 X143.116 Y79.312 E251.10463
G1 X143.116 Y76.524 E251.19735
G1 X130.116 Y76.521 E251.62974
G1 X130.115 Y79.899 E251.74209
G1 X130.003 Y80.307 E251.75616
G1 X129.753 Y80.641 E251.77004
G1 X129.421 Y80.797 E251.78224
G1 X129.116 Y80.844 E251.7925
G1 X126.116 Y80.844 E251.89228
G1 X126.116 Y83.012 E251.96439
G1 X129.116 Y83.012 E252.06417
G1 X129.421 Y83.059 E252.07444
G1 X129.655 Y83.169 E252.08303
G1 X129.904 Y83.395 E252.09422
G1 X130.073 Y83.718 E252.10634
G1 X130.117 Y83.938 E252.11381
G1 X130.117 Y87.347 E252.22719
G1 X143.116 Y87.348 E252.65954
G1 X143.116 Y84.548 E252.75267
G1 X137.616 Y84.548 E252.9356
G1 X137.273 Y84.488 E252.94718
G0 F15000 X137.41 Y84.112
G1 F1426 X137.239 Y84.016 E252.9537
G1 X137.119 Y83.886 E252.95959
G1 X137.02 Y83.623 E252.96893
G1 X137.02 Y80.238 E253.08152
G1 X137.119 Y79.975 E253.09086
G1 X137.238 Y79.845 E253.09673
G1 X137.541 Y79.712 E253.10773
G1 X143.516 Y79.712 E253.30646
G1 X143.516 Y76.124 E253.4258
G1 X129.716 Y76.121 E253.88479
G1 X129.716 Y79.877 E254.00971
G1 X129.649 Y80.122 E254.01816
G1 X129.532 Y80.278 E254.02465
G1 X129.299 Y80.416 E254.03365
G1 X129.116 Y80.444 E254.03981
G1 X125.716 Y80.444 E254.1529
G1 X125.716 Y83.412 E254.25161
G1 X129.116 Y83.412 E254.3647
G1 X129.299 Y83.44 E254.37085
G1 X129.532 Y83.578 E254.37986
G1 X129.649 Y83.734 E254.38635
G1 X129.716 Y83.979 E254.39479
G1 X129.717 Y87.747 E254.52012
G1 X143.516 Y87.748 E254.97908
G1 X143.516 Y84.148 E255.09881
G1 X137.616 Y84.148 E255.29505
G1 X137.41 Y84.112 E255.302
G0 F15000 X137.563 Y83.748
;TYPE:WALL-OUTER
G1 F1426 X137.45 Y83.661 E255.30675
G1 X137.417 Y83.57 E255.30997
G1 X137.417 Y80.287 E255.41916
G1 X137.49 Y80.156 E255.42415
G1 X137.581 Y80.114 E255.42748
G1 X143.732 Y80.112 E255.63206
G1 X143.916 Y79.925 E255.64079
G1 X143.916 Y75.724 E255.78051
G1 X129.316 Y75.721 E256.26611
G1 X129.314 Y79.879 E256.40441
G1 X129.255 Y79.989 E256.40856
G1 X129.162 Y80.044 E256.41215
G1 X125.316 Y80.044 E256.54007
G1 X125.316 Y83.812 E256.6654
G1 X129.158 Y83.812 E256.79318
G1 X129.274 Y83.888 E256.79779
G1 X129.317 Y83.97 E256.80087
G1 X129.317 Y88.147 E256.9398
G1 X143.916 Y88.148 E257.42537
G1 X143.916 Y83.938 E257.56539
G1 X143.731 Y83.748 E257.57421
G1 X137.563 Y83.748 E257.77936
G0 F15000 X137.562 Y84.058
G0 X141.636 Y84.628
;TYPE:FILL
G1 F1426 X140.928 Y87.269 E257.8703
G0 F15000 X142.055 Y84.628
G1 F1426 X132.205 Y87.267 E258.20947
G0 F15000 X129.957 Y83.174
G0 X129.63 Y83.07
G1 F1426 X131.363 Y76.6 E258.43225
G0 F15000 X135.685 Y76.603
G1 F1426 X138.314 Y79.232 E258.55591
G0 F15000 X138.314 Y79.105
;MESH:NONMESH
G0 F300 X138.314 Y79.105 Z6.6
G0 F15000 X136.781 Y79.477
G0 X136.781 Y84.386
G0 X137.269 Y84.458
G0 X137.269 Y84.423
;TIME_ELAPSED:465.541921
;LAYER:32
;note -- min layer time used
;TYPE:WALL-INNER
;MESH:WheelAdapter_v9.stl
G1 F1420.9 X136.982 Y84.259 E258.5669
G1 X136.783 Y84.039 E258.57677
G1 X136.67 Y83.81 E258.58526
G1 X136.622 Y83.598 E258.59249
G1 X136.622 Y80.28 E258.70285
G1 X136.671 Y80.068 E258.71008
G1 X136.785 Y79.839 E258.71859
G1 X136.984 Y79.621 E258.72841
G1 X137.27 Y79.457 E258.73938
G1 X137.499 Y79.396 E258.74726
G1 X143.116 Y79.396 E258.93408
G1 X143.116 Y76.64 E259.02574
G1 X130.116 Y76.637 E259.45813
G1 X130.115 Y79.973 E259.56908
G1 X130.009 Y80.367 E259.58265
G1 X129.82 Y80.627 E259.59334
G1 X129.668 Y80.751 E259.59987
G1 X129.43 Y80.866 E259.60866
G1 X129.116 Y80.916 E259.61924
G1 X126.116 Y80.916 E259.71902
G1 X126.116 Y82.964 E259.78713
G1 X129.116 Y82.964 E259.88691
G1 X129.43 Y83.014 E259.89749
G1 X129.668 Y83.129 E259.90628
G1 X129.914 Y83.36 E259.9175
G1 X130.074 Y83.675 E259.92925
G1 X130.115 Y83.907 E259.93709
G1 X130.116 Y87.232 E260.04768
G1 X143.116 Y87.232 E260.48006
G1 X143.116 Y84.484 E260.57146
G1 X137.616 Y84.484 E260.75439
G1 X137.269 Y84.423 E260.76611
G0 F15000 X137.616 Y84.084
G1 F1420.9 X137.408 Y84.048 E260.77313
G1 X137.236 Y83.949 E260.77973
G1 X137.116 Y83.817 E260.78566
G1 X137.019 Y83.553 E260.79502
G1 X137.02 Y80.326 E260.90235
G1 X137.117 Y80.062 E260.9117
G1 X137.236 Y79.931 E260.91759
G1 X137.408 Y79.832 E260.92419
G1 X137.616 Y79.796 E260.93121
G1 X143.516 Y79.796 E261.12745
G1 X143.516 Y76.24 E261.24572
G1 X129.716 Y76.237 E261.70471
G1 X129.716 Y79.95 E261.82821
G1 X129.652 Y80.187 E261.83637
G1 X129.539 Y80.343 E261.84278
G1 X129.305 Y80.486 E261.8519
G1 X129.116 Y80.516 E261.85826
G1 X125.716 Y80.516 E261.97135
G1 X125.716 Y83.364 E262.06607
G1 X129.116 Y83.364 E262.17916
G1 X129.305 Y83.394 E262.18552
G1 X129.539 Y83.537 E262.19464
G1 X129.652 Y83.693 E262.20105
G1 X129.713 Y83.896 E262.2081
G1 X129.716 Y87.632 E262.33236
G1 X143.516 Y87.632 E262.79135
G1 X143.516 Y84.084 E262.90936
G1 X137.616 Y84.084 E263.10559
G0 F15000 X137.561 Y83.684
;TYPE:WALL-OUTER
G1 F1420.9 X137.449 Y83.595 E263.11035
G1 X137.417 Y83.507 E263.11346
G1 X137.417 Y80.372 E263.21773
G1 X137.449 Y80.284 E263.22085
G1 X137.561 Y80.196 E263.22559
G1 X143.727 Y80.196 E263.43067
G1 X143.916 Y79.99 E263.43997
G1 X143.916 Y75.84 E263.578
G1 X129.316 Y75.837 E264.06359
G1 X129.314 Y79.951 E264.20043
G1 X129.227 Y80.083 E264.20568
G1 X129.116 Y80.116 E264.20954
G1 X125.316 Y80.116 E264.33592
G1 X125.316 Y83.764 E264.45726
G1 X129.116 Y83.764 E264.58365
G1 X129.227 Y83.797 E264.5875
G1 X129.316 Y83.952 E264.59344
G1 X129.316 Y88.032 E264.72914
G1 X143.916 Y88.032 E265.21474
G1 X143.916 Y83.88 E265.35284
G1 X143.73 Y83.684 E265.36182
G1 X137.561 Y83.684 E265.56701
G0 F15000 X137.561 Y83.994
G0 X141.507 Y84.563
;TYPE:FILL
G1 F1420.9 X140.813 Y87.153 E265.65619
G0 F15000 X142.839 Y84.564
G1 F1420.9 X133.179 Y87.152 E265.98881
G0 F15000 X129.957 Y83.126
G0 X129.512 Y82.965
G1 F1420.9 X131.186 Y76.717 E266.20395
G0 F15000 X136 Y76.719
G1 F1420.9 X138.596 Y79.315 E266.32606
G0 F15000 X142.913 Y79.316
G1 F1420.9 X143.036 Y78.856 E266.3419
G0 F15000 X142.909 Y78.856
;MESH:NONMESH
G0 F300 X142.909 Y78.856 Z6.8
G0 F15000 X136.781 Y79.56
G0 X136.781 Y84.322
G0 X137.27 Y84.394
G0 X137.27 Y84.303
;TIME_ELAPSED:477.691177
;LAYER:33
;note -- min layer time used
;TYPE:WALL-INNER
;MESH:WheelAdapter_v9.stl
G1 F1457.6 X136.983 Y84.139 E266.35289
G1 X136.784 Y83.92 E266.36273
G1 X136.67 Y83.69 E266.37127
G1 X136.622 Y83.479 E266.37847
G1 X136.622 Y80.38 E266.48154
G1 X136.669 Y80.168 E266.48876
G1 X136.783 Y79.938 E266.4973
G1 X136.982 Y79.718 E266.50717
G1 X137.269 Y79.553 E266.51818
G1 X137.5 Y79.492 E266.52613
G1 X143.116 Y79.492 E266.71291
G1 X143.116 Y76.752 E266.80405
G1 X130.116 Y76.752 E267.23643
G1 X130.114 Y80.051 E267.34615
G1 X130.017 Y80.423 E267.35894
G1 X129.836 Y80.683 E267.36948
G1 X129.685 Y80.811 E267.37606
G1 X129.444 Y80.934 E267.38506
G1 X129.116 Y80.988 E267.39612
G1 X126.116 Y80.988 E267.4959
G1 X126.116 Y82.872 E267.55856
G1 X129.116 Y82.872 E267.65834
G1 X129.444 Y82.926 E267.6694
G1 X129.685 Y83.049 E267.67839
G1 X129.836 Y83.177 E267.68498
G1 X130.017 Y83.437 E267.69552
G1 X130.116 Y83.787 E267.70761
G1 X130.116 Y87.116 E267.81834
G1 X143.116 Y87.116 E268.25072
G1 X143.116 Y84.364 E268.34225
G1 X137.616 Y84.364 E268.52518
G1 X137.27 Y84.303 E268.53687
G0 F15000 X137.408 Y83.928
G1 F1457.6 X137.236 Y83.829 E268.54347
G1 X137.116 Y83.698 E268.54938
G1 X137.019 Y83.433 E268.55876
G1 X137.019 Y80.424 E268.65884
G1 X137.116 Y80.159 E268.66823
G1 X137.235 Y80.027 E268.67414
G1 X137.545 Y79.892 E268.68538
G1 X143.516 Y79.892 E268.88398
G1 X143.516 Y76.352 E269.00172
G1 X129.716 Y76.352 E269.46071
G1 X129.715 Y80.026 E269.58291
G1 X129.657 Y80.249 E269.59057
G1 X129.548 Y80.405 E269.5969
G1 X129.313 Y80.556 E269.60619
G1 X129.116 Y80.588 E269.61283
G1 X125.716 Y80.588 E269.72592
G1 X125.716 Y83.272 E269.81519
G1 X129.116 Y83.272 E269.92827
G1 X129.313 Y83.304 E269.93491
G1 X129.458 Y83.378 E269.94032
G1 X129.603 Y83.52 E269.94707
G1 X129.715 Y83.834 E269.95816
G1 X129.716 Y87.516 E270.08062
G1 X143.516 Y87.516 E270.53961
G1 X143.516 Y83.964 E270.65775
G1 X137.616 Y83.964 E270.85399
G1 X137.408 Y83.928 E270.86101
G1 F1500 E264.36101
G0 F15000 X137.408 Y84.276
G0 X129.629 Y83.859
G0 X129.316 Y83.859
;TYPE:WALL-OUTER
G1 F1500 E270.86101
G1 F1457.6 X129.316 Y87.916 E270.99595
G1 X143.916 Y87.916 E271.48154
G1 X143.916 Y83.783 E271.61901
G1 X143.728 Y83.564 E271.62861
G1 X137.561 Y83.564 E271.83372
G1 X137.449 Y83.476 E271.83846
G1 X137.417 Y83.387 E271.84161
G1 X137.417 Y80.469 E271.93866
G1 X137.449 Y80.381 E271.94177
G1 X137.561 Y80.292 E271.94653
G1 X143.727 Y80.292 E272.15161
G1 X143.916 Y80.082 E272.16101
G1 X143.916 Y75.952 E272.29838
G1 X129.316 Y75.952 E272.78397
G1 X129.314 Y80.023 E272.91938
G1 X129.279 Y80.106 E272.92237
G1 X129.169 Y80.188 E272.92693
G1 X125.316 Y80.188 E273.05509
G1 X125.316 Y83.672 E273.17096
G1 X129.169 Y83.672 E273.29912
G1 X129.279 Y83.754 E273.30368
G1 X129.316 Y83.859 E273.30738
G0 F15000 X129.629 Y83.859
G0 X129.398 Y82.841
;TYPE:FILL
G1 F1457.6 X130.006 Y80.574 E273.38545
G0 F15000 X130.194 Y79.871
G1 F1457.6 X131.009 Y76.831 E273.49013
G0 F15000 X136.314 Y76.832
G1 F1457.6 X138.893 Y79.412 E273.61146
G0 F15000 X142.74 Y79.413
G1 F1457.6 X143.036 Y78.309 E273.64948
G0 F15000 X136.781 Y79.656
G0 X136.781 Y84.204
G0 X143.035 Y84.658
G1 F1457.6 X134.16 Y87.037 E273.95508
G0 F15000 X140.697 Y87.037
G1 F1457.6 X141.392 Y84.443 E274.0444
G0 F15000 X141.392 Y84.576
;MESH:NONMESH
G0 F300 X141.392 Y84.576 Z7
G0 F15000 X137.272 Y84.276
G0 X137.272 Y84.16
;TIME_ELAPSED:490.528720
;LAYER:34
;note -- min layer time used
;TYPE:WALL-INNER
;MESH:WheelAdapter_v9.stl
G1 F1454 X136.986 Y83.997 E274.05535
G1 X136.787 Y83.78 E274.06514
G1 X136.672 Y83.552 E274.07364
G1 X136.623 Y83.341 E274.08084
G1 X136.617 Y80.556 E274.17347
G1 X136.672 Y80.319 E274.18156
G1 X136.787 Y80.091 E274.19006
G1 X136.987 Y79.874 E274.19987
G1 X137.273 Y79.712 E274.2108
G1 X137.495 Y79.652 E274.21845
G1 X143.116 Y79.652 E274.40541
G1 X143.116 Y76.868 E274.498
G1 X130.116 Y76.868 E274.93039
G1 X130.114 Y80.169 E275.04018
G1 X130.078 Y80.376 E275.04717
G1 X129.944 Y80.662 E275.05767
G1 X129.709 Y80.906 E275.06894
G1 X129.462 Y81.039 E275.07827
G1 X129.116 Y81.1 E275.08995
G1 X126.116 Y81.1 E275.18973
G1 X126.116 Y82.772 E275.24534
G1 X129.116 Y82.772 E275.34513
G1 X129.462 Y82.833 E275.35681
G1 X129.709 Y82.966 E275.36614
G1 X129.858 Y83.1 E275.37281
G1 X130.027 Y83.359 E275.38309
G1 X130.114 Y83.702 E275.39486
G1 X130.116 Y87 E275.50455
G1 X143.116 Y87 E275.93694
G1 X143.116 Y84.22 E276.0294
G1 X137.616 Y84.22 E276.21233
G1 X137.272 Y84.16 E276.22394
G0 F15000 X137.409 Y83.784
G1 F1454 X137.238 Y83.687 E276.23048
G1 X137.118 Y83.556 E276.23639
G1 X137.02 Y83.293 E276.24573
G1 X137.02 Y80.579 E276.33599
G1 X137.118 Y80.315 E276.34536
G1 X137.238 Y80.185 E276.35124
G1 X137.541 Y80.052 E276.36225
G1 X143.516 Y80.052 E276.56098
G1 X143.516 Y76.468 E276.68018
G1 X129.716 Y76.468 E277.13917
G1 X129.715 Y80.142 E277.26137
G1 X129.644 Y80.387 E277.26986
G1 X129.472 Y80.584 E277.27855
G1 X129.324 Y80.664 E277.28415
G1 X129.116 Y80.7 E277.29117
G1 X125.716 Y80.7 E277.40426
G1 X125.716 Y83.172 E277.48647
G1 X129.116 Y83.172 E277.59956
G1 X129.324 Y83.208 E277.60658
G1 X129.472 Y83.288 E277.61218
G1 X129.613 Y83.434 E277.61893
G1 X129.715 Y83.73 E277.62934
G1 X129.716 Y87.4 E277.7514
G1 X143.516 Y87.4 E278.21039
G1 X143.516 Y83.82 E278.32947
G1 X137.616 Y83.82 E278.5257
G1 X137.409 Y83.784 E278.53269
G1 F1500 E272.03269
G0 F15000 X137.408 Y84.132
G0 X129.629 Y83.731
G0 X129.316 Y83.731
;TYPE:WALL-OUTER
G1 F1500 E278.53269
G1 F1454 X129.316 Y87.8 E278.66802
G1 X143.916 Y87.8 E279.15362
G1 X143.916 Y83.667 E279.29109
G1 X143.7 Y83.42 E279.302
G1 X137.562 Y83.42 E279.50615
G1 X137.45 Y83.332 E279.51089
G1 X137.417 Y83.245 E279.51398
G1 X137.417 Y80.627 E279.60106
G1 X137.49 Y80.496 E279.60605
G1 X137.581 Y80.454 E279.60938
G1 X143.721 Y80.452 E279.8136
G1 X143.916 Y80.199 E279.82422
G1 X143.916 Y76.068 E279.96162
G1 X129.316 Y76.068 E280.44722
G1 X129.314 Y80.135 E280.58248
G1 X129.265 Y80.235 E280.58619
G1 X129.168 Y80.3 E280.59007
G1 X125.316 Y80.3 E280.71819
G1 X125.316 Y83.572 E280.82702
G1 X129.116 Y83.572 E280.95341
G1 X129.235 Y83.61 E280.95756
G1 X129.316 Y83.731 E280.9624
G0 F15000 X129.629 Y83.731
G0 X129.284 Y82.724
;TYPE:FILL
G1 F1454 X129.754 Y80.97 E281.0228
G0 F15000 X129.6 Y81.545
G1 F1454 X129.6 Y82.682 E281.06062
G0 F15000 X126.8 Y82.572
G1 F1454 X126.8 Y81.3 E281.10292
G0 F15000 X129.957 Y80.939
G0 X130.195 Y79.325
G1 F1454 X130.831 Y76.948 E281.18476
G0 F15000 X136.629 Y76.948
G1 F1454 X139.253 Y79.572 E281.30819
G0 F15000 X142.551 Y79.572
G1 F1454 X143.036 Y77.764 E281.37045
G0 F15000 X136.781 Y79.815
G0 X136.781 Y84.06
G0 X141.285 Y84.3
G1 F1454 X140.583 Y86.92 E281.46066
G0 F15000 X143.036 Y84.804
G1 F1454 X135.14 Y86.92 E281.73255
G0 F15000 X135.14 Y86.792
;MESH:NONMESH
G0 F300 X135.14 Y86.792 Z7.2
G0 F15000 X137.276 Y84.132
G0 X137.277 Y83.97
;TIME_ELAPSED:503.647834
;LAYER:35
;note -- min layer time used
;TYPE:WALL-INNER
;MESH:WheelAdapter_v9.stl
G1 F1482.3 X136.994 Y83.812 E281.74333
G1 X136.794 Y83.6 E281.75303
G1 X136.677 Y83.375 E281.76146
G1 X136.618 Y83.138 E281.76959
G1 X136.618 Y80.74 E281.84934
G1 X136.678 Y80.503 E281.85747
G1 X136.796 Y80.279 E281.8659
G1 X136.996 Y80.067 E281.87559
G1 X137.279 Y79.91 E281.88635
G1 X137.616 Y79.852 E281.89773
G1 X143.116 Y79.852 E282.08066
G1 X143.116 Y76.984 E282.17605
G1 X130.116 Y76.984 E282.60843
G1 X130.113 Y80.368 E282.72098
G1 X130.04 Y80.617 E282.72961
G1 X129.885 Y80.873 E282.73957
G1 X129.741 Y81.013 E282.74625
G1 X129.488 Y81.161 E282.75599
G1 X129.116 Y81.232 E282.76859
G1 X126.116 Y81.232 E282.86837
G1 X126.116 Y82.632 E282.91493
G1 X129.116 Y82.632 E283.01472
G1 X129.488 Y82.703 E283.02731
G1 X129.741 Y82.851 E283.03706
G1 X129.885 Y82.991 E283.04374
G1 X130.04 Y83.247 E283.05369
G1 X130.114 Y83.515 E283.06294
G1 X130.116 Y86.884 E283.17499
G1 X143.116 Y86.884 E283.60738
G1 X143.116 Y84.028 E283.70237
G1 X137.616 Y84.028 E283.8853
G1 X137.277 Y83.97 E283.89674
G0 F15000 X137.413 Y83.593
G1 F1482.3 X137.243 Y83.499 E283.9032
G1 X137.123 Y83.371 E283.90903
G1 X137.021 Y83.111 E283.91832
G1 X137.021 Y80.768 E283.99625
G1 X137.124 Y80.508 E284.00555
G1 X137.244 Y80.381 E284.01136
G1 X137.413 Y80.287 E284.0178
G1 X137.616 Y80.252 E284.02465
G1 X143.516 Y80.252 E284.22088
G1 X143.516 Y76.584 E284.34288
G1 X129.716 Y76.584 E284.80187
G1 X129.715 Y80.313 E284.9259
G1 X129.578 Y80.617 E284.93699
G1 X129.339 Y80.79 E284.9468
G1 X129.116 Y80.832 E284.95435
G1 X125.716 Y80.832 E285.06743
G1 X125.716 Y83.032 E285.14061
G1 X129.116 Y83.032 E285.25369
G1 X129.339 Y83.074 E285.26124
G1 X129.578 Y83.247 E285.27105
G1 X129.711 Y83.547 E285.28196
G1 X129.716 Y87.284 E285.40626
G1 X143.516 Y87.284 E285.86525
G1 X143.51 Y83.628 E285.98685
G1 X137.616 Y83.628 E286.18288
G1 X137.413 Y83.593 E286.18973
G1 F1500 E279.68973
G0 F15000 X137.412 Y83.938
G0 X129.996 Y84.336
G0 X129.629 Y83.603
G0 X129.315 Y83.603
;TYPE:WALL-OUTER
G1 F1500 E286.18973
G1 F1482.3 X129.316 Y87.684 E286.32547
G1 X143.916 Y87.684 E286.81107
G1 X143.916 Y83.506 E286.95003
G1 X143.714 Y83.228 E286.96146
G1 X137.562 Y83.228 E287.16607
G1 X137.451 Y83.143 E287.17072
G1 X137.417 Y83.056 E287.17383
G1 X137.417 Y80.824 E287.24807
G1 X137.452 Y80.737 E287.25119
G1 X137.562 Y80.652 E287.25581
G1 X143.689 Y80.652 E287.45959
G1 X143.916 Y80.363 E287.47182
G1 X143.916 Y76.184 E287.61081
G1 X129.316 Y76.184 E288.09641
G1 X129.314 Y80.267 E288.23221
G1 X129.27 Y80.361 E288.23566
G1 X129.172 Y80.432 E288.23969
G1 X125.316 Y80.432 E288.36794
G1 X125.316 Y83.432 E288.46772
G1 X129.172 Y83.432 E288.59597
G1 X129.27 Y83.503 E288.59999
G1 X129.315 Y83.603 E288.60364
G0 F15000 X129.629 Y83.603
G0 X130.54 Y84.429
G0 X130.524 Y79.425
G0 X130.196 Y78.771
;TYPE:FILL
G1 F1482.3 X130.653 Y77.063 E288.66245
G0 F15000 X136.946 Y77.064
G1 F1482.3 X139.654 Y79.772 E288.78982
G0 F15000 X142.351 Y79.772
G1 F1482.3 X143.036 Y77.215 E288.87787
G0 F15000 X136.781 Y80.015
G0 X136.781 Y83.866
G0 X141.189 Y84.107
G1 F1482.3 X140.467 Y86.804 E288.97073
G0 F15000 X143.036 Y84.951
G1 F1482.3 X136.121 Y86.804 E289.20884
G0 F15000 X130.284 Y84.12
G0 X129.957 Y82.797
G0 X129.107 Y82.531
G0 X129.116 Y82.202
;TYPE:SKIN
G1 F1098 X126.546 Y82.202 E289.32424
G1 X126.546 Y81.662 E289.34848
G1 X129.116 Y81.662 E289.46388
G1 F1261.5 X129.645 Y81.481 E289.48573
G1 F1482.3 X129.941 Y81.31 E289.4971
G1 X130.156 Y81.102 E289.50705
G1 X130.156 Y82.758 E289.56213
G1 X129.941 Y82.55 E289.57208
G1 X129.645 Y82.379 E289.58345
G1 F1261.5 X129.116 Y82.202 E289.60525
G0 F15000 X129.77 Y81.927
G1 F1195.4 X129.739 Y81.981 E289.60781
G1 X129.677 Y81.981 E289.61037
G1 X129.646 Y81.927 E289.61294
G1 X129.677 Y81.873 E289.61551
G1 X129.739 Y81.873 E289.61806
G1 X129.77 Y81.927 E289.62063
G0 F15000 X130.719 Y81.927
;MESH:NONMESH
G0 F300 X130.719 Y81.927 Z7.4
G0 F15000 X136.781 Y83.866
G0 X137.615 Y83.938
G0 X137.616 Y83.724
;TIME_ELAPSED:517.283558
;LAYER:36
;note -- min layer time used
;TYPE:WALL-INNER
;MESH:WheelAdapter_v9.stl
G1 F1524.3 X137.29 Y83.67 E289.63162
G1 X137.014 Y83.523 E289.64202
G1 X136.814 Y83.323 E289.65143
G1 X136.691 Y83.107 E289.6597
G1 X136.619 Y82.811 E289.66983
G1 X136.619 Y81.058 E289.72814
G1 X136.691 Y80.761 E289.7383
G1 X136.814 Y80.545 E289.74657
G1 X137.014 Y80.344 E289.756
G1 X137.29 Y80.198 E289.76638
G1 X137.497 Y80.144 E289.7735
G1 X143.116 Y80.144 E289.96039
G1 X143.116 Y77.1 E290.06163
G1 X130.116 Y77.1 E290.49401
G1 X130.113 Y80.498 E290.60703
G1 X130.054 Y80.76 E290.61596
G1 X129.92 Y81.008 E290.62534
G1 X129.785 Y81.157 E290.63203
G1 X129.527 Y81.325 E290.64227
G1 X129.116 Y81.412 E290.65624
G1 X126.116 Y81.412 E290.75602
G1 X126.116 Y82.464 E290.79101
G1 X129.116 Y82.464 E290.89079
G1 X129.527 Y82.551 E290.90476
G1 X129.785 Y82.719 E290.915
G1 X129.92 Y82.868 E290.92169
G1 X130.054 Y83.116 E290.93106
G1 X130.113 Y83.377 E290.93996
G1 X130.116 Y86.768 E291.05275
G1 X143.116 Y86.768 E291.48513
G1 X143.116 Y83.724 E291.58638
G1 X137.616 Y83.724 E291.76931
G0 F15000 X137.616 Y83.324
G1 F1524.3 X137.42 Y83.292 E291.77591
G1 X137.255 Y83.204 E291.78213
G1 X137.135 Y83.083 E291.7878
G1 X137.024 Y82.828 E291.79705
G1 X137.018 Y81.061 E291.85582
G1 X137.135 Y80.785 E291.86579
G1 X137.255 Y80.664 E291.87146
G1 X137.543 Y80.544 E291.88184
G1 X143.464 Y80.544 E292.07877
G1 X143.516 Y80.457 E292.08214
G1 X143.516 Y76.7 E292.2071
G1 X129.716 Y76.7 E292.66609
G1 X129.717 Y80.486 E292.79201
G1 X129.665 Y80.657 E292.79796
G1 X129.518 Y80.859 E292.80627
G1 X129.363 Y80.96 E292.81242
G1 X129.116 Y81.012 E292.82081
G1 X125.716 Y81.012 E292.9339
G1 X125.716 Y82.864 E292.9955
G1 X129.116 Y82.864 E293.10858
G1 X129.363 Y82.916 E293.11698
G1 X129.518 Y83.017 E293.12313
G1 X129.679 Y83.255 E293.13269
G1 X129.714 Y83.411 E293.138
G1 X129.716 Y87.168 E293.26296
G1 X143.516 Y87.168 E293.72195
G1 X143.516 Y83.43 E293.84628
G1 X143.459 Y83.324 E293.85028
G1 X137.616 Y83.324 E294.04462
G1 F1500 E287.54462
G0 F15000 X137.615 Y83.634
G0 X130.316 Y86.608
G0 X129.629 Y83.446
G0 X129.316 Y83.446
;TYPE:WALL-OUTER
G1 F1500 E294.04462
G1 F1524.3 X129.316 Y87.568 E294.18172
G1 X143.916 Y87.568 E294.66732
G1 X143.916 Y83.328 E294.80834
G1 X143.699 Y82.924 E294.82359
G1 X137.564 Y82.924 E295.02764
G1 X137.455 Y82.844 E295.03214
G1 X137.418 Y82.759 E295.03522
G1 X137.416 Y81.126 E295.08954
G1 X137.455 Y81.024 E295.09317
G1 X137.581 Y80.946 E295.0981
G1 X143.69 Y80.944 E295.30128
G1 X143.916 Y80.568 E295.31588
G1 X143.916 Y76.3 E295.45783
G1 X129.316 Y76.3 E295.94343
G1 X129.314 Y80.447 E296.08136
G1 X129.178 Y80.612 E296.08847
G1 X125.316 Y80.612 E296.21692
G1 X125.316 Y83.264 E296.30513
G1 X129.178 Y83.264 E296.43358
G1 X129.277 Y83.344 E296.43781
G1 X129.316 Y83.446 E296.44144
G0 F15000 X129.629 Y83.446
G0 X129.594 Y82.405
G0 X126.034 Y82.546
G0 X126.034 Y81.33
G0 X129.505 Y81.333
G0 X130.196 Y78.225
;TYPE:FILL
G1 F1524.3 X130.476 Y77.18 E296.47742
G0 F15000 X136.647 Y77.3
G1 F1524.3 X136.64 Y80.449 E296.58216
G0 F15000 X137.041 Y80.106
G1 F1524.3 X137.047 Y77.3 E296.67549
G0 F15000 X137.261 Y77.18
G1 F1524.3 X140.145 Y80.064 E296.81114
G0 F15000 X142.127 Y80.064
G1 F1524.3 X142.9 Y77.18 E296.91045
G0 F15000 X136.781 Y80.306
G0 X136.781 Y83.562
G0 X141.125 Y83.803
G1 F1524.3 X140.352 Y86.689 E297.00982
G0 F15000 X143.036 Y85.097
G1 F1524.3 X137.098 Y86.688 E297.21429
G0 F15000 X136.628 Y86.568
G1 F1524.3 X136.635 Y83.41 E297.31932
G0 F15000 X130.316 Y86.608
G0 X130.048 Y82.771
G0 X129.106 Y82.363
G0 X129.147 Y82.121
;TYPE:SKIN
G1 F1647.9 X126.459 Y82.121 E297.40202
G1 F1665.9 X126.459 Y81.755 E297.41316
G1 F1647.9 X129.146 Y81.755 E297.49583
G1 F1479.9 X129.724 Y81.692 E297.51575
G1 F1300.1 X130.093 Y81.457 E297.53281
G1 F1249.4 X130.093 Y82.415 E297.57168
G1 F1300.1 X129.722 Y82.179 E297.58883
G1 F1479.9 X129.147 Y82.121 E297.60863
;MESH:NONMESH
G0 F300 X129.147 Y82.121 Z7.6
G0 F15000 X129.106 Y82.363
G0 X129.957 Y82.629
G0 X130.116 Y83.061
;TIME_ELAPSED:531.229492
;LAYER:37
;note -- min layer time used
;TYPE:WALL-INNER
;MESH:WheelAdapter_v9.stl
G1 F1653 X130.116 Y86.652 E297.72806
G1 X143.116 Y86.652 E298.16044
G1 X143.116 Y83.212 E298.27486
G1 X143.043 Y83.04 E298.28107
G1 X142.859 Y82.464 E298.30119
G1 X142.811 Y81.809 E298.32303
G1 X142.913 Y81.179 E298.34426
G1 X143.116 Y80.673 E298.36239
G1 X143.116 Y77.216 E298.47737
G1 X130.116 Y77.216 E298.90975
G1 X130.116 Y80.79 E299.02862
G1 X129.965 Y81.154 E299.04173
G1 X129.846 Y81.308 E299.0482
G1 X129.587 Y81.507 E299.05907
G1 F1466.1 X129.116 Y81.675 E299.07782
G1 F1317.2 X126.167 Y81.675 E299.20092
G1 X126.167 Y82.177 E299.22187
G1 X129.116 Y82.177 E299.34497
G1 F1466.1 X129.587 Y82.345 E299.36372
G1 F1653 X129.846 Y82.544 E299.37458
G1 X129.965 Y82.698 E299.38106
G1 X130.116 Y83.061 E299.39413
G0 F15000 X129.66 Y82.973
G1 F1653 X129.716 Y83.228 E299.40281
G1 X129.716 Y87.052 E299.53
G1 X143.516 Y87.052 E299.98899
G1 X143.516 Y83.113 E300.12
G1 X143.424 Y82.919 E300.12714
G1 X143.254 Y82.386 E300.14575
G1 X143.213 Y81.83 E300.16429
G1 X143.301 Y81.284 E300.18269
G1 X143.516 Y80.75 E300.20184
G1 X143.516 Y76.816 E300.33268
G1 X129.716 Y76.816 E300.79167
G1 X129.716 Y80.718 E300.92145
G1 X129.554 Y81.035 E300.93329
G1 X129.399 Y81.154 E300.93979
G1 X129.116 Y81.224 E300.94949
G1 X125.716 Y81.224 E301.06257
G1 X125.716 Y82.628 E301.10927
G1 X129.116 Y82.628 E301.22235
G1 X129.399 Y82.698 E301.23205
G1 X129.554 Y82.817 E301.23855
G1 X129.66 Y82.973 E301.24482
G0 F15000 X129.316 Y83.162
;TYPE:WALL-OUTER
G1 F1653 X129.316 Y87.452 E301.38751
G1 X143.916 Y87.452 E301.87311
G1 X143.916 Y83.014 E302.02072
G1 X143.805 Y82.797 E302.02882
G1 X143.648 Y82.288 E302.04654
G1 X143.616 Y81.867 E302.06058
G1 X143.695 Y81.376 E302.07712
G1 X143.916 Y80.838 E302.09647
G1 X143.916 Y76.416 E302.24354
G1 X129.316 Y76.416 E302.72914
G1 X129.31 Y80.676 E302.87083
G1 X129.193 Y80.824 E302.8771
G1 X125.316 Y80.824 E303.00605
G1 X125.316 Y83.028 E303.07936
G1 X129.189 Y83.028 E303.20818
G1 X129.316 Y83.162 E303.21432
G0 F15000 X129.629 Y83.162
G0 X129.662 Y82.203
G0 X128.716 Y81.926
G0 X129.483 Y81.719
G0 X130.196 Y77.678
;TYPE:FILL
G1 F1653 X130.298 Y77.295 E303.2275
G0 F15000 X137.578 Y77.296
G1 F1653 X139.696 Y79.414 E303.32712
G0 F15000 X139.696 Y79.194
G0 X142.154 Y79.194
G0 X142.154 Y79.415
G1 F1653 X142.721 Y77.296 E303.40008
G0 F15000 X136.391 Y79.266
G0 X136.391 Y84.594
G0 X140.806 Y84.666
G0 X140.806 Y84.446
G1 F1653 X140.236 Y86.573 E303.47332
G0 F15000 X138.079 Y86.572
G1 F1653 X143.036 Y85.244 E303.64401
G0 F15000 X142.963 Y83.445
G0 X142.8 Y82.744
G0 X142.543 Y82.667
;TYPE:SKIN
G1 F1653 X142.696 Y83.151 E303.66089
G1 X142.756 Y83.286 E303.6658
G1 X142.756 Y84.404 E303.70299
G1 X136.576 Y84.404 E303.90854
G1 X136.576 Y79.452 E304.07324
G1 X142.756 Y79.452 E304.27879
G1 X142.756 Y80.6 E304.31697
G1 X142.57 Y81.056 E304.33335
G1 X142.45 Y81.763 E304.3572
G1 X142.488 Y82.375 E304.3776
G1 X142.543 Y82.667 E304.38748
G0 F15000 X142.8 Y82.744
G0 X142.955 Y83.245
G0 X142.944 Y84.594
G0 X142.07 Y84.666
G0 X142.07 Y84.204
G1 F1653 X142.556 Y83.718 E304.41034
G0 F15000 X142.503 Y83.205
G1 F1653 X141.504 Y84.204 E304.45733
G0 F15000 X140.938 Y84.204
G1 F1653 X142.367 Y82.776 E304.52452
G0 F15000 X142.281 Y82.296
G1 F1653 X140.373 Y84.204 E304.61427
G0 F15000 X139.807 Y84.204
G1 F1653 X142.247 Y81.764 E304.72904
G0 F15000 X142.357 Y81.089
G1 F1653 X139.241 Y84.204 E304.87558
G0 F15000 X138.676 Y84.204
G1 F1653 X142.556 Y80.324 E305.05808
G0 F15000 X142.556 Y79.758
G1 F1653 X138.11 Y84.204 E305.26721
G0 F15000 X137.544 Y84.204
G1 F1653 X142.097 Y79.652 E305.48135
G0 F15000 X141.531 Y79.652
G1 F1653 X136.979 Y84.204 E305.69546
G0 F15000 X136.776 Y83.841
G1 F1653 X140.965 Y79.652 E305.8925
G0 F15000 X140.4 Y79.652
G1 F1653 X136.776 Y83.275 E306.06293
G0 F15000 X136.776 Y82.71
G1 F1653 X139.834 Y79.652 E306.20677
G0 F15000 X139.268 Y79.652
G1 F1653 X136.776 Y82.144 E306.32399
G0 F15000 X136.776 Y81.578
G1 F1653 X138.703 Y79.652 E306.41461
G0 F15000 X138.137 Y79.652
G1 F1653 X136.776 Y81.013 E306.47862
G0 F15000 X136.776 Y80.447
G1 F1653 X137.571 Y79.652 E306.51602
G0 F15000 X137.005 Y79.652
G1 F1653 X136.776 Y79.881 E306.52679
G0 F15000 X136.319 Y79.881
G0 X130.419 Y82.329
G0 X130.156 Y82.329
G1 F1648.9 X129.782 Y82.044 E306.54247
G1 X129.518 Y81.924 E306.55214
G1 X129.782 Y81.804 E306.56181
G1 X130.156 Y81.518 E306.5775
G1 X130.156 Y82.329 E306.60455
G0 F15000 X130.719 Y82.329
;MESH:NONMESH
G0 F300 X130.719 Y82.329 Z7.8
G0 F15000 X130.341 Y83.625
G0 X129.964 Y82.435
G0 X126.104 Y81.94
;TIME_ELAPSED:546.173641
;LAYER:38
;note -- min layer time used
;TYPE:WALL-INNER
;MESH:WheelAdapter_v9.stl
G1 F1669.4 X129.116 Y81.94 E306.69871
G0 F15000 X129.957 Y82.09
G0 X130.116 Y82.798
G1 F1569.2 X130.116 Y86.54 E306.82317
G1 X143.116 Y86.54 E307.25556
G1 X143.116 Y82.677 E307.38404
G1 X143.066 Y82.489 E307.39051
G1 X143.01 Y81.804 E307.41337
G1 X143.116 Y81.19 E307.43409
G1 X143.116 Y77.332 E307.56241
G1 X130.116 Y77.332 E307.99479
G1 X130.116 Y81.082 E308.11952
G1 X129.99 Y81.475 E308.13324
G1 X129.688 Y81.772 E308.14733
G1 F1617.7 X129.116 Y81.94 E308.16657
G1 X129.688 Y82.108 E308.1858
G1 F1569.2 X129.99 Y82.405 E308.19989
G1 X130.116 Y82.798 E308.21361
G0 F15000 X129.716 Y82.85
G1 F1569.2 X129.716 Y86.94 E308.34965
G1 X143.516 Y86.94 E308.80864
G1 X143.516 Y82.614 E308.95252
G1 X143.46 Y82.422 E308.95917
G1 X143.413 Y81.826 E308.97906
G1 X143.516 Y81.236 E308.99898
G1 X143.516 Y76.932 E309.14213
G1 X129.716 Y76.932 E309.60112
G1 X129.716 Y81.03 E309.73742
G1 X129.604 Y81.302 E309.7472
G1 X129.46 Y81.444 E309.75393
G1 X129.116 Y81.552 E309.76592
G1 X125.716 Y81.552 E309.87901
G1 X125.716 Y82.328 E309.90482
G1 X129.116 Y82.328 E310.0179
G1 X129.46 Y82.436 E310.02989
G1 X129.604 Y82.578 E310.03662
G1 X129.716 Y82.85 E310.0464
G0 F15000 X129.316 Y82.886
;TYPE:WALL-OUTER
G1 F1569.2 X129.316 Y87.34 E310.19454
G1 X143.916 Y87.34 E310.68014
G1 X143.916 Y82.552 E310.83939
G1 X143.854 Y82.354 E310.84629
G1 X143.818 Y81.827 E310.86386
G1 X143.898 Y81.347 E310.88005
G1 X143.916 Y81.289 E310.88207
G1 X143.916 Y76.532 E311.04028
G1 X129.316 Y76.532 E311.52588
G1 X129.316 Y80.994 E311.67429
G1 X129.231 Y81.116 E311.67923
G1 X129.116 Y81.152 E311.68324
G1 X125.316 Y81.152 E311.80963
G1 X125.316 Y82.728 E311.86205
G1 X129.116 Y82.728 E311.98844
G1 X129.231 Y82.764 E311.99245
G1 X129.316 Y82.886 E311.99739
G0 F15000 X129.629 Y82.886
G0 X137.894 Y77.412
;TYPE:FILL
G1 F1569.2 X140.055 Y79.573 E312.09904
G0 F15000 X140.055 Y79.353
G0 X141.965 Y79.353
G0 X141.965 Y79.574
G1 F1569.2 X142.544 Y77.412 E312.17348
G0 F15000 X142.944 Y79.425
G0 X142.944 Y84.451
G0 X140.697 Y84.522
G0 X140.698 Y84.302
G1 F1569.2 X140.12 Y86.461 E312.24782
G0 F15000 X139.044 Y86.46
G1 F1569.2 X143.035 Y85.39 E312.38525
G0 F15000 X142.967 Y82.507
G0 X142.708 Y82.529
;TYPE:SKIN
G1 F1569.2 X142.756 Y82.726 E312.39199
G1 X142.756 Y84.26 E312.44301
G1 X136.576 Y84.26 E312.64856
G1 X136.576 Y79.612 E312.80315
G1 X142.756 Y79.612 E313.0087
G1 X142.756 Y81.146 E313.05972
G1 X142.65 Y81.758 E313.08038
G1 X142.708 Y82.529 E313.1061
G0 F15000 X142.967 Y82.507
G0 X143.016 Y80.331
G0 X142.556 Y80.331
G1 F1569.2 X142.037 Y79.812 E313.13051
G0 F15000 X141.472 Y79.812
G1 F1569.2 X142.556 Y80.897 E313.18152
G0 F15000 X142.507 Y81.413
G1 F1569.2 X140.906 Y79.812 E313.25683
G0 F15000 X140.34 Y79.812
G1 F1569.2 X142.459 Y81.93 E313.35647
G0 F15000 X142.509 Y82.546
G1 F1569.2 X139.775 Y79.812 E313.48507
G0 F15000 X139.209 Y79.812
G1 F1569.2 X142.556 Y83.159 E313.6425
G0 F15000 X142.556 Y83.725
G1 F1569.2 X138.643 Y79.812 E313.82656
G0 F15000 X138.077 Y79.812
G1 F1569.2 X142.326 Y84.06 E314.0264
G0 F15000 X141.76 Y84.06
G1 F1569.2 X137.512 Y79.812 E314.22621
G0 F15000 X136.946 Y79.812
G1 F1569.2 X141.194 Y84.06 E314.42602
G0 F15000 X140.629 Y84.06
G1 F1569.2 X136.776 Y80.208 E314.60723
G0 F15000 X136.776 Y80.774
G1 F1569.2 X140.063 Y84.06 E314.76182
G0 F15000 X139.497 Y84.06
G1 F1569.2 X136.776 Y81.339 E314.88981
G0 F15000 X136.776 Y81.905
G1 F1569.2 X138.932 Y84.06 E314.99119
G0 F15000 X138.366 Y84.06
G1 F1569.2 X136.776 Y82.471 E315.06596
G0 F15000 X136.776 Y83.036
G1 F1569.2 X137.8 Y84.06 E315.11413
G0 F15000 X137.235 Y84.06
G1 F1569.2 X136.776 Y83.602 E315.13569
G0 F15000 X136.019 Y83.602
;MESH:NONMESH
G0 F300 X136.019 Y83.602 Z8
G0 F15000 X130.114 Y82.263
;TIME_ELAPSED:559.984763
;LAYER:39
;note -- min layer time used
;TYPE:WALL-INNER
;MESH:WheelAdapter_v9.stl
G1 F1445.7 X130.116 Y86.424 E315.27409
G1 X143.116 Y86.424 E315.70647
G1 X143.116 Y77.448 E316.00501
G1 X130.116 Y77.448 E316.43739
G1 X130.113 Y81.581 E316.57486
G1 X130.014 Y81.914 E316.58641
G1 X130.114 Y82.263 E316.59849
G0 F15000 X129.715 Y82.292
G1 F1445.7 X129.716 Y86.824 E316.74922
G1 X143.516 Y86.824 E317.20821
G1 X143.516 Y77.048 E317.53336
G1 X129.716 Y77.048 E317.99235
G1 X129.712 Y81.566 E318.14262
G1 X129.627 Y81.808 E318.15115
G1 X129.436 Y81.914 E318.15842
G1 X129.627 Y82.02 E318.16568
G1 X129.715 Y82.292 E318.17519
G0 F15000 X129.316 Y82.321
;TYPE:WALL-OUTER
G1 F1445.7 X129.316 Y87.224 E318.33827
G1 X143.916 Y87.224 E318.82387
G1 X143.916 Y76.648 E319.17562
G1 X129.316 Y76.648 E319.66122
G1 X129.314 Y81.523 E319.82337
G1 X129.287 Y81.598 E319.82602
G1 F1407 X129.116 Y81.703 E319.83287
G1 F1373.6 X125.326 Y81.706 E319.96555
G1 F1376.8 X125.326 Y82.126 E319.98022
G1 F1373.6 X129.116 Y82.125 E320.11289
G1 F1407 X129.287 Y82.23 E320.11975
G1 F1445.7 X129.316 Y82.321 E320.12292
G0 F15000 X129.629 Y82.321
G0 X138.209 Y77.528
;TYPE:FILL
G1 F1445.7 X140.454 Y79.773 E320.22852
G0 F15000 X140.454 Y79.553
G0 X141.766 Y79.553
G0 X141.766 Y79.773
G1 F1445.7 X142.367 Y77.528 E320.30582
G0 F15000 X142.944 Y79.625
G0 X142.944 Y84.257
G0 X140.603 Y84.328
G0 X140.604 Y84.108
G1 F1445.7 X140.005 Y86.344 E320.38281
G1 X140.022 Y86.344
G1 X143.035 Y85.536 E320.48657
G0 F15000 X143.016 Y84.068
G0 X142.756 Y84.068
;TYPE:SKIN
G1 F1445.7 X136.576 Y84.068 E320.69211
G1 X136.576 Y79.812 E320.83367
G1 X142.756 Y79.812 E321.03922
G1 X142.756 Y84.068 E321.18077
G0 F15000 X142.556 Y83.719
G1 F1445.7 X142.406 Y83.868 E321.1878
G0 F15000 X141.841 Y83.868
G1 F1445.7 X142.556 Y83.153 E321.22144
G0 F15000 X142.556 Y82.587
G1 F1445.7 X141.275 Y83.868 E321.28169
G0 F15000 X140.709 Y83.868
G1 F1445.7 X142.556 Y82.022 E321.36854
G0 F15000 X142.556 Y81.456
G1 F1445.7 X140.144 Y83.868 E321.482
G0 F15000 X139.578 Y83.868
G1 F1445.7 X142.556 Y80.89 E321.62207
G0 F15000 X142.556 Y80.325
G1 F1445.7 X139.012 Y83.868 E321.78875
G0 F15000 X138.447 Y83.868
G1 F1445.7 X142.302 Y80.012 E321.9701
G0 F15000 X141.737 Y80.012
G1 F1445.7 X137.881 Y83.868 E322.15147
G0 F15000 X137.315 Y83.868
G1 F1445.7 X141.171 Y80.012 E322.33285
G0 F15000 X140.605 Y80.012
G1 F1445.7 X136.776 Y83.841 E322.51295
G0 F15000 X136.776 Y83.275
G1 F1445.7 X140.04 Y80.012 E322.66646
G0 F15000 X139.474 Y80.012
G1 F1445.7 X136.776 Y82.71 E322.79336
G0 F15000 X136.776 Y82.144
G1 F1445.7 X138.908 Y80.012 E322.89365
G0 F15000 X138.343 Y80.012
G1 F1445.7 X136.776 Y81.578 E322.96733
G0 F15000 X136.776 Y81.013
G1 F1445.7 X137.777 Y80.012 E323.01441
G0 F15000 X137.211 Y80.012
G1 F1445.7 X136.776 Y80.447 E323.03487
G0 F15000 X136.019 Y80.447
;MESH:NONMESH
G0 F300 X136.019 Y80.447 Z8.2
G0 F15000 X136.391 Y84.256
G0 X143.116 Y86.308
;TIME_ELAPSED:573.313858
;LAYER:40
;note -- min layer time used
;TYPE:WALL-INNER
;MESH:WheelAdapter_v9.stl
G1 F1327.9 X143.116 Y77.56 E323.32583
G1 X130.116 Y77.56 E323.75822
G1 X130.116 Y86.308 E324.04917
G1 X143.116 Y86.308 E324.48156
G0 F15000 X143.516 Y86.708
G1 F1327.9 X143.516 Y77.16 E324.79912
G1 X129.716 Y77.16 E325.25811
G1 X129.716 Y86.708 E325.57568
G1 X143.516 Y86.708 E326.03467
G0 F15000 X143.916 Y87.108
;TYPE:WALL-OUTER
G1 F1327.9 X143.916 Y76.76 E326.37885
G1 X129.316 Y76.76 E326.86445
G1 X129.316 Y87.108 E327.20862
G1 X143.916 Y87.108 E327.69422
G0 F15000 X143.639 Y86.829
G0 X143.035 Y85.683
;TYPE:FILL
G1 F1327.9 X141.003 Y86.228 E327.76419
G0 F15000 X139.889 Y86.228
G1 F1327.9 X140.539 Y83.805 E327.84763
G0 F15000 X140.538 Y84.024
G0 X142.944 Y83.953
G0 X142.944 Y79.916
G0 X140.945 Y79.844
G0 X140.945 Y80.064
G1 F1327.9 X138.522 Y77.64 E327.96163
G0 F15000 X142.191 Y77.639
G1 F1327.9 X141.541 Y80.065 E328.04516
G0 F15000 X141.541 Y79.844
G0 X142.944 Y79.916
G0 X143.016 Y83.764
G0 X142.756 Y83.764
;TYPE:SKIN
G1 F1327.9 X136.576 Y83.764 E328.25071
G1 X136.576 Y80.104 E328.37244
G1 X142.756 Y80.104 E328.57799
G1 X142.756 Y83.764 E328.69972
G0 F15000 X143.016 Y83.764
G0 X142.944 Y79.916
G0 X141.964 Y79.844
G0 X141.964 Y80.304
G1 F1327.9 X142.556 Y80.897 E328.72759
G0 F15000 X142.556 Y81.462
G1 F1327.9 X141.398 Y80.304 E328.78206
G0 F15000 X140.832 Y80.304
G1 F1327.9 X142.556 Y82.028 E328.86315
G0 F15000 X142.556 Y82.594
G1 F1327.9 X140.267 Y80.304 E328.97084
G0 F15000 X139.701 Y80.304
G1 F1327.9 X142.556 Y83.159 E329.10513
G0 F15000 X142.395 Y83.564
G1 F1327.9 X139.135 Y80.304 E329.25847
G0 F15000 X138.57 Y80.304
G1 F1327.9 X141.829 Y83.564 E329.41179
G0 F15000 X141.264 Y83.564
G1 F1327.9 X138.004 Y80.304 E329.56513
G0 F15000 X137.438 Y80.304
G1 F1327.9 X140.698 Y83.564 E329.71847
G0 F15000 X140.132 Y83.564
G1 F1327.9 X136.873 Y80.304 E329.87179
G0 F15000 X136.776 Y80.774
G1 F1327.9 X139.567 Y83.564 E330.00304
G0 F15000 X139.001 Y83.564
G1 F1327.9 X136.776 Y81.339 E330.1077
G0 F15000 X136.776 Y81.905
G1 F1327.9 X138.435 Y83.564 E330.18573
G0 F15000 X137.87 Y83.564
G1 F1327.9 X136.776 Y82.471 E330.23717
G0 F15000 X136.776 Y83.036
G1 F1327.9 X137.304 Y83.564 E330.262
G0 F15000 X137.303 Y84.324
;MESH:NONMESH
G0 F300 X137.303 Y84.324 Z8.4
G0 F15000 X143.116 Y86.192
;TIME_ELAPSED:586.453266
;LAYER:41
;note -- min layer time used
;TYPE:WALL-INNER
;MESH:WheelAdapter_v9.stl
G1 F1166.3 X143.116 Y77.676 E330.54525
G1 X130.116 Y77.676 E330.97763
G1 X130.116 Y86.192 E331.26087
G1 X143.116 Y86.192 E331.69326
G0 F15000 X143.516 Y86.592
G1 F1166.3 X143.516 Y77.276 E332.00311
G1 X129.716 Y77.276 E332.4621
G1 X129.716 Y86.592 E332.77195
G1 X143.516 Y86.592 E333.23094
G0 F15000 X143.916 Y86.992
;TYPE:WALL-OUTER
G1 F1166.3 X143.916 Y76.876 E333.5674
G1 X129.316 Y76.876 E334.053
G1 X129.316 Y86.992 E334.38945
G1 X143.916 Y86.992 E334.87505
G0 F15000 X143.639 Y86.713
G0 X143.036 Y85.829
;TYPE:FILL
G1 F1166.3 X141.981 Y86.112 E334.91138
G0 F15000 X139.774 Y86.112
G1 F1166.3 X140.62 Y82.955 E335.02009
G0 F15000 X140.619 Y83.175
G0 X142.944 Y83.104
G0 X142.944 Y80.629
G0 X141.204 Y80.557
G0 X141.204 Y80.778
G1 F1166.3 X142.013 Y77.755 E335.12417
G0 F15000 X141.858 Y80.557
G0 X141.858 Y80.777
G1 F1166.3 X138.838 Y77.756 E335.26625
G0 F15000 X142.944 Y80.629
G0 X142.944 Y83.104
G0 X142.756 Y82.916
;TYPE:SKIN
G1 F1166.3 X136.576 Y82.912 E335.4718
G1 X136.576 Y80.816 E335.54151
G1 X142.756 Y80.816 E335.74706
G1 X142.756 Y82.916 E335.8169
G0 F15000 X142.427 Y82.716
G1 F1166.3 X142.556 Y82.587 E335.82297
G0 F15000 X142.556 Y82.022
G1 F1166.3 X141.861 Y82.716 E335.85564
G0 F15000 X141.296 Y82.715
G1 F1166.3 X142.556 Y81.456 E335.91488
G0 F15000 X142.43 Y81.016
G1 F1166.3 X140.731 Y82.715 E335.9948
G0 F15000 X140.166 Y82.715
G1 F1166.3 X141.864 Y81.016 E336.07469
G0 F15000 X141.298 Y81.016
G1 F1166.3 X139.601 Y82.714 E336.15453
G0 F15000 X139.035 Y82.714
G1 F1166.3 X140.733 Y81.016 E336.2344
G0 F15000 X140.167 Y81.016
G1 F1166.3 X138.47 Y82.713 E336.31422
G0 F15000 X137.904 Y82.713
G1 F1166.3 X139.601 Y81.016 E336.39405
G0 F15000 X139.036 Y81.016
G1 F1166.3 X137.339 Y82.712 E336.47384
G0 F15000 X136.776 Y82.71
G1 F1166.3 X138.47 Y81.016 E336.55353
G0 F15000 X137.904 Y81.016
G1 F1166.3 X136.776 Y82.145 E336.60661
G0 F15000 X136.776 Y81.579
G1 F1166.3 X137.339 Y81.016 E336.63309
G0 F15000 X137.339 Y80.257
;MESH:NONMESH
G0 F300 X137.339 Y80.257 Z8.6
G0 F15000 X136.391 Y80.629
G0 X136.391 Y83.103
G0 X143.116 Y86.076
;TIME_ELAPSED:599.261775
;LAYER:42
;note -- min layer time used
;TYPE:WALL-INNER
;MESH:WheelAdapter_v9.stl
G1 F919.2 X143.116 Y77.792 E336.90861
G1 X130.116 Y77.792 E337.341
G1 X130.116 Y86.076 E337.61652
G1 X143.116 Y86.076 E338.04891
G0 F15000 X143.516 Y86.476
G1 F919.2 X143.516 Y77.392 E338.35104
G1 X129.716 Y77.392 E338.81003
G1 X129.716 Y86.476 E339.11217
G1 X143.516 Y86.476 E339.57116
G0 F15000 X143.916 Y86.876
;TYPE:WALL-OUTER
G1 F919.2 X143.916 Y76.992 E339.8999
G1 X129.316 Y76.992 E340.3855
G1 X129.316 Y86.876 E340.71424
G1 X143.916 Y86.876 E341.19984
G0 F15000 X143.639 Y86.598
G0 X139.658 Y85.996
;TYPE:FILL
G1 F919.2 X141.835 Y77.871 E341.47961
G0 F15000 X139.154 Y77.872
G1 F919.2 X143.036 Y81.754 E341.66221
G0 F15000 X130.308 Y85.996
G1 F919.2 X130.196 Y85.884 E341.66747
G0 F15000 X130.329 Y85.868
;MESH:NONMESH
G0 F300 X130.329 Y85.868 Z8.8
G0 F15000 X143.116 Y85.96
;TIME_ELAPSED:610.421609
;LAYER:43
;note -- min layer time used
;TYPE:WALL-INNER
;MESH:WheelAdapter_v9.stl
G1 F908.8 X143.116 Y77.908 E341.93528
G1 X130.116 Y77.908 E342.36767
G1 X130.116 Y85.96 E342.63548
G1 X143.116 Y85.96 E343.06786
G0 F15000 X143.516 Y86.36
G1 F908.8 X143.516 Y77.508 E343.36228
G1 X129.716 Y77.508 E343.82127
G1 X129.716 Y86.36 E344.11569
G1 X143.516 Y86.36 E344.57468
G0 F15000 X143.916 Y86.76
;TYPE:WALL-OUTER
G1 F908.8 X143.916 Y77.108 E344.8957
G1 X129.316 Y77.108 E345.3813
G1 X129.316 Y86.76 E345.70233
G1 X143.916 Y86.76 E346.18793
G0 F15000 X143.639 Y86.482
G0 X139.543 Y85.881
;TYPE:FILL
G1 F908.8 X141.658 Y77.987 E346.45974
G0 F15000 X139.47 Y77.988
G1 F908.8 X143.036 Y81.555 E346.6275
G0 F15000 X130.391 Y85.88
G1 F908.8 X130.196 Y85.685 E346.63667
G0 F15000 X130.329 Y85.685
;MESH:NONMESH
G0 F300 X130.329 Y85.685 Z9
G0 F15000 X143.116 Y85.844
;TIME_ELAPSED:621.550820
;LAYER:44
;note -- min layer time used
;TYPE:WALL-INNER
;MESH:WheelAdapter_v9.stl
G1 F896.7 X143.116 Y78.024 E346.89676
G1 X130.116 Y78.024 E347.32915
G1 X130.116 Y85.844 E347.58924
G1 X143.116 Y85.844 E348.02162
G0 F15000 X143.516 Y86.244
G1 F896.7 X143.516 Y77.624 E348.30833
G1 X129.716 Y77.624 E348.76731
G1 X129.716 Y86.244 E349.05402
G1 X143.516 Y86.244 E349.51301
G0 F15000 X143.916 Y86.644
;TYPE:WALL-OUTER
G1 F896.7 X143.916 Y77.224 E349.82632
G1 X129.316 Y77.224 E350.31192
G1 X129.316 Y86.644 E350.62523
G1 X143.916 Y86.644 E351.11082
G0 F15000 X143.639 Y86.367
G0 X139.429 Y85.764
;TYPE:FILL
G1 F896.7 X141.481 Y78.103 E351.37461
G0 F15000 X139.785 Y78.104
G1 F896.7 X143.036 Y81.355 E351.52753
G0 F15000 X130.475 Y85.764
G1 F896.7 X130.196 Y85.486 E351.54063
G0 F15000 X130.329 Y85.486
;MESH:NONMESH
G0 F300 X130.329 Y85.486 Z9.2
G0 F15000 X143.116 Y85.728
;TIME_ELAPSED:632.663898
;LAYER:45
;note -- min layer time used
;TYPE:WALL-INNER
;MESH:WheelAdapter_v9.stl
G1 F884.7 X143.116 Y78.14 E351.79301
G1 X130.116 Y78.14 E352.22539
G1 X130.116 Y85.728 E352.47777
G1 X143.116 Y85.728 E352.91015
G0 F15000 X143.516 Y86.128
G1 F884.7 X143.516 Y77.74 E353.18913
G1 X129.716 Y77.74 E353.64812
G1 X129.716 Y86.128 E353.92711
G1 X143.516 Y86.128 E354.3861
G0 F15000 X143.916 Y86.528
;TYPE:WALL-OUTER
G1 F884.7 X143.916 Y77.34 E354.69169
G1 X129.316 Y77.34 E355.17729
G1 X129.316 Y86.528 E355.48289
G1 X143.916 Y86.528 E355.96848
G0 F15000 X143.639 Y86.251
G0 X139.313 Y85.648
;TYPE:FILL
G1 F884.7 X141.303 Y78.219 E356.22428
G0 F15000 X140.102 Y78.22
G1 F884.7 X143.036 Y81.155 E356.36231
G0 F15000 X130.559 Y85.648
G1 F884.7 X130.196 Y85.285 E356.37939
G0 F15000 X130.329 Y85.285
;MESH:NONMESH
G0 F300 X130.329 Y85.285 Z9.4
G0 F15000 X143.116 Y85.616
;TIME_ELAPSED:643.758268
;LAYER:46
;note -- min layer time used
;TYPE:WALL-INNER
;MESH:WheelAdapter_v9.stl
G1 F872.8 X143.116 Y78.256 E356.62418
G1 X130.116 Y78.256 E357.05657
G1 X130.116 Y85.616 E357.30136
G1 X143.116 Y85.616 E357.73374
G0 F15000 X143.516 Y86.016
G1 F872.8 X143.516 Y77.856 E358.00514
G1 X129.716 Y77.856 E358.46413
G1 X129.716 Y86.016 E358.73554
G1 X143.516 Y86.016 E359.19453
G0 F15000 X143.916 Y86.416
;TYPE:WALL-OUTER
G1 F872.8 X143.916 Y77.456 E359.49254
G1 X129.316 Y77.456 E359.97814
G1 X129.316 Y86.416 E360.27615
G1 X143.916 Y86.416 E360.76174
G0 F15000 X143.639 Y86.136
G0 X139.197 Y85.536
;TYPE:FILL
G1 F872.8 X141.126 Y78.335 E361.0097
G0 F15000 X140.417 Y78.336
G1 F872.8 X143.036 Y80.955 E361.13289
G0 F15000 X130.646 Y85.536
G1 F872.8 X130.196 Y85.085 E361.15408
G0 F15000 X130.329 Y85.085
;MESH:NONMESH
G0 F300 X130.329 Y85.085 Z9.6
G0 F15000 X143.116 Y85.5
;TIME_ELAPSED:654.830592
;LAYER:47
;note -- min layer time used
;TYPE:WALL-INNER
;MESH:WheelAdapter_v9.stl
G1 F860.7 X143.116 Y78.372 E361.39115
G1 X130.116 Y78.372 E361.82354
G1 X130.116 Y85.5 E362.06061
G1 X143.116 Y85.5 E362.493
G0 F15000 X143.516 Y85.9
G1 F860.7 X143.516 Y77.972 E362.75668
G1 X129.716 Y77.972 E363.21567
G1 X129.716 Y85.9 E363.47936
G1 X143.516 Y85.9 E363.93835
G0 F15000 X143.916 Y86.3
;TYPE:WALL-OUTER
G1 F860.7 X143.916 Y77.572 E364.22864
G1 X129.316 Y77.572 E364.71424
G1 X129.316 Y86.3 E365.00453
G1 X143.916 Y86.3 E365.49013
G0 F15000 X143.639 Y86.02
G0 X139.081 Y85.42
;TYPE:FILL
G1 F860.7 X140.948 Y78.451 E365.7301
G0 F15000 X140.734 Y78.452
G1 F860.7 X143.036 Y80.754 E365.83838
G0 F15000 X130.731 Y85.42
G1 F860.7 X130.196 Y84.885 E365.86354
G0 F15000 X130.329 Y84.885
;MESH:NONMESH
G0 F300 X130.329 Y84.885 Z9.8
G0 F15000 X143.116 Y85.384
;TIME_ELAPSED:665.871684
;LAYER:48
;note -- min layer time used
;TYPE:WALL-INNER
;MESH:WheelAdapter_v9.stl
G1 F849.1 X143.116 Y78.484 E366.09303
G1 X130.116 Y78.484 E366.52542
G1 X130.116 Y85.384 E366.75491
G1 X143.116 Y85.384 E367.18729
G0 F15000 X143.516 Y85.784
G1 F849.1 X143.516 Y78.084 E367.4434
G1 X129.716 Y78.084 E367.90239
G1 X129.716 Y85.784 E368.15849
G1 X143.516 Y85.784 E368.61748
G0 F15000 X143.916 Y86.184
;TYPE:WALL-OUTER
G1 F849.1 X143.916 Y77.684 E368.90019
G1 X129.316 Y77.684 E369.38579
G1 X129.316 Y86.184 E369.6685
G1 X143.916 Y86.184 E370.1541
G0 F15000 X143.639 Y85.905
G0 X138.966 Y85.305
;TYPE:FILL
G1 F849.1 X140.772 Y78.563 E370.38624
G0 F15000 X141.046 Y78.565
G1 F849.1 X143.036 Y80.555 E370.47985
G0 F15000 X130.815 Y85.304
G1 F849.1 X130.196 Y84.685 E370.50896
G0 F15000 X130.329 Y84.685
;MESH:NONMESH
G0 F300 X130.329 Y84.685 Z10
G0 F15000 X143.116 Y85.268
;TIME_ELAPSED:676.913888
;LAYER:49
;note -- min layer time used
;TYPE:WALL-INNER
;MESH:WheelAdapter_v9.stl
G1 F837.3 X143.116 Y78.6 E370.73074
G1 X130.116 Y78.6 E371.16312
G1 X130.116 Y85.268 E371.3849
G1 X143.116 Y85.268 E371.81728
G0 F15000 X143.516 Y85.668
G1 F837.3 X143.516 Y78.2 E372.06567
G1 X129.716 Y78.2 E372.52466
G1 X129.716 Y85.668 E372.77305
G1 X143.516 Y85.668 E373.23204
G0 F15000 X143.916 Y86.068
;TYPE:WALL-OUTER
G1 F837.3 X143.916 Y77.8 E373.50703
G1 X129.316 Y77.8 E373.99263
G1 X129.316 Y86.068 E374.26762
G1 X143.916 Y86.068 E374.75322
G0 F15000 X143.639 Y85.79
G0 X138.85 Y85.189
;TYPE:FILL
G1 F837.3 X140.594 Y78.68 E374.97735
G0 F15000 X141.363 Y78.68
G1 F837.3 X143.036 Y80.354 E375.05606
G0 F15000 X130.9 Y85.188
G1 F837.3 X130.195 Y84.484 E375.0892
G0 F15000 X130.329 Y84.484
;MESH:NONMESH
G0 F300 X130.329 Y84.484 Z10.2
G0 F15000 X143.116 Y85.152
;TIME_ELAPSED:687.980077
;LAYER:50
;note -- min layer time used
;TYPE:WALL-INNER
;MESH:WheelAdapter_v9.stl
G1 F825.6 X143.116 Y78.716 E375.30326
G1 X130.116 Y78.716 E375.73565
G1 X130.116 Y85.152 E375.94971
G1 X143.116 Y85.152 E376.38209
G0 F15000 X143.516 Y85.552
G1 F825.6 X143.516 Y78.316 E376.62276
G1 X129.716 Y78.316 E377.08175
G1 X129.716 Y85.552 E377.32242
G1 X143.516 Y85.552 E377.78141
G0 F15000 X143.916 Y85.952
;TYPE:WALL-OUTER
G1 F825.6 X143.916 Y77.916 E378.04869
G1 X129.316 Y77.916 E378.53429
G1 X129.316 Y85.952 E378.80157
G1 X143.916 Y85.952 E379.28716
G0 F15000 X143.639 Y85.674
G0 X138.735 Y85.073
;TYPE:FILL
G1 F825.6 X140.417 Y78.795 E379.50333
G0 F15000 X141.678 Y78.796
G1 F825.6 X143.036 Y80.155 E379.56723
G0 F15000 X130.983 Y85.072
G1 F825.6 X130.195 Y84.284 E379.6043
G0 F15000 X130.329 Y84.284
;MESH:NONMESH
G0 F300 X130.329 Y84.284 Z10.4
G0 F15000 X143.116 Y85.036
;TIME_ELAPSED:699.062643
;LAYER:51
;note -- min layer time used
;TYPE:WALL-INNER
;MESH:WheelAdapter_v9.stl
G1 F813.9 X143.116 Y78.832 E379.81065
G1 X130.116 Y78.832 E380.24303
G1 X130.116 Y85.036 E380.44937
G1 X143.116 Y85.036 E380.88175
G0 F15000 X143.516 Y85.436
G1 F813.9 X143.516 Y78.432 E381.11471
G1 X129.716 Y78.432 E381.5737
G1 X129.716 Y85.436 E381.80665
G1 X143.516 Y85.436 E382.26564
G0 F15000 X143.916 Y85.836
;TYPE:WALL-OUTER
G1 F813.9 X143.916 Y78.032 E382.5252
G1 X129.316 Y78.032 E383.0108
G1 X129.316 Y85.836 E383.27036
G1 X143.916 Y85.836 E383.75596
G0 F15000 X143.639 Y85.559
G0 X138.62 Y84.956
;TYPE:FILL
G1 F813.9 X140.24 Y78.912 E383.96408
G0 F15000 X141.993 Y78.912
G1 F813.9 X143.036 Y79.955 E384.01314
G0 F15000 X131.066 Y84.955
G1 F813.9 X130.196 Y84.086 E384.05404
G0 F15000 X130.329 Y84.086
;MESH:NONMESH
G0 F300 X130.329 Y84.086 Z10.6
G0 F15000 X143.116 Y84.92
;TIME_ELAPSED:710.157840
;LAYER:52
;note -- min layer time used
;TYPE:WALL-INNER
;MESH:WheelAdapter_v9.stl
G1 F802.1 X143.116 Y78.948 E384.25267
G1 X130.116 Y78.948 E384.68505
G1 X130.116 Y84.92 E384.88368
G1 X143.116 Y84.92 E385.31606
G0 F15000 X143.516 Y85.32
G1 F802.1 X143.516 Y78.548 E385.5413
G1 X129.716 Y78.548 E386.00029
G1 X129.716 Y85.32 E386.22553
G1 X143.516 Y85.32 E386.68452
G0 F15000 X143.916 Y85.72
;TYPE:WALL-OUTER
G1 F802.1 X143.916 Y78.148 E386.93636
G1 X129.316 Y78.148 E387.42196
G1 X129.316 Y85.72 E387.67381
G1 X143.916 Y85.72 E388.15941
G0 F15000 X143.639 Y85.443
G0 X138.504 Y84.84
;TYPE:FILL
G1 F802.1 X140.062 Y79.027 E388.35957
G0 F15000 X142.31 Y79.028
G1 F802.1 X143.036 Y79.755 E388.39374
G0 F15000 X131.151 Y84.839
G1 F802.1 X130.196 Y83.885 E388.43864
G0 F15000 X130.329 Y83.885
;MESH:NONMESH
G0 F300 X130.329 Y83.885 Z10.8
G0 F15000 X143.116 Y84.808
;TIME_ELAPSED:721.263815
;LAYER:53
;note -- min layer time used
;TYPE:WALL-INNER
;MESH:WheelAdapter_v9.stl
G1 F1477.6 X143.116 Y79.064 E388.62969
G1 X130.116 Y79.064 E389.06207
G1 X130.116 Y84.808 E389.25311
G1 X143.116 Y84.808 E389.6855
G0 F15000 X143.516 Y85.208
G1 F1477.6 X143.516 Y78.664 E389.90315
G1 X129.716 Y78.664 E390.36214
G1 X129.716 Y85.208 E390.57979
G1 X143.516 Y85.208 E391.03878
G0 F15000 X143.916 Y85.608
;TYPE:WALL-OUTER
G1 F1477.6 X143.916 Y78.264 E391.28305
G1 X129.316 Y78.264 E391.76864
G1 X129.316 Y85.608 E392.01291
G1 X143.916 Y85.608 E392.49851
G0 F15000 X143.639 Y85.328
G0 X142.916 Y84
;TYPE:FILL
G1 F1477.6 X138.584 Y84 E392.64259
G1 X138.583 Y84
G1 X138.388 Y84.729 E392.66769
G0 F15000 X138.692 Y83.6
G1 F1477.6 X142.916 Y83.6 E392.80818
G0 F15000 X142.916 Y82.8
G1 F1477.6 X138.906 Y82.8 E392.94155
G1 X138.904 Y82.8
G1 X130.316 Y82.8 E393.22719
G0 F15000 X130.316 Y83.2
G1 F1477.6 X138.797 Y83.2 E393.50927
G0 F15000 X139.012 Y82.4
G1 F1477.6 X130.316 Y82.4 E393.7985
G0 F15000 X130.316 Y81.6
G1 F1477.6 X139.226 Y81.6 E394.09485
G0 F15000 X139.12 Y82
G1 F1477.6 X142.916 Y82 E394.2211
G0 F15000 X142.916 Y82.4
G1 F1477.6 X139.013 Y82.4 E394.35092
G0 F15000 X139.333 Y81.2
G1 F1477.6 X130.316 Y81.2 E394.65082
G0 F15000 X130.316 Y80.4
G1 F1477.6 X139.548 Y80.4 E394.95788
G0 F15000 X139.442 Y80.8
G1 F1477.6 X142.916 Y80.8 E395.07343
G0 F15000 X142.916 Y81.2
G1 F1477.6 X139.335 Y81.2 E395.19253
G0 F15000 X139.655 Y80
G1 F1477.6 X130.316 Y80 E395.50315
G0 F15000 X130.316 Y79.6
G1 F1477.6 X139.762 Y79.6 E395.81732
G1 X139.763 Y79.6
G1 X142.916 Y79.6 E395.92219
G1 X143.036 Y79.554
G1 X142.626 Y79.144 E395.94148
G0 F15000 X142.916 Y80
G1 F1477.6 X139.656 Y80 E396.0499
G0 F15000 X139.885 Y79.144
G1 F1477.6 X138.583 Y84 E396.21712
G1 X130.511 Y84 E396.4856
G1 X130.196 Y83.685 E396.50041
G0 F15000 X130.511 Y84
G1 F1477.6 X131.238 Y84.728 E396.53463
G0 F15000 X131.238 Y84.598
;MESH:NONMESH
G0 F300 X131.238 Y84.598 Z11
G0 F15000 X143.116 Y84.692
;TIME_ELAPSED:733.600487
;LAYER:54
;note -- min layer time used
;TYPE:WALL-INNER
;MESH:WheelAdapter_v9.stl
G1 F1736.7 X143.116 Y79.18 E396.71796
G1 X130.116 Y79.18 E397.15034
G1 X130.116 Y84.692 E397.33367
G1 X143.116 Y84.692 E397.76606
G0 F15000 X143.516 Y85.092
G1 F1736.7 X143.516 Y78.78 E397.97599
G1 X129.716 Y78.78 E398.43498
G1 X129.716 Y85.092 E398.64492
G1 X143.516 Y85.092 E399.10391
G0 F15000 X143.916 Y85.492
;TYPE:WALL-OUTER
G1 F1736.7 X143.916 Y78.38 E399.34046
G1 X129.316 Y78.38 E399.82606
G1 X129.316 Y85.492 E400.0626
G1 X143.916 Y85.492 E400.5482
G0 F15000 X143.639 Y85.212
G0 X143.016 Y84.332
G0 X142.756 Y84.332
;TYPE:SKIN
G1 F1736.7 X130.476 Y84.332 E400.95663
G1 X130.476 Y79.54 E401.11602
G1 X142.756 Y79.54 E401.52445
G1 X142.756 Y84.332 E401.68383
G0 F15000 X143.016 Y84.332
G0 X142.944 Y79.352
G0 X141.966 Y79.28
G0 X141.966 Y79.74
G1 F1736.7 X142.556 Y80.331 E401.71161
G0 F15000 X142.556 Y80.897
G1 F1736.7 X141.4 Y79.74 E401.76601
G0 F15000 X140.834 Y79.74
G1 F1736.7 X142.556 Y81.462 E401.847
G0 F15000 X142.556 Y82.028
G1 F1736.7 X140.269 Y79.74 E401.9546
G0 F15000 X139.703 Y79.74
G1 F1736.7 X142.556 Y82.594 E402.08882
G0 F15000 X142.556 Y83.159
G1 F1736.7 X139.137 Y79.74 E402.24964
G0 F15000 X138.572 Y79.74
G1 F1736.7 X142.556 Y83.725 E402.43706
G0 F15000 X142.397 Y84.132
G1 F1736.7 X138.006 Y79.74 E402.64362
G0 F15000 X137.44 Y79.74
G1 F1736.7 X141.831 Y84.132 E402.85018
G0 F15000 X141.266 Y84.132
G1 F1736.7 X136.875 Y79.74 E403.05675
G0 F15000 X136.309 Y79.74
G1 F1736.7 X140.7 Y84.132 E403.26331
G0 F15000 X140.134 Y84.132
G1 F1736.7 X135.743 Y79.74 E403.46987
G0 F15000 X135.178 Y79.74
G1 F1736.7 X139.569 Y84.132 E403.67644
G0 F15000 X139.003 Y84.132
G1 F1736.7 X134.612 Y79.74 E403.883
G0 F15000 X134.046 Y79.74
G1 F1736.7 X138.437 Y84.132 E404.08956
G0 F15000 X137.872 Y84.132
G1 F1736.7 X133.481 Y79.74 E404.29612
G0 F15000 X132.915 Y79.74
G1 F1736.7 X137.306 Y84.132 E404.50269
G0 F15000 X136.74 Y84.132
G1 F1736.7 X132.349 Y79.74 E404.70925
G0 F15000 X131.783 Y79.74
G1 F1736.7 X136.175 Y84.132 E404.91584
G0 F15000 X135.609 Y84.132
G1 F1736.7 X131.218 Y79.74 E405.1224
G0 F15000 X130.676 Y79.764
G1 F1736.7 X135.043 Y84.132 E405.32783
G0 F15000 X134.478 Y84.132
G1 F1736.7 X130.676 Y80.33 E405.50667
G0 F15000 X130.676 Y80.896
G1 F1736.7 X133.912 Y84.132 E405.65888
G0 F15000 X133.346 Y84.132
G1 F1736.7 X130.676 Y81.462 E405.78447
G0 F15000 X130.676 Y82.027
G1 F1736.7 X132.781 Y84.132 E405.88348
G0 F15000 X132.215 Y84.132
G1 F1736.7 X130.676 Y82.593 E405.95587
G0 F15000 X130.676 Y83.159
G1 F1736.7 X131.649 Y84.132 E406.00164
G0 F15000 X131.083 Y84.132
G1 F1736.7 X130.676 Y83.724 E406.0208
;MESH:NONMESH
G0 F300 X130.676 Y83.724 Z11.2
G0 F15000 X130.216 Y83.724
G0 X130.288 Y84.52
G0 X143.116 Y84.576
;TIME_ELAPSED:747.435513
;LAYER:55
;note -- min layer time used
;TYPE:WALL-INNER
;MESH:WheelAdapter_v9.stl
G1 F1680.8 X143.116 Y79.292 E406.19655
G1 X130.116 Y79.292 E406.62893
G1 X130.116 Y84.576 E406.80468
G1 X143.116 Y84.576 E407.23706
G0 F15000 X143.516 Y84.976
G1 F1680.8 X143.516 Y78.892 E407.43941
G1 X129.716 Y78.892 E407.8984
G1 X129.716 Y84.976 E408.10076
G1 X143.516 Y84.976 E408.55975
G0 F15000 X143.916 Y85.376
;TYPE:WALL-OUTER
G1 F1680.8 X143.916 Y78.492 E408.78871
G1 X129.316 Y78.492 E409.27431
G1 X129.316 Y85.376 E409.50327
G1 X143.916 Y85.376 E409.98887
G0 F15000 X143.639 Y85.097
G0 X143.016 Y84.216
G0 X142.756 Y84.216
;TYPE:SKIN
G1 F1680.8 X130.476 Y84.216 E410.3973
G1 X130.476 Y79.652 E410.5491
G1 X142.756 Y79.652 E410.95754
G1 X142.756 Y84.216 E411.10934
G0 F15000 X142.556 Y83.719
G1 F1680.8 X142.258 Y84.016 E411.12333
G0 F15000 X141.692 Y84.016
G1 F1680.8 X142.556 Y83.153 E411.16395
G0 F15000 X142.556 Y82.587
G1 F1680.8 X141.126 Y84.016 E411.23119
G0 F15000 X140.561 Y84.016
G1 F1680.8 X142.556 Y82.022 E411.325
G0 F15000 X142.556 Y81.456
G1 F1680.8 X139.995 Y84.016 E411.44544
G0 F15000 X139.429 Y84.016
G1 F1680.8 X142.556 Y80.89 E411.5925
G0 F15000 X142.556 Y80.325
G1 F1680.8 X138.864 Y84.016 E411.76614
G0 F15000 X138.298 Y84.016
G1 F1680.8 X142.462 Y79.852 E411.962
G0 F15000 X141.897 Y79.852
G1 F1680.8 X137.732 Y84.016 E412.15789
G0 F15000 X137.167 Y84.016
G1 F1680.8 X141.331 Y79.852 E412.35375
G0 F15000 X140.765 Y79.852
G1 F1680.8 X136.601 Y84.016 E412.54961
G0 F15000 X136.035 Y84.016
G1 F1680.8 X140.199 Y79.852 E412.74547
G0 F15000 X139.634 Y79.852
G1 F1680.8 X135.47 Y84.016 E412.94133
G0 F15000 X134.904 Y84.016
G1 F1680.8 X139.068 Y79.852 E413.13719
G0 F15000 X138.502 Y79.852
G1 F1680.8 X134.338 Y84.016 E413.33306
G0 F15000 X133.773 Y84.016
G1 F1680.8 X137.937 Y79.852 E413.52892
G0 F15000 X137.371 Y79.852
G1 F1680.8 X133.207 Y84.016 E413.72478
G0 F15000 X132.641 Y84.016
G1 F1680.8 X136.805 Y79.852 E413.92064
G0 F15000 X136.24 Y79.852
G1 F1680.8 X132.076 Y84.016 E414.1165
G0 F15000 X131.51 Y84.016
G1 F1680.8 X135.674 Y79.852 E414.31237
G0 F15000 X135.108 Y79.852
G1 F1680.8 X130.944 Y84.016 E414.50823
G0 F15000 X130.676 Y83.719
G1 F1680.8 X134.543 Y79.852 E414.69012
G0 F15000 X133.977 Y79.852
G1 F1680.8 X130.676 Y83.153 E414.84539
G0 F15000 X130.676 Y82.587
G1 F1680.8 X133.411 Y79.852 E414.97403
G0 F15000 X132.846 Y79.852
G1 F1680.8 X130.676 Y82.022 E415.0761
G0 F15000 X130.676 Y81.456
G1 F1680.8 X132.28 Y79.852 E415.15155
G0 F15000 X131.714 Y79.852
G1 F1680.8 X130.676 Y80.89 E415.20038
G0 F15000 X130.676 Y80.325
G1 F1680.8 X131.149 Y79.852 E415.22262
;MESH:NONMESH
G0 F300 X131.149 Y79.852 Z11.4
G0 F15000 X131.149 Y79.392
G0 X142.944 Y79.464
G0 X143.116 Y84.46
;TIME_ELAPSED:761.063953
;LAYER:56
;note -- min layer time used
;TYPE:WALL-INNER
;MESH:WheelAdapter_v9.stl
G1 F1631.5 X143.116 Y79.408 E415.39065
G1 X130.116 Y79.408 E415.82304
G1 X130.116 Y84.46 E415.99107
G1 X143.116 Y84.46 E416.42345
G0 F15000 X143.516 Y84.86
G1 F1631.5 X143.516 Y79.008 E416.61809
G1 X129.716 Y79.008 E417.07708
G1 X129.716 Y84.86 E417.27171
G1 X143.516 Y84.86 E417.7307
G0 F15000 X143.916 Y85.26
;TYPE:WALL-OUTER
G1 F1631.5 X143.916 Y78.608 E417.95195
G1 X129.316 Y78.608 E418.43755
G1 X129.316 Y85.26 E418.65879
G1 X143.916 Y85.26 E419.14439
G0 F15000 X143.639 Y84.981
G0 X143.016 Y84.1
G0 X142.756 Y84.1
;TYPE:SKIN
G1 F1631.5 X130.476 Y84.1 E419.55283
G1 X130.476 Y79.768 E419.69691
G1 X142.756 Y79.768 E420.10534
G1 X142.756 Y84.1 E420.24943
G0 F15000 X143.016 Y84.1
G0 X142.944 Y79.58
G0 X142.194 Y79.508
G0 X142.194 Y79.968
G1 F1631.5 X142.556 Y80.331 E420.26648
G0 F15000 X142.556 Y80.897
G1 F1631.5 X141.628 Y79.968 E420.31015
G0 F15000 X141.062 Y79.968
G1 F1631.5 X142.556 Y81.462 E420.38043
G0 F15000 X142.556 Y82.028
G1 F1631.5 X140.496 Y79.968 E420.47732
G0 F15000 X139.931 Y79.968
G1 F1631.5 X142.556 Y82.594 E420.60082
G0 F15000 X142.556 Y83.159
G1 F1631.5 X139.365 Y79.968 E420.75091
G0 F15000 X138.799 Y79.968
G1 F1631.5 X142.556 Y83.725 E420.92763
G0 F15000 X142.165 Y83.9
G1 F1631.5 X138.234 Y79.968 E421.11256
G0 F15000 X137.668 Y79.968
G1 F1631.5 X141.6 Y83.9 E421.2975
G0 F15000 X141.034 Y83.9
G1 F1631.5 X137.102 Y79.968 E421.48245
G0 F15000 X136.537 Y79.968
G1 F1631.5 X140.468 Y83.9 E421.66738
G0 F15000 X139.902 Y83.9
G1 F1631.5 X135.971 Y79.968 E421.85231
G0 F15000 X135.405 Y79.968
G1 F1631.5 X139.337 Y83.9 E422.03725
G0 F15000 X138.771 Y83.9
G1 F1631.5 X134.84 Y79.968 E422.22218
G0 F15000 X134.274 Y79.968
G1 F1631.5 X138.205 Y83.9 E422.40711
G0 F15000 X137.64 Y83.9
G1 F1631.5 X133.708 Y79.968 E422.59206
G0 F15000 X133.143 Y79.968
G1 F1631.5 X137.074 Y83.9 E422.77698
G0 F15000 X136.508 Y83.9
G1 F1631.5 X132.577 Y79.968 E422.96191
G0 F15000 X132.011 Y79.968
G1 F1631.5 X135.943 Y83.9 E423.14686
G0 F15000 X135.377 Y83.9
G1 F1631.5 X131.445 Y79.968 E423.3318
G0 F15000 X130.88 Y79.968
G1 F1631.5 X134.811 Y83.9 E423.51673
G0 F15000 X134.246 Y83.9
G1 F1631.5 X130.676 Y80.33 E423.68465
G0 F15000 X130.676 Y80.896
G1 F1631.5 X133.68 Y83.9 E423.82595
G0 F15000 X133.114 Y83.9
G1 F1631.5 X130.676 Y81.462 E423.94063
G0 F15000 X130.676 Y82.027
G1 F1631.5 X132.549 Y83.9 E424.02873
G0 F15000 X131.983 Y83.9
G1 F1631.5 X130.676 Y82.593 E424.0902
G0 F15000 X130.676 Y83.159
G1 F1631.5 X131.417 Y83.9 E424.12506
G0 F15000 X130.852 Y83.9
G1 F1631.5 X130.676 Y83.724 E424.13334
;MESH:NONMESH
G0 F300 X130.676 Y83.724 Z11.6
G0 F15000 X130.216 Y83.724
G0 X130.288 Y84.288
G0 X143.116 Y84.344
;TIME_ELAPSED:774.719612
;LAYER:57
;note -- min layer time used
;TYPE:WALL-INNER
;MESH:WheelAdapter_v9.stl
G1 F1574.5 X143.116 Y79.524 E424.29365
G1 X130.116 Y79.524 E424.72603
G1 X130.116 Y84.344 E424.88635
G1 X143.116 Y84.344 E425.31873
G0 F15000 X143.516 Y84.744
G1 F1574.5 X143.516 Y79.124 E425.50565
G1 X129.716 Y79.124 E425.96464
G1 X129.716 Y84.744 E426.15156
G1 X143.516 Y84.744 E426.61055
G0 F15000 X143.916 Y85.144
;TYPE:WALL-OUTER
G1 F1574.5 X143.916 Y78.724 E426.82408
G1 X129.316 Y78.724 E427.30968
G1 X129.316 Y85.144 E427.52321
G1 X143.916 Y85.144 E428.00881
G0 F15000 X143.639 Y84.866
G0 X143.016 Y83.984
G0 X142.756 Y83.984
;TYPE:SKIN
G1 F1574.5 X130.476 Y83.984 E428.41724
G1 X130.476 Y79.884 E428.55361
G1 X142.756 Y79.884 E428.96204
G1 X142.756 Y83.984 E429.09841
G0 F15000 X142.556 Y83.719
G1 F1574.5 X142.49 Y83.784 E429.10149
G0 F15000 X141.924 Y83.784
G1 F1574.5 X142.556 Y83.153 E429.1312
G0 F15000 X142.556 Y82.587
G1 F1574.5 X141.358 Y83.784 E429.18752
G0 F15000 X140.793 Y83.784
G1 F1574.5 X142.556 Y82.022 E429.27042
G0 F15000 X142.556 Y81.456
G1 F1574.5 X140.227 Y83.784 E429.37995
G0 F15000 X139.661 Y83.784
G1 F1574.5 X142.556 Y80.89 E429.5161
G0 F15000 X142.556 Y80.325
G1 F1574.5 X139.096 Y83.784 E429.67882
G0 F15000 X138.53 Y83.784
G1 F1574.5 X142.23 Y80.084 E429.85286
G0 F15000 X141.665 Y80.084
G1 F1574.5 X137.964 Y83.784 E430.02692
G0 F15000 X137.399 Y83.784
G1 F1574.5 X141.099 Y80.084 E430.20096
G0 F15000 X140.533 Y80.084
G1 F1574.5 X136.833 Y83.784 E430.37499
G0 F15000 X136.267 Y83.784
G1 F1574.5 X139.968 Y80.084 E430.54905
G0 F15000 X139.402 Y80.084
G1 F1574.5 X135.702 Y83.784 E430.72309
G0 F15000 X135.136 Y83.784
G1 F1574.5 X138.836 Y80.084 E430.89713
G0 F15000 X138.27 Y80.084
G1 F1574.5 X134.57 Y83.784 E431.07116
G0 F15000 X134.005 Y83.784
G1 F1574.5 X137.705 Y80.084 E431.2452
G0 F15000 X137.139 Y80.084
G1 F1574.5 X133.439 Y83.784 E431.41924
G0 F15000 X132.873 Y83.784
G1 F1574.5 X136.573 Y80.084 E431.59327
G0 F15000 X136.008 Y80.084
G1 F1574.5 X132.307 Y83.784 E431.76733
G0 F15000 X131.742 Y83.784
G1 F1574.5 X135.442 Y80.084 E431.94137
G0 F15000 X134.876 Y80.084
G1 F1574.5 X131.176 Y83.784 E432.11541
G0 F15000 X130.676 Y83.719
G1 F1574.5 X134.311 Y80.084 E432.28639
G0 F15000 X133.745 Y80.084
G1 F1574.5 X130.676 Y83.153 E432.43074
G0 F15000 X130.676 Y82.587
G1 F1574.5 X133.179 Y80.084 E432.54848
G0 F15000 X132.614 Y80.084
G1 F1574.5 X130.676 Y82.022 E432.63963
G0 F15000 X130.676 Y81.456
G1 F1574.5 X132.048 Y80.084 E432.70417
G0 F15000 X131.482 Y80.084
G1 F1574.5 X130.676 Y80.89 E432.74208
G0 F15000 X130.676 Y80.325
G1 F1574.5 X130.917 Y80.084 E432.75342
;TIME_ELAPSED:787.618844
G1 F1500 E426.25342
M140 S0
M107
G91 ;Relative positioning
G1 E-2 F2700 ;Retract a bit
G1 E-2 Z0.2 F2400 ;Retract and raise Z
G1 X5 Y5 F3000 ;Wipe out
G1 Z10 ;Raise Z more
G90 ;Absolute positioning

G1 X0 Y220 ;Present print
M106 S0 ;Turn-off fan
M104 S0 ;Turn-off hotend
M140 S0 ;Turn-off bed

M84 X Y E ;Disable all steppers but Z

M82 ;absolute extrusion mode
M104 S0
;End of Gcode
;SETTING_3 {"global_quality": "[general]\\nversion = 4\\nname = StandardQualityC
;SETTING_3 ustom\\ndefinition = creality_ender3pro\\n\\n[metadata]\\ntype = qual
;SETTING_3 ity_changes\\nquality_type = standard\\nsetting_version = 25\\n\\n[va
;SETTING_3 lues]\\nadhesion_type = skirt\\nmaterial_bed_temperature = 65\\nmater
;SETTING_3 ial_bed_temperature_layer_0 = 50\\nsupport_enable = True\\nsupport_st
;SETTING_3 ructure = tree\\nsupport_type = buildplate\\n\\n", "extruder_quality"
;SETTING_3 : ["[general]\\nversion = 4\\nname = StandardQualityCustom\\ndefiniti
;SETTING_3 on = creality_ender3pro\\n\\n[metadata]\\ntype = quality_changes\\nqu
;SETTING_3 ality_type = standard\\nintent_category = default\\nposition = 0\\nse
;SETTING_3 tting_version = 25\\n\\n[values]\\ninfill_sparse_density = 10\\nmater
;SETTING_3 ial_print_temperature = 205\\nspeed_print = 100\\nsupport_angle = 55\
;SETTING_3 \nwall_line_count = 3\\nxy_offset_layer_0 = -0.1\\nz_seam_corner = z_
;SETTING_3 seam_corner_inner\\nz_seam_type = sharpest_corner\\n\\n"]}
