;FLAVOR:Marlin
;TIME:985
;Filament used: 0.419335m
;Layer height: 0.2
;MINX:176.179
;MINY:38.868
;MINZ:0.2
;MAXX:189.117
;MAXY:50.072
;MAXZ:19
;TARGET_MACHINE.NAME:Creality Ender-3 Pro
;Generated with Cura_SteamEngine 5.10.0
START_PRINT BED_TEMP=65 EXTRUDER_TEMP=205
M82 ;absolute extrusion mode
G92 E0
G92 E0
G1 F1500 E-6.5
;LAYER_COUNT:95
;LAYER:0
M107
;MESH:WheelAdapter_v6.stl
G0 F6000 X183.839 Y46.678 Z0.2
;TYPE:WALL-INNER
G1 F1500 E0
G1 F1200 X183.317 Y46.886 E0.01869
G1 X182.766 Y46.972 E0.03724
G1 X182.181 Y46.936 E0.05673
G1 X181.627 Y46.76 E0.07607
G1 X181.125 Y46.463 E0.09547
G1 X180.725 Y46.067 E0.11419
G1 X180.401 Y45.582 E0.13359
G1 X180.209 Y45.048 E0.15246
G1 X180.144 Y44.508 E0.17055
G1 X180.205 Y43.905 E0.19071
G1 X180.398 Y43.365 E0.20978
G1 X180.714 Y42.877 E0.22912
G1 X181.128 Y42.475 E0.24831
G1 X181.615 Y42.188 E0.26711
G1 X182.143 Y42.014 E0.2856
G1 X182.762 Y41.968 E0.30625
G1 X183.313 Y42.052 E0.32479
G1 X183.839 Y42.262 E0.34362
G1 X184.23 Y42.538 E0.35954
G1 X184.415 Y42.709 E0.36792
G1 X184.6 Y43.044 E0.38065
G1 X184.648 Y43.352 E0.39102
G1 X184.649 Y45.588 E0.46539
G1 X184.601 Y45.895 E0.47572
G1 X184.416 Y46.231 E0.48848
G1 X184.23 Y46.402 E0.49688
G1 X183.839 Y46.678 E0.5128
G0 F6000 X183.646 Y46.324
G1 F1200 X183.202 Y46.5 E0.52869
G1 X182.744 Y46.57 E0.5441
G1 X182.253 Y46.539 E0.56046
G1 X181.788 Y46.391 E0.57669
G1 X181.368 Y46.141 E0.59295
G1 X181.032 Y45.81 E0.60863
G1 X180.763 Y45.405 E0.6248
G1 X180.599 Y44.948 E0.64095
G1 X180.548 Y44.471 E0.65691
G1 X180.597 Y43.996 E0.67279
G1 X180.762 Y43.537 E0.68901
G1 X181.025 Y43.131 E0.7051
G1 X181.371 Y42.797 E0.7211
G1 X181.786 Y42.552 E0.73713
G1 X182.256 Y42.405 E0.75351
G1 X182.743 Y42.369 E0.76975
G1 X183.207 Y42.441 E0.78537
G1 X183.677 Y42.636 E0.80229
G1 X184.088 Y42.927 E0.81904
G1 X184.248 Y43.218 E0.83008
G1 X184.249 Y45.588 E0.90891
G1 X184.22 Y45.773 E0.91514
G1 X184.087 Y46.014 E0.92429
G1 X183.646 Y46.324 E0.94222
G1 F1500 E-5.55778
G0 F6000 X183.761 Y46.611
G0 X183.917 Y46.842
G0 X183.917 Y49.072
G0 X185.422 Y49.272
G1 F1500 E0.94222
G1 F1200 X188.193 Y44.468 E1.12668
G1 X185.422 Y39.669 E1.31099
G1 X179.878 Y39.669 E1.49539
G1 X177.103 Y44.468 E1.67977
G1 X179.878 Y49.272 E1.86429
G1 X185.422 Y49.272 E2.04868
G0 F6000 X185.653 Y49.672
G1 F1200 X188.655 Y44.468 E2.2485
G1 X185.653 Y39.269 E2.44818
G1 X179.647 Y39.269 E2.64794
G1 X176.641 Y44.468 E2.84768
G1 X179.647 Y49.672 E3.04757
G1 X185.653 Y49.672 E3.24733
G0 F6000 X185.884 Y50.072
;TYPE:WALL-OUTER
G1 F1200 X189.117 Y44.468 E3.46251
G1 X185.884 Y38.869 E3.67755
G1 X179.416 Y38.869 E3.89268
G1 X176.179 Y44.468 E4.10779
G1 X179.416 Y50.072 E4.32304
G1 X185.884 Y50.072 E4.53816
G1 F1500 E-1.96184
G0 F6000 X185.714 Y49.777
G0 X183.649 Y49.072
G0 X183.36 Y47.062
G0 X183.471 Y45.96
G1 F1500 E4.53816
G1 F1200 X183.079 Y46.114 E4.55217
G1 X182.694 Y46.168 E4.5651
G1 X182.35 Y46.144 E4.57657
G1 X181.975 Y46.031 E4.5896
G1 X181.6 Y45.808 E4.60411
G1 X181.338 Y45.553 E4.61627
G1 X181.13 Y45.237 E4.62885
G1 X180.999 Y44.88 E4.6415
G1 X180.949 Y44.496 E4.65438
G1 X180.999 Y44.06 E4.66897
G1 X181.13 Y43.703 E4.68162
G1 X181.352 Y43.372 E4.69488
G1 X181.638 Y43.103 E4.70794
G1 X181.93 Y42.931 E4.71921
G1 X182.325 Y42.799 E4.73306
G1 X182.708 Y42.772 E4.74583
G1 X183.123 Y42.838 E4.75981
G1 X183.471 Y42.98 E4.77231
G1 X183.802 Y43.223 E4.78597
G1 X183.848 Y43.306 E4.78912
G1 X183.849 Y45.636 E4.86662
G1 X183.802 Y45.717 E4.86973
G1 X183.471 Y45.96 E4.88339
G1 F1500 E-1.61661
G0 F6000 X183.649 Y46.213
G0 X183.917 Y46.842
G0 X183.917 Y49.072
G0 X185.212 Y49.172
G0 X185.212 Y48.911
;TYPE:SKIN
G1 F1500 E4.88339
G1 F1200 X180.088 Y48.911 E5.05382
G1 X177.519 Y44.468 E5.22451
G1 X180.088 Y40.028 E5.39513
G1 X185.212 Y40.028 E5.56555
G1 X187.777 Y44.468 E5.7361
G1 X185.212 Y48.911 E5.90673
G1 F1500 E-0.59327
G0 F6000 X185.212 Y49.172
G0 X183.34 Y49.072
G0 X183.039 Y47.131
G0 X183.34 Y46.983
G0 X183.388 Y47.238
G1 F1500 E5.90673
G1 F1200 X184.02 Y46.987 E5.92935
G1 X184.431 Y46.701 E5.946
G1 X184.763 Y46.397 E5.96098
G1 X184.946 Y46.003 E5.97542
G1 X185.006 Y45.611 E5.98861
G1 X185.006 Y43.325 E6.06465
G1 X184.935 Y42.913 E6.07855
G1 X184.769 Y42.547 E6.09192
G1 X184.46 Y42.261 E6.10592
G1 X184.027 Y41.956 E6.12354
G1 X183.551 Y41.758 E6.14069
G1 X183.272 Y41.682 E6.1503
G1 X182.772 Y41.604 E6.16713
G1 X182.109 Y41.646 E6.18923
G1 X181.605 Y41.809 E6.20685
G1 X181.354 Y41.921 E6.21599
G1 X181.053 Y42.1 E6.22764
G1 X180.81 Y42.285 E6.2378
G1 X180.529 Y42.552 E6.25069
G1 X180.361 Y42.756 E6.25948
G1 X180.078 Y43.196 E6.27688
G1 X179.901 Y43.688 E6.29427
G1 X179.832 Y43.977 E6.30415
G1 X179.784 Y44.485 E6.32112
G1 X179.84 Y44.997 E6.33825
G1 X179.896 Y45.244 E6.34668
G1 X180.078 Y45.745 E6.36441
G1 X180.422 Y46.269 E6.38525
G1 X180.786 Y46.634 E6.4024
G1 X181.024 Y46.822 E6.41249
G1 X181.351 Y47.016 E6.42513
G1 X181.607 Y47.128 E6.43443
G1 X181.95 Y47.239 E6.44642
G1 X182.246 Y47.297 E6.45645
G1 X182.758 Y47.332 E6.47352
G1 X183.388 Y47.238 E6.4947
G1 F1500 E-0.0053
G0 F6000 X183.34 Y46.983
G0 X182.282 Y47.123
G0 X182.282 Y49.072
G0 X180.515 Y49.172
G0 X180.515 Y48.71
G1 F1500 E6.4947
G1 F1200 X179.777 Y47.972 E6.52942
G0 F6000 X179.376 Y48.203
G0 X179.974 Y49.106
G0 X181.081 Y49.172
G0 X181.081 Y48.71
G1 F1200 X179.001 Y46.631 E6.62723
G0 F6000 X178.601 Y46.861
G0 X180.235 Y45.657
G0 X179.901 Y45.834
G1 F1200 X178.037 Y43.97 E6.71491
G0 F6000 X178.245 Y43.612
G1 F1200 X179.641 Y45.008 E6.78057
G0 F6000 X179.592 Y44.394
G1 F1200 X178.453 Y43.254 E6.83417
G0 F6000 X178.66 Y42.895
G1 F1200 X179.65 Y43.886 E6.88076
G0 F6000 X179.776 Y43.445
G1 F1200 X178.867 Y42.537 E6.92349
G0 F6000 X179.074 Y42.178
G1 F1200 X179.94 Y43.044 E6.96423
G0 F6000 X180.161 Y42.699
G1 F1200 X179.281 Y41.82 E7.0056
G0 F6000 X179.488 Y41.461
G1 F1200 X180.413 Y42.385 E7.04908
G0 F6000 X180.705 Y42.112
G1 F1200 X179.696 Y41.103 E7.09654
G0 F6000 X179.904 Y40.745
G1 F1200 X181.037 Y41.878 E7.14983
G0 F6000 X181.404 Y41.68
G1 F1200 X180.111 Y40.386 E7.21068
G0 F6000 X180.518 Y40.228
G1 F1200 X181.82 Y41.53 E7.27192
G0 F6000 X182.29 Y41.434
G1 F1200 X181.084 Y40.228 E7.32865
G0 F6000 X181.649 Y40.228
G1 F1200 X182.834 Y41.413 E7.38438
G0 F6000 X183.534 Y41.547
G1 F1200 X182.215 Y40.228 E7.44643
G0 F6000 X182.781 Y40.228
G1 F1200 X187.354 Y44.802 E7.66155
G0 F6000 X187.147 Y45.16
G1 F1200 X185.186 Y43.199 E7.75379
G0 F6000 X185.207 Y43.785
G1 F1200 X186.94 Y45.519 E7.83533
G0 F6000 X186.733 Y45.877
G1 F1200 X185.206 Y44.35 E7.90715
G0 F6000 X185.205 Y44.915
G1 F1200 X186.526 Y46.236 E7.96929
G0 F6000 X186.319 Y46.595
G1 F1200 X185.204 Y45.48 E8.02173
G0 F6000 X185.15 Y45.991
G1 F1200 X186.112 Y46.953 E8.06698
G0 F6000 X185.905 Y47.312
G1 F1200 X184.988 Y46.395 E8.11012
G0 F6000 X184.727 Y46.7
G1 F1200 X185.698 Y47.67 E8.15577
G0 F6000 X185.491 Y48.03
G1 F1200 X184.417 Y46.955 E8.20631
G0 F6000 X184.079 Y47.183
G1 F1200 X185.284 Y48.388 E8.26299
G0 F6000 X185.041 Y48.71
G1 F1200 X183.675 Y47.344 E8.32724
G0 F6000 X183.23 Y47.466
G1 F1200 X184.475 Y48.71 E8.38578
G0 F6000 X183.909 Y48.71
G1 F1200 X182.731 Y47.532 E8.44119
G0 F6000 X182.103 Y47.47
G1 F1200 X183.344 Y48.71 E8.49954
G0 F6000 X182.778 Y48.71
G1 F1200 X181.259 Y47.192 E8.57096
G1 F1500 E2.07096
G0 F6000 X181.468 Y46.784
G0 X182.005 Y47.069
G0 X182.005 Y49.072
G0 X181.647 Y49.172
G0 X181.647 Y48.71
G1 F1500 E8.57096
G1 F1200 X178.226 Y45.289 E8.73187
G0 F6000 X177.826 Y45.519
G0 X177.294 Y44.468
G0 X177.433 Y44.098
G0 X177.83 Y44.329
G1 F1200 X182.212 Y48.71 E8.93797
G0 F6000 X182.212 Y49.172
G0 X185.326 Y49.106
G0 X188.002 Y44.468
G0 X187.889 Y44.142
G0 X187.49 Y44.372
G1 F1200 X183.346 Y40.228 E9.13289
G0 F6000 X183.912 Y40.228
G1 F1200 X186.717 Y43.033 E9.26483
G0 F6000 X187.116 Y42.803
G0 X186.343 Y41.465
G0 X185.944 Y41.695
G1 F1200 X184.478 Y40.228 E9.33381
G0 F6000 X185.043 Y40.228
G1 F1200 X185.171 Y40.355 E9.3398
M104 S205
G1 F1500 E2.8398
;MESH:NONMESH
G0 F300 X185.171 Y40.355 Z0.4
G0 F6000 X185.569 Y40.125
G0 X187.906 Y44.33
G0 X184.83 Y45.587
G0 X184.64 Y45.836
G0 X183.839 Y46.678
;TIME_ELAPSED:28.354366
;LAYER:1
M106 S85
;TYPE:WALL-INNER
;MESH:WheelAdapter_v6.stl
G1 F1500 E9.3398
G1 F2100 X183.317 Y46.886 E9.35849
G1 X182.766 Y46.972 E9.37704
G1 X182.181 Y46.936 E9.39654
G1 X181.627 Y46.76 E9.41587
G1 X181.125 Y46.463 E9.43527
G1 X180.725 Y46.067 E9.45399
G1 X180.401 Y45.582 E9.47339
G1 X180.205 Y45.035 E9.49272
G1 X180.144 Y44.431 E9.51291
G1 X180.209 Y43.892 E9.53096
G1 X180.398 Y43.365 E9.54959
G1 X180.714 Y42.877 E9.56892
G1 X181.129 Y42.475 E9.58814
G1 X181.627 Y42.18 E9.60739
G1 X182.149 Y42.014 E9.62561
G1 X182.762 Y41.968 E9.64605
G1 X183.313 Y42.052 E9.66459
G1 X183.839 Y42.262 E9.68343
G1 X184.23 Y42.538 E9.69935
G1 X184.415 Y42.709 E9.70773
G1 X184.6 Y43.044 E9.72046
G1 X184.648 Y43.352 E9.73082
G1 X184.649 Y45.588 E9.80519
G1 X184.601 Y45.895 E9.81553
G1 X184.416 Y46.231 E9.82829
G1 X184.23 Y46.402 E9.83669
G1 X183.839 Y46.678 E9.85261
G0 F10500 X183.646 Y46.324
G1 F2100 X183.202 Y46.5 E9.86849
G1 X182.744 Y46.57 E9.8839
G1 X182.253 Y46.539 E9.90027
G1 X181.788 Y46.391 E9.9165
G1 X181.368 Y46.141 E9.93275
G1 X181.032 Y45.81 E9.94844
G1 X180.763 Y45.405 E9.96461
G1 X180.597 Y44.944 E9.98091
G1 X180.548 Y44.468 E9.99682
G1 X180.599 Y43.992 E10.01275
G1 X180.762 Y43.537 E10.02882
G1 X181.025 Y43.131 E10.04491
G1 X181.37 Y42.797 E10.06088
G1 X181.788 Y42.549 E10.07705
G1 X182.253 Y42.401 E10.09328
G1 X182.744 Y42.37 E10.10964
G1 X183.207 Y42.44 E10.12522
G1 X183.677 Y42.636 E10.14215
G1 X184.088 Y42.927 E10.1589
G1 X184.248 Y43.218 E10.16995
G1 X184.249 Y45.588 E10.24877
G1 X184.22 Y45.773 E10.255
G1 X184.087 Y46.014 E10.26416
G1 X183.646 Y46.324 E10.28209
G1 F1500 E3.78209
G0 F10500 X183.761 Y46.611
G0 X183.917 Y46.842
G0 X183.917 Y49.072
G0 X185.422 Y49.272
G1 F1500 E10.28209
G1 F2100 X188.193 Y44.468 E10.46654
G1 X185.422 Y39.669 E10.65086
G1 X179.878 Y39.668 E10.83525
G1 X177.103 Y44.468 E11.01966
G1 X179.878 Y49.272 E11.20418
G1 X185.422 Y49.272 E11.38858
G0 F10500 X185.653 Y49.672
G1 F2100 X188.655 Y44.468 E11.5884
G1 X185.653 Y39.269 E11.78807
G1 X179.647 Y39.268 E11.98783
G1 X176.641 Y44.468 E12.1876
G1 X179.647 Y49.672 E12.38749
G1 X185.653 Y49.672 E12.58725
G0 F10500 X185.884 Y50.072
;TYPE:WALL-OUTER
G1 F2100 X189.117 Y44.468 E12.80243
G1 X185.884 Y38.869 E13.01747
G1 X179.416 Y38.868 E13.2326
G1 X176.179 Y44.468 E13.44773
G1 X179.416 Y50.072 E13.66298
G1 X185.884 Y50.072 E13.87811
G1 F1500 E7.37811
G0 F10500 X185.714 Y49.777
G0 X183.649 Y49.072
G0 X183.36 Y47.062
G0 X183.471 Y45.96
G1 F1500 E13.87811
G1 F2100 X183.079 Y46.114 E13.89212
G1 X182.694 Y46.168 E13.90505
G1 X182.35 Y46.144 E13.91652
G1 X181.975 Y46.031 E13.92955
G1 X181.6 Y45.808 E13.94406
G1 X181.338 Y45.553 E13.95622
G1 X181.13 Y45.237 E13.9688
G1 X180.999 Y44.88 E13.98145
G1 X180.949 Y44.492 E13.99446
G1 X180.999 Y44.06 E14.00892
G1 X181.13 Y43.703 E14.02157
G1 X181.352 Y43.372 E14.03483
G1 X181.637 Y43.104 E14.04784
G1 X181.975 Y42.909 E14.06082
G1 X182.329 Y42.799 E14.07315
G1 X182.708 Y42.772 E14.08579
G1 X183.123 Y42.838 E14.09976
G1 X183.471 Y42.98 E14.11226
G1 X183.802 Y43.223 E14.12592
G1 X183.848 Y43.306 E14.12908
G1 X183.849 Y45.636 E14.20657
G1 X183.802 Y45.717 E14.20969
G1 X183.471 Y45.96 E14.22334
G1 F1500 E7.72334
G0 F10500 X183.649 Y46.213
G0 X183.917 Y46.842
G0 X183.917 Y49.072
G0 X185.212 Y49.172
G0 X185.212 Y48.911
;TYPE:SKIN
G1 F1500 E14.22334
G1 F2100 X180.088 Y48.911 E14.39377
G1 X177.519 Y44.468 E14.56447
G1 X180.088 Y40.028 E14.73508
G1 X185.212 Y40.028 E14.90551
G1 X187.777 Y44.468 E15.07605
G1 X185.212 Y48.911 E15.24669
G1 F1500 E8.74669
G0 F10500 X185.212 Y49.172
G0 X183.34 Y49.072
G0 X183.039 Y47.131
G0 X183.34 Y46.983
G0 X183.388 Y47.238
G1 F1500 E15.24669
G1 F2100 X184.02 Y46.987 E15.2693
G1 X184.431 Y46.701 E15.28596
G1 X184.763 Y46.397 E15.30093
G1 X184.946 Y46.003 E15.31538
G1 X185.006 Y45.611 E15.32857
G1 X185.006 Y43.325 E15.4046
G1 X184.935 Y42.913 E15.41851
G1 X184.769 Y42.547 E15.43187
G1 X184.46 Y42.261 E15.44588
G1 X184.027 Y41.956 E15.46349
G1 X183.551 Y41.758 E15.48064
G1 X183.272 Y41.682 E15.49026
G1 X182.772 Y41.604 E15.50709
G1 X182.117 Y41.646 E15.52892
G1 X181.601 Y41.809 E15.54692
G1 X181.353 Y41.921 E15.55597
G1 X181.047 Y42.099 E15.56774
G1 X180.792 Y42.296 E15.57846
G1 X180.544 Y42.536 E15.58994
G1 X180.361 Y42.756 E15.59946
G1 X180.078 Y43.191 E15.61672
G1 X179.863 Y43.789 E15.63785
G1 X179.784 Y44.451 E15.66003
G1 X179.832 Y44.959 E15.677
G1 X179.903 Y45.268 E15.68754
G1 X180.078 Y45.745 E15.70444
G1 X180.422 Y46.269 E15.72529
G1 X180.786 Y46.634 E15.74244
G1 X181.024 Y46.822 E15.75252
G1 X181.351 Y47.016 E15.76517
G1 X181.607 Y47.128 E15.77446
G1 X181.95 Y47.239 E15.78645
G1 X182.246 Y47.297 E15.79649
G1 X182.758 Y47.332 E15.81355
G1 X183.388 Y47.238 E15.83474
G1 F1500 E9.33474
G0 F10500 X183.34 Y46.983
G0 X183.917 Y46.842
G0 X183.917 Y49.072
G0 X184.917 Y49.172
G0 X184.917 Y48.711
G1 F1500 E15.83474
G1 F2100 X185.341 Y48.287 E15.85468
G0 F10500 X185.74 Y48.517
G0 X185.326 Y49.106
G0 X184.351 Y49.172
G0 X184.351 Y48.711
G1 F2100 X186.114 Y46.948 E15.93761
G0 F10500 X186.513 Y47.178
G0 X184.626 Y46.281
G0 X185.002 Y46.363
G1 F2100 X187.308 Y44.058 E16.04605
G0 F10500 X187.515 Y44.416
G1 F2100 X183.22 Y48.711 E16.24808
G0 F10500 X183.786 Y48.711
G1 F2100 X186.887 Y45.61 E16.39394
G1 F1500 E9.89394
G0 F10500 X187.285 Y45.84
G0 X186.678 Y46.694
G0 X184.773 Y45.952
G0 X184.748 Y45.58
G0 X185.205 Y45.595
G1 F1500 E16.39394
G1 F2100 X187.101 Y43.698 E16.48314
G0 F10500 X186.894 Y43.34
G1 F2100 X185.205 Y45.029 E16.56259
G0 F10500 X185.207 Y44.461
G1 F2100 X186.687 Y42.981 E16.6322
G0 F10500 X186.48 Y42.623
G1 F2100 X185.208 Y43.895 E16.69204
G0 F10500 X185.205 Y43.332
G1 F2100 X186.272 Y42.264 E16.74225
G0 F10500 X186.065 Y41.906
G1 F2100 X185.123 Y42.848 E16.78656
G0 F10500 X184.947 Y42.458
G1 F2100 X185.858 Y41.547 E16.82941
G0 F10500 X185.652 Y41.188
G1 F2100 X184.661 Y42.179 E16.87602
G0 F10500 X184.342 Y41.932
G1 F2100 X185.444 Y40.83 E16.92786
G0 F10500 X185.237 Y40.471
G1 F2100 X183.989 Y41.719 E16.98656
G0 F10500 X183.582 Y41.561
G1 F2100 X184.915 Y40.228 E17.04926
G0 F10500 X184.349 Y40.228
G1 F2100 X183.119 Y41.458 E17.10711
G0 F10500 X182.595 Y41.416
G1 F2100 X183.783 Y40.228 E17.16299
G0 F10500 X183.218 Y40.228
G1 F2100 X181.958 Y41.488 E17.22226
G0 F10500 X182.096 Y41.927
G0 X181.203 Y42.315
G0 X180.966 Y41.914
G1 F2100 X182.652 Y40.228 E17.30156
G0 F10500 X182.086 Y40.228
G1 F2100 X177.786 Y44.529 E17.50385
G0 F10500 X177.993 Y44.887
G1 F2100 X180.121 Y42.759 E17.60394
G0 F10500 X180.509 Y43.009
G0 X180.119 Y43.898
G0 X179.656 Y43.79
G1 F2100 X178.201 Y45.245 E17.67238
G0 F10500 X178.408 Y45.603
G1 F2100 X179.581 Y44.43 E17.72755
G0 F10500 X179.629 Y44.948
G1 F2100 X178.615 Y45.962 E17.77525
G0 F10500 X178.822 Y46.32
G1 F2100 X179.739 Y45.403 E17.81838
G0 F10500 X179.894 Y45.815
G1 F2100 X179.03 Y46.679 E17.85902
G0 F10500 X179.237 Y47.037
G1 F2100 X180.113 Y46.161 E17.90023
G0 F10500 X180.357 Y46.483
G1 F2100 X179.444 Y47.396 E17.94317
G0 F10500 X179.652 Y47.754
G1 F2100 X180.64 Y46.766 E17.98964
G0 F10500 X180.957 Y47.014
G1 F2100 X179.859 Y48.112 E18.04129
G0 F10500 X180.066 Y48.471
G1 F2100 X181.319 Y47.218 E18.10023
G0 F10500 X181.727 Y47.375
G1 F2100 X180.391 Y48.711 E18.16307
G0 F10500 X180.957 Y48.711
G1 F2100 X182.183 Y47.485 E18.22074
G0 F10500 X182.705 Y47.529
G1 F2100 X181.523 Y48.711 E18.27633
G0 F10500 X182.088 Y48.711
G1 F2100 X183.353 Y47.446 E18.33584
G0 F10500 X183.283 Y46.993
G0 X184.136 Y46.591
G0 X184.398 Y46.967
G1 F2100 X182.654 Y48.711 E18.41787
G0 F10500 X182.654 Y49.172
G0 X179.974 Y49.106
G0 X177.294 Y44.468
G0 X177.997 Y43.123
G0 X178.395 Y43.354
G1 F2100 X181.521 Y40.228 E18.56491
G0 F10500 X180.955 Y40.228
G1 F2100 X179.171 Y42.012 E18.64882
G0 F10500 X178.773 Y41.781
G0 X179.548 Y40.439
G0 X179.947 Y40.671
G1 F2100 X180.389 Y40.228 E18.66963
G1 F1500 E12.16963
;MESH:NONMESH
G0 F300 X180.389 Y40.228 Z0.6
G0 F10500 X180.39 Y39.769
G0 X183.842 Y39.849
G0 X183.488 Y41.928
G0 X184.495 Y42.916
G0 X184.495 Y46.026
G0 X183.839 Y46.678
;TIME_ELAPSED:48.540988
;LAYER:2
;note -- min layer time used
M106 S170
;TYPE:WALL-INNER
;MESH:WheelAdapter_v6.stl
G1 F1500 E18.66963
G1 F2068.3 X183.317 Y46.886 E18.68832
G1 X182.766 Y46.972 E18.70687
G1 X182.181 Y46.936 E18.72636
G1 X181.627 Y46.76 E18.7457
G1 X181.125 Y46.463 E18.7651
G1 X180.725 Y46.067 E18.78382
G1 X180.401 Y45.582 E18.80322
G1 X180.205 Y45.035 E18.82254
G1 X180.144 Y44.431 E18.84274
G1 X180.209 Y43.892 E18.86079
G1 X180.398 Y43.365 E18.87941
G1 X180.714 Y42.877 E18.89875
G1 X181.129 Y42.475 E18.91797
G1 X181.627 Y42.18 E18.93722
G1 X182.149 Y42.014 E18.95544
G1 X182.762 Y41.968 E18.97588
G1 X183.313 Y42.052 E18.99442
G1 X183.839 Y42.262 E19.01326
G1 X184.23 Y42.538 E19.02918
G1 X184.415 Y42.709 E19.03756
G1 X184.6 Y43.044 E19.05029
G1 X184.648 Y43.352 E19.06065
G1 X184.649 Y45.588 E19.13502
G1 X184.601 Y45.895 E19.14536
G1 X184.416 Y46.231 E19.15811
G1 X184.23 Y46.402 E19.16652
G1 X183.839 Y46.678 E19.18244
G0 F15000 X183.646 Y46.324
G1 F2068.3 X183.202 Y46.5 E19.19832
G1 X182.744 Y46.57 E19.21373
G1 X182.253 Y46.539 E19.2301
G1 X181.788 Y46.391 E19.24633
G1 X181.368 Y46.141 E19.26258
G1 X181.032 Y45.81 E19.27827
G1 X180.763 Y45.405 E19.29444
G1 X180.597 Y44.944 E19.31074
G1 X180.548 Y44.468 E19.32665
G1 X180.599 Y43.992 E19.34258
G1 X180.762 Y43.537 E19.35865
G1 X181.025 Y43.131 E19.37474
G1 X181.37 Y42.797 E19.39071
G1 X181.788 Y42.549 E19.40688
G1 X182.253 Y42.401 E19.42311
G1 X182.744 Y42.37 E19.43947
G1 X183.207 Y42.44 E19.45504
G1 X183.677 Y42.636 E19.47198
G1 X184.088 Y42.927 E19.48873
G1 X184.248 Y43.218 E19.49978
G1 X184.249 Y45.588 E19.5786
G1 X184.22 Y45.773 E19.58483
G1 X184.087 Y46.014 E19.59399
G1 X183.646 Y46.324 E19.61192
G1 F1500 E13.11192
G0 F15000 X183.761 Y46.611
G0 X183.917 Y46.842
G0 X183.917 Y49.072
G0 X185.422 Y49.272
G1 F1500 E19.61192
G1 F2068.3 X188.193 Y44.468 E19.79637
G1 X185.422 Y39.669 E19.98069
G1 X179.878 Y39.668 E20.16508
G1 X177.103 Y44.468 E20.34949
G1 X179.878 Y49.272 E20.53401
G1 X185.422 Y49.272 E20.71841
G0 F15000 X185.653 Y49.672
G1 F2068.3 X188.655 Y44.468 E20.91823
G1 X185.653 Y39.269 E21.1179
G1 X179.647 Y39.268 E21.31766
G1 X176.641 Y44.468 E21.51743
G1 X179.647 Y49.672 E21.71732
G1 X185.653 Y49.672 E21.91708
G0 F15000 X185.884 Y50.072
;TYPE:WALL-OUTER
G1 F2068.3 X189.117 Y44.468 E22.13226
G1 X185.884 Y38.869 E22.3473
G1 X179.416 Y38.868 E22.56243
G1 X176.179 Y44.468 E22.77756
G1 X179.416 Y50.072 E22.99281
G1 X185.884 Y50.072 E23.20794
G1 F1500 E16.70794
G0 F15000 X185.714 Y49.777
G0 X183.649 Y49.072
G0 X183.36 Y47.062
G0 X183.471 Y45.96
G1 F1500 E23.20794
G1 F2068.3 X183.079 Y46.114 E23.22195
G1 X182.694 Y46.168 E23.23488
G1 X182.35 Y46.144 E23.24635
G1 X181.975 Y46.031 E23.25937
G1 X181.6 Y45.808 E23.27389
G1 X181.338 Y45.553 E23.28605
G1 X181.13 Y45.237 E23.29863
G1 X180.999 Y44.88 E23.31128
G1 X180.949 Y44.492 E23.32429
G1 X180.999 Y44.06 E23.33875
G1 X181.13 Y43.703 E23.3514
G1 X181.352 Y43.372 E23.36466
G1 X181.637 Y43.104 E23.37767
G1 X181.975 Y42.909 E23.39065
G1 X182.329 Y42.799 E23.40298
G1 X182.708 Y42.772 E23.41561
G1 X183.123 Y42.838 E23.42959
G1 X183.471 Y42.98 E23.44209
G1 X183.802 Y43.223 E23.45575
G1 X183.848 Y43.306 E23.45891
G1 X183.849 Y45.636 E23.5364
G1 X183.802 Y45.717 E23.53952
G1 X183.471 Y45.96 E23.55317
G1 F1500 E17.05317
G0 F15000 X183.649 Y46.213
G0 X183.917 Y46.842
G0 X183.917 Y49.072
G0 X185.212 Y49.172
G0 X185.212 Y48.911
;TYPE:SKIN
G1 F1500 E23.55317
G1 F2068.3 X180.088 Y48.911 E23.7236
G1 X177.519 Y44.468 E23.8943
G1 X180.088 Y40.028 E24.06491
G1 X185.212 Y40.028 E24.23534
G1 X187.777 Y44.468 E24.40588
G1 X185.212 Y48.911 E24.57652
G1 F1500 E18.07652
G0 F15000 X185.212 Y49.172
G0 X183.34 Y49.072
G0 X183.039 Y47.131
G0 X183.34 Y46.983
G0 X183.388 Y47.238
G1 F1500 E24.57652
G1 F2068.3 X184.02 Y46.987 E24.59913
G1 X184.431 Y46.701 E24.61579
G1 X184.763 Y46.397 E24.63076
G1 X184.946 Y46.003 E24.64521
G1 X185.006 Y45.611 E24.6584
G1 X185.006 Y43.325 E24.73443
G1 X184.935 Y42.913 E24.74834
G1 X184.769 Y42.547 E24.7617
G1 X184.46 Y42.261 E24.77571
G1 X184.027 Y41.956 E24.79332
G1 X183.551 Y41.758 E24.81047
G1 X183.272 Y41.682 E24.82009
G1 X182.772 Y41.604 E24.83692
G1 X182.117 Y41.646 E24.85875
G1 X181.601 Y41.809 E24.87675
G1 X181.353 Y41.921 E24.8858
G1 X181.047 Y42.099 E24.89757
G1 X180.792 Y42.296 E24.90829
G1 X180.544 Y42.536 E24.91977
G1 X180.361 Y42.756 E24.92928
G1 X180.078 Y43.191 E24.94655
G1 X179.863 Y43.789 E24.96768
G1 X179.784 Y44.451 E24.98986
G1 X179.832 Y44.959 E25.00683
G1 X179.903 Y45.268 E25.01737
G1 X180.078 Y45.745 E25.03427
G1 X180.422 Y46.269 E25.05512
G1 X180.786 Y46.634 E25.07226
G1 X181.024 Y46.822 E25.08235
G1 X181.351 Y47.016 E25.095
G1 X181.607 Y47.128 E25.10429
G1 X181.95 Y47.239 E25.11628
G1 X182.246 Y47.297 E25.12632
G1 X182.758 Y47.332 E25.14338
G1 X183.388 Y47.238 E25.16457
G1 F1500 E18.66457
G0 F15000 X183.34 Y46.983
G0 X182.282 Y47.123
G0 X182.282 Y49.072
G0 X180.515 Y49.172
G0 X180.515 Y48.71
G1 F1500 E25.16457
G1 F2068.3 X179.777 Y47.972 E25.19928
G0 F15000 X179.376 Y48.203
G0 X179.974 Y49.106
G0 X181.081 Y49.172
G0 X181.081 Y48.71
G1 F2068.3 X179.001 Y46.631 E25.2971
G0 F15000 X178.601 Y46.861
G0 X180.235 Y45.657
G0 X179.901 Y45.834
G1 F2068.3 X178.037 Y43.97 E25.38477
G0 F15000 X178.245 Y43.612
G1 F2068.3 X179.639 Y45.006 E25.45034
G0 F15000 X179.586 Y44.387
G1 F2068.3 X178.453 Y43.254 E25.50364
G0 F15000 X178.66 Y42.895
G1 F2068.3 X179.645 Y43.881 E25.54999
G0 F15000 X179.776 Y43.446
G1 F2068.3 X178.867 Y42.537 E25.59275
G0 F15000 X179.074 Y42.178
G1 F2068.3 X179.937 Y43.042 E25.63336
G0 F15000 X180.161 Y42.699
G1 F2068.3 X179.281 Y41.82 E25.67473
G0 F15000 X179.488 Y41.461
G1 F2068.3 X180.412 Y42.385 E25.71819
G0 F15000 X180.705 Y42.112
G1 F2068.3 X179.696 Y41.103 E25.76565
G0 F15000 X179.904 Y40.745
G1 F2068.3 X181.033 Y41.875 E25.81878
G0 F15000 X181.404 Y41.68
G1 F2068.3 X180.111 Y40.386 E25.87963
G0 F15000 X180.518 Y40.228
G1 F2068.3 X181.82 Y41.53 E25.94087
G0 F15000 X182.291 Y41.435
G1 F2068.3 X181.084 Y40.228 E25.99764
G0 F15000 X181.649 Y40.228
G1 F2068.3 X182.834 Y41.413 E26.05338
G0 F15000 X183.534 Y41.547
G1 F2068.3 X182.215 Y40.228 E26.11542
G0 F15000 X182.781 Y40.228
G1 F2068.3 X187.354 Y44.802 E26.33054
G0 F15000 X187.147 Y45.16
G1 F2068.3 X185.186 Y43.199 E26.42278
G0 F15000 X185.207 Y43.785
G1 F2068.3 X186.94 Y45.519 E26.50432
G0 F15000 X186.733 Y45.877
G1 F2068.3 X185.206 Y44.35 E26.57615
G0 F15000 X185.205 Y44.915
G1 F2068.3 X186.526 Y46.236 E26.63828
G0 F15000 X186.319 Y46.595
G1 F2068.3 X185.204 Y45.48 E26.69073
G0 F15000 X185.15 Y45.991
G1 F2068.3 X186.112 Y46.953 E26.73598
G0 F15000 X185.905 Y47.312
G1 F2068.3 X184.988 Y46.395 E26.77911
G0 F15000 X184.727 Y46.7
G1 F2068.3 X185.698 Y47.67 E26.82476
G0 F15000 X185.491 Y48.03
G1 F2068.3 X184.417 Y46.955 E26.8753
G0 F15000 X184.079 Y47.183
G1 F2068.3 X185.284 Y48.388 E26.93198
G0 F15000 X185.041 Y48.71
G1 F2068.3 X183.675 Y47.344 E26.99624
G0 F15000 X183.23 Y47.466
G1 F2068.3 X184.475 Y48.71 E27.05477
G0 F15000 X183.909 Y48.71
G1 F2068.3 X182.731 Y47.532 E27.11018
G0 F15000 X182.103 Y47.47
G1 F2068.3 X183.344 Y48.71 E27.16853
G0 F15000 X182.778 Y48.71
G1 F2068.3 X181.259 Y47.192 E27.23996
G1 F1500 E20.73996
G0 F15000 X181.468 Y46.784
G0 X182.005 Y47.069
G0 X182.005 Y49.072
G0 X181.647 Y49.172
G0 X181.647 Y48.71
G1 F1500 E27.23996
G1 F2068.3 X178.226 Y45.289 E27.40087
G0 F15000 X177.826 Y45.519
G0 X177.294 Y44.468
G0 X177.433 Y44.098
G0 X177.83 Y44.329
G1 F2068.3 X182.212 Y48.71 E27.60696
G0 F15000 X182.212 Y49.172
G0 X185.326 Y49.106
G0 X188.002 Y44.468
G0 X187.889 Y44.142
G0 X187.49 Y44.372
G1 F2068.3 X183.346 Y40.228 E27.80188
G0 F15000 X183.912 Y40.228
G1 F2068.3 X186.717 Y43.033 E27.93382
G0 F15000 X187.116 Y42.803
G0 X186.343 Y41.465
G0 X185.944 Y41.695
G1 F2068.3 X184.478 Y40.228 E28.0028
G0 F15000 X185.043 Y40.228
G1 F2068.3 X185.171 Y40.355 E28.0088
G1 F1500 E21.5088
;MESH:NONMESH
G0 F300 X185.171 Y40.355 Z0.8
G0 F15000 X185.569 Y40.125
G0 X187.906 Y44.33
G0 X184.83 Y45.587
G0 X184.64 Y45.836
G0 X183.839 Y46.678
;TIME_ELAPSED:68.531775
;LAYER:3
;note -- min layer time used
M106 S255
;TYPE:WALL-INNER
;MESH:WheelAdapter_v6.stl
G1 F1500 E28.0088
G1 F2067.6 X183.317 Y46.886 E28.02749
G1 X182.766 Y46.972 E28.04604
G1 X182.181 Y46.936 E28.06553
G1 X181.627 Y46.76 E28.08486
G1 X181.125 Y46.463 E28.10426
G1 X180.725 Y46.067 E28.12299
G1 X180.401 Y45.582 E28.14238
G1 X180.205 Y45.035 E28.16171
G1 X180.144 Y44.431 E28.1819
G1 X180.209 Y43.892 E28.19996
G1 X180.398 Y43.365 E28.21858
G1 X180.714 Y42.877 E28.23792
G1 X181.129 Y42.475 E28.25713
G1 X181.627 Y42.18 E28.27639
G1 X182.149 Y42.014 E28.2946
G1 X182.762 Y41.968 E28.31505
G1 X183.313 Y42.052 E28.33359
G1 X183.839 Y42.262 E28.35243
G1 X184.23 Y42.538 E28.36834
G1 X184.415 Y42.709 E28.37672
G1 X184.6 Y43.044 E28.38945
G1 X184.648 Y43.352 E28.39982
G1 X184.649 Y45.588 E28.47419
G1 X184.601 Y45.895 E28.48452
G1 X184.416 Y46.231 E28.49728
G1 X184.23 Y46.402 E28.50568
G1 X183.839 Y46.678 E28.5216
G0 F15000 X183.646 Y46.324
G1 F2067.6 X183.202 Y46.5 E28.53749
G1 X182.744 Y46.57 E28.5529
G1 X182.253 Y46.539 E28.56926
G1 X181.788 Y46.391 E28.58549
G1 X181.368 Y46.141 E28.60175
G1 X181.032 Y45.81 E28.61744
G1 X180.763 Y45.405 E28.63361
G1 X180.597 Y44.944 E28.6499
G1 X180.548 Y44.468 E28.66582
G1 X180.599 Y43.992 E28.68174
G1 X180.762 Y43.537 E28.69782
G1 X181.025 Y43.131 E28.71391
G1 X181.37 Y42.797 E28.72988
G1 X181.788 Y42.549 E28.74604
G1 X182.253 Y42.401 E28.76227
G1 X182.744 Y42.37 E28.77864
G1 X183.207 Y42.44 E28.79421
G1 X183.677 Y42.636 E28.81115
G1 X184.088 Y42.927 E28.8279
G1 X184.248 Y43.218 E28.83894
G1 X184.249 Y45.588 E28.91777
G1 X184.22 Y45.773 E28.924
G1 X184.087 Y46.014 E28.93315
G1 X183.646 Y46.324 E28.95108
G1 F1500 E22.45108
G0 F15000 X183.761 Y46.611
G0 X183.917 Y46.842
G0 X183.917 Y49.072
G0 X185.422 Y49.272
G1 F1500 E28.95108
G1 F2067.6 X188.193 Y44.468 E29.13554
G1 X185.422 Y39.669 E29.31985
G1 X179.878 Y39.668 E29.50425
G1 X177.103 Y44.468 E29.68865
G1 X179.878 Y49.272 E29.87318
G1 X185.422 Y49.272 E30.05757
G0 F15000 X185.653 Y49.672
G1 F2067.6 X188.655 Y44.468 E30.25739
G1 X185.653 Y39.269 E30.45707
G1 X179.647 Y39.268 E30.65683
G1 X176.641 Y44.468 E30.8566
G1 X179.647 Y49.672 E31.05649
G1 X185.653 Y49.672 E31.25625
G0 F15000 X185.884 Y50.072
;TYPE:WALL-OUTER
G1 F2067.6 X189.117 Y44.468 E31.47143
G1 X185.884 Y38.869 E31.68647
G1 X179.416 Y38.868 E31.9016
G1 X176.179 Y44.468 E32.11673
G1 X179.416 Y50.072 E32.33198
G1 X185.884 Y50.072 E32.54711
G1 F1500 E26.04711
G0 F15000 X185.714 Y49.777
G0 X183.649 Y49.072
G0 X183.36 Y47.062
G0 X183.471 Y45.96
G1 F1500 E32.54711
G1 F2067.6 X183.079 Y46.114 E32.56111
G1 X182.694 Y46.168 E32.57405
G1 X182.35 Y46.144 E32.58551
G1 X181.975 Y46.031 E32.59854
G1 X181.6 Y45.808 E32.61305
G1 X181.338 Y45.553 E32.62521
G1 X181.13 Y45.237 E32.6378
G1 X180.999 Y44.88 E32.65044
G1 X180.949 Y44.492 E32.66345
G1 X180.999 Y44.06 E32.67792
G1 X181.13 Y43.703 E32.69057
G1 X181.352 Y43.372 E32.70382
G1 X181.637 Y43.104 E32.71683
G1 X181.975 Y42.909 E32.72981
G1 X182.329 Y42.799 E32.74214
G1 X182.708 Y42.772 E32.75478
G1 X183.123 Y42.838 E32.76876
G1 X183.471 Y42.98 E32.78126
G1 X183.802 Y43.223 E32.79492
G1 X183.848 Y43.306 E32.79807
G1 X183.849 Y45.636 E32.87557
G1 X183.802 Y45.717 E32.87868
G1 X183.471 Y45.96 E32.89234
G1 F1500 E26.39234
G0 F15000 X183.649 Y46.213
G0 X183.917 Y46.842
G0 X183.917 Y49.072
G0 X185.212 Y49.172
G0 X185.212 Y48.911
;TYPE:SKIN
G1 F1500 E32.89234
G1 F2067.6 X180.088 Y48.911 E33.06276
G1 X177.519 Y44.468 E33.23346
G1 X180.088 Y40.028 E33.40408
G1 X185.212 Y40.028 E33.5745
G1 X187.777 Y44.468 E33.74505
G1 X185.212 Y48.911 E33.91568
G1 F1500 E27.41568
G0 F15000 X185.212 Y49.172
G0 X183.34 Y49.072
G0 X183.039 Y47.131
G0 X183.34 Y46.983
G0 X183.388 Y47.238
G1 F1500 E33.91568
G1 F2067.6 X184.02 Y46.987 E33.9383
G1 X184.431 Y46.701 E33.95495
G1 X184.763 Y46.397 E33.96992
G1 X184.946 Y46.003 E33.98437
G1 X185.006 Y45.611 E33.99756
G1 X185.006 Y43.325 E34.0736
G1 X184.935 Y42.913 E34.0875
G1 X184.769 Y42.547 E34.10087
G1 X184.46 Y42.261 E34.11487
G1 X184.027 Y41.956 E34.13249
G1 X183.551 Y41.758 E34.14963
G1 X183.272 Y41.682 E34.15925
G1 X182.772 Y41.604 E34.17608
G1 X182.117 Y41.646 E34.19791
G1 X181.601 Y41.809 E34.21591
G1 X181.353 Y41.921 E34.22496
G1 X181.047 Y42.099 E34.23674
G1 X180.792 Y42.296 E34.24745
G1 X180.544 Y42.536 E34.25893
G1 X180.361 Y42.756 E34.26845
G1 X180.078 Y43.191 E34.28571
G1 X179.863 Y43.789 E34.30685
G1 X179.784 Y44.451 E34.32902
G1 X179.832 Y44.959 E34.34599
G1 X179.903 Y45.268 E34.35654
G1 X180.078 Y45.745 E34.37344
G1 X180.422 Y46.269 E34.39429
G1 X180.786 Y46.634 E34.41143
G1 X181.024 Y46.822 E34.42152
G1 X181.351 Y47.016 E34.43416
G1 X181.607 Y47.128 E34.44346
G1 X181.95 Y47.239 E34.45545
G1 X182.246 Y47.297 E34.46548
G1 X182.758 Y47.332 E34.48255
G1 X183.388 Y47.238 E34.50374
G1 F1500 E28.00374
G0 F15000 X183.34 Y46.983
G0 X183.917 Y46.842
G0 X183.917 Y49.072
G0 X184.917 Y49.172
G0 X184.917 Y48.711
G1 F1500 E34.50374
G1 F2067.6 X185.341 Y48.287 E34.52368
G0 F15000 X185.74 Y48.517
G0 X185.326 Y49.106
G0 X184.351 Y49.172
G0 X184.351 Y48.711
G1 F2067.6 X186.114 Y46.948 E34.60661
G0 F15000 X186.513 Y47.178
G0 X184.626 Y46.281
G0 X185.002 Y46.363
G1 F2067.6 X187.308 Y44.058 E34.71505
G0 F15000 X187.515 Y44.416
G1 F2067.6 X183.22 Y48.711 E34.91707
G0 F15000 X183.786 Y48.711
G1 F2067.6 X186.887 Y45.61 E35.06293
G1 F1500 E28.56293
G0 F15000 X187.285 Y45.84
G0 X186.678 Y46.694
G0 X184.773 Y45.952
G0 X184.748 Y45.58
G0 X185.205 Y45.595
G1 F1500 E35.06293
G1 F2067.6 X187.101 Y43.698 E35.15214
G0 F15000 X186.894 Y43.34
G1 F2067.6 X185.205 Y45.029 E35.23159
G0 F15000 X185.207 Y44.461
G1 F2067.6 X186.687 Y42.981 E35.3012
G0 F15000 X186.48 Y42.623
G1 F2067.6 X185.208 Y43.895 E35.36103
G0 F15000 X185.205 Y43.332
G1 F2067.6 X186.272 Y42.264 E35.41124
G0 F15000 X186.065 Y41.906
G1 F2067.6 X185.123 Y42.848 E35.45555
G0 F15000 X184.947 Y42.458
G1 F2067.6 X185.858 Y41.547 E35.4984
G0 F15000 X185.652 Y41.188
G1 F2067.6 X184.661 Y42.179 E35.54502
G0 F15000 X184.342 Y41.932
G1 F2067.6 X185.444 Y40.83 E35.59685
G0 F15000 X185.237 Y40.471
G1 F2067.6 X183.989 Y41.719 E35.65555
G0 F15000 X183.582 Y41.561
G1 F2067.6 X184.915 Y40.228 E35.71825
G0 F15000 X184.349 Y40.228
G1 F2067.6 X183.119 Y41.458 E35.77611
G0 F15000 X182.595 Y41.416
G1 F2067.6 X183.783 Y40.228 E35.83199
G0 F15000 X183.218 Y40.228
G1 F2067.6 X181.958 Y41.488 E35.89126
G0 F15000 X182.096 Y41.927
G0 X181.203 Y42.315
G0 X180.966 Y41.914
G1 F2067.6 X182.652 Y40.228 E35.97056
G0 F15000 X182.086 Y40.228
G1 F2067.6 X177.786 Y44.529 E36.17284
G0 F15000 X177.993 Y44.887
G1 F2067.6 X180.121 Y42.759 E36.27294
G0 F15000 X180.509 Y43.009
G0 X180.119 Y43.898
G0 X179.656 Y43.79
G1 F2067.6 X178.201 Y45.245 E36.34138
G0 F15000 X178.408 Y45.603
G1 F2067.6 X179.581 Y44.43 E36.39655
G0 F15000 X179.629 Y44.948
G1 F2067.6 X178.615 Y45.962 E36.44424
G0 F15000 X178.822 Y46.32
G1 F2067.6 X179.739 Y45.403 E36.48738
G0 F15000 X179.894 Y45.815
G1 F2067.6 X179.03 Y46.679 E36.52802
G0 F15000 X179.237 Y47.037
G1 F2067.6 X180.113 Y46.161 E36.56922
G0 F15000 X180.357 Y46.483
G1 F2067.6 X179.444 Y47.396 E36.61217
G0 F15000 X179.652 Y47.754
G1 F2067.6 X180.64 Y46.766 E36.65864
G0 F15000 X180.957 Y47.014
G1 F2067.6 X179.859 Y48.112 E36.71029
G0 F15000 X180.066 Y48.471
G1 F2067.6 X181.319 Y47.218 E36.76922
G0 F15000 X181.727 Y47.375
G1 F2067.6 X180.391 Y48.711 E36.83206
G0 F15000 X180.957 Y48.711
G1 F2067.6 X182.183 Y47.485 E36.88973
G0 F15000 X182.705 Y47.529
G1 F2067.6 X181.523 Y48.711 E36.94533
G0 F15000 X182.088 Y48.711
G1 F2067.6 X183.353 Y47.446 E37.00483
G0 F15000 X183.283 Y46.993
G0 X184.136 Y46.591
G0 X184.398 Y46.967
G1 F2067.6 X182.654 Y48.711 E37.08686
G0 F15000 X182.654 Y49.172
G0 X179.974 Y49.106
G0 X177.294 Y44.468
G0 X177.997 Y43.123
G0 X178.395 Y43.354
G1 F2067.6 X181.521 Y40.228 E37.2339
G0 F15000 X180.955 Y40.228
G1 F2067.6 X179.171 Y42.012 E37.31781
G0 F15000 X178.773 Y41.781
G0 X179.548 Y40.439
G0 X179.947 Y40.671
G1 F2067.6 X180.389 Y40.228 E37.33863
G1 F1500 E30.83863
;MESH:NONMESH
G0 F300 X180.389 Y40.228 Z1
G0 F15000 X180.39 Y39.769
G0 X183.842 Y39.849
G0 X183.488 Y41.928
G0 X184.495 Y42.916
G0 X184.495 Y46.026
G0 X183.839 Y46.678
;TIME_ELAPSED:88.884679
;LAYER:4
;note -- min layer time used
;TYPE:WALL-INNER
;MESH:WheelAdapter_v6.stl
G1 F1500 E37.33863
G1 F1014.6 X183.317 Y46.886 E37.35732
G1 X182.766 Y46.972 E37.37587
G1 X182.181 Y46.936 E37.39536
G1 X181.627 Y46.76 E37.41469
G1 X181.125 Y46.463 E37.43409
G1 X180.725 Y46.067 E37.45281
G1 X180.401 Y45.582 E37.47221
G1 X180.205 Y45.035 E37.49154
G1 X180.144 Y44.431 E37.51173
G1 X180.209 Y43.892 E37.52979
G1 X180.398 Y43.365 E37.54841
G1 X180.714 Y42.877 E37.56775
G1 X181.129 Y42.475 E37.58696
G1 X181.627 Y42.18 E37.60622
G1 X182.149 Y42.014 E37.62443
G1 X182.762 Y41.968 E37.64488
G1 X183.313 Y42.052 E37.66342
G1 X183.839 Y42.262 E37.68226
G1 X184.23 Y42.538 E37.69817
G1 X184.415 Y42.709 E37.70655
G1 X184.6 Y43.044 E37.71928
G1 X184.648 Y43.352 E37.72965
G1 X184.649 Y45.588 E37.80402
G1 X184.601 Y45.895 E37.81435
G1 X184.416 Y46.231 E37.82711
G1 X184.23 Y46.402 E37.83551
G1 X183.839 Y46.678 E37.85143
G0 F15000 X183.646 Y46.324
G1 F1014.6 X183.202 Y46.5 E37.86732
G1 X182.744 Y46.57 E37.88273
G1 X182.253 Y46.539 E37.89909
G1 X181.788 Y46.391 E37.91532
G1 X181.368 Y46.141 E37.93158
G1 X181.032 Y45.81 E37.94727
G1 X180.763 Y45.405 E37.96344
G1 X180.597 Y44.944 E37.97973
G1 X180.548 Y44.468 E37.99565
G1 X180.599 Y43.992 E38.01157
G1 X180.762 Y43.537 E38.02765
G1 X181.025 Y43.131 E38.04374
G1 X181.37 Y42.797 E38.05971
G1 X181.788 Y42.549 E38.07587
G1 X182.253 Y42.401 E38.0921
G1 X182.744 Y42.37 E38.10847
G1 X183.207 Y42.44 E38.12404
G1 X183.677 Y42.636 E38.14098
G1 X184.088 Y42.927 E38.15773
G1 X184.248 Y43.218 E38.16877
G1 X184.249 Y45.588 E38.2476
G1 X184.22 Y45.773 E38.25383
G1 X184.087 Y46.014 E38.26298
G1 X183.646 Y46.324 E38.28091
G0 F15000 X183.761 Y46.611
G0 X185.422 Y49.272
G1 F1014.6 X188.193 Y44.468 E38.46537
G1 X185.422 Y39.669 E38.64968
G1 X179.878 Y39.668 E38.83407
G1 X177.103 Y44.468 E39.01848
G1 X179.878 Y49.272 E39.20301
G1 X185.422 Y49.272 E39.3874
G0 F15000 X185.653 Y49.672
G1 F1014.6 X188.655 Y44.468 E39.58722
G1 X185.653 Y39.269 E39.7869
G1 X179.647 Y39.268 E39.98666
G1 X176.641 Y44.468 E40.18643
G1 X179.647 Y49.672 E40.38632
G1 X185.653 Y49.672 E40.58608
G0 F15000 X185.884 Y50.072
;TYPE:WALL-OUTER
G1 F1014.6 X189.117 Y44.468 E40.80126
G1 X185.884 Y38.869 E41.0163
G1 X179.416 Y38.868 E41.23142
G1 X176.179 Y44.468 E41.44656
G1 X179.416 Y50.072 E41.66181
G1 X185.884 Y50.072 E41.87694
G1 F1500 E35.37694
G0 F15000 X185.714 Y49.777
G0 X183.649 Y46.213
G0 X183.471 Y45.96
G1 F1500 E41.87694
G1 F1014.6 X183.079 Y46.114 E41.89094
G1 X182.694 Y46.168 E41.90387
G1 X182.35 Y46.144 E41.91534
G1 X181.975 Y46.031 E41.92837
G1 X181.6 Y45.808 E41.94288
G1 X181.338 Y45.553 E41.95504
G1 X181.13 Y45.237 E41.96762
G1 X180.999 Y44.88 E41.98027
G1 X180.949 Y44.492 E41.99328
G1 X180.999 Y44.06 E42.00775
G1 X181.13 Y43.703 E42.0204
G1 X181.352 Y43.372 E42.03365
G1 X181.637 Y43.104 E42.04666
G1 X181.975 Y42.909 E42.05964
G1 X182.329 Y42.799 E42.07197
G1 X182.708 Y42.772 E42.08461
G1 X183.123 Y42.838 E42.09859
G1 X183.471 Y42.98 E42.11109
G1 X183.802 Y43.223 E42.12474
G1 X183.848 Y43.306 E42.1279
G1 X183.849 Y45.636 E42.2054
G1 X183.802 Y45.717 E42.20851
G1 X183.471 Y45.96 E42.22217
G0 F15000 X183.649 Y46.213
G0 X184.728 Y45.55
;TYPE:FILL
G1 F1014.6 X186.471 Y47.293 E42.30415
G0 F15000 X184.728 Y44.645
G1 F1014.6 X187.737 Y43.839 E42.40776
G0 F15000 X182.607 Y41.9
G1 F1014.6 X183.183 Y39.748 E42.48186
G0 F15000 X181.399 Y42.221
G1 F1014.6 X179.558 Y40.38 E42.56845
G0 F15000 X180.445 Y45.793
G1 F1014.6 X178.292 Y46.37 E42.64259
G0 F15000 X181.327 Y46.676
G1 F1014.6 X180.653 Y49.193 E42.72925
G0 F15000 X180.653 Y49.063
;MESH:NONMESH
G0 F300 X180.653 Y49.063 Z1.2
G0 F15000 X183.839 Y46.678
;TIME_ELAPSED:101.282010
;LAYER:5
;note -- min layer time used
;TYPE:WALL-INNER
;MESH:WheelAdapter_v6.stl
G1 F1015.4 X183.317 Y46.886 E42.74794
G1 X182.766 Y46.972 E42.76649
G1 X182.181 Y46.936 E42.78599
G1 X181.627 Y46.76 E42.80532
G1 X181.125 Y46.463 E42.82472
G1 X180.725 Y46.067 E42.84344
G1 X180.401 Y45.582 E42.86284
G1 X180.205 Y45.035 E42.88217
G1 X180.144 Y44.431 E42.90236
G1 X180.209 Y43.892 E42.92041
G1 X180.398 Y43.365 E42.93904
G1 X180.714 Y42.877 E42.95837
G1 X181.129 Y42.475 E42.97759
G1 X181.627 Y42.18 E42.99684
G1 X182.149 Y42.014 E43.01506
G1 X182.762 Y41.968 E43.0355
G1 X183.313 Y42.052 E43.05404
G1 X183.839 Y42.262 E43.07288
G1 X184.23 Y42.538 E43.0888
G1 X184.415 Y42.709 E43.09718
G1 X184.6 Y43.044 E43.10991
G1 X184.648 Y43.352 E43.12027
G1 X184.649 Y45.588 E43.19464
G1 X184.601 Y45.895 E43.20498
G1 X184.416 Y46.231 E43.21774
G1 X184.23 Y46.402 E43.22614
G1 X183.839 Y46.678 E43.24206
G0 F15000 X183.646 Y46.324
G1 F1015.4 X183.202 Y46.5 E43.25794
G1 X182.744 Y46.57 E43.27335
G1 X182.253 Y46.539 E43.28972
G1 X181.788 Y46.391 E43.30595
G1 X181.368 Y46.141 E43.3222
G1 X181.032 Y45.81 E43.33789
G1 X180.763 Y45.405 E43.35406
G1 X180.597 Y44.944 E43.37036
G1 X180.548 Y44.468 E43.38627
G1 X180.599 Y43.992 E43.4022
G1 X180.762 Y43.537 E43.41827
G1 X181.025 Y43.131 E43.43436
G1 X181.37 Y42.797 E43.45033
G1 X181.788 Y42.549 E43.4665
G1 X182.253 Y42.401 E43.48273
G1 X182.744 Y42.37 E43.49909
G1 X183.207 Y42.44 E43.51467
G1 X183.677 Y42.636 E43.5316
G1 X184.088 Y42.927 E43.54835
G1 X184.248 Y43.218 E43.5594
G1 X184.249 Y45.588 E43.63822
G1 X184.22 Y45.773 E43.64445
G1 X184.087 Y46.014 E43.65361
G1 X183.646 Y46.324 E43.67154
G0 F15000 X183.761 Y46.611
G0 X185.422 Y49.272
G1 F1015.4 X188.193 Y44.468 E43.85599
G1 X185.422 Y39.669 E44.04031
G1 X179.878 Y39.668 E44.2247
G1 X177.103 Y44.468 E44.40911
G1 X179.878 Y49.272 E44.59363
G1 X185.422 Y49.272 E44.77803
G0 F15000 X185.653 Y49.672
G1 F1015.4 X188.655 Y44.468 E44.97785
G1 X185.653 Y39.269 E45.17752
G1 X179.647 Y39.268 E45.37728
G1 X176.641 Y44.468 E45.57705
G1 X179.647 Y49.672 E45.77694
G1 X185.653 Y49.672 E45.9767
G0 F15000 X185.884 Y50.072
;TYPE:WALL-OUTER
G1 F1015.4 X189.117 Y44.468 E46.19188
G1 X185.884 Y38.869 E46.40692
G1 X179.416 Y38.868 E46.62205
G1 X176.179 Y44.468 E46.83718
G1 X179.416 Y50.072 E47.05243
G1 X185.884 Y50.072 E47.26756
G1 F1500 E40.76756
G0 F15000 X185.714 Y49.777
G0 X183.649 Y46.213
G0 X183.471 Y45.96
G1 F1500 E47.26756
G1 F1015.4 X183.079 Y46.114 E47.28157
G1 X182.694 Y46.168 E47.2945
G1 X182.35 Y46.144 E47.30597
G1 X181.975 Y46.031 E47.319
G1 X181.6 Y45.808 E47.33351
G1 X181.338 Y45.553 E47.34567
G1 X181.13 Y45.237 E47.35825
G1 X180.999 Y44.88 E47.3709
G1 X180.949 Y44.492 E47.38391
G1 X180.999 Y44.06 E47.39837
G1 X181.13 Y43.703 E47.41102
G1 X181.352 Y43.372 E47.42428
G1 X181.637 Y43.104 E47.43729
G1 X181.975 Y42.909 E47.45027
G1 X182.329 Y42.799 E47.4626
G1 X182.708 Y42.772 E47.47524
G1 X183.123 Y42.838 E47.48921
G1 X183.471 Y42.98 E47.50171
G1 X183.802 Y43.223 E47.51537
G1 X183.848 Y43.306 E47.51853
G1 X183.849 Y45.636 E47.59602
G1 X183.802 Y45.717 E47.59914
G1 X183.471 Y45.96 E47.61279
G0 F15000 X183.649 Y46.213
G0 X184.728 Y45.35
;TYPE:FILL
G1 F1015.4 X186.545 Y47.167 E47.69826
G0 F15000 X184.729 Y44.791
G1 F1015.4 X187.811 Y43.965 E47.80439
G0 F15000 X182.458 Y41.909
G1 F1015.4 X183.037 Y39.748 E47.8788
G0 F15000 X181.529 Y42.151
G1 F1015.4 X179.631 Y40.253 E47.96807
G0 F15000 X180.525 Y45.917
G1 F1015.4 X178.366 Y46.496 E48.04242
G0 F15000 X181.201 Y46.602
G1 F1015.4 X180.507 Y49.193 E48.13163
G0 F15000 X180.507 Y49.063
;MESH:NONMESH
G0 F300 X180.507 Y49.063 Z1.4
G0 F15000 X183.839 Y46.678
;TIME_ELAPSED:113.394161
;LAYER:6
;note -- min layer time used
;TYPE:WALL-INNER
;MESH:WheelAdapter_v6.stl
G1 F1017.8 X183.317 Y46.886 E48.15032
G1 X182.766 Y46.972 E48.16887
G1 X182.181 Y46.936 E48.18836
G1 X181.627 Y46.76 E48.2077
G1 X181.125 Y46.463 E48.2271
G1 X180.725 Y46.067 E48.24582
G1 X180.401 Y45.582 E48.26522
G1 X180.205 Y45.035 E48.28454
G1 X180.144 Y44.431 E48.30474
G1 X180.209 Y43.892 E48.32279
G1 X180.398 Y43.365 E48.34141
G1 X180.714 Y42.877 E48.36075
G1 X181.129 Y42.475 E48.37997
G1 X181.627 Y42.18 E48.39922
G1 X182.149 Y42.014 E48.41744
G1 X182.762 Y41.968 E48.43788
G1 X183.313 Y42.052 E48.45642
G1 X183.839 Y42.262 E48.47526
G1 X184.23 Y42.538 E48.49118
G1 X184.415 Y42.709 E48.49956
G1 X184.6 Y43.044 E48.51229
G1 X184.648 Y43.352 E48.52265
G1 X184.649 Y45.588 E48.59702
G1 X184.601 Y45.895 E48.60736
G1 X184.416 Y46.231 E48.62011
G1 X184.23 Y46.402 E48.62852
G1 X183.839 Y46.678 E48.64444
G0 F15000 X183.646 Y46.324
G1 F1017.8 X183.202 Y46.5 E48.66032
G1 X182.744 Y46.57 E48.67573
G1 X182.253 Y46.539 E48.6921
G1 X181.788 Y46.391 E48.70833
G1 X181.368 Y46.141 E48.72458
G1 X181.032 Y45.81 E48.74027
G1 X180.763 Y45.405 E48.75644
G1 X180.597 Y44.944 E48.77274
G1 X180.548 Y44.468 E48.78865
G1 X180.599 Y43.992 E48.80458
G1 X180.762 Y43.537 E48.82065
G1 X181.025 Y43.131 E48.83674
G1 X181.37 Y42.797 E48.85271
G1 X181.788 Y42.549 E48.86888
G1 X182.253 Y42.401 E48.88511
G1 X182.744 Y42.37 E48.90147
G1 X183.207 Y42.44 E48.91704
G1 X183.677 Y42.636 E48.93398
G1 X184.088 Y42.927 E48.95073
G1 X184.248 Y43.218 E48.96178
G1 X184.249 Y45.588 E49.0406
G1 X184.22 Y45.773 E49.04683
G1 X184.087 Y46.014 E49.05599
G1 X183.646 Y46.324 E49.07392
G0 F15000 X183.761 Y46.611
G0 X185.422 Y49.272
G1 F1017.8 X188.193 Y44.468 E49.25837
G1 X185.422 Y39.669 E49.44269
G1 X179.878 Y39.668 E49.62708
G1 X177.103 Y44.468 E49.81149
G1 X179.878 Y49.272 E49.99601
G1 X185.422 Y49.272 E50.18041
G0 F15000 X185.653 Y49.672
G1 F1017.8 X188.655 Y44.468 E50.38023
G1 X185.653 Y39.269 E50.5799
G1 X179.647 Y39.268 E50.77966
G1 X176.641 Y44.468 E50.97943
G1 X179.647 Y49.672 E51.17932
G1 X185.653 Y49.672 E51.37908
G0 F15000 X185.884 Y50.072
;TYPE:WALL-OUTER
G1 F1017.8 X189.117 Y44.468 E51.59426
G1 X185.884 Y38.869 E51.8093
G1 X179.416 Y38.868 E52.02443
G1 X176.179 Y44.468 E52.23956
G1 X179.416 Y50.072 E52.45481
G1 X185.884 Y50.072 E52.66994
G1 F1500 E46.16994
G0 F15000 X185.714 Y49.777
G0 X183.649 Y46.213
G0 X183.471 Y45.96
G1 F1500 E52.66994
G1 F1017.8 X183.079 Y46.114 E52.68395
G1 X182.694 Y46.168 E52.69688
G1 X182.35 Y46.144 E52.70835
G1 X181.975 Y46.031 E52.72137
G1 X181.6 Y45.808 E52.73589
G1 X181.338 Y45.553 E52.74805
G1 X181.13 Y45.237 E52.76063
G1 X180.999 Y44.88 E52.77328
G1 X180.949 Y44.492 E52.78629
G1 X180.999 Y44.06 E52.80075
G1 X181.13 Y43.703 E52.8134
G1 X181.352 Y43.372 E52.82666
G1 X181.637 Y43.104 E52.83967
G1 X181.975 Y42.909 E52.85265
G1 X182.329 Y42.799 E52.86498
G1 X182.708 Y42.772 E52.87761
G1 X183.123 Y42.838 E52.89159
G1 X183.471 Y42.98 E52.90409
G1 X183.802 Y43.223 E52.91775
G1 X183.848 Y43.306 E52.92091
G1 X183.849 Y45.636 E52.9984
G1 X183.802 Y45.717 E53.00152
G1 X183.471 Y45.96 E53.01517
G0 F15000 X183.649 Y46.213
G0 X184.728 Y45.151
;TYPE:FILL
G1 F1017.8 X186.618 Y47.04 E53.10405
G0 F15000 X184.729 Y44.937
G1 F1017.8 X187.884 Y44.092 E53.21268
G0 F15000 X183.738 Y42.39
G0 X182.31 Y41.918
G1 F1017.8 X182.891 Y39.748 E53.2874
G0 F15000 X181.667 Y42.09
G1 F1017.8 X179.704 Y40.127 E53.37973
G0 F15000 X180.293 Y44.52
G0 X180.605 Y46.042
G1 F1017.8 X178.439 Y46.622 E53.45431
G0 F15000 X181.079 Y46.511
G1 F1017.8 X180.361 Y49.192 E53.54663
G0 F15000 X180.361 Y49.063
;MESH:NONMESH
G0 F300 X180.361 Y49.063 Z1.6
G0 F15000 X183.839 Y46.678
;TIME_ELAPSED:125.509980
;LAYER:7
;note -- min layer time used
;TYPE:WALL-INNER
;MESH:WheelAdapter_v6.stl
G1 F1020 X183.317 Y46.886 E53.56532
G1 X182.766 Y46.972 E53.58386
G1 X182.181 Y46.936 E53.60336
G1 X181.627 Y46.76 E53.62269
G1 X181.125 Y46.463 E53.64209
G1 X180.725 Y46.067 E53.66081
G1 X180.401 Y45.582 E53.68021
G1 X180.205 Y45.035 E53.69954
G1 X180.144 Y44.431 E53.71973
G1 X180.209 Y43.892 E53.73779
G1 X180.398 Y43.365 E53.75641
G1 X180.714 Y42.877 E53.77574
G1 X181.129 Y42.475 E53.79496
G1 X181.627 Y42.18 E53.81421
G1 X182.149 Y42.014 E53.83243
G1 X182.762 Y41.968 E53.85288
G1 X183.313 Y42.052 E53.87142
G1 X183.839 Y42.262 E53.89025
G1 X184.23 Y42.538 E53.90617
G1 X184.415 Y42.709 E53.91455
G1 X184.6 Y43.044 E53.92728
G1 X184.648 Y43.352 E53.93765
G1 X184.649 Y45.588 E54.01202
G1 X184.601 Y45.895 E54.02235
G1 X184.416 Y46.231 E54.03511
G1 X184.23 Y46.402 E54.04351
G1 X183.839 Y46.678 E54.05943
G0 F15000 X183.646 Y46.324
G1 F1020 X183.202 Y46.5 E54.07532
G1 X182.744 Y46.57 E54.09073
G1 X182.253 Y46.539 E54.10709
G1 X181.788 Y46.391 E54.12332
G1 X181.368 Y46.141 E54.13958
G1 X181.032 Y45.81 E54.15526
G1 X180.763 Y45.405 E54.17143
G1 X180.597 Y44.944 E54.18773
G1 X180.548 Y44.468 E54.20365
G1 X180.599 Y43.992 E54.21957
G1 X180.762 Y43.537 E54.23564
G1 X181.025 Y43.131 E54.25173
G1 X181.37 Y42.797 E54.2677
G1 X181.788 Y42.549 E54.28387
G1 X182.253 Y42.401 E54.3001
G1 X182.744 Y42.37 E54.31646
G1 X183.207 Y42.44 E54.33204
G1 X183.677 Y42.636 E54.34897
G1 X184.088 Y42.927 E54.36572
G1 X184.248 Y43.218 E54.37677
G1 X184.249 Y45.588 E54.4556
G1 X184.22 Y45.773 E54.46182
G1 X184.087 Y46.014 E54.47098
G1 X183.646 Y46.324 E54.48891
G0 F15000 X183.761 Y46.611
G0 X185.422 Y49.272
G1 F1020 X188.193 Y44.468 E54.67337
G1 X185.422 Y39.669 E54.85768
G1 X179.878 Y39.668 E55.04207
G1 X177.103 Y44.468 E55.22648
G1 X179.878 Y49.272 E55.411
G1 X185.422 Y49.272 E55.5954
G0 F15000 X185.653 Y49.672
G1 F1020 X188.655 Y44.468 E55.79522
G1 X185.653 Y39.269 E55.99489
G1 X179.647 Y39.268 E56.19466
G1 X176.641 Y44.468 E56.39443
G1 X179.647 Y49.672 E56.59431
G1 X185.653 Y49.672 E56.79407
G0 F15000 X185.884 Y50.072
;TYPE:WALL-OUTER
G1 F1020 X189.117 Y44.468 E57.00926
G1 X185.884 Y38.869 E57.2243
G1 X179.416 Y38.868 E57.43942
G1 X176.179 Y44.468 E57.65456
G1 X179.416 Y50.072 E57.86981
G1 X185.884 Y50.072 E58.08493
G1 F1500 E51.58493
G0 F15000 X185.714 Y49.777
G0 X183.649 Y46.213
G0 X183.471 Y45.96
G1 F1500 E58.08493
G1 F1020 X183.079 Y46.114 E58.09894
G1 X182.694 Y46.168 E58.11187
G1 X182.35 Y46.144 E58.12334
G1 X181.975 Y46.031 E58.13637
G1 X181.6 Y45.808 E58.15088
G1 X181.338 Y45.553 E58.16304
G1 X181.13 Y45.237 E58.17562
G1 X180.999 Y44.88 E58.18827
G1 X180.949 Y44.492 E58.20128
G1 X180.999 Y44.06 E58.21575
G1 X181.13 Y43.703 E58.22839
G1 X181.352 Y43.372 E58.24165
G1 X181.637 Y43.104 E58.25466
G1 X181.975 Y42.909 E58.26764
G1 X182.329 Y42.799 E58.27997
G1 X182.708 Y42.772 E58.29261
G1 X183.123 Y42.838 E58.30658
G1 X183.471 Y42.98 E58.31909
G1 X183.802 Y43.223 E58.33274
G1 X183.848 Y43.306 E58.3359
G1 X183.849 Y45.636 E58.41339
G1 X183.802 Y45.717 E58.41651
G1 X183.471 Y45.96 E58.43017
G0 F15000 X183.649 Y46.213
G0 X183.902 Y45.989
G0 X184.729 Y45.084
;TYPE:FILL
G1 F1020 X187.957 Y44.219 E58.54132
G0 F15000 X186.691 Y46.913
G1 F1020 X184.728 Y44.95 E58.63365
G0 F15000 X184.495 Y42.916
G0 X183.779 Y42.403
G0 X183.494 Y42.288
G0 X182.16 Y41.927
G1 F1020 X182.744 Y39.748 E58.70868
G0 F15000 X181.814 Y42.036
G1 F1020 X179.778 Y40 E58.80445
G0 F15000 X180.358 Y45.008
G0 X180.709 Y46.161
G1 F1020 X178.512 Y46.75 E58.8801
G0 F15000 X180.959 Y46.412
G1 F1020 X180.214 Y49.192 E58.97583
G0 F15000 X180.214 Y49.063
;MESH:NONMESH
G0 F300 X180.214 Y49.063 Z1.8
G0 F15000 X183.317 Y46.886
;TIME_ELAPSED:137.632784
;LAYER:8
;note -- min layer time used
;TYPE:WALL-INNER
;MESH:WheelAdapter_v6.stl
G1 F1022.9 X182.766 Y46.972 E58.99438
G1 X182.181 Y46.936 E59.01387
G1 X181.627 Y46.76 E59.03321
G1 X181.125 Y46.463 E59.05261
G1 X180.725 Y46.067 E59.07133
G1 X180.401 Y45.582 E59.09073
G1 X180.205 Y45.035 E59.11005
G1 X180.144 Y44.431 E59.13024
G1 X180.209 Y43.892 E59.1483
G1 X180.398 Y43.365 E59.16692
G1 X180.714 Y42.877 E59.18626
G1 X181.129 Y42.475 E59.20548
G1 X181.627 Y42.18 E59.22473
G1 X182.149 Y42.014 E59.24295
G1 X182.762 Y41.968 E59.26339
G1 X183.313 Y42.052 E59.28193
G1 X183.839 Y42.262 E59.30077
G1 X184.23 Y42.538 E59.31668
G1 X184.415 Y42.709 E59.32506
G1 X184.6 Y43.044 E59.33779
G1 X184.648 Y43.352 E59.34816
G1 X184.649 Y45.588 E59.42253
G1 X184.601 Y45.895 E59.43286
G1 X184.416 Y46.231 E59.44562
G1 X184.23 Y46.402 E59.45403
G1 X183.839 Y46.678 E59.46994
G1 X183.317 Y46.886 E59.48863
G0 F15000 X183.646 Y46.324
G1 F1022.9 X183.202 Y46.5 E59.50452
G1 X182.744 Y46.57 E59.51993
G1 X182.253 Y46.539 E59.53629
G1 X181.788 Y46.391 E59.55252
G1 X181.368 Y46.141 E59.56878
G1 X181.032 Y45.81 E59.58447
G1 X180.763 Y45.405 E59.60064
G1 X180.597 Y44.944 E59.61693
G1 X180.548 Y44.468 E59.63285
G1 X180.599 Y43.992 E59.64877
G1 X180.762 Y43.537 E59.66485
G1 X181.025 Y43.131 E59.68094
G1 X181.37 Y42.797 E59.69691
G1 X181.788 Y42.549 E59.71307
G1 X182.253 Y42.401 E59.7293
G1 X182.744 Y42.37 E59.74567
G1 X183.207 Y42.44 E59.76124
G1 X183.677 Y42.636 E59.77818
G1 X184.088 Y42.927 E59.79493
G1 X184.248 Y43.218 E59.80597
G1 X184.249 Y45.588 E59.8848
G1 X184.22 Y45.773 E59.89103
G1 X184.087 Y46.014 E59.90018
G1 X183.646 Y46.324 E59.91811
G0 F15000 X183.761 Y46.611
G0 X185.422 Y49.272
G1 F1022.9 X188.193 Y44.468 E60.10257
G1 X185.422 Y39.669 E60.28688
G1 X179.878 Y39.668 E60.47128
G1 X177.103 Y44.468 E60.65568
G1 X179.878 Y49.272 E60.84021
G1 X185.422 Y49.272 E61.0246
G0 F15000 X185.653 Y49.672
G1 F1022.9 X188.655 Y44.468 E61.22442
G1 X185.653 Y39.269 E61.4241
G1 X179.647 Y39.268 E61.62386
G1 X176.641 Y44.468 E61.82363
G1 X179.647 Y49.672 E62.02352
G1 X185.653 Y49.672 E62.22328
G0 F15000 X185.884 Y50.072
;TYPE:WALL-OUTER
G1 F1022.9 X189.117 Y44.468 E62.43846
G1 X185.884 Y38.869 E62.6535
G1 X179.416 Y38.868 E62.86863
G1 X176.179 Y44.468 E63.08376
G1 X179.416 Y50.072 E63.29901
G1 X185.884 Y50.072 E63.51414
G1 F1500 E57.01414
G0 F15000 X185.714 Y49.777
G0 X183.649 Y46.213
G0 X183.471 Y45.96
G1 F1500 E63.51414
G1 F1022.9 X183.079 Y46.114 E63.52814
G1 X182.694 Y46.168 E63.54108
G1 X182.35 Y46.144 E63.55254
G1 X181.975 Y46.031 E63.56557
G1 X181.6 Y45.808 E63.58008
G1 X181.338 Y45.553 E63.59224
G1 X181.13 Y45.237 E63.60483
G1 X180.999 Y44.88 E63.61747
G1 X180.948 Y44.468 E63.63128
G1 X180.999 Y44.06 E63.64496
G1 X181.13 Y43.703 E63.6576
G1 X181.352 Y43.372 E63.67086
G1 X181.637 Y43.104 E63.68387
G1 X181.975 Y42.909 E63.69685
G1 X182.329 Y42.799 E63.70918
G1 X182.708 Y42.772 E63.72182
G1 X183.123 Y42.838 E63.73579
G1 X183.471 Y42.98 E63.7483
G1 X183.802 Y43.223 E63.76195
G1 X183.848 Y43.306 E63.76511
G1 X183.849 Y45.636 E63.84261
G1 X183.802 Y45.717 E63.84572
G1 X183.471 Y45.96 E63.85938
G0 F15000 X183.649 Y46.213
G0 X184.729 Y45.23
;TYPE:FILL
G1 F1022.9 X188.03 Y44.345 E63.97305
G0 F15000 X186.764 Y46.786
G1 F1022.9 X184.728 Y44.751 E64.06879
G0 F15000 X184.495 Y42.916
G0 X183.779 Y42.403
G0 X183.372 Y42.239
G0 X182.001 Y41.978
G1 F1022.9 X182.598 Y39.748 E64.14557
G0 F15000 X181.965 Y41.988
G1 F1022.9 X179.851 Y39.874 E64.24501
G0 F15000 X180.358 Y45.008
G0 X180.825 Y46.276
G1 F1022.9 X178.586 Y46.876 E64.32211
G0 F15000 X180.844 Y46.296
G1 F1022.9 X180.068 Y49.192 E64.42182
G0 F15000 X180.068 Y49.063
;MESH:NONMESH
G0 F300 X180.068 Y49.063 Z2
G0 F15000 X183.839 Y46.678
;TIME_ELAPSED:149.774232
;LAYER:9
;note -- min layer time used
;TYPE:WALL-INNER
;MESH:WheelAdapter_v6.stl
G1 F1025.3 X183.317 Y46.886 E64.44051
G1 X182.766 Y46.972 E64.45906
G1 X182.181 Y46.936 E64.47856
G1 X181.627 Y46.76 E64.49789
G1 X181.125 Y46.463 E64.51729
G1 X180.725 Y46.067 E64.53601
G1 X180.401 Y45.582 E64.55541
G1 X180.205 Y45.035 E64.57474
G1 X180.144 Y44.431 E64.59493
G1 X180.209 Y43.892 E64.61298
G1 X180.398 Y43.365 E64.63161
G1 X180.714 Y42.877 E64.65094
G1 X181.129 Y42.475 E64.67016
G1 X181.627 Y42.18 E64.68941
G1 X182.149 Y42.014 E64.70763
G1 X182.762 Y41.968 E64.72808
G1 X183.313 Y42.052 E64.74661
G1 X183.839 Y42.262 E64.76545
G1 X184.23 Y42.538 E64.78137
G1 X184.415 Y42.709 E64.78975
G1 X184.6 Y43.044 E64.80248
G1 X184.648 Y43.352 E64.81284
G1 X184.649 Y45.588 E64.88721
G1 X184.601 Y45.895 E64.89755
G1 X184.416 Y46.231 E64.91031
G1 X184.23 Y46.402 E64.91871
G1 X183.839 Y46.678 E64.93463
G0 F15000 X183.646 Y46.324
G1 F1025.3 X183.202 Y46.5 E64.95051
G1 X182.744 Y46.57 E64.96592
G1 X182.253 Y46.539 E64.98229
G1 X181.788 Y46.391 E64.99852
G1 X181.368 Y46.141 E65.01477
G1 X181.032 Y45.81 E65.03046
G1 X180.763 Y45.405 E65.04663
G1 X180.597 Y44.944 E65.06293
G1 X180.548 Y44.468 E65.07884
G1 X180.599 Y43.992 E65.09477
G1 X180.762 Y43.537 E65.11084
G1 X181.025 Y43.131 E65.12693
G1 X181.37 Y42.797 E65.1429
G1 X181.788 Y42.549 E65.15907
G1 X182.253 Y42.401 E65.1753
G1 X182.744 Y42.37 E65.19166
G1 X183.207 Y42.44 E65.20724
G1 X183.677 Y42.636 E65.22417
G1 X184.088 Y42.927 E65.24092
G1 X184.248 Y43.218 E65.25197
G1 X184.249 Y45.588 E65.33079
G1 X184.22 Y45.773 E65.33702
G1 X184.087 Y46.014 E65.34618
G1 X183.646 Y46.324 E65.36411
G0 F15000 X183.761 Y46.611
G0 X185.422 Y49.272
G1 F1025.3 X188.193 Y44.468 E65.54856
G1 X185.422 Y39.669 E65.73288
G1 X179.878 Y39.668 E65.91727
G1 X177.103 Y44.468 E66.10168
G1 X179.878 Y49.272 E66.2862
G1 X185.422 Y49.272 E66.4706
G0 F15000 X185.653 Y49.672
G1 F1025.3 X188.655 Y44.468 E66.67042
G1 X185.653 Y39.269 E66.87009
G1 X179.647 Y39.268 E67.06985
G1 X176.641 Y44.468 E67.26962
G1 X179.647 Y49.672 E67.46951
G1 X185.653 Y49.672 E67.66927
G0 F15000 X185.884 Y50.072
;TYPE:WALL-OUTER
G1 F1025.3 X189.117 Y44.468 E67.88445
G1 X185.884 Y38.869 E68.09949
G1 X179.416 Y38.868 E68.31462
G1 X176.179 Y44.468 E68.52976
G1 X179.416 Y50.072 E68.74501
G1 X185.884 Y50.072 E68.96013
G1 F1500 E62.46013
G0 F15000 X185.714 Y49.777
G0 X183.649 Y46.213
G0 X183.471 Y45.96
G1 F1500 E68.96013
G1 F1025.3 X183.079 Y46.114 E68.97414
G1 X182.694 Y46.168 E68.98707
G1 X182.35 Y46.144 E68.99854
G1 X181.975 Y46.031 E69.01157
G1 X181.6 Y45.808 E69.02608
G1 X181.338 Y45.553 E69.03824
G1 X181.13 Y45.237 E69.05082
G1 X180.999 Y44.88 E69.06347
G1 X180.949 Y44.492 E69.07648
G1 X180.999 Y44.06 E69.09094
G1 X181.13 Y43.703 E69.10359
G1 X181.352 Y43.372 E69.11685
G1 X181.637 Y43.104 E69.12986
G1 X181.975 Y42.909 E69.14284
G1 X182.329 Y42.799 E69.15517
G1 X182.708 Y42.772 E69.16781
G1 X183.123 Y42.838 E69.18178
G1 X183.471 Y42.98 E69.19428
G1 X183.802 Y43.223 E69.20794
G1 X183.848 Y43.306 E69.2111
G1 X183.849 Y45.636 E69.28859
G1 X183.802 Y45.717 E69.29171
G1 X183.471 Y45.96 E69.30536
G0 F15000 X183.649 Y46.213
G0 X184.729 Y45.377
;TYPE:FILL
G1 F1025.3 X188.097 Y44.474 E69.42134
G0 F15000 X186.837 Y46.659
G1 F1025.3 X184.728 Y44.55 E69.52054
G0 F15000 X184.495 Y42.916
G0 X183.779 Y42.403
G0 X183.494 Y42.288
G0 X182.118 Y41.94
G1 F1025.3 X179.928 Y39.749 E69.62358
G0 F15000 X182.451 Y39.748
G1 F1025.3 X181.84 Y42.029 E69.70212
G0 F15000 X180.835 Y42.972
G0 X180.54 Y43.426
G0 X180.358 Y43.934
G0 X180.294 Y44.471
G0 X180.33 Y44.775
G0 X180.728 Y46.181
G1 F1025.3 X179.922 Y49.188 E69.80566
G0 F15000 X178.659 Y47.003
G1 F1025.3 X180.941 Y46.392 E69.88423
G0 F15000 X180.85 Y46.484
;MESH:NONMESH
G0 F300 X180.85 Y46.484 Z2.2
G0 F15000 X182.204 Y46.784
G0 X182.64 Y46.816
G0 X183.839 Y46.678
;TIME_ELAPSED:161.830395
;LAYER:10
;note -- min layer time used
;TYPE:WALL-INNER
;MESH:WheelAdapter_v6.stl
G1 F1024.2 X183.317 Y46.886 E69.90292
G1 X182.766 Y46.972 E69.92147
G1 X182.181 Y46.936 E69.94097
G1 X181.627 Y46.76 E69.9603
G1 X181.125 Y46.463 E69.9797
G1 X180.725 Y46.067 E69.99842
G1 X180.401 Y45.582 E70.01782
G1 X180.205 Y45.035 E70.03715
G1 X180.144 Y44.431 E70.05734
G1 X180.209 Y43.892 E70.07539
G1 X180.398 Y43.365 E70.09402
G1 X180.714 Y42.877 E70.11335
G1 X181.129 Y42.475 E70.13257
G1 X181.627 Y42.18 E70.15182
G1 X182.149 Y42.014 E70.17004
G1 X182.762 Y41.968 E70.19049
G1 X183.313 Y42.052 E70.20902
G1 X183.839 Y42.262 E70.22786
G1 X184.23 Y42.538 E70.24378
G1 X184.415 Y42.709 E70.25216
G1 X184.6 Y43.044 E70.26489
G1 X184.648 Y43.352 E70.27525
G1 X184.649 Y45.588 E70.34962
G1 X184.601 Y45.895 E70.35996
G1 X184.416 Y46.231 E70.37272
G1 X184.23 Y46.402 E70.38112
G1 X183.839 Y46.678 E70.39704
G0 F15000 X183.646 Y46.324
G1 F1024.2 X183.202 Y46.5 E70.41292
G1 X182.744 Y46.57 E70.42833
G1 X182.253 Y46.539 E70.4447
G1 X181.788 Y46.391 E70.46093
G1 X181.368 Y46.141 E70.47718
G1 X181.032 Y45.81 E70.49287
G1 X180.763 Y45.405 E70.50904
G1 X180.597 Y44.944 E70.52534
G1 X180.548 Y44.468 E70.54125
G1 X180.599 Y43.992 E70.55718
G1 X180.762 Y43.537 E70.57325
G1 X181.025 Y43.131 E70.58934
G1 X181.37 Y42.797 E70.60531
G1 X181.788 Y42.549 E70.62148
G1 X182.253 Y42.401 E70.63771
G1 X182.744 Y42.37 E70.65407
G1 X183.207 Y42.44 E70.66965
G1 X183.677 Y42.636 E70.68658
G1 X184.088 Y42.927 E70.70333
G1 X184.248 Y43.218 E70.71438
G1 X184.249 Y45.588 E70.7932
G1 X184.22 Y45.773 E70.79943
G1 X184.087 Y46.014 E70.80859
G1 X183.646 Y46.324 E70.82652
G0 F15000 X183.761 Y46.611
G0 X185.422 Y49.272
G1 F1024.2 X188.193 Y44.468 E71.01097
G1 X185.422 Y39.669 E71.19529
G1 X179.878 Y39.668 E71.37968
G1 X177.103 Y44.468 E71.56409
G1 X179.878 Y49.272 E71.74861
G1 X185.422 Y49.272 E71.93301
G0 F15000 X185.653 Y49.672
G1 F1024.2 X188.655 Y44.468 E72.13283
G1 X185.653 Y39.269 E72.3325
G1 X179.647 Y39.268 E72.53226
G1 X176.641 Y44.468 E72.73203
G1 X179.647 Y49.672 E72.93192
G1 X185.653 Y49.672 E73.13168
G0 F15000 X185.884 Y50.072
;TYPE:WALL-OUTER
G1 F1024.2 X189.117 Y44.468 E73.34686
G1 X185.884 Y38.869 E73.5619
G1 X179.416 Y38.868 E73.77703
G1 X176.179 Y44.468 E73.99217
G1 X179.416 Y50.072 E74.20742
G1 X185.884 Y50.072 E74.42254
G1 F1500 E67.92254
G0 F15000 X185.714 Y49.777
G0 X183.649 Y46.213
G0 X183.471 Y45.96
G1 F1500 E74.42254
G1 F1024.2 X183.079 Y46.114 E74.43655
G1 X182.694 Y46.168 E74.44948
G1 X182.35 Y46.144 E74.46095
G1 X181.975 Y46.031 E74.47398
G1 X181.6 Y45.808 E74.48849
G1 X181.338 Y45.553 E74.50065
G1 X181.13 Y45.237 E74.51323
G1 X180.999 Y44.88 E74.52588
G1 X180.949 Y44.492 E74.53889
G1 X180.999 Y44.06 E74.55335
G1 X181.13 Y43.703 E74.566
G1 X181.352 Y43.372 E74.57926
G1 X181.637 Y43.104 E74.59227
G1 X181.975 Y42.909 E74.60525
G1 X182.329 Y42.799 E74.61758
G1 X182.708 Y42.772 E74.63022
G1 X183.123 Y42.838 E74.64419
G1 X183.471 Y42.98 E74.65669
G1 X183.802 Y43.223 E74.67035
G1 X183.848 Y43.306 E74.67351
G1 X183.849 Y45.636 E74.751
G1 X183.802 Y45.717 E74.75412
G1 X183.471 Y45.96 E74.76777
G0 F15000 X183.649 Y46.213
G0 X184.729 Y45.523
;TYPE:FILL
G1 F1024.2 X187.997 Y44.647 E74.88031
G0 F15000 X186.91 Y46.533
G1 F1024.2 X184.727 Y44.35 E74.98299
G0 F15000 X184.495 Y42.916
G0 X183.779 Y42.403
G0 X182.295 Y41.917
G1 F1024.2 X180.127 Y39.749 E75.08496
G0 F15000 X182.305 Y39.748
G1 F1024.2 X181.679 Y42.086 E75.16547
G0 F15000 X180.835 Y42.972
G0 X180.54 Y43.426
G0 X180.358 Y43.934
G0 X180.294 Y44.471
G0 X180.615 Y46.057
G1 F1024.2 X179.822 Y49.016 E75.26736
G0 F15000 X178.732 Y47.13
G1 F1024.2 X181.072 Y46.503 E75.34793
G0 F15000 X181.006 Y46.632
;MESH:NONMESH
G0 F300 X181.006 Y46.632 Z2.4
G0 F15000 X182.569 Y46.805
G0 X183.839 Y46.678
;TIME_ELAPSED:173.847773
;LAYER:11
;note -- min layer time used
;TYPE:WALL-INNER
;MESH:WheelAdapter_v6.stl
G1 F1024.2 X183.317 Y46.886 E75.36662
G1 X182.766 Y46.972 E75.38517
G1 X182.181 Y46.936 E75.40466
G1 X181.627 Y46.76 E75.42399
G1 X181.125 Y46.463 E75.44339
G1 X180.725 Y46.067 E75.46212
G1 X180.401 Y45.582 E75.48151
G1 X180.205 Y45.035 E75.50084
G1 X180.144 Y44.431 E75.52103
G1 X180.209 Y43.892 E75.53909
G1 X180.398 Y43.365 E75.55771
G1 X180.714 Y42.877 E75.57705
G1 X181.129 Y42.475 E75.59626
G1 X181.627 Y42.18 E75.61552
G1 X182.149 Y42.014 E75.63373
G1 X182.762 Y41.968 E75.65418
G1 X183.313 Y42.052 E75.67272
G1 X183.839 Y42.262 E75.69156
G1 X184.23 Y42.538 E75.70747
G1 X184.415 Y42.709 E75.71585
G1 X184.6 Y43.044 E75.72858
G1 X184.648 Y43.352 E75.73895
G1 X184.649 Y45.588 E75.81332
G1 X184.601 Y45.895 E75.82365
G1 X184.416 Y46.231 E75.83641
G1 X184.23 Y46.402 E75.84481
G1 X183.839 Y46.678 E75.86073
G0 F15000 X183.646 Y46.324
G1 F1024.2 X183.202 Y46.5 E75.87662
G1 X182.744 Y46.57 E75.89203
G1 X182.253 Y46.539 E75.90839
G1 X181.788 Y46.391 E75.92462
G1 X181.368 Y46.141 E75.94088
G1 X181.032 Y45.81 E75.95657
G1 X180.763 Y45.405 E75.97274
G1 X180.597 Y44.944 E75.98903
G1 X180.548 Y44.468 E76.00495
G1 X180.599 Y43.992 E76.02087
G1 X180.762 Y43.537 E76.03695
G1 X181.025 Y43.131 E76.05304
G1 X181.37 Y42.797 E76.06901
G1 X181.788 Y42.549 E76.08517
G1 X182.253 Y42.401 E76.1014
G1 X182.744 Y42.37 E76.11777
G1 X183.207 Y42.44 E76.13334
G1 X183.677 Y42.636 E76.15028
G1 X184.088 Y42.927 E76.16703
G1 X184.248 Y43.218 E76.17807
G1 X184.249 Y45.588 E76.2569
G1 X184.22 Y45.773 E76.26313
G1 X184.087 Y46.014 E76.27228
G1 X183.646 Y46.324 E76.29021
G0 F15000 X183.761 Y46.611
G0 X185.422 Y49.272
G1 F1024.2 X188.193 Y44.468 E76.47467
G1 X185.422 Y39.669 E76.65898
G1 X179.878 Y39.668 E76.84338
G1 X177.103 Y44.468 E77.02778
G1 X179.878 Y49.272 E77.21231
G1 X185.422 Y49.272 E77.3967
G0 F15000 X185.653 Y49.672
G1 F1024.2 X188.655 Y44.468 E77.59652
G1 X185.653 Y39.269 E77.7962
G1 X179.647 Y39.268 E77.99596
G1 X176.641 Y44.468 E78.19573
G1 X179.647 Y49.672 E78.39562
G1 X185.653 Y49.672 E78.59538
G0 F15000 X185.884 Y50.072
;TYPE:WALL-OUTER
G1 F1024.2 X189.117 Y44.468 E78.81056
G1 X185.884 Y38.869 E79.0256
G1 X179.416 Y38.868 E79.24073
G1 X176.179 Y44.468 E79.45586
G1 X179.416 Y50.072 E79.67111
G1 X185.884 Y50.072 E79.88624
G1 F1500 E73.38624
G0 F15000 X185.714 Y49.777
G0 X183.649 Y46.213
G0 X183.471 Y45.96
G1 F1500 E79.88624
G1 F1024.2 X183.079 Y46.114 E79.90024
G1 X182.694 Y46.168 E79.91318
G1 X182.35 Y46.144 E79.92464
G1 X181.975 Y46.031 E79.93767
G1 X181.6 Y45.808 E79.95218
G1 X181.338 Y45.553 E79.96434
G1 X181.13 Y45.237 E79.97692
G1 X180.999 Y44.88 E79.98957
G1 X180.949 Y44.492 E80.00258
G1 X180.999 Y44.06 E80.01705
G1 X181.13 Y43.703 E80.0297
G1 X181.352 Y43.372 E80.04295
G1 X181.637 Y43.104 E80.05596
G1 X181.975 Y42.909 E80.06894
G1 X182.329 Y42.799 E80.08127
G1 X182.708 Y42.772 E80.09391
G1 X183.123 Y42.838 E80.10789
G1 X183.471 Y42.98 E80.12039
G1 X183.802 Y43.223 E80.13405
G1 X183.848 Y43.306 E80.1372
G1 X183.849 Y45.636 E80.2147
G1 X183.802 Y45.717 E80.21781
G1 X183.471 Y45.96 E80.23147
G0 F15000 X183.649 Y46.213
G0 X184.714 Y45.674
;TYPE:FILL
G1 F1024.2 X187.897 Y44.821 E80.34107
G0 F15000 X186.984 Y46.405
G1 F1024.2 X184.727 Y44.149 E80.44721
G0 F15000 X184.495 Y42.916
G0 X183.915 Y42.5
G0 X182.484 Y41.906
G1 F1024.2 X180.328 Y39.749 E80.54865
G0 F15000 X182.158 Y39.748
G1 F1024.2 X181.512 Y42.16 E80.6317
G0 F15000 X180.835 Y42.972
G0 X180.54 Y43.426
G0 X180.358 Y43.934
G0 X180.306 Y44.369
G0 X180.511 Y45.897
G1 F1024.2 X179.722 Y48.842 E80.7331
G0 F15000 X178.806 Y47.257
G1 F1024.2 X181.218 Y46.611 E80.81615
G0 F15000 X181.152 Y46.721
;MESH:NONMESH
G0 F300 X181.152 Y46.721 Z2.6
G0 F15000 X182.584 Y46.814
G0 X183.839 Y46.678
;TIME_ELAPSED:185.805622
;LAYER:12
;note -- min layer time used
;TYPE:WALL-INNER
;MESH:WheelAdapter_v6.stl
G1 F1024.6 X183.317 Y46.886 E80.83484
G1 X182.766 Y46.972 E80.85339
G1 X182.181 Y46.936 E80.87289
G1 X181.627 Y46.76 E80.89222
G1 X181.125 Y46.463 E80.91162
G1 X180.725 Y46.067 E80.93034
G1 X180.401 Y45.582 E80.94974
G1 X180.205 Y45.035 E80.96906
G1 X180.144 Y44.431 E80.98926
G1 X180.209 Y43.892 E81.00731
G1 X180.398 Y43.365 E81.02593
G1 X180.714 Y42.877 E81.04527
G1 X181.129 Y42.475 E81.06449
G1 X181.627 Y42.18 E81.08374
G1 X182.149 Y42.014 E81.10196
G1 X182.762 Y41.968 E81.1224
G1 X183.313 Y42.052 E81.14094
G1 X183.839 Y42.262 E81.15978
G1 X184.23 Y42.538 E81.1757
G1 X184.415 Y42.709 E81.18408
G1 X184.6 Y43.044 E81.19681
G1 X184.648 Y43.352 E81.20717
G1 X184.649 Y45.588 E81.28154
G1 X184.601 Y45.895 E81.29188
G1 X184.416 Y46.231 E81.30464
G1 X184.23 Y46.402 E81.31304
G1 X183.839 Y46.678 E81.32896
G0 F15000 X183.646 Y46.324
G1 F1024.6 X183.202 Y46.5 E81.34484
G1 X182.744 Y46.57 E81.36025
G1 X182.253 Y46.539 E81.37662
G1 X181.788 Y46.391 E81.39285
G1 X181.368 Y46.141 E81.4091
G1 X181.032 Y45.81 E81.42479
G1 X180.763 Y45.405 E81.44096
G1 X180.597 Y44.944 E81.45726
G1 X180.548 Y44.468 E81.47317
G1 X180.599 Y43.992 E81.4891
G1 X180.762 Y43.537 E81.50517
G1 X181.025 Y43.131 E81.52126
G1 X181.37 Y42.797 E81.53723
G1 X181.788 Y42.549 E81.5534
G1 X182.253 Y42.401 E81.56963
G1 X182.744 Y42.37 E81.58599
G1 X183.207 Y42.44 E81.60156
G1 X183.677 Y42.636 E81.6185
G1 X184.088 Y42.927 E81.63525
G1 X184.248 Y43.218 E81.6463
G1 X184.249 Y45.588 E81.72512
G1 X184.22 Y45.773 E81.73135
G1 X184.087 Y46.014 E81.74051
G1 X183.646 Y46.324 E81.75844
G0 F15000 X183.761 Y46.611
G0 X185.422 Y49.272
G1 F1024.6 X188.193 Y44.468 E81.94289
G1 X185.422 Y39.669 E82.12721
G1 X179.878 Y39.668 E82.3116
G1 X177.103 Y44.468 E82.49601
G1 X179.878 Y49.272 E82.68053
G1 X185.422 Y49.272 E82.86493
G0 F15000 X185.653 Y49.672
G1 F1024.6 X188.655 Y44.468 E83.06475
G1 X185.653 Y39.269 E83.26442
G1 X179.647 Y39.268 E83.46418
G1 X176.641 Y44.468 E83.66395
G1 X179.647 Y49.672 E83.86384
G1 X185.653 Y49.672 E84.0636
G0 F15000 X185.884 Y50.072
;TYPE:WALL-OUTER
G1 F1024.6 X189.117 Y44.468 E84.27878
G1 X185.884 Y38.869 E84.49382
G1 X179.416 Y38.868 E84.70895
G1 X176.179 Y44.468 E84.92408
G1 X179.416 Y50.072 E85.13933
G1 X185.884 Y50.072 E85.35446
G1 F1500 E78.85446
G0 F15000 X185.714 Y49.777
G0 X183.649 Y46.213
G0 X183.471 Y45.96
G1 F1500 E85.35446
G1 F1024.6 X183.079 Y46.114 E85.36847
G1 X182.694 Y46.168 E85.3814
G1 X182.35 Y46.144 E85.39287
G1 X181.975 Y46.031 E85.4059
G1 X181.6 Y45.808 E85.42041
G1 X181.338 Y45.553 E85.43257
G1 X181.13 Y45.237 E85.44515
G1 X180.999 Y44.88 E85.4578
G1 X180.949 Y44.492 E85.47081
G1 X180.999 Y44.06 E85.48527
G1 X181.13 Y43.703 E85.49792
G1 X181.352 Y43.372 E85.51118
G1 X181.637 Y43.104 E85.52419
G1 X181.975 Y42.909 E85.53717
G1 X182.329 Y42.799 E85.5495
G1 X182.708 Y42.772 E85.56213
G1 X183.123 Y42.838 E85.57611
G1 X183.471 Y42.98 E85.58861
G1 X183.802 Y43.223 E85.60227
G1 X183.848 Y43.306 E85.60543
G1 X183.849 Y45.636 E85.68292
G1 X183.802 Y45.717 E85.68604
G1 X183.471 Y45.96 E85.69969
G0 F15000 X183.649 Y46.213
G0 X184.691 Y45.826
;TYPE:FILL
G1 F1024.6 X187.797 Y44.994 E85.80664
G0 F15000 X187.057 Y46.279
G1 F1024.6 X184.727 Y43.95 E85.91621
G0 F15000 X184.495 Y42.916
G0 X183.915 Y42.5
G0 X182.673 Y41.895
G1 F1024.6 X180.527 Y39.749 E86.01716
G0 F15000 X182.012 Y39.748
G1 F1024.6 X181.34 Y42.256 E86.10351
G0 F15000 X180.54 Y43.426
G0 X180.358 Y43.934
G0 X180.306 Y44.369
G0 X180.408 Y45.737
G1 F1024.6 X179.622 Y48.669 E86.20448
G0 F15000 X178.878 Y47.384
G1 F1024.6 X181.386 Y46.711 E86.29084
G0 F15000 X181.321 Y46.821
;MESH:NONMESH
G0 F300 X181.321 Y46.821 Z2.8
G0 F15000 X183.317 Y46.886
;TIME_ELAPSED:197.690134
;LAYER:13
;note -- min layer time used
;TYPE:WALL-INNER
;MESH:WheelAdapter_v6.stl
G1 F1025.4 X182.766 Y46.972 E86.30939
G1 X182.181 Y46.936 E86.32889
G1 X181.627 Y46.76 E86.34822
G1 X181.125 Y46.463 E86.36762
G1 X180.725 Y46.067 E86.38634
G1 X180.401 Y45.582 E86.40574
G1 X180.205 Y45.035 E86.42507
G1 X180.144 Y44.431 E86.44526
G1 X180.209 Y43.892 E86.46331
G1 X180.398 Y43.365 E86.48194
G1 X180.714 Y42.877 E86.50127
G1 X181.129 Y42.475 E86.52049
G1 X181.627 Y42.18 E86.53974
G1 X182.149 Y42.014 E86.55796
G1 X182.762 Y41.968 E86.57841
G1 X183.313 Y42.052 E86.59694
G1 X183.839 Y42.262 E86.61578
G1 X184.23 Y42.538 E86.6317
G1 X184.415 Y42.709 E86.64008
G1 X184.6 Y43.044 E86.65281
G1 X184.648 Y43.352 E86.66317
G1 X184.649 Y45.588 E86.73754
G1 X184.601 Y45.895 E86.74788
G1 X184.416 Y46.231 E86.76064
G1 X184.23 Y46.402 E86.76904
G1 X183.839 Y46.678 E86.78496
G1 X183.317 Y46.886 E86.80365
G0 F15000 X183.646 Y46.324
G1 F1025.4 X183.202 Y46.5 E86.81953
G1 X182.744 Y46.57 E86.83494
G1 X182.253 Y46.539 E86.85131
G1 X181.788 Y46.391 E86.86754
G1 X181.368 Y46.141 E86.88379
G1 X181.032 Y45.81 E86.89948
G1 X180.763 Y45.405 E86.91565
G1 X180.597 Y44.944 E86.93195
G1 X180.548 Y44.468 E86.94786
G1 X180.599 Y43.992 E86.96379
G1 X180.762 Y43.537 E86.97986
G1 X181.025 Y43.131 E86.99595
G1 X181.37 Y42.797 E87.01192
G1 X181.788 Y42.549 E87.02809
G1 X182.253 Y42.401 E87.04432
G1 X182.744 Y42.37 E87.06068
G1 X183.207 Y42.44 E87.07626
G1 X183.677 Y42.636 E87.09319
G1 X184.088 Y42.927 E87.10994
G1 X184.248 Y43.218 E87.12099
G1 X184.249 Y45.588 E87.19981
G1 X184.22 Y45.773 E87.20604
G1 X184.087 Y46.014 E87.2152
G1 X183.646 Y46.324 E87.23313
G0 F15000 X183.761 Y46.611
G0 X185.422 Y49.272
G1 F1025.4 X188.193 Y44.468 E87.41758
G1 X185.422 Y39.669 E87.6019
G1 X179.878 Y39.668 E87.78629
G1 X177.103 Y44.468 E87.9707
G1 X179.878 Y49.272 E88.15522
G1 X185.422 Y49.272 E88.33962
G0 F15000 X185.653 Y49.672
G1 F1025.4 X188.655 Y44.468 E88.53944
G1 X185.653 Y39.269 E88.73911
G1 X179.647 Y39.268 E88.93887
G1 X176.641 Y44.468 E89.13864
G1 X179.647 Y49.672 E89.33853
G1 X185.653 Y49.672 E89.53829
G0 F15000 X185.884 Y50.072
;TYPE:WALL-OUTER
G1 F1025.4 X189.117 Y44.468 E89.75347
G1 X185.884 Y38.869 E89.96851
G1 X179.416 Y38.868 E90.18364
G1 X176.179 Y44.468 E90.39877
G1 X179.416 Y50.072 E90.61402
G1 X185.884 Y50.072 E90.82915
G1 F1500 E84.32915
G0 F15000 X185.714 Y49.777
G0 X183.649 Y46.213
G0 X183.471 Y45.96
G1 F1500 E90.82915
G1 F1025.4 X183.079 Y46.114 E90.84316
G1 X182.694 Y46.168 E90.85609
G1 X182.35 Y46.144 E90.86756
G1 X181.975 Y46.031 E90.88059
G1 X181.6 Y45.808 E90.8951
G1 X181.338 Y45.553 E90.90726
G1 X181.13 Y45.237 E90.91984
G1 X180.999 Y44.88 E90.93249
G1 X180.948 Y44.468 E90.9463
G1 X180.999 Y44.06 E90.95997
G1 X181.13 Y43.703 E90.97262
G1 X181.352 Y43.372 E90.98588
G1 X181.637 Y43.104 E90.99889
G1 X181.975 Y42.909 E91.01187
G1 X182.329 Y42.799 E91.0242
G1 X182.708 Y42.772 E91.03683
G1 X183.123 Y42.838 E91.05081
G1 X183.471 Y42.98 E91.06331
G1 X183.802 Y43.223 E91.07697
G1 X183.848 Y43.306 E91.08012
G1 X183.849 Y45.636 E91.15762
G1 X183.802 Y45.717 E91.16073
G1 X183.471 Y45.96 E91.17439
G0 F15000 X183.649 Y46.213
G0 X184.649 Y45.983
;TYPE:FILL
G1 F1025.4 X187.698 Y45.166 E91.27938
G0 F15000 X187.129 Y46.152
G1 F1025.4 X184.727 Y43.75 E91.39236
G0 F15000 X184.495 Y42.916
G0 X184.089 Y42.625
G0 X182.883 Y41.905
G1 F1025.4 X180.727 Y39.749 E91.49377
G0 F15000 X181.866 Y39.748
G1 F1025.4 X181.165 Y42.366 E91.58392
G0 F15000 X180.54 Y43.426
G0 X180.358 Y43.934
G0 X180.309 Y45.562
G1 F1025.4 X179.522 Y48.496 E91.68495
G0 F15000 X178.951 Y47.51
G1 F1025.4 X181.574 Y46.807 E91.77527
G0 F15000 X181.542 Y46.949
;MESH:NONMESH
G0 F300 X181.542 Y46.949 Z3
G0 F15000 X183.839 Y46.678
;TIME_ELAPSED:209.544578
;LAYER:14
;note -- min layer time used
;TYPE:WALL-INNER
;MESH:WheelAdapter_v6.stl
G1 F1027.6 X183.317 Y46.886 E91.79396
G1 X182.766 Y46.972 E91.81251
G1 X182.181 Y46.936 E91.832
G1 X181.627 Y46.76 E91.85134
G1 X181.125 Y46.463 E91.87074
G1 X180.725 Y46.067 E91.88946
G1 X180.401 Y45.582 E91.90886
G1 X180.205 Y45.035 E91.92818
G1 X180.144 Y44.431 E91.94837
G1 X180.209 Y43.892 E91.96643
G1 X180.398 Y43.365 E91.98505
G1 X180.714 Y42.877 E92.00439
G1 X181.129 Y42.475 E92.02361
G1 X181.627 Y42.18 E92.04286
G1 X182.149 Y42.014 E92.06108
G1 X182.762 Y41.968 E92.08152
G1 X183.313 Y42.052 E92.10006
G1 X183.839 Y42.262 E92.1189
G1 X184.23 Y42.538 E92.13482
G1 X184.415 Y42.709 E92.1432
G1 X184.6 Y43.044 E92.15592
G1 X184.648 Y43.352 E92.16629
G1 X184.649 Y45.588 E92.24066
G1 X184.601 Y45.895 E92.251
G1 X184.416 Y46.231 E92.26375
G1 X184.23 Y46.402 E92.27216
G1 X183.839 Y46.678 E92.28808
G0 F15000 X183.646 Y46.324
G1 F1027.6 X183.202 Y46.5 E92.30396
G1 X182.744 Y46.57 E92.31937
G1 X182.253 Y46.539 E92.33573
G1 X181.788 Y46.391 E92.35196
G1 X181.368 Y46.141 E92.36822
G1 X181.032 Y45.81 E92.38391
G1 X180.763 Y45.405 E92.40008
G1 X180.597 Y44.944 E92.41638
G1 X180.548 Y44.468 E92.43229
G1 X180.599 Y43.992 E92.44821
G1 X180.762 Y43.537 E92.46429
G1 X181.025 Y43.131 E92.48038
G1 X181.37 Y42.797 E92.49635
G1 X181.788 Y42.549 E92.51251
G1 X182.253 Y42.401 E92.52875
G1 X182.744 Y42.37 E92.54511
G1 X183.207 Y42.44 E92.56068
G1 X183.677 Y42.636 E92.57762
G1 X184.088 Y42.927 E92.59437
G1 X184.248 Y43.218 E92.60541
G1 X184.249 Y45.588 E92.68424
G1 X184.22 Y45.773 E92.69047
G1 X184.087 Y46.014 E92.69962
G1 X183.646 Y46.324 E92.71755
G0 F15000 X183.761 Y46.611
G0 X185.422 Y49.272
G1 F1027.6 X188.193 Y44.468 E92.90201
G1 X185.422 Y39.669 E93.08632
G1 X179.878 Y39.668 E93.27072
G1 X177.103 Y44.468 E93.45513
G1 X179.878 Y49.272 E93.63965
G1 X185.422 Y49.272 E93.82404
G0 F15000 X185.653 Y49.672
G1 F1027.6 X188.655 Y44.468 E94.02386
G1 X185.653 Y39.269 E94.22354
G1 X179.647 Y39.268 E94.4233
G1 X176.641 Y44.468 E94.62307
G1 X179.647 Y49.672 E94.82296
G1 X185.653 Y49.672 E95.02272
G0 F15000 X185.884 Y50.072
;TYPE:WALL-OUTER
G1 F1027.6 X189.117 Y44.468 E95.2379
G1 X185.884 Y38.869 E95.45294
G1 X179.416 Y38.868 E95.66807
G1 X176.179 Y44.468 E95.8832
G1 X179.416 Y50.072 E96.09845
G1 X185.884 Y50.072 E96.31358
G1 F1500 E89.81358
G0 F15000 X185.714 Y49.777
G0 X183.649 Y46.213
G0 X183.471 Y45.96
G1 F1500 E96.31358
G1 F1027.6 X183.079 Y46.114 E96.32759
G1 X182.694 Y46.168 E96.34052
G1 X182.35 Y46.144 E96.35199
G1 X181.975 Y46.031 E96.36501
G1 X181.6 Y45.808 E96.37952
G1 X181.338 Y45.553 E96.39168
G1 X181.13 Y45.237 E96.40427
G1 X180.999 Y44.88 E96.41692
G1 X180.949 Y44.492 E96.42993
G1 X180.999 Y44.06 E96.44439
G1 X181.13 Y43.703 E96.45704
G1 X181.352 Y43.372 E96.4703
G1 X181.637 Y43.104 E96.48331
G1 X181.975 Y42.909 E96.49629
G1 X182.329 Y42.799 E96.50862
G1 X182.708 Y42.772 E96.52125
G1 X183.123 Y42.838 E96.53523
G1 X183.471 Y42.98 E96.54773
G1 X183.802 Y43.223 E96.56139
G1 X183.848 Y43.306 E96.56454
G1 X183.849 Y45.636 E96.64204
G1 X183.802 Y45.717 E96.64515
G1 X183.471 Y45.96 E96.65881
G0 F15000 X183.649 Y46.213
G0 X184.574 Y46.15
;TYPE:FILL
G1 F1027.6 X187.597 Y45.34 E96.7629
G0 F15000 X187.203 Y46.025
G1 F1027.6 X184.727 Y43.549 E96.87937
G0 F15000 X184.495 Y42.916
G0 X183.119 Y41.941
G1 F1027.6 X180.927 Y39.749 E96.98247
G0 F15000 X181.719 Y39.748
G1 F1027.6 X180.981 Y42.505 E97.0774
G0 F15000 X180.358 Y43.934
G0 X180.224 Y45.328
G1 F1027.6 X179.422 Y48.322 E97.18049
G0 F15000 X179.025 Y47.637
G1 F1027.6 X181.792 Y46.896 E97.27576
G0 F15000 X181.752 Y47.018
;MESH:NONMESH
G0 F300 X181.752 Y47.018 Z3.2
G0 F15000 X183.839 Y46.678
;TIME_ELAPSED:221.303493
;LAYER:15
;note -- min layer time used
;TYPE:WALL-INNER
;MESH:WheelAdapter_v6.stl
G1 F1031.1 X183.317 Y46.886 E97.29445
G1 X182.766 Y46.972 E97.313
G1 X182.181 Y46.936 E97.3325
G1 X181.627 Y46.76 E97.35183
G1 X181.125 Y46.463 E97.37123
G1 X180.725 Y46.067 E97.38995
G1 X180.401 Y45.582 E97.40935
G1 X180.205 Y45.035 E97.42868
G1 X180.144 Y44.431 E97.44887
G1 X180.209 Y43.892 E97.46692
G1 X180.398 Y43.365 E97.48555
G1 X180.714 Y42.877 E97.50488
G1 X181.129 Y42.475 E97.5241
G1 X181.627 Y42.18 E97.54335
G1 X182.149 Y42.014 E97.56157
G1 X182.762 Y41.968 E97.58202
G1 X183.313 Y42.052 E97.60055
G1 X183.839 Y42.262 E97.61939
G1 X184.23 Y42.538 E97.63531
G1 X184.415 Y42.709 E97.64369
G1 X184.6 Y43.044 E97.65642
G1 X184.648 Y43.352 E97.66678
G1 X184.649 Y45.588 E97.74115
G1 X184.601 Y45.895 E97.75149
G1 X184.416 Y46.231 E97.76425
G1 X184.23 Y46.402 E97.77265
G1 X183.839 Y46.678 E97.78857
G0 F15000 X183.646 Y46.324
G1 F1031.1 X183.202 Y46.5 E97.80445
G1 X182.744 Y46.57 E97.81986
G1 X182.253 Y46.539 E97.83623
G1 X181.788 Y46.391 E97.85246
G1 X181.368 Y46.141 E97.86871
G1 X181.032 Y45.81 E97.8844
G1 X180.763 Y45.405 E97.90057
G1 X180.597 Y44.944 E97.91687
G1 X180.548 Y44.468 E97.93278
G1 X180.599 Y43.992 E97.94871
G1 X180.762 Y43.537 E97.96478
G1 X181.025 Y43.131 E97.98087
G1 X181.37 Y42.797 E97.99684
G1 X181.788 Y42.549 E98.01301
G1 X182.253 Y42.401 E98.02924
G1 X182.744 Y42.37 E98.0456
G1 X183.207 Y42.44 E98.06118
G1 X183.677 Y42.636 E98.07811
G1 X184.088 Y42.927 E98.09486
G1 X184.248 Y43.218 E98.10591
G1 X184.249 Y45.588 E98.18473
G1 X184.22 Y45.773 E98.19096
G1 X184.087 Y46.014 E98.20012
G1 X183.646 Y46.324 E98.21805
G0 F15000 X183.761 Y46.611
G0 X185.422 Y49.272
G1 F1031.1 X188.193 Y44.468 E98.4025
G1 X185.422 Y39.669 E98.58682
G1 X179.878 Y39.668 E98.77121
G1 X177.103 Y44.468 E98.95562
G1 X179.878 Y49.272 E99.14014
G1 X185.422 Y49.272 E99.32454
G0 F15000 X185.653 Y49.672
G1 F1031.1 X188.655 Y44.468 E99.52436
G1 X185.653 Y39.269 E99.72403
G1 X179.647 Y39.268 E99.92379
G1 X176.641 Y44.468 E100.12356
G1 X179.647 Y49.672 E100.32345
G1 X185.653 Y49.672 E100.52321
G0 F15000 X185.884 Y50.072
;TYPE:WALL-OUTER
G1 F1031.1 X189.117 Y44.468 E100.7384
G1 X185.884 Y38.869 E100.95343
G1 X179.416 Y38.868 E101.16856
G1 X176.179 Y44.468 E101.3837
G1 X179.416 Y50.072 E101.59895
G1 X185.884 Y50.072 E101.81407
G1 F1500 E95.31407
G0 F15000 X185.714 Y49.777
G0 X183.649 Y46.213
G0 X183.471 Y45.96
G1 F1500 E101.81407
G1 F1031.1 X183.079 Y46.114 E101.82808
G1 X182.694 Y46.168 E101.84101
G1 X182.35 Y46.144 E101.85248
G1 X181.975 Y46.031 E101.86551
G1 X181.6 Y45.808 E101.88002
G1 X181.338 Y45.553 E101.89218
G1 X181.13 Y45.237 E101.90476
G1 X180.999 Y44.88 E101.91741
G1 X180.949 Y44.492 E101.93042
G1 X180.999 Y44.06 E101.94488
G1 X181.13 Y43.703 E101.95753
G1 X181.352 Y43.372 E101.97079
G1 X181.637 Y43.104 E101.9838
G1 X181.975 Y42.909 E101.99678
G1 X182.329 Y42.799 E102.00911
G1 X182.708 Y42.772 E102.02175
G1 X183.123 Y42.838 E102.03572
G1 X183.471 Y42.98 E102.04822
G1 X183.802 Y43.223 E102.06188
G1 X183.848 Y43.306 E102.06504
G1 X183.849 Y45.636 E102.14253
G1 X183.802 Y45.717 E102.14565
G1 X183.471 Y45.96 E102.15931
G0 F15000 X183.649 Y46.213
G0 X184.415 Y46.339
;TYPE:FILL
G1 F1031.1 X187.497 Y45.513 E102.26543
G0 F15000 X187.276 Y45.898
G1 F1031.1 X184.725 Y43.347 E102.38542
G0 F15000 X184.539 Y42.998
G0 X183.38 Y42.002
G1 F1031.1 X181.127 Y39.749 E102.4914
G0 F15000 X181.573 Y39.748
G1 F1031.1 X180.783 Y42.697 E102.59294
G0 F15000 X180.439 Y43.699
G0 X180.147 Y45.072
G1 F1031.1 X179.322 Y48.15 E102.69893
G0 F15000 X179.098 Y47.764
G1 F1031.1 X182.045 Y46.974 E102.80041
G0 F15000 X182.005 Y47.099
;MESH:NONMESH
G0 F300 X182.005 Y47.099 Z3.4
G0 F15000 X183.839 Y46.678
;TIME_ELAPSED:232.962437
;LAYER:16
;note -- min layer time used
;TYPE:WALL-INNER
;MESH:WheelAdapter_v6.stl
G1 F1039.3 X183.317 Y46.886 E102.81909
G1 X182.766 Y46.972 E102.83764
G1 X182.181 Y46.936 E102.85714
G1 X181.627 Y46.76 E102.87647
G1 X181.125 Y46.463 E102.89587
G1 X180.725 Y46.067 E102.91459
G1 X180.401 Y45.582 E102.93399
G1 X180.205 Y45.035 E102.95332
G1 X180.144 Y44.431 E102.97351
G1 X180.209 Y43.892 E102.99156
G1 X180.398 Y43.365 E103.01019
G1 X180.714 Y42.877 E103.02952
G1 X181.129 Y42.475 E103.04874
G1 X181.627 Y42.18 E103.06799
G1 X182.149 Y42.014 E103.08621
G1 X182.762 Y41.968 E103.10666
G1 X183.313 Y42.052 E103.12519
G1 X183.839 Y42.262 E103.14403
G1 X184.23 Y42.538 E103.15995
G1 X184.415 Y42.709 E103.16833
G1 X184.6 Y43.044 E103.18106
G1 X184.648 Y43.352 E103.19142
G1 X184.649 Y45.588 E103.26579
G1 X184.601 Y45.895 E103.27613
G1 X184.416 Y46.231 E103.28889
G1 X184.23 Y46.402 E103.29729
G1 X183.839 Y46.678 E103.31321
G0 F15000 X183.646 Y46.324
G1 F1039.3 X183.202 Y46.5 E103.32909
G1 X182.744 Y46.57 E103.3445
G1 X182.253 Y46.539 E103.36087
G1 X181.788 Y46.391 E103.3771
G1 X181.368 Y46.141 E103.39335
G1 X181.032 Y45.81 E103.40904
G1 X180.763 Y45.405 E103.42521
G1 X180.597 Y44.944 E103.44151
G1 X180.548 Y44.468 E103.45742
G1 X180.599 Y43.992 E103.47335
G1 X180.762 Y43.537 E103.48942
G1 X181.025 Y43.131 E103.50551
G1 X181.37 Y42.797 E103.52148
G1 X181.788 Y42.549 E103.53765
G1 X182.253 Y42.401 E103.55388
G1 X182.744 Y42.37 E103.57024
G1 X183.207 Y42.44 E103.58582
G1 X183.677 Y42.636 E103.60275
G1 X184.088 Y42.927 E103.6195
G1 X184.248 Y43.218 E103.63055
G1 X184.249 Y45.588 E103.70937
G1 X184.22 Y45.773 E103.7156
G1 X184.087 Y46.014 E103.72476
G1 X183.646 Y46.324 E103.74269
G0 F15000 X183.761 Y46.611
G0 X185.422 Y49.272
G1 F1039.3 X188.193 Y44.468 E103.92714
G1 X185.422 Y39.669 E104.11146
G1 X179.878 Y39.668 E104.29585
G1 X177.103 Y44.468 E104.48026
G1 X179.878 Y49.272 E104.66478
G1 X185.422 Y49.272 E104.84918
G0 F15000 X185.653 Y49.672
G1 F1039.3 X188.655 Y44.468 E105.049
G1 X185.653 Y39.269 E105.24867
G1 X179.647 Y39.268 E105.44843
G1 X176.641 Y44.468 E105.64821
G1 X179.647 Y49.672 E105.84809
G1 X185.653 Y49.672 E106.04785
G0 F15000 X185.884 Y50.072
;TYPE:WALL-OUTER
G1 F1039.3 X189.117 Y44.468 E106.26304
G1 X185.884 Y38.869 E106.47807
G1 X179.416 Y38.868 E106.6932
G1 X176.179 Y44.468 E106.90834
G1 X179.416 Y50.072 E107.12359
G1 X185.884 Y50.072 E107.33871
G1 F1500 E100.83871
G0 F15000 X185.714 Y49.777
G0 X183.649 Y46.213
G0 X183.471 Y45.96
G1 F1500 E107.33871
G1 F1039.3 X183.079 Y46.114 E107.35272
G1 X182.694 Y46.168 E107.36565
G1 X182.35 Y46.144 E107.37712
G1 X181.975 Y46.031 E107.39015
G1 X181.6 Y45.808 E107.40466
G1 X181.338 Y45.553 E107.41682
G1 X181.13 Y45.237 E107.4294
G1 X180.999 Y44.88 E107.44205
G1 X180.949 Y44.492 E107.45506
G1 X180.999 Y44.06 E107.46952
G1 X181.13 Y43.703 E107.48217
G1 X181.352 Y43.372 E107.49543
G1 X181.637 Y43.104 E107.50844
G1 X181.975 Y42.909 E107.52142
G1 X182.329 Y42.799 E107.53375
G1 X182.708 Y42.772 E107.54639
G1 X183.123 Y42.838 E107.56036
G1 X183.471 Y42.98 E107.57286
G1 X183.802 Y43.223 E107.58652
G1 X183.848 Y43.306 E107.58968
G1 X183.849 Y45.636 E107.66717
G1 X183.802 Y45.717 E107.67029
G1 X183.471 Y45.96 E107.68395
G0 F15000 X184.148 Y46.557
;TYPE:FILL
G1 F1039.3 X187.397 Y45.687 E107.79581
G1 X187.349 Y45.771
G1 X184.689 Y43.11 E107.92096
G0 F15000 X183.699 Y42.12
G1 F1039.3 X181.328 Y39.749 E108.03248
G1 X181.426 Y39.748
G1 X180.566 Y42.959 E108.14304
G0 F15000 X180.093 Y44.725
G1 F1039.3 X179.222 Y47.976 E108.25499
G1 X179.171 Y47.891
G1 X182.393 Y47.028 E108.36593
G0 F15000 X182.382 Y47.158
;MESH:NONMESH
G0 F300 X182.382 Y47.158 Z3.6
G0 F15000 X183.839 Y46.678
;TIME_ELAPSED:244.450605
;LAYER:17
;note -- min layer time used
;TYPE:WALL-INNER
;MESH:WheelAdapter_v6.stl
G1 F1051.8 X183.317 Y46.886 E108.38462
G1 X182.766 Y46.972 E108.40316
G1 X182.181 Y46.936 E108.42266
G1 X181.627 Y46.76 E108.44199
G1 X181.125 Y46.463 E108.46139
G1 X180.725 Y46.067 E108.48011
G1 X180.401 Y45.582 E108.49951
G1 X180.205 Y45.035 E108.51884
G1 X180.144 Y44.431 E108.53903
G1 X180.209 Y43.892 E108.55709
G1 X180.398 Y43.365 E108.57571
G1 X180.714 Y42.877 E108.59505
G1 X181.129 Y42.475 E108.61426
G1 X181.627 Y42.18 E108.63351
G1 X182.149 Y42.014 E108.65173
G1 X182.762 Y41.968 E108.67218
G1 X183.313 Y42.052 E108.69072
G1 X183.839 Y42.262 E108.70955
G1 X184.23 Y42.538 E108.72547
G1 X184.415 Y42.709 E108.73385
G1 X184.6 Y43.044 E108.74658
G1 X184.648 Y43.352 E108.75695
G1 X184.649 Y45.588 E108.83132
G1 X184.601 Y45.895 E108.84165
G1 X184.416 Y46.231 E108.85441
G1 X184.23 Y46.402 E108.86281
G1 X183.839 Y46.678 E108.87873
G0 F15000 X183.646 Y46.324
G1 F1051.8 X183.202 Y46.5 E108.89462
G1 X182.744 Y46.57 E108.91003
G1 X182.253 Y46.539 E108.92639
G1 X181.788 Y46.391 E108.94262
G1 X181.368 Y46.141 E108.95888
G1 X181.032 Y45.81 E108.97456
G1 X180.763 Y45.405 E108.99073
G1 X180.597 Y44.944 E109.00703
G1 X180.548 Y44.468 E109.02295
G1 X180.599 Y43.992 E109.03887
G1 X180.762 Y43.537 E109.05494
G1 X181.025 Y43.131 E109.07103
G1 X181.37 Y42.797 E109.087
G1 X181.788 Y42.549 E109.10317
G1 X182.253 Y42.401 E109.1194
G1 X182.744 Y42.37 E109.13576
G1 X183.207 Y42.44 E109.15134
G1 X183.677 Y42.636 E109.16828
G1 X184.088 Y42.927 E109.18503
G1 X184.248 Y43.218 E109.19607
G1 X184.249 Y45.588 E109.2749
G1 X184.22 Y45.773 E109.28113
G1 X184.087 Y46.014 E109.29028
G1 X183.646 Y46.324 E109.30821
G0 F15000 X183.761 Y46.611
G0 X185.422 Y49.272
G1 F1051.8 X188.193 Y44.468 E109.49267
G1 X185.422 Y39.669 E109.67698
G1 X179.878 Y39.668 E109.86137
G1 X177.103 Y44.468 E110.04578
G1 X179.878 Y49.272 E110.23031
G1 X185.422 Y49.272 E110.4147
G0 F15000 X185.653 Y49.672
G1 F1051.8 X188.655 Y44.468 E110.61452
G1 X185.653 Y39.269 E110.8142
G1 X179.647 Y39.268 E111.01396
G1 X176.641 Y44.468 E111.21373
G1 X179.647 Y49.672 E111.41361
G1 X185.653 Y49.672 E111.61337
G0 F15000 X185.884 Y50.072
;TYPE:WALL-OUTER
G1 F1051.8 X189.117 Y44.468 E111.82856
G1 X185.884 Y38.869 E112.0436
G1 X179.416 Y38.868 E112.25872
G1 X176.179 Y44.468 E112.47386
G1 X179.416 Y50.072 E112.68911
G1 X185.884 Y50.072 E112.90423
G1 F1500 E106.40423
G0 F15000 X185.714 Y49.777
G0 X183.649 Y46.213
G0 X183.471 Y45.96
G1 F1500 E112.90423
G1 F1051.8 X183.079 Y46.114 E112.91824
G1 X182.694 Y46.168 E112.93117
G1 X182.35 Y46.144 E112.94264
G1 X181.975 Y46.031 E112.95567
G1 X181.6 Y45.808 E112.97018
G1 X181.338 Y45.553 E112.98234
G1 X181.13 Y45.237 E112.99492
G1 X180.999 Y44.88 E113.00757
G1 X180.949 Y44.492 E113.02058
G1 X180.999 Y44.06 E113.03505
G1 X181.13 Y43.703 E113.0477
G1 X181.352 Y43.372 E113.06095
G1 X181.637 Y43.104 E113.07396
G1 X181.975 Y42.909 E113.08694
G1 X182.329 Y42.799 E113.09927
G1 X182.708 Y42.772 E113.11191
G1 X183.123 Y42.838 E113.12588
G1 X183.471 Y42.98 E113.13839
G1 X183.802 Y43.223 E113.15204
G1 X183.848 Y43.306 E113.1552
G1 X183.849 Y45.636 E113.2327
G1 X183.802 Y45.717 E113.23581
G1 X183.471 Y45.96 E113.24947
G0 F15000 X183.666 Y46.832
;TYPE:FILL
G1 F1051.8 X187.297 Y45.86 E113.37449
G0 F15000 X187.422 Y45.644
G1 F1051.8 X184.578 Y42.8 E113.50826
G0 F15000 X184.191 Y42.413
G1 F1051.8 X181.527 Y39.749 E113.63357
G0 F15000 X181.28 Y39.748
G1 F1051.8 X180.305 Y43.39 E113.75897
G0 F15000 X180.093 Y44.178
G1 F1051.8 X179.122 Y47.803 E113.88378
G0 F15000 X179.244 Y48.017
G1 F1051.8 X182.956 Y47.023 E114.0116
G0 F15000 X182.974 Y47.154
;MESH:NONMESH
G0 F300 X182.974 Y47.154 Z3.8
G0 F15000 X183.839 Y46.678
;TIME_ELAPSED:255.935251
;LAYER:18
;note -- min layer time used
;TYPE:WALL-INNER
;MESH:WheelAdapter_v6.stl
G1 F1062.1 X183.317 Y46.886 E114.03029
G1 X182.766 Y46.972 E114.04883
G1 X182.181 Y46.936 E114.06833
G1 X181.627 Y46.76 E114.08766
G1 X181.125 Y46.463 E114.10706
G1 X180.725 Y46.067 E114.12578
G1 X180.401 Y45.582 E114.14518
G1 X180.205 Y45.035 E114.16451
G1 X180.144 Y44.431 E114.1847
G1 X180.209 Y43.892 E114.20276
G1 X180.398 Y43.365 E114.22138
G1 X180.714 Y42.877 E114.24071
G1 X181.129 Y42.475 E114.25993
G1 X181.627 Y42.18 E114.27918
G1 X182.149 Y42.014 E114.2974
G1 X182.762 Y41.968 E114.31785
G1 X183.313 Y42.052 E114.33638
G1 X183.839 Y42.262 E114.35522
G1 X184.23 Y42.538 E114.37114
G1 X184.415 Y42.709 E114.37952
G1 X184.6 Y43.044 E114.39225
G1 X184.648 Y43.352 E114.40262
G1 X184.649 Y45.588 E114.47699
G1 X184.601 Y45.895 E114.48732
G1 X184.416 Y46.231 E114.50008
G1 X184.23 Y46.402 E114.50848
G1 X183.839 Y46.678 E114.5244
G0 F15000 X183.646 Y46.324
G1 F1062.1 X183.202 Y46.5 E114.54028
G1 X182.744 Y46.57 E114.55569
G1 X182.253 Y46.539 E114.57206
G1 X181.788 Y46.391 E114.58829
G1 X181.368 Y46.141 E114.60455
G1 X181.032 Y45.81 E114.62023
G1 X180.763 Y45.405 E114.6364
G1 X180.597 Y44.944 E114.6527
G1 X180.548 Y44.468 E114.66862
G1 X180.599 Y43.992 E114.68454
G1 X180.762 Y43.537 E114.70061
G1 X181.025 Y43.131 E114.7167
G1 X181.37 Y42.797 E114.73267
G1 X181.788 Y42.549 E114.74884
G1 X182.253 Y42.401 E114.76507
G1 X182.744 Y42.37 E114.78143
G1 X183.207 Y42.44 E114.79701
G1 X183.677 Y42.636 E114.81394
G1 X184.088 Y42.927 E114.83069
G1 X184.248 Y43.218 E114.84174
G1 X184.249 Y45.588 E114.92057
G1 X184.22 Y45.773 E114.92679
G1 X184.087 Y46.014 E114.93595
G1 X183.646 Y46.324 E114.95388
G0 F15000 X183.761 Y46.611
G0 X185.422 Y49.272
G1 F1062.1 X188.193 Y44.468 E115.13833
G1 X185.422 Y39.669 E115.32265
G1 X179.878 Y39.668 E115.50704
G1 X177.103 Y44.468 E115.69145
G1 X179.878 Y49.272 E115.87597
G1 X185.422 Y49.272 E116.06037
G0 F15000 X185.653 Y49.672
G1 F1062.1 X188.655 Y44.468 E116.26019
G1 X185.653 Y39.269 E116.45986
G1 X179.647 Y39.268 E116.65962
G1 X176.641 Y44.468 E116.8594
G1 X179.647 Y49.672 E117.05928
G1 X185.653 Y49.672 E117.25904
G0 F15000 X185.884 Y50.072
;TYPE:WALL-OUTER
G1 F1062.1 X189.117 Y44.468 E117.47423
G1 X185.884 Y38.869 E117.68927
G1 X179.416 Y38.868 E117.90439
G1 X176.179 Y44.468 E118.11953
G1 X179.416 Y50.072 E118.33478
G1 X185.884 Y50.072 E118.5499
G1 F1500 E112.0499
G0 F15000 X185.714 Y49.777
G0 X183.649 Y46.213
G0 X183.471 Y45.96
G1 F1500 E118.5499
G1 F1062.1 X183.079 Y46.114 E118.56391
G1 X182.694 Y46.168 E118.57684
G1 X182.35 Y46.144 E118.58831
G1 X181.975 Y46.031 E118.60134
G1 X181.6 Y45.808 E118.61585
G1 X181.338 Y45.553 E118.62801
G1 X181.13 Y45.237 E118.64059
G1 X180.999 Y44.88 E118.65324
G1 X180.949 Y44.492 E118.66625
G1 X180.999 Y44.06 E118.68072
G1 X181.13 Y43.703 E118.69336
G1 X181.352 Y43.372 E118.70662
G1 X181.637 Y43.104 E118.71963
G1 X181.975 Y42.909 E118.73261
G1 X182.329 Y42.799 E118.74494
G1 X182.708 Y42.772 E118.75758
G1 X183.123 Y42.838 E118.77155
G1 X183.471 Y42.98 E118.78405
G1 X183.802 Y43.223 E118.79771
G1 X183.848 Y43.306 E118.80087
G1 X183.849 Y45.636 E118.87836
G1 X183.802 Y45.717 E118.88148
G1 X183.471 Y45.96 E118.89514
G0 F15000 X183.649 Y46.213
G0 X187.197 Y46.033
;TYPE:FILL
G1 F1062.1 X179.318 Y48.145 E119.16644
G0 F15000 X179.022 Y47.629
G1 F1062.1 X181.133 Y39.748 E119.43781
G0 F15000 X181.728 Y39.749
G1 F1062.1 X187.496 Y45.517 E119.70912
G0 F15000 X187.387 Y45.452
;MESH:NONMESH
G0 F300 X187.387 Y45.452 Z4
G0 F15000 X183.839 Y46.678
;TIME_ELAPSED:267.452753
;LAYER:19
;note -- min layer time used
;TYPE:WALL-INNER
;MESH:WheelAdapter_v6.stl
G1 F1060.2 X183.317 Y46.886 E119.72781
G1 X182.766 Y46.972 E119.74635
G1 X182.181 Y46.936 E119.76585
G1 X181.627 Y46.76 E119.78518
G1 X181.125 Y46.463 E119.80458
G1 X180.725 Y46.067 E119.8233
G1 X180.401 Y45.582 E119.8427
G1 X180.205 Y45.035 E119.86203
G1 X180.144 Y44.431 E119.88222
G1 X180.209 Y43.892 E119.90028
G1 X180.398 Y43.365 E119.9189
G1 X180.714 Y42.877 E119.93823
G1 X181.129 Y42.475 E119.95745
G1 X181.627 Y42.18 E119.9767
G1 X182.149 Y42.014 E119.99492
G1 X182.762 Y41.968 E120.01537
G1 X183.313 Y42.052 E120.03391
G1 X183.839 Y42.262 E120.05274
G1 X184.23 Y42.538 E120.06866
G1 X184.415 Y42.709 E120.07704
G1 X184.6 Y43.044 E120.08977
G1 X184.648 Y43.352 E120.10014
G1 X184.649 Y45.588 E120.17451
G1 X184.601 Y45.895 E120.18484
G1 X184.416 Y46.231 E120.1976
G1 X184.23 Y46.402 E120.206
G1 X183.839 Y46.678 E120.22192
G0 F15000 X183.646 Y46.324
G1 F1060.2 X183.202 Y46.5 E120.23781
G1 X182.744 Y46.57 E120.25322
G1 X182.253 Y46.539 E120.26958
G1 X181.788 Y46.391 E120.28581
G1 X181.368 Y46.141 E120.30207
G1 X181.032 Y45.81 E120.31775
G1 X180.763 Y45.405 E120.33392
G1 X180.597 Y44.944 E120.35022
G1 X180.548 Y44.468 E120.36614
G1 X180.599 Y43.992 E120.38206
G1 X180.762 Y43.537 E120.39813
G1 X181.025 Y43.131 E120.41422
G1 X181.37 Y42.797 E120.43019
G1 X181.788 Y42.549 E120.44636
G1 X182.253 Y42.401 E120.46259
G1 X182.744 Y42.37 E120.47895
G1 X183.207 Y42.44 E120.49453
G1 X183.677 Y42.636 E120.51147
G1 X184.088 Y42.927 E120.52821
G1 X184.248 Y43.218 E120.53926
G1 X184.249 Y45.588 E120.61809
G1 X184.22 Y45.773 E120.62431
G1 X184.087 Y46.014 E120.63347
G1 X183.646 Y46.324 E120.6514
G0 F15000 X183.761 Y46.611
G0 X185.422 Y49.272
G1 F1060.2 X188.193 Y44.468 E120.83586
G1 X185.422 Y39.669 E121.02017
G1 X179.878 Y39.668 E121.20456
G1 X177.103 Y44.468 E121.38897
G1 X179.878 Y49.272 E121.57349
G1 X185.422 Y49.272 E121.75789
G0 F15000 X185.653 Y49.672
G1 F1060.2 X188.655 Y44.468 E121.95771
G1 X185.653 Y39.269 E122.15739
G1 X179.647 Y39.268 E122.35715
G1 X176.641 Y44.468 E122.55692
G1 X179.647 Y49.672 E122.7568
G1 X185.653 Y49.672 E122.95656
G0 F15000 X185.884 Y50.072
;TYPE:WALL-OUTER
G1 F1060.2 X189.117 Y44.468 E123.17175
G1 X185.884 Y38.869 E123.38679
G1 X179.416 Y38.868 E123.60191
G1 X176.179 Y44.468 E123.81705
G1 X179.416 Y50.072 E124.0323
G1 X185.884 Y50.072 E124.24742
G1 F1500 E117.74742
G0 F15000 X185.714 Y49.777
G0 X183.649 Y46.213
G0 X183.471 Y45.96
G1 F1500 E124.24742
G1 F1060.2 X183.079 Y46.114 E124.26143
G1 X182.694 Y46.168 E124.27436
G1 X182.35 Y46.144 E124.28583
G1 X181.975 Y46.031 E124.29886
G1 X181.6 Y45.808 E124.31337
G1 X181.338 Y45.553 E124.32553
G1 X181.13 Y45.237 E124.33811
G1 X180.999 Y44.88 E124.35076
G1 X180.949 Y44.492 E124.36377
G1 X180.999 Y44.06 E124.37824
G1 X181.13 Y43.703 E124.39088
G1 X181.352 Y43.372 E124.40414
G1 X181.637 Y43.104 E124.41715
G1 X181.975 Y42.909 E124.43013
G1 X182.329 Y42.799 E124.44246
G1 X182.708 Y42.772 E124.4551
G1 X183.123 Y42.838 E124.46907
G1 X183.471 Y42.98 E124.48158
G1 X183.802 Y43.223 E124.49523
G1 X183.848 Y43.306 E124.49839
G1 X183.849 Y45.636 E124.57589
G1 X183.802 Y45.717 E124.579
G1 X183.471 Y45.96 E124.59266
G0 F15000 X183.649 Y46.213
G0 X187.097 Y46.206
;TYPE:FILL
G1 F1060.2 X179.391 Y48.271 E124.858
G0 F15000 X178.922 Y47.456
G1 F1060.2 X180.988 Y39.747 E125.12345
G0 F15000 X181.927 Y39.749
G1 F1060.2 X187.569 Y45.391 E125.38884
G0 F15000 X187.46 Y45.326
;MESH:NONMESH
G0 F300 X187.46 Y45.326 Z4.2
G0 F15000 X183.839 Y46.678
;TIME_ELAPSED:278.988033
;LAYER:20
;note -- min layer time used
;TYPE:WALL-INNER
;MESH:WheelAdapter_v6.stl
G1 F1057.2 X183.317 Y46.886 E125.40753
G1 X182.766 Y46.972 E125.42607
G1 X182.181 Y46.936 E125.44557
G1 X181.627 Y46.76 E125.4649
G1 X181.125 Y46.463 E125.4843
G1 X180.725 Y46.067 E125.50302
G1 X180.401 Y45.582 E125.52242
G1 X180.205 Y45.035 E125.54175
G1 X180.144 Y44.431 E125.56194
G1 X180.209 Y43.892 E125.58
G1 X180.398 Y43.365 E125.59862
G1 X180.714 Y42.877 E125.61795
G1 X181.129 Y42.475 E125.63717
G1 X181.627 Y42.18 E125.65642
G1 X182.149 Y42.014 E125.67464
G1 X182.762 Y41.968 E125.69509
G1 X183.313 Y42.052 E125.71362
G1 X183.839 Y42.262 E125.73246
G1 X184.23 Y42.538 E125.74838
G1 X184.415 Y42.709 E125.75676
G1 X184.6 Y43.044 E125.76949
G1 X184.648 Y43.352 E125.77986
G1 X184.649 Y45.588 E125.85423
G1 X184.601 Y45.895 E125.86456
G1 X184.416 Y46.231 E125.87732
G1 X184.23 Y46.402 E125.88572
G1 X183.839 Y46.678 E125.90164
G0 F15000 X183.646 Y46.324
G1 F1057.2 X183.202 Y46.5 E125.91752
G1 X182.744 Y46.57 E125.93293
G1 X182.253 Y46.539 E125.9493
G1 X181.788 Y46.391 E125.96553
G1 X181.368 Y46.141 E125.98179
G1 X181.032 Y45.81 E125.99747
G1 X180.763 Y45.405 E126.01364
G1 X180.597 Y44.944 E126.02994
G1 X180.548 Y44.468 E126.04586
G1 X180.599 Y43.992 E126.06178
G1 X180.762 Y43.537 E126.07785
G1 X181.025 Y43.131 E126.09394
G1 X181.37 Y42.797 E126.10991
G1 X181.788 Y42.549 E126.12608
G1 X182.253 Y42.401 E126.14231
G1 X182.744 Y42.37 E126.15867
G1 X183.207 Y42.44 E126.17425
G1 X183.677 Y42.636 E126.19118
G1 X184.088 Y42.927 E126.20793
G1 X184.248 Y43.218 E126.21898
G1 X184.249 Y45.588 E126.29781
G1 X184.22 Y45.773 E126.30403
G1 X184.087 Y46.014 E126.31319
G1 X183.646 Y46.324 E126.33112
G0 F15000 X183.761 Y46.611
G0 X185.422 Y49.272
G1 F1057.2 X188.193 Y44.468 E126.51558
G1 X185.422 Y39.669 E126.69989
G1 X179.878 Y39.668 E126.88428
G1 X177.103 Y44.468 E127.06869
G1 X179.878 Y49.272 E127.25321
G1 X185.422 Y49.272 E127.43761
G0 F15000 X185.653 Y49.672
G1 F1057.2 X188.655 Y44.468 E127.63743
G1 X185.653 Y39.269 E127.8371
G1 X179.647 Y39.268 E128.03686
G1 X176.641 Y44.468 E128.23664
G1 X179.647 Y49.672 E128.43652
G1 X185.653 Y49.672 E128.63628
G0 F15000 X185.884 Y50.072
;TYPE:WALL-OUTER
G1 F1057.2 X189.117 Y44.468 E128.85147
G1 X185.884 Y38.869 E129.06651
G1 X179.416 Y38.868 E129.28163
G1 X176.179 Y44.468 E129.49677
G1 X179.416 Y50.072 E129.71202
G1 X185.884 Y50.072 E129.92714
G1 F1500 E123.42714
G0 F15000 X185.714 Y49.777
G0 X183.649 Y46.213
G0 X183.471 Y45.96
G1 F1500 E129.92714
G1 F1057.2 X183.079 Y46.114 E129.94115
G1 X182.694 Y46.168 E129.95408
G1 X182.35 Y46.144 E129.96555
G1 X181.975 Y46.031 E129.97858
G1 X181.6 Y45.808 E129.99309
G1 X181.338 Y45.553 E130.00525
G1 X181.13 Y45.237 E130.01783
G1 X180.999 Y44.88 E130.03048
G1 X180.949 Y44.492 E130.04349
G1 X180.999 Y44.06 E130.05796
G1 X181.13 Y43.703 E130.0706
G1 X181.352 Y43.372 E130.08386
G1 X181.637 Y43.104 E130.09687
G1 X181.975 Y42.909 E130.10985
G1 X182.329 Y42.799 E130.12218
G1 X182.708 Y42.772 E130.13482
G1 X183.123 Y42.838 E130.14879
G1 X183.471 Y42.98 E130.16129
G1 X183.802 Y43.223 E130.17495
G1 X183.848 Y43.306 E130.17811
G1 X183.849 Y45.636 E130.2556
G1 X183.802 Y45.717 E130.25872
G1 X183.471 Y45.96 E130.27238
G0 F15000 X183.649 Y46.213
G0 X186.998 Y46.379
;TYPE:FILL
G1 F1057.2 X179.464 Y48.397 E130.53179
G0 F15000 X178.822 Y47.284
G1 F1057.2 X180.842 Y39.748 E130.79129
G0 F15000 X182.127 Y39.749
G1 F1057.2 X187.642 Y45.265 E131.05072
G0 F15000 X187.532 Y45.201
;MESH:NONMESH
G0 F300 X187.532 Y45.201 Z4.4
G0 F15000 X183.839 Y46.678
;TIME_ELAPSED:290.545956
;LAYER:21
;note -- min layer time used
;TYPE:WALL-INNER
;MESH:WheelAdapter_v6.stl
G1 F1054.2 X183.317 Y46.886 E131.06941
G1 X182.766 Y46.972 E131.08796
G1 X182.181 Y46.936 E131.10745
G1 X181.627 Y46.76 E131.12679
G1 X181.125 Y46.463 E131.14619
G1 X180.725 Y46.067 E131.16491
G1 X180.401 Y45.582 E131.18431
G1 X180.205 Y45.035 E131.20363
G1 X180.144 Y44.431 E131.22382
G1 X180.209 Y43.892 E131.24188
G1 X180.398 Y43.365 E131.2605
G1 X180.714 Y42.877 E131.27984
G1 X181.129 Y42.475 E131.29906
G1 X181.627 Y42.18 E131.31831
G1 X182.149 Y42.014 E131.33653
G1 X182.762 Y41.968 E131.35697
G1 X183.313 Y42.052 E131.37551
G1 X183.839 Y42.262 E131.39435
G1 X184.23 Y42.538 E131.41026
G1 X184.415 Y42.709 E131.41864
G1 X184.6 Y43.044 E131.43137
G1 X184.648 Y43.352 E131.44174
G1 X184.649 Y45.588 E131.51611
G1 X184.601 Y45.895 E131.52644
G1 X184.416 Y46.231 E131.5392
G1 X184.23 Y46.402 E131.54761
G1 X183.839 Y46.678 E131.56352
G0 F15000 X183.646 Y46.324
G1 F1054.2 X183.202 Y46.5 E131.57941
G1 X182.744 Y46.57 E131.59482
G1 X182.253 Y46.539 E131.61118
G1 X181.788 Y46.391 E131.62741
G1 X181.368 Y46.141 E131.64367
G1 X181.032 Y45.81 E131.65936
G1 X180.763 Y45.405 E131.67553
G1 X180.597 Y44.944 E131.69182
G1 X180.548 Y44.468 E131.70774
G1 X180.599 Y43.992 E131.72366
G1 X180.762 Y43.537 E131.73974
G1 X181.025 Y43.131 E131.75583
G1 X181.37 Y42.797 E131.7718
G1 X181.788 Y42.549 E131.78796
G1 X182.253 Y42.401 E131.80419
G1 X182.744 Y42.37 E131.82056
G1 X183.207 Y42.44 E131.83613
G1 X183.677 Y42.636 E131.85307
G1 X184.088 Y42.927 E131.86982
G1 X184.248 Y43.218 E131.88086
G1 X184.249 Y45.588 E131.95969
G1 X184.22 Y45.773 E131.96592
G1 X184.087 Y46.014 E131.97507
G1 X183.646 Y46.324 E131.993
G0 F15000 X183.761 Y46.611
G0 X185.422 Y49.272
G1 F1054.2 X188.193 Y44.468 E132.17746
G1 X185.422 Y39.669 E132.36177
G1 X179.878 Y39.668 E132.54617
G1 X177.103 Y44.468 E132.73057
G1 X179.878 Y49.272 E132.9151
G1 X185.422 Y49.272 E133.09949
G0 F15000 X185.653 Y49.672
G1 F1054.2 X188.655 Y44.468 E133.29931
G1 X185.653 Y39.269 E133.49899
G1 X179.647 Y39.268 E133.69875
G1 X176.641 Y44.468 E133.89852
G1 X179.647 Y49.672 E134.09841
G1 X185.653 Y49.672 E134.29817
G0 F15000 X185.884 Y50.072
;TYPE:WALL-OUTER
G1 F1054.2 X189.117 Y44.468 E134.51335
G1 X185.884 Y38.869 E134.72839
G1 X179.416 Y38.868 E134.94352
G1 X176.179 Y44.468 E135.15865
G1 X179.416 Y50.072 E135.3739
G1 X185.884 Y50.072 E135.58903
G1 F1500 E129.08903
G0 F15000 X185.714 Y49.777
G0 X183.649 Y46.213
G0 X183.471 Y45.96
G1 F1500 E135.58903
G1 F1054.2 X183.079 Y46.114 E135.60304
G1 X182.694 Y46.168 E135.61597
G1 X182.35 Y46.144 E135.62744
G1 X181.975 Y46.031 E135.64046
G1 X181.6 Y45.808 E135.65497
G1 X181.338 Y45.553 E135.66713
G1 X181.13 Y45.237 E135.67972
G1 X180.999 Y44.88 E135.69236
G1 X180.949 Y44.492 E135.70538
G1 X180.999 Y44.06 E135.71984
G1 X181.13 Y43.703 E135.73249
G1 X181.352 Y43.372 E135.74574
G1 X181.637 Y43.104 E135.75876
G1 X181.975 Y42.909 E135.77173
G1 X182.329 Y42.799 E135.78406
G1 X182.708 Y42.772 E135.7967
G1 X183.123 Y42.838 E135.81068
G1 X183.471 Y42.98 E135.82318
G1 X183.802 Y43.223 E135.83684
G1 X183.848 Y43.306 E135.83999
G1 X183.849 Y45.636 E135.91749
G1 X183.802 Y45.717 E135.9206
G1 X183.471 Y45.96 E135.93426
G0 F15000 X183.649 Y46.213
G0 X186.897 Y46.553
;TYPE:FILL
G1 F1054.2 X179.538 Y48.525 E136.18766
G0 F15000 X178.722 Y47.11
G1 F1054.2 X180.695 Y39.748 E136.44116
G0 F15000 X182.327 Y39.749
G1 F1054.2 X187.716 Y45.137 E136.69462
G0 F15000 X187.606 Y45.073
;MESH:NONMESH
G0 F300 X187.606 Y45.073 Z4.6
G0 F15000 X183.839 Y46.678
;TIME_ELAPSED:302.123330
;LAYER:22
;note -- min layer time used
;TYPE:WALL-INNER
;MESH:WheelAdapter_v6.stl
G1 F1051.2 X183.317 Y46.886 E136.71331
G1 X182.766 Y46.972 E136.73186
G1 X182.181 Y46.936 E136.75135
G1 X181.627 Y46.76 E136.77068
G1 X181.125 Y46.463 E136.79008
G1 X180.725 Y46.067 E136.8088
G1 X180.401 Y45.582 E136.8282
G1 X180.205 Y45.035 E136.84753
G1 X180.144 Y44.431 E136.86772
G1 X180.209 Y43.892 E136.88578
G1 X180.398 Y43.365 E136.9044
G1 X180.714 Y42.877 E136.92374
G1 X181.129 Y42.475 E136.94295
G1 X181.627 Y42.18 E136.9622
G1 X182.149 Y42.014 E136.98042
G1 X182.762 Y41.968 E137.00087
G1 X183.313 Y42.052 E137.01941
G1 X183.839 Y42.262 E137.03824
G1 X184.23 Y42.538 E137.05416
G1 X184.415 Y42.709 E137.06254
G1 X184.6 Y43.044 E137.07527
G1 X184.648 Y43.352 E137.08564
G1 X184.649 Y45.588 E137.16001
G1 X184.601 Y45.895 E137.17034
G1 X184.416 Y46.231 E137.1831
G1 X184.23 Y46.402 E137.1915
G1 X183.839 Y46.678 E137.20742
G0 F15000 X183.646 Y46.324
G1 F1051.2 X183.202 Y46.5 E137.22331
G1 X182.744 Y46.57 E137.23872
G1 X182.253 Y46.539 E137.25508
G1 X181.788 Y46.391 E137.27131
G1 X181.368 Y46.141 E137.28757
G1 X181.032 Y45.81 E137.30325
G1 X180.763 Y45.405 E137.31943
G1 X180.597 Y44.944 E137.33572
G1 X180.548 Y44.468 E137.35164
G1 X180.599 Y43.992 E137.36756
G1 X180.762 Y43.537 E137.38364
G1 X181.025 Y43.131 E137.39972
G1 X181.37 Y42.797 E137.4157
G1 X181.788 Y42.549 E137.43186
G1 X182.253 Y42.401 E137.44809
G1 X182.744 Y42.37 E137.46445
G1 X183.207 Y42.44 E137.48003
G1 X183.677 Y42.636 E137.49697
G1 X184.088 Y42.927 E137.51372
G1 X184.248 Y43.218 E137.52476
G1 X184.249 Y45.588 E137.60359
G1 X184.22 Y45.773 E137.60982
G1 X184.087 Y46.014 E137.61897
G1 X183.646 Y46.324 E137.6369
G0 F15000 X183.761 Y46.611
G0 X185.422 Y49.272
G1 F1051.2 X188.193 Y44.468 E137.82136
G1 X185.422 Y39.669 E138.00567
G1 X179.878 Y39.668 E138.19006
G1 X177.103 Y44.468 E138.37447
G1 X179.878 Y49.272 E138.559
G1 X185.422 Y49.272 E138.74339
G0 F15000 X185.653 Y49.672
G1 F1051.2 X188.655 Y44.468 E138.94321
G1 X185.653 Y39.269 E139.14289
G1 X179.647 Y39.268 E139.34265
G1 X176.641 Y44.468 E139.54242
G1 X179.647 Y49.672 E139.7423
G1 X185.653 Y49.672 E139.94207
G0 F15000 X185.884 Y50.072
;TYPE:WALL-OUTER
G1 F1051.2 X189.117 Y44.468 E140.15725
G1 X185.884 Y38.869 E140.37229
G1 X179.416 Y38.868 E140.58741
G1 X176.179 Y44.468 E140.80255
G1 X179.416 Y50.072 E141.0178
G1 X185.884 Y50.072 E141.23293
G1 F1500 E134.73293
G0 F15000 X185.714 Y49.777
G0 X183.649 Y46.213
G0 X183.471 Y45.96
G1 F1500 E141.23293
G1 F1051.2 X183.079 Y46.114 E141.24693
G1 X182.694 Y46.168 E141.25986
G1 X182.35 Y46.144 E141.27133
G1 X181.975 Y46.031 E141.28436
G1 X181.6 Y45.808 E141.29887
G1 X181.338 Y45.553 E141.31103
G1 X181.13 Y45.237 E141.32361
G1 X180.999 Y44.88 E141.33626
G1 X180.949 Y44.492 E141.34927
G1 X180.999 Y44.06 E141.36374
G1 X181.13 Y43.703 E141.37639
G1 X181.352 Y43.372 E141.38964
G1 X181.637 Y43.104 E141.40265
G1 X181.975 Y42.909 E141.41563
G1 X182.329 Y42.799 E141.42796
G1 X182.708 Y42.772 E141.4406
G1 X183.123 Y42.838 E141.45458
G1 X183.471 Y42.98 E141.46708
G1 X183.802 Y43.223 E141.48073
G1 X183.848 Y43.306 E141.48389
G1 X183.849 Y45.636 E141.56139
G1 X183.802 Y45.717 E141.5645
G1 X183.471 Y45.96 E141.57816
G0 F15000 X183.649 Y46.213
G0 X186.797 Y46.725
;TYPE:FILL
G1 F1051.2 X179.611 Y48.651 E141.8256
G0 F15000 X178.622 Y46.937
G1 F1051.2 X180.549 Y39.748 E142.07315
G0 F15000 X182.527 Y39.749
G1 F1051.2 X187.788 Y45.011 E142.32063
G0 F15000 X187.679 Y44.946
;MESH:NONMESH
G0 F300 X187.679 Y44.946 Z4.8
G0 F15000 X183.839 Y46.678
;TIME_ELAPSED:313.717621
;LAYER:23
;note -- min layer time used
;TYPE:WALL-INNER
;MESH:WheelAdapter_v6.stl
G1 F1048.2 X183.317 Y46.886 E142.33932
G1 X182.766 Y46.972 E142.35787
G1 X182.181 Y46.936 E142.37737
G1 X181.627 Y46.76 E142.3967
G1 X181.125 Y46.463 E142.4161
G1 X180.725 Y46.067 E142.43482
G1 X180.401 Y45.582 E142.45422
G1 X180.205 Y45.035 E142.47355
G1 X180.144 Y44.431 E142.49374
G1 X180.209 Y43.892 E142.51179
G1 X180.398 Y43.365 E142.53042
G1 X180.714 Y42.877 E142.54975
G1 X181.129 Y42.475 E142.56897
G1 X181.627 Y42.18 E142.58822
G1 X182.149 Y42.014 E142.60644
G1 X182.762 Y41.968 E142.62689
G1 X183.313 Y42.052 E142.64542
G1 X183.839 Y42.262 E142.66426
G1 X184.23 Y42.538 E142.68018
G1 X184.415 Y42.709 E142.68856
G1 X184.6 Y43.044 E142.70129
G1 X184.648 Y43.352 E142.71165
G1 X184.649 Y45.588 E142.78602
G1 X184.601 Y45.895 E142.79636
G1 X184.416 Y46.231 E142.80912
G1 X184.23 Y46.402 E142.81752
G1 X183.839 Y46.678 E142.83344
G0 F15000 X183.646 Y46.324
G1 F1048.2 X183.202 Y46.5 E142.84932
G1 X182.744 Y46.57 E142.86473
G1 X182.253 Y46.539 E142.8811
G1 X181.788 Y46.391 E142.89733
G1 X181.368 Y46.141 E142.91358
G1 X181.032 Y45.81 E142.92927
G1 X180.763 Y45.405 E142.94544
G1 X180.597 Y44.944 E142.96174
G1 X180.548 Y44.468 E142.97765
G1 X180.599 Y43.992 E142.99358
G1 X180.762 Y43.537 E143.00965
G1 X181.025 Y43.131 E143.02574
G1 X181.37 Y42.797 E143.04171
G1 X181.788 Y42.549 E143.05788
G1 X182.253 Y42.401 E143.07411
G1 X182.744 Y42.37 E143.09047
G1 X183.207 Y42.44 E143.10605
G1 X183.677 Y42.636 E143.12298
G1 X184.088 Y42.927 E143.13973
G1 X184.248 Y43.218 E143.15078
G1 X184.249 Y45.588 E143.2296
G1 X184.22 Y45.773 E143.23583
G1 X184.087 Y46.014 E143.24499
G1 X183.646 Y46.324 E143.26292
G0 F15000 X183.761 Y46.611
G0 X185.422 Y49.272
G1 F1048.2 X188.193 Y44.468 E143.44737
G1 X185.422 Y39.669 E143.63169
G1 X179.878 Y39.668 E143.81608
G1 X177.103 Y44.468 E144.00049
G1 X179.878 Y49.272 E144.18501
G1 X185.422 Y49.272 E144.36941
G0 F15000 X185.653 Y49.672
G1 F1048.2 X188.655 Y44.468 E144.56923
G1 X185.653 Y39.269 E144.7689
G1 X179.647 Y39.268 E144.96866
G1 X176.641 Y44.468 E145.16843
G1 X179.647 Y49.672 E145.36832
G1 X185.653 Y49.672 E145.56808
G0 F15000 X185.884 Y50.072
;TYPE:WALL-OUTER
G1 F1048.2 X189.117 Y44.468 E145.78326
G1 X185.884 Y38.869 E145.9983
G1 X179.416 Y38.868 E146.21343
G1 X176.179 Y44.468 E146.42857
G1 X179.416 Y50.072 E146.64382
G1 X185.884 Y50.072 E146.85894
G1 F1500 E140.35894
G0 F15000 X185.714 Y49.777
G0 X183.649 Y46.213
G0 X183.471 Y45.96
G1 F1500 E146.85894
G1 F1048.2 X183.079 Y46.114 E146.87295
G1 X182.694 Y46.168 E146.88588
G1 X182.35 Y46.144 E146.89735
G1 X181.975 Y46.031 E146.91038
G1 X181.6 Y45.808 E146.92489
G1 X181.338 Y45.553 E146.93705
G1 X181.13 Y45.237 E146.94963
G1 X180.999 Y44.88 E146.96228
G1 X180.949 Y44.492 E146.97529
G1 X180.999 Y44.06 E146.98975
G1 X181.13 Y43.703 E147.0024
G1 X181.352 Y43.372 E147.01566
G1 X181.637 Y43.104 E147.02867
G1 X181.975 Y42.909 E147.04165
G1 X182.329 Y42.799 E147.05398
G1 X182.708 Y42.772 E147.06662
G1 X183.123 Y42.838 E147.08059
G1 X183.471 Y42.98 E147.09309
G1 X183.802 Y43.223 E147.10675
G1 X183.848 Y43.306 E147.10991
G1 X183.849 Y45.636 E147.1874
G1 X183.802 Y45.717 E147.19052
G1 X183.471 Y45.96 E147.20417
G0 F15000 X183.649 Y46.213
G0 X186.698 Y46.899
;TYPE:FILL
G1 F1048.2 X179.684 Y48.778 E147.44569
G0 F15000 X178.522 Y46.764
G1 F1048.2 X180.402 Y39.748 E147.68727
G0 F15000 X182.728 Y39.749
G1 F1048.2 X187.862 Y44.884 E147.92878
G0 F15000 X187.752 Y44.82
;MESH:NONMESH
G0 F300 X187.752 Y44.82 Z5
G0 F15000 X183.839 Y46.678
;TIME_ELAPSED:325.327172
;LAYER:24
;note -- min layer time used
;TYPE:WALL-INNER
;MESH:WheelAdapter_v6.stl
G1 F1045.1 X183.317 Y46.886 E147.94747
G1 X182.766 Y46.972 E147.96602
G1 X182.181 Y46.936 E147.98552
G1 X181.627 Y46.76 E148.00485
G1 X181.125 Y46.463 E148.02425
G1 X180.725 Y46.067 E148.04297
G1 X180.401 Y45.582 E148.06237
G1 X180.205 Y45.035 E148.0817
G1 X180.144 Y44.431 E148.10189
G1 X180.209 Y43.892 E148.11994
G1 X180.398 Y43.365 E148.13857
G1 X180.714 Y42.877 E148.1579
G1 X181.129 Y42.475 E148.17712
G1 X181.627 Y42.18 E148.19637
G1 X182.149 Y42.014 E148.21459
G1 X182.762 Y41.968 E148.23503
G1 X183.313 Y42.052 E148.25357
G1 X183.839 Y42.262 E148.27241
G1 X184.23 Y42.538 E148.28833
G1 X184.415 Y42.709 E148.29671
G1 X184.6 Y43.044 E148.30944
G1 X184.648 Y43.352 E148.3198
G1 X184.649 Y45.588 E148.39417
G1 X184.601 Y45.895 E148.40451
G1 X184.416 Y46.231 E148.41727
G1 X184.23 Y46.402 E148.42567
G1 X183.839 Y46.678 E148.44159
G0 F15000 X183.646 Y46.324
G1 F1045.1 X183.202 Y46.5 E148.45747
G1 X182.744 Y46.57 E148.47288
G1 X182.253 Y46.539 E148.48925
G1 X181.788 Y46.391 E148.50548
G1 X181.368 Y46.141 E148.52173
G1 X181.032 Y45.81 E148.53742
G1 X180.763 Y45.405 E148.55359
G1 X180.597 Y44.944 E148.56989
G1 X180.548 Y44.468 E148.5858
G1 X180.599 Y43.992 E148.60173
G1 X180.762 Y43.537 E148.6178
G1 X181.025 Y43.131 E148.63389
G1 X181.37 Y42.797 E148.64986
G1 X181.788 Y42.549 E148.66603
G1 X182.253 Y42.401 E148.68226
G1 X182.744 Y42.37 E148.69862
G1 X183.207 Y42.44 E148.7142
G1 X183.677 Y42.636 E148.73113
G1 X184.088 Y42.927 E148.74788
G1 X184.248 Y43.218 E148.75893
G1 X184.249 Y45.588 E148.83775
G1 X184.22 Y45.773 E148.84398
G1 X184.087 Y46.014 E148.85314
G1 X183.646 Y46.324 E148.87107
G0 F15000 X183.761 Y46.611
G0 X185.422 Y49.272
G1 F1045.1 X188.193 Y44.468 E149.05552
G1 X185.422 Y39.669 E149.23984
G1 X179.878 Y39.668 E149.42423
G1 X177.103 Y44.468 E149.60864
G1 X179.878 Y49.272 E149.79316
G1 X185.422 Y49.272 E149.97756
G0 F15000 X185.653 Y49.672
G1 F1045.1 X188.655 Y44.468 E150.17738
G1 X185.653 Y39.269 E150.37705
G1 X179.647 Y39.268 E150.57681
G1 X176.641 Y44.468 E150.77658
G1 X179.647 Y49.672 E150.97647
G1 X185.653 Y49.672 E151.17623
G0 F15000 X185.884 Y50.072
;TYPE:WALL-OUTER
G1 F1045.1 X189.117 Y44.468 E151.39141
G1 X185.884 Y38.869 E151.60645
G1 X179.416 Y38.868 E151.82158
G1 X176.179 Y44.468 E152.03671
G1 X179.416 Y50.072 E152.25196
G1 X185.884 Y50.072 E152.46709
G1 F1500 E145.96709
G0 F15000 X185.714 Y49.777
G0 X183.649 Y46.213
G0 X183.471 Y45.96
G1 F1500 E152.46709
G1 F1045.1 X183.079 Y46.114 E152.4811
G1 X182.694 Y46.168 E152.49403
G1 X182.35 Y46.144 E152.5055
G1 X181.975 Y46.031 E152.51853
G1 X181.6 Y45.808 E152.53304
G1 X181.338 Y45.553 E152.5452
G1 X181.13 Y45.237 E152.55778
G1 X180.999 Y44.88 E152.57043
G1 X180.949 Y44.492 E152.58344
G1 X180.999 Y44.06 E152.5979
G1 X181.13 Y43.703 E152.61055
G1 X181.352 Y43.372 E152.62381
G1 X181.637 Y43.104 E152.63682
G1 X181.975 Y42.909 E152.6498
G1 X182.329 Y42.799 E152.66213
G1 X182.708 Y42.772 E152.67477
G1 X183.123 Y42.838 E152.68874
G1 X183.471 Y42.98 E152.70124
G1 X183.802 Y43.223 E152.7149
G1 X183.848 Y43.306 E152.71806
G1 X183.849 Y45.636 E152.79555
G1 X183.802 Y45.717 E152.79867
G1 X183.471 Y45.96 E152.81232
G0 F15000 X183.649 Y46.213
G0 X186.598 Y47.072
;TYPE:FILL
G1 F1045.1 X179.757 Y48.905 E153.04788
G0 F15000 X178.422 Y46.592
G1 F1045.1 X180.256 Y39.748 E153.28355
G0 F15000 X182.927 Y39.749
G1 F1045.1 X187.935 Y44.757 E153.51911
G0 F15000 X187.826 Y44.692
;MESH:NONMESH
G0 F300 X187.826 Y44.692 Z5.2
G0 F15000 X183.839 Y46.678
;TIME_ELAPSED:336.950421
;LAYER:25
;note -- min layer time used
;TYPE:WALL-INNER
;MESH:WheelAdapter_v6.stl
G1 F1042.1 X183.317 Y46.886 E153.5378
G1 X182.766 Y46.972 E153.55635
G1 X182.181 Y46.936 E153.57584
G1 X181.627 Y46.76 E153.59517
G1 X181.125 Y46.463 E153.61457
G1 X180.725 Y46.067 E153.63329
G1 X180.401 Y45.582 E153.65269
G1 X180.205 Y45.035 E153.67202
G1 X180.144 Y44.431 E153.69221
G1 X180.209 Y43.892 E153.71027
G1 X180.398 Y43.365 E153.72889
G1 X180.714 Y42.877 E153.74823
G1 X181.129 Y42.475 E153.76744
G1 X181.627 Y42.18 E153.78669
G1 X182.149 Y42.014 E153.80491
G1 X182.762 Y41.968 E153.82536
G1 X183.313 Y42.052 E153.8439
G1 X183.839 Y42.262 E153.86273
G1 X184.23 Y42.538 E153.87865
G1 X184.415 Y42.709 E153.88703
G1 X184.6 Y43.044 E153.89976
G1 X184.648 Y43.352 E153.91013
G1 X184.649 Y45.588 E153.9845
G1 X184.601 Y45.895 E153.99483
G1 X184.416 Y46.231 E154.00759
G1 X184.23 Y46.402 E154.01599
G1 X183.839 Y46.678 E154.03191
G0 F15000 X183.646 Y46.324
G1 F1042.1 X183.202 Y46.5 E154.0478
G1 X182.744 Y46.57 E154.06321
G1 X182.253 Y46.539 E154.07957
G1 X181.788 Y46.391 E154.0958
G1 X181.368 Y46.141 E154.11206
G1 X181.032 Y45.81 E154.12774
G1 X180.763 Y45.405 E154.14392
G1 X180.597 Y44.944 E154.16021
G1 X180.548 Y44.468 E154.17613
G1 X180.599 Y43.992 E154.19205
G1 X180.762 Y43.537 E154.20812
G1 X181.025 Y43.131 E154.22421
G1 X181.37 Y42.797 E154.24019
G1 X181.788 Y42.549 E154.25635
G1 X182.253 Y42.401 E154.27258
G1 X182.744 Y42.37 E154.28894
G1 X183.207 Y42.44 E154.30452
G1 X183.677 Y42.636 E154.32146
G1 X184.088 Y42.927 E154.33821
G1 X184.248 Y43.218 E154.34925
G1 X184.249 Y45.588 E154.42808
G1 X184.22 Y45.773 E154.43431
G1 X184.087 Y46.014 E154.44346
G1 X183.646 Y46.324 E154.46139
G0 F15000 X183.761 Y46.611
G0 X185.422 Y49.272
G1 F1042.1 X188.193 Y44.468 E154.64585
G1 X185.422 Y39.669 E154.83016
G1 X179.878 Y39.668 E155.01455
G1 X177.103 Y44.468 E155.19896
G1 X179.878 Y49.272 E155.38349
G1 X185.422 Y49.272 E155.56788
G0 F15000 X185.653 Y49.672
G1 F1042.1 X188.655 Y44.468 E155.7677
G1 X185.653 Y39.269 E155.96738
G1 X179.647 Y39.268 E156.16714
G1 X176.641 Y44.468 E156.36691
G1 X179.647 Y49.672 E156.56679
G1 X185.653 Y49.672 E156.76655
G0 F15000 X185.884 Y50.072
;TYPE:WALL-OUTER
G1 F1042.1 X189.117 Y44.468 E156.98174
G1 X185.884 Y38.869 E157.19678
G1 X179.416 Y38.868 E157.4119
G1 X176.179 Y44.468 E157.62704
G1 X179.416 Y50.072 E157.84229
G1 X185.884 Y50.072 E158.05742
G1 F1500 E151.55742
G0 F15000 X185.714 Y49.777
G0 X183.649 Y46.213
G0 X183.471 Y45.96
G1 F1500 E158.05742
G1 F1042.1 X183.079 Y46.114 E158.07142
G1 X182.694 Y46.168 E158.08435
G1 X182.35 Y46.144 E158.09582
G1 X181.975 Y46.031 E158.10885
G1 X181.6 Y45.808 E158.12336
G1 X181.338 Y45.553 E158.13552
G1 X181.13 Y45.237 E158.1481
G1 X180.999 Y44.88 E158.16075
G1 X180.949 Y44.492 E158.17376
G1 X180.999 Y44.06 E158.18823
G1 X181.13 Y43.703 E158.20088
G1 X181.352 Y43.372 E158.21413
G1 X181.637 Y43.104 E158.22714
G1 X181.975 Y42.909 E158.24012
G1 X182.329 Y42.799 E158.25245
G1 X182.708 Y42.772 E158.26509
G1 X183.123 Y42.838 E158.27907
G1 X183.471 Y42.98 E158.29157
G1 X183.802 Y43.223 E158.30522
G1 X183.848 Y43.306 E158.30838
G1 X183.849 Y45.636 E158.38588
G1 X183.802 Y45.717 E158.38899
G1 X183.471 Y45.96 E158.40265
G0 F15000 X183.649 Y46.213
G0 X186.499 Y47.244
;TYPE:FILL
G1 F1042.1 X179.83 Y49.031 E158.63229
G0 F15000 X178.322 Y46.419
G1 F1042.1 X180.11 Y39.748 E158.86199
G0 F15000 X183.127 Y39.749
G1 F1042.1 X188.008 Y44.63 E159.09158
G0 F15000 X187.899 Y44.565
;MESH:NONMESH
G0 F300 X187.899 Y44.565 Z5.4
G0 F15000 X183.839 Y46.678
;TIME_ELAPSED:348.586253
;LAYER:26
;note -- min layer time used
;TYPE:WALL-INNER
;MESH:WheelAdapter_v6.stl
G1 F1039.1 X183.317 Y46.886 E159.11027
G1 X182.766 Y46.972 E159.12882
G1 X182.181 Y46.936 E159.14831
G1 X181.627 Y46.76 E159.16765
G1 X181.125 Y46.463 E159.18705
G1 X180.725 Y46.067 E159.20577
G1 X180.401 Y45.582 E159.22517
G1 X180.205 Y45.035 E159.24449
G1 X180.144 Y44.431 E159.26468
G1 X180.209 Y43.892 E159.28274
G1 X180.398 Y43.365 E159.30136
G1 X180.714 Y42.877 E159.3207
G1 X181.129 Y42.475 E159.33992
G1 X181.627 Y42.18 E159.35917
G1 X182.149 Y42.014 E159.37739
G1 X182.762 Y41.968 E159.39783
G1 X183.313 Y42.052 E159.41637
G1 X183.839 Y42.262 E159.43521
G1 X184.23 Y42.538 E159.45113
G1 X184.415 Y42.709 E159.45951
G1 X184.6 Y43.044 E159.47223
G1 X184.648 Y43.352 E159.4826
G1 X184.649 Y45.588 E159.55697
G1 X184.601 Y45.895 E159.56731
G1 X184.416 Y46.231 E159.58006
G1 X184.23 Y46.402 E159.58847
G1 X183.839 Y46.678 E159.60439
G0 F15000 X183.646 Y46.324
G1 F1039.1 X183.202 Y46.5 E159.62027
G1 X182.744 Y46.57 E159.63568
G1 X182.253 Y46.539 E159.65204
G1 X181.788 Y46.391 E159.66827
G1 X181.368 Y46.141 E159.68453
G1 X181.032 Y45.81 E159.70022
G1 X180.763 Y45.405 E159.71639
G1 X180.597 Y44.944 E159.73269
G1 X180.548 Y44.468 E159.7486
G1 X180.599 Y43.992 E159.76452
G1 X180.762 Y43.537 E159.7806
G1 X181.025 Y43.131 E159.79669
G1 X181.37 Y42.797 E159.81266
G1 X181.788 Y42.549 E159.82883
G1 X182.253 Y42.401 E159.84506
G1 X182.744 Y42.37 E159.86142
G1 X183.207 Y42.44 E159.87699
G1 X183.677 Y42.636 E159.89393
G1 X184.088 Y42.927 E159.91068
G1 X184.248 Y43.218 E159.92173
G1 X184.249 Y45.588 E160.00055
G1 X184.22 Y45.773 E160.00678
G1 X184.087 Y46.014 E160.01594
G1 X183.646 Y46.324 E160.03386
G0 F15000 X183.761 Y46.611
G0 X185.422 Y49.272
G1 F1039.1 X188.193 Y44.468 E160.21832
G1 X185.422 Y39.669 E160.40263
G1 X179.878 Y39.668 E160.58703
G1 X177.103 Y44.468 E160.77144
G1 X179.878 Y49.272 E160.95596
G1 X185.422 Y49.272 E161.14035
G0 F15000 X185.653 Y49.672
G1 F1039.1 X188.655 Y44.468 E161.34017
G1 X185.653 Y39.269 E161.53985
G1 X179.647 Y39.268 E161.73961
G1 X176.641 Y44.468 E161.93938
G1 X179.647 Y49.672 E162.13927
G1 X185.653 Y49.672 E162.33903
G0 F15000 X185.884 Y50.072
;TYPE:WALL-OUTER
G1 F1039.1 X189.117 Y44.468 E162.55421
G1 X185.884 Y38.869 E162.76925
G1 X179.416 Y38.868 E162.98438
G1 X176.179 Y44.468 E163.19951
G1 X179.416 Y50.072 E163.41476
G1 X185.884 Y50.072 E163.62989
G1 F1500 E157.12989
G0 F15000 X185.714 Y49.777
G0 X183.649 Y46.213
G0 X183.471 Y45.96
G1 F1500 E163.62989
G1 F1039.1 X183.079 Y46.114 E163.6439
G1 X182.694 Y46.168 E163.65683
G1 X182.35 Y46.144 E163.6683
G1 X181.975 Y46.031 E163.68132
G1 X181.6 Y45.808 E163.69583
G1 X181.338 Y45.553 E163.708
G1 X181.13 Y45.237 E163.72058
G1 X180.999 Y44.88 E163.73323
G1 X180.949 Y44.492 E163.74624
G1 X180.999 Y44.06 E163.7607
G1 X181.13 Y43.703 E163.77335
G1 X181.352 Y43.372 E163.78661
G1 X181.637 Y43.104 E163.79962
G1 X181.975 Y42.909 E163.8126
G1 X182.329 Y42.799 E163.82493
G1 X182.708 Y42.772 E163.83756
G1 X183.123 Y42.838 E163.85154
G1 X183.471 Y42.98 E163.86404
G1 X183.802 Y43.223 E163.8777
G1 X183.848 Y43.306 E163.88085
G1 X183.849 Y45.636 E163.95835
G1 X183.802 Y45.717 E163.96147
G1 X183.471 Y45.96 E163.97512
G0 F15000 X183.649 Y46.213
G0 X186.398 Y47.418
;TYPE:FILL
G1 F1039.1 X179.903 Y49.159 E164.19877
G0 F15000 X178.222 Y46.245
G1 F1039.1 X179.963 Y39.748 E164.42249
G0 F15000 X183.327 Y39.749
G1 F1039.1 X188.081 Y44.503 E164.6461
G0 F15000 X187.944 Y44.455
;MESH:NONMESH
G0 F300 X187.944 Y44.455 Z5.6
G0 F15000 X183.317 Y46.886
;TIME_ELAPSED:360.245871
;LAYER:27
;note -- min layer time used
;TYPE:WALL-INNER
;MESH:WheelAdapter_v6.stl
G1 F1029.9 X182.766 Y46.972 E164.66465
G1 X182.181 Y46.936 E164.68414
G1 X181.627 Y46.76 E164.70348
G1 X181.125 Y46.463 E164.72288
G1 X180.725 Y46.067 E164.7416
G1 X180.401 Y45.582 E164.761
G1 X180.205 Y45.035 E164.78032
G1 X180.144 Y44.431 E164.80052
G1 X180.209 Y43.892 E164.81857
G1 X180.398 Y43.365 E164.83719
G1 X180.714 Y42.877 E164.85653
G1 X181.129 Y42.475 E164.87575
G1 X181.627 Y42.18 E164.895
G1 X182.149 Y42.014 E164.91322
G1 X182.762 Y41.968 E164.93366
G1 X183.313 Y42.052 E164.9522
G1 X183.839 Y42.262 E164.97104
G1 X184.23 Y42.538 E164.98696
G1 X184.415 Y42.709 E164.99534
G1 X184.6 Y43.044 E165.00806
G1 X184.648 Y43.352 E165.01843
G1 X184.649 Y45.588 E165.0928
G1 X184.601 Y45.895 E165.10314
G1 X184.416 Y46.231 E165.11589
G1 X184.23 Y46.402 E165.1243
G1 X183.839 Y46.678 E165.14022
G1 X183.317 Y46.886 E165.15891
G0 F15000 X183.646 Y46.324
G1 F1029.9 X183.202 Y46.5 E165.17479
G1 X182.744 Y46.57 E165.1902
G1 X182.253 Y46.539 E165.20656
G1 X181.788 Y46.391 E165.22279
G1 X181.368 Y46.141 E165.23905
G1 X181.032 Y45.81 E165.25474
G1 X180.763 Y45.405 E165.27091
G1 X180.597 Y44.944 E165.28721
G1 X180.548 Y44.468 E165.30312
G1 X180.599 Y43.992 E165.31904
G1 X180.762 Y43.537 E165.33512
G1 X181.025 Y43.131 E165.35121
G1 X181.37 Y42.797 E165.36718
G1 X181.788 Y42.549 E165.38335
G1 X182.253 Y42.401 E165.39958
G1 X182.744 Y42.37 E165.41594
G1 X183.207 Y42.44 E165.43151
G1 X183.677 Y42.636 E165.44845
G1 X184.088 Y42.927 E165.4652
G1 X184.248 Y43.218 E165.47625
G1 X184.249 Y45.588 E165.55507
G1 X184.22 Y45.773 E165.5613
G1 X184.087 Y46.014 E165.57046
G1 X183.646 Y46.324 E165.58838
G0 F15000 X183.761 Y46.611
G0 X185.422 Y49.272
G1 F1029.9 X188.193 Y44.468 E165.77284
G1 X185.422 Y39.669 E165.95715
G1 X179.878 Y39.668 E166.14155
G1 X177.103 Y44.468 E166.32596
G1 X179.878 Y49.272 E166.51048
G1 X185.422 Y49.272 E166.69487
G0 F15000 X185.653 Y49.672
G1 F1029.9 X188.655 Y44.468 E166.89469
G1 X185.653 Y39.269 E167.09437
G1 X179.647 Y39.268 E167.29413
G1 X176.641 Y44.468 E167.4939
G1 X179.647 Y49.672 E167.69379
G1 X185.653 Y49.672 E167.89355
G0 F15000 X185.884 Y50.072
;TYPE:WALL-OUTER
G1 F1029.9 X189.117 Y44.468 E168.10873
G1 X185.884 Y38.869 E168.32377
G1 X179.416 Y38.868 E168.5389
G1 X176.179 Y44.468 E168.75403
G1 X179.416 Y50.072 E168.96928
G1 X185.884 Y50.072 E169.18441
G1 F1500 E162.68441
G0 F15000 X185.714 Y49.777
G0 X183.649 Y46.213
G0 X183.471 Y45.96
G1 F1500 E169.18441
G1 F1029.9 X183.079 Y46.114 E169.19842
G1 X182.694 Y46.168 E169.21135
G1 X182.35 Y46.144 E169.22282
G1 X181.975 Y46.031 E169.23584
G1 X181.6 Y45.808 E169.25035
G1 X181.338 Y45.553 E169.26252
G1 X181.13 Y45.237 E169.2751
G1 X180.999 Y44.88 E169.28775
G1 X180.948 Y44.468 E169.30155
G1 X180.999 Y44.06 E169.31523
G1 X181.13 Y43.703 E169.32788
G1 X181.352 Y43.372 E169.34113
G1 X181.637 Y43.104 E169.35415
G1 X181.975 Y42.909 E169.36712
G1 X182.329 Y42.799 E169.37945
G1 X182.708 Y42.772 E169.39209
G1 X183.123 Y42.838 E169.40607
G1 X183.471 Y42.98 E169.41857
G1 X183.802 Y43.223 E169.43223
G1 X183.848 Y43.306 E169.43538
G1 X183.849 Y45.636 E169.51288
G1 X183.802 Y45.717 E169.51599
G1 X183.471 Y45.96 E169.52965
G0 F15000 X183.649 Y46.213
G0 X186.298 Y47.591
;TYPE:FILL
G1 F1029.9 X180.321 Y49.193 E169.73546
G0 F15000 X178.122 Y46.072
G1 F1029.9 X179.724 Y40.094 E169.94131
G0 F15000 X183.527 Y39.749
G1 F1029.9 X187.904 Y44.126 E170.14719
G0 F15000 X187.791 Y44.19
;MESH:NONMESH
G0 F300 X187.791 Y44.19 Z5.8
G0 F15000 X183.839 Y46.678
;TIME_ELAPSED:371.913994
;LAYER:28
;note -- min layer time used
;TYPE:WALL-INNER
;MESH:WheelAdapter_v6.stl
G1 F1017.4 X183.317 Y46.886 E170.16588
G1 X182.766 Y46.972 E170.18443
G1 X182.181 Y46.936 E170.20392
G1 X181.627 Y46.76 E170.22325
G1 X181.125 Y46.463 E170.24265
G1 X180.725 Y46.067 E170.26137
G1 X180.401 Y45.582 E170.28077
G1 X180.205 Y45.035 E170.3001
G1 X180.144 Y44.431 E170.32029
G1 X180.209 Y43.892 E170.33835
G1 X180.398 Y43.365 E170.35697
G1 X180.714 Y42.877 E170.37631
G1 X181.129 Y42.475 E170.39552
G1 X181.627 Y42.18 E170.41477
G1 X182.149 Y42.014 E170.43299
G1 X182.762 Y41.968 E170.45344
G1 X183.313 Y42.052 E170.47198
G1 X183.839 Y42.262 E170.49081
G1 X184.23 Y42.538 E170.50673
G1 X184.415 Y42.709 E170.51511
G1 X184.6 Y43.044 E170.52784
G1 X184.648 Y43.352 E170.53821
G1 X184.649 Y45.588 E170.61258
G1 X184.601 Y45.895 E170.62291
G1 X184.416 Y46.231 E170.63567
G1 X184.23 Y46.402 E170.64407
G1 X183.839 Y46.678 E170.65999
G0 F15000 X183.646 Y46.324
G1 F1017.4 X183.202 Y46.5 E170.67588
G1 X182.744 Y46.57 E170.69129
G1 X182.253 Y46.539 E170.70765
G1 X181.788 Y46.391 E170.72388
G1 X181.368 Y46.141 E170.74014
G1 X181.032 Y45.81 E170.75582
G1 X180.763 Y45.405 E170.772
G1 X180.597 Y44.944 E170.78829
G1 X180.548 Y44.468 E170.80421
G1 X180.599 Y43.992 E170.82013
G1 X180.762 Y43.537 E170.83621
G1 X181.025 Y43.131 E170.85229
G1 X181.37 Y42.797 E170.86827
G1 X181.788 Y42.549 E170.88443
G1 X182.253 Y42.401 E170.90066
G1 X182.744 Y42.37 E170.91702
G1 X183.207 Y42.44 E170.9326
G1 X183.677 Y42.636 E170.94954
G1 X184.088 Y42.927 E170.96629
G1 X184.248 Y43.218 E170.97733
G1 X184.249 Y45.588 E171.05616
G1 X184.22 Y45.773 E171.06239
G1 X184.087 Y46.014 E171.07154
G1 X183.646 Y46.324 E171.08947
G0 F15000 X183.761 Y46.611
G0 X185.422 Y49.272
G1 F1017.4 X188.193 Y44.468 E171.27393
G1 X185.422 Y39.669 E171.45824
G1 X179.878 Y39.668 E171.64263
G1 X177.103 Y44.468 E171.82704
G1 X179.878 Y49.272 E172.01157
G1 X185.422 Y49.272 E172.19596
G0 F15000 X185.653 Y49.672
G1 F1017.4 X188.655 Y44.468 E172.39578
G1 X185.653 Y39.269 E172.59546
G1 X179.647 Y39.268 E172.79522
G1 X176.641 Y44.468 E172.99499
G1 X179.647 Y49.672 E173.19487
G1 X185.653 Y49.672 E173.39464
G0 F15000 X185.884 Y50.072
;TYPE:WALL-OUTER
G1 F1017.4 X189.117 Y44.468 E173.60982
G1 X185.884 Y38.869 E173.82486
G1 X179.416 Y38.868 E174.03998
G1 X176.179 Y44.468 E174.25512
G1 X179.416 Y50.072 E174.47037
G1 X185.884 Y50.072 E174.6855
G1 F1500 E168.1855
G0 F15000 X185.714 Y49.777
G0 X183.649 Y46.213
G0 X183.471 Y45.96
G1 F1500 E174.6855
G1 F1017.4 X183.079 Y46.114 E174.6995
G1 X182.694 Y46.168 E174.71243
G1 X182.35 Y46.144 E174.7239
G1 X181.975 Y46.031 E174.73693
G1 X181.6 Y45.808 E174.75144
G1 X181.338 Y45.553 E174.7636
G1 X181.13 Y45.237 E174.77618
G1 X180.999 Y44.88 E174.78883
G1 X180.949 Y44.492 E174.80184
G1 X180.999 Y44.06 E174.81631
G1 X181.13 Y43.703 E174.82896
G1 X181.352 Y43.372 E174.84221
G1 X181.637 Y43.104 E174.85522
G1 X181.975 Y42.909 E174.8682
G1 X182.329 Y42.799 E174.88053
G1 X182.708 Y42.772 E174.89317
G1 X183.123 Y42.838 E174.90715
G1 X183.471 Y42.98 E174.91965
G1 X183.802 Y43.223 E174.9333
G1 X183.848 Y43.306 E174.93646
G1 X183.849 Y45.636 E175.01396
G1 X183.802 Y45.717 E175.01707
G1 X183.471 Y45.96 E175.03073
G0 F15000 X183.649 Y46.213
G0 X186.198 Y47.765
;TYPE:FILL
G1 F1017.4 X180.871 Y49.192 E175.21415
G0 F15000 X178.022 Y45.898
G1 F1017.4 X179.45 Y40.568 E175.39768
G0 F15000 X183.728 Y39.749
G1 F1017.4 X187.629 Y43.651 E175.5812
G0 F15000 X187.517 Y43.715
;MESH:NONMESH
G0 F300 X187.517 Y43.715 Z6
G0 F15000 X183.839 Y46.678
;TIME_ELAPSED:383.583369
;LAYER:29
;note -- min layer time used
;TYPE:WALL-INNER
;MESH:WheelAdapter_v6.stl
G1 F1005.5 X183.317 Y46.886 E175.59988
G1 X182.766 Y46.972 E175.61843
G1 X182.181 Y46.936 E175.63793
G1 X181.627 Y46.76 E175.65726
G1 X181.125 Y46.463 E175.67666
G1 X180.725 Y46.067 E175.69538
G1 X180.401 Y45.582 E175.71478
G1 X180.205 Y45.035 E175.73411
G1 X180.144 Y44.431 E175.7543
G1 X180.209 Y43.892 E175.77236
G1 X180.398 Y43.365 E175.79098
G1 X180.714 Y42.877 E175.81031
G1 X181.129 Y42.475 E175.82953
G1 X181.627 Y42.18 E175.84878
G1 X182.149 Y42.014 E175.867
G1 X182.762 Y41.968 E175.88745
G1 X183.313 Y42.052 E175.90598
G1 X183.839 Y42.262 E175.92482
G1 X184.23 Y42.538 E175.94074
G1 X184.415 Y42.709 E175.94912
G1 X184.6 Y43.044 E175.96185
G1 X184.648 Y43.352 E175.97222
G1 X184.649 Y45.588 E176.04658
G1 X184.601 Y45.895 E176.05692
G1 X184.416 Y46.231 E176.06968
G1 X184.23 Y46.402 E176.07808
G1 X183.839 Y46.678 E176.094
G0 F15000 X183.646 Y46.324
G1 F1005.5 X183.202 Y46.5 E176.10988
G1 X182.744 Y46.57 E176.12529
G1 X182.253 Y46.539 E176.14166
G1 X181.788 Y46.391 E176.15789
G1 X181.368 Y46.141 E176.17414
G1 X181.032 Y45.81 E176.18983
G1 X180.763 Y45.405 E176.206
G1 X180.597 Y44.944 E176.2223
G1 X180.548 Y44.468 E176.23821
G1 X180.599 Y43.992 E176.25414
G1 X180.762 Y43.537 E176.27021
G1 X181.025 Y43.131 E176.2863
G1 X181.37 Y42.797 E176.30227
G1 X181.788 Y42.549 E176.31844
G1 X182.253 Y42.401 E176.33467
G1 X182.744 Y42.37 E176.35103
G1 X183.207 Y42.44 E176.36661
G1 X183.677 Y42.636 E176.38354
G1 X184.088 Y42.927 E176.40029
G1 X184.248 Y43.218 E176.41134
G1 X184.249 Y45.588 E176.49016
G1 X184.22 Y45.773 E176.49639
G1 X184.087 Y46.014 E176.50555
G1 X183.646 Y46.324 E176.52348
G0 F15000 X183.761 Y46.611
G0 X185.422 Y49.272
G1 F1005.5 X188.193 Y44.468 E176.70793
G1 X185.422 Y39.669 E176.89225
G1 X179.878 Y39.668 E177.07664
G1 X177.103 Y44.468 E177.26105
G1 X179.878 Y49.272 E177.44557
G1 X185.422 Y49.272 E177.62997
G0 F15000 X185.653 Y49.672
G1 F1005.5 X188.655 Y44.468 E177.82979
G1 X185.653 Y39.269 E178.02946
G1 X179.647 Y39.268 E178.22922
G1 X176.641 Y44.468 E178.429
G1 X179.647 Y49.672 E178.62888
G1 X185.653 Y49.672 E178.82864
G0 F15000 X185.884 Y50.072
;TYPE:WALL-OUTER
G1 F1005.5 X189.117 Y44.468 E179.04383
G1 X185.884 Y38.869 E179.25887
G1 X179.416 Y38.868 E179.47399
G1 X176.179 Y44.468 E179.68913
G1 X179.416 Y50.072 E179.90438
G1 X185.884 Y50.072 E180.1195
G1 F1500 E173.6195
G0 F15000 X185.714 Y49.777
G0 X183.649 Y46.213
G0 X183.471 Y45.96
G1 F1500 E180.1195
G1 F1005.5 X183.079 Y46.114 E180.13351
G1 X182.694 Y46.168 E180.14644
G1 X182.35 Y46.144 E180.15791
G1 X181.975 Y46.031 E180.17094
G1 X181.6 Y45.808 E180.18545
G1 X181.338 Y45.553 E180.19761
G1 X181.13 Y45.237 E180.21019
G1 X180.999 Y44.88 E180.22284
G1 X180.949 Y44.492 E180.23585
G1 X180.999 Y44.06 E180.25032
G1 X181.13 Y43.703 E180.26296
G1 X181.352 Y43.372 E180.27622
G1 X181.637 Y43.104 E180.28923
G1 X181.975 Y42.909 E180.30221
G1 X182.329 Y42.799 E180.31454
G1 X182.708 Y42.772 E180.32718
G1 X183.123 Y42.838 E180.34115
G1 X183.471 Y42.98 E180.35365
G1 X183.802 Y43.223 E180.36731
G1 X183.848 Y43.306 E180.37047
G1 X183.849 Y45.636 E180.44796
G1 X183.802 Y45.717 E180.45108
G1 X183.471 Y45.96 E180.46474
G0 F15000 X183.649 Y46.213
G0 X186.098 Y47.938
;TYPE:FILL
G1 F1005.5 X181.416 Y49.192 E180.62595
G0 F15000 X177.922 Y45.726
G1 F1005.5 X179.178 Y41.038 E180.78737
G0 F15000 X183.927 Y39.749
G1 F1005.5 X187.356 Y43.179 E180.94868
G0 F15000 X187.244 Y43.243
;MESH:NONMESH
G0 F300 X187.244 Y43.243 Z6.2
G0 F15000 X184.495 Y46.026
G0 X183.317 Y46.886
;TIME_ELAPSED:395.277650
;LAYER:30
;note -- min layer time used
;TYPE:WALL-INNER
;MESH:WheelAdapter_v6.stl
G1 F993.8 X182.766 Y46.972 E180.96723
G1 X182.181 Y46.936 E180.98673
G1 X181.627 Y46.76 E181.00606
G1 X181.125 Y46.463 E181.02546
G1 X180.725 Y46.067 E181.04418
G1 X180.401 Y45.582 E181.06358
G1 X180.205 Y45.035 E181.08291
G1 X180.144 Y44.431 E181.1031
G1 X180.209 Y43.892 E181.12115
G1 X180.398 Y43.365 E181.13978
G1 X180.714 Y42.877 E181.15911
G1 X181.129 Y42.475 E181.17833
G1 X181.627 Y42.18 E181.19758
G1 X182.149 Y42.014 E181.2158
G1 X182.762 Y41.968 E181.23625
G1 X183.313 Y42.052 E181.25478
G1 X183.839 Y42.262 E181.27362
G1 X184.23 Y42.538 E181.28954
G1 X184.415 Y42.709 E181.29792
G1 X184.6 Y43.044 E181.31065
G1 X184.648 Y43.352 E181.32101
G1 X184.649 Y45.588 E181.39538
G1 X184.601 Y45.895 E181.40572
G1 X184.416 Y46.231 E181.41848
G1 X184.23 Y46.402 E181.42688
G1 X183.839 Y46.678 E181.4428
G1 X183.317 Y46.886 E181.46149
G0 F15000 X183.646 Y46.324
G1 F993.8 X183.202 Y46.5 E181.47737
G1 X182.744 Y46.57 E181.49278
G1 X182.253 Y46.539 E181.50915
G1 X181.788 Y46.391 E181.52538
G1 X181.368 Y46.141 E181.54163
G1 X181.032 Y45.81 E181.55732
G1 X180.763 Y45.405 E181.57349
G1 X180.597 Y44.944 E181.58979
G1 X180.548 Y44.468 E181.6057
G1 X180.599 Y43.992 E181.62163
G1 X180.762 Y43.537 E181.6377
G1 X181.025 Y43.131 E181.65379
G1 X181.37 Y42.797 E181.66976
G1 X181.788 Y42.549 E181.68593
G1 X182.253 Y42.401 E181.70216
G1 X182.744 Y42.37 E181.71852
G1 X183.207 Y42.44 E181.7341
G1 X183.677 Y42.636 E181.75103
G1 X184.088 Y42.927 E181.76778
G1 X184.248 Y43.218 E181.77883
G1 X184.249 Y45.588 E181.85765
G1 X184.22 Y45.773 E181.86388
G1 X184.087 Y46.014 E181.87304
G1 X183.646 Y46.324 E181.89097
G0 F15000 X183.761 Y46.611
G0 X185.422 Y49.272
G1 F993.8 X188.193 Y44.468 E182.07542
G1 X185.422 Y39.669 E182.25974
G1 X179.878 Y39.668 E182.44413
G1 X177.103 Y44.468 E182.62854
G1 X179.878 Y49.272 E182.81306
G1 X185.422 Y49.272 E182.99746
G0 F15000 X185.653 Y49.672
G1 F993.8 X188.655 Y44.468 E183.19728
G1 X185.653 Y39.269 E183.39695
G1 X179.647 Y39.268 E183.59671
G1 X176.641 Y44.468 E183.79648
G1 X179.647 Y49.672 E183.99637
G1 X185.653 Y49.672 E184.19613
G0 F15000 X185.884 Y50.072
;TYPE:WALL-OUTER
G1 F993.8 X189.117 Y44.468 E184.41131
G1 X185.884 Y38.869 E184.62635
G1 X179.416 Y38.868 E184.84148
G1 X176.179 Y44.468 E185.05662
G1 X179.416 Y50.072 E185.27186
G1 X185.884 Y50.072 E185.48699
G1 F1500 E178.98699
G0 F15000 X185.714 Y49.777
G0 X183.649 Y46.213
G0 X183.471 Y45.96
G1 F1500 E185.48699
G1 F993.8 X183.079 Y46.114 E185.501
G1 X182.694 Y46.168 E185.51393
G1 X182.35 Y46.144 E185.5254
G1 X181.975 Y46.031 E185.53843
G1 X181.6 Y45.808 E185.55294
G1 X181.338 Y45.553 E185.5651
G1 X181.13 Y45.237 E185.57768
G1 X180.999 Y44.88 E185.59033
G1 X180.948 Y44.468 E185.60414
G1 X180.999 Y44.06 E185.61781
G1 X181.13 Y43.703 E185.63046
G1 X181.352 Y43.372 E185.64372
G1 X181.637 Y43.104 E185.65673
G1 X181.975 Y42.909 E185.66971
G1 X182.329 Y42.799 E185.68204
G1 X182.708 Y42.772 E185.69467
G1 X183.123 Y42.838 E185.70865
G1 X183.471 Y42.98 E185.72115
G1 X183.802 Y43.223 E185.73481
G1 X183.848 Y43.306 E185.73796
G1 X183.849 Y45.636 E185.81546
G1 X183.802 Y45.717 E185.81857
G1 X183.471 Y45.96 E185.83223
G0 F15000 X183.649 Y46.213
G0 X185.998 Y48.112
;TYPE:FILL
G1 F993.8 X181.964 Y49.192 E185.97113
G0 F15000 X177.821 Y45.552
G1 F993.8 X178.904 Y41.512 E186.11024
G0 F15000 X184.128 Y39.749
G1 F993.8 X187.082 Y42.704 E186.24921
G0 F15000 X186.97 Y42.768
;MESH:NONMESH
G0 F300 X186.97 Y42.768 Z6.4
G0 F15000 X184.495 Y46.026
G0 X183.839 Y46.678
;TIME_ELAPSED:406.988791
;LAYER:31
;note -- min layer time used
;TYPE:WALL-INNER
;MESH:WheelAdapter_v6.stl
G1 F981.6 X183.317 Y46.886 E186.2679
G1 X182.766 Y46.972 E186.28645
G1 X182.181 Y46.936 E186.30595
G1 X181.627 Y46.76 E186.32528
G1 X181.125 Y46.463 E186.34468
G1 X180.725 Y46.067 E186.3634
G1 X180.401 Y45.582 E186.3828
G1 X180.205 Y45.035 E186.40213
G1 X180.144 Y44.431 E186.42232
G1 X180.209 Y43.892 E186.44037
G1 X180.398 Y43.365 E186.459
G1 X180.714 Y42.877 E186.47833
G1 X181.129 Y42.475 E186.49755
G1 X181.627 Y42.18 E186.5168
G1 X182.149 Y42.014 E186.53502
G1 X182.762 Y41.968 E186.55547
G1 X183.313 Y42.052 E186.574
G1 X183.839 Y42.262 E186.59284
G1 X184.23 Y42.538 E186.60876
G1 X184.415 Y42.709 E186.61714
G1 X184.6 Y43.044 E186.62987
G1 X184.648 Y43.352 E186.64023
G1 X184.649 Y45.588 E186.7146
G1 X184.601 Y45.895 E186.72494
G1 X184.416 Y46.231 E186.7377
G1 X184.23 Y46.402 E186.7461
G1 X183.839 Y46.678 E186.76202
G0 F15000 X183.646 Y46.324
G1 F981.6 X183.202 Y46.5 E186.7779
G1 X182.744 Y46.57 E186.79331
G1 X182.253 Y46.539 E186.80968
G1 X181.788 Y46.391 E186.82591
G1 X181.368 Y46.141 E186.84216
G1 X181.032 Y45.81 E186.85785
G1 X180.763 Y45.405 E186.87402
G1 X180.597 Y44.944 E186.89032
G1 X180.548 Y44.468 E186.90623
G1 X180.599 Y43.992 E186.92216
G1 X180.762 Y43.537 E186.93823
G1 X181.025 Y43.131 E186.95432
G1 X181.37 Y42.797 E186.97029
G1 X181.788 Y42.549 E186.98646
G1 X182.253 Y42.401 E187.00269
G1 X182.744 Y42.37 E187.01905
G1 X183.207 Y42.44 E187.03463
G1 X183.677 Y42.636 E187.05156
G1 X184.088 Y42.927 E187.06831
G1 X184.248 Y43.218 E187.07936
G1 X184.249 Y45.588 E187.15818
G1 X184.22 Y45.773 E187.16441
G1 X184.087 Y46.014 E187.17357
G1 X183.646 Y46.324 E187.1915
G0 F15000 X183.761 Y46.611
G0 X185.422 Y49.272
G1 F981.6 X188.193 Y44.468 E187.37595
G1 X185.422 Y39.669 E187.56027
G1 X179.878 Y39.668 E187.74466
G1 X177.103 Y44.468 E187.92907
G1 X179.878 Y49.272 E188.11359
G1 X185.422 Y49.272 E188.29799
G0 F15000 X185.653 Y49.672
G1 F981.6 X188.655 Y44.468 E188.49781
G1 X185.653 Y39.269 E188.69748
G1 X179.647 Y39.268 E188.89724
G1 X176.641 Y44.468 E189.09701
G1 X179.647 Y49.672 E189.2969
G1 X185.653 Y49.672 E189.49666
G0 F15000 X185.884 Y50.072
;TYPE:WALL-OUTER
G1 F981.6 X189.117 Y44.468 E189.71184
G1 X185.884 Y38.869 E189.92688
G1 X179.416 Y38.868 E190.14201
G1 X176.179 Y44.468 E190.35715
G1 X179.416 Y50.072 E190.5724
G1 X185.884 Y50.072 E190.78752
G1 F1500 E184.28752
G0 F15000 X185.714 Y49.777
G0 X183.649 Y46.213
G0 X183.471 Y45.96
G1 F1500 E190.78752
G1 F981.6 X183.079 Y46.114 E190.80153
G1 X182.694 Y46.168 E190.81446
G1 X182.35 Y46.144 E190.82593
G1 X181.975 Y46.031 E190.83896
G1 X181.6 Y45.808 E190.85347
G1 X181.338 Y45.553 E190.86563
G1 X181.13 Y45.237 E190.87821
G1 X180.999 Y44.88 E190.89086
G1 X180.949 Y44.492 E190.90387
G1 X180.999 Y44.06 E190.91833
G1 X181.13 Y43.703 E190.93098
G1 X181.352 Y43.372 E190.94424
G1 X181.637 Y43.104 E190.95725
G1 X181.975 Y42.909 E190.97023
G1 X182.329 Y42.799 E190.98256
G1 X182.708 Y42.772 E190.9952
G1 X183.123 Y42.838 E191.00917
G1 X183.471 Y42.98 E191.02167
G1 X183.802 Y43.223 E191.03533
G1 X183.848 Y43.306 E191.03849
G1 X183.849 Y45.636 E191.11598
G1 X183.802 Y45.717 E191.1191
G1 X183.471 Y45.96 E191.13275
G0 F15000 X183.649 Y46.213
G0 X185.898 Y48.284
;TYPE:FILL
G1 F981.6 X182.51 Y49.192 E191.24942
G0 F15000 X177.722 Y45.379
G1 F981.6 X178.632 Y41.982 E191.36639
G0 F15000 X184.327 Y39.749
G1 F981.6 X186.809 Y42.231 E191.48313
G0 F15000 X186.697 Y42.295
;MESH:NONMESH
G0 F300 X186.697 Y42.295 Z6.6
G0 F15000 X185.422 Y49.272
;TIME_ELAPSED:418.736662
;LAYER:32
;note -- min layer time used
;TYPE:WALL-INNER
;MESH:WheelAdapter_v6.stl
G1 F1055.7 X188.193 Y44.469 E191.66756
G1 X185.422 Y39.668 E191.85193
G1 X179.878 Y39.668 E192.03632
G1 X177.103 Y44.469 E192.22076
G1 X179.878 Y49.272 E192.40526
G1 X185.422 Y49.272 E192.58965
G0 F15000 X185.653 Y49.672
G1 F1055.7 X188.655 Y44.469 E192.78944
G1 X185.653 Y39.268 E192.98917
G1 X179.647 Y39.268 E193.18894
G1 X176.641 Y44.469 E193.38874
G1 X179.647 Y49.672 E193.58859
G1 X185.653 Y49.672 E193.78835
G0 F15000 X185.884 Y50.072
;TYPE:WALL-OUTER
G1 F1055.7 X189.117 Y44.469 E194.00351
G1 X185.884 Y38.868 E194.21861
G1 X179.416 Y38.868 E194.43373
G1 X176.179 Y44.469 E194.6489
G1 X179.416 Y50.072 E194.86412
G1 X185.884 Y50.072 E195.07924
G0 F15000 X185.714 Y49.777
G0 X185.799 Y48.457
;TYPE:FILL
G1 F1055.7 X183.055 Y49.192 E195.17373
G0 F15000 X177.622 Y45.206
G1 F1055.7 X178.359 Y42.455 E195.26845
G0 F15000 X184.526 Y39.749
G1 F1055.7 X186.536 Y41.759 E195.363
G0 F15000 X184.885 Y46.228
G0 X184.364 Y46.6
G0 X183.427 Y47.166
G0 X183.329 Y46.922
;TYPE:SKIN
G1 F1055.7 X182.751 Y47.014 E195.38246
G1 X182.159 Y46.97 E195.40221
G1 X181.611 Y46.796 E195.42133
G1 X181.111 Y46.499 E195.44067
G1 X180.684 Y46.087 E195.46041
G1 X180.365 Y45.598 E195.47983
G1 X180.172 Y45.054 E195.49902
G1 X180.102 Y44.469 E195.51862
G1 X180.172 Y43.886 E195.53815
G1 X180.365 Y43.338 E195.55747
G1 X180.683 Y42.853 E195.57676
G1 X181.11 Y42.441 E195.5965
G1 X181.615 Y42.144 E195.61598
G1 X182.163 Y41.97 E195.63511
G1 X182.752 Y41.926 E195.65475
G1 X183.33 Y42.015 E195.6742
G1 X183.867 Y42.233 E195.69348
G1 X184.688 Y42.812 E195.72689
G1 X184.688 Y46.124 E195.83705
G1 X183.867 Y46.703 E195.87047
G1 X183.329 Y46.922 E195.88979
G0 F15000 X183.427 Y47.166
G0 X182.759 Y47.216
G0 X182.13 Y47.169
G0 X181.529 Y46.979
G0 X180.986 Y46.658
G0 X180.619 Y46.303
G0 X180.024 Y45.412
G0 X180.457 Y45.258
G1 F1055.7 X181.865 Y46.666 E195.95601
G0 F15000 X182.564 Y46.799
G1 F1055.7 X180.312 Y44.548 E196.06192
G0 F15000 X180.356 Y44.026
G1 F1055.7 X183.088 Y46.758 E196.19042
G0 F15000 X183.522 Y46.626
G1 F1055.7 X180.488 Y43.592 E196.33313
G0 F15000 X180.681 Y43.22
G1 F1055.7 X183.897 Y46.436 E196.4844
G0 F15000 X184.229 Y46.202
G1 F1055.7 X180.925 Y42.898 E196.63981
G0 F15000 X181.213 Y42.62
G1 F1055.7 X184.488 Y45.895 E196.79386
G0 F15000 X184.488 Y45.33
G1 F1055.7 X181.565 Y42.407 E196.93135
G0 F15000 X181.968 Y42.243
G1 F1055.7 X184.488 Y44.764 E197.0499
G0 F15000 X184.488 Y44.198
G1 F1055.7 X182.441 Y42.151 E197.14619
G0 F15000 X183.027 Y42.171
G1 F1055.7 X184.488 Y43.633 E197.21493
G0 F15000 X184.488 Y43.067
G1 F1055.7 X183.979 Y42.557 E197.2389
G0 F15000 X184.418 Y41.938
;MESH:NONMESH
G0 F300 X184.418 Y41.938 Z6.8
G0 F15000 X184.885 Y42.714
G0 X185.422 Y49.272
;TIME_ELAPSED:431.059641
;LAYER:33
;note -- min layer time used
;TYPE:WALL-INNER
;MESH:WheelAdapter_v6.stl
G1 F1045.4 X188.193 Y44.469 E197.42333
G1 X185.422 Y39.668 E197.6077
G1 X179.878 Y39.668 E197.79209
G1 X177.103 Y44.469 E197.97653
G1 X179.878 Y49.272 E198.16102
G1 X185.422 Y49.272 E198.34542
G0 F15000 X185.653 Y49.672
G1 F1045.4 X188.655 Y44.469 E198.54521
G1 X185.653 Y39.268 E198.74494
G1 X179.647 Y39.268 E198.9447
G1 X176.641 Y44.469 E199.1445
G1 X179.647 Y49.672 E199.34436
G1 X185.653 Y49.672 E199.54412
G0 F15000 X185.884 Y50.072
;TYPE:WALL-OUTER
G1 F1045.4 X189.117 Y44.469 E199.75928
G1 X185.884 Y38.868 E199.97437
G1 X179.416 Y38.868 E200.1895
G1 X176.179 Y44.469 E200.40466
G1 X179.416 Y50.072 E200.61988
G1 X185.884 Y50.072 E200.83501
G0 F15000 X185.714 Y49.777
G0 X185.698 Y48.631
;TYPE:FILL
G1 F1045.4 X183.604 Y49.192 E200.90711
G0 F15000 X177.522 Y45.032
G1 F1045.4 X178.085 Y42.93 E200.97949
G0 F15000 X184.727 Y39.749
G1 F1045.4 X186.263 Y41.284 E201.05172
G0 F15000 X184.885 Y46.228
G0 X184.364 Y46.6
G0 X183.427 Y47.166
G0 X183.329 Y46.922
;TYPE:SKIN
G1 F1045.4 X182.751 Y47.014 E201.07118
G1 X182.159 Y46.97 E201.09093
G1 X181.611 Y46.796 E201.11005
G1 X181.111 Y46.499 E201.12939
G1 X180.684 Y46.087 E201.14913
G1 X180.365 Y45.598 E201.16855
G1 X180.172 Y45.054 E201.18774
G1 X180.102 Y44.469 E201.20734
G1 X180.172 Y43.886 E201.22687
G1 X180.365 Y43.338 E201.24619
G1 X180.683 Y42.853 E201.26548
G1 X181.11 Y42.441 E201.28522
G1 X181.615 Y42.144 E201.30471
G1 X182.163 Y41.97 E201.32383
G1 X182.752 Y41.926 E201.34347
G1 X183.33 Y42.015 E201.36292
G1 X183.867 Y42.233 E201.3822
G1 X184.688 Y42.812 E201.41561
G1 X184.688 Y46.124 E201.52577
G1 X183.867 Y46.703 E201.55919
G1 X183.329 Y46.922 E201.57851
G0 F15000 X183.427 Y47.166
G0 X184.344 Y46.616
G0 X184.885 Y46.228
G0 X184.95 Y45.746
G0 X184.488 Y45.746
G1 F1045.4 X183.665 Y46.569 E201.61722
G0 F15000 X182.876 Y46.792
G1 F1045.4 X184.488 Y45.18 E201.69304
G0 F15000 X184.488 Y44.614
G1 F1045.4 X182.32 Y46.782 E201.79502
G0 F15000 X181.869 Y46.668
G1 F1045.4 X184.488 Y44.049 E201.91821
G0 F15000 X184.488 Y43.483
G1 F1045.4 X181.483 Y46.488 E202.05955
G0 F15000 X181.148 Y46.258
G1 F1045.4 X184.488 Y42.917 E202.21668
G0 F15000 X184.157 Y42.682
G1 F1045.4 X180.86 Y45.98 E202.37178
G0 F15000 X180.633 Y45.641
G1 F1045.4 X183.825 Y42.449 E202.52193
G0 F15000 X183.435 Y42.274
G1 F1045.4 X180.456 Y45.253 E202.66205
G0 F15000 X180.343 Y44.799
G1 F1045.4 X182.979 Y42.163 E202.78604
G0 F15000 X182.426 Y42.151
G1 F1045.4 X180.331 Y44.246 E202.88458
G0 F15000 X180.526 Y43.486
G1 F1045.4 X181.664 Y42.348 E202.93811
G0 F15000 X181.279 Y41.692
;MESH:NONMESH
G0 F300 X181.279 Y41.692 Z7
G0 F15000 X183.065 Y41.773
G0 X183.384 Y41.824
G0 X183.966 Y42.059
G0 X184.885 Y42.714
G0 X185.422 Y49.272
;TIME_ELAPSED:443.478077
;LAYER:34
;note -- min layer time used
;TYPE:WALL-INNER
;MESH:WheelAdapter_v6.stl
G1 F1033.1 X188.193 Y44.469 E203.12254
G1 X185.422 Y39.668 E203.30691
G1 X179.878 Y39.668 E203.4913
G1 X177.103 Y44.469 E203.67574
G1 X179.878 Y49.272 E203.86023
G1 X185.422 Y49.272 E204.04463
G0 F15000 X185.653 Y49.672
G1 F1033.1 X188.655 Y44.469 E204.24442
G1 X185.653 Y39.268 E204.44415
G1 X179.647 Y39.268 E204.64391
G1 X176.641 Y44.469 E204.84371
G1 X179.647 Y49.672 E205.04357
G1 X185.653 Y49.672 E205.24333
G0 F15000 X185.884 Y50.072
;TYPE:WALL-OUTER
G1 F1033.1 X189.117 Y44.469 E205.45849
G1 X185.884 Y38.868 E205.67358
G1 X179.416 Y38.868 E205.88871
G1 X176.179 Y44.469 E206.10387
G1 X179.416 Y50.072 E206.31909
G1 X185.884 Y50.072 E206.53422
G0 F15000 X185.714 Y49.777
G0 X185.598 Y48.804
;TYPE:FILL
G1 F1033.1 X184.15 Y49.192 E206.58408
G0 F15000 X177.422 Y44.86
G1 F1033.1 X177.813 Y43.4 E206.63435
G0 F15000 X184.926 Y39.749
G1 F1033.1 X185.99 Y40.812 E206.68437
G0 F15000 X184.885 Y46.228
G0 X184.364 Y46.6
G0 X183.427 Y47.166
G0 X183.329 Y46.922
;TYPE:SKIN
G1 F1033.1 X182.751 Y47.014 E206.70384
G1 X182.159 Y46.97 E206.72359
G1 X181.611 Y46.796 E206.74271
G1 X181.111 Y46.499 E206.76205
G1 X180.684 Y46.087 E206.78179
G1 X180.365 Y45.598 E206.80121
G1 X180.172 Y45.054 E206.8204
G1 X180.102 Y44.469 E206.84
G1 X180.172 Y43.886 E206.85953
G1 X180.365 Y43.338 E206.87885
G1 X180.683 Y42.853 E206.89814
G1 X181.11 Y42.441 E206.91788
G1 X181.615 Y42.144 E206.93736
G1 X182.163 Y41.97 E206.95649
G1 X182.752 Y41.926 E206.97613
G1 X183.33 Y42.015 E206.99558
G1 X183.867 Y42.233 E207.01486
G1 X184.688 Y42.812 E207.04827
G1 X184.688 Y46.124 E207.15843
G1 X183.867 Y46.703 E207.19185
G1 X183.329 Y46.922 E207.21116
G0 F15000 X183.427 Y47.166
G0 X182.759 Y47.216
G0 X182.13 Y47.169
G0 X181.529 Y46.979
G0 X180.986 Y46.658
G0 X180.619 Y46.303
G0 X180.024 Y45.412
G0 X180.457 Y45.258
G1 F1033.1 X181.865 Y46.666 E207.27739
G0 F15000 X182.564 Y46.799
G1 F1033.1 X180.312 Y44.548 E207.3833
G0 F15000 X180.356 Y44.026
G1 F1033.1 X183.088 Y46.758 E207.5118
G0 F15000 X183.522 Y46.626
G1 F1033.1 X180.488 Y43.592 E207.65451
G0 F15000 X180.681 Y43.22
G1 F1033.1 X183.897 Y46.436 E207.80578
G0 F15000 X184.229 Y46.202
G1 F1033.1 X180.925 Y42.898 E207.96119
G0 F15000 X181.213 Y42.62
G1 F1033.1 X184.488 Y45.895 E208.11524
G0 F15000 X184.488 Y45.33
G1 F1033.1 X181.565 Y42.407 E208.25273
G0 F15000 X181.968 Y42.243
G1 F1033.1 X184.488 Y44.764 E208.37128
G0 F15000 X184.488 Y44.198
G1 F1033.1 X182.441 Y42.151 E208.46757
G0 F15000 X183.027 Y42.171
G1 F1033.1 X184.488 Y43.633 E208.53631
G0 F15000 X184.488 Y43.067
G1 F1033.1 X183.979 Y42.557 E208.56028
G0 F15000 X184.418 Y41.938
;MESH:NONMESH
G0 F300 X184.418 Y41.938 Z7.2
G0 F15000 X184.885 Y42.714
G0 X185.422 Y49.272
;TIME_ELAPSED:455.812492
;LAYER:35
;note -- min layer time used
;TYPE:WALL-INNER
;MESH:WheelAdapter_v6.stl
G1 F1022.1 X188.193 Y44.469 E208.74471
G1 X185.422 Y39.668 E208.92908
G1 X179.878 Y39.668 E209.11347
G1 X177.103 Y44.469 E209.29791
G1 X179.878 Y49.272 E209.4824
G1 X185.422 Y49.272 E209.6668
G0 F15000 X185.653 Y49.672
G1 F1022.1 X188.655 Y44.469 E209.86659
G1 X185.653 Y39.268 E210.06632
G1 X179.647 Y39.268 E210.26608
G1 X176.641 Y44.469 E210.46588
G1 X179.647 Y49.672 E210.66574
G1 X185.653 Y49.672 E210.8655
G0 F15000 X185.884 Y50.072
;TYPE:WALL-OUTER
G1 F1022.1 X189.117 Y44.469 E211.08066
G1 X185.884 Y38.868 E211.29575
G1 X179.416 Y38.868 E211.51088
G1 X176.179 Y44.469 E211.72604
G1 X179.416 Y50.072 E211.94126
G1 X185.884 Y50.072 E212.15639
G0 F15000 X185.714 Y49.777
G0 X185.498 Y48.977
;TYPE:FILL
G1 F1022.1 X184.698 Y49.192 E212.18394
G0 F15000 X177.322 Y44.686
G1 F1022.1 X177.539 Y43.874 E212.2119
G0 F15000 X185.127 Y39.749
G1 F1022.1 X185.715 Y40.337 E212.23955
G0 F15000 X184.885 Y46.228
G0 X184.364 Y46.6
G0 X183.427 Y47.166
G0 X183.329 Y46.922
;TYPE:SKIN
G1 F1022.1 X182.751 Y47.014 E212.25902
G1 X182.159 Y46.97 E212.27877
G1 X181.611 Y46.796 E212.29789
G1 X181.111 Y46.499 E212.31723
G1 X180.684 Y46.087 E212.33697
G1 X180.365 Y45.598 E212.35639
G1 X180.172 Y45.054 E212.37558
G1 X180.102 Y44.469 E212.39518
G1 X180.172 Y43.886 E212.41471
G1 X180.365 Y43.338 E212.43403
G1 X180.683 Y42.853 E212.45332
G1 X181.11 Y42.441 E212.47306
G1 X181.615 Y42.144 E212.49254
G1 X182.163 Y41.97 E212.51167
G1 X182.752 Y41.926 E212.53131
G1 X183.33 Y42.015 E212.55076
G1 X183.867 Y42.233 E212.57004
G1 X184.688 Y42.812 E212.60345
G1 X184.688 Y46.124 E212.71361
G1 X183.867 Y46.703 E212.74703
G1 X183.329 Y46.922 E212.76634
G0 F15000 X183.427 Y47.166
G0 X184.344 Y46.616
G0 X184.885 Y46.228
G0 X184.95 Y45.746
G0 X184.488 Y45.746
G1 F1022.1 X183.665 Y46.569 E212.80506
G0 F15000 X182.876 Y46.792
G1 F1022.1 X184.488 Y45.18 E212.88088
G0 F15000 X184.488 Y44.614
G1 F1022.1 X182.32 Y46.782 E212.98286
G0 F15000 X181.869 Y46.668
G1 F1022.1 X184.488 Y44.049 E213.10605
G0 F15000 X184.488 Y43.483
G1 F1022.1 X181.483 Y46.488 E213.24739
G0 F15000 X181.148 Y46.258
G1 F1022.1 X184.488 Y42.917 E213.40452
G0 F15000 X184.157 Y42.682
G1 F1022.1 X180.86 Y45.98 E213.55962
G0 F15000 X180.633 Y45.641
G1 F1022.1 X183.825 Y42.449 E213.70976
G0 F15000 X183.435 Y42.274
G1 F1022.1 X180.456 Y45.253 E213.84989
G0 F15000 X180.343 Y44.799
G1 F1022.1 X182.979 Y42.163 E213.97388
G0 F15000 X182.426 Y42.151
G1 F1022.1 X180.331 Y44.246 E214.07242
G0 F15000 X180.526 Y43.486
G1 F1022.1 X181.664 Y42.348 E214.12595
G0 F15000 X181.279 Y41.692
;MESH:NONMESH
G0 F300 X181.279 Y41.692 Z7.4
G0 F15000 X183.065 Y41.773
G0 X183.384 Y41.824
G0 X183.966 Y42.059
G0 X184.885 Y42.714
G0 X185.422 Y49.272
;TIME_ELAPSED:468.247517
;LAYER:36
;note -- min layer time used
;TYPE:WALL-INNER
;MESH:WheelAdapter_v6.stl
G1 F659.4 X188.193 Y44.469 E214.31038
G1 X185.422 Y39.668 E214.49475
G1 X179.878 Y39.668 E214.67914
G1 X177.103 Y44.469 E214.86358
G1 X179.878 Y49.272 E215.04807
G1 X185.422 Y49.272 E215.23247
G0 F15000 X185.653 Y49.672
G1 F659.4 X188.655 Y44.469 E215.43226
G1 X185.653 Y39.268 E215.63199
G1 X179.647 Y39.268 E215.83175
G1 X176.641 Y44.469 E216.03155
G1 X179.647 Y49.672 E216.23141
G1 X185.653 Y49.672 E216.43117
G0 F15000 X185.884 Y50.072
;TYPE:WALL-OUTER
G1 F659.4 X189.117 Y44.469 E216.64632
G1 X185.884 Y38.868 E216.86142
G1 X179.416 Y38.868 E217.07655
G1 X176.179 Y44.469 E217.29171
G1 X179.416 Y50.072 E217.50693
G1 X185.884 Y50.072 E217.72206
G0 F15000 X185.714 Y49.777
G0 X185.398 Y49.15
;TYPE:FILL
G1 F659.4 X185.244 Y49.192 E217.72737
G0 F15000 X177.222 Y44.513
G1 F659.4 X177.267 Y44.345 E217.73315
G0 F15000 X185.326 Y39.749
G1 F659.4 X185.443 Y39.865 E217.73863
G0 F15000 X185.331 Y39.929
;MESH:NONMESH
G0 F300 X185.331 Y39.929 Z7.6
G0 F15000 X185.422 Y49.272
;TIME_ELAPSED:479.208625
;LAYER:37
;note -- min layer time used
;TYPE:WALL-INNER
;MESH:WheelAdapter_v6.stl
G1 F651.7 X188.193 Y44.469 E217.92306
G1 X185.422 Y39.668 E218.10743
G1 X179.878 Y39.668 E218.29183
G1 X177.103 Y44.469 E218.47626
G1 X179.878 Y49.272 E218.66076
G1 X185.422 Y49.272 E218.84515
G0 F15000 X185.653 Y49.672
G1 F651.7 X188.655 Y44.469 E219.04494
G1 X185.653 Y39.268 E219.24468
G1 X179.647 Y39.268 E219.44444
G1 X176.641 Y44.469 E219.64424
G1 X179.647 Y49.672 E219.84409
G1 X185.653 Y49.672 E220.04386
G0 F15000 X185.884 Y50.072
;TYPE:WALL-OUTER
G1 F651.7 X189.117 Y44.469 E220.25901
G1 X185.884 Y38.868 E220.47411
G1 X179.416 Y38.868 E220.68923
G1 X176.179 Y44.469 E220.9044
G1 X179.416 Y50.072 E221.11962
G1 X185.884 Y50.072 E221.33474
G0 F15000 X185.333 Y49.063
;MESH:NONMESH
G0 F300 X185.333 Y49.063 Z7.8
G0 F15000 X185.422 Y49.272
;TIME_ELAPSED:489.458179
;LAYER:38
;note -- min layer time used
;TYPE:WALL-INNER
;MESH:WheelAdapter_v6.stl
G1 F649.3 X188.193 Y44.469 E221.51917
G1 X185.422 Y39.668 E221.70354
G1 X179.878 Y39.668 E221.88794
G1 X177.103 Y44.469 E222.07237
G1 X179.878 Y49.272 E222.25687
G1 X185.422 Y49.272 E222.44126
G0 F15000 X185.653 Y49.672
G1 F649.3 X188.655 Y44.469 E222.64105
G1 X185.653 Y39.268 E222.84079
G1 X179.647 Y39.268 E223.04055
G1 X176.641 Y44.469 E223.24035
G1 X179.647 Y49.672 E223.44021
G1 X185.653 Y49.672 E223.63997
G0 F15000 X185.884 Y50.072
;TYPE:WALL-OUTER
G1 F649.3 X189.117 Y44.469 E223.85512
G1 X185.884 Y38.868 E224.07022
G1 X179.416 Y38.868 E224.28534
G1 X176.179 Y44.469 E224.50051
G1 X179.416 Y50.072 E224.71573
G1 X185.884 Y50.072 E224.93086
G0 F15000 X185.333 Y49.063
;MESH:NONMESH
G0 F300 X185.333 Y49.063 Z8
G0 F15000 X185.422 Y49.272
;TIME_ELAPSED:499.743906
;LAYER:39
;note -- min layer time used
;TYPE:WALL-INNER
;MESH:WheelAdapter_v6.stl
G1 F649.3 X188.193 Y44.469 E225.11528
G1 X185.422 Y39.668 E225.29965
G1 X179.878 Y39.668 E225.48405
G1 X177.103 Y44.469 E225.66849
G1 X179.878 Y49.272 E225.85298
G1 X185.422 Y49.272 E226.03737
G0 F15000 X185.653 Y49.672
G1 F649.3 X188.655 Y44.469 E226.23717
G1 X185.653 Y39.268 E226.4369
G1 X179.647 Y39.268 E226.63666
G1 X176.641 Y44.469 E226.83646
G1 X179.647 Y49.672 E227.03632
G1 X185.653 Y49.672 E227.23608
G0 F15000 X185.884 Y50.072
;TYPE:WALL-OUTER
G1 F649.3 X189.117 Y44.469 E227.45123
G1 X185.884 Y38.868 E227.66633
G1 X179.416 Y38.868 E227.88146
G1 X176.179 Y44.469 E228.09662
G1 X179.416 Y50.072 E228.31184
G1 X185.884 Y50.072 E228.52697
G0 F15000 X185.333 Y49.063
;MESH:NONMESH
G0 F300 X185.333 Y49.063 Z8.2
G0 F15000 X185.422 Y49.272
;TIME_ELAPSED:510.029633
;LAYER:40
;note -- min layer time used
;TYPE:WALL-INNER
;MESH:WheelAdapter_v6.stl
G1 F649.3 X188.193 Y44.469 E228.7114
G1 X185.422 Y39.668 E228.89577
G1 X179.878 Y39.668 E229.08016
G1 X177.103 Y44.469 E229.2646
G1 X179.878 Y49.272 E229.44909
G1 X185.422 Y49.272 E229.63349
G0 F15000 X185.653 Y49.672
G1 F649.3 X188.655 Y44.469 E229.83328
G1 X185.653 Y39.268 E230.03301
G1 X179.647 Y39.268 E230.23277
G1 X176.641 Y44.469 E230.43257
G1 X179.647 Y49.672 E230.63243
G1 X185.653 Y49.672 E230.83219
G0 F15000 X185.884 Y50.072
;TYPE:WALL-OUTER
G1 F649.3 X189.117 Y44.469 E231.04734
G1 X185.884 Y38.868 E231.26244
G1 X179.416 Y38.868 E231.47757
G1 X176.179 Y44.469 E231.69273
G1 X179.416 Y50.072 E231.90795
G1 X185.884 Y50.072 E232.12308
G0 F15000 X185.333 Y49.063
;MESH:NONMESH
G0 F300 X185.333 Y49.063 Z8.4
G0 F15000 X185.422 Y49.272
;TIME_ELAPSED:520.315361
;LAYER:41
;note -- min layer time used
;TYPE:WALL-INNER
;MESH:WheelAdapter_v6.stl
G1 F649.3 X188.193 Y44.469 E232.30751
G1 X185.422 Y39.668 E232.49188
G1 X179.878 Y39.668 E232.67627
G1 X177.103 Y44.469 E232.86071
G1 X179.878 Y49.272 E233.0452
G1 X185.422 Y49.272 E233.2296
G0 F15000 X185.653 Y49.672
G1 F649.3 X188.655 Y44.469 E233.42939
G1 X185.653 Y39.268 E233.62912
G1 X179.647 Y39.268 E233.82888
G1 X176.641 Y44.469 E234.02868
G1 X179.647 Y49.672 E234.22854
G1 X185.653 Y49.672 E234.4283
G0 F15000 X185.884 Y50.072
;TYPE:WALL-OUTER
G1 F649.3 X189.117 Y44.469 E234.64346
G1 X185.884 Y38.868 E234.85855
G1 X179.416 Y38.868 E235.07368
G1 X176.179 Y44.469 E235.28884
G1 X179.416 Y50.072 E235.50406
G1 X185.884 Y50.072 E235.71919
G0 F15000 X185.333 Y49.063
;MESH:NONMESH
G0 F300 X185.333 Y49.063 Z8.6
G0 F15000 X185.422 Y49.272
;TIME_ELAPSED:530.601088
;LAYER:42
;note -- min layer time used
;TYPE:WALL-INNER
;MESH:WheelAdapter_v6.stl
G1 F649.3 X188.193 Y44.469 E235.90362
G1 X185.422 Y39.668 E236.08799
G1 X179.878 Y39.668 E236.27238
G1 X177.103 Y44.469 E236.45682
G1 X179.878 Y49.272 E236.64131
G1 X185.422 Y49.272 E236.82571
G0 F15000 X185.653 Y49.672
G1 F649.3 X188.655 Y44.469 E237.0255
G1 X185.653 Y39.268 E237.22523
G1 X179.647 Y39.268 E237.42499
G1 X176.641 Y44.469 E237.62479
G1 X179.647 Y49.672 E237.82465
G1 X185.653 Y49.672 E238.02441
G0 F15000 X185.884 Y50.072
;TYPE:WALL-OUTER
G1 F649.3 X189.117 Y44.469 E238.23957
G1 X185.884 Y38.868 E238.45466
G1 X179.416 Y38.868 E238.66979
G1 X176.179 Y44.469 E238.88495
G1 X179.416 Y50.072 E239.10018
G1 X185.884 Y50.072 E239.3153
G0 F15000 X185.333 Y49.063
;MESH:NONMESH
G0 F300 X185.333 Y49.063 Z8.8
G0 F15000 X185.422 Y49.272
;TIME_ELAPSED:540.886815
;LAYER:43
;note -- min layer time used
;TYPE:WALL-INNER
;MESH:WheelAdapter_v6.stl
G1 F649.3 X188.193 Y44.469 E239.49973
G1 X185.422 Y39.668 E239.6841
G1 X179.878 Y39.668 E239.86849
G1 X177.103 Y44.469 E240.05293
G1 X179.878 Y49.272 E240.23743
G1 X185.422 Y49.272 E240.42182
G0 F15000 X185.653 Y49.672
G1 F649.3 X188.655 Y44.469 E240.62161
G1 X185.653 Y39.268 E240.82135
G1 X179.647 Y39.268 E241.02111
G1 X176.641 Y44.469 E241.22091
G1 X179.647 Y49.672 E241.42076
G1 X185.653 Y49.672 E241.62052
G0 F15000 X185.884 Y50.072
;TYPE:WALL-OUTER
G1 F649.3 X189.117 Y44.469 E241.83568
G1 X185.884 Y38.868 E242.05078
G1 X179.416 Y38.868 E242.2659
G1 X176.179 Y44.469 E242.48107
G1 X179.416 Y50.072 E242.69629
G1 X185.884 Y50.072 E242.91141
G0 F15000 X185.333 Y49.063
;MESH:NONMESH
G0 F300 X185.333 Y49.063 Z9
G0 F15000 X185.422 Y49.272
;TIME_ELAPSED:551.172543
;LAYER:44
;note -- min layer time used
;TYPE:WALL-INNER
;MESH:WheelAdapter_v6.stl
G1 F649.3 X188.193 Y44.469 E243.09584
G1 X185.422 Y39.668 E243.28021
G1 X179.878 Y39.668 E243.46461
G1 X177.103 Y44.469 E243.64904
G1 X179.878 Y49.272 E243.83354
G1 X185.422 Y49.272 E244.01793
G0 F15000 X185.653 Y49.672
G1 F649.3 X188.655 Y44.469 E244.21772
G1 X185.653 Y39.268 E244.41746
G1 X179.647 Y39.268 E244.61722
G1 X176.641 Y44.469 E244.81702
G1 X179.647 Y49.672 E245.01688
G1 X185.653 Y49.672 E245.21664
G0 F15000 X185.884 Y50.072
;TYPE:WALL-OUTER
G1 F649.3 X189.117 Y44.469 E245.43179
G1 X185.884 Y38.868 E245.64689
G1 X179.416 Y38.868 E245.86201
G1 X176.179 Y44.469 E246.07718
G1 X179.416 Y50.072 E246.2924
G1 X185.884 Y50.072 E246.50752
G0 F15000 X185.333 Y49.063
;MESH:NONMESH
G0 F300 X185.333 Y49.063 Z9.2
G0 F15000 X185.422 Y49.272
;TIME_ELAPSED:561.458270
;LAYER:45
;note -- min layer time used
;TYPE:WALL-INNER
;MESH:WheelAdapter_v6.stl
G1 F649.3 X188.193 Y44.469 E246.69195
G1 X185.422 Y39.668 E246.87632
G1 X179.878 Y39.668 E247.06072
G1 X177.103 Y44.469 E247.24515
G1 X179.878 Y49.272 E247.42965
G1 X185.422 Y49.272 E247.61404
G0 F15000 X185.653 Y49.672
G1 F649.3 X188.655 Y44.469 E247.81383
G1 X185.653 Y39.268 E248.01357
G1 X179.647 Y39.268 E248.21333
G1 X176.641 Y44.469 E248.41313
G1 X179.647 Y49.672 E248.61299
G1 X185.653 Y49.672 E248.81275
G0 F15000 X185.884 Y50.072
;TYPE:WALL-OUTER
G1 F649.3 X189.117 Y44.469 E249.0279
G1 X185.884 Y38.868 E249.243
G1 X179.416 Y38.868 E249.45813
G1 X176.179 Y44.469 E249.67329
G1 X179.416 Y50.072 E249.88851
G1 X185.884 Y50.072 E250.10364
G0 F15000 X185.333 Y49.063
;MESH:NONMESH
G0 F300 X185.333 Y49.063 Z9.4
G0 F15000 X185.422 Y49.272
;TIME_ELAPSED:571.743997
;LAYER:46
;note -- min layer time used
;TYPE:WALL-INNER
;MESH:WheelAdapter_v6.stl
G1 F649.3 X188.193 Y44.469 E250.28806
G1 X185.422 Y39.668 E250.47244
G1 X179.878 Y39.668 E250.65683
G1 X177.103 Y44.469 E250.84127
G1 X179.878 Y49.272 E251.02576
G1 X185.422 Y49.272 E251.21016
G0 F15000 X185.653 Y49.672
G1 F649.3 X188.655 Y44.469 E251.40995
G1 X185.653 Y39.268 E251.60968
G1 X179.647 Y39.268 E251.80944
G1 X176.641 Y44.469 E252.00924
G1 X179.647 Y49.672 E252.2091
G1 X185.653 Y49.672 E252.40886
G0 F15000 X185.884 Y50.072
;TYPE:WALL-OUTER
G1 F649.3 X189.117 Y44.469 E252.62401
G1 X185.884 Y38.868 E252.83911
G1 X179.416 Y38.868 E253.05424
G1 X176.179 Y44.469 E253.2694
G1 X179.416 Y50.072 E253.48462
G1 X185.884 Y50.072 E253.69975
G0 F15000 X185.333 Y49.063
;MESH:NONMESH
G0 F300 X185.333 Y49.063 Z9.6
G0 F15000 X185.422 Y49.272
;TIME_ELAPSED:582.029725
;LAYER:47
;note -- min layer time used
;TYPE:WALL-INNER
;MESH:WheelAdapter_v6.stl
G1 F660.1 X188.193 Y44.469 E253.88418
G1 X185.422 Y39.668 E254.06855
G1 X179.878 Y39.668 E254.25294
G1 X177.103 Y44.469 E254.43738
G1 X179.878 Y49.272 E254.62187
G1 X185.422 Y49.272 E254.80627
G0 F15000 X185.653 Y49.672
G1 F660.1 X188.655 Y44.469 E255.00606
G1 X185.653 Y39.268 E255.20579
G1 X179.647 Y39.268 E255.40555
G1 X176.641 Y44.469 E255.60535
G1 X179.647 Y49.672 E255.80521
G1 X185.653 Y49.672 E256.00497
G0 F15000 X185.884 Y50.072
;TYPE:WALL-OUTER
G1 F660.1 X189.117 Y44.469 E256.22012
G1 X185.884 Y38.868 E256.43522
G1 X179.416 Y38.868 E256.65035
G1 X176.179 Y44.469 E256.86551
G1 X179.416 Y50.072 E257.08073
G1 X185.884 Y50.072 E257.29586
G0 F15000 X185.714 Y49.777
G0 X187.998 Y44.647
;TYPE:FILL
G1 F660.1 X188.063 Y44.404 E257.30423
G0 F15000 X180.137 Y39.747
G1 F660.1 X179.885 Y39.815 E257.31291
G0 F15000 X179.819 Y49.011
G1 F660.1 X180 Y49.192 E257.32142
G0 F15000 X180 Y49.063
;MESH:NONMESH
G0 F300 X180 Y49.063 Z9.8
G0 F15000 X185.422 Y49.272
;TIME_ELAPSED:593.080332
;LAYER:48
;note -- min layer time used
;TYPE:WALL-INNER
;MESH:WheelAdapter_v6.stl
G1 F673.2 X188.193 Y44.469 E257.50585
G1 X185.422 Y39.668 E257.69022
G1 X179.878 Y39.668 E257.87461
G1 X177.103 Y44.469 E258.05905
G1 X179.878 Y49.272 E258.24355
G1 X185.422 Y49.272 E258.42794
G0 F15000 X185.653 Y49.672
G1 F673.2 X188.655 Y44.469 E258.62773
G1 X185.653 Y39.268 E258.82746
G1 X179.647 Y39.268 E259.02722
G1 X176.641 Y44.469 E259.22703
G1 X179.647 Y49.672 E259.42688
G1 X185.653 Y49.672 E259.62664
G0 F15000 X185.884 Y50.072
;TYPE:WALL-OUTER
G1 F673.2 X189.117 Y44.469 E259.8418
G1 X185.884 Y38.868 E260.05689
G1 X179.416 Y38.868 E260.27202
G1 X176.179 Y44.469 E260.48718
G1 X179.416 Y50.072 E260.70241
G1 X185.884 Y50.072 E260.91753
G0 F15000 X185.714 Y49.777
G0 X187.726 Y45.119
;TYPE:FILL
G1 F673.2 X187.964 Y44.232 E260.94808
G0 F15000 X180.682 Y39.747
G1 F673.2 X179.786 Y39.988 E260.97894
G0 F15000 X179.546 Y48.539
G1 F673.2 X180.199 Y49.192 E261.00965
G0 F15000 X180.199 Y49.063
;MESH:NONMESH
G0 F300 X180.199 Y49.063 Z10
G0 F15000 X185.422 Y49.272
;TIME_ELAPSED:604.086341
;LAYER:49
;note -- min layer time used
;TYPE:WALL-INNER
;MESH:WheelAdapter_v6.stl
G1 F684.8 X188.193 Y44.469 E261.19408
G1 X185.422 Y39.668 E261.37845
G1 X179.878 Y39.668 E261.56285
G1 X177.103 Y44.469 E261.74728
G1 X179.878 Y49.272 E261.93178
G1 X185.422 Y49.272 E262.11617
G0 F15000 X185.653 Y49.672
G1 F684.8 X188.655 Y44.469 E262.31596
G1 X185.653 Y39.268 E262.5157
G1 X179.647 Y39.268 E262.71546
G1 X176.641 Y44.469 E262.91526
G1 X179.647 Y49.672 E263.11512
G1 X185.653 Y49.672 E263.31488
G0 F15000 X185.884 Y50.072
;TYPE:WALL-OUTER
G1 F684.8 X189.117 Y44.469 E263.53003
G1 X185.884 Y38.868 E263.74513
G1 X179.416 Y38.868 E263.96025
G1 X176.179 Y44.469 E264.17542
G1 X179.416 Y50.072 E264.39064
G1 X185.884 Y50.072 E264.60576
G0 F15000 X185.714 Y49.777
G0 X187.451 Y45.595
;TYPE:FILL
G1 F684.8 X187.863 Y44.058 E264.65869
G0 F15000 X181.231 Y39.747
G1 F684.8 X179.685 Y40.162 E264.71193
G0 F15000 X179.271 Y48.063
G1 F684.8 X180.4 Y49.192 E264.76504
G0 F15000 X180.4 Y49.063
;MESH:NONMESH
G0 F300 X180.4 Y49.063 Z10.2
G0 F15000 X185.422 Y49.272
;TIME_ELAPSED:615.067717
;LAYER:50
;note -- min layer time used
;TYPE:WALL-INNER
;MESH:WheelAdapter_v6.stl
G1 F696.4 X188.193 Y44.469 E264.94946
G1 X185.422 Y39.668 E265.13383
G1 X179.878 Y39.668 E265.31823
G1 X177.103 Y44.469 E265.50267
G1 X179.878 Y49.272 E265.68716
G1 X185.422 Y49.272 E265.87155
G0 F15000 X185.653 Y49.672
G1 F696.4 X188.655 Y44.469 E266.07135
G1 X185.653 Y39.268 E266.27108
G1 X179.647 Y39.268 E266.47084
G1 X176.641 Y44.469 E266.67064
G1 X179.647 Y49.672 E266.8705
G1 X185.653 Y49.672 E267.07026
G0 F15000 X185.884 Y50.072
;TYPE:WALL-OUTER
G1 F696.4 X189.117 Y44.469 E267.28541
G1 X185.884 Y38.868 E267.50051
G1 X179.416 Y38.868 E267.71564
G1 X176.179 Y44.469 E267.9308
G1 X179.416 Y50.072 E268.14602
G1 X185.884 Y50.072 E268.36115
G0 F15000 X185.714 Y49.777
G0 X187.179 Y46.066
;TYPE:FILL
G1 F696.4 X187.764 Y43.885 E268.43625
G0 F15000 X181.775 Y39.747
G1 F696.4 X179.585 Y40.334 E268.51166
G0 F15000 X178.998 Y47.59
G1 F696.4 X180.599 Y49.192 E268.58699
G0 F15000 X180.599 Y49.063
;MESH:NONMESH
G0 F300 X180.599 Y49.063 Z10.4
G0 F15000 X185.422 Y49.272
;TIME_ELAPSED:626.023409
;LAYER:51
;note -- min layer time used
;TYPE:WALL-INNER
;MESH:WheelAdapter_v6.stl
G1 F708 X188.193 Y44.469 E268.77142
G1 X185.422 Y39.668 E268.95579
G1 X179.878 Y39.668 E269.14018
G1 X177.103 Y44.469 E269.32462
G1 X179.878 Y49.272 E269.50912
G1 X185.422 Y49.272 E269.69351
G0 F15000 X185.653 Y49.672
G1 F708 X188.655 Y44.469 E269.8933
G1 X185.653 Y39.268 E270.09304
G1 X179.647 Y39.268 E270.2928
G1 X176.641 Y44.469 E270.4926
G1 X179.647 Y49.672 E270.69245
G1 X185.653 Y49.672 E270.89221
G0 F15000 X185.884 Y50.072
;TYPE:WALL-OUTER
G1 F708 X189.117 Y44.469 E271.10737
G1 X185.884 Y38.868 E271.32247
G1 X179.416 Y38.868 E271.53759
G1 X176.179 Y44.469 E271.75276
G1 X179.416 Y50.072 E271.96798
G1 X185.884 Y50.072 E272.1831
G0 F15000 X185.714 Y49.777
G0 X186.907 Y46.538
;TYPE:FILL
G1 F708 X187.664 Y43.712 E272.28041
G0 F15000 X182.32 Y39.748
G1 F708 X179.486 Y40.507 E272.37799
G0 F15000 X178.725 Y47.118
G1 F708 X180.799 Y49.192 E272.47555
G0 F15000 X180.799 Y49.063
;MESH:NONMESH
G0 F300 X180.799 Y49.063 Z10.6
G0 F15000 X185.422 Y49.272
;TIME_ELAPSED:636.951826
;LAYER:52
;note -- min layer time used
;TYPE:WALL-INNER
;MESH:WheelAdapter_v6.stl
G1 F719.6 X188.193 Y44.469 E272.65997
G1 X185.422 Y39.668 E272.84434
G1 X179.878 Y39.668 E273.02874
G1 X177.103 Y44.469 E273.21318
G1 X179.878 Y49.272 E273.39767
G1 X185.422 Y49.272 E273.58206
G0 F15000 X185.653 Y49.672
G1 F719.6 X188.655 Y44.469 E273.78186
G1 X185.653 Y39.268 E273.98159
G1 X179.647 Y39.268 E274.18135
G1 X176.641 Y44.469 E274.38115
G1 X179.647 Y49.672 E274.58101
G1 X185.653 Y49.672 E274.78077
G0 F15000 X185.884 Y50.072
;TYPE:WALL-OUTER
G1 F719.6 X189.117 Y44.469 E274.99592
G1 X185.884 Y38.868 E275.21102
G1 X179.416 Y38.868 E275.42615
G1 X176.179 Y44.469 E275.64131
G1 X179.416 Y50.072 E275.85653
G1 X185.884 Y50.072 E276.07166
G0 F15000 X185.714 Y49.777
G0 X186.632 Y47.013
;TYPE:FILL
G1 F719.6 X187.563 Y43.539 E276.19128
G0 F15000 X182.869 Y39.748
G1 F719.6 X179.385 Y40.681 E276.31124
G0 F15000 X178.45 Y46.643
G1 F719.6 X181 Y49.192 E276.43116
G0 F15000 X181 Y49.063
;MESH:NONMESH
G0 F300 X181 Y49.063 Z10.8
G0 F15000 X185.422 Y49.272
;TIME_ELAPSED:647.850966
;LAYER:53
;note -- min layer time used
;TYPE:WALL-INNER
;MESH:WheelAdapter_v6.stl
G1 F731.2 X188.193 Y44.469 E276.61559
G1 X185.422 Y39.668 E276.79996
G1 X179.878 Y39.668 E276.98436
G1 X177.103 Y44.469 E277.16879
G1 X179.878 Y49.272 E277.35329
G1 X185.422 Y49.272 E277.53768
G0 F15000 X185.653 Y49.672
G1 F731.2 X188.655 Y44.469 E277.73747
G1 X185.653 Y39.268 E277.93721
G1 X179.647 Y39.268 E278.13697
G1 X176.641 Y44.469 E278.33677
G1 X179.647 Y49.672 E278.53662
G1 X185.653 Y49.672 E278.73639
G0 F15000 X185.884 Y50.072
;TYPE:WALL-OUTER
G1 F731.2 X189.117 Y44.469 E278.95154
G1 X185.884 Y38.868 E279.16664
G1 X179.416 Y38.868 E279.38176
G1 X176.179 Y44.469 E279.59693
G1 X179.416 Y50.072 E279.81215
G1 X185.884 Y50.072 E280.02727
G0 F15000 X185.714 Y49.777
G0 X186.36 Y47.486
;TYPE:FILL
G1 F731.2 X187.464 Y43.366 E280.16914
G0 F15000 X183.413 Y39.748
G1 F731.2 X179.286 Y40.854 E280.31125
G0 F15000 X178.177 Y46.171
G1 F731.2 X181.199 Y49.192 E280.45337
G0 F15000 X181.199 Y49.063
;MESH:NONMESH
G0 F300 X181.199 Y49.063 Z11
G0 F15000 X185.422 Y49.272
;TIME_ELAPSED:658.718862
;LAYER:54
;note -- min layer time used
;TYPE:WALL-INNER
;MESH:WheelAdapter_v6.stl
G1 F742.8 X188.193 Y44.469 E280.6378
G1 X185.422 Y39.668 E280.82217
G1 X179.878 Y39.668 E281.00656
G1 X177.103 Y44.469 E281.191
G1 X179.878 Y49.272 E281.3755
G1 X185.422 Y49.272 E281.55989
G0 F15000 X185.653 Y49.672
G1 F742.8 X188.655 Y44.469 E281.75968
G1 X185.653 Y39.268 E281.95941
G1 X179.647 Y39.268 E282.15917
G1 X176.641 Y44.469 E282.35898
G1 X179.647 Y49.672 E282.55883
G1 X185.653 Y49.672 E282.75859
G0 F15000 X185.884 Y50.072
;TYPE:WALL-OUTER
G1 F742.8 X189.117 Y44.469 E282.97375
G1 X185.884 Y38.868 E283.18884
G1 X179.416 Y38.868 E283.40397
G1 X176.179 Y44.469 E283.61913
G1 X179.416 Y50.072 E283.83436
G1 X185.884 Y50.072 E284.04948
G0 F15000 X185.714 Y49.777
G0 X186.086 Y47.961
;TYPE:FILL
G1 F742.8 X187.363 Y43.192 E284.21369
G0 F15000 X183.962 Y39.748
G1 F742.8 X179.184 Y41.028 E284.37821
G0 F15000 X177.902 Y45.695
G1 F742.8 X181.4 Y49.192 E284.54272
G0 F15000 X181.4 Y49.063
;MESH:NONMESH
G0 F300 X181.4 Y49.063 Z11.2
G0 F15000 X185.422 Y49.272
;TIME_ELAPSED:669.552475
;LAYER:55
;note -- min layer time used
;TYPE:WALL-INNER
;MESH:WheelAdapter_v6.stl
G1 F754.3 X188.193 Y44.469 E284.72715
G1 X185.422 Y39.668 E284.91152
G1 X179.878 Y39.668 E285.09591
G1 X177.103 Y44.469 E285.28035
G1 X179.878 Y49.272 E285.46484
G1 X185.422 Y49.272 E285.64924
G0 F15000 X185.653 Y49.672
G1 F754.3 X188.655 Y44.469 E285.84903
G1 X185.653 Y39.268 E286.04876
G1 X179.647 Y39.268 E286.24852
G1 X176.641 Y44.469 E286.44832
G1 X179.647 Y49.672 E286.64818
G1 X185.653 Y49.672 E286.84794
G0 F15000 X185.884 Y50.072
;TYPE:WALL-OUTER
G1 F754.3 X189.117 Y44.469 E287.0631
G1 X185.884 Y38.868 E287.27819
G1 X179.416 Y38.868 E287.49332
G1 X176.179 Y44.469 E287.70848
G1 X179.416 Y50.072 E287.92371
G1 X185.884 Y50.072 E288.13883
G0 F15000 X185.714 Y49.777
G0 X185.813 Y48.432
;TYPE:FILL
G1 F754.3 X187.264 Y43.019 E288.32522
G0 F15000 X184.506 Y39.748
G1 F754.3 X179.085 Y41.2 E288.51188
G0 F15000 X177.629 Y45.222
G1 F754.3 X181.599 Y49.192 E288.69862
G0 F15000 X181.599 Y49.063
;MESH:NONMESH
G0 F300 X181.599 Y49.063 Z11.4
G0 F15000 X185.422 Y49.272
;TIME_ELAPSED:680.348542
;LAYER:56
;note -- min layer time used
;TYPE:WALL-INNER
;MESH:WheelAdapter_v6.stl
G1 F766 X188.193 Y44.469 E288.88305
G1 X185.422 Y39.668 E289.06742
G1 X179.878 Y39.668 E289.25181
G1 X177.103 Y44.469 E289.43625
G1 X179.878 Y49.272 E289.62074
G1 X185.422 Y49.272 E289.80514
G0 F15000 X185.653 Y49.672
G1 F766 X188.655 Y44.469 E290.00493
G1 X185.653 Y39.268 E290.20466
G1 X179.647 Y39.268 E290.40442
G1 X176.641 Y44.469 E290.60422
G1 X179.647 Y49.672 E290.80408
G1 X185.653 Y49.672 E291.00384
G0 F15000 X185.884 Y50.072
;TYPE:WALL-OUTER
G1 F766 X189.117 Y44.469 E291.219
G1 X185.884 Y38.868 E291.43409
G1 X179.416 Y38.868 E291.64922
G1 X176.179 Y44.469 E291.86438
G1 X179.416 Y50.072 E292.07961
G1 X185.884 Y50.072 E292.29473
G0 F15000 X185.714 Y49.777
G0 X185.539 Y48.907
;TYPE:FILL
G1 F766 X187.163 Y42.845 E292.50346
G0 F15000 X185.055 Y39.748
G1 F766 X178.984 Y41.374 E292.7125
G0 F15000 X177.355 Y44.747
G1 F766 X181.8 Y49.192 E292.92158
G0 F15000 X181.8 Y49.063
;MESH:NONMESH
G0 F300 X181.8 Y49.063 Z11.6
G0 F15000 X185.422 Y49.272
;TIME_ELAPSED:691.107162
;LAYER:57
;note -- min layer time used
;TYPE:WALL-INNER
;MESH:WheelAdapter_v6.stl
G1 F774.1 X188.193 Y44.469 E293.10601
G1 X185.422 Y39.668 E293.29038
G1 X179.878 Y39.668 E293.47478
G1 X177.103 Y44.469 E293.65921
G1 X179.878 Y49.272 E293.84371
G1 X185.422 Y49.272 E294.0281
G0 F15000 X185.653 Y49.672
G1 F774.1 X188.655 Y44.469 E294.22789
G1 X185.653 Y39.268 E294.42763
G1 X179.647 Y39.268 E294.62739
G1 X176.641 Y44.469 E294.82719
G1 X179.647 Y49.672 E295.02705
G1 X185.653 Y49.672 E295.22681
G0 F15000 X185.884 Y50.072
;TYPE:WALL-OUTER
G1 F774.1 X189.117 Y44.469 E295.44196
G1 X185.884 Y38.868 E295.65706
G1 X179.416 Y38.868 E295.87218
G1 X176.179 Y44.469 E296.08735
G1 X179.416 Y50.072 E296.30257
G1 X185.884 Y50.072 E296.51769
G0 F15000 X185.714 Y49.777
G0 X185.317 Y49.193
;TYPE:FILL
G1 F774.1 X187.064 Y42.673 E296.7422
G0 F15000 X185.405 Y39.8
G1 F774.1 X178.884 Y41.547 E296.96674
G0 F15000 X177.224 Y44.417
G1 F774.1 X181.999 Y49.192 E297.19134
G0 F15000 X181.999 Y49.063
;MESH:NONMESH
G0 F300 X181.999 Y49.063 Z11.8
G0 F15000 X185.422 Y49.272
;TIME_ELAPSED:701.841072
;LAYER:58
;note -- min layer time used
;TYPE:WALL-INNER
;MESH:WheelAdapter_v6.stl
G1 F777.1 X188.193 Y44.469 E297.37577
G1 X185.422 Y39.668 E297.56014
G1 X179.878 Y39.668 E297.74453
G1 X177.103 Y44.469 E297.92897
G1 X179.878 Y49.272 E298.11346
G1 X185.422 Y49.272 E298.29786
G0 F15000 X185.653 Y49.672
G1 F777.1 X188.655 Y44.469 E298.49765
G1 X185.653 Y39.268 E298.69738
G1 X179.647 Y39.268 E298.89714
G1 X176.641 Y44.469 E299.09694
G1 X179.647 Y49.672 E299.2968
G1 X185.653 Y49.672 E299.49656
G0 F15000 X185.884 Y50.072
;TYPE:WALL-OUTER
G1 F777.1 X189.117 Y44.469 E299.71172
G1 X185.884 Y38.868 E299.92681
G1 X179.416 Y38.868 E300.14194
G1 X176.179 Y44.469 E300.3571
G1 X179.416 Y50.072 E300.57232
G1 X185.884 Y50.072 E300.78745
G0 F15000 X185.714 Y49.777
G0 X185.171 Y49.192
;TYPE:FILL
G1 F777.1 X186.964 Y42.5 E301.01788
G0 F15000 X185.479 Y39.926
G1 F777.1 X178.785 Y41.72 E301.24838
G0 F15000 X177.297 Y44.29
G1 F777.1 X182.199 Y49.192 E301.47895
G0 F15000 X182.199 Y49.063
;MESH:NONMESH
G0 F300 X182.199 Y49.063 Z12
G0 F15000 X185.422 Y49.272
;TIME_ELAPSED:712.560892
;LAYER:59
;note -- min layer time used
;TYPE:WALL-INNER
;MESH:WheelAdapter_v6.stl
G1 F780.1 X188.193 Y44.469 E301.66338
G1 X185.422 Y39.668 E301.84775
G1 X179.878 Y39.668 E302.03215
G1 X177.103 Y44.469 E302.21658
G1 X179.878 Y49.272 E302.40108
G1 X185.422 Y49.272 E302.58547
G0 F15000 X185.653 Y49.672
G1 F780.1 X188.655 Y44.469 E302.78526
G1 X185.653 Y39.268 E302.985
G1 X179.647 Y39.268 E303.18476
G1 X176.641 Y44.469 E303.38456
G1 X179.647 Y49.672 E303.58442
G1 X185.653 Y49.672 E303.78418
G0 F15000 X185.884 Y50.072
;TYPE:WALL-OUTER
G1 F780.1 X189.117 Y44.469 E303.99933
G1 X185.884 Y38.868 E304.21443
G1 X179.416 Y38.868 E304.42955
G1 X176.179 Y44.469 E304.64472
G1 X179.416 Y50.072 E304.85994
G1 X185.884 Y50.072 E305.07507
G0 F15000 X185.714 Y49.777
G0 X185.024 Y49.192
;TYPE:FILL
G1 F780.1 X186.863 Y42.326 E305.31148
G0 F15000 X185.552 Y40.053
G1 F780.1 X178.684 Y41.894 E305.54797
G0 F15000 X177.371 Y44.163
G1 F780.1 X182.4 Y49.192 E305.78452
G0 F15000 X182.4 Y49.063
;MESH:NONMESH
G0 F300 X182.4 Y49.063 Z12.2
G0 F15000 X185.422 Y49.272
;TIME_ELAPSED:723.265736
;LAYER:60
;note -- min layer time used
;TYPE:WALL-INNER
;MESH:WheelAdapter_v6.stl
G1 F783.1 X188.193 Y44.469 E305.96895
G1 X185.422 Y39.668 E306.15332
G1 X179.878 Y39.668 E306.33772
G1 X177.103 Y44.469 E306.52215
G1 X179.878 Y49.272 E306.70665
G1 X185.422 Y49.272 E306.89104
G0 F15000 X185.653 Y49.672
G1 F783.1 X188.655 Y44.469 E307.09083
G1 X185.653 Y39.268 E307.29057
G1 X179.647 Y39.268 E307.49033
G1 X176.641 Y44.469 E307.69013
G1 X179.647 Y49.672 E307.88998
G1 X185.653 Y49.672 E308.08975
G0 F15000 X185.884 Y50.072
;TYPE:WALL-OUTER
G1 F783.1 X189.117 Y44.469 E308.3049
G1 X185.884 Y38.868 E308.52
G1 X179.416 Y38.868 E308.73512
G1 X176.179 Y44.469 E308.95029
G1 X179.416 Y50.072 E309.16551
G1 X185.884 Y50.072 E309.38063
G0 F15000 X185.714 Y49.777
G0 X184.878 Y49.192
;TYPE:FILL
G1 F783.1 X186.764 Y42.153 E309.62301
G0 F15000 X185.625 Y40.18
G1 F783.1 X178.585 Y42.066 E309.86542
G0 F15000 X177.444 Y44.037
G1 F783.1 X182.599 Y49.192 E310.10789
G0 F15000 X182.599 Y49.063
;MESH:NONMESH
G0 F300 X182.599 Y49.063 Z12.4
G0 F15000 X185.422 Y49.272
;TIME_ELAPSED:733.954579
;LAYER:61
;note -- min layer time used
;TYPE:WALL-INNER
;MESH:WheelAdapter_v6.stl
G1 F786.1 X188.193 Y44.469 E310.29232
G1 X185.422 Y39.668 E310.47669
G1 X179.878 Y39.668 E310.66109
G1 X177.103 Y44.469 E310.84552
G1 X179.878 Y49.272 E311.03002
G1 X185.422 Y49.272 E311.21441
G0 F15000 X185.653 Y49.672
G1 F786.1 X188.655 Y44.469 E311.4142
G1 X185.653 Y39.268 E311.61394
G1 X179.647 Y39.268 E311.8137
G1 X176.641 Y44.469 E312.0135
G1 X179.647 Y49.672 E312.21336
G1 X185.653 Y49.672 E312.41312
G0 F15000 X185.884 Y50.072
;TYPE:WALL-OUTER
G1 F786.1 X189.117 Y44.469 E312.62827
G1 X185.884 Y38.868 E312.84337
G1 X179.416 Y38.868 E313.05849
G1 X176.179 Y44.469 E313.27366
G1 X179.416 Y50.072 E313.48888
G1 X185.884 Y50.072 E313.70401
G0 F15000 X185.714 Y49.777
G0 X184.731 Y49.192
;TYPE:FILL
G1 F786.1 X186.663 Y41.979 E313.95237
G0 F15000 X185.699 Y40.307
G1 F786.1 X178.483 Y42.24 E314.20083
G0 F15000 X177.518 Y43.91
G1 F786.1 X182.8 Y49.192 E314.44928
G0 F15000 X182.8 Y49.063
;MESH:NONMESH
G0 F300 X182.8 Y49.063 Z12.6
G0 F15000 X185.422 Y49.272
;TIME_ELAPSED:744.626249
;LAYER:62
;note -- min layer time used
;TYPE:WALL-INNER
;MESH:WheelAdapter_v6.stl
G1 F789 X188.193 Y44.469 E314.63371
G1 X185.422 Y39.668 E314.81808
G1 X179.878 Y39.668 E315.00248
G1 X177.103 Y44.469 E315.18691
G1 X179.878 Y49.272 E315.37141
G1 X185.422 Y49.272 E315.5558
G0 F15000 X185.653 Y49.672
G1 F789 X188.655 Y44.469 E315.75559
G1 X185.653 Y39.268 E315.95533
G1 X179.647 Y39.268 E316.15509
G1 X176.641 Y44.469 E316.35489
G1 X179.647 Y49.672 E316.55475
G1 X185.653 Y49.672 E316.75451
G0 F15000 X185.884 Y50.072
;TYPE:WALL-OUTER
G1 F789 X189.117 Y44.469 E316.96966
G1 X185.884 Y38.868 E317.18476
G1 X179.416 Y38.868 E317.39988
G1 X176.179 Y44.469 E317.61505
G1 X179.416 Y50.072 E317.83027
G1 X185.884 Y50.072 E318.0454
G0 F15000 X185.714 Y49.777
G0 X184.585 Y49.192
;TYPE:FILL
G1 F789 X186.564 Y41.807 E318.29969
G0 F15000 X185.771 Y40.434
G1 F789 X178.384 Y42.413 E318.55404
G0 F15000 X177.591 Y43.783
G1 F789 X182.999 Y49.192 E318.80844
G0 F15000 X182.999 Y49.063
;MESH:NONMESH
G0 F300 X182.999 Y49.063 Z12.8
G0 F15000 X185.422 Y49.272
;TIME_ELAPSED:755.279883
;LAYER:63
;note -- min layer time used
;TYPE:WALL-INNER
;MESH:WheelAdapter_v6.stl
G1 F792 X188.193 Y44.469 E318.99287
G1 X185.422 Y39.668 E319.17724
G1 X179.878 Y39.668 E319.36164
G1 X177.103 Y44.469 E319.54607
G1 X179.878 Y49.272 E319.73057
G1 X185.422 Y49.272 E319.91496
G0 F15000 X185.653 Y49.672
G1 F792 X188.655 Y44.469 E320.11475
G1 X185.653 Y39.268 E320.31449
G1 X179.647 Y39.268 E320.51425
G1 X176.641 Y44.469 E320.71405
G1 X179.647 Y49.672 E320.91391
G1 X185.653 Y49.672 E321.11367
G0 F15000 X185.884 Y50.072
;TYPE:WALL-OUTER
G1 F792 X189.117 Y44.469 E321.32882
G1 X185.884 Y38.868 E321.54392
G1 X179.416 Y38.868 E321.75904
G1 X176.179 Y44.469 E321.97421
G1 X179.416 Y50.072 E322.18943
G1 X185.884 Y50.072 E322.40456
G0 F15000 X185.714 Y49.777
G0 X184.439 Y49.192
;TYPE:FILL
G1 F792 X186.464 Y41.634 E322.6648
G0 F15000 X185.844 Y40.56
G1 F792 X178.284 Y42.586 E322.92512
G0 F15000 X177.663 Y43.657
G1 F792 X183.199 Y49.192 E323.18549
G0 F15000 X183.199 Y49.063
;MESH:NONMESH
G0 F300 X183.199 Y49.063 Z13
G0 F15000 X185.422 Y49.272
;TIME_ELAPSED:765.912615
;LAYER:64
;note -- min layer time used
;TYPE:WALL-INNER
;MESH:WheelAdapter_v6.stl
G1 F795.1 X188.193 Y44.469 E323.36992
G1 X185.422 Y39.668 E323.55429
G1 X179.878 Y39.668 E323.73869
G1 X177.103 Y44.469 E323.92312
G1 X179.878 Y49.272 E324.10762
G1 X185.422 Y49.272 E324.29201
G0 F15000 X185.653 Y49.672
G1 F795.1 X188.655 Y44.469 E324.4918
G1 X185.653 Y39.268 E324.69154
G1 X179.647 Y39.268 E324.8913
G1 X176.641 Y44.469 E325.0911
G1 X179.647 Y49.672 E325.29096
G1 X185.653 Y49.672 E325.49072
G0 F15000 X185.884 Y50.072
;TYPE:WALL-OUTER
G1 F795.1 X189.117 Y44.469 E325.70587
G1 X185.884 Y38.868 E325.92097
G1 X179.416 Y38.868 E326.13609
G1 X176.179 Y44.469 E326.35126
G1 X179.416 Y50.072 E326.56648
G1 X185.884 Y50.072 E326.78161
G0 F15000 X185.714 Y49.777
G0 X184.292 Y49.192
;TYPE:FILL
G1 F795.1 X186.364 Y41.46 E327.04785
G0 F15000 X185.918 Y40.687
G1 F795.1 X178.183 Y42.76 E327.31419
G0 F15000 X177.737 Y43.529
G1 F795.1 X183.399 Y49.192 E327.58054
G0 F15000 X183.399 Y49.063
;MESH:NONMESH
G0 F300 X183.399 Y49.063 Z13.2
G0 F15000 X185.422 Y49.272
;TIME_ELAPSED:776.520248
;LAYER:65
;note -- min layer time used
;TYPE:WALL-INNER
;MESH:WheelAdapter_v6.stl
G1 F798 X188.193 Y44.469 E327.76497
G1 X185.422 Y39.668 E327.94934
G1 X179.878 Y39.668 E328.13373
G1 X177.103 Y44.469 E328.31817
G1 X179.878 Y49.272 E328.50266
G1 X185.422 Y49.272 E328.68706
G0 F15000 X185.653 Y49.672
G1 F798 X188.655 Y44.469 E328.88685
G1 X185.653 Y39.268 E329.08658
G1 X179.647 Y39.268 E329.28634
G1 X176.641 Y44.469 E329.48614
G1 X179.647 Y49.672 E329.686
G1 X185.653 Y49.672 E329.88576
G0 F15000 X185.884 Y50.072
;TYPE:WALL-OUTER
G1 F798 X189.117 Y44.469 E330.10092
G1 X185.884 Y38.868 E330.31601
G1 X179.416 Y38.868 E330.53114
G1 X176.179 Y44.469 E330.7463
G1 X179.416 Y50.072 E330.96152
G1 X185.884 Y50.072 E331.17665
G0 F15000 X185.714 Y49.777
G0 X184.146 Y49.193
;TYPE:FILL
G1 F798 X186.264 Y41.287 E331.44888
G0 F15000 X185.991 Y40.814
G1 F798 X178.084 Y42.932 E331.72114
G0 F15000 X177.81 Y43.404
G1 F798 X183.599 Y49.192 E331.99341
G0 F15000 X183.599 Y49.063
;MESH:NONMESH
G0 F300 X183.599 Y49.063 Z13.4
G0 F15000 X185.422 Y49.272
;TIME_ELAPSED:787.096908
;LAYER:66
;note -- min layer time used
;TYPE:WALL-INNER
;MESH:WheelAdapter_v6.stl
G1 F803.3 X188.193 Y44.469 E332.17784
G1 X185.422 Y39.668 E332.36221
G1 X179.878 Y39.668 E332.5466
G1 X177.103 Y44.469 E332.73104
G1 X179.878 Y49.272 E332.91554
G1 X185.422 Y49.272 E333.09993
G0 F15000 X185.653 Y49.672
G1 F803.3 X188.655 Y44.469 E333.29972
G1 X185.653 Y39.268 E333.49945
G1 X179.647 Y39.268 E333.69921
G1 X176.641 Y44.469 E333.89902
G1 X179.647 Y49.672 E334.09887
G1 X185.653 Y49.672 E334.29863
G0 F15000 X185.884 Y50.072
;TYPE:WALL-OUTER
G1 F803.3 X189.117 Y44.469 E334.51379
G1 X185.884 Y38.868 E334.72888
G1 X179.416 Y38.868 E334.94401
G1 X176.179 Y44.469 E335.15917
G1 X179.416 Y50.072 E335.3744
G1 X185.884 Y50.072 E335.58952
G0 F15000 X185.714 Y49.777
G0 X183.999 Y49.193
;TYPE:FILL
G1 F803.3 X186.163 Y41.114 E335.8677
G1 X186.064 Y40.941
G1 X177.983 Y43.106 E336.14596
G1 X177.884 Y43.276
G1 X183.8 Y49.192 E336.42423
G0 F15000 X183.8 Y49.063
;MESH:NONMESH
G0 F300 X183.8 Y49.063 Z13.6
G0 F15000 X185.422 Y49.272
;TIME_ELAPSED:797.559635
;LAYER:67
;note -- min layer time used
;TYPE:WALL-INNER
;MESH:WheelAdapter_v6.stl
G1 F805.8 X188.193 Y44.469 E336.60866
G1 X185.422 Y39.668 E336.79303
G1 X179.878 Y39.668 E336.97742
G1 X177.103 Y44.469 E337.16186
G1 X179.878 Y49.272 E337.34635
G1 X185.422 Y49.272 E337.53075
G0 F15000 X185.653 Y49.672
G1 F805.8 X188.655 Y44.469 E337.73054
G1 X185.653 Y39.268 E337.93027
G1 X179.647 Y39.268 E338.13003
G1 X176.641 Y44.469 E338.32983
G1 X179.647 Y49.672 E338.52969
G1 X185.653 Y49.672 E338.72945
G0 F15000 X185.884 Y50.072
;TYPE:WALL-OUTER
G1 F805.8 X189.117 Y44.469 E338.9446
G1 X185.884 Y38.868 E339.1597
G1 X179.416 Y38.868 E339.37483
G1 X176.179 Y44.469 E339.58999
G1 X179.416 Y50.072 E339.80521
G1 X185.884 Y50.072 E340.02034
G0 F15000 X185.714 Y49.777
G0 X183.999 Y49.192
;TYPE:FILL
G1 F805.8 X177.957 Y43.15 E340.30454
G1 X177.884 Y43.279
G1 X186.138 Y41.067 E340.58875
G1 X186.064 Y40.941
G1 X183.853 Y49.192 E340.87286
G0 F15000 X183.853 Y49.063
;MESH:NONMESH
G0 F300 X183.853 Y49.063 Z13.8
G0 F15000 X185.422 Y49.272
;TIME_ELAPSED:808.045582
;LAYER:68
;note -- min layer time used
;TYPE:WALL-INNER
;MESH:WheelAdapter_v6.stl
G1 F807.6 X188.193 Y44.469 E341.05729
G1 X185.422 Y39.668 E341.24166
G1 X179.878 Y39.668 E341.42606
G1 X177.103 Y44.469 E341.61049
G1 X179.878 Y49.272 E341.79499
G1 X185.422 Y49.272 E341.97938
G0 F15000 X185.653 Y49.672
G1 F807.6 X188.655 Y44.469 E342.17917
G1 X185.653 Y39.268 E342.37891
G1 X179.647 Y39.268 E342.57867
G1 X176.641 Y44.469 E342.77847
G1 X179.647 Y49.672 E342.97833
G1 X185.653 Y49.672 E343.17809
G0 F15000 X185.884 Y50.072
;TYPE:WALL-OUTER
G1 F807.6 X189.117 Y44.469 E343.39324
G1 X185.884 Y38.868 E343.60834
G1 X179.416 Y38.868 E343.82346
G1 X176.179 Y44.469 E344.03863
G1 X179.416 Y50.072 E344.25385
G1 X185.884 Y50.072 E344.46898
G0 F15000 X185.714 Y49.777
G0 X184.2 Y49.192
;TYPE:FILL
G1 F807.6 X178.03 Y43.022 E344.75919
G0 F15000 X177.782 Y43.453
G1 F807.6 X186.211 Y41.195 E345.04943
G0 F15000 X185.963 Y40.767
G1 F807.6 X183.706 Y49.193 E345.33956
G0 F15000 X183.706 Y49.063
;MESH:NONMESH
G0 F300 X183.706 Y49.063 Z14
G0 F15000 X185.422 Y49.272
;TIME_ELAPSED:818.618514
;LAYER:69
;note -- min layer time used
;TYPE:WALL-INNER
;MESH:WheelAdapter_v6.stl
G1 F811 X188.193 Y44.469 E345.52399
G1 X185.422 Y39.668 E345.70836
G1 X179.878 Y39.668 E345.89275
G1 X177.103 Y44.469 E346.07719
G1 X179.878 Y49.272 E346.26168
G1 X185.422 Y49.272 E346.44608
G0 F15000 X185.653 Y49.672
G1 F811 X188.655 Y44.469 E346.64587
G1 X185.653 Y39.268 E346.8456
G1 X179.647 Y39.268 E347.04536
G1 X176.641 Y44.469 E347.24516
G1 X179.647 Y49.672 E347.44502
G1 X185.653 Y49.672 E347.64478
G0 F15000 X185.884 Y50.072
;TYPE:WALL-OUTER
G1 F811 X189.117 Y44.469 E347.85994
G1 X185.884 Y38.868 E348.07503
G1 X179.416 Y38.868 E348.29016
G1 X176.179 Y44.469 E348.50532
G1 X179.416 Y50.072 E348.72054
G1 X185.884 Y50.072 E348.93567
G0 F15000 X185.714 Y49.777
G0 X184.399 Y49.192
;TYPE:FILL
G1 F811 X178.103 Y42.896 E349.23181
G0 F15000 X177.683 Y43.626
G1 F811 X186.284 Y41.321 E349.52798
G0 F15000 X185.864 Y40.594
G1 F811 X183.56 Y49.192 E349.82404
G0 F15000 X183.56 Y49.063
;MESH:NONMESH
G0 F300 X183.56 Y49.063 Z14.2
G0 F15000 X185.422 Y49.272
;TIME_ELAPSED:829.222638
;LAYER:70
;note -- min layer time used
;TYPE:WALL-INNER
;MESH:WheelAdapter_v6.stl
G1 F1511.9 X188.193 Y44.469 E350.00847
G1 X185.422 Y39.668 E350.19284
G1 X179.878 Y39.668 E350.37723
G1 X177.103 Y44.469 E350.56167
G1 X179.878 Y49.272 E350.74616
G1 X185.422 Y49.272 E350.93056
G0 F15000 X185.653 Y49.672
G1 F1511.9 X188.655 Y44.469 E351.13035
G1 X185.653 Y39.268 E351.33008
G1 X179.647 Y39.268 E351.52984
G1 X176.641 Y44.469 E351.72964
G1 X179.647 Y49.672 E351.9295
G1 X185.653 Y49.672 E352.12926
G0 F15000 X185.884 Y50.072
;TYPE:WALL-OUTER
G1 F1511.9 X189.117 Y44.469 E352.34442
G1 X185.884 Y38.868 E352.55951
G1 X179.416 Y38.868 E352.77464
G1 X176.179 Y44.469 E352.9898
G1 X179.416 Y50.072 E353.20502
G1 X185.884 Y50.072 E353.42015
G0 F15000 X185.714 Y49.777
G0 X185.463 Y48.8
;TYPE:FILL
G1 F1511.9 X184.208 Y48.8 E353.46189
G0 F15000 X184.599 Y49.192
G1 F1511.9 X180.255 Y44.847 E353.66624
G0 F15000 X180.087 Y44.681
G1 F1511.9 X182.623 Y49.072 E353.8349
G0 F15000 X182.161 Y49.072
G1 F1511.9 X178.994 Y43.587 E354.04556
G1 X179.037 Y43.408
G1 X177.583 Y43.799 E354.09563
G1 X177.726 Y43.791
G1 X180.775 Y49.072 E354.29845
G0 F15000 X180.313 Y49.072
G1 F1511.9 X177.495 Y44.191 E354.48591
G0 F15000 X178.11 Y43.658
G1 F1511.9 X181.237 Y49.072 E354.69386
G0 F15000 X183.085 Y49.072
G1 F1511.9 X181.181 Y45.775 E354.82049
G0 F15000 X179.442 Y44.034
G1 F1511.9 X180.255 Y44.847 E354.85873
G1 X184.106 Y46.614 E354.99965
G1 X184.211 Y46.222 E355.01315
G1 X179.442 Y44.034 E355.18767
G1 X178.177 Y42.77 E355.24714
G0 F15000 X178.993 Y41.6
G1 F1511.9 X185.448 Y41.6 E355.46184
G0 F15000 X185.342 Y42
G1 F1511.9 X186.537 Y42 E355.50158
G0 F15000 X186.768 Y42.4
G1 F1511.9 X185.235 Y42.4 E355.55257
G0 F15000 X185.128 Y42.8
G1 F1511.9 X186.999 Y42.8 E355.6148
G0 F15000 X187.229 Y43.2
G1 F1511.9 X185.021 Y43.2 E355.68824
G0 F15000 X184.913 Y43.6
G1 F1511.9 X187.46 Y43.6 E355.77295
G0 F15000 X187.691 Y44
G1 F1511.9 X184.806 Y44 E355.86891
G1 X184.841 Y43.87
G1 X184.736 Y44.262 E355.88241
G1 X184.699 Y44.4
G1 X187.922 Y44.4 E355.9896
G0 F15000 X187.079 Y46
G1 F1511.9 X184.27 Y46 E356.08303
G1 X184.316 Y45.83
G1 X184.211 Y46.222 E356.09653
G0 F15000 X184.106 Y46.614
G1 F1511.9 X183.414 Y49.192 E356.18531
G0 F15000 X183.808 Y48.4
G1 F1511.9 X185.694 Y48.4 E356.24804
G0 F15000 X186.386 Y47.2
G1 F1511.9 X183.948 Y47.2 E356.32913
G0 F15000 X184.526 Y45.046
G1 F1511.9 X184.631 Y44.654 E356.34262
G0 F15000 X182.065 Y42.597
G1 F1511.9 X181.459 Y42.759 E356.36349
G1 X184.736 Y44.262 E356.4834
G1 X184.631 Y44.654 E356.4969
G1 X180.854 Y42.921 E356.63511
G1 X181.459 Y42.759 E356.65594
G0 F15000 X180.854 Y42.921
G1 F1511.9 X180.249 Y43.084 E356.67678
G1 X184.526 Y45.046 E356.83329
G1 X184.316 Y45.83 E356.86029
G1 X179.037 Y43.408 E357.05346
G1 X180.249 Y43.084 E357.09519
G0 F15000 X179.224 Y41.2
G1 F1511.9 X185.555 Y41.2 E357.30576
G0 F15000 X185.663 Y40.8
G1 F1511.9 X179.455 Y40.8 E357.51224
G0 F15000 X179.686 Y40.4
G1 F1511.9 X185.613 Y40.4 E357.70937
G1 X185.764 Y40.422
G1 X184.841 Y43.87 E357.82809
G1 X182.065 Y42.597 E357.92967
G1 X186.357 Y41.447 E358.07745
G0 F15000 X186.244 Y41.511
;MESH:NONMESH
G0 F300 X186.244 Y41.511 Z14.4
G0 F15000 X185.422 Y49.272
;TIME_ELAPSED:842.905752
;LAYER:71
;note -- min layer time used
;TYPE:WALL-INNER
;MESH:WheelAdapter_v6.stl
G1 F1866.1 X188.193 Y44.469 E358.26188
G1 X185.422 Y39.668 E358.44625
G1 X179.878 Y39.668 E358.63065
G1 X177.103 Y44.469 E358.81508
G1 X179.878 Y49.272 E358.99958
G1 X185.422 Y49.272 E359.18397
G0 F15000 X185.653 Y49.672
G1 F1866.1 X188.655 Y44.469 E359.38376
G1 X185.653 Y39.268 E359.5835
G1 X179.647 Y39.268 E359.78326
G1 X176.641 Y44.469 E359.98306
G1 X179.647 Y49.672 E360.18292
G1 X185.653 Y49.672 E360.38268
G0 F15000 X185.884 Y50.072
;TYPE:WALL-OUTER
G1 F1866.1 X189.117 Y44.469 E360.59783
G1 X185.884 Y38.868 E360.81293
G1 X179.416 Y38.868 E361.02805
G1 X176.179 Y44.469 E361.24322
G1 X179.416 Y50.072 E361.45844
G1 X185.884 Y50.072 E361.67356
G1 F1500 E355.17356
G0 F15000 X185.714 Y49.777
G0 X186.485 Y47.068
G0 X183.408 Y45.021
G0 X183.155 Y45.145
G0 X183.312 Y45.357
;TYPE:SKIN
G1 F1500 E361.67356
G1 F1866.1 X183.626 Y44.976 E361.68999
G1 X183.729 Y44.676 E361.70054
G1 X183.728 Y44.26 E361.71437
G1 X183.626 Y43.959 E361.72494
G1 X183.341 Y43.618 E361.73972
G1 X183.08 Y43.45 E361.75005
G1 X182.589 Y43.364 E361.76663
G1 X182.294 Y43.433 E361.7767
G1 X181.896 Y43.657 E361.79189
G1 X181.607 Y44.092 E361.80926
G1 X181.548 Y44.597 E361.82617
G1 X181.722 Y45.065 E361.84278
G1 X181.905 Y45.284 E361.85227
G1 X182.333 Y45.53 E361.86869
G1 X182.843 Y45.554 E361.88567
G1 X183.312 Y45.357 E361.90259
G1 F1500 E355.40259
G0 F15000 X183.155 Y45.145
G0 X183.018 Y49.072
G0 X185.212 Y49.172
G0 X185.212 Y48.912
G1 F1500 E361.90259
G1 F1866.1 X180.088 Y48.911 E362.07302
G1 X177.519 Y44.468 E362.24372
G1 X180.088 Y40.028 E362.41433
G1 X185.212 Y40.028 E362.58476
G1 X187.777 Y44.468 E362.7553
G1 X185.212 Y48.912 E362.92596
G0 F15000 X184.916 Y48.712
G1 F1866.1 X185.344 Y48.284 E362.9461
G0 F15000 X185.742 Y48.514
G0 X185.326 Y49.106
G0 X184.351 Y49.172
G0 X184.351 Y48.712
G1 F1866.1 X186.115 Y46.947 E363.02909
G0 F15000 X186.513 Y47.177
G0 X187.286 Y45.839
G0 X186.888 Y45.609
G1 F1866.1 X183.785 Y48.712 E363.17505
G0 F15000 X183.219 Y48.712
G1 F1866.1 X187.515 Y44.416 E363.37712
G0 F15000 X187.308 Y44.058
G1 F1866.1 X182.653 Y48.712 E363.59605
G0 F15000 X182.088 Y48.712
G1 F1866.1 X187.101 Y43.698 E363.83187
G0 F15000 X186.894 Y43.34
G1 F1866.1 X181.522 Y48.712 E364.08455
G0 F15000 X180.956 Y48.712
G1 F1866.1 X186.687 Y42.981 E364.35412
G0 F15000 X186.48 Y42.623
G1 F1866.1 X180.391 Y48.712 E364.64053
G0 F15000 X180.065 Y48.471
G1 F1866.1 X182.781 Y45.755 E364.76828
G0 F15000 X182.269 Y45.702
G1 F1866.1 X179.858 Y48.113 E364.88169
G0 F15000 X179.651 Y47.754
G1 F1866.1 X181.896 Y45.509 E364.98729
G0 F15000 X181.606 Y45.234
G1 F1866.1 X179.444 Y47.396 E365.08898
G0 F15000 X179.237 Y47.037
G1 F1866.1 X181.427 Y44.847 E365.19199
G0 F15000 X181.377 Y44.331
G1 F1866.1 X179.03 Y46.679 E365.30241
G0 F15000 X178.822 Y46.32
G1 F1866.1 X184.915 Y40.228 E365.58898
G0 F15000 X185.237 Y40.471
G1 F1866.1 X182.538 Y43.17 E365.71594
G0 F15000 X183.035 Y43.24
G1 F1866.1 X185.444 Y40.83 E365.82927
G0 F15000 X185.652 Y41.188
G1 F1866.1 X183.422 Y43.418 E365.93416
G0 F15000 X183.686 Y43.72
G1 F1866.1 X185.858 Y41.547 E366.03635
G0 F15000 X186.065 Y41.906
G1 F1866.1 X183.889 Y44.082 E366.1387
G0 F15000 X183.929 Y44.608
G1 F1866.1 X186.272 Y42.264 E366.24893
G0 F15000 X186.671 Y42.035
G0 X185.325 Y39.834
G0 X184.349 Y39.768
G0 X184.349 Y40.228
G1 F1866.1 X178.615 Y45.962 E366.51864
G0 F15000 X178.407 Y45.604
G1 F1866.1 X183.783 Y40.228 E366.77152
G0 F15000 X183.218 Y40.228
G1 F1866.1 X178.2 Y45.246 E367.00755
G0 F15000 X177.993 Y44.887
G1 F1866.1 X182.652 Y40.228 E367.22669
G0 F15000 X182.086 Y40.228
G1 F1866.1 X177.786 Y44.529 E367.42897
G0 F15000 X177.387 Y44.759
G0 X177.303 Y44.498
G0 X177.997 Y43.123
G0 X178.395 Y43.354
G1 F1866.1 X181.521 Y40.228 E367.57601
G0 F15000 X180.955 Y40.228
G1 F1866.1 X179.171 Y42.012 E367.65993
G0 F15000 X178.773 Y41.781
G0 X179.548 Y40.439
G0 X179.947 Y40.671
G1 F1866.1 X180.389 Y40.228 E367.68074
;MESH:NONMESH
G0 F300 X180.389 Y40.228 Z14.6
G0 F15000 X180.389 Y39.768
G0 X185.325 Y39.834
G0 X188.002 Y44.469
G0 X185.422 Y49.272
;TIME_ELAPSED:858.899992
;LAYER:72
;note -- min layer time used
;TYPE:WALL-INNER
;MESH:WheelAdapter_v6.stl
G1 F1872.6 X188.193 Y44.469 E367.86517
G1 X185.422 Y39.668 E368.04954
G1 X179.878 Y39.668 E368.23393
G1 X177.103 Y44.469 E368.41837
G1 X179.878 Y49.272 E368.60286
G1 X185.422 Y49.272 E368.78726
G0 F15000 X185.653 Y49.672
G1 F1872.6 X188.655 Y44.469 E368.98705
G1 X185.653 Y39.268 E369.18678
G1 X179.647 Y39.268 E369.38654
G1 X176.641 Y44.469 E369.58634
G1 X179.647 Y49.672 E369.7862
G1 X185.653 Y49.672 E369.98596
G0 F15000 X185.884 Y50.072
;TYPE:WALL-OUTER
G1 F1872.6 X189.117 Y44.469 E370.20112
G1 X185.884 Y38.868 E370.41621
G1 X179.416 Y38.868 E370.63134
G1 X176.179 Y44.469 E370.8465
G1 X179.416 Y50.072 E371.06172
G1 X185.884 Y50.072 E371.27685
G1 F1500 E364.77685
G0 F15000 X185.714 Y49.777
G0 X186.485 Y47.068
G0 X183.408 Y45.021
G0 X183.155 Y45.145
G0 X183.312 Y45.357
;TYPE:SKIN
G1 F1500 E371.27685
G1 F1872.6 X183.626 Y44.976 E371.29327
G1 X183.729 Y44.676 E371.30382
G1 X183.728 Y44.26 E371.31766
G1 X183.626 Y43.959 E371.32823
G1 X183.341 Y43.618 E371.34301
G1 X183.08 Y43.45 E371.35333
G1 X182.589 Y43.364 E371.36991
G1 X182.294 Y43.433 E371.37999
G1 X181.896 Y43.657 E371.39518
G1 X181.607 Y44.092 E371.41255
G1 X181.548 Y44.597 E371.42946
G1 X181.722 Y45.065 E371.44607
G1 X181.905 Y45.284 E371.45556
G1 X182.333 Y45.53 E371.47198
G1 X182.843 Y45.554 E371.48896
G1 X183.312 Y45.357 E371.50588
G1 F1500 E365.00588
G0 F15000 X183.155 Y45.145
G0 X183.018 Y49.072
G0 X185.212 Y49.172
G0 X185.212 Y48.912
G1 F1500 E371.50588
G1 F1872.6 X180.088 Y48.911 E371.6763
G1 X177.519 Y44.468 E371.847
G1 X180.088 Y40.028 E372.01762
G1 X185.212 Y40.028 E372.18804
G1 X187.777 Y44.468 E372.35859
G1 X185.212 Y48.912 E372.52925
G0 F15000 X185.212 Y49.172
G0 X180.516 Y49.172
G0 X180.516 Y48.711
G1 F1872.6 X179.775 Y47.97 E372.5641
G0 F15000 X179.375 Y48.201
G0 X179.974 Y49.106
G0 X181.082 Y49.172
G0 X181.082 Y48.711
G1 F1872.6 X179 Y46.629 E372.66203
G0 F15000 X178.6 Y46.86
G0 X177.826 Y45.519
G0 X178.225 Y45.289
G1 F1872.6 X181.647 Y48.711 E372.823
G0 F15000 X182.213 Y48.711
G1 F1872.6 X177.83 Y44.329 E373.02913
G0 F15000 X178.037 Y43.97
G1 F1872.6 X182.779 Y48.711 E373.25216
G0 F15000 X183.344 Y48.711
G1 F1872.6 X178.245 Y43.612 E373.492
G0 F15000 X178.453 Y43.254
G1 F1872.6 X183.91 Y48.711 E373.74868
G0 F15000 X184.476 Y48.711
G1 F1872.6 X178.66 Y42.895 E374.02225
G0 F15000 X178.867 Y42.537
G1 F1872.6 X185.041 Y48.711 E374.31265
G0 F15000 X185.285 Y48.389
G1 F1872.6 X182.644 Y45.748 E374.43688
G0 F15000 X183.119 Y45.658
G1 F1872.6 X185.491 Y48.03 E374.54845
G0 F15000 X185.698 Y47.671
G1 F1872.6 X183.486 Y45.459 E374.6525
G0 F15000 X183.74 Y45.147
G1 F1872.6 X185.905 Y47.313 E374.75436
G0 F15000 X186.113 Y46.954
G1 F1872.6 X183.923 Y44.765 E374.85734
G0 F15000 X183.928 Y44.203
G1 F1872.6 X186.319 Y46.595 E374.96983
G0 F15000 X186.526 Y46.236
G1 F1872.6 X180.518 Y40.228 E375.25243
G0 F15000 X180.111 Y40.386
G1 F1872.6 X182.948 Y43.223 E375.38587
G0 F15000 X182.372 Y43.213
G1 F1872.6 X179.904 Y40.745 E375.50196
G0 F15000 X179.696 Y41.103
G1 F1872.6 X181.975 Y43.382 E375.60916
G0 F15000 X181.667 Y43.64
G1 F1872.6 X179.488 Y41.461 E375.71165
G0 F15000 X179.281 Y41.82
G1 F1872.6 X181.442 Y43.981 E375.8133
G0 F15000 X181.362 Y44.466
G1 F1872.6 X179.074 Y42.178 E375.92092
G0 F15000 X178.677 Y41.947
G0 X179.974 Y39.834
G0 X181.084 Y39.768
G0 X181.084 Y40.228
G1 F1872.6 X186.733 Y45.878 E376.18665
G0 F15000 X186.941 Y45.519
G1 F1872.6 X181.649 Y40.228 E376.43555
G0 F15000 X182.215 Y40.228
G1 F1872.6 X187.147 Y45.16 E376.66754
G0 F15000 X187.354 Y44.802
G1 F1872.6 X182.781 Y40.228 E376.88266
G0 F15000 X183.346 Y40.228
G1 F1872.6 X187.49 Y44.372 E377.07758
G0 F15000 X187.889 Y44.143
G0 X187.116 Y42.804
G0 X186.717 Y43.033
G1 F1872.6 X183.912 Y40.228 E377.20952
G0 F15000 X184.478 Y40.228
G1 F1872.6 X185.944 Y41.695 E377.2785
G0 F15000 X186.343 Y41.466
G0 X185.57 Y40.126
G0 X185.171 Y40.355
G1 F1872.6 X185.043 Y40.228 E377.2845
;MESH:NONMESH
G0 F300 X185.043 Y40.228 Z14.8
G0 F15000 X185.043 Y39.768
G0 X185.325 Y39.834
G0 X188.002 Y44.469
G0 X185.422 Y49.272
;TIME_ELAPSED:874.927417
;LAYER:73
;note -- min layer time used
;TYPE:WALL-INNER
;MESH:WheelAdapter_v6.stl
G1 F1867.1 X188.193 Y44.469 E377.46892
G1 X185.422 Y39.668 E377.65329
G1 X179.878 Y39.668 E377.83769
G1 X177.103 Y44.469 E378.02213
G1 X179.878 Y49.272 E378.20662
G1 X185.422 Y49.272 E378.39101
G0 F15000 X185.653 Y49.672
G1 F1867.1 X188.655 Y44.469 E378.59081
G1 X185.653 Y39.268 E378.79054
G1 X179.647 Y39.268 E378.9903
G1 X176.641 Y44.469 E379.1901
G1 X179.647 Y49.672 E379.38996
G1 X185.653 Y49.672 E379.58972
G0 F15000 X185.884 Y50.072
;TYPE:WALL-OUTER
G1 F1867.1 X189.117 Y44.469 E379.80487
G1 X185.884 Y38.868 E380.01997
G1 X179.416 Y38.868 E380.2351
G1 X176.179 Y44.469 E380.45026
G1 X179.416 Y50.072 E380.66548
G1 X185.884 Y50.072 E380.88061
G1 F1500 E374.38061
G0 F15000 X185.714 Y49.777
G0 X186.485 Y47.068
G0 X183.408 Y45.021
G0 X183.155 Y45.145
G0 X183.312 Y45.357
;TYPE:SKIN
G1 F1500 E380.88061
G1 F1867.1 X183.626 Y44.976 E380.89703
G1 X183.729 Y44.676 E380.90758
G1 X183.728 Y44.26 E380.92141
G1 X183.626 Y43.959 E380.93198
G1 X183.341 Y43.618 E380.94677
G1 X183.08 Y43.45 E380.95709
G1 X182.589 Y43.364 E380.97367
G1 X182.294 Y43.433 E380.98375
G1 X181.896 Y43.657 E380.99894
G1 X181.607 Y44.092 E381.01631
G1 X181.548 Y44.597 E381.03322
G1 X181.722 Y45.065 E381.04982
G1 X181.905 Y45.284 E381.05932
G1 X182.333 Y45.53 E381.07573
G1 X182.843 Y45.554 E381.09272
G1 X183.312 Y45.357 E381.10964
G1 F1500 E374.60964
G0 F15000 X183.155 Y45.145
G0 X183.018 Y49.072
G0 X185.212 Y49.172
G0 X185.212 Y48.912
G1 F1500 E381.10964
G1 F1867.1 X180.088 Y48.911 E381.28006
G1 X177.519 Y44.468 E381.45076
G1 X180.088 Y40.028 E381.62137
G1 X185.212 Y40.028 E381.7918
G1 X187.777 Y44.468 E381.96234
G1 X185.212 Y48.912 E382.13301
G0 F15000 X184.916 Y48.712
G1 F1867.1 X185.344 Y48.284 E382.15314
G0 F15000 X185.742 Y48.514
G0 X185.326 Y49.106
G0 X184.351 Y49.172
G0 X184.351 Y48.712
G1 F1867.1 X186.115 Y46.947 E382.23613
G0 F15000 X186.513 Y47.177
G0 X187.286 Y45.839
G0 X186.888 Y45.609
G1 F1867.1 X183.785 Y48.712 E382.38209
G0 F15000 X183.219 Y48.712
G1 F1867.1 X187.515 Y44.416 E382.58416
G0 F15000 X187.308 Y44.058
G1 F1867.1 X182.653 Y48.712 E382.80309
G0 F15000 X182.088 Y48.712
G1 F1867.1 X187.101 Y43.698 E383.03891
G0 F15000 X186.894 Y43.34
G1 F1867.1 X181.522 Y48.712 E383.2916
G0 F15000 X180.956 Y48.712
G1 F1867.1 X186.687 Y42.981 E383.56116
G0 F15000 X186.48 Y42.623
G1 F1867.1 X180.391 Y48.712 E383.84757
G0 F15000 X180.065 Y48.471
G1 F1867.1 X182.781 Y45.755 E383.97532
G0 F15000 X182.269 Y45.702
G1 F1867.1 X179.858 Y48.113 E384.08873
G0 F15000 X179.651 Y47.754
G1 F1867.1 X181.896 Y45.509 E384.19433
G0 F15000 X181.606 Y45.234
G1 F1867.1 X179.444 Y47.396 E384.29602
G0 F15000 X179.237 Y47.037
G1 F1867.1 X181.427 Y44.847 E384.39903
G0 F15000 X181.377 Y44.331
G1 F1867.1 X179.03 Y46.679 E384.50945
G0 F15000 X178.822 Y46.32
G1 F1867.1 X184.915 Y40.228 E384.79603
G0 F15000 X185.237 Y40.471
G1 F1867.1 X182.538 Y43.17 E384.92298
G0 F15000 X183.035 Y43.24
G1 F1867.1 X185.444 Y40.83 E385.03631
G0 F15000 X185.652 Y41.188
G1 F1867.1 X183.422 Y43.418 E385.14121
G0 F15000 X183.686 Y43.72
G1 F1867.1 X185.858 Y41.547 E385.24339
G0 F15000 X186.065 Y41.906
G1 F1867.1 X183.889 Y44.082 E385.34575
G0 F15000 X183.929 Y44.608
G1 F1867.1 X186.272 Y42.264 E385.45598
G0 F15000 X186.671 Y42.035
G0 X185.325 Y39.834
G0 X184.349 Y39.768
G0 X184.349 Y40.228
G1 F1867.1 X178.615 Y45.962 E385.72569
G0 F15000 X178.407 Y45.604
G1 F1867.1 X183.783 Y40.228 E385.97856
G0 F15000 X183.218 Y40.228
G1 F1867.1 X178.2 Y45.246 E386.21459
G0 F15000 X177.993 Y44.887
G1 F1867.1 X182.652 Y40.228 E386.43373
G0 F15000 X182.086 Y40.228
G1 F1867.1 X177.786 Y44.529 E386.63602
G0 F15000 X177.387 Y44.759
G0 X177.303 Y44.498
G0 X177.997 Y43.123
G0 X178.395 Y43.354
G1 F1867.1 X181.521 Y40.228 E386.78305
G0 F15000 X180.955 Y40.228
G1 F1867.1 X179.171 Y42.012 E386.86697
G0 F15000 X178.773 Y41.781
G0 X179.548 Y40.439
G0 X179.947 Y40.671
G1 F1867.1 X180.389 Y40.228 E386.88778
;MESH:NONMESH
G0 F300 X180.389 Y40.228 Z15
G0 F15000 X180.389 Y39.768
G0 X185.325 Y39.834
G0 X188.002 Y44.469
G0 X185.422 Y49.272
;TIME_ELAPSED:890.918305
;LAYER:74
;note -- min layer time used
;TYPE:WALL-INNER
;MESH:WheelAdapter_v6.stl
G1 F1872.6 X188.193 Y44.469 E387.07221
G1 X185.422 Y39.668 E387.25658
G1 X179.878 Y39.668 E387.44097
G1 X177.103 Y44.469 E387.62541
G1 X179.878 Y49.272 E387.80991
G1 X185.422 Y49.272 E387.9943
G0 F15000 X185.653 Y49.672
G1 F1872.6 X188.655 Y44.469 E388.19409
G1 X185.653 Y39.268 E388.39382
G1 X179.647 Y39.268 E388.59359
G1 X176.641 Y44.469 E388.79339
G1 X179.647 Y49.672 E388.99324
G1 X185.653 Y49.672 E389.193
G0 F15000 X185.884 Y50.072
;TYPE:WALL-OUTER
G1 F1872.6 X189.117 Y44.469 E389.40816
G1 X185.884 Y38.868 E389.62326
G1 X179.416 Y38.868 E389.83838
G1 X176.179 Y44.469 E390.05355
G1 X179.416 Y50.072 E390.26877
G1 X185.884 Y50.072 E390.48389
G1 F1500 E383.98389
G0 F15000 X185.714 Y49.777
G0 X186.485 Y47.068
G0 X183.408 Y45.021
G0 X183.155 Y45.145
G0 X183.312 Y45.357
;TYPE:SKIN
G1 F1500 E390.48389
G1 F1872.6 X183.626 Y44.976 E390.50031
G1 X183.729 Y44.676 E390.51086
G1 X183.728 Y44.26 E390.5247
G1 X183.626 Y43.959 E390.53527
G1 X183.341 Y43.618 E390.55005
G1 X183.08 Y43.45 E390.56038
G1 X182.589 Y43.364 E390.57695
G1 X182.294 Y43.433 E390.58703
G1 X181.896 Y43.657 E390.60222
G1 X181.607 Y44.092 E390.61959
G1 X181.548 Y44.597 E390.6365
G1 X181.722 Y45.065 E390.65311
G1 X181.905 Y45.284 E390.6626
G1 X182.333 Y45.53 E390.67902
G1 X182.843 Y45.554 E390.696
G1 X183.312 Y45.357 E390.71292
G1 F1500 E384.21292
G0 F15000 X183.155 Y45.145
G0 X183.018 Y49.072
G0 X185.212 Y49.172
G0 X185.212 Y48.912
G1 F1500 E390.71292
G1 F1872.6 X180.088 Y48.911 E390.88335
G1 X177.519 Y44.468 E391.05405
G1 X180.088 Y40.028 E391.22466
G1 X185.212 Y40.028 E391.39508
G1 X187.777 Y44.468 E391.56563
G1 X185.212 Y48.912 E391.73629
G0 F15000 X185.212 Y49.172
G0 X180.516 Y49.172
G0 X180.516 Y48.711
G1 F1872.6 X179.775 Y47.97 E391.77115
G0 F15000 X179.375 Y48.201
G0 X179.974 Y49.106
G0 X181.082 Y49.172
G0 X181.082 Y48.711
G1 F1872.6 X179 Y46.629 E391.86908
G0 F15000 X178.6 Y46.86
G0 X177.826 Y45.519
G0 X178.225 Y45.289
G1 F1872.6 X181.647 Y48.711 E392.03004
G0 F15000 X182.213 Y48.711
G1 F1872.6 X177.83 Y44.329 E392.23618
G0 F15000 X178.037 Y43.97
G1 F1872.6 X182.779 Y48.711 E392.4592
G0 F15000 X183.344 Y48.711
G1 F1872.6 X178.245 Y43.612 E392.69904
G0 F15000 X178.453 Y43.254
G1 F1872.6 X183.91 Y48.711 E392.95572
G0 F15000 X184.476 Y48.711
G1 F1872.6 X178.66 Y42.895 E393.22929
G0 F15000 X178.867 Y42.537
G1 F1872.6 X185.041 Y48.711 E393.5197
G0 F15000 X185.285 Y48.389
G1 F1872.6 X182.644 Y45.748 E393.64392
G0 F15000 X183.119 Y45.658
G1 F1872.6 X185.491 Y48.03 E393.75549
G0 F15000 X185.698 Y47.671
G1 F1872.6 X183.486 Y45.459 E393.85954
G0 F15000 X183.74 Y45.147
G1 F1872.6 X185.905 Y47.313 E393.9614
G0 F15000 X186.113 Y46.954
G1 F1872.6 X183.923 Y44.765 E394.06438
G0 F15000 X183.928 Y44.203
G1 F1872.6 X186.319 Y46.595 E394.17687
G0 F15000 X186.526 Y46.236
G1 F1872.6 X180.518 Y40.228 E394.45947
G0 F15000 X180.111 Y40.386
G1 F1872.6 X182.948 Y43.223 E394.59292
G0 F15000 X182.372 Y43.213
G1 F1872.6 X179.904 Y40.745 E394.709
G0 F15000 X179.696 Y41.103
G1 F1872.6 X181.975 Y43.382 E394.8162
G0 F15000 X181.667 Y43.64
G1 F1872.6 X179.488 Y41.461 E394.91869
G0 F15000 X179.281 Y41.82
G1 F1872.6 X181.442 Y43.981 E395.02034
G0 F15000 X181.362 Y44.466
G1 F1872.6 X179.074 Y42.178 E395.12796
G0 F15000 X178.677 Y41.947
G0 X179.974 Y39.834
G0 X181.084 Y39.768
G0 X181.084 Y40.228
G1 F1872.6 X186.733 Y45.878 E395.3937
G0 F15000 X186.941 Y45.519
G1 F1872.6 X181.649 Y40.228 E395.64259
G0 F15000 X182.215 Y40.228
G1 F1872.6 X187.147 Y45.16 E395.87458
G0 F15000 X187.354 Y44.802
G1 F1872.6 X182.781 Y40.228 E396.0897
G0 F15000 X183.346 Y40.228
G1 F1872.6 X187.49 Y44.372 E396.28462
G0 F15000 X187.889 Y44.143
G0 X187.116 Y42.804
G0 X186.717 Y43.033
G1 F1872.6 X183.912 Y40.228 E396.41656
G0 F15000 X184.478 Y40.228
G1 F1872.6 X185.944 Y41.695 E396.48554
G0 F15000 X186.343 Y41.466
G0 X185.57 Y40.126
G0 X185.171 Y40.355
G1 F1872.6 X185.043 Y40.228 E396.49154
G1 F1500 E389.99154
;MESH:NONMESH
G0 F300 X185.043 Y40.228 Z15.2
G0 F15000 X185.043 Y39.768
G0 X185.325 Y39.834
G0 X185.821 Y40.711
G0 X187.054 Y42.896
G0 X183.548 Y44.256
G0 X182.987 Y45.243
G0 X183.103 Y45.518
;TIME_ELAPSED:907.246325
;LAYER:75
;note -- min layer time used
;TYPE:WALL-INNER
;MESH:WheelAdapter_v6.stl
G1 F1500 E396.49154
G1 F600 X183.331 Y45.387 E396.50028
G1 X183.521 Y45.208 E396.50897
G1 X183.671 Y44.979 E396.51807
G1 X183.76 Y44.735 E396.52671
G1 X183.792 Y44.47 E396.53559
G1 X183.761 Y44.206 E396.54443
G1 X183.672 Y43.96 E396.55313
G1 X183.521 Y43.732 E396.56222
G1 X183.331 Y43.553 E396.57091
G1 X183.1 Y43.42 E396.57977
G1 X182.852 Y43.344 E396.5884
G1 X182.579 Y43.33 E396.59749
G1 X182.324 Y43.374 E396.6061
G1 X182.077 Y43.48 E396.61504
G1 X181.864 Y43.64 E396.6239
G1 X181.694 Y43.842 E396.63268
G1 X181.578 Y44.074 E396.64131
G1 X181.512 Y44.344 E396.65055
G1 X181.512 Y44.596 E396.65893
G1 X181.578 Y44.866 E396.66818
G1 X181.694 Y45.098 E396.6768
G1 X181.862 Y45.298 E396.68549
G1 X182.075 Y45.455 E396.69429
G1 X182.328 Y45.564 E396.70346
G1 X182.579 Y45.61 E396.71194
G1 X182.852 Y45.592 E396.72104
G1 X183.103 Y45.518 E396.72975
G0 F15000 X183.262 Y45.888
G1 F600 X183.571 Y45.71 E396.74161
G1 X183.829 Y45.467 E396.75339
G1 X184.031 Y45.16 E396.76562
G1 X184.152 Y44.828 E396.77737
G1 X184.195 Y44.469 E396.7894
G1 X184.152 Y44.112 E396.80136
G1 X184.032 Y43.78 E396.8131
G1 X183.829 Y43.473 E396.82534
G1 X183.571 Y43.229 E396.83715
G1 X183.26 Y43.051 E396.84907
G1 X182.922 Y42.948 E396.86082
G1 X182.556 Y42.928 E396.87301
G1 X182.209 Y42.988 E396.88472
G1 X181.875 Y43.131 E396.89681
G1 X181.587 Y43.348 E396.9088
G1 X181.357 Y43.621 E396.92068
G1 X181.2 Y43.936 E396.93238
G1 X181.112 Y44.296 E396.94471
G1 X181.112 Y44.644 E396.95628
G1 X181.2 Y45.004 E396.96861
G1 X181.357 Y45.32 E396.98034
G1 X181.586 Y45.591 E396.99214
G1 X181.874 Y45.804 E397.00406
G1 X182.211 Y45.95 E397.01627
G1 X182.556 Y46.012 E397.02793
G1 X182.922 Y45.989 E397.04013
G1 X183.262 Y45.888 E397.05193
G0 F15000 X183.42 Y46.258
;TYPE:WALL-OUTER
G1 F600 X183.811 Y46.034 E397.06691
G1 X184.137 Y45.726 E397.08183
G1 X184.391 Y45.341 E397.09717
G1 X184.544 Y44.921 E397.11204
G1 X184.598 Y44.469 E397.12718
G1 X184.544 Y44.019 E397.14225
G1 X184.392 Y43.599 E397.15711
G1 X184.137 Y43.214 E397.17247
G1 X183.811 Y42.906 E397.18739
G1 X183.42 Y42.681 E397.20239
G1 X182.992 Y42.551 E397.21727
G1 X182.532 Y42.526 E397.23259
G1 X182.094 Y42.602 E397.24738
G1 X181.673 Y42.783 E397.26262
G1 X181.311 Y43.055 E397.27768
G1 X181.021 Y43.399 E397.29264
G1 X180.822 Y43.798 E397.30747
G1 X180.712 Y44.248 E397.32288
G1 X180.712 Y44.692 E397.33765
G1 X180.822 Y45.142 E397.35306
G1 X181.021 Y45.541 E397.36788
G1 X181.31 Y45.885 E397.38283
G1 X181.673 Y46.153 E397.39784
G1 X182.095 Y46.335 E397.41312
G1 X182.532 Y46.414 E397.42789
G1 X182.992 Y46.385 E397.44322
G1 X183.42 Y46.258 E397.45807
G0 F15000 X183.021 Y45.326
;MESH:NONMESH
G0 F300 X183.021 Y45.326 Z15.4
G0 F15000 X183.103 Y45.518
;TIME_ELAPSED:910.733946
;LAYER:76
;note -- min layer time used
;TYPE:WALL-INNER
;MESH:WheelAdapter_v6.stl
G1 F600 X183.331 Y45.387 E397.46682
G1 X183.521 Y45.208 E397.4755
G1 X183.671 Y44.979 E397.4846
G1 X183.76 Y44.735 E397.49324
G1 X183.792 Y44.47 E397.50212
G1 X183.761 Y44.206 E397.51096
G1 X183.672 Y43.96 E397.51966
G1 X183.521 Y43.732 E397.52876
G1 X183.331 Y43.553 E397.53744
G1 X183.1 Y43.42 E397.54631
G1 X182.852 Y43.344 E397.55493
G1 X182.579 Y43.33 E397.56402
G1 X182.324 Y43.374 E397.57263
G1 X182.077 Y43.48 E397.58157
G1 X181.864 Y43.64 E397.59043
G1 X181.694 Y43.842 E397.59921
G1 X181.578 Y44.074 E397.60784
G1 X181.512 Y44.344 E397.61708
G1 X181.512 Y44.596 E397.62547
G1 X181.578 Y44.866 E397.63471
G1 X181.694 Y45.098 E397.64334
G1 X181.862 Y45.298 E397.65202
G1 X182.075 Y45.455 E397.66083
G1 X182.328 Y45.564 E397.66999
G1 X182.579 Y45.61 E397.67848
G1 X182.852 Y45.592 E397.68758
G1 X183.103 Y45.518 E397.69628
G0 F15000 X183.262 Y45.888
G1 F600 X183.571 Y45.71 E397.70814
G1 X183.829 Y45.467 E397.71993
G1 X184.031 Y45.16 E397.73215
G1 X184.152 Y44.828 E397.7439
G1 X184.195 Y44.469 E397.75593
G1 X184.152 Y44.112 E397.76789
G1 X184.032 Y43.78 E397.77963
G1 X183.829 Y43.473 E397.79187
G1 X183.571 Y43.229 E397.80368
G1 X183.26 Y43.051 E397.8156
G1 X182.922 Y42.948 E397.82735
G1 X182.556 Y42.928 E397.83954
G1 X182.209 Y42.988 E397.85126
G1 X181.875 Y43.131 E397.86334
G1 X181.587 Y43.348 E397.87534
G1 X181.357 Y43.621 E397.88721
G1 X181.2 Y43.936 E397.89891
G1 X181.112 Y44.296 E397.91124
G1 X181.112 Y44.644 E397.92281
G1 X181.2 Y45.004 E397.93514
G1 X181.357 Y45.32 E397.94688
G1 X181.586 Y45.591 E397.95868
G1 X181.874 Y45.804 E397.97059
G1 X182.211 Y45.95 E397.98281
G1 X182.556 Y46.012 E397.99447
G1 X182.922 Y45.989 E398.00666
G1 X183.262 Y45.888 E398.01846
G0 F15000 X183.42 Y46.258
;TYPE:WALL-OUTER
G1 F600 X183.811 Y46.034 E398.03345
G1 X184.137 Y45.726 E398.04836
G1 X184.391 Y45.341 E398.0637
G1 X184.544 Y44.921 E398.07857
G1 X184.598 Y44.469 E398.09371
G1 X184.544 Y44.019 E398.10879
G1 X184.392 Y43.599 E398.12364
G1 X184.137 Y43.214 E398.139
G1 X183.811 Y42.906 E398.15392
G1 X183.42 Y42.681 E398.16892
G1 X182.992 Y42.551 E398.1838
G1 X182.532 Y42.526 E398.19912
G1 X182.094 Y42.602 E398.21391
G1 X181.673 Y42.783 E398.22915
G1 X181.311 Y43.055 E398.24421
G1 X181.021 Y43.399 E398.25918
G1 X180.822 Y43.798 E398.274
G1 X180.712 Y44.248 E398.28941
G1 X180.712 Y44.692 E398.30418
G1 X180.822 Y45.142 E398.31959
G1 X181.021 Y45.541 E398.33442
G1 X181.31 Y45.885 E398.34936
G1 X181.673 Y46.153 E398.36437
G1 X182.095 Y46.335 E398.37965
G1 X182.532 Y46.414 E398.39442
G1 X182.992 Y46.385 E398.40975
G1 X183.42 Y46.258 E398.4246
G0 F15000 X183.021 Y45.326
;MESH:NONMESH
G0 F300 X183.021 Y45.326 Z15.6
G0 F15000 X183.103 Y45.518
;TIME_ELAPSED:913.916350
;LAYER:77
;note -- min layer time used
;TYPE:WALL-INNER
;MESH:WheelAdapter_v6.stl
G1 F600 X183.331 Y45.387 E398.43335
G1 X183.521 Y45.208 E398.44203
G1 X183.671 Y44.979 E398.45114
G1 X183.76 Y44.735 E398.45977
G1 X183.792 Y44.47 E398.46865
G1 X183.761 Y44.206 E398.47749
G1 X183.672 Y43.96 E398.48619
G1 X183.521 Y43.732 E398.49529
G1 X183.331 Y43.553 E398.50397
G1 X183.1 Y43.42 E398.51284
G1 X182.852 Y43.344 E398.52146
G1 X182.579 Y43.33 E398.53056
G1 X182.324 Y43.374 E398.53916
G1 X182.077 Y43.48 E398.5481
G1 X181.864 Y43.64 E398.55696
G1 X181.694 Y43.842 E398.56575
G1 X181.578 Y44.074 E398.57437
G1 X181.512 Y44.344 E398.58362
G1 X181.512 Y44.596 E398.592
G1 X181.578 Y44.866 E398.60124
G1 X181.694 Y45.098 E398.60987
G1 X181.862 Y45.298 E398.61856
G1 X182.075 Y45.455 E398.62736
G1 X182.328 Y45.564 E398.63652
G1 X182.579 Y45.61 E398.64501
G1 X182.852 Y45.592 E398.65411
G1 X183.103 Y45.518 E398.66281
G0 F15000 X183.262 Y45.888
G1 F600 X183.571 Y45.71 E398.67467
G1 X183.829 Y45.467 E398.68646
G1 X184.031 Y45.16 E398.69868
G1 X184.152 Y44.828 E398.71044
G1 X184.195 Y44.469 E398.72246
G1 X184.152 Y44.112 E398.73442
G1 X184.032 Y43.78 E398.74616
G1 X183.829 Y43.473 E398.7584
G1 X183.571 Y43.229 E398.77022
G1 X183.26 Y43.051 E398.78213
G1 X182.922 Y42.948 E398.79389
G1 X182.556 Y42.928 E398.80608
G1 X182.209 Y42.988 E398.81779
G1 X181.875 Y43.131 E398.82987
G1 X181.587 Y43.348 E398.84187
G1 X181.357 Y43.621 E398.85374
G1 X181.2 Y43.936 E398.86545
G1 X181.112 Y44.296 E398.87777
G1 X181.112 Y44.644 E398.88935
G1 X181.2 Y45.004 E398.90167
G1 X181.357 Y45.32 E398.91341
G1 X181.586 Y45.591 E398.92521
G1 X181.874 Y45.804 E398.93712
G1 X182.211 Y45.95 E398.94934
G1 X182.556 Y46.012 E398.961
G1 X182.922 Y45.989 E398.9732
G1 X183.262 Y45.888 E398.98499
G0 F15000 X183.42 Y46.258
;TYPE:WALL-OUTER
G1 F600 X183.811 Y46.034 E398.99998
G1 X184.137 Y45.726 E399.0149
G1 X184.391 Y45.341 E399.03024
G1 X184.544 Y44.921 E399.0451
G1 X184.598 Y44.469 E399.06025
G1 X184.544 Y44.019 E399.07532
G1 X184.392 Y43.599 E399.09018
G1 X184.137 Y43.214 E399.10553
G1 X183.811 Y42.906 E399.12045
G1 X183.42 Y42.681 E399.13546
G1 X182.992 Y42.551 E399.15033
G1 X182.532 Y42.526 E399.16566
G1 X182.094 Y42.602 E399.18044
G1 X181.673 Y42.783 E399.19568
G1 X181.311 Y43.055 E399.21074
G1 X181.021 Y43.399 E399.22571
G1 X180.822 Y43.798 E399.24054
G1 X180.712 Y44.248 E399.25595
G1 X180.712 Y44.692 E399.27071
G1 X180.822 Y45.142 E399.28612
G1 X181.021 Y45.541 E399.30095
G1 X181.31 Y45.885 E399.31589
G1 X181.673 Y46.153 E399.3309
G1 X182.095 Y46.335 E399.34619
G1 X182.532 Y46.414 E399.36096
G1 X182.992 Y46.385 E399.37629
G1 X183.42 Y46.258 E399.39114
G0 F15000 X183.301 Y45.974
G0 X183.477 Y45.13
;TYPE:FILL
G1 F600 X183.686 Y44.353 E399.4179
G0 F15000 X182.81 Y43.423
G1 F600 X182.026 Y43.633 E399.44489
G0 F15000 X181.699 Y44.892
G1 F600 X182.225 Y45.418 E399.46963
G0 F15000 X182.27 Y45.316
;MESH:NONMESH
G0 F300 X182.27 Y45.316 Z15.8
G0 F15000 X183.103 Y45.518
;TIME_ELAPSED:917.600991
;LAYER:78
;note -- min layer time used
;TYPE:WALL-INNER
;MESH:WheelAdapter_v6.stl
G1 F600 X183.331 Y45.387 E399.47838
G1 X183.521 Y45.208 E399.48706
G1 X183.671 Y44.979 E399.49617
G1 X183.76 Y44.735 E399.50481
G1 X183.792 Y44.47 E399.51368
G1 X183.761 Y44.206 E399.52252
G1 X183.672 Y43.96 E399.53123
G1 X183.521 Y43.732 E399.54032
G1 X183.331 Y43.553 E399.549
G1 X183.1 Y43.42 E399.55787
G1 X182.852 Y43.344 E399.5665
G1 X182.579 Y43.33 E399.57559
G1 X182.324 Y43.374 E399.58419
G1 X182.077 Y43.48 E399.59313
G1 X181.864 Y43.64 E399.60199
G1 X181.694 Y43.842 E399.61078
G1 X181.578 Y44.074 E399.6194
G1 X181.512 Y44.344 E399.62865
G1 X181.512 Y44.596 E399.63703
G1 X181.578 Y44.866 E399.64627
G1 X181.694 Y45.098 E399.6549
G1 X181.862 Y45.298 E399.66359
G1 X182.075 Y45.455 E399.67239
G1 X182.328 Y45.564 E399.68155
G1 X182.579 Y45.61 E399.69004
G1 X182.852 Y45.592 E399.69914
G1 X183.103 Y45.518 E399.70784
G0 F15000 X183.262 Y45.888
G1 F600 X183.571 Y45.71 E399.7197
G1 X183.829 Y45.467 E399.73149
G1 X184.031 Y45.16 E399.74371
G1 X184.152 Y44.828 E399.75547
G1 X184.195 Y44.469 E399.76749
G1 X184.152 Y44.112 E399.77945
G1 X184.032 Y43.78 E399.79119
G1 X183.829 Y43.473 E399.80344
G1 X183.571 Y43.229 E399.81525
G1 X183.26 Y43.051 E399.82716
G1 X182.922 Y42.948 E399.83892
G1 X182.556 Y42.928 E399.85111
G1 X182.209 Y42.988 E399.86282
G1 X181.875 Y43.131 E399.87491
G1 X181.587 Y43.348 E399.8869
G1 X181.357 Y43.621 E399.89877
G1 X181.2 Y43.936 E399.91048
G1 X181.112 Y44.296 E399.9228
G1 X181.112 Y44.644 E399.93438
G1 X181.2 Y45.004 E399.9467
G1 X181.357 Y45.32 E399.95844
G1 X181.586 Y45.591 E399.97024
G1 X181.874 Y45.804 E399.98216
G1 X182.211 Y45.95 E399.99437
G1 X182.556 Y46.012 E400.00603
G1 X182.922 Y45.989 E400.01823
G1 X183.262 Y45.888 E400.03002
G0 F15000 X183.42 Y46.258
;TYPE:WALL-OUTER
G1 F600 X183.811 Y46.034 E400.04501
G1 X184.137 Y45.726 E400.05993
G1 X184.391 Y45.341 E400.07527
G1 X184.544 Y44.921 E400.09014
G1 X184.598 Y44.469 E400.10528
G1 X184.544 Y44.019 E400.12035
G1 X184.392 Y43.599 E400.13521
G1 X184.137 Y43.214 E400.15057
G1 X183.811 Y42.906 E400.16548
G1 X183.42 Y42.681 E400.18049
G1 X182.992 Y42.551 E400.19536
G1 X182.532 Y42.526 E400.21069
G1 X182.094 Y42.602 E400.22547
G1 X181.673 Y42.783 E400.24071
G1 X181.311 Y43.055 E400.25577
G1 X181.021 Y43.399 E400.27074
G1 X180.822 Y43.798 E400.28557
G1 X180.712 Y44.248 E400.30098
G1 X180.712 Y44.692 E400.31574
G1 X180.822 Y45.142 E400.33115
G1 X181.021 Y45.541 E400.34598
G1 X181.31 Y45.885 E400.36092
G1 X181.673 Y46.153 E400.37593
G1 X182.095 Y46.335 E400.39122
G1 X182.532 Y46.414 E400.40599
G1 X182.992 Y46.385 E400.42132
G1 X183.42 Y46.258 E400.43617
G0 F15000 X183.288 Y45.287
;TYPE:FILL
G1 F600 X183.617 Y44.06 E400.47842
G0 F15000 X183.04 Y43.508
G1 F600 X181.808 Y43.838 E400.52084
G0 F15000 X181.592 Y44.584
G1 F600 X182.527 Y45.519 E400.56482
G0 F15000 X182.55 Y45.394
;MESH:NONMESH
G0 F300 X182.55 Y45.394 Z16
G0 F15000 X183.103 Y45.518
;TIME_ELAPSED:921.370587
;LAYER:79
;note -- min layer time used
;TYPE:WALL-INNER
;MESH:WheelAdapter_v6.stl
G1 F600 X183.331 Y45.387 E400.57356
G1 X183.521 Y45.208 E400.58225
G1 X183.671 Y44.979 E400.59135
G1 X183.76 Y44.735 E400.59999
G1 X183.792 Y44.47 E400.60887
G1 X183.761 Y44.206 E400.61771
G1 X183.672 Y43.96 E400.62641
G1 X183.521 Y43.732 E400.63551
G1 X183.331 Y43.553 E400.64419
G1 X183.1 Y43.42 E400.65305
G1 X182.852 Y43.344 E400.66168
G1 X182.579 Y43.33 E400.67077
G1 X182.324 Y43.374 E400.67938
G1 X182.077 Y43.48 E400.68832
G1 X181.864 Y43.64 E400.69718
G1 X181.694 Y43.842 E400.70596
G1 X181.578 Y44.074 E400.71459
G1 X181.512 Y44.344 E400.72383
G1 X181.512 Y44.596 E400.73221
G1 X181.578 Y44.866 E400.74146
G1 X181.694 Y45.098 E400.75009
G1 X181.862 Y45.298 E400.75877
G1 X182.075 Y45.455 E400.76757
G1 X182.328 Y45.564 E400.77674
G1 X182.579 Y45.61 E400.78522
G1 X182.852 Y45.592 E400.79432
G1 X183.103 Y45.518 E400.80303
G0 F15000 X183.262 Y45.888
G1 F600 X183.571 Y45.71 E400.81489
G1 X183.829 Y45.467 E400.82668
G1 X184.031 Y45.16 E400.8389
G1 X184.152 Y44.828 E400.85065
G1 X184.195 Y44.469 E400.86268
G1 X184.152 Y44.112 E400.87464
G1 X184.032 Y43.78 E400.88638
G1 X183.829 Y43.473 E400.89862
G1 X183.571 Y43.229 E400.91043
G1 X183.26 Y43.051 E400.92235
G1 X182.922 Y42.948 E400.9341
G1 X182.556 Y42.928 E400.94629
G1 X182.209 Y42.988 E400.95801
G1 X181.875 Y43.131 E400.97009
G1 X181.587 Y43.348 E400.98208
G1 X181.357 Y43.621 E400.99396
G1 X181.2 Y43.936 E401.00566
G1 X181.112 Y44.296 E401.01799
G1 X181.112 Y44.644 E401.02956
G1 X181.2 Y45.004 E401.04189
G1 X181.357 Y45.32 E401.05363
G1 X181.586 Y45.591 E401.06543
G1 X181.874 Y45.804 E401.07734
G1 X182.211 Y45.95 E401.08956
G1 X182.556 Y46.012 E401.10121
G1 X182.922 Y45.989 E401.11341
G1 X183.262 Y45.888 E401.12521
G0 F15000 X183.42 Y46.258
;TYPE:WALL-OUTER
G1 F600 X183.811 Y46.034 E401.1402
G1 X184.137 Y45.726 E401.15511
G1 X184.391 Y45.341 E401.17045
G1 X184.544 Y44.921 E401.18532
G1 X184.598 Y44.469 E401.20046
G1 X184.544 Y44.019 E401.21554
G1 X184.392 Y43.599 E401.23039
G1 X184.137 Y43.214 E401.24575
G1 X183.811 Y42.906 E401.26067
G1 X183.42 Y42.681 E401.27567
G1 X182.992 Y42.551 E401.29055
G1 X182.532 Y42.526 E401.30587
G1 X182.094 Y42.602 E401.32066
G1 X181.673 Y42.783 E401.3359
G1 X181.311 Y43.055 E401.35096
G1 X181.021 Y43.399 E401.36592
G1 X180.822 Y43.798 E401.38075
G1 X180.712 Y44.248 E401.39616
G1 X180.712 Y44.692 E401.41093
G1 X180.822 Y45.142 E401.42634
G1 X181.021 Y45.541 E401.44117
G1 X181.31 Y45.885 E401.45611
G1 X181.673 Y46.153 E401.47112
G1 X182.095 Y46.335 E401.4864
G1 X182.532 Y46.414 E401.50117
G1 X182.992 Y46.385 E401.5165
G1 X183.42 Y46.258 E401.53135
G0 F15000 X183.106 Y45.422
;TYPE:FILL
G1 F600 X183.516 Y43.893 E401.584
G0 F15000 X183.247 Y43.599
G1 F600 X181.714 Y44.009 E401.63678
G0 F15000 X181.592 Y44.385
G1 F600 X182.716 Y45.509 E401.68965
G0 F15000 X182.711 Y45.395
;MESH:NONMESH
G0 F300 X182.711 Y45.395 Z16.2
G0 F15000 X183.103 Y45.518
;TIME_ELAPSED:925.172140
;LAYER:80
;note -- min layer time used
;TYPE:WALL-INNER
;MESH:WheelAdapter_v6.stl
G1 F600 X183.331 Y45.387 E401.6984
G1 X183.521 Y45.208 E401.70708
G1 X183.671 Y44.979 E401.71619
G1 X183.76 Y44.735 E401.72482
G1 X183.792 Y44.47 E401.7337
G1 X183.761 Y44.206 E401.74254
G1 X183.672 Y43.96 E401.75124
G1 X183.521 Y43.732 E401.76034
G1 X183.331 Y43.553 E401.76902
G1 X183.1 Y43.42 E401.77789
G1 X182.852 Y43.344 E401.78651
G1 X182.579 Y43.33 E401.79561
G1 X182.324 Y43.374 E401.80421
G1 X182.077 Y43.48 E401.81315
G1 X181.864 Y43.64 E401.82201
G1 X181.694 Y43.842 E401.83079
G1 X181.578 Y44.074 E401.83942
G1 X181.512 Y44.344 E401.84867
G1 X181.512 Y44.596 E401.85705
G1 X181.578 Y44.866 E401.86629
G1 X181.694 Y45.098 E401.87492
G1 X181.862 Y45.298 E401.88361
G1 X182.075 Y45.455 E401.89241
G1 X182.328 Y45.564 E401.90157
G1 X182.579 Y45.61 E401.91006
G1 X182.852 Y45.592 E401.91916
G1 X183.103 Y45.518 E401.92786
G0 F15000 X183.262 Y45.888
G1 F600 X183.571 Y45.71 E401.93972
G1 X183.829 Y45.467 E401.95151
G1 X184.031 Y45.16 E401.96373
G1 X184.152 Y44.828 E401.97549
G1 X184.195 Y44.469 E401.98751
G1 X184.152 Y44.112 E401.99947
G1 X184.032 Y43.78 E402.01121
G1 X183.829 Y43.473 E402.02345
G1 X183.571 Y43.229 E402.03526
G1 X183.26 Y43.051 E402.04718
G1 X182.922 Y42.948 E402.05894
G1 X182.556 Y42.928 E402.07113
G1 X182.209 Y42.988 E402.08284
G1 X181.875 Y43.131 E402.09492
G1 X181.587 Y43.348 E402.10692
G1 X181.357 Y43.621 E402.11879
G1 X181.2 Y43.936 E402.1305
G1 X181.112 Y44.296 E402.14282
G1 X181.112 Y44.644 E402.1544
G1 X181.2 Y45.004 E402.16672
G1 X181.357 Y45.32 E402.17846
G1 X181.586 Y45.591 E402.19026
G1 X181.874 Y45.804 E402.20217
G1 X182.211 Y45.95 E402.21439
G1 X182.556 Y46.012 E402.22605
G1 X182.922 Y45.989 E402.23824
G1 X183.262 Y45.888 E402.25004
G0 F15000 X183.42 Y46.258
;TYPE:WALL-OUTER
G1 F600 X183.811 Y46.034 E402.26503
G1 X184.137 Y45.726 E402.27995
G1 X184.391 Y45.341 E402.29529
G1 X184.544 Y44.921 E402.31015
G1 X184.598 Y44.469 E402.32529
G1 X184.544 Y44.019 E402.34037
G1 X184.392 Y43.599 E402.35523
G1 X184.137 Y43.214 E402.37058
G1 X183.811 Y42.906 E402.3855
G1 X183.42 Y42.681 E402.40051
G1 X182.992 Y42.551 E402.41538
G1 X182.532 Y42.526 E402.43071
G1 X182.094 Y42.602 E402.44549
G1 X181.673 Y42.783 E402.46073
G1 X181.311 Y43.055 E402.47579
G1 X181.021 Y43.399 E402.49076
G1 X180.822 Y43.798 E402.50559
G1 X180.712 Y44.248 E402.52099
G1 X180.712 Y44.692 E402.53576
G1 X180.822 Y45.142 E402.55117
G1 X181.021 Y45.541 E402.566
G1 X181.31 Y45.885 E402.58094
G1 X181.673 Y46.153 E402.59595
G1 X182.095 Y46.335 E402.61124
G1 X182.532 Y46.414 E402.62601
G1 X182.992 Y46.385 E402.64134
G1 X183.42 Y46.258 E402.65619
G0 F15000 X182.946 Y45.469
;TYPE:FILL
G1 F600 X183.405 Y43.76 E402.71504
G1 X183.367 Y43.714
G1 X181.655 Y44.172 E402.77398
G1 X181.635 Y44.227
G1 X182.886 Y45.478 E402.83283
G0 F15000 X182.857 Y45.375
;MESH:NONMESH
G0 F300 X182.857 Y45.375 Z16.4
G0 F15000 X183.103 Y45.518
;TIME_ELAPSED:928.929301
;LAYER:81
;note -- min layer time used
;TYPE:WALL-INNER
;MESH:WheelAdapter_v6.stl
G1 F600 X183.331 Y45.387 E402.84157
G1 X183.521 Y45.208 E402.85026
G1 X183.671 Y44.979 E402.85936
G1 X183.76 Y44.735 E402.868
G1 X183.792 Y44.47 E402.87688
G1 X183.761 Y44.206 E402.88572
G1 X183.672 Y43.96 E402.89442
G1 X183.521 Y43.732 E402.90352
G1 X183.331 Y43.553 E402.9122
G1 X183.1 Y43.42 E402.92106
G1 X182.852 Y43.344 E402.92969
G1 X182.579 Y43.33 E402.93878
G1 X182.324 Y43.374 E402.94739
G1 X182.077 Y43.48 E402.95633
G1 X181.864 Y43.64 E402.96519
G1 X181.694 Y43.842 E402.97397
G1 X181.578 Y44.074 E402.9826
G1 X181.512 Y44.344 E402.99184
G1 X181.512 Y44.596 E403.00022
G1 X181.578 Y44.866 E403.00947
G1 X181.694 Y45.098 E403.0181
G1 X181.862 Y45.298 E403.02678
G1 X182.075 Y45.455 E403.03558
G1 X182.328 Y45.564 E403.04475
G1 X182.579 Y45.61 E403.05323
G1 X182.852 Y45.592 E403.06233
G1 X183.103 Y45.518 E403.07104
G0 F15000 X183.262 Y45.888
G1 F600 X183.571 Y45.71 E403.0829
G1 X183.829 Y45.467 E403.09469
G1 X184.031 Y45.16 E403.10691
G1 X184.152 Y44.828 E403.11866
G1 X184.195 Y44.469 E403.13069
G1 X184.152 Y44.112 E403.14265
G1 X184.032 Y43.78 E403.15439
G1 X183.829 Y43.473 E403.16663
G1 X183.571 Y43.229 E403.17844
G1 X183.26 Y43.051 E403.19036
G1 X182.922 Y42.948 E403.20211
G1 X182.556 Y42.928 E403.2143
G1 X182.209 Y42.988 E403.22602
G1 X181.875 Y43.131 E403.2381
G1 X181.587 Y43.348 E403.25009
G1 X181.357 Y43.621 E403.26197
G1 X181.2 Y43.936 E403.27367
G1 X181.112 Y44.296 E403.286
G1 X181.112 Y44.644 E403.29757
G1 X181.2 Y45.004 E403.3099
G1 X181.357 Y45.32 E403.32163
G1 X181.586 Y45.591 E403.33344
G1 X181.874 Y45.804 E403.34535
G1 X182.211 Y45.95 E403.35756
G1 X182.556 Y46.012 E403.36922
G1 X182.922 Y45.989 E403.38142
G1 X183.262 Y45.888 E403.39322
G0 F15000 X183.42 Y46.258
;TYPE:WALL-OUTER
G1 F600 X183.811 Y46.034 E403.40821
G1 X184.137 Y45.726 E403.42312
G1 X184.391 Y45.341 E403.43846
G1 X184.544 Y44.921 E403.45333
G1 X184.598 Y44.469 E403.46847
G1 X184.544 Y44.019 E403.48354
G1 X184.392 Y43.599 E403.4984
G1 X184.137 Y43.214 E403.51376
G1 X183.811 Y42.906 E403.52868
G1 X183.42 Y42.681 E403.54368
G1 X182.992 Y42.551 E403.55856
G1 X182.532 Y42.526 E403.57388
G1 X182.094 Y42.602 E403.58867
G1 X181.673 Y42.783 E403.60391
G1 X181.311 Y43.055 E403.61897
G1 X181.021 Y43.399 E403.63393
G1 X180.822 Y43.798 E403.64876
G1 X180.712 Y44.248 E403.66417
G1 X180.712 Y44.692 E403.67894
G1 X180.822 Y45.142 E403.69435
G1 X181.021 Y45.541 E403.70918
G1 X181.31 Y45.885 E403.72412
G1 X181.673 Y46.153 E403.73913
G1 X182.095 Y46.335 E403.75441
G1 X182.532 Y46.414 E403.76918
G1 X182.992 Y46.385 E403.78451
G1 X183.42 Y46.258 E403.79936
G0 F15000 X183.056 Y45.449
;TYPE:FILL
G1 F600 X181.688 Y44.08 E403.86373
G0 F15000 X181.597 Y44.334
G1 F600 X183.466 Y43.833 E403.92809
G0 F15000 X183.294 Y43.627
G1 F600 X182.793 Y45.497 E403.99248
G0 F15000 X182.788 Y45.39
;MESH:NONMESH
G0 F300 X182.788 Y45.39 Z16.6
G0 F15000 X183.103 Y45.518
;TIME_ELAPSED:932.812500
;LAYER:82
;note -- min layer time used
;TYPE:WALL-INNER
;MESH:WheelAdapter_v6.stl
G1 F600 X183.331 Y45.387 E404.00122
G1 X183.521 Y45.208 E404.00991
G1 X183.671 Y44.979 E404.01901
G1 X183.76 Y44.735 E404.02765
G1 X183.792 Y44.47 E404.03653
G1 X183.761 Y44.206 E404.04537
G1 X183.672 Y43.96 E404.05407
G1 X183.521 Y43.732 E404.06317
G1 X183.331 Y43.553 E404.07185
G1 X183.1 Y43.42 E404.08071
G1 X182.852 Y43.344 E404.08934
G1 X182.579 Y43.33 E404.09843
G1 X182.324 Y43.374 E404.10704
G1 X182.077 Y43.48 E404.11598
G1 X181.864 Y43.64 E404.12484
G1 X181.694 Y43.842 E404.13362
G1 X181.578 Y44.074 E404.14225
G1 X181.512 Y44.344 E404.15149
G1 X181.512 Y44.596 E404.15987
G1 X181.578 Y44.866 E404.16912
G1 X181.694 Y45.098 E404.17775
G1 X181.862 Y45.298 E404.18643
G1 X182.075 Y45.455 E404.19523
G1 X182.328 Y45.564 E404.2044
G1 X182.579 Y45.61 E404.21288
G1 X182.852 Y45.592 E404.22198
G1 X183.103 Y45.518 E404.23069
G0 F15000 X183.262 Y45.888
G1 F600 X183.571 Y45.71 E404.24255
G1 X183.829 Y45.467 E404.25434
G1 X184.031 Y45.16 E404.26656
G1 X184.152 Y44.828 E404.27831
G1 X184.195 Y44.469 E404.29034
G1 X184.152 Y44.112 E404.3023
G1 X184.032 Y43.78 E404.31404
G1 X183.829 Y43.473 E404.32628
G1 X183.571 Y43.229 E404.33809
G1 X183.26 Y43.051 E404.35001
G1 X182.922 Y42.948 E404.36176
G1 X182.556 Y42.928 E404.37395
G1 X182.209 Y42.988 E404.38567
G1 X181.875 Y43.131 E404.39775
G1 X181.587 Y43.348 E404.40974
G1 X181.357 Y43.621 E404.42162
G1 X181.2 Y43.936 E404.43332
G1 X181.112 Y44.296 E404.44565
G1 X181.112 Y44.644 E404.45722
G1 X181.2 Y45.004 E404.46955
G1 X181.357 Y45.32 E404.48129
G1 X181.586 Y45.591 E404.49309
G1 X181.874 Y45.804 E404.505
G1 X182.211 Y45.95 E404.51722
G1 X182.556 Y46.012 E404.52887
G1 X182.922 Y45.989 E404.54107
G1 X183.262 Y45.888 E404.55287
G0 F15000 X183.42 Y46.258
;TYPE:WALL-OUTER
G1 F600 X183.811 Y46.034 E404.56786
G1 X184.137 Y45.726 E404.58277
G1 X184.391 Y45.341 E404.59811
G1 X184.544 Y44.921 E404.61298
G1 X184.598 Y44.469 E404.62812
G1 X184.544 Y44.019 E404.6432
G1 X184.392 Y43.599 E404.65805
G1 X184.137 Y43.214 E404.67341
G1 X183.811 Y42.906 E404.68833
G1 X183.42 Y42.681 E404.70333
G1 X182.992 Y42.551 E404.71821
G1 X182.532 Y42.526 E404.73353
G1 X182.094 Y42.602 E404.74832
G1 X181.673 Y42.783 E404.76356
G1 X181.311 Y43.055 E404.77862
G1 X181.021 Y43.399 E404.79358
G1 X180.822 Y43.798 E404.80841
G1 X180.712 Y44.248 E404.82382
G1 X180.712 Y44.692 E404.83859
G1 X180.822 Y45.142 E404.854
G1 X181.021 Y45.541 E404.86883
G1 X181.31 Y45.885 E404.88377
G1 X181.673 Y46.153 E404.89878
G1 X182.095 Y46.335 E404.91406
G1 X182.532 Y46.414 E404.92883
G1 X182.992 Y46.385 E404.94416
G1 X183.42 Y46.258 E404.95901
G0 F15000 X183.175 Y45.369
;TYPE:FILL
G1 F600 X181.741 Y43.934 E405.02649
G0 F15000 X181.593 Y44.481
G1 F600 X183.566 Y43.952 E405.09443
G0 F15000 X183.165 Y43.563
G1 F600 X182.64 Y45.523 E405.16191
G0 F15000 X182.634 Y45.399
;MESH:NONMESH
G0 F300 X182.634 Y45.399 Z16.8
G0 F15000 X183.103 Y45.518
;TIME_ELAPSED:936.775166
;LAYER:83
;note -- min layer time used
;TYPE:WALL-INNER
;MESH:WheelAdapter_v6.stl
G1 F600 X183.331 Y45.387 E405.17066
G1 X183.521 Y45.208 E405.17934
G1 X183.671 Y44.979 E405.18845
G1 X183.76 Y44.735 E405.19709
G1 X183.792 Y44.47 E405.20596
G1 X183.761 Y44.206 E405.2148
G1 X183.672 Y43.96 E405.22351
G1 X183.521 Y43.732 E405.2326
G1 X183.331 Y43.553 E405.24128
G1 X183.1 Y43.42 E405.25015
G1 X182.852 Y43.344 E405.25878
G1 X182.579 Y43.33 E405.26787
G1 X182.324 Y43.374 E405.27647
G1 X182.077 Y43.48 E405.28541
G1 X181.864 Y43.64 E405.29427
G1 X181.694 Y43.842 E405.30306
G1 X181.578 Y44.074 E405.31168
G1 X181.512 Y44.344 E405.32093
G1 X181.512 Y44.596 E405.32931
G1 X181.578 Y44.866 E405.33855
G1 X181.694 Y45.098 E405.34718
G1 X181.862 Y45.298 E405.35587
G1 X182.075 Y45.455 E405.36467
G1 X182.328 Y45.564 E405.37383
G1 X182.579 Y45.61 E405.38232
G1 X182.852 Y45.592 E405.39142
G1 X183.103 Y45.518 E405.40012
G0 F15000 X183.262 Y45.888
G1 F600 X183.571 Y45.71 E405.41198
G1 X183.829 Y45.467 E405.42377
G1 X184.031 Y45.16 E405.43599
G1 X184.152 Y44.828 E405.44775
G1 X184.195 Y44.469 E405.45977
G1 X184.152 Y44.112 E405.47173
G1 X184.032 Y43.78 E405.48347
G1 X183.829 Y43.473 E405.49572
G1 X183.571 Y43.229 E405.50753
G1 X183.26 Y43.051 E405.51944
G1 X182.922 Y42.948 E405.5312
G1 X182.556 Y42.928 E405.54339
G1 X182.209 Y42.988 E405.5551
G1 X181.875 Y43.131 E405.56719
G1 X181.587 Y43.348 E405.57918
G1 X181.357 Y43.621 E405.59105
G1 X181.2 Y43.936 E405.60276
G1 X181.112 Y44.296 E405.61508
G1 X181.112 Y44.644 E405.62666
G1 X181.2 Y45.004 E405.63898
G1 X181.357 Y45.32 E405.65072
G1 X181.586 Y45.591 E405.66252
G1 X181.874 Y45.804 E405.67444
G1 X182.211 Y45.95 E405.68665
G1 X182.556 Y46.012 E405.69831
G1 X182.922 Y45.989 E405.71051
G1 X183.262 Y45.888 E405.7223
G0 F15000 X183.42 Y46.258
;TYPE:WALL-OUTER
G1 F600 X183.811 Y46.034 E405.73729
G1 X184.137 Y45.726 E405.75221
G1 X184.391 Y45.341 E405.76755
G1 X184.544 Y44.921 E405.78242
G1 X184.598 Y44.469 E405.79756
G1 X184.544 Y44.019 E405.81263
G1 X184.392 Y43.599 E405.82749
G1 X184.137 Y43.214 E405.84285
G1 X183.811 Y42.906 E405.85776
G1 X183.42 Y42.681 E405.87277
G1 X182.992 Y42.551 E405.88764
G1 X182.532 Y42.526 E405.90297
G1 X182.094 Y42.602 E405.91775
G1 X181.673 Y42.783 E405.93299
G1 X181.311 Y43.055 E405.94805
G1 X181.021 Y43.399 E405.96302
G1 X180.822 Y43.798 E405.97785
G1 X180.712 Y44.248 E405.99326
G1 X180.712 Y44.692 E406.00802
G1 X180.822 Y45.142 E406.02343
G1 X181.021 Y45.541 E406.03826
G1 X181.31 Y45.885 E406.0532
G1 X181.673 Y46.153 E406.06821
G1 X182.095 Y46.335 E406.0835
G1 X182.532 Y46.414 E406.09827
G1 X182.992 Y46.385 E406.1136
G1 X183.42 Y46.258 E406.12845
G0 F15000 X183.291 Y45.283
;TYPE:FILL
G1 F600 X181.828 Y43.82 E406.19726
G0 F15000 X181.603 Y44.625
G1 F600 X183.623 Y44.084 E406.26681
G0 F15000 X183.033 Y43.507
G1 F600 X182.495 Y45.514 E406.33592
G0 F15000 X182.518 Y45.388
;MESH:NONMESH
G0 F300 X182.518 Y45.388 Z17
G0 F15000 X183.103 Y45.518
;TIME_ELAPSED:940.788519
;LAYER:84
;note -- min layer time used
;TYPE:WALL-INNER
;MESH:WheelAdapter_v6.stl
G1 F600 X183.331 Y45.387 E406.34467
G1 X183.521 Y45.208 E406.35335
G1 X183.671 Y44.979 E406.36246
G1 X183.76 Y44.735 E406.3711
G1 X183.792 Y44.47 E406.37997
G1 X183.761 Y44.206 E406.38882
G1 X183.672 Y43.96 E406.39752
G1 X183.521 Y43.732 E406.40661
G1 X183.331 Y43.553 E406.41529
G1 X183.1 Y43.42 E406.42416
G1 X182.852 Y43.344 E406.43279
G1 X182.579 Y43.33 E406.44188
G1 X182.324 Y43.374 E406.45049
G1 X182.077 Y43.48 E406.45943
G1 X181.864 Y43.64 E406.46829
G1 X181.694 Y43.842 E406.47707
G1 X181.578 Y44.074 E406.48569
G1 X181.512 Y44.344 E406.49494
G1 X181.512 Y44.596 E406.50332
G1 X181.578 Y44.866 E406.51256
G1 X181.694 Y45.098 E406.52119
G1 X181.862 Y45.298 E406.52988
G1 X182.075 Y45.455 E406.53868
G1 X182.328 Y45.564 E406.54784
G1 X182.579 Y45.61 E406.55633
G1 X182.852 Y45.592 E406.56543
G1 X183.103 Y45.518 E406.57413
G0 F15000 X183.262 Y45.888
G1 F600 X183.571 Y45.71 E406.58599
G1 X183.829 Y45.467 E406.59778
G1 X184.031 Y45.16 E406.61001
G1 X184.152 Y44.828 E406.62176
G1 X184.195 Y44.469 E406.63378
G1 X184.152 Y44.112 E406.64574
G1 X184.032 Y43.78 E406.65749
G1 X183.829 Y43.473 E406.66973
G1 X183.571 Y43.229 E406.68154
G1 X183.26 Y43.051 E406.69346
G1 X182.922 Y42.948 E406.70521
G1 X182.556 Y42.928 E406.7174
G1 X182.209 Y42.988 E406.72911
G1 X181.875 Y43.131 E406.7412
G1 X181.587 Y43.348 E406.75319
G1 X181.357 Y43.621 E406.76506
G1 X181.2 Y43.936 E406.77677
G1 X181.112 Y44.296 E406.78909
G1 X181.112 Y44.644 E406.80067
G1 X181.2 Y45.004 E406.813
G1 X181.357 Y45.32 E406.82473
G1 X181.586 Y45.591 E406.83653
G1 X181.874 Y45.804 E406.84845
G1 X182.211 Y45.95 E406.86066
G1 X182.556 Y46.012 E406.87232
G1 X182.922 Y45.989 E406.88452
G1 X183.262 Y45.888 E406.89631
G0 F15000 X183.42 Y46.258
;TYPE:WALL-OUTER
G1 F600 X183.811 Y46.034 E406.9113
G1 X184.137 Y45.726 E406.92622
G1 X184.391 Y45.341 E406.94156
G1 X184.544 Y44.921 E406.95643
G1 X184.598 Y44.469 E406.97157
G1 X184.544 Y44.019 E406.98664
G1 X184.392 Y43.599 E407.0015
G1 X184.137 Y43.214 E407.01686
G1 X183.811 Y42.906 E407.03177
G1 X183.42 Y42.681 E407.04678
G1 X182.992 Y42.551 E407.06166
G1 X182.532 Y42.526 E407.07698
G1 X182.094 Y42.602 E407.09176
G1 X181.673 Y42.783 E407.107
G1 X181.311 Y43.055 E407.12206
G1 X181.021 Y43.399 E407.13703
G1 X180.822 Y43.798 E407.15186
G1 X180.712 Y44.248 E407.16727
G1 X180.712 Y44.692 E407.18203
G1 X180.822 Y45.142 E407.19744
G1 X181.021 Y45.541 E407.21227
G1 X181.31 Y45.885 E407.22722
G1 X181.673 Y46.153 E407.24222
G1 X182.095 Y46.335 E407.25751
G1 X182.532 Y46.414 E407.27228
G1 X182.992 Y46.385 E407.28761
G1 X183.42 Y46.258 E407.30246
G0 F15000 X183.301 Y45.974
G0 X183.405 Y45.198
;TYPE:FILL
G1 F600 X181.93 Y43.723 E407.37184
G0 F15000 X182.903 Y43.45
G1 F600 X182.356 Y45.488 E407.44202
G0 F15000 X181.651 Y44.758
G1 F600 X183.654 Y44.222 E407.51098
G0 F15000 X183.557 Y44.254
;MESH:NONMESH
G0 F300 X183.557 Y44.254 Z17.2
G0 F15000 X183.103 Y45.518
;TIME_ELAPSED:944.857605
;LAYER:85
;note -- min layer time used
;TYPE:WALL-INNER
;MESH:WheelAdapter_v6.stl
G1 F600 X183.331 Y45.387 E407.51973
G1 X183.521 Y45.208 E407.52841
G1 X183.671 Y44.979 E407.53752
G1 X183.76 Y44.735 E407.54616
G1 X183.792 Y44.47 E407.55503
G1 X183.761 Y44.206 E407.56387
G1 X183.672 Y43.96 E407.57258
G1 X183.521 Y43.732 E407.58167
G1 X183.331 Y43.553 E407.59035
G1 X183.1 Y43.42 E407.59922
G1 X182.852 Y43.344 E407.60785
G1 X182.579 Y43.33 E407.61694
G1 X182.324 Y43.374 E407.62554
G1 X182.077 Y43.48 E407.63448
G1 X181.864 Y43.64 E407.64335
G1 X181.694 Y43.842 E407.65213
G1 X181.578 Y44.074 E407.66075
G1 X181.512 Y44.344 E407.67
G1 X181.512 Y44.596 E407.67838
G1 X181.578 Y44.866 E407.68762
G1 X181.694 Y45.098 E407.69625
G1 X181.862 Y45.298 E407.70494
G1 X182.075 Y45.455 E407.71374
G1 X182.328 Y45.564 E407.7229
G1 X182.579 Y45.61 E407.73139
G1 X182.852 Y45.592 E407.74049
G1 X183.103 Y45.518 E407.74919
G0 F15000 X183.262 Y45.888
G1 F600 X183.571 Y45.71 E407.76105
G1 X183.829 Y45.467 E407.77284
G1 X184.031 Y45.16 E407.78506
G1 X184.152 Y44.828 E407.79682
G1 X184.195 Y44.469 E407.80884
G1 X184.152 Y44.112 E407.8208
G1 X184.032 Y43.78 E407.83254
G1 X183.829 Y43.473 E407.84479
G1 X183.571 Y43.229 E407.8566
G1 X183.26 Y43.051 E407.86852
G1 X182.922 Y42.948 E407.88027
G1 X182.556 Y42.928 E407.89246
G1 X182.209 Y42.988 E407.90417
G1 X181.875 Y43.131 E407.91626
G1 X181.587 Y43.348 E407.92825
G1 X181.357 Y43.621 E407.94012
G1 X181.2 Y43.936 E407.95183
G1 X181.112 Y44.296 E407.96415
G1 X181.112 Y44.644 E407.97573
G1 X181.2 Y45.004 E407.98806
G1 X181.357 Y45.32 E407.99979
G1 X181.586 Y45.591 E408.01159
G1 X181.874 Y45.804 E408.02351
G1 X182.211 Y45.95 E408.03572
G1 X182.556 Y46.012 E408.04738
G1 X182.922 Y45.989 E408.05958
G1 X183.262 Y45.888 E408.07137
G0 F15000 X183.42 Y46.258
;TYPE:WALL-OUTER
G1 F600 X183.811 Y46.034 E408.08636
G1 X184.137 Y45.726 E408.10128
G1 X184.391 Y45.341 E408.11662
G1 X184.544 Y44.921 E408.13149
G1 X184.598 Y44.469 E408.14663
G1 X184.544 Y44.019 E408.1617
G1 X184.392 Y43.599 E408.17656
G1 X184.137 Y43.214 E408.19192
G1 X183.811 Y42.906 E408.20683
G1 X183.42 Y42.681 E408.22184
G1 X182.992 Y42.551 E408.23671
G1 X182.532 Y42.526 E408.25204
G1 X182.094 Y42.602 E408.26682
G1 X181.673 Y42.783 E408.28206
G1 X181.311 Y43.055 E408.29712
G1 X181.021 Y43.399 E408.31209
G1 X180.822 Y43.798 E408.32692
G1 X180.712 Y44.248 E408.34233
G1 X180.712 Y44.692 E408.35709
G1 X180.822 Y45.142 E408.3725
G1 X181.021 Y45.541 E408.38733
G1 X181.31 Y45.885 E408.40227
G1 X181.673 Y46.153 E408.41728
G1 X182.095 Y46.335 E408.43257
G1 X182.532 Y46.414 E408.44734
G1 X182.992 Y46.385 E408.46267
G1 X183.42 Y46.258 E408.47752
G0 F15000 X183.301 Y45.974
G0 X183.501 Y45.094
;TYPE:FILL
G1 F600 X182.033 Y43.626 E408.54657
G0 F15000 X182.762 Y43.425
G1 F600 X182.228 Y45.42 E408.61526
G0 F15000 X181.699 Y44.892
G1 F600 X183.686 Y44.36 E408.68367
G0 F15000 X183.57 Y44.371
;MESH:NONMESH
G0 F300 X183.57 Y44.371 Z17.4
G0 F15000 X183.103 Y45.518
;TIME_ELAPSED:948.900019
;LAYER:86
;note -- min layer time used
;TYPE:WALL-INNER
;MESH:WheelAdapter_v6.stl
G1 F600 X183.331 Y45.387 E408.69242
G1 X183.521 Y45.208 E408.7011
G1 X183.671 Y44.979 E408.71021
G1 X183.76 Y44.735 E408.71884
G1 X183.792 Y44.47 E408.72772
G1 X183.761 Y44.206 E408.73656
G1 X183.672 Y43.96 E408.74526
G1 X183.521 Y43.732 E408.75436
G1 X183.331 Y43.553 E408.76304
G1 X183.1 Y43.42 E408.77191
G1 X182.852 Y43.344 E408.78053
G1 X182.579 Y43.33 E408.78963
G1 X182.324 Y43.374 E408.79823
G1 X182.077 Y43.48 E408.80717
G1 X181.864 Y43.64 E408.81603
G1 X181.694 Y43.842 E408.82481
G1 X181.578 Y44.074 E408.83344
G1 X181.512 Y44.344 E408.84269
G1 X181.512 Y44.596 E408.85107
G1 X181.578 Y44.866 E408.86031
G1 X181.694 Y45.098 E408.86894
G1 X181.862 Y45.298 E408.87763
G1 X182.075 Y45.455 E408.88643
G1 X182.328 Y45.564 E408.89559
G1 X182.579 Y45.61 E408.90408
G1 X182.852 Y45.592 E408.91318
G1 X183.103 Y45.518 E408.92188
G0 F15000 X183.262 Y45.888
G1 F600 X183.571 Y45.71 E408.93374
G1 X183.829 Y45.467 E408.94553
G1 X184.031 Y45.16 E408.95775
G1 X184.152 Y44.828 E408.96951
G1 X184.195 Y44.469 E408.98153
G1 X184.152 Y44.112 E408.99349
G1 X184.032 Y43.78 E409.00523
G1 X183.829 Y43.473 E409.01747
G1 X183.571 Y43.229 E409.02929
G1 X183.26 Y43.051 E409.0412
G1 X182.922 Y42.948 E409.05296
G1 X182.556 Y42.928 E409.06515
G1 X182.209 Y42.988 E409.07686
G1 X181.875 Y43.131 E409.08894
G1 X181.587 Y43.348 E409.10094
G1 X181.357 Y43.621 E409.11281
G1 X181.2 Y43.936 E409.12452
G1 X181.112 Y44.296 E409.13684
G1 X181.112 Y44.644 E409.14842
G1 X181.2 Y45.004 E409.16074
G1 X181.357 Y45.32 E409.17248
G1 X181.586 Y45.591 E409.18428
G1 X181.874 Y45.804 E409.19619
G1 X182.211 Y45.95 E409.20841
G1 X182.556 Y46.012 E409.22007
G1 X182.922 Y45.989 E409.23227
G1 X183.262 Y45.888 E409.24406
G0 F15000 X183.42 Y46.258
;TYPE:WALL-OUTER
G1 F600 X183.811 Y46.034 E409.25905
G1 X184.137 Y45.726 E409.27397
G1 X184.391 Y45.341 E409.28931
G1 X184.544 Y44.921 E409.30417
G1 X184.598 Y44.469 E409.31932
G1 X184.544 Y44.019 E409.33439
G1 X184.392 Y43.599 E409.34925
G1 X184.137 Y43.214 E409.3646
G1 X183.811 Y42.906 E409.37952
G1 X183.42 Y42.681 E409.39453
G1 X182.992 Y42.551 E409.4094
G1 X182.532 Y42.526 E409.42473
G1 X182.094 Y42.602 E409.43951
G1 X181.673 Y42.783 E409.45475
G1 X181.311 Y43.055 E409.46981
G1 X181.021 Y43.399 E409.48478
G1 X180.822 Y43.798 E409.49961
G1 X180.712 Y44.248 E409.51502
G1 X180.712 Y44.692 E409.52978
G1 X180.822 Y45.142 E409.54519
G1 X181.021 Y45.541 E409.56002
G1 X181.31 Y45.885 E409.57496
G1 X181.673 Y46.153 E409.58997
G1 X182.095 Y46.335 E409.60526
G1 X182.532 Y46.414 E409.62003
G1 X182.992 Y46.385 E409.63536
G1 X183.42 Y46.258 E409.65021
G0 F15000 X183.301 Y45.974
G0 X183.58 Y44.973
;TYPE:FILL
G1 F600 X182.145 Y43.538 E409.7177
G0 F15000 X182.614 Y43.433
G1 F600 X182.101 Y45.347 E409.78361
G0 F15000 X181.746 Y45.026
G1 F600 X183.704 Y44.501 E409.85103
G0 F15000 X183.581 Y44.487
;MESH:NONMESH
G0 F300 X183.581 Y44.487 Z17.6
G0 F15000 X183.103 Y45.518
;TIME_ELAPSED:952.900637
;LAYER:87
;note -- min layer time used
;TYPE:WALL-INNER
;MESH:WheelAdapter_v6.stl
G1 F600 X183.331 Y45.387 E409.85978
G1 X183.521 Y45.208 E409.86846
G1 X183.671 Y44.979 E409.87757
G1 X183.76 Y44.735 E409.88621
G1 X183.792 Y44.47 E409.89508
G1 X183.761 Y44.206 E409.90392
G1 X183.672 Y43.96 E409.91263
G1 X183.521 Y43.732 E409.92172
G1 X183.331 Y43.553 E409.9304
G1 X183.1 Y43.42 E409.93927
G1 X182.852 Y43.344 E409.9479
G1 X182.579 Y43.33 E409.95699
G1 X182.324 Y43.374 E409.96559
G1 X182.077 Y43.48 E409.97453
G1 X181.864 Y43.64 E409.98339
G1 X181.694 Y43.842 E409.99218
G1 X181.578 Y44.074 E410.0008
G1 X181.512 Y44.344 E410.01005
G1 X181.512 Y44.596 E410.01843
G1 X181.578 Y44.866 E410.02767
G1 X181.694 Y45.098 E410.0363
G1 X181.862 Y45.298 E410.04499
G1 X182.075 Y45.455 E410.05379
G1 X182.328 Y45.564 E410.06295
G1 X182.579 Y45.61 E410.07144
G1 X182.852 Y45.592 E410.08054
G1 X183.103 Y45.518 E410.08924
G0 F15000 X183.262 Y45.888
G1 F600 X183.571 Y45.71 E410.1011
G1 X183.829 Y45.467 E410.11289
G1 X184.031 Y45.16 E410.12511
G1 X184.152 Y44.828 E410.13687
G1 X184.195 Y44.469 E410.14889
G1 X184.152 Y44.112 E410.16085
G1 X184.032 Y43.78 E410.17259
G1 X183.829 Y43.473 E410.18484
G1 X183.571 Y43.229 E410.19665
G1 X183.26 Y43.051 E410.20856
G1 X182.922 Y42.948 E410.22032
G1 X182.556 Y42.928 E410.23251
G1 X182.209 Y42.988 E410.24422
G1 X181.875 Y43.131 E410.25631
G1 X181.587 Y43.348 E410.2683
G1 X181.357 Y43.621 E410.28017
G1 X181.2 Y43.936 E410.29188
G1 X181.112 Y44.296 E410.3042
G1 X181.112 Y44.644 E410.31578
G1 X181.2 Y45.004 E410.3281
G1 X181.357 Y45.32 E410.33984
G1 X181.586 Y45.591 E410.35164
G1 X181.874 Y45.804 E410.36356
G1 X182.211 Y45.95 E410.37577
G1 X182.556 Y46.012 E410.38743
G1 X182.922 Y45.989 E410.39963
G1 X183.262 Y45.888 E410.41142
G0 F15000 X183.42 Y46.258
;TYPE:WALL-OUTER
G1 F600 X183.811 Y46.034 E410.42641
G1 X184.137 Y45.726 E410.44133
G1 X184.391 Y45.341 E410.45667
G1 X184.544 Y44.921 E410.47154
G1 X184.598 Y44.469 E410.48668
G1 X184.544 Y44.019 E410.50175
G1 X184.392 Y43.599 E410.51661
G1 X184.137 Y43.214 E410.53197
G1 X183.811 Y42.906 E410.54688
G1 X183.42 Y42.681 E410.56189
G1 X182.992 Y42.551 E410.57676
G1 X182.532 Y42.526 E410.59209
G1 X182.094 Y42.602 E410.60687
G1 X181.673 Y42.783 E410.62211
G1 X181.311 Y43.055 E410.63717
G1 X181.021 Y43.399 E410.65214
G1 X180.822 Y43.798 E410.66697
G1 X180.712 Y44.248 E410.68238
G1 X180.712 Y44.692 E410.69714
G1 X180.822 Y45.142 E410.71255
G1 X181.021 Y45.541 E410.72738
G1 X181.31 Y45.885 E410.74232
G1 X181.673 Y46.153 E410.75733
G1 X182.095 Y46.335 E410.77262
G1 X182.532 Y46.414 E410.78739
G1 X182.992 Y46.385 E410.80272
G1 X183.42 Y46.258 E410.81757
G0 F15000 X183.301 Y45.974
G0 X183.631 Y44.823
;TYPE:FILL
G1 F600 X182.285 Y43.477 E410.88088
G1 X182.465 Y43.442
G1 X181.974 Y45.275 E410.94399
G1 X181.838 Y45.148
G1 X183.668 Y44.658 E411.007
G0 F15000 X183.563 Y44.646
;MESH:NONMESH
G0 F300 X183.563 Y44.646 Z17.8
G0 F15000 X183.103 Y45.518
;TIME_ELAPSED:956.802816
;LAYER:88
;note -- min layer time used
;TYPE:WALL-INNER
;MESH:WheelAdapter_v6.stl
G1 F600 X183.331 Y45.387 E411.01575
G1 X183.521 Y45.208 E411.02443
G1 X183.671 Y44.979 E411.03354
G1 X183.76 Y44.735 E411.04218
G1 X183.792 Y44.47 E411.05105
G1 X183.761 Y44.206 E411.05989
G1 X183.672 Y43.96 E411.0686
G1 X183.521 Y43.732 E411.07769
G1 X183.331 Y43.553 E411.08637
G1 X183.1 Y43.42 E411.09524
G1 X182.852 Y43.344 E411.10387
G1 X182.579 Y43.33 E411.11296
G1 X182.324 Y43.374 E411.12156
G1 X182.077 Y43.48 E411.1305
G1 X181.864 Y43.64 E411.13936
G1 X181.694 Y43.842 E411.14815
G1 X181.578 Y44.074 E411.15677
G1 X181.512 Y44.344 E411.16602
G1 X181.512 Y44.596 E411.1744
G1 X181.578 Y44.866 E411.18364
G1 X181.694 Y45.098 E411.19227
G1 X181.862 Y45.298 E411.20096
G1 X182.075 Y45.455 E411.20976
G1 X182.328 Y45.564 E411.21892
G1 X182.579 Y45.61 E411.22741
G1 X182.852 Y45.592 E411.23651
G1 X183.103 Y45.518 E411.24521
G0 F15000 X183.262 Y45.888
G1 F600 X183.571 Y45.71 E411.25707
G1 X183.829 Y45.467 E411.26886
G1 X184.031 Y45.16 E411.28108
G1 X184.152 Y44.828 E411.29284
G1 X184.195 Y44.469 E411.30486
G1 X184.152 Y44.112 E411.31682
G1 X184.032 Y43.78 E411.32856
G1 X183.829 Y43.473 E411.34081
G1 X183.571 Y43.229 E411.35262
G1 X183.26 Y43.051 E411.36453
G1 X182.922 Y42.948 E411.37629
G1 X182.556 Y42.928 E411.38848
G1 X182.209 Y42.988 E411.40019
G1 X181.875 Y43.131 E411.41227
G1 X181.587 Y43.348 E411.42427
G1 X181.357 Y43.621 E411.43614
G1 X181.2 Y43.936 E411.44785
G1 X181.112 Y44.296 E411.46017
G1 X181.112 Y44.644 E411.47175
G1 X181.2 Y45.004 E411.48407
G1 X181.357 Y45.32 E411.49581
G1 X181.586 Y45.591 E411.50761
G1 X181.874 Y45.804 E411.51953
G1 X182.211 Y45.95 E411.53174
G1 X182.556 Y46.012 E411.5434
G1 X182.922 Y45.989 E411.5556
G1 X183.262 Y45.888 E411.56739
G0 F15000 X183.42 Y46.258
;TYPE:WALL-OUTER
G1 F600 X183.811 Y46.034 E411.58238
G1 X184.137 Y45.726 E411.5973
G1 X184.391 Y45.341 E411.61264
G1 X184.544 Y44.921 E411.62751
G1 X184.598 Y44.469 E411.64265
G1 X184.544 Y44.019 E411.65772
G1 X184.392 Y43.599 E411.67258
G1 X184.137 Y43.214 E411.68794
G1 X183.811 Y42.906 E411.70285
G1 X183.42 Y42.681 E411.71786
G1 X182.992 Y42.551 E411.73273
G1 X182.532 Y42.526 E411.74806
G1 X182.094 Y42.602 E411.76284
G1 X181.673 Y42.783 E411.77808
G1 X181.311 Y43.055 E411.79314
G1 X181.021 Y43.399 E411.80811
G1 X180.822 Y43.798 E411.82294
G1 X180.712 Y44.248 E411.83835
G1 X180.712 Y44.692 E411.85311
G1 X180.822 Y45.142 E411.86852
G1 X181.021 Y45.541 E411.88335
G1 X181.31 Y45.885 E411.89829
G1 X181.673 Y46.153 E411.9133
G1 X182.095 Y46.335 E411.92859
G1 X182.532 Y46.414 E411.94336
G1 X182.992 Y46.385 E411.95869
G1 X183.42 Y46.258 E411.97354
G0 F15000 X183.301 Y45.974
G0 X183.632 Y44.814
;TYPE:FILL
G1 F600 X181.953 Y45.263 E412.03134
G1 X181.856 Y45.168
G1 X182.313 Y43.465 E412.08999
G1 X182.45 Y43.443
G1 X183.669 Y44.662 E412.14733
G0 F15000 X183.562 Y44.65
;MESH:NONMESH
G0 F300 X183.562 Y44.65 Z18
G0 F15000 X183.103 Y45.518
;TIME_ELAPSED:960.634693
;LAYER:89
;note -- min layer time used
;TYPE:WALL-INNER
;MESH:WheelAdapter_v6.stl
G1 F600 X183.331 Y45.387 E412.15607
G1 X183.521 Y45.208 E412.16475
G1 X183.671 Y44.979 E412.17386
G1 X183.76 Y44.735 E412.1825
G1 X183.792 Y44.47 E412.19138
G1 X183.761 Y44.206 E412.20022
G1 X183.672 Y43.96 E412.20892
G1 X183.521 Y43.732 E412.21801
G1 X183.331 Y43.553 E412.2267
G1 X183.1 Y43.42 E412.23556
G1 X182.852 Y43.344 E412.24419
G1 X182.579 Y43.33 E412.25328
G1 X182.324 Y43.374 E412.26189
G1 X182.077 Y43.48 E412.27083
G1 X181.864 Y43.64 E412.27969
G1 X181.694 Y43.842 E412.28847
G1 X181.578 Y44.074 E412.2971
G1 X181.512 Y44.344 E412.30634
G1 X181.512 Y44.596 E412.31472
G1 X181.578 Y44.866 E412.32397
G1 X181.694 Y45.098 E412.33259
G1 X181.862 Y45.298 E412.34128
G1 X182.075 Y45.455 E412.35008
G1 X182.328 Y45.564 E412.35924
G1 X182.579 Y45.61 E412.36773
G1 X182.852 Y45.592 E412.37683
G1 X183.103 Y45.518 E412.38554
G0 F15000 X183.262 Y45.888
G1 F600 X183.571 Y45.71 E412.3974
G1 X183.829 Y45.467 E412.40918
G1 X184.031 Y45.16 E412.42141
G1 X184.152 Y44.828 E412.43316
G1 X184.195 Y44.469 E412.44519
G1 X184.152 Y44.112 E412.45715
G1 X184.032 Y43.78 E412.46889
G1 X183.829 Y43.473 E412.48113
G1 X183.571 Y43.229 E412.49294
G1 X183.26 Y43.051 E412.50486
G1 X182.922 Y42.948 E412.51661
G1 X182.556 Y42.928 E412.5288
G1 X182.209 Y42.988 E412.54051
G1 X181.875 Y43.131 E412.5526
G1 X181.587 Y43.348 E412.56459
G1 X181.357 Y43.621 E412.57646
G1 X181.2 Y43.936 E412.58817
G1 X181.112 Y44.296 E412.6005
G1 X181.112 Y44.644 E412.61207
G1 X181.2 Y45.004 E412.6244
G1 X181.357 Y45.32 E412.63613
G1 X181.586 Y45.591 E412.64793
G1 X181.874 Y45.804 E412.65985
G1 X182.211 Y45.95 E412.67206
G1 X182.556 Y46.012 E412.68372
G1 X182.922 Y45.989 E412.69592
G1 X183.262 Y45.888 E412.70772
G0 F15000 X183.42 Y46.258
;TYPE:WALL-OUTER
G1 F600 X183.811 Y46.034 E412.7227
G1 X184.137 Y45.726 E412.73762
G1 X184.391 Y45.341 E412.75296
G1 X184.544 Y44.921 E412.76783
G1 X184.598 Y44.469 E412.78297
G1 X184.544 Y44.019 E412.79804
G1 X184.392 Y43.599 E412.8129
G1 X184.137 Y43.214 E412.82826
G1 X183.811 Y42.906 E412.84318
G1 X183.42 Y42.681 E412.85818
G1 X182.992 Y42.551 E412.87306
G1 X182.532 Y42.526 E412.88838
G1 X182.094 Y42.602 E412.90316
G1 X181.673 Y42.783 E412.91841
G1 X181.311 Y43.055 E412.93347
G1 X181.021 Y43.399 E412.94843
G1 X180.822 Y43.798 E412.96326
G1 X180.712 Y44.248 E412.97867
G1 X180.712 Y44.692 E412.99344
G1 X180.822 Y45.142 E413.00884
G1 X181.021 Y45.541 E413.02367
G1 X181.31 Y45.885 E413.03862
G1 X181.673 Y46.153 E413.05362
G1 X182.095 Y46.335 E413.06891
G1 X182.532 Y46.414 E413.08368
G1 X182.992 Y46.385 E413.09901
G1 X183.42 Y46.258 E413.11386
G0 F15000 X183.301 Y45.974
G0 X183.578 Y44.974
;TYPE:FILL
G1 F600 X182.127 Y45.363 E413.16382
G0 F15000 X181.748 Y45.027
G1 F600 X182.148 Y43.536 E413.21517
G0 F15000 X182.639 Y43.433
G1 F600 X183.707 Y44.5 E413.26538
G0 F15000 X183.581 Y44.486
;MESH:NONMESH
G0 F300 X183.581 Y44.486 Z18.2
G0 F15000 X183.103 Y45.518
;TIME_ELAPSED:964.489718
;LAYER:90
;note -- min layer time used
;TYPE:WALL-INNER
;MESH:WheelAdapter_v6.stl
G1 F600 X183.331 Y45.387 E413.27413
G1 X183.521 Y45.208 E413.28281
G1 X183.671 Y44.979 E413.29191
G1 X183.76 Y44.735 E413.30055
G1 X183.792 Y44.47 E413.30943
G1 X183.761 Y44.206 E413.31827
G1 X183.672 Y43.96 E413.32697
G1 X183.521 Y43.732 E413.33607
G1 X183.331 Y43.553 E413.34475
G1 X183.1 Y43.42 E413.35362
G1 X182.852 Y43.344 E413.36224
G1 X182.579 Y43.33 E413.37133
G1 X182.324 Y43.374 E413.37994
G1 X182.077 Y43.48 E413.38888
G1 X181.864 Y43.64 E413.39774
G1 X181.694 Y43.842 E413.40652
G1 X181.578 Y44.074 E413.41515
G1 X181.512 Y44.344 E413.42439
G1 X181.512 Y44.596 E413.43278
G1 X181.578 Y44.866 E413.44202
G1 X181.694 Y45.098 E413.45065
G1 X181.862 Y45.298 E413.45934
G1 X182.075 Y45.455 E413.46814
G1 X182.328 Y45.564 E413.4773
G1 X182.579 Y45.61 E413.48579
G1 X182.852 Y45.592 E413.49489
G1 X183.103 Y45.518 E413.50359
G0 F15000 X183.262 Y45.888
G1 F600 X183.571 Y45.71 E413.51545
G1 X183.829 Y45.467 E413.52724
G1 X184.031 Y45.16 E413.53946
G1 X184.152 Y44.828 E413.55121
G1 X184.195 Y44.469 E413.56324
G1 X184.152 Y44.112 E413.5752
G1 X184.032 Y43.78 E413.58694
G1 X183.829 Y43.473 E413.59918
G1 X183.571 Y43.229 E413.61099
G1 X183.26 Y43.051 E413.62291
G1 X182.922 Y42.948 E413.63466
G1 X182.556 Y42.928 E413.64685
G1 X182.209 Y42.988 E413.65857
G1 X181.875 Y43.131 E413.67065
G1 X181.587 Y43.348 E413.68265
G1 X181.357 Y43.621 E413.69452
G1 X181.2 Y43.936 E413.70622
G1 X181.112 Y44.296 E413.71855
G1 X181.112 Y44.644 E413.73013
G1 X181.2 Y45.004 E413.74245
G1 X181.357 Y45.32 E413.75419
G1 X181.586 Y45.591 E413.76599
G1 X181.874 Y45.804 E413.7779
G1 X182.211 Y45.95 E413.79012
G1 X182.556 Y46.012 E413.80178
G1 X182.922 Y45.989 E413.81397
G1 X183.262 Y45.888 E413.82577
G0 F15000 X183.42 Y46.258
;TYPE:WALL-OUTER
G1 F600 X183.811 Y46.034 E413.84076
G1 X184.137 Y45.726 E413.85567
G1 X184.391 Y45.341 E413.87102
G1 X184.544 Y44.921 E413.88588
G1 X184.598 Y44.469 E413.90102
G1 X184.544 Y44.019 E413.9161
G1 X184.392 Y43.599 E413.93095
G1 X184.137 Y43.214 E413.94631
G1 X183.811 Y42.906 E413.96123
G1 X183.42 Y42.681 E413.97623
G1 X182.992 Y42.551 E413.99111
G1 X182.532 Y42.526 E414.00643
G1 X182.094 Y42.602 E414.02122
G1 X181.673 Y42.783 E414.03646
G1 X181.311 Y43.055 E414.05152
G1 X181.021 Y43.399 E414.06649
G1 X180.822 Y43.798 E414.08132
G1 X180.712 Y44.248 E414.09672
G1 X180.712 Y44.692 E414.11149
G1 X180.822 Y45.142 E414.1269
G1 X181.021 Y45.541 E414.14173
G1 X181.31 Y45.885 E414.15667
G1 X181.673 Y46.153 E414.17168
G1 X182.095 Y46.335 E414.18696
G1 X182.532 Y46.414 E414.20173
G1 X182.992 Y46.385 E414.21706
G1 X183.42 Y46.258 E414.23191
G0 F15000 X183.301 Y45.974
G0 X183.462 Y45.152
;TYPE:FILL
G1 F600 X182.804 Y45.328 E414.25457
G0 F15000 X182.351 Y45.352
G1 F600 X183.118 Y43.712 E414.31478
G0 F15000 X182.754 Y43.546
G1 F600 X182.003 Y45.153 E414.37378
G0 F15000 X182.302 Y45.463
G1 F600 X182.804 Y45.328 E414.39107
G1 X183.419 Y44.013 E414.43936
G1 X182.83 Y43.423 E414.46708
G0 F15000 X183.419 Y44.013
G1 F600 X183.663 Y44.256 E414.47854
G0 F15000 X181.957 Y43.697
G1 F600 X181.664 Y44.792 E414.51624
G0 F15000 X181.77 Y44.769
;MESH:NONMESH
G0 F300 X181.77 Y44.769 Z18.4
G0 F15000 X183.103 Y45.518
;TIME_ELAPSED:968.979427
;LAYER:91
;note -- min layer time used
;TYPE:WALL-INNER
;MESH:WheelAdapter_v6.stl
G1 F600 X183.331 Y45.387 E414.52499
G1 X183.521 Y45.208 E414.53367
G1 X183.671 Y44.979 E414.54277
G1 X183.76 Y44.735 E414.55141
G1 X183.792 Y44.47 E414.56029
G1 X183.761 Y44.206 E414.56913
G1 X183.672 Y43.96 E414.57783
G1 X183.521 Y43.732 E414.58693
G1 X183.331 Y43.553 E414.59561
G1 X183.1 Y43.42 E414.60447
G1 X182.852 Y43.344 E414.6131
G1 X182.579 Y43.33 E414.62219
G1 X182.324 Y43.374 E414.6308
G1 X182.077 Y43.48 E414.63974
G1 X181.864 Y43.64 E414.6486
G1 X181.694 Y43.842 E414.65738
G1 X181.578 Y44.074 E414.66601
G1 X181.512 Y44.344 E414.67525
G1 X181.512 Y44.596 E414.68363
G1 X181.578 Y44.866 E414.69288
G1 X181.694 Y45.098 E414.70151
G1 X181.862 Y45.298 E414.71019
G1 X182.075 Y45.455 E414.71899
G1 X182.328 Y45.564 E414.72816
G1 X182.579 Y45.61 E414.73664
G1 X182.852 Y45.592 E414.74574
G1 X183.103 Y45.518 E414.75445
G0 F15000 X183.262 Y45.888
G1 F600 X183.571 Y45.71 E414.76631
G1 X183.829 Y45.467 E414.7781
G1 X184.031 Y45.16 E414.79032
G1 X184.152 Y44.828 E414.80207
G1 X184.195 Y44.469 E414.8141
G1 X184.152 Y44.112 E414.82606
G1 X184.032 Y43.78 E414.8378
G1 X183.829 Y43.473 E414.85004
G1 X183.571 Y43.229 E414.86185
G1 X183.26 Y43.051 E414.87377
G1 X182.922 Y42.948 E414.88552
G1 X182.556 Y42.928 E414.89771
G1 X182.209 Y42.988 E414.90943
G1 X181.875 Y43.131 E414.92151
G1 X181.587 Y43.348 E414.9335
G1 X181.357 Y43.621 E414.94538
G1 X181.2 Y43.936 E414.95708
G1 X181.112 Y44.296 E414.96941
G1 X181.112 Y44.644 E414.98098
G1 X181.2 Y45.004 E414.99331
G1 X181.357 Y45.32 E415.00505
G1 X181.586 Y45.591 E415.01685
G1 X181.874 Y45.804 E415.02876
G1 X182.211 Y45.95 E415.04098
G1 X182.556 Y46.012 E415.05263
G1 X182.922 Y45.989 E415.06483
G1 X183.262 Y45.888 E415.07663
G0 F15000 X183.42 Y46.258
;TYPE:WALL-OUTER
G1 F600 X183.811 Y46.034 E415.09162
G1 X184.137 Y45.726 E415.10653
G1 X184.391 Y45.341 E415.12187
G1 X184.544 Y44.921 E415.13674
G1 X184.598 Y44.469 E415.15188
G1 X184.544 Y44.019 E415.16696
G1 X184.392 Y43.599 E415.18181
G1 X184.137 Y43.214 E415.19717
G1 X183.811 Y42.906 E415.21209
G1 X183.42 Y42.681 E415.22709
G1 X182.992 Y42.551 E415.24197
G1 X182.532 Y42.526 E415.25729
G1 X182.094 Y42.602 E415.27208
G1 X181.673 Y42.783 E415.28732
G1 X181.311 Y43.055 E415.30238
G1 X181.021 Y43.399 E415.31734
G1 X180.822 Y43.798 E415.33217
G1 X180.712 Y44.248 E415.34758
G1 X180.712 Y44.692 E415.36235
G1 X180.822 Y45.142 E415.37776
G1 X181.021 Y45.541 E415.39259
G1 X181.31 Y45.885 E415.40753
G1 X181.673 Y46.153 E415.42254
G1 X182.095 Y46.335 E415.43782
G1 X182.532 Y46.414 E415.45259
G1 X182.992 Y46.385 E415.46792
G1 X183.42 Y46.258 E415.48277
G0 F15000 X183.301 Y45.974
G0 X183.113 Y45.391
G0 X182.958 Y45.179
;TYPE:SKIN
G1 F600 X182.586 Y45.244 E415.49533
G1 X182.442 Y45.217 E415.50021
G1 X182.102 Y45.023 E415.51322
G1 X182 Y44.905 E415.51841
G1 X181.872 Y44.545 E415.53112
G1 X181.872 Y44.396 E415.53608
G1 X182.001 Y44.041 E415.54864
G1 X182.265 Y43.789 E415.56078
G1 X182.416 Y43.722 E415.56627
G1 X182.787 Y43.703 E415.57863
G1 X183.108 Y43.841 E415.59025
G1 X183.343 Y44.124 E415.60248
G1 X183.422 Y44.467 E415.61419
G1 X183.337 Y44.827 E415.62649
G1 X183.248 Y44.964 E415.63193
G1 X182.958 Y45.179 E415.64393
G0 F15000 X183.165 Y44.241
G1 F600 X182.426 Y44.979 E415.67867
G0 F15000 X182.14 Y44.7
G1 F600 X182.88 Y43.96 E415.71348
G0 F15000 X182.99 Y43.597
;MESH:NONMESH
G0 F300 X182.99 Y43.597 Z18.6
G0 F15000 X183.022 Y43.524
G0 X183.234 Y43.682
G0 X183.527 Y44.034
G0 X183.63 Y44.47
G0 X183.546 Y44.822
G0 X183.103 Y45.518
;TIME_ELAPSED:973.156951
;LAYER:92
;note -- min layer time used
;TYPE:WALL-INNER
;MESH:WheelAdapter_v6.stl
G1 F600 X183.331 Y45.387 E415.72222
G1 X183.521 Y45.208 E415.73091
G1 X183.671 Y44.979 E415.74001
G1 X183.76 Y44.735 E415.74865
G1 X183.792 Y44.47 E415.75753
G1 X183.761 Y44.206 E415.76637
G1 X183.672 Y43.96 E415.77507
G1 X183.521 Y43.732 E415.78417
G1 X183.331 Y43.553 E415.79285
G1 X183.1 Y43.42 E415.80171
G1 X182.852 Y43.344 E415.81034
G1 X182.579 Y43.33 E415.81943
G1 X182.324 Y43.374 E415.82804
G1 X182.077 Y43.48 E415.83698
G1 X181.864 Y43.64 E415.84584
G1 X181.694 Y43.842 E415.85462
G1 X181.578 Y44.074 E415.86325
G1 X181.512 Y44.344 E415.87249
G1 X181.512 Y44.596 E415.88087
G1 X181.578 Y44.866 E415.89012
G1 X181.694 Y45.098 E415.89875
G1 X181.862 Y45.298 E415.90743
G1 X182.075 Y45.455 E415.91623
G1 X182.328 Y45.564 E415.9254
G1 X182.579 Y45.61 E415.93388
G1 X182.852 Y45.592 E415.94298
G1 X183.103 Y45.518 E415.95169
G0 F15000 X183.262 Y45.888
G1 F600 X183.571 Y45.71 E415.96355
G1 X183.829 Y45.467 E415.97534
G1 X184.031 Y45.16 E415.98756
G1 X184.152 Y44.828 E415.99931
G1 X184.195 Y44.469 E416.01134
G1 X184.152 Y44.112 E416.0233
G1 X184.032 Y43.78 E416.03504
G1 X183.829 Y43.473 E416.04728
G1 X183.571 Y43.229 E416.05909
G1 X183.26 Y43.051 E416.07101
G1 X182.922 Y42.948 E416.08276
G1 X182.556 Y42.928 E416.09495
G1 X182.209 Y42.988 E416.10667
G1 X181.875 Y43.131 E416.11875
G1 X181.587 Y43.348 E416.13074
G1 X181.357 Y43.621 E416.14262
G1 X181.2 Y43.936 E416.15432
G1 X181.112 Y44.296 E416.16665
G1 X181.112 Y44.644 E416.17822
G1 X181.2 Y45.004 E416.19055
G1 X181.357 Y45.32 E416.20229
G1 X181.586 Y45.591 E416.21409
G1 X181.874 Y45.804 E416.226
G1 X182.211 Y45.95 E416.23822
G1 X182.556 Y46.012 E416.24987
G1 X182.922 Y45.989 E416.26207
G1 X183.262 Y45.888 E416.27387
G0 F15000 X183.42 Y46.258
;TYPE:WALL-OUTER
G1 F600 X183.811 Y46.034 E416.28886
G1 X184.137 Y45.726 E416.30377
G1 X184.391 Y45.341 E416.31911
G1 X184.544 Y44.921 E416.33398
G1 X184.598 Y44.469 E416.34912
G1 X184.544 Y44.019 E416.3642
G1 X184.392 Y43.599 E416.37905
G1 X184.137 Y43.214 E416.39441
G1 X183.811 Y42.906 E416.40933
G1 X183.42 Y42.681 E416.42433
G1 X182.992 Y42.551 E416.43921
G1 X182.532 Y42.526 E416.45453
G1 X182.094 Y42.602 E416.46932
G1 X181.673 Y42.783 E416.48456
G1 X181.311 Y43.055 E416.49962
G1 X181.021 Y43.399 E416.51458
G1 X180.822 Y43.798 E416.52941
G1 X180.712 Y44.248 E416.54482
G1 X180.712 Y44.692 E416.55959
G1 X180.822 Y45.142 E416.575
G1 X181.021 Y45.541 E416.58983
G1 X181.31 Y45.885 E416.60477
G1 X181.673 Y46.153 E416.61978
G1 X182.095 Y46.335 E416.63506
G1 X182.532 Y46.414 E416.64983
G1 X182.992 Y46.385 E416.66516
G1 X183.42 Y46.258 E416.68001
G0 F15000 X183.301 Y45.974
G0 X183.113 Y45.391
G0 X182.958 Y45.179
;TYPE:SKIN
G1 F600 X182.586 Y45.244 E416.69257
G1 X182.442 Y45.217 E416.69744
G1 X182.102 Y45.023 E416.71046
G1 X182 Y44.905 E416.71565
G1 X181.872 Y44.545 E416.72836
G1 X181.872 Y44.396 E416.73332
G1 X182.001 Y44.041 E416.74588
G1 X182.265 Y43.789 E416.75802
G1 X182.416 Y43.722 E416.76351
G1 X182.787 Y43.703 E416.77587
G1 X183.108 Y43.841 E416.78749
G1 X183.343 Y44.124 E416.79972
G1 X183.422 Y44.467 E416.81143
G1 X183.337 Y44.827 E416.82373
G1 X183.248 Y44.964 E416.82917
G1 X182.958 Y45.179 E416.84117
G0 F15000 X182.458 Y44.996
G1 F600 X182.127 Y44.666 E416.85672
G0 F15000 X182.178 Y44.15
G1 F600 X182.957 Y44.93 E416.89339
G0 F15000 X183.187 Y44.594
G1 F600 X182.511 Y43.918 E416.92518
G0 F15000 X182.539 Y43.551
;MESH:NONMESH
G0 F300 X182.539 Y43.551 Z18.8
G0 F15000 X182.535 Y43.459
G0 X182.823 Y43.504
G0 X183.234 Y43.682
G0 X183.527 Y44.034
G0 X183.63 Y44.47
G0 X183.546 Y44.822
G0 X183.103 Y45.518
;TIME_ELAPSED:977.436174
;LAYER:93
;note -- min layer time used
;TYPE:WALL-INNER
;MESH:WheelAdapter_v6.stl
G1 F600 X183.331 Y45.387 E416.93393
G1 X183.521 Y45.208 E416.94261
G1 X183.671 Y44.979 E416.95172
G1 X183.76 Y44.735 E416.96035
G1 X183.792 Y44.47 E416.96923
G1 X183.761 Y44.206 E416.97807
G1 X183.672 Y43.96 E416.98677
G1 X183.521 Y43.732 E416.99587
G1 X183.331 Y43.553 E417.00455
G1 X183.1 Y43.42 E417.01342
G1 X182.852 Y43.344 E417.02204
G1 X182.579 Y43.33 E417.03114
G1 X182.324 Y43.374 E417.03974
G1 X182.077 Y43.48 E417.04868
G1 X181.864 Y43.64 E417.05754
G1 X181.694 Y43.842 E417.06632
G1 X181.578 Y44.074 E417.07495
G1 X181.512 Y44.344 E417.0842
G1 X181.512 Y44.596 E417.09258
G1 X181.578 Y44.866 E417.10182
G1 X181.694 Y45.098 E417.11045
G1 X181.862 Y45.298 E417.11914
G1 X182.075 Y45.455 E417.12794
G1 X182.328 Y45.564 E417.1371
G1 X182.579 Y45.61 E417.14559
G1 X182.852 Y45.592 E417.15469
G1 X183.103 Y45.518 E417.16339
G0 F15000 X183.262 Y45.888
G1 F600 X183.571 Y45.71 E417.17525
G1 X183.829 Y45.467 E417.18704
G1 X184.031 Y45.16 E417.19926
G1 X184.152 Y44.828 E417.21102
G1 X184.195 Y44.469 E417.22304
G1 X184.152 Y44.112 E417.235
G1 X184.032 Y43.78 E417.24674
G1 X183.829 Y43.473 E417.25898
G1 X183.571 Y43.229 E417.27079
G1 X183.26 Y43.051 E417.28271
G1 X182.922 Y42.948 E417.29447
G1 X182.556 Y42.928 E417.30666
G1 X182.209 Y42.988 E417.31837
G1 X181.875 Y43.131 E417.33045
G1 X181.587 Y43.348 E417.34245
G1 X181.357 Y43.621 E417.35432
G1 X181.2 Y43.936 E417.36603
G1 X181.112 Y44.296 E417.37835
G1 X181.112 Y44.644 E417.38993
G1 X181.2 Y45.004 E417.40225
G1 X181.357 Y45.32 E417.41399
G1 X181.586 Y45.591 E417.42579
G1 X181.874 Y45.804 E417.4377
G1 X182.211 Y45.95 E417.44992
G1 X182.556 Y46.012 E417.46158
G1 X182.922 Y45.989 E417.47377
G1 X183.262 Y45.888 E417.48557
G0 F15000 X183.42 Y46.258
;TYPE:WALL-OUTER
G1 F600 X183.811 Y46.034 E417.50056
G1 X184.137 Y45.726 E417.51548
G1 X184.391 Y45.341 E417.53082
G1 X184.544 Y44.921 E417.54568
G1 X184.598 Y44.469 E417.56082
G1 X184.544 Y44.019 E417.5759
G1 X184.392 Y43.599 E417.59076
G1 X184.137 Y43.214 E417.60611
G1 X183.811 Y42.906 E417.62103
G1 X183.42 Y42.681 E417.63604
G1 X182.992 Y42.551 E417.65091
G1 X182.532 Y42.526 E417.66623
G1 X182.094 Y42.602 E417.68102
G1 X181.673 Y42.783 E417.69626
G1 X181.311 Y43.055 E417.71132
G1 X181.021 Y43.399 E417.72629
G1 X180.822 Y43.798 E417.74112
G1 X180.712 Y44.248 E417.75652
G1 X180.712 Y44.692 E417.77129
G1 X180.822 Y45.142 E417.7867
G1 X181.021 Y45.541 E417.80153
G1 X181.31 Y45.885 E417.81647
G1 X181.673 Y46.153 E417.83148
G1 X182.095 Y46.335 E417.84677
G1 X182.532 Y46.414 E417.86154
G1 X182.992 Y46.385 E417.87687
G1 X183.42 Y46.258 E417.89172
G0 F15000 X183.301 Y45.974
G0 X183.113 Y45.391
G0 X182.958 Y45.179
;TYPE:SKIN
G1 F600 X182.586 Y45.244 E417.90428
G1 X182.442 Y45.217 E417.90915
G1 X182.102 Y45.023 E417.92217
G1 X182 Y44.905 E417.92736
G1 X181.872 Y44.545 E417.94006
G1 X181.872 Y44.396 E417.94502
G1 X182.001 Y44.041 E417.95758
G1 X182.265 Y43.789 E417.96972
G1 X182.416 Y43.722 E417.97522
G1 X182.787 Y43.703 E417.98757
G1 X183.108 Y43.841 E417.99919
G1 X183.343 Y44.124 E418.01143
G1 X183.422 Y44.467 E418.02313
G1 X183.337 Y44.827 E418.03544
G1 X183.248 Y44.964 E418.04087
G1 X182.958 Y45.179 E418.05288
G0 F15000 X183.165 Y44.241
G1 F600 X182.426 Y44.979 E418.08761
G0 F15000 X182.14 Y44.7
G1 F600 X182.88 Y43.96 E418.12242
G0 F15000 X182.99 Y43.597
;MESH:NONMESH
G0 F300 X182.99 Y43.597 Z19
G0 F15000 X183.022 Y43.524
G0 X183.234 Y43.682
G0 X183.527 Y44.034
G0 X183.63 Y44.47
G0 X183.546 Y44.822
G0 X183.104 Y45.518
;TIME_ELAPSED:981.613680
;LAYER:94
;note -- min layer time used
;TYPE:WALL-INNER
;MESH:WheelAdapter_v6.stl
G1 F600 X183.331 Y45.387 E418.13114
G1 X183.521 Y45.208 E418.13982
G1 X183.671 Y44.979 E418.14893
G1 X183.76 Y44.735 E418.15756
G1 X183.791 Y44.471 E418.16641
G1 X183.761 Y44.206 E418.17528
G1 X183.672 Y43.96 E418.18398
G1 X183.521 Y43.732 E418.19307
G1 X183.331 Y43.553 E418.20175
G1 X183.1 Y43.42 E418.21062
G1 X182.852 Y43.344 E418.21925
G1 X182.579 Y43.33 E418.22834
G1 X182.324 Y43.374 E418.23695
G1 X182.077 Y43.48 E418.24589
G1 X181.864 Y43.64 E418.25475
G1 X181.694 Y43.842 E418.26353
G1 X181.578 Y44.074 E418.27215
G1 X181.512 Y44.344 E418.2814
G1 X181.512 Y44.596 E418.28978
G1 X181.578 Y44.867 E418.29906
G1 X181.694 Y45.098 E418.30766
G1 X181.862 Y45.298 E418.31634
G1 X182.081 Y45.46 E418.3254
G1 X182.328 Y45.568 E418.33437
G1 X182.563 Y45.611 E418.34232
G1 X182.85 Y45.592 E418.35188
G1 X183.104 Y45.518 E418.36068
G0 F15000 X183.262 Y45.888
G1 F600 X183.571 Y45.711 E418.37253
G1 X183.829 Y45.467 E418.38434
G1 X184.031 Y45.16 E418.39656
G1 X184.152 Y44.828 E418.40831
G1 X184.194 Y44.47 E418.4203
G1 X184.152 Y44.112 E418.43229
G1 X184.032 Y43.78 E418.44403
G1 X183.829 Y43.473 E418.45627
G1 X183.571 Y43.229 E418.46808
G1 X183.26 Y43.051 E418.48
G1 X182.922 Y42.948 E418.49175
G1 X182.556 Y42.928 E418.50394
G1 X182.209 Y42.988 E418.51566
G1 X181.875 Y43.131 E418.52774
G1 X181.587 Y43.348 E418.53974
G1 X181.357 Y43.621 E418.55161
G1 X181.2 Y43.936 E418.56331
G1 X181.112 Y44.296 E418.57564
G1 X181.112 Y44.644 E418.58722
G1 X181.2 Y45.005 E418.59957
G1 X181.357 Y45.32 E418.61128
G1 X181.586 Y45.592 E418.62311
G1 X181.879 Y45.809 E418.63523
G1 X182.211 Y45.954 E418.64728
G1 X182.539 Y46.013 E418.65837
G1 X182.919 Y45.989 E418.67103
G1 X183.262 Y45.888 E418.68292
G0 F15000 X183.42 Y46.258
;TYPE:WALL-OUTER
G1 F600 X183.811 Y46.034 E418.69791
G1 X184.137 Y45.726 E418.71283
G1 X184.391 Y45.341 E418.72817
G1 X184.544 Y44.921 E418.74304
G1 X184.598 Y44.469 E418.75818
G1 X184.544 Y44.019 E418.77325
G1 X184.392 Y43.599 E418.78811
G1 X184.137 Y43.214 E418.80347
G1 X183.811 Y42.906 E418.81838
G1 X183.42 Y42.681 E418.83339
G1 X182.992 Y42.551 E418.84826
G1 X182.532 Y42.526 E418.86359
G1 X182.094 Y42.602 E418.87837
G1 X181.673 Y42.783 E418.89361
G1 X181.311 Y43.055 E418.90867
G1 X181.021 Y43.399 E418.92364
G1 X180.822 Y43.798 E418.93847
G1 X180.712 Y44.248 E418.95388
G1 X180.712 Y44.692 E418.96864
G1 X180.822 Y45.143 E418.98408
G1 X181.021 Y45.541 E418.99888
G1 X181.31 Y45.885 E419.01383
G1 X181.677 Y46.157 E419.02902
G1 X182.095 Y46.339 E419.04418
G1 X182.516 Y46.415 E419.05841
G1 X182.989 Y46.385 E419.07418
G1 X183.42 Y46.258 E419.08912
G0 F15000 X183.301 Y45.974
G0 X183.311 Y45.26
G0 X183.112 Y45.094
;TYPE:SKIN
G1 F600 X182.777 Y45.234 E419.1012
G1 X182.589 Y45.246 E419.10746
G1 X182.264 Y45.142 E419.11881
G1 X181.997 Y44.894 E419.13093
G1 X181.872 Y44.545 E419.14326
G1 X181.872 Y44.396 E419.14822
G1 X182.001 Y44.041 E419.16078
G1 X182.265 Y43.789 E419.17292
G1 X182.416 Y43.722 E419.17841
G1 X182.787 Y43.703 E419.19077
G1 X183.119 Y43.846 E419.20279
G1 X183.236 Y43.957 E419.20816
G1 X183.403 Y44.289 E419.22052
G1 X183.404 Y44.656 E419.23272
G1 X183.348 Y44.807 E419.23808
G1 X183.112 Y45.094 E419.25044
G0 F15000 X183.311 Y45.26
G0 X182.824 Y45.432
G0 X182.57 Y45.449
G0 X182.161 Y45.32
G0 X181.696 Y44.821
G0 X182.128 Y44.667
G1 F600 X182.454 Y44.992 E419.26575
G0 F15000 X182.965 Y44.938
G1 F600 X182.178 Y44.15 E419.30279
G0 F15000 X182.511 Y43.918
G1 F600 X183.204 Y44.611 E419.33539
G0 F15000 X183.572 Y44.568
;TIME_ELAPSED:985.806688
G1 F1500 E412.83539
M140 S0
M107
G91 ;Relative positioning
G1 E-2 F2700 ;Retract a bit
G1 E-2 Z0.2 F2400 ;Retract and raise Z
G1 X5 Y5 F3000 ;Wipe out
G1 Z10 ;Raise Z more
G90 ;Absolute positioning

G1 X0 Y220 ;Present print
M106 S0 ;Turn-off fan
M104 S0 ;Turn-off hotend
M140 S0 ;Turn-off bed

M84 X Y E ;Disable all steppers but Z

M82 ;absolute extrusion mode
M104 S0
;End of Gcode
;SETTING_3 {"global_quality": "[general]\\nversion = 4\\nname = StandardQualityC
;SETTING_3 ustom\\ndefinition = creality_ender3pro\\n\\n[metadata]\\ntype = qual
;SETTING_3 ity_changes\\nquality_type = standard\\nsetting_version = 25\\n\\n[va
;SETTING_3 lues]\\nadhesion_type = none\\nmaterial_bed_temperature = 65\\nmateri
;SETTING_3 al_bed_temperature_layer_0 = 65\\nsupport_enable = False\\nsupport_st
;SETTING_3 ructure = tree\\nsupport_type = everywhere\\n\\n", "extruder_quality"
;SETTING_3 : ["[general]\\nversion = 4\\nname = StandardQualityCustom\\ndefiniti
;SETTING_3 on = creality_ender3pro\\n\\n[metadata]\\ntype = quality_changes\\nqu
;SETTING_3 ality_type = standard\\nintent_category = default\\nposition = 0\\nse
;SETTING_3 tting_version = 25\\n\\n[values]\\ninfill_sparse_density = 10\\nmater
;SETTING_3 ial_print_temperature = 205\\nspeed_print = 100\\nwall_line_count = 3
;SETTING_3 \\nz_seam_corner = z_seam_corner_inner\\nz_seam_type = sharpest_corne
;SETTING_3 r\\n\\n"]}
