;FLAVOR:Marlin
;TIME:986
;Filament used: 0.420668m
;Layer height: 0.2
;MINX:196.087
;MINY:154.268
;MINZ:0.2
;MAXX:209.024
;MAXY:165.472
;MAXZ:19
;TARGET_MACHINE.NAME:Creality Ender-3 Pro
;Generated with Cura_SteamEngine 5.10.0
START_PRINT BED_TEMP=65 EXTRUDER_TEMP=205
M82 ;absolute extrusion mode
G92 E0
G92 E0
G1 F1500 E-6.5
;LAYER_COUNT:95
;LAYER:0
M107
;MESH:WheelAdapter_v7.stl
G0 F6000 X203.631 Y162.247 Z0.2
;TYPE:WALL-INNER
G1 F1500 E0
G1 F1200 X203.012 Y162.441 E0.02158
G1 X202.356 Y162.472 E0.04342
G1 X201.724 Y162.344 E0.06487
G1 X201.143 Y162.065 E0.0863
G1 X200.659 Y161.658 E0.10734
G1 X200.263 Y161.107 E0.1299
G1 X200.075 Y160.636 E0.14677
G1 X200.011 Y160.386 E0.15535
G1 X199.948 Y159.87 E0.17264
G1 X200.027 Y159.231 E0.19406
G1 X200.259 Y158.646 E0.21499
G1 X200.641 Y158.1 E0.23715
G1 X201.136 Y157.683 E0.25868
G1 X201.721 Y157.401 E0.28028
G1 X202.355 Y157.272 E0.3018
G1 X202.887 Y157.297 E0.31951
G1 X203.138 Y157.342 E0.328
G1 X203.636 Y157.499 E0.34536
G1 X204.078 Y157.771 E0.36262
G1 X204.324 Y157.98 E0.37336
G1 X204.501 Y158.293 E0.38532
G1 X204.556 Y158.624 E0.39648
G1 X204.556 Y161.12 E0.4795
G1 X204.497 Y161.464 E0.49111
G1 X204.323 Y161.763 E0.50261
G1 X204.078 Y161.973 E0.51334
G1 X203.631 Y162.247 E0.53078
G0 F6000 X203.985 Y161.561
G1 F1200 X203.464 Y161.88 E0.5511
G1 X202.942 Y162.045 E0.56931
G1 X202.388 Y162.07 E0.58775
G1 X201.853 Y161.962 E0.60591
G1 X201.364 Y161.728 E0.62394
G1 X200.948 Y161.38 E0.64198
G1 X200.636 Y160.944 E0.65981
G1 X200.418 Y160.42 E0.67869
G1 X200.351 Y159.872 E0.69705
G1 X200.417 Y159.329 E0.71524
G1 X200.632 Y158.808 E0.73399
G1 X200.939 Y158.373 E0.7517
G1 X201.359 Y158.018 E0.76999
G1 X201.849 Y157.783 E0.78806
G1 X202.387 Y157.674 E0.80632
G1 X202.943 Y157.699 E0.82483
G1 X203.463 Y157.864 E0.84297
G1 X203.984 Y158.182 E0.86328
G1 X204.121 Y158.417 E0.87232
G1 X204.156 Y158.624 E0.87931
G1 X204.156 Y161.12 E0.96232
G1 X204.121 Y161.326 E0.96927
G1 X203.985 Y161.561 E0.9783
G1 F1500 E-5.5217
G0 F6000 X204.147 Y161.827
G0 X203.89 Y162.322
G0 X203.89 Y164.472
G0 X205.327 Y164.672
G1 F1500 E0.9783
G1 F1200 X208.1 Y159.872 E1.16268
G1 X205.326 Y155.068 E1.34719
G1 X199.782 Y155.068 E1.53158
G1 X197.011 Y159.872 E1.71604
G1 X199.782 Y164.672 E1.90038
G1 X205.327 Y164.672 E2.08481
G0 F6000 X205.557 Y165.072
G1 F1200 X208.562 Y159.872 E2.28456
G1 X205.557 Y154.668 E2.48443
G1 X199.551 Y154.668 E2.68419
G1 X196.549 Y159.872 E2.88401
G1 X199.551 Y165.072 E3.08372
G1 X205.557 Y165.072 E3.28348
G0 F6000 X205.788 Y165.472
;TYPE:WALL-OUTER
G1 F1200 X209.024 Y159.872 E3.49859
G1 X205.788 Y154.268 E3.71383
G1 X199.32 Y154.268 E3.92895
G1 X196.087 Y159.872 E4.14414
G1 X199.32 Y165.472 E4.35921
G1 X205.788 Y165.472 E4.57433
G1 F1500 E-1.92567
G0 F6000 X205.621 Y165.179
G0 X203.369 Y164.472
G0 X203.045 Y162.621
G0 X203.277 Y161.519
G1 F1500 E4.57433
G1 F1200 X202.871 Y161.645 E4.58847
G1 X202.4 Y161.665 E4.60415
G1 X201.957 Y161.569 E4.61923
G1 X201.597 Y161.397 E4.6325
G1 X201.234 Y161.093 E4.64825
G1 X200.982 Y160.744 E4.66256
G1 X200.808 Y160.315 E4.67796
G1 X200.757 Y159.897 E4.69197
G1 X200.805 Y159.455 E4.70675
G1 X200.978 Y159.008 E4.7227
G1 X201.254 Y158.631 E4.73824
G1 X201.597 Y158.347 E4.75305
G1 X201.957 Y158.175 E4.76632
G1 X202.401 Y158.079 E4.78143
G1 X202.847 Y158.096 E4.79627
G1 X203.321 Y158.245 E4.8128
G1 X203.701 Y158.478 E4.82762
G1 X203.756 Y158.577 E4.83139
G1 X203.756 Y161.17 E4.91763
G1 X203.698 Y161.269 E4.92145
G1 X203.277 Y161.519 E4.93773
G1 F1500 E-1.56227
G0 F6000 X203.369 Y161.817
G0 X203.833 Y162.335
G0 X203.833 Y164.472
G0 X205.116 Y164.572
G0 X205.116 Y164.312
;TYPE:SKIN
G1 F1500 E4.93773
G1 F1200 X199.988 Y164.312 E5.10829
G1 X197.427 Y159.868 E5.27889
G1 X199.988 Y155.429 E5.44934
G1 X205.116 Y155.428 E5.6199
G1 X207.68 Y159.868 E5.79043
G1 X205.116 Y164.312 E5.96107
G1 F1500 E-0.53893
G0 F6000 X205.116 Y164.572
G0 X203.032 Y164.472
G0 X202.947 Y162.644
G0 X203.075 Y162.798
G1 F1500 E5.96107
G1 F1200 X203.647 Y162.615 E5.98105
G1 X203.903 Y162.499 E5.99039
G1 X204.265 Y162.279 E6.00448
G1 X204.598 Y161.997 E6.019
G1 X204.84 Y161.58 E6.03503
G1 X204.917 Y161.12 E6.05054
G1 X204.914 Y158.586 E6.13483
G1 X204.841 Y158.171 E6.14884
G1 X204.614 Y157.759 E6.16449
G1 X204.295 Y157.484 E6.17849
G1 X203.901 Y157.242 E6.19387
G1 X203.653 Y157.126 E6.20298
G1 X203.214 Y156.986 E6.21831
G1 X202.93 Y156.938 E6.22789
G1 X202.301 Y156.914 E6.24882
G1 X201.785 Y157.015 E6.26631
G1 X201.449 Y157.131 E6.27813
G1 X200.965 Y157.363 E6.29598
G1 X200.506 Y157.743 E6.3158
G1 X200.276 Y157.992 E6.32708
G1 X199.948 Y158.456 E6.34598
G1 X199.729 Y158.999 E6.36545
G1 X199.657 Y159.288 E6.37536
G1 X199.589 Y159.844 E6.39399
G1 X199.654 Y160.455 E6.41442
G1 X199.73 Y160.747 E6.42446
G1 X199.942 Y161.276 E6.44341
G1 X200.382 Y161.893 E6.46862
G1 X200.931 Y162.358 E6.49255
G1 X201.45 Y162.609 E6.51172
G1 X201.784 Y162.725 E6.52348
G1 X202.336 Y162.832 E6.54218
G1 X203.075 Y162.798 E6.56679
G1 F1500 E0.06679
G0 F6000 X203.032 Y162.541
G0 X201.811 Y162.546
G0 X201.811 Y164.472
G0 X200.316 Y164.572
G0 X200.316 Y164.112
G1 F1500 E6.56679
G1 F1200 X199.816 Y163.612 E6.59031
G0 F6000 X199.419 Y163.841
G0 X199.879 Y164.506
G0 X200.882 Y164.572
G0 X200.882 Y164.112
G1 F1200 X199.046 Y162.277 E6.67664
G0 F6000 X198.648 Y162.506
G0 X198.492 Y162.038
G0 X200.103 Y161.192
G0 X199.72 Y161.254
G1 F1200 X197.905 Y159.438 E6.76204
G0 F6000 X198.112 Y159.08
G1 F1200 X199.447 Y160.414 E6.82481
G0 F6000 X199.394 Y159.796
G1 F1200 X198.319 Y158.721 E6.87537
G0 F6000 X198.526 Y158.362
G1 F1200 X199.456 Y159.293 E6.91914
G0 F6000 X199.576 Y158.847
G1 F1200 X198.733 Y158.004 E6.95879
G0 F6000 X198.94 Y157.645
G1 F1200 X199.737 Y158.442 E6.99628
G0 F6000 X199.959 Y158.098
G1 F1200 X199.147 Y157.286 E7.03448
G0 F6000 X199.354 Y156.928
G1 F1200 X200.202 Y157.776 E7.07436
G0 F6000 X200.487 Y157.495
G1 F1200 X199.561 Y156.569 E7.11792
G0 F6000 X199.768 Y156.21
G1 F1200 X200.794 Y157.237 E7.1662
G0 F6000 X201.168 Y157.045
G1 F1200 X199.975 Y155.851 E7.22234
G0 F6000 X200.318 Y155.629
G1 F1200 X201.568 Y156.879 E7.28114
G0 F6000 X202.02 Y156.765
G1 F1200 X200.883 Y155.629 E7.3346
G0 F6000 X201.449 Y155.629
G1 F1200 X202.541 Y156.72 E7.38594
G0 F6000 X203.16 Y156.774
G1 F1200 X202.015 Y155.629 E7.43979
G0 F6000 X202.58 Y155.629
G1 F1200 X204.056 Y157.104 E7.5092
G0 F6000 X203.817 Y157.494
G0 X204.596 Y158.259
G0 X204.998 Y158.046
G1 F1200 X207.219 Y160.267 E7.61367
G0 F6000 X207.426 Y159.909
G1 F1200 X203.146 Y155.629 E7.81498
G0 F6000 X203.712 Y155.629
G1 F1200 X206.762 Y158.679 E7.95845
G0 F6000 X207.162 Y158.448
G0 X206.389 Y157.109
G0 X205.989 Y157.34
G1 F1200 X204.277 Y155.629 E8.03895
G0 F6000 X204.843 Y155.629
G1 F1200 X205.215 Y156 E8.05643
G1 F1500 E1.55643
G0 F6000 X205.615 Y155.769
G0 X206.569 Y157.62
G0 X204.672 Y158.233
G0 X204.656 Y158.724
G0 X205.11 Y158.724
G1 F1500 E8.05643
G1 F1200 X207.012 Y160.626 E8.14589
G0 F6000 X206.805 Y160.985
G1 F1200 X205.112 Y159.291 E8.22555
G0 F6000 X205.114 Y159.859
G1 F1200 X206.598 Y161.343 E8.29535
G0 F6000 X206.391 Y161.702
G1 F1200 X205.115 Y160.426 E8.35537
G0 F6000 X205.117 Y160.993
G1 F1200 X206.185 Y162.061 E8.4056
G0 F6000 X205.977 Y162.42
G1 F1200 X205.056 Y161.498 E8.44895
G0 F6000 X204.887 Y161.895
G1 F1200 X205.77 Y162.778 E8.49048
G0 F6000 X205.564 Y163.137
G1 F1200 X204.644 Y162.218 E8.53373
G0 F6000 X204.333 Y162.472
G1 F1200 X205.357 Y163.496 E8.5819
G0 F6000 X205.149 Y163.854
G1 F1200 X203.98 Y162.685 E8.63688
G0 F6000 X203.576 Y162.847
G1 F1200 X204.842 Y164.112 E8.69641
G0 F6000 X204.276 Y164.112
G1 F1200 X203.148 Y162.984 E8.74947
G0 F6000 X202.617 Y163.019
G1 F1200 X203.71 Y164.112 E8.80088
G0 F6000 X203.145 Y164.112
G1 F1200 X202.007 Y162.975 E8.85438
G0 F6000 X201.157 Y162.69
G1 F1200 X202.579 Y164.112 E8.92127
G0 F6000 X202.013 Y164.112
G1 F1200 X197.699 Y159.798 E9.12419
G0 F6000 X197.303 Y159.569
G0 X197.212 Y159.842
G0 X197.878 Y161.172
G0 X198.277 Y160.942
G1 F1200 X201.448 Y164.112 E9.27332
M104 S205
G1 F1500 E2.77332
;MESH:NONMESH
G0 F300 X201.448 Y164.112 Z0.4
G0 F6000 X201.448 Y164.572
G0 X203.631 Y164.472
G0 X203.054 Y162.638
G0 X203.631 Y162.247
;TIME_ELAPSED:28.718292
;LAYER:1
;note -- min layer time used
M106 S85
;TYPE:WALL-INNER
;MESH:WheelAdapter_v7.stl
G1 F1500 E9.27332
G1 F2015.7 X203.012 Y162.441 E9.29489
G1 X202.356 Y162.472 E9.31674
G1 X201.724 Y162.344 E9.33818
G1 X201.138 Y162.063 E9.3598
G1 X200.652 Y161.653 E9.38095
G1 X200.259 Y161.099 E9.40354
G1 X200.074 Y160.634 E9.42018
G1 X200.011 Y160.386 E9.42869
G1 X199.948 Y159.87 E9.44598
G1 X200.027 Y159.231 E9.4674
G1 X200.259 Y158.646 E9.48833
G1 X200.641 Y158.1 E9.51049
G1 X201.136 Y157.683 E9.53202
G1 X201.725 Y157.399 E9.55377
G1 X202.361 Y157.272 E9.57534
G1 X202.887 Y157.297 E9.59286
G1 X203.138 Y157.342 E9.60134
G1 X203.636 Y157.499 E9.6187
G1 X204.078 Y157.771 E9.63597
G1 X204.324 Y157.98 E9.6467
G1 X204.501 Y158.293 E9.65866
G1 X204.556 Y158.624 E9.66982
G1 X204.556 Y161.12 E9.75284
G1 X204.497 Y161.464 E9.76445
G1 X204.323 Y161.763 E9.77595
G1 X204.078 Y161.973 E9.78669
G1 X203.631 Y162.247 E9.80412
G0 F10500 X203.985 Y161.561
G1 F2015.7 X203.464 Y161.88 E9.82444
G1 X202.942 Y162.045 E9.84265
G1 X202.388 Y162.07 E9.8611
G1 X201.853 Y161.963 E9.87924
G1 X201.36 Y161.727 E9.89742
G1 X200.943 Y161.374 E9.91559
G1 X200.632 Y160.937 E9.93343
G1 X200.418 Y160.417 E9.95214
G1 X200.351 Y159.872 E9.9704
G1 X200.417 Y159.329 E9.98859
G1 X200.632 Y158.808 E10.00734
G1 X200.939 Y158.373 E10.02505
G1 X201.359 Y158.018 E10.04334
G1 X201.853 Y157.781 E10.06156
G1 X202.392 Y157.674 E10.07984
G1 X202.943 Y157.7 E10.09818
G1 X203.463 Y157.864 E10.11632
G1 X203.984 Y158.182 E10.13662
G1 X204.121 Y158.417 E10.14567
G1 X204.156 Y158.624 E10.15265
G1 X204.156 Y161.12 E10.23567
G1 X204.121 Y161.326 E10.24262
G1 X203.985 Y161.561 E10.25165
G1 F1500 E3.75165
G0 F10500 X204.147 Y161.827
G0 X203.89 Y162.322
G0 X203.89 Y164.472
G0 X205.327 Y164.672
G1 F1500 E10.25165
G1 F2015.7 X208.1 Y159.872 E10.43602
G1 X205.326 Y155.068 E10.62053
G1 X199.782 Y155.068 E10.80492
G1 X197.011 Y159.872 E10.98938
G1 X199.782 Y164.672 E11.17372
G1 X205.327 Y164.672 E11.35815
G0 F10500 X205.557 Y165.072
G1 F2015.7 X208.562 Y159.872 E11.55791
G1 X205.557 Y154.668 E11.75778
G1 X199.551 Y154.668 E11.95754
G1 X196.549 Y159.872 E12.15736
G1 X199.551 Y165.072 E12.35706
G1 X205.557 Y165.072 E12.55682
G0 F10500 X205.788 Y165.472
;TYPE:WALL-OUTER
G1 F2015.7 X209.024 Y159.872 E12.77194
G1 X205.788 Y154.268 E12.98717
G1 X199.32 Y154.268 E13.2023
G1 X196.087 Y159.872 E13.41748
G1 X199.32 Y165.472 E13.63255
G1 X205.788 Y165.472 E13.84768
G1 F1500 E7.34768
G0 F10500 X205.621 Y165.179
G0 X203.369 Y164.472
G0 X203.045 Y162.621
G0 X203.277 Y161.519
G1 F1500 E13.84768
G1 F2015.7 X202.871 Y161.645 E13.86182
G1 X202.4 Y161.665 E13.8775
G1 X201.957 Y161.569 E13.89257
G1 X201.597 Y161.397 E13.90584
G1 X201.23 Y161.089 E13.92178
G1 X200.978 Y160.737 E13.93618
G1 X200.805 Y160.289 E13.95215
G1 X200.757 Y159.897 E13.96528
G1 X200.805 Y159.455 E13.98007
G1 X200.978 Y159.008 E13.99601
G1 X201.254 Y158.631 E14.01155
G1 X201.597 Y158.347 E14.02636
G1 X202.004 Y158.159 E14.04128
G1 X202.405 Y158.079 E14.05488
G1 X202.847 Y158.096 E14.06959
G1 X203.321 Y158.245 E14.08611
G1 X203.701 Y158.478 E14.10094
G1 X203.756 Y158.577 E14.10471
G1 X203.756 Y161.17 E14.19095
G1 X203.698 Y161.269 E14.19477
G1 X203.277 Y161.519 E14.21105
G1 F1500 E7.71105
G0 F10500 X203.369 Y161.817
G0 X203.833 Y162.335
G0 X203.833 Y164.472
G0 X205.116 Y164.572
G0 X205.116 Y164.312
;TYPE:SKIN
G1 F1500 E14.21105
G1 F2015.7 X199.988 Y164.312 E14.38161
G1 X197.427 Y159.868 E14.5522
G1 X199.988 Y155.429 E14.72266
G1 X205.116 Y155.428 E14.89321
G1 X207.68 Y159.868 E15.06374
G1 X205.116 Y164.312 E15.23439
G1 F1500 E8.73439
G0 F10500 X205.116 Y164.572
G0 X203.032 Y164.472
G0 X202.947 Y162.644
G0 X203.075 Y162.798
G1 F1500 E15.23439
G1 F2015.7 X203.647 Y162.615 E15.25436
G1 X203.903 Y162.499 E15.26371
G1 X204.265 Y162.279 E15.2778
G1 X204.598 Y161.997 E15.29231
G1 X204.84 Y161.58 E15.30835
G1 X204.917 Y161.12 E15.32386
G1 X204.914 Y158.586 E15.40814
G1 X204.841 Y158.171 E15.42216
G1 X204.614 Y157.759 E15.4378
G1 X204.295 Y157.484 E15.45181
G1 X203.901 Y157.242 E15.46719
G1 X203.653 Y157.126 E15.4763
G1 X203.214 Y156.986 E15.49162
G1 X202.93 Y156.938 E15.5012
G1 X202.309 Y156.914 E15.52187
G1 X201.781 Y157.019 E15.53978
G1 X201.471 Y157.122 E15.55064
G1 X200.965 Y157.363 E15.56928
G1 X200.506 Y157.743 E15.5891
G1 X200.276 Y157.992 E15.60038
G1 X199.948 Y158.456 E15.61928
G1 X199.729 Y158.999 E15.63875
G1 X199.657 Y159.288 E15.64866
G1 X199.589 Y159.891 E15.66884
G1 X199.654 Y160.451 E15.68759
G1 X199.73 Y160.743 E15.69763
G1 X199.946 Y161.276 E15.71675
G1 X200.374 Y161.885 E15.74151
G1 X200.944 Y162.372 E15.76645
G1 X201.45 Y162.609 E15.78503
G1 X201.784 Y162.725 E15.79679
G1 X202.336 Y162.832 E15.81549
G1 X203.075 Y162.798 E15.8401
G1 F1500 E9.3401
G0 F10500 X203.032 Y162.541
G0 X203.571 Y162.455
G0 X203.571 Y164.472
G0 X204.714 Y164.572
G0 X204.714 Y164.112
G1 F1500 E15.8401
G1 F2015.7 X205.389 Y163.438 E15.87182
G0 F10500 X205.789 Y163.67
G0 X205.23 Y164.506
G0 X204.149 Y164.572
G0 X204.149 Y164.112
G1 F2015.7 X206.161 Y162.101 E15.96644
G0 F10500 X206.561 Y162.334
G0 X204.667 Y161.526
G0 X205.055 Y161.51
G1 F2015.7 X207.173 Y159.391 E16.06609
G0 F10500 X206.966 Y159.033
G1 F2015.7 X205.118 Y160.881 E16.15301
G0 F10500 X205.115 Y160.317
G1 F2015.7 X206.759 Y158.674 E16.23032
G0 F10500 X206.552 Y158.316
G1 F2015.7 X205.114 Y159.753 E16.29793
G0 F10500 X205.113 Y159.189
G1 F2015.7 X206.344 Y157.957 E16.35586
G0 F10500 X206.137 Y157.599
G1 F2015.7 X205.111 Y158.625 E16.40412
G0 F10500 X205.035 Y158.135
G1 F2015.7 X205.93 Y157.24 E16.44622
G0 F10500 X205.724 Y156.881
G1 F2015.7 X204.844 Y157.76 E16.48758
G0 F10500 X204.576 Y157.463
G1 F2015.7 X205.516 Y156.522 E16.53182
G0 F10500 X205.309 Y156.164
G1 F2015.7 X204.249 Y157.224 E16.58168
G0 F10500 X203.889 Y157.018
G1 F2015.7 X205.102 Y155.805 E16.63874
G0 F10500 X204.713 Y155.629
G1 F2015.7 X203.481 Y156.861 E16.69669
G0 F10500 X203.024 Y156.751
G1 F2015.7 X204.147 Y155.629 E16.74949
G0 F10500 X203.582 Y155.629
G1 F2015.7 X202.491 Y156.719 E16.80078
G0 F10500 X201.842 Y156.803
G1 F2015.7 X203.016 Y155.629 E16.856
G0 F10500 X202.45 Y155.629
G1 F2015.7 X200.912 Y157.167 E16.92834
G0 F10500 X201.111 Y157.583
G0 X200.282 Y158.437
G0 X199.906 Y158.173
G1 F2015.7 X197.86 Y160.218 E17.02456
G0 F10500 X198.068 Y160.577
G1 F2015.7 X199.483 Y159.161 E17.09114
G0 F10500 X199.389 Y159.821
G1 F2015.7 X198.274 Y160.936 E17.14358
G0 F10500 X198.481 Y161.295
G1 F2015.7 X199.437 Y160.339 E17.18855
G0 F10500 X199.539 Y160.802
G1 F2015.7 X198.688 Y161.654 E17.2286
G0 F10500 X198.895 Y162.012
G1 F2015.7 X199.703 Y161.204 E17.26661
G0 F10500 X199.906 Y161.567
G1 F2015.7 X199.101 Y162.372 E17.30447
G0 F10500 X199.309 Y162.73
G1 F2015.7 X200.14 Y161.898 E17.34359
G0 F10500 X200.42 Y162.184
G1 F2015.7 X199.515 Y163.089 E17.38615
G0 F10500 X199.722 Y163.448
G1 F2015.7 X200.724 Y162.446 E17.43329
G0 F10500 X201.081 Y162.655
G1 F2015.7 X199.929 Y163.807 E17.48747
G0 F10500 X200.189 Y164.112
G1 F2015.7 X201.473 Y162.828 E17.54787
G0 F10500 X201.912 Y162.955
G1 F2015.7 X200.755 Y164.112 E17.60229
G0 F10500 X201.32 Y164.112
G1 F2015.7 X202.404 Y163.029 E17.65325
G0 F10500 X202.998 Y163
G1 F2015.7 X201.886 Y164.112 E17.70556
G0 F10500 X202.452 Y164.112
G1 F2015.7 X203.798 Y162.766 E17.76887
G0 F10500 X203.608 Y162.349
G0 X203.045 Y162.621
G0 X203.045 Y164.472
G0 X203.583 Y164.572
G0 X203.583 Y164.112
G1 F2015.7 X206.932 Y160.764 E17.92637
G0 F10500 X207.334 Y160.997
G0 X207.909 Y159.872
G0 X207.78 Y159.519
G0 X207.38 Y159.75
G1 F2015.7 X203.017 Y164.112 E18.13157
G0 F10500 X203.017 Y164.572
G0 X199.879 Y164.506
G0 X197.202 Y159.872
G0 X197.28 Y159.608
G0 X197.676 Y159.837
G1 F2015.7 X201.885 Y155.629 E18.32953
G0 F10500 X201.319 Y155.629
G1 F2015.7 X198.447 Y158.5 E18.46459
G0 F10500 X198.051 Y158.271
G0 X198.822 Y156.934
G0 X199.219 Y157.163
G1 F2015.7 X200.753 Y155.629 E18.53675
G0 F10500 X200.188 Y155.629
G1 F2015.7 X199.991 Y155.825 E18.54599
G1 F1500 E12.04599
;MESH:NONMESH
G0 F300 X199.991 Y155.825 Z0.6
G0 F10500 X199.594 Y155.596
G0 X197.792 Y158.879
G0 X199.831 Y159.336
G0 X200.401 Y161.049
G0 X200.758 Y161.545
G0 X201.228 Y161.937
G0 X201.777 Y162.201
G0 X202.264 Y162.299
G0 X203.631 Y162.247
;TIME_ELAPSED:48.338897
;LAYER:2
;note -- min layer time used
M106 S170
;TYPE:WALL-INNER
;MESH:WheelAdapter_v7.stl
G1 F1500 E18.54599
G1 F2048.5 X203.012 Y162.441 E18.56757
G1 X202.356 Y162.472 E18.58941
G1 X201.724 Y162.344 E18.61086
G1 X201.138 Y162.063 E18.63247
G1 X200.652 Y161.653 E18.65362
G1 X200.259 Y161.099 E18.67621
G1 X200.074 Y160.634 E18.69286
G1 X200.011 Y160.386 E18.70137
G1 X199.948 Y159.87 E18.71866
G1 X200.027 Y159.231 E18.74007
G1 X200.259 Y158.646 E18.761
G1 X200.641 Y158.1 E18.78317
G1 X201.136 Y157.683 E18.80469
G1 X201.725 Y157.399 E18.82644
G1 X202.361 Y157.272 E18.84801
G1 X202.887 Y157.297 E18.86553
G1 X203.138 Y157.342 E18.87401
G1 X203.636 Y157.499 E18.89138
G1 X204.078 Y157.771 E18.90864
G1 X204.324 Y157.98 E18.91937
G1 X204.501 Y158.293 E18.93133
G1 X204.556 Y158.624 E18.94249
G1 X204.556 Y161.12 E19.02551
G1 X204.497 Y161.464 E19.03712
G1 X204.323 Y161.763 E19.04863
G1 X204.078 Y161.973 E19.05936
G1 X203.631 Y162.247 E19.0768
G0 F15000 X203.985 Y161.561
G1 F2048.5 X203.464 Y161.88 E19.09712
G1 X202.942 Y162.045 E19.11532
G1 X202.388 Y162.07 E19.13377
G1 X201.853 Y161.963 E19.15192
G1 X201.36 Y161.727 E19.17009
G1 X200.943 Y161.374 E19.18827
G1 X200.632 Y160.937 E19.20611
G1 X200.418 Y160.417 E19.22481
G1 X200.351 Y159.872 E19.24307
G1 X200.417 Y159.329 E19.26127
G1 X200.632 Y158.808 E19.28001
G1 X200.939 Y158.373 E19.29772
G1 X201.359 Y158.018 E19.31601
G1 X201.853 Y157.781 E19.33423
G1 X202.392 Y157.674 E19.35251
G1 X202.943 Y157.7 E19.37086
G1 X203.463 Y157.864 E19.38899
G1 X203.984 Y158.182 E19.40929
G1 X204.121 Y158.417 E19.41834
G1 X204.156 Y158.624 E19.42532
G1 X204.156 Y161.12 E19.50834
G1 X204.121 Y161.326 E19.51529
G1 X203.985 Y161.561 E19.52432
G1 F1500 E13.02432
G0 F15000 X204.147 Y161.827
G0 X203.89 Y162.322
G0 X203.89 Y164.472
G0 X205.327 Y164.672
G1 F1500 E19.52432
G1 F2048.5 X208.1 Y159.872 E19.7087
G1 X205.326 Y155.068 E19.8932
G1 X199.782 Y155.068 E20.0776
G1 X197.011 Y159.872 E20.26205
G1 X199.782 Y164.672 E20.4464
G1 X205.327 Y164.672 E20.63082
G0 F15000 X205.557 Y165.072
G1 F2048.5 X208.562 Y159.872 E20.83058
G1 X205.557 Y154.668 E21.03045
G1 X199.551 Y154.668 E21.23021
G1 X196.549 Y159.872 E21.43003
G1 X199.551 Y165.072 E21.62973
G1 X205.557 Y165.072 E21.82949
G0 F15000 X205.788 Y165.472
;TYPE:WALL-OUTER
G1 F2048.5 X209.024 Y159.872 E22.04461
G1 X205.788 Y154.268 E22.25985
G1 X199.32 Y154.268 E22.47497
G1 X196.087 Y159.872 E22.69016
G1 X199.32 Y165.472 E22.90522
G1 X205.788 Y165.472 E23.12035
G1 F1500 E16.62035
G0 F15000 X205.621 Y165.179
G0 X203.369 Y164.472
G0 X203.045 Y162.621
G0 X203.277 Y161.519
G1 F1500 E23.12035
G1 F2048.5 X202.871 Y161.645 E23.13449
G1 X202.4 Y161.665 E23.15017
G1 X201.957 Y161.569 E23.16525
G1 X201.597 Y161.397 E23.17852
G1 X201.23 Y161.089 E23.19445
G1 X200.978 Y160.737 E23.20885
G1 X200.805 Y160.289 E23.22482
G1 X200.757 Y159.897 E23.23796
G1 X200.805 Y159.455 E23.25274
G1 X200.978 Y159.008 E23.26869
G1 X201.254 Y158.631 E23.28423
G1 X201.597 Y158.347 E23.29904
G1 X202.004 Y158.159 E23.31395
G1 X202.405 Y158.079 E23.32755
G1 X202.847 Y158.096 E23.34226
G1 X203.321 Y158.245 E23.35879
G1 X203.701 Y158.478 E23.37361
G1 X203.756 Y158.577 E23.37738
G1 X203.756 Y161.17 E23.46362
G1 X203.698 Y161.269 E23.46744
G1 X203.277 Y161.519 E23.48372
G1 F1500 E16.98372
G0 F15000 X203.369 Y161.817
G0 X203.833 Y162.335
G0 X203.833 Y164.472
G0 X205.116 Y164.572
G0 X205.116 Y164.312
;TYPE:SKIN
G1 F1500 E23.48372
G1 F2048.5 X199.988 Y164.312 E23.65428
G1 X197.427 Y159.868 E23.82488
G1 X199.988 Y155.429 E23.99533
G1 X205.116 Y155.428 E24.16589
G1 X207.68 Y159.868 E24.33642
G1 X205.116 Y164.312 E24.50706
G1 F1500 E18.00706
G0 F15000 X205.116 Y164.572
G0 X203.032 Y164.472
G0 X202.947 Y162.644
G0 X203.075 Y162.798
G1 F1500 E24.50706
G1 F2048.5 X203.647 Y162.615 E24.52704
G1 X203.903 Y162.499 E24.53638
G1 X204.265 Y162.279 E24.55047
G1 X204.598 Y161.997 E24.56499
G1 X204.84 Y161.58 E24.58102
G1 X204.917 Y161.12 E24.59654
G1 X204.914 Y158.586 E24.68082
G1 X204.841 Y158.171 E24.69483
G1 X204.614 Y157.759 E24.71048
G1 X204.295 Y157.484 E24.72449
G1 X203.901 Y157.242 E24.73986
G1 X203.653 Y157.126 E24.74897
G1 X203.214 Y156.986 E24.7643
G1 X202.93 Y156.938 E24.77388
G1 X202.309 Y156.914 E24.79455
G1 X201.781 Y157.019 E24.81245
G1 X201.471 Y157.122 E24.82332
G1 X200.965 Y157.363 E24.84196
G1 X200.506 Y157.743 E24.86178
G1 X200.276 Y157.992 E24.87305
G1 X199.948 Y158.456 E24.89195
G1 X199.729 Y158.999 E24.91142
G1 X199.657 Y159.288 E24.92133
G1 X199.589 Y159.891 E24.94151
G1 X199.654 Y160.451 E24.96026
G1 X199.73 Y160.743 E24.9703
G1 X199.946 Y161.276 E24.98943
G1 X200.374 Y161.885 E25.01418
G1 X200.944 Y162.372 E25.03912
G1 X201.45 Y162.609 E25.0577
G1 X201.784 Y162.725 E25.06946
G1 X202.336 Y162.832 E25.08817
G1 X203.075 Y162.798 E25.11277
G1 F1500 E18.61277
G0 F15000 X203.032 Y162.541
G0 X201.811 Y162.546
G0 X201.811 Y164.472
G0 X200.316 Y164.572
G0 X200.316 Y164.112
G1 F1500 E25.11277
G1 F2048.5 X199.816 Y163.612 E25.13629
G0 F15000 X199.419 Y163.841
G0 X199.879 Y164.506
G0 X200.882 Y164.572
G0 X200.882 Y164.112
G1 F2048.5 X199.046 Y162.277 E25.22263
G0 F15000 X198.648 Y162.506
G0 X198.479 Y162.055
G0 X200.101 Y161.188
G0 X199.727 Y161.26
G1 F2048.5 X197.905 Y159.438 E25.30833
G0 F15000 X198.112 Y159.08
G1 F2048.5 X199.447 Y160.415 E25.37112
G0 F15000 X199.393 Y159.795
G1 F2048.5 X198.319 Y158.721 E25.42164
G0 F15000 X198.526 Y158.362
G1 F2048.5 X199.456 Y159.293 E25.46541
G0 F15000 X199.575 Y158.846
G1 F2048.5 X198.733 Y158.004 E25.50501
G0 F15000 X198.94 Y157.645
G1 F2048.5 X199.737 Y158.442 E25.5425
G0 F15000 X199.959 Y158.098
G1 F2048.5 X199.147 Y157.286 E25.58069
G0 F15000 X199.354 Y156.928
G1 F2048.5 X200.202 Y157.776 E25.62058
G0 F15000 X200.487 Y157.495
G1 F2048.5 X199.561 Y156.569 E25.66414
G0 F15000 X199.768 Y156.21
G1 F2048.5 X200.794 Y157.237 E25.71242
G0 F15000 X201.168 Y157.045
G1 F2048.5 X199.975 Y155.851 E25.76856
G0 F15000 X200.318 Y155.629
G1 F2048.5 X201.568 Y156.879 E25.82736
G0 F15000 X202.022 Y156.767
G1 F2048.5 X200.883 Y155.629 E25.88091
G0 F15000 X201.449 Y155.629
G1 F2048.5 X202.541 Y156.72 E25.93225
G0 F15000 X203.16 Y156.774
G1 F2048.5 X202.015 Y155.629 E25.98611
G0 F15000 X202.58 Y155.629
G1 F2048.5 X204.056 Y157.104 E26.05551
G0 F15000 X203.817 Y157.494
G0 X204.596 Y158.259
G0 X204.998 Y158.046
G1 F2048.5 X207.219 Y160.267 E26.15998
G0 F15000 X207.426 Y159.909
G1 F2048.5 X203.146 Y155.629 E26.3613
G0 F15000 X203.712 Y155.629
G1 F2048.5 X206.762 Y158.679 E26.50476
G0 F15000 X207.162 Y158.448
G0 X206.389 Y157.109
G0 X205.989 Y157.34
G1 F2048.5 X204.277 Y155.629 E26.58526
G0 F15000 X204.843 Y155.629
G1 F2048.5 X205.215 Y156 E26.60274
G1 F1500 E20.10274
G0 F15000 X205.615 Y155.769
G0 X206.569 Y157.62
G0 X204.672 Y158.233
G0 X204.656 Y158.724
G0 X205.11 Y158.724
G1 F1500 E26.60274
G1 F2048.5 X207.012 Y160.626 E26.6922
G0 F15000 X206.805 Y160.985
G1 F2048.5 X205.112 Y159.291 E26.77186
G0 F15000 X205.114 Y159.859
G1 F2048.5 X206.598 Y161.343 E26.84166
G0 F15000 X206.391 Y161.702
G1 F2048.5 X205.115 Y160.426 E26.90168
G0 F15000 X205.117 Y160.993
G1 F2048.5 X206.185 Y162.061 E26.95191
G0 F15000 X205.977 Y162.42
G1 F2048.5 X205.056 Y161.498 E26.99526
G0 F15000 X204.887 Y161.895
G1 F2048.5 X205.77 Y162.778 E27.03679
G0 F15000 X205.564 Y163.137
G1 F2048.5 X204.644 Y162.218 E27.08004
G0 F15000 X204.333 Y162.472
G1 F2048.5 X205.357 Y163.496 E27.12821
G0 F15000 X205.149 Y163.854
G1 F2048.5 X203.98 Y162.685 E27.1832
G0 F15000 X203.576 Y162.847
G1 F2048.5 X204.842 Y164.112 E27.24272
G0 F15000 X204.276 Y164.112
G1 F2048.5 X203.148 Y162.984 E27.29578
G0 F15000 X202.617 Y163.019
G1 F2048.5 X203.71 Y164.112 E27.34719
G0 F15000 X203.145 Y164.112
G1 F2048.5 X202.007 Y162.975 E27.40069
G0 F15000 X201.158 Y162.692
G1 F2048.5 X202.579 Y164.112 E27.46751
G0 F15000 X202.013 Y164.112
G1 F2048.5 X197.699 Y159.798 E27.67043
G0 F15000 X197.303 Y159.569
G0 X197.212 Y159.842
G0 X197.878 Y161.172
G0 X198.277 Y160.942
G1 F2048.5 X201.448 Y164.112 E27.81956
G1 F1500 E21.31956
;MESH:NONMESH
G0 F300 X201.448 Y164.112 Z0.8
G0 F15000 X201.448 Y164.572
G0 X203.631 Y164.472
G0 X203.054 Y162.638
G0 X203.631 Y162.247
;TIME_ELAPSED:68.159766
;LAYER:3
;note -- min layer time used
M106 S255
;TYPE:WALL-INNER
;MESH:WheelAdapter_v7.stl
G1 F1500 E27.81956
G1 F1986.9 X203.012 Y162.441 E27.84113
G1 X202.356 Y162.472 E27.86298
G1 X201.724 Y162.344 E27.88442
G1 X201.138 Y162.063 E27.90604
G1 X200.652 Y161.653 E27.92719
G1 X200.259 Y161.099 E27.94978
G1 X200.074 Y160.634 E27.96642
G1 X200.011 Y160.386 E27.97493
G1 X199.948 Y159.87 E27.99222
G1 X200.027 Y159.231 E28.01364
G1 X200.259 Y158.646 E28.03457
G1 X200.641 Y158.1 E28.05673
G1 X201.136 Y157.683 E28.07826
G1 X201.725 Y157.399 E28.10001
G1 X202.361 Y157.272 E28.12158
G1 X202.887 Y157.297 E28.1391
G1 X203.138 Y157.342 E28.14758
G1 X203.636 Y157.499 E28.16494
G1 X204.078 Y157.771 E28.18221
G1 X204.324 Y157.98 E28.19294
G1 X204.501 Y158.293 E28.2049
G1 X204.556 Y158.624 E28.21606
G1 X204.556 Y161.12 E28.29908
G1 X204.497 Y161.464 E28.31069
G1 X204.323 Y161.763 E28.32219
G1 X204.078 Y161.973 E28.33293
G1 X203.631 Y162.247 E28.35036
G0 F15000 X203.985 Y161.561
G1 F1986.9 X203.464 Y161.88 E28.37068
G1 X202.942 Y162.045 E28.38889
G1 X202.388 Y162.07 E28.40734
G1 X201.853 Y161.963 E28.42548
G1 X201.36 Y161.727 E28.44366
G1 X200.943 Y161.374 E28.46183
G1 X200.632 Y160.937 E28.47967
G1 X200.418 Y160.417 E28.49838
G1 X200.351 Y159.872 E28.51664
G1 X200.417 Y159.329 E28.53483
G1 X200.632 Y158.808 E28.55358
G1 X200.939 Y158.373 E28.57129
G1 X201.359 Y158.018 E28.58958
G1 X201.853 Y157.781 E28.6078
G1 X202.392 Y157.674 E28.62608
G1 X202.943 Y157.7 E28.64442
G1 X203.463 Y157.864 E28.66256
G1 X203.984 Y158.182 E28.68286
G1 X204.121 Y158.417 E28.69191
G1 X204.156 Y158.624 E28.69889
G1 X204.156 Y161.12 E28.78191
G1 X204.121 Y161.326 E28.78886
G1 X203.985 Y161.561 E28.79789
G1 F1500 E22.29789
G0 F15000 X204.147 Y161.827
G0 X203.89 Y162.322
G0 X203.89 Y164.472
G0 X205.327 Y164.672
G1 F1500 E28.79789
G1 F1986.9 X208.1 Y159.872 E28.98226
G1 X205.326 Y155.068 E29.16677
G1 X199.782 Y155.068 E29.35116
G1 X197.011 Y159.872 E29.53562
G1 X199.782 Y164.672 E29.71996
G1 X205.327 Y164.672 E29.90439
G0 F15000 X205.557 Y165.072
G1 F1986.9 X208.562 Y159.872 E30.10415
G1 X205.557 Y154.668 E30.30402
G1 X199.551 Y154.668 E30.50378
G1 X196.549 Y159.872 E30.7036
G1 X199.551 Y165.072 E30.9033
G1 X205.557 Y165.072 E31.10306
G0 F15000 X205.788 Y165.472
;TYPE:WALL-OUTER
G1 F1986.9 X209.024 Y159.872 E31.31818
G1 X205.788 Y154.268 E31.53341
G1 X199.32 Y154.268 E31.74854
G1 X196.087 Y159.872 E31.96372
G1 X199.32 Y165.472 E32.17879
G1 X205.788 Y165.472 E32.39392
G1 F1500 E25.89392
G0 F15000 X205.621 Y165.179
G0 X203.369 Y164.472
G0 X203.045 Y162.621
G0 X203.277 Y161.519
G1 F1500 E32.39392
G1 F1986.9 X202.871 Y161.645 E32.40806
G1 X202.4 Y161.665 E32.42374
G1 X201.957 Y161.569 E32.43881
G1 X201.597 Y161.397 E32.45208
G1 X201.23 Y161.089 E32.46802
G1 X200.978 Y160.737 E32.48242
G1 X200.805 Y160.289 E32.49839
G1 X200.757 Y159.897 E32.51152
G1 X200.805 Y159.455 E32.52631
G1 X200.978 Y159.008 E32.54225
G1 X201.254 Y158.631 E32.55779
G1 X201.597 Y158.347 E32.57261
G1 X202.004 Y158.159 E32.58752
G1 X202.405 Y158.079 E32.60112
G1 X202.847 Y158.096 E32.61583
G1 X203.321 Y158.245 E32.63235
G1 X203.701 Y158.478 E32.64718
G1 X203.756 Y158.577 E32.65095
G1 X203.756 Y161.17 E32.73719
G1 X203.698 Y161.269 E32.74101
G1 X203.277 Y161.519 E32.75729
G1 F1500 E26.25729
G0 F15000 X203.369 Y161.817
G0 X203.833 Y162.335
G0 X203.833 Y164.472
G0 X205.116 Y164.572
G0 X205.116 Y164.312
;TYPE:SKIN
G1 F1500 E32.75729
G1 F1986.9 X199.988 Y164.312 E32.92785
G1 X197.427 Y159.868 E33.09844
G1 X199.988 Y155.429 E33.2689
G1 X205.116 Y155.428 E33.43945
G1 X207.68 Y159.868 E33.60998
G1 X205.116 Y164.312 E33.78063
G1 F1500 E27.28063
G0 F15000 X205.116 Y164.572
G0 X203.032 Y164.472
G0 X202.947 Y162.644
G0 X203.075 Y162.798
G1 F1500 E33.78063
G1 F1986.9 X203.647 Y162.615 E33.8006
G1 X203.903 Y162.499 E33.80995
G1 X204.265 Y162.279 E33.82404
G1 X204.598 Y161.997 E33.83855
G1 X204.84 Y161.58 E33.85459
G1 X204.917 Y161.12 E33.8701
G1 X204.914 Y158.586 E33.95438
G1 X204.841 Y158.171 E33.9684
G1 X204.614 Y157.759 E33.98404
G1 X204.295 Y157.484 E33.99805
G1 X203.901 Y157.242 E34.01343
G1 X203.653 Y157.126 E34.02254
G1 X203.214 Y156.986 E34.03786
G1 X202.93 Y156.938 E34.04744
G1 X202.309 Y156.914 E34.06811
G1 X201.781 Y157.019 E34.08602
G1 X201.471 Y157.122 E34.09688
G1 X200.965 Y157.363 E34.11552
G1 X200.506 Y157.743 E34.13534
G1 X200.276 Y157.992 E34.14662
G1 X199.948 Y158.456 E34.16552
G1 X199.729 Y158.999 E34.18499
G1 X199.657 Y159.288 E34.1949
G1 X199.589 Y159.891 E34.21508
G1 X199.654 Y160.451 E34.23383
G1 X199.73 Y160.743 E34.24387
G1 X199.946 Y161.276 E34.26299
G1 X200.374 Y161.885 E34.28775
G1 X200.944 Y162.372 E34.31269
G1 X201.45 Y162.609 E34.33127
G1 X201.784 Y162.725 E34.34303
G1 X202.336 Y162.832 E34.36173
G1 X203.075 Y162.798 E34.38634
G1 F1500 E27.88634
G0 F15000 X203.032 Y162.541
G0 X203.571 Y162.455
G0 X203.571 Y164.472
G0 X204.714 Y164.572
G0 X204.714 Y164.112
G1 F1500 E34.38634
G1 F1986.9 X205.389 Y163.438 E34.41806
G0 F15000 X205.789 Y163.67
G0 X205.23 Y164.506
G0 X204.149 Y164.572
G0 X204.149 Y164.112
G1 F1986.9 X206.161 Y162.101 E34.51268
G0 F15000 X206.561 Y162.334
G0 X204.667 Y161.526
G0 X205.055 Y161.51
G1 F1986.9 X207.173 Y159.391 E34.61233
G0 F15000 X206.966 Y159.033
G1 F1986.9 X205.118 Y160.881 E34.69925
G0 F15000 X205.115 Y160.317
G1 F1986.9 X206.759 Y158.674 E34.77656
G0 F15000 X206.552 Y158.316
G1 F1986.9 X205.114 Y159.753 E34.84417
G0 F15000 X205.113 Y159.189
G1 F1986.9 X206.344 Y157.957 E34.9021
G0 F15000 X206.137 Y157.599
G1 F1986.9 X205.111 Y158.625 E34.95036
G0 F15000 X205.035 Y158.135
G1 F1986.9 X205.93 Y157.24 E34.99246
G0 F15000 X205.724 Y156.881
G1 F1986.9 X204.844 Y157.76 E35.03382
G0 F15000 X204.576 Y157.463
G1 F1986.9 X205.516 Y156.522 E35.07806
G0 F15000 X205.309 Y156.164
G1 F1986.9 X204.249 Y157.224 E35.12792
G0 F15000 X203.889 Y157.018
G1 F1986.9 X205.102 Y155.805 E35.18498
G0 F15000 X204.713 Y155.629
G1 F1986.9 X203.481 Y156.861 E35.24293
G0 F15000 X203.024 Y156.751
G1 F1986.9 X204.147 Y155.629 E35.29573
G0 F15000 X203.582 Y155.629
G1 F1986.9 X202.491 Y156.719 E35.34702
G0 F15000 X201.842 Y156.803
G1 F1986.9 X203.016 Y155.629 E35.40224
G0 F15000 X202.45 Y155.629
G1 F1986.9 X200.912 Y157.167 E35.47458
G0 F15000 X201.111 Y157.583
G0 X200.282 Y158.437
G0 X199.906 Y158.173
G1 F1986.9 X197.86 Y160.218 E35.5708
G0 F15000 X198.068 Y160.577
G1 F1986.9 X199.483 Y159.161 E35.63738
G0 F15000 X199.389 Y159.821
G1 F1986.9 X198.274 Y160.936 E35.68982
G0 F15000 X198.481 Y161.295
G1 F1986.9 X199.437 Y160.339 E35.73479
G0 F15000 X199.539 Y160.802
G1 F1986.9 X198.688 Y161.654 E35.77484
G0 F15000 X198.895 Y162.012
G1 F1986.9 X199.703 Y161.204 E35.81285
G0 F15000 X199.906 Y161.567
G1 F1986.9 X199.101 Y162.372 E35.85071
G0 F15000 X199.309 Y162.73
G1 F1986.9 X200.14 Y161.898 E35.88983
G0 F15000 X200.42 Y162.184
G1 F1986.9 X199.515 Y163.089 E35.93239
G0 F15000 X199.722 Y163.448
G1 F1986.9 X200.724 Y162.446 E35.97953
G0 F15000 X201.081 Y162.655
G1 F1986.9 X199.929 Y163.807 E36.03371
G0 F15000 X200.189 Y164.112
G1 F1986.9 X201.473 Y162.828 E36.09411
G0 F15000 X201.912 Y162.955
G1 F1986.9 X200.755 Y164.112 E36.14853
G0 F15000 X201.32 Y164.112
G1 F1986.9 X202.404 Y163.029 E36.19949
G0 F15000 X202.998 Y163
G1 F1986.9 X201.886 Y164.112 E36.2518
G0 F15000 X202.452 Y164.112
G1 F1986.9 X203.798 Y162.766 E36.31511
G0 F15000 X203.608 Y162.349
G0 X203.045 Y162.621
G0 X203.045 Y164.472
G0 X203.583 Y164.572
G0 X203.583 Y164.112
G1 F1986.9 X206.932 Y160.764 E36.47261
G0 F15000 X207.334 Y160.997
G0 X207.909 Y159.872
G0 X207.78 Y159.519
G0 X207.38 Y159.75
G1 F1986.9 X203.017 Y164.112 E36.67781
G0 F15000 X203.017 Y164.572
G0 X199.879 Y164.506
G0 X197.202 Y159.872
G0 X197.28 Y159.608
G0 X197.676 Y159.837
G1 F1986.9 X201.885 Y155.629 E36.87577
G0 F15000 X201.319 Y155.629
G1 F1986.9 X198.447 Y158.5 E37.01083
G0 F15000 X198.051 Y158.271
G0 X198.822 Y156.934
G0 X199.219 Y157.163
G1 F1986.9 X200.753 Y155.629 E37.08299
G0 F15000 X200.188 Y155.629
G1 F1986.9 X199.991 Y155.825 E37.09223
G1 F1500 E30.59223
;MESH:NONMESH
G0 F300 X199.991 Y155.825 Z1
G0 F15000 X199.594 Y155.596
G0 X197.792 Y158.879
G0 X199.831 Y159.336
G0 X200.401 Y161.049
G0 X200.758 Y161.545
G0 X201.228 Y161.937
G0 X201.777 Y162.201
G0 X202.264 Y162.299
G0 X203.631 Y162.247
;TIME_ELAPSED:87.944815
;LAYER:4
;note -- min layer time used
;TYPE:WALL-INNER
;MESH:WheelAdapter_v7.stl
G1 F1500 E37.09223
G1 F1022.3 X203.012 Y162.441 E37.11381
G1 X202.356 Y162.472 E37.13565
G1 X201.724 Y162.344 E37.1571
G1 X201.138 Y162.063 E37.17871
G1 X200.652 Y161.653 E37.19986
G1 X200.259 Y161.099 E37.22245
G1 X200.074 Y160.634 E37.2391
G1 X200.011 Y160.386 E37.24761
G1 X199.948 Y159.87 E37.2649
G1 X200.027 Y159.231 E37.28631
G1 X200.259 Y158.646 E37.30724
G1 X200.641 Y158.1 E37.32941
G1 X201.136 Y157.683 E37.35093
G1 X201.725 Y157.399 E37.37268
G1 X202.361 Y157.272 E37.39425
G1 X202.887 Y157.297 E37.41177
G1 X203.138 Y157.342 E37.42025
G1 X203.636 Y157.499 E37.43762
G1 X204.078 Y157.771 E37.45488
G1 X204.324 Y157.98 E37.46561
G1 X204.501 Y158.293 E37.47757
G1 X204.556 Y158.624 E37.48873
G1 X204.556 Y161.12 E37.57175
G1 X204.497 Y161.464 E37.58336
G1 X204.323 Y161.763 E37.59487
G1 X204.078 Y161.973 E37.6056
G1 X203.631 Y162.247 E37.62304
G0 F15000 X203.985 Y161.561
G1 F1022.3 X203.464 Y161.88 E37.64336
G1 X202.942 Y162.045 E37.66156
G1 X202.388 Y162.07 E37.68001
G1 X201.853 Y161.963 E37.69816
G1 X201.36 Y161.727 E37.71633
G1 X200.943 Y161.374 E37.73451
G1 X200.632 Y160.937 E37.75235
G1 X200.418 Y160.417 E37.77105
G1 X200.351 Y159.872 E37.78931
G1 X200.417 Y159.329 E37.80751
G1 X200.632 Y158.808 E37.82625
G1 X200.939 Y158.373 E37.84396
G1 X201.359 Y158.018 E37.86225
G1 X201.853 Y157.781 E37.88047
G1 X202.392 Y157.674 E37.89875
G1 X202.943 Y157.7 E37.9171
G1 X203.463 Y157.864 E37.93523
G1 X203.984 Y158.182 E37.95553
G1 X204.121 Y158.417 E37.96458
G1 X204.156 Y158.624 E37.97156
G1 X204.156 Y161.12 E38.05458
G1 X204.121 Y161.326 E38.06153
G1 X203.985 Y161.561 E38.07056
G0 F15000 X204.147 Y161.827
G0 X205.327 Y164.672
G1 F1022.3 X208.1 Y159.872 E38.25494
G1 X205.326 Y155.068 E38.43944
G1 X199.782 Y155.068 E38.62384
G1 X197.011 Y159.872 E38.80829
G1 X199.782 Y164.672 E38.99264
G1 X205.327 Y164.672 E39.17706
G0 F15000 X205.557 Y165.072
G1 F1022.3 X208.562 Y159.872 E39.37682
G1 X205.557 Y154.668 E39.57669
G1 X199.551 Y154.668 E39.77645
G1 X196.549 Y159.872 E39.97627
G1 X199.551 Y165.072 E40.17597
G1 X205.557 Y165.072 E40.37573
G0 F15000 X205.788 Y165.472
;TYPE:WALL-OUTER
G1 F1022.3 X209.024 Y159.872 E40.59085
G1 X205.788 Y154.268 E40.80609
G1 X199.32 Y154.268 E41.02121
G1 X196.087 Y159.872 E41.2364
G1 X199.32 Y165.472 E41.45146
G1 X205.788 Y165.472 E41.66659
G1 F1500 E35.16659
G0 F15000 X205.621 Y165.179
G0 X203.369 Y161.817
G0 X203.277 Y161.519
G1 F1500 E41.66659
G1 F1022.3 X202.871 Y161.645 E41.68073
G1 X202.4 Y161.665 E41.69641
G1 X201.957 Y161.569 E41.71149
G1 X201.597 Y161.397 E41.72476
G1 X201.23 Y161.089 E41.74069
G1 X200.978 Y160.737 E41.75509
G1 X200.805 Y160.289 E41.77106
G1 X200.757 Y159.897 E41.7842
G1 X200.805 Y159.455 E41.79898
G1 X200.978 Y159.008 E41.81493
G1 X201.254 Y158.631 E41.83047
G1 X201.597 Y158.347 E41.84528
G1 X202.004 Y158.159 E41.86019
G1 X202.405 Y158.079 E41.87379
G1 X202.847 Y158.096 E41.8885
G1 X203.321 Y158.245 E41.90503
G1 X203.701 Y158.478 E41.91985
G1 X203.756 Y158.577 E41.92362
G1 X203.756 Y161.17 E42.00986
G1 X203.698 Y161.269 E42.01368
G1 X203.277 Y161.519 E42.02996
G0 F15000 X203.369 Y161.817
G0 X204.636 Y160.952
;TYPE:FILL
G1 F1022.3 X206.378 Y162.694 E42.1119
G0 F15000 X204.636 Y160.048
G1 F1022.3 X207.644 Y159.242 E42.21548
G0 F15000 X202.541 Y157.202
G1 F1022.3 X203.091 Y155.147 E42.28623
G0 F15000 X201.231 Y157.547
G1 F1022.3 X199.464 Y155.78 E42.36935
G0 F15000 X200.25 Y161.223
G1 F1022.3 X198.199 Y161.773 E42.43998
G0 F15000 X201.205 Y162.185
G1 F1022.3 X200.56 Y164.592 E42.52286
G0 F15000 X200.56 Y164.465
;MESH:NONMESH
G0 F300 X200.56 Y164.465 Z1.2
G0 F15000 X203.631 Y162.247
;TIME_ELAPSED:100.370388
;LAYER:5
;note -- min layer time used
;TYPE:WALL-INNER
;MESH:WheelAdapter_v7.stl
G1 F1023 X203.012 Y162.441 E42.54443
G1 X202.356 Y162.472 E42.56628
G1 X201.724 Y162.344 E42.58772
G1 X201.138 Y162.063 E42.60934
G1 X200.652 Y161.653 E42.63049
G1 X200.259 Y161.099 E42.65308
G1 X200.074 Y160.634 E42.66972
G1 X200.011 Y160.386 E42.67823
G1 X199.948 Y159.87 E42.69552
G1 X200.027 Y159.231 E42.71694
G1 X200.259 Y158.646 E42.73787
G1 X200.641 Y158.1 E42.76003
G1 X201.136 Y157.683 E42.78156
G1 X201.725 Y157.399 E42.80331
G1 X202.361 Y157.272 E42.82488
G1 X202.887 Y157.297 E42.84239
G1 X203.138 Y157.342 E42.85088
G1 X203.636 Y157.499 E42.86824
G1 X204.078 Y157.771 E42.8855
G1 X204.324 Y157.98 E42.89624
G1 X204.501 Y158.293 E42.9082
G1 X204.556 Y158.624 E42.91936
G1 X204.556 Y161.12 E43.00238
G1 X204.497 Y161.464 E43.01399
G1 X204.323 Y161.763 E43.02549
G1 X204.078 Y161.973 E43.03622
G1 X203.631 Y162.247 E43.05366
G0 F15000 X203.985 Y161.561
G1 F1023 X203.464 Y161.88 E43.07398
G1 X202.942 Y162.045 E43.09219
G1 X202.388 Y162.07 E43.11063
G1 X201.853 Y161.963 E43.12878
G1 X201.36 Y161.727 E43.14696
G1 X200.943 Y161.374 E43.16513
G1 X200.632 Y160.937 E43.18297
G1 X200.418 Y160.417 E43.20167
G1 X200.351 Y159.872 E43.21994
G1 X200.417 Y159.329 E43.23813
G1 X200.632 Y158.808 E43.25688
G1 X200.939 Y158.373 E43.27459
G1 X201.359 Y158.018 E43.29288
G1 X201.853 Y157.781 E43.3111
G1 X202.392 Y157.674 E43.32938
G1 X202.943 Y157.7 E43.34772
G1 X203.463 Y157.864 E43.36586
G1 X203.984 Y158.182 E43.38616
G1 X204.121 Y158.417 E43.39521
G1 X204.156 Y158.624 E43.40219
G1 X204.156 Y161.12 E43.48521
G1 X204.121 Y161.326 E43.49216
G1 X203.985 Y161.561 E43.50119
G0 F15000 X204.147 Y161.827
G0 X205.327 Y164.672
G1 F1023 X208.1 Y159.872 E43.68556
G1 X205.326 Y155.068 E43.87007
G1 X199.782 Y155.068 E44.05446
G1 X197.011 Y159.872 E44.23892
G1 X199.782 Y164.672 E44.42326
G1 X205.327 Y164.672 E44.60769
G0 F15000 X205.557 Y165.072
G1 F1023 X208.562 Y159.872 E44.80744
G1 X205.557 Y154.668 E45.00731
G1 X199.551 Y154.668 E45.20707
G1 X196.549 Y159.872 E45.40689
G1 X199.551 Y165.072 E45.6066
G1 X205.557 Y165.072 E45.80636
G0 F15000 X205.788 Y165.472
;TYPE:WALL-OUTER
G1 F1023 X209.024 Y159.872 E46.02148
G1 X205.788 Y154.268 E46.23671
G1 X199.32 Y154.268 E46.45184
G1 X196.087 Y159.872 E46.66702
G1 X199.32 Y165.472 E46.88209
G1 X205.788 Y165.472 E47.09722
G1 F1500 E40.59722
G0 F15000 X205.621 Y165.179
G0 X203.369 Y161.817
G0 X203.277 Y161.519
G1 F1500 E47.09722
G1 F1023 X202.871 Y161.645 E47.11135
G1 X202.4 Y161.665 E47.12703
G1 X201.957 Y161.569 E47.14211
G1 X201.597 Y161.397 E47.15538
G1 X201.23 Y161.089 E47.17132
G1 X200.978 Y160.737 E47.18571
G1 X200.805 Y160.289 E47.20169
G1 X200.757 Y159.897 E47.21482
G1 X200.805 Y159.455 E47.22961
G1 X200.978 Y159.008 E47.24555
G1 X201.254 Y158.631 E47.26109
G1 X201.597 Y158.347 E47.2759
G1 X202.004 Y158.159 E47.29082
G1 X202.405 Y158.079 E47.30442
G1 X202.847 Y158.096 E47.31913
G1 X203.321 Y158.245 E47.33565
G1 X203.701 Y158.478 E47.35048
G1 X203.756 Y158.577 E47.35425
G1 X203.756 Y161.17 E47.44049
G1 X203.698 Y161.269 E47.44431
G1 X203.277 Y161.519 E47.46059
G0 F15000 X203.369 Y161.817
G0 X204.067 Y161.759
G0 X204.636 Y160.753
;TYPE:FILL
G1 F1023 X206.45 Y162.567 E47.54592
G0 F15000 X204.636 Y160.194
G1 F1023 X207.717 Y159.368 E47.65201
G0 F15000 X202.396 Y157.195
G1 F1023 X202.945 Y155.148 E47.7225
G0 F15000 X201.366 Y157.483
G1 F1023 X199.536 Y155.653 E47.80858
G0 F15000 X200.337 Y161.346
G1 F1023 X198.272 Y161.899 E47.87968
G0 F15000 X201.077 Y162.118
G1 F1023 X200.414 Y164.592 E47.96487
G0 F15000 X200.414 Y164.465
;MESH:NONMESH
G0 F300 X200.414 Y164.465 Z1.4
G0 F15000 X203.631 Y162.247
;TIME_ELAPSED:112.529627
;LAYER:6
;note -- min layer time used
;TYPE:WALL-INNER
;MESH:WheelAdapter_v7.stl
G1 F1025.7 X203.012 Y162.441 E47.98644
G1 X202.356 Y162.472 E48.00829
G1 X201.724 Y162.344 E48.02973
G1 X201.138 Y162.063 E48.05135
G1 X200.652 Y161.653 E48.0725
G1 X200.259 Y161.099 E48.09509
G1 X200.074 Y160.634 E48.11173
G1 X200.011 Y160.386 E48.12024
G1 X199.948 Y159.87 E48.13753
G1 X200.027 Y159.231 E48.15895
G1 X200.259 Y158.646 E48.17988
G1 X200.641 Y158.1 E48.20204
G1 X201.136 Y157.683 E48.22357
G1 X201.725 Y157.399 E48.24532
G1 X202.361 Y157.272 E48.26689
G1 X202.887 Y157.297 E48.2844
G1 X203.138 Y157.342 E48.29289
G1 X203.636 Y157.499 E48.31025
G1 X204.078 Y157.771 E48.32751
G1 X204.324 Y157.98 E48.33825
G1 X204.501 Y158.293 E48.35021
G1 X204.556 Y158.624 E48.36137
G1 X204.556 Y161.12 E48.44439
G1 X204.497 Y161.464 E48.456
G1 X204.323 Y161.763 E48.4675
G1 X204.078 Y161.973 E48.47824
G1 X203.631 Y162.247 E48.49567
G0 F15000 X203.985 Y161.561
G1 F1025.7 X203.464 Y161.88 E48.51599
G1 X202.942 Y162.045 E48.5342
G1 X202.388 Y162.07 E48.55265
G1 X201.853 Y161.963 E48.57079
G1 X201.36 Y161.727 E48.58897
G1 X200.943 Y161.374 E48.60714
G1 X200.632 Y160.937 E48.62498
G1 X200.418 Y160.417 E48.64368
G1 X200.351 Y159.872 E48.66195
G1 X200.417 Y159.329 E48.68014
G1 X200.632 Y158.808 E48.69889
G1 X200.939 Y158.373 E48.7166
G1 X201.359 Y158.018 E48.73489
G1 X201.853 Y157.781 E48.75311
G1 X202.392 Y157.674 E48.77139
G1 X202.943 Y157.7 E48.78973
G1 X203.463 Y157.864 E48.80787
G1 X203.984 Y158.182 E48.82817
G1 X204.121 Y158.417 E48.83722
G1 X204.156 Y158.624 E48.8442
G1 X204.156 Y161.12 E48.92722
G1 X204.121 Y161.326 E48.93417
G1 X203.985 Y161.561 E48.9432
G0 F15000 X204.147 Y161.827
G0 X205.327 Y164.672
G1 F1025.7 X208.1 Y159.872 E49.12757
G1 X205.326 Y155.068 E49.31208
G1 X199.782 Y155.068 E49.49647
G1 X197.011 Y159.872 E49.68093
G1 X199.782 Y164.672 E49.86527
G1 X205.327 Y164.672 E50.0497
G0 F15000 X205.557 Y165.072
G1 F1025.7 X208.562 Y159.872 E50.24945
G1 X205.557 Y154.668 E50.44932
G1 X199.551 Y154.668 E50.64909
G1 X196.549 Y159.872 E50.84891
G1 X199.551 Y165.072 E51.04861
G1 X205.557 Y165.072 E51.24837
G0 F15000 X205.788 Y165.472
;TYPE:WALL-OUTER
G1 F1025.7 X209.024 Y159.872 E51.46349
G1 X205.788 Y154.268 E51.67872
G1 X199.32 Y154.268 E51.89385
G1 X196.087 Y159.872 E52.10903
G1 X199.32 Y165.472 E52.3241
G1 X205.788 Y165.472 E52.53923
G1 F1500 E46.03923
G0 F15000 X205.621 Y165.179
G0 X203.369 Y161.817
G0 X203.277 Y161.519
G1 F1500 E52.53923
G1 F1025.7 X202.871 Y161.645 E52.55337
G1 X202.4 Y161.665 E52.56904
G1 X201.957 Y161.569 E52.58412
G1 X201.597 Y161.397 E52.59739
G1 X201.23 Y161.089 E52.61333
G1 X200.978 Y160.737 E52.62773
G1 X200.805 Y160.289 E52.6437
G1 X200.757 Y159.897 E52.65683
G1 X200.805 Y159.455 E52.67162
G1 X200.978 Y159.008 E52.68756
G1 X201.254 Y158.631 E52.7031
G1 X201.597 Y158.347 E52.71791
G1 X202.004 Y158.159 E52.73283
G1 X202.405 Y158.079 E52.74643
G1 X202.847 Y158.096 E52.76114
G1 X203.321 Y158.245 E52.77766
G1 X203.701 Y158.478 E52.79249
G1 X203.756 Y158.577 E52.79626
G1 X203.756 Y161.17 E52.8825
G1 X203.698 Y161.269 E52.88632
G1 X203.277 Y161.519 E52.9026
G0 F15000 X203.369 Y161.817
G0 X204.067 Y161.759
G0 X204.636 Y160.554
;TYPE:FILL
G1 F1025.7 X206.523 Y162.441 E52.99136
G0 F15000 X204.636 Y160.34
G1 F1025.7 X207.791 Y159.495 E53.09999
G0 F15000 X203.993 Y157.823
G0 X202.245 Y157.215
G1 F1025.7 X202.799 Y155.148 E53.17117
G0 F15000 X201.501 Y157.418
G1 F1025.7 X199.609 Y155.527 E53.26014
G0 F15000 X200.178 Y160.479
G0 X200.423 Y161.469
G1 F1025.7 X198.346 Y162.025 E53.33165
G0 F15000 X200.959 Y162.016
G1 F1025.7 X200.268 Y164.593 E53.42039
G0 F15000 X200.268 Y164.465
;MESH:NONMESH
G0 F300 X200.268 Y164.465 Z1.6
G0 F15000 X203.631 Y162.247
;TIME_ELAPSED:124.695121
;LAYER:7
;note -- min layer time used
;TYPE:WALL-INNER
;MESH:WheelAdapter_v7.stl
G1 F1027.9 X203.012 Y162.441 E53.44197
G1 X202.356 Y162.472 E53.46381
G1 X201.724 Y162.344 E53.48526
G1 X201.138 Y162.063 E53.50687
G1 X200.652 Y161.653 E53.52802
G1 X200.259 Y161.099 E53.55061
G1 X200.074 Y160.634 E53.56726
G1 X200.011 Y160.386 E53.57577
G1 X199.948 Y159.87 E53.59306
G1 X200.027 Y159.231 E53.61447
G1 X200.259 Y158.646 E53.6354
G1 X200.641 Y158.1 E53.65757
G1 X201.136 Y157.683 E53.6791
G1 X201.725 Y157.399 E53.70084
G1 X202.361 Y157.272 E53.72241
G1 X202.887 Y157.297 E53.73993
G1 X203.138 Y157.342 E53.74841
G1 X203.636 Y157.499 E53.76578
G1 X204.078 Y157.771 E53.78304
G1 X204.324 Y157.98 E53.79378
G1 X204.501 Y158.293 E53.80574
G1 X204.556 Y158.624 E53.8169
G1 X204.556 Y161.12 E53.89991
G1 X204.497 Y161.464 E53.91152
G1 X204.323 Y161.763 E53.92303
G1 X204.078 Y161.973 E53.93376
G1 X203.631 Y162.247 E53.9512
G0 F15000 X203.985 Y161.561
G1 F1027.9 X203.464 Y161.88 E53.97152
G1 X202.942 Y162.045 E53.98973
G1 X202.388 Y162.07 E54.00817
G1 X201.853 Y161.963 E54.02632
G1 X201.36 Y161.727 E54.0445
G1 X200.943 Y161.374 E54.06267
G1 X200.632 Y160.937 E54.08051
G1 X200.418 Y160.417 E54.09921
G1 X200.351 Y159.872 E54.11747
G1 X200.417 Y159.329 E54.13567
G1 X200.632 Y158.808 E54.15441
G1 X200.939 Y158.373 E54.17212
G1 X201.359 Y158.018 E54.19041
G1 X201.853 Y157.781 E54.20863
G1 X202.392 Y157.674 E54.22691
G1 X202.943 Y157.7 E54.24526
G1 X203.463 Y157.864 E54.26339
G1 X203.984 Y158.182 E54.2837
G1 X204.121 Y158.417 E54.29274
G1 X204.156 Y158.624 E54.29973
G1 X204.156 Y161.12 E54.38274
G1 X204.121 Y161.326 E54.38969
G1 X203.985 Y161.561 E54.39872
G0 F15000 X204.147 Y161.827
G0 X205.327 Y164.672
G1 F1027.9 X208.1 Y159.872 E54.5831
G1 X205.326 Y155.068 E54.7676
G1 X199.782 Y155.068 E54.952
G1 X197.011 Y159.872 E55.13646
G1 X199.782 Y164.672 E55.3208
G1 X205.327 Y164.672 E55.50522
G0 F15000 X205.557 Y165.072
G1 F1027.9 X208.562 Y159.872 E55.70498
G1 X205.557 Y154.668 E55.90485
G1 X199.551 Y154.668 E56.10461
G1 X196.549 Y159.872 E56.30443
G1 X199.551 Y165.072 E56.50414
G1 X205.557 Y165.072 E56.7039
G0 F15000 X205.788 Y165.472
;TYPE:WALL-OUTER
G1 F1027.9 X209.024 Y159.872 E56.91901
G1 X205.788 Y154.268 E57.13425
G1 X199.32 Y154.268 E57.34937
G1 X196.087 Y159.872 E57.56456
G1 X199.32 Y165.472 E57.77962
G1 X205.788 Y165.472 E57.99475
G1 F1500 E51.49475
G0 F15000 X205.621 Y165.179
G0 X203.369 Y161.817
G0 X203.277 Y161.519
G1 F1500 E57.99475
G1 F1027.9 X202.871 Y161.645 E58.00889
G1 X202.4 Y161.665 E58.02457
G1 X201.957 Y161.569 E58.03965
G1 X201.597 Y161.397 E58.05292
G1 X201.23 Y161.089 E58.06885
G1 X200.978 Y160.737 E58.08325
G1 X200.805 Y160.289 E58.09922
G1 X200.757 Y159.897 E58.11236
G1 X200.805 Y159.455 E58.12715
G1 X200.978 Y159.008 E58.14309
G1 X201.254 Y158.631 E58.15863
G1 X201.597 Y158.347 E58.17344
G1 X202.004 Y158.159 E58.18835
G1 X202.405 Y158.079 E58.20195
G1 X202.847 Y158.096 E58.21666
G1 X203.321 Y158.245 E58.23319
G1 X203.701 Y158.478 E58.24801
G1 X203.756 Y158.577 E58.25178
G1 X203.756 Y161.17 E58.33802
G1 X203.698 Y161.269 E58.34184
G1 X203.277 Y161.519 E58.35813
G0 F15000 X203.369 Y161.817
G0 X204.126 Y161.723
G0 X204.636 Y160.487
;TYPE:FILL
G1 F1027.9 X207.864 Y159.622 E58.46928
G0 F15000 X206.597 Y162.314
G1 F1027.9 X204.636 Y160.353 E58.56152
G0 F15000 X204.401 Y158.152
G0 X203.571 Y157.637
G0 X202.09 Y157.246
G1 F1027.9 X202.652 Y155.148 E58.63376
G0 F15000 X201.644 Y157.36
G1 F1027.9 X199.683 Y155.399 E58.726
G0 F15000 X200.178 Y160.479
G0 X200.511 Y161.592
G1 F1027.9 X198.419 Y162.153 E58.79803
G0 F15000 X200.839 Y161.915
G1 F1027.9 X200.121 Y164.593 E58.89025
G0 F15000 X200.121 Y164.465
;MESH:NONMESH
G0 F300 X200.121 Y164.465 Z1.8
G0 F15000 X203.631 Y162.247
;TIME_ELAPSED:136.886672
;LAYER:8
;note -- min layer time used
;TYPE:WALL-INNER
;MESH:WheelAdapter_v7.stl
G1 F1030.5 X203.012 Y162.441 E58.91183
G1 X202.356 Y162.472 E58.93367
G1 X201.724 Y162.344 E58.95512
G1 X201.138 Y162.063 E58.97673
G1 X200.652 Y161.653 E58.99788
G1 X200.259 Y161.099 E59.02047
G1 X200.074 Y160.634 E59.03712
G1 X200.011 Y160.386 E59.04563
G1 X199.948 Y159.87 E59.06292
G1 X200.027 Y159.231 E59.08433
G1 X200.259 Y158.646 E59.10526
G1 X200.641 Y158.1 E59.12743
G1 X201.136 Y157.683 E59.14895
G1 X201.725 Y157.399 E59.1707
G1 X202.361 Y157.272 E59.19227
G1 X202.887 Y157.297 E59.20979
G1 X203.138 Y157.342 E59.21827
G1 X203.636 Y157.499 E59.23564
G1 X204.078 Y157.771 E59.2529
G1 X204.324 Y157.98 E59.26363
G1 X204.501 Y158.293 E59.27559
G1 X204.556 Y158.624 E59.28675
G1 X204.556 Y161.12 E59.36977
G1 X204.497 Y161.464 E59.38138
G1 X204.323 Y161.763 E59.39289
G1 X204.078 Y161.973 E59.40362
G1 X203.631 Y162.247 E59.42106
G0 F15000 X203.985 Y161.561
G1 F1030.5 X203.464 Y161.88 E59.44138
G1 X202.942 Y162.045 E59.45958
G1 X202.388 Y162.07 E59.47803
G1 X201.853 Y161.963 E59.49618
G1 X201.36 Y161.727 E59.51435
G1 X200.943 Y161.374 E59.53253
G1 X200.632 Y160.937 E59.55037
G1 X200.418 Y160.417 E59.56907
G1 X200.351 Y159.872 E59.58733
G1 X200.417 Y159.329 E59.60553
G1 X200.632 Y158.808 E59.62427
G1 X200.939 Y158.373 E59.64198
G1 X201.359 Y158.018 E59.66027
G1 X201.853 Y157.781 E59.67849
G1 X202.392 Y157.674 E59.69677
G1 X202.943 Y157.7 E59.71512
G1 X203.463 Y157.864 E59.73325
G1 X203.984 Y158.182 E59.75355
G1 X204.121 Y158.417 E59.7626
G1 X204.156 Y158.624 E59.76958
G1 X204.156 Y161.12 E59.8526
G1 X204.121 Y161.326 E59.85955
G1 X203.985 Y161.561 E59.86858
G0 F15000 X204.147 Y161.827
G0 X205.327 Y164.672
G1 F1030.5 X208.1 Y159.872 E60.05296
G1 X205.326 Y155.068 E60.23746
G1 X199.782 Y155.068 E60.42186
G1 X197.011 Y159.872 E60.60631
G1 X199.782 Y164.672 E60.79066
G1 X205.327 Y164.672 E60.97508
G0 F15000 X205.557 Y165.072
G1 F1030.5 X208.562 Y159.872 E61.17484
G1 X205.557 Y154.668 E61.37471
G1 X199.551 Y154.668 E61.57447
G1 X196.549 Y159.872 E61.77429
G1 X199.551 Y165.072 E61.97399
G1 X205.557 Y165.072 E62.17375
G0 F15000 X205.788 Y165.472
;TYPE:WALL-OUTER
G1 F1030.5 X209.024 Y159.872 E62.38887
G1 X205.788 Y154.268 E62.60411
G1 X199.32 Y154.268 E62.81923
G1 X196.087 Y159.872 E63.03442
G1 X199.32 Y165.472 E63.24948
G1 X205.788 Y165.472 E63.46461
G1 F1500 E56.96461
G0 F15000 X205.621 Y165.179
G0 X203.369 Y161.817
G0 X203.277 Y161.519
G1 F1500 E63.46461
G1 F1030.5 X202.871 Y161.645 E63.47875
G1 X202.4 Y161.665 E63.49443
G1 X201.957 Y161.569 E63.50951
G1 X201.597 Y161.397 E63.52278
G1 X201.23 Y161.089 E63.53871
G1 X200.978 Y160.737 E63.55311
G1 X200.805 Y160.289 E63.56908
G1 X200.757 Y159.897 E63.58222
G1 X200.805 Y159.455 E63.597
G1 X200.978 Y159.008 E63.61295
G1 X201.254 Y158.631 E63.62849
G1 X201.597 Y158.347 E63.6433
G1 X202.004 Y158.159 E63.65821
G1 X202.405 Y158.079 E63.67181
G1 X202.847 Y158.096 E63.68652
G1 X203.321 Y158.245 E63.70305
G1 X203.701 Y158.478 E63.71787
G1 X203.756 Y158.577 E63.72164
G1 X203.756 Y161.17 E63.80788
G1 X203.698 Y161.269 E63.8117
G1 X203.277 Y161.519 E63.82798
G0 F15000 X203.369 Y161.817
G0 X204.067 Y161.759
G0 X204.637 Y160.633
;TYPE:FILL
G1 F1030.5 X207.937 Y159.748 E63.94162
G0 F15000 X206.67 Y162.188
G1 F1030.5 X204.636 Y160.153 E64.03732
G0 F15000 X204.401 Y158.152
G0 X203.571 Y157.637
G0 X203.241 Y157.533
G0 X201.936 Y157.276
G1 F1030.5 X202.506 Y155.147 E64.11062
G0 F15000 X201.793 Y157.31
G1 F1030.5 X199.756 Y155.273 E64.20644
G0 F15000 X200.178 Y160.479
G0 X200.603 Y161.713
G1 F1030.5 X198.492 Y162.279 E64.27913
G0 F15000 X200.72 Y161.814
G1 F1030.5 X199.975 Y164.593 E64.37482
G0 F15000 X199.975 Y164.465
;MESH:NONMESH
G0 F300 X199.975 Y164.465 Z2
G0 F15000 X203.631 Y162.247
;TIME_ELAPSED:149.064737
;LAYER:9
;note -- min layer time used
;TYPE:WALL-INNER
;MESH:WheelAdapter_v7.stl
G1 F1033.1 X203.012 Y162.441 E64.3964
G1 X202.356 Y162.472 E64.41824
G1 X201.724 Y162.344 E64.43969
G1 X201.138 Y162.063 E64.4613
G1 X200.652 Y161.653 E64.48245
G1 X200.259 Y161.099 E64.50504
G1 X200.074 Y160.634 E64.52169
G1 X200.011 Y160.386 E64.5302
G1 X199.948 Y159.87 E64.54749
G1 X200.027 Y159.231 E64.5689
G1 X200.259 Y158.646 E64.58984
G1 X200.641 Y158.1 E64.612
G1 X201.136 Y157.683 E64.63353
G1 X201.725 Y157.399 E64.65527
G1 X202.361 Y157.272 E64.67685
G1 X202.887 Y157.297 E64.69436
G1 X203.138 Y157.342 E64.70284
G1 X203.636 Y157.499 E64.72021
G1 X204.078 Y157.771 E64.73747
G1 X204.324 Y157.98 E64.74821
G1 X204.501 Y158.293 E64.76017
G1 X204.556 Y158.624 E64.77133
G1 X204.556 Y161.12 E64.85434
G1 X204.497 Y161.464 E64.86595
G1 X204.323 Y161.763 E64.87746
G1 X204.078 Y161.973 E64.88819
G1 X203.631 Y162.247 E64.90563
G0 F15000 X203.985 Y161.561
G1 F1033.1 X203.464 Y161.88 E64.92595
G1 X202.942 Y162.045 E64.94416
G1 X202.388 Y162.07 E64.9626
G1 X201.853 Y161.963 E64.98075
G1 X201.36 Y161.727 E64.99893
G1 X200.943 Y161.374 E65.0171
G1 X200.632 Y160.937 E65.03494
G1 X200.418 Y160.417 E65.05364
G1 X200.351 Y159.872 E65.0719
G1 X200.417 Y159.329 E65.0901
G1 X200.632 Y158.808 E65.10884
G1 X200.939 Y158.373 E65.12655
G1 X201.359 Y158.018 E65.14484
G1 X201.853 Y157.781 E65.16307
G1 X202.392 Y157.674 E65.18134
G1 X202.943 Y157.7 E65.19969
G1 X203.463 Y157.864 E65.21782
G1 X203.984 Y158.182 E65.23813
G1 X204.121 Y158.417 E65.24717
G1 X204.156 Y158.624 E65.25416
G1 X204.156 Y161.12 E65.33717
G1 X204.121 Y161.326 E65.34412
G1 X203.985 Y161.561 E65.35315
G0 F15000 X204.147 Y161.827
G0 X205.327 Y164.672
G1 F1033.1 X208.1 Y159.872 E65.53753
G1 X205.326 Y155.068 E65.72204
G1 X199.782 Y155.068 E65.90643
G1 X197.011 Y159.872 E66.09089
G1 X199.782 Y164.672 E66.27523
G1 X205.327 Y164.672 E66.45966
G0 F15000 X205.557 Y165.072
G1 F1033.1 X208.562 Y159.872 E66.65941
G1 X205.557 Y154.668 E66.85928
G1 X199.551 Y154.668 E67.05904
G1 X196.549 Y159.872 E67.25886
G1 X199.551 Y165.072 E67.45857
G1 X205.557 Y165.072 E67.65833
G0 F15000 X205.788 Y165.472
;TYPE:WALL-OUTER
G1 F1033.1 X209.024 Y159.872 E67.87344
G1 X205.788 Y154.268 E68.08868
G1 X199.32 Y154.268 E68.3038
G1 X196.087 Y159.872 E68.51899
G1 X199.32 Y165.472 E68.73406
G1 X205.788 Y165.472 E68.94918
G1 F1500 E62.44918
G0 F15000 X205.621 Y165.179
G0 X203.369 Y161.817
G0 X203.277 Y161.519
G1 F1500 E68.94918
G1 F1033.1 X202.871 Y161.645 E68.96332
G1 X202.4 Y161.665 E68.979
G1 X201.957 Y161.569 E68.99408
G1 X201.597 Y161.397 E69.00735
G1 X201.23 Y161.089 E69.02328
G1 X200.978 Y160.737 E69.03768
G1 X200.805 Y160.289 E69.05365
G1 X200.757 Y159.897 E69.06679
G1 X200.805 Y159.455 E69.08158
G1 X200.978 Y159.008 E69.09752
G1 X201.254 Y158.631 E69.11306
G1 X201.597 Y158.347 E69.12787
G1 X202.004 Y158.159 E69.14278
G1 X202.405 Y158.079 E69.15638
G1 X202.847 Y158.096 E69.17109
G1 X203.321 Y158.245 E69.18762
G1 X203.701 Y158.478 E69.20244
G1 X203.756 Y158.577 E69.20621
G1 X203.756 Y161.17 E69.29245
G1 X203.698 Y161.269 E69.29627
G1 X203.277 Y161.519 E69.31256
G0 F15000 X203.369 Y161.817
G0 X203.906 Y161.858
G0 X204.637 Y160.78
;TYPE:FILL
G1 F1033.1 X208.004 Y159.877 E69.4285
G0 F15000 X206.744 Y162.06
G1 F1033.1 X204.636 Y159.953 E69.52763
G0 F15000 X204.401 Y158.152
G0 X203.571 Y157.637
G0 X201.955 Y157.271
G1 F1033.1 X199.831 Y155.148 E69.62751
G0 F15000 X202.359 Y155.147
G1 F1033.1 X201.778 Y157.315 E69.70217
G0 F15000 X200.758 Y158.201
G0 X200.401 Y158.697
G0 X200.178 Y159.267
G0 X200.101 Y159.873
G0 X200.163 Y160.363
G0 X200.6 Y161.712
G1 F1033.1 X199.829 Y164.591 E69.8013
G0 F15000 X198.566 Y162.406
G1 F1033.1 X200.734 Y161.825 E69.87595
G0 F15000 X200.65 Y161.923
;MESH:NONMESH
G0 F300 X200.65 Y161.923 Z2.2
G0 F15000 X202.378 Y162.322
G0 X203.631 Y162.247
;TIME_ELAPSED:161.188620
;LAYER:10
;note -- min layer time used
;TYPE:WALL-INNER
;MESH:WheelAdapter_v7.stl
G1 F1031.9 X203.012 Y162.441 E69.89752
G1 X202.356 Y162.472 E69.91937
G1 X201.724 Y162.344 E69.94081
G1 X201.138 Y162.063 E69.96243
G1 X200.652 Y161.653 E69.98358
G1 X200.259 Y161.099 E70.00617
G1 X200.074 Y160.634 E70.02282
G1 X200.011 Y160.386 E70.03133
G1 X199.948 Y159.87 E70.04862
G1 X200.027 Y159.231 E70.07003
G1 X200.259 Y158.646 E70.09096
G1 X200.641 Y158.1 E70.11312
G1 X201.136 Y157.683 E70.13465
G1 X201.725 Y157.399 E70.1564
G1 X202.361 Y157.272 E70.17797
G1 X202.887 Y157.297 E70.19549
G1 X203.138 Y157.342 E70.20397
G1 X203.636 Y157.499 E70.22133
G1 X204.078 Y157.771 E70.2386
G1 X204.324 Y157.98 E70.24933
G1 X204.501 Y158.293 E70.26129
G1 X204.556 Y158.624 E70.27245
G1 X204.556 Y161.12 E70.35547
G1 X204.497 Y161.464 E70.36708
G1 X204.323 Y161.763 E70.37858
G1 X204.078 Y161.973 E70.38932
G1 X203.631 Y162.247 E70.40676
G0 F15000 X203.985 Y161.561
G1 F1031.9 X203.464 Y161.88 E70.42707
G1 X202.942 Y162.045 E70.44528
G1 X202.388 Y162.07 E70.46373
G1 X201.853 Y161.963 E70.48187
G1 X201.36 Y161.727 E70.50005
G1 X200.943 Y161.374 E70.51822
G1 X200.632 Y160.937 E70.53606
G1 X200.418 Y160.417 E70.55477
G1 X200.351 Y159.872 E70.57303
G1 X200.417 Y159.329 E70.59122
G1 X200.632 Y158.808 E70.60997
G1 X200.939 Y158.373 E70.62768
G1 X201.359 Y158.018 E70.64597
G1 X201.853 Y157.781 E70.66419
G1 X202.392 Y157.674 E70.68247
G1 X202.943 Y157.7 E70.70082
G1 X203.463 Y157.864 E70.71895
G1 X203.984 Y158.182 E70.73925
G1 X204.121 Y158.417 E70.7483
G1 X204.156 Y158.624 E70.75528
G1 X204.156 Y161.12 E70.8383
G1 X204.121 Y161.326 E70.84525
G1 X203.985 Y161.561 E70.85428
G0 F15000 X204.147 Y161.827
G0 X205.327 Y164.672
G1 F1031.9 X208.1 Y159.872 E71.03865
G1 X205.326 Y155.068 E71.22316
G1 X199.782 Y155.068 E71.40756
G1 X197.011 Y159.872 E71.59201
G1 X199.782 Y164.672 E71.77635
G1 X205.327 Y164.672 E71.96078
G0 F15000 X205.557 Y165.072
G1 F1031.9 X208.562 Y159.872 E72.16054
G1 X205.557 Y154.668 E72.36041
G1 X199.551 Y154.668 E72.56017
G1 X196.549 Y159.872 E72.75999
G1 X199.551 Y165.072 E72.95969
G1 X205.557 Y165.072 E73.15945
G0 F15000 X205.788 Y165.472
;TYPE:WALL-OUTER
G1 F1031.9 X209.024 Y159.872 E73.37457
G1 X205.788 Y154.268 E73.5898
G1 X199.32 Y154.268 E73.80493
G1 X196.087 Y159.872 E74.02011
G1 X199.32 Y165.472 E74.23518
G1 X205.788 Y165.472 E74.45031
G1 F1500 E67.95031
G0 F15000 X205.621 Y165.179
G0 X203.369 Y161.817
G0 X203.277 Y161.519
G1 F1500 E74.45031
G1 F1031.9 X202.871 Y161.645 E74.46445
G1 X202.4 Y161.665 E74.48013
G1 X201.957 Y161.569 E74.4952
G1 X201.597 Y161.397 E74.50847
G1 X201.23 Y161.089 E74.52441
G1 X200.978 Y160.737 E74.53881
G1 X200.805 Y160.289 E74.55478
G1 X200.757 Y159.897 E74.56792
G1 X200.805 Y159.455 E74.5827
G1 X200.978 Y159.008 E74.59864
G1 X201.254 Y158.631 E74.61418
G1 X201.597 Y158.347 E74.629
G1 X202.004 Y158.159 E74.64391
G1 X202.405 Y158.079 E74.65751
G1 X202.847 Y158.096 E74.67222
G1 X203.321 Y158.245 E74.68875
G1 X203.701 Y158.478 E74.70357
G1 X203.756 Y158.577 E74.70734
G1 X203.756 Y161.17 E74.79358
G1 X203.698 Y161.269 E74.7974
G1 X203.277 Y161.519 E74.81368
G0 F15000 X203.369 Y161.817
G0 X204.636 Y160.926
;TYPE:FILL
G1 F1031.9 X207.904 Y160.05 E74.92621
G0 F15000 X206.817 Y161.934
G1 F1031.9 X204.636 Y159.753 E75.0288
G0 F15000 X204.401 Y158.152
G0 X203.654 Y157.688
G0 X202.122 Y157.239
G1 F1031.9 X200.031 Y155.148 E75.12716
G0 F15000 X202.213 Y155.147
G1 F1031.9 X201.618 Y157.37 E75.2037
G0 F15000 X200.758 Y158.201
G0 X200.401 Y158.697
G0 X200.178 Y159.267
G0 X200.101 Y159.873
G0 X200.144 Y160.216
G0 X200.493 Y161.568
G1 F1031.9 X199.729 Y164.418 E75.30183
G0 F15000 X198.639 Y162.533
G1 F1031.9 X200.865 Y161.936 E75.37849
G0 F15000 X200.781 Y162.033
;MESH:NONMESH
G0 F300 X200.781 Y162.033 Z2.4
G0 F15000 X202.218 Y162.293
G0 X203.631 Y162.247
;TIME_ELAPSED:173.250063
;LAYER:11
;note -- min layer time used
;TYPE:WALL-INNER
;MESH:WheelAdapter_v7.stl
G1 F1031.5 X203.012 Y162.441 E75.40006
G1 X202.356 Y162.472 E75.42191
G1 X201.724 Y162.344 E75.44335
G1 X201.138 Y162.063 E75.46497
G1 X200.652 Y161.653 E75.48612
G1 X200.259 Y161.099 E75.50871
G1 X200.074 Y160.634 E75.52535
G1 X200.011 Y160.386 E75.53386
G1 X199.948 Y159.87 E75.55115
G1 X200.027 Y159.231 E75.57257
G1 X200.259 Y158.646 E75.5935
G1 X200.641 Y158.1 E75.61566
G1 X201.136 Y157.683 E75.63719
G1 X201.725 Y157.399 E75.65894
G1 X202.361 Y157.272 E75.68051
G1 X202.887 Y157.297 E75.69802
G1 X203.138 Y157.342 E75.70651
G1 X203.636 Y157.499 E75.72387
G1 X204.078 Y157.771 E75.74113
G1 X204.324 Y157.98 E75.75187
G1 X204.501 Y158.293 E75.76383
G1 X204.556 Y158.624 E75.77499
G1 X204.556 Y161.12 E75.85801
G1 X204.497 Y161.464 E75.86962
G1 X204.323 Y161.763 E75.88112
G1 X204.078 Y161.973 E75.89186
G1 X203.631 Y162.247 E75.90929
G0 F15000 X203.985 Y161.561
G1 F1031.5 X203.464 Y161.88 E75.92961
G1 X202.942 Y162.045 E75.94782
G1 X202.388 Y162.07 E75.96627
G1 X201.853 Y161.963 E75.98441
G1 X201.36 Y161.727 E76.00259
G1 X200.943 Y161.374 E76.02076
G1 X200.632 Y160.937 E76.0386
G1 X200.418 Y160.417 E76.05731
G1 X200.351 Y159.872 E76.07557
G1 X200.417 Y159.329 E76.09376
G1 X200.632 Y158.808 E76.11251
G1 X200.939 Y158.373 E76.13022
G1 X201.359 Y158.018 E76.14851
G1 X201.853 Y157.781 E76.16673
G1 X202.392 Y157.674 E76.18501
G1 X202.943 Y157.7 E76.20335
G1 X203.463 Y157.864 E76.22149
G1 X203.984 Y158.182 E76.24179
G1 X204.121 Y158.417 E76.25084
G1 X204.156 Y158.624 E76.25782
G1 X204.156 Y161.12 E76.34084
G1 X204.121 Y161.326 E76.34779
G1 X203.985 Y161.561 E76.35682
G0 F15000 X204.147 Y161.827
G0 X205.327 Y164.672
G1 F1031.5 X208.1 Y159.872 E76.54119
G1 X205.326 Y155.068 E76.7257
G1 X199.782 Y155.068 E76.91009
G1 X197.011 Y159.872 E77.09455
G1 X199.782 Y164.672 E77.27889
G1 X205.327 Y164.672 E77.46332
G0 F15000 X205.557 Y165.072
G1 F1031.5 X208.562 Y159.872 E77.66308
G1 X205.557 Y154.668 E77.86295
G1 X199.551 Y154.668 E78.06271
G1 X196.549 Y159.872 E78.26253
G1 X199.551 Y165.072 E78.46223
G1 X205.557 Y165.072 E78.66199
G0 F15000 X205.788 Y165.472
;TYPE:WALL-OUTER
G1 F1031.5 X209.024 Y159.872 E78.87711
G1 X205.788 Y154.268 E79.09234
G1 X199.32 Y154.268 E79.30747
G1 X196.087 Y159.872 E79.52265
G1 X199.32 Y165.472 E79.73772
G1 X205.788 Y165.472 E79.95285
G1 F1500 E73.45285
G0 F15000 X205.621 Y165.179
G0 X203.369 Y161.817
G0 X203.277 Y161.519
G1 F1500 E79.95285
G1 F1031.5 X202.871 Y161.645 E79.96699
G1 X202.4 Y161.665 E79.98267
G1 X201.957 Y161.569 E79.99774
G1 X201.597 Y161.397 E80.01101
G1 X201.23 Y161.089 E80.02695
G1 X200.978 Y160.737 E80.04135
G1 X200.805 Y160.289 E80.05732
G1 X200.757 Y159.897 E80.07045
G1 X200.805 Y159.455 E80.08524
G1 X200.978 Y159.008 E80.10118
G1 X201.254 Y158.631 E80.11672
G1 X201.597 Y158.347 E80.13153
G1 X202.004 Y158.159 E80.14645
G1 X202.405 Y158.079 E80.16005
G1 X202.847 Y158.096 E80.17476
G1 X203.321 Y158.245 E80.19128
G1 X203.701 Y158.478 E80.20611
G1 X203.756 Y158.577 E80.20988
G1 X203.756 Y161.17 E80.29612
G1 X203.698 Y161.269 E80.29994
G1 X203.277 Y161.519 E80.31622
G0 F15000 X203.369 Y161.817
G0 X204.636 Y161.073
;TYPE:FILL
G1 F1031.5 X207.804 Y160.224 E80.42531
G0 F15000 X206.89 Y161.807
G1 F1031.5 X204.636 Y159.552 E80.53135
G0 F15000 X204.401 Y158.152
G0 X203.729 Y157.734
G0 X202.289 Y157.205
G1 F1031.5 X200.231 Y155.148 E80.62813
G0 F15000 X202.066 Y155.147
G1 F1031.5 X201.451 Y157.442 E80.70716
G0 F15000 X200.758 Y158.201
G0 X200.401 Y158.697
G0 X200.178 Y159.267
G0 X200.101 Y159.873
G0 X200.386 Y161.417
G1 F1031.5 X199.629 Y164.244 E80.80449
G0 F15000 X198.712 Y162.66
G1 F1031.5 X200.998 Y162.048 E80.88321
G0 F15000 X200.915 Y162.145
;MESH:NONMESH
G0 F300 X200.915 Y162.145 Z2.6
G0 F15000 X202.232 Y162.304
G0 X203.631 Y162.247
;TIME_ELAPSED:185.262316
;LAYER:12
;note -- min layer time used
;TYPE:WALL-INNER
;MESH:WheelAdapter_v7.stl
G1 F1031.5 X203.012 Y162.441 E80.90478
G1 X202.356 Y162.472 E80.92662
G1 X201.724 Y162.344 E80.94807
G1 X201.138 Y162.063 E80.96969
G1 X200.652 Y161.653 E80.99083
G1 X200.259 Y161.099 E81.01343
G1 X200.074 Y160.634 E81.03007
G1 X200.011 Y160.386 E81.03858
G1 X199.948 Y159.87 E81.05587
G1 X200.027 Y159.231 E81.07729
G1 X200.259 Y158.646 E81.09822
G1 X200.641 Y158.1 E81.12038
G1 X201.136 Y157.683 E81.14191
G1 X201.725 Y157.399 E81.16366
G1 X202.361 Y157.272 E81.18523
G1 X202.887 Y157.297 E81.20274
G1 X203.138 Y157.342 E81.21122
G1 X203.636 Y157.499 E81.22859
G1 X204.078 Y157.771 E81.24585
G1 X204.324 Y157.98 E81.25659
G1 X204.501 Y158.293 E81.26855
G1 X204.556 Y158.624 E81.27971
G1 X204.556 Y161.12 E81.36273
G1 X204.497 Y161.464 E81.37433
G1 X204.323 Y161.763 E81.38584
G1 X204.078 Y161.973 E81.39657
G1 X203.631 Y162.247 E81.41401
G0 F15000 X203.985 Y161.561
G1 F1031.5 X203.464 Y161.88 E81.43433
G1 X202.942 Y162.045 E81.45254
G1 X202.388 Y162.07 E81.47098
G1 X201.853 Y161.963 E81.48913
G1 X201.36 Y161.727 E81.50731
G1 X200.943 Y161.374 E81.52548
G1 X200.632 Y160.937 E81.54332
G1 X200.418 Y160.417 E81.56202
G1 X200.351 Y159.872 E81.58029
G1 X200.417 Y159.329 E81.59848
G1 X200.632 Y158.808 E81.61723
G1 X200.939 Y158.373 E81.63493
G1 X201.359 Y158.018 E81.65322
G1 X201.853 Y157.781 E81.67145
G1 X202.392 Y157.674 E81.68973
G1 X202.943 Y157.7 E81.70807
G1 X203.463 Y157.864 E81.72621
G1 X203.984 Y158.182 E81.74651
G1 X204.121 Y158.417 E81.75556
G1 X204.156 Y158.624 E81.76254
G1 X204.156 Y161.12 E81.84556
G1 X204.121 Y161.326 E81.85251
G1 X203.985 Y161.561 E81.86154
G0 F15000 X204.147 Y161.827
G0 X205.327 Y164.672
G1 F1031.5 X208.1 Y159.872 E82.04591
G1 X205.326 Y155.068 E82.23042
G1 X199.782 Y155.068 E82.41481
G1 X197.011 Y159.872 E82.59927
G1 X199.782 Y164.672 E82.78361
G1 X205.327 Y164.672 E82.96804
G0 F15000 X205.557 Y165.072
G1 F1031.5 X208.562 Y159.872 E83.16779
G1 X205.557 Y154.668 E83.36766
G1 X199.551 Y154.668 E83.56742
G1 X196.549 Y159.872 E83.76724
G1 X199.551 Y165.072 E83.96695
G1 X205.557 Y165.072 E84.16671
G0 F15000 X205.788 Y165.472
;TYPE:WALL-OUTER
G1 F1031.5 X209.024 Y159.872 E84.38183
G1 X205.788 Y154.268 E84.59706
G1 X199.32 Y154.268 E84.81219
G1 X196.087 Y159.872 E85.02737
G1 X199.32 Y165.472 E85.24244
G1 X205.788 Y165.472 E85.45756
G1 F1500 E78.95756
G0 F15000 X205.621 Y165.179
G0 X203.369 Y161.817
G0 X203.277 Y161.519
G1 F1500 E85.45756
G1 F1031.5 X202.871 Y161.645 E85.4717
G1 X202.4 Y161.665 E85.48738
G1 X201.957 Y161.569 E85.50246
G1 X201.597 Y161.397 E85.51573
G1 X201.23 Y161.089 E85.53166
G1 X200.978 Y160.737 E85.54606
G1 X200.805 Y160.289 E85.56204
G1 X200.757 Y159.897 E85.57517
G1 X200.805 Y159.455 E85.58996
G1 X200.978 Y159.008 E85.6059
G1 X201.254 Y158.631 E85.62144
G1 X201.597 Y158.347 E85.63625
G1 X202.004 Y158.159 E85.65116
G1 X202.405 Y158.079 E85.66476
G1 X202.847 Y158.096 E85.67948
G1 X203.321 Y158.245 E85.696
G1 X203.701 Y158.478 E85.71083
G1 X203.756 Y158.577 E85.71459
G1 X203.756 Y161.17 E85.80084
G1 X203.698 Y161.269 E85.80465
G1 X203.277 Y161.519 E85.82094
G0 F15000 X203.369 Y161.817
G0 X204.617 Y161.224
;TYPE:FILL
G1 F1031.5 X207.704 Y160.397 E85.92723
G0 F15000 X206.963 Y161.68
G1 F1031.5 X204.636 Y159.353 E86.03669
G0 F15000 X204.401 Y158.152
G0 X203.729 Y157.734
G0 X202.481 Y157.198
G1 F1031.5 X200.431 Y155.148 E86.13311
G0 F15000 X201.92 Y155.147
G1 F1031.5 X201.284 Y157.523 E86.21492
G0 F15000 X200.401 Y158.697
G0 X200.178 Y159.267
G0 X200.116 Y159.757
G0 X200.28 Y161.267
G1 F1031.5 X199.529 Y164.071 E86.31147
G0 F15000 X198.786 Y162.786
G1 F1031.5 X201.143 Y162.155 E86.39263
G0 F15000 X201.087 Y162.269
;MESH:NONMESH
G0 F300 X201.087 Y162.269 Z2.8
G0 F15000 X202.133 Y162.312
G0 X203.631 Y162.247
;TIME_ELAPSED:197.215240
;LAYER:13
;note -- min layer time used
;TYPE:WALL-INNER
;MESH:WheelAdapter_v7.stl
G1 F1032.1 X203.012 Y162.441 E86.4142
G1 X202.356 Y162.472 E86.43604
G1 X201.724 Y162.344 E86.45749
G1 X201.138 Y162.063 E86.47911
G1 X200.652 Y161.653 E86.50025
G1 X200.259 Y161.099 E86.52285
G1 X200.074 Y160.634 E86.53949
G1 X200.011 Y160.386 E86.548
G1 X199.948 Y159.87 E86.56529
G1 X200.027 Y159.231 E86.58671
G1 X200.259 Y158.646 E86.60764
G1 X200.641 Y158.1 E86.6298
G1 X201.136 Y157.683 E86.65133
G1 X201.725 Y157.399 E86.67308
G1 X202.361 Y157.272 E86.69465
G1 X202.887 Y157.297 E86.71216
G1 X203.138 Y157.342 E86.72064
G1 X203.636 Y157.499 E86.73801
G1 X204.078 Y157.771 E86.75527
G1 X204.324 Y157.98 E86.76601
G1 X204.501 Y158.293 E86.77797
G1 X204.556 Y158.624 E86.78913
G1 X204.556 Y161.12 E86.87215
G1 X204.497 Y161.464 E86.88375
G1 X204.323 Y161.763 E86.89526
G1 X204.078 Y161.973 E86.90599
G1 X203.631 Y162.247 E86.92343
G0 F15000 X203.985 Y161.561
G1 F1032.1 X203.464 Y161.88 E86.94375
G1 X202.942 Y162.045 E86.96196
G1 X202.388 Y162.07 E86.9804
G1 X201.853 Y161.963 E86.99855
G1 X201.36 Y161.727 E87.01673
G1 X200.943 Y161.374 E87.0349
G1 X200.632 Y160.937 E87.05274
G1 X200.418 Y160.417 E87.07144
G1 X200.351 Y159.872 E87.08971
G1 X200.417 Y159.329 E87.1079
G1 X200.632 Y158.808 E87.12665
G1 X200.939 Y158.373 E87.14435
G1 X201.359 Y158.018 E87.16264
G1 X201.853 Y157.781 E87.18087
G1 X202.392 Y157.674 E87.19915
G1 X202.943 Y157.7 E87.21749
G1 X203.463 Y157.864 E87.23563
G1 X203.984 Y158.182 E87.25593
G1 X204.121 Y158.417 E87.26498
G1 X204.156 Y158.624 E87.27196
G1 X204.156 Y161.12 E87.35498
G1 X204.121 Y161.326 E87.36193
G1 X203.985 Y161.561 E87.37096
G0 F15000 X204.147 Y161.827
G0 X205.327 Y164.672
G1 F1032.1 X208.1 Y159.872 E87.55533
G1 X205.326 Y155.068 E87.73984
G1 X199.782 Y155.068 E87.92423
G1 X197.011 Y159.872 E88.10869
G1 X199.782 Y164.672 E88.29303
G1 X205.327 Y164.672 E88.47746
G0 F15000 X205.557 Y165.072
G1 F1032.1 X208.562 Y159.872 E88.67721
G1 X205.557 Y154.668 E88.87708
G1 X199.551 Y154.668 E89.07684
G1 X196.549 Y159.872 E89.27666
G1 X199.551 Y165.072 E89.47637
G1 X205.557 Y165.072 E89.67613
G0 F15000 X205.788 Y165.472
;TYPE:WALL-OUTER
G1 F1032.1 X209.024 Y159.872 E89.89125
G1 X205.788 Y154.268 E90.10648
G1 X199.32 Y154.268 E90.32161
G1 X196.087 Y159.872 E90.53679
G1 X199.32 Y165.472 E90.75186
G1 X205.788 Y165.472 E90.96698
G1 F1500 E84.46698
G0 F15000 X205.621 Y165.179
G0 X203.369 Y161.817
G0 X203.277 Y161.519
G1 F1500 E90.96698
G1 F1032.1 X202.871 Y161.645 E90.98112
G1 X202.4 Y161.665 E90.9968
G1 X201.957 Y161.569 E91.01188
G1 X201.597 Y161.397 E91.02515
G1 X201.23 Y161.089 E91.04108
G1 X200.978 Y160.737 E91.05548
G1 X200.805 Y160.289 E91.07146
G1 X200.757 Y159.897 E91.08459
G1 X200.805 Y159.455 E91.09938
G1 X200.978 Y159.008 E91.11532
G1 X201.254 Y158.631 E91.13086
G1 X201.597 Y158.347 E91.14567
G1 X202.004 Y158.159 E91.16058
G1 X202.405 Y158.079 E91.17418
G1 X202.847 Y158.096 E91.1889
G1 X203.321 Y158.245 E91.20542
G1 X203.701 Y158.478 E91.22025
G1 X203.756 Y158.577 E91.22401
G1 X203.756 Y161.17 E91.31026
G1 X203.698 Y161.269 E91.31407
G1 X203.277 Y161.519 E91.33036
G0 F15000 X203.369 Y161.817
G0 X204.591 Y161.377
;TYPE:FILL
G1 F1032.1 X207.604 Y160.569 E91.43411
G0 F15000 X207.036 Y161.553
G1 F1032.1 X204.636 Y159.153 E91.547
G0 F15000 X204.401 Y158.152
G0 X203.931 Y157.859
G0 X202.69 Y157.208
G1 F1032.1 X200.63 Y155.148 E91.6439
G0 F15000 X201.774 Y155.148
G1 F1032.1 X201.116 Y157.603 E91.72843
G0 F15000 X200.401 Y158.697
G0 X200.178 Y159.267
G0 X200.116 Y159.757
G0 X200.177 Y161.109
G1 F1032.1 X199.429 Y163.899 E91.82451
G0 F15000 X198.858 Y162.913
G1 F1032.1 X201.339 Y162.248 E91.90994
G0 F15000 X201.283 Y162.363
;MESH:NONMESH
G0 F300 X201.283 Y162.363 Z3
G0 F15000 X203.631 Y162.247
;TIME_ELAPSED:209.104984
;LAYER:14
;note -- min layer time used
;TYPE:WALL-INNER
;MESH:WheelAdapter_v7.stl
G1 F1033.7 X203.012 Y162.441 E91.93151
G1 X202.356 Y162.472 E91.95336
G1 X201.724 Y162.344 E91.9748
G1 X201.138 Y162.063 E91.99642
G1 X200.652 Y161.653 E92.01757
G1 X200.259 Y161.099 E92.04016
G1 X200.074 Y160.634 E92.0568
G1 X200.011 Y160.386 E92.06531
G1 X199.948 Y159.87 E92.0826
G1 X200.027 Y159.231 E92.10402
G1 X200.259 Y158.646 E92.12495
G1 X200.641 Y158.1 E92.14711
G1 X201.136 Y157.683 E92.16864
G1 X201.725 Y157.399 E92.19039
G1 X202.361 Y157.272 E92.21196
G1 X202.887 Y157.297 E92.22947
G1 X203.138 Y157.342 E92.23796
G1 X203.636 Y157.499 E92.25532
G1 X204.078 Y157.771 E92.27258
G1 X204.324 Y157.98 E92.28332
G1 X204.501 Y158.293 E92.29528
G1 X204.556 Y158.624 E92.30644
G1 X204.556 Y161.12 E92.38946
G1 X204.497 Y161.464 E92.40107
G1 X204.323 Y161.763 E92.41257
G1 X204.078 Y161.973 E92.42331
G1 X203.631 Y162.247 E92.44074
G0 F15000 X203.985 Y161.561
G1 F1033.7 X203.464 Y161.88 E92.46106
G1 X202.942 Y162.045 E92.47927
G1 X202.388 Y162.07 E92.49772
G1 X201.853 Y161.963 E92.51586
G1 X201.36 Y161.727 E92.53404
G1 X200.943 Y161.374 E92.55221
G1 X200.632 Y160.937 E92.57005
G1 X200.418 Y160.417 E92.58875
G1 X200.351 Y159.872 E92.60702
G1 X200.417 Y159.329 E92.62521
G1 X200.632 Y158.808 E92.64396
G1 X200.939 Y158.373 E92.66167
G1 X201.359 Y158.018 E92.67996
G1 X201.853 Y157.781 E92.69818
G1 X202.392 Y157.674 E92.71646
G1 X202.943 Y157.7 E92.7348
G1 X203.463 Y157.864 E92.75294
G1 X203.984 Y158.182 E92.77324
G1 X204.121 Y158.417 E92.78229
G1 X204.156 Y158.624 E92.78927
G1 X204.156 Y161.12 E92.87229
G1 X204.121 Y161.326 E92.87924
G1 X203.985 Y161.561 E92.88827
G0 F15000 X204.147 Y161.827
G0 X205.327 Y164.672
G1 F1033.7 X208.1 Y159.872 E93.07264
G1 X205.326 Y155.068 E93.25715
G1 X199.782 Y155.068 E93.44154
G1 X197.011 Y159.872 E93.626
G1 X199.782 Y164.672 E93.81034
G1 X205.327 Y164.672 E93.99477
G0 F15000 X205.557 Y165.072
G1 F1033.7 X208.562 Y159.872 E94.19452
G1 X205.557 Y154.668 E94.39439
G1 X199.551 Y154.668 E94.59416
G1 X196.549 Y159.872 E94.79398
G1 X199.551 Y165.072 E94.99368
G1 X205.557 Y165.072 E95.19344
G0 F15000 X205.788 Y165.472
;TYPE:WALL-OUTER
G1 F1033.7 X209.024 Y159.872 E95.40856
G1 X205.788 Y154.268 E95.62379
G1 X199.32 Y154.268 E95.83892
G1 X196.087 Y159.872 E96.0541
G1 X199.32 Y165.472 E96.26917
G1 X205.788 Y165.472 E96.4843
G1 F1500 E89.9843
G0 F15000 X205.621 Y165.179
G0 X203.369 Y161.817
G0 X203.277 Y161.519
G1 F1500 E96.4843
G1 F1033.7 X202.871 Y161.645 E96.49844
G1 X202.4 Y161.665 E96.51411
G1 X201.957 Y161.569 E96.52919
G1 X201.597 Y161.397 E96.54246
G1 X201.23 Y161.089 E96.5584
G1 X200.978 Y160.737 E96.5728
G1 X200.805 Y160.289 E96.58877
G1 X200.757 Y159.897 E96.6019
G1 X200.805 Y159.455 E96.61669
G1 X200.978 Y159.008 E96.63263
G1 X201.254 Y158.631 E96.64817
G1 X201.597 Y158.347 E96.66298
G1 X202.004 Y158.159 E96.6779
G1 X202.405 Y158.079 E96.6915
G1 X202.847 Y158.096 E96.70621
G1 X203.321 Y158.245 E96.72273
G1 X203.701 Y158.478 E96.73756
G1 X203.756 Y158.577 E96.74133
G1 X203.756 Y161.17 E96.82757
G1 X203.698 Y161.269 E96.83139
G1 X203.277 Y161.519 E96.84767
G0 F15000 X203.369 Y161.817
G0 X204.544 Y161.536
;TYPE:FILL
G1 F1033.7 X207.504 Y160.743 E96.94959
G0 F15000 X207.109 Y161.426
G1 F1033.7 X204.636 Y158.953 E97.06591
G0 F15000 X204.401 Y158.152
G0 X202.903 Y157.22
G1 F1033.7 X200.831 Y155.148 E97.16338
G0 F15000 X201.627 Y155.147
G1 F1033.7 X200.929 Y157.755 E97.25317
G0 F15000 X200.401 Y158.697
G0 X200.178 Y159.267
G0 X200.089 Y160.888
G1 F1033.7 X199.329 Y163.725 E97.35086
G0 F15000 X198.932 Y163.04
G1 F1033.7 X201.535 Y162.342 E97.44049
G0 F15000 X201.479 Y162.458
;MESH:NONMESH
G0 F300 X201.479 Y162.458 Z3.2
G0 F15000 X203.631 Y162.247
;TIME_ELAPSED:220.924811
;LAYER:15
;note -- min layer time used
;TYPE:WALL-INNER
;MESH:WheelAdapter_v7.stl
G1 F1036.2 X203.012 Y162.441 E97.46207
G1 X202.356 Y162.472 E97.48391
G1 X201.724 Y162.344 E97.50536
G1 X201.138 Y162.063 E97.52697
G1 X200.652 Y161.653 E97.54812
G1 X200.259 Y161.099 E97.57071
G1 X200.074 Y160.634 E97.58736
G1 X200.011 Y160.386 E97.59587
G1 X199.948 Y159.87 E97.61316
G1 X200.027 Y159.231 E97.63457
G1 X200.259 Y158.646 E97.6555
G1 X200.641 Y158.1 E97.67767
G1 X201.136 Y157.683 E97.69919
G1 X201.725 Y157.399 E97.72094
G1 X202.361 Y157.272 E97.74251
G1 X202.887 Y157.297 E97.76003
G1 X203.138 Y157.342 E97.76851
G1 X203.636 Y157.499 E97.78588
G1 X204.078 Y157.771 E97.80314
G1 X204.324 Y157.98 E97.81388
G1 X204.501 Y158.293 E97.82584
G1 X204.556 Y158.624 E97.837
G1 X204.556 Y161.12 E97.92001
G1 X204.497 Y161.464 E97.93162
G1 X204.323 Y161.763 E97.94313
G1 X204.078 Y161.973 E97.95386
G1 X203.631 Y162.247 E97.9713
G0 F15000 X203.985 Y161.561
G1 F1036.2 X203.464 Y161.88 E97.99162
G1 X202.942 Y162.045 E98.00982
G1 X202.388 Y162.07 E98.02827
G1 X201.853 Y161.963 E98.04642
G1 X201.36 Y161.727 E98.0646
G1 X200.943 Y161.374 E98.08277
G1 X200.632 Y160.937 E98.10061
G1 X200.418 Y160.417 E98.11931
G1 X200.351 Y159.872 E98.13757
G1 X200.417 Y159.329 E98.15577
G1 X200.632 Y158.808 E98.17451
G1 X200.939 Y158.373 E98.19222
G1 X201.359 Y158.018 E98.21051
G1 X201.853 Y157.781 E98.22873
G1 X202.392 Y157.674 E98.24701
G1 X202.943 Y157.7 E98.26536
G1 X203.463 Y157.864 E98.28349
G1 X203.984 Y158.182 E98.30379
G1 X204.121 Y158.417 E98.31284
G1 X204.156 Y158.624 E98.31982
G1 X204.156 Y161.12 E98.40284
G1 X204.121 Y161.326 E98.40979
G1 X203.985 Y161.561 E98.41882
G0 F15000 X204.147 Y161.827
G0 X205.327 Y164.672
G1 F1036.2 X208.1 Y159.872 E98.6032
G1 X205.326 Y155.068 E98.7877
G1 X199.782 Y155.068 E98.9721
G1 X197.011 Y159.872 E99.15656
G1 X199.782 Y164.672 E99.3409
G1 X205.327 Y164.672 E99.52532
G0 F15000 X205.557 Y165.072
G1 F1036.2 X208.562 Y159.872 E99.72508
G1 X205.557 Y154.668 E99.92495
G1 X199.551 Y154.668 E100.12471
G1 X196.549 Y159.872 E100.32453
G1 X199.551 Y165.072 E100.52423
G1 X205.557 Y165.072 E100.724
G0 F15000 X205.788 Y165.472
;TYPE:WALL-OUTER
G1 F1036.2 X209.024 Y159.872 E100.93911
G1 X205.788 Y154.268 E101.15435
G1 X199.32 Y154.268 E101.36947
G1 X196.087 Y159.872 E101.58466
G1 X199.32 Y165.472 E101.79972
G1 X205.788 Y165.472 E102.01485
G1 F1500 E95.51485
G0 F15000 X205.621 Y165.179
G0 X203.369 Y161.817
G0 X203.277 Y161.519
G1 F1500 E102.01485
G1 F1036.2 X202.871 Y161.645 E102.02899
G1 X202.4 Y161.665 E102.04467
G1 X201.957 Y161.569 E102.05975
G1 X201.597 Y161.397 E102.07302
G1 X201.23 Y161.089 E102.08895
G1 X200.978 Y160.737 E102.10335
G1 X200.805 Y160.289 E102.11932
G1 X200.757 Y159.897 E102.13246
G1 X200.805 Y159.455 E102.14725
G1 X200.978 Y159.008 E102.16319
G1 X201.254 Y158.631 E102.17873
G1 X201.597 Y158.347 E102.19354
G1 X202.004 Y158.159 E102.20845
G1 X202.405 Y158.079 E102.22205
G1 X202.847 Y158.096 E102.23676
G1 X203.321 Y158.245 E102.25329
G1 X203.701 Y158.478 E102.26811
G1 X203.756 Y158.577 E102.27188
G1 X203.756 Y161.17 E102.35812
G1 X203.698 Y161.269 E102.36194
G1 X203.277 Y161.519 E102.37823
G0 F15000 X203.369 Y161.817
G0 X204.445 Y161.709
;TYPE:FILL
G1 F1036.2 X207.404 Y160.916 E102.48011
G0 F15000 X207.183 Y161.3
G1 F1036.2 X204.636 Y158.753 E102.59992
G0 F15000 X204.424 Y158.212
G0 X203.146 Y157.263
G1 F1036.2 X201.03 Y155.148 E102.69942
G0 F15000 X201.481 Y155.148
G1 F1036.2 X200.74 Y157.915 E102.7947
G0 F15000 X200.234 Y159.132
G0 X200.002 Y160.666
G1 F1036.2 X199.229 Y163.552 E102.89407
G0 F15000 X199.005 Y163.167
G1 F1036.2 X201.77 Y162.426 E102.98928
G0 F15000 X201.743 Y162.562
;MESH:NONMESH
G0 F300 X201.743 Y162.562 Z3.4
G0 F15000 X203.631 Y162.247
;TIME_ELAPSED:232.649280
;LAYER:16
;note -- min layer time used
;TYPE:WALL-INNER
;MESH:WheelAdapter_v7.stl
G1 F1042.2 X203.012 Y162.441 E103.01086
G1 X202.356 Y162.472 E103.0327
G1 X201.724 Y162.344 E103.05415
G1 X201.138 Y162.063 E103.07576
G1 X200.652 Y161.653 E103.09691
G1 X200.259 Y161.099 E103.1195
G1 X200.074 Y160.634 E103.13615
G1 X200.011 Y160.386 E103.14466
G1 X199.948 Y159.87 E103.16195
G1 X200.027 Y159.231 E103.18336
G1 X200.259 Y158.646 E103.20429
G1 X200.641 Y158.1 E103.22646
G1 X201.136 Y157.683 E103.24798
G1 X201.725 Y157.399 E103.26973
G1 X202.361 Y157.272 E103.2913
G1 X202.887 Y157.297 E103.30882
G1 X203.138 Y157.342 E103.3173
G1 X203.636 Y157.499 E103.33467
G1 X204.078 Y157.771 E103.35193
G1 X204.324 Y157.98 E103.36266
G1 X204.501 Y158.293 E103.37462
G1 X204.556 Y158.624 E103.38578
G1 X204.556 Y161.12 E103.4688
G1 X204.497 Y161.464 E103.48041
G1 X204.323 Y161.763 E103.49192
G1 X204.078 Y161.973 E103.50265
G1 X203.631 Y162.247 E103.52009
G0 F15000 X203.985 Y161.561
G1 F1042.2 X203.464 Y161.88 E103.5404
G1 X202.942 Y162.045 E103.55861
G1 X202.388 Y162.07 E103.57706
G1 X201.853 Y161.963 E103.5952
G1 X201.36 Y161.727 E103.61338
G1 X200.943 Y161.374 E103.63156
G1 X200.632 Y160.937 E103.6494
G1 X200.418 Y160.417 E103.6681
G1 X200.351 Y159.872 E103.68636
G1 X200.417 Y159.329 E103.70455
G1 X200.632 Y158.808 E103.7233
G1 X200.939 Y158.373 E103.74101
G1 X201.359 Y158.018 E103.7593
G1 X201.853 Y157.781 E103.77752
G1 X202.392 Y157.674 E103.7958
G1 X202.943 Y157.7 E103.81415
G1 X203.463 Y157.864 E103.83228
G1 X203.984 Y158.182 E103.85258
G1 X204.121 Y158.417 E103.86163
G1 X204.156 Y158.624 E103.86861
G1 X204.156 Y161.12 E103.95163
G1 X204.121 Y161.326 E103.95858
G1 X203.985 Y161.561 E103.96761
G0 F15000 X204.147 Y161.827
G0 X205.327 Y164.672
G1 F1042.2 X208.1 Y159.872 E104.15199
G1 X205.326 Y155.068 E104.33649
G1 X199.782 Y155.068 E104.52089
G1 X197.011 Y159.872 E104.70534
G1 X199.782 Y164.672 E104.88969
G1 X205.327 Y164.672 E105.07411
G0 F15000 X205.557 Y165.072
G1 F1042.2 X208.562 Y159.872 E105.27387
G1 X205.557 Y154.668 E105.47374
G1 X199.551 Y154.668 E105.6735
G1 X196.549 Y159.872 E105.87332
G1 X199.551 Y165.072 E106.07302
G1 X205.557 Y165.072 E106.27278
G0 F15000 X205.788 Y165.472
;TYPE:WALL-OUTER
G1 F1042.2 X209.024 Y159.872 E106.4879
G1 X205.788 Y154.268 E106.70313
G1 X199.32 Y154.268 E106.91826
G1 X196.087 Y159.872 E107.13344
G1 X199.32 Y165.472 E107.34851
G1 X205.788 Y165.472 E107.56364
G1 F1500 E101.06364
G0 F15000 X205.621 Y165.179
G0 X203.369 Y161.817
G0 X203.277 Y161.519
G1 F1500 E107.56364
G1 F1042.2 X202.871 Y161.645 E107.57778
G1 X202.4 Y161.665 E107.59346
G1 X201.957 Y161.569 E107.60853
G1 X201.597 Y161.397 E107.6218
G1 X201.23 Y161.089 E107.63774
G1 X200.978 Y160.737 E107.65214
G1 X200.805 Y160.289 E107.66811
G1 X200.757 Y159.897 E107.68125
G1 X200.805 Y159.455 E107.69603
G1 X200.978 Y159.008 E107.71198
G1 X201.254 Y158.631 E107.72752
G1 X201.597 Y158.347 E107.74233
G1 X202.004 Y158.159 E107.75724
G1 X202.405 Y158.079 E107.77084
G1 X202.847 Y158.096 E107.78555
G1 X203.321 Y158.245 E107.80208
G1 X203.701 Y158.478 E107.8169
G1 X203.756 Y158.577 E107.82067
G1 X203.756 Y161.17 E107.90691
G1 X203.698 Y161.269 E107.91073
G1 X203.277 Y161.519 E107.92701
G0 F15000 X203.369 Y161.817
G0 X204.286 Y161.898
;TYPE:FILL
G1 F1042.2 X207.304 Y161.09 E108.03093
G1 X207.257 Y161.173
G1 X204.62 Y158.536 E108.15496
G0 F15000 X204.443 Y158.225
G0 X203.435 Y157.351
G1 F1042.2 X201.231 Y155.148 E108.25861
G1 X201.334 Y155.148
G1 X200.537 Y158.124 E108.36108
G0 F15000 X200.333 Y158.772
G0 X199.93 Y160.389
G1 F1042.2 X199.129 Y163.378 E108.464
G1 X199.078 Y163.294
G1 X202.064 Y162.494 E108.56682
G0 F15000 X202.039 Y162.622
;MESH:NONMESH
G0 F300 X202.039 Y162.622 Z3.6
G0 F15000 X203.631 Y162.247
;TIME_ELAPSED:244.207437
;LAYER:17
;note -- min layer time used
;TYPE:WALL-INNER
;MESH:WheelAdapter_v7.stl
G1 F1048.5 X203.012 Y162.441 E108.5884
G1 X202.356 Y162.472 E108.61024
G1 X201.724 Y162.344 E108.63169
G1 X201.138 Y162.063 E108.6533
G1 X200.652 Y161.653 E108.67445
G1 X200.259 Y161.099 E108.69704
G1 X200.074 Y160.634 E108.71369
G1 X200.011 Y160.386 E108.7222
G1 X199.948 Y159.87 E108.73949
G1 X200.027 Y159.231 E108.7609
G1 X200.259 Y158.646 E108.78183
G1 X200.641 Y158.1 E108.804
G1 X201.136 Y157.683 E108.82552
G1 X201.725 Y157.399 E108.84727
G1 X202.361 Y157.272 E108.86884
G1 X202.887 Y157.297 E108.88636
G1 X203.138 Y157.342 E108.89484
G1 X203.636 Y157.499 E108.91221
G1 X204.078 Y157.771 E108.92947
G1 X204.324 Y157.98 E108.9402
G1 X204.501 Y158.293 E108.95216
G1 X204.556 Y158.624 E108.96332
G1 X204.556 Y161.12 E109.04634
G1 X204.497 Y161.464 E109.05795
G1 X204.323 Y161.763 E109.06946
G1 X204.078 Y161.973 E109.08019
G1 X203.631 Y162.247 E109.09763
G0 F15000 X203.985 Y161.561
G1 F1048.5 X203.464 Y161.88 E109.11795
G1 X202.942 Y162.045 E109.13615
G1 X202.388 Y162.07 E109.1546
G1 X201.853 Y161.963 E109.17274
G1 X201.36 Y161.727 E109.19092
G1 X200.943 Y161.374 E109.2091
G1 X200.632 Y160.937 E109.22694
G1 X200.418 Y160.417 E109.24564
G1 X200.351 Y159.872 E109.2639
G1 X200.417 Y159.329 E109.28209
G1 X200.632 Y158.808 E109.30084
G1 X200.939 Y158.373 E109.31855
G1 X201.359 Y158.018 E109.33684
G1 X201.853 Y157.781 E109.35506
G1 X202.392 Y157.674 E109.37334
G1 X202.943 Y157.7 E109.39169
G1 X203.463 Y157.864 E109.40982
G1 X203.984 Y158.182 E109.43012
G1 X204.121 Y158.417 E109.43917
G1 X204.156 Y158.624 E109.44615
G1 X204.156 Y161.12 E109.52917
G1 X204.121 Y161.326 E109.53612
G1 X203.985 Y161.561 E109.54515
G0 F15000 X204.147 Y161.827
G0 X205.327 Y164.672
G1 F1048.5 X208.1 Y159.872 E109.72953
G1 X205.326 Y155.068 E109.91403
G1 X199.782 Y155.068 E110.09843
G1 X197.011 Y159.872 E110.28288
G1 X199.782 Y164.672 E110.46723
G1 X205.327 Y164.672 E110.65165
G0 F15000 X205.557 Y165.072
G1 F1048.5 X208.562 Y159.872 E110.85141
G1 X205.557 Y154.668 E111.05128
G1 X199.551 Y154.668 E111.25104
G1 X196.549 Y159.872 E111.45086
G1 X199.551 Y165.072 E111.65056
G1 X205.557 Y165.072 E111.85032
G0 F15000 X205.788 Y165.472
;TYPE:WALL-OUTER
G1 F1048.5 X209.024 Y159.872 E112.06544
G1 X205.788 Y154.268 E112.28067
G1 X199.32 Y154.268 E112.4958
G1 X196.087 Y159.872 E112.71098
G1 X199.32 Y165.472 E112.92605
G1 X205.788 Y165.472 E113.14118
G1 F1500 E106.64118
G0 F15000 X205.621 Y165.179
G0 X203.369 Y161.817
G0 X203.277 Y161.519
G1 F1500 E113.14118
G1 F1048.5 X202.871 Y161.645 E113.15532
G1 X202.4 Y161.665 E113.171
G1 X201.957 Y161.569 E113.18607
G1 X201.597 Y161.397 E113.19934
G1 X201.23 Y161.089 E113.21528
G1 X200.978 Y160.737 E113.22968
G1 X200.805 Y160.289 E113.24565
G1 X200.757 Y159.897 E113.25879
G1 X200.805 Y159.455 E113.27357
G1 X200.978 Y159.008 E113.28952
G1 X201.254 Y158.631 E113.30506
G1 X201.597 Y158.347 E113.31987
G1 X202.004 Y158.159 E113.33478
G1 X202.405 Y158.079 E113.34838
G1 X202.847 Y158.096 E113.36309
G1 X203.321 Y158.245 E113.37962
G1 X203.701 Y158.478 E113.39444
G1 X203.756 Y158.577 E113.39821
G1 X203.756 Y161.17 E113.48445
G1 X203.698 Y161.269 E113.48827
G1 X203.277 Y161.519 E113.50455
G0 F15000 X203.983 Y162.126
;TYPE:FILL
G1 F1048.5 X207.204 Y161.263 E113.61546
G0 F15000 X207.329 Y161.046
G1 F1048.5 X204.579 Y158.296 E113.74481
G0 F15000 X203.777 Y157.494
G1 F1048.5 X201.431 Y155.148 E113.85516
G0 F15000 X201.188 Y155.147
G1 F1048.5 X200.306 Y158.441 E113.96858
G0 F15000 X199.885 Y160.012
G1 F1048.5 X199.029 Y163.206 E114.07856
G0 F15000 X199.151 Y163.42
G1 F1048.5 X202.402 Y162.549 E114.19051
G0 F15000 X202.407 Y162.682
;MESH:NONMESH
G0 F300 X202.407 Y162.682 Z3.8
G0 F15000 X203.631 Y162.247
;TIME_ELAPSED:255.775142
;LAYER:18
;note -- min layer time used
;TYPE:WALL-INNER
;MESH:WheelAdapter_v7.stl
G1 F1072.6 X203.012 Y162.441 E114.21208
G1 X202.356 Y162.472 E114.23392
G1 X201.724 Y162.344 E114.25537
G1 X201.138 Y162.063 E114.27699
G1 X200.652 Y161.653 E114.29814
G1 X200.259 Y161.099 E114.32073
G1 X200.074 Y160.634 E114.33737
G1 X200.011 Y160.386 E114.34588
G1 X199.948 Y159.87 E114.36317
G1 X200.027 Y159.231 E114.38459
G1 X200.259 Y158.646 E114.40552
G1 X200.641 Y158.1 E114.42768
G1 X201.136 Y157.683 E114.44921
G1 X201.725 Y157.399 E114.47096
G1 X202.361 Y157.272 E114.49253
G1 X202.887 Y157.297 E114.51004
G1 X203.138 Y157.342 E114.51852
G1 X203.636 Y157.499 E114.53589
G1 X204.078 Y157.771 E114.55315
G1 X204.324 Y157.98 E114.56389
G1 X204.501 Y158.293 E114.57585
G1 X204.556 Y158.624 E114.58701
G1 X204.556 Y161.12 E114.67003
G1 X204.497 Y161.464 E114.68164
G1 X204.323 Y161.763 E114.69314
G1 X204.078 Y161.973 E114.70387
G1 X203.631 Y162.247 E114.72131
G0 F15000 X203.985 Y161.561
G1 F1072.6 X203.464 Y161.88 E114.74163
G1 X202.942 Y162.045 E114.75984
G1 X202.388 Y162.07 E114.77828
G1 X201.853 Y161.963 E114.79643
G1 X201.36 Y161.727 E114.81461
G1 X200.943 Y161.374 E114.83278
G1 X200.632 Y160.937 E114.85062
G1 X200.418 Y160.417 E114.86932
G1 X200.351 Y159.872 E114.88759
G1 X200.417 Y159.329 E114.90578
G1 X200.632 Y158.808 E114.92453
G1 X200.939 Y158.373 E114.94223
G1 X201.359 Y158.018 E114.96053
G1 X201.853 Y157.781 E114.97875
G1 X202.392 Y157.674 E114.99703
G1 X202.943 Y157.7 E115.01537
G1 X203.463 Y157.864 E115.03351
G1 X203.984 Y158.182 E115.05381
G1 X204.121 Y158.417 E115.06286
G1 X204.156 Y158.624 E115.06984
G1 X204.156 Y161.12 E115.15286
G1 X204.121 Y161.326 E115.15981
G1 X203.985 Y161.561 E115.16884
G0 F15000 X204.147 Y161.827
G0 X205.327 Y164.672
G1 F1072.6 X208.1 Y159.872 E115.35321
G1 X205.326 Y155.068 E115.53772
G1 X199.782 Y155.068 E115.72211
G1 X197.011 Y159.872 E115.90657
G1 X199.782 Y164.672 E116.09091
G1 X205.327 Y164.672 E116.27534
G0 F15000 X205.557 Y165.072
G1 F1072.6 X208.562 Y159.872 E116.47509
G1 X205.557 Y154.668 E116.67496
G1 X199.551 Y154.668 E116.87472
G1 X196.549 Y159.872 E117.07454
G1 X199.551 Y165.072 E117.27425
G1 X205.557 Y165.072 E117.47401
G0 F15000 X205.788 Y165.472
;TYPE:WALL-OUTER
G1 F1072.6 X209.024 Y159.872 E117.68913
G1 X205.788 Y154.268 E117.90436
G1 X199.32 Y154.268 E118.11949
G1 X196.087 Y159.872 E118.33467
G1 X199.32 Y165.472 E118.54974
G1 X205.788 Y165.472 E118.76487
G1 F1500 E112.26487
G0 F15000 X205.621 Y165.179
G0 X203.369 Y161.817
G0 X203.277 Y161.519
G1 F1500 E118.76487
G1 F1072.6 X202.871 Y161.645 E118.779
G1 X202.4 Y161.665 E118.79468
G1 X201.957 Y161.569 E118.80976
G1 X201.597 Y161.397 E118.82303
G1 X201.23 Y161.089 E118.83897
G1 X200.978 Y160.737 E118.85336
G1 X200.805 Y160.289 E118.86934
G1 X200.757 Y159.897 E118.88247
G1 X200.805 Y159.455 E118.89726
G1 X200.978 Y159.008 E118.9132
G1 X201.254 Y158.631 E118.92874
G1 X201.597 Y158.347 E118.94355
G1 X202.004 Y158.159 E118.95846
G1 X202.405 Y158.079 E118.97206
G1 X202.847 Y158.096 E118.98678
G1 X203.321 Y158.245 E119.0033
G1 X203.701 Y158.478 E119.01813
G1 X203.756 Y158.577 E119.02189
G1 X203.756 Y161.17 E119.10814
G1 X203.698 Y161.269 E119.11195
G1 X203.277 Y161.519 E119.12824
G0 F15000 X203.369 Y161.817
G0 X207.104 Y161.436
;TYPE:FILL
G1 F1072.6 X199.225 Y163.548 E119.39955
G0 F15000 X198.929 Y163.032
G1 F1072.6 X201.041 Y155.148 E119.67102
G0 F15000 X201.631 Y155.148
G1 F1072.6 X207.403 Y160.919 E119.94249
G0 F15000 X207.294 Y160.854
;MESH:NONMESH
G0 F300 X207.294 Y160.854 Z4
G0 F15000 X203.631 Y162.247
;TIME_ELAPSED:267.327613
;LAYER:19
;note -- min layer time used
;TYPE:WALL-INNER
;MESH:WheelAdapter_v7.stl
G1 F1070.7 X203.012 Y162.441 E119.96407
G1 X202.356 Y162.472 E119.98591
G1 X201.724 Y162.344 E120.00736
G1 X201.138 Y162.063 E120.02897
G1 X200.652 Y161.653 E120.05012
G1 X200.259 Y161.099 E120.07271
G1 X200.074 Y160.634 E120.08936
G1 X200.011 Y160.386 E120.09787
G1 X199.948 Y159.87 E120.11516
G1 X200.027 Y159.231 E120.13657
G1 X200.259 Y158.646 E120.1575
G1 X200.641 Y158.1 E120.17967
G1 X201.136 Y157.683 E120.20119
G1 X201.725 Y157.399 E120.22294
G1 X202.361 Y157.272 E120.24451
G1 X202.887 Y157.297 E120.26203
G1 X203.138 Y157.342 E120.27051
G1 X203.636 Y157.499 E120.28788
G1 X204.078 Y157.771 E120.30514
G1 X204.324 Y157.98 E120.31587
G1 X204.501 Y158.293 E120.32783
G1 X204.556 Y158.624 E120.33899
G1 X204.556 Y161.12 E120.42201
G1 X204.497 Y161.464 E120.43362
G1 X204.323 Y161.763 E120.44513
G1 X204.078 Y161.973 E120.45586
G1 X203.631 Y162.247 E120.4733
G0 F15000 X203.985 Y161.561
G1 F1070.7 X203.464 Y161.88 E120.49361
G1 X202.942 Y162.045 E120.51182
G1 X202.388 Y162.07 E120.53027
G1 X201.853 Y161.963 E120.54841
G1 X201.36 Y161.727 E120.56659
G1 X200.943 Y161.374 E120.58477
G1 X200.632 Y160.937 E120.60261
G1 X200.417 Y160.415 E120.62138
G1 X200.356 Y159.872 E120.63956
G1 X200.416 Y159.331 E120.65766
G1 X200.632 Y158.808 E120.67648
G1 X200.939 Y158.373 E120.69419
G1 X201.359 Y158.018 E120.71248
G1 X201.853 Y157.781 E120.7307
G1 X202.392 Y157.674 E120.74898
G1 X202.943 Y157.7 E120.76733
G1 X203.463 Y157.864 E120.78546
G1 X203.984 Y158.182 E120.80576
G1 X204.121 Y158.417 E120.81481
G1 X204.156 Y158.624 E120.82179
G1 X204.156 Y161.12 E120.90481
G1 X204.121 Y161.326 E120.91176
G1 X203.985 Y161.561 E120.92079
G0 F15000 X204.147 Y161.827
G0 X205.327 Y164.672
G1 F1070.7 X208.1 Y159.872 E121.10517
G1 X205.326 Y155.068 E121.28967
G1 X199.782 Y155.068 E121.47407
G1 X197.011 Y159.872 E121.65852
G1 X199.782 Y164.672 E121.84287
G1 X205.327 Y164.672 E122.02729
G0 F15000 X205.557 Y165.072
G1 F1070.7 X208.562 Y159.872 E122.22705
G1 X205.557 Y154.668 E122.42692
G1 X199.551 Y154.668 E122.62668
G1 X196.549 Y159.872 E122.8265
G1 X199.551 Y165.072 E123.0262
G1 X205.557 Y165.072 E123.22596
G0 F15000 X205.788 Y165.472
;TYPE:WALL-OUTER
G1 F1070.7 X209.024 Y159.872 E123.44108
G1 X205.788 Y154.268 E123.65631
G1 X199.32 Y154.268 E123.87144
G1 X196.087 Y159.872 E124.08662
G1 X199.32 Y165.472 E124.30169
G1 X205.788 Y165.472 E124.51682
G1 F1500 E118.01682
G0 F15000 X205.621 Y165.179
G0 X203.369 Y161.817
G0 X203.277 Y161.519
G1 F1500 E124.51682
G1 F1070.7 X202.871 Y161.645 E124.53096
G1 X202.4 Y161.665 E124.54664
G1 X201.957 Y161.569 E124.56171
G1 X201.597 Y161.397 E124.57498
G1 X201.23 Y161.089 E124.59092
G1 X200.978 Y160.737 E124.60532
G1 X200.805 Y160.289 E124.62129
G1 X200.756 Y159.872 E124.63526
G1 X200.805 Y159.455 E124.64922
G1 X200.978 Y159.008 E124.66516
G1 X201.254 Y158.631 E124.6807
G1 X201.597 Y158.347 E124.69551
G1 X202.004 Y158.159 E124.71043
G1 X202.405 Y158.079 E124.72403
G1 X202.847 Y158.096 E124.73874
G1 X203.321 Y158.245 E124.75526
G1 X203.701 Y158.478 E124.77009
G1 X203.756 Y158.577 E124.77386
G1 X203.756 Y161.17 E124.8601
G1 X203.698 Y161.269 E124.86392
G1 X203.277 Y161.519 E124.8802
G0 F15000 X203.369 Y161.817
G0 X207.003 Y161.609
;TYPE:FILL
G1 F1070.7 X199.298 Y163.674 E125.14551
G0 F15000 X198.829 Y162.859
G1 F1070.7 X200.895 Y155.147 E125.41106
G0 F15000 X201.831 Y155.148
G1 F1070.7 X207.476 Y160.793 E125.67658
G0 F15000 X207.367 Y160.728
;MESH:NONMESH
G0 F300 X207.367 Y160.728 Z4.2
G0 F15000 X203.631 Y162.247
;TIME_ELAPSED:278.898873
;LAYER:20
;note -- min layer time used
;TYPE:WALL-INNER
;MESH:WheelAdapter_v7.stl
G1 F1067.6 X203.012 Y162.441 E125.69816
G1 X202.356 Y162.472 E125.72
G1 X201.724 Y162.344 E125.74145
G1 X201.138 Y162.063 E125.76307
G1 X200.652 Y161.653 E125.78421
G1 X200.259 Y161.099 E125.80681
G1 X200.074 Y160.634 E125.82345
G1 X200.011 Y160.386 E125.83196
G1 X199.948 Y159.87 E125.84925
G1 X200.027 Y159.231 E125.87067
G1 X200.259 Y158.646 E125.8916
G1 X200.641 Y158.1 E125.91376
G1 X201.136 Y157.683 E125.93529
G1 X201.725 Y157.399 E125.95704
G1 X202.361 Y157.272 E125.97861
G1 X202.887 Y157.297 E125.99612
G1 X203.138 Y157.342 E126.0046
G1 X203.636 Y157.499 E126.02197
G1 X204.078 Y157.771 E126.03923
G1 X204.324 Y157.98 E126.04997
G1 X204.501 Y158.293 E126.06193
G1 X204.556 Y158.624 E126.07309
G1 X204.556 Y161.12 E126.1561
G1 X204.497 Y161.464 E126.16771
G1 X204.323 Y161.763 E126.17922
G1 X204.078 Y161.973 E126.18995
G1 X203.631 Y162.247 E126.20739
G0 F15000 X203.985 Y161.561
G1 F1067.6 X203.464 Y161.88 E126.22771
G1 X202.942 Y162.045 E126.24592
G1 X202.388 Y162.07 E126.26436
G1 X201.853 Y161.963 E126.28251
G1 X201.36 Y161.727 E126.30069
G1 X200.943 Y161.374 E126.31886
G1 X200.632 Y160.937 E126.3367
G1 X200.418 Y160.417 E126.3554
G1 X200.351 Y159.872 E126.37367
G1 X200.417 Y159.329 E126.39186
G1 X200.632 Y158.808 E126.4106
G1 X200.939 Y158.373 E126.42831
G1 X201.359 Y158.018 E126.4466
G1 X201.853 Y157.781 E126.46483
G1 X202.392 Y157.674 E126.4831
G1 X202.943 Y157.7 E126.50145
G1 X203.463 Y157.864 E126.51959
G1 X203.984 Y158.182 E126.53989
G1 X204.121 Y158.417 E126.54893
G1 X204.156 Y158.624 E126.55592
G1 X204.156 Y161.12 E126.63893
G1 X204.121 Y161.326 E126.64588
G1 X203.985 Y161.561 E126.65492
G0 F15000 X204.147 Y161.827
G0 X205.327 Y164.672
G1 F1067.6 X208.1 Y159.872 E126.83929
G1 X205.326 Y155.068 E127.0238
G1 X199.782 Y155.068 E127.20819
G1 X197.011 Y159.872 E127.39265
G1 X199.782 Y164.672 E127.57699
G1 X205.327 Y164.672 E127.76142
G0 F15000 X205.557 Y165.072
G1 F1067.6 X208.562 Y159.872 E127.96117
G1 X205.557 Y154.668 E128.16104
G1 X199.551 Y154.668 E128.3608
G1 X196.549 Y159.872 E128.56062
G1 X199.551 Y165.072 E128.76033
G1 X205.557 Y165.072 E128.96009
G0 F15000 X205.788 Y165.472
;TYPE:WALL-OUTER
G1 F1067.6 X209.024 Y159.872 E129.17521
G1 X205.788 Y154.268 E129.39044
G1 X199.32 Y154.268 E129.60557
G1 X196.087 Y159.872 E129.82075
G1 X199.32 Y165.472 E130.03582
G1 X205.788 Y165.472 E130.25094
G1 F1500 E123.75094
G0 F15000 X205.621 Y165.179
G0 X203.369 Y161.817
G0 X203.277 Y161.519
G1 F1500 E130.25094
G1 F1067.6 X202.871 Y161.645 E130.26508
G1 X202.4 Y161.665 E130.28076
G1 X201.957 Y161.569 E130.29584
G1 X201.597 Y161.397 E130.30911
G1 X201.23 Y161.089 E130.32504
G1 X200.978 Y160.737 E130.33944
G1 X200.805 Y160.289 E130.35542
G1 X200.757 Y159.897 E130.36855
G1 X200.805 Y159.455 E130.38334
G1 X200.978 Y159.008 E130.39928
G1 X201.254 Y158.631 E130.41482
G1 X201.597 Y158.347 E130.42963
G1 X202.004 Y158.159 E130.44454
G1 X202.405 Y158.079 E130.45814
G1 X202.847 Y158.096 E130.47285
G1 X203.321 Y158.245 E130.48938
G1 X203.701 Y158.478 E130.50421
G1 X203.756 Y158.577 E130.50797
G1 X203.756 Y161.17 E130.59422
G1 X203.698 Y161.269 E130.59803
G1 X203.277 Y161.519 E130.61432
G0 F15000 X203.369 Y161.817
G0 X206.903 Y161.782
;TYPE:FILL
G1 F1067.6 X199.371 Y163.8 E130.87367
G0 F15000 X198.729 Y162.686
G1 F1067.6 X200.749 Y155.147 E131.13326
G0 F15000 X202.03 Y155.148
G1 F1067.6 X207.549 Y160.667 E131.39286
G0 F15000 X207.439 Y160.603
;MESH:NONMESH
G0 F300 X207.439 Y160.603 Z4.4
G0 F15000 X203.631 Y162.247
;TIME_ELAPSED:290.493146
;LAYER:21
;note -- min layer time used
;TYPE:WALL-INNER
;MESH:WheelAdapter_v7.stl
G1 F1064.6 X203.012 Y162.441 E131.41443
G1 X202.356 Y162.472 E131.43628
G1 X201.724 Y162.344 E131.45772
G1 X201.138 Y162.063 E131.47934
G1 X200.652 Y161.653 E131.50049
G1 X200.259 Y161.099 E131.52308
G1 X200.074 Y160.634 E131.53972
G1 X200.011 Y160.386 E131.54824
G1 X199.948 Y159.87 E131.56552
G1 X200.027 Y159.231 E131.58694
G1 X200.259 Y158.646 E131.60787
G1 X200.641 Y158.1 E131.63003
G1 X201.136 Y157.683 E131.65156
G1 X201.725 Y157.399 E131.67331
G1 X202.361 Y157.272 E131.69488
G1 X202.887 Y157.297 E131.7124
G1 X203.138 Y157.342 E131.72088
G1 X203.636 Y157.499 E131.73824
G1 X204.078 Y157.771 E131.75551
G1 X204.324 Y157.98 E131.76624
G1 X204.501 Y158.293 E131.7782
G1 X204.556 Y158.624 E131.78936
G1 X204.556 Y161.12 E131.87238
G1 X204.497 Y161.464 E131.88399
G1 X204.323 Y161.763 E131.89549
G1 X204.078 Y161.973 E131.90623
G1 X203.631 Y162.247 E131.92366
G0 F15000 X203.985 Y161.561
G1 F1064.6 X203.464 Y161.88 E131.94398
G1 X202.942 Y162.045 E131.96219
G1 X202.388 Y162.07 E131.98064
G1 X201.853 Y161.963 E131.99878
G1 X201.36 Y161.727 E132.01696
G1 X200.943 Y161.374 E132.03513
G1 X200.632 Y160.937 E132.05297
G1 X200.418 Y160.417 E132.07168
G1 X200.351 Y159.872 E132.08994
G1 X200.417 Y159.329 E132.10813
G1 X200.632 Y158.808 E132.12688
G1 X200.939 Y158.373 E132.14459
G1 X201.359 Y158.018 E132.16288
G1 X201.853 Y157.781 E132.1811
G1 X202.392 Y157.674 E132.19938
G1 X202.943 Y157.7 E132.21773
G1 X203.463 Y157.864 E132.23586
G1 X203.984 Y158.182 E132.25616
G1 X204.121 Y158.417 E132.26521
G1 X204.156 Y158.624 E132.27219
G1 X204.156 Y161.12 E132.35521
G1 X204.121 Y161.326 E132.36216
G1 X203.985 Y161.561 E132.37119
G0 F15000 X204.147 Y161.827
G0 X205.327 Y164.672
G1 F1064.6 X208.1 Y159.872 E132.55556
G1 X205.326 Y155.068 E132.74007
G1 X199.782 Y155.068 E132.92447
G1 X197.011 Y159.872 E133.10892
G1 X199.782 Y164.672 E133.29326
G1 X205.327 Y164.672 E133.47769
G0 F15000 X205.557 Y165.072
G1 F1064.6 X208.562 Y159.872 E133.67745
G1 X205.557 Y154.668 E133.87732
G1 X199.551 Y154.668 E134.07708
G1 X196.549 Y159.872 E134.2769
G1 X199.551 Y165.072 E134.4766
G1 X205.557 Y165.072 E134.67636
G0 F15000 X205.788 Y165.472
;TYPE:WALL-OUTER
G1 F1064.6 X209.024 Y159.872 E134.89148
G1 X205.788 Y154.268 E135.10671
G1 X199.32 Y154.268 E135.32184
G1 X196.087 Y159.872 E135.53702
G1 X199.32 Y165.472 E135.75209
G1 X205.788 Y165.472 E135.96722
G1 F1500 E129.46722
G0 F15000 X205.621 Y165.179
G0 X203.369 Y161.817
G0 X203.277 Y161.519
G1 F1500 E135.96722
G1 F1064.6 X202.871 Y161.645 E135.98136
G1 X202.4 Y161.665 E135.99704
G1 X201.957 Y161.569 E136.01211
G1 X201.597 Y161.397 E136.02538
G1 X201.23 Y161.089 E136.04132
G1 X200.978 Y160.737 E136.05572
G1 X200.805 Y160.289 E136.07169
G1 X200.757 Y159.897 E136.08482
G1 X200.805 Y159.455 E136.09961
G1 X200.978 Y159.008 E136.11555
G1 X201.254 Y158.631 E136.13109
G1 X201.597 Y158.347 E136.14591
G1 X202.004 Y158.159 E136.16082
G1 X202.405 Y158.079 E136.17442
G1 X202.847 Y158.096 E136.18913
G1 X203.321 Y158.245 E136.20565
G1 X203.701 Y158.478 E136.22048
G1 X203.756 Y158.577 E136.22425
G1 X203.756 Y161.17 E136.31049
G1 X203.698 Y161.269 E136.31431
G1 X203.277 Y161.519 E136.33059
G0 F15000 X203.369 Y161.817
G0 X206.803 Y161.956
;TYPE:FILL
G1 F1064.6 X199.445 Y163.928 E136.58396
G0 F15000 X198.629 Y162.512
G1 F1064.6 X200.602 Y155.147 E136.83756
G0 F15000 X202.231 Y155.148
G1 F1064.6 X207.623 Y160.539 E137.09116
G0 F15000 X207.513 Y160.475
;MESH:NONMESH
G0 F300 X207.513 Y160.475 Z4.6
G0 F15000 X203.631 Y162.247
;TIME_ELAPSED:302.107357
;LAYER:22
;note -- min layer time used
;TYPE:WALL-INNER
;MESH:WheelAdapter_v7.stl
G1 F1061.6 X203.012 Y162.441 E137.11273
G1 X202.356 Y162.472 E137.13457
G1 X201.724 Y162.344 E137.15602
G1 X201.138 Y162.063 E137.17764
G1 X200.652 Y161.653 E137.19878
G1 X200.259 Y161.099 E137.22138
G1 X200.074 Y160.634 E137.23802
G1 X200.011 Y160.386 E137.24653
G1 X199.948 Y159.87 E137.26382
G1 X200.027 Y159.231 E137.28524
G1 X200.259 Y158.646 E137.30617
G1 X200.641 Y158.1 E137.32833
G1 X201.136 Y157.683 E137.34986
G1 X201.725 Y157.399 E137.37161
G1 X202.361 Y157.272 E137.39318
G1 X202.887 Y157.297 E137.41069
G1 X203.138 Y157.342 E137.41917
G1 X203.636 Y157.499 E137.43654
G1 X204.078 Y157.771 E137.4538
G1 X204.324 Y157.98 E137.46454
G1 X204.501 Y158.293 E137.4765
G1 X204.556 Y158.624 E137.48766
G1 X204.556 Y161.12 E137.57068
G1 X204.497 Y161.464 E137.58228
G1 X204.323 Y161.763 E137.59379
G1 X204.078 Y161.973 E137.60452
G1 X203.631 Y162.247 E137.62196
G0 F15000 X203.985 Y161.561
G1 F1061.6 X203.464 Y161.88 E137.64228
G1 X202.942 Y162.045 E137.66049
G1 X202.388 Y162.07 E137.67893
G1 X201.853 Y161.963 E137.69708
G1 X201.36 Y161.727 E137.71526
G1 X200.943 Y161.374 E137.73343
G1 X200.632 Y160.937 E137.75127
G1 X200.418 Y160.417 E137.76997
G1 X200.351 Y159.872 E137.78824
G1 X200.417 Y159.329 E137.80643
G1 X200.632 Y158.808 E137.82518
G1 X200.939 Y158.373 E137.84288
G1 X201.359 Y158.018 E137.86117
G1 X201.853 Y157.781 E137.8794
G1 X202.392 Y157.674 E137.89768
G1 X202.943 Y157.7 E137.91602
G1 X203.463 Y157.864 E137.93416
G1 X203.984 Y158.182 E137.95446
G1 X204.121 Y158.417 E137.96351
G1 X204.156 Y158.624 E137.97049
G1 X204.156 Y161.12 E138.05351
G1 X204.121 Y161.326 E138.06046
G1 X203.985 Y161.561 E138.06949
G0 F15000 X204.147 Y161.827
G0 X205.327 Y164.672
G1 F1061.6 X208.1 Y159.872 E138.25386
G1 X205.326 Y155.068 E138.43837
G1 X199.782 Y155.068 E138.62276
G1 X197.011 Y159.872 E138.80722
G1 X199.782 Y164.672 E138.99156
G1 X205.327 Y164.672 E139.17599
G0 F15000 X205.557 Y165.072
G1 F1061.6 X208.562 Y159.872 E139.37574
G1 X205.557 Y154.668 E139.57561
G1 X199.551 Y154.668 E139.77537
G1 X196.549 Y159.872 E139.97519
G1 X199.551 Y165.072 E140.1749
G1 X205.557 Y165.072 E140.37466
G0 F15000 X205.788 Y165.472
;TYPE:WALL-OUTER
G1 F1061.6 X209.024 Y159.872 E140.58978
G1 X205.788 Y154.268 E140.80501
G1 X199.32 Y154.268 E141.02014
G1 X196.087 Y159.872 E141.23532
G1 X199.32 Y165.472 E141.45039
G1 X205.788 Y165.472 E141.66551
G1 F1500 E135.16551
G0 F15000 X205.621 Y165.179
G0 X203.369 Y161.817
G0 X203.277 Y161.519
G1 F1500 E141.66551
G1 F1061.6 X202.871 Y161.645 E141.67965
G1 X202.4 Y161.665 E141.69533
G1 X201.957 Y161.569 E141.71041
G1 X201.597 Y161.397 E141.72368
G1 X201.23 Y161.089 E141.73961
G1 X200.978 Y160.737 E141.75401
G1 X200.805 Y160.289 E141.76999
G1 X200.757 Y159.897 E141.78312
G1 X200.805 Y159.455 E141.79791
G1 X200.978 Y159.008 E141.81385
G1 X201.254 Y158.631 E141.82939
G1 X201.597 Y158.347 E141.8442
G1 X202.004 Y158.159 E141.85911
G1 X202.405 Y158.079 E141.87271
G1 X202.847 Y158.096 E141.88743
G1 X203.321 Y158.245 E141.90395
G1 X203.701 Y158.478 E141.91878
G1 X203.756 Y158.577 E141.92254
G1 X203.756 Y161.17 E142.00879
G1 X203.698 Y161.269 E142.0126
G1 X203.277 Y161.519 E142.02889
G0 F15000 X203.369 Y161.817
G0 X206.703 Y162.129
;TYPE:FILL
G1 F1061.6 X199.518 Y164.054 E142.27629
G0 F15000 X198.529 Y162.34
G1 F1061.6 X200.456 Y155.147 E142.52397
G0 F15000 X202.431 Y155.148
G1 F1061.6 X207.696 Y160.413 E142.77162
G0 F15000 X207.586 Y160.348
;MESH:NONMESH
G0 F300 X207.586 Y160.348 Z4.8
G0 F15000 X203.631 Y162.247
;TIME_ELAPSED:313.739024
;LAYER:23
;note -- min layer time used
;TYPE:WALL-INNER
;MESH:WheelAdapter_v7.stl
G1 F1058.6 X203.012 Y162.441 E142.79319
G1 X202.356 Y162.472 E142.81504
G1 X201.724 Y162.344 E142.83648
G1 X201.138 Y162.063 E142.8581
G1 X200.652 Y161.653 E142.87925
G1 X200.259 Y161.099 E142.90184
G1 X200.074 Y160.634 E142.91848
G1 X200.011 Y160.386 E142.92699
G1 X199.948 Y159.87 E142.94428
G1 X200.027 Y159.231 E142.9657
G1 X200.259 Y158.646 E142.98663
G1 X200.641 Y158.1 E143.00879
G1 X201.136 Y157.683 E143.03032
G1 X201.725 Y157.399 E143.05207
G1 X202.361 Y157.272 E143.07364
G1 X202.887 Y157.297 E143.09115
G1 X203.138 Y157.342 E143.09964
G1 X203.636 Y157.499 E143.117
G1 X204.078 Y157.771 E143.13426
G1 X204.324 Y157.98 E143.145
G1 X204.501 Y158.293 E143.15696
G1 X204.556 Y158.624 E143.16812
G1 X204.556 Y161.12 E143.25114
G1 X204.497 Y161.464 E143.26275
G1 X204.323 Y161.763 E143.27425
G1 X204.078 Y161.973 E143.28498
G1 X203.631 Y162.247 E143.30242
G0 F15000 X203.985 Y161.561
G1 F1058.6 X203.464 Y161.88 E143.32274
G1 X202.942 Y162.045 E143.34095
G1 X202.388 Y162.07 E143.35939
G1 X201.853 Y161.963 E143.37754
G1 X201.36 Y161.727 E143.39572
G1 X200.943 Y161.374 E143.41389
G1 X200.632 Y160.937 E143.43173
G1 X200.418 Y160.417 E143.45043
G1 X200.351 Y159.872 E143.4687
G1 X200.417 Y159.329 E143.48689
G1 X200.632 Y158.808 E143.50564
G1 X200.939 Y158.373 E143.52335
G1 X201.359 Y158.018 E143.54164
G1 X201.853 Y157.781 E143.55986
G1 X202.392 Y157.674 E143.57814
G1 X202.943 Y157.7 E143.59648
G1 X203.463 Y157.864 E143.61462
G1 X203.984 Y158.182 E143.63492
G1 X204.121 Y158.417 E143.64397
G1 X204.156 Y158.624 E143.65095
G1 X204.156 Y161.12 E143.73397
G1 X204.121 Y161.326 E143.74092
G1 X203.985 Y161.561 E143.74995
G0 F15000 X204.147 Y161.827
G0 X205.327 Y164.672
G1 F1058.6 X208.1 Y159.872 E143.93432
G1 X205.326 Y155.068 E144.11883
G1 X199.782 Y155.068 E144.30322
G1 X197.011 Y159.872 E144.48768
G1 X199.782 Y164.672 E144.67202
G1 X205.327 Y164.672 E144.85645
G0 F15000 X205.557 Y165.072
G1 F1058.6 X208.562 Y159.872 E145.0562
G1 X205.557 Y154.668 E145.25607
G1 X199.551 Y154.668 E145.45583
G1 X196.549 Y159.872 E145.65566
G1 X199.551 Y165.072 E145.85536
G1 X205.557 Y165.072 E146.05512
G0 F15000 X205.788 Y165.472
;TYPE:WALL-OUTER
G1 F1058.6 X209.024 Y159.872 E146.27024
G1 X205.788 Y154.268 E146.48547
G1 X199.32 Y154.268 E146.7006
G1 X196.087 Y159.872 E146.91578
G1 X199.32 Y165.472 E147.13085
G1 X205.788 Y165.472 E147.34598
G1 F1500 E140.84598
G0 F15000 X205.621 Y165.179
G0 X203.369 Y161.817
G0 X203.277 Y161.519
G1 F1500 E147.34598
G1 F1058.6 X202.871 Y161.645 E147.36012
G1 X202.4 Y161.665 E147.37579
G1 X201.957 Y161.569 E147.39087
G1 X201.597 Y161.397 E147.40414
G1 X201.23 Y161.089 E147.42008
G1 X200.978 Y160.737 E147.43447
G1 X200.805 Y160.289 E147.45045
G1 X200.757 Y159.897 E147.46358
G1 X200.805 Y159.455 E147.47837
G1 X200.978 Y159.008 E147.49431
G1 X201.254 Y158.631 E147.50985
G1 X201.597 Y158.347 E147.52466
G1 X202.004 Y158.159 E147.53958
G1 X202.405 Y158.079 E147.55318
G1 X202.847 Y158.096 E147.56789
G1 X203.321 Y158.245 E147.58441
G1 X203.701 Y158.478 E147.59924
G1 X203.756 Y158.577 E147.60301
G1 X203.756 Y161.17 E147.68925
G1 X203.698 Y161.269 E147.69307
G1 X203.277 Y161.519 E147.70935
G0 F15000 X203.369 Y161.817
G0 X206.603 Y162.303
;TYPE:FILL
G1 F1058.6 X199.591 Y164.181 E147.95079
G0 F15000 X198.429 Y162.166
G1 F1058.6 X200.309 Y155.147 E148.19247
G0 F15000 X202.631 Y155.148
G1 F1058.6 X207.769 Y160.286 E148.43415
G0 F15000 X207.659 Y160.222
;MESH:NONMESH
G0 F300 X207.659 Y160.222 Z5
G0 F15000 X203.631 Y162.247
;TIME_ELAPSED:325.386395
;LAYER:24
;note -- min layer time used
;TYPE:WALL-INNER
;MESH:WheelAdapter_v7.stl
G1 F1055.5 X203.012 Y162.441 E148.45572
G1 X202.356 Y162.472 E148.47757
G1 X201.724 Y162.344 E148.49901
G1 X201.138 Y162.063 E148.52063
G1 X200.652 Y161.653 E148.54178
G1 X200.259 Y161.099 E148.56437
G1 X200.074 Y160.634 E148.58101
G1 X200.011 Y160.386 E148.58952
G1 X199.948 Y159.87 E148.60681
G1 X200.027 Y159.231 E148.62823
G1 X200.259 Y158.646 E148.64916
G1 X200.641 Y158.1 E148.67132
G1 X201.136 Y157.683 E148.69285
G1 X201.725 Y157.399 E148.7146
G1 X202.361 Y157.272 E148.73617
G1 X202.887 Y157.297 E148.75369
G1 X203.138 Y157.342 E148.76217
G1 X203.636 Y157.499 E148.77953
G1 X204.078 Y157.771 E148.7968
G1 X204.324 Y157.98 E148.80753
G1 X204.501 Y158.293 E148.81949
G1 X204.556 Y158.624 E148.83065
G1 X204.556 Y161.12 E148.91367
G1 X204.497 Y161.464 E148.92528
G1 X204.323 Y161.763 E148.93678
G1 X204.078 Y161.973 E148.94752
G1 X203.631 Y162.247 E148.96495
G0 F15000 X203.985 Y161.561
G1 F1055.5 X203.464 Y161.88 E148.98527
G1 X202.942 Y162.045 E149.00348
G1 X202.388 Y162.07 E149.02193
G1 X201.853 Y161.963 E149.04007
G1 X201.36 Y161.727 E149.05825
G1 X200.943 Y161.374 E149.07642
G1 X200.632 Y160.937 E149.09426
G1 X200.418 Y160.417 E149.11297
G1 X200.351 Y159.872 E149.13123
G1 X200.417 Y159.329 E149.14942
G1 X200.632 Y158.808 E149.16817
G1 X200.939 Y158.373 E149.18588
G1 X201.359 Y158.018 E149.20417
G1 X201.853 Y157.781 E149.22239
G1 X202.392 Y157.674 E149.24067
G1 X202.943 Y157.7 E149.25901
G1 X203.463 Y157.864 E149.27715
G1 X203.984 Y158.182 E149.29745
G1 X204.121 Y158.417 E149.3065
G1 X204.156 Y158.624 E149.31348
G1 X204.156 Y161.12 E149.3965
G1 X204.121 Y161.326 E149.40345
G1 X203.985 Y161.561 E149.41248
G0 F15000 X204.147 Y161.827
G0 X205.327 Y164.672
G1 F1055.5 X208.1 Y159.872 E149.59685
G1 X205.326 Y155.068 E149.78136
G1 X199.782 Y155.068 E149.96575
G1 X197.011 Y159.872 E150.15021
G1 X199.782 Y164.672 E150.33455
G1 X205.327 Y164.672 E150.51898
G0 F15000 X205.557 Y165.072
G1 F1055.5 X208.562 Y159.872 E150.71874
G1 X205.557 Y154.668 E150.91861
G1 X199.551 Y154.668 E151.11837
G1 X196.549 Y159.872 E151.31819
G1 X199.551 Y165.072 E151.51789
G1 X205.557 Y165.072 E151.71765
G0 F15000 X205.788 Y165.472
;TYPE:WALL-OUTER
G1 F1055.5 X209.024 Y159.872 E151.93277
G1 X205.788 Y154.268 E152.148
G1 X199.32 Y154.268 E152.36313
G1 X196.087 Y159.872 E152.57831
G1 X199.32 Y165.472 E152.79338
G1 X205.788 Y165.472 E153.00851
G1 F1500 E146.50851
G0 F15000 X205.621 Y165.179
G0 X203.369 Y161.817
G0 X203.277 Y161.519
G1 F1500 E153.00851
G1 F1055.5 X202.871 Y161.645 E153.02265
G1 X202.4 Y161.665 E153.03833
G1 X201.957 Y161.569 E153.0534
G1 X201.597 Y161.397 E153.06667
G1 X201.23 Y161.089 E153.08261
G1 X200.978 Y160.737 E153.09701
G1 X200.805 Y160.289 E153.11298
G1 X200.757 Y159.897 E153.12611
G1 X200.805 Y159.455 E153.1409
G1 X200.978 Y159.008 E153.15684
G1 X201.254 Y158.631 E153.17238
G1 X201.597 Y158.347 E153.18719
G1 X202.004 Y158.159 E153.20211
G1 X202.405 Y158.079 E153.21571
G1 X202.847 Y158.096 E153.23042
G1 X203.321 Y158.245 E153.24694
G1 X203.701 Y158.478 E153.26177
G1 X203.756 Y158.577 E153.26554
G1 X203.756 Y161.17 E153.35178
G1 X203.698 Y161.269 E153.3556
G1 X203.277 Y161.519 E153.37188
G0 F15000 X203.369 Y161.817
G0 X206.503 Y162.475
;TYPE:FILL
G1 F1055.5 X199.664 Y164.308 E153.60738
G0 F15000 X198.329 Y161.993
G1 F1055.5 X200.163 Y155.148 E153.84307
G0 F15000 X202.831 Y155.148
G1 F1055.5 X207.842 Y160.159 E154.07877
G0 F15000 X207.733 Y160.094
;MESH:NONMESH
G0 F300 X207.733 Y160.094 Z5.2
G0 F15000 X203.631 Y162.247
;TIME_ELAPSED:337.048125
;LAYER:25
;note -- min layer time used
;TYPE:WALL-INNER
;MESH:WheelAdapter_v7.stl
G1 F1052.5 X203.012 Y162.441 E154.10035
G1 X202.356 Y162.472 E154.12219
G1 X201.724 Y162.344 E154.14364
G1 X201.138 Y162.063 E154.16525
G1 X200.652 Y161.653 E154.1864
G1 X200.259 Y161.099 E154.20899
G1 X200.074 Y160.634 E154.22564
G1 X200.011 Y160.386 E154.23415
G1 X199.948 Y159.87 E154.25144
G1 X200.027 Y159.231 E154.27285
G1 X200.259 Y158.646 E154.29379
G1 X200.641 Y158.1 E154.31595
G1 X201.136 Y157.683 E154.33748
G1 X201.725 Y157.399 E154.35923
G1 X202.361 Y157.272 E154.3808
G1 X202.887 Y157.297 E154.39831
G1 X203.138 Y157.342 E154.40679
G1 X203.636 Y157.499 E154.42416
G1 X204.078 Y157.771 E154.44142
G1 X204.324 Y157.98 E154.45216
G1 X204.501 Y158.293 E154.46412
G1 X204.556 Y158.624 E154.47528
G1 X204.556 Y161.12 E154.55829
G1 X204.497 Y161.464 E154.5699
G1 X204.323 Y161.763 E154.58141
G1 X204.078 Y161.973 E154.59214
G1 X203.631 Y162.247 E154.60958
G0 F15000 X203.985 Y161.561
G1 F1052.5 X203.464 Y161.88 E154.6299
G1 X202.942 Y162.045 E154.64811
G1 X202.388 Y162.07 E154.66655
G1 X201.853 Y161.963 E154.6847
G1 X201.36 Y161.727 E154.70288
G1 X200.943 Y161.374 E154.72105
G1 X200.632 Y160.937 E154.73889
G1 X200.418 Y160.417 E154.75759
G1 X200.351 Y159.872 E154.77585
G1 X200.417 Y159.329 E154.79405
G1 X200.632 Y158.808 E154.81279
G1 X200.939 Y158.373 E154.8305
G1 X201.359 Y158.018 E154.84879
G1 X201.853 Y157.781 E154.86702
G1 X202.392 Y157.674 E154.88529
G1 X202.943 Y157.7 E154.90364
G1 X203.463 Y157.864 E154.92178
G1 X203.984 Y158.182 E154.94208
G1 X204.121 Y158.417 E154.95112
G1 X204.156 Y158.624 E154.95811
G1 X204.156 Y161.12 E155.04112
G1 X204.121 Y161.326 E155.04807
G1 X203.985 Y161.561 E155.0571
G0 F15000 X204.147 Y161.827
G0 X205.327 Y164.672
G1 F1052.5 X208.1 Y159.872 E155.24148
G1 X205.326 Y155.068 E155.42599
G1 X199.782 Y155.068 E155.61038
G1 X197.011 Y159.872 E155.79484
G1 X199.782 Y164.672 E155.97918
G1 X205.327 Y164.672 E156.16361
G0 F15000 X205.557 Y165.072
G1 F1052.5 X208.562 Y159.872 E156.36336
G1 X205.557 Y154.668 E156.56323
G1 X199.551 Y154.668 E156.76299
G1 X196.549 Y159.872 E156.96281
G1 X199.551 Y165.072 E157.16252
G1 X205.557 Y165.072 E157.36228
G0 F15000 X205.788 Y165.472
;TYPE:WALL-OUTER
G1 F1052.5 X209.024 Y159.872 E157.5774
G1 X205.788 Y154.268 E157.79263
G1 X199.32 Y154.268 E158.00776
G1 X196.087 Y159.872 E158.22294
G1 X199.32 Y165.472 E158.43801
G1 X205.788 Y165.472 E158.65313
G1 F1500 E152.15313
G0 F15000 X205.621 Y165.179
G0 X203.369 Y161.817
G0 X203.277 Y161.519
G1 F1500 E158.65313
G1 F1052.5 X202.871 Y161.645 E158.66727
G1 X202.4 Y161.665 E158.68295
G1 X201.957 Y161.569 E158.69803
G1 X201.597 Y161.397 E158.7113
G1 X201.23 Y161.089 E158.72723
G1 X200.978 Y160.737 E158.74163
G1 X200.805 Y160.289 E158.7576
G1 X200.757 Y159.897 E158.77074
G1 X200.805 Y159.455 E158.78553
G1 X200.978 Y159.008 E158.80147
G1 X201.254 Y158.631 E158.81701
G1 X201.597 Y158.347 E158.83182
G1 X202.004 Y158.159 E158.84673
G1 X202.405 Y158.079 E158.86033
G1 X202.847 Y158.096 E158.87504
G1 X203.321 Y158.245 E158.89157
G1 X203.701 Y158.478 E158.9064
G1 X203.756 Y158.577 E158.91016
G1 X203.756 Y161.17 E158.99641
G1 X203.698 Y161.269 E159.00022
G1 X203.277 Y161.519 E159.01651
G0 F15000 X203.369 Y161.817
G0 X206.403 Y162.648
;TYPE:FILL
G1 F1052.5 X199.737 Y164.434 E159.24604
G0 F15000 X198.229 Y161.82
G1 F1052.5 X200.017 Y155.147 E159.47581
G0 F15000 X203.03 Y155.148
G1 F1052.5 X207.915 Y160.032 E159.70557
G0 F15000 X207.806 Y159.967
;MESH:NONMESH
G0 F300 X207.806 Y159.967 Z5.4
G0 F15000 X203.631 Y162.247
;TIME_ELAPSED:348.723082
;LAYER:26
;note -- min layer time used
;TYPE:WALL-INNER
;MESH:WheelAdapter_v7.stl
G1 F1049.5 X203.012 Y162.441 E159.72714
G1 X202.356 Y162.472 E159.74898
G1 X201.724 Y162.344 E159.77043
G1 X201.138 Y162.063 E159.79205
G1 X200.652 Y161.653 E159.81319
G1 X200.259 Y161.099 E159.83579
G1 X200.074 Y160.634 E159.85243
G1 X200.011 Y160.386 E159.86094
G1 X199.948 Y159.87 E159.87823
G1 X200.027 Y159.231 E159.89965
G1 X200.259 Y158.646 E159.92058
G1 X200.641 Y158.1 E159.94274
G1 X201.136 Y157.683 E159.96427
G1 X201.725 Y157.399 E159.98602
G1 X202.361 Y157.272 E160.00759
G1 X202.887 Y157.297 E160.0251
G1 X203.138 Y157.342 E160.03358
G1 X203.636 Y157.499 E160.05095
G1 X204.078 Y157.771 E160.06821
G1 X204.324 Y157.98 E160.07895
G1 X204.501 Y158.293 E160.09091
G1 X204.556 Y158.624 E160.10207
G1 X204.556 Y161.12 E160.18509
G1 X204.497 Y161.464 E160.19669
G1 X204.323 Y161.763 E160.2082
G1 X204.078 Y161.973 E160.21893
G1 X203.631 Y162.247 E160.23637
G0 F15000 X203.985 Y161.561
G1 F1049.5 X203.464 Y161.88 E160.25669
G1 X202.942 Y162.045 E160.2749
G1 X202.388 Y162.07 E160.29334
G1 X201.853 Y161.963 E160.31149
G1 X201.36 Y161.727 E160.32967
G1 X200.943 Y161.374 E160.34784
G1 X200.632 Y160.937 E160.36568
G1 X200.418 Y160.417 E160.38438
G1 X200.351 Y159.872 E160.40265
G1 X200.417 Y159.329 E160.42084
G1 X200.632 Y158.808 E160.43959
G1 X200.939 Y158.373 E160.45729
G1 X201.359 Y158.018 E160.47558
G1 X201.853 Y157.781 E160.49381
G1 X202.392 Y157.674 E160.51209
G1 X202.943 Y157.7 E160.53043
G1 X203.463 Y157.864 E160.54857
G1 X203.984 Y158.182 E160.56887
G1 X204.121 Y158.417 E160.57792
G1 X204.156 Y158.624 E160.5849
G1 X204.156 Y161.12 E160.66792
G1 X204.121 Y161.326 E160.67487
G1 X203.985 Y161.561 E160.6839
G0 F15000 X204.147 Y161.827
G0 X205.327 Y164.672
G1 F1049.5 X208.1 Y159.872 E160.86827
G1 X205.326 Y155.068 E161.05278
G1 X199.782 Y155.068 E161.23717
G1 X197.011 Y159.872 E161.42163
G1 X199.782 Y164.672 E161.60597
G1 X205.327 Y164.672 E161.7904
G0 F15000 X205.557 Y165.072
G1 F1049.5 X208.562 Y159.872 E161.99015
G1 X205.557 Y154.668 E162.19002
G1 X199.551 Y154.668 E162.38978
G1 X196.549 Y159.872 E162.5896
G1 X199.551 Y165.072 E162.78931
G1 X205.557 Y165.072 E162.98907
G0 F15000 X205.788 Y165.472
;TYPE:WALL-OUTER
G1 F1049.5 X209.024 Y159.872 E163.20419
G1 X205.788 Y154.268 E163.41942
G1 X199.32 Y154.268 E163.63455
G1 X196.087 Y159.872 E163.84973
G1 X199.32 Y165.472 E164.0648
G1 X205.788 Y165.472 E164.27992
G1 F1500 E157.77992
G0 F15000 X205.621 Y165.179
G0 X203.369 Y161.817
G0 X203.277 Y161.519
G1 F1500 E164.27992
G1 F1049.5 X202.871 Y161.645 E164.29406
G1 X202.4 Y161.665 E164.30974
G1 X201.957 Y161.569 E164.32482
G1 X201.597 Y161.397 E164.33809
G1 X201.23 Y161.089 E164.35402
G1 X200.978 Y160.737 E164.36842
G1 X200.805 Y160.289 E164.3844
G1 X200.757 Y159.897 E164.39753
G1 X200.805 Y159.455 E164.41232
G1 X200.978 Y159.008 E164.42826
G1 X201.254 Y158.631 E164.4438
G1 X201.597 Y158.347 E164.45861
G1 X202.004 Y158.159 E164.47352
G1 X202.405 Y158.079 E164.48712
G1 X202.847 Y158.096 E164.50184
G1 X203.321 Y158.245 E164.51836
G1 X203.701 Y158.478 E164.53319
G1 X203.756 Y158.577 E164.53695
G1 X203.756 Y161.17 E164.6232
G1 X203.698 Y161.269 E164.62701
G1 X203.277 Y161.519 E164.6433
G0 F15000 X203.369 Y161.817
G0 X206.303 Y162.822
;TYPE:FILL
G1 F1049.5 X199.81 Y164.562 E164.86688
G0 F15000 X198.129 Y161.646
G1 F1049.5 X199.87 Y155.148 E165.09062
G0 F15000 X203.231 Y155.148
G1 F1049.5 X207.988 Y159.905 E165.31438
G0 F15000 X207.851 Y159.857
;MESH:NONMESH
G0 F300 X207.851 Y159.857 Z5.6
G0 F15000 X203.631 Y162.247
;TIME_ELAPSED:360.411425
;LAYER:27
;note -- min layer time used
;TYPE:WALL-INNER
;MESH:WheelAdapter_v7.stl
G1 F1039.9 X203.012 Y162.441 E165.33595
G1 X202.356 Y162.472 E165.3578
G1 X201.724 Y162.344 E165.37924
G1 X201.138 Y162.063 E165.40086
G1 X200.652 Y161.653 E165.42201
G1 X200.259 Y161.099 E165.4446
G1 X200.074 Y160.634 E165.46124
G1 X200.011 Y160.386 E165.46976
G1 X199.948 Y159.87 E165.48704
G1 X200.027 Y159.231 E165.50846
G1 X200.259 Y158.646 E165.52939
G1 X200.641 Y158.1 E165.55155
G1 X201.136 Y157.683 E165.57308
G1 X201.725 Y157.399 E165.59483
G1 X202.361 Y157.272 E165.6164
G1 X202.887 Y157.297 E165.63392
G1 X203.138 Y157.342 E165.6424
G1 X203.636 Y157.499 E165.65976
G1 X204.078 Y157.771 E165.67703
G1 X204.324 Y157.98 E165.68776
G1 X204.501 Y158.293 E165.69972
G1 X204.556 Y158.624 E165.71088
G1 X204.556 Y161.12 E165.7939
G1 X204.497 Y161.464 E165.80551
G1 X204.323 Y161.763 E165.81701
G1 X204.078 Y161.973 E165.82775
G1 X203.631 Y162.247 E165.84518
G0 F15000 X203.985 Y161.561
G1 F1039.9 X203.464 Y161.88 E165.8655
G1 X202.942 Y162.045 E165.88371
G1 X202.388 Y162.07 E165.90216
G1 X201.853 Y161.963 E165.9203
G1 X201.36 Y161.727 E165.93848
G1 X200.943 Y161.374 E165.95665
G1 X200.632 Y160.937 E165.97449
G1 X200.418 Y160.417 E165.9932
G1 X200.351 Y159.872 E166.01146
G1 X200.417 Y159.329 E166.02965
G1 X200.632 Y158.808 E166.0484
G1 X200.939 Y158.373 E166.06611
G1 X201.359 Y158.018 E166.0844
G1 X201.853 Y157.781 E166.10262
G1 X202.392 Y157.674 E166.1209
G1 X202.943 Y157.7 E166.13925
G1 X203.463 Y157.864 E166.15738
G1 X203.984 Y158.182 E166.17768
G1 X204.121 Y158.417 E166.18673
G1 X204.156 Y158.624 E166.19371
G1 X204.156 Y161.12 E166.27673
G1 X204.121 Y161.326 E166.28368
G1 X203.985 Y161.561 E166.29271
G0 F15000 X204.147 Y161.827
G0 X205.327 Y164.672
G1 F1039.9 X208.1 Y159.872 E166.47708
G1 X205.326 Y155.068 E166.66159
G1 X199.782 Y155.068 E166.84599
G1 X197.011 Y159.872 E167.03044
G1 X199.782 Y164.672 E167.21478
G1 X205.327 Y164.672 E167.39921
G0 F15000 X205.557 Y165.072
G1 F1039.9 X208.562 Y159.872 E167.59897
G1 X205.557 Y154.668 E167.79884
G1 X199.551 Y154.668 E167.9986
G1 X196.549 Y159.872 E168.19842
G1 X199.551 Y165.072 E168.39812
G1 X205.557 Y165.072 E168.59788
G0 F15000 X205.788 Y165.472
;TYPE:WALL-OUTER
G1 F1039.9 X209.024 Y159.872 E168.813
G1 X205.788 Y154.268 E169.02823
G1 X199.32 Y154.268 E169.24336
G1 X196.087 Y159.872 E169.45854
G1 X199.32 Y165.472 E169.67361
G1 X205.788 Y165.472 E169.88874
G1 F1500 E163.38874
G0 F15000 X205.621 Y165.179
G0 X203.369 Y161.817
G0 X203.277 Y161.519
G1 F1500 E169.88874
G1 F1039.9 X202.871 Y161.645 E169.90288
G1 X202.4 Y161.665 E169.91856
G1 X201.957 Y161.569 E169.93363
G1 X201.597 Y161.397 E169.9469
G1 X201.23 Y161.089 E169.96284
G1 X200.978 Y160.737 E169.97724
G1 X200.805 Y160.289 E169.99321
G1 X200.757 Y159.897 E170.00635
G1 X200.805 Y159.455 E170.02113
G1 X200.978 Y159.008 E170.03707
G1 X201.254 Y158.631 E170.05261
G1 X201.597 Y158.347 E170.06743
G1 X202.004 Y158.159 E170.08234
G1 X202.405 Y158.079 E170.09594
G1 X202.847 Y158.096 E170.11065
G1 X203.321 Y158.245 E170.12718
G1 X203.701 Y158.478 E170.142
G1 X203.756 Y158.577 E170.14577
G1 X203.756 Y161.17 E170.23201
G1 X203.698 Y161.269 E170.23583
G1 X203.277 Y161.519 E170.25211
G0 F15000 X203.369 Y161.817
G0 X206.203 Y162.995
;TYPE:FILL
G1 F1039.9 X200.242 Y164.592 E170.45737
G0 F15000 X198.029 Y161.474
G1 F1039.9 X199.635 Y155.482 E170.6637
G0 F15000 X203.43 Y155.148
G1 F1039.9 X207.807 Y159.524 E170.86955
G0 F15000 X207.696 Y159.588
;MESH:NONMESH
G0 F300 X207.696 Y159.588 Z5.8
G0 F15000 X203.631 Y162.247
;TIME_ELAPSED:372.107220
;LAYER:28
;note -- min layer time used
;TYPE:WALL-INNER
;MESH:WheelAdapter_v7.stl
G1 F1027.8 X203.012 Y162.441 E170.89113
G1 X202.356 Y162.472 E170.91297
G1 X201.724 Y162.344 E170.93442
G1 X201.138 Y162.063 E170.95604
G1 X200.652 Y161.653 E170.97718
G1 X200.259 Y161.099 E170.99977
G1 X200.074 Y160.634 E171.01642
G1 X200.011 Y160.386 E171.02493
G1 X199.948 Y159.87 E171.04222
G1 X200.027 Y159.231 E171.06364
G1 X200.259 Y158.646 E171.08457
G1 X200.641 Y158.1 E171.10673
G1 X201.136 Y157.683 E171.12826
G1 X201.725 Y157.399 E171.15001
G1 X202.361 Y157.272 E171.17158
G1 X202.887 Y157.297 E171.18909
G1 X203.138 Y157.342 E171.19757
G1 X203.636 Y157.499 E171.21494
G1 X204.078 Y157.771 E171.2322
G1 X204.324 Y157.98 E171.24294
G1 X204.501 Y158.293 E171.2549
G1 X204.556 Y158.624 E171.26606
G1 X204.556 Y161.12 E171.34907
G1 X204.497 Y161.464 E171.36068
G1 X204.323 Y161.763 E171.37219
G1 X204.078 Y161.973 E171.38292
G1 X203.631 Y162.247 E171.40036
G0 F15000 X203.985 Y161.561
G1 F1027.8 X203.464 Y161.88 E171.42068
G1 X202.942 Y162.045 E171.43889
G1 X202.388 Y162.07 E171.45733
G1 X201.853 Y161.963 E171.47548
G1 X201.36 Y161.727 E171.49366
G1 X200.943 Y161.374 E171.51183
G1 X200.632 Y160.937 E171.52967
G1 X200.418 Y160.417 E171.54837
G1 X200.351 Y159.872 E171.56663
G1 X200.417 Y159.329 E171.58483
G1 X200.632 Y158.808 E171.60357
G1 X200.939 Y158.373 E171.62128
G1 X201.359 Y158.018 E171.63957
G1 X201.853 Y157.781 E171.6578
G1 X202.392 Y157.674 E171.67607
G1 X202.943 Y157.7 E171.69442
G1 X203.463 Y157.864 E171.71256
G1 X203.984 Y158.182 E171.73286
G1 X204.121 Y158.417 E171.7419
G1 X204.156 Y158.624 E171.74889
G1 X204.156 Y161.12 E171.8319
G1 X204.121 Y161.326 E171.83885
G1 X203.985 Y161.561 E171.84788
G0 F15000 X204.147 Y161.827
G0 X205.327 Y164.672
G1 F1027.8 X208.1 Y159.872 E172.03226
G1 X205.326 Y155.068 E172.21677
G1 X199.782 Y155.068 E172.40116
G1 X197.011 Y159.872 E172.58562
G1 X199.782 Y164.672 E172.76996
G1 X205.327 Y164.672 E172.95439
G0 F15000 X205.557 Y165.072
G1 F1027.8 X208.562 Y159.872 E173.15414
G1 X205.557 Y154.668 E173.35401
G1 X199.551 Y154.668 E173.55377
G1 X196.549 Y159.872 E173.75359
G1 X199.551 Y165.072 E173.9533
G1 X205.557 Y165.072 E174.15306
G0 F15000 X205.788 Y165.472
;TYPE:WALL-OUTER
G1 F1027.8 X209.024 Y159.872 E174.36818
G1 X205.788 Y154.268 E174.58341
G1 X199.32 Y154.268 E174.79854
G1 X196.087 Y159.872 E175.01372
G1 X199.32 Y165.472 E175.22879
G1 X205.788 Y165.472 E175.44391
G1 F1500 E168.94391
G0 F15000 X205.621 Y165.179
G0 X203.369 Y161.817
G0 X203.277 Y161.519
G1 F1500 E175.44391
G1 F1027.8 X202.871 Y161.645 E175.45805
G1 X202.4 Y161.665 E175.47373
G1 X201.957 Y161.569 E175.48881
G1 X201.597 Y161.397 E175.50208
G1 X201.23 Y161.089 E175.51801
G1 X200.978 Y160.737 E175.53241
G1 X200.805 Y160.289 E175.54839
G1 X200.757 Y159.897 E175.56152
G1 X200.805 Y159.455 E175.57631
G1 X200.978 Y159.008 E175.59225
G1 X201.254 Y158.631 E175.60779
G1 X201.597 Y158.347 E175.6226
G1 X202.004 Y158.159 E175.63751
G1 X202.405 Y158.079 E175.65111
G1 X202.847 Y158.096 E175.66582
G1 X203.321 Y158.245 E175.68235
G1 X203.701 Y158.478 E175.69718
G1 X203.756 Y158.577 E175.70094
G1 X203.756 Y161.17 E175.78719
G1 X203.698 Y161.269 E175.791
G1 X203.277 Y161.519 E175.80729
G0 F15000 X203.369 Y161.817
G0 X206.102 Y163.169
;TYPE:FILL
G1 F1027.8 X200.79 Y164.592 E175.99019
G0 F15000 X197.929 Y161.3
G1 F1027.8 X199.36 Y155.958 E176.17414
G0 F15000 X203.631 Y155.148
G1 F1027.8 X207.533 Y159.05 E176.35767
G0 F15000 X207.422 Y159.114
;MESH:NONMESH
G0 F300 X207.422 Y159.114 Z6
G0 F15000 X203.631 Y162.247
;TIME_ELAPSED:383.814303
;LAYER:29
;note -- min layer time used
;TYPE:WALL-INNER
;MESH:WheelAdapter_v7.stl
G1 F1015.8 X203.012 Y162.441 E176.37925
G1 X202.356 Y162.472 E176.40109
G1 X201.724 Y162.344 E176.42254
G1 X201.138 Y162.063 E176.44415
G1 X200.652 Y161.653 E176.4653
G1 X200.259 Y161.099 E176.48789
G1 X200.074 Y160.634 E176.50454
G1 X200.011 Y160.386 E176.51305
G1 X199.948 Y159.87 E176.53034
G1 X200.027 Y159.231 E176.55175
G1 X200.259 Y158.646 E176.57269
G1 X200.641 Y158.1 E176.59485
G1 X201.136 Y157.683 E176.61638
G1 X201.725 Y157.399 E176.63812
G1 X202.361 Y157.272 E176.6597
G1 X202.887 Y157.297 E176.67721
G1 X203.138 Y157.342 E176.68569
G1 X203.636 Y157.499 E176.70306
G1 X204.078 Y157.771 E176.72032
G1 X204.324 Y157.98 E176.73106
G1 X204.501 Y158.293 E176.74302
G1 X204.556 Y158.624 E176.75418
G1 X204.556 Y161.12 E176.83719
G1 X204.497 Y161.464 E176.8488
G1 X204.323 Y161.763 E176.86031
G1 X204.078 Y161.973 E176.87104
G1 X203.631 Y162.247 E176.88848
G0 F15000 X203.985 Y161.561
G1 F1015.8 X203.464 Y161.88 E176.9088
G1 X202.942 Y162.045 E176.92701
G1 X202.388 Y162.07 E176.94545
G1 X201.853 Y161.963 E176.9636
G1 X201.36 Y161.727 E176.98178
G1 X200.943 Y161.374 E176.99995
G1 X200.632 Y160.937 E177.01779
G1 X200.418 Y160.417 E177.03649
G1 X200.351 Y159.872 E177.05475
G1 X200.417 Y159.329 E177.07295
G1 X200.632 Y158.808 E177.09169
G1 X200.939 Y158.373 E177.1094
G1 X201.359 Y158.018 E177.12769
G1 X201.853 Y157.781 E177.14592
G1 X202.392 Y157.674 E177.16419
G1 X202.943 Y157.7 E177.18254
G1 X203.463 Y157.864 E177.20067
G1 X203.984 Y158.182 E177.22098
G1 X204.121 Y158.417 E177.23002
G1 X204.156 Y158.624 E177.23701
G1 X204.156 Y161.12 E177.32002
G1 X204.121 Y161.326 E177.32697
G1 X203.985 Y161.561 E177.336
G0 F15000 X204.147 Y161.827
G0 X205.327 Y164.672
G1 F1015.8 X208.1 Y159.872 E177.52038
G1 X205.326 Y155.068 E177.70489
G1 X199.782 Y155.068 E177.88928
G1 X197.011 Y159.872 E178.07374
G1 X199.782 Y164.672 E178.25808
G1 X205.327 Y164.672 E178.44251
G0 F15000 X205.557 Y165.072
G1 F1015.8 X208.562 Y159.872 E178.64226
G1 X205.557 Y154.668 E178.84213
G1 X199.551 Y154.668 E179.04189
G1 X196.549 Y159.872 E179.24171
G1 X199.551 Y165.072 E179.44142
G1 X205.557 Y165.072 E179.64118
G0 F15000 X205.788 Y165.472
;TYPE:WALL-OUTER
G1 F1015.8 X209.024 Y159.872 E179.85629
G1 X205.788 Y154.268 E180.07153
G1 X199.32 Y154.268 E180.28665
G1 X196.087 Y159.872 E180.50184
G1 X199.32 Y165.472 E180.71691
G1 X205.788 Y165.472 E180.93203
G1 F1500 E174.43203
G0 F15000 X205.621 Y165.179
G0 X203.369 Y161.817
G0 X203.277 Y161.519
G1 F1500 E180.93203
G1 F1015.8 X202.871 Y161.645 E180.94617
G1 X202.4 Y161.665 E180.96185
G1 X201.957 Y161.569 E180.97693
G1 X201.597 Y161.397 E180.9902
G1 X201.23 Y161.089 E181.00613
G1 X200.978 Y160.737 E181.02053
G1 X200.805 Y160.289 E181.0365
G1 X200.757 Y159.897 E181.04964
G1 X200.805 Y159.455 E181.06443
G1 X200.978 Y159.008 E181.08037
G1 X201.254 Y158.631 E181.09591
G1 X201.597 Y158.347 E181.11072
G1 X202.004 Y158.159 E181.12563
G1 X202.405 Y158.079 E181.13923
G1 X202.847 Y158.096 E181.15394
G1 X203.321 Y158.245 E181.17047
G1 X203.701 Y158.478 E181.18529
G1 X203.756 Y158.577 E181.18906
G1 X203.756 Y161.17 E181.27531
G1 X203.698 Y161.269 E181.27912
G1 X203.277 Y161.519 E181.29541
G0 F15000 X203.369 Y161.817
G0 X206.002 Y163.341
;TYPE:FILL
G1 F1015.8 X201.335 Y164.592 E181.45611
G0 F15000 X197.829 Y161.127
G1 F1015.8 X199.087 Y156.431 E181.61781
G0 F15000 X203.831 Y155.148
G1 F1015.8 X207.26 Y158.577 E181.7791
G0 F15000 X207.149 Y158.641
;MESH:NONMESH
G0 F300 X207.149 Y158.641 Z6.2
G0 F15000 X204.676 Y161.299
G0 X203.631 Y162.247
;TIME_ELAPSED:395.533582
;LAYER:30
;note -- min layer time used
;TYPE:WALL-INNER
;MESH:WheelAdapter_v7.stl
G1 F1003.8 X203.012 Y162.441 E181.80067
G1 X202.356 Y162.472 E181.82252
G1 X201.724 Y162.344 E181.84396
G1 X201.138 Y162.063 E181.86558
G1 X200.652 Y161.653 E181.88673
G1 X200.259 Y161.099 E181.90932
G1 X200.074 Y160.634 E181.92596
G1 X200.011 Y160.386 E181.93447
G1 X199.948 Y159.87 E181.95176
G1 X200.027 Y159.231 E181.97318
G1 X200.259 Y158.646 E181.99411
G1 X200.641 Y158.1 E182.01627
G1 X201.136 Y157.683 E182.0378
G1 X201.725 Y157.399 E182.05955
G1 X202.361 Y157.272 E182.08112
G1 X202.887 Y157.297 E182.09864
G1 X203.138 Y157.342 E182.10712
G1 X203.636 Y157.499 E182.12448
G1 X204.078 Y157.771 E182.14175
G1 X204.324 Y157.98 E182.15248
G1 X204.501 Y158.293 E182.16444
G1 X204.556 Y158.624 E182.1756
G1 X204.556 Y161.12 E182.25862
G1 X204.497 Y161.464 E182.27023
G1 X204.323 Y161.763 E182.28173
G1 X204.078 Y161.973 E182.29247
G1 X203.631 Y162.247 E182.3099
G0 F15000 X203.985 Y161.561
G1 F1003.8 X203.464 Y161.88 E182.33022
G1 X202.942 Y162.045 E182.34843
G1 X202.388 Y162.07 E182.36688
G1 X201.853 Y161.963 E182.38502
G1 X201.36 Y161.727 E182.4032
G1 X200.943 Y161.374 E182.42137
G1 X200.632 Y160.937 E182.43921
G1 X200.418 Y160.417 E182.45792
G1 X200.351 Y159.872 E182.47618
G1 X200.417 Y159.329 E182.49437
G1 X200.632 Y158.808 E182.51312
G1 X200.939 Y158.373 E182.53083
G1 X201.359 Y158.018 E182.54912
G1 X201.853 Y157.781 E182.56734
G1 X202.392 Y157.674 E182.58562
G1 X202.943 Y157.7 E182.60396
G1 X203.463 Y157.864 E182.6221
G1 X203.984 Y158.182 E182.6424
G1 X204.121 Y158.417 E182.65145
G1 X204.156 Y158.624 E182.65843
G1 X204.156 Y161.12 E182.74145
G1 X204.121 Y161.326 E182.7484
G1 X203.985 Y161.561 E182.75743
G0 F15000 X204.147 Y161.827
G0 X205.327 Y164.672
G1 F1003.8 X208.1 Y159.872 E182.9418
G1 X205.326 Y155.068 E183.12631
G1 X199.782 Y155.068 E183.3107
G1 X197.011 Y159.872 E183.49516
G1 X199.782 Y164.672 E183.6795
G1 X205.327 Y164.672 E183.86393
G0 F15000 X205.557 Y165.072
G1 F1003.8 X208.562 Y159.872 E184.06369
G1 X205.557 Y154.668 E184.26356
G1 X199.551 Y154.668 E184.46332
G1 X196.549 Y159.872 E184.66314
G1 X199.551 Y165.072 E184.86284
G1 X205.557 Y165.072 E185.0626
G0 F15000 X205.788 Y165.472
;TYPE:WALL-OUTER
G1 F1003.8 X209.024 Y159.872 E185.27772
G1 X205.788 Y154.268 E185.49295
G1 X199.32 Y154.268 E185.70808
G1 X196.087 Y159.872 E185.92326
G1 X199.32 Y165.472 E186.13833
G1 X205.788 Y165.472 E186.35346
G1 F1500 E179.85346
G0 F15000 X205.621 Y165.179
G0 X203.369 Y161.817
G0 X203.277 Y161.519
G1 F1500 E186.35346
G1 F1003.8 X202.871 Y161.645 E186.3676
G1 X202.4 Y161.665 E186.38328
G1 X201.957 Y161.569 E186.39835
G1 X201.597 Y161.397 E186.41162
G1 X201.23 Y161.089 E186.42756
G1 X200.978 Y160.737 E186.44196
G1 X200.805 Y160.289 E186.45793
G1 X200.757 Y159.897 E186.47106
G1 X200.805 Y159.455 E186.48585
G1 X200.978 Y159.008 E186.50179
G1 X201.254 Y158.631 E186.51733
G1 X201.597 Y158.347 E186.53215
G1 X202.004 Y158.159 E186.54706
G1 X202.405 Y158.079 E186.56066
G1 X202.847 Y158.096 E186.57537
G1 X203.321 Y158.245 E186.59189
G1 X203.701 Y158.478 E186.60672
G1 X203.756 Y158.577 E186.61049
G1 X203.756 Y161.17 E186.69673
G1 X203.698 Y161.269 E186.70055
G1 X203.277 Y161.519 E186.71683
G0 F15000 X203.369 Y161.817
G0 X205.902 Y163.515
;TYPE:FILL
G1 F1003.8 X201.884 Y164.592 E186.85519
G0 F15000 X197.729 Y160.953
G1 F1003.8 X198.813 Y156.907 E186.99451
G0 F15000 X204.031 Y155.148
G1 F1003.8 X206.986 Y158.102 E187.13348
G0 F15000 X206.875 Y158.166
;MESH:NONMESH
G0 F300 X206.875 Y158.166 Z6.4
G0 F15000 X204.401 Y161.594
G0 X203.631 Y162.247
;TIME_ELAPSED:407.265864
;LAYER:31
;note -- min layer time used
;TYPE:WALL-INNER
;MESH:WheelAdapter_v7.stl
G1 F991.8 X203.012 Y162.441 E187.15505
G1 X202.356 Y162.472 E187.17689
G1 X201.724 Y162.344 E187.19834
G1 X201.138 Y162.063 E187.21996
G1 X200.652 Y161.653 E187.24111
G1 X200.259 Y161.099 E187.2637
G1 X200.074 Y160.634 E187.28034
G1 X200.011 Y160.386 E187.28885
G1 X199.948 Y159.87 E187.30614
G1 X200.027 Y159.231 E187.32756
G1 X200.259 Y158.646 E187.34849
G1 X200.641 Y158.1 E187.37065
G1 X201.136 Y157.683 E187.39218
G1 X201.725 Y157.399 E187.41393
G1 X202.361 Y157.272 E187.4355
G1 X202.887 Y157.297 E187.45301
G1 X203.138 Y157.342 E187.46149
G1 X203.636 Y157.499 E187.47886
G1 X204.078 Y157.771 E187.49612
G1 X204.324 Y157.98 E187.50686
G1 X204.501 Y158.293 E187.51882
G1 X204.556 Y158.624 E187.52998
G1 X204.556 Y161.12 E187.613
G1 X204.497 Y161.464 E187.6246
G1 X204.323 Y161.763 E187.63611
G1 X204.078 Y161.973 E187.64684
G1 X203.631 Y162.247 E187.66428
G0 F15000 X203.985 Y161.561
G1 F991.8 X203.464 Y161.88 E187.6846
G1 X202.942 Y162.045 E187.70281
G1 X202.388 Y162.07 E187.72125
G1 X201.853 Y161.963 E187.7394
G1 X201.36 Y161.727 E187.75758
G1 X200.943 Y161.374 E187.77575
G1 X200.632 Y160.937 E187.79359
G1 X200.418 Y160.417 E187.81229
G1 X200.351 Y159.872 E187.83056
G1 X200.417 Y159.329 E187.84875
G1 X200.632 Y158.808 E187.8675
G1 X200.939 Y158.373 E187.8852
G1 X201.359 Y158.018 E187.9035
G1 X201.853 Y157.781 E187.92172
G1 X202.392 Y157.674 E187.94
G1 X202.943 Y157.7 E187.95834
G1 X203.463 Y157.864 E187.97648
G1 X203.984 Y158.182 E187.99678
G1 X204.121 Y158.417 E188.00583
G1 X204.156 Y158.624 E188.01281
G1 X204.156 Y161.12 E188.09583
G1 X204.121 Y161.326 E188.10278
G1 X203.985 Y161.561 E188.11181
G0 F15000 X204.147 Y161.827
G0 X205.327 Y164.672
G1 F991.8 X208.1 Y159.872 E188.29618
G1 X205.326 Y155.068 E188.48069
G1 X199.782 Y155.068 E188.66508
G1 X197.011 Y159.872 E188.84954
G1 X199.782 Y164.672 E189.03388
G1 X205.327 Y164.672 E189.21831
G0 F15000 X205.557 Y165.072
G1 F991.8 X208.562 Y159.872 E189.41806
G1 X205.557 Y154.668 E189.61793
G1 X199.551 Y154.668 E189.81769
G1 X196.549 Y159.872 E190.01751
G1 X199.551 Y165.072 E190.21722
G1 X205.557 Y165.072 E190.41698
G0 F15000 X205.788 Y165.472
;TYPE:WALL-OUTER
G1 F991.8 X209.024 Y159.872 E190.6321
G1 X205.788 Y154.268 E190.84733
G1 X199.32 Y154.268 E191.06246
G1 X196.087 Y159.872 E191.27764
G1 X199.32 Y165.472 E191.49271
G1 X205.788 Y165.472 E191.70783
G1 F1500 E185.20783
G0 F15000 X205.621 Y165.179
G0 X203.369 Y161.817
G0 X203.277 Y161.519
G1 F1500 E191.70783
G1 F991.8 X202.871 Y161.645 E191.72197
G1 X202.4 Y161.665 E191.73765
G1 X201.957 Y161.569 E191.75273
G1 X201.597 Y161.397 E191.766
G1 X201.23 Y161.089 E191.78194
G1 X200.978 Y160.737 E191.79633
G1 X200.805 Y160.289 E191.81231
G1 X200.757 Y159.897 E191.82544
G1 X200.805 Y159.455 E191.84023
G1 X200.978 Y159.008 E191.85617
G1 X201.254 Y158.631 E191.87171
G1 X201.597 Y158.347 E191.88652
G1 X202.004 Y158.159 E191.90143
G1 X202.405 Y158.079 E191.91503
G1 X202.847 Y158.096 E191.92975
G1 X203.321 Y158.245 E191.94627
G1 X203.701 Y158.478 E191.9611
G1 X203.756 Y158.577 E191.96486
G1 X203.756 Y161.17 E192.05111
G1 X203.698 Y161.269 E192.05492
G1 X203.277 Y161.519 E192.07121
G0 F15000 X203.369 Y161.817
G0 X202.428 Y164.592
;TYPE:FILL
G1 F991.8 X205.802 Y163.688 E192.18739
G0 F15000 X206.713 Y157.63
G1 F991.8 X204.231 Y155.148 E192.30413
G0 F15000 X198.54 Y157.381
G1 F991.8 X197.629 Y160.781 E192.42121
G0 F15000 X197.741 Y160.717
;MESH:NONMESH
G0 F300 X197.741 Y160.717 Z6.6
G0 F15000 X205.326 Y164.672
;TIME_ELAPSED:419.061672
;LAYER:32
;note -- min layer time used
;TYPE:WALL-INNER
;MESH:WheelAdapter_v7.stl
G1 F1077.2 X208.1 Y159.871 E192.60563
G1 X205.326 Y155.069 E192.79008
G1 X199.782 Y155.069 E192.97447
G1 X197.011 Y159.871 E193.15887
G1 X199.782 Y164.672 E193.34324
G1 X205.326 Y164.672 E193.52763
G0 F15000 X205.557 Y165.072
G1 F1077.2 X208.562 Y159.871 E193.72742
G1 X205.557 Y154.669 E193.92723
G1 X199.551 Y154.669 E194.12699
G1 X196.549 Y159.871 E194.32675
G1 X199.551 Y165.072 E194.52649
G1 X205.557 Y165.072 E194.72625
G0 F15000 X205.788 Y165.472
;TYPE:WALL-OUTER
G1 F1077.2 X209.024 Y159.871 E194.94139
G1 X205.788 Y154.269 E195.15657
G1 X199.32 Y154.269 E195.3717
G1 X196.087 Y159.871 E195.58682
G1 X199.32 Y165.472 E195.80192
G1 X205.788 Y165.472 E196.01705
G0 F15000 X205.621 Y165.179
G0 X205.702 Y163.861
;TYPE:FILL
G1 F1077.2 X202.973 Y164.592 E196.11101
G0 F15000 X197.529 Y160.609
G1 F1077.2 X198.267 Y157.855 E196.20584
G0 F15000 X204.432 Y155.149
G1 F1077.2 X206.441 Y157.159 E196.30036
G0 F15000 X204.791 Y161.813
G0 X203.934 Y162.343
G0 X203.033 Y162.739
G0 X203.02 Y162.477
;TYPE:SKIN
G1 F1077.2 X202.363 Y162.511 E196.32224
G1 X201.716 Y162.38 E196.3442
G1 X201.121 Y162.098 E196.3661
G1 X200.613 Y161.671 E196.38817
G1 X200.233 Y161.139 E196.40992
G1 X199.992 Y160.53 E196.4317
G1 X199.91 Y159.872 E196.45375
G1 X199.992 Y159.214 E196.47581
G1 X200.234 Y158.601 E196.49773
G1 X200.612 Y158.07 E196.51941
G1 X201.121 Y157.646 E196.54144
G1 X201.713 Y157.363 E196.56327
G1 X202.363 Y157.23 E196.58533
G1 X203.02 Y157.267 E196.60722
G1 X203.649 Y157.46 E196.6291
G1 X204.596 Y158.04 E196.66604
G1 X204.596 Y161.7 E196.78777
G1 X203.648 Y162.28 E196.82473
G1 X203.02 Y162.477 E196.84662
G0 F15000 X203.033 Y162.739
G0 X202.115 Y162.668
G0 X201.654 Y162.574
G0 X201.014 Y162.267
G0 X200.47 Y161.812
G0 X199.83 Y160.828
G0 X200.258 Y160.66
G1 F1077.2 X201.788 Y162.19 E196.91859
G0 F15000 X202.469 Y162.305
G1 F1077.2 X200.123 Y159.959 E197.02894
G0 F15000 X200.165 Y159.436
G1 F1077.2 X203.002 Y162.273 E197.16238
G0 F15000 X203.433 Y162.138
G1 F1077.2 X200.292 Y158.997 E197.31013
G0 F15000 X200.472 Y158.611
G1 F1077.2 X203.809 Y161.948 E197.46709
G0 F15000 X204.159 Y161.733
G1 F1077.2 X200.707 Y158.281 E197.62946
G0 F15000 X201 Y158.008
G1 F1077.2 X204.396 Y161.404 E197.7892
G0 F15000 X204.396 Y160.839
G1 F1077.2 X201.327 Y157.77 E197.93355
G0 F15000 X201.71 Y157.587
G1 F1077.2 X204.396 Y160.273 E198.0599
G0 F15000 X204.396 Y159.707
G1 F1077.2 X202.164 Y157.475 E198.16488
G0 F15000 X202.704 Y157.449
G1 F1077.2 X204.396 Y159.141 E198.24447
G0 F15000 X204.396 Y158.576
G1 F1077.2 X203.42 Y157.599 E198.2904
G0 F15000 X203.645 Y156.874
;MESH:NONMESH
G0 F300 X203.645 Y156.874 Z6.8
G0 F15000 X204.791 Y157.933
G0 X205.326 Y164.672
;TIME_ELAPSED:431.450507
;LAYER:33
;note -- min layer time used
;TYPE:WALL-INNER
;MESH:WheelAdapter_v7.stl
G1 F1064.7 X208.1 Y159.871 E198.47482
G1 X205.326 Y155.069 E198.65927
G1 X199.782 Y155.069 E198.84366
G1 X197.011 Y159.871 E199.02806
G1 X199.782 Y164.672 E199.21243
G1 X205.326 Y164.672 E199.39683
G0 F15000 X205.557 Y165.072
G1 F1064.7 X208.562 Y159.871 E199.59661
G1 X205.557 Y154.669 E199.79642
G1 X199.551 Y154.669 E199.99618
G1 X196.549 Y159.871 E200.19595
G1 X199.551 Y165.072 E200.39568
G1 X205.557 Y165.072 E200.59544
G0 F15000 X205.788 Y165.472
;TYPE:WALL-OUTER
G1 F1064.7 X209.024 Y159.871 E200.81059
G1 X205.788 Y154.269 E201.02576
G1 X199.32 Y154.269 E201.24089
G1 X196.087 Y159.871 E201.45602
G1 X199.32 Y165.472 E201.67111
G1 X205.788 Y165.472 E201.88624
G0 F15000 X205.621 Y165.179
G0 X205.602 Y164.035
;TYPE:FILL
G1 F1064.7 X203.521 Y164.592 E201.95789
G0 F15000 X197.429 Y160.435
G1 F1064.7 X197.993 Y158.33 E202.03037
G0 F15000 X204.632 Y155.149
G1 F1064.7 X206.167 Y156.684 E202.10257
G0 F15000 X204.791 Y161.813
G0 X203.934 Y162.343
G0 X203.033 Y162.739
G0 X203.02 Y162.477
;TYPE:SKIN
G1 F1064.7 X202.363 Y162.511 E202.12445
G1 X201.716 Y162.38 E202.14641
G1 X201.121 Y162.098 E202.16831
G1 X200.613 Y161.671 E202.19038
G1 X200.233 Y161.139 E202.21213
G1 X199.992 Y160.53 E202.23391
G1 X199.91 Y159.872 E202.25597
G1 X199.992 Y159.214 E202.27802
G1 X200.234 Y158.601 E202.29994
G1 X200.612 Y158.07 E202.32162
G1 X201.121 Y157.646 E202.34365
G1 X201.713 Y157.363 E202.36548
G1 X202.363 Y157.23 E202.38754
G1 X203.02 Y157.267 E202.40943
G1 X203.649 Y157.46 E202.43131
G1 X204.596 Y158.04 E202.46825
G1 X204.596 Y161.7 E202.58998
G1 X203.648 Y162.28 E202.62694
G1 X203.02 Y162.477 E202.64884
G0 F15000 X203.033 Y162.739
G0 X203.733 Y162.467
G0 X204.791 Y161.813
G0 X204.857 Y161.037
G0 X204.396 Y161.037
G1 F1064.7 X203.231 Y162.202 E202.70363
G0 F15000 X202.566 Y162.301
G1 F1064.7 X204.396 Y160.472 E202.78969
G0 F15000 X204.396 Y159.906
G1 F1064.7 X202.056 Y162.246 E202.89975
G0 F15000 X201.622 Y162.114
G1 F1064.7 X204.396 Y159.34 E203.03023
G0 F15000 X204.396 Y158.774
G1 F1064.7 X201.238 Y161.932 E203.17878
G0 F15000 X200.929 Y161.676
G1 F1064.7 X204.396 Y158.209 E203.34185
G0 F15000 X204.08 Y157.958
G1 F1064.7 X200.655 Y161.384 E203.50298
G0 F15000 X200.419 Y161.054
G1 F1064.7 X203.729 Y157.744 E203.65867
G0 F15000 X203.335 Y157.572
G1 F1064.7 X200.255 Y160.652 E203.80355
G0 F15000 X200.152 Y160.19
G1 F1064.7 X202.883 Y157.459 E203.932
G0 F15000 X202.337 Y157.439
G1 F1064.7 X200.142 Y159.634 E204.03525
G0 F15000 X200.345 Y158.866
G1 F1064.7 X201.546 Y157.664 E204.09176
G0 F15000 X201.218 Y156.981
;MESH:NONMESH
G0 F300 X201.218 Y156.981 Z7
G0 F15000 X203.058 Y157.069
G0 X203.733 Y157.279
G0 X204.791 Y157.933
G0 X205.326 Y164.672
;TIME_ELAPSED:443.920549
;LAYER:34
;note -- min layer time used
;TYPE:WALL-INNER
;MESH:WheelAdapter_v7.stl
G1 F1054 X208.1 Y159.871 E204.27618
G1 X205.326 Y155.069 E204.46063
G1 X199.782 Y155.069 E204.64503
G1 X197.011 Y159.871 E204.82943
G1 X199.782 Y164.672 E205.0138
G1 X205.326 Y164.672 E205.19819
G0 F15000 X205.557 Y165.072
G1 F1054 X208.562 Y159.871 E205.39798
G1 X205.557 Y154.669 E205.59779
G1 X199.551 Y154.669 E205.79755
G1 X196.549 Y159.871 E205.99731
G1 X199.551 Y165.072 E206.19704
G1 X205.557 Y165.072 E206.3968
G0 F15000 X205.788 Y165.472
;TYPE:WALL-OUTER
G1 F1054 X209.024 Y159.871 E206.61195
G1 X205.788 Y154.269 E206.82713
G1 X199.32 Y154.269 E207.04225
G1 X196.087 Y159.871 E207.25738
G1 X199.32 Y165.472 E207.47248
G1 X205.788 Y165.472 E207.6876
G0 F15000 X205.621 Y165.179
G0 X205.502 Y164.207
;TYPE:FILL
G1 F1054 X204.066 Y164.592 E207.73705
G0 F15000 X197.329 Y160.262
G1 F1054 X197.72 Y158.803 E207.78729
G0 F15000 X204.832 Y155.149
G1 F1054 X205.894 Y156.211 E207.83724
G0 F15000 X204.791 Y161.813
G0 X203.934 Y162.343
G0 X203.033 Y162.739
G0 X203.02 Y162.477
;TYPE:SKIN
G1 F1054 X202.363 Y162.511 E207.85912
G1 X201.716 Y162.38 E207.88108
G1 X201.121 Y162.098 E207.90298
G1 X200.613 Y161.671 E207.92505
G1 X200.233 Y161.139 E207.9468
G1 X199.992 Y160.53 E207.96858
G1 X199.91 Y159.872 E207.99064
G1 X199.992 Y159.214 E208.01269
G1 X200.234 Y158.601 E208.03461
G1 X200.612 Y158.07 E208.05629
G1 X201.121 Y157.646 E208.07832
G1 X201.713 Y157.363 E208.10015
G1 X202.363 Y157.23 E208.12221
G1 X203.02 Y157.267 E208.1441
G1 X203.649 Y157.46 E208.16598
G1 X204.596 Y158.04 E208.20292
G1 X204.596 Y161.7 E208.32465
G1 X203.648 Y162.28 E208.36161
G1 X203.02 Y162.477 E208.38351
G0 F15000 X203.033 Y162.739
G0 X202.115 Y162.668
G0 X201.654 Y162.574
G0 X201.014 Y162.267
G0 X200.47 Y161.812
G0 X199.83 Y160.828
G0 X200.258 Y160.66
G1 F1054 X201.788 Y162.19 E208.45547
G0 F15000 X202.469 Y162.305
G1 F1054 X200.123 Y159.959 E208.56582
G0 F15000 X200.165 Y159.436
G1 F1054 X203.002 Y162.273 E208.69926
G0 F15000 X203.433 Y162.138
G1 F1054 X200.292 Y158.997 E208.84701
G0 F15000 X200.472 Y158.611
G1 F1054 X203.809 Y161.948 E209.00397
G0 F15000 X204.159 Y161.733
G1 F1054 X200.707 Y158.281 E209.16634
G0 F15000 X201 Y158.008
G1 F1054 X204.396 Y161.404 E209.32608
G0 F15000 X204.396 Y160.839
G1 F1054 X201.327 Y157.77 E209.47043
G0 F15000 X201.71 Y157.587
G1 F1054 X204.396 Y160.273 E209.59678
G0 F15000 X204.396 Y159.707
G1 F1054 X202.164 Y157.475 E209.70176
G0 F15000 X202.704 Y157.449
G1 F1054 X204.396 Y159.141 E209.78135
G0 F15000 X204.396 Y158.576
G1 F1054 X203.42 Y157.599 E209.82728
G0 F15000 X203.645 Y156.874
;MESH:NONMESH
G0 F300 X203.645 Y156.874 Z7.2
G0 F15000 X204.791 Y157.933
G0 X205.326 Y164.672
;TIME_ELAPSED:456.324427
;LAYER:35
;note -- min layer time used
;TYPE:WALL-INNER
;MESH:WheelAdapter_v7.stl
G1 F1041.5 X208.1 Y159.871 E210.0117
G1 X205.326 Y155.069 E210.19615
G1 X199.782 Y155.069 E210.38054
G1 X197.011 Y159.871 E210.56494
G1 X199.782 Y164.672 E210.74931
G1 X205.326 Y164.672 E210.93371
G0 F15000 X205.557 Y165.072
G1 F1041.5 X208.562 Y159.871 E211.13349
G1 X205.557 Y154.669 E211.3333
G1 X199.551 Y154.669 E211.53306
G1 X196.549 Y159.871 E211.73283
G1 X199.551 Y165.072 E211.93256
G1 X205.557 Y165.072 E212.13232
G0 F15000 X205.788 Y165.472
;TYPE:WALL-OUTER
G1 F1041.5 X209.024 Y159.871 E212.34747
G1 X205.788 Y154.269 E212.56264
G1 X199.32 Y154.269 E212.77777
G1 X196.087 Y159.871 E212.9929
G1 X199.32 Y165.472 E213.20799
G1 X205.788 Y165.472 E213.42312
G0 F15000 X205.621 Y165.179
G0 X205.402 Y164.381
;TYPE:FILL
G1 F1041.5 X204.615 Y164.592 E213.45022
G0 F15000 X197.228 Y160.088
G1 F1041.5 X197.446 Y159.278 E213.47812
G0 F15000 X205.033 Y155.149
G1 F1041.5 X205.619 Y155.735 E213.50568
G0 F15000 X204.791 Y161.813
G0 X203.934 Y162.343
G0 X203.033 Y162.739
G0 X203.02 Y162.477
;TYPE:SKIN
G1 F1041.5 X202.363 Y162.511 E213.52756
G1 X201.716 Y162.38 E213.54952
G1 X201.121 Y162.098 E213.57142
G1 X200.613 Y161.671 E213.59349
G1 X200.233 Y161.139 E213.61524
G1 X199.992 Y160.53 E213.63702
G1 X199.91 Y159.872 E213.65907
G1 X199.992 Y159.214 E213.68113
G1 X200.234 Y158.601 E213.70305
G1 X200.612 Y158.07 E213.72473
G1 X201.121 Y157.646 E213.74676
G1 X201.713 Y157.363 E213.76859
G1 X202.363 Y157.23 E213.79065
G1 X203.02 Y157.267 E213.81254
G1 X203.649 Y157.46 E213.83442
G1 X204.596 Y158.04 E213.87136
G1 X204.596 Y161.7 E213.99309
G1 X203.648 Y162.28 E214.03005
G1 X203.02 Y162.477 E214.05194
G0 F15000 X203.033 Y162.739
G0 X203.733 Y162.467
G0 X204.791 Y161.813
G0 X204.857 Y161.037
G0 X204.396 Y161.037
G1 F1041.5 X203.231 Y162.202 E214.10674
G0 F15000 X202.566 Y162.301
G1 F1041.5 X204.396 Y160.472 E214.1928
G0 F15000 X204.396 Y159.906
G1 F1041.5 X202.056 Y162.246 E214.30286
G0 F15000 X201.622 Y162.114
G1 F1041.5 X204.396 Y159.34 E214.43334
G0 F15000 X204.396 Y158.774
G1 F1041.5 X201.238 Y161.932 E214.58189
G0 F15000 X200.929 Y161.676
G1 F1041.5 X204.396 Y158.209 E214.74496
G0 F15000 X204.08 Y157.958
G1 F1041.5 X200.655 Y161.384 E214.90609
G0 F15000 X200.419 Y161.054
G1 F1041.5 X203.729 Y157.744 E215.06178
G0 F15000 X203.335 Y157.572
G1 F1041.5 X200.255 Y160.652 E215.20665
G0 F15000 X200.152 Y160.19
G1 F1041.5 X202.883 Y157.459 E215.33511
G0 F15000 X202.337 Y157.439
G1 F1041.5 X200.142 Y159.634 E215.43836
G0 F15000 X200.345 Y158.866
G1 F1041.5 X201.546 Y157.664 E215.49487
G0 F15000 X201.218 Y156.981
;MESH:NONMESH
G0 F300 X201.218 Y156.981 Z7.4
G0 F15000 X203.058 Y157.069
G0 X203.733 Y157.279
G0 X204.791 Y157.933
G0 X205.326 Y164.672
;TIME_ELAPSED:468.809937
;LAYER:36
;note -- min layer time used
;TYPE:WALL-INNER
;MESH:WheelAdapter_v7.stl
G1 F659.3 X208.1 Y159.871 E215.67929
G1 X205.326 Y155.069 E215.86374
G1 X199.782 Y155.069 E216.04814
G1 X197.011 Y159.871 E216.23254
G1 X199.782 Y164.672 E216.41691
G1 X205.326 Y164.672 E216.6013
G0 F15000 X205.557 Y165.072
G1 F659.3 X208.562 Y159.871 E216.80108
G1 X205.557 Y154.669 E217.0009
G1 X199.551 Y154.669 E217.20066
G1 X196.549 Y159.871 E217.40042
G1 X199.551 Y165.072 E217.60015
G1 X205.557 Y165.072 E217.79991
G0 F15000 X205.788 Y165.472
;TYPE:WALL-OUTER
G1 F659.3 X209.024 Y159.871 E218.01506
G1 X205.788 Y154.269 E218.23024
G1 X199.32 Y154.269 E218.44536
G1 X196.087 Y159.871 E218.66049
G1 X199.32 Y165.472 E218.87559
G1 X205.788 Y165.472 E219.09071
G0 F15000 X205.621 Y165.179
G0 X205.302 Y164.554
;TYPE:FILL
G1 F659.3 X205.16 Y164.592 E219.0956
G0 F15000 X197.129 Y159.916
G1 F659.3 X197.173 Y159.751 E219.10128
G0 F15000 X205.232 Y155.149
G1 F659.3 X205.347 Y155.264 E219.10669
G0 F15000 X205.236 Y155.327
;MESH:NONMESH
G0 F300 X205.236 Y155.327 Z7.6
G0 F15000 X205.326 Y164.672
;TIME_ELAPSED:479.770560
;LAYER:37
;note -- min layer time used
;TYPE:WALL-INNER
;MESH:WheelAdapter_v7.stl
G1 F651.7 X208.1 Y159.871 E219.29111
G1 X205.326 Y155.069 E219.47556
G1 X199.782 Y155.069 E219.65995
G1 X197.011 Y159.871 E219.84435
G1 X199.782 Y164.672 E220.02872
G1 X205.326 Y164.672 E220.21312
G0 F15000 X205.557 Y165.072
G1 F651.7 X208.562 Y159.871 E220.4129
G1 X205.557 Y154.669 E220.61271
G1 X199.551 Y154.669 E220.81247
G1 X196.549 Y159.871 E221.01224
G1 X199.551 Y165.072 E221.21197
G1 X205.557 Y165.072 E221.41173
G0 F15000 X205.788 Y165.472
;TYPE:WALL-OUTER
G1 F651.7 X209.024 Y159.871 E221.62688
G1 X205.788 Y154.269 E221.84205
G1 X199.32 Y154.269 E222.05718
G1 X196.087 Y159.871 E222.27231
G1 X199.32 Y165.472 E222.4874
G1 X205.788 Y165.472 E222.70253
G0 F15000 X205.24 Y164.465
;MESH:NONMESH
G0 F300 X205.24 Y164.465 Z7.8
G0 F15000 X205.326 Y164.672
;TIME_ELAPSED:490.019720
;LAYER:38
;note -- min layer time used
;TYPE:WALL-INNER
;MESH:WheelAdapter_v7.stl
G1 F649.3 X208.1 Y159.871 E222.88695
G1 X205.326 Y155.069 E223.0714
G1 X199.782 Y155.069 E223.25579
G1 X197.011 Y159.871 E223.44019
G1 X199.782 Y164.672 E223.62456
G1 X205.326 Y164.672 E223.80896
G0 F15000 X205.557 Y165.072
G1 F649.3 X208.562 Y159.871 E224.00874
G1 X205.557 Y154.669 E224.20855
G1 X199.551 Y154.669 E224.40831
G1 X196.549 Y159.871 E224.60808
G1 X199.551 Y165.072 E224.80781
G1 X205.557 Y165.072 E225.00757
G0 F15000 X205.788 Y165.472
;TYPE:WALL-OUTER
G1 F649.3 X209.024 Y159.871 E225.22272
G1 X205.788 Y154.269 E225.43789
G1 X199.32 Y154.269 E225.65302
G1 X196.087 Y159.871 E225.86814
G1 X199.32 Y165.472 E226.08324
G1 X205.788 Y165.472 E226.29837
G0 F15000 X205.24 Y164.465
;MESH:NONMESH
G0 F300 X205.24 Y164.465 Z8
G0 F15000 X205.326 Y164.672
;TIME_ELAPSED:500.305074
;LAYER:39
;note -- min layer time used
;TYPE:WALL-INNER
;MESH:WheelAdapter_v7.stl
G1 F649.3 X208.1 Y159.871 E226.48279
G1 X205.326 Y155.069 E226.66724
G1 X199.782 Y155.069 E226.85163
G1 X197.011 Y159.871 E227.03603
G1 X199.782 Y164.672 E227.2204
G1 X205.326 Y164.672 E227.4048
G0 F15000 X205.557 Y165.072
G1 F649.3 X208.562 Y159.871 E227.60458
G1 X205.557 Y154.669 E227.80439
G1 X199.551 Y154.669 E228.00415
G1 X196.549 Y159.871 E228.20391
G1 X199.551 Y165.072 E228.40365
G1 X205.557 Y165.072 E228.60341
G0 F15000 X205.788 Y165.472
;TYPE:WALL-OUTER
G1 F649.3 X209.024 Y159.871 E228.81856
G1 X205.788 Y154.269 E229.03373
G1 X199.32 Y154.269 E229.24886
G1 X196.087 Y159.871 E229.46398
G1 X199.32 Y165.472 E229.67908
G1 X205.788 Y165.472 E229.89421
G0 F15000 X205.24 Y164.465
;MESH:NONMESH
G0 F300 X205.24 Y164.465 Z8.2
G0 F15000 X205.326 Y164.672
;TIME_ELAPSED:510.590427
;LAYER:40
;note -- min layer time used
;TYPE:WALL-INNER
;MESH:WheelAdapter_v7.stl
G1 F649.3 X208.1 Y159.871 E230.07863
G1 X205.326 Y155.069 E230.26308
G1 X199.782 Y155.069 E230.44747
G1 X197.011 Y159.871 E230.63187
G1 X199.782 Y164.672 E230.81624
G1 X205.326 Y164.672 E231.00063
G0 F15000 X205.557 Y165.072
G1 F649.3 X208.562 Y159.871 E231.20042
G1 X205.557 Y154.669 E231.40023
G1 X199.551 Y154.669 E231.59999
G1 X196.549 Y159.871 E231.79975
G1 X199.551 Y165.072 E231.99949
G1 X205.557 Y165.072 E232.19925
G0 F15000 X205.788 Y165.472
;TYPE:WALL-OUTER
G1 F649.3 X209.024 Y159.871 E232.41439
G1 X205.788 Y154.269 E232.62957
G1 X199.32 Y154.269 E232.8447
G1 X196.087 Y159.871 E233.05982
G1 X199.32 Y165.472 E233.27492
G1 X205.788 Y165.472 E233.49005
G0 F15000 X205.24 Y164.465
;MESH:NONMESH
G0 F300 X205.24 Y164.465 Z8.4
G0 F15000 X205.326 Y164.672
;TIME_ELAPSED:520.875780
;LAYER:41
;note -- min layer time used
;TYPE:WALL-INNER
;MESH:WheelAdapter_v7.stl
G1 F649.3 X208.1 Y159.871 E233.67447
G1 X205.326 Y155.069 E233.85892
G1 X199.782 Y155.069 E234.04331
G1 X197.011 Y159.871 E234.22771
G1 X199.782 Y164.672 E234.41208
G1 X205.326 Y164.672 E234.59647
G0 F15000 X205.557 Y165.072
G1 F649.3 X208.562 Y159.871 E234.79626
G1 X205.557 Y154.669 E234.99607
G1 X199.551 Y154.669 E235.19583
G1 X196.549 Y159.871 E235.39559
G1 X199.551 Y165.072 E235.59533
G1 X205.557 Y165.072 E235.79509
G0 F15000 X205.788 Y165.472
;TYPE:WALL-OUTER
G1 F649.3 X209.024 Y159.871 E236.01023
G1 X205.788 Y154.269 E236.22541
G1 X199.32 Y154.269 E236.44054
G1 X196.087 Y159.871 E236.65566
G1 X199.32 Y165.472 E236.87076
G1 X205.788 Y165.472 E237.08588
G0 F15000 X205.24 Y164.465
;MESH:NONMESH
G0 F300 X205.24 Y164.465 Z8.6
G0 F15000 X205.326 Y164.672
;TIME_ELAPSED:531.161134
;LAYER:42
;note -- min layer time used
;TYPE:WALL-INNER
;MESH:WheelAdapter_v7.stl
G1 F649.3 X208.1 Y159.871 E237.2703
G1 X205.326 Y155.069 E237.45475
G1 X199.782 Y155.069 E237.63915
G1 X197.011 Y159.871 E237.82355
G1 X199.782 Y164.672 E238.00792
G1 X205.326 Y164.672 E238.19231
G0 F15000 X205.557 Y165.072
G1 F649.3 X208.562 Y159.871 E238.3921
G1 X205.557 Y154.669 E238.59191
G1 X199.551 Y154.669 E238.79167
G1 X196.549 Y159.871 E238.99143
G1 X199.551 Y165.072 E239.19116
G1 X205.557 Y165.072 E239.39093
G0 F15000 X205.788 Y165.472
;TYPE:WALL-OUTER
G1 F649.3 X209.024 Y159.871 E239.60607
G1 X205.788 Y154.269 E239.82125
G1 X199.32 Y154.269 E240.03637
G1 X196.087 Y159.871 E240.2515
G1 X199.32 Y165.472 E240.4666
G1 X205.788 Y165.472 E240.68172
G0 F15000 X205.24 Y164.465
;MESH:NONMESH
G0 F300 X205.24 Y164.465 Z8.8
G0 F15000 X205.326 Y164.672
;TIME_ELAPSED:541.446487
;LAYER:43
;note -- min layer time used
;TYPE:WALL-INNER
;MESH:WheelAdapter_v7.stl
G1 F649.3 X208.1 Y159.871 E240.86614
G1 X205.326 Y155.069 E241.05059
G1 X199.782 Y155.069 E241.23499
G1 X197.011 Y159.871 E241.41939
G1 X199.782 Y164.672 E241.60376
G1 X205.326 Y164.672 E241.78815
G0 F15000 X205.557 Y165.072
G1 F649.3 X208.562 Y159.871 E241.98793
G1 X205.557 Y154.669 E242.18775
G1 X199.551 Y154.669 E242.38751
G1 X196.549 Y159.871 E242.58727
G1 X199.551 Y165.072 E242.787
G1 X205.557 Y165.072 E242.98676
G0 F15000 X205.788 Y165.472
;TYPE:WALL-OUTER
G1 F649.3 X209.024 Y159.871 E243.20191
G1 X205.788 Y154.269 E243.41709
G1 X199.32 Y154.269 E243.63221
G1 X196.087 Y159.871 E243.84734
G1 X199.32 Y165.472 E244.06244
G1 X205.788 Y165.472 E244.27756
G0 F15000 X205.24 Y164.465
;MESH:NONMESH
G0 F300 X205.24 Y164.465 Z9
G0 F15000 X205.326 Y164.672
;TIME_ELAPSED:551.731840
;LAYER:44
;note -- min layer time used
;TYPE:WALL-INNER
;MESH:WheelAdapter_v7.stl
G1 F649.3 X208.1 Y159.871 E244.46198
G1 X205.326 Y155.069 E244.64643
G1 X199.782 Y155.069 E244.83083
G1 X197.011 Y159.871 E245.01523
G1 X199.782 Y164.672 E245.1996
G1 X205.326 Y164.672 E245.38399
G0 F15000 X205.557 Y165.072
G1 F649.3 X208.562 Y159.871 E245.58377
G1 X205.557 Y154.669 E245.78359
G1 X199.551 Y154.669 E245.98335
G1 X196.549 Y159.871 E246.18311
G1 X199.551 Y165.072 E246.38284
G1 X205.557 Y165.072 E246.5826
G0 F15000 X205.788 Y165.472
;TYPE:WALL-OUTER
G1 F649.3 X209.024 Y159.871 E246.79775
G1 X205.788 Y154.269 E247.01293
G1 X199.32 Y154.269 E247.22805
G1 X196.087 Y159.871 E247.44318
G1 X199.32 Y165.472 E247.65827
G1 X205.788 Y165.472 E247.8734
G0 F15000 X205.24 Y164.465
;MESH:NONMESH
G0 F300 X205.24 Y164.465 Z9.2
G0 F15000 X205.326 Y164.672
;TIME_ELAPSED:562.017193
;LAYER:45
;note -- min layer time used
;TYPE:WALL-INNER
;MESH:WheelAdapter_v7.stl
G1 F649.3 X208.1 Y159.871 E248.05782
G1 X205.326 Y155.069 E248.24227
G1 X199.782 Y155.069 E248.42666
G1 X197.011 Y159.871 E248.61106
G1 X199.782 Y164.672 E248.79543
G1 X205.326 Y164.672 E248.97983
G0 F15000 X205.557 Y165.072
G1 F649.3 X208.562 Y159.871 E249.17961
G1 X205.557 Y154.669 E249.37942
G1 X199.551 Y154.669 E249.57919
G1 X196.549 Y159.871 E249.77895
G1 X199.551 Y165.072 E249.97868
G1 X205.557 Y165.072 E250.17844
G0 F15000 X205.788 Y165.472
;TYPE:WALL-OUTER
G1 F649.3 X209.024 Y159.871 E250.39359
G1 X205.788 Y154.269 E250.60876
G1 X199.32 Y154.269 E250.82389
G1 X196.087 Y159.871 E251.03902
G1 X199.32 Y165.472 E251.25411
G1 X205.788 Y165.472 E251.46924
G0 F15000 X205.24 Y164.465
;MESH:NONMESH
G0 F300 X205.24 Y164.465 Z9.4
G0 F15000 X205.326 Y164.672
;TIME_ELAPSED:572.302547
;LAYER:46
;note -- min layer time used
;TYPE:WALL-INNER
;MESH:WheelAdapter_v7.stl
G1 F649.3 X208.1 Y159.871 E251.65366
G1 X205.326 Y155.069 E251.83811
G1 X199.782 Y155.069 E252.0225
G1 X197.011 Y159.871 E252.2069
G1 X199.782 Y164.672 E252.39127
G1 X205.326 Y164.672 E252.57567
G0 F15000 X205.557 Y165.072
G1 F649.3 X208.562 Y159.871 E252.77545
G1 X205.557 Y154.669 E252.97526
G1 X199.551 Y154.669 E253.17502
G1 X196.549 Y159.871 E253.37479
G1 X199.551 Y165.072 E253.57452
G1 X205.557 Y165.072 E253.77428
G0 F15000 X205.788 Y165.472
;TYPE:WALL-OUTER
G1 F649.3 X209.024 Y159.871 E253.98943
G1 X205.788 Y154.269 E254.2046
G1 X199.32 Y154.269 E254.41973
G1 X196.087 Y159.871 E254.63486
G1 X199.32 Y165.472 E254.84995
G1 X205.788 Y165.472 E255.06508
G0 F15000 X205.24 Y164.465
;MESH:NONMESH
G0 F300 X205.24 Y164.465 Z9.6
G0 F15000 X205.326 Y164.672
;TIME_ELAPSED:582.587900
;LAYER:47
;note -- min layer time used
;TYPE:WALL-INNER
;MESH:WheelAdapter_v7.stl
G1 F660.1 X208.1 Y159.871 E255.2495
G1 X205.326 Y155.069 E255.43395
G1 X199.782 Y155.069 E255.61834
G1 X197.011 Y159.871 E255.80274
G1 X199.782 Y164.672 E255.98711
G1 X205.326 Y164.672 E256.17151
G0 F15000 X205.557 Y165.072
G1 F660.1 X208.562 Y159.871 E256.37129
G1 X205.557 Y154.669 E256.5711
G1 X199.551 Y154.669 E256.77086
G1 X196.549 Y159.871 E256.97063
G1 X199.551 Y165.072 E257.17036
G1 X205.557 Y165.072 E257.37012
G0 F15000 X205.788 Y165.472
;TYPE:WALL-OUTER
G1 F660.1 X209.024 Y159.871 E257.58527
G1 X205.788 Y154.269 E257.80044
G1 X199.32 Y154.269 E258.01557
G1 X196.087 Y159.871 E258.23069
G1 X199.32 Y165.472 E258.44579
G1 X205.788 Y165.472 E258.66092
G0 F15000 X205.621 Y165.179
G0 X207.906 Y160.048
;TYPE:FILL
G1 F660.1 X207.97 Y159.807 E258.66921
G0 F15000 X200.049 Y155.149
G1 F660.1 X199.789 Y155.219 E258.67817
G0 F15000 X199.724 Y164.411
G1 F660.1 X199.905 Y164.592 E258.68668
G0 F15000 X199.905 Y164.465
;MESH:NONMESH
G0 F300 X199.905 Y164.465 Z9.8
G0 F15000 X205.326 Y164.672
;TIME_ELAPSED:593.637957
;LAYER:48
;note -- min layer time used
;TYPE:WALL-INNER
;MESH:WheelAdapter_v7.stl
G1 F673.1 X208.1 Y159.871 E258.8711
G1 X205.326 Y155.069 E259.05555
G1 X199.782 Y155.069 E259.23994
G1 X197.011 Y159.871 E259.42434
G1 X199.782 Y164.672 E259.60871
G1 X205.326 Y164.672 E259.79311
G0 F15000 X205.557 Y165.072
G1 F673.1 X208.562 Y159.871 E259.99289
G1 X205.557 Y154.669 E260.1927
G1 X199.551 Y154.669 E260.39246
G1 X196.549 Y159.871 E260.59223
G1 X199.551 Y165.072 E260.79196
G1 X205.557 Y165.072 E260.99172
G0 F15000 X205.788 Y165.472
;TYPE:WALL-OUTER
G1 F673.1 X209.024 Y159.871 E261.20687
G1 X205.788 Y154.269 E261.42204
G1 X199.32 Y154.269 E261.63717
G1 X196.087 Y159.871 E261.8523
G1 X199.32 Y165.472 E262.06739
G1 X205.788 Y165.472 E262.28252
G0 F15000 X205.621 Y165.179
G0 X207.633 Y160.52
;TYPE:FILL
G1 F673.1 X207.871 Y159.634 E262.31303
G0 F15000 X200.594 Y155.149
G1 F673.1 X199.69 Y155.391 E262.34416
G0 F15000 X199.451 Y163.939
G1 F673.1 X200.104 Y164.592 E262.37487
G0 F15000 X200.104 Y164.465
;MESH:NONMESH
G0 F300 X200.104 Y164.465 Z10
G0 F15000 X205.326 Y164.672
;TIME_ELAPSED:604.643404
;LAYER:49
;note -- min layer time used
;TYPE:WALL-INNER
;MESH:WheelAdapter_v7.stl
G1 F684.8 X208.1 Y159.871 E262.55929
G1 X205.326 Y155.069 E262.74374
G1 X199.782 Y155.069 E262.92814
G1 X197.011 Y159.871 E263.11254
G1 X199.782 Y164.672 E263.29691
G1 X205.326 Y164.672 E263.4813
G0 F15000 X205.557 Y165.072
G1 F684.8 X208.562 Y159.871 E263.68108
G1 X205.557 Y154.669 E263.8809
G1 X199.551 Y154.669 E264.08066
G1 X196.549 Y159.871 E264.28042
G1 X199.551 Y165.072 E264.48015
G1 X205.557 Y165.072 E264.67991
G0 F15000 X205.788 Y165.472
;TYPE:WALL-OUTER
G1 F684.8 X209.024 Y159.871 E264.89506
G1 X205.788 Y154.269 E265.11024
G1 X199.32 Y154.269 E265.32536
G1 X196.087 Y159.871 E265.54049
G1 X199.32 Y165.472 E265.75559
G1 X205.788 Y165.472 E265.97071
G0 F15000 X205.621 Y165.179
G0 X207.359 Y160.994
;TYPE:FILL
G1 F684.8 X207.77 Y159.46 E266.02353
G0 F15000 X201.142 Y155.149
G1 F684.8 X199.589 Y155.565 E266.07701
G0 F15000 X199.177 Y163.464
G1 F684.8 X200.305 Y164.592 E266.13006
G0 F15000 X200.305 Y164.465
;MESH:NONMESH
G0 F300 X200.305 Y164.465 Z10.2
G0 F15000 X205.326 Y164.672
;TIME_ELAPSED:615.624267
;LAYER:50
;note -- min layer time used
;TYPE:WALL-INNER
;MESH:WheelAdapter_v7.stl
G1 F696.4 X208.1 Y159.871 E266.31449
G1 X205.326 Y155.069 E266.49893
G1 X199.782 Y155.069 E266.68333
G1 X197.011 Y159.871 E266.86773
G1 X199.782 Y164.672 E267.0521
G1 X205.326 Y164.672 E267.23649
G0 F15000 X205.557 Y165.072
G1 F696.4 X208.562 Y159.871 E267.43628
G1 X205.557 Y154.669 E267.63609
G1 X199.551 Y154.669 E267.83585
G1 X196.549 Y159.871 E268.03561
G1 X199.551 Y165.072 E268.23535
G1 X205.557 Y165.072 E268.43511
G0 F15000 X205.788 Y165.472
;TYPE:WALL-OUTER
G1 F696.4 X209.024 Y159.871 E268.65025
G1 X205.788 Y154.269 E268.86543
G1 X199.32 Y154.269 E269.08055
G1 X196.087 Y159.871 E269.29568
G1 X199.32 Y165.472 E269.51078
G1 X205.788 Y165.472 E269.7259
G0 F15000 X205.621 Y165.179
G0 X207.087 Y161.465
;TYPE:FILL
G1 F696.4 X207.671 Y159.288 E269.80087
G0 F15000 X201.688 Y155.149
G1 F696.4 X199.489 Y155.738 E269.87659
G0 F15000 X198.905 Y162.992
G1 F696.4 X200.504 Y164.592 E269.95182
G0 F15000 X200.504 Y164.465
;MESH:NONMESH
G0 F300 X200.504 Y164.465 Z10.4
G0 F15000 X205.326 Y164.672
;TIME_ELAPSED:626.579430
;LAYER:51
;note -- min layer time used
;TYPE:WALL-INNER
;MESH:WheelAdapter_v7.stl
G1 F707.9 X208.1 Y159.871 E270.13624
G1 X205.326 Y155.069 E270.32069
G1 X199.782 Y155.069 E270.50509
G1 X197.011 Y159.871 E270.68949
G1 X199.782 Y164.672 E270.87386
G1 X205.326 Y164.672 E271.05825
G0 F15000 X205.557 Y165.072
G1 F707.9 X208.562 Y159.871 E271.25804
G1 X205.557 Y154.669 E271.45785
G1 X199.551 Y154.669 E271.65761
G1 X196.549 Y159.871 E271.85737
G1 X199.551 Y165.072 E272.0571
G1 X205.557 Y165.072 E272.25686
G0 F15000 X205.788 Y165.472
;TYPE:WALL-OUTER
G1 F707.9 X209.024 Y159.871 E272.47201
G1 X205.788 Y154.269 E272.68719
G1 X199.32 Y154.269 E272.90231
G1 X196.087 Y159.871 E273.11744
G1 X199.32 Y165.472 E273.33254
G1 X205.788 Y165.472 E273.54766
G0 F15000 X205.621 Y165.179
G0 X206.815 Y161.936
;TYPE:FILL
G1 F707.9 X207.571 Y159.115 E273.6448
G0 F15000 X202.232 Y155.149
G1 F707.9 X199.39 Y155.911 E273.74266
G0 F15000 X198.633 Y162.521
G1 F707.9 X200.704 Y164.592 E273.84008
G0 F15000 X200.704 Y164.465
;MESH:NONMESH
G0 F300 X200.704 Y164.465 Z10.6
G0 F15000 X205.326 Y164.672
;TIME_ELAPSED:637.507360
;LAYER:52
;note -- min layer time used
;TYPE:WALL-INNER
;MESH:WheelAdapter_v7.stl
G1 F719.6 X208.1 Y159.871 E274.0245
G1 X205.326 Y155.069 E274.20895
G1 X199.782 Y155.069 E274.39334
G1 X197.011 Y159.871 E274.57774
G1 X199.782 Y164.672 E274.76211
G1 X205.326 Y164.672 E274.94651
G0 F15000 X205.557 Y165.072
G1 F719.6 X208.562 Y159.871 E275.14629
G1 X205.557 Y154.669 E275.3461
G1 X199.551 Y154.669 E275.54586
G1 X196.549 Y159.871 E275.74562
G1 X199.551 Y165.072 E275.94536
G1 X205.557 Y165.072 E276.14512
G0 F15000 X205.788 Y165.472
;TYPE:WALL-OUTER
G1 F719.6 X209.024 Y159.871 E276.36027
G1 X205.788 Y154.269 E276.57544
G1 X199.32 Y154.269 E276.79057
G1 X196.087 Y159.871 E277.00569
G1 X199.32 Y165.472 E277.22079
G1 X205.788 Y165.472 E277.43592
G0 F15000 X205.621 Y165.179
G0 X206.541 Y162.411
;TYPE:FILL
G1 F719.6 X207.47 Y158.941 E277.55539
G0 F15000 X202.781 Y155.149
G1 F719.6 X199.289 Y156.085 E277.67564
G0 F15000 X198.358 Y162.046
G1 F719.6 X200.905 Y164.592 E277.79542
G0 F15000 X200.905 Y164.465
;MESH:NONMESH
G0 F300 X200.905 Y164.465 Z10.8
G0 F15000 X205.326 Y164.672
;TIME_ELAPSED:648.406024
;LAYER:53
;note -- min layer time used
;TYPE:WALL-INNER
;MESH:WheelAdapter_v7.stl
G1 F731.1 X208.1 Y159.871 E277.97984
G1 X205.326 Y155.069 E278.16429
G1 X199.782 Y155.069 E278.34868
G1 X197.011 Y159.871 E278.53308
G1 X199.782 Y164.672 E278.71745
G1 X205.326 Y164.672 E278.90185
G0 F15000 X205.557 Y165.072
G1 F731.1 X208.562 Y159.871 E279.10163
G1 X205.557 Y154.669 E279.30144
G1 X199.551 Y154.669 E279.5012
G1 X196.549 Y159.871 E279.70096
G1 X199.551 Y165.072 E279.9007
G1 X205.557 Y165.072 E280.10046
G0 F15000 X205.788 Y165.472
;TYPE:WALL-OUTER
G1 F731.1 X209.024 Y159.871 E280.31561
G1 X205.788 Y154.269 E280.53078
G1 X199.32 Y154.269 E280.74591
G1 X196.087 Y159.871 E280.96103
G1 X199.32 Y165.472 E281.17613
G1 X205.788 Y165.472 E281.39126
G0 F15000 X205.621 Y165.179
G0 X206.269 Y162.881
;TYPE:FILL
G1 F731.1 X207.371 Y158.768 E281.53288
G0 F15000 X203.326 Y155.149
G1 F731.1 X199.19 Y156.257 E281.6753
G0 F15000 X198.086 Y161.574
G1 F731.1 X201.104 Y164.592 E281.81725
G0 F15000 X201.104 Y164.465
;MESH:NONMESH
G0 F300 X201.104 Y164.465 Z11
G0 F15000 X205.326 Y164.672
;TIME_ELAPSED:659.273507
;LAYER:54
;note -- min layer time used
;TYPE:WALL-INNER
;MESH:WheelAdapter_v7.stl
G1 F742.7 X208.1 Y159.871 E282.00167
G1 X205.326 Y155.069 E282.18612
G1 X199.782 Y155.069 E282.37052
G1 X197.011 Y159.871 E282.55492
G1 X199.782 Y164.672 E282.73929
G1 X205.326 Y164.672 E282.92368
G0 F15000 X205.557 Y165.072
G1 F742.7 X208.562 Y159.871 E283.12346
G1 X205.557 Y154.669 E283.32328
G1 X199.551 Y154.669 E283.52304
G1 X196.549 Y159.871 E283.7228
G1 X199.551 Y165.072 E283.92253
G1 X205.557 Y165.072 E284.12229
G0 F15000 X205.788 Y165.472
;TYPE:WALL-OUTER
G1 F742.7 X209.024 Y159.871 E284.33744
G1 X205.788 Y154.269 E284.55262
G1 X199.32 Y154.269 E284.76774
G1 X196.087 Y159.871 E284.98287
G1 X199.32 Y165.472 E285.19796
G1 X205.788 Y165.472 E285.41309
G0 F15000 X205.621 Y165.179
G0 X205.994 Y163.356
;TYPE:FILL
G1 F742.7 X207.27 Y158.594 E285.57706
G0 F15000 X203.874 Y155.149
G1 F742.7 X199.089 Y156.431 E285.74183
G0 F15000 X197.812 Y161.099
G1 F742.7 X201.305 Y164.592 E285.90613
G0 F15000 X201.305 Y164.465
;MESH:NONMESH
G0 F300 X201.305 Y164.465 Z11.2
G0 F15000 X205.326 Y164.672
;TIME_ELAPSED:670.106732
;LAYER:55
;note -- min layer time used
;TYPE:WALL-INNER
;MESH:WheelAdapter_v7.stl
G1 F754.2 X208.1 Y159.871 E286.09055
G1 X205.326 Y155.069 E286.275
G1 X199.782 Y155.069 E286.45939
G1 X197.011 Y159.871 E286.64379
G1 X199.782 Y164.672 E286.82816
G1 X205.326 Y164.672 E287.01255
G0 F15000 X205.557 Y165.072
G1 F754.2 X208.562 Y159.871 E287.21234
G1 X205.557 Y154.669 E287.41215
G1 X199.551 Y154.669 E287.61191
G1 X196.549 Y159.871 E287.81167
G1 X199.551 Y165.072 E288.01141
G1 X205.557 Y165.072 E288.21117
G0 F15000 X205.788 Y165.472
;TYPE:WALL-OUTER
G1 F754.2 X209.024 Y159.871 E288.42631
G1 X205.788 Y154.269 E288.64149
G1 X199.32 Y154.269 E288.85662
G1 X196.087 Y159.871 E289.07174
G1 X199.32 Y165.472 E289.28684
G1 X205.788 Y165.472 E289.50197
G0 F15000 X205.621 Y165.179
G0 X205.722 Y163.827
;TYPE:FILL
G1 F754.2 X207.171 Y158.422 E289.68808
G0 F15000 X204.419 Y155.149
G1 F754.2 X198.989 Y156.604 E289.87506
G0 F15000 X197.539 Y160.627
G1 F754.2 X201.504 Y164.592 E290.06156
G0 F15000 X201.504 Y164.465
;MESH:NONMESH
G0 F300 X201.504 Y164.465 Z11.4
G0 F15000 X205.326 Y164.672
;TIME_ELAPSED:680.902480
;LAYER:56
;note -- min layer time used
;TYPE:WALL-INNER
;MESH:WheelAdapter_v7.stl
G1 F765.9 X208.1 Y159.871 E290.24598
G1 X205.326 Y155.069 E290.43043
G1 X199.782 Y155.069 E290.61482
G1 X197.011 Y159.871 E290.79922
G1 X199.782 Y164.672 E290.98359
G1 X205.326 Y164.672 E291.16799
G0 F15000 X205.557 Y165.072
G1 F765.9 X208.562 Y159.871 E291.36777
G1 X205.557 Y154.669 E291.56758
G1 X199.551 Y154.669 E291.76734
G1 X196.549 Y159.871 E291.96711
G1 X199.551 Y165.072 E292.16684
G1 X205.557 Y165.072 E292.3666
G0 F15000 X205.788 Y165.472
;TYPE:WALL-OUTER
G1 F765.9 X209.024 Y159.871 E292.58175
G1 X205.788 Y154.269 E292.79692
G1 X199.32 Y154.269 E293.01205
G1 X196.087 Y159.871 E293.22718
G1 X199.32 Y165.472 E293.44227
G1 X205.788 Y165.472 E293.6574
G0 F15000 X205.621 Y165.179
G0 X205.448 Y164.301
;TYPE:FILL
G1 F765.9 X207.07 Y158.248 E293.86582
G0 F15000 X204.968 Y155.149
G1 F765.9 X198.889 Y156.778 E294.07515
G0 F15000 X197.265 Y160.152
G1 F765.9 X201.705 Y164.592 E294.28399
G0 F15000 X201.705 Y164.465
;MESH:NONMESH
G0 F300 X201.705 Y164.465 Z11.6
G0 F15000 X205.326 Y164.672
;TIME_ELAPSED:691.660967
;LAYER:57
;note -- min layer time used
;TYPE:WALL-INNER
;MESH:WheelAdapter_v7.stl
G1 F774 X208.1 Y159.871 E294.46841
G1 X205.326 Y155.069 E294.65286
G1 X199.782 Y155.069 E294.83725
G1 X197.011 Y159.871 E295.02165
G1 X199.782 Y164.672 E295.20602
G1 X205.326 Y164.672 E295.39042
G0 F15000 X205.557 Y165.072
G1 F774 X208.562 Y159.871 E295.5902
G1 X205.557 Y154.669 E295.79001
G1 X199.551 Y154.669 E295.98978
G1 X196.549 Y159.871 E296.18954
G1 X199.551 Y165.072 E296.38927
G1 X205.557 Y165.072 E296.58903
G0 F15000 X205.788 Y165.472
;TYPE:WALL-OUTER
G1 F774 X209.024 Y159.871 E296.80418
G1 X205.788 Y154.269 E297.01935
G1 X199.32 Y154.269 E297.23448
G1 X196.087 Y159.871 E297.44961
G1 X199.32 Y165.472 E297.6647
G1 X205.788 Y165.472 E297.87983
G0 F15000 X205.621 Y165.179
G0 X205.224 Y164.592
;TYPE:FILL
G1 F774 X206.97 Y158.075 E298.10423
G0 F15000 X205.312 Y155.203
G1 F774 X198.789 Y156.95 E298.32883
G0 F15000 X197.132 Y159.82
G1 F774 X201.904 Y164.592 E298.55329
G0 F15000 X201.904 Y164.465
;MESH:NONMESH
G0 F300 X201.904 Y164.465 Z11.8
G0 F15000 X205.326 Y164.672
;TIME_ELAPSED:702.394571
;LAYER:58
;note -- min layer time used
;TYPE:WALL-INNER
;MESH:WheelAdapter_v7.stl
G1 F777 X208.1 Y159.871 E298.73771
G1 X205.326 Y155.069 E298.92216
G1 X199.782 Y155.069 E299.10656
G1 X197.011 Y159.871 E299.29096
G1 X199.782 Y164.672 E299.47533
G1 X205.326 Y164.672 E299.65972
G0 F15000 X205.557 Y165.072
G1 F777 X208.562 Y159.871 E299.8595
G1 X205.557 Y154.669 E300.05932
G1 X199.551 Y154.669 E300.25908
G1 X196.549 Y159.871 E300.45884
G1 X199.551 Y165.072 E300.65857
G1 X205.557 Y165.072 E300.85833
G0 F15000 X205.788 Y165.472
;TYPE:WALL-OUTER
G1 F777 X209.024 Y159.871 E301.07348
G1 X205.788 Y154.269 E301.28866
G1 X199.32 Y154.269 E301.50378
G1 X196.087 Y159.871 E301.71891
G1 X199.32 Y165.472 E301.93401
G1 X205.788 Y165.472 E302.14913
G0 F15000 X205.621 Y165.179
G0 X205.078 Y164.592
;TYPE:FILL
G1 F777 X206.871 Y157.902 E302.37949
G0 F15000 X205.384 Y155.329
G1 F777 X198.69 Y157.123 E302.61
G0 F15000 X197.205 Y159.693
G1 F777 X202.104 Y164.592 E302.84043
G0 F15000 X202.104 Y164.465
;MESH:NONMESH
G0 F300 X202.104 Y164.465 Z12
G0 F15000 X205.326 Y164.672
;TIME_ELAPSED:713.114074
;LAYER:59
;note -- min layer time used
;TYPE:WALL-INNER
;MESH:WheelAdapter_v7.stl
G1 F780 X208.1 Y159.871 E303.02485
G1 X205.326 Y155.069 E303.2093
G1 X199.782 Y155.069 E303.39369
G1 X197.011 Y159.871 E303.57809
G1 X199.782 Y164.672 E303.76246
G1 X205.326 Y164.672 E303.94686
G0 F15000 X205.557 Y165.072
G1 F780 X208.562 Y159.871 E304.14664
G1 X205.557 Y154.669 E304.34645
G1 X199.551 Y154.669 E304.54621
G1 X196.549 Y159.871 E304.74598
G1 X199.551 Y165.072 E304.94571
G1 X205.557 Y165.072 E305.14547
G0 F15000 X205.788 Y165.472
;TYPE:WALL-OUTER
G1 F780 X209.024 Y159.871 E305.36062
G1 X205.788 Y154.269 E305.57579
G1 X199.32 Y154.269 E305.79092
G1 X196.087 Y159.871 E306.00604
G1 X199.32 Y165.472 E306.22114
G1 X205.788 Y165.472 E306.43627
G0 F15000 X205.621 Y165.179
G0 X204.931 Y164.592
;TYPE:FILL
G1 F780 X206.77 Y157.729 E306.67259
G0 F15000 X205.459 Y155.456
G1 F780 X198.589 Y157.297 E306.90914
G0 F15000 X197.279 Y159.566
G1 F780 X202.305 Y164.592 E307.14555
G0 F15000 X202.305 Y164.465
;MESH:NONMESH
G0 F300 X202.305 Y164.465 Z12.2
G0 F15000 X205.326 Y164.672
;TIME_ELAPSED:723.818594
;LAYER:60
;note -- min layer time used
;TYPE:WALL-INNER
;MESH:WheelAdapter_v7.stl
G1 F783 X208.1 Y159.871 E307.32997
G1 X205.326 Y155.069 E307.51442
G1 X199.782 Y155.069 E307.69882
G1 X197.011 Y159.871 E307.88322
G1 X199.782 Y164.672 E308.06759
G1 X205.326 Y164.672 E308.25198
G0 F15000 X205.557 Y165.072
G1 F783 X208.562 Y159.871 E308.45176
G1 X205.557 Y154.669 E308.65158
G1 X199.551 Y154.669 E308.85134
G1 X196.549 Y159.871 E309.0511
G1 X199.551 Y165.072 E309.25083
G1 X205.557 Y165.072 E309.45059
G0 F15000 X205.788 Y165.472
;TYPE:WALL-OUTER
G1 F783 X209.024 Y159.871 E309.66574
G1 X205.788 Y154.269 E309.88092
G1 X199.32 Y154.269 E310.09604
G1 X196.087 Y159.871 E310.31117
G1 X199.32 Y165.472 E310.52626
G1 X205.788 Y165.472 E310.74139
G0 F15000 X205.621 Y165.179
G0 X204.785 Y164.593
;TYPE:FILL
G1 F783 X206.671 Y157.556 E310.9837
G0 F15000 X205.531 Y155.583
G1 F783 X198.49 Y157.47 E311.22615
G0 F15000 X197.352 Y159.44
G1 F783 X202.504 Y164.592 E311.46849
G0 F15000 X202.504 Y164.465
;MESH:NONMESH
G0 F300 X202.504 Y164.465 Z12.4
G0 F15000 X205.326 Y164.672
;TIME_ELAPSED:734.507080
;LAYER:61
;note -- min layer time used
;TYPE:WALL-INNER
;MESH:WheelAdapter_v7.stl
G1 F786 X208.1 Y159.871 E311.65291
G1 X205.326 Y155.069 E311.83736
G1 X199.782 Y155.069 E312.02175
G1 X197.011 Y159.871 E312.20615
G1 X199.782 Y164.672 E312.39052
G1 X205.326 Y164.672 E312.57491
G0 F15000 X205.557 Y165.072
G1 F786 X208.562 Y159.871 E312.7747
G1 X205.557 Y154.669 E312.97451
G1 X199.551 Y154.669 E313.17427
G1 X196.549 Y159.871 E313.37403
G1 X199.551 Y165.072 E313.57377
G1 X205.557 Y165.072 E313.77353
G0 F15000 X205.788 Y165.472
;TYPE:WALL-OUTER
G1 F786 X209.024 Y159.871 E313.98867
G1 X205.788 Y154.269 E314.20385
G1 X199.32 Y154.269 E314.41898
G1 X196.087 Y159.871 E314.6341
G1 X199.32 Y165.472 E314.8492
G1 X205.788 Y165.472 E315.06432
G0 F15000 X205.621 Y165.179
G0 X204.638 Y164.593
;TYPE:FILL
G1 F786 X206.57 Y157.383 E315.31259
G0 F15000 X205.605 Y155.71
G1 F786 X198.389 Y157.644 E315.56107
G0 F15000 X197.425 Y159.312
G1 F786 X202.705 Y164.592 E315.80942
G0 F15000 X202.705 Y164.465
;MESH:NONMESH
G0 F300 X202.705 Y164.465 Z12.6
G0 F15000 X205.326 Y164.672
;TIME_ELAPSED:745.178465
;LAYER:62
;note -- min layer time used
;TYPE:WALL-INNER
;MESH:WheelAdapter_v7.stl
G1 F789 X208.1 Y159.871 E315.99384
G1 X205.326 Y155.069 E316.17829
G1 X199.782 Y155.069 E316.36269
G1 X197.011 Y159.871 E316.54708
G1 X199.782 Y164.672 E316.73145
G1 X205.326 Y164.672 E316.91585
G0 F15000 X205.557 Y165.072
G1 F789 X208.562 Y159.871 E317.11563
G1 X205.557 Y154.669 E317.31545
G1 X199.551 Y154.669 E317.51521
G1 X196.549 Y159.871 E317.71497
G1 X199.551 Y165.072 E317.9147
G1 X205.557 Y165.072 E318.11446
G0 F15000 X205.788 Y165.472
;TYPE:WALL-OUTER
G1 F789 X209.024 Y159.871 E318.32961
G1 X205.788 Y154.269 E318.54478
G1 X199.32 Y154.269 E318.75991
G1 X196.087 Y159.871 E318.97504
G1 X199.32 Y165.472 E319.19013
G1 X205.788 Y165.472 E319.40526
G0 F15000 X205.621 Y165.179
G0 X204.492 Y164.592
;TYPE:FILL
G1 F789 X206.47 Y157.21 E319.65945
G0 F15000 X205.678 Y155.837
G1 F789 X198.289 Y157.816 E319.91387
G0 F15000 X197.498 Y159.186
G1 F789 X202.904 Y164.592 E320.16815
G0 F15000 X202.904 Y164.465
;MESH:NONMESH
G0 F300 X202.904 Y164.465 Z12.8
G0 F15000 X205.326 Y164.672
;TIME_ELAPSED:755.831794
;LAYER:63
;note -- min layer time used
;TYPE:WALL-INNER
;MESH:WheelAdapter_v7.stl
G1 F792 X208.1 Y159.871 E320.35257
G1 X205.326 Y155.069 E320.53702
G1 X199.782 Y155.069 E320.72141
G1 X197.011 Y159.871 E320.90581
G1 X199.782 Y164.672 E321.09018
G1 X205.326 Y164.672 E321.27458
G0 F15000 X205.557 Y165.072
G1 F792 X208.562 Y159.871 E321.47436
G1 X205.557 Y154.669 E321.67417
G1 X199.551 Y154.669 E321.87393
G1 X196.549 Y159.871 E322.0737
G1 X199.551 Y165.072 E322.27343
G1 X205.557 Y165.072 E322.47319
G0 F15000 X205.788 Y165.472
;TYPE:WALL-OUTER
G1 F792 X209.024 Y159.871 E322.68834
G1 X205.788 Y154.269 E322.90351
G1 X199.32 Y154.269 E323.11864
G1 X196.087 Y159.871 E323.33377
G1 X199.32 Y165.472 E323.54886
G1 X205.788 Y165.472 E323.76399
G0 F15000 X205.621 Y165.179
G0 X204.346 Y164.592
;TYPE:FILL
G1 F792 X206.371 Y157.038 E324.02411
G0 F15000 X205.751 Y155.963
G1 F792 X198.19 Y157.989 E324.28446
G0 F15000 X197.571 Y159.059
G1 F792 X203.104 Y164.592 E324.54471
G0 F15000 X203.104 Y164.465
;MESH:NONMESH
G0 F300 X203.104 Y164.465 Z13
G0 F15000 X205.326 Y164.672
;TIME_ELAPSED:766.464225
;LAYER:64
;note -- min layer time used
;TYPE:WALL-INNER
;MESH:WheelAdapter_v7.stl
G1 F795 X208.1 Y159.871 E324.72913
G1 X205.326 Y155.069 E324.91358
G1 X199.782 Y155.069 E325.09798
G1 X197.011 Y159.871 E325.28238
G1 X199.782 Y164.672 E325.46675
G1 X205.326 Y164.672 E325.65114
G0 F15000 X205.557 Y165.072
G1 F795 X208.562 Y159.871 E325.85093
G1 X205.557 Y154.669 E326.05074
G1 X199.551 Y154.669 E326.2505
G1 X196.549 Y159.871 E326.45026
G1 X199.551 Y165.072 E326.64999
G1 X205.557 Y165.072 E326.84975
G0 F15000 X205.788 Y165.472
;TYPE:WALL-OUTER
G1 F795 X209.024 Y159.871 E327.0649
G1 X205.788 Y154.269 E327.28008
G1 X199.32 Y154.269 E327.4952
G1 X196.087 Y159.871 E327.71033
G1 X199.32 Y165.472 E327.92543
G1 X205.788 Y165.472 E328.14055
G0 F15000 X205.621 Y165.179
G0 X204.199 Y164.592
;TYPE:FILL
G1 F795 X206.27 Y156.864 E328.40666
G0 F15000 X205.824 Y156.09
G1 F795 X198.089 Y158.163 E328.673
G0 F15000 X197.645 Y158.932
G1 F795 X203.305 Y164.592 E328.93923
G0 F15000 X203.305 Y164.465
;MESH:NONMESH
G0 F300 X203.305 Y164.465 Z13.2
G0 F15000 X205.326 Y164.672
;TIME_ELAPSED:777.071549
;LAYER:65
;note -- min layer time used
;TYPE:WALL-INNER
;MESH:WheelAdapter_v7.stl
G1 F797.9 X208.1 Y159.871 E329.12365
G1 X205.326 Y155.069 E329.3081
G1 X199.782 Y155.069 E329.4925
G1 X197.011 Y159.871 E329.6769
G1 X199.782 Y164.672 E329.86127
G1 X205.326 Y164.672 E330.04566
G0 F15000 X205.557 Y165.072
G1 F797.9 X208.562 Y159.871 E330.24544
G1 X205.557 Y154.669 E330.44526
G1 X199.551 Y154.669 E330.64502
G1 X196.549 Y159.871 E330.84478
G1 X199.551 Y165.072 E331.04451
G1 X205.557 Y165.072 E331.24427
G0 F15000 X205.788 Y165.472
;TYPE:WALL-OUTER
G1 F797.9 X209.024 Y159.871 E331.45942
G1 X205.788 Y154.269 E331.6746
G1 X199.32 Y154.269 E331.88972
G1 X196.087 Y159.871 E332.10485
G1 X199.32 Y165.472 E332.31994
G1 X205.788 Y165.472 E332.53507
G0 F15000 X205.621 Y165.179
G0 X204.053 Y164.592
;TYPE:FILL
G1 F797.9 X206.17 Y156.691 E332.80713
G0 F15000 X205.898 Y156.217
G1 F797.9 X197.99 Y158.336 E333.07943
G0 F15000 X197.718 Y158.806
G1 F797.9 X203.504 Y164.592 E333.35158
G0 F15000 X203.504 Y164.465
;MESH:NONMESH
G0 F300 X203.504 Y164.465 Z13.4
G0 F15000 X205.326 Y164.672
;TIME_ELAPSED:787.647804
;LAYER:66
;note -- min layer time used
;TYPE:WALL-INNER
;MESH:WheelAdapter_v7.stl
G1 F803.2 X208.1 Y159.871 E333.536
G1 X205.326 Y155.069 E333.72045
G1 X199.782 Y155.069 E333.90485
G1 X197.011 Y159.871 E334.08925
G1 X199.782 Y164.672 E334.27362
G1 X205.326 Y164.672 E334.45801
G0 F15000 X205.557 Y165.072
G1 F803.2 X208.562 Y159.871 E334.6578
G1 X205.557 Y154.669 E334.85761
G1 X199.551 Y154.669 E335.05737
G1 X196.549 Y159.871 E335.25713
G1 X199.551 Y165.072 E335.45686
G1 X205.557 Y165.072 E335.65663
G0 F15000 X205.788 Y165.472
;TYPE:WALL-OUTER
G1 F803.2 X209.024 Y159.871 E335.87177
G1 X205.788 Y154.269 E336.08695
G1 X199.32 Y154.269 E336.30207
G1 X196.087 Y159.871 E336.5172
G1 X199.32 Y165.472 E336.7323
G1 X205.788 Y165.472 E336.94742
G0 F15000 X205.621 Y165.179
G0 X203.906 Y164.592
;TYPE:FILL
G1 F803.2 X206.07 Y156.517 E337.22548
G1 X205.971 Y156.344
G1 X197.889 Y158.51 E337.50377
G1 X197.791 Y158.678
G1 X203.705 Y164.592 E337.78195
G0 F15000 X203.705 Y164.465
;MESH:NONMESH
G0 F300 X203.705 Y164.465 Z13.6
G0 F15000 X205.326 Y164.672
;TIME_ELAPSED:798.110243
;LAYER:67
;note -- min layer time used
;TYPE:WALL-INNER
;MESH:WheelAdapter_v7.stl
G1 F805.8 X208.1 Y159.871 E337.96637
G1 X205.326 Y155.069 E338.15082
G1 X199.782 Y155.069 E338.33521
G1 X197.011 Y159.871 E338.51961
G1 X199.782 Y164.672 E338.70398
G1 X205.326 Y164.672 E338.88837
G0 F15000 X205.557 Y165.072
G1 F805.8 X208.562 Y159.871 E339.08816
G1 X205.557 Y154.669 E339.28797
G1 X199.551 Y154.669 E339.48773
G1 X196.549 Y159.871 E339.68749
G1 X199.551 Y165.072 E339.88723
G1 X205.557 Y165.072 E340.08699
G0 F15000 X205.788 Y165.472
;TYPE:WALL-OUTER
G1 F805.8 X209.024 Y159.871 E340.30213
G1 X205.788 Y154.269 E340.51731
G1 X199.32 Y154.269 E340.73244
G1 X196.087 Y159.871 E340.94756
G1 X199.32 Y165.472 E341.16266
G1 X205.788 Y165.472 E341.37779
G0 F15000 X205.621 Y165.179
G0 X203.904 Y164.592
;TYPE:FILL
G1 F805.8 X197.864 Y158.552 E341.66189
G1 X197.79 Y158.682
G1 X206.044 Y156.47 E341.94611
G1 X205.97 Y156.344
G1 X203.76 Y164.592 E342.23011
G0 F15000 X203.76 Y164.465
;MESH:NONMESH
G0 F300 X203.76 Y164.465 Z13.8
G0 F15000 X205.326 Y164.672
;TIME_ELAPSED:808.595921
;LAYER:68
;note -- min layer time used
;TYPE:WALL-INNER
;MESH:WheelAdapter_v7.stl
G1 F807.5 X208.1 Y159.871 E342.41453
G1 X205.326 Y155.069 E342.59898
G1 X199.782 Y155.069 E342.78338
G1 X197.011 Y159.871 E342.96778
G1 X199.782 Y164.672 E343.15215
G1 X205.326 Y164.672 E343.33654
G0 F15000 X205.557 Y165.072
G1 F807.5 X208.562 Y159.871 E343.53632
G1 X205.557 Y154.669 E343.73614
G1 X199.551 Y154.669 E343.9359
G1 X196.549 Y159.871 E344.13566
G1 X199.551 Y165.072 E344.33539
G1 X205.557 Y165.072 E344.53515
G0 F15000 X205.788 Y165.472
;TYPE:WALL-OUTER
G1 F807.5 X209.024 Y159.871 E344.7503
G1 X205.788 Y154.269 E344.96548
G1 X199.32 Y154.269 E345.1806
G1 X196.087 Y159.871 E345.39573
G1 X199.32 Y165.472 E345.61082
G1 X205.788 Y165.472 E345.82595
G0 F15000 X205.621 Y165.179
G0 X204.105 Y164.592
;TYPE:FILL
G1 F807.5 X197.938 Y158.424 E346.11605
G0 F15000 X197.689 Y158.856
G1 F807.5 X206.118 Y156.598 E346.40629
G0 F15000 X205.87 Y156.17
G1 F807.5 X203.613 Y164.592 E346.69629
G0 F15000 X203.613 Y164.465
;MESH:NONMESH
G0 F300 X203.613 Y164.465 Z14
G0 F15000 X205.326 Y164.672
;TIME_ELAPSED:819.168561
;LAYER:69
;note -- min layer time used
;TYPE:WALL-INNER
;MESH:WheelAdapter_v7.stl
G1 F810.9 X208.1 Y159.871 E346.88071
G1 X205.326 Y155.069 E347.06516
G1 X199.782 Y155.069 E347.24955
G1 X197.011 Y159.871 E347.43395
G1 X199.782 Y164.672 E347.61832
G1 X205.326 Y164.672 E347.80271
G0 F15000 X205.557 Y165.072
G1 F810.9 X208.562 Y159.871 E348.0025
G1 X205.557 Y154.669 E348.20231
G1 X199.551 Y154.669 E348.40207
G1 X196.549 Y159.871 E348.60183
G1 X199.551 Y165.072 E348.80157
G1 X205.557 Y165.072 E349.00133
G0 F15000 X205.788 Y165.472
;TYPE:WALL-OUTER
G1 F810.9 X209.024 Y159.871 E349.21647
G1 X205.788 Y154.269 E349.43165
G1 X199.32 Y154.269 E349.64678
G1 X196.087 Y159.871 E349.8619
G1 X199.32 Y165.472 E350.077
G1 X205.788 Y165.472 E350.29213
G0 F15000 X205.621 Y165.179
G0 X204.304 Y164.592
;TYPE:FILL
G1 F810.9 X198.01 Y158.298 E350.58818
G0 F15000 X197.589 Y159.029
G1 F810.9 X206.191 Y156.724 E350.88437
G0 F15000 X205.77 Y155.998
G1 F810.9 X203.467 Y164.593 E351.18033
G0 F15000 X203.467 Y164.465
;MESH:NONMESH
G0 F300 X203.467 Y164.465 Z14.2
G0 F15000 X205.326 Y164.672
;TIME_ELAPSED:829.772564
;LAYER:70
;note -- min layer time used
;TYPE:WALL-INNER
;MESH:WheelAdapter_v7.stl
G1 F1505.4 X208.1 Y159.871 E351.36475
G1 X205.326 Y155.069 E351.5492
G1 X199.782 Y155.069 E351.73359
G1 X197.011 Y159.871 E351.91799
G1 X199.782 Y164.672 E352.10236
G1 X205.326 Y164.672 E352.28676
G0 F15000 X205.557 Y165.072
G1 F1505.4 X208.562 Y159.871 E352.48654
G1 X205.557 Y154.669 E352.68635
G1 X199.551 Y154.669 E352.88611
G1 X196.549 Y159.871 E353.08588
G1 X199.551 Y165.072 E353.28561
G1 X205.557 Y165.072 E353.48537
G0 F15000 X205.788 Y165.472
;TYPE:WALL-OUTER
G1 F1505.4 X209.024 Y159.871 E353.70052
G1 X205.788 Y154.269 E353.91569
G1 X199.32 Y154.269 E354.13082
G1 X196.087 Y159.871 E354.34594
G1 X199.32 Y165.472 E354.56104
G1 X205.788 Y165.472 E354.77617
G0 F15000 X205.621 Y165.179
G0 X205.483 Y164
;TYPE:FILL
G1 F1505.4 X203.913 Y164 E354.82839
G0 F15000 X203.588 Y163.6
G1 F1505.4 X205.714 Y163.6 E354.8991
G0 F15000 X206.407 Y162.4
G1 F1505.4 X203.91 Y162.4 E354.98215
G0 F15000 X204.133 Y161.564
G1 F1505.4 X204.236 Y161.177 E354.99547
G1 X204.231 Y161.2
G1 X207.101 Y161.2 E355.09092
G0 F15000 X207.794 Y160
G1 F1505.4 X204.553 Y160 E355.19872
G0 F15000 X204.651 Y159.631
G1 F1505.4 X204.444 Y160.404 E355.22534
G1 X199.081 Y159.168 E355.40839
G1 X198.083 Y158.171 E355.45531
G1 X198.256 Y158.114
G1 X200.3 Y158.449 E355.5242
G0 F15000 X199.939 Y158.545
G1 F1505.4 X197.49 Y159.202 E355.60853
G1 X197.586 Y159.275
G1 X200.582 Y164.472 E355.80805
G0 F15000 X201.044 Y164.471
G1 F1505.4 X197.936 Y159.083 E356.01493
G0 F15000 X198.736 Y158.869
G1 F1505.4 X201.967 Y164.472 E356.23005
G0 F15000 X202.429 Y164.472
G1 F1505.4 X199.768 Y159.857 E356.40724
G0 F15000 X199.615 Y159.702
G1 F1505.4 X200.147 Y160.235 E356.43228
G1 X204.236 Y161.177 E356.57185
G1 X204.341 Y160.791 E356.58515
G1 X199.615 Y159.702 E356.74646
G1 X199.081 Y159.168 E356.77158
G0 F15000 X200.147 Y160.235
G1 F1505.4 X200.681 Y160.769 E356.79669
G1 X204.133 Y161.564 E356.91451
G1 X203.353 Y164.472 E357.01465
G1 X201.95 Y162.039 E357.10807
G1 X200.681 Y160.769 E357.16778
G0 F15000 X200.859 Y160.948
G1 F1505.4 X202.891 Y164.471 E357.30305
G0 F15000 X203.322 Y164.592
G1 F1505.4 X203.353 Y164.472 E357.30717
G0 F15000 X204.504 Y164.592
G1 F1505.4 X201.95 Y162.039 E357.42728
G0 F15000 X204.341 Y160.791
G1 F1505.4 X204.444 Y160.404 E357.4406
G0 F15000 X204.66 Y159.6
G1 F1505.4 X207.712 Y159.6 E357.54211
G0 F15000 X207.481 Y159.2
G1 F1505.4 X204.767 Y159.2 E357.63238
G1 X204.755 Y159.244
G1 X204.858 Y158.858 E357.64566
G1 X204.875 Y158.8
G1 X207.25 Y158.8 E357.72466
G0 F15000 X207.019 Y158.4
G1 F1505.4 X204.982 Y158.4 E357.79241
G0 F15000 X205.089 Y158
G1 F1505.4 X206.788 Y158 E357.84892
G0 F15000 X206.557 Y157.6
G1 F1505.4 X205.196 Y157.6 E357.89418
G0 F15000 X205.5 Y156.463
G1 F1505.4 X199.751 Y155.522 E358.08794
G0 F15000 X200.682 Y155.269
G1 F1505.4 X205.605 Y156.075 E358.25386
G0 F15000 X205.671 Y155.825
G1 F1505.4 X204.858 Y158.858 E358.3583
G1 X201.586 Y158.104 E358.46998
G1 X206.264 Y156.85 E358.63106
G0 F15000 X205.426 Y155.641
G1 F1505.4 X203.157 Y155.269 E358.70754
G0 F15000 X203.114 Y157.694
G1 F1505.4 X198.897 Y157.003 E358.84967
G0 F15000 X200.762 Y158.324
G1 F1505.4 X199.939 Y158.545 E358.87801
G1 X204.651 Y159.631 E359.03884
G1 X204.755 Y159.244 E359.05217
G1 X200.762 Y158.324 E359.18846
G1 X201.586 Y158.104 E359.21682
G0 F15000 X197.355 Y159.675
G1 F1505.4 X200.12 Y164.471 E359.40095
G0 F15000 X200.12 Y164.465
;MESH:NONMESH
G0 F300 X200.12 Y164.465 Z14.4
G0 F15000 X205.326 Y164.672
;TIME_ELAPSED:843.626321
;LAYER:71
;note -- min layer time used
;TYPE:WALL-INNER
;MESH:WheelAdapter_v7.stl
G1 F1864.7 X208.1 Y159.871 E359.58537
G1 X205.326 Y155.069 E359.76982
G1 X199.782 Y155.069 E359.95421
G1 X197.011 Y159.871 E360.13861
G1 X199.782 Y164.672 E360.32298
G1 X205.326 Y164.672 E360.50738
G0 F15000 X205.557 Y165.072
G1 F1864.7 X208.562 Y159.871 E360.70716
G1 X205.557 Y154.669 E360.90697
G1 X199.551 Y154.669 E361.10673
G1 X196.549 Y159.871 E361.30649
G1 X199.551 Y165.072 E361.50623
G1 X205.557 Y165.072 E361.70599
G0 F15000 X205.788 Y165.472
;TYPE:WALL-OUTER
G1 F1864.7 X209.024 Y159.871 E361.92114
G1 X205.788 Y154.269 E362.13631
G1 X199.32 Y154.269 E362.35144
G1 X196.087 Y159.871 E362.56656
G1 X199.32 Y165.472 E362.78166
G1 X205.788 Y165.472 E362.99679
G1 F1500 E356.49679
G0 F15000 X205.621 Y165.179
G0 X202.894 Y164.472
G0 X202.718 Y160.781
G0 X202.995 Y160.889
;TYPE:SKIN
G1 F1500 E362.99679
G1 F1864.7 X203.394 Y160.585 E363.01347
G1 X203.633 Y160.129 E363.03059
G1 X203.632 Y159.619 E363.04756
G1 X203.402 Y159.155 E363.06478
G1 X202.988 Y158.855 E363.08179
G1 X202.498 Y158.768 E363.09834
G1 X202.196 Y158.834 E363.10862
G1 X201.809 Y159.056 E363.12346
G1 X201.626 Y159.276 E363.13298
G1 X201.459 Y159.734 E363.14919
G1 X201.472 Y160.041 E363.15941
G1 X201.635 Y160.483 E363.17508
G1 X202.003 Y160.826 E363.19181
G1 X202.483 Y160.976 E363.20854
G1 X202.995 Y160.889 E363.22581
G1 F1500 E356.72581
G0 F15000 X202.894 Y160.645
G0 X202.925 Y164.472
G0 X205.116 Y164.572
G0 X205.116 Y164.311
G1 F1500 E363.22581
G1 F1864.7 X199.988 Y164.312 E363.39637
G1 X197.423 Y159.868 E363.56703
G1 X199.988 Y155.428 E363.73758
G1 X205.116 Y155.428 E363.90814
G1 X207.681 Y159.868 E364.07868
G1 X205.116 Y164.311 E364.24932
G0 F15000 X204.715 Y164.112
G1 F1864.7 X205.391 Y163.436 E364.28111
G0 F15000 X205.79 Y163.668
G0 X205.23 Y164.506
G0 X204.15 Y164.572
G0 X204.15 Y164.112
G1 F1864.7 X206.163 Y162.099 E364.3758
G0 F15000 X206.563 Y162.331
G0 X207.335 Y160.993
G0 X206.935 Y160.761
G1 F1864.7 X203.584 Y164.112 E364.53342
G0 F15000 X203.018 Y164.112
G1 F1864.7 X207.381 Y159.749 E364.73864
G0 F15000 X207.174 Y159.39
G1 F1864.7 X202.452 Y164.112 E364.96075
G0 F15000 X201.886 Y164.112
G1 F1864.7 X206.967 Y159.032 E365.19972
G0 F15000 X206.759 Y158.673
G1 F1864.7 X201.32 Y164.112 E365.45555
G0 F15000 X200.755 Y164.112
G1 F1864.7 X206.552 Y158.315 E365.72823
G0 F15000 X206.345 Y157.956
G1 F1864.7 X200.189 Y164.112 E366.01779
G0 F15000 X199.927 Y163.808
G1 F1864.7 X202.575 Y161.16 E366.14234
G0 F15000 X202.101 Y161.069
G1 F1864.7 X199.721 Y163.449 E366.25429
G0 F15000 X199.514 Y163.091
G1 F1864.7 X201.743 Y160.861 E366.35916
G0 F15000 X201.46 Y160.579
G1 F1864.7 X199.307 Y162.732 E366.46043
G0 F15000 X199.1 Y162.373
G1 F1864.7 X201.306 Y160.167 E366.56419
G0 F15000 X201.288 Y159.619
G1 F1864.7 X198.893 Y162.014 E366.67684
G0 F15000 X198.686 Y161.656
G1 F1864.7 X204.714 Y155.628 E366.96038
G0 F15000 X205.103 Y155.805
G1 F1864.7 X202.305 Y158.602 E367.09197
G0 F15000 X202.844 Y158.629
G1 F1864.7 X205.31 Y156.163 E367.20796
G0 F15000 X205.517 Y156.522
G1 F1864.7 X203.244 Y158.794 E367.31485
G0 F15000 X203.567 Y159.038
G1 F1864.7 X205.724 Y156.88 E367.41634
G0 F15000 X205.931 Y157.239
G1 F1864.7 X203.754 Y159.416 E367.51874
G0 F15000 X203.833 Y159.903
G1 F1864.7 X206.138 Y157.598 E367.62716
G0 F15000 X206.538 Y157.367
G0 X205.23 Y155.235
G0 X204.148 Y155.169
G0 X204.148 Y155.628
G1 F1864.7 X198.479 Y161.297 E367.89381
G0 F15000 X198.272 Y160.938
G1 F1864.7 X203.582 Y155.628 E368.14357
G0 F15000 X203.017 Y155.628
G1 F1864.7 X198.065 Y160.58 E368.3765
G0 F15000 X197.858 Y160.22
G1 F1864.7 X202.451 Y155.628 E368.59252
G0 F15000 X201.885 Y155.628
G1 F1864.7 X197.666 Y159.847 E368.79097
G0 F15000 X197.273 Y159.62
G0 X198.046 Y158.28
G0 X198.44 Y158.508
G1 F1864.7 X201.32 Y155.628 E368.92643
G0 F15000 X200.754 Y155.628
G1 F1864.7 X199.214 Y157.168 E368.99887
G0 F15000 X198.819 Y156.94
G0 X199.592 Y155.601
G0 X199.987 Y155.829
G1 F1864.7 X200.188 Y155.628 E369.00832
;MESH:NONMESH
G0 F300 X200.188 Y155.628 Z14.6
G0 F15000 X200.188 Y155.169
G0 X205.23 Y155.235
G0 X207.909 Y159.871
G0 X205.326 Y164.672
;TIME_ELAPSED:859.625051
;LAYER:72
;note -- min layer time used
;TYPE:WALL-INNER
;MESH:WheelAdapter_v7.stl
G1 F1872.7 X208.1 Y159.871 E369.19274
G1 X205.326 Y155.069 E369.37719
G1 X199.782 Y155.069 E369.56159
G1 X197.011 Y159.871 E369.74599
G1 X199.782 Y164.672 E369.93036
G1 X205.326 Y164.672 E370.11475
G0 F15000 X205.557 Y165.072
G1 F1872.7 X208.562 Y159.871 E370.31454
G1 X205.557 Y154.669 E370.51435
G1 X199.551 Y154.669 E370.71411
G1 X196.549 Y159.871 E370.91387
G1 X199.551 Y165.072 E371.1136
G1 X205.557 Y165.072 E371.31336
G0 F15000 X205.788 Y165.472
;TYPE:WALL-OUTER
G1 F1872.7 X209.024 Y159.871 E371.52851
G1 X205.788 Y154.269 E371.74369
G1 X199.32 Y154.269 E371.95881
G1 X196.087 Y159.871 E372.17394
G1 X199.32 Y165.472 E372.38904
G1 X205.788 Y165.472 E372.60416
G1 F1500 E366.10416
G0 F15000 X205.621 Y165.179
G0 X202.894 Y164.472
G0 X202.718 Y160.781
G0 X202.995 Y160.889
;TYPE:SKIN
G1 F1500 E372.60416
G1 F1872.7 X203.394 Y160.585 E372.62085
G1 X203.633 Y160.129 E372.63797
G1 X203.632 Y159.619 E372.65493
G1 X203.402 Y159.155 E372.67216
G1 X202.988 Y158.855 E372.68916
G1 X202.498 Y158.768 E372.70571
G1 X202.196 Y158.834 E372.716
G1 X201.809 Y159.056 E372.73084
G1 X201.626 Y159.276 E372.74035
G1 X201.459 Y159.734 E372.75657
G1 X201.472 Y160.041 E372.76679
G1 X201.635 Y160.483 E372.78246
G1 X202.003 Y160.826 E372.79919
G1 X202.483 Y160.976 E372.81591
G1 X202.995 Y160.889 E372.83319
G1 F1500 E366.33319
G0 F15000 X202.894 Y160.645
G0 X202.925 Y164.472
G0 X205.116 Y164.572
G0 X205.116 Y164.311
G1 F1500 E372.83319
G1 F1872.7 X199.988 Y164.312 E373.00375
G1 X197.423 Y159.868 E373.17441
G1 X199.988 Y155.428 E373.34495
G1 X205.116 Y155.428 E373.51551
G1 X207.681 Y159.868 E373.68606
G1 X205.116 Y164.311 E373.85669
G0 F15000 X205.116 Y164.572
G0 X200.316 Y164.572
G0 X200.316 Y164.112
G1 F1872.7 X199.811 Y163.608 E373.88042
G0 F15000 X199.415 Y163.835
G0 X199.877 Y164.506
G0 X200.881 Y164.572
G0 X200.881 Y164.112
G1 F1872.7 X199.04 Y162.27 E373.96704
G0 F15000 X198.643 Y162.498
G0 X197.872 Y161.16
G0 X198.268 Y160.933
G1 F1872.7 X201.447 Y164.112 E374.11657
G0 F15000 X202.013 Y164.112
G1 F1872.7 X197.696 Y159.795 E374.31963
G0 F15000 X197.903 Y159.436
G1 F1872.7 X202.578 Y164.111 E374.53953
G0 F15000 X203.143 Y164.111
G1 F1872.7 X198.11 Y159.078 E374.77626
G0 F15000 X198.317 Y158.719
G1 F1872.7 X203.709 Y164.111 E375.02989
G0 F15000 X204.275 Y164.111
G1 F1872.7 X198.524 Y158.361 E375.30037
G0 F15000 X198.732 Y158.002
G1 F1872.7 X204.84 Y164.111 E375.5877
G0 F15000 X205.15 Y163.855
G1 F1872.7 X202.473 Y161.178 E375.71362
G0 F15000 X202.959 Y161.098
G1 F1872.7 X205.357 Y163.497 E375.82643
G0 F15000 X205.564 Y163.137
G1 F1872.7 X203.321 Y160.895 E375.93191
G0 F15000 X203.607 Y160.615
G1 F1872.7 X205.771 Y162.779 E376.0337
G0 F15000 X205.978 Y162.42
G1 F1872.7 X203.795 Y160.237 E376.13638
G0 F15000 X203.832 Y159.709
G1 F1872.7 X206.185 Y162.061 E376.24704
G0 F15000 X206.392 Y161.703
G1 F1872.7 X200.317 Y155.628 E376.53279
G0 F15000 X199.974 Y155.851
G1 F1872.7 X202.733 Y158.61 E376.66256
G0 F15000 X202.178 Y158.62
G1 F1872.7 X199.767 Y156.209 E376.77597
G0 F15000 X199.56 Y156.568
G1 F1872.7 X201.814 Y158.822 E376.88199
G0 F15000 X201.52 Y159.094
G1 F1872.7 X199.352 Y156.926 E376.98397
G0 F15000 X199.145 Y157.285
G1 F1872.7 X201.34 Y159.479 E377.08719
G0 F15000 X201.261 Y159.966
G1 F1872.7 X198.938 Y157.643 E377.19645
G0 F15000 X198.544 Y157.416
G0 X199.877 Y155.235
G0 X200.883 Y155.169
G0 X200.883 Y155.628
G1 F1872.7 X206.599 Y161.344 E377.46532
G0 F15000 X206.806 Y160.986
G1 F1872.7 X201.448 Y155.628 E377.71734
G0 F15000 X202.014 Y155.628
G1 F1872.7 X207.013 Y160.626 E377.95246
G0 F15000 X207.22 Y160.268
G1 F1872.7 X202.58 Y155.628 E378.17071
G0 F15000 X203.145 Y155.628
G1 F1872.7 X207.427 Y159.909 E378.3721
G0 F15000 X207.827 Y160.141
G0 X207.901 Y159.898
G0 X207.165 Y158.453
G0 X206.766 Y158.683
G1 F1872.7 X203.711 Y155.628 E378.51579
G0 F15000 X204.277 Y155.628
G1 F1872.7 X205.992 Y157.343 E378.59646
G0 F15000 X206.391 Y157.113
G0 X205.617 Y155.773
G0 X205.218 Y156.003
G1 F1872.7 X204.842 Y155.628 E378.61412
;MESH:NONMESH
G0 F300 X204.842 Y155.628 Z14.8
G0 F15000 X204.842 Y155.169
G0 X205.23 Y155.235
G0 X207.909 Y159.871
G0 X205.326 Y164.672
;TIME_ELAPSED:875.656167
;LAYER:73
;note -- min layer time used
;TYPE:WALL-INNER
;MESH:WheelAdapter_v7.stl
G1 F1867.8 X208.1 Y159.871 E378.79854
G1 X205.326 Y155.069 E378.98299
G1 X199.782 Y155.069 E379.16739
G1 X197.011 Y159.871 E379.35179
G1 X199.782 Y164.672 E379.53616
G1 X205.326 Y164.672 E379.72055
G0 F15000 X205.557 Y165.072
G1 F1867.8 X208.562 Y159.871 E379.92034
G1 X205.557 Y154.669 E380.12015
G1 X199.551 Y154.669 E380.31991
G1 X196.549 Y159.871 E380.51967
G1 X199.551 Y165.072 E380.7194
G1 X205.557 Y165.072 E380.91917
G0 F15000 X205.788 Y165.472
;TYPE:WALL-OUTER
G1 F1867.8 X209.024 Y159.871 E381.13431
G1 X205.788 Y154.269 E381.34949
G1 X199.32 Y154.269 E381.56461
G1 X196.087 Y159.871 E381.77974
G1 X199.32 Y165.472 E381.99484
G1 X205.788 Y165.472 E382.20996
G1 F1500 E375.70996
G0 F15000 X205.621 Y165.179
G0 X202.894 Y164.472
G0 X202.718 Y160.781
G0 X202.995 Y160.889
;TYPE:SKIN
G1 F1500 E382.20996
G1 F1867.8 X203.394 Y160.585 E382.22665
G1 X203.633 Y160.129 E382.24377
G1 X203.632 Y159.619 E382.26073
G1 X203.402 Y159.155 E382.27796
G1 X202.988 Y158.855 E382.29496
G1 X202.498 Y158.768 E382.31152
G1 X202.196 Y158.834 E382.3218
G1 X201.809 Y159.056 E382.33664
G1 X201.626 Y159.276 E382.34615
G1 X201.459 Y159.734 E382.36237
G1 X201.472 Y160.041 E382.37259
G1 X201.635 Y160.483 E382.38826
G1 X202.003 Y160.826 E382.40499
G1 X202.483 Y160.976 E382.42171
G1 X202.995 Y160.889 E382.43899
G1 F1500 E375.93899
G0 F15000 X202.894 Y160.645
G0 X202.925 Y164.472
G0 X205.116 Y164.572
G0 X205.116 Y164.311
G1 F1500 E382.43899
G1 F1867.8 X199.988 Y164.312 E382.60955
G1 X197.423 Y159.868 E382.78021
G1 X199.988 Y155.428 E382.95075
G1 X205.116 Y155.428 E383.12131
G1 X207.681 Y159.868 E383.29186
G1 X205.116 Y164.311 E383.46249
G0 F15000 X204.715 Y164.112
G1 F1867.8 X205.391 Y163.436 E383.49429
G0 F15000 X205.79 Y163.668
G0 X205.23 Y164.506
G0 X204.15 Y164.572
G0 X204.15 Y164.112
G1 F1867.8 X206.163 Y162.099 E383.58897
G0 F15000 X206.563 Y162.331
G0 X207.335 Y160.993
G0 X206.935 Y160.761
G1 F1867.8 X203.584 Y164.112 E383.74659
G0 F15000 X203.018 Y164.112
G1 F1867.8 X207.381 Y159.749 E383.95182
G0 F15000 X207.174 Y159.39
G1 F1867.8 X202.452 Y164.112 E384.17393
G0 F15000 X201.886 Y164.112
G1 F1867.8 X206.967 Y159.032 E384.4129
G0 F15000 X206.759 Y158.673
G1 F1867.8 X201.32 Y164.112 E384.66873
G0 F15000 X200.755 Y164.112
G1 F1867.8 X206.552 Y158.315 E384.9414
G0 F15000 X206.345 Y157.956
G1 F1867.8 X200.189 Y164.112 E385.23096
G0 F15000 X199.927 Y163.808
G1 F1867.8 X202.575 Y161.16 E385.35552
G0 F15000 X202.101 Y161.069
G1 F1867.8 X199.721 Y163.449 E385.46746
G0 F15000 X199.514 Y163.091
G1 F1867.8 X201.743 Y160.861 E385.57233
G0 F15000 X201.46 Y160.579
G1 F1867.8 X199.307 Y162.732 E385.6736
G0 F15000 X199.1 Y162.373
G1 F1867.8 X201.306 Y160.167 E385.77737
G0 F15000 X201.288 Y159.619
G1 F1867.8 X198.893 Y162.014 E385.89002
G0 F15000 X198.686 Y161.656
G1 F1867.8 X204.714 Y155.628 E386.17356
G0 F15000 X205.103 Y155.805
G1 F1867.8 X202.305 Y158.602 E386.30515
G0 F15000 X202.844 Y158.629
G1 F1867.8 X205.31 Y156.163 E386.42114
G0 F15000 X205.517 Y156.522
G1 F1867.8 X203.244 Y158.794 E386.52803
G0 F15000 X203.567 Y159.038
G1 F1867.8 X205.724 Y156.88 E386.62951
G0 F15000 X205.931 Y157.239
G1 F1867.8 X203.754 Y159.416 E386.73191
G0 F15000 X203.833 Y159.903
G1 F1867.8 X206.138 Y157.598 E386.84033
G0 F15000 X206.538 Y157.367
G0 X205.23 Y155.235
G0 X204.148 Y155.169
G0 X204.148 Y155.628
G1 F1867.8 X198.479 Y161.297 E387.10698
G0 F15000 X198.272 Y160.938
G1 F1867.8 X203.582 Y155.628 E387.35675
G0 F15000 X203.017 Y155.628
G1 F1867.8 X198.065 Y160.58 E387.58968
G0 F15000 X197.858 Y160.22
G1 F1867.8 X202.451 Y155.628 E387.80569
G0 F15000 X201.885 Y155.628
G1 F1867.8 X197.666 Y159.847 E388.00414
G0 F15000 X197.273 Y159.62
G0 X198.046 Y158.28
G0 X198.44 Y158.508
G1 F1867.8 X201.32 Y155.628 E388.13961
G0 F15000 X200.754 Y155.628
G1 F1867.8 X199.214 Y157.168 E388.21205
G0 F15000 X198.819 Y156.94
G0 X199.592 Y155.601
G0 X199.987 Y155.829
G1 F1867.8 X200.188 Y155.628 E388.2215
;MESH:NONMESH
G0 F300 X200.188 Y155.628 Z15
G0 F15000 X200.188 Y155.169
G0 X205.23 Y155.235
G0 X207.909 Y159.871
G0 X205.326 Y164.672
;TIME_ELAPSED:891.644581
;LAYER:74
;note -- min layer time used
;TYPE:WALL-INNER
;MESH:WheelAdapter_v7.stl
G1 F1872.7 X208.1 Y159.871 E388.40592
G1 X205.326 Y155.069 E388.59037
G1 X199.782 Y155.069 E388.77476
G1 X197.011 Y159.871 E388.95916
G1 X199.782 Y164.672 E389.14353
G1 X205.326 Y164.672 E389.32793
G0 F15000 X205.557 Y165.072
G1 F1872.7 X208.562 Y159.871 E389.52771
G1 X205.557 Y154.669 E389.72752
G1 X199.551 Y154.669 E389.92728
G1 X196.549 Y159.871 E390.12705
G1 X199.551 Y165.072 E390.32678
G1 X205.557 Y165.072 E390.52654
G0 F15000 X205.788 Y165.472
;TYPE:WALL-OUTER
G1 F1872.7 X209.024 Y159.871 E390.74169
G1 X205.788 Y154.269 E390.95686
G1 X199.32 Y154.269 E391.17199
G1 X196.087 Y159.871 E391.38712
G1 X199.32 Y165.472 E391.60221
G1 X205.788 Y165.472 E391.81734
G1 F1500 E385.31734
G0 F15000 X205.621 Y165.179
G0 X202.894 Y164.472
G0 X202.718 Y160.781
G0 X202.995 Y160.889
;TYPE:SKIN
G1 F1500 E391.81734
G1 F1872.7 X203.394 Y160.585 E391.83402
G1 X203.633 Y160.129 E391.85115
G1 X203.632 Y159.619 E391.86811
G1 X203.402 Y159.155 E391.88533
G1 X202.988 Y158.855 E391.90234
G1 X202.498 Y158.768 E391.91889
G1 X202.196 Y158.834 E391.92917
G1 X201.809 Y159.056 E391.94401
G1 X201.626 Y159.276 E391.95353
G1 X201.459 Y159.734 E391.96974
G1 X201.472 Y160.041 E391.97996
G1 X201.635 Y160.483 E391.99563
G1 X202.003 Y160.826 E392.01236
G1 X202.483 Y160.976 E392.02909
G1 X202.995 Y160.889 E392.04636
G1 F1500 E385.54636
G0 F15000 X202.894 Y160.645
G0 X202.925 Y164.472
G0 X205.116 Y164.572
G0 X205.116 Y164.311
G1 F1500 E392.04636
G1 F1872.7 X199.988 Y164.312 E392.21692
G1 X197.423 Y159.868 E392.38758
G1 X199.988 Y155.428 E392.55813
G1 X205.116 Y155.428 E392.72869
G1 X207.681 Y159.868 E392.89923
G1 X205.116 Y164.311 E393.06987
G0 F15000 X205.116 Y164.572
G0 X200.316 Y164.572
G0 X200.316 Y164.112
G1 F1872.7 X199.811 Y163.608 E393.0936
G0 F15000 X199.415 Y163.835
G0 X199.877 Y164.506
G0 X200.881 Y164.572
G0 X200.881 Y164.112
G1 F1872.7 X199.04 Y162.27 E393.18022
G0 F15000 X198.643 Y162.498
G0 X197.872 Y161.16
G0 X198.268 Y160.933
G1 F1872.7 X201.447 Y164.112 E393.32975
G0 F15000 X202.013 Y164.112
G1 F1872.7 X197.696 Y159.795 E393.5328
G0 F15000 X197.903 Y159.436
G1 F1872.7 X202.578 Y164.111 E393.7527
G0 F15000 X203.143 Y164.111
G1 F1872.7 X198.11 Y159.078 E393.98944
G0 F15000 X198.317 Y158.719
G1 F1872.7 X203.709 Y164.111 E394.24306
G0 F15000 X204.275 Y164.111
G1 F1872.7 X198.524 Y158.361 E394.51355
G0 F15000 X198.732 Y158.002
G1 F1872.7 X204.84 Y164.111 E394.80087
G0 F15000 X205.15 Y163.855
G1 F1872.7 X202.473 Y161.178 E394.92679
G0 F15000 X202.959 Y161.098
G1 F1872.7 X205.357 Y163.497 E395.03961
G0 F15000 X205.564 Y163.137
G1 F1872.7 X203.321 Y160.895 E395.14509
G0 F15000 X203.607 Y160.615
G1 F1872.7 X205.771 Y162.779 E395.24688
G0 F15000 X205.978 Y162.42
G1 F1872.7 X203.795 Y160.237 E395.34956
G0 F15000 X203.832 Y159.709
G1 F1872.7 X206.185 Y162.061 E395.46021
G0 F15000 X206.392 Y161.703
G1 F1872.7 X200.317 Y155.628 E395.74596
G0 F15000 X199.974 Y155.851
G1 F1872.7 X202.733 Y158.61 E395.87574
G0 F15000 X202.178 Y158.62
G1 F1872.7 X199.767 Y156.209 E395.98914
G0 F15000 X199.56 Y156.568
G1 F1872.7 X201.814 Y158.822 E396.09517
G0 F15000 X201.52 Y159.094
G1 F1872.7 X199.352 Y156.926 E396.19714
G0 F15000 X199.145 Y157.285
G1 F1872.7 X201.34 Y159.479 E396.30036
G0 F15000 X201.261 Y159.966
G1 F1872.7 X198.938 Y157.643 E396.40963
G0 F15000 X198.544 Y157.416
G0 X199.877 Y155.235
G0 X200.883 Y155.169
G0 X200.883 Y155.628
G1 F1872.7 X206.599 Y161.344 E396.67849
G0 F15000 X206.806 Y160.986
G1 F1872.7 X201.448 Y155.628 E396.93052
G0 F15000 X202.014 Y155.628
G1 F1872.7 X207.013 Y160.626 E397.16563
G0 F15000 X207.22 Y160.268
G1 F1872.7 X202.58 Y155.628 E397.38388
G0 F15000 X203.145 Y155.628
G1 F1872.7 X207.427 Y159.909 E397.58527
G0 F15000 X207.827 Y160.141
G0 X207.901 Y159.898
G0 X207.165 Y158.453
G0 X206.766 Y158.683
G1 F1872.7 X203.711 Y155.628 E397.72897
G0 F15000 X204.277 Y155.628
G1 F1872.7 X205.992 Y157.343 E397.80964
G0 F15000 X206.391 Y157.113
G0 X205.617 Y155.773
G0 X205.218 Y156.003
G1 F1872.7 X204.842 Y155.628 E397.8273
G1 F1500 E391.3273
;MESH:NONMESH
G0 F300 X204.842 Y155.628 Z15.2
G0 F15000 X204.842 Y155.169
G0 X202.894 Y155.269
G0 X202.716 Y158.965
G0 X202.894 Y160.645
G0 X203.008 Y160.923
;TIME_ELAPSED:907.878280
;LAYER:75
;note -- min layer time used
;TYPE:WALL-INNER
;MESH:WheelAdapter_v7.stl
G1 F1500 E397.8273
G1 F600 X203.237 Y160.79 E397.83611
G1 X203.429 Y160.608 E397.84491
G1 X203.58 Y160.378 E397.85406
G1 X203.667 Y160.141 E397.86246
G1 X203.697 Y159.872 E397.87146
G1 X203.667 Y159.603 E397.88046
G1 X203.58 Y159.364 E397.88892
G1 X203.429 Y159.133 E397.8981
G1 X203.244 Y158.96 E397.90652
G1 X203.004 Y158.821 E397.91575
G1 X202.756 Y158.748 E397.92435
G1 X202.487 Y158.731 E397.93331
G1 X202.236 Y158.776 E397.94179
G1 X201.982 Y158.885 E397.95099
G1 X201.77 Y159.042 E397.95976
G1 X201.6 Y159.245 E397.96857
G1 X201.483 Y159.473 E397.97709
G1 X201.42 Y159.743 E397.98631
G1 X201.42 Y160 E397.99486
G1 X201.483 Y160.268 E398.00402
G1 X201.6 Y160.498 E398.0126
G1 X201.77 Y160.698 E398.02133
G1 X201.985 Y160.86 E398.03028
G1 X202.232 Y160.966 E398.03922
G1 X202.487 Y161.011 E398.04783
G1 X202.76 Y160.996 E398.05693
G1 X203.008 Y160.923 E398.06553
G0 F15000 X203.168 Y161.293
G1 F600 X203.478 Y161.112 E398.07747
G1 X203.737 Y160.867 E398.08932
G1 X203.94 Y160.56 E398.10157
G1 X204.059 Y160.233 E398.11314
G1 X204.1 Y159.872 E398.12522
G1 X204.059 Y159.511 E398.13731
G1 X203.94 Y159.183 E398.14891
G1 X203.737 Y158.874 E398.16121
G1 X203.484 Y158.637 E398.17274
G1 X203.164 Y158.451 E398.18505
G1 X202.826 Y158.351 E398.19677
G1 X202.464 Y158.328 E398.20884
G1 X202.119 Y158.391 E398.2205
G1 X201.781 Y158.536 E398.23274
G1 X201.494 Y158.749 E398.24462
G1 X201.264 Y159.022 E398.2565
G1 X201.105 Y159.335 E398.26817
G1 X201.02 Y159.697 E398.28054
G1 X201.02 Y160.046 E398.29215
G1 X201.105 Y160.405 E398.30442
G1 X201.264 Y160.721 E398.31618
G1 X201.494 Y160.992 E398.32801
G1 X201.783 Y161.209 E398.34003
G1 X202.117 Y161.352 E398.35211
G1 X202.464 Y161.413 E398.36383
G1 X202.829 Y161.392 E398.37599
G1 X203.168 Y161.293 E398.38774
G0 F15000 X203.328 Y161.663
;TYPE:WALL-OUTER
G1 F600 X203.719 Y161.434 E398.40281
G1 X204.045 Y161.126 E398.41772
G1 X204.3 Y160.741 E398.43308
G1 X204.451 Y160.325 E398.4478
G1 X204.502 Y159.872 E398.46296
G1 X204.451 Y159.419 E398.47813
G1 X204.3 Y159.003 E398.49285
G1 X204.045 Y158.614 E398.50832
G1 X203.724 Y158.314 E398.52293
G1 X203.324 Y158.081 E398.53833
G1 X202.896 Y157.955 E398.55316
G1 X202.44 Y157.926 E398.56836
G1 X202.003 Y158.005 E398.58313
G1 X201.581 Y158.187 E398.59842
G1 X201.218 Y158.455 E398.61343
G1 X200.928 Y158.8 E398.62842
G1 X200.726 Y159.197 E398.64323
G1 X200.62 Y159.651 E398.65874
G1 X200.62 Y160.092 E398.6734
G1 X200.726 Y160.543 E398.68881
G1 X200.928 Y160.944 E398.70375
G1 X201.218 Y161.285 E398.71864
G1 X201.581 Y161.557 E398.73372
G1 X202.002 Y161.738 E398.74896
G1 X202.44 Y161.815 E398.76376
G1 X202.897 Y161.789 E398.77898
G1 X203.328 Y161.663 E398.79392
G0 F15000 X202.928 Y160.728
;MESH:NONMESH
G0 F300 X202.928 Y160.728 Z15.4
G0 F15000 X203.008 Y160.923
;TIME_ELAPSED:911.366544
;LAYER:76
;note -- min layer time used
;TYPE:WALL-INNER
;MESH:WheelAdapter_v7.stl
G1 F600 X203.237 Y160.79 E398.80272
G1 X203.429 Y160.608 E398.81152
G1 X203.58 Y160.378 E398.82067
G1 X203.667 Y160.141 E398.82907
G1 X203.697 Y159.872 E398.83807
G1 X203.667 Y159.603 E398.84708
G1 X203.58 Y159.364 E398.85554
G1 X203.429 Y159.133 E398.86471
G1 X203.244 Y158.96 E398.87314
G1 X203.004 Y158.821 E398.88236
G1 X202.756 Y158.748 E398.89096
G1 X202.487 Y158.731 E398.89993
G1 X202.236 Y158.776 E398.90841
G1 X201.982 Y158.885 E398.9176
G1 X201.77 Y159.042 E398.92637
G1 X201.6 Y159.245 E398.93518
G1 X201.483 Y159.473 E398.94371
G1 X201.42 Y159.743 E398.95293
G1 X201.42 Y160 E398.96147
G1 X201.483 Y160.268 E398.97063
G1 X201.6 Y160.498 E398.97921
G1 X201.77 Y160.698 E398.98794
G1 X201.985 Y160.86 E398.9969
G1 X202.232 Y160.966 E399.00584
G1 X202.487 Y161.011 E399.01445
G1 X202.76 Y160.996 E399.02354
G1 X203.008 Y160.923 E399.03214
G0 F15000 X203.168 Y161.293
G1 F600 X203.478 Y161.112 E399.04408
G1 X203.737 Y160.867 E399.05594
G1 X203.94 Y160.56 E399.06818
G1 X204.059 Y160.233 E399.07975
G1 X204.1 Y159.872 E399.09184
G1 X204.059 Y159.511 E399.10392
G1 X203.94 Y159.183 E399.11553
G1 X203.737 Y158.874 E399.12782
G1 X203.484 Y158.637 E399.13935
G1 X203.164 Y158.451 E399.15167
G1 X202.826 Y158.351 E399.16339
G1 X202.464 Y158.328 E399.17545
G1 X202.119 Y158.391 E399.18712
G1 X201.781 Y158.536 E399.19935
G1 X201.494 Y158.749 E399.21124
G1 X201.264 Y159.022 E399.22311
G1 X201.105 Y159.335 E399.23479
G1 X201.02 Y159.697 E399.24716
G1 X201.02 Y160.046 E399.25876
G1 X201.105 Y160.405 E399.27103
G1 X201.264 Y160.721 E399.2828
G1 X201.494 Y160.992 E399.29462
G1 X201.783 Y161.209 E399.30664
G1 X202.117 Y161.352 E399.31873
G1 X202.464 Y161.413 E399.33044
G1 X202.829 Y161.392 E399.3426
G1 X203.168 Y161.293 E399.35435
G0 F15000 X203.328 Y161.663
;TYPE:WALL-OUTER
G1 F600 X203.719 Y161.434 E399.36942
G1 X204.045 Y161.126 E399.38434
G1 X204.3 Y160.741 E399.3997
G1 X204.451 Y160.325 E399.41442
G1 X204.502 Y159.872 E399.42958
G1 X204.451 Y159.419 E399.44474
G1 X204.3 Y159.003 E399.45946
G1 X204.045 Y158.614 E399.47493
G1 X203.724 Y158.314 E399.48954
G1 X203.324 Y158.081 E399.50494
G1 X202.896 Y157.955 E399.51978
G1 X202.44 Y157.926 E399.53498
G1 X202.003 Y158.005 E399.54975
G1 X201.581 Y158.187 E399.56503
G1 X201.218 Y158.455 E399.58004
G1 X200.928 Y158.8 E399.59503
G1 X200.726 Y159.197 E399.60985
G1 X200.62 Y159.651 E399.62535
G1 X200.62 Y160.092 E399.64002
G1 X200.726 Y160.543 E399.65543
G1 X200.928 Y160.944 E399.67036
G1 X201.218 Y161.285 E399.68525
G1 X201.581 Y161.557 E399.70034
G1 X202.002 Y161.738 E399.71558
G1 X202.44 Y161.815 E399.73037
G1 X202.897 Y161.789 E399.7456
G1 X203.328 Y161.663 E399.76053
G0 F15000 X202.928 Y160.728
;MESH:NONMESH
G0 F300 X202.928 Y160.728 Z15.6
G0 F15000 X203.008 Y160.923
;TIME_ELAPSED:914.549590
;LAYER:77
;note -- min layer time used
;TYPE:WALL-INNER
;MESH:WheelAdapter_v7.stl
G1 F600 X203.237 Y160.79 E399.76934
G1 X203.429 Y160.608 E399.77814
G1 X203.58 Y160.378 E399.78729
G1 X203.667 Y160.141 E399.79569
G1 X203.697 Y159.872 E399.80469
G1 X203.667 Y159.603 E399.81369
G1 X203.58 Y159.364 E399.82215
G1 X203.429 Y159.133 E399.83133
G1 X203.244 Y158.96 E399.83975
G1 X203.004 Y158.821 E399.84898
G1 X202.756 Y158.748 E399.85758
G1 X202.487 Y158.731 E399.86654
G1 X202.236 Y158.776 E399.87502
G1 X201.982 Y158.885 E399.88422
G1 X201.77 Y159.042 E399.89299
G1 X201.6 Y159.245 E399.9018
G1 X201.483 Y159.473 E399.91032
G1 X201.42 Y159.743 E399.91954
G1 X201.42 Y160 E399.92809
G1 X201.483 Y160.268 E399.93725
G1 X201.6 Y160.498 E399.94583
G1 X201.77 Y160.698 E399.95456
G1 X201.985 Y160.86 E399.96351
G1 X202.232 Y160.966 E399.97245
G1 X202.487 Y161.011 E399.98107
G1 X202.76 Y160.996 E399.99016
G1 X203.008 Y160.923 E399.99876
G0 F15000 X203.168 Y161.293
G1 F600 X203.478 Y161.112 E400.0107
G1 X203.737 Y160.867 E400.02255
G1 X203.94 Y160.56 E400.0348
G1 X204.059 Y160.233 E400.04637
G1 X204.1 Y159.872 E400.05845
G1 X204.059 Y159.511 E400.07054
G1 X203.94 Y159.183 E400.08214
G1 X203.737 Y158.874 E400.09444
G1 X203.484 Y158.637 E400.10597
G1 X203.164 Y158.451 E400.11828
G1 X202.826 Y158.351 E400.13
G1 X202.464 Y158.328 E400.14207
G1 X202.119 Y158.391 E400.15373
G1 X201.781 Y158.536 E400.16597
G1 X201.494 Y158.749 E400.17785
G1 X201.264 Y159.022 E400.18973
G1 X201.105 Y159.335 E400.2014
G1 X201.02 Y159.697 E400.21377
G1 X201.02 Y160.046 E400.22538
G1 X201.105 Y160.405 E400.23765
G1 X201.264 Y160.721 E400.24941
G1 X201.494 Y160.992 E400.26124
G1 X201.783 Y161.209 E400.27326
G1 X202.117 Y161.352 E400.28534
G1 X202.464 Y161.413 E400.29706
G1 X202.829 Y161.392 E400.30922
G1 X203.168 Y161.293 E400.32097
G0 F15000 X203.328 Y161.663
;TYPE:WALL-OUTER
G1 F600 X203.719 Y161.434 E400.33604
G1 X204.045 Y161.126 E400.35095
G1 X204.3 Y160.741 E400.36631
G1 X204.451 Y160.325 E400.38103
G1 X204.502 Y159.872 E400.39619
G1 X204.451 Y159.419 E400.41136
G1 X204.3 Y159.003 E400.42608
G1 X204.045 Y158.614 E400.44155
G1 X203.724 Y158.314 E400.45616
G1 X203.324 Y158.081 E400.47156
G1 X202.896 Y157.955 E400.48639
G1 X202.44 Y157.926 E400.50159
G1 X202.003 Y158.005 E400.51636
G1 X201.581 Y158.187 E400.53165
G1 X201.218 Y158.455 E400.54666
G1 X200.928 Y158.8 E400.56165
G1 X200.726 Y159.197 E400.57646
G1 X200.62 Y159.651 E400.59197
G1 X200.62 Y160.092 E400.60663
G1 X200.726 Y160.543 E400.62204
G1 X200.928 Y160.944 E400.63698
G1 X201.218 Y161.285 E400.65187
G1 X201.581 Y161.557 E400.66695
G1 X202.002 Y161.738 E400.68219
G1 X202.44 Y161.815 E400.69699
G1 X202.897 Y161.789 E400.71221
G1 X203.328 Y161.663 E400.72715
G0 F15000 X203.208 Y161.376
G0 X203.387 Y160.524
;TYPE:FILL
G1 F600 X203.591 Y159.76 E400.75345
G0 F15000 X202.666 Y158.839
G1 F600 X201.9 Y159.045 E400.77983
G0 F15000 X201.566 Y160.254
G1 F600 X202.139 Y160.827 E400.80678
G0 F15000 X202.185 Y160.721
;MESH:NONMESH
G0 F300 X202.185 Y160.721 Z15.8
G0 F15000 X203.008 Y160.923
;TIME_ELAPSED:918.237722
;LAYER:78
;note -- min layer time used
;TYPE:WALL-INNER
;MESH:WheelAdapter_v7.stl
G1 F600 X203.237 Y160.79 E400.81559
G1 X203.429 Y160.608 E400.82439
G1 X203.58 Y160.378 E400.83354
G1 X203.667 Y160.141 E400.84194
G1 X203.697 Y159.872 E400.85094
G1 X203.667 Y159.603 E400.85994
G1 X203.58 Y159.364 E400.8684
G1 X203.429 Y159.133 E400.87758
G1 X203.244 Y158.96 E400.886
G1 X203.004 Y158.821 E400.89523
G1 X202.756 Y158.748 E400.90383
G1 X202.487 Y158.731 E400.91279
G1 X202.236 Y158.776 E400.92127
G1 X201.982 Y158.885 E400.93047
G1 X201.77 Y159.042 E400.93924
G1 X201.6 Y159.245 E400.94805
G1 X201.483 Y159.473 E400.95657
G1 X201.42 Y159.743 E400.96579
G1 X201.42 Y160 E400.97434
G1 X201.483 Y160.268 E400.9835
G1 X201.6 Y160.498 E400.99208
G1 X201.77 Y160.698 E401.00081
G1 X201.985 Y160.86 E401.00976
G1 X202.232 Y160.966 E401.0187
G1 X202.487 Y161.011 E401.02732
G1 X202.76 Y160.996 E401.03641
G1 X203.008 Y160.923 E401.04501
G0 F15000 X203.168 Y161.293
G1 F600 X203.478 Y161.112 E401.05695
G1 X203.737 Y160.867 E401.06881
G1 X203.94 Y160.56 E401.08105
G1 X204.059 Y160.233 E401.09262
G1 X204.1 Y159.872 E401.1047
G1 X204.059 Y159.511 E401.11679
G1 X203.94 Y159.183 E401.12839
G1 X203.737 Y158.874 E401.14069
G1 X203.484 Y158.637 E401.15222
G1 X203.164 Y158.451 E401.16453
G1 X202.826 Y158.351 E401.17625
G1 X202.464 Y158.328 E401.18832
G1 X202.119 Y158.391 E401.19998
G1 X201.781 Y158.536 E401.21222
G1 X201.494 Y158.749 E401.2241
G1 X201.264 Y159.022 E401.23598
G1 X201.105 Y159.335 E401.24765
G1 X201.02 Y159.697 E401.26002
G1 X201.02 Y160.046 E401.27163
G1 X201.105 Y160.405 E401.2839
G1 X201.264 Y160.721 E401.29567
G1 X201.494 Y160.992 E401.30749
G1 X201.783 Y161.209 E401.31951
G1 X202.117 Y161.352 E401.33159
G1 X202.464 Y161.413 E401.34331
G1 X202.829 Y161.392 E401.35547
G1 X203.168 Y161.293 E401.36722
G0 F15000 X203.328 Y161.663
;TYPE:WALL-OUTER
G1 F600 X203.719 Y161.434 E401.38229
G1 X204.045 Y161.126 E401.3972
G1 X204.3 Y160.741 E401.41256
G1 X204.451 Y160.325 E401.42728
G1 X204.502 Y159.872 E401.44244
G1 X204.451 Y159.419 E401.45761
G1 X204.3 Y159.003 E401.47233
G1 X204.045 Y158.614 E401.4878
G1 X203.724 Y158.314 E401.50241
G1 X203.324 Y158.081 E401.51781
G1 X202.896 Y157.955 E401.53265
G1 X202.44 Y157.926 E401.54784
G1 X202.003 Y158.005 E401.56261
G1 X201.581 Y158.187 E401.5779
G1 X201.218 Y158.455 E401.59291
G1 X200.928 Y158.8 E401.6079
G1 X200.726 Y159.197 E401.62271
G1 X200.62 Y159.651 E401.63822
G1 X200.62 Y160.092 E401.65289
G1 X200.726 Y160.543 E401.66829
G1 X200.928 Y160.944 E401.68323
G1 X201.218 Y161.285 E401.69812
G1 X201.581 Y161.557 E401.7132
G1 X202.002 Y161.738 E401.72845
G1 X202.44 Y161.815 E401.74324
G1 X202.897 Y161.789 E401.75846
G1 X203.328 Y161.663 E401.7734
G0 F15000 X203.195 Y160.689
;TYPE:FILL
G1 F600 X203.519 Y159.48 E401.81503
G0 F15000 X202.983 Y158.902
G1 F600 X201.732 Y159.237 E401.8581
G0 F15000 X201.529 Y160.016
G1 F600 X202.426 Y160.913 E401.90029
G0 F15000 X202.449 Y160.795
;MESH:NONMESH
G0 F300 X202.449 Y160.795 Z16
G0 F15000 X203.008 Y160.923
;TIME_ELAPSED:922.003092
;LAYER:79
;note -- min layer time used
;TYPE:WALL-INNER
;MESH:WheelAdapter_v7.stl
G1 F600 X203.237 Y160.79 E401.9091
G1 X203.429 Y160.608 E401.9179
G1 X203.58 Y160.378 E401.92705
G1 X203.667 Y160.141 E401.93545
G1 X203.697 Y159.872 E401.94445
G1 X203.667 Y159.603 E401.95345
G1 X203.58 Y159.364 E401.96191
G1 X203.429 Y159.133 E401.97109
G1 X203.244 Y158.96 E401.97952
G1 X203.004 Y158.821 E401.98874
G1 X202.756 Y158.748 E401.99734
G1 X202.487 Y158.731 E402.0063
G1 X202.236 Y158.776 E402.01479
G1 X201.982 Y158.885 E402.02398
G1 X201.77 Y159.042 E402.03275
G1 X201.6 Y159.245 E402.04156
G1 X201.483 Y159.473 E402.05008
G1 X201.42 Y159.743 E402.0593
G1 X201.42 Y160 E402.06785
G1 X201.483 Y160.268 E402.07701
G1 X201.6 Y160.498 E402.08559
G1 X201.77 Y160.698 E402.09432
G1 X201.985 Y160.86 E402.10328
G1 X202.232 Y160.966 E402.11222
G1 X202.487 Y161.011 E402.12083
G1 X202.76 Y160.996 E402.12992
G1 X203.008 Y160.923 E402.13852
G0 F15000 X203.168 Y161.293
G1 F600 X203.478 Y161.112 E402.15046
G1 X203.737 Y160.867 E402.16232
G1 X203.94 Y160.56 E402.17456
G1 X204.059 Y160.233 E402.18613
G1 X204.1 Y159.872 E402.19822
G1 X204.059 Y159.511 E402.2103
G1 X203.94 Y159.183 E402.22191
G1 X203.737 Y158.874 E402.2342
G1 X203.484 Y158.637 E402.24573
G1 X203.164 Y158.451 E402.25804
G1 X202.826 Y158.351 E402.26977
G1 X202.464 Y158.328 E402.28183
G1 X202.119 Y158.391 E402.2935
G1 X201.781 Y158.536 E402.30573
G1 X201.494 Y158.749 E402.31762
G1 X201.264 Y159.022 E402.32949
G1 X201.105 Y159.335 E402.34117
G1 X201.02 Y159.697 E402.35353
G1 X201.02 Y160.046 E402.36514
G1 X201.105 Y160.405 E402.37741
G1 X201.264 Y160.721 E402.38918
G1 X201.494 Y160.992 E402.401
G1 X201.783 Y161.209 E402.41302
G1 X202.117 Y161.352 E402.4251
G1 X202.464 Y161.413 E402.43682
G1 X202.829 Y161.392 E402.44898
G1 X203.168 Y161.293 E402.46073
G0 F15000 X203.328 Y161.663
;TYPE:WALL-OUTER
G1 F600 X203.719 Y161.434 E402.4758
G1 X204.045 Y161.126 E402.49072
G1 X204.3 Y160.741 E402.50607
G1 X204.451 Y160.325 E402.52079
G1 X204.502 Y159.872 E402.53596
G1 X204.451 Y159.419 E402.55112
G1 X204.3 Y159.003 E402.56584
G1 X204.045 Y158.614 E402.58131
G1 X203.724 Y158.314 E402.59592
G1 X203.324 Y158.081 E402.61132
G1 X202.896 Y157.955 E402.62616
G1 X202.44 Y157.926 E402.64135
G1 X202.003 Y158.005 E402.65613
G1 X201.581 Y158.187 E402.67141
G1 X201.218 Y158.455 E402.68642
G1 X200.928 Y158.8 E402.70141
G1 X200.726 Y159.197 E402.71622
G1 X200.62 Y159.651 E402.73173
G1 X200.62 Y160.092 E402.7464
G1 X200.726 Y160.543 E402.76181
G1 X200.928 Y160.944 E402.77674
G1 X201.218 Y161.285 E402.79163
G1 X201.581 Y161.557 E402.80672
G1 X202.002 Y161.738 E402.82196
G1 X202.44 Y161.815 E402.83675
G1 X202.897 Y161.789 E402.85197
G1 X203.328 Y161.663 E402.86691
G0 F15000 X203.013 Y160.827
;TYPE:FILL
G1 F600 X203.424 Y159.292 E402.91976
G0 F15000 X203.13 Y159.008
G1 F600 X201.614 Y159.414 E402.97196
G0 F15000 X201.501 Y159.789
G1 F600 X202.623 Y160.911 E403.02474
G0 F15000 X202.618 Y160.797
;MESH:NONMESH
G0 F300 X202.618 Y160.797 Z16.2
G0 F15000 X203.008 Y160.923
;TIME_ELAPSED:925.803906
;LAYER:80
;note -- min layer time used
;TYPE:WALL-INNER
;MESH:WheelAdapter_v7.stl
G1 F600 X203.237 Y160.79 E403.03354
G1 X203.429 Y160.608 E403.04234
G1 X203.58 Y160.378 E403.05149
G1 X203.667 Y160.141 E403.05989
G1 X203.697 Y159.872 E403.06889
G1 X203.667 Y159.603 E403.0779
G1 X203.58 Y159.364 E403.08636
G1 X203.429 Y159.133 E403.09553
G1 X203.244 Y158.96 E403.10396
G1 X203.004 Y158.821 E403.11318
G1 X202.756 Y158.748 E403.12178
G1 X202.487 Y158.731 E403.13075
G1 X202.236 Y158.776 E403.13923
G1 X201.982 Y158.885 E403.14842
G1 X201.77 Y159.042 E403.1572
G1 X201.6 Y159.245 E403.166
G1 X201.483 Y159.473 E403.17453
G1 X201.42 Y159.743 E403.18375
G1 X201.42 Y160 E403.19229
G1 X201.483 Y160.268 E403.20145
G1 X201.6 Y160.498 E403.21003
G1 X201.77 Y160.698 E403.21876
G1 X201.985 Y160.86 E403.22772
G1 X202.232 Y160.966 E403.23666
G1 X202.487 Y161.011 E403.24527
G1 X202.76 Y160.996 E403.25436
G1 X203.008 Y160.923 E403.26296
G0 F15000 X203.168 Y161.293
G1 F600 X203.478 Y161.112 E403.2749
G1 X203.737 Y160.867 E403.28676
G1 X203.94 Y160.56 E403.299
G1 X204.059 Y160.233 E403.31057
G1 X204.1 Y159.872 E403.32266
G1 X204.059 Y159.511 E403.33474
G1 X203.94 Y159.183 E403.34635
G1 X203.737 Y158.874 E403.35865
G1 X203.484 Y158.637 E403.37018
G1 X203.164 Y158.451 E403.38249
G1 X202.826 Y158.351 E403.39421
G1 X202.464 Y158.328 E403.40627
G1 X202.119 Y158.391 E403.41794
G1 X201.781 Y158.536 E403.43017
G1 X201.494 Y158.749 E403.44206
G1 X201.264 Y159.022 E403.45393
G1 X201.105 Y159.335 E403.46561
G1 X201.02 Y159.697 E403.47798
G1 X201.02 Y160.046 E403.48958
G1 X201.105 Y160.405 E403.50185
G1 X201.264 Y160.721 E403.51362
G1 X201.494 Y160.992 E403.52544
G1 X201.783 Y161.209 E403.53746
G1 X202.117 Y161.352 E403.54955
G1 X202.464 Y161.413 E403.56126
G1 X202.829 Y161.392 E403.57342
G1 X203.168 Y161.293 E403.58517
G0 F15000 X203.328 Y161.663
;TYPE:WALL-OUTER
G1 F600 X203.719 Y161.434 E403.60024
G1 X204.045 Y161.126 E403.61516
G1 X204.3 Y160.741 E403.63052
G1 X204.451 Y160.325 E403.64524
G1 X204.502 Y159.872 E403.6604
G1 X204.451 Y159.419 E403.67556
G1 X204.3 Y159.003 E403.69028
G1 X204.045 Y158.614 E403.70575
G1 X203.724 Y158.314 E403.72036
G1 X203.324 Y158.081 E403.73576
G1 X202.896 Y157.955 E403.7506
G1 X202.44 Y157.926 E403.7658
G1 X202.003 Y158.005 E403.78057
G1 X201.581 Y158.187 E403.79585
G1 X201.218 Y158.455 E403.81086
G1 X200.928 Y158.8 E403.82585
G1 X200.726 Y159.197 E403.84067
G1 X200.62 Y159.651 E403.85617
G1 X200.62 Y160.092 E403.87084
G1 X200.726 Y160.543 E403.88625
G1 X200.928 Y160.944 E403.90118
G1 X201.218 Y161.285 E403.91607
G1 X201.581 Y161.557 E403.93116
G1 X202.002 Y161.738 E403.9464
G1 X202.44 Y161.815 E403.96119
G1 X202.897 Y161.789 E403.97642
G1 X203.328 Y161.663 E403.99135
G0 F15000 X202.853 Y160.874
;TYPE:FILL
G1 F600 X203.316 Y159.145 E404.05088
G1 X203.278 Y159.116
G1 X201.541 Y159.581 E404.11069
G1 X201.531 Y159.618
G1 X202.795 Y160.882 E404.17015
G0 F15000 X202.765 Y160.776
;MESH:NONMESH
G0 F300 X202.765 Y160.776 Z16.4
G0 F15000 X203.008 Y160.923
;TIME_ELAPSED:929.564950
;LAYER:81
;note -- min layer time used
;TYPE:WALL-INNER
;MESH:WheelAdapter_v7.stl
G1 F600 X203.237 Y160.79 E404.17895
G1 X203.429 Y160.608 E404.18775
G1 X203.58 Y160.378 E404.1969
G1 X203.667 Y160.141 E404.2053
G1 X203.697 Y159.872 E404.2143
G1 X203.667 Y159.603 E404.22331
G1 X203.58 Y159.364 E404.23177
G1 X203.429 Y159.133 E404.24094
G1 X203.244 Y158.96 E404.24937
G1 X203.004 Y158.821 E404.25859
G1 X202.756 Y158.748 E404.26719
G1 X202.487 Y158.731 E404.27616
G1 X202.236 Y158.776 E404.28464
G1 X201.982 Y158.885 E404.29383
G1 X201.77 Y159.042 E404.30261
G1 X201.6 Y159.245 E404.31141
G1 X201.483 Y159.473 E404.31994
G1 X201.42 Y159.743 E404.32916
G1 X201.42 Y160 E404.3377
G1 X201.483 Y160.268 E404.34686
G1 X201.6 Y160.498 E404.35544
G1 X201.77 Y160.698 E404.36417
G1 X201.985 Y160.86 E404.37313
G1 X202.232 Y160.966 E404.38207
G1 X202.487 Y161.011 E404.39068
G1 X202.76 Y160.996 E404.39977
G1 X203.008 Y160.923 E404.40837
G0 F15000 X203.168 Y161.293
G1 F600 X203.478 Y161.112 E404.42031
G1 X203.737 Y160.867 E404.43217
G1 X203.94 Y160.56 E404.44441
G1 X204.059 Y160.233 E404.45598
G1 X204.1 Y159.872 E404.46807
G1 X204.059 Y159.511 E404.48015
G1 X203.94 Y159.183 E404.49176
G1 X203.737 Y158.874 E404.50405
G1 X203.484 Y158.637 E404.51559
G1 X203.164 Y158.451 E404.5279
G1 X202.826 Y158.351 E404.53962
G1 X202.464 Y158.328 E404.55168
G1 X202.119 Y158.391 E404.56335
G1 X201.781 Y158.536 E404.57558
G1 X201.494 Y158.749 E404.58747
G1 X201.264 Y159.022 E404.59934
G1 X201.105 Y159.335 E404.61102
G1 X201.02 Y159.697 E404.62339
G1 X201.02 Y160.046 E404.63499
G1 X201.105 Y160.405 E404.64726
G1 X201.264 Y160.721 E404.65903
G1 X201.494 Y160.992 E404.67085
G1 X201.783 Y161.209 E404.68287
G1 X202.117 Y161.352 E404.69496
G1 X202.464 Y161.413 E404.70667
G1 X202.829 Y161.392 E404.71883
G1 X203.168 Y161.293 E404.73058
G0 F15000 X203.328 Y161.663
;TYPE:WALL-OUTER
G1 F600 X203.719 Y161.434 E404.74565
G1 X204.045 Y161.126 E404.76057
G1 X204.3 Y160.741 E404.77593
G1 X204.451 Y160.325 E404.79065
G1 X204.502 Y159.872 E404.80581
G1 X204.451 Y159.419 E404.82097
G1 X204.3 Y159.003 E404.83569
G1 X204.045 Y158.614 E404.85116
G1 X203.724 Y158.314 E404.86577
G1 X203.324 Y158.081 E404.88117
G1 X202.896 Y157.955 E404.89601
G1 X202.44 Y157.926 E404.91121
G1 X202.003 Y158.005 E404.92598
G1 X201.581 Y158.187 E404.94126
G1 X201.218 Y158.455 E404.95627
G1 X200.928 Y158.8 E404.97126
G1 X200.726 Y159.197 E404.98608
G1 X200.62 Y159.651 E405.00158
G1 X200.62 Y160.092 E405.01625
G1 X200.726 Y160.543 E405.03166
G1 X200.928 Y160.944 E405.04659
G1 X201.218 Y161.285 E405.06148
G1 X201.581 Y161.557 E405.07657
G1 X202.002 Y161.738 E405.09181
G1 X202.44 Y161.815 E405.1066
G1 X202.897 Y161.789 E405.12183
G1 X203.328 Y161.663 E405.13676
G0 F15000 X202.966 Y160.853
;TYPE:FILL
G1 F600 X201.578 Y159.466 E405.20202
G0 F15000 X201.503 Y159.737
G1 F600 X203.393 Y159.231 E405.2671
G0 F15000 X203.194 Y159.056
G1 F600 X202.7 Y160.899 E405.33056
G0 F15000 X202.695 Y160.792
;MESH:NONMESH
G0 F300 X202.695 Y160.792 Z16.6
G0 F15000 X203.008 Y160.923
;TIME_ELAPSED:933.451097
;LAYER:82
;note -- min layer time used
;TYPE:WALL-INNER
;MESH:WheelAdapter_v7.stl
G1 F600 X203.237 Y160.79 E405.33937
G1 X203.429 Y160.608 E405.34817
G1 X203.58 Y160.378 E405.35732
G1 X203.667 Y160.141 E405.36572
G1 X203.697 Y159.872 E405.37472
G1 X203.667 Y159.603 E405.38372
G1 X203.58 Y159.364 E405.39218
G1 X203.429 Y159.133 E405.40136
G1 X203.244 Y158.96 E405.40979
G1 X203.004 Y158.821 E405.41901
G1 X202.756 Y158.748 E405.42761
G1 X202.487 Y158.731 E405.43657
G1 X202.236 Y158.776 E405.44505
G1 X201.982 Y158.885 E405.45425
G1 X201.77 Y159.042 E405.46302
G1 X201.6 Y159.245 E405.47183
G1 X201.483 Y159.473 E405.48035
G1 X201.42 Y159.743 E405.48957
G1 X201.42 Y160 E405.49812
G1 X201.483 Y160.268 E405.50728
G1 X201.6 Y160.498 E405.51586
G1 X201.77 Y160.698 E405.52459
G1 X201.985 Y160.86 E405.53354
G1 X202.232 Y160.966 E405.54248
G1 X202.487 Y161.011 E405.5511
G1 X202.76 Y160.996 E405.56019
G1 X203.008 Y160.923 E405.56879
G0 F15000 X203.168 Y161.293
G1 F600 X203.478 Y161.112 E405.58073
G1 X203.737 Y160.867 E405.59259
G1 X203.94 Y160.56 E405.60483
G1 X204.059 Y160.233 E405.6164
G1 X204.1 Y159.872 E405.62849
G1 X204.059 Y159.511 E405.64057
G1 X203.94 Y159.183 E405.65217
G1 X203.737 Y158.874 E405.66447
G1 X203.484 Y158.637 E405.676
G1 X203.164 Y158.451 E405.68831
G1 X202.826 Y158.351 E405.70004
G1 X202.464 Y158.328 E405.7121
G1 X202.119 Y158.391 E405.72376
G1 X201.781 Y158.536 E405.736
G1 X201.494 Y158.749 E405.74788
G1 X201.264 Y159.022 E405.75976
G1 X201.105 Y159.335 E405.77143
G1 X201.02 Y159.697 E405.7838
G1 X201.02 Y160.046 E405.79541
G1 X201.105 Y160.405 E405.80768
G1 X201.264 Y160.721 E405.81945
G1 X201.494 Y160.992 E405.83127
G1 X201.783 Y161.209 E405.84329
G1 X202.117 Y161.352 E405.85537
G1 X202.464 Y161.413 E405.86709
G1 X202.829 Y161.392 E405.87925
G1 X203.168 Y161.293 E405.891
G0 F15000 X203.328 Y161.663
;TYPE:WALL-OUTER
G1 F600 X203.719 Y161.434 E405.90607
G1 X204.045 Y161.126 E405.92098
G1 X204.3 Y160.741 E405.93634
G1 X204.451 Y160.325 E405.95106
G1 X204.502 Y159.872 E405.96623
G1 X204.451 Y159.419 E405.98139
G1 X204.3 Y159.003 E405.99611
G1 X204.045 Y158.614 E406.01158
G1 X203.724 Y158.314 E406.02619
G1 X203.324 Y158.081 E406.04159
G1 X202.896 Y157.955 E406.05643
G1 X202.44 Y157.926 E406.07162
G1 X202.003 Y158.005 E406.08639
G1 X201.581 Y158.187 E406.10168
G1 X201.218 Y158.455 E406.11669
G1 X200.928 Y158.8 E406.13168
G1 X200.726 Y159.197 E406.14649
G1 X200.62 Y159.651 E406.162
G1 X200.62 Y160.092 E406.17667
G1 X200.726 Y160.543 E406.19208
G1 X200.928 Y160.944 E406.20701
G1 X201.218 Y161.285 E406.2219
G1 X201.581 Y161.557 E406.23698
G1 X202.002 Y161.738 E406.25223
G1 X202.44 Y161.815 E406.26702
G1 X202.897 Y161.789 E406.28224
G1 X203.328 Y161.663 E406.29718
G0 F15000 X203.084 Y160.772
;TYPE:FILL
G1 F600 X201.658 Y159.347 E406.36423
G0 F15000 X201.513 Y159.88
G1 F600 X203.459 Y159.359 E406.43123
G0 F15000 X203.072 Y158.967
G1 F600 X202.547 Y160.924 E406.49862
G0 F15000 X202.541 Y160.801
;MESH:NONMESH
G0 F300 X202.541 Y160.801 Z16.8
G0 F15000 X203.008 Y160.923
;TIME_ELAPSED:937.408383
;LAYER:83
;note -- min layer time used
;TYPE:WALL-INNER
;MESH:WheelAdapter_v7.stl
G1 F600 X203.237 Y160.79 E406.50743
G1 X203.429 Y160.608 E406.51623
G1 X203.58 Y160.378 E406.52538
G1 X203.667 Y160.141 E406.53378
G1 X203.697 Y159.872 E406.54278
G1 X203.667 Y159.603 E406.55178
G1 X203.58 Y159.364 E406.56024
G1 X203.429 Y159.133 E406.56942
G1 X203.244 Y158.96 E406.57785
G1 X203.004 Y158.821 E406.58707
G1 X202.756 Y158.748 E406.59567
G1 X202.487 Y158.731 E406.60463
G1 X202.236 Y158.776 E406.61312
G1 X201.982 Y158.885 E406.62231
G1 X201.77 Y159.042 E406.63108
G1 X201.6 Y159.245 E406.63989
G1 X201.483 Y159.473 E406.64841
G1 X201.42 Y159.743 E406.65763
G1 X201.42 Y160 E406.66618
G1 X201.483 Y160.268 E406.67534
G1 X201.6 Y160.498 E406.68392
G1 X201.77 Y160.698 E406.69265
G1 X201.985 Y160.86 E406.70161
G1 X202.232 Y160.966 E406.71055
G1 X202.487 Y161.011 E406.71916
G1 X202.76 Y160.996 E406.72825
G1 X203.008 Y160.923 E406.73685
G0 F15000 X203.168 Y161.293
G1 F600 X203.478 Y161.112 E406.74879
G1 X203.737 Y160.867 E406.76065
G1 X203.94 Y160.56 E406.77289
G1 X204.059 Y160.233 E406.78446
G1 X204.1 Y159.872 E406.79655
G1 X204.059 Y159.511 E406.80863
G1 X203.94 Y159.183 E406.82024
G1 X203.737 Y158.874 E406.83253
G1 X203.484 Y158.637 E406.84406
G1 X203.164 Y158.451 E406.85637
G1 X202.826 Y158.351 E406.8681
G1 X202.464 Y158.328 E406.88016
G1 X202.119 Y158.391 E406.89183
G1 X201.781 Y158.536 E406.90406
G1 X201.494 Y158.749 E406.91595
G1 X201.264 Y159.022 E406.92782
G1 X201.105 Y159.335 E406.9395
G1 X201.02 Y159.697 E406.95186
G1 X201.02 Y160.046 E406.96347
G1 X201.105 Y160.405 E406.97574
G1 X201.264 Y160.721 E406.98751
G1 X201.494 Y160.992 E406.99933
G1 X201.783 Y161.209 E407.01135
G1 X202.117 Y161.352 E407.02343
G1 X202.464 Y161.413 E407.03515
G1 X202.829 Y161.392 E407.04731
G1 X203.168 Y161.293 E407.05906
G0 F15000 X203.328 Y161.663
;TYPE:WALL-OUTER
G1 F600 X203.719 Y161.434 E407.07413
G1 X204.045 Y161.126 E407.08905
G1 X204.3 Y160.741 E407.10441
G1 X204.451 Y160.325 E407.11912
G1 X204.502 Y159.872 E407.13429
G1 X204.451 Y159.419 E407.14945
G1 X204.3 Y159.003 E407.16417
G1 X204.045 Y158.614 E407.17964
G1 X203.724 Y158.314 E407.19425
G1 X203.324 Y158.081 E407.20965
G1 X202.896 Y157.955 E407.22449
G1 X202.44 Y157.926 E407.23969
G1 X202.003 Y158.005 E407.25446
G1 X201.581 Y158.187 E407.26974
G1 X201.218 Y158.455 E407.28475
G1 X200.928 Y158.8 E407.29974
G1 X200.726 Y159.197 E407.31455
G1 X200.62 Y159.651 E407.33006
G1 X200.62 Y160.092 E407.34473
G1 X200.726 Y160.543 E407.36014
G1 X200.928 Y160.944 E407.37507
G1 X201.218 Y161.285 E407.38996
G1 X201.581 Y161.557 E407.40505
G1 X202.002 Y161.738 E407.42029
G1 X202.44 Y161.815 E407.43508
G1 X202.897 Y161.789 E407.4503
G1 X203.328 Y161.663 E407.46524
G0 F15000 X203.198 Y160.686
;TYPE:FILL
G1 F600 X201.738 Y159.226 E407.53391
G0 F15000 X201.531 Y160.023
G1 F600 X203.525 Y159.488 E407.60258
G0 F15000 X202.946 Y158.888
G1 F600 X202.405 Y160.907 E407.6721
G0 F15000 X202.427 Y160.791
;MESH:NONMESH
G0 F300 X202.427 Y160.791 Z17
G0 F15000 X203.008 Y160.923
;TIME_ELAPSED:941.418952
;LAYER:84
;note -- min layer time used
;TYPE:WALL-INNER
;MESH:WheelAdapter_v7.stl
G1 F600 X203.237 Y160.79 E407.68091
G1 X203.429 Y160.608 E407.68971
G1 X203.58 Y160.378 E407.69886
G1 X203.667 Y160.141 E407.70726
G1 X203.697 Y159.872 E407.71626
G1 X203.667 Y159.603 E407.72526
G1 X203.58 Y159.364 E407.73372
G1 X203.429 Y159.133 E407.7429
G1 X203.244 Y158.96 E407.75132
G1 X203.004 Y158.821 E407.76055
G1 X202.756 Y158.748 E407.76915
G1 X202.487 Y158.731 E407.77811
G1 X202.236 Y158.776 E407.78659
G1 X201.982 Y158.885 E407.79579
G1 X201.77 Y159.042 E407.80456
G1 X201.6 Y159.245 E407.81337
G1 X201.483 Y159.473 E407.82189
G1 X201.42 Y159.743 E407.83111
G1 X201.42 Y160 E407.83966
G1 X201.483 Y160.268 E407.84882
G1 X201.6 Y160.498 E407.8574
G1 X201.77 Y160.698 E407.86613
G1 X201.985 Y160.86 E407.87508
G1 X202.232 Y160.966 E407.88402
G1 X202.487 Y161.011 E407.89263
G1 X202.76 Y160.996 E407.90173
G1 X203.008 Y160.923 E407.91033
G0 F15000 X203.168 Y161.293
G1 F600 X203.478 Y161.112 E407.92227
G1 X203.737 Y160.867 E407.93412
G1 X203.94 Y160.56 E407.94637
G1 X204.059 Y160.233 E407.95794
G1 X204.1 Y159.872 E407.97002
G1 X204.059 Y159.511 E407.98211
G1 X203.94 Y159.183 E407.99371
G1 X203.737 Y158.874 E408.00601
G1 X203.484 Y158.637 E408.01754
G1 X203.164 Y158.451 E408.02985
G1 X202.826 Y158.351 E408.04157
G1 X202.464 Y158.328 E408.05364
G1 X202.119 Y158.391 E408.0653
G1 X201.781 Y158.536 E408.07754
G1 X201.494 Y158.749 E408.08942
G1 X201.264 Y159.022 E408.1013
G1 X201.105 Y159.335 E408.11297
G1 X201.02 Y159.697 E408.12534
G1 X201.02 Y160.046 E408.13695
G1 X201.105 Y160.405 E408.14922
G1 X201.264 Y160.721 E408.16098
G1 X201.494 Y160.992 E408.17281
G1 X201.783 Y161.209 E408.18483
G1 X202.117 Y161.352 E408.19691
G1 X202.464 Y161.413 E408.20863
G1 X202.829 Y161.392 E408.22079
G1 X203.168 Y161.293 E408.23254
G0 F15000 X203.328 Y161.663
;TYPE:WALL-OUTER
G1 F600 X203.719 Y161.434 E408.24761
G1 X204.045 Y161.126 E408.26252
G1 X204.3 Y160.741 E408.27788
G1 X204.451 Y160.325 E408.2926
G1 X204.502 Y159.872 E408.30776
G1 X204.451 Y159.419 E408.32293
G1 X204.3 Y159.003 E408.33765
G1 X204.045 Y158.614 E408.35312
G1 X203.724 Y158.314 E408.36773
G1 X203.324 Y158.081 E408.38313
G1 X202.896 Y157.955 E408.39796
G1 X202.44 Y157.926 E408.41316
G1 X202.003 Y158.005 E408.42793
G1 X201.581 Y158.187 E408.44322
G1 X201.218 Y158.455 E408.45823
G1 X200.928 Y158.8 E408.47322
G1 X200.726 Y159.197 E408.48803
G1 X200.62 Y159.651 E408.50354
G1 X200.62 Y160.092 E408.5182
G1 X200.726 Y160.543 E408.53361
G1 X200.928 Y160.944 E408.54855
G1 X201.218 Y161.285 E408.56344
G1 X201.581 Y161.557 E408.57852
G1 X202.002 Y161.738 E408.59376
G1 X202.44 Y161.815 E408.60856
G1 X202.897 Y161.789 E408.62378
G1 X203.328 Y161.663 E408.63872
G0 F15000 X203.208 Y161.376
G0 X203.312 Y160.6
;TYPE:FILL
G1 F600 X201.818 Y159.106 E408.70899
G0 F15000 X202.807 Y158.863
G1 F600 X202.27 Y160.866 E408.77796
G0 F15000 X201.548 Y160.164
G1 F600 X203.59 Y159.617 E408.84827
G0 F15000 X203.463 Y159.66
;MESH:NONMESH
G0 F300 X203.463 Y159.66 Z17.2
G0 F15000 X203.008 Y160.923
;TIME_ELAPSED:945.494701
;LAYER:85
;note -- min layer time used
;TYPE:WALL-INNER
;MESH:WheelAdapter_v7.stl
G1 F600 X203.237 Y160.79 E408.85708
G1 X203.429 Y160.608 E408.86588
G1 X203.58 Y160.378 E408.87503
G1 X203.667 Y160.141 E408.88343
G1 X203.697 Y159.872 E408.89243
G1 X203.667 Y159.603 E408.90143
G1 X203.58 Y159.364 E408.90989
G1 X203.429 Y159.133 E408.91907
G1 X203.244 Y158.96 E408.9275
G1 X203.004 Y158.821 E408.93672
G1 X202.756 Y158.748 E408.94532
G1 X202.487 Y158.731 E408.95428
G1 X202.236 Y158.776 E408.96277
G1 X201.982 Y158.885 E408.97196
G1 X201.77 Y159.042 E408.98073
G1 X201.6 Y159.245 E408.98954
G1 X201.483 Y159.473 E408.99806
G1 X201.42 Y159.743 E409.00728
G1 X201.42 Y160 E409.01583
G1 X201.483 Y160.268 E409.02499
G1 X201.6 Y160.498 E409.03357
G1 X201.77 Y160.698 E409.0423
G1 X201.985 Y160.86 E409.05126
G1 X202.232 Y160.966 E409.0602
G1 X202.487 Y161.011 E409.06881
G1 X202.76 Y160.996 E409.0779
G1 X203.008 Y160.923 E409.0865
G0 F15000 X203.168 Y161.293
G1 F600 X203.478 Y161.112 E409.09844
G1 X203.737 Y160.867 E409.1103
G1 X203.94 Y160.56 E409.12254
G1 X204.059 Y160.233 E409.13411
G1 X204.1 Y159.872 E409.1462
G1 X204.059 Y159.511 E409.15828
G1 X203.94 Y159.183 E409.16989
G1 X203.737 Y158.874 E409.18218
G1 X203.484 Y158.637 E409.19371
G1 X203.164 Y158.451 E409.20602
G1 X202.826 Y158.351 E409.21775
G1 X202.464 Y158.328 E409.22981
G1 X202.119 Y158.391 E409.24148
G1 X201.781 Y158.536 E409.25371
G1 X201.494 Y158.749 E409.2656
G1 X201.264 Y159.022 E409.27747
G1 X201.105 Y159.335 E409.28915
G1 X201.02 Y159.697 E409.30151
G1 X201.02 Y160.046 E409.31312
G1 X201.105 Y160.405 E409.32539
G1 X201.264 Y160.721 E409.33716
G1 X201.494 Y160.992 E409.34898
G1 X201.783 Y161.209 E409.361
G1 X202.117 Y161.352 E409.37308
G1 X202.464 Y161.413 E409.3848
G1 X202.829 Y161.392 E409.39696
G1 X203.168 Y161.293 E409.40871
G0 F15000 X203.328 Y161.663
;TYPE:WALL-OUTER
G1 F600 X203.719 Y161.434 E409.42378
G1 X204.045 Y161.126 E409.4387
G1 X204.3 Y160.741 E409.45405
G1 X204.451 Y160.325 E409.46877
G1 X204.502 Y159.872 E409.48394
G1 X204.451 Y159.419 E409.4991
G1 X204.3 Y159.003 E409.51382
G1 X204.045 Y158.614 E409.52929
G1 X203.724 Y158.314 E409.5439
G1 X203.324 Y158.081 E409.5593
G1 X202.896 Y157.955 E409.57414
G1 X202.44 Y157.926 E409.58933
G1 X202.003 Y158.005 E409.6041
G1 X201.581 Y158.187 E409.61939
G1 X201.218 Y158.455 E409.6344
G1 X200.928 Y158.8 E409.64939
G1 X200.726 Y159.197 E409.6642
G1 X200.62 Y159.651 E409.67971
G1 X200.62 Y160.092 E409.69438
G1 X200.726 Y160.543 E409.70979
G1 X200.928 Y160.944 E409.72472
G1 X201.218 Y161.285 E409.73961
G1 X201.581 Y161.557 E409.7547
G1 X202.002 Y161.738 E409.76994
G1 X202.44 Y161.815 E409.78473
G1 X202.897 Y161.789 E409.79995
G1 X203.328 Y161.663 E409.81489
G0 F15000 X203.208 Y161.376
G0 X203.404 Y160.491
;TYPE:FILL
G1 F600 X201.933 Y159.021 E409.88406
G0 F15000 X202.666 Y158.839
G1 F600 X202.134 Y160.825 E409.95244
G0 F15000 X201.589 Y160.3
G1 F600 X203.59 Y159.764 E410.02134
G0 F15000 X203.477 Y159.775
;MESH:NONMESH
G0 F300 X203.477 Y159.775 Z17.4
G0 F15000 X203.008 Y160.923
;TIME_ELAPSED:949.538708
;LAYER:86
;note -- min layer time used
;TYPE:WALL-INNER
;MESH:WheelAdapter_v7.stl
G1 F600 X203.237 Y160.79 E410.03015
G1 X203.429 Y160.608 E410.03895
G1 X203.58 Y160.378 E410.0481
G1 X203.667 Y160.141 E410.05649
G1 X203.697 Y159.872 E410.0655
G1 X203.667 Y159.603 E410.0745
G1 X203.58 Y159.364 E410.08296
G1 X203.429 Y159.133 E410.09214
G1 X203.244 Y158.96 E410.10056
G1 X203.004 Y158.821 E410.10979
G1 X202.756 Y158.748 E410.11839
G1 X202.487 Y158.731 E410.12735
G1 X202.236 Y158.776 E410.13583
G1 X201.982 Y158.885 E410.14502
G1 X201.77 Y159.042 E410.1538
G1 X201.6 Y159.245 E410.16261
G1 X201.483 Y159.473 E410.17113
G1 X201.42 Y159.743 E410.18035
G1 X201.42 Y160 E410.1889
G1 X201.483 Y160.268 E410.19805
G1 X201.6 Y160.498 E410.20664
G1 X201.77 Y160.698 E410.21537
G1 X201.985 Y160.86 E410.22432
G1 X202.232 Y160.966 E410.23326
G1 X202.487 Y161.011 E410.24187
G1 X202.76 Y160.996 E410.25097
G1 X203.008 Y160.923 E410.25957
G0 F15000 X203.168 Y161.293
G1 F600 X203.478 Y161.112 E410.27151
G1 X203.737 Y160.867 E410.28336
G1 X203.94 Y160.56 E410.2956
G1 X204.059 Y160.233 E410.30718
G1 X204.1 Y159.872 E410.31926
G1 X204.059 Y159.511 E410.33135
G1 X203.94 Y159.183 E410.34295
G1 X203.737 Y158.874 E410.35525
G1 X203.484 Y158.637 E410.36678
G1 X203.164 Y158.451 E410.37909
G1 X202.826 Y158.351 E410.39081
G1 X202.464 Y158.328 E410.40288
G1 X202.119 Y158.391 E410.41454
G1 X201.781 Y158.536 E410.42677
G1 X201.494 Y158.749 E410.43866
G1 X201.264 Y159.022 E410.45053
G1 X201.105 Y159.335 E410.46221
G1 X201.02 Y159.697 E410.47458
G1 X201.02 Y160.046 E410.48619
G1 X201.105 Y160.405 E410.49846
G1 X201.264 Y160.721 E410.51022
G1 X201.494 Y160.992 E410.52205
G1 X201.783 Y161.209 E410.53407
G1 X202.117 Y161.352 E410.54615
G1 X202.464 Y161.413 E410.55787
G1 X202.829 Y161.392 E410.57003
G1 X203.168 Y161.293 E410.58177
G0 F15000 X203.328 Y161.663
;TYPE:WALL-OUTER
G1 F600 X203.719 Y161.434 E410.59684
G1 X204.045 Y161.126 E410.61176
G1 X204.3 Y160.741 E410.62712
G1 X204.451 Y160.325 E410.64184
G1 X204.502 Y159.872 E410.657
G1 X204.451 Y159.419 E410.67216
G1 X204.3 Y159.003 E410.68688
G1 X204.045 Y158.614 E410.70235
G1 X203.724 Y158.314 E410.71697
G1 X203.324 Y158.081 E410.73236
G1 X202.896 Y157.955 E410.7472
G1 X202.44 Y157.926 E410.7624
G1 X202.003 Y158.005 E410.77717
G1 X201.581 Y158.187 E410.79246
G1 X201.218 Y158.455 E410.80746
G1 X200.928 Y158.8 E410.82245
G1 X200.726 Y159.197 E410.83727
G1 X200.62 Y159.651 E410.85278
G1 X200.62 Y160.092 E410.86744
G1 X200.726 Y160.543 E410.88285
G1 X200.928 Y160.944 E410.89779
G1 X201.218 Y161.285 E410.91267
G1 X201.581 Y161.557 E410.92776
G1 X202.002 Y161.738 E410.943
G1 X202.44 Y161.815 E410.95779
G1 X202.897 Y161.789 E410.97302
G1 X203.328 Y161.663 E410.98795
G0 F15000 X203.208 Y161.376
G0 X203.471 Y160.359
;TYPE:FILL
G1 F600 X202.055 Y158.943 E411.05456
G0 F15000 X202.527 Y158.814
G1 F600 X202.002 Y160.772 E411.12198
G0 F15000 X201.653 Y160.429
G1 F600 X203.591 Y159.91 E411.18871
G0 F15000 X203.486 Y159.898
;MESH:NONMESH
G0 F300 X203.486 Y159.898 Z17.6
G0 F15000 X203.008 Y160.923
;TIME_ELAPSED:953.538724
;LAYER:87
;note -- min layer time used
;TYPE:WALL-INNER
;MESH:WheelAdapter_v7.stl
G1 F600 X203.237 Y160.79 E411.19752
G1 X203.429 Y160.608 E411.20632
G1 X203.58 Y160.378 E411.21547
G1 X203.667 Y160.141 E411.22387
G1 X203.697 Y159.872 E411.23287
G1 X203.667 Y159.603 E411.24187
G1 X203.58 Y159.364 E411.25033
G1 X203.429 Y159.133 E411.25951
G1 X203.244 Y158.96 E411.26793
G1 X203.004 Y158.821 E411.27716
G1 X202.756 Y158.748 E411.28576
G1 X202.487 Y158.731 E411.29472
G1 X202.236 Y158.776 E411.3032
G1 X201.982 Y158.885 E411.3124
G1 X201.77 Y159.042 E411.32117
G1 X201.6 Y159.245 E411.32998
G1 X201.483 Y159.473 E411.3385
G1 X201.42 Y159.743 E411.34772
G1 X201.42 Y160 E411.35627
G1 X201.483 Y160.268 E411.36543
G1 X201.6 Y160.498 E411.37401
G1 X201.77 Y160.698 E411.38274
G1 X201.985 Y160.86 E411.39169
G1 X202.232 Y160.966 E411.40063
G1 X202.487 Y161.011 E411.40925
G1 X202.76 Y160.996 E411.41834
G1 X203.008 Y160.923 E411.42694
G0 F15000 X203.168 Y161.293
G1 F600 X203.478 Y161.112 E411.43888
G1 X203.737 Y160.867 E411.45074
G1 X203.94 Y160.56 E411.46298
G1 X204.059 Y160.233 E411.47455
G1 X204.1 Y159.872 E411.48663
G1 X204.059 Y159.511 E411.49872
G1 X203.94 Y159.183 E411.51032
G1 X203.737 Y158.874 E411.52262
G1 X203.484 Y158.637 E411.53415
G1 X203.164 Y158.451 E411.54646
G1 X202.826 Y158.351 E411.55819
G1 X202.464 Y158.328 E411.57025
G1 X202.119 Y158.391 E411.58191
G1 X201.781 Y158.536 E411.59415
G1 X201.494 Y158.749 E411.60603
G1 X201.264 Y159.022 E411.61791
G1 X201.105 Y159.335 E411.62958
G1 X201.02 Y159.697 E411.64195
G1 X201.02 Y160.046 E411.65356
G1 X201.105 Y160.405 E411.66583
G1 X201.264 Y160.721 E411.6776
G1 X201.494 Y160.992 E411.68942
G1 X201.783 Y161.209 E411.70144
G1 X202.117 Y161.352 E411.71352
G1 X202.464 Y161.413 E411.72524
G1 X202.829 Y161.392 E411.7374
G1 X203.168 Y161.293 E411.74915
G0 F15000 X203.328 Y161.663
;TYPE:WALL-OUTER
G1 F600 X203.719 Y161.434 E411.76422
G1 X204.045 Y161.126 E411.77913
G1 X204.3 Y160.741 E411.79449
G1 X204.451 Y160.325 E411.80921
G1 X204.502 Y159.872 E411.82438
G1 X204.451 Y159.419 E411.83954
G1 X204.3 Y159.003 E411.85426
G1 X204.045 Y158.614 E411.86973
G1 X203.724 Y158.314 E411.88434
G1 X203.324 Y158.081 E411.89974
G1 X202.896 Y157.955 E411.91458
G1 X202.44 Y157.926 E411.92977
G1 X202.003 Y158.005 E411.94454
G1 X201.581 Y158.187 E411.95983
G1 X201.218 Y158.455 E411.97484
G1 X200.928 Y158.8 E411.98983
G1 X200.726 Y159.197 E412.00464
G1 X200.62 Y159.651 E412.02015
G1 X200.62 Y160.092 E412.03482
G1 X200.726 Y160.543 E412.05022
G1 X200.928 Y160.944 E412.06516
G1 X201.218 Y161.285 E412.08005
G1 X201.581 Y161.557 E412.09513
G1 X202.002 Y161.738 E412.11038
G1 X202.44 Y161.815 E412.12517
G1 X202.897 Y161.789 E412.14039
G1 X203.328 Y161.663 E412.15533
G0 F15000 X203.208 Y161.376
G0 X203.539 Y160.226
;TYPE:FILL
G1 F600 X202.209 Y158.896 E412.21789
G1 X202.372 Y158.845
G1 X201.885 Y160.662 E412.28045
G1 X201.761 Y160.547
G1 X203.591 Y160.057 E412.34346
G0 F15000 X203.469 Y160.043
;MESH:NONMESH
G0 F300 X203.469 Y160.043 Z17.8
G0 F15000 X203.008 Y160.923
;TIME_ELAPSED:957.436545
;LAYER:88
;note -- min layer time used
;TYPE:WALL-INNER
;MESH:WheelAdapter_v7.stl
G1 F600 X203.237 Y160.79 E412.35227
G1 X203.429 Y160.608 E412.36107
G1 X203.58 Y160.378 E412.37022
G1 X203.667 Y160.141 E412.37862
G1 X203.697 Y159.872 E412.38762
G1 X203.667 Y159.603 E412.39662
G1 X203.58 Y159.364 E412.40508
G1 X203.429 Y159.133 E412.41426
G1 X203.244 Y158.96 E412.42269
G1 X203.004 Y158.821 E412.43191
G1 X202.756 Y158.748 E412.44051
G1 X202.487 Y158.731 E412.44947
G1 X202.236 Y158.776 E412.45795
G1 X201.982 Y158.885 E412.46715
G1 X201.77 Y159.042 E412.47592
G1 X201.6 Y159.245 E412.48473
G1 X201.483 Y159.473 E412.49325
G1 X201.42 Y159.743 E412.50247
G1 X201.42 Y160 E412.51102
G1 X201.483 Y160.268 E412.52018
G1 X201.6 Y160.498 E412.52876
G1 X201.77 Y160.698 E412.53749
G1 X201.985 Y160.86 E412.54645
G1 X202.232 Y160.966 E412.55538
G1 X202.487 Y161.011 E412.564
G1 X202.76 Y160.996 E412.57309
G1 X203.008 Y160.923 E412.58169
G0 F15000 X203.168 Y161.293
G1 F600 X203.478 Y161.112 E412.59363
G1 X203.737 Y160.867 E412.60549
G1 X203.94 Y160.56 E412.61773
G1 X204.059 Y160.233 E412.6293
G1 X204.1 Y159.872 E412.64139
G1 X204.059 Y159.511 E412.65347
G1 X203.94 Y159.183 E412.66508
G1 X203.737 Y158.874 E412.67737
G1 X203.484 Y158.637 E412.6889
G1 X203.164 Y158.451 E412.70121
G1 X202.826 Y158.351 E412.71294
G1 X202.464 Y158.328 E412.725
G1 X202.119 Y158.391 E412.73667
G1 X201.781 Y158.536 E412.7489
G1 X201.494 Y158.749 E412.76079
G1 X201.264 Y159.022 E412.77266
G1 X201.105 Y159.335 E412.78434
G1 X201.02 Y159.697 E412.7967
G1 X201.02 Y160.046 E412.80831
G1 X201.105 Y160.405 E412.82058
G1 X201.264 Y160.721 E412.83235
G1 X201.494 Y160.992 E412.84417
G1 X201.783 Y161.209 E412.85619
G1 X202.117 Y161.352 E412.86827
G1 X202.464 Y161.413 E412.87999
G1 X202.829 Y161.392 E412.89215
G1 X203.168 Y161.293 E412.9039
G0 F15000 X203.328 Y161.663
;TYPE:WALL-OUTER
G1 F600 X203.719 Y161.434 E412.91897
G1 X204.045 Y161.126 E412.93389
G1 X204.3 Y160.741 E412.94924
G1 X204.451 Y160.325 E412.96396
G1 X204.502 Y159.872 E412.97913
G1 X204.451 Y159.419 E412.99429
G1 X204.3 Y159.003 E413.00901
G1 X204.045 Y158.614 E413.02448
G1 X203.724 Y158.314 E413.03909
G1 X203.324 Y158.081 E413.05449
G1 X202.896 Y157.955 E413.06933
G1 X202.44 Y157.926 E413.08452
G1 X202.003 Y158.005 E413.09929
G1 X201.581 Y158.187 E413.11458
G1 X201.218 Y158.455 E413.12959
G1 X200.928 Y158.8 E413.14458
G1 X200.726 Y159.197 E413.15939
G1 X200.62 Y159.651 E413.1749
G1 X200.62 Y160.092 E413.18957
G1 X200.726 Y160.543 E413.20498
G1 X200.928 Y160.944 E413.21991
G1 X201.218 Y161.285 E413.2348
G1 X201.581 Y161.557 E413.24989
G1 X202.002 Y161.738 E413.26513
G1 X202.44 Y161.815 E413.27992
G1 X202.897 Y161.789 E413.29514
G1 X203.328 Y161.663 E413.31008
G0 F15000 X203.208 Y161.376
G0 X203.544 Y160.215
;TYPE:FILL
G1 F600 X201.882 Y160.66 E413.3673
G1 X201.768 Y160.553
G1 X202.213 Y158.894 E413.42443
G1 X202.362 Y158.849
G1 X203.591 Y160.078 E413.48224
G0 F15000 X203.467 Y160.063
;MESH:NONMESH
G0 F300 X203.467 Y160.063 Z18
G0 F15000 X203.008 Y160.923
;TIME_ELAPSED:961.269205
;LAYER:89
;note -- min layer time used
;TYPE:WALL-INNER
;MESH:WheelAdapter_v7.stl
G1 F600 X203.237 Y160.79 E413.49105
G1 X203.429 Y160.608 E413.49985
G1 X203.58 Y160.378 E413.509
G1 X203.667 Y160.141 E413.5174
G1 X203.697 Y159.872 E413.5264
G1 X203.667 Y159.603 E413.5354
G1 X203.58 Y159.364 E413.54386
G1 X203.429 Y159.133 E413.55304
G1 X203.244 Y158.96 E413.56146
G1 X203.004 Y158.821 E413.57069
G1 X202.756 Y158.748 E413.57929
G1 X202.487 Y158.731 E413.58825
G1 X202.236 Y158.776 E413.59673
G1 X201.982 Y158.885 E413.60593
G1 X201.77 Y159.042 E413.6147
G1 X201.6 Y159.245 E413.62351
G1 X201.483 Y159.473 E413.63203
G1 X201.42 Y159.743 E413.64125
G1 X201.42 Y160 E413.6498
G1 X201.483 Y160.268 E413.65896
G1 X201.6 Y160.498 E413.66754
G1 X201.77 Y160.698 E413.67627
G1 X201.985 Y160.86 E413.68522
G1 X202.232 Y160.966 E413.69416
G1 X202.487 Y161.011 E413.70278
G1 X202.76 Y160.996 E413.71187
G1 X203.008 Y160.923 E413.72047
G0 F15000 X203.168 Y161.293
G1 F600 X203.478 Y161.112 E413.73241
G1 X203.737 Y160.867 E413.74426
G1 X203.94 Y160.56 E413.75651
G1 X204.059 Y160.233 E413.76808
G1 X204.1 Y159.872 E413.78016
G1 X204.059 Y159.511 E413.79225
G1 X203.94 Y159.183 E413.80385
G1 X203.737 Y158.874 E413.81615
G1 X203.484 Y158.637 E413.82768
G1 X203.164 Y158.451 E413.83999
G1 X202.826 Y158.351 E413.85171
G1 X202.464 Y158.328 E413.86378
G1 X202.119 Y158.391 E413.87544
G1 X201.781 Y158.536 E413.88768
G1 X201.494 Y158.749 E413.89956
G1 X201.264 Y159.022 E413.91144
G1 X201.105 Y159.335 E413.92311
G1 X201.02 Y159.697 E413.93548
G1 X201.02 Y160.046 E413.94709
G1 X201.105 Y160.405 E413.95936
G1 X201.264 Y160.721 E413.97112
G1 X201.494 Y160.992 E413.98295
G1 X201.783 Y161.209 E413.99497
G1 X202.117 Y161.352 E414.00705
G1 X202.464 Y161.413 E414.01877
G1 X202.829 Y161.392 E414.03093
G1 X203.168 Y161.293 E414.04268
G0 F15000 X203.328 Y161.663
;TYPE:WALL-OUTER
G1 F600 X203.719 Y161.434 E414.05775
G1 X204.045 Y161.126 E414.07266
G1 X204.3 Y160.741 E414.08802
G1 X204.451 Y160.325 E414.10274
G1 X204.502 Y159.872 E414.1179
G1 X204.451 Y159.419 E414.13307
G1 X204.3 Y159.003 E414.14779
G1 X204.045 Y158.614 E414.16326
G1 X203.724 Y158.314 E414.17787
G1 X203.324 Y158.081 E414.19327
G1 X202.896 Y157.955 E414.20811
G1 X202.44 Y157.926 E414.2233
G1 X202.003 Y158.005 E414.23807
G1 X201.581 Y158.187 E414.25336
G1 X201.218 Y158.455 E414.26837
G1 X200.928 Y158.8 E414.28336
G1 X200.726 Y159.197 E414.29817
G1 X200.62 Y159.651 E414.31368
G1 X200.62 Y160.092 E414.32834
G1 X200.726 Y160.543 E414.34375
G1 X200.928 Y160.944 E414.35869
G1 X201.218 Y161.285 E414.37358
G1 X201.581 Y161.557 E414.38866
G1 X202.002 Y161.738 E414.40391
G1 X202.44 Y161.815 E414.4187
G1 X202.897 Y161.789 E414.43392
G1 X203.328 Y161.663 E414.44886
G0 F15000 X203.208 Y161.376
G0 X203.457 Y160.384
;TYPE:FILL
G1 F600 X202.003 Y160.774 E414.49893
G0 F15000 X201.654 Y160.432
G1 F600 X202.054 Y158.942 E414.55024
G0 F15000 X202.527 Y158.815
G1 F600 X203.591 Y159.879 E414.60029
G0 F15000 X203.487 Y159.866
;MESH:NONMESH
G0 F300 X203.487 Y159.866 Z18.2
G0 F15000 X203.008 Y160.923
;TIME_ELAPSED:965.120350
;LAYER:90
;note -- min layer time used
;TYPE:WALL-INNER
;MESH:WheelAdapter_v7.stl
G1 F600 X203.237 Y160.79 E414.60909
G1 X203.429 Y160.608 E414.61789
G1 X203.58 Y160.378 E414.62704
G1 X203.667 Y160.141 E414.63544
G1 X203.697 Y159.872 E414.64444
G1 X203.667 Y159.603 E414.65345
G1 X203.58 Y159.364 E414.6619
G1 X203.429 Y159.133 E414.67108
G1 X203.244 Y158.96 E414.67951
G1 X203.004 Y158.821 E414.68873
G1 X202.756 Y158.748 E414.69733
G1 X202.487 Y158.731 E414.7063
G1 X202.236 Y158.776 E414.71478
G1 X201.982 Y158.885 E414.72397
G1 X201.77 Y159.042 E414.73274
G1 X201.6 Y159.245 E414.74155
G1 X201.483 Y159.473 E414.75007
G1 X201.42 Y159.743 E414.7593
G1 X201.42 Y160 E414.76784
G1 X201.483 Y160.268 E414.777
G1 X201.6 Y160.498 E414.78558
G1 X201.77 Y160.698 E414.79431
G1 X201.985 Y160.86 E414.80327
G1 X202.232 Y160.966 E414.81221
G1 X202.487 Y161.011 E414.82082
G1 X202.76 Y160.996 E414.82991
G1 X203.008 Y160.923 E414.83851
G0 F15000 X203.168 Y161.293
G1 F600 X203.478 Y161.112 E414.85045
G1 X203.737 Y160.867 E414.86231
G1 X203.94 Y160.56 E414.87455
G1 X204.059 Y160.233 E414.88612
G1 X204.1 Y159.872 E414.89821
G1 X204.059 Y159.511 E414.91029
G1 X203.94 Y159.183 E414.9219
G1 X203.737 Y158.874 E414.93419
G1 X203.484 Y158.637 E414.94572
G1 X203.164 Y158.451 E414.95804
G1 X202.826 Y158.351 E414.96976
G1 X202.464 Y158.328 E414.98182
G1 X202.119 Y158.391 E414.99349
G1 X201.781 Y158.536 E415.00572
G1 X201.494 Y158.749 E415.01761
G1 X201.264 Y159.022 E415.02948
G1 X201.105 Y159.335 E415.04116
G1 X201.02 Y159.697 E415.05353
G1 X201.02 Y160.046 E415.06513
G1 X201.105 Y160.405 E415.0774
G1 X201.264 Y160.721 E415.08917
G1 X201.494 Y160.992 E415.10099
G1 X201.783 Y161.209 E415.11301
G1 X202.117 Y161.352 E415.1251
G1 X202.464 Y161.413 E415.13681
G1 X202.829 Y161.392 E415.14897
G1 X203.168 Y161.293 E415.16072
G0 F15000 X203.328 Y161.663
;TYPE:WALL-OUTER
G1 F600 X203.719 Y161.434 E415.17579
G1 X204.045 Y161.126 E415.19071
G1 X204.3 Y160.741 E415.20607
G1 X204.451 Y160.325 E415.22079
G1 X204.502 Y159.872 E415.23595
G1 X204.451 Y159.419 E415.25111
G1 X204.3 Y159.003 E415.26583
G1 X204.045 Y158.614 E415.2813
G1 X203.724 Y158.314 E415.29591
G1 X203.324 Y158.081 E415.31131
G1 X202.896 Y157.955 E415.32615
G1 X202.44 Y157.926 E415.34135
G1 X202.003 Y158.005 E415.35612
G1 X201.581 Y158.187 E415.3714
G1 X201.218 Y158.455 E415.38641
G1 X200.928 Y158.8 E415.4014
G1 X200.726 Y159.197 E415.41622
G1 X200.62 Y159.651 E415.43172
G1 X200.62 Y160.092 E415.44639
G1 X200.726 Y160.543 E415.4618
G1 X200.928 Y160.944 E415.47673
G1 X201.218 Y161.285 E415.49162
G1 X201.581 Y161.557 E415.50671
G1 X202.002 Y161.738 E415.52195
G1 X202.44 Y161.815 E415.53674
G1 X202.897 Y161.789 E415.55197
G1 X203.328 Y161.663 E415.5669
G0 F15000 X203.208 Y161.376
G0 X202.768 Y160.716
;TYPE:FILL
G1 F600 X202.179 Y159.03 E415.6263
G0 F15000 X201.874 Y159.065
G1 F600 X201.559 Y160.239 E415.66673
G0 F15000 X202.239 Y160.858
G1 F600 X203.37 Y160.555 E415.70567
G0 F15000 X203.143 Y160.578
G1 F600 X202.572 Y158.945 E415.76321
G0 F15000 X202.771 Y158.858
G1 F600 X203.591 Y159.678 E415.80178
G0 F15000 X202.362 Y160.768
G1 F600 X201.844 Y159.285 E415.85403
;MESH:NONMESH
G0 F300 X201.844 Y159.285 Z18.4
G0 F15000 X203.008 Y160.923
;TIME_ELAPSED:969.579895
;LAYER:91
;note -- min layer time used
;TYPE:WALL-INNER
;MESH:WheelAdapter_v7.stl
G1 F600 X203.237 Y160.79 E415.86284
G1 X203.429 Y160.608 E415.87164
G1 X203.58 Y160.378 E415.88079
G1 X203.667 Y160.141 E415.88918
G1 X203.697 Y159.872 E415.89819
G1 X203.667 Y159.603 E415.90719
G1 X203.58 Y159.364 E415.91565
G1 X203.429 Y159.133 E415.92483
G1 X203.244 Y158.96 E415.93325
G1 X203.004 Y158.821 E415.94248
G1 X202.756 Y158.748 E415.95107
G1 X202.487 Y158.731 E415.96004
G1 X202.236 Y158.776 E415.96852
G1 X201.982 Y158.885 E415.97771
G1 X201.77 Y159.042 E415.98649
G1 X201.6 Y159.245 E415.99529
G1 X201.483 Y159.473 E416.00382
G1 X201.42 Y159.743 E416.01304
G1 X201.42 Y160 E416.02159
G1 X201.483 Y160.268 E416.03074
G1 X201.6 Y160.498 E416.03933
G1 X201.77 Y160.698 E416.04806
G1 X201.985 Y160.86 E416.05701
G1 X202.232 Y160.966 E416.06595
G1 X202.487 Y161.011 E416.07456
G1 X202.76 Y160.996 E416.08366
G1 X203.008 Y160.923 E416.09226
G0 F15000 X203.168 Y161.293
G1 F600 X203.478 Y161.112 E416.10419
G1 X203.737 Y160.867 E416.11605
G1 X203.94 Y160.56 E416.12829
G1 X204.059 Y160.233 E416.13987
G1 X204.1 Y159.872 E416.15195
G1 X204.059 Y159.511 E416.16404
G1 X203.94 Y159.183 E416.17564
G1 X203.737 Y158.874 E416.18794
G1 X203.484 Y158.637 E416.19947
G1 X203.164 Y158.451 E416.21178
G1 X202.826 Y158.351 E416.2235
G1 X202.464 Y158.328 E416.23557
G1 X202.119 Y158.391 E416.24723
G1 X201.781 Y158.536 E416.25946
G1 X201.494 Y158.749 E416.27135
G1 X201.264 Y159.022 E416.28322
G1 X201.105 Y159.335 E416.2949
G1 X201.02 Y159.697 E416.30727
G1 X201.02 Y160.046 E416.31888
G1 X201.105 Y160.405 E416.33115
G1 X201.264 Y160.721 E416.34291
G1 X201.494 Y160.992 E416.35473
G1 X201.783 Y161.209 E416.36675
G1 X202.117 Y161.352 E416.37884
G1 X202.464 Y161.413 E416.39056
G1 X202.829 Y161.392 E416.40272
G1 X203.168 Y161.293 E416.41446
G0 F15000 X203.328 Y161.663
;TYPE:WALL-OUTER
G1 F600 X203.719 Y161.434 E416.42953
G1 X204.045 Y161.126 E416.44445
G1 X204.3 Y160.741 E416.45981
G1 X204.451 Y160.325 E416.47453
G1 X204.502 Y159.872 E416.48969
G1 X204.451 Y159.419 E416.50485
G1 X204.3 Y159.003 E416.51957
G1 X204.045 Y158.614 E416.53504
G1 X203.724 Y158.314 E416.54966
G1 X203.324 Y158.081 E416.56505
G1 X202.896 Y157.955 E416.57989
G1 X202.44 Y157.926 E416.59509
G1 X202.003 Y158.005 E416.60986
G1 X201.581 Y158.187 E416.62515
G1 X201.218 Y158.455 E416.64015
G1 X200.928 Y158.8 E416.65514
G1 X200.726 Y159.197 E416.66996
G1 X200.62 Y159.651 E416.68546
G1 X200.62 Y160.092 E416.70013
G1 X200.726 Y160.543 E416.71554
G1 X200.928 Y160.944 E416.73048
G1 X201.218 Y161.285 E416.74536
G1 X201.581 Y161.557 E416.76045
G1 X202.002 Y161.738 E416.77569
G1 X202.44 Y161.815 E416.79048
G1 X202.897 Y161.789 E416.80571
G1 X203.328 Y161.663 E416.82064
G0 F15000 X203.208 Y161.376
G0 X202.904 Y160.843
G0 X202.863 Y160.586
;TYPE:SKIN
G1 F600 X202.506 Y160.643 E416.83267
G1 X202.166 Y160.541 E416.84447
G1 X201.895 Y160.29 E416.85676
G1 X201.827 Y160.153 E416.86185
G1 X201.78 Y159.769 E416.87471
G1 X201.818 Y159.61 E416.88015
G1 X202.023 Y159.301 E416.89248
G1 X202.155 Y159.206 E416.89789
G1 X202.51 Y159.098 E416.91024
G1 X202.86 Y159.158 E416.92205
G1 X203.147 Y159.366 E416.93384
G1 X203.308 Y159.688 E416.94581
G1 X203.308 Y160.056 E416.95805
G1 X203.146 Y160.372 E416.96986
G1 X202.863 Y160.586 E416.98166
G0 F15000 X203.051 Y160.119
G1 F600 X202.771 Y160.399 E416.99483
G0 F15000 X202.254 Y160.351
G1 F600 X203.028 Y159.576 E417.03126
G0 F15000 X202.706 Y159.333
G1 F600 X202.013 Y160.026 E417.06386
G0 F15000 X201.643 Y160.027
;MESH:NONMESH
G0 F300 X201.643 Y160.027 Z18.6
G0 F15000 X201.552 Y160.037
G0 X201.735 Y160.41
G0 X202.067 Y160.72
G0 X203.008 Y160.923
;TIME_ELAPSED:973.814879
;LAYER:92
;note -- min layer time used
;TYPE:WALL-INNER
;MESH:WheelAdapter_v7.stl
G1 F600 X203.237 Y160.79 E417.07267
G1 X203.429 Y160.608 E417.08146
G1 X203.58 Y160.378 E417.09062
G1 X203.667 Y160.141 E417.09901
G1 X203.697 Y159.872 E417.10802
G1 X203.667 Y159.603 E417.11702
G1 X203.58 Y159.364 E417.12548
G1 X203.429 Y159.133 E417.13466
G1 X203.244 Y158.96 E417.14308
G1 X203.004 Y158.821 E417.15231
G1 X202.756 Y158.748 E417.1609
G1 X202.487 Y158.731 E417.16987
G1 X202.236 Y158.776 E417.17835
G1 X201.982 Y158.885 E417.18754
G1 X201.77 Y159.042 E417.19632
G1 X201.6 Y159.245 E417.20512
G1 X201.483 Y159.473 E417.21365
G1 X201.42 Y159.743 E417.22287
G1 X201.42 Y160 E417.23142
G1 X201.483 Y160.268 E417.24057
G1 X201.6 Y160.498 E417.24916
G1 X201.77 Y160.698 E417.25789
G1 X201.985 Y160.86 E417.26684
G1 X202.232 Y160.966 E417.27578
G1 X202.487 Y161.011 E417.28439
G1 X202.76 Y160.996 E417.29349
G1 X203.008 Y160.923 E417.30208
G0 F15000 X203.168 Y161.293
G1 F600 X203.478 Y161.112 E417.31402
G1 X203.737 Y160.867 E417.32588
G1 X203.94 Y160.56 E417.33812
G1 X204.059 Y160.233 E417.3497
G1 X204.1 Y159.872 E417.36178
G1 X204.059 Y159.511 E417.37387
G1 X203.94 Y159.183 E417.38547
G1 X203.737 Y158.874 E417.39777
G1 X203.484 Y158.637 E417.4093
G1 X203.164 Y158.451 E417.42161
G1 X202.826 Y158.351 E417.43333
G1 X202.464 Y158.328 E417.4454
G1 X202.119 Y158.391 E417.45706
G1 X201.781 Y158.536 E417.46929
G1 X201.494 Y158.749 E417.48118
G1 X201.264 Y159.022 E417.49305
G1 X201.105 Y159.335 E417.50473
G1 X201.02 Y159.697 E417.5171
G1 X201.02 Y160.046 E417.52871
G1 X201.105 Y160.405 E417.54098
G1 X201.264 Y160.721 E417.55274
G1 X201.494 Y160.992 E417.56456
G1 X201.783 Y161.209 E417.57658
G1 X202.117 Y161.352 E417.58867
G1 X202.464 Y161.413 E417.60039
G1 X202.829 Y161.392 E417.61255
G1 X203.168 Y161.293 E417.62429
G0 F15000 X203.328 Y161.663
;TYPE:WALL-OUTER
G1 F600 X203.719 Y161.434 E417.63936
G1 X204.045 Y161.126 E417.65428
G1 X204.3 Y160.741 E417.66964
G1 X204.451 Y160.325 E417.68436
G1 X204.502 Y159.872 E417.69952
G1 X204.451 Y159.419 E417.71468
G1 X204.3 Y159.003 E417.7294
G1 X204.045 Y158.614 E417.74487
G1 X203.724 Y158.314 E417.75949
G1 X203.324 Y158.081 E417.77488
G1 X202.896 Y157.955 E417.78972
G1 X202.44 Y157.926 E417.80492
G1 X202.003 Y158.005 E417.81969
G1 X201.581 Y158.187 E417.83498
G1 X201.218 Y158.455 E417.84998
G1 X200.928 Y158.8 E417.86497
G1 X200.726 Y159.197 E417.87979
G1 X200.62 Y159.651 E417.89529
G1 X200.62 Y160.092 E417.90996
G1 X200.726 Y160.543 E417.92537
G1 X200.928 Y160.944 E417.9403
G1 X201.218 Y161.285 E417.95519
G1 X201.581 Y161.557 E417.97028
G1 X202.002 Y161.738 E417.98552
G1 X202.44 Y161.815 E418.00031
G1 X202.897 Y161.789 E418.01554
G1 X203.328 Y161.663 E418.03047
G0 F15000 X203.208 Y161.376
G0 X202.904 Y160.843
G0 X202.863 Y160.586
;TYPE:SKIN
G1 F600 X202.506 Y160.643 E418.0425
G1 X202.166 Y160.541 E418.0543
G1 X201.895 Y160.29 E418.06659
G1 X201.827 Y160.153 E418.07168
G1 X201.78 Y159.769 E418.08454
G1 X201.818 Y159.61 E418.08998
G1 X202.023 Y159.301 E418.10231
G1 X202.155 Y159.206 E418.10772
G1 X202.51 Y159.098 E418.12006
G1 X202.86 Y159.158 E418.13188
G1 X203.147 Y159.366 E418.14366
G1 X203.308 Y159.688 E418.15564
G1 X203.308 Y160.056 E418.16788
G1 X203.146 Y160.372 E418.17969
G1 X202.863 Y160.586 E418.19149
G0 F15000 X202.905 Y160.843
G0 X202.497 Y160.849
G0 X202.067 Y160.72
G0 X201.735 Y160.41
G0 X201.591 Y159.849
G0 X201.668 Y159.37
G0 X202.049 Y159.623
G1 F600 X202.805 Y160.379 E418.22705
G0 F15000 X203.072 Y160.08
G1 F600 X202.349 Y159.356 E418.26108
G0 F15000 X202.278 Y158.985
;MESH:NONMESH
G0 F300 X202.278 Y158.985 Z18.8
G0 F15000 X202.254 Y158.903
G0 X202.939 Y158.97
G0 X203.305 Y159.238
G0 X203.509 Y159.64
G0 X203.509 Y160.104
G0 X203.008 Y160.923
;TIME_ELAPSED:978.157402
;LAYER:93
;note -- min layer time used
;TYPE:WALL-INNER
;MESH:WheelAdapter_v7.stl
G1 F600 X203.237 Y160.79 E418.26989
G1 X203.429 Y160.608 E418.27869
G1 X203.58 Y160.378 E418.28784
G1 X203.667 Y160.141 E418.29624
G1 X203.697 Y159.872 E418.30524
G1 X203.667 Y159.603 E418.31424
G1 X203.58 Y159.364 E418.3227
G1 X203.429 Y159.133 E418.33188
G1 X203.244 Y158.96 E418.3403
G1 X203.004 Y158.821 E418.34953
G1 X202.756 Y158.748 E418.35813
G1 X202.487 Y158.731 E418.36709
G1 X202.236 Y158.776 E418.37557
G1 X201.982 Y158.885 E418.38477
G1 X201.77 Y159.042 E418.39354
G1 X201.6 Y159.245 E418.40235
G1 X201.483 Y159.473 E418.41087
G1 X201.42 Y159.743 E418.42009
G1 X201.42 Y160 E418.42864
G1 X201.483 Y160.268 E418.4378
G1 X201.6 Y160.498 E418.44638
G1 X201.77 Y160.698 E418.45511
G1 X201.985 Y160.86 E418.46406
G1 X202.232 Y160.966 E418.473
G1 X202.487 Y161.011 E418.48162
G1 X202.76 Y160.996 E418.49071
G1 X203.008 Y160.923 E418.49931
G0 F15000 X203.168 Y161.293
G1 F600 X203.478 Y161.112 E418.51125
G1 X203.737 Y160.867 E418.52311
G1 X203.94 Y160.56 E418.53535
G1 X204.059 Y160.233 E418.54692
G1 X204.1 Y159.872 E418.559
G1 X204.059 Y159.511 E418.57109
G1 X203.94 Y159.183 E418.58269
G1 X203.737 Y158.874 E418.59499
G1 X203.484 Y158.637 E418.60652
G1 X203.164 Y158.451 E418.61883
G1 X202.826 Y158.351 E418.63055
G1 X202.464 Y158.328 E418.64262
G1 X202.119 Y158.391 E418.65428
G1 X201.781 Y158.536 E418.66652
G1 X201.494 Y158.749 E418.6784
G1 X201.264 Y159.022 E418.69028
G1 X201.105 Y159.335 E418.70195
G1 X201.02 Y159.697 E418.71432
G1 X201.02 Y160.046 E418.72593
G1 X201.105 Y160.405 E418.7382
G1 X201.264 Y160.721 E418.74996
G1 X201.494 Y160.992 E418.76179
G1 X201.783 Y161.209 E418.77381
G1 X202.117 Y161.352 E418.78589
G1 X202.464 Y161.413 E418.79761
G1 X202.829 Y161.392 E418.80977
G1 X203.168 Y161.293 E418.82152
G0 F15000 X203.328 Y161.663
;TYPE:WALL-OUTER
G1 F600 X203.719 Y161.434 E418.83659
G1 X204.045 Y161.126 E418.8515
G1 X204.3 Y160.741 E418.86686
G1 X204.451 Y160.325 E418.88158
G1 X204.502 Y159.872 E418.89674
G1 X204.451 Y159.419 E418.91191
G1 X204.3 Y159.003 E418.92663
G1 X204.045 Y158.614 E418.9421
G1 X203.724 Y158.314 E418.95671
G1 X203.324 Y158.081 E418.97211
G1 X202.896 Y157.955 E418.98695
G1 X202.44 Y157.926 E419.00214
G1 X202.003 Y158.005 E419.01691
G1 X201.581 Y158.187 E419.0322
G1 X201.218 Y158.455 E419.04721
G1 X200.928 Y158.8 E419.0622
G1 X200.726 Y159.197 E419.07701
G1 X200.62 Y159.651 E419.09252
G1 X200.62 Y160.092 E419.10719
G1 X200.726 Y160.543 E419.12259
G1 X200.928 Y160.944 E419.13753
G1 X201.218 Y161.285 E419.15242
G1 X201.581 Y161.557 E419.1675
G1 X202.002 Y161.738 E419.18275
G1 X202.44 Y161.815 E419.19754
G1 X202.897 Y161.789 E419.21276
G1 X203.328 Y161.663 E419.2277
G0 F15000 X203.208 Y161.376
G0 X202.904 Y160.843
G0 X202.863 Y160.586
;TYPE:SKIN
G1 F600 X202.506 Y160.643 E419.23972
G1 X202.166 Y160.541 E419.25153
G1 X201.895 Y160.29 E419.26381
G1 X201.827 Y160.153 E419.2689
G1 X201.78 Y159.769 E419.28177
G1 X201.818 Y159.61 E419.2872
G1 X202.023 Y159.301 E419.29954
G1 X202.155 Y159.206 E419.30495
G1 X202.51 Y159.098 E419.31729
G1 X202.86 Y159.158 E419.3291
G1 X203.147 Y159.366 E419.34089
G1 X203.308 Y159.688 E419.35286
G1 X203.308 Y160.056 E419.3651
G1 X203.146 Y160.372 E419.37691
G1 X202.863 Y160.586 E419.38871
G0 F15000 X203.051 Y160.119
G1 F600 X202.771 Y160.399 E419.40188
G0 F15000 X202.254 Y160.351
G1 F600 X203.028 Y159.576 E419.43831
G0 F15000 X202.706 Y159.333
G1 F600 X202.013 Y160.026 E419.47091
G0 F15000 X201.643 Y160.027
;MESH:NONMESH
G0 F300 X201.643 Y160.027 Z19
G0 F15000 X201.552 Y160.037
G0 X201.735 Y160.41
G0 X202.067 Y160.72
G0 X203.008 Y160.922
;TIME_ELAPSED:982.392414
;LAYER:94
;note -- min layer time used
;TYPE:WALL-INNER
;MESH:WheelAdapter_v7.stl
G1 F600 X203.237 Y160.79 E419.4797
G1 X203.429 Y160.608 E419.4885
G1 X203.58 Y160.378 E419.49765
G1 X203.667 Y160.141 E419.50605
G1 X203.696 Y159.872 E419.51505
G1 X203.667 Y159.603 E419.52405
G1 X203.58 Y159.364 E419.53251
G1 X203.429 Y159.133 E419.54168
G1 X203.244 Y158.96 E419.55011
G1 X203.004 Y158.821 E419.55933
G1 X202.756 Y158.748 E419.56793
G1 X202.487 Y158.731 E419.5769
G1 X202.236 Y158.776 E419.58538
G1 X201.982 Y158.885 E419.59457
G1 X201.77 Y159.042 E419.60335
G1 X201.6 Y159.245 E419.61215
G1 X201.483 Y159.473 E419.62068
G1 X201.42 Y159.743 E419.6299
G1 X201.42 Y160 E419.63845
G1 X201.483 Y160.268 E419.6476
G1 X201.6 Y160.498 E419.65618
G1 X201.772 Y160.701 E419.66503
G1 X201.987 Y160.864 E419.67401
G1 X202.228 Y160.967 E419.68273
G1 X202.474 Y161.011 E419.69104
G1 X202.761 Y160.995 E419.7006
G1 X203.008 Y160.922 E419.70916
G0 F15000 X203.168 Y161.292
G1 F600 X203.478 Y161.112 E419.72109
G1 X203.737 Y160.867 E419.73294
G1 X203.94 Y160.56 E419.74519
G1 X204.059 Y160.233 E419.75676
G1 X204.099 Y159.872 E419.76884
G1 X204.059 Y159.511 E419.78092
G1 X203.94 Y159.183 E419.79253
G1 X203.737 Y158.874 E419.80482
G1 X203.484 Y158.637 E419.81635
G1 X203.164 Y158.451 E419.82866
G1 X202.826 Y158.351 E419.84039
G1 X202.464 Y158.328 E419.85245
G1 X202.119 Y158.391 E419.86412
G1 X201.781 Y158.536 E419.87635
G1 X201.494 Y158.749 E419.88824
G1 X201.264 Y159.022 E419.90011
G1 X201.105 Y159.335 E419.91179
G1 X201.02 Y159.697 E419.92415
G1 X201.02 Y160.046 E419.93576
G1 X201.105 Y160.405 E419.94803
G1 X201.264 Y160.721 E419.9598
G1 X201.495 Y160.993 E419.97167
G1 X201.784 Y161.213 E419.98375
G1 X202.113 Y161.353 E419.99564
G1 X202.449 Y161.413 E420.00699
G1 X202.829 Y161.392 E420.01965
G1 X203.168 Y161.292 E420.0314
G0 F15000 X203.328 Y161.662
;TYPE:WALL-OUTER
G1 F600 X203.719 Y161.434 E420.04646
G1 X204.045 Y161.126 E420.06138
G1 X204.3 Y160.741 E420.07673
G1 X204.451 Y160.325 E420.09145
G1 X204.502 Y159.872 E420.10662
G1 X204.451 Y159.419 E420.12178
G1 X204.3 Y159.003 E420.1365
G1 X204.045 Y158.614 E420.15197
G1 X203.724 Y158.314 E420.16658
G1 X203.324 Y158.081 E420.18198
G1 X202.896 Y157.955 E420.19682
G1 X202.44 Y157.926 E420.21201
G1 X202.003 Y158.005 E420.22678
G1 X201.581 Y158.187 E420.24207
G1 X201.218 Y158.455 E420.25708
G1 X200.928 Y158.8 E420.27207
G1 X200.726 Y159.197 E420.28688
G1 X200.62 Y159.651 E420.30239
G1 X200.62 Y160.092 E420.31706
G1 X200.726 Y160.543 E420.33247
G1 X200.928 Y160.944 E420.3474
G1 X201.219 Y161.285 E420.36231
G1 X201.582 Y161.561 E420.37748
G1 X201.998 Y161.739 E420.39253
G1 X202.425 Y161.815 E420.40695
G1 X202.897 Y161.789 E420.42267
G1 X203.328 Y161.662 E420.43762
G0 F15000 X203.208 Y161.376
G0 X203.321 Y160.571
G0 X203.141 Y160.379
;TYPE:SKIN
G1 F600 X203.026 Y160.491 E420.44296
G1 X202.689 Y160.637 E420.45517
G1 X202.505 Y160.646 E420.4613
G1 X202.167 Y160.546 E420.47302
G1 X201.896 Y160.29 E420.48542
G1 X201.827 Y160.153 E420.49053
G1 X201.78 Y159.769 E420.50339
G1 X201.818 Y159.61 E420.50883
G1 X202.023 Y159.301 E420.52116
G1 X202.155 Y159.206 E420.52657
G1 X202.51 Y159.098 E420.53891
G1 X202.86 Y159.158 E420.55072
G1 X203.147 Y159.366 E420.56251
G1 X203.308 Y159.688 E420.57449
G1 X203.307 Y160.056 E420.58673
G1 X203.141 Y160.379 E420.59881
G0 F15000 X203.071 Y160.079
G1 F600 X202.349 Y159.356 E420.63279
G0 F15000 X202.049 Y159.623
G1 F600 X202.798 Y160.372 E420.66802
G0 F15000 X202.909 Y160.739
;TIME_ELAPSED:986.340924
G1 F1500 E414.16802
M140 S0
M107
G91 ;Relative positioning
G1 E-2 F2700 ;Retract a bit
G1 E-2 Z0.2 F2400 ;Retract and raise Z
G1 X5 Y5 F3000 ;Wipe out
G1 Z10 ;Raise Z more
G90 ;Absolute positioning

G1 X0 Y220 ;Present print
M106 S0 ;Turn-off fan
M104 S0 ;Turn-off hotend
M140 S0 ;Turn-off bed

M84 X Y E ;Disable all steppers but Z

M82 ;absolute extrusion mode
M104 S0
;End of Gcode
;SETTING_3 {"global_quality": "[general]\\nversion = 4\\nname = StandardQualityC
;SETTING_3 ustom\\ndefinition = creality_ender3pro\\n\\n[metadata]\\ntype = qual
;SETTING_3 ity_changes\\nquality_type = standard\\nsetting_version = 25\\n\\n[va
;SETTING_3 lues]\\nadhesion_type = none\\nmaterial_bed_temperature = 65\\nmateri
;SETTING_3 al_bed_temperature_layer_0 = 65\\nsupport_enable = False\\nsupport_st
;SETTING_3 ructure = tree\\nsupport_type = everywhere\\n\\n", "extruder_quality"
;SETTING_3 : ["[general]\\nversion = 4\\nname = StandardQualityCustom\\ndefiniti
;SETTING_3 on = creality_ender3pro\\n\\n[metadata]\\ntype = quality_changes\\nqu
;SETTING_3 ality_type = standard\\nintent_category = default\\nposition = 0\\nse
;SETTING_3 tting_version = 25\\n\\n[values]\\ninfill_sparse_density = 10\\nmater
;SETTING_3 ial_print_temperature = 205\\nspeed_print = 100\\nwall_line_count = 3
;SETTING_3 \\nz_seam_corner = z_seam_corner_inner\\nz_seam_type = sharpest_corne
;SETTING_3 r\\n\\n"]}
