;FLAVOR:Marlin
;TIME:780
;Filament used: 0.431665m
;Layer height: 0.2
;MINX:56.287
;MINY:128.196
;MINZ:0.2
;MAXX:85.615
;MAXY:172.173
;MAXZ:11.6
;TARGET_MACHINE.NAME:Creality Ender-3 Pro
;Generated with Cura_SteamEngine 5.10.0
START_PRINT BED_TEMP=50 EXTRUDER_TEMP=205
M82 ;absolute extrusion mode
G92 E0
G92 E0
G1 F1500 E-6.5
;LAYER_COUNT:58
;LAYER:0
M107
G0 F6000 X62.103 Y129.51 Z0.2
;TYPE:SKIRT
G1 F1500 E0
G1 F1200 X62.981 Y129.089 E0.03239
G1 X63.893 Y128.747 E0.06478
G1 X64.831 Y128.487 E0.09716
G1 X65.8 Y128.309 E0.12992
G1 X66.975 Y128.211 E0.16914
G1 X67.68 Y128.196 E0.19259
G1 X73.918 Y128.196 E0.40007
G1 X74.798 Y128.209 E0.42934
G1 X75.77 Y128.268 E0.46173
G1 X76.733 Y128.414 E0.49413
G1 X77.68 Y128.645 E0.52655
G1 X78.568 Y128.945 E0.55772
G1 X79.46 Y129.335 E0.5901
G1 X80.343 Y129.822 E0.62364
G1 X81.094 Y130.324 E0.65369
G1 X81.909 Y130.982 E0.68853
G1 X82.607 Y131.66 E0.72089
G1 X83.243 Y132.397 E0.75327
G1 X83.813 Y133.187 E0.78567
G1 X84.275 Y133.963 E0.81571
G1 X84.729 Y134.905 E0.85049
G1 X85.058 Y135.783 E0.88167
G1 X85.327 Y136.755 E0.91522
G1 X85.504 Y137.721 E0.94788
G1 X85.599 Y138.846 E0.98543
G1 X85.614 Y139.519 E1.00782
G1 X85.615 Y153.483 E1.47227
G1 X85.602 Y154.383 E1.5022
G1 X85.542 Y155.363 E1.53486
G1 X85.359 Y156.508 E1.57343
G1 X85.163 Y157.415 E1.60429
G1 X84.909 Y158.515 E1.64184
G1 X84.679 Y159.659 E1.68065
G1 X84.425 Y160.812 E1.71992
G1 X84.292 Y161.356 E1.73854
G1 X84.059 Y162.197 E1.76757
G1 X83.859 Y162.87 E1.79092
G1 X83.539 Y163.79 E1.82332
G1 X83.138 Y164.677 E1.85569
G1 X82.661 Y165.527 E1.88811
G1 X82.1 Y166.343 E1.92105
G1 X81.214 Y167.379 E1.96639
G1 X80.433 Y168.178 E2.00355
G1 X79.915 Y168.68 E2.02754
G1 X79.24 Y169.28 E2.05758
G1 X78.399 Y169.903 E2.09239
G1 X77.567 Y170.408 E2.12476
G1 X76.718 Y170.827 E2.15625
G1 X75.389 Y171.317 E2.20336
G1 X74.589 Y171.553 E2.2311
G1 X73.562 Y171.824 E2.26643
G1 X72.609 Y172.026 E2.29883
G1 X71.641 Y172.143 E2.33126
G1 X70.739 Y172.173 E2.36128
G1 X69.697 Y172.116 E2.39599
G1 X68.769 Y171.982 E2.42717
G1 X67.854 Y171.768 E2.45843
G1 X66.9 Y171.497 E2.49141
G1 X66.16 Y171.269 E2.51717
G1 X65.31 Y170.966 E2.54718
G1 X64.36 Y170.528 E2.58198
G1 X63.516 Y170.041 E2.61439
G1 X62.742 Y169.5 E2.64579
G1 X61.755 Y168.647 E2.68918
G1 X60.891 Y167.795 E2.72954
G1 X60.401 Y167.288 E2.75299
G1 X59.756 Y166.559 E2.78537
G1 X59.199 Y165.802 E2.81663
G1 X58.676 Y164.94 E2.85016
G1 X58.258 Y164.093 E2.88158
G1 X57.809 Y162.889 E2.92432
G1 X57.5 Y161.868 E2.95979
G1 X57.309 Y161.177 E2.98364
G1 X57.049 Y159.962 E3.02497
G1 X56.416 Y155.786 E3.16545
G1 X56.301 Y154.489 E3.20875
G1 X56.288 Y153.866 E3.22948
G1 X56.287 Y139.888 E3.69439
G1 X56.299 Y139.027 E3.72303
G1 X56.357 Y138.055 E3.75542
G1 X56.502 Y137.091 E3.78784
G1 X56.722 Y136.179 E3.81904
G1 X57.044 Y135.222 E3.85263
G1 X57.436 Y134.332 E3.88497
G1 X57.887 Y133.509 E3.91619
G1 X58.448 Y132.67 E3.94975
G1 X59.014 Y131.966 E3.9798
G1 X59.739 Y131.213 E4.01456
G1 X60.475 Y130.576 E4.04694
G1 X61.206 Y130.046 E4.07697
G1 X62.103 Y129.51 E4.11173
G0 F6000 X62.277 Y129.87
G1 F1200 X63.122 Y129.463 E4.14292
G1 X64.001 Y129.132 E4.17416
G1 X64.904 Y128.88 E4.20534
G1 X65.833 Y128.708 E4.23677
G1 X67.008 Y128.61 E4.27598
G1 X67.688 Y128.596 E4.2986
G1 X73.912 Y128.596 E4.50561
G1 X74.774 Y128.608 E4.53429
G1 X75.711 Y128.664 E4.56551
G1 X76.639 Y128.803 E4.59672
G1 X77.552 Y129.024 E4.62796
G1 X78.408 Y129.312 E4.658
G1 X79.3 Y129.702 E4.69038
G1 X80.121 Y130.155 E4.72157
G1 X80.872 Y130.657 E4.75161
G1 X81.631 Y131.269 E4.78404
G1 X82.305 Y131.922 E4.81525
G1 X82.919 Y132.631 E4.84645
G1 X83.469 Y133.392 E4.87768
G1 X83.931 Y134.168 E4.90772
G1 X84.354 Y135.045 E4.9401
G1 X84.683 Y135.923 E4.97129
G1 X84.934 Y136.828 E5.00252
G1 X85.105 Y137.755 E5.03388
G1 X85.2 Y138.88 E5.07143
G1 X85.214 Y139.519 E5.09268
G1 X85.215 Y153.478 E5.55696
G1 X85.203 Y154.359 E5.58627
G1 X85.147 Y155.3 E5.61762
G1 X84.968 Y156.423 E5.65544
G1 X84.773 Y157.325 E5.68614
G1 X84.519 Y158.425 E5.72369
G1 X84.288 Y159.573 E5.76263
G1 X84.037 Y160.717 E5.80159
G1 X83.906 Y161.25 E5.81984
G1 X83.676 Y162.083 E5.84859
G1 X83.481 Y162.739 E5.87135
G1 X83.174 Y163.626 E5.90257
G1 X82.789 Y164.482 E5.93379
G1 X82.331 Y165.301 E5.965
G1 X81.796 Y166.083 E5.99651
G1 X80.928 Y167.099 E6.04095
G1 X80.154 Y167.891 E6.07779
G1 X79.649 Y168.381 E6.10119
G1 X78.974 Y168.981 E6.13123
G1 X78.191 Y169.561 E6.16364
G1 X77.39 Y170.049 E6.19483
G1 X76.541 Y170.468 E6.22632
G1 X75.276 Y170.933 E6.27115
G1 X74.487 Y171.166 E6.29851
G1 X73.478 Y171.433 E6.33323
G1 X72.56 Y171.629 E6.36445
G1 X71.628 Y171.743 E6.39568
G1 X70.726 Y171.773 E6.42569
G1 X69.754 Y171.72 E6.45807
G1 X68.86 Y171.592 E6.48811
G1 X67.963 Y171.383 E6.51874
G1 X67.018 Y171.115 E6.55141
G1 X66.294 Y170.892 E6.57661
G1 X65.444 Y170.589 E6.60662
G1 X64.559 Y170.181 E6.63904
G1 X63.745 Y169.713 E6.67027
G1 X63.004 Y169.197 E6.7003
G1 X62.017 Y168.344 E6.74369
G1 X61.178 Y167.517 E6.78287
G1 X60.7 Y167.023 E6.80573
G1 X60.078 Y166.321 E6.83693
G1 X59.541 Y165.594 E6.86699
G1 X59.035 Y164.763 E6.89935
G1 X58.617 Y163.916 E6.93076
G1 X58.192 Y162.773 E6.97132
G1 X57.886 Y161.761 E7.00649
G1 X57.695 Y161.07 E7.03033
G1 X57.44 Y159.878 E7.07088
G1 X56.814 Y155.751 E7.20971
G1 X56.701 Y154.481 E7.25212
G1 X56.688 Y153.866 E7.27258
G1 X56.687 Y139.893 E7.73732
G1 X56.698 Y139.05 E7.76536
G1 X56.753 Y138.114 E7.79655
G1 X56.891 Y137.185 E7.82778
G1 X57.111 Y136.273 E7.85899
G1 X57.41 Y135.383 E7.89021
G1 X57.787 Y134.524 E7.92142
G1 X58.238 Y133.701 E7.95263
G1 X58.76 Y132.921 E7.98385
G1 X59.326 Y132.217 E8.01389
G1 X60.001 Y131.515 E8.04628
G1 X60.71 Y130.9 E8.0775
G1 X61.441 Y130.37 E8.10753
G1 X62.277 Y129.87 E8.13993
G0 F6000 X62.451 Y130.23
G1 F1200 X63.264 Y129.837 E8.16996
G1 X64.109 Y129.517 E8.20002
G1 X64.978 Y129.273 E8.23004
G1 X65.866 Y129.107 E8.26008
G1 X67.041 Y129.009 E8.2993
G1 X67.696 Y128.996 E8.32109
G1 X73.907 Y128.996 E8.52767
G1 X74.751 Y129.007 E8.55574
G1 X75.653 Y129.06 E8.58579
G1 X76.546 Y129.192 E8.61582
G1 X77.424 Y129.403 E8.64585
G1 X78.28 Y129.691 E8.67589
G1 X79.107 Y130.053 E8.70592
G1 X79.899 Y130.488 E8.73597
G1 X80.65 Y130.99 E8.76601
G1 X81.353 Y131.557 E8.79605
G1 X82.003 Y132.184 E8.82609
G1 X82.595 Y132.866 E8.85613
G1 X83.125 Y133.597 E8.88616
G1 X83.587 Y134.373 E8.9162
G1 X83.98 Y135.186 E8.94623
G1 X84.298 Y136.031 E8.97626
G1 X84.541 Y136.901 E9.00631
G1 X84.706 Y137.789 E9.03635
G1 X84.801 Y138.914 E9.0739
G1 X84.814 Y139.519 E9.09402
G1 X84.815 Y153.473 E9.55814
G1 X84.804 Y154.336 E9.58684
G1 X84.752 Y155.237 E9.61686
G1 X84.577 Y156.338 E9.65394
G1 X84.383 Y157.235 E9.68446
G1 X84.129 Y158.335 E9.72201
G1 X83.897 Y159.488 E9.76113
G1 X83.649 Y160.622 E9.79974
G1 X83.521 Y161.143 E9.81758
G1 X83.292 Y161.97 E9.84612
G1 X83.103 Y162.609 E9.86829
G1 X82.809 Y163.463 E9.89833
G1 X82.44 Y164.287 E9.92835
G1 X82 Y165.076 E9.9584
G1 X81.492 Y165.823 E9.98845
G1 X80.642 Y166.819 E10.032
G1 X79.875 Y167.604 E10.0685
G1 X79.383 Y168.082 E10.09132
G1 X78.708 Y168.682 E10.12135
G1 X77.982 Y169.22 E10.15141
G1 X77.212 Y169.691 E10.18143
G1 X76.403 Y170.093 E10.21148
G1 X75.163 Y170.549 E10.25542
G1 X74.384 Y170.779 E10.28243
G1 X73.394 Y171.042 E10.3165
G1 X72.511 Y171.232 E10.34655
G1 X71.615 Y171.343 E10.37657
G1 X70.713 Y171.373 E10.40659
G1 X69.811 Y171.324 E10.43664
G1 X68.917 Y171.196 E10.46667
G1 X68.072 Y170.998 E10.49554
G1 X67.136 Y170.733 E10.5279
G1 X66.428 Y170.515 E10.55253
G1 X65.578 Y170.212 E10.58255
G1 X64.758 Y169.834 E10.61258
G1 X63.974 Y169.385 E10.64263
G1 X63.233 Y168.869 E10.67266
G1 X62.298 Y168.059 E10.71381
G1 X61.465 Y167.239 E10.75268
G1 X60.999 Y166.758 E10.77496
G1 X60.4 Y166.083 E10.80497
G1 X59.863 Y165.356 E10.83504
G1 X59.393 Y164.586 E10.86504
G1 X58.992 Y163.776 E10.8951
G1 X58.575 Y162.657 E10.93482
G1 X58.271 Y161.654 E10.96968
G1 X58.086 Y160.986 E10.99273
G1 X57.831 Y159.794 E11.03328
G1 X57.212 Y155.715 E11.1705
G1 X57.101 Y154.472 E11.212
G1 X57.088 Y153.866 E11.23216
G1 X57.087 Y139.898 E11.69674
G1 X57.097 Y139.073 E11.72418
G1 X57.149 Y138.172 E11.7542
G1 X57.28 Y137.278 E11.78425
G1 X57.49 Y136.4 E11.81428
G1 X57.776 Y135.543 E11.84433
G1 X58.138 Y134.716 E11.87435
G1 X58.571 Y133.923 E11.9044
G1 X59.072 Y133.172 E11.93443
G1 X59.638 Y132.468 E11.96448
G1 X60.264 Y131.817 E11.99451
G1 X60.945 Y131.224 E12.02455
G1 X61.676 Y130.694 E12.05458
G1 X62.451 Y130.23 E12.08462
G1 F1500 E5.58462
G0 F6000 X66.966 Y154.749
G0 X69.47 Y155.946
G1 F1500 E12.08462
G1 F1200 X70.823 Y155.566 E12.13136
G1 X72.176 Y155.946 E12.17811
G1 X73.15 Y156.974 E12.22521
G1 X73.529 Y158.269 E12.27009
G1 X73.15 Y159.623 E12.31685
G1 X72.175 Y160.598 E12.36271
G1 X70.821 Y160.977 E12.40948
G1 X69.53 Y160.599 E12.45422
G1 X68.495 Y159.564 E12.5029
G1 X68.115 Y158.271 E12.54773
G1 X68.496 Y156.974 E12.59269
G1 X69.47 Y155.946 E12.63979
G0 F6000 X69.685 Y156.3
G1 F1200 X70.823 Y155.981 E12.6791
G1 X71.961 Y156.3 E12.71841
G1 X72.794 Y157.18 E12.75871
G1 X73.113 Y158.272 E12.79655
G1 X72.793 Y159.414 E12.83599
G1 X71.966 Y160.241 E12.87489
G1 X70.824 Y160.561 E12.91434
G1 X69.741 Y160.244 E12.95187
G1 X68.85 Y159.353 E12.99378
G1 X68.533 Y158.271 E13.03128
G1 X68.853 Y157.18 E13.0691
G1 X69.685 Y156.3 E13.10938
G0 F6000 X69.899 Y156.656
G1 F1200 X70.823 Y156.397 E13.14129
G1 X71.747 Y156.656 E13.17321
G1 X72.436 Y157.384 E13.20655
G1 X72.697 Y158.275 E13.23743
G1 X72.436 Y159.205 E13.26956
G1 X71.757 Y159.884 E13.30149
G1 X70.827 Y160.145 E13.33362
G1 X69.952 Y159.889 E13.36394
G1 X69.206 Y159.143 E13.39903
G1 X68.95 Y158.27 E13.42929
G1 X69.21 Y157.384 E13.46
G1 X69.899 Y156.656 E13.49334
G0 F6000 X70.114 Y157.011
G1 F1200 X70.823 Y156.812 E13.51783
G1 X71.532 Y157.011 E13.54233
G1 X72.08 Y157.589 E13.56882
G1 X72.281 Y158.278 E13.59269
G1 X72.08 Y158.995 E13.61746
G1 X71.547 Y159.528 E13.64253
G1 X70.83 Y159.729 E13.66729
G1 X70.162 Y159.533 E13.69045
G1 X69.559 Y158.93 E13.71881
G1 X69.366 Y158.271 E13.74165
G1 X69.565 Y157.591 E13.76522
G1 X70.114 Y157.011 E13.79178
G0 F6000 X70.328 Y157.366
G1 F1200 X70.823 Y157.227 E13.80888
G1 X71.318 Y157.366 E13.82598
G1 X71.722 Y157.794 E13.84555
G1 X71.865 Y158.281 E13.86244
G1 X71.724 Y158.785 E13.87984
G1 X71.337 Y159.172 E13.89805
G1 X70.833 Y159.313 E13.91545
G1 X70.373 Y159.178 E13.9314
G1 X69.914 Y158.719 E13.95299
G1 X69.783 Y158.271 E13.96851
G1 X69.922 Y157.795 E13.98501
G1 X70.328 Y157.366 E14.00465
G0 F6000 X70.544 Y157.721
G1 F1200 X70.823 Y157.643 E14.01429
G1 X71.102 Y157.721 E14.02392
G1 X71.366 Y157.999 E14.03667
G1 X71.448 Y158.282 E14.04647
G1 X71.366 Y158.577 E14.05666
G1 X71.129 Y158.814 E14.0678
G1 X70.834 Y158.896 E14.07799
G1 X70.584 Y158.823 E14.08665
G1 X70.27 Y158.509 E14.10142
G1 X70.2 Y158.27 E14.1097
G1 X70.279 Y158.001 E14.11903
G1 X70.544 Y157.721 E14.13185
G0 F6000 X70.758 Y158.076
G1 F1200 X70.823 Y158.058 E14.13409
G1 X70.888 Y158.076 E14.13634
G1 X71.009 Y158.203 E14.14217
G1 X71.032 Y158.284 E14.14497
G1 X71.008 Y158.371 E14.14797
G1 X70.923 Y158.456 E14.15197
G1 X70.835 Y158.481 E14.15501
G1 X70.793 Y158.468 E14.15648
G1 X70.625 Y158.3 E14.16438
G1 X70.617 Y158.27 E14.16541
G1 X70.636 Y158.205 E14.16766
G1 X70.758 Y158.076 E14.17357
G1 F1500 E7.67357
;MESH:WheelAdapter_v10.stl
G0 F6000 X70.758 Y154.761
G0 X70.758 Y153.666
G0 X73.284 Y153.096
;TYPE:WALL-INNER
G1 F1500 E14.17357
G1 F1200 X73.28 Y140.296 E14.5993
G1 X68.616 Y140.296 E14.75442
G1 X68.616 Y153.096 E15.18015
G1 X73.284 Y153.096 E15.33541
G0 F6000 X73.684 Y153.496
G1 F1200 X73.68 Y139.896 E15.78775
G1 X68.216 Y139.896 E15.96948
G1 X68.216 Y153.496 E16.42182
G1 X73.684 Y153.496 E16.60369
G0 F6000 X74.084 Y153.896
;TYPE:WALL-OUTER
G1 F1200 X74.08 Y139.496 E17.08263
G1 X67.816 Y139.496 E17.29097
G1 X67.816 Y153.896 E17.76992
G1 X74.084 Y153.896 E17.9784
G0 F6000 X73.804 Y153.616
G0 X73.184 Y152.736
G0 X72.924 Y152.736
;TYPE:SKIN
G1 F1200 X68.976 Y152.736 E18.10971
G1 X68.976 Y140.656 E18.51149
G1 X72.92 Y140.656 E18.64267
G1 X72.924 Y152.736 E19.04445
G0 F6000 X73.184 Y152.736
G0 X68.788 Y152.924
G0 X68.716 Y152.332
G0 X69.176 Y152.332
G1 F1200 X69.38 Y152.536 E19.05404
G0 F6000 X69.946 Y152.536
G1 F1200 X69.176 Y151.766 E19.09026
G0 F6000 X69.176 Y151.201
G1 F1200 X70.511 Y152.536 E19.15306
G0 F6000 X71.077 Y152.536
G1 F1200 X69.176 Y150.635 E19.24247
G0 F6000 X69.176 Y150.069
G1 F1200 X71.643 Y152.536 E19.35851
G0 F6000 X72.208 Y152.536
G1 F1200 X69.176 Y149.504 E19.50113
G0 F6000 X69.176 Y148.938
G1 F1200 X72.724 Y152.485 E19.66799
G0 F6000 X72.724 Y151.92
G1 F1200 X69.176 Y148.372 E19.83488
G0 F6000 X69.176 Y147.807
G1 F1200 X72.724 Y151.354 E20.00174
G0 F6000 X72.724 Y150.788
G1 F1200 X69.176 Y147.241 E20.16861
G0 F6000 X69.176 Y146.675
G1 F1200 X72.724 Y150.223 E20.3355
G0 F6000 X72.723 Y149.656
G1 F1200 X69.176 Y146.109 E20.50234
G0 F6000 X69.176 Y145.544
G1 F1200 X72.723 Y149.091 E20.66918
G0 F6000 X72.723 Y148.525
G1 F1200 X69.176 Y144.978 E20.83602
G0 F6000 X69.176 Y144.412
G1 F1200 X72.723 Y147.959 E21.00286
G0 F6000 X72.722 Y147.393
G1 F1200 X69.176 Y143.847 E21.16965
G0 F6000 X69.176 Y143.281
G1 F1200 X72.722 Y146.827 E21.33644
G0 F6000 X72.722 Y146.262
G1 F1200 X69.176 Y142.715 E21.50326
G0 F6000 X69.176 Y142.15
G1 F1200 X72.722 Y145.696 E21.67005
G0 F6000 X72.722 Y145.129
G1 F1200 X69.176 Y141.584 E21.83682
G0 F6000 X69.176 Y141.018
G1 F1200 X72.722 Y144.564 E22.00361
G0 F6000 X72.722 Y143.998
G1 F1200 X69.579 Y140.856 E22.15143
G0 F6000 X70.145 Y140.856
G1 F1200 X72.722 Y143.432 E22.27262
G0 F6000 X72.721 Y142.866
G1 F1200 X70.711 Y140.856 E22.36716
G0 F6000 X71.276 Y140.856
G1 F1200 X72.721 Y142.3 E22.43511
G0 F6000 X72.721 Y141.735
G1 F1200 X71.842 Y140.856 E22.47645
G0 F6000 X72.408 Y140.856
G1 F1200 X72.721 Y141.169 E22.49117
M104 S205
G1 F1500 E15.99117
;MESH:NONMESH
G0 F300 X72.721 Y141.169 Z0.4
G0 F6000 X73.181 Y141.169
G0 X73.108 Y140.468
G0 X68.042 Y139.72
G0 X68.042 Y138.631
G0 X63.264 Y129.837
;TIME_ELAPSED:44.402620
;LAYER:1
M140 S65
M106 S85
;TYPE:SKIRT
G1 F1500 E22.49117
G1 F1200 X64.109 Y129.517 E22.52123
G1 X64.978 Y129.273 E22.55125
G1 X65.866 Y129.107 E22.58129
G1 X67.041 Y129.009 E22.62051
G1 X67.696 Y128.996 E22.6423
G1 X73.907 Y128.996 E22.84888
G1 X74.751 Y129.007 E22.87695
G1 X75.653 Y129.06 E22.90701
G1 X76.546 Y129.192 E22.93703
G1 X77.424 Y129.403 E22.96706
G1 X78.28 Y129.691 E22.9971
G1 X79.107 Y130.053 E23.02713
G1 X79.899 Y130.488 E23.05718
G1 X80.65 Y130.99 E23.08723
G1 X81.353 Y131.557 E23.11727
G1 X82.003 Y132.184 E23.1473
G1 X82.595 Y132.866 E23.17734
G1 X83.125 Y133.597 E23.20737
G1 X83.587 Y134.373 E23.23741
G1 X83.98 Y135.186 E23.26744
G1 X84.298 Y136.031 E23.29747
G1 X84.541 Y136.901 E23.32752
G1 X84.706 Y137.789 E23.35756
G1 X84.801 Y138.914 E23.39511
G1 X84.814 Y139.519 E23.41524
G1 X84.815 Y153.473 E23.87935
G1 X84.804 Y154.336 E23.90805
G1 X84.752 Y155.237 E23.93807
G1 X84.577 Y156.338 E23.97515
G1 X84.383 Y157.235 E24.00567
G1 X84.129 Y158.335 E24.04322
G1 X83.897 Y159.488 E24.08234
G1 X83.649 Y160.622 E24.12095
G1 X83.521 Y161.143 E24.13879
G1 X83.292 Y161.97 E24.16733
G1 X83.103 Y162.609 E24.1895
G1 X82.809 Y163.463 E24.21954
G1 X82.44 Y164.287 E24.24957
G1 X82 Y165.076 E24.27961
G1 X81.492 Y165.823 E24.30966
G1 X80.642 Y166.819 E24.35321
G1 X79.875 Y167.604 E24.38971
G1 X79.383 Y168.082 E24.41253
G1 X78.708 Y168.682 E24.44257
G1 X77.982 Y169.22 E24.47262
G1 X77.212 Y169.691 E24.50264
G1 X76.403 Y170.093 E24.53269
G1 X75.163 Y170.549 E24.57663
G1 X74.384 Y170.779 E24.60365
G1 X73.394 Y171.042 E24.63772
G1 X72.511 Y171.232 E24.66776
G1 X71.615 Y171.343 E24.69779
G1 X70.713 Y171.373 E24.7278
G1 X69.811 Y171.324 E24.75785
G1 X68.917 Y171.196 E24.78789
G1 X68.072 Y170.998 E24.81675
G1 X67.136 Y170.733 E24.84911
G1 X66.428 Y170.515 E24.87375
G1 X65.578 Y170.212 E24.90376
G1 X64.758 Y169.834 E24.93379
G1 X63.974 Y169.385 E24.96384
G1 X63.233 Y168.869 E24.99387
G1 X62.298 Y168.059 E25.03502
G1 X61.465 Y167.239 E25.0739
G1 X60.999 Y166.758 E25.09617
G1 X60.4 Y166.083 E25.12619
G1 X59.863 Y165.356 E25.15625
G1 X59.393 Y164.586 E25.18625
G1 X58.992 Y163.776 E25.21631
G1 X58.575 Y162.657 E25.25603
G1 X58.271 Y161.654 E25.29089
G1 X58.086 Y160.986 E25.31394
G1 X57.831 Y159.794 E25.35449
G1 X57.212 Y155.715 E25.49171
G1 X57.101 Y154.472 E25.53322
G1 X57.088 Y153.866 E25.55338
G1 X57.087 Y139.898 E26.01795
G1 X57.097 Y139.073 E26.0454
G1 X57.149 Y138.172 E26.07541
G1 X57.28 Y137.278 E26.10546
G1 X57.49 Y136.4 E26.13549
G1 X57.776 Y135.543 E26.16554
G1 X58.138 Y134.716 E26.19557
G1 X58.571 Y133.923 E26.22562
G1 X59.072 Y133.172 E26.25564
G1 X59.638 Y132.468 E26.28569
G1 X60.264 Y131.817 E26.31573
G1 X60.945 Y131.224 E26.34576
G1 X61.676 Y130.694 E26.37579
G1 X62.451 Y130.23 E26.40583
G1 X63.264 Y129.837 E26.43587
G1 F1500 E19.93587
G0 F10500 X66.75 Y154.849
G0 X70.438 Y154.917
G0 X70.673 Y155.746
;TYPE:SUPPORT
G1 F1500 E26.43587
G1 F2100 X70.821 Y155.704 E26.44099
G1 X72.103 Y156.07 E26.48533
G1 X73.037 Y157.07 E26.53084
G1 X73.404 Y158.349 E26.5751
G1 X73.041 Y159.651 E26.62005
G1 X72.103 Y160.589 E26.66417
G1 X70.818 Y160.947 E26.70854
G1 X69.594 Y160.586 E26.75098
G1 X68.602 Y159.598 E26.79755
G1 X68.237 Y158.351 E26.84077
G1 X68.607 Y157.07 E26.88511
G1 X69.541 Y156.07 E26.93063
G1 X70.673 Y155.746 E26.96979
G1 F1500 E20.46979
;MESH:WheelAdapter_v10.stl
G0 F10500 X70.673 Y153.766
G0 X73.5 Y153.196
;TYPE:WALL-INNER
G1 F1500 E26.96979
G1 F2100 X73.496 Y140.196 E27.40217
G1 X68.4 Y140.196 E27.57166
G1 X68.4 Y153.196 E28.00405
G1 X73.5 Y153.196 E28.17367
G0 F10500 X73.9 Y153.596
G1 F2100 X73.896 Y139.796 E28.63266
G1 X68 Y139.796 E28.82876
G1 X68 Y153.596 E29.28775
G1 X73.9 Y153.596 E29.48399
G0 F10500 X74.3 Y153.996
;TYPE:WALL-OUTER
G1 F2100 X74.296 Y139.396 E29.96959
G1 X67.6 Y139.396 E30.1923
G1 X67.6 Y153.996 E30.67789
G1 X74.3 Y153.996 E30.90074
G0 F10500 X74.02 Y153.716
G0 X73.4 Y152.836
G0 X73.14 Y152.836
;TYPE:SKIN
G1 F2100 X68.76 Y152.836 E31.04642
G1 X68.76 Y140.556 E31.45485
G1 X73.136 Y140.556 E31.6004
G1 X73.14 Y152.836 E32.00883
G0 F10500 X72.939 Y152.204
G1 F2100 X72.507 Y152.636 E32.02915
G0 F10500 X71.941 Y152.636
G1 F2100 X72.939 Y151.638 E32.07609
G0 F10500 X72.939 Y151.073
G1 F2100 X71.375 Y152.636 E32.14964
G0 F10500 X70.81 Y152.636
G1 F2100 X72.939 Y150.507 E32.24978
G0 F10500 X72.938 Y149.942
G1 F2100 X70.244 Y152.636 E32.3765
G0 F10500 X69.678 Y152.636
G1 F2100 X72.938 Y149.376 E32.52984
G0 F10500 X72.938 Y148.811
G1 F2100 X69.113 Y152.636 E32.70975
G0 F10500 X68.961 Y152.222
G1 F2100 X72.938 Y148.245 E32.89682
G0 F10500 X72.937 Y147.68
G1 F2100 X68.961 Y151.657 E33.08386
G0 F10500 X68.961 Y151.091
G1 F2100 X72.937 Y147.114 E33.2709
G0 F10500 X72.937 Y146.549
G1 F2100 X68.961 Y150.525 E33.45792
G0 F10500 X68.961 Y149.96
G1 F2100 X72.937 Y145.983 E33.64496
G0 F10500 X72.937 Y145.418
G1 F2100 X68.961 Y149.394 E33.83198
G0 F10500 X68.961 Y148.828
G1 F2100 X72.937 Y144.852 E34.019
G0 F10500 X72.937 Y144.287
G1 F2100 X68.961 Y148.263 E34.20602
G0 F10500 X68.961 Y147.697
G1 F2100 X72.937 Y143.721 E34.39304
G0 F10500 X72.937 Y143.155
G1 F2100 X68.961 Y147.131 E34.58006
G0 F10500 X68.961 Y146.566
G1 F2100 X72.936 Y142.59 E34.76705
G0 F10500 X72.936 Y142.025
G1 F2100 X68.961 Y146 E34.95403
G0 F10500 X68.961 Y145.434
G1 F2100 X72.936 Y141.459 E35.141
G0 F10500 X72.936 Y140.893
G1 F2100 X68.961 Y144.869 E35.32799
G0 F10500 X68.961 Y144.303
G1 F2100 X72.507 Y140.756 E35.49481
G0 F10500 X71.942 Y140.756
G1 F2100 X68.961 Y143.737 E35.63503
G0 F10500 X68.961 Y143.171
G1 F2100 X71.376 Y140.756 E35.74862
G0 F10500 X70.81 Y140.756
G1 F2100 X68.961 Y142.606 E35.83562
G0 F10500 X68.961 Y142.04
G1 F2100 X70.245 Y140.756 E35.89601
G0 F10500 X69.679 Y140.756
G1 F2100 X68.961 Y141.474 E35.92978
G0 F10500 X68.961 Y140.909
G1 F2100 X69.113 Y140.756 E35.93696
G1 F1500 E29.43696
;MESH:NONMESH
G0 F300 X69.113 Y140.756 Z0.6
G0 F10500 X69.113 Y140.296
G0 X67.826 Y139.62
G0 X67.826 Y138.531
G0 X63.264 Y129.837
;TIME_ELAPSED:65.416869
;LAYER:2
M106 S170
;TYPE:SKIRT
G1 F1500 E35.93696
G1 F1200 X64.109 Y129.517 E35.96701
G1 X64.978 Y129.273 E35.99703
G1 X65.866 Y129.107 E36.02708
G1 X67.041 Y129.009 E36.06629
G1 X67.696 Y128.996 E36.08808
G1 X73.907 Y128.996 E36.29466
G1 X74.751 Y129.007 E36.32274
G1 X75.653 Y129.06 E36.35279
G1 X76.546 Y129.192 E36.38281
G1 X77.424 Y129.403 E36.41285
G1 X78.28 Y129.691 E36.44288
G1 X79.107 Y130.053 E36.47291
G1 X79.899 Y130.488 E36.50296
G1 X80.65 Y130.99 E36.53301
G1 X81.353 Y131.557 E36.56305
G1 X82.003 Y132.184 E36.59309
G1 X82.595 Y132.866 E36.62312
G1 X83.125 Y133.597 E36.65315
G1 X83.587 Y134.373 E36.68319
G1 X83.98 Y135.186 E36.71323
G1 X84.298 Y136.031 E36.74326
G1 X84.541 Y136.901 E36.7733
G1 X84.706 Y137.789 E36.80334
G1 X84.801 Y138.914 E36.84089
G1 X84.814 Y139.519 E36.86102
G1 X84.815 Y153.473 E37.32513
G1 X84.804 Y154.336 E37.35384
G1 X84.752 Y155.237 E37.38385
G1 X84.577 Y156.338 E37.42093
G1 X84.383 Y157.235 E37.45146
G1 X84.129 Y158.335 E37.489
G1 X83.897 Y159.488 E37.52812
G1 X83.649 Y160.622 E37.56673
G1 X83.521 Y161.143 E37.58457
G1 X83.292 Y161.97 E37.61312
G1 X83.103 Y162.609 E37.63528
G1 X82.809 Y163.463 E37.66532
G1 X82.44 Y164.287 E37.69535
G1 X82 Y165.076 E37.7254
G1 X81.492 Y165.823 E37.75544
G1 X80.642 Y166.819 E37.79899
G1 X79.875 Y167.604 E37.8355
G1 X79.383 Y168.082 E37.85831
G1 X78.708 Y168.682 E37.88835
G1 X77.982 Y169.22 E37.9184
G1 X77.212 Y169.691 E37.94842
G1 X76.403 Y170.093 E37.97847
G1 X75.163 Y170.549 E38.02241
G1 X74.384 Y170.779 E38.04943
G1 X73.394 Y171.042 E38.0835
G1 X72.511 Y171.232 E38.11354
G1 X71.615 Y171.343 E38.14357
G1 X70.713 Y171.373 E38.17359
G1 X69.811 Y171.324 E38.20363
G1 X68.917 Y171.196 E38.23367
G1 X68.072 Y170.998 E38.26253
G1 X67.136 Y170.733 E38.29489
G1 X66.428 Y170.515 E38.31953
G1 X65.578 Y170.212 E38.34954
G1 X64.758 Y169.834 E38.37957
G1 X63.974 Y169.385 E38.40962
G1 X63.233 Y168.869 E38.43966
G1 X62.298 Y168.059 E38.4808
G1 X61.465 Y167.239 E38.51968
G1 X60.999 Y166.758 E38.54195
G1 X60.4 Y166.083 E38.57197
G1 X59.863 Y165.356 E38.60203
G1 X59.393 Y164.586 E38.63203
G1 X58.992 Y163.776 E38.6621
G1 X58.575 Y162.657 E38.70181
G1 X58.271 Y161.654 E38.73667
G1 X58.086 Y160.986 E38.75973
G1 X57.831 Y159.794 E38.80027
G1 X57.212 Y155.715 E38.93749
G1 X57.101 Y154.472 E38.979
G1 X57.088 Y153.866 E38.99916
G1 X57.087 Y139.898 E39.46374
G1 X57.097 Y139.073 E39.49118
G1 X57.149 Y138.172 E39.52119
G1 X57.28 Y137.278 E39.55125
G1 X57.49 Y136.4 E39.58127
G1 X57.776 Y135.543 E39.61132
G1 X58.138 Y134.716 E39.64135
G1 X58.571 Y133.923 E39.6714
G1 X59.072 Y133.172 E39.70143
G1 X59.638 Y132.468 E39.73147
G1 X60.264 Y131.817 E39.76151
G1 X60.945 Y131.224 E39.79154
G1 X61.676 Y130.694 E39.82157
G1 X62.451 Y130.23 E39.85162
G1 X63.264 Y129.837 E39.88165
G1 F1500 E33.38165
G0 F15000 X66.635 Y154.849
G0 X70.357 Y155.157
G0 X70.59 Y155.988
;TYPE:SUPPORT
G1 F1500 E39.88165
G1 F3000 X70.821 Y155.924 E39.88962
G1 X72.044 Y156.266 E39.93186
G1 X72.925 Y157.199 E39.97454
G1 X73.271 Y158.366 E40.01503
G1 X72.929 Y159.587 E40.0572
G1 X72.039 Y160.477 E40.09906
G1 X70.818 Y160.819 E40.14124
G1 X69.658 Y160.478 E40.18145
G1 X68.714 Y159.534 E40.22585
G1 X68.373 Y158.368 E40.26626
G1 X68.715 Y157.199 E40.30677
G1 X69.6 Y156.266 E40.34954
G1 X70.59 Y155.988 E40.38374
G1 F1500 E33.88374
;MESH:WheelAdapter_v10.stl
G0 F15000 X70.59 Y153.766
G0 X73.612 Y153.196
;TYPE:WALL-INNER
G1 F1500 E40.38374
G1 F3000 X73.612 Y140.196 E40.81612
G1 X68.284 Y140.196 E40.99333
G1 X68.288 Y153.196 E41.42572
G1 X73.612 Y153.196 E41.60279
G0 F15000 X74.012 Y153.596
G1 F3000 X74.012 Y139.796 E42.06178
G1 X67.884 Y139.796 E42.2656
G1 X67.888 Y153.596 E42.72459
G1 X74.012 Y153.596 E42.92828
G0 F15000 X74.412 Y153.996
;TYPE:WALL-OUTER
G1 F3000 X74.412 Y139.396 E43.41387
G1 X67.484 Y139.396 E43.6443
G1 X67.488 Y153.996 E44.1299
G1 X74.412 Y153.996 E44.36019
G0 F15000 X74.135 Y153.716
G0 X73.512 Y152.836
G0 X73.252 Y152.836
;TYPE:SKIN
G1 F3000 X68.648 Y152.836 E44.51332
G1 X68.644 Y140.556 E44.92176
G1 X73.252 Y140.556 E45.07502
G1 X73.252 Y152.836 E45.48345
G0 F15000 X73.512 Y152.836
G0 X68.46 Y153.024
G0 X68.387 Y152.569
G0 X68.847 Y152.569
G1 F3000 X68.915 Y152.636 E45.48663
G0 F15000 X69.48 Y152.636
G1 F3000 X68.847 Y152.003 E45.5164
G0 F15000 X68.847 Y151.438
G1 F3000 X70.046 Y152.636 E45.57278
G0 F15000 X70.612 Y152.636
G1 F3000 X68.847 Y150.872 E45.65577
G0 F15000 X68.847 Y150.306
G1 F3000 X71.177 Y152.636 E45.76537
G0 F15000 X71.743 Y152.636
G1 F3000 X68.847 Y149.74 E45.90159
G0 F15000 X68.847 Y149.174
G1 F3000 X72.309 Y152.636 E46.06443
G0 F15000 X72.874 Y152.636
G1 F3000 X68.847 Y148.608 E46.25387
G0 F15000 X68.847 Y148.043
G1 F3000 X73.053 Y152.249 E46.45171
G0 F15000 X73.053 Y151.683
G1 F3000 X68.846 Y147.476 E46.64959
G0 F15000 X68.846 Y146.911
G1 F3000 X73.053 Y151.117 E46.84745
G0 F15000 X73.053 Y150.552
G1 F3000 X68.846 Y146.345 E47.04534
G0 F15000 X68.846 Y145.779
G1 F3000 X73.053 Y149.986 E47.24322
G0 F15000 X73.053 Y149.42
G1 F3000 X68.845 Y145.213 E47.44113
G0 F15000 X68.845 Y144.647
G1 F3000 X73.053 Y148.854 E47.63904
G0 F15000 X73.053 Y148.289
G1 F3000 X68.845 Y144.081 E47.83697
G0 F15000 X68.845 Y143.516
G1 F3000 X73.053 Y147.723 E48.03488
G0 F15000 X73.053 Y147.157
G1 F3000 X68.845 Y142.949 E48.23281
G0 F15000 X68.845 Y142.384
G1 F3000 X73.053 Y146.592 E48.43074
G0 F15000 X73.053 Y146.026
G1 F3000 X68.845 Y141.818 E48.62867
G0 F15000 X68.845 Y141.252
G1 F3000 X73.053 Y145.46 E48.8266
G0 F15000 X73.053 Y144.895
G1 F3000 X68.914 Y140.756 E49.02129
G0 F15000 X69.48 Y140.756
G1 F3000 X73.053 Y144.329 E49.18935
G0 F15000 X73.053 Y143.763
G1 F3000 X70.045 Y140.756 E49.33081
G0 F15000 X70.611 Y140.756
G1 F3000 X73.053 Y143.198 E49.44568
G0 F15000 X73.053 Y142.632
G1 F3000 X71.177 Y140.756 E49.53392
G0 F15000 X71.742 Y140.756
G1 F3000 X73.053 Y142.066 E49.59556
G0 F15000 X73.053 Y141.501
G1 F3000 X72.308 Y140.756 E49.6306
G0 F15000 X72.874 Y140.756
G1 F3000 X73.053 Y140.935 E49.63902
G1 F1500 E43.13902
;MESH:NONMESH
G0 F300 X73.053 Y140.935 Z0.8
G0 F15000 X73.512 Y140.935
G0 X73.44 Y153.024
G0 X69.72 Y153.766
G0 X69.72 Y154.861
G0 X69.423 Y155.419
G0 X69.72 Y156.478
;TIME_ELAPSED:85.954917
;LAYER:3
;note -- min layer time used
M106 S255
;TYPE:SUPPORT
G1 F1500 E49.63902
G1 F1883.8 X70.821 Y156.168 E49.67707
G1 X71.924 Y156.478 E49.71517
G1 X72.717 Y157.315 E49.75352
G1 X73.027 Y158.366 E49.78997
G1 X72.717 Y159.467 E49.82801
G1 X71.919 Y160.265 E49.86555
G1 X70.818 Y160.575 E49.90359
G1 X69.774 Y160.266 E49.9398
G1 X68.926 Y159.418 E49.97969
G1 X68.617 Y158.368 E50.0161
G1 X68.927 Y157.315 E50.0526
G1 X69.72 Y156.478 E50.09095
G1 F1500 E43.59095
;MESH:WheelAdapter_v10.stl
G0 F15000 X69.486 Y155.646
G0 X69.72 Y154.861
G0 X69.72 Y153.766
G0 X73.728 Y153.196
;TYPE:WALL-INNER
G1 F1500 E50.09095
G1 F1883.8 X73.728 Y140.196 E50.52334
G1 X68.169 Y140.196 E50.70823
G1 X68.172 Y153.196 E51.14061
G1 X73.728 Y153.196 E51.3254
G0 F15000 X74.128 Y153.596
G1 F1883.8 X74.128 Y139.796 E51.78439
G1 X67.769 Y139.796 E51.99589
G1 X67.772 Y153.596 E52.45488
G1 X74.128 Y153.596 E52.66629
G0 F15000 X74.528 Y153.996
;TYPE:WALL-OUTER
G1 F1883.8 X74.528 Y139.396 E53.15188
G1 X67.369 Y139.396 E53.38999
G1 X67.372 Y153.996 E53.87559
G1 X74.528 Y153.996 E54.1136
G0 F15000 X74.251 Y153.716
G0 X73.628 Y152.836
G0 X73.368 Y152.836
;TYPE:SKIN
G1 F1883.8 X68.532 Y152.836 E54.27445
G1 X68.528 Y140.556 E54.68288
G1 X73.368 Y140.556 E54.84386
G1 X73.368 Y152.836 E55.25229
G0 F15000 X73.168 Y152.541
G1 F1883.8 X73.072 Y152.636 E55.25679
G0 F15000 X72.507 Y152.636
G1 F1883.8 X73.168 Y151.975 E55.28788
G0 F15000 X73.168 Y151.409
G1 F1883.8 X71.941 Y152.636 E55.34559
G0 F15000 X71.375 Y152.636
G1 F1883.8 X73.168 Y150.844 E55.42991
G0 F15000 X73.168 Y150.278
G1 F1883.8 X70.81 Y152.636 E55.54082
G0 F15000 X70.244 Y152.636
G1 F1883.8 X73.168 Y149.712 E55.67836
G0 F15000 X73.168 Y149.146
G1 F1883.8 X69.678 Y152.636 E55.84251
G0 F15000 X69.113 Y152.636
G1 F1883.8 X73.168 Y148.581 E56.03325
G0 F15000 X73.168 Y148.015
G1 F1883.8 X68.732 Y152.451 E56.2419
G0 F15000 X68.732 Y151.885
G1 F1883.8 X73.168 Y147.449 E56.45056
G0 F15000 X73.168 Y146.884
G1 F1883.8 X68.732 Y151.319 E56.65919
G0 F15000 X68.732 Y150.754
G1 F1883.8 X73.168 Y146.318 E56.86785
G0 F15000 X73.168 Y145.752
G1 F1883.8 X68.731 Y150.189 E57.07655
G0 F15000 X68.731 Y149.623
G1 F1883.8 X73.168 Y145.187 E57.28523
G0 F15000 X73.168 Y144.621
G1 F1883.8 X68.731 Y149.057 E57.49391
G0 F15000 X68.731 Y148.492
G1 F1883.8 X73.168 Y144.055 E57.70261
G0 F15000 X73.168 Y143.49
G1 F1883.8 X68.731 Y147.926 E57.91129
G0 F15000 X68.731 Y147.361
G1 F1883.8 X73.168 Y142.924 E58.12
G0 F15000 X73.168 Y142.358
G1 F1883.8 X68.731 Y146.795 E58.3287
G0 F15000 X68.731 Y146.23
G1 F1883.8 X73.168 Y141.793 E58.5374
G0 F15000 X73.168 Y141.227
G1 F1883.8 X68.731 Y145.664 E58.7461
G0 F15000 X68.73 Y145.099
G1 F1883.8 X73.073 Y140.756 E58.95039
G0 F15000 X72.507 Y140.756
G1 F1883.8 X68.73 Y144.533 E59.12804
G0 F15000 X68.73 Y143.968
G1 F1883.8 X71.942 Y140.756 E59.27913
G0 F15000 X71.376 Y140.756
G1 F1883.8 X68.73 Y143.402 E59.40359
G0 F15000 X68.729 Y142.837
G1 F1883.8 X70.81 Y140.756 E59.50147
G0 F15000 X70.245 Y140.756
G1 F1883.8 X68.729 Y142.271 E59.57275
G0 F15000 X68.729 Y141.706
G1 F1883.8 X69.679 Y140.756 E59.61744
G0 F15000 X69.113 Y140.756
G1 F1883.8 X68.729 Y141.14 E59.6355
G1 F1500 E53.1355
;MESH:NONMESH
G0 F300 X68.729 Y141.14 Z1
G0 F15000 X68.269 Y141.14
G0 X68.344 Y153.024
G0 X69.795 Y153.766
G0 X69.795 Y154.861
G0 X69.525 Y155.635
G0 X69.795 Y156.598
;TIME_ELAPSED:101.252564
;LAYER:4
;note -- min layer time used
;TYPE:SUPPORT
G1 F1500 E59.6355
G1 F1015.1 X70.821 Y156.308 E59.67096
G1 X71.849 Y156.598 E59.70649
G1 X72.601 Y157.387 E59.74274
G1 X72.884 Y158.366 E59.77664
G1 X72.597 Y159.395 E59.81217
G1 X71.847 Y160.145 E59.84745
G1 X70.818 Y160.432 E59.88298
G1 X69.842 Y160.146 E59.9168
G1 X69.046 Y159.35 E59.95424
G1 X68.757 Y158.367 E59.98832
G1 X69.043 Y157.387 E60.02228
G1 X69.795 Y156.598 E60.05853
G1 F1500 E53.55853
;MESH:WheelAdapter_v10.stl
G0 F15000 X69.561 Y155.765
G0 X69.795 Y154.861
G0 X69.795 Y153.766
G0 X73.844 Y153.196
;TYPE:WALL-INNER
G1 F1500 E60.05853
G1 F1015.1 X73.844 Y140.196 E60.49091
G1 X68.056 Y140.196 E60.68342
G1 X68.056 Y153.196 E61.1158
G1 X73.844 Y153.196 E61.30831
G0 F15000 X74.244 Y153.596
G1 F1015.1 X74.244 Y139.796 E61.7673
G1 X67.656 Y139.796 E61.98642
G1 X67.656 Y153.596 E62.44541
G1 X74.244 Y153.596 E62.66453
G0 F15000 X74.644 Y153.996
;TYPE:WALL-OUTER
G1 F1015.1 X74.644 Y139.396 E63.15013
G1 X67.256 Y139.396 E63.39585
G1 X67.256 Y153.996 E63.88145
G1 X74.644 Y153.996 E64.12718
G0 F15000 X74.366 Y153.716
G0 X73.764 Y150.509
;TYPE:FILL
G1 F1015.1 X68.136 Y144.881 E64.3919
G0 F15000 X68.136 Y150.181
G1 F1015.1 X73.763 Y148.674 E64.58565
G0 F15000 X69.034 Y153.117
G1 F1015.1 X72.475 Y140.276 E65.02781
G0 F15000 X72.475 Y140.406
G1 F1500 E58.52781
;MESH:NONMESH
G0 F300 X72.475 Y140.406 Z1.2
G0 F15000 X69.907 Y153.766
G0 X69.907 Y154.861
G0 X69.678 Y155.732
G0 X69.907 Y156.548
;TIME_ELAPSED:113.664024
;LAYER:5
;note -- min layer time used
;TYPE:SUPPORT
G1 F1500 E65.02781
G1 F1024.8 X70.871 Y156.257 E65.0613
G1 X71.826 Y156.526 E65.0943
G1 X72.519 Y157.283 E65.12844
G1 X72.776 Y158.243 E65.16149
G1 X72.477 Y159.327 E65.19889
G1 X71.779 Y160.025 E65.23172
G1 X70.818 Y160.292 E65.2649
G1 X69.906 Y160.026 E65.2965
G1 X69.166 Y159.282 E65.3314
G1 X68.897 Y158.375 E65.36286
G1 X69.204 Y157.321 E65.39938
G1 X69.907 Y156.548 E65.43413
G1 F1500 E58.93413
;MESH:WheelAdapter_v10.stl
G0 F15000 X69.658 Y155.72
G0 X69.907 Y154.861
G0 X69.907 Y153.766
G0 X73.96 Y153.196
;TYPE:WALL-INNER
G1 F1500 E65.43413
G1 F1024.8 X73.96 Y140.196 E65.86651
G1 X67.94 Y140.196 E66.06674
G1 X67.94 Y153.196 E66.49912
G1 X73.96 Y153.196 E66.69934
G0 F15000 X74.36 Y153.596
G1 F1024.8 X74.36 Y139.796 E67.15833
G1 X67.54 Y139.796 E67.38517
G1 X67.54 Y153.596 E67.84416
G1 X74.36 Y153.596 E68.07099
G0 F15000 X74.76 Y153.996
;TYPE:WALL-OUTER
G1 F1024.8 X74.76 Y139.396 E68.55659
G1 X67.14 Y139.396 E68.81003
G1 X67.14 Y153.996 E69.29563
G1 X74.76 Y153.996 E69.54907
G0 F15000 X74.482 Y153.716
G0 X73.88 Y150.426
;TYPE:FILL
G1 F1024.8 X68.02 Y144.566 E69.82471
G0 F15000 X68.02 Y150.358
G1 F1024.8 X73.879 Y148.789 E70.02645
G0 F15000 X68.888 Y153.117
G1 F1024.8 X72.328 Y140.276 E70.4686
G0 F15000 X72.328 Y140.406
G1 F1500 E63.9686
;MESH:NONMESH
G0 F300 X72.328 Y140.406 Z1.4
G0 F15000 X70.013 Y153.766
G0 X70.013 Y154.861
G0 X69.801 Y155.677
G0 X70.013 Y156.379
;TIME_ELAPSED:126.083370
;LAYER:6
;note -- min layer time used
;TYPE:SUPPORT
G1 F1500 E70.4686
G1 F1033.2 X70.91 Y156.105 E70.49979
G1 X71.784 Y156.357 E70.53005
G1 X72.431 Y157.09 E70.56257
G1 X72.688 Y158.05 E70.59562
G1 X72.372 Y159.185 E70.63481
G1 X71.719 Y159.867 E70.66621
G1 X70.818 Y160.139 E70.69751
G1 X69.976 Y159.894 E70.72668
G1 X69.296 Y159.182 E70.75943
G1 X69.044 Y158.25 E70.79154
G1 X69.365 Y157.111 E70.8309
G1 X70.013 Y156.379 E70.86341
G1 F1500 E64.36341
;MESH:WheelAdapter_v10.stl
G0 F15000 X69.76 Y155.554
G0 X70.013 Y154.861
G0 X70.013 Y153.766
G0 X74.076 Y153.196
;TYPE:WALL-INNER
G1 F1500 E70.86341
G1 F1033.2 X74.076 Y140.196 E71.29579
G1 X67.824 Y140.196 E71.50374
G1 X67.824 Y153.196 E71.93612
G1 X74.076 Y153.196 E72.14406
G0 F15000 X74.476 Y153.596
G1 F1033.2 X74.476 Y139.796 E72.60305
G1 X67.424 Y139.796 E72.8376
G1 X67.424 Y153.596 E73.29659
G1 X74.476 Y153.596 E73.53114
G0 F15000 X74.876 Y153.996
;TYPE:WALL-OUTER
G1 F1033.2 X74.876 Y139.396 E74.01674
G1 X67.024 Y139.396 E74.2779
G1 X67.024 Y153.996 E74.7635
G1 X74.876 Y153.996 E75.02466
G0 F15000 X74.597 Y153.716
G0 X73.996 Y150.342
;TYPE:FILL
G1 F1033.2 X67.903 Y144.25 E75.31123
G0 F15000 X72.182 Y140.276
G1 F1033.2 X68.742 Y153.117 E75.75338
G0 F15000 X67.904 Y150.535
G1 F1033.2 X73.995 Y148.903 E75.96311
G0 F15000 X73.866 Y148.902
G1 F1500 E69.46311
;MESH:NONMESH
G0 F300 X73.866 Y148.902 Z1.6
G0 F15000 X70.077 Y153.766
G0 X70.077 Y156.196
;TIME_ELAPSED:138.378194
;LAYER:7
;note -- min layer time used
;TYPE:SUPPORT
G1 F1500 E75.96311
G1 F1037.2 X70.887 Y155.954 E75.99123
G1 X71.707 Y156.203 E76.01973
G1 X72.307 Y156.886 E76.04997
G1 X72.549 Y157.769 E76.08042
G1 X72.558 Y157.919 E76.08542
G1 X72.299 Y158.9 E76.11917
G1 X71.698 Y159.544 E76.14847
G1 X70.871 Y159.798 E76.17724
G1 X70.091 Y159.56 E76.20436
G1 X69.473 Y158.892 E76.23463
G1 X69.244 Y158.024 E76.26449
G1 X69.255 Y157.725 E76.27444
G1 X69.482 Y156.873 E76.30377
G1 X70.077 Y156.196 E76.33374
G1 F1500 E69.83374
;MESH:WheelAdapter_v10.stl
G0 F15000 X70.077 Y153.766
G0 X74.192 Y153.196
;TYPE:WALL-INNER
G1 F1500 E76.33374
G1 F1037.2 X74.192 Y140.196 E76.76613
G1 X67.708 Y140.196 E76.98178
G1 X67.708 Y153.196 E77.41417
G1 X74.192 Y153.196 E77.62983
G0 F15000 X74.592 Y153.596
G1 F1037.2 X74.592 Y139.796 E78.08882
G1 X67.308 Y139.796 E78.33108
G1 X67.308 Y153.596 E78.79007
G1 X74.592 Y153.596 E79.03234
G0 F15000 X74.992 Y153.996
;TYPE:WALL-OUTER
G1 F1037.2 X74.992 Y139.396 E79.51794
G1 X66.908 Y139.396 E79.78681
G1 X66.908 Y153.996 E80.27241
G1 X74.992 Y153.996 E80.54128
G0 F15000 X74.713 Y153.716
G0 X74.112 Y150.257
;TYPE:FILL
G1 F1037.2 X67.787 Y143.933 E80.83877
G0 F15000 X72.035 Y140.276
G1 F1037.2 X68.595 Y153.117 E81.28092
G0 F15000 X67.788 Y150.714
G1 F1037.2 X74.111 Y149.019 E81.49865
G0 F15000 X73.982 Y149.018
G1 F1500 E74.99865
;MESH:NONMESH
G0 F300 X73.982 Y149.018 Z1.8
G0 F15000 X69.966 Y153.766
G0 X69.966 Y156.105
;TIME_ELAPSED:150.680443
;LAYER:8
;note -- min layer time used
;TYPE:SUPPORT
G1 F1500 E81.49865
G1 F1045.7 X70.733 Y155.916 E81.52493
G1 X70.958 Y155.977 E81.53268
G1 X71.079 Y155.948 E81.53682
G1 X71.852 Y156.133 E81.56325
G1 X72.403 Y156.706 E81.58969
G1 X72.595 Y157.434 E81.61473
G1 X72.34 Y158.22 E81.64222
G1 X72.254 Y158.329 E81.64684
G1 X72.191 Y158.564 E81.65493
G1 X71.65 Y159.147 E81.68138
G1 X70.906 Y159.37 E81.70722
G1 X70.191 Y159.141 E81.73219
G1 X69.609 Y158.512 E81.76069
G1 X69.532 Y158.239 E81.77012
G1 X69.484 Y158.18 E81.77265
G1 X69.241 Y157.425 E81.79903
G1 X69.434 Y156.676 E81.82476
G1 X69.966 Y156.105 E81.85072
G1 F1500 E75.35072
;MESH:WheelAdapter_v10.stl
G0 F15000 X69.966 Y153.766
G0 X74.307 Y153.196
;TYPE:WALL-INNER
G1 F1500 E81.85072
G1 F1045.7 X74.304 Y140.196 E82.2831
G1 X67.592 Y140.196 E82.50634
G1 X67.592 Y153.196 E82.93872
G1 X74.307 Y153.196 E83.16206
G0 F15000 X74.707 Y153.596
G1 F1045.7 X74.704 Y139.796 E83.62105
G1 X67.192 Y139.796 E83.8709
G1 X67.192 Y153.596 E84.32989
G1 X74.707 Y153.596 E84.57984
G0 F15000 X75.107 Y153.996
;TYPE:WALL-OUTER
G1 F1045.7 X75.104 Y139.396 E85.06544
G1 X66.792 Y139.396 E85.3419
G1 X66.792 Y153.996 E85.8275
G1 X75.107 Y153.996 E86.10405
G0 F15000 X74.828 Y153.716
G0 X74.226 Y150.173
;TYPE:FILL
G1 F1045.7 X67.672 Y143.618 E86.41236
G0 F15000 X71.89 Y140.275
G1 F1045.7 X68.449 Y153.116 E86.85452
G0 F15000 X67.673 Y150.89
G1 F1045.7 X74.225 Y149.135 E87.08012
G0 F15000 X74.097 Y149.134
G1 F1500 E80.58012
;MESH:NONMESH
G0 F300 X74.097 Y149.134 Z2
G0 F15000 X69.893 Y153.766
G0 X69.893 Y155.967
;TIME_ELAPSED:162.980934
;LAYER:9
;note -- min layer time used
;TYPE:SUPPORT
G1 F1500 E87.08012
G1 F1055.8 X70.573 Y155.789 E87.1035
G1 X71.183 Y155.989 E87.12485
G1 X71.302 Y155.978 E87.12883
G1 X72.043 Y156.154 E87.15416
G1 X72.545 Y156.653 E87.1777
G1 X72.731 Y157.311 E87.20044
G1 X72.505 Y158.005 E87.22472
G1 X71.946 Y158.532 E87.25027
G1 X71.79 Y158.593 E87.25584
G1 X71.579 Y158.747 E87.26453
G1 X70.876 Y158.92 E87.28861
G1 X70.61 Y158.833 E87.29792
G1 X70.249 Y158.747 E87.31026
G1 X70.049 Y158.593 E87.31866
G1 X69.513 Y158.057 E87.34387
G1 X69.244 Y157.193 E87.37397
G1 X69.411 Y156.505 E87.39751
G1 X69.893 Y155.967 E87.42154
G1 F1500 E80.92154
;MESH:WheelAdapter_v10.stl
G0 F15000 X69.893 Y153.766
G0 X74.423 Y153.196
;TYPE:WALL-INNER
G1 F1500 E87.42154
G1 F1055.8 X74.42 Y140.196 E87.85392
G1 X67.476 Y140.196 E88.08488
G1 X67.476 Y153.196 E88.51726
G1 X74.423 Y153.196 E88.74832
G0 F15000 X74.823 Y153.596
G1 F1055.8 X74.82 Y139.796 E89.20731
G1 X67.076 Y139.796 E89.46488
G1 X67.076 Y153.596 E89.92387
G1 X74.823 Y153.596 E90.18153
G0 F15000 X75.223 Y153.996
;TYPE:WALL-OUTER
G1 F1055.8 X75.22 Y139.396 E90.66713
G1 X66.676 Y139.396 E90.9513
G1 X66.676 Y153.996 E91.4369
G1 X75.223 Y153.996 E91.72118
G0 F15000 X74.944 Y153.716
G0 X74.342 Y150.088
;TYPE:FILL
G1 F1055.8 X67.556 Y143.301 E92.04039
G0 F15000 X71.743 Y140.275
G1 F1055.8 X68.302 Y153.116 E92.48255
G0 F15000 X67.556 Y151.069
G1 F1055.8 X74.341 Y149.251 E92.71618
G0 F15000 X74.213 Y149.25
G1 F1500 E86.21618
;MESH:NONMESH
G0 F300 X74.213 Y149.25 Z2.2
G0 F15000 X69.838 Y153.766
G0 X69.838 Y155.827
;TIME_ELAPSED:175.277901
;LAYER:10
;note -- min layer time used
;TYPE:SUPPORT
G1 F1500 E92.71618
G1 F1071.8 X70.444 Y155.669 E92.73701
G1 X71.254 Y155.937 E92.76539
G1 X71.544 Y155.869 E92.7753
G1 X72.156 Y156.02 E92.79626
G1 X72.589 Y156.497 E92.81769
G1 X72.737 Y157.114 E92.83879
G1 X72.701 Y157.294 E92.8449
G1 X72.76 Y157.486 E92.85158
G1 X72.613 Y158.127 E92.87345
G1 X72.173 Y158.57 E92.89422
G1 X71.555 Y158.721 E92.91538
G1 X71.48 Y158.708 E92.91791
G1 X70.934 Y158.839 E92.93659
G1 X70.651 Y158.741 E92.94655
G1 X70.487 Y158.763 E92.95205
G1 X69.872 Y158.614 E92.9731
G1 X69.396 Y158.155 E92.99509
G1 X69.245 Y157.561 E93.01548
G1 X69.35 Y157.252 E93.02633
G1 X69.256 Y156.937 E93.03726
G1 X69.404 Y156.316 E93.0585
G1 X69.838 Y155.827 E93.08024
G1 F1500 E86.58024
;MESH:WheelAdapter_v10.stl
G0 F15000 X69.838 Y153.766
G0 X74.536 Y153.196
;TYPE:WALL-INNER
G1 F1500 E93.08024
G1 F1071.8 X74.536 Y140.196 E93.51263
G1 X67.361 Y140.196 E93.75127
G1 X67.364 Y153.196 E94.18365
G1 X74.536 Y153.196 E94.42219
G0 F15000 X74.936 Y153.596
G1 F1071.8 X74.936 Y139.796 E94.88118
G1 X66.961 Y139.796 E95.14643
G1 X66.964 Y153.596 E95.60542
G1 X74.936 Y153.596 E95.87057
G0 F15000 X75.336 Y153.996
;TYPE:WALL-OUTER
G1 F1071.8 X75.336 Y139.396 E96.35617
G1 X66.561 Y139.396 E96.64803
G1 X66.564 Y153.996 E97.13362
G1 X75.336 Y153.996 E97.42538
G0 F15000 X75.059 Y153.716
G0 X74.456 Y150.002
;TYPE:FILL
G1 F1071.8 X67.441 Y142.987 E97.75535
G0 F15000 X71.597 Y140.275
G1 F1071.8 X68.156 Y153.116 E98.19751
G0 F15000 X67.444 Y151.245
G1 F1071.8 X74.456 Y149.366 E98.43896
G0 F15000 X74.328 Y149.365
G1 F1500 E91.93896
;MESH:NONMESH
G0 F300 X74.328 Y149.365 Z2.4
G0 F15000 X69.73 Y153.766
G0 X69.73 Y155.725
;TIME_ELAPSED:187.575217
;LAYER:11
;note -- min layer time used
;TYPE:SUPPORT
G1 F1500 E98.43896
G1 F1089.2 X70.274 Y155.593 E98.45757
G1 X70.666 Y155.722 E98.4713
G1 X70.719 Y155.719 E98.47307
G1 X70.97 Y155.8 E98.48184
G1 X71.07 Y155.785 E98.4852
G1 X71.416 Y155.863 E98.497
G1 X71.709 Y155.765 E98.50727
G1 X72.248 Y155.9 E98.52575
G1 X72.629 Y156.321 E98.54464
G1 X72.764 Y156.88 E98.56377
G1 X72.647 Y157.261 E98.57702
G1 X72.796 Y157.71 E98.59276
G1 X72.665 Y158.28 E98.61221
G1 X72.281 Y158.67 E98.63041
G1 X71.704 Y158.811 E98.65017
G1 X71.681 Y158.809 E98.65094
G1 X71.058 Y158.967 E98.67231
G1 X70.443 Y158.75 E98.69401
G1 X70.252 Y158.788 E98.70048
G1 X69.695 Y158.657 E98.71951
G1 X69.276 Y158.258 E98.73876
G1 X69.141 Y157.733 E98.75679
G1 X69.354 Y157.114 E98.77856
G1 X69.216 Y156.687 E98.79349
G1 X69.347 Y156.138 E98.81226
G1 X69.73 Y155.725 E98.83099
G1 F1500 E92.33099
;MESH:WheelAdapter_v10.stl
G0 F15000 X69.73 Y153.766
G0 X74.652 Y153.196
;TYPE:WALL-INNER
G1 F1500 E98.83099
G1 F1089.2 X74.652 Y140.196 E99.26337
G1 X67.245 Y140.196 E99.50973
G1 X67.248 Y153.196 E99.94211
G1 X74.652 Y153.196 E100.18837
G0 F15000 X75.052 Y153.596
G1 F1089.2 X75.052 Y139.796 E100.64736
G1 X66.845 Y139.796 E100.92033
G1 X66.848 Y153.596 E101.37932
G1 X75.052 Y153.596 E101.65218
G0 F15000 X75.452 Y153.996
;TYPE:WALL-OUTER
G1 F1089.2 X75.452 Y139.396 E102.13778
G1 X66.445 Y139.396 E102.43736
G1 X66.448 Y153.996 E102.92295
G1 X75.452 Y153.996 E103.22243
G0 F15000 X75.175 Y153.716
G0 X74.572 Y149.917
;TYPE:FILL
G1 F1089.2 X67.325 Y142.67 E103.5633
G0 F15000 X71.45 Y140.275
G1 F1089.2 X68.009 Y153.116 E104.00547
G0 F15000 X67.328 Y151.423
G1 F1089.2 X74.572 Y149.482 E104.2549
G0 F15000 X74.444 Y149.481
G1 F1500 E97.7549
;MESH:NONMESH
G0 F300 X74.444 Y149.481 Z2.6
G0 F15000 X69.56 Y153.766
G0 X69.56 Y155.7
;TIME_ELAPSED:199.878924
;LAYER:12
;note -- min layer time used
;TYPE:SUPPORT
G1 F1500 E104.2549
G1 F1106.7 X70.033 Y155.598 E104.271
G1 X70.397 Y155.473 E104.2838
G1 X70.902 Y155.599 E104.30111
G1 X71.06 Y155.568 E104.30646
G1 X71.572 Y155.752 E104.32456
G1 X71.866 Y155.684 E104.33459
G1 X72.341 Y155.797 E104.35083
G1 X72.661 Y156.153 E104.36676
G1 X72.784 Y156.648 E104.38372
G1 X72.602 Y157.22 E104.40368
G1 X72.844 Y157.928 E104.42857
G1 X72.733 Y158.42 E104.44535
G1 X72.401 Y158.758 E104.4611
G1 X71.914 Y158.872 E104.47774
G1 X71.84 Y158.856 E104.48026
G1 X71.054 Y159.003 E104.50685
G1 X70.421 Y158.867 E104.52839
G1 X70.231 Y158.803 E104.53506
G1 X70.026 Y158.871 E104.54224
G1 X69.571 Y158.759 E104.55782
G1 X69.214 Y158.399 E104.57469
G1 X69.1 Y157.919 E104.5911
G1 X69.267 Y157.431 E104.60825
G1 X69.399 Y157.266 E104.61528
G1 X69.4 Y157.146 E104.61927
G1 X69.26 Y156.978 E104.62654
G1 X69.09 Y156.51 E104.6431
G1 X69.209 Y156.055 E104.65875
G1 X69.56 Y155.7 E104.67535
G1 F1500 E98.17535
;MESH:WheelAdapter_v10.stl
G0 F15000 X69.56 Y153.766
G0 X74.768 Y153.196
;TYPE:WALL-INNER
G1 F1500 E104.67535
G1 F1106.7 X74.768 Y140.196 E105.10773
G1 X67.132 Y140.196 E105.36171
G1 X67.132 Y153.196 E105.79409
G1 X74.768 Y153.196 E106.04806
G0 F15000 X75.168 Y153.596
G1 F1106.7 X75.168 Y139.796 E106.50705
G1 X66.732 Y139.796 E106.78764
G1 X66.732 Y153.596 E107.24663
G1 X75.168 Y153.596 E107.52721
G0 F15000 X75.568 Y153.996
;TYPE:WALL-OUTER
G1 F1106.7 X75.568 Y139.396 E108.01281
G1 X66.332 Y139.396 E108.32
G1 X66.332 Y153.996 E108.80559
G1 X75.568 Y153.996 E109.11279
G0 F15000 X75.29 Y153.716
G0 X74.688 Y149.834
;TYPE:FILL
G1 F1106.7 X67.212 Y142.358 E109.46443
G0 F15000 X71.304 Y140.276
G1 F1106.7 X67.863 Y153.117 E109.9066
G0 F15000 X67.212 Y151.6
G1 F1106.7 X74.687 Y149.597 E110.16399
G0 F15000 X74.559 Y149.596
G1 F1500 E103.66399
;MESH:NONMESH
G0 F300 X74.559 Y149.596 Z2.8
G0 F15000 X69.328 Y153.766
G0 X69.328 Y155.693
;TIME_ELAPSED:212.195742
;LAYER:13
;note -- min layer time used
;TYPE:SUPPORT
G1 F1500 E110.16399
G1 F1128.6 X69.794 Y155.599 E110.1798
G1 X69.973 Y155.596 E110.18575
G1 X70.087 Y155.515 E110.1904
G1 X70.539 Y155.357 E110.20633
G1 X70.93 Y155.452 E110.21971
G1 X71.164 Y155.718 E110.2315
G1 X71.418 Y155.788 E110.24026
G1 X72.077 Y155.598 E110.26307
G1 X72.366 Y155.655 E110.27287
G1 X72.624 Y155.972 E110.28646
G1 X72.748 Y156.478 E110.30379
G1 X72.751 Y156.652 E110.30958
G1 X72.695 Y156.874 E110.31719
G1 X72.438 Y157.139 E110.32947
G1 X72.404 Y157.268 E110.33391
G1 X72.438 Y157.365 E110.33733
G1 X72.786 Y157.729 E110.35407
G1 X72.944 Y158.167 E110.36956
G1 X72.856 Y158.596 E110.38413
G1 X72.576 Y158.873 E110.39723
G1 X72.36 Y158.92 E110.40458
G1 X71.881 Y159.081 E110.42139
G1 X71.515 Y158.966 E110.43415
G1 X71.456 Y158.902 E110.43704
G1 X71.251 Y158.824 E110.44434
G1 X71.081 Y158.86 E110.45012
G1 X70.916 Y158.824 E110.45573
G1 X70.225 Y158.961 E110.47916
G1 X70.032 Y158.896 E110.48594
G1 X69.791 Y158.96 E110.49423
G1 X69.388 Y158.873 E110.50794
G1 X69.087 Y158.572 E110.5221
G1 X69 Y158.171 E110.53575
G1 X69.162 Y157.728 E110.55144
G1 X69.488 Y157.38 E110.5673
G1 X69.523 Y157.177 E110.57415
G1 X69.07 Y156.764 E110.59454
G1 X68.918 Y156.365 E110.60874
G1 X69.019 Y155.987 E110.62175
G1 X69.328 Y155.693 E110.63594
G1 F1500 E104.13594
;MESH:WheelAdapter_v10.stl
G0 F15000 X69.328 Y153.766
G0 X74.884 Y153.196
;TYPE:WALL-INNER
G1 F1500 E110.63594
G1 F1128.6 X74.884 Y140.196 E111.06832
G1 X67.016 Y140.196 E111.33001
G1 X67.016 Y153.196 E111.76239
G1 X74.884 Y153.196 E112.02408
G0 F15000 X75.284 Y153.596
G1 F1128.6 X75.284 Y139.796 E112.48307
G1 X66.616 Y139.796 E112.77137
G1 X66.616 Y153.596 E113.23036
G1 X75.284 Y153.596 E113.51866
G0 F15000 X75.684 Y153.996
;TYPE:WALL-OUTER
G1 F1128.6 X75.684 Y139.396 E114.00426
G1 X66.216 Y139.396 E114.31917
G1 X66.216 Y153.996 E114.80476
G1 X75.684 Y153.996 E115.11967
G0 F15000 X75.406 Y153.716
G0 X74.804 Y149.75
;TYPE:FILL
G1 F1128.6 X67.096 Y142.042 E115.48223
G0 F15000 X71.158 Y140.276
G1 F1128.6 X67.717 Y153.117 E115.92439
G0 F15000 X67.096 Y151.777
G1 F1128.6 X74.803 Y149.712 E116.18977
G0 F15000 X74.675 Y149.711
G1 F1500 E109.68977
;MESH:NONMESH
G0 F300 X74.675 Y149.711 Z3
G0 F15000 X69.376 Y153.766
G0 X69.376 Y155.79
;TIME_ELAPSED:224.532201
;LAYER:14
;note -- min layer time used
;TYPE:SUPPORT
G1 F1500 E116.18977
G1 F1140.1 X69.704 Y155.696 E116.20112
G1 X69.832 Y155.72 E116.20545
G1 X69.945 Y155.674 E116.20951
G1 X70.144 Y155.459 E116.21925
G1 X70.552 Y155.351 E116.23329
G1 X70.697 Y155.29 E116.23852
G1 X70.883 Y155.367 E116.24522
G1 X71.047 Y155.372 E116.25068
G1 X71.236 Y155.609 E116.26076
G1 X71.424 Y155.645 E116.26712
G1 X71.867 Y155.503 E116.2826
G1 X72.193 Y155.608 E116.29399
G1 X72.342 Y155.759 E116.30104
G1 X72.442 Y155.792 E116.30455
G1 X72.689 Y156.051 E116.31645
G1 X72.78 Y156.361 E116.3272
G1 X72.685 Y156.695 E116.33875
G1 X72.245 Y157.13 E116.35932
G1 X72.22 Y157.256 E116.3636
G1 X72.255 Y157.355 E116.36709
G1 X72.753 Y157.883 E116.39123
G1 X72.844 Y158.194 E116.40201
G1 X72.753 Y158.523 E116.41336
G1 X72.507 Y158.765 E116.42484
G1 X72.254 Y158.841 E116.43362
G1 X72.232 Y158.856 E116.43451
G1 X71.882 Y158.952 E116.44658
G1 X71.575 Y158.862 E116.45722
G1 X71.474 Y158.762 E116.46195
G1 X71.238 Y158.684 E116.47022
G1 X71.076 Y158.719 E116.47573
G1 X70.909 Y158.684 E116.4814
G1 X70.256 Y158.86 E116.5039
G1 X70 Y158.796 E116.51267
G1 X69.763 Y158.859 E116.52083
G1 X69.454 Y158.766 E116.53156
G1 X69.19 Y158.503 E116.54396
G1 X69.101 Y158.194 E116.55465
G1 X69.195 Y157.879 E116.56559
G1 X69.457 Y157.599 E116.57834
G1 X69.748 Y157.336 E116.59139
G1 X69.776 Y157.239 E116.59474
G1 X69.742 Y157.107 E116.59928
G1 X69.647 Y157.032 E116.6033
G1 X69.399 Y156.939 E116.61211
G1 X69.129 Y156.673 E116.62472
G1 X69.037 Y156.362 E116.63551
G1 X69.127 Y156.051 E116.64627
G1 X69.376 Y155.79 E116.65827
G1 F1500 E110.15827
;MESH:WheelAdapter_v10.stl
G0 F15000 X69.376 Y153.766
G0 X75 Y153.196
;TYPE:WALL-INNER
G1 F1500 E116.65827
G1 F1140.1 X75 Y140.196 E117.09065
G1 X66.9 Y140.196 E117.36006
G1 X66.9 Y153.196 E117.79244
G1 X75 Y153.196 E118.06185
G0 F15000 X75.4 Y153.596
G1 F1140.1 X75.4 Y139.796 E118.52084
G1 X66.5 Y139.796 E118.81685
G1 X66.5 Y153.596 E119.27584
G1 X75.4 Y153.596 E119.57186
G0 F15000 X75.8 Y153.996
;TYPE:WALL-OUTER
G1 F1140.1 X75.8 Y139.396 E120.05746
G1 X66.1 Y139.396 E120.38008
G1 X66.1 Y153.996 E120.86568
G1 X75.8 Y153.996 E121.1883
G0 F15000 X75.521 Y153.716
G0 X74.919 Y149.828
;TYPE:FILL
G1 F1140.1 X66.98 Y151.955 E121.46167
G0 F15000 X67.57 Y153.117
G1 F1140.1 X71.011 Y140.276 E121.90383
G0 F15000 X66.98 Y141.725
G1 F1140.1 X74.92 Y149.666 E122.27733
G0 F15000 X74.79 Y149.665
G1 F1500 E115.77733
;MESH:NONMESH
G0 F300 X74.79 Y149.665 Z3.2
G0 F15000 X72.031 Y153.766
G0 X72.48 Y154.827
G0 X73.459 Y155.609
G0 X73.68 Y156.359
G0 X73.48 Y157.071
G0 X72.031 Y157.292
;TIME_ELAPSED:237.004143
;LAYER:15
;note -- min layer time used
;TYPE:SUPPORT
G1 F1500 E122.27733
G1 F1913.3 X72.047 Y157.488 E122.28161
G1 F1500 E115.78161
G0 F15000 X73.148 Y157.251
G0 X73.404 Y157.507
G0 X73.603 Y158.193
G0 X73.404 Y158.906
G0 X72.894 Y159.416
G0 X71.88 Y159.71
G0 X69.761 Y159.617
G0 X69.067 Y159.413
G0 X68.548 Y158.895
G0 X68.343 Y158.197
G0 X68.522 Y157.577
G0 X68.745 Y157.308
G0 X69.503 Y157.746
G1 F1500 E122.28161
G1 F1253.2 X69.767 Y157.672 E122.29073
G1 X69.992 Y157.732 E122.29847
G1 F909.8 X70.103 Y157.871 E122.30662
G1 F714.1 X70.251 Y157.829 E122.3156
G1 F716.1 X70.475 Y157.912 E122.32951
G1 F789.4 X70.774 Y157.899 E122.34531
G1 F877.9 X70.9 Y157.928 E122.35145
G1 F879.4 X71.081 Y157.896 E122.36016
G1 F882.5 X71.363 Y157.895 E122.37348
G1 F879.4 X71.551 Y157.938 E122.38262
G1 F1031.4 X71.818 Y157.777 E122.39522
G1 F1253.2 X71.984 Y157.726 E122.401
G1 F1333.2 X72.036 Y157.661 E122.4036
G1 F1586.3 X72.047 Y157.488 E122.40815
G1 X72.135 Y157.634 E122.41263
G1 F1333.2 X72.44 Y157.746 E122.42279
G1 F1253.2 X72.629 Y157.947 E122.43197
G1 X72.703 Y158.198 E122.44067
G1 X72.633 Y158.451 E122.4494
G1 X72.439 Y158.645 E122.45853
G1 F1222.6 X71.929 Y158.803 E122.47673
G1 F1160.4 X71.653 Y158.72 E122.48708
G1 F990.7 X71.457 Y158.475 E122.50028
G1 F879.4 X70.902 Y158.456 E122.5266
G1 F877.9 X70.768 Y158.487 E122.53313
G1 F789.4 X70.475 Y158.477 E122.54861
G1 F716.1 X70.255 Y158.559 E122.56228
G1 F714.1 X70.107 Y158.516 E122.57127
G1 F909.8 X69.997 Y158.656 E122.57943
G1 F1253.2 X69.763 Y158.719 E122.58749
G1 X69.523 Y158.646 E122.59583
G1 X69.313 Y158.438 E122.60567
G1 X69.241 Y158.194 E122.61413
G1 X69.311 Y157.947 E122.62267
G1 X69.503 Y157.746 E122.63191
G1 F1500 E116.13191
G0 F15000 X68.745 Y157.308
G0 X68.486 Y157.064
G0 X68.281 Y156.366
G0 X68.48 Y155.677
G0 X69.382 Y154.837
G0 X70.066 Y155.329
G1 F1500 E122.63191
G1 F1253.2 X70.326 Y155.269 E122.64079
G1 X70.53 Y155.336 E122.64793
G1 X70.651 Y155.306 E122.65207
G1 X70.78 Y155.196 E122.65771
G1 X71.337 Y155.196 E122.67624
G1 X71.506 Y155.382 E122.6846
G1 X71.59 Y155.418 E122.68764
G1 X71.869 Y155.348 E122.6972
G1 X72.115 Y155.431 E122.70584
G1 X72.32 Y155.691 E122.71685
G1 X72.37 Y155.884 E122.72348
G1 X72.565 Y156.114 E122.73351
G1 X72.639 Y156.362 E122.74212
G1 X72.565 Y156.623 E122.75114
G1 F1319.1 X72.079 Y157.094 E122.77253
G1 F1648.9 X72.031 Y157.292 E122.77768
G1 X71.959 Y157.119 E122.78241
G1 F1319.1 X71.629 Y157.002 E122.79348
G1 F1253.2 X71.432 Y156.863 E122.8015
G1 X71.176 Y156.79 E122.81035
G1 X71.142 Y156.767 E122.81171
G1 X70.819 Y156.675 E122.82289
G1 X70.047 Y156.895 E122.84958
G1 X69.822 Y156.852 E122.8572
G1 X69.702 Y156.887 E122.86136
G1 X69.462 Y156.814 E122.8697
G1 X69.25 Y156.606 E122.87958
G1 X69.181 Y156.363 E122.88798
G1 X69.251 Y156.115 E122.89655
G1 X69.443 Y155.914 E122.9058
G1 X69.769 Y155.817 E122.91711
G1 X69.848 Y155.732 E122.92097
G1 X69.892 Y155.533 E122.92775
G1 X70.066 Y155.329 E122.93667
G1 F1500 E116.43667
;MESH:WheelAdapter_v10.stl
G0 F15000 X70.066 Y153.766
G0 X75.115 Y153.196
;TYPE:WALL-INNER
G1 F1500 E122.93667
G1 F1253.2 X75.112 Y140.196 E123.36905
G1 X66.784 Y140.196 E123.64604
G1 X66.784 Y153.196 E124.07842
G1 X75.115 Y153.196 E124.35551
G0 F15000 X75.515 Y153.596
G1 F1253.2 X75.512 Y139.796 E124.8145
G1 X66.384 Y139.796 E125.1181
G1 X66.384 Y153.596 E125.57709
G1 X75.515 Y153.596 E125.88079
G0 F15000 X75.915 Y153.996
;TYPE:WALL-OUTER
G1 F1253.2 X75.912 Y139.396 E126.36639
G1 X65.984 Y139.396 E126.69659
G1 X65.984 Y153.996 E127.18219
G1 X75.915 Y153.996 E127.5125
G0 F15000 X75.636 Y153.716
G0 X75.034 Y149.943
;TYPE:FILL
G1 F1253.2 X66.864 Y152.132 E127.79382
G0 F15000 X67.424 Y153.117
G1 F1253.2 X70.865 Y140.276 E128.23598
G0 F15000 X66.864 Y141.41
G1 F1253.2 X75.035 Y149.581 E128.62032
G0 F15000 X74.905 Y149.58
G1 F1500 E122.12032
;MESH:NONMESH
G0 F300 X74.905 Y149.58 Z3.4
G0 F15000 X69.768 Y153.766
G0 X69.768 Y155.196
;TIME_ELAPSED:250.860163
;LAYER:16
;note -- min layer time used
;TYPE:SUPPORT
G1 F1500 E128.62032
G1 F1211.3 X70.329 Y155.196 E128.63898
G1 X70.571 Y155.422 E128.64999
G1 X70.697 Y155.415 E128.65419
G1 X70.931 Y155.196 E128.66485
G1 X71.18 Y155.196 E128.67313
G1 X71.317 Y155.345 E128.67986
G1 X71.426 Y155.395 E128.68385
G1 X71.595 Y155.337 E128.68979
G1 X71.694 Y155.196 E128.69552
G1 X72.176 Y155.196 E128.71155
G1 X72.238 Y155.291 E128.71533
G1 X72.293 Y155.616 E128.72629
G1 X72.252 Y155.915 E128.73633
G1 X72.307 Y156.035 E128.74072
G1 X72.445 Y156.18 E128.74738
G1 X72.499 Y156.365 E128.75379
G1 X72.445 Y156.555 E128.76036
G1 X72.09 Y156.878 E128.77632
G1 X71.882 Y156.936 E128.7835
G1 X71.709 Y156.886 E128.78949
G1 X71.518 Y156.711 E128.79811
G1 X71.375 Y156.7 E128.80288
G1 X71.163 Y156.612 E128.81051
G1 X70.741 Y156.525 E128.82484
G1 X70.463 Y156.628 E128.8347
G1 F1126.8 X70.277 Y156.631 E128.84136
G1 F1055.6 X70.052 Y156.725 E128.85066
G1 F942.6 X69.826 Y156.625 E128.86122
G1 F851.5 X69.702 Y156.659 E128.86731
G1 F853 X69.571 Y156.62 E128.87376
G1 X69.445 Y156.495 E128.88215
G1 X69.408 Y156.362 E128.88867
G1 X69.447 Y156.222 E128.89553
G1 X69.555 Y156.11 E128.90288
G1 F851.5 X69.715 Y156.068 E128.9107
G1 F999 X69.848 Y155.773 E128.92375
G1 F1211.3 X69.721 Y155.456 E128.93511
G1 X69.768 Y155.196 E128.9439
G1 F1500 E122.4439
G0 F15000 X68.85 Y155.482
G0 X68.602 Y155.741
G0 X68.421 Y156.366
G0 X68.587 Y156.934
G0 X68.931 Y157.307
G0 X69.765 Y157.899
G1 F1500 E128.9439
G1 F856 X69.985 Y157.954 E128.95457
G1 X70.251 Y157.898 E128.96737
G1 F859.1 X70.448 Y157.99 E128.97756
G1 F976.8 X70.701 Y157.987 E128.988
G1 F1121.6 X71.082 Y157.966 E129.0017
G1 F1119 X71.372 Y157.965 E129.01215
G1 F1039.7 X71.761 Y158.029 E129.02742
G1 F907.3 X72.178 Y157.899 E129.04682
G1 F851.5 X72.326 Y157.94 E129.05408
G1 X72.434 Y158.057 E129.06161
G1 X72.476 Y158.2 E129.06867
G1 X72.438 Y158.338 E129.07544
G1 X72.327 Y158.447 E129.0828
G1 F853 X71.886 Y158.581 E129.10457
G1 X71.749 Y158.542 E129.11129
G1 F890.6 X71.616 Y158.444 E129.11877
G1 F1017.9 X71.358 Y158.401 E129.12912
G1 F1119 X71.08 Y158.418 E129.13915
G1 F1116.4 X70.709 Y158.4 E129.15255
G1 F972.9 X70.45 Y158.404 E129.16328
G1 F862.1 X70.255 Y158.492 E129.17328
G1 F859.1 X69.989 Y158.434 E129.18604
G1 F856 X69.764 Y158.493 E129.19699
G1 X69.634 Y158.454 E129.20338
G1 X69.507 Y158.326 E129.21186
G1 X69.468 Y158.194 E129.21834
G1 X69.508 Y158.054 E129.22519
G1 X69.619 Y157.94 E129.23268
G1 X69.765 Y157.899 E129.23982
G1 F1500 E122.73982
;MESH:WheelAdapter_v10.stl
G0 F15000 X68.931 Y157.307
G0 X68.606 Y156.997
G0 X68.421 Y156.366
G0 X68.823 Y155.159
G0 X68.975 Y154.838
G0 X69.765 Y153.766
G0 X75.231 Y153.196
;TYPE:WALL-INNER
G1 F1500 E129.23982
G1 F1211.3 X75.228 Y140.196 E129.6722
G1 X66.668 Y140.196 E129.95691
G1 X66.668 Y153.196 E130.38929
G1 X75.231 Y153.196 E130.6741
G0 F15000 X75.631 Y153.596
G1 F1211.3 X75.628 Y139.796 E131.13309
G1 X66.268 Y139.796 E131.4444
G1 X66.268 Y153.596 E131.90339
G1 X75.631 Y153.596 E132.21481
G0 F15000 X76.031 Y153.996
;TYPE:WALL-OUTER
G1 F1211.3 X76.028 Y139.396 E132.7004
G1 X65.868 Y139.396 E133.03833
G1 X65.868 Y153.996 E133.52392
G1 X76.031 Y153.996 E133.86195
G0 F15000 X75.752 Y153.716
G0 X75.15 Y150.059
;TYPE:FILL
G1 F1211.3 X66.748 Y152.31 E134.15125
G0 F15000 X67.277 Y153.117
G1 F1211.3 X70.718 Y140.276 E134.59342
G0 F15000 X66.748 Y141.093
G1 F1211.3 X75.151 Y149.496 E134.98867
G0 F15000 X75.021 Y149.495
G1 F1500 E128.48867
;MESH:NONMESH
G0 F300 X75.021 Y149.495 Z3.6
G0 F15000 X69.591 Y153.766
G0 X69.591 Y156.169
;TIME_ELAPSED:264.007356
;LAYER:17
;note -- min layer time used
;TYPE:SUPPORT
G1 F1500 E134.98867
G1 F1317.6 X70.031 Y156.061 E135.00524
G1 F1276.9 X70.23 Y156.272 E135.01619
G1 F1260.3 X70.26 Y156.378 E135.02041
G1 X70.233 Y156.476 E135.02429
G1 X70.152 Y156.558 E135.0287
G1 X70.052 Y156.585 E135.03266
G1 X69.911 Y156.543 E135.03829
G1 F1296.9 X69.702 Y156.589 E135.04625
G1 F1335.8 X69.603 Y156.56 E135.04997
G1 X69.505 Y156.461 E135.055
G1 X69.475 Y156.362 E135.05873
G1 X69.506 Y156.257 E135.06268
G1 X69.591 Y156.169 E135.0671
G0 F15000 X69.926 Y155.205
G1 F1383.6 X70.17 Y155.205 E135.0756
G1 X70.249 Y155.287 E135.07956
G1 X70.282 Y155.403 E135.08376
G1 X70.249 Y155.514 E135.0878
G1 X70.054 Y155.715 E135.09756
G1 X69.846 Y155.502 E135.10793
G1 X69.815 Y155.4 E135.11164
G1 X69.847 Y155.288 E135.1157
G1 X69.926 Y155.205 E135.11969
G1 F1500 E128.61969
G0 F15000 X71.694 Y156.456
G1 F1500 E135.11969
G1 F1345.1 X72.055 Y156.122 E135.13732
G1 F1342 X72.231 Y156.17 E135.14387
G1 X72.311 Y156.254 E135.14804
G1 X72.343 Y156.364 E135.15215
G1 X72.311 Y156.474 E135.15627
G1 F1348.2 X71.997 Y156.75 E135.17122
G1 F1354.5 X71.88 Y156.784 E135.17555
G1 X71.782 Y156.754 E135.1792
G1 X71.694 Y156.667 E135.1836
G1 F1351.3 X71.694 Y156.456 E135.19113
G0 F15000 X71.698 Y155.39
G1 F1383.6 X71.81 Y155.205 E135.19866
G1 X72.05 Y155.205 E135.20703
G1 X72.129 Y155.287 E135.21099
G1 X72.162 Y155.406 E135.2153
G1 X72.132 Y155.515 E135.21923
G1 X71.996 Y155.653 E135.22598
G1 X71.824 Y155.602 E135.23224
G1 X71.732 Y155.508 E135.23682
G1 X71.698 Y155.39 E135.2411
G1 F1500 E128.7411
G0 F15000 X72.19 Y157.967
G1 F1500 E135.2411
G1 F1364.1 X72.295 Y157.997 E135.24496
G1 X72.379 Y158.083 E135.2492
G1 X72.411 Y158.198 E135.25342
G1 X72.381 Y158.305 E135.25735
G1 X72.299 Y158.388 E135.26147
G1 F1380.3 X72.11 Y158.433 E135.26826
G1 F1383.6 X71.872 Y158.517 E135.27705
G1 F1370.5 X71.691 Y158.399 E135.28465
G1 X71.691 Y158.172 E135.29263
G1 X71.765 Y158.093 E135.29644
G1 F1367.3 X72.19 Y157.967 E135.31207
G1 F1500 E128.81207
G0 F15000 X70.445 Y158.08
G1 F1500 E135.31207
G1 F1373.8 X70.445 Y158.316 E135.32035
G1 X70.362 Y158.398 E135.32444
G1 X70.259 Y158.427 E135.3282
G1 F1367.3 X69.992 Y158.348 E135.33802
G1 F1357.7 X69.758 Y158.424 E135.34675
G1 X69.665 Y158.396 E135.3502
G1 X69.565 Y158.295 E135.35525
G1 X69.535 Y158.194 E135.35899
G1 X69.566 Y158.087 E135.36294
G1 X69.653 Y157.999 E135.36734
G1 X69.762 Y157.968 E135.37136
G1 X69.99 Y158.036 E135.37981
G1 F1367.3 X70.254 Y157.965 E135.38945
G1 F1373.8 X70.366 Y157.996 E135.39352
G1 X70.445 Y158.08 E135.39757
G1 F1500 E128.89757
;MESH:WheelAdapter_v10.stl
G0 F15000 X70.445 Y153.766
G0 X75.344 Y153.196
;TYPE:WALL-INNER
G1 F1500 E135.39757
G1 F1449.3 X75.344 Y140.196 E135.82995
G1 X66.553 Y140.196 E136.12234
G1 X66.556 Y153.196 E136.55472
G1 X75.344 Y153.196 E136.84701
G0 F15000 X75.744 Y153.596
G1 F1449.3 X75.744 Y139.796 E137.306
G1 X66.153 Y139.796 E137.625
G1 X66.156 Y153.596 E138.08399
G1 X75.744 Y153.596 E138.40289
G0 F15000 X76.144 Y153.996
;TYPE:WALL-OUTER
G1 F1449.3 X76.144 Y139.396 E138.88849
G1 X65.753 Y139.396 E139.23409
G1 X65.756 Y153.996 E139.71969
G1 X76.144 Y153.996 E140.0652
G0 F15000 X75.867 Y153.716
G0 X75.264 Y150.174
;TYPE:FILL
G1 F1449.3 X66.636 Y152.486 E140.36229
G0 F15000 X67.131 Y153.116
G1 F1449.3 X68.892 Y146.548 E140.58846
G1 X72.098 Y146.244 E140.69557
G1 X71.731 Y145.877 E140.71283
G1 X69.002 Y146.136 E140.80401
G1 X69.113 Y145.724 E140.8182
G1 X71.365 Y145.51 E140.89344
G1 X69.2 Y143.347 E140.99522
G1 X69.2 Y145.396 E141.06337
G1 X69.113 Y145.724 E141.07466
G0 F15000 X69.2 Y145.396
G1 F1449.3 X70.572 Y140.275 E141.25099
G0 F15000 X71.002 Y140.396
G1 F1449.3 X70.837 Y144.981 E141.40359
G0 F15000 X71.223 Y145.367
G1 F1449.3 X71.402 Y140.396 E141.56903
G0 F15000 X69.58 Y140.396
G1 F1449.3 X69.773 Y143.259 E141.66447
G0 F15000 X69.39 Y143.534
G1 F1449.3 X69.179 Y140.396 E141.76908
G0 F15000 X66.634 Y140.779
G1 F1449.3 X69.2 Y143.347 E141.88982
G0 F15000 X69.002 Y146.136
G1 F1449.3 X68.892 Y146.548 E141.90401
G0 F15000 X71.365 Y145.51
G1 F1449.3 X71.731 Y145.877 E141.92125
G0 F15000 X72.098 Y146.244
G1 F1449.3 X75.264 Y149.41 E142.07016
G0 F15000 X75.136 Y149.409
;MESH:NONMESH
G0 F300 X75.136 Y149.409 Z3.8
G0 F15000 X75.436 Y153.195
G0 X75.46 Y153.196
;TIME_ELAPSED:278.637286
;LAYER:18
;note -- min layer time used
;TYPE:WALL-INNER
;MESH:WheelAdapter_v10.stl
G1 F1323.2 X75.46 Y140.196 E142.50255
G1 X66.437 Y140.196 E142.80265
G1 X66.44 Y153.196 E143.23503
G1 X75.46 Y153.196 E143.53504
G0 F15000 X75.86 Y153.596
G1 F1323.2 X75.86 Y139.796 E143.99403
G1 X66.037 Y139.796 E144.32074
G1 X66.04 Y153.596 E144.77973
G1 X75.86 Y153.596 E145.10635
G0 F15000 X76.26 Y153.996
;TYPE:WALL-OUTER
G1 F1323.2 X76.26 Y139.396 E145.59195
G1 X65.637 Y139.396 E145.94527
G1 X65.64 Y153.996 E146.43087
G1 X76.26 Y153.996 E146.78409
G0 F15000 X75.983 Y153.716
G0 X75.38 Y150.29
;TYPE:FILL
G1 F1323.2 X66.52 Y152.664 E147.08917
G0 F15000 X66.984 Y153.116
G1 F1323.2 X68.933 Y145.843 E147.33961
G0 F15000 X68.712 Y145.843
G0 X68.785 Y146.924
G0 X71.749 Y146.924
G0 X71.821 Y145.546
G0 X71.601 Y145.546
G1 F1323.2 X75.38 Y149.325 E147.51736
G0 F15000 X68.785 Y146.924
G0 X68.712 Y142.877
G0 X68.932 Y142.877
G1 F1323.2 X66.518 Y140.463 E147.63091
G0 F15000 X68.785 Y146.924
G0 X71.56 Y146.996
G0 X71.56 Y146.736
;TYPE:SKIN
G1 F1323.2 X68.972 Y146.736 E147.71698
G1 X68.972 Y140.556 E147.92253
G1 X71.56 Y140.556 E148.00861
G1 X71.56 Y146.736 E148.21416
G0 F15000 X71.56 Y146.996
G0 X69.603 Y146.996
G0 X69.603 Y146.536
G1 F1323.2 X69.172 Y146.105 E148.23443
G0 F15000 X69.172 Y145.54
G1 F1323.2 X70.168 Y146.536 E148.28128
G0 F15000 X70.734 Y146.536
G1 F1323.2 X69.172 Y144.974 E148.35475
G0 F15000 X69.172 Y144.408
G1 F1323.2 X71.3 Y146.536 E148.45484
G0 F15000 X71.361 Y146.031
G1 F1323.2 X69.172 Y143.842 E148.55781
G0 F15000 X69.172 Y143.277
G1 F1323.2 X71.361 Y145.465 E148.66075
G0 F15000 X71.361 Y144.9
G1 F1323.2 X69.172 Y142.711 E148.76371
G0 F15000 X69.172 Y142.145
G1 F1323.2 X71.361 Y144.334 E148.86668
G0 F15000 X71.361 Y143.768
G1 F1323.2 X69.172 Y141.58 E148.96962
G0 F15000 X69.172 Y141.014
G1 F1323.2 X71.361 Y143.203 E149.07258
G0 F15000 X71.361 Y142.637
G1 F1323.2 X69.48 Y140.757 E149.16103
G0 F15000 X70.046 Y140.757
G1 F1323.2 X71.361 Y142.071 E149.22286
G0 F15000 X71.361 Y141.506
G1 F1323.2 X70.612 Y140.757 E149.25809
G0 F15000 X71.177 Y140.757
G1 F1323.2 X71.361 Y140.94 E149.26672
G0 F15000 X72.121 Y140.94
;MESH:NONMESH
G0 F300 X72.121 Y140.94 Z4
G0 F15000 X71.717 Y153.196
;TIME_ELAPSED:291.924854
;LAYER:19
;note -- min layer time used
;TYPE:WALL-INNER
;MESH:WheelAdapter_v10.stl
G1 F1492.5 X75.576 Y153.196 E149.39508
G1 X75.576 Y140.196 E149.82746
G1 X66.324 Y140.196 E150.13518
G1 X66.324 Y153.196 E150.56756
G1 X70.165 Y153.196 E150.69531
G1 X70.531 Y153.301 E150.70798
G1 X70.838 Y153.581 E150.7218
G1 X70.94 Y153.881 E150.73234
G1 X71.042 Y153.581 E150.74288
G1 X71.349 Y153.301 E150.7567
G1 X71.717 Y153.196 E150.76942
G0 F15000 X70.994 Y153.358
G0 X70.922 Y154.196
G0 X71.186 Y154.196
G1 F1338.5 X71.358 Y153.827 E150.78452
G1 F1492.5 X71.507 Y153.691 E150.79123
G1 X71.761 Y153.596 E150.80025
G1 X75.976 Y153.596 E150.94044
G1 X75.976 Y139.796 E151.39943
G1 X65.924 Y139.796 E151.73376
G1 X65.924 Y153.596 E152.19275
G1 X70.127 Y153.596 E152.33255
G1 X70.373 Y153.691 E152.34132
G1 X70.522 Y153.827 E152.34803
G1 F1338.5 X70.694 Y154.196 E152.36312
G1 F1213.4 X70.694 Y157.55 E152.50034
G1 X71.186 Y157.55 E152.52046
G1 X71.186 Y154.196 E152.65768
G0 F15000 X71.8 Y153.998
;TYPE:WALL-OUTER
G1 F1492.5 X76.376 Y153.996 E152.80987
G1 X76.376 Y139.396 E153.29547
G1 X65.524 Y139.396 E153.65641
G1 X65.524 Y153.996 E154.14201
G1 X70.091 Y153.996 E154.29391
G1 X70.206 Y154.073 E154.29851
G1 X70.248 Y154.196 E154.30283
G1 X70.248 Y157.996 E154.42922
G1 X71.632 Y157.996 E154.47525
G1 X71.632 Y154.196 E154.60164
G1 X71.674 Y154.073 E154.60597
G1 X71.8 Y153.998 E154.61084
G0 F15000 X71.8 Y153.686
G0 X66.838 Y153.116
;TYPE:FILL
G1 F1492.5 X68.7 Y146.166 E154.85015
G0 F15000 X68.48 Y146.166
G0 X68.553 Y146.924
G0 X72.095 Y146.924
G0 X72.167 Y145.692
G0 X71.947 Y145.692
G1 F1492.5 X75.496 Y149.242 E155.01711
G0 F15000 X75.495 Y150.405
G1 F1492.5 X66.405 Y152.841 E155.33011
G0 F15000 X68.48 Y142.446
G0 X68.7 Y142.446
G1 F1492.5 X66.53 Y140.276 E155.43218
G1 X66.404 Y140.418
G1 X66.934 Y140.276 E155.45043
G0 F15000 X68.553 Y146.924
G0 X71.904 Y146.996
G0 X71.904 Y146.736
;TYPE:SKIN
G1 F1492.5 X68.74 Y146.736 E155.55567
G1 X68.74 Y140.556 E155.76122
G1 X71.904 Y140.556 E155.86645
G1 X71.904 Y146.736 E156.072
G0 F15000 X71.704 Y146.085
G1 F1492.5 X71.252 Y146.537 E156.09326
G0 F15000 X70.687 Y146.537
G1 F1492.5 X71.704 Y145.519 E156.14112
G0 F15000 X71.704 Y144.953
G1 F1492.5 X70.121 Y146.537 E156.2156
G0 F15000 X69.555 Y146.537
G1 F1492.5 X71.704 Y144.388 E156.31669
G0 F15000 X71.704 Y143.822
G1 F1492.5 X68.99 Y146.537 E156.44437
G0 F15000 X68.94 Y146.02
G1 F1492.5 X71.704 Y143.256 E156.57438
G0 F15000 X71.704 Y142.691
G1 F1492.5 X68.94 Y145.455 E156.70439
G0 F15000 X68.94 Y144.889
G1 F1492.5 X71.704 Y142.125 E156.8344
G0 F15000 X71.704 Y141.559
G1 F1492.5 X68.94 Y144.323 E156.96441
G0 F15000 X68.94 Y143.758
G1 F1492.5 X71.704 Y140.994 E157.09442
G0 F15000 X71.376 Y140.756
G1 F1492.5 X68.94 Y143.192 E157.209
G0 F15000 X68.94 Y142.626
G1 F1492.5 X70.81 Y140.756 E157.29696
G0 F15000 X70.245 Y140.756
G1 F1492.5 X68.94 Y142.061 E157.35834
G0 F15000 X68.94 Y141.495
G1 F1492.5 X69.679 Y140.756 E157.3931
G0 F15000 X69.113 Y140.756
G1 F1492.5 X68.94 Y140.929 E157.40124
G0 F15000 X68.18 Y140.929
;MESH:NONMESH
G0 F300 X68.18 Y140.929 Z4.2
G0 F15000 X68.553 Y146.924
G0 X71.774 Y153.281
;TIME_ELAPSED:305.741278
;LAYER:20
;note -- min layer time used
;TYPE:WALL-INNER
;MESH:WheelAdapter_v10.stl
G1 F1595.9 X72.18 Y153.196 E157.41504
G1 X75.692 Y153.196 E157.53185
G1 X75.692 Y140.196 E157.96423
G1 X66.208 Y140.196 E158.27967
G1 X66.208 Y153.196 E158.71205
G1 X69.859 Y153.196 E158.83348
G1 X70.209 Y153.334 E158.84599
G1 X70.364 Y153.447 E158.85237
G1 X70.571 Y153.703 E158.86332
G1 F1519.9 X70.72 Y154.196 E158.88131
G1 F1450.8 X70.722 Y157.177 E158.99037
G1 F1454.2 X71.161 Y157.177 E159.0064
G1 F1450.8 X71.16 Y154.196 E159.11546
G1 F1519.9 X71.309 Y153.703 E159.13345
G1 F1595.9 X71.516 Y153.447 E159.1444
G1 X71.774 Y153.281 E159.1546
G0 F15000 X71.874 Y153.679
G1 F1595.9 X72.084 Y153.596 E159.16211
G1 X76.092 Y153.596 E159.29542
G1 X76.092 Y139.796 E159.75441
G1 X65.808 Y139.796 E160.09646
G1 X65.808 Y153.596 E160.55545
G1 X69.7 Y153.596 E160.68489
G1 X69.944 Y153.647 E160.69318
G1 X70.098 Y153.746 E160.69927
G1 X70.223 Y153.9 E160.70587
G1 X70.3 Y154.196 E160.71604
G1 X70.304 Y157.596 E160.82913
G1 X71.58 Y157.596 E160.87157
G1 X71.58 Y154.196 E160.98465
G1 X71.657 Y153.9 E160.99483
G1 X71.874 Y153.679 E161.00513
G0 F15000 X72.137 Y154
;TYPE:WALL-OUTER
G1 F1595.9 X76.492 Y153.996 E161.14997
G1 X76.492 Y139.396 E161.63557
G1 X65.408 Y139.396 E162.00423
G1 X65.408 Y153.996 E162.48983
G1 X69.744 Y154 E162.63404
G1 X69.9 Y154.115 E162.64049
G1 X69.904 Y157.996 E162.76957
G1 X71.98 Y157.996 E162.83862
G1 X71.98 Y154.115 E162.9677
G1 X72.137 Y154 E162.97417
G0 F15000 X72.137 Y153.686
G0 X75.611 Y150.52
;TYPE:FILL
G1 F1595.9 X66.289 Y153.018 E163.29516
G0 F15000 X66.692 Y153.116
G1 F1595.9 X68.525 Y146.274 E163.53075
G0 F15000 X68.306 Y146.274
G0 X68.378 Y146.924
G0 X72.442 Y146.924
G0 X72.514 Y145.84
G0 X72.294 Y145.84
G1 F1595.9 X75.612 Y149.159 E163.68685
G0 F15000 X68.378 Y146.924
G0 X68.306 Y142.073
G0 X68.526 Y142.073
G1 F1595.9 X66.73 Y140.276 E163.77135
G0 F15000 X66.288 Y140.595
G1 F1595.9 X67.479 Y140.276 E163.81236
G0 F15000 X68.378 Y146.924
G0 X72.252 Y146.996
G0 X72.252 Y146.736
;TYPE:SKIN
G1 F1595.9 X68.564 Y146.736 E163.93502
G1 X68.564 Y140.556 E164.14057
G1 X72.252 Y140.556 E164.26323
G1 X72.252 Y146.736 E164.46878
G0 F15000 X72.252 Y146.996
G0 X69.037 Y146.996
G0 X69.037 Y146.536
G1 F1595.9 X68.764 Y146.263 E164.48162
G0 F15000 X68.764 Y145.697
G1 F1595.9 X69.603 Y146.536 E164.52108
G0 F15000 X70.168 Y146.536
G1 F1595.9 X68.764 Y145.132 E164.58712
G0 F15000 X68.764 Y144.566
G1 F1595.9 X70.734 Y146.536 E164.67979
G0 F15000 X71.3 Y146.536
G1 F1595.9 X68.764 Y144 E164.79907
G0 F15000 X68.764 Y143.434
G1 F1595.9 X71.865 Y146.536 E164.94496
G0 F15000 X72.052 Y146.157
G1 F1595.9 X68.764 Y142.869 E165.09962
G0 F15000 X68.764 Y142.303
G1 F1595.9 X72.052 Y145.591 E165.25427
G0 F15000 X72.052 Y145.025
G1 F1595.9 X68.764 Y141.737 E165.40893
G0 F15000 X68.764 Y141.172
G1 F1595.9 X72.052 Y144.46 E165.56359
G0 F15000 X72.052 Y143.894
G1 F1595.9 X68.914 Y140.756 E165.71119
G0 F15000 X69.48 Y140.756
G1 F1595.9 X72.052 Y143.328 E165.83217
G0 F15000 X72.052 Y142.763
G1 F1595.9 X70.045 Y140.756 E165.92657
G0 F15000 X70.611 Y140.756
G1 F1595.9 X72.052 Y142.197 E165.99435
G0 F15000 X72.052 Y141.631
G1 F1595.9 X71.177 Y140.756 E166.03551
G0 F15000 X71.742 Y140.756
G1 F1595.9 X72.052 Y141.066 E166.05009
G0 F15000 X72.814 Y141.066
;MESH:NONMESH
G0 F300 X72.814 Y141.066 Z4.4
G0 F15000 X72.479 Y146.338
G0 X71.716 Y153.286
G0 X71.716 Y153.505
;TIME_ELAPSED:319.861363
;LAYER:21
;note -- min layer time used
;TYPE:WALL-INNER
;MESH:WheelAdapter_v10.stl
G1 F1696.3 X71.867 Y153.375 E166.05672
G1 X72.11 Y153.251 E166.06579
G1 X72.341 Y153.196 E166.07369
G1 X75.808 Y153.196 E166.189
G1 X75.808 Y140.196 E166.62138
G1 X66.092 Y140.196 E166.94454
G1 X66.092 Y153.196 E167.37692
G1 X69.566 Y153.196 E167.49247
G1 X69.863 Y153.273 E167.50267
G1 X70.2 Y153.505 E167.51628
G1 X70.379 Y153.764 E167.52675
G1 X70.476 Y154.196 E167.54148
G1 X70.476 Y157.196 E167.64126
G1 X71.44 Y157.196 E167.67332
G1 X71.44 Y154.196 E167.7731
G1 X71.537 Y153.764 E167.78783
G1 X71.716 Y153.505 E167.7983
G0 F15000 X71.898 Y153.937
G1 F1696.3 X72.006 Y153.781 E167.80461
G1 X72.208 Y153.642 E167.81277
G1 X72.357 Y153.601 E167.8179
G1 X76.208 Y153.596 E167.94599
G1 X76.208 Y139.796 E168.40498
G1 X65.692 Y139.796 E168.75474
G1 X65.692 Y153.596 E169.21373
G1 X69.558 Y153.601 E169.34232
G1 X69.755 Y153.664 E169.3492
G1 X69.91 Y153.781 E169.35566
G1 X70.018 Y153.937 E169.36197
G1 X70.076 Y154.196 E169.37079
G1 X70.076 Y157.596 E169.48388
G1 X71.84 Y157.596 E169.54255
G1 X71.84 Y154.196 E169.65563
G1 X71.898 Y153.937 E169.66446
G0 F15000 X72.412 Y153.997
;TYPE:WALL-OUTER
G1 F1696.3 X76.608 Y153.996 E169.80402
G1 X76.608 Y139.396 E170.28962
G1 X65.292 Y139.396 E170.66599
G1 X65.292 Y153.996 E171.15159
G1 X69.504 Y153.997 E171.29168
G1 X69.621 Y154.057 E171.29605
G1 X69.676 Y154.196 E171.30103
G1 X69.676 Y157.996 E171.42741
G1 X72.24 Y157.996 E171.51269
G1 X72.24 Y154.196 E171.63908
G1 X72.295 Y154.057 E171.64405
G1 X72.412 Y153.997 E171.64843
G0 F15000 X72.412 Y153.686
G0 X75.728 Y150.636
;TYPE:FILL
G1 F1696.3 X66.473 Y153.116 E171.96711
G1 X66.545 Y153.116
G1 X68.409 Y146.162 E172.20656
G0 F15000 X68.189 Y146.162
G0 X68.261 Y146.924
G0 X72.788 Y146.924
G0 X72.86 Y145.985
G0 X72.64 Y145.985
G1 F1696.3 X75.728 Y149.074 E172.35184
G0 F15000 X68.261 Y146.924
G0 X68.189 Y141.754
G0 X68.409 Y141.754
G1 F1696.3 X66.931 Y140.277 E172.42134
G0 F15000 X66.173 Y140.773
G1 F1696.3 X68.027 Y140.276 E172.48518
G0 F15000 X72.788 Y140.368
G0 X72.86 Y146.736
G0 X72.6 Y146.736
;TYPE:SKIN
G1 F1696.3 X68.448 Y146.736 E172.62327
G1 X68.448 Y140.556 E172.82882
G1 X72.6 Y140.556 E172.96692
G1 X72.6 Y146.736 E173.17246
G0 F15000 X71.819 Y146.536
G1 F1696.3 X72.4 Y145.955 E173.19979
G0 F15000 X72.4 Y145.389
G1 F1696.3 X71.253 Y146.536 E173.25374
G0 F15000 X70.687 Y146.536
G1 F1696.3 X72.4 Y144.823 E173.33432
G0 F15000 X72.4 Y144.258
G1 F1696.3 X70.122 Y146.536 E173.44147
G0 F15000 X69.556 Y146.536
G1 F1696.3 X72.4 Y143.692 E173.57524
G0 F15000 X72.4 Y143.126
G1 F1696.3 X68.99 Y146.536 E173.73564
G0 F15000 X68.648 Y146.312
G1 F1696.3 X72.4 Y142.561 E173.9121
G0 F15000 X72.4 Y141.995
G1 F1696.3 X68.648 Y145.747 E174.08858
G0 F15000 X68.648 Y145.181
G1 F1696.3 X72.4 Y141.429 E174.26506
G0 F15000 X72.4 Y140.863
G1 F1696.3 X68.648 Y144.615 E174.44154
G0 F15000 X68.648 Y144.05
G1 F1696.3 X71.942 Y140.756 E174.59648
G0 F15000 X71.376 Y140.756
G1 F1696.3 X68.648 Y143.484 E174.7248
G0 F15000 X68.648 Y142.918
G1 F1696.3 X70.81 Y140.756 E174.82649
G0 F15000 X70.245 Y140.756
G1 F1696.3 X68.648 Y142.353 E174.90161
G0 F15000 X68.648 Y141.787
G1 F1696.3 X69.679 Y140.756 E174.95011
G0 F15000 X69.113 Y140.756
G1 F1696.3 X68.648 Y141.221 E174.97198
G0 F15000 X68.189 Y141.221
G0 X68.261 Y146.924
G0 X69.555 Y152.992
G0 X70.315 Y153.358
G0 X70.576 Y156.714
G0 X70.958 Y156.714
G1 F1053.6 X70.958 Y154.2 E175.1066
G0 F15000 X71.174 Y153.575
G1 F1186.2 X70.958 Y154.2 E175.13805
G1 X70.738 Y153.575 E175.16957
G1 F1359.7 X70.49 Y153.205 E175.18805
G1 X71.425 Y153.206 E175.22684
G1 X71.174 Y153.575 E175.24536
;MESH:NONMESH
G0 F300 X71.174 Y153.575 Z4.6
G0 F15000 X71.608 Y154.196
;TIME_ELAPSED:334.431223
;LAYER:22
;note -- min layer time used
;TYPE:WALL-INNER
;MESH:WheelAdapter_v10.stl
G1 F1725.1 X71.683 Y153.816 E175.25824
G1 X71.835 Y153.561 E175.26812
G1 X71.977 Y153.419 E175.2748
G1 X72.231 Y153.269 E175.28461
G1 X72.573 Y153.196 E175.29624
G1 X75.924 Y153.196 E175.40769
G1 X75.924 Y140.196 E175.84008
G1 X71.52 Y140.196 E175.98655
G1 X71.52 Y145.696 E176.16948
G1 X71.49 Y145.944 E176.17779
G1 X71.402 Y146.17 E176.18586
G1 X71.116 Y146.5 E176.20038
G1 X70.79 Y146.66 E176.21246
G1 X70.569 Y146.695 E176.2199
G1 X69.926 Y146.693 E176.24129
G1 X69.631 Y146.621 E176.25139
G1 X69.414 Y146.499 E176.25967
G1 X69.213 Y146.299 E176.2691
G1 X69.066 Y146.022 E176.27953
G1 X69.012 Y145.815 E176.28665
G1 X69.012 Y140.196 E176.47353
G1 X65.976 Y140.196 E176.57451
G1 X65.976 Y153.196 E177.00689
G1 X69.48 Y153.199 E177.12344
G1 X69.801 Y153.341 E177.13511
G1 X70.053 Y153.561 E177.14624
G1 X70.205 Y153.816 E177.15611
G1 X70.28 Y154.196 E177.16899
G1 X70.28 Y157.196 E177.26878
G1 X71.608 Y157.196 E177.31294
G1 X71.608 Y154.196 E177.41273
G0 F15000 X72.144 Y153.815
G1 F1725.1 X72.295 Y153.683 E177.4194
G1 X72.587 Y153.596 E177.42953
G1 X76.324 Y153.596 E177.55382
G1 X76.324 Y139.796 E178.01281
G1 X71.12 Y139.796 E178.1859
G1 X71.12 Y145.799 E178.38556
G1 X71.049 Y145.981 E178.39206
G1 X70.878 Y146.179 E178.40076
G1 X70.654 Y146.296 E178.40916
G1 X69.96 Y146.294 E178.43225
G1 X69.783 Y146.251 E178.4383
G1 X69.532 Y146.058 E178.44884
G1 X69.412 Y145.769 E178.45924
G1 X69.412 Y139.796 E178.65791
G1 X65.576 Y139.796 E178.78549
G1 X65.576 Y153.596 E179.24448
G1 X69.349 Y153.595 E179.36997
G1 X69.659 Y153.73 E179.38122
G1 X69.835 Y153.968 E179.39106
G1 X69.88 Y154.196 E179.39879
G1 X69.88 Y157.596 E179.51188
G1 X72.008 Y157.596 E179.58265
G1 X72.008 Y154.196 E179.69574
G1 X72.053 Y153.968 E179.70347
G1 X72.144 Y153.815 E179.70939
G1 F1500 E173.20939
G0 F15000 X71.7 Y153.815
G0 X72.964 Y152.959
G0 X70.238 Y146.613
G0 X70.838 Y146.765
G0 X71.031 Y145.829
G0 X70.671 Y145.829
;TYPE:WALL-OUTER
G1 F1500 E179.70939
G1 F1725.1 X70.54 Y145.896 E179.71428
G1 X69.994 Y145.896 E179.73244
G1 X69.892 Y145.857 E179.73608
G1 X69.814 Y145.731 E179.741
G1 X69.812 Y139.396 E179.95171
G1 X65.176 Y139.396 E180.1059
G1 X65.176 Y153.996 E180.5915
G1 X69.315 Y153.998 E180.72916
G1 X69.407 Y154.04 E180.73253
G1 X69.48 Y154.141 E180.73667
G1 X69.48 Y157.996 E180.86489
G1 X72.408 Y157.996 E180.96228
G1 X72.408 Y154.141 E181.09049
G1 X72.481 Y154.04 E181.09464
G1 X72.577 Y153.998 E181.09812
G1 X76.724 Y153.996 E181.23605
G1 X76.724 Y139.396 E181.72165
G1 X70.72 Y139.396 E181.92134
G1 X70.718 Y145.731 E182.13205
G1 X70.671 Y145.829 E182.13566
G0 F15000 X71.031 Y145.829
G0 X70.894 Y146.796
G0 X70.238 Y146.613
G0 X70.238 Y147.178
G0 X73.388 Y147.178
G0 X73.206 Y146.132
G0 X72.986 Y146.132
;TYPE:FILL
G1 F1725.1 X75.844 Y148.99 E182.27009
G0 F15000 X75.844 Y150.751
G1 F1725.1 X67.017 Y153.116 E182.57404
G0 F15000 X66.399 Y153.117
G1 F1725.1 X68.932 Y143.664 E182.89954
G0 F15000 X68.932 Y142.078
G1 F1725.1 X67.13 Y140.276 E182.9843
G0 F15000 X66.056 Y140.95
G1 F1725.1 X68.573 Y140.276 E183.07096
G0 F15000 X69.175 Y146.534
G0 X71.359 Y146.534
G0 X71.588 Y145.97
G0 X71.838 Y146.019
;TYPE:SKIN
G1 F1725.1 X71.879 Y145.711 E183.0813
G1 X71.88 Y140.556 E183.25275
G1 X72.944 Y140.556 E183.28814
G1 X72.944 Y146.736 E183.49369
G1 X71.364 Y146.735 E183.54624
G1 X71.553 Y146.578 E183.55441
G1 X71.728 Y146.317 E183.56486
G1 X71.838 Y146.019 E183.57543
G0 F15000 X72.41 Y145.736
G1 F1345.1 X72.565 Y146.118 E183.59301
G1 F1906.1 X72.561 Y146.353 E183.60009
G1 F1885.3 X72.121 Y146.353 E183.61348
G1 F1906.1 X72.209 Y146.085 E183.62197
G1 F1345.1 X72.41 Y145.736 E183.63915
G1 F1036.1 X72.412 Y141.088 E183.89655
G1 F1500 E177.39655
G0 F15000 X72.412 Y146.896
G0 X72.605 Y152.993
G0 X71.508 Y154.2
G0 X71.196 Y154.2
G1 F1500 E183.89655
G1 F1369.1 X71.196 Y156.784 E184.00484
G1 X70.692 Y156.784 E184.02596
G1 X70.692 Y154.2 E184.13425
G1 F1526.6 X70.54 Y153.695 E184.15407
G1 F1725.1 X70.345 Y153.353 E184.16716
G1 X70.123 Y153.156 E184.17703
G1 X71.751 Y153.156 E184.23118
G1 X71.539 Y153.353 E184.24081
G1 X71.364 Y153.649 E184.25224
G1 F1526.6 X71.196 Y154.2 E184.27389
G0 F15000 X70.996 Y153.579
G1 F1554.1 X70.969 Y153.627 E184.27593
G1 X70.914 Y153.627 E184.27796
G1 X70.886 Y153.579 E184.28001
G1 X70.913 Y153.531 E184.28204
G1 X70.968 Y153.531 E184.28407
G1 X70.996 Y153.579 E184.28612
;MESH:NONMESH
G0 F300 X70.996 Y153.579 Z4.8
G0 F15000 X71.963 Y153.596
;TIME_ELAPSED:348.917017
;LAYER:23
;note -- min layer time used
;TYPE:WALL-INNER
;MESH:WheelAdapter_v10.stl
G1 F1606.7 X72.208 Y153.364 E184.29735
G1 X72.461 Y153.242 E184.30669
G1 X72.667 Y153.196 E184.31371
G1 X76.039 Y153.196 E184.42586
G1 X76.036 Y140.196 E184.85824
G1 X71.864 Y140.196 E184.99701
G1 X71.864 Y145.696 E185.17994
G1 X71.831 Y145.956 E185.18865
G1 X71.735 Y146.19 E185.19707
G1 X71.429 Y146.522 E185.21208
G1 X71.167 Y146.65 E185.22178
G1 X70.961 Y146.696 E185.2288
G1 X69.705 Y146.694 E185.27058
G1 X69.421 Y146.63 E185.28026
G1 X69.199 Y146.511 E185.28864
G1 X68.99 Y146.311 E185.29826
G1 X68.837 Y146.03 E185.3089
G1 X68.78 Y145.817 E185.31623
G1 X68.78 Y140.196 E185.50319
G1 X65.86 Y140.196 E185.60031
G1 X65.861 Y153.195 E186.03266
G1 X69.281 Y153.198 E186.14641
G1 X69.536 Y153.274 E186.15526
G1 X69.814 Y153.449 E186.16618
G1 X69.949 Y153.596 E186.17282
G1 X70.085 Y153.845 E186.18226
G1 X70.148 Y154.196 E186.19412
G1 X70.148 Y157.196 E186.2939
G1 X71.764 Y157.196 E186.34765
G1 X71.764 Y154.196 E186.44743
G1 X71.827 Y153.845 E186.45929
G1 X71.963 Y153.596 E186.46873
G0 F15000 X72.364 Y153.748
G1 F1606.7 X72.519 Y153.647 E186.47488
G1 X72.742 Y153.596 E186.48249
G1 X76.439 Y153.596 E186.60545
G1 X76.436 Y139.796 E187.06444
G1 X71.464 Y139.796 E187.22981
G1 X71.464 Y145.803 E187.4296
G1 X71.387 Y145.992 E187.43639
G1 X71.203 Y146.192 E187.44543
G1 X70.96 Y146.296 E187.45422
G1 X69.689 Y146.29 E187.49649
G1 X69.431 Y146.185 E187.50576
G1 X69.306 Y146.065 E187.51152
G1 X69.18 Y145.77 E187.52219
G1 X69.18 Y139.796 E187.72089
G1 X65.46 Y139.796 E187.84462
G1 X65.461 Y153.595 E188.30357
G1 X69.228 Y153.597 E188.42886
G1 X69.548 Y153.748 E188.44063
G1 X69.71 Y153.985 E188.45018
G1 X69.748 Y154.196 E188.45731
G1 X69.748 Y157.596 E188.5704
G1 X72.164 Y157.596 E188.65075
G1 X72.164 Y154.196 E188.76384
G1 X72.202 Y153.985 E188.77097
G1 X72.364 Y153.748 E188.78052
G0 F15000 X72.737 Y153.997
;TYPE:WALL-OUTER
G1 F1606.7 X76.839 Y153.996 E188.91695
G1 X76.836 Y139.396 E189.40255
G1 X71.064 Y139.396 E189.59452
G1 X71.062 Y145.731 E189.80523
G1 X70.977 Y145.862 E189.81042
G1 X70.891 Y145.895 E189.81348
G1 X69.749 Y145.894 E189.85147
G1 X69.622 Y145.819 E189.85637
G1 X69.582 Y145.731 E189.85959
G1 X69.58 Y139.396 E190.07029
G1 X65.06 Y139.396 E190.22063
G1 X65.061 Y153.995 E190.70619
G1 X69.183 Y153.998 E190.84329
G1 X69.282 Y154.046 E190.84695
G1 X69.348 Y154.143 E190.85085
G1 X69.348 Y157.996 E190.979
G1 X72.564 Y157.996 E191.08597
G1 X72.564 Y154.14 E191.21422
G1 X72.652 Y154.029 E191.21893
G1 X72.737 Y153.997 E191.22195
G0 F15000 X72.737 Y153.686
G0 X75.958 Y150.867
;TYPE:FILL
G1 F1606.7 X67.561 Y153.117 E191.51109
G0 F15000 X66.252 Y153.116
G1 F1606.7 X68.7 Y143.981 E191.82564
G0 F15000 X68.7 Y141.645
G1 F1606.7 X67.331 Y140.276 E191.89003
G0 F15000 X68.699 Y140.389
G1 F1606.7 X65.941 Y141.128 E191.985
G0 F15000 X68.943 Y146.534
G0 X70.939 Y146.9
G0 X73.481 Y146.924
G0 X73.553 Y146.278
G0 X73.333 Y146.278
G1 F1606.7 X75.958 Y148.903 E192.10847
G0 F15000 X70.939 Y146.9
G0 X71.711 Y146.49
G0 X71.928 Y145.983
G0 X72.182 Y146.031
;TYPE:SKIN
G1 F1606.7 X72.223 Y145.719 E192.11894
G1 X72.224 Y140.556 E192.29066
G1 X73.292 Y140.556 E192.32618
G1 X73.292 Y146.736 E192.53173
G1 X71.727 Y146.736 E192.58378
G1 X71.87 Y146.607 E192.59019
G1 X72.057 Y146.342 E192.60098
G1 X72.182 Y146.031 E192.61212
G1 F1500 E186.11212
G0 F15000 X71.927 Y145.983
G0 X72.064 Y141.09
G0 X72.758 Y141.09
G1 F1500 E192.61212
G1 F960.7 X72.757 Y145.7 E192.86857
G0 F15000 X72.91 Y146.354
G1 F1760.8 X72.461 Y146.354 E192.88219
G1 F1775.4 X72.556 Y146.074 E192.89109
G1 F1250.4 X72.757 Y145.7 E192.90924
G1 X72.913 Y146.099 E192.92755
G1 F1775.4 X72.91 Y146.354 E192.93523
G0 F15000 X72.91 Y147.296
;MESH:NONMESH
G0 F300 X72.91 Y147.296 Z5
G0 F15000 X71.855 Y153.622
G0 X72.044 Y153.622
;TIME_ELAPSED:362.429825
;LAYER:24
;note -- min layer time used
;TYPE:WALL-INNER
;MESH:WheelAdapter_v10.stl
G1 F1609.6 X72.367 Y153.327 E192.94978
G1 X72.714 Y153.196 E192.96211
G1 X76.155 Y153.196 E193.07656
G1 X76.152 Y140.196 E193.50894
G1 X72.212 Y140.196 E193.63999
G1 X72.212 Y145.696 E193.82292
G1 X72.175 Y145.968 E193.83205
G1 X72.071 Y146.21 E193.84081
G1 X71.919 Y146.404 E193.84901
G1 X71.566 Y146.632 E193.86298
G1 X71.317 Y146.691 E193.87149
G1 X69.493 Y146.694 E193.93216
G1 X69.256 Y146.634 E193.94029
G1 X69.032 Y146.517 E193.9487
G1 X68.82 Y146.317 E193.95839
G1 X68.662 Y146.034 E193.96917
G1 X68.604 Y145.696 E193.98058
G1 X68.604 Y140.196 E194.16351
G1 X65.744 Y140.196 E194.25863
G1 X65.744 Y153.196 E194.69101
G1 X69.089 Y153.198 E194.80227
G1 X69.451 Y153.293 E194.81472
G1 X69.71 Y153.472 E194.82519
G1 X69.84 Y153.622 E194.83179
G1 X69.965 Y153.865 E194.84088
G1 X70.02 Y154.196 E194.85204
G1 X70.02 Y157.196 E194.95182
G1 X71.864 Y157.196 E195.01315
G1 X71.864 Y154.196 E195.11293
G1 X71.919 Y153.865 E195.12409
G1 X72.044 Y153.622 E195.13318
G0 F15000 X72.801 Y153.599
G1 F1609.6 X76.555 Y153.596 E195.25804
G1 X76.552 Y139.796 E195.71703
G1 X71.812 Y139.796 E195.87468
G1 X71.812 Y145.821 E196.07507
G1 X71.637 Y146.121 E196.08663
G1 X71.424 Y146.258 E196.09505
G1 X71.212 Y146.297 E196.10222
G1 X69.521 Y146.291 E196.15846
G1 X69.261 Y146.189 E196.16775
G1 X69.133 Y146.069 E196.17359
G1 X69.039 Y145.899 E196.18005
G1 X69.004 Y145.696 E196.1869
G1 X69.004 Y139.796 E196.38313
G1 X65.344 Y139.796 E196.50487
G1 X65.344 Y153.596 E196.96386
G1 X69.062 Y153.597 E197.08752
G1 X69.369 Y153.707 E197.09836
G1 X69.512 Y153.852 E197.10514
G1 X69.587 Y153.997 E197.11057
G1 X69.62 Y154.196 E197.11728
G1 X69.62 Y157.596 E197.23036
G1 X72.264 Y157.596 E197.3183
G1 X72.264 Y154.196 E197.43139
G1 X72.297 Y153.997 E197.43809
G1 X72.45 Y153.761 E197.44745
G1 X72.605 Y153.654 E197.45371
G1 X72.801 Y153.599 E197.46048
G0 F15000 X72.808 Y154.003
;TYPE:WALL-OUTER
G1 F1609.6 X76.955 Y153.996 E197.59841
G1 X76.952 Y139.396 E198.08401
G1 X71.412 Y139.396 E198.26827
G1 X71.41 Y145.731 E198.47898
G1 X71.319 Y145.866 E198.48439
G1 X71.212 Y145.897 E198.4881
G1 X69.576 Y145.895 E198.54251
G1 X69.489 Y145.861 E198.54562
G1 X69.404 Y145.75 E198.55027
G1 X69.404 Y139.396 E198.7616
G1 X64.944 Y139.396 E198.90994
G1 X64.944 Y153.996 E199.39554
G1 X69.055 Y153.998 E199.53227
G1 X69.184 Y154.081 E199.53737
G1 X69.22 Y154.196 E199.54138
G1 X69.22 Y157.996 E199.66777
G1 X72.664 Y157.996 E199.78232
G1 X72.664 Y154.144 E199.91044
G1 X72.808 Y154.003 E199.91714
G0 F15000 X72.808 Y153.686
G0 X76.073 Y150.982
;TYPE:FILL
G1 F1609.6 X68.105 Y153.117 E200.19151
G0 F15000 X66.106 Y153.117
G1 F1609.6 X68.524 Y144.093 E200.50223
G0 F15000 X68.524 Y141.27
G1 F1609.6 X67.531 Y140.277 E200.54894
G0 F15000 X68.523 Y140.582
G1 F1609.6 X65.824 Y141.305 E200.64187
G0 F15000 X68.768 Y146.534
G0 X71.363 Y146.935
G0 X73.821 Y146.924
G0 X73.893 Y146.419
G0 X73.673 Y146.418
G1 F1609.6 X76.075 Y148.821 E200.75488
G0 F15000 X71.338 Y146.932
G0 X71.744 Y146.749
G0 X72.033 Y146.518
G0 X72.272 Y145.996
G0 X72.524 Y146.052
;TYPE:SKIN
G1 F1609.6 X72.571 Y145.716 E200.76617
G1 X72.572 Y140.556 E200.93779
G1 X73.632 Y140.556 E200.97304
G1 X73.632 Y146.736 E201.17859
G1 X72.115 Y146.736 E201.22905
G1 X72.363 Y146.415 E201.24254
G1 X72.524 Y146.052 E201.25575
G1 F1500 E194.75575
G0 F15000 X72.272 Y145.995
G0 X72.412 Y141.086
G0 X73.102 Y141.086
G1 F1500 E201.25575
G1 F972.6 X73.1 Y145.74 E201.51193
G0 F15000 X73.251 Y146.355
G1 F1778.6 X72.805 Y146.354 E201.52535
G1 F1783.5 X72.894 Y146.123 E201.53278
G1 F1476.7 X73.104 Y145.749 E201.54833
G1 X73.252 Y146.15 E201.56383
G1 F1783.5 X73.251 Y146.355 E201.56998
G0 F15000 X73.251 Y147.296
;MESH:NONMESH
G0 F300 X73.251 Y147.296 Z5.2
G0 F15000 X72.027 Y153.358
G0 X71.955 Y154.195
G0 X71.964 Y154.196
;TIME_ELAPSED:375.943296
;LAYER:25
;note -- min layer time used
;TYPE:WALL-INNER
;MESH:WheelAdapter_v10.stl
G1 F1441.5 X72.015 Y153.879 E201.58066
G1 X72.131 Y153.641 E201.58947
G1 X72.256 Y153.489 E201.59601
G1 X72.567 Y153.264 E201.60878
G1 X72.887 Y153.199 E201.61964
G1 X76.268 Y153.196 E201.73209
G1 X76.268 Y140.196 E202.16448
G1 X72.56 Y140.196 E202.2878
G1 X72.56 Y145.696 E202.47074
G1 X72.519 Y145.981 E202.48031
G1 X72.405 Y146.232 E202.48948
G1 X72.242 Y146.429 E202.49799
G1 X72.056 Y146.565 E202.50565
G1 X71.667 Y146.696 E202.5193
G1 X69.376 Y146.694 E202.5955
G1 X69.14 Y146.634 E202.6036
G1 X68.916 Y146.517 E202.612
G1 X68.704 Y146.317 E202.6217
G1 X68.546 Y146.034 E202.63248
G1 X68.488 Y145.696 E202.64388
G1 X68.488 Y140.196 E202.82682
G1 X65.628 Y140.196 E202.92194
G1 X65.628 Y153.196 E203.35432
G1 X69.012 Y153.198 E203.46687
G1 X69.396 Y153.301 E203.4801
G1 X69.656 Y153.489 E203.49077
G1 X69.781 Y153.641 E203.49731
G1 X69.897 Y153.879 E203.50612
G1 X69.948 Y154.196 E203.5168
G1 X69.948 Y157.196 E203.61658
G1 X71.964 Y157.196 E203.68363
G1 X71.964 Y154.196 E203.78341
G0 F15000 X72.394 Y154.006
G1 F1441.5 X72.539 Y153.771 E203.7926
G1 X72.695 Y153.659 E203.79898
G1 X72.917 Y153.597 E203.80665
G1 X76.668 Y153.596 E203.93141
G1 X76.668 Y139.796 E204.3904
G1 X72.16 Y139.796 E204.54034
G1 X72.16 Y145.828 E204.74096
G1 X71.97 Y146.136 E204.753
G1 X71.747 Y146.267 E204.7616
G1 X71.607 Y146.295 E204.76635
G1 X69.405 Y146.291 E204.83959
G1 X69.145 Y146.189 E204.84888
G1 X69.017 Y146.069 E204.85471
G1 X68.923 Y145.899 E204.86117
G1 X68.888 Y145.696 E204.86802
G1 X68.888 Y139.796 E205.06426
G1 X65.228 Y139.796 E205.18599
G1 X65.228 Y153.596 E205.64498
G1 X68.987 Y153.597 E205.77001
G1 X69.217 Y153.659 E205.77793
G1 X69.373 Y153.771 E205.78432
G1 X69.518 Y154.006 E205.7935
G1 X69.548 Y154.196 E205.7999
G1 X69.548 Y157.596 E205.91298
G1 X72.364 Y157.596 E206.00664
G1 X72.364 Y154.196 E206.11973
G1 X72.394 Y154.006 E206.12612
G0 F15000 X72.93 Y153.998
;TYPE:WALL-OUTER
G1 F1441.5 X77.068 Y153.996 E206.26376
G1 X77.068 Y139.396 E206.74935
G1 X71.76 Y139.396 E206.9259
G1 X71.758 Y145.731 E207.1366
G1 X71.697 Y145.843 E207.14084
G1 X71.608 Y145.896 E207.14429
G1 X69.46 Y145.895 E207.21573
G1 X69.373 Y145.861 E207.21884
G1 X69.288 Y145.75 E207.22349
G1 X69.288 Y139.396 E207.43482
G1 X64.828 Y139.396 E207.58316
G1 X64.828 Y153.996 E208.06876
G1 X68.983 Y153.998 E208.20696
G1 X69.09 Y154.054 E208.21097
G1 X69.148 Y154.148 E208.21465
G1 X69.148 Y157.996 E208.34263
G1 X72.764 Y157.996 E208.4629
G1 X72.764 Y154.148 E208.59089
G1 X72.822 Y154.054 E208.59456
G1 X72.93 Y153.998 E208.59861
G0 F15000 X72.93 Y153.686
G0 X76.188 Y151.098
;TYPE:FILL
G1 F1441.5 X68.649 Y153.118 E208.8582
G0 F15000 X65.96 Y153.116
G1 F1441.5 X68.408 Y143.981 E209.17275
G0 F15000 X68.408 Y140.955
G1 F1441.5 X67.73 Y140.277 E209.20464
G0 F15000 X68.408 Y140.759
G1 F1441.5 X65.708 Y141.482 E209.29761
G0 F15000 X68.651 Y146.534
G0 X72.398 Y146.534
G0 X72.64 Y145.186
G1 F1441.5 X76.188 Y148.734 E209.46449
G0 F15000 X76.06 Y148.733
;MESH:NONMESH
G0 F300 X76.06 Y148.733 Z5.4
G0 F15000 X72.128 Y153.358
G0 X72.056 Y153.888
G0 X72.064 Y153.889
;TIME_ELAPSED:387.977291
;LAYER:26
;note -- min layer time used
;TYPE:WALL-INNER
;MESH:WheelAdapter_v10.stl
G1 F1447.6 X72.221 Y153.557 E209.47671
G1 X72.556 Y153.307 E209.49061
G1 X72.972 Y153.196 E209.50493
G1 X76.384 Y153.196 E209.61842
G1 X76.384 Y140.196 E210.0508
G1 X72.904 Y140.196 E210.16654
G1 X72.904 Y145.696 E210.34947
G1 X72.86 Y145.994 E210.35949
G1 X72.735 Y146.254 E210.36909
G1 X72.56 Y146.452 E210.37788
G1 X72.162 Y146.663 E210.39286
G1 X71.904 Y146.697 E210.40152
G1 X69.294 Y146.695 E210.48832
G1 X69.05 Y146.632 E210.49671
G1 X68.827 Y146.514 E210.5051
G1 X68.617 Y146.314 E210.51474
G1 X68.461 Y146.032 E210.52546
G1 X68.404 Y145.696 E210.5368
G1 X68.404 Y140.196 E210.71973
G1 X65.512 Y140.196 E210.81592
G1 X65.513 Y153.195 E211.24826
G1 X68.939 Y153.197 E211.36221
G1 X69.336 Y153.307 E211.37592
G1 X69.671 Y153.557 E211.38982
G1 X69.828 Y153.889 E211.40203
G1 X69.876 Y154.196 E211.41237
G1 X69.876 Y157.196 E211.51215
G1 X72.016 Y157.196 E211.58332
G1 X72.016 Y154.196 E211.68311
G1 X72.064 Y153.889 E211.69344
G0 F15000 X72.584 Y153.779
G1 F1447.6 X72.74 Y153.663 E211.69991
G1 X72.99 Y153.596 E211.70851
G1 X76.784 Y153.596 E211.8347
G1 X76.784 Y139.796 E212.29369
G1 X72.504 Y139.796 E212.43605
G1 X72.504 Y145.767 E212.63464
G1 X72.403 Y146.031 E212.64404
G1 X72.18 Y146.23 E212.65399
G1 X71.995 Y146.297 E212.66053
G1 X69.317 Y146.29 E212.7496
G1 X69.058 Y146.187 E212.75887
G1 X68.931 Y146.067 E212.76468
G1 X68.838 Y145.898 E212.7711
G1 X68.804 Y145.696 E212.77791
G1 X68.804 Y139.796 E212.97415
G1 X65.112 Y139.796 E213.09694
G1 X65.113 Y153.595 E213.5559
G1 X68.914 Y153.597 E213.68232
G1 X69.152 Y153.663 E213.69054
G1 X69.308 Y153.779 E213.697
G1 X69.448 Y154.012 E213.70604
G1 X69.476 Y154.196 E213.71223
G1 X69.476 Y157.596 E213.82532
G1 X72.416 Y157.596 E213.9231
G1 X72.416 Y154.196 E214.03619
G1 X72.444 Y154.012 E214.04238
G1 X72.584 Y153.779 E214.05142
G0 F15000 X72.972 Y154
;TYPE:WALL-OUTER
G1 F1447.6 X77.184 Y153.996 E214.19151
G1 X77.184 Y139.396 E214.67711
G1 X72.104 Y139.396 E214.84607
G1 X72.102 Y145.731 E215.05677
G1 X72.036 Y145.848 E215.06124
G1 X71.948 Y145.892 E215.06451
G1 X69.375 Y145.894 E215.15009
G1 X69.288 Y145.86 E215.1532
G1 X69.204 Y145.75 E215.1578
G1 X69.204 Y139.396 E215.36914
G1 X64.712 Y139.396 E215.51854
G1 X64.713 Y153.995 E216.0041
G1 X68.911 Y153.998 E216.14373
G1 X69.045 Y154.087 E216.14908
G1 X69.076 Y154.196 E216.15285
G1 X69.076 Y157.996 E216.27924
G1 X72.816 Y157.996 E216.40363
G1 X72.816 Y154.153 E216.53145
G1 X72.893 Y154.038 E216.53605
G1 X72.972 Y154 E216.53897
G0 F15000 X72.972 Y153.686
G0 X69.091 Y153.146
;TYPE:FILL
G1 F1447.6 X76.304 Y151.214 E216.78733
G0 F15000 X76.304 Y148.649
G1 F1447.6 X72.984 Y145.33 E216.94347
G0 F15000 X72.744 Y146.534
G0 X68.567 Y146.534
G0 X68.324 Y143.746
G1 F1447.6 X65.813 Y153.116 E217.26611
G0 F15000 X65.592 Y141.66
G1 F1447.6 X68.324 Y140.928 E217.36019
G0 F15000 X68.323 Y140.669
G1 F1447.6 X67.931 Y140.277 E217.37862
G0 F15000 X67.931 Y140.406
;MESH:NONMESH
G0 F300 X67.931 Y140.406 Z5.6
G0 F15000 X68.567 Y146.534
G0 X72.438 Y153.286
G0 X72.438 Y153.412
;TIME_ELAPSED:400.226079
;LAYER:27
;note -- min layer time used
;TYPE:WALL-INNER
;MESH:WheelAdapter_v10.stl
G1 F1458.1 X72.726 Y153.253 E217.38957
G1 X72.965 Y153.2 E217.39771
G1 X76.5 Y153.196 E217.51528
G1 X76.5 Y140.196 E217.94766
G1 X73.252 Y140.196 E218.05569
G1 X73.252 Y145.813 E218.24252
G1 X73.203 Y146.008 E218.2492
G1 X73.067 Y146.277 E218.25923
G1 X72.878 Y146.477 E218.26838
G1 X72.672 Y146.605 E218.27645
G1 X72.347 Y146.692 E218.28764
G1 X69.228 Y146.695 E218.39138
G1 X68.98 Y146.628 E218.39992
G1 X68.76 Y146.508 E218.40826
G1 X68.552 Y146.308 E218.41785
G1 X68.4 Y146.028 E218.42845
G1 X68.344 Y145.816 E218.43574
G1 X68.344 Y140.196 E218.62266
G1 X65.4 Y140.196 E218.72058
G1 X65.4 Y153.196 E219.15296
G1 X68.9 Y153.197 E219.26937
G1 X69.308 Y153.312 E219.28347
G1 X69.643 Y153.567 E219.29748
G1 X69.794 Y153.895 E219.30949
G1 X69.84 Y154.198 E219.31968
G1 X69.84 Y157.196 E219.41939
G1 X72.063 Y157.196 E219.49333
G1 X72.06 Y154.197 E219.59308
G1 X72.106 Y153.895 E219.60324
G1 X72.213 Y153.662 E219.61177
G1 X72.438 Y153.412 E219.62295
G0 F15000 X73.003 Y153.598
G1 F1458.1 X76.9 Y153.596 E219.75257
G1 X76.9 Y139.796 E220.21156
G1 X72.852 Y139.796 E220.34619
G1 X72.852 Y145.768 E220.54482
G1 X72.741 Y146.045 E220.55475
G1 X72.504 Y146.241 E220.56498
G1 X72.309 Y146.294 E220.5717
G1 X69.308 Y146.296 E220.67151
G1 X69.125 Y146.255 E220.67775
G1 X68.869 Y146.064 E220.68837
G1 X68.744 Y145.769 E220.69903
G1 X68.744 Y139.796 E220.89769
G1 X65 Y139.796 E221.02222
G1 X65 Y153.596 E221.48121
G1 X68.876 Y153.596 E221.61012
G1 X69.121 Y153.665 E221.61859
G1 X69.277 Y153.783 E221.6251
G1 X69.44 Y154.061 E221.63581
G1 X69.44 Y157.596 E221.75339
G1 X72.463 Y157.596 E221.85393
G1 X72.46 Y154.197 E221.96699
G1 X72.552 Y153.876 E221.97809
G1 X72.686 Y153.725 E221.98481
G1 X73.003 Y153.598 E221.99616
G0 F15000 X73.041 Y153.996
;TYPE:WALL-OUTER
G1 F1458.1 X77.3 Y153.996 E222.13782
G1 X77.3 Y139.396 E222.62342
G1 X72.452 Y139.396 E222.78466
G1 X72.45 Y145.731 E222.99537
G1 X72.415 Y145.813 E222.99833
G1 X72.271 Y145.896 E223.00386
G1 X69.312 Y145.894 E223.10228
G1 X69.185 Y145.819 E223.10718
G1 X69.146 Y145.731 E223.11038
G1 X69.144 Y139.396 E223.32109
G1 X64.6 Y139.396 E223.47222
G1 X64.6 Y153.996 E223.95782
G1 X68.875 Y153.998 E224.10001
G1 X68.986 Y154.058 E224.1042
G1 X69.04 Y154.15 E224.10775
G1 X69.04 Y157.996 E224.23567
G1 X72.863 Y157.996 E224.36282
G1 X72.86 Y154.197 E224.48918
G1 X72.935 Y154.039 E224.49499
G1 X73.041 Y153.996 E224.4988
G0 F15000 X73.041 Y153.686
G0 X69.32 Y153.231
;TYPE:FILL
G1 F1458.1 X76.42 Y151.329 E224.74327
G0 F15000 X76.42 Y148.566
G1 F1458.1 X73.332 Y145.478 E224.88852
G0 F15000 X73.091 Y146.534
G0 X68.508 Y146.534
G0 X68.264 Y143.425
G1 F1458.1 X65.667 Y153.116 E225.22222
G0 F15000 X65.481 Y141.836
G1 F1458.1 X68.264 Y141.091 E225.31804
G0 F15000 X68.264 Y140.41
G1 F1458.1 X68.13 Y140.276 E225.32434
G0 F15000 X68.13 Y140.406
;MESH:NONMESH
G0 F300 X68.13 Y140.406 Z5.8
G0 F15000 X68.508 Y146.534
G0 X72.129 Y153.898
;TIME_ELAPSED:412.482781
;LAYER:28
;note -- min layer time used
;TYPE:WALL-INNER
;MESH:WheelAdapter_v10.stl
G1 F1467 X72.278 Y153.57 E225.33633
G1 X72.611 Y153.314 E225.3503
G1 X73.026 Y153.197 E225.36464
G1 X76.616 Y153.196 E225.48404
G1 X76.616 Y140.196 E225.91642
G1 X73.592 Y140.196 E226.017
G1 X73.592 Y145.696 E226.19993
G1 X73.538 Y146.023 E226.21096
G1 X73.39 Y146.3 E226.2214
G1 X73.188 Y146.5 E226.23086
G1 X72.971 Y146.622 E226.23914
G1 X72.722 Y146.695 E226.24777
G1 X69.257 Y146.695 E226.36301
G1 X68.935 Y146.621 E226.374
G1 X68.719 Y146.499 E226.38225
G1 X68.517 Y146.299 E226.39171
G1 X68.37 Y146.022 E226.40214
G1 X68.316 Y145.815 E226.40925
G1 X68.316 Y140.196 E226.59614
G1 X65.284 Y140.196 E226.69699
G1 X65.284 Y153.196 E227.12937
G1 X68.875 Y153.197 E227.24881
G1 X69.289 Y153.314 E227.26311
G1 X69.622 Y153.57 E227.27708
G1 X69.771 Y153.898 E227.28907
G1 X69.816 Y154.196 E227.29909
G1 X69.816 Y157.196 E227.39887
G1 X72.084 Y157.196 E227.47431
G1 X72.084 Y154.196 E227.57409
G1 X72.129 Y153.898 E227.58411
G0 F15000 X72.645 Y153.786
G1 F1467 X72.8 Y153.667 E227.59061
G1 X73.049 Y153.596 E227.59922
G1 X77.016 Y153.596 E227.73116
G1 X77.016 Y139.796 E228.19015
G1 X73.192 Y139.796 E228.31734
G1 X73.192 Y145.696 E228.51358
G1 X73.16 Y145.892 E228.52018
G1 X73.071 Y146.059 E228.52647
G1 X72.82 Y146.252 E228.53701
G1 X72.627 Y146.296 E228.54359
G1 X69.28 Y146.296 E228.65491
G1 X69.087 Y146.251 E228.6615
G1 X68.837 Y146.058 E228.67201
G1 X68.716 Y145.769 E228.68243
G1 X68.716 Y139.796 E228.88109
G1 X64.884 Y139.796 E229.00854
G1 X64.884 Y153.596 E229.46753
G1 X68.852 Y153.596 E229.59951
G1 X69.1 Y153.667 E229.60809
G1 X69.255 Y153.786 E229.61459
G1 X69.416 Y154.064 E229.62527
G1 X69.416 Y157.596 E229.74275
G1 X72.484 Y157.596 E229.84479
G1 X72.484 Y154.064 E229.96227
G1 X72.645 Y153.786 E229.97295
G0 F15000 X73.049 Y153.998
;TYPE:WALL-OUTER
G1 F1467 X77.416 Y153.996 E230.1182
G1 X77.416 Y139.396 E230.6038
G1 X72.792 Y139.396 E230.75759
G1 X72.789 Y145.731 E230.96829
G1 X72.712 Y145.857 E230.9732
G1 X72.627 Y145.894 E230.97629
G1 X69.292 Y145.895 E231.08721
G1 X69.196 Y145.857 E231.09064
G1 X69.118 Y145.731 E231.09557
G1 X69.116 Y139.396 E231.30628
G1 X64.484 Y139.396 E231.46034
G1 X64.484 Y153.996 E231.94594
G1 X68.851 Y153.998 E232.09118
G1 X68.963 Y154.059 E232.09542
G1 X69.016 Y154.152 E232.09898
G1 X69.016 Y157.996 E232.22684
G1 X72.884 Y157.996 E232.35549
G1 X72.884 Y154.152 E232.48334
G1 X72.937 Y154.059 E232.4869
G1 X73.049 Y153.998 E232.49114
G0 F15000 X73.049 Y153.686
G0 X69.452 Y153.286
G0 X69.452 Y153.342
;TYPE:FILL
G1 F1467 X76.536 Y151.444 E232.73507
G0 F15000 X76.536 Y148.481
G1 F1467 X73.672 Y145.617 E232.86978
G0 F15000 X73.431 Y146.534
G0 X68.481 Y146.534
G0 X68.236 Y142.981
G1 F1467 X65.52 Y153.116 E233.21876
G0 F15000 X65.364 Y142.015
G1 F1467 X68.236 Y141.245 E233.31766
G0 F15000 X68.109 Y141.245
;MESH:NONMESH
G0 F300 X68.109 Y141.245 Z6
G0 F15000 X68.481 Y146.534
G0 X72.129 Y153.899
;TIME_ELAPSED:424.669306
;LAYER:29
;note -- min layer time used
;TYPE:WALL-INNER
;MESH:WheelAdapter_v10.stl
G1 F1474.4 X72.279 Y153.569 E233.32972
G1 X72.61 Y153.315 E233.34359
G1 X73.025 Y153.197 E233.35795
G1 X76.668 Y153.196 E233.47911
G1 X76.668 Y140.196 E233.91149
G1 X73.588 Y140.196 E234.01393
G1 X73.584 Y145.815 E234.20082
G1 X73.531 Y146.02 E234.20787
G1 X73.387 Y146.294 E234.21816
G1 X73.188 Y146.494 E234.22755
G1 X72.974 Y146.618 E234.23577
G1 X72.643 Y146.695 E234.24707
G1 X69.248 Y146.695 E234.35999
G1 X68.919 Y146.618 E234.37123
G1 X68.705 Y146.494 E234.37946
G1 X68.506 Y146.294 E234.38884
G1 X68.361 Y146.019 E234.39918
G1 X68.308 Y145.815 E234.40619
G1 X68.308 Y140.196 E234.59308
G1 X65.232 Y140.196 E234.69539
G1 X65.233 Y153.195 E235.12774
G1 X68.864 Y153.197 E235.2485
G1 X69.278 Y153.315 E235.26282
G1 X69.609 Y153.569 E235.2767
G1 X69.759 Y153.899 E235.28876
G1 X69.804 Y154.196 E235.29875
G1 X69.804 Y157.196 E235.39853
G1 X72.084 Y157.196 E235.47436
G1 X72.084 Y154.196 E235.57414
G1 X72.129 Y153.899 E235.58413
G0 F15000 X73.048 Y153.596
G1 F1474.4 X77.068 Y153.596 E235.71784
G1 X77.068 Y139.796 E236.17683
G1 X73.188 Y139.796 E236.30588
G1 X73.184 Y145.77 E236.50457
G1 X73.066 Y146.055 E236.51483
G1 X72.818 Y146.249 E236.5253
G1 X72.62 Y146.296 E236.53207
G1 X69.272 Y146.296 E236.64343
G1 X69.075 Y146.249 E236.65016
G1 X68.827 Y146.055 E236.66064
G1 X68.708 Y145.77 E236.67091
G1 X68.708 Y139.796 E236.86961
G1 X64.832 Y139.796 E236.99852
G1 X64.833 Y153.595 E237.45748
G1 X68.84 Y153.596 E237.59075
G1 X69.089 Y153.667 E237.59936
G1 X69.244 Y153.787 E237.60588
G1 X69.404 Y154.065 E237.61655
G1 X69.404 Y157.596 E237.73399
G1 X72.484 Y157.596 E237.83643
G1 X72.484 Y154.196 E237.94952
G1 X72.574 Y153.879 E237.96048
G1 X72.707 Y153.728 E237.96717
G1 X72.902 Y153.624 E237.97452
G1 X73.048 Y153.596 E237.97947
G0 F15000 X73.049 Y153.998
;TYPE:WALL-OUTER
G1 F1474.4 X77.468 Y153.996 E238.12644
G1 X77.468 Y139.396 E238.61204
G1 X72.788 Y139.396 E238.7677
G1 X72.782 Y145.731 E238.9784
G1 X72.745 Y145.816 E238.98148
G1 X72.641 Y145.897 E238.98587
G1 X69.271 Y145.893 E239.09796
G1 X69.147 Y145.816 E239.10281
G1 X69.11 Y145.731 E239.10589
G1 X69.108 Y139.396 E239.3166
G1 X64.432 Y139.396 E239.47212
G1 X64.433 Y153.995 E239.95769
G1 X68.839 Y153.998 E240.10423
G1 X68.951 Y154.059 E240.10847
G1 X69.004 Y154.152 E240.11203
G1 X69.004 Y157.996 E240.23988
G1 X72.884 Y157.996 E240.36893
G1 X72.884 Y154.152 E240.49679
G1 X72.937 Y154.059 E240.50035
G1 X73.049 Y153.998 E240.50459
G0 F15000 X73.049 Y153.686
G0 X69.717 Y153.453
G0 X69.584 Y153.453
;TYPE:FILL
G1 F1474.4 X76.588 Y151.577 E240.74575
G0 F15000 X76.588 Y148.334
G1 F1474.4 X73.664 Y145.409 E240.88331
G0 F15000 X73.425 Y146.534
G0 X68.471 Y146.534
G0 X68.228 Y142.467
G1 F1474.4 X65.374 Y153.115 E241.24997
G0 F15000 X65.312 Y142.175
G1 F1474.4 X68.227 Y141.393 E241.35035
G0 F15000 X68.099 Y141.393
;MESH:NONMESH
G0 F300 X68.099 Y141.393 Z6.2
G0 F15000 X68.471 Y146.534
G0 X72.084 Y154.196
;TIME_ELAPSED:436.900562
;LAYER:30
;note -- min layer time used
;TYPE:WALL-INNER
;MESH:WheelAdapter_v10.stl
G1 F1462.3 X72.129 Y153.898 E241.36037
G1 X72.28 Y153.568 E241.37244
G1 X72.612 Y153.313 E241.38637
G1 X73.024 Y153.197 E241.4006
G1 X76.552 Y153.196 E241.51794
G1 X76.552 Y140.196 E241.95033
G1 X73.58 Y140.196 E242.04918
G1 X73.58 Y145.815 E242.23606
G1 X73.525 Y146.027 E242.24335
G1 X73.374 Y146.305 E242.25387
G1 X73.168 Y146.506 E242.26344
G1 X72.949 Y146.626 E242.27175
G1 X72.64 Y146.695 E242.28228
G1 X69.209 Y146.695 E242.3964
G1 X68.96 Y146.625 E242.405
G1 X68.741 Y146.504 E242.41332
G1 X68.538 Y146.304 E242.4228
G1 X68.388 Y146.026 E242.4333
G1 X68.332 Y145.697 E242.4444
G1 X68.328 Y140.196 E242.62737
G1 X65.348 Y140.196 E242.72648
G1 X65.345 Y153.196 E243.15887
G1 X68.888 Y153.197 E243.27671
G1 X69.3 Y153.313 E243.29094
G1 X69.632 Y153.568 E243.30487
G1 X69.783 Y153.898 E243.31694
G1 X69.828 Y154.196 E243.32696
G1 X69.828 Y157.196 E243.42674
G1 X72.084 Y157.196 E243.50178
G1 X72.084 Y154.196 E243.60156
G0 F15000 X72.645 Y153.785
G1 F1462.3 X72.801 Y153.666 E243.60808
G1 X73.048 Y153.596 E243.61662
G1 X76.952 Y153.596 E243.74647
G1 X76.952 Y139.796 E244.20546
G1 X73.18 Y139.796 E244.33091
G1 X73.18 Y145.77 E244.52961
G1 X73.057 Y146.062 E244.54015
G1 X72.802 Y146.254 E244.55077
G1 X72.616 Y146.296 E244.55711
G1 X69.296 Y146.296 E244.66753
G1 X69.109 Y146.254 E244.67391
G1 X68.855 Y146.061 E244.68452
G1 X68.765 Y145.894 E244.69083
G1 X68.732 Y145.697 E244.69747
G1 X68.728 Y139.796 E244.89374
G1 X64.948 Y139.796 E245.01946
G1 X64.945 Y153.596 E245.47845
G1 X68.864 Y153.596 E245.6088
G1 X69.111 Y153.666 E245.61734
G1 X69.267 Y153.785 E245.62386
G1 X69.428 Y154.064 E245.63458
G1 X69.428 Y157.596 E245.75205
G1 X72.484 Y157.596 E245.85369
G1 X72.484 Y154.064 E245.97117
G1 X72.645 Y153.785 E245.98188
G0 F15000 X73.049 Y153.998
;TYPE:WALL-OUTER
G1 F1462.3 X77.352 Y153.996 E246.125
G1 X77.352 Y139.396 E246.6106
G1 X72.78 Y139.396 E246.76266
G1 X72.778 Y145.731 E246.97337
G1 X72.698 Y145.858 E246.97836
G1 X72.613 Y145.894 E246.98143
G1 X69.298 Y145.894 E247.09169
G1 X69.213 Y145.858 E247.09476
G1 X69.132 Y145.747 E247.09933
G1 X69.128 Y139.396 E247.31056
G1 X64.548 Y139.396 E247.46289
G1 X64.545 Y153.996 E247.94849
G1 X68.863 Y153.998 E248.09211
G1 X68.998 Y154.09 E248.09754
G1 X69.028 Y154.196 E248.10121
G1 X69.028 Y157.996 E248.2276
G1 X72.884 Y157.996 E248.35585
G1 X72.884 Y154.196 E248.48223
G1 X72.914 Y154.09 E248.4859
G1 X73.049 Y153.998 E248.49133
G0 F15000 X73.049 Y153.686
G0 X69.741 Y153.569
G0 X69.702 Y153.569
;TYPE:FILL
G1 F1462.3 X76.472 Y151.755 E248.72445
G0 F15000 X76.472 Y148.017
G1 F1462.3 X73.66 Y145.205 E248.85671
G0 F15000 X73.419 Y146.534
G0 X68.494 Y146.534
G0 X68.249 Y141.838
G1 F1462.3 X65.425 Y152.376 E249.21958
G0 F15000 X65.428 Y142.29
G1 F1462.3 X68.248 Y141.535 E249.31667
G0 F15000 X68.121 Y141.534
;MESH:NONMESH
G0 F300 X68.121 Y141.534 Z6.4
G0 F15000 X68.494 Y146.534
G0 X72.036 Y154.196
;TIME_ELAPSED:449.127547
;LAYER:31
;note -- min layer time used
;TYPE:WALL-INNER
;MESH:WheelAdapter_v10.stl
G1 F1445.8 X72.082 Y153.892 E249.3269
G1 X72.239 Y153.56 E249.33911
G1 X72.571 Y153.31 E249.35294
G1 X72.975 Y153.197 E249.36689
G1 X76.436 Y153.196 E249.482
G1 X76.436 Y140.196 E249.91439
G1 X73.524 Y140.196 E250.01124
G1 X73.524 Y145.815 E250.19813
G1 X73.468 Y146.031 E250.20555
G1 X73.313 Y146.312 E250.21622
G1 X73.104 Y146.512 E250.22584
G1 X72.882 Y146.631 E250.23422
G1 X72.585 Y146.695 E250.24433
G1 X69.31 Y146.695 E250.35325
G1 X69.014 Y146.631 E250.36333
G1 X68.792 Y146.512 E250.3717
G1 X68.584 Y146.312 E250.3813
G1 X68.429 Y146.032 E250.39195
G1 X68.372 Y145.816 E250.39938
G1 X68.368 Y140.196 E250.5863
G1 X65.464 Y140.196 E250.68289
G1 X65.461 Y153.196 E251.11527
G1 X68.914 Y153.197 E251.23012
G1 X69.317 Y153.31 E251.24404
G1 X69.649 Y153.56 E251.25786
G1 X69.806 Y153.892 E251.27007
G1 X69.852 Y154.196 E251.2803
G1 X69.852 Y157.196 E251.38008
G1 X72.036 Y157.196 E251.45272
G1 X72.036 Y154.196 E251.5525
G0 F15000 X72.601 Y153.781
G1 F1445.8 X72.757 Y153.664 E251.55899
G1 X72.999 Y153.597 E251.56734
G1 X76.836 Y153.596 E251.69496
G1 X76.836 Y139.796 E252.15395
G1 X73.124 Y139.796 E252.27741
G1 X73.124 Y145.77 E252.4761
G1 X72.998 Y146.066 E252.4868
G1 X72.872 Y146.186 E252.49259
G1 X72.614 Y146.29 E252.50184
G1 X69.282 Y146.29 E252.61267
G1 X69.024 Y146.186 E252.62192
G1 X68.899 Y146.066 E252.62768
G1 X68.772 Y145.77 E252.63839
G1 X68.768 Y139.796 E252.83709
G1 X65.064 Y139.796 E252.96029
G1 X65.061 Y153.596 E253.41928
G1 X68.889 Y153.597 E253.5466
G1 X69.131 Y153.664 E253.55495
G1 X69.287 Y153.781 E253.56143
G1 X69.424 Y154.013 E253.5704
G1 X69.452 Y154.196 E253.57655
G1 X69.452 Y157.596 E253.68964
G1 X72.436 Y157.596 E253.78889
G1 X72.436 Y154.196 E253.90197
G1 X72.464 Y154.013 E253.90813
G1 X72.601 Y153.781 E253.91709
G0 F15000 X73.001 Y153.998
;TYPE:WALL-OUTER
G1 F1445.8 X77.236 Y153.996 E254.05795
G1 X77.236 Y139.396 E254.54354
G1 X72.724 Y139.396 E254.69361
G1 X72.722 Y145.731 E254.90432
G1 X72.64 Y145.86 E254.9094
G1 X72.549 Y145.895 E254.91264
G1 X69.342 Y145.894 E255.01931
G1 X69.214 Y145.82 E255.02423
G1 X69.174 Y145.731 E255.02747
G1 X69.168 Y139.396 E255.23817
G1 X64.664 Y139.396 E255.38798
G1 X64.661 Y153.996 E255.87358
G1 X68.887 Y153.998 E256.01413
G1 X68.997 Y154.057 E256.01828
G1 X69.052 Y154.15 E256.02188
G1 X69.052 Y157.996 E256.1498
G1 X72.836 Y157.996 E256.27565
G1 X72.836 Y154.154 E256.40344
G1 X72.912 Y154.038 E256.40805
G1 X73.001 Y153.998 E256.4113
G0 F15000 X73.001 Y153.686
G0 X69.796 Y153.689
;TYPE:FILL
G1 F1445.8 X76.356 Y151.932 E256.63717
G0 F15000 X76.356 Y147.702
G1 F1445.8 X73.604 Y144.95 E256.76662
G0 F15000 X73.363 Y146.534
G0 X68.534 Y146.534
G0 X68.289 Y141.67
G1 F1445.8 X65.545 Y142.405 E256.8611
G0 F15000 X68.288 Y141.148
G1 F1445.8 X65.542 Y151.398 E257.21404
G0 F15000 X65.673 Y151.398
;MESH:NONMESH
G0 F300 X65.673 Y151.398 Z6.6
G0 F15000 X71.988 Y154.196
;TIME_ELAPSED:461.104584
;LAYER:32
;note -- min layer time used
;TYPE:WALL-INNER
;MESH:WheelAdapter_v10.stl
G1 F1443.6 X72.037 Y153.884 E257.22454
G1 X72.151 Y153.647 E257.23329
G1 X72.381 Y153.4 E257.24452
G1 X72.693 Y153.24 E257.25618
G1 X72.925 Y153.197 E257.26403
G1 X76.32 Y153.195 E257.37695
G1 X76.323 Y140.197 E257.80926
G1 X73.461 Y140.197 E257.90445
G1 X73.46 Y145.82 E258.09147
G1 X73.403 Y146.034 E258.09884
G1 X73.246 Y146.318 E258.10963
G1 X73.033 Y146.517 E258.11933
G1 X72.809 Y146.635 E258.12775
G1 X72.523 Y146.695 E258.13747
G1 X69.338 Y146.695 E258.2434
G1 X69.098 Y146.633 E258.25165
G1 X68.874 Y146.516 E258.26005
G1 X68.663 Y146.316 E258.26972
G1 X68.506 Y146.033 E258.28048
G1 X68.448 Y145.696 E258.29186
G1 X68.448 Y140.196 E258.47479
G1 X65.576 Y140.196 E258.57031
G1 X65.576 Y153.196 E259.00269
G1 X68.979 Y153.197 E259.11588
G1 X69.37 Y153.304 E259.12936
G1 X69.629 Y153.494 E259.14004
G1 X69.753 Y153.647 E259.14659
G1 X69.867 Y153.884 E259.15534
G1 X69.916 Y154.196 E259.16585
G1 X69.916 Y157.196 E259.26563
G1 X71.988 Y157.196 E259.33454
G1 X71.988 Y154.196 E259.43432
G0 F15000 X72.151 Y153.358
G0 X72.95 Y153.286
G0 X72.95 Y153.597
G1 F1443.6 X76.72 Y153.595 E259.55971
G1 X76.723 Y139.797 E260.01864
G1 X73.061 Y139.797 E260.14043
G1 X73.06 Y145.77 E260.3391
G1 X72.932 Y146.069 E260.34991
G1 X72.804 Y146.189 E260.35575
G1 X72.544 Y146.291 E260.36504
G1 X69.363 Y146.291 E260.47084
G1 X69.103 Y146.188 E260.48014
G1 X68.977 Y146.068 E260.48593
G1 X68.883 Y145.898 E260.49239
G1 X68.848 Y145.696 E260.49921
G1 X68.848 Y139.796 E260.69544
G1 X65.176 Y139.796 E260.81757
G1 X65.176 Y153.596 E261.27656
G1 X69.042 Y153.595 E261.40515
G1 X69.28 Y153.718 E261.41406
G1 X69.418 Y153.866 E261.42079
G1 X69.516 Y154.196 E261.43224
G1 X69.516 Y157.596 E261.54532
G1 X72.388 Y157.596 E261.64085
G1 X72.388 Y154.196 E261.75393
G1 X72.486 Y153.866 E261.76538
G1 X72.624 Y153.718 E261.77211
G1 X72.95 Y153.597 E261.78368
G0 F15000 X72.953 Y153.998
;TYPE:WALL-OUTER
G1 F1443.6 X77.12 Y153.995 E261.92227
G1 X77.123 Y139.397 E262.4078
G1 X72.661 Y139.397 E262.55621
G1 X72.658 Y145.731 E262.76688
G1 X72.575 Y145.861 E262.77201
G1 X72.485 Y145.895 E262.77521
G1 X69.419 Y145.895 E262.87718
G1 X69.333 Y145.86 E262.88027
G1 X69.248 Y145.75 E262.8849
G1 X69.248 Y139.396 E263.09623
G1 X64.776 Y139.396 E263.24497
G1 X64.776 Y153.996 E263.73057
G1 X68.951 Y153.998 E263.86943
G1 X69.059 Y154.055 E263.87349
G1 X69.116 Y154.148 E263.87712
G1 X69.116 Y157.996 E264.0051
G1 X72.788 Y157.996 E264.12724
G1 X72.788 Y154.151 E264.25512
G1 X72.866 Y154.036 E264.25974
G1 X72.953 Y153.998 E264.2629
G0 F15000 X72.953 Y153.686
G0 X69.915 Y153.804
;TYPE:FILL
G1 F1443.6 X76.239 Y152.109 E264.48066
G0 F15000 X76.242 Y147.388
G1 F1443.6 X73.541 Y144.687 E264.60771
G0 F15000 X73.541 Y140.408
G1 F1443.6 X74.033 Y140.277 E264.62464
G0 F15000 X73.3 Y146.534
G0 X68.61 Y146.534
G0 X68.368 Y140.304
G1 F1443.6 X65.656 Y150.427 E264.97321
G0 F15000 X65.656 Y142.521
G1 F1443.6 X68.368 Y141.795 E265.06659
G0 F15000 X68.238 Y141.795
;MESH:NONMESH
G0 F300 X68.238 Y141.795 Z6.8
G0 F15000 X68.61 Y146.534
G0 X71.908 Y154.196
;TIME_ELAPSED:473.678228
;LAYER:33
;note -- min layer time used
;TYPE:WALL-INNER
;MESH:WheelAdapter_v10.stl
G1 F1426.7 X71.962 Y153.872 E265.07751
G1 X72.082 Y153.63 E265.08649
G1 X72.21 Y153.479 E265.09308
G1 X72.47 Y153.296 E265.10365
G1 X72.842 Y153.198 E265.11645
G1 X76.204 Y153.196 E265.22827
G1 X76.207 Y140.197 E265.66062
G1 X73.349 Y140.197 E265.75568
G1 X73.348 Y145.82 E265.9427
G1 X73.291 Y146.034 E265.95006
G1 X73.134 Y146.318 E265.96086
G1 X72.92 Y146.518 E265.9706
G1 X72.696 Y146.635 E265.979
G1 X72.48 Y146.688 E265.9864
G1 X69.432 Y146.694 E266.08778
G1 X69.195 Y146.635 E266.0959
G1 X68.97 Y146.518 E266.10434
G1 X68.756 Y146.319 E266.11406
G1 X68.599 Y146.035 E266.12485
G1 X68.54 Y145.696 E266.13629
G1 X68.54 Y140.196 E266.31922
G1 X65.692 Y140.196 E266.41395
G1 X65.693 Y153.195 E266.8463
G1 X69.053 Y153.198 E266.95805
G1 X69.426 Y153.296 E266.97088
G1 X69.686 Y153.479 E266.98145
G1 X69.814 Y153.63 E266.98804
G1 X69.934 Y153.872 E266.99702
G1 X69.988 Y154.196 E267.00795
G1 X69.988 Y157.196 E267.10773
G1 X71.908 Y157.196 E267.17159
G1 X71.908 Y154.196 E267.27137
G0 F15000 X72.34 Y154.001
G1 F1426.7 X72.412 Y153.856 E267.27675
G1 X72.554 Y153.711 E267.2835
G1 X72.868 Y153.597 E267.29461
G1 X76.604 Y153.596 E267.41887
G1 X76.607 Y139.797 E267.87783
G1 X72.949 Y139.797 E267.99949
G1 X72.948 Y145.77 E268.19816
G1 X72.82 Y146.069 E268.20897
G1 X72.557 Y146.26 E268.21979
G1 X72.388 Y146.295 E268.22553
G1 X69.458 Y146.291 E268.32298
G1 X69.198 Y146.189 E268.33227
G1 X69.07 Y146.07 E268.33808
G1 X68.975 Y145.9 E268.34456
G1 X68.94 Y145.696 E268.35144
G1 X68.94 Y139.796 E268.54768
G1 X65.292 Y139.796 E268.66901
G1 X65.293 Y153.595 E269.12797
G1 X69.027 Y153.597 E269.25216
G1 X69.251 Y153.656 E269.25986
G1 X69.407 Y153.766 E269.26621
G1 X69.556 Y154.001 E269.27547
G1 X69.588 Y154.196 E269.28204
G1 X69.588 Y157.596 E269.39512
G1 X72.308 Y157.596 E269.48559
G1 X72.308 Y154.196 E269.59868
G1 X72.34 Y154.001 E269.60525
G0 F15000 X72.881 Y153.997
;TYPE:WALL-OUTER
G1 F1426.7 X77.004 Y153.996 E269.74238
G1 X77.007 Y139.397 E270.22794
G1 X72.549 Y139.397 E270.37622
G1 X72.546 Y145.731 E270.58689
G1 X72.506 Y145.821 E270.59016
G1 X72.375 Y145.895 E270.59517
G1 X69.512 Y145.895 E270.69039
G1 X69.426 Y145.861 E270.69347
G1 X69.34 Y145.75 E270.69814
G1 X69.34 Y139.396 E270.90947
G1 X64.892 Y139.396 E271.05741
G1 X64.893 Y153.995 E271.54298
G1 X69.023 Y153.998 E271.68034
G1 X69.128 Y154.052 E271.68427
G1 X69.188 Y154.147 E271.68801
G1 X69.188 Y157.996 E271.81603
G1 X72.708 Y157.996 E271.9331
G1 X72.708 Y154.196 E272.05949
G1 X72.742 Y154.082 E272.06345
G1 X72.881 Y153.997 E272.06887
G0 F15000 X72.321 Y153.306
;TYPE:FILL
G1 F1426.7 X70.022 Y153.922 E272.14803
G0 F15000 X73.02 Y153.118
G1 F1426.7 X76.124 Y152.287 E272.2549
G0 F15000 X76.126 Y147.071
G1 F1426.7 X73.427 Y144.373 E272.38183
G0 F15000 X73.43 Y140.585
G1 F1426.7 X74.582 Y140.277 E272.42149
G0 F15000 X73.187 Y146.534
G0 X68.705 Y146.534
G0 X68.46 Y141.917
G1 F1426.7 X65.773 Y142.637 E272.51402
G0 F15000 X68.229 Y140.275
G1 F1426.7 X65.773 Y149.441 E272.82963
G0 F15000 X65.904 Y149.441
;MESH:NONMESH
G0 F300 X65.904 Y149.441 Z7
G0 F15000 X72 Y153.459
G0 X72.131 Y153.459
;TIME_ELAPSED:485.977328
;LAYER:34
;note -- min layer time used
;TYPE:WALL-INNER
;MESH:WheelAdapter_v10.stl
G1 F1406.7 X72.39 Y153.287 E272.83997
G1 X72.737 Y153.198 E272.85189
G1 X76.092 Y153.196 E272.96348
G1 X76.092 Y140.196 E273.39586
G1 X73.208 Y140.196 E273.49178
G1 X73.208 Y145.817 E273.67874
G1 X73.15 Y146.032 E273.68614
G1 X72.995 Y146.315 E273.69687
G1 X72.784 Y146.515 E273.70654
G1 X72.561 Y146.633 E273.71494
G1 X72.322 Y146.694 E273.72314
G1 X69.582 Y146.694 E273.81427
G1 X69.343 Y146.632 E273.82248
G1 X69.119 Y146.514 E273.83091
G1 X68.909 Y146.314 E273.84055
G1 X68.754 Y146.032 E273.85125
G1 X68.696 Y145.696 E273.86259
G1 X68.696 Y140.196 E274.04552
G1 X65.808 Y140.196 E274.14158
G1 X65.808 Y153.196 E274.57396
G1 X69.16 Y153.198 E274.68545
G1 X69.373 Y153.237 E274.69265
G1 X69.656 Y153.372 E274.70308
G1 X69.898 Y153.608 E274.71432
G1 X70.028 Y153.854 E274.72358
G1 X70.088 Y154.196 E274.73513
G1 X70.088 Y157.196 E274.83491
G1 X71.808 Y157.196 E274.89211
G1 X71.808 Y154.196 E274.99189
G1 X71.868 Y153.854 E275.00344
G1 X71.998 Y153.608 E275.0127
G1 X72.131 Y153.459 E275.01934
G0 F15000 X72.244 Y153.991
G1 F1406.7 X72.401 Y153.754 E275.0288
G1 X72.557 Y153.65 E275.03503
G1 X72.765 Y153.597 E275.04217
G1 X76.492 Y153.596 E275.16613
G1 X76.492 Y139.796 E275.62512
G1 X72.808 Y139.796 E275.74765
G1 X72.808 Y145.77 E275.94635
G1 X72.68 Y146.068 E275.95713
G1 X72.554 Y146.187 E275.9629
G1 X72.293 Y146.291 E275.97224
G1 X69.609 Y146.29 E276.06151
G1 X69.35 Y146.187 E276.07078
G1 X69.224 Y146.067 E276.07657
G1 X69.13 Y145.898 E276.083
G1 X69.096 Y145.696 E276.08982
G1 X69.096 Y139.796 E276.28605
G1 X65.408 Y139.796 E276.40872
G1 X65.408 Y153.596 E276.8677
G1 X69.131 Y153.597 E276.99153
G1 X69.339 Y153.65 E276.99867
G1 X69.495 Y153.754 E277.00491
G1 X69.652 Y153.991 E277.01436
G1 X69.688 Y154.196 E277.02129
G1 X69.688 Y157.596 E277.13437
G1 X72.208 Y157.596 E277.21819
G1 X72.208 Y154.196 E277.33127
G1 X72.244 Y153.991 E277.33819
G0 F15000 X72.779 Y153.997
;TYPE:WALL-OUTER
G1 F1406.7 X76.892 Y153.996 E277.47499
G1 X76.892 Y139.396 E277.96059
G1 X72.408 Y139.396 E278.10973
G1 X72.406 Y145.731 E278.32043
G1 X72.324 Y145.86 E278.32552
G1 X72.237 Y145.895 E278.32863
G1 X69.681 Y145.896 E278.41365
G1 X69.58 Y145.86 E278.41721
G1 X69.496 Y145.75 E278.42182
G1 X69.496 Y139.396 E278.63315
G1 X65.008 Y139.396 E278.78242
G1 X65.008 Y153.996 E279.26802
G1 X69.123 Y153.998 E279.40489
G1 X69.25 Y154.078 E279.40988
G1 X69.288 Y154.196 E279.414
G1 X69.288 Y157.996 E279.54039
G1 X72.608 Y157.996 E279.65081
G1 X72.608 Y154.145 E279.7789
G1 X72.672 Y154.048 E279.78276
G1 X72.779 Y153.997 E279.78671
G0 F15000 X71.941 Y153.554
;TYPE:FILL
G1 F1406.7 X70.139 Y154.036 E279.84875
G0 F15000 X71.972 Y153.358
G0 X73.567 Y153.118
G1 F1406.7 X76.012 Y152.463 E279.93294
G0 F15000 X76.012 Y146.758
G1 F1406.7 X73.288 Y144.034 E280.06107
G0 F15000 X73.289 Y140.769
G1 F1406.7 X75.128 Y140.276 E280.12439
G0 F15000 X73.046 Y146.534
G0 X68.86 Y146.534
G0 X68.616 Y142.021
G1 F1406.7 X65.889 Y142.752 E280.21829
G0 F15000 X68.083 Y140.275
G1 F1406.7 X65.888 Y148.467 E280.50037
G0 F15000 X66.02 Y148.467
;MESH:NONMESH
G0 F300 X66.02 Y148.467 Z7.2
G0 F15000 X71.9 Y153.434
G0 X72.036 Y153.434
;TIME_ELAPSED:498.292926
;LAYER:35
;note -- min layer time used
;TYPE:WALL-INNER
;MESH:WheelAdapter_v10.stl
G1 F1415.8 X72.292 Y153.275 E280.51039
G1 X72.548 Y153.199 E280.51928
G1 X75.976 Y153.196 E280.63329
G1 X75.976 Y140.196 E281.06567
G1 X73.016 Y140.196 E281.16412
G1 X73.016 Y145.815 E281.35101
G1 X72.961 Y146.027 E281.3583
G1 X72.809 Y146.307 E281.36889
G1 X72.603 Y146.507 E281.37844
G1 X72.383 Y146.627 E281.38678
G1 X72.095 Y146.693 E281.39661
G1 X69.813 Y146.693 E281.47251
G1 X69.523 Y146.626 E281.4824
G1 X69.304 Y146.506 E281.49071
G1 X69.098 Y146.306 E281.50026
G1 X68.947 Y146.027 E281.51081
G1 X68.892 Y145.696 E281.52197
G1 X68.892 Y140.196 E281.7049
G1 X65.924 Y140.196 E281.80362
G1 X65.924 Y153.196 E282.236
G1 X69.342 Y153.195 E282.34968
G1 X69.612 Y153.275 E282.35905
G1 X69.868 Y153.434 E282.36907
G1 X70.007 Y153.579 E282.37575
G1 X70.152 Y153.83 E282.38539
G1 X70.22 Y154.196 E282.39778
G1 X70.22 Y157.196 E282.49756
G1 X71.684 Y157.196 E282.54625
G1 X71.684 Y154.196 E282.64603
G1 X71.752 Y153.83 E282.65841
G1 X71.897 Y153.579 E282.66805
G1 X72.036 Y153.434 E282.67473
G0 F15000 X72.295 Y153.738
G1 F1415.8 X72.449 Y153.643 E282.68075
G1 X72.636 Y153.597 E282.68716
G1 X76.376 Y153.596 E282.81155
G1 X76.376 Y139.796 E283.27054
G1 X72.616 Y139.796 E283.3956
G1 X72.616 Y145.77 E283.59429
G1 X72.492 Y146.063 E283.60488
G1 X72.369 Y146.183 E283.61059
G1 X72.064 Y146.295 E283.6214
G1 X69.795 Y146.289 E283.69687
G1 X69.539 Y146.182 E283.70609
G1 X69.416 Y146.062 E283.71181
G1 X69.325 Y145.895 E283.71813
G1 X69.292 Y145.696 E283.72484
G1 X69.292 Y139.796 E283.92108
G1 X65.524 Y139.796 E284.0464
G1 X65.524 Y153.596 E284.50539
G1 X69.301 Y153.597 E284.63102
G1 X69.609 Y153.738 E284.64228
G1 X69.779 Y153.976 E284.65201
G1 X69.82 Y154.196 E284.65945
G1 X69.82 Y157.596 E284.77254
G1 X72.084 Y157.596 E284.84784
G1 X72.084 Y154.196 E284.96092
G1 X72.125 Y153.976 E284.96837
G1 X72.295 Y153.738 E284.97809
G0 F15000 X72.668 Y153.996
;TYPE:WALL-OUTER
G1 F1415.8 X76.776 Y153.996 E285.11473
G1 X76.776 Y139.396 E285.60033
G1 X72.216 Y139.396 E285.75199
G1 X72.214 Y145.731 E285.96269
G1 X72.175 Y145.819 E285.9659
G1 X72.073 Y145.896 E285.97015
G1 X69.859 Y145.894 E286.04378
G1 X69.774 Y145.858 E286.04685
G1 X69.692 Y145.748 E286.05142
G1 X69.692 Y139.396 E286.26269
G1 X65.124 Y139.396 E286.41462
G1 X65.124 Y153.996 E286.90022
G1 X69.255 Y153.998 E287.03761
G1 X69.378 Y154.072 E287.04239
G1 X69.42 Y154.196 E287.04674
G1 X69.42 Y157.996 E287.17313
G1 X72.484 Y157.996 E287.27504
G1 X72.484 Y154.14 E287.40329
G1 X72.554 Y154.043 E287.40727
G1 X72.668 Y153.996 E287.41137
G0 F15000 X71.699 Y153.765
;TYPE:FILL
G1 F1415.8 X70.289 Y154.143 E287.45992
G1 X70.383 Y154
G1 X70.824 Y154 E287.47459
G0 F15000 X70.248 Y153.6
G1 F1415.8 X71.656 Y153.6 E287.52142
G0 F15000 X71.829 Y153.382
G0 X74.117 Y153.117
G1 F1415.8 X75.895 Y152.641 E287.58264
G0 F15000 X71.848 Y153.358
G0 X71.484 Y156.8
G1 F1415.8 X70.42 Y156.8 E287.61803
G0 F15000 X70.059 Y153.358
G0 X66.004 Y147.486
G1 F1415.8 X67.936 Y140.275 E287.86633
G0 F15000 X68.811 Y142.116
G1 F1415.8 X66.005 Y142.868 E287.96295
G0 F15000 X69.056 Y146.534
G0 X72.855 Y146.534
G0 X73.096 Y143.642
G1 F1415.8 X75.896 Y146.441 E288.09463
G0 F15000 X73.097 Y140.968
G1 F1415.8 X75.677 Y140.276 E288.18347
G0 F15000 X75.677 Y140.406
;MESH:NONMESH
G0 F300 X75.677 Y140.406 Z7.4
G0 F15000 X72.159 Y153.261
;TIME_ELAPSED:511.137646
;LAYER:36
;note -- min layer time used
;TYPE:WALL-INNER
;MESH:WheelAdapter_v10.stl
G1 F1472.1 X72.421 Y153.2 E288.19242
G1 X75.86 Y153.196 E288.3068
G1 X75.86 Y140.196 E288.73918
G1 X72.716 Y140.196 E288.84375
G1 X72.712 Y145.816 E289.03068
G1 X72.66 Y146.015 E289.03752
G1 X72.519 Y146.288 E289.04774
G1 X72.325 Y146.487 E289.05698
G1 X72.114 Y146.613 E289.06515
G1 X71.807 Y146.692 E289.0757
G1 X70.089 Y146.692 E289.13284
G1 X69.783 Y146.613 E289.14335
G1 X69.571 Y146.487 E289.15155
G1 X69.377 Y146.287 E289.16082
G1 X69.235 Y146.015 E289.17102
G1 X69.184 Y145.696 E289.18177
G1 X69.184 Y140.196 E289.3647
G1 X66.04 Y140.196 E289.46927
G1 X66.041 Y153.195 E289.90162
G1 X69.475 Y153.2 E290.01583
G1 X69.737 Y153.261 E290.02478
G1 X69.988 Y153.401 E290.03434
G1 X70.134 Y153.538 E290.041
G1 X70.297 Y153.795 E290.05112
G1 X70.38 Y154.196 E290.06474
G1 X70.38 Y157.196 E290.16452
G1 X71.516 Y157.196 E290.20231
G1 X71.516 Y154.196 E290.30209
G1 X71.599 Y153.795 E290.31571
G1 X71.762 Y153.538 E290.32583
G1 X71.908 Y153.401 E290.33249
G1 X72.159 Y153.261 E290.34205
G0 F15000 X71.966 Y153.955
G1 F1472.1 X72.151 Y153.719 E290.35202
G1 X72.459 Y153.598 E290.36303
G1 X76.26 Y153.596 E290.48945
G1 X76.26 Y139.796 E290.94844
G1 X72.316 Y139.796 E291.07962
G1 X72.312 Y145.77 E291.27831
G1 X72.197 Y146.051 E291.28841
G1 X71.953 Y146.246 E291.2988
G1 X71.769 Y146.294 E291.30512
G1 X70.127 Y146.294 E291.35974
G1 X69.943 Y146.246 E291.36606
G1 X69.699 Y146.051 E291.37645
G1 X69.615 Y145.888 E291.38255
G1 X69.584 Y145.696 E291.38902
G1 X69.584 Y139.796 E291.58525
G1 X65.64 Y139.796 E291.71643
G1 X65.641 Y153.595 E292.17539
G1 X69.437 Y153.598 E292.30164
G1 X69.595 Y153.635 E292.30704
G1 X69.832 Y153.801 E292.31666
G1 X69.93 Y153.955 E292.32274
G1 X69.98 Y154.196 E292.33092
G1 X69.98 Y157.596 E292.44401
G1 X71.916 Y157.596 E292.5084
G1 X71.916 Y154.196 E292.62148
G1 X71.966 Y153.955 E292.62967
G0 F15000 X72.439 Y153.996
;TYPE:WALL-OUTER
G1 F1472.1 X76.66 Y153.996 E292.77006
G1 X76.66 Y139.396 E293.25566
G1 X71.916 Y139.396 E293.41344
G1 X71.91 Y145.731 E293.62415
G1 X71.874 Y145.815 E293.62719
G1 X71.773 Y145.896 E293.63149
G1 X70.144 Y145.893 E293.68567
G1 X70.061 Y145.855 E293.68871
G1 X69.984 Y145.746 E293.69315
G1 X69.984 Y139.396 E293.90435
G1 X65.24 Y139.396 E294.06214
G1 X65.241 Y153.995 E294.5477
G1 X69.433 Y153.996 E294.68713
G1 X69.531 Y154.064 E294.69109
G1 X69.58 Y154.196 E294.69578
G1 X69.58 Y157.996 E294.82217
G1 X72.316 Y157.996 E294.91317
G1 X72.316 Y154.133 E295.04165
G1 X72.439 Y153.996 E295.04777
G0 F15000 X72.439 Y153.686
G0 X74.668 Y153.116
;TYPE:FILL
G1 F1472.1 X75.78 Y152.818 E295.08606
G0 F15000 X75.66 Y146.346
G1 F1472.1 X72.587 Y146.502 E295.1884
G0 F15000 X72.625 Y146.502
G0 X69.474 Y146.661
G1 F1472.1 X66.241 Y146.825 E295.29607
G0 F15000 X66.121 Y146.505
G1 F1472.1 X67.79 Y140.275 E295.51059
G0 F15000 X69.103 Y142.183
G1 F1472.1 X66.121 Y142.983 E295.61328
G0 F15000 X69.347 Y146.534
G0 X72.553 Y146.534
G0 X72.794 Y143.14
G1 F1472.1 X75.78 Y146.126 E295.75373
G0 F15000 X75.78 Y140.395
G1 F1472.1 X72.795 Y141.194 E295.85651
G0 F15000 X72.406 Y152.991
G0 X71.81 Y153.274
G0 X71.414 Y154.208
G0 X71.152 Y154.153
;TYPE:SKIN
G1 F1429.2 X71.152 Y156.832 E295.94828
G1 F1443.3 X70.744 Y156.832 E295.96213
G1 F1429.2 X70.744 Y154.154 E296.05387
G1 F1214.1 X70.693 Y153.62 E296.0755
G1 F1064.8 X70.453 Y153.233 E296.09644
G1 X71.439 Y153.233 E296.14178
G1 X71.199 Y153.62 E296.16272
G1 F1214.1 X71.152 Y154.153 E296.1843
;MESH:NONMESH
G0 F300 X71.152 Y154.153 Z7.6
G0 F15000 X71.226 Y154.196
;TIME_ELAPSED:523.863753
;LAYER:37
;note -- min layer time used
;TYPE:WALL-INNER
;MESH:WheelAdapter_v10.stl
G1 F1375.1 X71.416 Y153.735 E296.20412
G1 F1643.3 X71.61 Y153.475 E296.2149
G1 X71.87 Y153.294 E296.22544
G1 X72.304 Y153.196 E296.24024
G1 X75.744 Y153.196 E296.35465
G1 X75.744 Y140.196 E296.78704
G1 X66.156 Y140.196 E297.10593
G1 X66.156 Y153.196 E297.53832
G1 X69.751 Y153.196 E297.65789
G1 X70.026 Y153.294 E297.6676
G1 X70.286 Y153.475 E297.67813
G1 X70.48 Y153.735 E297.68892
G1 F1375.1 X70.67 Y154.196 E297.70874
G1 F1182.2 X70.67 Y157.118 E297.84383
G1 X71.226 Y157.118 E297.86953
G1 X71.226 Y154.196 E298.00462
G0 F15000 X72.043 Y153.655
G1 F1643.3 X72.304 Y153.596 E298.01352
G1 X76.144 Y153.596 E298.14124
G1 X76.144 Y139.796 E298.60023
G1 X65.756 Y139.796 E298.94574
G1 X65.756 Y153.596 E299.40473
G1 X69.688 Y153.596 E299.53551
G1 X70.009 Y153.763 E299.54754
G1 X70.125 Y153.919 E299.55401
G1 X70.192 Y154.196 E299.56349
G1 X70.192 Y157.596 E299.67657
G1 X71.704 Y157.596 E299.72686
G1 X71.704 Y154.196 E299.83994
G1 X71.771 Y153.919 E299.84942
G1 X71.887 Y153.763 E299.85589
G1 X72.043 Y153.655 E299.8622
G0 F15000 X72.257 Y154.001
;TYPE:WALL-OUTER
G1 F1643.3 X76.544 Y153.996 E300.00479
G1 X76.544 Y139.396 E300.49038
G1 X65.356 Y139.396 E300.8625
G1 X65.356 Y153.996 E301.3481
G1 X69.639 Y154.001 E301.49055
G1 X69.731 Y154.051 E301.49403
G1 X69.792 Y154.196 E301.49926
G1 X69.792 Y157.996 E301.62565
G1 X72.104 Y157.996 E301.70255
G1 X72.104 Y154.196 E301.82894
G1 X72.165 Y154.051 E301.83417
G1 X72.257 Y154.001 E301.83765
G0 F15000 X72.257 Y153.686
G0 X71.941 Y153.744
G0 X71.066 Y154.228
;TYPE:FILL
G1 F1643.3 X70.858 Y154.284 E301.84482
G0 F15000 X71.467 Y153.358
G0 X75.215 Y153.116
G1 F1643.3 X75.663 Y152.996 E301.86024
G0 F15000 X75.664 Y145.809
G1 F1643.3 X73.429 Y143.574 E301.96537
G0 F15000 X73.649 Y143.575
G0 X73.649 Y141.172
G0 X73.431 Y141.171
G1 F1643.3 X75.664 Y140.573 E302.04226
G0 F15000 X73.578 Y140.368
G0 X68.315 Y140.368
G0 X68.243 Y142.502
G0 X68.462 Y142.502
G1 F1643.3 X66.237 Y143.099 E302.11888
G0 F15000 X66.236 Y145.527
G1 F1643.3 X67.643 Y140.276 E302.29969
G0 F15000 X68.315 Y146.924
G0 X73.388 Y146.996
G0 X73.388 Y146.736
;TYPE:SKIN
G1 F1643.3 X68.5 Y146.736 E302.46227
G1 X68.5 Y140.556 E302.66781
G1 X73.388 Y140.556 E302.83039
G1 X73.388 Y146.736 E303.03594
G0 F15000 X73.188 Y146.298
G1 F1643.3 X72.95 Y146.536 E303.04713
G0 F15000 X72.384 Y146.536
G1 F1643.3 X73.188 Y145.733 E303.08492
G0 F15000 X73.188 Y145.167
G1 F1643.3 X71.819 Y146.536 E303.14932
G0 F15000 X71.253 Y146.536
G1 F1643.3 X73.188 Y144.601 E303.24033
G0 F15000 X73.188 Y144.036
G1 F1643.3 X70.687 Y146.536 E303.35795
G0 F15000 X70.122 Y146.536
G1 F1643.3 X73.188 Y143.47 E303.50217
G0 F15000 X73.188 Y142.904
G1 F1643.3 X69.556 Y146.536 E303.673
G0 F15000 X68.99 Y146.536
G1 F1643.3 X73.188 Y142.338 E303.87047
G0 F15000 X73.188 Y141.773
G1 F1643.3 X68.7 Y146.26 E304.08154
G0 F15000 X68.7 Y145.694
G1 F1643.3 X73.188 Y141.207 E304.29262
G0 F15000 X73.073 Y140.756
G1 F1643.3 X68.7 Y145.129 E304.49831
G0 F15000 X68.7 Y144.563
G1 F1643.3 X72.507 Y140.756 E304.67738
G0 F15000 X71.942 Y140.756
G1 F1643.3 X68.7 Y143.997 E304.82985
G0 F15000 X68.7 Y143.432
G1 F1643.3 X71.376 Y140.756 E304.95572
G0 F15000 X70.81 Y140.756
G1 F1643.3 X68.7 Y142.866 E305.05497
G0 F15000 X68.7 Y142.3
G1 F1643.3 X70.245 Y140.756 E305.12762
G0 F15000 X69.679 Y140.756
G1 F1643.3 X68.7 Y141.735 E305.17367
G0 F15000 X68.7 Y141.169
G1 F1643.3 X69.113 Y140.756 E305.1931
;MESH:NONMESH
G0 F300 X69.113 Y140.756 Z7.8
G0 F15000 X69.113 Y140.296
G0 X68.315 Y140.368
G0 X68.315 Y146.924
G0 X71.898 Y153.196
;TIME_ELAPSED:538.504462
;LAYER:38
;note -- min layer time used
;TYPE:WALL-INNER
;MESH:WheelAdapter_v10.stl
G1 F1588.9 X75.628 Y153.196 E305.31716
G1 X75.628 Y140.196 E305.74954
G1 X66.272 Y140.196 E306.06072
G1 X66.272 Y153.196 E306.4931
G1 X70.026 Y153.196 E306.61796
G1 X70.346 Y153.306 E306.62922
G1 X70.499 Y153.404 E306.63526
G1 X70.728 Y153.651 E306.64646
G1 F1340.8 X70.962 Y154.196 E306.66984
G1 X71.196 Y153.651 E306.69321
G1 F1588.9 X71.425 Y153.404 E306.70442
G1 X71.578 Y153.306 E306.71046
G1 X71.898 Y153.196 E306.72171
G0 F15000 X71.199 Y153.358
G0 X70.962 Y154.196
G1 F1161.9 X70.963 Y157.123 E306.85484
G0 F15000 X71.199 Y153.358
G0 X71.951 Y153.286
G0 X71.951 Y153.596
G1 F1588.9 X76.028 Y153.596 E306.99045
G1 X76.028 Y139.796 E307.44944
G1 X65.872 Y139.796 E307.78723
G1 X65.872 Y153.596 E308.24622
G1 X69.973 Y153.596 E308.38262
G1 X70.255 Y153.72 E308.39286
G1 X70.392 Y153.869 E308.39959
G1 X70.488 Y154.196 E308.41093
G1 X70.491 Y157.596 E308.52401
G1 X71.436 Y157.596 E308.55544
G1 X71.436 Y154.196 E308.66853
G1 X71.532 Y153.869 E308.67986
G1 X71.669 Y153.72 E308.6866
G1 X71.951 Y153.596 E308.69684
G0 F15000 X71.991 Y153.996
;TYPE:WALL-OUTER
G1 F1588.9 X76.428 Y153.996 E308.84442
G1 X76.428 Y139.396 E309.33002
G1 X65.472 Y139.396 E309.69441
G1 X65.472 Y153.996 E310.18001
G1 X69.933 Y153.996 E310.32838
G1 X70.056 Y154.087 E310.33347
G1 X70.088 Y154.196 E310.33725
G1 X70.092 Y157.996 E310.46364
G1 X71.836 Y157.996 E310.52165
G1 X71.836 Y154.196 E310.64803
G1 X71.868 Y154.087 E310.65181
G1 X71.991 Y153.996 E310.6569
G0 F15000 X71.991 Y153.686
G0 X75.548 Y145.494
;TYPE:FILL
G1 F1588.9 X73.288 Y143.234 E310.76321
G0 F15000 X73.508 Y143.235
G0 X73.508 Y141.356
G0 X73.29 Y141.355
G1 F1588.9 X75.548 Y140.75 E310.84096
G0 F15000 X73.437 Y140.368
G0 X68.469 Y140.368
G0 X68.397 Y142.607
G0 X68.616 Y142.607
G1 F1588.9 X66.352 Y143.214 E310.91892
G0 F15000 X66.352 Y144.549
G1 F1588.9 X67.497 Y140.275 E311.06608
G0 F15000 X68.47 Y146.924
G0 X73.248 Y146.996
G0 X73.248 Y146.736
;TYPE:SKIN
G1 F1588.9 X68.656 Y146.736 E311.21881
G1 X68.656 Y140.556 E311.42436
G1 X73.248 Y140.556 E311.57709
G1 X73.248 Y146.736 E311.78264
G0 F15000 X73.248 Y146.996
G0 X69.037 Y146.996
G0 X69.037 Y146.536
G1 F1588.9 X68.856 Y146.355 E311.79115
G0 F15000 X68.856 Y145.789
G1 F1588.9 X69.603 Y146.536 E311.82629
G0 F15000 X70.168 Y146.536
G1 F1588.9 X68.856 Y145.223 E311.88803
G0 F15000 X68.856 Y144.658
G1 F1588.9 X70.734 Y146.536 E311.97636
G0 F15000 X71.3 Y146.536
G1 F1588.9 X68.856 Y144.092 E312.09132
G0 F15000 X68.856 Y143.526
G1 F1588.9 X71.865 Y146.536 E312.23288
G0 F15000 X72.431 Y146.536
G1 F1588.9 X68.856 Y142.961 E312.40103
G0 F15000 X68.856 Y142.395
G1 F1588.9 X72.997 Y146.536 E312.59581
G0 F15000 X73.048 Y146.021
G1 F1588.9 X68.856 Y141.829 E312.79299
G0 F15000 X68.856 Y141.264
G1 F1588.9 X73.048 Y145.455 E312.99015
G0 F15000 X73.048 Y144.89
G1 F1588.9 X68.914 Y140.756 E313.1846
G0 F15000 X69.48 Y140.756
G1 F1588.9 X73.048 Y144.324 E313.35243
G0 F15000 X73.048 Y143.758
G1 F1588.9 X70.045 Y140.756 E313.49365
G0 F15000 X70.611 Y140.756
G1 F1588.9 X73.048 Y143.193 E313.60828
G0 F15000 X73.048 Y142.627
G1 F1588.9 X71.177 Y140.756 E313.69629
G0 F15000 X71.742 Y140.756
G1 F1588.9 X73.048 Y142.061 E313.7577
G0 F15000 X73.048 Y141.496
G1 F1588.9 X72.308 Y140.756 E313.7925
G0 F15000 X72.874 Y140.756
G1 F1588.9 X73.048 Y140.93 E313.80069
G0 F15000 X73.808 Y140.931
;MESH:NONMESH
G0 F300 X73.808 Y140.931 Z8
G0 F15000 X73.436 Y146.924
G0 X71.47 Y153.201
;TIME_ELAPSED:552.921817
;LAYER:39
;note -- min layer time used
;TYPE:WALL-INNER
;MESH:WheelAdapter_v10.stl
G1 F1526.2 X75.512 Y153.196 E313.93513
G1 X75.512 Y140.196 E314.36751
G1 X66.388 Y140.196 E314.67097
G1 X66.388 Y153.196 E315.10335
G1 X70.478 Y153.201 E315.23939
G1 X70.771 Y153.28 E315.24948
G1 X70.974 Y153.41 E315.2575
G1 X71.177 Y153.28 E315.26552
G1 X71.47 Y153.201 E315.27561
G0 F15000 X71.514 Y153.599
G1 F1526.2 X75.912 Y153.596 E315.42189
G1 X75.912 Y139.796 E315.88088
G1 X65.988 Y139.796 E316.21095
G1 X65.988 Y153.596 E316.66994
G1 X70.443 Y153.6 E316.81812
G1 X70.61 Y153.646 E316.82388
G1 X70.765 Y153.745 E316.82999
G1 F1507.3 X70.974 Y154.196 E316.84673
G1 X71.183 Y153.745 E316.86347
G1 F1526.2 X71.338 Y153.646 E316.86959
G1 X71.514 Y153.599 E316.87565
G0 F15000 X70.974 Y154.196
G1 F1492.6 X70.972 Y157.592 E316.99114
G1 F1500 E310.49114
G0 F15000 X71.142 Y153.758
G0 X71.558 Y153.686
G0 X71.558 Y153.997
;TYPE:WALL-OUTER
G1 F1500 E316.99114
G1 F1526.2 X76.312 Y153.996 E317.14926
G1 X76.312 Y139.396 E317.63486
G1 X65.588 Y139.396 E317.99154
G1 X65.588 Y153.996 E318.47714
G1 X70.411 Y154 E318.63755
G1 X70.501 Y154.045 E318.6409
G1 X70.569 Y154.196 E318.64641
G1 X70.568 Y157.996 E318.7728
G1 X71.376 Y157.996 E318.79967
G1 X71.379 Y154.196 E318.92606
G1 X71.447 Y154.045 E318.93157
G1 X71.558 Y153.997 E318.93559
G0 F15000 X71.558 Y153.686
G0 X75.432 Y145.178
;TYPE:FILL
G1 F1526.2 X73.097 Y142.843 E319.04542
G0 F15000 X73.317 Y142.844
G0 X73.317 Y141.553
G0 X73.098 Y141.552
G1 F1526.2 X75.432 Y140.927 E319.12578
G0 F15000 X73.246 Y140.368
G0 X68.666 Y140.368
G0 X68.594 Y142.7
G0 X68.813 Y142.7
G1 F1526.2 X66.468 Y143.329 E319.20654
G0 F15000 X66.468 Y143.571
G1 F1526.2 X67.351 Y140.275 E319.32003
G0 F15000 X68.666 Y146.924
G0 X73.056 Y146.996
G0 X73.056 Y146.736
;TYPE:SKIN
G1 F1526.2 X68.852 Y146.736 E319.45985
G1 X68.852 Y140.556 E319.6654
G1 X73.056 Y140.556 E319.80523
G1 X73.056 Y146.736 E320.01077
G0 F15000 X72.855 Y146.065
G1 F1526.2 X72.384 Y146.537 E320.03295
G0 F15000 X71.818 Y146.537
G1 F1526.2 X72.855 Y145.499 E320.08175
G0 F15000 X72.855 Y144.934
G1 F1526.2 X71.252 Y146.537 E320.15715
G0 F15000 X70.687 Y146.537
G1 F1526.2 X72.855 Y144.368 E320.25915
G0 F15000 X72.855 Y143.802
G1 F1526.2 X70.121 Y146.537 E320.38777
G0 F15000 X69.555 Y146.537
G1 F1526.2 X72.855 Y143.236 E320.54302
G0 F15000 X72.855 Y142.671
G1 F1526.2 X69.053 Y146.474 E320.72188
G0 F15000 X69.053 Y145.908
G1 F1526.2 X72.855 Y142.105 E320.90074
G0 F15000 X72.855 Y141.539
G1 F1526.2 X69.053 Y145.342 E321.07959
G0 F15000 X69.053 Y144.777
G1 F1526.2 X72.855 Y140.974 E321.25845
G0 F15000 X72.507 Y140.756
G1 F1526.2 X69.053 Y144.211 E321.42094
G0 F15000 X69.053 Y143.645
G1 F1526.2 X71.942 Y140.756 E321.55683
G0 F15000 X71.376 Y140.756
G1 F1526.2 X69.053 Y143.08 E321.66612
G0 F15000 X69.053 Y142.514
G1 F1526.2 X70.81 Y140.756 E321.74879
G0 F15000 X70.245 Y140.756
G1 F1526.2 X69.053 Y141.948 E321.80486
G0 F15000 X69.053 Y141.382
G1 F1526.2 X69.679 Y140.756 E321.8343
G0 F15000 X69.113 Y140.756
G1 F1526.2 X69.053 Y140.817 E321.83715
G0 F15000 X68.294 Y140.817
;MESH:NONMESH
G0 F300 X68.294 Y140.817 Z8.2
G0 F15000 X68.666 Y146.924
G0 X75.396 Y153.196
;TIME_ELAPSED:567.252959
;LAYER:40
;note -- min layer time used
;TYPE:WALL-INNER
;MESH:WheelAdapter_v10.stl
G1 F1340.8 X75.396 Y140.196 E322.26953
G1 X66.5 Y140.196 E322.56541
G1 X66.5 Y153.196 E322.99779
G1 X75.396 Y153.196 E323.29368
G0 F15000 X75.796 Y153.596
G1 F1340.8 X75.796 Y139.796 E323.75267
G1 X66.1 Y139.796 E324.07516
G1 X66.1 Y153.596 E324.53415
G1 X75.796 Y153.596 E324.85664
G0 F15000 X76.196 Y153.996
;TYPE:WALL-OUTER
G1 F1340.8 X76.196 Y139.396 E325.34223
G1 X65.7 Y139.396 E325.69133
G1 X65.7 Y153.996 E326.17693
G1 X76.196 Y153.996 E326.52603
G0 F15000 X75.919 Y153.716
G0 X75.316 Y144.861
;TYPE:FILL
G1 F1340.8 X72.795 Y142.341 E326.64458
G0 F15000 X72.796 Y141.78
G1 F1340.8 X75.316 Y141.105 E326.73135
G0 F15000 X72.944 Y140.368
G0 X68.957 Y140.368
G0 X68.885 Y142.769
G0 X69.104 Y142.769
G1 F1340.8 X66.58 Y143.446 E326.81827
G0 F15000 X66.58 Y142.605
G1 F1340.8 X67.204 Y140.275 E326.8985
G0 F15000 X68.957 Y146.924
G0 X72.752 Y146.996
G0 X72.752 Y146.735
;TYPE:SKIN
G1 F1340.8 X69.145 Y146.735 E327.01847
G1 X69.144 Y140.556 E327.22398
G1 X72.755 Y140.556 E327.34408
G1 X72.752 Y146.735 E327.5496
G0 F15000 X72.752 Y146.996
G0 X69.602 Y146.996
G0 X69.602 Y146.535
G1 F1340.8 X69.344 Y146.277 E327.56173
G0 F15000 X69.344 Y145.711
G1 F1340.8 X70.168 Y146.535 E327.60049
G0 F15000 X70.733 Y146.535
G1 F1340.8 X69.344 Y145.146 E327.66583
G0 F15000 X69.344 Y144.58
G1 F1340.8 X71.299 Y146.535 E327.75778
G0 F15000 X71.865 Y146.535
G1 F1340.8 X69.344 Y144.014 E327.87636
G0 F15000 X69.344 Y143.449
G1 F1340.8 X72.43 Y146.535 E328.02152
G0 F15000 X72.553 Y146.092
G1 F1340.8 X69.344 Y142.883 E328.17246
G0 F15000 X69.344 Y142.317
G1 F1340.8 X72.553 Y145.526 E328.3234
G0 F15000 X72.553 Y144.961
G1 F1340.8 X69.344 Y141.752 E328.47434
G0 F15000 X69.344 Y141.186
G1 F1340.8 X72.553 Y144.395 E328.62529
G0 F15000 X72.554 Y143.83
G1 F1340.8 X69.48 Y140.756 E328.76988
G0 F15000 X70.045 Y140.756
G1 F1340.8 X72.554 Y143.265 E328.88789
G0 F15000 X72.555 Y142.7
G1 F1340.8 X70.611 Y140.756 E328.97933
G0 F15000 X71.177 Y140.756
G1 F1340.8 X72.555 Y142.134 E329.04415
G0 F15000 X72.556 Y141.569
G1 F1340.8 X71.742 Y140.756 E329.08241
G0 F15000 X72.308 Y140.756
G1 F1340.8 X72.556 Y141.003 E329.09406
G0 F15000 X73.315 Y141.004
;MESH:NONMESH
G0 F300 X73.315 Y141.004 Z8.4
G0 F15000 X75.28 Y153.196
;TIME_ELAPSED:580.521249
;LAYER:41
;note -- min layer time used
;TYPE:WALL-INNER
;MESH:WheelAdapter_v10.stl
G1 F950.9 X75.28 Y140.196 E329.52644
G1 X66.616 Y140.196 E329.8146
G1 X66.616 Y153.196 E330.24699
G1 X75.28 Y153.196 E330.53515
G0 F15000 X75.68 Y153.596
G1 F950.9 X75.68 Y139.796 E330.99414
G1 X66.216 Y139.796 E331.30892
G1 X66.216 Y153.596 E331.76791
G1 X75.68 Y153.596 E332.08268
G0 F15000 X76.08 Y153.996
;TYPE:WALL-OUTER
G1 F950.9 X76.08 Y139.396 E332.56828
G1 X65.816 Y139.396 E332.90966
G1 X65.816 Y153.996 E333.39526
G1 X76.08 Y153.996 E333.73664
G0 F15000 X75.803 Y153.716
G0 X66.8 Y153.116
;TYPE:FILL
G1 F950.9 X66.696 Y153.012 E333.74153
G0 F15000 X66.696 Y143.561
G1 F950.9 X75.2 Y141.282 E334.03436
G0 F15000 X75.2 Y144.546
G1 F950.9 X70.931 Y140.277 E334.23516
G0 F15000 X67.058 Y140.276
G1 F950.9 X66.696 Y141.627 E334.28168
G0 F15000 X66.829 Y141.627
;MESH:NONMESH
G0 F300 X66.829 Y141.627 Z8.6
G0 F15000 X75.168 Y153.196
;TIME_ELAPSED:591.896296
;LAYER:42
;note -- min layer time used
;TYPE:WALL-INNER
;MESH:WheelAdapter_v10.stl
G1 F933.4 X75.168 Y140.196 E334.71406
G1 X66.732 Y140.196 E334.99464
G1 X66.732 Y153.196 E335.42702
G1 X75.168 Y153.196 E335.7076
G0 F15000 X75.568 Y153.596
G1 F933.4 X75.568 Y139.796 E336.16659
G1 X66.332 Y139.796 E336.47378
G1 X66.332 Y153.596 E336.93277
G1 X75.568 Y153.596 E337.23997
G0 F15000 X75.968 Y153.996
;TYPE:WALL-OUTER
G1 F933.4 X75.968 Y139.396 E337.72556
G1 X65.932 Y139.396 E338.05936
G1 X65.932 Y153.996 E338.54496
G1 X75.968 Y153.996 E338.87876
G0 F15000 X75.688 Y153.716
G0 X67 Y153.116
;TYPE:FILL
G1 F933.4 X66.812 Y152.927 E338.88763
G0 F15000 X66.812 Y143.676
G1 F933.4 X75.087 Y141.459 E339.17256
G0 F15000 X75.088 Y144.234
G1 F933.4 X71.131 Y140.276 E339.35871
G0 F15000 X66.911 Y140.276
G1 F933.4 X66.813 Y140.643 E339.37134
G0 F15000 X66.944 Y140.643
;MESH:NONMESH
G0 F300 X66.944 Y140.643 Z8.8
G0 F15000 X75.052 Y153.196
;TIME_ELAPSED:603.256639
;LAYER:43
;note -- min layer time used
;TYPE:WALL-INNER
;MESH:WheelAdapter_v10.stl
G1 F917.4 X75.052 Y140.196 E339.80372
G1 X66.848 Y140.196 E340.07659
G1 X66.848 Y153.196 E340.50897
G1 X75.052 Y153.196 E340.78184
G0 F15000 X75.452 Y153.596
G1 F917.4 X75.452 Y139.796 E341.24083
G1 X66.448 Y139.796 E341.5403
G1 X66.448 Y153.596 E341.99929
G1 X75.452 Y153.596 E342.29877
G0 F15000 X75.852 Y153.996
;TYPE:WALL-OUTER
G1 F917.4 X75.852 Y139.396 E342.78436
G1 X66.048 Y139.396 E343.11045
G1 X66.048 Y153.996 E343.59604
G1 X75.852 Y153.996 E343.92213
G0 F15000 X75.572 Y153.716
G0 X67.2 Y153.116
;TYPE:FILL
G1 F917.4 X66.928 Y152.844 E343.93492
G0 F15000 X66.928 Y143.791
G1 F917.4 X74.971 Y141.636 E344.21187
G0 F15000 X74.972 Y143.918
G1 F917.4 X71.33 Y140.276 E344.38318
G0 F15000 X71.33 Y140.406
;MESH:NONMESH
G0 F300 X71.33 Y140.406 Z9
G0 F15000 X74.936 Y153.196
;TIME_ELAPSED:614.408656
;LAYER:44
;note -- min layer time used
;TYPE:WALL-INNER
;MESH:WheelAdapter_v10.stl
G1 F904.5 X74.936 Y140.196 E344.81556
G1 X66.964 Y140.196 E345.08071
G1 X66.964 Y153.196 E345.51309
G1 X74.936 Y153.196 E345.77824
G0 F15000 X75.336 Y153.596
G1 F904.5 X75.336 Y139.796 E346.23723
G1 X66.564 Y139.796 E346.52899
G1 X66.564 Y153.596 E346.98798
G1 X75.336 Y153.596 E347.27974
G0 F15000 X75.736 Y153.996
;TYPE:WALL-OUTER
G1 F904.5 X75.736 Y139.396 E347.76533
G1 X66.164 Y139.396 E348.0837
G1 X66.164 Y153.996 E348.5693
G1 X75.736 Y153.996 E348.88766
G0 F15000 X75.457 Y153.716
G0 X67.399 Y153.116
;TYPE:FILL
G1 F904.5 X67.044 Y152.761 E348.90436
G0 F15000 X67.044 Y143.906
G1 F904.5 X74.856 Y141.813 E349.17335
G0 F15000 X74.856 Y143.603
G1 F904.5 X71.53 Y140.276 E349.32982
G0 F15000 X71.53 Y140.406
;MESH:NONMESH
G0 F300 X71.53 Y140.406 Z9.2
G0 F15000 X74.82 Y153.196
;TIME_ELAPSED:625.542521
;LAYER:45
;note -- min layer time used
;TYPE:WALL-INNER
;MESH:WheelAdapter_v10.stl
G1 F892.2 X74.82 Y140.196 E349.7622
G1 X67.08 Y140.196 E350.01964
G1 X67.08 Y153.196 E350.45202
G1 X74.82 Y153.196 E350.70945
G0 F15000 X75.22 Y153.596
G1 F892.2 X75.22 Y139.796 E351.16844
G1 X66.68 Y139.796 E351.45248
G1 X66.68 Y153.596 E351.91147
G1 X75.22 Y153.596 E352.19551
G0 F15000 X75.62 Y153.996
;TYPE:WALL-OUTER
G1 F892.2 X75.62 Y139.396 E352.68111
G1 X66.28 Y139.396 E352.99176
G1 X66.28 Y153.996 E353.47736
G1 X75.62 Y153.996 E353.78801
G0 F15000 X75.341 Y153.716
G0 X67.6 Y153.116
;TYPE:FILL
G1 F892.2 X67.16 Y152.676 E353.80871
G0 F15000 X67.16 Y144.022
G1 F892.2 X74.74 Y141.991 E354.06971
G0 F15000 X74.74 Y143.286
G1 F892.2 X71.73 Y140.276 E354.21129
G0 F15000 X71.73 Y140.406
;MESH:NONMESH
G0 F300 X71.73 Y140.406 Z9.4
G0 F15000 X74.704 Y153.196
;TIME_ELAPSED:636.649819
;LAYER:46
;note -- min layer time used
;TYPE:WALL-INNER
;MESH:WheelAdapter_v10.stl
G1 F879.9 X74.704 Y140.196 E354.64367
G1 X67.196 Y140.196 E354.89339
G1 X67.196 Y153.196 E355.32577
G1 X74.704 Y153.196 E355.57549
G0 F15000 X75.104 Y153.596
G1 F879.9 X75.104 Y139.796 E356.03448
G1 X66.796 Y139.796 E356.31081
G1 X66.796 Y153.596 E356.7698
G1 X75.104 Y153.596 E357.04612
G0 F15000 X75.504 Y153.996
;TYPE:WALL-OUTER
G1 F879.9 X75.504 Y139.396 E357.53172
G1 X66.396 Y139.396 E357.83465
G1 X66.396 Y153.996 E358.32025
G1 X75.504 Y153.996 E358.62318
G0 F15000 X75.226 Y153.716
G0 X67.799 Y153.115
;TYPE:FILL
G1 F879.9 X67.276 Y152.592 E358.64778
G0 F15000 X67.277 Y144.137
G1 F879.9 X74.624 Y142.168 E358.90077
G0 F15000 X74.624 Y142.97
G1 F879.9 X71.93 Y140.276 E359.02749
G0 F15000 X71.93 Y140.406
;MESH:NONMESH
G0 F300 X71.93 Y140.406 Z9.6
G0 F15000 X74.588 Y153.196
;TIME_ELAPSED:647.727202
;LAYER:47
;note -- min layer time used
;TYPE:WALL-INNER
;MESH:WheelAdapter_v10.stl
G1 F867.6 X74.588 Y140.196 E359.45987
G1 X67.312 Y140.196 E359.70187
G1 X67.312 Y153.196 E360.13425
G1 X74.588 Y153.196 E360.37625
G0 F15000 X74.988 Y153.596
G1 F867.6 X74.988 Y139.796 E360.83524
G1 X66.912 Y139.796 E361.10385
G1 X66.912 Y153.596 E361.56284
G1 X74.988 Y153.596 E361.83145
G0 F15000 X75.388 Y153.996
;TYPE:WALL-OUTER
G1 F867.6 X75.388 Y139.396 E362.31705
G1 X66.512 Y139.396 E362.61226
G1 X66.512 Y153.996 E363.09786
G1 X75.388 Y153.996 E363.39308
G0 F15000 X75.11 Y153.716
G0 X68 Y153.115
;TYPE:FILL
G1 F867.6 X67.392 Y152.507 E363.42168
G0 F15000 X67.393 Y144.253
G1 F867.6 X74.508 Y142.346 E363.66668
G0 F15000 X74.508 Y142.653
G1 F867.6 X72.131 Y140.276 E363.77848
G0 F15000 X72.131 Y140.406
;MESH:NONMESH
G0 F300 X72.131 Y140.406 Z9.8
G0 F15000 X74.472 Y153.196
;TIME_ELAPSED:658.767315
;LAYER:48
;note -- min layer time used
;TYPE:WALL-INNER
;MESH:WheelAdapter_v10.stl
G1 F856.7 X74.472 Y140.196 E364.21086
G1 X67.424 Y140.196 E364.44528
G1 X67.424 Y153.196 E364.87766
G1 X74.472 Y153.196 E365.11208
G0 F15000 X74.872 Y153.596
G1 F856.7 X74.872 Y139.796 E365.57107
G1 X67.024 Y139.796 E365.8321
G1 X67.024 Y153.596 E366.29109
G1 X74.872 Y153.596 E366.55211
G0 F15000 X75.272 Y153.996
;TYPE:WALL-OUTER
G1 F856.7 X75.272 Y139.396 E367.03771
G1 X66.624 Y139.396 E367.32534
G1 X66.624 Y153.996 E367.81094
G1 X75.272 Y153.996 E368.09857
G0 F15000 X74.995 Y153.716
G0 X68.199 Y153.115
;TYPE:FILL
G1 F856.7 X67.504 Y152.42 E368.13127
G0 F15000 X67.505 Y144.369
G1 F856.7 X74.392 Y142.523 E368.36841
G1 X74.392 Y142.338
G1 X72.331 Y140.277 E368.46536
G0 F15000 X72.331 Y140.406
;MESH:NONMESH
G0 F300 X72.331 Y140.406 Z10
G0 F15000 X74.356 Y153.196
;TIME_ELAPSED:669.752463
;LAYER:49
;note -- min layer time used
;TYPE:WALL-INNER
;MESH:WheelAdapter_v10.stl
G1 F843.7 X74.356 Y140.196 E368.89774
G1 X67.54 Y140.196 E369.12444
G1 X67.54 Y153.196 E369.55682
G1 X74.356 Y153.196 E369.78352
G0 F15000 X74.756 Y153.596
G1 F843.7 X74.756 Y139.796 E370.24251
G1 X67.14 Y139.796 E370.49582
G1 X67.14 Y153.596 E370.95481
G1 X74.756 Y153.596 E371.20812
G0 F15000 X75.156 Y153.996
;TYPE:WALL-OUTER
G1 F843.7 X75.156 Y139.396 E371.69372
G1 X66.74 Y139.396 E371.97364
G1 X66.74 Y153.996 E372.45923
G1 X75.156 Y153.996 E372.73915
G0 F15000 X74.879 Y153.716
G0 X68.4 Y153.115
;TYPE:FILL
G1 F843.7 X67.62 Y152.336 E372.77582
G0 F15000 X67.621 Y144.485
G1 F843.7 X74.276 Y142.701 E373.00498
G0 F15000 X74.276 Y142.021
G1 F843.7 X72.531 Y140.277 E373.08703
G0 F15000 X72.531 Y140.406
;MESH:NONMESH
G0 F300 X72.531 Y140.406 Z10.2
G0 F15000 X74.244 Y153.196
;TIME_ELAPSED:680.789910
;LAYER:50
;note -- min layer time used
;TYPE:WALL-INNER
;MESH:WheelAdapter_v10.stl
G1 F832 X74.244 Y140.196 E373.51942
G1 X67.656 Y140.196 E373.73853
G1 X67.656 Y153.196 E374.17092
G1 X74.244 Y153.196 E374.39003
G0 F15000 X74.644 Y153.596
G1 F832 X74.644 Y139.796 E374.84902
G1 X67.256 Y139.796 E375.09475
G1 X67.256 Y153.596 E375.55374
G1 X74.644 Y153.596 E375.79946
G0 F15000 X75.044 Y153.996
;TYPE:WALL-OUTER
G1 F832 X75.044 Y139.396 E376.28506
G1 X66.856 Y139.396 E376.5574
G1 X66.856 Y153.996 E377.04299
G1 X75.044 Y153.996 E377.31533
G0 F15000 X74.764 Y153.716
G0 X68.599 Y153.115
;TYPE:FILL
G1 F832 X67.736 Y152.252 E377.35592
G0 F15000 X67.737 Y144.599
G1 F832 X74.163 Y142.878 E377.57718
G0 F15000 X74.164 Y141.71
G1 F832 X72.731 Y140.277 E377.64459
G0 F15000 X72.731 Y140.406
;MESH:NONMESH
G0 F300 X72.731 Y140.406 Z10.4
G0 F15000 X74.128 Y153.196
;TIME_ELAPSED:691.835792
;LAYER:51
;note -- min layer time used
;TYPE:WALL-INNER
;MESH:WheelAdapter_v10.stl
G1 F820.1 X74.128 Y140.196 E378.07697
G1 X67.772 Y140.196 E378.28837
G1 X67.772 Y153.196 E378.72075
G1 X74.128 Y153.196 E378.93215
G0 F15000 X74.528 Y153.596
G1 F820.1 X74.528 Y139.796 E379.39114
G1 X67.372 Y139.796 E379.62915
G1 X67.372 Y153.596 E380.08814
G1 X74.528 Y153.596 E380.32615
G0 F15000 X74.928 Y153.996
;TYPE:WALL-OUTER
G1 F820.1 X74.928 Y139.396 E380.81175
G1 X66.972 Y139.396 E381.07637
G1 X66.972 Y153.996 E381.56197
G1 X74.928 Y153.996 E381.82658
G0 F15000 X74.648 Y153.716
G0 X68.799 Y153.116
;TYPE:FILL
G1 F820.1 X67.852 Y152.169 E381.87113
G0 F15000 X67.853 Y144.714
G1 F820.1 X74.047 Y143.055 E382.0844
G0 F15000 X74.048 Y141.394
G1 F820.1 X72.93 Y140.277 E382.13697
G0 F15000 X72.93 Y140.406
;MESH:NONMESH
G0 F300 X72.93 Y140.406 Z10.6
G0 F15000 X74.012 Y153.196
;TIME_ELAPSED:702.886291
;LAYER:52
;note -- min layer time used
;TYPE:WALL-INNER
;MESH:WheelAdapter_v10.stl
G1 F808.2 X74.012 Y140.196 E382.56935
G1 X67.888 Y140.196 E382.77303
G1 X67.888 Y153.196 E383.20541
G1 X74.012 Y153.196 E383.4091
G0 F15000 X74.412 Y153.596
G1 F808.2 X74.412 Y139.796 E383.86809
G1 X67.488 Y139.796 E384.09838
G1 X67.488 Y153.596 E384.55737
G1 X74.412 Y153.596 E384.78767
G0 F15000 X74.812 Y153.996
;TYPE:WALL-OUTER
G1 F808.2 X74.812 Y139.396 E385.27326
G1 X67.088 Y139.396 E385.53017
G1 X67.088 Y153.996 E386.01576
G1 X74.812 Y153.996 E386.27266
G0 F15000 X74.533 Y153.716
G0 X69 Y153.116
;TYPE:FILL
G1 F808.2 X67.968 Y152.084 E386.32121
G0 F15000 X67.969 Y144.83
G1 F808.2 X73.931 Y143.233 E386.52649
G0 F15000 X73.932 Y141.078
G1 F808.2 X73.13 Y140.276 E386.56422
G0 F15000 X73.13 Y140.406
;MESH:NONMESH
G0 F300 X73.13 Y140.406 Z10.8
G0 F15000 X73.896 Y153.196
;TIME_ELAPSED:713.939043
;LAYER:53
;note -- min layer time used
;TYPE:WALL-INNER
;MESH:WheelAdapter_v10.stl
G1 F1494.3 X73.896 Y140.196 E386.9966
G1 X68.004 Y140.196 E387.19257
G1 X68.004 Y153.196 E387.62495
G1 X73.896 Y153.196 E387.82092
G0 F15000 X74.296 Y153.596
G1 F1494.3 X74.296 Y139.796 E388.27991
G1 X67.604 Y139.796 E388.50249
G1 X67.604 Y153.596 E388.96148
G1 X74.296 Y153.596 E389.18405
G0 F15000 X74.696 Y153.996
;TYPE:WALL-OUTER
G1 F1494.3 X74.696 Y139.396 E389.66965
G1 X67.204 Y139.396 E389.91883
G1 X67.204 Y153.996 E390.40443
G1 X74.696 Y153.996 E390.65362
G0 F15000 X74.417 Y153.716
G0 X73.2 Y152.996
;TYPE:FILL
G1 F1494.3 X73.2 Y143.574 E390.96699
G1 X73.2 Y140.396 E391.0727
G1 X73.33 Y140.276
G1 X73.816 Y140.762 E391.09556
G0 F15000 X72.4 Y140.396
G1 F1494.3 X72.4 Y143.789 E391.20841
G0 F15000 X72 Y143.896
G1 F1494.3 X72 Y152.996 E391.51107
G0 F15000 X71.6 Y152.996
G1 F1494.3 X71.6 Y144.003 E391.81018
G0 F15000 X71.2 Y144.11
G1 F1494.3 X71.2 Y140.396 E391.93371
G0 F15000 X70.8 Y140.396
G1 F1494.3 X70.8 Y144.218 E392.06083
G1 X70.8 Y152.996 E392.35279
G0 F15000 X70.4 Y152.996
G1 F1494.3 X70.4 Y144.325 E392.64119
G1 X70.4 Y140.396 E392.77187
G0 F15000 X69.6 Y140.396
G1 F1494.3 X69.6 Y144.539 E392.90966
G0 F15000 X70 Y144.432
G1 F1494.3 X70 Y152.996 E393.1945
G0 F15000 X69.2 Y152.996
G1 F1494.3 X69.2 Y144.647 E393.47219
G1 X69.2 Y140.396 E393.61358
G0 F15000 X68.8 Y140.396
G1 F1494.3 X68.8 Y144.754 E393.75853
G1 X68.085 Y144.945 E393.78314
G0 F15000 X72 Y143.896
G1 F1494.3 X72 Y140.396 E393.89955
G0 F15000 X72.8 Y143.682
G1 F1494.3 X72.8 Y152.996 E394.20934
G0 F15000 X69.2 Y153.116
G1 F1494.3 X68.8 Y152.715 E394.22818
G1 X68.8 Y144.754 E394.49296
G1 X73.815 Y143.41 E394.66565
G0 F15000 X68.084 Y152
G1 F1494.3 X68.8 Y152.715 E394.6993
;MESH:NONMESH
G0 F300 X68.8 Y152.715 Z11
G0 F15000 X73.78 Y153.196
;TIME_ELAPSED:726.350753
;LAYER:54
;note -- min layer time used
;TYPE:WALL-INNER
;MESH:WheelAdapter_v10.stl
G1 F1766.6 X73.78 Y140.196 E395.13168
G1 X68.12 Y140.196 E395.31994
G1 X68.12 Y153.196 E395.75232
G1 X73.78 Y153.196 E395.94057
G0 F15000 X74.18 Y153.596
G1 F1766.6 X74.18 Y139.796 E396.39956
G1 X67.72 Y139.796 E396.61442
G1 X67.72 Y153.596 E397.07341
G1 X74.18 Y153.596 E397.28827
G0 F15000 X74.58 Y153.996
;TYPE:WALL-OUTER
G1 F1766.6 X74.58 Y139.396 E397.77387
G1 X67.32 Y139.396 E398.01534
G1 X67.32 Y153.996 E398.50093
G1 X74.58 Y153.996 E398.7424
G0 F15000 X74.302 Y153.716
G0 X73.68 Y152.836
G0 X73.42 Y152.836
;TYPE:SKIN
G1 F1766.6 X68.48 Y152.836 E398.90671
G1 X68.48 Y140.556 E399.31514
G1 X73.42 Y140.556 E399.47945
G1 X73.42 Y152.836 E399.88788
G0 F15000 X73.68 Y152.836
G0 X68.292 Y153.024
G0 X68.22 Y152.401
G0 X68.68 Y152.401
G1 F1766.6 X68.915 Y152.636 E399.89894
G0 F15000 X69.48 Y152.636
G1 F1766.6 X68.68 Y151.836 E399.93657
G0 F15000 X68.68 Y151.27
G1 F1766.6 X70.046 Y152.636 E400.00082
G0 F15000 X70.612 Y152.636
G1 F1766.6 X68.68 Y150.704 E400.09169
G0 F15000 X68.68 Y150.139
G1 F1766.6 X71.177 Y152.636 E400.20914
G0 F15000 X71.743 Y152.636
G1 F1766.6 X68.68 Y149.573 E400.35322
G0 F15000 X68.68 Y149.007
G1 F1766.6 X72.309 Y152.636 E400.52392
G0 F15000 X72.874 Y152.636
G1 F1766.6 X68.68 Y148.442 E400.72119
G0 F15000 X68.68 Y147.876
G1 F1766.6 X73.22 Y152.416 E400.93474
G0 F15000 X73.22 Y151.85
G1 F1766.6 X68.68 Y147.31 E401.14828
G0 F15000 X68.68 Y146.744
G1 F1766.6 X73.22 Y151.285 E401.36186
G0 F15000 X73.22 Y150.719
G1 F1766.6 X68.68 Y146.179 E401.5754
G0 F15000 X68.68 Y145.613
G1 F1766.6 X73.22 Y150.153 E401.78895
G0 F15000 X73.22 Y149.588
G1 F1766.6 X68.68 Y145.047 E402.00252
G0 F15000 X68.68 Y144.482
G1 F1766.6 X73.22 Y149.022 E402.21607
G0 F15000 X73.22 Y148.456
G1 F1766.6 X68.68 Y143.916 E402.42962
G0 F15000 X68.68 Y143.35
G1 F1766.6 X73.22 Y147.891 E402.64319
G0 F15000 X73.22 Y147.325
G1 F1766.6 X68.68 Y142.785 E402.85674
G0 F15000 X68.68 Y142.219
G1 F1766.6 X73.22 Y146.759 E403.07028
G0 F15000 X73.22 Y146.194
G1 F1766.6 X68.68 Y141.653 E403.28385
G0 F15000 X68.68 Y141.088
G1 F1766.6 X73.22 Y145.628 E403.4974
G0 F15000 X73.22 Y145.062
G1 F1766.6 X68.914 Y140.756 E403.69994
G0 F15000 X69.48 Y140.756
G1 F1766.6 X73.22 Y144.497 E403.87589
G0 F15000 X73.22 Y143.931
G1 F1766.6 X70.045 Y140.756 E404.02523
G0 F15000 X70.611 Y140.756
G1 F1766.6 X73.22 Y143.365 E404.14795
G0 F15000 X73.22 Y142.8
G1 F1766.6 X71.177 Y140.756 E404.24407
G0 F15000 X71.742 Y140.756
G1 F1766.6 X73.22 Y142.234 E404.31359
G0 F15000 X73.22 Y141.668
G1 F1766.6 X72.308 Y140.756 E404.35649
G0 F15000 X72.874 Y140.756
G1 F1766.6 X73.22 Y141.102 E404.37276
;MESH:NONMESH
G0 F300 X73.22 Y141.102 Z11.2
G0 F15000 X73.68 Y141.102
G0 X73.664 Y153.196
;TIME_ELAPSED:740.265609
;LAYER:55
;note -- min layer time used
;TYPE:WALL-INNER
;MESH:WheelAdapter_v10.stl
G1 F1714.4 X73.664 Y140.196 E404.80514
G1 X68.232 Y140.196 E404.98581
G1 X68.232 Y153.196 E405.41819
G1 X73.664 Y153.196 E405.59886
G0 F15000 X74.064 Y153.596
G1 F1714.4 X74.064 Y139.796 E406.05785
G1 X67.832 Y139.796 E406.26513
G1 X67.832 Y153.596 E406.72412
G1 X74.064 Y153.596 E406.9314
G0 F15000 X74.464 Y153.996
;TYPE:WALL-OUTER
G1 F1714.4 X74.464 Y139.396 E407.41699
G1 X67.432 Y139.396 E407.65088
G1 X67.432 Y153.996 E408.13648
G1 X74.464 Y153.996 E408.37036
G0 F15000 X74.187 Y153.716
G0 X73.564 Y152.836
G0 X73.304 Y152.836
;TYPE:SKIN
G1 F1714.4 X68.592 Y152.836 E408.52708
G1 X68.592 Y140.556 E408.93552
G1 X73.304 Y140.556 E409.09224
G1 X73.304 Y152.836 E409.50067
G0 F15000 X72.507 Y152.636
G1 F1714.4 X73.104 Y152.039 E409.52876
G0 F15000 X73.104 Y151.474
G1 F1714.4 X71.941 Y152.636 E409.58344
G0 F15000 X71.375 Y152.636
G1 F1714.4 X73.104 Y150.908 E409.66474
G0 F15000 X73.104 Y150.342
G1 F1714.4 X70.81 Y152.636 E409.77264
G0 F15000 X70.244 Y152.636
G1 F1714.4 X73.104 Y149.777 E409.90714
G0 F15000 X73.104 Y149.211
G1 F1714.4 X69.678 Y152.636 E410.06827
G0 F15000 X69.113 Y152.636
G1 F1714.4 X73.104 Y148.645 E410.25599
G0 F15000 X73.104 Y148.079
G1 F1714.4 X68.792 Y152.391 E410.45882
G0 F15000 X68.792 Y151.825
G1 F1714.4 X73.104 Y147.514 E410.66162
G0 F15000 X73.104 Y146.948
G1 F1714.4 X68.792 Y151.259 E410.86442
G0 F15000 X68.792 Y150.694
G1 F1714.4 X73.104 Y146.382 E411.06724
G0 F15000 X73.104 Y145.817
G1 F1714.4 X68.792 Y150.128 E411.27004
G0 F15000 X68.792 Y149.562
G1 F1714.4 X73.104 Y145.251 E411.47284
G0 F15000 X73.104 Y144.685
G1 F1714.4 X68.792 Y148.997 E411.67566
G0 F15000 X68.792 Y148.431
G1 F1714.4 X73.104 Y144.12 E411.87846
G0 F15000 X73.104 Y143.554
G1 F1714.4 X68.792 Y147.865 E412.08126
G0 F15000 X68.792 Y147.3
G1 F1714.4 X73.104 Y142.988 E412.28409
G0 F15000 X73.104 Y142.423
G1 F1714.4 X68.792 Y146.734 E412.48688
G0 F15000 X68.792 Y146.168
G1 F1714.4 X73.104 Y141.857 E412.68968
G0 F15000 X73.104 Y141.291
G1 F1714.4 X68.792 Y145.602 E412.89248
G0 F15000 X68.792 Y145.037
G1 F1714.4 X73.073 Y140.756 E413.09385
G0 F15000 X72.507 Y140.756
G1 F1714.4 X68.792 Y144.471 E413.26859
G0 F15000 X68.792 Y143.905
G1 F1714.4 X71.942 Y140.756 E413.41673
G0 F15000 X71.376 Y140.756
G1 F1714.4 X68.792 Y143.34 E413.53828
G0 F15000 X68.792 Y142.774
G1 F1714.4 X70.81 Y140.756 E413.6332
G0 F15000 X70.245 Y140.756
G1 F1714.4 X68.792 Y142.208 E413.70152
G0 F15000 X68.792 Y141.643
G1 F1714.4 X69.679 Y140.756 E413.74324
G0 F15000 X69.113 Y140.756
G1 F1714.4 X68.792 Y141.077 E413.75834
;MESH:NONMESH
G0 F300 X68.792 Y141.077 Z11.4
G0 F15000 X68.332 Y141.077
G0 X68.404 Y153.024
G0 X73.548 Y153.196
;TIME_ELAPSED:753.966613
;LAYER:56
;note -- min layer time used
;TYPE:WALL-INNER
;MESH:WheelAdapter_v10.stl
G1 F1664.9 X73.548 Y140.196 E414.19072
G1 X68.348 Y140.196 E414.36367
G1 X68.348 Y153.196 E414.79606
G1 X73.548 Y153.196 E414.96901
G0 F15000 X73.948 Y153.596
G1 F1664.9 X73.948 Y139.796 E415.428
G1 X67.948 Y139.796 E415.62756
G1 X67.948 Y153.596 E416.08655
G1 X73.948 Y153.596 E416.28611
G0 F15000 X74.348 Y153.996
;TYPE:WALL-OUTER
G1 F1664.9 X74.348 Y139.396 E416.77171
G1 X67.548 Y139.396 E416.99788
G1 X67.548 Y153.996 E417.48348
G1 X74.348 Y153.996 E417.70964
G0 F15000 X74.071 Y153.716
G0 X73.448 Y152.836
G0 X73.188 Y152.836
;TYPE:SKIN
G1 F1664.9 X68.708 Y152.836 E417.85865
G1 X68.708 Y140.556 E418.26708
G1 X73.188 Y140.556 E418.41609
G1 X73.188 Y152.836 E418.82452
G0 F15000 X73.448 Y152.836
G0 X69.48 Y153.096
G0 X69.48 Y152.636
G1 F1664.9 X68.908 Y152.063 E418.85145
G0 F15000 X68.908 Y151.498
G1 F1664.9 X70.046 Y152.636 E418.90498
G0 F15000 X70.612 Y152.636
G1 F1664.9 X68.908 Y150.932 E418.98513
G0 F15000 X68.908 Y150.366
G1 F1664.9 X71.177 Y152.636 E419.09188
G0 F15000 X71.743 Y152.636
G1 F1664.9 X68.908 Y149.801 E419.22523
G0 F15000 X68.908 Y149.235
G1 F1664.9 X72.309 Y152.636 E419.3852
G0 F15000 X72.874 Y152.636
G1 F1664.9 X68.908 Y148.669 E419.57178
G0 F15000 X68.908 Y148.104
G1 F1664.9 X72.988 Y152.184 E419.76369
G0 F15000 X72.988 Y151.619
G1 F1664.9 X68.908 Y147.538 E419.95562
G0 F15000 X68.908 Y146.972
G1 F1664.9 X72.988 Y151.053 E420.14756
G0 F15000 X72.988 Y150.487
G1 F1664.9 X68.908 Y146.406 E420.33949
G0 F15000 X68.908 Y145.841
G1 F1664.9 X72.988 Y149.921 E420.5314
G0 F15000 X72.988 Y149.356
G1 F1664.9 X68.908 Y145.275 E420.72333
G0 F15000 X68.908 Y144.709
G1 F1664.9 X72.988 Y148.79 E420.91527
G0 F15000 X72.988 Y148.224
G1 F1664.9 X68.908 Y144.144 E421.10718
G0 F15000 X68.908 Y143.578
G1 F1664.9 X72.988 Y147.659 E421.29911
G0 F15000 X72.988 Y147.093
G1 F1664.9 X68.908 Y143.012 E421.49105
G0 F15000 X68.908 Y142.447
G1 F1664.9 X72.988 Y146.527 E421.68296
G0 F15000 X72.988 Y145.962
G1 F1664.9 X68.908 Y141.881 E421.87489
G0 F15000 X68.908 Y141.315
G1 F1664.9 X72.988 Y145.396 E422.06683
G0 F15000 X72.988 Y144.83
G1 F1664.9 X68.914 Y140.756 E422.25846
G0 F15000 X69.48 Y140.756
G1 F1664.9 X72.988 Y144.265 E422.42348
G0 F15000 X72.988 Y143.699
G1 F1664.9 X70.045 Y140.756 E422.56191
G0 F15000 X70.611 Y140.756
G1 F1664.9 X72.988 Y143.133 E422.67372
G0 F15000 X72.988 Y142.568
G1 F1664.9 X71.177 Y140.756 E422.75893
G0 F15000 X71.742 Y140.756
G1 F1664.9 X72.988 Y142.002 E422.81754
G0 F15000 X72.988 Y141.436
G1 F1664.9 X72.308 Y140.756 E422.84952
G0 F15000 X72.874 Y140.756
G1 F1664.9 X72.988 Y140.871 E422.85491
;MESH:NONMESH
G0 F300 X72.988 Y140.871 Z11.6
G0 F15000 X73.448 Y140.871
G0 X73.436 Y153.196
;TIME_ELAPSED:767.564504
;LAYER:57
;note -- min layer time used
;TYPE:WALL-INNER
;MESH:WheelAdapter_v10.stl
G1 F1609.3 X73.436 Y140.196 E423.28729
G1 X68.464 Y140.196 E423.45266
G1 X68.464 Y153.196 E423.88504
G1 X73.436 Y153.196 E424.05041
G0 F15000 X73.836 Y153.596
G1 F1609.3 X73.836 Y139.796 E424.5094
G1 X68.064 Y139.796 E424.70138
G1 X68.064 Y153.596 E425.16037
G1 X73.836 Y153.596 E425.35234
G0 F15000 X74.236 Y153.996
;TYPE:WALL-OUTER
G1 F1609.3 X74.236 Y139.396 E425.83794
G1 X67.664 Y139.396 E426.05653
G1 X67.664 Y153.996 E426.54213
G1 X74.236 Y153.996 E426.76071
G0 F15000 X73.956 Y153.716
G0 X73.336 Y152.836
G0 X73.076 Y152.836
;TYPE:SKIN
G1 F1609.3 X68.824 Y152.836 E426.90213
G1 X68.824 Y140.556 E427.31057
G1 X73.076 Y140.556 E427.45199
G1 X73.076 Y152.836 E427.86042
G0 F15000 X72.507 Y152.636
G1 F1609.3 X72.876 Y152.267 E427.87778
G0 F15000 X72.876 Y151.701
G1 F1609.3 X71.941 Y152.636 E427.92176
G0 F15000 X71.375 Y152.636
G1 F1609.3 X72.876 Y151.136 E427.99234
G0 F15000 X72.876 Y150.57
G1 F1609.3 X70.81 Y152.636 E428.08952
G0 F15000 X70.244 Y152.636
G1 F1609.3 X72.876 Y150.004 E428.21332
G0 F15000 X72.876 Y149.439
G1 F1609.3 X69.678 Y152.636 E428.36372
G0 F15000 X69.113 Y152.636
G1 F1609.3 X72.876 Y148.873 E428.54072
G0 F15000 X72.876 Y148.307
G1 F1609.3 X69.024 Y152.159 E428.72191
G0 F15000 X69.024 Y151.593
G1 F1609.3 X72.876 Y147.741 E428.90309
G0 F15000 X72.876 Y147.176
G1 F1609.3 X69.024 Y151.027 E429.08426
G0 F15000 X69.024 Y150.462
G1 F1609.3 X72.876 Y146.61 E429.26544
G0 F15000 X72.876 Y146.044
G1 F1609.3 X69.024 Y149.896 E429.44663
G0 F15000 X69.024 Y149.33
G1 F1609.3 X72.876 Y145.479 E429.62779
G0 F15000 X72.876 Y144.913
G1 F1609.3 X69.024 Y148.765 E429.80898
G0 F15000 X69.024 Y148.199
G1 F1609.3 X72.876 Y144.347 E429.99016
G0 F15000 X72.876 Y143.782
G1 F1609.3 X69.024 Y147.633 E430.17133
G0 F15000 X69.024 Y147.068
G1 F1609.3 X72.876 Y143.216 E430.35251
G0 F15000 X72.876 Y142.65
G1 F1609.3 X69.024 Y146.502 E430.5337
G0 F15000 X69.024 Y145.936
G1 F1609.3 X72.876 Y142.085 E430.71486
G0 F15000 X72.876 Y141.519
G1 F1609.3 X69.024 Y145.371 E430.89605
G0 F15000 X69.024 Y144.805
G1 F1609.3 X72.876 Y140.953 E431.07723
G0 F15000 X72.507 Y140.756
G1 F1609.3 X69.024 Y144.239 E431.24106
G0 F15000 X69.024 Y143.673
G1 F1609.3 X71.942 Y140.756 E431.37829
G0 F15000 X71.376 Y140.756
G1 F1609.3 X69.024 Y143.108 E431.48892
G0 F15000 X69.024 Y142.542
G1 F1609.3 X70.81 Y140.756 E431.57293
G0 F15000 X70.245 Y140.756
G1 F1609.3 X69.024 Y141.976 E431.63034
G0 F15000 X69.024 Y141.411
G1 F1609.3 X69.679 Y140.756 E431.66115
G0 F15000 X69.113 Y140.756
G1 F1609.3 X69.024 Y140.845 E431.66534
;TIME_ELAPSED:780.519606
G1 F1500 E425.16534
M140 S0
M107
G91 ;Relative positioning
G1 E-2 F2700 ;Retract a bit
G1 E-2 Z0.2 F2400 ;Retract and raise Z
G1 X5 Y5 F3000 ;Wipe out
G1 Z10 ;Raise Z more
G90 ;Absolute positioning

G1 X0 Y220 ;Present print
M106 S0 ;Turn-off fan
M104 S0 ;Turn-off hotend
M140 S0 ;Turn-off bed

M84 X Y E ;Disable all steppers but Z

M82 ;absolute extrusion mode
M104 S0
;End of Gcode
;SETTING_3 {"global_quality": "[general]\\nversion = 4\\nname = StandardQualityC
;SETTING_3 ustom\\ndefinition = creality_ender3pro\\n\\n[metadata]\\ntype = qual
;SETTING_3 ity_changes\\nquality_type = standard\\nsetting_version = 25\\n\\n[va
;SETTING_3 lues]\\nadhesion_type = skirt\\nmaterial_bed_temperature = 65\\nmater
;SETTING_3 ial_bed_temperature_layer_0 = 50\\nsupport_enable = True\\nsupport_st
;SETTING_3 ructure = tree\\nsupport_type = buildplate\\n\\n", "extruder_quality"
;SETTING_3 : ["[general]\\nversion = 4\\nname = StandardQualityCustom\\ndefiniti
;SETTING_3 on = creality_ender3pro\\n\\n[metadata]\\ntype = quality_changes\\nqu
;SETTING_3 ality_type = standard\\nintent_category = default\\nposition = 0\\nse
;SETTING_3 tting_version = 25\\n\\n[values]\\ninfill_sparse_density = 10\\nmater
;SETTING_3 ial_print_temperature = 205\\nspeed_print = 100\\nsupport_angle = 55\
;SETTING_3 \nwall_line_count = 3\\nxy_offset_layer_0 = -0.1\\nz_seam_corner = z_
;SETTING_3 seam_corner_inner\\nz_seam_type = sharpest_corner\\n\\n"]}
