;FLAVOR:Marlin
;TIME:1050
;Filament used: 0.464074m
;Layer height: 0.2
;MINX:98.2
;MINY:14.395
;MINZ:0.2
;MAXX:127.056
;MAXY:41.4
;MAXZ:19
;TARGET_MACHINE.NAME:Creality Ender-3 Pro
;Generated with Cura_SteamEngine 5.10.0
START_PRINT BED_TEMP=50 EXTRUDER_TEMP=205
M82 ;absolute extrusion mode
G92 E0
G92 E0
G1 F1500 E-6.5
;LAYER_COUNT:95
;LAYER:0
M107
G0 F6000 X98.2 Y26.788 Z0.2
;TYPE:SKIRT
G1 F1500 E0
G1 F1200 X98.855 Y24.765 E0.07072
G1 X103.054 Y17.488 E0.35016
G1 X104.396 Y16.105 E0.41426
G1 X106.391 Y14.854 E0.49258
G1 X108.52 Y14.395 E0.56501
G1 X116.805 Y14.395 E0.84058
G1 X118.735 Y14.88 E0.90676
G1 X120.852 Y16.018 E0.9867
G1 X122.247 Y17.568 E1.05606
G1 X126.397 Y24.759 E1.33221
G1 X126.957 Y26.707 E1.39962
G1 X127.056 Y29.006 E1.47616
G1 X126.401 Y31.029 E1.54688
G1 X122.202 Y38.307 E1.82635
G1 X120.86 Y39.69 E1.89044
G1 X118.865 Y40.941 E1.96876
G1 X116.736 Y41.4 E2.0412
G1 X108.451 Y41.4 E2.31676
G1 X106.521 Y40.915 E2.38295
G1 X104.404 Y39.777 E2.46289
G1 X103.009 Y38.227 E2.53225
G1 X98.859 Y31.035 E2.80842
G1 X98.299 Y29.087 E2.87584
G1 X98.2 Y26.788 E2.95237
G0 F6000 X98.603 Y26.843
G1 F1200 X99.224 Y24.925 E3.01942
G1 X103.374 Y17.733 E3.2956
G1 X104.651 Y16.417 E3.35659
G1 X106.544 Y15.23 E3.4309
G1 X108.562 Y14.795 E3.49957
G1 X116.756 Y14.795 E3.7721
G1 X118.591 Y15.256 E3.83503
G1 X120.6 Y16.336 E3.91089
G1 X121.923 Y17.806 E3.97667
G1 X126.027 Y24.917 E4.24974
G1 X126.559 Y26.768 E4.3138
G1 X126.653 Y28.951 E4.38648
G1 X126.032 Y30.869 E4.45353
G1 X121.882 Y38.062 E4.72973
G1 X120.605 Y39.378 E4.79072
G1 X118.712 Y40.565 E4.86504
G1 X116.694 Y41 E4.9337
G1 X108.5 Y41 E5.20623
G1 X106.665 Y40.539 E5.26916
G1 X104.656 Y39.459 E5.34502
G1 X103.333 Y37.989 E5.4108
G1 X99.229 Y30.877 E5.68391
G1 X98.697 Y29.026 E5.74796
G1 X98.603 Y26.843 E5.82064
G0 F6000 X99.006 Y26.898
G1 F1200 X99.593 Y25.085 E5.88402
G1 X103.694 Y17.978 E6.15693
G1 X104.906 Y16.729 E6.21482
G1 X106.697 Y15.606 E6.28513
G1 X108.604 Y15.195 E6.35001
G1 X116.707 Y15.195 E6.61952
G1 X118.447 Y15.632 E6.67919
G1 X120.348 Y16.654 E6.75097
G1 X121.599 Y18.044 E6.81317
G1 X125.657 Y25.075 E7.08318
G1 X126.161 Y26.829 E7.14388
G1 X126.25 Y28.896 E7.21269
G1 X125.663 Y30.709 E7.27607
G1 X121.562 Y37.817 E7.54901
G1 X120.35 Y39.066 E7.6069
G1 X118.559 Y40.189 E7.67721
G1 X116.652 Y40.6 E7.74209
G1 X108.549 Y40.6 E8.0116
G1 X106.809 Y40.163 E8.07127
G1 X104.908 Y39.141 E8.14305
G1 X103.657 Y37.751 E8.20525
G1 X99.599 Y30.719 E8.47529
G1 X99.095 Y28.965 E8.53598
G1 X99.006 Y26.898 E8.6048
G0 F6000 X99.409 Y26.953
G1 F1200 X99.962 Y25.245 E8.66451
G1 X104.014 Y18.223 E8.93416
G1 X105.159 Y17.043 E8.98884
G1 X106.851 Y15.982 E9.05527
G1 X108.646 Y15.595 E9.11634
G1 X116.657 Y15.595 E9.38279
G1 X118.304 Y16.009 E9.43927
G1 X120.096 Y16.972 E9.50694
G1 X121.275 Y18.282 E9.56555
G1 X125.287 Y25.233 E9.83249
G1 X125.763 Y26.89 E9.88983
G1 X125.847 Y28.841 E9.95478
G1 X125.294 Y30.549 E10.01449
G1 X121.242 Y37.572 E10.28417
G1 X120.097 Y38.752 E10.33886
G1 X118.405 Y39.813 E10.40528
G1 X116.61 Y40.2 E10.46636
G1 X108.599 Y40.2 E10.7328
G1 X106.952 Y39.786 E10.78929
G1 X105.16 Y38.823 E10.85695
G1 X103.981 Y37.513 E10.91557
G1 X99.969 Y30.561 E11.18253
G1 X99.493 Y28.904 E11.23988
G1 X99.409 Y26.953 E11.30483
G0 F6000 X99.812 Y27.008
G1 F1200 X100.331 Y25.405 E11.36087
G1 X104.334 Y18.468 E11.62725
G1 X105.414 Y17.355 E11.67883
G1 X107.004 Y16.358 E11.74125
G1 X108.688 Y15.995 E11.79855
G1 X116.608 Y15.995 E12.06197
G1 X118.16 Y16.385 E12.1152
G1 X119.844 Y17.29 E12.17878
G1 X120.951 Y18.52 E12.23382
G1 X124.916 Y25.39 E12.49764
G1 X125.365 Y26.952 E12.5517
G1 X125.444 Y28.786 E12.61275
G1 X124.925 Y30.389 E12.66879
G1 X120.922 Y37.327 E12.93521
G1 X119.842 Y38.44 E12.98679
G1 X118.252 Y39.437 E13.04921
G1 X116.568 Y39.8 E13.10651
G1 X108.648 Y39.8 E13.36993
G1 X107.096 Y39.41 E13.42315
G1 X105.412 Y38.505 E13.48674
G1 X104.305 Y37.275 E13.54178
G1 X100.34 Y30.404 E13.80563
G1 X99.891 Y28.842 E13.85968
G1 X99.812 Y27.008 E13.92074
G0 F6000 X100.215 Y27.063
G1 F1200 X100.7 Y25.565 E13.97311
G1 X104.654 Y18.713 E14.23623
G1 X105.669 Y17.667 E14.28471
G1 X107.157 Y16.734 E14.34312
G1 X108.73 Y16.395 E14.39664
G1 X116.559 Y16.395 E14.65704
G1 X118.016 Y16.761 E14.707
G1 X119.592 Y17.608 E14.76651
G1 X120.627 Y18.758 E14.81797
G1 X124.546 Y25.548 E15.07872
G1 X124.967 Y27.013 E15.12942
G1 X125.041 Y28.731 E15.18661
G1 X124.556 Y30.229 E15.23898
G1 X120.602 Y37.082 E15.50213
G1 X119.587 Y38.128 E15.55061
G1 X118.099 Y39.061 E15.60903
G1 X116.526 Y39.4 E15.66255
G1 X108.697 Y39.4 E15.92294
G1 X107.24 Y39.034 E15.9729
G1 X105.664 Y38.187 E16.03241
G1 X104.629 Y37.037 E16.08387
G1 X100.71 Y30.246 E16.34465
G1 X100.289 Y28.781 E16.39535
G1 X100.215 Y27.063 E16.45255
G0 F6000 X100.618 Y27.118
G1 F1200 X101.069 Y25.725 E16.50125
G1 X104.974 Y18.958 E16.7611
G1 X105.922 Y17.981 E16.80638
G1 X107.311 Y17.11 E16.86091
G1 X108.772 Y16.795 E16.91062
G1 X116.51 Y16.795 E17.16799
G1 X117.872 Y17.137 E17.21469
G1 X119.34 Y17.926 E17.27013
G1 X120.303 Y18.996 E17.31801
G1 X124.176 Y25.706 E17.57569
G1 X124.569 Y27.074 E17.62303
G1 X124.638 Y28.676 E17.67636
G1 X124.187 Y30.069 E17.72506
G1 X120.282 Y36.837 E17.98495
G1 X119.334 Y37.814 E18.03023
G1 X117.945 Y38.685 E18.08476
G1 X116.484 Y39 E18.13446
G1 X108.746 Y39 E18.39183
G1 X107.384 Y38.658 E18.43854
G1 X105.916 Y37.869 E18.49397
G1 X104.953 Y36.799 E18.54185
G1 X101.08 Y30.088 E18.79956
G1 X100.687 Y28.72 E18.8469
G1 X100.618 Y27.118 E18.90023
G0 F6000 X101.021 Y27.173
G1 F1200 X101.438 Y25.885 E18.94526
G1 X105.294 Y19.203 E19.20186
G1 X106.177 Y18.293 E19.24403
G1 X107.464 Y17.486 E19.29456
G1 X108.814 Y17.195 E19.34049
G1 X116.46 Y17.195 E19.59479
G1 X117.729 Y17.514 E19.63832
G1 X119.088 Y18.244 E19.68962
G1 X119.979 Y19.234 E19.73392
G1 X123.805 Y25.863 E19.98849
G1 X124.171 Y27.136 E20.03255
G1 X124.235 Y28.621 E20.08199
G1 X123.818 Y29.909 E20.12701
G1 X119.962 Y36.592 E20.38364
G1 X119.079 Y37.502 E20.42581
G1 X117.792 Y38.309 E20.47634
G1 X116.442 Y38.6 E20.52227
G1 X108.796 Y38.6 E20.77657
G1 X107.527 Y38.281 E20.82009
G1 X106.168 Y37.551 E20.8714
G1 X105.277 Y36.561 E20.9157
G1 X101.451 Y29.931 E21.1703
G1 X101.085 Y28.658 E21.21436
G1 X101.021 Y27.173 E21.26379
G0 F6000 X101.424 Y27.228
G1 F1200 X101.807 Y26.045 E21.30515
G1 X105.614 Y19.448 E21.55848
G1 X106.432 Y18.605 E21.59755
G1 X107.617 Y17.862 E21.64407
G1 X108.856 Y17.595 E21.68623
G1 X116.411 Y17.595 E21.93751
G1 X117.585 Y17.89 E21.97777
G1 X118.836 Y18.562 E22.025
G1 X119.655 Y19.472 E22.06572
G1 X123.435 Y26.021 E22.31722
G1 X123.773 Y27.197 E22.35792
G1 X123.832 Y28.566 E22.40349
G1 X123.449 Y29.749 E22.44485
G1 X119.642 Y36.347 E22.69821
G1 X118.824 Y37.19 E22.73728
G1 X117.639 Y37.933 E22.7838
G1 X116.4 Y38.2 E22.82595
G1 X108.845 Y38.2 E23.07723
G1 X107.671 Y37.905 E23.1175
G1 X106.42 Y37.233 E23.16473
G1 X105.601 Y36.323 E23.20545
G1 X101.821 Y29.773 E23.45698
G1 X101.483 Y28.597 E23.49767
G1 X101.424 Y27.228 E23.54325
G0 F6000 X101.827 Y27.283
G1 F1200 X102.176 Y26.205 E23.58093
G1 X105.934 Y19.693 E23.831
G1 X106.685 Y18.919 E23.86687
G1 X107.771 Y18.238 E23.90951
G1 X108.898 Y17.995 E23.94785
G1 X116.362 Y17.995 E24.19611
G1 X117.441 Y18.266 E24.23311
G1 X118.584 Y18.88 E24.27626
G1 X119.331 Y19.71 E24.3134
G1 X123.065 Y26.179 E24.56183
G1 X123.375 Y27.258 E24.59917
G1 X123.429 Y28.511 E24.64089
G1 X123.08 Y29.589 E24.67857
G1 X119.322 Y36.102 E24.92867
G1 X118.571 Y36.876 E24.96454
G1 X117.485 Y37.557 E25.00717
G1 X116.358 Y37.8 E25.04552
G1 X108.894 Y37.8 E25.29377
G1 X107.815 Y37.529 E25.33078
G1 X106.672 Y36.915 E25.37393
G1 X105.925 Y36.085 E25.41107
G1 X102.191 Y29.615 E25.65953
G1 X101.881 Y28.536 E25.69687
G1 X101.827 Y27.283 E25.73858
G0 F6000 X102.23 Y27.338
G1 F1200 X102.545 Y26.365 E25.7726
G1 X106.254 Y19.938 E26.0194
G1 X106.94 Y19.231 E26.05217
G1 X107.924 Y18.614 E26.0908
G1 X108.94 Y18.395 E26.12537
G1 X116.313 Y18.395 E26.37059
G1 X117.297 Y18.642 E26.40434
G1 X118.334 Y19.199 E26.44349
G1 X119.005 Y19.945 E26.47686
G1 X122.695 Y26.337 E26.72234
G1 X122.977 Y27.319 E26.75632
G1 X123.026 Y28.456 E26.79417
G1 X122.711 Y29.429 E26.82819
G1 X119.002 Y35.857 E27.07502
G1 X118.316 Y36.564 E27.10779
G1 X117.332 Y37.181 E27.14642
G1 X116.316 Y37.4 E27.18099
G1 X108.943 Y37.4 E27.42621
G1 X107.959 Y37.153 E27.45996
G1 X106.922 Y36.596 E27.49911
G1 X106.251 Y35.85 E27.53248
G1 X102.561 Y29.457 E27.77799
G1 X102.279 Y28.475 E27.81197
G1 X102.23 Y27.338 E27.84982
G0 F6000 X102.633 Y27.393
G1 F1200 X102.914 Y26.525 E27.88017
G1 X106.574 Y20.183 E28.12371
G1 X107.195 Y19.543 E28.15337
G1 X108.077 Y18.99 E28.188
G1 X108.982 Y18.795 E28.21879
G1 X116.264 Y18.795 E28.46099
G1 X117.153 Y19.018 E28.49147
G1 X118.084 Y19.518 E28.52662
G1 X118.679 Y20.18 E28.55622
G1 X122.324 Y26.494 E28.79871
G1 X122.579 Y27.381 E28.82941
G1 X122.623 Y28.401 E28.86336
G1 X122.342 Y29.269 E28.89371
G1 X118.682 Y35.612 E29.13728
G1 X118.061 Y36.252 E29.16694
G1 X117.179 Y36.805 E29.20156
G1 X116.274 Y37 E29.23236
G1 X108.992 Y37 E29.47456
G1 X108.103 Y36.777 E29.50504
G1 X107.172 Y36.277 E29.54019
G1 X106.577 Y35.615 E29.56979
G1 X102.932 Y29.3 E29.81231
G1 X102.677 Y28.413 E29.843
G1 X102.633 Y27.393 E29.87696
G0 F6000 X103.036 Y27.448
G1 F1200 X103.283 Y26.685 E29.90364
G1 X106.894 Y20.428 E30.14391
G1 X107.448 Y19.857 E30.17038
G1 X108.231 Y19.366 E30.20111
G1 X109.024 Y19.195 E30.2281
G1 X116.215 Y19.195 E30.46727
G1 X117.009 Y19.394 E30.4945
G1 X117.832 Y19.836 E30.52557
G1 X118.355 Y20.418 E30.55159
G1 X121.954 Y26.652 E30.79101
G1 X122.181 Y27.442 E30.81835
G1 X122.22 Y28.346 E30.84844
G1 X121.973 Y29.109 E30.87512
G1 X118.362 Y35.367 E31.11542
G1 X117.808 Y35.938 E31.14188
G1 X117.025 Y36.429 E31.17262
G1 X116.232 Y36.6 E31.19961
G1 X109.041 Y36.6 E31.43878
G1 X108.247 Y36.401 E31.466
G1 X107.424 Y35.959 E31.49708
G1 X106.901 Y35.377 E31.5231
G1 X103.302 Y29.142 E31.76255
G1 X103.075 Y28.352 E31.78988
G1 X103.036 Y27.448 E31.81998
G0 F6000 X103.439 Y27.503
G1 F1200 X103.652 Y26.845 E31.84298
G1 X107.214 Y20.673 E32.08
G1 X107.703 Y20.169 E32.10335
G1 X108.384 Y19.742 E32.13009
G1 X109.066 Y19.595 E32.15329
G1 X116.166 Y19.595 E32.38944
G1 X116.865 Y19.77 E32.41341
G1 X117.58 Y20.154 E32.4404
G1 X118.031 Y20.656 E32.46285
G1 X121.584 Y26.81 E32.69919
G1 X121.783 Y27.503 E32.72317
G1 X121.817 Y28.291 E32.74941
G1 X121.604 Y28.949 E32.77241
G1 X118.042 Y35.122 E33.00945
G1 X117.553 Y35.626 E33.03281
G1 X116.872 Y36.053 E33.05955
G1 X116.19 Y36.2 E33.08275
G1 X109.09 Y36.2 E33.3189
G1 X108.391 Y36.025 E33.34286
G1 X107.676 Y35.641 E33.36986
G1 X107.225 Y35.139 E33.3923
G1 X103.672 Y28.984 E33.62868
G1 X103.473 Y28.291 E33.65266
G1 X103.439 Y27.503 E33.67889
G0 F6000 X103.842 Y27.558
G1 F1200 X104.021 Y27.005 E33.69822
G1 X107.534 Y20.918 E33.93198
G1 X107.958 Y20.481 E33.95223
G1 X108.537 Y20.118 E33.97496
G1 X109.108 Y19.995 E33.99438
G1 X116.117 Y19.995 E34.2275
G1 X116.721 Y20.146 E34.24821
G1 X117.328 Y20.472 E34.27113
G1 X117.707 Y20.894 E34.28999
G1 X121.213 Y26.967 E34.52323
G1 X121.385 Y27.565 E34.54392
G1 X121.414 Y28.236 E34.56626
G1 X121.235 Y28.789 E34.58559
G1 X117.722 Y34.877 E34.81937
G1 X117.298 Y35.314 E34.83963
G1 X116.719 Y35.677 E34.86236
G1 X116.148 Y35.8 E34.88178
G1 X109.139 Y35.8 E35.1149
G1 X108.535 Y35.649 E35.13561
G1 X107.928 Y35.323 E35.15853
G1 X107.549 Y34.901 E35.17739
G1 X104.043 Y28.827 E35.41065
G1 X103.871 Y28.229 E35.43135
G1 X103.842 Y27.558 E35.45369
G0 F6000 X104.245 Y27.613
G1 F1200 X104.39 Y27.165 E35.46935
G1 X107.854 Y21.163 E35.69984
G1 X108.213 Y20.793 E35.71698
G1 X108.69 Y20.494 E35.73571
G1 X109.15 Y20.395 E35.75136
G1 X116.068 Y20.395 E35.98145
G1 X116.577 Y20.522 E35.9989
G1 X117.076 Y20.79 E36.01774
G1 X117.383 Y21.132 E36.03303
G1 X120.843 Y27.125 E36.26319
G1 X120.987 Y27.626 E36.28053
G1 X121.011 Y28.181 E36.299
G1 X120.866 Y28.629 E36.31466
G1 X117.402 Y34.632 E36.54518
G1 X117.043 Y35.002 E36.56233
G1 X116.566 Y35.301 E36.58105
G1 X116.106 Y35.4 E36.5967
G1 X109.188 Y35.4 E36.8268
G1 X108.679 Y35.273 E36.84425
G1 X108.18 Y35.005 E36.86308
G1 X107.873 Y34.663 E36.87837
G1 X104.413 Y28.669 E37.10856
G1 X104.269 Y28.168 E37.1259
G1 X104.245 Y27.613 E37.14438
G0 F6000 X104.648 Y27.668
G1 F1200 X104.759 Y27.325 E37.15637
G1 X108.174 Y21.408 E37.38359
G1 X108.468 Y21.105 E37.39764
G1 X108.843 Y20.87 E37.41235
G1 X109.192 Y20.795 E37.42423
G1 X116.019 Y20.795 E37.65129
G1 X116.433 Y20.898 E37.66548
G1 X116.824 Y21.108 E37.68025
G1 X117.059 Y21.37 E37.69195
G1 X120.473 Y27.283 E37.91905
G1 X120.589 Y27.687 E37.93303
G1 X120.608 Y28.126 E37.94764
G1 X120.497 Y28.469 E37.95963
G1 X117.082 Y34.387 E38.18689
G1 X116.788 Y34.69 E38.20093
G1 X116.413 Y34.925 E38.21565
G1 X116.064 Y35 E38.22752
G1 X109.237 Y35 E38.45459
G1 X108.823 Y34.897 E38.46878
G1 X108.432 Y34.687 E38.48354
G1 X108.197 Y34.425 E38.49524
G1 X104.783 Y28.511 E38.72237
G1 X104.667 Y28.107 E38.73635
G1 X104.648 Y27.668 E38.75096
G0 F6000 X105.051 Y27.721
G1 F1200 X105.105 Y27.525 E38.75772
G1 X108.494 Y21.653 E38.98322
G1 X108.721 Y21.419 E38.99406
G1 X108.998 Y21.245 E39.00494
G1 X109.192 Y21.195 E39.01161
G1 X115.97 Y21.195 E39.23704
G1 X116.286 Y21.274 E39.24788
G1 X116.574 Y21.428 E39.25874
G1 X116.713 Y21.57 E39.26535
G1 X120.102 Y27.44 E39.49079
G1 X120.191 Y27.749 E39.50148
G1 X120.205 Y28.073 E39.51227
G1 X120.151 Y28.269 E39.51903
G1 X116.762 Y34.142 E39.74456
G1 X116.535 Y34.376 E39.7554
G1 X116.258 Y34.55 E39.76628
G1 X116.064 Y34.6 E39.77294
G1 X109.286 Y34.6 E39.99838
G1 X108.97 Y34.521 E40.00922
G1 X108.682 Y34.367 E40.02008
G1 X108.543 Y34.225 E40.02669
G1 X105.154 Y28.354 E40.25215
G1 X105.065 Y28.045 E40.26285
G1 X105.051 Y27.721 E40.27364
G0 F6000 X105.84 Y27.851
G1 F1200 X109.162 Y22.095 E40.49468
G1 X109.274 Y21.995 E40.49967
G1 X115.921 Y21.995 E40.72075
G1 X116.063 Y22.042 E40.72573
G1 X119.385 Y27.797 E40.94674
G1 X119.416 Y27.943 E40.9517
G1 X116.094 Y33.7 E41.17277
G1 X115.982 Y33.8 E41.17777
G1 X109.335 Y33.8 E41.39885
G1 X109.193 Y33.753 E41.40382
G1 X105.871 Y27.997 E41.62487
G1 X105.84 Y27.851 E41.62983
G0 F6000 X105.449 Y27.934
G1 F1200 X105.451 Y27.725 E41.63678
G1 X108.816 Y21.895 E41.86067
G1 X109.008 Y21.697 E41.86984
G1 X109.192 Y21.595 E41.87684
G1 X115.921 Y21.595 E42.10065
G1 X116.189 Y21.662 E42.10984
G1 X116.367 Y21.77 E42.11676
G1 X119.731 Y27.597 E42.34055
G1 X119.807 Y27.86 E42.34965
G1 X119.805 Y28.069 E42.3566
G1 X116.44 Y33.9 E42.58052
G1 X116.248 Y34.098 E42.58969
G1 X116.064 Y34.2 E42.59669
G1 X109.335 Y34.2 E42.8205
G1 X109.067 Y34.133 E42.82969
G1 X108.889 Y34.025 E42.83661
G1 X105.525 Y28.197 E43.06042
G1 X105.449 Y27.934 E43.06953
G1 F1500 E36.56953
;MESH:WheelAdapter_v8.stl
G0 F6000 X109.827 Y28.752
G0 X110.698 Y29.648
G0 X111.213 Y30.084
G0 X111.784 Y30.361
G0 X112.382 Y30.491
G0 X113.828 Y30.366
;TYPE:WALL-INNER
G1 F1500 E43.06953
G1 F1200 X113.59 Y30.468 E43.07814
G1 X113.025 Y30.621 E43.09761
G1 X112.36 Y30.643 E43.11974
G1 X111.733 Y30.504 E43.1411
G1 X111.119 Y30.205 E43.16382
G1 X110.613 Y29.782 E43.18575
G1 X110.2 Y29.204 E43.20938
G1 X109.994 Y28.685 E43.22795
G1 X109.93 Y28.43 E43.2367
G1 X109.876 Y27.896 E43.25455
G1 X109.948 Y27.228 E43.27689
G1 X110.192 Y26.601 E43.29927
G1 X110.577 Y26.053 E43.32155
G1 X111.09 Y25.6 E43.34431
G1 X111.739 Y25.288 E43.36826
G1 X112.374 Y25.149 E43.38988
G1 X113.044 Y25.172 E43.41218
G1 X113.59 Y25.324 E43.43103
G1 X113.825 Y25.424 E43.43952
G1 X114.181 Y25.632 E43.45324
G1 X114.538 Y25.986 E43.46996
G1 X114.667 Y26.24 E43.47943
G1 X114.728 Y26.584 E43.49105
G1 X114.729 Y29.204 E43.57819
G1 X114.606 Y29.684 E43.59467
G1 X114.449 Y29.935 E43.60452
G1 X114.188 Y30.154 E43.61585
G1 X113.828 Y30.366 E43.62975
G0 F6000 X114.106 Y29.737
G1 F1200 X113.56 Y30.061 E43.65087
G1 X112.996 Y30.216 E43.67032
G1 X112.403 Y30.243 E43.69006
G1 X111.867 Y30.123 E43.70833
G1 X111.34 Y29.869 E43.72779
G1 X110.906 Y29.504 E43.74665
G1 X110.572 Y29.041 E43.76564
G1 X110.336 Y28.465 E43.78634
G1 X110.276 Y27.896 E43.80537
G1 X110.34 Y27.323 E43.82455
G1 X110.551 Y26.785 E43.84377
G1 X110.878 Y26.319 E43.8627
G1 X111.316 Y25.935 E43.88208
G1 X111.87 Y25.669 E43.90252
G1 X112.41 Y25.55 E43.92091
G1 X112.986 Y25.571 E43.94008
G1 X113.559 Y25.732 E43.95988
G1 X113.979 Y25.978 E43.97607
G1 X114.193 Y26.19 E43.98608
G1 X114.292 Y26.378 E43.99315
G1 X114.328 Y26.584 E44.00011
G1 X114.329 Y29.204 E44.08725
G1 X114.255 Y29.492 E44.09714
G1 X114.106 Y29.737 E44.10668
G1 F1500 E37.60668
G0 F6000 X114.261 Y30.01
G0 X114.076 Y30.452
G0 X114.076 Y32.4
G0 X115.342 Y32.6
G1 F1500 E44.10668
G1 F1200 X118.057 Y27.896 E44.28732
G1 X115.342 Y23.192 E44.46797
G1 X109.91 Y23.192 E44.64864
G1 X107.195 Y27.896 E44.82928
G1 X109.91 Y32.6 E45.00993
G1 X115.342 Y32.6 E45.1906
G0 F6000 X115.573 Y33
G1 F1200 X118.519 Y27.896 E45.3866
G1 X115.573 Y22.792 E45.58261
G1 X109.679 Y22.792 E45.77865
G1 X106.733 Y27.896 E45.97466
G1 X109.679 Y33 E46.17066
G1 X115.573 Y33 E46.3667
G0 F6000 X115.804 Y33.4
;TYPE:WALL-OUTER
G1 F1200 X118.981 Y27.896 E46.57807
G1 X115.804 Y22.392 E46.78944
G1 X109.448 Y22.392 E47.00084
G1 X106.271 Y27.896 E47.21222
G1 X109.448 Y33.4 E47.42359
G1 X115.804 Y33.4 E47.63499
G1 F1500 E41.13499
G0 F6000 X115.633 Y33.104
G0 X113.574 Y32.4
G0 X113.142 Y30.795
G0 X113.422 Y29.677
G1 F1500 E47.63499
G1 F1200 X112.927 Y29.822 E47.65214
G1 X112.416 Y29.836 E47.66915
G1 X112.02 Y29.748 E47.68264
G1 X111.575 Y29.538 E47.699
G1 X111.19 Y29.217 E47.71568
G1 X110.918 Y28.841 E47.73111
G1 X110.728 Y28.364 E47.74819
G1 X110.677 Y27.871 E47.76467
G1 X110.741 Y27.395 E47.78065
G1 X110.914 Y26.96 E47.79622
G1 X111.165 Y26.607 E47.81062
G1 X111.541 Y26.27 E47.82742
G1 X112.024 Y26.044 E47.84515
G1 X112.429 Y25.955 E47.85895
G1 X112.947 Y25.975 E47.87619
G1 X113.421 Y26.115 E47.89263
G1 X113.777 Y26.323 E47.90634
G1 X113.928 Y26.537 E47.91505
G1 X113.929 Y29.204 E48.00376
G1 X113.822 Y29.441 E48.01241
G1 X113.422 Y29.677 E48.02785
G1 F1500 E41.52785
G0 F6000 X113.574 Y29.943
G0 X113.964 Y30.518
G0 X113.964 Y32.4
G0 X115.132 Y32.5
G0 X115.132 Y32.24
;TYPE:SKIN
G1 F1500 E48.02785
G1 F1200 X110.12 Y32.24 E48.19455
G1 X107.611 Y27.896 E48.3614
G1 X110.12 Y23.552 E48.52825
G1 X115.132 Y23.552 E48.69495
G1 X117.64 Y27.896 E48.86178
G1 X115.132 Y32.24 E49.02862
G1 F1500 E42.52862
G0 F6000 X115.132 Y32.5
G0 X113.612 Y32.4
G0 X113.177 Y30.786
G0 X113.612 Y30.565
G0 X113.68 Y30.814
G1 F1500 E49.02862
G1 F1200 X114.002 Y30.681 E49.04021
G1 X114.368 Y30.464 E49.05436
G1 X114.726 Y30.165 E49.06987
G1 X114.926 Y29.846 E49.08239
G1 X115.082 Y29.247 E49.10298
G1 X115.085 Y26.548 E49.19275
G1 X115.005 Y26.119 E49.20727
G1 X114.846 Y25.803 E49.21903
G1 X114.398 Y25.346 E49.24032
G1 X113.992 Y25.102 E49.25607
G1 X113.708 Y24.986 E49.26627
G1 X113.256 Y24.855 E49.28193
G1 X112.965 Y24.806 E49.29174
G1 X112.321 Y24.786 E49.31317
G1 X111.776 Y24.908 E49.33175
G1 X111.473 Y25.015 E49.34243
G1 X111.037 Y25.223 E49.3585
G1 X110.773 Y25.397 E49.36902
G1 X110.431 Y25.698 E49.38417
G1 X110.235 Y25.914 E49.39387
G1 X109.87 Y26.432 E49.41495
G1 X109.653 Y26.987 E49.43477
G1 X109.581 Y27.276 E49.44467
G1 X109.512 Y27.864 E49.46437
G1 X109.568 Y28.46 E49.48428
G1 X109.654 Y28.799 E49.49591
G1 X109.882 Y29.384 E49.51679
G1 X110.338 Y30.017 E49.54274
G1 X110.899 Y30.49 E49.56714
G1 X111.484 Y30.781 E49.58888
G1 X111.752 Y30.877 E49.59834
G1 X112.156 Y30.968 E49.61212
G1 X112.441 Y30.996 E49.62164
G1 X113.079 Y30.974 E49.64288
G1 X113.68 Y30.814 E49.66356
G1 F1500 E43.16356
G0 F6000 X113.612 Y30.565
G0 X112.202 Y30.793
G0 X112.202 Y32.4
G0 X110.67 Y32.5
G0 X110.67 Y32.04
G1 F1500 E49.66356
G1 F1200 X109.639 Y31.009 E49.71206
G0 F6000 X109.24 Y31.239
G0 X108.467 Y29.9
G0 X108.866 Y29.67
G1 F1200 X111.236 Y32.04 E49.82353
G0 F6000 X111.801 Y32.04
G1 F1200 X108.093 Y28.331 E49.99797
G0 F6000 X107.981 Y27.654
G1 F1200 X109.644 Y29.317 E50.07619
G0 F6000 X109.369 Y28.476
G1 F1200 X108.188 Y27.295 E50.13174
G0 F6000 X108.395 Y26.937
G1 F1200 X109.314 Y27.855 E50.17495
G0 F6000 X109.373 Y27.349
G1 F1200 X108.602 Y26.578 E50.21121
G0 F6000 X108.81 Y26.22
G1 F1200 X109.477 Y26.887 E50.24259
G0 F6000 X109.638 Y26.482
G1 F1200 X109.017 Y25.861 E50.2718
G0 F6000 X109.224 Y25.503
G1 F1200 X109.845 Y26.123 E50.30098
G0 F6000 X110.079 Y25.792
G1 F1200 X109.431 Y25.144 E50.33146
G0 F6000 X109.638 Y24.786
G1 F1200 X110.352 Y25.5 E50.36505
G0 F6000 X110.657 Y25.238
G1 F1200 X109.846 Y24.427 E50.40319
G0 F6000 X110.053 Y24.069
G1 F1200 X111.002 Y25.017 E50.44781
G0 F6000 X111.385 Y24.835
G1 F1200 X110.302 Y23.752 E50.49875
G0 F6000 X110.868 Y23.752
G1 F1200 X111.811 Y24.695 E50.5431
G0 F6000 X112.272 Y24.591
G1 F1200 X111.434 Y23.752 E50.58255
G0 F6000 X111.999 Y23.752
G1 F1200 X112.847 Y24.6 E50.62243
G0 F6000 X113.543 Y24.73
G1 F1200 X112.565 Y23.752 E50.66843
G0 F6000 X113.131 Y23.752
G1 F1200 X117.36 Y27.982 E50.86738
G0 F6000 X117.153 Y28.34
G1 F1200 X115.271 Y26.459 E50.95588
G0 F6000 X115.282 Y27.036
G1 F1200 X116.946 Y28.699 E51.03412
G0 F6000 X116.739 Y29.058
G1 F1200 X115.284 Y27.603 E51.10256
G0 F6000 X115.285 Y28.17
G1 F1200 X116.532 Y29.416 E51.16119
G0 F6000 X116.325 Y29.775
G1 F1200 X115.287 Y28.737 E51.21002
G0 F6000 X115.277 Y29.293
G1 F1200 X116.118 Y30.133 E51.24955
G0 F6000 X115.911 Y30.493
G1 F1200 X115.16 Y29.742 E51.28488
G0 F6000 X114.983 Y30.131
G1 F1200 X115.704 Y30.851 E51.31877
G0 F6000 X115.497 Y31.21
G1 F1200 X114.717 Y30.43 E51.35546
G0 F6000 X114.4 Y30.679
G1 F1200 X115.29 Y31.568 E51.3973
G0 F6000 X115.083 Y31.927
G1 F1200 X114.036 Y30.88 E51.44654
G0 F6000 X113.626 Y31.036
G1 F1200 X114.63 Y32.04 E51.49377
G0 F6000 X114.064 Y32.04
G1 F1200 X113.178 Y31.154 E51.53544
G0 F6000 X112.646 Y31.188
G1 F1200 X113.498 Y32.04 E51.57552
G0 F6000 X112.933 Y32.04
G1 F1200 X112.04 Y31.147 E51.61752
G0 F6000 X111.188 Y30.86
G1 F1200 X112.367 Y32.04 E51.673
G0 F6000 X112.367 Y32.5
G0 X115.247 Y32.434
G0 X117.866 Y27.896
G0 X117.22 Y26.647
G0 X116.82 Y26.876
G1 F1200 X113.696 Y23.752 E51.81995
G0 F6000 X114.262 Y23.752
G1 F1200 X116.048 Y25.539 E51.90398
G0 F6000 X116.448 Y25.31
G0 X115.676 Y23.972
G0 X115.276 Y24.201
G1 F1200 X114.828 Y23.752 E51.92507
M104 S205
G1 F1500 E45.42507
;MESH:NONMESH
G0 F300 X114.828 Y23.752 Z0.4
G0 F6000 X114.828 Y23.292
G0 X114.134 Y23.392
G0 X113.918 Y25.268
G0 X114.576 Y26.357
G0 X114.576 Y29.438
G0 X114.134 Y30.083
G0 X114.13 Y30.073
;TIME_ELAPSED:93.369078
;LAYER:1
;note -- min layer time used
M140 S65
M106 S85
;TYPE:WALL-INNER
;MESH:WheelAdapter_v8.stl
G1 F1500 E51.92507
G1 F2027.2 X113.668 Y30.342 E51.94285
G1 X113.014 Y30.521 E51.96541
G1 X112.381 Y30.543 E51.98647
G1 X111.755 Y30.408 E52.00777
G1 X111.162 Y30.115 E52.02977
G1 X110.672 Y29.695 E52.05124
G1 X110.28 Y29.143 E52.07376
G1 X110.051 Y28.544 E52.09508
G1 X109.967 Y27.895 E52.11685
G1 X110.051 Y27.249 E52.13852
G1 X110.279 Y26.655 E52.15968
G1 X110.659 Y26.108 E52.18183
G1 X111.161 Y25.678 E52.20382
G1 X111.636 Y25.441 E52.22147
G1 X111.874 Y25.358 E52.22986
G1 X112.384 Y25.249 E52.2472
G1 X113.045 Y25.272 E52.2692
G1 X113.675 Y25.454 E52.29101
G1 X114.13 Y25.719 E52.30852
G1 X114.394 Y25.938 E52.31993
G1 X114.57 Y26.245 E52.3317
G1 X114.628 Y26.584 E52.34314
G1 X114.629 Y29.208 E52.43042
G1 X114.569 Y29.552 E52.44203
G1 X114.395 Y29.854 E52.45362
G1 X114.13 Y30.073 E52.46506
G0 F10500 X114.054 Y29.654
G1 F2027.2 X113.514 Y29.969 E52.48585
G1 X112.988 Y30.115 E52.50401
G1 X112.421 Y30.143 E52.52289
G1 X111.89 Y30.028 E52.54096
G1 X111.384 Y29.778 E52.55973
G1 X110.965 Y29.42 E52.57806
G1 X110.638 Y28.959 E52.59686
G1 X110.439 Y28.438 E52.61541
G1 X110.376 Y27.896 E52.63356
G1 X110.44 Y27.35 E52.65184
G1 X110.656 Y26.812 E52.67112
G1 X110.96 Y26.377 E52.68877
G1 X111.383 Y26.015 E52.70729
G1 X111.883 Y25.765 E52.72588
G1 X112.419 Y25.65 E52.74412
G1 X112.984 Y25.671 E52.76292
G1 X113.514 Y25.824 E52.78127
G1 X114.055 Y26.138 E52.80207
G1 X114.193 Y26.38 E52.81134
G1 X114.228 Y26.584 E52.81822
G1 X114.229 Y29.208 E52.9055
G1 X114.193 Y29.415 E52.91249
G1 X114.054 Y29.654 E52.92168
G1 F1500 E46.42168
G0 F10500 X114.21 Y29.924
G0 X114.035 Y30.359
G0 X114.033 Y32.519
G0 X115.398 Y32.7
G1 F1500 E52.92168
G1 F2027.2 X118.172 Y27.896 E53.10619
G1 X115.398 Y23.092 E53.2907
G1 X109.855 Y23.093 E53.47506
G1 X107.083 Y27.896 E53.6595
G1 X109.855 Y32.699 E53.84395
G1 X115.398 Y32.7 E54.02831
G0 F10500 X115.629 Y33.1
G1 F2027.2 X118.634 Y27.896 E54.22818
G1 X115.629 Y22.692 E54.42805
G1 X109.623 Y22.693 E54.62781
G1 X106.621 Y27.896 E54.8276
G1 X109.623 Y33.099 E55.02739
G1 X115.629 Y33.1 E55.22715
G0 F10500 X115.86 Y33.5
;TYPE:WALL-OUTER
G1 F2027.2 X119.096 Y27.896 E55.44238
G1 X115.86 Y22.292 E55.65762
G1 X109.392 Y22.293 E55.87274
G1 X106.159 Y27.896 E56.0879
G1 X109.392 Y33.499 E56.30305
G1 X115.86 Y33.5 E56.51818
G1 F1500 E50.01818
G0 F10500 X115.691 Y33.204
G0 X113.53 Y32.519
G0 X113.041 Y30.7
G0 X113.377 Y29.586
G1 F1500 E56.51818
G1 F2027.2 X112.919 Y29.721 E56.53406
G1 X112.476 Y29.74 E56.54881
G1 X111.999 Y29.636 E56.56505
G1 X111.623 Y29.45 E56.579
G1 X111.254 Y29.137 E56.59509
G1 X111.002 Y28.784 E56.60952
G1 X110.829 Y28.322 E56.62593
G1 X110.777 Y27.922 E56.63934
G1 X110.829 Y27.47 E56.65448
G1 X111.002 Y27.012 E56.67076
G1 X111.277 Y26.632 E56.68636
G1 X111.626 Y26.341 E56.70147
G1 X112.042 Y26.14 E56.71684
G1 X112.441 Y26.054 E56.73042
G1 X112.944 Y26.075 E56.74716
G1 X113.377 Y26.206 E56.76221
G1 X113.771 Y26.435 E56.77736
G1 X113.828 Y26.535 E56.78119
G1 X113.829 Y29.256 E56.87169
G1 X113.772 Y29.356 E56.87552
G1 X113.377 Y29.586 E56.89072
G1 F1500 E50.39072
G0 F10500 X113.532 Y29.855
G0 X113.922 Y30.425
G0 X113.92 Y32.519
G0 X115.187 Y32.599
G0 X115.188 Y32.339
;TYPE:SKIN
G1 F1500 E56.89072
G1 F2027.2 X110.06 Y32.336 E57.06128
G1 X107.495 Y27.896 E57.23183
G1 X110.06 Y23.452 E57.40249
G1 X115.188 Y23.452 E57.57305
G1 X117.757 Y27.896 E57.74378
G1 X115.188 Y32.339 E57.91448
G1 F1500 E51.41448
G0 F10500 X115.187 Y32.599
G0 X113.573 Y32.519
G0 X113.076 Y30.689
G0 X113.575 Y30.471
G0 X113.67 Y30.709
G1 F1500 E57.91448
G1 F2027.2 X113.938 Y30.597 E57.92414
G1 X114.308 Y30.386 E57.9383
G1 X114.67 Y30.085 E57.95396
G1 X114.912 Y29.675 E57.9698
G1 X114.986 Y29.242 E57.98441
G1 X114.985 Y26.545 E58.07411
G1 X114.909 Y26.123 E58.08837
G1 X114.673 Y25.707 E58.10428
G1 X114.333 Y25.422 E58.11903
G1 X113.94 Y25.192 E58.13418
G1 X113.672 Y25.076 E58.14389
G1 X113.267 Y24.959 E58.15791
G1 X112.964 Y24.91 E58.16812
G1 X112.333 Y24.891 E58.18912
G1 X111.798 Y25.004 E58.20731
G1 X111.492 Y25.111 E58.21809
G1 X111.091 Y25.308 E58.23295
G1 X110.845 Y25.469 E58.24273
G1 X110.525 Y25.744 E58.25676
G1 X110.291 Y26.002 E58.26834
G1 X109.962 Y26.48 E58.28765
G1 X109.749 Y27.019 E58.30692
G1 X109.677 Y27.308 E58.31683
G1 X109.602 Y27.898 E58.33661
G1 X109.677 Y28.463 E58.35557
G1 X109.749 Y28.76 E58.36573
G1 X109.958 Y29.312 E58.38536
G1 X110.402 Y29.937 E58.41086
G1 X110.821 Y30.3 E58.4293
G1 X111.063 Y30.466 E58.43906
G1 X111.484 Y30.672 E58.45465
G1 X111.777 Y30.777 E58.465
G1 X112.367 Y30.9 E58.48505
G1 X113.071 Y30.874 E58.50848
G1 X113.67 Y30.709 E58.52914
G1 F1500 E52.02914
G0 F10500 X113.575 Y30.471
G0 X113.87 Y30.434
G0 X113.868 Y32.519
G0 X114.938 Y32.599
G0 X114.939 Y32.139
G1 F1500 E58.52914
G1 F2027.2 X115.257 Y31.821 E58.5441
G0 F10500 X114.373 Y32.139
G1 F2027.2 X116.032 Y30.481 E58.62211
G0 F10500 X116.429 Y30.713
G0 X114.731 Y29.626
G0 X115.109 Y29.706
G1 F2027.2 X117.303 Y27.512 E58.72531
G0 F10500 X117.096 Y27.154
G1 F2027.2 X115.183 Y29.066 E58.81527
G0 F10500 X115.185 Y28.499
G1 F2027.2 X116.889 Y26.795 E58.89542
G0 F10500 X116.682 Y26.437
G1 F2027.2 X115.186 Y27.933 E58.96579
G0 F10500 X115.186 Y27.366
G1 F2027.2 X116.475 Y26.078 E59.02639
G0 F10500 X116.267 Y25.72
G1 F2027.2 X115.188 Y26.799 E59.07715
G0 F10500 X115.14 Y26.281
G1 F2027.2 X116.06 Y25.361 E59.12042
G0 F10500 X115.853 Y25.003
G1 F2027.2 X114.991 Y25.865 E59.16097
G0 F10500 X114.767 Y25.523
G1 F2027.2 X115.646 Y24.644 E59.20231
G0 F10500 X115.439 Y24.286
G1 F2027.2 X114.459 Y25.266 E59.24841
G0 F10500 X114.103 Y25.056
G1 F2027.2 X115.231 Y23.928 E59.30146
G0 F10500 X114.941 Y23.652
G1 F2027.2 X113.712 Y24.881 E59.35927
G0 F10500 X113.269 Y24.759
G1 F2027.2 X114.375 Y23.652 E59.41132
G0 F10500 X113.81 Y23.652
G1 F2027.2 X112.759 Y24.702 E59.46073
G0 F10500 X112.178 Y24.718
G1 F2027.2 X113.244 Y23.652 E59.51087
G0 F10500 X112.678 Y23.652
G1 F2027.2 X111.389 Y24.941 E59.5715
G0 F10500 X111.585 Y25.355
G0 X111.837 Y25.181
G0 X111.837 Y23.292
G0 X111.547 Y23.192
G0 X111.547 Y23.652
G1 F2027.2 X108.304 Y26.895 E59.72404
G0 F10500 X107.909 Y26.667
G0 X107.274 Y27.896
G0 X107.383 Y28.214
G0 X107.778 Y27.987
G1 F2027.2 X112.112 Y23.652 E59.92793
G0 F10500 X112.112 Y23.192
G0 X110.981 Y23.192
G0 X110.981 Y23.652
G1 F2027.2 X109.077 Y25.556 E60.01748
G0 F10500 X108.682 Y25.328
G0 X108.464 Y25.864
G0 X110.119 Y26.571
G0 X109.681 Y26.649
G1 F2027.2 X107.985 Y28.345 E60.09726
G0 F10500 X108.192 Y28.704
G1 F2027.2 X109.462 Y27.434 E60.157
G0 F10500 X109.422 Y28.04
G1 F2027.2 X108.399 Y29.062 E60.20509
G0 F10500 X108.607 Y29.421
G1 F2027.2 X109.491 Y28.537 E60.24667
G0 F10500 X109.618 Y28.975
G1 F2027.2 X108.814 Y29.779 E60.28449
G0 F10500 X109.021 Y30.138
G1 F2027.2 X109.774 Y29.385 E60.31991
G0 F10500 X110.004 Y29.72
G1 F2027.2 X109.228 Y30.496 E60.35641
G0 F10500 X109.435 Y30.855
G1 F2027.2 X110.239 Y30.051 E60.39423
G0 F10500 X110.538 Y30.317
G1 F2027.2 X109.643 Y31.213 E60.43635
G0 F10500 X109.85 Y31.572
G1 F2027.2 X110.856 Y30.565 E60.48369
G0 F10500 X111.223 Y30.764
G1 F2027.2 X110.057 Y31.93 E60.53854
G0 F10500 X110.416 Y32.137
G1 F2027.2 X111.62 Y30.933 E60.59517
G0 F10500 X112.073 Y31.046
G1 F2027.2 X110.982 Y32.137 E60.64649
G0 F10500 X111.547 Y32.137
G1 F2027.2 X112.593 Y31.091 E60.69569
G0 F10500 X113.206 Y31.043
G1 F2027.2 X112.112 Y32.137 E60.74715
G0 F10500 X112.677 Y32.138
G1 F2027.2 X114.06 Y30.756 E60.81217
G0 F10500 X113.832 Y30.362
G0 X113.278 Y30.655
G0 X113.276 Y32.519
G0 X113.807 Y32.599
G0 X113.808 Y32.139
G1 F2027.2 X116.807 Y29.14 E60.95324
G0 F10500 X117.204 Y29.371
G0 X117.981 Y27.896
G0 X117.909 Y27.642
G0 X117.511 Y27.871
G1 F2027.2 X113.242 Y32.139 E61.15401
G0 F10500 X113.241 Y32.599
G0 X109.95 Y32.533
G0 X107.274 Y27.896
G0 X109.455 Y23.989
G0 X109.85 Y24.217
G1 F2027.2 X110.415 Y23.652 E61.18059
G1 F1500 E54.68059
;MESH:NONMESH
G0 F300 X110.415 Y23.652 Z0.6
G0 F10500 X110.415 Y23.192
G0 X114.129 Y23.292
G0 X113.87 Y25.358
G0 X114.472 Y26.101
G0 X114.472 Y29.695
G0 X114.13 Y30.073
;TIME_ELAPSED:113.303133
;LAYER:2
;note -- min layer time used
M106 S170
;TYPE:WALL-INNER
;MESH:WheelAdapter_v8.stl
G1 F1500 E61.18059
G1 F2058.2 X113.668 Y30.342 E61.19837
G1 X113.014 Y30.521 E61.22092
G1 X112.381 Y30.543 E61.24199
G1 X111.755 Y30.408 E61.26329
G1 X111.162 Y30.115 E61.28529
G1 X110.672 Y29.695 E61.30675
G1 X110.28 Y29.143 E61.32927
G1 X110.051 Y28.544 E61.3506
G1 X109.967 Y27.895 E61.37237
G1 X110.051 Y27.249 E61.39403
G1 X110.279 Y26.655 E61.4152
G1 X110.659 Y26.108 E61.43735
G1 X111.161 Y25.678 E61.45933
G1 X111.636 Y25.441 E61.47699
G1 X111.874 Y25.358 E61.48537
G1 X112.384 Y25.249 E61.50272
G1 X113.045 Y25.272 E61.52472
G1 X113.675 Y25.454 E61.54653
G1 X114.13 Y25.719 E61.56404
G1 X114.394 Y25.938 E61.57545
G1 X114.57 Y26.245 E61.58722
G1 X114.628 Y26.584 E61.59866
G1 X114.629 Y29.208 E61.68593
G1 X114.569 Y29.552 E61.69755
G1 X114.395 Y29.854 E61.70914
G1 X114.13 Y30.073 E61.72057
G0 F15000 X114.054 Y29.654
G1 F2058.2 X113.514 Y29.969 E61.74137
G1 X112.988 Y30.115 E61.75952
G1 X112.421 Y30.143 E61.7784
G1 X111.89 Y30.028 E61.79647
G1 X111.384 Y29.778 E61.81525
G1 X110.965 Y29.42 E61.83358
G1 X110.638 Y28.959 E61.85237
G1 X110.439 Y28.438 E61.87092
G1 X110.376 Y27.896 E61.88907
G1 X110.44 Y27.35 E61.90736
G1 X110.656 Y26.812 E61.92664
G1 X110.96 Y26.377 E61.94429
G1 X111.383 Y26.015 E61.96281
G1 X111.883 Y25.765 E61.9814
G1 X112.419 Y25.65 E61.99963
G1 X112.984 Y25.671 E62.01844
G1 X113.514 Y25.824 E62.03679
G1 X114.055 Y26.138 E62.05759
G1 X114.193 Y26.38 E62.06686
G1 X114.228 Y26.584 E62.07374
G1 X114.229 Y29.208 E62.16102
G1 X114.193 Y29.415 E62.168
G1 X114.054 Y29.654 E62.1772
G1 F1500 E55.6772
G0 F15000 X114.21 Y29.924
G0 X114.035 Y30.359
G0 X114.033 Y32.519
G0 X115.398 Y32.7
G1 F1500 E62.1772
G1 F2058.2 X118.172 Y27.896 E62.36171
G1 X115.398 Y23.092 E62.54621
G1 X109.855 Y23.093 E62.73057
G1 X107.083 Y27.896 E62.91502
G1 X109.855 Y32.699 E63.09946
G1 X115.398 Y32.7 E63.28383
G0 F15000 X115.629 Y33.1
G1 F2058.2 X118.634 Y27.896 E63.4837
G1 X115.629 Y22.692 E63.68357
G1 X109.623 Y22.693 E63.88333
G1 X106.621 Y27.896 E64.08312
G1 X109.623 Y33.099 E64.28291
G1 X115.629 Y33.1 E64.48267
G0 F15000 X115.86 Y33.5
;TYPE:WALL-OUTER
G1 F2058.2 X119.096 Y27.896 E64.6979
G1 X115.86 Y22.292 E64.91314
G1 X109.392 Y22.293 E65.12826
G1 X106.159 Y27.896 E65.34342
G1 X109.392 Y33.499 E65.55857
G1 X115.86 Y33.5 E65.7737
G1 F1500 E59.2737
G0 F15000 X115.691 Y33.204
G0 X113.53 Y32.519
G0 X113.041 Y30.7
G0 X113.377 Y29.586
G1 F1500 E65.7737
G1 F2058.2 X112.919 Y29.721 E65.78958
G1 X112.476 Y29.74 E65.80433
G1 X111.999 Y29.636 E65.82056
G1 X111.623 Y29.45 E65.83452
G1 X111.254 Y29.137 E65.85061
G1 X111.002 Y28.784 E65.86504
G1 X110.829 Y28.322 E65.88144
G1 X110.777 Y27.922 E65.89486
G1 X110.829 Y27.47 E65.90999
G1 X111.002 Y27.012 E65.92628
G1 X111.277 Y26.632 E65.94188
G1 X111.626 Y26.341 E65.95699
G1 X112.042 Y26.14 E65.97236
G1 X112.441 Y26.054 E65.98593
G1 X112.944 Y26.075 E66.00268
G1 X113.377 Y26.206 E66.01772
G1 X113.771 Y26.435 E66.03288
G1 X113.828 Y26.535 E66.03671
G1 X113.829 Y29.256 E66.12721
G1 X113.772 Y29.356 E66.13104
G1 X113.377 Y29.586 E66.14624
G1 F1500 E59.64624
G0 F15000 X113.532 Y29.855
G0 X113.922 Y30.425
G0 X113.92 Y32.519
G0 X115.187 Y32.599
G0 X115.188 Y32.339
;TYPE:SKIN
G1 F1500 E66.14624
G1 F2058.2 X110.06 Y32.336 E66.3168
G1 X107.495 Y27.896 E66.48735
G1 X110.06 Y23.452 E66.65801
G1 X115.188 Y23.452 E66.82857
G1 X117.757 Y27.896 E66.99929
G1 X115.188 Y32.339 E67.16999
G1 F1500 E60.66999
G0 F15000 X115.187 Y32.599
G0 X113.573 Y32.519
G0 X113.076 Y30.689
G0 X113.575 Y30.471
G0 X113.67 Y30.709
G1 F1500 E67.16999
G1 F2058.2 X113.938 Y30.597 E67.17965
G1 X114.308 Y30.386 E67.19382
G1 X114.67 Y30.085 E67.20948
G1 X114.912 Y29.675 E67.22531
G1 X114.986 Y29.242 E67.23992
G1 X114.985 Y26.545 E67.32963
G1 X114.909 Y26.123 E67.34389
G1 X114.673 Y25.707 E67.3598
G1 X114.333 Y25.422 E67.37455
G1 X113.94 Y25.192 E67.3897
G1 X113.672 Y25.076 E67.39941
G1 X113.267 Y24.959 E67.41343
G1 X112.964 Y24.91 E67.42364
G1 X112.333 Y24.891 E67.44464
G1 X111.798 Y25.004 E67.46282
G1 X111.492 Y25.111 E67.4736
G1 X111.091 Y25.308 E67.48846
G1 X110.845 Y25.469 E67.49824
G1 X110.525 Y25.744 E67.51228
G1 X110.291 Y26.002 E67.52386
G1 X109.962 Y26.48 E67.54316
G1 X109.749 Y27.019 E67.56244
G1 X109.677 Y27.308 E67.57234
G1 X109.602 Y27.898 E67.59213
G1 X109.677 Y28.463 E67.61108
G1 X109.749 Y28.76 E67.62125
G1 X109.958 Y29.312 E67.64088
G1 X110.402 Y29.937 E67.66638
G1 X110.821 Y30.3 E67.68482
G1 X111.063 Y30.466 E67.69458
G1 X111.484 Y30.672 E67.71017
G1 X111.777 Y30.777 E67.72052
G1 X112.367 Y30.9 E67.74056
G1 X113.071 Y30.874 E67.76399
G1 X113.67 Y30.709 E67.78466
G1 F1500 E61.28466
G0 F15000 X113.575 Y30.471
G0 X111.839 Y30.611
G0 X111.837 Y32.519
G0 X110.199 Y32.599
G0 X110.2 Y32.136
G1 F1500 E67.78466
G1 F2058.2 X110.14 Y32.075 E67.7875
G0 F15000 X110.766 Y32.136
G1 F2058.2 X109.366 Y30.736 E67.85336
G0 F15000 X108.969 Y30.962
G0 X108.663 Y30.234
G0 X110.118 Y29.225
G0 X109.897 Y29.57
G1 F2058.2 X107.907 Y27.58 E67.94696
G0 F15000 X108.115 Y27.221
G1 F2058.2 X109.509 Y28.616 E68.01255
G0 F15000 X109.411 Y27.953
G1 F2058.2 X108.322 Y26.863 E68.0638
G0 F15000 X108.529 Y26.504
G1 F2058.2 X109.462 Y27.437 E68.10769
G0 F15000 X109.558 Y26.968
G1 F2058.2 X108.736 Y26.146 E68.14635
G0 F15000 X108.943 Y25.787
G1 F2058.2 X109.717 Y26.561 E68.18276
G0 F15000 X109.916 Y26.195
G1 F2058.2 X109.15 Y25.428 E68.21881
G0 F15000 X109.357 Y25.07
G1 F2058.2 X110.15 Y25.862 E68.25609
G0 F15000 X110.421 Y25.568
G1 F2058.2 X109.564 Y24.711 E68.2964
G0 F15000 X109.771 Y24.353
G1 F2058.2 X110.729 Y25.31 E68.34144
G0 F15000 X111.077 Y25.092
G1 F2058.2 X109.978 Y23.994 E68.39311
G0 F15000 X110.202 Y23.652
G1 F2058.2 X111.461 Y24.911 E68.45232
G0 F15000 X111.894 Y24.778
G1 F2058.2 X110.768 Y23.652 E68.50529
G0 F15000 X111.333 Y23.652
G1 F2058.2 X112.368 Y24.687 E68.55397
G0 F15000 X112.957 Y24.71
G1 F2058.2 X111.899 Y23.652 E68.60374
G0 F15000 X112.465 Y23.652
G1 F2058.2 X113.684 Y24.872 E68.6611
G0 F15000 X113.556 Y25.315
G0 X113.217 Y25.134
G0 X113.217 Y23.292
G0 X113.596 Y23.192
G0 X113.596 Y23.652
G1 F2058.2 X117.096 Y27.152 E68.82573
G0 F15000 X117.434 Y28.056
G1 F2058.2 X113.03 Y23.652 E69.03288
G0 F15000 X113.03 Y23.192
G0 X114.162 Y23.192
G0 X114.162 Y23.652
G1 F2058.2 X116.321 Y25.812 E69.13445
G0 F15000 X116.72 Y25.582
G0 X116.488 Y25.378
G0 X114.74 Y26.183
G0 X115.149 Y26.336
G1 F2058.2 X117.227 Y28.414 E69.2322
G0 F15000 X117.02 Y28.773
G1 F2058.2 X115.187 Y26.94 E69.31842
G0 F15000 X115.186 Y27.504
G1 F2058.2 X116.813 Y29.131 E69.39494
G0 F15000 X116.605 Y29.49
G1 F2058.2 X115.185 Y28.069 E69.46176
G0 F15000 X115.183 Y28.634
G1 F2058.2 X116.398 Y29.848 E69.51889
G0 F15000 X116.191 Y30.207
G1 F2058.2 X115.183 Y29.199 E69.5663
G0 F15000 X115.111 Y29.692
G1 F2058.2 X115.984 Y30.565 E69.60736
G0 F15000 X115.777 Y30.924
G1 F2058.2 X114.914 Y30.061 E69.64796
G0 F15000 X114.648 Y30.361
G1 F2058.2 X115.57 Y31.282 E69.6913
G0 F15000 X115.362 Y31.641
G1 F2058.2 X114.327 Y30.606 E69.73998
G0 F15000 X113.96 Y30.804
G1 F2058.2 X115.155 Y31.999 E69.79619
G0 F15000 X114.729 Y32.139
G1 F2058.2 X113.542 Y30.951 E69.85205
G0 F15000 X113.096 Y31.072
G1 F2058.2 X114.163 Y32.139 E69.90224
G0 F15000 X113.597 Y32.138
G1 F2058.2 X112.552 Y31.094 E69.95137
G0 F15000 X111.901 Y31.008
G1 F2058.2 X113.03 Y32.137 E70.00447
G0 F15000 X112.465 Y32.137
G1 F2058.2 X110.968 Y30.64 E70.07489
G1 F1500 E63.57489
G0 F15000 X111.212 Y30.251
G0 X111.839 Y30.611
G0 X111.837 Y32.519
G0 X111.332 Y32.599
G0 X111.333 Y32.137
G1 F1500 E70.07489
G1 F2058.2 X108.592 Y29.396 E70.20382
G0 F15000 X108.196 Y29.623
G0 X107.423 Y28.283
G0 X107.818 Y28.057
G1 F2058.2 X111.898 Y32.137 E70.39573
G0 F15000 X111.897 Y32.599
G0 X115.302 Y32.534
G0 X117.981 Y27.896
G0 X115.945 Y24.239
G0 X115.545 Y24.47
G1 F2058.2 X114.727 Y23.652 E70.4342
G1 F1500 E63.9342
;MESH:NONMESH
G0 F300 X114.727 Y23.652 Z0.8
G0 F15000 X114.727 Y23.192
G0 X114.129 Y23.292
G0 X113.87 Y25.358
G0 X114.472 Y26.101
G0 X114.472 Y29.695
G0 X114.13 Y30.073
;TIME_ELAPSED:133.700907
;LAYER:3
;note -- min layer time used
M106 S255
;TYPE:WALL-INNER
;MESH:WheelAdapter_v8.stl
G1 F1500 E70.4342
G1 F1993.6 X113.668 Y30.342 E70.45198
G1 X113.014 Y30.521 E70.47454
G1 X112.381 Y30.543 E70.4956
G1 X111.755 Y30.408 E70.5169
G1 X111.162 Y30.115 E70.5389
G1 X110.672 Y29.695 E70.56037
G1 X110.28 Y29.143 E70.58288
G1 X110.051 Y28.544 E70.60421
G1 X109.967 Y27.895 E70.62598
G1 X110.051 Y27.249 E70.64765
G1 X110.279 Y26.655 E70.66881
G1 X110.659 Y26.108 E70.69096
G1 X111.161 Y25.678 E70.71295
G1 X111.636 Y25.441 E70.7306
G1 X111.874 Y25.358 E70.73898
G1 X112.384 Y25.249 E70.75633
G1 X113.045 Y25.272 E70.77833
G1 X113.675 Y25.454 E70.80014
G1 X114.13 Y25.719 E70.81765
G1 X114.394 Y25.938 E70.82906
G1 X114.57 Y26.245 E70.84083
G1 X114.628 Y26.584 E70.85227
G1 X114.629 Y29.208 E70.93954
G1 X114.569 Y29.552 E70.95116
G1 X114.395 Y29.854 E70.96275
G1 X114.13 Y30.073 E70.97419
G0 F15000 X114.054 Y29.654
G1 F1993.6 X113.514 Y29.969 E70.99498
G1 X112.988 Y30.115 E71.01313
G1 X112.421 Y30.143 E71.03202
G1 X111.89 Y30.028 E71.05009
G1 X111.384 Y29.778 E71.06886
G1 X110.965 Y29.42 E71.08719
G1 X110.638 Y28.959 E71.10599
G1 X110.439 Y28.438 E71.12454
G1 X110.376 Y27.896 E71.14268
G1 X110.44 Y27.35 E71.16097
G1 X110.656 Y26.812 E71.18025
G1 X110.96 Y26.377 E71.1979
G1 X111.383 Y26.015 E71.21642
G1 X111.883 Y25.765 E71.23501
G1 X112.419 Y25.65 E71.25325
G1 X112.984 Y25.671 E71.27205
G1 X113.514 Y25.824 E71.2904
G1 X114.055 Y26.138 E71.3112
G1 X114.193 Y26.38 E71.32047
G1 X114.228 Y26.584 E71.32735
G1 X114.229 Y29.208 E71.41463
G1 X114.193 Y29.415 E71.42162
G1 X114.054 Y29.654 E71.43081
G1 F1500 E64.93081
G0 F15000 X114.21 Y29.924
G0 X114.035 Y30.359
G0 X114.033 Y32.519
G0 X115.398 Y32.7
G1 F1500 E71.43081
G1 F1993.6 X118.172 Y27.896 E71.61532
G1 X115.398 Y23.092 E71.79983
G1 X109.855 Y23.093 E71.98419
G1 X107.083 Y27.896 E72.16863
G1 X109.855 Y32.699 E72.35308
G1 X115.398 Y32.7 E72.53744
G0 F15000 X115.629 Y33.1
G1 F1993.6 X118.634 Y27.896 E72.73731
G1 X115.629 Y22.692 E72.93718
G1 X109.623 Y22.693 E73.13694
G1 X106.621 Y27.896 E73.33673
G1 X109.623 Y33.099 E73.53652
G1 X115.629 Y33.1 E73.73628
G0 F15000 X115.86 Y33.5
;TYPE:WALL-OUTER
G1 F1993.6 X119.096 Y27.896 E73.95151
G1 X115.86 Y22.292 E74.16675
G1 X109.392 Y22.293 E74.38187
G1 X106.159 Y27.896 E74.59703
G1 X109.392 Y33.499 E74.81218
G1 X115.86 Y33.5 E75.02731
G1 F1500 E68.52731
G0 F15000 X115.691 Y33.204
G0 X113.53 Y32.519
G0 X113.041 Y30.7
G0 X113.377 Y29.586
G1 F1500 E75.02731
G1 F1993.6 X112.919 Y29.721 E75.04319
G1 X112.476 Y29.74 E75.05794
G1 X111.999 Y29.636 E75.07418
G1 X111.623 Y29.45 E75.08813
G1 X111.254 Y29.137 E75.10422
G1 X111.002 Y28.784 E75.11865
G1 X110.829 Y28.322 E75.13506
G1 X110.777 Y27.922 E75.14847
G1 X110.829 Y27.47 E75.1636
G1 X111.002 Y27.012 E75.17989
G1 X111.277 Y26.632 E75.19549
G1 X111.626 Y26.341 E75.2106
G1 X112.042 Y26.14 E75.22597
G1 X112.441 Y26.054 E75.23954
G1 X112.944 Y26.075 E75.25629
G1 X113.377 Y26.206 E75.27134
G1 X113.771 Y26.435 E75.28649
G1 X113.828 Y26.535 E75.29032
G1 X113.829 Y29.256 E75.38082
G1 X113.772 Y29.356 E75.38465
G1 X113.377 Y29.586 E75.39985
G1 F1500 E68.89985
G0 F15000 X113.532 Y29.855
G0 X113.922 Y30.425
G0 X113.92 Y32.519
G0 X115.187 Y32.599
G0 X115.188 Y32.339
;TYPE:SKIN
G1 F1500 E75.39985
G1 F1993.6 X110.06 Y32.336 E75.57041
G1 X107.495 Y27.896 E75.74096
G1 X110.06 Y23.452 E75.91162
G1 X115.188 Y23.452 E76.08218
G1 X117.757 Y27.896 E76.25291
G1 X115.188 Y32.339 E76.4236
G1 F1500 E69.9236
G0 F15000 X115.187 Y32.599
G0 X113.573 Y32.519
G0 X113.076 Y30.689
G0 X113.575 Y30.471
G0 X113.67 Y30.709
G1 F1500 E76.4236
G1 F1993.6 X113.938 Y30.597 E76.43327
G1 X114.308 Y30.386 E76.44743
G1 X114.67 Y30.085 E76.46309
G1 X114.912 Y29.675 E76.47893
G1 X114.986 Y29.242 E76.49354
G1 X114.985 Y26.545 E76.58324
G1 X114.909 Y26.123 E76.5975
G1 X114.673 Y25.707 E76.61341
G1 X114.333 Y25.422 E76.62816
G1 X113.94 Y25.192 E76.64331
G1 X113.672 Y25.076 E76.65302
G1 X113.267 Y24.959 E76.66704
G1 X112.964 Y24.91 E76.67725
G1 X112.333 Y24.891 E76.69825
G1 X111.798 Y25.004 E76.71644
G1 X111.492 Y25.111 E76.72722
G1 X111.091 Y25.308 E76.74208
G1 X110.845 Y25.469 E76.75186
G1 X110.525 Y25.744 E76.76589
G1 X110.291 Y26.002 E76.77747
G1 X109.962 Y26.48 E76.79677
G1 X109.749 Y27.019 E76.81605
G1 X109.677 Y27.308 E76.82596
G1 X109.602 Y27.898 E76.84574
G1 X109.677 Y28.463 E76.86469
G1 X109.749 Y28.76 E76.87486
G1 X109.958 Y29.312 E76.89449
G1 X110.402 Y29.937 E76.91999
G1 X110.821 Y30.3 E76.93843
G1 X111.063 Y30.466 E76.94819
G1 X111.484 Y30.672 E76.96378
G1 X111.777 Y30.777 E76.97413
G1 X112.367 Y30.9 E76.99417
G1 X113.071 Y30.874 E77.01761
G1 X113.67 Y30.709 E77.03827
G1 F1500 E70.53827
G0 F15000 X113.575 Y30.471
G0 X113.87 Y30.434
G0 X113.868 Y32.519
G0 X114.938 Y32.599
G0 X114.939 Y32.139
G1 F1500 E77.03827
G1 F1993.6 X115.257 Y31.821 E77.05323
G0 F15000 X114.373 Y32.139
G1 F1993.6 X116.032 Y30.481 E77.13124
G0 F15000 X116.429 Y30.713
G0 X114.731 Y29.626
G0 X115.109 Y29.706
G1 F1993.6 X117.303 Y27.512 E77.23444
G0 F15000 X117.096 Y27.154
G1 F1993.6 X115.183 Y29.066 E77.3244
G0 F15000 X115.185 Y28.499
G1 F1993.6 X116.889 Y26.795 E77.40455
G0 F15000 X116.682 Y26.437
G1 F1993.6 X115.186 Y27.933 E77.47491
G0 F15000 X115.186 Y27.366
G1 F1993.6 X116.475 Y26.078 E77.53552
G0 F15000 X116.267 Y25.72
G1 F1993.6 X115.188 Y26.799 E77.58627
G0 F15000 X115.14 Y26.281
G1 F1993.6 X116.06 Y25.361 E77.62955
G0 F15000 X115.853 Y25.003
G1 F1993.6 X114.991 Y25.865 E77.67009
G0 F15000 X114.767 Y25.523
G1 F1993.6 X115.646 Y24.644 E77.71144
G0 F15000 X115.439 Y24.286
G1 F1993.6 X114.459 Y25.266 E77.75754
G0 F15000 X114.103 Y25.056
G1 F1993.6 X115.231 Y23.928 E77.81059
G0 F15000 X114.941 Y23.652
G1 F1993.6 X113.712 Y24.881 E77.8684
G0 F15000 X113.269 Y24.759
G1 F1993.6 X114.375 Y23.652 E77.92045
G0 F15000 X113.81 Y23.652
G1 F1993.6 X112.759 Y24.702 E77.96986
G0 F15000 X112.178 Y24.718
G1 F1993.6 X113.244 Y23.652 E78.02
G0 F15000 X112.678 Y23.652
G1 F1993.6 X111.389 Y24.941 E78.08063
G0 F15000 X111.585 Y25.355
G0 X111.837 Y25.181
G0 X111.837 Y23.292
G0 X111.547 Y23.192
G0 X111.547 Y23.652
G1 F1993.6 X108.304 Y26.895 E78.23317
G0 F15000 X107.909 Y26.667
G0 X107.274 Y27.896
G0 X107.383 Y28.214
G0 X107.778 Y27.987
G1 F1993.6 X112.112 Y23.652 E78.43706
G0 F15000 X112.112 Y23.192
G0 X110.981 Y23.192
G0 X110.981 Y23.652
G1 F1993.6 X109.077 Y25.556 E78.52661
G0 F15000 X108.682 Y25.328
G0 X108.464 Y25.864
G0 X110.119 Y26.571
G0 X109.681 Y26.649
G1 F1993.6 X107.985 Y28.345 E78.60639
G0 F15000 X108.192 Y28.704
G1 F1993.6 X109.462 Y27.434 E78.66612
G0 F15000 X109.422 Y28.04
G1 F1993.6 X108.399 Y29.062 E78.71422
G0 F15000 X108.607 Y29.421
G1 F1993.6 X109.49 Y28.537 E78.75578
G0 F15000 X109.618 Y28.975
G1 F1993.6 X108.814 Y29.779 E78.7936
G0 F15000 X109.021 Y30.138
G1 F1993.6 X109.774 Y29.385 E78.82901
G0 F15000 X110.004 Y29.72
G1 F1993.6 X109.228 Y30.496 E78.86551
G0 F15000 X109.435 Y30.855
G1 F1993.6 X110.239 Y30.051 E78.90333
G0 F15000 X110.538 Y30.317
G1 F1993.6 X109.643 Y31.213 E78.94545
G0 F15000 X109.85 Y31.572
G1 F1993.6 X110.856 Y30.565 E78.9928
G0 F15000 X111.223 Y30.764
G1 F1993.6 X110.057 Y31.93 E79.04764
G0 F15000 X110.416 Y32.137
G1 F1993.6 X111.62 Y30.933 E79.10427
G0 F15000 X112.073 Y31.046
G1 F1993.6 X110.982 Y32.137 E79.15559
G0 F15000 X111.547 Y32.137
G1 F1993.6 X112.593 Y31.091 E79.20479
G0 F15000 X113.206 Y31.043
G1 F1993.6 X112.112 Y32.137 E79.25625
G0 F15000 X112.677 Y32.138
G1 F1993.6 X114.06 Y30.756 E79.32128
G0 F15000 X113.832 Y30.362
G0 X113.278 Y30.655
G0 X113.276 Y32.519
G0 X113.807 Y32.599
G0 X113.808 Y32.139
G1 F1993.6 X116.807 Y29.14 E79.46234
G0 F15000 X117.204 Y29.371
G0 X117.981 Y27.896
G0 X117.909 Y27.642
G0 X117.511 Y27.871
G1 F1993.6 X113.242 Y32.139 E79.66312
G0 F15000 X113.241 Y32.599
G0 X109.95 Y32.533
G0 X107.274 Y27.896
G0 X109.455 Y23.989
G0 X109.85 Y24.217
G1 F1993.6 X110.415 Y23.652 E79.6897
G1 F1500 E73.1897
;MESH:NONMESH
G0 F300 X110.415 Y23.652 Z1
G0 F15000 X110.415 Y23.192
G0 X114.129 Y23.292
G0 X113.87 Y25.358
G0 X114.472 Y26.101
G0 X114.472 Y29.695
G0 X114.13 Y30.073
;TIME_ELAPSED:153.813183
;LAYER:4
;note -- min layer time used
;TYPE:WALL-INNER
;MESH:WheelAdapter_v8.stl
G1 F1500 E79.6897
G1 F1026.1 X113.668 Y30.342 E79.70748
G1 X113.014 Y30.521 E79.73003
G1 X112.381 Y30.543 E79.7511
G1 X111.755 Y30.408 E79.77239
G1 X111.162 Y30.115 E79.79439
G1 X110.672 Y29.695 E79.81586
G1 X110.28 Y29.143 E79.83838
G1 X110.051 Y28.544 E79.85971
G1 X109.967 Y27.895 E79.88147
G1 X110.051 Y27.249 E79.90314
G1 X110.279 Y26.655 E79.9243
G1 X110.659 Y26.108 E79.94645
G1 X111.161 Y25.678 E79.96844
G1 X111.636 Y25.441 E79.98609
G1 X111.874 Y25.358 E79.99448
G1 X112.384 Y25.249 E80.01182
G1 X113.045 Y25.272 E80.03382
G1 X113.675 Y25.454 E80.05563
G1 X114.13 Y25.719 E80.07315
G1 X114.394 Y25.938 E80.08455
G1 X114.57 Y26.245 E80.09632
G1 X114.628 Y26.584 E80.10776
G1 X114.629 Y29.208 E80.19504
G1 X114.569 Y29.552 E80.20665
G1 X114.395 Y29.854 E80.21824
G1 X114.13 Y30.073 E80.22968
G0 F15000 X114.054 Y29.654
G1 F1026.1 X113.514 Y29.969 E80.25047
G1 X112.988 Y30.115 E80.26863
G1 X112.421 Y30.143 E80.28751
G1 X111.89 Y30.028 E80.30558
G1 X111.384 Y29.778 E80.32435
G1 X110.965 Y29.42 E80.34268
G1 X110.638 Y28.959 E80.36148
G1 X110.439 Y28.438 E80.38003
G1 X110.376 Y27.896 E80.39818
G1 X110.44 Y27.35 E80.41646
G1 X110.656 Y26.812 E80.43574
G1 X110.96 Y26.377 E80.4534
G1 X111.383 Y26.015 E80.47191
G1 X111.883 Y25.765 E80.49051
G1 X112.419 Y25.65 E80.50874
G1 X112.984 Y25.671 E80.52754
G1 X113.514 Y25.824 E80.54589
G1 X114.055 Y26.138 E80.5667
G1 X114.193 Y26.38 E80.57596
G1 X114.228 Y26.584 E80.58285
G1 X114.229 Y29.208 E80.67012
G1 X114.193 Y29.415 E80.67711
G1 X114.054 Y29.654 E80.68631
G0 F15000 X114.21 Y29.924
G0 X115.398 Y32.7
G1 F1026.1 X118.172 Y27.896 E80.87081
G1 X115.398 Y23.092 E81.05532
G1 X109.855 Y23.093 E81.23968
G1 X107.083 Y27.896 E81.42412
G1 X109.855 Y32.699 E81.60857
G1 X115.398 Y32.7 E81.79293
G0 F15000 X115.629 Y33.1
G1 F1026.1 X118.634 Y27.896 E81.9928
G1 X115.629 Y22.692 E82.19267
G1 X109.623 Y22.693 E82.39243
G1 X106.621 Y27.896 E82.59222
G1 X109.623 Y33.099 E82.79201
G1 X115.629 Y33.1 E82.99177
G0 F15000 X115.86 Y33.5
;TYPE:WALL-OUTER
G1 F1026.1 X119.096 Y27.896 E83.20701
G1 X115.86 Y22.292 E83.42224
G1 X109.392 Y22.293 E83.63737
G1 X106.159 Y27.896 E83.85252
G1 X109.392 Y33.499 E84.06768
G1 X115.86 Y33.5 E84.2828
G1 F1500 E77.7828
G0 F15000 X115.691 Y33.204
G0 X113.532 Y29.855
G0 X113.377 Y29.586
G1 F1500 E84.2828
G1 F1026.1 X112.919 Y29.721 E84.29868
G1 X112.476 Y29.74 E84.31343
G1 X111.999 Y29.636 E84.32967
G1 X111.623 Y29.45 E84.34362
G1 X111.254 Y29.137 E84.35971
G1 X111.002 Y28.784 E84.37414
G1 X110.829 Y28.322 E84.39055
G1 X110.777 Y27.922 E84.40396
G1 X110.829 Y27.47 E84.4191
G1 X111.002 Y27.012 E84.43538
G1 X111.277 Y26.632 E84.45098
G1 X111.626 Y26.341 E84.4661
G1 X112.042 Y26.14 E84.48146
G1 X112.441 Y26.054 E84.49504
G1 X112.944 Y26.075 E84.51178
G1 X113.377 Y26.206 E84.52683
G1 X113.771 Y26.435 E84.54199
G1 X113.828 Y26.535 E84.54581
G1 X113.829 Y29.256 E84.63632
G1 X113.772 Y29.356 E84.64014
G1 X113.377 Y29.586 E84.65535
G0 F15000 X113.532 Y29.855
G0 X114.708 Y28.979
;TYPE:FILL
G1 F1026.1 X116.45 Y30.72 E84.73726
G0 F15000 X114.709 Y28.071
G1 F1026.1 X117.717 Y27.265 E84.84084
G0 F15000 X112.624 Y25.178
G1 F1026.1 X113.162 Y23.172 E84.90991
G0 F15000 X111.265 Y25.536
G1 F1026.1 X109.536 Y23.806 E84.99126
G0 F15000 X110.268 Y29.261
G1 F1026.1 X108.271 Y29.796 E85.06003
G0 F15000 X111.264 Y30.254
G1 F1026.1 X110.63 Y32.62 E85.1415
G0 F15000 X110.63 Y32.49
;MESH:NONMESH
G0 F300 X110.63 Y32.49 Z1.2
G0 F15000 X114.13 Y30.073
;TIME_ELAPSED:166.228158
;LAYER:5
;note -- min layer time used
;TYPE:WALL-INNER
;MESH:WheelAdapter_v8.stl
G1 F1027 X113.668 Y30.342 E85.15928
G1 X113.014 Y30.521 E85.18183
G1 X112.381 Y30.543 E85.2029
G1 X111.755 Y30.408 E85.2242
G1 X111.162 Y30.115 E85.2462
G1 X110.672 Y29.695 E85.26766
G1 X110.28 Y29.143 E85.29018
G1 X110.051 Y28.544 E85.31151
G1 X109.967 Y27.895 E85.33327
G1 X110.051 Y27.249 E85.35494
G1 X110.279 Y26.655 E85.3761
G1 X110.659 Y26.108 E85.39826
G1 X111.161 Y25.678 E85.42024
G1 X111.636 Y25.441 E85.4379
G1 X111.874 Y25.358 E85.44628
G1 X112.384 Y25.249 E85.46363
G1 X113.045 Y25.272 E85.48562
G1 X113.675 Y25.454 E85.50743
G1 X114.13 Y25.719 E85.52495
G1 X114.394 Y25.938 E85.53636
G1 X114.57 Y26.245 E85.54813
G1 X114.628 Y26.584 E85.55956
G1 X114.629 Y29.208 E85.64684
G1 X114.569 Y29.552 E85.65845
G1 X114.395 Y29.854 E85.67005
G1 X114.13 Y30.073 E85.68148
G0 F15000 X114.054 Y29.654
G1 F1027 X113.514 Y29.969 E85.70227
G1 X112.988 Y30.115 E85.72043
G1 X112.421 Y30.143 E85.73931
G1 X111.89 Y30.028 E85.75738
G1 X111.384 Y29.778 E85.77615
G1 X110.965 Y29.42 E85.79448
G1 X110.638 Y28.959 E85.81328
G1 X110.439 Y28.438 E85.83183
G1 X110.376 Y27.896 E85.84998
G1 X110.44 Y27.35 E85.86826
G1 X110.656 Y26.812 E85.88755
G1 X110.96 Y26.377 E85.9052
G1 X111.383 Y26.015 E85.92372
G1 X111.883 Y25.765 E85.94231
G1 X112.419 Y25.65 E85.96054
G1 X112.984 Y25.671 E85.97935
G1 X113.514 Y25.824 E85.99769
G1 X114.055 Y26.138 E86.0185
G1 X114.193 Y26.38 E86.02776
G1 X114.228 Y26.584 E86.03465
G1 X114.229 Y29.208 E86.12192
G1 X114.193 Y29.415 E86.12891
G1 X114.054 Y29.654 E86.13811
G0 F15000 X114.21 Y29.924
G0 X115.398 Y32.7
G1 F1027 X118.172 Y27.896 E86.32261
G1 X115.398 Y23.092 E86.50712
G1 X109.855 Y23.093 E86.69148
G1 X107.083 Y27.896 E86.87593
G1 X109.855 Y32.699 E87.06037
G1 X115.398 Y32.7 E87.24473
G0 F15000 X115.629 Y33.1
G1 F1027 X118.634 Y27.896 E87.4446
G1 X115.629 Y22.692 E87.64447
G1 X109.623 Y22.693 E87.84423
G1 X106.621 Y27.896 E88.04402
G1 X109.623 Y33.099 E88.24382
G1 X115.629 Y33.1 E88.44358
G0 F15000 X115.86 Y33.5
;TYPE:WALL-OUTER
G1 F1027 X119.096 Y27.896 E88.65881
G1 X115.86 Y22.292 E88.87404
G1 X109.392 Y22.293 E89.08917
G1 X106.159 Y27.896 E89.30432
G1 X109.392 Y33.499 E89.51948
G1 X115.86 Y33.5 E89.7346
G1 F1500 E83.2346
G0 F15000 X115.691 Y33.204
G0 X113.532 Y29.855
G0 X113.377 Y29.586
G1 F1500 E89.7346
G1 F1027 X112.919 Y29.721 E89.75049
G1 X112.476 Y29.74 E89.76523
G1 X111.999 Y29.636 E89.78147
G1 X111.623 Y29.45 E89.79542
G1 X111.254 Y29.137 E89.81152
G1 X111.002 Y28.784 E89.82594
G1 X110.829 Y28.322 E89.84235
G1 X110.777 Y27.922 E89.85577
G1 X110.829 Y27.47 E89.8709
G1 X111.002 Y27.012 E89.88718
G1 X111.277 Y26.632 E89.90278
G1 X111.626 Y26.341 E89.9179
G1 X112.042 Y26.14 E89.93326
G1 X112.441 Y26.054 E89.94684
G1 X112.944 Y26.075 E89.96358
G1 X113.377 Y26.206 E89.97863
G1 X113.771 Y26.435 E89.99379
G1 X113.828 Y26.535 E89.99762
G1 X113.829 Y29.256 E90.08812
G1 X113.772 Y29.356 E90.09195
G1 X113.377 Y29.586 E90.10715
G0 F15000 X113.532 Y29.855
G0 X113.969 Y29.539
G0 X114.708 Y28.779
;TYPE:FILL
G1 F1027 X116.523 Y30.594 E90.19252
G0 F15000 X114.709 Y28.217
G1 F1027 X117.79 Y27.391 E90.29861
G0 F15000 X114.407 Y25.935
G0 X112.48 Y25.173
G1 F1027 X113.016 Y23.172 E90.36751
G0 F15000 X111.398 Y25.469
G1 F1027 X109.609 Y23.68 E90.45166
G0 F15000 X109.944 Y26.417
G0 X110.354 Y29.383
G1 F1027 X108.344 Y29.922 E90.52088
G0 F15000 X111.139 Y30.177
G1 F1027 X110.484 Y32.62 E90.605
G0 F15000 X110.484 Y32.49
;MESH:NONMESH
G0 F300 X110.484 Y32.49 Z1.4
G0 F15000 X114.13 Y30.073
;TIME_ELAPSED:178.356031
;LAYER:6
;note -- min layer time used
;TYPE:WALL-INNER
;MESH:WheelAdapter_v8.stl
G1 F1029.4 X113.668 Y30.342 E90.62278
G1 X113.014 Y30.521 E90.64533
G1 X112.381 Y30.543 E90.6664
G1 X111.755 Y30.408 E90.6877
G1 X111.162 Y30.115 E90.7097
G1 X110.672 Y29.695 E90.73116
G1 X110.28 Y29.143 E90.75368
G1 X110.051 Y28.544 E90.77501
G1 X109.967 Y27.895 E90.79678
G1 X110.051 Y27.249 E90.81844
G1 X110.279 Y26.655 E90.83961
G1 X110.659 Y26.108 E90.86176
G1 X111.161 Y25.678 E90.88374
G1 X111.636 Y25.441 E90.9014
G1 X111.874 Y25.358 E90.90978
G1 X112.384 Y25.249 E90.92713
G1 X113.045 Y25.272 E90.94913
G1 X113.675 Y25.454 E90.97094
G1 X114.13 Y25.719 E90.98845
G1 X114.394 Y25.938 E90.99986
G1 X114.57 Y26.245 E91.01163
G1 X114.628 Y26.584 E91.02307
G1 X114.629 Y29.208 E91.11034
G1 X114.569 Y29.552 E91.12196
G1 X114.395 Y29.854 E91.13355
G1 X114.13 Y30.073 E91.14498
G0 F15000 X114.054 Y29.654
G1 F1029.4 X113.514 Y29.969 E91.16578
G1 X112.988 Y30.115 E91.18393
G1 X112.421 Y30.143 E91.20281
G1 X111.89 Y30.028 E91.22089
G1 X111.384 Y29.778 E91.23966
G1 X110.965 Y29.42 E91.25799
G1 X110.638 Y28.959 E91.27679
G1 X110.439 Y28.438 E91.29534
G1 X110.376 Y27.896 E91.31348
G1 X110.44 Y27.35 E91.33177
G1 X110.656 Y26.812 E91.35105
G1 X110.96 Y26.377 E91.3687
G1 X111.383 Y26.015 E91.38722
G1 X111.883 Y25.765 E91.40581
G1 X112.419 Y25.65 E91.42405
G1 X112.984 Y25.671 E91.44285
G1 X113.514 Y25.824 E91.4612
G1 X114.055 Y26.138 E91.482
G1 X114.193 Y26.38 E91.49127
G1 X114.228 Y26.584 E91.49815
G1 X114.229 Y29.208 E91.58543
G1 X114.193 Y29.415 E91.59242
G1 X114.054 Y29.654 E91.60161
G0 F15000 X114.21 Y29.924
G0 X115.398 Y32.7
G1 F1029.4 X118.172 Y27.896 E91.78612
G1 X115.398 Y23.092 E91.97062
G1 X109.855 Y23.093 E92.15499
G1 X107.083 Y27.896 E92.33943
G1 X109.855 Y32.699 E92.52388
G1 X115.398 Y32.7 E92.70824
G0 F15000 X115.629 Y33.1
G1 F1029.4 X118.634 Y27.896 E92.90811
G1 X115.629 Y22.692 E93.10798
G1 X109.623 Y22.693 E93.30774
G1 X106.621 Y27.896 E93.50753
G1 X109.623 Y33.099 E93.70732
G1 X115.629 Y33.1 E93.90708
G0 F15000 X115.86 Y33.5
;TYPE:WALL-OUTER
G1 F1029.4 X119.096 Y27.896 E94.12231
G1 X115.86 Y22.292 E94.33755
G1 X109.392 Y22.293 E94.55267
G1 X106.159 Y27.896 E94.76783
G1 X109.392 Y33.499 E94.98298
G1 X115.86 Y33.5 E95.19811
G1 F1500 E88.69811
G0 F15000 X115.691 Y33.204
G0 X113.532 Y29.855
G0 X113.377 Y29.586
G1 F1500 E95.19811
G1 F1029.4 X112.919 Y29.721 E95.21399
G1 X112.476 Y29.74 E95.22874
G1 X111.999 Y29.636 E95.24497
G1 X111.623 Y29.45 E95.25893
G1 X111.254 Y29.137 E95.27502
G1 X111.002 Y28.784 E95.28945
G1 X110.829 Y28.322 E95.30585
G1 X110.777 Y27.922 E95.31927
G1 X110.829 Y27.47 E95.3344
G1 X111.002 Y27.012 E95.35069
G1 X111.277 Y26.632 E95.36629
G1 X111.626 Y26.341 E95.3814
G1 X112.042 Y26.14 E95.39677
G1 X112.441 Y26.054 E95.41034
G1 X112.944 Y26.075 E95.42709
G1 X113.377 Y26.206 E95.44213
G1 X113.771 Y26.435 E95.45729
G1 X113.828 Y26.535 E95.46112
G1 X113.829 Y29.256 E95.55162
G1 X113.772 Y29.356 E95.55545
G1 X113.377 Y29.586 E95.57065
G0 F15000 X113.532 Y29.855
G0 X113.969 Y29.539
G0 X114.708 Y28.58
;TYPE:FILL
G1 F1029.4 X116.596 Y30.467 E95.65943
G0 F15000 X114.709 Y28.362
G1 F1029.4 X117.862 Y27.518 E95.768
G0 F15000 X113.613 Y25.593
G0 X112.332 Y25.178
G1 F1029.4 X112.869 Y23.172 E95.83706
G0 F15000 X111.532 Y25.404
G1 F1029.4 X109.681 Y23.553 E95.92413
G0 F15000 X110.199 Y28.508
G0 X110.441 Y29.506
G1 F1029.4 X108.417 Y30.048 E95.99382
G0 F15000 X111.015 Y30.094
G1 F1029.4 X110.338 Y32.619 E96.08077
G0 F15000 X110.338 Y32.49
;MESH:NONMESH
G0 F300 X110.338 Y32.49 Z1.6
G0 F15000 X114.13 Y30.073
;TIME_ELAPSED:190.486414
;LAYER:7
;note -- min layer time used
;TYPE:WALL-INNER
;MESH:WheelAdapter_v8.stl
G1 F1031.6 X113.668 Y30.342 E96.09855
G1 X113.014 Y30.521 E96.1211
G1 X112.381 Y30.543 E96.14217
G1 X111.755 Y30.408 E96.16347
G1 X111.162 Y30.115 E96.18547
G1 X110.672 Y29.695 E96.20693
G1 X110.28 Y29.143 E96.22945
G1 X110.051 Y28.544 E96.25078
G1 X109.967 Y27.895 E96.27255
G1 X110.051 Y27.249 E96.29421
G1 X110.279 Y26.655 E96.31537
G1 X110.659 Y26.108 E96.33753
G1 X111.161 Y25.678 E96.35951
G1 X111.636 Y25.441 E96.37717
G1 X111.874 Y25.358 E96.38555
G1 X112.384 Y25.249 E96.4029
G1 X113.045 Y25.272 E96.42489
G1 X113.675 Y25.454 E96.44671
G1 X114.13 Y25.719 E96.46422
G1 X114.394 Y25.938 E96.47563
G1 X114.57 Y26.245 E96.4874
G1 X114.628 Y26.584 E96.49884
G1 X114.629 Y29.208 E96.58611
G1 X114.569 Y29.552 E96.59772
G1 X114.395 Y29.854 E96.60932
G1 X114.13 Y30.073 E96.62075
G0 F15000 X114.054 Y29.654
G1 F1031.6 X113.514 Y29.969 E96.64154
G1 X112.988 Y30.115 E96.6597
G1 X112.421 Y30.143 E96.67858
G1 X111.89 Y30.028 E96.69665
G1 X111.384 Y29.778 E96.71542
G1 X110.965 Y29.42 E96.73375
G1 X110.638 Y28.959 E96.75255
G1 X110.439 Y28.438 E96.7711
G1 X110.376 Y27.896 E96.78925
G1 X110.44 Y27.35 E96.80753
G1 X110.656 Y26.812 E96.82682
G1 X110.96 Y26.377 E96.84447
G1 X111.383 Y26.015 E96.86299
G1 X111.883 Y25.765 E96.88158
G1 X112.419 Y25.65 E96.89981
G1 X112.984 Y25.671 E96.91862
G1 X113.514 Y25.824 E96.93696
G1 X114.055 Y26.138 E96.95777
G1 X114.193 Y26.38 E96.96704
G1 X114.228 Y26.584 E96.97392
G1 X114.229 Y29.208 E97.06119
G1 X114.193 Y29.415 E97.06818
G1 X114.054 Y29.654 E97.07738
G0 F15000 X114.21 Y29.924
G0 X115.398 Y32.7
G1 F1031.6 X118.172 Y27.896 E97.26188
G1 X115.398 Y23.092 E97.44639
G1 X109.855 Y23.093 E97.63075
G1 X107.083 Y27.896 E97.8152
G1 X109.855 Y32.699 E97.99964
G1 X115.398 Y32.7 E98.184
G0 F15000 X115.629 Y33.1
G1 F1031.6 X118.634 Y27.896 E98.38387
G1 X115.629 Y22.692 E98.58374
G1 X109.623 Y22.693 E98.7835
G1 X106.621 Y27.896 E98.98329
G1 X109.623 Y33.099 E99.18309
G1 X115.629 Y33.1 E99.38285
G0 F15000 X115.86 Y33.5
;TYPE:WALL-OUTER
G1 F1031.6 X119.096 Y27.896 E99.59808
G1 X115.86 Y22.292 E99.81331
G1 X109.392 Y22.293 E100.02844
G1 X106.159 Y27.896 E100.24359
G1 X109.392 Y33.499 E100.45875
G1 X115.86 Y33.5 E100.67388
G1 F1500 E94.17388
G0 F15000 X115.691 Y33.204
G0 X113.532 Y29.855
G0 X113.377 Y29.586
G1 F1500 E100.67388
G1 F1031.6 X112.919 Y29.721 E100.68976
G1 X112.476 Y29.74 E100.7045
G1 X111.999 Y29.636 E100.72074
G1 X111.623 Y29.45 E100.73469
G1 X111.254 Y29.137 E100.75079
G1 X111.002 Y28.784 E100.76521
G1 X110.829 Y28.322 E100.78162
G1 X110.777 Y27.922 E100.79504
G1 X110.829 Y27.47 E100.81017
G1 X111.002 Y27.012 E100.82645
G1 X111.277 Y26.632 E100.84205
G1 X111.626 Y26.341 E100.85717
G1 X112.042 Y26.14 E100.87254
G1 X112.441 Y26.054 E100.88611
G1 X112.944 Y26.075 E100.90286
G1 X113.377 Y26.206 E100.9179
G1 X113.771 Y26.435 E100.93306
G1 X113.828 Y26.535 E100.93689
G1 X113.829 Y29.256 E101.02739
G1 X113.772 Y29.356 E101.03122
G1 X113.377 Y29.586 E101.04642
G0 F15000 X113.532 Y29.855
G0 X114.018 Y29.504
G0 X114.709 Y28.509
;TYPE:FILL
G1 F1031.6 X117.936 Y27.645 E101.15753
G0 F15000 X116.669 Y30.34
G1 F1031.6 X114.708 Y28.379 E101.24977
G0 F15000 X114.472 Y26.101
G0 X113.699 Y25.644
G0 X112.176 Y25.211
G1 F1031.6 X112.722 Y23.172 E101.31998
G0 F15000 X111.673 Y25.344
G1 F1031.6 X109.755 Y23.426 E101.41019
G0 F15000 X110.199 Y28.508
G0 X110.528 Y29.63
G1 F1031.6 X108.491 Y30.176 E101.48034
G0 F15000 X110.895 Y29.994
G1 F1031.6 X110.191 Y32.62 E101.57076
G0 F15000 X110.191 Y32.49
;MESH:NONMESH
G0 F300 X110.191 Y32.49 Z1.8
G0 F15000 X114.13 Y30.073
;TIME_ELAPSED:202.642620
;LAYER:8
;note -- min layer time used
;TYPE:WALL-INNER
;MESH:WheelAdapter_v8.stl
G1 F1034.2 X113.668 Y30.342 E101.58854
G1 X113.014 Y30.521 E101.61109
G1 X112.381 Y30.543 E101.63216
G1 X111.755 Y30.408 E101.65346
G1 X111.162 Y30.115 E101.67546
G1 X110.672 Y29.695 E101.69692
G1 X110.28 Y29.143 E101.71944
G1 X110.051 Y28.544 E101.74077
G1 X109.967 Y27.895 E101.76254
G1 X110.051 Y27.249 E101.7842
G1 X110.279 Y26.655 E101.80537
G1 X110.659 Y26.108 E101.82752
G1 X111.161 Y25.678 E101.8495
G1 X111.636 Y25.441 E101.86716
G1 X111.874 Y25.358 E101.87554
G1 X112.384 Y25.249 E101.89289
G1 X113.045 Y25.272 E101.91489
G1 X113.675 Y25.454 E101.9367
G1 X114.13 Y25.719 E101.95421
G1 X114.394 Y25.938 E101.96562
G1 X114.57 Y26.245 E101.97739
G1 X114.628 Y26.584 E101.98883
G1 X114.629 Y29.208 E102.0761
G1 X114.569 Y29.552 E102.08772
G1 X114.395 Y29.854 E102.09931
G1 X114.13 Y30.073 E102.11074
G0 F15000 X114.054 Y29.654
G1 F1034.2 X113.514 Y29.969 E102.13154
G1 X112.988 Y30.115 E102.14969
G1 X112.421 Y30.143 E102.16857
G1 X111.89 Y30.028 E102.18664
G1 X111.384 Y29.778 E102.20542
G1 X110.965 Y29.42 E102.22375
G1 X110.638 Y28.959 E102.24254
G1 X110.439 Y28.438 E102.26109
G1 X110.376 Y27.896 E102.27924
G1 X110.44 Y27.35 E102.29753
G1 X110.656 Y26.812 E102.31681
G1 X110.96 Y26.377 E102.33446
G1 X111.383 Y26.015 E102.35298
G1 X111.883 Y25.765 E102.37157
G1 X112.419 Y25.65 E102.3898
G1 X112.984 Y25.671 E102.40861
G1 X113.514 Y25.824 E102.42696
G1 X114.055 Y26.138 E102.44776
G1 X114.193 Y26.38 E102.45703
G1 X114.228 Y26.584 E102.46391
G1 X114.229 Y29.208 E102.55119
G1 X114.193 Y29.415 E102.55817
G1 X114.054 Y29.654 E102.56737
G0 F15000 X114.21 Y29.924
G0 X115.398 Y32.7
G1 F1034.2 X118.172 Y27.896 E102.75188
G1 X115.398 Y23.092 E102.93638
G1 X109.855 Y23.093 E103.12074
G1 X107.083 Y27.896 E103.30519
G1 X109.855 Y32.699 E103.48963
G1 X115.398 Y32.7 E103.674
G0 F15000 X115.629 Y33.1
G1 F1034.2 X118.634 Y27.896 E103.87387
G1 X115.629 Y22.692 E104.07374
G1 X109.623 Y22.693 E104.2735
G1 X106.621 Y27.896 E104.47329
G1 X109.623 Y33.099 E104.67308
G1 X115.629 Y33.1 E104.87284
G0 F15000 X115.86 Y33.5
;TYPE:WALL-OUTER
G1 F1034.2 X119.096 Y27.896 E105.08807
G1 X115.86 Y22.292 E105.30331
G1 X109.392 Y22.293 E105.51843
G1 X106.159 Y27.896 E105.73359
G1 X109.392 Y33.499 E105.94874
G1 X115.86 Y33.5 E106.16387
G1 F1500 E99.66387
G0 F15000 X115.691 Y33.204
G0 X113.532 Y29.855
G0 X113.377 Y29.586
G1 F1500 E106.16387
G1 F1034.2 X112.919 Y29.721 E106.17975
G1 X112.476 Y29.74 E106.1945
G1 X111.999 Y29.636 E106.21073
G1 X111.623 Y29.45 E106.22469
G1 X111.254 Y29.137 E106.24078
G1 X111.002 Y28.784 E106.25521
G1 X110.829 Y28.322 E106.27161
G1 X110.777 Y27.922 E106.28503
G1 X110.829 Y27.47 E106.30016
G1 X111.002 Y27.012 E106.31645
G1 X111.277 Y26.632 E106.33205
G1 X111.626 Y26.341 E106.34716
G1 X112.042 Y26.14 E106.36253
G1 X112.441 Y26.054 E106.3761
G1 X112.944 Y26.075 E106.39285
G1 X113.377 Y26.206 E106.40789
G1 X113.771 Y26.435 E106.42305
G1 X113.828 Y26.535 E106.42688
G1 X113.829 Y29.256 E106.51738
G1 X113.772 Y29.356 E106.52121
G1 X113.377 Y29.586 E106.53641
G0 F15000 X113.532 Y29.855
G0 X113.969 Y29.539
G0 X114.709 Y28.655
;TYPE:FILL
G1 F1034.2 X118.009 Y27.771 E106.65004
G0 F15000 X116.743 Y30.214
G1 F1034.2 X114.708 Y28.18 E106.74574
G0 F15000 X114.472 Y26.101
G0 X113.613 Y25.593
G0 X112.021 Y25.244
G1 F1034.2 X112.576 Y23.173 E106.81705
G0 F15000 X111.821 Y25.293
G1 F1034.2 X109.828 Y23.299 E106.91082
G0 F15000 X110.199 Y28.508
G0 X110.615 Y29.753
G1 F1034.2 X108.563 Y30.302 E106.98147
G0 F15000 X110.776 Y29.892
G1 F1034.2 X110.045 Y32.619 E107.07537
G0 F15000 X110.045 Y32.49
;MESH:NONMESH
G0 F300 X110.045 Y32.49 Z2
G0 F15000 X114.13 Y30.073
;TIME_ELAPSED:214.788425
;LAYER:9
;note -- min layer time used
;TYPE:WALL-INNER
;MESH:WheelAdapter_v8.stl
G1 F1036.8 X113.668 Y30.342 E107.09315
G1 X113.014 Y30.521 E107.1157
G1 X112.381 Y30.543 E107.13677
G1 X111.755 Y30.408 E107.15807
G1 X111.162 Y30.115 E107.18007
G1 X110.672 Y29.695 E107.20153
G1 X110.28 Y29.143 E107.22405
G1 X110.051 Y28.544 E107.24538
G1 X109.967 Y27.895 E107.26715
G1 X110.051 Y27.249 E107.28881
G1 X110.279 Y26.655 E107.30997
G1 X110.659 Y26.108 E107.33213
G1 X111.161 Y25.678 E107.35411
G1 X111.636 Y25.441 E107.37177
G1 X111.874 Y25.358 E107.38015
G1 X112.384 Y25.249 E107.3975
G1 X113.045 Y25.272 E107.4195
G1 X113.675 Y25.454 E107.44131
G1 X114.13 Y25.719 E107.45882
G1 X114.394 Y25.938 E107.47023
G1 X114.57 Y26.245 E107.482
G1 X114.628 Y26.584 E107.49344
G1 X114.629 Y29.208 E107.58071
G1 X114.569 Y29.552 E107.59233
G1 X114.395 Y29.854 E107.60392
G1 X114.13 Y30.073 E107.61535
G0 F15000 X114.054 Y29.654
G1 F1036.8 X113.514 Y29.969 E107.63614
G1 X112.988 Y30.115 E107.6543
G1 X112.421 Y30.143 E107.67318
G1 X111.89 Y30.028 E107.69125
G1 X111.384 Y29.778 E107.71002
G1 X110.965 Y29.42 E107.72835
G1 X110.638 Y28.959 E107.74715
G1 X110.439 Y28.438 E107.7657
G1 X110.376 Y27.896 E107.78385
G1 X110.44 Y27.35 E107.80214
G1 X110.656 Y26.812 E107.82142
G1 X110.96 Y26.377 E107.83907
G1 X111.383 Y26.015 E107.85759
G1 X111.883 Y25.765 E107.87618
G1 X112.419 Y25.65 E107.89441
G1 X112.984 Y25.671 E107.91322
G1 X113.514 Y25.824 E107.93157
G1 X114.055 Y26.138 E107.95237
G1 X114.193 Y26.38 E107.96164
G1 X114.228 Y26.584 E107.96852
G1 X114.229 Y29.208 E108.0558
G1 X114.193 Y29.415 E108.06278
G1 X114.054 Y29.654 E108.07198
G0 F15000 X114.21 Y29.924
G0 X115.398 Y32.7
G1 F1036.8 X118.172 Y27.896 E108.25649
G1 X115.398 Y23.092 E108.44099
G1 X109.855 Y23.093 E108.62535
G1 X107.083 Y27.896 E108.8098
G1 X109.855 Y32.699 E108.99424
G1 X115.398 Y32.7 E109.1786
G0 F15000 X115.629 Y33.1
G1 F1036.8 X118.634 Y27.896 E109.37847
G1 X115.629 Y22.692 E109.57834
G1 X109.623 Y22.693 E109.7781
G1 X106.621 Y27.896 E109.9779
G1 X109.623 Y33.099 E110.17769
G1 X115.629 Y33.1 E110.37745
G0 F15000 X115.86 Y33.5
;TYPE:WALL-OUTER
G1 F1036.8 X119.096 Y27.896 E110.59268
G1 X115.86 Y22.292 E110.80791
G1 X109.392 Y22.293 E111.02304
G1 X106.159 Y27.896 E111.23819
G1 X109.392 Y33.499 E111.45335
G1 X115.86 Y33.5 E111.66848
G1 F1500 E105.16848
G0 F15000 X115.691 Y33.204
G0 X113.532 Y29.855
G0 X113.377 Y29.586
G1 F1500 E111.66848
G1 F1036.8 X112.919 Y29.721 E111.68436
G1 X112.476 Y29.74 E111.6991
G1 X111.999 Y29.636 E111.71534
G1 X111.623 Y29.45 E111.72929
G1 X111.254 Y29.137 E111.74539
G1 X111.002 Y28.784 E111.75981
G1 X110.829 Y28.322 E111.77622
G1 X110.777 Y27.922 E111.78964
G1 X110.829 Y27.47 E111.80477
G1 X111.002 Y27.012 E111.82105
G1 X111.277 Y26.632 E111.83666
G1 X111.626 Y26.341 E111.85177
G1 X112.042 Y26.14 E111.86714
G1 X112.441 Y26.054 E111.88071
G1 X112.944 Y26.075 E111.89746
G1 X113.377 Y26.206 E111.9125
G1 X113.771 Y26.435 E111.92766
G1 X113.828 Y26.535 E111.93149
G1 X113.829 Y29.256 E112.02199
G1 X113.772 Y29.356 E112.02582
G1 X113.377 Y29.586 E112.04102
G0 F15000 X113.532 Y29.855
G0 X113.969 Y29.539
G0 X114.709 Y28.802
;TYPE:FILL
G1 F1036.8 X118.077 Y27.9 E112.15699
G0 F15000 X116.816 Y30.087
G1 F1036.8 X114.708 Y27.979 E112.25614
G0 F15000 X114.472 Y26.101
G0 X113.613 Y25.593
G0 X111.982 Y25.252
G1 F1036.8 X109.903 Y23.173 E112.35393
G0 F15000 X112.429 Y23.172
G1 F1036.8 X111.865 Y25.277 E112.42641
G0 F15000 X110.779 Y26.207
G0 X110.421 Y26.71
G0 X110.199 Y27.286
G0 X110.122 Y27.897
G0 X110.184 Y28.392
G0 X110.656 Y29.79
G1 F1036.8 X109.899 Y32.615 E112.52369
G0 F15000 X108.636 Y30.43
G1 F1036.8 X110.745 Y29.865 E112.59631
G0 F15000 X110.662 Y29.961
;MESH:NONMESH
G0 F300 X110.662 Y29.961 Z2.2
G0 F15000 X112.405 Y30.393
G0 X112.905 Y30.376
G0 X114.13 Y30.073
;TIME_ELAPSED:226.892622
;LAYER:10
;note -- min layer time used
;TYPE:WALL-INNER
;MESH:WheelAdapter_v8.stl
G1 F1035.6 X113.668 Y30.342 E112.61409
G1 X113.014 Y30.521 E112.63664
G1 X112.381 Y30.543 E112.65771
G1 X111.755 Y30.408 E112.67901
G1 X111.162 Y30.115 E112.70101
G1 X110.672 Y29.695 E112.72247
G1 X110.28 Y29.143 E112.74499
G1 X110.051 Y28.544 E112.76632
G1 X109.967 Y27.895 E112.78808
G1 X110.051 Y27.249 E112.80975
G1 X110.279 Y26.655 E112.83091
G1 X110.659 Y26.108 E112.85307
G1 X111.161 Y25.678 E112.87505
G1 X111.636 Y25.441 E112.89271
G1 X111.874 Y25.358 E112.90109
G1 X112.384 Y25.249 E112.91844
G1 X113.045 Y25.272 E112.94043
G1 X113.675 Y25.454 E112.96224
G1 X114.13 Y25.719 E112.97976
G1 X114.394 Y25.938 E112.99117
G1 X114.57 Y26.245 E113.00294
G1 X114.628 Y26.584 E113.01437
G1 X114.629 Y29.208 E113.10165
G1 X114.569 Y29.552 E113.11326
G1 X114.395 Y29.854 E113.12486
G1 X114.13 Y30.073 E113.13629
G0 F15000 X114.054 Y29.654
G1 F1035.6 X113.514 Y29.969 E113.15708
G1 X112.988 Y30.115 E113.17524
G1 X112.421 Y30.143 E113.19412
G1 X111.89 Y30.028 E113.21219
G1 X111.384 Y29.778 E113.23096
G1 X110.965 Y29.42 E113.24929
G1 X110.638 Y28.959 E113.26809
G1 X110.439 Y28.438 E113.28664
G1 X110.376 Y27.896 E113.30479
G1 X110.44 Y27.35 E113.32307
G1 X110.656 Y26.812 E113.34236
G1 X110.96 Y26.377 E113.36001
G1 X111.383 Y26.015 E113.37852
G1 X111.883 Y25.765 E113.39712
G1 X112.419 Y25.65 E113.41535
G1 X112.984 Y25.671 E113.43416
G1 X113.514 Y25.824 E113.4525
G1 X114.055 Y26.138 E113.47331
G1 X114.193 Y26.38 E113.48257
G1 X114.228 Y26.584 E113.48946
G1 X114.229 Y29.208 E113.57673
G1 X114.193 Y29.415 E113.58372
G1 X114.054 Y29.654 E113.59292
G0 F15000 X114.21 Y29.924
G0 X115.398 Y32.7
G1 F1035.6 X118.172 Y27.896 E113.77742
G1 X115.398 Y23.092 E113.96193
G1 X109.855 Y23.093 E114.14629
G1 X107.083 Y27.896 E114.33074
G1 X109.855 Y32.699 E114.51518
G1 X115.398 Y32.7 E114.69954
G0 F15000 X115.629 Y33.1
G1 F1035.6 X118.634 Y27.896 E114.89941
G1 X115.629 Y22.692 E115.09928
G1 X109.623 Y22.693 E115.29904
G1 X106.621 Y27.896 E115.49883
G1 X109.623 Y33.099 E115.69863
G1 X115.629 Y33.1 E115.89839
G0 F15000 X115.86 Y33.5
;TYPE:WALL-OUTER
G1 F1035.6 X119.096 Y27.896 E116.11362
G1 X115.86 Y22.292 E116.32885
G1 X109.392 Y22.293 E116.54398
G1 X106.159 Y27.896 E116.75913
G1 X109.392 Y33.499 E116.97429
G1 X115.86 Y33.5 E117.18941
G1 F1500 E110.68941
G0 F15000 X115.691 Y33.204
G0 X113.532 Y29.855
G0 X113.377 Y29.586
G1 F1500 E117.18941
G1 F1035.6 X112.919 Y29.721 E117.2053
G1 X112.476 Y29.74 E117.22004
G1 X111.999 Y29.636 E117.23628
G1 X111.623 Y29.45 E117.25023
G1 X111.254 Y29.137 E117.26633
G1 X111.002 Y28.784 E117.28075
G1 X110.829 Y28.322 E117.29716
G1 X110.777 Y27.922 E117.31058
G1 X110.829 Y27.47 E117.32571
G1 X111.002 Y27.012 E117.34199
G1 X111.277 Y26.632 E117.35759
G1 X111.626 Y26.341 E117.37271
G1 X112.042 Y26.14 E117.38807
G1 X112.441 Y26.054 E117.40165
G1 X112.944 Y26.075 E117.41839
G1 X113.377 Y26.206 E117.43344
G1 X113.771 Y26.435 E117.4486
G1 X113.828 Y26.535 E117.45243
G1 X113.829 Y29.256 E117.54293
G1 X113.772 Y29.356 E117.54676
G1 X113.377 Y29.586 E117.56196
G0 F15000 X113.532 Y29.855
G0 X114.709 Y28.949
;TYPE:FILL
G1 F1035.6 X117.978 Y28.073 E117.67452
G0 F15000 X116.889 Y29.96
G1 F1035.6 X114.708 Y27.779 E117.77711
G0 F15000 X114.472 Y26.101
G0 X113.699 Y25.644
G0 X112.146 Y25.217
G1 F1035.6 X110.102 Y23.173 E117.87325
G0 F15000 X112.284 Y23.172
G1 F1035.6 X111.704 Y25.334 E117.9477
G0 F15000 X110.779 Y26.207
G0 X110.421 Y26.71
G0 X110.199 Y27.286
G0 X110.122 Y27.897
G0 X110.165 Y28.243
G0 X110.546 Y29.657
G1 F1035.6 X109.8 Y32.443 E118.04363
G0 F15000 X108.71 Y30.556
G1 F1035.6 X110.875 Y29.976 E118.11818
G0 F15000 X110.792 Y30.072
;MESH:NONMESH
G0 F300 X110.792 Y30.072 Z2.4
G0 F15000 X112.405 Y30.393
G0 X112.905 Y30.376
G0 X114.13 Y30.073
;TIME_ELAPSED:238.951559
;LAYER:11
;note -- min layer time used
;TYPE:WALL-INNER
;MESH:WheelAdapter_v8.stl
G1 F1035.1 X113.668 Y30.342 E118.13596
G1 X113.014 Y30.521 E118.15851
G1 X112.381 Y30.543 E118.17958
G1 X111.755 Y30.408 E118.20088
G1 X111.162 Y30.115 E118.22288
G1 X110.672 Y29.695 E118.24434
G1 X110.28 Y29.143 E118.26686
G1 X110.051 Y28.544 E118.28819
G1 X109.967 Y27.895 E118.30995
G1 X110.051 Y27.249 E118.33162
G1 X110.279 Y26.655 E118.35278
G1 X110.659 Y26.108 E118.37494
G1 X111.161 Y25.678 E118.39692
G1 X111.636 Y25.441 E118.41458
G1 X111.874 Y25.358 E118.42296
G1 X112.384 Y25.249 E118.44031
G1 X113.045 Y25.272 E118.4623
G1 X113.675 Y25.454 E118.48411
G1 X114.13 Y25.719 E118.50163
G1 X114.394 Y25.938 E118.51304
G1 X114.57 Y26.245 E118.52481
G1 X114.628 Y26.584 E118.53625
G1 X114.629 Y29.208 E118.62352
G1 X114.569 Y29.552 E118.63513
G1 X114.395 Y29.854 E118.64673
G1 X114.13 Y30.073 E118.65816
G0 F15000 X114.054 Y29.654
G1 F1035.1 X113.514 Y29.969 E118.67895
G1 X112.988 Y30.115 E118.69711
G1 X112.421 Y30.143 E118.71599
G1 X111.89 Y30.028 E118.73406
G1 X111.384 Y29.778 E118.75283
G1 X110.965 Y29.42 E118.77116
G1 X110.638 Y28.959 E118.78996
G1 X110.439 Y28.438 E118.80851
G1 X110.376 Y27.896 E118.82666
G1 X110.44 Y27.35 E118.84494
G1 X110.656 Y26.812 E118.86423
G1 X110.96 Y26.377 E118.88188
G1 X111.383 Y26.015 E118.9004
G1 X111.883 Y25.765 E118.91899
G1 X112.419 Y25.65 E118.93722
G1 X112.984 Y25.671 E118.95603
G1 X113.514 Y25.824 E118.97437
G1 X114.055 Y26.138 E118.99518
G1 X114.193 Y26.38 E119.00445
G1 X114.228 Y26.584 E119.01133
G1 X114.229 Y29.208 E119.0986
G1 X114.193 Y29.415 E119.10559
G1 X114.054 Y29.654 E119.11479
G0 F15000 X114.21 Y29.924
G0 X115.398 Y32.7
G1 F1035.1 X118.172 Y27.896 E119.29929
G1 X115.398 Y23.092 E119.4838
G1 X109.855 Y23.093 E119.66816
G1 X107.083 Y27.896 E119.85261
G1 X109.855 Y32.699 E120.03705
G1 X115.398 Y32.7 E120.22141
G0 F15000 X115.629 Y33.1
G1 F1035.1 X118.634 Y27.896 E120.42128
G1 X115.629 Y22.692 E120.62115
G1 X109.623 Y22.693 E120.82091
G1 X106.621 Y27.896 E121.0207
G1 X109.623 Y33.099 E121.2205
G1 X115.629 Y33.1 E121.42026
G0 F15000 X115.86 Y33.5
;TYPE:WALL-OUTER
G1 F1035.1 X119.096 Y27.896 E121.63549
G1 X115.86 Y22.292 E121.85072
G1 X109.392 Y22.293 E122.06585
G1 X106.159 Y27.896 E122.281
G1 X109.392 Y33.499 E122.49616
G1 X115.86 Y33.5 E122.71128
G1 F1500 E116.21128
G0 F15000 X115.691 Y33.204
G0 X113.532 Y29.855
G0 X113.377 Y29.586
G1 F1500 E122.71128
G1 F1035.1 X112.919 Y29.721 E122.72717
G1 X112.476 Y29.74 E122.74191
G1 X111.999 Y29.636 E122.75815
G1 X111.623 Y29.45 E122.7721
G1 X111.254 Y29.137 E122.7882
G1 X111.002 Y28.784 E122.80262
G1 X110.829 Y28.322 E122.81903
G1 X110.777 Y27.922 E122.83245
G1 X110.829 Y27.47 E122.84758
G1 X111.002 Y27.012 E122.86386
G1 X111.277 Y26.632 E122.87946
G1 X111.626 Y26.341 E122.89458
G1 X112.042 Y26.14 E122.90994
G1 X112.441 Y26.054 E122.92352
G1 X112.944 Y26.075 E122.94026
G1 X113.377 Y26.206 E122.95531
G1 X113.771 Y26.435 E122.97047
G1 X113.828 Y26.535 E122.9743
G1 X113.829 Y29.256 E123.0648
G1 X113.772 Y29.356 E123.06863
G1 X113.377 Y29.586 E123.08383
G0 F15000 X113.532 Y29.855
G0 X114.709 Y29.096
;TYPE:FILL
G1 F1035.1 X117.877 Y28.247 E123.19291
G0 F15000 X116.963 Y29.833
G1 F1035.1 X114.708 Y27.578 E123.29898
G0 F15000 X114.472 Y26.101
G0 X113.776 Y25.69
G0 X112.311 Y25.181
G1 F1035.1 X110.303 Y23.173 E123.39343
G0 F15000 X112.137 Y23.172
G1 F1035.1 X111.539 Y25.401 E123.47019
G0 F15000 X110.779 Y26.207
G0 X110.421 Y26.71
G0 X110.199 Y27.286
G0 X110.122 Y27.897
G0 X110.439 Y29.506
G1 F1035.1 X109.699 Y32.269 E123.56533
G0 F15000 X108.783 Y30.683
G1 F1035.1 X111.007 Y30.088 E123.6419
G0 F15000 X110.925 Y30.185
;MESH:NONMESH
G0 F300 X110.925 Y30.185 Z2.6
G0 F15000 X112.405 Y30.393
G0 X112.905 Y30.376
G0 X114.13 Y30.073
;TIME_ELAPSED:250.962864
;LAYER:12
;note -- min layer time used
;TYPE:WALL-INNER
;MESH:WheelAdapter_v8.stl
G1 F1035.2 X113.668 Y30.342 E123.65968
G1 X113.014 Y30.521 E123.68223
G1 X112.381 Y30.543 E123.7033
G1 X111.755 Y30.408 E123.7246
G1 X111.162 Y30.115 E123.7466
G1 X110.672 Y29.695 E123.76806
G1 X110.28 Y29.143 E123.79058
G1 X110.051 Y28.544 E123.81191
G1 X109.967 Y27.895 E123.83368
G1 X110.051 Y27.249 E123.85534
G1 X110.279 Y26.655 E123.87651
G1 X110.659 Y26.108 E123.89866
G1 X111.161 Y25.678 E123.92064
G1 X111.636 Y25.441 E123.9383
G1 X111.874 Y25.358 E123.94668
G1 X112.384 Y25.249 E123.96403
G1 X113.045 Y25.272 E123.98603
G1 X113.675 Y25.454 E124.00784
G1 X114.13 Y25.719 E124.02535
G1 X114.394 Y25.938 E124.03676
G1 X114.57 Y26.245 E124.04853
G1 X114.628 Y26.584 E124.05997
G1 X114.629 Y29.208 E124.14724
G1 X114.569 Y29.552 E124.15886
G1 X114.395 Y29.854 E124.17045
G1 X114.13 Y30.073 E124.18188
G0 F15000 X114.054 Y29.654
G1 F1035.2 X113.514 Y29.969 E124.20268
G1 X112.988 Y30.115 E124.22083
G1 X112.421 Y30.143 E124.23971
G1 X111.89 Y30.028 E124.25778
G1 X111.384 Y29.778 E124.27656
G1 X110.965 Y29.42 E124.29489
G1 X110.638 Y28.959 E124.31368
G1 X110.439 Y28.438 E124.33223
G1 X110.376 Y27.896 E124.35038
G1 X110.44 Y27.35 E124.36867
G1 X110.656 Y26.812 E124.38795
G1 X110.96 Y26.377 E124.4056
G1 X111.383 Y26.015 E124.42412
G1 X111.883 Y25.765 E124.44271
G1 X112.419 Y25.65 E124.46094
G1 X112.984 Y25.671 E124.47975
G1 X113.514 Y25.824 E124.4981
G1 X114.055 Y26.138 E124.5189
G1 X114.193 Y26.38 E124.52817
G1 X114.228 Y26.584 E124.53505
G1 X114.229 Y29.208 E124.62233
G1 X114.193 Y29.415 E124.62931
G1 X114.054 Y29.654 E124.63851
G0 F15000 X114.21 Y29.924
G0 X115.398 Y32.7
G1 F1035.2 X118.172 Y27.896 E124.82302
G1 X115.398 Y23.092 E125.00752
G1 X109.855 Y23.093 E125.19188
G1 X107.083 Y27.896 E125.37633
G1 X109.855 Y32.699 E125.56077
G1 X115.398 Y32.7 E125.74514
G0 F15000 X115.629 Y33.1
G1 F1035.2 X118.634 Y27.896 E125.94501
G1 X115.629 Y22.692 E126.14488
G1 X109.623 Y22.693 E126.34464
G1 X106.621 Y27.896 E126.54443
G1 X109.623 Y33.099 E126.74422
G1 X115.629 Y33.1 E126.94398
G0 F15000 X115.86 Y33.5
;TYPE:WALL-OUTER
G1 F1035.2 X119.096 Y27.896 E127.15921
G1 X115.86 Y22.292 E127.37444
G1 X109.392 Y22.293 E127.58957
G1 X106.159 Y27.896 E127.80473
G1 X109.392 Y33.499 E128.01988
G1 X115.86 Y33.5 E128.23501
G1 F1500 E121.73501
G0 F15000 X115.691 Y33.204
G0 X113.532 Y29.855
G0 X113.377 Y29.586
G1 F1500 E128.23501
G1 F1035.2 X112.919 Y29.721 E128.25089
G1 X112.476 Y29.74 E128.26564
G1 X111.999 Y29.636 E128.28187
G1 X111.623 Y29.45 E128.29583
G1 X111.254 Y29.137 E128.31192
G1 X111.002 Y28.784 E128.32635
G1 X110.829 Y28.322 E128.34275
G1 X110.777 Y27.922 E128.35617
G1 X110.829 Y27.47 E128.3713
G1 X111.002 Y27.012 E128.38759
G1 X111.277 Y26.632 E128.40319
G1 X111.626 Y26.341 E128.4183
G1 X112.042 Y26.14 E128.43367
G1 X112.441 Y26.054 E128.44724
G1 X112.944 Y26.075 E128.46399
G1 X113.377 Y26.206 E128.47903
G1 X113.771 Y26.435 E128.49419
G1 X113.828 Y26.535 E128.49802
G1 X113.829 Y29.256 E128.58852
G1 X113.772 Y29.356 E128.59235
G1 X113.377 Y29.586 E128.60755
G0 F15000 X113.532 Y29.855
G0 X114.701 Y29.244
;TYPE:FILL
G1 F1035.2 X117.778 Y28.419 E128.71351
G0 F15000 X117.035 Y29.706
G1 F1035.2 X114.708 Y27.378 E128.82299
G0 F15000 X114.472 Y26.101
G0 X113.776 Y25.69
G0 X112.501 Y25.172
G1 F1035.2 X110.502 Y23.173 E128.91701
G0 F15000 X111.991 Y23.172
G1 F1035.2 X111.371 Y25.485 E128.99666
G0 F15000 X110.421 Y26.71
G0 X110.199 Y27.286
G0 X110.137 Y27.781
G0 X110.334 Y29.356
G1 F1035.2 X109.599 Y32.096 E129.09101
G0 F15000 X108.856 Y30.81
G1 F1035.2 X111.162 Y30.192 E129.17042
G0 F15000 X111.1 Y30.316
;MESH:NONMESH
G0 F300 X111.1 Y30.316 Z2.8
G0 F15000 X112.405 Y30.393
G0 X112.905 Y30.376
G0 X114.13 Y30.073
;TIME_ELAPSED:262.916391
;LAYER:13
;note -- min layer time used
;TYPE:WALL-INNER
;MESH:WheelAdapter_v8.stl
G1 F1035.7 X113.668 Y30.342 E129.1882
G1 X113.014 Y30.521 E129.21075
G1 X112.381 Y30.543 E129.23182
G1 X111.755 Y30.408 E129.25312
G1 X111.162 Y30.115 E129.27512
G1 X110.672 Y29.695 E129.29658
G1 X110.28 Y29.143 E129.3191
G1 X110.051 Y28.544 E129.34043
G1 X109.967 Y27.895 E129.36219
G1 X110.051 Y27.249 E129.38386
G1 X110.279 Y26.655 E129.40502
G1 X110.659 Y26.108 E129.42718
G1 X111.161 Y25.678 E129.44916
G1 X111.636 Y25.441 E129.46682
G1 X111.874 Y25.358 E129.4752
G1 X112.384 Y25.249 E129.49255
G1 X113.045 Y25.272 E129.51454
G1 X113.675 Y25.454 E129.53635
G1 X114.13 Y25.719 E129.55387
G1 X114.394 Y25.938 E129.56528
G1 X114.57 Y26.245 E129.57705
G1 X114.628 Y26.584 E129.58849
G1 X114.629 Y29.208 E129.67576
G1 X114.569 Y29.552 E129.68737
G1 X114.395 Y29.854 E129.69897
G1 X114.13 Y30.073 E129.7104
G0 F15000 X114.054 Y29.654
G1 F1035.7 X113.514 Y29.969 E129.73119
G1 X112.988 Y30.115 E129.74935
G1 X112.421 Y30.143 E129.76823
G1 X111.89 Y30.028 E129.7863
G1 X111.384 Y29.778 E129.80507
G1 X110.965 Y29.42 E129.8234
G1 X110.638 Y28.959 E129.8422
G1 X110.439 Y28.438 E129.86075
G1 X110.376 Y27.896 E129.8789
G1 X110.44 Y27.35 E129.89718
G1 X110.656 Y26.812 E129.91647
G1 X110.96 Y26.377 E129.93412
G1 X111.383 Y26.015 E129.95264
G1 X111.883 Y25.765 E129.97123
G1 X112.419 Y25.65 E129.98946
G1 X112.984 Y25.671 E130.00827
G1 X113.514 Y25.824 E130.02661
G1 X114.055 Y26.138 E130.04742
G1 X114.193 Y26.38 E130.05668
G1 X114.228 Y26.584 E130.06357
G1 X114.229 Y29.208 E130.15084
G1 X114.193 Y29.415 E130.15783
G1 X114.054 Y29.654 E130.16703
G0 F15000 X114.21 Y29.924
G0 X115.398 Y32.7
G1 F1035.7 X118.172 Y27.896 E130.35153
G1 X115.398 Y23.092 E130.53604
G1 X109.855 Y23.093 E130.7204
G1 X107.083 Y27.896 E130.90485
G1 X109.855 Y32.699 E131.08929
G1 X115.398 Y32.7 E131.27365
G0 F15000 X115.629 Y33.1
G1 F1035.7 X118.634 Y27.896 E131.47352
G1 X115.629 Y22.692 E131.67339
G1 X109.623 Y22.693 E131.87315
G1 X106.621 Y27.896 E132.07294
G1 X109.623 Y33.099 E132.27274
G1 X115.629 Y33.1 E132.4725
G0 F15000 X115.86 Y33.5
;TYPE:WALL-OUTER
G1 F1035.7 X119.096 Y27.896 E132.68773
G1 X115.86 Y22.292 E132.90296
G1 X109.392 Y22.293 E133.11809
G1 X106.159 Y27.896 E133.33324
G1 X109.392 Y33.499 E133.5484
G1 X115.86 Y33.5 E133.76352
G1 F1500 E127.26352
G0 F15000 X115.691 Y33.204
G0 X113.532 Y29.855
G0 X113.377 Y29.586
G1 F1500 E133.76352
G1 F1035.7 X112.919 Y29.721 E133.77941
G1 X112.476 Y29.74 E133.79415
G1 X111.999 Y29.636 E133.81039
G1 X111.623 Y29.45 E133.82434
G1 X111.254 Y29.137 E133.84044
G1 X111.002 Y28.784 E133.85486
G1 X110.829 Y28.322 E133.87127
G1 X110.777 Y27.922 E133.88469
G1 X110.829 Y27.47 E133.89982
G1 X111.002 Y27.012 E133.9161
G1 X111.277 Y26.632 E133.9317
G1 X111.626 Y26.341 E133.94682
G1 X112.042 Y26.14 E133.96218
G1 X112.441 Y26.054 E133.97576
G1 X112.944 Y26.075 E133.9925
G1 X113.377 Y26.206 E134.00755
G1 X113.771 Y26.435 E134.02271
G1 X113.828 Y26.535 E134.02654
G1 X113.829 Y29.256 E134.11704
G1 X113.772 Y29.356 E134.12087
G1 X113.377 Y29.586 E134.13607
G0 F15000 X113.532 Y29.855
G0 X114.675 Y29.397
;TYPE:FILL
G1 F1035.7 X117.678 Y28.592 E134.23948
G0 F15000 X117.108 Y29.58
G1 F1035.7 X114.708 Y27.179 E134.35239
G0 F15000 X114.472 Y26.101
G0 X113.985 Y25.813
G0 X112.709 Y25.18
G1 F1035.7 X110.702 Y23.173 E134.44679
G0 F15000 X111.845 Y23.172
G1 F1035.7 X111.201 Y25.573 E134.52947
G0 F15000 X110.421 Y26.71
G0 X110.199 Y27.286
G0 X110.137 Y27.781
G0 X110.228 Y29.206
G1 F1035.7 X109.5 Y31.923 E134.62303
G0 F15000 X108.93 Y30.936
G1 F1035.7 X111.339 Y30.291 E134.70597
G0 F15000 X111.282 Y30.406
;MESH:NONMESH
G0 F300 X111.282 Y30.406 Z3
G0 F15000 X112.848 Y30.375
G0 X114.13 Y30.073
;TIME_ELAPSED:274.804929
;LAYER:14
;note -- min layer time used
;TYPE:WALL-INNER
;MESH:WheelAdapter_v8.stl
G1 F1036.8 X113.668 Y30.342 E134.72375
G1 X113.014 Y30.521 E134.74631
G1 X112.381 Y30.543 E134.76737
G1 X111.755 Y30.408 E134.78867
G1 X111.162 Y30.115 E134.81067
G1 X110.672 Y29.695 E134.83214
G1 X110.28 Y29.143 E134.85465
G1 X110.051 Y28.544 E134.87598
G1 X109.967 Y27.895 E134.89775
G1 X110.051 Y27.249 E134.91942
G1 X110.279 Y26.655 E134.94058
G1 X110.659 Y26.108 E134.96273
G1 X111.161 Y25.678 E134.98471
G1 X111.636 Y25.441 E135.00237
G1 X111.874 Y25.358 E135.01075
G1 X112.384 Y25.249 E135.0281
G1 X113.045 Y25.272 E135.0501
G1 X113.675 Y25.454 E135.07191
G1 X114.13 Y25.719 E135.08942
G1 X114.394 Y25.938 E135.10083
G1 X114.57 Y26.245 E135.1126
G1 X114.628 Y26.584 E135.12404
G1 X114.629 Y29.208 E135.21131
G1 X114.569 Y29.552 E135.22293
G1 X114.395 Y29.854 E135.23452
G1 X114.13 Y30.073 E135.24595
G0 F15000 X114.054 Y29.654
G1 F1036.8 X113.514 Y29.969 E135.26675
G1 X112.988 Y30.115 E135.2849
G1 X112.421 Y30.143 E135.30379
G1 X111.89 Y30.028 E135.32186
G1 X111.384 Y29.778 E135.34063
G1 X110.965 Y29.42 E135.35896
G1 X110.638 Y28.959 E135.37776
G1 X110.439 Y28.438 E135.39631
G1 X110.376 Y27.896 E135.41445
G1 X110.44 Y27.35 E135.43274
G1 X110.656 Y26.812 E135.45202
G1 X110.96 Y26.377 E135.46967
G1 X111.383 Y26.015 E135.48819
G1 X111.883 Y25.765 E135.50678
G1 X112.419 Y25.65 E135.52502
G1 X112.984 Y25.671 E135.54382
G1 X113.514 Y25.824 E135.56217
G1 X114.055 Y26.138 E135.58297
G1 X114.193 Y26.38 E135.59224
G1 X114.228 Y26.584 E135.59912
G1 X114.229 Y29.208 E135.6864
G1 X114.193 Y29.415 E135.69339
G1 X114.054 Y29.654 E135.70258
G0 F15000 X114.21 Y29.924
G0 X115.398 Y32.7
G1 F1036.8 X118.172 Y27.896 E135.88709
G1 X115.398 Y23.092 E136.0716
G1 X109.855 Y23.093 E136.25596
G1 X107.083 Y27.896 E136.4404
G1 X109.855 Y32.699 E136.62485
G1 X115.398 Y32.7 E136.80921
G0 F15000 X115.629 Y33.1
G1 F1036.8 X118.634 Y27.896 E137.00908
G1 X115.629 Y22.692 E137.20895
G1 X109.623 Y22.693 E137.40871
G1 X106.621 Y27.896 E137.6085
G1 X109.623 Y33.099 E137.80829
G1 X115.629 Y33.1 E138.00805
G0 F15000 X115.86 Y33.5
;TYPE:WALL-OUTER
G1 F1036.8 X119.096 Y27.896 E138.22328
G1 X115.86 Y22.292 E138.43852
G1 X109.392 Y22.293 E138.65364
G1 X106.159 Y27.896 E138.8688
G1 X109.392 Y33.499 E139.08395
G1 X115.86 Y33.5 E139.29908
G1 F1500 E132.79908
G0 F15000 X115.691 Y33.204
G0 X113.532 Y29.855
G0 X113.377 Y29.586
G1 F1500 E139.29908
G1 F1036.8 X112.919 Y29.721 E139.31496
G1 X112.476 Y29.74 E139.32971
G1 X111.999 Y29.636 E139.34595
G1 X111.623 Y29.45 E139.3599
G1 X111.254 Y29.137 E139.37599
G1 X111.002 Y28.784 E139.39042
G1 X110.829 Y28.322 E139.40682
G1 X110.777 Y27.922 E139.42024
G1 X110.829 Y27.47 E139.43537
G1 X111.002 Y27.012 E139.45166
G1 X111.277 Y26.632 E139.46726
G1 X111.626 Y26.341 E139.48237
G1 X112.042 Y26.14 E139.49774
G1 X112.441 Y26.054 E139.51131
G1 X112.944 Y26.075 E139.52806
G1 X113.377 Y26.206 E139.54311
G1 X113.771 Y26.435 E139.55826
G1 X113.828 Y26.535 E139.56209
G1 X113.829 Y29.256 E139.65259
G1 X113.772 Y29.356 E139.65642
G1 X113.377 Y29.586 E139.67162
G0 F15000 X113.532 Y29.855
G0 X114.648 Y29.551
;TYPE:FILL
G1 F1036.8 X117.578 Y28.766 E139.77251
G0 F15000 X117.182 Y29.452
G1 F1036.8 X114.708 Y26.978 E139.88888
G0 F15000 X114.472 Y26.101
G0 X112.917 Y25.188
G1 F1036.8 X110.903 Y23.173 E139.98364
G0 F15000 X111.698 Y23.172
G1 F1036.8 X111.022 Y25.693 E140.07045
G0 F15000 X110.421 Y26.71
G0 X110.199 Y27.286
G0 X110.156 Y27.632
G0 X110.137 Y28.995
G1 F1036.8 X109.399 Y31.749 E140.16528
G0 F15000 X109.003 Y31.063
G1 F1036.8 X111.532 Y30.386 E140.25235
G0 F15000 X111.474 Y30.502
;MESH:NONMESH
G0 F300 X111.474 Y30.502 Z3.2
G0 F15000 X112.867 Y30.385
G0 X114.13 Y30.073
;TIME_ELAPSED:286.623100
;LAYER:15
;note -- min layer time used
;TYPE:WALL-INNER
;MESH:WheelAdapter_v8.stl
G1 F1039 X113.668 Y30.342 E140.27014
G1 X113.014 Y30.521 E140.29269
G1 X112.381 Y30.543 E140.31375
G1 X111.755 Y30.408 E140.33505
G1 X111.162 Y30.115 E140.35705
G1 X110.672 Y29.695 E140.37852
G1 X110.28 Y29.143 E140.40104
G1 X110.051 Y28.544 E140.42237
G1 X109.967 Y27.895 E140.44413
G1 X110.051 Y27.249 E140.4658
G1 X110.279 Y26.655 E140.48696
G1 X110.659 Y26.108 E140.50911
G1 X111.161 Y25.678 E140.5311
G1 X111.636 Y25.441 E140.54875
G1 X111.874 Y25.358 E140.55714
G1 X112.384 Y25.249 E140.57448
G1 X113.045 Y25.272 E140.59648
G1 X113.675 Y25.454 E140.61829
G1 X114.13 Y25.719 E140.6358
G1 X114.394 Y25.938 E140.64721
G1 X114.57 Y26.245 E140.65898
G1 X114.628 Y26.584 E140.67042
G1 X114.629 Y29.208 E140.7577
G1 X114.569 Y29.552 E140.76931
G1 X114.395 Y29.854 E140.7809
G1 X114.13 Y30.073 E140.79234
G0 F15000 X114.054 Y29.654
G1 F1039 X113.514 Y29.969 E140.81313
G1 X112.988 Y30.115 E140.83129
G1 X112.421 Y30.143 E140.85017
G1 X111.89 Y30.028 E140.86824
G1 X111.384 Y29.778 E140.88701
G1 X110.965 Y29.42 E140.90534
G1 X110.638 Y28.959 E140.92414
G1 X110.439 Y28.438 E140.94269
G1 X110.376 Y27.896 E140.96084
G1 X110.44 Y27.35 E140.97912
G1 X110.656 Y26.812 E140.9984
G1 X110.96 Y26.377 E141.01605
G1 X111.383 Y26.015 E141.03457
G1 X111.883 Y25.765 E141.05317
G1 X112.419 Y25.65 E141.0714
G1 X112.984 Y25.671 E141.0902
G1 X113.514 Y25.824 E141.10855
G1 X114.055 Y26.138 E141.12936
G1 X114.193 Y26.38 E141.13862
G1 X114.228 Y26.584 E141.14551
G1 X114.229 Y29.208 E141.23278
G1 X114.193 Y29.415 E141.23977
G1 X114.054 Y29.654 E141.24896
G0 F15000 X114.21 Y29.924
G0 X115.398 Y32.7
G1 F1039 X118.172 Y27.896 E141.43347
G1 X115.398 Y23.092 E141.61798
G1 X109.855 Y23.093 E141.80234
G1 X107.083 Y27.896 E141.98678
G1 X109.855 Y32.699 E142.17123
G1 X115.398 Y32.7 E142.35559
G0 F15000 X115.629 Y33.1
G1 F1039 X118.634 Y27.896 E142.55546
G1 X115.629 Y22.692 E142.75533
G1 X109.623 Y22.693 E142.95509
G1 X106.621 Y27.896 E143.15488
G1 X109.623 Y33.099 E143.35467
G1 X115.629 Y33.1 E143.55443
G0 F15000 X115.86 Y33.5
;TYPE:WALL-OUTER
G1 F1039 X119.096 Y27.896 E143.76967
G1 X115.86 Y22.292 E143.9849
G1 X109.392 Y22.293 E144.20003
G1 X106.159 Y27.896 E144.41518
G1 X109.392 Y33.499 E144.63033
G1 X115.86 Y33.5 E144.84546
G1 F1500 E138.34546
G0 F15000 X115.691 Y33.204
G0 X113.532 Y29.855
G0 X113.377 Y29.586
G1 F1500 E144.84546
G1 F1039 X112.919 Y29.721 E144.86134
G1 X112.476 Y29.74 E144.87609
G1 X111.999 Y29.636 E144.89233
G1 X111.623 Y29.45 E144.90628
G1 X111.254 Y29.137 E144.92237
G1 X111.002 Y28.784 E144.9368
G1 X110.829 Y28.322 E144.95321
G1 X110.777 Y27.922 E144.96662
G1 X110.829 Y27.47 E144.98176
G1 X111.002 Y27.012 E144.99804
G1 X111.277 Y26.632 E145.01364
G1 X111.626 Y26.341 E145.02875
G1 X112.042 Y26.14 E145.04412
G1 X112.441 Y26.054 E145.0577
G1 X112.944 Y26.075 E145.07444
G1 X113.377 Y26.206 E145.08949
G1 X113.771 Y26.435 E145.10464
G1 X113.828 Y26.535 E145.10847
G1 X113.829 Y29.256 E145.19897
G1 X113.772 Y29.356 E145.2028
G1 X113.377 Y29.586 E145.21801
G0 F15000 X113.532 Y29.855
G0 X114.562 Y29.72
;TYPE:FILL
G1 F1039 X117.478 Y28.939 E145.31841
G0 F15000 X117.255 Y29.327
G1 F1039 X114.708 Y26.779 E145.43824
G0 F15000 X114.472 Y26.101
G0 X113.153 Y25.225
G1 F1039 X111.102 Y23.173 E145.53473
G0 F15000 X111.552 Y23.172
G1 F1039 X110.834 Y25.852 E145.62701
G0 F15000 X110.199 Y27.286
G0 X110.051 Y28.771
G1 F1039 X109.3 Y31.577 E145.72363
G0 F15000 X109.076 Y31.19
G1 F1039 X111.75 Y30.473 E145.81571
G0 F15000 X111.682 Y30.602
;MESH:NONMESH
G0 F300 X111.682 Y30.602 Z3.4
G0 F15000 X112.442 Y30.472
G0 X114.13 Y30.073
;TIME_ELAPSED:298.356773
;LAYER:16
;note -- min layer time used
;TYPE:WALL-INNER
;MESH:WheelAdapter_v8.stl
G1 F1044.1 X113.668 Y30.342 E145.83349
G1 X113.014 Y30.521 E145.85604
G1 X112.381 Y30.543 E145.87711
G1 X111.755 Y30.408 E145.8984
G1 X111.162 Y30.115 E145.9204
G1 X110.672 Y29.695 E145.94187
G1 X110.28 Y29.143 E145.96439
G1 X110.051 Y28.544 E145.98572
G1 X109.967 Y27.895 E146.00748
G1 X110.051 Y27.249 E146.02915
G1 X110.279 Y26.655 E146.05031
G1 X110.659 Y26.108 E146.07246
G1 X111.161 Y25.678 E146.09445
G1 X111.636 Y25.441 E146.1121
G1 X111.874 Y25.358 E146.12049
G1 X112.384 Y25.249 E146.13783
G1 X113.045 Y25.272 E146.15983
G1 X113.675 Y25.454 E146.18164
G1 X114.13 Y25.719 E146.19916
G1 X114.394 Y25.938 E146.21056
G1 X114.57 Y26.245 E146.22233
G1 X114.628 Y26.584 E146.23377
G1 X114.629 Y29.208 E146.32105
G1 X114.569 Y29.552 E146.33266
G1 X114.395 Y29.854 E146.34425
G1 X114.13 Y30.073 E146.35569
G0 F15000 X114.054 Y29.654
G1 F1044.1 X113.514 Y29.969 E146.37648
G1 X112.988 Y30.115 E146.39464
G1 X112.421 Y30.143 E146.41352
G1 X111.89 Y30.028 E146.43159
G1 X111.384 Y29.778 E146.45036
G1 X110.965 Y29.42 E146.46869
G1 X110.638 Y28.959 E146.48749
G1 X110.439 Y28.438 E146.50604
G1 X110.376 Y27.896 E146.52419
G1 X110.44 Y27.35 E146.54247
G1 X110.656 Y26.812 E146.56175
G1 X110.96 Y26.377 E146.57941
G1 X111.383 Y26.015 E146.59792
G1 X111.883 Y25.765 E146.61652
G1 X112.419 Y25.65 E146.63475
G1 X112.984 Y25.671 E146.65355
G1 X113.514 Y25.824 E146.6719
G1 X114.055 Y26.138 E146.69271
G1 X114.193 Y26.38 E146.70197
G1 X114.228 Y26.584 E146.70886
G1 X114.229 Y29.208 E146.79613
G1 X114.193 Y29.415 E146.80312
G1 X114.054 Y29.654 E146.81232
G0 F15000 X114.21 Y29.924
G0 X115.398 Y32.7
G1 F1044.1 X118.172 Y27.896 E146.99682
G1 X115.398 Y23.092 E147.18133
G1 X109.855 Y23.093 E147.36569
G1 X107.083 Y27.896 E147.55013
G1 X109.855 Y32.699 E147.73458
G1 X115.398 Y32.7 E147.91894
G0 F15000 X115.629 Y33.1
G1 F1044.1 X118.634 Y27.896 E148.11881
G1 X115.629 Y22.692 E148.31868
G1 X109.623 Y22.693 E148.51844
G1 X106.621 Y27.896 E148.71823
G1 X109.623 Y33.099 E148.91802
G1 X115.629 Y33.1 E149.11778
G0 F15000 X115.86 Y33.5
;TYPE:WALL-OUTER
G1 F1044.1 X119.096 Y27.896 E149.33302
G1 X115.86 Y22.292 E149.54825
G1 X109.392 Y22.293 E149.76338
G1 X106.159 Y27.896 E149.97853
G1 X109.392 Y33.499 E150.19369
G1 X115.86 Y33.5 E150.40881
G1 F1500 E143.90881
G0 F15000 X115.691 Y33.204
G0 X113.532 Y29.855
G0 X113.377 Y29.586
G1 F1500 E150.40881
G1 F1044.1 X112.919 Y29.721 E150.42469
G1 X112.476 Y29.74 E150.43944
G1 X111.999 Y29.636 E150.45568
G1 X111.623 Y29.45 E150.46963
G1 X111.254 Y29.137 E150.48573
G1 X111.002 Y28.784 E150.50015
G1 X110.829 Y28.322 E150.51656
G1 X110.777 Y27.922 E150.52997
G1 X110.829 Y27.47 E150.54511
G1 X111.002 Y27.012 E150.56139
G1 X111.277 Y26.632 E150.57699
G1 X111.626 Y26.341 E150.59211
G1 X112.042 Y26.14 E150.60747
G1 X112.441 Y26.054 E150.62105
G1 X112.944 Y26.075 E150.63779
G1 X113.377 Y26.206 E150.65284
G1 X113.771 Y26.435 E150.668
G1 X113.828 Y26.535 E150.67182
G1 X113.829 Y29.256 E150.76233
G1 X113.772 Y29.356 E150.76615
G1 X113.377 Y29.586 E150.78136
G0 F15000 X113.532 Y29.855
G0 X114.461 Y29.894
;TYPE:FILL
G1 F1044.1 X117.377 Y29.112 E150.88177
G1 X117.329 Y29.199
G1 X114.704 Y26.574 E151.00524
G0 F15000 X114.495 Y26.148
G0 X113.428 Y25.299
G1 F1044.1 X111.303 Y23.173 E151.10522
G1 X111.405 Y23.172
G1 X110.636 Y26.039 E151.20395
G0 F15000 X110.282 Y27.049
G0 X109.974 Y28.51
G1 F1044.1 X109.199 Y31.403 E151.30356
G1 X109.15 Y31.317
G1 X112.021 Y30.548 E151.40242
G0 F15000 X111.994 Y30.672
;MESH:NONMESH
G0 F300 X111.994 Y30.672 Z3.6
G0 F15000 X114.13 Y30.073
;TIME_ELAPSED:309.920337
;LAYER:17
;note -- min layer time used
;TYPE:WALL-INNER
;MESH:WheelAdapter_v8.stl
G1 F1049.4 X113.668 Y30.342 E151.4202
G1 X113.014 Y30.521 E151.44275
G1 X112.381 Y30.543 E151.46382
G1 X111.755 Y30.408 E151.48512
G1 X111.162 Y30.115 E151.50712
G1 X110.672 Y29.695 E151.52858
G1 X110.28 Y29.143 E151.5511
G1 X110.051 Y28.544 E151.57243
G1 X109.967 Y27.895 E151.59419
G1 X110.051 Y27.249 E151.61586
G1 X110.279 Y26.655 E151.63702
G1 X110.659 Y26.108 E151.65917
G1 X111.161 Y25.678 E151.68116
G1 X111.636 Y25.441 E151.69882
G1 X111.874 Y25.358 E151.7072
G1 X112.384 Y25.249 E151.72454
G1 X113.045 Y25.272 E151.74654
G1 X113.675 Y25.454 E151.76835
G1 X114.13 Y25.719 E151.78587
G1 X114.394 Y25.938 E151.79727
G1 X114.57 Y26.245 E151.80904
G1 X114.628 Y26.584 E151.82048
G1 X114.629 Y29.208 E151.90776
G1 X114.569 Y29.552 E151.91937
G1 X114.395 Y29.854 E151.93097
G1 X114.13 Y30.073 E151.9424
G0 F15000 X114.054 Y29.654
G1 F1049.4 X113.514 Y29.969 E151.96319
G1 X112.988 Y30.115 E151.98135
G1 X112.421 Y30.143 E152.00023
G1 X111.89 Y30.028 E152.0183
G1 X111.384 Y29.778 E152.03707
G1 X110.965 Y29.42 E152.0554
G1 X110.638 Y28.959 E152.0742
G1 X110.439 Y28.438 E152.09275
G1 X110.376 Y27.896 E152.1109
G1 X110.44 Y27.35 E152.12918
G1 X110.656 Y26.812 E152.14847
G1 X110.96 Y26.377 E152.16612
G1 X111.383 Y26.015 E152.18463
G1 X111.883 Y25.765 E152.20323
G1 X112.419 Y25.65 E152.22146
G1 X112.984 Y25.671 E152.24027
G1 X113.514 Y25.824 E152.25861
G1 X114.055 Y26.138 E152.27942
G1 X114.193 Y26.38 E152.28868
G1 X114.228 Y26.584 E152.29557
G1 X114.229 Y29.208 E152.38284
G1 X114.193 Y29.415 E152.38983
G1 X114.054 Y29.654 E152.39903
G0 F15000 X114.21 Y29.924
G0 X115.398 Y32.7
G1 F1049.4 X118.172 Y27.896 E152.58353
G1 X115.398 Y23.092 E152.76804
G1 X109.855 Y23.093 E152.9524
G1 X107.083 Y27.896 E153.13685
G1 X109.855 Y32.699 E153.32129
G1 X115.398 Y32.7 E153.50565
G0 F15000 X115.629 Y33.1
G1 F1049.4 X118.634 Y27.896 E153.70552
G1 X115.629 Y22.692 E153.90539
G1 X109.623 Y22.693 E154.10515
G1 X106.621 Y27.896 E154.30494
G1 X109.623 Y33.099 E154.50473
G1 X115.629 Y33.1 E154.70449
G0 F15000 X115.86 Y33.5
;TYPE:WALL-OUTER
G1 F1049.4 X119.096 Y27.896 E154.91973
G1 X115.86 Y22.292 E155.13496
G1 X109.392 Y22.293 E155.35009
G1 X106.159 Y27.896 E155.56524
G1 X109.392 Y33.499 E155.7804
G1 X115.86 Y33.5 E155.99552
G1 F1500 E149.49552
G0 F15000 X115.691 Y33.204
G0 X113.532 Y29.855
G0 X113.377 Y29.586
G1 F1500 E155.99552
G1 F1049.4 X112.919 Y29.721 E156.0114
G1 X112.476 Y29.74 E156.02615
G1 X111.999 Y29.636 E156.04239
G1 X111.623 Y29.45 E156.05634
G1 X111.254 Y29.137 E156.07244
G1 X111.002 Y28.784 E156.08686
G1 X110.829 Y28.322 E156.10327
G1 X110.777 Y27.922 E156.11669
G1 X110.829 Y27.47 E156.13182
G1 X111.002 Y27.012 E156.1481
G1 X111.277 Y26.632 E156.1637
G1 X111.626 Y26.341 E156.17882
G1 X112.042 Y26.14 E156.19418
G1 X112.441 Y26.054 E156.20776
G1 X112.944 Y26.075 E156.2245
G1 X113.377 Y26.206 E156.23955
G1 X113.771 Y26.435 E156.25471
G1 X113.828 Y26.535 E156.25854
G1 X113.829 Y29.256 E156.34904
G1 X113.772 Y29.356 E156.35286
G1 X113.377 Y29.586 E156.36807
G0 F15000 X114.212 Y30.107
;TYPE:FILL
G1 F1049.4 X117.278 Y29.285 E156.47364
G0 F15000 X117.402 Y29.073
G1 F1049.4 X114.663 Y26.334 E156.60248
G0 F15000 X113.742 Y25.413
G1 F1049.4 X111.502 Y23.173 E156.70784
G0 F15000 X111.259 Y23.172
G1 F1049.4 X110.415 Y26.32 E156.81624
G0 F15000 X109.921 Y28.164
G1 F1049.4 X109.1 Y31.23 E156.92181
G0 F15000 X109.222 Y31.444
G1 F1049.4 X112.349 Y30.606 E157.02948
G0 F15000 X112.319 Y30.743
;MESH:NONMESH
G0 F300 X112.319 Y30.743 Z3.8
G0 F15000 X114.13 Y30.073
;TIME_ELAPSED:321.504996
;LAYER:18
;note -- min layer time used
;TYPE:WALL-INNER
;MESH:WheelAdapter_v8.stl
G1 F1064.5 X113.668 Y30.342 E157.04727
G1 X113.014 Y30.521 E157.06982
G1 X112.381 Y30.543 E157.09088
G1 X111.755 Y30.408 E157.11218
G1 X111.162 Y30.115 E157.13418
G1 X110.672 Y29.695 E157.15565
G1 X110.28 Y29.143 E157.17817
G1 X110.051 Y28.544 E157.1995
G1 X109.967 Y27.895 E157.22126
G1 X110.051 Y27.249 E157.24293
G1 X110.279 Y26.655 E157.26409
G1 X110.659 Y26.108 E157.28624
G1 X111.161 Y25.678 E157.30823
G1 X111.636 Y25.441 E157.32588
G1 X111.874 Y25.358 E157.33427
G1 X112.384 Y25.249 E157.35161
G1 X113.045 Y25.272 E157.37361
G1 X113.675 Y25.454 E157.39542
G1 X114.13 Y25.719 E157.41293
G1 X114.394 Y25.938 E157.42434
G1 X114.57 Y26.245 E157.43611
G1 X114.628 Y26.584 E157.44755
G1 X114.629 Y29.208 E157.53483
G1 X114.569 Y29.552 E157.54644
G1 X114.395 Y29.854 E157.55803
G1 X114.13 Y30.073 E157.56947
G0 F15000 X114.054 Y29.654
G1 F1064.5 X113.514 Y29.969 E157.59026
G1 X112.988 Y30.115 E157.60842
G1 X112.421 Y30.143 E157.6273
G1 X111.89 Y30.028 E157.64537
G1 X111.384 Y29.778 E157.66414
G1 X110.965 Y29.42 E157.68247
G1 X110.638 Y28.959 E157.70127
G1 X110.439 Y28.438 E157.71982
G1 X110.376 Y27.896 E157.73797
G1 X110.44 Y27.35 E157.75625
G1 X110.656 Y26.812 E157.77553
G1 X110.96 Y26.377 E157.79318
G1 X111.383 Y26.015 E157.8117
G1 X111.883 Y25.765 E157.83029
G1 X112.419 Y25.65 E157.84853
G1 X112.984 Y25.671 E157.86733
G1 X113.514 Y25.824 E157.88568
G1 X114.055 Y26.138 E157.90649
G1 X114.193 Y26.38 E157.91575
G1 X114.228 Y26.584 E157.92264
G1 X114.229 Y29.208 E158.00991
G1 X114.193 Y29.415 E158.0169
G1 X114.054 Y29.654 E158.02609
G0 F15000 X114.21 Y29.924
G0 X115.398 Y32.7
G1 F1064.5 X118.172 Y27.896 E158.2106
G1 X115.398 Y23.092 E158.39511
G1 X109.855 Y23.093 E158.57947
G1 X107.083 Y27.896 E158.76391
G1 X109.855 Y32.699 E158.94836
G1 X115.398 Y32.7 E159.13272
G0 F15000 X115.629 Y33.1
G1 F1064.5 X118.634 Y27.896 E159.33259
G1 X115.629 Y22.692 E159.53246
G1 X109.623 Y22.693 E159.73222
G1 X106.621 Y27.896 E159.93201
G1 X109.623 Y33.099 E160.1318
G1 X115.629 Y33.1 E160.33156
G0 F15000 X115.86 Y33.5
;TYPE:WALL-OUTER
G1 F1064.5 X119.096 Y27.896 E160.5468
G1 X115.86 Y22.292 E160.76203
G1 X109.392 Y22.293 E160.97716
G1 X106.159 Y27.896 E161.19231
G1 X109.392 Y33.499 E161.40746
G1 X115.86 Y33.5 E161.62259
G1 F1500 E155.12259
G0 F15000 X115.691 Y33.204
G0 X113.532 Y29.855
G0 X113.377 Y29.586
G1 F1500 E161.62259
G1 F1064.5 X112.919 Y29.721 E161.63847
G1 X112.476 Y29.74 E161.65322
G1 X111.999 Y29.636 E161.66946
G1 X111.623 Y29.45 E161.68341
G1 X111.254 Y29.137 E161.6995
G1 X111.002 Y28.784 E161.71393
G1 X110.829 Y28.322 E161.73034
G1 X110.777 Y27.922 E161.74375
G1 X110.829 Y27.47 E161.75889
G1 X111.002 Y27.012 E161.77517
G1 X111.277 Y26.632 E161.79077
G1 X111.626 Y26.341 E161.80588
G1 X112.042 Y26.14 E161.82125
G1 X112.441 Y26.054 E161.83483
G1 X112.944 Y26.075 E161.85157
G1 X113.377 Y26.206 E161.86662
G1 X113.771 Y26.435 E161.88177
G1 X113.828 Y26.535 E161.8856
G1 X113.829 Y29.256 E161.9761
G1 X113.772 Y29.356 E161.97993
G1 X113.377 Y29.586 E161.99513
G0 F15000 X113.731 Y30.383
;TYPE:FILL
G1 F1064.5 X117.177 Y29.459 E162.1138
G0 F15000 X117.475 Y28.945
G1 F1064.5 X114.503 Y25.973 E162.25359
G0 F15000 X114.242 Y25.712
G1 F1064.5 X111.703 Y23.173 E162.37302
G0 F15000 X111.112 Y23.172
G1 F1064.5 X110.141 Y26.794 E162.49774
G0 F15000 X109.924 Y27.604
G1 F1064.5 X108.999 Y31.056 E162.61661
G0 F15000 X109.295 Y31.571
G1 F1064.5 X112.904 Y30.604 E162.74088
G0 F15000 X112.907 Y30.738
;MESH:NONMESH
G0 F300 X112.907 Y30.738 Z4
G0 F15000 X114.13 Y30.073
;TIME_ELAPSED:333.060613
;LAYER:19
;note -- min layer time used
;TYPE:WALL-INNER
;MESH:WheelAdapter_v8.stl
G1 F1074.5 X113.668 Y30.342 E162.75866
G1 X113.014 Y30.521 E162.78121
G1 X112.381 Y30.543 E162.80227
G1 X111.755 Y30.408 E162.82357
G1 X111.162 Y30.115 E162.84557
G1 X110.672 Y29.695 E162.86704
G1 X110.28 Y29.143 E162.88956
G1 X110.051 Y28.544 E162.91089
G1 X109.967 Y27.895 E162.93265
G1 X110.051 Y27.249 E162.95432
G1 X110.279 Y26.655 E162.97548
G1 X110.659 Y26.108 E162.99763
G1 X111.161 Y25.678 E163.01962
G1 X111.636 Y25.441 E163.03727
G1 X111.874 Y25.358 E163.04566
G1 X112.384 Y25.249 E163.063
G1 X113.045 Y25.272 E163.085
G1 X113.675 Y25.454 E163.10681
G1 X114.13 Y25.719 E163.12432
G1 X114.394 Y25.938 E163.13573
G1 X114.57 Y26.245 E163.1475
G1 X114.628 Y26.584 E163.15894
G1 X114.629 Y29.208 E163.24622
G1 X114.569 Y29.552 E163.25783
G1 X114.395 Y29.854 E163.26942
G1 X114.13 Y30.073 E163.28086
G0 F15000 X114.054 Y29.654
G1 F1074.5 X113.514 Y29.969 E163.30165
G1 X112.988 Y30.115 E163.31981
G1 X112.421 Y30.143 E163.33869
G1 X111.89 Y30.028 E163.35676
G1 X111.384 Y29.778 E163.37553
G1 X110.965 Y29.42 E163.39386
G1 X110.638 Y28.959 E163.41266
G1 X110.439 Y28.438 E163.43121
G1 X110.376 Y27.896 E163.44936
G1 X110.44 Y27.35 E163.46764
G1 X110.656 Y26.812 E163.48692
G1 X110.96 Y26.377 E163.50458
G1 X111.383 Y26.015 E163.52309
G1 X111.883 Y25.765 E163.54169
G1 X112.419 Y25.65 E163.55992
G1 X112.984 Y25.671 E163.57872
G1 X113.514 Y25.824 E163.59707
G1 X114.055 Y26.138 E163.61788
G1 X114.193 Y26.38 E163.62714
G1 X114.228 Y26.584 E163.63403
G1 X114.229 Y29.208 E163.7213
G1 X114.193 Y29.415 E163.72829
G1 X114.054 Y29.654 E163.73748
G0 F15000 X114.21 Y29.924
G0 X115.398 Y32.7
G1 F1074.5 X118.172 Y27.896 E163.92199
G1 X115.398 Y23.092 E164.1065
G1 X109.855 Y23.093 E164.29086
G1 X107.083 Y27.896 E164.4753
G1 X109.855 Y32.699 E164.65975
G1 X115.398 Y32.7 E164.84411
G0 F15000 X115.629 Y33.1
G1 F1074.5 X118.634 Y27.896 E165.04398
G1 X115.629 Y22.692 E165.24385
G1 X109.623 Y22.693 E165.44361
G1 X106.621 Y27.896 E165.6434
G1 X109.623 Y33.099 E165.84319
G1 X115.629 Y33.1 E166.04295
G0 F15000 X115.86 Y33.5
;TYPE:WALL-OUTER
G1 F1074.5 X119.096 Y27.896 E166.25819
G1 X115.86 Y22.292 E166.47342
G1 X109.392 Y22.293 E166.68855
G1 X106.159 Y27.896 E166.9037
G1 X109.392 Y33.499 E167.11886
G1 X115.86 Y33.5 E167.33398
G1 F1500 E160.83398
G0 F15000 X115.691 Y33.204
G0 X113.532 Y29.855
G0 X113.377 Y29.586
G1 F1500 E167.33398
G1 F1074.5 X112.919 Y29.721 E167.34986
G1 X112.476 Y29.74 E167.36461
G1 X111.999 Y29.636 E167.38085
G1 X111.623 Y29.45 E167.3948
G1 X111.254 Y29.137 E167.41089
G1 X111.002 Y28.784 E167.42532
G1 X110.829 Y28.322 E167.44173
G1 X110.777 Y27.922 E167.45514
G1 X110.829 Y27.47 E167.47028
G1 X111.002 Y27.012 E167.48656
G1 X111.277 Y26.632 E167.50216
G1 X111.626 Y26.341 E167.51728
G1 X112.042 Y26.14 E167.53264
G1 X112.441 Y26.054 E167.54622
G1 X112.944 Y26.075 E167.56296
G1 X113.377 Y26.206 E167.57801
G1 X113.771 Y26.435 E167.59317
G1 X113.828 Y26.535 E167.59699
G1 X113.829 Y29.256 E167.68749
G1 X113.772 Y29.356 E167.69132
G1 X113.377 Y29.586 E167.70653
G0 F15000 X113.532 Y29.855
G0 X117.078 Y29.632
;TYPE:FILL
G1 F1074.5 X109.369 Y31.697 E167.97197
G0 F15000 X108.899 Y30.884
G1 F1074.5 X110.966 Y23.173 E168.23749
G0 F15000 X111.902 Y23.173
G1 F1074.5 X117.548 Y28.819 E168.50306
G0 F15000 X117.437 Y28.755
;MESH:NONMESH
G0 F300 X117.437 Y28.755 Z4.2
G0 F15000 X114.13 Y30.073
;TIME_ELAPSED:344.608400
;LAYER:20
;note -- min layer time used
;TYPE:WALL-INNER
;MESH:WheelAdapter_v8.stl
G1 F1072.4 X113.668 Y30.342 E168.52084
G1 X113.014 Y30.521 E168.54339
G1 X112.381 Y30.543 E168.56446
G1 X111.755 Y30.408 E168.58576
G1 X111.162 Y30.115 E168.60776
G1 X110.672 Y29.695 E168.62923
G1 X110.28 Y29.143 E168.65174
G1 X110.051 Y28.544 E168.67307
G1 X109.967 Y27.895 E168.69484
G1 X110.051 Y27.249 E168.71651
G1 X110.279 Y26.655 E168.73767
G1 X110.659 Y26.108 E168.75982
G1 X111.161 Y25.678 E168.7818
G1 X111.636 Y25.441 E168.79946
G1 X111.874 Y25.358 E168.80784
G1 X112.384 Y25.249 E168.82519
G1 X113.045 Y25.272 E168.84719
G1 X113.675 Y25.454 E168.869
G1 X114.13 Y25.719 E168.88651
G1 X114.394 Y25.938 E168.89792
G1 X114.57 Y26.245 E168.90969
G1 X114.628 Y26.584 E168.92113
G1 X114.629 Y29.208 E169.0084
G1 X114.569 Y29.552 E169.02002
G1 X114.395 Y29.854 E169.03161
G1 X114.13 Y30.073 E169.04304
G0 F15000 X114.054 Y29.654
G1 F1072.4 X113.514 Y29.969 E169.06384
G1 X112.988 Y30.115 E169.08199
G1 X112.421 Y30.143 E169.10087
G1 X111.89 Y30.028 E169.11895
G1 X111.384 Y29.778 E169.13772
G1 X110.965 Y29.42 E169.15605
G1 X110.638 Y28.959 E169.17485
G1 X110.439 Y28.438 E169.1934
G1 X110.376 Y27.896 E169.21154
G1 X110.44 Y27.35 E169.22983
G1 X110.656 Y26.812 E169.24911
G1 X110.96 Y26.377 E169.26676
G1 X111.383 Y26.015 E169.28528
G1 X111.883 Y25.765 E169.30387
G1 X112.419 Y25.65 E169.32211
G1 X112.984 Y25.671 E169.34091
G1 X113.514 Y25.824 E169.35926
G1 X114.055 Y26.138 E169.38006
G1 X114.193 Y26.38 E169.38933
G1 X114.228 Y26.584 E169.39621
G1 X114.229 Y29.208 E169.48349
G1 X114.193 Y29.415 E169.49048
G1 X114.054 Y29.654 E169.49967
G0 F15000 X114.21 Y29.924
G0 X115.398 Y32.7
G1 F1072.4 X118.172 Y27.896 E169.68418
G1 X115.398 Y23.092 E169.86868
G1 X109.855 Y23.093 E170.05305
G1 X107.083 Y27.896 E170.23749
G1 X109.855 Y32.699 E170.42194
G1 X115.398 Y32.7 E170.6063
G0 F15000 X115.629 Y33.1
G1 F1072.4 X118.634 Y27.896 E170.80617
G1 X115.629 Y22.692 E171.00604
G1 X109.623 Y22.693 E171.2058
G1 X106.621 Y27.896 E171.40559
G1 X109.623 Y33.099 E171.60538
G1 X115.629 Y33.1 E171.80514
G0 F15000 X115.86 Y33.5
;TYPE:WALL-OUTER
G1 F1072.4 X119.096 Y27.896 E172.02037
G1 X115.86 Y22.292 E172.23561
G1 X109.392 Y22.293 E172.45073
G1 X106.159 Y27.896 E172.66589
G1 X109.392 Y33.499 E172.88104
G1 X115.86 Y33.5 E173.09617
G1 F1500 E166.59617
G0 F15000 X115.691 Y33.204
G0 X113.532 Y29.855
G0 X113.377 Y29.586
G1 F1500 E173.09617
G1 F1072.4 X112.919 Y29.721 E173.11205
G1 X112.476 Y29.74 E173.1268
G1 X111.999 Y29.636 E173.14303
G1 X111.623 Y29.45 E173.15699
G1 X111.254 Y29.137 E173.17308
G1 X111.002 Y28.784 E173.18751
G1 X110.829 Y28.322 E173.20391
G1 X110.777 Y27.922 E173.21733
G1 X110.829 Y27.47 E173.23246
G1 X111.002 Y27.012 E173.24875
G1 X111.277 Y26.632 E173.26435
G1 X111.626 Y26.341 E173.27946
G1 X112.042 Y26.14 E173.29483
G1 X112.441 Y26.054 E173.3084
G1 X112.944 Y26.075 E173.32515
G1 X113.377 Y26.206 E173.34019
G1 X113.771 Y26.435 E173.35535
G1 X113.828 Y26.535 E173.35918
G1 X113.829 Y29.256 E173.44968
G1 X113.772 Y29.356 E173.45351
G1 X113.377 Y29.586 E173.46871
G0 F15000 X113.532 Y29.855
G0 X116.978 Y29.804
;TYPE:FILL
G1 F1072.4 X109.442 Y31.824 E173.72821
G0 F15000 X108.8 Y30.711
G1 F1072.4 X110.82 Y23.173 E173.98777
G0 F15000 X112.102 Y23.173
G1 F1072.4 X117.621 Y28.692 E174.24737
G0 F15000 X117.51 Y28.628
;MESH:NONMESH
G0 F300 X117.51 Y28.628 Z4.4
G0 F15000 X114.13 Y30.073
;TIME_ELAPSED:356.171428
;LAYER:21
;note -- min layer time used
;TYPE:WALL-INNER
;MESH:WheelAdapter_v8.stl
G1 F1069.4 X113.668 Y30.342 E174.26515
G1 X113.014 Y30.521 E174.2877
G1 X112.381 Y30.543 E174.30877
G1 X111.755 Y30.408 E174.33007
G1 X111.162 Y30.115 E174.35206
G1 X110.672 Y29.695 E174.37353
G1 X110.28 Y29.143 E174.39605
G1 X110.051 Y28.544 E174.41738
G1 X109.967 Y27.895 E174.43914
G1 X110.051 Y27.249 E174.46081
G1 X110.279 Y26.655 E174.48197
G1 X110.659 Y26.108 E174.50412
G1 X111.161 Y25.678 E174.52611
G1 X111.636 Y25.441 E174.54376
G1 X111.874 Y25.358 E174.55215
G1 X112.384 Y25.249 E174.56949
G1 X113.045 Y25.272 E174.59149
G1 X113.675 Y25.454 E174.6133
G1 X114.13 Y25.719 E174.63082
G1 X114.394 Y25.938 E174.64222
G1 X114.57 Y26.245 E174.65399
G1 X114.628 Y26.584 E174.66543
G1 X114.629 Y29.208 E174.75271
G1 X114.569 Y29.552 E174.76432
G1 X114.395 Y29.854 E174.77591
G1 X114.13 Y30.073 E174.78735
G0 F15000 X114.054 Y29.654
G1 F1069.4 X113.514 Y29.969 E174.80814
G1 X112.988 Y30.115 E174.8263
G1 X112.421 Y30.143 E174.84518
G1 X111.89 Y30.028 E174.86325
G1 X111.384 Y29.778 E174.88202
G1 X110.965 Y29.42 E174.90035
G1 X110.638 Y28.959 E174.91915
G1 X110.439 Y28.438 E174.9377
G1 X110.376 Y27.896 E174.95585
G1 X110.44 Y27.35 E174.97413
G1 X110.656 Y26.812 E174.99342
G1 X110.96 Y26.377 E175.01107
G1 X111.383 Y26.015 E175.02958
G1 X111.883 Y25.765 E175.04818
G1 X112.419 Y25.65 E175.06641
G1 X112.984 Y25.671 E175.08521
G1 X113.514 Y25.824 E175.10356
G1 X114.055 Y26.138 E175.12437
G1 X114.193 Y26.38 E175.13363
G1 X114.228 Y26.584 E175.14052
G1 X114.229 Y29.208 E175.22779
G1 X114.193 Y29.415 E175.23478
G1 X114.054 Y29.654 E175.24398
G0 F15000 X114.21 Y29.924
G0 X115.398 Y32.7
G1 F1069.4 X118.172 Y27.896 E175.42848
G1 X115.398 Y23.092 E175.61299
G1 X109.855 Y23.093 E175.79735
G1 X107.083 Y27.896 E175.9818
G1 X109.855 Y32.699 E176.16624
G1 X115.398 Y32.7 E176.3506
G0 F15000 X115.629 Y33.1
G1 F1069.4 X118.634 Y27.896 E176.55047
G1 X115.629 Y22.692 E176.75034
G1 X109.623 Y22.693 E176.9501
G1 X106.621 Y27.896 E177.14989
G1 X109.623 Y33.099 E177.34968
G1 X115.629 Y33.1 E177.54944
G0 F15000 X115.86 Y33.5
;TYPE:WALL-OUTER
G1 F1069.4 X119.096 Y27.896 E177.76468
G1 X115.86 Y22.292 E177.97991
G1 X109.392 Y22.293 E178.19504
G1 X106.159 Y27.896 E178.41019
G1 X109.392 Y33.499 E178.62535
G1 X115.86 Y33.5 E178.84047
G1 F1500 E172.34047
G0 F15000 X115.691 Y33.204
G0 X113.532 Y29.855
G0 X113.377 Y29.586
G1 F1500 E178.84047
G1 F1069.4 X112.919 Y29.721 E178.85635
G1 X112.476 Y29.74 E178.8711
G1 X111.999 Y29.636 E178.88734
G1 X111.623 Y29.45 E178.90129
G1 X111.254 Y29.137 E178.91739
G1 X111.002 Y28.784 E178.93181
G1 X110.829 Y28.322 E178.94822
G1 X110.777 Y27.922 E178.96164
G1 X110.829 Y27.47 E178.97677
G1 X111.002 Y27.012 E178.99305
G1 X111.277 Y26.632 E179.00865
G1 X111.626 Y26.341 E179.02377
G1 X112.042 Y26.14 E179.03913
G1 X112.441 Y26.054 E179.05271
G1 X112.944 Y26.075 E179.06945
G1 X113.377 Y26.206 E179.0845
G1 X113.771 Y26.435 E179.09966
G1 X113.828 Y26.535 E179.10348
G1 X113.829 Y29.256 E179.19399
G1 X113.772 Y29.356 E179.19781
G1 X113.377 Y29.586 E179.21302
G0 F15000 X113.532 Y29.855
G0 X116.877 Y29.978
;TYPE:FILL
G1 F1069.4 X109.515 Y31.951 E179.46652
G0 F15000 X108.699 Y30.537
G1 F1069.4 X110.673 Y23.173 E179.72009
G0 F15000 X112.303 Y23.173
G1 F1069.4 X117.694 Y28.565 E179.97369
G0 F15000 X117.584 Y28.501
;MESH:NONMESH
G0 F300 X117.584 Y28.501 Z4.6
G0 F15000 X114.13 Y30.073
;TIME_ELAPSED:367.754082
;LAYER:22
;note -- min layer time used
;TYPE:WALL-INNER
;MESH:WheelAdapter_v8.stl
G1 F1066.4 X113.668 Y30.342 E179.99147
G1 X113.014 Y30.521 E180.01403
G1 X112.381 Y30.543 E180.03509
G1 X111.755 Y30.408 E180.05639
G1 X111.162 Y30.115 E180.07839
G1 X110.672 Y29.695 E180.09986
G1 X110.28 Y29.143 E180.12237
G1 X110.051 Y28.544 E180.1437
G1 X109.967 Y27.895 E180.16547
G1 X110.051 Y27.249 E180.18714
G1 X110.279 Y26.655 E180.2083
G1 X110.659 Y26.108 E180.23045
G1 X111.161 Y25.678 E180.25244
G1 X111.636 Y25.441 E180.27009
G1 X111.874 Y25.358 E180.27848
G1 X112.384 Y25.249 E180.29582
G1 X113.045 Y25.272 E180.31782
G1 X113.675 Y25.454 E180.33963
G1 X114.13 Y25.719 E180.35714
G1 X114.394 Y25.938 E180.36855
G1 X114.57 Y26.245 E180.38032
G1 X114.628 Y26.584 E180.39176
G1 X114.629 Y29.208 E180.47904
G1 X114.569 Y29.552 E180.49065
G1 X114.395 Y29.854 E180.50224
G1 X114.13 Y30.073 E180.51368
G0 F15000 X114.054 Y29.654
G1 F1066.4 X113.514 Y29.969 E180.53447
G1 X112.988 Y30.115 E180.55263
G1 X112.421 Y30.143 E180.57151
G1 X111.89 Y30.028 E180.58958
G1 X111.384 Y29.778 E180.60835
G1 X110.965 Y29.42 E180.62668
G1 X110.638 Y28.959 E180.64548
G1 X110.439 Y28.438 E180.66403
G1 X110.376 Y27.896 E180.68218
G1 X110.44 Y27.35 E180.70046
G1 X110.656 Y26.812 E180.71974
G1 X110.96 Y26.377 E180.73739
G1 X111.383 Y26.015 E180.75591
G1 X111.883 Y25.765 E180.7745
G1 X112.419 Y25.65 E180.79274
G1 X112.984 Y25.671 E180.81154
G1 X113.514 Y25.824 E180.82989
G1 X114.055 Y26.138 E180.85069
G1 X114.193 Y26.38 E180.85996
G1 X114.228 Y26.584 E180.86684
G1 X114.229 Y29.208 E180.95412
G1 X114.193 Y29.415 E180.96111
G1 X114.054 Y29.654 E180.9703
G0 F15000 X114.21 Y29.924
G0 X115.398 Y32.7
G1 F1066.4 X118.172 Y27.896 E181.15481
G1 X115.398 Y23.092 E181.33932
G1 X109.855 Y23.093 E181.52368
G1 X107.083 Y27.896 E181.70812
G1 X109.855 Y32.699 E181.89257
G1 X115.398 Y32.7 E182.07693
G0 F15000 X115.629 Y33.1
G1 F1066.4 X118.634 Y27.896 E182.2768
G1 X115.629 Y22.692 E182.47667
G1 X109.623 Y22.693 E182.67643
G1 X106.621 Y27.896 E182.87622
G1 X109.623 Y33.099 E183.07601
G1 X115.629 Y33.1 E183.27577
G0 F15000 X115.86 Y33.5
;TYPE:WALL-OUTER
G1 F1066.4 X119.096 Y27.896 E183.491
G1 X115.86 Y22.292 E183.70624
G1 X109.392 Y22.293 E183.92136
G1 X106.159 Y27.896 E184.13652
G1 X109.392 Y33.499 E184.35167
G1 X115.86 Y33.5 E184.5668
G1 F1500 E178.0668
G0 F15000 X115.691 Y33.204
G0 X113.532 Y29.855
G0 X113.377 Y29.586
G1 F1500 E184.5668
G1 F1066.4 X112.919 Y29.721 E184.58268
G1 X112.476 Y29.74 E184.59743
G1 X111.999 Y29.636 E184.61367
G1 X111.623 Y29.45 E184.62762
G1 X111.254 Y29.137 E184.64371
G1 X111.002 Y28.784 E184.65814
G1 X110.829 Y28.322 E184.67455
G1 X110.777 Y27.922 E184.68796
G1 X110.829 Y27.47 E184.70309
G1 X111.002 Y27.012 E184.71938
G1 X111.277 Y26.632 E184.73498
G1 X111.626 Y26.341 E184.75009
G1 X112.042 Y26.14 E184.76546
G1 X112.441 Y26.054 E184.77904
G1 X112.944 Y26.075 E184.79578
G1 X113.377 Y26.206 E184.81083
G1 X113.771 Y26.435 E184.82598
G1 X113.828 Y26.535 E184.82981
G1 X113.829 Y29.256 E184.92031
G1 X113.772 Y29.356 E184.92414
G1 X113.377 Y29.586 E184.93934
G0 F15000 X113.532 Y29.855
G0 X116.778 Y30.151
;TYPE:FILL
G1 F1066.4 X109.588 Y32.077 E185.18692
G0 F15000 X108.6 Y30.364
G1 F1066.4 X110.526 Y23.173 E185.43452
G0 F15000 X112.502 Y23.173
G1 F1066.4 X117.767 Y28.438 E185.68217
G0 F15000 X117.657 Y28.374
;MESH:NONMESH
G0 F300 X117.657 Y28.374 Z4.8
G0 F15000 X114.13 Y30.073
;TIME_ELAPSED:379.353967
;LAYER:23
;note -- min layer time used
;TYPE:WALL-INNER
;MESH:WheelAdapter_v8.stl
G1 F1063.3 X113.668 Y30.342 E185.69995
G1 X113.014 Y30.521 E185.7225
G1 X112.381 Y30.543 E185.74357
G1 X111.755 Y30.408 E185.76487
G1 X111.162 Y30.115 E185.78687
G1 X110.672 Y29.695 E185.80833
G1 X110.28 Y29.143 E185.83085
G1 X110.051 Y28.544 E185.85218
G1 X109.967 Y27.895 E185.87395
G1 X110.051 Y27.249 E185.89561
G1 X110.279 Y26.655 E185.91677
G1 X110.659 Y26.108 E185.93893
G1 X111.161 Y25.678 E185.96091
G1 X111.636 Y25.441 E185.97857
G1 X111.874 Y25.358 E185.98695
G1 X112.384 Y25.249 E186.0043
G1 X113.045 Y25.272 E186.02629
G1 X113.675 Y25.454 E186.04811
G1 X114.13 Y25.719 E186.06562
G1 X114.394 Y25.938 E186.07703
G1 X114.57 Y26.245 E186.0888
G1 X114.628 Y26.584 E186.10024
G1 X114.629 Y29.208 E186.18751
G1 X114.569 Y29.552 E186.19912
G1 X114.395 Y29.854 E186.21072
G1 X114.13 Y30.073 E186.22215
G0 F15000 X114.054 Y29.654
G1 F1063.3 X113.514 Y29.969 E186.24294
G1 X112.988 Y30.115 E186.2611
G1 X112.421 Y30.143 E186.27998
G1 X111.89 Y30.028 E186.29805
G1 X111.384 Y29.778 E186.31682
G1 X110.965 Y29.42 E186.33515
G1 X110.638 Y28.959 E186.35395
G1 X110.439 Y28.438 E186.3725
G1 X110.376 Y27.896 E186.39065
G1 X110.44 Y27.35 E186.40894
G1 X110.656 Y26.812 E186.42822
G1 X110.96 Y26.377 E186.44587
G1 X111.383 Y26.015 E186.46439
G1 X111.883 Y25.765 E186.48298
G1 X112.419 Y25.65 E186.50121
G1 X112.984 Y25.671 E186.52002
G1 X113.514 Y25.824 E186.53836
G1 X114.055 Y26.138 E186.55917
G1 X114.193 Y26.38 E186.56844
G1 X114.228 Y26.584 E186.57532
G1 X114.229 Y29.208 E186.66259
G1 X114.193 Y29.415 E186.66958
G1 X114.054 Y29.654 E186.67878
G0 F15000 X114.21 Y29.924
G0 X115.398 Y32.7
G1 F1063.3 X118.172 Y27.896 E186.86329
G1 X115.398 Y23.092 E187.04779
G1 X109.855 Y23.093 E187.23215
G1 X107.083 Y27.896 E187.4166
G1 X109.855 Y32.699 E187.60104
G1 X115.398 Y32.7 E187.7854
G0 F15000 X115.629 Y33.1
G1 F1063.3 X118.634 Y27.896 E187.98527
G1 X115.629 Y22.692 E188.18514
G1 X109.623 Y22.693 E188.3849
G1 X106.621 Y27.896 E188.58469
G1 X109.623 Y33.099 E188.78449
G1 X115.629 Y33.1 E188.98425
G0 F15000 X115.86 Y33.5
;TYPE:WALL-OUTER
G1 F1063.3 X119.096 Y27.896 E189.19948
G1 X115.86 Y22.292 E189.41471
G1 X109.392 Y22.293 E189.62984
G1 X106.159 Y27.896 E189.84499
G1 X109.392 Y33.499 E190.06015
G1 X115.86 Y33.5 E190.27528
G1 F1500 E183.77528
G0 F15000 X115.691 Y33.204
G0 X113.532 Y29.855
G0 X113.377 Y29.586
G1 F1500 E190.27528
G1 F1063.3 X112.919 Y29.721 E190.29116
G1 X112.476 Y29.74 E190.3059
G1 X111.999 Y29.636 E190.32214
G1 X111.623 Y29.45 E190.33609
G1 X111.254 Y29.137 E190.35219
G1 X111.002 Y28.784 E190.36661
G1 X110.829 Y28.322 E190.38302
G1 X110.777 Y27.922 E190.39644
G1 X110.829 Y27.47 E190.41157
G1 X111.002 Y27.012 E190.42785
G1 X111.277 Y26.632 E190.44346
G1 X111.626 Y26.341 E190.45857
G1 X112.042 Y26.14 E190.47394
G1 X112.441 Y26.054 E190.48751
G1 X112.944 Y26.075 E190.50426
G1 X113.377 Y26.206 E190.5193
G1 X113.771 Y26.435 E190.53446
G1 X113.828 Y26.535 E190.53829
G1 X113.829 Y29.256 E190.62879
G1 X113.772 Y29.356 E190.63262
G1 X113.377 Y29.586 E190.64782
G0 F15000 X113.532 Y29.855
G0 X116.677 Y30.325
;TYPE:FILL
G1 F1063.3 X109.662 Y32.205 E190.88937
G0 F15000 X108.499 Y30.19
G1 F1063.3 X110.379 Y23.173 E191.13099
G0 F15000 X112.702 Y23.173
G1 F1063.3 X117.841 Y28.311 E191.37269
G0 F15000 X117.73 Y28.247
;MESH:NONMESH
G0 F300 X117.73 Y28.247 Z5
G0 F15000 X114.13 Y30.073
;TIME_ELAPSED:390.969454
;LAYER:24
;note -- min layer time used
;TYPE:WALL-INNER
;MESH:WheelAdapter_v8.stl
G1 F1060.3 X113.668 Y30.342 E191.39047
G1 X113.014 Y30.521 E191.41302
G1 X112.381 Y30.543 E191.43409
G1 X111.755 Y30.408 E191.45539
G1 X111.162 Y30.115 E191.47739
G1 X110.672 Y29.695 E191.49885
G1 X110.28 Y29.143 E191.52137
G1 X110.051 Y28.544 E191.5427
G1 X109.967 Y27.895 E191.56447
G1 X110.051 Y27.249 E191.58613
G1 X110.279 Y26.655 E191.60729
G1 X110.659 Y26.108 E191.62945
G1 X111.161 Y25.678 E191.65143
G1 X111.636 Y25.441 E191.66909
G1 X111.874 Y25.358 E191.67747
G1 X112.384 Y25.249 E191.69482
G1 X113.045 Y25.272 E191.71682
G1 X113.675 Y25.454 E191.73863
G1 X114.13 Y25.719 E191.75614
G1 X114.394 Y25.938 E191.76755
G1 X114.57 Y26.245 E191.77932
G1 X114.628 Y26.584 E191.79076
G1 X114.629 Y29.208 E191.87803
G1 X114.569 Y29.552 E191.88965
G1 X114.395 Y29.854 E191.90124
G1 X114.13 Y30.073 E191.91267
G0 F15000 X114.054 Y29.654
G1 F1060.3 X113.514 Y29.969 E191.93346
G1 X112.988 Y30.115 E191.95162
G1 X112.421 Y30.143 E191.9705
G1 X111.89 Y30.028 E191.98857
G1 X111.384 Y29.778 E192.00734
G1 X110.965 Y29.42 E192.02567
G1 X110.638 Y28.959 E192.04447
G1 X110.439 Y28.438 E192.06302
G1 X110.376 Y27.896 E192.08117
G1 X110.44 Y27.35 E192.09946
G1 X110.656 Y26.812 E192.11874
G1 X110.96 Y26.377 E192.13639
G1 X111.383 Y26.015 E192.15491
G1 X111.883 Y25.765 E192.1735
G1 X112.419 Y25.65 E192.19173
G1 X112.984 Y25.671 E192.21054
G1 X113.514 Y25.824 E192.22889
G1 X114.055 Y26.138 E192.24969
G1 X114.193 Y26.38 E192.25896
G1 X114.228 Y26.584 E192.26584
G1 X114.229 Y29.208 E192.35312
G1 X114.193 Y29.415 E192.3601
G1 X114.054 Y29.654 E192.3693
G0 F15000 X114.21 Y29.924
G0 X115.398 Y32.7
G1 F1060.3 X118.172 Y27.896 E192.55381
G1 X115.398 Y23.092 E192.73831
G1 X109.855 Y23.093 E192.92267
G1 X107.083 Y27.896 E193.10712
G1 X109.855 Y32.699 E193.29156
G1 X115.398 Y32.7 E193.47592
G0 F15000 X115.629 Y33.1
G1 F1060.3 X118.634 Y27.896 E193.67579
G1 X115.629 Y22.692 E193.87566
G1 X109.623 Y22.693 E194.07542
G1 X106.621 Y27.896 E194.27522
G1 X109.623 Y33.099 E194.47501
G1 X115.629 Y33.1 E194.67477
G0 F15000 X115.86 Y33.5
;TYPE:WALL-OUTER
G1 F1060.3 X119.096 Y27.896 E194.89
G1 X115.86 Y22.292 E195.10523
G1 X109.392 Y22.293 E195.32036
G1 X106.159 Y27.896 E195.53551
G1 X109.392 Y33.499 E195.75067
G1 X115.86 Y33.5 E195.9658
G1 F1500 E189.4658
G0 F15000 X115.691 Y33.204
G0 X113.532 Y29.855
G0 X113.377 Y29.586
G1 F1500 E195.9658
G1 F1060.3 X112.919 Y29.721 E195.98168
G1 X112.476 Y29.74 E195.99642
G1 X111.999 Y29.636 E196.01266
G1 X111.623 Y29.45 E196.02661
G1 X111.254 Y29.137 E196.04271
G1 X111.002 Y28.784 E196.05713
G1 X110.829 Y28.322 E196.07354
G1 X110.777 Y27.922 E196.08696
G1 X110.829 Y27.47 E196.10209
G1 X111.002 Y27.012 E196.11837
G1 X111.277 Y26.632 E196.13398
G1 X111.626 Y26.341 E196.14909
G1 X112.042 Y26.14 E196.16446
G1 X112.441 Y26.054 E196.17803
G1 X112.944 Y26.075 E196.19478
G1 X113.377 Y26.206 E196.20982
G1 X113.771 Y26.435 E196.22498
G1 X113.828 Y26.535 E196.22881
G1 X113.829 Y29.256 E196.31931
G1 X113.772 Y29.356 E196.32314
G1 X113.377 Y29.586 E196.33834
G0 F15000 X113.532 Y29.855
G0 X116.578 Y30.498
;TYPE:FILL
G1 F1060.3 X109.735 Y32.331 E196.57396
G0 F15000 X108.399 Y30.018
G1 F1060.3 X110.234 Y23.172 E196.8097
G0 F15000 X112.902 Y23.173
G1 F1060.3 X117.914 Y28.185 E197.04545
G0 F15000 X117.803 Y28.121
;MESH:NONMESH
G0 F300 X117.803 Y28.121 Z5.2
G0 F15000 X114.13 Y30.073
;TIME_ELAPSED:402.598949
;LAYER:25
;note -- min layer time used
;TYPE:WALL-INNER
;MESH:WheelAdapter_v8.stl
G1 F1057.4 X113.668 Y30.342 E197.06323
G1 X113.014 Y30.521 E197.08578
G1 X112.381 Y30.543 E197.10685
G1 X111.755 Y30.408 E197.12815
G1 X111.162 Y30.115 E197.15015
G1 X110.672 Y29.695 E197.17161
G1 X110.28 Y29.143 E197.19413
G1 X110.051 Y28.544 E197.21546
G1 X109.967 Y27.895 E197.23723
G1 X110.051 Y27.249 E197.25889
G1 X110.279 Y26.655 E197.28005
G1 X110.659 Y26.108 E197.30221
G1 X111.161 Y25.678 E197.32419
G1 X111.636 Y25.441 E197.34185
G1 X111.874 Y25.358 E197.35023
G1 X112.384 Y25.249 E197.36758
G1 X113.045 Y25.272 E197.38957
G1 X113.675 Y25.454 E197.41139
G1 X114.13 Y25.719 E197.4289
G1 X114.394 Y25.938 E197.44031
G1 X114.57 Y26.245 E197.45208
G1 X114.628 Y26.584 E197.46352
G1 X114.629 Y29.208 E197.55079
G1 X114.569 Y29.552 E197.5624
G1 X114.395 Y29.854 E197.574
G1 X114.13 Y30.073 E197.58543
G0 F15000 X114.054 Y29.654
G1 F1057.4 X113.514 Y29.969 E197.60622
G1 X112.988 Y30.115 E197.62438
G1 X112.421 Y30.143 E197.64326
G1 X111.89 Y30.028 E197.66133
G1 X111.384 Y29.778 E197.6801
G1 X110.965 Y29.42 E197.69843
G1 X110.638 Y28.959 E197.71723
G1 X110.439 Y28.438 E197.73578
G1 X110.376 Y27.896 E197.75393
G1 X110.44 Y27.35 E197.77221
G1 X110.656 Y26.812 E197.7915
G1 X110.96 Y26.377 E197.80915
G1 X111.383 Y26.015 E197.82767
G1 X111.883 Y25.765 E197.84626
G1 X112.419 Y25.65 E197.86449
G1 X112.984 Y25.671 E197.8833
G1 X113.514 Y25.824 E197.90164
G1 X114.055 Y26.138 E197.92245
G1 X114.193 Y26.38 E197.93172
G1 X114.228 Y26.584 E197.9386
G1 X114.229 Y29.208 E198.02587
G1 X114.193 Y29.415 E198.03286
G1 X114.054 Y29.654 E198.04206
G0 F15000 X114.21 Y29.924
G0 X115.398 Y32.7
G1 F1057.4 X118.172 Y27.896 E198.22657
G1 X115.398 Y23.092 E198.41107
G1 X109.855 Y23.093 E198.59543
G1 X107.083 Y27.896 E198.77988
G1 X109.855 Y32.699 E198.96432
G1 X115.398 Y32.7 E199.14868
G0 F15000 X115.629 Y33.1
G1 F1057.4 X118.634 Y27.896 E199.34855
G1 X115.629 Y22.692 E199.54842
G1 X109.623 Y22.693 E199.74818
G1 X106.621 Y27.896 E199.94797
G1 X109.623 Y33.099 E200.14777
G1 X115.629 Y33.1 E200.34753
G0 F15000 X115.86 Y33.5
;TYPE:WALL-OUTER
G1 F1057.4 X119.096 Y27.896 E200.56276
G1 X115.86 Y22.292 E200.77799
G1 X109.392 Y22.293 E200.99312
G1 X106.159 Y27.896 E201.20827
G1 X109.392 Y33.499 E201.42343
G1 X115.86 Y33.5 E201.63856
G1 F1500 E195.13856
G0 F15000 X115.691 Y33.204
G0 X113.532 Y29.855
G0 X113.377 Y29.586
G1 F1500 E201.63856
G1 F1057.4 X112.919 Y29.721 E201.65444
G1 X112.476 Y29.74 E201.66918
G1 X111.999 Y29.636 E201.68542
G1 X111.623 Y29.45 E201.69937
G1 X111.254 Y29.137 E201.71547
G1 X111.002 Y28.784 E201.72989
G1 X110.829 Y28.322 E201.7463
G1 X110.777 Y27.922 E201.75972
G1 X110.829 Y27.47 E201.77485
G1 X111.002 Y27.012 E201.79113
G1 X111.277 Y26.632 E201.80674
G1 X111.626 Y26.341 E201.82185
G1 X112.042 Y26.14 E201.83722
G1 X112.441 Y26.054 E201.85079
G1 X112.944 Y26.075 E201.86754
G1 X113.377 Y26.206 E201.88258
G1 X113.771 Y26.435 E201.89774
G1 X113.828 Y26.535 E201.90157
G1 X113.829 Y29.256 E201.99207
G1 X113.772 Y29.356 E201.9959
G1 X113.377 Y29.586 E202.0111
G0 F15000 X113.532 Y29.855
G0 X116.478 Y30.67
;TYPE:FILL
G1 F1057.4 X109.807 Y32.458 E202.24081
G0 F15000 X108.3 Y29.845
G1 F1057.4 X110.088 Y23.172 E202.47058
G0 F15000 X113.101 Y23.173
G1 F1057.4 X117.987 Y28.059 E202.70041
G0 F15000 X117.876 Y27.995
;MESH:NONMESH
G0 F300 X117.876 Y27.995 Z5.4
G0 F15000 X114.13 Y30.073
;TIME_ELAPSED:414.241304
;LAYER:26
;note -- min layer time used
;TYPE:WALL-INNER
;MESH:WheelAdapter_v8.stl
G1 F1054.3 X113.668 Y30.342 E202.71819
G1 X113.014 Y30.521 E202.74074
G1 X112.381 Y30.543 E202.7618
G1 X111.755 Y30.408 E202.7831
G1 X111.162 Y30.115 E202.8051
G1 X110.672 Y29.695 E202.82657
G1 X110.28 Y29.143 E202.84909
G1 X110.051 Y28.544 E202.87042
G1 X109.967 Y27.895 E202.89218
G1 X110.051 Y27.249 E202.91385
G1 X110.279 Y26.655 E202.93501
G1 X110.659 Y26.108 E202.95716
G1 X111.161 Y25.678 E202.97915
G1 X111.636 Y25.441 E202.9968
G1 X111.874 Y25.358 E203.00519
G1 X112.384 Y25.249 E203.02253
G1 X113.045 Y25.272 E203.04453
G1 X113.675 Y25.454 E203.06634
G1 X114.13 Y25.719 E203.08385
G1 X114.394 Y25.938 E203.09526
G1 X114.57 Y26.245 E203.10703
G1 X114.628 Y26.584 E203.11847
G1 X114.629 Y29.208 E203.20575
G1 X114.569 Y29.552 E203.21736
G1 X114.395 Y29.854 E203.22895
G1 X114.13 Y30.073 E203.24039
G0 F15000 X114.054 Y29.654
G1 F1054.3 X113.514 Y29.969 E203.26118
G1 X112.988 Y30.115 E203.27934
G1 X112.421 Y30.143 E203.29822
G1 X111.89 Y30.028 E203.31629
G1 X111.384 Y29.778 E203.33506
G1 X110.965 Y29.42 E203.35339
G1 X110.638 Y28.959 E203.37219
G1 X110.439 Y28.438 E203.39074
G1 X110.376 Y27.896 E203.40889
G1 X110.44 Y27.35 E203.42717
G1 X110.656 Y26.812 E203.44645
G1 X110.96 Y26.377 E203.46411
G1 X111.383 Y26.015 E203.48262
G1 X111.883 Y25.765 E203.50122
G1 X112.419 Y25.65 E203.51945
G1 X112.984 Y25.671 E203.53825
G1 X113.514 Y25.824 E203.5566
G1 X114.055 Y26.138 E203.57741
G1 X114.193 Y26.38 E203.58667
G1 X114.228 Y26.584 E203.59356
G1 X114.229 Y29.208 E203.68083
G1 X114.193 Y29.415 E203.68782
G1 X114.054 Y29.654 E203.69701
G0 F15000 X114.21 Y29.924
G0 X115.398 Y32.7
G1 F1054.3 X118.172 Y27.896 E203.88152
G1 X115.398 Y23.092 E204.06603
G1 X109.855 Y23.093 E204.25039
G1 X107.083 Y27.896 E204.43483
G1 X109.855 Y32.699 E204.61928
G1 X115.398 Y32.7 E204.80364
G0 F15000 X115.629 Y33.1
G1 F1054.3 X118.634 Y27.896 E205.00351
G1 X115.629 Y22.692 E205.20338
G1 X109.623 Y22.693 E205.40314
G1 X106.621 Y27.896 E205.60293
G1 X109.623 Y33.099 E205.80272
G1 X115.629 Y33.1 E206.00248
G0 F15000 X115.86 Y33.5
;TYPE:WALL-OUTER
G1 F1054.3 X119.096 Y27.896 E206.21772
G1 X115.86 Y22.292 E206.43295
G1 X109.392 Y22.293 E206.64808
G1 X106.159 Y27.896 E206.86323
G1 X109.392 Y33.499 E207.07839
G1 X115.86 Y33.5 E207.29351
G1 F1500 E200.79351
G0 F15000 X115.691 Y33.204
G0 X113.532 Y29.855
G0 X113.377 Y29.586
G1 F1500 E207.29351
G1 F1054.3 X112.919 Y29.721 E207.30939
G1 X112.476 Y29.74 E207.32414
G1 X111.999 Y29.636 E207.34038
G1 X111.623 Y29.45 E207.35433
G1 X111.254 Y29.137 E207.37042
G1 X111.002 Y28.784 E207.38485
G1 X110.829 Y28.322 E207.40126
G1 X110.777 Y27.922 E207.41467
G1 X110.829 Y27.47 E207.42981
G1 X111.002 Y27.012 E207.44609
G1 X111.277 Y26.632 E207.46169
G1 X111.626 Y26.341 E207.47681
G1 X112.042 Y26.14 E207.49217
G1 X112.441 Y26.054 E207.50575
G1 X112.944 Y26.075 E207.52249
G1 X113.377 Y26.206 E207.53754
G1 X113.771 Y26.435 E207.5527
G1 X113.828 Y26.535 E207.55652
G1 X113.829 Y29.256 E207.64702
G1 X113.772 Y29.356 E207.65085
G1 X113.377 Y29.586 E207.66606
G0 F15000 X113.532 Y29.855
G0 X116.378 Y30.844
;TYPE:FILL
G1 F1054.3 X109.881 Y32.585 E207.88977
G0 F15000 X108.199 Y29.671
G1 F1054.3 X109.941 Y23.172 E208.11356
G0 F15000 X113.302 Y23.173
G1 F1054.3 X118.061 Y27.931 E208.33738
G0 F15000 X117.923 Y27.882
;MESH:NONMESH
G0 F300 X117.923 Y27.882 Z5.6
G0 F15000 X114.13 Y30.073
;TIME_ELAPSED:425.896649
;LAYER:27
;note -- min layer time used
;TYPE:WALL-INNER
;MESH:WheelAdapter_v8.stl
G1 F1044.8 X113.668 Y30.342 E208.35517
G1 X113.014 Y30.521 E208.37772
G1 X112.381 Y30.543 E208.39878
G1 X111.755 Y30.408 E208.42008
G1 X111.162 Y30.115 E208.44208
G1 X110.672 Y29.695 E208.46355
G1 X110.28 Y29.143 E208.48607
G1 X110.051 Y28.544 E208.50739
G1 X109.967 Y27.895 E208.52916
G1 X110.051 Y27.249 E208.55083
G1 X110.279 Y26.655 E208.57199
G1 X110.659 Y26.108 E208.59414
G1 X111.161 Y25.678 E208.61613
G1 X111.636 Y25.441 E208.63378
G1 X111.874 Y25.358 E208.64217
G1 X112.384 Y25.249 E208.65951
G1 X113.045 Y25.272 E208.68151
G1 X113.675 Y25.454 E208.70332
G1 X114.13 Y25.719 E208.72083
G1 X114.394 Y25.938 E208.73224
G1 X114.57 Y26.245 E208.74401
G1 X114.628 Y26.584 E208.75545
G1 X114.629 Y29.208 E208.84273
G1 X114.569 Y29.552 E208.85434
G1 X114.395 Y29.854 E208.86593
G1 X114.13 Y30.073 E208.87737
G0 F15000 X114.054 Y29.654
G1 F1044.8 X113.514 Y29.969 E208.89816
G1 X112.988 Y30.115 E208.91632
G1 X112.421 Y30.143 E208.9352
G1 X111.89 Y30.028 E208.95327
G1 X111.384 Y29.778 E208.97204
G1 X110.965 Y29.42 E208.99037
G1 X110.638 Y28.959 E209.00917
G1 X110.439 Y28.438 E209.02772
G1 X110.376 Y27.896 E209.04587
G1 X110.44 Y27.35 E209.06415
G1 X110.656 Y26.812 E209.08343
G1 X110.96 Y26.377 E209.10108
G1 X111.383 Y26.015 E209.1196
G1 X111.883 Y25.765 E209.13819
G1 X112.419 Y25.65 E209.15643
G1 X112.984 Y25.671 E209.17523
G1 X113.514 Y25.824 E209.19358
G1 X114.055 Y26.138 E209.21439
G1 X114.193 Y26.38 E209.22365
G1 X114.228 Y26.584 E209.23054
G1 X114.229 Y29.208 E209.31781
G1 X114.193 Y29.415 E209.3248
G1 X114.054 Y29.654 E209.33399
G0 F15000 X114.21 Y29.924
G0 X115.398 Y32.7
G1 F1044.8 X118.172 Y27.896 E209.5185
G1 X115.398 Y23.092 E209.70301
G1 X109.855 Y23.093 E209.88737
G1 X107.083 Y27.896 E210.07181
G1 X109.855 Y32.699 E210.25626
G1 X115.398 Y32.7 E210.44062
G0 F15000 X115.629 Y33.1
G1 F1044.8 X118.634 Y27.896 E210.64049
G1 X115.629 Y22.692 E210.84036
G1 X109.623 Y22.693 E211.04012
G1 X106.621 Y27.896 E211.23991
G1 X109.623 Y33.099 E211.4397
G1 X115.629 Y33.1 E211.63946
G0 F15000 X115.86 Y33.5
;TYPE:WALL-OUTER
G1 F1044.8 X119.096 Y27.896 E211.8547
G1 X115.86 Y22.292 E212.06993
G1 X109.392 Y22.293 E212.28506
G1 X106.159 Y27.896 E212.50021
G1 X109.392 Y33.499 E212.71536
G1 X115.86 Y33.5 E212.93049
G1 F1500 E206.43049
G0 F15000 X115.691 Y33.204
G0 X113.532 Y29.855
G0 X113.377 Y29.586
G1 F1500 E212.93049
G1 F1044.8 X112.919 Y29.721 E212.94637
G1 X112.476 Y29.74 E212.96112
G1 X111.999 Y29.636 E212.97736
G1 X111.623 Y29.45 E212.99131
G1 X111.254 Y29.137 E213.0074
G1 X111.002 Y28.784 E213.02183
G1 X110.829 Y28.322 E213.03824
G1 X110.777 Y27.922 E213.05165
G1 X110.829 Y27.47 E213.06679
G1 X111.002 Y27.012 E213.08307
G1 X111.277 Y26.632 E213.09867
G1 X111.626 Y26.341 E213.11378
G1 X112.042 Y26.14 E213.12915
G1 X112.441 Y26.054 E213.14273
G1 X112.944 Y26.075 E213.15947
G1 X113.377 Y26.206 E213.17452
G1 X113.771 Y26.435 E213.18967
G1 X113.828 Y26.535 E213.1935
G1 X113.829 Y29.256 E213.284
G1 X113.772 Y29.356 E213.28783
G1 X113.377 Y29.586 E213.30303
G0 F15000 X113.532 Y29.855
G0 X116.278 Y31.017
;TYPE:FILL
G1 F1044.8 X110.299 Y32.619 E213.50891
G0 F15000 X108.1 Y29.498
G1 F1044.8 X109.702 Y23.517 E213.71485
G0 F15000 X113.501 Y23.173
G1 F1044.8 X117.884 Y27.555 E213.92099
G0 F15000 X117.771 Y27.62
;MESH:NONMESH
G0 F300 X117.771 Y27.62 Z5.8
G0 F15000 X114.13 Y30.073
;TIME_ELAPSED:437.558961
;LAYER:28
;note -- min layer time used
;TYPE:WALL-INNER
;MESH:WheelAdapter_v8.stl
G1 F1032.7 X113.668 Y30.342 E213.93877
G1 X113.014 Y30.521 E213.96133
G1 X112.381 Y30.543 E213.98239
G1 X111.755 Y30.408 E214.00369
G1 X111.162 Y30.115 E214.02569
G1 X110.672 Y29.695 E214.04716
G1 X110.28 Y29.143 E214.06967
G1 X110.051 Y28.544 E214.091
G1 X109.967 Y27.895 E214.11277
G1 X110.051 Y27.249 E214.13444
G1 X110.279 Y26.655 E214.1556
G1 X110.659 Y26.108 E214.17775
G1 X111.161 Y25.678 E214.19973
G1 X111.636 Y25.441 E214.21739
G1 X111.874 Y25.358 E214.22577
G1 X112.384 Y25.249 E214.24312
G1 X113.045 Y25.272 E214.26512
G1 X113.675 Y25.454 E214.28693
G1 X114.13 Y25.719 E214.30444
G1 X114.394 Y25.938 E214.31585
G1 X114.57 Y26.245 E214.32762
G1 X114.628 Y26.584 E214.33906
G1 X114.629 Y29.208 E214.42633
G1 X114.569 Y29.552 E214.43795
G1 X114.395 Y29.854 E214.44954
G1 X114.13 Y30.073 E214.46097
G0 F15000 X114.054 Y29.654
G1 F1032.7 X113.514 Y29.969 E214.48177
G1 X112.988 Y30.115 E214.49992
G1 X112.421 Y30.143 E214.51881
G1 X111.89 Y30.028 E214.53688
G1 X111.384 Y29.778 E214.55565
G1 X110.965 Y29.42 E214.57398
G1 X110.638 Y28.959 E214.59278
G1 X110.439 Y28.438 E214.61133
G1 X110.376 Y27.896 E214.62947
G1 X110.44 Y27.35 E214.64776
G1 X110.656 Y26.812 E214.66704
G1 X110.96 Y26.377 E214.68469
G1 X111.383 Y26.015 E214.70321
G1 X111.883 Y25.765 E214.7218
G1 X112.419 Y25.65 E214.74004
G1 X112.984 Y25.671 E214.75884
G1 X113.514 Y25.824 E214.77719
G1 X114.055 Y26.138 E214.79799
G1 X114.193 Y26.38 E214.80726
G1 X114.228 Y26.584 E214.81414
G1 X114.229 Y29.208 E214.90142
G1 X114.193 Y29.415 E214.90841
G1 X114.054 Y29.654 E214.9176
G0 F15000 X114.21 Y29.924
G0 X115.398 Y32.7
G1 F1032.7 X118.172 Y27.896 E215.10211
G1 X115.398 Y23.092 E215.28662
G1 X109.855 Y23.093 E215.47098
G1 X107.083 Y27.896 E215.65542
G1 X109.855 Y32.699 E215.83987
G1 X115.398 Y32.7 E216.02423
G0 F15000 X115.629 Y33.1
G1 F1032.7 X118.634 Y27.896 E216.2241
G1 X115.629 Y22.692 E216.42397
G1 X109.623 Y22.693 E216.62373
G1 X106.621 Y27.896 E216.82352
G1 X109.623 Y33.099 E217.02331
G1 X115.629 Y33.1 E217.22307
G0 F15000 X115.86 Y33.5
;TYPE:WALL-OUTER
G1 F1032.7 X119.096 Y27.896 E217.4383
G1 X115.86 Y22.292 E217.65354
G1 X109.392 Y22.293 E217.86866
G1 X106.159 Y27.896 E218.08382
G1 X109.392 Y33.499 E218.29897
G1 X115.86 Y33.5 E218.5141
G1 F1500 E212.0141
G0 F15000 X115.691 Y33.204
G0 X113.532 Y29.855
G0 X113.377 Y29.586
G1 F1500 E218.5141
G1 F1032.7 X112.919 Y29.721 E218.52998
G1 X112.476 Y29.74 E218.54473
G1 X111.999 Y29.636 E218.56097
G1 X111.623 Y29.45 E218.57492
G1 X111.254 Y29.137 E218.59101
G1 X111.002 Y28.784 E218.60544
G1 X110.829 Y28.322 E218.62184
G1 X110.777 Y27.922 E218.63526
G1 X110.829 Y27.47 E218.65039
G1 X111.002 Y27.012 E218.66668
G1 X111.277 Y26.632 E218.68228
G1 X111.626 Y26.341 E218.69739
G1 X112.042 Y26.14 E218.71276
G1 X112.441 Y26.054 E218.72633
G1 X112.944 Y26.075 E218.74308
G1 X113.377 Y26.206 E218.75813
G1 X113.771 Y26.435 E218.77328
G1 X113.828 Y26.535 E218.77711
G1 X113.829 Y29.256 E218.86761
G1 X113.772 Y29.356 E218.87144
G1 X113.377 Y29.586 E218.88664
G0 F15000 X113.532 Y29.855
G0 X116.177 Y31.191
;TYPE:FILL
G1 F1032.7 X110.846 Y32.619 E219.0702
G0 F15000 X107.999 Y29.324
G1 F1032.7 X109.428 Y23.993 E219.25377
G0 F15000 X113.702 Y23.173
G1 F1032.7 X117.609 Y27.079 E219.43752
G0 F15000 X117.496 Y27.144
;MESH:NONMESH
G0 F300 X117.496 Y27.144 Z6
G0 F15000 X114.13 Y30.073
;TIME_ELAPSED:449.232121
;LAYER:29
;note -- min layer time used
;TYPE:WALL-INNER
;MESH:WheelAdapter_v8.stl
G1 F1020.7 X113.668 Y30.342 E219.4553
G1 X113.014 Y30.521 E219.47786
G1 X112.381 Y30.543 E219.49892
G1 X111.755 Y30.408 E219.52022
G1 X111.162 Y30.115 E219.54222
G1 X110.672 Y29.695 E219.56369
G1 X110.28 Y29.143 E219.5862
G1 X110.051 Y28.544 E219.60753
G1 X109.967 Y27.895 E219.6293
G1 X110.051 Y27.249 E219.65097
G1 X110.279 Y26.655 E219.67213
G1 X110.659 Y26.108 E219.69428
G1 X111.161 Y25.678 E219.71627
G1 X111.636 Y25.441 E219.73392
G1 X111.874 Y25.358 E219.7423
G1 X112.384 Y25.249 E219.75965
G1 X113.045 Y25.272 E219.78165
G1 X113.675 Y25.454 E219.80346
G1 X114.13 Y25.719 E219.82097
G1 X114.394 Y25.938 E219.83238
G1 X114.57 Y26.245 E219.84415
G1 X114.628 Y26.584 E219.85559
G1 X114.629 Y29.208 E219.94286
G1 X114.569 Y29.552 E219.95448
G1 X114.395 Y29.854 E219.96607
G1 X114.13 Y30.073 E219.97751
G0 F15000 X114.054 Y29.654
G1 F1020.7 X113.514 Y29.969 E219.9983
G1 X112.988 Y30.115 E220.01645
G1 X112.421 Y30.143 E220.03534
G1 X111.89 Y30.028 E220.05341
G1 X111.384 Y29.778 E220.07218
G1 X110.965 Y29.42 E220.09051
G1 X110.638 Y28.959 E220.10931
G1 X110.439 Y28.438 E220.12786
G1 X110.376 Y27.896 E220.146
G1 X110.44 Y27.35 E220.16429
G1 X110.656 Y26.812 E220.18357
G1 X110.96 Y26.377 E220.20122
G1 X111.383 Y26.015 E220.21974
G1 X111.883 Y25.765 E220.23833
G1 X112.419 Y25.65 E220.25657
G1 X112.984 Y25.671 E220.27537
G1 X113.514 Y25.824 E220.29372
G1 X114.055 Y26.138 E220.31452
G1 X114.193 Y26.38 E220.32379
G1 X114.228 Y26.584 E220.33067
G1 X114.229 Y29.208 E220.41795
G1 X114.193 Y29.415 E220.42494
G1 X114.054 Y29.654 E220.43413
G0 F15000 X114.21 Y29.924
G0 X115.398 Y32.7
G1 F1020.7 X118.172 Y27.896 E220.61864
G1 X115.398 Y23.092 E220.80315
G1 X109.855 Y23.093 E220.98751
G1 X107.083 Y27.896 E221.17195
G1 X109.855 Y32.699 E221.3564
G1 X115.398 Y32.7 E221.54076
G0 F15000 X115.629 Y33.1
G1 F1020.7 X118.634 Y27.896 E221.74063
G1 X115.629 Y22.692 E221.9405
G1 X109.623 Y22.693 E222.14026
G1 X106.621 Y27.896 E222.34005
G1 X109.623 Y33.099 E222.53984
G1 X115.629 Y33.1 E222.7396
G0 F15000 X115.86 Y33.5
;TYPE:WALL-OUTER
G1 F1020.7 X119.096 Y27.896 E222.95483
G1 X115.86 Y22.292 E223.17007
G1 X109.392 Y22.293 E223.38519
G1 X106.159 Y27.896 E223.60035
G1 X109.392 Y33.499 E223.8155
G1 X115.86 Y33.5 E224.03063
G1 F1500 E217.53063
G0 F15000 X115.691 Y33.204
G0 X113.532 Y29.855
G0 X113.377 Y29.586
G1 F1500 E224.03063
G1 F1020.7 X112.919 Y29.721 E224.04651
G1 X112.476 Y29.74 E224.06126
G1 X111.999 Y29.636 E224.0775
G1 X111.623 Y29.45 E224.09145
G1 X111.254 Y29.137 E224.10754
G1 X111.002 Y28.784 E224.12197
G1 X110.829 Y28.322 E224.13838
G1 X110.777 Y27.922 E224.15179
G1 X110.829 Y27.47 E224.16692
G1 X111.002 Y27.012 E224.18321
G1 X111.277 Y26.632 E224.19881
G1 X111.626 Y26.341 E224.21392
G1 X112.042 Y26.14 E224.22929
G1 X112.441 Y26.054 E224.24286
G1 X112.944 Y26.075 E224.25961
G1 X113.377 Y26.206 E224.27466
G1 X113.771 Y26.435 E224.28981
G1 X113.828 Y26.535 E224.29364
G1 X113.829 Y29.256 E224.38414
G1 X113.772 Y29.356 E224.38797
G1 X113.377 Y29.586 E224.40317
G0 F15000 X113.532 Y29.855
G0 X116.078 Y31.364
;TYPE:FILL
G1 F1020.7 X111.391 Y32.619 E224.56455
G0 F15000 X107.9 Y29.152
G1 F1020.7 X109.155 Y24.465 E224.72594
G0 F15000 X113.901 Y23.173
G1 F1020.7 X117.337 Y26.608 E224.88753
G0 F15000 X117.224 Y26.672
;MESH:NONMESH
G0 F300 X117.224 Y26.672 Z6.2
G0 F15000 X114.13 Y30.073
;TIME_ELAPSED:460.917074
;LAYER:30
;note -- min layer time used
;TYPE:WALL-INNER
;MESH:WheelAdapter_v8.stl
G1 F1008.7 X113.668 Y30.342 E224.90531
G1 X113.014 Y30.521 E224.92787
G1 X112.381 Y30.543 E224.94893
G1 X111.755 Y30.408 E224.97023
G1 X111.162 Y30.115 E224.99223
G1 X110.672 Y29.695 E225.0137
G1 X110.28 Y29.143 E225.03621
G1 X110.051 Y28.544 E225.05754
G1 X109.967 Y27.895 E225.07931
G1 X110.051 Y27.249 E225.10098
G1 X110.279 Y26.655 E225.12214
G1 X110.659 Y26.108 E225.14429
G1 X111.161 Y25.678 E225.16627
G1 X111.636 Y25.441 E225.18393
G1 X111.874 Y25.358 E225.19231
G1 X112.384 Y25.249 E225.20966
G1 X113.045 Y25.272 E225.23166
G1 X113.675 Y25.454 E225.25347
G1 X114.13 Y25.719 E225.27098
G1 X114.394 Y25.938 E225.28239
G1 X114.57 Y26.245 E225.29416
G1 X114.628 Y26.584 E225.3056
G1 X114.629 Y29.208 E225.39287
G1 X114.569 Y29.552 E225.40449
G1 X114.395 Y29.854 E225.41608
G1 X114.13 Y30.073 E225.42751
G0 F15000 X114.054 Y29.654
G1 F1008.7 X113.514 Y29.969 E225.44831
G1 X112.988 Y30.115 E225.46646
G1 X112.421 Y30.143 E225.48535
G1 X111.89 Y30.028 E225.50342
G1 X111.384 Y29.778 E225.52219
G1 X110.965 Y29.42 E225.54052
G1 X110.638 Y28.959 E225.55932
G1 X110.439 Y28.438 E225.57787
G1 X110.376 Y27.896 E225.59601
G1 X110.44 Y27.35 E225.6143
G1 X110.656 Y26.812 E225.63358
G1 X110.96 Y26.377 E225.65123
G1 X111.383 Y26.015 E225.66975
G1 X111.883 Y25.765 E225.68834
G1 X112.419 Y25.65 E225.70658
G1 X112.984 Y25.671 E225.72538
G1 X113.514 Y25.824 E225.74373
G1 X114.055 Y26.138 E225.76453
G1 X114.193 Y26.38 E225.7738
G1 X114.228 Y26.584 E225.78068
G1 X114.229 Y29.208 E225.86796
G1 X114.193 Y29.415 E225.87495
G1 X114.054 Y29.654 E225.88414
G0 F15000 X114.21 Y29.924
G0 X115.398 Y32.7
G1 F1008.7 X118.172 Y27.896 E226.06865
G1 X115.398 Y23.092 E226.25316
G1 X109.855 Y23.093 E226.43752
G1 X107.083 Y27.896 E226.62196
G1 X109.855 Y32.699 E226.80641
G1 X115.398 Y32.7 E226.99077
G0 F15000 X115.629 Y33.1
G1 F1008.7 X118.634 Y27.896 E227.19064
G1 X115.629 Y22.692 E227.39051
G1 X109.623 Y22.693 E227.59027
G1 X106.621 Y27.896 E227.79006
G1 X109.623 Y33.099 E227.98985
G1 X115.629 Y33.1 E228.18961
G0 F15000 X115.86 Y33.5
;TYPE:WALL-OUTER
G1 F1008.7 X119.096 Y27.896 E228.40484
G1 X115.86 Y22.292 E228.62008
G1 X109.392 Y22.293 E228.8352
G1 X106.159 Y27.896 E229.05036
G1 X109.392 Y33.499 E229.26551
G1 X115.86 Y33.5 E229.48064
G1 F1500 E222.98064
G0 F15000 X115.691 Y33.204
G0 X113.532 Y29.855
G0 X113.377 Y29.586
G1 F1500 E229.48064
G1 F1008.7 X112.919 Y29.721 E229.49652
G1 X112.476 Y29.74 E229.51127
G1 X111.999 Y29.636 E229.52751
G1 X111.623 Y29.45 E229.54146
G1 X111.254 Y29.137 E229.55755
G1 X111.002 Y28.784 E229.57198
G1 X110.829 Y28.322 E229.58839
G1 X110.777 Y27.922 E229.6018
G1 X110.829 Y27.47 E229.61693
G1 X111.002 Y27.012 E229.63322
G1 X111.277 Y26.632 E229.64882
G1 X111.626 Y26.341 E229.66393
G1 X112.042 Y26.14 E229.6793
G1 X112.441 Y26.054 E229.69287
G1 X112.944 Y26.075 E229.70962
G1 X113.377 Y26.206 E229.72467
G1 X113.771 Y26.435 E229.73982
G1 X113.828 Y26.535 E229.74365
G1 X113.829 Y29.256 E229.83415
G1 X113.772 Y29.356 E229.83798
G1 X113.377 Y29.586 E229.85318
G0 F15000 X113.532 Y29.855
G0 X115.977 Y31.537
;TYPE:FILL
G1 F1008.7 X111.939 Y32.62 E229.99223
G0 F15000 X107.799 Y28.978
G1 F1008.7 X108.881 Y24.94 E230.13128
G0 F15000 X114.102 Y23.173
G1 F1008.7 X117.062 Y26.132 E230.27048
G0 F15000 X116.949 Y26.196
;MESH:NONMESH
G0 F300 X116.949 Y26.196 Z6.4
G0 F15000 X114.943 Y29.03
G0 X114.13 Y30.073
;TIME_ELAPSED:472.616724
;LAYER:31
;note -- min layer time used
;TYPE:WALL-INNER
;MESH:WheelAdapter_v8.stl
G1 F996.8 X113.668 Y30.342 E230.28826
G1 X113.014 Y30.521 E230.31082
G1 X112.381 Y30.543 E230.33188
G1 X111.755 Y30.408 E230.35318
G1 X111.162 Y30.115 E230.37518
G1 X110.672 Y29.695 E230.39665
G1 X110.28 Y29.143 E230.41916
G1 X110.051 Y28.544 E230.44049
G1 X109.967 Y27.895 E230.46226
G1 X110.051 Y27.249 E230.48393
G1 X110.279 Y26.655 E230.50509
G1 X110.659 Y26.108 E230.52724
G1 X111.161 Y25.678 E230.54922
G1 X111.636 Y25.441 E230.56688
G1 X111.874 Y25.358 E230.57526
G1 X112.384 Y25.249 E230.59261
G1 X113.045 Y25.272 E230.61461
G1 X113.675 Y25.454 E230.63642
G1 X114.13 Y25.719 E230.65393
G1 X114.394 Y25.938 E230.66534
G1 X114.57 Y26.245 E230.67711
G1 X114.628 Y26.584 E230.68855
G1 X114.629 Y29.208 E230.77582
G1 X114.569 Y29.552 E230.78744
G1 X114.395 Y29.854 E230.79903
G1 X114.13 Y30.073 E230.81046
G0 F15000 X114.054 Y29.654
G1 F996.8 X113.514 Y29.969 E230.83126
G1 X112.988 Y30.115 E230.84941
G1 X112.421 Y30.143 E230.8683
G1 X111.89 Y30.028 E230.88637
G1 X111.384 Y29.778 E230.90514
G1 X110.965 Y29.42 E230.92347
G1 X110.638 Y28.959 E230.94227
G1 X110.439 Y28.438 E230.96082
G1 X110.376 Y27.896 E230.97896
G1 X110.44 Y27.35 E230.99725
G1 X110.656 Y26.812 E231.01653
G1 X110.96 Y26.377 E231.03418
G1 X111.383 Y26.015 E231.0527
G1 X111.883 Y25.765 E231.07129
G1 X112.419 Y25.65 E231.08953
G1 X112.984 Y25.671 E231.10833
G1 X113.514 Y25.824 E231.12668
G1 X114.055 Y26.138 E231.14748
G1 X114.193 Y26.38 E231.15675
G1 X114.228 Y26.584 E231.16363
G1 X114.229 Y29.208 E231.25091
G1 X114.193 Y29.415 E231.2579
G1 X114.054 Y29.654 E231.26709
G0 F15000 X114.21 Y29.924
G0 X115.398 Y32.7
G1 F996.8 X118.172 Y27.896 E231.4516
G1 X115.398 Y23.092 E231.63611
G1 X109.855 Y23.093 E231.82047
G1 X107.083 Y27.896 E232.00491
G1 X109.855 Y32.699 E232.18936
G1 X115.398 Y32.7 E232.37372
G0 F15000 X115.629 Y33.1
G1 F996.8 X118.634 Y27.896 E232.57359
G1 X115.629 Y22.692 E232.77346
G1 X109.623 Y22.693 E232.97322
G1 X106.621 Y27.896 E233.17301
G1 X109.623 Y33.099 E233.3728
G1 X115.629 Y33.1 E233.57256
G0 F15000 X115.86 Y33.5
;TYPE:WALL-OUTER
G1 F996.8 X119.096 Y27.896 E233.78779
G1 X115.86 Y22.292 E234.00303
G1 X109.392 Y22.293 E234.21815
G1 X106.159 Y27.896 E234.43331
G1 X109.392 Y33.499 E234.64846
G1 X115.86 Y33.5 E234.86359
G1 F1500 E228.36359
G0 F15000 X115.691 Y33.204
G0 X113.532 Y29.855
G0 X113.377 Y29.586
G1 F1500 E234.86359
G1 F996.8 X112.919 Y29.721 E234.87947
G1 X112.476 Y29.74 E234.89422
G1 X111.999 Y29.636 E234.91046
G1 X111.623 Y29.45 E234.92441
G1 X111.254 Y29.137 E234.9405
G1 X111.002 Y28.784 E234.95493
G1 X110.829 Y28.322 E234.97133
G1 X110.777 Y27.922 E234.98475
G1 X110.829 Y27.47 E234.99988
G1 X111.002 Y27.012 E235.01617
G1 X111.277 Y26.632 E235.03177
G1 X111.626 Y26.341 E235.04688
G1 X112.042 Y26.14 E235.06225
G1 X112.441 Y26.054 E235.07582
G1 X112.944 Y26.075 E235.09257
G1 X113.377 Y26.206 E235.10761
G1 X113.771 Y26.435 E235.12277
G1 X113.828 Y26.535 E235.1266
G1 X113.829 Y29.256 E235.2171
G1 X113.772 Y29.356 E235.22093
G1 X113.377 Y29.586 E235.23613
G0 F15000 X113.532 Y29.855
G0 X112.483 Y32.62
;TYPE:FILL
G1 F996.8 X115.878 Y31.71 E235.35304
G0 F15000 X116.789 Y25.66
G1 F996.8 X114.302 Y23.173 E235.47002
G0 F15000 X108.609 Y25.412
G1 F996.8 X107.699 Y28.805 E235.58686
G0 F15000 X107.813 Y28.743
;MESH:NONMESH
G0 F300 X107.813 Y28.743 Z6.6
G0 F15000 X115.398 Y32.699
;TIME_ELAPSED:484.405347
;LAYER:32
;note -- min layer time used
;TYPE:WALL-INNER
;MESH:WheelAdapter_v8.stl
G1 F1090.2 X118.172 Y27.897 E235.77131
G1 X115.398 Y23.093 E235.95581
G1 X109.854 Y23.093 E236.14021
G1 X107.083 Y27.897 E236.32466
G1 X109.854 Y32.699 E236.50906
G1 X115.398 Y32.699 E236.69346
G0 F15000 X115.629 Y33.099
G1 F1090.2 X118.634 Y27.897 E236.89327
G1 X115.629 Y22.693 E237.09314
G1 X109.623 Y22.693 E237.2929
G1 X106.621 Y27.897 E237.49272
G1 X109.623 Y33.099 E237.69248
G1 X115.629 Y33.099 E237.89224
G0 F15000 X115.86 Y33.499
;TYPE:WALL-OUTER
G1 F1090.2 X119.096 Y27.897 E238.10742
G1 X115.86 Y22.293 E238.32265
G1 X109.392 Y22.293 E238.53778
G1 X106.159 Y27.897 E238.75296
G1 X109.392 Y33.499 E238.96809
G1 X115.86 Y33.499 E239.18321
G0 F15000 X115.691 Y33.204
G0 X115.777 Y31.883
;TYPE:FILL
G1 F1090.2 X113.03 Y32.619 E239.2778
G0 F15000 X107.6 Y28.632
G1 F1090.2 X108.336 Y25.885 E239.37239
G0 F15000 X114.503 Y23.174
G1 F1090.2 X116.514 Y25.186 E239.46701
G0 F15000 X114.862 Y29.919
G0 X113.976 Y30.44
G0 X113.056 Y30.821
G0 X113.048 Y30.56
;TYPE:SKIN
G1 F1090.2 X112.382 Y30.583 E239.48917
G1 X111.739 Y30.445 E239.51104
G1 X111.143 Y30.147 E239.53321
G1 X110.633 Y29.715 E239.55544
G1 X110.25 Y29.172 E239.57754
G1 X110.012 Y28.554 E239.59956
G1 X109.93 Y27.895 E239.62165
G1 X110.008 Y27.238 E239.64366
G1 X110.254 Y26.616 E239.6659
G1 X110.637 Y26.072 E239.68803
G1 X111.139 Y25.645 E239.70995
G1 X111.739 Y25.351 E239.73217
G1 X112.383 Y25.213 E239.75408
G1 X113.045 Y25.232 E239.77611
G1 X113.692 Y25.418 E239.7985
G1 X114.668 Y25.987 E239.83607
G1 X114.668 Y29.804 E239.96303
G1 X113.688 Y30.374 E240.00074
G1 X113.048 Y30.56 E240.0229
G0 F15000 X113.056 Y30.821
G0 X112.37 Y30.784
G0 X111.671 Y30.633
G0 X111.033 Y30.316
G0 X110.593 Y29.941
G0 X109.931 Y29.067
G0 X110.36 Y28.901
G1 F1090.2 X111.622 Y30.163 E240.08226
G0 F15000 X112.406 Y30.382
G1 F1090.2 X110.16 Y28.136 E240.18791
G0 F15000 X110.169 Y27.579
G1 F1090.2 X112.953 Y30.363 E240.31886
G0 F15000 X113.404 Y30.248
G1 F1090.2 X110.271 Y27.115 E240.46623
G0 F15000 X110.432 Y26.71
G1 F1090.2 X113.8 Y30.078 E240.62465
G0 F15000 X114.157 Y29.87
G1 F1090.2 X110.665 Y26.378 E240.7889
G0 F15000 X110.934 Y26.082
G1 F1090.2 X114.468 Y29.615 E240.9551
G0 F15000 X114.468 Y29.049
G1 F1090.2 X111.24 Y25.821 E241.10694
G0 F15000 X111.618 Y25.633
G1 F1090.2 X114.468 Y28.484 E241.24102
G0 F15000 X114.468 Y27.918
G1 F1090.2 X112.041 Y25.491 E241.35518
G0 F15000 X112.533 Y25.418
G1 F1090.2 X114.468 Y27.352 E241.44617
G0 F15000 X114.468 Y26.787
G1 F1090.2 X113.152 Y25.471 E241.50807
G0 F15000 X113.279 Y25.029
G0 X114.415 Y25.54
G0 X114.183 Y25.936
G1 F1090.2 X114.468 Y26.221 E241.52148
G0 F15000 X115.228 Y26.221
;MESH:NONMESH
G0 F300 X115.228 Y26.221 Z6.8
G0 F15000 X115.398 Y32.699
;TIME_ELAPSED:496.911237
;LAYER:33
;note -- min layer time used
;TYPE:WALL-INNER
;MESH:WheelAdapter_v8.stl
G1 F1073.5 X118.172 Y27.897 E241.70592
G1 X115.398 Y23.093 E241.89043
G1 X109.854 Y23.093 E242.07483
G1 X107.083 Y27.897 E242.25928
G1 X109.854 Y32.699 E242.44368
G1 X115.398 Y32.699 E242.62808
G0 F15000 X115.629 Y33.099
G1 F1073.5 X118.634 Y27.897 E242.82789
G1 X115.629 Y22.693 E243.02776
G1 X109.623 Y22.693 E243.22752
G1 X106.621 Y27.897 E243.42734
G1 X109.623 Y33.099 E243.6271
G1 X115.629 Y33.099 E243.82686
G0 F15000 X115.86 Y33.499
;TYPE:WALL-OUTER
G1 F1073.5 X119.096 Y27.897 E244.04204
G1 X115.86 Y22.293 E244.25727
G1 X109.392 Y22.293 E244.4724
G1 X106.159 Y27.897 E244.68758
G1 X109.392 Y33.499 E244.90271
G1 X115.86 Y33.499 E245.11783
G0 F15000 X115.691 Y33.204
G0 X115.677 Y32.057
;TYPE:FILL
G1 F1073.5 X113.579 Y32.619 E245.19007
G0 F15000 X107.499 Y28.459
G1 F1073.5 X108.061 Y26.361 E245.26231
G0 F15000 X114.703 Y23.174
G1 F1073.5 X116.24 Y24.711 E245.33461
G0 F15000 X114.862 Y29.919
G0 X113.976 Y30.44
G0 X113.056 Y30.821
G0 X113.048 Y30.56
;TYPE:SKIN
G1 F1073.5 X112.382 Y30.583 E245.35677
G1 X111.739 Y30.445 E245.37865
G1 X111.143 Y30.147 E245.40081
G1 X110.633 Y29.715 E245.42304
G1 X110.25 Y29.172 E245.44514
G1 X110.012 Y28.554 E245.46717
G1 X109.93 Y27.895 E245.48925
G1 X110.008 Y27.238 E245.51126
G1 X110.254 Y26.616 E245.53351
G1 X110.637 Y26.072 E245.55563
G1 X111.139 Y25.645 E245.57755
G1 X111.739 Y25.351 E245.59978
G1 X112.383 Y25.213 E245.62168
G1 X113.045 Y25.232 E245.64371
G1 X113.692 Y25.418 E245.6661
G1 X114.668 Y25.987 E245.70368
G1 X114.668 Y29.804 E245.83063
G1 X113.688 Y30.374 E245.86834
G1 X113.048 Y30.56 E245.89051
G0 F15000 X113.056 Y30.821
G0 X113.768 Y30.562
G0 X114.862 Y29.919
G0 X114.928 Y29.216
G0 X114.468 Y29.216
G1 F1073.5 X113.448 Y30.237 E245.93851
G0 F15000 X112.747 Y30.371
G1 F1073.5 X114.468 Y28.651 E246.01943
G0 F15000 X114.468 Y28.085
G1 F1073.5 X112.211 Y30.342 E246.1256
G0 F15000 X111.756 Y30.231
G1 F1073.5 X114.468 Y27.519 E246.25316
G0 F15000 X114.468 Y26.953
G1 F1073.5 X111.379 Y30.042 E246.39846
G0 F15000 X111.049 Y29.807
G1 F1073.5 X114.468 Y26.388 E246.55928
G0 F15000 X114.291 Y25.999
G1 F1073.5 X110.753 Y29.537 E246.72569
G0 F15000 X110.519 Y29.205
G1 F1073.5 X113.934 Y25.79 E246.88632
G0 F15000 X113.568 Y25.59
G1 F1073.5 X110.332 Y28.827 E247.03856
G0 F15000 X110.194 Y28.399
G1 F1073.5 X113.129 Y25.464 E247.17661
G0 F15000 X112.608 Y25.419
G1 F1073.5 X110.131 Y27.896 E247.29312
G0 F15000 X110.224 Y27.238
G1 F1073.5 X111.953 Y25.509 E247.37445
G0 F15000 X111.796 Y24.765
;MESH:NONMESH
G0 F300 X111.796 Y24.765 Z7
G0 F15000 X113.768 Y25.232
G0 X114.862 Y25.877
G0 X115.398 Y32.699
;TIME_ELAPSED:509.382218
;LAYER:34
;note -- min layer time used
;TYPE:WALL-INNER
;MESH:WheelAdapter_v8.stl
G1 F1067 X118.172 Y27.897 E247.5589
G1 X115.398 Y23.093 E247.74341
G1 X109.854 Y23.093 E247.9278
G1 X107.083 Y27.897 E248.11226
G1 X109.854 Y32.699 E248.29666
G1 X115.398 Y32.699 E248.48105
G0 F15000 X115.629 Y33.099
G1 F1067 X118.634 Y27.897 E248.68086
G1 X115.629 Y22.693 E248.88073
G1 X109.623 Y22.693 E249.08049
G1 X106.621 Y27.897 E249.28031
G1 X109.623 Y33.099 E249.48008
G1 X115.629 Y33.099 E249.67984
G0 F15000 X115.86 Y33.499
;TYPE:WALL-OUTER
G1 F1067 X119.096 Y27.897 E249.89501
G1 X115.86 Y22.293 E250.11025
G1 X109.392 Y22.293 E250.32537
G1 X106.159 Y27.897 E250.54056
G1 X109.392 Y33.499 E250.75568
G1 X115.86 Y33.499 E250.97081
G0 F15000 X115.691 Y33.204
G0 X115.577 Y32.23
;TYPE:FILL
G1 F1067 X114.123 Y32.619 E251.02087
G0 F15000 X107.4 Y28.286
G1 F1067 X107.789 Y26.832 E251.07093
G0 F15000 X114.903 Y23.174
G1 F1067 X115.968 Y24.239 E251.12102
G0 F15000 X114.862 Y29.919
G0 X113.976 Y30.44
G0 X113.056 Y30.821
G0 X113.048 Y30.56
;TYPE:SKIN
G1 F1067 X112.382 Y30.583 E251.14319
G1 X111.739 Y30.445 E251.16506
G1 X111.143 Y30.147 E251.18722
G1 X110.633 Y29.715 E251.20945
G1 X110.25 Y29.172 E251.23156
G1 X110.012 Y28.554 E251.25358
G1 X109.93 Y27.895 E251.27567
G1 X110.008 Y27.238 E251.29767
G1 X110.254 Y26.616 E251.31992
G1 X110.637 Y26.072 E251.34205
G1 X111.139 Y25.645 E251.36397
G1 X111.739 Y25.351 E251.38619
G1 X112.383 Y25.213 E251.4081
G1 X113.045 Y25.232 E251.43013
G1 X113.692 Y25.418 E251.45252
G1 X114.668 Y25.987 E251.49009
G1 X114.668 Y29.804 E251.61705
G1 X113.688 Y30.374 E251.65475
G1 X113.048 Y30.56 E251.67692
G0 F15000 X113.056 Y30.821
G0 X112.37 Y30.784
G0 X111.671 Y30.633
G0 X111.033 Y30.316
G0 X110.593 Y29.941
G0 X109.931 Y29.067
G0 X110.36 Y28.901
G1 F1067 X111.622 Y30.163 E251.73628
G0 F15000 X112.406 Y30.382
G1 F1067 X110.16 Y28.136 E251.84193
G0 F15000 X110.169 Y27.579
G1 F1067 X112.953 Y30.363 E251.97288
G0 F15000 X113.404 Y30.248
G1 F1067 X110.271 Y27.115 E252.12024
G0 F15000 X110.432 Y26.71
G1 F1067 X113.8 Y30.078 E252.27866
G0 F15000 X114.157 Y29.87
G1 F1067 X110.665 Y26.378 E252.44292
G0 F15000 X110.934 Y26.082
G1 F1067 X114.468 Y29.615 E252.60912
G0 F15000 X114.468 Y29.049
G1 F1067 X111.24 Y25.821 E252.76096
G0 F15000 X111.618 Y25.633
G1 F1067 X114.468 Y28.484 E252.89504
G0 F15000 X114.468 Y27.918
G1 F1067 X112.041 Y25.491 E253.00919
G0 F15000 X112.533 Y25.418
G1 F1067 X114.468 Y27.352 E253.10019
G0 F15000 X114.468 Y26.787
G1 F1067 X113.152 Y25.471 E253.16209
G0 F15000 X113.279 Y25.029
G0 X114.415 Y25.54
G0 X114.183 Y25.936
G1 F1067 X114.468 Y26.221 E253.17549
G0 F15000 X115.228 Y26.221
;MESH:NONMESH
G0 F300 X115.228 Y26.221 Z7.2
G0 F15000 X115.398 Y32.699
;TIME_ELAPSED:521.901834
;LAYER:35
;note -- min layer time used
;TYPE:WALL-INNER
;MESH:WheelAdapter_v8.stl
G1 F1050.3 X118.172 Y27.897 E253.35994
G1 X115.398 Y23.093 E253.54445
G1 X109.854 Y23.093 E253.72884
G1 X107.083 Y27.897 E253.9133
G1 X109.854 Y32.699 E254.0977
G1 X115.398 Y32.699 E254.28209
G0 F15000 X115.629 Y33.099
G1 F1050.3 X118.634 Y27.897 E254.48191
G1 X115.629 Y22.693 E254.68178
G1 X109.623 Y22.693 E254.88154
G1 X106.621 Y27.897 E255.08136
G1 X109.623 Y33.099 E255.28112
G1 X115.629 Y33.099 E255.48088
G0 F15000 X115.86 Y33.499
;TYPE:WALL-OUTER
G1 F1050.3 X119.096 Y27.897 E255.69606
G1 X115.86 Y22.293 E255.91129
G1 X109.392 Y22.293 E256.12642
G1 X106.159 Y27.897 E256.3416
G1 X109.392 Y33.499 E256.55672
G1 X115.86 Y33.499 E256.77185
G0 F15000 X115.691 Y33.204
G0 X115.476 Y32.404
;TYPE:FILL
G1 F1050.3 X114.672 Y32.619 E256.79953
G0 F15000 X107.299 Y28.112
G1 F1050.3 X107.515 Y27.307 E256.82725
G0 F15000 X115.104 Y23.174
G1 F1050.3 X115.693 Y23.764 E256.85498
G0 F15000 X114.862 Y29.919
G0 X113.976 Y30.44
G0 X113.056 Y30.821
G0 X113.048 Y30.56
;TYPE:SKIN
G1 F1050.3 X112.382 Y30.583 E256.87715
G1 X111.739 Y30.445 E256.89902
G1 X111.143 Y30.147 E256.92118
G1 X110.633 Y29.715 E256.94341
G1 X110.25 Y29.172 E256.96551
G1 X110.012 Y28.554 E256.98754
G1 X109.93 Y27.895 E257.00963
G1 X110.008 Y27.238 E257.03163
G1 X110.254 Y26.616 E257.05388
G1 X110.637 Y26.072 E257.07601
G1 X111.139 Y25.645 E257.09793
G1 X111.739 Y25.351 E257.12015
G1 X112.383 Y25.213 E257.14206
G1 X113.045 Y25.232 E257.16408
G1 X113.692 Y25.418 E257.18647
G1 X114.668 Y25.987 E257.22405
G1 X114.668 Y29.804 E257.351
G1 X113.688 Y30.374 E257.38871
G1 X113.048 Y30.56 E257.41088
G0 F15000 X113.056 Y30.821
G0 X113.768 Y30.562
G0 X114.862 Y29.919
G0 X114.928 Y29.216
G0 X114.468 Y29.216
G1 F1050.3 X113.448 Y30.237 E257.45888
G0 F15000 X112.747 Y30.371
G1 F1050.3 X114.468 Y28.651 E257.53981
G0 F15000 X114.468 Y28.085
G1 F1050.3 X112.211 Y30.342 E257.64597
G0 F15000 X111.756 Y30.231
G1 F1050.3 X114.468 Y27.519 E257.77353
G0 F15000 X114.468 Y26.953
G1 F1050.3 X111.379 Y30.042 E257.91883
G0 F15000 X111.049 Y29.807
G1 F1050.3 X114.468 Y26.388 E258.07965
G0 F15000 X114.291 Y25.999
G1 F1050.3 X110.753 Y29.537 E258.24607
G0 F15000 X110.519 Y29.205
G1 F1050.3 X113.934 Y25.79 E258.4067
G0 F15000 X113.568 Y25.59
G1 F1050.3 X110.332 Y28.827 E258.55893
G0 F15000 X110.194 Y28.399
G1 F1050.3 X113.129 Y25.464 E258.69699
G0 F15000 X112.608 Y25.419
G1 F1050.3 X110.131 Y27.896 E258.8135
G0 F15000 X110.224 Y27.238
G1 F1050.3 X111.953 Y25.509 E258.89482
G0 F15000 X111.796 Y24.765
;MESH:NONMESH
G0 F300 X111.796 Y24.765 Z7.4
G0 F15000 X113.768 Y25.232
G0 X114.862 Y25.877
G0 X115.398 Y32.699
;TIME_ELAPSED:534.387545
;LAYER:36
;note -- min layer time used
;TYPE:WALL-INNER
;MESH:WheelAdapter_v8.stl
G1 F659.5 X118.172 Y27.897 E259.07927
G1 X115.398 Y23.093 E259.26378
G1 X109.854 Y23.093 E259.44817
G1 X107.083 Y27.897 E259.63263
G1 X109.854 Y32.699 E259.81703
G1 X115.398 Y32.699 E260.00142
G0 F15000 X115.629 Y33.099
G1 F659.5 X118.634 Y27.897 E260.20124
G1 X115.629 Y22.693 E260.40111
G1 X109.623 Y22.693 E260.60087
G1 X106.621 Y27.897 E260.80069
G1 X109.623 Y33.099 E261.00045
G1 X115.629 Y33.099 E261.20021
G0 F15000 X115.86 Y33.499
;TYPE:WALL-OUTER
G1 F659.5 X119.096 Y27.897 E261.41539
G1 X115.86 Y22.293 E261.63062
G1 X109.392 Y22.293 E261.84574
G1 X106.159 Y27.897 E262.06093
G1 X109.392 Y33.499 E262.27605
G1 X115.86 Y33.499 E262.49118
G0 F15000 X115.691 Y33.204
G0 X115.377 Y32.576
;TYPE:FILL
G1 F659.5 X115.216 Y32.619 E262.49672
G0 F15000 X107.2 Y27.939
G1 F659.5 X107.242 Y27.78 E262.50219
G0 F15000 X115.303 Y23.174
G1 F659.5 X115.42 Y23.291 E262.5077
G0 F15000 X115.309 Y23.355
;MESH:NONMESH
G0 F300 X115.309 Y23.355 Z7.6
G0 F15000 X115.398 Y32.699
;TIME_ELAPSED:545.348301
;LAYER:37
;note -- min layer time used
;TYPE:WALL-INNER
;MESH:WheelAdapter_v8.stl
G1 F651.7 X118.172 Y27.897 E262.69215
G1 X115.398 Y23.093 E262.87665
G1 X109.854 Y23.093 E263.06105
G1 X107.083 Y27.897 E263.2455
G1 X109.854 Y32.699 E263.4299
G1 X115.398 Y32.699 E263.6143
G0 F15000 X115.629 Y33.099
G1 F651.7 X118.634 Y27.897 E263.81411
G1 X115.629 Y22.693 E264.01398
G1 X109.623 Y22.693 E264.21374
G1 X106.621 Y27.897 E264.41356
G1 X109.623 Y33.099 E264.61332
G1 X115.629 Y33.099 E264.81308
G0 F15000 X115.86 Y33.499
;TYPE:WALL-OUTER
G1 F651.7 X119.096 Y27.897 E265.02826
G1 X115.86 Y22.293 E265.24349
G1 X109.392 Y22.293 E265.45862
G1 X106.159 Y27.897 E265.6738
G1 X109.392 Y33.499 E265.88893
G1 X115.86 Y33.499 E266.10405
G0 F15000 X115.311 Y32.49
;MESH:NONMESH
G0 F300 X115.311 Y32.49 Z7.8
G0 F15000 X115.398 Y32.699
;TIME_ELAPSED:555.597757
;LAYER:38
;note -- min layer time used
;TYPE:WALL-INNER
;MESH:WheelAdapter_v8.stl
G1 F649.4 X118.172 Y27.897 E266.2885
G1 X115.398 Y23.093 E266.47301
G1 X109.854 Y23.093 E266.6574
G1 X107.083 Y27.897 E266.84186
G1 X109.854 Y32.699 E267.02626
G1 X115.398 Y32.699 E267.21065
G0 F15000 X115.629 Y33.099
G1 F649.4 X118.634 Y27.897 E267.41047
G1 X115.629 Y22.693 E267.61034
G1 X109.623 Y22.693 E267.8101
G1 X106.621 Y27.897 E268.00992
G1 X109.623 Y33.099 E268.20968
G1 X115.629 Y33.099 E268.40944
G0 F15000 X115.86 Y33.499
;TYPE:WALL-OUTER
G1 F649.4 X119.096 Y27.897 E268.62462
G1 X115.86 Y22.293 E268.83985
G1 X109.392 Y22.293 E269.05498
G1 X106.159 Y27.897 E269.27016
G1 X109.392 Y33.499 E269.48528
G1 X115.86 Y33.499 E269.70041
G0 F15000 X115.311 Y32.49
;MESH:NONMESH
G0 F300 X115.311 Y32.49 Z8
G0 F15000 X115.398 Y32.699
;TIME_ELAPSED:565.883392
;LAYER:39
;note -- min layer time used
;TYPE:WALL-INNER
;MESH:WheelAdapter_v8.stl
G1 F649.4 X118.172 Y27.897 E269.88486
G1 X115.398 Y23.093 E270.06937
G1 X109.854 Y23.093 E270.25376
G1 X107.083 Y27.897 E270.43822
G1 X109.854 Y32.699 E270.62262
G1 X115.398 Y32.699 E270.80701
G0 F15000 X115.629 Y33.099
G1 F649.4 X118.634 Y27.897 E271.00682
G1 X115.629 Y22.693 E271.20669
G1 X109.623 Y22.693 E271.40645
G1 X106.621 Y27.897 E271.60627
G1 X109.623 Y33.099 E271.80604
G1 X115.629 Y33.099 E272.0058
G0 F15000 X115.86 Y33.499
;TYPE:WALL-OUTER
G1 F649.4 X119.096 Y27.897 E272.22097
G1 X115.86 Y22.293 E272.43621
G1 X109.392 Y22.293 E272.65133
G1 X106.159 Y27.897 E272.86652
G1 X109.392 Y33.499 E273.08164
G1 X115.86 Y33.499 E273.29677
G0 F15000 X115.311 Y32.49
;MESH:NONMESH
G0 F300 X115.311 Y32.49 Z8.2
G0 F15000 X115.398 Y32.699
;TIME_ELAPSED:576.169027
;LAYER:40
;note -- min layer time used
;TYPE:WALL-INNER
;MESH:WheelAdapter_v8.stl
G1 F649.4 X118.172 Y27.897 E273.48122
G1 X115.398 Y23.093 E273.66572
G1 X109.854 Y23.093 E273.85012
G1 X107.083 Y27.897 E274.03458
G1 X109.854 Y32.699 E274.21897
G1 X115.398 Y32.699 E274.40337
G0 F15000 X115.629 Y33.099
G1 F649.4 X118.634 Y27.897 E274.60318
G1 X115.629 Y22.693 E274.80305
G1 X109.623 Y22.693 E275.00281
G1 X106.621 Y27.897 E275.20263
G1 X109.623 Y33.099 E275.40239
G1 X115.629 Y33.099 E275.60215
G0 F15000 X115.86 Y33.499
;TYPE:WALL-OUTER
G1 F649.4 X119.096 Y27.897 E275.81733
G1 X115.86 Y22.293 E276.03256
G1 X109.392 Y22.293 E276.24769
G1 X106.159 Y27.897 E276.46287
G1 X109.392 Y33.499 E276.678
G1 X115.86 Y33.499 E276.89313
G0 F15000 X115.311 Y32.49
;MESH:NONMESH
G0 F300 X115.311 Y32.49 Z8.4
G0 F15000 X115.398 Y32.699
;TIME_ELAPSED:586.454663
;LAYER:41
;note -- min layer time used
;TYPE:WALL-INNER
;MESH:WheelAdapter_v8.stl
G1 F649.4 X118.172 Y27.897 E277.07757
G1 X115.398 Y23.093 E277.26208
G1 X109.854 Y23.093 E277.44648
G1 X107.083 Y27.897 E277.63093
G1 X109.854 Y32.699 E277.81533
G1 X115.398 Y32.699 E277.99973
G0 F15000 X115.629 Y33.099
G1 F649.4 X118.634 Y27.897 E278.19954
G1 X115.629 Y22.693 E278.39941
G1 X109.623 Y22.693 E278.59917
G1 X106.621 Y27.897 E278.79899
G1 X109.623 Y33.099 E278.99875
G1 X115.629 Y33.099 E279.19851
G0 F15000 X115.86 Y33.499
;TYPE:WALL-OUTER
G1 F649.4 X119.096 Y27.897 E279.41369
G1 X115.86 Y22.293 E279.62892
G1 X109.392 Y22.293 E279.84405
G1 X106.159 Y27.897 E280.05923
G1 X109.392 Y33.499 E280.27436
G1 X115.86 Y33.499 E280.48948
G0 F15000 X115.311 Y32.49
;MESH:NONMESH
G0 F300 X115.311 Y32.49 Z8.6
G0 F15000 X115.398 Y32.699
;TIME_ELAPSED:596.740298
;LAYER:42
;note -- min layer time used
;TYPE:WALL-INNER
;MESH:WheelAdapter_v8.stl
G1 F649.4 X118.172 Y27.897 E280.67393
G1 X115.398 Y23.093 E280.85844
G1 X109.854 Y23.093 E281.04283
G1 X107.083 Y27.897 E281.22729
G1 X109.854 Y32.699 E281.41169
G1 X115.398 Y32.699 E281.59608
G0 F15000 X115.629 Y33.099
G1 F649.4 X118.634 Y27.897 E281.7959
G1 X115.629 Y22.693 E281.99577
G1 X109.623 Y22.693 E282.19553
G1 X106.621 Y27.897 E282.39535
G1 X109.623 Y33.099 E282.59511
G1 X115.629 Y33.099 E282.79487
G0 F15000 X115.86 Y33.499
;TYPE:WALL-OUTER
G1 F649.4 X119.096 Y27.897 E283.01004
G1 X115.86 Y22.293 E283.22528
G1 X109.392 Y22.293 E283.4404
G1 X106.159 Y27.897 E283.65559
G1 X109.392 Y33.499 E283.87071
G1 X115.86 Y33.499 E284.08584
G0 F15000 X115.311 Y32.49
;MESH:NONMESH
G0 F300 X115.311 Y32.49 Z8.8
G0 F15000 X115.398 Y32.699
;TIME_ELAPSED:607.025933
;LAYER:43
;note -- min layer time used
;TYPE:WALL-INNER
;MESH:WheelAdapter_v8.stl
G1 F649.4 X118.172 Y27.897 E284.27029
G1 X115.398 Y23.093 E284.4548
G1 X109.854 Y23.093 E284.63919
G1 X107.083 Y27.897 E284.82365
G1 X109.854 Y32.699 E285.00805
G1 X115.398 Y32.699 E285.19244
G0 F15000 X115.629 Y33.099
G1 F649.4 X118.634 Y27.897 E285.39225
G1 X115.629 Y22.693 E285.59212
G1 X109.623 Y22.693 E285.79188
G1 X106.621 Y27.897 E285.9917
G1 X109.623 Y33.099 E286.19147
G1 X115.629 Y33.099 E286.39123
G0 F15000 X115.86 Y33.499
;TYPE:WALL-OUTER
G1 F649.4 X119.096 Y27.897 E286.6064
G1 X115.86 Y22.293 E286.82164
G1 X109.392 Y22.293 E287.03676
G1 X106.159 Y27.897 E287.25195
G1 X109.392 Y33.499 E287.46707
G1 X115.86 Y33.499 E287.6822
G0 F15000 X115.311 Y32.49
;MESH:NONMESH
G0 F300 X115.311 Y32.49 Z9
G0 F15000 X115.398 Y32.699
;TIME_ELAPSED:617.311569
;LAYER:44
;note -- min layer time used
;TYPE:WALL-INNER
;MESH:WheelAdapter_v8.stl
G1 F649.4 X118.172 Y27.897 E287.86665
G1 X115.398 Y23.093 E288.05115
G1 X109.854 Y23.093 E288.23555
G1 X107.083 Y27.897 E288.42
G1 X109.854 Y32.699 E288.6044
G1 X115.398 Y32.699 E288.7888
G0 F15000 X115.629 Y33.099
G1 F649.4 X118.634 Y27.897 E288.98861
G1 X115.629 Y22.693 E289.18848
G1 X109.623 Y22.693 E289.38824
G1 X106.621 Y27.897 E289.58806
G1 X109.623 Y33.099 E289.78782
G1 X115.629 Y33.099 E289.98758
G0 F15000 X115.86 Y33.499
;TYPE:WALL-OUTER
G1 F649.4 X119.096 Y27.897 E290.20276
G1 X115.86 Y22.293 E290.41799
G1 X109.392 Y22.293 E290.63312
G1 X106.159 Y27.897 E290.8483
G1 X109.392 Y33.499 E291.06343
G1 X115.86 Y33.499 E291.27855
G0 F15000 X115.311 Y32.49
;MESH:NONMESH
G0 F300 X115.311 Y32.49 Z9.2
G0 F15000 X115.398 Y32.699
;TIME_ELAPSED:627.597204
;LAYER:45
;note -- min layer time used
;TYPE:WALL-INNER
;MESH:WheelAdapter_v8.stl
G1 F649.4 X118.172 Y27.897 E291.463
G1 X115.398 Y23.093 E291.64751
G1 X109.854 Y23.093 E291.83191
G1 X107.083 Y27.897 E292.01636
G1 X109.854 Y32.699 E292.20076
G1 X115.398 Y32.699 E292.38516
G0 F15000 X115.629 Y33.099
G1 F649.4 X118.634 Y27.897 E292.58497
G1 X115.629 Y22.693 E292.78484
G1 X109.623 Y22.693 E292.9846
G1 X106.621 Y27.897 E293.18442
G1 X109.623 Y33.099 E293.38418
G1 X115.629 Y33.099 E293.58394
G0 F15000 X115.86 Y33.499
;TYPE:WALL-OUTER
G1 F649.4 X119.096 Y27.897 E293.79912
G1 X115.86 Y22.293 E294.01435
G1 X109.392 Y22.293 E294.22948
G1 X106.159 Y27.897 E294.44466
G1 X109.392 Y33.499 E294.65979
G1 X115.86 Y33.499 E294.87491
G0 F15000 X115.311 Y32.49
;MESH:NONMESH
G0 F300 X115.311 Y32.49 Z9.4
G0 F15000 X115.398 Y32.699
;TIME_ELAPSED:637.882839
;LAYER:46
;note -- min layer time used
;TYPE:WALL-INNER
;MESH:WheelAdapter_v8.stl
G1 F649.4 X118.172 Y27.897 E295.05936
G1 X115.398 Y23.093 E295.24387
G1 X109.854 Y23.093 E295.42826
G1 X107.083 Y27.897 E295.61272
G1 X109.854 Y32.699 E295.79712
G1 X115.398 Y32.699 E295.98151
G0 F15000 X115.629 Y33.099
G1 F649.4 X118.634 Y27.897 E296.18133
G1 X115.629 Y22.693 E296.3812
G1 X109.623 Y22.693 E296.58096
G1 X106.621 Y27.897 E296.78078
G1 X109.623 Y33.099 E296.98054
G1 X115.629 Y33.099 E297.1803
G0 F15000 X115.86 Y33.499
;TYPE:WALL-OUTER
G1 F649.4 X119.096 Y27.897 E297.39547
G1 X115.86 Y22.293 E297.61071
G1 X109.392 Y22.293 E297.82583
G1 X106.159 Y27.897 E298.04102
G1 X109.392 Y33.499 E298.25614
G1 X115.86 Y33.499 E298.47127
G0 F15000 X115.311 Y32.49
;MESH:NONMESH
G0 F300 X115.311 Y32.49 Z9.6
G0 F15000 X115.398 Y32.699
;TIME_ELAPSED:648.168474
;LAYER:47
;note -- min layer time used
;TYPE:WALL-INNER
;MESH:WheelAdapter_v8.stl
G1 F660.2 X118.172 Y27.897 E298.65572
G1 X115.398 Y23.093 E298.84023
G1 X109.854 Y23.093 E299.02462
G1 X107.083 Y27.897 E299.20908
G1 X109.854 Y32.699 E299.39348
G1 X115.398 Y32.699 E299.57787
G0 F15000 X115.629 Y33.099
G1 F660.2 X118.634 Y27.897 E299.77768
G1 X115.629 Y22.693 E299.97755
G1 X109.623 Y22.693 E300.17731
G1 X106.621 Y27.897 E300.37713
G1 X109.623 Y33.099 E300.5769
G1 X115.629 Y33.099 E300.77666
G0 F15000 X115.86 Y33.499
;TYPE:WALL-OUTER
G1 F660.2 X119.096 Y27.897 E300.99183
G1 X115.86 Y22.293 E301.20706
G1 X109.392 Y22.293 E301.42219
G1 X106.159 Y27.897 E301.63737
G1 X109.392 Y33.499 E301.8525
G1 X115.86 Y33.499 E302.06763
G0 F15000 X115.691 Y33.204
G0 X117.974 Y28.082
;TYPE:FILL
G1 F660.2 X118.041 Y27.831 E302.07627
G0 F15000 X110.114 Y23.174
G1 F660.2 X109.863 Y23.241 E302.08491
G0 F15000 X109.797 Y32.438
G1 F660.2 X109.978 Y32.619 E302.09342
G0 F15000 X109.978 Y32.49
;MESH:NONMESH
G0 F300 X109.978 Y32.49 Z9.8
G0 F15000 X115.398 Y32.699
;TIME_ELAPSED:659.218894
;LAYER:48
;note -- min layer time used
;TYPE:WALL-INNER
;MESH:WheelAdapter_v8.stl
G1 F673.2 X118.172 Y27.897 E302.27787
G1 X115.398 Y23.093 E302.46238
G1 X109.854 Y23.093 E302.64677
G1 X107.083 Y27.897 E302.83123
G1 X109.854 Y32.699 E303.01563
G1 X115.398 Y32.699 E303.20002
G0 F15000 X115.629 Y33.099
G1 F673.2 X118.634 Y27.897 E303.39983
G1 X115.629 Y22.693 E303.5997
G1 X109.623 Y22.693 E303.79947
G1 X106.621 Y27.897 E303.99929
G1 X109.623 Y33.099 E304.19905
G1 X115.629 Y33.099 E304.39881
G0 F15000 X115.86 Y33.499
;TYPE:WALL-OUTER
G1 F673.2 X119.096 Y27.897 E304.61398
G1 X115.86 Y22.293 E304.82922
G1 X109.392 Y22.293 E305.04434
G1 X106.159 Y27.897 E305.25953
G1 X109.392 Y33.499 E305.47465
G1 X115.86 Y33.499 E305.68978
G0 F15000 X115.691 Y33.204
G0 X117.702 Y28.552
;TYPE:FILL
G1 F673.2 X117.941 Y27.658 E305.72056
G0 F15000 X110.658 Y23.174
G1 F673.2 X109.763 Y23.414 E305.75138
G0 F15000 X109.524 Y31.966
G1 F673.2 X110.177 Y32.619 E305.78209
G0 F15000 X110.177 Y32.49
;MESH:NONMESH
G0 F300 X110.177 Y32.49 Z10
G0 F15000 X115.398 Y32.699
;TIME_ELAPSED:670.224732
;LAYER:49
;note -- min layer time used
;TYPE:WALL-INNER
;MESH:WheelAdapter_v8.stl
G1 F684.9 X118.172 Y27.897 E305.96654
G1 X115.398 Y23.093 E306.15105
G1 X109.854 Y23.093 E306.33544
G1 X107.083 Y27.897 E306.5199
G1 X109.854 Y32.699 E306.7043
G1 X115.398 Y32.699 E306.88869
G0 F15000 X115.629 Y33.099
G1 F684.9 X118.634 Y27.897 E307.08851
G1 X115.629 Y22.693 E307.28838
G1 X109.623 Y22.693 E307.48814
G1 X106.621 Y27.897 E307.68796
G1 X109.623 Y33.099 E307.88772
G1 X115.629 Y33.099 E308.08748
G0 F15000 X115.86 Y33.499
;TYPE:WALL-OUTER
G1 F684.9 X119.096 Y27.897 E308.30265
G1 X115.86 Y22.293 E308.51789
G1 X109.392 Y22.293 E308.73301
G1 X106.159 Y27.897 E308.9482
G1 X109.392 Y33.499 E309.16332
G1 X115.86 Y33.499 E309.37845
G0 F15000 X115.691 Y33.204
G0 X117.428 Y29.027
;TYPE:FILL
G1 F684.9 X117.841 Y27.484 E309.43158
G0 F15000 X111.207 Y23.174
G1 F684.9 X109.663 Y23.588 E309.48474
G0 F15000 X109.25 Y31.491
G1 F684.9 X110.378 Y32.619 E309.5378
G0 F15000 X110.378 Y32.49
;MESH:NONMESH
G0 F300 X110.378 Y32.49 Z10.2
G0 F15000 X115.398 Y32.699
;TIME_ELAPSED:681.205973
;LAYER:50
;note -- min layer time used
;TYPE:WALL-INNER
;MESH:WheelAdapter_v8.stl
G1 F696.5 X118.172 Y27.897 E309.72225
G1 X115.398 Y23.093 E309.90676
G1 X109.854 Y23.093 E310.09115
G1 X107.083 Y27.897 E310.27561
G1 X109.854 Y32.699 E310.46001
G1 X115.398 Y32.699 E310.6444
G0 F15000 X115.629 Y33.099
G1 F696.5 X118.634 Y27.897 E310.84422
G1 X115.629 Y22.693 E311.04409
G1 X109.623 Y22.693 E311.24385
G1 X106.621 Y27.897 E311.44367
G1 X109.623 Y33.099 E311.64343
G1 X115.629 Y33.099 E311.84319
G0 F15000 X115.86 Y33.499
;TYPE:WALL-OUTER
G1 F696.5 X119.096 Y27.897 E312.05836
G1 X115.86 Y22.293 E312.2736
G1 X109.392 Y22.293 E312.48872
G1 X106.159 Y27.897 E312.70391
G1 X109.392 Y33.499 E312.91903
G1 X115.86 Y33.499 E313.13416
G0 F15000 X115.691 Y33.204
G0 X117.155 Y29.498
;TYPE:FILL
G1 F696.5 X117.741 Y27.311 E313.20947
G0 F15000 X111.752 Y23.174
G1 F696.5 X109.563 Y23.761 E313.28484
G0 F15000 X108.977 Y31.019
G1 F696.5 X110.577 Y32.619 E313.3601
G0 F15000 X110.577 Y32.49
;MESH:NONMESH
G0 F300 X110.577 Y32.49 Z10.4
G0 F15000 X115.398 Y32.699
;TIME_ELAPSED:692.161492
;LAYER:51
;note -- min layer time used
;TYPE:WALL-INNER
;MESH:WheelAdapter_v8.stl
G1 F708 X118.172 Y27.897 E313.54455
G1 X115.398 Y23.093 E313.72906
G1 X109.854 Y23.093 E313.91345
G1 X107.083 Y27.897 E314.09791
G1 X109.854 Y32.699 E314.28231
G1 X115.398 Y32.699 E314.4667
G0 F15000 X115.629 Y33.099
G1 F708 X118.634 Y27.897 E314.66652
G1 X115.629 Y22.693 E314.86639
G1 X109.623 Y22.693 E315.06615
G1 X106.621 Y27.897 E315.26597
G1 X109.623 Y33.099 E315.46573
G1 X115.629 Y33.099 E315.66549
G0 F15000 X115.86 Y33.499
;TYPE:WALL-OUTER
G1 F708 X119.096 Y27.897 E315.88067
G1 X115.86 Y22.293 E316.0959
G1 X109.392 Y22.293 E316.31102
G1 X106.159 Y27.897 E316.52621
G1 X109.392 Y33.499 E316.74133
G1 X115.86 Y33.499 E316.95646
G0 F15000 X115.691 Y33.204
G0 X116.883 Y29.97
;TYPE:FILL
G1 F708 X117.642 Y27.139 E317.05395
G0 F15000 X112.296 Y23.174
G1 F708 X109.463 Y23.933 E317.15149
G0 F15000 X108.705 Y30.547
G1 F708 X110.777 Y32.619 E317.24895
G0 F15000 X110.777 Y32.49
;MESH:NONMESH
G0 F300 X110.777 Y32.49 Z10.6
G0 F15000 X115.398 Y32.699
;TIME_ELAPSED:703.089775
;LAYER:52
;note -- min layer time used
;TYPE:WALL-INNER
;MESH:WheelAdapter_v8.stl
G1 F719.7 X118.172 Y27.897 E317.4334
G1 X115.398 Y23.093 E317.61791
G1 X109.854 Y23.093 E317.80231
G1 X107.083 Y27.897 E317.98676
G1 X109.854 Y32.699 E318.17116
G1 X115.398 Y32.699 E318.35556
G0 F15000 X115.629 Y33.099
G1 F719.7 X118.634 Y27.897 E318.55537
G1 X115.629 Y22.693 E318.75524
G1 X109.623 Y22.693 E318.955
G1 X106.621 Y27.897 E319.15482
G1 X109.623 Y33.099 E319.35458
G1 X115.629 Y33.099 E319.55434
G0 F15000 X115.86 Y33.499
;TYPE:WALL-OUTER
G1 F719.7 X119.096 Y27.897 E319.76952
G1 X115.86 Y22.293 E319.98475
G1 X109.392 Y22.293 E320.19988
G1 X106.159 Y27.897 E320.41506
G1 X109.392 Y33.499 E320.63019
G1 X115.86 Y33.499 E320.84531
G0 F15000 X115.691 Y33.204
G0 X116.609 Y30.444
;TYPE:FILL
G1 F719.7 X117.541 Y26.965 E320.9651
G0 F15000 X112.845 Y23.174
G1 F719.7 X109.363 Y24.107 E321.085
G0 F15000 X108.431 Y30.072
G1 F719.7 X110.978 Y32.619 E321.2048
G0 F15000 X110.978 Y32.49
;MESH:NONMESH
G0 F300 X110.978 Y32.49 Z10.8
G0 F15000 X115.398 Y32.699
;TIME_ELAPSED:713.988791
;LAYER:53
;note -- min layer time used
;TYPE:WALL-INNER
;MESH:WheelAdapter_v8.stl
G1 F731.2 X118.172 Y27.897 E321.38925
G1 X115.398 Y23.093 E321.57376
G1 X109.854 Y23.093 E321.75815
G1 X107.083 Y27.897 E321.94261
G1 X109.854 Y32.699 E322.12701
G1 X115.398 Y32.699 E322.31141
G0 F15000 X115.629 Y33.099
G1 F731.2 X118.634 Y27.897 E322.51122
G1 X115.629 Y22.693 E322.71109
G1 X109.623 Y22.693 E322.91085
G1 X106.621 Y27.897 E323.11067
G1 X109.623 Y33.099 E323.31043
G1 X115.629 Y33.099 E323.51019
G0 F15000 X115.86 Y33.499
;TYPE:WALL-OUTER
G1 F731.2 X119.096 Y27.897 E323.72537
G1 X115.86 Y22.293 E323.9406
G1 X109.392 Y22.293 E324.15573
G1 X106.159 Y27.897 E324.37091
G1 X109.392 Y33.499 E324.58604
G1 X115.86 Y33.499 E324.80116
G0 F15000 X115.691 Y33.204
G0 X116.337 Y30.915
;TYPE:FILL
G1 F731.2 X117.441 Y26.792 E324.94312
G0 F15000 X113.391 Y23.174
G1 F731.2 X109.263 Y24.28 E325.08526
G0 F15000 X108.158 Y29.6
G1 F731.2 X111.177 Y32.619 E325.22727
G0 F15000 X111.177 Y32.49
;MESH:NONMESH
G0 F300 X111.177 Y32.49 Z11
G0 F15000 X115.398 Y32.699
;TIME_ELAPSED:724.856558
;LAYER:54
;note -- min layer time used
;TYPE:WALL-INNER
;MESH:WheelAdapter_v8.stl
G1 F742.8 X118.172 Y27.897 E325.41172
G1 X115.398 Y23.093 E325.59623
G1 X109.854 Y23.093 E325.78062
G1 X107.083 Y27.897 E325.96508
G1 X109.854 Y32.699 E326.14948
G1 X115.398 Y32.699 E326.33387
G0 F15000 X115.629 Y33.099
G1 F742.8 X118.634 Y27.897 E326.53368
G1 X115.629 Y22.693 E326.73355
G1 X109.623 Y22.693 E326.93331
G1 X106.621 Y27.897 E327.13313
G1 X109.623 Y33.099 E327.3329
G1 X115.629 Y33.099 E327.53266
G0 F15000 X115.86 Y33.499
;TYPE:WALL-OUTER
G1 F742.8 X119.096 Y27.897 E327.74783
G1 X115.86 Y22.293 E327.96306
G1 X109.392 Y22.293 E328.17819
G1 X106.159 Y27.897 E328.39337
G1 X109.392 Y33.499 E328.6085
G1 X115.86 Y33.499 E328.82363
G0 F15000 X115.691 Y33.204
G0 X116.062 Y31.39
;TYPE:FILL
G1 F742.8 X117.341 Y26.618 E328.98795
G0 F15000 X113.939 Y23.174
G1 F742.8 X109.163 Y24.454 E329.1524
G0 F15000 X107.883 Y29.124
G1 F742.8 X111.378 Y32.619 E329.3168
G0 F15000 X111.378 Y32.49
;MESH:NONMESH
G0 F300 X111.378 Y32.49 Z11.2
G0 F15000 X115.398 Y32.699
;TIME_ELAPSED:735.690036
;LAYER:55
;note -- min layer time used
;TYPE:WALL-INNER
;MESH:WheelAdapter_v8.stl
G1 F754.4 X118.172 Y27.897 E329.50125
G1 X115.398 Y23.093 E329.68575
G1 X109.854 Y23.093 E329.87015
G1 X107.083 Y27.897 E330.0546
G1 X109.854 Y32.699 E330.239
G1 X115.398 Y32.699 E330.4234
G0 F15000 X115.629 Y33.099
G1 F754.4 X118.634 Y27.897 E330.62321
G1 X115.629 Y22.693 E330.82308
G1 X109.623 Y22.693 E331.02284
G1 X106.621 Y27.897 E331.22266
G1 X109.623 Y33.099 E331.42242
G1 X115.629 Y33.099 E331.62218
G0 F15000 X115.86 Y33.499
;TYPE:WALL-OUTER
G1 F754.4 X119.096 Y27.897 E331.83736
G1 X115.86 Y22.293 E332.05259
G1 X109.392 Y22.293 E332.26772
G1 X106.159 Y27.897 E332.4829
G1 X109.392 Y33.499 E332.69803
G1 X115.86 Y33.499 E332.91315
G0 F15000 X115.691 Y33.204
G0 X115.79 Y31.86
;TYPE:FILL
G1 F754.4 X117.241 Y26.445 E333.09961
G0 F15000 X114.484 Y23.174
G1 F754.4 X109.063 Y24.627 E333.28628
G0 F15000 X107.611 Y28.653
G1 F754.4 X111.577 Y32.619 E333.47283
G0 F15000 X111.577 Y32.49
;MESH:NONMESH
G0 F300 X111.577 Y32.49 Z11.4
G0 F15000 X115.398 Y32.699
;TIME_ELAPSED:746.485987
;LAYER:56
;note -- min layer time used
;TYPE:WALL-INNER
;MESH:WheelAdapter_v8.stl
G1 F766 X118.172 Y27.897 E333.65728
G1 X115.398 Y23.093 E333.84178
G1 X109.854 Y23.093 E334.02618
G1 X107.083 Y27.897 E334.21063
G1 X109.854 Y32.699 E334.39503
G1 X115.398 Y32.699 E334.57943
G0 F15000 X115.629 Y33.099
G1 F766 X118.634 Y27.897 E334.77924
G1 X115.629 Y22.693 E334.97911
G1 X109.623 Y22.693 E335.17887
G1 X106.621 Y27.897 E335.37869
G1 X109.623 Y33.099 E335.57845
G1 X115.629 Y33.099 E335.77821
G0 F15000 X115.86 Y33.499
;TYPE:WALL-OUTER
G1 F766 X119.096 Y27.897 E335.99339
G1 X115.86 Y22.293 E336.20862
G1 X109.392 Y22.293 E336.42375
G1 X106.159 Y27.897 E336.63893
G1 X109.392 Y33.499 E336.85406
G1 X115.86 Y33.499 E337.06918
G0 F15000 X115.691 Y33.204
G0 X115.516 Y32.336
;TYPE:FILL
G1 F766 X117.141 Y26.271 E337.27802
G0 F15000 X115.033 Y23.174
G1 F766 X108.963 Y24.8 E337.48703
G0 F15000 X107.337 Y28.177
G1 F766 X111.778 Y32.619 E337.69594
G0 F15000 X111.778 Y32.49
;MESH:NONMESH
G0 F300 X111.778 Y32.49 Z11.6
G0 F15000 X115.398 Y32.699
;TIME_ELAPSED:757.244545
;LAYER:57
;note -- min layer time used
;TYPE:WALL-INNER
;MESH:WheelAdapter_v8.stl
G1 F774.1 X118.172 Y27.897 E337.88039
G1 X115.398 Y23.093 E338.0649
G1 X109.854 Y23.093 E338.24929
G1 X107.083 Y27.897 E338.43375
G1 X109.854 Y32.699 E338.61815
G1 X115.398 Y32.699 E338.80254
G0 F15000 X115.629 Y33.099
G1 F774.1 X118.634 Y27.897 E339.00236
G1 X115.629 Y22.693 E339.20223
G1 X109.623 Y22.693 E339.40199
G1 X106.621 Y27.897 E339.60181
G1 X109.623 Y33.099 E339.80157
G1 X115.629 Y33.099 E340.00133
G0 F15000 X115.86 Y33.499
;TYPE:WALL-OUTER
G1 F774.1 X119.096 Y27.897 E340.21651
G1 X115.86 Y22.293 E340.43174
G1 X109.392 Y22.293 E340.64687
G1 X106.159 Y27.897 E340.86205
G1 X109.392 Y33.499 E341.07717
G1 X115.86 Y33.499 E341.2923
G0 F15000 X115.691 Y33.204
G0 X115.294 Y32.62
;TYPE:FILL
G1 F774.1 X117.041 Y26.099 E341.51684
G0 F15000 X115.383 Y23.226
G1 F774.1 X108.863 Y24.973 E341.74134
G0 F15000 X107.204 Y27.845
G1 F774.1 X111.977 Y32.619 E341.96588
G0 F15000 X111.977 Y32.49
;MESH:NONMESH
G0 F300 X111.977 Y32.49 Z11.8
G0 F15000 X115.398 Y32.699
;TIME_ELAPSED:767.978432
;LAYER:58
;note -- min layer time used
;TYPE:WALL-INNER
;MESH:WheelAdapter_v8.stl
G1 F777.1 X118.172 Y27.897 E342.15032
G1 X115.398 Y23.093 E342.33483
G1 X109.854 Y23.093 E342.51923
G1 X107.083 Y27.897 E342.70368
G1 X109.854 Y32.699 E342.88808
G1 X115.398 Y32.699 E343.07248
G0 F15000 X115.629 Y33.099
G1 F777.1 X118.634 Y27.897 E343.27229
G1 X115.629 Y22.693 E343.47216
G1 X109.623 Y22.693 E343.67192
G1 X106.621 Y27.897 E343.87174
G1 X109.623 Y33.099 E344.0715
G1 X115.629 Y33.099 E344.27126
G0 F15000 X115.86 Y33.499
;TYPE:WALL-OUTER
G1 F777.1 X119.096 Y27.897 E344.48644
G1 X115.86 Y22.293 E344.70167
G1 X109.392 Y22.293 E344.9168
G1 X106.159 Y27.897 E345.13198
G1 X109.392 Y33.499 E345.34711
G1 X115.86 Y33.499 E345.56223
G0 F15000 X115.691 Y33.204
G0 X115.148 Y32.619
;TYPE:FILL
G1 F777.1 X116.942 Y25.926 E345.7927
G0 F15000 X115.456 Y23.352
G1 F777.1 X108.763 Y25.146 E346.02317
G0 F15000 X107.277 Y27.719
G1 F777.1 X112.177 Y32.619 E346.25365
G0 F15000 X112.177 Y32.49
;MESH:NONMESH
G0 F300 X112.177 Y32.49 Z12
G0 F15000 X115.398 Y32.699
;TIME_ELAPSED:778.698258
;LAYER:59
;note -- min layer time used
;TYPE:WALL-INNER
;MESH:WheelAdapter_v8.stl
G1 F780.1 X118.172 Y27.897 E346.4381
G1 X115.398 Y23.093 E346.62261
G1 X109.854 Y23.093 E346.807
G1 X107.083 Y27.897 E346.99146
G1 X109.854 Y32.699 E347.17586
G1 X115.398 Y32.699 E347.36025
G0 F15000 X115.629 Y33.099
G1 F780.1 X118.634 Y27.897 E347.56006
G1 X115.629 Y22.693 E347.75993
G1 X109.623 Y22.693 E347.95969
G1 X106.621 Y27.897 E348.15951
G1 X109.623 Y33.099 E348.35928
G1 X115.629 Y33.099 E348.55904
G0 F15000 X115.86 Y33.499
;TYPE:WALL-OUTER
G1 F780.1 X119.096 Y27.897 E348.77421
G1 X115.86 Y22.293 E348.98945
G1 X109.392 Y22.293 E349.20457
G1 X106.159 Y27.897 E349.41976
G1 X109.392 Y33.499 E349.63488
G1 X115.86 Y33.499 E349.85001
G0 F15000 X115.691 Y33.204
G0 X115.001 Y32.619
;TYPE:FILL
G1 F780.1 X116.841 Y25.752 E350.08646
G0 F15000 X115.53 Y23.48
G1 F780.1 X108.663 Y25.32 E350.32292
G0 F15000 X107.35 Y27.591
G1 F780.1 X112.378 Y32.619 E350.55942
G0 F15000 X112.378 Y32.49
;MESH:NONMESH
G0 F300 X112.378 Y32.49 Z12.2
G0 F15000 X115.398 Y32.699
;TIME_ELAPSED:789.403084
;LAYER:60
;note -- min layer time used
;TYPE:WALL-INNER
;MESH:WheelAdapter_v8.stl
G1 F783.1 X118.172 Y27.897 E350.74387
G1 X115.398 Y23.093 E350.92837
G1 X109.854 Y23.093 E351.11277
G1 X107.083 Y27.897 E351.29723
G1 X109.854 Y32.699 E351.48162
G1 X115.398 Y32.699 E351.66602
G0 F15000 X115.629 Y33.099
G1 F783.1 X118.634 Y27.897 E351.86583
G1 X115.629 Y22.693 E352.0657
G1 X109.623 Y22.693 E352.26546
G1 X106.621 Y27.897 E352.46528
G1 X109.623 Y33.099 E352.66504
G1 X115.629 Y33.099 E352.8648
G0 F15000 X115.86 Y33.499
;TYPE:WALL-OUTER
G1 F783.1 X119.096 Y27.897 E353.07998
G1 X115.86 Y22.293 E353.29521
G1 X109.392 Y22.293 E353.51034
G1 X106.159 Y27.897 E353.72552
G1 X109.392 Y33.499 E353.94065
G1 X115.86 Y33.499 E354.15578
G0 F15000 X115.691 Y33.204
G0 X114.855 Y32.619
;TYPE:FILL
G1 F783.1 X116.741 Y25.579 E354.39818
G0 F15000 X115.603 Y23.606
G1 F783.1 X108.563 Y25.492 E354.64059
G0 F15000 X107.424 Y27.465
G1 F783.1 X112.577 Y32.619 E354.883
G0 F15000 X112.577 Y32.49
;MESH:NONMESH
G0 F300 X112.577 Y32.49 Z12.4
G0 F15000 X115.398 Y32.699
;TIME_ELAPSED:800.091895
;LAYER:61
;note -- min layer time used
;TYPE:WALL-INNER
;MESH:WheelAdapter_v8.stl
G1 F786.1 X118.172 Y27.897 E355.06745
G1 X115.398 Y23.093 E355.25195
G1 X109.854 Y23.093 E355.43635
G1 X107.083 Y27.897 E355.6208
G1 X109.854 Y32.699 E355.8052
G1 X115.398 Y32.699 E355.9896
G0 F15000 X115.629 Y33.099
G1 F786.1 X118.634 Y27.897 E356.18941
G1 X115.629 Y22.693 E356.38928
G1 X109.623 Y22.693 E356.58904
G1 X106.621 Y27.897 E356.78886
G1 X109.623 Y33.099 E356.98862
G1 X115.629 Y33.099 E357.18838
G0 F15000 X115.86 Y33.499
;TYPE:WALL-OUTER
G1 F786.1 X119.096 Y27.897 E357.40356
G1 X115.86 Y22.293 E357.61879
G1 X109.392 Y22.293 E357.83392
G1 X106.159 Y27.897 E358.0491
G1 X109.392 Y33.499 E358.26423
G1 X115.86 Y33.499 E358.47935
G0 F15000 X115.691 Y33.204
G0 X114.708 Y32.619
;TYPE:FILL
G1 F786.1 X116.641 Y25.407 E358.72769
G0 F15000 X115.676 Y23.733
G1 F786.1 X108.463 Y25.666 E358.97606
G0 F15000 X107.496 Y27.337
G1 F786.1 X112.778 Y32.619 E359.22451
G0 F15000 X112.778 Y32.49
;MESH:NONMESH
G0 F300 X112.778 Y32.49 Z12.6
G0 F15000 X115.398 Y32.699
;TIME_ELAPSED:810.763687
;LAYER:62
;note -- min layer time used
;TYPE:WALL-INNER
;MESH:WheelAdapter_v8.stl
G1 F789.1 X118.172 Y27.897 E359.40896
G1 X115.398 Y23.093 E359.59347
G1 X109.854 Y23.093 E359.77786
G1 X107.083 Y27.897 E359.96232
G1 X109.854 Y32.699 E360.14672
G1 X115.398 Y32.699 E360.33111
G0 F15000 X115.629 Y33.099
G1 F789.1 X118.634 Y27.897 E360.53093
G1 X115.629 Y22.693 E360.7308
G1 X109.623 Y22.693 E360.93056
G1 X106.621 Y27.897 E361.13038
G1 X109.623 Y33.099 E361.33014
G1 X115.629 Y33.099 E361.5299
G0 F15000 X115.86 Y33.499
;TYPE:WALL-OUTER
G1 F789.1 X119.096 Y27.897 E361.74507
G1 X115.86 Y22.293 E361.96031
G1 X109.392 Y22.293 E362.17543
G1 X106.159 Y27.897 E362.39062
G1 X109.392 Y33.499 E362.60574
G1 X115.86 Y33.499 E362.82087
G0 F15000 X115.691 Y33.204
G0 X114.562 Y32.619
;TYPE:FILL
G1 F789.1 X116.541 Y25.234 E363.07516
G0 F15000 X115.749 Y23.86
G1 F789.1 X108.363 Y25.839 E363.32949
G0 F15000 X107.57 Y27.212
G1 F789.1 X112.977 Y32.619 E363.58382
G0 F15000 X112.977 Y32.49
;MESH:NONMESH
G0 F300 X112.977 Y32.49 Z12.8
G0 F15000 X115.398 Y32.699
;TIME_ELAPSED:821.417427
;LAYER:63
;note -- min layer time used
;TYPE:WALL-INNER
;MESH:WheelAdapter_v8.stl
G1 F792.1 X118.172 Y27.897 E363.76826
G1 X115.398 Y23.093 E363.95277
G1 X109.854 Y23.093 E364.13717
G1 X107.083 Y27.897 E364.32162
G1 X109.854 Y32.699 E364.50602
G1 X115.398 Y32.699 E364.69042
G0 F15000 X115.629 Y33.099
G1 F792.1 X118.634 Y27.897 E364.89023
G1 X115.629 Y22.693 E365.0901
G1 X109.623 Y22.693 E365.28986
G1 X106.621 Y27.897 E365.48968
G1 X109.623 Y33.099 E365.68944
G1 X115.629 Y33.099 E365.8892
G0 F15000 X115.86 Y33.499
;TYPE:WALL-OUTER
G1 F792.1 X119.096 Y27.897 E366.10438
G1 X115.86 Y22.293 E366.31961
G1 X109.392 Y22.293 E366.53474
G1 X106.159 Y27.897 E366.74992
G1 X109.392 Y33.499 E366.96505
G1 X115.86 Y33.499 E367.18017
G0 F15000 X115.691 Y33.204
G0 X114.416 Y32.62
;TYPE:FILL
G1 F792.1 X116.441 Y25.061 E367.44045
G0 F15000 X115.822 Y23.986
G1 F792.1 X108.263 Y26.012 E367.70074
G0 F15000 X107.643 Y27.085
G1 F792.1 X113.177 Y32.619 E367.96104
G0 F15000 X113.177 Y32.49
;MESH:NONMESH
G0 F300 X113.177 Y32.49 Z13
G0 F15000 X115.398 Y32.699
;TIME_ELAPSED:832.050239
;LAYER:64
;note -- min layer time used
;TYPE:WALL-INNER
;MESH:WheelAdapter_v8.stl
G1 F795.1 X118.172 Y27.897 E368.14549
G1 X115.398 Y23.093 E368.33
G1 X109.854 Y23.093 E368.51439
G1 X107.083 Y27.897 E368.69885
G1 X109.854 Y32.699 E368.88325
G1 X115.398 Y32.699 E369.06764
G0 F15000 X115.629 Y33.099
G1 F795.1 X118.634 Y27.897 E369.26745
G1 X115.629 Y22.693 E369.46732
G1 X109.623 Y22.693 E369.66708
G1 X106.621 Y27.897 E369.8669
G1 X109.623 Y33.099 E370.06667
G1 X115.629 Y33.099 E370.26643
G0 F15000 X115.86 Y33.499
;TYPE:WALL-OUTER
G1 F795.1 X119.096 Y27.897 E370.4816
G1 X115.86 Y22.293 E370.69684
G1 X109.392 Y22.293 E370.91196
G1 X106.159 Y27.897 E371.12715
G1 X109.392 Y33.499 E371.34227
G1 X115.86 Y33.499 E371.5574
G0 F15000 X115.691 Y33.204
G0 X114.269 Y32.619
;TYPE:FILL
G1 F795.1 X116.341 Y24.887 E371.82364
G0 F15000 X115.895 Y24.114
G1 F795.1 X108.163 Y26.186 E372.08988
G0 F15000 X107.716 Y26.958
G1 F795.1 X113.378 Y32.619 E372.35618
G0 F15000 X113.378 Y32.49
;MESH:NONMESH
G0 F300 X113.378 Y32.49 Z13.2
G0 F15000 X115.398 Y32.699
;TIME_ELAPSED:842.657980
;LAYER:65
;note -- min layer time used
;TYPE:WALL-INNER
;MESH:WheelAdapter_v8.stl
G1 F798.1 X118.172 Y27.897 E372.54063
G1 X115.398 Y23.093 E372.72514
G1 X109.854 Y23.093 E372.90953
G1 X107.083 Y27.897 E373.09399
G1 X109.854 Y32.699 E373.27839
G1 X115.398 Y32.699 E373.46278
G0 F15000 X115.629 Y33.099
G1 F798.1 X118.634 Y27.897 E373.66259
G1 X115.629 Y22.693 E373.86246
G1 X109.623 Y22.693 E374.06222
G1 X106.621 Y27.897 E374.26204
G1 X109.623 Y33.099 E374.46181
G1 X115.629 Y33.099 E374.66157
G0 F15000 X115.86 Y33.499
;TYPE:WALL-OUTER
G1 F798.1 X119.096 Y27.897 E374.87674
G1 X115.86 Y22.293 E375.09198
G1 X109.392 Y22.293 E375.3071
G1 X106.159 Y27.897 E375.52229
G1 X109.392 Y33.499 E375.73741
G1 X115.86 Y33.499 E375.95254
G0 F15000 X115.691 Y33.204
G0 X114.123 Y32.62
;TYPE:FILL
G1 F798.1 X116.241 Y24.715 E376.22473
G0 F15000 X115.968 Y24.24
G1 F798.1 X108.063 Y26.358 E376.49693
G0 F15000 X107.789 Y26.831
G1 F798.1 X113.577 Y32.619 E376.76918
G0 F15000 X113.577 Y32.49
;MESH:NONMESH
G0 F300 X113.577 Y32.49 Z13.4
G0 F15000 X115.398 Y32.699
;TIME_ELAPSED:853.234787
;LAYER:66
;note -- min layer time used
;TYPE:WALL-INNER
;MESH:WheelAdapter_v8.stl
G1 F802.2 X118.172 Y27.897 E376.95363
G1 X115.398 Y23.093 E377.13813
G1 X109.854 Y23.093 E377.32253
G1 X107.083 Y27.897 E377.50698
G1 X109.854 Y32.699 E377.69138
G1 X115.398 Y32.699 E377.87578
G0 F15000 X115.629 Y33.099
G1 F802.2 X118.634 Y27.897 E378.07559
G1 X115.629 Y22.693 E378.27546
G1 X109.623 Y22.693 E378.47522
G1 X106.621 Y27.897 E378.67504
G1 X109.623 Y33.099 E378.8748
G1 X115.629 Y33.099 E379.07456
G0 F15000 X115.86 Y33.499
;TYPE:WALL-OUTER
G1 F802.2 X119.096 Y27.897 E379.28974
G1 X115.86 Y22.293 E379.50497
G1 X109.392 Y22.293 E379.7201
G1 X106.159 Y27.897 E379.93528
G1 X109.392 Y33.499 E380.15041
G1 X115.86 Y33.499 E380.36553
G0 F15000 X115.691 Y33.204
G0 X113.976 Y32.62
;TYPE:FILL
G1 F802.2 X116.141 Y24.541 E380.64372
G0 F15000 X116.042 Y24.367
G1 F802.2 X107.963 Y26.532 E380.92191
G1 X107.863 Y26.704
G1 X113.778 Y32.619 E381.20014
G0 F15000 X113.778 Y32.49
;MESH:NONMESH
G0 F300 X113.778 Y32.49 Z13.6
G0 F15000 X115.398 Y32.699
;TIME_ELAPSED:863.733089
;LAYER:67
;note -- min layer time used
;TYPE:WALL-INNER
;MESH:WheelAdapter_v8.stl
G1 F805.9 X118.172 Y27.897 E381.38459
G1 X115.398 Y23.093 E381.56909
G1 X109.854 Y23.093 E381.75349
G1 X107.083 Y27.897 E381.93794
G1 X109.854 Y32.699 E382.12234
G1 X115.398 Y32.699 E382.30674
G0 F15000 X115.629 Y33.099
G1 F805.9 X118.634 Y27.897 E382.50655
G1 X115.629 Y22.693 E382.70642
G1 X109.623 Y22.693 E382.90618
G1 X106.621 Y27.897 E383.106
G1 X109.623 Y33.099 E383.30576
G1 X115.629 Y33.099 E383.50552
G0 F15000 X115.86 Y33.499
;TYPE:WALL-OUTER
G1 F805.9 X119.096 Y27.897 E383.7207
G1 X115.86 Y22.293 E383.93593
G1 X109.392 Y22.293 E384.15106
G1 X106.159 Y27.897 E384.36624
G1 X109.392 Y33.499 E384.58137
G1 X115.86 Y33.499 E384.79649
G0 F15000 X115.691 Y33.204
G0 X113.977 Y32.619
;TYPE:FILL
G1 F805.9 X107.936 Y26.577 E385.08067
G1 X107.863 Y26.705
G1 X116.115 Y24.494 E385.36481
G1 X116.041 Y24.368
G1 X113.83 Y32.619 E385.64892
G0 F15000 X113.83 Y32.49
;MESH:NONMESH
G0 F300 X113.83 Y32.49 Z13.8
G0 F15000 X115.398 Y32.699
;TIME_ELAPSED:874.219020
;LAYER:68
;note -- min layer time used
;TYPE:WALL-INNER
;MESH:WheelAdapter_v8.stl
G1 F807.6 X118.172 Y27.897 E385.83337
G1 X115.398 Y23.093 E386.01788
G1 X109.854 Y23.093 E386.20227
G1 X107.083 Y27.897 E386.38673
G1 X109.854 Y32.699 E386.57113
G1 X115.398 Y32.699 E386.75552
G0 F15000 X115.629 Y33.099
G1 F807.6 X118.634 Y27.897 E386.95534
G1 X115.629 Y22.693 E387.15521
G1 X109.623 Y22.693 E387.35497
G1 X106.621 Y27.897 E387.55479
G1 X109.623 Y33.099 E387.75455
G1 X115.629 Y33.099 E387.95431
G0 F15000 X115.86 Y33.499
;TYPE:WALL-OUTER
G1 F807.6 X119.096 Y27.897 E388.16949
G1 X115.86 Y22.293 E388.38472
G1 X109.392 Y22.293 E388.59985
G1 X106.159 Y27.897 E388.81503
G1 X109.392 Y33.499 E389.03015
G1 X115.86 Y33.499 E389.24528
G0 F15000 X115.691 Y33.204
G0 X114.178 Y32.619
;TYPE:FILL
G1 F807.6 X108.009 Y26.45 E389.53545
G0 F15000 X107.763 Y26.879
G1 F807.6 X116.188 Y24.621 E389.82556
G0 F15000 X115.941 Y24.194
G1 F807.6 X113.683 Y32.62 E390.1157
G0 F15000 X113.683 Y32.49
;MESH:NONMESH
G0 F300 X113.683 Y32.49 Z14
G0 F15000 X115.398 Y32.699
;TIME_ELAPSED:884.791732
;LAYER:69
;note -- min layer time used
;TYPE:WALL-INNER
;MESH:WheelAdapter_v8.stl
G1 F811 X118.172 Y27.897 E390.30015
G1 X115.398 Y23.093 E390.48465
G1 X109.854 Y23.093 E390.66905
G1 X107.083 Y27.897 E390.8535
G1 X109.854 Y32.699 E391.0379
G1 X115.398 Y32.699 E391.2223
G0 F15000 X115.629 Y33.099
G1 F811 X118.634 Y27.897 E391.42211
G1 X115.629 Y22.693 E391.62198
G1 X109.623 Y22.693 E391.82174
G1 X106.621 Y27.897 E392.02156
G1 X109.623 Y33.099 E392.22132
G1 X115.629 Y33.099 E392.42108
G0 F15000 X115.86 Y33.499
;TYPE:WALL-OUTER
G1 F811 X119.096 Y27.897 E392.63626
G1 X115.86 Y22.293 E392.85149
G1 X109.392 Y22.293 E393.06662
G1 X106.159 Y27.897 E393.2818
G1 X109.392 Y33.499 E393.49693
G1 X115.86 Y33.499 E393.71205
G0 F15000 X115.691 Y33.204
G0 X114.377 Y32.619
;TYPE:FILL
G1 F811 X108.082 Y26.323 E394.00817
G0 F15000 X107.663 Y27.052
G1 F811 X116.262 Y24.748 E394.30427
G0 F15000 X115.841 Y24.021
G1 F811 X113.537 Y32.619 E394.60033
G0 F15000 X113.537 Y32.49
;MESH:NONMESH
G0 F300 X113.537 Y32.49 Z14.2
G0 F15000 X115.398 Y32.699
;TIME_ELAPSED:895.395827
;LAYER:70
;note -- min layer time used
;TYPE:WALL-INNER
;MESH:WheelAdapter_v8.stl
G1 F1495.2 X118.172 Y27.897 E394.78478
G1 X115.398 Y23.093 E394.96928
G1 X109.854 Y23.093 E395.15368
G1 X107.083 Y27.897 E395.33813
G1 X109.854 Y32.699 E395.52253
G1 X115.398 Y32.699 E395.70693
G0 F15000 X115.629 Y33.099
G1 F1495.2 X118.634 Y27.897 E395.90674
G1 X115.629 Y22.693 E396.10661
G1 X109.623 Y22.693 E396.30637
G1 X106.621 Y27.897 E396.50619
G1 X109.623 Y33.099 E396.70595
G1 X115.629 Y33.099 E396.90571
G0 F15000 X115.86 Y33.499
;TYPE:WALL-OUTER
G1 F1495.2 X119.096 Y27.897 E397.12089
G1 X115.86 Y22.293 E397.33612
G1 X109.392 Y22.293 E397.55125
G1 X106.159 Y27.897 E397.76643
G1 X109.392 Y33.499 E397.98156
G1 X115.86 Y33.499 E398.19668
G0 F15000 X115.691 Y33.204
G0 X115.156 Y32.499
;TYPE:FILL
G1 F1495.2 X113.677 Y31.544 E398.25524
G0 F15000 X113.786 Y31.138
G1 F1495.2 X115.448 Y32.213 E398.32107
G0 F15000 X114.577 Y32.619
G1 F1495.2 X111.159 Y29.2 E398.48187
G0 F15000 X110.759 Y28.8
G1 F1495.2 X111.159 Y29.2 E398.50068
G1 X114.307 Y29.2 E398.60539
G1 X114.414 Y28.8 E398.61916
G1 X110.759 Y28.8 E398.74072
G1 X110.359 Y28.4 E398.75954
G0 F15000 X109.959 Y28
G1 F1495.2 X110.359 Y28.4 E398.77835
G1 X114.521 Y28.4 E398.91678
G1 X114.629 Y28 E398.93056
G1 X109.959 Y28 E399.08589
G1 X109.159 Y27.2 E399.12352
G0 F15000 X109.144 Y26.8
G1 F1495.2 X107.563 Y27.224 E399.17796
G1 X107.704 Y27.22
G1 X112.154 Y32.498 E399.40758
G0 F15000 X111.631 Y32.498
G1 F1495.2 X107.492 Y27.589 E399.62114
G0 F15000 X107.498 Y28.216
G1 F1495.2 X111.108 Y32.499 E399.80744
G0 F15000 X112.677 Y32.498
G1 F1495.2 X108.108 Y27.079 E400.0432
G0 F15000 X108.535 Y26.964
G1 F1495.2 X113.2 Y32.498 E400.28393
G0 F15000 X113.391 Y32.619
G1 F1495.2 X114.307 Y29.2 E400.40166
G0 F15000 X114.222 Y29.515
G1 F1495.2 X116.25 Y30.825 E400.48196
G0 F15000 X116.851 Y29.785
G1 F1495.2 X114.548 Y28.297 E400.57315
G1 X114.521 Y28.4
G1 X114.414 Y28.8 E400.58692
G0 F15000 X114.629 Y28
G1 F1495.2 X114.843 Y27.2 E400.61447
G0 F15000 X114.95 Y26.8
G1 F1495.2 X114.843 Y27.2 E400.62824
G1 X109.159 Y27.2 E400.81729
G1 X108.155 Y26.197 E400.86449
G0 F15000 X108.87 Y25.2
G1 F1495.2 X115.115 Y25.2 E401.0722
G0 F15000 X115.31 Y25.456
G1 F1495.2 X117.258 Y26.714 E401.14933
G0 F15000 X117.697 Y27.474
G1 F1495.2 X115.201 Y25.862 E401.24815
G0 F15000 X115.093 Y26.268
G1 F1495.2 X117.852 Y28.051 E401.35741
G0 F15000 X117.652 Y28.398
G1 F1495.2 X114.984 Y26.674 E401.46306
G0 F15000 X115.057 Y26.4
G1 F1495.2 X115.741 Y23.849 E401.55091
G1 X115.691 Y24
G1 X109.563 Y24 E401.75473
G0 F15000 X109.793 Y23.6
G1 F1495.2 X115.46 Y23.6 E401.94321
G0 F15000 X115.593 Y24.4
G1 F1495.2 X109.332 Y24.4 E402.15145
G0 F15000 X110.637 Y26.4
G1 F1495.2 X109.144 Y26.8 E402.20286
G1 X114.95 Y26.8 E402.39597
G1 X115.057 Y26.4 E402.40974
G1 X110.637 Y26.4 E402.55675
G1 X116.335 Y24.874 E402.75295
G0 F15000 X115.496 Y25.1
G1 F1495.2 X116.819 Y25.954 E402.80532
G0 F15000 X116.812 Y25.958
;MESH:NONMESH
G0 F300 X116.812 Y25.958 Z14.4
G0 F15000 X115.398 Y32.699
;TIME_ELAPSED:908.637955
;LAYER:71
;note -- min layer time used
;TYPE:WALL-INNER
;MESH:WheelAdapter_v8.stl
G1 F1863.8 X118.172 Y27.897 E402.98977
G1 X115.398 Y23.093 E403.17428
G1 X109.854 Y23.093 E403.35867
G1 X107.083 Y27.897 E403.54313
G1 X109.854 Y32.699 E403.72753
G1 X115.398 Y32.699 E403.91192
G0 F15000 X115.629 Y33.099
G1 F1863.8 X118.634 Y27.897 E404.11173
G1 X115.629 Y22.693 E404.3116
G1 X109.623 Y22.693 E404.51137
G1 X106.621 Y27.897 E404.71119
G1 X109.623 Y33.099 E404.91095
G1 X115.629 Y33.099 E405.11071
G0 F15000 X115.86 Y33.499
;TYPE:WALL-OUTER
G1 F1863.8 X119.096 Y27.897 E405.32588
G1 X115.86 Y22.293 E405.54112
G1 X109.392 Y22.293 E405.75624
G1 X106.159 Y27.897 E405.97143
G1 X109.392 Y33.499 E406.18655
G1 X115.86 Y33.499 E406.40168
G1 F1500 E399.90168
G0 F15000 X115.691 Y33.204
G0 X112.966 Y32.499
G0 X112.788 Y28.806
G0 X113.093 Y28.892
;TYPE:SKIN
G1 F1500 E406.40168
G1 F1863.8 X113.47 Y28.605 E406.41744
G1 X113.704 Y28.155 E406.43431
G1 X113.705 Y27.688 E406.44984
G1 X113.611 Y27.389 E406.46026
G1 X113.321 Y27.046 E406.4752
G1 X113.06 Y26.878 E406.48553
G1 X112.576 Y26.792 E406.50188
G1 X112.263 Y26.858 E406.51252
G1 X111.881 Y27.079 E406.5272
G1 X111.698 Y27.3 E406.53674
G1 X111.531 Y27.758 E406.55295
G1 X111.543 Y28.068 E406.56327
G1 X111.698 Y28.493 E406.57832
G1 X111.908 Y28.726 E406.58875
G1 X112.314 Y28.958 E406.6043
G1 X112.815 Y28.982 E406.62099
G1 X113.093 Y28.892 E406.6307
G1 F1500 E400.1307
G0 F15000 X112.966 Y28.667
G0 X112.995 Y32.499
G0 X115.188 Y32.599
G0 X115.188 Y32.336
G1 F1500 E406.6307
G1 F1863.8 X110.06 Y32.336 E406.80126
G1 X107.495 Y27.896 E406.97181
G1 X110.06 Y23.452 E407.14247
G1 X115.188 Y23.452 E407.31303
G1 X117.753 Y27.896 E407.48369
G1 X115.188 Y32.336 E407.65424
G0 F15000 X114.942 Y32.136
G1 F1863.8 X115.25 Y31.828 E407.66872
G0 F15000 X114.377 Y32.136
G1 F1863.8 X116.024 Y30.488 E407.74622
G0 F15000 X116.425 Y30.721
G0 X117.198 Y29.381
G0 X116.798 Y29.149
G1 F1863.8 X113.811 Y32.136 E407.88672
G0 F15000 X113.245 Y32.136
G1 F1863.8 X117.508 Y27.873 E408.08724
G0 F15000 X117.301 Y27.514
G1 F1863.8 X112.68 Y32.136 E408.30462
G0 F15000 X112.114 Y32.136
G1 F1863.8 X117.094 Y27.156 E408.53886
G0 F15000 X116.887 Y26.797
G1 F1863.8 X111.548 Y32.136 E408.78999
G0 F15000 X110.983 Y32.136
G1 F1863.8 X116.68 Y26.439 E409.05796
G0 F15000 X116.473 Y26.08
G1 F1863.8 X110.417 Y32.136 E409.34282
G0 F15000 X110.057 Y31.93
G1 F1863.8 X112.801 Y29.187 E409.47186
G0 F15000 X112.281 Y29.14
G1 F1863.8 X109.85 Y31.572 E409.58623
G0 F15000 X109.643 Y31.213
G1 F1863.8 X111.903 Y28.952 E409.69256
G0 F15000 X111.602 Y28.688
G1 F1863.8 X109.435 Y30.855 E409.79449
G0 F15000 X109.228 Y30.496
G1 F1863.8 X111.418 Y28.306 E409.8975
G0 F15000 X111.334 Y27.825
G1 F1863.8 X109.021 Y30.138 E410.0063
G0 F15000 X108.814 Y29.779
G1 F1863.8 X114.941 Y23.652 E410.29449
G0 F15000 X115.231 Y23.928
G1 F1863.8 X112.559 Y26.6 E410.42017
G0 F15000 X113.051 Y26.673
G1 F1863.8 X115.438 Y24.286 E410.53245
G0 F15000 X115.645 Y24.645
G1 F1863.8 X113.414 Y26.876 E410.63739
G0 F15000 X113.684 Y27.172
G1 F1863.8 X115.852 Y25.004 E410.73937
G0 F15000 X116.059 Y25.363
G1 F1863.8 X113.878 Y27.543 E410.84193
G0 F15000 X113.904 Y28.083
G1 F1863.8 X116.266 Y25.721 E410.95303
G0 F15000 X116.666 Y25.49
G0 X115.303 Y23.26
G0 X114.375 Y23.194
G0 X114.375 Y23.652
G1 F1863.8 X108.607 Y29.421 E411.22436
G0 F15000 X108.399 Y29.062
G1 F1863.8 X113.81 Y23.652 E411.47886
G0 F15000 X113.244 Y23.652
G1 F1863.8 X108.192 Y28.704 E411.71649
G0 F15000 X107.985 Y28.345
G1 F1863.8 X112.678 Y23.652 E411.93723
G0 F15000 X112.112 Y23.652
G1 F1863.8 X107.778 Y27.987 E412.14111
G0 F15000 X107.382 Y28.214
G0 X107.285 Y27.929
G0 X107.91 Y26.667
G0 X108.304 Y26.895
G1 F1863.8 X111.547 Y23.652 E412.29365
G0 F15000 X110.981 Y23.652
G1 F1863.8 X109.077 Y25.556 E412.38321
G0 F15000 X108.682 Y25.328
G0 X109.455 Y23.989
G0 X109.85 Y24.217
G1 F1863.8 X110.415 Y23.652 E412.40979
;MESH:NONMESH
G0 F300 X110.415 Y23.652 Z14.6
G0 F15000 X110.415 Y23.194
G0 X115.303 Y23.26
G0 X117.981 Y27.897
G0 X115.398 Y32.699
;TIME_ELAPSED:924.487447
;LAYER:72
;note -- min layer time used
;TYPE:WALL-INNER
;MESH:WheelAdapter_v8.stl
G1 F1869.5 X118.172 Y27.897 E412.59424
G1 X115.398 Y23.093 E412.77874
G1 X109.854 Y23.093 E412.96314
G1 X107.083 Y27.897 E413.1476
G1 X109.854 Y32.699 E413.33199
G1 X115.398 Y32.699 E413.51639
G0 F15000 X115.629 Y33.099
G1 F1869.5 X118.634 Y27.897 E413.7162
G1 X115.629 Y22.693 E413.91607
G1 X109.623 Y22.693 E414.11583
G1 X106.621 Y27.897 E414.31565
G1 X109.623 Y33.099 E414.51541
G1 X115.629 Y33.099 E414.71517
G0 F15000 X115.86 Y33.499
;TYPE:WALL-OUTER
G1 F1869.5 X119.096 Y27.897 E414.93035
G1 X115.86 Y22.293 E415.14558
G1 X109.392 Y22.293 E415.36071
G1 X106.159 Y27.897 E415.57589
G1 X109.392 Y33.499 E415.79102
G1 X115.86 Y33.499 E416.00615
G1 F1500 E409.50615
G0 F15000 X115.691 Y33.204
G0 X112.966 Y32.499
G0 X112.788 Y28.806
G0 X113.093 Y28.892
;TYPE:SKIN
G1 F1500 E416.00615
G1 F1869.5 X113.47 Y28.605 E416.0219
G1 X113.704 Y28.155 E416.03877
G1 X113.705 Y27.688 E416.05431
G1 X113.611 Y27.389 E416.06473
G1 X113.321 Y27.046 E416.07967
G1 X113.06 Y26.878 E416.08999
G1 X112.576 Y26.792 E416.10634
G1 X112.263 Y26.858 E416.11698
G1 X111.881 Y27.079 E416.13166
G1 X111.698 Y27.3 E416.14121
G1 X111.531 Y27.758 E416.15742
G1 X111.543 Y28.068 E416.16774
G1 X111.698 Y28.493 E416.18278
G1 X111.908 Y28.726 E416.19322
G1 X112.314 Y28.958 E416.20877
G1 X112.815 Y28.982 E416.22545
G1 X113.093 Y28.892 E416.23517
G1 F1500 E409.73517
G0 F15000 X112.966 Y28.667
G0 X112.995 Y32.499
G0 X115.188 Y32.599
G0 X115.188 Y32.336
G1 F1500 E416.23517
G1 F1869.5 X110.06 Y32.336 E416.40573
G1 X107.495 Y27.896 E416.57628
G1 X110.06 Y23.452 E416.74694
G1 X115.188 Y23.452 E416.9175
G1 X117.753 Y27.896 E417.08816
G1 X115.188 Y32.336 E417.2587
G0 F15000 X115.188 Y32.599
G0 X110.2 Y32.599
G0 X110.2 Y32.136
G1 F1869.5 X110.14 Y32.075 E417.26155
G0 F15000 X110.766 Y32.136
G1 F1869.5 X109.366 Y30.736 E417.3274
G0 F15000 X108.969 Y30.964
G0 X108.196 Y29.623
G0 X108.592 Y29.396
G1 F1869.5 X111.332 Y32.136 E417.45628
G0 F15000 X111.898 Y32.136
G1 F1869.5 X107.818 Y28.057 E417.64817
G0 F15000 X107.907 Y27.58
G1 F1869.5 X112.463 Y32.136 E417.86247
G0 F15000 X113.029 Y32.136
G1 F1869.5 X108.115 Y27.221 E418.09363
G0 F15000 X108.322 Y26.863
G1 F1869.5 X113.595 Y32.136 E418.34166
G0 F15000 X114.16 Y32.136
G1 F1869.5 X108.529 Y26.504 E418.60655
G0 F15000 X108.736 Y26.146
G1 F1869.5 X114.726 Y32.136 E418.8883
G0 F15000 X115.153 Y31.997
G1 F1869.5 X112.302 Y29.146 E419.0224
G0 F15000 X112.89 Y29.168
G1 F1869.5 X115.36 Y31.639 E419.13861
G0 F15000 X115.567 Y31.28
G1 F1869.5 X113.286 Y28.998 E419.24592
G0 F15000 X113.61 Y28.757
G1 F1869.5 X115.775 Y30.922 E419.34776
G0 F15000 X115.982 Y30.563
G1 F1869.5 X113.808 Y28.39 E419.44999
G0 F15000 X113.904 Y27.919
G1 F1869.5 X116.189 Y30.205 E419.55749
G0 F15000 X116.396 Y29.846
G1 F1869.5 X113.505 Y26.956 E419.69345
G1 X113.452 Y26.902
G1 X110.202 Y23.652 E419.84632
G0 F15000 X109.978 Y23.994
G1 F1869.5 X112.581 Y26.596 E419.96874
G0 F15000 X112.125 Y26.707
G1 F1869.5 X109.771 Y24.353 E420.07946
G0 F15000 X109.564 Y24.711
G1 F1869.5 X111.767 Y26.914 E420.18308
G0 F15000 X111.515 Y27.228
G1 F1869.5 X109.357 Y25.07 E420.28459
G0 F15000 X109.15 Y25.428
G1 F1869.5 X111.362 Y27.641 E420.38866
G0 F15000 X111.393 Y28.237
G1 F1869.5 X108.943 Y25.787 E420.5039
G0 F15000 X108.549 Y25.559
G0 X109.95 Y23.26
G0 X110.768 Y23.194
G0 X110.768 Y23.652
G1 F1869.5 X116.603 Y29.488 E420.77838
G0 F15000 X116.811 Y29.129
G1 F1869.5 X111.333 Y23.652 E421.03603
G0 F15000 X111.899 Y23.652
G1 F1869.5 X117.017 Y28.77 E421.27676
G0 F15000 X117.224 Y28.412
G1 F1869.5 X112.465 Y23.652 E421.50064
G0 F15000 X113.03 Y23.652
G1 F1869.5 X117.431 Y28.053 E421.70765
G0 F15000 X117.088 Y27.144
G1 F1869.5 X113.596 Y23.652 E421.8719
G0 F15000 X114.162 Y23.652
G1 F1869.5 X116.316 Y25.806 E421.97322
G0 F15000 X116.716 Y25.576
G0 X115.944 Y24.239
G0 X115.544 Y24.469
G1 F1869.5 X114.727 Y23.652 E422.01164
;MESH:NONMESH
G0 F300 X114.727 Y23.652 Z14.8
G0 F15000 X114.727 Y23.194
G0 X115.303 Y23.26
G0 X117.981 Y27.897
G0 X115.398 Y32.699
;TIME_ELAPSED:940.270959
;LAYER:73
;note -- min layer time used
;TYPE:WALL-INNER
;MESH:WheelAdapter_v8.stl
G1 F1865.7 X118.172 Y27.897 E422.19609
G1 X115.398 Y23.093 E422.3806
G1 X109.854 Y23.093 E422.565
G1 X107.083 Y27.897 E422.74945
G1 X109.854 Y32.699 E422.93385
G1 X115.398 Y32.699 E423.11825
G0 F15000 X115.629 Y33.099
G1 F1865.7 X118.634 Y27.897 E423.31806
G1 X115.629 Y22.693 E423.51793
G1 X109.623 Y22.693 E423.71769
G1 X106.621 Y27.897 E423.91751
G1 X109.623 Y33.099 E424.11727
G1 X115.629 Y33.099 E424.31703
G0 F15000 X115.86 Y33.499
;TYPE:WALL-OUTER
G1 F1865.7 X119.096 Y27.897 E424.53221
G1 X115.86 Y22.293 E424.74744
G1 X109.392 Y22.293 E424.96257
G1 X106.159 Y27.897 E425.17775
G1 X109.392 Y33.499 E425.39288
G1 X115.86 Y33.499 E425.608
G1 F1500 E419.108
G0 F15000 X115.691 Y33.204
G0 X112.966 Y32.499
G0 X112.788 Y28.806
G0 X113.093 Y28.892
;TYPE:SKIN
G1 F1500 E425.608
G1 F1865.7 X113.47 Y28.605 E425.62376
G1 X113.704 Y28.155 E425.64063
G1 X113.705 Y27.688 E425.65616
G1 X113.611 Y27.389 E425.66659
G1 X113.321 Y27.046 E425.68153
G1 X113.06 Y26.878 E425.69185
G1 X112.576 Y26.792 E425.7082
G1 X112.263 Y26.858 E425.71884
G1 X111.881 Y27.079 E425.73352
G1 X111.698 Y27.3 E425.74306
G1 X111.543 Y27.724 E425.75808
G1 X111.531 Y28.034 E425.7684
G1 X111.698 Y28.493 E425.78464
G1 X111.908 Y28.726 E425.79507
G1 X112.314 Y28.958 E425.81063
G1 X112.815 Y28.982 E425.82731
G1 X113.093 Y28.892 E425.83703
G1 F1500 E419.33703
G0 F15000 X112.966 Y28.667
G0 X112.995 Y32.499
G0 X115.188 Y32.599
G0 X115.188 Y32.336
G1 F1500 E425.83703
G1 F1865.7 X110.06 Y32.336 E426.00759
G1 X107.495 Y27.896 E426.17813
G1 X110.06 Y23.452 E426.34879
G1 X115.188 Y23.452 E426.51935
G1 X117.753 Y27.896 E426.69001
G1 X115.188 Y32.336 E426.86056
G0 F15000 X114.942 Y32.136
G1 F1865.7 X115.25 Y31.828 E426.87505
G0 F15000 X114.377 Y32.136
G1 F1865.7 X116.024 Y30.488 E426.95254
G0 F15000 X116.425 Y30.721
G0 X117.198 Y29.381
G0 X116.798 Y29.149
G1 F1865.7 X113.811 Y32.136 E427.09304
G0 F15000 X113.245 Y32.136
G1 F1865.7 X117.508 Y27.873 E427.29356
G0 F15000 X117.301 Y27.514
G1 F1865.7 X112.68 Y32.136 E427.51094
G0 F15000 X112.114 Y32.136
G1 F1865.7 X117.094 Y27.156 E427.74518
G0 F15000 X116.887 Y26.797
G1 F1865.7 X111.548 Y32.136 E427.99631
G0 F15000 X110.983 Y32.136
G1 F1865.7 X116.68 Y26.439 E428.26428
G0 F15000 X116.473 Y26.08
G1 F1865.7 X110.417 Y32.136 E428.54914
G0 F15000 X110.057 Y31.93
G1 F1865.7 X112.801 Y29.187 E428.67818
G0 F15000 X112.281 Y29.14
G1 F1865.7 X109.85 Y31.572 E428.79256
G0 F15000 X109.643 Y31.213
G1 F1865.7 X111.903 Y28.952 E428.89888
G0 F15000 X111.602 Y28.688
G1 F1865.7 X109.435 Y30.855 E429.00081
G0 F15000 X109.228 Y30.496
G1 F1865.7 X111.418 Y28.306 E429.10382
G0 F15000 X111.344 Y27.815
G1 F1865.7 X109.021 Y30.138 E429.21309
G0 F15000 X108.814 Y29.779
G1 F1865.7 X114.941 Y23.652 E429.50128
G0 F15000 X115.231 Y23.928
G1 F1865.7 X112.559 Y26.6 E429.62697
G0 F15000 X113.051 Y26.673
G1 F1865.7 X115.438 Y24.286 E429.73924
G0 F15000 X115.645 Y24.645
G1 F1865.7 X113.414 Y26.876 E429.84418
G0 F15000 X113.684 Y27.172
G1 F1865.7 X115.852 Y25.004 E429.94616
G0 F15000 X116.059 Y25.363
G1 F1865.7 X113.878 Y27.543 E430.04872
G0 F15000 X113.904 Y28.083
G1 F1865.7 X116.266 Y25.721 E430.15982
G0 F15000 X116.666 Y25.49
G0 X115.303 Y23.26
G0 X114.375 Y23.194
G0 X114.375 Y23.652
G1 F1865.7 X108.607 Y29.421 E430.43116
G0 F15000 X108.399 Y29.062
G1 F1865.7 X113.81 Y23.652 E430.68565
G0 F15000 X113.244 Y23.652
G1 F1865.7 X108.192 Y28.704 E430.92328
G0 F15000 X107.985 Y28.345
G1 F1865.7 X112.678 Y23.652 E431.14403
G0 F15000 X112.112 Y23.652
G1 F1865.7 X107.778 Y27.987 E431.34791
G0 F15000 X107.382 Y28.214
G0 X107.285 Y27.929
G0 X107.91 Y26.667
G0 X108.304 Y26.895
G1 F1865.7 X111.547 Y23.652 E431.50045
G0 F15000 X110.981 Y23.652
G1 F1865.7 X109.077 Y25.556 E431.59001
G0 F15000 X108.682 Y25.328
G0 X109.455 Y23.989
G0 X109.85 Y24.217
G1 F1865.7 X110.415 Y23.652 E431.61658
;MESH:NONMESH
G0 F300 X110.415 Y23.652 Z15
G0 F15000 X110.415 Y23.194
G0 X115.303 Y23.26
G0 X117.981 Y27.897
G0 X115.398 Y32.699
;TIME_ELAPSED:956.115081
;LAYER:74
;note -- min layer time used
;TYPE:WALL-INNER
;MESH:WheelAdapter_v8.stl
G1 F1869.5 X118.172 Y27.897 E431.80103
G1 X115.398 Y23.093 E431.98554
G1 X109.854 Y23.093 E432.16993
G1 X107.083 Y27.897 E432.35439
G1 X109.854 Y32.699 E432.53879
G1 X115.398 Y32.699 E432.72318
G0 F15000 X115.629 Y33.099
G1 F1869.5 X118.634 Y27.897 E432.923
G1 X115.629 Y22.693 E433.12287
G1 X109.623 Y22.693 E433.32263
G1 X106.621 Y27.897 E433.52245
G1 X109.623 Y33.099 E433.72221
G1 X115.629 Y33.099 E433.92197
G0 F15000 X115.86 Y33.499
;TYPE:WALL-OUTER
G1 F1869.5 X119.096 Y27.897 E434.13714
G1 X115.86 Y22.293 E434.35238
G1 X109.392 Y22.293 E434.5675
G1 X106.159 Y27.897 E434.78269
G1 X109.392 Y33.499 E434.99781
G1 X115.86 Y33.499 E435.21294
G1 F1500 E428.71294
G0 F15000 X115.691 Y33.204
G0 X112.966 Y32.499
G0 X112.788 Y28.806
G0 X113.093 Y28.892
;TYPE:SKIN
G1 F1500 E435.21294
G1 F1869.5 X113.47 Y28.605 E435.2287
G1 X113.704 Y28.155 E435.24557
G1 X113.705 Y27.688 E435.2611
G1 X113.611 Y27.389 E435.27153
G1 X113.321 Y27.046 E435.28646
G1 X113.06 Y26.878 E435.29679
G1 X112.576 Y26.792 E435.31314
G1 X112.263 Y26.858 E435.32378
G1 X111.881 Y27.079 E435.33846
G1 X111.698 Y27.3 E435.348
G1 X111.531 Y27.758 E435.36421
G1 X111.543 Y28.068 E435.37453
G1 X111.698 Y28.493 E435.38958
G1 X111.908 Y28.726 E435.40001
G1 X112.314 Y28.958 E435.41556
G1 X112.815 Y28.982 E435.43225
G1 X113.093 Y28.892 E435.44197
G1 F1500 E428.94197
G0 F15000 X112.966 Y28.667
G0 X112.995 Y32.499
G0 X115.188 Y32.599
G0 X115.188 Y32.336
G1 F1500 E435.44197
G1 F1869.5 X110.06 Y32.336 E435.61252
G1 X107.495 Y27.896 E435.78307
G1 X110.06 Y23.452 E435.95373
G1 X115.188 Y23.452 E436.12429
G1 X117.753 Y27.896 E436.29495
G1 X115.188 Y32.336 E436.4655
G0 F15000 X115.188 Y32.599
G0 X110.2 Y32.599
G0 X110.2 Y32.136
G1 F1869.5 X110.14 Y32.075 E436.46834
G0 F15000 X110.766 Y32.136
G1 F1869.5 X109.366 Y30.736 E436.53419
G0 F15000 X108.969 Y30.964
G0 X108.196 Y29.623
G0 X108.592 Y29.396
G1 F1869.5 X111.332 Y32.136 E436.66308
G0 F15000 X111.898 Y32.136
G1 F1869.5 X107.818 Y28.057 E436.85496
G0 F15000 X107.907 Y27.58
G1 F1869.5 X112.463 Y32.136 E437.06926
G0 F15000 X113.029 Y32.136
G1 F1869.5 X108.115 Y27.221 E437.30043
G0 F15000 X108.322 Y26.863
G1 F1869.5 X113.595 Y32.136 E437.54845
G0 F15000 X114.16 Y32.136
G1 F1869.5 X108.529 Y26.504 E437.81334
G0 F15000 X108.736 Y26.146
G1 F1869.5 X114.726 Y32.136 E438.09509
G0 F15000 X115.153 Y31.997
G1 F1869.5 X112.302 Y29.146 E438.22919
G0 F15000 X112.89 Y29.168
G1 F1869.5 X115.36 Y31.639 E438.3454
G0 F15000 X115.567 Y31.28
G1 F1869.5 X113.286 Y28.998 E438.45271
G0 F15000 X113.61 Y28.757
G1 F1869.5 X115.775 Y30.922 E438.55455
G0 F15000 X115.982 Y30.563
G1 F1869.5 X113.808 Y28.39 E438.65678
G0 F15000 X113.904 Y27.919
G1 F1869.5 X116.189 Y30.205 E438.76429
G0 F15000 X116.396 Y29.846
G1 F1869.5 X113.505 Y26.956 E438.90025
G1 X113.452 Y26.902
G1 X110.202 Y23.652 E439.05312
G0 F15000 X109.978 Y23.994
G1 F1869.5 X112.581 Y26.596 E439.17553
G0 F15000 X112.125 Y26.707
G1 F1869.5 X109.771 Y24.353 E439.28626
G0 F15000 X109.564 Y24.711
G1 F1869.5 X111.767 Y26.914 E439.38988
G0 F15000 X111.515 Y27.228
G1 F1869.5 X109.357 Y25.07 E439.49138
G0 F15000 X109.15 Y25.428
G1 F1869.5 X111.362 Y27.641 E439.59545
G0 F15000 X111.393 Y28.237
G1 F1869.5 X108.943 Y25.787 E439.71069
G0 F15000 X108.549 Y25.559
G0 X109.95 Y23.26
G0 X110.768 Y23.194
G0 X110.768 Y23.652
G1 F1869.5 X116.603 Y29.488 E439.98518
G0 F15000 X116.811 Y29.129
G1 F1869.5 X111.333 Y23.652 E440.24282
G0 F15000 X111.899 Y23.652
G1 F1869.5 X117.017 Y28.77 E440.48356
G0 F15000 X117.224 Y28.412
G1 F1869.5 X112.465 Y23.652 E440.70743
G0 F15000 X113.03 Y23.652
G1 F1869.5 X117.431 Y28.053 E440.91444
G0 F15000 X117.088 Y27.144
G1 F1869.5 X113.596 Y23.652 E441.07869
G0 F15000 X114.162 Y23.652
G1 F1869.5 X116.316 Y25.806 E441.18001
G0 F15000 X116.716 Y25.576
G0 X115.944 Y24.239
G0 X115.544 Y24.469
G1 F1869.5 X114.727 Y23.652 E441.21844
G1 F1500 E434.71844
;MESH:NONMESH
G0 F300 X114.727 Y23.652 Z15.2
G0 F15000 X114.727 Y23.194
G0 X112.963 Y23.294
G0 X112.787 Y26.989
G0 X112.963 Y28.669
G0 X113.081 Y28.943
;TIME_ELAPSED:972.083413
;LAYER:75
;note -- min layer time used
;TYPE:WALL-INNER
;MESH:WheelAdapter_v8.stl
G1 F1500 E441.21844
G1 F600 X113.311 Y28.811 E441.22726
G1 X113.5 Y28.632 E441.23592
G1 X113.646 Y28.41 E441.24475
G1 X113.733 Y28.159 E441.25359
G1 X113.765 Y27.896 E441.2624
G1 X113.733 Y27.633 E441.27121
G1 X113.646 Y27.38 E441.28011
G1 X113.5 Y27.156 E441.28901
G1 X113.316 Y26.984 E441.29738
G1 X113.076 Y26.845 E441.30661
G1 X112.828 Y26.772 E441.31521
G1 X112.556 Y26.755 E441.32427
G1 X112.307 Y26.8 E441.33269
G1 X112.049 Y26.91 E441.34201
G1 X111.838 Y27.067 E441.35076
G1 X111.67 Y27.266 E441.35942
G1 X111.556 Y27.494 E441.3679
G1 X111.492 Y27.767 E441.37723
G1 X111.492 Y28.025 E441.38581
G1 X111.556 Y28.298 E441.39514
G1 X111.669 Y28.524 E441.40354
G1 X111.838 Y28.722 E441.4122
G1 X112.052 Y28.883 E441.4211
G1 X112.307 Y28.992 E441.43033
G1 X112.556 Y29.038 E441.43875
G1 X112.825 Y29.021 E441.44772
G1 X113.081 Y28.943 E441.45662
G0 F15000 X113.241 Y29.313
G1 F600 X113.551 Y29.134 E441.46852
G1 X113.809 Y28.891 E441.48031
G1 X114.007 Y28.59 E441.49229
G1 X114.126 Y28.252 E441.50421
G1 X114.169 Y27.896 E441.51614
G1 X114.126 Y27.54 E441.52807
G1 X114.007 Y27.201 E441.54002
G1 X113.809 Y26.897 E441.55208
G1 X113.556 Y26.661 E441.56359
G1 X113.236 Y26.475 E441.5759
G1 X112.898 Y26.375 E441.58762
G1 X112.532 Y26.352 E441.59982
G1 X112.191 Y26.415 E441.61135
G1 X111.849 Y26.561 E441.62372
G1 X111.562 Y26.773 E441.63559
G1 X111.334 Y27.045 E441.64739
G1 X111.177 Y27.357 E441.65901
G1 X111.092 Y27.721 E441.67144
G1 X111.092 Y28.071 E441.68308
G1 X111.177 Y28.435 E441.69552
G1 X111.333 Y28.746 E441.70709
G1 X111.562 Y29.016 E441.71886
G1 X111.851 Y29.232 E441.73087
G1 X112.191 Y29.377 E441.74316
G1 X112.532 Y29.44 E441.75469
G1 X112.896 Y29.417 E441.76682
G1 X113.241 Y29.313 E441.77881
G0 F15000 X113.4 Y29.683
;TYPE:WALL-OUTER
G1 F600 X113.791 Y29.458 E441.79381
G1 X114.117 Y29.15 E441.80873
G1 X114.367 Y28.77 E441.82386
G1 X114.519 Y28.345 E441.83887
G1 X114.573 Y27.896 E441.85391
G1 X114.519 Y27.447 E441.86895
G1 X114.367 Y27.022 E441.88397
G1 X114.117 Y26.638 E441.89921
G1 X113.796 Y26.338 E441.91382
G1 X113.396 Y26.105 E441.92922
G1 X112.968 Y25.979 E441.94405
G1 X112.508 Y25.95 E441.95938
G1 X112.075 Y26.029 E441.97402
G1 X111.649 Y26.211 E441.98943
G1 X111.286 Y26.479 E442.00444
G1 X110.997 Y26.823 E442.01938
G1 X110.798 Y27.221 E442.03418
G1 X110.692 Y27.675 E442.04969
G1 X110.692 Y28.117 E442.06439
G1 X110.798 Y28.571 E442.0799
G1 X110.997 Y28.968 E442.09467
G1 X111.286 Y29.309 E442.10953
G1 X111.649 Y29.581 E442.12462
G1 X112.075 Y29.763 E442.14003
G1 X112.508 Y29.842 E442.15467
G1 X112.968 Y29.813 E442.17
G1 X113.4 Y29.683 E442.185
G0 F15000 X113.001 Y28.75
;MESH:NONMESH
G0 F300 X113.001 Y28.75 Z15.4
G0 F15000 X113.081 Y28.943
;TIME_ELAPSED:975.571228
;LAYER:76
;note -- min layer time used
;TYPE:WALL-INNER
;MESH:WheelAdapter_v8.stl
G1 F600 X113.311 Y28.811 E442.19382
G1 X113.5 Y28.632 E442.20248
G1 X113.646 Y28.41 E442.21132
G1 X113.733 Y28.159 E442.22015
G1 X113.765 Y27.896 E442.22897
G1 X113.733 Y27.633 E442.23778
G1 X113.646 Y27.38 E442.24668
G1 X113.5 Y27.156 E442.25557
G1 X113.316 Y26.984 E442.26395
G1 X113.076 Y26.845 E442.27317
G1 X112.828 Y26.772 E442.28177
G1 X112.556 Y26.755 E442.29083
G1 X112.307 Y26.8 E442.29925
G1 X112.049 Y26.91 E442.30858
G1 X111.838 Y27.067 E442.31733
G1 X111.67 Y27.266 E442.32599
G1 X111.556 Y27.494 E442.33447
G1 X111.492 Y27.767 E442.34379
G1 X111.492 Y28.025 E442.35237
G1 X111.556 Y28.298 E442.3617
G1 X111.669 Y28.524 E442.3701
G1 X111.838 Y28.722 E442.37876
G1 X112.052 Y28.883 E442.38767
G1 X112.307 Y28.992 E442.39689
G1 X112.556 Y29.038 E442.40531
G1 X112.825 Y29.021 E442.41428
G1 X113.081 Y28.943 E442.42318
G0 F15000 X113.241 Y29.313
G1 F600 X113.551 Y29.134 E442.43509
G1 X113.809 Y28.891 E442.44687
G1 X114.007 Y28.59 E442.45886
G1 X114.126 Y28.252 E442.47078
G1 X114.169 Y27.896 E442.4827
G1 X114.126 Y27.54 E442.49463
G1 X114.007 Y27.201 E442.50658
G1 X113.809 Y26.897 E442.51865
G1 X113.556 Y26.661 E442.53015
G1 X113.236 Y26.475 E442.54246
G1 X112.898 Y26.375 E442.55419
G1 X112.532 Y26.352 E442.56638
G1 X112.191 Y26.415 E442.57792
G1 X111.849 Y26.561 E442.59029
G1 X111.562 Y26.773 E442.60215
G1 X111.334 Y27.045 E442.61396
G1 X111.177 Y27.357 E442.62558
G1 X111.092 Y27.721 E442.63801
G1 X111.092 Y28.071 E442.64965
G1 X111.177 Y28.435 E442.66208
G1 X111.333 Y28.746 E442.67365
G1 X111.562 Y29.016 E442.68543
G1 X111.851 Y29.232 E442.69743
G1 X112.191 Y29.377 E442.70972
G1 X112.532 Y29.44 E442.72126
G1 X112.896 Y29.417 E442.73339
G1 X113.241 Y29.313 E442.74537
G0 F15000 X113.4 Y29.683
;TYPE:WALL-OUTER
G1 F600 X113.791 Y29.458 E442.76038
G1 X114.117 Y29.15 E442.77529
G1 X114.367 Y28.77 E442.79042
G1 X114.519 Y28.345 E442.80543
G1 X114.573 Y27.896 E442.82048
G1 X114.519 Y27.447 E442.83552
G1 X114.367 Y27.022 E442.85053
G1 X114.117 Y26.638 E442.86577
G1 X113.796 Y26.338 E442.88038
G1 X113.396 Y26.105 E442.89578
G1 X112.968 Y25.979 E442.91062
G1 X112.508 Y25.95 E442.92595
G1 X112.075 Y26.029 E442.94059
G1 X111.649 Y26.211 E442.956
G1 X111.286 Y26.479 E442.971
G1 X110.997 Y26.823 E442.98595
G1 X110.798 Y27.221 E443.00075
G1 X110.692 Y27.675 E443.01625
G1 X110.692 Y28.117 E443.03095
G1 X110.798 Y28.571 E443.04646
G1 X110.997 Y28.968 E443.06123
G1 X111.286 Y29.309 E443.0761
G1 X111.649 Y29.581 E443.09118
G1 X112.075 Y29.763 E443.10659
G1 X112.508 Y29.842 E443.12123
G1 X112.968 Y29.813 E443.13656
G1 X113.4 Y29.683 E443.15157
G0 F15000 X113.001 Y28.75
;MESH:NONMESH
G0 F300 X113.001 Y28.75 Z15.6
G0 F15000 X113.081 Y28.943
;TIME_ELAPSED:978.753825
;LAYER:77
;note -- min layer time used
;TYPE:WALL-INNER
;MESH:WheelAdapter_v8.stl
G1 F600 X113.311 Y28.811 E443.16039
G1 X113.5 Y28.632 E443.16904
G1 X113.646 Y28.41 E443.17788
G1 X113.733 Y28.159 E443.18672
G1 X113.765 Y27.896 E443.19553
G1 X113.733 Y27.633 E443.20434
G1 X113.646 Y27.38 E443.21324
G1 X113.5 Y27.156 E443.22213
G1 X113.316 Y26.984 E443.23051
G1 X113.076 Y26.845 E443.23973
G1 X112.828 Y26.772 E443.24833
G1 X112.556 Y26.755 E443.2574
G1 X112.307 Y26.8 E443.26581
G1 X112.049 Y26.91 E443.27514
G1 X111.838 Y27.067 E443.28389
G1 X111.67 Y27.266 E443.29255
G1 X111.556 Y27.494 E443.30103
G1 X111.492 Y27.767 E443.31036
G1 X111.492 Y28.025 E443.31894
G1 X111.556 Y28.298 E443.32826
G1 X111.669 Y28.524 E443.33667
G1 X111.838 Y28.722 E443.34533
G1 X112.052 Y28.883 E443.35423
G1 X112.307 Y28.992 E443.36346
G1 X112.556 Y29.038 E443.37188
G1 X112.825 Y29.021 E443.38084
G1 X113.081 Y28.943 E443.38974
G0 F15000 X113.241 Y29.313
G1 F600 X113.551 Y29.134 E443.40165
G1 X113.809 Y28.891 E443.41344
G1 X114.007 Y28.59 E443.42542
G1 X114.126 Y28.252 E443.43734
G1 X114.169 Y27.896 E443.44927
G1 X114.126 Y27.54 E443.46119
G1 X114.007 Y27.201 E443.47314
G1 X113.809 Y26.897 E443.48521
G1 X113.556 Y26.661 E443.49672
G1 X113.236 Y26.475 E443.50903
G1 X112.898 Y26.375 E443.52075
G1 X112.532 Y26.352 E443.53295
G1 X112.191 Y26.415 E443.54448
G1 X111.849 Y26.561 E443.55685
G1 X111.562 Y26.773 E443.56872
G1 X111.334 Y27.045 E443.58052
G1 X111.177 Y27.357 E443.59214
G1 X111.092 Y27.721 E443.60457
G1 X111.092 Y28.071 E443.61621
G1 X111.177 Y28.435 E443.62864
G1 X111.333 Y28.746 E443.64022
G1 X111.562 Y29.016 E443.65199
G1 X111.851 Y29.232 E443.66399
G1 X112.191 Y29.377 E443.67629
G1 X112.532 Y29.44 E443.68782
G1 X112.896 Y29.417 E443.69995
G1 X113.241 Y29.313 E443.71194
G0 F15000 X113.4 Y29.683
;TYPE:WALL-OUTER
G1 F600 X113.791 Y29.458 E443.72694
G1 X114.117 Y29.15 E443.74186
G1 X114.367 Y28.77 E443.75699
G1 X114.519 Y28.345 E443.772
G1 X114.573 Y27.896 E443.78704
G1 X114.519 Y27.447 E443.80208
G1 X114.367 Y27.022 E443.81709
G1 X114.117 Y26.638 E443.83233
G1 X113.796 Y26.338 E443.84695
G1 X113.396 Y26.105 E443.86234
G1 X112.968 Y25.979 E443.87718
G1 X112.508 Y25.95 E443.89251
G1 X112.075 Y26.029 E443.90715
G1 X111.649 Y26.211 E443.92256
G1 X111.286 Y26.479 E443.93757
G1 X110.997 Y26.823 E443.95251
G1 X110.798 Y27.221 E443.96731
G1 X110.692 Y27.675 E443.98282
G1 X110.692 Y28.117 E443.99752
G1 X110.798 Y28.571 E444.01302
G1 X110.997 Y28.968 E444.02779
G1 X111.286 Y29.309 E444.04266
G1 X111.649 Y29.581 E444.05775
G1 X112.075 Y29.763 E444.07316
G1 X112.508 Y29.842 E444.08779
G1 X112.968 Y29.813 E444.10312
G1 X113.4 Y29.683 E444.11813
G0 F15000 X113.279 Y29.4
G0 X113.469 Y28.504
;TYPE:FILL
G1 F600 X113.661 Y27.787 E444.14282
G0 F15000 X112.736 Y26.863
G1 F600 X111.969 Y27.069 E444.16923
G0 F15000 X111.634 Y28.276
G1 F600 X112.211 Y28.853 E444.19637
G0 F15000 X112.258 Y28.746
;MESH:NONMESH
G0 F300 X112.258 Y28.746 Z15.8
G0 F15000 X113.081 Y28.943
;TIME_ELAPSED:982.439586
;LAYER:78
;note -- min layer time used
;TYPE:WALL-INNER
;MESH:WheelAdapter_v8.stl
G1 F600 X113.311 Y28.811 E444.20519
G1 X113.5 Y28.632 E444.21385
G1 X113.646 Y28.41 E444.22269
G1 X113.733 Y28.159 E444.23152
G1 X113.765 Y27.896 E444.24034
G1 X113.733 Y27.633 E444.24915
G1 X113.646 Y27.38 E444.25805
G1 X113.5 Y27.156 E444.26694
G1 X113.316 Y26.984 E444.27532
G1 X113.076 Y26.845 E444.28454
G1 X112.828 Y26.772 E444.29314
G1 X112.556 Y26.755 E444.3022
G1 X112.307 Y26.8 E444.31062
G1 X112.049 Y26.91 E444.31995
G1 X111.838 Y27.067 E444.3287
G1 X111.67 Y27.266 E444.33736
G1 X111.556 Y27.494 E444.34584
G1 X111.492 Y27.767 E444.35516
G1 X111.492 Y28.025 E444.36374
G1 X111.556 Y28.298 E444.37307
G1 X111.669 Y28.524 E444.38147
G1 X111.838 Y28.722 E444.39013
G1 X112.052 Y28.883 E444.39904
G1 X112.307 Y28.992 E444.40826
G1 X112.556 Y29.038 E444.41668
G1 X112.825 Y29.021 E444.42565
G1 X113.081 Y28.943 E444.43455
G0 F15000 X113.241 Y29.313
G1 F600 X113.551 Y29.134 E444.44646
G1 X113.809 Y28.891 E444.45824
G1 X114.007 Y28.59 E444.47023
G1 X114.126 Y28.252 E444.48215
G1 X114.169 Y27.896 E444.49407
G1 X114.126 Y27.54 E444.506
G1 X114.007 Y27.201 E444.51795
G1 X113.809 Y26.897 E444.53002
G1 X113.556 Y26.661 E444.54152
G1 X113.236 Y26.475 E444.55383
G1 X112.898 Y26.375 E444.56556
G1 X112.532 Y26.352 E444.57775
G1 X112.191 Y26.415 E444.58929
G1 X111.849 Y26.561 E444.60166
G1 X111.562 Y26.773 E444.61352
G1 X111.334 Y27.045 E444.62533
G1 X111.177 Y27.357 E444.63695
G1 X111.092 Y27.721 E444.64938
G1 X111.092 Y28.071 E444.66102
G1 X111.177 Y28.435 E444.67345
G1 X111.333 Y28.746 E444.68502
G1 X111.562 Y29.016 E444.6968
G1 X111.851 Y29.232 E444.7088
G1 X112.191 Y29.377 E444.72109
G1 X112.532 Y29.44 E444.73263
G1 X112.896 Y29.417 E444.74476
G1 X113.241 Y29.313 E444.75674
G0 F15000 X113.4 Y29.683
;TYPE:WALL-OUTER
G1 F600 X113.791 Y29.458 E444.77175
G1 X114.117 Y29.15 E444.78666
G1 X114.367 Y28.77 E444.80179
G1 X114.519 Y28.345 E444.8168
G1 X114.573 Y27.896 E444.83185
G1 X114.519 Y27.447 E444.84689
G1 X114.367 Y27.022 E444.8619
G1 X114.117 Y26.638 E444.87714
G1 X113.796 Y26.338 E444.89175
G1 X113.396 Y26.105 E444.90715
G1 X112.968 Y25.979 E444.92199
G1 X112.508 Y25.95 E444.93732
G1 X112.075 Y26.029 E444.95196
G1 X111.649 Y26.211 E444.96737
G1 X111.286 Y26.479 E444.98237
G1 X110.997 Y26.823 E444.99732
G1 X110.798 Y27.221 E445.01212
G1 X110.692 Y27.675 E445.02762
G1 X110.692 Y28.117 E445.04232
G1 X110.798 Y28.571 E445.05783
G1 X110.997 Y28.968 E445.0726
G1 X111.286 Y29.309 E445.08747
G1 X111.649 Y29.581 E445.10255
G1 X112.075 Y29.763 E445.11796
G1 X112.508 Y29.842 E445.1326
G1 X112.968 Y29.813 E445.14793
G1 X113.4 Y29.683 E445.16294
G0 F15000 X113.255 Y28.752
;TYPE:FILL
G1 F600 X113.593 Y27.491 E445.20636
G0 F15000 X113.056 Y26.924
G1 F600 X111.8 Y27.261 E445.24961
G0 F15000 X111.601 Y28.042
G1 F600 X112.5 Y28.941 E445.2919
G0 F15000 X112.522 Y28.819
;MESH:NONMESH
G0 F300 X112.522 Y28.819 Z16
G0 F15000 X113.081 Y28.943
;TIME_ELAPSED:986.209212
;LAYER:79
;note -- min layer time used
;TYPE:WALL-INNER
;MESH:WheelAdapter_v8.stl
G1 F600 X113.311 Y28.811 E445.30072
G1 X113.5 Y28.632 E445.30937
G1 X113.646 Y28.41 E445.31821
G1 X113.733 Y28.159 E445.32705
G1 X113.765 Y27.896 E445.33586
G1 X113.733 Y27.633 E445.34467
G1 X113.646 Y27.38 E445.35357
G1 X113.5 Y27.156 E445.36246
G1 X113.316 Y26.984 E445.37084
G1 X113.076 Y26.845 E445.38006
G1 X112.828 Y26.772 E445.38866
G1 X112.556 Y26.755 E445.39773
G1 X112.307 Y26.8 E445.40614
G1 X112.049 Y26.91 E445.41547
G1 X111.838 Y27.067 E445.42422
G1 X111.67 Y27.266 E445.43288
G1 X111.556 Y27.494 E445.44136
G1 X111.492 Y27.767 E445.45069
G1 X111.492 Y28.025 E445.45927
G1 X111.556 Y28.298 E445.46859
G1 X111.669 Y28.524 E445.477
G1 X111.838 Y28.722 E445.48566
G1 X112.052 Y28.883 E445.49456
G1 X112.307 Y28.992 E445.50379
G1 X112.556 Y29.038 E445.51221
G1 X112.825 Y29.021 E445.52117
G1 X113.081 Y28.943 E445.53007
G0 F15000 X113.241 Y29.313
G1 F600 X113.551 Y29.134 E445.54198
G1 X113.809 Y28.891 E445.55377
G1 X114.007 Y28.59 E445.56575
G1 X114.126 Y28.252 E445.57767
G1 X114.169 Y27.896 E445.5896
G1 X114.126 Y27.54 E445.60152
G1 X114.007 Y27.201 E445.61347
G1 X113.809 Y26.897 E445.62554
G1 X113.556 Y26.661 E445.63705
G1 X113.236 Y26.475 E445.64936
G1 X112.898 Y26.375 E445.66108
G1 X112.532 Y26.352 E445.67328
G1 X112.191 Y26.415 E445.68481
G1 X111.849 Y26.561 E445.69718
G1 X111.562 Y26.773 E445.70905
G1 X111.334 Y27.045 E445.72085
G1 X111.177 Y27.357 E445.73247
G1 X111.092 Y27.721 E445.7449
G1 X111.092 Y28.071 E445.75654
G1 X111.177 Y28.435 E445.76897
G1 X111.333 Y28.746 E445.78055
G1 X111.562 Y29.016 E445.79232
G1 X111.851 Y29.232 E445.80432
G1 X112.191 Y29.377 E445.81662
G1 X112.532 Y29.44 E445.82815
G1 X112.896 Y29.417 E445.84028
G1 X113.241 Y29.313 E445.85227
G0 F15000 X113.4 Y29.683
;TYPE:WALL-OUTER
G1 F600 X113.791 Y29.458 E445.86727
G1 X114.117 Y29.15 E445.88219
G1 X114.367 Y28.77 E445.89732
G1 X114.519 Y28.345 E445.91233
G1 X114.573 Y27.896 E445.92737
G1 X114.519 Y27.447 E445.94241
G1 X114.367 Y27.022 E445.95742
G1 X114.117 Y26.638 E445.97266
G1 X113.796 Y26.338 E445.98728
G1 X113.396 Y26.105 E446.00267
G1 X112.968 Y25.979 E446.01751
G1 X112.508 Y25.95 E446.03284
G1 X112.075 Y26.029 E446.04748
G1 X111.649 Y26.211 E446.06289
G1 X111.286 Y26.479 E446.0779
G1 X110.997 Y26.823 E446.09284
G1 X110.798 Y27.221 E446.10764
G1 X110.692 Y27.675 E446.12315
G1 X110.692 Y28.117 E446.13785
G1 X110.798 Y28.571 E446.15335
G1 X110.997 Y28.968 E446.16812
G1 X111.286 Y29.309 E446.18299
G1 X111.649 Y29.581 E446.19808
G1 X112.075 Y29.763 E446.21349
G1 X112.508 Y29.842 E446.22812
G1 X112.968 Y29.813 E446.24345
G1 X113.4 Y29.683 E446.25846
G0 F15000 X113.09 Y28.823
;TYPE:FILL
G1 F600 X113.498 Y27.301 E446.31087
G0 F15000 X113.201 Y27.031
G1 F600 X111.684 Y27.438 E446.36311
G0 F15000 X111.573 Y27.815
G1 F600 X112.706 Y28.948 E446.4164
G0 F15000 X112.699 Y28.819
;MESH:NONMESH
G0 F300 X112.699 Y28.819 Z16.2
G0 F15000 X113.081 Y28.943
;TIME_ELAPSED:990.011619
;LAYER:80
;note -- min layer time used
;TYPE:WALL-INNER
;MESH:WheelAdapter_v8.stl
G1 F600 X113.311 Y28.811 E446.42522
G1 X113.5 Y28.632 E446.43388
G1 X113.646 Y28.41 E446.44272
G1 X113.733 Y28.159 E446.45155
G1 X113.765 Y27.896 E446.46036
G1 X113.733 Y27.633 E446.46918
G1 X113.646 Y27.38 E446.47808
G1 X113.5 Y27.156 E446.48697
G1 X113.316 Y26.984 E446.49535
G1 X113.076 Y26.845 E446.50457
G1 X112.828 Y26.772 E446.51317
G1 X112.556 Y26.755 E446.52223
G1 X112.307 Y26.8 E446.53065
G1 X112.049 Y26.91 E446.53998
G1 X111.838 Y27.067 E446.54872
G1 X111.67 Y27.266 E446.55739
G1 X111.556 Y27.494 E446.56587
G1 X111.492 Y27.767 E446.57519
G1 X111.492 Y28.025 E446.58377
G1 X111.556 Y28.298 E446.5931
G1 X111.669 Y28.524 E446.6015
G1 X111.838 Y28.722 E446.61016
G1 X112.052 Y28.883 E446.61907
G1 X112.307 Y28.992 E446.62829
G1 X112.556 Y29.038 E446.63671
G1 X112.825 Y29.021 E446.64568
G1 X113.081 Y28.943 E446.65458
G0 F15000 X113.241 Y29.313
G1 F600 X113.551 Y29.134 E446.66649
G1 X113.809 Y28.891 E446.67827
G1 X114.007 Y28.59 E446.69026
G1 X114.126 Y28.252 E446.70218
G1 X114.169 Y27.896 E446.7141
G1 X114.126 Y27.54 E446.72603
G1 X114.007 Y27.201 E446.73798
G1 X113.809 Y26.897 E446.75004
G1 X113.556 Y26.661 E446.76155
G1 X113.236 Y26.475 E446.77386
G1 X112.898 Y26.375 E446.78559
G1 X112.532 Y26.352 E446.79778
G1 X112.191 Y26.415 E446.80932
G1 X111.849 Y26.561 E446.82169
G1 X111.562 Y26.773 E446.83355
G1 X111.334 Y27.045 E446.84536
G1 X111.177 Y27.357 E446.85697
G1 X111.092 Y27.721 E446.86941
G1 X111.092 Y28.071 E446.88105
G1 X111.177 Y28.435 E446.89348
G1 X111.333 Y28.746 E446.90505
G1 X111.562 Y29.016 E446.91683
G1 X111.851 Y29.232 E446.92883
G1 X112.191 Y29.377 E446.94112
G1 X112.532 Y29.44 E446.95266
G1 X112.896 Y29.417 E446.96479
G1 X113.241 Y29.313 E446.97677
G0 F15000 X113.4 Y29.683
;TYPE:WALL-OUTER
G1 F600 X113.791 Y29.458 E446.99178
G1 X114.117 Y29.15 E447.00669
G1 X114.367 Y28.77 E447.02182
G1 X114.519 Y28.345 E447.03683
G1 X114.573 Y27.896 E447.05187
G1 X114.519 Y27.447 E447.06692
G1 X114.367 Y27.022 E447.08193
G1 X114.117 Y26.638 E447.09717
G1 X113.796 Y26.338 E447.11178
G1 X113.396 Y26.105 E447.12718
G1 X112.968 Y25.979 E447.14202
G1 X112.508 Y25.95 E447.15735
G1 X112.075 Y26.029 E447.17199
G1 X111.649 Y26.211 E447.1874
G1 X111.286 Y26.479 E447.2024
G1 X110.997 Y26.823 E447.21735
G1 X110.798 Y27.221 E447.23215
G1 X110.692 Y27.675 E447.24765
G1 X110.692 Y28.117 E447.26235
G1 X110.798 Y28.571 E447.27786
G1 X110.997 Y28.968 E447.29263
G1 X111.286 Y29.309 E447.3075
G1 X111.649 Y29.581 E447.32258
G1 X112.075 Y29.763 E447.33799
G1 X112.508 Y29.842 E447.35263
G1 X112.968 Y29.813 E447.36796
G1 X113.4 Y29.683 E447.38297
G0 F15000 X112.924 Y28.895
;TYPE:FILL
G1 F600 X113.387 Y27.167 E447.44247
G1 X113.349 Y27.139
G1 X111.613 Y27.604 E447.50224
G1 X111.603 Y27.644
G1 X112.875 Y28.916 E447.56207
G0 F15000 X112.84 Y28.799
;MESH:NONMESH
G0 F300 X112.84 Y28.799 Z16.4
G0 F15000 X113.081 Y28.943
;TIME_ELAPSED:993.774592
;LAYER:81
;note -- min layer time used
;TYPE:WALL-INNER
;MESH:WheelAdapter_v8.stl
G1 F600 X113.311 Y28.811 E447.57089
G1 X113.5 Y28.632 E447.57955
G1 X113.646 Y28.41 E447.58839
G1 X113.733 Y28.159 E447.59722
G1 X113.765 Y27.896 E447.60604
G1 X113.733 Y27.633 E447.61485
G1 X113.646 Y27.38 E447.62375
G1 X113.5 Y27.156 E447.63264
G1 X113.316 Y26.984 E447.64102
G1 X113.076 Y26.845 E447.65024
G1 X112.828 Y26.772 E447.65884
G1 X112.556 Y26.755 E447.6679
G1 X112.307 Y26.8 E447.67632
G1 X112.049 Y26.91 E447.68565
G1 X111.838 Y27.067 E447.6944
G1 X111.67 Y27.266 E447.70306
G1 X111.556 Y27.494 E447.71154
G1 X111.492 Y27.767 E447.72086
G1 X111.492 Y28.025 E447.72944
G1 X111.556 Y28.298 E447.73877
G1 X111.669 Y28.524 E447.74717
G1 X111.838 Y28.722 E447.75583
G1 X112.052 Y28.883 E447.76474
G1 X112.307 Y28.992 E447.77396
G1 X112.556 Y29.038 E447.78238
G1 X112.825 Y29.021 E447.79135
G1 X113.081 Y28.943 E447.80025
G0 F15000 X113.241 Y29.313
G1 F600 X113.551 Y29.134 E447.81216
G1 X113.809 Y28.891 E447.82394
G1 X114.007 Y28.59 E447.83593
G1 X114.126 Y28.252 E447.84785
G1 X114.169 Y27.896 E447.85977
G1 X114.126 Y27.54 E447.8717
G1 X114.007 Y27.201 E447.88365
G1 X113.809 Y26.897 E447.89572
G1 X113.556 Y26.661 E447.90722
G1 X113.236 Y26.475 E447.91953
G1 X112.898 Y26.375 E447.93126
G1 X112.532 Y26.352 E447.94345
G1 X112.191 Y26.415 E447.95499
G1 X111.849 Y26.561 E447.96736
G1 X111.562 Y26.773 E447.97922
G1 X111.334 Y27.045 E447.99103
G1 X111.177 Y27.357 E448.00265
G1 X111.092 Y27.721 E448.01508
G1 X111.092 Y28.071 E448.02672
G1 X111.177 Y28.435 E448.03915
G1 X111.333 Y28.746 E448.05072
G1 X111.562 Y29.016 E448.0625
G1 X111.851 Y29.232 E448.0745
G1 X112.191 Y29.377 E448.08679
G1 X112.532 Y29.44 E448.09833
G1 X112.896 Y29.417 E448.11046
G1 X113.241 Y29.313 E448.12244
G0 F15000 X113.4 Y29.683
;TYPE:WALL-OUTER
G1 F600 X113.791 Y29.458 E448.13745
G1 X114.117 Y29.15 E448.15236
G1 X114.367 Y28.77 E448.16749
G1 X114.519 Y28.345 E448.1825
G1 X114.573 Y27.896 E448.19755
G1 X114.519 Y27.447 E448.21259
G1 X114.367 Y27.022 E448.2276
G1 X114.117 Y26.638 E448.24284
G1 X113.796 Y26.338 E448.25745
G1 X113.396 Y26.105 E448.27285
G1 X112.968 Y25.979 E448.28769
G1 X112.508 Y25.95 E448.30302
G1 X112.075 Y26.029 E448.31766
G1 X111.649 Y26.211 E448.33307
G1 X111.286 Y26.479 E448.34807
G1 X110.997 Y26.823 E448.36302
G1 X110.798 Y27.221 E448.37782
G1 X110.692 Y27.675 E448.39332
G1 X110.692 Y28.117 E448.40802
G1 X110.798 Y28.571 E448.42353
G1 X110.997 Y28.968 E448.4383
G1 X111.286 Y29.309 E448.45317
G1 X111.649 Y29.581 E448.46825
G1 X112.075 Y29.763 E448.48366
G1 X112.508 Y29.842 E448.4983
G1 X112.968 Y29.813 E448.51363
G1 X113.4 Y29.683 E448.52864
G0 F15000 X113.014 Y28.856
;TYPE:FILL
G1 F600 X111.649 Y27.49 E448.59286
G0 F15000 X111.577 Y27.76
G1 F600 X113.469 Y27.253 E448.65801
G0 F15000 X113.265 Y27.079
G1 F600 X112.765 Y28.945 E448.72227
G0 F15000 X112.758 Y28.816
;MESH:NONMESH
G0 F300 X112.758 Y28.816 Z16.6
G0 F15000 X113.081 Y28.943
;TIME_ELAPSED:997.664015
;LAYER:82
;note -- min layer time used
;TYPE:WALL-INNER
;MESH:WheelAdapter_v8.stl
G1 F600 X113.311 Y28.811 E448.73109
G1 X113.5 Y28.632 E448.73974
G1 X113.646 Y28.41 E448.74858
G1 X113.733 Y28.159 E448.75742
G1 X113.765 Y27.896 E448.76623
G1 X113.733 Y27.633 E448.77504
G1 X113.646 Y27.38 E448.78394
G1 X113.5 Y27.156 E448.79283
G1 X113.316 Y26.984 E448.80121
G1 X113.076 Y26.845 E448.81043
G1 X112.828 Y26.772 E448.81903
G1 X112.556 Y26.755 E448.8281
G1 X112.307 Y26.8 E448.83651
G1 X112.049 Y26.91 E448.84584
G1 X111.838 Y27.067 E448.85459
G1 X111.67 Y27.266 E448.86325
G1 X111.556 Y27.494 E448.87173
G1 X111.492 Y27.767 E448.88106
G1 X111.492 Y28.025 E448.88964
G1 X111.556 Y28.298 E448.89896
G1 X111.669 Y28.524 E448.90737
G1 X111.838 Y28.722 E448.91603
G1 X112.052 Y28.883 E448.92493
G1 X112.307 Y28.992 E448.93416
G1 X112.556 Y29.038 E448.94258
G1 X112.825 Y29.021 E448.95154
G1 X113.081 Y28.943 E448.96044
G0 F15000 X113.241 Y29.313
G1 F600 X113.551 Y29.134 E448.97235
G1 X113.809 Y28.891 E448.98414
G1 X114.007 Y28.59 E448.99612
G1 X114.126 Y28.252 E449.00804
G1 X114.169 Y27.896 E449.01997
G1 X114.126 Y27.54 E449.03189
G1 X114.007 Y27.201 E449.04384
G1 X113.809 Y26.897 E449.05591
G1 X113.556 Y26.661 E449.06742
G1 X113.236 Y26.475 E449.07973
G1 X112.898 Y26.375 E449.09145
G1 X112.532 Y26.352 E449.10365
G1 X112.191 Y26.415 E449.11518
G1 X111.849 Y26.561 E449.12755
G1 X111.562 Y26.773 E449.13942
G1 X111.334 Y27.045 E449.15122
G1 X111.177 Y27.357 E449.16284
G1 X111.092 Y27.721 E449.17527
G1 X111.092 Y28.071 E449.18691
G1 X111.177 Y28.435 E449.19934
G1 X111.333 Y28.746 E449.21092
G1 X111.562 Y29.016 E449.22269
G1 X111.851 Y29.232 E449.23469
G1 X112.191 Y29.377 E449.24699
G1 X112.532 Y29.44 E449.25852
G1 X112.896 Y29.417 E449.27065
G1 X113.241 Y29.313 E449.28264
G0 F15000 X113.4 Y29.683
;TYPE:WALL-OUTER
G1 F600 X113.791 Y29.458 E449.29764
G1 X114.117 Y29.15 E449.31256
G1 X114.367 Y28.77 E449.32769
G1 X114.519 Y28.345 E449.3427
G1 X114.573 Y27.896 E449.35774
G1 X114.519 Y27.447 E449.37278
G1 X114.367 Y27.022 E449.38779
G1 X114.117 Y26.638 E449.40303
G1 X113.796 Y26.338 E449.41765
G1 X113.396 Y26.105 E449.43304
G1 X112.968 Y25.979 E449.44788
G1 X112.508 Y25.95 E449.46321
G1 X112.075 Y26.029 E449.47785
G1 X111.649 Y26.211 E449.49326
G1 X111.286 Y26.479 E449.50827
G1 X110.997 Y26.823 E449.52321
G1 X110.798 Y27.221 E449.53801
G1 X110.692 Y27.675 E449.55352
G1 X110.692 Y28.117 E449.56822
G1 X110.798 Y28.571 E449.58372
G1 X110.997 Y28.968 E449.59849
G1 X111.286 Y29.309 E449.61336
G1 X111.649 Y29.581 E449.62845
G1 X112.075 Y29.763 E449.64386
G1 X112.508 Y29.842 E449.65849
G1 X112.968 Y29.813 E449.67382
G1 X113.4 Y29.683 E449.68883
G0 F15000 X113.153 Y28.796
;TYPE:FILL
G1 F600 X111.728 Y27.37 E449.75588
G0 F15000 X111.585 Y27.903
G1 F600 X113.55 Y27.377 E449.82354
G0 F15000 X113.143 Y26.989
G1 F600 X112.616 Y28.955 E449.89124
G0 F15000 X112.609 Y28.824
;MESH:NONMESH
G0 F300 X112.609 Y28.824 Z16.8
G0 F15000 X113.081 Y28.943
;TIME_ELAPSED:1001.625508
;LAYER:83
;note -- min layer time used
;TYPE:WALL-INNER
;MESH:WheelAdapter_v8.stl
G1 F600 X113.311 Y28.811 E449.90006
G1 X113.5 Y28.632 E449.90871
G1 X113.646 Y28.41 E449.91755
G1 X113.733 Y28.159 E449.92639
G1 X113.765 Y27.896 E449.9352
G1 X113.733 Y27.633 E449.94401
G1 X113.646 Y27.38 E449.95291
G1 X113.5 Y27.156 E449.9618
G1 X113.316 Y26.984 E449.97018
G1 X113.076 Y26.845 E449.9794
G1 X112.828 Y26.772 E449.988
G1 X112.556 Y26.755 E449.99707
G1 X112.307 Y26.8 E450.00548
G1 X112.049 Y26.91 E450.01481
G1 X111.838 Y27.067 E450.02356
G1 X111.67 Y27.266 E450.03222
G1 X111.556 Y27.494 E450.0407
G1 X111.492 Y27.767 E450.05003
G1 X111.492 Y28.025 E450.05861
G1 X111.556 Y28.298 E450.06793
G1 X111.669 Y28.524 E450.07634
G1 X111.838 Y28.722 E450.085
G1 X112.052 Y28.883 E450.0939
G1 X112.307 Y28.992 E450.10313
G1 X112.556 Y29.038 E450.11155
G1 X112.825 Y29.021 E450.12051
G1 X113.081 Y28.943 E450.12941
G0 F15000 X113.241 Y29.313
G1 F600 X113.551 Y29.134 E450.14132
G1 X113.809 Y28.891 E450.15311
G1 X114.007 Y28.59 E450.16509
G1 X114.126 Y28.252 E450.17701
G1 X114.169 Y27.896 E450.18894
G1 X114.126 Y27.54 E450.20086
G1 X114.007 Y27.201 E450.21281
G1 X113.809 Y26.897 E450.22488
G1 X113.556 Y26.661 E450.23639
G1 X113.236 Y26.475 E450.2487
G1 X112.898 Y26.375 E450.26042
G1 X112.532 Y26.352 E450.27262
G1 X112.191 Y26.415 E450.28415
G1 X111.849 Y26.561 E450.29652
G1 X111.562 Y26.773 E450.30839
G1 X111.334 Y27.045 E450.32019
G1 X111.177 Y27.357 E450.33181
G1 X111.092 Y27.721 E450.34424
G1 X111.092 Y28.071 E450.35588
G1 X111.177 Y28.435 E450.36831
G1 X111.333 Y28.746 E450.37989
G1 X111.562 Y29.016 E450.39166
G1 X111.851 Y29.232 E450.40366
G1 X112.191 Y29.377 E450.41596
G1 X112.532 Y29.44 E450.42749
G1 X112.896 Y29.417 E450.43962
G1 X113.241 Y29.313 E450.45161
G0 F15000 X113.4 Y29.683
;TYPE:WALL-OUTER
G1 F600 X113.791 Y29.458 E450.46661
G1 X114.117 Y29.15 E450.48153
G1 X114.367 Y28.77 E450.49666
G1 X114.519 Y28.345 E450.51167
G1 X114.573 Y27.896 E450.52671
G1 X114.519 Y27.447 E450.54175
G1 X114.367 Y27.022 E450.55676
G1 X114.117 Y26.638 E450.572
G1 X113.796 Y26.338 E450.58662
G1 X113.396 Y26.105 E450.60201
G1 X112.968 Y25.979 E450.61685
G1 X112.508 Y25.95 E450.63218
G1 X112.075 Y26.029 E450.64682
G1 X111.649 Y26.211 E450.66223
G1 X111.286 Y26.479 E450.67724
G1 X110.997 Y26.823 E450.69218
G1 X110.798 Y27.221 E450.70698
G1 X110.692 Y27.675 E450.72249
G1 X110.692 Y28.117 E450.73719
G1 X110.798 Y28.571 E450.75269
G1 X110.997 Y28.968 E450.76746
G1 X111.286 Y29.309 E450.78233
G1 X111.649 Y29.581 E450.79742
G1 X112.075 Y29.763 E450.81283
G1 X112.508 Y29.842 E450.82746
G1 X112.968 Y29.813 E450.84279
G1 X113.4 Y29.683 E450.8578
G0 F15000 X113.284 Y28.726
;TYPE:FILL
G1 F600 X111.808 Y27.249 E450.92725
G0 F15000 X111.603 Y28.046
G1 F600 X113.598 Y27.511 E450.99595
G0 F15000 X113.017 Y26.912
G1 F600 X112.475 Y28.934 E451.06557
G0 F15000 X112.496 Y28.814
;MESH:NONMESH
G0 F300 X112.496 Y28.814 Z17
G0 F15000 X113.081 Y28.943
;TIME_ELAPSED:1005.638269
;LAYER:84
;note -- min layer time used
;TYPE:WALL-INNER
;MESH:WheelAdapter_v8.stl
G1 F600 X113.311 Y28.811 E451.07439
G1 X113.5 Y28.632 E451.08305
G1 X113.646 Y28.41 E451.09189
G1 X113.733 Y28.159 E451.10073
G1 X113.765 Y27.896 E451.10954
G1 X113.733 Y27.633 E451.11835
G1 X113.646 Y27.38 E451.12725
G1 X113.5 Y27.156 E451.13614
G1 X113.316 Y26.984 E451.14452
G1 X113.076 Y26.845 E451.15374
G1 X112.828 Y26.772 E451.16234
G1 X112.556 Y26.755 E451.17141
G1 X112.307 Y26.8 E451.17982
G1 X112.049 Y26.91 E451.18915
G1 X111.838 Y27.067 E451.1979
G1 X111.67 Y27.266 E451.20656
G1 X111.556 Y27.494 E451.21504
G1 X111.492 Y27.767 E451.22436
G1 X111.492 Y28.025 E451.23295
G1 X111.556 Y28.298 E451.24227
G1 X111.669 Y28.524 E451.25068
G1 X111.838 Y28.722 E451.25933
G1 X112.052 Y28.883 E451.26824
G1 X112.307 Y28.992 E451.27746
G1 X112.556 Y29.038 E451.28589
G1 X112.825 Y29.021 E451.29485
G1 X113.081 Y28.943 E451.30375
G0 F15000 X113.241 Y29.313
G1 F600 X113.551 Y29.134 E451.31566
G1 X113.809 Y28.891 E451.32745
G1 X114.007 Y28.59 E451.33943
G1 X114.126 Y28.252 E451.35135
G1 X114.169 Y27.896 E451.36327
G1 X114.126 Y27.54 E451.3752
G1 X114.007 Y27.201 E451.38715
G1 X113.809 Y26.897 E451.39922
G1 X113.556 Y26.661 E451.41072
G1 X113.236 Y26.475 E451.42304
G1 X112.898 Y26.375 E451.43476
G1 X112.532 Y26.352 E451.44696
G1 X112.191 Y26.415 E451.45849
G1 X111.849 Y26.561 E451.47086
G1 X111.562 Y26.773 E451.48273
G1 X111.334 Y27.045 E451.49453
G1 X111.177 Y27.357 E451.50615
G1 X111.092 Y27.721 E451.51858
G1 X111.092 Y28.071 E451.53022
G1 X111.177 Y28.435 E451.54265
G1 X111.333 Y28.746 E451.55423
G1 X111.562 Y29.016 E451.566
G1 X111.851 Y29.232 E451.578
G1 X112.191 Y29.377 E451.59029
G1 X112.532 Y29.44 E451.60183
G1 X112.896 Y29.417 E451.61396
G1 X113.241 Y29.313 E451.62594
G0 F15000 X113.4 Y29.683
;TYPE:WALL-OUTER
G1 F600 X113.791 Y29.458 E451.64095
G1 X114.117 Y29.15 E451.65586
G1 X114.367 Y28.77 E451.67099
G1 X114.519 Y28.345 E451.68601
G1 X114.573 Y27.896 E451.70105
G1 X114.519 Y27.447 E451.71609
G1 X114.367 Y27.022 E451.7311
G1 X114.117 Y26.638 E451.74634
G1 X113.796 Y26.338 E451.76095
G1 X113.396 Y26.105 E451.77635
G1 X112.968 Y25.979 E451.79119
G1 X112.508 Y25.95 E451.80652
G1 X112.075 Y26.029 E451.82116
G1 X111.649 Y26.211 E451.83657
G1 X111.286 Y26.479 E451.85158
G1 X110.997 Y26.823 E451.86652
G1 X110.798 Y27.221 E451.88132
G1 X110.692 Y27.675 E451.89682
G1 X110.692 Y28.117 E451.91153
G1 X110.798 Y28.571 E451.92703
G1 X110.997 Y28.968 E451.9418
G1 X111.286 Y29.309 E451.95667
G1 X111.649 Y29.581 E451.97176
G1 X112.075 Y29.763 E451.98716
G1 X112.508 Y29.842 E452.0018
G1 X112.968 Y29.813 E452.01713
G1 X113.4 Y29.683 E452.03214
G0 F15000 X113.279 Y29.4
G0 X113.375 Y28.617
;TYPE:FILL
G1 F600 X111.887 Y27.129 E452.10213
G0 F15000 X112.877 Y26.888
G1 F600 X112.34 Y28.892 E452.17113
G0 F15000 X111.62 Y28.187
G1 F600 X113.629 Y27.649 E452.24031
G0 F15000 X113.534 Y27.682
;MESH:NONMESH
G0 F300 X113.534 Y27.682 Z17.2
G0 F15000 X113.081 Y28.943
;TIME_ELAPSED:1009.706371
;LAYER:85
;note -- min layer time used
;TYPE:WALL-INNER
;MESH:WheelAdapter_v8.stl
G1 F600 X113.311 Y28.811 E452.24913
G1 X113.5 Y28.632 E452.25779
G1 X113.646 Y28.41 E452.26662
G1 X113.733 Y28.159 E452.27546
G1 X113.765 Y27.896 E452.28427
G1 X113.733 Y27.633 E452.29308
G1 X113.646 Y27.38 E452.30198
G1 X113.5 Y27.156 E452.31087
G1 X113.316 Y26.984 E452.31925
G1 X113.076 Y26.845 E452.32848
G1 X112.828 Y26.772 E452.33707
G1 X112.556 Y26.755 E452.34614
G1 X112.307 Y26.8 E452.35456
G1 X112.049 Y26.91 E452.36388
G1 X111.838 Y27.067 E452.37263
G1 X111.67 Y27.266 E452.38129
G1 X111.556 Y27.494 E452.38977
G1 X111.492 Y27.767 E452.3991
G1 X111.492 Y28.025 E452.40768
G1 X111.556 Y28.298 E452.417
G1 X111.669 Y28.524 E452.42541
G1 X111.838 Y28.722 E452.43407
G1 X112.052 Y28.883 E452.44297
G1 X112.307 Y28.992 E452.4522
G1 X112.556 Y29.038 E452.46062
G1 X112.825 Y29.021 E452.46958
G1 X113.081 Y28.943 E452.47849
G0 F15000 X113.241 Y29.313
G1 F600 X113.551 Y29.134 E452.49039
G1 X113.809 Y28.891 E452.50218
G1 X114.007 Y28.59 E452.51416
G1 X114.126 Y28.252 E452.52608
G1 X114.169 Y27.896 E452.53801
G1 X114.126 Y27.54 E452.54993
G1 X114.007 Y27.201 E452.56188
G1 X113.809 Y26.897 E452.57395
G1 X113.556 Y26.661 E452.58546
G1 X113.236 Y26.475 E452.59777
G1 X112.898 Y26.375 E452.60949
G1 X112.532 Y26.352 E452.62169
G1 X112.191 Y26.415 E452.63322
G1 X111.849 Y26.561 E452.64559
G1 X111.562 Y26.773 E452.65746
G1 X111.334 Y27.045 E452.66926
G1 X111.177 Y27.357 E452.68088
G1 X111.092 Y27.721 E452.69331
G1 X111.092 Y28.071 E452.70495
G1 X111.177 Y28.435 E452.71739
G1 X111.333 Y28.746 E452.72896
G1 X111.562 Y29.016 E452.74073
G1 X111.851 Y29.232 E452.75273
G1 X112.191 Y29.377 E452.76503
G1 X112.532 Y29.44 E452.77656
G1 X112.896 Y29.417 E452.78869
G1 X113.241 Y29.313 E452.80068
G0 F15000 X113.4 Y29.683
;TYPE:WALL-OUTER
G1 F600 X113.791 Y29.458 E452.81568
G1 X114.117 Y29.15 E452.8306
G1 X114.367 Y28.77 E452.84573
G1 X114.519 Y28.345 E452.86074
G1 X114.573 Y27.896 E452.87578
G1 X114.519 Y27.447 E452.89082
G1 X114.367 Y27.022 E452.90583
G1 X114.117 Y26.638 E452.92107
G1 X113.796 Y26.338 E452.93569
G1 X113.396 Y26.105 E452.95108
G1 X112.968 Y25.979 E452.96592
G1 X112.508 Y25.95 E452.98125
G1 X112.075 Y26.029 E452.99589
G1 X111.649 Y26.211 E453.0113
G1 X111.286 Y26.479 E453.02631
G1 X110.997 Y26.823 E453.04125
G1 X110.798 Y27.221 E453.05605
G1 X110.692 Y27.675 E453.07156
G1 X110.692 Y28.117 E453.08626
G1 X110.798 Y28.571 E453.10177
G1 X110.997 Y28.968 E453.11654
G1 X111.286 Y29.309 E453.1314
G1 X111.649 Y29.581 E453.14649
G1 X112.075 Y29.763 E453.1619
G1 X112.508 Y29.842 E453.17654
G1 X112.968 Y29.813 E453.19187
G1 X113.4 Y29.683 E453.20687
G0 F15000 X113.279 Y29.4
G0 X113.467 Y28.508
;TYPE:FILL
G1 F600 X112.003 Y27.044 E453.27573
G0 F15000 X112.737 Y26.864
G1 F600 X112.204 Y28.851 E453.34416
G0 F15000 X111.657 Y28.324
G1 F600 X113.661 Y27.787 E453.41316
G0 F15000 X113.548 Y27.798
;MESH:NONMESH
G0 F300 X113.548 Y27.798 Z17.4
G0 F15000 X113.081 Y28.943
;TIME_ELAPSED:1013.749721
;LAYER:86
;note -- min layer time used
;TYPE:WALL-INNER
;MESH:WheelAdapter_v8.stl
G1 F600 X113.311 Y28.811 E453.42198
G1 X113.5 Y28.632 E453.43064
G1 X113.646 Y28.41 E453.43948
G1 X113.733 Y28.159 E453.44831
G1 X113.765 Y27.896 E453.45713
G1 X113.733 Y27.633 E453.46594
G1 X113.646 Y27.38 E453.47484
G1 X113.5 Y27.156 E453.48373
G1 X113.316 Y26.984 E453.49211
G1 X113.076 Y26.845 E453.50133
G1 X112.828 Y26.772 E453.50993
G1 X112.556 Y26.755 E453.51899
G1 X112.307 Y26.8 E453.52741
G1 X112.049 Y26.91 E453.53674
G1 X111.838 Y27.067 E453.54549
G1 X111.67 Y27.266 E453.55415
G1 X111.556 Y27.494 E453.56263
G1 X111.492 Y27.767 E453.57195
G1 X111.492 Y28.025 E453.58053
G1 X111.556 Y28.298 E453.58986
G1 X111.669 Y28.524 E453.59826
G1 X111.838 Y28.722 E453.60692
G1 X112.052 Y28.883 E453.61583
G1 X112.307 Y28.992 E453.62505
G1 X112.556 Y29.038 E453.63347
G1 X112.825 Y29.021 E453.64244
G1 X113.081 Y28.943 E453.65134
G0 F15000 X113.241 Y29.313
G1 F600 X113.551 Y29.134 E453.66325
G1 X113.809 Y28.891 E453.67503
G1 X114.007 Y28.59 E453.68702
G1 X114.126 Y28.252 E453.69894
G1 X114.169 Y27.896 E453.71086
G1 X114.126 Y27.54 E453.72279
G1 X114.007 Y27.201 E453.73474
G1 X113.809 Y26.897 E453.74681
G1 X113.556 Y26.661 E453.75831
G1 X113.236 Y26.475 E453.77062
G1 X112.898 Y26.375 E453.78235
G1 X112.532 Y26.352 E453.79454
G1 X112.191 Y26.415 E453.80608
G1 X111.849 Y26.561 E453.81845
G1 X111.562 Y26.773 E453.83031
G1 X111.334 Y27.045 E453.84212
G1 X111.177 Y27.357 E453.85374
G1 X111.092 Y27.721 E453.86617
G1 X111.092 Y28.071 E453.87781
G1 X111.177 Y28.435 E453.89024
G1 X111.333 Y28.746 E453.90181
G1 X111.562 Y29.016 E453.91359
G1 X111.851 Y29.232 E453.92559
G1 X112.191 Y29.377 E453.93788
G1 X112.532 Y29.44 E453.94942
G1 X112.896 Y29.417 E453.96155
G1 X113.241 Y29.313 E453.97353
G0 F15000 X113.4 Y29.683
;TYPE:WALL-OUTER
G1 F600 X113.791 Y29.458 E453.98854
G1 X114.117 Y29.15 E454.00345
G1 X114.367 Y28.77 E454.01858
G1 X114.519 Y28.345 E454.03359
G1 X114.573 Y27.896 E454.04864
G1 X114.519 Y27.447 E454.06368
G1 X114.367 Y27.022 E454.07869
G1 X114.117 Y26.638 E454.09393
G1 X113.796 Y26.338 E454.10854
G1 X113.396 Y26.105 E454.12394
G1 X112.968 Y25.979 E454.13878
G1 X112.508 Y25.95 E454.15411
G1 X112.075 Y26.029 E454.16875
G1 X111.649 Y26.211 E454.18416
G1 X111.286 Y26.479 E454.19916
G1 X110.997 Y26.823 E454.21411
G1 X110.798 Y27.221 E454.22891
G1 X110.692 Y27.675 E454.24441
G1 X110.692 Y28.117 E454.25911
G1 X110.798 Y28.571 E454.27462
G1 X110.997 Y28.968 E454.28939
G1 X111.286 Y29.309 E454.30426
G1 X111.649 Y29.581 E454.31934
G1 X112.075 Y29.763 E454.33475
G1 X112.508 Y29.842 E454.34939
G1 X112.968 Y29.813 E454.36472
G1 X113.4 Y29.683 E454.37973
G0 F15000 X113.279 Y29.4
G0 X113.557 Y28.399
;TYPE:FILL
G1 F600 X112.125 Y26.966 E454.44711
G0 F15000 X112.597 Y26.839
G1 F600 X112.072 Y28.798 E454.51456
G0 F15000 X111.722 Y28.453
G1 F600 X113.678 Y27.929 E454.58191
G0 F15000 X113.558 Y27.915
;MESH:NONMESH
G0 F300 X113.558 Y27.915 Z17.6
G0 F15000 X113.081 Y28.943
;TIME_ELAPSED:1017.755515
;LAYER:87
;note -- min layer time used
;TYPE:WALL-INNER
;MESH:WheelAdapter_v8.stl
G1 F600 X113.311 Y28.811 E454.59073
G1 X113.5 Y28.632 E454.59939
G1 X113.646 Y28.41 E454.60823
G1 X113.733 Y28.159 E454.61706
G1 X113.765 Y27.896 E454.62588
G1 X113.733 Y27.633 E454.63469
G1 X113.646 Y27.38 E454.64359
G1 X113.5 Y27.156 E454.65248
G1 X113.316 Y26.984 E454.66086
G1 X113.076 Y26.845 E454.67008
G1 X112.828 Y26.772 E454.67868
G1 X112.556 Y26.755 E454.68774
G1 X112.307 Y26.8 E454.69616
G1 X112.049 Y26.91 E454.70549
G1 X111.838 Y27.067 E454.71424
G1 X111.67 Y27.266 E454.7229
G1 X111.556 Y27.494 E454.73138
G1 X111.492 Y27.767 E454.7407
G1 X111.492 Y28.025 E454.74928
G1 X111.556 Y28.298 E454.75861
G1 X111.669 Y28.524 E454.76701
G1 X111.838 Y28.722 E454.77567
G1 X112.052 Y28.883 E454.78458
G1 X112.307 Y28.992 E454.7938
G1 X112.556 Y29.038 E454.80223
G1 X112.825 Y29.021 E454.81119
G1 X113.081 Y28.943 E454.82009
G0 F15000 X113.241 Y29.313
G1 F600 X113.551 Y29.134 E454.832
G1 X113.809 Y28.891 E454.84379
G1 X114.007 Y28.59 E454.85577
G1 X114.126 Y28.252 E454.86769
G1 X114.169 Y27.896 E454.87961
G1 X114.126 Y27.54 E454.89154
G1 X114.007 Y27.201 E454.90349
G1 X113.809 Y26.897 E454.91556
G1 X113.556 Y26.661 E454.92706
G1 X113.236 Y26.475 E454.93937
G1 X112.898 Y26.375 E454.9511
G1 X112.532 Y26.352 E454.9633
G1 X112.191 Y26.415 E454.97483
G1 X111.849 Y26.561 E454.9872
G1 X111.562 Y26.773 E454.99906
G1 X111.334 Y27.045 E455.01087
G1 X111.177 Y27.357 E455.02249
G1 X111.092 Y27.721 E455.03492
G1 X111.092 Y28.071 E455.04656
G1 X111.177 Y28.435 E455.05899
G1 X111.333 Y28.746 E455.07056
G1 X111.562 Y29.016 E455.08234
G1 X111.851 Y29.232 E455.09434
G1 X112.191 Y29.377 E455.10663
G1 X112.532 Y29.44 E455.11817
G1 X112.896 Y29.417 E455.1303
G1 X113.241 Y29.313 E455.14228
G0 F15000 X113.4 Y29.683
;TYPE:WALL-OUTER
G1 F600 X113.791 Y29.458 E455.15729
G1 X114.117 Y29.15 E455.1722
G1 X114.367 Y28.77 E455.18733
G1 X114.519 Y28.345 E455.20235
G1 X114.573 Y27.896 E455.21739
G1 X114.519 Y27.447 E455.23243
G1 X114.367 Y27.022 E455.24744
G1 X114.117 Y26.638 E455.26268
G1 X113.796 Y26.338 E455.27729
G1 X113.396 Y26.105 E455.29269
G1 X112.968 Y25.979 E455.30753
G1 X112.508 Y25.95 E455.32286
G1 X112.075 Y26.029 E455.3375
G1 X111.649 Y26.211 E455.35291
G1 X111.286 Y26.479 E455.36791
G1 X110.997 Y26.823 E455.38286
G1 X110.798 Y27.221 E455.39766
G1 X110.692 Y27.675 E455.41316
G1 X110.692 Y28.117 E455.42786
G1 X110.798 Y28.571 E455.44337
G1 X110.997 Y28.968 E455.45814
G1 X111.286 Y29.309 E455.47301
G1 X111.649 Y29.581 E455.4881
G1 X112.075 Y29.763 E455.5035
G1 X112.508 Y29.842 E455.51814
G1 X112.968 Y29.813 E455.53347
G1 X113.4 Y29.683 E455.54848
G0 F15000 X113.279 Y29.4
G0 X113.607 Y28.248
;TYPE:FILL
G1 F600 X112.279 Y26.92 E455.61094
G1 X112.442 Y26.869
G1 X111.955 Y28.688 E455.67357
G1 X111.829 Y28.571
G1 X113.642 Y28.085 E455.736
G0 F15000 X113.54 Y28.073
;MESH:NONMESH
G0 F300 X113.54 Y28.073 Z17.8
G0 F15000 X113.081 Y28.943
;TIME_ELAPSED:1021.649172
;LAYER:88
;note -- min layer time used
;TYPE:WALL-INNER
;MESH:WheelAdapter_v8.stl
G1 F600 X113.311 Y28.811 E455.74482
G1 X113.5 Y28.632 E455.75348
G1 X113.646 Y28.41 E455.76232
G1 X113.733 Y28.159 E455.77115
G1 X113.765 Y27.896 E455.77997
G1 X113.733 Y27.633 E455.78878
G1 X113.646 Y27.38 E455.79768
G1 X113.5 Y27.156 E455.80657
G1 X113.316 Y26.984 E455.81495
G1 X113.076 Y26.845 E455.82417
G1 X112.828 Y26.772 E455.83277
G1 X112.556 Y26.755 E455.84183
G1 X112.307 Y26.8 E455.85025
G1 X112.049 Y26.91 E455.85958
G1 X111.838 Y27.067 E455.86833
G1 X111.67 Y27.266 E455.87699
G1 X111.556 Y27.494 E455.88547
G1 X111.492 Y27.767 E455.89479
G1 X111.492 Y28.025 E455.90337
G1 X111.556 Y28.298 E455.9127
G1 X111.669 Y28.524 E455.9211
G1 X111.838 Y28.722 E455.92976
G1 X112.052 Y28.883 E455.93867
G1 X112.307 Y28.992 E455.94789
G1 X112.556 Y29.038 E455.95631
G1 X112.825 Y29.021 E455.96528
G1 X113.081 Y28.943 E455.97418
G0 F15000 X113.241 Y29.313
G1 F600 X113.551 Y29.134 E455.98609
G1 X113.809 Y28.891 E455.99787
G1 X114.007 Y28.59 E456.00986
G1 X114.126 Y28.252 E456.02178
G1 X114.169 Y27.896 E456.0337
G1 X114.126 Y27.54 E456.04563
G1 X114.007 Y27.201 E456.05758
G1 X113.809 Y26.897 E456.06965
G1 X113.556 Y26.661 E456.08115
G1 X113.236 Y26.475 E456.09346
G1 X112.898 Y26.375 E456.10519
G1 X112.532 Y26.352 E456.11738
G1 X112.191 Y26.415 E456.12892
G1 X111.849 Y26.561 E456.14129
G1 X111.562 Y26.773 E456.15315
G1 X111.334 Y27.045 E456.16496
G1 X111.177 Y27.357 E456.17658
G1 X111.092 Y27.721 E456.18901
G1 X111.092 Y28.071 E456.20065
G1 X111.177 Y28.435 E456.21308
G1 X111.333 Y28.746 E456.22465
G1 X111.562 Y29.016 E456.23643
G1 X111.851 Y29.232 E456.24843
G1 X112.191 Y29.377 E456.26072
G1 X112.532 Y29.44 E456.27226
G1 X112.896 Y29.417 E456.28439
G1 X113.241 Y29.313 E456.29637
G0 F15000 X113.4 Y29.683
;TYPE:WALL-OUTER
G1 F600 X113.791 Y29.458 E456.31138
G1 X114.117 Y29.15 E456.32629
G1 X114.367 Y28.77 E456.34142
G1 X114.519 Y28.345 E456.35643
G1 X114.573 Y27.896 E456.37148
G1 X114.519 Y27.447 E456.38652
G1 X114.367 Y27.022 E456.40153
G1 X114.117 Y26.638 E456.41677
G1 X113.796 Y26.338 E456.43138
G1 X113.396 Y26.105 E456.44678
G1 X112.968 Y25.979 E456.46162
G1 X112.508 Y25.95 E456.47695
G1 X112.075 Y26.029 E456.49159
G1 X111.649 Y26.211 E456.507
G1 X111.286 Y26.479 E456.522
G1 X110.997 Y26.823 E456.53695
G1 X110.798 Y27.221 E456.55175
G1 X110.692 Y27.675 E456.56725
G1 X110.692 Y28.117 E456.58195
G1 X110.798 Y28.571 E456.59746
G1 X110.997 Y28.968 E456.61223
G1 X111.286 Y29.309 E456.6271
G1 X111.649 Y29.581 E456.64218
G1 X112.075 Y29.763 E456.65759
G1 X112.508 Y29.842 E456.67223
G1 X112.968 Y29.813 E456.68756
G1 X113.4 Y29.683 E456.70257
G0 F15000 X113.279 Y29.4
G0 X113.607 Y28.241
;TYPE:FILL
G1 F600 X111.95 Y28.685 E456.75962
G1 X111.838 Y28.579
G1 X112.283 Y26.917 E456.81685
G1 X112.431 Y26.873
G1 X113.643 Y28.085 E456.87386
G0 F15000 X113.54 Y28.073
;MESH:NONMESH
G0 F300 X113.54 Y28.073 Z18
G0 F15000 X113.081 Y28.943
;TIME_ELAPSED:1025.476712
;LAYER:89
;note -- min layer time used
;TYPE:WALL-INNER
;MESH:WheelAdapter_v8.stl
G1 F600 X113.311 Y28.811 E456.88268
G1 X113.5 Y28.632 E456.89134
G1 X113.646 Y28.41 E456.90017
G1 X113.733 Y28.159 E456.90901
G1 X113.765 Y27.896 E456.91782
G1 X113.733 Y27.633 E456.92663
G1 X113.646 Y27.38 E456.93553
G1 X113.5 Y27.156 E456.94442
G1 X113.316 Y26.984 E456.9528
G1 X113.076 Y26.845 E456.96203
G1 X112.828 Y26.772 E456.97062
G1 X112.556 Y26.755 E456.97969
G1 X112.307 Y26.8 E456.9881
G1 X112.049 Y26.91 E456.99743
G1 X111.838 Y27.067 E457.00618
G1 X111.67 Y27.266 E457.01484
G1 X111.556 Y27.494 E457.02332
G1 X111.492 Y27.767 E457.03265
G1 X111.492 Y28.025 E457.04123
G1 X111.556 Y28.298 E457.05055
G1 X111.669 Y28.524 E457.05896
G1 X111.838 Y28.722 E457.06762
G1 X112.052 Y28.883 E457.07652
G1 X112.307 Y28.992 E457.08575
G1 X112.556 Y29.038 E457.09417
G1 X112.825 Y29.021 E457.10313
G1 X113.081 Y28.943 E457.11203
G0 F15000 X113.241 Y29.313
G1 F600 X113.551 Y29.134 E457.12394
G1 X113.809 Y28.891 E457.13573
G1 X114.007 Y28.59 E457.14771
G1 X114.126 Y28.252 E457.15963
G1 X114.169 Y27.896 E457.17156
G1 X114.126 Y27.54 E457.18348
G1 X114.007 Y27.201 E457.19543
G1 X113.809 Y26.897 E457.2075
G1 X113.556 Y26.661 E457.21901
G1 X113.236 Y26.475 E457.23132
G1 X112.898 Y26.375 E457.24304
G1 X112.532 Y26.352 E457.25524
G1 X112.191 Y26.415 E457.26677
G1 X111.849 Y26.561 E457.27914
G1 X111.562 Y26.773 E457.29101
G1 X111.334 Y27.045 E457.30281
G1 X111.177 Y27.357 E457.31443
G1 X111.092 Y27.721 E457.32686
G1 X111.092 Y28.071 E457.3385
G1 X111.177 Y28.435 E457.35094
G1 X111.333 Y28.746 E457.36251
G1 X111.562 Y29.016 E457.37428
G1 X111.851 Y29.232 E457.38628
G1 X112.191 Y29.377 E457.39858
G1 X112.532 Y29.44 E457.41011
G1 X112.896 Y29.417 E457.42224
G1 X113.241 Y29.313 E457.43423
G0 F15000 X113.4 Y29.683
;TYPE:WALL-OUTER
G1 F600 X113.791 Y29.458 E457.44923
G1 X114.117 Y29.15 E457.46415
G1 X114.367 Y28.77 E457.47928
G1 X114.519 Y28.345 E457.49429
G1 X114.573 Y27.896 E457.50933
G1 X114.519 Y27.447 E457.52437
G1 X114.367 Y27.022 E457.53938
G1 X114.117 Y26.638 E457.55462
G1 X113.796 Y26.338 E457.56924
G1 X113.396 Y26.105 E457.58463
G1 X112.968 Y25.979 E457.59947
G1 X112.508 Y25.95 E457.6148
G1 X112.075 Y26.029 E457.62944
G1 X111.649 Y26.211 E457.64485
G1 X111.286 Y26.479 E457.65986
G1 X110.997 Y26.823 E457.6748
G1 X110.798 Y27.221 E457.6896
G1 X110.692 Y27.675 E457.70511
G1 X110.692 Y28.117 E457.71981
G1 X110.798 Y28.571 E457.73531
G1 X110.997 Y28.968 E457.75008
G1 X111.286 Y29.309 E457.76495
G1 X111.649 Y29.581 E457.78004
G1 X112.075 Y29.763 E457.79545
G1 X112.508 Y29.842 E457.81009
G1 X112.968 Y29.813 E457.82542
G1 X113.4 Y29.683 E457.84042
G0 F15000 X113.279 Y29.4
G0 X113.555 Y28.401
;TYPE:FILL
G1 F600 X112.071 Y28.798 E457.89151
G0 F15000 X111.725 Y28.457
G1 F600 X112.124 Y26.967 E457.94282
G0 F15000 X112.598 Y26.84
G1 F600 X113.681 Y27.923 E457.99376
G0 F15000 X113.559 Y27.908
;MESH:NONMESH
G0 F300 X113.559 Y27.908 Z18.2
G0 F15000 X113.081 Y28.943
;TIME_ELAPSED:1029.335356
;LAYER:90
;note -- min layer time used
;TYPE:WALL-INNER
;MESH:WheelAdapter_v8.stl
G1 F600 X113.311 Y28.811 E458.00258
G1 X113.5 Y28.632 E458.01124
G1 X113.646 Y28.41 E458.02007
G1 X113.733 Y28.159 E458.02891
G1 X113.765 Y27.896 E458.03772
G1 X113.733 Y27.633 E458.04653
G1 X113.646 Y27.38 E458.05543
G1 X113.5 Y27.156 E458.06433
G1 X113.316 Y26.984 E458.0727
G1 X113.076 Y26.845 E458.08193
G1 X112.828 Y26.772 E458.09053
G1 X112.556 Y26.755 E458.09959
G1 X112.307 Y26.8 E458.10801
G1 X112.049 Y26.91 E458.11733
G1 X111.838 Y27.067 E458.12608
G1 X111.67 Y27.266 E458.13474
G1 X111.556 Y27.494 E458.14322
G1 X111.492 Y27.767 E458.15255
G1 X111.492 Y28.025 E458.16113
G1 X111.556 Y28.298 E458.17046
G1 X111.669 Y28.524 E458.17886
G1 X111.838 Y28.722 E458.18752
G1 X112.052 Y28.883 E458.19643
G1 X112.307 Y28.992 E458.20565
G1 X112.556 Y29.038 E458.21407
G1 X112.825 Y29.021 E458.22304
G1 X113.081 Y28.943 E458.23194
G0 F15000 X113.241 Y29.313
G1 F600 X113.551 Y29.134 E458.24384
G1 X113.809 Y28.891 E458.25563
G1 X114.007 Y28.59 E458.26761
G1 X114.126 Y28.252 E458.27953
G1 X114.169 Y27.896 E458.29146
G1 X114.126 Y27.54 E458.30339
G1 X114.007 Y27.201 E458.31534
G1 X113.809 Y26.897 E458.3274
G1 X113.556 Y26.661 E458.33891
G1 X113.236 Y26.475 E458.35122
G1 X112.898 Y26.375 E458.36294
G1 X112.532 Y26.352 E458.37514
G1 X112.191 Y26.415 E458.38667
G1 X111.849 Y26.561 E458.39904
G1 X111.562 Y26.773 E458.41091
G1 X111.334 Y27.045 E458.42271
G1 X111.177 Y27.357 E458.43433
G1 X111.092 Y27.721 E458.44676
G1 X111.092 Y28.071 E458.45841
G1 X111.177 Y28.435 E458.47084
G1 X111.333 Y28.746 E458.48241
G1 X111.562 Y29.016 E458.49419
G1 X111.851 Y29.232 E458.50619
G1 X112.191 Y29.377 E458.51848
G1 X112.532 Y29.44 E458.53001
G1 X112.896 Y29.417 E458.54214
G1 X113.241 Y29.313 E458.55413
G0 F15000 X113.4 Y29.683
;TYPE:WALL-OUTER
G1 F600 X113.791 Y29.458 E458.56913
G1 X114.117 Y29.15 E458.58405
G1 X114.367 Y28.77 E458.59918
G1 X114.519 Y28.345 E458.61419
G1 X114.573 Y27.896 E458.62923
G1 X114.519 Y27.447 E458.64427
G1 X114.367 Y27.022 E458.65929
G1 X114.117 Y26.638 E458.67453
G1 X113.796 Y26.338 E458.68914
G1 X113.396 Y26.105 E458.70454
G1 X112.968 Y25.979 E458.71938
G1 X112.508 Y25.95 E458.73471
G1 X112.075 Y26.029 E458.74934
G1 X111.649 Y26.211 E458.76475
G1 X111.286 Y26.479 E458.77976
G1 X110.997 Y26.823 E458.7947
G1 X110.798 Y27.221 E458.8095
G1 X110.692 Y27.675 E458.82501
G1 X110.692 Y28.117 E458.83971
G1 X110.798 Y28.571 E458.85522
G1 X110.997 Y28.968 E458.86999
G1 X111.286 Y29.309 E458.88485
G1 X111.649 Y29.581 E458.89994
G1 X112.075 Y29.763 E458.91535
G1 X112.508 Y29.842 E458.92999
G1 X112.968 Y29.813 E458.94532
G1 X113.4 Y29.683 E458.96032
G0 F15000 X113.279 Y29.4
G0 X113.397 Y28.59
;TYPE:FILL
G1 F600 X112.306 Y28.882 E458.99789
G1 X112.4 Y28.785
G1 X112.4 Y27.008 E459.05699
G0 F15000 X112.8 Y26.997
G1 F600 X112.8 Y28.75 E459.11529
G0 F15000 X112 Y28.565
G1 F600 X112 Y27.195 E459.16086
G1 X111.945 Y27.085
G1 X111.629 Y28.266 E459.20152
G0 F15000 X112.841 Y26.882
G1 F600 X113.636 Y27.678 E459.23894
G0 F15000 X113.535 Y27.688
;MESH:NONMESH
G0 F300 X113.535 Y27.688 Z18.4
G0 F15000 X113.081 Y28.943
;TIME_ELAPSED:1033.724990
;LAYER:91
;note -- min layer time used
;TYPE:WALL-INNER
;MESH:WheelAdapter_v8.stl
G1 F600 X113.311 Y28.811 E459.24776
G1 X113.5 Y28.632 E459.25642
G1 X113.646 Y28.41 E459.26526
G1 X113.733 Y28.159 E459.27409
G1 X113.765 Y27.896 E459.2829
G1 X113.733 Y27.633 E459.29172
G1 X113.646 Y27.38 E459.30061
G1 X113.5 Y27.156 E459.30951
G1 X113.316 Y26.984 E459.31789
G1 X113.076 Y26.845 E459.32711
G1 X112.828 Y26.772 E459.33571
G1 X112.556 Y26.755 E459.34477
G1 X112.307 Y26.8 E459.35319
G1 X112.049 Y26.91 E459.36252
G1 X111.838 Y27.067 E459.37126
G1 X111.67 Y27.266 E459.37993
G1 X111.556 Y27.494 E459.3884
G1 X111.492 Y27.767 E459.39773
G1 X111.492 Y28.025 E459.40631
G1 X111.556 Y28.298 E459.41564
G1 X111.669 Y28.524 E459.42404
G1 X111.838 Y28.722 E459.4327
G1 X112.052 Y28.883 E459.44161
G1 X112.307 Y28.992 E459.45083
G1 X112.556 Y29.038 E459.45925
G1 X112.825 Y29.021 E459.46822
G1 X113.081 Y28.943 E459.47712
G0 F15000 X113.241 Y29.313
G1 F600 X113.551 Y29.134 E459.48903
G1 X113.809 Y28.891 E459.50081
G1 X114.007 Y28.59 E459.5128
G1 X114.126 Y28.252 E459.52471
G1 X114.169 Y27.896 E459.53664
G1 X114.126 Y27.54 E459.54857
G1 X114.007 Y27.201 E459.56052
G1 X113.809 Y26.897 E459.57258
G1 X113.556 Y26.661 E459.58409
G1 X113.236 Y26.475 E459.5964
G1 X112.898 Y26.375 E459.60813
G1 X112.532 Y26.352 E459.62032
G1 X112.191 Y26.415 E459.63186
G1 X111.849 Y26.561 E459.64422
G1 X111.562 Y26.773 E459.65609
G1 X111.334 Y27.045 E459.6679
G1 X111.177 Y27.357 E459.67951
G1 X111.092 Y27.721 E459.69195
G1 X111.092 Y28.071 E459.70359
G1 X111.177 Y28.435 E459.71602
G1 X111.333 Y28.746 E459.72759
G1 X111.562 Y29.016 E459.73937
G1 X111.851 Y29.232 E459.75137
G1 X112.191 Y29.377 E459.76366
G1 X112.532 Y29.44 E459.7752
G1 X112.896 Y29.417 E459.78733
G1 X113.241 Y29.313 E459.79931
G0 F15000 X113.4 Y29.683
;TYPE:WALL-OUTER
G1 F600 X113.791 Y29.458 E459.81432
G1 X114.117 Y29.15 E459.82923
G1 X114.367 Y28.77 E459.84436
G1 X114.519 Y28.345 E459.85937
G1 X114.573 Y27.896 E459.87441
G1 X114.519 Y27.447 E459.88946
G1 X114.367 Y27.022 E459.90447
G1 X114.117 Y26.638 E459.91971
G1 X113.796 Y26.338 E459.93432
G1 X113.396 Y26.105 E459.94972
G1 X112.968 Y25.979 E459.96456
G1 X112.508 Y25.95 E459.97989
G1 X112.075 Y26.029 E459.99453
G1 X111.649 Y26.211 E460.00993
G1 X111.286 Y26.479 E460.02494
G1 X110.997 Y26.823 E460.03989
G1 X110.798 Y27.221 E460.05469
G1 X110.692 Y27.675 E460.07019
G1 X110.692 Y28.117 E460.08489
G1 X110.798 Y28.571 E460.1004
G1 X110.997 Y28.968 E460.11517
G1 X111.286 Y29.309 E460.13004
G1 X111.649 Y29.581 E460.14512
G1 X112.075 Y29.763 E460.16053
G1 X112.508 Y29.842 E460.17517
G1 X112.968 Y29.813 E460.1905
G1 X113.4 Y29.683 E460.2055
G0 F15000 X113.279 Y29.4
G0 X113.191 Y28.757
G0 X113.088 Y28.515
;TYPE:SKIN
G1 F600 X112.748 Y28.662 E460.21783
G1 X112.584 Y28.673 E460.22329
G1 X112.232 Y28.566 E460.23553
G1 X111.963 Y28.31 E460.24788
G1 X111.899 Y28.184 E460.25258
G1 X111.852 Y27.798 E460.26551
G1 X111.894 Y27.63 E460.27127
G1 X112.093 Y27.324 E460.28341
G1 X112.22 Y27.23 E460.28867
G1 X112.576 Y27.124 E460.30102
G1 X112.931 Y27.182 E460.31299
G1 X113.228 Y27.4 E460.32524
G1 X113.313 Y27.532 E460.33046
G1 X113.396 Y27.898 E460.34294
G1 X113.316 Y28.243 E460.35472
G1 X113.088 Y28.515 E460.36653
G0 F15000 X112.436 Y28.42
G1 F600 X113.147 Y27.709 E460.39997
G0 F15000 X112.89 Y27.4
G1 F600 X112.112 Y28.177 E460.43654
G0 F15000 X112.204 Y27.521
G1 F600 X112.314 Y27.41 E460.44174
G0 F15000 X112.25 Y27.051
;MESH:NONMESH
G0 F300 X112.25 Y27.051 Z18.6
G0 F15000 X112.222 Y26.958
G0 X112.566 Y26.917
G0 X113.012 Y26.994
G0 X113.375 Y27.259
G0 X113.603 Y27.896
G0 X113.52 Y28.253
G0 X113.081 Y28.943
;TIME_ELAPSED:1038.013127
;LAYER:92
;note -- min layer time used
;TYPE:WALL-INNER
;MESH:WheelAdapter_v8.stl
G1 F600 X113.311 Y28.811 E460.45056
G1 X113.5 Y28.632 E460.45922
G1 X113.646 Y28.41 E460.46806
G1 X113.733 Y28.159 E460.47689
G1 X113.765 Y27.896 E460.4857
G1 X113.733 Y27.633 E460.49452
G1 X113.646 Y27.38 E460.50341
G1 X113.5 Y27.156 E460.51231
G1 X113.316 Y26.984 E460.52068
G1 X113.076 Y26.845 E460.52991
G1 X112.828 Y26.772 E460.53851
G1 X112.556 Y26.755 E460.54757
G1 X112.307 Y26.8 E460.55599
G1 X112.049 Y26.91 E460.56532
G1 X111.838 Y27.067 E460.57406
G1 X111.67 Y27.266 E460.58273
G1 X111.556 Y27.494 E460.5912
G1 X111.492 Y27.767 E460.60053
G1 X111.492 Y28.025 E460.60911
G1 X111.556 Y28.298 E460.61844
G1 X111.669 Y28.524 E460.62684
G1 X111.838 Y28.722 E460.6355
G1 X112.052 Y28.883 E460.64441
G1 X112.307 Y28.992 E460.65363
G1 X112.556 Y29.038 E460.66205
G1 X112.825 Y29.021 E460.67102
G1 X113.081 Y28.943 E460.67992
G0 F15000 X113.241 Y29.313
G1 F600 X113.551 Y29.134 E460.69182
G1 X113.809 Y28.891 E460.70361
G1 X114.007 Y28.59 E460.7156
G1 X114.126 Y28.252 E460.72751
G1 X114.169 Y27.896 E460.73944
G1 X114.126 Y27.54 E460.75137
G1 X114.007 Y27.201 E460.76332
G1 X113.809 Y26.897 E460.77538
G1 X113.556 Y26.661 E460.78689
G1 X113.236 Y26.475 E460.7992
G1 X112.898 Y26.375 E460.81093
G1 X112.532 Y26.352 E460.82312
G1 X112.191 Y26.415 E460.83466
G1 X111.849 Y26.561 E460.84702
G1 X111.562 Y26.773 E460.85889
G1 X111.334 Y27.045 E460.8707
G1 X111.177 Y27.357 E460.88231
G1 X111.092 Y27.721 E460.89475
G1 X111.092 Y28.071 E460.90639
G1 X111.177 Y28.435 E460.91882
G1 X111.333 Y28.746 E460.93039
G1 X111.562 Y29.016 E460.94217
G1 X111.851 Y29.232 E460.95417
G1 X112.191 Y29.377 E460.96646
G1 X112.532 Y29.44 E460.97799
G1 X112.896 Y29.417 E460.99013
G1 X113.241 Y29.313 E461.00211
G0 F15000 X113.4 Y29.683
;TYPE:WALL-OUTER
G1 F600 X113.791 Y29.458 E461.01711
G1 X114.117 Y29.15 E461.03203
G1 X114.367 Y28.77 E461.04716
G1 X114.519 Y28.345 E461.06217
G1 X114.573 Y27.896 E461.07721
G1 X114.519 Y27.447 E461.09226
G1 X114.367 Y27.022 E461.10727
G1 X114.117 Y26.638 E461.12251
G1 X113.796 Y26.338 E461.13712
G1 X113.396 Y26.105 E461.15252
G1 X112.968 Y25.979 E461.16736
G1 X112.508 Y25.95 E461.18269
G1 X112.075 Y26.029 E461.19733
G1 X111.649 Y26.211 E461.21273
G1 X111.286 Y26.479 E461.22774
G1 X110.997 Y26.823 E461.24268
G1 X110.798 Y27.221 E461.25748
G1 X110.692 Y27.675 E461.27299
G1 X110.692 Y28.117 E461.28769
G1 X110.798 Y28.571 E461.3032
G1 X110.997 Y28.968 E461.31797
G1 X111.286 Y29.309 E461.33284
G1 X111.649 Y29.581 E461.34792
G1 X112.075 Y29.763 E461.36333
G1 X112.508 Y29.842 E461.37797
G1 X112.968 Y29.813 E461.3933
G1 X113.4 Y29.683 E461.4083
G0 F15000 X113.279 Y29.4
G0 X113.191 Y28.757
G0 X113.088 Y28.515
;TYPE:SKIN
G1 F600 X112.748 Y28.662 E461.42062
G1 X112.584 Y28.673 E461.42609
G1 X112.232 Y28.566 E461.43833
G1 X111.963 Y28.31 E461.45068
G1 X111.899 Y28.184 E461.45538
G1 X111.852 Y27.798 E461.46831
G1 X111.894 Y27.63 E461.47407
G1 X112.093 Y27.324 E461.48621
G1 X112.22 Y27.23 E461.49147
G1 X112.576 Y27.124 E461.50382
G1 X112.931 Y27.182 E461.51579
G1 X113.228 Y27.4 E461.52804
G1 X113.313 Y27.532 E461.53326
G1 X113.396 Y27.898 E461.54574
G1 X113.316 Y28.243 E461.55752
G1 X113.088 Y28.515 E461.56933
G0 F15000 X113.192 Y28.757
G0 X112.564 Y28.876
G0 X112.133 Y28.743
G0 X111.805 Y28.436
G0 X111.621 Y27.66
G0 X112.049 Y27.762
G1 F600 X112.736 Y28.449 E461.60164
G0 F15000 X113.074 Y28.221
G1 F600 X112.275 Y27.422 E461.63922
G0 F15000 X112.779 Y27.361
G1 F600 X113.153 Y27.735 E461.65682
G0 F15000 X113.541 Y27.696
;MESH:NONMESH
G0 F300 X113.541 Y27.696 Z18.8
G0 F15000 X113.616 Y27.68
G0 X113.512 Y28.271
G0 X113.081 Y28.943
;TIME_ELAPSED:1042.396337
;LAYER:93
;note -- min layer time used
;TYPE:WALL-INNER
;MESH:WheelAdapter_v8.stl
G1 F600 X113.311 Y28.811 E461.66564
G1 X113.5 Y28.632 E461.67429
G1 X113.646 Y28.41 E461.68313
G1 X113.733 Y28.159 E461.69197
G1 X113.765 Y27.896 E461.70078
G1 X113.733 Y27.633 E461.70959
G1 X113.646 Y27.38 E461.71849
G1 X113.5 Y27.156 E461.72738
G1 X113.316 Y26.984 E461.73576
G1 X113.076 Y26.845 E461.74498
G1 X112.828 Y26.772 E461.75358
G1 X112.556 Y26.755 E461.76265
G1 X112.307 Y26.8 E461.77106
G1 X112.049 Y26.91 E461.78039
G1 X111.838 Y27.067 E461.78914
G1 X111.67 Y27.266 E461.7978
G1 X111.556 Y27.494 E461.80628
G1 X111.492 Y27.767 E461.81561
G1 X111.492 Y28.025 E461.82419
G1 X111.556 Y28.298 E461.83351
G1 X111.669 Y28.524 E461.84192
G1 X111.838 Y28.722 E461.85058
G1 X112.052 Y28.883 E461.85948
G1 X112.307 Y28.992 E461.86871
G1 X112.556 Y29.038 E461.87713
G1 X112.825 Y29.021 E461.88609
G1 X113.081 Y28.943 E461.89499
G0 F15000 X113.241 Y29.313
G1 F600 X113.551 Y29.134 E461.9069
G1 X113.809 Y28.891 E461.91869
G1 X114.007 Y28.59 E461.93067
G1 X114.126 Y28.252 E461.94259
G1 X114.169 Y27.896 E461.95452
G1 X114.126 Y27.54 E461.96644
G1 X114.007 Y27.201 E461.97839
G1 X113.809 Y26.897 E461.99046
G1 X113.556 Y26.661 E462.00197
G1 X113.236 Y26.475 E462.01428
G1 X112.898 Y26.375 E462.026
G1 X112.532 Y26.352 E462.0382
G1 X112.191 Y26.415 E462.04973
G1 X111.849 Y26.561 E462.0621
G1 X111.562 Y26.773 E462.07397
G1 X111.334 Y27.045 E462.08577
G1 X111.177 Y27.357 E462.09739
G1 X111.092 Y27.721 E462.10982
G1 X111.092 Y28.071 E462.12146
G1 X111.177 Y28.435 E462.1339
G1 X111.333 Y28.746 E462.14547
G1 X111.562 Y29.016 E462.15724
G1 X111.851 Y29.232 E462.16924
G1 X112.191 Y29.377 E462.18154
G1 X112.532 Y29.44 E462.19307
G1 X112.896 Y29.417 E462.2052
G1 X113.241 Y29.313 E462.21719
G0 F15000 X113.4 Y29.683
;TYPE:WALL-OUTER
G1 F600 X113.791 Y29.458 E462.23219
G1 X114.117 Y29.15 E462.24711
G1 X114.367 Y28.77 E462.26224
G1 X114.519 Y28.345 E462.27725
G1 X114.573 Y27.896 E462.29229
G1 X114.519 Y27.447 E462.30733
G1 X114.367 Y27.022 E462.32234
G1 X114.117 Y26.638 E462.33758
G1 X113.796 Y26.338 E462.3522
G1 X113.396 Y26.105 E462.36759
G1 X112.968 Y25.979 E462.38243
G1 X112.508 Y25.95 E462.39776
G1 X112.075 Y26.029 E462.4124
G1 X111.649 Y26.211 E462.42781
G1 X111.286 Y26.479 E462.44282
G1 X110.997 Y26.823 E462.45776
G1 X110.798 Y27.221 E462.47256
G1 X110.692 Y27.675 E462.48807
G1 X110.692 Y28.117 E462.50277
G1 X110.798 Y28.571 E462.51827
G1 X110.997 Y28.968 E462.53304
G1 X111.286 Y29.309 E462.54791
G1 X111.649 Y29.581 E462.563
G1 X112.075 Y29.763 E462.57841
G1 X112.508 Y29.842 E462.59305
G1 X112.968 Y29.813 E462.60838
G1 X113.4 Y29.683 E462.62338
G0 F15000 X113.279 Y29.4
G0 X113.191 Y28.757
G0 X113.088 Y28.515
;TYPE:SKIN
G1 F600 X112.748 Y28.662 E462.6357
G1 X112.584 Y28.673 E462.64117
G1 X112.232 Y28.566 E462.6534
G1 X111.963 Y28.31 E462.66575
G1 X111.899 Y28.184 E462.67046
G1 X111.852 Y27.798 E462.68339
G1 X111.894 Y27.63 E462.68915
G1 X112.093 Y27.324 E462.70129
G1 X112.22 Y27.23 E462.70654
G1 X112.576 Y27.124 E462.7189
G1 X112.931 Y27.182 E462.73086
G1 X113.228 Y27.4 E462.74312
G1 X113.313 Y27.532 E462.74834
G1 X113.396 Y27.898 E462.76082
G1 X113.316 Y28.243 E462.7726
G1 X113.088 Y28.515 E462.7844
G0 F15000 X112.436 Y28.42
G1 F600 X113.147 Y27.709 E462.81785
G0 F15000 X112.89 Y27.4
G1 F600 X112.112 Y28.177 E462.85442
G0 F15000 X112.204 Y27.521
G1 F600 X112.314 Y27.41 E462.85962
G0 F15000 X112.25 Y27.051
;MESH:NONMESH
G0 F300 X112.25 Y27.051 Z19
G0 F15000 X112.222 Y26.958
G0 X112.566 Y26.917
G0 X113.012 Y26.994
G0 X113.375 Y27.259
G0 X113.603 Y27.896
G0 X113.52 Y28.253
G0 X113.081 Y28.943
;TIME_ELAPSED:1046.684475
;LAYER:94
;note -- min layer time used
;TYPE:WALL-INNER
;MESH:WheelAdapter_v8.stl
G1 F600 X113.311 Y28.811 E462.86844
G1 X113.5 Y28.632 E462.87709
G1 X113.645 Y28.411 E462.88589
G1 X113.736 Y28.157 E462.89486
G1 X113.768 Y27.894 E462.90367
G1 X113.736 Y27.632 E462.91245
G1 X113.646 Y27.38 E462.92135
G1 X113.5 Y27.156 E462.93024
G1 X113.316 Y26.984 E462.93862
G1 X113.076 Y26.845 E462.94785
G1 X112.828 Y26.772 E462.95644
G1 X112.556 Y26.755 E462.96551
G1 X112.307 Y26.8 E462.97392
G1 X112.049 Y26.91 E462.98325
G1 X111.838 Y27.067 E462.992
G1 X111.67 Y27.266 E463.00066
G1 X111.556 Y27.494 E463.00914
G1 X111.492 Y27.767 E463.01847
G1 X111.492 Y28.025 E463.02705
G1 X111.556 Y28.298 E463.03637
G1 X111.669 Y28.524 E463.04478
G1 X111.839 Y28.723 E463.05348
G1 X112.056 Y28.887 E463.06253
G1 X112.3 Y28.991 E463.07135
G1 X112.546 Y29.035 E463.07966
G1 X112.829 Y29.02 E463.08909
G1 X113.081 Y28.943 E463.09785
G0 F15000 X113.24 Y29.313
G1 F600 X113.551 Y29.134 E463.10979
G1 X113.809 Y28.891 E463.12158
G1 X114.006 Y28.591 E463.13351
G1 X114.128 Y28.251 E463.14553
G1 X114.171 Y27.895 E463.15745
G1 X114.128 Y27.539 E463.16938
G1 X114.007 Y27.201 E463.18132
G1 X113.809 Y26.897 E463.19339
G1 X113.556 Y26.661 E463.2049
G1 X113.236 Y26.475 E463.21721
G1 X112.898 Y26.375 E463.22893
G1 X112.532 Y26.352 E463.24113
G1 X112.191 Y26.415 E463.25266
G1 X111.849 Y26.561 E463.26503
G1 X111.562 Y26.773 E463.2769
G1 X111.334 Y27.045 E463.2887
G1 X111.177 Y27.357 E463.30032
G1 X111.092 Y27.721 E463.31275
G1 X111.092 Y28.071 E463.32439
G1 X111.177 Y28.435 E463.33682
G1 X111.333 Y28.746 E463.3484
G1 X111.563 Y29.016 E463.36019
G1 X111.855 Y29.236 E463.37235
G1 X112.185 Y29.377 E463.38429
G1 X112.521 Y29.437 E463.39564
G1 X112.899 Y29.416 E463.40823
G1 X113.24 Y29.313 E463.42008
G0 F15000 X113.4 Y29.683
;TYPE:WALL-OUTER
G1 F600 X113.791 Y29.458 E463.43508
G1 X114.117 Y29.15 E463.45
G1 X114.367 Y28.77 E463.46513
G1 X114.52 Y28.345 E463.48015
G1 X114.574 Y27.895 E463.49523
G1 X114.52 Y27.447 E463.51024
G1 X114.367 Y27.022 E463.52526
G1 X114.117 Y26.638 E463.5405
G1 X113.796 Y26.338 E463.55511
G1 X113.396 Y26.105 E463.57051
G1 X112.968 Y25.979 E463.58535
G1 X112.508 Y25.95 E463.60068
G1 X112.075 Y26.029 E463.61532
G1 X111.649 Y26.211 E463.63073
G1 X111.286 Y26.479 E463.64573
G1 X110.997 Y26.823 E463.66068
G1 X110.798 Y27.221 E463.67548
G1 X110.692 Y27.675 E463.69098
G1 X110.692 Y28.117 E463.70568
G1 X110.798 Y28.571 E463.72119
G1 X110.997 Y28.968 E463.73596
G1 X111.287 Y29.309 E463.75085
G1 X111.653 Y29.585 E463.7661
G1 X112.07 Y29.763 E463.78118
G1 X112.497 Y29.839 E463.7956
G1 X112.969 Y29.813 E463.81132
G1 X113.4 Y29.683 E463.8263
G0 F15000 X113.279 Y29.4
G0 X112.998 Y28.864
G0 X112.924 Y28.611
;TYPE:SKIN
G1 F600 X112.573 Y28.67 E463.83814
G1 X112.235 Y28.569 E463.84987
G1 X111.964 Y28.314 E463.86224
G1 X111.899 Y28.185 E463.86705
G1 X111.852 Y27.798 E463.88002
G1 X111.894 Y27.63 E463.88578
G1 X112.093 Y27.324 E463.89792
G1 X112.22 Y27.23 E463.90317
G1 X112.576 Y27.125 E463.91552
G1 X112.932 Y27.182 E463.92751
G1 X113.227 Y27.396 E463.93963
G1 X113.313 Y27.531 E463.94495
G1 X113.401 Y27.904 E463.9577
G1 X113.381 Y28.065 E463.9631
G1 X113.216 Y28.396 E463.9754
G1 X112.924 Y28.611 E463.98746
G0 F15000 X112.999 Y28.863
G0 X112.554 Y28.873
G0 X112.138 Y28.747
G0 X111.805 Y28.436
G0 X111.618 Y27.67
G0 X112.063 Y27.776
G1 F600 X112.733 Y28.446 E464.01897
G0 F15000 X113.076 Y28.223
G1 F600 X112.274 Y27.422 E464.05667
G0 F15000 X112.779 Y27.361
G1 F600 X113.155 Y27.737 E464.07436
G0 F15000 X113.539 Y27.692
;TIME_ELAPSED:1050.887478
G1 F1500 E457.57436
M140 S0
M107
G91 ;Relative positioning
G1 E-2 F2700 ;Retract a bit
G1 E-2 Z0.2 F2400 ;Retract and raise Z
G1 X5 Y5 F3000 ;Wipe out
G1 Z10 ;Raise Z more
G90 ;Absolute positioning

G1 X0 Y220 ;Present print
M106 S0 ;Turn-off fan
M104 S0 ;Turn-off hotend
M140 S0 ;Turn-off bed

M84 X Y E ;Disable all steppers but Z

M82 ;absolute extrusion mode
M104 S0
;End of Gcode
;SETTING_3 {"global_quality": "[general]\\nversion = 4\\nname = StandardQualityC
;SETTING_3 ustom\\ndefinition = creality_ender3pro\\n\\n[metadata]\\ntype = qual
;SETTING_3 ity_changes\\nquality_type = standard\\nsetting_version = 25\\n\\n[va
;SETTING_3 lues]\\nadhesion_type = brim\\nmaterial_bed_temperature = 65\\nmateri
;SETTING_3 al_bed_temperature_layer_0 = 50\\nsupport_enable = False\\nsupport_st
;SETTING_3 ructure = tree\\nsupport_type = everywhere\\n\\n", "extruder_quality"
;SETTING_3 : ["[general]\\nversion = 4\\nname = StandardQualityCustom\\ndefiniti
;SETTING_3 on = creality_ender3pro\\n\\n[metadata]\\ntype = quality_changes\\nqu
;SETTING_3 ality_type = standard\\nintent_category = default\\nposition = 0\\nse
;SETTING_3 tting_version = 25\\n\\n[values]\\ninfill_sparse_density = 10\\nmater
;SETTING_3 ial_print_temperature = 205\\nspeed_print = 100\\nwall_line_count = 3
;SETTING_3 \\nxy_offset_layer_0 = -0.1\\nz_seam_corner = z_seam_corner_inner\\nz
;SETTING_3 _seam_type = sharpest_corner\\n\\n"]}
