;FLAVOR:Marlin
;TIME:1304
;Filament used: 0.468504m
;Layer height: 0.12
;MINX:68.407
;MINY:140.921
;MINZ:0.2
;MAXX:98.483
;MAXY:185.244
;MAXZ:11.72
;TARGET_MACHINE.NAME:Creality Ender-3 Pro
;Generated with Cura_SteamEngine 5.10.1
START_PRINT BED_TEMP=55 EXTRUDER_TEMP=205
M82 ;absolute extrusion mode
G92 E0
G92 E0
G1 F1500 E-6.5
;LAYER_COUNT:97
;LAYER:0
M107
G0 F6000 X75.625 Y142.802 Z0.2
;TYPE:SKIRT
G1 F1500 E0
G1 F1200 X76.493 Y142.358 E0.03243
G1 X77.487 Y141.958 E0.06806
G1 X78.598 Y141.622 E0.10667
G1 X79.833 Y141.285 E0.14925
G1 X80.369 Y141.162 E0.16754
G1 X81.261 Y141.009 E0.19764
G1 X82.595 Y140.921 E0.24211
G1 X84.323 Y140.923 E0.29958
G1 X85.14 Y140.963 E0.32678
G1 X86.167 Y141.101 E0.36125
G1 X86.986 Y141.282 E0.38915
G1 X87.983 Y141.543 E0.42343
G1 X89.014 Y141.846 E0.45917
G1 X89.452 Y141.988 E0.47448
G1 X90.349 Y142.345 E0.50659
G1 X91.246 Y142.798 E0.54001
G1 X91.977 Y143.248 E0.56857
G1 X92.705 Y143.782 E0.59859
G1 X93.725 Y144.705 E0.64435
G1 X94.569 Y145.581 E0.68481
G1 X95.046 Y146.098 E0.7082
G1 X95.126 Y146.217 E0.71297
G1 X95.682 Y146.852 E0.74104
G1 X96.306 Y147.746 E0.7773
G1 X96.533 Y148.122 E0.79191
G1 X97.071 Y149.172 E0.83115
G1 X97.549 Y150.436 E0.8761
G1 X97.867 Y151.489 E0.91269
G1 X98.087 Y152.279 E0.93996
G1 X98.277 Y153.087 E0.96757
G1 X98.423 Y154.05 E0.99996
G1 X98.483 Y155.028 E1.03255
G1 X98.448 Y156.122 E1.06896
G1 X98.222 Y158.804 E1.15848
G1 X98.087 Y161.282 E1.24102
G1 X98.01 Y165.085 E1.36753
G1 X98.011 Y173.528 E1.64835
G1 X97.998 Y174.424 E1.67815
G1 X97.939 Y175.395 E1.71051
G1 X97.793 Y176.359 E1.74294
G1 X97.563 Y177.306 E1.77535
G1 X97.275 Y178.162 E1.80539
G1 X96.857 Y179.118 E1.84009
G1 X96.387 Y179.969 E1.87243
G1 X95.885 Y180.72 E1.90247
G1 X95.228 Y181.534 E1.93726
G1 X94.55 Y182.233 E1.96965
G1 X93.813 Y182.87 E2.00205
G1 X93.023 Y183.44 E2.03445
G1 X92.247 Y183.903 E2.06451
G1 X91.306 Y184.355 E2.09923
G1 X90.394 Y184.696 E2.13161
G1 X89.456 Y184.955 E2.16398
G1 X88.487 Y185.133 E2.19675
G1 X87.3 Y185.23 E2.23636
G1 X86.751 Y185.242 E2.25462
G1 X80.518 Y185.244 E2.46193
G1 X79.638 Y185.231 E2.4912
G1 X78.666 Y185.172 E2.52359
G1 X77.703 Y185.026 E2.55599
G1 X76.756 Y184.795 E2.58841
G1 X75.868 Y184.495 E2.61958
G1 X74.976 Y184.105 E2.65196
G1 X74.093 Y183.618 E2.6855
G1 X73.342 Y183.116 E2.71555
G1 X72.527 Y182.458 E2.75039
G1 X71.829 Y181.78 E2.78275
G1 X71.193 Y181.043 E2.81513
G1 X70.623 Y180.253 E2.84753
G1 X70.161 Y179.477 E2.87757
G1 X69.707 Y178.535 E2.91235
G1 X69.378 Y177.657 E2.94353
G1 X69.109 Y176.684 E2.97711
G1 X68.932 Y175.717 E3.00981
G1 X68.837 Y174.576 E3.04789
G1 X68.822 Y173.874 E3.07124
G1 X68.821 Y164.466 E3.38415
G1 X68.784 Y161.877 E3.47027
G1 X68.674 Y159.322 E3.55533
G1 X68.431 Y155.986 E3.66658
G1 X68.407 Y155.011 E3.69902
G1 X68.468 Y154.041 E3.73134
G1 X68.602 Y153.147 E3.76141
G1 X68.798 Y152.311 E3.78997
G1 X69.101 Y151.221 E3.8276
G1 X69.355 Y150.398 E3.85625
G1 X69.756 Y149.313 E3.89472
G1 X70.023 Y148.739 E3.91578
G1 X70.571 Y147.763 E3.953
G1 X71.405 Y146.602 E4.00055
G1 X71.755 Y146.192 E4.01848
G1 X72.214 Y145.69 E4.0411
G1 X73.268 Y144.599 E4.09156
G1 X74.024 Y143.909 E4.1256
G1 X74.741 Y143.36 E4.15564
G1 X75.625 Y142.802 E4.19041
G0 F6000 X75.808 Y143.158
G1 F1200 X76.643 Y142.729 E4.22163
G1 X77.603 Y142.341 E4.25607
G1 X78.703 Y142.008 E4.29429
G1 X79.923 Y141.675 E4.33636
G1 X80.438 Y141.556 E4.35394
G1 X81.288 Y141.408 E4.38263
G1 X82.595 Y141.321 E4.4262
G1 X84.303 Y141.323 E4.48301
G1 X85.12 Y141.363 E4.51021
G1 X86.081 Y141.492 E4.54246
G1 X86.885 Y141.669 E4.56984
G1 X87.87 Y141.927 E4.60371
G1 X88.891 Y142.227 E4.63911
G1 X89.304 Y142.36 E4.65354
G1 X90.201 Y142.717 E4.68565
G1 X91.037 Y143.139 E4.71679
G1 X91.74 Y143.571 E4.74424
G1 X92.468 Y144.105 E4.77427
G1 X93.437 Y144.983 E4.81776
G1 X94.275 Y145.852 E4.85791
G1 X94.752 Y146.369 E4.88131
G1 X94.799 Y146.452 E4.88448
G1 X95.381 Y147.116 E4.91385
G1 X95.964 Y147.954 E4.9478
G1 X96.177 Y148.305 E4.96146
G1 X96.697 Y149.314 E4.99921
G1 X97.166 Y150.552 E5.04324
G1 X97.482 Y151.596 E5.07952
G1 X97.698 Y152.371 E5.10628
G1 X97.882 Y153.148 E5.13284
G1 X98.024 Y154.075 E5.16403
G1 X98.083 Y155.015 E5.19536
G1 X98.049 Y156.089 E5.2311
G1 X97.824 Y158.771 E5.32061
G1 X97.687 Y161.274 E5.40399
G1 X97.61 Y165.077 E5.5305
G1 X97.611 Y173.523 E5.81142
G1 X97.599 Y174.4 E5.84059
G1 X97.543 Y175.336 E5.87178
G1 X97.404 Y176.265 E5.90302
G1 X97.184 Y177.178 E5.93425
G1 X96.896 Y178.034 E5.96429
G1 X96.506 Y178.925 E5.99664
G1 X96.054 Y179.747 E6.02784
G1 X95.552 Y180.498 E6.05789
G1 X94.94 Y181.256 E6.09029
G1 X94.288 Y181.931 E6.1215
G1 X93.579 Y182.546 E6.15272
G1 X92.818 Y183.096 E6.18395
G1 X92.042 Y183.559 E6.214
G1 X91.165 Y183.981 E6.24638
G1 X90.287 Y184.311 E6.27757
G1 X89.383 Y184.562 E6.30878
G1 X88.454 Y184.734 E6.3402
G1 X87.291 Y184.83 E6.37901
G1 X86.751 Y184.842 E6.39698
G1 X80.524 Y184.844 E6.60409
G1 X79.662 Y184.832 E6.63276
G1 X78.725 Y184.776 E6.66398
G1 X77.797 Y184.637 E6.69519
G1 X76.884 Y184.416 E6.72644
G1 X76.028 Y184.128 E6.75647
G1 X75.136 Y183.738 E6.78885
G1 X74.315 Y183.285 E6.82004
G1 X73.564 Y182.783 E6.85009
G1 X72.805 Y182.171 E6.88252
G1 X72.131 Y181.518 E6.91373
G1 X71.517 Y180.809 E6.94492
G1 X70.967 Y180.048 E6.97615
G1 X70.505 Y179.272 E7.00619
G1 X70.082 Y178.395 E7.03858
G1 X69.753 Y177.517 E7.06976
G1 X69.502 Y176.612 E7.101
G1 X69.331 Y175.684 E7.13238
G1 X69.236 Y174.543 E7.17046
G1 X69.222 Y173.874 E7.19272
G1 X69.221 Y164.466 E7.50563
G1 X69.184 Y161.871 E7.59195
G1 X69.074 Y159.305 E7.67737
G1 X68.831 Y155.975 E7.78842
G1 X68.806 Y155.036 E7.81967
G1 X68.864 Y154.1 E7.85086
G1 X68.998 Y153.206 E7.88092
G1 X69.183 Y152.418 E7.90785
G1 X69.483 Y151.339 E7.9451
G1 X69.73 Y150.536 E7.97304
G1 X70.119 Y149.482 E8.01041
G1 X70.386 Y148.908 E8.03146
G1 X70.896 Y147.996 E8.06622
G1 X71.709 Y146.862 E8.11262
G1 X72.05 Y146.462 E8.13011
G1 X72.502 Y145.968 E8.15238
G1 X73.556 Y144.877 E8.20283
G1 X74.267 Y144.227 E8.23487
G1 X74.984 Y143.678 E8.26491
G1 X75.808 Y143.158 E8.29731
G0 F6000 X75.991 Y143.514
G1 F1200 X76.794 Y143.1 E8.32736
G1 X77.719 Y142.724 E8.36057
G1 X78.808 Y142.394 E8.39842
G1 X80.014 Y142.065 E8.44
G1 X80.508 Y141.95 E8.45687
G1 X81.315 Y141.807 E8.48413
G1 X82.595 Y141.721 E8.5268
G1 X84.283 Y141.723 E8.58294
G1 X85.1 Y141.763 E8.61015
G1 X85.995 Y141.883 E8.64018
G1 X86.784 Y142.056 E8.66704
G1 X87.757 Y142.311 E8.7005
G1 X88.768 Y142.608 E8.73555
G1 X89.181 Y142.741 E8.74998
G1 X90.021 Y143.074 E8.78003
G1 X90.828 Y143.48 E8.81008
G1 X91.503 Y143.894 E8.83642
G1 X92.231 Y144.428 E8.86644
G1 X93.149 Y145.261 E8.90767
G1 X93.981 Y146.123 E8.94752
G1 X94.458 Y146.64 E8.97092
G1 X94.444 Y146.653 E8.97155
G1 X95.053 Y147.345 E9.00221
G1 X95.622 Y148.162 E9.03533
G1 X95.835 Y148.513 E9.04898
G1 X96.323 Y149.456 E9.0843
G1 X96.783 Y150.668 E9.12741
G1 X97.097 Y151.703 E9.16339
G1 X97.309 Y152.464 E9.18966
G1 X97.487 Y153.209 E9.21514
G1 X97.625 Y154.101 E9.24516
G1 X97.683 Y155.002 E9.27519
G1 X97.65 Y156.056 E9.31026
G1 X97.426 Y158.738 E9.39978
G1 X97.287 Y161.266 E9.48398
G1 X97.21 Y165.069 E9.6105
G1 X97.211 Y173.518 E9.89151
G1 X97.2 Y174.377 E9.92009
G1 X97.147 Y175.278 E9.95011
G1 X97.015 Y176.172 E9.98016
G1 X96.805 Y177.05 E10.01019
G1 X96.517 Y177.906 E10.04023
G1 X96.155 Y178.733 E10.07025
G1 X95.721 Y179.525 E10.10029
G1 X95.219 Y180.276 E10.13034
G1 X94.652 Y180.979 E10.16038
G1 X94.026 Y181.629 E10.19039
G1 X93.344 Y182.222 E10.22045
G1 X92.613 Y182.752 E10.25048
G1 X91.837 Y183.215 E10.28054
G1 X91.024 Y183.607 E10.31056
G1 X90.179 Y183.926 E10.3406
G1 X89.309 Y184.169 E10.37064
G1 X88.421 Y184.335 E10.40069
G1 X87.281 Y184.43 E10.43873
G1 X86.746 Y184.443 E10.45653
G1 X80.529 Y184.444 E10.66331
G1 X79.685 Y184.433 E10.69139
G1 X78.783 Y184.38 E10.72144
G1 X77.89 Y184.248 E10.75146
G1 X77.012 Y184.037 E10.7815
G1 X76.156 Y183.749 E10.81154
G1 X75.329 Y183.387 E10.84156
G1 X74.537 Y182.952 E10.87161
G1 X73.786 Y182.45 E10.90166
G1 X73.083 Y181.883 E10.9317
G1 X72.433 Y181.256 E10.96174
G1 X71.841 Y180.574 E10.99177
G1 X71.311 Y179.843 E11.02181
G1 X70.849 Y179.067 E11.05184
G1 X70.456 Y178.254 E11.08188
G1 X70.138 Y177.409 E11.11191
G1 X69.895 Y176.539 E11.14195
G1 X69.73 Y175.651 E11.17199
G1 X69.635 Y174.51 E11.21007
G1 X69.622 Y173.874 E11.23123
G1 X69.621 Y164.466 E11.54414
G1 X69.584 Y161.865 E11.63066
G1 X69.474 Y159.288 E11.71645
G1 X69.231 Y155.963 E11.82733
G1 X69.205 Y155.06 E11.85738
G1 X69.26 Y154.159 E11.8874
G1 X69.394 Y153.265 E11.91747
G1 X69.568 Y152.525 E11.94275
G1 X69.865 Y151.456 E11.97966
G1 X70.105 Y150.674 E12.00686
G1 X70.482 Y149.65 E12.04316
G1 X70.736 Y149.102 E12.06324
G1 X71.221 Y148.229 E12.09646
G1 X72.014 Y147.121 E12.14178
G1 X72.345 Y146.732 E12.15877
G1 X72.79 Y146.246 E12.18068
G1 X73.844 Y145.155 E12.23114
G1 X74.51 Y144.545 E12.26118
G1 X75.227 Y143.996 E12.29121
G1 X75.991 Y143.514 E12.32126
G1 F1500 E5.82126
G0 F6000 X81.119 Y152.615
G1 F1500 E12.32126
G1 F1200 X82.642 Y152.186 E12.37388
G1 X83.032 Y152.295 E12.38735
G1 X83.139 Y152.295 E12.39091
G1 X83.239 Y152.268 E12.39436
G1 X83.417 Y152.317 E12.4005
G1 X83.523 Y152.317 E12.40402
G1 X83.652 Y152.281 E12.40848
G1 X83.702 Y152.295 E12.4102
G1 X83.808 Y152.295 E12.41373
G1 X84.234 Y152.176 E12.42844
G1 X85.764 Y152.606 E12.4813
G1 X86.867 Y153.771 E12.53466
G1 X87.288 Y155.21 E12.58453
G1 X86.866 Y156.716 E12.63655
G1 X85.782 Y157.801 E12.68756
G1 X84.235 Y158.239 E12.74103
G1 X83.845 Y158.125 E12.75455
G1 X83.735 Y158.125 E12.75821
G1 X83.653 Y158.148 E12.76104
G1 X83.534 Y158.112 E12.76518
G1 X83.422 Y158.111 E12.7689
G1 X83.242 Y158.162 E12.77512
G1 X83.146 Y158.133 E12.77846
G1 X83.035 Y158.132 E12.78215
G1 X82.639 Y158.243 E12.79583
G1 X81.182 Y157.817 E12.84632
G1 X80.026 Y156.661 E12.90069
G1 X79.601 Y155.215 E12.95082
G1 X80.024 Y153.769 E13.00093
G1 X81.119 Y152.615 E13.05384
G0 F6000 X81.333 Y152.971
G1 F1200 X82.644 Y152.601 E13.09915
G1 X82.925 Y152.68 E13.10886
G1 X83.234 Y152.681 E13.11914
G1 X83.31 Y152.702 E13.12176
G1 X83.63 Y152.702 E13.1324
G1 X83.707 Y152.681 E13.13506
G1 X83.915 Y152.68 E13.14197
G1 X84.233 Y152.591 E13.15296
G1 X85.549 Y152.961 E13.19842
G1 X86.51 Y153.977 E13.24494
G1 X86.872 Y155.213 E13.28777
G1 X86.509 Y156.507 E13.33247
G1 X85.573 Y157.444 E13.37652
G1 X84.237 Y157.823 E13.42271
G1 X83.957 Y157.741 E13.43242
G1 X83.74 Y157.719 E13.43967
G1 X83.664 Y157.733 E13.44224
G1 X83.65 Y157.729 E13.44273
G1 X83.433 Y157.705 E13.44999
G1 X83.313 Y157.726 E13.45404
G1 X83.237 Y157.747 E13.45666
G1 X83.045 Y157.727 E13.46308
G1 X82.927 Y157.747 E13.46706
G1 X82.642 Y157.827 E13.47691
G1 X81.393 Y157.462 E13.52019
G1 X80.381 Y156.45 E13.56779
G1 X80.018 Y155.214 E13.61064
G1 X80.381 Y153.973 E13.65364
G1 X81.333 Y152.971 E13.69961
G0 F6000 X81.546 Y153.326
G1 F1200 X82.644 Y153.017 E13.73755
G1 X82.817 Y153.065 E13.74352
G1 X83.097 Y153.102 E13.75291
G1 X83.201 Y153.087 E13.75641
G1 X83.483 Y153.124 E13.76587
G1 X83.7 Y153.093 E13.77316
G1 X83.772 Y153.102 E13.77557
G1 X84.023 Y153.065 E13.78401
G1 X84.232 Y153.007 E13.79123
G1 X85.335 Y153.316 E13.82932
G1 X86.153 Y154.18 E13.8689
G1 X86.456 Y155.216 E13.9048
G1 X86.152 Y156.298 E13.94218
G1 X85.363 Y157.088 E13.97931
G1 X84.238 Y157.406 E14.0182
G1 X84.069 Y157.357 E14.02405
G1 X83.79 Y157.317 E14.03343
G1 X83.679 Y157.333 E14.03716
G1 X83.487 Y157.303 E14.04362
G1 X83.204 Y157.341 E14.05312
G1 X83.097 Y157.325 E14.05671
G1 X82.819 Y157.362 E14.06604
G1 X82.645 Y157.411 E14.07205
G1 X81.604 Y157.107 E14.10812
G1 X80.737 Y156.24 E14.14891
G1 X80.435 Y155.214 E14.18448
G1 X80.739 Y154.177 E14.22042
G1 X81.546 Y153.326 E14.25943
G0 F6000 X81.763 Y153.68
G1 F1200 X82.645 Y153.432 E14.2899
G1 X82.709 Y153.45 E14.29211
G1 X83.04 Y153.501 E14.30325
G1 X83.176 Y153.485 E14.30781
G1 X83.426 Y153.523 E14.31622
G1 X83.665 Y153.494 E14.32422
G1 X83.717 Y153.502 E14.32597
G1 X84.13 Y153.45 E14.33982
G1 X84.231 Y153.422 E14.3433
G1 X85.119 Y153.671 E14.37398
G1 X85.796 Y154.386 E14.40673
G1 X86.04 Y155.219 E14.4356
G1 X85.796 Y156.088 E14.46562
G1 X85.153 Y156.731 E14.49586
G1 X84.24 Y156.99 E14.52743
G1 X84.182 Y156.973 E14.52944
G1 X83.852 Y156.918 E14.54057
G1 X83.717 Y156.934 E14.54509
G1 X83.553 Y156.905 E14.55063
G1 X83.238 Y156.94 E14.56117
G1 X83.162 Y156.927 E14.56373
G1 X82.712 Y156.977 E14.57879
G1 X82.648 Y156.995 E14.581
G1 X81.814 Y156.751 E14.6099
G1 X81.09 Y156.027 E14.64396
G1 X80.852 Y155.215 E14.6721
G1 X81.095 Y154.385 E14.70087
G1 X81.763 Y153.68 E14.73317
G0 F6000 X81.977 Y154.036
G1 F1200 X82.655 Y153.845 E14.7566
G1 X82.976 Y153.899 E14.76742
G1 X83.176 Y153.89 E14.77408
G1 X83.363 Y153.921 E14.78039
G1 X83.742 Y153.903 E14.79301
G1 X83.793 Y153.892 E14.79474
G1 X84.034 Y153.88 E14.80277
G1 X84.232 Y153.837 E14.80951
G1 X84.905 Y154.026 E14.83276
G1 X85.439 Y154.59 E14.85859
G1 X85.624 Y155.221 E14.88046
G1 X85.439 Y155.88 E14.90323
G1 X84.945 Y156.374 E14.92646
G1 X84.229 Y156.577 E14.95122
G1 X83.921 Y156.522 E14.96162
G1 X83.726 Y156.528 E14.96811
G1 X83.626 Y156.509 E14.9715
G1 X83.247 Y156.518 E14.98411
G1 X83.176 Y156.532 E14.98651
G1 X82.855 Y156.54 E14.99719
G1 X82.658 Y156.581 E15.00389
G1 X82.025 Y156.396 E15.02582
G1 X81.445 Y155.816 E15.0531
G1 X81.269 Y155.215 E15.07393
G1 X81.452 Y154.589 E15.09562
G1 X81.977 Y154.036 E15.12098
G0 F6000 X82.191 Y154.391
G1 F1200 X82.677 Y154.254 E15.13778
G1 X82.907 Y154.295 E15.14555
G1 X83.151 Y154.292 E15.15366
G1 X83.295 Y154.317 E15.15853
G1 X83.714 Y154.31 E15.17246
G1 X83.813 Y154.291 E15.17582
G1 X84.009 Y154.287 E15.18234
G1 X84.212 Y154.247 E15.18922
G1 X84.69 Y154.381 E15.20573
G1 X85.082 Y154.795 E15.22469
G1 X85.207 Y155.224 E15.23955
G1 X85.082 Y155.671 E15.25499
G1 X84.736 Y156.018 E15.27129
G1 X84.208 Y156.167 E15.28954
G1 X83.994 Y156.127 E15.29678
G1 X83.763 Y156.127 E15.30446
G1 X83.703 Y156.115 E15.3065
G1 X83.284 Y156.111 E15.32043
G1 X83.153 Y156.135 E15.32486
G1 X82.891 Y156.134 E15.33358
G1 X82.684 Y156.172 E15.34058
G1 X82.236 Y156.041 E15.3561
G1 X81.801 Y155.606 E15.37656
G1 X81.686 Y155.215 E15.39012
G1 X81.809 Y154.793 E15.40474
G1 X82.191 Y154.391 E15.42318
G0 F6000 X82.404 Y154.746
G1 F1200 X82.697 Y154.664 E15.4333
G1 X82.835 Y154.69 E15.43797
G1 X83.117 Y154.692 E15.44735
G1 X83.224 Y154.712 E15.45097
G1 X83.679 Y154.716 E15.46611
G1 X83.812 Y154.692 E15.4706
G1 X83.976 Y154.693 E15.47606
G1 X84.185 Y154.655 E15.48312
G1 X84.476 Y154.736 E15.49317
G1 X84.726 Y155.001 E15.50529
G1 X84.791 Y155.224 E15.51301
G1 X84.724 Y155.463 E15.52127
G1 X84.526 Y155.661 E15.53058
G1 X84.192 Y155.756 E15.54213
G1 X84.071 Y155.732 E15.54623
G1 X83.812 Y155.727 E15.55485
G1 X83.784 Y155.721 E15.5558
G1 X83.328 Y155.707 E15.57098
G1 X83.156 Y155.736 E15.57678
G1 X82.934 Y155.73 E15.58416
G1 X82.72 Y155.766 E15.59138
G1 X82.444 Y155.685 E15.60095
G1 X82.156 Y155.397 E15.61449
G1 X82.102 Y155.213 E15.62087
G1 X82.165 Y154.999 E15.62829
G1 X82.404 Y154.746 E15.63987
G0 F6000 X82.619 Y155.101
G1 F1200 X82.713 Y155.075 E15.64311
G1 X82.76 Y155.084 E15.6447
G1 X83.077 Y155.093 E15.65525
G1 X83.15 Y155.107 E15.65772
G1 X83.639 Y155.119 E15.67399
G1 X83.797 Y155.093 E15.67932
G1 X83.938 Y155.096 E15.68401
G1 X84.15 Y155.061 E15.69116
G1 X84.261 Y155.092 E15.69499
G1 X84.37 Y155.207 E15.70026
G1 X84.375 Y155.226 E15.70091
G1 X84.367 Y155.255 E15.70191
G1 X84.317 Y155.306 E15.70429
G1 X84.179 Y155.345 E15.70906
G1 X84.151 Y155.339 E15.71001
G1 X83.766 Y155.324 E15.72283
G1 X83.378 Y155.305 E15.73575
G1 X83.177 Y155.336 E15.74251
G1 X82.983 Y155.327 E15.74897
G1 X82.762 Y155.361 E15.75641
G1 X82.655 Y155.33 E15.76011
G1 X82.525 Y155.2 E15.76623
G1 X82.619 Y155.101 E15.77077
G1 F1500 E9.27077
;MESH:WheelAdapter_v11.stl
G0 F6000 X82.619 Y158.779
G0 X82.619 Y159.874
G0 X85.476 Y160.616
G0 X85.648 Y173.044
;TYPE:WALL-INNER
G1 F1500 E15.77077
G1 F1200 X85.648 Y160.444 E16.18984
G1 X81.18 Y160.444 E16.33845
G1 X81.184 Y173.044 E16.75753
G1 X85.648 Y173.044 E16.906
G0 F6000 X86.048 Y173.444
G1 F1200 X86.048 Y160.044 E17.35169
G1 X80.78 Y160.044 E17.5269
G1 X80.784 Y173.444 E17.97259
G1 X86.048 Y173.444 E18.14767
G0 F6000 X86.448 Y173.844
;TYPE:WALL-OUTER
G1 F1200 X86.448 Y159.644 E18.61996
G1 X80.38 Y159.644 E18.82179
G1 X80.384 Y173.844 E19.29408
G1 X86.448 Y173.844 E19.49577
G0 F6000 X86.169 Y173.564
G0 X85.548 Y172.684
G0 X85.288 Y172.684
;TYPE:SKIN
G1 F1200 X81.544 Y172.684 E19.62029
G1 X81.54 Y160.804 E20.01543
G1 X85.288 Y160.804 E20.14008
G1 X85.288 Y172.684 E20.53521
G0 F6000 X85.548 Y172.684
G0 X81.974 Y172.944
G0 X81.974 Y172.484
G1 F1200 X81.743 Y172.253 E20.54608
G0 F6000 X81.743 Y171.687
G1 F1200 X82.54 Y172.484 E20.58357
G0 F6000 X83.106 Y172.484
G1 F1200 X81.743 Y171.121 E20.64768
G0 F6000 X81.743 Y170.556
G1 F1200 X83.671 Y172.484 E20.73837
G0 F6000 X84.237 Y172.484
G1 F1200 X81.742 Y169.989 E20.85572
G0 F6000 X81.742 Y169.423
G1 F1200 X84.803 Y172.484 E20.9997
G0 F6000 X85.088 Y172.204
G1 F1200 X81.742 Y168.858 E21.15709
G0 F6000 X81.742 Y168.292
G1 F1200 X85.088 Y171.638 E21.31448
G0 F6000 X85.088 Y171.072
G1 F1200 X81.742 Y167.726 E21.47186
G0 F6000 X81.742 Y167.16
G1 F1200 X85.088 Y170.507 E21.62927
G0 F6000 X85.088 Y169.941
G1 F1200 X81.742 Y166.594 E21.78668
G0 F6000 X81.742 Y166.029
G1 F1200 X85.088 Y169.375 E21.94406
G0 F6000 X85.088 Y168.81
G1 F1200 X81.741 Y165.462 E22.10152
G0 F6000 X81.741 Y164.897
G1 F1200 X85.088 Y168.244 E22.25895
G0 F6000 X85.088 Y167.678
G1 F1200 X81.741 Y164.331 E22.41639
G0 F6000 X81.741 Y163.765
G1 F1200 X85.088 Y167.113 E22.57384
G0 F6000 X85.088 Y166.547
G1 F1200 X81.74 Y163.199 E22.73132
G0 F6000 X81.74 Y162.633
G1 F1200 X85.088 Y165.981 E22.8888
G0 F6000 X85.088 Y165.416
G1 F1200 X81.74 Y162.067 E23.0463
G0 F6000 X81.74 Y161.502
G1 F1200 X85.088 Y164.85 E23.20378
G0 F6000 X85.088 Y164.284
G1 F1200 X81.808 Y161.004 E23.35807
G0 F6000 X82.374 Y161.004
G1 F1200 X85.088 Y163.719 E23.48575
G0 F6000 X85.088 Y163.153
G1 F1200 X82.939 Y161.004 E23.58683
G0 F6000 X83.505 Y161.004
G1 F1200 X85.088 Y162.587 E23.66129
G0 F6000 X85.088 Y162.021
G1 F1200 X84.071 Y161.004 E23.70913
G0 F6000 X84.636 Y161.004
G1 F1200 X85.088 Y161.456 E23.73039
M104 S205
G1 F1500 E17.23039
;MESH:NONMESH
G0 F300 X85.088 Y161.456 Z0.32
G0 F6000 X85.548 Y161.456
G0 X85.476 Y160.616
G0 X80.607 Y159.868
G0 X80.607 Y158.779
G0 X75.991 Y143.514
;TIME_ELAPSED:46.301160
;LAYER:1
M140 S60
M106 S85
;TYPE:SKIRT
G1 F1500 E23.73039
G1 F1200 X76.794 Y143.1 E23.74842
G1 X77.719 Y142.724 E23.76834
G1 X78.808 Y142.394 E23.79105
G1 X80.014 Y142.065 E23.816
G1 X80.508 Y141.95 E23.82612
G1 X81.315 Y141.807 E23.84247
G1 X82.595 Y141.721 E23.86808
G1 X84.283 Y141.723 E23.90176
G1 X85.1 Y141.763 E23.91808
G1 X85.995 Y141.883 E23.93611
G1 X86.784 Y142.056 E23.95222
G1 X87.757 Y142.311 E23.9723
G1 X88.768 Y142.608 E23.99333
G1 X89.181 Y142.741 E24.00198
G1 X90.021 Y143.074 E24.02002
G1 X90.828 Y143.48 E24.03804
G1 X91.503 Y143.894 E24.05385
G1 X92.231 Y144.428 E24.07186
G1 X93.149 Y145.261 E24.0966
G1 X93.981 Y146.123 E24.12051
G1 X94.458 Y146.64 E24.13455
G1 X94.444 Y146.653 E24.13493
G1 X95.053 Y147.345 E24.15332
G1 X95.622 Y148.162 E24.17319
G1 X95.835 Y148.513 E24.18139
G1 X96.323 Y149.456 E24.20258
G1 X96.783 Y150.668 E24.22845
G1 X97.097 Y151.703 E24.25003
G1 X97.309 Y152.464 E24.26579
G1 X97.487 Y153.209 E24.28108
G1 X97.625 Y154.101 E24.29909
G1 X97.683 Y155.002 E24.31711
G1 X97.65 Y156.056 E24.33815
G1 X97.426 Y158.738 E24.39186
G1 X97.287 Y161.266 E24.44239
G1 X97.21 Y165.069 E24.5183
G1 X97.211 Y173.518 E24.68691
G1 X97.2 Y174.377 E24.70405
G1 X97.147 Y175.278 E24.72206
G1 X97.015 Y176.172 E24.7401
G1 X96.805 Y177.05 E24.75811
G1 X96.517 Y177.906 E24.77613
G1 X96.155 Y178.733 E24.79415
G1 X95.721 Y179.525 E24.81217
G1 X95.219 Y180.276 E24.8302
G1 X94.652 Y180.979 E24.84822
G1 X94.026 Y181.629 E24.86623
G1 X93.344 Y182.222 E24.88427
G1 X92.613 Y182.752 E24.90229
G1 X91.837 Y183.215 E24.92032
G1 X91.024 Y183.607 E24.93833
G1 X90.179 Y183.926 E24.95636
G1 X89.309 Y184.169 E24.97438
G1 X88.421 Y184.335 E24.99241
G1 X87.281 Y184.43 E25.01524
G1 X86.746 Y184.443 E25.02592
G1 X80.529 Y184.444 E25.14998
G1 X79.685 Y184.433 E25.16683
G1 X78.783 Y184.38 E25.18486
G1 X77.89 Y184.248 E25.20287
G1 X77.012 Y184.037 E25.2209
G1 X76.156 Y183.749 E25.23892
G1 X75.329 Y183.387 E25.25693
G1 X74.537 Y182.952 E25.27497
G1 X73.786 Y182.45 E25.29299
G1 X73.083 Y181.883 E25.31102
G1 X72.433 Y181.256 E25.32904
G1 X71.841 Y180.574 E25.34706
G1 X71.311 Y179.843 E25.36508
G1 X70.849 Y179.067 E25.3831
G1 X70.456 Y178.254 E25.40112
G1 X70.138 Y177.409 E25.41914
G1 X69.895 Y176.539 E25.43717
G1 X69.73 Y175.651 E25.45519
G1 X69.635 Y174.51 E25.47804
G1 X69.622 Y173.874 E25.49074
G1 X69.621 Y164.466 E25.67848
G1 X69.584 Y161.865 E25.73039
G1 X69.474 Y159.288 E25.78187
G1 X69.231 Y155.963 E25.8484
G1 X69.205 Y155.06 E25.86643
G1 X69.26 Y154.159 E25.88444
G1 X69.394 Y153.265 E25.90248
G1 X69.568 Y152.525 E25.91765
G1 X69.865 Y151.456 E25.93979
G1 X70.105 Y150.674 E25.95611
G1 X70.482 Y149.65 E25.97789
G1 X70.736 Y149.102 E25.98994
G1 X71.221 Y148.229 E26.00987
G1 X72.014 Y147.121 E26.03706
G1 X72.345 Y146.732 E26.04726
G1 X72.79 Y146.246 E26.06041
G1 X73.844 Y145.155 E26.09068
G1 X74.51 Y144.545 E26.1087
G1 X75.227 Y143.996 E26.12673
G1 X75.991 Y143.514 E26.14475
G1 F1500 E19.64475
G0 F10500 X80.926 Y151.703
G0 X81.16 Y152.534
;TYPE:SUPPORT
G1 F1500 E26.14475
G1 F2100 X82.64 Y152.116 E26.17544
G1 X83.055 Y152.231 E26.18404
G1 X83.24 Y152.196 E26.18779
G1 X83.49 Y152.252 E26.19291
G1 X83.648 Y152.212 E26.19616
G1 X83.792 Y152.24 E26.19909
G1 X84.232 Y152.12 E26.20819
G1 X85.736 Y152.546 E26.23938
G1 X86.801 Y153.667 E26.27024
G1 X87.22 Y155.098 E26.3
G1 X86.8 Y156.628 E26.33166
G1 X85.738 Y157.71 E26.36191
G1 X84.233 Y158.147 E26.39319
G1 X83.817 Y158.025 E26.40184
G1 X83.647 Y158.056 E26.40529
G1 X83.454 Y158.012 E26.40924
G1 X83.239 Y158.071 E26.41369
G1 X83.066 Y158.032 E26.41723
G1 X82.638 Y158.151 E26.42609
G1 X81.223 Y157.73 E26.45555
G1 X80.091 Y156.58 E26.48776
G1 X79.672 Y155.097 E26.51851
G1 X80.087 Y153.663 E26.5483
G1 X81.16 Y152.534 E26.57938
G1 F1500 E20.07938
;MESH:WheelAdapter_v11.stl
G0 F10500 X80.532 Y151.939
G0 X79.321 Y153.218
G0 X78.773 Y155.1
G0 X79.324 Y157.029
G0 X80.761 Y158.495
G0 X81.16 Y158.579
G0 X81.16 Y159.674
G0 X85.768 Y160.416
G0 X85.94 Y173.244
;TYPE:WALL-INNER
G1 F1500 E26.57938
G1 F2100 X85.94 Y160.244 E26.83881
G1 X80.888 Y160.244 E26.93963
G1 X80.888 Y173.244 E27.19906
G1 X85.94 Y173.244 E27.29988
G0 F10500 X86.34 Y173.644
G1 F2100 X86.34 Y159.844 E27.57527
G1 X80.488 Y159.844 E27.69205
G1 X80.488 Y173.644 E27.96745
G1 X86.34 Y173.644 E28.08423
G0 F10500 X86.74 Y174.044
;TYPE:WALL-OUTER
G1 F2100 X86.74 Y159.444 E28.37559
G1 X80.088 Y159.444 E28.50834
G1 X80.088 Y174.044 E28.7997
G1 X86.74 Y174.044 E28.93244
G0 F10500 X86.462 Y173.764
G0 X85.84 Y172.884
G0 X85.58 Y172.884
;TYPE:SKIN
G1 F2100 X81.248 Y172.884 E29.01889
G1 X81.248 Y160.604 E29.26395
G1 X85.58 Y160.604 E29.3504
G1 X85.58 Y172.884 E29.59546
G0 F10500 X85.269 Y172.684
G1 F2100 X85.38 Y172.573 E29.5986
G0 F10500 X85.38 Y172.007
G1 F2100 X84.703 Y172.684 E29.6177
G0 F10500 X84.137 Y172.684
G1 F2100 X85.38 Y171.442 E29.65277
G0 F10500 X85.38 Y170.876
G1 F2100 X83.572 Y172.684 E29.7038
G0 F10500 X83.006 Y172.684
G1 F2100 X85.38 Y170.31 E29.77079
G0 F10500 X85.38 Y169.745
G1 F2100 X82.44 Y172.684 E29.85375
G0 F10500 X81.874 Y172.684
G1 F2100 X85.38 Y169.179 E29.95269
G0 F10500 X85.38 Y168.613
G1 F2100 X81.448 Y172.545 E30.06366
G0 F10500 X81.448 Y171.979
G1 F2100 X85.38 Y168.047 E30.17463
G0 F10500 X85.38 Y167.482
G1 F2100 X81.448 Y171.413 E30.28558
G0 F10500 X81.448 Y170.848
G1 F2100 X85.38 Y166.916 E30.39655
G0 F10500 X85.38 Y166.35
G1 F2100 X81.448 Y170.282 E30.50752
G0 F10500 X81.448 Y169.716
G1 F2100 X85.38 Y165.785 E30.61848
G0 F10500 X85.38 Y165.219
G1 F2100 X81.448 Y169.151 E30.72945
G0 F10500 X81.448 Y168.585
G1 F2100 X85.38 Y164.653 E30.84041
G0 F10500 X85.38 Y164.088
G1 F2100 X81.448 Y168.019 E30.95137
G0 F10500 X81.448 Y167.453
G1 F2100 X85.38 Y163.522 E31.06233
G0 F10500 X85.38 Y162.956
G1 F2100 X81.448 Y166.888 E31.1733
G0 F10500 X81.448 Y166.322
G1 F2100 X85.38 Y162.391 E31.28425
G0 F10500 X85.38 Y161.825
G1 F2100 X81.448 Y165.756 E31.39521
G0 F10500 X81.448 Y165.191
G1 F2100 X85.38 Y161.259 E31.50618
G0 F10500 X85.269 Y160.804
G1 F2100 X81.448 Y164.625 E31.61401
G0 F10500 X81.448 Y164.059
G1 F2100 X84.704 Y160.804 E31.70589
G0 F10500 X84.138 Y160.804
G1 F2100 X81.448 Y163.494 E31.78181
G0 F10500 X81.448 Y162.928
G1 F2100 X83.572 Y160.804 E31.84175
G0 F10500 X83.007 Y160.804
G1 F2100 X81.448 Y162.362 E31.88574
G0 F10500 X81.448 Y161.797
G1 F2100 X82.441 Y160.804 E31.91376
G0 F10500 X81.875 Y160.804
G1 F2100 X81.448 Y161.231 E31.92581
G1 F1500 E25.42581
;MESH:NONMESH
G0 F300 X81.448 Y161.231 Z0.44
G0 F10500 X80.988 Y161.231
G0 X80.314 Y159.668
G0 X80.314 Y158.579
G0 X79.324 Y157.029
G0 X79.012 Y155.936
G0 X75.991 Y143.514
;TIME_ELAPSED:67.991182
;LAYER:2
M106 S170
;TYPE:SKIRT
G1 F1500 E31.92581
G1 F1200 X76.794 Y143.1 E31.94384
G1 X77.719 Y142.724 E31.96377
G1 X78.808 Y142.394 E31.98647
G1 X80.014 Y142.065 E32.01142
G1 X80.508 Y141.95 E32.02154
G1 X81.315 Y141.807 E32.0379
G1 X82.595 Y141.721 E32.0635
G1 X84.283 Y141.723 E32.09719
G1 X85.1 Y141.763 E32.11351
G1 X85.995 Y141.883 E32.13153
G1 X86.784 Y142.056 E32.14765
G1 X87.757 Y142.311 E32.16772
G1 X88.768 Y142.608 E32.18875
G1 X89.181 Y142.741 E32.19741
G1 X90.021 Y143.074 E32.21544
G1 X90.828 Y143.48 E32.23347
G1 X91.503 Y143.894 E32.24927
G1 X92.231 Y144.428 E32.26729
G1 X93.149 Y145.261 E32.29203
G1 X93.981 Y146.123 E32.31593
G1 X94.458 Y146.64 E32.32997
G1 X94.444 Y146.653 E32.33035
G1 X95.053 Y147.345 E32.34875
G1 X95.622 Y148.162 E32.36862
G1 X95.835 Y148.513 E32.37681
G1 X96.323 Y149.456 E32.398
G1 X96.783 Y150.668 E32.42387
G1 X97.097 Y151.703 E32.44545
G1 X97.309 Y152.464 E32.46122
G1 X97.487 Y153.209 E32.4765
G1 X97.625 Y154.101 E32.49452
G1 X97.683 Y155.002 E32.51254
G1 X97.65 Y156.056 E32.53358
G1 X97.426 Y158.738 E32.58729
G1 X97.287 Y161.266 E32.63781
G1 X97.21 Y165.069 E32.71372
G1 X97.211 Y173.518 E32.88233
G1 X97.2 Y174.377 E32.89947
G1 X97.147 Y175.278 E32.91749
G1 X97.015 Y176.172 E32.93552
G1 X96.805 Y177.05 E32.95354
G1 X96.517 Y177.906 E32.97156
G1 X96.155 Y178.733 E32.98957
G1 X95.721 Y179.525 E33.0076
G1 X95.219 Y180.276 E33.02562
G1 X94.652 Y180.979 E33.04365
G1 X94.026 Y181.629 E33.06166
G1 X93.344 Y182.222 E33.07969
G1 X92.613 Y182.752 E33.09771
G1 X91.837 Y183.215 E33.11574
G1 X91.024 Y183.607 E33.13375
G1 X90.179 Y183.926 E33.15178
G1 X89.309 Y184.169 E33.16981
G1 X88.421 Y184.335 E33.18783
G1 X87.281 Y184.43 E33.21066
G1 X86.746 Y184.443 E33.22134
G1 X80.529 Y184.444 E33.34541
G1 X79.685 Y184.433 E33.36225
G1 X78.783 Y184.38 E33.38028
G1 X77.89 Y184.248 E33.3983
G1 X77.012 Y184.037 E33.41632
G1 X76.156 Y183.749 E33.43434
G1 X75.329 Y183.387 E33.45236
G1 X74.537 Y182.952 E33.47039
G1 X73.786 Y182.45 E33.48842
G1 X73.083 Y181.883 E33.50644
G1 X72.433 Y181.256 E33.52446
G1 X71.841 Y180.574 E33.54249
G1 X71.311 Y179.843 E33.56051
G1 X70.849 Y179.067 E33.57853
G1 X70.456 Y178.254 E33.59655
G1 X70.138 Y177.409 E33.61457
G1 X69.895 Y176.539 E33.63259
G1 X69.73 Y175.651 E33.65062
G1 X69.635 Y174.51 E33.67346
G1 X69.622 Y173.874 E33.68616
G1 X69.621 Y164.466 E33.87391
G1 X69.584 Y161.865 E33.92582
G1 X69.474 Y159.288 E33.97729
G1 X69.231 Y155.963 E34.04382
G1 X69.205 Y155.06 E34.06185
G1 X69.26 Y154.159 E34.07986
G1 X69.394 Y153.265 E34.0979
G1 X69.568 Y152.525 E34.11307
G1 X69.865 Y151.456 E34.13522
G1 X70.105 Y150.674 E34.15154
G1 X70.482 Y149.65 E34.17332
G1 X70.736 Y149.102 E34.18537
G1 X71.221 Y148.229 E34.2053
G1 X72.014 Y147.121 E34.23249
G1 X72.345 Y146.732 E34.24268
G1 X72.79 Y146.246 E34.25583
G1 X73.844 Y145.155 E34.28611
G1 X74.51 Y144.545 E34.30413
G1 X75.227 Y143.996 E34.32215
G1 X75.991 Y143.514 E34.34018
G1 F1500 E27.84018
G0 F15000 X80.962 Y151.77
G0 X81.196 Y152.602
;TYPE:SUPPORT
G1 F1500 E34.34018
G1 F3000 X82.641 Y152.192 E34.37015
G1 X83.058 Y152.307 E34.37878
G1 X83.238 Y152.276 E34.38243
G1 X83.5 Y152.331 E34.38777
G1 X83.65 Y152.289 E34.39088
G1 X83.803 Y152.315 E34.39398
G1 X84.231 Y152.196 E34.40284
G1 X85.7 Y152.614 E34.43332
G1 X86.737 Y153.707 E34.46339
G1 X87.132 Y155.066 E34.49163
G1 X86.733 Y156.491 E34.52116
G1 X85.699 Y157.521 E34.55029
G1 X84.23 Y157.935 E34.58074
G1 X83.812 Y157.813 E34.58943
G1 X83.644 Y157.844 E34.59284
G1 X83.458 Y157.804 E34.59664
G1 X83.239 Y157.86 E34.60115
G1 X83.07 Y157.824 E34.6046
G1 X82.637 Y157.943 E34.61356
G1 X81.258 Y157.538 E34.64224
G1 X80.158 Y156.434 E34.67334
G1 X79.753 Y155.067 E34.7018
G1 X80.155 Y153.699 E34.73025
G1 X81.196 Y152.602 E34.76043
G1 F1500 E28.26043
;MESH:WheelAdapter_v11.stl
G0 F15000 X80.568 Y152.008
G0 X79.388 Y153.255
G0 X78.857 Y155.069
G0 X79.392 Y156.894
G0 X80.535 Y158.037
G0 X81.196 Y158.579
G0 X81.196 Y159.674
G0 X85.836 Y160.416
G0 X86.008 Y173.244
;TYPE:WALL-INNER
G1 F1500 E34.76043
G1 F3000 X86.008 Y160.244 E35.01986
G1 X80.82 Y160.244 E35.12339
G1 X80.82 Y173.244 E35.38282
G1 X86.008 Y173.244 E35.48635
G0 F15000 X86.408 Y173.644
G1 F3000 X86.408 Y159.844 E35.76175
G1 X80.42 Y159.844 E35.88124
G1 X80.42 Y173.644 E36.15664
G1 X86.408 Y173.644 E36.27613
G0 F15000 X86.808 Y174.044
;TYPE:WALL-OUTER
G1 F3000 X86.808 Y159.444 E36.56749
G1 X80.02 Y159.444 E36.70295
G1 X80.02 Y174.044 E36.99431
G1 X86.808 Y174.044 E37.12978
G0 F15000 X86.531 Y173.764
G0 X85.908 Y172.884
G0 X85.648 Y172.884
;TYPE:SKIN
G1 F3000 X81.18 Y172.884 E37.21894
G1 X81.18 Y160.604 E37.464
G1 X85.648 Y160.604 E37.55316
G1 X85.648 Y172.884 E37.79822
G0 F15000 X85.908 Y172.884
G0 X80.992 Y173.072
G0 X80.92 Y172.455
G0 X81.38 Y172.455
G1 F3000 X81.609 Y172.684 E37.80469
G0 F15000 X82.174 Y172.684
G1 F3000 X81.38 Y171.889 E37.82711
G0 F15000 X81.38 Y171.323
G1 F3000 X82.74 Y172.684 E37.86551
G0 F15000 X83.306 Y172.684
G1 F3000 X81.38 Y170.758 E37.91986
G0 F15000 X81.38 Y170.192
G1 F3000 X83.871 Y172.684 E37.99018
G0 F15000 X84.437 Y172.684
G1 F3000 X81.38 Y169.626 E38.07647
G0 F15000 X81.38 Y169.061
G1 F3000 X85.003 Y172.684 E38.17872
G0 F15000 X85.448 Y172.564
G1 F3000 X81.38 Y168.495 E38.29354
G0 F15000 X81.38 Y167.929
G1 F3000 X85.448 Y171.998 E38.40836
G0 F15000 X85.448 Y171.432
G1 F3000 X81.38 Y167.364 E38.52317
G0 F15000 X81.38 Y166.798
G1 F3000 X85.448 Y170.867 E38.63799
G0 F15000 X85.448 Y170.301
G1 F3000 X81.38 Y166.232 E38.75281
G0 F15000 X81.38 Y165.667
G1 F3000 X85.448 Y169.735 E38.86762
G0 F15000 X85.448 Y169.17
G1 F3000 X81.38 Y165.101 E38.98244
G0 F15000 X81.38 Y164.535
G1 F3000 X85.448 Y168.604 E39.09726
G0 F15000 X85.448 Y168.038
G1 F3000 X81.38 Y163.97 E39.21207
G0 F15000 X81.38 Y163.404
G1 F3000 X85.448 Y167.473 E39.32689
G0 F15000 X85.448 Y166.907
G1 F3000 X81.38 Y162.838 E39.44171
G0 F15000 X81.38 Y162.273
G1 F3000 X85.448 Y166.341 E39.55652
G0 F15000 X85.448 Y165.776
G1 F3000 X81.38 Y161.707 E39.67134
G0 F15000 X81.38 Y161.141
G1 F3000 X85.448 Y165.21 E39.78616
G0 F15000 X85.448 Y164.644
G1 F3000 X81.608 Y160.804 E39.89454
G0 F15000 X82.174 Y160.804
G1 F3000 X85.448 Y164.078 E39.98694
G0 F15000 X85.448 Y163.513
G1 F3000 X82.739 Y160.804 E40.06339
G0 F15000 X83.305 Y160.804
G1 F3000 X85.448 Y162.947 E40.12387
G0 F15000 X85.448 Y162.381
G1 F3000 X83.871 Y160.804 E40.16838
G0 F15000 X84.436 Y160.804
G1 F3000 X85.448 Y161.816 E40.19694
G0 F15000 X85.448 Y161.25
G1 F3000 X85.002 Y160.804 E40.20953
G1 F1500 E33.70953
;MESH:NONMESH
G0 F300 X85.002 Y160.804 Z0.56
G0 F15000 X85.002 Y160.344
G0 X81.236 Y159.674
G0 X81.236 Y158.579
G0 X80.803 Y158.305
G0 X79.392 Y156.894
G0 X78.857 Y155.069
G0 X79.388 Y153.255
G0 X80.555 Y152.022
G0 X81.236 Y152.666
;TIME_ELAPSED:88.997538
;LAYER:3
;note -- min layer time used
M106 S255
;TYPE:SUPPORT
G1 F1500 E40.20953
G1 F1883.2 X82.644 Y152.268 E40.23872
G1 X83.057 Y152.383 E40.24728
G1 X83.234 Y152.351 E40.25087
G1 X83.486 Y152.408 E40.25603
G1 X83.65 Y152.364 E40.25941
G1 X83.789 Y152.398 E40.26227
G1 X84.231 Y152.272 E40.27144
G1 X85.66 Y152.678 E40.30109
G1 X86.669 Y153.743 E40.33036
G1 X87.055 Y155.065 E40.35785
G1 X86.665 Y156.451 E40.38658
G1 X85.659 Y157.457 E40.41497
G1 X84.23 Y157.859 E40.4446
G1 X83.817 Y157.737 E40.45319
G1 X83.649 Y157.767 E40.4566
G1 X83.454 Y157.724 E40.46058
G1 X83.237 Y157.783 E40.46507
G1 X83.07 Y157.748 E40.46847
G1 X82.638 Y157.864 E40.4774
G1 X81.294 Y157.47 E40.50535
G1 X80.222 Y156.398 E40.5356
G1 X79.833 Y155.067 E40.56328
G1 X80.219 Y153.735 E40.59095
G1 X81.236 Y152.666 E40.6204
G1 F1500 E34.1204
;MESH:WheelAdapter_v11.stl
G0 F15000 X80.608 Y152.072
G0 X79.453 Y153.292
G0 X78.934 Y155.069
G0 X79.458 Y156.857
G0 X81.236 Y158.579
G0 X81.236 Y159.674
G0 X85.904 Y160.416
G0 X86.08 Y173.244
;TYPE:WALL-INNER
G1 F1500 E40.6204
G1 F1883.2 X86.076 Y160.244 E40.87983
G1 X80.752 Y160.244 E40.98607
G1 X80.752 Y173.244 E41.2455
G1 X86.08 Y173.244 E41.35183
G0 F15000 X86.48 Y173.644
G1 F1883.2 X86.476 Y159.844 E41.62722
G1 X80.352 Y159.844 E41.74943
G1 X80.352 Y173.644 E42.02483
G1 X86.48 Y173.644 E42.14712
G0 F15000 X86.88 Y174.044
;TYPE:WALL-OUTER
G1 F1883.2 X86.876 Y159.444 E42.43848
G1 X79.952 Y159.444 E42.57665
G1 X79.952 Y174.044 E42.86801
G1 X86.88 Y174.044 E43.00627
G0 F15000 X86.6 Y173.764
G0 X85.98 Y172.884
G0 X85.72 Y172.884
;TYPE:SKIN
G1 F1883.2 X81.112 Y172.884 E43.09822
G1 X81.112 Y160.604 E43.34328
G1 X85.716 Y160.604 E43.43516
G1 X85.72 Y172.884 E43.68022
G0 F15000 X85.269 Y172.684
G1 F1883.2 X85.52 Y172.433 E43.68731
G0 F15000 X85.52 Y171.867
G1 F1883.2 X84.703 Y172.684 E43.71036
G0 F15000 X84.137 Y172.684
G1 F1883.2 X85.52 Y171.302 E43.74938
G0 F15000 X85.52 Y170.736
G1 F1883.2 X83.572 Y172.684 E43.80436
G0 F15000 X83.006 Y172.684
G1 F1883.2 X85.519 Y170.171 E43.87528
G0 F15000 X85.519 Y169.605
G1 F1883.2 X82.44 Y172.684 E43.96218
G0 F15000 X81.874 Y172.684
G1 F1883.2 X85.519 Y169.04 E44.06503
G0 F15000 X85.518 Y168.475
G1 F1883.2 X81.312 Y172.68 E44.18372
G0 F15000 X81.312 Y172.115
G1 F1883.2 X85.518 Y167.909 E44.30242
G0 F15000 X85.518 Y167.343
G1 F1883.2 X81.312 Y171.549 E44.42113
G0 F15000 X81.312 Y170.983
G1 F1883.2 X85.518 Y166.777 E44.53983
G0 F15000 X85.517 Y166.213
G1 F1883.2 X81.312 Y170.418 E44.6585
G0 F15000 X81.312 Y169.852
G1 F1883.2 X85.517 Y165.647 E44.77718
G0 F15000 X85.517 Y165.081
G1 F1883.2 X81.312 Y169.286 E44.89585
G0 F15000 X81.312 Y168.721
G1 F1883.2 X85.517 Y164.516 E45.01452
G0 F15000 X85.517 Y163.95
G1 F1883.2 X81.312 Y168.155 E45.1332
G0 F15000 X81.312 Y167.589
G1 F1883.2 X85.517 Y163.385 E45.25186
G0 F15000 X85.517 Y162.819
G1 F1883.2 X81.312 Y167.024 E45.37053
G0 F15000 X81.312 Y166.458
G1 F1883.2 X85.516 Y162.254 E45.48918
G0 F15000 X85.516 Y161.688
G1 F1883.2 X81.312 Y165.892 E45.60783
G0 F15000 X81.312 Y165.327
G1 F1883.2 X85.516 Y161.123 E45.72647
G0 F15000 X85.269 Y160.804
G1 F1883.2 X81.312 Y164.761 E45.83815
G0 F15000 X81.312 Y164.195
G1 F1883.2 X84.704 Y160.804 E45.93386
G0 F15000 X84.138 Y160.804
G1 F1883.2 X81.312 Y163.629 E46.0136
G0 F15000 X81.312 Y163.064
G1 F1883.2 X83.572 Y160.804 E46.07739
G0 F15000 X83.007 Y160.804
G1 F1883.2 X81.312 Y162.498 E46.12521
G0 F15000 X81.312 Y161.932
G1 F1883.2 X82.441 Y160.804 E46.15706
G0 F15000 X81.875 Y160.804
G1 F1883.2 X81.312 Y161.367 E46.17295
G1 F1500 E39.67295
;MESH:NONMESH
G0 F300 X81.312 Y161.367 Z0.68
G0 F15000 X80.852 Y161.367
G0 X80.917 Y160.511
G0 X81.276 Y159.674
G0 X81.276 Y158.579
G0 X80.84 Y158.239
G0 X79.458 Y156.857
G0 X78.934 Y155.069
G0 X79.453 Y153.292
G0 X80.593 Y152.088
G0 X81.276 Y152.734
;TIME_ELAPSED:104.780271
;LAYER:4
;note -- min layer time used
;TYPE:SUPPORT
G1 F1500 E46.17295
G1 F1918.8 X82.641 Y152.348 E46.20125
G1 X83.062 Y152.464 E46.20997
G1 X83.24 Y152.428 E46.21359
G1 X83.49 Y152.484 E46.21871
G1 X83.647 Y152.444 E46.22194
G1 X83.783 Y152.478 E46.22474
G1 X84.231 Y152.352 E46.23402
G1 X85.62 Y152.746 E46.26284
G1 X86.605 Y153.779 E46.29132
G1 X86.976 Y155.065 E46.31803
G1 X86.601 Y156.411 E46.34591
G1 X85.623 Y157.389 E46.37352
G1 X84.229 Y157.78 E46.40241
G1 X83.813 Y157.661 E46.41104
G1 X83.647 Y157.691 E46.41441
G1 X83.458 Y157.648 E46.41828
G1 X83.24 Y157.707 E46.42278
G1 X83.076 Y157.668 E46.42615
G1 X82.637 Y157.787 E46.43522
G1 X81.334 Y157.406 E46.46232
G1 X80.29 Y156.362 E46.49178
G1 X79.909 Y155.067 E46.51872
G1 X80.287 Y153.771 E46.54566
G1 X81.276 Y152.734 E46.57426
G1 F1500 E40.07426
;MESH:WheelAdapter_v11.stl
G0 F15000 X80.648 Y152.138
G0 X79.52 Y153.328
G0 X79.012 Y155.069
G0 X79.525 Y156.82
G0 X81.276 Y158.579
G0 X81.276 Y159.674
G0 X85.976 Y160.416
G0 X86.148 Y173.244
;TYPE:WALL-INNER
G1 F1500 E46.57426
G1 F1918.8 X86.148 Y160.244 E46.83369
G1 X80.68 Y160.244 E46.94281
G1 X80.68 Y173.244 E47.20223
G1 X86.148 Y173.244 E47.31135
G0 F15000 X86.548 Y173.644
G1 F1918.8 X86.548 Y159.844 E47.58675
G1 X80.28 Y159.844 E47.71183
G1 X80.28 Y173.644 E47.98723
G1 X86.548 Y173.644 E48.11231
G0 F15000 X86.948 Y174.044
;TYPE:WALL-OUTER
G1 F1918.8 X86.948 Y159.444 E48.40367
G1 X79.88 Y159.444 E48.54472
G1 X79.88 Y174.044 E48.83608
G1 X86.948 Y174.044 E48.97713
G0 F15000 X86.67 Y173.764
G0 X86.048 Y172.884
G0 X85.788 Y172.884
;TYPE:SKIN
G1 F1918.8 X81.04 Y172.884 E49.07188
G1 X81.04 Y160.604 E49.31694
G1 X85.788 Y160.604 E49.41169
G1 X85.788 Y172.884 E49.65675
G0 F15000 X86.048 Y172.884
G0 X80.852 Y173.072
G0 X80.78 Y172.315
G0 X81.239 Y172.315
G1 F1918.8 X81.609 Y172.684 E49.66718
G0 F15000 X82.174 Y172.684
G1 F1918.8 X81.239 Y171.749 E49.69357
G0 F15000 X81.239 Y171.183
G1 F1918.8 X82.74 Y172.684 E49.73593
G0 F15000 X83.306 Y172.684
G1 F1918.8 X81.239 Y170.618 E49.79425
G0 F15000 X81.239 Y170.052
G1 F1918.8 X83.871 Y172.684 E49.86853
G0 F15000 X84.437 Y172.684
G1 F1918.8 X81.239 Y169.486 E49.95879
G0 F15000 X81.239 Y168.921
G1 F1918.8 X85.003 Y172.684 E50.065
G0 F15000 X85.568 Y172.684
G1 F1918.8 X81.239 Y168.355 E50.18717
G0 F15000 X81.239 Y167.789
G1 F1918.8 X85.588 Y172.138 E50.30991
G0 F15000 X85.588 Y171.572
G1 F1918.8 X81.239 Y167.224 E50.43264
G0 F15000 X81.239 Y166.658
G1 F1918.8 X85.588 Y171.007 E50.55537
G0 F15000 X85.588 Y170.441
G1 F1918.8 X81.239 Y166.092 E50.67811
G0 F15000 X81.239 Y165.527
G1 F1918.8 X85.588 Y169.875 E50.80084
G0 F15000 X85.588 Y169.31
G1 F1918.8 X81.239 Y164.961 E50.92357
G0 F15000 X81.239 Y164.395
G1 F1918.8 X85.588 Y168.744 E51.04631
G0 F15000 X85.588 Y168.178
G1 F1918.8 X81.239 Y163.83 E51.16904
G0 F15000 X81.239 Y163.264
G1 F1918.8 X85.588 Y167.613 E51.29178
G0 F15000 X85.588 Y167.047
G1 F1918.8 X81.239 Y162.698 E51.41451
G0 F15000 X81.239 Y162.133
G1 F1918.8 X85.588 Y166.481 E51.53724
G0 F15000 X85.588 Y165.916
G1 F1918.8 X81.239 Y161.567 E51.65998
G0 F15000 X81.239 Y161.001
G1 F1918.8 X85.588 Y165.35 E51.78271
G0 F15000 X85.588 Y164.784
G1 F1918.8 X81.608 Y160.804 E51.89504
G0 F15000 X82.174 Y160.804
G1 F1918.8 X85.588 Y164.218 E51.99139
G0 F15000 X85.588 Y163.653
G1 F1918.8 X82.739 Y160.804 E52.07179
G0 F15000 X83.305 Y160.804
G1 F1918.8 X85.588 Y163.087 E52.13622
G0 F15000 X85.588 Y162.521
G1 F1918.8 X83.871 Y160.804 E52.18468
G0 F15000 X84.436 Y160.804
G1 F1918.8 X85.588 Y161.956 E52.21719
G0 F15000 X85.588 Y161.39
G1 F1918.8 X85.002 Y160.804 E52.23373
G1 F1500 E45.73373
;MESH:NONMESH
G0 F300 X85.002 Y160.804 Z0.8
G0 F15000 X85.002 Y160.344
G0 X81.312 Y159.674
G0 X81.312 Y158.579
G0 X79.525 Y156.82
G0 X79.012 Y155.069
G0 X79.52 Y153.328
G0 X80.631 Y152.156
G0 X81.312 Y152.802
;TIME_ELAPSED:120.940338
;LAYER:5
;note -- min layer time used
;TYPE:SUPPORT
G1 F1500 E52.23373
G1 F1943.5 X82.641 Y152.424 E52.26131
G1 X83.062 Y152.54 E52.27002
G1 X83.24 Y152.504 E52.27364
G1 X83.49 Y152.56 E52.27876
G1 X83.648 Y152.52 E52.28201
G1 X83.787 Y152.555 E52.28487
G1 X84.231 Y152.428 E52.29409
G1 X85.584 Y152.814 E52.32216
G1 X86.533 Y153.815 E52.34969
G1 X86.899 Y155.066 E52.3757
G1 X86.533 Y156.375 E52.40283
G1 X85.583 Y157.321 E52.42958
G1 X84.23 Y157.703 E52.45764
G1 X83.791 Y157.573 E52.46677
G1 X83.649 Y157.611 E52.46971
G1 X83.458 Y157.568 E52.47361
G1 X83.238 Y157.627 E52.47816
G1 X83.074 Y157.592 E52.48151
G1 X82.638 Y157.708 E52.49051
G1 X81.37 Y157.338 E52.51687
G1 X80.358 Y156.326 E52.54543
G1 X79.985 Y155.067 E52.57163
G1 X80.355 Y153.811 E52.59776
G1 X81.312 Y152.802 E52.62552
G1 F1500 E46.12552
;MESH:WheelAdapter_v11.stl
G0 F15000 X80.684 Y152.207
G0 X79.588 Y153.365
G0 X79.089 Y155.069
G0 X79.592 Y156.783
G0 X81.312 Y158.579
G0 X81.312 Y159.674
G0 X86.044 Y160.416
G0 X86.216 Y173.244
;TYPE:WALL-INNER
G1 F1500 E52.62552
G1 F1943.5 X86.216 Y160.244 E52.88495
G1 X80.612 Y160.244 E52.99678
G1 X80.612 Y173.244 E53.25621
G1 X86.216 Y173.244 E53.36804
G0 F15000 X86.616 Y173.644
G1 F1943.5 X86.616 Y159.844 E53.64344
G1 X80.212 Y159.844 E53.77123
G1 X80.212 Y173.644 E54.04663
G1 X86.616 Y173.644 E54.17443
G0 F15000 X87.016 Y174.044
;TYPE:WALL-OUTER
G1 F1943.5 X87.016 Y159.444 E54.46579
G1 X79.812 Y159.444 E54.60955
G1 X79.812 Y174.044 E54.90091
G1 X87.016 Y174.044 E55.04467
G0 F15000 X86.739 Y173.764
G0 X86.116 Y172.884
G0 X85.856 Y172.884
;TYPE:SKIN
G1 F1943.5 X80.972 Y172.884 E55.14214
G1 X80.972 Y160.604 E55.3872
G1 X85.856 Y160.604 E55.48466
G1 X85.856 Y172.884 E55.72972
G0 F15000 X85.269 Y172.684
G1 F1943.5 X85.656 Y172.296 E55.74066
G0 F15000 X85.656 Y171.731
G1 F1943.5 X84.703 Y172.684 E55.76756
G0 F15000 X84.137 Y172.684
G1 F1943.5 X85.656 Y171.165 E55.81043
G0 F15000 X85.656 Y170.599
G1 F1943.5 X83.572 Y172.684 E55.86925
G0 F15000 X83.006 Y172.684
G1 F1943.5 X85.656 Y170.034 E55.94404
G0 F15000 X85.656 Y169.468
G1 F1943.5 X82.44 Y172.684 E56.03481
G0 F15000 X81.874 Y172.684
G1 F1943.5 X85.656 Y168.902 E56.14154
G0 F15000 X85.656 Y168.337
G1 F1943.5 X81.309 Y172.684 E56.26422
G0 F15000 X81.172 Y172.255
G1 F1943.5 X85.656 Y167.771 E56.39077
G0 F15000 X85.656 Y167.205
G1 F1943.5 X81.172 Y171.689 E56.51732
G0 F15000 X81.172 Y171.123
G1 F1943.5 X85.656 Y166.64 E56.64385
G0 F15000 X85.656 Y166.074
G1 F1943.5 X81.172 Y170.558 E56.7704
G0 F15000 X81.172 Y169.992
G1 F1943.5 X85.656 Y165.508 E56.89695
G0 F15000 X85.656 Y164.943
G1 F1943.5 X81.172 Y169.426 E57.02348
G0 F15000 X81.172 Y168.861
G1 F1943.5 X85.656 Y164.377 E57.15003
G0 F15000 X85.656 Y163.811
G1 F1943.5 X81.172 Y168.295 E57.27658
G0 F15000 X81.172 Y167.729
G1 F1943.5 X85.656 Y163.245 E57.40313
G0 F15000 X85.656 Y162.68
G1 F1943.5 X81.172 Y167.164 E57.52968
G0 F15000 X81.172 Y166.598
G1 F1943.5 X85.656 Y162.114 E57.65623
G0 F15000 X85.656 Y161.548
G1 F1943.5 X81.172 Y166.032 E57.78277
G0 F15000 X81.172 Y165.467
G1 F1943.5 X85.656 Y160.983 E57.90932
G0 F15000 X85.269 Y160.804
G1 F1943.5 X81.172 Y164.901 E58.02495
G0 F15000 X81.172 Y164.335
G1 F1943.5 X84.704 Y160.804 E58.12461
G0 F15000 X84.138 Y160.804
G1 F1943.5 X81.172 Y163.769 E58.20831
G0 F15000 X81.172 Y163.204
G1 F1943.5 X83.572 Y160.804 E58.27604
G0 F15000 X83.007 Y160.804
G1 F1943.5 X81.172 Y162.638 E58.32781
G0 F15000 X81.172 Y162.072
G1 F1943.5 X82.441 Y160.804 E58.36361
G0 F15000 X81.875 Y160.804
G1 F1943.5 X81.172 Y161.507 E58.38345
G0 F15000 X81.172 Y160.941
G1 F1943.5 X81.31 Y160.804 E58.38733
G1 F1500 E51.88733
;MESH:NONMESH
G0 F300 X81.31 Y160.804 Z0.92
G0 F15000 X81.31 Y160.344
G0 X81.352 Y159.674
G0 X81.352 Y158.579
G0 X79.592 Y156.783
G0 X79.089 Y155.069
G0 X79.588 Y153.365
G0 X80.671 Y152.221
G0 X81.352 Y152.866
;TIME_ELAPSED:136.815371
;LAYER:6
;note -- min layer time used
;TYPE:SUPPORT
G1 F1500 E58.38733
G1 F1977.4 X82.641 Y152.504 E58.41405
G1 X83.07 Y152.62 E58.42292
G1 X83.239 Y152.585 E58.42637
G1 X83.486 Y152.64 E58.43142
G1 X83.652 Y152.596 E58.43484
G1 X83.795 Y152.624 E58.43775
G1 X84.231 Y152.508 E58.44675
G1 X85.548 Y152.882 E58.47408
G1 X86.465 Y153.851 E58.5007
G1 X86.823 Y155.066 E58.52598
G1 X86.465 Y156.335 E58.55229
G1 X85.543 Y157.257 E58.57831
G1 X84.23 Y157.627 E58.60553
G1 X83.806 Y157.504 E58.61434
G1 X83.65 Y157.535 E58.61752
G1 X83.458 Y157.492 E58.62144
G1 X83.24 Y157.551 E58.62595
G1 X83.075 Y157.512 E58.62933
G1 X82.637 Y157.631 E58.63839
G1 X81.406 Y157.27 E58.66399
G1 X80.422 Y156.286 E58.69176
G1 X80.065 Y155.067 E58.71711
G1 X80.419 Y153.847 E58.74246
G1 X81.352 Y152.866 E58.76948
G1 F1500 E52.26948
;MESH:WheelAdapter_v11.stl
G0 F15000 X80.725 Y152.272
G0 X79.654 Y153.402
G0 X79.166 Y155.069
G0 X79.658 Y156.746
G0 X81.352 Y158.579
G0 X81.352 Y159.674
G0 X86.112 Y160.416
G0 X86.287 Y173.244
;TYPE:WALL-INNER
G1 F1500 E58.76948
G1 F1977.4 X86.284 Y160.244 E59.02891
G1 X80.544 Y160.244 E59.14346
G1 X80.544 Y173.244 E59.40288
G1 X86.287 Y173.244 E59.51749
G0 F15000 X86.687 Y173.644
G1 F1977.4 X86.684 Y159.844 E59.79289
G1 X80.144 Y159.844 E59.9234
G1 X80.144 Y173.644 E60.19879
G1 X86.687 Y173.644 E60.32937
G0 F15000 X87.087 Y174.044
;TYPE:WALL-OUTER
G1 F1977.4 X87.084 Y159.444 E60.62072
G1 X79.744 Y159.444 E60.7672
G1 X79.744 Y174.044 E61.05856
G1 X87.087 Y174.044 E61.2051
G0 F15000 X86.808 Y173.764
G0 X85.924 Y173.144
G0 X85.924 Y172.884
;TYPE:SKIN
G1 F1977.4 X80.904 Y172.884 E61.30528
G1 X80.904 Y160.604 E61.55034
G1 X85.924 Y160.604 E61.65052
G1 X85.924 Y172.884 E61.89558
G0 F15000 X85.924 Y173.144
G0 X80.716 Y173.072
G0 X80.644 Y172.179
G0 X81.104 Y172.179
G1 F1977.4 X81.609 Y172.684 E61.90983
G0 F15000 X82.174 Y172.684
G1 F1977.4 X81.104 Y171.613 E61.94004
G0 F15000 X81.104 Y171.048
G1 F1977.4 X82.74 Y172.684 E61.98621
G0 F15000 X83.306 Y172.684
G1 F1977.4 X81.104 Y170.482 E62.04836
G0 F15000 X81.104 Y169.916
G1 F1977.4 X83.871 Y172.684 E62.12646
G0 F15000 X84.437 Y172.684
G1 F1977.4 X81.104 Y169.351 E62.22053
G0 F15000 X81.104 Y168.785
G1 F1977.4 X85.003 Y172.684 E62.33057
G0 F15000 X85.568 Y172.684
G1 F1977.4 X81.104 Y168.219 E62.45656
G0 F15000 X81.104 Y167.654
G1 F1977.4 X85.724 Y172.274 E62.58695
G0 F15000 X85.724 Y171.708
G1 F1977.4 X81.104 Y167.088 E62.71734
G0 F15000 X81.104 Y166.522
G1 F1977.4 X85.724 Y171.142 E62.84772
G0 F15000 X85.724 Y170.577
G1 F1977.4 X81.104 Y165.957 E62.97811
G0 F15000 X81.104 Y165.391
G1 F1977.4 X85.724 Y170.011 E63.1085
G0 F15000 X85.724 Y169.445
G1 F1977.4 X81.104 Y164.825 E63.23888
G0 F15000 X81.104 Y164.259
G1 F1977.4 X85.724 Y168.88 E63.36928
G0 F15000 X85.724 Y168.314
G1 F1977.4 X81.104 Y163.694 E63.49967
G0 F15000 X81.104 Y163.128
G1 F1977.4 X85.724 Y167.748 E63.63006
G0 F15000 X85.724 Y167.183
G1 F1977.4 X81.104 Y162.562 E63.76046
G0 F15000 X81.104 Y161.997
G1 F1977.4 X85.724 Y166.617 E63.89084
G0 F15000 X85.724 Y166.051
G1 F1977.4 X81.104 Y161.431 E64.02123
G0 F15000 X81.104 Y160.865
G1 F1977.4 X85.724 Y165.486 E64.15163
G0 F15000 X85.724 Y164.92
G1 F1977.4 X81.609 Y160.805 E64.26776
G0 F15000 X82.174 Y160.805
G1 F1977.4 X85.724 Y164.354 E64.36794
G0 F15000 X85.724 Y163.789
G1 F1977.4 X82.74 Y160.805 E64.45215
G0 F15000 X83.306 Y160.805
G1 F1977.4 X85.724 Y163.223 E64.5204
G0 F15000 X85.724 Y162.657
G1 F1977.4 X83.871 Y160.805 E64.57268
G0 F15000 X84.437 Y160.805
G1 F1977.4 X85.724 Y162.092 E64.609
G0 F15000 X85.724 Y161.526
G1 F1977.4 X85.003 Y160.805 E64.62935
G0 F15000 X85.568 Y160.805
G1 F1977.4 X85.724 Y160.96 E64.63374
G1 F1500 E58.13374
;MESH:NONMESH
G0 F300 X85.724 Y160.96 Z1.04
G0 F15000 X86.185 Y160.96
G0 X86.112 Y160.416
G0 X81.392 Y159.674
G0 X81.392 Y158.579
G0 X79.658 Y156.746
G0 X79.166 Y155.069
G0 X79.654 Y153.402
G0 X80.71 Y152.288
G0 X81.392 Y152.934
;TIME_ELAPSED:153.186147
;LAYER:7
;note -- min layer time used
;TYPE:SUPPORT
G1 F1500 E64.63374
G1 F2004.3 X82.641 Y152.58 E64.65964
G1 X83.066 Y152.696 E64.66843
G1 X83.238 Y152.663 E64.67193
G1 X83.462 Y152.712 E64.6765
G1 X83.65 Y152.661 E64.68039
G1 X83.817 Y152.696 E64.6838
G1 X84.231 Y152.584 E64.69236
G1 X85.504 Y152.946 E64.71877
G1 X86.405 Y153.891 E64.74482
G1 X86.744 Y155.065 E64.76921
G1 X86.401 Y156.295 E64.79469
G1 X85.507 Y157.189 E64.81992
G1 X84.23 Y157.547 E64.84639
G1 X83.821 Y157.425 E64.85491
G1 X83.649 Y157.471 E64.85846
G1 X83.43 Y157.42 E64.86295
G1 X83.238 Y157.471 E64.86691
G1 X83.075 Y157.436 E64.87024
G1 X82.637 Y157.555 E64.8793
G1 X81.446 Y157.206 E64.90406
G1 X80.49 Y156.25 E64.93104
G1 X80.141 Y155.067 E64.95566
G1 X80.487 Y153.883 E64.98027
G1 X81.392 Y152.934 E65.00644
G1 F1500 E58.50644
;MESH:WheelAdapter_v11.stl
G0 F15000 X80.763 Y152.339
G0 X79.721 Y153.44
G0 X79.244 Y155.069
G0 X79.725 Y156.708
G0 X81.392 Y158.579
G0 X81.392 Y159.674
G0 X86.184 Y160.416
G0 X86.356 Y173.244
;TYPE:WALL-INNER
G1 F1500 E65.00644
G1 F2004.3 X86.356 Y160.244 E65.26587
G1 X80.472 Y160.244 E65.38329
G1 X80.472 Y173.244 E65.64272
G1 X86.356 Y173.244 E65.76014
G0 F15000 X86.756 Y173.644
G1 F2004.3 X86.756 Y159.844 E66.03554
G1 X80.072 Y159.844 E66.16892
G1 X80.072 Y173.644 E66.44432
G1 X86.756 Y173.644 E66.5777
G0 F15000 X87.156 Y174.044
;TYPE:WALL-OUTER
G1 F2004.3 X87.156 Y159.444 E66.86906
G1 X79.672 Y159.444 E67.01841
G1 X79.672 Y174.044 E67.30977
G1 X87.156 Y174.044 E67.45912
G0 F15000 X86.878 Y173.764
G0 X86.256 Y172.884
G0 X85.996 Y172.884
;TYPE:SKIN
G1 F2004.3 X80.832 Y172.884 E67.56218
G1 X80.832 Y160.604 E67.80724
G1 X85.996 Y160.604 E67.91029
G1 X85.996 Y172.884 E68.15535
G0 F15000 X85.269 Y172.684
G1 F2004.3 X85.796 Y172.156 E68.17024
G0 F15000 X85.796 Y171.591
G1 F2004.3 X84.703 Y172.684 E68.20109
G0 F15000 X84.137 Y172.684
G1 F2004.3 X85.796 Y171.025 E68.24791
G0 F15000 X85.796 Y170.459
G1 F2004.3 X83.572 Y172.684 E68.31069
G0 F15000 X83.006 Y172.684
G1 F2004.3 X85.796 Y169.894 E68.38943
G0 F15000 X85.796 Y169.328
G1 F2004.3 X82.44 Y172.684 E68.48414
G0 F15000 X81.874 Y172.684
G1 F2004.3 X85.796 Y168.762 E68.59483
G0 F15000 X85.796 Y168.197
G1 F2004.3 X81.309 Y172.684 E68.72146
G0 F15000 X81.032 Y172.395
G1 F2004.3 X85.796 Y167.631 E68.85591
G0 F15000 X85.796 Y167.065
G1 F2004.3 X81.032 Y171.829 E68.99036
G0 F15000 X81.032 Y171.263
G1 F2004.3 X85.796 Y166.5 E69.1248
G0 F15000 X85.796 Y165.934
G1 F2004.3 X81.032 Y170.698 E69.25925
G0 F15000 X81.032 Y170.132
G1 F2004.3 X85.796 Y165.368 E69.3937
G0 F15000 X85.796 Y164.803
G1 F2004.3 X81.032 Y169.566 E69.52813
G0 F15000 X81.032 Y169.001
G1 F2004.3 X85.796 Y164.237 E69.66259
G0 F15000 X85.796 Y163.671
G1 F2004.3 X81.032 Y168.435 E69.79704
G0 F15000 X81.032 Y167.869
G1 F2004.3 X85.796 Y163.105 E69.93149
G0 F15000 X85.796 Y162.54
G1 F2004.3 X81.032 Y167.304 E70.06594
G0 F15000 X81.032 Y166.738
G1 F2004.3 X85.796 Y161.974 E70.20039
G0 F15000 X85.796 Y161.408
G1 F2004.3 X81.032 Y166.172 E70.33484
G0 F15000 X81.032 Y165.607
G1 F2004.3 X85.796 Y160.843 E70.46929
G0 F15000 X85.269 Y160.804
G1 F2004.3 X81.032 Y165.041 E70.58886
G0 F15000 X81.032 Y164.475
G1 F2004.3 X84.704 Y160.804 E70.69248
G0 F15000 X84.138 Y160.804
G1 F2004.3 X81.032 Y163.909 E70.78013
G0 F15000 X81.032 Y163.344
G1 F2004.3 X83.572 Y160.804 E70.85181
G0 F15000 X83.007 Y160.804
G1 F2004.3 X81.032 Y162.778 E70.90754
G0 F15000 X81.032 Y162.212
G1 F2004.3 X82.441 Y160.804 E70.94729
G0 F15000 X81.875 Y160.804
G1 F2004.3 X81.032 Y161.647 E70.97108
G0 F15000 X81.032 Y161.081
G1 F2004.3 X81.31 Y160.804 E70.97891
G1 F1500 E64.47891
;MESH:NONMESH
G0 F300 X81.31 Y160.804 Z1.16
G0 F15000 X81.31 Y160.344
G0 X81.424 Y159.674
G0 X81.424 Y158.579
G0 X79.725 Y156.708
G0 X79.244 Y155.069
G0 X79.721 Y153.44
G0 X80.745 Y152.359
G0 X81.424 Y153.002
;TIME_ELAPSED:169.157658
;LAYER:8
;note -- min layer time used
;TYPE:SUPPORT
G1 F1500 E70.97891
G1 F1072.4 X82.641 Y152.656 E71.00416
G1 X83.438 Y152.878 E71.02067
G1 X84.251 Y152.656 E71.03749
G1 X85.48 Y153.002 E71.06297
G1 X86.345 Y153.919 E71.08812
G1 X86.683 Y155.066 E71.11199
G1 X86.345 Y156.267 E71.13688
G1 X85.475 Y157.137 E71.16144
G1 X84.257 Y157.476 E71.18667
G1 X83.462 Y157.253 E71.20315
G1 X82.638 Y157.48 E71.2202
G1 X81.482 Y157.138 E71.24426
G1 X80.554 Y156.214 E71.27039
G1 X80.217 Y155.068 E71.29423
G1 X80.555 Y153.919 E71.31813
G1 X81.424 Y153.002 E71.34334
G1 F1500 E64.84334
;MESH:WheelAdapter_v11.stl
G0 F15000 X80.795 Y152.409
G0 X79.788 Y153.476
G0 X79.32 Y155.069
G0 X79.79 Y156.671
G0 X81.424 Y158.579
G0 X81.424 Y159.674
G0 X86.424 Y173.244
;TYPE:WALL-INNER
G1 F1500 E71.34334
G1 F1072.4 X86.424 Y160.244 E71.60277
G1 X80.404 Y160.244 E71.72291
G1 X80.404 Y173.244 E71.98234
G1 X86.424 Y173.244 E72.10247
G0 F15000 X86.824 Y173.644
G1 F1072.4 X86.824 Y159.844 E72.37787
G1 X80.004 Y159.844 E72.51397
G1 X80.004 Y173.644 E72.78936
G1 X86.824 Y173.644 E72.92546
G0 F15000 X87.224 Y174.044
;TYPE:WALL-OUTER
G1 F1072.4 X87.224 Y159.444 E73.21682
G1 X79.604 Y159.444 E73.36889
G1 X79.604 Y174.044 E73.66024
G1 X87.224 Y174.044 E73.81231
G0 F15000 X86.947 Y173.764
G0 X86.344 Y173.09
;TYPE:FILL
G1 F1072.4 X86.07 Y173.164 E73.81797
G0 F15000 X81.683 Y173.164
G1 F1072.4 X80.484 Y171.965 E73.85181
G0 F15000 X80.484 Y172.515
G1 F1072.4 X83.751 Y160.323 E74.1037
G0 F15000 X80.484 Y160.651
G1 F1072.4 X86.344 Y166.512 E74.2691
G0 F15000 X86.344 Y164.808
G1 F1072.4 X80.484 Y166.378 E74.39016
G0 F15000 X80.616 Y166.379
G1 F1500 E67.89016
;MESH:NONMESH
G0 F300 X80.616 Y166.379 Z1.28
G0 F15000 X81.512 Y159.674
G0 X81.512 Y158.579
G0 X79.79 Y156.671
G0 X79.32 Y155.069
G0 X79.788 Y153.476
G0 X80.765 Y152.441
G0 X81.512 Y153.146
;TIME_ELAPSED:182.159910
;LAYER:9
;note -- min layer time used
;TYPE:SUPPORT
G1 F1500 E74.39016
G1 F1074.8 X82.641 Y152.824 E74.41359
G1 X83.124 Y152.958 E74.4236
G1 X83.239 Y152.932 E74.42595
G1 X83.43 Y152.98 E74.42988
G1 X83.647 Y152.935 E74.4343
G1 X83.757 Y152.962 E74.43656
G1 X84.251 Y152.824 E74.4468
G1 X85.392 Y153.146 E74.47046
G1 X86.205 Y154.003 E74.49403
G1 X86.515 Y155.066 E74.51613
G1 X86.201 Y156.183 E74.53928
G1 X85.391 Y156.993 E74.56214
G1 X84.254 Y157.311 E74.5857
G1 X83.786 Y157.177 E74.59542
G1 X83.649 Y157.2 E74.59819
G1 X83.47 Y157.152 E74.60189
G1 X83.241 Y157.201 E74.60656
G1 X83.097 Y157.183 E74.60946
G1 X82.638 Y157.311 E74.61897
G1 X81.562 Y156.994 E74.64135
G1 X80.698 Y156.134 E74.66568
G1 X80.385 Y155.067 E74.68787
G1 X80.695 Y154.003 E74.70999
G1 X81.512 Y153.146 E74.73361
G1 F1500 E68.23361
;MESH:WheelAdapter_v11.stl
G0 F15000 X80.883 Y152.55
G0 X79.93 Y153.557
G0 X79.487 Y155.069
G0 X79.934 Y156.591
G0 X81.512 Y158.579
G0 X81.512 Y159.674
G0 X86.495 Y173.244
;TYPE:WALL-INNER
G1 F1500 E74.73361
G1 F1074.8 X86.492 Y160.244 E74.99304
G1 X80.336 Y160.244 E75.11589
G1 X80.336 Y173.244 E75.37532
G1 X86.495 Y173.244 E75.49823
G0 F15000 X86.895 Y173.644
G1 F1074.8 X86.892 Y159.844 E75.77363
G1 X79.936 Y159.844 E75.91244
G1 X79.936 Y173.644 E76.18783
G1 X86.895 Y173.644 E76.32671
G0 F15000 X87.295 Y174.044
;TYPE:WALL-OUTER
G1 F1074.8 X87.292 Y159.444 E76.61807
G1 X79.536 Y159.444 E76.77285
G1 X79.536 Y174.044 E77.06421
G1 X87.295 Y174.044 E77.21904
G0 F15000 X87.016 Y173.764
G0 X81.803 Y173.164
;TYPE:FILL
G1 F1074.8 X80.416 Y171.777 E77.25819
G0 F15000 X80.416 Y172.441
G1 F1074.8 X83.663 Y160.323 E77.50855
G0 F15000 X80.416 Y160.463
G1 F1074.8 X86.413 Y166.461 E77.67781
G0 F15000 X86.413 Y164.878
G1 F1074.8 X80.416 Y166.485 E77.80171
G0 F15000 X80.547 Y166.486
G1 F1500 E71.30171
;MESH:NONMESH
G0 F300 X80.547 Y166.486 Z1.4
G0 F15000 X81.564 Y159.674
G0 X81.564 Y158.579
G0 X79.934 Y156.591
G0 X79.487 Y155.069
G0 X79.93 Y153.557
G0 X80.864 Y152.571
G0 X81.564 Y153.234
;TIME_ELAPSED:195.052124
;LAYER:10
;note -- min layer time used
;TYPE:SUPPORT
G1 F1500 E77.80171
G1 F1078.9 X82.639 Y152.928 E77.82401
G1 X83.114 Y153.06 E77.83385
G1 X83.241 Y153.037 E77.83643
G1 X83.466 Y153.088 E77.84103
G1 X83.65 Y153.04 E77.84483
G1 X83.796 Y153.056 E77.84776
G1 X84.251 Y152.928 E77.85719
G1 X85.34 Y153.234 E77.87976
G1 X86.117 Y154.051 E77.90226
G1 X86.412 Y155.066 E77.92336
G1 X86.113 Y156.131 E77.94543
G1 X85.339 Y156.905 E77.96728
G1 X84.254 Y157.208 E77.98976
G1 X83.805 Y157.076 E77.9991
G1 X83.647 Y157.095 E78.00227
G1 X83.43 Y157.044 E78.00672
G1 X83.24 Y157.095 E78.01065
G1 X83.118 Y157.072 E78.01312
G1 X82.637 Y157.203 E78.02307
G1 X81.61 Y156.906 E78.04441
G1 X80.79 Y156.082 E78.06761
G1 X80.489 Y155.067 E78.08873
G1 X80.787 Y154.051 E78.10986
G1 X81.564 Y153.234 E78.13236
G1 F1500 E71.63236
;MESH:WheelAdapter_v11.stl
G0 F15000 X80.936 Y152.639
G0 X80.02 Y153.607
G0 X79.592 Y155.069
G0 X80.024 Y156.541
G0 X81.564 Y158.579
G0 X81.564 Y159.674
G0 X86.564 Y173.244
;TYPE:WALL-INNER
G1 F1500 E78.13236
G1 F1078.9 X86.564 Y160.244 E78.39179
G1 X80.265 Y160.244 E78.5175
G1 X80.268 Y173.244 E78.77692
G1 X86.564 Y173.244 E78.90257
G0 F15000 X86.964 Y173.644
G1 F1078.9 X86.964 Y159.844 E79.17796
G1 X79.865 Y159.844 E79.31963
G1 X79.868 Y173.644 E79.59502
G1 X86.964 Y173.644 E79.73663
G0 F15000 X87.364 Y174.044
;TYPE:WALL-OUTER
G1 F1078.9 X87.364 Y159.444 E80.02799
G1 X79.465 Y159.444 E80.18562
G1 X79.468 Y174.044 E80.47698
G1 X87.364 Y174.044 E80.63456
G0 F15000 X87.085 Y173.764
G0 X81.922 Y173.164
;TYPE:FILL
G1 F1078.9 X80.347 Y171.589 E80.67901
G0 F15000 X80.348 Y172.372
G1 F1078.9 X83.576 Y160.323 E80.92794
G0 F15000 X80.396 Y160.324
G1 F1078.9 X86.484 Y166.413 E81.09977
G0 F15000 X86.483 Y164.946
G1 F1078.9 X80.346 Y166.59 E81.22656
G0 F15000 X80.478 Y166.591
G1 F1500 E74.72656
;MESH:NONMESH
G0 F300 X80.478 Y166.591 Z1.52
G0 F15000 X81.616 Y159.674
G0 X81.616 Y158.579
G0 X80.024 Y156.541
G0 X79.592 Y155.069
G0 X80.02 Y153.607
G0 X80.915 Y152.662
G0 X81.616 Y153.326
;TIME_ELAPSED:207.932715
;LAYER:11
;note -- min layer time used
;TYPE:SUPPORT
G1 F1500 E81.22656
G1 F1081.6 X82.641 Y153.036 E81.24781
G1 X83.114 Y153.164 E81.25759
G1 X83.241 Y153.141 E81.26017
G1 X83.466 Y153.192 E81.26477
G1 X83.65 Y153.144 E81.26857
G1 X83.777 Y153.163 E81.27113
G1 X84.251 Y153.032 E81.28094
G1 X85.284 Y153.326 E81.30238
G1 X86.025 Y154.103 E81.3238
G1 X86.304 Y155.065 E81.34379
G1 X86.021 Y156.075 E81.36472
G1 X85.287 Y156.813 E81.3855
G1 X84.254 Y157.103 E81.40691
G1 X83.785 Y156.965 E81.41666
G1 X83.643 Y156.99 E81.41954
G1 X83.43 Y156.94 E81.42391
G1 X83.238 Y156.989 E81.42786
G1 X83.118 Y156.968 E81.43029
G1 X82.638 Y157.099 E81.44022
G1 X81.662 Y156.814 E81.46051
G1 X80.878 Y156.03 E81.48264
G1 X80.593 Y155.067 E81.50268
G1 X80.875 Y154.103 E81.52272
G1 X81.616 Y153.326 E81.54415
G1 F1500 E75.04415
;MESH:WheelAdapter_v11.stl
G0 F15000 X80.988 Y152.731
G0 X80.11 Y153.658
G0 X79.697 Y155.069
G0 X80.114 Y156.49
G0 X81.616 Y158.579
G0 X81.616 Y159.674
G0 X86.632 Y173.244
;TYPE:WALL-INNER
G1 F1500 E81.54415
G1 F1081.6 X86.632 Y160.244 E81.80358
G1 X80.196 Y160.244 E81.93202
G1 X80.196 Y173.244 E82.19145
G1 X86.632 Y173.244 E82.31988
G0 F15000 X87.032 Y173.644
G1 F1081.6 X87.032 Y159.844 E82.59528
G1 X79.796 Y159.844 E82.73968
G1 X79.796 Y173.644 E83.01507
G1 X87.032 Y173.644 E83.15948
G0 F15000 X87.432 Y174.044
;TYPE:WALL-OUTER
G1 F1081.6 X87.432 Y159.444 E83.45083
G1 X79.396 Y159.444 E83.6112
G1 X79.396 Y174.044 E83.90256
G1 X87.432 Y174.044 E84.06293
G0 F15000 X87.155 Y173.764
G0 X82.042 Y173.164
;TYPE:FILL
G1 F1081.6 X80.276 Y171.398 E84.11277
G0 F15000 X80.276 Y172.31
G1 F1081.6 X83.488 Y160.323 E84.36042
G0 F15000 X80.516 Y160.324
G1 F1081.6 X86.552 Y166.36 E84.53077
G0 F15000 X86.551 Y165.016
G1 F1081.6 X80.277 Y166.697 E84.66039
G0 F15000 X80.408 Y166.698
G1 F1500 E78.16039
;MESH:NONMESH
G0 F300 X80.408 Y166.698 Z1.64
G0 F15000 X81.668 Y159.674
G0 X81.668 Y158.579
G0 X80.114 Y156.49
G0 X79.697 Y155.069
G0 X80.11 Y153.658
G0 X80.968 Y152.751
G0 X81.668 Y153.414
;TIME_ELAPSED:220.797411
;LAYER:12
;note -- min layer time used
;TYPE:SUPPORT
G1 F1500 E84.66039
G1 F1084.1 X82.641 Y153.14 E84.68056
G1 X83.087 Y153.263 E84.68979
G1 X83.239 Y153.248 E84.69284
G1 X83.462 Y153.296 E84.6974
G1 X83.644 Y153.249 E84.70115
G1 X83.801 Y153.267 E84.7043
G1 X84.257 Y153.137 E84.71376
G1 X85.232 Y153.414 E84.73399
G1 X85.937 Y154.151 E84.75434
G1 X86.2 Y155.065 E84.77332
G1 X85.933 Y156.024 E84.79319
G1 X85.235 Y156.725 E84.81293
G1 X84.254 Y156.996 E84.83324
G1 X83.788 Y156.861 E84.84292
G1 X83.647 Y156.886 E84.84578
G1 X83.469 Y156.836 E84.84947
G1 X83.241 Y156.885 E84.85412
G1 X83.118 Y156.864 E84.85661
G1 X82.638 Y156.995 E84.86654
G1 X81.71 Y156.722 E84.88585
G1 X80.97 Y155.982 E84.90673
G1 X80.701 Y155.063 E84.92584
G1 X80.967 Y154.151 E84.9448
G1 X81.668 Y153.414 E84.9651
G1 F1500 E78.4651
;MESH:WheelAdapter_v11.stl
G0 F15000 X81.041 Y152.82
G0 X80.201 Y153.708
G0 X79.802 Y155.07
G0 X80.205 Y156.44
G0 X81.668 Y158.579
G0 X81.668 Y159.674
G0 X86.703 Y173.244
;TYPE:WALL-INNER
G1 F1500 E84.9651
G1 F1084.1 X86.7 Y160.244 E85.22453
G1 X80.128 Y160.244 E85.35568
G1 X80.128 Y173.244 E85.61511
G1 X86.703 Y173.244 E85.74632
G0 F15000 X87.103 Y173.644
G1 F1084.1 X87.1 Y159.844 E86.02171
G1 X79.728 Y159.844 E86.16883
G1 X79.728 Y173.644 E86.44422
G1 X87.103 Y173.644 E86.5914
G0 F15000 X87.503 Y174.044
;TYPE:WALL-OUTER
G1 F1084.1 X87.5 Y159.444 E86.88276
G1 X79.328 Y159.444 E87.04584
G1 X79.328 Y174.044 E87.3372
G1 X87.503 Y174.044 E87.50034
G0 F15000 X87.224 Y173.764
G0 X82.162 Y173.164
;TYPE:FILL
G1 F1084.1 X80.208 Y171.21 E87.55548
G0 F15000 X80.208 Y172.236
G1 F1084.1 X83.4 Y160.323 E87.80161
G0 F15000 X80.636 Y160.324
G1 F1084.1 X86.621 Y166.309 E87.97052
G0 F15000 X86.621 Y165.085
G1 F1084.1 X80.209 Y166.803 E88.10299
G0 F15000 X80.339 Y166.804
G1 F1500 E81.60299
;MESH:NONMESH
G0 F300 X80.339 Y166.804 Z1.76
G0 F15000 X81.72 Y159.674
G0 X81.72 Y158.579
G0 X80.205 Y156.44
G0 X79.802 Y155.07
G0 X80.201 Y153.708
G0 X81.02 Y152.843
G0 X81.72 Y153.506
;TIME_ELAPSED:233.644650
;LAYER:13
;note -- min layer time used
;TYPE:SUPPORT
G1 F1500 E88.10299
G1 F1087 X82.641 Y153.244 E88.1221
G1 X83.128 Y153.382 E88.1322
G1 X83.242 Y153.353 E88.13454
G1 X83.429 Y153.404 E88.13841
G1 X83.649 Y153.356 E88.14291
G1 X83.779 Y153.375 E88.14553
G1 X84.255 Y153.244 E88.15538
G1 X85.18 Y153.506 E88.17457
G1 X85.845 Y154.203 E88.19379
G1 X86.096 Y155.065 E88.21171
G1 X85.841 Y155.971 E88.23049
G1 X85.179 Y156.633 E88.24917
G1 X84.254 Y156.891 E88.26834
G1 X83.854 Y156.778 E88.27663
G1 X83.245 Y156.959 E88.28931
G1 X82.846 Y156.839 E88.29763
G1 X82.629 Y156.888 E88.30207
G1 X81.762 Y156.634 E88.32009
G1 X81.058 Y155.93 E88.33996
G1 X80.805 Y155.068 E88.35789
G1 X81.059 Y154.203 E88.37588
G1 X81.72 Y153.506 E88.39505
G1 F1500 E81.89505
;MESH:WheelAdapter_v11.stl
G0 F15000 X81.094 Y152.911
G0 X80.291 Y153.758
G0 X79.907 Y155.07
G0 X80.256 Y156.258
G0 X81.72 Y158.579
G0 X81.72 Y159.674
G0 X86.772 Y173.244
;TYPE:WALL-INNER
G1 F1500 E88.39505
G1 F1087 X86.772 Y160.244 E88.65448
G1 X80.057 Y160.244 E88.78848
G1 X80.06 Y173.244 E89.04791
G1 X86.772 Y173.244 E89.18186
G0 F15000 X87.172 Y173.644
G1 F1087 X87.172 Y159.844 E89.45725
G1 X79.657 Y159.844 E89.60722
G1 X79.66 Y173.644 E89.88262
G1 X87.172 Y173.644 E90.03253
G0 F15000 X87.572 Y174.044
;TYPE:WALL-OUTER
G1 F1087 X87.572 Y159.444 E90.32389
G1 X79.257 Y159.444 E90.48982
G1 X79.26 Y174.044 E90.78118
G1 X87.572 Y174.044 E90.94705
G0 F15000 X87.293 Y173.764
G0 X82.282 Y173.164
;TYPE:FILL
G1 F1087 X80.139 Y171.021 E91.00753
G0 F15000 X80.139 Y172.164
G1 F1087 X83.312 Y160.324 E91.25215
G0 F15000 X80.757 Y160.324
G1 F1087 X86.692 Y166.26 E91.41966
G0 F15000 X86.692 Y165.154
G1 F1087 X80.139 Y166.91 E91.55505
G0 F15000 X80.27 Y166.911
G1 F1500 E85.05505
;MESH:NONMESH
G0 F300 X80.27 Y166.911 Z1.88
G0 F15000 X81.772 Y159.674
G0 X81.772 Y158.579
G0 X80.295 Y156.39
G0 X79.907 Y155.07
G0 X80.291 Y153.758
G0 X81.074 Y152.932
G0 X81.772 Y153.594
;TIME_ELAPSED:246.471993
;LAYER:14
;note -- min layer time used
;TYPE:SUPPORT
G1 F1500 E91.55505
G1 F1090.1 X82.639 Y153.348 E91.57304
G1 X83.113 Y153.484 E91.58288
G1 X83.241 Y153.457 E91.58549
G1 X83.432 Y153.508 E91.58943
G1 X83.65 Y153.46 E91.59389
G1 X83.782 Y153.478 E91.59655
G1 X84.252 Y153.348 E91.60628
G1 X85.128 Y153.594 E91.62443
G1 X85.753 Y154.255 E91.64259
G1 X85.991 Y155.066 E91.65946
G1 X85.749 Y155.919 E91.67715
G1 X85.127 Y156.541 E91.6947
G1 X84.26 Y156.788 E91.71269
G1 X84.178 Y156.78 E91.71434
G1 X84.042 Y156.85 E91.71739
G1 X83.246 Y157.087 E91.73397
G1 X82.478 Y156.848 E91.75002
G1 X82.326 Y156.693 E91.75435
G1 X81.814 Y156.542 E91.765
G1 X81.15 Y155.878 E91.78374
G1 X80.909 Y155.067 E91.80062
G1 X81.147 Y154.255 E91.81751
G1 X81.772 Y153.594 E91.83566
G1 F1500 E85.33566
;MESH:WheelAdapter_v11.stl
G0 F15000 X81.146 Y153.001
G0 X80.381 Y153.809
G0 X80.012 Y155.07
G0 X80.348 Y156.212
G0 X81.772 Y158.579
G0 X81.772 Y159.674
G0 X86.84 Y173.244
;TYPE:WALL-INNER
G1 F1500 E91.83566
G1 F1090.1 X86.84 Y160.244 E92.09509
G1 X79.988 Y160.244 E92.23183
G1 X79.988 Y173.244 E92.49126
G1 X86.84 Y173.244 E92.628
G0 F15000 X87.24 Y173.644
G1 F1090.1 X87.24 Y159.844 E92.90339
G1 X79.588 Y159.844 E93.0561
G1 X79.588 Y173.644 E93.33149
G1 X87.24 Y173.644 E93.4842
G0 F15000 X87.64 Y174.044
;TYPE:WALL-OUTER
G1 F1090.1 X87.64 Y159.444 E93.77556
G1 X79.188 Y159.444 E93.94422
G1 X79.188 Y174.044 E94.23558
G1 X87.64 Y174.044 E94.40425
G0 F15000 X87.362 Y173.764
G0 X82.403 Y173.164
;TYPE:FILL
G1 F1090.1 X80.068 Y170.829 E94.47015
G0 F15000 X80.068 Y172.1
G1 F1090.1 X83.224 Y160.324 E94.71345
G0 F15000 X80.877 Y160.324
G1 F1090.1 X86.76 Y166.208 E94.87949
G0 F15000 X86.759 Y165.224
G1 F1090.1 X80.068 Y167.017 E95.01773
G0 F15000 X80.201 Y167.018
G1 F1500 E88.51773
;MESH:NONMESH
G0 F300 X80.201 Y167.018 Z2
G0 F15000 X81.827 Y159.674
G0 X81.827 Y158.579
G0 X80.385 Y156.339
G0 X80.012 Y155.07
G0 X80.381 Y153.809
G0 X81.126 Y153.022
G0 X81.827 Y153.686
;TIME_ELAPSED:259.282808
;LAYER:15
;note -- min layer time used
;TYPE:SUPPORT
G1 F1500 E95.01773
G1 F1094.3 X82.641 Y153.456 E95.03461
G1 X83.108 Y153.583 E95.04427
G1 X83.238 Y153.564 E95.04689
G1 X83.426 Y153.612 E95.05076
G1 X83.649 Y153.564 E95.05531
G1 X83.771 Y153.584 E95.05778
G1 X84.255 Y153.452 E95.06779
G1 X85.076 Y153.686 E95.08483
G1 X85.665 Y154.303 E95.10185
G1 X85.884 Y155.065 E95.11767
G1 X85.661 Y155.867 E95.13428
G1 X85.075 Y156.45 E95.15078
G1 X84.298 Y156.673 E95.16691
G1 X83.991 Y156.999 E95.17585
G1 X83.242 Y157.223 E95.19145
G1 X82.53 Y157 E95.20634
G1 X82.105 Y156.548 E95.21872
G1 X81.858 Y156.47 E95.22389
G1 X81.242 Y155.847 E95.24137
G1 X81.013 Y155.069 E95.25756
G1 X81.239 Y154.304 E95.27348
G1 X81.827 Y153.686 E95.2905
G1 F1500 E88.7905
;MESH:WheelAdapter_v11.stl
G0 F15000 X81.2 Y153.091
G0 X80.472 Y153.859
G0 X80.117 Y155.068
G0 X80.44 Y156.18
G0 X81.827 Y158.579
G0 X81.827 Y159.674
G0 X86.911 Y173.244
;TYPE:WALL-INNER
G1 F1500 E95.2905
G1 F1094.3 X86.908 Y160.244 E95.54993
G1 X79.92 Y160.244 E95.68938
G1 X79.92 Y173.244 E95.94881
G1 X86.911 Y173.244 E96.08832
G0 F15000 X87.311 Y173.644
G1 F1094.3 X87.308 Y159.844 E96.36372
G1 X79.52 Y159.844 E96.51914
G1 X79.52 Y173.644 E96.79453
G1 X87.311 Y173.644 E96.95001
G0 F15000 X87.711 Y174.044
;TYPE:WALL-OUTER
G1 F1094.3 X87.708 Y159.444 E97.24137
G1 X79.12 Y159.444 E97.41275
G1 X79.12 Y174.044 E97.70411
G1 X87.711 Y174.044 E97.87555
G0 F15000 X87.432 Y173.764
G0 X82.523 Y173.164
;TYPE:FILL
G1 F1094.3 X80 Y170.641 E97.94676
G0 F15000 X80 Y172.027
G1 F1094.3 X83.136 Y160.323 E98.18856
G0 F15000 X80.997 Y160.324
G1 F1094.3 X86.829 Y166.157 E98.35317
G0 F15000 X86.829 Y165.293
G1 F1094.3 X80.001 Y167.123 E98.49424
G0 F15000 X80.131 Y167.124
G1 F1500 E91.99424
;MESH:NONMESH
G0 F300 X80.131 Y167.124 Z2.12
G0 F15000 X81.876 Y159.674
G0 X81.876 Y158.579
G0 X80.476 Y156.303
G0 X80.117 Y155.068
G0 X80.472 Y153.859
G0 X81.177 Y153.115
G0 X81.876 Y153.778
;TIME_ELAPSED:272.077443
;LAYER:16
;note -- min layer time used
;TYPE:SUPPORT
G1 F1500 E98.49424
G1 F1099.5 X82.641 Y153.56 E98.51011
G1 X83.098 Y153.686 E98.51957
G1 X83.237 Y153.668 E98.52237
G1 X83.424 Y153.721 E98.52625
G1 X83.762 Y153.695 E98.53301
G1 X84.255 Y153.56 E98.54321
G1 X85.028 Y153.778 E98.55924
G1 X85.569 Y154.351 E98.57497
G1 X85.792 Y155.103 E98.59062
G1 X85.568 Y155.926 E98.60764
G1 X85.028 Y156.49 E98.62322
G1 X84.367 Y156.684 E98.63697
G1 X83.938 Y157.143 E98.64951
G1 X83.242 Y157.351 E98.664
G1 X82.586 Y157.148 E98.67771
G1 X82.14 Y156.669 E98.69077
G1 X81.927 Y156.597 E98.69525
G1 X81.34 Y155.978 E98.71228
G1 X81.104 Y155.119 E98.73006
G1 X81.331 Y154.351 E98.74604
G1 X81.876 Y153.778 E98.76182
G1 F1500 E92.26182
;MESH:WheelAdapter_v11.stl
G0 F15000 X81.247 Y153.184
G0 X80.564 Y153.909
G0 X80.247 Y154.984
G0 X80.261 Y155.31
G0 X80.537 Y156.304
G0 X81.876 Y158.579
G0 X81.876 Y159.674
G0 X86.98 Y173.244
;TYPE:WALL-INNER
G1 F1500 E98.76182
G1 F1099.5 X86.98 Y160.244 E99.02125
G1 X79.849 Y160.244 E99.16356
G1 X79.852 Y173.244 E99.42298
G1 X86.98 Y173.244 E99.56523
G0 F15000 X87.38 Y173.644
G1 F1099.5 X87.38 Y159.844 E99.84062
G1 X79.449 Y159.844 E99.9989
G1 X79.452 Y173.644 E100.27429
G1 X87.38 Y173.644 E100.4325
G0 F15000 X87.78 Y174.044
;TYPE:WALL-OUTER
G1 F1099.5 X87.78 Y159.444 E100.72386
G1 X79.049 Y159.444 E100.8981
G1 X79.052 Y174.044 E101.18946
G1 X87.78 Y174.044 E101.36363
G0 F15000 X87.501 Y173.764
G0 X82.643 Y173.164
;TYPE:FILL
G1 F1099.5 X79.931 Y170.452 E101.44017
G0 F15000 X79.932 Y171.952
G1 F1099.5 X83.048 Y160.323 E101.68043
G0 F15000 X81.117 Y160.324
G1 F1099.5 X86.9 Y166.107 E101.84364
G0 F15000 X86.9 Y165.362
G1 F1099.5 X79.931 Y167.23 E101.98762
G0 F15000 X80.062 Y167.231
G1 F1500 E95.48762
;MESH:NONMESH
G0 F300 X80.062 Y167.231 Z2.24
G0 F15000 X81.937 Y159.674
G0 X81.937 Y158.579
G0 X80.568 Y156.415
G0 X80.261 Y155.31
G0 X80.247 Y154.984
G0 X80.564 Y153.909
G0 X81.23 Y153.202
G0 X81.937 Y153.87
;TIME_ELAPSED:284.829983
;LAYER:17
;note -- min layer time used
;TYPE:SUPPORT
G1 F1500 E101.98762
G1 F1104.8 X82.653 Y153.668 E102.00247
G1 X83.126 Y153.792 E102.01222
G1 X83.237 Y153.772 E102.01447
G1 X83.554 Y153.859 E102.02103
G1 X84.231 Y153.668 E102.03507
G1 X84.974 Y153.881 E102.0505
G1 X85.476 Y154.436 E102.06543
G1 X85.684 Y155.172 E102.08069
G1 X85.684 Y155.298 E102.08321
G1 X85.475 Y156.087 E102.0995
G1 X84.947 Y156.647 E102.11486
G1 X84.327 Y156.83 E102.12776
G1 X83.898 Y157.288 E102.14028
G1 X83.262 Y157.478 E102.15353
G1 X82.643 Y157.281 E102.16649
G1 X82.212 Y156.818 E102.17911
G1 X81.992 Y156.742 E102.18376
G1 X81.444 Y156.158 E102.19974
G1 X81.213 Y155.326 E102.21697
G1 X81.216 Y155.174 E102.22001
G1 X81.432 Y154.417 E102.23572
G1 X81.937 Y153.87 E102.25057
G1 F1500 E95.75057
;MESH:WheelAdapter_v11.stl
G0 F15000 X81.304 Y153.284
G0 X80.656 Y153.985
G0 X80.357 Y155.046
G0 X80.349 Y155.436
G0 X80.637 Y156.478
G0 X81.937 Y158.579
G0 X81.937 Y159.674
G0 X87.048 Y173.244
;TYPE:WALL-INNER
G1 F1500 E102.25057
G1 F1104.8 X87.048 Y160.244 E102.51
G1 X79.78 Y160.244 E102.65504
G1 X79.78 Y173.244 E102.91447
G1 X87.048 Y173.244 E103.05951
G0 F15000 X87.448 Y173.644
G1 F1104.8 X87.448 Y159.844 E103.33491
G1 X79.38 Y159.844 E103.49591
G1 X79.38 Y173.644 E103.77131
G1 X87.448 Y173.644 E103.93231
G0 F15000 X87.848 Y174.044
;TYPE:WALL-OUTER
G1 F1104.8 X87.848 Y159.444 E104.22367
G1 X78.98 Y159.444 E104.40064
G1 X78.98 Y174.044 E104.692
G1 X87.848 Y174.044 E104.86897
G0 F15000 X87.57 Y173.764
G0 X82.762 Y173.164
;TYPE:FILL
G1 F1104.8 X79.86 Y170.262 E104.95087
G0 F15000 X79.86 Y171.896
G1 F1104.8 X82.961 Y160.324 E105.18995
G0 F15000 X81.236 Y160.324
G1 F1104.8 X86.968 Y166.056 E105.35172
G0 F15000 X86.967 Y165.431
G1 F1104.8 X79.861 Y167.335 E105.49853
G0 F15000 X79.993 Y167.336
G1 F1500 E98.99853
;MESH:NONMESH
G0 F300 X79.993 Y167.336 Z2.36
G0 F15000 X82.008 Y159.674
G0 X82.008 Y158.579
G0 X80.669 Y156.594
G0 X80.349 Y155.436
G0 X80.357 Y155.046
G0 X80.656 Y153.985
G0 X81.293 Y153.296
G0 X82.008 Y153.958
;TIME_ELAPSED:297.579345
;LAYER:18
;note -- min layer time used
;TYPE:SUPPORT
G1 F1500 E105.49853
G1 F1110.2 X82.653 Y153.772 E105.51193
G1 X83.107 Y153.899 E105.52133
G1 X83.239 Y153.88 E105.52399
G1 X83.553 Y153.963 E105.53048
G1 X84.231 Y153.772 E105.54453
G1 X84.876 Y153.958 E105.55793
G1 X85.349 Y154.455 E105.57162
G1 X85.536 Y155.089 E105.58481
G1 X85.596 Y155.462 E105.59235
G1 X85.386 Y156.273 E105.60907
G1 X84.906 Y156.791 E105.62316
G1 X84.257 Y156.987 E105.63669
G1 X83.85 Y157.424 E105.64861
G1 X83.262 Y157.602 E105.66087
G1 X82.699 Y157.425 E105.67265
G1 X82.265 Y156.957 E105.68538
G1 X82.051 Y156.885 E105.68989
G1 X81.544 Y156.343 E105.7047
G1 X81.308 Y155.478 E105.72259
G1 X81.36 Y155.068 E105.73084
G1 X81.539 Y154.451 E105.74366
G1 X82.008 Y153.958 E105.75724
G1 F1500 E99.25724
;MESH:WheelAdapter_v11.stl
G0 F15000 X81.382 Y153.363
G0 X80.769 Y154.01
G0 X80.465 Y155.063
G0 X80.462 Y155.655
G0 X80.741 Y156.666
G0 X82.008 Y158.579
G0 X82.008 Y159.674
G0 X87.119 Y173.244
;TYPE:WALL-INNER
G1 F1500 E105.75724
G1 F1110.2 X87.116 Y160.244 E106.01667
G1 X79.712 Y160.244 E106.16442
G1 X79.712 Y173.244 E106.42385
G1 X87.119 Y173.244 E106.57167
G0 F15000 X87.519 Y173.644
G1 F1110.2 X87.516 Y159.844 E106.84706
G1 X79.312 Y159.844 E107.01078
G1 X79.312 Y173.644 E107.28618
G1 X87.519 Y173.644 E107.44996
G0 F15000 X87.919 Y174.044
;TYPE:WALL-OUTER
G1 F1110.2 X87.916 Y159.444 E107.74131
G1 X78.912 Y159.444 E107.921
G1 X78.912 Y174.044 E108.21236
G1 X87.919 Y174.044 E108.3921
G0 F15000 X87.64 Y173.764
G0 X82.882 Y173.164
;TYPE:FILL
G1 F1110.2 X79.792 Y170.074 E108.47931
G0 F15000 X79.792 Y171.822
G1 F1110.2 X82.873 Y160.323 E108.71688
G0 F15000 X81.356 Y160.324
G1 F1110.2 X87.038 Y166.006 E108.87724
G0 F15000 X87.036 Y165.501
G1 F1110.2 X79.792 Y167.442 E109.0269
G0 F15000 X79.923 Y167.443
G1 F1500 E102.5269
;MESH:NONMESH
G0 F300 X79.923 Y167.443 Z2.48
G0 F15000 X82.063 Y159.674
G0 X82.063 Y158.579
G0 X80.772 Y156.778
G0 X80.462 Y155.655
G0 X80.465 Y155.063
G0 X80.769 Y154.01
G0 X81.364 Y153.382
G0 X82.063 Y154.046
;TIME_ELAPSED:310.326932
;LAYER:19
;note -- min layer time used
;TYPE:SUPPORT
G1 F1500 E109.0269
G1 F1116.4 X82.657 Y153.88 E109.03921
G1 X83.135 Y154.008 E109.04908
G1 X83.239 Y153.989 E109.05119
G1 X83.539 Y154.076 E109.05742
G1 X84.233 Y153.88 E109.07182
G1 X84.824 Y154.046 E109.08407
G1 X85.261 Y154.507 E109.09674
G1 X85.424 Y155.066 E109.10836
G1 X85.379 Y155.238 E109.11191
G1 X85.476 Y155.592 E109.11923
G1 X85.476 Y155.766 E109.12271
G1 X85.295 Y156.453 E109.13688
G1 X84.861 Y156.928 E109.14972
G1 X84.206 Y157.126 E109.16338
G1 X83.775 Y157.609 E109.1763
G1 X83.241 Y157.778 E109.18748
G1 X82.733 Y157.617 E109.19811
G1 X82.252 Y157.083 E109.21245
G1 X82.098 Y157.028 E109.21572
G1 X81.64 Y156.535 E109.22914
G1 X81.428 Y155.772 E109.24495
G1 X81.428 Y155.587 E109.24864
G1 X81.508 Y155.278 E109.25501
G1 X81.461 Y155.069 E109.25928
G1 X81.627 Y154.503 E109.27106
G1 X82.063 Y154.046 E109.28366
G1 F1500 E102.78366
;MESH:WheelAdapter_v11.stl
G0 F15000 X81.436 Y153.452
G0 X80.86 Y154.061
G0 X80.565 Y155.069
G0 X80.567 Y155.889
G0 X80.868 Y156.967
G0 X82.063 Y158.579
G0 X82.063 Y159.674
G0 X87.188 Y173.244
;TYPE:WALL-INNER
G1 F1500 E109.28366
G1 F1116.4 X87.188 Y160.244 E109.54309
G1 X79.641 Y160.244 E109.6937
G1 X79.644 Y173.244 E109.95313
G1 X87.188 Y173.244 E110.10368
G0 F15000 X87.588 Y173.644
G1 F1116.4 X87.588 Y159.844 E110.37907
G1 X79.241 Y159.844 E110.54564
G1 X79.244 Y173.644 E110.82104
G1 X87.588 Y173.644 E110.98755
G0 F15000 X87.988 Y174.044
;TYPE:WALL-OUTER
G1 F1116.4 X87.988 Y159.444 E111.27891
G1 X78.841 Y159.444 E111.46145
G1 X78.844 Y174.044 E111.75281
G1 X87.988 Y174.044 E111.93528
G0 F15000 X87.709 Y173.764
G0 X83.002 Y173.164
;TYPE:FILL
G1 F1116.4 X79.723 Y169.885 E112.02783
G0 F15000 X79.724 Y171.747
G1 F1116.4 X82.785 Y160.323 E112.26385
G0 F15000 X81.476 Y160.324
G1 F1116.4 X87.108 Y165.956 E112.42279
G0 F15000 X87.108 Y165.57
G1 F1116.4 X79.723 Y167.548 E112.57536
G0 F15000 X79.854 Y167.549
G1 F1500 E106.07536
;MESH:NONMESH
G0 F300 X79.854 Y167.549 Z2.6
G0 F15000 X82.116 Y159.674
G0 X82.116 Y158.579
G0 X80.868 Y156.967
G0 X80.567 Y155.889
G0 X80.565 Y155.069
G0 X80.86 Y154.061
G0 X81.415 Y153.474
G0 X82.116 Y154.138
;TIME_ELAPSED:323.076132
;LAYER:20
;note -- min layer time used
;TYPE:SUPPORT
G1 F1500 E112.57536
G1 F1121.2 X82.653 Y153.984 E112.58651
G1 X83.241 Y154.15 E112.5987
G1 X83.472 Y154.242 E112.60367
G1 X83.614 Y154.212 E112.60656
G1 X83.692 Y154.137 E112.60872
G1 X84.232 Y153.984 E112.61992
G1 X84.772 Y154.138 E112.63113
G1 X85.169 Y154.555 E112.64262
G1 X85.328 Y155.096 E112.65387
G1 X85.253 Y155.386 E112.65985
G1 X85.372 Y155.823 E112.66889
G1 X85.372 Y156.002 E112.67246
G1 X85.206 Y156.633 E112.68548
G1 X84.775 Y157.106 E112.69825
G1 X84.219 Y157.287 E112.70992
G1 X83.971 Y157.297 E112.71487
G1 X83.727 Y157.541 E112.72176
G1 X83.238 Y157.679 E112.7319
G1 X82.778 Y157.542 E112.74148
G1 X82.578 Y157.363 E112.74683
G1 X82.116 Y157.22 E112.75648
G1 X81.706 Y156.766 E112.76869
G1 X81.551 Y156.158 E112.78121
G1 X81.538 Y155.815 E112.78806
G1 X81.642 Y155.429 E112.79604
G1 X81.556 Y155.107 E112.80269
G1 X81.719 Y154.555 E112.81418
G1 X82.116 Y154.138 E112.82567
G1 F1500 E106.32567
;MESH:WheelAdapter_v11.stl
G0 F15000 X81.488 Y153.542
G0 X80.95 Y154.111
G0 X80.66 Y155.103
G0 X80.692 Y156.281
G0 X80.922 Y157.188
G0 X82.116 Y158.579
G0 X82.116 Y159.674
G0 X87.256 Y173.244
;TYPE:WALL-INNER
G1 F1500 E112.82567
G1 F1121.2 X87.256 Y160.244 E113.0851
G1 X79.572 Y160.244 E113.23844
G1 X79.572 Y173.244 E113.49787
G1 X87.256 Y173.244 E113.65121
G0 F15000 X87.656 Y173.644
G1 F1121.2 X87.656 Y159.844 E113.9266
G1 X79.172 Y159.844 E114.09591
G1 X79.172 Y173.644 E114.37131
G1 X87.656 Y173.644 E114.54061
G0 F15000 X88.056 Y174.044
;TYPE:WALL-OUTER
G1 F1121.2 X88.056 Y159.444 E114.83197
G1 X78.772 Y159.444 E115.01724
G1 X78.772 Y174.044 E115.3086
G1 X88.056 Y174.044 E115.49388
G0 F15000 X87.778 Y173.764
G0 X83.123 Y173.164
;TYPE:FILL
G1 F1121.2 X79.652 Y169.694 E115.59182
G0 F15000 X79.652 Y171.688
G1 F1121.2 X82.697 Y160.323 E115.82662
G0 F15000 X81.597 Y160.324
G1 F1121.2 X87.176 Y165.904 E115.98409
G0 F15000 X87.175 Y165.639
G1 F1121.2 X79.652 Y167.655 E116.13951
G0 F15000 X79.785 Y167.656
G1 F1500 E109.63951
;MESH:NONMESH
G0 F300 X79.785 Y167.656 Z2.72
G0 F15000 X82.173 Y159.674
G0 X82.173 Y158.579
G0 X80.922 Y157.188
G0 X80.692 Y156.281
G0 X80.66 Y155.103
G0 X80.95 Y154.111
G0 X81.464 Y153.568
G0 X82.173 Y154.24
;TIME_ELAPSED:335.840530
;LAYER:21
;note -- min layer time used
;TYPE:SUPPORT
G1 F1500 E116.13951
G1 F1126 X82.651 Y154.097 E116.14947
G1 X83.137 Y154.244 E116.1596
G1 X83.312 Y154.435 E116.16477
G1 X83.464 Y154.479 E116.16793
G1 X83.572 Y154.432 E116.17028
G1 X83.75 Y154.237 E116.17555
G1 X84.233 Y154.097 E116.18558
G1 X84.717 Y154.237 E116.19564
G1 X85.075 Y154.635 E116.20632
G1 X85.224 Y155.167 E116.21735
G1 X85.127 Y155.512 E116.2245
G1 X85.264 Y156.05 E116.23558
G1 X85.264 Y156.234 E116.23925
G1 X85.114 Y156.814 E116.25121
G1 X84.764 Y157.201 E116.26162
G1 X84.258 Y157.358 E116.27219
G1 X84.214 Y157.353 E116.27307
G1 X83.709 Y157.503 E116.28359
G1 X83.569 Y157.482 E116.28641
G1 X83.238 Y157.572 E116.29326
G1 X82.815 Y157.448 E116.30205
G1 X82.715 Y157.383 E116.30443
G1 X82.165 Y157.205 E116.31597
G1 X81.788 Y156.788 E116.32719
G1 X81.64 Y156.271 E116.33792
G1 X81.64 Y156.055 E116.34223
G1 X81.764 Y155.563 E116.35236
G1 X81.66 Y155.202 E116.35985
G1 X81.813 Y154.646 E116.37136
G1 X82.173 Y154.24 E116.38219
G1 F1500 E109.88219
;MESH:WheelAdapter_v11.stl
G0 F15000 X81.525 Y153.669
G0 X81.034 Y154.226
G0 X80.765 Y155.209
G0 X80.777 Y156.396
G0 X80.989 Y157.138
G0 X82.173 Y158.579
G0 X82.173 Y159.674
G0 X87.324 Y173.244
;TYPE:WALL-INNER
G1 F1500 E116.38219
G1 F1126 X87.324 Y160.244 E116.64162
G1 X79.504 Y160.244 E116.79768
G1 X79.504 Y173.244 E117.05711
G1 X87.324 Y173.244 E117.21316
G0 F15000 X87.724 Y173.644
G1 F1126 X87.724 Y159.844 E117.48856
G1 X79.104 Y159.844 E117.66058
G1 X79.104 Y173.644 E117.93597
G1 X87.724 Y173.644 E118.10799
G0 F15000 X88.124 Y174.044
;TYPE:WALL-OUTER
G1 F1126 X88.124 Y159.444 E118.39935
G1 X78.704 Y159.444 E118.58734
G1 X78.704 Y174.044 E118.8787
G1 X88.124 Y174.044 E119.06668
G0 F15000 X87.847 Y173.764
G0 X83.243 Y173.164
;TYPE:FILL
G1 F1126 X79.584 Y169.506 E119.16993
G0 F15000 X79.585 Y167.761
G1 F1126 X87.243 Y165.709 E119.32815
G1 X87.244 Y165.852
G1 X81.717 Y160.324 E119.48415
G0 F15000 X82.609 Y160.324
G1 F1126 X79.584 Y171.614 E119.7174
G0 F15000 X79.716 Y171.615
G1 F1500 E113.2174
;MESH:NONMESH
G0 F300 X79.716 Y171.615 Z2.84
G0 F15000 X82.219 Y159.674
G0 X82.219 Y158.579
G0 X81.013 Y157.22
G0 X80.777 Y156.396
G0 X80.765 Y155.209
G0 X81.007 Y154.324
G0 X81.42 Y153.789
G0 X82.219 Y154.494
;TIME_ELAPSED:348.584663
;LAYER:22
;note -- min layer time used
;TYPE:SUPPORT
G1 F1500 E119.7174
G1 F1131.1 X82.653 Y154.372 E119.72639
G1 X83.089 Y154.495 E119.73544
G1 X83.295 Y154.706 E119.74132
G1 X83.41 Y154.752 E119.74379
G1 X83.53 Y154.73 E119.74623
G1 X83.799 Y154.45 E119.75397
G1 X84.233 Y154.328 E119.76297
G1 X84.669 Y154.45 E119.77201
G1 X84.989 Y154.787 E119.78128
G1 X85.107 Y155.197 E119.78979
G1 X84.987 Y155.629 E119.79874
G1 X85.156 Y156.294 E119.81243
G1 X85.156 Y156.471 E119.81597
G1 X85.022 Y156.998 E119.82682
G1 X84.704 Y157.349 E119.83627
G1 X84.258 Y157.49 E119.8456
G1 X84.215 Y157.485 E119.84647
G1 X83.723 Y157.633 E119.85672
G1 X83.347 Y157.507 E119.86464
G1 X83.329 Y157.494 E119.86508
G1 X82.952 Y157.385 E119.87291
G1 X82.621 Y157.486 E119.87982
G1 X82.213 Y157.354 E119.88837
G1 X81.874 Y156.978 E119.89848
G1 X81.741 Y156.471 E119.90894
G1 X81.744 Y156.293 E119.91249
G1 X81.909 Y155.672 E119.92531
G1 X81.781 Y155.238 E119.93434
G1 X81.899 Y154.827 E119.94288
G1 X82.219 Y154.494 E119.95209
G1 F1500 E113.45209
;MESH:WheelAdapter_v11.stl
G0 F15000 X81.593 Y153.899
G0 X81.13 Y154.387
G0 X80.881 Y155.245
G0 X80.877 Y156.581
G0 X81.093 Y157.399
G0 X82.219 Y158.579
G0 X82.219 Y159.674
G0 X87.396 Y173.244
;TYPE:WALL-INNER
G1 F1500 E119.95209
G1 F1131.1 X87.396 Y160.244 E120.21152
G1 X79.433 Y160.244 E120.37043
G1 X79.436 Y173.244 E120.62986
G1 X87.396 Y173.244 E120.78871
G0 F15000 X87.796 Y173.644
G1 F1131.1 X87.796 Y159.844 E121.0641
G1 X79.033 Y159.844 E121.23898
G1 X79.036 Y173.644 E121.51437
G1 X87.796 Y173.644 E121.68919
G0 F15000 X88.196 Y174.044
;TYPE:WALL-OUTER
G1 F1131.1 X88.196 Y159.444 E121.98055
G1 X78.633 Y159.444 E122.17139
G1 X78.636 Y174.044 E122.46275
G1 X88.196 Y174.044 E122.65353
G0 F15000 X87.917 Y173.764
G0 X83.363 Y173.164
;TYPE:FILL
G1 F1131.1 X79.515 Y169.316 E122.76213
G0 F15000 X79.515 Y167.868
G1 F1131.1 X87.316 Y165.778 E122.92329
G1 X87.316 Y165.804
G1 X81.836 Y160.324 E123.07795
G0 F15000 X82.521 Y160.324
G1 F1131.1 X79.516 Y171.538 E123.30963
G0 F15000 X79.646 Y171.539
G1 F1500 E116.80963
;MESH:NONMESH
G0 F300 X79.646 Y171.539 Z2.96
G0 F15000 X82.271 Y159.674
G0 X82.271 Y158.579
G0 X81.728 Y158.104
G0 X81.093 Y157.399
G0 X80.877 Y156.581
G0 X80.881 Y155.245
G0 X81.105 Y154.473
G0 X81.574 Y153.919
G0 X82.271 Y154.582
;TIME_ELAPSED:361.297571
;LAYER:23
;note -- min layer time used
;TYPE:SUPPORT
G1 F1500 E123.30963
G1 F1140.1 X82.652 Y154.476 E123.31753
G1 X83.033 Y154.582 E123.32542
G1 X83.205 Y154.747 E123.33017
G1 X83.505 Y154.824 E123.33635
G1 X83.611 Y154.786 E123.3386
G1 X83.848 Y154.542 E123.34539
G1 X84.232 Y154.433 E123.35336
G1 X84.616 Y154.542 E123.36132
G1 X84.897 Y154.836 E123.36944
G1 X85.003 Y155.198 E123.37697
G1 X84.862 Y155.704 E123.38745
G1 X85.004 Y156.206 E123.39786
G1 X85.064 Y156.645 E123.4067
G1 X84.926 Y157.179 E123.41771
G1 X84.642 Y157.498 E123.42623
G1 X84.261 Y157.622 E123.43423
G1 X84.22 Y157.617 E123.43505
G1 X83.732 Y157.765 E123.44523
G1 X83.43 Y157.66 E123.45161
G1 X83.268 Y157.49 E123.45629
G1 X83.123 Y157.458 E123.45926
G1 X82.621 Y157.617 E123.46977
G1 X82.262 Y157.498 E123.47731
G1 X81.962 Y157.163 E123.48629
G1 X81.847 Y156.711 E123.4956
G1 X81.872 Y156.391 E123.502
G1 X81.856 Y156.304 E123.50377
G1 X81.964 Y155.934 E123.51146
G1 X82.032 Y155.761 E123.51517
G1 X81.885 Y155.241 E123.52595
G1 X81.991 Y154.875 E123.53356
G1 X82.271 Y154.582 E123.54164
G1 F1500 E117.04164
;MESH:WheelAdapter_v11.stl
G0 F15000 X81.647 Y153.988
G0 X81.222 Y154.435
G0 X80.985 Y155.245
G0 X80.973 Y156.788
G0 X81.179 Y157.583
G0 X81.66 Y158.121
G0 X82.271 Y158.579
G0 X82.271 Y159.674
G0 X87.464 Y173.244
;TYPE:WALL-INNER
G1 F1500 E123.54164
G1 F1140.1 X87.464 Y160.244 E123.80107
G1 X79.364 Y160.244 E123.96272
G1 X79.364 Y173.244 E124.22215
G1 X87.464 Y173.244 E124.38379
G0 F15000 X87.864 Y173.644
G1 F1140.1 X87.864 Y159.844 E124.65918
G1 X78.964 Y159.844 E124.83679
G1 X78.964 Y173.644 E125.11219
G1 X87.864 Y173.644 E125.2898
G0 F15000 X88.264 Y174.044
;TYPE:WALL-OUTER
G1 F1140.1 X88.264 Y159.444 E125.58115
G1 X78.564 Y159.444 E125.77473
G1 X78.564 Y174.044 E126.06609
G1 X88.264 Y174.044 E126.25966
G0 F15000 X87.986 Y173.764
G0 X87.274 Y173.165
;TYPE:FILL
G1 F1140.1 X87.384 Y172.755 E126.26813
G0 F15000 X83.483 Y173.164
G1 F1140.1 X79.444 Y169.125 E126.38212
G0 F15000 X79.444 Y167.975
G1 F1140.1 X87.384 Y165.847 E126.54617
G1 X87.384 Y165.751
G1 X81.957 Y160.324 E126.69933
G0 F15000 X82.433 Y160.323
G1 F1140.1 X79.444 Y171.479 E126.92981
G0 F15000 X79.577 Y171.48
G1 F1500 E120.42981
;MESH:NONMESH
G0 F300 X79.577 Y171.48 Z3.08
G0 F15000 X82.324 Y159.674
G0 X82.324 Y158.579
G0 X81.772 Y158.248
G0 X81.179 Y157.583
G0 X80.973 Y156.788
G0 X80.985 Y155.245
G0 X81.198 Y154.516
G0 X81.626 Y154.009
G0 X82.324 Y154.674
;TIME_ELAPSED:374.063113
;LAYER:24
;note -- min layer time used
;TYPE:SUPPORT
G1 F1500 E126.92981
G1 F1149.6 X82.652 Y154.581 E126.93661
G1 X82.982 Y154.674 E126.94345
G1 X83.15 Y154.835 E126.9481
G1 X83.525 Y154.943 E126.95589
G1 X83.647 Y154.895 E126.9585
G1 X83.904 Y154.63 E126.96587
G1 X84.232 Y154.537 E126.97267
G1 X84.56 Y154.63 E126.97948
G1 X84.809 Y154.891 E126.98668
G1 X84.899 Y155.197 E126.99304
G1 X84.754 Y155.702 E127.00353
G1 X84.895 Y156.209 E127.01403
G1 X84.848 Y156.39 E127.01776
G1 X84.94 Y156.765 E127.02546
G1 X84.94 Y156.951 E127.02918
G1 X84.837 Y157.364 E127.03767
G1 X84.59 Y157.643 E127.04511
G1 X84.271 Y157.748 E127.05181
G1 X84.185 Y157.724 E127.05359
G1 X84.003 Y157.808 E127.05759
G1 X83.737 Y157.897 E127.06319
G1 X83.484 Y157.812 E127.06851
G1 X83.31 Y157.615 E127.07376
G1 X83.152 Y157.574 E127.07702
G1 X82.616 Y157.749 E127.08827
G1 X82.307 Y157.647 E127.09476
G1 X82.05 Y157.352 E127.10257
G1 X81.925 Y156.865 E127.1126
G1 X82.008 Y156.509 E127.1199
G1 X81.961 Y156.304 E127.1241
G1 X82.055 Y155.989 E127.13066
G1 X82.168 Y155.859 E127.13409
G1 X82.194 Y155.728 E127.13676
G1 X82.078 Y155.555 E127.14092
G1 X81.989 Y155.244 E127.14737
G1 X82.079 Y154.932 E127.15385
G1 X82.324 Y154.674 E127.16095
G1 F1500 E120.66095
;MESH:WheelAdapter_v11.stl
G0 F15000 X81.698 Y154.079
G0 X81.31 Y154.488
G0 X81.09 Y155.245
G0 X81.081 Y157.053
G0 X81.265 Y157.766
G0 X81.761 Y158.331
G0 X82.324 Y158.579
G0 X82.324 Y159.674
G0 X87.532 Y173.244
;TYPE:WALL-INNER
G1 F1500 E127.16095
G1 F1149.6 X87.532 Y160.244 E127.42038
G1 X79.296 Y160.244 E127.58474
G1 X79.296 Y173.244 E127.84417
G1 X87.532 Y173.244 E128.00853
G0 F15000 X87.932 Y173.644
G1 F1149.6 X87.932 Y159.844 E128.28392
G1 X78.896 Y159.844 E128.46424
G1 X78.896 Y173.644 E128.73964
G1 X87.932 Y173.644 E128.91996
G0 F15000 X88.332 Y174.044
;TYPE:WALL-OUTER
G1 F1149.6 X88.332 Y159.444 E129.21132
G1 X78.496 Y159.444 E129.40761
G1 X78.496 Y174.044 E129.69897
G1 X88.332 Y174.044 E129.89525
G0 F15000 X88.055 Y173.764
G0 X87.188 Y173.164
;TYPE:FILL
G1 F1149.6 X87.452 Y172.179 E129.9156
G0 F15000 X83.602 Y173.164
G1 F1149.6 X79.376 Y168.938 E130.03487
G0 F15000 X79.376 Y168.08
G1 F1149.6 X87.451 Y165.916 E130.2017
G0 F15000 X87.452 Y165.701
G1 F1149.6 X82.075 Y160.324 E130.35345
G0 F15000 X82.346 Y160.324
G1 F1149.6 X79.376 Y171.41 E130.58249
G0 F15000 X79.508 Y171.411
G1 F1500 E124.08249
;MESH:NONMESH
G0 F300 X79.508 Y171.411 Z3.2
G0 F15000 X82.375 Y159.674
G0 X82.375 Y158.579
G0 X81.816 Y158.394
G0 X81.265 Y157.766
G0 X81.081 Y157.053
G0 X81.09 Y155.245
G0 X81.288 Y154.564
G0 X81.676 Y154.102
G0 X82.375 Y154.767
;TIME_ELAPSED:386.868626
;LAYER:25
;note -- min layer time used
;TYPE:SUPPORT
G1 F1500 E130.58249
G1 F1161.1 X82.653 Y154.689 E130.58825
G1 X82.93 Y154.767 E130.59399
G1 X83.087 Y154.928 E130.59848
G1 X83.543 Y155.052 E130.60791
G1 X83.702 Y154.99 E130.61132
G1 X83.956 Y154.722 E130.61869
G1 X84.232 Y154.644 E130.62441
G1 X84.51 Y154.723 E130.63018
G1 X84.717 Y154.936 E130.6361
G1 X84.792 Y155.197 E130.64152
G1 X84.713 Y155.479 E130.64737
G1 X84.593 Y155.614 E130.65097
G1 X84.573 Y155.728 E130.65328
G1 X84.716 Y155.938 E130.65835
G1 X84.792 Y156.205 E130.66389
G1 X84.71 Y156.5 E130.67
G1 X84.834 Y156.995 E130.68019
G1 X84.828 Y157.193 E130.68414
G1 X84.744 Y157.545 E130.69136
G1 X84.532 Y157.791 E130.69784
G1 X84.263 Y157.88 E130.7035
G1 X84.065 Y157.845 E130.70751
G1 X83.928 Y157.949 E130.71094
G1 X83.711 Y158.025 E130.71553
G1 X83.509 Y157.956 E130.71979
G1 X83.23 Y157.631 E130.72834
G1 X83.084 Y157.62 E130.73126
G1 X82.884 Y157.791 E130.73651
G1 X82.613 Y157.881 E130.74221
G1 X82.356 Y157.795 E130.74762
G1 X82.135 Y157.537 E130.7544
G1 X82.048 Y157.187 E130.76159
G1 X82.049 Y157.001 E130.7653
G1 X82.15 Y156.598 E130.7736
G1 X82.069 Y156.305 E130.77966
G1 X82.147 Y156.039 E130.78519
G1 X82.338 Y155.788 E130.79149
G1 X82.296 Y155.63 E130.79475
G1 X82.17 Y155.502 E130.79834
G1 X82.093 Y155.241 E130.80377
G1 X82.17 Y154.98 E130.8092
G1 X82.375 Y154.767 E130.8151
G1 F1500 E124.3151
;MESH:WheelAdapter_v11.stl
G0 F15000 X81.75 Y154.171
G0 X81.403 Y154.536
G0 X81.196 Y155.245
G0 X81.183 Y157.291
G0 X81.348 Y157.944
G0 X81.859 Y158.54
G0 X82.176 Y158.613
G0 X82.375 Y159.674
G0 X87.604 Y173.244
;TYPE:WALL-INNER
G1 F1500 E130.8151
G1 F1161.1 X87.604 Y160.244 E131.07452
G1 X79.225 Y160.244 E131.24174
G1 X79.228 Y173.244 E131.50117
G1 X87.604 Y173.244 E131.66832
G0 F15000 X88.004 Y173.644
G1 F1161.1 X88.004 Y159.844 E131.94371
G1 X78.825 Y159.844 E132.12689
G1 X78.828 Y173.644 E132.40228
G1 X88.004 Y173.644 E132.5854
G0 F15000 X88.404 Y174.044
;TYPE:WALL-OUTER
G1 F1161.1 X88.404 Y159.444 E132.87676
G1 X78.425 Y159.444 E133.0759
G1 X78.428 Y174.044 E133.36726
G1 X88.404 Y174.044 E133.56634
G0 F15000 X88.125 Y173.764
G0 X87.1 Y173.164
;TYPE:FILL
G1 F1161.1 X87.524 Y171.58 E133.59906
G0 F15000 X83.722 Y173.164
G1 F1161.1 X79.307 Y168.749 E133.72367
G0 F15000 X79.307 Y168.187
G1 F1161.1 X87.523 Y165.985 E133.89341
G0 F15000 X87.524 Y165.652
G1 F1161.1 X82.196 Y160.324 E134.04378
G1 X82.258 Y160.323
G1 X79.308 Y171.333 E134.27125
G0 F15000 X79.438 Y171.334
G1 F1500 E127.77125
;MESH:NONMESH
G0 F300 X79.438 Y171.334 Z3.32
G0 F15000 X82.427 Y159.674
G0 X82.176 Y158.613
G0 X81.859 Y158.54
G0 X81.348 Y157.944
G0 X81.183 Y157.291
G0 X81.196 Y155.245
G0 X81.382 Y154.607
G0 X81.731 Y154.191
G0 X82.427 Y154.854
;TIME_ELAPSED:399.657264
;LAYER:26
;note -- min layer time used
;TYPE:SUPPORT
G1 F1500 E134.27125
G1 F1173.3 X82.653 Y154.792 E134.27592
G1 X82.881 Y154.855 E134.28064
G1 X83.093 Y155.078 E134.28678
G1 X83.249 Y155.079 E134.2899
G1 X83.601 Y155.174 E134.29717
G1 X83.73 Y155.102 E134.30012
G1 X84.007 Y154.811 E134.30814
G1 X84.232 Y154.748 E134.3128
G1 X84.457 Y154.811 E134.31746
G1 X84.624 Y154.986 E134.32229
G1 X84.684 Y155.201 E134.32674
G1 X84.624 Y155.423 E134.33133
G1 X84.449 Y155.609 E134.33643
G1 X84.446 Y155.785 E134.33994
G1 X84.625 Y155.99 E134.34537
G1 X84.688 Y156.206 E134.34986
G1 X84.624 Y156.433 E134.35457
G1 X84.509 Y156.569 E134.35813
G1 X84.514 Y156.745 E134.36164
G1 X84.651 Y156.925 E134.36615
G1 X84.724 Y157.228 E134.37237
G1 X84.724 Y157.416 E134.37612
G1 X84.648 Y157.739 E134.38275
G1 X84.479 Y157.94 E134.38799
G1 X84.265 Y158.012 E134.39249
G1 X84.068 Y157.952 E134.3966
G1 X83.957 Y157.975 E134.39886
G1 X83.816 Y158.126 E134.40299
G1 X83.644 Y158.195 E134.40669
G1 X83.496 Y158.148 E134.40978
G1 X83.213 Y157.794 E134.41883
G1 X83.088 Y157.748 E134.42149
G1 X83.007 Y157.763 E134.42313
G1 X82.83 Y157.94 E134.42813
G1 X82.614 Y158.012 E134.43267
G1 X82.405 Y157.94 E134.43708
G1 X82.224 Y157.726 E134.44267
G1 X82.149 Y157.425 E134.44887
G1 X82.152 Y157.235 E134.45266
G1 X82.228 Y156.932 E134.45889
G1 X82.342 Y156.763 E134.46296
G1 X82.343 Y156.663 E134.46496
G1 X82.234 Y156.514 E134.46864
G1 X82.173 Y156.304 E134.473
G1 X82.235 Y156.091 E134.47743
G1 X82.46 Y155.854 E134.48395
G1 X82.473 Y155.697 E134.4871
G1 X82.262 Y155.45 E134.49358
G1 X82.2 Y155.242 E134.49791
G1 X82.26 Y155.03 E134.50231
G1 X82.427 Y154.854 E134.50715
G1 F1500 E128.00715
;MESH:WheelAdapter_v11.stl
G0 F15000 X81.8 Y154.261
G0 X81.492 Y154.589
G0 X81.301 Y155.245
G0 X81.286 Y157.526
G0 X81.421 Y158.069
G0 X81.863 Y158.603
G0 X82.427 Y159.674
G0 X87.672 Y173.244
;TYPE:WALL-INNER
G1 F1500 E134.50715
G1 F1173.3 X87.672 Y160.244 E134.76658
G1 X79.156 Y160.244 E134.93652
G1 X79.156 Y173.244 E135.19595
G1 X87.672 Y173.244 E135.3659
G0 F15000 X88.072 Y173.644
G1 F1173.3 X88.072 Y159.844 E135.64129
G1 X78.756 Y159.844 E135.8272
G1 X78.756 Y173.644 E136.1026
G1 X88.072 Y173.644 E136.28851
G0 F15000 X88.472 Y174.044
;TYPE:WALL-OUTER
G1 F1173.3 X88.472 Y159.444 E136.57987
G1 X78.356 Y159.444 E136.78174
G1 X78.356 Y174.044 E137.0731
G1 X88.472 Y174.044 E137.27498
G0 F15000 X88.194 Y173.764
G0 X87.012 Y173.165
;TYPE:FILL
G1 F1173.3 X87.592 Y170.997 E137.31976
G0 F15000 X83.842 Y173.164
G1 F1173.3 X79.236 Y168.558 E137.44975
G0 F15000 X79.236 Y168.294
G1 F1173.3 X87.591 Y166.055 E137.62237
G0 F15000 X87.592 Y165.6
G1 F1173.3 X82.316 Y160.324 E137.77127
G1 X82.17 Y160.323
G1 X79.236 Y171.274 E137.99752
G0 F15000 X79.369 Y171.275
G1 F1500 E131.49752
;MESH:NONMESH
G0 F300 X79.369 Y171.275 Z3.44
G0 F15000 X82.513 Y159.674
G0 X81.863 Y158.603
G0 X81.436 Y158.129
G0 X81.286 Y157.526
G0 X81.276 Y156.427
G0 X81.443 Y155.73
G0 X82.513 Y155.003
;TIME_ELAPSED:412.314101
;LAYER:27
;note -- min layer time used
;TYPE:SUPPORT
G1 F1500 E137.99752
G1 F1043.6 X82.652 Y154.963 E138.00134
G1 X82.791 Y155.003 E138.00515
G1 F1041.7 X82.984 Y155.201 E138.01246
G1 F1187.3 X83.237 Y155.18 E138.01835
G1 F1380.2 X83.361 Y155.215 E138.02092
G1 X83.572 Y155.418 E138.02677
G1 F1356.5 X83.747 Y155.431 E138.03033
G1 F1243.4 X83.861 Y155.373 E138.03316
G1 F1099.8 X83.971 Y155.136 E138.03971
G1 F1037.7 X84.098 Y154.96 E138.04547
G1 X84.234 Y154.921 E138.04922
G1 X84.37 Y154.96 E138.05298
G1 X84.475 Y155.07 E138.05701
G1 X84.514 Y155.202 E138.06067
G1 X84.475 Y155.336 E138.06437
G1 F1099.8 X84.272 Y155.602 E138.07275
G1 F1266.2 X84.317 Y155.804 E138.07725
G1 F1380.2 X84.534 Y156.039 E138.08364
G1 X84.583 Y156.207 E138.08713
G1 X84.537 Y156.376 E138.09062
G1 X84.288 Y156.632 E138.09775
G1 X84.252 Y156.731 E138.09985
G1 X84.269 Y156.831 E138.10188
G1 X84.555 Y157.208 E138.11132
G1 X84.613 Y157.46 E138.11648
G1 X84.62 Y157.812 E138.12351
G1 X84.566 Y158.111 E138.12957
G1 X84.477 Y158.244 E138.13276
G1 X84.086 Y158.244 E138.14057
G1 X83.913 Y158.062 E138.14558
G1 X83.65 Y158.099 E138.15088
G1 X83.538 Y158.066 E138.15321
G1 X83.333 Y157.865 E138.15894
G1 X83.16 Y157.835 E138.16244
G1 X83.068 Y157.892 E138.1646
G1 X82.829 Y158.244 E138.17309
G1 X82.435 Y158.244 E138.18096
G1 X82.328 Y158.084 E138.1848
G1 X82.265 Y157.792 E138.19076
G1 X82.259 Y157.459 E138.1974
G1 X82.317 Y157.216 E138.20239
G1 X82.539 Y156.926 E138.20968
G1 X82.579 Y156.776 E138.21278
G1 X82.536 Y156.678 E138.21491
G1 X82.323 Y156.463 E138.22095
G1 X82.277 Y156.306 E138.22422
G1 X82.326 Y156.143 E138.22761
G1 X82.601 Y155.848 E138.23566
G1 F1187.3 X82.616 Y155.579 E138.24191
G1 F1041.7 X82.408 Y155.37 E138.24971
G1 F1043.6 X82.371 Y155.241 E138.25325
G1 X82.408 Y155.113 E138.25677
G1 X82.513 Y155.003 E138.26078
G1 F1500 E131.76078
;MESH:WheelAdapter_v11.stl
G0 F15000 X81.549 Y155.73
G0 X81.378 Y156.305
G0 X81.386 Y157.802
G0 X81.495 Y158.315
G0 X81.657 Y158.601
G0 X82.513 Y159.674
G0 X87.74 Y173.244
;TYPE:WALL-INNER
G1 F1500 E138.26078
G1 F1380.2 X87.74 Y160.244 E138.52021
G1 X79.088 Y160.244 E138.69287
G1 X79.088 Y173.244 E138.9523
G1 X87.74 Y173.244 E139.12496
G0 F15000 X88.14 Y173.644
G1 F1380.2 X88.14 Y159.844 E139.40035
G1 X78.688 Y159.844 E139.58898
G1 X78.688 Y173.644 E139.86437
G1 X88.14 Y173.644 E140.053
G0 F15000 X88.54 Y174.044
;TYPE:WALL-OUTER
G1 F1380.2 X88.54 Y159.444 E140.34435
G1 X78.288 Y159.444 E140.54894
G1 X78.288 Y174.044 E140.8403
G1 X88.54 Y174.044 E141.04489
G0 F15000 X88.263 Y173.764
G0 X86.923 Y173.165
;TYPE:FILL
G1 F1380.2 X87.66 Y170.418 E141.10165
G0 F15000 X84.8 Y173.044
G1 F1380.2 X84.8 Y166.891 E141.22444
G0 F15000 X84.4 Y166.998
G1 F1380.2 X84.4 Y173.044 E141.34509
G0 F15000 X83.962 Y173.163
G1 F1380.2 X83.6 Y172.8 E141.35533
G1 X83.6 Y167.212 E141.46684
G1 X87.659 Y166.125 E141.5507
G0 F15000 X87.66 Y165.548
G1 F1380.2 X82.436 Y160.324 E141.69813
G0 F15000 X82.082 Y160.323
G1 F1380.2 X80.686 Y165.533 E141.80577
G0 F15000 X80.573 Y165.954
G1 F1380.2 X79.169 Y171.197 E141.91408
G0 F15000 X79.169 Y168.4
G1 F1380.2 X82 Y167.641 E141.97257
G0 F15000 X82.516 Y167.503
G1 F1380.2 X82 Y167.641 E141.98323
G1 X82 Y171.2 E142.05426
G1 X83.6 Y172.8 E142.09941
G0 F15000 X82.4 Y173.044
G1 F1380.2 X82.4 Y171.602 E142.12819
G0 F15000 X82 Y171.202
G1 F1380.2 X82 Y173.044 E142.16495
G0 F15000 X82 Y171.2
G1 F1380.2 X79.168 Y168.369 E142.24486
G0 F15000 X82.996 Y167.374
G1 F1380.2 X82.516 Y167.503 E142.25478
G1 X80.573 Y165.954 E142.30437
G1 X80.686 Y165.533 E142.31307
G1 X82.996 Y167.374 E142.37201
G1 X83.6 Y167.212 E142.38449
G1 F1500 E135.88449
;MESH:NONMESH
G0 F300 X83.6 Y167.212 Z3.56
G0 F15000 X82.514 Y159.674
G0 X81.657 Y158.601
G0 X81.411 Y157.922
G0 X81.415 Y156.432
G0 X82.514 Y156.104
;TIME_ELAPSED:426.037956
;LAYER:28
;note -- min layer time used
;TYPE:SUPPORT
G1 F1500 E142.38449
G1 F1513.4 X82.689 Y156.052 E142.38836
G1 X82.828 Y156.199 E142.39265
G1 X82.816 Y156.429 E142.39754
G1 X82.744 Y156.503 E142.39973
G1 X82.627 Y156.535 E142.4023
G1 X82.524 Y156.504 E142.40458
G1 X82.424 Y156.406 E142.40755
G1 X82.394 Y156.304 E142.4098
G1 X82.425 Y156.198 E142.41214
G1 X82.514 Y156.104 E142.41489
G0 F15000 X82.536 Y155.042
G1 F1542.5 X82.652 Y155.009 E142.4174
G1 X82.768 Y155.042 E142.41991
G1 X82.853 Y155.13 E142.42245
G1 X82.837 Y155.374 E142.42754
G1 X82.764 Y155.446 E142.42967
G1 X82.593 Y155.493 E142.43336
G1 X82.451 Y155.348 E142.43758
G1 X82.42 Y155.241 E142.4399
G1 X82.451 Y155.133 E142.44224
G1 X82.536 Y155.042 E142.44483
G1 F1500 E135.94483
G0 F15000 X84.039 Y156.089
G1 F1500 E142.44483
G1 F1524.2 X84.234 Y155.886 E142.45076
G1 X84.436 Y156.097 E142.45691
G1 X84.467 Y156.21 E142.45937
G1 X84.436 Y156.321 E142.4618
G1 X84.352 Y156.404 E142.46429
G1 X84.235 Y156.439 E142.46686
G1 X84.132 Y156.406 E142.46913
G1 X84.039 Y156.315 E142.47187
G1 X84.039 Y156.089 E142.47663
G0 F15000 X84.004 Y155.198
G1 F1499.3 X84.035 Y155.091 E142.47902
G1 X84.119 Y155.003 E142.48162
G1 X84.232 Y154.971 E142.48413
G1 X84.348 Y155.005 E142.48672
G1 X84.428 Y155.087 E142.48917
G1 X84.461 Y155.203 E142.49175
G1 X84.432 Y155.313 E142.49419
G1 X84.239 Y155.506 E142.50003
G1 X84.034 Y155.299 E142.50627
G1 X84.004 Y155.198 E142.50852
G1 F1500 E136.00852
G0 F15000 X84.276 Y157.806
G1 F1500 E142.50852
G1 F1535.1 X84.393 Y157.839 E142.51106
G1 X84.477 Y157.925 E142.51357
G1 X84.511 Y158.042 E142.51612
G1 X84.48 Y158.151 E142.51849
G1 X84.397 Y158.235 E142.52096
G1 X84.167 Y158.235 E142.52577
G1 X84.076 Y158.144 E142.52846
G1 X84.046 Y158.028 E142.53096
G1 X84.075 Y157.925 E142.5332
G1 X84.159 Y157.839 E142.53571
G1 X84.276 Y157.806 E142.53825
G0 F15000 X82.845 Y157.978
G1 F1535.1 X82.819 Y158.162 E142.54214
G1 X82.748 Y158.235 E142.54427
G1 X82.515 Y158.235 E142.54914
G1 X82.422 Y158.141 E142.5519
G1 X82.391 Y158.038 E142.55415
G1 X82.422 Y157.933 E142.55644
G1 X82.511 Y157.839 E142.55914
G1 X82.627 Y157.806 E142.56166
G1 X82.743 Y157.839 E142.56419
G1 X82.845 Y157.978 E142.56779
G1 F1500 E136.06779
;MESH:WheelAdapter_v11.stl
G0 F15000 X82.845 Y159.674
G0 X87.811 Y173.244
;TYPE:WALL-INNER
G1 F1500 E142.56779
G1 F1608 X87.808 Y160.244 E142.82722
G1 X79.02 Y160.244 E143.00259
G1 X79.02 Y173.244 E143.26202
G1 X87.811 Y173.244 E143.43746
G0 F15000 X88.211 Y173.644
G1 F1608 X88.208 Y159.844 E143.71285
G1 X78.62 Y159.844 E143.90419
G1 X78.62 Y173.644 E144.17958
G1 X88.211 Y173.644 E144.37098
G0 F15000 X88.611 Y174.044
;TYPE:WALL-OUTER
G1 F1608 X88.608 Y159.444 E144.66234
G1 X78.22 Y159.444 E144.86964
G1 X78.22 Y174.044 E145.161
G1 X88.611 Y174.044 E145.36837
G0 F15000 X88.332 Y173.764
G0 X86.836 Y173.164
;TYPE:FILL
G1 F1608 X87.73 Y169.825 E145.43735
G0 F15000 X87.728 Y166.194
G1 F1608 X85.067 Y166.907 E145.49232
G0 F15000 X85.287 Y166.907
G0 X87.73 Y165.498
G1 F1608 X82.556 Y160.324 E145.63834
G0 F15000 X81.994 Y160.324
G1 F1608 X79.1 Y171.124 E145.86147
G0 F15000 X79.101 Y168.506
G1 F1608 X81.778 Y167.788 E145.91678
G0 F15000 X81.559 Y167.788
G0 X79.1 Y168.181
G1 F1608 X81.779 Y170.86 E145.99239
G0 F15000 X81.559 Y170.86
G0 X81.631 Y173.072
G0 X85.024 Y173.144
G0 X85.024 Y172.884
;TYPE:SKIN
G1 F1608 X81.816 Y172.884 E146.05641
G1 X81.816 Y166.704 E146.17974
G1 X85.024 Y166.704 E146.24376
G1 X85.024 Y172.884 E146.36709
G0 F15000 X85.024 Y173.144
G0 X82.174 Y173.144
G0 X82.174 Y172.684
G1 F1608 X82.016 Y172.526 E146.37155
G0 F15000 X82.016 Y171.96
G1 F1608 X82.74 Y172.684 E146.39198
G0 F15000 X83.306 Y172.684
G1 F1608 X82.016 Y171.394 E146.42839
G0 F15000 X82.016 Y170.829
G1 F1608 X83.871 Y172.684 E146.48074
G0 F15000 X84.437 Y172.684
G1 F1608 X82.016 Y170.263 E146.54906
G0 F15000 X82.016 Y169.697
G1 F1608 X84.825 Y172.506 E146.62834
G0 F15000 X84.825 Y171.94
G1 F1608 X82.016 Y169.131 E146.70762
G0 F15000 X82.016 Y168.566
G1 F1608 X84.825 Y171.374 E146.78688
G0 F15000 X84.825 Y170.809
G1 F1608 X82.016 Y168 E146.86615
G0 F15000 X82.016 Y167.434
G1 F1608 X84.825 Y170.243 E146.94543
G0 F15000 X84.825 Y169.677
G1 F1608 X82.051 Y166.904 E147.0237
G0 F15000 X82.617 Y166.904
G1 F1608 X84.825 Y169.112 E147.08602
G0 F15000 X84.825 Y168.546
G1 F1608 X83.183 Y166.904 E147.13236
G0 F15000 X83.748 Y166.904
G1 F1608 X84.825 Y167.98 E147.16274
G0 F15000 X84.825 Y167.415
G1 F1608 X84.314 Y166.904 E147.17716
G0 F15000 X84.314 Y166.144
;MESH:NONMESH
G0 F300 X84.314 Y166.144 Z3.68
G0 F15000 X85.214 Y166.516
G0 X87.88 Y173.244
;TIME_ELAPSED:441.764042
;LAYER:29
;note -- min layer time used
;TYPE:WALL-INNER
;MESH:WheelAdapter_v11.stl
G1 F1458.7 X87.88 Y160.244 E147.43659
G1 X78.948 Y160.244 E147.61484
G1 X78.948 Y173.244 E147.87427
G1 X87.88 Y173.244 E148.05252
G0 F15000 X88.28 Y173.644
G1 F1458.7 X88.28 Y159.844 E148.32791
G1 X78.548 Y159.844 E148.52212
G1 X78.548 Y173.644 E148.79752
G1 X88.28 Y173.644 E148.99173
G0 F15000 X88.68 Y174.044
;TYPE:WALL-OUTER
G1 F1458.7 X88.68 Y159.444 E149.28309
G1 X78.148 Y159.444 E149.49326
G1 X78.148 Y174.044 E149.78462
G1 X88.68 Y174.044 E149.9948
G0 F15000 X88.402 Y173.764
G0 X86.748 Y173.164
;TYPE:FILL
G1 F1458.7 X87.799 Y169.239 E150.07589
G0 F15000 X87.799 Y166.263
G1 F1458.7 X85.282 Y166.938 E150.12789
G0 F15000 X85.502 Y166.938
G0 X87.8 Y165.447
G1 F1458.7 X82.676 Y160.324 E150.27249
G0 F15000 X81.906 Y160.324
G1 F1458.7 X79.028 Y171.066 E150.49442
G0 F15000 X79.028 Y168.613
G1 F1458.7 X81.538 Y167.941 E150.54627
G0 F15000 X81.318 Y167.941
G0 X79.028 Y167.989
G1 F1458.7 X81.539 Y170.5 E150.61714
G0 F15000 X81.318 Y170.5
G0 X81.39 Y173.072
G0 X85.24 Y173.144
G0 X85.24 Y172.884
;TYPE:SKIN
G1 F1458.7 X81.576 Y172.884 E150.69026
G1 X81.576 Y166.704 E150.81358
G1 X85.24 Y166.704 E150.8867
G1 X85.24 Y172.884 E151.01003
G0 F15000 X85.039 Y172.347
G1 F1458.7 X84.703 Y172.684 E151.01953
G0 F15000 X84.137 Y172.684
G1 F1458.7 X85.039 Y171.782 E151.04499
G0 F15000 X85.039 Y171.216
G1 F1458.7 X83.572 Y172.684 E151.0864
G0 F15000 X83.006 Y172.684
G1 F1458.7 X85.039 Y170.65 E151.14379
G0 F15000 X85.039 Y170.085
G1 F1458.7 X82.44 Y172.684 E151.21714
G0 F15000 X81.874 Y172.684
G1 F1458.7 X85.039 Y169.519 E151.30646
G0 F15000 X85.039 Y168.953
G1 F1458.7 X81.775 Y172.217 E151.39858
G0 F15000 X81.775 Y171.652
G1 F1458.7 X85.039 Y168.388 E151.4907
G0 F15000 X85.039 Y167.822
G1 F1458.7 X81.775 Y171.086 E151.58282
G0 F15000 X81.775 Y170.52
G1 F1458.7 X85.039 Y167.256 E151.67493
G0 F15000 X84.826 Y166.904
G1 F1458.7 X81.775 Y169.955 E151.76104
G0 F15000 X81.775 Y169.389
G1 F1458.7 X84.26 Y166.904 E151.83117
G0 F15000 X83.695 Y166.904
G1 F1458.7 X81.775 Y168.823 E151.88534
G0 F15000 X81.775 Y168.257
G1 F1458.7 X83.129 Y166.904 E151.92354
G0 F15000 X82.563 Y166.904
G1 F1458.7 X81.775 Y167.692 E151.94578
G0 F15000 X81.775 Y167.126
G1 F1458.7 X81.998 Y166.904 E151.95206
G0 F15000 X81.998 Y166.144
;MESH:NONMESH
G0 F300 X81.998 Y166.144 Z3.8
G0 F15000 X85.429 Y166.516
G0 X87.948 Y173.244
;TIME_ELAPSED:455.076852
;LAYER:30
;note -- min layer time used
;TYPE:WALL-INNER
;MESH:WheelAdapter_v11.stl
G1 F1608.7 X87.948 Y160.244 E152.21149
G1 X83.734 Y160.24 E152.29558
G1 X83.442 Y160.159 E152.30163
G1 X83.121 Y160.242 E152.30825
G1 X78.88 Y160.244 E152.39288
G1 X78.88 Y173.244 E152.65231
G1 X87.948 Y173.244 E152.83327
G0 F15000 X88.348 Y173.644
G1 F1608.7 X88.348 Y159.844 E153.10867
G1 X83.76 Y159.841 E153.20022
G1 X83.533 Y159.767 E153.20499
G1 X83.442 Y159.625 E153.20836
G1 X83.351 Y159.767 E153.21172
G1 X83.095 Y159.843 E153.21705
G1 X78.48 Y159.844 E153.30915
G1 X78.48 Y173.644 E153.58454
G1 X88.348 Y173.644 E153.78147
G1 F1500 E147.28147
G0 F15000 X88.04 Y173.363
G0 X83.743 Y160.154
G0 X83.743 Y159.443
;TYPE:WALL-OUTER
G1 F1500 E153.78147
G1 F1633.2 X83.635 Y159.261 E153.78563
G1 F1667 X83.635 Y155.437 E153.85927
G1 X83.249 Y155.437 E153.8667
G1 X83.249 Y159.261 E153.94034
G1 F1633.2 X83.14 Y159.444 E153.94453
G1 F1608.7 X78.08 Y159.444 E154.04551
G1 X78.08 Y174.044 E154.33687
G1 X88.748 Y174.044 E154.54976
G1 X88.748 Y159.444 E154.84112
G1 X83.743 Y159.443 E154.941
G0 F15000 X83.743 Y160.154
G0 X82.796 Y160.323
;TYPE:FILL
G1 F1608.7 X87.868 Y165.395 E155.08414
G0 F15000 X87.867 Y166.333
G1 F1608.7 X85.396 Y166.995 E155.13519
G0 F15000 X85.616 Y166.995
G0 X87.868 Y168.656
G1 F1608.7 X86.66 Y173.165 E155.22835
G0 F15000 X81.237 Y173.072
G0 X81.164 Y170.225
G0 X81.384 Y170.225
G1 F1608.7 X78.96 Y167.801 E155.29676
G0 F15000 X78.96 Y168.72
G1 F1608.7 X81.384 Y168.07 E155.34684
G0 F15000 X81.164 Y168.07
G0 X78.96 Y170.989
G1 F1608.7 X81.819 Y160.322 E155.56722
G0 F15000 X79.386 Y160.323
G1 F1608.7 X78.961 Y160.437 E155.57601
G0 F15000 X85.544 Y166.516
G0 X85.616 Y172.884
G0 X85.356 Y172.884
;TYPE:SKIN
G1 F1608.7 X81.424 Y172.884 E155.65447
G1 X81.424 Y166.704 E155.7778
G1 X85.356 Y166.704 E155.85627
G1 X85.356 Y172.884 E155.9796
G0 F15000 X85.616 Y172.884
G0 X82.174 Y173.144
G0 X82.174 Y172.684
G1 F1608.7 X81.624 Y172.134 E155.99512
G0 F15000 X81.624 Y171.568
G1 F1608.7 X82.74 Y172.684 E156.02661
G0 F15000 X83.306 Y172.684
G1 F1608.7 X81.624 Y171.002 E156.07408
G0 F15000 X81.624 Y170.437
G1 F1608.7 X83.871 Y172.684 E156.1375
G0 F15000 X84.437 Y172.684
G1 F1608.7 X81.624 Y169.871 E156.21689
G0 F15000 X81.624 Y169.305
G1 F1608.7 X85.003 Y172.684 E156.31225
G0 F15000 X85.155 Y172.271
G1 F1608.7 X81.624 Y168.74 E156.4119
G0 F15000 X81.624 Y168.174
G1 F1608.7 X85.155 Y171.705 E156.51156
G0 F15000 X85.155 Y171.14
G1 F1608.7 X81.624 Y167.608 E156.61122
G0 F15000 X81.624 Y167.043
G1 F1608.7 X85.155 Y170.574 E156.71088
G0 F15000 X85.155 Y170.008
G1 F1608.7 X82.051 Y166.904 E156.79848
G0 F15000 X82.617 Y166.904
G1 F1608.7 X85.155 Y169.443 E156.87012
G0 F15000 X85.155 Y168.877
G1 F1608.7 X83.183 Y166.904 E156.92579
G0 F15000 X83.748 Y166.904
G1 F1608.7 X85.155 Y168.311 E156.9655
G0 F15000 X85.155 Y167.746
G1 F1608.7 X84.314 Y166.904 E156.98924
G0 F15000 X84.88 Y166.904
G1 F1608.7 X85.155 Y167.18 E156.99702
G0 F15000 X85.916 Y167.18
;MESH:NONMESH
G0 F300 X85.916 Y167.18 Z3.92
G0 F15000 X88.019 Y173.244
;TIME_ELAPSED:469.652361
;LAYER:31
;note -- min layer time used
;TYPE:WALL-INNER
;MESH:WheelAdapter_v11.stl
G1 F1631.7 X88.016 Y160.244 E157.25645
G1 X84.083 Y160.244 E157.33494
G1 X83.727 Y160.11 E157.34253
G1 X83.471 Y159.898 E157.34916
G1 X83.428 Y159.796 E157.35137
G1 X83.385 Y159.898 E157.35358
G1 X83.129 Y160.11 E157.36021
G1 X82.728 Y160.244 E157.36865
G1 X78.812 Y160.244 E157.4468
G1 X78.812 Y173.244 E157.70623
G1 X88.019 Y173.244 E157.88996
G0 F15000 X83.927 Y160.154
G0 X83.927 Y159.764
G1 F1631.7 X83.773 Y159.637 E157.89394
G1 F1623.6 X83.629 Y159.296 E157.90137
G1 X83.628 Y155.844 E157.9706
G1 F1631.7 X83.228 Y155.844 E157.97858
G1 F1623.6 X83.227 Y159.296 E158.04782
G1 X83.083 Y159.637 E158.05524
G1 F1631.7 X82.929 Y159.764 E158.05922
G1 X82.713 Y159.839 E158.06379
G1 X78.412 Y159.844 E158.14962
G1 X78.412 Y173.644 E158.42501
G1 X88.419 Y173.644 E158.62471
G1 X88.416 Y159.844 E158.90011
G1 X84.141 Y159.844 E158.98542
G1 X83.927 Y159.764 E158.98998
G0 F15000 X84.189 Y159.444
;TYPE:WALL-OUTER
G1 F1631.7 X84.076 Y159.375 E158.99262
G1 X84.028 Y159.262 E158.99507
G1 X84.028 Y155.444 E159.07126
G1 X82.828 Y155.444 E159.09521
G1 X82.828 Y159.262 E159.1714
G1 X82.78 Y159.375 E159.17385
G1 X82.657 Y159.443 E159.17666
G1 X78.012 Y159.444 E159.26935
G1 X78.012 Y174.044 E159.56071
G1 X88.819 Y174.044 E159.77638
G1 X88.816 Y159.444 E160.06774
G1 X84.189 Y159.444 E160.16007
G0 F15000 X84.189 Y160.154
G0 X82.879 Y160.288
;TYPE:FILL
G1 F1631.7 X87.937 Y165.346 E160.30282
G0 F15000 X87.937 Y166.401
G1 F1631.7 X85.396 Y167.082 E160.35532
G0 F15000 X85.616 Y167.082
G0 X87.938 Y168.069
G1 F1631.7 X86.573 Y173.164 E160.46058
G0 F15000 X81.098 Y173.072
G0 X81.025 Y169.968
G0 X81.246 Y169.968
G1 F1631.7 X78.892 Y167.614 E160.52702
G0 F15000 X78.892 Y168.825
G1 F1631.7 X81.245 Y168.194 E160.57563
G0 F15000 X81.025 Y168.194
G0 X78.892 Y170.919
G1 F1631.7 X81.731 Y160.323 E160.79454
G0 F15000 X79.708 Y160.324
G1 F1631.7 X78.893 Y160.542 E160.81138
G0 F15000 X85.544 Y166.516
G0 X85.616 Y172.884
G0 X85.356 Y172.884
;TYPE:SKIN
G1 F1631.7 X81.284 Y172.884 E160.89264
G1 X81.284 Y166.704 E161.01597
G1 X85.356 Y166.704 E161.09723
G1 X85.356 Y172.884 E161.22056
G0 F15000 X84.703 Y172.684
G1 F1631.7 X85.155 Y172.231 E161.23333
G0 F15000 X85.155 Y171.666
G1 F1631.7 X84.137 Y172.684 E161.26206
G0 F15000 X83.572 Y172.684
G1 F1631.7 X85.155 Y171.1 E161.30675
G0 F15000 X85.155 Y170.534
G1 F1631.7 X83.006 Y172.684 E161.36741
G0 F15000 X82.44 Y172.684
G1 F1631.7 X85.155 Y169.969 E161.44404
G0 F15000 X85.155 Y169.403
G1 F1631.7 X81.874 Y172.684 E161.53663
G0 F15000 X81.484 Y172.509
G1 F1631.7 X85.155 Y168.837 E161.64025
G0 F15000 X85.155 Y168.272
G1 F1631.7 X81.484 Y171.943 E161.74385
G0 F15000 X81.484 Y171.377
G1 F1631.7 X85.155 Y167.706 E161.84746
G0 F15000 X85.155 Y167.14
G1 F1631.7 X81.484 Y170.812 E161.95108
G0 F15000 X81.484 Y170.246
G1 F1631.7 X84.826 Y166.904 E162.04539
G0 F15000 X84.26 Y166.904
G1 F1631.7 X81.484 Y169.68 E162.12374
G0 F15000 X81.484 Y169.114
G1 F1631.7 X83.695 Y166.904 E162.18612
G0 F15000 X83.129 Y166.904
G1 F1631.7 X81.484 Y168.549 E162.23255
G0 F15000 X81.484 Y167.983
G1 F1631.7 X82.563 Y166.904 E162.263
G0 F15000 X81.998 Y166.904
G1 F1631.7 X81.484 Y167.417 E162.27749
G0 F15000 X80.725 Y167.417
;MESH:NONMESH
G0 F300 X80.725 Y167.417 Z4.04
G0 F15000 X83.066 Y159.682
G0 X83.401 Y156.297
;TIME_ELAPSED:483.971948
;LAYER:32
;note -- min layer time used
;TYPE:WALL-INNER
;MESH:WheelAdapter_v11.stl
G1 F1330.9 X83.4 Y159.336 E162.35467
G0 F15000 X88.088 Y173.244
G1 F1693.6 X88.088 Y160.244 E162.6141
G1 X84.316 Y160.244 E162.68937
G1 X84.001 Y160.137 E162.69601
G1 X83.848 Y160.042 E162.6996
G1 X83.617 Y159.796 E162.70634
G1 F1485.6 X83.4 Y159.336 E162.71791
G1 X83.183 Y159.796 E162.72948
G1 F1693.6 X82.952 Y160.042 E162.73621
G1 X82.799 Y160.137 E162.73981
G1 X82.484 Y160.244 E162.74645
G1 X78.741 Y160.244 E162.82114
G1 X78.744 Y173.244 E163.08057
G1 X88.088 Y173.244 E163.26704
G0 F15000 X84.089 Y160.154
G0 X84.089 Y159.723
G1 F1693.6 X83.951 Y159.575 E163.27108
G1 X83.854 Y159.297 E163.27695
G1 X83.854 Y155.844 E163.34586
G1 X82.948 Y155.844 E163.36394
G1 X82.946 Y159.297 E163.43285
G1 X82.849 Y159.575 E163.43873
G1 X82.711 Y159.723 E163.44277
G1 X82.431 Y159.844 E163.44885
G1 X78.341 Y159.844 E163.53047
G1 X78.344 Y173.644 E163.80587
G1 X88.488 Y173.644 E164.0083
G1 X88.488 Y159.844 E164.2837
G1 X84.369 Y159.844 E164.36589
G1 X84.089 Y159.723 E164.37198
G0 F15000 X84.409 Y159.44
;TYPE:WALL-OUTER
G1 F1693.6 X84.285 Y159.355 E164.37498
G1 X84.252 Y159.262 E164.37695
G1 X84.255 Y155.444 E164.45314
G1 X82.548 Y155.444 E164.48721
G1 X82.548 Y159.262 E164.5634
G1 X82.515 Y159.355 E164.56537
G1 X82.386 Y159.441 E164.56846
G1 X77.941 Y159.444 E164.65717
G1 X77.944 Y174.044 E164.94853
G1 X88.888 Y174.044 E165.16693
G1 X88.888 Y159.444 E165.45829
G1 X84.409 Y159.44 E165.54767
G0 F15000 X84.409 Y160.154
G0 X82.887 Y160.175
;TYPE:FILL
G1 F1693.6 X88.008 Y165.296 E165.69219
G0 F15000 X88.007 Y166.47
G1 F1693.6 X85.397 Y167.17 E165.74612
G0 F15000 X85.616 Y167.17
G0 X88.008 Y167.48
G1 F1693.6 X86.485 Y173.164 E165.86355
G0 F15000 X81.005 Y173.072
G0 X80.933 Y169.755
G0 X81.153 Y169.755
G1 F1693.6 X78.823 Y167.425 E165.92931
G0 F15000 X78.823 Y168.931
G1 F1693.6 X81.152 Y168.307 E165.97743
G0 F15000 X80.933 Y168.307
G0 X78.824 Y170.846
G1 F1693.6 X81.643 Y160.324 E166.19481
G0 F15000 X80.037 Y160.324
G1 F1693.6 X78.821 Y160.65 E166.21993
G0 F15000 X85.544 Y166.516
G0 X85.616 Y172.884
G0 X85.356 Y172.884
;TYPE:SKIN
G1 F1693.6 X81.192 Y172.884 E166.30303
G1 X81.192 Y166.704 E166.42636
G1 X85.356 Y166.704 E166.50946
G1 X85.356 Y172.884 E166.63279
G0 F15000 X85.616 Y172.884
G0 X81.005 Y173.072
G0 X80.933 Y172.468
G0 X81.392 Y172.468
G1 F1693.6 X81.609 Y172.684 E166.6389
G0 F15000 X82.174 Y172.684
G1 F1693.6 X81.392 Y171.902 E166.66096
G0 F15000 X81.392 Y171.336
G1 F1693.6 X82.74 Y172.684 E166.69901
G0 F15000 X83.306 Y172.684
G1 F1693.6 X81.392 Y170.771 E166.75301
G0 F15000 X81.392 Y170.205
G1 F1693.6 X83.871 Y172.684 E166.82297
G0 F15000 X84.437 Y172.684
G1 F1693.6 X81.392 Y169.639 E166.90891
G0 F15000 X81.392 Y169.073
G1 F1693.6 X85.003 Y172.684 E167.01082
G0 F15000 X85.155 Y172.271
G1 F1693.6 X81.392 Y168.508 E167.11702
G0 F15000 X81.392 Y167.942
G1 F1693.6 X85.155 Y171.705 E167.22322
G0 F15000 X85.155 Y171.14
G1 F1693.6 X81.392 Y167.376 E167.32944
G0 F15000 X81.486 Y166.904
G1 F1693.6 X85.155 Y170.574 E167.433
G0 F15000 X85.155 Y170.008
G1 F1693.6 X82.051 Y166.904 E167.5206
G0 F15000 X82.617 Y166.904
G1 F1693.6 X85.155 Y169.443 E167.59224
G0 F15000 X85.155 Y168.877
G1 F1693.6 X83.183 Y166.904 E167.64791
G0 F15000 X83.748 Y166.904
G1 F1693.6 X85.155 Y168.311 E167.68762
G0 F15000 X85.155 Y167.746
G1 F1693.6 X84.314 Y166.904 E167.71137
G0 F15000 X84.88 Y166.904
G1 F1693.6 X85.155 Y167.18 E167.71914
G0 F15000 X85.916 Y167.18
;MESH:NONMESH
G0 F300 X85.916 Y167.18 Z4.16
G0 F15000 X83.617 Y160.082
G0 X83.546 Y156.263
G0 X83.643 Y156.263
;TIME_ELAPSED:498.994986
;LAYER:33
;note -- min layer time used
;TYPE:WALL-INNER
;MESH:WheelAdapter_v11.stl
G1 F1563.3 X83.203 Y156.263 E167.72878
G1 F1556.2 X83.201 Y159.333 E167.79632
G1 F1626.3 X83.055 Y159.736 E167.80535
G1 F1715.7 X82.847 Y159.993 E167.81194
G1 X82.589 Y160.159 E167.81807
G1 X82.184 Y160.244 E167.82633
G1 X78.672 Y160.244 E167.89641
G1 X78.672 Y173.244 E168.15584
G1 X88.156 Y173.244 E168.3451
G1 X88.156 Y160.244 E168.60453
G1 X84.503 Y160.244 E168.67743
G1 X84.151 Y160.106 E168.68498
G1 X83.997 Y159.993 E168.68879
G1 X83.789 Y159.736 E168.69539
G1 F1626.3 X83.643 Y159.333 E168.70441
G1 F1556.2 X83.643 Y156.263 E168.77196
G0 F15000 X83.825 Y160.082
G0 X84.459 Y160.154
G0 X84.459 Y159.81
G1 F1715.7 X84.262 Y159.694 E168.77652
G1 X84.137 Y159.539 E168.78049
G1 X84.062 Y159.297 E168.78555
G1 X84.063 Y155.844 E168.85446
G1 X82.784 Y155.844 E168.87998
G1 X82.782 Y159.297 E168.94889
G1 X82.707 Y159.539 E168.95394
G1 X82.582 Y159.694 E168.95792
G1 X82.28 Y159.844 E168.96465
G1 X78.272 Y159.844 E169.04463
G1 X78.272 Y173.644 E169.32003
G1 X88.556 Y173.644 E169.52525
G1 X88.556 Y159.844 E169.80065
G1 X84.66 Y159.844 E169.8784
G1 X84.459 Y159.81 E169.88246
G0 F15000 X84.616 Y159.44
;TYPE:WALL-OUTER
G1 F1715.7 X84.46 Y159.324 E169.88634
G1 X84.463 Y155.444 E169.96377
G1 X82.384 Y155.444 E170.00526
G1 X82.384 Y159.325 E170.08271
G1 X82.227 Y159.44 E170.0866
G1 X77.872 Y159.444 E170.1735
G1 X77.872 Y174.044 E170.46486
G1 X88.956 Y174.044 E170.68606
G1 X88.956 Y159.444 E170.97742
G1 X84.616 Y159.44 E171.06402
G0 F15000 X84.616 Y160.154
G0 X83.825 Y160.082
G0 X83.594 Y159.459
;TYPE:FILL
G1 F1715.7 X83.21 Y159.562 E171.07196
G0 F15000 X82.891 Y160.059
G1 F1715.7 X88.077 Y165.244 E171.2183
G0 F15000 X88.076 Y166.54
G1 F1715.7 X85.396 Y167.258 E171.27367
G0 F15000 X85.616 Y167.258
G0 X88.076 Y166.897
G1 F1715.7 X86.397 Y173.165 E171.40317
G0 F15000 X80.92 Y173.072
G0 X80.848 Y169.549
G0 X81.068 Y169.549
G1 F1715.7 X78.752 Y167.234 E171.46852
G0 F15000 X78.753 Y169.038
G1 F1715.7 X81.068 Y168.418 E171.51634
G0 F15000 X80.848 Y168.418
G0 X78.752 Y170.784
G1 F1715.7 X81.555 Y160.324 E171.73245
G0 F15000 X80.365 Y160.324
G1 F1715.7 X78.753 Y160.756 E171.76575
G0 F15000 X85.544 Y166.516
G0 X85.616 Y172.884
G0 X85.356 Y172.884
;TYPE:SKIN
G1 F1715.7 X81.108 Y172.884 E171.85053
G1 X81.108 Y166.704 E171.97385
G1 X85.356 Y166.704 E172.05863
G1 X85.356 Y172.884 E172.18196
G0 F15000 X84.703 Y172.684
G1 F1715.7 X85.155 Y172.231 E172.19473
G0 F15000 X85.155 Y171.666
G1 F1715.7 X84.137 Y172.684 E172.22346
G0 F15000 X83.572 Y172.684
G1 F1715.7 X85.155 Y171.1 E172.26815
G0 F15000 X85.155 Y170.534
G1 F1715.7 X83.006 Y172.684 E172.32881
G0 F15000 X82.44 Y172.684
G1 F1715.7 X85.155 Y169.969 E172.40543
G0 F15000 X85.155 Y169.403
G1 F1715.7 X81.874 Y172.684 E172.49803
G0 F15000 X81.309 Y172.684
G1 F1715.7 X85.155 Y168.837 E172.60659
G0 F15000 X85.155 Y168.272
G1 F1715.7 X81.307 Y172.12 E172.71519
G0 F15000 X81.307 Y171.554
G1 F1715.7 X85.155 Y167.706 E172.82378
G0 F15000 X85.155 Y167.14
G1 F1715.7 X81.307 Y170.988 E172.93238
G0 F15000 X81.307 Y170.423
G1 F1715.7 X84.826 Y166.904 E173.0317
G0 F15000 X84.26 Y166.904
G1 F1715.7 X81.307 Y169.857 E173.11504
G0 F15000 X81.307 Y169.291
G1 F1715.7 X83.695 Y166.904 E173.18242
G0 F15000 X83.129 Y166.904
G1 F1715.7 X81.307 Y168.726 E173.23384
G0 F15000 X81.307 Y168.16
G1 F1715.7 X82.563 Y166.904 E173.26929
G0 F15000 X81.998 Y166.904
G1 F1715.7 X81.307 Y167.594 E173.28877
G0 F15000 X81.307 Y167.029
G1 F1715.7 X81.432 Y166.904 E173.2923
G0 F15000 X81.432 Y166.144
;MESH:NONMESH
G0 F300 X81.432 Y166.144 Z4.28
G0 F15000 X83.023 Y160.082
G0 X83.708 Y156.34
;TIME_ELAPSED:513.583269
;LAYER:34
;note -- min layer time used
;TYPE:WALL-INNER
;MESH:WheelAdapter_v11.stl
G1 F1173.5 X83.116 Y156.34 E173.30979
G1 F1223 X83.116 Y157.81 E173.35144
G1 F1335.9 X83.116 Y159.28 E173.38958
G1 F1550.6 X82.913 Y159.696 E173.39992
G1 F1736.7 X82.723 Y159.956 E173.40635
G1 X82.388 Y160.175 E173.41434
G1 X82.118 Y160.244 E173.4199
G1 X78.604 Y160.244 E173.49002
G1 X78.604 Y173.244 E173.74945
G1 X88.227 Y173.244 E173.94149
G1 X88.224 Y160.244 E174.20092
G1 X84.714 Y160.244 E174.27097
G1 X84.532 Y160.207 E174.27467
G1 X84.254 Y160.08 E174.28077
G1 X84.101 Y159.956 E174.2847
G1 X83.911 Y159.696 E174.29113
G1 F1550.6 X83.708 Y159.28 E174.30147
G1 F1335.9 X83.708 Y157.81 E174.33961
G1 F1223 X83.708 Y156.34 E174.38127
G0 F15000 X83.968 Y160.082
G0 X84.583 Y160.154
G0 X84.583 Y159.803
G1 F1736.7 X84.382 Y159.671 E174.38606
G1 X84.268 Y159.515 E174.38992
G1 X84.206 Y159.296 E174.39446
G1 X84.204 Y155.844 E174.46335
G1 X82.62 Y155.844 E174.49496
G1 X82.618 Y159.296 E174.56385
G1 X82.556 Y159.515 E174.56839
G1 X82.442 Y159.671 E174.57225
G1 X82.241 Y159.803 E174.57705
G1 X82.098 Y159.84 E174.57999
G1 X78.204 Y159.844 E174.6577
G1 X78.204 Y173.644 E174.9331
G1 X88.627 Y173.644 E175.1411
G1 X88.624 Y159.844 E175.41649
G1 X84.727 Y159.839 E175.49426
G1 X84.583 Y159.803 E175.49722
G0 F15000 X84.778 Y159.443
;TYPE:WALL-OUTER
G1 F1736.7 X84.663 Y159.387 E175.49978
G1 X84.604 Y159.262 E175.50254
G1 X84.604 Y155.444 E175.57873
G1 X82.22 Y155.444 E175.6263
G1 X82.22 Y159.262 E175.7025
G1 X82.161 Y159.387 E175.70525
G1 X82.046 Y159.443 E175.70781
G1 X77.804 Y159.444 E175.79246
G1 X77.804 Y174.044 E176.08382
G1 X89.027 Y174.044 E176.30779
G1 X89.024 Y159.444 E176.59915
G1 X84.778 Y159.443 E176.68388
G0 F15000 X84.778 Y160.154
G0 X83.968 Y160.082
G0 X83.744 Y159.507
;TYPE:FILL
G1 F1736.7 X82.994 Y159.707 E176.69937
G0 F15000 X82.856 Y159.904
G1 F1736.7 X88.145 Y165.193 E176.84864
G0 F15000 X88.145 Y166.311
G1 F1736.7 X86.309 Y173.164 E176.99022
G0 F15000 X85.616 Y167.346
G0 X85.396 Y167.346
G1 F1736.7 X88.145 Y166.609 E177.04701
G0 F15000 X85.544 Y166.516
G0 X80.849 Y166.516
G0 X80.777 Y168.525
G0 X80.996 Y168.525
G1 F1736.7 X78.685 Y169.144 E177.09476
G0 F15000 X78.684 Y170.71
G1 F1736.7 X81.467 Y160.323 E177.30935
G0 F15000 X80.693 Y160.324
G1 F1736.7 X78.684 Y160.862 E177.35086
G0 F15000 X78.684 Y167.045
G1 F1736.7 X80.998 Y169.359 E177.41616
G0 F15000 X80.777 Y169.359
G0 X80.85 Y173.072
G0 X85.544 Y173.072
G0 X85.356 Y172.884
;TYPE:SKIN
G1 F1736.7 X81.036 Y172.884 E177.50237
G1 X81.036 Y166.704 E177.6257
G1 X85.356 Y166.704 E177.71191
G1 X85.356 Y172.884 E177.83524
G0 F15000 X85.616 Y172.884
G0 X81.609 Y173.144
G0 X81.609 Y172.684
G1 F1736.7 X81.236 Y172.311 E177.84577
G0 F15000 X81.236 Y171.746
G1 F1736.7 X82.174 Y172.684 E177.87224
G0 F15000 X82.74 Y172.684
G1 F1736.7 X81.236 Y171.18 E177.91469
G0 F15000 X81.236 Y170.614
G1 F1736.7 X83.306 Y172.684 E177.97311
G0 F15000 X83.871 Y172.684
G1 F1736.7 X81.236 Y170.049 E178.04747
G0 F15000 X81.236 Y169.483
G1 F1736.7 X84.437 Y172.684 E178.13781
G0 F15000 X85.003 Y172.684
G1 F1736.7 X81.236 Y168.917 E178.24412
G0 F15000 X81.236 Y168.352
G1 F1736.7 X85.155 Y172.271 E178.35473
G0 F15000 X85.155 Y171.705
G1 F1736.7 X81.236 Y167.786 E178.46533
G0 F15000 X81.236 Y167.22
G1 F1736.7 X85.155 Y171.14 E178.57595
G0 F15000 X85.155 Y170.574
G1 F1736.7 X81.486 Y166.904 E178.67951
G0 F15000 X82.051 Y166.904
G1 F1736.7 X85.155 Y170.008 E178.76711
G0 F15000 X85.155 Y169.443
G1 F1736.7 X82.617 Y166.904 E178.83875
G0 F15000 X83.183 Y166.904
G1 F1736.7 X85.155 Y168.877 E178.89442
G0 F15000 X85.155 Y168.311
G1 F1736.7 X83.748 Y166.904 E178.93413
G0 F15000 X84.314 Y166.904
G1 F1736.7 X85.155 Y167.746 E178.95788
G0 F15000 X85.155 Y167.18
G1 F1736.7 X84.88 Y166.904 E178.96565
G0 F15000 X84.88 Y166.144
;MESH:NONMESH
G0 F300 X84.88 Y166.144 Z4.4
G0 F15000 X80.849 Y166.516
G0 X78.536 Y173.244
;TIME_ELAPSED:528.500473
;LAYER:35
;note -- min layer time used
;TYPE:WALL-INNER
;MESH:WheelAdapter_v11.stl
G1 F1812.4 X88.296 Y173.244 E179.16042
G1 X88.296 Y160.244 E179.41985
G1 X84.836 Y160.244 E179.4889
G1 X84.538 Y160.164 E179.49506
G1 X84.2 Y159.927 E179.5033
G1 X84.025 Y159.667 E179.50955
G1 X83.935 Y159.331 E179.51649
G1 X83.932 Y156.244 E179.5781
G1 X82.892 Y156.244 E179.59885
G1 X82.889 Y159.331 E179.66046
G1 X82.799 Y159.667 E179.6674
G1 X82.624 Y159.927 E179.67365
G1 X82.365 Y160.126 E179.68017
G1 X82.151 Y160.211 E179.68476
G1 X81.892 Y160.244 E179.68998
G1 X78.533 Y160.244 E179.75701
G1 X78.536 Y173.244 E180.01644
G0 F15000 X80.803 Y166.516
G0 X84.763 Y160.451
G0 X84.648 Y160.154
G0 X84.648 Y159.774
G1 F1812.4 X84.493 Y159.654 E180.02035
G1 X84.388 Y159.498 E180.0241
G1 X84.334 Y159.296 E180.02827
G1 X84.332 Y155.844 E180.09716
G1 X82.492 Y155.844 E180.13388
G1 X82.49 Y159.296 E180.20277
G1 X82.436 Y159.498 E180.20694
G1 X82.331 Y159.654 E180.2107
G1 X82.094 Y159.81 E180.21636
G1 X81.977 Y159.839 E180.21876
G1 X78.133 Y159.844 E180.29547
G1 X78.136 Y173.644 E180.57087
G1 X88.696 Y173.644 E180.7816
G1 X88.696 Y159.844 E181.057
G1 X84.848 Y159.839 E181.13379
G1 X84.648 Y159.774 E181.13799
G0 F15000 X84.858 Y159.443
;TYPE:WALL-OUTER
G1 F1812.4 X84.732 Y159.31 E181.14164
G1 X84.732 Y155.444 E181.21879
G1 X82.092 Y155.444 E181.27148
G1 X82.092 Y159.262 E181.34767
G1 X82.039 Y159.381 E181.35027
G1 X81.921 Y159.443 E181.35293
G1 X77.733 Y159.444 E181.4365
G1 X77.736 Y174.044 E181.72786
G1 X89.096 Y174.044 E181.95456
G1 X89.096 Y159.444 E182.24592
G1 X84.858 Y159.443 E182.3305
G0 F15000 X84.858 Y160.154
G0 X85.116 Y160.519
G0 X83.396 Y160.544
G0 X83.396 Y160.324
;TYPE:FILL
G1 F1812.4 X88.217 Y165.144 E182.46654
G0 F15000 X88.216 Y165.719
G1 F1812.4 X86.221 Y173.164 E182.62036
G0 F15000 X85.616 Y167.434
G0 X85.396 Y167.434
G1 F1812.4 X88.215 Y166.679 E182.6786
G0 F15000 X85.544 Y166.516
G0 X80.803 Y166.516
G0 X80.731 Y168.625
G0 X80.951 Y168.625
G1 F1812.4 X78.615 Y169.251 E182.72686
G0 F15000 X78.615 Y170.638
G1 F1812.4 X81.379 Y160.323 E182.93997
G0 F15000 X81.021 Y160.324
G1 F1812.4 X78.614 Y160.969 E182.9897
G0 F15000 X78.614 Y166.855
G1 F1812.4 X80.952 Y169.193 E183.05568
G0 F15000 X80.731 Y169.193
G0 X80.804 Y173.072
G0 X85.544 Y173.072
G0 X85.356 Y172.884
;TYPE:SKIN
G1 F1812.4 X80.992 Y172.884 E183.14277
G1 X80.989 Y166.704 E183.2661
G1 X85.356 Y166.704 E183.35324
G1 X85.356 Y172.884 E183.47657
G0 F15000 X84.703 Y172.684
G1 F1812.4 X85.155 Y172.231 E183.48934
G0 F15000 X85.155 Y171.666
G1 F1812.4 X84.137 Y172.684 E183.51807
G0 F15000 X83.572 Y172.684
G1 F1812.4 X85.155 Y171.1 E183.56276
G0 F15000 X85.155 Y170.534
G1 F1812.4 X83.006 Y172.684 E183.62343
G0 F15000 X82.44 Y172.684
G1 F1812.4 X85.155 Y169.969 E183.70005
G0 F15000 X85.155 Y169.403
G1 F1812.4 X81.874 Y172.684 E183.79265
G0 F15000 X81.309 Y172.684
G1 F1812.4 X85.155 Y168.837 E183.9012
G0 F15000 X85.155 Y168.272
G1 F1812.4 X81.191 Y172.236 E184.01308
G0 F15000 X81.191 Y171.67
G1 F1812.4 X85.155 Y167.706 E184.12495
G0 F15000 X85.155 Y167.14
G1 F1812.4 X81.191 Y171.105 E184.23684
G0 F15000 X81.191 Y170.539
G1 F1812.4 X84.826 Y166.904 E184.33942
G0 F15000 X84.26 Y166.904
G1 F1812.4 X81.191 Y169.974 E184.42605
G0 F15000 X81.19 Y169.409
G1 F1812.4 X83.695 Y166.904 E184.49675
G0 F15000 X83.129 Y166.904
G1 F1812.4 X81.19 Y168.843 E184.55147
G0 F15000 X81.189 Y168.278
G1 F1812.4 X82.563 Y166.904 E184.59025
G0 F15000 X81.998 Y166.904
G1 F1812.4 X81.189 Y167.712 E184.61307
G0 F15000 X81.189 Y167.147
G1 F1812.4 X81.432 Y166.904 E184.61992
G0 F15000 X81.432 Y166.444
G0 X81.983 Y160.449
G0 X82.741 Y160.038
G0 X83.064 Y156.416
G0 X83.592 Y156.344
G0 X83.592 Y156.584
G1 F1964.7 X83.594 Y159.39 E184.67158
G1 F1611 X83.645 Y159.849 E184.68195
G1 F1388.8 X83.894 Y160.223 E184.69365
G1 X82.931 Y160.223 E184.71873
G1 X83.175 Y159.849 E184.73036
G1 F1611 X83.23 Y159.39 E184.74074
G1 F1964.7 X83.232 Y156.584 E184.79239
G1 F2008.2 X83.592 Y156.584 E184.79888
;MESH:NONMESH
G0 F300 X83.592 Y156.584 Z4.52
G0 F15000 X83.592 Y156.344
G0 X84.014 Y156.161
G0 X84.083 Y160.037
G0 X85.116 Y160.519
G0 X84.808 Y166.444
G0 X84.808 Y167.176
;TIME_ELAPSED:543.963622
;LAYER:36
;note -- min layer time used
;TYPE:WALL-INNER
;MESH:WheelAdapter_v11.stl
G1 F1569.5 X84.937 Y167.44 E184.80474
G1 X84.984 Y167.744 E184.81088
G1 X84.984 Y173.244 E184.92064
G1 X88.364 Y173.244 E184.98809
G1 X88.364 Y160.244 E185.24752
G1 X85.021 Y160.244 E185.31423
G1 X84.81 Y160.213 E185.31849
G1 X84.545 Y160.102 E185.32422
G1 X84.292 Y159.885 E185.33087
G1 X84.137 Y159.63 E185.33683
G1 X84.063 Y159.332 E185.34296
G1 X84.057 Y156.244 E185.40458
G1 X82.791 Y156.244 E185.42984
G1 X82.785 Y159.332 E185.49147
G1 X82.711 Y159.63 E185.4976
G1 X82.556 Y159.885 E185.50355
G1 X82.413 Y160.026 E185.50756
G1 X82.16 Y160.173 E185.5134
G1 X81.826 Y160.244 E185.52021
G1 X78.464 Y160.244 E185.58731
G1 X78.464 Y173.244 E185.84673
G1 X81.856 Y173.244 E185.91443
G1 X81.856 Y167.744 E186.02418
G1 X81.903 Y167.44 E186.03032
G1 X82.031 Y167.178 E186.03614
G1 X82.212 Y166.978 E186.04152
G1 X82.411 Y166.847 E186.04628
G1 X82.818 Y166.744 E186.05466
G1 X84.108 Y166.751 E186.0804
G1 X84.426 Y166.846 E186.08702
G1 X84.627 Y166.977 E186.09181
G1 X84.808 Y167.176 E186.09718
G0 F15000 X84.556 Y167.561
G1 F1569.5 X84.584 Y167.744 E186.10088
G1 X84.584 Y173.644 E186.21862
G1 X88.764 Y173.644 E186.30203
G1 X88.764 Y159.844 E186.57743
G1 X84.983 Y159.84 E186.65288
G1 X84.837 Y159.802 E186.65589
G1 X84.599 Y159.629 E186.66176
G1 X84.506 Y159.476 E186.66534
G1 X84.462 Y159.297 E186.66901
G1 X84.456 Y155.844 E186.73792
G1 X82.392 Y155.844 E186.77911
G1 X82.386 Y159.297 E186.84802
G1 X82.342 Y159.476 E186.8517
G1 X82.249 Y159.629 E186.85527
G1 X82.011 Y159.802 E186.86114
G1 X81.811 Y159.844 E186.86522
G1 X78.064 Y159.844 E186.94
G1 X78.064 Y173.644 E187.21539
G1 X82.256 Y173.644 E187.29905
G1 X82.256 Y167.744 E187.41679
G1 X82.284 Y167.562 E187.42046
G1 X82.361 Y167.404 E187.42397
G1 X82.589 Y167.206 E187.43
G1 X82.833 Y167.144 E187.43502
G1 X84.059 Y167.148 E187.45949
G1 X84.25 Y167.205 E187.46346
G1 X84.479 Y167.403 E187.46951
G1 X84.556 Y167.561 E187.47301
G0 F15000 X84.184 Y167.701
;TYPE:WALL-OUTER
G1 F1569.5 X84.184 Y174.044 E187.5996
G1 X89.164 Y174.044 E187.69898
G1 X89.164 Y159.444 E187.99034
G1 X85.034 Y159.443 E188.07275
G1 X84.906 Y159.373 E188.07567
G1 X84.86 Y159.262 E188.07806
G1 X84.856 Y155.444 E188.15426
G1 X81.992 Y155.444 E188.21141
G1 X81.988 Y159.262 E188.2876
G1 X81.942 Y159.373 E188.29
G1 X81.831 Y159.44 E188.29259
G1 X77.664 Y159.444 E188.37574
G1 X77.664 Y174.044 E188.6671
G1 X82.656 Y174.044 E188.76672
G1 X82.656 Y167.697 E188.89338
G1 X82.727 Y167.59 E188.89595
G1 X82.813 Y167.548 E188.89786
G1 X84.009 Y167.545 E188.92172
G1 X84.149 Y167.63 E188.92499
G1 X84.184 Y167.701 E188.92657
G0 F15000 X85.043 Y167.617
;TYPE:FILL
G1 F1569.5 X88.284 Y166.748 E188.99354
G0 F15000 X88.284 Y165.135
G1 F1569.5 X86.133 Y173.164 E189.15941
G0 F15000 X84.824 Y166.906
G0 X82.021 Y166.906
G0 X81.776 Y169.897
G1 F1569.5 X78.544 Y166.665 E189.25063
G0 F15000 X78.544 Y169.358
G1 F1569.5 X81.775 Y168.492 E189.31738
G0 F15000 X78.544 Y170.575
G1 F1569.5 X81.291 Y160.324 E189.52917
G1 X81.35 Y160.324
G1 X78.545 Y161.076 E189.58712
G0 F15000 X83.516 Y160.544
G0 X83.516 Y160.324
G1 F1569.5 X88.284 Y165.092 E189.72169
G0 F15000 X85.052 Y160.447
G0 X84.222 Y160.082
G0 X84.044 Y159.669
G0 X83.471 Y159.882
;TYPE:SKIN
G1 F1577.4 X83.398 Y159.924 E189.72336
G1 X83.397 Y159.84 E189.72503
G1 X83.471 Y159.882 E189.72672
G0 F15000 X84.207 Y160.283
G1 F1569.5 X82.623 Y160.284 E189.75833
G1 X82.853 Y160.087 E189.76437
G1 X83.028 Y159.791 E189.77123
G1 F1423.6 X83.184 Y159.365 E189.78121
G1 F1313.4 X83.188 Y156.641 E189.84617
G1 F1324.5 X83.66 Y156.641 E189.85734
G1 F1313.4 X83.664 Y159.365 E189.9223
G1 F1423.6 X83.798 Y159.757 E189.93141
G1 F1569.5 X83.997 Y160.089 E189.93913
G1 X84.207 Y160.283 E189.94484
G0 F15000 X84.572 Y160.454
;MESH:NONMESH
G0 F300 X84.572 Y160.454 Z4.64
G0 F15000 X84.572 Y160.544
G0 X85.013 Y167.162
;TIME_ELAPSED:556.853366
;LAYER:37
;note -- min layer time used
;TYPE:WALL-INNER
;MESH:WheelAdapter_v11.stl
G1 F1575.4 X85.15 Y167.431 E189.95086
G1 X85.2 Y167.744 E189.95719
G1 X85.2 Y173.244 E190.06695
G1 X88.436 Y173.244 E190.13153
G1 X88.432 Y160.244 E190.39096
G1 X85.116 Y160.244 E190.45713
G1 X84.749 Y160.165 E190.46462
G1 X84.493 Y160.007 E190.47062
G1 X84.354 Y159.863 E190.47462
G1 X84.209 Y159.611 E190.48042
G1 X84.144 Y159.332 E190.48614
G1 X84.14 Y156.244 E190.54776
G1 X82.688 Y156.244 E190.57674
G1 X82.684 Y159.332 E190.63836
G1 X82.619 Y159.611 E190.64408
G1 X82.474 Y159.863 E190.64988
G1 X82.335 Y160.007 E190.65388
G1 X82.079 Y160.165 E190.65988
G1 X81.825 Y160.244 E190.66519
G1 X78.396 Y160.244 E190.73362
G1 X78.396 Y173.244 E190.99305
G1 X81.616 Y173.244 E191.0573
G1 X81.616 Y167.744 E191.16706
G1 X81.666 Y167.43 E191.17341
G1 X81.803 Y167.16 E191.17945
G1 X81.993 Y166.96 E191.18496
G1 X82.201 Y166.833 E191.18982
G1 X82.508 Y166.749 E191.19617
G1 X84.31 Y166.749 E191.23213
G1 X84.617 Y166.834 E191.23849
G1 X84.824 Y166.962 E191.24335
G1 X85.013 Y167.162 E191.24884
G0 F15000 X84.77 Y167.556
G1 F1575.4 X84.8 Y167.744 E191.25264
G1 X84.8 Y173.644 E191.37038
G1 X88.836 Y173.644 E191.45092
G1 X88.832 Y159.844 E191.72631
G1 X85.073 Y159.841 E191.80133
G1 X84.905 Y159.797 E191.80479
G1 X84.668 Y159.616 E191.81075
G1 X84.542 Y159.297 E191.81759
G1 X84.54 Y155.844 E191.8865
G1 X82.288 Y155.844 E191.93144
G1 X82.286 Y159.297 E192.00035
G1 X82.16 Y159.616 E192.00719
G1 X81.923 Y159.797 E192.01314
G1 X81.754 Y159.841 E192.01663
G1 X77.996 Y159.844 E192.09162
G1 X77.996 Y173.644 E192.36702
G1 X82.016 Y173.644 E192.44724
G1 X82.016 Y167.744 E192.56498
G1 X82.046 Y167.555 E192.5688
G1 X82.128 Y167.394 E192.57241
G1 X82.367 Y167.197 E192.57859
G1 X82.551 Y167.147 E192.58239
G1 X84.266 Y167.147 E192.61662
G1 X84.45 Y167.198 E192.62043
G1 X84.688 Y167.394 E192.62658
G1 X84.77 Y167.556 E192.6302
G0 F15000 X84.4 Y167.695
;TYPE:WALL-OUTER
G1 F1575.4 X84.4 Y174.044 E192.7569
G1 X89.236 Y174.044 E192.85341
G1 X89.232 Y159.444 E193.14477
G1 X85.096 Y159.44 E193.22731
G1 X84.94 Y159.3 E193.23149
G1 X84.94 Y155.444 E193.30844
G1 X81.888 Y155.444 E193.36935
G1 X81.888 Y159.3 E193.4463
G1 X81.818 Y159.397 E193.44869
G1 X81.727 Y159.441 E193.4507
G1 X77.596 Y159.444 E193.53314
G1 X77.596 Y174.044 E193.8245
G1 X82.416 Y174.044 E193.92069
G1 X82.416 Y167.695 E194.04739
G1 X82.491 Y167.587 E194.05001
G1 X82.577 Y167.547 E194.05191
G1 X84.244 Y167.548 E194.08517
G1 X84.325 Y167.587 E194.08697
G1 X84.4 Y167.695 E194.08959
G0 F15000 X85.263 Y167.645
;TYPE:FILL
G1 F1575.4 X88.354 Y166.816 E194.15346
G0 F15000 X88.354 Y165.042
G1 F1575.4 X83.635 Y160.324 E194.28662
G0 F15000 X83.635 Y160.544
G0 X81.811 Y160.449
G0 X81.676 Y160.324
G1 F1575.4 X78.477 Y161.181 E194.35271
G0 F15000 X81.204 Y160.323
G1 F1575.4 X78.476 Y170.505 E194.56307
G0 F15000 X78.476 Y169.463
G1 F1575.4 X81.535 Y168.643 E194.62627
G0 F15000 X81.536 Y169.539
G1 F1575.4 X78.475 Y166.478 E194.71266
G0 F15000 X88.353 Y164.554
G1 F1575.4 X86.046 Y173.164 E194.89054
G0 F15000 X85.086 Y160.449
G0 X84.389 Y160.129
G0 X84.116 Y159.648
G0 X83.475 Y159.83
;TYPE:SKIN
G1 F1250.3 X83.444 Y159.885 E194.89213
G1 X83.381 Y159.885 E194.89372
G1 X83.349 Y159.83 E194.89532
G1 X83.38 Y159.775 E194.8969
G1 X83.443 Y159.775 E194.89849
G1 X83.475 Y159.83 E194.90009
G0 F15000 X84.266 Y160.284
G1 F1575.4 X82.557 Y160.284 E194.93419
G1 X82.74 Y160.104 E194.93932
G1 X82.942 Y159.764 E194.94721
G1 F1422.5 X83.129 Y159.351 E194.95723
G1 F1245.4 X83.13 Y158.019 E194.99085
G1 F1152.1 X83.131 Y156.687 E195.0272
G1 F1111.4 X83.697 Y156.687 E195.04321
G1 F1152.1 X83.698 Y158.019 E195.07956
G1 F1245.4 X83.699 Y159.351 E195.11319
G1 F1422.5 X83.885 Y159.762 E195.12316
G1 F1575.4 X84.084 Y160.104 E195.13106
G1 X84.266 Y160.284 E195.13616
G0 F15000 X84.614 Y160.454
;MESH:NONMESH
G0 F300 X84.614 Y160.454 Z4.76
G0 F15000 X84.614 Y160.544
G0 X85.127 Y167.157
;TIME_ELAPSED:569.662429
;LAYER:38
;note -- min layer time used
;TYPE:WALL-INNER
;MESH:WheelAdapter_v11.stl
G1 F1603.9 X85.265 Y167.428 E195.14223
G1 X85.316 Y167.744 E195.14862
G1 X85.316 Y173.244 E195.25838
G1 X88.504 Y173.244 E195.322
G1 X88.504 Y160.244 E195.58143
G1 X85.109 Y160.239 E195.64918
G1 X84.809 Y160.158 E195.65538
G1 X84.55 Y159.991 E195.66153
G1 X84.415 Y159.843 E195.66553
G1 X84.279 Y159.595 E195.67117
G1 X84.219 Y159.332 E195.67656
G1 X84.216 Y156.244 E195.73818
G1 X82.6 Y156.244 E195.77043
G1 X82.597 Y159.332 E195.83205
G1 X82.537 Y159.595 E195.83744
G1 X82.401 Y159.843 E195.84308
G1 X82.266 Y159.991 E195.84708
G1 X82.007 Y160.158 E195.85323
G1 X81.703 Y160.239 E195.85951
G1 X78.324 Y160.244 E195.92694
G1 X78.324 Y173.244 E196.18637
G1 X81.464 Y173.244 E196.24903
G1 X81.464 Y167.744 E196.35879
G1 X81.516 Y167.425 E196.36524
G1 X81.657 Y167.152 E196.37137
G1 X81.852 Y166.952 E196.37695
G1 X82.064 Y166.827 E196.38186
G1 X82.364 Y166.748 E196.38805
G1 X84.421 Y166.749 E196.4291
G1 X84.725 Y166.83 E196.43538
G1 X84.935 Y166.957 E196.44027
G1 X85.127 Y167.157 E196.44581
G0 F15000 X84.886 Y167.554
G1 F1603.9 X84.916 Y167.744 E196.44964
G1 X84.916 Y173.644 E196.56739
G1 X88.904 Y173.644 E196.64697
G1 X88.904 Y159.844 E196.92236
G1 X85.152 Y159.841 E196.99724
G1 X84.971 Y159.793 E197.00098
G1 X84.816 Y159.692 E197.00467
G1 X84.653 Y159.455 E197.01041
G1 X84.618 Y159.297 E197.01364
G1 X84.616 Y155.844 E197.08255
G1 X82.2 Y155.844 E197.13076
G1 X82.198 Y159.297 E197.19967
G1 X82.163 Y159.455 E197.2029
G1 X82 Y159.692 E197.20864
G1 X81.681 Y159.844 E197.21569
G1 X77.924 Y159.844 E197.29066
G1 X77.924 Y173.644 E197.56606
G1 X81.864 Y173.644 E197.64469
G1 X81.864 Y167.744 E197.76243
G1 X81.895 Y167.552 E197.76631
G1 X81.98 Y167.389 E197.76998
G1 X82.224 Y167.193 E197.77622
G1 X82.404 Y167.146 E197.77993
G1 X84.379 Y167.147 E197.81935
G1 X84.562 Y167.196 E197.82313
G1 X84.803 Y167.391 E197.82932
G1 X84.886 Y167.554 E197.83297
G0 F15000 X84.516 Y167.694
;TYPE:WALL-OUTER
G1 F1603.9 X84.516 Y174.044 E197.95969
G1 X89.304 Y174.044 E198.05524
G1 X89.304 Y159.444 E198.34659
G1 X85.174 Y159.44 E198.42901
G1 X85.082 Y159.394 E198.43107
G1 X85.016 Y159.297 E198.43341
G1 X85.016 Y155.444 E198.5103
G1 X81.8 Y155.444 E198.57448
G1 X81.8 Y159.262 E198.65067
G1 X81.761 Y159.364 E198.65285
G1 X81.638 Y159.441 E198.65574
G1 X77.524 Y159.444 E198.73784
G1 X77.524 Y174.044 E199.0292
G1 X82.264 Y174.044 E199.12379
G1 X82.264 Y167.7 E199.2504
G1 X82.302 Y167.625 E199.25207
G1 X82.444 Y167.544 E199.25534
G1 X84.358 Y167.548 E199.29353
G1 X84.44 Y167.586 E199.29534
G1 X84.516 Y167.694 E199.29797
G0 F15000 X85.388 Y167.699
;TYPE:FILL
G1 F1603.9 X88.423 Y166.886 E199.36067
G0 F15000 X88.424 Y164.993
G1 F1603.9 X83.755 Y160.324 E199.49244
G0 F15000 X83.755 Y160.544
G0 X81.722 Y160.45
G0 X81.987 Y160.269
G0 X82.003 Y160.324
G1 F1603.9 X78.405 Y161.288 E199.56678
G0 F15000 X81.116 Y160.323
G1 F1603.9 X78.404 Y170.444 E199.77588
G0 F15000 X78.405 Y169.57
G1 F1603.9 X81.384 Y168.772 E199.83742
G0 F15000 X81.384 Y169.267
G1 F1603.9 X78.404 Y166.286 E199.92154
G0 F15000 X85.154 Y166.906
G0 X85.958 Y173.164
G1 F1603.9 X88.424 Y163.961 E200.11167
G0 F15000 X85.055 Y160.084
G0 X84.381 Y160.082
G0 X84.298 Y156.161
G0 X82.518 Y156.161
G0 X82.7 Y157.05
G0 X83.406 Y157.051
;TYPE:SKIN
G1 F1231.4 X83.406 Y157.951 E200.13507
G1 F1115.8 X83.405 Y158.851 E200.16089
G1 F1020 X83.405 Y159.751 E200.18913
G0 F15000 X84.174 Y159.58
G0 X84.33 Y160.544
G0 X84.33 Y160.283
G1 F1603.9 X82.482 Y160.283 E200.22601
G1 X82.704 Y160.033 E200.23268
G1 X82.873 Y159.726 E200.23967
G1 X82.956 Y159.358 E200.2472
G1 X82.96 Y156.604 E200.30216
G1 X83.856 Y156.604 E200.32004
G1 X83.86 Y159.358 E200.375
G1 X83.938 Y159.724 E200.38247
G1 X84.108 Y160.033 E200.38951
G1 X84.33 Y160.283 E200.39618
G0 F15000 X84.33 Y160.844
;MESH:NONMESH
G0 F300 X84.33 Y160.844 Z4.88
G0 F15000 X85.226 Y167.164
G0 X85.131 Y167.164
;TIME_ELAPSED:582.880459
;LAYER:39
;note -- min layer time used
;TYPE:WALL-INNER
;MESH:WheelAdapter_v11.stl
G1 F1547.2 X85.267 Y167.432 E200.40218
G1 X85.316 Y167.744 E200.40848
G1 X85.316 Y173.244 E200.51824
G1 X88.572 Y173.244 E200.58321
G1 X88.572 Y160.244 E200.84264
G1 X85.268 Y160.244 E200.90858
G1 X84.874 Y160.151 E200.91666
G1 X84.615 Y159.977 E200.92288
G1 X84.483 Y159.827 E200.92687
G1 X84.354 Y159.582 E200.9324
G1 X84.299 Y159.332 E200.9375
G1 X84.296 Y156.244 E200.99913
G1 X82.54 Y156.244 E201.03417
G1 X82.537 Y159.332 E201.0958
G1 X82.482 Y159.582 E201.1009
G1 X82.353 Y159.827 E201.10643
G1 X82.221 Y159.977 E201.11042
G1 X81.962 Y160.151 E201.11664
G1 X81.672 Y160.244 E201.12272
G1 X78.256 Y160.244 E201.19089
G1 X78.256 Y173.244 E201.45032
G1 X81.324 Y173.244 E201.51155
G1 X81.324 Y167.744 E201.6213
G1 X81.377 Y167.42 E201.62786
G1 X81.523 Y167.145 E201.63407
G1 X81.722 Y166.944 E201.63971
G1 X81.937 Y166.821 E201.64466
G1 X82.195 Y166.744 E201.65003
G1 X84.344 Y166.744 E201.69292
G1 X84.737 Y166.836 E201.70097
G1 X84.943 Y166.964 E201.70581
G1 X85.131 Y167.164 E201.71129
G0 F15000 X84.887 Y167.556
G1 F1547.2 X84.916 Y167.744 E201.71508
G1 X84.916 Y173.644 E201.83283
G1 X88.972 Y173.644 E201.91377
G1 X88.972 Y159.844 E202.18916
G1 X85.279 Y159.844 E202.26286
G1 X85.043 Y159.789 E202.26769
G1 X84.887 Y159.684 E202.27145
G1 X84.731 Y159.447 E202.27711
G1 X84.698 Y159.297 E202.28017
G1 X84.696 Y155.844 E202.34908
G1 X82.14 Y155.844 E202.40009
G1 X82.138 Y159.297 E202.469
G1 X82.105 Y159.447 E202.47206
G1 X81.949 Y159.684 E202.47773
G1 X81.793 Y159.789 E202.48148
G1 X81.596 Y159.842 E202.48555
G1 X77.856 Y159.844 E202.56019
G1 X77.856 Y173.644 E202.83558
G1 X81.724 Y173.644 E202.91277
G1 X81.724 Y167.744 E203.03051
G1 X81.756 Y167.549 E203.03445
G1 X81.843 Y167.384 E203.03818
G1 X82.092 Y167.19 E203.04448
G1 X82.269 Y167.146 E203.04812
G1 X84.383 Y167.147 E203.0903
G1 X84.569 Y167.199 E203.09416
G1 X84.805 Y167.396 E203.10029
G1 X84.887 Y167.556 E203.10388
G0 F15000 X84.516 Y167.694
;TYPE:WALL-OUTER
G1 F1547.2 X84.516 Y174.044 E203.2306
G1 X89.372 Y174.044 E203.32751
G1 X89.372 Y159.444 E203.61887
G1 X85.272 Y159.443 E203.70069
G1 X85.159 Y159.391 E203.70317
G1 X85.096 Y159.295 E203.70546
G1 X85.096 Y155.444 E203.78231
G1 X81.74 Y155.444 E203.84928
G1 X81.74 Y159.262 E203.92548
G1 X81.655 Y159.409 E203.92886
G1 X81.559 Y159.444 E203.9309
G1 X77.456 Y159.444 E204.01278
G1 X77.456 Y174.044 E204.30414
G1 X82.124 Y174.044 E204.3973
G1 X82.124 Y167.698 E204.52394
G1 X82.265 Y167.544 E204.52811
G1 X84.361 Y167.548 E204.56993
G1 X84.442 Y167.588 E204.57174
G1 X84.516 Y167.694 E204.57432
G0 F15000 X85.396 Y167.785
;TYPE:FILL
G1 F1547.2 X88.492 Y166.956 E204.63828
G0 F15000 X88.492 Y164.94
G1 F1547.2 X82.616 Y159.064 E204.80411
G0 F15000 X84.369 Y159.778
G1 F1547.2 X78.336 Y161.394 E204.92875
G0 F15000 X81.028 Y160.324
G1 F1547.2 X78.336 Y170.37 E205.1363
G0 F15000 X78.337 Y169.677
G1 F1547.2 X81.244 Y168.897 E205.19637
G1 X81.244 Y169.006
G1 X78.335 Y166.097 E205.27846
G0 F15000 X85.154 Y166.906
G0 X85.87 Y173.164
G1 F1547.2 X88.492 Y163.377 E205.48066
G0 F15000 X88.363 Y163.376
;MESH:NONMESH
G0 F300 X88.363 Y163.376 Z5
G0 F15000 X85.226 Y167.171
G0 X85.137 Y167.171
;TIME_ELAPSED:595.018646
;LAYER:40
;note -- min layer time used
;TYPE:WALL-INNER
;MESH:WheelAdapter_v11.stl
G1 F1557.8 X85.269 Y167.436 E205.48657
G1 X85.316 Y167.744 E205.49279
G1 X85.316 Y173.244 E205.60255
G1 X88.644 Y173.244 E205.66896
G1 X88.644 Y160.244 E205.92839
G1 X85.324 Y160.244 E205.99464
G1 X84.926 Y160.145 E206.00283
G1 X84.666 Y159.965 E206.00914
G1 X84.537 Y159.814 E206.0131
G1 X84.415 Y159.571 E206.01853
G1 X84.363 Y159.331 E206.02343
G1 X84.36 Y156.244 E206.08503
G1 X82.48 Y156.244 E206.12255
G1 X82.477 Y159.331 E206.18415
G1 X82.425 Y159.571 E206.18905
G1 X82.303 Y159.814 E206.19448
G1 X82.174 Y159.965 E206.19844
G1 X81.914 Y160.145 E206.20476
G1 X81.622 Y160.241 E206.21089
G1 X78.188 Y160.244 E206.27942
G1 X78.188 Y173.244 E206.53885
G1 X81.232 Y173.244 E206.59959
G1 X81.232 Y167.744 E206.70935
G1 X81.286 Y167.418 E206.71595
G1 X81.433 Y167.142 E206.72219
G1 X81.633 Y166.942 E206.72783
G1 X81.849 Y166.819 E206.73279
G1 X82.143 Y166.747 E206.73883
G1 X84.352 Y166.744 E206.78292
G1 X84.75 Y166.842 E206.79109
G1 X84.952 Y166.972 E206.79589
G1 X85.137 Y167.171 E206.80131
G0 F15000 X84.888 Y167.559
G1 F1557.8 X84.916 Y167.744 E206.80504
G1 X84.916 Y173.644 E206.92279
G1 X89.044 Y173.644 E207.00516
G1 X89.044 Y159.844 E207.28056
G1 X85.284 Y159.84 E207.35559
G1 X85.099 Y159.785 E207.35944
G1 X84.943 Y159.677 E207.36323
G1 X84.793 Y159.441 E207.36881
G1 X84.762 Y159.297 E207.37175
G1 X84.76 Y155.844 E207.44066
G1 X82.08 Y155.844 E207.49414
G1 X82.078 Y159.297 E207.56305
G1 X82.047 Y159.441 E207.56599
G1 X81.897 Y159.677 E207.57157
G1 X81.585 Y159.836 E207.57856
G1 X77.788 Y159.844 E207.65433
G1 X77.788 Y173.644 E207.92973
G1 X81.632 Y173.644 E208.00644
G1 X81.632 Y167.744 E208.12418
G1 X81.664 Y167.548 E208.12814
G1 X81.752 Y167.383 E208.13187
G1 X82.002 Y167.189 E208.13819
G1 X82.179 Y167.146 E208.14182
G1 X84.338 Y167.144 E208.18491
G1 X84.576 Y167.203 E208.1898
G1 X84.809 Y167.4 E208.19589
G1 X84.888 Y167.559 E208.19943
G0 F15000 X84.516 Y167.7
;TYPE:WALL-OUTER
G1 F1557.8 X84.516 Y174.044 E208.32603
G1 X89.444 Y174.044 E208.42438
G1 X89.444 Y159.444 E208.71574
G1 X85.334 Y159.443 E208.79776
G1 X85.221 Y159.389 E208.80026
G1 X85.16 Y159.262 E208.80307
G1 X85.16 Y155.444 E208.87926
G1 X81.68 Y155.444 E208.94871
G1 X81.68 Y159.262 E209.0249
G1 X81.645 Y159.358 E209.02694
G1 X81.515 Y159.442 E209.03003
G1 X77.388 Y159.444 E209.11239
G1 X77.388 Y174.044 E209.40374
G1 X82.032 Y174.044 E209.49642
G1 X82.032 Y167.696 E209.6231
G1 X82.174 Y167.544 E209.62725
G1 X84.34 Y167.545 E209.67048
G1 X84.481 Y167.629 E209.67375
G1 X84.516 Y167.7 E209.67533
G0 F15000 X85.397 Y167.873
;TYPE:FILL
G1 F1557.8 X88.564 Y167.024 E209.74077
G0 F15000 X88.564 Y164.892
G1 F1557.8 X82.556 Y158.884 E209.91032
G0 F15000 X84.45 Y159.84
G0 X84.465 Y159.84
G1 F1557.8 X78.268 Y161.501 E210.03836
G0 F15000 X80.941 Y160.321
G1 F1557.8 X78.268 Y170.296 E210.24444
G0 F15000 X78.269 Y169.783
G1 F1557.8 X81.151 Y169.01 E210.30399
G0 F15000 X81.153 Y168.794
G1 F1557.8 X78.268 Y165.909 E210.38541
G0 F15000 X85.154 Y166.906
G0 X85.396 Y173.038
G1 F1557.8 X85.522 Y173.164 E210.38897
G0 F15000 X85.782 Y173.164
G1 F1557.8 X88.564 Y162.782 E210.60346
G0 F15000 X88.434 Y162.782
;MESH:NONMESH
G0 F300 X88.434 Y162.782 Z5.12
G0 F15000 X85.226 Y167.178
G0 X85.141 Y167.178
;TIME_ELAPSED:607.260185
;LAYER:41
;note -- min layer time used
;TYPE:WALL-INNER
;MESH:WheelAdapter_v11.stl
G1 F1566.3 X85.27 Y167.44 E210.60929
G1 X85.316 Y167.744 E210.61542
G1 X85.316 Y173.244 E210.72518
G1 X88.712 Y173.244 E210.79295
G1 X88.712 Y160.244 E211.05238
G1 X85.363 Y160.244 E211.11921
G1 X84.959 Y160.14 E211.12754
G1 X84.623 Y159.901 E211.13577
G1 X84.455 Y159.563 E211.1433
G1 X84.408 Y159.331 E211.14802
G1 X84.404 Y156.244 E211.20963
G1 X82.42 Y156.244 E211.24922
G1 X82.416 Y159.331 E211.31083
G1 X82.369 Y159.563 E211.31555
G1 X82.201 Y159.901 E211.32308
G1 X81.865 Y160.14 E211.33131
G1 X81.506 Y160.241 E211.33875
G1 X78.116 Y160.244 E211.4064
G1 X78.116 Y173.244 E211.66583
G1 X81.148 Y173.244 E211.72634
G1 X81.148 Y167.744 E211.8361
G1 X81.202 Y167.417 E211.84271
G1 X81.349 Y167.141 E211.84895
G1 X81.551 Y166.941 E211.85463
G1 X81.768 Y166.818 E211.8596
G1 X82.062 Y166.747 E211.86564
G1 X84.357 Y166.744 E211.91144
G1 X84.761 Y166.848 E211.91976
G1 X84.961 Y166.978 E211.92452
G1 X85.141 Y167.178 E211.92989
G0 F15000 X84.889 Y167.562
G1 F1566.3 X84.916 Y167.744 E211.93356
G1 X84.916 Y173.644 E212.05131
G1 X89.112 Y173.644 E212.13504
G1 X89.112 Y159.844 E212.41044
G1 X85.327 Y159.84 E212.48597
G1 X85.137 Y159.782 E212.48993
G1 X84.981 Y159.671 E212.49375
G1 X84.835 Y159.436 E212.49928
G1 X84.806 Y159.297 E212.50211
G1 X84.804 Y155.844 E212.57102
G1 X82.02 Y155.844 E212.62657
G1 X82.018 Y159.297 E212.69548
G1 X81.989 Y159.436 E212.69832
G1 X81.843 Y159.671 E212.70384
G1 X81.687 Y159.782 E212.70766
G1 X81.472 Y159.842 E212.71211
G1 X77.716 Y159.844 E212.78707
G1 X77.716 Y173.644 E213.06246
G1 X81.548 Y173.644 E213.13893
G1 X81.548 Y167.744 E213.25667
G1 X81.58 Y167.548 E213.26064
G1 X81.669 Y167.382 E213.2644
G1 X81.79 Y167.262 E213.2678
G1 X82.045 Y167.152 E213.27334
G1 X84.392 Y167.148 E213.32018
G1 X84.583 Y167.206 E213.32416
G1 X84.811 Y167.404 E213.33019
G1 X84.889 Y167.562 E213.3337
G0 F15000 X84.516 Y167.701
;TYPE:WALL-OUTER
G1 F1566.3 X84.516 Y174.044 E213.46028
G1 X89.512 Y174.044 E213.55998
G1 X89.512 Y159.444 E213.85134
G1 X85.378 Y159.443 E213.93384
G1 X85.263 Y159.387 E213.93639
G1 X85.204 Y159.292 E213.93863
G1 X85.204 Y155.444 E214.01542
G1 X81.62 Y155.444 E214.08694
G1 X81.62 Y159.292 E214.16373
G1 X81.561 Y159.387 E214.16596
G1 X81.438 Y159.444 E214.16867
G1 X77.316 Y159.444 E214.25093
G1 X77.316 Y174.044 E214.54229
G1 X81.948 Y174.044 E214.63472
G1 X81.948 Y167.692 E214.76148
G1 X82.028 Y167.583 E214.76418
G1 X82.113 Y167.546 E214.76603
G1 X84.388 Y167.543 E214.81143
G1 X84.516 Y167.701 E214.81549
G0 F15000 X85.396 Y167.961
;TYPE:FILL
G1 F1566.3 X88.631 Y167.094 E214.88233
G0 F15000 X88.632 Y164.84
G1 F1566.3 X82.497 Y158.704 E215.05548
G0 F15000 X82.259 Y160.082
G0 X80.853 Y160.32
G1 F1566.3 X78.196 Y170.235 E215.26033
G0 F15000 X78.196 Y169.89
G1 F1566.3 X81.067 Y169.121 E215.31964
G0 F15000 X81.068 Y168.589
G1 F1566.3 X78.195 Y165.717 E215.40071
G0 F15000 X78.197 Y161.608
G1 F1566.3 X84.555 Y159.904 E215.53207
G0 F15000 X84.494 Y159.904
G0 X88.632 Y162.198
G1 F1566.3 X85.694 Y173.164 E215.75863
G1 X85.643 Y173.164
G1 X85.396 Y172.917 E215.7656
G0 F15000 X85.526 Y172.917
;MESH:NONMESH
G0 F300 X85.526 Y172.917 Z5.24
G0 F15000 X85.226 Y167.184
G0 X85.146 Y167.184
;TIME_ELAPSED:619.372106
;LAYER:42
;note -- min layer time used
;TYPE:WALL-INNER
;MESH:WheelAdapter_v11.stl
G1 F1579.3 X85.271 Y167.445 E215.77137
G1 X85.316 Y167.744 E215.77741
G1 X85.316 Y173.244 E215.88716
G1 X88.78 Y173.244 E215.95629
G1 X88.78 Y160.244 E216.21572
G1 X85.399 Y160.244 E216.28319
G1 X84.991 Y160.136 E216.29161
G1 X84.655 Y159.892 E216.2999
G1 X84.494 Y159.556 E216.30734
G1 X84.447 Y159.331 E216.31192
G1 X84.444 Y156.244 E216.37353
G1 X82.377 Y156.244 E216.41478
G1 X82.377 Y159.331 E216.47638
G1 X82.33 Y159.556 E216.48097
G1 X82.169 Y159.892 E216.4884
G1 X81.833 Y160.136 E216.49669
G1 X81.462 Y160.241 E216.50439
G1 X78.049 Y160.245 E216.5725
G1 X78.048 Y173.244 E216.8319
G1 X81.076 Y173.244 E216.89233
G1 X81.076 Y167.744 E217.00209
G1 X81.13 Y167.417 E217.0087
G1 X81.278 Y167.14 E217.01497
G1 X81.48 Y166.94 E217.02064
G1 X81.696 Y166.818 E217.02559
G1 X81.994 Y166.747 E217.03171
G1 X84.414 Y166.745 E217.08
G1 X84.773 Y166.853 E217.08748
G1 X84.969 Y166.986 E217.09221
G1 X85.146 Y167.184 E217.09751
G0 F15000 X84.889 Y167.564
G1 F1579.3 X84.916 Y167.744 E217.10114
G1 X84.916 Y173.644 E217.21888
G1 X89.18 Y173.644 E217.30398
G1 X89.18 Y159.844 E217.57937
G1 X85.417 Y159.844 E217.65446
G1 X85.172 Y159.78 E217.65952
G1 X85.016 Y159.666 E217.66337
G1 X84.874 Y159.432 E217.66884
G1 X84.846 Y159.297 E217.67159
G1 X84.844 Y155.844 E217.7405
G1 X81.977 Y155.844 E217.79771
G1 X81.978 Y159.297 E217.86662
G1 X81.95 Y159.432 E217.86937
G1 X81.808 Y159.666 E217.87483
G1 X81.652 Y159.78 E217.87869
G1 X81.429 Y159.843 E217.88331
G1 X77.649 Y159.845 E217.95875
G1 X77.648 Y173.644 E218.23412
G1 X81.476 Y173.644 E218.31051
G1 X81.476 Y167.744 E218.42825
G1 X81.508 Y167.548 E218.43222
G1 X81.597 Y167.382 E218.43597
G1 X81.848 Y167.188 E218.44231
G1 X82.027 Y167.145 E218.44598
G1 X84.343 Y167.144 E218.4922
G1 X84.59 Y167.209 E218.49729
G1 X84.814 Y167.408 E218.50327
G1 X84.889 Y167.564 E218.50673
G0 F15000 X84.516 Y167.744
;TYPE:WALL-OUTER
G1 F1579.3 X84.516 Y174.044 E218.63245
G1 X89.58 Y174.044 E218.73351
G1 X89.58 Y159.444 E219.02487
G1 X85.417 Y159.443 E219.10795
G1 X85.301 Y159.385 E219.11053
G1 X85.244 Y159.262 E219.11324
G1 X85.244 Y155.444 E219.18943
G1 X81.577 Y155.444 E219.26261
G1 X81.58 Y159.262 E219.3388
G1 X81.502 Y159.404 E219.34204
G1 X81.413 Y159.442 E219.34397
G1 X77.249 Y159.445 E219.42706
G1 X77.248 Y174.044 E219.7184
G1 X81.876 Y174.044 E219.81076
G1 X81.876 Y167.692 E219.93752
G1 X81.956 Y167.583 E219.94022
G1 X82.041 Y167.546 E219.94207
G1 X84.343 Y167.545 E219.98801
G1 X84.482 Y167.632 E219.99128
G1 X84.516 Y167.744 E219.99362
G0 F15000 X85.396 Y168.049
;TYPE:FILL
G1 F1579.3 X88.7 Y167.164 E220.06187
G0 F15000 X88.7 Y164.788
G1 F1579.3 X82.456 Y158.544 E220.23809
G0 F15000 X82.218 Y160.082
G0 X80.765 Y160.321
G1 F1579.3 X78.128 Y170.161 E220.44139
G1 X78.129 Y169.996
G1 X80.995 Y169.228 E220.5006
G0 F15000 X80.996 Y168.397
G1 F1579.3 X78.128 Y165.529 E220.58154
G0 F15000 X78.13 Y161.714
G1 F1579.3 X84.647 Y159.968 E220.71618
G0 F15000 X84.537 Y159.968
G0 X88.7 Y161.615
G1 F1579.3 X85.606 Y173.164 E220.95478
G1 X85.763 Y173.164
G1 X85.396 Y172.797 E220.96514
G0 F15000 X85.526 Y172.797
;MESH:NONMESH
G0 F300 X85.526 Y172.797 Z5.36
G0 F15000 X85.226 Y167.191
G0 X85.151 Y167.191
;TIME_ELAPSED:631.508526
;LAYER:43
;note -- min layer time used
;TYPE:WALL-INNER
;MESH:WheelAdapter_v11.stl
G1 F1589.8 X85.273 Y167.449 E220.97084
G1 X85.316 Y167.744 E220.97679
G1 X85.316 Y173.244 E221.08655
G1 X88.852 Y173.244 E221.15711
G1 X88.852 Y160.244 E221.41654
G1 X85.438 Y160.243 E221.48467
G1 X85.028 Y160.133 E221.49314
G1 X84.693 Y159.883 E221.50148
G1 X84.536 Y159.551 E221.50881
G1 X84.491 Y159.332 E221.51327
G1 X84.488 Y156.244 E221.5749
G1 X82.348 Y156.244 E221.6176
G1 X82.345 Y159.332 E221.67923
G1 X82.3 Y159.551 E221.68369
G1 X82.143 Y159.883 E221.69102
G1 X81.808 Y160.133 E221.69936
G1 X81.428 Y160.241 E221.70724
G1 X77.98 Y160.244 E221.77605
G1 X77.98 Y173.244 E222.03548
G1 X81.031 Y173.244 E222.09637
G1 X81.028 Y167.745 E222.20611
G1 X81.081 Y167.419 E222.2127
G1 X81.228 Y167.143 E222.21894
G1 X81.429 Y166.943 E222.2246
G1 X81.645 Y166.82 E222.22956
G1 X81.892 Y166.747 E222.2347
G1 X84.366 Y166.745 E222.28407
G1 X84.785 Y166.86 E222.29274
G1 X84.978 Y166.994 E222.29743
G1 X85.151 Y167.191 E222.30266
G0 F15000 X84.817 Y167.412
G1 F1589.8 X84.916 Y167.744 E222.30957
G1 X84.916 Y173.644 E222.42731
G1 X89.252 Y173.644 E222.51384
G1 X89.252 Y159.844 E222.78924
G1 X85.458 Y159.844 E222.86495
G1 X85.212 Y159.777 E222.87004
G1 X85.056 Y159.661 E222.87392
G1 X84.89 Y159.385 E222.88035
G1 X84.888 Y155.844 E222.95101
G1 X81.948 Y155.844 E223.00968
G1 X81.946 Y159.297 E223.07859
G1 X81.853 Y159.569 E223.08433
G1 X81.717 Y159.718 E223.08835
G1 X81.396 Y159.843 E223.09523
G1 X77.58 Y159.844 E223.17138
G1 X77.58 Y173.644 E223.44677
G1 X81.431 Y173.644 E223.52362
G1 X81.428 Y167.745 E223.64134
G1 X81.46 Y167.549 E223.64531
G1 X81.548 Y167.383 E223.64906
G1 X81.798 Y167.189 E223.65537
G1 X81.98 Y167.145 E223.65911
G1 X84.346 Y167.144 E223.70632
G1 X84.598 Y167.213 E223.71154
G1 X84.817 Y167.412 E223.71744
G0 F15000 X84.516 Y167.702
;TYPE:WALL-OUTER
G1 F1589.8 X84.516 Y174.044 E223.844
G1 X89.652 Y174.044 E223.9465
G1 X89.652 Y159.444 E224.23786
G1 X85.46 Y159.443 E224.32151
G1 X85.319 Y159.353 E224.32485
G1 X85.288 Y159.262 E224.32677
G1 X85.288 Y155.444 E224.40296
G1 X81.548 Y155.444 E224.4776
G1 X81.548 Y159.262 E224.55379
G1 X81.471 Y159.402 E224.55698
G1 X81.364 Y159.444 E224.55927
G1 X77.18 Y159.444 E224.64277
G1 X77.18 Y174.044 E224.93413
G1 X81.831 Y174.044 E225.02694
G1 X81.828 Y167.698 E225.15359
G1 X81.97 Y167.544 E225.15777
G1 X84.344 Y167.545 E225.20514
G1 X84.483 Y167.633 E225.20842
G1 X84.516 Y167.702 E225.20995
G0 F15000 X85.396 Y168.137
;TYPE:FILL
G1 F1589.8 X88.772 Y167.232 E225.2797
G0 F15000 X88.772 Y164.74
G1 F1589.8 X82.425 Y158.392 E225.45884
G0 F15000 X82.189 Y160.082
G0 X80.677 Y160.321
G1 F1589.8 X78.06 Y170.088 E225.66063
G1 X78.061 Y170.103
G1 X80.949 Y169.329 E225.7203
G0 F15000 X80.948 Y168.229
G1 F1589.8 X78.06 Y165.341 E225.8018
G0 F15000 X78.06 Y161.82
G1 F1589.8 X84.756 Y160.026 E225.94014
G0 F15000 X84.756 Y160.154
G0 X88.772 Y161.019
G1 F1589.8 X85.518 Y173.164 E226.19105
G0 F15000 X85.883 Y173.164
G1 F1589.8 X85.396 Y172.677 E226.2048
G0 F15000 X85.526 Y172.677
;MESH:NONMESH
G0 F300 X85.526 Y172.677 Z5.48
G0 F15000 X85.226 Y167.198
G0 X85.155 Y167.198
;TIME_ELAPSED:643.690557
;LAYER:44
;note -- min layer time used
;TYPE:WALL-INNER
;MESH:WheelAdapter_v11.stl
G1 F1603.2 X85.274 Y167.453 E226.21041
G1 X85.316 Y167.744 E226.21628
G1 X85.316 Y173.244 E226.32604
G1 X88.92 Y173.244 E226.39796
G1 X88.92 Y160.244 E226.65739
G1 X85.462 Y160.243 E226.7264
G1 X85.05 Y160.13 E226.73492
G1 X84.717 Y159.878 E226.74326
G1 X84.562 Y159.547 E226.75055
G1 X84.519 Y159.331 E226.75495
G1 X84.516 Y156.244 E226.81655
G1 X82.32 Y156.244 E226.86038
G1 X82.317 Y159.331 E226.92198
G1 X82.274 Y159.547 E226.92638
G1 X82.165 Y159.78 E226.93151
G1 X81.94 Y160.03 E226.93822
G1 X81.637 Y160.193 E226.94509
G1 X81.398 Y160.241 E226.94995
G1 X77.909 Y160.245 E227.01958
G1 X77.908 Y173.244 E227.27899
G1 X80.984 Y173.244 E227.34037
G1 X80.984 Y167.744 E227.45013
G1 X81.037 Y167.42 E227.45668
G1 X81.182 Y167.145 E227.46289
G1 X81.381 Y166.946 E227.4685
G1 X81.595 Y166.822 E227.47344
G1 X81.848 Y166.747 E227.4787
G1 X84.37 Y166.745 E227.52903
G1 X84.796 Y166.865 E227.53787
G1 X84.986 Y167 E227.54252
G1 X85.155 Y167.198 E227.54771
G0 F15000 X84.82 Y167.416
G1 F1603.2 X84.916 Y167.623 E227.55227
G1 X84.916 Y173.644 E227.67242
G1 X89.32 Y173.644 E227.76031
G1 X89.32 Y159.844 E228.0357
G1 X85.484 Y159.844 E228.11225
G1 X85.236 Y159.776 E228.11738
G1 X85.081 Y159.658 E228.12127
G1 X84.918 Y159.382 E228.12767
G1 X84.916 Y155.844 E228.19827
G1 X81.92 Y155.844 E228.25806
G1 X81.918 Y159.382 E228.32867
G1 X81.755 Y159.658 E228.33506
G1 X81.6 Y159.776 E228.33895
G1 X81.367 Y159.843 E228.34379
G1 X77.509 Y159.845 E228.42078
G1 X77.508 Y173.644 E228.69615
G1 X81.384 Y173.644 E228.7735
G1 X81.384 Y167.744 E228.89124
G1 X81.416 Y167.55 E228.89517
G1 X81.503 Y167.385 E228.89889
G1 X81.751 Y167.19 E228.90519
G1 X81.937 Y167.145 E228.90901
G1 X84.4 Y167.149 E228.95816
G1 X84.604 Y167.217 E228.96245
G1 X84.82 Y167.416 E228.96831
G0 F15000 X84.516 Y167.702
;TYPE:WALL-OUTER
G1 F1603.2 X84.516 Y174.044 E229.09487
G1 X89.72 Y174.044 E229.19872
G1 X89.72 Y159.444 E229.49008
G1 X85.488 Y159.443 E229.57454
G1 X85.347 Y159.352 E229.57788
G1 X85.316 Y159.262 E229.57978
G1 X85.316 Y155.444 E229.65598
G1 X81.52 Y155.444 E229.73173
G1 X81.52 Y159.262 E229.80792
G1 X81.444 Y159.402 E229.8111
G1 X81.336 Y159.444 E229.81341
G1 X77.109 Y159.445 E229.89777
G1 X77.108 Y174.044 E230.18911
G1 X81.784 Y174.044 E230.28242
G1 X81.784 Y167.698 E230.40906
G1 X81.925 Y167.544 E230.41323
G1 X84.394 Y167.545 E230.4625
G1 X84.516 Y167.702 E230.46647
G0 F15000 X85.226 Y167.702
G0 X85.396 Y168.224
;TYPE:FILL
G1 F1603.2 X88.84 Y167.301 E230.53762
G0 F15000 X88.84 Y164.689
G1 F1603.2 X82.397 Y158.246 E230.71946
G0 F15000 X82.161 Y160.082
G0 X80.59 Y160.321
G1 F1603.2 X77.989 Y170.03 E230.92004
G1 X77.988 Y170.209
G1 X80.904 Y169.428 E230.98029
G0 F15000 X80.904 Y168.066
G1 F1603.2 X77.988 Y165.15 E231.06258
G0 F15000 X77.989 Y161.926
G1 F1603.2 X84.864 Y160.084 E231.20462
G0 F15000 X84.864 Y160.154
G0 X88.84 Y160.44
G1 F1603.2 X85.431 Y173.164 E231.4675
G0 F15000 X86.002 Y173.164
G1 F1603.2 X85.396 Y172.558 E231.4846
G0 F15000 X85.526 Y172.558
;MESH:NONMESH
G0 F300 X85.526 Y172.558 Z5.6
G0 F15000 X85.226 Y167.204
G0 X85.159 Y167.204
;TIME_ELAPSED:655.940010
;LAYER:45
;note -- min layer time used
;TYPE:WALL-INNER
;MESH:WheelAdapter_v11.stl
G1 F1610.3 X85.275 Y167.457 E231.49015
G1 X85.316 Y167.744 E231.49594
G1 X85.316 Y173.244 E231.6057
G1 X88.988 Y173.244 E231.67898
G1 X88.988 Y160.244 E231.93841
G1 X85.473 Y160.243 E232.00855
G1 X85.058 Y160.128 E232.01714
G1 X84.725 Y159.873 E232.02551
G1 X84.573 Y159.544 E232.03275
G1 X84.531 Y159.332 E232.03706
G1 X84.528 Y156.244 E232.09868
G1 X82.292 Y156.244 E232.14331
G1 X82.289 Y159.332 E232.20493
G1 X82.247 Y159.544 E232.20924
G1 X82.095 Y159.873 E232.21648
G1 X81.762 Y160.128 E232.22485
G1 X81.611 Y160.193 E232.22813
G1 X81.292 Y160.245 E232.23458
G1 X77.841 Y160.245 E232.30344
G1 X77.84 Y173.244 E232.56285
G1 X80.952 Y173.244 E232.62496
G1 X80.952 Y167.744 E232.73472
G1 X81.004 Y167.423 E232.74121
G1 X81.147 Y167.149 E232.74737
G1 X81.344 Y166.949 E232.75298
G1 X81.557 Y166.825 E232.75789
G1 X81.874 Y166.747 E232.76441
G1 X84.371 Y166.745 E232.81424
G1 X84.62 Y166.79 E232.81929
G1 X84.994 Y167.008 E232.82793
G1 X85.159 Y167.204 E232.83304
G0 F15000 X84.723 Y167.302
G1 F1610.3 X84.916 Y167.61 E232.84029
G1 X84.916 Y173.644 E232.96071
G1 X89.388 Y173.644 E233.04995
G1 X89.388 Y159.844 E233.32535
G1 X85.495 Y159.844 E233.40304
G1 X85.246 Y159.774 E233.4082
G1 X85.09 Y159.656 E233.4121
G1 X84.93 Y159.381 E233.41845
G1 X84.928 Y155.844 E233.48903
G1 X81.892 Y155.844 E233.54962
G1 X81.89 Y159.381 E233.62021
G1 X81.73 Y159.656 E233.62655
G1 X81.574 Y159.774 E233.63046
G1 X81.339 Y159.843 E233.63535
G1 X77.441 Y159.845 E233.71313
G1 X77.44 Y173.644 E233.98851
G1 X81.352 Y173.644 E234.06658
G1 X81.352 Y167.744 E234.18432
G1 X81.383 Y167.551 E234.18822
G1 X81.469 Y167.387 E234.19191
G1 X81.715 Y167.192 E234.19818
G1 X81.905 Y167.145 E234.20208
G1 X84.451 Y167.145 E234.25289
G1 X84.723 Y167.302 E234.25916
G0 F15000 X84.516 Y167.699
;TYPE:WALL-OUTER
G1 F1610.3 X84.516 Y174.044 E234.38578
G1 X89.788 Y174.044 E234.49099
G1 X89.788 Y159.444 E234.78235
G1 X85.459 Y159.444 E234.86874
G1 X85.358 Y159.351 E234.87148
G1 X85.328 Y159.262 E234.87335
G1 X85.328 Y155.444 E234.94955
G1 X81.492 Y155.444 E235.0261
G1 X81.492 Y159.262 E235.10229
G1 X81.417 Y159.401 E235.10544
G1 X81.292 Y159.445 E235.10809
G1 X77.041 Y159.445 E235.19292
G1 X77.04 Y174.044 E235.48426
G1 X81.752 Y174.044 E235.57829
G1 X81.752 Y167.693 E235.70503
G1 X81.83 Y167.585 E235.70769
G1 X81.917 Y167.546 E235.70959
G1 X84.36 Y167.544 E235.75835
G1 X84.452 Y167.596 E235.76045
G1 X84.516 Y167.699 E235.76287
G0 F15000 X85.226 Y167.699
G0 X85.396 Y168.312
;TYPE:FILL
G1 F1610.3 X88.907 Y167.371 E235.83541
G0 F15000 X88.908 Y164.636
G1 F1610.3 X82.369 Y158.098 E236.01994
G0 F15000 X82.133 Y160.082
G0 X80.501 Y160.324
G1 F1610.3 X77.92 Y169.955 E236.21892
G0 F15000 X77.921 Y170.315
G1 F1610.3 X80.872 Y169.524 E236.27989
G0 F15000 X80.873 Y167.915
G1 F1610.3 X77.92 Y164.962 E236.36323
G0 F15000 X77.921 Y162.033
G1 F1610.3 X84.957 Y160.147 E236.5086
G0 F15000 X84.957 Y160.154
G0 X88.783 Y160.324
G1 F1610.3 X85.396 Y172.966 E236.76978
G0 F15000 X85.396 Y172.438
G1 F1610.3 X86.122 Y173.164 E236.79027
G0 F15000 X86.122 Y173.034
;MESH:NONMESH
G0 F300 X86.122 Y173.034 Z5.72
G0 F15000 X85.226 Y167.211
G0 X85.163 Y167.211
;TIME_ELAPSED:668.247628
;LAYER:46
;note -- min layer time used
;TYPE:WALL-INNER
;MESH:WheelAdapter_v11.stl
G1 F1617 X85.276 Y167.461 E236.79575
G1 X85.316 Y167.744 E236.80145
G1 X85.316 Y173.244 E236.91121
G1 X89.056 Y173.244 E236.98584
G1 X89.056 Y160.244 E237.24527
G1 X85.487 Y160.243 E237.3165
G1 X85.072 Y160.126 E237.3251
G1 X84.737 Y159.869 E237.33353
G1 X84.589 Y159.541 E237.34071
G1 X84.547 Y159.331 E237.34498
G1 X84.544 Y156.244 E237.40659
G1 X82.28 Y156.244 E237.45177
G1 X82.277 Y159.331 E237.51337
G1 X82.235 Y159.541 E237.51765
G1 X82.13 Y159.773 E237.52273
G1 X81.907 Y160.024 E237.52943
G1 X81.6 Y160.192 E237.53641
G1 X81.389 Y160.244 E237.54075
G1 X77.772 Y160.244 E237.61293
G1 X77.772 Y173.244 E237.87236
G1 X80.939 Y173.244 E237.93556
G1 X80.936 Y167.745 E238.0453
G1 X80.987 Y167.427 E238.05172
G1 X81.127 Y167.155 E238.05783
G1 X81.321 Y166.955 E238.06339
G1 X81.532 Y166.829 E238.06829
G1 X81.859 Y166.747 E238.07502
G1 X84.373 Y166.745 E238.12519
G1 X84.632 Y166.795 E238.13046
G1 X85.001 Y167.015 E238.13903
G1 X85.163 Y167.211 E238.1441
G0 F15000 X84.825 Y167.424
G1 F1617 X84.916 Y167.744 E238.15074
G1 X84.916 Y173.644 E238.26848
G1 X89.456 Y173.644 E238.35908
G1 X89.456 Y159.844 E238.63448
G1 X85.51 Y159.844 E238.71322
G1 X85.26 Y159.773 E238.71841
G1 X85.105 Y159.654 E238.72231
G1 X84.946 Y159.38 E238.72863
G1 X84.944 Y155.844 E238.7992
G1 X81.88 Y155.844 E238.86034
G1 X81.878 Y159.297 E238.92925
G1 X81.79 Y159.562 E238.93482
G1 X81.564 Y159.773 E238.94099
G1 X81.327 Y159.843 E238.94593
G1 X77.372 Y159.844 E239.02485
G1 X77.372 Y173.644 E239.30025
G1 X81.339 Y173.644 E239.37941
G1 X81.336 Y167.745 E239.49713
G1 X81.367 Y167.553 E239.50101
G1 X81.451 Y167.39 E239.50467
G1 X81.693 Y167.195 E239.51087
G1 X81.889 Y167.145 E239.51491
G1 X84.414 Y167.143 E239.5653
G1 X84.617 Y167.224 E239.56966
G1 X84.825 Y167.424 E239.57542
G0 F15000 X84.516 Y167.744
;TYPE:WALL-OUTER
G1 F1617 X84.516 Y174.044 E239.70114
G1 X89.856 Y174.044 E239.80771
G1 X89.856 Y159.444 E240.09907
G1 X85.498 Y159.439 E240.18604
G1 X85.397 Y159.381 E240.18836
G1 X85.344 Y159.262 E240.19096
G1 X85.344 Y155.444 E240.26715
G1 X81.48 Y155.444 E240.34426
G1 X81.48 Y159.288 E240.42097
G1 X81.389 Y159.413 E240.42406
G1 X81.296 Y159.444 E240.42602
G1 X76.972 Y159.444 E240.51231
G1 X76.972 Y174.044 E240.80367
G1 X81.739 Y174.044 E240.8988
G1 X81.736 Y167.694 E241.02552
G1 X81.813 Y167.586 E241.02816
G1 X81.901 Y167.546 E241.03009
G1 X84.316 Y167.543 E241.07829
G1 X84.486 Y167.637 E241.08216
G1 X84.516 Y167.744 E241.08438
G0 F15000 X85.226 Y167.744
G0 X85.396 Y168.4
;TYPE:FILL
G1 F1617 X88.976 Y167.441 E241.15834
G0 F15000 X88.976 Y164.584
G1 F1617 X82.357 Y157.966 E241.34513
G0 F15000 X82.119 Y160.082
G0 X80.414 Y160.321
G1 F1617 X77.852 Y169.883 E241.54268
G0 F15000 X77.852 Y170.421
G1 F1617 X80.856 Y169.616 E241.60475
G0 F15000 X80.856 Y167.778
G1 F1617 X77.852 Y164.774 E241.68952
G0 F15000 X77.852 Y162.139
G1 F1617 X85.064 Y160.207 E241.83852
G0 F15000 X88.696 Y160.323
G1 F1617 X85.396 Y172.638 E242.09295
G0 F15000 X85.396 Y172.318
G1 F1617 X86.242 Y173.164 E242.11683
G0 F15000 X86.242 Y173.034
;MESH:NONMESH
G0 F300 X86.242 Y173.034 Z5.84
G0 F15000 X85.226 Y167.217
G0 X85.167 Y167.217
;TIME_ELAPSED:680.544611
;LAYER:47
;note -- min layer time used
;TYPE:WALL-INNER
;MESH:WheelAdapter_v11.stl
G1 F1624.9 X85.277 Y167.465 E242.12224
G1 X85.316 Y167.744 E242.12786
G1 X85.316 Y173.244 E242.23762
G1 X89.128 Y173.244 E242.3137
G1 X89.128 Y160.244 E242.57312
G1 X85.498 Y160.243 E242.64556
G1 X85.082 Y160.125 E242.65419
G1 X84.751 Y159.869 E242.66254
G1 X84.6 Y159.541 E242.66975
G1 X84.559 Y159.332 E242.674
G1 X84.556 Y156.244 E242.73563
G1 X82.28 Y156.244 E242.78105
G1 X82.277 Y159.332 E242.84267
G1 X82.236 Y159.541 E242.84692
G1 X82.13 Y159.772 E242.85199
G1 X81.908 Y160.023 E242.85868
G1 X81.599 Y160.193 E242.86572
G1 X81.356 Y160.242 E242.87066
G1 X77.7 Y160.244 E242.94362
G1 X77.7 Y173.244 E243.20305
G1 X80.924 Y173.244 E243.26739
G1 X80.924 Y167.744 E243.37715
G1 X80.974 Y167.43 E243.38349
G1 X81.111 Y167.161 E243.38952
G1 X81.301 Y166.961 E243.39502
G1 X81.509 Y166.834 E243.39989
G1 X81.848 Y166.746 E243.40688
G1 X84.374 Y166.745 E243.45729
G1 X84.646 Y166.799 E243.46282
G1 X85.009 Y167.022 E243.47132
G1 X85.167 Y167.217 E243.47633
G0 F15000 X84.732 Y167.311
G1 F1624.9 X84.916 Y167.614 E243.4834
G1 X84.916 Y173.644 E243.60374
G1 X89.528 Y173.644 E243.69578
G1 X89.528 Y159.844 E243.97117
G1 X85.521 Y159.844 E244.05114
G1 X85.272 Y159.773 E244.0563
G1 X85.116 Y159.653 E244.06023
G1 X84.958 Y159.381 E244.06651
G1 X84.956 Y155.844 E244.13709
G1 X81.88 Y155.844 E244.19848
G1 X81.878 Y159.297 E244.26739
G1 X81.79 Y159.561 E244.27294
G1 X81.657 Y159.712 E244.27695
G1 X81.326 Y159.843 E244.28406
G1 X77.3 Y159.844 E244.3644
G1 X77.3 Y173.644 E244.6398
G1 X81.324 Y173.644 E244.7201
G1 X81.324 Y167.744 E244.83784
G1 X81.354 Y167.555 E244.84166
G1 X81.436 Y167.394 E244.84526
G1 X81.675 Y167.198 E244.85143
G1 X81.878 Y167.145 E244.85562
G1 X84.351 Y167.144 E244.90497
G1 X84.514 Y167.177 E244.90829
G1 X84.732 Y167.311 E244.9134
G0 F15000 X84.516 Y167.704
;TYPE:WALL-OUTER
G1 F1624.9 X84.516 Y174.044 E245.03992
G1 X89.928 Y174.044 E245.14792
G1 X89.928 Y159.444 E245.43928
G1 X85.544 Y159.444 E245.52677
G1 X85.447 Y159.413 E245.5288
G1 X85.356 Y159.29 E245.53185
G1 X85.356 Y155.444 E245.6086
G1 X81.48 Y155.444 E245.68595
G1 X81.48 Y159.29 E245.7627
G1 X81.389 Y159.413 E245.76576
G1 X81.296 Y159.444 E245.76771
G1 X76.9 Y159.444 E245.85544
G1 X76.9 Y174.044 E246.1468
G1 X81.724 Y174.044 E246.24307
G1 X81.724 Y167.695 E246.36977
G1 X81.799 Y167.587 E246.37239
G1 X81.889 Y167.546 E246.37437
G1 X84.328 Y167.544 E246.42304
G1 X84.419 Y167.572 E246.42494
G1 X84.516 Y167.704 E246.42821
G0 F15000 X85.226 Y167.704
G0 X85.397 Y168.488
;TYPE:FILL
G1 F1624.9 X89.048 Y167.509 E246.50364
G0 F15000 X89.048 Y164.536
G1 F1624.9 X82.357 Y157.845 E246.69248
G0 F15000 X82.119 Y160.082
G0 X80.326 Y160.321
G1 F1624.9 X77.78 Y169.822 E246.88877
G0 F15000 X77.781 Y170.528
G1 F1624.9 X80.844 Y169.708 E246.95205
G0 F15000 X80.859 Y167.661
G1 F1624.9 X77.78 Y164.581 E247.03896
G0 F15000 X77.781 Y162.246
G1 F1624.9 X85.199 Y160.259 E247.19221
G0 F15000 X88.608 Y160.323
G1 F1624.9 X85.396 Y172.309 E247.43984
G1 X85.396 Y172.197
G1 X86.362 Y173.164 E247.46712
G0 F15000 X86.362 Y173.034
;MESH:NONMESH
G0 F300 X86.362 Y173.034 Z5.96
G0 F15000 X85.226 Y167.218
G0 X85.168 Y167.218
;TIME_ELAPSED:692.844274
;LAYER:48
;note -- min layer time used
;TYPE:WALL-INNER
;MESH:WheelAdapter_v11.stl
G1 F1623.9 X85.277 Y167.465 E247.47251
G1 X85.316 Y167.744 E247.47813
G1 X85.316 Y173.244 E247.58789
G1 X89.132 Y173.244 E247.66404
G1 X89.132 Y160.244 E247.92347
G1 X85.498 Y160.243 E247.99599
G1 X85.082 Y160.125 E248.00462
G1 X84.751 Y159.869 E248.01297
G1 X84.6 Y159.541 E248.02017
G1 X84.559 Y159.332 E248.02442
G1 X84.558 Y156.245 E248.08603
G1 X82.281 Y156.245 E248.13147
G1 X82.277 Y159.332 E248.19307
G1 X82.236 Y159.541 E248.19732
G1 X82.13 Y159.772 E248.2024
G1 X81.908 Y160.023 E248.20908
G1 X81.599 Y160.193 E248.21612
G1 X81.356 Y160.242 E248.22107
G1 X77.696 Y160.244 E248.29411
G1 X77.696 Y173.244 E248.55354
G1 X80.923 Y173.244 E248.61793
G1 X80.92 Y167.745 E248.72767
G1 X80.97 Y167.43 E248.73404
G1 X81.107 Y167.161 E248.74006
G1 X81.297 Y166.961 E248.74557
G1 X81.505 Y166.834 E248.75043
G1 X81.844 Y166.746 E248.75742
G1 X84.374 Y166.745 E248.80791
G1 X84.646 Y166.8 E248.81345
G1 X85.01 Y167.022 E248.82196
G1 X85.168 Y167.218 E248.82698
G0 F15000 X84.732 Y167.311
G1 F1623.9 X84.916 Y167.614 E248.83405
G1 X84.916 Y173.644 E248.95439
G1 X89.532 Y173.644 E249.04651
G1 X89.532 Y159.844 E249.3219
G1 X85.521 Y159.844 E249.40194
G1 X85.272 Y159.773 E249.40711
G1 X85.116 Y159.653 E249.41104
G1 X84.958 Y159.381 E249.41732
G1 X84.959 Y155.845 E249.48788
G1 X81.881 Y155.845 E249.54931
G1 X81.878 Y159.297 E249.61819
G1 X81.79 Y159.561 E249.62375
G1 X81.657 Y159.712 E249.62776
G1 X81.326 Y159.843 E249.63487
G1 X77.296 Y159.844 E249.71529
G1 X77.296 Y173.644 E249.99068
G1 X81.323 Y173.644 E250.07105
G1 X81.32 Y167.745 E250.18877
G1 X81.35 Y167.556 E250.19259
G1 X81.432 Y167.394 E250.19621
G1 X81.671 Y167.198 E250.20238
G1 X81.874 Y167.145 E250.20657
G1 X84.351 Y167.144 E250.256
G1 X84.514 Y167.177 E250.25932
G1 X84.732 Y167.311 E250.26442
G0 F15000 X84.516 Y167.704
;TYPE:WALL-OUTER
G1 F1623.9 X84.516 Y174.044 E250.39094
G1 X89.932 Y174.044 E250.49903
G1 X89.932 Y159.444 E250.79038
G1 X85.544 Y159.444 E250.87795
G1 X85.447 Y159.413 E250.87998
G1 X85.356 Y159.29 E250.88304
G1 X85.359 Y155.445 E250.95977
G1 X81.481 Y155.445 E251.03716
G1 X81.48 Y159.29 E251.11389
G1 X81.389 Y159.413 E251.11694
G1 X81.296 Y159.444 E251.1189
G1 X76.896 Y159.444 E251.20671
G1 X76.896 Y174.044 E251.49806
G1 X81.723 Y174.044 E251.59439
G1 X81.72 Y167.695 E251.72109
G1 X81.795 Y167.587 E251.72372
G1 X81.885 Y167.546 E251.72569
G1 X84.328 Y167.544 E251.77444
G1 X84.419 Y167.572 E251.77634
G1 X84.516 Y167.704 E251.77961
G0 F15000 X85.226 Y167.704
G0 X85.396 Y168.576
;TYPE:FILL
G1 F1623.9 X89.052 Y167.596 E251.85515
G0 F15000 X89.052 Y164.42
G1 F1623.9 X82.358 Y157.726 E252.04407
G0 F15000 X82.119 Y160.082
G0 X80.238 Y160.321
G1 F1623.9 X77.776 Y169.509 E252.23389
G0 F15000 X77.776 Y170.618
G1 F1623.9 X80.84 Y169.797 E252.29719
G0 F15000 X80.873 Y167.554
G1 F1623.9 X77.775 Y164.457 E252.38461
G0 F15000 X77.777 Y162.335
G1 F1623.9 X85.371 Y160.301 E252.5415
G0 F15000 X88.519 Y160.323
G1 F1623.9 X85.396 Y171.98 E252.78233
G1 X85.396 Y172.077
G1 X86.483 Y173.164 E252.81301
G0 F15000 X86.483 Y173.034
;MESH:NONMESH
G0 F300 X86.483 Y173.034 Z6.08
G0 F15000 X85.226 Y167.212
G0 X85.164 Y167.212
;TIME_ELAPSED:705.135616
;LAYER:49
;note -- min layer time used
;TYPE:WALL-INNER
;MESH:WheelAdapter_v11.stl
G1 F1613.8 X85.276 Y167.461 E252.81846
G1 X85.316 Y167.744 E252.82416
G1 X85.316 Y173.244 E252.93392
G1 X89.064 Y173.244 E253.00872
G1 X89.064 Y160.244 E253.26815
G1 X85.487 Y160.243 E253.33953
G1 X85.072 Y160.126 E253.34813
G1 X84.737 Y159.869 E253.35656
G1 X84.589 Y159.541 E253.36374
G1 X84.547 Y159.331 E253.36801
G1 X84.544 Y156.244 E253.42962
G1 X82.28 Y156.244 E253.4748
G1 X82.277 Y159.331 E253.5364
G1 X82.235 Y159.541 E253.54068
G1 X82.13 Y159.773 E253.54576
G1 X81.907 Y160.024 E253.55246
G1 X81.6 Y160.192 E253.55944
G1 X81.389 Y160.244 E253.56378
G1 X77.764 Y160.244 E253.63612
G1 X77.764 Y173.244 E253.89555
G1 X80.936 Y173.244 E253.95885
G1 X80.936 Y167.744 E254.06861
G1 X80.987 Y167.427 E254.07502
G1 X81.127 Y167.155 E254.08112
G1 X81.32 Y166.956 E254.08665
G1 X81.53 Y166.829 E254.09155
G1 X81.859 Y166.747 E254.09832
G1 X84.373 Y166.745 E254.14849
G1 X84.634 Y166.795 E254.15379
G1 X85.002 Y167.015 E254.16235
G1 X85.164 Y167.212 E254.16744
G0 F15000 X84.825 Y167.424
G1 F1613.8 X84.916 Y167.744 E254.17408
G1 X84.916 Y173.644 E254.29182
G1 X89.464 Y173.644 E254.38258
G1 X89.464 Y159.844 E254.65797
G1 X85.51 Y159.844 E254.73688
G1 X85.26 Y159.773 E254.74206
G1 X85.105 Y159.654 E254.74596
G1 X84.946 Y159.38 E254.75228
G1 X84.944 Y155.844 E254.82285
G1 X81.88 Y155.844 E254.884
G1 X81.878 Y159.297 E254.9529
G1 X81.79 Y159.562 E254.95848
G1 X81.564 Y159.773 E254.96465
G1 X81.327 Y159.843 E254.96958
G1 X77.364 Y159.844 E255.04866
G1 X77.364 Y173.644 E255.32406
G1 X81.336 Y173.644 E255.40332
G1 X81.336 Y167.744 E255.52106
G1 X81.366 Y167.553 E255.52492
G1 X81.45 Y167.391 E255.52856
G1 X81.692 Y167.195 E255.53478
G1 X81.889 Y167.145 E255.53883
G1 X84.414 Y167.143 E255.58922
G1 X84.618 Y167.225 E255.59361
G1 X84.825 Y167.424 E255.59934
G0 F15000 X84.516 Y167.7
;TYPE:WALL-OUTER
G1 F1613.8 X84.516 Y174.044 E255.72594
G1 X89.864 Y174.044 E255.83267
G1 X89.864 Y159.444 E256.12403
G1 X85.498 Y159.439 E256.21115
G1 X85.397 Y159.381 E256.21348
G1 X85.344 Y159.262 E256.21608
G1 X85.344 Y155.444 E256.29227
G1 X81.48 Y155.444 E256.36938
G1 X81.48 Y159.288 E256.44609
G1 X81.389 Y159.413 E256.44918
G1 X81.296 Y159.444 E256.45113
G1 X76.964 Y159.444 E256.53758
G1 X76.964 Y174.044 E256.82894
G1 X81.736 Y174.044 E256.92417
G1 X81.736 Y167.694 E257.05089
G1 X81.812 Y167.586 E257.05353
G1 X81.901 Y167.546 E257.05548
G1 X84.361 Y167.543 E257.10457
G1 X84.454 Y167.598 E257.10673
G1 X84.516 Y167.7 E257.10911
G0 F15000 X85.226 Y167.7
G0 X85.396 Y168.664
;TYPE:FILL
G1 F1613.8 X88.984 Y167.703 E257.18323
G0 F15000 X88.984 Y164.232
G1 F1613.8 X82.358 Y157.606 E257.37023
G0 F15000 X82.119 Y160.082
G0 X80.15 Y160.322
G1 F1613.8 X77.844 Y168.927 E257.54801
G0 F15000 X77.845 Y170.687
G1 F1613.8 X80.855 Y169.881 E257.6102
G0 F15000 X80.903 Y167.464
G1 F1613.8 X77.844 Y164.405 E257.69653
G0 F15000 X77.845 Y162.405
G1 F1613.8 X85.616 Y160.323 E257.85708
G0 F15000 X88.432 Y160.323
G1 F1613.8 X85.396 Y171.652 E258.09114
G0 F15000 X85.396 Y171.957
G1 F1613.8 X86.603 Y173.164 E258.1252
G0 F15000 X86.603 Y173.034
;MESH:NONMESH
G0 F300 X86.603 Y173.034 Z6.2
G0 F15000 X85.226 Y167.205
G0 X85.159 Y167.205
;TIME_ELAPSED:717.492443
;LAYER:50
;note -- min layer time used
;TYPE:WALL-INNER
;MESH:WheelAdapter_v11.stl
G1 F1600.3 X85.275 Y167.457 E258.13074
G1 X85.317 Y167.744 E258.13653
G1 X85.316 Y173.244 E258.24629
G1 X88.992 Y173.244 E258.31964
G1 X88.995 Y160.244 E258.57907
G1 X85.473 Y160.243 E258.64936
G1 X85.058 Y160.128 E258.65795
G1 X84.725 Y159.873 E258.66632
G1 X84.573 Y159.543 E258.67357
G1 X84.531 Y159.332 E258.67787
G1 X84.53 Y156.245 E258.73947
G1 X82.29 Y156.245 E258.78417
G1 X82.289 Y159.332 E258.84578
G1 X82.247 Y159.543 E258.85007
G1 X82.095 Y159.873 E258.85732
G1 X81.762 Y160.128 E258.86569
G1 X81.611 Y160.193 E258.86897
G1 X81.292 Y160.245 E258.87542
G1 X77.836 Y160.244 E258.94439
G1 X77.836 Y173.244 E259.20382
G1 X80.952 Y173.244 E259.266
G1 X80.952 Y167.744 E259.37576
G1 X81.004 Y167.423 E259.38225
G1 X81.147 Y167.149 E259.38842
G1 X81.343 Y166.95 E259.39399
G1 X81.556 Y166.825 E259.39892
G1 X81.874 Y166.747 E259.40545
G1 X84.371 Y166.745 E259.45528
G1 X84.621 Y166.791 E259.46036
G1 X84.994 Y167.008 E259.46897
G1 X85.159 Y167.205 E259.4741
G0 F15000 X84.723 Y167.302
G1 F1600.3 X84.917 Y167.611 E259.48138
G1 X84.916 Y173.644 E259.60177
G1 X89.392 Y173.644 E259.6911
G1 X89.395 Y159.844 E259.96649
G1 X85.495 Y159.844 E260.04432
G1 X85.246 Y159.774 E260.04948
G1 X85.09 Y159.656 E260.05338
G1 X84.93 Y159.38 E260.05975
G1 X84.931 Y155.845 E260.1303
G1 X81.889 Y155.845 E260.191
G1 X81.89 Y159.297 E260.25989
G1 X81.801 Y159.563 E260.26549
G1 X81.667 Y159.714 E260.26952
G1 X81.339 Y159.843 E260.27655
G1 X77.436 Y159.844 E260.35444
G1 X77.436 Y173.644 E260.62983
G1 X81.352 Y173.644 E260.70798
G1 X81.352 Y167.744 E260.82572
G1 X81.383 Y167.551 E260.82962
G1 X81.469 Y167.387 E260.83332
G1 X81.714 Y167.192 E260.83957
G1 X81.905 Y167.145 E260.84349
G1 X84.452 Y167.145 E260.89432
G1 X84.723 Y167.302 E260.90057
G0 F15000 X84.517 Y167.744
;TYPE:WALL-OUTER
G1 F1600.3 X84.516 Y174.044 E261.02629
G1 X89.792 Y174.044 E261.13158
G1 X89.795 Y159.444 E261.42294
G1 X85.459 Y159.444 E261.50947
G1 X85.358 Y159.351 E261.51221
G1 X85.328 Y159.262 E261.51408
G1 X85.331 Y155.445 E261.59026
G1 X81.489 Y155.445 E261.66693
G1 X81.492 Y159.262 E261.7431
G1 X81.417 Y159.401 E261.74625
G1 X81.292 Y159.445 E261.7489
G1 X77.036 Y159.444 E261.83383
G1 X77.036 Y174.044 E262.12519
G1 X81.752 Y174.044 E262.2193
G1 X81.752 Y167.693 E262.34604
G1 X81.83 Y167.585 E262.3487
G1 X81.917 Y167.546 E262.3506
G1 X84.327 Y167.544 E262.3987
G1 X84.485 Y167.636 E262.40235
G1 X84.517 Y167.744 E262.40459
G0 F15000 X85.226 Y167.744
G0 X85.397 Y168.752
;TYPE:FILL
G1 F1600.3 X88.913 Y167.81 E262.47724
G0 F15000 X88.914 Y164.042
G1 F1600.3 X85.105 Y160.233 E262.58473
G0 F15000 X84.547 Y159.674
G1 F1600.3 X82.369 Y157.496 E262.6462
G0 F15000 X82.13 Y160.082
G0 X80.061 Y160.324
G1 F1600.3 X77.916 Y168.33 E262.8116
G0 F15000 X77.917 Y170.756
G1 F1600.3 X80.872 Y169.964 E262.87266
G0 F15000 X80.94 Y167.381
G1 F1600.3 X77.915 Y164.356 E262.95803
G0 F15000 X77.916 Y162.474
G1 F1600.3 X85.945 Y160.323 E263.12391
G0 F15000 X88.344 Y160.323
G1 F1600.3 X85.396 Y171.323 E263.35117
G0 F15000 X85.397 Y171.838
G1 F1600.3 X86.723 Y173.164 E263.38859
G0 F15000 X86.723 Y173.034
;MESH:NONMESH
G0 F300 X86.723 Y173.034 Z6.32
G0 F15000 X85.226 Y167.198
G0 X85.155 Y167.198
;TIME_ELAPSED:729.974297
;LAYER:51
;note -- min layer time used
;TYPE:WALL-INNER
;MESH:WheelAdapter_v11.stl
G1 F1590.5 X85.274 Y167.453 E263.39421
G1 X85.316 Y167.744 E263.40007
G1 X85.316 Y173.244 E263.50983
G1 X88.924 Y173.244 E263.58183
G1 X88.924 Y160.244 E263.84126
G1 X85.462 Y160.243 E263.91035
G1 X85.05 Y160.13 E263.91888
G1 X84.717 Y159.878 E263.92721
G1 X84.562 Y159.547 E263.93451
G1 X84.519 Y159.331 E263.9389
G1 X84.516 Y156.244 E264.0005
G1 X82.32 Y156.244 E264.04433
G1 X82.317 Y159.331 E264.10593
G1 X82.274 Y159.547 E264.11033
G1 X82.165 Y159.78 E264.11546
G1 X81.94 Y160.03 E264.12217
G1 X81.637 Y160.194 E264.12905
G1 X81.32 Y160.245 E264.13546
G1 X77.905 Y160.245 E264.20361
G1 X77.904 Y173.244 E264.46302
G1 X80.98 Y173.244 E264.5244
G1 X80.98 Y167.744 E264.63416
G1 X81.033 Y167.42 E264.64071
G1 X81.178 Y167.145 E264.64691
G1 X81.377 Y166.946 E264.65253
G1 X81.591 Y166.822 E264.65747
G1 X81.844 Y166.747 E264.66273
G1 X84.37 Y166.745 E264.71314
G1 X84.797 Y166.866 E264.722
G1 X84.987 Y167.001 E264.72665
G1 X85.155 Y167.198 E264.73182
G0 F15000 X84.82 Y167.416
G1 F1590.5 X84.916 Y167.623 E264.73637
G1 X84.916 Y173.644 E264.85653
G1 X89.324 Y173.644 E264.94449
G1 X89.324 Y159.844 E265.21989
G1 X85.484 Y159.844 E265.29652
G1 X85.236 Y159.776 E265.30165
G1 X85.081 Y159.658 E265.30554
G1 X84.918 Y159.382 E265.31193
G1 X84.916 Y155.844 E265.38254
G1 X81.92 Y155.844 E265.44233
G1 X81.918 Y159.382 E265.51293
G1 X81.755 Y159.658 E265.51933
G1 X81.6 Y159.776 E265.52321
G1 X81.367 Y159.843 E265.52805
G1 X77.505 Y159.845 E265.60512
G1 X77.504 Y173.644 E265.8805
G1 X81.38 Y173.644 E265.95785
G1 X81.38 Y167.744 E266.07559
G1 X81.412 Y167.55 E266.07951
G1 X81.499 Y167.385 E266.08323
G1 X81.747 Y167.19 E266.08953
G1 X81.933 Y167.145 E266.09335
G1 X84.4 Y167.149 E266.14258
G1 X84.605 Y167.217 E266.14689
G1 X84.82 Y167.416 E266.15274
G0 F15000 X84.516 Y167.702
;TYPE:WALL-OUTER
G1 F1590.5 X84.516 Y174.044 E266.2793
G1 X89.724 Y174.044 E266.38323
G1 X89.724 Y159.444 E266.67459
G1 X85.488 Y159.443 E266.75912
G1 X85.347 Y159.352 E266.76247
G1 X85.316 Y159.262 E266.76437
G1 X85.316 Y155.444 E266.84056
G1 X81.52 Y155.444 E266.91632
G1 X81.52 Y159.262 E266.99251
G1 X81.489 Y159.352 E266.99441
G1 X81.351 Y159.442 E266.9977
G1 X77.105 Y159.445 E267.08243
G1 X77.104 Y174.044 E267.37377
G1 X81.78 Y174.044 E267.46708
G1 X81.78 Y167.693 E267.59382
G1 X81.859 Y167.584 E267.59651
G1 X81.945 Y167.546 E267.59839
G1 X84.395 Y167.545 E267.64728
G1 X84.516 Y167.702 E267.65124
G0 F15000 X85.226 Y167.702
G0 X85.397 Y168.839
;TYPE:FILL
G1 F1590.5 X88.844 Y167.915 E267.72245
G0 F15000 X88.844 Y163.853
G1 F1590.5 X85.286 Y160.294 E267.82288
G0 F15000 X86.267 Y160.323
G1 F1590.5 X77.985 Y162.542 E267.99399
G0 F15000 X77.985 Y164.307
G1 F1590.5 X80.999 Y167.321 E268.07905
G0 F15000 X80.899 Y170.044
G1 F1590.5 X77.985 Y170.825 E268.13925
G0 F15000 X77.985 Y167.749
G1 F1590.5 X79.974 Y160.325 E268.29263
G0 F15000 X82.159 Y160.082
G0 X82.398 Y157.407
G1 F1590.5 X84.468 Y159.477 E268.35105
G0 F15000 X84.679 Y160.082
G0 X88.257 Y160.323
G1 F1590.5 X85.396 Y171 E268.57164
G0 F15000 X85.396 Y171.718
G1 F1590.5 X86.842 Y173.164 E268.61245
G0 F15000 X86.842 Y173.034
;MESH:NONMESH
G0 F300 X86.842 Y173.034 Z6.44
G0 F15000 X85.226 Y167.192
G0 X85.151 Y167.192
;TIME_ELAPSED:742.561939
;LAYER:52
;note -- min layer time used
;TYPE:WALL-INNER
;MESH:WheelAdapter_v11.stl
G1 F1583.9 X85.273 Y167.449 E268.61813
G1 X85.316 Y167.744 E268.62408
G1 X85.316 Y173.244 E268.73383
G1 X88.856 Y173.244 E268.80448
G1 X88.856 Y160.244 E269.06391
G1 X85.441 Y160.243 E269.13206
G1 X85.031 Y160.132 E269.14053
G1 X84.696 Y159.883 E269.14886
G1 X84.539 Y159.551 E269.15619
G1 X84.495 Y159.332 E269.16065
G1 X84.492 Y156.244 E269.22227
G1 X82.348 Y156.244 E269.26506
G1 X82.345 Y159.332 E269.32669
G1 X82.301 Y159.551 E269.33114
G1 X82.144 Y159.883 E269.33847
G1 X81.809 Y160.132 E269.3468
G1 X81.428 Y160.241 E269.35471
G1 X77.973 Y160.245 E269.42366
G1 X77.972 Y173.244 E269.68307
G1 X81.024 Y173.244 E269.74397
G1 X81.024 Y167.744 E269.85373
G1 X81.078 Y167.419 E269.86031
G1 X81.224 Y167.143 E269.86654
G1 X81.424 Y166.943 E269.87218
G1 X81.64 Y166.82 E269.87714
G1 X81.888 Y166.747 E269.8823
G1 X84.367 Y166.745 E269.93177
G1 X84.785 Y166.86 E269.94042
G1 X84.979 Y166.994 E269.94513
G1 X85.151 Y167.192 E269.95036
G0 F15000 X84.817 Y167.413
G1 F1583.9 X84.916 Y167.744 E269.95726
G1 X84.916 Y173.644 E270.075
G1 X89.256 Y173.644 E270.16161
G1 X89.256 Y159.844 E270.437
G1 X85.461 Y159.844 E270.51274
G1 X85.215 Y159.777 E270.51782
G1 X85.06 Y159.661 E270.52169
G1 X84.894 Y159.385 E270.52811
G1 X84.892 Y155.844 E270.59878
G1 X81.948 Y155.844 E270.65753
G1 X81.946 Y159.385 E270.72819
G1 X81.78 Y159.661 E270.73462
G1 X81.625 Y159.777 E270.73848
G1 X81.396 Y159.843 E270.74324
G1 X77.573 Y159.845 E270.81953
G1 X77.572 Y173.644 E271.09491
G1 X81.424 Y173.644 E271.17178
G1 X81.424 Y167.744 E271.28952
G1 X81.456 Y167.549 E271.29346
G1 X81.544 Y167.383 E271.29721
G1 X81.793 Y167.189 E271.30351
G1 X81.976 Y167.145 E271.30727
G1 X84.347 Y167.144 E271.35458
G1 X84.598 Y167.213 E271.35978
G1 X84.817 Y167.413 E271.3657
G0 F15000 X84.516 Y167.702
;TYPE:WALL-OUTER
G1 F1583.9 X84.516 Y174.044 E271.49226
G1 X89.656 Y174.044 E271.59483
G1 X89.656 Y159.444 E271.88619
G1 X85.464 Y159.443 E271.96985
G1 X85.323 Y159.353 E271.97318
G1 X85.292 Y159.262 E271.9751
G1 X85.292 Y155.444 E272.0513
G1 X81.548 Y155.444 E272.12601
G1 X81.548 Y159.262 E272.2022
G1 X81.471 Y159.402 E272.20539
G1 X81.364 Y159.444 E272.20769
G1 X77.173 Y159.445 E272.29132
G1 X77.172 Y174.044 E272.58266
G1 X81.824 Y174.044 E272.6755
G1 X81.824 Y167.698 E272.80214
G1 X81.966 Y167.544 E272.80632
G1 X84.344 Y167.545 E272.85377
G1 X84.483 Y167.633 E272.85706
G1 X84.516 Y167.702 E272.85858
G0 F15000 X85.226 Y167.702
G0 X85.396 Y168.927
;TYPE:FILL
G1 F1583.9 X88.775 Y168.022 E272.92839
G0 F15000 X85.396 Y170.671
G1 F1583.9 X88.168 Y160.324 E273.14216
G0 F15000 X86.596 Y160.323
G1 F1583.9 X78.053 Y162.612 E273.31866
G0 F15000 X78.053 Y164.255
G1 F1583.9 X81.069 Y167.271 E273.40377
G0 F15000 X80.943 Y170.12
G1 F1583.9 X78.052 Y170.895 E273.4635
G0 F15000 X78.053 Y167.165
G1 F1583.9 X79.887 Y160.322 E273.60488
G0 F15000 X82.187 Y160.082
G0 X82.427 Y157.315
G1 F1583.9 X84.416 Y159.304 E273.66102
G0 F15000 X84.656 Y160.082
G0 X85.434 Y160.322
G1 F1583.9 X88.777 Y163.665 E273.75536
G0 F15000 X85.396 Y171.598
G1 F1583.9 X86.962 Y173.164 E273.79956
G0 F15000 X86.962 Y173.034
;MESH:NONMESH
G0 F300 X86.962 Y173.034 Z6.56
G0 F15000 X85.226 Y167.185
G0 X85.147 Y167.185
;TIME_ELAPSED:755.278598
;LAYER:53
;note -- min layer time used
;TYPE:WALL-INNER
;MESH:WheelAdapter_v11.stl
G1 F1573.3 X85.271 Y167.445 E273.80531
G1 X85.316 Y167.744 E273.81134
G1 X85.316 Y173.244 E273.9211
G1 X88.788 Y173.244 E273.99039
G1 X88.788 Y160.244 E274.24982
G1 X85.402 Y160.244 E274.31739
G1 X84.994 Y160.136 E274.32581
G1 X84.735 Y159.946 E274.33222
G1 X84.611 Y159.793 E274.33615
G1 X84.497 Y159.556 E274.3414
G1 X84.451 Y159.332 E274.34596
G1 X84.448 Y156.244 E274.40759
G1 X82.376 Y156.244 E274.44894
G1 X82.373 Y159.332 E274.51056
G1 X82.327 Y159.556 E274.51512
G1 X82.213 Y159.793 E274.52037
G1 X81.983 Y160.04 E274.52711
G1 X81.69 Y160.194 E274.53371
G1 X81.458 Y160.241 E274.53844
G1 X78.044 Y160.245 E274.60657
G1 X78.04 Y173.244 E274.86598
G1 X81.072 Y173.244 E274.92648
G1 X81.072 Y167.744 E275.03624
G1 X81.126 Y167.418 E275.04284
G1 X81.273 Y167.141 E275.04909
G1 X81.475 Y166.941 E275.05477
G1 X81.692 Y166.818 E275.05974
G1 X81.99 Y166.747 E275.06586
G1 X84.413 Y166.745 E275.11421
G1 X84.774 Y166.854 E275.12174
G1 X84.971 Y166.987 E275.12648
G1 X85.147 Y167.185 E275.13177
G0 F15000 X84.815 Y167.408
G1 F1573.3 X84.916 Y167.744 E275.13877
G1 X84.916 Y173.644 E275.25651
G1 X89.188 Y173.644 E275.34176
G1 X89.188 Y159.844 E275.61716
G1 X85.42 Y159.844 E275.69235
G1 X85.176 Y159.779 E275.69739
G1 X85.02 Y159.665 E275.70125
G1 X84.85 Y159.387 E275.70775
G1 X84.848 Y155.844 E275.77845
G1 X81.976 Y155.844 E275.83577
G1 X81.974 Y159.297 E275.90468
G1 X81.878 Y159.573 E275.91051
G1 X81.74 Y159.722 E275.91456
G1 X81.425 Y159.843 E275.92129
G1 X77.644 Y159.845 E275.99675
G1 X77.64 Y173.644 E276.27212
G1 X81.472 Y173.644 E276.34859
G1 X81.472 Y167.744 E276.46633
G1 X81.504 Y167.548 E276.4703
G1 X81.593 Y167.382 E276.47406
G1 X81.844 Y167.188 E276.48039
G1 X82.023 Y167.145 E276.48406
G1 X84.344 Y167.144 E276.53038
G1 X84.591 Y167.21 E276.53548
G1 X84.815 Y167.408 E276.54145
G0 F15000 X84.516 Y167.744
;TYPE:WALL-OUTER
G1 F1573.3 X84.516 Y174.044 E276.66717
G1 X89.588 Y174.044 E276.76839
G1 X89.588 Y159.444 E277.05975
G1 X85.421 Y159.443 E277.1429
G1 X85.305 Y159.385 E277.14549
G1 X85.248 Y159.292 E277.14767
G1 X85.248 Y155.444 E277.22446
G1 X81.576 Y155.444 E277.29774
G1 X81.576 Y159.262 E277.37393
G1 X81.498 Y159.404 E277.37716
G1 X81.409 Y159.442 E277.37909
G1 X77.244 Y159.445 E277.46221
G1 X77.24 Y174.044 E277.75355
G1 X81.872 Y174.044 E277.84599
G1 X81.872 Y167.692 E277.97275
G1 X81.952 Y167.583 E277.97545
G1 X82.037 Y167.546 E277.9773
G1 X84.343 Y167.545 E278.02331
G1 X84.483 Y167.632 E278.0266
G1 X84.516 Y167.744 E278.02893
G0 F15000 X85.226 Y167.744
G0 X85.396 Y169.015
;TYPE:FILL
G1 F1573.3 X88.707 Y168.128 E278.09734
G0 F15000 X85.396 Y170.343
G1 F1573.3 X88.08 Y160.324 E278.30433
G0 F15000 X86.924 Y160.323
G1 F1573.3 X78.124 Y162.681 E278.48614
G0 F15000 X78.123 Y164.204
G1 F1573.3 X81.142 Y167.224 E278.57135
G0 F15000 X80.991 Y170.195
G1 F1573.3 X78.122 Y170.964 E278.63063
G0 F15000 X78.122 Y166.58
G1 F1573.3 X79.799 Y160.322 E278.75992
G0 F15000 X82.216 Y160.082
G0 X82.454 Y157.222
G1 F1573.3 X84.372 Y159.14 E278.81405
G0 F15000 X84.613 Y160.082
G0 X85.556 Y160.324
G1 F1573.3 X88.708 Y163.476 E278.90301
G0 F15000 X85.396 Y171.478
G1 F1573.3 X87.082 Y173.163 E278.95058
G0 F15000 X87.082 Y173.034
;MESH:NONMESH
G0 F300 X87.082 Y173.034 Z6.68
G0 F15000 X85.226 Y167.178
G0 X85.141 Y167.178
;TIME_ELAPSED:767.975376
;LAYER:54
;note -- min layer time used
;TYPE:WALL-INNER
;MESH:WheelAdapter_v11.stl
G1 F1562.7 X85.27 Y167.441 E278.95642
G1 X85.316 Y167.744 E278.96254
G1 X85.316 Y173.244 E279.0723
G1 X88.716 Y173.244 E279.14015
G1 X88.716 Y160.244 E279.39958
G1 X85.363 Y160.244 E279.46649
G1 X84.959 Y160.14 E279.47481
G1 X84.699 Y159.954 E279.48119
G1 X84.573 Y159.802 E279.48513
G1 X84.455 Y159.563 E279.49045
G1 X84.407 Y159.331 E279.49518
G1 X84.404 Y156.244 E279.55678
G1 X82.416 Y156.244 E279.59646
G1 X82.413 Y159.331 E279.65806
G1 X82.365 Y159.563 E279.66279
G1 X82.247 Y159.802 E279.66811
G1 X82.121 Y159.954 E279.67205
G1 X81.861 Y160.14 E279.67843
G1 X81.501 Y160.241 E279.68589
G1 X78.113 Y160.245 E279.7535
G1 X78.112 Y173.244 E280.01291
G1 X81.14 Y173.244 E280.07334
G1 X81.14 Y167.744 E280.1831
G1 X81.194 Y167.417 E280.18971
G1 X81.342 Y167.14 E280.19598
G1 X81.544 Y166.94 E280.20165
G1 X81.76 Y166.818 E280.2066
G1 X82.055 Y166.747 E280.21266
G1 X84.357 Y166.744 E280.25859
G1 X84.762 Y166.848 E280.26694
G1 X84.962 Y166.979 E280.27171
G1 X85.141 Y167.178 E280.27705
G0 F15000 X84.889 Y167.562
G1 F1562.7 X84.916 Y167.744 E280.28072
G1 X84.916 Y173.644 E280.39846
G1 X89.116 Y173.644 E280.48228
G1 X89.116 Y159.844 E280.75767
G1 X85.327 Y159.84 E280.83329
G1 X85.045 Y159.726 E280.83936
G1 X84.905 Y159.579 E280.84341
G1 X84.806 Y159.297 E280.84937
G1 X84.804 Y155.844 E280.91828
G1 X82.016 Y155.844 E280.97392
G1 X82.014 Y159.297 E281.04283
G1 X81.915 Y159.579 E281.04879
G1 X81.775 Y159.726 E281.05284
G1 X81.491 Y159.845 E281.05899
G1 X77.713 Y159.845 E281.13438
G1 X77.712 Y173.644 E281.40976
G1 X81.54 Y173.644 E281.48615
G1 X81.54 Y167.744 E281.60389
G1 X81.572 Y167.548 E281.60785
G1 X81.661 Y167.382 E281.61161
G1 X81.912 Y167.188 E281.61794
G1 X82.089 Y167.146 E281.62157
G1 X84.392 Y167.148 E281.66753
G1 X84.584 Y167.206 E281.67153
G1 X84.811 Y167.404 E281.67754
G1 X84.889 Y167.562 E281.68106
G0 F15000 X84.516 Y167.701
;TYPE:WALL-OUTER
G1 F1562.7 X84.516 Y174.044 E281.80764
G1 X89.516 Y174.044 E281.90742
G1 X89.516 Y159.444 E282.19878
G1 X85.378 Y159.443 E282.28136
G1 X85.237 Y159.356 E282.28467
G1 X85.204 Y159.262 E282.28665
G1 X85.204 Y155.444 E282.36285
G1 X81.616 Y155.444 E282.43445
G1 X81.616 Y159.262 E282.51064
G1 X81.536 Y159.405 E282.51391
G1 X81.433 Y159.444 E282.51611
G1 X77.313 Y159.445 E282.59833
G1 X77.312 Y174.044 E282.88967
G1 X81.94 Y174.044 E282.98202
G1 X81.94 Y167.692 E283.10878
G1 X82.02 Y167.583 E283.11148
G1 X82.105 Y167.546 E283.11333
G1 X84.389 Y167.543 E283.15891
G1 X84.516 Y167.701 E283.16296
G0 F15000 X85.226 Y167.701
G0 X85.397 Y169.103
;TYPE:FILL
G1 F1562.7 X88.636 Y168.235 E283.22988
G0 F15000 X85.396 Y170.014
G1 F1562.7 X87.993 Y160.323 E283.43009
G0 F15000 X87.253 Y160.323
G1 F1562.7 X78.193 Y162.751 E283.61728
G0 F15000 X78.193 Y164.154
G1 F1562.7 X81.228 Y167.19 E283.70294
G0 F15000 X81.06 Y170.265
G1 F1562.7 X78.193 Y171.033 E283.76218
G0 F15000 X78.193 Y165.987
G1 F1562.7 X79.71 Y160.324 E283.87917
G0 F15000 X82.254 Y160.082
G0 X82.495 Y157.142
G1 F1562.7 X84.328 Y158.976 E283.93092
G0 F15000 X84.569 Y160.082
G0 X85.676 Y160.324
G1 F1562.7 X88.637 Y163.284 E284.01447
G0 F15000 X85.396 Y171.357
G1 F1562.7 X87.203 Y173.164 E284.06547
G0 F15000 X87.203 Y173.034
;MESH:NONMESH
G0 F300 X87.203 Y173.034 Z6.8
G0 F15000 X85.226 Y167.171
G0 X85.137 Y167.171
;TIME_ELAPSED:780.676197
;LAYER:55
;note -- min layer time used
;TYPE:WALL-INNER
;MESH:WheelAdapter_v11.stl
G1 F1552.6 X85.269 Y167.437 E284.07139
G1 X85.316 Y167.744 E284.07759
G1 X85.316 Y173.244 E284.18735
G1 X88.648 Y173.244 E284.25384
G1 X88.648 Y160.244 E284.51327
G1 X85.328 Y160.244 E284.57953
G1 X84.929 Y160.145 E284.58773
G1 X84.669 Y159.964 E284.59405
G1 X84.54 Y159.813 E284.59801
G1 X84.418 Y159.571 E284.60342
G1 X84.367 Y159.332 E284.6083
G1 X84.364 Y156.244 E284.66992
G1 X82.476 Y156.244 E284.7076
G1 X82.473 Y159.332 E284.76923
G1 X82.422 Y159.571 E284.7741
G1 X82.3 Y159.813 E284.77951
G1 X82.171 Y159.964 E284.78347
G1 X81.911 Y160.145 E284.7898
G1 X81.616 Y160.241 E284.79599
G1 X78.18 Y160.244 E284.86456
G1 X78.18 Y173.244 E285.12399
G1 X81.224 Y173.244 E285.18473
G1 X81.224 Y167.744 E285.29449
G1 X81.278 Y167.418 E285.30108
G1 X81.425 Y167.142 E285.30732
G1 X81.625 Y166.942 E285.31297
G1 X81.841 Y166.819 E285.31793
G1 X82.136 Y166.747 E285.32399
G1 X84.352 Y166.744 E285.36821
G1 X84.75 Y166.842 E285.37639
G1 X84.953 Y166.972 E285.3812
G1 X85.137 Y167.171 E285.38661
G0 F15000 X84.888 Y167.559
G1 F1552.6 X84.916 Y167.744 E285.39035
G1 X84.916 Y173.644 E285.50809
G1 X89.048 Y173.644 E285.59054
G1 X89.048 Y159.844 E285.86594
G1 X85.288 Y159.84 E285.94097
G1 X85.103 Y159.785 E285.94482
G1 X84.947 Y159.676 E285.94862
G1 X84.796 Y159.44 E285.95421
G1 X84.766 Y159.297 E285.95713
G1 X84.764 Y155.844 E286.02604
G1 X82.076 Y155.844 E286.07968
G1 X82.074 Y159.297 E286.14859
G1 X82.044 Y159.44 E286.1515
G1 X81.893 Y159.676 E286.1571
G1 X81.581 Y159.836 E286.16409
G1 X77.78 Y159.844 E286.23995
G1 X77.78 Y173.644 E286.51534
G1 X81.624 Y173.644 E286.59205
G1 X81.624 Y167.744 E286.70979
G1 X81.656 Y167.548 E286.71376
G1 X81.744 Y167.383 E286.71749
G1 X81.994 Y167.189 E286.7238
G1 X82.171 Y167.146 E286.72744
G1 X84.425 Y167.143 E286.77242
G1 X84.698 Y167.281 E286.77852
G1 X84.888 Y167.559 E286.78524
G0 F15000 X84.516 Y167.7
;TYPE:WALL-OUTER
G1 F1552.6 X84.516 Y174.044 E286.91184
G1 X89.448 Y174.044 E287.01027
G1 X89.448 Y159.444 E287.30163
G1 X85.315 Y159.439 E287.3841
G1 X85.199 Y159.358 E287.38693
G1 X85.164 Y159.262 E287.38897
G1 X85.164 Y155.444 E287.46516
G1 X81.676 Y155.444 E287.53477
G1 X81.676 Y159.262 E287.61096
G1 X81.641 Y159.358 E287.613
G1 X81.511 Y159.442 E287.61609
G1 X77.38 Y159.444 E287.69852
G1 X77.38 Y174.044 E287.98988
G1 X82.024 Y174.044 E288.08256
G1 X82.024 Y167.696 E288.20924
G1 X82.166 Y167.544 E288.21339
G1 X84.386 Y167.543 E288.25769
G1 X84.516 Y167.7 E288.26176
G0 F15000 X85.226 Y167.7
G0 X85.397 Y169.191
;TYPE:FILL
G1 F1552.6 X88.568 Y168.341 E288.32728
G0 F15000 X85.396 Y169.684
G1 F1552.6 X87.905 Y160.323 E288.52068
G0 F15000 X87.58 Y160.324
G1 F1552.6 X78.26 Y162.821 E288.71323
G0 F15000 X78.26 Y164.101
G1 F1552.6 X81.325 Y167.166 E288.79973
G0 F15000 X81.315 Y167.166
G0 X81.144 Y170.33
G1 F1552.6 X78.26 Y171.103 E288.85932
G0 F15000 X78.26 Y165.408
G1 F1552.6 X79.623 Y160.322 E288.96439
G0 F15000 X82.315 Y160.082
G0 X82.555 Y157.082
G1 F1552.6 X84.288 Y158.815 E289.0133
G0 F15000 X84.526 Y160.082
G0 X85.796 Y160.324
G1 F1552.6 X88.568 Y163.096 E289.09153
G0 F15000 X85.396 Y171.237
G1 F1552.6 X87.322 Y173.163 E289.14589
G0 F15000 X87.322 Y173.034
;MESH:NONMESH
G0 F300 X87.322 Y173.034 Z6.92
G0 F15000 X85.226 Y167.164
G0 X85.132 Y167.164
;TIME_ELAPSED:793.391563
;LAYER:56
;note -- min layer time used
;TYPE:WALL-INNER
;MESH:WheelAdapter_v11.stl
G1 F1606.3 X85.267 Y167.432 E289.15188
G1 X85.316 Y167.744 E289.15818
G1 X85.316 Y173.244 E289.26794
G1 X88.58 Y173.244 E289.33308
G1 X88.58 Y160.244 E289.59251
G1 X85.275 Y160.244 E289.65846
G1 X84.881 Y160.151 E289.66654
G1 X84.621 Y159.976 E289.67279
G1 X84.49 Y159.826 E289.67677
G1 X84.362 Y159.581 E289.68228
G1 X84.307 Y159.331 E289.68739
G1 X84.304 Y156.244 E289.749
G1 X82.536 Y156.244 E289.78428
G1 X82.533 Y159.331 E289.84588
G1 X82.478 Y159.581 E289.85099
G1 X82.35 Y159.826 E289.85651
G1 X82.219 Y159.976 E289.86048
G1 X81.959 Y160.151 E289.86674
G1 X81.667 Y160.244 E289.87285
G1 X78.252 Y160.244 E289.941
G1 X78.248 Y173.244 E290.20043
G1 X81.312 Y173.244 E290.26158
G1 X81.312 Y167.744 E290.37134
G1 X81.365 Y167.42 E290.37789
G1 X81.511 Y167.144 E290.38412
G1 X81.711 Y166.944 E290.38976
G1 X81.926 Y166.821 E290.39471
G1 X82.184 Y166.744 E290.40008
G1 X84.345 Y166.744 E290.4432
G1 X84.738 Y166.837 E290.45126
G1 X84.944 Y166.965 E290.4561
G1 X85.132 Y167.164 E290.46157
G0 F15000 X84.887 Y167.557
G1 F1606.3 X84.916 Y167.744 E290.46534
G1 X84.916 Y173.644 E290.58308
G1 X88.98 Y173.644 E290.66418
G1 X88.98 Y159.844 E290.93958
G1 X85.232 Y159.84 E291.01437
G1 X85.05 Y159.788 E291.01815
G1 X84.894 Y159.683 E291.0219
G1 X84.739 Y159.446 E291.02756
G1 X84.706 Y159.297 E291.0306
G1 X84.704 Y155.844 E291.09951
G1 X82.136 Y155.844 E291.15076
G1 X82.134 Y159.297 E291.21967
G1 X82.101 Y159.446 E291.22271
G1 X81.946 Y159.683 E291.22836
G1 X81.79 Y159.788 E291.23211
G1 X81.591 Y159.842 E291.23623
G1 X77.852 Y159.844 E291.31085
G1 X77.848 Y173.644 E291.58624
G1 X81.712 Y173.644 E291.66335
G1 X81.712 Y167.744 E291.78109
G1 X81.744 Y167.549 E291.78503
G1 X81.831 Y167.384 E291.78876
G1 X82.08 Y167.19 E291.79506
G1 X82.257 Y167.146 E291.7987
G1 X84.384 Y167.147 E291.84114
G1 X84.57 Y167.199 E291.845
G1 X84.806 Y167.396 E291.85113
G1 X84.887 Y167.557 E291.85473
G0 F15000 X84.516 Y167.699
;TYPE:WALL-OUTER
G1 F1606.3 X84.516 Y174.044 E291.98135
G1 X89.38 Y174.044 E292.07842
G1 X89.38 Y159.444 E292.36977
G1 X85.28 Y159.443 E292.45159
G1 X85.167 Y159.391 E292.45408
G1 X85.104 Y159.295 E292.45637
G1 X85.104 Y155.444 E292.53322
G1 X81.736 Y155.444 E292.60043
G1 X81.736 Y159.295 E292.67728
G1 X81.673 Y159.391 E292.67957
G1 X81.555 Y159.444 E292.68215
G1 X77.452 Y159.444 E292.76403
G1 X77.448 Y174.044 E293.05539
G1 X82.112 Y174.044 E293.14847
G1 X82.112 Y167.698 E293.27511
G1 X82.253 Y167.544 E293.27928
G1 X84.381 Y167.545 E293.32174
G1 X84.516 Y167.699 E293.32583
G0 F15000 X85.226 Y167.699
G0 X85.396 Y169.279
;TYPE:FILL
G1 F1606.3 X88.5 Y168.447 E293.38996
G0 F15000 X85.396 Y169.357
G1 F1606.3 X87.817 Y160.323 E293.5766
G1 X87.906 Y160.324
G1 X78.332 Y162.89 E293.77441
G0 F15000 X78.33 Y164.052
G1 F1606.3 X81.423 Y167.144 E293.86168
G0 F15000 X81.403 Y167.143
G0 X81.231 Y170.395
G1 F1606.3 X78.329 Y171.173 E293.92164
G0 F15000 X78.331 Y164.814
G1 F1606.3 X79.534 Y160.324 E294.01441
G0 F15000 X82.375 Y160.082
G0 X82.463 Y160
G1 F1606.3 X84.378 Y160 E294.05262
G0 F15000 X84.163 Y159.6
G1 F1606.3 X82.678 Y159.6 E294.08226
G0 F15000 X82.733 Y159.2
G1 F1606.3 X84.108 Y159.2 E294.1097
G0 F15000 X84.107 Y158.8
G1 F1606.3 X82.733 Y158.8 E294.13712
G0 F15000 X82.734 Y158.4
G1 F1606.3 X83.992 Y158.4 E294.16222
G0 F15000 X84.227 Y158.634
G1 F1606.3 X82.615 Y157.022 E294.20771
G0 F15000 X83.2 Y156.444
G1 F1606.3 X83.2 Y157.606 E294.2309
G0 F15000 X83.6 Y158.006
G1 F1606.3 X83.6 Y156.444 E294.26207
G0 F15000 X84.467 Y160.082
G0 X85.916 Y160.324
G1 F1606.3 X88.5 Y162.908 E294.335
G0 F15000 X85.396 Y171.117
G1 F1606.3 X87.442 Y173.163 E294.39274
G0 F15000 X87.442 Y173.034
;MESH:NONMESH
G0 F300 X87.442 Y173.034 Z7.04
G0 F15000 X85.226 Y167.157
G0 X85.127 Y167.157
;TIME_ELAPSED:806.646174
;LAYER:57
;note -- min layer time used
;TYPE:WALL-INNER
;MESH:WheelAdapter_v11.stl
G1 F1610.7 X85.265 Y167.428 E294.39881
G1 X85.316 Y167.744 E294.4052
G1 X85.316 Y173.244 E294.51496
G1 X88.508 Y173.244 E294.57866
G1 X88.508 Y160.244 E294.83809
G1 X85.116 Y160.239 E294.90578
G1 X84.815 Y160.157 E294.912
G1 X84.557 Y159.99 E294.91814
G1 X84.422 Y159.842 E294.92213
G1 X84.287 Y159.594 E294.92777
G1 X84.227 Y159.331 E294.93315
G1 X84.224 Y156.244 E294.99476
G1 X82.596 Y156.244 E295.02725
G1 X82.593 Y159.331 E295.08885
G1 X82.533 Y159.594 E295.09423
G1 X82.398 Y159.842 E295.09987
G1 X82.263 Y159.99 E295.10387
G1 X82.005 Y160.157 E295.11
G1 X81.73 Y160.245 E295.11576
G1 X78.32 Y160.244 E295.18381
G1 X78.32 Y173.244 E295.44324
G1 X81.452 Y173.244 E295.50574
G1 X81.452 Y167.744 E295.6155
G1 X81.504 Y167.424 E295.62197
G1 X81.646 Y167.151 E295.62811
G1 X81.841 Y166.951 E295.63369
G1 X82.053 Y166.826 E295.6386
G1 X82.353 Y166.748 E295.64478
G1 X84.421 Y166.749 E295.68605
G1 X84.725 Y166.831 E295.69234
G1 X84.935 Y166.957 E295.69722
G1 X85.127 Y167.157 E295.70276
G0 F15000 X84.886 Y167.554
G1 F1610.7 X84.916 Y167.744 E295.70659
G1 X84.916 Y173.644 E295.82434
G1 X88.908 Y173.644 E295.904
G1 X88.908 Y159.844 E296.17939
G1 X85.159 Y159.841 E296.25421
G1 X84.979 Y159.792 E296.25793
G1 X84.824 Y159.692 E296.26161
G1 X84.661 Y159.454 E296.26737
G1 X84.626 Y159.297 E296.27058
G1 X84.624 Y155.844 E296.33949
G1 X82.196 Y155.844 E296.38794
G1 X82.194 Y159.297 E296.45685
G1 X82.078 Y159.603 E296.46338
G1 X81.931 Y159.743 E296.46743
G1 X81.673 Y159.845 E296.47297
G1 X77.92 Y159.844 E296.54786
G1 X77.92 Y173.644 E296.82326
G1 X81.852 Y173.644 E296.90172
G1 X81.852 Y167.744 E297.01947
G1 X81.883 Y167.552 E297.02335
G1 X81.968 Y167.388 E297.02703
G1 X82.213 Y167.193 E297.03328
G1 X82.393 Y167.146 E297.03699
G1 X84.379 Y167.147 E297.07663
G1 X84.562 Y167.196 E297.08041
G1 X84.803 Y167.392 E297.08661
G1 X84.886 Y167.554 E297.09024
G0 F15000 X84.516 Y167.694
;TYPE:WALL-OUTER
G1 F1610.7 X84.516 Y174.044 E297.21696
G1 X89.308 Y174.044 E297.31259
G1 X89.308 Y159.444 E297.60395
G1 X85.181 Y159.44 E297.68631
G1 X85.09 Y159.394 E297.68834
G1 X85.024 Y159.296 E297.6907
G1 X85.024 Y155.444 E297.76757
G1 X81.796 Y155.444 E297.83199
G1 X81.796 Y159.262 E297.90818
G1 X81.757 Y159.364 E297.91036
G1 X81.634 Y159.441 E297.91326
G1 X77.52 Y159.444 E297.99536
G1 X77.52 Y174.044 E298.28671
G1 X82.252 Y174.044 E298.38115
G1 X82.252 Y167.7 E298.50775
G1 X82.29 Y167.625 E298.50943
G1 X82.432 Y167.544 E298.51269
G1 X84.358 Y167.548 E298.55112
G1 X84.44 Y167.586 E298.55293
G1 X84.516 Y167.694 E298.55556
G0 F15000 X85.226 Y167.694
G0 X85.396 Y169.03
;TYPE:FILL
G1 F1610.7 X87.728 Y160.324 E298.73543
G0 F15000 X88.235 Y160.324
G1 F1610.7 X78.4 Y162.959 E298.93862
G0 F15000 X78.4 Y164.001
G1 F1610.7 X81.556 Y167.157 E299.02769
G0 F15000 X81.542 Y167.156
G0 X81.371 Y170.445
G1 F1610.7 X78.4 Y171.242 E299.08907
G0 F15000 X81.614 Y166.906
G0 X85.154 Y166.906
G0 X85.396 Y170.997
G1 F1610.7 X87.562 Y173.163 E299.1502
G0 F15000 X85.396 Y169.367
G1 F1610.7 X88.427 Y168.555 E299.21282
G0 F15000 X88.428 Y162.715
G1 F1610.7 X86.037 Y160.324 E299.2803
G0 F15000 X85.239 Y160.448
G0 X81.717 Y160.45
G0 X79.446 Y160.324
G1 F1610.7 X78.4 Y164.229 E299.36097
G0 F15000 X84.339 Y160.544
G0 X84.339 Y160.284
;TYPE:SKIN
G1 F1610.7 X82.475 Y160.284 E299.39817
G1 X82.701 Y160.035 E299.40488
G1 X82.857 Y159.743 E299.41149
G1 X82.952 Y159.358 E299.4194
G1 X82.956 Y156.604 E299.47436
G1 X83.864 Y156.604 E299.49248
G1 X83.868 Y159.358 E299.54744
G1 X83.946 Y159.719 E299.55481
G1 X84.12 Y160.037 E299.56205
G1 X84.339 Y160.284 E299.56863
G0 F15000 X84.339 Y160.544
G0 X85.597 Y160.486
G0 X84.449 Y160.109
G0 X84.165 Y159.763
G0 X84.306 Y156.161
G0 X83.408 Y156.344
G0 X83.408 Y157.057
G1 F1208.8 X83.408 Y157.954 E299.59249
G1 F1099.5 X83.407 Y158.851 E299.61871
G1 F1008.3 X83.407 Y159.748 E299.64731
;MESH:NONMESH
G0 F300 X83.407 Y159.748 Z7.16
G0 F15000 X84.181 Y159.575
G0 X84.293 Y159.939
G0 X85.597 Y160.486
G0 X85.226 Y167.16
G0 X85.033 Y167.16
;TIME_ELAPSED:820.381945
;LAYER:58
;note -- min layer time used
;TYPE:WALL-INNER
;MESH:WheelAdapter_v11.stl
G1 F1577.8 X85.17 Y167.43 E299.65335
G1 X85.22 Y167.744 E299.65969
G1 X85.22 Y173.244 E299.76945
G1 X88.44 Y173.244 E299.83371
G1 X88.44 Y160.244 E300.09314
G1 X85.035 Y160.239 E300.16109
G1 X84.752 Y160.165 E300.16693
G1 X84.496 Y160.006 E300.17294
G1 X84.357 Y159.861 E300.17695
G1 X84.212 Y159.61 E300.18274
G1 X84.148 Y159.331 E300.18845
G1 X84.144 Y156.244 E300.25005
G1 X82.68 Y156.244 E300.27927
G1 X82.676 Y159.331 E300.34087
G1 X82.612 Y159.61 E300.34658
G1 X82.467 Y159.861 E300.35237
G1 X82.328 Y160.006 E300.35638
G1 X82.072 Y160.165 E300.36239
G1 X81.682 Y160.245 E300.37034
G1 X78.388 Y160.244 E300.43607
G1 X78.388 Y173.244 E300.6955
G1 X81.596 Y173.244 E300.75952
G1 X81.596 Y167.744 E300.86928
G1 X81.646 Y167.429 E300.87564
G1 X81.784 Y167.159 E300.88169
G1 X81.975 Y166.959 E300.88721
G1 X82.183 Y166.832 E300.89208
G1 X82.489 Y166.749 E300.8984
G1 X84.328 Y166.749 E300.9351
G1 X84.635 Y166.833 E300.94146
G1 X84.843 Y166.96 E300.94632
G1 X85.033 Y167.16 E300.95182
G0 F15000 X84.79 Y167.555
G1 F1577.8 X84.82 Y167.744 E300.95564
G1 X84.82 Y173.644 E301.07338
G1 X88.84 Y173.644 E301.15361
G1 X88.84 Y159.844 E301.429
G1 X85.078 Y159.841 E301.50408
G1 X84.909 Y159.797 E301.50756
G1 X84.755 Y159.702 E301.51117
G1 X84.585 Y159.464 E301.51701
G1 X84.546 Y159.297 E301.52043
G1 X84.544 Y155.844 E301.58934
G1 X82.28 Y155.844 E301.63452
G1 X82.278 Y159.297 E301.70343
G1 X82.239 Y159.464 E301.70685
G1 X82.069 Y159.702 E301.71269
G1 X81.915 Y159.797 E301.7163
G1 X81.681 Y159.845 E301.72107
G1 X77.988 Y159.844 E301.79476
G1 X77.988 Y173.644 E302.07016
G1 X81.996 Y173.644 E302.15014
G1 X81.996 Y167.744 E302.26788
G1 X82.026 Y167.555 E302.2717
G1 X82.109 Y167.393 E302.27533
G1 X82.348 Y167.197 E302.2815
G1 X82.532 Y167.147 E302.28531
G1 X84.31 Y167.144 E302.32079
G1 X84.594 Y167.274 E302.32702
G1 X84.79 Y167.555 E302.33386
G0 F15000 X84.42 Y167.695
;TYPE:WALL-OUTER
G1 F1577.8 X84.42 Y174.044 E302.46056
G1 X89.24 Y174.044 E302.55675
G1 X89.24 Y159.444 E302.84811
G1 X85.101 Y159.44 E302.93071
G1 X84.986 Y159.368 E302.93341
G1 X84.944 Y159.262 E302.93569
G1 X84.944 Y155.444 E303.01188
G1 X81.88 Y155.444 E303.07303
G1 X81.88 Y159.3 E303.14998
G1 X81.81 Y159.397 E303.15236
G1 X81.681 Y159.445 E303.15511
G1 X77.588 Y159.444 E303.23679
G1 X77.588 Y174.044 E303.52815
G1 X82.396 Y174.044 E303.6241
G1 X82.396 Y167.695 E303.7508
G1 X82.471 Y167.587 E303.75342
G1 X82.557 Y167.547 E303.75532
G1 X84.263 Y167.548 E303.78936
G1 X84.345 Y167.587 E303.79117
G1 X84.42 Y167.695 E303.7938
G0 F15000 X85.132 Y167.695
G0 X85.3 Y169.062
;TYPE:FILL
G1 F1577.8 X87.642 Y160.323 E303.97435
G0 F15000 X88.36 Y160.378
G1 F1577.8 X78.468 Y163.028 E304.17871
G0 F15000 X78.468 Y163.65
G1 F1577.8 X79.359 Y160.324 E304.24743
G0 F15000 X78.468 Y163.95
G1 F1577.8 X81.691 Y167.173 E304.33839
G0 F15000 X81.686 Y167.173
G0 X81.516 Y170.494
G1 F1577.8 X78.468 Y171.31 E304.40136
G0 F15000 X81.758 Y166.906
G0 X85.06 Y166.906
G0 X85.3 Y170.782
G1 F1577.8 X87.681 Y173.163 E304.46855
G0 F15000 X85.3 Y169.48
G1 F1577.8 X88.359 Y168.66 E304.53175
G0 F15000 X88.36 Y162.528
G1 F1577.8 X86.155 Y160.324 E304.59397
G0 F15000 X84.309 Y160.082
G0 X84.119 Y159.647
G0 X83.473 Y159.827
;TYPE:SKIN
G1 F1227.9 X83.441 Y159.882 E304.5956
G1 X83.377 Y159.882 E304.59724
G1 X83.345 Y159.827 E304.59887
G1 X83.377 Y159.772 E304.60051
G1 X83.441 Y159.772 E304.60215
G1 X83.473 Y159.827 E304.60378
G0 F15000 X84.27 Y160.284
G1 F1577.8 X82.549 Y160.284 E304.63812
G1 X82.736 Y160.1 E304.64336
G1 X82.934 Y159.763 E304.65116
G1 F1421.5 X83.124 Y159.351 E304.66121
G1 F1237.5 X83.125 Y158.02 E304.69508
G1 F1143.4 X83.126 Y156.689 E304.73173
G1 F1101.5 X83.698 Y156.69 E304.74808
G1 F1143.4 X83.699 Y158.021 E304.78474
G1 F1237.5 X83.7 Y159.352 E304.8186
G1 F1421.5 X83.887 Y159.765 E304.82865
G1 F1577.8 X84.058 Y160.061 E304.83547
G1 X84.27 Y160.284 E304.84161
G0 F15000 X84.617 Y160.454
;MESH:NONMESH
G0 F300 X84.617 Y160.454 Z7.28
G0 F15000 X84.617 Y160.544
G0 X85.132 Y167.174
G0 X84.835 Y167.174
;TIME_ELAPSED:833.539211
;LAYER:59
;note -- min layer time used
;TYPE:WALL-INNER
;MESH:WheelAdapter_v11.stl
G1 F1629.8 X84.965 Y167.438 E304.84748
G1 X85.012 Y167.744 E304.85366
G1 X85.012 Y173.244 E304.96342
G1 X88.372 Y173.244 E305.03047
G1 X88.372 Y160.244 E305.2899
G1 X85.031 Y160.244 E305.35657
G1 X84.823 Y160.214 E305.36077
G1 X84.551 Y160.101 E305.36664
G1 X84.298 Y159.883 E305.37331
G1 X84.143 Y159.627 E305.37928
G1 X84.071 Y159.331 E305.38536
G1 X84.068 Y156.244 E305.44696
G1 X82.78 Y156.244 E305.47267
G1 X82.777 Y159.331 E305.53427
G1 X82.705 Y159.627 E305.54035
G1 X82.55 Y159.883 E305.54632
G1 X82.297 Y160.101 E305.55299
G1 X82.025 Y160.214 E305.55887
G1 X81.817 Y160.244 E305.56306
G1 X78.46 Y160.244 E305.63005
G1 X78.46 Y173.244 E305.88948
G1 X81.836 Y173.244 E305.95685
G1 X81.836 Y167.744 E306.06661
G1 X81.883 Y167.439 E306.07277
G1 X82.012 Y167.176 E306.07862
G1 X82.194 Y166.977 E306.084
G1 X82.394 Y166.846 E306.08877
G1 X82.799 Y166.744 E306.0971
G1 X84.049 Y166.744 E306.12205
G1 X84.451 Y166.845 E306.13032
G1 X84.653 Y166.975 E306.13511
G1 X84.835 Y167.174 E306.1405
G0 F15000 X84.584 Y167.56
G1 F1629.8 X84.612 Y167.744 E306.14421
G1 X84.612 Y173.644 E306.26195
G1 X88.772 Y173.644 E306.34497
G1 X88.772 Y159.844 E306.62036
G1 X84.993 Y159.84 E306.69578
G1 X84.807 Y159.785 E306.69965
G1 X84.606 Y159.627 E306.70475
G1 X84.513 Y159.474 E306.70832
G1 X84.47 Y159.296 E306.71198
G1 X84.468 Y155.844 E306.78086
G1 X82.38 Y155.844 E306.82253
G1 X82.378 Y159.296 E306.89142
G1 X82.335 Y159.474 E306.89508
G1 X82.156 Y159.712 E306.90102
G1 X82.004 Y159.801 E306.90453
G1 X81.802 Y159.844 E306.90865
G1 X78.06 Y159.844 E306.98333
G1 X78.06 Y173.644 E307.25872
G1 X82.236 Y173.644 E307.34206
G1 X82.236 Y167.744 E307.4598
G1 X82.264 Y167.561 E307.4635
G1 X82.342 Y167.403 E307.46701
G1 X82.571 Y167.205 E307.47305
G1 X82.814 Y167.144 E307.47805
G1 X84.086 Y167.148 E307.50344
G1 X84.276 Y167.204 E307.50739
G1 X84.506 Y167.402 E307.51345
G1 X84.584 Y167.56 E307.51696
G0 F15000 X84.212 Y167.695
;TYPE:WALL-OUTER
G1 F1629.8 X84.212 Y174.044 E307.64366
G1 X89.172 Y174.044 E307.74265
G1 X89.172 Y159.444 E308.03401
G1 X85.043 Y159.443 E308.1164
G1 X84.914 Y159.372 E308.11934
G1 X84.868 Y159.262 E308.12172
G1 X84.868 Y155.444 E308.19791
G1 X81.98 Y155.444 E308.25555
G1 X81.98 Y159.262 E308.33174
G1 X81.934 Y159.372 E308.33412
G1 X81.805 Y159.443 E308.33706
G1 X77.66 Y159.444 E308.41978
G1 X77.66 Y174.044 E308.71113
G1 X82.636 Y174.044 E308.81044
G1 X82.636 Y167.701 E308.93702
G1 X82.671 Y167.63 E308.9386
G1 X82.811 Y167.545 E308.94187
G1 X84.061 Y167.549 E308.96681
G1 X84.141 Y167.59 E308.9686
G1 X84.212 Y167.695 E308.97113
G0 F15000 X84.923 Y167.695
G0 X85.092 Y169.508
;TYPE:FILL
G1 F1629.8 X87.554 Y160.323 E309.1609
G0 F15000 X88.292 Y160.484
G1 F1629.8 X78.541 Y163.097 E309.36236
G1 X78.54 Y163.052
G1 X79.272 Y160.323 E309.41874
G0 F15000 X78.54 Y163.902
G1 F1629.8 X81.2 Y166.563 E309.49383
G1 X81.2 Y170.666 E309.57571
G1 X78.54 Y171.379 E309.63067
G0 F15000 X81.2 Y170.666
G1 F1629.8 X81.756 Y170.517 E309.64215
G1 X81.6 Y170.559
G1 X81.6 Y173.044 E309.69174
G0 F15000 X81.2 Y173.044
G1 F1629.8 X81.2 Y170.666 E309.7392
G0 F15000 X81.889 Y167.251
G1 F1629.8 X81.2 Y166.563 E309.75863
G0 F15000 X84.851 Y166.906
G0 X85.092 Y169.623
G1 F1629.8 X88.291 Y168.766 E309.82472
G0 F15000 X85.092 Y170.454
G1 F1629.8 X87.802 Y173.164 E309.9012
G0 F15000 X88.292 Y162.34
G1 F1629.8 X86.276 Y160.324 E309.9581
G0 F15000 X84.23 Y160.082
G0 X84.051 Y159.666
G0 X83.47 Y159.877
;TYPE:SKIN
G1 F1605.7 X83.395 Y159.92 E309.95985
G1 X83.395 Y159.834 E309.96159
G1 X83.47 Y159.877 E309.96334
G0 F15000 X84.232 Y160.284
G1 F1629.8 X82.616 Y160.284 E309.99559
G1 X82.845 Y160.087 E310.00162
G1 X83.02 Y159.791 E310.00848
G1 F1465 X83.18 Y159.361 E310.01867
G1 F1335.9 X83.182 Y156.646 E310.08477
G1 F1344.2 X83.666 Y156.646 E310.09648
G1 F1335.9 X83.668 Y159.361 E310.16258
G1 F1465 X83.806 Y159.752 E310.17179
G1 F1629.8 X83.999 Y160.087 E310.1795
G1 X84.232 Y160.284 E310.18559
G0 F15000 X84.559 Y160.454
;MESH:NONMESH
G0 F300 X84.559 Y160.454 Z7.4
G0 F15000 X84.559 Y160.544
G0 X78.528 Y173.244
;TIME_ELAPSED:846.956132
;LAYER:60
;note -- min layer time used
;TYPE:WALL-INNER
;MESH:WheelAdapter_v11.stl
G1 F1826.6 X88.3 Y173.244 E310.3806
G1 X88.3 Y160.244 E310.64003
G1 X84.846 Y160.244 E310.70896
G1 X84.547 Y160.163 E310.71514
G1 X84.21 Y159.924 E310.72339
G1 X84.036 Y159.665 E310.72961
G1 X83.947 Y159.332 E310.73649
G1 X83.941 Y156.244 E310.79812
G1 X82.88 Y156.244 E310.81929
G1 X82.877 Y159.332 E310.88091
G1 X82.788 Y159.665 E310.88779
G1 X82.614 Y159.924 E310.89402
G1 X82.464 Y160.056 E310.89801
G1 X82.219 Y160.186 E310.90354
G1 X81.98 Y160.244 E310.90845
G1 X78.528 Y160.244 E310.97734
G1 X78.528 Y173.244 E311.23677
G0 F15000 X80.799 Y166.516
G0 X84.858 Y160.449
G0 X84.659 Y160.154
G0 X84.659 Y159.773
G1 F1826.6 X84.504 Y159.652 E311.24069
G1 X84.399 Y159.497 E311.24443
G1 X84.346 Y159.297 E311.24856
G1 X84.34 Y155.844 E311.31746
G1 X82.48 Y155.844 E311.35458
G1 X82.478 Y159.297 E311.42349
G1 X82.425 Y159.497 E311.42762
G1 X82.32 Y159.652 E311.43136
G1 X82.165 Y159.773 E311.43528
G1 X81.88 Y159.844 E311.44114
G1 X78.128 Y159.844 E311.51602
G1 X78.128 Y173.644 E311.79141
G1 X88.7 Y173.644 E312.00239
G1 X88.7 Y159.844 E312.27778
G1 X84.859 Y159.839 E312.35443
G1 X84.659 Y159.773 E312.35863
G0 F15000 X84.87 Y159.443
;TYPE:WALL-OUTER
G1 F1826.6 X84.744 Y159.31 E312.36229
G1 X84.74 Y155.444 E312.43944
G1 X82.08 Y155.444 E312.49252
G1 X82.08 Y159.262 E312.56872
G1 X82.027 Y159.38 E312.5713
G1 X81.933 Y159.438 E312.5735
G1 X77.728 Y159.444 E312.65742
G1 X77.728 Y174.044 E312.94878
G1 X89.1 Y174.044 E313.17572
G1 X89.1 Y159.444 E313.46708
G1 X84.87 Y159.443 E313.55149
G0 F15000 X84.87 Y160.154
G0 X86.396 Y160.324
;TYPE:FILL
G1 F1826.6 X88.22 Y162.148 E313.60297
G0 F15000 X88.219 Y160.591
G1 F1826.6 X78.609 Y163.166 E313.80151
G0 F15000 X78.608 Y163.849
G1 F1826.6 X81.422 Y166.664 E313.88094
G0 F15000 X81.422 Y166.444
G0 X80.799 Y166.516
G0 X80.727 Y170.822
G0 X80.947 Y170.822
G1 F1826.6 X78.609 Y171.449 E313.92925
G0 F15000 X80.799 Y173.072
G0 X85.544 Y173.072
G0 X85.616 Y170.638
G0 X85.396 Y170.638
G1 F1826.6 X87.922 Y173.163 E314.00052
G0 F15000 X88.22 Y168.873
G1 F1826.6 X85.396 Y169.63 E314.05887
G0 F15000 X85.616 Y169.63
G0 X85.616 Y168.047
G0 X85.396 Y168.047
G1 F1826.6 X87.466 Y160.324 E314.21843
G0 F15000 X84.858 Y160.449
G0 X81.962 Y160.448
G0 X79.183 Y160.324
G1 F1826.6 X78.608 Y162.471 E314.26278
G0 F15000 X82.104 Y160.083
G0 X82.72 Y160.082
G0 X83.052 Y156.416
G0 X83.595 Y156.344
G0 X83.595 Y156.59
;TYPE:SKIN
G1 F1912.7 X83.6 Y159.392 E314.31618
G1 F1588.4 X83.651 Y159.846 E314.32667
G1 F1381.2 X83.902 Y160.22 E314.33856
G1 X82.918 Y160.22 E314.36453
G1 X83.169 Y159.846 E314.37641
G1 F1588.4 X83.224 Y159.392 E314.38691
G1 F1912.7 X83.225 Y156.59 E314.44031
G1 F1964.1 X83.595 Y156.59 E314.44718
G0 F15000 X83.595 Y156.344
G0 X84.094 Y160.034
G0 X84.858 Y160.449
G0 X85.544 Y166.516
G0 X85.616 Y172.884
G0 X85.356 Y172.884
G1 F1826.6 X80.984 Y172.884 E314.53442
G1 X80.984 Y166.704 E314.65775
G1 X85.356 Y166.704 E314.745
G1 X85.356 Y172.884 E314.86833
G0 F15000 X85.616 Y172.884
G0 X81.609 Y173.144
G0 X81.609 Y172.684
G1 F1826.6 X81.184 Y172.26 E314.88031
G0 F15000 X81.184 Y171.694
G1 F1826.6 X82.174 Y172.684 E314.90825
G0 F15000 X82.74 Y172.684
G1 F1826.6 X81.184 Y171.128 E314.95216
G0 F15000 X81.184 Y170.563
G1 F1826.6 X83.306 Y172.684 E315.01204
G0 F15000 X83.871 Y172.684
G1 F1826.6 X81.184 Y169.997 E315.08787
G0 F15000 X81.184 Y169.431
G1 F1826.6 X84.437 Y172.684 E315.17968
G0 F15000 X85.003 Y172.684
G1 F1826.6 X81.184 Y168.866 E315.28744
G0 F15000 X81.184 Y168.3
G1 F1826.6 X85.155 Y172.271 E315.39951
G0 F15000 X85.155 Y171.705
G1 F1826.6 X81.184 Y167.734 E315.51158
G0 F15000 X81.184 Y167.169
G1 F1826.6 X85.155 Y171.14 E315.62365
G0 F15000 X85.155 Y170.574
G1 F1826.6 X81.486 Y166.904 E315.72721
G0 F15000 X82.051 Y166.904
G1 F1826.6 X85.155 Y170.008 E315.81482
G0 F15000 X85.155 Y169.443
G1 F1826.6 X82.617 Y166.904 E315.88646
G0 F15000 X83.183 Y166.904
G1 F1826.6 X85.155 Y168.877 E315.94213
G0 F15000 X85.155 Y168.311
G1 F1826.6 X83.748 Y166.904 E315.98184
G0 F15000 X84.314 Y166.904
G1 F1826.6 X85.155 Y167.746 E316.00558
G0 F15000 X85.155 Y167.18
G1 F1826.6 X84.88 Y166.904 E316.01336
G0 F15000 X84.88 Y166.144
;MESH:NONMESH
G0 F300 X84.88 Y166.144 Z7.52
G0 F15000 X80.799 Y166.516
G0 X78.596 Y173.244
;TIME_ELAPSED:862.990405
;LAYER:61
;note -- min layer time used
;TYPE:WALL-INNER
;MESH:WheelAdapter_v11.stl
G1 F1780.5 X88.232 Y173.244 E316.20566
G1 X88.232 Y160.244 E316.46509
G1 X84.728 Y160.244 E316.53501
G1 X84.37 Y160.14 E316.54245
G1 X84.11 Y159.953 E316.54884
G1 X83.922 Y159.693 E316.55525
G1 X83.819 Y159.331 E316.56276
G1 X83.816 Y156.244 E316.62436
G1 X83.008 Y156.244 E316.64048
G1 X83.005 Y159.331 E316.70209
G1 X82.902 Y159.693 E316.7096
G1 X82.714 Y159.953 E316.716
G1 X82.561 Y160.078 E316.71995
G1 X82.323 Y160.194 E316.72523
G1 X82.103 Y160.244 E316.72973
G1 X78.596 Y160.244 E316.79972
G1 X78.596 Y173.244 E317.05915
G0 F15000 X80.845 Y166.516
G0 X84.742 Y160.448
G0 X84.484 Y160.154
G0 X84.484 Y159.745
G1 F1780.5 X84.279 Y159.514 E317.06531
G1 X84.218 Y159.296 E317.06983
G1 X84.216 Y155.844 E317.13872
G1 X82.608 Y155.844 E317.17081
G1 X82.606 Y159.296 E317.23969
G1 X82.545 Y159.514 E317.24421
G1 X82.432 Y159.67 E317.24806
G1 X82.276 Y159.782 E317.25189
G1 X82.008 Y159.844 E317.25738
G1 X78.196 Y159.844 E317.33345
G1 X78.196 Y173.644 E317.60884
G1 X88.632 Y173.644 E317.81711
G1 X88.632 Y159.844 E318.0925
G1 X84.738 Y159.84 E318.17021
G1 X84.484 Y159.745 E318.17562
G0 F15000 X84.745 Y159.443
;TYPE:WALL-OUTER
G1 F1780.5 X84.616 Y159.313 E318.17928
G1 X84.616 Y155.444 E318.25649
G1 X82.208 Y155.444 E318.30454
G1 X82.208 Y159.313 E318.38175
G1 X82.079 Y159.443 E318.3854
G1 X77.796 Y159.444 E318.47088
G1 X77.796 Y174.044 E318.76223
G1 X89.032 Y174.044 E318.98646
G1 X89.032 Y159.444 E319.27782
G1 X84.745 Y159.443 E319.36337
G0 F15000 X84.745 Y160.154
G0 X86.517 Y160.324
;TYPE:FILL
G1 F1780.5 X88.152 Y161.96 E319.40953
G0 F15000 X88.151 Y160.697
G1 F1780.5 X78.676 Y163.236 E319.60528
G0 F15000 X78.676 Y163.798
G1 F1780.5 X81.542 Y166.664 E319.68617
G0 F15000 X81.542 Y166.444
G0 X85.544 Y166.516
G0 X85.616 Y167.718
G0 X85.396 Y167.718
G1 F1780.5 X87.377 Y160.324 E319.83893
G0 F15000 X84.742 Y160.448
G0 X81.969 Y160.446
G0 X79.095 Y160.323
G1 F1780.5 X78.676 Y161.888 E319.87126
G0 F15000 X80.773 Y170.898
G0 X80.992 Y170.898
G1 F1780.5 X78.676 Y171.518 E319.91911
G0 F15000 X80.845 Y173.072
G0 X85.544 Y173.072
G0 X85.616 Y170.517
G0 X85.396 Y170.517
G1 F1780.5 X88.043 Y173.164 E319.99381
G0 F15000 X88.152 Y168.979
G1 F1780.5 X85.396 Y169.718 E320.05075
G0 F15000 X85.616 Y169.718
G0 X85.616 Y172.884
G0 X85.356 Y172.884
;TYPE:SKIN
G1 F1780.5 X81.032 Y172.884 E320.13704
G1 X81.032 Y166.704 E320.26037
G1 X85.356 Y166.704 E320.34666
G1 X85.356 Y172.884 E320.46999
G0 F15000 X84.703 Y172.684
G1 F1780.5 X85.155 Y172.231 E320.48276
G0 F15000 X85.155 Y171.666
G1 F1780.5 X84.137 Y172.684 E320.51149
G0 F15000 X83.572 Y172.684
G1 F1780.5 X85.155 Y171.1 E320.55618
G0 F15000 X85.155 Y170.534
G1 F1780.5 X83.006 Y172.684 E320.61684
G0 F15000 X82.44 Y172.684
G1 F1780.5 X85.155 Y169.969 E320.69347
G0 F15000 X85.155 Y169.403
G1 F1780.5 X81.874 Y172.684 E320.78606
G0 F15000 X81.309 Y172.684
G1 F1780.5 X85.155 Y168.837 E320.89462
G0 F15000 X85.155 Y168.272
G1 F1780.5 X81.232 Y172.195 E321.00533
G0 F15000 X81.232 Y171.629
G1 F1780.5 X85.155 Y167.706 E321.11605
G0 F15000 X85.155 Y167.14
G1 F1780.5 X81.232 Y171.063 E321.22677
G0 F15000 X81.232 Y170.498
G1 F1780.5 X84.826 Y166.904 E321.3282
G0 F15000 X84.26 Y166.904
G1 F1780.5 X81.232 Y169.932 E321.41365
G0 F15000 X81.232 Y169.366
G1 F1780.5 X83.695 Y166.904 E321.48315
G0 F15000 X83.129 Y166.904
G1 F1780.5 X81.232 Y168.801 E321.53669
G0 F15000 X81.232 Y168.235
G1 F1780.5 X82.563 Y166.904 E321.57425
G0 F15000 X81.998 Y166.904
G1 F1780.5 X81.232 Y167.669 E321.59586
G0 F15000 X81.232 Y167.103
G1 F1780.5 X81.432 Y166.904 E321.60149
G0 F15000 X81.432 Y166.444
G0 X81.969 Y160.446
G0 X82.846 Y160.082
G0 X83.18 Y156.416
G0 X83.412 Y156.648
G1 F1441.7 X83.412 Y159.361 E321.66835
G0 F15000 X83.856 Y160.257
G1 F1534.9 X82.964 Y160.257 E321.689
G1 F1515.3 X83.247 Y159.872 E321.7002
G1 F1465.4 X83.412 Y159.361 E321.71322
G1 X83.571 Y159.868 E321.72611
G1 F1515.3 X83.856 Y160.257 E321.73741
G0 F15000 X83.856 Y160.844
;MESH:NONMESH
G0 F300 X83.856 Y160.844 Z7.64
G0 F15000 X84.742 Y160.448
G0 X83.998 Y160.068
G0 X83.652 Y156.272
;TIME_ELAPSED:878.652171
;LAYER:62
;note -- min layer time used
;TYPE:WALL-INNER
;MESH:WheelAdapter_v11.stl
G1 F1498.6 X83.196 Y156.272 E321.74779
G1 F1492 X83.194 Y159.334 E321.81775
G1 F1589.2 X83.042 Y159.731 E321.82687
G1 F1708.4 X82.836 Y159.989 E321.83346
G1 X82.578 Y160.157 E321.83961
G1 X82.317 Y160.244 E321.8451
G1 X78.668 Y160.244 E321.91792
G1 X78.668 Y173.244 E322.17734
G1 X88.164 Y173.244 E322.36685
G1 X88.164 Y160.244 E322.62628
G1 X84.522 Y160.244 E322.69896
G1 X84.166 Y160.103 E322.7066
G1 X84.012 Y159.989 E322.71042
G1 X83.806 Y159.731 E322.71701
G1 F1589.2 X83.654 Y159.334 E322.72613
G1 F1492 X83.652 Y156.272 E322.7961
G0 F15000 X83.844 Y160.082
G0 X84.279 Y160.154
G0 X84.279 Y159.691
G1 F1708.4 X84.155 Y159.537 E322.80004
G1 X84.082 Y159.296 E322.80507
G1 X84.08 Y155.844 E322.87395
G1 X82.768 Y155.844 E322.90014
G1 X82.766 Y159.296 E322.96903
G1 X82.693 Y159.537 E322.97405
G1 X82.569 Y159.691 E322.978
G1 X82.414 Y159.792 E322.98169
G1 X82.168 Y159.844 E322.98671
G1 X78.268 Y159.844 E323.06453
G1 X78.268 Y173.644 E323.33993
G1 X88.564 Y173.644 E323.5454
G1 X88.564 Y159.844 E323.82079
G1 X84.59 Y159.844 E323.9001
G1 X84.279 Y159.691 E323.90701
G0 F15000 X84.636 Y159.44
;TYPE:WALL-OUTER
G1 F1708.4 X84.546 Y159.393 E323.90904
G1 X84.48 Y159.262 E323.91197
G1 X84.48 Y155.444 E323.98816
G1 X82.368 Y155.444 E324.03031
G1 X82.368 Y159.323 E324.10772
G1 X82.212 Y159.44 E324.11161
G1 X77.868 Y159.444 E324.1983
G1 X77.868 Y174.044 E324.48965
G1 X88.964 Y174.044 E324.71109
G1 X88.964 Y159.444 E325.00245
G1 X84.636 Y159.44 E325.08882
G0 F15000 X84.636 Y160.154
G0 X86.637 Y160.324
;TYPE:FILL
G1 F1708.4 X88.084 Y161.772 E325.12967
G0 F15000 X88.083 Y160.804
G1 F1708.4 X78.749 Y163.305 E325.32251
G0 F15000 X78.748 Y163.749
G1 F1708.4 X81.662 Y166.664 E325.40476
G0 F15000 X81.662 Y166.444
G0 X85.544 Y166.516
G0 X85.616 Y167.39
G0 X85.396 Y167.39
G1 F1708.4 X87.29 Y160.323 E325.55077
G0 F15000 X79.007 Y160.323
G1 F1708.4 X78.748 Y161.29 E325.57075
G0 F15000 X80.84 Y170.968
G0 X81.06 Y170.968
G1 F1708.4 X78.749 Y171.587 E325.61849
G0 F15000 X80.912 Y173.072
G0 X85.544 Y173.072
G0 X85.616 Y170.397
G0 X85.396 Y170.397
G1 F1708.4 X88.084 Y173.086 E325.69437
G0 F15000 X88.083 Y169.086
G1 F1708.4 X85.396 Y169.806 E325.74988
G0 F15000 X85.616 Y169.806
G0 X85.616 Y172.884
G0 X85.356 Y172.884
;TYPE:SKIN
G1 F1708.4 X81.1 Y172.884 E325.83481
G1 X81.1 Y166.704 E325.95814
G1 X85.356 Y166.704 E326.04307
G1 X85.356 Y172.884 E326.1664
G0 F15000 X85.616 Y172.884
G0 X80.912 Y173.072
G0 X80.84 Y172.376
G0 X81.3 Y172.376
G1 F1708.4 X81.609 Y172.684 E326.17511
G0 F15000 X82.174 Y172.684
G1 F1708.4 X81.3 Y171.81 E326.19978
G0 F15000 X81.3 Y171.244
G1 F1708.4 X82.74 Y172.684 E326.24042
G0 F15000 X83.306 Y172.684
G1 F1708.4 X81.3 Y170.679 E326.29702
G0 F15000 X81.3 Y170.113
G1 F1708.4 X83.871 Y172.684 E326.36957
G0 F15000 X84.437 Y172.684
G1 F1708.4 X81.3 Y169.547 E326.45811
G0 F15000 X81.3 Y168.982
G1 F1708.4 X85.003 Y172.684 E326.5626
G0 F15000 X85.155 Y172.271
G1 F1708.4 X81.3 Y168.416 E326.6714
G0 F15000 X81.3 Y167.85
G1 F1708.4 X85.155 Y171.705 E326.78019
G0 F15000 X85.155 Y171.14
G1 F1708.4 X81.3 Y167.284 E326.889
G0 F15000 X81.486 Y166.904
G1 F1708.4 X85.155 Y170.574 E326.99256
G0 F15000 X85.155 Y170.008
G1 F1708.4 X82.051 Y166.904 E327.08017
G0 F15000 X82.617 Y166.904
G1 F1708.4 X85.155 Y169.443 E327.15181
G0 F15000 X85.155 Y168.877
G1 F1708.4 X83.183 Y166.904 E327.20748
G0 F15000 X83.748 Y166.904
G1 F1708.4 X85.155 Y168.311 E327.24718
G0 F15000 X85.155 Y167.746
G1 F1708.4 X84.314 Y166.904 E327.27093
G0 F15000 X84.88 Y166.904
G1 F1708.4 X85.155 Y167.18 E327.27871
G0 F15000 X85.916 Y167.18
;MESH:NONMESH
G0 F300 X85.916 Y167.18 Z7.76
G0 F15000 X83.844 Y160.082
G0 X83.401 Y156.317
;TIME_ELAPSED:893.698694
;LAYER:63
;note -- min layer time used
;TYPE:WALL-INNER
;MESH:WheelAdapter_v11.stl
G1 F1225.7 X83.4 Y159.337 E327.36143
G0 F15000 X88.092 Y173.244
G1 F1682.3 X88.092 Y160.244 E327.62085
G1 X84.334 Y160.244 E327.69585
G1 X84.014 Y160.134 E327.7026
G1 X83.861 Y160.037 E327.70622
G1 X83.633 Y159.788 E327.71296
G1 F1413.7 X83.4 Y159.337 E327.72501
G1 X83.167 Y159.788 E327.73707
G1 F1682.3 X82.939 Y160.037 E327.7438
G1 X82.688 Y160.178 E327.74955
G1 X82.328 Y160.244 E327.75685
G1 X78.736 Y160.244 E327.82853
G1 X78.736 Y173.244 E328.08796
G1 X88.092 Y173.244 E328.27467
G0 F15000 X84.105 Y160.154
G0 X84.105 Y159.72
G1 F1682.3 X83.968 Y159.571 E328.27871
G1 X83.874 Y159.296 E328.28451
G1 X83.874 Y155.844 E328.3534
G1 X82.928 Y155.844 E328.37228
G1 X82.926 Y159.296 E328.44117
G1 X82.832 Y159.571 E328.44697
G1 X82.695 Y159.72 E328.45101
G1 X82.408 Y159.844 E328.45724
G1 X78.336 Y159.844 E328.53851
G1 X78.336 Y173.644 E328.8139
G1 X88.492 Y173.644 E329.01657
G1 X88.492 Y159.844 E329.29197
G1 X84.387 Y159.844 E329.37389
G1 X84.105 Y159.72 E329.38004
G0 F15000 X84.428 Y159.44
;TYPE:WALL-OUTER
G1 F1682.3 X84.304 Y159.353 E329.38306
G1 X84.272 Y159.262 E329.38498
G1 X84.275 Y155.444 E329.46118
G1 X82.528 Y155.444 E329.49604
G1 X82.528 Y159.262 E329.57223
G1 X82.496 Y159.353 E329.57416
G1 X82.371 Y159.444 E329.57724
G1 X77.936 Y159.444 E329.66575
G1 X77.936 Y174.044 E329.95711
G1 X88.892 Y174.044 E330.17574
G1 X88.892 Y159.444 E330.4671
G1 X84.428 Y159.44 E330.55619
G0 F15000 X84.428 Y160.154
G0 X86.756 Y160.324
;TYPE:FILL
G1 F1682.3 X88.012 Y161.58 E330.59163
G0 F15000 X88.012 Y160.911
G1 F1682.3 X78.817 Y163.374 E330.7816
G0 F15000 X78.816 Y163.697
G1 F1682.3 X81.783 Y166.664 E330.86533
G0 F15000 X81.783 Y166.444
G0 X85.544 Y166.516
G0 X85.616 Y167.062
G0 X85.396 Y167.062
G1 F1682.3 X87.202 Y160.323 E331.00456
G0 F15000 X78.919 Y160.324
G1 F1682.3 X78.816 Y160.71 E331.01254
G0 F15000 X80.925 Y171.033
G0 X81.145 Y171.033
G1 F1682.3 X78.817 Y171.657 E331.06063
G0 F15000 X80.997 Y173.072
G0 X85.544 Y173.072
G0 X85.616 Y170.277
G0 X85.396 Y170.277
G1 F1682.3 X88.012 Y172.893 E331.13446
G0 F15000 X88.011 Y169.193
G1 F1682.3 X85.397 Y169.894 E331.18847
G0 F15000 X85.616 Y169.894
G0 X85.616 Y172.884
G0 X85.356 Y172.884
;TYPE:SKIN
G1 F1682.3 X81.184 Y172.884 E331.27173
G1 X81.184 Y166.704 E331.39506
G1 X85.356 Y166.704 E331.47831
G1 X85.356 Y172.884 E331.60164
G0 F15000 X84.703 Y172.684
G1 F1682.3 X85.155 Y172.231 E331.61441
G0 F15000 X85.155 Y171.666
G1 F1682.3 X84.137 Y172.684 E331.64314
G0 F15000 X83.572 Y172.684
G1 F1682.3 X85.155 Y171.1 E331.68783
G0 F15000 X85.155 Y170.534
G1 F1682.3 X83.006 Y172.684 E331.7485
G0 F15000 X82.44 Y172.684
G1 F1682.3 X85.155 Y169.969 E331.82512
G0 F15000 X85.155 Y169.403
G1 F1682.3 X81.874 Y172.684 E331.91772
G0 F15000 X81.384 Y172.609
G1 F1682.3 X85.155 Y168.837 E332.02416
G0 F15000 X85.155 Y168.272
G1 F1682.3 X81.384 Y172.043 E332.13058
G0 F15000 X81.384 Y171.478
G1 F1682.3 X85.155 Y167.706 E332.23702
G0 F15000 X85.155 Y167.14
G1 F1682.3 X81.384 Y170.912 E332.34346
G0 F15000 X81.384 Y170.346
G1 F1682.3 X84.826 Y166.904 E332.4406
G0 F15000 X84.26 Y166.904
G1 F1682.3 X81.384 Y169.781 E332.52178
G0 F15000 X81.384 Y169.215
G1 F1682.3 X83.695 Y166.904 E332.58701
G0 F15000 X83.129 Y166.904
G1 F1682.3 X81.384 Y168.649 E332.63625
G0 F15000 X81.384 Y168.084
G1 F1682.3 X82.563 Y166.904 E332.66954
G0 F15000 X81.998 Y166.904
G1 F1682.3 X81.384 Y167.518 E332.68687
G0 F15000 X80.625 Y167.518
;MESH:NONMESH
G0 F300 X80.625 Y167.518 Z7.88
G0 F15000 X80.997 Y166.516
G0 X85.544 Y166.516
G0 X88.024 Y173.244
;TIME_ELAPSED:908.842628
;LAYER:64
;note -- min layer time used
;TYPE:WALL-INNER
;MESH:WheelAdapter_v11.stl
G1 F1625.8 X88.024 Y160.244 E332.9463
G1 X84.155 Y160.244 E333.02351
G1 X83.802 Y160.148 E333.03081
G1 X83.495 Y159.883 E333.0389
G1 X83.432 Y159.73 E333.0422
G1 X83.369 Y159.883 E333.04551
G1 X83.116 Y160.101 E333.05217
G1 X82.77 Y160.244 E333.05964
G1 X78.804 Y160.244 E333.13879
G1 X78.804 Y173.244 E333.39822
G1 X88.024 Y173.244 E333.58221
G0 F15000 X83.954 Y160.154
G0 X83.954 Y159.759
G1 F1625.8 X83.802 Y159.628 E333.58622
G1 F1555.8 X83.649 Y159.298 E333.5938
G1 F1498.4 X83.648 Y155.86 E333.66824
G1 F1505.4 X83.216 Y155.86 E333.67755
G1 F1498.4 X83.215 Y159.298 E333.75199
G1 F1555.8 X83.062 Y159.628 E333.75958
G1 F1625.8 X82.91 Y159.759 E333.76358
G1 X82.688 Y159.838 E333.76829
G1 X78.404 Y159.844 E333.85378
G1 X78.404 Y173.644 E334.12917
G1 X88.424 Y173.644 E334.32913
G1 X88.424 Y159.844 E334.60453
G1 X84.174 Y159.838 E334.68934
G1 X83.954 Y159.759 E334.694
G0 F15000 X84.224 Y159.441
;TYPE:WALL-OUTER
G1 F1625.8 X84.11 Y159.372 E334.69666
G1 X84.064 Y159.262 E334.69904
G1 X84.064 Y155.444 E334.77524
G1 X82.8 Y155.444 E334.80046
G1 X82.8 Y159.262 E334.87665
G1 X82.754 Y159.372 E334.87903
G1 X82.634 Y159.442 E334.8818
G1 X78.004 Y159.444 E334.9742
G1 X78.004 Y174.044 E335.26556
G1 X88.824 Y174.044 E335.48148
G1 X88.824 Y159.444 E335.77284
G1 X84.224 Y159.441 E335.86464
G0 F15000 X84.224 Y160.154
G0 X86.877 Y160.324
;TYPE:FILL
G1 F1625.8 X87.944 Y161.391 E335.89475
G0 F15000 X87.943 Y161.017
G1 F1625.8 X78.884 Y163.444 E336.08191
G0 F15000 X78.884 Y163.645
G1 F1625.8 X81.903 Y166.664 E336.16711
G0 F15000 X81.903 Y166.444
G0 X85.544 Y166.516
G0 X85.396 Y166.733
G1 F1625.8 X87.114 Y160.324 E336.29953
G0 F15000 X87.943 Y169.299
G1 F1625.8 X85.396 Y169.982 E336.35215
G1 X85.396 Y170.157
G1 X87.944 Y172.705 E336.42406
G0 F15000 X85.544 Y173.072
G0 X81.086 Y173.072
G0 X81.013 Y171.097
G0 X81.233 Y171.097
G1 F1625.8 X78.884 Y171.727 E336.4726
G0 F15000 X81.086 Y173.072
G0 X85.544 Y173.072
G0 X85.356 Y172.884
;TYPE:SKIN
G1 F1625.8 X81.272 Y172.884 E336.5541
G1 X81.272 Y166.704 E336.67743
G1 X85.356 Y166.704 E336.75893
G1 X85.356 Y172.884 E336.88225
G0 F15000 X85.616 Y172.884
G0 X81.086 Y173.072
G0 X81.013 Y172.547
G0 X81.471 Y172.547
G1 F1625.8 X81.609 Y172.684 E336.88613
G0 F15000 X82.174 Y172.684
G1 F1625.8 X81.471 Y171.981 E336.90597
G0 F15000 X81.471 Y171.415
G1 F1625.8 X82.74 Y172.684 E336.94179
G0 F15000 X83.306 Y172.684
G1 F1625.8 X81.471 Y170.85 E336.99356
G0 F15000 X81.471 Y170.284
G1 F1625.8 X83.871 Y172.684 E337.0613
G0 F15000 X84.437 Y172.684
G1 F1625.8 X81.471 Y169.718 E337.145
G0 F15000 X81.471 Y169.153
G1 F1625.8 X85.003 Y172.684 E337.24467
G0 F15000 X85.155 Y172.271
G1 F1625.8 X81.471 Y168.587 E337.34864
G0 F15000 X81.471 Y168.021
G1 F1625.8 X85.155 Y171.705 E337.45261
G0 F15000 X85.155 Y171.14
G1 F1625.8 X81.471 Y167.456 E337.55658
G0 F15000 X81.486 Y166.904
G1 F1625.8 X85.155 Y170.574 E337.66014
G0 F15000 X85.155 Y170.008
G1 F1625.8 X82.051 Y166.904 E337.74774
G0 F15000 X82.617 Y166.904
G1 F1625.8 X85.155 Y169.443 E337.81939
G0 F15000 X85.155 Y168.877
G1 F1625.8 X83.183 Y166.904 E337.87505
G0 F15000 X83.748 Y166.904
G1 F1625.8 X85.155 Y168.311 E337.91476
G0 F15000 X85.155 Y167.746
G1 F1625.8 X84.314 Y166.904 E337.93851
G0 F15000 X84.88 Y166.904
G1 F1625.8 X85.155 Y167.18 E337.94629
G0 F15000 X85.916 Y167.18
;MESH:NONMESH
G0 F300 X85.916 Y167.18 Z8
G0 F15000 X87.956 Y173.244
;TIME_ELAPSED:923.195085
;LAYER:65
;note -- min layer time used
;TYPE:WALL-INNER
;MESH:WheelAdapter_v11.stl
G1 F1592.7 X87.956 Y160.244 E338.20572
G1 X83.774 Y160.241 E338.28917
G1 X83.43 Y160.137 E338.29634
G1 X83.072 Y160.242 E338.30379
G1 X78.876 Y160.244 E338.38752
G1 X78.876 Y173.244 E338.64695
G1 X87.956 Y173.244 E338.82815
G0 F15000 X88.356 Y173.644
G1 F1592.7 X88.356 Y159.844 E339.10355
G1 X83.788 Y159.84 E339.19471
G1 X83.543 Y159.752 E339.1999
G1 X83.43 Y159.565 E339.20426
G1 X83.317 Y159.752 E339.20862
G1 X83.042 Y159.843 E339.2144
G1 X78.476 Y159.844 E339.30552
G1 X78.476 Y173.644 E339.58092
G1 X88.356 Y173.644 E339.77808
G1 F1500 E333.27808
G0 F15000 X88.046 Y173.364
G0 X83.832 Y160.154
G0 X83.832 Y159.442
;TYPE:WALL-OUTER
G1 F1500 E339.77808
G1 F1592.7 X83.757 Y159.414 E339.77968
G1 F1524.1 X83.647 Y159.263 E339.78358
G1 F1464.5 X83.647 Y155.461 E339.86609
G1 F1467.9 X83.213 Y155.461 E339.87549
G1 F1464.5 X83.213 Y159.263 E339.958
G1 F1524.1 X83.103 Y159.414 E339.96189
G1 F1592.7 X83.012 Y159.444 E339.96381
G1 X78.076 Y159.444 E340.06231
G1 X78.076 Y174.044 E340.35367
G1 X88.756 Y174.044 E340.5668
G1 X88.756 Y159.444 E340.85816
G1 X83.832 Y159.442 E340.95642
G0 F15000 X83.832 Y160.154
G0 X86.995 Y160.323
;TYPE:FILL
G1 F1592.7 X87.876 Y161.205 E340.9813
G1 X87.876 Y161.122
G1 X78.956 Y163.512 E341.16559
G1 X78.956 Y163.598
G1 X82.022 Y166.664 E341.25212
G0 F15000 X82.022 Y166.444
G0 X85.328 Y166.444
G0 X85.328 Y166.664
G1 F1592.7 X87.027 Y160.323 E341.38312
G0 F15000 X87.876 Y169.404
G1 F1592.7 X85.396 Y170.069 E341.43436
G1 X85.396 Y170.038
G1 X87.876 Y172.518 E341.50435
G0 F15000 X85.544 Y173.072
G0 X81.225 Y173.072
G0 X81.152 Y171.147
G0 X81.372 Y171.147
G1 F1592.7 X78.956 Y171.794 E341.55426
G0 F15000 X81.225 Y173.072
G0 X85.544 Y173.072
G0 X85.356 Y172.884
;TYPE:SKIN
G1 F1592.7 X81.412 Y172.884 E341.63297
G1 X81.412 Y166.704 E341.7563
G1 X85.356 Y166.704 E341.83501
G1 X85.356 Y172.884 E341.95833
G0 F15000 X84.703 Y172.684
G1 F1592.7 X85.155 Y172.231 E341.97111
G0 F15000 X85.155 Y171.666
G1 F1592.7 X84.137 Y172.684 E341.99984
G0 F15000 X83.572 Y172.684
G1 F1592.7 X85.155 Y171.1 E342.04453
G0 F15000 X85.155 Y170.534
G1 F1592.7 X83.006 Y172.684 E342.10519
G0 F15000 X82.44 Y172.684
G1 F1592.7 X85.155 Y169.969 E342.18181
G0 F15000 X85.155 Y169.403
G1 F1592.7 X81.874 Y172.684 E342.27441
G0 F15000 X81.611 Y172.381
G1 F1592.7 X85.155 Y168.837 E342.37443
G0 F15000 X85.155 Y168.272
G1 F1592.7 X81.611 Y171.816 E342.47445
G0 F15000 X81.611 Y171.25
G1 F1592.7 X85.155 Y167.706 E342.57447
G0 F15000 X85.155 Y167.14
G1 F1592.7 X81.611 Y170.684 E342.67449
G0 F15000 X81.611 Y170.119
G1 F1592.7 X84.826 Y166.904 E342.76522
G0 F15000 X84.26 Y166.904
G1 F1592.7 X81.611 Y169.553 E342.83998
G0 F15000 X81.611 Y168.987
G1 F1592.7 X83.695 Y166.904 E342.89878
G0 F15000 X83.129 Y166.904
G1 F1592.7 X81.611 Y168.422 E342.94162
G0 F15000 X81.611 Y167.856
G1 F1592.7 X82.563 Y166.904 E342.96849
G0 F15000 X81.998 Y166.904
G1 F1592.7 X81.611 Y167.29 E342.9794
G0 F15000 X80.852 Y167.29
;MESH:NONMESH
G0 F300 X80.852 Y167.29 Z8.12
G0 F15000 X81.224 Y166.516
G0 X85.544 Y166.516
G0 X87.884 Y173.244
;TIME_ELAPSED:937.656489
;LAYER:66
;note -- min layer time used
;TYPE:WALL-INNER
;MESH:WheelAdapter_v11.stl
G1 F1457.3 X87.884 Y160.244 E343.23883
G1 X78.944 Y160.244 E343.41723
G1 X78.944 Y173.244 E343.67666
G1 X87.884 Y173.244 E343.85507
G0 F15000 X88.284 Y173.644
G1 F1457.3 X88.284 Y159.844 E344.13047
G1 X78.544 Y159.844 E344.32484
G1 X78.544 Y173.644 E344.60023
G1 X88.284 Y173.644 E344.7946
G0 F15000 X88.684 Y174.044
;TYPE:WALL-OUTER
G1 F1457.3 X88.684 Y159.444 E345.08596
G1 X78.144 Y159.444 E345.2963
G1 X78.144 Y174.044 E345.58766
G1 X88.684 Y174.044 E345.798
G0 F15000 X88.407 Y173.764
G0 X87.804 Y172.326
;TYPE:FILL
G1 F1457.3 X85.302 Y169.824 E345.86861
G0 F15000 X85.303 Y170.182
G1 F1457.3 X87.804 Y169.512 E345.92028
G0 F15000 X85.45 Y166.516
G0 X85.24 Y166.665
G1 F1457.3 X86.939 Y160.323 E346.0513
G1 X87.116 Y160.324
G1 X87.804 Y161.012 E346.07072
G0 F15000 X87.803 Y161.23
G1 F1457.3 X79.024 Y163.582 E346.25209
G1 X79.024 Y163.546
G1 X82.142 Y166.664 E346.34009
G0 F15000 X82.142 Y166.444
G0 X81.368 Y166.516
G0 X81.296 Y171.197
G0 X81.516 Y171.197
G1 F1457.3 X79.024 Y171.864 E346.39157
G0 F15000 X81.368 Y173.072
G0 X85.26 Y173.144
G0 X85.26 Y172.884
;TYPE:SKIN
G1 F1457.3 X81.556 Y172.884 E346.46549
G1 X81.556 Y166.704 E346.58881
G1 X85.26 Y166.704 E346.66273
G1 X85.26 Y172.884 E346.78606
G0 F15000 X85.26 Y173.144
G0 X82.174 Y173.144
G0 X82.174 Y172.684
G1 F1457.3 X81.756 Y172.265 E346.79787
G0 F15000 X81.756 Y171.7
G1 F1457.3 X82.74 Y172.684 E346.82564
G0 F15000 X83.306 Y172.684
G1 F1457.3 X81.756 Y171.134 E346.86939
G0 F15000 X81.756 Y170.568
G1 F1457.3 X83.871 Y172.684 E346.92909
G0 F15000 X84.437 Y172.684
G1 F1457.3 X81.756 Y170.003 E347.00475
G0 F15000 X81.756 Y169.437
G1 F1457.3 X85.003 Y172.684 E347.09639
G0 F15000 X85.06 Y172.176
G1 F1457.3 X81.756 Y168.871 E347.18965
G0 F15000 X81.756 Y168.306
G1 F1457.3 X85.06 Y171.61 E347.2829
G0 F15000 X85.06 Y171.044
G1 F1457.3 X81.756 Y167.74 E347.37614
G0 F15000 X81.756 Y167.174
G1 F1457.3 X85.06 Y170.478 E347.46939
G0 F15000 X85.06 Y169.913
G1 F1457.3 X82.051 Y166.904 E347.55431
G0 F15000 X82.617 Y166.904
G1 F1457.3 X85.06 Y169.347 E347.62326
G0 F15000 X85.06 Y168.781
G1 F1457.3 X83.183 Y166.904 E347.67623
G0 F15000 X83.748 Y166.904
G1 F1457.3 X85.06 Y168.216 E347.71326
G0 F15000 X85.06 Y167.65
G1 F1457.3 X84.314 Y166.904 E347.73431
G0 F15000 X84.88 Y166.904
G1 F1457.3 X85.06 Y167.084 E347.73939
G0 F15000 X85.822 Y167.084
;MESH:NONMESH
G0 F300 X85.822 Y167.084 Z8.24
G0 F15000 X87.816 Y173.244
;TIME_ELAPSED:950.865960
;LAYER:67
;note -- min layer time used
;TYPE:WALL-INNER
;MESH:WheelAdapter_v11.stl
G1 F1405.8 X87.816 Y160.244 E347.99882
G1 X79.012 Y160.244 E348.17451
G1 X79.012 Y173.244 E348.43394
G1 X87.816 Y173.244 E348.60964
G0 F15000 X88.216 Y173.644
G1 F1405.8 X88.216 Y159.844 E348.88503
G1 X78.612 Y159.844 E349.07669
G1 X78.612 Y173.644 E349.35208
G1 X88.216 Y173.644 E349.54374
G0 F15000 X88.616 Y174.044
;TYPE:WALL-OUTER
G1 F1405.8 X88.616 Y159.444 E349.8351
G1 X78.212 Y159.444 E350.04272
G1 X78.212 Y174.044 E350.33408
G1 X88.616 Y174.044 E350.5417
G0 F15000 X88.338 Y173.764
G0 X87.736 Y172.138
;TYPE:FILL
G1 F1405.8 X85.093 Y169.494 E350.61631
G0 F15000 X85.093 Y170.326
G1 F1405.8 X87.735 Y169.618 E350.67089
G0 F15000 X85.313 Y166.883
G0 X85.093 Y166.883
G1 F1405.8 X86.851 Y160.323 E350.80642
G0 F15000 X87.236 Y160.324
G1 F1405.8 X87.736 Y160.824 E350.82054
G0 F15000 X87.736 Y161.336
G1 F1405.8 X79.092 Y163.652 E350.99912
G1 X79.092 Y163.494
G1 X82.262 Y166.664 E351.08858
G0 F15000 X82.262 Y166.444
G0 X81.609 Y166.516
G0 X81.537 Y171.22
G0 X81.757 Y171.22
G1 F1405.8 X79.093 Y171.934 E351.14362
G0 F15000 X81.609 Y173.072
G0 X85.052 Y173.144
G0 X85.052 Y172.884
;TYPE:SKIN
G1 F1405.8 X81.796 Y172.884 E351.2086
G1 X81.796 Y166.704 E351.33193
G1 X85.052 Y166.704 E351.39691
G1 X85.052 Y172.884 E351.52024
G0 F15000 X84.703 Y172.684
G1 F1405.8 X84.851 Y172.535 E351.52443
G0 F15000 X84.851 Y171.97
G1 F1405.8 X84.137 Y172.684 E351.54458
G0 F15000 X83.572 Y172.684
G1 F1405.8 X84.851 Y171.404 E351.58069
G0 F15000 X84.851 Y170.838
G1 F1405.8 X83.006 Y172.684 E351.63277
G0 F15000 X82.44 Y172.684
G1 F1405.8 X84.851 Y170.273 E351.70081
G0 F15000 X84.851 Y169.707
G1 F1405.8 X81.996 Y172.562 E351.78139
G0 F15000 X81.996 Y171.997
G1 F1405.8 X84.851 Y169.141 E351.86198
G0 F15000 X84.851 Y168.576
G1 F1405.8 X81.996 Y171.431 E351.94255
G0 F15000 X81.996 Y170.865
G1 F1405.8 X84.851 Y168.01 E352.02313
G0 F15000 X84.851 Y167.444
G1 F1405.8 X81.996 Y170.3 E352.10371
G0 F15000 X81.996 Y169.734
G1 F1405.8 X84.826 Y166.904 E352.18358
G0 F15000 X84.26 Y166.904
G1 F1405.8 X81.996 Y169.168 E352.24748
G0 F15000 X81.996 Y168.603
G1 F1405.8 X83.695 Y166.904 E352.29543
G0 F15000 X83.129 Y166.904
G1 F1405.8 X81.996 Y168.037 E352.3274
G0 F15000 X81.996 Y167.471
G1 F1405.8 X82.563 Y166.904 E352.34341
G0 F15000 X82.563 Y166.144
;MESH:NONMESH
G0 F300 X82.563 Y166.144 Z8.36
G0 F15000 X85.241 Y166.516
G0 X87.748 Y173.244
;TIME_ELAPSED:964.002462
;LAYER:68
;note -- min layer time used
;TYPE:WALL-INNER
;MESH:WheelAdapter_v11.stl
G1 F1105.8 X87.748 Y160.244 E352.60283
G1 X79.084 Y160.244 E352.77573
G1 X79.084 Y173.244 E353.03516
G1 X87.748 Y173.244 E353.20806
G0 F15000 X88.148 Y173.644
G1 F1105.8 X88.148 Y159.844 E353.48346
G1 X78.684 Y159.844 E353.67232
G1 X78.684 Y173.644 E353.94771
G1 X88.148 Y173.644 E354.13658
G0 F15000 X88.548 Y174.044
;TYPE:WALL-OUTER
G1 F1105.8 X88.548 Y159.444 E354.42794
G1 X78.284 Y159.444 E354.63277
G1 X78.284 Y174.044 E354.92413
G1 X88.548 Y174.044 E355.12895
G0 F15000 X88.268 Y173.764
G0 X87.668 Y171.949
;TYPE:FILL
G1 F1105.8 X79.164 Y163.446 E355.36894
G0 F15000 X79.164 Y163.72
G1 F1105.8 X87.667 Y161.442 E355.54461
G0 F15000 X87.668 Y160.636
G1 F1105.8 X87.357 Y160.324 E355.5534
G0 F15000 X86.763 Y160.324
G1 F1105.8 X83.322 Y173.164 E355.81868
G0 F15000 X79.164 Y172.003
G1 F1105.8 X87.668 Y169.724 E355.99438
G0 F15000 X87.538 Y169.724
;MESH:NONMESH
G0 F300 X87.538 Y169.724 Z8.48
G0 F15000 X87.676 Y173.244
;TIME_ELAPSED:974.979295
;LAYER:69
;note -- min layer time used
;TYPE:WALL-INNER
;MESH:WheelAdapter_v11.stl
G1 F1094.1 X87.676 Y160.244 E356.25381
G1 X79.152 Y160.244 E356.42391
G1 X79.152 Y173.244 E356.68334
G1 X87.676 Y173.244 E356.85345
G0 F15000 X88.076 Y173.644
G1 F1094.1 X88.076 Y159.844 E357.12884
G1 X78.752 Y159.844 E357.31491
G1 X78.752 Y173.644 E357.5903
G1 X88.076 Y173.644 E357.77637
G0 F15000 X88.476 Y174.044
;TYPE:WALL-OUTER
G1 F1094.1 X88.476 Y159.444 E358.06773
G1 X78.352 Y159.444 E358.26977
G1 X78.352 Y174.044 E358.56113
G1 X88.476 Y174.044 E358.76316
G0 F15000 X88.199 Y173.764
G0 X87.596 Y171.758
;TYPE:FILL
G1 F1094.1 X79.232 Y163.393 E358.99923
G0 F15000 X79.232 Y163.79
G1 F1094.1 X87.596 Y161.549 E359.17203
G0 F15000 X87.596 Y160.444
G1 F1094.1 X87.477 Y160.324 E359.1754
G0 F15000 X86.674 Y160.324
G1 F1094.1 X83.234 Y173.164 E359.44067
G0 F15000 X79.232 Y172.072
G1 F1094.1 X87.595 Y169.832 E359.61345
G0 F15000 X87.469 Y169.832
;MESH:NONMESH
G0 F300 X87.469 Y169.832 Z8.6
G0 F15000 X87.608 Y173.244
;TIME_ELAPSED:985.996307
;LAYER:70
;note -- min layer time used
;TYPE:WALL-INNER
;MESH:WheelAdapter_v11.stl
G1 F1085.2 X87.608 Y160.244 E359.87288
G1 X79.22 Y160.244 E360.04027
G1 X79.22 Y173.244 E360.2997
G1 X87.608 Y173.244 E360.46709
G0 F15000 X88.008 Y173.644
G1 F1085.2 X88.008 Y159.844 E360.74248
G1 X78.82 Y159.844 E360.92584
G1 X78.82 Y173.644 E361.20123
G1 X88.008 Y173.644 E361.38459
G0 F15000 X88.408 Y174.044
;TYPE:WALL-OUTER
G1 F1085.2 X88.408 Y159.444 E361.67595
G1 X78.42 Y159.444 E361.87527
G1 X78.42 Y174.044 E362.16663
G1 X88.408 Y174.044 E362.36595
G0 F15000 X88.13 Y173.764
G0 X87.528 Y171.569
;TYPE:FILL
G1 F1085.2 X79.3 Y163.341 E362.59816
G0 F15000 X79.3 Y163.86
G1 F1085.2 X87.528 Y161.655 E362.76816
G0 F15000 X86.587 Y160.323
G1 F1085.2 X83.146 Y173.164 E363.03345
G0 F15000 X79.301 Y172.142
G1 F1085.2 X87.528 Y169.938 E363.20342
G0 F15000 X87.4 Y169.938
;MESH:NONMESH
G0 F300 X87.4 Y169.938 Z8.72
G0 F15000 X87.54 Y173.244
;TIME_ELAPSED:996.959907
;LAYER:71
;note -- min layer time used
;TYPE:WALL-INNER
;MESH:WheelAdapter_v11.stl
G1 F1077.2 X87.54 Y160.244 E363.46285
G1 X79.292 Y160.244 E363.62745
G1 X79.292 Y173.244 E363.88688
G1 X87.54 Y173.244 E364.05147
G0 F15000 X87.94 Y173.644
G1 F1077.2 X87.94 Y159.844 E364.32687
G1 X78.892 Y159.844 E364.50743
G1 X78.892 Y173.644 E364.78282
G1 X87.94 Y173.644 E364.96339
G0 F15000 X88.34 Y174.044
;TYPE:WALL-OUTER
G1 F1077.2 X88.34 Y159.444 E365.25475
G1 X78.492 Y159.444 E365.45127
G1 X78.492 Y174.044 E365.74263
G1 X88.34 Y174.044 E365.93916
G0 F15000 X88.06 Y173.764
G0 X87.46 Y171.382
;TYPE:FILL
G1 F1077.2 X79.372 Y163.294 E366.16742
G0 F15000 X79.373 Y163.927
G1 F1077.2 X87.46 Y161.761 E366.33449
G0 F15000 X86.5 Y160.324
G1 F1077.2 X83.059 Y173.165 E366.59979
G0 F15000 X79.373 Y172.21
G1 F1077.2 X87.459 Y170.043 E366.76685
G0 F15000 X87.33 Y170.043
;MESH:NONMESH
G0 F300 X87.33 Y170.043 Z8.84
G0 F15000 X87.468 Y173.244
;TIME_ELAPSED:1007.928616
;LAYER:72
;note -- min layer time used
;TYPE:WALL-INNER
;MESH:WheelAdapter_v11.stl
G1 F1069.3 X87.468 Y160.244 E367.02628
G1 X79.36 Y160.244 E367.18808
G1 X79.36 Y173.244 E367.44751
G1 X87.468 Y173.244 E367.60932
G0 F15000 X87.868 Y173.644
G1 F1069.3 X87.868 Y159.844 E367.88471
G1 X78.96 Y159.844 E368.06248
G1 X78.96 Y173.644 E368.33787
G1 X87.868 Y173.644 E368.51564
G0 F15000 X88.268 Y174.044
;TYPE:WALL-OUTER
G1 F1069.3 X88.268 Y159.444 E368.807
G1 X78.56 Y159.444 E369.00073
G1 X78.56 Y174.044 E369.29209
G1 X88.268 Y174.044 E369.48583
G0 F15000 X87.991 Y173.764
G0 X87.388 Y171.19
;TYPE:FILL
G1 F1069.3 X79.44 Y163.242 E369.71014
G0 F15000 X79.441 Y163.997
G1 F1069.3 X87.387 Y161.868 E369.8743
G0 F15000 X86.412 Y160.323
G1 F1069.3 X82.971 Y173.165 E370.13962
G0 F15000 X79.44 Y172.28
G1 F1069.3 X87.387 Y170.15 E370.3038
G0 F15000 X87.261 Y170.15
;MESH:NONMESH
G0 F300 X87.261 Y170.15 Z8.96
G0 F15000 X87.4 Y173.244
;TIME_ELAPSED:1018.901143
;LAYER:73
;note -- min layer time used
;TYPE:WALL-INNER
;MESH:WheelAdapter_v11.stl
G1 F1061.6 X87.4 Y160.244 E370.56323
G1 X79.428 Y160.244 E370.72232
G1 X79.428 Y173.244 E370.98175
G1 X87.4 Y173.244 E371.14084
G0 F15000 X87.8 Y173.644
G1 F1061.6 X87.8 Y159.844 E371.41624
G1 X79.028 Y159.844 E371.59129
G1 X79.028 Y173.644 E371.86669
G1 X87.8 Y173.644 E372.04174
G0 F15000 X88.2 Y174.044
;TYPE:WALL-OUTER
G1 F1061.6 X88.2 Y159.444 E372.3331
G1 X78.628 Y159.444 E372.52412
G1 X78.628 Y174.044 E372.81548
G1 X88.2 Y174.044 E373.0065
G0 F15000 X87.922 Y173.764
G0 X87.32 Y171.002
;TYPE:FILL
G1 F1061.6 X79.508 Y163.19 E373.22697
G0 F15000 X79.509 Y164.067
G1 F1061.6 X87.319 Y161.974 E373.38833
G0 F15000 X86.323 Y160.324
G1 F1061.6 X82.883 Y173.164 E373.6536
G0 F15000 X79.508 Y172.349
G1 F1061.6 X87.32 Y170.256 E373.81499
G0 F15000 X87.192 Y170.256
;MESH:NONMESH
G0 F300 X87.192 Y170.256 Z9.08
G0 F15000 X87.332 Y173.244
;TIME_ELAPSED:1029.877635
;LAYER:74
;note -- min layer time used
;TYPE:WALL-INNER
;MESH:WheelAdapter_v11.stl
G1 F1053.8 X87.332 Y160.244 E374.07442
G1 X79.496 Y160.244 E374.2308
G1 X79.496 Y173.244 E374.49023
G1 X87.332 Y173.244 E374.6466
G0 F15000 X87.732 Y173.644
G1 F1053.8 X87.732 Y159.844 E374.922
G1 X79.096 Y159.844 E375.09434
G1 X79.096 Y173.644 E375.36973
G1 X87.732 Y173.644 E375.54207
G0 F15000 X88.132 Y174.044
;TYPE:WALL-OUTER
G1 F1053.8 X88.132 Y159.444 E375.83343
G1 X78.696 Y159.444 E376.02174
G1 X78.696 Y174.044 E376.3131
G1 X88.132 Y174.044 E376.5014
G0 F15000 X87.853 Y173.764
G0 X87.252 Y170.814
;TYPE:FILL
G1 F1053.8 X79.576 Y163.137 E376.71805
G0 F15000 X79.576 Y164.137
G1 F1053.8 X87.252 Y162.08 E376.87664
G0 F15000 X86.235 Y160.324
G1 F1053.8 X82.795 Y173.164 E377.14191
G0 F15000 X79.576 Y172.419
G1 F1053.8 X87.252 Y170.362 E377.3005
G0 F15000 X87.123 Y170.362
;MESH:NONMESH
G0 F300 X87.123 Y170.362 Z9.2
G0 F15000 X87.26 Y173.244
;TIME_ELAPSED:1040.857342
;LAYER:75
;note -- min layer time used
;TYPE:WALL-INNER
;MESH:WheelAdapter_v11.stl
G1 F1045.7 X87.26 Y160.244 E377.55993
G1 X79.568 Y160.244 E377.71343
G1 X79.568 Y173.244 E377.97286
G1 X87.26 Y173.244 E378.12636
G0 F15000 X87.66 Y173.644
G1 F1045.7 X87.66 Y159.844 E378.40175
G1 X79.168 Y159.844 E378.57122
G1 X79.168 Y173.644 E378.84661
G1 X87.66 Y173.644 E379.01608
G0 F15000 X88.06 Y174.044
;TYPE:WALL-OUTER
G1 F1045.7 X88.06 Y159.444 E379.30744
G1 X78.768 Y159.444 E379.49287
G1 X78.768 Y174.044 E379.78423
G1 X88.06 Y174.044 E379.96966
G0 F15000 X87.783 Y173.764
G0 X87.18 Y170.621
;TYPE:FILL
G1 F1045.7 X79.648 Y163.089 E380.18223
G0 F15000 X79.648 Y164.206
G1 F1045.7 X87.18 Y162.188 E380.33784
G0 F15000 X86.148 Y160.324
G1 F1045.7 X82.707 Y173.165 E380.60314
G0 F15000 X79.648 Y172.488
G1 F1045.7 X87.179 Y170.47 E380.75873
G0 F15000 X87.053 Y170.47
;MESH:NONMESH
G0 F300 X87.053 Y170.47 Z9.32
G0 F15000 X87.192 Y173.244
;TIME_ELAPSED:1051.838418
;LAYER:76
;note -- min layer time used
;TYPE:WALL-INNER
;MESH:WheelAdapter_v11.stl
G1 F1037.9 X87.192 Y160.244 E381.01816
G1 X79.636 Y160.244 E381.16895
G1 X79.636 Y173.244 E381.42838
G1 X87.192 Y173.244 E381.57916
G0 F15000 X87.592 Y173.644
G1 F1037.9 X87.592 Y159.844 E381.85456
G1 X79.236 Y159.844 E382.02131
G1 X79.236 Y173.644 E382.29671
G1 X87.592 Y173.644 E382.46346
G0 F15000 X87.992 Y174.044
;TYPE:WALL-OUTER
G1 F1037.9 X87.992 Y159.444 E382.75482
G1 X78.836 Y159.444 E382.93754
G1 X78.836 Y174.044 E383.22889
G1 X87.992 Y174.044 E383.41161
G0 F15000 X87.714 Y173.764
G0 X87.112 Y170.576
;TYPE:FILL
G1 F1037.9 X79.717 Y172.557 E383.56439
G0 F15000 X82.619 Y173.165
G1 F1037.9 X86.06 Y160.324 E383.82969
G0 F15000 X87.112 Y162.294
G1 F1037.9 X79.717 Y164.275 E383.98247
G0 F15000 X79.716 Y163.037
G1 F1037.9 X87.112 Y170.433 E384.1912
G0 F15000 X86.984 Y170.433
;MESH:NONMESH
G0 F300 X86.984 Y170.433 Z9.44
G0 F15000 X87.124 Y173.244
;TIME_ELAPSED:1062.823594
;LAYER:77
;note -- min layer time used
;TYPE:WALL-INNER
;MESH:WheelAdapter_v11.stl
G1 F1030.1 X87.124 Y160.244 E384.45063
G1 X79.704 Y160.244 E384.5987
G1 X79.704 Y173.244 E384.85813
G1 X87.124 Y173.244 E385.0062
G0 F15000 X87.524 Y173.644
G1 F1030.1 X87.524 Y159.844 E385.2816
G1 X79.304 Y159.844 E385.44564
G1 X79.304 Y173.644 E385.72103
G1 X87.524 Y173.644 E385.88507
G0 F15000 X87.924 Y174.044
;TYPE:WALL-OUTER
G1 F1030.1 X87.924 Y159.444 E386.17643
G1 X78.904 Y159.444 E386.35643
G1 X78.904 Y174.044 E386.64779
G1 X87.924 Y174.044 E386.82779
G0 F15000 X87.645 Y173.764
G0 X87.044 Y170.682
;TYPE:FILL
G1 F1030.1 X79.784 Y172.628 E386.97779
G0 F15000 X82.531 Y173.165
G1 F1030.1 X85.972 Y160.323 E387.24311
G0 F15000 X87.043 Y162.4
G1 F1030.1 X79.785 Y164.345 E387.39306
G0 F15000 X79.784 Y162.985
G1 F1030.1 X87.044 Y170.245 E387.59795
G0 F15000 X86.915 Y170.245
;MESH:NONMESH
G0 F300 X86.915 Y170.245 Z9.56
G0 F15000 X87.052 Y173.244
;TIME_ELAPSED:1073.811142
;LAYER:78
;note -- min layer time used
;TYPE:WALL-INNER
;MESH:WheelAdapter_v11.stl
G1 F1021.9 X87.052 Y160.244 E387.85738
G1 X79.776 Y160.244 E388.00258
G1 X79.776 Y173.244 E388.26201
G1 X87.052 Y173.244 E388.40721
G0 F15000 X87.452 Y173.644
G1 F1021.9 X87.452 Y159.844 E388.6826
G1 X79.376 Y159.844 E388.84377
G1 X79.376 Y173.644 E389.11916
G1 X87.452 Y173.644 E389.28033
G0 F15000 X87.852 Y174.044
;TYPE:WALL-OUTER
G1 F1021.9 X87.852 Y159.444 E389.57169
G1 X78.976 Y159.444 E389.74882
G1 X78.976 Y174.044 E390.04018
G1 X87.852 Y174.044 E390.21731
G0 F15000 X87.575 Y173.764
G0 X86.972 Y170.789
;TYPE:FILL
G1 F1021.9 X79.857 Y172.695 E390.3643
G0 F15000 X82.444 Y173.164
G1 F1021.9 X85.885 Y160.323 E390.6296
G0 F15000 X86.972 Y162.506
G1 F1021.9 X79.856 Y164.413 E390.77662
G0 F15000 X79.856 Y162.938
G1 F1021.9 X86.972 Y170.054 E390.97745
G0 F15000 X86.845 Y170.054
;MESH:NONMESH
G0 F300 X86.845 Y170.054 Z9.68
G0 F15000 X86.984 Y173.244
;TIME_ELAPSED:1084.798796
;LAYER:79
;note -- min layer time used
;TYPE:WALL-INNER
;MESH:WheelAdapter_v11.stl
G1 F1014.2 X86.984 Y160.244 E391.23687
G1 X79.844 Y160.244 E391.37936
G1 X79.844 Y173.244 E391.63879
G1 X86.984 Y173.244 E391.78128
G0 F15000 X87.384 Y173.644
G1 F1014.2 X87.384 Y159.844 E392.05667
G1 X79.444 Y159.844 E392.21512
G1 X79.444 Y173.644 E392.49052
G1 X87.384 Y173.644 E392.64897
G0 F15000 X87.784 Y174.044
;TYPE:WALL-OUTER
G1 F1014.2 X87.784 Y159.444 E392.94033
G1 X79.044 Y159.444 E393.11474
G1 X79.044 Y174.044 E393.4061
G1 X87.784 Y174.044 E393.58052
G0 F15000 X87.506 Y173.764
G0 X86.904 Y170.895
;TYPE:FILL
G1 F1014.2 X79.925 Y172.765 E393.7247
G0 F15000 X82.356 Y173.165
G1 F1014.2 X85.797 Y160.324 E393.99
G0 F15000 X86.903 Y162.613
G1 F1014.2 X79.925 Y164.483 E394.13417
G0 F15000 X79.924 Y162.886
G1 F1014.2 X86.904 Y169.866 E394.33116
G0 F15000 X86.776 Y169.866
;MESH:NONMESH
G0 F300 X86.776 Y169.866 Z9.8
G0 F15000 X86.916 Y173.244
;TIME_ELAPSED:1095.787131
;LAYER:80
;note -- min layer time used
;TYPE:WALL-INNER
;MESH:WheelAdapter_v11.stl
G1 F1006.5 X86.916 Y160.244 E394.59059
G1 X79.912 Y160.244 E394.73036
G1 X79.912 Y173.244 E394.98979
G1 X86.916 Y173.244 E395.12956
G0 F15000 X87.316 Y173.644
G1 F1006.5 X87.316 Y159.844 E395.40495
G1 X79.512 Y159.844 E395.56069
G1 X79.512 Y173.644 E395.83609
G1 X87.316 Y173.644 E395.99182
G0 F15000 X87.716 Y174.044
;TYPE:WALL-OUTER
G1 F1006.5 X87.716 Y159.444 E396.28318
G1 X79.112 Y159.444 E396.45488
G1 X79.112 Y174.044 E396.74624
G1 X87.716 Y174.044 E396.91794
G0 F15000 X87.437 Y173.764
G0 X86.835 Y171.001
;TYPE:FILL
G1 F1006.5 X79.993 Y172.835 E397.0593
G0 F15000 X82.268 Y173.164
G1 F1006.5 X85.709 Y160.323 E397.3246
G0 F15000 X86.836 Y162.719
G1 F1006.5 X79.992 Y164.553 E397.466
G0 F15000 X79.991 Y162.833
G1 F1006.5 X86.836 Y169.678 E397.65918
G0 F15000 X86.707 Y169.678
;MESH:NONMESH
G0 F300 X86.707 Y169.678 Z9.92
G0 F15000 X86.844 Y173.244
;TIME_ELAPSED:1106.775718
;LAYER:81
;note -- min layer time used
;TYPE:WALL-INNER
;MESH:WheelAdapter_v11.stl
G1 F998.3 X86.844 Y160.244 E397.91861
G1 X79.984 Y160.244 E398.05551
G1 X79.984 Y173.244 E398.31494
G1 X86.844 Y173.244 E398.45184
G0 F15000 X87.244 Y173.644
G1 F998.3 X87.244 Y159.844 E398.72723
G1 X79.584 Y159.844 E398.88009
G1 X79.584 Y173.644 E399.15549
G1 X87.244 Y173.644 E399.30835
G0 F15000 X87.644 Y174.044
;TYPE:WALL-OUTER
G1 F998.3 X87.644 Y159.444 E399.59971
G1 X79.184 Y159.444 E399.76854
G1 X79.184 Y174.044 E400.0599
G1 X87.644 Y174.044 E400.22873
G0 F15000 X87.367 Y173.764
G0 X86.763 Y171.108
;TYPE:FILL
G1 F998.3 X80.065 Y172.903 E400.36711
G0 F15000 X82.18 Y173.164
G1 F998.3 X85.621 Y160.323 E400.63241
G0 F15000 X86.764 Y162.826
G1 F998.3 X80.064 Y164.621 E400.77083
G0 F15000 X80.064 Y162.785
G1 F998.3 X86.764 Y169.486 E400.95993
G0 F15000 X86.637 Y169.486
;MESH:NONMESH
G0 F300 X86.637 Y169.486 Z10.04
G0 F15000 X86.776 Y173.244
;TIME_ELAPSED:1117.762985
;LAYER:82
;note -- min layer time used
;TYPE:WALL-INNER
;MESH:WheelAdapter_v11.stl
G1 F990.5 X86.776 Y160.244 E401.21936
G1 X80.052 Y160.244 E401.35354
G1 X80.052 Y173.244 E401.61297
G1 X86.776 Y173.244 E401.74716
G0 F15000 X87.176 Y173.644
G1 F990.5 X87.176 Y159.844 E402.02255
G1 X79.652 Y159.844 E402.1727
G1 X79.652 Y173.644 E402.44809
G1 X87.176 Y173.644 E402.59824
G0 F15000 X87.576 Y174.044
;TYPE:WALL-OUTER
G1 F990.5 X87.576 Y159.444 E402.8896
G1 X79.252 Y159.444 E403.05572
G1 X79.252 Y174.044 E403.34708
G1 X87.576 Y174.044 E403.51319
G0 F15000 X87.298 Y173.764
G0 X86.696 Y171.215
;TYPE:FILL
G1 F990.5 X80.132 Y172.973 E403.6488
G0 F15000 X82.092 Y173.164
G1 F990.5 X85.533 Y160.323 E403.9141
G0 F15000 X86.696 Y162.932
G1 F990.5 X80.133 Y164.691 E404.04969
G0 F15000 X80.131 Y162.733
G1 F990.5 X86.696 Y169.298 E404.23497
G0 F15000 X86.568 Y169.298
;MESH:NONMESH
G0 F300 X86.568 Y169.298 Z10.16
G0 F15000 X86.708 Y173.244
;TIME_ELAPSED:1128.749488
;LAYER:83
;note -- min layer time used
;TYPE:WALL-INNER
;MESH:WheelAdapter_v11.stl
G1 F982.8 X86.708 Y160.244 E404.4944
G1 X80.12 Y160.244 E404.62587
G1 X80.12 Y173.244 E404.8853
G1 X86.708 Y173.244 E405.01677
G0 F15000 X87.108 Y173.644
G1 F982.8 X87.108 Y159.844 E405.29216
G1 X79.72 Y159.844 E405.4396
G1 X79.72 Y173.644 E405.71499
G1 X87.108 Y173.644 E405.86243
G0 F15000 X87.508 Y174.044
;TYPE:WALL-OUTER
G1 F982.8 X87.508 Y159.444 E406.15379
G1 X79.32 Y159.444 E406.31719
G1 X79.32 Y174.044 E406.60854
G1 X87.508 Y174.044 E406.77194
G0 F15000 X87.229 Y173.764
G0 X86.628 Y171.321
;TYPE:FILL
G1 F982.8 X80.201 Y173.043 E406.90473
G0 F15000 X82.004 Y173.165
G1 F982.8 X85.445 Y160.324 E407.17002
G0 F15000 X86.627 Y163.039
G1 F982.8 X80.2 Y164.761 E407.3028
G0 F15000 X80.2 Y162.681
G1 F982.8 X86.628 Y169.11 E407.48423
G0 F15000 X86.499 Y169.11
;MESH:NONMESH
G0 F300 X86.499 Y169.11 Z10.28
G0 F15000 X86.64 Y173.244
;TIME_ELAPSED:1139.734721
;LAYER:84
;note -- min layer time used
;TYPE:WALL-INNER
;MESH:WheelAdapter_v11.stl
G1 F974.8 X86.64 Y160.244 E407.74366
G1 X80.192 Y160.244 E407.87234
G1 X80.192 Y173.244 E408.13177
G1 X86.64 Y173.244 E408.26044
G0 F15000 X87.04 Y173.644
G1 F974.8 X87.04 Y159.844 E408.53584
G1 X79.792 Y159.844 E408.68048
G1 X79.792 Y173.644 E408.95587
G1 X87.04 Y173.644 E409.10051
G0 F15000 X87.44 Y174.044
;TYPE:WALL-OUTER
G1 F974.8 X87.44 Y159.444 E409.39187
G1 X79.392 Y159.444 E409.55248
G1 X79.392 Y174.044 E409.84384
G1 X87.44 Y174.044 E410.00444
G0 F15000 X87.16 Y173.764
G0 X86.559 Y171.427
;TYPE:FILL
G1 F974.8 X80.273 Y173.112 E410.13432
G0 F15000 X81.916 Y173.165
G1 F974.8 X85.357 Y160.324 E410.39961
G0 F15000 X86.559 Y163.145
G1 F974.8 X80.273 Y164.829 E410.52948
G0 F15000 X80.271 Y162.632
G1 F974.8 X86.56 Y168.921 E410.70697
G0 F15000 X86.43 Y168.921
;MESH:NONMESH
G0 F300 X86.43 Y168.921 Z10.4
G0 F15000 X86.568 Y173.244
;TIME_ELAPSED:1150.717921
;LAYER:85
;note -- min layer time used
;TYPE:WALL-INNER
;MESH:WheelAdapter_v11.stl
G1 F966.5 X86.568 Y160.244 E410.9664
G1 X80.26 Y160.244 E411.09228
G1 X80.26 Y173.244 E411.35171
G1 X86.568 Y173.244 E411.47759
G0 F15000 X86.968 Y173.644
G1 F966.5 X86.968 Y159.844 E411.75299
G1 X79.86 Y159.844 E411.89484
G1 X79.86 Y173.644 E412.17023
G1 X86.968 Y173.644 E412.31208
G0 F15000 X87.368 Y174.044
;TYPE:WALL-OUTER
G1 F966.5 X87.368 Y159.444 E412.60344
G1 X79.46 Y159.444 E412.76125
G1 X79.46 Y174.044 E413.05261
G1 X87.368 Y174.044 E413.21042
G0 F15000 X87.09 Y173.764
G0 X86.488 Y171.533
;TYPE:FILL
G1 F966.5 X80.401 Y173.164 E413.33618
G0 F15000 X81.829 Y173.164
G1 F966.5 X85.27 Y160.323 E413.60148
G0 F15000 X86.487 Y163.251
G1 F966.5 X80.34 Y164.898 E413.72847
G0 F15000 X80.34 Y162.582
G1 F966.5 X86.488 Y168.731 E413.902
G0 F15000 X86.36 Y168.731
;MESH:NONMESH
G0 F300 X86.36 Y168.731 Z10.52
G0 F15000 X86.5 Y173.244
;TIME_ELAPSED:1161.696167
;LAYER:86
;note -- min layer time used
;TYPE:WALL-INNER
;MESH:WheelAdapter_v11.stl
G1 F957 X86.5 Y160.244 E414.16143
G1 X80.328 Y160.244 E414.2846
G1 X80.328 Y173.244 E414.54402
G1 X86.5 Y173.244 E414.66719
G0 F15000 X86.9 Y173.644
G1 F957 X86.9 Y159.844 E414.94259
G1 X79.928 Y159.844 E415.08172
G1 X79.928 Y173.644 E415.35711
G1 X86.9 Y173.644 E415.49625
G0 F15000 X87.3 Y174.044
;TYPE:WALL-OUTER
G1 F957 X87.3 Y159.444 E415.78761
G1 X79.528 Y159.444 E415.94271
G1 X79.528 Y174.044 E416.23406
G1 X87.3 Y174.044 E416.38916
G0 F15000 X87.021 Y173.764
G0 X86.419 Y171.64
;TYPE:FILL
G1 F957 X80.728 Y173.164 E416.50674
G0 F15000 X81.741 Y173.164
G1 F957 X85.182 Y160.324 E416.77201
G0 F15000 X86.419 Y163.357
G1 F957 X80.409 Y164.968 E416.89618
G0 F15000 X80.408 Y162.53
G1 F957 X86.42 Y168.542 E417.06585
G0 F15000 X86.291 Y168.542
;MESH:NONMESH
G0 F300 X86.291 Y168.542 Z10.64
G0 F15000 X86.432 Y173.244
;TIME_ELAPSED:1172.661439
;LAYER:87
;note -- min layer time used
;TYPE:WALL-INNER
;MESH:WheelAdapter_v11.stl
G1 F947.4 X86.432 Y160.244 E417.32528
G1 X80.4 Y160.244 E417.44566
G1 X80.4 Y173.244 E417.70509
G1 X86.432 Y173.244 E417.82546
G0 F15000 X86.832 Y173.644
G1 F947.4 X86.832 Y159.844 E418.10086
G1 X80 Y159.844 E418.2372
G1 X80 Y173.644 E418.51259
G1 X86.832 Y173.644 E418.64893
G0 F15000 X87.232 Y174.044
;TYPE:WALL-OUTER
G1 F947.4 X87.232 Y159.444 E418.94029
G1 X79.6 Y159.444 E419.09259
G1 X79.6 Y174.044 E419.38395
G1 X87.232 Y174.044 E419.53626
G0 F15000 X86.952 Y173.764
G0 X86.351 Y171.746
;TYPE:FILL
G1 F947.4 X81.059 Y173.164 E419.64559
G0 F15000 X81.653 Y173.165
G1 F947.4 X85.094 Y160.324 E419.91089
G0 F15000 X86.352 Y163.463
G1 F947.4 X80.481 Y165.036 E420.03218
G0 F15000 X80.48 Y162.482
G1 F947.4 X86.353 Y168.354 E420.19792
G0 F15000 X86.222 Y168.354
;MESH:NONMESH
G0 F300 X86.222 Y168.354 Z10.76
G0 F15000 X86.36 Y173.244
;TIME_ELAPSED:1183.609715
;LAYER:88
;note -- min layer time used
;TYPE:WALL-INNER
;MESH:WheelAdapter_v11.stl
G1 F1286.1 X86.36 Y160.244 E420.45735
G1 X80.468 Y160.244 E420.57493
G1 X80.468 Y173.244 E420.83436
G1 X86.36 Y173.244 E420.95194
G0 F15000 X86.76 Y173.644
G1 F1286.1 X86.76 Y159.844 E421.22733
G1 X80.068 Y159.844 E421.36088
G1 X80.068 Y173.644 E421.63627
G1 X86.76 Y173.644 E421.76982
G0 F15000 X87.16 Y174.044
;TYPE:WALL-OUTER
G1 F1286.1 X87.16 Y159.444 E422.06118
G1 X79.668 Y159.444 E422.21069
G1 X79.668 Y174.044 E422.50205
G1 X87.16 Y174.044 E422.65156
G0 F15000 X86.882 Y173.764
G0 X86.16 Y172.581
;TYPE:FILL
G1 F1286.1 X84.59 Y172.307 E422.68336
G0 F15000 X85.6 Y172.036
G1 F1286.1 X82.8 Y172.786 E422.74121
G1 X82.8 Y168.552 E422.8257
G1 X82 Y171.537 E422.88737
G1 X82 Y173.001 E422.91659
G1 X82.8 Y172.786 E422.93312
G0 F15000 X82 Y173.001
G1 F1286.1 X81.386 Y173.164 E422.9458
G1 X81.565 Y173.164
G1 X81.6 Y173.033 E422.9485
G0 F15000 X81.2 Y173.044
G1 F1286.1 X81.2 Y164.931 E423.11041
G1 X81.2 Y164.932
G1 X81.6 Y164.824 E423.11868
G0 F15000 X80.548 Y165.106
G1 F1286.1 X81.2 Y164.932 E423.13214
G1 X81.2 Y163.082 E423.16906
G1 X80.548 Y162.429 E423.18748
G1 X80.668 Y162.4
G1 X84.449 Y162.4 E423.26293
G0 F15000 X84.556 Y162
G1 F1286.1 X80.668 Y162 E423.34052
G0 F15000 X80.668 Y161.6
G1 F1286.1 X84.663 Y161.6 E423.42024
G0 F15000 X84.877 Y160.8
G1 F1286.1 X80.668 Y160.8 E423.50424
G0 F15000 X81.2 Y163.082
G1 F1286.1 X85.6 Y167.48 E423.62839
G1 X85.6 Y167.483
G1 X85.6 Y163.753 E423.70283
G1 X86.279 Y163.571 E423.71685
G0 F15000 X85.6 Y163.753
G1 F1286.1 X81.6 Y164.824 E423.79949
G1 X81.6 Y173.033 E423.96331
G1 X82 Y171.537 E423.99421
G0 F15000 X82.8 Y168.552
G1 F1286.1 X85.006 Y160.323 E424.16423
G0 F15000 X85.2 Y160.444
G1 F1286.1 X85.2 Y163.86 E424.2324
G0 F15000 X85.6 Y163.753
G1 F1286.1 X85.6 Y160.444 E424.29843
G0 F15000 X86.28 Y168.162
G1 F1286.1 X85.6 Y167.483 E424.31761
G1 X85.6 Y172.036 E424.40847
G1 X86.28 Y171.853 E424.42252
G0 F15000 X86.152 Y171.853
;MESH:NONMESH
G0 F300 X86.152 Y171.853 Z10.88
G0 F15000 X86.292 Y173.244
;TIME_ELAPSED:1195.790561
;LAYER:89
;note -- min layer time used
;TYPE:WALL-INNER
;MESH:WheelAdapter_v11.stl
G1 F1781.2 X86.292 Y160.244 E424.68195
G1 X80.536 Y160.244 E424.79682
G1 X80.536 Y173.244 E425.05625
G1 X86.292 Y173.244 E425.17112
G0 F15000 X86.692 Y173.644
G1 F1781.2 X86.692 Y159.844 E425.44651
G1 X80.136 Y159.844 E425.57734
G1 X80.136 Y173.644 E425.85274
G1 X86.692 Y173.644 E425.98357
G0 F15000 X87.092 Y174.044
;TYPE:WALL-OUTER
G1 F1781.2 X87.092 Y159.444 E426.27493
G1 X79.736 Y159.444 E426.42172
G1 X79.736 Y174.044 E426.71308
G1 X87.092 Y174.044 E426.85988
G0 F15000 X86.813 Y173.764
G0 X86.192 Y172.884
G0 X85.932 Y172.884
;TYPE:SKIN
G1 F1781.2 X80.896 Y172.884 E426.96038
G1 X80.896 Y160.604 E427.20544
G1 X85.932 Y160.604 E427.30594
G1 X85.932 Y172.884 E427.551
G0 F15000 X85.269 Y172.684
G1 F1781.2 X85.732 Y172.221 E427.56407
G0 F15000 X85.732 Y171.655
G1 F1781.2 X84.703 Y172.684 E427.59311
G0 F15000 X84.137 Y172.684
G1 F1781.2 X85.732 Y171.089 E427.63812
G0 F15000 X85.732 Y170.524
G1 F1781.2 X83.572 Y172.684 E427.69908
G0 F15000 X83.006 Y172.684
G1 F1781.2 X85.732 Y169.958 E427.77601
G0 F15000 X85.732 Y169.392
G1 F1781.2 X82.44 Y172.684 E427.86892
G0 F15000 X81.874 Y172.684
G1 F1781.2 X85.732 Y168.827 E427.97779
G0 F15000 X85.732 Y168.261
G1 F1781.2 X81.309 Y172.684 E428.10262
G0 F15000 X81.097 Y172.33
G1 F1781.2 X85.732 Y167.695 E428.23342
G0 F15000 X85.732 Y167.13
G1 F1781.2 X81.097 Y171.765 E428.36423
G0 F15000 X81.097 Y171.199
G1 F1781.2 X85.732 Y166.564 E428.49504
G0 F15000 X85.732 Y165.998
G1 F1781.2 X81.097 Y170.633 E428.62585
G0 F15000 X81.097 Y170.068
G1 F1781.2 X85.732 Y165.433 E428.75666
G0 F15000 X85.732 Y164.867
G1 F1781.2 X81.097 Y169.502 E428.88747
G0 F15000 X81.097 Y168.936
G1 F1781.2 X85.732 Y164.301 E429.01828
G0 F15000 X85.732 Y163.736
G1 F1781.2 X81.097 Y168.371 E429.14909
G0 F15000 X81.097 Y167.805
G1 F1781.2 X85.732 Y163.17 E429.2799
G0 F15000 X85.732 Y162.604
G1 F1781.2 X81.097 Y167.239 E429.41071
G0 F15000 X81.097 Y166.674
G1 F1781.2 X85.732 Y162.038 E429.54154
G0 F15000 X85.732 Y161.473
G1 F1781.2 X81.097 Y166.108 E429.67235
G0 F15000 X81.097 Y165.542
G1 F1781.2 X85.732 Y160.907 E429.80316
G0 F15000 X85.269 Y160.804
G1 F1781.2 X81.097 Y164.976 E429.9209
G0 F15000 X81.097 Y164.411
G1 F1781.2 X84.704 Y160.804 E430.0227
G0 F15000 X84.138 Y160.804
G1 F1781.2 X81.097 Y163.845 E430.10852
G0 F15000 X81.097 Y163.279
G1 F1781.2 X83.572 Y160.804 E430.17837
G0 F15000 X83.007 Y160.804
G1 F1781.2 X81.097 Y162.714 E430.23227
G0 F15000 X81.097 Y162.148
G1 F1781.2 X82.441 Y160.804 E430.2702
G0 F15000 X81.875 Y160.804
G1 F1781.2 X81.097 Y161.582 E430.29216
G0 F15000 X81.097 Y161.017
G1 F1781.2 X81.31 Y160.804 E430.29817
;MESH:NONMESH
G0 F300 X81.31 Y160.804 Z11
G0 F15000 X81.31 Y160.344
G0 X86.12 Y160.416
G0 X86.224 Y173.244
;TIME_ELAPSED:1209.668020
;LAYER:90
;note -- min layer time used
;TYPE:WALL-INNER
;MESH:WheelAdapter_v11.stl
G1 F1762.8 X86.224 Y160.244 E430.5576
G1 X80.608 Y160.244 E430.66967
G1 X80.608 Y173.244 E430.9291
G1 X86.224 Y173.244 E431.04118
G0 F15000 X86.624 Y173.644
G1 F1762.8 X86.624 Y159.844 E431.31657
G1 X80.208 Y159.844 E431.44461
G1 X80.208 Y173.644 E431.72
G1 X86.624 Y173.644 E431.84804
G0 F15000 X87.024 Y174.044
;TYPE:WALL-OUTER
G1 F1762.8 X87.024 Y159.444 E432.1394
G1 X79.808 Y159.444 E432.2834
G1 X79.808 Y174.044 E432.57476
G1 X87.024 Y174.044 E432.71877
G0 F15000 X86.744 Y173.764
G0 X86.124 Y172.884
G0 X85.864 Y172.884
;TYPE:SKIN
G1 F1762.8 X80.968 Y172.884 E432.81647
G1 X80.968 Y160.604 E433.06153
G1 X85.864 Y160.604 E433.15924
G1 X85.864 Y172.884 E433.4043
G0 F15000 X86.124 Y172.884
G0 X80.78 Y173.072
G0 X80.708 Y172.243
G0 X81.167 Y172.243
G1 F1762.8 X81.609 Y172.684 E433.41676
G0 F15000 X82.174 Y172.684
G1 F1762.8 X81.167 Y171.677 E433.44518
G0 F15000 X81.167 Y171.111
G1 F1762.8 X82.74 Y172.684 E433.48957
G0 F15000 X83.306 Y172.684
G1 F1762.8 X81.167 Y170.546 E433.54992
G0 F15000 X81.167 Y169.98
G1 F1762.8 X83.871 Y172.684 E433.62624
G0 F15000 X84.437 Y172.684
G1 F1762.8 X81.167 Y169.414 E433.71852
G0 F15000 X81.167 Y168.849
G1 F1762.8 X85.003 Y172.684 E433.82677
G0 F15000 X85.568 Y172.684
G1 F1762.8 X81.167 Y168.283 E433.95097
G0 F15000 X81.167 Y167.717
G1 F1762.8 X85.665 Y172.214 E434.0779
G0 F15000 X85.665 Y171.649
G1 F1762.8 X81.167 Y167.152 E434.20483
G0 F15000 X81.167 Y166.586
G1 F1762.8 X85.665 Y171.083 E434.33176
G0 F15000 X85.665 Y170.517
G1 F1762.8 X81.167 Y166.02 E434.45869
G0 F15000 X81.167 Y165.455
G1 F1762.8 X85.665 Y169.952 E434.58562
G0 F15000 X85.665 Y169.386
G1 F1762.8 X81.167 Y164.889 E434.71255
G0 F15000 X81.167 Y164.323
G1 F1762.8 X85.665 Y168.82 E434.83948
G0 F15000 X85.665 Y168.255
G1 F1762.8 X81.167 Y163.757 E434.96642
G0 F15000 X81.167 Y163.192
G1 F1762.8 X85.665 Y167.689 E435.09335
G0 F15000 X85.665 Y167.123
G1 F1762.8 X81.167 Y162.626 E435.22028
G0 F15000 X81.167 Y162.06
G1 F1762.8 X85.665 Y166.558 E435.34722
G0 F15000 X85.665 Y165.992
G1 F1762.8 X81.167 Y161.495 E435.47415
G0 F15000 X81.167 Y160.929
G1 F1762.8 X85.665 Y165.426 E435.60108
G0 F15000 X85.665 Y164.861
G1 F1762.8 X81.608 Y160.804 E435.71558
G0 F15000 X82.174 Y160.804
G1 F1762.8 X85.665 Y164.295 E435.8141
G0 F15000 X85.665 Y163.729
G1 F1762.8 X82.739 Y160.804 E435.89667
G0 F15000 X83.305 Y160.804
G1 F1762.8 X85.665 Y163.163 E435.96326
G0 F15000 X85.665 Y162.598
G1 F1762.8 X83.871 Y160.804 E436.01389
G0 F15000 X84.436 Y160.804
G1 F1762.8 X85.665 Y162.032 E436.04856
G0 F15000 X85.665 Y161.466
G1 F1762.8 X85.002 Y160.804 E436.06725
G0 F15000 X85.568 Y160.804
G1 F1762.8 X85.665 Y160.901 E436.06999
;MESH:NONMESH
G0 F300 X85.665 Y160.901 Z11.12
G0 F15000 X86.124 Y160.901
G0 X86.152 Y173.244
;TIME_ELAPSED:1223.528934
;LAYER:91
;note -- min layer time used
;TYPE:WALL-INNER
;MESH:WheelAdapter_v11.stl
G1 F1725.3 X86.152 Y160.244 E436.32942
G1 X80.676 Y160.244 E436.4387
G1 X80.676 Y173.244 E436.69813
G1 X86.152 Y173.244 E436.80741
G0 F15000 X86.552 Y173.644
G1 F1725.3 X86.552 Y159.844 E437.0828
G1 X80.276 Y159.844 E437.20805
G1 X80.276 Y173.644 E437.48344
G1 X86.552 Y173.644 E437.60869
G0 F15000 X86.952 Y174.044
;TYPE:WALL-OUTER
G1 F1725.3 X86.952 Y159.444 E437.90004
G1 X79.876 Y159.444 E438.04125
G1 X79.876 Y174.044 E438.33261
G1 X86.952 Y174.044 E438.47382
G0 F15000 X86.675 Y173.764
G0 X86.052 Y172.884
G0 X85.792 Y172.884
;TYPE:SKIN
G1 F1725.3 X81.036 Y172.884 E438.56873
G1 X81.036 Y160.604 E438.81379
G1 X85.792 Y160.604 E438.9087
G1 X85.792 Y172.884 E439.15377
G0 F15000 X85.592 Y172.361
G1 F1725.3 X85.268 Y172.685 E439.16291
G0 F15000 X84.702 Y172.685
G1 F1725.3 X85.592 Y171.795 E439.18803
G0 F15000 X85.592 Y171.229
G1 F1725.3 X84.137 Y172.685 E439.2291
G0 F15000 X83.571 Y172.685
G1 F1725.3 X85.592 Y170.664 E439.28614
G0 F15000 X85.592 Y170.098
G1 F1725.3 X83.005 Y172.685 E439.35915
G0 F15000 X82.439 Y172.685
G1 F1725.3 X85.592 Y169.532 E439.44814
G0 F15000 X85.592 Y168.967
G1 F1725.3 X81.874 Y172.685 E439.55307
G0 F15000 X81.308 Y172.685
G1 F1725.3 X85.592 Y168.401 E439.67397
G0 F15000 X85.592 Y167.835
G1 F1725.3 X81.236 Y172.191 E439.79691
G0 F15000 X81.236 Y171.625
G1 F1725.3 X85.592 Y167.27 E439.91983
G0 F15000 X85.592 Y166.704
G1 F1725.3 X81.236 Y171.06 E440.04276
G0 F15000 X81.236 Y170.494
G1 F1725.3 X85.592 Y166.138 E440.1657
G0 F15000 X85.592 Y165.573
G1 F1725.3 X81.236 Y169.928 E440.28862
G0 F15000 X81.236 Y169.363
G1 F1725.3 X85.592 Y165.007 E440.41156
G0 F15000 X85.592 Y164.441
G1 F1725.3 X81.236 Y168.797 E440.53449
G0 F15000 X81.236 Y168.231
G1 F1725.3 X85.592 Y163.876 E440.65741
G0 F15000 X85.592 Y163.31
G1 F1725.3 X81.236 Y167.666 E440.78035
G0 F15000 X81.236 Y167.1
G1 F1725.3 X85.592 Y162.744 E440.90329
G0 F15000 X85.592 Y162.178
G1 F1725.3 X81.236 Y166.534 E441.02622
G0 F15000 X81.236 Y165.969
G1 F1725.3 X85.592 Y161.613 E441.14916
G0 F15000 X85.592 Y161.047
G1 F1725.3 X81.236 Y165.403 E441.27209
G0 F15000 X81.236 Y164.837
G1 F1725.3 X85.269 Y160.804 E441.38591
G0 F15000 X84.704 Y160.804
G1 F1725.3 X81.236 Y164.272 E441.48379
G0 F15000 X81.236 Y163.706
G1 F1725.3 X84.138 Y160.804 E441.56569
G0 F15000 X83.572 Y160.804
G1 F1725.3 X81.236 Y163.14 E441.63161
G0 F15000 X81.236 Y162.574
G1 F1725.3 X83.007 Y160.804 E441.68158
G0 F15000 X82.441 Y160.804
G1 F1725.3 X81.236 Y162.009 E441.71559
G0 F15000 X81.236 Y161.443
G1 F1725.3 X81.875 Y160.804 E441.73362
G0 F15000 X81.31 Y160.804
G1 F1725.3 X81.236 Y160.877 E441.7357
;MESH:NONMESH
G0 F300 X81.236 Y160.877 Z11.24
G0 F15000 X80.776 Y160.877
G0 X80.848 Y173.072
G0 X86.084 Y173.244
;TIME_ELAPSED:1237.278455
;LAYER:92
;note -- min layer time used
;TYPE:WALL-INNER
;MESH:WheelAdapter_v11.stl
G1 F1698.5 X86.084 Y160.244 E441.99513
G1 X80.744 Y160.244 E442.10169
G1 X80.744 Y173.244 E442.36112
G1 X86.084 Y173.244 E442.46769
G0 F15000 X86.484 Y173.644
G1 F1698.5 X86.484 Y159.844 E442.74308
G1 X80.344 Y159.844 E442.86561
G1 X80.344 Y173.644 E443.14101
G1 X86.484 Y173.644 E443.26354
G0 F15000 X86.884 Y174.044
;TYPE:WALL-OUTER
G1 F1698.5 X86.884 Y159.444 E443.55489
G1 X79.944 Y159.444 E443.69339
G1 X79.944 Y174.044 E443.98475
G1 X86.884 Y174.044 E444.12324
G0 F15000 X86.605 Y173.764
G0 X85.984 Y172.884
G0 X85.724 Y172.884
;TYPE:SKIN
G1 F1698.5 X81.104 Y172.884 E444.21544
G1 X81.104 Y160.604 E444.4605
G1 X85.724 Y160.604 E444.5527
G1 X85.724 Y172.884 E444.79776
G0 F15000 X85.984 Y172.884
G0 X80.916 Y173.072
G0 X80.844 Y172.379
G0 X81.304 Y172.379
G1 F1698.5 X81.609 Y172.684 E444.80637
G0 F15000 X82.174 Y172.684
G1 F1698.5 X81.304 Y171.814 E444.83092
G0 F15000 X81.304 Y171.248
G1 F1698.5 X82.74 Y172.684 E444.87145
G0 F15000 X83.306 Y172.684
G1 F1698.5 X81.304 Y170.682 E444.92795
G0 F15000 X81.304 Y170.116
G1 F1698.5 X83.871 Y172.684 E445.00041
G0 F15000 X84.437 Y172.684
G1 F1698.5 X81.304 Y169.551 E445.08883
G0 F15000 X81.304 Y168.985
G1 F1698.5 X85.003 Y172.684 E445.19322
G0 F15000 X85.525 Y172.64
G1 F1698.5 X81.304 Y168.419 E445.31235
G0 F15000 X81.304 Y167.854
G1 F1698.5 X85.525 Y172.074 E445.43146
G0 F15000 X85.525 Y171.509
G1 F1698.5 X81.304 Y167.288 E445.55059
G0 F15000 X81.304 Y166.722
G1 F1698.5 X85.525 Y170.943 E445.66971
G0 F15000 X85.525 Y170.377
G1 F1698.5 X81.304 Y166.157 E445.78882
G0 F15000 X81.304 Y165.591
G1 F1698.5 X85.525 Y169.812 E445.90795
G0 F15000 X85.525 Y169.246
G1 F1698.5 X81.304 Y165.025 E446.02707
G0 F15000 X81.304 Y164.46
G1 F1698.5 X85.525 Y168.68 E446.14619
G0 F15000 X85.525 Y168.115
G1 F1698.5 X81.304 Y163.894 E446.26531
G0 F15000 X81.304 Y163.328
G1 F1698.5 X85.525 Y167.549 E446.38444
G0 F15000 X85.525 Y166.983
G1 F1698.5 X81.304 Y162.763 E446.50355
G0 F15000 X81.304 Y162.197
G1 F1698.5 X85.525 Y166.418 E446.62267
G0 F15000 X85.525 Y165.852
G1 F1698.5 X81.304 Y161.631 E446.7418
G0 F15000 X81.304 Y161.065
G1 F1698.5 X85.525 Y165.286 E446.86093
G0 F15000 X85.525 Y164.721
G1 F1698.5 X81.608 Y160.804 E446.97147
G0 F15000 X82.174 Y160.804
G1 F1698.5 X85.525 Y164.155 E447.06604
G0 F15000 X85.525 Y163.589
G1 F1698.5 X82.739 Y160.804 E447.14466
G0 F15000 X83.305 Y160.804
G1 F1698.5 X85.525 Y163.023 E447.2073
G0 F15000 X85.525 Y162.458
G1 F1698.5 X83.871 Y160.804 E447.25398
G0 F15000 X84.436 Y160.804
G1 F1698.5 X85.525 Y161.892 E447.2847
G0 F15000 X85.525 Y161.326
G1 F1698.5 X85.002 Y160.804 E447.29944
;MESH:NONMESH
G0 F300 X85.002 Y160.804 Z11.36
G0 F15000 X85.002 Y160.344
G0 X85.912 Y160.416
G0 X86.016 Y173.244
;TIME_ELAPSED:1251.046472
;LAYER:93
;note -- min layer time used
;TYPE:WALL-INNER
;MESH:WheelAdapter_v11.stl
G1 F1661.6 X86.016 Y160.244 E447.55887
G1 X80.816 Y160.244 E447.66264
G1 X80.816 Y173.244 E447.92207
G1 X86.016 Y173.244 E448.02584
G0 F15000 X86.416 Y173.644
G1 F1661.6 X86.416 Y159.844 E448.30124
G1 X80.416 Y159.844 E448.42097
G1 X80.416 Y173.644 E448.69637
G1 X86.416 Y173.644 E448.8161
G0 F15000 X86.816 Y174.044
;TYPE:WALL-OUTER
G1 F1661.6 X86.816 Y159.444 E449.10746
G1 X80.016 Y159.444 E449.24316
G1 X80.016 Y174.044 E449.53452
G1 X86.816 Y174.044 E449.67022
G0 F15000 X86.536 Y173.764
G0 X85.916 Y172.884
G0 X85.656 Y172.884
;TYPE:SKIN
G1 F1661.6 X81.176 Y172.884 E449.75963
G1 X81.176 Y160.604 E450.00469
G1 X85.656 Y160.604 E450.09409
G1 X85.656 Y172.884 E450.33915
G0 F15000 X85.456 Y172.497
G1 F1661.6 X85.268 Y172.685 E450.34446
G0 F15000 X84.702 Y172.685
G1 F1661.6 X85.456 Y171.931 E450.36574
G0 F15000 X85.456 Y171.365
G1 F1661.6 X84.137 Y172.685 E450.40298
G0 F15000 X83.571 Y172.685
G1 F1661.6 X85.456 Y170.8 E450.45618
G0 F15000 X85.456 Y170.234
G1 F1661.6 X83.005 Y172.685 E450.52535
G0 F15000 X82.439 Y172.685
G1 F1661.6 X85.456 Y169.668 E450.61049
G0 F15000 X85.456 Y169.102
G1 F1661.6 X81.874 Y172.685 E450.7116
G0 F15000 X81.376 Y172.617
G1 F1661.6 X85.456 Y168.537 E450.82675
G0 F15000 X85.456 Y167.971
G1 F1661.6 X81.376 Y172.051 E450.94189
G0 F15000 X81.376 Y171.485
G1 F1661.6 X85.456 Y167.405 E451.05704
G0 F15000 X85.456 Y166.84
G1 F1661.6 X81.376 Y170.92 E451.17219
G0 F15000 X81.376 Y170.354
G1 F1661.6 X85.456 Y166.274 E451.28733
G0 F15000 X85.456 Y165.708
G1 F1661.6 X81.376 Y169.788 E451.40248
G0 F15000 X81.376 Y169.223
G1 F1661.6 X85.456 Y165.143 E451.51763
G0 F15000 X85.456 Y164.577
G1 F1661.6 X81.376 Y168.657 E451.63277
G0 F15000 X81.376 Y168.091
G1 F1661.6 X85.456 Y164.011 E451.74792
G0 F15000 X85.456 Y163.446
G1 F1661.6 X81.376 Y167.526 E451.86306
G0 F15000 X81.376 Y166.96
G1 F1661.6 X85.456 Y162.88 E451.97821
G0 F15000 X85.456 Y162.314
G1 F1661.6 X81.376 Y166.394 E452.09336
G0 F15000 X81.376 Y165.829
G1 F1661.6 X85.456 Y161.749 E452.2085
G0 F15000 X85.456 Y161.183
G1 F1661.6 X81.376 Y165.263 E452.32365
G0 F15000 X81.376 Y164.697
G1 F1661.6 X85.269 Y160.804 E452.43352
G0 F15000 X84.704 Y160.804
G1 F1661.6 X81.376 Y164.132 E452.52744
G0 F15000 X81.376 Y163.566
G1 F1661.6 X84.138 Y160.804 E452.60539
G0 F15000 X83.572 Y160.804
G1 F1661.6 X81.376 Y163 E452.66737
G0 F15000 X81.376 Y162.434
G1 F1661.6 X83.007 Y160.804 E452.71338
G0 F15000 X82.441 Y160.804
G1 F1661.6 X81.376 Y161.869 E452.74344
G0 F15000 X81.376 Y161.303
G1 F1661.6 X81.875 Y160.804 E452.75752
;MESH:NONMESH
G0 F300 X81.875 Y160.804 Z11.48
G0 F15000 X81.875 Y160.344
G0 X85.844 Y160.416
G0 X85.944 Y173.244
;TIME_ELAPSED:1264.621759
;LAYER:94
;note -- min layer time used
;TYPE:WALL-INNER
;MESH:WheelAdapter_v11.stl
G1 F1633.7 X85.944 Y160.244 E453.01695
G1 X80.884 Y160.244 E453.11793
G1 X80.884 Y173.244 E453.37736
G1 X85.944 Y173.244 E453.47834
G0 F15000 X86.344 Y173.644
G1 F1633.7 X86.344 Y159.844 E453.75373
G1 X80.484 Y159.844 E453.87067
G1 X80.484 Y173.644 E454.14607
G1 X86.344 Y173.644 E454.26301
G0 F15000 X86.744 Y174.044
;TYPE:WALL-OUTER
G1 F1633.7 X86.744 Y159.444 E454.55437
G1 X80.084 Y159.444 E454.68728
G1 X80.084 Y174.044 E454.97864
G1 X86.744 Y174.044 E455.11154
G0 F15000 X86.467 Y173.764
G0 X85.844 Y172.884
G0 X85.584 Y172.884
;TYPE:SKIN
G1 F1633.7 X81.244 Y172.884 E455.19815
G1 X81.244 Y160.604 E455.44321
G1 X85.584 Y160.604 E455.52982
G1 X85.584 Y172.884 E455.77488
G0 F15000 X85.844 Y172.884
G0 X81.056 Y173.072
G0 X80.984 Y172.519
G0 X81.444 Y172.519
G1 F1633.7 X81.609 Y172.684 E455.77954
G0 F15000 X82.174 Y172.684
G1 F1633.7 X81.444 Y171.954 E455.80014
G0 F15000 X81.444 Y171.388
G1 F1633.7 X82.74 Y172.684 E455.83672
G0 F15000 X83.306 Y172.684
G1 F1633.7 X81.444 Y170.822 E455.88927
G0 F15000 X81.444 Y170.256
G1 F1633.7 X83.871 Y172.684 E455.95778
G0 F15000 X84.437 Y172.684
G1 F1633.7 X81.444 Y169.691 E456.04225
G0 F15000 X81.444 Y169.125
G1 F1633.7 X85.003 Y172.684 E456.14269
G0 F15000 X85.385 Y172.5
G1 F1633.7 X81.444 Y168.559 E456.25391
G0 F15000 X81.444 Y167.994
G1 F1633.7 X85.385 Y171.934 E456.36512
G0 F15000 X85.385 Y171.369
G1 F1633.7 X81.444 Y167.428 E456.47634
G0 F15000 X81.444 Y166.862
G1 F1633.7 X85.385 Y170.803 E456.58757
G0 F15000 X85.385 Y170.237
G1 F1633.7 X81.444 Y166.297 E456.69878
G0 F15000 X81.444 Y165.731
G1 F1633.7 X85.385 Y169.672 E456.81
G0 F15000 X85.385 Y169.106
G1 F1633.7 X81.444 Y165.165 E456.92122
G0 F15000 X81.444 Y164.6
G1 F1633.7 X85.385 Y168.54 E457.03243
G0 F15000 X85.385 Y167.975
G1 F1633.7 X81.444 Y164.034 E457.14366
G0 F15000 X81.444 Y163.468
G1 F1633.7 X85.385 Y167.409 E457.25488
G0 F15000 X85.385 Y166.843
G1 F1633.7 X81.444 Y162.903 E457.36609
G0 F15000 X81.444 Y162.337
G1 F1633.7 X85.385 Y166.278 E457.47731
G0 F15000 X85.385 Y165.712
G1 F1633.7 X81.444 Y161.771 E457.58854
G0 F15000 X81.444 Y161.205
G1 F1633.7 X85.385 Y165.146 E457.69976
G0 F15000 X85.385 Y164.581
G1 F1633.7 X81.608 Y160.804 E457.80636
G0 F15000 X82.174 Y160.804
G1 F1633.7 X85.385 Y164.015 E457.89698
G0 F15000 X85.385 Y163.449
G1 F1633.7 X82.739 Y160.804 E457.97164
G0 F15000 X83.305 Y160.804
G1 F1633.7 X85.385 Y162.883 E458.03033
G0 F15000 X85.385 Y162.318
G1 F1633.7 X83.871 Y160.804 E458.07306
G0 F15000 X84.436 Y160.804
G1 F1633.7 X85.385 Y161.752 E458.09982
G0 F15000 X85.385 Y161.186
G1 F1633.7 X85.002 Y160.804 E458.11062
;MESH:NONMESH
G0 F300 X85.002 Y160.804 Z11.6
G0 F15000 X85.002 Y160.344
G0 X85.772 Y160.416
G0 X85.876 Y173.244
;TIME_ELAPSED:1278.276648
;LAYER:95
;note -- min layer time used
;TYPE:WALL-INNER
;MESH:WheelAdapter_v11.stl
G1 F1597.9 X85.876 Y160.244 E458.37005
G1 X80.952 Y160.244 E458.46831
G1 X80.952 Y173.244 E458.72774
G1 X85.876 Y173.244 E458.82601
G0 F15000 X86.276 Y173.644
G1 F1597.9 X86.276 Y159.844 E459.1014
G1 X80.552 Y159.844 E459.21563
G1 X80.552 Y173.644 E459.49102
G1 X86.276 Y173.644 E459.60525
G0 F15000 X86.676 Y174.044
;TYPE:WALL-OUTER
G1 F1597.9 X86.676 Y159.444 E459.89661
G1 X80.152 Y159.444 E460.0268
G1 X80.152 Y174.044 E460.31816
G1 X86.676 Y174.044 E460.44835
G0 F15000 X86.397 Y173.764
G0 X85.776 Y172.884
G0 X85.516 Y172.884
;TYPE:SKIN
G1 F1597.9 X81.312 Y172.884 E460.53225
G1 X81.312 Y160.604 E460.77731
G1 X85.516 Y160.604 E460.86121
G1 X85.516 Y172.884 E461.10627
G0 F15000 X85.316 Y172.071
G1 F1597.9 X84.702 Y172.685 E461.1236
G0 F15000 X84.137 Y172.685
G1 F1597.9 X85.316 Y171.505 E461.15688
G0 F15000 X85.316 Y170.94
G1 F1597.9 X83.571 Y172.685 E461.20613
G0 F15000 X83.005 Y172.685
G1 F1597.9 X85.316 Y170.374 E461.27135
G0 F15000 X85.316 Y169.808
G1 F1597.9 X82.439 Y172.685 E461.35255
G0 F15000 X81.874 Y172.685
G1 F1597.9 X85.316 Y169.242 E461.4497
G0 F15000 X85.316 Y168.677
G1 F1597.9 X81.512 Y172.48 E461.55705
G0 F15000 X81.512 Y171.915
G1 F1597.9 X85.316 Y168.111 E461.6644
G0 F15000 X85.316 Y167.545
G1 F1597.9 X81.512 Y171.349 E461.77176
G0 F15000 X81.512 Y170.783
G1 F1597.9 X85.316 Y166.98 E461.8791
G0 F15000 X85.316 Y166.414
G1 F1597.9 X81.512 Y170.218 E461.98646
G0 F15000 X81.512 Y169.652
G1 F1597.9 X85.316 Y165.848 E462.09382
G0 F15000 X85.316 Y165.283
G1 F1597.9 X81.512 Y169.086 E462.20116
G0 F15000 X81.512 Y168.521
G1 F1597.9 X85.316 Y164.717 E462.30852
G0 F15000 X85.316 Y164.151
G1 F1597.9 X81.512 Y167.955 E462.41587
G0 F15000 X81.512 Y167.389
G1 F1597.9 X85.316 Y163.586 E462.52322
G0 F15000 X85.316 Y163.02
G1 F1597.9 X81.512 Y166.823 E462.63056
G0 F15000 X81.512 Y166.258
G1 F1597.9 X85.316 Y162.454 E462.73792
G0 F15000 X85.316 Y161.889
G1 F1597.9 X81.512 Y165.692 E462.84526
G0 F15000 X81.512 Y165.126
G1 F1597.9 X85.316 Y161.323 E462.9526
G0 F15000 X85.269 Y160.804
G1 F1597.9 X81.512 Y164.561 E463.05863
G0 F15000 X81.512 Y163.995
G1 F1597.9 X84.704 Y160.804 E463.1487
G0 F15000 X84.138 Y160.804
G1 F1597.9 X81.512 Y163.429 E463.2228
G0 F15000 X81.512 Y162.864
G1 F1597.9 X83.572 Y160.804 E463.28094
G0 F15000 X83.007 Y160.804
G1 F1597.9 X81.512 Y162.298 E463.32312
G0 F15000 X81.512 Y161.732
G1 F1597.9 X82.441 Y160.804 E463.34932
G0 F15000 X81.875 Y160.804
G1 F1597.9 X81.512 Y161.167 E463.35957
;MESH:NONMESH
G0 F300 X81.512 Y161.167 Z11.72
G0 F15000 X81.052 Y161.167
G0 X81.124 Y173.072
G0 X85.808 Y173.244
;TIME_ELAPSED:1291.721461
;LAYER:96
;note -- min layer time used
;TYPE:WALL-INNER
;MESH:WheelAdapter_v11.stl
G1 F1569.7 X85.808 Y160.244 E463.619
G1 X81.024 Y160.244 E463.71447
G1 X81.024 Y173.244 E463.97389
G1 X85.808 Y173.244 E464.06936
G0 F15000 X86.208 Y173.644
G1 F1569.7 X86.208 Y159.844 E464.34476
G1 X80.624 Y159.844 E464.45619
G1 X80.624 Y173.644 E464.73159
G1 X86.208 Y173.644 E464.84302
G0 F15000 X86.608 Y174.044
;TYPE:WALL-OUTER
G1 F1569.7 X86.608 Y159.444 E465.13438
G1 X80.224 Y159.444 E465.26178
G1 X80.224 Y174.044 E465.55314
G1 X86.608 Y174.044 E465.68054
G0 F15000 X86.328 Y173.764
G0 X85.708 Y172.884
G0 X85.448 Y172.884
;TYPE:SKIN
G1 F1569.7 X81.384 Y172.884 E465.76164
G1 X81.384 Y160.604 E466.0067
G1 X85.448 Y160.604 E466.0878
G1 X85.448 Y172.884 E466.33286
G0 F15000 X85.708 Y172.884
G0 X81.196 Y173.072
G0 X81.124 Y172.094
G0 X81.584 Y172.094
G1 F1569.7 X82.174 Y172.684 E466.34951
G0 F15000 X82.74 Y172.684
G1 F1569.7 X81.584 Y171.528 E466.38214
G0 F15000 X81.584 Y170.962
G1 F1569.7 X83.306 Y172.684 E466.43074
G0 F15000 X83.871 Y172.684
G1 F1569.7 X81.584 Y170.396 E466.4953
G0 F15000 X81.584 Y169.831
G1 F1569.7 X84.437 Y172.684 E466.57581
G0 F15000 X85.003 Y172.684
G1 F1569.7 X81.584 Y169.265 E466.6723
G0 F15000 X81.584 Y168.699
G1 F1569.7 X85.248 Y172.364 E466.77572
G0 F15000 X85.248 Y171.798
G1 F1569.7 X81.584 Y168.134 E466.87913
G0 F15000 X81.584 Y167.568
G1 F1569.7 X85.248 Y171.232 E466.98254
G0 F15000 X85.248 Y170.667
G1 F1569.7 X81.584 Y167.002 E467.08596
G0 F15000 X81.584 Y166.437
G1 F1569.7 X85.248 Y170.101 E467.18936
G0 F15000 X85.248 Y169.535
G1 F1569.7 X81.584 Y165.871 E467.29277
G0 F15000 X81.584 Y165.305
G1 F1569.7 X85.248 Y168.97 E467.39619
G0 F15000 X85.248 Y168.404
G1 F1569.7 X81.584 Y164.74 E467.4996
G0 F15000 X81.584 Y164.174
G1 F1569.7 X85.248 Y167.838 E467.603
G0 F15000 X85.248 Y167.272
G1 F1569.7 X81.584 Y163.608 E467.70641
G0 F15000 X81.584 Y163.043
G1 F1569.7 X85.248 Y166.707 E467.80981
G0 F15000 X85.248 Y166.141
G1 F1569.7 X81.584 Y162.477 E467.91322
G0 F15000 X81.584 Y161.911
G1 F1569.7 X85.248 Y165.575 E468.01663
G0 F15000 X85.248 Y165.01
G1 F1569.7 X81.584 Y161.346 E468.12003
G0 F15000 X81.608 Y160.804
G1 F1569.7 X85.248 Y164.444 E468.22276
G0 F15000 X85.248 Y163.878
G1 F1569.7 X82.174 Y160.804 E468.30951
G0 F15000 X82.739 Y160.804
G1 F1569.7 X85.248 Y163.313 E468.38032
G0 F15000 X85.248 Y162.747
G1 F1569.7 X83.305 Y160.804 E468.43516
G0 F15000 X83.871 Y160.804
G1 F1569.7 X85.248 Y162.181 E468.47402
G0 F15000 X85.248 Y161.616
G1 F1569.7 X84.436 Y160.804 E468.49694
G0 F15000 X85.002 Y160.804
G1 F1569.7 X85.248 Y161.05 E468.50388
;TIME_ELAPSED:1304.795755
G1 F1500 E462.00388
M140 S0
M107
G91 ;Relative positioning
G1 E-2 F2700 ;Retract a bit
G1 E-2 Z0.2 F2400 ;Retract and raise Z
G1 X5 Y5 F3000 ;Wipe out
G1 Z10 ;Raise Z more
G90 ;Absolute positioning

G1 X0 Y235.0 ;Present print
M106 S0 ;Turn-off fan
M104 S0 ;Turn-off hotend
M140 S0 ;Turn-off bed

M84 X Y E ;Disable all steppers but Z

M82 ;absolute extrusion mode
M104 S0
;End of Gcode
;SETTING_3 {"global_quality": "[general]\\nversion = 4\\nname = SuperQualityCust
;SETTING_3 om\\ndefinition = creality_ender3pro\\n\\n[metadata]\\ntype = quality
;SETTING_3 _changes\\nquality_type = super\\nsetting_version = 25\\n\\n[values]\
;SETTING_3 \nadhesion_type = skirt\\nlayer_height_0 = 0.2\\nmaterial_bed_tempera
;SETTING_3 ture = 60\\nmaterial_bed_temperature_layer_0 = 55\\nsupport_enable = 
;SETTING_3 True\\nsupport_structure = tree\\nsupport_type = everywhere\\n\\n", "
;SETTING_3 extruder_quality": ["[general]\\nversion = 4\\nname = SuperQualityCus
;SETTING_3 tom\\ndefinition = creality_ender3pro\\n\\n[metadata]\\ntype = qualit
;SETTING_3 y_changes\\nquality_type = super\\nintent_category = default\\npositi
;SETTING_3 on = 0\\nsetting_version = 25\\n\\n[values]\\ninfill_sparse_density =
;SETTING_3  15\\nmaterial_print_temperature = 205\\nspeed_print = 100\\nsupport_
;SETTING_3 angle = 70\\nxy_offset_layer_0 = -0.2\\nz_seam_type = sharpest_corner
;SETTING_3 \\n\\n"]}
